PLAYER_ID,PLAYER_NAME,W,GP,year,POSS,TEAM_ABBREVIATION,TEAM_ID,AGE,wide_open_FGM,UnblockedShortMidRangeAccuracy,tight_FG3A_FREQUENCY,AVG_OREB_DIST,REB_PCT,hustle_PCT_BOX_OUTS_REB,TS_PCT,AtRimPctAssisted,LongMidRangeOffReboundedPct,DRIVE_PF_PCT,AVG_SPEED_DEF,open_FG2_PCT,ShortMidRangeFrequency,FGA_40_PLUS,tight_FG2A_FREQUENCY,Period1Fouls2Minutes,three_pt_def_FREQ,FGM_LT_5,D_FG_PCT,Clear_Path_Fouls,NonHeaveArc3FGA,FGA_5_9,ThreePtOffReboundedPct,NonShootingPenaltyNonTakeFouls,wide_open_FG3A,RIGHT_CORNER_3_FGM,very_tight_FGA_FREQUENCY,RA_FGA,very_tight_FG2A_FREQUENCY,post_touch_POST_TOUCH_PTS,Arc3Assists,FGA_15_19,PLUSMINUS,DefThreePtReboundPct,Corner3Accuracy,Loose_Ball_Fouls_Drawn,very_tight_FG3A,Arc3FGM,SecondChanceShotQualityAvg,NonShootingFoulsDrawn,FG3M,Charge_Fouls_Drawn,E_PACE,SecondChanceCorner3Accuracy,Fouls,BACKCOURT_FGM,Corner3FGM,two_pt_def_FG2M,COLLEGE,PULL_UP_FG3A,three_pt_def_FG3M,REB_CHANCE_PCT,PenaltyCorner3FGA,BlockedArc3,AtRimOffReboundedPct,RA_FG_PCT,Fg2aBlocked,two_pt_def_FREQ,Assists,SecondChanceTsPct,3pt_And_1_Free_Throw_Trips,REB,CATCH_SHOOT_FG3_PCT,Fg3Pct,ABOVE_BREAK_3_FGM,PFD,COUNTRY,SecondChanceOffPoss,Corner3Assists,PenaltyOffPossPct,ABOVE_BREAK_3_FGA,PULL_UP_FGM,OffRebounds,Turnovers,REB_CHANCES,FGA_30_34,tight_FG2M,SecondChanceCorner3Frequency,LongMidRangeAssists,hustle_BOX_OUT_PLAYER_TEAM_REBS,Corner3PctBlocked,CATCH_SHOOT_PTS,team_poss,very_tight_FGA,post_touch_POST_TOUCH_FG_PCT,post_touch_TOUCHES,less_6ft_def_FREQ,UnblockedCorner3Accuracy,hustle_CONTESTED_SHOTS,PenaltyFtPoints,OREB,Charge_Fouls,wide_open_FG3M,FGA_10_14,open_FG3M,post_touch_POST_TOUCH_FGM,hustle_CONTESTED_SHOTS_2PT,ITP_FG_PCT,OffTwoPtRebounds,ShotQualityAvg,CATCH_SHOOT_FG3A,Offensive_Fouls_Drawn,DefFGReboundPct,CORNER_3_FG_PCT,ShortMidRangePctBlocked,hustle_CONTESTED_SHOTS_3PT,PenaltyTurnovers,E_OFF_RATING,tight_EFG_PCT,NBA_FANTASY_PTS,post_touch_POST_TOUCH_FOULS_PCT,post_touch_POST_TOUCH_TOV,OffThreePtReboundPct,FGM_PG,POST_TOUCH_FG_PCT,PenaltyAtRimFGA,OREB_PCT,wide_open_FGA_FREQUENCY,FGA_35_39,MID_FG_PCT,FGA_LT_5,PenaltyFg3Pct,FG2A,FGP_10_14,PenaltyArc3Accuracy,DRIVE_FG_PCT,wide_open_EFG_PCT,less_10ft_def_NS_LT_10_PCT,AssistPoints,BlockedAtRim,Travels,Arc3Frequency,PULL_UP_FG_PCT,GamesPlayed,post_touch_POST_TOUCH_PASSES,SecondChanceArc3Accuracy,OREB_CHANCE_DEFER,OpponentPoints,DefArc3ReboundPct,Period2Fouls4Minutes,Period3Fouls3Minutes,DeadBallTurnovers,AVG_REB_DIST,OREB_CHANCE_PCT_ADJ,OffAtRimReboundPct,FG3A,Arc3PctAssisted,SecondChanceAtRimAccuracy,FG3APctBlocked,post_touch_POST_TOUCH_PASSES_PCT,sp_work_DEF_RATING,DRIVE_FT_PCT,LEFT_CORNER_3_FGM,Fg2Pct,UnblockedArc3Accuracy,NS_LT_06_PCT,NonPutbacksAssisted2sPct,DefLongMidRangeReboundPct,CORNER_3_FGM,POST_TOUCHES,DRIVE_PTS_PCT,Avg3ptShotDistance,SecondChanceFtPoints,LostBallOutOfBoundsTurnovers,AST_PTS_CREATED,USG_PCT,open_FG2A_FREQUENCY,PtsUnassisted3s,POINTS,FG3_PCT,SecondChanceAtRimFGM,tight_FG3_PCT,EFG_PCT,ShortMidRangeFGM,Assisted2sPct,NonHeaveArc3FGM,OREB_UNCONTEST,post_touch_POST_TOUCH_FOULS,SecondChanceFG2M,E_TOV_PCT,DRIVE_TOV_PCT,AVG_SEC_PER_TOUCH,BadPassOutOfBoundsTurnovers,FGM_LT_06,SecondChanceFG2A,very_tight_EFG_PCT,DefFTReboundPct,PLAYER_HEIGHT_INCHES,DREB_CONTEST,BlockedLongMidRange,OREB_CHANCES,hustle_OFF_BOXOUTS,Assisted3sPct,PeriodOTFouls5Minutes,AtRimFrequency,TOUCHES,DREB_CONTEST_PCT,PenaltyOffPossExcludingTakeFouls,FTOffRebounds,PLAYER_WEIGHT,DefensiveGoaltends,LostBallSteals,DREB_CHANCE_PCT,Period2Fouls3Minutes,TwoPtShootingFoulsDrawnPct,FGM_25_29,PenaltyEfgPct,ShootingFouls,NonHeaveFg3Pct,SecondChanceFg3Pct,PULL_UP_FGA,SECONDARY_AST,hustle_DEF_LOOSE_BALLS_RECOVERED,hustle_PCT_BOX_OUTS_OFF,PenaltyAtRimFGM,OffCorner3ReboundPct,SecondChanceArc3FGM,DRIVE_TOV,PCT_PLUSMINUS,MID_FGA,LongMidRangeFGM,PAINT_TOUCH_FG_PCT,TM_TOV_PCT,hustle_PCT_LOOSE_BALLS_RECOVERED_OFF,Defensive_3_Seconds_Violations,wide_open_FGA,E_NET_RATING,Usage,BlocksRecoveredPct,tight_FGM,DRIVE_FTM,tight_FG3M,OffArc3ReboundPct,ShootingFoulsDrawnPct,REB_UNCONTEST,PULL_UP_FG3_PCT,hustle_BOX_OUT_PLAYER_REBS,PULL_UP_PTS,OnOffRtg,post_touch_POST_TOUCH_FTA,Blocked3s,post_touch_POST_TOUCH_AST_PCT,StepOutOfBoundsTurnovers,tight_FG_PCT,two_pt_def_FG2A,hustle_PCT_BOX_OUTS_DEF,FtPoints,FGM_30_34,AVG_DRIB_PER_TOUCH,open_FGM,FRONT_CT_TOUCHES,RowId,OffPoss,SecondChanceEfgPct,ThreePtShootingFoulsDrawnPct,hustle_OFF_LOOSE_BALLS_RECOVERED,LongMidRangePctAssisted,EfgPct,wide_open_FG_PCT,PTS_PER_TOUCH,AtRimPctBlocked,PenaltyArc3FGA,ThreePtAssists,tight_FGA_FREQUENCY,PenaltyOffPoss,FGM_40_PLUS,NonHeaveArc3Accuracy,FGM_20_24,PF,less_6ft_def_PLUSMINUS,AVG_SPEED,OnDefRtg,less_6ft_def_NS_LT_06_PCT,BlockedShortMidRange,LiveBallTurnoverPct,PenaltyPointsPct,PenaltyCorner3FGM,wide_open_FG3_PCT,REB_CHANCE_DEFER,SecondChanceCorner3FGM,OffTwoPtReboundPct,E_USG_PCT,Period3Fouls5Minutes,less_10ft_def_PLUSMINUS,OffLongMidRangeReboundPct,RIGHT_CORNER_3_FG_PCT,PenaltyTsPct,OFF_RATING,BlockedCorner3,PtsPutbacks,Technical_Free_Throw_Trips,ShortMidRangeAssists,PULL_UP_FG3M,DRIVE_PASSES_PCT,post_touch_POST_TOUCH_PTS_PCT,UnblockedLongMidRangeAccuracy,two_pt_def_NS_FG2_PCT,PLUS_MINUS,PenaltyAtRimAccuracy,wide_open_FG3A_FREQUENCY,Avg2ptShotDistance,OffensiveGoaltends,hustle_SCREEN_AST_PTS,AST_TO,PenaltyFG2M,SecondChanceFG3A,DefCorner3ReboundPct,DIST_MILES_DEF,Period3Fouls4Minutes,very_tight_FG2_PCT,PenaltyArc3FGM,post_touch_POST_TOUCH_FGA,post_touch_POST_TOUCH_FT_PCT,2pt_And_1_Free_Throw_Trips,NonShootingPenaltyNonTakeFoulsDrawn,PTS_PER_PAINT_TOUCH,DRIVE_PTS,PenaltyPoints,LEFT_CORNER_3_FGA,TOV,PenaltyDefPoss,Blocks,SelfORebPct,FG3APct,FGP_5_9,DD2,DefThreePtRebounds,Steals,DefAtRimReboundPct,PtsAssisted2s,TwoPtShootingFoulsDrawn,DREB_CHANCES,FGP_40_PLUS,MIN,AtRimAccuracy,less_6ft_def_FGM_LT_06,Loose_Ball_Fouls,AtRimFG3AFrequency,AST_PCT,SecondChanceCorner3PctAssisted,SecondsPlayed,AVG_DREB_DIST,OffShortMidRangeReboundPct,EFF_FG_PCT,Corner3FGA,DRIVE_AST,REB_CONTEST_PCT,RIGHT_CORNER_3_FGA,Corner3Frequency,less_6ft_def_FGA_LT_06,CORNER_3_FGA,MID_FGM,very_tight_FGM,RecoveredBlocks,very_tight_FG_PCT,hustle_LOOSE_BALLS_RECOVERED,W_PCT,PenaltyCorner3Accuracy,DRIVE_AST_PCT,AtRimFGM,PtsUnassisted2s,AST_ADJ,ThreeSecondViolations,PAINT_TOUCHES,DefPoss,wide_open_FG2A,FGA_LT_06,STL,post_touch_POST_TOUCH_TOV_PCT,DRAFT_NUMBER,Blocked2s,PTS,TotalPoss,ELBOW_TOUCHES,post_touch_POST_TOUCH_AST,DRIVE_PASSES,BadPassTurnovers,CATCH_SHOOT_FG3M,SecondChanceFG3M,FG2M,Points,open_FG3A_FREQUENCY,FG2APctBlocked,FT_AST,PACE_PER40,ELBOW_TOUCH_FG_PCT,ITP_FGA,PenaltyFG2A,ShortMidRangeAccuracy,FTDefRebounds,SelfOReb,AVG_SPEED_OFF,hustle_PCT_LOOSE_BALLS_RECOVERED_DEF,DREB_CHANCE_PCT_ADJ,AST_TO_PASS_PCT,POTENTIAL_AST,wide_open_FG2A_FREQUENCY,DRAFT_YEAR,DREB,CATCH_SHOOT_FGM,DefTwoPtRebounds,AtRimAssists,OREB_CONTEST,Arc3Accuracy,DREB_CHANCE_DEFER,open_FGA_FREQUENCY,less_10ft_def_FREQ,DIST_FEET,DRAFT_ROUND,SecondChanceArc3Frequency,D_FGA,BACKCOURT_FGA,DefRebounds,LongMidRangeAccuracy,tight_FG2A,FTM,open_EFG_PCT,PenaltyAtRimFrequency,SecondChanceAtRimFrequency,ThreePtShootingFoulsDrawn,FGM,wide_open_FG2_PCT,TIME_OF_POSS,ELBOW_TOUCH_PTS,hustle_CHARGES_DRAWN,FG_PCT,PASSES_RECEIVED,TwoPtAssists,ShortMidRangeFGA,AtRimFGA,ABOVE_BREAK_3_FG_PCT,TeamId,two_pt_def_FG2_PCT,Period2Fouls2Minutes,sp_work_NET_RATING,DRIVE_PF,FGA_25_29,hustle_PCT_BOX_OUTS_TEAM_REB,PenaltyCorner3Frequency,open_FG_PCT,FGM_10_14,very_tight_FG3M,AST_TO_PASS_PCT_ADJ,LiveBallTurnovers,three_pt_def_PLUSMINUS,PASSES_MADE,ShortMidRangePctAssisted,FGM_35_39,Period1Fouls3Minutes,CATCH_SHOOT_EFG_PCT,PACE,post_touch_POST_TOUCH_FTM,DIST_MILES,SecondChanceAtRimFGA,FGA_PG,DefTwoPtReboundPct,PenaltyFG3A,FGA_20_24,hustle_DEFLECTIONS,FTA,hustle_BOX_OUTS,PtsAssisted3s,sp_work_PACE,hustle_DEF_BOXOUTS,Rebounds,BACKCOURT_FG_PCT,DEF_RATING,NET_RATING,DRIVE_FTA,Offensive_Fouls,LEFT_CORNER_3_FG_PCT,SecondChanceCorner3FGA,LongMidRangeFrequency,PenaltyArc3Frequency,open_FG3A,FGP_30_34,FT_PCT,LT_06_PCT,POST_TOUCH_PTS,PTS_PER_POST_TOUCH,OffThreePtRebounds,Arc3FGA,FGP_LT_5,Arc3PctBlocked,very_tight_FG2A,HeaveMakes,PenaltyPointsExcludingTakeFouls,D_FGM,AST,E_DEF_RATING,ShortMidRangeOffReboundedPct,BLK,AST_RATIO,very_tight_FG3_PCT,open_FG2A,PlusMinus,DRIVE_FGA,sp_work_OFF_RATING,less_10ft_def_LT_10_PCT,FirstChancePoints,post_touch_POST_TOUCHES,three_pt_def_FG3A,less_6ft_def_LT_06_PCT,open_FGA,DRIVES,open_FG3_PCT,three_pt_def_FG3_PCT,FGM_5_9,ShortName,DIST_MILES_OFF,CATCH_SHOOT_FG_PCT,PeriodOTFouls4Minutes,DREB_PCT,REB_CONTEST,HeaveAttempts,FoulsDrawn,FGM_15_19,PULL_UP_EFG_PCT,Fg3aBlocked,SecondChanceFg2Pct,NORMAL_FG_PCT,TD3,Minutes,tight_FG2_PCT,Period4Fouls5Minutes,FGP_20_24,CATCH_SHOOT_FGA,PTS_PER_ELBOW_TOUCH,SecondChancePoints,three_pt_def_NS_FG3_PCT,hustle_SCREEN_ASSISTS,PAINT_TOUCH_PTS,DREB_UNCONTEST,Period4Fouls4Minutes,wide_open_FG2M,FGP_15_19,OREB_CHANCE_PCT,open_FG2M,FGA,TsPct,tight_FG3A,UnblockedAtRimAccuracy,Name,FGP_25_29,Corner3PctAssisted,very_tight_FG3A_FREQUENCY,PenaltyFG3M,SecondChanceAtRimPctAssisted,tight_FGA,LongMidRangePctBlocked,PenaltyFg2Pct,SecondChanceArc3PctAssisted,BLKA,SecondChanceArc3FGA,OffFTReboundPct,less_10ft_def_FGM_LT_10,RA_FGM,SecondChanceTurnovers,REB_CHANCE_PCT_ADJ,LongMidRangeFGA,LostBallTurnovers,BadPassSteals,ITP_FGM,FGP_35_39,less_10ft_def_FGA_LT_10,SecondChancePointsPct,OREB_CONTEST_PCT,DRIVE_FGM,DefShortMidRangeReboundPct,OffFGReboundPct,very_tight_FG2M,PenaltyShotQualityAvg,FT_RATE
920,A.C. Green,20,82,1998,5007,DAL,1610612742,34.0,,,,,0.126,,0.496,,,,,,,1.0,,,,92.0,,,,24.0,,,,0.0,,166.0,,,,251.0,,,,,,,,,0,,91.55,,,0.0,,,Oregon State,,,,,,,0.542,,,,,,668,,,0.0,2,USA,,,,4.0,,,,,0.0,,,,,,,,,,,,,,,219,,,63.0,,,,0.237,,,,,,0.0,,,,97.4,,1833.1,,,,3.0,,,0.081,,0.0,0.439,172.0,,,0.302,,,,,,,,,,,,,,,,,,,,,,4,,,,,105.3,,0.0,,,,,,0.0,,,,,,,0.116,,,,0.0,,,0.453,,,,,,,8.5,,,,,,,,81.0,,,,,,,,,,,,225.0,,,,,,0.0,,,,,,,,,,,,,,326.0,,,8.5,,,,-7.3,,,,,,,,,,,,,,,,,,,,,0.0,,,,,,,,,,,,,,,,,,0.0,,4.0,157,,,,,,,,,,,,,0.118,,,,0.0,,98.0,,,,,,,,,,-381,,,,,,1.81,,,,,,,,,,,,,,,0.0,68,,,,,0.292,14,,,,,,,0.0,2645.5066666666667,,,,,0.074,,,,,,,,,0.0,,,0.0,143.0,,,,,0.244,,,,,,,,,,,78,,23,,600,,,,,,,,,,,,,75.81,,38.0,,,,,,,,,,,1985,449,,,,,,,,,,1,,,0.0,,,,116,,,,,242,,,,,0.453,,,,,0.0,,,,-7.3,,2.0,,,,19.0,,,,,,,0.0,,,90.97,,,,6.5,,,21.0,,162,,,90.97,,,0.0,105.3,-7.3,,,0.0,,,,,0.0,0.716,,,,,,0.535,,,,,,123,104.6,,27,15.4,,,,,98.0,,,,,,,,,,7.0,,,,,0.173,,,,120.0,,,,,0,,,,0.19,,,,,,,,,,0.478,,,534,,,,,0.0,,,,,,,,,33,,,,90.0,,,,,,9.0,0.0,,,,,,,,,30.337078651685392
243,Aaron McKie,34,81,1998,3483,PHI,1610612755,25.0,,,,,0.064,,0.41,,,,,,,2.0,,,,49.0,,,,23.0,,,,3.0,,95.0,,,,117.0,,,,,,,,,12,,92.06,,,0.0,,,Temple,,,,,,,0.505,,,,,,231,,,7.0,1,USA,,,,47.0,,,,,0.0,,,,,,,,,,,,,,,58,,,44.0,,,,0.31,,,,,,0.333,,,,98.7,,1137.7,,,,1.7,,,0.032,,0.0,0.361,97.0,,,0.227,,,,,,,,,,,,,,,,,,,,,,63,,,,,96.3,,2.0,,,,,,5.0,,,,,,,0.117,,,,0.19,,,0.381,,,,,,,11.6,,,,,,,,77.0,,,,,,,,,,,,209.0,,,,,,4.0,,,,,,,,,,,,,,194.0,,,11.6,,,,1.5,,,,,,,,,,,,,,,,,,,,,0.0,,,,,,,,,,,,,,,,,,0.0,,24.0,164,,,,,,,,,,,,,0.121,,,,0.375,,98.1,,,,,,,,,,25,,,,,,2.3,,,,,,,,,,,,,,,7.0,76,,,,,0.304,0,,,,,,,0.0,1812.5416666666667,,,,,0.159,,,,,,,,,8.0,,,15.0,70.0,,,,,0.42,,,,,,,,,,,101,,17,,332,,,,,,,,,,,,,77.28,,29.0,,,,,,,,,,,1994,173,,,,,,,,,,1,,,1.0,,,,42,,,,,139,,,,,0.365,,,,,0.149,,,,1.8,,28.0,,,,10.0,,,,,,,0.0,,,92.74,,,,4.7,,,70.0,,55,,,92.74,,,0.0,96.3,1.8,,,0.286,,,,,0.0,0.764,,,,,,0.505,,,,,,175,97.2,,13,26.7,,,,,98.1,,,,,,,,,,7.0,,,,,0.098,,,,45.0,,,,,0,,,,0.343,,,,,,,,,,0.385,,,381,,,,,0.143,,,,,,,,,35,,,,48.0,,,,,,9.0,0.0,,,,,,,,,14.435695538057743
1425,Aaron Williams,49,65,1998,1532,SEA,1610612760,26.0,,,,,0.102,,0.577,,,,,,,0.0,,,,95.0,,,,30.0,,,,0.0,,144.0,,,,18.0,,,,,,,,,0,,95.91,,,,,,Xavier,,,,,,,0.639,,,,,,148,,,0.0,1,USA,,,,1.0,,,,,0.0,,,,,,,,,,,,,,,49,,,19.0,,,,0.306,,,,,,0.0,,,,105.6,,617.6,,,,1.8,,,0.072,,0.0,0.325,152.0,,,0.263,,,,,,,,,,,,,,,,,,,,,,1,,,,,98.3,,0.0,,,,,,0.0,,,,,,,0.179,,,,0.0,,,0.525,,,,,,,15.5,,,,,,,,81.0,,,,,,,,,,,,225.0,,,,,,0.0,,,,,,,,,,,,,,40.0,,,15.4,,,,5.6,,,,,,,,,,,,,,,,,,,,,0.0,,,,,,,,,,,,,,,,,,0.0,,0.0,119,,,,,,,,,,,,,0.186,,,,0.0,,103.5,,,,,,,,,,63,,,,,,0.28,,,,,,,,,,,,,,,0.0,50,,,,,0.2,0,,,,,,,0.0,756.795,,,,,0.029,,,,,,,,,0.0,,,0.0,13.0,,,,,0.754,,,,,,,,,,,19,,Undrafted,,298,,,,,,,,,,,,,81.42,,36.0,,,,,,,,,,,Undrafted,99,,,,,,,,,,Undrafted,,,,,,,66,,,,,116,,,,,0.525,,,,,0.0,,,,5.2,,0.0,,,,5.0,,,,,,,0.0,,,97.71,,,,3.4,,,2.0,,85,,,97.71,,,,98.3,5.2,,,0.0,,,,,0.0,0.776,,,,,,0.625,,,,,,14,99.9,,38,4.3,,,,,103.5,,,,,,,,,,6.0,,,,,0.128,,,,10.0,,,,,0,,,,0.0,,,,,,,,,,0.556,,,221,,,,,0.0,,,,,,,,,25,,,,92.0,,,,,,11.0,0.0,,,,,,,,,38.46153846153846
228,Adam Keefe,61,80,1998,3871,UTA,1610612762,28.0,,,,,0.118,,0.605,,,,,,,0.0,,,,175.0,,,,33.0,,,,0.0,,283.0,,,,59.0,,,,,,,,,0,,91.94,,,0.0,,,Stanford,,,,,,,0.611,,,,,,438,,,0.0,2,USA,,,,0.0,,,,,0.0,,,,,,,,,,,,,,,179,,,27.0,,,,0.436,,,,,,0.0,,,,111.4,,1436.1,,,,2.9,,,0.103,,0.0,0.382,291.0,,,0.407,,,,,,,,,,,,,,,,,,,,,,0,,,,,102.4,,0.0,,,,,,0.0,,,,,,,0.131,,,,0.0,,,0.54,,,,,,,10.6,,,,,,,,81.0,,,,,,,,,,,,230.0,,,,,,0.0,,,,,,,,,,,,,,102.0,,,10.5,,,,9.9,,,,,,,,,,,,,,,,,,,,,0.0,,,,,,,,,,,,,,,,,,0.0,,10.0,172,,,,,,,,,,,,,0.131,,,,0.0,,113.4,,,,,,,,,,428,,,,,,1.25,,,,,,,,,,,,,,,0.0,71,,,,,0.424,5,,,,,,,0.0,2047.0916666666667,,,,,0.063,,,,,,,,,0.0,,,0.0,39.0,,,,,0.763,,,,,,,,,,,52,,10,,620,,,,,,,,,,,,,75.62,,39.0,,,,,,,,,,,1992,259,,,,,,,,,,1,,,0.0,,,,162,,,,,229,,,,,0.54,,,,,0.0,,,,11.0,,0.0,,,,11.0,,,,,,,0.0,,,90.74,,,,5.3,,,14.0,,200,,,90.74,,,0.0,102.4,11.0,,,0.0,,,,,0.0,0.81,,,,,,0.601,,,,,,89,101.5,,24,13.2,,,,,113.4,,,,,,,,,,14.0,,,,,0.131,,,,19.0,,,,,0,,,,0.714,,,,,,,,,,0.322,,,424,,,,,0.0,,,,,,,,,52,,,,173.0,,,,,,17.0,0.0,,,,,,,,,47.16981132075472
1502,Adonal Foyle,9,55,1998,1309,GSW,1610612744,23.0,,,,,0.127,,0.418,,,,,,,0.0,,,,50.0,,,,39.0,,,,0.0,,88.0,,,,7.0,,,,,,,,,0,,94.6,,,0.0,,,Colgate,,,,,,,0.489,,,,,,184,,,0.0,1,St. Vincent & Grenadines,,,,1.0,,,,,,,,,,,,,,,,,,,,73,,,17.0,,,,0.353,,,,,,0.0,,,,88.2,,551.8,,,,1.3,,,0.098,,0.0,0.267,105.0,,,0.235,,,,,,,,,,,,,,,,,,,,,,1,,,,,99.5,,0.0,,,,,,0.0,,,,,,,0.158,,,,0.0,,,0.406,,,,,,,19.1,,,,,,,,82.0,,,,,,,,,,,,250.0,,,,,,0.0,,,,,,,,,,,,,,30.0,,,19.0,,,,-12.1,,,,,,,,,,,,,,,,,,,,,,,,,,,,,,,,,,,,,,,0.0,,0.0,94,,,,,,,,,,,,,0.162,,,,0.0,,86.9,,,,,,,,,,-168,,,,,,0.28,,,,,,,,,,,,,,,0.0,50,,,,,0.359,0,,,,,,,0.0,657.3683333333333,,,,,0.037,,,,,,,,,0.0,,,0.0,8.0,,,,,0.164,,,,,,,,,,,13,,8,,165,,,,,,,,,,,,,79.74,,51.0,,,,,,,,,,,1997,111,,,,,,,,,,1,,,0.0,,,,27,,,,,69,,,,,0.406,,,,,0.0,,,,-12.6,,1.0,,,,4.0,,,,,,,0.0,,,95.69,,,,3.1,,,1.0,,62,,,95.69,,,0.0,99.5,-12.6,,,0.0,,,,,,0.435,,,,,,0.476,,,,,,14,100.4,,52,5.3,,,,,86.9,,,,,,,,,,14.0,,,,,0.157,,,,1.0,,,,,0,,,,0.0,,,,,,,,,,0.143,,,170,,,,,0.0,,,,,,,,,19,,,,43.0,,,,,,18.0,0.0,,,,,,,,,36.470588235294116
154,Adrian Caldwell,1,1,1998,6,DAL,1610612742,31.0,,,,,0.0,,0.0,,,,,,,,,,,0.0,,,,,,,,,,0.0,,,,0.0,,,,,,,,,0,,95.06,,,,,,Lamar,,,,,,,0.0,,,,,,0,,,0.0,0,USA,,,,0.0,,,,,,,,,,,,,,,,,,,,0,,,0.0,,,,,,,,,,,,,,140.0,,0.0,,,,0.0,,,0.0,,0.0,0.0,0.0,,,0.0,,,,,,,,,,,,,,,,,,,,,,0,,,,,116.7,,,,,,,,,,,,,,,0.0,,,,0.0,,,0.0,,,,,,,0.0,,,,,,,,80.0,,,,,,,,,,,,265.0,,,,,,0.0,,,,,,,,,,,,,,0.0,,,0.0,,,,18.5,,,,,,,,,,,,,,,,,,,,,,,,,,,,,,,,,,,,,,,,,,0,,,,,,,,,,,,,0.0,,,,,,116.7,,,,,,,,,,0,,,,,,0.0,,,,,,,,,,,,,,,,0,,,,,,0,,,,,,,,2.716666666666667,,,,,0.0,,,,,,,,,,,,,0.0,,,,,1.0,,,,,,,,,,,0,,Undrafted,,0,,,,,,,,,,,,,88.34,,,,,,,,,,,,,Undrafted,0,,,,,,,,,,Undrafted,,,,,,,0,,,,,0,,,,,0.0,,,,,0.0,,,,0.0,,0.0,,,,0.0,,,,,,,0.0,,,106.01,,,,0.0,,,,,0,,,106.01,,,,116.7,0.0,,,,,,,,,0.0,,,,,,0.0,,,,,,0,121.5,,0,0.0,,,,,116.7,,,,,,,,,,,,,,,0.0,,,,0.0,,,,,0,,,,,,,,,,,,,,0.0,,,0,,,,,0.0,,,,,,,,,0,,,,0.0,,,,,,,0.0,,,,,,,,,
673,Alan Henderson,42,69,1998,3800,ATL,1610612737,25.0,,,,,0.11,,0.534,,,,,,,0.0,,,,228.0,,,,156.0,,,,1.0,,357.0,,,,56.0,,,,,,,,,3,,91.62,,,0.0,,,Indiana,,,,,,,0.622,,,,,,442,,,2.0,1,USA,,,,4.0,,,,,0.0,,,,,,,,,,,,,,,200,,,151.0,,,,0.333,,,,,,0.5,,,,105.1,,1743.9,,,,5.3,,,0.102,,0.0,0.374,381.0,,,0.377,,,,,,,,,,,,,,,,,,,,,,6,,,,,102.8,,0.0,,,,,,1.0,,,,,,,0.231,,,,0.5,,,0.487,,,,,,,9.9,,,,,,,,81.0,,,,,,,,,,,,235.0,,,,,,2.0,,,,,,,,,,,,,,246.0,,,9.9,,,,3.3,,,,,,,,,,,,,,,,,,,,,0.0,,,,,,,,,,,,,,,,,,0.0,,3.0,175,,,,,,,,,,,,,0.235,,,,1.0,,105.4,,,,,,,,,,90,,,,,,0.66,,,,,,,,,,,,,,,1.0,110,,,,,0.359,12,,,,,,,0.0,2006.3433333333328,,,,,0.068,,,,,,,,,1.0,,,2.0,92.0,,,,,0.609,,,,,,,,,,,40,,16,,986,,,,,,,,,,,,,75.85,,144.0,,,,,,,,,,,1995,242,,,,,,,,,,1,,,0.0,,,,253,,,,,365,,,,,0.485,,,,,0.5,,,,2.6,,4.0,,,,57.0,,,,,,,0.0,,,91.02,,,,10.9,,,5.0,,388,,,91.02,,,0.0,102.8,2.6,,,0.0,,,,,0.0,0.652,,,,,,0.598,,,,,,73,101.8,,36,6.6,,,,,105.4,,,,,,,,,,56.0,,,,,0.118,,,,19.0,,,,,0,,,,0.6,,,,,,,,,,0.339,,,753,,,,,0.5,,,,,,,,,77,,,,222.0,,,,,,48.0,0.0,,,,,,,,,51.527224435590966
275,Allan Houston,43,82,1998,5399,NYK,1610612752,27.0,,,,,0.05,,0.53,,,,,,,2.0,,,,152.0,,,,119.0,,,,4.0,,261.0,,,,343.0,,,,,,,,,82,,91.25,,,0.0,,,Tennessee,,,,,,,0.552,,,,,,274,,,65.0,1,USA,,,,172.0,,,,,0.0,,,,,,,,,,,,,,,43,,,212.0,,,,0.394,,,,,,0.425,,,,100.5,,2216.8,,,,7.0,,,0.016,,0.0,0.437,278.0,,,0.392,,,,,,,,,,,,,,,,,,,,,,213,,,,,98.6,,13.0,,,,,,17.0,,,,,,,0.261,,,,0.385,,,0.479,,,,,,,10.9,,,,,,,,78.0,,,,,,,,,,,,200.0,,,,,,37.0,,,,,,,,,,,,,,675.0,,,10.9,,,,2.7,,,,,,,,,,,,,,,,,,,,,0.0,,,,,,,,,,,,,,,,,,0.0,,102.0,207,,,,,,,,,,,,,0.266,,,,0.333,,100.6,,,,,,,,,,129,,,,,,1.06,,,,,,,,,,,,,,,28.0,200,,,,,0.361,1,,,,,,,0.0,2849.353333333333,,,,,0.14,,,,,,,,,12.0,,,40.0,295.0,,,,,0.524,,,,,,,,,,,63,,11,,1509,,,,,,,,,,,,,75.67,,127.0,,,,,,,,,,,1993,231,,,,,,,,,,1,,,2.0,,,,285,,,,,571,,,,,0.447,,,,,0.378,,,,2.1,,99.0,,,,83.0,,,,,,,0.0,,,90.81,,,,15.6,,,224.0,,335,,,90.81,,,0.0,98.6,2.1,,,0.464,,,,,0.0,0.851,,,,,,0.547,,,,,,212,97.8,,24,11.6,,,,,100.6,,,,,,,,,,43.0,,,,,0.084,,,,154.0,,,,,0,,,,0.455,,,,,,,,,,0.449,,,1277,,,,,0.374,,,,,,,,,64,,,,144.0,,,,,,50.0,0.0,,,,,,,,,26.233359436178542
947,Allen Iverson,31,80,1998,6097,PHI,1610612755,23.0,,,,,0.048,,0.535,,,,,,,2.0,,,,312.0,,,,149.0,,,,4.0,,505.0,,,,262.0,,,,,,,,,70,,93.23,,,0.0,,,Georgetown,,,,,,,0.588,,,,,,296,,,59.0,0,USA,,,,214.0,,,,,0.0,,,,,,,,,,,,,,,86,,,157.0,,,,0.387,,,,,,0.579,,,,101.4,,3213.2,,,,8.1,,,0.028,,1.0,0.436,537.0,,,0.389,,,,,,,,,,,,,,,,,,,,,,235,,,,,104.3,,7.0,,,,,,11.0,,,,,,,0.264,,,,0.298,,,0.486,,,,,,,10.3,,,,,,,,72.0,,,,,,,,,,,,165.0,,,,,,48.0,,,,,,,,,,,,,,475.0,,,10.2,,,,-2.8,,,,,,,,,,,,,,,,,,,,,0.0,,,,,,,,,,,,,,,,,,0.0,,55.0,200,,,,,,,,,,,,,0.267,,,,0.667,,102.4,,,,,,,,,,-93,,,,,,2.02,,,,,,,,,,,,,,,13.0,244,,,,,0.383,12,,,,,,,0.0,3152.1966666666667,,,,,0.294,,,,,,,,,6.0,,,19.0,207.0,,,,,0.388,,,,,,,,,,,176,,1,,1758,,,,,,,,,,,,,77.23,,194.0,,,,,,,,,,,1996,210,,,,,,,,,,1,,,0.0,,,,390,,,,,649,,,,,0.461,,,,,0.276,,,,-1.9,,166.0,,,,61.0,,,,,,,0.0,,,92.67,,,,17.6,,,133.0,,535,,,92.67,,,0.0,104.3,-1.9,,,0.538,,,,,0.0,0.729,,,,,,0.581,,,,,,494,104.2,,25,20.7,,,,,102.4,,,,,,,,,,57.0,,,,,0.069,,,,116.0,,,,,0,,,,0.414,,,,,,,,,,0.443,,,1407,,,,,0.289,,,,,,,,,107,,,,297.0,,,,,,75.0,0.0,,,,,,,,,38.024164889836534
297,Alonzo Mourning,39,58,1998,3542,MIA,1610612748,28.0,,,,,0.151,,0.596,,,,,,,0.0,,,,275.0,,,,137.0,,,,0.0,,357.0,,,,76.0,,,,,,,,,0,,88.69,,,0.0,,,Georgetown,,,,,,,0.723,,,,,,559,,,0.0,7,USA,,,,0.0,,,,,0.0,,,,,,,,,,,,,,,194,,,114.0,,,,0.407,,,,,,0.0,,,,107.5,,2196.8,,,,7.0,,,0.108,,0.0,0.372,401.0,,,0.333,,,,,,,,,,,,,,,,,,,,,,0,,,,,96.4,,0.0,,,,,,0.0,,,,,,,0.269,,,,0.0,,,0.551,,,,,,,15.3,,,,,,,,82.0,,,,,,,,,,,,261.0,,,,,,0.0,,,,,,,,,,,,,,199.0,,,15.3,,,,12.0,,,,,,,,,,,,,,,,,,,,,0.0,,,,,,,,,,,,,,,,,,0.0,,1.0,208,,,,,,,,,,,,,0.273,,,,0.0,,108.7,,,,,,,,,,427,,,,,,0.29,,,,,,,,,,,,,,,0.0,179,,,,,0.453,24,,,,,,,0.0,1939.3166666666664,,,,,0.052,,,,,,,,,0.0,,,0.0,74.0,,,,,0.672,,,,,,,,,,,40,,2,,1117,,,,,,,,,,,,,73.13,,177.0,,,,,,,,,,,1992,365,,,,,,,,,,1,,,0.0,,,,309,,,,,404,,,,,0.551,,,,,0.0,,,,12.2,,0.0,,,,38.0,,,,,,,0.0,,,87.75,,,,12.6,,,5.0,,465,,,87.75,,,0.0,96.4,12.2,,,0.0,,,,,0.0,0.665,,,,,,0.686,,,,,,52,95.5,,130,4.4,,,,,108.7,,,,,,,,,,62.0,,,,,0.19,,,,28.0,,,,,0,,,,0.2,,,,,,,,,,0.368,,,733,,,,,0.0,,,,,,,,,58,,,,258.0,,,,,,72.0,0.0,,,,,,,,,63.43792633015007
175,Alton Lister,5,7,1998,81,POR,1610612757,39.0,,,,,0.121,,0.375,,,,,,,0.0,,,,1.0,,,,2.0,,,,0.0,,2.0,,,,3.0,,,,,,,,,0,,91.08,,,0.0,,,Arizona State,,,,,,,0.5,,,,,,11,,,0.0,0,USA,,,,0.0,,,,,,,,,,,,,,,,,,,,2,,,1.0,,,,0.0,,,,,,0.0,,,,75.9,,24.7,,,,0.4,,,0.045,,,0.5,2.0,,,0.0,,,,,,,,,,,,,,,,,,,,,,0,,,,,83.1,,0.0,,,,,,0.0,,,,,,,0.105,,,,0.0,,,0.375,,,,,,,18.2,,,,,,,,84.0,,,,,,,,,,,,245.0,,,,,,0.0,,,,,,,,,,,,,,4.0,,,18.2,,,,-9.5,,,,,,,,,,,,,,,,,,,,,,,,,,,,,,,,,,,,,,,0.0,,0.0,12,,,,,,,,,,,,,0.104,,,,0.0,,79.0,,,,,,,,,,-5,,,,,,0.5,,,,,,,,,,,,,,,0.0,2,,,,,0.0,0,,,,,,,0.0,43.48833333333334,,,,,0.04,,,,,,,,,0.0,,,0.0,2.0,,,,,0.714,,,,,,,,,,,1,,21,,6,,,,,,,,,,,,,75.42,,2.0,,,,,,,,,,,1981,9,,,,,,,,,,1,,,0.0,,,,0,,,,,3,,,,,0.375,,,,,0.0,,,,-4.1,,0.0,,,,0.0,,,,,,,,,,90.51,,,,1.1,,,0.0,,0,,,90.51,,,0.0,83.1,-4.1,,,0.0,,,,,,0.0,,,,,,0.5,,,,,,1,85.4,,1,9.1,,,,,79.0,,,,,,,,,,0.0,,,,,0.191,,,,2.0,,,,,0,,,,0.0,,,,,,,,,,0.667,,,8,,,,,0.0,,,,,,,,,1,,,,1.0,,,,,,0.0,,,,,,,,,,0.0
1541,Alvin Williams,24,54,1998,2130,TOR,1610612761,23.0,,,,,0.037,,0.504,,,,,,,2.0,,,,52.0,,,,31.0,,,,1.0,,82.0,,,,52.0,,,,,,,,,9,,95.48,,,0.0,,,Villanova,,,,,,,0.598,,,,,,81,,,7.0,0,USA,,,,18.0,,,,,0.0,,,,,,,,,,,,,,,24,,,32.0,,,,0.4,,,,,,0.125,,,,102.2,,640.7,,,,2.3,,,0.024,,1.0,0.391,86.0,,,0.438,,,,,,,,,,,,,,,,,,,,,,28,,,,,101.1,,0.0,,,,,,1.0,,,,,,,0.155,,,,0.321,,,0.459,,,,,,,12.0,,,,,,,,77.0,,,,,,,,,,,,185.0,,,,,,4.0,,,,,,,,,,,,,,133.0,,,12.0,,,,1.1,,,,,,,,,,,,,,,,,,,,,0.0,,,,,,,,,,,,,,,,,,0.0,,30.0,79,,,,,,,,,,,,,0.158,,,,0.167,,101.2,,,,,,,,,,-5,,,,,,1.78,,,,,,,,,,,,,,,2.0,58,,,,,0.323,0,,,,,,,0.0,1067.5383333333334,,,,,0.156,,,,,,,,,6.0,,,8.0,52.0,,,,,0.444,,,,,,,,,,,38,,47,,324,,,,,,,,,,,,,79.94,,40.0,,,,,,,,,,,1997,57,,,,,,,,,,2,,,1.0,,,,65,,,,,125,,,,,0.443,,,,,0.389,,,,0.1,,10.0,,,,14.0,,,,,,,1.0,,,95.93,,,,5.2,,,68.0,,90,,,95.93,,,0.0,101.1,0.1,,,0.0,,,,,0.0,0.722,,,,,,0.605,,,,,,103,101.1,,3,21.3,,,,,101.2,,,,,,,,,,10.0,,,,,0.049,,,,14.0,,,,,0,,,,0.441,,,,,,,,,,0.269,,,282,,,,,0.4,,,,,,,,,18,,,,49.0,,,,,,16.0,1.0,,,,,,,,,31.914893617021278
692,Andrew DeClercq,36,81,1998,2992,BOS,1610612738,25.0,,,,,0.131,,0.53,,,,,,,0.0,,,,152.0,,,,32.0,,,,0.0,,271.0,,,,4.0,,,,,,,,,0,,94.4,,,0.0,,,Florida,,,,,,,0.535,,,,,,392,,,0.0,2,USA,,,,1.0,,,,,0.0,,,,,,,,,,,,,,,180,,,15.0,,,,0.404,,,,,,0.0,,,,98.0,,1315.9,,,,2.1,,,0.11,,0.0,0.238,288.0,,,0.2,,,,,,,,,,,,,,,,,,,,,,1,,,,,99.5,,0.0,,,,,,0.0,,,,,,,0.14,,,,0.0,,,0.497,,,,,,,15.1,,,,,,,,82.0,,,,,,,,,,,,230.0,,,,,,0.0,,,,,,,,,,,,,,21.0,,,15.0,,,,-3.4,,,,,,,,,,,,,,,,,,,,,0.0,,,,,,,,,,,,,,,,,,0.0,,0.0,277,,,,,,,,,,,,,0.143,,,,0.0,,98.3,,,,,,,,,,-91,,,,,,0.7,,,,,,,,,,,,,,,0.0,84,,,,,0.406,2,,,,,,,0.0,1522.503333333333,,,,,0.061,,,,,,,,,0.0,,,0.0,5.0,,,,,0.444,,,,,,,,,,,85,,34,,439,,,,,,,,,,,,,79.33,,47.0,,,,,,,,,,,1995,212,,,,,,,,,,2,,,0.0,,,,101,,,,,169,,,,,0.497,,,,,0.0,,,,-1.2,,0.0,,,,3.0,,,,,,,0.0,,,95.2,,,,4.2,,,1.0,,168,,,95.2,,,0.0,99.5,-1.2,,,0.0,,,,,0.0,0.601,,,,,,0.528,,,,,,59,101.5,,49,10.6,,,,,98.3,,,,,,,,,,13.0,,,,,0.158,,,,1.0,,,,,0,,,,0.0,,,,,,,,,,0.25,,,340,,,,,0.0,,,,,,,,,33,,,,145.0,,,,,,19.0,0.0,,,,,,,,,49.411764705882355
457,Andrew Lang,23,57,1998,1330,MIL,1610612749,32.0,,,,,0.113,,0.452,,,,,,,0.0,,,,35.0,,,,34.0,,,,0.0,,58.0,,,,8.0,,,,,,,,,0,,92.55,,,0.0,,,Arkansas,,,,,,,0.517,,,,,,153,,,0.0,0,USA,,,,1.0,,,,,0.0,,,,,,,,,,,,,,,56,,,31.0,,,,0.34,,,,,,0.0,,,,91.4,,461.6,,,,0.9,,,0.08,,0.0,0.216,69.0,,,0.258,,,,,,,,,,,,,,,,,,,,,,1,,,,,102.8,,0.0,,,,,,0.0,,,,,,,0.131,,,,0.0,,,0.378,,,,,,,15.2,,,,,,,,83.0,,,,,,,,,,,,270.0,,,,,,0.0,,,,,,,,,,,,,,37.0,,,15.1,,,,-12.1,,,,,,,,,,,,,,,,,,,,,0.0,,,,,,,,,,,,,,,,,,0.0,,0.0,101,,,,,,,,,,,,,0.132,,,,0.0,,92.2,,,,,,,,,,-151,,,,,,0.48,,,,,,,,,,,,,,,0.0,33,,,,,0.265,1,,,,,,,0.0,692.4983333333333,,,,,0.04,,,,,,,,,0.0,,,0.0,8.0,,,,,0.404,,,,,,,,,,,18,,28,,152,,,,,,,,,,,,,77.11,,47.0,,,,,,,,,,,1988,97,,,,,,,,,,2,,,0.0,,,,44,,,,,54,,,,,0.378,,,,,0.0,,,,-10.6,,1.0,,,,8.0,,,,,,,0.0,,,92.53,,,,2.5,,,0.0,,57,,,92.53,,,0.0,102.8,-10.6,,,0.0,,,,,0.0,0.772,,,,,,0.507,,,,,,16,103.6,,27,7.3,,,,,92.2,,,,,,,,,,9.0,,,,,0.149,,,,2.0,,,,,0,,,,0.0,,,,,,,,,,0.25,,,143,,,,,0.0,,,,,,,,,15,,,,30.0,,,,,,16.0,0.0,,,,,,,,,39.86013986013986
358,Anfernee Hardaway,10,19,1998,1193,ORL,1610612753,26.0,,,,,0.061,,0.479,,,,,,,2.0,,,,48.0,,,,33.0,,,,0.0,,83.0,,,,53.0,,,,,,,,,15,,91.85,,,0.0,,,Memphis State,,,,,,,0.578,,,,,,76,,,15.0,0,USA,,,,45.0,,,,,1.0,,,,,,,,,,,,,,,8,,,33.0,,,,0.243,,,,,,0.0,,,,96.3,,587.2,,,,5.4,,,0.013,,1.0,0.298,88.0,,,0.424,,,,,,,,,,,,,,,,,,,,,,50,,,,,102.3,,0.0,,,,,,0.0,,,,,,,0.27,,,,0.3,,,0.405,,,,,,,10.5,,,,,,,,79.0,,,,,,,,,,,,215.0,,,,,,6.0,,,,,,,,,,,,,,104.0,,,10.4,,,,-5.3,,,,,,,,,,,,,,,,,,,,,0.0,,,,,,,,,,,,,,,,,,0.0,,16.0,45,,,,,,,,,,,,,0.273,,,,0.0,,96.7,,,,,,,,,,-62,,,,,,1.48,,,,,,,,,,,,,,,1.0,46,,,,,0.273,0,,,,,,,0.0,625.9866666666667,,,,,0.216,,,,,,,,,1.0,,,2.0,31.0,,,,,0.526,,,,,,,,,,,28,,3,,311,,,,,,,,,,,,,76.1,,37.0,,,,,,,,,,,1993,68,,,,,,,,,,1,,,2.0,,,,90,,,,,103,,,,,0.377,,,,,0.333,,,,-5.5,,21.0,,,,14.0,,,,,,,0.0,,,91.32,,,,14.4,,,41.0,,118,,,91.32,,,0.0,102.3,-5.5,,,0.0,,,,,0.0,0.763,,,,,,0.545,,,,,,68,101.6,,15,15.3,,,,,96.7,,,,,,,,,,9.0,,,,,0.108,,,,10.0,,,,,0,,,,0.39,,,,,,,,,,0.189,,,273,,,,,0.286,,,,,,,,,18,,,,48.0,,,,,,9.0,0.0,,,,,,,,,43.223443223443226
194,Anthony Bowie,11,27,1998,440,NYK,1610612752,34.0,,,,,0.063,,0.586,,,,,,,0.0,,,,12.0,,,,3.0,,,,0.0,,14.0,,,,24.0,,,,,,,,,3,,93.96,,,0.0,,,Oklahoma,,,,,,,0.786,,,,,,26,,,1.0,0,USA,,,,1.0,,,,,,,,,,,,,,,,,,,,9,,,9.0,,,,0.5,,,,,,0.5,,,,100.3,,138.7,,,,1.2,,,0.044,,0.0,0.436,15.0,,,0.667,,,,,,,,,,,,,,,,,,,,,,5,,,,,100.2,,2.0,,,,,,2.0,,,,,,,0.145,,,,0.6,,,0.558,,,,,,,9.6,,,,,,,,78.0,,,,,,,,,,,,200.0,,,,,,1.0,,,,,,,,,,,,,,39.0,,,9.6,,,,-2.2,,,,,,,,,,,,,,,,,,,,,,,,,,,,,,,,,,,,,,,0.0,,4.0,25,,,,,,,,,,,,,0.151,,,,0.0,,96.6,,,,,,,,,,-29,,,,,,1.38,,,,,,,,,,,,,,,3.0,8,,,,,0.667,0,,,,,,,0.0,221.46166666666667,,,,,0.078,,,,,,,,,1.0,,,4.0,17.0,,,,,0.407,,,,,,,,,,,6,,66,,75,,,,,,,,,,,,,80.65,,2.0,,,,,,,,,,,1986,17,,,,,,,,,,3,,,0.0,,,,8,,,,,32,,,,,0.533,,,,,1.0,,,,-3.6,,1.0,,,,6.0,,,,,,,0.0,,,96.78,,,,2.2,,,8.0,,9,,,96.78,,,0.0,100.2,-3.6,,,0.667,,,,,,0.889,,,,,,0.8,,,,,,11,102.5,,2,13.3,,,,,96.6,,,,,,,,,,2.0,,,,,0.081,,,,7.0,,,,,0,,,,0.5,,,,,,,,,,0.292,,,60,,,,,1.0,,,,,,,,,0,,,,11.0,,,,,,1.0,0.0,,,,,,,,,15.0
924,Anthony Goldwire,11,82,1998,4248,DEN,1610612743,26.0,,,,,0.035,,0.524,,,,,,,5.0,,,,91.0,,,,18.0,,,,6.0,,168.0,,,,166.0,,,,,,,,,63,,92.19,,,0.0,,,Houston,,,,,,,0.542,,,,,,147,,,48.0,0,USA,,,,133.0,,,,,3.0,,,,,,,,,,,,,,,40,,,40.0,,,,0.19,,,,,,0.556,,,,97.2,,1536.9,,,,3.3,,,0.018,,1.0,0.394,170.0,,,0.35,,,,,,,,,,,,,,,,,,,,,,164,,,,,110.5,,9.0,,,,,,15.0,,,,,,,0.162,,,,0.384,,,0.473,,,,,,,7.9,,,,,,,,74.0,,,,,,,,,,,,182.0,,,,,,29.0,,,,,,,,,,,,,,282.0,,,7.9,,,,-13.0,,,,,,,,,,,,,,,,,,,,,1.0,,,,,,,,,,,,,,,,,,0.0,,72.0,149,,,,,,,,,,,,,0.166,,,,0.545,,97.4,,,,,,,,,,-520,,,,,,3.26,,,,,,,,,,,,,,,16.0,85,,,,,0.222,0,,,,,,,0.0,2209.68,,,,,0.226,,,,,,,,,11.0,,,27.0,111.0,,,,,0.134,,,,,,,,,,,86,,52,,751,,,,,,,,,,,,,76.63,,21.0,,,,,,,,,,,1994,107,,,,,,,,,,2,,,4.0,,,,150,,,,,269,,,,,0.424,,,,,0.361,,,,-13.0,,81.0,,,,14.0,,,,,,,0.0,,,91.95,,,,7.7,,,151.0,,186,,,91.95,,,0.0,110.5,-13.0,,,0.563,,,,,0.333,0.806,,,,,,0.535,,,,,,277,110.2,,7,25.7,,,,,97.4,,,,,,,,,,4.0,,,,,0.053,,,,58.0,,,,,0,,,,0.477,,,,,,,,,,0.349,,,635,,,,,0.358,,,,,,,,,47,,,,91.0,,,,,,4.0,0.0,,,,,,,,,29.291338582677167
1533,Anthony Johnson,25,77,1998,4458,SAC,1610612758,23.0,,,,,0.038,,0.437,,,,,,,0.0,,,,78.0,,,,94.0,,,,4.0,,140.0,,,,111.0,,,,,,,,,42,,94.78,,,0.0,,,College of Charleston,,,,,,,0.536,,,,,,171,,,32.0,0,USA,,,,101.0,,,,,0.0,,,,,,,,,,,,,,,51,,,89.0,,,,0.357,,,,,,0.37,,,,97.6,,1362.7,,,,2.9,,,0.022,,0.0,0.301,147.0,,,0.303,,,,,,,,,,,,,,,,,,,,,,128,,,,,105.4,,6.0,,,,,,10.0,,,,,,,0.151,,,,0.328,,,0.406,,,,,,,10.8,,,,,,,,75.0,,,,,,,,,,,,190.0,,,,,,17.0,,,,,,,,,,,,,,229.0,,,10.9,,,,-7.7,,,,,,,,,,,,,,,,,,,,,0.0,,,,,,,,,,,,,,,,,,0.0,,38.0,188,,,,,,,,,,,,,0.154,,,,0.267,,97.7,,,,,,,,,,-353,,,,,,2.74,,,,,,,,,,,,,,,12.0,120,,,,,0.362,1,,,,,,,0.0,2261.665,,,,,0.222,,,,,,,,,15.0,,,27.0,69.0,,,,,0.325,,,,,,,,,,,64,,39,,574,,,,,,,,,,,,,78.91,,112.0,,,,,,,,,,,1997,120,,,,,,,,,,2,,,0.0,,,,80,,,,,226,,,,,0.371,,,,,0.317,,,,-7.8,,55.0,,,,27.0,,,,,,,0.0,,,94.69,,,,7.9,,,113.0,,110,,,94.69,,,0.0,105.4,-7.8,,,0.5,,,,,0.0,0.727,,,,,,0.531,,,,,,329,105.3,,6,29.8,,,,,97.7,,,,,,,,,,34.0,,,,,0.054,,,,32.0,,,,,0,,,,0.336,,,,,,,,,,0.288,,,609,,,,,0.309,,,,,,,,,58,,,,75.0,,,,,,40.0,0.0,,,,,,,,,18.0623973727422
193,Anthony Mason,50,81,1998,5968,CHH,1610612766,31.0,,,,,0.143,,0.552,,,,,,,1.0,,,,253.0,,,,135.0,,,,0.0,,412.0,,,,38.0,,,,,,,,,0,,91.16,,,0.0,,,Tennessee State,,,,,,,0.597,,,,,,826,,,0.0,5,USA,,,,2.0,,,,,0.0,,,,,,,,,,,,,,,177,,,141.0,,,,0.431,,,,,,0.0,,,,104.7,,2655.2,,,,4.8,,,0.062,,0.0,0.389,445.0,,,0.383,,,,,,,,,,,,,,,,,,,,,,4,,,,,102.3,,0.0,,,,,,0.0,,,,,,,0.159,,,,0.0,,,0.509,,,,,,,10.2,,,,,,,,80.0,,,,,,,,,,,,250.0,,,,,,0.0,,,,,,,,,,,,,,167.0,,,10.2,,,,2.4,,,,,,,,,,,,,,,,,,,,,0.0,,,,,,,,,,,,,,,,,,0.0,,1.0,182,,,,,,,,,,,,,0.162,,,,0.0,,104.9,,,,,,,,,,155,,,,,,2.34,,,,,,,,,,,,,,,0.0,146,,,,,0.459,32,,,,,,,0.0,3147.44,,,,,0.174,,,,,,,,,1.0,,,1.0,65.0,,,,,0.617,,,,,,,,,,,68,,53,,1039,,,,,,,,,,,,,75.86,,181.0,,,,,,,,,,,1988,649,,,,,,,,,,3,,,1.0,,,,261,,,,,389,,,,,0.509,,,,,0.0,,,,2.6,,0.0,,,,54.0,,,,,,,0.0,,,91.03,,,,9.4,,,4.0,,402,,,91.03,,,0.0,102.3,2.6,,,0.0,,,,,0.0,0.649,,,,,,0.569,,,,,,342,102.2,,18,23.9,,,,,104.9,,,,,,,,,,62.0,,,,,0.221,,,,19.0,,,,,0,,,,0.25,,,,,,,,,,0.5,,,764,,,,,0.0,,,,,,,,,63,,,,246.0,,,,,,78.0,0.0,,,,,,,,,52.617801047120416
292,Anthony Miller,25,37,1998,484,ATL,1610612737,26.0,,,,,0.153,,0.571,,,,,,,0.0,,,,27.0,,,,5.0,,,,0.0,,43.0,,,,2.0,,,,,,,,,0,,99.1,,,0.0,,,Michigan State,,,,,,,0.605,,,,,,70,,,0.0,1,USA,,,,0.0,,,,,0.0,,,,,,,,,,,,,,,30,,,0.0,,,,0.333,,,,,,0.0,,,,107.7,,207.5,,,,0.8,,,0.126,,0.0,0.333,45.0,,,0.0,,,,,,,,,,,,,,,,,,,,,,0,,,,,107.7,,0.0,,,,,,0.0,,,,,,,0.147,,,,0.0,,,0.558,,,,,,,16.2,,,,,,,,81.0,,,,,,,,,,,,255.0,,,,,,0.0,,,,,,,,,,,,,,3.0,,,15.9,,,,-2.6,,,,,,,,,,,,,,,,,,,,,0.0,,,,,,,,,,,,,,,,,,0.0,,0.0,41,,,,,,,,,,,,,0.15,,,,0.0,,105.0,,,,,,,,,,-12,,,,,,0.21,,,,,,,,,,,,,,,0.0,14,,,,,0.2,0,,,,,,,0.0,228.4333333333333,,,,,0.02,,,,,,,,,0.0,,,0.0,1.0,,,,,0.676,,,,,,,,,,,15,,39,,79,,,,,,,,,,,,,84.66,,6.0,,,,,,,,,,,1994,40,,,,,,,,,,2,,,0.0,,,,21,,,,,29,,,,,0.558,,,,,0.0,,,,-2.7,,0.0,,,,0.0,,,,,,,0.0,,,101.6,,,,1.4,,,0.0,,39,,,101.6,,,0.0,107.7,-2.7,,,0.0,,,,,0.0,0.538,,,,,,0.6,,,,,,3,110.3,,3,3.4,,,,,105.0,,,,,,,,,,1.0,,,,,0.182,,,,1.0,,,,,0,,,,0.0,,,,,,,,,,0.5,,,52,,,,,0.0,,,,,,,,,4,,,,26.0,,,,,,2.0,0.0,,,,,,,,,75.0
1515,Anthony Parker,18,37,1998,425,PHI,1610612755,23.0,,,,,0.064,,0.501,,,,,,,1.0,,,,7.0,,,,0.0,,,,1.0,,13.0,,,,11.0,,,,,,,,,9,,99.36,,,1.0,,,Bradley,,,,,,,0.538,,,,,,26,,,5.0,0,USA,,,,21.0,,,,,0.0,,,,,,,,,,,,,,,8,,,8.0,,,,0.0,,,,,,0.5,,,,97.0,,162.7,,,,0.7,,,0.038,,1.0,0.45,14.0,,,0.375,,,,,,,,,,,,,,,,,,,,,,28,,,,,97.9,,2.0,,,,,,3.0,,,,,,,0.169,,,,0.321,,,0.468,,,,,,,10.8,,,,,,,,78.0,,,,,,,,,,,,215.0,,,,,,4.0,,,,,,,,,,,,,,20.0,,,10.8,,,,-4.7,,,,,,,,,,,,,,,,,,,,,0.0,,,,,,,,,,,,,,,,,,1.0,,6.0,17,,,,,,,,,,,,,0.178,,,,0.333,,91.1,,,,,,,,,,-28,,,,,,1.73,,,,,,,,,,,,,,,3.0,11,,,,,0.0,0,,,,,,,1.0,195.0016666666667,,,,,0.179,,,,,,,,,3.0,,,6.0,9.0,,,,,0.486,,,,,,,,,,,11,,21,,72,,,,,,,,,,,,,87.08,,2.0,,,,,,,,,,,1997,18,,,,,,,,,,1,,,1.0,,,,13,,,,,25,,,,,0.397,,,,,0.238,,,,-6.8,,15.0,,,,3.0,,,,,,,0.0,,,104.49,,,,1.7,,,13.0,,20,,,104.49,,,1.0,97.9,-6.8,,,0.667,,,,,0.0,0.65,,,,,,0.5,,,,,,19,101.7,,3,18.6,,,,,91.1,,,,,,,,,,0.0,,,,,0.094,,,,4.0,,,,,0,,,,0.462,,,,,,,,,,0.364,,,63,,,,,0.267,,,,,,,,,3,,,,7.0,,,,,,0.0,0.0,,,,,,,,,31.746031746031747
324,Anthony Peeler,19,38,1998,2324,MIN,1610612750,28.0,,,,,0.051,,0.532,,,,,,,0.0,,,,44.0,,,,38.0,,,,10.0,,67.0,,,,105.0,,,,,,,,,53,,94.7,,,0.0,,,Missouri,,,,,,,0.642,,,,,,123,,,38.0,0,USA,,,,94.0,,,,,0.0,,,,,,,,,,,,,,,37,,,55.0,,,,0.38,,,,,,0.484,,,,107.1,,972.1,,,,5.0,,,0.031,,0.0,0.421,70.0,,,0.382,,,,,,,,,,,,,,,,,,,,,,125,,,,,107.7,,5.0,,,,,,15.0,,,,,,,0.181,,,,0.424,,,0.515,,,,,,,8.1,,,,,,,,76.0,,,,,,,,,,,,208.0,,,,,,19.0,,,,,,,,,,,,,,178.0,,,8.1,,,,1.0,,,,,,,,,,,,,,,,,,,,,0.0,,,,,,,,,,,,,,,,,,0.0,,47.0,97,,,,,,,,,,,,,0.183,,,,0.5,,108.2,,,,,,,,,,7,,,,,,2.69,,,,,,,,,,,,,,,11.0,51,,,,,0.342,0,,,,,,,0.0,1194.3,,,,,0.17,,,,,,,,,20.0,,,31.0,75.0,,,,,0.5,,,,,,,,,,,61,,15,,469,,,,,,,,,,,,,77.9,,50.0,,,,,,,,,,,1992,86,,,,,,,,,,1,,,0.0,,,,36,,,,,190,,,,,0.452,,,,,0.404,,,,0.5,,47.0,,,,21.0,,,,,,,0.0,,,93.48,,,,11.1,,,105.0,,47,,,93.48,,,0.0,107.7,0.5,,,0.455,,,,,0.0,0.766,,,,,,0.629,,,,,,137,106.1,,6,21.8,,,,,108.2,,,,,,,,,,13.0,,,,,0.071,,,,46.0,,,,,0,,,,0.448,,,,,,,,,,0.438,,,420,,,,,0.404,,,,,,,,,22,,,,43.0,,,,,,19.0,0.0,,,,,,,,,11.19047619047619
156,Antoine Carr,48,66,1998,2039,UTA,1610612762,36.0,,,,,0.066,,0.513,,,,,,,0.0,,,,62.0,,,,38.0,,,,0.0,,97.0,,,,106.0,,,,,,,,,0,,90.4,,,0.0,,,Wichita State,,,,,,,0.608,,,,,,131,,,0.0,2,USA,,,,0.0,,,,,0.0,,,,,,,,,,,,,,,42,,,57.0,,,,0.388,,,,,,0.0,,,,105.8,,751.2,,,,2.3,,,0.045,,0.0,0.408,109.0,,,0.333,,,,,,,,,,,,,,,,,,,,,,0,,,,,100.9,,0.0,,,,,,0.0,,,,,,,0.177,,,,0.0,,,0.465,,,,,,,10.3,,,,,,,,81.0,,,,,,,,,,,,270.0,,,,,,0.0,,,,,,,,,,,,,,179.0,,,10.4,,,,4.4,,,,,,,,,,,,,,,,,,,,,0.0,,,,,,,,,,,,,,,,,,0.0,,6.0,195,,,,,,,,,,,,,0.181,,,,0.0,,105.5,,,,,,,,,,76,,,,,,1.0,,,,,,,,,,,,,,,0.0,48,,,,,0.368,0,,,,,,,0.0,1082.9683333333332,,,,,0.075,,,,,,,,,0.0,,,0.0,73.0,,,,,0.727,,,,,,,,,,,11,,8,,378,,,,,,,,,,,,,75.63,,49.0,,,,,,,,,,,1983,89,,,,,,,,,,1,,,0.0,,,,76,,,,,151,,,,,0.465,,,,,0.0,,,,4.6,,0.0,,,,19.0,,,,,,,0.0,,,90.75,,,,4.9,,,15.0,,98,,,90.75,,,0.0,100.9,4.6,,,0.0,,,,,0.0,0.776,,,,,,0.569,,,,,,48,101.4,,53,10.4,,,,,105.5,,,,,,,,,,14.0,,,,,0.085,,,,50.0,,,,,0,,,,0.4,,,,,,,,,,0.472,,,325,,,,,0.0,,,,,,,,,20,,,,59.0,,,,,,19.0,0.0,,,,,,,,,30.153846153846153
952,Antoine Walker,36,82,1998,6436,BOS,1610612738,21.0,,,,,0.132,,0.481,,,,,,,0.0,,,,416.0,,,,294.0,,,,7.0,,707.0,,,,166.0,,,,,,,,,91,,95.48,,,0.0,,,Kentucky,,,,,,,0.559,,,,,,836,,,78.0,4,USA,,,,262.0,,,,,5.0,,,,,,,,,,,,,,,270,,,135.0,,,,0.348,,,,,,0.419,,,,99.4,,3566.7,,,,8.8,,,0.078,,1.0,0.322,777.0,,,0.319,,,,,,,,,,,,,,,,,,,,,,292,,,,,104.7,,6.0,,,,,,13.0,,,,,,,0.289,,,,0.312,,,0.45,,,,,,,11.8,,,,,,,,81.0,,,,,,,,,,,,245.0,,,,,,47.0,,,,,,,,,,,,,,354.0,,,11.8,,,,-4.9,,,,,,,,,,,,,,,,,,,,,1.0,,,,,,,,,,,,,,,,,,0.0,,59.0,262,,,,,,,,,,,,,0.293,,,,0.778,,100.8,,,,,,,,,,-270,,,,,,0.93,,,,,,,,,,,,,,,22.0,292,,,,,0.347,47,,,,,,,0.0,3271.645,,,,,0.154,,,,,,,,,9.0,,,31.0,114.0,,,,,0.439,,,,,,,,,,,142,,6,,1840,,,,,,,,,,,,,78.8,,351.0,,,,,,,,,,,1996,566,,,,,,,,,,1,,,0.0,,,,305,,,,,722,,,,,0.423,,,,,0.298,,,,-3.9,,149.0,,,,43.0,,,,,,,0.0,,,94.57,,,,20.8,,,178.0,,473,,,94.57,,,0.0,104.7,-3.9,,,0.273,,,,,0.2,0.645,,,,,,0.535,,,,,,273,104.2,,60,11.0,,,,,100.8,,,,,,,,,,102.0,,,,,0.198,,,,54.0,,,,,1,,,,0.331,,,,,,,,,,0.325,,,1705,,,,,0.315,,,,,,,,,121,,,,395.0,,,,,,122.0,0.0,,,,,,,,,27.741935483870968
1498,Antonio Daniels,17,74,1998,3905,VAN,1610612763,23.0,,,,,0.038,,0.465,,,,,,,3.0,,,,77.0,,,,80.0,,,,1.0,,145.0,,,,140.0,,,,,,,,,11,,96.17,,,0.0,,,Bowling Green,,,,,,,0.524,,,,,,143,,,10.0,0,USA,,,,46.0,,,,,2.0,,,,,,,,,,,,,,,22,,,84.0,,,,0.485,,,,,,0.2,,,,98.8,,1282.6,,,,3.1,,,0.012,,1.0,0.368,152.0,,,0.417,,,,,,,,,,,,,,,,,,,,,,52,,,,,111.6,,0.0,,,,,,1.0,,,,,,,0.177,,,,0.212,,,0.426,,,,,,,14.6,,,,,,,,76.0,,,,,,,,,,,,195.0,,,,,,7.0,,,,,,,,,,,,,,250.0,,,14.6,,,,-12.7,,,,,,,,,,,,,,,,,,,,,0.0,,,,,,,,,,,,,,,,,,0.0,,16.0,88,,,,,,,,,,,,,0.179,,,,0.5,,99.1,,,,,,,,,,-497,,,,,,2.04,,,,,,,,,,,,,,,3.0,164,,,,,0.45,4,,,,,,,0.0,1952.7683333333327,,,,,0.268,,,,,,,,,2.0,,,5.0,92.0,,,,,0.23,,,,,,,,,,,55,,4,,579,,,,,,,,,,,,,80.04,,101.0,,,,,,,,,,,1997,121,,,,,,,,,,1,,,1.0,,,,112,,,,,228,,,,,0.416,,,,,0.217,,,,-12.6,,22.0,,,,35.0,,,,,,,0.0,,,96.05,,,,7.4,,,64.0,,170,,,96.05,,,0.0,111.6,-12.6,,,0.0,,,,,0.0,0.659,,,,,,0.507,,,,,,334,111.6,,10,29.7,,,,,99.1,,,,,,,,,,36.0,,,,,0.063,,,,57.0,,,,,0,,,,0.25,,,,,,,,,,0.407,,,548,,,,,0.318,,,,,,,,,25,,,,76.0,,,,,,49.0,0.0,,,,,,,,,31.021897810218977
213,Antonio Davis,58,82,1998,4114,IND,1610612754,29.0,,,,,0.136,,0.558,,,,,,,0.0,,,,181.0,,,,75.0,,,,0.0,,285.0,,,,73.0,,,,,,,,,0,,89.48,,,0.0,,,Texas-El Paso,,,,,,,0.611,,,,,,560,,,0.0,1,USA,,,,2.0,,,,,1.0,,,,,,,,,,,,,,,192,,,65.0,,,,0.25,,,,,,0.0,,,,104.0,,1796.5,,,,3.1,,,0.098,,0.0,0.385,309.0,,,0.323,,,,,,,,,,,,,,,,,,,,,,3,,,,,98.5,,0.0,,,,,,0.0,,,,,,,0.173,,,,0.0,,,0.481,,,,,,,11.9,,,,,,,,81.0,,,,,,,,,,,,230.0,,,,,,0.0,,,,,,,,,,,,,,148.0,,,11.8,,,,5.7,,,,,,,,,,,,,,,,,,,,,0.0,,,,,,,,,,,,,,,,,,0.0,,2.0,233,,,,,,,,,,,,,0.177,,,,0.0,,103.0,,,,,,,,,,177,,,,,,0.59,,,,,,,,,,,,,,,1.0,103,,,,,0.293,6,,,,,,,0.0,2200.8033333333333,,,,,0.049,,,,,,,,,0.0,,,1.0,57.0,,,,,0.707,,,,,,,,,,,45,,45,,785,,,,,,,,,,,,,74.85,,92.0,,,,,,,,,,,1990,368,,,,,,,,,,2,,,0.0,,,,277,,,,,254,,,,,0.481,,,,,0.0,,,,4.5,,1.0,,,,21.0,,,,,,,0.0,,,89.83,,,,6.4,,,4.0,,398,,,89.83,,,0.0,98.5,4.5,,,0.0,,,,,0.0,0.696,,,,,,0.586,,,,,,61,98.3,,72,7.0,,,,,103.0,,,,,,,,,,22.0,,,,,0.171,,,,28.0,,,,,0,,,,0.5,,,,,,,,,,0.384,,,528,,,,,0.0,,,,,,,,,58,,,,174.0,,,,,,23.0,0.0,,,,,,,,,75.37878787878788
226,Antonio Lang,4,6,1998,72,MIA,1610612748,26.0,,,,,0.0,,0.704,,,,,,,,,,,2.0,,,,2.0,,,,0.0,,3.0,,,,0.0,,,,,,,,,0,,112.63,,,,,,Duke,,,,,,,0.667,,,,,,5,,,0.0,0,USA,,,,0.0,,,,,,,,,,,,,,,,,,,,2,,,0.0,,,,0.5,,,,,,0.0,,,,91.3,,21.5,,,,0.5,,,0.0,,,0.0,3.0,,,0.0,,,,,,,,,,,,,,,,,,,,,,0,,,,,101.3,,0.0,,,,,,0.0,,,,,,,0.171,,,,0.0,,,0.6,,,,,,,29.6,,,,,,,,80.0,,,,,,,,,,,,205.0,,,,,,0.0,,,,,,,,,,,,,,0.0,,,28.6,,,,-14.0,,,,,,,,,,,,,,,,,,,,,,,,,,,,,,,,,,,,,,,,,0.0,3,,,,,,,,,,,,,0.174,,,,0.0,,86.1,,,,,,,,,,-14,,,,,,0.25,,,,,,,,,,,,,,,0.0,4,,,,,0.5,0,,,,,,,,29.83333333333333,,,,,0.063,,,,,,,,,0.0,,,0.0,0.0,,,,,0.667,,,,,,,,,,,2,,29,,12,,,,,,,,,,,,,98.55,,2.0,,,,,,,,,,,1994,3,,,,,,,,,,2,,,,,,,6,,,,,3,,,,,0.6,,,,,0.0,,,,-15.2,,0.0,,,,0.0,,,,,,,,,,118.26,,,,0.8,,,0.0,,8,,,118.26,,,,101.3,-15.2,,,0.0,,,,,,0.75,,,,,,0.667,,,,,,1,105.4,,0,7.1,,,,,86.1,,,,,,,,,,1.0,,,,,0.075,,,,0.0,,,,,0,,,,0.0,,,,,,,,,,0.0,,,5,,,,,0.0,,,,,,,,,1,,,,2.0,,,,,,1.0,,,,,,,,,,160.0
686,Antonio McDyess,55,81,1998,4686,PHX,1610612756,23.0,,,,,0.129,,0.571,,,,,,,1.0,,,,317.0,,,,111.0,,,,0.0,,454.0,,,,166.0,,,,,,,,,0,,93.79,,,0.0,,,Alabama,,,,,,,0.689,,,,,,613,,,0.0,5,USA,,,,1.0,,,,,1.0,,,,,,,,,,,,,,,206,,,164.0,,,,0.322,,,,,,0.0,,,,103.0,,2682.6,,,,6.1,,,0.089,,0.0,0.414,470.0,,,0.39,,,,,,,,,,,,,,,,,,,,,,2,,,,,99.9,,0.0,,,,,,0.0,,,,,,,0.226,,,,0.0,,,0.536,,,,,,,10.8,,,,,,,,81.0,,,,,,,,,,,,220.0,,,,,,0.0,,,,,,,,,,,,,,353.0,,,10.7,,,,4.2,,,,,,,,,,,,,,,,,,,,,0.0,,,,,,,,,,,,,,,,,,0.0,,4.0,292,,,,,,,,,,,,,0.228,,,,0.0,,104.3,,,,,,,,,,181,,,,,,0.75,,,,,,,,,,,,,,,0.0,142,,,,,0.351,24,,,,,,,0.0,2433.0666666666666,,,,,0.076,,,,,,,,,0.0,,,0.0,146.0,,,,,0.679,,,,,,,,,,,100,,2,,1225,,,,,,,,,,,,,77.25,,118.0,,,,,,,,,,,1995,407,,,,,,,,,,1,,,1.0,,,,231,,,,,497,,,,,0.536,,,,,0.0,,,,4.4,,0.0,,,,64.0,,,,,,,0.0,,,92.7,,,,11.4,,,14.0,,329,,,92.7,,,0.0,99.9,4.4,,,0.0,,,,,0.0,0.702,,,,,,0.674,,,,,,106,98.8,,135,8.0,,,,,104.3,,,,,,,,,,39.0,,,,,0.168,,,,73.0,,,,,0,,,,0.286,,,,,,,,,,0.44,,,927,,,,,0.0,,,,,,,,,50,,,,313.0,,,,,,38.0,0.0,,,,,,,,,35.4908306364617
288,Armen Gilliam,36,82,1998,4090,MIL,1610612749,34.0,,,,,0.11,,0.56,,,,,,,0.0,,,,154.0,,,,203.0,,,,0.0,,207.0,,,,75.0,,,,,,,,,0,,93.06,,,0.0,,,UNLV,,,,,,,0.638,,,,,,439,,,0.0,0,USA,,,,4.0,,,,,0.0,,,,,,,,,,,,,,,146,,,134.0,,,,0.445,,,,,,0.0,,,,100.6,,1761.8,,,,4.0,,,0.073,,1.0,0.39,257.0,,,0.396,,,,,,,,,,,,,,,,,,,,,,4,,,,,104.1,,0.0,,,,,,0.0,,,,,,,0.207,,,,0.0,,,0.484,,,,,,,13.8,,,,,,,,81.0,,,,,,,,,,,,260.0,,,,,,0.0,,,,,,,,,,,,,,218.0,,,13.7,,,,-3.2,,,,,,,,,,,,,,,,,,,,,0.0,,,,,,,,,,,,,,,,,,0.0,,2.0,177,,,,,,,,,,,,,0.209,,,,0.0,,100.7,,,,,,,,,,-147,,,,,,0.7,,,,,,,,,,,,,,,0.0,148,,,,,0.458,9,,,,,,,0.0,2115.675,,,,,0.087,,,,,,,,,0.0,,,0.0,85.0,,,,,0.439,,,,,,,,,,,65,,2,,921,,,,,,,,,,,,,77.38,,247.0,,,,,,,,,,,1987,293,,,,,,,,,,1,,,0.0,,,,267,,,,,327,,,,,0.484,,,,,0.0,,,,-3.4,,3.0,,,,53.0,,,,,,,0.0,,,92.86,,,,8.2,,,3.0,,333,,,92.86,,,0.0,104.1,-3.4,,,0.0,,,,,0.0,0.802,,,,,,0.599,,,,,,104,103.8,,37,9.6,,,,,100.7,,,,,,,,,,93.0,,,,,0.146,,,,25.0,,,,,0,,,,0.667,,,,,,,,,,0.333,,,676,,,,,0.0,,,,,,,,,46,,,,132.0,,,,,,110.0,0.0,,,,,,,,,49.260355029585796
717,Arvydas Sabonis,40,73,1998,4475,POR,1610612757,33.0,,,,,0.163,,0.581,,,,,,,0.0,,,,263.0,,,,191.0,,,,0.0,,368.0,,,,27.0,,,,,,,,,30,,92.8,,,0.0,,,,,,,,,,0.636,,,,,,729,,,27.0,1,Lithuania,,,,100.0,,,,,0.0,,,,,,,,,,,,,,,149,,,49.0,,,,0.441,,,,,,0.0,,,,103.5,,2613.8,,,,5.6,,,0.068,,0.0,0.357,423.0,,,0.306,,,,,,,,,,,,,,,,,,,,,,115,,,,,99.2,,0.0,,,,,,0.0,,,,,,,0.23,,,,0.261,,,0.511,,,,,,,13.5,,,,,,,,87.0,,,,,,,,,,,,292.0,,,,,,10.0,,,,,,,,,,,,,,129.0,,,13.4,,,,4.6,,,,,,,,,,,,,,,,,,,,,0.0,,,,,,,,,,,,,,,,,,0.0,,30.0,267,,,,,,,,,,,,,0.231,,,,0.0,,105.2,,,,,,,,,,290,,,,,,1.15,,,,,,,,,,,,,,,2.0,190,,,,,0.403,36,,,,,,,0.0,2331.733333333333,,,,,0.161,,,,,,,,,0.0,,,2.0,46.0,,,,,0.548,,,,,,,,,,,65,,24,,1167,,,,,,,,,,,,,76.58,,227.0,,,,,,,,,,,1986,580,,,,,,,,,,1,,,0.0,,,,323,,,,,407,,,,,0.493,,,,,0.27,,,,6.0,,38.0,,,,15.0,,,,,,,0.0,,,91.89,,,,11.3,,,98.0,,405,,,91.89,,,0.0,99.2,6.0,,,0.0,,,,,0.0,0.798,,,,,,0.622,,,,,,218,98.9,,80,15.4,,,,,105.2,,,,,,,,,,77.0,,,,,0.253,,,,12.0,,,,,0,,,,0.306,,,,,,,,,,0.444,,,826,,,,,0.263,,,,,,,,,44,,,,234.0,,,,,,100.0,0.0,,,,,,,,,49.03147699757869
1506,Austin Croshere,21,26,1998,491,IND,1610612754,23.0,,,,,0.096,,0.412,,,,,,,0.0,,,,12.0,,,,8.0,,,,1.0,,21.0,,,,26.0,,,,,,,,,4,,93.96,,,0.0,,,Providence,,,,,,,0.524,,,,,,45,,,2.0,0,USA,,,,7.0,,,,,,,,,,,,,,,,,,,,10,,,6.0,,,,0.25,,,,,,0.286,,,,101.9,,171.0,,,,1.2,,,0.042,,0.0,0.349,22.0,,,0.333,,,,,,,,,,,,,,,,,,,,,,13,,,,,100.4,,1.0,,,,,,2.0,,,,,,,0.188,,,,0.308,,,0.395,,,,,,,11.5,,,,,,,,81.0,,,,,,,,,,,,235.0,,,,,,0.0,,,,,,,,,,,,,,43.0,,,11.4,,,,-3.1,,,,,,,,,,,,,,,,,,,,,,,,,,,,,,,,,,,,,,,0.0,,8.0,32,,,,,,,,,,,,,0.194,,,,0.2,,99.4,,,,,,,,,,-10,,,,,,0.62,,,,,,,,,,,,,,,2.0,13,,,,,0.25,0,,,,,,,0.0,243.475,,,,,0.052,,,,,,,,,5.0,,,7.0,15.0,,,,,0.808,,,,,,,,,,,9,,12,,76,,,,,,,,,,,,,81.08,,8.0,,,,,,,,,,,1997,35,,,,,,,,,,1,,,0.0,,,,8,,,,,32,,,,,0.372,,,,,0.286,,,,-1.0,,4.0,,,,2.0,,,,,,,0.0,,,97.29,,,,3.3,,,20.0,,14,,,97.29,,,0.0,100.4,-1.0,,,0.5,,,,,,0.571,,,,,,0.545,,,,,,8,105.0,,5,7.0,,,,,99.4,,,,,,,,,,2.0,,,,,0.152,,,,8.0,,,,,0,,,,0.4,,,,,,,,,,0.308,,,86,,,,,0.0,,,,,,,,,7,,,,11.0,,,,,,2.0,0.0,,,,,,,,,16.27906976744186
422,Avery Johnson,50,75,1998,5072,SAS,1610612759,33.0,,,,,0.028,,0.514,,,,,,,2.0,,,,211.0,,,,83.0,,,,0.0,,340.0,,,,152.0,,,,,,,,,2,,91.89,,,0.0,,,Southern,,,,,,,0.588,,,,,,150,,,2.0,0,USA,,,,11.0,,,,,0.0,,,,,,,,,,,,,,,30,,,42.0,,,,0.354,,,,,,0.0,,,,102.3,,1973.5,,,,4.3,,,0.012,,0.0,0.385,363.0,,,0.405,,,,,,,,,,,,,,,,,,,,,,13,,,,,97.7,,0.0,,,,,,0.0,,,,,,,0.157,,,,0.154,,,0.48,,,,,,,11.0,,,,,,,,71.0,,,,,,,,,,,,180.0,,,,,,1.0,,,,,,,,,,,,,,205.0,,,11.0,,,,5.6,,,,,,,,,,,,,,,,,,,,,0.0,,,,,,,,,,,,,,,,,,0.0,,7.0,140,,,,,,,,,,,,,0.158,,,,0.0,,102.8,,,,,,,,,,255,,,,,,3.58,,,,,,,,,,,,,,,0.0,165,,,,,0.325,12,,,,,,,0.0,2671.495,,,,,0.351,,,,,,,,,1.0,,,1.0,79.0,,,,,0.667,,,,,,,,,,,84,,Undrafted,,766,,,,,,,,,,,,,75.96,,113.0,,,,,,,,,,,Undrafted,120,,,,,,,,,,Undrafted,,,1.0,,,,122,,,,,321,,,,,0.478,,,,,0.182,,,,5.1,,6.0,,,,17.0,,,,,,,0.0,,,91.16,,,,8.9,,,23.0,,168,,,91.16,,,0.0,97.7,5.1,,,0.0,,,,,0.0,0.726,,,,,,0.581,,,,,,591,96.6,,18,39.3,,,,,102.8,,,,,,,,,,27.0,,,,,0.042,,,,58.0,,,,,0,,,,0.304,,,,,,,,,,0.382,,,671,,,,,0.167,,,,,,,,,35,,,,200.0,,,,,,40.0,0.0,,,,,,,,,25.03725782414307
769,B.J. Armstrong,36,66,1998,1659,CHH,1610612766,30.0,,,,,0.046,,0.555,,,,,,,0.0,,,,26.0,,,,24.0,,,,0.0,,35.0,,,,54.0,,,,,,,,,9,,93.72,,,0.0,,,Iowa,,,,,,,0.714,,,,,,76,,,9.0,0,USA,,,,29.0,,,,,0.0,,,,,,,,,,,,,,,16,,,32.0,,,,0.485,,,,,,0.0,,,,103.9,,622.2,,,,1.6,,,0.019,,0.0,0.5,38.0,,,0.406,,,,,,,,,,,,,,,,,,,,,,35,,,,,103.3,,0.0,,,,,,0.0,,,,,,,0.143,,,,0.257,,,0.514,,,,,,,9.8,,,,,,,,74.0,,,,,,,,,,,,185.0,,,,,,4.0,,,,,,,,,,,,,,110.0,,,9.8,,,,-1.9,,,,,,,,,,,,,,,,,,,,,0.0,,,,,,,,,,,,,,,,,,0.0,,24.0,74,,,,,,,,,,,,,0.147,,,,0.0,,102.8,,,,,,,,,,3,,,,,,3.57,,,,,,,,,,,,,,,4.0,42,,,,,0.458,0,,,,,,,0.0,832.275,,,,,0.278,,,,,,,,,2.0,,,6.0,55.0,,,,,0.545,,,,,,,,,,,29,,18,,261,,,,,,,,,,,,,79.47,,33.0,,,,,,,,,,,1989,60,,,,,,,,,,1,,,0.0,,,,42,,,,,105,,,,,0.493,,,,,0.31,,,,-0.5,,13.0,,,,13.0,,,,,,,0.0,,,95.36,,,,3.2,,,52.0,,50,,,95.36,,,0.0,103.3,-0.5,,,0.0,,,,,0.0,0.84,,,,,,0.684,,,,,,150,105.9,,0,35.0,,,,,102.8,,,,,,,,,,11.0,,,,,0.075,,,,27.0,,,,,0,,,,0.462,,,,,,,,,,0.5,,,213,,,,,0.308,,,,,,,,,9,,,,25.0,,,,,,16.0,0.0,,,,,,,,,23.474178403755868
989,Ben Davis,1,7,1998,31,NYK,1610612752,25.0,,,,,0.0,,0.2,,,,,,,,,,,1.0,,,,1.0,,,,0.0,,8.0,,,,1.0,,,,,,,,,0,,109.04,,,,,,Arizona,,,,,,,0.125,,,,,,6,,,0.0,0,USA,,,,0.0,,,,,,,,,,,,,,,,,,,,6,,,0.0,,,,0.0,,,,,,0.0,,,,96.3,,14.2,,,,0.3,,,0.0,,,1.0,8.0,,,0.0,,,,,,,,,,,,,,,,,,,,,,0,,,,,103.1,,0.0,,,,,,0.0,,,,,,,0.244,,,,0.0,,,0.2,,,,,,,0.0,,,,,,,,81.0,,,,,,,,,,,,240.0,,,,,,0.0,,,,,,,,,,,,,,1.0,,,0.0,,,,-29.9,,,,,,,,,,,,,,,,,,,,,,,,,,,,,,,,,,,,,,,,,0.0,3,,,,,,,,,,,,,0.256,,,,0.0,,90.3,,,,,,,,,,-5,,,,,,0.0,,,,,,,,,,,,,,,0.0,0,,,,,0.0,0,,,,,,,,12.158333333333331,,,,,0.0,,,,,,,,,0.0,,,0.0,1.0,,,,,0.143,,,,,,,,,,,1,,43,,4,,,,,,,,,,,,,103.63,,1.0,,,,,,,,,,,1996,0,,,,,,,,,,2,,,,,,,0,,,,,2,,,,,0.2,,,,,0.0,,,,-12.8,,0.0,,,,0.0,,,,,,,,,,124.36,,,,1.4,,,0.0,,0,,,124.36,,,,103.1,-12.8,,,0.0,,,,,,0.0,,,,,,0.125,,,,,,0,126.1,,0,0.0,,,,,90.3,,,,,,,,,,0.0,,,,,0.0,,,,1.0,,,,,0,,,,0.0,,,,,,,,,,1.0,,,10,,,,,0.0,,,,,,,,,0,,,,1.0,,,,,,0.0,,,,,,,,,,0.0
1112,Ben Wallace,34,67,1998,2263,WAS,1610612764,23.0,,,,,0.138,,0.495,,,,,,,0.0,,,,84.0,,,,11.0,,,,0.0,,144.0,,,,1.0,,,,,,,,,0,,95.65,,,,,,Virginia Union,,,,,,,0.583,,,,,,324,,,0.0,0,USA,,,,0.0,,,,,0.0,,,,,,,,,,,,,,,112,,,3.0,,,,0.067,,,,,,0.0,,,,103.0,,991.8,,,,1.3,,,0.096,,0.0,0.0,149.0,,,0.0,,,,,,,,,,,,,,,,,,,,,,0,,,,,94.3,,0.0,,,,,,0.0,,,,,,,0.088,,,,0.0,,,0.518,,,,,,,11.1,,,,,,,,81.0,,,,,,,,,,,,240.0,,,,,,0.0,,,,,,,,,,,,,,5.0,,,11.2,,,,8.7,,,,,,,,,,,,,,,,,,,,,0.0,,,,,,,,,,,,,,,,,,0.0,,0.0,116,,,,,,,,,,,,,0.093,,,,0.0,,100.9,,,,,,,,,,147,,,,,,0.64,,,,,,,,,,,,,,,0.0,28,,,,,0.091,1,,,,,,,0.0,1125.0383333333334,,,,,0.023,,,,,,,,,0.0,,,0.0,0.0,,,,,0.507,,,,,,,,,,,61,,Undrafted,,205,,,,,,,,,,,,,80.51,,15.0,,,,,,,,,,,Undrafted,212,,,,,,,,,,Undrafted,,,,,,,35,,,,,85,,,,,0.518,,,,,0.0,,,,6.6,,0.0,,,,0.0,,,,,,,0.0,,,96.62,,,,2.4,,,0.0,,98,,,96.62,,,,94.3,6.6,,,0.0,,,,,0.0,0.357,,,,,,0.564,,,,,,18,94.3,,72,7.2,,,,,100.9,,,,,,,,,,1.0,,,,,0.181,,,,0.0,,,,,0,,,,0.0,,,,,,,,,,0.0,,,164,,,,,0.0,,,,,,,,,19,,,,84.0,,,,,,1.0,0.0,,,,,,,,,59.75609756097561
104,Benoit Benjamin,5,14,1998,395,PHI,1610612755,33.0,,,,,0.148,,0.581,,,,,,,0.0,,,,14.0,,,,10.0,,,,0.0,,20.0,,,,1.0,,,,,,,,,0,,94.6,,,0.0,,,Creighton,,,,,,,0.65,,,,,,53,,,0.0,0,USA,,,,0.0,,,,,,,,,,,,,,,,,,,,18,,,8.0,,,,0.455,,,,,,0.0,,,,101.1,,143.1,,,,1.6,,,0.094,,0.0,0.4,22.0,,,0.375,,,,,,,,,,,,,,,,,,,,,,0,,,,,97.3,,0.0,,,,,,0.0,,,,,,,0.146,,,,0.0,,,0.537,,,,,,,17.3,,,,,,,,84.0,,,,,,,,,,,,265.0,,,,,,0.0,,,,,,,,,,,,,,10.0,,,17.1,,,,2.3,,,,,,,,,,,,,,,,,,,,,,,,,,,,,,,,,,,,,,,0.0,,0.0,26,,,,,,,,,,,,,0.148,,,,0.0,,100.5,,,,,,,,,,6,,,,,,0.25,,,,,,,,,,,,,,,0.0,12,,,,,0.4,0,,,,,,,0.0,200.06333333333333,,,,,0.024,,,,,,,,,0.0,,,0.0,4.0,,,,,0.357,,,,,,,,,,,4,,3,,63,,,,,,,,,,,,,79.67,,11.0,,,,,,,,,,,1985,35,,,,,,,,,,1,,,0.0,,,,19,,,,,22,,,,,0.537,,,,,0.0,,,,3.2,,0.0,,,,3.0,,,,,,,0.0,,,95.61,,,,2.9,,,0.0,,30,,,95.61,,,0.0,97.3,3.2,,,0.0,,,,,,0.633,,,,,,0.636,,,,,,3,98.8,,4,4.3,,,,,100.5,,,,,,,,,,4.0,,,,,0.21,,,,1.0,,,,,0,,,,0.0,,,,,,,,,,1.0,,,41,,,,,0.0,,,,,,,,,5,,,,13.0,,,,,,5.0,0.0,,,,,,,,,73.17073170731707
223,Bill Curley,8,11,1998,284,MIN,1610612750,26.0,,,,,0.098,,0.495,,,,,,,0.0,,,,2.0,,,,11.0,,,,0.0,,5.0,,,,7.0,,,,,,,,,0,,94.58,,,0.0,,,Boston College,,,,,,,0.4,,,,,,28,,,0.0,0,USA,,,,1.0,,,,,0.0,,,,,,,,,,,,,,,11,,,9.0,,,,0.583,,,,,,0.0,,,,110.3,,82.6,,,,1.5,,,0.074,,,0.467,5.0,,,0.444,,,,,,,,,,,,,,,,,,,,,,1,,,,,101.7,,0.0,,,,,,0.0,,,,,,,0.112,,,,0.0,,,0.485,,,,,,,7.3,,,,,,,,81.0,,,,,,,,,,,,245.0,,,,,,0.0,,,,,,,,,,,,,,15.0,,,7.3,,,,7.4,,,,,,,,,,,,,,,,,,,,,0.0,,,,,,,,,,,,,,,,,,0.0,,0.0,28,,,,,,,,,,,,,0.116,,,,0.0,,110.2,,,,,,,,,,13,,,,,,1.33,,,,,,,,,,,,,,,0.0,3,,,,,0.455,0,,,,,,,0.0,145.95333333333335,,,,,0.037,,,,,,,,,0.0,,,0.0,7.0,,,,,0.727,,,,,,,,,,,3,,22,,34,,,,,,,,,,,,,79.34,,12.0,,,,,,,,,,,1994,17,,,,,,,,,,1,,,0.0,,,,2,,,,,16,,,,,0.485,,,,,0.0,,,,8.5,,1.0,,,,4.0,,,,,,,,,,95.21,,,,3.0,,,0.0,,3,,,95.21,,,0.0,101.7,8.5,,,0.0,,,,,0.0,0.667,,,,,,0.4,,,,,,4,102.9,,1,9.8,,,,,110.2,,,,,,,,,,5.0,,,,,0.125,,,,5.0,,,,,0,,,,0.0,,,,,,,,,,0.714,,,33,,,,,0.0,,,,,,,,,2,,,,2.0,,,,,,7.0,,,,,,,,,,9.090909090909092
82,Bill Wennington,35,48,1998,891,CHI,1610612741,35.0,,,,,0.082,,0.461,,,,,,,0.0,,,,18.0,,,,18.0,,,,0.0,,31.0,,,,80.0,,,,,,,,,0,,92.19,,,,,,St. John's (NY),,,,,,,0.581,,,,,,80,,,0.0,0,Canada,,,,0.0,,,,,0.0,,,,,,,,,,,,,,,32,,,38.0,,,,0.261,,,,,,0.0,,,,97.1,,302.5,,,,1.6,,,0.065,,,0.432,32.0,,,0.395,,,,,,,,,,,,,,,,,,,,,,0,,,,,94.3,,0.0,,,,,,0.0,,,,,,,0.188,,,,0.0,,,0.436,,,,,,,7.4,,,,,,,,84.0,,,,,,,,,,,,277.0,,,,,,0.0,,,,,,,,,,,,,,118.0,,,7.4,,,,3.7,,,,,,,,,,,,,,,,,,,,,0.0,,,,,,,,,,,,,,,,,,0.0,,1.0,77,,,,,,,,,,,,,0.193,,,,0.0,,96.7,,,,,,,,,,18,,,,,,1.19,,,,,,,,,,,,,,,0.0,16,,,,,0.333,0,,,,,,,0.0,466.5233333333333,,,,,0.071,,,,,,,,,0.0,,,0.0,51.0,,,,,0.729,,,,,,,,,,,4,,16,,167,,,,,,,,,,,,,76.57,,23.0,,,,,,,,,,,1985,48,,,,,,,,,,1,,,,,,,17,,,,,75,,,,,0.436,,,,,0.0,,,,2.4,,0.0,,,,15.0,,,,,,,,,,91.88,,,,3.6,,,4.0,,21,,,91.88,,,,94.3,2.4,,,0.0,,,,,0.0,0.81,,,,,,0.563,,,,,,19,93.4,,5,8.8,,,,,96.7,,,,,,,,,,6.0,,,,,0.099,,,,35.0,,,,,0,,,,0.25,,,,,,,,,,0.438,,,172,,,,,0.0,,,,,,,,,12,,,,18.0,,,,,,6.0,,,,,,,,,,12.209302325581396
182,Billy Owens,25,78,1998,4608,SAC,1610612758,29.0,,,,,0.123,,0.502,,,,,,,3.0,,,,185.0,,,,122.0,,,,9.0,,274.0,,,,125.0,,,,,,,,,26,,94.78,,,0.0,,,Syracuse,,,,,,,0.62,,,,,,582,,,16.0,1,USA,,,,46.0,,,,,0.0,,,,,,,,,,,,,,,170,,,42.0,,,,0.438,,,,,,0.455,,,,98.3,,2084.9,,,,4.3,,,0.07,,0.0,0.332,301.0,,,0.238,,,,,,,,,,,,,,,,,,,,,,70,,,,,104.3,,1.0,,,,,,10.0,,,,,,,0.18,,,,0.371,,,0.482,,,,,,,12.9,,,,,,,,81.0,,,,,,,,,,,,225.0,,,,,,5.0,,,,,,,,,,,,,,247.0,,,12.9,,,,-5.2,,,,,,,,,,,,,,,,,,,,,0.0,,,,,,,,,,,,,,,,,,0.0,,49.0,231,,,,,,,,,,,,,0.183,,,,0.45,,98.8,,,,,,,,,,-256,,,,,,1.43,,,,,,,,,,,,,,,2.0,153,,,,,0.369,14,,,,,,,0.0,2349.508333333333,,,,,0.151,,,,,,,,,20.0,,,22.0,82.0,,,,,0.321,,,,,,,,,,,93,,3,,818,,,,,,,,,,,,,78.49,,137.0,,,,,,,,,,,1991,412,,,,,,,,,,1,,,2.0,,,,116,,,,,338,,,,,0.464,,,,,0.348,,,,-5.4,,19.0,,,,10.0,,,,,,,0.0,,,94.19,,,,9.3,,,116.0,,197,,,94.19,,,0.0,104.3,-5.4,,,0.5,,,,,0.0,0.589,,,,,,0.615,,,,,,219,103.5,,38,18.4,,,,,98.8,,,,,,,,,,45.0,,,,,0.177,,,,44.0,,,,,0,,,,0.422,,,,,,,,,,0.352,,,728,,,,,0.263,,,,,,,,,56,,,,170.0,,,,,,60.0,0.0,,,,,,,,,27.060439560439562
902,Bimbo Coles,12,53,1998,2899,GSW,1610612744,30.0,,,,,0.039,,0.444,,,,,,,1.0,,,,45.0,,,,31.0,,,,0.0,,77.0,,,,188.0,,,,,,,,,13,,95.65,,,0.0,,,Virginia Tech,,,,,,,0.545,,,,,,123,,,12.0,1,USA,,,,50.0,,,,,2.0,,,,,,,,,,,,,,,17,,,59.0,,,,0.396,,,,,,0.143,,,,91.0,,1045.6,,,,3.1,,,0.01,,2.0,0.359,86.0,,,0.407,,,,,,,,,,,,,,,,,,,,,,57,,,,,103.8,,1.0,,,,,,1.0,,,,,,,0.163,,,,0.228,,,0.394,,,,,,,10.9,,,,,,,,74.0,,,,,,,,,,,,182.0,,,,,,7.0,,,,,,,,,,,,,,256.0,,,11.0,,,,-12.1,,,,,,,,,,,,,,,,,,,,,1.0,,,,,,,,,,,,,,,,,,0.0,,11.0,135,,,,,,,,,,,,,0.166,,,,0.0,,91.9,,,,,,,,,,-356,,,,,,2.79,,,,,,,,,,,,,,,4.0,89,,,,,0.355,0,,,,,,,0.0,1469.5483333333334,,,,,0.28,,,,,,,,,3.0,,,7.0,92.0,,,,,0.226,,,,,,,,,,,51,,40,,423,,,,,,,,,,,,,79.07,,48.0,,,,,,,,,,,1990,106,,,,,,,,,,2,,,0.0,,,,78,,,,,166,,,,,0.379,,,,,0.24,,,,-11.9,,29.0,,,,24.0,,,,,,,0.0,,,94.89,,,,8.3,,,40.0,,88,,,94.89,,,0.0,103.8,-11.9,,,0.25,,,,,0.5,0.886,,,,,,0.523,,,,,,248,103.1,,13,30.5,,,,,91.9,,,,,,,,,,11.0,,,,,0.069,,,,67.0,,,,,0,,,,0.275,,,,,,,,,,0.356,,,438,,,,,0.241,,,,,,,,,31,,,,42.0,,,,,,19.0,0.0,,,,,,,,,20.091324200913242
183,Bison Dele,35,78,1998,4924,DET,1610612765,29.0,,,,,0.143,,0.542,,,,,,,0.0,,,,285.0,,,,238.0,,,,1.0,,398.0,,,,91.0,,,,,,,,,1,,90.33,,,0.0,,,Arizona,,,,,,,0.683,,,,,,695,,,0.0,2,USA,,,,2.0,,,,,1.0,,,,,,,,,,,,,,,223,,,281.0,,,,0.43,,,,,,1.0,,,,102.0,,2421.0,,,,6.8,,,0.091,,0.0,0.389,426.0,,,0.399,,,,,,,,,,,,,,,,,,,,,,3,,,,,101.8,,0.0,,,,,,1.0,,,,,,,0.237,,,,0.333,,,0.511,,,,,,,12.6,,,,,,,,83.0,,,,,,,,,,,,260.0,,,,,,0.0,,,,,,,,,,,,,,411.0,,,12.6,,,,0.5,,,,,,,,,,,,,,,,,,,,,0.0,,,,,,,,,,,,,,,,,,0.0,,1.0,252,,,,,,,,,,,,,0.241,,,,1.0,,102.4,,,,,,,,,,33,,,,,,0.52,,,,,,,,,,,,,,,0.0,181,,,,,0.429,30,,,,,,,0.0,2622.721666666667,,,,,0.068,,,,,,,,,1.0,,,1.0,160.0,,,,,0.449,,,,,,,,,,,67,,10,,1261,,,,,,,,,,,,,75.06,,228.0,,,,,,,,,,,1991,472,,,,,,,,,,1,,,0.0,,,,198,,,,,531,,,,,0.511,,,,,0.0,,,,0.6,,1.0,,,,112.0,,,,,,,0.0,,,90.07,,,,13.3,,,2.0,,280,,,90.07,,,0.0,101.8,0.6,,,0.0,,,,,0.0,0.707,,,,,,0.669,,,,,,94,101.5,,55,6.5,,,,,102.4,,,,,,,,,,102.0,,,,,0.196,,,,31.0,,,,,0,,,,0.5,,,,,,,,,,0.341,,,1040,,,,,0.0,,,,,,,,,63,,,,272.0,,,,,,98.0,0.0,,,,,,,,,26.923076923076923
898,Blue Edwards,19,81,1998,3834,VAN,1610612763,32.0,,,,,0.058,,0.521,,,,,,,3.0,,,,134.0,,,,86.0,,,,7.0,,185.0,,,,186.0,,,,,,,,,40,,93.56,,,0.0,,,East Carolina,,,,,,,0.692,,,,,,217,,,31.0,4,USA,,,,91.0,,,,,1.0,,,,,,,,,,,,,,,61,,,76.0,,,,0.303,,,,,,0.36,,,,103.7,,1638.9,,,,4.0,,,0.033,,2.0,0.375,200.0,,,0.329,,,,,,,,,,,,,,,,,,,,,,120,,,,,108.8,,2.0,,,,,,9.0,,,,,,,0.216,,,,0.333,,,0.466,,,,,,,11.4,,,,,,,,76.0,,,,,,,,,,,,229.0,,,,,,17.0,,,,,,,,,,,,,,349.0,,,11.5,,,,-5.0,,,,,,,,,,,,,,,,,,,,,0.0,,,,,,,,,,,,,,,,,,0.0,,48.0,183,,,,,,,,,,,,,0.221,,,,0.368,,104.0,,,,,,,,,,-173,,,,,,1.5,,,,,,,,,,,,,,,6.0,134,,,,,0.267,0,,,,,,,0.0,1969.8433333333328,,,,,0.17,,,,,,,,,19.0,,,25.0,131.0,,,,,0.235,,,,,,,,,,,86,,21,,872,,,,,,,,,,,,,77.78,,89.0,,,,,,,,,,,1989,156,,,,,,,,,,1,,,3.0,,,,180,,,,,326,,,,,0.439,,,,,0.341,,,,-4.7,,51.0,,,,25.0,,,,,,,0.0,,,93.34,,,,9.2,,,137.0,,215,,,93.34,,,0.0,108.8,-4.7,,,0.333,,,,,0.0,0.837,,,,,,0.67,,,,,,201,108.6,,27,17.3,,,,,104.0,,,,,,,,,,23.0,,,,,0.083,,,,79.0,,,,,0,,,,0.35,,,,,,,,,,0.425,,,742,,,,,0.333,,,,,,,,,37,,,,128.0,,,,,,27.0,0.0,,,,,,,,,28.975741239892184
448,Bo Outlaw,41,82,1998,5422,ORL,1610612753,27.0,,,,,0.112,,0.575,,,,,,,1.0,,,,271.0,,,,62.0,,,,0.0,,393.0,,,,25.0,,,,,,,,,1,,89.29,,,0.0,,,Houston,,,,,,,0.679,,,,,,637,,,1.0,6,USA,,,,4.0,,,,,0.0,,,,,,,,,,,,,,,255,,,37.0,,,,0.247,,,,,,0.0,,,,99.6,,2558.4,,,,3.7,,,0.089,,1.0,0.191,410.0,,,0.162,,,,,,,,,,,,,,,,,,,,,,4,,,,,101.0,,0.0,,,,,,0.0,,,,,,,0.133,,,,0.25,,,0.554,,,,,,,16.3,,,,,,,,80.0,,,,,,,,,,,,210.0,,,,,,0.0,,,,,,,,,,,,,,68.0,,,16.4,,,,-0.4,,,,,,,,,,,,,,,,,,,,,0.0,,,,,,,,,,,,,,,,,,0.0,,2.0,260,,,,,,,,,,,,,0.135,,,,0.0,,100.9,,,,,,,,,,-27,,,,,,1.23,,,,,,,,,,,,,,,0.0,175,,,,,0.258,16,,,,,,,0.0,2954.298333333333,,,,,0.122,,,,,,,,,0.0,,,0.0,13.0,,,,,0.5,,,,,,,,,,,107,,Undrafted,,781,,,,,,,,,,,,,73.56,,77.0,,,,,,,,,,,Undrafted,382,,,,,,,,,,Undrafted,,,0.0,,,,180,,,,,300,,,,,0.554,,,,,0.25,,,,-0.1,,2.0,,,,6.0,,,,,,,1.0,,,88.27,,,,6.6,,,4.0,,313,,,88.27,,,0.0,101.0,-0.1,,,0.0,,,,,0.0,0.575,,,,,,0.661,,,,,,216,100.1,,181,20.2,,,,,100.9,,,,,,,,,,16.0,,,,,0.135,,,,4.0,,,,,1,,,,0.5,,,,,,,,,,0.16,,,542,,,,,0.0,,,,,,,,,53,,,,267.0,,,,,,19.0,1.0,,,,,,,,,57.74907749077491
737,Bob McCann,0,1,1998,11,TOR,1610612761,34.0,,,,,0.0,,0.0,,,,,,,,,,,0.0,,,,0.0,,,,0.0,,0.0,,,,1.0,,,,,,,,,0,,107.03,,,,,,Morehead State,,,,,,,0.0,,,,,,1,,,0.0,0,USA,,,,0.0,,,,,,,,,,,,,,,,,,,,0,,,0.0,,,,0.0,,,,,,0.0,,,,70.7,,1.2,,,,0.0,,,0.0,,,0.0,0.0,,,0.0,,,,,,,,,,,,,,,,,,,,,,0,,,,,91.7,,,,,,,,0.0,,,,,,,0.091,,,,0.0,,,0.0,,,,,,,0.0,,,,,,,,78.0,,,,,,,,,,,,244.0,,,,,,,,,,,,,,,,,,,,1.0,,,0.0,,,,-27.5,,,,,,,,,,,,,,,,,,,,,,,,,,,,,,,,,,,,,,,,,0.0,1,,,,,,,,,,,,,0.088,,,,0.0,,72.7,,,,,,,,,,-3,,,,,,0.0,,,,,,,,,,,,,,,,0,,,,,0.0,0,,,,,,,,5.05,,,,,0.0,,,,,,,,,0.0,,,0.0,0.0,,,,,0.0,,,,,,,,,,,0,,32,,0,,,,,,,,,,,,,91.09,,0.0,,,,,,,,,,,1987,1,,,,,,,,,,2,,,,,,,0,,,,,0,,,,,0.0,,,,,0.0,,,,-18.9,,,,,,0.0,,,,,,,,,,109.31,,,,1.0,,,0.0,,0,,,109.31,,,,91.7,-18.9,,,,,,,,,0.0,,,,,,0.0,,,,,,0,98.2,,0,0.0,,,,,72.7,,,,,,,,,,0.0,,,,,0.0,,,,0.0,,,,,0,,,,0.0,,,,,,,,,,0.0,,,1,,,,,,,,,,,,,,0,,,,0.0,,,,,,0.0,,,,,,,,,,0.0
682,Bob Sura,25,46,1998,1815,CLE,1610612739,25.0,,,,,0.054,,0.463,,,,,,,2.0,,,,53.0,,,,10.0,,,,1.0,,112.0,,,,19.0,,,,,,,,,19,,91.92,,,0.0,,,Florida State,,,,,,,0.446,,,,,,94,,,17.0,1,USA,,,,52.0,,,,,,,,,,,,,,,,,,,,25,,,13.0,,,,0.35,,,,,,0.333,,,,97.5,,696.3,,,,1.9,,,0.029,,1.0,0.275,119.0,,,0.154,,,,,,,,,,,,,,,,,,,,,,60,,,,,96.8,,1.0,,,,,,2.0,,,,,,,0.183,,,,0.317,,,0.418,,,,,,,16.8,,,,,,,,77.0,,,,,,,,,,,,200.0,,,,,,4.0,,,,,,,,,,,,,,40.0,,,16.8,,,,-0.4,,,,,,,,,,,,,,,,,,,,,,,,,,,,,,,,,,,,,,,0.0,,20.0,113,,,,,,,,,,,,,0.187,,,,0.5,,97.1,,,,,,,,,,-4,,,,,,1.84,,,,,,,,,,,,,,,4.0,93,,,,,0.2,1,,,,,,,0.0,943.4,,,,,0.305,,,,,,,,,2.0,,,6.0,11.0,,,,,0.543,,,,,,,,,,,44,,17,,267,,,,,,,,,,,,,77.19,,20.0,,,,,,,,,,,1995,69,,,,,,,,,,1,,,1.0,,,,74,,,,,87,,,,,0.377,,,,,0.327,,,,0.4,,19.0,,,,2.0,,,,,,,0.0,,,92.63,,,,5.0,,,48.0,,131,,,92.63,,,0.0,96.8,0.4,,,0.25,,,,,,0.565,,,,,,0.445,,,,,,171,97.9,,7,30.8,,,,,97.1,,,,,,,,,,2.0,,,,,0.079,,,,6.0,,,,,0,,,,0.417,,,,,,,,,,0.316,,,231,,,,,0.211,,,,,,,,,15,,,,50.0,,,,,,7.0,0.0,,,,,,,,,56.70995670995671
310,Bobby Hurley,19,61,1998,1738,VAN,1610612763,27.0,,,,,0.039,,0.461,,,,,,,0.0,,,,23.0,,,,16.0,,,,0.0,,50.0,,,,101.0,,,,,,,,,5,,94.57,,,0.0,,,Duke,,,,,,,0.44,,,,,,66,,,5.0,0,USA,,,,22.0,,,,,0.0,,,,,,,,,,,,,,,12,,,17.0,,,,0.292,,,,,,0.0,,,,97.9,,577.7,,,,1.5,,,0.014,,,0.415,53.0,,,0.412,,,,,,,,,,,,,,,,,,,,,,22,,,,,105.1,,0.0,,,,,,0.0,,,,,,,0.177,,,,0.227,,,0.401,,,,,,,16.1,,,,,,,,72.0,,,,,,,,,,,,165.0,,,,,,2.0,,,,,,,,,,,,,,142.0,,,16.0,,,,-8.0,,,,,,,,,,,,,,,,,,,,,0.0,,,,,,,,,,,,,,,,,,0.0,,11.0,79,,,,,,,,,,,,,0.18,,,,0.0,,97.2,,,,,,,,,,-135,,,,,,2.06,,,,,,,,,,,,,,,0.0,86,,,,,0.25,0,,,,,,,0.0,875.18,,,,,0.33,,,,,,,,,0.0,,,0.0,59.0,,,,,0.311,,,,,,,,,,,23,,7,,250,,,,,,,,,,,,,79.37,,24.0,,,,,,,,,,,1993,54,,,,,,,,,,1,,,0.0,,,,59,,,,,93,,,,,0.391,,,,,0.227,,,,-7.9,,11.0,,,,7.0,,,,,,,,,,95.24,,,,3.9,,,40.0,,76,,,95.24,,,0.0,105.1,-7.9,,,0.0,,,,,0.0,0.776,,,,,,0.434,,,,,,177,105.9,,0,32.9,,,,,97.2,,,,,,,,,,4.0,,,,,0.065,,,,46.0,,,,,0,,,,0.275,,,,,,,,,,0.455,,,238,,,,,0.182,,,,,,,,,17,,,,22.0,,,,,,7.0,,,,,,,,,,31.932773109243698
1517,Bobby Jackson,8,68,1998,3954,DEN,1610612743,25.0,,,,,0.075,,0.453,,,,,,,2.0,,,,105.0,,,,58.0,,,,2.0,,193.0,,,,275.0,,,,,,,,,21,,93.36,,,0.0,,,Minnesota,,,,,,,0.528,,,,,,302,,,19.0,1,USA,,,,72.0,,,,,3.0,,,,,,,,,,,,,,,78,,,104.0,,,,0.354,,,,,,0.333,,,,96.2,,1791.9,,,,4.6,,,0.038,,1.0,0.362,201.0,,,0.433,,,,,,,,,,,,,,,,,,,,,,81,,,,,109.5,,1.0,,,,,,3.0,,,,,,,0.229,,,,0.259,,,0.405,,,,,,,13.4,,,,,,,,73.0,,,,,,,,,,,,185.0,,,,,,9.0,,,,,,,,,,,,,,434.0,,,13.4,,,,-12.5,,,,,,,,,,,,,,,,,,,,,1.0,,,,,,,,,,,,,,,,,,0.0,,40.0,160,,,,,,,,,,,,,0.233,,,,0.333,,96.8,,,,,,,,,,-491,,,,,,1.72,,,,,,,,,,,,,,,3.0,184,,,,,0.293,5,,,,,,,0.0,2044.7483333333328,,,,,0.288,,,,,,,,,6.0,,,9.0,157.0,,,,,0.118,,,,,,,,,,,105,,23,,790,,,,,,,,,,,,,77.26,,82.0,,,,,,,,,,,1997,224,,,,,,,,,,1,,,1.0,,,,149,,,,,310,,,,,0.392,,,,,0.264,,,,-12.7,,43.0,,,,45.0,,,,,,,0.0,,,92.71,,,,11.6,,,104.0,,183,,,92.71,,,0.0,109.5,-12.7,,,0.333,,,,,0.333,0.814,,,,,,0.522,,,,,,317,108.7,,11,23.1,,,,,96.8,,,,,,,,,,17.0,,,,,0.114,,,,93.0,,,,,0,,,,0.385,,,,,,,,,,0.338,,,791,,,,,0.209,,,,,,,,,57,,,,102.0,,,,,,29.0,0.0,,,,,,,,,23.13527180783818
184,Bobby Phills,40,62,1998,3607,CHH,1610612766,28.0,,,,,0.063,,0.523,,,,,,,1.0,,,,126.0,,,,51.0,,,,5.0,,202.0,,,,82.0,,,,,,,,,44,,91.62,,,0.0,,,Southern,,,,,,,0.589,,,,,,216,,,24.0,5,USA,,,,68.0,,,,,0.0,,,,,,,,,,,,,,,59,,,36.0,,,,0.333,,,,,,0.435,,,,107.0,,1370.7,,,,4.0,,,0.035,,0.0,0.358,216.0,,,0.389,,,,,,,,,,,,,,,,,,,,,,114,,,,,103.1,,15.0,,,,,,20.0,,,,,,,0.175,,,,0.386,,,0.486,,,,,,,11.9,,,,,,,,77.0,,,,,,,,,,,,226.0,,,,,,7.0,,,,,,,,,,,,,,179.0,,,11.9,,,,3.6,,,,,,,,,,,,,,,,,,,,,0.0,,,,,,,,,,,,,,,,,,0.0,,59.0,181,,,,,,,,,,,,,0.178,,,,0.455,,106.7,,,,,,,,,,119,,,,,,1.73,,,,,,,,,,,,,,,35.0,108,,,,,0.314,0,,,,,,,0.0,1888.2683333333327,,,,,0.155,,,,,,,,,11.0,,,46.0,64.0,,,,,0.645,,,,,,,,,,,81,,45,,642,,,,,,,,,,,,,76.55,,57.0,,,,,,,,,,,1991,157,,,,,,,,,,2,,,0.0,,,,106,,,,,246,,,,,0.446,,,,,0.353,,,,3.7,,25.0,,,,14.0,,,,,,,0.0,,,91.86,,,,8.9,,,141.0,,140,,,91.86,,,0.0,103.1,3.7,,,0.429,,,,,0.0,0.757,,,,,,0.583,,,,,,187,103.4,,18,20.6,,,,,106.7,,,,,,,,,,16.0,,,,,0.089,,,,24.0,,,,,0,,,,0.418,,,,,,,,,,0.293,,,552,,,,,0.28,,,,,,,,,29,,,,119.0,,,,,,19.0,0.0,,,,,,,,,25.36231884057971
38,Brad Lohaus,6,9,1998,181,SAS,1610612759,33.0,,,,,0.06,,0.426,,,,,,,,,,,0.0,,,,0.0,,,,0.0,,0.0,,,,6.0,,,,,,,,,4,,84.98,,,,,,Iowa,,,,,,,0.0,,,,,,12,,,3.0,0,USA,,,,13.0,,,,,0.0,,,,,,,,,,,,,,,3,,,0.0,,,,0.0,,,,,,1.0,,,,99.6,,46.9,,,,0.8,,,0.028,,0.0,0.429,0.0,,,0.0,,,,,,,,,,,,,,,,,,,,,,14,,,,,116.4,,1.0,,,,,,1.0,,,,,,,0.117,,,,0.286,,,0.429,,,,,,,9.9,,,,,,,,83.0,,,,,,,,,,,,230.0,,,,,,1.0,,,,,,,,,,,,,,7.0,,,10.0,,,,-17.0,,,,,,,,,,,,,,,,,,,,,0.0,,,,,,,,,,,,,,,,,,,,3.0,10,,,,,,,,,,,,,0.122,,,,0.0,,97.2,,,,,,,,,,-37,,,,,,1.67,,,,,,,,,,,,,,,1.0,3,,,,,0.0,0,,,,,,,,101.485,,,,,0.088,,,,,,,,,0.0,,,1.0,3.0,,,,,0.667,,,,,,,,,,,1,,45,,19,,,,,,,,,,,,,71.73,,0.0,,,,,,,,,,,1987,9,,,,,,,,,,2,,,,,,,1,,,,,7,,,,,0.333,,,,,0.231,,,,-19.2,,5.0,,,,0.0,,,,,,,0.0,,,86.08,,,,2.3,,,10.0,,3,,,86.08,,,,116.4,-19.2,,,1.0,,,,,0.0,0.333,,,,,,0.0,,,,,,5,116.6,,2,16.7,,,,,97.2,,,,,,,,,,0.0,,,,,0.096,,,,3.0,,,,,0,,,,0.3,,,,,,,,,,0.5,,,21,,,,,0.2,,,,,,,,,0,,,,0.0,,,,,,0.0,0.0,,,,,,,,,14.285714285714286
1585,Brandon Williams,2,9,1998,287,GSW,1610612744,23.0,,,,,0.047,,0.357,,,,,,,0.0,,,,4.0,,,,5.0,,,,0.0,,10.0,,,,14.0,,,,,,,,,3,,97.52,,,0.0,,,Davidson,,,,,,,0.4,,,,,,15,,,2.0,0,USA,,,,8.0,,,,,,,,,,,,,,,,,,,,4,,,8.0,,,,0.2,,,,,,1.0,,,,94.9,,77.5,,,,1.8,,,0.026,,,0.308,11.0,,,0.125,,,,,,,,,,,,,,,,,,,,,,9,,,,,94.5,,1.0,,,,,,1.0,,,,,,,0.177,,,,0.333,,,0.35,,,,,,,14.1,,,,,,,,78.0,,,,,,,,,,,,215.0,,,,,,1.0,,,,,,,,,,,,,,26.0,,,14.1,,,,-2.8,,,,,,,,,,,,,,,,,,,,,,,,,,,,,,,,,,,,,,,0.0,,4.0,18,,,,,,,,,,,,,0.181,,,,0.0,,94.1,,,,,,,,,,-7,,,,,,0.33,,,,,,,,,,,,,,,1.0,9,,,,,0.2,0,,,,,,,0.0,139.78833333333333,,,,,0.031,,,,,,,,,0.0,,,1.0,8.0,,,,,0.222,,,,,,,,,,,6,,Undrafted,,37,,,,,,,,,,,,,82.98,,5.0,,,,,,,,,,,Undrafted,11,,,,,,,,,,Undrafted,,,0.0,,,,2,,,,,16,,,,,0.32,,,,,0.25,,,,-0.5,,4.0,,,,1.0,,,,,,,,,,99.58,,,,5.6,,,8.0,,4,,,99.58,,,0.0,94.5,-0.5,,,1.0,,,,,,0.5,,,,,,0.364,,,,,,3,97.7,,3,4.7,,,,,94.1,,,,,,,,,,1.0,,,,,0.067,,,,5.0,,,,,0,,,,0.5,,,,,,,,,,0.357,,,50,,,,,0.25,,,,,,,,,6,,,,4.0,,,,,,1.0,,,,,,,,,,8.0
699,Brent Barry,21,58,1998,3215,MIA,1610612748,26.0,,,,,0.053,,0.558,,,,,,,1.0,,,,83.0,,,,35.0,,,,5.0,,124.0,,,,51.0,,,,,,,,,90,,96.34,,,0.0,,,Oregon State,,,,,,,0.629,,,,,,171,,,79.0,0,USA,,,,198.0,,,,,1.0,,,,,,,,,,,,,,,29,,,23.0,,,,0.392,,,,,,0.344,,,,100.7,,1234.7,,,,3.7,,,0.018,,3.0,0.248,132.0,,,0.435,,,,,,,,,,,,,,,,,,,,,,229,,,,,107.0,,6.0,,,,,,11.0,,,,,,,0.179,,,,0.393,,,0.51,,,,,,,12.7,,,,,,,,78.0,,,,,,,,,,,,195.0,,,,,,49.0,,,,,,,,,,,,,,101.0,,,12.8,,,,-6.5,,,,,,,,,,,,,,,,,,,,,0.0,,,,,,,,,,,,,,,,,,0.0,,52.0,118,,,,,,,,,,,,,0.184,,,,0.25,,101.2,,,,,,,,,,-183,,,,,,1.47,,,,,,,,,,,,,,,12.0,104,,,,,0.229,0,,,,,,,0.0,1603.0916666666667,,,,,0.153,,,,,,,,,20.0,,,32.0,25.0,,,,,0.362,,,,,,,,,,,64,,15,,631,,,,,,,,,,,,,80.18,,51.0,,,,,,,,,,,1995,142,,,,,,,,,,1,,,0.0,,,,115,,,,,213,,,,,0.421,,,,,0.399,,,,-5.8,,121.0,,,,10.0,,,,,,,0.0,,,96.22,,,,8.7,,,139.0,,134,,,96.22,,,0.0,107.0,-5.8,,,0.5,,,,,0.0,0.858,,,,,,0.629,,,,,,153,107.2,,27,18.8,,,,,101.2,,,,,,,,,,8.0,,,,,0.09,,,,11.0,,,,,0,,,,0.374,,,,,,,,,,0.216,,,506,,,,,0.405,,,,,,,,,22,,,,78.0,,,,,,20.0,0.0,,,,,,,,,26.48221343873518
85,Brent Price,35,72,1998,2612,HOU,1610612745,29.0,,,,,0.041,,0.575,,,,,,,1.0,,,,40.0,,,,7.0,,,,10.0,,65.0,,,,31.0,,,,,,,,,73,,94.32,,,0.0,,,Oklahoma,,,,,,,0.6,,,,,,107,,,59.0,0,USA,,,,154.0,,,,,0.0,,,,,,,,,,,,,,,37,,,9.0,,,,0.091,,,,,,0.464,,,,104.6,,879.4,,,,1.8,,,0.03,,0.0,0.308,68.0,,,0.222,,,,,,,,,,,,,,,,,,,,,,187,,,,,105.4,,3.0,,,,,,13.0,,,,,,,0.152,,,,0.39,,,0.531,,,,,,,16.9,,,,,,,,73.0,,,,,,,,,,,,185.0,,,,,,23.0,,,,,,,,,,,,,,52.0,,,17.0,,,,-0.2,,,,,,,,,,,,,,,,,,,,,0.0,,,,,,,,,,,,,,,,,,0.0,,52.0,163,,,,,,,,,,,,,0.156,,,,0.556,,105.2,,,,,,,,,,-2,,,,,,1.73,,,,,,,,,,,,,,,10.0,111,,,,,0.143,0,,,,,,,0.0,1335.3283333333334,,,,,0.229,,,,,,,,,18.0,,,28.0,16.0,,,,,0.486,,,,,,,,,,,52,,32,,406,,,,,,,,,,,,,78.18,,11.0,,,,,,,,,,,1992,70,,,,,,,,,,2,,,0.0,,,,77,,,,,128,,,,,0.413,,,,,0.383,,,,-0.2,,66.0,,,,2.0,,,,,,,0.0,,,93.82,,,,4.3,,,128.0,,98,,,93.82,,,0.0,105.4,-0.2,,,0.3,,,,,0.0,0.786,,,,,,0.588,,,,,,192,104.8,,4,29.4,,,,,105.2,,,,,,,,,,1.0,,,,,0.053,,,,10.0,,,,,0,,,,0.406,,,,,,,,,,0.323,,,310,,,,,0.348,,,,,,,,,19,,,,39.0,,,,,,1.0,0.0,,,,,,,,,31.612903225806452
1510,Brevin Knight,45,80,1998,4756,CLE,1610612739,22.0,,,,,0.054,,0.515,,,,,,,1.0,,,,99.0,,,,76.0,,,,0.0,,173.0,,,,175.0,,,,,,,,,0,,92.6,,,0.0,,,Stanford,,,,,,,0.514,,,,,,253,,,0.0,0,USA,,,,5.0,,,,,0.0,,,,,,,,,,,,,,,67,,,100.0,,,,0.422,,,,,,0.0,,,,101.9,,2458.6,,,,3.3,,,0.029,,0.0,0.415,197.0,,,0.42,,,,,,,,,,,,,,,,,,,,,,7,,,,,95.7,,0.0,,,,,,0.0,,,,,,,0.163,,,,0.0,,,0.441,,,,,,,12.5,,,,,,,,70.0,,,,,,,,,,,,173.0,,,,,,0.0,,,,,,,,,,,,,,277.0,,,12.5,,,,6.3,,,,,,,,,,,,,,,,,,,,,0.0,,,,,,,,,,,,,,,,,,0.0,,15.0,271,,,,,,,,,,,,,0.166,,,,0.0,,102.6,,,,,,,,,,296,,,,,,3.38,,,,,,,,,,,,,,,1.0,194,,,,,0.342,12,,,,,,,0.0,2484.025,,,,,0.418,,,,,,,,,1.0,,,2.0,115.0,,,,,0.563,,,,,,,,,,,196,,16,,723,,,,,,,,,,,,,76.85,,135.0,,,,,,,,,,,1997,186,,,,,,,,,,1,,,0.0,,,,201,,,,,261,,,,,0.441,,,,,0.0,,,,6.9,,3.0,,,,42.0,,,,,,,0.0,,,92.22,,,,7.4,,,40.0,,251,,,92.22,,,0.0,95.7,6.9,,,0.0,,,,,0.0,0.801,,,,,,0.503,,,,,,656,95.6,,18,42.3,,,,,102.6,,,,,,,,,,26.0,,,,,0.077,,,,79.0,,,,,0,,,,0.375,,,,,,,,,,0.451,,,592,,,,,0.0,,,,,,,,,44,,,,89.0,,,,,,57.0,0.0,,,,,,,,,42.398648648648646
967,Brian Evans,32,72,1998,1772,NJN,1610612751,24.0,,,,,0.079,,0.476,,,,,,,2.0,,,,22.0,,,,21.0,,,,4.0,,52.0,,,,80.0,,,,,,,,,29,,94.05,,,0.0,,,Indiana,,,,,,,0.423,,,,,,137,,,20.0,0,USA,,,,58.0,,,,,2.0,,,,,,,,,,,,,,,49,,,34.0,,,,0.368,,,,,,0.321,,,,100.0,,655.9,,,,1.7,,,0.052,,0.0,0.422,52.0,,,0.324,,,,,,,,,,,,,,,,,,,,,,87,,,,,102.3,,5.0,,,,,,9.0,,,,,,,0.178,,,,0.333,,,0.441,,,,,,,8.8,,,,,,,,80.0,,,,,,,,,,,,220.0,,,,,,9.0,,,,,,,,,,,,,,154.0,,,8.9,,,,-3.8,,,,,,,,,,,,,,,,,,,,,0.0,,,,,,,,,,,,,,,,,,0.0,,35.0,101,,,,,,,,,,,,,0.185,,,,0.4,,99.7,,,,,,,,,,-37,,,,,,1.45,,,,,,,,,,,,,,,18.0,38,,,,,0.429,0,,,,,,,0.0,893.5716666666667,,,,,0.105,,,,,,,,,10.0,,,28.0,65.0,,,,,0.444,,,,,,,,,,,29,,27,,321,,,,,,,,,,,,,79.12,,19.0,,,,,,,,,,,1996,88,,,,,,,,,,1,,,1.0,,,,46,,,,,123,,,,,0.394,,,,,0.345,,,,-2.6,,26.0,,,,11.0,,,,,,,0.0,,,94.94,,,,4.3,,,95.0,,57,,,94.94,,,0.0,102.3,-2.6,,,0.278,,,,,0.0,0.807,,,,,,0.423,,,,,,55,103.8,,13,12.9,,,,,99.7,,,,,,,,,,9.0,,,,,0.109,,,,37.0,,,,,0,,,,0.368,,,,,,,,,,0.463,,,312,,,,,0.346,,,,,,,,,17,,,,22.0,,,,,,7.0,0.0,,,,,,,,,18.26923076923077
258,Brian Grant,35,61,1998,3640,POR,1610612757,26.0,,,,,0.148,,0.561,,,,,,,0.0,,,,182.0,,,,118.0,,,,0.0,,294.0,,,,52.0,,,,,,,,,0,,91.65,,,0.0,,,Xavier,,,,,,,0.592,,,,,,555,,,0.0,3,USA,,,,1.0,,,,,0.0,,,,,,,,,,,,,,,197,,,62.0,,,,0.415,,,,,,0.0,,,,101.8,,1689.0,,,,4.6,,,0.107,,0.0,0.417,315.0,,,0.548,,,,,,,,,,,,,,,,,,,,,,1,,,,,99.3,,0.0,,,,,,0.0,,,,,,,0.178,,,,0.0,,,0.508,,,,,,,12.9,,,,,,,,81.0,,,,,,,,,,,,254.0,,,,,,0.0,,,,,,,,,,,,,,132.0,,,12.9,,,,2.7,,,,,,,,,,,,,,,,,,,,,0.0,,,,,,,,,,,,,,,,,,0.0,,5.0,184,,,,,,,,,,,,,0.181,,,,0.0,,102.8,,,,,,,,,,108,,,,,,0.78,,,,,,,,,,,,,,,0.0,110,,,,,0.347,20,,,,,,,0.0,1922.795,,,,,0.077,,,,,,,,,0.0,,,0.0,55.0,,,,,0.574,,,,,,,,,,,44,,8,,737,,,,,,,,,,,,,75.93,,130.0,,,,,,,,,,,1994,358,,,,,,,,,,1,,,0.0,,,,171,,,,,283,,,,,0.508,,,,,0.0,,,,3.5,,1.0,,,,34.0,,,,,,,0.0,,,91.12,,,,9.1,,,9.0,,228,,,91.12,,,0.0,99.3,3.5,,,0.0,,,,,0.0,0.75,,,,,,0.578,,,,,,86,99.1,,45,10.1,,,,,102.8,,,,,,,,,,41.0,,,,,0.188,,,,21.0,,,,,0,,,,0.556,,,,,,,,,,0.404,,,557,,,,,0.0,,,,,,,,,70,,,,174.0,,,,,,54.0,0.0,,,,,,,,,40.93357271095152
1680,Brian Oliver,5,5,1998,122,ATL,1610612737,30.0,,,,,0.07,,0.361,,,,,,,0.0,,,,4.0,,,,3.0,,,,0.0,,8.0,,,,5.0,,,,,,,,,0,,98.72,,,0.0,,,Georgia Tech,,,,,,,0.5,,,,,,9,,,0.0,0,USA,,,,0.0,,,,,,,,,,,,,,,,,,,,3,,,3.0,,,,0.333,,,,,,0.0,,,,102.3,,30.8,,,,1.4,,,0.045,,,0.25,8.0,,,0.333,,,,,,,,,,,,,,,,,,,,,,0,,,,,100.8,,0.0,,,,,,0.0,,,,,,,0.145,,,,0.0,,,0.368,,,,,,,4.2,,,,,,,,76.0,,,,,,,,,,,,210.0,,,,,,0.0,,,,,,,,,,,,,,8.0,,,4.2,,,,-1.8,,,,,,,,,,,,,,,,,,,,,,,,,,,,,,,,,,,,,,,0.0,,0.0,4,,,,,,,,,,,,,0.144,,,,0.0,,105.7,,,,,,,,,,0,,,,,,2.0,,,,,,,,,,,,,,,0.0,1,,,,,0.333,0,,,,,,,0.0,60.8,,,,,0.047,,,,,,,,,0.0,,,0.0,2.0,,,,,1.0,,,,,,,,,,,1,,32,,15,,,,,,,,,,,,,82.24,,3.0,,,,,,,,,,,1990,6,,,,,,,,,,2,,,0.0,,,,1,,,,,7,,,,,0.368,,,,,0.0,,,,5.0,,0.0,,,,1.0,,,,,,,,,,98.68,,,,3.8,,,0.0,,4,,,98.68,,,0.0,100.8,5.0,,,0.0,,,,,,0.25,,,,,,0.5,,,,,,2,104.1,,0,8.3,,,,,105.7,,,,,,,,,,1.0,,,,,0.098,,,,1.0,,,,,0,,,,0.0,,,,,,,,,,0.2,,,19,,,,,0.0,,,,,,,,,5,,,,4.0,,,,,,1.0,,,,,,,,,,21.05263157894737
216,Brian Shaw,17,59,1998,3002,PHI,1610612755,32.0,,,,,0.068,,0.397,,,,,,,5.0,,,,51.0,,,,69.0,,,,0.0,,93.0,,,,92.0,,,,,,,,,28,,94.15,,,0.0,,,California-Santa Barbara,,,,,,,0.538,,,,,,215,,,28.0,0,USA,,,,88.0,,,,,1.0,,,,,,,,,,,,,,,37,,,40.0,,,,0.229,,,,,,0.0,,,,94.9,,1120.5,,,,2.6,,,0.023,,0.0,0.326,112.0,,,0.35,,,,,,,,,,,,,,,,,,,,,,95,,,,,102.3,,0.0,,,,,,0.0,,,,,,,0.161,,,,0.295,,,0.377,,,,,,,11.9,,,,,,,,78.0,,,,,,,,,,,,200.0,,,,,,18.0,,,,,,,,,,,,,,175.0,,,11.9,,,,-8.1,,,,,,,,,,,,,,,,,,,,,0.0,,,,,,,,,,,,,,,,,,0.0,,25.0,148,,,,,,,,,,,,,0.164,,,,0.0,,95.3,,,,,,,,,,-210,,,,,,2.64,,,,,,,,,,,,,,,1.0,99,,,,,0.261,1,,,,,,,0.0,1527.993333333333,,,,,0.273,,,,,,,,,4.0,,,5.0,57.0,,,,,0.288,,,,,,,,,,,49,,24,,372,,,,,,,,,,,,,78.59,,83.0,,,,,,,,,,,1988,178,,,,,,,,,,1,,,2.0,,,,36,,,,,154,,,,,0.345,,,,,0.318,,,,-7.0,,58.0,,,,14.0,,,,,,,0.0,,,94.3,,,,7.6,,,69.0,,52,,,94.3,,,0.0,102.3,-7.0,,,0.0,,,,,0.0,0.692,,,,,,0.455,,,,,,261,103.0,,17,31.5,,,,,95.3,,,,,,,,,,18.0,,,,,0.116,,,,28.0,,,,,0,,,,0.362,,,,,,,,,,0.304,,,446,,,,,0.31,,,,,,,,,25,,,,50.0,,,,,,19.0,0.0,,,,,,,,,11.659192825112108
240,Brooks Thompson,17,30,1998,353,NYK,1610612752,27.0,,,,,0.045,,0.496,,,,,,,,,,,7.0,,,,1.0,,,,0.0,,8.0,,,,11.0,,,,,,,,,9,,96.23,,,,,,Oklahoma State,,,,,,,0.875,,,,,,15,,,9.0,0,USA,,,,25.0,,,,,,,,,,,,,,,,,,,,1,,,1.0,,,,0.0,,,,,,0.0,,,,100.4,,134.5,,,,0.8,,,0.006,,0.0,0.438,9.0,,,0.0,,,,,,,,,,,,,,,,,,,,,,30,,,,,104.6,,0.0,,,,,,0.0,,,,,,,0.189,,,,0.3,,,0.491,,,,,,,15.6,,,,,,,,76.0,,,,,,,,,,,,193.0,,,,,,6.0,,,,,,,,,,,,,,16.0,,,15.7,,,,-8.3,,,,,,,,,,,,,,,,,,,,,,,,,,,,,,,,,,,,,,,,,6.0,22,,,,,,,,,,,,,0.201,,,,0.0,,95.5,,,,,,,,,,-28,,,,,,1.69,,,,,,,,,,,,,,,1.0,16,,,,,0.0,0,,,,,,,,167.52833333333334,,,,,0.245,,,,,,,,,4.0,,,5.0,7.0,,,,,0.567,,,,,,,,,,,10,,27,,59,,,,,,,,,,,,,83.81,,2.0,,,,,,,,,,,1994,14,,,,,,,,,,1,,,,,,,4,,,,,23,,,,,0.411,,,,,0.36,,,,-9.1,,16.0,,,,0.0,,,,,,,0.0,,,100.57,,,,1.9,,,18.0,,8,,,100.57,,,,104.6,-9.1,,,0.0,,,,,,0.5,,,,,,0.778,,,,,,27,108.7,,1,26.5,,,,,95.5,,,,,,,,,,0.0,,,,,0.085,,,,4.0,,,,,0,,,,0.333,,,,,,,,,,0.364,,,56,,,,,0.375,,,,,,,,,2,,,,7.0,,,,,,0.0,0.0,,,,,,,,,14.285714285714286
1477,Bruce Bowen,26,61,1998,2641,BOS,1610612738,27.0,,,,,0.069,,0.483,,,,,,,3.0,,,,69.0,,,,38.0,,,,4.0,,114.0,,,,42.0,,,,,,,,,20,,96.76,,,0.0,,,California State-Fullerton,,,,,,,0.588,,,,,,174,,,11.0,1,USA,,,,34.0,,,,,0.0,,,,,,,,,,,,,,,79,,,20.0,,,,0.208,,,,,,0.391,,,,101.1,,966.3,,,,2.0,,,0.058,,0.0,0.325,126.0,,,0.45,,,,,,,,,,,,,,,,,,,,,,59,,,,,98.5,,5.0,,,,,,9.0,,,,,,,0.13,,,,0.339,,,0.443,,,,,,,10.7,,,,,,,,79.0,,,,,,,,,,,,200.0,,,,,,4.0,,,,,,,,,,,,,,77.0,,,10.7,,,,0.4,,,,,,,,,,,,,,,,,,,,,0.0,,,,,,,,,,,,,,,,,,0.0,,23.0,174,,,,,,,,,,,,,0.133,,,,0.667,,100.6,,,,,,,,,,10,,,,,,1.56,,,,,,,,,,,,,,,17.0,52,,,,,0.184,0,,,,,,,0.0,1302.66,,,,,0.096,,,,,,,,,6.0,,,23.0,25.0,,,,,0.426,,,,,,,,,,,87,,Undrafted,,340,,,,,,,,,,,,,81.77,,48.0,,,,,,,,,,,Undrafted,95,,,,,,,,,,Undrafted,,,2.0,,,,76,,,,,122,,,,,0.409,,,,,0.324,,,,2.0,,13.0,,,,9.0,,,,,,,0.0,,,98.13,,,,4.9,,,56.0,,122,,,98.13,,,0.0,98.5,2.0,,,0.294,,,,,0.0,0.623,,,,,,0.548,,,,,,81,100.8,,29,16.6,,,,,100.6,,,,,,,,,,7.0,,,,,0.082,,,,10.0,,,,,0,,,,0.411,,,,,,,,,,0.238,,,298,,,,,0.308,,,,,,,,,29,,,,67.0,,,,,,10.0,0.0,,,,,,,,,40.939597315436245
735,Bryant Reeves,16,74,1998,4898,VAN,1610612763,25.0,,,,,0.119,,0.559,,,,,,,2.0,,,,254.0,,,,199.0,,,,0.0,,332.0,,,,183.0,,,,,,,,,0,,93.62,,,0.0,,,Oklahoma State,,,,,,,0.702,,,,,,585,,,0.0,3,USA,,,,3.0,,,,,0.0,,,,,,,,,,,,,,,196,,,165.0,,,,0.467,,,,,,0.0,,,,101.2,,2342.5,,,,6.6,,,0.081,,0.0,0.403,379.0,,,0.37,,,,,,,,,,,,,,,,,,,,,,4,,,,,109.3,,0.0,,,,,,0.0,,,,,,,0.217,,,,0.0,,,0.523,,,,,,,11.2,,,,,,,,84.0,,,,,,,,,,,,275.0,,,,,,0.0,,,,,,,,,,,,,,362.0,,,11.2,,,,-8.0,,,,,,,,,,,,,,,,,,,,,0.0,,,,,,,,,,,,,,,,,,0.0,,6.0,278,,,,,,,,,,,,,0.22,,,,0.0,,101.9,,,,,,,,,,-364,,,,,,0.99,,,,,,,,,,,,,,,0.0,156,,,,,0.477,18,,,,,,,0.0,2523.826666666667,,,,,0.108,,,,,,,,,0.0,,,0.0,146.0,,,,,0.216,,,,,,,,,,,39,,6,,1207,,,,,,,,,,,,,77.66,,242.0,,,,,,,,,,,1995,389,,,,,,,,,,1,,,1.0,,,,223,,,,,492,,,,,0.523,,,,,0.0,,,,-7.3,,2.0,,,,61.0,,,,,,,0.0,,,93.19,,,,12.7,,,10.0,,316,,,93.19,,,0.0,109.3,-7.3,,,0.0,,,,,0.0,0.706,,,,,,0.67,,,,,,155,109.1,,80,11.2,,,,,101.9,,,,,,,,,,95.0,,,,,0.157,,,,76.0,,,,,0,,,,0.6,,,,,,,,,,0.415,,,940,,,,,0.0,,,,,,,,,81,,,,233.0,,,,,,113.0,0.0,,,,,,,,,33.61702127659574
179,Bryant Stith,3,31,1998,1361,DEN,1610612743,27.0,,,,,0.048,,0.447,,,,,,,0.0,,,,25.0,,,,22.0,,,,0.0,,44.0,,,,48.0,,,,,,,,,10,,91.55,,,0.0,,,Virginia,,,,,,,0.568,,,,,,65,,,10.0,0,USA,,,,44.0,,,,,0.0,,,,,,,,,,,,,,,15,,,32.0,,,,0.333,,,,,,0.0,,,,95.1,,440.0,,,,2.4,,,0.021,,1.0,0.296,45.0,,,0.219,,,,,,,,,,,,,,,,,,,,,,48,,,,,110.5,,0.0,,,,,,0.0,,,,,,,0.185,,,,0.208,,,0.356,,,,,,,10.1,,,,,,,,77.0,,,,,,,,,,,,208.0,,,,,,4.0,,,,,,,,,,,,,,108.0,,,10.1,,,,-14.4,,,,,,,,,,,,,,,,,,,,,0.0,,,,,,,,,,,,,,,,,,0.0,,15.0,52,,,,,,,,,,,,,0.19,,,,0.0,,95.5,,,,,,,,,,-203,,,,,,1.43,,,,,,,,,,,,,,,1.0,35,,,,,0.364,0,,,,,,,0.0,718.12,,,,,0.122,,,,,,,,,4.0,,,5.0,32.0,,,,,0.097,,,,,,,,,,,21,,13,,235,,,,,,,,,,,,,75.78,,24.0,,,,,,,,,,,1992,50,,,,,,,,,,1,,,0.0,,,,75,,,,,75,,,,,0.333,,,,,0.227,,,,-15.0,,25.0,,,,7.0,,,,,,,0.0,,,90.94,,,,7.3,,,52.0,,86,,,90.94,,,0.0,110.5,-15.0,,,0.0,,,,,0.0,0.872,,,,,,0.556,,,,,,50,109.5,,8,14.4,,,,,95.5,,,,,,,,,,8.0,,,,,0.077,,,,16.0,,,,,0,,,,0.288,,,,,,,,,,0.333,,,225,,,,,0.16,,,,,,,,,21,,,,25.0,,,,,,8.0,0.0,,,,,,,,,38.22222222222222
935,Bryon Russell,62,82,1998,4227,UTA,1610612762,27.0,,,,,0.08,,0.57,,,,,,,4.0,,,,106.0,,,,24.0,,,,16.0,,168.0,,,,61.0,,,,,,,,,73,,91.78,,,0.0,,,Long Beach State,,,,,,,0.619,,,,,,326,,,52.0,3,USA,,,,160.0,,,,,2.0,,,,,,,,,,,,,,,78,,,25.0,,,,0.387,,,,,,0.392,,,,107.8,,1562.7,,,,2.8,,,0.041,,1.0,0.336,172.0,,,0.32,,,,,,,,,,,,,,,,,,,,,,214,,,,,102.9,,4.0,,,,,,20.0,,,,,,,0.152,,,,0.341,,,0.5,,,,,,,9.8,,,,,,,,79.0,,,,,,,,,,,,225.0,,,,,,15.0,,,,,,,,,,,,,,113.0,,,9.7,,,,5.6,,,,,,,,,,,,,,,,,,,,,1.0,,,,,,,,,,,,,,,,,,0.0,,66.0,229,,,,,,,,,,,,,0.153,,,,0.516,,108.2,,,,,,,,,,224,,,,,,1.25,,,,,,,,,,,,,,,20.0,81,,,,,0.375,0,,,,,,,0.0,2222.175,,,,,0.075,,,,,,,,,31.0,,,51.0,38.0,,,,,0.756,,,,,,,,,,,90,,45,,738,,,,,,,,,,,,,76.1,,31.0,,,,,,,,,,,1993,248,,,,,,,,,,2,,,2.0,,,,213,,,,,226,,,,,0.43,,,,,0.325,,,,5.3,,54.0,,,,8.0,,,,,,,0.0,,,91.32,,,,6.4,,,182.0,,278,,,91.32,,,0.0,102.9,5.3,,,0.2,,,,,0.5,0.766,,,,,,0.616,,,,,,101,102.3,,31,12.1,,,,,108.2,,,,,,,,,,9.0,,,,,0.114,,,,21.0,,,,,0,,,,0.363,,,,,,,,,,0.344,,,525,,,,,0.278,,,,,,,,,26,,,,104.0,,,,,,12.0,0.0,,,,,,,,,52.95238095238095
1528,Bubba Wells,7,39,1998,783,DAL,1610612742,23.0,,,,,0.084,,0.474,,,,,,,1.0,,,,21.0,,,,6.0,,,,1.0,,37.0,,,,34.0,,,,,,,,,1,,95.37,,,0.0,,,Austin Peay,,,,,,,0.514,,,,,,68,,,0.0,0,USA,,,,3.0,,,,,0.0,,,,,,,,,,,,,,,22,,,24.0,,,,0.333,,,,,,0.5,,,,95.6,,286.6,,,,1.2,,,0.052,,1.0,0.391,40.0,,,0.375,,,,,,,,,,,,,,,,,,,,,,6,,,,,106.2,,0.0,,,,,,1.0,,,,,,,0.179,,,,0.167,,,0.418,,,,,,,15.5,,,,,,,,77.0,,,,,,,,,,,,230.0,,,,,,0.0,,,,,,,,,,,,,,64.0,,,15.6,,,,-13.9,,,,,,,,,,,,,,,,,,,,,0.0,,,,,,,,,,,,,,,,,,0.0,,2.0,40,,,,,,,,,,,,,0.185,,,,1.0,,95.0,,,,,,,,,,-95,,,,,,1.1,,,,,,,,,,,,,,,1.0,31,,,,,0.5,0,,,,,,,0.0,388.53333333333336,,,,,0.142,,,,,,,,,1.0,,,2.0,25.0,,,,,0.179,,,,,,,,,,,15,,34,,128,,,,,,,,,,,,,80.97,,9.0,,,,,,,,,,,1997,46,,,,,,,,,,2,,,1.0,,,,31,,,,,48,,,,,0.414,,,,,0.0,,,,-11.2,,2.0,,,,9.0,,,,,,,0.0,,,97.17,,,,3.0,,,8.0,,43,,,97.17,,,0.0,106.2,-11.2,,,0.0,,,,,0.0,0.721,,,,,,0.525,,,,,,34,109.6,,4,17.1,,,,,95.0,,,,,,,,,,3.0,,,,,0.119,,,,13.0,,,,,0,,,,0.25,,,,,,,,,,0.382,,,116,,,,,0.0,,,,,,,,,12,,,,19.0,,,,,,3.0,0.0,,,,,,,,,37.06896551724138
433,Buck Williams,22,41,1998,1393,NYK,1610612752,38.0,,,,,0.131,,0.56,,,,,,,0.0,,,,59.0,,,,21.0,,,,0.0,,95.0,,,,4.0,,,,,,,,,0,,90.59,,,0.0,,,Maryland,,,,,,,0.579,,,,,,183,,,0.0,1,USA,,,,0.0,,,,,0.0,,,,,,,,,,,,,,,78,,,19.0,,,,0.333,,,,,,0.0,,,,101.7,,511.1,,,,1.8,,,0.112,,0.0,0.417,104.0,,,0.368,,,,,,,,,,,,,,,,,,,,,,0,,,,,99.8,,0.0,,,,,,0.0,,,,,,,0.135,,,,0.0,,,0.503,,,,,,,15.9,,,,,,,,80.0,,,,,,,,,,,,225.0,,,,,,0.0,,,,,,,,,,,,,,24.0,,,15.8,,,,2.6,,,,,,,,,,,,,,,,,,,,,0.0,,,,,,,,,,,,,,,,,,0.0,,0.0,93,,,,,,,,,,,,,0.138,,,,0.0,,100.9,,,,,,,,,,11,,,,,,0.55,,,,,,,,,,,,,,,0.0,38,,,,,0.333,1,,,,,,,0.0,739.035,,,,,0.046,,,,,,,,,0.0,,,0.0,10.0,,,,,0.537,,,,,,,,,,,17,,3,,202,,,,,,,,,,,,,75.5,,30.0,,,,,,,,,,,1981,105,,,,,,,,,,1,,,0.0,,,,52,,,,,75,,,,,0.503,,,,,0.0,,,,1.1,,0.0,,,,7.0,,,,,,,0.0,,,90.6,,,,3.6,,,1.0,,71,,,90.6,,,0.0,99.8,1.1,,,0.0,,,,,0.0,0.732,,,,,,0.567,,,,,,21,99.0,,15,8.7,,,,,100.9,,,,,,,,,,7.0,,,,,0.15,,,,2.0,,,,,0,,,,0.0,,,,,,,,,,0.5,,,149,,,,,0.0,,,,,,,,,11,,,,55.0,,,,,,10.0,0.0,,,,,,,,,47.651006711409394
384,Calbert Cheaney,42,82,1998,5547,WAS,1610612764,26.0,,,,,0.058,,0.488,,,,,,,1.0,,,,167.0,,,,154.0,,,,4.0,,225.0,,,,317.0,,,,,,,,,15,,94.57,,,0.0,,,Indiana,,,,,,,0.693,,,,,,324,,,9.0,3,USA,,,,38.0,,,,,0.0,,,,,,,,,,,,,,,82,,,164.0,,,,0.401,,,,,,0.333,,,,102.8,,1990.3,,,,5.5,,,0.029,,3.0,0.394,249.0,,,0.305,,,,,,,,,,,,,,,,,,,,,,53,,,,,103.1,,1.0,,,,,,5.0,,,,,,,0.182,,,,0.283,,,0.464,,,,,,,7.7,,,,,,,,79.0,,,,,,,,,,,,215.0,,,,,,8.0,,,,,,,,,,,,,,541.0,,,7.7,,,,0.3,,,,,,,,,,,,,,,,,,,,,0.0,,,,,,,,,,,,,,,,,,0.0,,32.0,264,,,,,,,,,,,,,0.185,,,,0.364,,103.6,,,,,,,,,,-6,,,,,,1.66,,,,,,,,,,,,,,,4.0,104,,,,,0.39,0,,,,,,,0.0,2840.0416666666665,,,,,0.096,,,,,,,,,11.0,,,15.0,213.0,,,,,0.512,,,,,,,,,,,96,,6,,1050,,,,,,,,,,,,,78.32,,162.0,,,,,,,,,,,1993,242,,,,,,,,,,1,,,0.0,,,,139,,,,,448,,,,,0.457,,,,,0.237,,,,0.4,,19.0,,,,50.0,,,,,,,0.0,,,93.99,,,,12.0,,,74.0,,215,,,93.99,,,0.0,103.1,0.4,,,0.25,,,,,0.0,0.647,,,,,,0.671,,,,,,173,102.6,,36,12.8,,,,,103.6,,,,,,,,,,60.0,,,,,0.09,,,,131.0,,,,,0,,,,0.432,,,,,,,,,,0.413,,,981,,,,,0.421,,,,,,,,,47,,,,156.0,,,,,,65.0,0.0,,,,,,,,,21.916411824668707
61,Carl Herrera,42,58,1998,998,SAS,1610612759,31.0,,,,,0.09,,0.437,,,,,,,0.0,,,,31.0,,,,55.0,,,,0.0,,52.0,,,,22.0,,,,,,,,,0,,90.31,,,0.0,,,Houston,,,,,,,0.5,,,,,,91,,,0.0,2,Venezuela,,,,1.0,,,,,0.0,,,,,,,,,,,,,,,24,,,34.0,,,,0.5,,,,,,0.0,,,,93.2,,367.2,,,,1.3,,,0.051,,0.0,0.317,61.0,,,0.324,,,,,,,,,,,,,,,,,,,,,,1,,,,,97.7,,0.0,,,,,,0.0,,,,,,,0.204,,,,0.0,,,0.434,,,,,,,14.9,,,,,,,,81.0,,,,,,,,,,,,225.0,,,,,,0.0,,,,,,,,,,,,,,60.0,,,15.0,,,,-5.2,,,,,,,,,,,,,,,,,,,,,0.0,,,,,,,,,,,,,,,,,,0.0,,0.0,71,,,,,,,,,,,,,0.217,,,,0.0,,89.3,,,,,,,,,,-78,,,,,,0.58,,,,,,,,,,,,,,,0.0,38,,,,,0.509,0,,,,,,,0.0,516.0433333333333,,,,,0.083,,,,,,,,,0.0,,,0.0,19.0,,,,,0.724,,,,,,,,,,,19,,30,,170,,,,,,,,,,,,,77.13,,62.0,,,,,,,,,,,1990,67,,,,,,,,,,2,,,0.0,,,,18,,,,,76,,,,,0.434,,,,,0.0,,,,-8.4,,1.0,,,,11.0,,,,,,,0.0,,,92.55,,,,3.0,,,2.0,,44,,,92.55,,,0.0,97.7,-8.4,,,0.0,,,,,0.0,0.409,,,,,,0.508,,,,,,22,98.3,,12,8.7,,,,,89.3,,,,,,,,,,28.0,,,,,0.125,,,,6.0,,,,,0,,,,0.0,,,,,,,,,,0.273,,,175,,,,,0.0,,,,,,,,,10,,,,26.0,,,,,,31.0,0.0,,,,,,,,,25.142857142857142
1063,Carl Thomas,16,43,1998,858,CLE,1610612739,28.0,,,,,0.054,,0.49,,,,,,,1.0,,,,7.0,,,,3.0,,,,11.0,,13.0,,,,38.0,,,,,,,,,20,,96.09,,,0.0,,,Eastern Michigan,,,,,,,0.538,,,,,,47,,,7.0,0,USA,,,,32.0,,,,,1.0,,,,,,,,,,,,,,,10,,,17.0,,,,0.333,,,,,,0.5,,,,94.5,,298.9,,,,1.3,,,0.023,,0.0,0.435,14.0,,,0.353,,,,,,,,,,,,,,,,,,,,,,59,,,,,98.0,,2.0,,,,,,13.0,,,,,,,0.171,,,,0.339,,,0.471,,,,,,,9.6,,,,,,,,76.0,,,,,,,,,,,,195.0,,,,,,3.0,,,,,,,,,,,,,,62.0,,,9.6,,,,-5.1,,,,,,,,,,,,,,,,,,,,,0.0,,,,,,,,,,,,,,,,,,0.0,,20.0,39,,,,,,,,,,,,,0.179,,,,0.5,,92.2,,,,,,,,,,-56,,,,,,1.06,,,,,,,,,,,,,,,4.0,18,,,,,0.333,0,,,,,,,0.0,421.545,,,,,0.086,,,,,,,,,22.0,,,26.0,27.0,,,,,0.372,,,,,,,,,,,21,,Undrafted,,148,,,,,,,,,,,,,81.7,,6.0,,,,,,,,,,,Undrafted,37,,,,,,,,,,Undrafted,,,1.0,,,,16,,,,,56,,,,,0.4,,,,,0.219,,,,-5.8,,17.0,,,,6.0,,,,,,,0.0,,,98.04,,,,3.3,,,49.0,,25,,,98.04,,,0.0,98.0,-5.8,,,0.5,,,,,0.0,0.64,,,,,,0.5,,,,,,19,99.6,,7,10.2,,,,,92.2,,,,,,,,,,1.0,,,,,0.087,,,,19.0,,,,,0,,,,0.408,,,,,,,,,,0.5,,,140,,,,,0.176,,,,,,,,,4,,,,7.0,,,,,,2.0,0.0,,,,,,,,,17.857142857142858
435,Carlos Rogers,7,21,1998,748,POR,1610612757,27.0,,,,,0.086,,0.533,,,,,,,0.0,,,,42.0,,,,18.0,,,,0.0,,53.0,,,,4.0,,,,,,,,,0,,95.36,,,0.0,,,Tennessee State,,,,,,,0.755,,,,,,67,,,0.0,0,USA,,,,2.0,,,,,0.0,,,,,,,,,,,,,,,35,,,8.0,,,,0.261,,,,,,0.0,,,,94.0,,259.4,,,,2.2,,,0.083,,0.0,0.077,56.0,,,0.0,,,,,,,,,,,,,,,,,,,,,,2,,,,,105.9,,0.0,,,,,,0.0,,,,,,,0.137,,,,0.0,,,0.516,,,,,,,10.2,,,,,,,,83.0,,,,,,,,,,,,220.0,,,,,,0.0,,,,,,,,,,,,,,13.0,,,10.1,,,,-12.0,,,,,,,,,,,,,,,,,,,,,0.0,,,,,,,,,,,,,,,,,,0.0,,1.0,35,,,,,,,,,,,,,0.14,,,,0.0,,92.4,,,,,,,,,,-113,,,,,,1.29,,,,,,,,,,,,,,,0.0,14,,,,,0.222,0,,,,,,,0.0,375.8,,,,,0.08,,,,,,,,,0.0,,,0.0,1.0,,,,,0.333,,,,,,,,,,,10,,11,,112,,,,,,,,,,,,,80.2,,23.0,,,,,,,,,,,1994,32,,,,,,,,,,1,,,0.0,,,,18,,,,,47,,,,,0.516,,,,,0.0,,,,-13.5,,1.0,,,,0.0,,,,,,,0.0,,,96.24,,,,4.3,,,4.0,,32,,,96.24,,,0.0,105.9,-13.5,,,0.0,,,,,0.0,0.563,,,,,,0.75,,,,,,18,106.0,,8,13.0,,,,,92.4,,,,,,,,,,4.0,,,,,0.09,,,,0.0,,,,,0,,,,0.25,,,,,,,,,,0.0,,,91,,,,,0.0,,,,,,,,,4,,,,40.0,,,,,,6.0,0.0,,,,,,,,,35.16483516483517
76,Cedric Ceballos,26,47,1998,1921,DAL,1610612742,28.0,,,,,0.11,,0.56,,,,,,,0.0,,,,140.0,,,,21.0,,,,6.0,,221.0,,,,54.0,,,,,,,,,21,,93.62,,,0.0,,,California State-Fullerton,,,,,,,0.629,,,,,,221,,,10.0,1,USA,,,,43.0,,,,,0.0,,,,,,,,,,,,,,,75,,,30.0,,,,0.476,,,,,,0.423,,,,99.5,,966.2,,,,4.3,,,0.074,,0.0,0.327,226.0,,,0.3,,,,,,,,,,,,,,,,,,,,,,70,,,,,98.9,,5.0,,,,,,11.0,,,,,,,0.245,,,,0.3,,,0.517,,,,,,,11.8,,,,,,,,79.0,,,,,,,,,,,,220.0,,,,,,5.0,,,,,,,,,,,,,,104.0,,,11.8,,,,0.7,,,,,,,,,,,,,,,,,,,,,0.0,,,,,,,,,,,,,,,,,,0.0,,25.0,88,,,,,,,,,,,,,0.248,,,,0.6,,100.4,,,,,,,,,,21,,,,,,0.83,,,,,,,,,,,,,,,16.0,72,,,,,0.524,4,,,,,,,0.0,991.75,,,,,0.111,,,,,,,,,10.0,,,26.0,34.0,,,,,0.553,,,,,,,,,,,33,,48,,536,,,,,,,,,,,,,77.64,,21.0,,,,,,,,,,,1990,146,,,,,,,,,,2,,,0.0,,,,107,,,,,204,,,,,0.492,,,,,0.233,,,,1.5,,17.0,,,,9.0,,,,,,,0.0,,,93.17,,,,8.8,,,67.0,,145,,,93.17,,,0.0,98.9,1.5,,,0.313,,,,,0.0,0.738,,,,,,0.619,,,,,,60,98.8,,16,9.8,,,,,100.4,,,,,,,,,,11.0,,,,,0.147,,,,14.0,,,,,0,,,,0.373,,,,,,,,,,0.259,,,415,,,,,0.294,,,,,,,,,33,,,,139.0,,,,,,10.0,0.0,,,,,,,,,34.93975903614458
1538,Cedric Henderson,47,82,1998,4873,CLE,1610612739,23.0,,,,,0.069,,0.514,,,,,,,0.0,,,,197.0,,,,52.0,,,,0.0,,307.0,,,,194.0,,,,,,,,,0,,93.09,,,0.0,,,Memphis,,,,,,,0.635,,,,,,325,,,0.0,1,USA,,,,3.0,,,,,0.0,,,,,,,,,,,,,,,71,,,135.0,,,,0.28,,,,,,0.0,,,,99.4,,1732.0,,,,4.2,,,0.031,,0.0,0.392,321.0,,,0.319,,,,,,,,,,,,,,,,,,,,,,4,,,,,97.1,,0.0,,,,,,0.0,,,,,,,0.175,,,,0.0,,,0.48,,,,,,,14.5,,,,,,,,79.0,,,,,,,,,,,,215.0,,,,,,0.0,,,,,,,,,,,,,,332.0,,,14.4,,,,3.2,,,,,,,,,,,,,,,,,,,,,0.0,,,,,,,,,,,,,,,,,,0.0,,9.0,238,,,,,,,,,,,,,0.178,,,,0.0,,99.7,,,,,,,,,,119,,,,,,1.02,,,,,,,,,,,,,,,1.0,165,,,,,0.327,0,,,,,,,0.0,2528.8016666666667,,,,,0.113,,,,,,,,,0.0,,,1.0,130.0,,,,,0.573,,,,,,,,,,,96,,44,,832,,,,,,,,,,,,,77.16,,82.0,,,,,,,,,,,1997,254,,,,,,,,,,2,,,0.0,,,,136,,,,,348,,,,,0.48,,,,,0.0,,,,2.6,,2.0,,,,43.0,,,,,,,0.0,,,92.59,,,,8.8,,,21.0,,190,,,92.59,,,0.0,97.1,2.6,,,0.0,,,,,0.0,0.716,,,,,,0.614,,,,,,168,96.3,,45,14.7,,,,,99.7,,,,,,,,,,17.0,,,,,0.105,,,,82.0,,,,,0,,,,0.429,,,,,,,,,,0.423,,,725,,,,,0.0,,,,,,,,,66,,,,195.0,,,,,,23.0,0.0,,,,,,,,,26.20689655172414
787,Charles Barkley,36,68,1998,4296,HOU,1610612745,35.0,,,,,0.189,,0.564,,,,,,,4.0,,,,225.0,,,,75.0,,,,2.0,,338.0,,,,104.0,,,,,,,,,18,,92.44,,,0.0,,,Auburn,,,,,,,0.633,,,,,,794,,,9.0,1,USA,,,,50.0,,,,,1.0,,,,,,,,,,,,,,,241,,,110.0,,,,0.446,,,,,,0.29,,,,109.7,,2464.3,,,,5.3,,,0.115,,0.0,0.383,364.0,,,0.391,,,,,,,,,,,,,,,,,,,,,,84,,,,,108.4,,7.0,,,,,,9.0,,,,,,,0.216,,,,0.214,,,0.497,,,,,,,11.5,,,,,,,,78.0,,,,,,,,,,,,252.0,,,,,,2.0,,,,,,,,,,,,,,230.0,,,11.4,,,,2.4,,,,,,,,,,,,,,,,,,,,,0.0,,,,,,,,,,,,,,,,,,0.0,,18.0,187,,,,,,,,,,,,,0.218,,,,0.133,,110.2,,,,,,,,,,92,,,,,,1.48,,,,,,,,,,,,,,,16.0,147,,,,,0.427,42,,,,,,,0.0,2243.9266666666667,,,,,0.162,,,,,,,,,15.0,,,31.0,88.0,,,,,0.529,,,,,,,,,,,71,,5,,1036,,,,,,,,,,,,,76.47,,92.0,,,,,,,,,,,1984,553,,,,,,,,,,1,,,3.0,,,,296,,,,,361,,,,,0.485,,,,,0.18,,,,1.8,,24.0,,,,43.0,,,,,,,0.0,,,91.77,,,,10.9,,,62.0,,397,,,91.77,,,0.0,108.4,1.8,,,0.438,,,,,0.0,0.746,,,,,,0.618,,,,,,217,107.3,,28,16.8,,,,,110.2,,,,,,,,,,32.0,,,,,0.264,,,,41.0,,,,,1,,,,0.29,,,,,,,,,,0.394,,,744,,,,,0.083,,,,,,,,,56,,,,214.0,,,,,,41.0,0.0,,,,,,,,,53.36021505376344
279,Charles Jones,10,24,1998,269,HOU,1610612745,41.0,,,,,0.091,,0.689,,,,,,,0.0,,,,7.0,,,,0.0,,,,0.0,,8.0,,,,0.0,,,,,,,,,0,,100.39,,,0.0,,,Albany State (GA),,,,,,,0.875,,,,,,24,,,0.0,0,USA,,,,0.0,,,,,,,,,,,,,,,,,,,,12,,,1.0,,,,0.0,,,,,,0.0,,,,103.4,,68.3,,,,0.3,,,0.085,,,0.0,9.0,,,0.0,,,,,,,,,,,,,,,,,,,,,,0,,,,,104.4,,0.0,,,,,,0.0,,,,,,,0.048,,,,0.0,,,0.7,,,,,,,20.1,,,,,,,,81.0,,,,,,,,,,,,215.0,,,,,,0.0,,,,,,,,,,,,,,1.0,,,20.0,,,,-6.2,,,,,,,,,,,,,,,,,,,,,,,,,,,,,,,,,,,,,,,0.0,,0.0,22,,,,,,,,,,,,,0.049,,,,0.0,,101.5,,,,,,,,,,-13,,,,,,1.25,,,,,,,,,,,,,,,0.0,4,,,,,0.0,0,,,,,,,0.0,125.55333333333331,,,,,0.055,,,,,,,,,0.0,,,0.0,0.0,,,,,0.417,,,,,,,,,,,1,,165,,15,,,,,,,,,,,,,86.5,,1.0,,,,,,,,,,,1979,12,,,,,,,,,,8,,,0.0,,,,1,,,,,7,,,,,0.7,,,,,0.0,,,,-2.9,,0.0,,,,0.0,,,,,,,,,,103.8,,,,0.4,,,0.0,,2,,,103.8,,,0.0,104.4,-2.9,,,0.0,,,,,,0.5,,,,,,0.778,,,,,,5,109.5,,6,25.0,,,,,101.5,,,,,,,,,,0.0,,,,,0.098,,,,0.0,,,,,0,,,,0.0,,,,,,,,,,0.0,,,10,,,,,0.0,,,,,,,,,1,,,,7.0,,,,,,0.0,,,,,,,,,,20.0
1525,Charles O'Bannon,18,30,1998,468,DET,1610612765,23.0,,,,,0.072,,0.423,,,,,,,0.0,,,,18.0,,,,10.0,,,,0.0,,35.0,,,,13.0,,,,,,,,,0,,95.0,,,0.0,,,UCLA,,,,,,,0.514,,,,,,33,,,0.0,0,USA,,,,3.0,,,,,0.0,,,,,,,,,,,,,,,14,,,7.0,,,,0.333,,,,,,0.0,,,,103.2,,150.1,,,,0.9,,,0.056,,1.0,0.24,35.0,,,0.143,,,,,,,,,,,,,,,,,,,,,,3,,,,,97.0,,0.0,,,,,,0.0,,,,,,,0.146,,,,0.0,,,0.377,,,,,,,8.9,,,,,,,,77.0,,,,,,,,,,,,209.0,,,,,,0.0,,,,,,,,,,,,,,25.0,,,8.8,,,,4.8,,,,,,,,,,,,,,,,,,,,,0.0,,,,,,,,,,,,,,,,,,0.0,,0.0,15,,,,,,,,,,,,,0.153,,,,0.0,,101.1,,,,,,,,,,16,,,,,,1.89,,,,,,,,,,,,,,,0.0,9,,,,,0.3,0,,,,,,,0.0,233.19666666666663,,,,,0.112,,,,,,,,,0.0,,,0.0,6.0,,,,,0.6,,,,,,,,,,,9,,31,,64,,,,,,,,,,,,,80.53,,6.0,,,,,,,,,,,1997,19,,,,,,,,,,2,,,0.0,,,,12,,,,,26,,,,,0.377,,,,,0.0,,,,4.0,,2.0,,,,1.0,,,,,,,0.0,,,96.64,,,,2.3,,,1.0,,15,,,96.64,,,0.0,97.0,4.0,,,0.0,,,,,0.0,0.8,,,,,,0.514,,,,,,17,98.4,,1,16.7,,,,,101.1,,,,,,,,,,3.0,,,,,0.091,,,,4.0,,,,,0,,,,0.0,,,,,,,,,,0.308,,,69,,,,,0.0,,,,,,,,,7,,,,18.0,,,,,,2.0,0.0,,,,,,,,,21.73913043478261
891,Charles Oakley,42,79,1998,5119,NYK,1610612752,34.0,,,,,0.14,,0.475,,,,,,,0.0,,,,88.0,,,,11.0,,,,0.0,,174.0,,,,363.0,,,,,,,,,0,,90.69,,,0.0,,,Virginia Union,,,,,,,0.506,,,,,,724,,,0.0,6,USA,,,,3.0,,,,,0.0,,,,,,,,,,,,,,,218,,,88.0,,,,0.263,,,,,,0.0,,,,100.1,,2190.3,,,,3.9,,,0.083,,0.0,0.429,178.0,,,0.432,,,,,,,,,,,,,,,,,,,,,,6,,,,,98.1,,0.0,,,,,,0.0,,,,,,,0.147,,,,0.0,,,0.44,,,,,,,11.7,,,,,,,,81.0,,,,,,,,,,,,245.0,,,,,,0.0,,,,,,,,,,,,,,499.0,,,11.7,,,,2.7,,,,,,,,,,,,,,,,,,,,,0.0,,,,,,,,,,,,,,,,,,0.0,,28.0,280,,,,,,,,,,,,,0.149,,,,0.0,,100.7,,,,,,,,,,128,,,,,,1.6,,,,,,,,,,,,,,,1.0,126,,,,,0.182,20,,,,,,,0.0,2729.9133333333334,,,,,0.12,,,,,,,,,2.0,,,3.0,214.0,,,,,0.532,,,,,,,,,,,123,,9,,711,,,,,,,,,,,,,75.04,,19.0,,,,,,,,,,,1985,506,,,,,,,,,,1,,,0.0,,,,97,,,,,307,,,,,0.44,,,,,0.0,,,,2.6,,3.0,,,,38.0,,,,,,,0.0,,,90.04,,,,8.8,,,55.0,,114,,,90.04,,,0.0,98.1,2.6,,,0.0,,,,,0.0,0.851,,,,,,0.494,,,,,,201,97.4,,22,18.7,,,,,100.7,,,,,,,,,,2.0,,,,,0.197,,,,151.0,,,,,0,,,,0.509,,,,,,,,,,0.416,,,698,,,,,0.0,,,,,,,,,19,,,,88.0,,,,,,5.0,0.0,,,,,,,,,16.332378223495702
1520,Charles Smith,15,34,1998,590,LAC,1610612746,22.0,,,,,0.045,,0.458,,,,,,,0.0,,,,13.0,,,,12.0,,,,1.0,,22.0,,,,20.0,,,,,,,,,15,,95.35,,,,,,New Mexico,,,,,,,0.591,,,,,,27,,,13.0,0,USA,,,,41.0,,,,,1.0,,,,,,,,,,,,,,,13,,,9.0,,,,0.333,,,,,,0.2,,,,95.0,,209.9,,,,1.4,,,0.044,,0.0,0.405,24.0,,,0.222,,,,,,,,,,,,,,,,,,,,,,47,,,,,101.0,,0.0,,,,,,1.0,,,,,,,0.226,,,,0.319,,,0.452,,,,,,,15.2,,,,,,,,76.0,,,,,,,,,,,,194.0,,,,,,7.0,,,,,,,,,,,,,,42.0,,,15.2,,,,-7.8,,,,,,,,,,,,,,,,,,,,,0.0,,,,,,,,,,,,,,,,,,0.0,,14.0,24,,,,,,,,,,,,,0.233,,,,0.333,,94.2,,,,,,,,,,-36,,,,,,0.78,,,,,,,,,,,,,,,2.0,27,,,,,0.417,0,,,,,,,0.0,292.30333333333334,,,,,0.128,,,,,,,,,3.0,,,5.0,17.0,,,,,0.441,,,,,,,,,,,12,,26,,119,,,,,,,,,,,,,80.46,,15.0,,,,,,,,,,,1997,14,,,,,,,,,,1,,,,,,,6,,,,,49,,,,,0.392,,,,,0.317,,,,-6.8,,23.0,,,,2.0,,,,,,,0.0,,,96.56,,,,3.7,,,36.0,,11,,,96.56,,,,101.0,-6.8,,,0.0,,,,,0.0,0.545,,,,,,0.542,,,,,,21,102.8,,6,11.8,,,,,94.2,,,,,,,,,,5.0,,,,,0.046,,,,8.0,,,,,0,,,,0.389,,,,,,,,,,0.4,,,125,,,,,0.304,,,,,,,,,8,,,,13.0,,,,,,5.0,0.0,,,,,,,,,8.8
369,Charlie Ward,43,82,1998,4416,NYK,1610612752,27.0,,,,,0.061,,0.567,,,,,,,3.0,,,,112.0,,,,20.0,,,,8.0,,185.0,,,,35.0,,,,,,,,,81,,92.09,,,0.0,,,Florida State,,,,,,,0.605,,,,,,274,,,69.0,0,USA,,,,187.0,,,,,0.0,,,,,,,,,,,,,,,32,,,18.0,,,,0.375,,,,,,0.462,,,,101.9,,2037.8,,,,2.9,,,0.014,,1.0,0.357,191.0,,,0.333,,,,,,,,,,,,,,,,,,,,,,215,,,,,96.1,,4.0,,,,,,12.0,,,,,,,0.146,,,,0.377,,,0.534,,,,,,,14.5,,,,,,,,74.0,,,,,,,,,,,,190.0,,,,,,28.0,,,,,,,,,,,,,,84.0,,,14.5,,,,6.8,,,,,,,,,,,,,,,,,,,,,0.0,,,,,,,,,,,,,,,,,,0.0,,70.0,195,,,,,,,,,,,,,0.148,,,,0.421,,102.6,,,,,,,,,,278,,,,,,2.66,,,,,,,,,,,,,,,7.0,175,,,,,0.4,5,,,,,,,0.0,2322.6116666666667,,,,,0.306,,,,,,,,,19.0,,,26.0,30.0,,,,,0.524,,,,,,,,,,,144,,26,,642,,,,,,,,,,,,,76.12,,32.0,,,,,,,,,,,1994,242,,,,,,,,,,1,,,2.0,,,,91,,,,,235,,,,,0.455,,,,,0.369,,,,6.5,,90.0,,,,6.0,,,,,,,0.0,,,91.35,,,,6.3,,,158.0,,113,,,91.35,,,0.0,96.1,6.5,,,0.571,,,,,0.0,0.805,,,,,,0.586,,,,,,466,95.2,,37,38.6,,,,,102.6,,,,,,,,,,8.0,,,,,0.107,,,,11.0,,,,,0,,,,0.443,,,,,,,,,,0.314,,,516,,,,,0.311,,,,,,,,,21,,,,112.0,,,,,,12.0,0.0,,,,,,,,,21.899224806201552
1497,Chauncey Billups,28,80,1998,4401,TOR,1610612761,21.0,,,,,0.043,,0.516,,,,,,,1.0,,,,104.0,,,,77.0,,,,3.0,,217.0,,,,36.0,,,,,,,,,107,,95.91,,,0.0,,,Colorado,,,,,,,0.461,,,,,,190,,,100.0,1,USA,,,,299.0,,,,,1.0,,,,,,,,,,,,,,,62,,,59.0,,,,0.384,,,,,,0.269,,,,95.8,,1751.0,,,,3.5,,,0.025,,1.0,0.324,227.0,,,0.373,,,,,,,,,,,,,,,,,,,,,,325,,,,,105.9,,4.0,,,,,,7.0,,,,,,,0.2,,,,0.329,,,0.445,,,,,,,12.9,,,,,,,,75.0,,,,,,,,,,,,202.0,,,,,,48.0,,,,,,,,,,,,,,108.0,,,12.9,,,,-10.6,,,,,,,,,,,,,,,,,,,,,1.0,,,,,,,,,,,,,,,,,,0.0,,64.0,172,,,,,,,,,,,,,0.203,,,,0.176,,96.6,,,,,,,,,,-449,,,,,,1.8,,,,,,,,,,,,,,,9.0,174,,,,,0.39,0,,,,,,,0.0,2215.02,,,,,0.242,,,,,,,,,17.0,,,26.0,35.0,,,,,0.35,,,,,,,,,,,107,,3,,893,,,,,,,,,,,,,79.82,,99.0,,,,,,,,,,,1997,128,,,,,,,,,,1,,,0.0,,,,226,,,,,280,,,,,0.374,,,,,0.334,,,,-9.3,,147.0,,,,22.0,,,,,,,0.0,,,95.78,,,,9.4,,,200.0,,266,,,95.78,,,0.0,105.9,-9.3,,,0.444,,,,,1.0,0.85,,,,,,0.458,,,,,,314,106.4,,4,23.2,,,,,96.6,,,,,,,,,,30.0,,,,,0.064,,,,11.0,,,,,0,,,,0.32,,,,,,,,,,0.306,,,749,,,,,0.327,,,,,,,,,56,,,,100.0,,,,,,38.0,0.0,,,,,,,,,35.51401869158879
685,Cherokee Parks,43,79,1998,3363,MIN,1610612750,25.0,,,,,0.126,,0.533,,,,,,,1.0,,,,116.0,,,,63.0,,,,0.0,,177.0,,,,123.0,,,,,,,,,0,,94.89,,,0.0,,,Duke,,,,,,,0.638,,,,,,437,,,0.0,1,USA,,,,0.0,,,,,0.0,,,,,,,,,,,,,,,140,,,64.0,,,,0.338,,,,,,0.0,,,,105.1,,1461.9,,,,2.8,,,0.083,,0.0,0.432,182.0,,,0.469,,,,,,,,,,,,,,,,,,,,,,1,,,,,105.0,,0.0,,,,,,0.0,,,,,,,0.152,,,,0.0,,,0.499,,,,,,,10.3,,,,,,,,83.0,,,,,,,,,,,,240.0,,,,,,0.0,,,,,,,,,,,,,,206.0,,,10.2,,,,-0.5,,,,,,,,,,,,,,,,,,,,,0.0,,,,,,,,,,,,,,,,,,0.0,,7.0,237,,,,,,,,,,,,,0.155,,,,0.0,,105.1,,,,,,,,,,-26,,,,,,0.8,,,,,,,,,,,,,,,0.0,66,,,,,0.317,3,,,,,,,0.0,1702.388333333333,,,,,0.046,,,,,,,,,0.0,,,0.0,89.0,,,,,0.544,,,,,,,,,,,36,,12,,558,,,,,,,,,,,,,79.32,,65.0,,,,,,,,,,,1995,297,,,,,,,,,,1,,,1.0,,,,110,,,,,224,,,,,0.499,,,,,0.0,,,,0.0,,0.0,,,,30.0,,,,,,,0.0,,,95.19,,,,5.7,,,16.0,,169,,,95.19,,,0.0,105.0,0.0,,,0.0,,,,,0.0,0.651,,,,,,0.637,,,,,,53,105.6,,86,8.2,,,,,105.1,,,,,,,,,,20.0,,,,,0.167,,,,51.0,,,,,0,,,,0.438,,,,,,,,,,0.415,,,449,,,,,0.0,,,,,,,,,35,,,,113.0,,,,,,22.0,0.0,,,,,,,,,37.639198218262806
1512,Chris Anstey,10,41,1998,1316,DAL,1610612742,23.0,,,,,0.113,,0.455,,,,,,,0.0,,,,43.0,,,,8.0,,,,2.0,,65.0,,,,110.0,,,,,,,,,3,,93.51,,,0.0,,,,,,,,,,0.631,,,,,,157,,,1.0,1,Australia,,,,10.0,,,,,0.0,,,,,,,,,,,,,,,53,,,11.0,,,,0.5,,,,,,0.333,,,,94.0,,613.9,,,,2.2,,,0.074,,0.0,0.304,67.0,,,0.0,,,,,,,,,,,,,,,,,,,,,,16,,,,,102.5,,0.0,,,,,,2.0,,,,,,,0.199,,,,0.188,,,0.405,,,,,,,12.1,,,,,,,,84.0,,,,,,,,,,,,249.0,,,,,,1.0,,,,,,,,,,,,,,138.0,,,12.0,,,,-9.8,,,,,,,,,,,,,,,,,,,,,0.0,,,,,,,,,,,,,,,,,,0.0,,8.0,95,,,,,,,,,,,,,0.201,,,,0.4,,95.0,,,,,,,,,,-116,,,,,,0.85,,,,,,,,,,,,,,,1.0,41,,,,,0.5,1,,,,,,,0.0,678.7433333333333,,,,,0.094,,,,,,,,,5.0,,,6.0,42.0,,,,,0.244,,,,,,,,,,,31,,18,,240,,,,,,,,,,,,,78.06,,12.0,,,,,,,,,,,1997,104,,,,,,,,,,1,,,0.0,,,,53,,,,,92,,,,,0.398,,,,,0.1,,,,-7.5,,7.0,,,,0.0,,,,,,,0.0,,,93.67,,,,5.6,,,28.0,,74,,,93.67,,,0.0,102.5,-7.5,,,0.0,,,,,0.0,0.716,,,,,,0.642,,,,,,35,103.9,,27,10.3,,,,,95.0,,,,,,,,,,4.0,,,,,0.154,,,,36.0,,,,,0,,,,0.286,,,,,,,,,,0.327,,,231,,,,,0.143,,,,,,,,,7,,,,41.0,,,,,,6.0,0.0,,,,,,,,,32.03463203463203
713,Chris Carr,28,51,1998,2360,MIN,1610612750,24.0,,,,,0.066,,0.509,,,,,,,0.0,,,,54.0,,,,45.0,,,,9.0,,84.0,,,,114.0,,,,,,,,,40,,97.37,,,0.0,,,Southern Illinois,,,,,,,0.619,,,,,,155,,,24.0,0,USA,,,,90.0,,,,,0.0,,,,,,,,,,,,,,,43,,,67.0,,,,0.424,,,,,,0.441,,,,102.1,,832.5,,,,3.7,,,0.038,,1.0,0.4,89.0,,,0.313,,,,,,,,,,,,,,,,,,,,,,127,,,,,103.6,,6.0,,,,,,15.0,,,,,,,0.21,,,,0.315,,,0.465,,,,,,,10.6,,,,,,,,78.0,,,,,,,,,,,,220.0,,,,,,10.0,,,,,,,,,,,,,,185.0,,,10.6,,,,-0.8,,,,,,,,,,,,,,,,,,,,,0.0,,,,,,,,,,,,,,,,,,0.0,,34.0,129,,,,,,,,,,,,,0.212,,,,0.429,,102.3,,,,,,,,,,-21,,,,,,1.23,,,,,,,,,,,,,,,13.0,69,,,,,0.422,1,,,,,,,0.0,1165.8733333333332,,,,,0.112,,,,,,,,,21.0,,,34.0,74.0,,,,,0.549,,,,,,,,,,,17,,56,,504,,,,,,,,,,,,,80.81,,59.0,,,,,,,,,,,1995,112,,,,,,,,,,2,,,0.0,,,,84,,,,,190,,,,,0.42,,,,,0.267,,,,-1.3,,42.0,,,,21.0,,,,,,,0.0,,,96.98,,,,8.9,,,94.0,,99,,,96.98,,,0.0,103.6,-1.3,,,0.462,,,,,0.0,0.848,,,,,,0.607,,,,,,85,102.9,,11,13.0,,,,,102.3,,,,,,,,,,19.0,,,,,0.093,,,,52.0,,,,,0,,,,0.362,,,,,,,,,,0.456,,,452,,,,,0.238,,,,,,,,,23,,,,52.0,,,,,,25.0,0.0,,,,,,,,,21.902654867256636
164,Chris Childs,37,68,1998,2987,NYK,1610612752,30.0,,,,,0.054,,0.524,,,,,,,9.0,,,,51.0,,,,23.0,,,,0.0,,91.0,,,,72.0,,,,,,,,,27,,89.45,,,0.0,,,Boise State,,,,,,,0.56,,,,,,162,,,27.0,2,USA,,,,76.0,,,,,2.0,,,,,,,,,,,,,,,29,,,35.0,,,,0.394,,,,,,0.0,,,,98.4,,1108.4,,,,2.2,,,0.019,,3.0,0.406,96.0,,,0.371,,,,,,,,,,,,,,,,,,,,,,87,,,,,99.3,,0.0,,,,,,0.0,,,,,,,0.148,,,,0.31,,,0.459,,,,,,,13.2,,,,,,,,75.0,,,,,,,,,,,,195.0,,,,,,15.0,,,,,,,,,,,,,,143.0,,,13.2,,,,-0.1,,,,,,,,,,,,,,,,,,,,,0.0,,,,,,,,,,,,,,,,,,0.0,,28.0,179,,,,,,,,,,,,,0.152,,,,0.0,,98.2,,,,,,,,,,-13,,,,,,2.6,,,,,,,,,,,,,,,3.0,103,,,,,0.478,1,,,,,,,0.0,1601.4916666666666,,,,,0.288,,,,,,,,,2.0,,,5.0,58.0,,,,,0.544,,,,,,,,,,,56,,Undrafted,,429,,,,,,,,,,,,,74.37,,33.0,,,,,,,,,,,Undrafted,133,,,,,,,,,,Undrafted,,,6.0,,,,104,,,,,149,,,,,0.421,,,,,0.355,,,,-1.1,,44.0,,,,13.0,,,,,,,0.0,,,89.24,,,,5.2,,,70.0,,126,,,89.24,,,0.0,99.3,-1.1,,,0.0,,,,,0.0,0.825,,,,,,0.531,,,,,,268,98.5,,6,34.4,,,,,98.2,,,,,,,,,,11.0,,,,,0.089,,,,31.0,,,,,0,,,,0.4,,,,,,,,,,0.431,,,354,,,,,0.341,,,,,,,,,18,,,,51.0,,,,,,13.0,0.0,,,,,,,,,35.59322033898305
1544,Chris Crawford,24,40,1998,558,ATL,1610612737,23.0,,,,,0.074,,0.536,,,,,,,0.0,,,,32.0,,,,21.0,,,,0.0,,60.0,,,,11.0,,,,,,,,,1,,102.86,,,0.0,,,Marquette,,,,,,,0.517,,,,,,41,,,1.0,0,USA,,,,2.0,,,,,0.0,,,,,,,,,,,,,,,20,,,7.0,,,,0.136,,,,,,0.0,,,,100.9,,251.7,,,,1.2,,,0.073,,1.0,0.44,67.0,,,0.143,,,,,,,,,,,,,,,,,,,,,,3,,,,,106.8,,0.0,,,,,,0.0,,,,,,,0.245,,,,0.333,,,0.423,,,,,,,10.8,,,,,,,,81.0,,,,,,,,,,,,235.0,,,,,,1.0,,,,,,,,,,,,,,25.0,,,10.6,,,,-7.1,,,,,,,,,,,,,,,,,,,,,0.0,,,,,,,,,,,,,,,,,,0.0,,1.0,27,,,,,,,,,,,,,0.251,,,,0.0,,98.0,,,,,,,,,,-51,,,,,,0.5,,,,,,,,,,,,,,,0.0,18,,,,,0.19,0,,,,,,,0.0,255.74666666666667,,,,,0.062,,,,,,,,,1.0,,,1.0,11.0,,,,,0.6,,,,,,,,,,,12,,50,,150,,,,,,,,,,,,,87.43,,22.0,,,,,,,,,,,1997,21,,,,,,,,,,2,,,0.0,,,,57,,,,,46,,,,,0.418,,,,,0.5,,,,-8.8,,1.0,,,,1.0,,,,,,,0.0,,,104.92,,,,2.8,,,2.0,,68,,,104.92,,,0.0,106.8,-8.8,,,0.0,,,,,0.0,0.838,,,,,,0.478,,,,,,9,108.0,,7,5.3,,,,,98.0,,,,,,,,,,4.0,,,,,0.076,,,,7.0,,,,,0,,,,0.5,,,,,,,,,,0.636,,,110,,,,,1.0,,,,,,,,,18,,,,31.0,,,,,,3.0,0.0,,,,,,,,,61.81818181818182
201,Chris Dudley,29,51,1998,1601,NYK,1610612752,33.0,,,,,0.162,,0.428,,,,,,,0.0,,,,51.0,,,,25.0,,,,0.0,,100.0,,,,1.0,,,,,,,,,0,,89.73,,,0.0,,,Yale,,,,,,,0.5,,,,,,275,,,0.0,2,USA,,,,0.0,,,,,0.0,,,,,,,,,,,,,,,108,,,11.0,,,,0.208,,,,,,0.0,,,,98.3,,666.5,,,,1.1,,,0.132,,0.0,0.158,106.0,,,0.182,,,,,,,,,,,,,,,,,,,,,,0,,,,,90.2,,0.0,,,,,,0.0,,,,,,,0.122,,,,0.0,,,0.406,,,,,,,17.7,,,,,,,,83.0,,,,,,,,,,,,240.0,,,,,,0.0,,,,,,,,,,,,,,19.0,,,17.5,,,,8.3,,,,,,,,,,,,,,,,,,,,,0.0,,,,,,,,,,,,,,,,,,0.0,,0.0,139,,,,,,,,,,,,,0.124,,,,0.0,,97.9,,,,,,,,,,121,,,,,,0.48,,,,,,,,,,,,,,,0.0,44,,,,,0.16,2,,,,,,,0.0,856.3016666666666,,,,,0.039,,,,,,,,,0.0,,,0.0,3.0,,,,,0.569,,,,,,,,,,,13,,75,,157,,,,,,,,,,,,,74.86,,24.0,,,,,,,,,,,1987,167,,,,,,,,,,4,,,0.0,,,,41,,,,,58,,,,,0.406,,,,,0.0,,,,7.7,,0.0,,,,2.0,,,,,,,0.0,,,89.83,,,,2.8,,,0.0,,92,,,89.83,,,0.0,90.2,7.7,,,0.0,,,,,0.0,0.446,,,,,,0.481,,,,,,21,90.1,,51,8.4,,,,,97.9,,,,,,,,,,4.0,,,,,0.191,,,,1.0,,,,,0,,,,0.0,,,,,,,,,,1.0,,,143,,,,,0.0,,,,,,,,,12,,,,50.0,,,,,,5.0,0.0,,,,,,,,,64.33566433566433
1612,Chris Garner,7,38,1998,610,TOR,1610612761,23.0,,,,,0.041,,0.363,,,,,,,0.0,,,,13.0,,,,2.0,,,,2.0,,25.0,,,,14.0,,,,,,,,,4,,98.87,,,0.0,,,Memphis,,,,,,,0.52,,,,,,24,,,1.0,0,USA,,,,7.0,,,,,1.0,,,,,,,,,,,,,,,7,,,7.0,,,,0.0,,,,,,0.429,,,,93.7,,199.3,,,,0.6,,,0.022,,,0.231,25.0,,,0.143,,,,,,,,,,,,,,,,,,,,,,14,,,,,105.9,,1.0,,,,,,3.0,,,,,,,0.138,,,,0.286,,,0.357,,,,,,,17.5,,,,,,,,70.0,,,,,,,,,,,,156.0,,,,,,0.0,,,,,,,,,,,,,,26.0,,,17.5,,,,-15.3,,,,,,,,,,,,,,,,,,,,,0.0,,,,,,,,,,,,,,,,,,0.0,,6.0,50,,,,,,,,,,,,,0.144,,,,0.5,,90.5,,,,,,,,,,-95,,,,,,1.8,,,,,,,,,,,,,,,3.0,25,,,,,0.0,0,,,,,,,0.0,287.285,,,,,0.241,,,,,,,,,4.0,,,7.0,6.0,,,,,0.184,,,,,,,,,,,21,,Undrafted,,53,,,,,,,,,,,,,85.0,,5.0,,,,,,,,,,,Undrafted,17,,,,,,,,,,Undrafted,,,0.0,,,,3,,,,,23,,,,,0.329,,,,,0.143,,,,-15.4,,4.0,,,,1.0,,,,,,,,,,102.0,,,,1.8,,,17.0,,7,,,102.0,,,0.0,105.9,-15.4,,,0.333,,,,,0.0,0.429,,,,,,0.52,,,,,,45,108.9,,4,31.5,,,,,90.5,,,,,,,,,,0.0,,,,,0.062,,,,3.0,,,,,0,,,,0.353,,,,,,,,,,0.214,,,70,,,,,0.0,,,,,,,,,5,,,,13.0,,,,,,0.0,,,,,,,,,,10.0
423,Chris Gatling,30,57,1998,2725,NJN,1610612751,30.0,,,,,0.127,,0.496,,,,,,,0.0,,,,130.0,,,,104.0,,,,1.0,,218.0,,,,96.0,,,,,,,,,1,,95.43,,,0.0,,,Old Dominion,,,,,,,0.578,,,,,,334,,,0.0,7,USA,,,,1.0,,,,,1.0,,,,,,,,,,,,,,,118,,,95.0,,,,0.264,,,,,,0.333,,,,104.7,,1280.3,,,,4.4,,,0.084,,0.0,0.441,238.0,,,0.411,,,,,,,,,,,,,,,,,,,,,,4,,,,,104.2,,0.0,,,,,,1.0,,,,,,,0.236,,,,0.25,,,0.456,,,,,,,12.2,,,,,,,,82.0,,,,,,,,,,,,230.0,,,,,,0.0,,,,,,,,,,,,,,202.0,,,12.1,,,,-0.7,,,,,,,,,,,,,,,,,,,,,0.0,,,,,,,,,,,,,,,,,,0.0,,6.0,152,,,,,,,,,,,,,0.241,,,,0.333,,104.4,,,,,,,,,,14,,,,,,0.54,,,,,,,,,,,,,,,0.0,99,,,,,0.308,9,,,,,,,0.0,1358.62,,,,,0.066,,,,,,,,,3.0,,,3.0,89.0,,,,,0.526,,,,,,,,,,,52,,16,,656,,,,,,,,,,,,,80.11,,121.0,,,,,,,,,,,1991,216,,,,,,,,,,1,,,0.0,,,,159,,,,,248,,,,,0.455,,,,,0.0,,,,0.2,,0.0,,,,39.0,,,,,,,0.0,,,96.13,,,,9.6,,,11.0,,265,,,96.13,,,0.0,104.2,0.2,,,0.0,,,,,0.0,0.6,,,,,,0.546,,,,,,53,105.5,,29,6.5,,,,,104.4,,,,,,,,,,32.0,,,,,0.176,,,,41.0,,,,,0,,,,0.545,,,,,,,,,,0.427,,,545,,,,,0.0,,,,,,,,,48,,,,126.0,,,,,,32.0,0.0,,,,,,,,,48.62385321100918
168,Chris Mills,42,80,1998,4102,NYK,1610612752,28.0,,,,,0.097,,0.512,,,,,,,2.0,,,,147.0,,,,57.0,,,,9.0,,250.0,,,,124.0,,,,,,,,,40,,90.41,,,0.0,,,Arizona,,,,,,,0.568,,,,,,408,,,25.0,3,USA,,,,104.0,,,,,1.0,,,,,,,,,,,,,,,120,,,52.0,,,,0.344,,,,,,0.484,,,,100.2,,1583.1,,,,3.7,,,0.058,,0.0,0.391,265.0,,,0.423,,,,,,,,,,,,,,,,,,,,,,137,,,,,95.1,,6.0,,,,,,15.0,,,,,,,0.182,,,,0.292,,,0.462,,,,,,,10.7,,,,,,,,79.0,,,,,,,,,,,,216.0,,,,,,11.0,,,,,,,,,,,,,,225.0,,,10.7,,,,5.3,,,,,,,,,,,,,,,,,,,,,0.0,,,,,,,,,,,,,,,,,,0.0,,42.0,218,,,,,,,,,,,,,0.186,,,,0.643,,100.1,,,,,,,,,,194,,,,,,1.24,,,,,,,,,,,,,,,17.0,107,,,,,0.298,3,,,,,,,0.0,2182.5333333333333,,,,,0.104,,,,,,,,,14.0,,,31.0,88.0,,,,,0.525,,,,,,,,,,,45,,22,,776,,,,,,,,,,,,,75.3,,64.0,,,,,,,,,,,1993,288,,,,,,,,,,1,,,1.0,,,,152,,,,,292,,,,,0.433,,,,,0.24,,,,5.0,,55.0,,,,22.0,,,,,,,0.0,,,90.36,,,,8.4,,,119.0,,189,,,90.36,,,0.0,95.1,5.0,,,0.353,,,,,0.0,0.804,,,,,,0.555,,,,,,133,94.9,,30,13.4,,,,,100.1,,,,,,,,,,17.0,,,,,0.136,,,,53.0,,,,,0,,,,0.353,,,,,,,,,,0.427,,,675,,,,,0.2,,,,,,,,,37,,,,142.0,,,,,,22.0,0.0,,,,,,,,,28.0
356,Chris Morris,43,54,1998,1053,UTA,1610612762,32.0,,,,,0.108,,0.498,,,,,,,2.0,,,,48.0,,,,15.0,,,,2.0,,90.0,,,,14.0,,,,,,,,,19,,92.53,,,0.0,,,Auburn,,,,,,,0.522,,,,,,114,,,15.0,0,USA,,,,48.0,,,,,1.0,,,,,,,,,,,,,,,35,,,17.0,,,,0.318,,,,,,0.333,,,,104.0,,498.8,,,,1.6,,,0.068,,,0.364,92.0,,,0.412,,,,,,,,,,,,,,,,,,,,,,62,,,,,102.0,,2.0,,,,,,4.0,,,,,,,0.22,,,,0.306,,,0.457,,,,,,,11.3,,,,,,,,80.0,,,,,,,,,,,,228.0,,,,,,9.0,,,,,,,,,,,,,,33.0,,,11.3,,,,0.9,,,,,,,,,,,,,,,,,,,,,0.0,,,,,,,,,,,,,,,,,,0.0,,13.0,61,,,,,,,,,,,,,0.226,,,,0.333,,102.4,,,,,,,,,,8,,,,,,0.73,,,,,,,,,,,,,,,6.0,33,,,,,0.267,1,,,,,,,0.0,538.0416666666666,,,,,0.08,,,,,,,,,6.0,,,12.0,12.0,,,,,0.796,,,,,,,,,,,25,,4,,233,,,,,,,,,,,,,78.14,,22.0,,,,,,,,,,,1988,79,,,,,,,,,,1,,,2.0,,,,44,,,,,85,,,,,0.411,,,,,0.313,,,,0.4,,17.0,,,,7.0,,,,,,,,,,93.76,,,,3.8,,,49.0,,61,,,93.76,,,0.0,102.0,0.4,,,0.333,,,,,0.0,0.721,,,,,,0.522,,,,,,24,103.1,,17,8.2,,,,,102.4,,,,,,,,,,4.0,,,,,0.144,,,,4.0,,,,,0,,,,0.265,,,,,,,,,,0.286,,,207,,,,,0.529,,,,,,,,,11,,,,47.0,,,,,,7.0,,,,,,,,,,29.468599033816425
904,Chris Mullin,58,82,1998,4124,IND,1610612754,34.0,,,,,0.059,,0.607,,,,,,,0.0,,,,106.0,,,,27.0,,,,3.0,,141.0,,,,178.0,,,,,,,,,107,,91.41,,,0.0,,,St. John's (NY),,,,,,,0.738,,,,,,249,,,81.0,0,USA,,,,184.0,,,,,0.0,,,,,,,,,,,,,,,38,,,56.0,,,,0.211,,,,,,0.441,,,,107.8,,1789.8,,,,4.1,,,0.019,,0.0,0.422,146.0,,,0.393,,,,,,,,,,,,,,,,,,,,,,243,,,,,97.7,,23.0,,,,,,26.0,,,,,,,0.186,,,,0.44,,,0.559,,,,,,,11.0,,,,,,,,79.0,,,,,,,,,,,,215.0,,,,,,54.0,,,,,,,,,,,,,,270.0,,,11.0,,,,10.6,,,,,,,,,,,,,,,,,,,,,0.0,,,,,,,,,,,,,,,,,,0.0,,75.0,186,,,,,,,,,,,,,0.189,,,,0.2,,108.6,,,,,,,,,,450,,,,,,1.59,,,,,,,,,,,,,,,44.0,117,,,,,0.111,0,,,,,,,0.0,2177.873333333333,,,,,0.135,,,,,,,,,15.0,,,59.0,114.0,,,,,0.707,,,,,,,,,,,95,,7,,927,,,,,,,,,,,,,75.73,,38.0,,,,,,,,,,,1985,211,,,,,,,,,,1,,,0.0,,,,154,,,,,333,,,,,0.481,,,,,0.44,,,,10.9,,122.0,,,,22.0,,,,,,,0.0,,,90.87,,,,8.4,,,163.0,,164,,,90.87,,,0.0,97.7,10.9,,,0.523,,,,,0.0,0.939,,,,,,0.726,,,,,,186,97.2,,39,17.5,,,,,108.6,,,,,,,,,,3.0,,,,,0.095,,,,73.0,,,,,0,,,,0.46,,,,,,,,,,0.41,,,692,,,,,0.443,,,,,,,,,38,,,,104.0,,,,,,8.0,0.0,,,,,,,,,23.69942196531792
997,Chris Robinson,4,35,1998,848,SAC,1610612758,24.0,,,,,0.054,,0.447,,,,,,,1.0,,,,23.0,,,,9.0,,,,5.0,,35.0,,,,30.0,,,,,,,,,24,,95.55,,,0.0,,,Western Kentucky,,,,,,,0.629,,,,,,46,,,14.0,0,USA,,,,44.0,,,,,1.0,,,,,,,,,,,,,,,9,,,11.0,,,,0.25,,,,,,0.476,,,,96.5,,311.7,,,,1.9,,,0.02,,0.0,0.262,37.0,,,0.091,,,,,,,,,,,,,,,,,,,,,,66,,,,,102.5,,5.0,,,,,,10.0,,,,,,,0.217,,,,0.364,,,0.443,,,,,,,13.0,,,,,,,,77.0,,,,,,,,,,,,200.0,,,,,,6.0,,,,,,,,,,,,,,61.0,,,13.1,,,,-8.9,,,,,,,,,,,,,,,,,,,,,0.0,,,,,,,,,,,,,,,,,,0.0,,26.0,50,,,,,,,,,,,,,0.225,,,,0.455,,95.2,,,,,,,,,,-61,,,,,,1.18,,,,,,,,,,,,,,,10.0,33,,,,,0.222,0,,,,,,,0.0,417.1166666666667,,,,,0.167,,,,,,,,,11.0,,,21.0,16.0,,,,,0.114,,,,,,,,,,,19,,51,,162,,,,,,,,,,,,,81.27,,12.0,,,,,,,,,,,1996,37,,,,,,,,,,2,,,1.0,,,,8,,,,,65,,,,,0.374,,,,,0.318,,,,-7.3,,19.0,,,,1.0,,,,,,,0.0,,,97.53,,,,5.0,,,66.0,,16,,,97.53,,,0.0,102.5,-7.3,,,0.5,,,,,0.0,0.5,,,,,,0.622,,,,,,39,105.3,,4,15.5,,,,,95.2,,,,,,,,,,2.0,,,,,0.09,,,,7.0,,,,,0,,,,0.394,,,,,,,,,,0.233,,,174,,,,,0.316,,,,,,,,,4,,,,22.0,,,,,,3.0,0.0,,,,,,,,,9.195402298850574
185,Chris Webber,39,71,1998,5399,WAS,1610612764,25.0,,,,,0.123,,0.523,,,,,,,0.0,,,,373.0,,,,129.0,,,,1.0,,516.0,,,,252.0,,,,,,,,,65,,93.84,,,,,,Michigan,,,,,,,0.692,,,,,,674,,,61.0,0,USA,,,,195.0,,,,,1.0,,,,,,,,,,,,,,,176,,,174.0,,,,0.349,,,,,,0.333,,,,102.6,,3293.3,,,,9.1,,,0.063,,0.0,0.369,555.0,,,0.27,,,,,,,,,,,,,,,,,,,,,,205,,,,,103.1,,2.0,,,,,,3.0,,,,,,,0.265,,,,0.317,,,0.507,,,,,,,9.5,,,,,,,,82.0,,,,,,,,,,,,245.0,,,,,,37.0,,,,,,,,,,,,,,452.0,,,9.5,,,,0.9,,,,,,,,,,,,,,,,,,,,,0.0,,,,,,,,,,,,,,,,,,0.0,,42.0,269,,,,,,,,,,,,,0.268,,,,0.2,,104.4,,,,,,,,,,46,,,,,,1.48,,,,,,,,,,,,,,,4.0,185,,,,,0.364,36,,,,,,,0.0,2808.9966666666664,,,,,0.176,,,,,,,,,5.0,,,9.0,167.0,,,,,0.549,,,,,,,,,,,111,,1,,1555,,,,,,,,,,,,,77.05,,169.0,,,,,,,,,,,1993,498,,,,,,,,,,1,,,,,,,196,,,,,647,,,,,0.482,,,,,0.313,,,,1.3,,123.0,,,,47.0,,,,,,,0.0,,,92.46,,,,18.9,,,107.0,,333,,,92.46,,,,103.1,1.3,,,0.5,,,,,0.0,0.589,,,,,,0.672,,,,,,273,101.7,,124,14.1,,,,,104.4,,,,,,,,,,47.0,,,,,0.185,,,,101.0,,,,,0,,,,0.393,,,,,,,,,,0.401,,,1341,,,,,0.301,,,,,,,,,28,,,,357.0,,,,,,59.0,0.0,,,,,,,,,24.83221476510067
43,Chris Whitney,42,82,1998,2169,WAS,1610612764,26.0,,,,,0.053,,0.512,,,,,,,2.0,,,,22.0,,,,15.0,,,,4.0,,46.0,,,,57.0,,,,,,,,,52,,95.26,,,0.0,,,Clemson,,,,,,,0.478,,,,,,115,,,46.0,0,USA,,,,147.0,,,,,2.0,,,,,,,,,,,,,,,16,,,20.0,,,,0.364,,,,,,0.318,,,,102.7,,909.0,,,,1.5,,,0.015,,1.0,0.368,50.0,,,0.25,,,,,,,,,,,,,,,,,,,,,,169,,,,,99.5,,3.0,,,,,,7.0,,,,,,,0.193,,,,0.308,,,0.428,,,,,,,9.7,,,,,,,,72.0,,,,,,,,,,,,170.0,,,,,,28.0,,,,,,,,,,,,,,117.0,,,9.6,,,,0.9,,,,,,,,,,,,,,,,,,,,,0.0,,,,,,,,,,,,,,,,,,0.0,,42.0,106,,,,,,,,,,,,,0.2,,,,0.333,,100.5,,,,,,,,,,3,,,,,,3.02,,,,,,,,,,,,,,,10.0,65,,,,,0.533,0,,,,,,,0.0,1073.4666666666667,,,,,0.293,,,,,,,,,12.0,,,22.0,43.0,,,,,0.512,,,,,,,,,,,34,,47,,422,,,,,,,,,,,,,81.14,,22.0,,,,,,,,,,,1993,99,,,,,,,,,,2,,,1.0,,,,118,,,,,126,,,,,0.355,,,,,0.313,,,,0.9,,94.0,,,,5.0,,,,,,,0.0,,,97.37,,,,4.3,,,114.0,,129,,,97.37,,,0.0,99.5,0.9,,,0.3,,,,,0.0,0.915,,,,,,0.44,,,,,,196,101.8,,6,29.1,,,,,100.5,,,,,,,,,,8.0,,,,,0.093,,,,21.0,,,,,0,,,,0.368,,,,,,,,,,0.368,,,355,,,,,0.298,,,,,,,,,13,,,,22.0,,,,,,8.0,0.0,,,,,,,,,36.33802816901409
363,Christian Laettner,47,74,1998,4213,ATL,1610612737,28.0,,,,,0.113,,0.576,,,,,,,0.0,,,,191.0,,,,70.0,,,,0.0,,310.0,,,,157.0,,,,,,,,,6,,89.31,,,0.0,,,Duke,,,,,,,0.59,,,,,,487,,,6.0,2,USA,,,,23.0,,,,,0.0,,,,,,,,,,,,,,,142,,,118.0,,,,0.372,,,,,,0.0,,,,104.7,,2138.4,,,,4.8,,,0.069,,2.0,0.433,332.0,,,0.373,,,,,,,,,,,,,,,,,,,,,,27,,,,,101.4,,0.0,,,,,,0.0,,,,,,,0.217,,,,0.222,,,0.489,,,,,,,14.5,,,,,,,,83.0,,,,,,,,,,,,245.0,,,,,,3.0,,,,,,,,,,,,,,307.0,,,14.5,,,,4.0,,,,,,,,,,,,,,,,,,,,,0.0,,,,,,,,,,,,,,,,,,0.0,,13.0,246,,,,,,,,,,,,,0.22,,,,0.0,,105.7,,,,,,,,,,172,,,,,,1.04,,,,,,,,,,,,,,,2.0,183,,,,,0.357,10,,,,,,,0.0,2286.523333333333,,,,,0.148,,,,,,,,,2.0,,,4.0,133.0,,,,,0.635,,,,,,,,,,,71,,3,,1020,,,,,,,,,,,,,73.8,,86.0,,,,,,,,,,,1992,345,,,,,,,,,,1,,,0.0,,,,306,,,,,354,,,,,0.485,,,,,0.261,,,,4.3,,13.0,,,,44.0,,,,,,,0.0,,,88.56,,,,9.9,,,38.0,,354,,,88.56,,,0.0,101.4,4.3,,,0.0,,,,,0.0,0.864,,,,,,0.575,,,,,,190,100.7,,73,15.1,,,,,105.7,,,,,,,,,,25.0,,,,,0.154,,,,78.0,,,,,0,,,,0.342,,,,,,,,,,0.497,,,730,,,,,0.231,,,,,,,,,45,,,,183.0,,,,,,32.0,0.0,,,,,,,,,48.49315068493151
456,Chuck Person,42,61,1998,2772,SAS,1610612759,34.0,,,,,0.071,,0.494,,,,,,,1.0,,,,16.0,,,,17.0,,,,6.0,,29.0,,,,40.0,,,,,,,,,95,,91.26,,,0.0,,,Auburn,,,,,,,0.517,,,,,,204,,,69.0,1,USA,,,,199.0,,,,,2.0,,,,,,,,,,,,,,,17,,,13.0,,,,0.217,,,,,,0.329,,,,102.4,,832.8,,,,2.3,,,0.013,,1.0,0.408,33.0,,,0.231,,,,,,,,,,,,,,,,,,,,,,276,,,,,97.7,,17.0,,,,,,23.0,,,,,,,0.152,,,,0.344,,,0.479,,,,,,,11.8,,,,,,,,80.0,,,,,,,,,,,,235.0,,,,,,38.0,,,,,,,,,,,,,,76.0,,,11.8,,,,5.7,,,,,,,,,,,,,,,,,,,,,0.0,,,,,,,,,,,,,,,,,,0.0,,64.0,121,,,,,,,,,,,,,0.155,,,,0.273,,101.5,,,,,,,,,,131,,,,,,1.28,,,,,,,,,,,,,,,48.0,67,,,,,0.176,0,,,,,,,0.0,1451.9466666666667,,,,,0.095,,,,,,,,,22.0,,,70.0,31.0,,,,,0.689,,,,,,,,,,,29,,4,,409,,,,,,,,,,,,,76.01,,23.0,,,,,,,,,,,1986,187,,,,,,,,,,1,,,1.0,,,,28,,,,,143,,,,,0.359,,,,,0.347,,,,3.8,,114.0,,,,3.0,,,,,,,0.0,,,91.21,,,,6.5,,,177.0,,37,,,91.21,,,0.0,97.7,3.8,,,0.354,,,,,0.0,0.757,,,,,,0.485,,,,,,86,96.7,,10,15.1,,,,,101.5,,,,,,,,,,3.0,,,,,0.123,,,,19.0,,,,,0,,,,0.362,,,,,,,,,,0.475,,,398,,,,,0.333,,,,,,,,,8,,,,15.0,,,,,,5.0,0.0,,,,,,,,,9.296482412060302
359,Chucky Brown,47,77,1998,2283,ATL,1610612737,30.0,,,,,0.078,,0.472,,,,,,,1.0,,,,71.0,,,,64.0,,,,0.0,,100.0,,,,79.0,,,,,,,,,2,,91.19,,,0.0,,,North Carolina State,,,,,,,0.63,,,,,,182,,,2.0,2,USA,,,,8.0,,,,,0.0,,,,,,,,,,,,,,,57,,,95.0,,,,0.311,,,,,,0.0,,,,104.2,,744.9,,,,2.1,,,0.05,,0.0,0.384,117.0,,,0.358,,,,,,,,,,,,,,,,,,,,,,8,,,,,101.7,,0.0,,,,,,0.0,,,,,,,0.174,,,,0.25,,,0.435,,,,,,,9.9,,,,,,,,80.0,,,,,,,,,,,,215.0,,,,,,1.0,,,,,,,,,,,,,,190.0,,,9.8,,,,2.7,,,,,,,,,,,,,,,,,,,,,0.0,,,,,,,,,,,,,,,,,,0.0,,5.0,100,,,,,,,,,,,,,0.177,,,,0.0,,104.1,,,,,,,,,,44,,,,,,1.08,,,,,,,,,,,,,,,0.0,51,,,,,0.297,0,,,,,,,0.0,1205.835,,,,,0.077,,,,,,,,,0.0,,,0.0,73.0,,,,,0.61,,,,,,,,,,,23,,43,,387,,,,,,,,,,,,,75.93,,74.0,,,,,,,,,,,1989,125,,,,,,,,,,2,,,0.0,,,,63,,,,,161,,,,,0.433,,,,,0.25,,,,2.5,,5.0,,,,34.0,,,,,,,0.0,,,91.12,,,,4.8,,,11.0,,87,,,91.12,,,0.0,101.7,2.5,,,0.0,,,,,0.0,0.724,,,,,,0.607,,,,,,55,101.4,,13,10.6,,,,,104.1,,,,,,,,,,19.0,,,,,0.104,,,,31.0,,,,,0,,,,0.455,,,,,,,,,,0.392,,,372,,,,,0.2,,,,,,,,,17,,,,63.0,,,,,,23.0,0.0,,,,,,,,,23.387096774193548
221,Clar. Weatherspoon,24,79,1998,4511,GSW,1610612744,27.0,,,,,0.129,,0.504,,,,,,,0.0,,,,179.0,,,,110.0,,,,0.0,,299.0,,,,85.0,,,,,,,,,0,,92.63,,,0.0,,,Southern Mississippi,,,,,,,0.559,,,,,,594,,,0.0,1,USA,,,,0.0,,,,,0.0,,,,,,,,,,,,,,,198,,,84.0,,,,0.284,,,,,,0.0,,,,97.5,,1940.3,,,,3.4,,,0.086,,0.0,0.36,328.0,,,0.226,,,,,,,,,,,,,,,,,,,,,,0,,,,,100.9,,0.0,,,,,,0.0,,,,,,,0.162,,,,0.0,,,0.441,,,,,,,12.7,,,,,,,,79.0,,,,,,,,,,,,240.0,,,,,,0.0,,,,,,,,,,,,,,175.0,,,12.6,,,,-4.1,,,,,,,,,,,,,,,,,,,,,0.0,,,,,,,,,,,,,,,,,,0.0,,0.0,194,,,,,,,,,,,,,0.164,,,,0.0,,97.3,,,,,,,,,,-154,,,,,,0.75,,,,,,,,,,,,,,,0.0,119,,,,,0.255,11,,,,,,,0.0,2324.77,,,,,0.065,,,,,,,,,0.0,,,0.0,63.0,,,,,0.304,,,,,,,,,,,85,,9,,736,,,,,,,,,,,,,77.54,,134.0,,,,,,,,,,,1992,396,,,,,,,,,,1,,,0.0,,,,200,,,,,268,,,,,0.441,,,,,0.0,,,,-3.6,,0.0,,,,19.0,,,,,,,0.0,,,93.05,,,,7.7,,,1.0,,277,,,93.05,,,0.0,100.9,-3.6,,,0.0,,,,,0.0,0.722,,,,,,0.546,,,,,,89,101.6,,74,9.4,,,,,97.3,,,,,,,,,,28.0,,,,,0.173,,,,42.0,,,,,0,,,,0.0,,,,,,,,,,0.494,,,608,,,,,0.0,,,,,,,,,73,,,,167.0,,,,,,38.0,0.0,,,,,,,,,45.55921052631579
361,Clifford Robinson,55,80,1998,4557,PHX,1610612756,31.0,,,,,0.091,,0.538,,,,,,,0.0,,,,234.0,,,,187.0,,,,3.0,,342.0,,,,97.0,,,,,,,,,27,,93.96,,,0.0,,,Connecticut,,,,,,,0.64,,,,,,410,,,22.0,3,USA,,,,69.0,,,,,1.0,,,,,,,,,,,,,,,152,,,130.0,,,,0.436,,,,,,0.308,,,,105.9,,2286.0,,,,5.4,,,0.069,,0.0,0.345,375.0,,,0.3,,,,,,,,,,,,,,,,,,,,,,84,,,,,102.0,,1.0,,,,,,4.0,,,,,,,0.227,,,,0.321,,,0.494,,,,,,,10.3,,,,,,,,82.0,,,,,,,,,,,,225.0,,,,,,6.0,,,,,,,,,,,,,,235.0,,,10.3,,,,5.2,,,,,,,,,,,,,,,,,,,,,0.0,,,,,,,,,,,,,,,,,,0.0,,28.0,249,,,,,,,,,,,,,0.23,,,,0.273,,106.9,,,,,,,,,,186,,,,,,1.21,,,,,,,,,,,,,,,2.0,140,,,,,0.455,6,,,,,,,0.0,2363.71,,,,,0.118,,,,,,,,,11.0,,,13.0,81.0,,,,,0.688,,,,,,,,,,,92,,36,,1133,,,,,,,,,,,,,77.42,,236.0,,,,,,,,,,,1989,258,,,,,,,,,,2,,,0.0,,,,248,,,,,429,,,,,0.479,,,,,0.319,,,,4.9,,28.0,,,,39.0,,,,,,,0.0,,,92.9,,,,11.2,,,77.0,,360,,,92.9,,,0.0,102.0,4.9,,,0.5,,,,,0.0,0.689,,,,,,0.624,,,,,,170,100.7,,90,12.5,,,,,106.9,,,,,,,,,,85.0,,,,,0.112,,,,37.0,,,,,0,,,,0.364,,,,,,,,,,0.381,,,895,,,,,0.214,,,,,,,,,52,,,,219.0,,,,,,103.0,0.0,,,,,,,,,40.22346368715084
32,Clifford Rozier,1,6,1998,63,MIN,1610612750,25.0,,,,,0.0,,0.466,,,,,,,,,,,1.0,,,,1.0,,,,,,1.0,,,,3.0,,,,,,,,,0,,99.54,,,,,,Louisville,,,,,,,1.0,,,,,,6,,,0.0,1,USA,,,,0.0,,,,,,,,,,,,,,,,,,,,3,,,0.0,,,,0.0,,,,,,,,,,84.0,,9.2,,,,0.5,,,0.0,,,0.5,1.0,,,0.0,,,,,,,,,,,,,,,,,,,,,,0,,,,,98.4,,,,,,,,,,,,,,,0.139,,,,0.0,,,0.5,,,,,,,38.3,,,,,,,,83.0,,,,,,,,,,,,245.0,,,,,,0.0,,,,,,,,,,,,,,4.0,,,40.0,,,,-21.5,,,,,,,,,,,,,,,,,,,,,,,,,,,,,,,,,,,,,,,,,1.0,7,,,,,,,,,,,,,0.145,,,,,,84.1,,,,,,,,,,-10,,,,,,0.0,,,,,,,,,,,,,,,,4,,,,,0.0,0,,,,,,,,29.62833333333333,,,,,0.0,,,,,,,,,,,,,2.0,,,,,0.167,,,,,,,,,,,0,,16,,6,,,,,,,,,,,,,85.73,,1.0,,,,,,,,,,,1994,3,,,,,,,,,,1,,,,,,,0,,,,,3,,,,,0.5,,,,,0.0,,,,-14.3,,0.0,,,,0.0,,,,,,,,,,102.87,,,,1.0,,,1.0,,1,,,102.87,,,,98.4,-14.3,,,,,,,,,0.0,,,,,,1.0,,,,,,0,105.4,,0,0.0,,,,,84.1,,,,,,,,,,0.0,,,,,0.167,,,,1.0,,,,,0,,,,1.0,,,,,,,,,,0.333,,,6,,,,,0.0,,,,,,,,,0,,,,1.0,,,,,,0.0,,,,,,,,,,16.666666666666668
17,Clyde Drexler,39,70,1998,4828,HOU,1610612745,36.0,,,,,0.072,,0.531,,,,,,,3.0,,,,240.0,,,,43.0,,,,8.0,,370.0,,,,165.0,,,,,,,,,106,,93.96,,,0.0,,,Houston,,,,,,,0.646,,,,,,346,,,90.0,2,USA,,,,279.0,,,,,1.0,,,,,,,,,,,,,,,105,,,106.0,,,,0.21,,,,,,0.302,,,,106.1,,2590.2,,,,6.5,,,0.044,,0.0,0.319,380.0,,,0.321,,,,,,,,,,,,,,,,,,,,,,334,,,,,105.6,,5.0,,,,,,13.0,,,,,,,0.251,,,,0.317,,,0.477,,,,,,,10.6,,,,,,,,79.0,,,,,,,,,,,,222.0,,,,,,30.0,,,,,,,,,,,,,,304.0,,,10.6,,,,1.2,,,,,,,,,,,,,,,,,,,,,1.0,,,,,,,,,,,,,,,,,,0.0,,90.0,193,,,,,,,,,,,,,0.256,,,,0.333,,106.6,,,,,,,,,,73,,,,,,2.02,,,,,,,,,,,,,,,19.0,189,,,,,0.209,11,,,,,,,0.0,2473.1783333333333,,,,,0.268,,,,,,,,,24.0,,,43.0,97.0,,,,,0.557,,,,,,,,,,,126,,14,,1287,,,,,,,,,,,,,77.9,,62.0,,,,,,,,,,,1983,241,,,,,,,,,,1,,,1.0,,,,277,,,,,452,,,,,0.427,,,,,0.323,,,,1.0,,129.0,,,,34.0,,,,,,,0.0,,,93.48,,,,15.1,,,232.0,,346,,,93.48,,,0.0,105.6,1.0,,,0.263,,,,,1.0,0.801,,,,,,0.632,,,,,,382,104.9,,42,21.5,,,,,106.6,,,,,,,,,,9.0,,,,,0.1,,,,48.0,,,,,0,,,,0.388,,,,,,,,,,0.291,,,1059,,,,,0.233,,,,,,,,,42,,,,239.0,,,,,,13.0,0.0,,,,,,,,,32.67233238904627
1133,Corey Beck,37,59,1998,1417,CHH,1610612766,27.0,,,,,0.065,,0.516,,,,,,,1.0,,,,32.0,,,,22.0,,,,0.0,,53.0,,,,37.0,,,,,,,,,2,,91.0,,,0.0,,,Arkansas,,,,,,,0.566,,,,,,90,,,2.0,0,USA,,,,3.0,,,,,1.0,,,,,,,,,,,,,,,27,,,34.0,,,,0.387,,,,,,0.0,,,,102.3,,496.0,,,,1.2,,,0.039,,1.0,0.408,57.0,,,0.324,,,,,,,,,,,,,,,,,,,,,,4,,,,,98.9,,0.0,,,,,,0.0,,,,,,,0.154,,,,0.5,,,0.465,,,,,,,19.8,,,,,,,,75.0,,,,,,,,,,,,200.0,,,,,,0.0,,,,,,,,,,,,,,71.0,,,19.8,,,,2.5,,,,,,,,,,,,,,,,,,,,,0.0,,,,,,,,,,,,,,,,,,0.0,,4.0,100,,,,,,,,,,,,,0.16,,,,0.0,,99.9,,,,,,,,,,3,,,,,,1.4,,,,,,,,,,,,,,,0.0,70,,,,,0.364,0,,,,,,,0.0,737.5466666666666,,,,,0.21,,,,,,,,,0.0,,,0.0,29.0,,,,,0.627,,,,,,,,,,,33,,Undrafted,,191,,,,,,,,,,,,,77.15,,31.0,,,,,,,,,,,Undrafted,63,,,,,,,,,,Undrafted,,,1.0,,,,43,,,,,73,,,,,0.459,,,,,0.667,,,,1.0,,0.0,,,,11.0,,,,,,,1.0,,,92.58,,,,2.7,,,6.0,,59,,,92.58,,,0.0,98.9,1.0,,,0.0,,,,,0.0,0.729,,,,,,0.561,,,,,,98,99.9,,7,27.8,,,,,99.9,,,,,,,,,,8.0,,,,,0.091,,,,17.0,,,,,0,,,,0.667,,,,,,,,,,0.459,,,159,,,,,0.0,,,,,,,,,9,,,,30.0,,,,,,12.0,1.0,,,,,,,,,37.106918238993714
916,Corie Blount,51,70,1998,2096,LAL,1610612747,29.0,,,,,0.142,,0.572,,,,,,,1.0,,,,85.0,,,,11.0,,,,0.0,,128.0,,,,25.0,,,,,,,,,0,,96.62,,,0.0,,,Cincinnati,,,,,,,0.656,,,,,,298,,,0.0,1,USA,,,,3.0,,,,,0.0,,,,,,,,,,,,,,,114,,,13.0,,,,0.4,,,,,,0.0,,,,105.6,,777.1,,,,1.5,,,0.11,,0.0,0.425,132.0,,,0.231,,,,,,,,,,,,,,,,,,,,,,4,,,,,99.0,,0.0,,,,,,0.0,,,,,,,0.112,,,,0.0,,,0.572,,,,,,,16.5,,,,,,,,82.0,,,,,,,,,,,,242.0,,,,,,0.0,,,,,,,,,,,,,,40.0,,,16.4,,,,5.2,,,,,,,,,,,,,,,,,,,,,0.0,,,,,,,,,,,,,,,,,,0.0,,1.0,157,,,,,,,,,,,,,0.115,,,,0.0,,103.9,,,,,,,,,,101,,,,,,0.73,,,,,,,,,,,,,,,0.0,51,,,,,0.455,0,,,,,,,0.0,1026.15,,,,,0.053,,,,,,,,,0.0,,,0.0,17.0,,,,,0.729,,,,,,,,,,,29,,25,,253,,,,,,,,,,,,,81.76,,15.0,,,,,,,,,,,1993,184,,,,,,,,,,1,,,1.0,,,,39,,,,,107,,,,,0.572,,,,,0.0,,,,5.0,,1.0,,,,3.0,,,,,,,0.0,,,98.11,,,,2.7,,,4.0,,78,,,98.11,,,0.0,99.0,5.0,,,0.0,,,,,0.0,0.5,,,,,,0.644,,,,,,37,100.4,,25,11.9,,,,,103.9,,,,,,,,,,5.0,,,,,0.173,,,,13.0,,,,,0,,,,0.25,,,,,,,,,,0.52,,,187,,,,,0.0,,,,,,,,,16,,,,84.0,,,,,,6.0,0.0,,,,,,,,,41.711229946524064
722,Corliss Williamson,25,79,1998,5511,SAC,1610612758,24.0,,,,,0.078,,0.527,,,,,,,5.0,,,,328.0,,,,253.0,,,,0.0,,477.0,,,,156.0,,,,,,,,,0,,94.32,,,0.0,,,Arkansas,,,,,,,0.629,,,,,,446,,,0.0,1,USA,,,,5.0,,,,,1.0,,,,,,,,,,,,,,,162,,,170.0,,,,0.465,,,,,,0.0,,,,98.8,,2454.2,,,,7.1,,,0.057,,0.0,0.348,534.0,,,0.376,,,,,,,,,,,,,,,,,,,,,,9,,,,,104.1,,0.0,,,,,,0.0,,,,,,,0.24,,,,0.0,,,0.495,,,,,,,11.3,,,,,,,,79.0,,,,,,,,,,,,245.0,,,,,,0.0,,,,,,,,,,,,,,345.0,,,11.3,,,,-4.6,,,,,,,,,,,,,,,,,,,,,0.0,,,,,,,,,,,,,,,,,,0.0,,4.0,252,,,,,,,,,,,,,0.243,,,,0.0,,99.0,,,,,,,,,,-278,,,,,,1.16,,,,,,,,,,,,,,,0.0,199,,,,,0.462,6,,,,,,,0.0,2814.51,,,,,0.147,,,,,,,,,0.0,,,0.0,120.0,,,,,0.316,,,,,,,,,,,76,,13,,1401,,,,,,,,,,,,,78.27,,303.0,,,,,,,,,,,1995,284,,,,,,,,,,1,,,4.0,,,,279,,,,,561,,,,,0.495,,,,,0.0,,,,-5.2,,3.0,,,,64.0,,,,,,,0.0,,,93.93,,,,14.4,,,12.0,,443,,,93.93,,,0.0,104.1,-5.2,,,0.0,,,,,0.0,0.63,,,,,,0.614,,,,,,230,103.4,,48,13.1,,,,,99.0,,,,,,,,,,117.0,,,,,0.1,,,,48.0,,,,,0,,,,0.333,,,,,,,,,,0.308,,,1134,,,,,0.0,,,,,,,,,82,,,,300.0,,,,,,141.0,0.0,,,,,,,,,39.0652557319224
724,Cory Alexander,29,60,1998,2505,DEN,1610612743,25.0,,,,,0.059,,0.548,,,,,,,0.0,,,,38.0,,,,11.0,,,,4.0,,62.0,,,,78.0,,,,,,,,,66,,91.99,,,0.0,,,Virginia,,,,,,,0.613,,,,,,146,,,60.0,0,USA,,,,154.0,,,,,2.0,,,,,,,,,,,,,,,17,,,25.0,,,,0.4,,,,,,0.286,,,,98.7,,1107.7,,,,2.9,,,0.014,,0.0,0.412,63.0,,,0.36,,,,,,,,,,,,,,,,,,,,,,176,,,,,104.8,,2.0,,,,,,6.0,,,,,,,0.195,,,,0.375,,,0.51,,,,,,,14.6,,,,,,,,73.0,,,,,,,,,,,,190.0,,,,,,41.0,,,,,,,,,,,,,,148.0,,,14.6,,,,-6.4,,,,,,,,,,,,,,,,,,,,,0.0,,,,,,,,,,,,,,,,,,0.0,,44.0,98,,,,,,,,,,,,,0.2,,,,0.5,,98.0,,,,,,,,,,-145,,,,,,1.87,,,,,,,,,,,,,,,13.0,112,,,,,0.273,4,,,,,,,0.0,1295.1583333333333,,,,,0.286,,,,,,,,,8.0,,,21.0,61.0,,,,,0.483,,,,,,,,,,,70,,29,,488,,,,,,,,,,,,,76.98,,15.0,,,,,,,,,,,1995,129,,,,,,,,,,1,,,0.0,,,,80,,,,,171,,,,,0.428,,,,,0.39,,,,-6.8,,102.0,,,,9.0,,,,,,,0.0,,,92.37,,,,6.7,,,119.0,,102,,,92.37,,,0.0,104.8,-6.8,,,0.154,,,,,0.0,0.784,,,,,,0.603,,,,,,209,105.0,,11,27.2,,,,,98.0,,,,,,,,,,3.0,,,,,0.104,,,,36.0,,,,,0,,,,0.37,,,,,,,,,,0.462,,,400,,,,,0.402,,,,,,,,,15,,,,38.0,,,,,,6.0,0.0,,,,,,,,,25.5
905,Dale Davis,55,78,1998,4112,IND,1610612754,29.0,,,,,0.147,,0.546,,,,,,,0.0,,,,217.0,,,,90.0,,,,0.0,,309.0,,,,16.0,,,,,,,,,0,,91.11,,,0.0,,,Clemson,,,,,,,0.689,,,,,,611,,,0.0,1,USA,,,,0.0,,,,,0.0,,,,,,,,,,,,,,,233,,,65.0,,,,0.245,,,,,,0.0,,,,109.5,,1805.2,,,,3.5,,,0.119,,0.0,0.402,327.0,,,0.4,,,,,,,,,,,,,,,,,,,,,,0,,,,,99.3,,0.0,,,,,,0.0,,,,,,,0.138,,,,0.0,,,0.548,,,,,,,10.2,,,,,,,,83.0,,,,,,,,,,,,230.0,,,,,,0.0,,,,,,,,,,,,,,87.0,,,10.2,,,,10.1,,,,,,,,,,,,,,,,,,,,,0.0,,,,,,,,,,,,,,,,,,0.0,,0.0,209,,,,,,,,,,,,,0.14,,,,0.0,,109.4,,,,,,,,,,386,,,,,,0.96,,,,,,,,,,,,,,,0.0,73,,,,,0.267,7,,,,,,,0.0,2171.0333333333333,,,,,0.049,,,,,,,,,0.0,,,0.0,35.0,,,,,0.705,,,,,,,,,,,51,,13,,626,,,,,,,,,,,,,76.02,,102.0,,,,,,,,,,,1991,378,,,,,,,,,,1,,,0.0,,,,80,,,,,273,,,,,0.548,,,,,0.0,,,,10.1,,0.0,,,,26.0,,,,,,,0.0,,,91.22,,,,6.4,,,0.0,,172,,,91.22,,,0.0,99.3,10.1,,,0.0,,,,,0.0,0.465,,,,,,0.664,,,,,,70,99.5,,87,9.7,,,,,109.4,,,,,,,,,,24.0,,,,,0.172,,,,6.0,,,,,0,,,,0.0,,,,,,,,,,0.375,,,498,,,,,0.0,,,,,,,,,47,,,,213.0,,,,,,25.0,0.0,,,,,,,,,34.53815261044177
107,Dale Ellis,59,79,1998,3664,SEA,1610612760,37.0,,,,,0.051,,0.611,,,,,,,0.0,,,,71.0,,,,11.0,,,,14.0,,112.0,,,,206.0,,,,,,,,,127,,90.43,,,0.0,,,Tennessee,,,,,,,0.625,,,,,,184,,,91.0,0,USA,,,,207.0,,,,,0.0,,,,,,,,,,,,,,,51,,,38.0,,,,0.375,,,,,,0.516,,,,109.2,,1407.3,,,,4.4,,,0.029,,0.0,0.488,116.0,,,0.421,,,,,,,,,,,,,,,,,,,,,,276,,,,,100.7,,19.0,,,,,,33.0,,,,,,,0.199,,,,0.46,,,0.586,,,,,,,8.0,,,,,,,,79.0,,,,,,,,,,,,215.0,,,,,,55.0,,,,,,,,,,,,,,301.0,,,8.1,,,,8.6,,,,,,,,,,,,,,,,,,,,,0.0,,,,,,,,,,,,,,,,,,0.0,,95.0,128,,,,,,,,,,,,,0.205,,,,0.483,,109.6,,,,,,,,,,353,,,,,,1.2,,,,,,,,,,,,,,,35.0,74,,,,,0.273,0,,,,,,,0.0,1941.371666666667,,,,,0.081,,,,,,,,,29.0,,,64.0,147.0,,,,,0.747,,,,,,,,,,,60,,9,,932,,,,,,,,,,,,,75.2,,16.0,,,,,,,,,,,1983,133,,,,,,,,,,1,,,0.0,,,,111,,,,,347,,,,,0.496,,,,,0.44,,,,8.9,,130.0,,,,16.0,,,,,,,0.0,,,90.25,,,,8.9,,,199.0,,142,,,90.25,,,0.0,100.7,8.9,,,0.543,,,,,0.0,0.782,,,,,,0.612,,,,,,89,100.6,,5,9.7,,,,,109.6,,,,,,,,,,3.0,,,,,0.072,,,,107.0,,,,,0,,,,0.477,,,,,,,,,,0.519,,,700,,,,,0.423,,,,,,,,,23,,,,70.0,,,,,,6.0,0.0,,,,,,,,,20.285714285714285
757,Damon Stoudamire,24,71,1998,5492,POR,1610612757,24.0,,,,,0.054,,0.503,,,,,,,1.0,,,,154.0,,,,113.0,,,,2.0,,262.0,,,,174.0,,,,,,,,,91,,93.56,,,0.0,,,Arizona,,,,,,,0.576,,,,,,298,,,85.0,1,USA,,,,285.0,,,,,2.0,,,,,,,,,,,,,,,87,,,109.0,,,,0.422,,,,,,0.316,,,,101.1,,2589.6,,,,6.3,,,0.031,,1.0,0.381,274.0,,,0.422,,,,,,,,,,,,,,,,,,,,,,304,,,,,106.6,,4.0,,,,,,6.0,,,,,,,0.221,,,,0.299,,,0.452,,,,,,,11.0,,,,,,,,70.0,,,,,,,,,,,,171.0,,,,,,32.0,,,,,,,,,,,,,,378.0,,,11.1,,,,-4.6,,,,,,,,,,,,,,,,,,,,,0.0,,,,,,,,,,,,,,,,,,0.0,,114.0,150,,,,,,,,,,,,,0.226,,,,0.25,,102.0,,,,,,,,,,-251,,,,,,2.6,,,,,,,,,,,,,,,11.0,223,,,,,0.398,21,,,,,,,0.0,2842.526666666666,,,,,0.34,,,,,,,,,8.0,,,19.0,144.0,,,,,0.338,,,,,,,,,,,113,,7,,1225,,,,,,,,,,,,,77.25,,147.0,,,,,,,,,,,1995,211,,,,,,,,,,1,,,0.0,,,,238,,,,,448,,,,,0.411,,,,,0.298,,,,-4.7,,111.0,,,,46.0,,,,,,,0.0,,,92.7,,,,15.4,,,306.0,,287,,,92.7,,,0.0,106.6,-4.7,,,0.364,,,,,0.0,0.829,,,,,,0.562,,,,,,580,105.6,,7,28.8,,,,,102.0,,,,,,,,,,45.0,,,,,0.078,,,,57.0,,,,,0,,,,0.373,,,,,,,,,,0.328,,,1091,,,,,0.288,,,,,,,,,70,,,,151.0,,,,,,62.0,0.0,,,,,,,,,26.30614115490376
105,Dan Majerle,49,72,1998,3582,MIA,1610612748,32.0,,,,,0.071,,0.562,,,,,,,1.0,,,,63.0,,,,9.0,,,,22.0,,98.0,,,,10.0,,,,,,,,,111,,89.33,,,0.0,,,Central Michigan,,,,,,,0.612,,,,,,268,,,77.0,0,USA,,,,220.0,,,,,3.0,,,,,,,,,,,,,,,48,,,10.0,,,,0.412,,,,,,0.453,,,,105.2,,1260.1,,,,2.6,,,0.027,,0.0,0.207,105.0,,,0.4,,,,,,,,,,,,,,,,,,,,,,295,,,,,97.5,,12.0,,,,,,34.0,,,,,,,0.128,,,,0.376,,,0.546,,,,,,,9.5,,,,,,,,78.0,,,,,,,,,,,,220.0,,,,,,41.0,,,,,,,,,,,,,,29.0,,,9.5,,,,8.3,,,,,,,,,,,,,,,,,,,,,1.0,,,,,,,,,,,,,,,,,,0.0,,70.0,139,,,,,,,,,,,,,0.131,,,,0.478,,105.2,,,,,,,,,,280,,,,,,2.42,,,,,,,,,,,,,,,29.0,65,,,,,0.444,0,,,,,,,0.0,1928.0716666666667,,,,,0.135,,,,,,,,,46.0,,,75.0,6.0,,,,,0.681,,,,,,,,,,,68,,14,,519,,,,,,,,,,,,,74.26,,17.0,,,,,,,,,,,1988,220,,,,,,,,,,1,,,0.0,,,,40,,,,,184,,,,,0.419,,,,,0.35,,,,7.7,,119.0,,,,4.0,,,,,,,0.0,,,89.11,,,,6.1,,,182.0,,51,,,89.11,,,0.0,97.5,7.7,,,0.414,,,,,0.333,0.784,,,,,,0.6,,,,,,157,96.9,,15,23.0,,,,,105.2,,,,,,,,,,4.0,,,,,0.112,,,,1.0,,,,,0,,,,0.385,,,,,,,,,,0.1,,,439,,,,,0.345,,,,,,,,,17,,,,60.0,,,,,,7.0,0.0,,,,,,,,,11.617312072892938
7,Dan Schayes,35,74,1998,2318,ORL,1610612753,39.0,,,,,0.101,,0.479,,,,,,,0.0,,,,68.0,,,,11.0,,,,0.0,,124.0,,,,176.0,,,,,,,,,0,,88.25,,,0.0,,,Syracuse,,,,,,,0.548,,,,,,242,,,0.0,2,USA,,,,0.0,,,,,0.0,,,,,,,,,,,,,,,97,,,25.0,,,,0.133,,,,,,0.0,,,,99.8,,902.4,,,,2.1,,,0.077,,0.0,0.366,129.0,,,0.4,,,,,,,,,,,,,,,,,,,,,,0,,,,,100.3,,0.0,,,,,,0.0,,,,,,,0.174,,,,0.0,,,0.418,,,,,,,11.5,,,,,,,,83.0,,,,,,,,,,,,260.0,,,,,,0.0,,,,,,,,,,,,,,232.0,,,11.6,,,,-0.5,,,,,,,,,,,,,,,,,,,,,0.0,,,,,,,,,,,,,,,,,,0.0,,8.0,182,,,,,,,,,,,,,0.178,,,,0.0,,100.6,,,,,,,,,,-14,,,,,,0.72,,,,,,,,,,,,,,,0.0,61,,,,,0.182,1,,,,,,,0.0,1271.4133333333334,,,,,0.059,,,,,,,,,0.0,,,0.0,85.0,,,,,0.473,,,,,,,,,,,34,,13,,406,,,,,,,,,,,,,73.27,,15.0,,,,,,,,,,,1981,145,,,,,,,,,,1,,,0.0,,,,96,,,,,155,,,,,0.418,,,,,0.0,,,,0.3,,0.0,,,,10.0,,,,,,,0.0,,,87.93,,,,5.0,,,30.0,,119,,,87.93,,,0.0,100.3,0.3,,,0.0,,,,,0.0,0.807,,,,,,0.527,,,,,,44,100.3,,33,8.3,,,,,100.6,,,,,,,,,,2.0,,,,,0.126,,,,67.0,,,,,0,,,,0.267,,,,,,,,,,0.381,,,371,,,,,0.0,,,,,,,,,29,,,,68.0,,,,,,2.0,0.0,,,,,,,,,32.075471698113205
344,Dana Barros,36,80,1998,3381,BOS,1610612738,31.0,,,,,0.046,,0.583,,,,,,,3.0,,,,73.0,,,,20.0,,,,0.0,,118.0,,,,107.0,,,,,,,,,100,,95.54,,,0.0,,,Boston College,,,,,,,0.585,,,,,,153,,,97.0,0,USA,,,,233.0,,,,,2.0,,,,,,,,,,,,,,,28,,,33.0,,,,0.4,,,,,,0.25,,,,100.4,,1556.6,,,,3.5,,,0.016,,0.0,0.467,125.0,,,0.303,,,,,,,,,,,,,,,,,,,,,,246,,,,,100.8,,3.0,,,,,,3.0,,,,,,,0.195,,,,0.407,,,0.544,,,,,,,10.0,,,,,,,,71.0,,,,,,,,,,,,163.0,,,,,,55.0,,,,,,,,,,,,,,210.0,,,10.1,,,,-2.2,,,,,,,,,,,,,,,,,,,,,1.0,,,,,,,,,,,,,,,,,,0.0,,84.0,124,,,,,,,,,,,,,0.2,,,,0.0,,100.5,,,,,,,,,,-36,,,,,,2.67,,,,,,,,,,,,,,,8.0,107,,,,,0.45,1,,,,,,,0.0,1690.0733333333333,,,,,0.282,,,,,,,,,4.0,,,12.0,98.0,,,,,0.45,,,,,,,,,,,83,,16,,784,,,,,,,,,,,,,80.34,,35.0,,,,,,,,,,,1989,125,,,,,,,,,,1,,,1.0,,,,122,,,,,281,,,,,0.461,,,,,0.416,,,,-0.3,,124.0,,,,10.0,,,,,,,0.0,,,96.41,,,,7.6,,,195.0,,144,,,96.41,,,0.0,100.8,-0.3,,,0.375,,,,,0.5,0.847,,,,,,0.584,,,,,,286,102.7,,6,26.9,,,,,100.5,,,,,,,,,,9.0,,,,,0.081,,,,49.0,,,,,0,,,,0.431,,,,,,,,,,0.458,,,609,,,,,0.444,,,,,,,,,25,,,,69.0,,,,,,14.0,0.0,,,,,,,,,23.645320197044335
198,Danny Ferry,39,69,1998,1996,CLE,1610612739,31.0,,,,,0.06,,0.479,,,,,,,1.0,,,,10.0,,,,12.0,,,,4.0,,15.0,,,,90.0,,,,,,,,,33,,90.77,,,0.0,,,Duke,,,,,,,0.6,,,,,,114,,,20.0,0,USA,,,,71.0,,,,,0.0,,,,,,,,,,,,,,,23,,,34.0,,,,0.444,,,,,,0.462,,,,97.9,,592.3,,,,1.6,,,0.025,,0.0,0.413,17.0,,,0.353,,,,,,,,,,,,,,,,,,,,,,99,,,,,96.9,,8.0,,,,,,12.0,,,,,,,0.156,,,,0.333,,,0.453,,,,,,,12.8,,,,,,,,82.0,,,,,,,,,,,,235.0,,,,,,9.0,,,,,,,,,,,,,,155.0,,,12.8,,,,-0.4,,,,,,,,,,,,,,,,,,,,,0.0,,,,,,,,,,,,,,,,,,0.0,,41.0,118,,,,,,,,,,,,,0.163,,,,0.286,,96.8,,,,,,,,,,12,,,,,,1.11,,,,,,,,,,,,,,,12.0,53,,,,,0.583,0,,,,,,,0.0,1037.9483333333333,,,,,0.102,,,,,,,,,14.0,,,26.0,64.0,,,,,0.565,,,,,,,,,,,26,,2,,291,,,,,,,,,,,,,76.65,,18.0,,,,,,,,,,,1989,91,,,,,,,,,,1,,,1.0,,,,32,,,,,113,,,,,0.395,,,,,0.282,,,,-0.1,,33.0,,,,12.0,,,,,,,0.0,,,91.98,,,,4.1,,,99.0,,40,,,91.98,,,0.0,96.9,-0.1,,,0.667,,,,,0.0,0.8,,,,,,0.588,,,,,,59,98.3,,17,14.3,,,,,96.8,,,,,,,,,,7.0,,,,,0.094,,,,34.0,,,,,0,,,,0.414,,,,,,,,,,0.378,,,286,,,,,0.273,,,,,,,,,10,,,,9.0,,,,,,8.0,0.0,,,,,,,,,13.986013986013987
1504,Danny Fortson,11,80,1998,3477,DEN,1610612743,22.0,,,,,0.13,,0.537,,,,,,,0.0,,,,185.0,,,,90.0,,,,0.0,,326.0,,,,80.0,,,,,,,,,1,,92.38,,,0.0,,,Cincinnati,,,,,,,0.558,,,,,,448,,,1.0,7,USA,,,,3.0,,,,,0.0,,,,,,,,,,,,,,,182,,,92.0,,,,0.394,,,,,,0.0,,,,96.0,,1532.6,,,,3.5,,,0.102,,0.0,0.295,338.0,,,0.217,,,,,,,,,,,,,,,,,,,,,,3,,,,,108.6,,0.0,,,,,,0.0,,,,,,,0.227,,,,0.333,,,0.453,,,,,,,15.8,,,,,,,,79.0,,,,,,,,,,,,260.0,,,,,,1.0,,,,,,,,,,,,,,183.0,,,15.7,,,,-13.3,,,,,,,,,,,,,,,,,,,,,0.0,,,,,,,,,,,,,,,,,,0.0,,2.0,314,,,,,,,,,,,,,0.23,,,,0.0,,97.1,,,,,,,,,,-412,,,,,,0.48,,,,,,,,,,,,,,,0.0,157,,,,,0.433,7,,,,,,,0.0,1813.4283333333333,,,,,0.081,,,,,,,,,0.0,,,0.0,54.0,,,,,0.138,,,,,,,,,,,44,,10,,816,,,,,,,,,,,,,76.82,,99.0,,,,,,,,,,,1997,266,,,,,,,,,,1,,,0.0,,,,263,,,,,276,,,,,0.452,,,,,0.333,,,,-11.5,,2.0,,,,20.0,,,,,,,0.0,,,92.18,,,,7.6,,,9.0,,339,,,92.18,,,0.0,108.6,-11.5,,,0.0,,,,,0.0,0.776,,,,,,0.547,,,,,,76,109.3,,30,7.6,,,,,97.1,,,,,,,,,,39.0,,,,,0.162,,,,29.0,,,,,0,,,,0.222,,,,,,,,,,0.363,,,611,,,,,0.5,,,,,,,,,102,,,,182.0,,,,,,39.0,0.0,,,,,,,,,55.48281505728314
330,Danny Manning,46,70,1998,3492,PHX,1610612756,32.0,,,,,0.111,,0.554,,,,,,,1.0,,,,188.0,,,,142.0,,,,0.0,,268.0,,,,164.0,,,,,,,,,0,,93.96,,,0.0,,,Kansas,,,,,,,0.679,,,,,,392,,,0.0,2,USA,,,,5.0,,,,,0.0,,,,,,,,,,,,,,,110,,,148.0,,,,0.408,,,,,,0.0,,,,103.8,,1876.9,,,,5.6,,,0.064,,0.0,0.444,282.0,,,0.392,,,,,,,,,,,,,,,,,,,,,,7,,,,,96.0,,0.0,,,,,,0.0,,,,,,,0.237,,,,0.0,,,0.516,,,,,,,9.1,,,,,,,,82.0,,,,,,,,,,,,234.0,,,,,,0.0,,,,,,,,,,,,,,324.0,,,9.1,,,,8.2,,,,,,,,,,,,,,,,,,,,,0.0,,,,,,,,,,,,,,,,,,0.0,,6.0,201,,,,,,,,,,,,,0.241,,,,0.0,,104.2,,,,,,,,,,267,,,,,,1.39,,,,,,,,,,,,,,,0.0,100,,,,,0.444,6,,,,,,,0.0,1796.6983333333333,,,,,0.138,,,,,,,,,1.0,,,1.0,144.0,,,,,0.657,,,,,,,,,,,71,,1,,947,,,,,,,,,,,,,77.97,,157.0,,,,,,,,,,,1988,282,,,,,,,,,,1,,,1.0,,,,167,,,,,390,,,,,0.516,,,,,0.0,,,,8.2,,2.0,,,,58.0,,,,,,,0.0,,,93.56,,,,10.8,,,17.0,,226,,,93.56,,,0.0,96.0,8.2,,,0.0,,,,,0.0,0.739,,,,,,0.667,,,,,,139,95.6,,46,12.7,,,,,104.2,,,,,,,,,,63.0,,,,,0.154,,,,75.0,,,,,0,,,,0.353,,,,,,,,,,0.457,,,756,,,,,0.0,,,,,,,,,27,,,,182.0,,,,,,64.0,0.0,,,,,,,,,29.894179894179896
353,Darrell Armstrong,23,48,1998,2296,ORL,1610612753,30.0,,,,,0.067,,0.509,,,,,,,4.0,,,,55.0,,,,27.0,,,,2.0,,90.0,,,,106.0,,,,,,,,,25,,89.92,,,0.0,,,Fayetteville State,,,,,,,0.611,,,,,,159,,,20.0,1,USA,,,,55.0,,,,,0.0,,,,,,,,,,,,,,,65,,,66.0,,,,0.375,,,,,,0.4,,,,98.0,,1063.8,,,,3.3,,,0.052,,1.0,0.339,90.0,,,0.364,,,,,,,,,,,,,,,,,,,,,,68,,,,,100.7,,2.0,,,,,,4.0,,,,,,,0.198,,,,0.368,,,0.443,,,,,,,14.3,,,,,,,,73.0,,,,,,,,,,,,180.0,,,,,,6.0,,,,,,,,,,,,,,183.0,,,14.4,,,,-2.6,,,,,,,,,,,,,,,,,,,,,0.0,,,,,,,,,,,,,,,,,,0.0,,29.0,96,,,,,,,,,,,,,0.203,,,,0.5,,98.9,,,,,,,,,,-57,,,,,,2.11,,,,,,,,,,,,,,,6.0,112,,,,,0.333,1,,,,,,,0.0,1235.371666666667,,,,,0.346,,,,,,,,,4.0,,,10.0,62.0,,,,,0.479,,,,,,,,,,,58,,Undrafted,,442,,,,,,,,,,,,,74.58,,40.0,,,,,,,,,,,Undrafted,94,,,,,,,,,,Undrafted,,,2.0,,,,105,,,,,156,,,,,0.411,,,,,0.364,,,,-1.8,,21.0,,,,24.0,,,,,,,0.0,,,89.5,,,,7.9,,,65.0,,123,,,89.5,,,0.0,100.7,-1.8,,,0.333,,,,,0.0,0.854,,,,,,0.611,,,,,,236,100.6,,5,30.3,,,,,98.9,,,,,,,,,,9.0,,,,,0.084,,,,33.0,,,,,0,,,,0.446,,,,,,,,,,0.311,,,380,,,,,0.286,,,,,,,,,22,,,,55.0,,,,,,15.0,0.0,,,,,,,,,32.36842105263158
239,Darrick Martin,17,82,1998,4507,LAC,1610612746,27.0,,,,,0.036,,0.509,,,,,,,4.0,,,,110.0,,,,62.0,,,,2.0,,217.0,,,,53.0,,,,,,,,,107,,94.82,,,0.0,,,UCLA,,,,,,,0.484,,,,,,164,,,102.0,0,USA,,,,272.0,,,,,2.0,,,,,,,,,,,,,,,19,,,41.0,,,,0.341,,,,,,0.25,,,,101.2,,1656.3,,,,3.4,,,0.008,,2.0,0.25,231.0,,,0.268,,,,,,,,,,,,,,,,,,,,,,293,,,,,107.5,,2.0,,,,,,4.0,,,,,,,0.186,,,,0.365,,,0.45,,,,,,,11.8,,,,,,,,71.0,,,,,,,,,,,,170.0,,,,,,62.0,,,,,,,,,,,,,,136.0,,,11.8,,,,-5.8,,,,,,,,,,,,,,,,,,,,,0.0,,,,,,,,,,,,,,,,,,0.0,,59.0,198,,,,,,,,,,,,,0.19,,,,0.25,,102.3,,,,,,,,,,-205,,,,,,2.15,,,,,,,,,,,,,,,8.0,154,,,,,0.29,1,,,,,,,0.0,2293.306666666667,,,,,0.23,,,,,,,,,8.0,,,16.0,34.0,,,,,0.207,,,,,,,,,,,82,,Undrafted,,841,,,,,,,,,,,,,78.38,,88.0,,,,,,,,,,,Undrafted,145,,,,,,,,,,Undrafted,,,1.0,,,,184,,,,,275,,,,,0.377,,,,,0.375,,,,-5.2,,173.0,,,,11.0,,,,,,,0.0,,,94.06,,,,8.9,,,162.0,,217,,,94.06,,,0.0,107.5,-5.2,,,0.25,,,,,0.0,0.848,,,,,,0.476,,,,,,331,107.0,,10,25.4,,,,,102.3,,,,,,,,,,18.0,,,,,0.064,,,,15.0,,,,,0,,,,0.364,,,,,,,,,,0.283,,,730,,,,,0.358,,,,,,,,,44,,,,105.0,,,,,,30.0,0.0,,,,,,,,,29.726027397260275
1032,Darvin Ham,37,71,1998,1280,WAS,1610612764,24.0,,,,,0.098,,0.531,,,,,,,0.0,,,,52.0,,,,9.0,,,,0.0,,85.0,,,,4.0,,,,,,,,,0,,95.44,,,0.0,,,Texas Tech,,,,,,,0.612,,,,,,131,,,0.0,0,USA,,,,0.0,,,,,0.0,,,,,,,,,,,,,,,72,,,2.0,,,,0.0,,,,,,0.0,,,,103.9,,427.2,,,,0.8,,,0.111,,0.0,0.333,89.0,,,0.0,,,,,,,,,,,,,,,,,,,,,,0,,,,,95.6,,0.0,,,,,,0.0,,,,,,,0.118,,,,0.0,,,0.529,,,,,,,19.5,,,,,,,,79.0,,,,,,,,,,,,230.0,,,,,,0.0,,,,,,,,,,,,,,9.0,,,19.3,,,,7.2,,,,,,,,,,,,,,,,,,,,,0.0,,,,,,,,,,,,,,,,,,0.0,,0.0,118,,,,,,,,,,,,,0.123,,,,0.0,,99.4,,,,,,,,,,16,,,,,,0.43,,,,,,,,,,,,,,,0.0,37,,,,,0.111,0,,,,,,,0.0,634.4116666666666,,,,,0.039,,,,,,,,,0.0,,,0.0,3.0,,,,,0.521,,,,,,,,,,,21,,Undrafted,,145,,,,,,,,,,,,,81.78,,10.0,,,,,,,,,,,Undrafted,59,,,,,,,,,,Undrafted,,,0.0,,,,35,,,,,55,,,,,0.529,,,,,0.0,,,,3.8,,0.0,,,,0.0,,,,,,,0.0,,,98.13,,,,1.5,,,0.0,,74,,,98.13,,,0.0,95.6,3.8,,,0.0,,,,,0.0,0.473,,,,,,0.584,,,,,,16,96.7,,25,8.3,,,,,99.4,,,,,,,,,,1.0,,,,,0.087,,,,2.0,,,,,0,,,,0.0,,,,,,,,,,0.5,,,104,,,,,0.0,,,,,,,,,16,,,,52.0,,,,,,0.0,0.0,,,,,,,,,71.15384615384616
128,David Benoit,41,77,1998,2226,ORL,1610612753,30.0,,,,,0.089,,0.477,,,,,,,2.0,,,,43.0,,,,26.0,,,,9.0,,61.0,,,,71.0,,,,,,,,,55,,93.15,,,0.0,,,Alabama,,,,,,,0.672,,,,,,203,,,35.0,0,USA,,,,116.0,,,,,0.0,,,,,,,,,,,,,,,60,,,45.0,,,,0.308,,,,,,0.385,,,,100.5,,814.1,,,,2.0,,,0.049,,0.0,0.317,66.0,,,0.133,,,,,,,,,,,,,,,,,,,,,,170,,,,,98.5,,11.0,,,,,,20.0,,,,,,,0.182,,,,0.324,,,0.44,,,,,,,10.0,,,,,,,,80.0,,,,,,,,,,,,220.0,,,,,,13.0,,,,,,,,,,,,,,139.0,,,10.1,,,,-0.6,,,,,,,,,,,,,,,,,,,,,0.0,,,,,,,,,,,,,,,,,,0.0,,53.0,157,,,,,,,,,,,,,0.191,,,,0.45,,98.8,,,,,,,,,,5,,,,,,0.48,,,,,,,,,,,,,,,32.0,52,,,,,0.308,0,,,,,,,0.0,1123.6516666666666,,,,,0.037,,,,,,,,,20.0,,,52.0,44.0,,,,,0.532,,,,,,,,,,,35,,Undrafted,,420,,,,,,,,,,,,,79.28,,39.0,,,,,,,,,,,Undrafted,143,,,,,,,,,,Undrafted,,,1.0,,,,61,,,,,152,,,,,0.373,,,,,0.302,,,,0.3,,49.0,,,,6.0,,,,,,,0.0,,,95.13,,,,5.3,,,149.0,,74,,,95.13,,,0.0,98.5,0.3,,,0.344,,,,,0.0,0.824,,,,,,0.652,,,,,,25,101.1,,20,4.9,,,,,98.8,,,,,,,,,,8.0,,,,,0.135,,,,29.0,,,,,0,,,,0.356,,,,,,,,,,0.408,,,408,,,,,0.265,,,,,,,,,21,,,,41.0,,,,,,12.0,0.0,,,,,,,,,18.137254901960784
764,David Robinson,50,73,1998,4605,SAS,1610612759,32.0,,,,,0.16,,0.581,,,,,,,0.0,,,,344.0,,,,157.0,,,,0.0,,507.0,,,,126.0,,,,,,,,,1,,90.76,,,0.0,,,Navy,,,,,,,0.659,,,,,,775,,,1.0,4,USA,,,,2.0,,,,,0.0,,,,,,,,,,,,,,,239,,,239.0,,,,0.348,,,,,,0.0,,,,102.4,,3368.5,,,,7.5,,,0.108,,,0.391,535.0,,,0.351,,,,,,,,,,,,,,,,,,,,,,4,,,,,95.3,,0.0,,,,,,0.0,,,,,,,0.294,,,,0.25,,,0.511,,,,,,,11.5,,,,,,,,85.0,,,,,,,,,,,,250.0,,,,,,1.0,,,,,,,,,,,,,,376.0,,,11.5,,,,7.7,,,,,,,,,,,,,,,,,,,,,0.0,,,,,,,,,,,,,,,,,,0.0,,1.0,204,,,,,,,,,,,,,0.297,,,,0.0,,103.3,,,,,,,,,,356,,,,,,0.99,,,,,,,,,,,,,,,2.0,202,,,,,0.395,40,,,,,,,0.0,2459.075,,,,,0.159,,,,,,,,,0.0,,,2.0,147.0,,,,,0.685,,,,,,,,,,,64,,1,,1574,,,,,,,,,,,,,75.03,,178.0,,,,,,,,,,,1987,536,,,,,,,,,,1,,,0.0,,,,485,,,,,544,,,,,0.511,,,,,0.5,,,,8.0,,1.0,,,,84.0,,,,,,,,,,90.03,,,,14.6,,,7.0,,660,,,90.03,,,0.0,95.3,8.0,,,0.0,,,,,0.0,0.735,,,,,,0.643,,,,,,199,94.7,,192,11.3,,,,,103.3,,,,,,,,,,62.0,,,,,0.204,,,,52.0,,,,,0,,,,0.143,,,,,,,,,,0.413,,,1065,,,,,1.0,,,,,,,,,76,,,,334.0,,,,,,62.0,,,,,,,,,,61.971830985915496
710,David Vaughn,18,40,1998,987,NJN,1610612751,25.0,,,,,0.142,,0.48,,,,,,,0.0,,,,39.0,,,,19.0,,,,0.0,,63.0,,,,41.0,,,,,,,,,0,,96.36,,,0.0,,,Memphis,,,,,,,0.603,,,,,,152,,,0.0,0,USA,,,,1.0,,,,,0.0,,,,,,,,,,,,,,,53,,,11.0,,,,0.261,,,,,,0.0,,,,90.9,,409.4,,,,1.7,,,0.095,,0.0,0.361,67.0,,,0.182,,,,,,,,,,,,,,,,,,,,,,1,,,,,99.3,,0.0,,,,,,0.0,,,,,,,0.179,,,,0.0,,,0.446,,,,,,,17.5,,,,,,,,81.0,,,,,,,,,,,,240.0,,,,,,0.0,,,,,,,,,,,,,,61.0,,,17.4,,,,-11.6,,,,,,,,,,,,,,,,,,,,,0.0,,,,,,,,,,,,,,,,,,0.0,,4.0,83,,,,,,,,,,,,,0.183,,,,0.0,,90.0,,,,,,,,,,-114,,,,,,0.5,,,,,,,,,,,,,,,0.0,40,,,,,0.211,1,,,,,,,0.0,486.7916666666667,,,,,0.069,,,,,,,,,0.0,,,0.0,22.0,,,,,0.45,,,,,,,,,,,15,,25,,162,,,,,,,,,,,,,82.01,,23.0,,,,,,,,,,,1995,99,,,,,,,,,,1,,,0.0,,,,30,,,,,66,,,,,0.446,,,,,0.0,,,,-9.3,,1.0,,,,2.0,,,,,,,0.0,,,98.41,,,,3.7,,,9.0,,47,,,98.41,,,0.0,99.3,-9.3,,,0.0,,,,,0.0,0.638,,,,,,0.582,,,,,,20,102.5,,10,8.7,,,,,90.0,,,,,,,,,,4.0,,,,,0.192,,,,17.0,,,,,0,,,,0.444,,,,,,,,,,0.415,,,148,,,,,0.0,,,,,,,,,15,,,,38.0,,,,,,6.0,0.0,,,,,,,,,31.756756756756758
133,David Wesley,50,81,1998,5411,CHH,1610612766,27.0,,,,,0.041,,0.532,,,,,,,2.0,,,,149.0,,,,40.0,,,,3.0,,257.0,,,,229.0,,,,,,,,,59,,91.34,,,0.0,,,Baylor,,,,,,,0.556,,,,,,213,,,52.0,0,USA,,,,142.0,,,,,1.0,,,,,,,,,,,,,,,49,,,61.0,,,,0.355,,,,,,0.259,,,,104.6,,2387.1,,,,4.7,,,0.019,,0.0,0.424,270.0,,,0.361,,,,,,,,,,,,,,,,,,,,,,170,,,,,102.2,,4.0,,,,,,7.0,,,,,,,0.198,,,,0.347,,,0.477,,,,,,,12.9,,,,,,,,73.0,,,,,,,,,,,,202.0,,,,,,22.0,,,,,,,,,,,,,,375.0,,,12.9,,,,2.4,,,,,,,,,,,,,,,,,,,,,1.0,,,,,,,,,,,,,,,,,,0.0,,84.0,229,,,,,,,,,,,,,0.2,,,,0.2,,104.7,,,,,,,,,,135,,,,,,2.34,,,,,,,,,,,,,,,12.0,226,,,,,0.35,11,,,,,,,0.0,2846.715,,,,,0.303,,,,,,,,,15.0,,,27.0,159.0,,,,,0.617,,,,,,,,,,,140,,Undrafted,,1054,,,,,,,,,,,,,76.05,,62.0,,,,,,,,,,,Undrafted,164,,,,,,,,,,Undrafted,,,1.0,,,,229,,,,,383,,,,,0.443,,,,,0.366,,,,2.5,,50.0,,,,22.0,,,,,,,0.0,,,91.25,,,,10.7,,,211.0,,288,,,91.25,,,0.0,102.2,2.5,,,0.333,,,,,1.0,0.795,,,,,,0.552,,,,,,529,102.2,,30,30.2,,,,,104.7,,,,,,,,,,14.0,,,,,0.062,,,,91.0,,,,,0,,,,0.398,,,,,,,,,,0.397,,,864,,,,,0.44,,,,,,,,,53,,,,143.0,,,,,,22.0,0.0,,,,,,,,,33.333333333333336
766,David Wingate,45,58,1998,1126,SEA,1610612760,34.0,,,,,0.07,,0.491,,,,,,,0.0,,,,27.0,,,,14.0,,,,1.0,,39.0,,,,61.0,,,,,,,,,3,,97.74,,,0.0,,,Georgetown,,,,,,,0.692,,,,,,79,,,2.0,0,USA,,,,6.0,,,,,0.0,,,,,,,,,,,,,,,19,,,11.0,,,,0.083,,,,,,1.0,,,,97.5,,335.3,,,,1.1,,,0.036,,0.0,0.427,40.0,,,0.364,,,,,,,,,,,,,,,,,,,,,,7,,,,,96.8,,0.0,,,,,,1.0,,,,,,,0.15,,,,0.429,,,0.482,,,,,,,16.3,,,,,,,,77.0,,,,,,,,,,,,185.0,,,,,,1.0,,,,,,,,,,,,,,82.0,,,16.2,,,,-0.8,,,,,,,,,,,,,,,,,,,,,0.0,,,,,,,,,,,,,,,,,,0.0,,3.0,58,,,,,,,,,,,,,0.157,,,,1.0,,94.2,,,,,,,,,,-48,,,,,,1.0,,,,,,,,,,,,,,,0.0,37,,,,,0.214,0,,,,,,,0.0,543.8983333333333,,,,,0.113,,,,,,,,,1.0,,,1.0,35.0,,,,,0.776,,,,,,,,,,,21,,44,,150,,,,,,,,,,,,,83.55,,12.0,,,,,,,,,,,1986,60,,,,,,,,,,2,,,0.0,,,,15,,,,,66,,,,,0.471,,,,,0.333,,,,-2.5,,4.0,,,,4.0,,,,,,,0.0,,,100.25,,,,2.4,,,10.0,,29,,,100.25,,,0.0,96.8,-2.5,,,0.0,,,,,0.0,0.517,,,,,,0.675,,,,,,37,98.4,,3,16.2,,,,,94.2,,,,,,,,,,3.0,,,,,0.101,,,,28.0,,,,,0,,,,0.3,,,,,,,,,,0.459,,,140,,,,,0.25,,,,,,,,,9,,,,27.0,,,,,,1.0,0.0,,,,,,,,,20.714285714285715
1545,DeJuan Wheat,17,34,1998,336,MIN,1610612750,24.0,,,,,0.033,,0.504,,,,,,,1.0,,,,7.0,,,,2.0,,,,0.0,,14.0,,,,10.0,,,,,,,,,8,,102.93,,,0.0,,,Louisville,,,,,,,0.5,,,,,,11,,,8.0,0,USA,,,,14.0,,,,,0.0,,,,,,,,,,,,,,,3,,,4.0,,,,0.0,,,,,,0.0,,,,99.2,,119.7,,,,0.6,,,0.018,,,0.313,16.0,,,0.75,,,,,,,,,,,,,,,,,,,,,,17,,,,,97.5,,0.0,,,,,,0.0,,,,,,,0.172,,,,0.471,,,0.48,,,,,,,9.9,,,,,,,,72.0,,,,,,,,,,,,165.0,,,,,,6.0,,,,,,,,,,,,,,16.0,,,9.9,,,,-1.6,,,,,,,,,,,,,,,,,,,,,0.0,,,,,,,,,,,,,,,,,,0.0,,2.0,12,,,,,,,,,,,,,0.182,,,,0.0,,93.8,,,,,,,,,,-3,,,,,,2.78,,,,,,,,,,,,,,,0.0,9,,,,,0.0,0,,,,,,,0.0,147.55,,,,,0.269,,,,,,,,,1.0,,,1.0,5.0,,,,,0.5,,,,,,,,,,,6,,51,,57,,,,,,,,,,,,,89.73,,4.0,,,,,,,,,,,1997,8,,,,,,,,,,2,,,1.0,,,,9,,,,,20,,,,,0.4,,,,,0.571,,,,-3.8,,8.0,,,,3.0,,,,,,,,,,107.68,,,,1.5,,,9.0,,15,,,107.68,,,0.0,97.5,-3.8,,,0.0,,,,,0.0,0.6,,,,,,0.438,,,,,,25,100.8,,1,27.5,,,,,93.8,,,,,,,,,,0.0,,,,,0.049,,,,2.0,,,,,0,,,,0.222,,,,,,,,,,0.2,,,50,,,,,0.75,,,,,,,,,2,,,,7.0,,,,,,0.0,,,,,,,,,,30.0
1051,Dean Garrett,11,82,1998,4991,DEN,1610612743,31.0,,,,,0.126,,0.465,,,,,,,0.0,,,,105.0,,,,101.0,,,,0.0,,173.0,,,,114.0,,,,,,,,,0,,91.94,,,0.0,,,Indiana,,,,,,,0.561,,,,,,644,,,0.0,0,USA,,,,0.0,,,,,0.0,,,,,,,,,,,,,,,227,,,153.0,,,,0.379,,,,,,0.0,,,,94.9,,1991.8,,,,3.0,,,0.085,,0.0,0.366,191.0,,,0.405,,,,,,,,,,,,,,,,,,,,,,0,,,,,111.3,,0.0,,,,,,0.0,,,,,,,0.125,,,,0.0,,,0.428,,,,,,,10.3,,,,,,,,83.0,,,,,,,,,,,,250.0,,,,,,0.0,,,,,,,,,,,,,,276.0,,,10.2,,,,-15.4,,,,,,,,,,,,,,,,,,,,,0.0,,,,,,,,,,,,,,,,,,0.0,,3.0,197,,,,,,,,,,,,,0.126,,,,0.0,,95.9,,,,,,,,,,-761,,,,,,1.07,,,,,,,,,,,,,,,0.0,84,,,,,0.337,16,,,,,,,0.0,2630.705,,,,,0.058,,,,,,,,,0.0,,,0.0,101.0,,,,,0.134,,,,,,,,,,,57,,38,,598,,,,,,,,,,,,,75.84,,116.0,,,,,,,,,,,1988,417,,,,,,,,,,2,,,0.0,,,,114,,,,,242,,,,,0.428,,,,,0.0,,,,-15.4,,0.0,,,,62.0,,,,,,,0.0,,,91.01,,,,6.9,,,6.0,,176,,,91.01,,,0.0,111.3,-15.4,,,0.0,,,,,0.0,0.648,,,,,,0.55,,,,,,90,110.3,,133,11.0,,,,,95.9,,,,,,,,,,34.0,,,,,0.171,,,,38.0,,,,,0,,,,0.5,,,,,,,,,,0.333,,,565,,,,,0.0,,,,,,,,,46,,,,97.0,,,,,,44.0,0.0,,,,,,,,,31.150442477876105
244,Dee Brown,21,72,1998,3505,TOR,1610612761,29.0,,,,,0.044,,0.555,,,,,,,1.0,,,,46.0,,,,9.0,,,,12.0,,64.0,,,,129.0,,,,,,,,,108,,97.49,,,0.0,,,Jacksonville,,,,,,,0.703,,,,,,152,,,85.0,0,USA,,,,212.0,,,,,2.0,,,,,,,,,,,,,,,24,,,22.0,,,,0.158,,,,,,0.397,,,,99.9,,1313.4,,,,3.4,,,0.013,,1.0,0.431,67.0,,,0.318,,,,,,,,,,,,,,,,,,,,,,271,,,,,106.5,,11.0,,,,,,23.0,,,,,,,0.162,,,,0.399,,,0.534,,,,,,,8.9,,,,,,,,74.0,,,,,,,,,,,,185.0,,,,,,51.0,,,,,,,,,,,,,,209.0,,,8.9,,,,-6.9,,,,,,,,,,,,,,,,,,,,,1.0,,,,,,,,,,,,,,,,,,0.0,,92.0,123,,,,,,,,,,,,,0.166,,,,0.387,,99.6,,,,,,,,,,-250,,,,,,2.11,,,,,,,,,,,,,,,27.0,73,,,,,0.111,0,,,,,,,0.0,1722.6483333333333,,,,,0.149,,,,,,,,,31.0,,,58.0,90.0,,,,,0.292,,,,,,,,,,,82,,19,,658,,,,,,,,,,,,,81.47,,19.0,,,,,,,,,,,1990,128,,,,,,,,,,1,,,0.0,,,,58,,,,,246,,,,,0.438,,,,,0.401,,,,-6.9,,116.0,,,,7.0,,,,,,,0.0,,,97.76,,,,7.8,,,215.0,,71,,,97.76,,,0.0,106.5,-6.9,,,0.407,,,,,0.5,0.817,,,,,,0.687,,,,,,154,106.8,,23,18.8,,,,,99.6,,,,,,,,,,1.0,,,,,0.078,,,,48.0,,,,,0,,,,0.428,,,,,,,,,,0.372,,,562,,,,,0.44,,,,,,,,,10,,,,45.0,,,,,,3.0,0.0,,,,,,,,,12.633451957295375
209,Dell Curry,31,52,1998,1907,CHH,1610612766,34.0,,,,,0.054,,0.536,,,,,,,0.0,,,,54.0,,,,26.0,,,,11.0,,81.0,,,,100.0,,,,,,,,,61,,93.56,,,0.0,,,Virginia Tech,,,,,,,0.654,,,,,,101,,,39.0,0,USA,,,,96.0,,,,,3.0,,,,,,,,,,,,,,,26,,,32.0,,,,0.273,,,,,,0.449,,,,102.7,,765.7,,,,3.7,,,0.028,,,0.406,84.0,,,0.406,,,,,,,,,,,,,,,,,,,,,,145,,,,,102.8,,11.0,,,,,,22.0,,,,,,,0.234,,,,0.421,,,0.517,,,,,,,9.3,,,,,,,,77.0,,,,,,,,,,,,205.0,,,,,,15.0,,,,,,,,,,,,,,175.0,,,9.3,,,,-1.2,,,,,,,,,,,,,,,,,,,,,1.0,,,,,,,,,,,,,,,,,,0.0,,68.0,85,,,,,,,,,,,,,0.241,,,,0.579,,102.4,,,,,,,,,,-2,,,,,,1.28,,,,,,,,,,,,,,,30.0,54,,,,,0.231,0,,,,,,,0.0,970.09,,,,,0.127,,,,,,,,,19.0,,,49.0,71.0,,,,,0.596,,,,,,,,,,,31,,15,,490,,,,,,,,,,,,,78.51,,33.0,,,,,,,,,,,1986,75,,,,,,,,,,1,,,0.0,,,,41,,,,,194,,,,,0.447,,,,,0.406,,,,-0.4,,44.0,,,,13.0,,,,,,,,,,94.21,,,,8.3,,,145.0,,52,,,94.21,,,0.0,102.8,-0.4,,,0.367,,,,,0.333,0.788,,,,,,0.643,,,,,,69,103.9,,4,11.9,,,,,102.4,,,,,,,,,,6.0,,,,,0.08,,,,37.0,,,,,0,,,,0.469,,,,,,,,,,0.37,,,434,,,,,0.341,,,,,,,,,14,,,,53.0,,,,,,9.0,,,,,,,,,,11.981566820276498
23,Dennis Rodman,60,80,1998,5335,CHI,1610612741,37.0,,,,,0.214,,0.459,,,,,,,0.0,,,,127.0,,,,17.0,,,,1.0,,243.0,,,,38.0,,,,,,,,,4,,91.11,,,0.0,,,Southeastern Oklahoma State,,,,,,,0.519,,,,,,1201,,,3.0,6,USA,,,,17.0,,,,,0.0,,,,,,,,,,,,,,,421,,,28.0,,,,0.364,,,,,,0.167,,,,104.6,,2209.2,,,,1.9,,,0.148,,0.0,0.236,244.0,,,0.393,,,,,,,,,,,,,,,,,,,,,,23,,,,,99.7,,0.0,,,,,,1.0,,,,,,,0.087,,,,0.174,,,0.436,,,,,,,18.7,,,,,,,,78.0,,,,,,,,,,,,220.0,,,,,,3.0,,,,,,,,,,,,,,72.0,,,18.7,,,,6.6,,,,,,,,,,,,,,,,,,,,,0.0,,,,,,,,,,,,,,,,,,0.0,,3.0,238,,,,,,,,,,,,,0.088,,,,0.25,,106.2,,,,,,,,,,339,,,,,,1.56,,,,,,,,,,,,,,,2.0,147,,,,,0.176,5,,,,,,,0.0,2857.95,,,,,0.112,,,,,,,,,4.0,,,6.0,17.0,,,,,0.75,,,,,,,,,,,47,,27,,375,,,,,,,,,,,,,74.75,,22.0,,,,,,,,,,,1986,780,,,,,,,,,,2,,,0.0,,,,61,,,,,155,,,,,0.431,,,,,0.176,,,,6.6,,14.0,,,,11.0,,,,,,,0.0,,,89.7,,,,4.5,,,19.0,,111,,,89.7,,,0.0,99.7,6.6,,,0.0,,,,,0.0,0.55,,,,,,0.52,,,,,,230,98.1,,18,29.2,,,,,106.2,,,,,,,,,,3.0,,,,,0.282,,,,8.0,,,,,0,,,,0.158,,,,,,,,,,0.211,,,360,,,,,0.214,,,,,,,,,10,,,,126.0,,,,,,8.0,0.0,,,,,,,,,30.833333333333332
192,Dennis Scott,29,81,1998,4368,PHX,1610612756,29.0,,,,,0.054,,0.502,,,,,,,1.0,,,,58.0,,,,52.0,,,,6.0,,98.0,,,,168.0,,,,,,,,,125,,91.86,,,0.0,,,Georgia Tech,,,,,,,0.551,,,,,,247,,,100.0,0,USA,,,,265.0,,,,,0.0,,,,,,,,,,,,,,,47,,,103.0,,,,0.382,,,,,,0.362,,,,98.9,,1584.4,,,,4.1,,,0.02,,1.0,0.379,106.0,,,0.35,,,,,,,,,,,,,,,,,,,,,,342,,,,,103.6,,19.0,,,,,,25.0,,,,,,,0.194,,,,0.365,,,0.473,,,,,,,9.1,,,,,,,,80.0,,,,,,,,,,,,229.0,,,,,,48.0,,,,,,,,,,,,,,319.0,,,9.2,,,,-4.8,,,,,,,,,,,,,,,,,,,,,0.0,,,,,,,,,,,,,,,,,,0.0,,98.0,152,,,,,,,,,,,,,0.199,,,,0.214,,99.7,,,,,,,,,,-145,,,,,,1.46,,,,,,,,,,,,,,,41.0,104,,,,,0.365,0,,,,,,,0.0,2284.576666666667,,,,,0.115,,,,,,,,,28.0,,,69.0,121.0,,,,,0.358,,,,,,,,,,,53,,4,,888,,,,,,,,,,,,,76.28,,76.0,,,,,,,,,,,1990,200,,,,,,,,,,1,,,1.0,,,,105,,,,,329,,,,,0.397,,,,,0.377,,,,-3.9,,132.0,,,,36.0,,,,,,,0.0,,,91.53,,,,10.2,,,265.0,,130,,,91.53,,,0.0,103.6,-3.9,,,0.463,,,,,0.0,0.808,,,,,,0.547,,,,,,152,103.7,,39,13.4,,,,,99.7,,,,,,,,,,19.0,,,,,0.089,,,,70.0,,,,,0,,,,0.37,,,,,,,,,,0.417,,,828,,,,,0.364,,,,,,,,,31,,,,54.0,,,,,,29.0,0.0,,,,,,,,,15.70048309178744
1507,Derek Anderson,40,66,1998,3559,CLE,1610612739,23.0,,,,,0.055,,0.531,,,,,,,6.0,,,,117.0,,,,36.0,,,,3.0,,202.0,,,,145.0,,,,,,,,,17,,92.68,,,0.0,,,Kentucky,,,,,,,0.569,,,,,,187,,,12.0,0,USA,,,,67.0,,,,,0.0,,,,,,,,,,,,,,,55,,,90.0,,,,0.219,,,,,,0.455,,,,98.8,,1503.9,,,,3.6,,,0.033,,1.0,0.399,208.0,,,0.378,,,,,,,,,,,,,,,,,,,,,,84,,,,,95.0,,2.0,,,,,,5.0,,,,,,,0.209,,,,0.202,,,0.422,,,,,,,11.9,,,,,,,,77.0,,,,,,,,,,,,195.0,,,,,,8.0,,,,,,,,,,,,,,228.0,,,11.8,,,,3.9,,,,,,,,,,,,,,,,,,,,,0.0,,,,,,,,,,,,,,,,,,0.0,,20.0,136,,,,,,,,,,,,,0.214,,,,0.375,,98.0,,,,,,,,,,109,,,,,,1.77,,,,,,,,,,,,,,,3.0,128,,,,,0.167,1,,,,,,,0.0,1837.1833333333327,,,,,0.219,,,,,,,,,8.0,,,11.0,91.0,,,,,0.606,,,,,,,,,,,86,,13,,770,,,,,,,,,,,,,77.47,,73.0,,,,,,,,,,,1997,132,,,,,,,,,,1,,,5.0,,,,275,,,,,239,,,,,0.408,,,,,0.179,,,,3.0,,30.0,,,,34.0,,,,,,,0.0,,,92.96,,,,8.9,,,70.0,,315,,,92.96,,,0.0,95.0,3.0,,,0.667,,,,,0.0,0.873,,,,,,0.563,,,,,,227,94.8,,13,20.9,,,,,98.0,,,,,,,,,,6.0,,,,,0.077,,,,54.0,,,,,0,,,,0.286,,,,,,,,,,0.372,,,586,,,,,0.267,,,,,,,,,32,,,,115.0,,,,,,16.0,0.0,,,,,,,,,53.7542662116041
965,Derek Fisher,61,82,1998,3558,LAL,1610612747,23.0,,,,,0.056,,0.533,,,,,,,2.0,,,,84.0,,,,33.0,,,,1.0,,152.0,,,,50.0,,,,,,,,,31,,96.51,,,0.0,,,Arkansas-Little Rock,,,,,,,0.539,,,,,,193,,,28.0,0,USA,,,,73.0,,,,,1.0,,,,,,,,,,,,,,,38,,,22.0,,,,0.313,,,,,,0.429,,,,109.7,,1326.1,,,,2.0,,,0.023,,1.0,0.371,160.0,,,0.409,,,,,,,,,,,,,,,,,,,,,,81,,,,,100.9,,2.0,,,,,,3.0,,,,,,,0.138,,,,0.383,,,0.475,,,,,,,13.3,,,,,,,,73.0,,,,,,,,,,,,200.0,,,,,,20.0,,,,,,,,,,,,,,97.0,,,13.2,,,,9.2,,,,,,,,,,,,,,,,,,,,,0.0,,,,,,,,,,,,,,,,,,0.0,,22.0,126,,,,,,,,,,,,,0.141,,,,0.333,,108.7,,,,,,,,,,279,,,,,,2.8,,,,,,,,,,,,,,,4.0,119,,,,,0.333,3,,,,,,,0.0,1763.81,,,,,0.27,,,,,,,,,3.0,,,7.0,36.0,,,,,0.744,,,,,,,,,,,75,,24,,474,,,,,,,,,,,,,80.69,,48.0,,,,,,,,,,,1996,155,,,,,,,,,,1,,,1.0,,,,115,,,,,164,,,,,0.434,,,,,0.384,,,,7.8,,49.0,,,,9.0,,,,,,,0.0,,,96.83,,,,4.6,,,60.0,,152,,,96.83,,,0.0,100.9,7.8,,,0.5,,,,,0.0,0.757,,,,,,0.525,,,,,,333,100.6,,5,37.0,,,,,108.7,,,,,,,,,,11.0,,,,,0.085,,,,18.0,,,,,0,,,,0.367,,,,,,,,,,0.36,,,378,,,,,0.408,,,,,,,,,25,,,,82.0,,,,,,15.0,0.0,,,,,,,,,40.21164021164021
1575,Derek Grimm,2,9,1998,80,SAC,1610612758,23.0,,,,,0.06,,0.47,,,,,,,,,,,0.0,,,,0.0,,,,1.0,,0.0,,,,1.0,,,,,,,,,4,,114.81,,,,,,Missouri,,,,,,,0.0,,,,,,4,,,2.0,0,USA,,,,7.0,,,,,,,,,,,,,,,,,,,,0,,,1.0,,,,0.0,,,,,,0.4,,,,108.2,,27.8,,,,0.4,,,0.0,,,0.0,0.0,,,0.0,,,,,,,,,,,,,,,,,,,,,,12,,,,,123.8,,1.0,,,,,,2.0,,,,,,,0.202,,,,0.333,,,0.429,,,,,,,16.8,,,,,,,,81.0,,,,,,,,,,,,230.0,,,,,,1.0,,,,,,,,,,,,,,2.0,,,16.7,,,,-18.8,,,,,,,,,,,,,,,,,,,,,,,,,,,,,,,,,,,,,,,,,3.0,6,,,,,,,,,,,,,0.2,,,,0.333,,110.0,,,,,,,,,,-11,,,,,,0.0,,,,,,,,,,,,,,,2.0,3,,,,,0.0,0,,,,,,,,33.303333333333335,,,,,0.0,,,,,,,,,3.0,,,5.0,0.0,,,,,0.222,,,,,,,,,,,3,,Undrafted,,14,,,,,,,,,,,,,96.09,,0.0,,,,,,,,,,,Undrafted,4,,,,,,,,,,Undrafted,,,,,,,2,,,,,4,,,,,0.286,,,,,0.286,,,,-13.8,,6.0,,,,0.0,,,,,,,,,,115.3,,,,1.6,,,6.0,,2,,,115.3,,,,123.8,-13.8,,,0.5,,,,,,1.0,,,,,,0.0,,,,,,0,127.0,,1,0.0,,,,,110.0,,,,,,,,,,0.0,,,,,0.129,,,,0.0,,,,,0,,,,0.5,,,,,,,,,,0.0,,,14,,,,,0.167,,,,,,,,,0,,,,0.0,,,,,,0.0,,,,,,,,,,14.285714285714286
157,Derek Harper,29,66,1998,3251,ORL,1610612753,36.0,,,,,0.03,,0.491,,,,,,,1.0,,,,53.0,,,,15.0,,,,6.0,,93.0,,,,123.0,,,,,,,,,59,,89.3,,,0.0,,,Illinois,,,,,,,0.548,,,,,,103,,,42.0,2,USA,,,,131.0,,,,,1.0,,,,,,,,,,,,,,,23,,,41.0,,,,0.381,,,,,,0.515,,,,100.0,,1184.1,,,,3.4,,,0.013,,3.0,0.409,95.0,,,0.268,,,,,,,,,,,,,,,,,,,,,,164,,,,,101.0,,11.0,,,,,,17.0,,,,,,,0.174,,,,0.36,,,0.471,,,,,,,11.1,,,,,,,,76.0,,,,,,,,,,,,206.0,,,,,,18.0,,,,,,,,,,,,,,264.0,,,11.2,,,,-0.3,,,,,,,,,,,,,,,,,,,,,0.0,,,,,,,,,,,,,,,,,,0.0,,87.0,140,,,,,,,,,,,,,0.179,,,,0.429,,101.1,,,,,,,,,,13,,,,,,2.31,,,,,,,,,,,,,,,19.0,101,,,,,0.267,2,,,,,,,0.0,1760.6133333333332,,,,,0.233,,,,,,,,,14.0,,,33.0,108.0,,,,,0.439,,,,,,,,,,,72,,11,,566,,,,,,,,,,,,,73.75,,21.0,,,,,,,,,,,1983,80,,,,,,,,,,1,,,0.0,,,,55,,,,,226,,,,,0.417,,,,,0.321,,,,0.1,,55.0,,,,11.0,,,,,,,1.0,,,88.5,,,,8.2,,,208.0,,79,,,88.5,,,0.0,101.0,0.1,,,0.579,,,,,0.0,0.696,,,,,,0.558,,,,,,233,100.3,,10,25.8,,,,,101.1,,,,,,,,,,4.0,,,,,0.048,,,,52.0,,,,,0,,,,0.418,,,,,,,,,,0.423,,,542,,,,,0.327,,,,,,,,,9,,,,51.0,,,,,,8.0,0.333,,,,,,,,,14.575645756457565
400,Derek Strong,33,58,1998,3072,ORL,1610612753,30.0,,,,,0.133,,0.498,,,,,,,1.0,,,,148.0,,,,39.0,,,,0.0,,271.0,,,,197.0,,,,,,,,,0,,90.35,,,0.0,,,Xavier,,,,,,,0.539,,,,,,427,,,0.0,2,USA,,,,3.0,,,,,2.0,,,,,,,,,,,,,,,152,,,70.0,,,,0.196,,,,,,0.0,,,,101.1,,1417.9,,,,4.5,,,0.094,,1.0,0.356,285.0,,,0.286,,,,,,,,,,,,,,,,,,,,,,4,,,,,99.8,,0.0,,,,,,0.0,,,,,,,0.223,,,,0.0,,,0.421,,,,,,,8.5,,,,,,,,81.0,,,,,,,,,,,,240.0,,,,,,0.0,,,,,,,,,,,,,,292.0,,,8.6,,,,1.0,,,,,,,,,,,,,,,,,,,,,0.0,,,,,,,,,,,,,,,,,,0.0,,10.0,122,,,,,,,,,,,,,0.226,,,,0.0,,102.3,,,,,,,,,,72,,,,,,0.69,,,,,,,,,,,,,,,0.0,74,,,,,0.256,15,,,,,,,0.0,1640.9833333333331,,,,,0.056,,,,,,,,,0.0,,,0.0,104.0,,,,,0.569,,,,,,,,,,,31,,47,,738,,,,,,,,,,,,,74.93,,51.0,,,,,,,,,,,1990,275,,,,,,,,,,2,,,1.0,,,,218,,,,,260,,,,,0.421,,,,,0.0,,,,2.5,,0.0,,,,20.0,,,,,,,0.0,,,89.92,,,,10.7,,,23.0,,279,,,89.92,,,0.0,99.8,2.5,,,0.0,,,,,0.0,0.781,,,,,,0.519,,,,,,51,100.1,,24,5.9,,,,,102.3,,,,,,,,,,10.0,,,,,0.172,,,,72.0,,,,,0,,,,0.435,,,,,,,,,,0.365,,,618,,,,,0.0,,,,,,,,,52,,,,146.0,,,,,,10.0,0.0,,,,,,,,,45.14563106796116
934,Derrick Coleman,23,59,1998,4097,PHI,1610612755,31.0,,,,,0.139,,0.5,,,,,,,0.0,,,,163.0,,,,169.0,,,,0.0,,257.0,,,,127.0,,,,,,,,,26,,92.62,,,0.0,,,Syracuse,,,,,,,0.607,,,,,,587,,,24.0,1,USA,,,,91.0,,,,,0.0,,,,,,,,,,,,,,,149,,,169.0,,,,0.326,,,,,,0.286,,,,100.1,,2146.9,,,,6.0,,,0.07,,0.0,0.348,280.0,,,0.349,,,,,,,,,,,,,,,,,,,,,,98,,,,,102.8,,2.0,,,,,,2.0,,,,,,,0.25,,,,0.265,,,0.426,,,,,,,11.7,,,,,,,,82.0,,,,,,,,,,,,260.0,,,,,,17.0,,,,,,,,,,,,,,328.0,,,11.7,,,,-2.7,,,,,,,,,,,,,,,,,,,,,0.0,,,,,,,,,,,,,,,,,,0.0,,16.0,144,,,,,,,,,,,,,0.252,,,,0.0,,101.2,,,,,,,,,,-57,,,,,,0.92,,,,,,,,,,,,,,,3.0,157,,,,,0.355,32,,,,,,,0.0,2133.645,,,,,0.123,,,,,,,,,4.0,,,7.0,114.0,,,,,0.39,,,,,,,,,,,46,,1,,1040,,,,,,,,,,,,,76.74,,184.0,,,,,,,,,,,1990,438,,,,,,,,,,1,,,0.0,,,,302,,,,,356,,,,,0.411,,,,,0.264,,,,-1.6,,62.0,,,,59.0,,,,,,,0.0,,,92.09,,,,14.7,,,60.0,,391,,,92.09,,,0.0,102.8,-1.6,,,0.667,,,,,0.0,0.772,,,,,,0.582,,,,,,145,102.8,,68,10.8,,,,,101.2,,,,,,,,,,60.0,,,,,0.208,,,,41.0,,,,,0,,,,0.267,,,,,,,,,,0.323,,,867,,,,,0.274,,,,,,,,,77,,,,156.0,,,,,,60.0,0.0,,,,,,,,,45.09803921568628
365,Derrick McKey,41,57,1998,2438,IND,1610612754,31.0,,,,,0.088,,0.497,,,,,,,0.0,,,,64.0,,,,65.0,,,,0.0,,97.0,,,,82.0,,,,,,,,,4,,88.25,,,0.0,,,Alabama,,,,,,,0.629,,,,,,211,,,4.0,2,USA,,,,14.0,,,,,0.0,,,,,,,,,,,,,,,74,,,52.0,,,,0.414,,,,,,0.0,,,,102.0,,926.2,,,,2.6,,,0.064,,1.0,0.392,103.0,,,0.288,,,,,,,,,,,,,,,,,,,,,,17,,,,,99.4,,0.0,,,,,,0.0,,,,,,,0.16,,,,0.235,,,0.465,,,,,,,15.0,,,,,,,,82.0,,,,,,,,,,,,225.0,,,,,,2.0,,,,,,,,,,,,,,143.0,,,14.9,,,,2.2,,,,,,,,,,,,,,,,,,,,,0.0,,,,,,,,,,,,,,,,,,0.0,,5.0,156,,,,,,,,,,,,,0.164,,,,0.0,,100.8,,,,,,,,,,32,,,,,,1.11,,,,,,,,,,,,,,,3.0,79,,,,,0.4,1,,,,,,,0.0,1317.31,,,,,0.119,,,,,,,,,0.0,,,3.0,56.0,,,,,0.719,,,,,,,,,,,57,,9,,359,,,,,,,,,,,,,74.08,,70.0,,,,,,,,,,,1987,137,,,,,,,,,,1,,,0.0,,,,55,,,,,150,,,,,0.459,,,,,0.286,,,,1.4,,8.0,,,,15.0,,,,,,,0.0,,,88.89,,,,5.7,,,16.0,,77,,,88.89,,,0.0,99.4,1.4,,,0.0,,,,,0.0,0.714,,,,,,0.621,,,,,,88,99.7,,30,16.6,,,,,100.8,,,,,,,,,,26.0,,,,,0.11,,,,38.0,,,,,0,,,,0.313,,,,,,,,,,0.463,,,327,,,,,0.25,,,,,,,,,17,,,,61.0,,,,,,29.0,0.0,,,,,,,,,23.547400611620795
96,Detlef Schrempf,58,78,1998,5199,SEA,1610612760,35.0,,,,,0.105,,0.585,,,,,,,0.0,,,,182.0,,,,93.0,,,,3.0,,261.0,,,,216.0,,,,,,,,,61,,92.07,,,0.0,,,Washington,,,,,,,0.644,,,,,,554,,,47.0,2,Germany,,,,120.0,,,,,0.0,,,,,,,,,,,,,,,135,,,132.0,,,,0.373,,,,,,0.579,,,,111.4,,2477.3,,,,5.6,,,0.053,,0.0,0.444,287.0,,,0.447,,,,,,,,,,,,,,,,,,,,,,147,,,,,102.3,,8.0,,,,,,11.0,,,,,,,0.204,,,,0.415,,,0.521,,,,,,,10.8,,,,,,,,82.0,,,,,,,,,,,,235.0,,,,,,29.0,,,,,,,,,,,,,,356.0,,,10.7,,,,10.8,,,,,,,,,,,,,,,,,,,,,0.0,,,,,,,,,,,,,,,,,,0.0,,45.0,205,,,,,,,,,,,,,0.206,,,,0.5,,112.5,,,,,,,,,,545,,,,,,2.03,,,,,,,,,,,,,,,13.0,168,,,,,0.301,13,,,,,,,0.0,2741.866666666667,,,,,0.199,,,,,,,,,6.0,,,19.0,158.0,,,,,0.744,,,,,,,,,,,60,,8,,1232,,,,,,,,,,,,,75.75,,142.0,,,,,,,,,,,1985,419,,,,,,,,,,1,,,0.0,,,,297,,,,,437,,,,,0.487,,,,,0.392,,,,10.2,,68.0,,,,59.0,,,,,,,0.0,,,90.9,,,,11.5,,,102.0,,352,,,90.9,,,0.0,102.3,10.2,,,0.615,,,,,0.0,0.844,,,,,,0.634,,,,,,341,100.6,,19,21.7,,,,,112.5,,,,,,,,,,28.0,,,,,0.155,,,,94.0,,,,,0,,,,0.441,,,,,,,,,,0.435,,,898,,,,,0.426,,,,,,,,,37,,,,168.0,,,,,,53.0,0.0,,,,,,,,,39.198218262806236
54,Dickey Simpkins,18,40,1998,862,CHI,1610612741,26.0,,,,,0.093,,0.551,,,,,,,0.0,,,,36.0,,,,4.0,,,,0.0,,48.0,,,,14.0,,,,,,,,,0,,94.43,,,0.0,,,Providence,,,,,,,0.708,,,,,,77,,,0.0,0,USA,,,,2.0,,,,,0.0,,,,,,,,,,,,,,,27,,,12.0,,,,0.333,,,,,,0.0,,,,102.6,,283.9,,,,1.2,,,0.067,,0.0,0.37,55.0,,,0.25,,,,,,,,,,,,,,,,,,,,,,2,,,,,97.2,,0.0,,,,,,0.0,,,,,,,0.154,,,,0.0,,,0.539,,,,,,,17.3,,,,,,,,81.0,,,,,,,,,,,,264.0,,,,,,0.0,,,,,,,,,,,,,,27.0,,,17.1,,,,4.8,,,,,,,,,,,,,,,,,,,,,0.0,,,,,,,,,,,,,,,,,,0.0,,2.0,54,,,,,,,,,,,,,0.157,,,,0.0,,101.2,,,,,,,,,,36,,,,,,1.03,,,,,,,,,,,,,,,0.0,32,,,,,0.25,0,,,,,,,0.0,433.0033333333333,,,,,0.115,,,,,,,,,0.0,,,0.0,10.0,,,,,0.45,,,,,,,,,,,9,,21,,132,,,,,,,,,,,,,79.54,,12.0,,,,,,,,,,,1994,50,,,,,,,,,,1,,,0.0,,,,36,,,,,48,,,,,0.539,,,,,0.0,,,,4.0,,1.0,,,,3.0,,,,,,,0.0,,,95.44,,,,2.2,,,3.0,,70,,,95.44,,,0.0,97.2,4.0,,,0.0,,,,,0.0,0.514,,,,,,0.655,,,,,,33,97.9,,5,17.6,,,,,101.2,,,,,,,,,,1.0,,,,,0.117,,,,6.0,,,,,0,,,,0.667,,,,,,,,,,0.429,,,89,,,,,0.0,,,,,,,,,5,,,,34.0,,,,,,4.0,0.0,,,,,,,,,78.65168539325843
87,Dikembe Mutombo,50,82,1998,5337,ATL,1610612737,32.0,,,,,0.166,,0.584,,,,,,,0.0,,,,289.0,,,,193.0,,,,0.0,,423.0,,,,2.0,,,,,,,,,0,,88.51,,,0.0,,,Georgetown,,,,,,,0.626,,,,,,932,,,0.0,4,Democratic Republic of the Congo,,,,0.0,,,,,0.0,,,,,,,,,,,,,,,276,,,78.0,,,,0.46,,,,,,0.0,,,,105.0,,3107.4,,,,4.9,,,0.102,,0.0,0.339,470.0,,,0.295,,,,,,,,,,,,,,,,,,,,,,0,,,,,97.8,,0.0,,,,,,0.0,,,,,,,0.178,,,,0.0,,,0.537,,,,,,,14.1,,,,,,,,86.0,,,,,,,,,,,,261.0,,,,,,0.0,,,,,,,,,,,,,,109.0,,,14.0,,,,8.0,,,,,,,,,,,,,,,,,,,,,0.0,,,,,,,,,,,,,,,,,,0.0,,0.0,254,,,,,,,,,,,,,0.18,,,,0.0,,105.7,,,,,,,,,,419,,,,,,0.49,,,,,,,,,,,,,,,0.0,168,,,,,0.451,47,,,,,,,0.0,2914.826666666667,,,,,0.048,,,,,,,,,0.0,,,0.0,37.0,,,,,0.61,,,,,,,,,,,34,,4,,1101,,,,,,,,,,,,,73.23,,211.0,,,,,,,,,,,1991,656,,,,,,,,,,1,,,0.0,,,,303,,,,,399,,,,,0.537,,,,,0.0,,,,7.8,,0.0,,,,23.0,,,,,,,0.0,,,87.88,,,,9.1,,,0.0,,452,,,87.88,,,0.0,97.8,7.8,,,0.0,,,,,0.0,0.67,,,,,,0.615,,,,,,82,97.1,,277,6.9,,,,,105.7,,,,,,,,,,87.0,,,,,0.224,,,,0.0,,,,,0,,,,0.0,,,,,,,,,,0.0,,,743,,,,,0.0,,,,,,,,,53,,,,265.0,,,,,,97.0,0.0,,,,,,,,,60.834454912516826
931,Don MacLean,4,9,1998,93,NJN,1610612751,28.0,,,,,0.056,,0.15,,,,,,,0.0,,,,0.0,,,,0.0,,,,1.0,,0.0,,,,4.0,,,,,,,,,1,,100.86,,,0.0,,,UCLA,,,,,,,0.0,,,,,,5,,,0.0,1,USA,,,,0.0,,,,,0.0,,,,,,,,,,,,,,,3,,,3.0,,,,0.0,,,,,,0.5,,,,94.3,,7.0,,,,0.1,,,0.057,,,0.0,0.0,,,0.0,,,,,,,,,,,,,,,,,,,,,,2,,,,,108.2,,0.0,,,,,,1.0,,,,,,,0.108,,,,0.5,,,0.15,,,,,,,16.7,,,,,,,,82.0,,,,,,,,,,,,235.0,,,,,,0.0,,,,,,,,,,,,,,8.0,,,16.7,,,,-18.0,,,,,,,,,,,,,,,,,,,,,0.0,,,,,,,,,,,,,,,,,,0.0,,1.0,7,,,,,,,,,,,,,0.115,,,,0.5,,90.3,,,,,,,,,,-21,,,,,,0.0,,,,,,,,,,,,,,,0.0,2,,,,,0.0,0,,,,,,,0.0,43.45166666666667,,,,,0.0,,,,,,,,,2.0,,,2.0,0.0,,,,,0.444,,,,,,,,,,,0,,19,,3,,,,,,,,,,,,,87.45,,0.0,,,,,,,,,,,1992,2,,,,,,,,,,1,,,0.0,,,,0,,,,,1,,,,,0.1,,,,,0.0,,,,-17.9,,0.0,,,,0.0,,,,,,,,,,104.94,,,,1.1,,,3.0,,0,,,104.94,,,0.0,108.2,-17.9,,,0.0,,,,,0.0,0.0,,,,,,0.0,,,,,,0,112.3,,0,0.0,,,,,90.3,,,,,,,,,,0.0,,,,,0.054,,,,0.0,,,,,0,,,,0.333,,,,,,,,,,0.0,,,10,,,,,0.0,,,,,,,,,1,,,,0.0,,,,,,0.0,,,,,,,,,,0.0
690,Don Reid,33,68,1998,1845,DET,1610612765,24.0,,,,,0.095,,0.574,,,,,,,0.0,,,,76.0,,,,28.0,,,,0.0,,120.0,,,,3.0,,,,,,,,,0,,89.83,,,0.0,,,Georgetown,,,,,,,0.608,,,,,,175,,,0.0,1,USA,,,,0.0,,,,,0.0,,,,,,,,,,,,,,,77,,,18.0,,,,0.429,,,,,,0.0,,,,103.5,,699.0,,,,1.4,,,0.083,,0.0,0.286,127.0,,,0.167,,,,,,,,,,,,,,,,,,,,,,0,,,,,101.7,,0.0,,,,,,0.0,,,,,,,0.111,,,,0.0,,,0.534,,,,,,,10.7,,,,,,,,80.0,,,,,,,,,,,,250.0,,,,,,0.0,,,,,,,,,,,,,,21.0,,,10.7,,,,0.8,,,,,,,,,,,,,,,,,,,,,0.0,,,,,,,,,,,,,,,,,,0.0,,0.0,183,,,,,,,,,,,,,0.112,,,,0.0,,103.1,,,,,,,,,,-19,,,,,,0.93,,,,,,,,,,,,,,,0.0,28,,,,,0.5,1,,,,,,,0.0,990.99,,,,,0.04,,,,,,,,,0.0,,,0.0,6.0,,,,,0.485,,,,,,,,,,,25,,58,,238,,,,,,,,,,,,,75.38,,35.0,,,,,,,,,,,1995,98,,,,,,,,,,2,,,0.0,,,,50,,,,,94,,,,,0.534,,,,,0.0,,,,1.5,,0.0,,,,3.0,,,,,,,0.0,,,90.45,,,,2.6,,,0.0,,71,,,90.45,,,0.0,101.7,1.5,,,0.0,,,,,0.0,0.704,,,,,,0.598,,,,,,26,102.7,,55,9.9,,,,,103.1,,,,,,,,,,14.0,,,,,0.107,,,,1.0,,,,,0,,,,0.0,,,,,,,,,,0.333,,,176,,,,,0.0,,,,,,,,,16,,,,73.0,,,,,,15.0,0.0,,,,,,,,,40.34090909090909
140,Donald Royal,18,31,1998,634,CHH,1610612766,32.0,,,,,0.065,,0.473,,,,,,,0.0,,,,16.0,,,,11.0,,,,0.0,,34.0,,,,9.0,,,,,,,,,0,,93.3,,,0.0,,,Notre Dame,,,,,,,0.471,,,,,,41,,,0.0,0,USA,,,,0.0,,,,,0.0,,,,,,,,,,,,,,,18,,,12.0,,,,0.182,,,,,,0.0,,,,109.3,,167.7,,,,0.8,,,0.058,,0.0,0.292,34.0,,,0.25,,,,,,,,,,,,,,,,,,,,,,0,,,,,101.7,,0.0,,,,,,0.0,,,,,,,0.126,,,,0.0,,,0.362,,,,,,,9.0,,,,,,,,80.0,,,,,,,,,,,,218.0,,,,,,0.0,,,,,,,,,,,,,,24.0,,,9.1,,,,7.7,,,,,,,,,,,,,,,,,,,,,0.0,,,,,,,,,,,,,,,,,,0.0,,1.0,35,,,,,,,,,,,,,0.131,,,,0.0,,107.4,,,,,,,,,,37,,,,,,1.7,,,,,,,,,,,,,,,0.0,10,,,,,0.273,0,,,,,,,0.0,323.53333333333336,,,,,0.08,,,,,,,,,0.0,,,0.0,7.0,,,,,0.581,,,,,,,,,,,7,,52,,79,,,,,,,,,,,,,78.32,,11.0,,,,,,,,,,,1987,23,,,,,,,,,,3,,,0.0,,,,29,,,,,25,,,,,0.362,,,,,0.0,,,,5.7,,0.0,,,,3.0,,,,,,,0.0,,,93.99,,,,2.2,,,3.0,,33,,,93.99,,,0.0,101.7,5.7,,,0.0,,,,,0.0,0.879,,,,,,0.471,,,,,,17,101.5,,1,15.5,,,,,107.4,,,,,,,,,,3.0,,,,,0.072,,,,2.0,,,,,0,,,,0.333,,,,,,,,,,0.222,,,69,,,,,0.0,,,,,,,,,8,,,,16.0,,,,,,2.0,0.0,,,,,,,,,47.82608695652174
1126,Donald Whiteside,3,3,1998,29,ATL,1610612737,29.0,,,,,0.0,,0.347,,,,,,,,,,,1.0,,,,0.0,,,,0.0,,1.0,,,,0.0,,,,,,,,,0,,88.35,,,,,,Northern Illinois,,,,,,,1.0,,,,,,1,,,0.0,0,USA,,,,1.0,,,,,,,,,,,,,,,,,,,,0,,,0.0,,,,0.0,,,,,,0.0,,,,83.6,,3.7,,,,0.3,,,0.0,,,0.0,1.0,,,0.0,,,,,,,,,,,,,,,,,,,,,,1,,,,,118.8,,0.0,,,,,,0.0,,,,,,,0.118,,,,0.0,,,0.5,,,,,,,20.5,,,,,,,,70.0,,,,,,,,,,,,160.0,,,,,,0.0,,,,,,,,,,,,,,0.0,,,20.0,,,,-52.7,,,,,,,,,,,,,,,,,,,,,,,,,,,,,,,,,,,,,,,,,0.0,0,,,,,,,,,,,,,0.123,,,,0.0,,79.3,,,,,,,,,,-15,,,,,,1.0,,,,,,,,,,,,,,,0.0,1,,,,,0.0,0,,,,,,,,15.05,,,,,0.111,,,,,,,,,0.0,,,0.0,0.0,,,,,1.0,,,,,,,,,,,0,,Undrafted,,2,,,,,,,,,,,,,81.06,,0.0,,,,,,,,,,,Undrafted,1,,,,,,,,,,Undrafted,,,,,,,0,,,,,1,,,,,0.5,,,,,0.0,,,,-39.4,,0.0,,,,0.0,,,,,,,,,,97.28,,,,0.7,,,1.0,,2,,,97.28,,,,118.8,-39.4,,,0.0,,,,,,0.0,,,,,,1.0,,,,,,1,136.3,,0,20.0,,,,,79.3,,,,,,,,,,0.0,,,,,0.0,,,,0.0,,,,,0,,,,0.0,,,,,,,,,,0.0,,,2,,,,,0.0,,,,,,,,,0,,,,1.0,,,,,,0.0,,,,,,,,,,100.0
963,Dontae' Jones,7,15,1998,198,BOS,1610612738,23.0,,,,,0.045,,0.386,,,,,,,0.0,,,,5.0,,,,1.0,,,,0.0,,9.0,,,,10.0,,,,,,,,,6,,100.47,,,0.0,,,Mississippi State,,,,,,,0.556,,,,,,9,,,4.0,0,USA,,,,17.0,,,,,0.0,,,,,,,,,,,,,,,3,,,7.0,,,,0.0,,,,,,0.333,,,,94.4,,66.3,,,,1.3,,,0.026,,,0.364,11.0,,,0.143,,,,,,,,,,,,,,,,,,,,,,23,,,,,96.9,,2.0,,,,,,2.0,,,,,,,0.282,,,,0.261,,,0.386,,,,,,,15.1,,,,,,,,80.0,,,,,,,,,,,,220.0,,,,,,3.0,,,,,,,,,,,,,,22.0,,,15.1,,,,-7.7,,,,,,,,,,,,,,,,,,,,,0.0,,,,,,,,,,,,,,,,,,0.0,,5.0,12,,,,,,,,,,,,,0.289,,,,0.0,,94.9,,,,,,,,,,-2,,,,,,0.45,,,,,,,,,,,,,,,4.0,11,,,,,1.0,0,,,,,,,0.0,92.05666666666669,,,,,0.089,,,,,,,,,2.0,,,6.0,8.0,,,,,0.467,,,,,,,,,,,2,,21,,44,,,,,,,,,,,,,85.6,,3.0,,,,,,,,,,,1996,6,,,,,,,,,,1,,,0.0,,,,0,,,,,19,,,,,0.333,,,,,0.235,,,,-2.0,,9.0,,,,1.0,,,,,,,,,,102.72,,,,3.8,,,19.0,,0,,,102.72,,,0.0,96.9,-2.0,,,0.5,,,,,0.0,0.0,,,,,,0.455,,,,,,5,102.1,,3,6.8,,,,,94.9,,,,,,,,,,1.0,,,,,0.071,,,,4.0,,,,,0,,,,0.263,,,,,,,,,,0.4,,,57,,,,,0.333,,,,,,,,,3,,,,5.0,,,,,,0.0,,,,,,,,,,0.0
112,Dontonio Wingfield,2,3,1998,19,POR,1610612757,24.0,,,,,0.0,,0.129,,,,,,,,,,,0.0,,,,0.0,,,,,,2.0,,,,0.0,,,,,,,,,0,,91.76,,,,,,Cincinnati,,,,,,,0.0,,,,,,4,,,0.0,0,USA,,,,0.0,,,,,,,,,,,,,,,,,,,,2,,,1.0,,,,0.0,,,,,,,,,,41.5,,4.8,,,,0.0,,,0.125,,,0.0,2.0,,,0.0,,,,,,,,,,,,,,,,,,,,,,0,,,,,68.8,,,,,,,,,,,,,,,0.227,,,,0.0,,,0.0,,,,,,,20.5,,,,,,,,80.0,,,,,,,,,,,,256.0,,,,,,0.0,,,,,,,,,,,,,,1.0,,,20.0,,,,-35.3,,,,,,,,,,,,,,,,,,,,,,,,,,,,,,,,,,,,,,,,,0.0,2,,,,,,,,,,,,,0.234,,,,,,36.8,,,,,,,,,,-4,,,,,,0.0,,,,,,,,,,,,,,,,1,,,,,0.0,0,,,,,,,,8.16,,,,,0.0,,,,,,,,,,,,,0.0,,,,,0.667,,,,,,,,,,,0,,37,,1,,,,,,,,,,,,,85.78,,0.0,,,,,,,,,,,1994,2,,,,,,,,,,2,,,,,,,1,,,,,0,,,,,0.0,,,,,0.0,,,,-31.9,,0.0,,,,0.0,,,,,,,,,,102.94,,,,1.0,,,0.0,,2,,,102.94,,,,68.8,-31.9,,,,,,,,,0.5,,,,,,0.0,,,,,,0,76.8,,0,0.0,,,,,36.8,,,,,,,,,,0.0,,,,,0.0,,,,0.0,,,,,0,,,,0.0,,,,,,,,,,0.0,,,3,,,,,0.0,,,,,,,,,1,,,,0.0,,,,,,0.0,,,,,,,,,,66.66666666666667
923,Donyell Marshall,16,73,1998,5146,GSW,1610612744,25.0,,,,,0.113,,0.474,,,,,,,0.0,,,,235.0,,,,117.0,,,,5.0,,340.0,,,,197.0,,,,,,,,,63,,94.84,,,0.0,,,Connecticut,,,,,,,0.665,,,,,,628,,,49.0,0,USA,,,,149.0,,,,,0.0,,,,,,,,,,,,,,,210,,,98.0,,,,0.283,,,,,,0.283,,,,93.4,,2472.1,,,,6.2,,,0.074,,0.0,0.298,374.0,,,0.255,,,,,,,,,,,,,,,,,,,,,,201,,,,,103.1,,10.0,,,,,,15.0,,,,,,,0.217,,,,0.313,,,0.443,,,,,,,9.9,,,,,,,,81.0,,,,,,,,,,,,230.0,,,,,,32.0,,,,,,,,,,,,,,396.0,,,9.9,,,,-9.4,,,,,,,,,,,,,,,,,,,,,0.0,,,,,,,,,,,,,,,,,,0.0,,64.0,226,,,,,,,,,,,,,0.221,,,,0.333,,94.0,,,,,,,,,,-464,,,,,,1.08,,,,,,,,,,,,,,,38.0,147,,,,,0.291,27,,,,,,,0.0,2614.8283333333334,,,,,0.109,,,,,,,,,15.0,,,53.0,118.0,,,,,0.219,,,,,,,,,,,95,,4,,1123,,,,,,,,,,,,,78.69,,152.0,,,,,,,,,,,1994,418,,,,,,,,,,1,,,0.0,,,,158,,,,,451,,,,,0.414,,,,,0.329,,,,-9.1,,83.0,,,,25.0,,,,,,,0.0,,,94.43,,,,14.9,,,221.0,,216,,,94.43,,,0.0,103.1,-9.1,,,0.263,,,,,0.0,0.731,,,,,,0.628,,,,,,159,102.8,,73,10.7,,,,,94.0,,,,,,,,,,34.0,,,,,0.154,,,,61.0,,,,,0,,,,0.29,,,,,,,,,,0.31,,,1090,,,,,0.386,,,,,,,,,67,,,,226.0,,,,,,43.0,0.0,,,,,,,,,19.81651376146789
57,Doug Christie,15,78,1998,5809,TOR,1610612761,28.0,,,,,0.069,,0.53,,,,,,,5.0,,,,218.0,,,,73.0,,,,9.0,,364.0,,,,154.0,,,,,,,,,100,,95.49,,,0.0,,,Pepperdine,,,,,,,0.593,,,,,,404,,,72.0,4,USA,,,,230.0,,,,,1.0,,,,,,,,,,,,,,,94,,,95.0,,,,0.258,,,,,,0.373,,,,99.7,,2707.8,,,,5.9,,,0.031,,0.0,0.383,371.0,,,0.326,,,,,,,,,,,,,,,,,,,,,,307,,,,,108.0,,19.0,,,,,,28.0,,,,,,,0.213,,,,0.326,,,0.474,,,,,,,13.2,,,,,,,,78.0,,,,,,,,,,,,205.0,,,,,,27.0,,,,,,,,,,,,,,311.0,,,13.2,,,,-7.6,,,,,,,,,,,,,,,,,,,,,0.0,,,,,,,,,,,,,,,,,,1.0,,102.0,198,,,,,,,,,,,,,0.216,,,,0.36,,100.1,,,,,,,,,,-485,,,,,,1.24,,,,,,,,,,,,,,,50.0,228,,,,,0.233,1,,,,,,,0.2,2942.866666666667,,,,,0.16,,,,,,,,,25.0,,,75.0,119.0,,,,,0.192,,,,,,,,,,,190,,17,,1287,,,,,,,,,,,,,79.13,,89.0,,,,,,,,,,,1992,310,,,,,,,,,,1,,,2.0,,,,271,,,,,458,,,,,0.428,,,,,0.313,,,,-7.9,,98.0,,,,31.0,,,,,,,0.0,,,94.96,,,,13.7,,,274.0,,327,,,94.96,,,0.0,108.0,-7.9,,,0.38,,,,,0.0,0.829,,,,,,0.588,,,,,,282,107.3,,57,16.3,,,,,100.1,,,,,,,,,,17.0,,,,,0.109,,,,62.0,,,,,0,,,,0.372,,,,,,,,,,0.403,,,1071,,,,,0.276,,,,,,,,,80,,,,216.0,,,,,,23.0,0.0,,,,,,,,,30.532212885154063
77,Doug Overton,6,23,1998,560,PHI,1610612755,28.0,,,,,0.026,,0.443,,,,,,,1.0,,,,9.0,,,,1.0,,,,0.0,,21.0,,,,20.0,,,,,,,,,0,,93.78,,,0.0,,,La Salle,,,,,,,0.381,,,,,,14,,,0.0,0,USA,,,,2.0,,,,,1.0,,,,,,,,,,,,,,,2,,,10.0,,,,0.333,,,,,,0.0,,,,94.0,,138.3,,,,1.0,,,0.008,,0.0,0.417,22.0,,,0.3,,,,,,,,,,,,,,,,,,,,,,3,,,,,96.8,,0.0,,,,,,0.0,,,,,,,0.145,,,,0.0,,,0.381,,,,,,,17.7,,,,,,,,75.0,,,,,,,,,,,,190.0,,,,,,0.0,,,,,,,,,,,,,,36.0,,,17.6,,,,-8.9,,,,,,,,,,,,,,,,,,,,,0.0,,,,,,,,,,,,,,,,,,0.0,,4.0,34,,,,,,,,,,,,,0.15,,,,0.0,,91.8,,,,,,,,,,-33,,,,,,1.61,,,,,,,,,,,,,,,0.0,23,,,,,0.0,0,,,,,,,0.0,276.1333333333333,,,,,0.233,,,,,,,,,0.0,,,0.0,15.0,,,,,0.261,,,,,,,,,,,8,,40,,62,,,,,,,,,,,,,81.48,,3.0,,,,,,,,,,,1991,12,,,,,,,,,,2,,,1.0,,,,14,,,,,24,,,,,0.381,,,,,0.0,,,,-5.0,,1.0,,,,3.0,,,,,,,0.0,,,97.78,,,,2.7,,,7.0,,16,,,97.78,,,0.0,96.8,-5.0,,,0.0,,,,,0.0,0.875,,,,,,0.409,,,,,,37,102.8,,1,28.2,,,,,91.8,,,,,,,,,,0.0,,,,,0.046,,,,8.0,,,,,0,,,,0.571,,,,,,,,,,0.4,,,63,,,,,0.0,,,,,,,,,6,,,,8.0,,,,,,1.0,0.0,,,,,,,,,25.396825396825395
28,Doug West,21,38,1998,1355,MIN,1610612750,31.0,,,,,0.056,,0.416,,,,,,,0.0,,,,22.0,,,,13.0,,,,0.0,,44.0,,,,85.0,,,,,,,,,0,,95.01,,,0.0,,,Villanova,,,,,,,0.455,,,,,,82,,,0.0,2,USA,,,,1.0,,,,,,,,,,,,,,,,,,,,23,,,17.0,,,,0.5,,,,,,0.0,,,,97.7,,349.9,,,,1.7,,,0.032,,0.0,0.324,46.0,,,0.353,,,,,,,,,,,,,,,,,,,,,,2,,,,,99.8,,0.0,,,,,,0.0,,,,,,,0.135,,,,0.0,,,0.374,,,,,,,8.2,,,,,,,,78.0,,,,,,,,,,,,200.0,,,,,,0.0,,,,,,,,,,,,,,108.0,,,8.2,,,,-2.3,,,,,,,,,,,,,,,,,,,,,,,,,,,,,,,,,,,,,,,0.0,,4.0,97,,,,,,,,,,,,,0.137,,,,0.0,,97.3,,,,,,,,,,-49,,,,,,2.14,,,,,,,,,,,,,,,0.0,21,,,,,0.308,0,,,,,,,0.0,686.4966666666667,,,,,0.105,,,,,,,,,0.0,,,0.0,35.0,,,,,0.553,,,,,,,,,,,11,,38,,157,,,,,,,,,,,,,79.42,,18.0,,,,,,,,,,,1989,59,,,,,,,,,,2,,,0.0,,,,29,,,,,64,,,,,0.374,,,,,0.0,,,,-2.4,,1.0,,,,6.0,,,,,,,0.0,,,95.3,,,,4.5,,,9.0,,40,,,95.3,,,0.0,99.8,-2.4,,,0.0,,,,,,0.725,,,,,,0.478,,,,,,45,100.0,,5,17.6,,,,,97.3,,,,,,,,,,4.0,,,,,0.08,,,,28.0,,,,,0,,,,0.444,,,,,,,,,,0.329,,,171,,,,,0.0,,,,,,,,,9,,,,20.0,,,,,,9.0,0.0,,,,,,,,,23.391812865497077
1003,Drew Barry,16,27,1998,525,ATL,1610612737,25.0,,,,,0.069,,0.64,,,,,,,0.0,,,,5.0,,,,0.0,,,,0.0,,10.0,,,,4.0,,,,,,,,,9,,98.47,,,0.0,,,Georgia Tech,,,,,,,0.5,,,,,,35,,,8.0,0,USA,,,,19.0,,,,,0.0,,,,,,,,,,,,,,,5,,,0.0,,,,0.0,,,,,,0.5,,,,114.6,,174.5,,,,0.7,,,0.022,,,0.571,10.0,,,0.0,,,,,,,,,,,,,,,,,,,,,,21,,,,,98.9,,1.0,,,,,,1.0,,,,,,,0.121,,,,0.429,,,0.592,,,,,,,24.4,,,,,,,,77.0,,,,,,,,,,,,191.0,,,,,,8.0,,,,,,,,,,,,,,7.0,,,24.4,,,,16.2,,,,,,,,,,,,,,,,,,,,,0.0,,,,,,,,,,,,,,,,,,0.0,,3.0,28,,,,,,,,,,,,,0.124,,,,0.0,,112.8,,,,,,,,,,67,,,,,,1.63,,,,,,,,,,,,,,,2.0,30,,,,,0.0,0,,,,,,,0.0,255.98666666666668,,,,,0.257,,,,,,,,,0.0,,,2.0,4.0,,,,,0.593,,,,,,,,,,,10,,57,,56,,,,,,,,,,,,,82.5,,0.0,,,,,,,,,,,1996,30,,,,,,,,,,2,,,0.0,,,,11,,,,,18,,,,,0.474,,,,,0.421,,,,13.9,,19.0,,,,0.0,,,,,,,,,,99.01,,,,1.4,,,5.0,,13,,,99.01,,,0.0,98.9,13.9,,,0.5,,,,,0.0,0.846,,,,,,0.5,,,,,,49,98.4,,1,39.8,,,,,112.8,,,,,,,,,,0.0,,,,,0.107,,,,2.0,,,,,0,,,,0.6,,,,,,,,,,0.5,,,38,,,,,0.421,,,,,,,,,2,,,,5.0,,,,,,0.0,,,,,,,,,,34.21052631578947
190,Duane Causwell,29,37,1998,693,MIA,1610612748,30.0,,,,,0.139,,0.443,,,,,,,0.0,,,,25.0,,,,21.0,,,,0.0,,48.0,,,,2.0,,,,,,,,,0,,89.37,,,0.0,,,Temple,,,,,,,0.479,,,,,,99,,,0.0,0,USA,,,,0.0,,,,,0.0,,,,,,,,,,,,,,,29,,,13.0,,,,0.407,,,,,,0.0,,,,93.5,,299.3,,,,1.0,,,0.082,,0.0,0.214,51.0,,,0.308,,,,,,,,,,,,,,,,,,,,,,0,,,,,97.1,,0.0,,,,,,0.0,,,,,,,0.149,,,,0.0,,,0.416,,,,,,,14.6,,,,,,,,84.0,,,,,,,,,,,,240.0,,,,,,0.0,,,,,,,,,,,,,,14.0,,,14.5,,,,-6.0,,,,,,,,,,,,,,,,,,,,,0.0,,,,,,,,,,,,,,,,,,0.0,,0.0,73,,,,,,,,,,,,,0.154,,,,0.0,,91.9,,,,,,,,,,-33,,,,,,0.28,,,,,,,,,,,,,,,0.0,18,,,,,0.381,0,,,,,,,0.0,363.82666666666665,,,,,0.024,,,,,,,,,0.0,,,0.0,3.0,,,,,0.784,,,,,,,,,,,7,,18,,89,,,,,,,,,,,,,76.03,,27.0,,,,,,,,,,,1990,70,,,,,,,,,,1,,,0.0,,,,15,,,,,37,,,,,0.416,,,,,0.0,,,,-5.2,,0.0,,,,4.0,,,,,,,0.0,,,91.23,,,,2.4,,,2.0,,26,,,91.23,,,0.0,97.1,-5.2,,,0.0,,,,,0.0,0.577,,,,,,0.49,,,,,,5,99.5,,27,4.0,,,,,91.9,,,,,,,,,,8.0,,,,,0.193,,,,0.0,,,,,0,,,,0.0,,,,,,,,,,0.0,,,89,,,,,0.0,,,,,,,,,11,,,,23.0,,,,,,11.0,0.0,,,,,,,,,29.213483146067414
273,Duane Ferrell,7,50,1998,928,GSW,1610612744,33.0,,,,,0.048,,0.389,,,,,,,0.0,,,,20.0,,,,8.0,,,,0.0,,36.0,,,,34.0,,,,,,,,,0,,95.62,,,0.0,,,Georgia Tech,,,,,,,0.556,,,,,,47,,,0.0,0,USA,,,,5.0,,,,,0.0,,,,,,,,,,,,,,,25,,,12.0,,,,0.273,,,,,,0.0,,,,91.2,,252.4,,,,0.8,,,0.049,,0.0,0.31,38.0,,,0.25,,,,,,,,,,,,,,,,,,,,,,6,,,,,107.3,,0.0,,,,,,0.0,,,,,,,0.126,,,,0.0,,,0.369,,,,,,,10.9,,,,,,,,79.0,,,,,,,,,,,,215.0,,,,,,0.0,,,,,,,,,,,,,,58.0,,,10.8,,,,-17.8,,,,,,,,,,,,,,,,,,,,,0.0,,,,,,,,,,,,,,,,,,0.0,,5.0,50,,,,,,,,,,,,,0.13,,,,0.0,,89.5,,,,,,,,,,-159,,,,,,1.44,,,,,,,,,,,,,,,1.0,18,,,,,0.375,0,,,,,,,0.0,456.66,,,,,0.093,,,,,,,,,0.0,,,1.0,18.0,,,,,0.14,,,,,,,,,,,21,,Undrafted,,94,,,,,,,,,,,,,81.07,,11.0,,,,,,,,,,,Undrafted,22,,,,,,,,,,Undrafted,,,0.0,,,,12,,,,,41,,,,,0.369,,,,,0.0,,,,-17.7,,3.0,,,,3.0,,,,,,,0.0,,,97.28,,,,2.2,,,16.0,,22,,,97.28,,,0.0,107.3,-17.7,,,0.0,,,,,0.0,0.545,,,,,,0.526,,,,,,26,109.0,,6,15.7,,,,,89.5,,,,,,,,,,3.0,,,,,0.048,,,,10.0,,,,,0,,,,0.313,,,,,,,,,,0.294,,,111,,,,,0.0,,,,,,,,,10,,,,20.0,,,,,,3.0,0.0,,,,,,,,,19.81981981981982
1516,Ed Gray,19,30,1998,908,ATL,1610612737,22.0,,,,,0.048,,0.492,,,,,,,1.0,,,,30.0,,,,17.0,,,,0.0,,55.0,,,,45.0,,,,,,,,,18,,93.32,,,0.0,,,California,,,,,,,0.527,,,,,,45,,,17.0,0,USA,,,,39.0,,,,,0.0,,,,,,,,,,,,,,,9,,,24.0,,,,0.389,,,,,,0.25,,,,99.0,,380.0,,,,2.6,,,0.019,,1.0,0.271,59.0,,,0.25,,,,,,,,,,,,,,,,,,,,,,46,,,,,107.2,,1.0,,,,,,1.0,,,,,,,0.242,,,,0.391,,,0.426,,,,,,,10.2,,,,,,,,75.0,,,,,,,,,,,,210.0,,,,,,5.0,,,,,,,,,,,,,,85.0,,,10.2,,,,-8.1,,,,,,,,,,,,,,,,,,,,,0.0,,,,,,,,,,,,,,,,,,0.0,,18.0,73,,,,,,,,,,,,,0.248,,,,0.0,,99.9,,,,,,,,,,-75,,,,,,1.13,,,,,,,,,,,,,,,1.0,30,,,,,0.353,0,,,,,,,0.0,471.5316666666667,,,,,0.132,,,,,,,,,3.0,,,4.0,23.0,,,,,0.633,,,,,,,,,,,15,,22,,227,,,,,,,,,,,,,77.36,,18.0,,,,,,,,,,,1997,36,,,,,,,,,,1,,,1.0,,,,55,,,,,77,,,,,0.381,,,,,0.436,,,,-7.3,,19.0,,,,6.0,,,,,,,0.0,,,92.84,,,,6.7,,,36.0,,65,,,92.84,,,0.0,107.2,-7.3,,,1.0,,,,,0.0,0.846,,,,,,0.508,,,,,,34,107.0,,11,11.5,,,,,99.9,,,,,,,,,,6.0,,,,,0.079,,,,12.0,,,,,0,,,,0.5,,,,,,,,,,0.267,,,202,,,,,0.263,,,,,,,,,17,,,,29.0,,,,,,7.0,0.0,,,,,,,,,32.17821782178218
1055,Ed Stokes,0,4,1998,36,TOR,1610612761,26.0,,,,,0.0,,0.387,,,,,,,,,,,1.0,,,,0.0,,,,0.0,,1.0,,,,1.0,,,,,,,,,0,,100.53,,,,,,Arizona,,,,,,,1.0,,,,,,4,,,0.0,0,USA,,,,0.0,,,,,,,,,,,,,,,,,,,,1,,,1.0,,,,0.0,,,,,,0.0,,,,76.0,,16.3,,,,0.3,,,0.0,,,0.0,1.0,,,0.0,,,,,,,,,,,,,,,,,,,,,,0,,,,,125.0,,0.0,,,,,,0.0,,,,,,,0.133,,,,0.0,,,0.333,,,,,,,29.1,,,,,,,,84.0,,,,,,,,,,,,264.0,,,,,,,,,,,,,,,,,,,,2.0,,,28.6,,,,-47.4,,,,,,,,,,,,,,,,,,,,,,,,,,,,,,,,,,,,,,,,,0.0,4,,,,,,,,,,,,,0.134,,,,0.0,,77.8,,,,,,,,,,-17,,,,,,0.5,,,,,,,,,,,,,,,0.0,2,,,,,0.0,0,,,,,,,,17.503333333333334,,,,,0.125,,,,,,,,,0.0,,,0.0,0.0,,,,,0.0,,,,,,,,,,,1,,35,,3,,,,,,,,,,,,,82.27,,0.0,,,,,,,,,,,1993,3,,,,,,,,,,2,,,,,,,1,,,,,1,,,,,0.333,,,,,0.0,,,,-47.2,,,,,,0.0,,,,,,,,,,98.72,,,,0.8,,,0.0,,2,,,98.72,,,,125.0,-47.2,,,0.0,,,,,,0.5,,,,,,1.0,,,,,,1,123.4,,2,14.3,,,,,77.8,,,,,,,,,,0.0,,,,,0.176,,,,0.0,,,,,0,,,,0.0,,,,,,,,,,0.0,,,3,,,,,,,,,,,,,,0,,,,1.0,,,,,,0.0,,,,,,,,,,66.66666666666667
698,Eddie Johnson,37,75,1998,2893,HOU,1610612745,39.0,,,,,0.054,,0.524,,,,,,,0.0,,,,63.0,,,,29.0,,,,9.0,,104.0,,,,91.0,,,,,,,,,66,,93.24,,,0.0,,,Illinois,,,,,,,0.577,,,,,,153,,,53.0,0,USA,,,,158.0,,,,,0.0,,,,,,,,,,,,,,,50,,,58.0,,,,0.444,,,,,,0.324,,,,104.4,,991.6,,,,3.0,,,0.035,,1.0,0.41,109.0,,,0.431,,,,,,,,,,,,,,,,,,,,,,198,,,,,108.6,,2.0,,,,,,11.0,,,,,,,0.193,,,,0.333,,,0.478,,,,,,,8.2,,,,,,,,79.0,,,,,,,,,,,,215.0,,,,,,14.0,,,,,,,,,,,,,,212.0,,,8.4,,,,-4.0,,,,,,,,,,,,,,,,,,,,,0.0,,,,,,,,,,,,,,,,,,0.0,,83.0,89,,,,,,,,,,,,,0.202,,,,0.346,,104.9,,,,,,,,,,-87,,,,,,1.42,,,,,,,,,,,,,,,8.0,62,,,,,0.379,0,,,,,,,0.0,1490.505,,,,,0.103,,,,,,,,,26.0,,,34.0,87.0,,,,,0.493,,,,,,,,,,,32,,29,,633,,,,,,,,,,,,,77.42,,36.0,,,,,,,,,,,1981,103,,,,,,,,,,2,,,0.0,,,,113,,,,,227,,,,,0.417,,,,,0.335,,,,-3.6,,52.0,,,,25.0,,,,,,,0.0,,,92.91,,,,7.3,,,204.0,,136,,,92.91,,,0.0,108.6,-3.6,,,0.25,,,,,0.0,0.831,,,,,,0.578,,,,,,88,108.4,,3,11.9,,,,,104.9,,,,,,,,,,11.0,,,,,0.074,,,,31.0,,,,,0,,,,0.407,,,,,,,,,,0.341,,,544,,,,,0.269,,,,,,,,,33,,,,60.0,,,,,,16.0,0.0,,,,,,,,,25.0
224,Eddie Jones,60,80,1998,5753,LAL,1610612747,26.0,,,,,0.052,,0.592,,,,,,,3.0,,,,272.0,,,,57.0,,,,14.0,,408.0,,,,66.0,,,,,,,,,143,,95.6,,,0.0,,,Temple,,,,,,,0.664,,,,,,302,,,97.0,0,USA,,,,262.0,,,,,0.0,,,,,,,,,,,,,,,85,,,62.0,,,,0.222,,,,,,0.425,,,,110.3,,2579.4,,,,6.1,,,0.03,,0.0,0.363,421.0,,,0.403,,,,,,,,,,,,,,,,,,,,,,368,,,,,100.8,,31.0,,,,,,45.0,,,,,,,0.193,,,,0.389,,,0.555,,,,,,,9.5,,,,,,,,78.0,,,,,,,,,,,,200.0,,,,,,65.0,,,,,,,,,,,,,,157.0,,,9.6,,,,10.4,,,,,,,,,,,,,,,,,,,,,0.0,,,,,,,,,,,,,,,,,,0.0,,90.0,164,,,,,,,,,,,,,0.196,,,,0.359,,111.2,,,,,,,,,,612,,,,,,1.68,,,,,,,,,,,,,,,67.0,146,,,,,0.228,1,,,,,,,0.0,2909.951666666667,,,,,0.133,,,,,,,,,39.0,,,106.0,57.0,,,,,0.75,,,,,,,,,,,160,,10,,1349,,,,,,,,,,,,,78.99,,72.0,,,,,,,,,,,1994,217,,,,,,,,,,1,,,0.0,,,,234,,,,,486,,,,,0.484,,,,,0.37,,,,10.4,,165.0,,,,25.0,,,,,,,0.0,,,94.79,,,,12.6,,,231.0,,306,,,94.79,,,0.0,100.8,10.4,,,0.463,,,,,0.0,0.765,,,,,,0.646,,,,,,246,100.0,,55,16.1,,,,,111.2,,,,,,,,,,13.0,,,,,0.073,,,,21.0,,,,,0,,,,0.39,,,,,,,,,,0.318,,,1005,,,,,0.394,,,,,,,,,67,,,,271.0,,,,,,16.0,0.0,,,,,,,,,30.44776119402985
922,Elden Campbell,60,81,1998,3542,LAL,1610612747,29.0,,,,,0.128,,0.527,,,,,,,0.0,,,,163.0,,,,219.0,,,,0.0,,255.0,,,,11.0,,,,,,,,,1,,95.17,,,0.0,,,Clemson,,,,,,,0.612,,,,,,455,,,1.0,2,USA,,,,1.0,,,,,0.0,,,,,,,,,,,,,,,143,,,106.0,,,,0.376,,,,,,0.0,,,,105.6,,1775.0,,,,3.6,,,0.081,,1.0,0.338,285.0,,,0.292,,,,,,,,,,,,,,,,,,,,,,2,,,,,103.7,,0.0,,,,,,0.0,,,,,,,0.22,,,,0.5,,,0.464,,,,,,,11.9,,,,,,,,84.0,,,,,,,,,,,,255.0,,,,,,0.0,,,,,,,,,,,,,,157.0,,,11.8,,,,1.6,,,,,,,,,,,,,,,,,,,,,0.0,,,,,,,,,,,,,,,,,,0.0,,0.0,209,,,,,,,,,,,,,0.223,,,,0.0,,105.0,,,,,,,,,,26,,,,,,0.68,,,,,,,,,,,,,,,0.0,115,,,,,0.425,6,,,,,,,0.0,1783.5266666666666,,,,,0.075,,,,,,,,,1.0,,,1.0,53.0,,,,,0.741,,,,,,,,,,,35,,27,,816,,,,,,,,,,,,,79.64,,210.0,,,,,,,,,,,1990,312,,,,,,,,,,1,,,0.0,,,,237,,,,,289,,,,,0.463,,,,,1.0,,,,1.3,,0.0,,,,31.0,,,,,,,1.0,,,95.57,,,,7.7,,,2.0,,342,,,95.57,,,0.0,103.7,1.3,,,0.0,,,,,0.0,0.693,,,,,,0.572,,,,,,78,104.0,,102,8.0,,,,,105.0,,,,,,,,,,93.0,,,,,0.173,,,,1.0,,,,,0,,,,0.0,,,,,,,,,,0.091,,,624,,,,,0.0,,,,,,,,,66,,,,156.0,,,,,,79.0,1.0,,,,,,,,,54.80769230769231
695,Eldridge Recasner,32,59,1998,2729,ATL,1610612737,30.0,,,,,0.051,,0.563,,,,,,,2.0,,,,40.0,,,,29.0,,,,6.0,,71.0,,,,92.0,,,,,,,,,62,,90.15,,,0.0,,,Washington,,,,,,,0.535,,,,,,142,,,54.0,0,USA,,,,131.0,,,,,2.0,,,,,,,,,,,,,,,32,,,69.0,,,,0.432,,,,,,0.471,,,,104.5,,928.9,,,,3.5,,,0.023,,0.0,0.46,76.0,,,0.435,,,,,,,,,,,,,,,,,,,,,,148,,,,,107.0,,2.0,,,,,,8.0,,,,,,,0.181,,,,0.419,,,0.524,,,,,,,13.1,,,,,,,,76.0,,,,,,,,,,,,190.0,,,,,,36.0,,,,,,,,,,,,,,189.0,,,13.2,,,,-1.9,,,,,,,,,,,,,,,,,,,,,0.0,,,,,,,,,,,,,,,,,,1.0,,45.0,94,,,,,,,,,,,,,0.186,,,,0.545,,104.2,,,,,,,,,,-74,,,,,,1.29,,,,,,,,,,,,,,,6.0,91,,,,,0.31,2,,,,,,,0.5,1453.8516666666667,,,,,0.143,,,,,,,,,11.0,,,17.0,87.0,,,,,0.542,,,,,,,,,,,41,,,,548,,,,,,,,,,,,,75.04,,44.0,,,,,,,,,,,1992,110,,,,,,,,,,,,,0.0,,,,74,,,,,206,,,,,0.456,,,,,0.412,,,,-2.8,,89.0,,,,30.0,,,,,,,0.0,,,90.05,,,,7.7,,,93.0,,79,,,90.05,,,0.0,107.0,-2.8,,,0.333,,,,,0.0,0.937,,,,,,0.526,,,,,,117,106.5,,1,16.9,,,,,104.2,,,,,,,,,,9.0,,,,,0.076,,,,45.0,,,,,0,,,,0.484,,,,,,,,,,0.489,,,452,,,,,0.404,,,,,,,,,22,,,,38.0,,,,,,19.0,0.0,,,,,,,,,17.47787610619469
386,Elliot Perry,36,81,1998,3369,MIL,1610612749,29.0,,,,,0.033,,0.485,,,,,,,0.0,,,,38.0,,,,29.0,,,,0.0,,67.0,,,,228.0,,,,,,,,,17,,92.0,,,0.0,,,Memphis,,,,,,,0.567,,,,,,108,,,16.0,1,USA,,,,47.0,,,,,0.0,,,,,,,,,,,,,,,21,,,87.0,,,,0.412,,,,,,0.25,,,,97.0,,1213.6,,,,3.0,,,0.013,,1.0,0.421,68.0,,,0.368,,,,,,,,,,,,,,,,,,,,,,50,,,,,103.4,,1.0,,,,,,1.0,,,,,,,0.19,,,,0.34,,,0.445,,,,,,,13.2,,,,,,,,72.0,,,,,,,,,,,,152.0,,,,,,13.0,,,,,,,,,,,,,,392.0,,,13.2,,,,-6.4,,,,,,,,,,,,,,,,,,,,,0.0,,,,,,,,,,,,,,,,,,0.0,,53.0,129,,,,,,,,,,,,,0.194,,,,0.0,,96.3,,,,,,,,,,-238,,,,,,1.8,,,,,,,,,,,,,,,1.0,128,,,,,0.414,1,,,,,,,0.0,1751.525,,,,,0.233,,,,,,,,,3.0,,,4.0,165.0,,,,,0.444,,,,,,,,,,,90,,37,,591,,,,,,,,,,,,,76.93,,51.0,,,,,,,,,,,1991,87,,,,,,,,,,2,,,0.0,,,,92,,,,,241,,,,,0.43,,,,,0.34,,,,-7.1,,33.0,,,,32.0,,,,,,,0.0,,,92.31,,,,6.9,,,115.0,,109,,,92.31,,,0.0,103.4,-7.1,,,1.0,,,,,0.0,0.844,,,,,,0.559,,,,,,230,103.4,,2,23.7,,,,,96.3,,,,,,,,,,12.0,,,,,0.054,,,,93.0,,,,,0,,,,0.461,,,,,,,,,,0.408,,,561,,,,,0.394,,,,,,,,,25,,,,38.0,,,,,,21.0,0.0,,,,,,,,,19.429590017825312
1023,Emanual Davis,17,45,1998,1179,HOU,1610612745,29.0,,,,,0.041,,0.581,,,,,,,0.0,,,,22.0,,,,5.0,,,,2.0,,39.0,,,,14.0,,,,,,,,,27,,93.76,,,0.0,,,Delaware State,,,,,,,0.564,,,,,,47,,,19.0,0,USA,,,,52.0,,,,,0.0,,,,,,,,,,,,,,,10,,,7.0,,,,0.429,,,,,,0.438,,,,105.5,,336.9,,,,1.4,,,0.017,,0.0,0.429,40.0,,,0.286,,,,,,,,,,,,,,,,,,,,,,72,,,,,106.2,,5.0,,,,,,7.0,,,,,,,0.152,,,,0.375,,,0.539,,,,,,,19.3,,,,,,,,77.0,,,,,,,,,,,,195.0,,,,,,10.0,,,,,,,,,,,,,,28.0,,,19.3,,,,-2.0,,,,,,,,,,,,,,,,,,,,,0.0,,,,,,,,,,,,,,,,,,0.0,,19.0,55,,,,,,,,,,,,,0.156,,,,0.286,,104.7,,,,,,,,,,-16,,,,,,1.13,,,,,,,,,,,,,,,9.0,52,,,,,0.4,0,,,,,,,0.0,596.9466666666667,,,,,0.158,,,,,,,,,7.0,,,16.0,12.0,,,,,0.378,,,,,,,,,,,17,,Undrafted,,184,,,,,,,,,,,,,78.94,,7.0,,,,,,,,,,,Undrafted,37,,,,,,,,,,Undrafted,,,0.0,,,,31,,,,,63,,,,,0.444,,,,,0.365,,,,-1.5,,22.0,,,,2.0,,,,,,,0.0,,,94.72,,,,3.2,,,54.0,,37,,,94.72,,,0.0,106.2,-1.5,,,0.556,,,,,0.0,0.838,,,,,,0.55,,,,,,59,107.5,,3,21.9,,,,,104.7,,,,,,,,,,2.0,,,,,0.065,,,,8.0,,,,,0,,,,0.352,,,,,,,,,,0.571,,,142,,,,,0.455,,,,,,,,,6,,,,22.0,,,,,,3.0,0.0,,,,,,,,,26.056338028169016
376,Eric Montross,20,48,1998,1317,DET,1610612765,26.0,,,,,0.147,,0.427,,,,,,,,,,,49.0,,,,33.0,,,,0.0,,80.0,,,,5.0,,,,,,,,,0,,92.22,,,,,,North Carolina,,,,,,,0.588,,,,,,199,,,0.0,3,USA,,,,0.0,,,,,,,,,,,,,,,,,,,,69,,,20.0,,,,0.172,,,,,,0.0,,,,93.0,,484.3,,,,1.3,,,0.099,,0.0,0.257,86.0,,,0.35,,,,,,,,,,,,,,,,,,,,,,0,,,,,105.9,,0.0,,,,,,0.0,,,,,,,0.124,,,,0.0,,,0.424,,,,,,,14.4,,,,,,,,84.0,,,,,,,,,,,,270.0,,,,,,0.0,,,,,,,,,,,,,,35.0,,,14.4,,,,-12.5,,,,,,,,,,,,,,,,,,,,,,,,,,,,,,,,,,,,,,,,,0.0,127,,,,,,,,,,,,,0.126,,,,0.0,,93.8,,,,,,,,,,-170,,,,,,0.38,,,,,,,,,,,,,,,0.0,29,,,,,0.152,0,,,,,,,,692.6716666666666,,,,,0.025,,,,,,,,,0.0,,,0.0,9.0,,,,,0.417,,,,,,,,,,,13,,9,,138,,,,,,,,,,,,,76.37,,29.0,,,,,,,,,,,1994,130,,,,,,,,,,1,,,,,,,16,,,,,61,,,,,0.424,,,,,0.0,,,,-12.0,,0.0,,,,7.0,,,,,,,0.0,,,91.65,,,,3.0,,,0.0,,40,,,91.65,,,,105.9,-12.0,,,0.0,,,,,,0.4,,,,,,0.57,,,,,,11,105.5,,27,5.4,,,,,93.8,,,,,,,,,,5.0,,,,,0.199,,,,0.0,,,,,0,,,,0.0,,,,,,,,,,0.0,,,144,,,,,0.0,,,,,,,,,10,,,,47.0,,,,,,5.0,0.0,,,,,,,,,27.77777777777778
785,Eric Murdock,55,82,1998,2616,MIA,1610612748,30.0,,,,,0.058,,0.52,,,,,,,1.0,,,,71.0,,,,89.0,,,,2.0,,127.0,,,,25.0,,,,,,,,,28,,89.46,,,0.0,,,Providence,,,,,,,0.528,,,,,,156,,,25.0,0,USA,,,,74.0,,,,,2.0,,,,,,,,,,,,,,,39,,,61.0,,,,0.382,,,,,,0.2,,,,100.3,,1266.7,,,,2.2,,,0.029,,1.0,0.443,142.0,,,0.475,,,,,,,,,,,,,,,,,,,,,,91,,,,,98.0,,1.0,,,,,,3.0,,,,,,,0.196,,,,0.308,,,0.456,,,,,,,12.8,,,,,,,,73.0,,,,,,,,,,,,200.0,,,,,,15.0,,,,,,,,,,,,,,79.0,,,12.8,,,,2.1,,,,,,,,,,,,,,,,,,,,,1.0,,,,,,,,,,,,,,,,,,0.0,,19.0,173,,,,,,,,,,,,,0.202,,,,0.222,,99.4,,,,,,,,,,31,,,,,,2.11,,,,,,,,,,,,,,,6.0,104,,,,,0.36,0,,,,,,,0.0,1396.7033333333334,,,,,0.284,,,,,,,,,9.0,,,15.0,35.0,,,,,0.671,,,,,,,,,,,103,,21,,507,,,,,,,,,,,,,74.98,,123.0,,,,,,,,,,,1991,117,,,,,,,,,,1,,,1.0,,,,125,,,,,177,,,,,0.422,,,,,0.338,,,,1.3,,48.0,,,,29.0,,,,,,,0.0,,,89.97,,,,5.1,,,50.0,,156,,,89.97,,,0.0,98.0,1.3,,,0.167,,,,,0.5,0.801,,,,,,0.5,,,,,,219,98.2,,13,26.9,,,,,99.4,,,,,,,,,,32.0,,,,,0.087,,,,10.0,,,,,0,,,,0.38,,,,,,,,,,0.4,,,419,,,,,0.313,,,,,,,,,28,,,,67.0,,,,,,47.0,0.0,,,,,,,,,37.23150357995227
15,Eric Piatkowski,15,67,1998,3441,LAC,1610612746,27.0,,,,,0.067,,0.591,,,,,,,0.0,,,,103.0,,,,40.0,,,,8.0,,161.0,,,,41.0,,,,,,,,,106,,95.09,,,0.0,,,Nebraska,,,,,,,0.627,,,,,,236,,,84.0,0,USA,,,,213.0,,,,,3.0,,,,,,,,,,,,,,,70,,,40.0,,,,0.25,,,,,,0.512,,,,100.0,,1279.7,,,,3.8,,,0.039,,1.0,0.374,174.0,,,0.275,,,,,,,,,,,,,,,,,,,,,,259,,,,,108.9,,14.0,,,,,,22.0,,,,,,,0.18,,,,0.409,,,0.546,,,,,,,9.9,,,,,,,,79.0,,,,,,,,,,,,215.0,,,,,,57.0,,,,,,,,,,,,,,99.0,,,9.9,,,,-8.3,,,,,,,,,,,,,,,,,,,,,1.0,,,,,,,,,,,,,,,,,,0.0,,54.0,137,,,,,,,,,,,,,0.184,,,,0.727,,100.7,,,,,,,,,,-250,,,,,,1.06,,,,,,,,,,,,,,,32.0,80,,,,,0.35,2,,,,,,,0.0,1740.6233333333332,,,,,0.084,,,,,,,,,11.0,,,43.0,37.0,,,,,0.224,,,,,,,,,,,51,,15,,760,,,,,,,,,,,,,78.72,,52.0,,,,,,,,,,,1994,166,,,,,,,,,,1,,,0.0,,,,140,,,,,257,,,,,0.452,,,,,0.394,,,,-8.2,,148.0,,,,11.0,,,,,,,0.0,,,94.46,,,,8.5,,,121.0,,170,,,94.46,,,0.0,108.9,-8.2,,,0.438,,,,,0.333,0.824,,,,,,0.592,,,,,,85,108.3,,12,10.5,,,,,100.7,,,,,,,,,,14.0,,,,,0.097,,,,17.0,,,,,0,,,,0.446,,,,,,,,,,0.415,,,568,,,,,0.385,,,,,,,,,25,,,,101.0,,,,,,13.0,0.0,,,,,,,,,29.929577464788732
35,Eric Riley,10,39,1998,1050,DAL,1610612742,28.0,,,,,0.127,,0.461,,,,,,,0.0,,,,22.0,,,,17.0,,,,0.0,,36.0,,,,49.0,,,,,,,,,0,,92.34,,,0.0,,,Michigan,,,,,,,0.583,,,,,,133,,,0.0,1,USA,,,,1.0,,,,,0.0,,,,,,,,,,,,,,,43,,,26.0,,,,0.4,,,,,,0.0,,,,99.2,,477.6,,,,1.4,,,0.081,,0.0,0.346,40.0,,,0.269,,,,,,,,,,,,,,,,,,,,,,1,,,,,103.5,,0.0,,,,,,0.0,,,,,,,0.157,,,,0.0,,,0.415,,,,,,,17.6,,,,,,,,84.0,,,,,,,,,,,,245.0,,,,,,0.0,,,,,,,,,,,,,,78.0,,,17.5,,,,-6.4,,,,,,,,,,,,,,,,,,,,,0.0,,,,,,,,,,,,,,,,,,0.0,,1.0,80,,,,,,,,,,,,,0.16,,,,0.0,,99.0,,,,,,,,,,-57,,,,,,0.59,,,,,,,,,,,,,,,0.0,37,,,,,0.529,0,,,,,,,0.0,542.6266666666667,,,,,0.065,,,,,,,,,0.0,,,0.0,27.0,,,,,0.256,,,,,,,,,,,15,,33,,139,,,,,,,,,,,,,77.77,,20.0,,,,,,,,,,,1993,90,,,,,,,,,,2,,,0.0,,,,27,,,,,56,,,,,0.415,,,,,0.0,,,,-4.4,,0.0,,,,7.0,,,,,,,0.0,,,93.32,,,,3.5,,,3.0,,36,,,93.32,,,0.0,103.5,-4.4,,,0.0,,,,,0.0,0.75,,,,,,0.55,,,,,,22,105.6,,46,10.4,,,,,99.0,,,,,,,,,,9.0,,,,,0.173,,,,17.0,,,,,0,,,,0.333,,,,,,,,,,0.347,,,135,,,,,0.0,,,,,,,,,8,,,,21.0,,,,,,8.0,0.0,,,,,,,,,26.666666666666668
727,Eric Snow,35,64,1998,1793,PHI,1610612755,25.0,,,,,0.046,,0.486,,,,,,,2.0,,,,38.0,,,,14.0,,,,0.0,,55.0,,,,49.0,,,,,,,,,2,,92.79,,,0.0,,,Michigan State,,,,,,,0.691,,,,,,81,,,2.0,0,USA,,,,17.0,,,,,0.0,,,,,,,,,,,,,,,19,,,39.0,,,,0.37,,,,,,0.0,,,,100.6,,703.7,,,,1.2,,,0.021,,1.0,0.341,58.0,,,0.359,,,,,,,,,,,,,,,,,,,,,,17,,,,,98.8,,0.0,,,,,,0.0,,,,,,,0.134,,,,0.118,,,0.435,,,,,,,13.8,,,,,,,,75.0,,,,,,,,,,,,204.0,,,,,,1.0,,,,,,,,,,,,,,85.0,,,13.8,,,,-0.1,,,,,,,,,,,,,,,,,,,,,0.0,,,,,,,,,,,,,,,,,,0.0,,3.0,114,,,,,,,,,,,,,0.14,,,,0.0,,98.2,,,,,,,,,,-59,,,,,,2.81,,,,,,,,,,,,,,,0.0,63,,,,,0.357,0,,,,,,,0.0,920.3116666666666,,,,,0.317,,,,,,,,,0.0,,,0.0,29.0,,,,,0.547,,,,,,,,,,,60,,43,,209,,,,,,,,,,,,,79.02,,27.0,,,,,,,,,,,1995,62,,,,,,,,,,2,,,0.0,,,,49,,,,,79,,,,,0.429,,,,,0.118,,,,-0.5,,10.0,,,,14.0,,,,,,,0.0,,,94.82,,,,2.9,,,11.0,,71,,,94.82,,,0.0,98.8,-0.5,,,0.0,,,,,0.0,0.69,,,,,,0.655,,,,,,177,100.7,,5,38.9,,,,,98.2,,,,,,,,,,5.0,,,,,0.07,,,,18.0,,,,,0,,,,0.273,,,,,,,,,,0.367,,,184,,,,,0.1,,,,,,,,,10,,,,38.0,,,,,,10.0,0.0,,,,,,,,,38.58695652173913
1540,Eric Washington,7,66,1998,2988,DEN,1610612743,24.0,,,,,0.042,,0.478,,,,,,,0.0,,,,62.0,,,,27.0,,,,9.0,,102.0,,,,111.0,,,,,,,,,44,,93.69,,,0.0,,,Alabama,,,,,,,0.608,,,,,,127,,,32.0,1,USA,,,,100.0,,,,,0.0,,,,,,,,,,,,,,,47,,,51.0,,,,0.533,,,,,,0.306,,,,92.9,,942.4,,,,3.0,,,0.03,,0.0,0.348,103.0,,,0.392,,,,,,,,,,,,,,,,,,,,,,137,,,,,110.8,,2.0,,,,,,11.0,,,,,,,0.173,,,,0.321,,,0.448,,,,,,,10.5,,,,,,,,76.0,,,,,,,,,,,,190.0,,,,,,16.0,,,,,,,,,,,,,,230.0,,,10.5,,,,-18.2,,,,,,,,,,,,,,,,,,,,,0.0,,,,,,,,,,,,,,,,,,0.0,,54.0,143,,,,,,,,,,,,,0.176,,,,0.321,,93.5,,,,,,,,,,-522,,,,,,1.08,,,,,,,,,,,,,,,8.0,72,,,,,0.481,0,,,,,,,0.0,1534.885,,,,,0.093,,,,,,,,,28.0,,,36.0,80.0,,,,,0.106,,,,,,,,,,,53,,46,,511,,,,,,,,,,,,,77.91,,30.0,,,,,,,,,,,1997,80,,,,,,,,,,2,,,0.0,,,,65,,,,,201,,,,,0.404,,,,,0.32,,,,-17.4,,57.0,,,,20.0,,,,,,,0.0,,,93.49,,,,7.5,,,149.0,,83,,,93.49,,,0.0,110.8,-17.4,,,0.25,,,,,0.0,0.783,,,,,,0.602,,,,,,78,111.1,,25,11.4,,,,,93.5,,,,,,,,,,13.0,,,,,0.055,,,,36.0,,,,,0,,,,0.362,,,,,,,,,,0.324,,,498,,,,,0.281,,,,,,,,,29,,,,62.0,,,,,,16.0,0.0,,,,,,,,,16.666666666666668
677,Eric Williams,0,4,1998,294,DEN,1610612743,25.0,,,,,0.074,,0.489,,,,,,,,,,,10.0,,,,8.0,,,,0.0,,21.0,,,,8.0,,,,,,,,,0,,98.62,,,,,,Providence,,,,,,,0.429,,,,,,21,,,0.0,0,USA,,,,0.0,,,,,0.0,,,,,,,,,,,,,,,10,,,19.0,,,,0.4,,,,,,0.0,,,,99.4,,125.2,,,,6.0,,,0.061,,0.0,0.36,22.0,,,0.316,,,,,,,,,,,,,,,,,,,,,,0,,,,,108.0,,0.0,,,,,,0.0,,,,,,,0.254,,,,0.0,,,0.393,,,,,,,8.8,,,,,,,,80.0,,,,,,,,,,,,220.0,,,,,,0.0,,,,,,,,,,,,,,25.0,,,8.9,,,,-7.6,,,,,,,,,,,,,,,,,,,,,0.0,,,,,,,,,,,,,,,,,,,,2.0,9,,,,,,,,,,,,,0.257,,,,0.0,,102.4,,,,,,,,,,-11,,,,,,1.33,,,,,,,,,,,,,,,0.0,9,,,,,0.5,0,,,,,,,,144.705,,,,,0.143,,,,,,,,,0.0,,,0.0,9.0,,,,,0.0,,,,,,,,,,,4,,14,,79,,,,,,,,,,,,,80.58,,15.0,,,,,,,,,,,1995,11,,,,,,,,,,1,,,,,,,31,,,,,24,,,,,0.393,,,,,0.0,,,,-5.6,,0.0,,,,6.0,,,,,,,0.0,,,96.69,,,,15.3,,,4.0,,45,,,96.69,,,,108.0,-5.6,,,0.0,,,,,0.0,0.689,,,,,,0.455,,,,,,12,107.0,,0,11.9,,,,,102.4,,,,,,,,,,4.0,,,,,0.092,,,,2.0,,,,,0,,,,0.5,,,,,,,,,,0.25,,,61,,,,,0.0,,,,,,,,,5,,,,9.0,,,,,,6.0,0.0,,,,,,,,,73.77049180327869
956,Erick Dampier,19,82,1998,5126,GSW,1610612744,22.0,,,,,0.131,,0.502,,,,,,,0.0,,,,262.0,,,,169.0,,,,0.0,,399.0,,,,37.0,,,,,,,,,0,,92.9,,,0.0,,,Mississippi State,,,,,,,0.604,,,,,,715,,,0.0,0,USA,,,,2.0,,,,,0.0,,,,,,,,,,,,,,,272,,,116.0,,,,0.286,,,,,,0.0,,,,94.1,,2329.0,,,,4.3,,,0.098,,0.0,0.282,467.0,,,0.284,,,,,,,,,,,,,,,,,,,,,,2,,,,,104.3,,0.0,,,,,,0.0,,,,,,,0.189,,,,0.0,,,0.445,,,,,,,14.2,,,,,,,,83.0,,,,,,,,,,,,265.0,,,,,,0.0,,,,,,,,,,,,,,177.0,,,14.1,,,,-10.1,,,,,,,,,,,,,,,,,,,,,0.0,,,,,,,,,,,,,,,,,,0.0,,0.0,281,,,,,,,,,,,,,0.191,,,,0.0,,94.6,,,,,,,,,,-508,,,,,,0.54,,,,,,,,,,,,,,,0.0,175,,,,,0.254,29,,,,,,,0.0,2658.675,,,,,0.06,,,,,,,,,0.0,,,0.0,50.0,,,,,0.232,,,,,,,,,,,39,,10,,971,,,,,,,,,,,,,77.18,,213.0,,,,,,,,,,,1996,443,,,,,,,,,,1,,,0.0,,,,267,,,,,352,,,,,0.445,,,,,0.0,,,,-9.7,,2.0,,,,33.0,,,,,,,0.0,,,92.62,,,,9.6,,,0.0,,399,,,92.62,,,0.0,104.3,-9.7,,,0.0,,,,,0.0,0.669,,,,,,0.561,,,,,,94,104.2,,139,7.6,,,,,94.6,,,,,,,,,,43.0,,,,,0.165,,,,14.0,,,,,0,,,,0.0,,,,,,,,,,0.378,,,791,,,,,0.0,,,,,,,,,89,,,,241.0,,,,,,61.0,0.0,,,,,,,,,50.442477876106196
1065,Erick Strickland,17,67,1998,2924,DAL,1610612742,24.0,,,,,0.053,,0.429,,,,,,,0.0,,,,41.0,,,,46.0,,,,7.0,,93.0,,,,149.0,,,,,,,,,48,,93.46,,,0.0,,,Nebraska,,,,,,,0.441,,,,,,161,,,39.0,0,USA,,,,125.0,,,,,0.0,,,,,,,,,,,,,,,35,,,87.0,,,,0.371,,,,,,0.281,,,,96.8,,1040.7,,,,3.0,,,0.022,,0.0,0.354,94.0,,,0.391,,,,,,,,,,,,,,,,,,,,,,163,,,,,104.0,,2.0,,,,,,9.0,,,,,,,0.21,,,,0.294,,,0.4,,,,,,,12.2,,,,,,,,75.0,,,,,,,,,,,,210.0,,,,,,22.0,,,,,,,,,,,,,,246.0,,,12.2,,,,-7.4,,,,,,,,,,,,,,,,,,,,,0.0,,,,,,,,,,,,,,,,,,0.0,,35.0,140,,,,,,,,,,,,,0.214,,,,0.318,,96.7,,,,,,,,,,-224,,,,,,1.58,,,,,,,,,,,,,,,10.0,106,,,,,0.37,0,,,,,,,0.0,1502.17,,,,,0.187,,,,,,,,,22.0,,,32.0,87.0,,,,,0.254,,,,,,,,,,,56,,Undrafted,,511,,,,,,,,,,,,,77.98,,62.0,,,,,,,,,,,Undrafted,126,,,,,,,,,,Undrafted,,,0.0,,,,65,,,,,199,,,,,0.357,,,,,0.312,,,,-7.3,,69.0,,,,34.0,,,,,,,0.0,,,93.58,,,,8.3,,,113.0,,84,,,93.58,,,0.0,104.0,-7.3,,,0.2,,,,,0.0,0.774,,,,,,0.436,,,,,,167,104.2,,8,19.2,,,,,96.7,,,,,,,,,,17.0,,,,,0.086,,,,50.0,,,,,0,,,,0.31,,,,,,,,,,0.336,,,558,,,,,0.319,,,,,,,,,26,,,,41.0,,,,,,23.0,0.0,,,,,,,,,15.053763440860216
911,Ervin Johnson,35,81,1998,4308,MIL,1610612749,30.0,,,,,0.165,,0.564,,,,,,,0.0,,,,201.0,,,,103.0,,,,0.0,,303.0,,,,10.0,,,,,,,,,0,,92.58,,,0.0,,,New Orleans,,,,,,,0.644,,,,,,685,,,0.0,2,USA,,,,0.0,,,,,0.0,,,,,,,,,,,,,,,242,,,29.0,,,,0.347,,,,,,0.0,,,,101.4,,2153.5,,,,3.1,,,0.116,,0.0,0.34,329.0,,,0.31,,,,,,,,,,,,,,,,,,,,,,0,,,,,103.2,,0.0,,,,,,0.0,,,,,,,0.14,,,,0.0,,,0.537,,,,,,,15.6,,,,,,,,83.0,,,,,,,,,,,,245.0,,,,,,0.0,,,,,,,,,,,,,,50.0,,,15.5,,,,-1.3,,,,,,,,,,,,,,,,,,,,,0.0,,,,,,,,,,,,,,,,,,0.0,,0.0,321,,,,,,,,,,,,,0.141,,,,0.0,,102.2,,,,,,,,,,-88,,,,,,0.5,,,,,,,,,,,,,,,0.0,117,,,,,0.379,16,,,,,,,0.0,2259.85,,,,,0.04,,,,,,,,,0.0,,,0.0,17.0,,,,,0.432,,,,,,,,,,,79,,23,,649,,,,,,,,,,,,,76.62,,118.0,,,,,,,,,,,1993,443,,,,,,,,,,1,,,0.0,,,,143,,,,,253,,,,,0.537,,,,,0.0,,,,-1.0,,0.0,,,,9.0,,,,,,,0.0,,,91.95,,,,5.8,,,0.0,,238,,,91.95,,,0.0,103.2,-1.0,,,0.0,,,,,0.0,0.601,,,,,,0.611,,,,,,59,102.7,,158,7.8,,,,,102.2,,,,,,,,,,39.0,,,,,0.213,,,,4.0,,,,,0,,,,0.0,,,,,,,,,,0.4,,,471,,,,,0.0,,,,,,,,,45,,,,195.0,,,,,,41.0,0.0,,,,,,,,,50.530785562632694
1564,Etdrick Bohannon,5,5,1998,27,IND,1610612754,25.0,,,,,0.0,,0.0,,,,,,,,,,,0.0,,,,1.0,,,,,,0.0,,,,0.0,,,,,,,,,0,,107.88,,,,,,Auburn-Montgomery,,,,,,,0.0,,,,,,6,,,,0,USA,,,,,,,,,,,,,,,,,,,,,,,,2,,,3.0,,,,0.0,,,,,,,,,,55.3,,11.7,,,,0.0,,,0.125,,,0.0,0.0,,,0.0,,,,,,,,,,,,,,,,,,,,,,0,,,,,60.7,,,,,,,,,,,,,,,0.233,,,,0.0,,,0.0,,,,,,,37.5,,,,,,,,81.0,,,,,,,,,,,,220.0,,,,,,,,,,,,,,,,,,,,2.0,,,37.5,,,,-20.6,,,,,,,,,,,,,,,,,,,,,,,,,,,,,,,,,,,,,,,,,0.0,3,,,,,,,,,,,,,0.256,,,,,,51.9,,,,,,,,,,-3,,,,,,0.33,,,,,,,,,,,,,,,,3,,,,,0.0,0,,,,,,,,10.616666666666667,,,,,0.143,,,,,,,,,,,,,0.0,,,,,1.0,,,,,,,,,,,0,,Undrafted,,0,,,,,,,,,,,,,103.61,,2.0,,,,,,,,,,,Undrafted,4,,,,,,,,,,Undrafted,,,,,,,0,,,,,0,,,,,0.0,,,,,,,,,-8.9,,,,,,0.0,,,,,,,,,,124.33,,,,0.8,,,0.0,,0,,,124.33,,,,60.7,-8.9,,,,,,,,,0.0,,,,,,0.0,,,,,,1,75.9,,2,12.5,,,,,51.9,,,,,,,,,,0.0,,,,,0.0,,,,0.0,,,,,0,,,,0.0,,,,,,,,,,0.0,,,4,,,,,,,,,,,,,,2,,,,0.0,,,,,,0.0,,,,,,,,,,0.0
280,Felton Spencer,17,68,1998,1620,GSW,1610612744,30.0,,,,,0.131,,0.495,,,,,,,0.0,,,,44.0,,,,23.0,,,,0.0,,75.0,,,,3.0,,,,,,,,,0,,94.89,,,0.0,,,Louisville,,,,,,,0.533,,,,,,226,,,0.0,0,USA,,,,0.0,,,,,0.0,,,,,,,,,,,,,,,93,,,16.0,,,,0.306,,,,,,0.0,,,,89.7,,589.7,,,,0.9,,,0.103,,0.0,0.444,87.0,,,0.438,,,,,,,,,,,,,,,,,,,,,,0,,,,,99.1,,0.0,,,,,,0.0,,,,,,,0.111,,,,0.0,,,0.457,,,,,,,21.3,,,,,,,,84.0,,,,,,,,,,,,265.0,,,,,,0.0,,,,,,,,,,,,,,18.0,,,21.3,,,,-11.1,,,,,,,,,,,,,,,,,,,,,0.0,,,,,,,,,,,,,,,,,,0.0,,0.0,175,,,,,,,,,,,,,0.114,,,,0.0,,89.0,,,,,,,,,,-172,,,,,,0.35,,,,,,,,,,,,,,,0.0,49,,,,,0.261,0,,,,,,,0.0,811.2433333333333,,,,,0.033,,,,,,,,,0.0,,,0.0,8.0,,,,,0.25,,,,,,,,,,,23,,6,,162,,,,,,,,,,,,,80.07,,36.0,,,,,,,,,,,1990,133,,,,,,,,,,1,,,0.0,,,,44,,,,,59,,,,,0.457,,,,,0.0,,,,-10.1,,0.0,,,,7.0,,,,,,,0.0,,,96.09,,,,1.9,,,0.0,,79,,,96.09,,,0.0,99.1,-10.1,,,0.0,,,,,0.0,0.557,,,,,,0.506,,,,,,17,100.8,,37,7.4,,,,,89.0,,,,,,,,,,6.0,,,,,0.161,,,,2.0,,,,,0,,,,0.0,,,,,,,,,,0.667,,,129,,,,,0.0,,,,,,,,,15,,,,40.0,,,,,,11.0,0.0,,,,,,,,,61.24031007751938
697,Fred Hoiberg,45,65,1998,1653,IND,1610612754,25.0,,,,,0.074,,0.517,,,,,,,0.0,,,,25.0,,,,5.0,,,,1.0,,48.0,,,,44.0,,,,,,,,,32,,89.52,,,0.0,,,Iowa State,,,,,,,0.521,,,,,,123,,,28.0,0,USA,,,,72.0,,,,,0.0,,,,,,,,,,,,,,,14,,,12.0,,,,0.0,,,,,,0.308,,,,96.9,,583.1,,,,1.3,,,0.018,,0.0,0.333,50.0,,,0.25,,,,,,,,,,,,,,,,,,,,,,85,,,,,95.6,,3.0,,,,,,4.0,,,,,,,0.145,,,,0.376,,,0.455,,,,,,,6.9,,,,,,,,76.0,,,,,,,,,,,,203.0,,,,,,19.0,,,,,,,,,,,,,,84.0,,,6.9,,,,1.4,,,,,,,,,,,,,,,,,,,,,0.0,,,,,,,,,,,,,,,,,,0.0,,23.0,101,,,,,,,,,,,,,0.15,,,,0.25,,95.2,,,,,,,,,,-1,,,,,,2.05,,,,,,,,,,,,,,,9.0,22,,,,,0.2,0,,,,,,,0.0,877.6083333333333,,,,,0.089,,,,,,,,,4.0,,,13.0,28.0,,,,,0.692,,,,,,,,,,,40,,52,,261,,,,,,,,,,,,,75.23,,5.0,,,,,,,,,,,1995,109,,,,,,,,,,2,,,0.0,,,,59,,,,,85,,,,,0.383,,,,,0.389,,,,-0.3,,42.0,,,,3.0,,,,,,,0.0,,,90.27,,,,3.4,,,69.0,,69,,,90.27,,,0.0,95.6,-0.3,,,0.333,,,,,0.0,0.855,,,,,,0.5,,,,,,45,95.5,,3,14.1,,,,,95.2,,,,,,,,,,1.0,,,,,0.125,,,,14.0,,,,,0,,,,0.333,,,,,,,,,,0.318,,,222,,,,,0.452,,,,,,,,,13,,,,25.0,,,,,,0.0,0.0,,,,,,,,,31.08108108108108
202,Gary Grant,11,22,1998,699,POR,1610612757,33.0,,,,,0.065,,0.529,,,,,,,1.0,,,,21.0,,,,1.0,,,,0.0,,31.0,,,,16.0,,,,,,,,,7,,92.73,,,0.0,,,Michigan,,,,,,,0.677,,,,,,48,,,7.0,0,USA,,,,18.0,,,,,1.0,,,,,,,,,,,,,,,8,,,10.0,,,,1.0,,,,,,0.0,,,,97.7,,321.6,,,,2.0,,,0.021,,0.0,0.3,31.0,,,0.6,,,,,,,,,,,,,,,,,,,,,,19,,,,,96.7,,0.0,,,,,,0.0,,,,,,,0.15,,,,0.368,,,0.5,,,,,,,11.6,,,,,,,,75.0,,,,,,,,,,,,185.0,,,,,,1.0,,,,,,,,,,,,,,40.0,,,11.6,,,,0.2,,,,,,,,,,,,,,,,,,,,,0.0,,,,,,,,,,,,,,,,,,0.0,,12.0,30,,,,,,,,,,,,,0.154,,,,0.0,,97.4,,,,,,,,,,3,,,,,,3.5,,,,,,,,,,,,,,,0.0,24,,,,,1.0,0,,,,,,,0.0,360.54833333333335,,,,,0.389,,,,,,,,,1.0,,,1.0,12.0,,,,,0.5,,,,,,,,,,,17,,15,,105,,,,,,,,,,,,,77.66,,3.0,,,,,,,,,,,1988,40,,,,,,,,,,1,,,0.0,,,,12,,,,,43,,,,,0.462,,,,,0.389,,,,0.7,,3.0,,,,6.0,,,,,,,0.0,,,93.19,,,,4.2,,,30.0,,14,,,93.19,,,0.0,96.7,0.7,,,0.0,,,,,0.0,0.857,,,,,,0.677,,,,,,84,97.4,,2,40.6,,,,,97.4,,,,,,,,,,1.0,,,,,0.11,,,,2.0,,,,,0,,,,0.4,,,,,,,,,,0.125,,,93,,,,,0.333,,,,,,,,,5,,,,21.0,,,,,,3.0,0.0,,,,,,,,,15.053763440860216
56,Gary Payton,61,82,1998,5982,SEA,1610612760,29.0,,,,,0.062,,0.544,,,,,,,1.0,,,,338.0,,,,105.0,,,,14.0,,528.0,,,,101.0,,,,,,,,,134,,92.21,,,0.0,,,Oregon State,,,,,,,0.616,,,,,,376,,,106.0,1,USA,,,,307.0,,,,,3.0,,,,,,,,,,,,,,,77,,,80.0,,,,0.357,,,,,,0.307,,,,110.1,,3420.7,,,,7.1,,,0.026,,1.0,0.328,573.0,,,0.325,,,,,,,,,,,,,,,,,,,,,,397,,,,,100.6,,13.0,,,,,,27.0,,,,,,,0.243,,,,0.338,,,0.505,,,,,,,9.7,,,,,,,,76.0,,,,,,,,,,,,180.0,,,,,,59.0,,,,,,,,,,,,,,201.0,,,9.7,,,,10.3,,,,,,,,,,,,,,,,,,,,,1.0,,,,,,,,,,,,,,,,,,0.0,,83.0,195,,,,,,,,,,,,,0.246,,,,0.424,,111.1,,,,,,,,,,618,,,,,,2.97,,,,,,,,,,,,,,,55.0,229,,,,,0.343,28,,,,,,,0.0,3145.713333333333,,,,,0.361,,,,,,,,,33.0,,,88.0,66.0,,,,,0.744,,,,,,,,,,,185,,2,,1571,,,,,,,,,,,,,76.14,,154.0,,,,,,,,,,,1990,299,,,,,,,,,,1,,,0.0,,,,279,,,,,579,,,,,0.453,,,,,0.345,,,,10.5,,177.0,,,,26.0,,,,,,,0.0,,,91.37,,,,15.6,,,237.0,,375,,,91.37,,,0.0,100.6,10.5,,,0.236,,,,,0.333,0.744,,,,,,0.59,,,,,,679,99.7,,18,28.8,,,,,111.1,,,,,,,,,,36.0,,,,,0.097,,,,36.0,,,,,1,,,,0.35,,,,,,,,,,0.356,,,1278,,,,,0.333,,,,,,,,,74,,,,325.0,,,,,,55.0,0.0,,,,,,,,,29.342723004694836
718,Gary Trent,25,54,1998,2642,TOR,1610612761,23.0,,,,,0.124,,0.527,,,,,,,1.0,,,,151.0,,,,101.0,,,,2.0,,218.0,,,,71.0,,,,,,,,,4,,93.9,,,0.0,,,Ohio,,,,,,,0.633,,,,,,338,,,1.0,2,USA,,,,6.0,,,,,2.0,,,,,,,,,,,,,,,123,,,60.0,,,,0.393,,,,,,0.6,,,,98.6,,1235.6,,,,4.5,,,0.091,,0.0,0.333,243.0,,,0.367,,,,,,,,,,,,,,,,,,,,,,12,,,,,104.2,,1.0,,,,,,3.0,,,,,,,0.223,,,,0.333,,,0.481,,,,,,,12.3,,,,,,,,80.0,,,,,,,,,,,,250.0,,,,,,1.0,,,,,,,,,,,,,,153.0,,,12.3,,,,-5.7,,,,,,,,,,,,,,,,,,,,,0.0,,,,,,,,,,,,,,,,,,0.0,,8.0,161,,,,,,,,,,,,,0.228,,,,1.0,,99.1,,,,,,,,,,-141,,,,,,0.77,,,,,,,,,,,,,,,3.0,94,,,,,0.366,7,,,,,,,0.0,1355.4433333333334,,,,,0.1,,,,,,,,,2.0,,,5.0,51.0,,,,,0.463,,,,,,,,,,,35,,11,,630,,,,,,,,,,,,,78.07,,122.0,,,,,,,,,,,1995,215,,,,,,,,,,1,,,1.0,,,,144,,,,,241,,,,,0.477,,,,,0.167,,,,-5.1,,3.0,,,,22.0,,,,,,,0.0,,,93.68,,,,9.4,,,24.0,,212,,,93.68,,,0.0,104.2,-5.1,,,0.333,,,,,0.0,0.679,,,,,,0.621,,,,,,72,104.2,,27,9.4,,,,,99.1,,,,,,,,,,37.0,,,,,0.157,,,,22.0,,,,,0,,,,0.333,,,,,,,,,,0.31,,,505,,,,,0.333,,,,,,,,,47,,,,138.0,,,,,,48.0,0.0,,,,,,,,,41.98019801980198
248,George Lynch,19,82,1998,2919,VAN,1610612763,27.0,,,,,0.126,,0.526,,,,,,,3.0,,,,134.0,,,,52.0,,,,4.0,,222.0,,,,110.0,,,,,,,,,9,,93.42,,,0.0,,,North Carolina,,,,,,,0.586,,,,,,362,,,3.0,2,USA,,,,18.0,,,,,0.0,,,,,,,,,,,,,,,147,,,78.0,,,,0.333,,,,,,0.6,,,,100.7,,1447.4,,,,3.0,,,0.101,,0.0,0.435,231.0,,,0.397,,,,,,,,,,,,,,,,,,,,,,30,,,,,103.8,,2.0,,,,,,6.0,,,,,,,0.202,,,,0.3,,,0.489,,,,,,,12.8,,,,,,,,80.0,,,,,,,,,,,,228.0,,,,,,1.0,,,,,,,,,,,,,,207.0,,,12.8,,,,-3.2,,,,,,,,,,,,,,,,,,,,,0.0,,,,,,,,,,,,,,,,,,0.0,,14.0,161,,,,,,,,,,,,,0.207,,,,0.571,,99.9,,,,,,,,,,-122,,,,,,1.17,,,,,,,,,,,,,,,3.0,104,,,,,0.288,1,,,,,,,0.0,1495.705,,,,,0.146,,,,,,,,,7.0,,,10.0,90.0,,,,,0.232,,,,,,,,,,,65,,12,,616,,,,,,,,,,,,,78.16,,57.0,,,,,,,,,,,1993,215,,,,,,,,,,1,,,2.0,,,,111,,,,,248,,,,,0.481,,,,,0.167,,,,-3.9,,11.0,,,,31.0,,,,,,,0.0,,,93.79,,,,6.3,,,31.0,,158,,,93.79,,,0.0,103.8,-3.9,,,0.667,,,,,0.0,0.703,,,,,,0.58,,,,,,122,103.8,,41,15.0,,,,,99.9,,,,,,,,,,15.0,,,,,0.153,,,,53.0,,,,,0,,,,0.452,,,,,,,,,,0.482,,,516,,,,,0.091,,,,,,,,,49,,,,130.0,,,,,,19.0,0.0,,,,,,,,,30.62015503875969
45,George McCloud,39,63,1998,2414,PHX,1610612756,31.0,,,,,0.09,,0.507,,,,,,,0.0,,,,46.0,,,,16.0,,,,12.0,,76.0,,,,71.0,,,,,,,,,71,,95.03,,,0.0,,,Florida State,,,,,,,0.592,,,,,,218,,,49.0,1,USA,,,,147.0,,,,,1.0,,,,,,,,,,,,,,,45,,,25.0,,,,0.368,,,,,,0.349,,,,101.4,,981.6,,,,2.7,,,0.037,,0.0,0.41,78.0,,,0.32,,,,,,,,,,,,,,,,,,,,,,208,,,,,97.1,,10.0,,,,,,22.0,,,,,,,0.184,,,,0.341,,,0.488,,,,,,,10.6,,,,,,,,80.0,,,,,,,,,,,,225.0,,,,,,20.0,,,,,,,,,,,,,,122.0,,,10.6,,,,3.3,,,,,,,,,,,,,,,,,,,,,0.0,,,,,,,,,,,,,,,,,,0.0,,62.0,132,,,,,,,,,,,,,0.188,,,,0.4,,101.3,,,,,,,,,,100,,,,,,1.33,,,,,,,,,,,,,,,33.0,63,,,,,0.438,3,,,,,,,0.0,1212.9366666666667,,,,,0.105,,,,,,,,,30.0,,,63.0,50.0,,,,,0.619,,,,,,,,,,,54,,7,,456,,,,,,,,,,,,,79.62,,19.0,,,,,,,,,,,1989,173,,,,,,,,,,1,,,0.0,,,,39,,,,,173,,,,,0.405,,,,,0.333,,,,4.2,,60.0,,,,8.0,,,,,,,0.0,,,95.55,,,,6.8,,,176.0,,51,,,95.55,,,0.0,97.1,4.2,,,0.303,,,,,0.0,0.765,,,,,,0.59,,,,,,84,98.1,,13,14.1,,,,,101.3,,,,,,,,,,7.0,,,,,0.145,,,,30.0,,,,,0,,,,0.352,,,,,,,,,,0.423,,,427,,,,,0.333,,,,,,,,,21,,,,45.0,,,,,,7.0,0.0,,,,,,,,,11.943793911007026
678,George Zidek,5,12,1998,144,SEA,1610612760,24.0,,,,,0.116,,0.402,,,,,,,0.0,,,,3.0,,,,6.0,,,,0.0,,11.0,,,,3.0,,,,,,,,,1,,102.5,,,,,,UCLA,,,,,,,0.273,,,,,,17,,,1.0,0,USA,,,,1.0,,,,,1.0,,,,,,,,,,,,,,,4,,,4.0,,,,0.143,,,,,,0.0,,,,88.9,,54.4,,,,0.6,,,0.056,,,0.222,13.0,,,0.0,,,,,,,,,,,,,,,,,,,,,,2,,,,,99.3,,0.0,,,,,,0.0,,,,,,,0.25,,,,0.5,,,0.259,,,,,,,9.5,,,,,,,,84.0,,,,,,,,,,,,250.0,,,,,,0.0,,,,,,,,,,,,,,9.0,,,9.3,,,,-13.0,,,,,,,,,,,,,,,,,,,,,1.0,,,,,,,,,,,,,,,,,,0.0,,1.0,10,,,,,,,,,,,,,0.264,,,,0.0,,82.6,,,,,,,,,,-23,,,,,,0.5,,,,,,,,,,,,,,,1.0,4,,,,,0.167,0,,,,,,,0.0,63.94833333333333,,,,,0.061,,,,,,,,,0.0,,,1.0,2.0,,,,,0.417,,,,,,,,,,,0,,22,,29,,,,,,,,,,,,,89.76,,7.0,,,,,,,,,,,1995,13,,,,,,,,,,1,,,,,,,14,,,,,7,,,,,0.241,,,,,1.0,,,,-16.7,,0.0,,,,0.0,,,,,,,,,,107.71,,,,2.4,,,2.0,,16,,,107.71,,,,99.3,-16.7,,,0.0,,,,,1.0,0.875,,,,,,0.231,,,,,,2,101.9,,2,4.7,,,,,82.6,,,,,,,,,,1.0,,,,,0.173,,,,1.0,,,,,0,,,,0.5,,,,,,,,,,0.333,,,29,,,,,0.0,,,,,,,,,4,,,,3.0,,,,,,1.0,,,,,,,,,,55.172413793103445
1666,Gerald Madkins,4,19,1998,466,GSW,1610612744,29.0,,,,,0.031,,0.499,,,,,,,1.0,,,,1.0,,,,2.0,,,,1.0,,2.0,,,,8.0,,,,,,,,,6,,90.52,,,0.0,,,UCLA,,,,,,,0.5,,,,,,15,,,5.0,0,USA,,,,13.0,,,,,,,,,,,,,,,,,,,,2,,,2.0,,,,0.0,,,,,,0.5,,,,95.2,,151.5,,,,0.7,,,0.008,,0.0,0.4,2.0,,,0.0,,,,,,,,,,,,,,,,,,,,,,15,,,,,97.0,,0.0,,,,,,1.0,,,,,,,0.09,,,,0.4,,,0.471,,,,,,,13.7,,,,,,,,76.0,,,,,,,,,,,,200.0,,,,,,3.0,,,,,,,,,,,,,,15.0,,,13.7,,,,-3.1,,,,,,,,,,,,,,,,,,,,,,,,,,,,,,,,,,,,,,,0.0,,6.0,18,,,,,,,,,,,,,0.094,,,,0.5,,93.3,,,,,,,,,,-14,,,,,,3.46,,,,,,,,,,,,,,,0.0,13,,,,,0.5,0,,,,,,,0.0,242.31833333333333,,,,,0.31,,,,,,,,,2.0,,,2.0,6.0,,,,,0.211,,,,,,,,,,,13,,Undrafted,,37,,,,,,,,,,,,,76.68,,2.0,,,,,,,,,,,Undrafted,13,,,,,,,,,,Undrafted,,,0.0,,,,5,,,,,13,,,,,0.382,,,,,0.385,,,,-3.6,,7.0,,,,0.0,,,,,,,0.0,,,92.01,,,,1.8,,,12.0,,7,,,92.01,,,0.0,97.0,-3.6,,,0.0,,,,,,0.714,,,,,,0.5,,,,,,45,98.3,,1,47.4,,,,,93.3,,,,,,,,,,1.0,,,,,0.057,,,,2.0,,,,,0,,,,0.5,,,,,,,,,,0.25,,,34,,,,,0.429,,,,,,,,,0,,,,1.0,,,,,,0.0,0.0,,,,,,,,,20.58823529411765
786,Gerald Wilkins,35,72,1998,2297,ORL,1610612753,34.0,,,,,0.037,,0.398,,,,,,,1.0,,,,65.0,,,,53.0,,,,4.0,,122.0,,,,63.0,,,,,,,,,29,,88.87,,,0.0,,,Tennessee-Chattanooga,,,,,,,0.516,,,,,,90,,,24.0,0,USA,,,,79.0,,,,,1.0,,,,,,,,,,,,,,,16,,,48.0,,,,0.221,,,,,,0.148,,,,94.9,,646.0,,,,2.0,,,0.012,,0.0,0.255,131.0,,,0.104,,,,,,,,,,,,,,,,,,,,,,109,,,,,103.2,,0.0,,,,,,4.0,,,,,,,0.204,,,,0.266,,,0.358,,,,,,,12.5,,,,,,,,78.0,,,,,,,,,,,,225.0,,,,,,15.0,,,,,,,,,,,,,,137.0,,,12.4,,,,-7.8,,,,,,,,,,,,,,,,,,,,,0.0,,,,,,,,,,,,,,,,,,0.0,,23.0,78,,,,,,,,,,,,,0.206,,,,0.267,,96.3,,,,,,,,,,-145,,,,,,0.99,,,,,,,,,,,,,,,12.0,79,,,,,0.264,0,,,,,,,0.0,1250.138333333333,,,,,0.112,,,,,,,,,15.0,,,27.0,35.0,,,,,0.486,,,,,,,,,,,34,,47,,380,,,,,,,,,,,,,73.29,,68.0,,,,,,,,,,,1985,74,,,,,,,,,,2,,,1.0,,,,69,,,,,141,,,,,0.325,,,,,0.304,,,,-6.9,,38.0,,,,5.0,,,,,,,0.0,,,87.95,,,,6.0,,,99.0,,98,,,87.95,,,0.0,103.2,-6.9,,,0.0,,,,,0.0,0.704,,,,,,0.496,,,,,,78,102.7,,6,12.3,,,,,96.3,,,,,,,,,,14.0,,,,,0.065,,,,19.0,,,,,0,,,,0.232,,,,,,,,,,0.302,,,434,,,,,0.395,,,,,,,,,35,,,,63.0,,,,,,15.0,0.0,,,,,,,,,22.580645161290324
779,Glen Rice,51,82,1998,6250,CHH,1610612766,31.0,,,,,0.058,,0.568,,,,,,,1.0,,,,201.0,,,,157.0,,,,18.0,,306.0,,,,274.0,,,,,,,,,130,,91.18,,,0.0,,,Michigan,,,,,,,0.637,,,,,,353,,,101.0,4,USA,,,,228.0,,,,,0.0,,,,,,,,,,,,,,,89,,,166.0,,,,0.301,,,,,,0.406,,,,105.4,,2637.6,,,,7.7,,,0.03,,1.0,0.424,326.0,,,0.313,,,,,,,,,,,,,,,,,,,,,,300,,,,,103.2,,10.0,,,,,,28.0,,,,,,,0.248,,,,0.433,,,0.504,,,,,,,9.2,,,,,,,,80.0,,,,,,,,,,,,220.0,,,,,,46.0,,,,,,,,,,,,,,609.0,,,9.3,,,,2.1,,,,,,,,,,,,,,,,,,,,,0.0,,,,,,,,,,,,,,,,,,0.0,,166.0,200,,,,,,,,,,,,,0.253,,,,0.419,,105.8,,,,,,,,,,169,,,,,,1.0,,,,,,,,,,,,,,,26.0,182,,,,,0.318,2,,,,,,,0.0,3292.8083333333334,,,,,0.099,,,,,,,,,43.0,,,69.0,258.0,,,,,0.622,,,,,,,,,,,77,,4,,1826,,,,,,,,,,,,,75.88,,173.0,,,,,,,,,,,1989,264,,,,,,,,,,1,,,1.0,,,,428,,,,,634,,,,,0.457,,,,,0.443,,,,2.6,,102.0,,,,52.0,,,,,,,0.0,,,91.06,,,,16.9,,,359.0,,504,,,91.06,,,0.0,103.2,2.6,,,0.385,,,,,0.0,0.849,,,,,,0.617,,,,,,182,103.3,,22,9.3,,,,,105.8,,,,,,,,,,50.0,,,,,0.087,,,,119.0,,,,,0,,,,0.462,,,,,,,,,,0.434,,,1386,,,,,0.451,,,,,,,,,62,,,,195.0,,,,,,52.0,0.0,,,,,,,,,36.36363636363637
299,Glenn Robinson,29,56,1998,4398,MIL,1610612749,25.0,,,,,0.072,,0.522,,,,,,,2.0,,,,117.0,,,,141.0,,,,1.0,,176.0,,,,383.0,,,,,,,,,25,,92.66,,,0.0,,,Purdue,,,,,,,0.614,,,,,,307,,,24.0,2,USA,,,,62.0,,,,,0.0,,,,,,,,,,,,,,,82,,,324.0,,,,0.441,,,,,,0.333,,,,102.6,,2022.4,,,,9.5,,,0.039,,1.0,0.45,192.0,,,0.448,,,,,,,,,,,,,,,,,,,,,,65,,,,,102.1,,0.0,,,,,,1.0,,,,,,,0.286,,,,0.385,,,0.481,,,,,,,12.4,,,,,,,,79.0,,,,,,,,,,,,230.0,,,,,,17.0,,,,,,,,,,,,,,691.0,,,12.4,,,,0.9,,,,,,,,,,,,,,,,,,,,,0.0,,,,,,,,,,,,,,,,,,0.0,,20.0,164,,,,,,,,,,,,,0.289,,,,0.5,,103.4,,,,,,,,,,54,,,,,,0.79,,,,,,,,,,,,,,,1.0,200,,,,,0.411,2,,,,,,,0.0,2292.725,,,,,0.132,,,,,,,,,2.0,,,3.0,311.0,,,,,0.518,,,,,,,,,,,69,,1,,1308,,,,,,,,,,,,,76.73,,204.0,,,,,,,,,,,1994,225,,,,,,,,,,1,,,0.0,,,,215,,,,,534,,,,,0.47,,,,,0.387,,,,1.2,,42.0,,,,145.0,,,,,,,0.0,,,92.08,,,,20.3,,,51.0,,266,,,92.08,,,0.0,102.1,1.2,,,0.0,,,,,0.0,0.808,,,,,,0.609,,,,,,158,101.7,,34,9.8,,,,,103.4,,,,,,,,,,58.0,,,,,0.104,,,,177.0,,,,,0,,,,0.392,,,,,,,,,,0.462,,,1136,,,,,0.405,,,,,,,,,70,,,,108.0,,,,,,90.0,0.0,,,,,,,,,23.41549295774648
1539,God Shammgod,8,20,1998,322,WAS,1610612764,22.0,,,,,0.021,,0.428,,,,,,,1.0,,,,13.0,,,,7.0,,,,0.0,,32.0,,,,9.0,,,,,,,,,0,,103.92,,,,,,Providence,,,,,,,0.406,,,,,,7,,,0.0,0,USA,,,,2.0,,,,,0.0,,,,,,,,,,,,,,,2,,,3.0,,,,0.2,,,,,,0.0,,,,93.9,,126.4,,,,1.0,,,0.011,,0.0,0.286,34.0,,,0.333,,,,,,,,,,,,,,,,,,,,,,2,,,,,97.8,,0.0,,,,,,0.0,,,,,,,0.249,,,,0.0,,,0.328,,,,,,,16.4,,,,,,,,72.0,,,,,,,,,,,,169.0,,,,,,0.0,,,,,,,,,,,,,,14.0,,,16.3,,,,-6.2,,,,,,,,,,,,,,,,,,,,,0.0,,,,,,,,,,,,,,,,,,0.0,,0.0,27,,,,,,,,,,,,,0.256,,,,0.0,,93.2,,,,,,,,,,-12,,,,,,1.71,,,,,,,,,,,,,,,0.0,21,,,,,0.143,0,,,,,,,0.0,145.74166666666667,,,,,0.419,,,,,,,,,0.0,,,0.0,4.0,,,,,0.4,,,,,,,,,,,7,,45,,61,,,,,,,,,,,,,87.96,,10.0,,,,,,,,,,,1997,5,,,,,,,,,,2,,,,,,,23,,,,,19,,,,,0.328,,,,,0.0,,,,-4.6,,1.0,,,,1.0,,,,,,,0.0,,,105.56,,,,2.9,,,3.0,,30,,,105.56,,,,97.8,-4.6,,,0.0,,,,,0.0,0.767,,,,,,0.382,,,,,,36,100.1,,1,27.9,,,,,93.2,,,,,,,,,,1.0,,,,,0.032,,,,4.0,,,,,0,,,,0.0,,,,,,,,,,0.444,,,58,,,,,0.0,,,,,,,,,11,,,,13.0,,,,,,2.0,0.0,,,,,,,,,51.724137931034484
255,Grant Hill,36,81,1998,6193,DET,1610612765,25.0,,,,,0.099,,0.52,,,,,,,2.0,,,,317.0,,,,169.0,,,,0.0,,484.0,,,,364.0,,,,,,,,,3,,90.67,,,0.0,,,Duke,,,,,,,0.647,,,,,,623,,,3.0,0,USA,,,,19.0,,,,,3.0,,,,,,,,,,,,,,,93,,,267.0,,,,0.357,,,,,,0.0,,,,103.9,,3589.1,,,,7.6,,,0.03,,0.0,0.347,500.0,,,0.326,,,,,,,,,,,,,,,,,,,,,,21,,,,,101.5,,0.0,,,,,,0.0,,,,,,,0.27,,,,0.143,,,0.453,,,,,,,11.5,,,,,,,,80.0,,,,,,,,,,,,225.0,,,,,,1.0,,,,,,,,,,,,,,657.0,,,11.4,,,,3.3,,,,,,,,,,,,,,,,,,,,,0.0,,,,,,,,,,,,,,,,,,0.0,,14.0,196,,,,,,,,,,,,,0.272,,,,0.0,,104.6,,,,,,,,,,216,,,,,,1.93,,,,,,,,,,,,,,,1.0,285,,,,,0.343,36,,,,,,,0.0,3296.89,,,,,0.309,,,,,,,,,0.0,,,1.0,228.0,,,,,0.444,,,,,,,,,,,143,,3,,1712,,,,,,,,,,,,,74.98,,199.0,,,,,,,,,,,1994,530,,,,,,,,,,1,,,1.0,,,,479,,,,,615,,,,,0.452,,,,,0.158,,,,3.1,,10.0,,,,87.0,,,,,,,0.0,,,89.98,,,,16.8,,,46.0,,647,,,89.98,,,0.0,101.5,3.1,,,0.0,,,,,0.0,0.74,,,,,,0.634,,,,,,551,100.6,,53,22.1,,,,,104.6,,,,,,,,,,58.0,,,,,0.169,,,,138.0,,,,,4,,,,0.304,,,,,,,,,,0.379,,,1361,,,,,0.1,,,,,,,,,84,,,,313.0,,,,,,71.0,0.0,,,,,,,,,47.538574577516535
3,Grant Long,19,40,1998,1361,DET,1610612765,32.0,,,,,0.105,,0.496,,,,,,,,,,,29.0,,,,13.0,,,,0.0,,48.0,,,,31.0,,,,,,,,,0,,88.47,,,,,,Eastern Michigan,,,,,,,0.604,,,,,,150,,,0.0,3,USA,,,,4.0,,,,,0.0,,,,,,,,,,,,,,,57,,,20.0,,,,0.235,,,,,,0.0,,,,100.7,,459.5,,,,1.3,,,0.078,,0.0,0.354,48.0,,,0.15,,,,,,,,,,,,,,,,,,,,,,4,,,,,100.7,,0.0,,,,,,0.0,,,,,,,0.103,,,,0.0,,,0.427,,,,,,,11.6,,,,,,,,81.0,,,,,,,,,,,,248.0,,,,,,0.0,,,,,,,,,,,,,,48.0,,,11.5,,,,1.2,,,,,,,,,,,,,,,,,,,,,0.0,,,,,,,,,,,,,,,,,,,,1.0,91,,,,,,,,,,,,,0.105,,,,0.0,,100.4,,,,,,,,,,-4,,,,,,1.14,,,,,,,,,,,,,,,0.0,22,,,,,0.308,0,,,,,,,,741.7266666666667,,,,,0.056,,,,,,,,,0.0,,,0.0,17.0,,,,,0.475,,,,,,,,,,,29,,33,,141,,,,,,,,,,,,,73.37,,17.0,,,,,,,,,,,1988,93,,,,,,,,,,2,,,,,,,41,,,,,50,,,,,0.427,,,,,0.0,,,,-0.4,,3.0,,,,3.0,,,,,,,0.0,,,88.04,,,,2.9,,,2.0,,57,,,88.04,,,,100.7,-0.4,,,0.0,,,,,0.0,0.719,,,,,,0.604,,,,,,25,99.5,,12,13.1,,,,,100.4,,,,,,,,,,4.0,,,,,0.133,,,,13.0,,,,,0,,,,0.5,,,,,,,,,,0.419,,,117,,,,,0.0,,,,,,,,,12,,,,29.0,,,,,,4.0,0.0,,,,,,,,,48.717948717948715
246,Greg Anderson,31,50,1998,811,ATL,1610612737,34.0,,,,,0.148,,0.444,,,,,,,1.0,,,,35.0,,,,4.0,,,,0.0,,68.0,,,,0.0,,,,,,,,,0,,98.23,,,0.0,,,Houston,,,,,,,0.515,,,,,,118,,,0.0,0,USA,,,,5.0,,,,,1.0,,,,,,,,,,,,,,,39,,,3.0,,,,0.0,,,,,,0.0,,,,102.7,,322.1,,,,0.7,,,0.095,,0.0,0.2,68.0,,,0.333,,,,,,,,,,,,,,,,,,,,,,5,,,,,109.5,,0.0,,,,,,0.0,,,,,,,0.122,,,,0.0,,,0.444,,,,,,,13.0,,,,,,,,82.0,,,,,,,,,,,,250.0,,,,,,0.0,,,,,,,,,,,,,,5.0,,,13.0,,,,-6.7,,,,,,,,,,,,,,,,,,,,,0.0,,,,,,,,,,,,,,,,,,0.0,,0.0,85,,,,,,,,,,,,,0.126,,,,0.0,,101.8,,,,,,,,,,-70,,,,,,0.88,,,,,,,,,,,,,,,0.0,17,,,,,0.0,0,,,,,,,0.0,396.605,,,,,0.056,,,,,,,,,0.0,,,0.0,1.0,,,,,0.62,,,,,,,,,,,19,,23,,88,,,,,,,,,,,,,82.15,,3.0,,,,,,,,,,,1987,79,,,,,,,,,,1,,,0.0,,,,16,,,,,36,,,,,0.444,,,,,0.0,,,,-7.7,,2.0,,,,1.0,,,,,,,0.0,,,98.58,,,,1.6,,,2.0,,41,,,98.58,,,0.0,109.5,-7.7,,,0.0,,,,,0.0,0.39,,,,,,0.515,,,,,,15,109.4,,10,11.5,,,,,101.8,,,,,,,,,,0.0,,,,,0.203,,,,0.0,,,,,0,,,,0.0,,,,,,,,,,0.0,,,81,,,,,0.0,,,,,,,,,8,,,,35.0,,,,,,0.0,0.0,,,,,,,,,50.617283950617285
21,Greg Anthony,60,80,1998,1963,SEA,1610612760,30.0,,,,,0.057,,0.545,,,,,,,1.0,,,,44.0,,,,26.0,,,,11.0,,81.0,,,,44.0,,,,,,,,,66,,92.46,,,0.0,,,UNLV,,,,,,,0.531,,,,,,111,,,43.0,1,USA,,,,105.0,,,,,0.0,,,,,,,,,,,,,,,18,,,12.0,,,,0.281,,,,,,0.431,,,,102.6,,969.7,,,,1.9,,,0.019,,0.0,0.418,89.0,,,0.583,,,,,,,,,,,,,,,,,,,,,,159,,,,,102.4,,11.0,,,,,,22.0,,,,,,,0.213,,,,0.415,,,0.524,,,,,,,13.4,,,,,,,,73.0,,,,,,,,,,,,180.0,,,,,,27.0,,,,,,,,,,,,,,79.0,,,13.3,,,,0.5,,,,,,,,,,,,,,,,,,,,,0.0,,,,,,,,,,,,,,,,,,0.0,,46.0,97,,,,,,,,,,,,,0.218,,,,0.423,,101.8,,,,,,,,,,-27,,,,,,2.25,,,,,,,,,,,,,,,25.0,91,,,,,0.346,0,,,,,,,0.0,1020.725,,,,,0.344,,,,,,,,,26.0,,,51.0,33.0,,,,,0.75,,,,,,,,,,,64,,12,,419,,,,,,,,,,,,,77.24,,32.0,,,,,,,,,,,1991,93,,,,,,,,,,1,,,1.0,,,,53,,,,,150,,,,,0.43,,,,,0.41,,,,-0.5,,59.0,,,,7.0,,,,,,,0.0,,,92.69,,,,4.4,,,118.0,,80,,,92.69,,,0.0,102.4,-0.5,,,0.44,,,,,0.0,0.663,,,,,,0.494,,,,,,205,102.1,,3,30.1,,,,,101.8,,,,,,,,,,9.0,,,,,0.093,,,,17.0,,,,,0,,,,0.39,,,,,,,,,,0.386,,,349,,,,,0.458,,,,,,,,,16,,,,43.0,,,,,,9.0,0.0,,,,,,,,,22.922636103151863
323,Greg Foster,58,78,1998,2716,UTA,1610612762,29.0,,,,,0.107,,0.483,,,,,,,0.0,,,,70.0,,,,36.0,,,,0.0,,132.0,,,,131.0,,,,,,,,,2,,90.91,,,0.0,,,Texas-El Paso,,,,,,,0.523,,,,,,273,,,0.0,1,USA,,,,4.0,,,,,,,,,,,,,,,,,,,,85,,,49.0,,,,0.308,,,,,,0.333,,,,109.7,,906.1,,,,2.4,,,0.07,,0.0,0.441,140.0,,,0.245,,,,,,,,,,,,,,,,,,,,,,9,,,,,107.4,,1.0,,,,,,1.0,,,,,,,0.168,,,,0.222,,,0.447,,,,,,,11.8,,,,,,,,83.0,,,,,,,,,,,,250.0,,,,,,0.0,,,,,,,,,,,,,,227.0,,,11.8,,,,2.9,,,,,,,,,,,,,,,,,,,,,,,,,,,,,,,,,,,,,,,0.0,,36.0,187,,,,,,,,,,,,,0.17,,,,0.0,,110.9,,,,,,,,,,97,,,,,,0.75,,,,,,,,,,,,,,,1.0,68,,,,,0.333,2,,,,,,,0.0,1445.7216666666666,,,,,0.054,,,,,,,,,2.0,,,3.0,100.0,,,,,0.744,,,,,,,,,,,15,,35,,441,,,,,,,,,,,,,75.15,,52.0,,,,,,,,,,,1990,188,,,,,,,,,,2,,,0.0,,,,67,,,,,186,,,,,0.445,,,,,0.0,,,,3.6,,0.0,,,,12.0,,,,,,,0.0,,,90.18,,,,5.4,,,62.0,,87,,,90.18,,,0.0,107.4,3.6,,,1.0,,,,,,0.77,,,,,,0.5,,,,,,51,106.8,,28,8.9,,,,,110.9,,,,,,,,,,12.0,,,,,0.141,,,,56.0,,,,,0,,,,0.581,,,,,,,,,,0.427,,,418,,,,,0.0,,,,,,,,,30,,,,69.0,,,,,,16.0,0.0,,,,,,,,,20.8133971291866
37,Greg Graham,5,6,1998,111,CLE,1610612739,27.0,,,,,0.011,,0.621,,,,,,,1.0,,,,1.0,,,,0.0,,,,0.0,,2.0,,,,6.0,,,,,,,,,0,,94.61,,,,,,Indiana,,,,,,,0.5,,,,,,1,,,0.0,0,USA,,,,2.0,,,,,,,,,,,,,,,,,,,,0,,,1.0,,,,1.0,,,,,,0.0,,,,86.5,,19.2,,,,1.2,,,0.0,,0.0,0.833,2.0,,,1.0,,,,,,,,,,,,,,,,,,,,,,3,,,,,100.0,,0.0,,,,,,0.0,,,,,,,0.181,,,,0.0,,,0.583,,,,,,,34.6,,,,,,,,76.0,,,,,,,,,,,,174.0,,,,,,0.0,,,,,,,,,,,,,,6.0,,,34.5,,,,-15.1,,,,,,,,,,,,,,,,,,,,,,,,,,,,,,,,,,,,,,,0.0,,0.0,7,,,,,,,,,,,,,0.194,,,,0.0,,86.5,,,,,,,,,,-17,,,,,,0.6,,,,,,,,,,,,,,,1.0,10,,,,,0.0,0,,,,,,,0.0,56.365,,,,,0.2,,,,,,,,,0.0,,,1.0,5.0,,,,,0.833,,,,,,,,,,,1,,17,,16,,,,,,,,,,,,,79.48,,1.0,,,,,,,,,,,1993,1,,,,,,,,,,1,,,,,,,2,,,,,7,,,,,0.583,,,,,0.0,,,,-13.5,,0.0,,,,1.0,,,,,,,0.0,,,95.38,,,,2.0,,,2.0,,2,,,95.38,,,,100.0,-13.5,,,0.0,,,,,,1.0,,,,,,0.5,,,,,,6,101.6,,0,20.7,,,,,86.5,,,,,,,,,,0.0,,,,,0.02,,,,5.0,,,,,0,,,,0.0,,,,,,,,,,0.833,,,12,,,,,0.0,,,,,,,,,0,,,,1.0,,,,,,1.0,0.0,,,,,,,,,16.666666666666668
65,Greg Minor,32,69,1998,2276,BOS,1610612738,26.0,,,,,0.068,,0.481,,,,,,,0.0,,,,49.0,,,,22.0,,,,0.0,,84.0,,,,62.0,,,,,,,,,6,,96.7,,,0.0,,,Louisville,,,,,,,0.56,,,,,,150,,,6.0,0,USA,,,,25.0,,,,,1.0,,,,,,,,,,,,,,,55,,,100.0,,,,0.439,,,,,,0.0,,,,101.5,,806.0,,,,2.0,,,0.047,,0.0,0.416,89.0,,,0.47,,,,,,,,,,,,,,,,,,,,,,31,,,,,99.6,,0.0,,,,,,0.0,,,,,,,0.148,,,,0.194,,,0.445,,,,,,,8.8,,,,,,,,78.0,,,,,,,,,,,,230.0,,,,,,2.0,,,,,,,,,,,,,,149.0,,,8.8,,,,-0.1,,,,,,,,,,,,,,,,,,,,,0.0,,,,,,,,,,,,,,,,,,0.0,,9.0,100,,,,,,,,,,,,,0.153,,,,0.0,,101.8,,,,,,,,,,20,,,,,,2.05,,,,,,,,,,,,,,,5.0,43,,,,,0.409,0,,,,,,,0.0,1126.93,,,,,0.117,,,,,,,,,1.0,,,6.0,62.0,,,,,0.464,,,,,,,,,,,53,,25,,345,,,,,,,,,,,,,81.3,,57.0,,,,,,,,,,,1994,95,,,,,,,,,,1,,,0.0,,,,59,,,,,140,,,,,0.436,,,,,0.24,,,,2.1,,13.0,,,,47.0,,,,,,,0.0,,,97.56,,,,4.7,,,34.0,,86,,,97.56,,,0.0,99.6,2.1,,,0.0,,,,,0.0,0.686,,,,,,0.551,,,,,,88,101.6,,11,18.1,,,,,101.8,,,,,,,,,,9.0,,,,,0.092,,,,24.0,,,,,0,,,,0.265,,,,,,,,,,0.387,,,321,,,,,0.154,,,,,,,,,27,,,,47.0,,,,,,25.0,0.0,,,,,,,,,26.79127725856698
731,Greg Ostertag,45,63,1998,2450,UTA,1610612762,25.0,,,,,0.153,,0.494,,,,,,,0.0,,,,110.0,,,,11.0,,,,0.0,,203.0,,,,7.0,,,,,,,,,0,,92.02,,,0.0,,,Kansas,,,,,,,0.532,,,,,,374,,,0.0,1,USA,,,,0.0,,,,,0.0,,,,,,,,,,,,,,,134,,,8.0,,,,0.174,,,,,,0.0,,,,105.7,,1189.3,,,,1.8,,,0.116,,0.0,0.231,213.0,,,0.25,,,,,,,,,,,,,,,,,,,,,,0,,,,,99.6,,0.0,,,,,,0.0,,,,,,,0.132,,,,0.0,,,0.481,,,,,,,18.5,,,,,,,,86.0,,,,,,,,,,,,280.0,,,,,,0.0,,,,,,,,,,,,,,13.0,,,18.4,,,,6.9,,,,,,,,,,,,,,,,,,,,,0.0,,,,,,,,,,,,,,,,,,0.0,,0.0,166,,,,,,,,,,,,,0.133,,,,0.0,,106.3,,,,,,,,,,160,,,,,,0.34,,,,,,,,,,,,,,,0.0,74,,,,,0.273,2,,,,,,,0.0,1287.9566666666667,,,,,0.029,,,,,,,,,0.0,,,0.0,3.0,,,,,0.714,,,,,,,,,,,28,,28,,297,,,,,,,,,,,,,76.14,,23.0,,,,,,,,,,,1995,240,,,,,,,,,,1,,,0.0,,,,67,,,,,115,,,,,0.481,,,,,0.0,,,,6.7,,0.0,,,,2.0,,,,,,,0.0,,,91.36,,,,3.8,,,0.0,,140,,,91.36,,,0.0,99.6,6.7,,,0.0,,,,,0.0,0.479,,,,,,0.516,,,,,,25,98.8,,132,6.2,,,,,106.3,,,,,,,,,,3.0,,,,,0.185,,,,0.0,,,,,0,,,,0.0,,,,,,,,,,0.0,,,239,,,,,0.0,,,,,,,,,34,,,,108.0,,,,,,4.0,0.0,,,,,,,,,58.57740585774059
165,Hakeem Olajuwon,26,47,1998,3181,HOU,1610612745,35.0,,,,,0.143,,0.531,,,,,,,0.0,,,,133.0,,,,134.0,,,,0.0,,193.0,,,,128.0,,,,,,,,,0,,94.54,,,0.0,,,Houston,,,,,,,0.611,,,,,,460,,,0.0,3,Nigeria,,,,3.0,,,,,0.0,,,,,,,,,,,,,,,116,,,150.0,,,,0.476,,,,,,0.0,,,,102.7,,1952.5,,,,6.5,,,0.076,,,0.408,218.0,,,0.433,,,,,,,,,,,,,,,,,,,,,,3,,,,,101.7,,0.0,,,,,,0.0,,,,,,,0.235,,,,0.0,,,0.483,,,,,,,12.7,,,,,,,,84.0,,,,,,,,,,,,255.0,,,,,,0.0,,,,,,,,,,,,,,294.0,,,12.7,,,,1.7,,,,,,,,,,,,,,,,,,,,,0.0,,,,,,,,,,,,,,,,,,0.0,,0.0,152,,,,,,,,,,,,,0.238,,,,0.0,,104.0,,,,,,,,,,67,,,,,,1.13,,,,,,,,,,,,,,,0.0,126,,,,,0.463,23,,,,,,,0.0,1632.145,,,,,0.159,,,,,,,,,0.0,,,0.0,120.0,,,,,0.553,,,,,,,,,,,84,,1,,772,,,,,,,,,,,,,78.06,,143.0,,,,,,,,,,,1984,344,,,,,,,,,,1,,,0.0,,,,160,,,,,306,,,,,0.483,,,,,0.0,,,,2.4,,1.0,,,,65.0,,,,,,,,,,93.67,,,,13.5,,,2.0,,212,,,93.67,,,0.0,101.7,2.4,,,0.0,,,,,0.0,0.755,,,,,,0.61,,,,,,143,101.0,,96,14.4,,,,,104.0,,,,,,,,,,62.0,,,,,0.204,,,,46.0,,,,,0,,,,0.0,,,,,,,,,,0.359,,,633,,,,,0.0,,,,,,,,,39,,,,118.0,,,,,,68.0,,,,,,,,,,33.4913112164297
1677,Harold Ellis,2,27,1998,678,DEN,1610612743,27.0,,,,,0.077,,0.591,,,,,,,0.0,,,,52.0,,,,14.0,,,,0.0,,80.0,,,,7.0,,,,,,,,,0,,94.16,,,0.0,,,Morehouse,,,,,,,0.65,,,,,,50,,,0.0,1,USA,,,,2.0,,,,,0.0,,,,,,,,,,,,,,,27,,,5.0,,,,0.667,,,,,,0.0,,,,98.3,,301.0,,,,2.3,,,0.076,,1.0,0.133,80.0,,,0.2,,,,,,,,,,,,,,,,,,,,,,4,,,,,104.7,,0.0,,,,,,0.0,,,,,,,0.201,,,,0.0,,,0.559,,,,,,,10.8,,,,,,,,77.0,,,,,,,,,,,,220.0,,,,,,0.0,,,,,,,,,,,,,,15.0,,,10.7,,,,-9.4,,,,,,,,,,,,,,,,,,,,,0.0,,,,,,,,,,,,,,,,,,0.0,,0.0,53,,,,,,,,,,,,,0.204,,,,0.0,,98.7,,,,,,,,,,-45,,,,,,0.95,,,,,,,,,,,,,,,1.0,19,,,,,0.5,0,,,,,,,0.0,342.28333333333336,,,,,0.105,,,,,,,,,1.0,,,2.0,2.0,,,,,0.074,,,,,,,,,,,19,,Undrafted,,164,,,,,,,,,,,,,79.47,,12.0,,,,,,,,,,,Undrafted,23,,,,,,,,,,Undrafted,,,0.0,,,,40,,,,,62,,,,,0.559,,,,,0.0,,,,-6.0,,0.0,,,,1.0,,,,,,,0.0,,,95.36,,,,4.1,,,4.0,,63,,,95.36,,,0.0,104.7,-6.0,,,0.0,,,,,0.0,0.635,,,,,,0.65,,,,,,18,107.8,,4,10.1,,,,,98.7,,,,,,,,,,7.0,,,,,0.079,,,,2.0,,,,,0,,,,0.0,,,,,,,,,,0.286,,,111,,,,,0.0,,,,,,,,,17,,,,52.0,,,,,,8.0,0.0,,,,,,,,,56.75675675675676
265,Harvey Grant,31,65,1998,1761,WAS,1610612764,32.0,,,,,0.091,,0.406,,,,,,,2.0,,,,22.0,,,,9.0,,,,0.0,,41.0,,,,88.0,,,,,,,,,1,,92.69,,,0.0,,,Oklahoma,,,,,,,0.537,,,,,,168,,,1.0,1,USA,,,,5.0,,,,,2.0,,,,,,,,,,,,,,,60,,,21.0,,,,0.385,,,,,,0.0,,,,99.6,,518.1,,,,1.2,,,0.065,,0.0,0.346,44.0,,,0.238,,,,,,,,,,,,,,,,,,,,,,6,,,,,100.6,,0.0,,,,,,0.0,,,,,,,0.116,,,,0.167,,,0.385,,,,,,,9.5,,,,,,,,81.0,,,,,,,,,,,,225.0,,,,,,0.0,,,,,,,,,,,,,,136.0,,,9.5,,,,-3.0,,,,,,,,,,,,,,,,,,,,,1.0,,,,,,,,,,,,,,,,,,0.0,,13.0,94,,,,,,,,,,,,,0.12,,,,0.0,,97.4,,,,,,,,,,-50,,,,,,1.5,,,,,,,,,,,,,,,1.0,26,,,,,0.556,1,,,,,,,0.0,891.5766666666667,,,,,0.067,,,,,,,,,0.0,,,1.0,47.0,,,,,0.477,,,,,,,,,,,23,,12,,170,,,,,,,,,,,,,78.85,,13.0,,,,,,,,,,,1988,108,,,,,,,,,,1,,,0.0,,,,19,,,,,75,,,,,0.383,,,,,0.2,,,,-3.2,,0.0,,,,5.0,,,,,,,0.0,,,94.62,,,,3.0,,,30.0,,30,,,94.62,,,0.0,100.6,-3.2,,,0.0,,,,,0.5,0.633,,,,,,0.5,,,,,,39,102.6,,15,14.2,,,,,97.4,,,,,,,,,,5.0,,,,,0.117,,,,29.0,,,,,0,,,,0.433,,,,,,,,,,0.33,,,196,,,,,0.0,,,,,,,,,11,,,,22.0,,,,,,5.0,0.0,,,,,,,,,15.306122448979592
1080,Henry James,16,28,1998,335,CLE,1610612739,32.0,,,,,0.048,,0.582,,,,,,,,,,,4.0,,,,1.0,,,,1.0,,4.0,,,,17.0,,,,,,,,,11,,93.95,,,,,,St. Mary's (TX),,,,,,,0.5,,,,,,15,,,7.0,0,USA,,,,17.0,,,,,,,,,,,,,,,,,,,,2,,,7.0,,,,0.667,,,,,,0.5,,,,101.6,,99.5,,,,0.9,,,0.012,,0.0,0.333,6.0,,,0.429,,,,,,,,,,,,,,,,,,,,,,25,,,,,100.6,,3.0,,,,,,4.0,,,,,,,0.213,,,,0.44,,,0.5,,,,,,,14.0,,,,,,,,80.0,,,,,,,,,,,,220.0,,,,,,3.0,,,,,,,,,,,,,,27.0,,,14.1,,,,-0.5,,,,,,,,,,,,,,,,,,,,,,,,,,,,,,,,,,,,,,,,,10.0,24,,,,,,,,,,,,,0.224,,,,0.5,,98.2,,,,,,,,,,-8,,,,,,0.42,,,,,,,,,,,,,,,6.0,12,,,,,0.0,0,,,,,,,,166.95833333333334,,,,,0.055,,,,,,,,,2.0,,,8.0,9.0,,,,,0.571,,,,,,,,,,,1,,Undrafted,,80,,,,,,,,,,,,,80.26,,3.0,,,,,,,,,,,Undrafted,13,,,,,,,,,,Undrafted,,,,,,,21,,,,,24,,,,,0.407,,,,,0.412,,,,-2.4,,11.0,,,,3.0,,,,,,,0.0,,,96.31,,,,2.1,,,17.0,,22,,,96.31,,,,100.6,-2.4,,,0.5,,,,,,0.955,,,,,,0.667,,,,,,5,102.2,,1,5.9,,,,,98.2,,,,,,,,,,0.0,,,,,0.086,,,,4.0,,,,,0,,,,0.588,,,,,,,,,,0.235,,,59,,,,,0.273,,,,,,,,,3,,,,2.0,,,,,,2.0,0.0,,,,,,,,,37.28813559322034
1006,Herb Williams,15,27,1998,331,NYK,1610612752,40.0,,,,,0.089,,0.398,,,,,,,0.0,,,,6.0,,,,8.0,,,,0.0,,6.0,,,,11.0,,,,,,,,,0,,89.46,,,0.0,,,Ohio State,,,,,,,0.667,,,,,,29,,,0.0,0,USA,,,,0.0,,,,,0.0,,,,,,,,,,,,,,,6,,,16.0,,,,0.5,,,,,,0.0,,,,92.9,,117.8,,,,0.7,,,0.036,,,0.345,8.0,,,0.313,,,,,,,,,,,,,,,,,,,,,,0,,,,,98.2,,0.0,,,,,,0.0,,,,,,,0.136,,,,0.0,,,0.419,,,,,,,9.0,,,,,,,,82.0,,,,,,,,,,,,242.0,,,,,,0.0,,,,,,,,,,,,,,29.0,,,9.1,,,,-7.7,,,,,,,,,,,,,,,,,,,,,0.0,,,,,,,,,,,,,,,,,,0.0,,0.0,34,,,,,,,,,,,,,0.144,,,,0.0,,90.6,,,,,,,,,,-29,,,,,,0.8,,,,,,,,,,,,,,,0.0,5,,,,,0.375,0,,,,,,,0.0,174.42333333333335,,,,,0.041,,,,,,,,,0.0,,,0.0,10.0,,,,,0.556,,,,,,,,,,,6,,14,,37,,,,,,,,,,,,,76.37,,8.0,,,,,,,,,,,1981,23,,,,,,,,,,1,,,0.0,,,,1,,,,,18,,,,,0.419,,,,,0.0,,,,-7.6,,0.0,,,,5.0,,,,,,,,,,91.64,,,,1.6,,,0.0,,8,,,91.64,,,0.0,98.2,-7.6,,,0.0,,,,,0.0,0.125,,,,,,0.75,,,,,,4,100.6,,9,7.3,,,,,90.6,,,,,,,,,,3.0,,,,,0.143,,,,4.0,,,,,0,,,,0.0,,,,,,,,,,0.364,,,43,,,,,0.0,,,,,,,,,1,,,,4.0,,,,,,4.0,,,,,,,,,,18.6046511627907
765,Hersey Hawkins,61,82,1998,4984,SEA,1610612760,31.0,,,,,0.066,,0.594,,,,,,,0.0,,,,93.0,,,,41.0,,,,16.0,,141.0,,,,82.0,,,,,,,,,125,,92.98,,,0.0,,,Bradley,,,,,,,0.624,,,,,,334,,,98.0,1,USA,,,,243.0,,,,,0.0,,,,,,,,,,,,,,,71,,,21.0,,,,0.367,,,,,,0.464,,,,110.2,,1987.3,,,,3.4,,,0.029,,1.0,0.34,151.0,,,0.19,,,,,,,,,,,,,,,,,,,,,,301,,,,,101.7,,10.0,,,,,,26.0,,,,,,,0.141,,,,0.415,,,0.539,,,,,,,9.7,,,,,,,,75.0,,,,,,,,,,,,200.0,,,,,,61.0,,,,,,,,,,,,,,147.0,,,9.8,,,,9.9,,,,,,,,,,,,,,,,,,,,,0.0,,,,,,,,,,,,,,,,,,0.0,,77.0,153,,,,,,,,,,,,,0.146,,,,0.444,,111.1,,,,,,,,,,485,,,,,,2.17,,,,,,,,,,,,,,,20.0,102,,,,,0.317,1,,,,,,,0.0,2595.938333333333,,,,,0.125,,,,,,,,,36.0,,,56.0,50.0,,,,,0.744,,,,,,,,,,,148,,6,,862,,,,,,,,,,,,,76.67,,49.0,,,,,,,,,,,1988,263,,,,,,,,,,1,,,0.0,,,,177,,,,,280,,,,,0.44,,,,,0.403,,,,9.4,,140.0,,,,4.0,,,,,,,0.0,,,92.0,,,,7.8,,,200.0,,204,,,92.0,,,0.0,101.7,9.4,,,0.5,,,,,0.0,0.868,,,,,,0.616,,,,,,221,100.4,,17,21.3,,,,,111.1,,,,,,,,,,13.0,,,,,0.102,,,,32.0,,,,,0,,,,0.385,,,,,,,,,,0.39,,,636,,,,,0.436,,,,,,,,,39,,,,88.0,,,,,,18.0,0.0,,,,,,,,,32.075471698113205
270,Horace Grant,38,76,1998,5199,ORL,1610612753,32.0,,,,,0.112,,0.488,,,,,,,0.0,,,,149.0,,,,40.0,,,,0.0,,223.0,,,,441.0,,,,,,,,,0,,89.83,,,0.0,,,Clemson,,,,,,,0.659,,,,,,618,,,0.0,2,USA,,,,7.0,,,,,0.0,,,,,,,,,,,,,,,228,,,111.0,,,,0.268,,,,,,0.0,,,,98.5,,2312.6,,,,5.2,,,0.082,,1.0,0.405,229.0,,,0.369,,,,,,,,,,,,,,,,,,,,,,7,,,,,100.7,,0.0,,,,,,0.0,,,,,,,0.167,,,,0.0,,,0.459,,,,,,,7.3,,,,,,,,82.0,,,,,,,,,,,,245.0,,,,,,0.0,,,,,,,,,,,,,,571.0,,,7.3,,,,-1.5,,,,,,,,,,,,,,,,,,,,,0.0,,,,,,,,,,,,,,,,,,0.0,,9.0,180,,,,,,,,,,,,,0.169,,,,0.0,,99.8,,,,,,,,,,-34,,,,,,1.95,,,,,,,,,,,,,,,0.0,88,,,,,0.2,13,,,,,,,0.0,2803.815,,,,,0.11,,,,,,,,,0.0,,,0.0,231.0,,,,,0.5,,,,,,,,,,,81,,10,,921,,,,,,,,,,,,,74.08,,56.0,,,,,,,,,,,1987,390,,,,,,,,,,1,,,0.0,,,,135,,,,,393,,,,,0.459,,,,,0.0,,,,-0.9,,5.0,,,,41.0,,,,,,,0.0,,,88.89,,,,11.3,,,30.0,,199,,,88.89,,,0.0,100.7,-0.9,,,0.0,,,,,0.0,0.678,,,,,,0.651,,,,,,172,100.0,,79,14.3,,,,,99.8,,,,,,,,,,8.0,,,,,0.144,,,,186.0,,,,,0,,,,0.3,,,,,,,,,,0.422,,,857,,,,,0.0,,,,,,,,,31,,,,147.0,,,,,,15.0,0.0,,,,,,,,,23.22053675612602
1024,Horacio Llamas,6,8,1998,97,PHX,1610612756,24.0,,,,,0.161,,0.472,,,,,,,,,,,3.0,,,,6.0,,,,0.0,,7.0,,,,1.0,,,,,,,,,1,,107.7,,,,,,Grand Canyon,,,,,,,0.429,,,,,,18,,,1.0,0,Mexico,,,,3.0,,,,,,,,,,,,,,,,,,,,4,,,3.0,,,,0.4,,,,,,0.0,,,,103.4,,50.1,,,,1.0,,,0.093,,,0.333,8.0,,,0.333,,,,,,,,,,,,,,,,,,,,,,3,,,,,81.4,,0.0,,,,,,0.0,,,,,,,0.315,,,,0.333,,,0.405,,,,,,,25.4,,,,,,,,83.0,,,,,,,,,,,,285.0,,,,,,1.0,,,,,,,,,,,,,,6.0,,,25.0,,,,20.3,,,,,,,,,,,,,,,,,,,,,,,,,,,,,,,,,,,,,,,,,0.0,14,,,,,,,,,,,,,0.331,,,,0.0,,99.0,,,,,,,,,,17,,,,,,0.11,,,,,,,,,,,,,,,0.0,9,,,,,0.333,0,,,,,,,,41.84166666666667,,,,,0.034,,,,,,,,,0.0,,,0.0,2.0,,,,,0.75,,,,,,,,,,,1,,Undrafted,,24,,,,,,,,,,,,,92.73,,5.0,,,,,,,,,,,Undrafted,14,,,,,,,,,,Undrafted,,,,,,,7,,,,,8,,,,,0.381,,,,,0.333,,,,17.5,,2.0,,,,1.0,,,,,,,,,,111.28,,,,2.6,,,1.0,,10,,,111.28,,,,81.4,17.5,,,0.0,,,,,,0.7,,,,,,0.375,,,,,,1,83.2,,3,2.8,,,,,99.0,,,,,,,,,,2.0,,,,,0.203,,,,1.0,,,,,0,,,,0.0,,,,,,,,,,1.0,,,21,,,,,0.5,,,,,,,,,4,,,,3.0,,,,,,2.0,,,,,,,,,,47.61904761904762
73,Hot Rod Williams,48,71,1998,2538,PHX,1610612756,35.0,,,,,0.117,,0.525,,,,,,,0.0,,,,57.0,,,,12.0,,,,0.0,,104.0,,,,42.0,,,,,,,,,0,,91.99,,,0.0,,,Tulane,,,,,,,0.548,,,,,,312,,,0.0,3,USA,,,,0.0,,,,,0.0,,,,,,,,,,,,,,,107,,,40.0,,,,0.263,,,,,,0.0,,,,105.6,,952.9,,,,1.3,,,0.085,,0.0,0.418,107.0,,,0.45,,,,,,,,,,,,,,,,,,,,,,0,,,,,97.6,,0.0,,,,,,0.0,,,,,,,0.094,,,,0.0,,,0.47,,,,,,,9.0,,,,,,,,83.0,,,,,,,,,,,,245.0,,,,,,0.0,,,,,,,,,,,,,,79.0,,,9.0,,,,8.6,,,,,,,,,,,,,,,,,,,,,0.0,,,,,,,,,,,,,,,,,,0.0,,0.0,138,,,,,,,,,,,,,0.096,,,,0.0,,104.8,,,,,,,,,,136,,,,,,1.69,,,,,,,,,,,,,,,0.0,29,,,,,0.333,0,,,,,,,0.0,1336.105,,,,,0.053,,,,,,,,,0.0,,,0.0,33.0,,,,,0.676,,,,,,,,,,,33,,45,,255,,,,,,,,,,,,,76.7,,19.0,,,,,,,,,,,1985,205,,,,,,,,,,2,,,0.0,,,,65,,,,,95,,,,,0.47,,,,,0.0,,,,7.2,,0.0,,,,18.0,,,,,,,0.0,,,92.04,,,,2.8,,,1.0,,93,,,92.04,,,0.0,97.6,7.2,,,0.0,,,,,0.0,0.699,,,,,,0.533,,,,,,49,96.9,,60,15.2,,,,,104.8,,,,,,,,,,4.0,,,,,0.145,,,,16.0,,,,,0,,,,0.0,,,,,,,,,,0.381,,,202,,,,,0.0,,,,,,,,,17,,,,57.0,,,,,,5.0,0.0,,,,,,,,,46.039603960396036
458,Howard Eisley,62,82,1998,3257,UTA,1610612762,25.0,,,,,0.052,,0.541,,,,,,,0.0,,,,77.0,,,,45.0,,,,4.0,,142.0,,,,98.0,,,,,,,,,48,,91.16,,,0.0,,,Boston College,,,,,,,0.514,,,,,,166,,,39.0,0,USA,,,,105.0,,,,,0.0,,,,,,,,,,,,,,,25,,,60.0,,,,0.48,,,,,,0.667,,,,105.6,,1392.2,,,,2.8,,,0.017,,2.0,0.395,152.0,,,0.467,,,,,,,,,,,,,,,,,,,,,,118,,,,,104.6,,4.0,,,,,,8.0,,,,,,,0.197,,,,0.407,,,0.487,,,,,,,14.7,,,,,,,,74.0,,,,,,,,,,,,180.0,,,,,,18.0,,,,,,,,,,,,,,185.0,,,14.7,,,,0.8,,,,,,,,,,,,,,,,,,,,,0.0,,,,,,,,,,,,,,,,,,0.0,,46.0,182,,,,,,,,,,,,,0.203,,,,0.571,,105.5,,,,,,,,,,7,,,,,,2.16,,,,,,,,,,,,,,,5.0,160,,,,,0.444,2,,,,,,,0.0,1719.325,,,,,0.347,,,,,,,,,7.0,,,12.0,73.0,,,,,0.756,,,,,,,,,,,54,,30,,633,,,,,,,,,,,,,76.02,,75.0,,,,,,,,,,,1994,141,,,,,,,,,,2,,,0.0,,,,127,,,,,229,,,,,0.441,,,,,0.371,,,,0.9,,43.0,,,,28.0,,,,,,,2.0,,,91.22,,,,6.3,,,119.0,,149,,,91.22,,,0.0,104.6,0.9,,,0.8,,,,,0.0,0.852,,,,,,0.507,,,,,,346,104.7,,13,31.9,,,,,105.5,,,,,,,,,,20.0,,,,,0.085,,,,38.0,,,,,0,,,,0.387,,,,,,,,,,0.388,,,519,,,,,0.419,,,,,,,,,37,,,,73.0,,,,,,36.0,1.0,,,,,,,,,28.709055876685934
93,Hubert Davis,20,81,1998,4593,DAL,1610612742,28.0,,,,,0.035,,0.549,,,,,,,0.0,,,,51.0,,,,45.0,,,,8.0,,100.0,,,,212.0,,,,,,,,,101,,92.95,,,0.0,,,North Carolina,,,,,,,0.48,,,,,,169,,,88.0,3,USA,,,,197.0,,,,,1.0,,,,,,,,,,,,,,,34,,,42.0,,,,0.433,,,,,,0.406,,,,98.6,,1393.8,,,,4.3,,,0.014,,0.0,0.463,107.0,,,0.357,,,,,,,,,,,,,,,,,,,,,,230,,,,,104.6,,5.0,,,,,,13.0,,,,,,,0.168,,,,0.439,,,0.522,,,,,,,8.3,,,,,,,,77.0,,,,,,,,,,,,183.0,,,,,,39.0,,,,,,,,,,,,,,378.0,,,8.3,,,,-6.9,,,,,,,,,,,,,,,,,,,,,0.0,,,,,,,,,,,,,,,,,,0.0,,126.0,117,,,,,,,,,,,,,0.173,,,,0.364,,99.6,,,,,,,,,,-265,,,,,,1.8,,,,,,,,,,,,,,,10.0,88,,,,,0.489,0,,,,,,,0.0,2382.5033333333336,,,,,0.114,,,,,,,,,22.0,,,32.0,175.0,,,,,0.247,,,,,,,,,,,43,,20,,898,,,,,,,,,,,,,77.37,,60.0,,,,,,,,,,,1992,135,,,,,,,,,,1,,,0.0,,,,97,,,,,350,,,,,0.456,,,,,0.447,,,,-5.1,,97.0,,,,15.0,,,,,,,0.0,,,92.85,,,,9.5,,,263.0,,116,,,92.85,,,0.0,104.6,-5.1,,,0.5,,,,,0.0,0.836,,,,,,0.477,,,,,,158,105.5,,5,15.0,,,,,99.6,,,,,,,,,,22.0,,,,,0.057,,,,97.0,,,,,0,,,,0.479,,,,,,,,,,0.458,,,767,,,,,0.402,,,,,,,,,31,,,,48.0,,,,,,26.0,0.0,,,,,,,,,15.123859191655802
1134,Ike Austin,40,78,1998,4359,LAC,1610612746,28.0,,,,,0.126,,0.512,,,,,,,0.0,,,,251.0,,,,151.0,,,,0.0,,383.0,,,,127.0,,,,,,,,,0,,92.75,,,0.0,,,Arizona State,,,,,,,0.637,,,,,,557,,,0.0,0,USA,,,,6.0,,,,,0.0,,,,,,,,,,,,,,,199,,,144.0,,,,0.292,,,,,,0.0,,,,102.0,,2130.9,,,,5.2,,,0.09,,0.0,0.364,415.0,,,0.361,,,,,,,,,,,,,,,,,,,,,,8,,,,,104.5,,0.0,,,,,,0.0,,,,,,,0.246,,,,0.0,,,0.466,,,,,,,14.6,,,,,,,,82.0,,,,,,,,,,,,270.0,,,,,,0.0,,,,,,,,,,,,,,302.0,,,14.5,,,,-2.5,,,,,,,,,,,,,,,,,,,,,0.0,,,,,,,,,,,,,,,,,,0.0,,8.0,231,,,,,,,,,,,,,0.248,,,,0.0,,102.8,,,,,,,,,,-107,,,,,,0.85,,,,,,,,,,,,,,,0.0,206,,,,,0.285,19,,,,,,,0.0,2274.116666666667,,,,,0.14,,,,,,,,,2.0,,,2.0,110.0,,,,,0.513,,,,,,,,,,,61,,48,,1055,,,,,,,,,,,,,76.95,,178.0,,,,,,,,,,,1991,358,,,,,,,,,,2,,,0.0,,,,243,,,,,406,,,,,0.466,,,,,0.0,,,,-1.7,,5.0,,,,52.0,,,,,,,0.0,,,92.34,,,,11.2,,,29.0,,363,,,92.34,,,0.0,104.5,-1.7,,,0.0,,,,,0.0,0.669,,,,,,0.605,,,,,,175,104.5,,56,12.3,,,,,102.8,,,,,,,,,,43.0,,,,,0.162,,,,52.0,,,,,0,,,,0.276,,,,,,,,,,0.409,,,871,,,,,0.0,,,,,,,,,56,,,,244.0,,,,,,52.0,0.0,,,,,,,,,41.676234213547644
375,Isaiah Rider,41,74,1998,5334,POR,1610612757,27.0,,,,,0.064,,0.514,,,,,,,1.0,,,,157.0,,,,147.0,,,,4.0,,238.0,,,,206.0,,,,,,,,,135,,92.4,,,0.0,,,UNLV,,,,,,,0.626,,,,,,346,,,110.0,2,USA,,,,339.0,,,,,2.0,,,,,,,,,,,,,,,99,,,186.0,,,,0.376,,,,,,0.233,,,,102.2,,2254.7,,,,7.4,,,0.038,,1.0,0.427,260.0,,,0.376,,,,,,,,,,,,,,,,,,,,,,420,,,,,101.1,,6.0,,,,,,10.0,,,,,,,0.257,,,,0.321,,,0.475,,,,,,,10.2,,,,,,,,77.0,,,,,,,,,,,,215.0,,,,,,38.0,,,,,,,,,,,,,,504.0,,,10.2,,,,1.8,,,,,,,,,,,,,,,,,,,,,0.0,,,,,,,,,,,,,,,,,,0.0,,129.0,188,,,,,,,,,,,,,0.263,,,,0.25,,103.0,,,,,,,,,,94,,,,,,1.24,,,,,,,,,,,,,,,27.0,187,,,,,0.388,3,,,,,,,0.0,2793.2833333333333,,,,,0.153,,,,,,,,,16.0,,,43.0,215.0,,,,,0.554,,,,,,,,,,,55,,5,,1458,,,,,,,,,,,,,76.45,,178.0,,,,,,,,,,,1993,247,,,,,,,,,,1,,,0.0,,,,221,,,,,551,,,,,0.423,,,,,0.324,,,,2.0,,122.0,,,,70.0,,,,,,,0.0,,,91.75,,,,17.6,,,377.0,,267,,,91.75,,,0.0,101.1,2.0,,,0.222,,,,,0.0,0.828,,,,,,0.604,,,,,,231,100.4,,19,12.7,,,,,103.0,,,,,,,,,,57.0,,,,,0.088,,,,100.0,,,,,0,,,,0.342,,,,,,,,,,0.485,,,1302,,,,,0.311,,,,,,,,,58,,,,149.0,,,,,,67.0,0.0,,,,,,,,,20.506912442396313
1096,Ivano Newbill,4,28,1998,500,VAN,1610612763,27.0,,,,,0.133,,0.413,,,,,,,0.0,,,,14.0,,,,14.0,,,,0.0,,28.0,,,,4.0,,,,,,,,,1,,95.83,,,0.0,,,Georgia Tech,,,,,,,0.5,,,,,,69,,,1.0,0,USA,,,,1.0,,,,,,,,,,,,,,,,,,,,24,,,9.0,,,,0.286,,,,,,0.0,,,,92.3,,176.3,,,,0.7,,,0.089,,0.0,0.071,29.0,,,0.111,,,,,,,,,,,,,,,,,,,,,,1,,,,,98.2,,0.0,,,,,,0.0,,,,,,,0.149,,,,1.0,,,0.36,,,,,,,17.7,,,,,,,,82.0,,,,,,,,,,,,245.0,,,,,,1.0,,,,,,,,,,,,,,14.0,,,17.5,,,,-9.5,,,,,,,,,,,,,,,,,,,,,,,,,,,,,,,,,,,,,,,0.0,,0.0,38,,,,,,,,,,,,,0.152,,,,0.0,,92.6,,,,,,,,,,-35,,,,,,0.53,,,,,,,,,,,,,,,0.0,17,,,,,0.286,0,,,,,,,0.0,248.055,,,,,0.06,,,,,,,,,0.0,,,0.0,1.0,,,,,0.143,,,,,,,,,,,10,,,,58,,,,,,,,,,,,,81.19,,14.0,,,,,,,,,,,1994,45,,,,,,,,,,,,,0.0,,,,17,,,,,20,,,,,0.351,,,,,1.0,,,,-5.6,,1.0,,,,1.0,,,,,,,0.0,,,97.43,,,,2.0,,,0.0,,30,,,97.43,,,0.0,98.2,-5.6,,,0.0,,,,,,0.567,,,,,,0.483,,,,,,9,101.8,,3,9.3,,,,,92.6,,,,,,,,,,4.0,,,,,0.181,,,,0.0,,,,,0,,,,0.0,,,,,,,,,,0.0,,,57,,,,,1.0,,,,,,,,,7,,,,14.0,,,,,,4.0,0.0,,,,,,,,,52.63157894736842
462,J.R. Reid,49,79,1998,2168,CHH,1610612766,30.0,,,,,0.099,,0.517,,,,,,,1.0,,,,42.0,,,,48.0,,,,1.0,,68.0,,,,99.0,,,,,,,,,3,,92.71,,,0.0,,,North Carolina,,,,,,,0.574,,,,,,210,,,2.0,7,USA,,,,7.0,,,,,0.0,,,,,,,,,,,,,,,72,,,73.0,,,,0.511,,,,,,1.0,,,,101.9,,809.5,,,,1.8,,,0.068,,0.0,0.41,75.0,,,0.466,,,,,,,,,,,,,,,,,,,,,,8,,,,,99.0,,0.0,,,,,,1.0,,,,,,,0.174,,,,0.375,,,0.464,,,,,,,13.3,,,,,,,,82.0,,,,,,,,,,,,247.0,,,,,,1.0,,,,,,,,,,,,,,195.0,,,13.3,,,,1.3,,,,,,,,,,,,,,,,,,,,,0.0,,,,,,,,,,,,,,,,,,0.0,,6.0,172,,,,,,,,,,,,,0.179,,,,1.0,,100.6,,,,,,,,,,22,,,,,,0.78,,,,,,,,,,,,,,,0.0,65,,,,,0.458,0,,,,,,,0.0,1109.9566666666667,,,,,0.078,,,,,,,,,1.0,,,1.0,80.0,,,,,0.62,,,,,,,,,,,35,,5,,384,,,,,,,,,,,,,78.35,,47.0,,,,,,,,,,,1989,138,,,,,,,,,,1,,,0.0,,,,89,,,,,146,,,,,0.459,,,,,0.286,,,,1.6,,1.0,,,,34.0,,,,,,,0.0,,,94.01,,,,4.0,,,21.0,,122,,,94.01,,,0.0,99.0,1.6,,,0.0,,,,,0.0,0.73,,,,,,0.56,,,,,,51,100.6,,19,10.4,,,,,100.6,,,,,,,,,,22.0,,,,,0.129,,,,41.0,,,,,0,,,,0.286,,,,,,,,,,0.414,,,318,,,,,1.0,,,,,,,,,10,,,,39.0,,,,,,24.0,0.0,,,,,,,,,38.36477987421384
917,Jack Haley,7,16,1998,120,NJN,1610612751,34.0,,,,,0.14,,0.404,,,,,,,,,,,4.0,,,,3.0,,,,0.0,,11.0,,,,1.0,,,,,,,,,0,,104.26,,,,,,UCLA,,,,,,,0.364,,,,,,15,,,0.0,0,USA,,,,1.0,,,,,,,,,,,,,,,,,,,,5,,,2.0,,,,0.333,,,,,,0.0,,,,100.8,,39.0,,,,0.3,,,0.079,,1.0,0.0,11.0,,,0.0,,,,,,,,,,,,,,,,,,,,,,1,,,,,100.0,,0.0,,,,,,0.0,,,,,,,0.23,,,,0.0,,,0.278,,,,,,,12.8,,,,,,,,82.0,,,,,,,,,,,,240.0,,,,,,0.0,,,,,,,,,,,,,,3.0,,,12.5,,,,-6.8,,,,,,,,,,,,,,,,,,,,,,,,,,,,,,,,,,,,,,,,,0.0,9,,,,,,,,,,,,,0.242,,,,0.0,,94.2,,,,,,,,,,-5,,,,,,0.0,,,,,,,,,,,,,,,0.0,4,,,,,0.333,0,,,,,,,,51.04,,,,,0.0,,,,,,,,,0.0,,,0.0,0.0,,,,,0.438,,,,,,,,,,,0,,79,,22,,,,,,,,,,,,,93.26,,3.0,,,,,,,,,,,1987,10,,,,,,,,,,4,,,,,,,12,,,,,5,,,,,0.278,,,,,0.0,,,,-5.8,,0.0,,,,0.0,,,,,,,0.0,,,111.91,,,,1.1,,,0.0,,21,,,111.91,,,,100.0,-5.8,,,0.0,,,,,,0.571,,,,,,0.364,,,,,,0,107.6,,1,0.0,,,,,94.2,,,,,,,,,,1.0,,,,,0.227,,,,0.0,,,,,0,,,,0.0,,,,,,,,,,0.0,,,18,,,,,0.0,,,,,,,,,3,,,,4.0,,,,,,1.0,0.0,,,,,,,,,116.66666666666667
1521,Jacque Vaughn,35,45,1998,848,UTA,1610612762,23.0,,,,,0.045,,0.457,,,,,,,0.0,,,,23.0,,,,4.0,,,,0.0,,43.0,,,,32.0,,,,,,,,,3,,95.51,,,0.0,,,Kansas,,,,,,,0.535,,,,,,38,,,3.0,0,USA,,,,7.0,,,,,0.0,,,,,,,,,,,,,,,4,,,9.0,,,,0.0,,,,,,0.0,,,,105.5,,284.6,,,,1.0,,,0.01,,0.0,0.273,43.0,,,0.222,,,,,,,,,,,,,,,,,,,,,,8,,,,,100.2,,0.0,,,,,,0.0,,,,,,,0.211,,,,0.375,,,0.373,,,,,,,19.2,,,,,,,,73.0,,,,,,,,,,,,190.0,,,,,,1.0,,,,,,,,,,,,,,66.0,,,19.1,,,,2.9,,,,,,,,,,,,,,,,,,,,,0.0,,,,,,,,,,,,,,,,,,0.0,,7.0,63,,,,,,,,,,,,,0.218,,,,0.0,,103.8,,,,,,,,,,29,,,,,,1.5,,,,,,,,,,,,,,,1.0,56,,,,,0.0,0,,,,,,,0.0,418.23,,,,,0.315,,,,,,,,,0.0,,,1.0,18.0,,,,,0.778,,,,,,,,,,,9,,27,,139,,,,,,,,,,,,,81.15,,5.0,,,,,,,,,,,1997,34,,,,,,,,,,1,,,0.0,,,,48,,,,,44,,,,,0.361,,,,,0.429,,,,3.5,,4.0,,,,2.0,,,,,,,0.0,,,97.38,,,,2.7,,,30.0,,68,,,97.38,,,0.0,100.2,3.5,,,0.0,,,,,0.0,0.706,,,,,,0.535,,,,,,84,102.5,,1,28.7,,,,,103.8,,,,,,,,,,0.0,,,,,0.075,,,,11.0,,,,,0,,,,0.233,,,,,,,,,,0.344,,,122,,,,,0.25,,,,,,,,,12,,,,23.0,,,,,,0.0,0.0,,,,,,,,,55.73770491803279
147,Jalen Rose,58,82,1998,3186,IND,1610612754,25.0,,,,,0.063,,0.545,,,,,,,0.0,,,,121.0,,,,67.0,,,,5.0,,172.0,,,,164.0,,,,,,,,,25,,89.36,,,0.0,,,Michigan,,,,,,,0.657,,,,,,195,,,18.0,0,USA,,,,59.0,,,,,2.0,,,,,,,,,,,,,,,28,,,88.0,,,,0.363,,,,,,0.5,,,,100.7,,1315.5,,,,3.5,,,0.019,,1.0,0.439,192.0,,,0.455,,,,,,,,,,,,,,,,,,,,,,73,,,,,98.5,,2.0,,,,,,7.0,,,,,,,0.234,,,,0.342,,,0.498,,,,,,,13.3,,,,,,,,80.0,,,,,,,,,,,,210.0,,,,,,8.0,,,,,,,,,,,,,,271.0,,,13.2,,,,1.9,,,,,,,,,,,,,,,,,,,,,1.0,,,,,,,,,,,,,,,,,,0.0,,32.0,171,,,,,,,,,,,,,0.239,,,,1.0,,99.9,,,,,,,,,,33,,,,,,1.17,,,,,,,,,,,,,,,9.0,132,,,,,0.388,0,,,,,,,0.0,1704.7033333333334,,,,,0.18,,,,,,,,,5.0,,,14.0,119.0,,,,,0.707,,,,,,,,,,,56,,13,,771,,,,,,,,,,,,,74.91,,91.0,,,,,,,,,,,1994,167,,,,,,,,,,1,,,0.0,,,,166,,,,,290,,,,,0.478,,,,,0.305,,,,1.4,,35.0,,,,40.0,,,,,,,0.0,,,89.89,,,,7.4,,,58.0,,228,,,89.89,,,0.0,98.5,1.4,,,0.222,,,,,0.5,0.728,,,,,,0.63,,,,,,155,98.8,,14,15.5,,,,,99.9,,,,,,,,,,26.0,,,,,0.104,,,,62.0,,,,,0,,,,0.552,,,,,,,,,,0.378,,,607,,,,,0.229,,,,,,,,,33,,,,113.0,,,,,,33.0,0.0,,,,,,,,,37.56177924217463
469,Jamal Mashburn,29,48,1998,3244,MIA,1610612748,25.0,,,,,0.071,,0.533,,,,,,,3.0,,,,107.0,,,,90.0,,,,6.0,,174.0,,,,76.0,,,,,,,,,37,,90.54,,,0.0,,,Kentucky,,,,,,,0.575,,,,,,236,,,21.0,0,USA,,,,76.0,,,,,0.0,,,,,,,,,,,,,,,72,,,63.0,,,,0.387,,,,,,0.318,,,,104.8,,1267.2,,,,5.2,,,0.045,,0.0,0.424,195.0,,,0.444,,,,,,,,,,,,,,,,,,,,,,122,,,,,100.7,,8.0,,,,,,14.0,,,,,,,0.21,,,,0.303,,,0.467,,,,,,,11.8,,,,,,,,80.0,,,,,,,,,,,,250.0,,,,,,10.0,,,,,,,,,,,,,,172.0,,,11.7,,,,4.4,,,,,,,,,,,,,,,,,,,,,0.0,,,,,,,,,,,,,,,,,,0.0,,38.0,137,,,,,,,,,,,,,0.212,,,,0.286,,105.1,,,,,,,,,,131,,,,,,1.22,,,,,,,,,,,,,,,23.0,108,,,,,0.367,1,,,,,,,0.0,1729.615,,,,,0.134,,,,,,,,,21.0,,,44.0,73.0,,,,,0.604,,,,,,,,,,,43,,4,,723,,,,,,,,,,,,,75.16,,111.0,,,,,,,,,,,1993,164,,,,,,,,,,1,,,0.0,,,,184,,,,,251,,,,,0.435,,,,,0.276,,,,4.4,,42.0,,,,28.0,,,,,,,0.0,,,90.19,,,,12.0,,,108.0,,231,,,90.19,,,0.0,100.7,4.4,,,0.348,,,,,0.0,0.797,,,,,,0.549,,,,,,132,100.3,,14,14.3,,,,,105.1,,,,,,,,,,33.0,,,,,0.096,,,,35.0,,,,,0,,,,0.352,,,,,,,,,,0.461,,,577,,,,,0.238,,,,,,,,,45,,,,100.0,,,,,,43.0,0.0,,,,,,,,,40.03466204506066
1530,James Collins,2,23,1998,224,LAC,1610612746,24.0,,,,,0.056,,0.482,,,,,,,1.0,,,,7.0,,,,4.0,,,,0.0,,16.0,,,,9.0,,,,,,,,,9,,103.89,,,0.0,,,Florida State,,,,,,,0.438,,,,,,14,,,9.0,0,USA,,,,15.0,,,,,0.0,,,,,,,,,,,,,,,7,,,2.0,,,,0.333,,,,,,0.0,,,,100.5,,99.3,,,,0.9,,,0.052,,,0.25,16.0,,,0.5,,,,,,,,,,,,,,,,,,,,,,20,,,,,103.9,,0.0,,,,,,0.0,,,,,,,0.247,,,,0.45,,,0.464,,,,,,,11.1,,,,,,,,76.0,,,,,,,,,,,,196.0,,,,,,5.0,,,,,,,,,,,,,,16.0,,,11.1,,,,-13.0,,,,,,,,,,,,,,,,,,,,,0.0,,,,,,,,,,,,,,,,,,0.0,,5.0,12,,,,,,,,,,,,,0.251,,,,0.0,,101.3,,,,,,,,,,-14,,,,,,0.38,,,,,,,,,,,,,,,3.0,8,,,,,0.25,0,,,,,,,0.0,101.22833333333334,,,,,0.056,,,,,,,,,1.0,,,4.0,4.0,,,,,0.087,,,,,,,,,,,6,,36,,59,,,,,,,,,,,,,90.09,,3.0,,,,,,,,,,,1997,7,,,,,,,,,,2,,,1.0,,,,8,,,,,21,,,,,0.382,,,,,0.6,,,,-2.5,,9.0,,,,1.0,,,,,,,,,,108.11,,,,2.4,,,14.0,,14,,,108.11,,,0.0,103.9,-2.5,,,0.0,,,,,0.0,0.571,,,,,,0.438,,,,,,3,113.5,,3,4.2,,,,,101.3,,,,,,,,,,1.0,,,,,0.061,,,,2.0,,,,,0,,,,0.357,,,,,,,,,,0.222,,,55,,,,,0.556,,,,,,,,,4,,,,7.0,,,,,,1.0,,,,,,,,,,25.454545454545453
1526,James Cotton,7,9,1998,88,SEA,1610612760,22.0,,,,,0.081,,0.481,,,,,,,,,,,6.0,,,,1.0,,,,0.0,,10.0,,,,2.0,,,,,,,,,0,,117.99,,,,,,Long Beach State,,,,,,,0.6,,,,,,6,,,0.0,0,USA,,,,2.0,,,,,,,,,,,,,,,,,,,,2,,,1.0,,,,0.0,,,,,,0.0,,,,83.0,,31.2,,,,0.9,,,0.054,,,0.4,11.0,,,0.0,,,,,,,,,,,,,,,,,,,,,,4,,,,,114.8,,0.0,,,,,,0.0,,,,,,,0.313,,,,0.0,,,0.381,,,,,,,19.4,,,,,,,,77.0,,,,,,,,,,,,220.0,,,,,,0.0,,,,,,,,,,,,,,5.0,,,19.4,,,,-36.2,,,,,,,,,,,,,,,,,,,,,,,,,,,,,,,,,,,,,,,,,2.0,3,,,,,,,,,,,,,0.332,,,,0.0,,79.5,,,,,,,,,,-31,,,,,,0.0,,,,,,,,,,,,,,,1.0,6,,,,,0.0,0,,,,,,,,34.39333333333333,,,,,0.0,,,,,,,,,1.0,,,2.0,2.0,,,,,0.778,,,,,,,,,,,1,,32,,24,,,,,,,,,,,,,102.35,,2.0,,,,,,,,,,,1997,4,,,,,,,,,,2,,,,,,,8,,,,,8,,,,,0.381,,,,,0.0,,,,-35.2,,2.0,,,,0.0,,,,,,,,,,122.81,,,,2.3,,,4.0,,9,,,122.81,,,,114.8,-35.2,,,0.0,,,,,,0.889,,,,,,0.545,,,,,,0,119.2,,1,0.0,,,,,79.5,,,,,,,,,,0.0,,,,,0.108,,,,0.0,,,,,0,,,,0.5,,,,,,,,,,0.0,,,21,,,,,0.0,,,,,,,,,1,,,,6.0,,,,,,0.0,,,,,,,,,,42.857142857142854
381,James Robinson,14,70,1998,2448,LAC,1610612746,27.0,,,,,0.044,,0.494,,,,,,,3.0,,,,68.0,,,,38.0,,,,7.0,,102.0,,,,85.0,,,,,,,,,74,,96.46,,,0.0,,,Alabama,,,,,,,0.667,,,,,,111,,,57.0,1,USA,,,,188.0,,,,,2.0,,,,,,,,,,,,,,,37,,,27.0,,,,0.208,,,,,,0.444,,,,98.6,,920.7,,,,2.8,,,0.028,,4.0,0.346,102.0,,,0.37,,,,,,,,,,,,,,,,,,,,,,225,,,,,110.6,,9.0,,,,,,16.0,,,,,,,0.224,,,,0.329,,,0.463,,,,,,,12.4,,,,,,,,74.0,,,,,,,,,,,,180.0,,,,,,41.0,,,,,,,,,,,,,,127.0,,,12.5,,,,-11.6,,,,,,,,,,,,,,,,,,,,,0.0,,,,,,,,,,,,,,,,,,1.0,,41.0,101,,,,,,,,,,,,,0.227,,,,0.5,,100.0,,,,,,,,,,-260,,,,,,1.39,,,,,,,,,,,,,,,22.0,97,,,,,0.184,0,,,,,,,0.333,1229.92,,,,,0.194,,,,,,,,,14.0,,,36.0,44.0,,,,,0.2,,,,,,,,,,,37,,21,,541,,,,,,,,,,,,,79.63,,48.0,,,,,,,,,,,1993,74,,,,,,,,,,1,,,0.0,,,,77,,,,,195,,,,,0.389,,,,,0.303,,,,-10.6,,125.0,,,,10.0,,,,,,,0.0,,,95.56,,,,7.2,,,115.0,,107,,,95.56,,,0.0,110.6,-10.6,,,0.409,,,,,0.0,0.72,,,,,,0.667,,,,,,135,110.1,,10,17.3,,,,,100.0,,,,,,,,,,7.0,,,,,0.062,,,,27.0,,,,,0,,,,0.357,,,,,,,,,,0.318,,,501,,,,,0.328,,,,,,,,,22,,,,68.0,,,,,,10.0,0.0,,,,,,,,,21.357285429141715
994,Jamie Feick,20,45,1998,925,MIL,1610612749,23.0,,,,,0.143,,0.472,,,,,,,0.0,,,,25.0,,,,4.0,,,,0.0,,49.0,,,,15.0,,,,,,,,,4,,95.87,,,0.0,,,Michigan State,,,,,,,0.51,,,,,,124,,,2.0,1,USA,,,,8.0,,,,,0.0,,,,,,,,,,,,,,,45,,,4.0,,,,0.2,,,,,,0.4,,,,102.3,,379.8,,,,0.9,,,0.101,,0.0,0.391,50.0,,,0.0,,,,,,,,,,,,,,,,,,,,,,13,,,,,100.1,,2.0,,,,,,2.0,,,,,,,0.122,,,,0.308,,,0.456,,,,,,,14.5,,,,,,,,80.0,,,,,,,,,,,,255.0,,,,,,2.0,,,,,,,,,,,,,,23.0,,,14.4,,,,0.3,,,,,,,,,,,,,,,,,,,,,0.0,,,,,,,,,,,,,,,,,,0.0,,4.0,67,,,,,,,,,,,,,0.125,,,,0.0,,99.8,,,,,,,,,,2,,,,,,0.76,,,,,,,,,,,,,,,2.0,21,,,,,0.25,0,,,,,,,0.0,451.885,,,,,0.054,,,,,,,,,3.0,,,5.0,9.0,,,,,0.444,,,,,,,,,,,25,,48,,102,,,,,,,,,,,,,81.66,,5.0,,,,,,,,,,,1996,79,,,,,,,,,,2,,,0.0,,,,20,,,,,39,,,,,0.433,,,,,0.25,,,,-0.3,,4.0,,,,0.0,,,,,,,0.0,,,97.99,,,,2.0,,,13.0,,41,,,97.99,,,0.0,100.1,-0.3,,,1.0,,,,,0.0,0.488,,,,,,0.5,,,,,,16,102.0,,17,11.0,,,,,99.8,,,,,,,,,,1.0,,,,,0.188,,,,7.0,,,,,0,,,,0.308,,,,,,,,,,0.467,,,90,,,,,0.5,,,,,,,,,11,,,,25.0,,,,,,1.0,0.0,,,,,,,,,45.55555555555556
1114,Jaren Jackson,56,82,1998,4172,SAS,1610612759,30.0,,,,,0.048,,0.511,,,,,,,3.0,,,,44.0,,,,17.0,,,,13.0,,96.0,,,,162.0,,,,,,,,,112,,89.9,,,0.0,,,Georgetown,,,,,,,0.448,,,,,,210,,,81.0,1,USA,,,,213.0,,,,,3.0,,,,,,,,,,,,,,,55,,,27.0,,,,0.263,,,,,,0.36,,,,102.3,,1308.0,,,,3.1,,,0.027,,0.0,0.408,100.0,,,0.333,,,,,,,,,,,,,,,,,,,,,,297,,,,,93.6,,14.0,,,,,,27.0,,,,,,,0.166,,,,0.377,,,0.48,,,,,,,10.8,,,,,,,,78.0,,,,,,,,,,,,215.0,,,,,,39.0,,,,,,,,,,,,,,250.0,,,10.8,,,,9.1,,,,,,,,,,,,,,,,,,,,,0.0,,,,,,,,,,,,,,,,,,0.0,,91.0,222,,,,,,,,,,,,,0.171,,,,0.406,,101.7,,,,,,,,,,342,,,,,,1.5,,,,,,,,,,,,,,,43.0,104,,,,,0.294,0,,,,,,,0.0,2226.1783333333333,,,,,0.116,,,,,,,,,32.0,,,75.0,102.0,,,,,0.683,,,,,,,,,,,60,,Undrafted,,722,,,,,,,,,,,,,74.95,,19.0,,,,,,,,,,,Undrafted,155,,,,,,,,,,Undrafted,,,1.0,,,,94,,,,,258,,,,,0.394,,,,,0.38,,,,8.2,,108.0,,,,9.0,,,,,,,0.0,,,89.94,,,,8.0,,,234.0,,118,,,89.94,,,0.0,93.6,8.2,,,0.326,,,,,0.0,0.797,,,,,,0.44,,,,,,156,93.2,,8,16.2,,,,,101.7,,,,,,,,,,5.0,,,,,0.067,,,,70.0,,,,,0,,,,0.389,,,,,,,,,,0.432,,,654,,,,,0.361,,,,,,,,,25,,,,43.0,,,,,,5.0,0.0,,,,,,,,,18.04281345565749
679,Jason Caffey,44,80,1998,2744,GSW,1610612744,25.0,,,,,0.118,,0.526,,,,,,,0.0,,,,150.0,,,,82.0,,,,0.0,,229.0,,,,40.0,,,,,,,,,0,,91.83,,,0.0,,,Alabama,,,,,,,0.638,,,,,,344,,,0.0,1,USA,,,,2.0,,,,,0.0,,,,,,,,,,,,,,,160,,,86.0,,,,0.297,,,,,,0.0,,,,95.5,,1123.3,,,,2.8,,,0.107,,0.0,0.373,252.0,,,0.384,,,,,,,,,,,,,,,,,,,,,,2,,,,,97.7,,0.0,,,,,,0.0,,,,,,,0.202,,,,0.0,,,0.485,,,,,,,14.5,,,,,,,,80.0,,,,,,,,,,,,256.0,,,,,,0.0,,,,,,,,,,,,,,134.0,,,14.4,,,,-3.1,,,,,,,,,,,,,,,,,,,,,0.0,,,,,,,,,,,,,,,,,,0.0,,1.0,181,,,,,,,,,,,,,0.207,,,,0.0,,94.8,,,,,,,,,,-83,,,,,,0.64,,,,,,,,,,,,,,,0.0,105,,,,,0.28,4,,,,,,,0.0,1423.0566666666666,,,,,0.088,,,,,,,,,0.0,,,0.0,50.0,,,,,0.55,,,,,,,,,,,24,,20,,583,,,,,,,,,,,,,77.16,,101.0,,,,,,,,,,,1995,184,,,,,,,,,,1,,,0.0,,,,131,,,,,226,,,,,0.485,,,,,0.0,,,,-3.0,,1.0,,,,33.0,,,,,,,0.0,,,92.59,,,,5.8,,,5.0,,200,,,92.59,,,0.0,97.7,-3.0,,,0.0,,,,,0.0,0.655,,,,,,0.595,,,,,,67,98.6,,20,9.2,,,,,94.8,,,,,,,,,,23.0,,,,,0.13,,,,19.0,,,,,0,,,,0.2,,,,,,,,,,0.475,,,466,,,,,0.0,,,,,,,,,41,,,,146.0,,,,,,30.0,0.0,,,,,,,,,42.918454935622314
467,Jason Kidd,56,82,1998,6041,PHX,1610612756,25.0,,,,,0.084,,0.502,,,,,,,6.0,,,,136.0,,,,68.0,,,,6.0,,238.0,,,,142.0,,,,,,,,,73,,94.42,,,0.0,,,California,,,,,,,0.563,,,,,,510,,,66.0,0,USA,,,,200.0,,,,,1.0,,,,,,,,,,,,,,,108,,,91.0,,,,0.387,,,,,,0.259,,,,104.3,,2986.5,,,,4.4,,,0.036,,3.0,0.383,243.0,,,0.418,,,,,,,,,,,,,,,,,,,,,,233,,,,,100.3,,1.0,,,,,,7.0,,,,,,,0.174,,,,0.313,,,0.458,,,,,,,13.3,,,,,,,,76.0,,,,,,,,,,,,212.0,,,,,,26.0,,,,,,,,,,,,,,316.0,,,13.4,,,,5.2,,,,,,,,,,,,,,,,,,,,,0.0,,,,,,,,,,,,,,,,,,1.0,,73.0,142,,,,,,,,,,,,,0.176,,,,0.4,,105.7,,,,,,,,,,305,,,,,,2.85,,,,,,,,,,,,,,,12.0,261,,,,,0.412,30,,,,,,,0.167,3117.608333333333,,,,,0.356,,,,,,,,,15.0,,,27.0,121.0,,,,,0.683,,,,,,,,,,,162,,2,,954,,,,,,,,,,,,,77.65,,75.0,,,,,,,,,,,1994,402,,,,,,,,,,1,,,3.0,,,,167,,,,,357,,,,,0.416,,,,,0.33,,,,5.4,,88.0,,,,38.0,,,,,,,0.0,,,93.18,,,,10.5,,,217.0,,209,,,93.18,,,0.0,100.3,5.4,,,0.083,,,,,0.0,0.799,,,,,,0.56,,,,,,745,99.0,,26,38.1,,,,,105.7,,,,,,,,,,28.0,,,,,0.131,,,,55.0,,,,,4,,,,0.336,,,,,,,,,,0.387,,,859,,,,,0.295,,,,,,,,,29,,,,134.0,,,,,,29.0,0.0,,,,,,,,,24.330616996507565
1535,Jason Lawson,6,17,1998,159,ORL,1610612753,23.0,,,,,0.18,,0.67,,,,,,,,,,,8.0,,,,3.0,,,,0.0,,11.0,,,,1.0,,,,,,,,,0,,95.09,,,,,,Villanova,,,,,,,0.727,,,,,,27,,,0.0,0,USA,,,,0.0,,,,,,,,,,,,,,,,,,,,8,,,0.0,,,,0.333,,,,,,0.0,,,,112.9,,87.9,,,,0.5,,,0.089,,0.0,0.0,11.0,,,0.0,,,,,,,,,,,,,,,,,,,,,,0,,,,,100.6,,0.0,,,,,,0.0,,,,,,,0.11,,,,0.0,,,0.6,,,,,,,7.6,,,,,,,,83.0,,,,,,,,,,,,240.0,,,,,,0.0,,,,,,,,,,,,,,1.0,,,7.4,,,,6.7,,,,,,,,,,,,,,,,,,,,,,,,,,,,,,,,,,,,,,,,,0.0,14,,,,,,,,,,,,,0.111,,,,0.0,,111.9,,,,,,,,,,15,,,,,,2.5,,,,,,,,,,,,,,,0.0,2,,,,,0.333,0,,,,,,,,78.54166666666667,,,,,0.083,,,,,,,,,0.0,,,0.0,0.0,,,,,0.353,,,,,,,,,,,4,,41,,26,,,,,,,,,,,,,81.74,,3.0,,,,,,,,,,,1997,19,,,,,,,,,,2,,,,,,,8,,,,,9,,,,,0.6,,,,,0.0,,,,11.3,,0.0,,,,0.0,,,,,,,0.0,,,98.09,,,,0.9,,,0.0,,10,,,98.09,,,,100.6,11.3,,,0.0,,,,,,0.8,,,,,,0.727,,,,,,5,106.2,,4,18.5,,,,,111.9,,,,,,,,,,1.0,,,,,0.317,,,,0.0,,,,,0,,,,0.0,,,,,,,,,,0.0,,,15,,,,,0.0,,,,,,,,,2,,,,8.0,,,,,,1.0,0.0,,,,,,,,,66.66666666666667
420,Jayson Williams,35,65,1998,4543,NJN,1610612751,30.0,,,,,0.191,,0.541,,,,,,,3.0,,,,256.0,,,,72.0,,,,0.0,,460.0,,,,40.0,,,,,,,,,0,,93.69,,,0.0,,,St. John's (NY),,,,,,,0.541,,,,,,883,,,0.0,2,USA,,,,1.0,,,,,0.0,,,,,,,,,,,,,,,443,,,55.0,,,,0.382,,,,,,0.0,,,,105.1,,2184.1,,,,4.9,,,0.179,,1.0,0.413,474.0,,,0.327,,,,,,,,,,,,,,,,,,,,,,4,,,,,102.1,,0.0,,,,,,0.0,,,,,,,0.158,,,,0.0,,,0.498,,,,,,,10.2,,,,,,,,82.0,,,,,,,,,,,,245.0,,,,,,0.0,,,,,,,,,,,,,,92.0,,,10.1,,,,3.4,,,,,,,,,,,,,,,,,,,,,0.0,,,,,,,,,,,,,,,,,,0.0,,0.0,236,,,,,,,,,,,,,0.161,,,,0.0,,105.8,,,,,,,,,,152,,,,,,0.71,,,,,,,,,,,,,,,0.0,95,,,,,0.375,39,,,,,,,0.0,2343.443333333333,,,,,0.045,,,,,,,,,0.0,,,0.0,38.0,,,,,0.538,,,,,,,,,,,45,,21,,837,,,,,,,,,,,,,77.71,,89.0,,,,,,,,,,,1990,440,,,,,,,,,,1,,,3.0,,,,195,,,,,321,,,,,0.498,,,,,0.0,,,,3.8,,0.0,,,,18.0,,,,,,,0.0,,,93.25,,,,9.9,,,0.0,,293,,,93.25,,,0.0,102.1,3.8,,,0.0,,,,,0.0,0.666,,,,,,0.54,,,,,,67,101.8,,49,7.2,,,,,105.8,,,,,,,,,,27.0,,,,,0.204,,,,20.0,,,,,0,,,,0.0,,,,,,,,,,0.5,,,645,,,,,0.0,,,,,,,,,70,,,,249.0,,,,,,34.0,0.0,,,,,,,,,45.42635658914729
81,Jeff Grayer,3,5,1998,75,GSW,1610612744,32.0,,,,,0.0,,0.455,,,,,,,,,,,1.0,,,,0.0,,,,0.0,,2.0,,,,2.0,,,,,,,,,2,,103.54,,,,,,Iowa State,,,,,,,0.5,,,,,,4,,,2.0,0,USA,,,,5.0,,,,,,,,,,,,,,,,,,,,0,,,0.0,,,,0.0,,,,,,0.0,,,,89.3,,19.8,,,,0.8,,,0.0,,,0.333,2.0,,,0.0,,,,,,,,,,,,,,,,,,,,,,6,,,,,88.6,,0.0,,,,,,0.0,,,,,,,0.188,,,,0.333,,,0.455,,,,,,,23.5,,,,,,,,77.0,,,,,,,,,,,,210.0,,,,,,1.0,,,,,,,,,,,,,,3.0,,,23.5,,,,-6.0,,,,,,,,,,,,,,,,,,,,,,,,,,,,,,,,,,,,,,,,,1.0,7,,,,,,,,,,,,,0.19,,,,0.0,,88.0,,,,,,,,,,-4,,,,,,0.5,,,,,,,,,,,,,,,0.0,4,,,,,0.0,0,,,,,,,,34.14833333333333,,,,,0.118,,,,,,,,,1.0,,,1.0,1.0,,,,,0.6,,,,,,,,,,,2,,13,,10,,,,,,,,,,,,,90.19,,0.0,,,,,,,,,,,1988,4,,,,,,,,,,1,,,,,,,0,,,,,4,,,,,0.364,,,,,0.4,,,,-0.6,,1.0,,,,0.0,,,,,,,,,,108.23,,,,2.2,,,6.0,,0,,,108.23,,,,88.6,-0.6,,,0.0,,,,,,0.0,,,,,,0.5,,,,,,2,95.3,,0,11.8,,,,,88.0,,,,,,,,,,0.0,,,,,0.095,,,,1.0,,,,,0,,,,0.167,,,,,,,,,,0.5,,,11,,,,,1.0,,,,,,,,,0,,,,1.0,,,,,,0.0,,,,,,,,,,0.0
204,Jeff Hornacek,60,80,1998,4754,UTA,1610612762,35.0,,,,,0.059,,0.587,,,,,,,1.0,,,,100.0,,,,84.0,,,,6.0,,166.0,,,,233.0,,,,,,,,,56,,93.49,,,0.0,,,Iowa State,,,,,,,0.566,,,,,,270,,,49.0,3,USA,,,,110.0,,,,,0.0,,,,,,,,,,,,,,,65,,,86.0,,,,0.492,,,,,,0.438,,,,112.2,,2226.5,,,,5.0,,,0.03,,1.0,0.458,182.0,,,0.419,,,,,,,,,,,,,,,,,,,,,,127,,,,,103.7,,1.0,,,,,,7.0,,,,,,,0.196,,,,0.441,,,0.516,,,,,,,9.1,,,,,,,,76.0,,,,,,,,,,,,190.0,,,,,,17.0,,,,,,,,,,,,,,413.0,,,9.3,,,,9.4,,,,,,,,,,,,,,,,,,,,,0.0,,,,,,,,,,,,,,,,,,0.0,,99.0,175,,,,,,,,,,,,,0.204,,,,0.462,,113.5,,,,,,,,,,464,,,,,,2.64,,,,,,,,,,,,,,,3.0,132,,,,,0.548,1,,,,,,,0.0,2465.87,,,,,0.229,,,,,,,,,13.0,,,16.0,189.0,,,,,0.75,,,,,,,,,,,109,,46,,1139,,,,,,,,,,,,,77.12,,122.0,,,,,,,,,,,1986,205,,,,,,,,,,2,,,1.0,,,,285,,,,,399,,,,,0.482,,,,,0.445,,,,9.8,,40.0,,,,36.0,,,,,,,0.0,,,92.55,,,,10.4,,,201.0,,322,,,92.55,,,0.0,103.7,9.8,,,0.333,,,,,0.0,0.885,,,,,,0.549,,,,,,349,102.8,,15,24.6,,,,,113.5,,,,,,,,,,46.0,,,,,0.084,,,,101.0,,,,,0,,,,0.493,,,,,,,,,,0.433,,,828,,,,,0.425,,,,,,,,,28,,,,94.0,,,,,,60.0,0.0,,,,,,,,,38.888888888888886
999,Jeff Nordgaard,6,13,1998,112,MIL,1610612749,25.0,,,,,0.121,,0.41,,,,,,,0.0,,,,3.0,,,,1.0,,,,0.0,,4.0,,,,8.0,,,,,,,,,0,,103.69,,,0.0,,,Wisconsin-Green Bay,,,,,,,0.75,,,,,,14,,,0.0,0,USA,,,,0.0,,,,,0.0,,,,,,,,,,,,,,,4,,,5.0,,,,1.0,,,,,,0.0,,,,113.2,,42.3,,,,0.4,,,0.063,,,0.077,4.0,,,0.2,,,,,,,,,,,,,,,,,,,,,,0,,,,,107.5,,0.0,,,,,,0.0,,,,,,,0.18,,,,0.0,,,0.278,,,,,,,10.7,,,,,,,,79.0,,,,,,,,,,,,225.0,,,,,,0.0,,,,,,,,,,,,,,13.0,,,11.1,,,,4.4,,,,,,,,,,,,,,,,,,,,,0.0,,,,,,,,,,,,,,,,,,0.0,,0.0,7,,,,,,,,,,,,,0.199,,,,0.0,,106.3,,,,,,,,,,5,,,,,,1.0,,,,,,,,,,,,,,,0.0,3,,,,,1.0,0,,,,,,,0.0,48.58833333333333,,,,,0.086,,,,,,,,,0.0,,,0.0,1.0,,,,,0.462,,,,,,,,,,,2,,53,,18,,,,,,,,,,,,,89.73,,1.0,,,,,,,,,,,1996,10,,,,,,,,,,2,,,0.0,,,,8,,,,,5,,,,,0.278,,,,,0.0,,,,-1.3,,0.0,,,,1.0,,,,,,,,,,107.68,,,,1.4,,,0.0,,9,,,107.68,,,0.0,107.5,-1.3,,,0.0,,,,,0.0,0.889,,,,,,0.75,,,,,,3,108.8,,0,11.1,,,,,106.3,,,,,,,,,,1.0,,,,,0.189,,,,0.0,,,,,0,,,,0.0,,,,,,,,,,0.0,,,18,,,,,0.0,,,,,,,,,1,,,,3.0,,,,,,1.0,,,,,,,,,,50.0
1532,Jerald Honeycutt,15,38,1998,1075,MIL,1610612749,23.0,,,,,0.089,,0.497,,,,,,,3.0,,,,37.0,,,,34.0,,,,8.0,,61.0,,,,17.0,,,,,,,,,29,,96.67,,,0.0,,,Tulane,,,,,,,0.607,,,,,,93,,,17.0,0,USA,,,,47.0,,,,,0.0,,,,,,,,,,,,,,,27,,,29.0,,,,0.259,,,,,,0.464,,,,103.3,,435.1,,,,2.4,,,0.051,,,0.291,62.0,,,0.31,,,,,,,,,,,,,,,,,,,,,,77,,,,,100.4,,5.0,,,,,,13.0,,,,,,,0.238,,,,0.377,,,0.473,,,,,,,14.9,,,,,,,,81.0,,,,,,,,,,,,254.0,,,,,,12.0,,,,,,,,,,,,,,55.0,,,15.0,,,,2.0,,,,,,,,,,,,,,,,,,,,,0.0,,,,,,,,,,,,,,,,,,0.0,,18.0,83,,,,,,,,,,,,,0.245,,,,0.444,,102.3,,,,,,,,,,18,,,,,,0.67,,,,,,,,,,,,,,,10.0,49,,,,,0.353,0,,,,,,,0.0,529.5766666666667,,,,,0.111,,,,,,,,,18.0,,,28.0,16.0,,,,,0.395,,,,,,,,,,,20,,38,,245,,,,,,,,,,,,,81.31,,27.0,,,,,,,,,,,1997,66,,,,,,,,,,2,,,3.0,,,,36,,,,,90,,,,,0.407,,,,,0.362,,,,2.0,,31.0,,,,9.0,,,,,,,,,,97.57,,,,5.8,,,45.0,,58,,,97.57,,,0.0,100.4,2.0,,,0.5,,,,,0.0,0.621,,,,,,0.597,,,,,,33,101.3,,6,10.1,,,,,102.3,,,,,,,,,,12.0,,,,,0.127,,,,2.0,,,,,0,,,,0.4,,,,,,,,,,0.118,,,221,,,,,0.387,,,,,,,,,13,,,,37.0,,,,,,7.0,,,,,,,,,,26.244343891402714
979,Jermaine O'Neal,35,60,1998,1560,POR,1610612757,19.0,,,,,0.123,,0.498,,,,,,,0.0,,,,90.0,,,,51.0,,,,0.0,,138.0,,,,7.0,,,,,,,,,0,,92.01,,,0.0,,,,,,,,,,0.63,,,,,,201,,,0.0,1,USA,,,,2.0,,,,,0.0,,,,,,,,,,,,,,,80,,,24.0,,,,0.354,,,,,,0.0,,,,98.0,,699.7,,,,1.9,,,0.101,,0.0,0.186,147.0,,,0.167,,,,,,,,,,,,,,,,,,,,,,2,,,,,96.3,,0.0,,,,,,0.0,,,,,,,0.176,,,,0.0,,,0.485,,,,,,,16.1,,,,,,,,83.0,,,,,,,,,,,,226.0,,,,,,0.0,,,,,,,,,,,,,,43.0,,,16.0,,,,0.2,,,,,,,,,,,,,,,,,,,,,0.0,,,,,,,,,,,,,,,,,,0.0,,0.0,101,,,,,,,,,,,,,0.181,,,,0.0,,97.6,,,,,,,,,,13,,,,,,0.31,,,,,,,,,,,,,,,0.0,55,,,,,0.314,2,,,,,,,0.0,807.5966666666667,,,,,0.037,,,,,,,,,0.0,,,0.0,8.0,,,,,0.583,,,,,,,,,,,15,,17,,269,,,,,,,,,,,,,77.44,,48.0,,,,,,,,,,,1996,121,,,,,,,,,,1,,,0.0,,,,45,,,,,112,,,,,0.485,,,,,0.0,,,,1.3,,2.0,,,,4.0,,,,,,,0.0,,,92.93,,,,3.9,,,0.0,,89,,,92.93,,,0.0,96.3,1.3,,,0.0,,,,,0.0,0.506,,,,,,0.612,,,,,,17,97.8,,58,5.0,,,,,97.6,,,,,,,,,,16.0,,,,,0.144,,,,2.0,,,,,0,,,,0.0,,,,,,,,,,0.286,,,231,,,,,0.0,,,,,,,,,22,,,,87.0,,,,,,17.0,0.0,,,,,,,,,38.52813852813853
760,Jerome Kersey,27,37,1998,1407,SEA,1610612760,36.0,,,,,0.099,,0.447,,,,,,,0.0,,,,33.0,,,,13.0,,,,1.0,,59.0,,,,106.0,,,,,,,,,1,,93.43,,,0.0,,,Longwood,,,,,,,0.508,,,,,,135,,,0.0,2,USA,,,,5.0,,,,,0.0,,,,,,,,,,,,,,,56,,,18.0,,,,0.364,,,,,,0.2,,,,106.2,,624.0,,,,2.6,,,0.08,,1.0,0.408,69.0,,,0.556,,,,,,,,,,,,,,,,,,,,,,10,,,,,96.3,,0.0,,,,,,1.0,,,,,,,0.183,,,,0.1,,,0.418,,,,,,,10.5,,,,,,,,79.0,,,,,,,,,,,,225.0,,,,,,0.0,,,,,,,,,,,,,,142.0,,,10.5,,,,8.6,,,,,,,,,,,,,,,,,,,,,0.0,,,,,,,,,,,,,,,,,,0.0,,8.0,104,,,,,,,,,,,,,0.188,,,,0.333,,105.5,,,,,,,,,,125,,,,,,1.22,,,,,,,,,,,,,,,2.0,36,,,,,0.385,0,,,,,,,0.0,716.7166666666667,,,,,0.095,,,,,,,,,3.0,,,5.0,58.0,,,,,0.73,,,,,,,,,,,52,,46,,234,,,,,,,,,,,,,78.64,,22.0,,,,,,,,,,,1984,79,,,,,,,,,,2,,,0.0,,,,39,,,,,97,,,,,0.416,,,,,0.0,,,,9.2,,3.0,,,,10.0,,,,,,,0.0,,,94.36,,,,6.3,,,23.0,,65,,,94.36,,,0.0,96.3,9.2,,,0.0,,,,,0.0,0.6,,,,,,0.478,,,,,,44,97.6,,14,12.9,,,,,105.5,,,,,,,,,,5.0,,,,,0.12,,,,41.0,,,,,0,,,,0.348,,,,,,,,,,0.387,,,233,,,,,0.0,,,,,,,,,8,,,,30.0,,,,,,8.0,0.0,,,,,,,,,27.896995708154506
966,Jerome Williams,35,77,1998,2502,DET,1610612765,25.0,,,,,0.149,,0.568,,,,,,,0.0,,,,128.0,,,,29.0,,,,0.0,,223.0,,,,13.0,,,,,,,,,0,,91.91,,,0.0,,,Georgetown,,,,,,,0.574,,,,,,379,,,0.0,0,USA,,,,1.0,,,,,0.0,,,,,,,,,,,,,,,170,,,20.0,,,,0.313,,,,,,0.0,,,,105.3,,1059.8,,,,2.0,,,0.136,,0.0,0.406,225.0,,,0.45,,,,,,,,,,,,,,,,,,,,,,1,,,,,98.2,,0.0,,,,,,0.0,,,,,,,0.144,,,,0.0,,,0.524,,,,,,,12.8,,,,,,,,81.0,,,,,,,,,,,,206.0,,,,,,0.0,,,,,,,,,,,,,,32.0,,,12.7,,,,6.7,,,,,,,,,,,,,,,,,,,,,0.0,,,,,,,,,,,,,,,,,,0.0,,0.0,144,,,,,,,,,,,,,0.147,,,,0.0,,104.2,,,,,,,,,,131,,,,,,0.8,,,,,,,,,,,,,,,0.0,60,,,,,0.31,6,,,,,,,0.0,1302.8166666666666,,,,,0.061,,,,,,,,,0.0,,,0.0,13.0,,,,,0.455,,,,,,,,,,,51,,26,,410,,,,,,,,,,,,,77.13,,32.0,,,,,,,,,,,1996,209,,,,,,,,,,1,,,0.0,,,,108,,,,,151,,,,,0.524,,,,,0.0,,,,6.0,,1.0,,,,9.0,,,,,,,0.0,,,92.55,,,,3.7,,,0.0,,166,,,92.55,,,0.0,98.2,6.0,,,0.0,,,,,0.0,0.651,,,,,,0.569,,,,,,48,98.6,,10,10.1,,,,,104.2,,,,,,,,,,9.0,,,,,0.162,,,,5.0,,,,,0,,,,0.0,,,,,,,,,,0.385,,,288,,,,,0.0,,,,,,,,,31,,,,128.0,,,,,,10.0,0.0,,,,,,,,,57.638888888888886
711,Jerry Stackhouse,32,79,1998,4912,DET,1610612765,23.0,,,,,0.054,,0.532,,,,,,,3.0,,,,239.0,,,,79.0,,,,5.0,,375.0,,,,184.0,,,,,,,,,47,,92.58,,,0.0,,,North Carolina,,,,,,,0.629,,,,,,266,,,39.0,1,USA,,,,166.0,,,,,4.0,,,,,,,,,,,,,,,105,,,94.0,,,,0.283,,,,,,0.286,,,,102.6,,2149.7,,,,5.4,,,0.043,,0.0,0.371,389.0,,,0.277,,,,,,,,,,,,,,,,,,,,,,195,,,,,103.3,,3.0,,,,,,8.0,,,,,,,0.245,,,,0.241,,,0.459,,,,,,,13.7,,,,,,,,78.0,,,,,,,,,,,,218.0,,,,,,29.0,,,,,,,,,,,,,,299.0,,,13.7,,,,-0.7,,,,,,,,,,,,,,,,,,,,,1.0,,,,,,,,,,,,,,,,,,0.0,,35.0,175,,,,,,,,,,,,,0.25,,,,0.294,,102.7,,,,,,,,,,-18,,,,,,1.08,,,,,,,,,,,,,,,11.0,224,,,,,0.329,0,,,,,,,0.0,2546.036666666667,,,,,0.17,,,,,,,,,17.0,,,28.0,111.0,,,,,0.405,,,,,,,,,,,89,,3,,1249,,,,,,,,,,,,,77.08,,106.0,,,,,,,,,,,1995,161,,,,,,,,,,1,,,1.0,,,,354,,,,,424,,,,,0.435,,,,,0.235,,,,-0.6,,119.0,,,,26.0,,,,,,,0.0,,,92.5,,,,12.3,,,103.0,,450,,,92.5,,,0.0,103.3,-0.6,,,0.273,,,,,0.25,0.787,,,,,,0.614,,,,,,241,103.3,,59,14.7,,,,,102.7,,,,,,,,,,26.0,,,,,0.065,,,,68.0,,,,,0,,,,0.34,,,,,,,,,,0.37,,,975,,,,,0.244,,,,,,,,,69,,,,236.0,,,,,,30.0,0.0,,,,,,,,,46.15384615384615
754,Jim Jackson,24,79,1998,5891,GSW,1610612744,27.0,,,,,0.066,,0.504,,,,,,,3.0,,,,178.0,,,,124.0,,,,8.0,,281.0,,,,225.0,,,,,,,,,61,,93.08,,,0.0,,,Ohio State,,,,,,,0.591,,,,,,400,,,44.0,1,USA,,,,133.0,,,,,0.0,,,,,,,,,,,,,,,130,,,190.0,,,,0.389,,,,,,0.309,,,,98.4,,2291.5,,,,6.0,,,0.043,,3.0,0.393,310.0,,,0.395,,,,,,,,,,,,,,,,,,,,,,191,,,,,104.5,,9.0,,,,,,17.0,,,,,,,0.216,,,,0.319,,,0.458,,,,,,,14.0,,,,,,,,78.0,,,,,,,,,,,,220.0,,,,,,25.0,,,,,,,,,,,,,,473.0,,,14.0,,,,-6.1,,,,,,,,,,,,,,,,,,,,,0.0,,,,,,,,,,,,,,,,,,0.0,,69.0,186,,,,,,,,,,,,,0.219,,,,0.296,,99.2,,,,,,,,,,-303,,,,,,1.45,,,,,,,,,,,,,,,28.0,263,,,,,0.347,3,,,,,,,0.0,3048.1366666666668,,,,,0.222,,,,,,,,,27.0,,,55.0,186.0,,,,,0.304,,,,,,,,,,,79,,4,,1242,,,,,,,,,,,,,77.28,,162.0,,,,,,,,,,,1992,270,,,,,,,,,,1,,,3.0,,,,229,,,,,476,,,,,0.43,,,,,0.331,,,,-5.2,,85.0,,,,75.0,,,,,,,0.0,,,92.74,,,,14.0,,,167.0,,282,,,92.74,,,0.0,104.5,-5.2,,,0.321,,,,,0.0,0.812,,,,,,0.574,,,,,,381,104.5,,8,20.3,,,,,99.2,,,,,,,,,,43.0,,,,,0.09,,,,86.0,,,,,0,,,,0.413,,,,,,,,,,0.382,,,1107,,,,,0.294,,,,,,,,,67,,,,166.0,,,,,,63.0,0.0,,,,,,,,,25.474254742547426
29,Jim McIlvaine,57,78,1998,2329,SEA,1610612760,25.0,,,,,0.109,,0.477,,,,,,,,,,,72.0,,,,20.0,,,,0.0,,121.0,,,,36.0,,,,,,,,,0,,93.62,,,,,,Marquette,,,,,,,0.579,,,,,,259,,,0.0,1,USA,,,,3.0,,,,,0.0,,,,,,,,,,,,,,,96,,,36.0,,,,0.25,,,,,,0.0,,,,107.8,,1015.3,,,,1.3,,,0.082,,0.0,0.338,126.0,,,0.472,,,,,,,,,,,,,,,,,,,,,,3,,,,,101.9,,0.0,,,,,,0.0,,,,,,,0.116,,,,0.0,,,0.453,,,,,,,16.3,,,,,,,,85.0,,,,,,,,,,,,264.0,,,,,,0.0,,,,,,,,,,,,,,71.0,,,16.3,,,,6.9,,,,,,,,,,,,,,,,,,,,,0.0,,,,,,,,,,,,,,,,,,,,1.0,240,,,,,,,,,,,,,0.117,,,,0.0,,108.8,,,,,,,,,,157,,,,,,0.35,,,,,,,,,,,,,,,0.0,54,,,,,0.15,1,,,,,,,,1207.0183333333334,,,,,0.021,,,,,,,,,0.0,,,0.0,24.0,,,,,0.731,,,,,,,,,,,24,,32,,247,,,,,,,,,,,,,77.26,,28.0,,,,,,,,,,,1994,163,,,,,,,,,,2,,,,,,,45,,,,,101,,,,,0.453,,,,,0.0,,,,7.0,,1.0,,,,17.0,,,,,,,0.0,,,92.72,,,,2.9,,,4.0,,81,,,92.72,,,,101.9,7.0,,,0.0,,,,,0.0,0.556,,,,,,0.571,,,,,,19,100.9,,137,5.7,,,,,108.8,,,,,,,,,,3.0,,,,,0.135,,,,8.0,,,,,0,,,,0.25,,,,,,,,,,0.222,,,223,,,,,0.0,,,,,,,,,28,,,,70.0,,,,,,7.0,0.0,,,,,,,,,36.32286995515695
1429,Jimmy Oliver,0,1,1998,20,WAS,1610612764,28.0,,,,,0.0,,0.625,,,,,,,,,,,0.0,,,,0.0,,,,0.0,,0.0,,,,1.0,,,,,,,,,1,,91.74,,,,,,Purdue,,,,,,,0.0,,,,,,2,,,1.0,0,USA,,,,2.0,,,,,,,,,,,,,,,,,,,,0,,,1.0,,,,0.0,,,,,,0.0,,,,87.7,,8.9,,,,2.0,,,0.0,,,0.5,0.0,,,0.0,,,,,,,,,,,,,,,,,,,,,,2,,,,,71.4,,0.0,,,,,,0.0,,,,,,,0.182,,,,0.5,,,0.625,,,,,,,0.0,,,,,,,,77.0,,,,,,,,,,,,205.0,,,,,,1.0,,,,,,,,,,,,,,2.0,,,0.0,,,,4.2,,,,,,,,,,,,,,,,,,,,,,,,,,,,,,,,,,,,,,,,,0.0,1,,,,,,,,,,,,,0.186,,,,0.0,,90.0,,,,,,,,,,3,,,,,,0.0,,,,,,,,,,,,,,,0.0,0,,,,,0.0,0,,,,,,,,10.066666666666666,,,,,0.25,,,,,,,,,0.0,,,0.0,1.0,,,,,0.0,,,,,,,,,,,0,,39,,5,,,,,,,,,,,,,81.46,,0.0,,,,,,,,,,,1991,2,,,,,,,,,,2,,,,,,,0,,,,,2,,,,,0.5,,,,,0.5,,,,18.6,,2.0,,,,0.0,,,,,,,,,,97.75,,,,4.0,,,0.0,,0,,,97.75,,,,71.4,18.6,,,0.0,,,,,,0.0,,,,,,0.0,,,,,,1,83.5,,0,20.0,,,,,90.0,,,,,,,,,,0.0,,,,,0.0,,,,1.0,,,,,0,,,,0.0,,,,,,,,,,1.0,,,4,,,,,0.5,,,,,,,,,0,,,,0.0,,,,,,0.0,,,,,,,,,,0.0
247,Joe Dumars,34,72,1998,4363,DET,1610612765,35.0,,,,,0.024,,0.549,,,,,,,0.0,,,,9.0,,,,31.0,,,,2.0,,12.0,,,,162.0,,,,,,,,,158,,90.21,,,0.0,,,McNeese State,,,,,,,0.583,,,,,,104,,,149.0,1,USA,,,,393.0,,,,,1.0,,,,,,,,,,,,,,,14,,,115.0,,,,0.481,,,,,,0.281,,,,102.9,,1501.3,,,,4.6,,,0.006,,0.0,0.46,19.0,,,0.513,,,,,,,,,,,,,,,,,,,,,,426,,,,,102.8,,7.0,,,,,,9.0,,,,,,,0.185,,,,0.371,,,0.516,,,,,,,7.0,,,,,,,,75.0,,,,,,,,,,,,195.0,,,,,,106.0,,,,,,,,,,,,,,300.0,,,7.1,,,,0.8,,,,,,,,,,,,,,,,,,,,,1.0,,,,,,,,,,,,,,,,,,0.0,,70.0,99,,,,,,,,,,,,,0.191,,,,0.222,,103.0,,,,,,,,,,28,,,,,,3.01,,,,,,,,,,,,,,,23.0,84,,,,,0.452,1,,,,,,,0.0,2325.5466666666666,,,,,0.187,,,,,,,,,9.0,,,32.0,138.0,,,,,0.472,,,,,,,,,,,44,,18,,943,,,,,,,,,,,,,74.92,,54.0,,,,,,,,,,,1985,90,,,,,,,,,,1,,,0.0,,,,127,,,,,329,,,,,0.416,,,,,0.379,,,,0.3,,294.0,,,,59.0,,,,,,,0.0,,,89.9,,,,11.0,,,169.0,,154,,,89.9,,,0.0,102.8,0.3,,,0.304,,,,,1.0,0.825,,,,,,0.474,,,,,,253,102.2,,2,21.4,,,,,103.0,,,,,,,,,,14.0,,,,,0.041,,,,70.0,,,,,0,,,,0.414,,,,,,,,,,0.432,,,791,,,,,0.361,,,,,,,,,7,,,,7.0,,,,,,26.0,0.0,,,,,,,,,19.469026548672566
170,Joe Kleine,33,46,1998,757,CHI,1610612741,36.0,,,,,0.095,,0.408,,,,,,,0.0,,,,8.0,,,,16.0,,,,0.0,,14.0,,,,37.0,,,,,,,,,0,,91.95,,,,,,Arkansas,,,,,,,0.5,,,,,,77,,,0.0,0,USA,,,,0.0,,,,,0.0,,,,,,,,,,,,,,,27,,,32.0,,,,0.192,,,,,,0.0,,,,97.1,,229.4,,,,0.8,,,0.066,,0.0,0.409,19.0,,,0.344,,,,,,,,,,,,,,,,,,,,,,0,,,,,100.9,,0.0,,,,,,0.0,,,,,,,0.159,,,,0.0,,,0.368,,,,,,,16.3,,,,,,,,83.0,,,,,,,,,,,,255.0,,,,,,0.0,,,,,,,,,,,,,,66.0,,,16.2,,,,-4.1,,,,,,,,,,,,,,,,,,,,,0.0,,,,,,,,,,,,,,,,,,0.0,,1.0,63,,,,,,,,,,,,,0.163,,,,0.0,,96.3,,,,,,,,,,-38,,,,,,1.07,,,,,,,,,,,,,,,0.0,28,,,,,0.25,0,,,,,,,0.0,394.0316666666667,,,,,0.123,,,,,,,,,0.0,,,0.0,27.0,,,,,0.717,,,,,,,,,,,4,,6,,93,,,,,,,,,,,,,77.0,,26.0,,,,,,,,,,,1985,50,,,,,,,,,,1,,,,,,,15,,,,,39,,,,,0.368,,,,,0.0,,,,-4.6,,0.0,,,,11.0,,,,,,,0.0,,,92.4,,,,2.3,,,2.0,,18,,,92.4,,,,100.9,-4.6,,,0.0,,,,,0.0,0.833,,,,,,0.421,,,,,,30,101.1,,5,17.3,,,,,96.3,,,,,,,,,,4.0,,,,,0.125,,,,15.0,,,,,0,,,,0.5,,,,,,,,,,0.405,,,106,,,,,0.0,,,,,,,,,3,,,,7.0,,,,,,5.0,0.0,,,,,,,,,16.9811320754717
693,Joe Smith,23,79,1998,4619,PHI,1610612755,22.0,,,,,0.096,,0.482,,,,,,,0.0,,,,163.0,,,,146.0,,,,0.0,,253.0,,,,386.0,,,,,,,,,0,,94.53,,,0.0,,,Maryland,,,,,,,0.605,,,,,,471,,,0.0,3,USA,,,,7.0,,,,,1.0,,,,,,,,,,,,,,,199,,,198.0,,,,0.285,,,,,,0.0,,,,93.3,,2042.2,,,,5.9,,,0.077,,0.0,0.414,291.0,,,0.374,,,,,,,,,,,,,,,,,,,,,,8,,,,,102.4,,0.0,,,,,,0.0,,,,,,,0.248,,,,0.0,,,0.434,,,,,,,10.9,,,,,,,,82.0,,,,,,,,,,,,225.0,,,,,,0.0,,,,,,,,,,,,,,623.0,,,10.9,,,,-9.8,,,,,,,,,,,,,,,,,,,,,0.0,,,,,,,,,,,,,,,,,,0.0,,20.0,263,,,,,,,,,,,,,0.252,,,,0.0,,93.7,,,,,,,,,,-415,,,,,,0.59,,,,,,,,,,,,,,,1.0,158,,,,,0.288,15,,,,,,,0.0,2345.685,,,,,0.077,,,,,,,,,0.0,,,1.0,258.0,,,,,0.291,,,,,,,,,,,62,,1,,1155,,,,,,,,,,,,,78.87,,186.0,,,,,,,,,,,1995,272,,,,,,,,,,1,,,0.0,,,,227,,,,,464,,,,,0.434,,,,,0.0,,,,-8.7,,5.0,,,,74.0,,,,,,,0.0,,,94.64,,,,13.5,,,43.0,,293,,,94.64,,,0.0,102.4,-8.7,,,0.0,,,,,0.0,0.775,,,,,,0.56,,,,,,94,103.0,,51,6.5,,,,,93.7,,,,,,,,,,42.0,,,,,0.116,,,,165.0,,,,,0,,,,0.465,,,,,,,,,,0.427,,,1070,,,,,0.0,,,,,,,,,75,,,,153.0,,,,,,53.0,0.0,,,,,,,,,27.38317757009346
1086,Joe Stephens,0,7,1998,86,HOU,1610612745,25.0,,,,,0.0,,0.441,,,,,,,,,,,2.0,,,,7.0,,,,0.0,,4.0,,,,4.0,,,,,,,,,3,,111.41,,,,,,Arkansas-Little Rock,,,,,,,0.5,,,,,,6,,,1.0,0,USA,,,,8.0,,,,,,,,,,,,,,,,,,,,3,,,1.0,,,,0.6,,,,,,1.0,,,,91.8,,39.7,,,,1.4,,,0.06,,,0.222,4.0,,,1.0,,,,,,,,,,,,,,,,,,,,,,10,,,,,108.0,,2.0,,,,,,2.0,,,,,,,0.311,,,,0.3,,,0.411,,,,,,,5.9,,,,,,,,79.0,,,,,,,,,,,,210.0,,,,,,0.0,,,,,,,,,,,,,,9.0,,,5.9,,,,-24.2,,,,,,,,,,,,,,,,,,,,,,,,,,,,,,,,,,,,,,,,,4.0,2,,,,,,,,,,,,,0.316,,,,0.0,,95.3,,,,,,,,,,-12,,,,,,0.5,,,,,,,,,,,,,,,2.0,2,,,,,0.429,0,,,,,,,,36.68333333333333,,,,,0.063,,,,,,,,,0.0,,,2.0,2.0,,,,,0.0,,,,,,,,,,,2,,Undrafted,,27,,,,,,,,,,,,,94.32,,5.0,,,,,,,,,,,Undrafted,3,,,,,,,,,,Undrafted,,,,,,,4,,,,,10,,,,,0.357,,,,,0.125,,,,-12.7,,2.0,,,,1.0,,,,,,,,,,113.18,,,,4.0,,,10.0,,6,,,113.18,,,,108.0,-12.7,,,1.0,,,,,,0.667,,,,,,0.5,,,,,,1,116.0,,0,2.9,,,,,95.3,,,,,,,,,,3.0,,,,,0.0,,,,0.0,,,,,0,,,,0.4,,,,,,,,,,0.0,,,28,,,,,0.0,,,,,,,,,1,,,,2.0,,,,,,3.0,,,,,,,,,,21.428571428571427
341,Joe Wolf,8,57,1998,1188,DEN,1610612743,33.0,,,,,0.103,,0.347,,,,,,,3.0,,,,9.0,,,,17.0,,,,0.0,,16.0,,,,42.0,,,,,,,,,2,,90.14,,,1.0,,,North Carolina,,,,,,,0.5,,,,,,126,,,1.0,1,USA,,,,9.0,,,,,1.0,,,,,,,,,,,,,,,36,,,26.0,,,,0.278,,,,,,0.0,,,,93.5,,342.2,,,,0.7,,,0.056,,1.0,0.325,18.0,,,0.308,,,,,,,,,,,,,,,,,,,,,,10,,,,,100.6,,0.0,,,,,,0.0,,,,,,,0.106,,,,0.2,,,0.339,,,,,,,12.4,,,,,,,,83.0,,,,,,,,,,,,230.0,,,,,,0.0,,,,,,,,,,,,,,77.0,,,12.5,,,,-9.3,,,,,,,,,,,,,,,,,,,,,0.0,,,,,,,,,,,,,,,,,,1.0,,3.0,92,,,,,,,,,,,,,0.11,,,,0.0,,93.3,,,,,,,,,,-79,,,,,,1.36,,,,,,,,,,,,,,,0.0,22,,,,,0.353,0,,,,,,,0.333,622.7366666666667,,,,,0.08,,,,,,,,,0.0,,,0.0,25.0,,,,,0.14,,,,,,,,,,,20,,13,,87,,,,,,,,,,,,,76.05,,18.0,,,,,,,,,,,1987,90,,,,,,,,,,1,,,1.0,,,,5,,,,,40,,,,,0.331,,,,,0.111,,,,-7.3,,4.0,,,,8.0,,,,,,,1.0,,,91.26,,,,2.1,,,9.0,,10,,,91.26,,,1.0,100.6,-7.3,,,0.0,,,,,0.0,0.5,,,,,,0.5,,,,,,30,102.8,,7,17.0,,,,,93.3,,,,,,,,,,6.0,,,,,0.155,,,,12.0,,,,,0,,,,0.333,,,,,,,,,,0.286,,,121,,,,,0.0,,,,,,,,,3,,,,8.0,,,,,,5.0,1.0,,,,,,,,,8.264462809917354
180,John Crotty,16,26,1998,722,POR,1610612757,28.0,,,,,0.043,,0.457,,,,,,,1.0,,,,18.0,,,,4.0,,,,1.0,,39.0,,,,17.0,,,,,,,,,6,,92.63,,,,,,Virginia,,,,,,,0.462,,,,,,32,,,1.0,0,USA,,,,10.0,,,,,0.0,,,,,,,,,,,,,,,4,,,3.0,,,,0.0,,,,,,0.2,,,,94.8,,219.9,,,,1.1,,,0.011,,0.0,0.29,39.0,,,0.333,,,,,,,,,,,,,,,,,,,,,,20,,,,,99.2,,0.0,,,,,,1.0,,,,,,,0.167,,,,0.3,,,0.356,,,,,,,20.0,,,,,,,,73.0,,,,,,,,,,,,185.0,,,,,,0.0,,,,,,,,,,,,,,31.0,,,20.1,,,,-5.8,,,,,,,,,,,,,,,,,,,,,0.0,,,,,,,,,,,,,,,,,,0.0,,8.0,28,,,,,,,,,,,,,0.171,,,,0.333,,96.0,,,,,,,,,,-36,,,,,,1.5,,,,,,,,,,,,,,,2.0,42,,,,,0.0,0,,,,,,,0.0,377.335,,,,,0.276,,,,,,,,,3.0,,,5.0,9.0,,,,,0.615,,,,,,,,,,,10,,Undrafted,,96,,,,,,,,,,,,,77.23,,5.0,,,,,,,,,,,Undrafted,28,,,,,,,,,,Undrafted,,,,,,,32,,,,,29,,,,,0.322,,,,,0.1,,,,-3.2,,5.0,,,,1.0,,,,,,,0.0,,,92.67,,,,3.5,,,21.0,,34,,,92.67,,,,99.2,-3.2,,,0.0,,,,,0.0,0.941,,,,,,0.462,,,,,,63,100.6,,1,30.1,,,,,96.0,,,,,,,,,,0.0,,,,,0.075,,,,2.0,,,,,0,,,,0.381,,,,,,,,,,0.118,,,90,,,,,0.0,,,,,,,,,6,,,,18.0,,,,,,0.0,0.0,,,,,,,,,37.77777777777778
317,John Starks,43,82,1998,4151,NYK,1610612752,32.0,,,,,0.055,,0.505,,,,,,,1.0,,,,116.0,,,,34.0,,,,12.0,,201.0,,,,153.0,,,,,,,,,130,,90.8,,,0.0,,,Oklahoma State,,,,,,,0.572,,,,,,230,,,102.0,3,USA,,,,303.0,,,,,1.0,,,,,,,,,,,,,,,48,,,51.0,,,,0.351,,,,,,0.304,,,,100.9,,1770.5,,,,4.5,,,0.023,,3.0,0.364,209.0,,,0.373,,,,,,,,,,,,,,,,,,,,,,397,,,,,98.6,,16.0,,,,,,28.0,,,,,,,0.251,,,,0.327,,,0.462,,,,,,,10.1,,,,,,,,77.0,,,,,,,,,,,,185.0,,,,,,52.0,,,,,,,,,,,,,,313.0,,,10.0,,,,2.4,,,,,,,,,,,,,,,,,,,,,0.0,,,,,,,,,,,,,,,,,,0.0,,113.0,205,,,,,,,,,,,,,0.255,,,,0.24,,100.7,,,,,,,,,,91,,,,,,1.54,,,,,,,,,,,,,,,42.0,142,,,,,0.412,0,,,,,,,0.0,2189.655,,,,,0.188,,,,,,,,,50.0,,,92.0,114.0,,,,,0.524,,,,,,,,,,,78,,Undrafted,,1059,,,,,,,,,,,,,75.77,,37.0,,,,,,,,,,,Undrafted,182,,,,,,,,,,Undrafted,,,0.0,,,,185,,,,,372,,,,,0.393,,,,,0.337,,,,2.0,,159.0,,,,19.0,,,,,,,2.0,,,90.92,,,,11.5,,,335.0,,235,,,90.92,,,0.0,98.6,2.0,,,0.381,,,,,0.0,0.787,,,,,,0.555,,,,,,219,98.6,,5,15.5,,,,,100.7,,,,,,,,,,14.0,,,,,0.088,,,,56.0,,,,,0,,,,0.337,,,,,,,,,,0.366,,,946,,,,,0.327,,,,,,,,,37,,,,115.0,,,,,,13.0,0.667,,,,,,,,,24.841437632135307
304,John Stockton,51,64,1998,3525,UTA,1610612762,36.0,,,,,0.051,,0.628,,,,,,,1.0,,,,137.0,,,,45.0,,,,0.0,,198.0,,,,77.0,,,,,,,,,39,,91.71,,,0.0,,,Gonzaga,,,,,,,0.677,,,,,,166,,,39.0,1,USA,,,,87.0,,,,,1.0,,,,,,,,,,,,,,,35,,,45.0,,,,0.53,,,,,,0.0,,,,114.0,,1919.7,,,,4.2,,,0.023,,1.0,0.39,204.0,,,0.578,,,,,,,,,,,,,,,,,,,,,,91,,,,,101.0,,0.0,,,,,,0.0,,,,,,,0.189,,,,0.429,,,0.567,,,,,,,12.2,,,,,,,,73.0,,,,,,,,,,,,175.0,,,,,,9.0,,,,,,,,,,,,,,159.0,,,12.3,,,,13.4,,,,,,,,,,,,,,,,,,,,,0.0,,,,,,,,,,,,,,,,,,0.0,,56.0,138,,,,,,,,,,,,,0.194,,,,0.0,,115.2,,,,,,,,,,498,,,,,,3.37,,,,,,,,,,,,,,,1.0,161,,,,,0.378,17,,,,,,,0.0,1858.1766666666667,,,,,0.447,,,,,,,,,0.0,,,1.0,62.0,,,,,0.797,,,,,,,,,,,89,,16,,770,,,,,,,,,,,,,75.91,,66.0,,,,,,,,,,,1984,131,,,,,,,,,,1,,,0.0,,,,191,,,,,270,,,,,0.528,,,,,0.448,,,,14.2,,25.0,,,,26.0,,,,,,,0.0,,,91.1,,,,8.0,,,112.0,,231,,,91.1,,,0.0,101.0,14.2,,,0.0,,,,,0.0,0.827,,,,,,0.672,,,,,,543,100.6,,10,41.6,,,,,115.2,,,,,,,,,,17.0,,,,,0.074,,,,25.0,,,,,0,,,,0.5,,,,,,,,,,0.325,,,511,,,,,0.36,,,,,,,,,35,,,,134.0,,,,,,35.0,0.0,,,,,,,,,45.205479452054796
1519,John Thomas,17,54,1998,1109,TOR,1610612761,22.0,,,,,0.099,,0.552,,,,,,,0.0,,,,43.0,,,,20.0,,,,0.0,,72.0,,,,3.0,,,,,,,,,0,,97.39,,,0.0,,,Minnesota,,,,,,,0.583,,,,,,106,,,0.0,3,USA,,,,0.0,,,,,0.0,,,,,,,,,,,,,,,48,,,15.0,,,,0.2,,,,,,0.0,,,,98.3,,359.7,,,,1.0,,,0.084,,,0.429,75.0,,,0.533,,,,,,,,,,,,,,,,,,,,,,0,,,,,96.7,,0.0,,,,,,0.0,,,,,,,0.141,,,,0.0,,,0.487,,,,,,,23.0,,,,,,,,81.0,,,,,,,,,,,,265.0,,,,,,0.0,,,,,,,,,,,,,,21.0,,,22.9,,,,-2.6,,,,,,,,,,,,,,,,,,,,,0.0,,,,,,,,,,,,,,,,,,0.0,,0.0,97,,,,,,,,,,,,,0.145,,,,0.0,,97.3,,,,,,,,,,1,,,,,,0.37,,,,,,,,,,,,,,,0.0,46,,,,,0.15,0,,,,,,,0.0,533.4366666666666,,,,,0.05,,,,,,,,,0.0,,,0.0,9.0,,,,,0.315,,,,,,,,,,,22,,25,,151,,,,,,,,,,,,,83.38,,20.0,,,,,,,,,,,1997,58,,,,,,,,,,1,,,0.0,,,,41,,,,,55,,,,,0.487,,,,,0.0,,,,0.6,,0.0,,,,8.0,,,,,,,,,,100.06,,,,2.1,,,0.0,,54,,,100.06,,,0.0,96.7,0.6,,,0.0,,,,,0.0,0.759,,,,,,0.573,,,,,,17,101.0,,12,8.5,,,,,97.3,,,,,,,,,,3.0,,,,,0.117,,,,1.0,,,,,0,,,,0.0,,,,,,,,,,0.333,,,113,,,,,0.0,,,,,,,,,16,,,,42.0,,,,,,4.0,,,,,,,,,,47.78761061946903
961,John Wallace,16,82,1998,4716,TOR,1610612761,24.0,,,,,0.078,,0.518,,,,,,,0.0,,,,195.0,,,,161.0,,,,0.0,,319.0,,,,148.0,,,,,,,,,1,,96.39,,,0.0,,,Syracuse,,,,,,,0.583,,,,,,373,,,1.0,2,USA,,,,2.0,,,,,0.0,,,,,,,,,,,,,,,117,,,327.0,,,,0.424,,,,,,0.0,,,,98.0,,2076.6,,,,5.7,,,0.048,,0.0,0.428,339.0,,,0.446,,,,,,,,,,,,,,,,,,,,,,2,,,,,108.4,,0.0,,,,,,0.0,,,,,,,0.231,,,,0.5,,,0.479,,,,,,,12.4,,,,,,,,81.0,,,,,,,,,,,,225.0,,,,,,0.0,,,,,,,,,,,,,,460.0,,,12.4,,,,-10.4,,,,,,,,,,,,,,,,,,,,,0.0,,,,,,,,,,,,,,,,,,0.0,,2.0,239,,,,,,,,,,,,,0.235,,,,0.0,,98.6,,,,,,,,,,-473,,,,,,0.64,,,,,,,,,,,,,,,0.0,172,,,,,0.398,5,,,,,,,0.0,2358.76,,,,,0.083,,,,,,,,,0.0,,,0.0,197.0,,,,,0.195,,,,,,,,,,,62,,18,,1147,,,,,,,,,,,,,80.08,,198.0,,,,,,,,,,,1996,256,,,,,,,,,,1,,,0.0,,,,210,,,,,468,,,,,0.478,,,,,0.5,,,,-9.8,,1.0,,,,146.0,,,,,,,0.0,,,96.09,,,,11.9,,,3.0,,293,,,96.09,,,0.0,108.4,-9.8,,,0.0,,,,,0.0,0.717,,,,,,0.575,,,,,,110,108.4,,101,7.9,,,,,98.6,,,,,,,,,,64.0,,,,,0.108,,,,61.0,,,,,0,,,,0.667,,,,,,,,,,0.412,,,979,,,,,0.0,,,,,,,,,75,,,,186.0,,,,,,84.0,0.0,,,,,,,,,29.928498467824312
271,Johnny Newman,11,74,1998,4190,DEN,1610612743,34.0,,,,,0.033,,0.547,,,,,,,2.0,,,,175.0,,,,54.0,,,,7.0,,286.0,,,,184.0,,,,,,,,,36,,92.93,,,0.0,,,Richmond,,,,,,,0.605,,,,,,141,,,25.0,2,USA,,,,82.0,,,,,0.0,,,,,,,,,,,,,,,50,,,67.0,,,,0.203,,,,,,0.478,,,,95.8,,1621.2,,,,4.6,,,0.023,,0.0,0.356,294.0,,,0.269,,,,,,,,,,,,,,,,,,,,,,105,,,,,108.5,,4.0,,,,,,11.0,,,,,,,0.235,,,,0.343,,,0.453,,,,,,,11.5,,,,,,,,79.0,,,,,,,,,,,,205.0,,,,,,12.0,,,,,,,,,,,,,,343.0,,,11.5,,,,-12.0,,,,,,,,,,,,,,,,,,,,,0.0,,,,,,,,,,,,,,,,,,0.0,,60.0,208,,,,,,,,,,,,,0.239,,,,0.438,,96.8,,,,,,,,,,-481,,,,,,0.94,,,,,,,,,,,,,,,7.0,147,,,,,0.185,0,,,,,,,0.0,2180.595,,,,,0.126,,,,,,,,,16.0,,,23.0,122.0,,,,,0.149,,,,,,,,,,,77,,29,,1089,,,,,,,,,,,,,76.78,,64.0,,,,,,,,,,,1986,91,,,,,,,,,,2,,,1.0,,,,365,,,,,344,,,,,0.431,,,,,0.305,,,,-11.7,,52.0,,,,18.0,,,,,,,0.0,,,92.13,,,,10.8,,,146.0,,445,,,92.13,,,0.0,108.5,-11.7,,,0.571,,,,,0.0,0.82,,,,,,0.595,,,,,,138,107.8,,24,10.8,,,,,96.8,,,,,,,,,,10.0,,,,,0.044,,,,69.0,,,,,0,,,,0.411,,,,,,,,,,0.375,,,799,,,,,0.231,,,,,,,,,78,,,,173.0,,,,,,13.0,0.0,,,,,,,,,55.694618272841055
1511,Johnny Taylor,4,12,1998,216,ORL,1610612753,24.0,,,,,0.071,,0.431,,,,,,,0.0,,,,5.0,,,,6.0,,,,0.0,,7.0,,,,11.0,,,,,,,,,1,,95.46,,,,,,Tennessee-Chattanooga,,,,,,,0.714,,,,,,13,,,1.0,0,USA,,,,2.0,,,,,,,,,,,,,,,,,,,,4,,,7.0,,,,0.333,,,,,,0.0,,,,107.5,,62.1,,,,1.1,,,0.04,,,0.211,8.0,,,0.286,,,,,,,,,,,,,,,,,,,,,,2,,,,,100.5,,0.0,,,,,,0.0,,,,,,,0.208,,,,0.5,,,0.365,,,,,,,15.1,,,,,,,,81.0,,,,,,,,,,,,220.0,,,,,,1.0,,,,,,,,,,,,,,19.0,,,15.1,,,,5.1,,,,,,,,,,,,,,,,,,,,,,,,,,,,,,,,,,,,,,,0.0,,0.0,22,,,,,,,,,,,,,0.215,,,,0.0,,105.1,,,,,,,,,,8,,,,,,0.13,,,,,,,,,,,,,,,0.0,8,,,,,0.333,0,,,,,,,0.0,106.825,,,,,0.014,,,,,,,,,0.0,,,0.0,4.0,,,,,0.333,,,,,,,,,,,3,,17,,38,,,,,,,,,,,,,81.25,,9.0,,,,,,,,,,,1997,9,,,,,,,,,,1,,,,,,,11,,,,,13,,,,,0.351,,,,,0.5,,,,4.6,,1.0,,,,2.0,,,,,,,,,,97.51,,,,3.1,,,4.0,,16,,,97.51,,,,100.5,4.6,,,0.0,,,,,,0.688,,,,,,0.625,,,,,,1,102.5,,2,1.9,,,,,105.1,,,,,,,,,,2.0,,,,,0.107,,,,3.0,,,,,0,,,,0.0,,,,,,,,,,0.273,,,37,,,,,1.0,,,,,,,,,2,,,,5.0,,,,,,3.0,,,,,,,,,,43.24324324324324
468,Jon Barry,39,49,1998,817,LAL,1610612747,28.0,,,,,0.043,,0.518,,,,,,,1.0,,,,8.0,,,,1.0,,,,2.0,,12.0,,,,13.0,,,,,,,,,18,,102.83,,,0.0,,,Georgia Tech,,,,,,,0.667,,,,,,37,,,13.0,0,USA,,,,47.0,,,,,1.0,,,,,,,,,,,,,,,8,,,7.0,,,,0.0,,,,,,0.385,,,,107.6,,300.9,,,,0.8,,,0.019,,,0.414,12.0,,,0.286,,,,,,,,,,,,,,,,,,,,,,61,,,,,101.2,,3.0,,,,,,5.0,,,,,,,0.143,,,,0.295,,,0.452,,,,,,,11.6,,,,,,,,77.0,,,,,,,,,,,,210.0,,,,,,9.0,,,,,,,,,,,,,,29.0,,,11.6,,,,4.7,,,,,,,,,,,,,,,,,,,,,0.0,,,,,,,,,,,,,,,,,,0.0,,13.0,33,,,,,,,,,,,,,0.15,,,,0.667,,103.7,,,,,,,,,,21,,,,,,2.32,,,,,,,,,,,,,,,10.0,22,,,,,0.0,0,,,,,,,0.0,371.1133333333333,,,,,0.194,,,,,,,,,3.0,,,13.0,12.0,,,,,0.796,,,,,,,,,,,24,,21,,121,,,,,,,,,,,,,88.01,,2.0,,,,,,,,,,,1992,29,,,,,,,,,,1,,,1.0,,,,27,,,,,38,,,,,0.365,,,,,0.277,,,,2.4,,34.0,,,,2.0,,,,,,,,,,105.61,,,,2.1,,,35.0,,29,,,105.61,,,0.0,101.2,2.4,,,0.3,,,,,0.0,0.931,,,,,,0.667,,,,,,51,102.9,,3,27.0,,,,,103.7,,,,,,,,,,0.0,,,,,0.067,,,,6.0,,,,,0,,,,0.371,,,,,,,,,,0.462,,,104,,,,,0.265,,,,,,,,,3,,,,8.0,,,,,,0.0,,,,,,,,,,27.884615384615383
146,Jud Buechler,55,74,1998,1252,CHI,1610612741,30.0,,,,,0.061,,0.554,,,,,,,0.0,,,,18.0,,,,0.0,,,,6.0,,21.0,,,,32.0,,,,,,,,,25,,95.79,,,0.0,,,Arizona,,,,,,,0.857,,,,,,77,,,15.0,0,USA,,,,39.0,,,,,1.0,,,,,,,,,,,,,,,24,,,8.0,,,,1.0,,,,,,0.385,,,,99.5,,453.9,,,,1.1,,,0.037,,0.0,0.461,21.0,,,0.5,,,,,,,,,,,,,,,,,,,,,,65,,,,,98.0,,4.0,,,,,,10.0,,,,,,,0.138,,,,0.385,,,0.554,,,,,,,8.4,,,,,,,,78.0,,,,,,,,,,,,228.0,,,,,,8.0,,,,,,,,,,,,,,89.0,,,8.4,,,,-0.9,,,,,,,,,,,,,,,,,,,,,0.0,,,,,,,,,,,,,,,,,,0.0,,39.0,47,,,,,,,,,,,,,0.142,,,,0.4,,97.1,,,,,,,,,,17,,,,,,2.33,,,,,,,,,,,,,,,11.0,21,,,,,0.0,0,,,,,,,0.0,605.4483333333334,,,,,0.134,,,,,,,,,15.0,,,26.0,41.0,,,,,0.743,,,,,,,,,,,22,,38,,198,,,,,,,,,,,,,81.76,,1.0,,,,,,,,,,,1990,53,,,,,,,,,,2,,,0.0,,,,3,,,,,85,,,,,0.483,,,,,0.385,,,,-0.9,,23.0,,,,4.0,,,,,,,0.0,,,98.11,,,,2.4,,,91.0,,6,,,98.11,,,0.0,98.0,-0.9,,,0.364,,,,,0.0,0.5,,,,,,0.857,,,,,,49,100.4,,15,19.7,,,,,97.1,,,,,,,,,,0.0,,,,,0.086,,,,16.0,,,,,0,,,,0.429,,,,,,,,,,0.5,,,176,,,,,0.348,,,,,,,,,1,,,,18.0,,,,,,1.0,0.0,,,,,,,,,3.409090909090909
436,Juwan Howard,32,64,1998,4939,WAS,1610612764,25.0,,,,,0.091,,0.515,,,,,,,0.0,,,,163.0,,,,219.0,,,,0.0,,263.0,,,,148.0,,,,,,,,,0,,94.08,,,0.0,,,Michigan,,,,,,,0.574,,,,,,449,,,0.0,6,USA,,,,2.0,,,,,0.0,,,,,,,,,,,,,,,161,,,322.0,,,,0.394,,,,,,0.0,,,,102.2,,2164.8,,,,7.2,,,0.063,,1.0,0.445,299.0,,,0.453,,,,,,,,,,,,,,,,,,,,,,2,,,,,103.9,,0.0,,,,,,0.0,,,,,,,0.231,,,,0.0,,,0.467,,,,,,,12.0,,,,,,,,81.0,,,,,,,,,,,,240.0,,,,,,0.0,,,,,,,,,,,,,,510.0,,,12.0,,,,-0.6,,,,,,,,,,,,,,,,,,,,,0.0,,,,,,,,,,,,,,,,,,0.0,,1.0,225,,,,,,,,,,,,,0.233,,,,0.0,,103.5,,,,,,,,,,-47,,,,,,1.12,,,,,,,,,,,,,,,0.0,185,,,,,0.425,11,,,,,,,0.0,2555.7916666666665,,,,,0.135,,,,,,,,,0.0,,,0.0,227.0,,,,,0.5,,,,,,,,,,,82,,5,,1184,,,,,,,,,,,,,77.52,,216.0,,,,,,,,,,,1994,288,,,,,,,,,,1,,,0.0,,,,258,,,,,463,,,,,0.467,,,,,0.0,,,,-0.4,,1.0,,,,146.0,,,,,,,0.0,,,93.02,,,,15.5,,,1.0,,358,,,93.02,,,0.0,103.9,-0.4,,,0.0,,,,,0.0,0.721,,,,,,0.545,,,,,,208,102.8,,23,13.5,,,,,103.5,,,,,,,,,,93.0,,,,,0.12,,,,60.0,,,,,0,,,,1.0,,,,,,,,,,0.405,,,991,,,,,0.0,,,,,,,,,51,,,,151.0,,,,,,85.0,0.0,,,,,,,,,36.12512613521695
252,Karl Malone,61,81,1998,5788,UTA,1610612762,34.0,,,,,0.152,,0.597,,,,,,,0.0,,,,368.0,,,,77.0,,,,0.0,,555.0,,,,486.0,,,,,,,,,2,,92.41,,,0.0,,,Louisiana Tech,,,,,,,0.643,,,,,,834,,,2.0,10,USA,,,,5.0,,,,,0.0,,,,,,,,,,,,,,,189,,,227.0,,,,0.333,,,,,,0.0,,,,111.9,,3915.8,,,,9.6,,,0.075,,0.0,0.481,583.0,,,0.436,,,,,,,,,,,,,,,,,,,,,,6,,,,,103.0,,0.0,,,,,,0.0,,,,,,,0.317,,,,0.333,,,0.531,,,,,,,10.3,,,,,,,,81.0,,,,,,,,,,,,256.0,,,,,,2.0,,,,,,,,,,,,,,797.0,,,10.2,,,,9.8,,,,,,,,,,,,,,,,,,,,,0.0,,,,,,,,,,,,,,,,,,0.0,,46.0,237,,,,,,,,,,,,,0.318,,,,0.0,,113.0,,,,,,,,,,585,,,,,,1.28,,,,,,,,,,,,,,,0.0,247,,,,,0.325,41,,,,,,,0.0,3031.885,,,,,0.204,,,,,,,,,1.0,,,1.0,383.0,,,,,0.753,,,,,,,,,,,96,,13,,2190,,,,,,,,,,,,,76.33,,114.0,,,,,,,,,,,1985,645,,,,,,,,,,1,,,0.0,,,,628,,,,,780,,,,,0.53,,,,,0.4,,,,10.0,,4.0,,,,99.0,,,,,,,0.0,,,91.59,,,,18.2,,,95.0,,825,,,91.59,,,0.0,103.0,10.0,,,0.0,,,,,0.0,0.761,,,,,,0.631,,,,,,316,102.1,,70,13.1,,,,,113.0,,,,,,,,,,25.0,,,,,0.218,,,,240.0,,,,,0,,,,0.484,,,,,,,,,,0.494,,,1472,,,,,0.5,,,,,,,,,89,,,,357.0,,,,,,38.0,0.0,,,,,,,,,56.046195652173914
1529,Kebu Stewart,6,15,1998,230,PHI,1610612755,24.0,,,,,0.132,,0.541,,,,,,,0.0,,,,9.0,,,,3.0,,,,0.0,,23.0,,,,0.0,,,,,,,,,0,,96.21,,,,,,California State-Bakersfield,,,,,,,0.391,,,,,,31,,,0.0,0,USA,,,,0.0,,,,,0.0,,,,,,,,,,,,,,,9,,,0.0,,,,1.0,,,,,,0.0,,,,106.6,,93.2,,,,0.8,,,0.078,,,0.0,23.0,,,0.0,,,,,,,,,,,,,,,,,,,,,,0,,,,,89.5,,0.0,,,,,,0.0,,,,,,,0.171,,,,0.0,,,0.462,,,,,,,17.0,,,,,,,,80.0,,,,,,,,,,,,239.0,,,,,,0.0,,,,,,,,,,,,,,0.0,,,16.7,,,,11.9,,,,,,,,,,,,,,,,,,,,,0.0,,,,,,,,,,,,,,,,,,0.0,,0.0,13,,,,,,,,,,,,,0.172,,,,0.0,,103.5,,,,,,,,,,25,,,,,,0.25,,,,,,,,,,,,,,,0.0,8,,,,,1.0,0,,,,,,,0.0,111.80666666666669,,,,,0.03,,,,,,,,,0.0,,,0.0,0.0,,,,,0.4,,,,,,,,,,,5,,35,,40,,,,,,,,,,,,,83.72,,3.0,,,,,,,,,,,1997,22,,,,,,,,,,2,,,,,,,16,,,,,12,,,,,0.462,,,,,0.0,,,,14.0,,0.0,,,,0.0,,,,,,,,,,100.46,,,,1.7,,,0.0,,25,,,100.46,,,,89.5,14.0,,,0.0,,,,,0.0,0.64,,,,,,0.391,,,,,,2,94.7,,2,4.2,,,,,103.5,,,,,,,,,,3.0,,,,,0.183,,,,0.0,,,,,0,,,,0.0,,,,,,,,,,0.0,,,26,,,,,0.0,,,,,,,,,7,,,,9.0,,,,,,3.0,,,,,,,,,,96.15384615384616
173,Keith Askins,32,46,1998,1292,MIA,1610612748,30.0,,,,,0.078,,0.426,,,,,,,0.0,,,,11.0,,,,0.0,,,,12.0,,18.0,,,,9.0,,,,,,,,,21,,91.2,,,0.0,,,Alabama,,,,,,,0.611,,,,,,101,,,7.0,0,USA,,,,24.0,,,,,0.0,,,,,,,,,,,,,,,28,,,0.0,,,,0.0,,,,,,0.286,,,,102.3,,366.7,,,,0.8,,,0.044,,0.0,0.226,18.0,,,0.0,,,,,,,,,,,,,,,,,,,,,,74,,,,,97.1,,2.0,,,,,,14.0,,,,,,,0.104,,,,0.284,,,0.406,,,,,,,14.0,,,,,,,,80.0,,,,,,,,,,,,224.0,,,,,,0.0,,,,,,,,,,,,,,31.0,,,14.0,,,,5.6,,,,,,,,,,,,,,,,,,,,,0.0,,,,,,,,,,,,,,,,,,0.0,,28.0,107,,,,,,,,,,,,,0.108,,,,0.462,,100.9,,,,,,,,,,36,,,,,,1.12,,,,,,,,,,,,,,,23.0,26,,,,,0.0,0,,,,,,,0.0,680.16,,,,,0.065,,,,,,,,,26.0,,,49.0,7.0,,,,,0.696,,,,,,,,,,,27,,Undrafted,,111,,,,,,,,,,,,,76.36,,0.0,,,,,,,,,,,Undrafted,73,,,,,,,,,,Undrafted,,,0.0,,,,12,,,,,39,,,,,0.32,,,,,0.292,,,,3.8,,7.0,,,,0.0,,,,,,,0.0,,,91.64,,,,2.7,,,88.0,,19,,,91.64,,,0.0,97.1,3.8,,,0.087,,,,,0.0,0.632,,,,,,0.611,,,,,,29,96.7,,12,15.6,,,,,100.9,,,,,,,,,,0.0,,,,,0.111,,,,0.0,,,,,0,,,,0.318,,,,,,,,,,0.0,,,122,,,,,0.0,,,,,,,,,3,,,,11.0,,,,,,0.0,0.0,,,,,,,,,15.573770491803279
1522,Keith Booth,4,6,1998,43,CHI,1610612741,23.0,,,,,0.0,,0.579,,,,,,,,,,,1.0,,,,0.0,,,,0.0,,3.0,,,,2.0,,,,,,,,,0,,118.37,,,,,,Maryland,,,,,,,0.333,,,,,,4,,,0.0,0,USA,,,,1.0,,,,,,,,,,,,,,,,,,,,2,,,0.0,,,,0.0,,,,,,0.0,,,,92.2,,13.3,,,,0.3,,,0.083,,0.0,0.5,3.0,,,0.0,,,,,,,,,,,,,,,,,,,,,,1,,,,,100.0,,0.0,,,,,,0.0,,,,,,,0.235,,,,0.0,,,0.333,,,,,,,23.7,,,,,,,,78.0,,,,,,,,,,,,226.0,,,,,,0.0,,,,,,,,,,,,,,2.0,,,23.1,,,,-10.0,,,,,,,,,,,,,,,,,,,,,,,,,,,,,,,,,,,,,,,,,0.0,3,,,,,,,,,,,,,0.236,,,,0.0,,90.7,,,,,,,,,,-4,,,,,,0.33,,,,,,,,,,,,,,,0.0,3,,,,,0.0,0,,,,,,,,17.096666666666668,,,,,0.077,,,,,,,,,0.0,,,0.0,1.0,,,,,0.667,,,,,,,,,,,0,,28,,10,,,,,,,,,,,,,100.6,,0.0,,,,,,,,,,,1997,2,,,,,,,,,,1,,,,,,,6,,,,,2,,,,,0.333,,,,,0.0,,,,-9.3,,0.0,,,,0.0,,,,,,,0.0,,,120.73,,,,1.0,,,1.0,,6,,,120.73,,,,100.0,-9.3,,,0.0,,,,,,1.0,,,,,,0.333,,,,,,1,102.3,,0,7.7,,,,,90.7,,,,,,,,,,0.0,,,,,0.0,,,,1.0,,,,,0,,,,0.0,,,,,,,,,,0.5,,,6,,,,,0.0,,,,,,,,,1,,,,1.0,,,,,,0.0,0.0,,,,,,,,,100.0
1569,Keith Closs,12,58,1998,1494,LAC,1610612746,22.0,,,,,0.108,,0.482,,,,,,,0.0,,,,64.0,,,,42.0,,,,0.0,,98.0,,,,27.0,,,,,,,,,0,,97.23,,,0.0,,,Central Connecticut State,,,,,,,0.622,,,,,,168,,,0.0,0,USA,,,,0.0,,,,,0.0,,,,,,,,,,,,,,,63,,,32.0,,,,0.261,,,,,,0.0,,,,99.9,,703.1,,,,1.6,,,0.08,,0.0,0.317,104.0,,,0.25,,,,,,,,,,,,,,,,,,,,,,0,,,,,107.1,,0.0,,,,,,0.0,,,,,,,0.161,,,,0.0,,,0.449,,,,,,,12.8,,,,,,,,87.0,,,,,,,,,,,,212.0,,,,,,0.0,,,,,,,,,,,,,,63.0,,,12.6,,,,-7.8,,,,,,,,,,,,,,,,,,,,,0.0,,,,,,,,,,,,,,,,,,0.0,,0.0,73,,,,,,,,,,,,,0.162,,,,0.0,,100.7,,,,,,,,,,-108,,,,,,0.5,,,,,,,,,,,,,,,0.0,38,,,,,0.238,0,,,,,,,0.0,740.9366666666666,,,,,0.041,,,,,,,,,0.0,,,0.0,20.0,,,,,0.207,,,,,,,,,,,12,,Undrafted,,232,,,,,,,,,,,,,80.95,,46.0,,,,,,,,,,,Undrafted,105,,,,,,,,,,Undrafted,,,0.0,,,,46,,,,,93,,,,,0.449,,,,,0.0,,,,-6.4,,0.0,,,,8.0,,,,,,,0.0,,,97.14,,,,3.6,,,2.0,,77,,,97.14,,,0.0,107.1,-6.4,,,0.0,,,,,0.0,0.597,,,,,,0.615,,,,,,19,107.7,,81,6.3,,,,,100.7,,,,,,,,,,10.0,,,,,0.135,,,,11.0,,,,,0,,,,0.0,,,,,,,,,,0.407,,,207,,,,,0.0,,,,,,,,,16,,,,61.0,,,,,,12.0,0.0,,,,,,,,,37.19806763285024
1496,Keith Van Horn,32,62,1998,4556,NJN,1610612751,22.0,,,,,0.09,,0.516,,,,,,,0.0,,,,180.0,,,,167.0,,,,3.0,,304.0,,,,125.0,,,,,,,,,69,,94.21,,,0.0,,,Utah,,,,,,,0.579,,,,,,408,,,59.0,2,USA,,,,193.0,,,,,0.0,,,,,,,,,,,,,,,142,,,136.0,,,,0.441,,,,,,0.3,,,,107.7,,1970.6,,,,7.2,,,0.059,,1.0,0.363,319.0,,,0.287,,,,,,,,,,,,,,,,,,,,,,224,,,,,104.9,,6.0,,,,,,9.0,,,,,,,0.245,,,,0.308,,,0.459,,,,,,,11.3,,,,,,,,82.0,,,,,,,,,,,,220.0,,,,,,29.0,,,,,,,,,,,,,,350.0,,,11.4,,,,3.0,,,,,,,,,,,,,,,,,,,,,0.0,,,,,,,,,,,,,,,,,,0.0,,74.0,216,,,,,,,,,,,,,0.251,,,,0.3,,108.2,,,,,,,,,,145,,,,,,0.65,,,,,,,,,,,,,,,20.0,164,,,,,0.467,10,,,,,,,0.0,2328.5,,,,,0.075,,,,,,,,,10.0,,,30.0,127.0,,,,,0.516,,,,,,,,,,,64,,2,,1219,,,,,,,,,,,,,78.31,,170.0,,,,,,,,,,,1997,266,,,,,,,,,,1,,,0.0,,,,258,,,,,446,,,,,0.426,,,,,0.306,,,,3.3,,98.0,,,,39.0,,,,,,,1.0,,,93.97,,,,16.9,,,201.0,,305,,,93.97,,,0.0,104.9,3.3,,,0.3,,,,,0.0,0.846,,,,,,0.564,,,,,,106,104.8,,25,7.3,,,,,108.2,,,,,,,,,,78.0,,,,,0.123,,,,45.0,,,,,0,,,,0.368,,,,,,,,,,0.36,,,1047,,,,,0.296,,,,,,,,,105,,,,176.0,,,,,,75.0,1.0,,,,,,,,,29.13085004775549
1509,Kelvin Cato,41,74,1998,1961,POR,1610612757,23.0,,,,,0.12,,0.496,,,,,,,1.0,,,,74.0,,,,45.0,,,,0.0,,121.0,,,,16.0,,,,,,,,,0,,92.25,,,0.0,,,Iowa State,,,,,,,0.612,,,,,,252,,,0.0,1,USA,,,,1.0,,,,,1.0,,,,,,,,,,,,,,,91,,,34.0,,,,0.256,,,,,,0.0,,,,96.6,,943.9,,,,1.3,,,0.089,,0.0,0.21,130.0,,,0.206,,,,,,,,,,,,,,,,,,,,,,3,,,,,97.1,,0.0,,,,,,0.0,,,,,,,0.143,,,,0.0,,,0.428,,,,,,,12.5,,,,,,,,83.0,,,,,,,,,,,,255.0,,,,,,0.0,,,,,,,,,,,,,,62.0,,,12.5,,,,-2.5,,,,,,,,,,,,,,,,,,,,,0.0,,,,,,,,,,,,,,,,,,0.0,,0.0,164,,,,,,,,,,,,,0.147,,,,0.0,,95.2,,,,,,,,,,-63,,,,,,0.52,,,,,,,,,,,,,,,0.0,44,,,,,0.311,1,,,,,,,0.0,1010.045,,,,,0.038,,,,,,,,,1.0,,,1.0,13.0,,,,,0.554,,,,,,,,,,,29,,15,,282,,,,,,,,,,,,,78.17,,43.0,,,,,,,,,,,1997,161,,,,,,,,,,1,,,1.0,,,,86,,,,,98,,,,,0.428,,,,,0.0,,,,-1.9,,0.0,,,,7.0,,,,,,,0.0,,,93.81,,,,3.1,,,2.0,,125,,,93.81,,,0.0,97.1,-1.9,,,0.0,,,,,0.0,0.688,,,,,,0.569,,,,,,23,99.0,,94,6.5,,,,,95.2,,,,,,,,,,14.0,,,,,0.149,,,,3.0,,,,,0,,,,0.0,,,,,,,,,,0.188,,,229,,,,,0.0,,,,,,,,,35,,,,74.0,,,,,,11.0,0.0,,,,,,,,,54.585152838427945
383,Kendall Gill,42,81,1998,5319,NJN,1610612751,30.0,,,,,0.073,,0.486,,,,,,,1.0,,,,203.0,,,,62.0,,,,1.0,,337.0,,,,251.0,,,,,,,,,26,,93.23,,,0.0,,,Illinois,,,,,,,0.593,,,,,,391,,,24.0,0,USA,,,,81.0,,,,,1.0,,,,,,,,,,,,,,,112,,,128.0,,,,0.253,,,,,,0.111,,,,105.0,,2392.2,,,,5.2,,,0.039,,2.0,0.376,346.0,,,0.273,,,,,,,,,,,,,,,,,,,,,,101,,,,,103.8,,1.0,,,,,,2.0,,,,,,,0.195,,,,0.257,,,0.443,,,,,,,8.6,,,,,,,,77.0,,,,,,,,,,,,216.0,,,,,,11.0,,,,,,,,,,,,,,458.0,,,8.5,,,,1.1,,,,,,,,,,,,,,,,,,,,,0.0,,,,,,,,,,,,,,,,,,0.0,,55.0,268,,,,,,,,,,,,,0.199,,,,0.125,,105.0,,,,,,,,,,51,,,,,,1.61,,,,,,,,,,,,,,,10.0,124,,,,,0.258,1,,,,,,,0.0,2738.651666666666,,,,,0.12,,,,,,,,,8.0,,,18.0,172.0,,,,,0.519,,,,,,,,,,,156,,5,,1087,,,,,,,,,,,,,77.78,,79.0,,,,,,,,,,,1990,279,,,,,,,,,,1,,,1.0,,,,225,,,,,418,,,,,0.429,,,,,0.296,,,,1.2,,33.0,,,,35.0,,,,,,,0.0,,,93.33,,,,12.0,,,150.0,,327,,,93.33,,,0.0,103.8,1.2,,,0.1,,,,,0.0,0.688,,,,,,0.587,,,,,,200,103.9,,64,13.8,,,,,105.0,,,,,,,,,,16.0,,,,,0.113,,,,98.0,,,,,0,,,,0.367,,,,,,,,,,0.39,,,974,,,,,0.333,,,,,,,,,76,,,,200.0,,,,,,20.0,0.0,,,,,,,,,33.572895277207394
72,Kenny Anderson,33,61,1998,3633,BOS,1610612738,27.0,,,,,0.047,,0.491,,,,,,,0.0,,,,101.0,,,,43.0,,,,2.0,,195.0,,,,128.0,,,,,,,,,57,,93.89,,,0.0,,,Georgia Tech,,,,,,,0.508,,,,,,173,,,40.0,1,USA,,,,120.0,,,,,0.0,,,,,,,,,,,,,,,39,,,77.0,,,,0.403,,,,,,0.462,,,,100.3,,1592.1,,,,4.4,,,0.021,,0.0,0.343,203.0,,,0.455,,,,,,,,,,,,,,,,,,,,,,160,,,,,100.6,,4.0,,,,,,6.0,,,,,,,0.212,,,,0.356,,,0.44,,,,,,,11.5,,,,,,,,73.0,,,,,,,,,,,,168.0,,,,,,12.0,,,,,,,,,,,,,,274.0,,,11.5,,,,-0.5,,,,,,,,,,,,,,,,,,,,,0.0,,,,,,,,,,,,,,,,,,0.0,,67.0,135,,,,,,,,,,,,,0.216,,,,0.333,,100.9,,,,,,,,,,16,,,,,,2.41,,,,,,,,,,,,,,,7.0,143,,,,,0.349,6,,,,,,,0.0,1858.7283333333328,,,,,0.311,,,,,,,,,6.0,,,13.0,94.0,,,,,0.541,,,,,,,,,,,87,,2,,746,,,,,,,,,,,,,78.12,,72.0,,,,,,,,,,,1991,134,,,,,,,,,,1,,,0.0,,,,153,,,,,268,,,,,0.398,,,,,0.333,,,,0.3,,40.0,,,,35.0,,,,,,,0.0,,,93.74,,,,11.0,,,183.0,,194,,,93.74,,,0.0,100.6,0.3,,,0.571,,,,,0.0,0.789,,,,,,0.498,,,,,,345,100.8,,1,27.7,,,,,100.9,,,,,,,,,,15.0,,,,,0.072,,,,38.0,,,,,0,,,,0.366,,,,,,,,,,0.297,,,674,,,,,0.3,,,,,,,,,45,,,,99.0,,,,,,29.0,0.0,,,,,,,,,28.783382789317507
954,Kerry Kittles,40,77,1998,5551,NJN,1610612751,24.0,,,,,0.065,,0.525,,,,,,,2.0,,,,181.0,,,,115.0,,,,7.0,,296.0,,,,249.0,,,,,,,,,110,,94.65,,,0.0,,,Villanova,,,,,,,0.601,,,,,,362,,,97.0,0,USA,,,,243.0,,,,,0.0,,,,,,,,,,,,,,,132,,,115.0,,,,0.356,,,,,,0.684,,,,105.4,,2427.4,,,,6.6,,,0.044,,0.0,0.374,310.0,,,0.348,,,,,,,,,,,,,,,,,,,,,,263,,,,,103.5,,6.0,,,,,,13.0,,,,,,,0.205,,,,0.418,,,0.488,,,,,,,6.9,,,,,,,,77.0,,,,,,,,,,,,179.0,,,,,,39.0,,,,,,,,,,,,,,460.0,,,6.9,,,,1.9,,,,,,,,,,,,,,,,,,,,,0.0,,,,,,,,,,,,,,,,,,0.0,,115.0,152,,,,,,,,,,,,,0.21,,,,0.7,,105.7,,,,,,,,,,144,,,,,,1.66,,,,,,,,,,,,,,,9.0,106,,,,,0.339,7,,,,,,,0.0,2813.221666666667,,,,,0.104,,,,,,,,,10.0,,,19.0,172.0,,,,,0.519,,,,,,,,,,,132,,8,,1328,,,,,,,,,,,,,78.77,,135.0,,,,,,,,,,,1996,230,,,,,,,,,,1,,,1.0,,,,202,,,,,508,,,,,0.44,,,,,0.399,,,,2.2,,107.0,,,,40.0,,,,,,,0.0,,,94.53,,,,15.0,,,256.0,,250,,,94.53,,,0.0,103.5,2.2,,,0.667,,,,,0.0,0.808,,,,,,0.584,,,,,,176,103.5,,37,11.4,,,,,105.7,,,,,,,,,,39.0,,,,,0.088,,,,94.0,,,,,0,,,,0.449,,,,,,,,,,0.378,,,1154,,,,,0.364,,,,,,,,,58,,,,178.0,,,,,,48.0,0.0,,,,,,,,,21.663778162911612
236,Kevin Edwards,23,39,1998,989,ORL,1610612753,32.0,,,,,0.053,,0.416,,,,,,,0.0,,,,12.0,,,,7.0,,,,1.0,,39.0,,,,44.0,,,,,,,,,6,,96.27,,,0.0,,,DePaul,,,,,,,0.308,,,,,,54,,,5.0,0,USA,,,,12.0,,,,,0.0,,,,,,,,,,,,,,,20,,,17.0,,,,0.111,,,,,,0.333,,,,99.6,,324.3,,,,1.5,,,0.035,,0.0,0.373,40.0,,,0.294,,,,,,,,,,,,,,,,,,,,,,15,,,,,100.0,,0.0,,,,,,1.0,,,,,,,0.173,,,,0.4,,,0.364,,,,,,,12.0,,,,,,,,75.0,,,,,,,,,,,,190.0,,,,,,1.0,,,,,,,,,,,,,,102.0,,,12.0,,,,-2.6,,,,,,,,,,,,,,,,,,,,,0.0,,,,,,,,,,,,,,,,,,0.0,,23.0,28,,,,,,,,,,,,,0.181,,,,0.333,,97.8,,,,,,,,,,-16,,,,,,1.3,,,,,,,,,,,,,,,0.0,30,,,,,0.0,0,,,,,,,0.0,482.06,,,,,0.125,,,,,,,,,3.0,,,3.0,38.0,,,,,0.59,,,,,,,,,,,26,,20,,150,,,,,,,,,,,,,81.82,,9.0,,,,,,,,,,,1988,34,,,,,,,,,,1,,,0.0,,,,30,,,,,57,,,,,0.345,,,,,0.417,,,,-2.2,,5.0,,,,5.0,,,,,,,0.0,,,98.18,,,,4.2,,,52.0,,35,,,98.18,,,0.0,100.0,-2.2,,,0.0,,,,,0.0,0.857,,,,,,0.3,,,,,,39,102.2,,1,15.6,,,,,97.8,,,,,,,,,,0.0,,,,,0.076,,,,16.0,,,,,0,,,,0.442,,,,,,,,,,0.364,,,165,,,,,0.2,,,,,,,,,9,,,,12.0,,,,,,1.0,0.0,,,,,,,,,21.21212121212121
708,Kevin Garnett,45,82,1998,6313,MIN,1610612750,22.0,,,,,0.122,,0.527,,,,,,,1.0,,,,215.0,,,,212.0,,,,1.0,,305.0,,,,415.0,,,,,,,,,3,,95.49,,,0.0,,,,,,,,,,0.679,,,,,,786,,,3.0,6,USA,,,,14.0,,,,,0.0,,,,,,,,,,,,,,,222,,,282.0,,,,0.453,,,,,,0.5,,,,105.7,,3658.2,,,,7.7,,,0.07,,1.0,0.431,321.0,,,0.454,,,,,,,,,,,,,,,,,,,,,,16,,,,,104.7,,0.0,,,,,,1.0,,,,,,,0.223,,,,0.188,,,0.492,,,,,,,9.7,,,,,,,,83.0,,,,,,,,,,,,220.0,,,,,,1.0,,,,,,,,,,,,,,724.0,,,9.7,,,,2.5,,,,,,,,,,,,,,,,,,,,,0.0,,,,,,,,,,,,,,,,,,0.0,,18.0,224,,,,,,,,,,,,,0.225,,,,0.5,,107.2,,,,,,,,,,155,,,,,,1.81,,,,,,,,,,,,,,,0.0,192,,,,,0.448,45,,,,,,,0.0,3219.661666666667,,,,,0.178,,,,,,,,,2.0,,,2.0,312.0,,,,,0.549,,,,,,,,,,,139,,5,,1518,,,,,,,,,,,,,78.47,,247.0,,,,,,,,,,,1995,564,,,,,,,,,,1,,,1.0,,,,245,,,,,635,,,,,0.491,,,,,0.214,,,,2.6,,7.0,,,,128.0,,,,,,,0.0,,,94.16,,,,15.8,,,54.0,,332,,,94.16,,,0.0,104.7,2.6,,,0.0,,,,,0.0,0.738,,,,,,0.67,,,,,,348,103.2,,150,17.6,,,,,107.2,,,,,,,,,,95.0,,,,,0.172,,,,178.0,,,,,1,,,,0.333,,,,,,,,,,0.429,,,1293,,,,,0.143,,,,,,,,,43,,,,207.0,,,,,,112.0,0.0,,,,,,,,,25.676720804331012
134,Kevin Johnson,35,50,1998,2511,PHX,1610612756,32.0,,,,,0.066,,0.555,,,,,,,2.0,,,,70.0,,,,15.0,,,,0.0,,110.0,,,,121.0,,,,,,,,,4,,93.4,,,0.0,,,California,,,,,,,0.618,,,,,,164,,,4.0,0,USA,,,,19.0,,,,,0.0,,,,,,,,,,,,,,,35,,,52.0,,,,0.429,,,,,,0.0,,,,108.2,,1044.3,,,,3.1,,,0.03,,1.0,0.387,113.0,,,0.365,,,,,,,,,,,,,,,,,,,,,,26,,,,,102.4,,0.0,,,,,,0.0,,,,,,,0.184,,,,0.154,,,0.452,,,,,,,13.0,,,,,,,,73.0,,,,,,,,,,,,190.0,,,,,,2.0,,,,,,,,,,,,,,191.0,,,13.1,,,,6.7,,,,,,,,,,,,,,,,,,,,,0.0,,,,,,,,,,,,,,,,,,0.0,,8.0,57,,,,,,,,,,,,,0.189,,,,0.0,,108.1,,,,,,,,,,158,,,,,,2.43,,,,,,,,,,,,,,,1.0,101,,,,,0.333,6,,,,,,,0.0,1291.36,,,,,0.288,,,,,,,,,3.0,,,4.0,74.0,,,,,0.7,,,,,,,,,,,27,,7,,476,,,,,,,,,,,,,77.53,,21.0,,,,,,,,,,,1987,129,,,,,,,,,,1,,,2.0,,,,162,,,,,155,,,,,0.447,,,,,0.211,,,,5.6,,4.0,,,,19.0,,,,,,,0.0,,,93.04,,,,6.9,,,39.0,,186,,,93.04,,,0.0,102.4,5.6,,,0.0,,,,,0.0,0.871,,,,,,0.619,,,,,,245,101.5,,8,31.8,,,,,108.1,,,,,,,,,,5.0,,,,,0.098,,,,51.0,,,,,0,,,,0.205,,,,,,,,,,0.421,,,347,,,,,0.5,,,,,,,,,15,,,,68.0,,,,,,9.0,0.0,,,,,,,,,53.60230547550432
1563,Kevin Ollie,13,35,1998,819,ORL,1610612753,25.0,,,,,0.044,,0.477,,,,,,,0.0,,,,22.0,,,,8.0,,,,0.0,,41.0,,,,21.0,,,,,,,,,0,,90.94,,,0.0,,,Connecticut,,,,,,,0.512,,,,,,39,,,0.0,0,USA,,,,1.0,,,,,0.0,,,,,,,,,,,,,,,9,,,9.0,,,,0.333,,,,,,0.0,,,,95.8,,262.3,,,,1.1,,,0.02,,0.0,0.268,44.0,,,0.111,,,,,,,,,,,,,,,,,,,,,,1,,,,,96.0,,0.0,,,,,,0.0,,,,,,,0.178,,,,0.0,,,0.378,,,,,,,18.5,,,,,,,,76.0,,,,,,,,,,,,195.0,,,,,,0.0,,,,,,,,,,,,,,41.0,,,18.5,,,,-1.8,,,,,,,,,,,,,,,,,,,,,0.0,,,,,,,,,,,,,,,,,,0.0,,7.0,31,,,,,,,,,,,,,0.186,,,,0.0,,93.9,,,,,,,,,,-28,,,,,,1.48,,,,,,,,,,,,,,,0.0,44,,,,,0.375,0,,,,,,,0.0,427.29333333333335,,,,,0.263,,,,,,,,,0.0,,,0.0,11.0,,,,,0.371,,,,,,,,,,,13,,Undrafted,,123,,,,,,,,,,,,,77.18,,15.0,,,,,,,,,,,Undrafted,30,,,,,,,,,,Undrafted,,,0.0,,,,49,,,,,37,,,,,0.378,,,,,0.0,,,,-2.1,,0.0,,,,1.0,,,,,,,0.0,,,92.62,,,,2.8,,,16.0,,70,,,92.62,,,0.0,96.0,-2.1,,,0.0,,,,,0.0,0.7,,,,,,0.5,,,,,,65,97.6,,0,27.3,,,,,93.9,,,,,,,,,,3.0,,,,,0.067,,,,4.0,,,,,0,,,,0.438,,,,,,,,,,0.19,,,98,,,,,0.0,,,,,,,,,8,,,,21.0,,,,,,5.0,0.0,,,,,,,,,71.42857142857143
1089,Kevin Salvadori,5,16,1998,184,SAC,1610612758,27.0,,,,,0.097,,0.16,,,,,,,0.0,,,,1.0,,,,3.0,,,,0.0,,4.0,,,,3.0,,,,,,,,,0,,99.05,,,0.0,,,North Carolina,,,,,,,0.25,,,,,,20,,,0.0,0,USA,,,,0.0,,,,,,,,,,,,,,,,,,,,5,,,3.0,,,,0.0,,,,,,0.0,,,,83.6,,61.5,,,,0.1,,,0.051,,,0.0,4.0,,,0.0,,,,,,,,,,,,,,,,,,,,,,0,,,,,90.3,,0.0,,,,,,0.0,,,,,,,0.103,,,,0.0,,,0.077,,,,,,,21.2,,,,,,,,84.0,,,,,,,,,,,,231.0,,,,,,0.0,,,,,,,,,,,,,,6.0,,,20.8,,,,-9.4,,,,,,,,,,,,,,,,,,,,,,,,,,,,,,,,,,,,,,,0.0,,0.0,12,,,,,,,,,,,,,0.106,,,,0.0,,81.5,,,,,,,,,,-18,,,,,,0.6,,,,,,,,,,,,,,,0.0,5,,,,,0.0,0,,,,,,,0.0,87.29833333333333,,,,,0.051,,,,,,,,,0.0,,,0.0,0.0,,,,,0.313,,,,,,,,,,,0,,Undrafted,,5,,,,,,,,,,,,,84.77,,3.0,,,,,,,,,,,Undrafted,15,,,,,,,,,,Undrafted,,,0.0,,,,3,,,,,1,,,,,0.077,,,,,0.0,,,,-8.8,,0.0,,,,0.0,,,,,,,,,,101.72,,,,0.8,,,0.0,,6,,,101.72,,,0.0,90.3,-8.8,,,0.0,,,,,,0.5,,,,,,0.25,,,,,,3,92.9,,11,12.5,,,,,81.5,,,,,,,,,,0.0,,,,,0.139,,,,0.0,,,,,0,,,,0.0,,,,,,,,,,0.0,,,13,,,,,0.0,,,,,,,,,4,,,,1.0,,,,,,0.0,,,,,,,,,,46.15384615384615
788,Kevin Willis,41,81,1998,4894,HOU,1610612745,35.0,,,,,0.14,,0.555,,,,,,,0.0,,,,274.0,,,,265.0,,,,0.0,,369.0,,,,137.0,,,,,,,,,1,,93.08,,,0.0,,,Michigan State,,,,,,,0.683,,,,,,679,,,1.0,6,USA,,,,4.0,,,,,0.0,,,,,,,,,,,,,,,232,,,201.0,,,,0.421,,,,,,0.0,,,,102.9,,2345.8,,,,6.6,,,0.095,,0.0,0.416,427.0,,,0.353,,,,,,,,,,,,,,,,,,,,,,7,,,,,105.1,,0.0,,,,,,0.0,,,,,,,0.24,,,,0.143,,,0.511,,,,,,,11.9,,,,,,,,84.0,,,,,,,,,,,,245.0,,,,,,1.0,,,,,,,,,,,,,,385.0,,,11.9,,,,-1.9,,,,,,,,,,,,,,,,,,,,,0.0,,,,,,,,,,,,,,,,,,0.0,,2.0,235,,,,,,,,,,,,,0.244,,,,0.0,,103.1,,,,,,,,,,-76,,,,,,0.46,,,,,,,,,,,,,,,3.0,170,,,,,0.449,24,,,,,,,0.0,2524.6583333333333,,,,,0.058,,,,,,,,,0.0,,,3.0,160.0,,,,,0.506,,,,,,,,,,,55,,11,,1305,,,,,,,,,,,,,77.38,,280.0,,,,,,,,,,,1984,447,,,,,,,,,,1,,,0.0,,,,242,,,,,531,,,,,0.51,,,,,0.25,,,,-2.0,,2.0,,,,71.0,,,,,,,0.0,,,92.86,,,,12.9,,,9.0,,305,,,92.86,,,0.0,105.1,-2.0,,,0.0,,,,,0.0,0.793,,,,,,0.642,,,,,,78,104.9,,38,5.5,,,,,103.1,,,,,,,,,,119.0,,,,,0.186,,,,64.0,,,,,0,,,,0.222,,,,,,,,,,0.467,,,1041,,,,,0.5,,,,,,,,,59,,,,252.0,,,,,,118.0,0.0,,,,,,,,,29.298751200768493
234,Khalid Reeves,20,82,1998,3696,DAL,1610612742,25.0,,,,,0.048,,0.522,,,,,,,2.0,,,,119.0,,,,47.0,,,,3.0,,228.0,,,,92.0,,,,,,,,,56,,90.95,,,1.0,,,Arizona,,,,,,,0.509,,,,,,185,,,46.0,0,USA,,,,135.0,,,,,0.0,,,,,,,,,,,,,,,54,,,31.0,,,,0.356,,,,,,0.615,,,,99.1,,1424.0,,,,3.0,,,0.028,,0.0,0.359,234.0,,,0.323,,,,,,,,,,,,,,,,,,,,,,152,,,,,102.9,,5.0,,,,,,8.0,,,,,,,0.191,,,,0.368,,,0.465,,,,,,,12.4,,,,,,,,75.0,,,,,,,,,,,,201.0,,,,,,24.0,,,,,,,,,,,,,,156.0,,,12.5,,,,-4.5,,,,,,,,,,,,,,,,,,,,,0.0,,,,,,,,,,,,,,,,,,1.0,,48.0,195,,,,,,,,,,,,,0.195,,,,1.0,,99.5,,,,,,,,,,-136,,,,,,1.77,,,,,,,,,,,,,,,10.0,130,,,,,0.298,0,,,,,,,0.5,1950.995,,,,,0.196,,,,,,,,,3.0,,,13.0,56.0,,,,,0.244,,,,,,,,,,,80,,12,,717,,,,,,,,,,,,,75.88,,59.0,,,,,,,,,,,1994,131,,,,,,,,,,1,,,2.0,,,,165,,,,,248,,,,,0.418,,,,,0.341,,,,-3.4,,70.0,,,,10.0,,,,,,,0.0,,,91.06,,,,7.2,,,117.0,,213,,,91.06,,,0.5,102.9,-3.4,,,0.5,,,,,0.0,0.775,,,,,,0.509,,,,,,230,103.6,,10,22.0,,,,,99.5,,,,,,,,,,14.0,,,,,0.067,,,,32.0,,,,,0,,,,0.41,,,,,,,,,,0.348,,,593,,,,,0.343,,,,,,,,,45,,,,116.0,,,,,,21.0,0.0,,,,,,,,,35.919055649241145
1619,Kiwane Garris,0,28,1998,461,DEN,1610612743,23.0,,,,,0.043,,0.447,,,,,,,1.0,,,,8.0,,,,2.0,,,,0.0,,19.0,,,,17.0,,,,,,,,,5,,96.8,,,0.0,,,Illinois,,,,,,,0.421,,,,,,19,,,5.0,0,USA,,,,12.0,,,,,0.0,,,,,,,,,,,,,,,3,,,4.0,,,,0.0,,,,,,0.0,,,,92.4,,141.8,,,,0.8,,,0.013,,0.0,0.31,19.0,,,0.25,,,,,,,,,,,,,,,,,,,,,,14,,,,,105.7,,0.0,,,,,,0.0,,,,,,,0.174,,,,0.357,,,0.377,,,,,,,12.6,,,,,,,,74.0,,,,,,,,,,,,183.0,,,,,,2.0,,,,,,,,,,,,,,29.0,,,12.6,,,,-17.4,,,,,,,,,,,,,,,,,,,,,0.0,,,,,,,,,,,,,,,,,,0.0,,5.0,22,,,,,,,,,,,,,0.179,,,,0.0,,92.0,,,,,,,,,,-61,,,,,,1.87,,,,,,,,,,,,,,,0.0,15,,,,,0.0,0,,,,,,,0.0,223.23,,,,,0.214,,,,,,,,,1.0,,,1.0,9.0,,,,,0.0,,,,,,,,,,,7,,Undrafted,,68,,,,,,,,,,,,,82.43,,3.0,,,,,,,,,,,Undrafted,16,,,,,,,,,,Undrafted,,,1.0,,,,19,,,,,22,,,,,0.338,,,,,0.417,,,,-13.7,,7.0,,,,1.0,,,,,,,0.0,,,98.91,,,,2.3,,,15.0,,25,,,98.91,,,0.0,105.7,-13.7,,,0.0,,,,,0.0,0.76,,,,,,0.421,,,,,,28,109.8,,1,23.5,,,,,92.0,,,,,,,,,,0.0,,,,,0.075,,,,6.0,,,,,0,,,,0.333,,,,,,,,,,0.353,,,65,,,,,0.286,,,,,,,,,10,,,,8.0,,,,,,0.0,0.0,,,,,,,,,38.46153846153846
977,Kobe Bryant,58,79,1998,4157,LAL,1610612747,19.0,,,,,0.057,,0.548,,,,,,,6.0,,,,191.0,,,,102.0,,,,2.0,,309.0,,,,108.0,,,,,,,,,75,,96.56,,,0.0,,,,,,,,,,0.612,,,,,,242,,,72.0,0,USA,,,,204.0,,,,,2.0,,,,,,,,,,,,,,,79,,,122.0,,,,0.344,,,,,,0.231,,,,109.5,,1993.9,,,,4.9,,,0.038,,3.0,0.324,317.0,,,0.352,,,,,,,,,,,,,,,,,,,,,,220,,,,,102.7,,1.0,,,,,,3.0,,,,,,,0.261,,,,0.341,,,0.469,,,,,,,10.7,,,,,,,,79.0,,,,,,,,,,,,210.0,,,,,,58.0,,,,,,,,,,,,,,256.0,,,10.7,,,,6.9,,,,,,,,,,,,,,,,,,,,,0.0,,,,,,,,,,,,,,,,,,0.0,,35.0,180,,,,,,,,,,,,,0.268,,,,0.4,,108.8,,,,,,,,,,263,,,,,,1.27,,,,,,,,,,,,,,,8.0,157,,,,,0.343,0,,,,,,,0.0,2058.2166666666667,,,,,0.165,,,,,,,,,5.0,,,13.0,83.0,,,,,0.734,,,,,,,,,,,74,,13,,1220,,,,,,,,,,,,,80.71,,128.0,,,,,,,,,,,1996,163,,,,,,,,,,1,,,3.0,,,,363,,,,,391,,,,,0.428,,,,,0.353,,,,6.1,,162.0,,,,43.0,,,,,,,0.0,,,96.85,,,,11.6,,,91.0,,457,,,96.85,,,0.0,102.7,6.1,,,0.125,,,,,0.0,0.794,,,,,,0.603,,,,,,199,102.6,,40,13.5,,,,,108.8,,,,,,,,,,35.0,,,,,0.075,,,,29.0,,,,,0,,,,0.385,,,,,,,,,,0.269,,,913,,,,,0.358,,,,,,,,,56,,,,189.0,,,,,,44.0,0.0,,,,,,,,,50.05476451259584
703,Kurt Thomas,1,5,1998,144,DAL,1610612742,25.0,,,,,0.155,,0.399,,,,,,,0.0,,,,10.0,,,,12.0,,,,0.0,,14.0,,,,3.0,,,,,,,,,0,,94.71,,,,,,TCU,,,,,,,0.643,,,,,,24,,,0.0,0,USA,,,,0.0,,,,,,,,,,,,,,,,,,,,8,,,14.0,,,,0.333,,,,,,0.0,,,,99.3,,63.3,,,,3.4,,,0.104,,,0.188,15.0,,,0.286,,,,,,,,,,,,,,,,,,,,,,0,,,,,99.3,,0.0,,,,,,0.0,,,,,,,0.339,,,,0.0,,,0.378,,,,,,,16.9,,,,,,,,81.0,,,,,,,,,,,,230.0,,,,,,0.0,,,,,,,,,,,,,,16.0,,,16.9,,,,-5.5,,,,,,,,,,,,,,,,,,,,,,,,,,,,,,,,,,,,,,,0.0,,0.0,19,,,,,,,,,,,,,0.347,,,,0.0,,100.0,,,,,,,,,,-7,,,,,,0.3,,,,,,,,,,,,,,,0.0,10,,,,,0.25,0,,,,,,,0.0,73.30833333333334,,,,,0.077,,,,,,,,,0.0,,,0.0,3.0,,,,,0.2,,,,,,,,,,,1,,10,,37,,,,,,,,,,,,,80.75,,15.0,,,,,,,,,,,1995,16,,,,,,,,,,1,,,,,,,3,,,,,17,,,,,0.378,,,,,0.0,,,,0.7,,0.0,,,,4.0,,,,,,,,,,96.91,,,,9.0,,,1.0,,3,,,96.91,,,,99.3,0.7,,,0.0,,,,,,1.0,,,,,,0.667,,,,,,3,104.7,,0,5.1,,,,,100.0,,,,,,,,,,3.0,,,,,0.205,,,,0.0,,,,,0,,,,0.0,,,,,,,,,,0.0,,,45,,,,,0.0,,,,,,,,,7,,,,9.0,,,,,,5.0,,,,,,,,,,6.666666666666667
111,LaPhonso Ellis,11,76,1998,4897,DEN,1610612743,28.0,,,,,0.109,,0.484,,,,,,,0.0,,,,145.0,,,,90.0,,,,1.0,,223.0,,,,261.0,,,,,,,,,57,,91.71,,,0.0,,,Notre Dame,,,,,,,0.61,,,,,,544,,,52.0,1,USA,,,,177.0,,,,,2.0,,,,,,,,,,,,,,,146,,,127.0,,,,0.433,,,,,,0.217,,,,96.5,,2224.3,,,,5.4,,,0.056,,0.0,0.359,239.0,,,0.283,,,,,,,,,,,,,,,,,,,,,,201,,,,,110.5,,4.0,,,,,,5.0,,,,,,,0.226,,,,0.284,,,0.435,,,,,,,11.5,,,,,,,,80.0,,,,,,,,,,,,240.0,,,,,,40.0,,,,,,,,,,,,,,487.0,,,11.5,,,,-13.3,,,,,,,,,,,,,,,,,,,,,0.0,,,,,,,,,,,,,,,,,,0.0,,52.0,226,,,,,,,,,,,,,0.229,,,,0.25,,97.4,,,,,,,,,,-604,,,,,,1.23,,,,,,,,,,,,,,,19.0,173,,,,,0.4,16,,,,,,,0.0,2574.6666666666665,,,,,0.158,,,,,,,,,4.0,,,23.0,175.0,,,,,0.145,,,,,,,,,,,65,,5,,1083,,,,,,,,,,,,,75.85,,97.0,,,,,,,,,,,1992,398,,,,,,,,,,1,,,0.0,,,,206,,,,,410,,,,,0.407,,,,,0.294,,,,-13.0,,122.0,,,,36.0,,,,,,,0.0,,,91.02,,,,13.3,,,166.0,,256,,,91.02,,,0.0,110.5,-13.0,,,0.211,,,,,0.0,0.805,,,,,,0.607,,,,,,213,109.8,,49,14.1,,,,,97.4,,,,,,,,,,36.0,,,,,0.166,,,,101.0,,,,,0,,,,0.313,,,,,,,,,,0.387,,,1007,,,,,0.328,,,,,,,,,55,,,,136.0,,,,,,42.0,0.0,,,,,,,,,25.42204568023833
441,Lamond Murray,17,79,1998,5042,LAC,1610612746,25.0,,,,,0.095,,0.548,,,,,,,1.0,,,,257.0,,,,98.0,,,,1.0,,356.0,,,,206.0,,,,,,,,,54,,94.87,,,0.0,,,California,,,,,,,0.713,,,,,,484,,,38.0,0,USA,,,,100.0,,,,,1.0,,,,,,,,,,,,,,,172,,,90.0,,,,0.322,,,,,,0.294,,,,99.3,,2358.8,,,,6.0,,,0.066,,1.0,0.358,372.0,,,0.422,,,,,,,,,,,,,,,,,,,,,,153,,,,,108.2,,14.0,,,,,,15.0,,,,,,,0.22,,,,0.353,,,0.508,,,,,,,12.0,,,,,,,,79.0,,,,,,,,,,,,236.0,,,,,,23.0,,,,,,,,,,,,,,358.0,,,12.0,,,,-8.3,,,,,,,,,,,,,,,,,,,,,0.0,,,,,,,,,,,,,,,,,,0.0,,56.0,193,,,,,,,,,,,,,0.223,,,,0.091,,100.8,,,,,,,,,,-378,,,,,,0.83,,,,,,,,,,,,,,,40.0,171,,,,,0.327,12,,,,,,,0.0,2578.7316666666666,,,,,0.099,,,,,,,,,11.0,,,51.0,128.0,,,,,0.215,,,,,,,,,,,118,,7,,1220,,,,,,,,,,,,,78.26,,118.0,,,,,,,,,,,1994,312,,,,,,,,,,1,,,1.0,,,,220,,,,,473,,,,,0.481,,,,,0.38,,,,-7.4,,58.0,,,,38.0,,,,,,,0.0,,,93.91,,,,12.5,,,157.0,,294,,,93.91,,,0.0,108.2,-7.4,,,0.35,,,,,0.0,0.748,,,,,,0.691,,,,,,142,107.6,,54,10.0,,,,,100.8,,,,,,,,,,32.0,,,,,0.125,,,,67.0,,,,,0,,,,0.357,,,,,,,,,,0.325,,,984,,,,,0.397,,,,,,,,,54,,,,254.0,,,,,,38.0,0.0,,,,,,,,,29.878048780487806
913,Larry Johnson,38,70,1998,4479,NYK,1610612752,29.0,,,,,0.09,,0.539,,,,,,,3.0,,,,311.0,,,,96.0,,,,1.0,,475.0,,,,99.0,,,,,,,,,15,,89.81,,,0.0,,,UNLV,,,,,,,0.64,,,,,,401,,,14.0,2,USA,,,,54.0,,,,,0.0,,,,,,,,,,,,,,,175,,,120.0,,,,0.32,,,,,,0.143,,,,101.6,,1825.2,,,,6.1,,,0.078,,0.0,0.317,503.0,,,0.283,,,,,,,,,,,,,,,,,,,,,,63,,,,,100.4,,0.0,,,,,,1.0,,,,,,,0.221,,,,0.238,,,0.494,,,,,,,9.9,,,,,,,,79.0,,,,,,,,,,,,263.0,,,,,,7.0,,,,,,,,,,,,,,243.0,,,9.9,,,,2.3,,,,,,,,,,,,,,,,,,,,,0.0,,,,,,,,,,,,,,,,,,0.0,,9.0,193,,,,,,,,,,,,,0.224,,,,0.167,,102.2,,,,,,,,,,83,,,,,,1.18,,,,,,,,,,,,,,,1.0,127,,,,,0.396,8,,,,,,,0.0,2414.333333333333,,,,,0.112,,,,,,,,,6.0,,,7.0,77.0,,,,,0.543,,,,,,,,,,,40,,1,,1087,,,,,,,,,,,,,74.18,,103.0,,,,,,,,,,,1991,226,,,,,,,,,,1,,,2.0,,,,214,,,,,429,,,,,0.485,,,,,0.259,,,,1.8,,31.0,,,,34.0,,,,,,,0.0,,,89.02,,,,12.6,,,32.0,,283,,,89.02,,,0.0,100.4,1.8,,,0.0,,,,,0.0,0.756,,,,,,0.618,,,,,,150,99.3,,13,11.7,,,,,102.2,,,,,,,,,,38.0,,,,,0.101,,,,30.0,,,,,0,,,,0.281,,,,,,,,,,0.303,,,884,,,,,0.226,,,,,,,,,62,,,,304.0,,,,,,33.0,0.0,,,,,,,,,32.01357466063349
1683,Larry Robinson,1,6,1998,86,VAN,1610612763,30.0,,,,,0.0,,0.428,,,,,,,,,,,1.0,,,,2.0,,,,0.0,,2.0,,,,5.0,,,,,,,,,3,,103.33,,,,,,Centenary-Louisiana,,,,,,,0.5,,,,,,12,,,3.0,0,USA,,,,6.0,,,,,,,,,,,,,,,,,,,,2,,,3.0,,,,0.0,,,,,,0.0,,,,100.0,,42.9,,,,1.0,,,0.0,,,0.25,2.0,,,0.0,,,,,,,,,,,,,,,,,,,,,,6,,,,,102.2,,0.0,,,,,,0.0,,,,,,,0.216,,,,0.5,,,0.395,,,,,,,8.7,,,,,,,,75.0,,,,,,,,,,,,180.0,,,,,,1.0,,,,,,,,,,,,,,8.0,,,8.7,,,,-2.8,,,,,,,,,,,,,,,,,,,,,,,,,,,,,,,,,,,,,,,,,2.0,0,,,,,,,,,,,,,0.221,,,,0.0,,96.5,,,,,,,,,,-9,,,,,,0.5,,,,,,,,,,,,,,,0.0,2,,,,,0.0,0,,,,,,,,40.06,,,,,0.043,,,,,,,,,0.0,,,0.0,2.0,,,,,0.167,,,,,,,,,,,4,,Undrafted,,17,,,,,,,,,,,,,87.87,,3.0,,,,,,,,,,,Undrafted,10,,,,,,,,,,Undrafted,,,,,,,2,,,,,6,,,,,0.316,,,,,0.5,,,,-5.7,,2.0,,,,0.0,,,,,,,,,,105.44,,,,3.2,,,5.0,,2,,,105.44,,,,102.2,-5.7,,,0.0,,,,,,1.0,,,,,,0.5,,,,,,1,102.8,,0,4.3,,,,,96.5,,,,,,,,,,0.0,,,,,0.0,,,,2.0,,,,,0,,,,0.4,,,,,,,,,,0.4,,,19,,,,,0.5,,,,,,,,,0,,,,1.0,,,,,,0.0,,,,,,,,,,10.526315789473685
84,Latrell Sprewell,1,14,1998,1119,GSW,1610612744,27.0,,,,,0.043,,0.47,,,,,,,1.0,,,,37.0,,,,19.0,,,,0.0,,67.0,,,,81.0,,,,,,,,,9,,98.9,,,0.0,,,Alabama,,,,,,,0.552,,,,,,51,,,9.0,0,USA,,,,46.0,,,,,,,,,,,,,,,,,,,,7,,,40.0,,,,0.25,,,,,,0.0,,,,91.7,,490.2,,,,7.9,,,0.011,,0.0,0.437,75.0,,,0.475,,,,,,,,,,,,,,,,,,,,,,48,,,,,108.5,,0.0,,,,,,0.0,,,,,,,0.268,,,,0.188,,,0.413,,,,,,,10.2,,,,,,,,77.0,,,,,,,,,,,,190.0,,,,,,1.0,,,,,,,,,,,,,,126.0,,,10.3,,,,-16.7,,,,,,,,,,,,,,,,,,,,,,,,,,,,,,,,,,,,,,,0.0,,13.0,26,,,,,,,,,,,,,0.273,,,,0.0,,92.7,,,,,,,,,,-180,,,,,,1.55,,,,,,,,,,,,,,,0.0,44,,,,,0.211,0,,,,,,,0.0,547.0333333333333,,,,,0.227,,,,,,,,,1.0,,,1.0,55.0,,,,,0.071,,,,,,,,,,,19,,24,,299,,,,,,,,,,,,,81.93,,36.0,,,,,,,,,,,1992,44,,,,,,,,,,1,,,1.0,,,,70,,,,,110,,,,,0.397,,,,,0.196,,,,-15.8,,23.0,,,,19.0,,,,,,,0.0,,,98.32,,,,19.8,,,38.0,,94,,,98.32,,,0.0,108.5,-15.8,,,0.0,,,,,,0.745,,,,,,0.493,,,,,,68,108.4,,5,15.9,,,,,92.7,,,,,,,,,,4.0,,,,,0.08,,,,36.0,,,,,0,,,,0.342,,,,,,,,,,0.444,,,277,,,,,0.043,,,,,,,,,14,,,,37.0,,,,,,9.0,0.0,,,,,,,,,33.935018050541515
1444,Lawrence Funderburke,11,52,1998,2157,SAC,1610612758,27.0,,,,,0.107,,0.534,,,,,,,1.0,,,,113.0,,,,33.0,,,,1.0,,170.0,,,,101.0,,,,,,,,,1,,94.43,,,0.0,,,Ohio State,,,,,,,0.635,,,,,,234,,,0.0,0,USA,,,,2.0,,,,,1.0,,,,,,,,,,,,,,,80,,,60.0,,,,0.366,,,,,,0.25,,,,97.4,,908.3,,,,3.7,,,0.071,,0.0,0.39,183.0,,,0.483,,,,,,,,,,,,,,,,,,,,,,7,,,,,104.0,,0.0,,,,,,1.0,,,,,,,0.208,,,,0.143,,,0.491,,,,,,,10.6,,,,,,,,81.0,,,,,,,,,,,,230.0,,,,,,0.0,,,,,,,,,,,,,,172.0,,,10.5,,,,-7.1,,,,,,,,,,,,,,,,,,,,,0.0,,,,,,,,,,,,,,,,,,0.0,,3.0,56,,,,,,,,,,,,,0.212,,,,0.333,,97.7,,,,,,,,,,-134,,,,,,1.02,,,,,,,,,,,,,,,1.0,62,,,,,0.303,2,,,,,,,0.0,1095.9516666666666,,,,,0.102,,,,,,,,,3.0,,,4.0,67.0,,,,,0.212,,,,,,,,,,,19,,51,,493,,,,,,,,,,,,,78.71,,41.0,,,,,,,,,,,1994,154,,,,,,,,,,2,,,1.0,,,,110,,,,,191,,,,,0.49,,,,,0.0,,,,-6.3,,0.0,,,,29.0,,,,,,,0.0,,,94.45,,,,7.5,,,11.0,,162,,,94.45,,,0.0,104.0,-6.3,,,0.0,,,,,0.0,0.679,,,,,,0.617,,,,,,63,104.4,,15,10.7,,,,,97.7,,,,,,,,,,10.0,,,,,0.146,,,,36.0,,,,,0,,,,0.273,,,,,,,,,,0.356,,,390,,,,,0.0,,,,,,,,,23,,,,108.0,,,,,,15.0,0.0,,,,,,,,,41.53846153846154
734,Lawrence Moten,3,8,1998,63,WAS,1610612764,26.0,,,,,0.0,,0.305,,,,,,,,,,,2.0,,,,1.0,,,,0.0,,3.0,,,,3.0,,,,,,,,,0,,103.02,,,,,,Syracuse,,,,,,,0.333,,,,,,1,,,0.0,0,USA,,,,0.0,,,,,,,,,,,,,,,,,,,,1,,,2.0,,,,0.5,,,,,,0.0,,,,82.9,,13.7,,,,0.4,,,0.029,,,0.0,6.0,,,0.0,,,,,,,,,,,,,,,,,,,,,,1,,,,,108.1,,0.0,,,,,,0.0,,,,,,,0.219,,,,0.0,,,0.231,,,,,,,5.3,,,,,,,,77.0,,,,,,,,,,,,185.0,,,,,,0.0,,,,,,,,,,,,,,5.0,,,5.3,,,,-29.5,,,,,,,,,,,,,,,,,,,,,,,,,,,,,,,,,,,,,,,,,0.0,6,,,,,,,,,,,,,0.253,,,,0.0,,71.4,,,,,,,,,,-22,,,,,,3.0,,,,,,,,,,,,,,,0.0,1,,,,,1.0,0,,,,,,,,26.53,,,,,0.214,,,,,,,,,1.0,,,1.0,0.0,,,,,0.375,,,,,,,,,,,0,,36,,9,,,,,,,,,,,,,94.23,,4.0,,,,,,,,,,,1995,0,,,,,,,,,,2,,,,,,,3,,,,,3,,,,,0.231,,,,,0.0,,,,-36.6,,0.0,,,,0.0,,,,,,,,,,113.08,,,,1.6,,,1.0,,4,,,113.08,,,,108.1,-36.6,,,0.0,,,,,,0.75,,,,,,0.333,,,,,,3,112.4,,0,15.8,,,,,71.4,,,,,,,,,,1.0,,,,,0.0,,,,0.0,,,,,0,,,,0.0,,,,,,,,,,0.0,,,13,,,,,0.0,,,,,,,,,2,,,,1.0,,,,,,2.0,,,,,,,,,,30.76923076923077
289,Ledell Eackles,21,42,1998,1102,WAS,1610612764,31.0,,,,,0.065,,0.542,,,,,,,1.0,,,,22.0,,,,24.0,,,,2.0,,35.0,,,,35.0,,,,,,,,,16,,95.26,,,0.0,,,New Orleans,,,,,,,0.6,,,,,,75,,,12.0,0,USA,,,,27.0,,,,,0.0,,,,,,,,,,,,,,,25,,,26.0,,,,0.345,,,,,,0.222,,,,96.7,,354.0,,,,1.8,,,0.042,,,0.424,39.0,,,0.423,,,,,,,,,,,,,,,,,,,,,,46,,,,,94.1,,2.0,,,,,,4.0,,,,,,,0.179,,,,0.348,,,0.474,,,,,,,11.8,,,,,,,,77.0,,,,,,,,,,,,231.0,,,,,,7.0,,,,,,,,,,,,,,66.0,,,11.8,,,,0.4,,,,,,,,,,,,,,,,,,,,,0.0,,,,,,,,,,,,,,,,,,0.0,,12.0,43,,,,,,,,,,,,,0.184,,,,0.286,,96.4,,,,,,,,,,29,,,,,,0.55,,,,,,,,,,,,,,,11.0,29,,,,,0.292,0,,,,,,,0.0,546.8483333333334,,,,,0.054,,,,,,,,,7.0,,,18.0,28.0,,,,,0.5,,,,,,,,,,,17,,36,,218,,,,,,,,,,,,,80.46,,29.0,,,,,,,,,,,1988,50,,,,,,,,,,2,,,0.0,,,,52,,,,,75,,,,,0.429,,,,,0.444,,,,2.3,,14.0,,,,11.0,,,,,,,,,,96.55,,,,4.2,,,36.0,,59,,,96.55,,,0.0,94.1,2.3,,,0.182,,,,,0.0,0.881,,,,,,0.564,,,,,,16,96.3,,0,6.5,,,,,96.4,,,,,,,,,,7.0,,,,,0.089,,,,16.0,,,,,0,,,,0.333,,,,,,,,,,0.457,,,175,,,,,0.5,,,,,,,,,17,,,,21.0,,,,,,10.0,,,,,,,,,,33.714285714285715
195,Lee Mayberry,18,79,1998,3584,VAN,1610612763,28.0,,,,,0.032,,0.489,,,,,,,3.0,,,,37.0,,,,42.0,,,,1.0,,72.0,,,,28.0,,,,,,,,,63,,93.61,,,0.0,,,Arkansas,,,,,,,0.5,,,,,,114,,,60.0,0,USA,,,,166.0,,,,,1.0,,,,,,,,,,,,,,,19,,,11.0,,,,0.298,,,,,,0.25,,,,104.6,,1135.3,,,,1.7,,,0.011,,2.0,0.36,76.0,,,0.364,,,,,,,,,,,,,,,,,,,,,,180,,,,,106.7,,2.0,,,,,,3.0,,,,,,,0.115,,,,0.35,,,0.466,,,,,,,13.6,,,,,,,,73.0,,,,,,,,,,,,180.0,,,,,,36.0,,,,,,,,,,,,,,50.0,,,13.5,,,,-3.5,,,,,,,,,,,,,,,,,,,,,0.0,,,,,,,,,,,,,,,,,,0.0,,35.0,164,,,,,,,,,,,,,0.117,,,,0.2,,105.1,,,,,,,,,,-78,,,,,,3.09,,,,,,,,,,,,,,,7.0,113,,,,,0.286,1,,,,,,,0.0,1834.3833333333328,,,,,0.271,,,,,,,,,5.0,,,12.0,18.0,,,,,0.228,,,,,,,,,,,65,,23,,363,,,,,,,,,,,,,78.36,,47.0,,,,,,,,,,,1992,95,,,,,,,,,,1,,,2.0,,,,38,,,,,131,,,,,0.375,,,,,0.361,,,,-1.6,,105.0,,,,4.0,,,,,,,0.0,,,94.03,,,,4.4,,,81.0,,51,,,94.03,,,0.0,106.7,-1.6,,,0.286,,,,,0.0,0.745,,,,,,0.487,,,,,,349,108.1,,10,41.8,,,,,105.1,,,,,,,,,,12.0,,,,,0.053,,,,7.0,,,,,0,,,,0.432,,,,,,,,,,0.25,,,349,,,,,0.343,,,,,,,,,8,,,,36.0,,,,,,14.0,0.0,,,,,,,,,14.613180515759312
283,Lindsey Hunter,30,71,1998,4722,DET,1610612765,27.0,,,,,0.052,,0.472,,,,,,,1.0,,,,90.0,,,,45.0,,,,7.0,,166.0,,,,215.0,,,,,,,,,85,,90.85,,,0.0,,,Jackson State,,,,,,,0.53,,,,,,247,,,71.0,1,USA,,,,212.0,,,,,1.0,,,,,,,,,,,,,,,61,,,90.0,,,,0.365,,,,,,0.271,,,,101.0,,1783.4,,,,4.5,,,0.025,,0.0,0.36,172.0,,,0.378,,,,,,,,,,,,,,,,,,,,,,265,,,,,101.5,,6.0,,,,,,13.0,,,,,,,0.188,,,,0.321,,,0.434,,,,,,,8.8,,,,,,,,74.0,,,,,,,,,,,,195.0,,,,,,51.0,,,,,,,,,,,,,,325.0,,,8.8,,,,-0.3,,,,,,,,,,,,,,,,,,,,,0.0,,,,,,,,,,,,,,,,,,0.0,,50.0,174,,,,,,,,,,,,,0.19,,,,0.28,,101.4,,,,,,,,,,-11,,,,,,2.04,,,,,,,,,,,,,,,23.0,110,,,,,0.267,1,,,,,,,0.0,2504.2566666666667,,,,,0.15,,,,,,,,,25.0,,,48.0,117.0,,,,,0.423,,,,,,,,,,,123,,10,,862,,,,,,,,,,,,,75.46,,74.0,,,,,,,,,,,1993,186,,,,,,,,,,1,,,1.0,,,,145,,,,,316,,,,,0.383,,,,,0.335,,,,-0.1,,162.0,,,,34.0,,,,,,,0.0,,,90.55,,,,11.6,,,140.0,,196,,,90.55,,,0.0,101.5,-0.1,,,0.261,,,,,0.0,0.74,,,,,,0.523,,,,,,224,101.2,,10,17.9,,,,,101.4,,,,,,,,,,12.0,,,,,0.078,,,,79.0,,,,,0,,,,0.357,,,,,,,,,,0.367,,,826,,,,,0.315,,,,,,,,,40,,,,88.0,,,,,,27.0,0.0,,,,,,,,,23.728813559322035
1036,Litterial Green,6,21,1998,247,MIL,1610612749,28.0,,,,,0.027,,0.393,,,,,,,0.0,,,,3.0,,,,2.0,,,,0.0,,10.0,,,,6.0,,,,,,,,,0,,95.99,,,0.0,,,Georgia,,,,,,,0.3,,,,,,7,,,0.0,0,USA,,,,2.0,,,,,,,,,,,,,,,,,,,,1,,,1.0,,,,0.0,,,,,,0.0,,,,103.7,,61.4,,,,0.2,,,0.008,,,0.222,10.0,,,0.0,,,,,,,,,,,,,,,,,,,,,,2,,,,,101.2,,0.0,,,,,,0.0,,,,,,,0.141,,,,0.0,,,0.217,,,,,,,14.3,,,,,,,,73.0,,,,,,,,,,,,195.0,,,,,,0.0,,,,,,,,,,,,,,9.0,,,14.0,,,,-1.0,,,,,,,,,,,,,,,,,,,,,,,,,,,,,,,,,,,,,,,0.0,,0.0,11,,,,,,,,,,,,,0.142,,,,0.0,,101.6,,,,,,,,,,-9,,,,,,2.0,,,,,,,,,,,,,,,0.0,8,,,,,0.0,0,,,,,,,0.0,122.58166666666666,,,,,0.211,,,,,,,,,0.0,,,0.0,2.0,,,,,0.286,,,,,,,,,,,4,,39,,25,,,,,,,,,,,,,82.23,,2.0,,,,,,,,,,,1992,6,,,,,,,,,,2,,,0.0,,,,15,,,,,5,,,,,0.217,,,,,0.0,,,,0.5,,2.0,,,,0.0,,,,,,,,,,98.68,,,,1.1,,,2.0,,20,,,98.68,,,0.0,101.2,0.5,,,0.0,,,,,,0.75,,,,,,0.3,,,,,,16,104.7,,0,28.1,,,,,101.6,,,,,,,,,,0.0,,,,,0.048,,,,2.0,,,,,0,,,,0.0,,,,,,,,,,0.333,,,23,,,,,0.0,,,,,,,,,1,,,,3.0,,,,,,0.0,,,,,,,,,,86.95652173913044
1380,Lloyd Daniels,3,6,1998,163,TOR,1610612761,30.0,,,,,0.044,,0.509,,,,,,,0.0,,,,3.0,,,,5.0,,,,0.0,,3.0,,,,6.0,,,,,,,,,2,,94.29,,,0.0,,,Mt. San Antonio,,,,,,,0.667,,,,,,7,,,2.0,0,USA,,,,8.0,,,,,,,,,,,,,,,,,,,,4,,,2.0,,,,0.75,,,,,,0.0,,,,94.8,,59.4,,,,2.0,,,0.05,,,0.385,4.0,,,0.5,,,,,,,,,,,,,,,,,,,,,,9,,,,,112.5,,0.0,,,,,,0.0,,,,,,,0.199,,,,0.222,,,0.448,,,,,,,9.7,,,,,,,,79.0,,,,,,,,,,,,205.0,,,,,,1.0,,,,,,,,,,,,,,13.0,,,9.5,,,,-16.9,,,,,,,,,,,,,,,,,,,,,,,,,,,,,,,,,,,,,,,0.0,,2.0,4,,,,,,,,,,,,,0.201,,,,0.0,,94.5,,,,,,,,,,-26,,,,,,1.0,,,,,,,,,,,,,,,0.0,4,,,,,0.4,0,,,,,,,0.0,82.34833333333333,,,,,0.089,,,,,,,,,1.0,,,1.0,5.0,,,,,0.5,,,,,,,,,,,3,,Undrafted,,34,,,,,,,,,,,,,78.45,,4.0,,,,,,,,,,,Undrafted,3,,,,,,,,,,Undrafted,,,0.0,,,,8,,,,,12,,,,,0.414,,,,,0.25,,,,-18.0,,4.0,,,,1.0,,,,,,,,,,94.14,,,,4.8,,,8.0,,10,,,94.14,,,0.0,112.5,-18.0,,,0.0,,,,,,0.8,,,,,,0.75,,,,,,4,111.7,,2,9.5,,,,,94.5,,,,,,,,,,2.0,,,,,0.038,,,,3.0,,,,,0,,,,0.25,,,,,,,,,,0.5,,,29,,,,,0.25,,,,,,,,,0,,,,2.0,,,,,,3.0,,,,,,,,,,34.48275862068966
953,Lorenzen Wright,13,69,1998,4000,LAC,1610612746,22.0,,,,,0.145,,0.49,,,,,,,0.0,,,,132.0,,,,129.0,,,,0.0,,232.0,,,,61.0,,,,,,,,,0,,94.0,,,0.0,,,Memphis,,,,,,,0.552,,,,,,606,,,0.0,2,USA,,,,2.0,,,,,0.0,,,,,,,,,,,,,,,180,,,91.0,,,,0.372,,,,,,0.0,,,,98.6,,1777.7,,,,3.5,,,0.085,,0.0,0.362,255.0,,,0.33,,,,,,,,,,,,,,,,,,,,,,2,,,,,104.9,,0.0,,,,,,0.0,,,,,,,0.155,,,,0.0,,,0.445,,,,,,,10.5,,,,,,,,83.0,,,,,,,,,,,,240.0,,,,,,0.0,,,,,,,,,,,,,,163.0,,,10.4,,,,-5.5,,,,,,,,,,,,,,,,,,,,,0.0,,,,,,,,,,,,,,,,,,0.0,,2.0,237,,,,,,,,,,,,,0.156,,,,0.0,,99.7,,,,,,,,,,-224,,,,,,0.68,,,,,,,,,,,,,,,0.0,81,,,,,0.419,15,,,,,,,0.0,2066.2066666666665,,,,,0.044,,,,,,,,,0.0,,,0.0,59.0,,,,,0.188,,,,,,,,,,,55,,7,,623,,,,,,,,,,,,,77.59,,145.0,,,,,,,,,,,1996,426,,,,,,,,,,1,,,0.0,,,,141,,,,,241,,,,,0.445,,,,,0.0,,,,-5.2,,2.0,,,,30.0,,,,,,,0.0,,,93.11,,,,7.9,,,4.0,,214,,,93.11,,,0.0,104.9,-5.2,,,0.0,,,,,0.0,0.659,,,,,,0.518,,,,,,55,104.1,,87,7.1,,,,,99.7,,,,,,,,,,54.0,,,,,0.206,,,,23.0,,,,,0,,,,0.5,,,,,,,,,,0.377,,,542,,,,,0.0,,,,,,,,,56,,,,128.0,,,,,,54.0,0.0,,,,,,,,,39.48339483394834
31,Lorenzo Williams,3,14,1998,226,WAS,1610612764,28.0,,,,,0.116,,0.727,,,,,,,0.0,,,,13.0,,,,0.0,,,,0.0,,17.0,,,,0.0,,,,,,,,,0,,96.07,,,,,,Stetson,,,,,,,0.765,,,,,,26,,,0.0,0,USA,,,,0.0,,,,,,,,,,,,,,,,,,,,16,,,0.0,,,,0.0,,,,,,0.0,,,,98.3,,74.7,,,,0.9,,,0.132,,,0.0,17.0,,,0.0,,,,,,,,,,,,,,,,,,,,,,0,,,,,112.2,,0.0,,,,,,0.0,,,,,,,0.075,,,,0.0,,,0.765,,,,,,,8.7,,,,,,,,81.0,,,,,,,,,,,,200.0,,,,,,0.0,,,,,,,,,,,,,,0.0,,,8.7,,,,-17.3,,,,,,,,,,,,,,,,,,,,,,,,,,,,,,,,,,,,,,,0.0,,0.0,17,,,,,,,,,,,,,0.076,,,,0.0,,99.6,,,,,,,,,,-33,,,,,,1.5,,,,,,,,,,,,,,,0.0,2,,,,,0.0,0,,,,,,,0.0,112.965,,,,,0.039,,,,,,,,,0.0,,,0.0,0.0,,,,,0.214,,,,,,,,,,,2,,Undrafted,,26,,,,,,,,,,,,,80.73,,0.0,,,,,,,,,,,Undrafted,10,,,,,,,,,,Undrafted,,,,,,,0,,,,,13,,,,,0.765,,,,,0.0,,,,-12.6,,0.0,,,,0.0,,,,,,,,,,96.88,,,,1.2,,,0.0,,2,,,96.88,,,,112.2,-12.6,,,0.0,,,,,,0.0,,,,,,0.765,,,,,,3,115.6,,3,13.0,,,,,99.6,,,,,,,,,,0.0,,,,,0.096,,,,0.0,,,,,0,,,,0.0,,,,,,,,,,0.0,,,17,,,,,0.0,,,,,,,,,0,,,,13.0,,,,,,0.0,,,,,,,,,,11.764705882352942
919,Loy Vaught,0,10,1998,525,LAC,1610612746,30.0,,,,,0.12,,0.428,,,,,,,0.0,,,,12.0,,,,11.0,,,,0.0,,15.0,,,,35.0,,,,,,,,,0,,95.92,,,0.0,,,Michigan,,,,,,,0.8,,,,,,65,,,0.0,0,USA,,,,2.0,,,,,0.0,,,,,,,,,,,,,,,16,,,14.0,,,,0.429,,,,,,0.0,,,,98.4,,168.5,,,,3.6,,,0.054,,0.0,0.34,15.0,,,0.429,,,,,,,,,,,,,,,,,,,,,,2,,,,,114.4,,0.0,,,,,,0.0,,,,,,,0.166,,,,0.0,,,0.429,,,,,,,12.1,,,,,,,,81.0,,,,,,,,,,,,230.0,,,,,,0.0,,,,,,,,,,,,,,53.0,,,12.0,,,,-16.6,,,,,,,,,,,,,,,,,,,,,0.0,,,,,,,,,,,,,,,,,,0.0,,3.0,33,,,,,,,,,,,,,0.168,,,,0.0,,98.9,,,,,,,,,,-86,,,,,,0.54,,,,,,,,,,,,,,,0.0,13,,,,,0.364,1,,,,,,,0.0,263.6433333333333,,,,,0.045,,,,,,,,,0.0,,,0.0,18.0,,,,,0.0,,,,,,,,,,,4,,13,,75,,,,,,,,,,,,,79.96,,14.0,,,,,,,,,,,1990,49,,,,,,,,,,1,,,0.0,,,,3,,,,,36,,,,,0.429,,,,,0.0,,,,-15.5,,1.0,,,,6.0,,,,,,,0.0,,,95.95,,,,8.4,,,8.0,,8,,,95.95,,,0.0,114.4,-15.5,,,0.0,,,,,0.0,0.375,,,,,,0.8,,,,,,7,115.0,,2,6.5,,,,,98.9,,,,,,,,,,4.0,,,,,0.198,,,,11.0,,,,,0,,,,0.375,,,,,,,,,,0.314,,,84,,,,,0.0,,,,,,,,,4,,,,12.0,,,,,,6.0,0.0,,,,,,,,,9.523809523809524
26,Luc Longley,42,58,1998,3198,CHI,1610612741,29.0,,,,,0.1,,0.492,,,,,,,0.0,,,,143.0,,,,100.0,,,,0.0,,245.0,,,,110.0,,,,,,,,,0,,91.0,,,0.0,,,New Mexico,,,,,,,0.576,,,,,,341,,,0.0,2,Australia,,,,0.0,,,,,0.0,,,,,,,,,,,,,,,113,,,121.0,,,,0.374,,,,,,0.0,,,,103.7,,1471.7,,,,4.8,,,0.066,,0.0,0.373,270.0,,,0.372,,,,,,,,,,,,,,,,,,,,,,0,,,,,97.0,,0.0,,,,,,0.0,,,,,,,0.21,,,,0.0,,,0.455,,,,,,,13.5,,,,,,,,86.0,,,,,,,,,,,,292.0,,,,,,0.0,,,,,,,,,,,,,,241.0,,,13.5,,,,7.5,,,,,,,,,,,,,,,,,,,,,0.0,,,,,,,,,,,,,,,,,,0.0,,3.0,206,,,,,,,,,,,,,0.212,,,,0.0,,105.2,,,,,,,,,,258,,,,,,1.24,,,,,,,,,,,,,,,0.0,130,,,,,0.4,4,,,,,,,0.0,1706.545,,,,,0.151,,,,,,,,,0.0,,,0.0,90.0,,,,,0.724,,,,,,,,,,,34,,7,,663,,,,,,,,,,,,,75.02,,123.0,,,,,,,,,,,1991,228,,,,,,,,,,1,,,0.0,,,,109,,,,,277,,,,,0.455,,,,,0.0,,,,8.2,,0.0,,,,45.0,,,,,,,0.0,,,90.02,,,,10.5,,,8.0,,148,,,90.02,,,0.0,97.0,8.2,,,0.0,,,,,0.0,0.736,,,,,,0.53,,,,,,161,96.2,,62,16.7,,,,,105.2,,,,,,,,,,40.0,,,,,0.135,,,,46.0,,,,,0,,,,0.375,,,,,,,,,,0.418,,,609,,,,,0.0,,,,,,,,,68,,,,141.0,,,,,,46.0,0.0,,,,,,,,,24.302134646962234
446,Lucious Harris,27,50,1998,1335,NJN,1610612751,27.0,,,,,0.041,,0.475,,,,,,,2.0,,,,21.0,,,,4.0,,,,3.0,,49.0,,,,46.0,,,,,,,,,12,,92.92,,,0.0,,,Long Beach State,,,,,,,0.429,,,,,,52,,,8.0,0,USA,,,,29.0,,,,,0.0,,,,,,,,,,,,,,,21,,,13.0,,,,0.25,,,,,,0.4,,,,104.9,,436.4,,,,1.4,,,0.032,,0.0,0.42,49.0,,,0.385,,,,,,,,,,,,,,,,,,,,,,39,,,,,101.0,,1.0,,,,,,4.0,,,,,,,0.142,,,,0.308,,,0.424,,,,,,,7.9,,,,,,,,77.0,,,,,,,,,,,,205.0,,,,,,1.0,,,,,,,,,,,,,,81.0,,,7.9,,,,1.9,,,,,,,,,,,,,,,,,,,,,0.0,,,,,,,,,,,,,,,,,,0.0,,21.0,77,,,,,,,,,,,,,0.148,,,,0.429,,101.7,,,,,,,,,,17,,,,,,2.0,,,,,,,,,,,,,,,3.0,21,,,,,0.0,0,,,,,,,0.0,670.6416666666667,,,,,0.098,,,,,,,,,7.0,,,10.0,34.0,,,,,0.54,,,,,,,,,,,42,,28,,191,,,,,,,,,,,,,79.42,,8.0,,,,,,,,,,,1993,31,,,,,,,,,,2,,,0.0,,,,41,,,,,69,,,,,0.39,,,,,0.276,,,,0.7,,12.0,,,,5.0,,,,,,,0.0,,,95.3,,,,3.5,,,51.0,,55,,,95.3,,,0.0,101.0,0.7,,,0.333,,,,,0.0,0.745,,,,,,0.429,,,,,,42,103.0,,5,15.8,,,,,101.7,,,,,,,,,,0.0,,,,,0.05,,,,21.0,,,,,0,,,,0.412,,,,,,,,,,0.457,,,177,,,,,0.083,,,,,,,,,11,,,,21.0,,,,,,2.0,0.0,,,,,,,,,31.073446327683616
51,Mahmoud Abdul-Rauf,10,31,1998,1055,SAC,1610612758,29.0,,,,,0.033,,0.405,,,,,,,0.0,,,,7.0,,,,12.0,,,,0.0,,14.0,,,,126.0,,,,,,,,,5,,95.45,,,0.0,,,Louisiana State,,,,,,,0.5,,,,,,37,,,5.0,0,USA,,,,30.0,,,,,0.0,,,,,,,,,,,,,,,6,,,36.0,,,,0.211,,,,,,0.0,,,,95.9,,390.4,,,,3.3,,,0.01,,1.0,0.414,14.0,,,0.444,,,,,,,,,,,,,,,,,,,,,,31,,,,,102.3,,0.0,,,,,,0.0,,,,,,,0.239,,,,0.161,,,0.386,,,,,,,5.3,,,,,,,,73.0,,,,,,,,,,,,162.0,,,,,,1.0,,,,,,,,,,,,,,210.0,,,5.4,,,,-6.4,,,,,,,,,,,,,,,,,,,,,0.0,,,,,,,,,,,,,,,,,,0.0,,29.0,31,,,,,,,,,,,,,0.246,,,,0.0,,95.5,,,,,,,,,,-76,,,,,,3.05,,,,,,,,,,,,,,,0.0,19,,,,,0.25,0,,,,,,,0.0,530.5883333333334,,,,,0.195,,,,,,,,,0.0,,,0.0,87.0,,,,,0.323,,,,,,,,,,,16,,3,,227,,,,,,,,,,,,,79.72,,19.0,,,,,,,,,,,1990,31,,,,,,,,,,1,,,0.0,,,,16,,,,,103,,,,,0.377,,,,,0.167,,,,-6.7,,14.0,,,,16.0,,,,,,,0.0,,,95.67,,,,8.8,,,70.0,,16,,,95.67,,,0.0,102.3,-6.7,,,0.0,,,,,0.0,1.0,,,,,,0.5,,,,,,58,102.3,,1,16.4,,,,,95.5,,,,,,,,,,3.0,,,,,0.059,,,,47.0,,,,,0,,,,0.414,,,,,,,,,,0.373,,,273,,,,,0.071,,,,,,,,,12,,,,7.0,,,,,,4.0,0.0,,,,,,,,,5.86080586080586
990,Malik Rose,37,53,1998,874,SAS,1610612759,23.0,,,,,0.102,,0.485,,,,,,,0.0,,,,49.0,,,,20.0,,,,0.0,,87.0,,,,11.0,,,,,,,,,1,,94.99,,,0.0,,,Drexel,,,,,,,0.563,,,,,,90,,,1.0,1,USA,,,,2.0,,,,,0.0,,,,,,,,,,,,,,,40,,,12.0,,,,0.19,,,,,,0.0,,,,92.3,,334.5,,,,1.1,,,0.091,,,0.2,90.0,,,0.25,,,,,,,,,,,,,,,,,,,,,,3,,,,,98.0,,0.0,,,,,,0.0,,,,,,,0.204,,,,0.333,,,0.438,,,,,,,19.5,,,,,,,,79.0,,,,,,,,,,,,250.0,,,,,,0.0,,,,,,,,,,,,,,25.0,,,19.4,,,,-6.8,,,,,,,,,,,,,,,,,,,,,0.0,,,,,,,,,,,,,,,,,,0.0,,1.0,79,,,,,,,,,,,,,0.212,,,,0.0,,89.7,,,,,,,,,,-67,,,,,,0.43,,,,,,,,,,,,,,,1.0,44,,,,,0.15,0,,,,,,,0.0,431.4166666666667,,,,,0.086,,,,,,,,,0.0,,,1.0,5.0,,,,,0.698,,,,,,,,,,,21,,44,,158,,,,,,,,,,,,,80.76,,21.0,,,,,,,,,,,1996,50,,,,,,,,,,2,,,0.0,,,,39,,,,,59,,,,,0.434,,,,,0.5,,,,-8.3,,0.0,,,,3.0,,,,,,,,,,96.91,,,,2.6,,,3.0,,61,,,96.91,,,0.0,98.0,-8.3,,,0.0,,,,,0.0,0.639,,,,,,0.544,,,,,,19,99.1,,7,8.4,,,,,89.7,,,,,,,,,,3.0,,,,,0.113,,,,3.0,,,,,0,,,,0.333,,,,,,,,,,0.273,,,136,,,,,0.0,,,,,,,,,18,,,,49.0,,,,,,4.0,,,,,,,,,,44.85294117647059
907,Malik Sealy,34,77,1998,3151,DET,1610612765,28.0,,,,,0.069,,0.505,,,,,,,1.0,,,,72.0,,,,39.0,,,,4.0,,124.0,,,,207.0,,,,,,,,,9,,91.73,,,0.0,,,St. John's (NY),,,,,,,0.573,,,,,,219,,,5.0,1,USA,,,,19.0,,,,,0.0,,,,,,,,,,,,,,,48,,,78.0,,,,0.447,,,,,,0.19,,,,101.4,,1179.8,,,,2.8,,,0.03,,0.0,0.394,126.0,,,0.321,,,,,,,,,,,,,,,,,,,,,,41,,,,,97.4,,0.0,,,,,,4.0,,,,,,,0.18,,,,0.22,,,0.437,,,,,,,10.3,,,,,,,,80.0,,,,,,,,,,,,200.0,,,,,,2.0,,,,,,,,,,,,,,302.0,,,10.4,,,,4.2,,,,,,,,,,,,,,,,,,,,,0.0,,,,,,,,,,,,,,,,,,0.0,,11.0,156,,,,,,,,,,,,,0.187,,,,0.364,,100.5,,,,,,,,,,109,,,,,,1.27,,,,,,,,,,,,,,,10.0,79,,,,,0.359,2,,,,,,,0.0,1641.36,,,,,0.108,,,,,,,,,11.0,,,21.0,119.0,,,,,0.442,,,,,,,,,,,65,,14,,591,,,,,,,,,,,,,76.66,,38.0,,,,,,,,,,,1992,171,,,,,,,,,,1,,,1.0,,,,150,,,,,216,,,,,0.428,,,,,0.263,,,,3.1,,10.0,,,,25.0,,,,,,,0.0,,,91.99,,,,6.6,,,44.0,,182,,,91.99,,,0.0,97.4,3.1,,,0.0,,,,,0.0,0.824,,,,,,0.571,,,,,,100,97.2,,20,13.1,,,,,100.5,,,,,,,,,,14.0,,,,,0.108,,,,92.0,,,,,0,,,,0.25,,,,,,,,,,0.444,,,505,,,,,0.2,,,,,,,,,20,,,,71.0,,,,,,17.0,0.0,,,,,,,,,36.039603960396036
948,Marcus Camby,16,63,1998,3926,TOR,1610612761,24.0,,,,,0.113,,0.448,,,,,,,1.0,,,,197.0,,,,104.0,,,,0.0,,365.0,,,,110.0,,,,,,,,,0,,95.22,,,0.0,,,Massachusetts,,,,,,,0.521,,,,,,466,,,0.0,0,USA,,,,1.0,,,,,0.0,,,,,,,,,,,,,,,203,,,143.0,,,,0.339,,,,,,0.0,,,,98.2,,2250.7,,,,4.9,,,0.095,,0.0,0.297,380.0,,,0.322,,,,,,,,,,,,,,,,,,,,,,2,,,,,106.6,,0.0,,,,,,0.0,,,,,,,0.215,,,,0.0,,,0.412,,,,,,,12.2,,,,,,,,83.0,,,,,,,,,,,,220.0,,,,,,0.0,,,,,,,,,,,,,,256.0,,,12.1,,,,-7.5,,,,,,,,,,,,,,,,,,,,,0.0,,,,,,,,,,,,,,,,,,0.0,,3.0,200,,,,,,,,,,,,,0.217,,,,0.0,,98.4,,,,,,,,,,-365,,,,,,0.83,,,,,,,,,,,,,,,0.0,134,,,,,0.288,14,,,,,,,0.0,2000.0333333333333,,,,,0.095,,,,,,,,,0.0,,,0.0,76.0,,,,,0.254,,,,,,,,,,,68,,2,,765,,,,,,,,,,,,,78.93,,124.0,,,,,,,,,,,1996,263,,,,,,,,,,1,,,1.0,,,,149,,,,,308,,,,,0.412,,,,,0.0,,,,-8.2,,0.0,,,,46.0,,,,,,,0.0,,,94.71,,,,11.9,,,9.0,,244,,,94.71,,,0.0,106.6,-8.2,,,0.0,,,,,0.0,0.611,,,,,,0.518,,,,,,111,105.7,,230,10.1,,,,,98.4,,,,,,,,,,30.0,,,,,0.132,,,,32.0,,,,,2,,,,0.333,,,,,,,,,,0.291,,,747,,,,,0.0,,,,,,,,,58,,,,190.0,,,,,,42.0,0.0,,,,,,,,,32.663989290495316
712,Mario Bennett,35,45,1998,752,LAL,1610612747,24.0,,,,,0.161,,0.573,,,,,,,0.0,,,,78.0,,,,9.0,,,,0.0,,113.0,,,,3.0,,,,,,,,,1,,100.61,,,0.0,,,Arizona State,,,,,,,0.681,,,,,,126,,,1.0,0,USA,,,,2.0,,,,,0.0,,,,,,,,,,,,,,,60,,,5.0,,,,0.083,,,,,,0.0,,,,111.4,,424.2,,,,1.8,,,0.15,,,0.125,116.0,,,0.0,,,,,,,,,,,,,,,,,,,,,,2,,,,,105.0,,0.0,,,,,,0.0,,,,,,,0.194,,,,0.5,,,0.596,,,,,,,10.9,,,,,,,,81.0,,,,,,,,,,,,235.0,,,,,,1.0,,,,,,,,,,,,,,8.0,,,10.9,,,,5.3,,,,,,,,,,,,,,,,,,,,,0.0,,,,,,,,,,,,,,,,,,0.0,,0.0,61,,,,,,,,,,,,,0.201,,,,0.0,,108.5,,,,,,,,,,16,,,,,,0.86,,,,,,,,,,,,,,,0.0,21,,,,,0.0,4,,,,,,,0.0,354.4866666666667,,,,,0.084,,,,,,,,,0.0,,,0.0,1.0,,,,,0.778,,,,,,,,,,,19,,27,,177,,,,,,,,,,,,,85.42,,12.0,,,,,,,,,,,1995,66,,,,,,,,,,1,,,0.0,,,,16,,,,,80,,,,,0.593,,,,,0.5,,,,3.5,,2.0,,,,0.0,,,,,,,,,,102.5,,,,3.0,,,0.0,,44,,,102.5,,,0.0,105.0,3.5,,,0.0,,,,,0.0,0.364,,,,,,0.672,,,,,,18,106.2,,11,9.4,,,,,108.5,,,,,,,,,,0.0,,,,,0.173,,,,1.0,,,,,0,,,,0.0,,,,,,,,,,0.333,,,135,,,,,0.5,,,,,,,,,10,,,,77.0,,,,,,1.0,,,,,,,,,,32.592592592592595
53,Mario Elie,35,73,1998,3867,HOU,1610612745,34.0,,,,,0.041,,0.575,,,,,,,3.0,,,,109.0,,,,36.0,,,,9.0,,145.0,,,,16.0,,,,,,,,,55,,94.11,,,0.0,,,American International,,,,,,,0.703,,,,,,156,,,38.0,1,USA,,,,142.0,,,,,1.0,,,,,,,,,,,,,,,39,,,26.0,,,,0.357,,,,,,0.342,,,,105.0,,1297.7,,,,2.8,,,0.021,,2.0,0.452,159.0,,,0.5,,,,,,,,,,,,,,,,,,,,,,189,,,,,106.3,,4.0,,,,,,13.0,,,,,,,0.141,,,,0.291,,,0.512,,,,,,,11.7,,,,,,,,77.0,,,,,,,,,,,,210.0,,,,,,14.0,,,,,,,,,,,,,,73.0,,,11.8,,,,-0.6,,,,,,,,,,,,,,,,,,,,,0.0,,,,,,,,,,,,,,,,,,0.0,,54.0,115,,,,,,,,,,,,,0.145,,,,0.346,,105.6,,,,,,,,,,-28,,,,,,2.21,,,,,,,,,,,,,,,12.0,100,,,,,0.25,1,,,,,,,0.0,1984.983333333333,,,,,0.173,,,,,,,,,26.0,,,38.0,33.0,,,,,0.479,,,,,,,,,,,81,,160,,612,,,,,,,,,,,,,77.93,,56.0,,,,,,,,,,,1985,117,,,,,,,,,,7,,,2.0,,,,145,,,,,206,,,,,0.452,,,,,0.268,,,,-0.7,,59.0,,,,13.0,,,,,,,0.0,,,93.51,,,,6.2,,,154.0,,174,,,93.51,,,0.0,106.3,-0.7,,,0.333,,,,,0.0,0.833,,,,,,0.686,,,,,,221,105.6,,8,26.2,,,,,105.6,,,,,,,,,,9.0,,,,,0.061,,,,7.0,,,,,0,,,,0.351,,,,,,,,,,0.438,,,456,,,,,0.237,,,,,,,,,22,,,,102.0,,,,,,20.0,0.0,,,,,,,,,38.1578947368421
95,Mark Bryant,46,70,1998,2131,PHX,1610612756,33.0,,,,,0.117,,0.545,,,,,,,1.0,,,,66.0,,,,82.0,,,,0.0,,98.0,,,,6.0,,,,,,,,,0,,92.85,,,0.0,,,Seton Hall,,,,,,,0.592,,,,,,244,,,0.0,1,USA,,,,0.0,,,,,0.0,,,,,,,,,,,,,,,92,,,22.0,,,,0.469,,,,,,0.0,,,,106.5,,747.8,,,,1.6,,,0.091,,0.0,0.289,114.0,,,0.227,,,,,,,,,,,,,,,,,,,,,,1,,,,,99.1,,0.0,,,,,,0.0,,,,,,,0.132,,,,0.0,,,0.484,,,,,,,15.6,,,,,,,,81.0,,,,,,,,,,,,245.0,,,,,,0.0,,,,,,,,,,,,,,45.0,,,15.7,,,,6.5,,,,,,,,,,,,,,,,,,,,,0.0,,,,,,,,,,,,,,,,,,0.0,,0.0,180,,,,,,,,,,,,,0.134,,,,0.0,,108.1,,,,,,,,,,171,,,,,,0.79,,,,,,,,,,,,,,,0.0,58,,,,,0.427,0,,,,,,,0.0,1110.2266666666667,,,,,0.059,,,,,,,,,0.0,,,0.0,13.0,,,,,0.657,,,,,,,,,,,36,,21,,291,,,,,,,,,,,,,77.16,,81.0,,,,,,,,,,,1988,152,,,,,,,,,,1,,,1.0,,,,73,,,,,109,,,,,0.484,,,,,0.0,,,,9.0,,0.0,,,,5.0,,,,,,,0.0,,,92.59,,,,3.2,,,0.0,,95,,,92.59,,,0.0,99.1,9.0,,,0.0,,,,,0.0,0.768,,,,,,0.579,,,,,,46,100.0,,15,12.4,,,,,108.1,,,,,,,,,,35.0,,,,,0.141,,,,3.0,,,,,0,,,,0.0,,,,,,,,,,0.5,,,225,,,,,0.0,,,,,,,,,27,,,,58.0,,,,,,38.0,0.0,,,,,,,,,42.22222222222222
707,Mark Davis,27,71,1998,1819,PHI,1610612755,25.0,,,,,0.087,,0.489,,,,,,,0.0,,,,89.0,,,,21.0,,,,0.0,,142.0,,,,35.0,,,,,,,,,0,,94.33,,,0.0,,,Texas Tech,,,,,,,0.613,,,,,,158,,,0.0,2,USA,,,,6.0,,,,,0.0,,,,,,,,,,,,,,,64,,,20.0,,,,0.179,,,,,,0.0,,,,95.8,,691.1,,,,1.5,,,0.071,,0.0,0.25,149.0,,,0.2,,,,,,,,,,,,,,,,,,,,,,6,,,,,97.7,,0.0,,,,,,0.0,,,,,,,0.18,,,,0.0,,,0.447,,,,,,,20.1,,,,,,,,79.0,,,,,,,,,,,,210.0,,,,,,0.0,,,,,,,,,,,,,,68.0,,,20.0,,,,-4.4,,,,,,,,,,,,,,,,,,,,,0.0,,,,,,,,,,,,,,,,,,0.0,,7.0,95,,,,,,,,,,,,,0.185,,,,0.0,,93.7,,,,,,,,,,-88,,,,,,0.8,,,,,,,,,,,,,,,0.0,91,,,,,0.095,0,,,,,,,0.0,907.59,,,,,0.141,,,,,,,,,0.0,,,0.0,17.0,,,,,0.38,,,,,,,,,,,49,,48,,282,,,,,,,,,,,,,80.52,,28.0,,,,,,,,,,,1995,94,,,,,,,,,,2,,,0.0,,,,64,,,,,109,,,,,0.447,,,,,0.0,,,,-4.0,,4.0,,,,4.0,,,,,,,0.0,,,96.63,,,,3.4,,,15.0,,101,,,96.63,,,0.0,97.7,-4.0,,,0.0,,,,,0.0,0.634,,,,,,0.597,,,,,,73,100.2,,18,16.0,,,,,93.7,,,,,,,,,,2.0,,,,,0.104,,,,7.0,,,,,0,,,,0.467,,,,,,,,,,0.2,,,244,,,,,0.0,,,,,,,,,30,,,,87.0,,,,,,5.0,0.0,,,,,,,,,41.39344262295082
971,Mark Hendrickson,15,48,1998,1479,SAC,1610612758,24.0,,,,,0.095,,0.468,,,,,,,0.0,,,,21.0,,,,7.0,,,,0.0,,34.0,,,,63.0,,,,,,,,,0,,95.27,,,0.0,,,Washington State,,,,,,,0.588,,,,,,143,,,0.0,0,USA,,,,5.0,,,,,1.0,,,,,,,,,,,,,,,33,,,20.0,,,,0.231,,,,,,0.0,,,,95.7,,470.1,,,,1.2,,,0.044,,,0.361,36.0,,,0.45,,,,,,,,,,,,,,,,,,,,,,5,,,,,101.5,,0.0,,,,,,0.0,,,,,,,0.122,,,,0.0,,,0.389,,,,,,,12.6,,,,,,,,81.0,,,,,,,,,,,,220.0,,,,,,0.0,,,,,,,,,,,,,,97.0,,,12.6,,,,-7.6,,,,,,,,,,,,,,,,,,,,,0.0,,,,,,,,,,,,,,,,,,0.0,,6.0,60,,,,,,,,,,,,,0.125,,,,0.0,,94.7,,,,,,,,,,-108,,,,,,1.32,,,,,,,,,,,,,,,0.0,31,,,,,0.143,0,,,,,,,0.0,736.5083333333333,,,,,0.086,,,,,,,,,0.0,,,0.0,35.0,,,,,0.313,,,,,,,,,,,26,,31,,163,,,,,,,,,,,,,80.49,,13.0,,,,,,,,,,,1996,110,,,,,,,,,,2,,,0.0,,,,47,,,,,58,,,,,0.389,,,,,0.0,,,,-6.9,,3.0,,,,9.0,,,,,,,,,,96.59,,,,3.1,,,19.0,,57,,,96.59,,,0.0,101.5,-6.9,,,0.0,,,,,0.0,0.825,,,,,,0.583,,,,,,41,103.3,,9,16.6,,,,,94.7,,,,,,,,,,1.0,,,,,0.147,,,,21.0,,,,,0,,,,0.316,,,,,,,,,,0.333,,,149,,,,,0.0,,,,,,,,,13,,,,20.0,,,,,,3.0,,,,,,,,,,38.25503355704698
349,Mark Jackson,58,82,1998,4572,IND,1610612754,33.0,,,,,0.069,,0.501,,,,,,,6.0,,,,107.0,,,,125.0,,,,1.0,,177.0,,,,45.0,,,,,,,,,43,,91.42,,,1.0,,,St. John's (NY),,,,,,,0.497,,,,,,322,,,39.0,0,USA,,,,128.0,,,,,1.0,,,,,,,,,,,,,,,67,,,56.0,,,,0.444,,,,,,0.5,,,,109.0,,2217.9,,,,3.0,,,0.031,,1.0,0.374,212.0,,,0.286,,,,,,,,,,,,,,,,,,,,,,137,,,,,99.5,,2.0,,,,,,3.0,,,,,,,0.164,,,,0.314,,,0.452,,,,,,,11.1,,,,,,,,75.0,,,,,,,,,,,,185.0,,,,,,25.0,,,,,,,,,,,,,,115.0,,,11.1,,,,10.1,,,,,,,,,,,,,,,,,,,,,1.0,,,,,,,,,,,,,,,,,,1.0,,26.0,132,,,,,,,,,,,,,0.166,,,,0.333,,109.3,,,,,,,,,,443,,,,,,4.1,,,,,,,,,,,,,,,3.0,174,,,,,0.44,12,,,,,,,0.167,2411.6066666666666,,,,,0.443,,,,,,,,,3.0,,,6.0,43.0,,,,,0.707,,,,,,,,,,,84,,18,,678,,,,,,,,,,,,,75.86,,169.0,,,,,,,,,,,1987,255,,,,,,,,,,1,,,3.0,,,,137,,,,,249,,,,,0.416,,,,,0.305,,,,9.8,,83.0,,,,16.0,,,,,,,0.0,,,91.03,,,,7.3,,,69.0,,180,,,91.03,,,0.333,99.5,9.8,,,0.667,,,,,1.0,0.761,,,,,,0.505,,,,,,713,98.9,,2,45.4,,,,,109.3,,,,,,,,,,55.0,,,,,0.103,,,,18.0,,,,,0,,,,0.377,,,,,,,,,,0.4,,,598,,,,,0.301,,,,,,,,,41,,,,88.0,,,,,,75.0,0.0,,,,,,,,,30.100334448160535
998,Mark Pope,22,28,1998,374,IND,1610612754,25.0,,,,,0.072,,0.402,,,,,,,0.0,,,,9.0,,,,2.0,,,,0.0,,14.0,,,,14.0,,,,,,,,,1,,93.59,,,0.0,,,Kentucky,,,,,,,0.643,,,,,,26,,,1.0,0,USA,,,,3.0,,,,,0.0,,,,,,,,,,,,,,,9,,,1.0,,,,0.0,,,,,,0.0,,,,98.0,,97.7,,,,0.5,,,0.05,,0.0,0.19,15.0,,,0.0,,,,,,,,,,,,,,,,,,,,,,3,,,,,96.1,,0.0,,,,,,0.0,,,,,,,0.139,,,,0.333,,,0.354,,,,,,,15.3,,,,,,,,82.0,,,,,,,,,,,,235.0,,,,,,0.0,,,,,,,,,,,,,,21.0,,,15.2,,,,-0.2,,,,,,,,,,,,,,,,,,,,,0.0,,,,,,,,,,,,,,,,,,0.0,,3.0,36,,,,,,,,,,,,,0.145,,,,0.0,,95.2,,,,,,,,,,-15,,,,,,0.7,,,,,,,,,,,,,,,0.0,10,,,,,0.0,0,,,,,,,0.0,190.0,,,,,0.062,,,,,,,,,0.0,,,0.0,4.0,,,,,0.786,,,,,,,,,,,3,,52,,39,,,,,,,,,,,,,80.0,,3.0,,,,,,,,,,,1996,17,,,,,,,,,,2,,,0.0,,,,10,,,,,14,,,,,0.341,,,,,0.333,,,,-0.9,,2.0,,,,0.0,,,,,,,0.0,,,96.0,,,,1.5,,,7.0,,17,,,96.0,,,0.0,96.1,-0.9,,,0.0,,,,,0.0,0.588,,,,,,0.6,,,,,,7,98.2,,6,10.6,,,,,95.2,,,,,,,,,,0.0,,,,,0.094,,,,2.0,,,,,0,,,,0.429,,,,,,,,,,0.143,,,41,,,,,0.0,,,,,,,,,2,,,,9.0,,,,,,0.0,0.0,,,,,,,,,41.46341463414634
899,Mark Price,34,63,1998,2765,ORL,1610612753,34.0,,,,,0.046,,0.518,,,,,,,0.0,,,,37.0,,,,44.0,,,,1.0,,61.0,,,,153.0,,,,,,,,,52,,92.46,,,0.0,,,Georgia Tech,,,,,,,0.59,,,,,,129,,,48.0,0,USA,,,,145.0,,,,,0.0,,,,,,,,,,,,,,,24,,,69.0,,,,0.507,,,,,,0.286,,,,99.2,,1209.3,,,,3.6,,,0.017,,0.0,0.434,65.0,,,0.565,,,,,,,,,,,,,,,,,,,,,,155,,,,,102.8,,1.0,,,,,,2.0,,,,,,,0.223,,,,0.335,,,0.48,,,,,,,15.6,,,,,,,,72.0,,,,,,,,,,,,180.0,,,,,,21.0,,,,,,,,,,,,,,249.0,,,15.8,,,,-3.2,,,,,,,,,,,,,,,,,,,,,0.0,,,,,,,,,,,,,,,,,,0.0,,46.0,92,,,,,,,,,,,,,0.23,,,,0.25,,99.9,,,,,,,,,,-18,,,,,,1.83,,,,,,,,,,,,,,,3.0,162,,,,,0.523,1,,,,,,,0.0,1427.415,,,,,0.363,,,,,,,,,4.0,,,7.0,108.0,,,,,0.54,,,,,,,,,,,53,,25,,597,,,,,,,,,,,,,76.63,,69.0,,,,,,,,,,,1986,105,,,,,,,,,,2,,,0.0,,,,87,,,,,229,,,,,0.431,,,,,0.331,,,,-2.9,,72.0,,,,39.0,,,,,,,0.0,,,91.95,,,,8.4,,,128.0,,103,,,91.95,,,0.0,102.8,-2.9,,,0.333,,,,,0.0,0.845,,,,,,0.569,,,,,,297,102.5,,5,28.9,,,,,99.9,,,,,,,,,,23.0,,,,,0.075,,,,63.0,,,,,0,,,,0.359,,,,,,,,,,0.412,,,531,,,,,0.292,,,,,,,,,21,,,,36.0,,,,,,35.0,0.0,,,,,,,,,19.397363465160076
1110,Mark Strickland,34,51,1998,1624,MIA,1610612748,27.0,,,,,0.125,,0.571,,,,,,,1.0,,,,117.0,,,,35.0,,,,0.0,,159.0,,,,37.0,,,,,,,,,0,,92.12,,,0.0,,,Temple,,,,,,,0.736,,,,,,212,,,0.0,0,USA,,,,0.0,,,,,0.0,,,,,,,,,,,,,,,79,,,29.0,,,,0.22,,,,,,0.0,,,,104.3,,749.4,,,,2.8,,,0.093,,0.0,0.269,162.0,,,0.207,,,,,,,,,,,,,,,,,,,,,,1,,,,,103.6,,0.0,,,,,,0.0,,,,,,,0.187,,,,0.0,,,0.537,,,,,,,12.5,,,,,,,,82.0,,,,,,,,,,,,220.0,,,,,,0.0,,,,,,,,,,,,,,67.0,,,12.4,,,,1.3,,,,,,,,,,,,,,,,,,,,,0.0,,,,,,,,,,,,,,,,,,0.0,,1.0,87,,,,,,,,,,,,,0.189,,,,0.0,,103.7,,,,,,,,,,-6,,,,,,0.55,,,,,,,,,,,,,,,0.0,47,,,,,0.286,2,,,,,,,0.0,847.885,,,,,0.052,,,,,,,,,0.0,,,0.0,18.0,,,,,0.667,,,,,,,,,,,18,,Undrafted,,347,,,,,,,,,,,,,76.8,,41.0,,,,,,,,,,,Undrafted,133,,,,,,,,,,Undrafted,,,1.0,,,,59,,,,,144,,,,,0.537,,,,,0.0,,,,0.1,,0.0,,,,6.0,,,,,,,0.0,,,92.16,,,,5.3,,,4.0,,82,,,92.16,,,0.0,103.6,0.1,,,0.0,,,,,0.0,0.72,,,,,,0.722,,,,,,26,103.0,,34,6.8,,,,,103.7,,,,,,,,,,10.0,,,,,0.156,,,,10.0,,,,,0,,,,0.25,,,,,,,,,,0.27,,,268,,,,,0.0,,,,,,,,,23,,,,117.0,,,,,,9.0,0.0,,,,,,,,,30.597014925373134
770,Mark West,9,15,1998,207,IND,1610612754,37.0,,,,,0.074,,0.486,,,,,,,0.0,,,,8.0,,,,5.0,,,,0.0,,11.0,,,,2.0,,,,,,,,,0,,92.66,,,0.0,,,Old Dominion,,,,,,,0.545,,,,,,15,,,0.0,0,USA,,,,0.0,,,,,0.0,,,,,,,,,,,,,,,6,,,0.0,,,,0.375,,,,,,0.0,,,,89.6,,54.0,,,,0.7,,,0.057,,0.0,0.5,14.0,,,0.0,,,,,,,,,,,,,,,,,,,,,,0,,,,,92.1,,0.0,,,,,,0.0,,,,,,,0.132,,,,0.0,,,0.476,,,,,,,23.8,,,,,,,,82.0,,,,,,,,,,,,246.0,,,,,,0.0,,,,,,,,,,,,,,2.0,,,23.5,,,,-4.5,,,,,,,,,,,,,,,,,,,,,0.0,,,,,,,,,,,,,,,,,,0.0,,0.0,15,,,,,,,,,,,,,0.135,,,,0.0,,89.4,,,,,,,,,,-1,,,,,,0.25,,,,,,,,,,,,,,,0.0,8,,,,,0.2,0,,,,,,,0.0,104.67666666666666,,,,,0.036,,,,,,,,,0.0,,,0.0,1.0,,,,,0.6,,,,,,,,,,,2,,30,,23,,,,,,,,,,,,,78.15,,8.0,,,,,,,,,,,1983,9,,,,,,,,,,2,,,0.0,,,,3,,,,,10,,,,,0.476,,,,,0.0,,,,-2.7,,0.0,,,,0.0,,,,,,,0.0,,,93.77,,,,1.4,,,0.0,,6,,,93.77,,,0.0,92.1,-2.7,,,0.0,,,,,0.0,0.5,,,,,,0.571,,,,,,2,94.1,,4,5.9,,,,,89.4,,,,,,,,,,1.0,,,,,0.093,,,,1.0,,,,,0,,,,0.0,,,,,,,,,,0.5,,,21,,,,,0.0,,,,,,,,,3,,,,6.0,,,,,,3.0,0.0,,,,,,,,,28.571428571428573
1527,Marko Milic,24,33,1998,359,PHX,1610612756,21.0,,,,,0.079,,0.644,,,,,,,,,,,30.0,,,,8.0,,,,0.0,,39.0,,,,4.0,,,,,,,,,3,,101.49,,,,,,,,,,,,,0.769,,,,,,25,,,3.0,0,Slovenia,,,,5.0,,,,,,,,,,,,,,,,,,,,10,,,7.0,,,,0.375,,,,,,0.0,,,,103.6,,149.0,,,,1.2,,,0.065,,0.0,0.273,39.0,,,0.143,,,,,,,,,,,,,,,,,,,,,,6,,,,,93.4,,0.0,,,,,,0.0,,,,,,,0.228,,,,0.5,,,0.633,,,,,,,20.1,,,,,,,,78.0,,,,,,,,,,,,235.0,,,,,,1.0,,,,,,,,,,,,,,11.0,,,20.2,,,,7.4,,,,,,,,,,,,,,,,,,,,,,,,,,,,,,,,,,,,,,,,,2.0,17,,,,,,,,,,,,,0.245,,,,0.0,,98.1,,,,,,,,,,24,,,,,,0.57,,,,,,,,,,,,,,,0.0,21,,,,,0.5,0,,,,,,,,160.945,,,,,0.113,,,,,,,,,1.0,,,1.0,3.0,,,,,0.727,,,,,,,,,,,10,,33,,92,,,,,,,,,,,,,88.23,,8.0,,,,,,,,,,,1997,15,,,,,,,,,,2,,,,,,,11,,,,,39,,,,,0.609,,,,,0.6,,,,4.6,,2.0,,,,1.0,,,,,,,0.0,,,105.87,,,,1.9,,,4.0,,17,,,105.87,,,,93.4,4.6,,,0.0,,,,,,0.647,,,,,,0.769,,,,,,12,96.2,,0,11.5,,,,,98.1,,,,,,,,,,4.0,,,,,0.091,,,,1.0,,,,,0,,,,0.5,,,,,,,,,,0.25,,,64,,,,,0.5,,,,,,,,,5,,,,30.0,,,,,,3.0,0.0,,,,,,,,,26.5625
982,Martin Muursepp,9,41,1998,1232,DAL,1610612742,23.0,,,,,0.096,,0.528,,,,,,,1.0,,,,49.0,,,,19.0,,,,2.0,,83.0,,,,28.0,,,,,,,,,16,,96.73,,,0.0,,,,,,,,,,0.578,,,,,,114,,,13.0,1,Estonia,,,,23.0,,,,,,,,,,,,,,,,,,,,46,,,13.0,,,,0.316,,,,,,0.214,,,,99.5,,514.8,,,,2.0,,,0.075,,0.0,0.255,86.0,,,0.154,,,,,,,,,,,,,,,,,,,,,,38,,,,,101.2,,1.0,,,,,,3.0,,,,,,,0.176,,,,0.421,,,0.476,,,,,,,10.4,,,,,,,,81.0,,,,,,,,,,,,235.0,,,,,,4.0,,,,,,,,,,,,,,51.0,,,10.3,,,,-3.7,,,,,,,,,,,,,,,,,,,,,,,,,,,,,,,,,,,,,,,0.0,,15.0,96,,,,,,,,,,,,,0.179,,,,0.333,,99.4,,,,,,,,,,-21,,,,,,1.03,,,,,,,,,,,,,,,8.0,29,,,,,0.316,1,,,,,,,0.0,604.2683333333333,,,,,0.08,,,,,,,,,6.0,,,14.0,13.0,,,,,0.22,,,,,,,,,,,29,,25,,233,,,,,,,,,,,,,81.49,,19.0,,,,,,,,,,,1996,68,,,,,,,,,,1,,,1.0,,,,51,,,,,83,,,,,0.435,,,,,0.565,,,,-1.9,,9.0,,,,2.0,,,,,,,0.0,,,97.78,,,,4.7,,,35.0,,67,,,97.78,,,0.0,101.2,-1.9,,,0.125,,,,,,0.761,,,,,,0.57,,,,,,30,103.3,,14,10.6,,,,,99.4,,,,,,,,,,6.0,,,,,0.117,,,,7.0,,,,,0,,,,0.429,,,,,,,,,,0.25,,,191,,,,,0.444,,,,,,,,,25,,,,48.0,,,,,,6.0,0.0,,,,,,,,,35.07853403141361
55,Marty Conlon,11,18,1998,423,MIA,1610612748,30.0,,,,,0.104,,0.541,,,,,,,0.0,,,,11.0,,,,9.0,,,,0.0,,22.0,,,,17.0,,,,,,,,,0,,97.29,,,0.0,,,Providence,,,,,,,0.5,,,,,,46,,,0.0,0,USA,,,,0.0,,,,,,,,,,,,,,,,,,,,16,,,10.0,,,,0.556,,,,,,0.0,,,,101.3,,192.2,,,,1.6,,,0.07,,,0.387,23.0,,,0.3,,,,,,,,,,,,,,,,,,,,,,0,,,,,94.3,,0.0,,,,,,0.0,,,,,,,0.187,,,,0.0,,,0.452,,,,,,,10.5,,,,,,,,83.0,,,,,,,,,,,,245.0,,,,,,0.0,,,,,,,,,,,,,,31.0,,,10.6,,,,4.6,,,,,,,,,,,,,,,,,,,,,,,,,,,,,,,,,,,,,,,0.0,,2.0,27,,,,,,,,,,,,,0.191,,,,0.0,,103.3,,,,,,,,,,37,,,,,,1.09,,,,,,,,,,,,,,,0.0,11,,,,,0.444,0,,,,,,,0.0,208.57,,,,,0.101,,,,,,,,,0.0,,,0.0,12.0,,,,,0.611,,,,,,,,,,,9,,Undrafted,,88,,,,,,,,,,,,,81.22,,9.0,,,,,,,,,,,Undrafted,30,,,,,,,,,,Undrafted,,,0.0,,,,32,,,,,28,,,,,0.452,,,,,0.0,,,,9.0,,0.0,,,,3.0,,,,,,,,,,97.46,,,,3.4,,,3.0,,44,,,97.46,,,0.0,94.3,9.0,,,0.0,,,,,,0.727,,,,,,0.478,,,,,,12,96.6,,5,11.5,,,,,103.3,,,,,,,,,,4.0,,,,,0.142,,,,8.0,,,,,0,,,,0.667,,,,,,,,,,0.471,,,62,,,,,0.0,,,,,,,,,6,,,,11.0,,,,,,5.0,,,,,,,,,,70.96774193548387
672,Matt Bullard,34,67,1998,2318,HOU,1610612745,31.0,,,,,0.062,,0.581,,,,,,,0.0,,,,21.0,,,,25.0,,,,6.0,,27.0,,,,48.0,,,,,,,,,96,,93.56,,,0.0,,,Iowa,,,,,,,0.778,,,,,,146,,,82.0,0,USA,,,,194.0,,,,,1.0,,,,,,,,,,,,,,,25,,,33.0,,,,0.385,,,,,,0.4,,,,103.9,,857.2,,,,2.6,,,0.021,,0.0,0.446,28.0,,,0.303,,,,,,,,,,,,,,,,,,,,,,231,,,,,106.2,,6.0,,,,,,12.0,,,,,,,0.164,,,,0.416,,,0.573,,,,,,,7.8,,,,,,,,82.0,,,,,,,,,,,,235.0,,,,,,29.0,,,,,,,,,,,,,,112.0,,,7.8,,,,-2.9,,,,,,,,,,,,,,,,,,,,,0.0,,,,,,,,,,,,,,,,,,0.0,,81.0,104,,,,,,,,,,,,,0.167,,,,0.462,,104.5,,,,,,,,,,-44,,,,,,1.54,,,,,,,,,,,,,,,17.0,39,,,,,0.52,0,,,,,,,0.0,1190.3433333333332,,,,,0.082,,,,,,,,,13.0,,,30.0,50.0,,,,,0.507,,,,,,,,,,,31,,Undrafted,,466,,,,,,,,,,,,,77.98,,26.0,,,,,,,,,,,Undrafted,121,,,,,,,,,,Undrafted,,,0.0,,,,20,,,,,175,,,,,0.45,,,,,0.423,,,,-1.7,,81.0,,,,10.0,,,,,,,0.0,,,93.57,,,,5.8,,,173.0,,27,,,93.57,,,0.0,106.2,-1.7,,,0.353,,,,,0.0,0.741,,,,,,0.75,,,,,,60,106.8,,24,12.0,,,,,104.5,,,,,,,,,,13.0,,,,,0.104,,,,21.0,,,,,0,,,,0.468,,,,,,,,,,0.438,,,389,,,,,0.358,,,,,,,,,7,,,,21.0,,,,,,10.0,0.0,,,,,,,,,6.940874035989717
761,Matt Geiger,48,78,1998,3512,CHH,1610612766,28.0,,,,,0.153,,0.544,,,,,,,2.0,,,,244.0,,,,110.0,,,,0.0,,383.0,,,,60.0,,,,,,,,,1,,91.27,,,0.0,,,Georgia Tech,,,,,,,0.629,,,,,,521,,,1.0,0,USA,,,,8.0,,,,,0.0,,,,,,,,,,,,,,,196,,,128.0,,,,0.315,,,,,,0.0,,,,105.1,,1981.2,,,,4.6,,,0.115,,0.0,0.397,394.0,,,0.344,,,,,,,,,,,,,,,,,,,,,,11,,,,,105.5,,0.0,,,,,,0.0,,,,,,,0.226,,,,0.091,,,0.506,,,,,,,11.1,,,,,,,,85.0,,,,,,,,,,,,245.0,,,,,,1.0,,,,,,,,,,,,,,204.0,,,11.1,,,,-1.1,,,,,,,,,,,,,,,,,,,,,0.0,,,,,,,,,,,,,,,,,,0.0,,0.0,191,,,,,,,,,,,,,0.231,,,,0.0,,104.5,,,,,,,,,,-45,,,,,,0.7,,,,,,,,,,,,,,,0.0,111,,,,,0.373,18,,,,,,,0.0,1838.9466666666667,,,,,0.076,,,,,,,,,1.0,,,1.0,81.0,,,,,0.615,,,,,,,,,,,68,,42,,885,,,,,,,,,,,,,76.49,,111.0,,,,,,,,,,,1992,325,,,,,,,,,,2,,,2.0,,,,168,,,,,358,,,,,0.505,,,,,0.125,,,,-1.0,,5.0,,,,44.0,,,,,,,0.0,,,91.79,,,,9.1,,,10.0,,236,,,91.79,,,0.0,105.5,-1.0,,,0.0,,,,,0.0,0.712,,,,,,0.619,,,,,,78,106.2,,87,7.8,,,,,104.5,,,,,,,,,,41.0,,,,,0.19,,,,28.0,,,,,0,,,,0.0,,,,,,,,,,0.467,,,709,,,,,0.2,,,,,,,,,52,,,,241.0,,,,,,35.0,0.0,,,,,,,,,33.286318758815234
1074,Matt Maloney,39,78,1998,4312,HOU,1610612745,26.0,,,,,0.033,,0.539,,,,,,,1.0,,,,68.0,,,,12.0,,,,1.0,,114.0,,,,46.0,,,,,,,,,126,,93.64,,,0.0,,,Pennsylvania,,,,,,,0.596,,,,,,142,,,111.0,0,USA,,,,296.0,,,,,0.0,,,,,,,,,,,,,,,16,,,22.0,,,,0.125,,,,,,0.31,,,,104.3,,1261.9,,,,3.1,,,0.008,,0.0,0.381,117.0,,,0.318,,,,,,,,,,,,,,,,,,,,,,346,,,,,106.8,,12.0,,,,,,13.0,,,,,,,0.148,,,,0.364,,,0.515,,,,,,,11.3,,,,,,,,75.0,,,,,,,,,,,,200.0,,,,,,46.0,,,,,,,,,,,,,,118.0,,,11.3,,,,-1.9,,,,,,,,,,,,,,,,,,,,,0.0,,,,,,,,,,,,,,,,,,0.0,,95.0,99,,,,,,,,,,,,,0.151,,,,0.091,,104.7,,,,,,,,,,-73,,,,,,2.05,,,,,,,,,,,,,,,31.0,107,,,,,0.25,0,,,,,,,0.0,2217.54,,,,,0.151,,,,,,,,,11.0,,,42.0,45.0,,,,,0.5,,,,,,,,,,,62,,Undrafted,,669,,,,,,,,,,,,,77.64,,16.0,,,,,,,,,,,Undrafted,126,,,,,,,,,,Undrafted,,,0.0,,,,65,,,,,239,,,,,0.408,,,,,0.375,,,,-2.1,,142.0,,,,7.0,,,,,,,0.0,,,93.16,,,,7.5,,,246.0,,78,,,93.16,,,0.0,106.8,-2.1,,,0.387,,,,,0.0,0.833,,,,,,0.581,,,,,,219,106.1,,5,23.2,,,,,104.7,,,,,,,,,,3.0,,,,,0.058,,,,20.0,,,,,0,,,,0.386,,,,,,,,,,0.435,,,586,,,,,0.324,,,,,,,,,20,,,,68.0,,,,,,2.0,0.0,,,,,,,,,13.310580204778157
1508,Maurice Taylor,16,71,1998,2965,LAC,1610612746,21.0,,,,,0.097,,0.521,,,,,,,1.0,,,,150.0,,,,126.0,,,,0.0,,230.0,,,,149.0,,,,,,,,,0,,94.51,,,0.0,,,Michigan,,,,,,,0.613,,,,,,296,,,0.0,1,USA,,,,1.0,,,,,0.0,,,,,,,,,,,,,,,118,,,127.0,,,,0.425,,,,,,0.0,,,,98.2,,1364.7,,,,4.5,,,0.076,,0.0,0.396,254.0,,,0.496,,,,,,,,,,,,,,,,,,,,,,1,,,,,107.7,,0.0,,,,,,0.0,,,,,,,0.256,,,,0.0,,,0.476,,,,,,,11.4,,,,,,,,81.0,,,,,,,,,,,,260.0,,,,,,0.0,,,,,,,,,,,,,,298.0,,,11.4,,,,-9.5,,,,,,,,,,,,,,,,,,,,,0.0,,,,,,,,,,,,,,,,,,0.0,,8.0,222,,,,,,,,,,,,,0.262,,,,0.0,,99.0,,,,,,,,,,-255,,,,,,0.5,,,,,,,,,,,,,,,0.0,107,,,,,0.405,3,,,,,,,0.0,1511.5216666666668,,,,,0.069,,,,,,,,,0.0,,,0.0,118.0,,,,,0.225,,,,,,,,,,,34,,14,,815,,,,,,,,,,,,,78.41,,146.0,,,,,,,,,,,1997,178,,,,,,,,,,1,,,0.0,,,,173,,,,,321,,,,,0.476,,,,,0.0,,,,-8.7,,0.0,,,,63.0,,,,,,,0.0,,,94.09,,,,9.5,,,18.0,,244,,,94.09,,,0.0,107.7,-8.7,,,0.0,,,,,0.0,0.709,,,,,,0.591,,,,,,53,107.7,,40,5.6,,,,,99.0,,,,,,,,,,51.0,,,,,0.119,,,,49.0,,,,,0,,,,0.444,,,,,,,,,,0.329,,,675,,,,,0.0,,,,,,,,,38,,,,141.0,,,,,,62.0,0.0,,,,,,,,,36.148148148148145
262,Michael Cage,42,79,1998,2349,NJN,1610612751,36.0,,,,,0.131,,0.531,,,,,,,0.0,,,,41.0,,,,6.0,,,,0.0,,67.0,,,,4.0,,,,,,,,,0,,92.31,,,0.0,,,San Diego State,,,,,,,0.597,,,,,,308,,,0.0,1,USA,,,,1.0,,,,,,,,,,,,,,,,,,,,115,,,4.0,,,,0.167,,,,,,0.0,,,,101.8,,767.6,,,,0.5,,,0.092,,0.0,0.2,69.0,,,0.25,,,,,,,,,,,,,,,,,,,,,,1,,,,,97.7,,0.0,,,,,,0.0,,,,,,,0.044,,,,0.0,,,0.512,,,,,,,14.9,,,,,,,,81.0,,,,,,,,,,,,248.0,,,,,,0.0,,,,,,,,,,,,,,10.0,,,14.6,,,,2.3,,,,,,,,,,,,,,,,,,,,,,,,,,,,,,,,,,,,,,,0.0,,0.0,105,,,,,,,,,,,,,0.046,,,,0.0,,100.5,,,,,,,,,,72,,,,,,1.39,,,,,,,,,,,,,,,0.0,23,,,,,0.167,0,,,,,,,0.0,1200.8216666666667,,,,,0.038,,,,,,,,,0.0,,,0.0,2.0,,,,,0.532,,,,,,,,,,,45,,14,,106,,,,,,,,,,,,,78.15,,6.0,,,,,,,,,,,1984,193,,,,,,,,,,1,,,0.0,,,,20,,,,,43,,,,,0.512,,,,,0.0,,,,2.8,,1.0,,,,1.0,,,,,,,0.0,,,93.78,,,,1.1,,,0.0,,36,,,93.78,,,0.0,97.7,2.8,,,0.0,,,,,,0.556,,,,,,0.594,,,,,,32,99.5,,44,20.4,,,,,100.5,,,,,,,,,,1.0,,,,,0.175,,,,0.0,,,,,0,,,,0.0,,,,,,,,,,0.0,,,84,,,,,0.0,,,,,,,,,1,,,,40.0,,,,,,1.0,0.0,,,,,,,,,42.857142857142854
688,Michael Curry,36,82,1998,3817,MIL,1610612749,29.0,,,,,0.027,,0.548,,,,,,,0.0,,,,79.0,,,,21.0,,,,0.0,,122.0,,,,172.0,,,,,,,,,4,,92.36,,,0.0,,,Georgia Southern,,,,,,,0.615,,,,,,98,,,4.0,7,USA,,,,9.0,,,,,0.0,,,,,,,,,,,,,,,26,,,38.0,,,,0.4,,,,,,0.0,,,,98.9,,999.1,,,,2.4,,,0.014,,0.0,0.409,128.0,,,0.395,,,,,,,,,,,,,,,,,,,,,,9,,,,,102.5,,0.0,,,,,,0.0,,,,,,,0.132,,,,0.444,,,0.474,,,,,,,10.9,,,,,,,,77.0,,,,,,,,,,,,227.0,,,,,,4.0,,,,,,,,,,,,,,257.0,,,10.8,,,,-3.8,,,,,,,,,,,,,,,,,,,,,0.0,,,,,,,,,,,,,,,,,,0.0,,22.0,218,,,,,,,,,,,,,0.134,,,,0.0,,97.9,,,,,,,,,,-209,,,,,,1.78,,,,,,,,,,,,,,,0.0,77,,,,,0.286,0,,,,,,,0.0,1980.2166666666667,,,,,0.117,,,,,,,,,0.0,,,0.0,105.0,,,,,0.439,,,,,,,,,,,56,,Undrafted,,543,,,,,,,,,,,,,77.43,,30.0,,,,,,,,,,,Undrafted,72,,,,,,,,,,Undrafted,,,0.0,,,,147,,,,,196,,,,,0.469,,,,,0.444,,,,-4.6,,8.0,,,,15.0,,,,,,,0.0,,,92.91,,,,5.1,,,51.0,,176,,,92.91,,,0.0,102.5,-4.6,,,0.0,,,,,0.0,0.835,,,,,,0.617,,,,,,137,102.7,,14,19.2,,,,,97.9,,,,,,,,,,6.0,,,,,0.039,,,,70.0,,,,,0,,,,0.431,,,,,,,,,,0.407,,,418,,,,,0.5,,,,,,,,,16,,,,75.0,,,,,,12.0,0.0,,,,,,,,,42.10526315789474
714,Michael Finley,20,82,1998,6532,DAL,1610612742,25.0,,,,,0.064,,0.522,,,,,,,5.0,,,,230.0,,,,140.0,,,,8.0,,349.0,,,,434.0,,,,,,,,,87,,92.96,,,0.0,,,Wisconsin,,,,,,,0.642,,,,,,438,,,57.0,1,USA,,,,172.0,,,,,1.0,,,,,,,,,,,,,,,150,,,215.0,,,,0.423,,,,,,0.439,,,,98.0,,3163.1,,,,8.2,,,0.044,,0.0,0.392,368.0,,,0.381,,,,,,,,,,,,,,,,,,,,,,244,,,,,105.2,,21.0,,,,,,29.0,,,,,,,0.253,,,,0.357,,,0.477,,,,,,,9.5,,,,,,,,79.0,,,,,,,,,,,,215.0,,,,,,35.0,,,,,,,,,,,,,,694.0,,,9.5,,,,-6.7,,,,,,,,,,,,,,,,,,,,,0.0,,,,,,,,,,,,,,,,,,0.0,,98.0,163,,,,,,,,,,,,,0.256,,,,0.381,,99.0,,,,,,,,,,-409,,,,,,1.85,,,,,,,,,,,,,,,45.0,219,,,,,0.407,9,,,,,,,0.0,3398.721666666667,,,,,0.222,,,,,,,,,21.0,,,66.0,272.0,,,,,0.244,,,,,,,,,,,132,,21,,1763,,,,,,,,,,,,,76.89,,220.0,,,,,,,,,,,1995,288,,,,,,,,,,1,,,4.0,,,,326,,,,,675,,,,,0.449,,,,,0.331,,,,-6.2,,109.0,,,,82.0,,,,,,,0.0,,,92.27,,,,18.4,,,233.0,,416,,,92.27,,,0.0,105.2,-6.2,,,0.467,,,,,0.0,0.784,,,,,,0.625,,,,,,405,104.7,,30,17.5,,,,,99.0,,,,,,,,,,57.0,,,,,0.085,,,,173.0,,,,,1,,,,0.421,,,,,,,,,,0.399,,,1505,,,,,0.321,,,,,,,,,49,,,,224.0,,,,,,93.0,0.0,,,,,,,,,27.641196013289036
893,Michael Jordan,62,82,1998,6010,CHI,1610612741,35.0,,,,,0.075,,0.533,,,,,,,4.0,,,,286.0,,,,168.0,,,,2.0,,457.0,,,,603.0,,,,,,,,,30,,91.9,,,0.0,,,North Carolina,,,,,,,0.615,,,,,,475,,,27.0,2,USA,,,,120.0,,,,,1.0,,,,,,,,,,,,,,,130,,,415.0,,,,0.452,,,,,,0.5,,,,105.9,,3724.5,,,,10.7,,,0.041,,1.0,0.432,467.0,,,0.455,,,,,,,,,,,,,,,,,,,,,,126,,,,,98.3,,0.0,,,,,,2.0,,,,,,,0.333,,,,0.238,,,0.473,,,,,,,6.9,,,,,,,,78.0,,,,,,,,,,,,216.0,,,,,,12.0,,,,,,,,,,,,,,1101.0,,,6.9,,,,8.6,,,,,,,,,,,,,,,,,,,,,0.0,,,,,,,,,,,,,,,,,,0.0,,69.0,151,,,,,,,,,,,,,0.336,,,,0.5,,108.0,,,,,,,,,,598,,,,,,1.53,,,,,,,,,,,,,,,0.0,185,,,,,0.399,5,,,,,,,0.0,3182.38,,,,,0.174,,,,,,,,,4.0,,,4.0,476.0,,,,,0.756,,,,,,,,,,,141,,3,,2357,,,,,,,,,,,,,75.45,,210.0,,,,,,,,,,,1984,345,,,,,,,,,,1,,,1.0,,,,565,,,,,881,,,,,0.465,,,,,0.225,,,,9.7,,55.0,,,,189.0,,,,,,,0.0,,,90.54,,,,23.1,,,179.0,,721,,,90.54,,,0.0,98.3,9.7,,,0.0,,,,,0.0,0.784,,,,,,0.612,,,,,,283,97.3,,45,10.6,,,,,108.0,,,,,,,,,,67.0,,,,,0.11,,,,258.0,,,,,0,,,,0.385,,,,,,,,,,0.428,,,1893,,,,,0.218,,,,,,,,,73,,,,281.0,,,,,,95.0,0.0,,,,,,,,,38.08769149498151
1075,Michael McDonald,1,1,1998,9,CHH,1610612766,29.0,,,,,0.0,,0.0,,,,,,,,,,,0.0,,,,0.0,,,,,,0.0,,,,0.0,,,,,,,,,0,,84.05,,,,,,New Orleans,,,,,,,0.0,,,,,,1,,,0.0,0,USA,,,,0.0,,,,,,,,,,,,,,,,,,,,1,,,,,,,0.0,,,,,,,,,,28.6,,-0.8,,,,0.0,,,0.0,,,0.0,0.0,,,,,,,,,,,,,,,,,,,,,,,,,0,,,,,100.0,,,,,,,,,,,,,,,0.2,,,,0.0,,,0.0,,,,,,,100.0,,,,,,,,82.0,,,,,,,,,,,,232.0,,,,,,0.0,,,,,,,,,,,,,,0.0,,,100.0,,,,-71.4,,,,,,,,,,,,,,,,,,,,,,,,,,,,,,,,,,,,,,,,,0.0,1,,,,,,,,,,,,,0.25,,,,,,22.2,,,,,,,,,,-6,,,,,,0.0,,,,,,,,,,,,,,,,2,,,,,0.0,0,,,,,,,,4.283333333333333,,,,,0.0,,,,,,,,,,,,,0.0,,,,,1.0,,,,,,,,,,,0,,55,,0,,,,,,,,,,,,,79.38,,0.0,,,,,,,,,,,1995,0,,,,,,,,,,2,,,,,,,0,,,,,0,,,,,0.0,,,,,0.0,,,,-77.8,,0.0,,,,,,,,,,,,,,95.25,,,,0.0,,,0.0,,0,,,95.25,,,,100.0,-77.8,,,,,,,,,0.0,,,,,,0.0,,,,,,0,100.0,,0,0.0,,,,,22.2,,,,,,,,,,0.0,,,,,0.0,,,,0.0,,,,,0,,,,0.0,,,,,,,,,,0.0,,,0,,,,,0.0,,,,,,,,,0,,,,0.0,,,,,,0.0,,,,,,,,,,
63,Michael Smith,12,48,1998,2004,VAN,1610612763,26.0,,,,,0.149,,0.524,,,,,,,0.0,,,,83.0,,,,28.0,,,,0.0,,142.0,,,,4.0,,,,,,,,,0,,92.44,,,0.0,,,Providence,,,,,,,0.556,,,,,,306,,,0.0,1,USA,,,,1.0,,,,,0.0,,,,,,,,,,,,,,,120,,,11.0,,,,0.194,,,,,,0.0,,,,105.6,,867.2,,,,1.9,,,0.115,,0.0,0.4,150.0,,,0.455,,,,,,,,,,,,,,,,,,,,,,1,,,,,113.2,,0.0,,,,,,0.0,,,,,,,0.122,,,,0.0,,,0.479,,,,,,,13.5,,,,,,,,80.0,,,,,,,,,,,,230.0,,,,,,0.0,,,,,,,,,,,,,,20.0,,,13.4,,,,-6.5,,,,,,,,,,,,,,,,,,,,,0.0,,,,,,,,,,,,,,,,,,0.0,,0.0,95,,,,,,,,,,,,,0.123,,,,0.0,,106.3,,,,,,,,,,-150,,,,,,1.73,,,,,,,,,,,,,,,0.0,51,,,,,0.107,3,,,,,,,0.0,1051.8133333333333,,,,,0.121,,,,,,,,,0.0,,,0.0,8.0,,,,,0.25,,,,,,,,,,,41,,35,,251,,,,,,,,,,,,,76.4,,31.0,,,,,,,,,,,1994,186,,,,,,,,,,2,,,0.0,,,,65,,,,,93,,,,,0.479,,,,,0.0,,,,-6.9,,0.0,,,,5.0,,,,,,,0.0,,,91.68,,,,4.0,,,1.0,,103,,,91.68,,,0.0,113.2,-6.9,,,0.0,,,,,0.0,0.631,,,,,,0.553,,,,,,88,112.1,,15,23.2,,,,,106.3,,,,,,,,,,3.0,,,,,0.184,,,,2.0,,,,,0,,,,0.0,,,,,,,,,,0.5,,,194,,,,,0.0,,,,,,,,,31,,,,79.0,,,,,,6.0,0.0,,,,,,,,,53.09278350515464
1565,Michael Stewart,26,81,1998,3438,SAC,1610612758,23.0,,,,,0.148,,0.486,,,,,,,0.0,,,,134.0,,,,39.0,,,,0.0,,215.0,,,,19.0,,,,,,,,,0,,94.14,,,0.0,,,California,,,,,,,0.605,,,,,,536,,,0.0,1,USA,,,,0.0,,,,,0.0,,,,,,,,,,,,,,,197,,,39.0,,,,0.245,,,,,,0.0,,,,98.1,,1696.7,,,,1.9,,,0.11,,0.0,0.218,226.0,,,0.205,,,,,,,,,,,,,,,,,,,,,,0,,,,,101.7,,0.0,,,,,,0.0,,,,,,,0.119,,,,0.0,,,0.48,,,,,,,16.0,,,,,,,,82.0,,,,,,,,,,,,230.0,,,,,,0.0,,,,,,,,,,,,,,55.0,,,15.9,,,,-2.9,,,,,,,,,,,,,,,,,,,,,0.0,,,,,,,,,,,,,,,,,,0.0,,0.0,251,,,,,,,,,,,,,0.12,,,,0.0,,97.9,,,,,,,,,,-149,,,,,,0.72,,,,,,,,,,,,,,,0.0,85,,,,,0.205,1,,,,,,,0.0,1761.1516666666666,,,,,0.054,,,,,,,,,0.0,,,0.0,12.0,,,,,0.321,,,,,,,,,,,29,,Undrafted,,375,,,,,,,,,,,,,78.29,,53.0,,,,,,,,,,,Undrafted,339,,,,,,,,,,Undrafted,,,0.0,,,,65,,,,,155,,,,,0.48,,,,,0.0,,,,-3.8,,0.0,,,,8.0,,,,,,,0.0,,,93.95,,,,4.0,,,0.0,,142,,,93.95,,,0.0,101.7,-3.8,,,0.0,,,,,0.0,0.458,,,,,,0.593,,,,,,61,101.1,,195,11.4,,,,,97.9,,,,,,,,,,8.0,,,,,0.186,,,,5.0,,,,,0,,,,0.0,,,,,,,,,,0.263,,,323,,,,,0.0,,,,,,,,,35,,,,130.0,,,,,,13.0,0.0,,,,,,,,,43.962848297213625
52,Micheal Williams,15,25,1998,340,MIN,1610612750,31.0,,,,,0.041,,0.512,,,,,,,0.0,,,,9.0,,,,1.0,,,,0.0,,13.0,,,,14.0,,,,,,,,,0,,99.26,,,0.0,,,Baylor,,,,,,,0.615,,,,,,14,,,0.0,0,USA,,,,2.0,,,,,0.0,,,,,,,,,,,,,,,2,,,9.0,,,,0.4,,,,,,0.0,,,,105.4,,145.8,,,,0.6,,,0.012,,0.0,0.231,14.0,,,0.111,,,,,,,,,,,,,,,,,,,,,,4,,,,,105.1,,0.0,,,,,,0.0,,,,,,,0.202,,,,0.0,,,0.333,,,,,,,14.5,,,,,,,,74.0,,,,,,,,,,,,175.0,,,,,,0.0,,,,,,,,,,,,,,26.0,,,14.4,,,,0.1,,,,,,,,,,,,,,,,,,,,,0.0,,,,,,,,,,,,,,,,,,0.0,,0.0,24,,,,,,,,,,,,,0.209,,,,0.0,,102.9,,,,,,,,,,-2,,,,,,2.0,,,,,,,,,,,,,,,1.0,16,,,,,0.0,0,,,,,,,0.0,161.15666666666667,,,,,0.299,,,,,,,,,1.0,,,2.0,6.0,,,,,0.6,,,,,,,,,,,9,,48,,64,,,,,,,,,,,,,83.77,,5.0,,,,,,,,,,,1988,12,,,,,,,,,,2,,,0.0,,,,32,,,,,16,,,,,0.333,,,,,0.0,,,,-2.1,,1.0,,,,1.0,,,,,,,0.0,,,100.52,,,,1.9,,,9.0,,33,,,100.52,,,0.0,105.1,-2.1,,,0.0,,,,,0.0,0.97,,,,,,0.643,,,,,,32,105.3,,2,28.8,,,,,102.9,,,,,,,,,,0.0,,,,,0.068,,,,6.0,,,,,0,,,,0.0,,,,,,,,,,0.429,,,48,,,,,0.0,,,,,,,,,3,,,,8.0,,,,,,2.0,0.0,,,,,,,,,68.75
782,Mitch Richmond,26,70,1998,5045,SAC,1610612758,33.0,,,,,0.044,,0.569,,,,,,,2.0,,,,141.0,,,,79.0,,,,17.0,,217.0,,,,295.0,,,,,,,,,130,,94.9,,,0.0,,,Kansas State,,,,,,,0.604,,,,,,229,,,107.0,0,USA,,,,274.0,,,,,2.0,,,,,,,,,,,,,,,50,,,141.0,,,,0.412,,,,,,0.393,,,,100.4,,2444.3,,,,7.8,,,0.019,,0.0,0.422,235.0,,,0.39,,,,,,,,,,,,,,,,,,,,,,334,,,,,103.8,,7.0,,,,,,24.0,,,,,,,0.272,,,,0.389,,,0.498,,,,,,,9.6,,,,,,,,77.0,,,,,,,,,,,,215.0,,,,,,54.0,,,,,,,,,,,,,,554.0,,,9.6,,,,-2.6,,,,,,,,,,,,,,,,,,,,,0.0,,,,,,,,,,,,,,,,,,0.0,,129.0,154,,,,,,,,,,,,,0.276,,,,0.425,,101.1,,,,,,,,,,-132,,,,,,1.54,,,,,,,,,,,,,,,21.0,181,,,,,0.354,1,,,,,,,0.0,2568.983333333333,,,,,0.199,,,,,,,,,40.0,,,61.0,234.0,,,,,0.371,,,,,,,,,,,88,,5,,1623,,,,,,,,,,,,,78.53,,114.0,,,,,,,,,,,1988,179,,,,,,,,,,1,,,0.0,,,,407,,,,,543,,,,,0.445,,,,,0.391,,,,-2.7,,138.0,,,,55.0,,,,,,,0.0,,,94.23,,,,17.4,,,328.0,,471,,,94.23,,,0.0,103.8,-2.7,,,0.333,,,,,0.0,0.864,,,,,,0.6,,,,,,279,103.0,,15,14.8,,,,,101.1,,,,,,,,,,28.0,,,,,0.07,,,,136.0,,,,,0,,,,0.393,,,,,,,,,,0.461,,,1220,,,,,0.391,,,,,,,,,61,,,,131.0,,,,,,47.0,0.0,,,,,,,,,38.60655737704918
348,Mitchell Butler,12,18,1998,408,CLE,1610612739,27.0,,,,,0.054,,0.36,,,,,,,1.0,,,,11.0,,,,9.0,,,,0.0,,20.0,,,,3.0,,,,,,,,,1,,92.67,,,0.0,,,UCLA,,,,,,,0.45,,,,,,22,,,1.0,0,USA,,,,5.0,,,,,,,,,,,,,,,,,,,,6,,,3.0,,,,0.2,,,,,,0.0,,,,93.4,,106.4,,,,0.8,,,0.031,,1.0,0.273,22.0,,,0.0,,,,,,,,,,,,,,,,,,,,,,6,,,,,91.8,,0.0,,,,,,0.0,,,,,,,0.124,,,,0.167,,,0.33,,,,,,,10.3,,,,,,,,77.0,,,,,,,,,,,,210.0,,,,,,1.0,,,,,,,,,,,,,,11.0,,,10.3,,,,1.7,,,,,,,,,,,,,,,,,,,,,,,,,,,,,,,,,,,,,,,0.0,,2.0,26,,,,,,,,,,,,,0.129,,,,0.0,,92.6,,,,,,,,,,11,,,,,,2.25,,,,,,,,,,,,,,,0.0,8,,,,,0.0,0,,,,,,,0.0,208.49666666666667,,,,,0.15,,,,,,,,,1.0,,,1.0,3.0,,,,,0.667,,,,,,,,,,,8,,Undrafted,,37,,,,,,,,,,,,,77.51,,10.0,,,,,,,,,,,Undrafted,16,,,,,,,,,,Undrafted,,,0.0,,,,6,,,,,15,,,,,0.319,,,,,0.2,,,,0.9,,1.0,,,,0.0,,,,,,,0.0,,,93.01,,,,2.6,,,7.0,,10,,,93.01,,,0.0,91.8,0.9,,,0.0,,,,,,0.6,,,,,,0.5,,,,,,18,91.7,,0,23.1,,,,,92.6,,,,,,,,,,0.0,,,,,0.076,,,,1.0,,,,,0,,,,0.286,,,,,,,,,,0.333,,,47,,,,,1.0,,,,,,,,,7,,,,9.0,,,,,,2.0,0.0,,,,,,,,,21.27659574468085
42,Monty Williams,49,72,1998,2518,SAS,1610612759,26.0,,,,,0.069,,0.505,,,,,,,0.0,,,,123.0,,,,34.0,,,,0.0,,215.0,,,,61.0,,,,,,,,,1,,91.64,,,0.0,,,Notre Dame,,,,,,,0.549,,,,,,179,,,1.0,0,USA,,,,2.0,,,,,0.0,,,,,,,,,,,,,,,67,,,29.0,,,,0.267,,,,,,0.0,,,,98.3,,893.3,,,,2.3,,,0.056,,2.0,0.321,226.0,,,0.207,,,,,,,,,,,,,,,,,,,,,,2,,,,,98.3,,0.0,,,,,,0.0,,,,,,,0.184,,,,0.5,,,0.45,,,,,,,13.2,,,,,,,,80.0,,,,,,,,,,,,225.0,,,,,,0.0,,,,,,,,,,,,,,106.0,,,13.2,,,,0.5,,,,,,,,,,,,,,,,,,,,,0.0,,,,,,,,,,,,,,,,,,0.0,,9.0,133,,,,,,,,,,,,,0.188,,,,0.0,,97.2,,,,,,,,,,-32,,,,,,1.09,,,,,,,,,,,,,,,0.0,82,,,,,0.176,0,,,,,,,0.0,1316.595,,,,,0.115,,,,,,,,,0.0,,,0.0,34.0,,,,,0.681,,,,,,,,,,,34,,24,,453,,,,,,,,,,,,,76.58,,45.0,,,,,,,,,,,1994,112,,,,,,,,,,1,,,0.0,,,,122,,,,,165,,,,,0.448,,,,,0.5,,,,-1.1,,0.0,,,,6.0,,,,,,,1.0,,,91.89,,,,5.1,,,16.0,,182,,,91.89,,,0.0,98.3,-1.1,,,0.0,,,,,0.0,0.67,,,,,,0.544,,,,,,89,97.7,,24,14.3,,,,,97.2,,,,,,,,,,6.0,,,,,0.08,,,,20.0,,,,,0,,,,0.563,,,,,,,,,,0.328,,,368,,,,,0.0,,,,,,,,,38,,,,118.0,,,,,,12.0,0.5,,,,,,,,,49.45652173913044
302,Mookie Blaylock,44,70,1998,5003,ATL,1610612737,31.0,,,,,0.066,,0.462,,,,,,,8.0,,,,139.0,,,,32.0,,,,2.0,,216.0,,,,178.0,,,,,,,,,90,,89.96,,,2.0,,,Oklahoma,,,,,,,0.644,,,,,,341,,,80.0,0,USA,,,,293.0,,,,,2.0,,,,,,,,,,,,,,,81,,,89.0,,,,0.203,,,,,,0.189,,,,106.3,,2463.7,,,,5.3,,,0.032,,3.0,0.388,224.0,,,0.393,,,,,,,,,,,,,,,,,,,,,,334,,,,,99.0,,5.0,,,,,,7.0,,,,,,,0.2,,,,0.269,,,0.44,,,,,,,10.7,,,,,,,,73.0,,,,,,,,,,,,185.0,,,,,,46.0,,,,,,,,,,,,,,330.0,,,10.7,,,,8.4,,,,,,,,,,,,,,,,,,,,,0.0,,,,,,,,,,,,,,,,,,2.0,,78.0,122,,,,,,,,,,,,,0.202,,,,0.2,,107.4,,,,,,,,,,415,,,,,,2.66,,,,,,,,,,,,,,,27.0,176,,,,,0.063,9,,,,,,,0.25,2697.55,,,,,0.288,,,,,,,,,10.0,,,37.0,128.0,,,,,0.629,,,,,,,,,,,181,,12,,921,,,,,,,,,,,,,74.22,,59.0,,,,,,,,,,,1989,260,,,,,,,,,,1,,,3.0,,,,95,,,,,368,,,,,0.392,,,,,0.273,,,,8.4,,195.0,,,,35.0,,,,,,,0.0,,,89.06,,,,13.4,,,207.0,,134,,,89.06,,,0.667,99.0,8.4,,,0.185,,,,,0.0,0.709,,,,,,0.621,,,,,,469,98.0,,21,28.5,,,,,107.4,,,,,,,,,,2.0,,,,,0.098,,,,66.0,,,,,2,,,,0.377,,,,,,,,,,0.371,,,938,,,,,0.236,,,,,,,,,23,,,,139.0,,,,,,12.0,0.0,,,,,,,,,14.285714285714286
177,Muggsy Bogues,19,61,1998,3051,GSW,1610612744,33.0,,,,,0.041,,0.492,,,,,,,4.0,,,,17.0,,,,23.0,,,,0.0,,42.0,,,,158.0,,,,,,,,,4,,92.46,,,0.0,,,Wake Forest,,,,,,,0.357,,,,,,132,,,4.0,0,USA,,,,12.0,,,,,,,,,,,,,,,,,,,,30,,,65.0,,,,0.478,,,,,,0.0,,,,92.5,,1106.9,,,,2.3,,,0.018,,0.0,0.457,45.0,,,0.477,,,,,,,,,,,,,,,,,,,,,,16,,,,,99.8,,0.0,,,,,,0.0,,,,,,,0.125,,,,0.25,,,0.443,,,,,,,13.3,,,,,,,,63.0,,,,,,,,,,,,141.0,,,,,,2.0,,,,,,,,,,,,,,219.0,,,13.4,,,,-8.5,,,,,,,,,,,,,,,,,,,,,,,,,,,,,,,,,,,,,,,0.0,,8.0,58,,,,,,,,,,,,,0.129,,,,0.0,,92.2,,,,,,,,,,-227,,,,,,3.15,,,,,,,,,,,,,,,2.0,105,,,,,0.522,1,,,,,,,0.0,1570.4133333333334,,,,,0.344,,,,,,,,,1.0,,,3.0,100.0,,,,,0.311,,,,,,,,,,,67,,12,,347,,,,,,,,,,,,,77.65,,46.0,,,,,,,,,,,1987,102,,,,,,,,,,1,,,1.0,,,,61,,,,,141,,,,,0.437,,,,,0.333,,,,-7.6,,5.0,,,,31.0,,,,,,,0.0,,,93.18,,,,5.3,,,23.0,,68,,,93.18,,,0.0,99.8,-7.6,,,0.0,,,,,,0.897,,,,,,0.378,,,,,,331,101.0,,3,42.3,,,,,92.2,,,,,,,,,,12.0,,,,,0.066,,,,71.0,,,,,0,,,,0.348,,,,,,,,,,0.449,,,323,,,,,0.4,,,,,,,,,13,,,,15.0,,,,,,22.0,0.0,,,,,,,,,21.05263157894737
203,Nate McMillan,12,18,1998,510,SEA,1610612760,33.0,,,,,0.079,,0.46,,,,,,,0.0,,,,5.0,,,,1.0,,,,2.0,,13.0,,,,9.0,,,,,,,,,15,,88.25,,,,,,North Carolina State,,,,,,,0.308,,,,,,40,,,13.0,0,USA,,,,32.0,,,,,0.0,,,,,,,,,,,,,,,13,,,1.0,,,,0.5,,,,,,1.0,,,,109.5,,234.5,,,,1.3,,,0.048,,0.0,0.167,14.0,,,0.0,,,,,,,,,,,,,,,,,,,,,,34,,,,,97.1,,0.0,,,,,,2.0,,,,,,,0.131,,,,0.441,,,0.455,,,,,,,8.9,,,,,,,,77.0,,,,,,,,,,,,210.0,,,,,,10.0,,,,,,,,,,,,,,18.0,,,9.0,,,,11.2,,,,,,,,,,,,,,,,,,,,,0.0,,,,,,,,,,,,,,,,,,0.0,,6.0,41,,,,,,,,,,,,,0.136,,,,1.0,,109.6,,,,,,,,,,63,,,,,,4.58,,,,,,,,,,,,,,,0.0,12,,,,,0.0,0,,,,,,,0.0,276.12666666666667,,,,,0.296,,,,,,,,,2.0,,,2.0,3.0,,,,,0.667,,,,,,,,,,,14,,30,,62,,,,,,,,,,,,,73.95,,2.0,,,,,,,,,,,1986,27,,,,,,,,,,2,,,,,,,1,,,,,23,,,,,0.343,,,,,0.406,,,,12.5,,26.0,,,,0.0,,,,,,,0.0,,,88.74,,,,3.7,,,16.0,,1,,,88.74,,,,97.1,12.5,,,0.0,,,,,0.0,1.0,,,,,,0.357,,,,,,55,98.3,,4,41.0,,,,,109.6,,,,,,,,,,0.0,,,,,0.115,,,,2.0,,,,,0,,,,0.375,,,,,,,,,,0.222,,,67,,,,,0.385,,,,,,,,,5,,,,4.0,,,,,,1.0,0.0,,,,,,,,,1.492537313432836
98,Nick Anderson,31,58,1998,3165,ORL,1610612753,30.0,,,,,0.088,,0.529,,,,,,,7.0,,,,135.0,,,,93.0,,,,7.0,,201.0,,,,114.0,,,,,,,,,77,,90.17,,,0.0,,,Illinois,,,,,,,0.632,,,,,,297,,,63.0,1,USA,,,,177.0,,,,,1.0,,,,,,,,,,,,,,,98,,,62.0,,,,0.417,,,,,,0.393,,,,100.6,,1624.9,,,,5.9,,,0.058,,2.0,0.409,228.0,,,0.29,,,,,,,,,,,,,,,,,,,,,,214,,,,,101.4,,4.0,,,,,,11.0,,,,,,,0.246,,,,0.36,,,0.506,,,,,,,8.1,,,,,,,,78.0,,,,,,,,,,,,228.0,,,,,,17.0,,,,,,,,,,,,,,237.0,,,8.1,,,,0.1,,,,,,,,,,,,,,,,,,,,,1.0,,,,,,,,,,,,,,,,,,0.0,,80.0,98,,,,,,,,,,,,,0.249,,,,0.412,,101.8,,,,,,,,,,13,,,,,,1.4,,,,,,,,,,,,,,,11.0,85,,,,,0.473,4,,,,,,,0.0,1703.0883333333334,,,,,0.135,,,,,,,,,17.0,,,28.0,97.0,,,,,0.534,,,,,,,,,,,72,,11,,890,,,,,,,,,,,,,74.34,,108.0,,,,,,,,,,,1989,199,,,,,,,,,,1,,,3.0,,,,127,,,,,343,,,,,0.455,,,,,0.356,,,,0.4,,71.0,,,,18.0,,,,,,,0.0,,,89.2,,,,13.0,,,176.0,,199,,,89.2,,,0.0,101.4,0.4,,,0.364,,,,,1.0,0.638,,,,,,0.592,,,,,,119,100.4,,23,11.4,,,,,101.8,,,,,,,,,,44.0,,,,,0.118,,,,48.0,,,,,0,,,,0.455,,,,,,,,,,0.421,,,754,,,,,0.239,,,,,,,,,32,,,,127.0,,,,,,45.0,0.0,,,,,,,,,26.392572944297083
89,Nick Van Exel,47,64,1998,4055,LAL,1610612747,26.0,,,,,0.047,,0.538,,,,,,,1.0,,,,111.0,,,,64.0,,,,8.0,,205.0,,,,56.0,,,,,,,,,123,,95.83,,,0.0,,,Cincinnati,,,,,,,0.527,,,,,,194,,,108.0,1,USA,,,,277.0,,,,,0.0,,,,,,,,,,,,,,,31,,,58.0,,,,0.351,,,,,,0.4,,,,108.8,,1882.8,,,,4.9,,,0.015,,2.0,0.365,215.0,,,0.362,,,,,,,,,,,,,,,,,,,,,,316,,,,,101.3,,6.0,,,,,,14.0,,,,,,,0.196,,,,0.389,,,0.501,,,,,,,7.6,,,,,,,,73.0,,,,,,,,,,,,190.0,,,,,,63.0,,,,,,,,,,,,,,148.0,,,7.6,,,,8.0,,,,,,,,,,,,,,,,,,,,,0.0,,,,,,,,,,,,,,,,,,0.0,,72.0,120,,,,,,,,,,,,,0.198,,,,0.364,,109.7,,,,,,,,,,322,,,,,,4.25,,,,,,,,,,,,,,,13.0,104,,,,,0.328,10,,,,,,,0.0,2049.4283333333333,,,,,0.335,,,,,,,,,22.0,,,35.0,54.0,,,,,0.734,,,,,,,,,,,64,,37,,881,,,,,,,,,,,,,79.31,,77.0,,,,,,,,,,,1993,163,,,,,,,,,,2,,,1.0,,,,136,,,,,311,,,,,0.419,,,,,0.39,,,,8.4,,174.0,,,,21.0,,,,,,,0.0,,,95.17,,,,11.6,,,173.0,,172,,,95.17,,,0.0,101.3,8.4,,,0.462,,,,,0.0,0.791,,,,,,0.516,,,,,,442,100.7,,6,32.4,,,,,109.7,,,,,,,,,,21.0,,,,,0.077,,,,23.0,,,,,0,,,,0.416,,,,,,,,,,0.411,,,743,,,,,0.362,,,,,,,,,28,,,,108.0,,,,,,27.0,0.0,,,,,,,,,23.149394347240914
178,Olden Polynice,25,70,1998,2880,SAC,1610612758,33.0,,,,,0.15,,0.464,,,,,,,0.0,,,,123.0,,,,138.0,,,,0.0,,201.0,,,,62.0,,,,,,,,,0,,95.11,,,0.0,,,Virginia,,,,,,,0.557,,,,,,439,,,0.0,0,Haiti,,,,1.0,,,,,0.0,,,,,,,,,,,,,,,173,,,109.0,,,,0.41,,,,,,0.0,,,,98.4,,1385.3,,,,3.6,,,0.113,,0.0,0.397,231.0,,,0.358,,,,,,,,,,,,,,,,,,,,,,1,,,,,103.9,,0.0,,,,,,0.0,,,,,,,0.203,,,,0.0,,,0.459,,,,,,,12.3,,,,,,,,84.0,,,,,,,,,,,,250.0,,,,,,0.0,,,,,,,,,,,,,,179.0,,,12.3,,,,-5.9,,,,,,,,,,,,,,,,,,,,,0.0,,,,,,,,,,,,,,,,,,0.0,,0.0,158,,,,,,,,,,,,,0.207,,,,0.0,,98.5,,,,,,,,,,-173,,,,,,1.09,,,,,,,,,,,,,,,0.0,98,,,,,0.435,10,,,,,,,0.0,1456.3,,,,,0.122,,,,,,,,,0.0,,,0.0,71.0,,,,,0.357,,,,,,,,,,,37,,8,,550,,,,,,,,,,,,,79.32,,161.0,,,,,,,,,,,1987,266,,,,,,,,,,1,,,0.0,,,,52,,,,,249,,,,,0.459,,,,,0.0,,,,-5.4,,1.0,,,,39.0,,,,,,,0.0,,,95.19,,,,7.7,,,1.0,,115,,,95.19,,,0.0,103.9,-5.4,,,0.0,,,,,0.0,0.452,,,,,,0.532,,,,,,107,104.3,,45,13.4,,,,,98.5,,,,,,,,,,60.0,,,,,0.19,,,,27.0,,,,,0,,,,0.0,,,,,,,,,,0.435,,,542,,,,,0.0,,,,,,,,,40,,,,112.0,,,,,,66.0,0.0,,,,,,,,,21.217712177121772
932,Oliver Miller,15,64,1998,3183,TOR,1610612761,28.0,,,,,0.124,,0.485,,,,,,,1.0,,,,124.0,,,,43.0,,,,0.0,,215.0,,,,59.0,,,,,,,,,0,,93.89,,,0.0,,,Arkansas,,,,,,,0.563,,,,,,400,,,0.0,1,USA,,,,3.0,,,,,0.0,,,,,,,,,,,,,,,146,,,28.0,,,,0.275,,,,,,0.0,,,,97.8,,1434.0,,,,2.7,,,0.089,,0.0,0.354,227.0,,,0.286,,,,,,,,,,,,,,,,,,,,,,4,,,,,106.9,,0.0,,,,,,0.0,,,,,,,0.147,,,,0.0,,,0.461,,,,,,,17.7,,,,,,,,81.0,,,,,,,,,,,,325.0,,,,,,0.0,,,,,,,,,,,,,,99.0,,,17.7,,,,-9.8,,,,,,,,,,,,,,,,,,,,,0.0,,,,,,,,,,,,,,,,,,0.0,,5.0,184,,,,,,,,,,,,,0.149,,,,0.0,,97.9,,,,,,,,,,-303,,,,,,1.5,,,,,,,,,,,,,,,0.0,131,,,,,0.302,3,,,,,,,0.0,1626.615,,,,,0.187,,,,,,,,,0.0,,,0.0,35.0,,,,,0.234,,,,,,,,,,,58,,22,,401,,,,,,,,,,,,,78.43,,51.0,,,,,,,,,,,1992,254,,,,,,,,,,1,,,1.0,,,,61,,,,,170,,,,,0.461,,,,,0.0,,,,-9.1,,1.0,,,,8.0,,,,,,,0.0,,,94.12,,,,5.8,,,10.0,,101,,,94.12,,,0.0,106.9,-9.1,,,0.0,,,,,0.0,0.604,,,,,,0.546,,,,,,196,107.6,,72,26.4,,,,,97.9,,,,,,,,,,13.0,,,,,0.16,,,,20.0,,,,,0,,,,0.5,,,,,,,,,,0.339,,,369,,,,,0.0,,,,,,,,,41,,,,121.0,,,,,,14.0,0.0,,,,,,,,,27.37127371273713
970,Othella Harrington,27,58,1998,1780,HOU,1610612745,24.0,,,,,0.12,,0.547,,,,,,,1.0,,,,71.0,,,,80.0,,,,0.0,,97.0,,,,18.0,,,,,,,,,0,,93.83,,,0.0,,,Georgetown,,,,,,,0.577,,,,,,207,,,0.0,1,USA,,,,0.0,,,,,0.0,,,,,,,,,,,,,,,73,,,39.0,,,,0.494,,,,,,0.0,,,,100.8,,698.4,,,,2.2,,,0.085,,0.0,0.367,123.0,,,0.385,,,,,,,,,,,,,,,,,,,,,,1,,,,,107.4,,0.0,,,,,,0.0,,,,,,,0.179,,,,0.0,,,0.485,,,,,,,12.0,,,,,,,,81.0,,,,,,,,,,,,235.0,,,,,,0.0,,,,,,,,,,,,,,79.0,,,12.0,,,,-7.5,,,,,,,,,,,,,,,,,,,,,0.0,,,,,,,,,,,,,,,,,,0.0,,1.0,112,,,,,,,,,,,,,0.182,,,,0.0,,100.8,,,,,,,,,,-112,,,,,,0.51,,,,,,,,,,,,,,,0.0,47,,,,,0.463,4,,,,,,,0.0,905.7366666666668,,,,,0.047,,,,,,,,,0.0,,,0.0,29.0,,,,,0.466,,,,,,,,,,,10,,30,,350,,,,,,,,,,,,,78.52,,89.0,,,,,,,,,,,1996,134,,,,,,,,,,2,,,1.0,,,,92,,,,,129,,,,,0.485,,,,,0.0,,,,-6.5,,0.0,,,,15.0,,,,,,,0.0,,,94.23,,,,4.6,,,5.0,,122,,,94.23,,,0.0,107.4,-6.5,,,0.0,,,,,0.0,0.754,,,,,,0.577,,,,,,24,108.3,,27,6.1,,,,,100.8,,,,,,,,,,37.0,,,,,0.155,,,,5.0,,,,,0,,,,0.2,,,,,,,,,,0.278,,,266,,,,,0.0,,,,,,,,,22,,,,56.0,,,,,,44.0,0.0,,,,,,,,,45.86466165413534
901,Otis Thorpe,16,74,1998,4344,SAC,1610612758,35.0,,,,,0.126,,0.515,,,,,,,3.0,,,,199.0,,,,108.0,,,,0.0,,297.0,,,,107.0,,,,,,,,,0,,95.09,,,0.0,,,Providence,,,,,,,0.63,,,,,,537,,,0.0,1,USA,,,,2.0,,,,,0.0,,,,,,,,,,,,,,,151,,,76.0,,,,0.321,,,,,,0.0,,,,97.4,,1811.4,,,,4.0,,,0.071,,2.0,0.341,326.0,,,0.303,,,,,,,,,,,,,,,,,,,,,,5,,,,,110.0,,0.0,,,,,,0.0,,,,,,,0.179,,,,0.0,,,0.471,,,,,,,13.8,,,,,,,,82.0,,,,,,,,,,,,246.0,,,,,,0.0,,,,,,,,,,,,,,182.0,,,13.7,,,,-12.4,,,,,,,,,,,,,,,,,,,,,0.0,,,,,,,,,,,,,,,,,,0.0,,1.0,238,,,,,,,,,,,,,0.181,,,,0.0,,97.8,,,,,,,,,,-514,,,,,,1.46,,,,,,,,,,,,,,,0.0,152,,,,,0.296,11,,,,,,,0.0,2194.93,,,,,0.168,,,,,,,,,0.0,,,0.0,62.0,,,,,0.216,,,,,,,,,,,48,,9,,752,,,,,,,,,,,,,79.03,,140.0,,,,,,,,,,,1984,386,,,,,,,,,,1,,,3.0,,,,164,,,,,294,,,,,0.471,,,,,0.0,,,,-12.2,,0.0,,,,23.0,,,,,,,0.0,,,94.83,,,,8.4,,,2.0,,240,,,94.83,,,0.0,110.0,-12.2,,,0.0,,,,,0.0,0.683,,,,,,0.61,,,,,,222,109.9,,30,20.0,,,,,97.8,,,,,,,,,,32.0,,,,,0.179,,,,39.0,,,,,0,,,,0.5,,,,,,,,,,0.364,,,624,,,,,0.0,,,,,,,,,40,,,,187.0,,,,,,45.0,0.0,,,,,,,,,38.46153846153846
136,P.J. Brown,48,74,1998,4362,MIA,1610612748,28.0,,,,,0.139,,0.522,,,,,,,0.0,,,,147.0,,,,90.0,,,,0.0,,217.0,,,,129.0,,,,,,,,,0,,89.97,,,0.0,,,Louisiana Tech,,,,,,,0.654,,,,,,635,,,0.0,7,USA,,,,0.0,,,,,0.0,,,,,,,,,,,,,,,235,,,128.0,,,,0.318,,,,,,0.0,,,,105.5,,2018.5,,,,3.8,,,0.106,,0.0,0.383,236.0,,,0.414,,,,,,,,,,,,,,,,,,,,,,0,,,,,98.6,,0.0,,,,,,0.0,,,,,,,0.152,,,,0.0,,,0.471,,,,,,,11.1,,,,,,,,83.0,,,,,,,,,,,,240.0,,,,,,0.0,,,,,,,,,,,,,,266.0,,,11.0,,,,8.0,,,,,,,,,,,,,,,,,,,,,0.0,,,,,,,,,,,,,,,,,,0.0,,3.0,264,,,,,,,,,,,,,0.154,,,,0.0,,106.1,,,,,,,,,,287,,,,,,1.06,,,,,,,,,,,,,,,0.0,97,,,,,0.322,21,,,,,,,0.0,2357.385,,,,,0.071,,,,,,,,,0.0,,,0.0,102.0,,,,,0.649,,,,,,,,,,,66,,29,,707,,,,,,,,,,,,,74.35,,107.0,,,,,,,,,,,1992,400,,,,,,,,,,2,,,0.0,,,,151,,,,,278,,,,,0.471,,,,,0.0,,,,7.5,,0.0,,,,53.0,,,,,,,0.0,,,89.21,,,,8.0,,,7.0,,197,,,89.21,,,0.0,98.6,7.5,,,0.0,,,,,0.0,0.766,,,,,,0.623,,,,,,103,97.5,,98,11.7,,,,,106.1,,,,,,,,,,29.0,,,,,0.171,,,,46.0,,,,,0,,,,0.429,,,,,,,,,,0.357,,,590,,,,,0.0,,,,,,,,,35,,,,142.0,,,,,,34.0,0.0,,,,,,,,,33.389830508474574
121,Patrick Ewing,15,26,1998,1666,NYK,1610612752,35.0,,,,,0.162,,0.557,,,,,,,,,,,72.0,,,,109.0,,,,0.0,,114.0,,,,36.0,,,,,,,,,0,,94.71,,,,,,Georgetown,,,,,,,0.579,,,,,,265,,,0.0,1,Jamaica,,,,1.0,,,,,0.0,,,,,,,,,,,,,,,59,,,129.0,,,,0.481,,,,,,0.0,,,,101.1,,1045.0,,,,7.8,,,0.075,,0.0,0.475,126.0,,,0.426,,,,,,,,,,,,,,,,,,,,,,2,,,,,96.0,,0.0,,,,,,0.0,,,,,,,0.301,,,,0.0,,,0.504,,,,,,,13.1,,,,,,,,84.0,,,,,,,,,,,,255.0,,,,,,0.0,,,,,,,,,,,,,,183.0,,,12.9,,,,6.5,,,,,,,,,,,,,,,,,,,,,0.0,,,,,,,,,,,,,,,,,,,,1.0,74,,,,,,,,,,,,,0.303,,,,0.0,,100.8,,,,,,,,,,81,,,,,,0.36,,,,,,,,,,,,,,,1.0,77,,,,,0.523,17,,,,,,,,848.7533333333333,,,,,0.065,,,,,,,,,0.0,,,1.0,87.0,,,,,0.577,,,,,,,,,,,16,,1,,540,,,,,,,,,,,,,78.49,,104.0,,,,,,,,,,,1985,206,,,,,,,,,,1,,,,,,,134,,,,,203,,,,,0.504,,,,,0.0,,,,4.8,,1.0,,,,55.0,,,,,,,0.0,,,94.19,,,,15.5,,,2.0,,186,,,94.19,,,,96.0,4.8,,,0.0,,,,,0.0,0.72,,,,,,0.571,,,,,,28,94.6,,58,4.7,,,,,100.8,,,,,,,,,,57.0,,,,,0.243,,,,18.0,,,,,0,,,,0.5,,,,,,,,,,0.5,,,403,,,,,0.0,,,,,,,,,17,,,,66.0,,,,,,50.0,0.0,,,,,,,,,46.15384615384615
442,Pervis Ellison,17,33,1998,901,BOS,1610612738,31.0,,,,,0.128,,0.589,,,,,,,0.0,,,,33.0,,,,9.0,,,,0.0,,53.0,,,,0.0,,,,,,,,,0,,96.94,,,0.0,,,Louisville,,,,,,,0.585,,,,,,109,,,0.0,1,USA,,,,0.0,,,,,0.0,,,,,,,,,,,,,,,52,,,5.0,,,,0.5,,,,,,0.0,,,,98.9,,402.3,,,,1.2,,,0.114,,0.0,0.6,56.0,,,0.8,,,,,,,,,,,,,,,,,,,,,,0,,,,,95.9,,0.0,,,,,,0.0,,,,,,,0.11,,,,0.0,,,0.571,,,,,,,19.4,,,,,,,,81.0,,,,,,,,,,,,210.0,,,,,,0.0,,,,,,,,,,,,,,5.0,,,19.2,,,,0.6,,,,,,,,,,,,,,,,,,,,,0.0,,,,,,,,,,,,,,,,,,0.0,,0.0,90,,,,,,,,,,,,,0.11,,,,0.0,,99.4,,,,,,,,,,21,,,,,,1.11,,,,,,,,,,,,,,,0.0,28,,,,,0.333,0,,,,,,,0.0,444.445,,,,,0.102,,,,,,,,,0.0,,,0.0,3.0,,,,,0.515,,,,,,,,,,,20,,1,,100,,,,,,,,,,,,,81.58,,12.0,,,,,,,,,,,1989,57,,,,,,,,,,1,,,0.0,,,,20,,,,,40,,,,,0.571,,,,,0.0,,,,3.5,,0.0,,,,4.0,,,,,,,0.0,,,97.9,,,,2.1,,,0.0,,34,,,97.9,,,0.0,95.9,3.5,,,0.0,,,,,0.0,0.588,,,,,,0.589,,,,,,31,98.4,,31,21.2,,,,,99.4,,,,,,,,,,3.0,,,,,0.145,,,,0.0,,,,,0,,,,0.0,,,,,,,,,,0.0,,,70,,,,,0.0,,,,,,,,,2,,,,31.0,,,,,,6.0,0.0,,,,,,,,,48.57142857142857
432,Pete Chilcutt,19,82,1998,2869,VAN,1610612763,29.0,,,,,0.111,,0.526,,,,,,,0.0,,,,37.0,,,,7.0,,,,2.0,,65.0,,,,99.0,,,,,,,,,54,,95.23,,,0.0,,,North Carolina,,,,,,,0.569,,,,,,306,,,50.0,0,USA,,,,117.0,,,,,0.0,,,,,,,,,,,,,,,77,,,28.0,,,,0.077,,,,,,0.286,,,,101.0,,1136.2,,,,1.9,,,0.055,,0.0,0.427,67.0,,,0.25,,,,,,,,,,,,,,,,,,,,,,130,,,,,107.5,,2.0,,,,,,4.0,,,,,,,0.136,,,,0.415,,,0.51,,,,,,,11.3,,,,,,,,82.0,,,,,,,,,,,,240.0,,,,,,27.0,,,,,,,,,,,,,,150.0,,,11.2,,,,-8.4,,,,,,,,,,,,,,,,,,,,,0.0,,,,,,,,,,,,,,,,,,0.0,,39.0,158,,,,,,,,,,,,,0.138,,,,0.222,,100.9,,,,,,,,,,-171,,,,,,1.68,,,,,,,,,,,,,,,5.0,62,,,,,0.143,0,,,,,,,0.0,1428.4283333333333,,,,,0.112,,,,,,,,,9.0,,,14.0,64.0,,,,,0.232,,,,,,,,,,,53,,27,,405,,,,,,,,,,,,,80.09,,13.0,,,,,,,,,,,1991,229,,,,,,,,,,1,,,0.0,,,,39,,,,,156,,,,,0.435,,,,,0.427,,,,-6.6,,69.0,,,,7.0,,,,,,,0.0,,,96.11,,,,4.4,,,89.0,,59,,,96.11,,,0.0,107.5,-6.6,,,0.4,,,,,0.0,0.661,,,,,,0.552,,,,,,104,109.4,,37,18.8,,,,,100.9,,,,,,,,,,1.0,,,,,0.169,,,,45.0,,,,,0,,,,0.438,,,,,,,,,,0.455,,,359,,,,,0.391,,,,,,,,,10,,,,37.0,,,,,,1.0,0.0,,,,,,,,,16.434540389972145
939,Pete Myers,5,9,1998,76,NYK,1610612752,34.0,,,,,0.12,,0.554,,,,,,,,,,,3.0,,,,1.0,,,,0.0,,4.0,,,,3.0,,,,,,,,,0,,92.74,,,,,,Arkansas-Little Rock,,,,,,,0.5,,,,,,10,,,0.0,0,USA,,,,0.0,,,,,0.0,,,,,,,,,,,,,,,5,,,1.0,,,,1.0,,,,,,0.0,,,,91.7,,38.5,,,,0.6,,,0.125,,,0.25,5.0,,,0.0,,,,,,,,,,,,,,,,,,,,,,0,,,,,83.8,,0.0,,,,,,0.0,,,,,,,0.187,,,,0.0,,,0.5,,,,,,,20.4,,,,,,,,78.0,,,,,,,,,,,,180.0,,,,,,0.0,,,,,,,,,,,,,,4.0,,,20.0,,,,6.8,,,,,,,,,,,,,,,,,,,,,0.0,,,,,,,,,,,,,,,,,,,,0.0,7,,,,,,,,,,,,,0.198,,,,0.0,,86.8,,,,,,,,,,-1,,,,,,0.75,,,,,,,,,,,,,,,0.0,4,,,,,1.0,0,,,,,,,,39.05833333333333,,,,,0.158,,,,,,,,,0.0,,,0.0,1.0,,,,,0.556,,,,,,,,,,,4,,120,,14,,,,,,,,,,,,,79.88,,2.0,,,,,,,,,,,1986,5,,,,,,,,,,6,,,,,,,4,,,,,5,,,,,0.5,,,,,0.0,,,,3.1,,0.0,,,,0.0,,,,,,,,,,95.86,,,,1.1,,,0.0,,6,,,95.86,,,,83.8,3.1,,,0.0,,,,,0.0,0.667,,,,,,0.6,,,,,,3,84.9,,0,15.0,,,,,86.8,,,,,,,,,,1.0,,,,,0.116,,,,1.0,,,,,0,,,,0.0,,,,,,,,,,0.333,,,10,,,,,0.0,,,,,,,,,1,,,,2.0,,,,,,2.0,,,,,,,,,,60.0
71,Pooh Richardson,14,69,1998,2463,LAC,1610612746,32.0,,,,,0.038,,0.411,,,,,,,2.0,,,,27.0,,,,15.0,,,,0.0,,55.0,,,,102.0,,,,,,,,,11,,95.21,,,0.0,,,UCLA,,,,,,,0.491,,,,,,96,,,10.0,0,USA,,,,54.0,,,,,4.0,,,,,,,,,,,,,,,17,,,41.0,,,,0.129,,,,,,0.5,,,,97.9,,830.2,,,,1.8,,,0.013,,2.0,0.432,58.0,,,0.293,,,,,,,,,,,,,,,,,,,,,,57,,,,,111.5,,1.0,,,,,,1.0,,,,,,,0.143,,,,0.193,,,0.389,,,,,,,8.5,,,,,,,,73.0,,,,,,,,,,,,180.0,,,,,,4.0,,,,,,,,,,,,,,190.0,,,8.5,,,,-12.8,,,,,,,,,,,,,,,,,,,,,0.0,,,,,,,,,,,,,,,,,,0.0,,35.0,71,,,,,,,,,,,,,0.144,,,,0.0,,99.6,,,,,,,,,,-292,,,,,,4.19,,,,,,,,,,,,,,,1.0,54,,,,,0.2,0,,,,,,,0.0,1255.5966666666666,,,,,0.28,,,,,,,,,1.0,,,2.0,82.0,,,,,0.203,,,,,,,,,,,44,,10,,289,,,,,,,,,,,,,78.45,,31.0,,,,,,,,,,,1989,79,,,,,,,,,,1,,,1.0,,,,30,,,,,124,,,,,0.372,,,,,0.185,,,,-11.9,,27.0,,,,12.0,,,,,,,0.0,,,94.14,,,,4.8,,,82.0,,43,,,94.14,,,0.0,111.5,-11.9,,,1.0,,,,,0.0,0.698,,,,,,0.466,,,,,,226,110.8,,3,35.6,,,,,99.6,,,,,,,,,,3.0,,,,,0.063,,,,43.0,,,,,0,,,,0.427,,,,,,,,,,0.422,,,333,,,,,0.148,,,,,,,,,25,,,,27.0,,,,,,4.0,0.0,,,,,,,,,12.912912912912914
461,Popeye Jones,1,14,1998,695,TOR,1610612761,28.0,,,,,0.145,,0.443,,,,,,,0.0,,,,22.0,,,,11.0,,,,0.0,,40.0,,,,47.0,,,,,,,,,2,,93.93,,,0.0,,,Murray State,,,,,,,0.55,,,,,,102,,,2.0,0,USA,,,,3.0,,,,,0.0,,,,,,,,,,,,,,,50,,,16.0,,,,0.444,,,,,,0.0,,,,98.4,,292.4,,,,3.7,,,0.131,,0.0,0.32,41.0,,,0.25,,,,,,,,,,,,,,,,,,,,,,3,,,,,99.7,,0.0,,,,,,0.0,,,,,,,0.18,,,,0.667,,,0.417,,,,,,,9.4,,,,,,,,80.0,,,,,,,,,,,,265.0,,,,,,2.0,,,,,,,,,,,,,,75.0,,,9.5,,,,-1.3,,,,,,,,,,,,,,,,,,,,,0.0,,,,,,,,,,,,,,,,,,0.0,,7.0,39,,,,,,,,,,,,,0.184,,,,0.0,,98.8,,,,,,,,,,-4,,,,,,1.13,,,,,,,,,,,,,,,0.0,16,,,,,0.455,2,,,,,,,0.0,355.39166666666665,,,,,0.082,,,,,,,,,0.0,,,0.0,24.0,,,,,0.071,,,,,,,,,,,10,,41,,120,,,,,,,,,,,,,78.11,,9.0,,,,,,,,,,,1992,52,,,,,,,,,,2,,,0.0,,,,14,,,,,52,,,,,0.409,,,,,0.667,,,,-0.9,,2.0,,,,4.0,,,,,,,0.0,,,93.73,,,,9.1,,,10.0,,19,,,93.73,,,0.0,99.7,-0.9,,,0.0,,,,,0.0,0.737,,,,,,0.537,,,,,,18,99.7,,3,10.7,,,,,98.8,,,,,,,,,,5.0,,,,,0.16,,,,12.0,,,,,0,,,,0.7,,,,,,,,,,0.255,,,127,,,,,1.0,,,,,,,,,6,,,,22.0,,,,,,4.0,0.0,,,,,,,,,14.960629921259843
968,Priest Lauderdale,3,39,1998,684,DEN,1610612743,24.0,,,,,0.149,,0.458,,,,,,,0.0,,,,34.0,,,,46.0,,,,0.0,,44.0,,,,5.0,,,,,,,,,0,,92.78,,,0.0,,,,,,,,,,0.705,,,,,,100,,,0.0,1,USA,,,,0.0,,,,,0.0,,,,,,,,,,,,,,,27,,,24.0,,,,0.271,,,,,,0.0,,,,96.7,,321.5,,,,1.4,,,0.081,,0.0,0.257,52.0,,,0.208,,,,,,,,,,,,,,,,,,,,,,0,,,,,99.4,,0.0,,,,,,0.0,,,,,,,0.261,,,,0.0,,,0.417,,,,,,,20.5,,,,,,,,88.0,,,,,,,,,,,,325.0,,,,,,0.0,,,,,,,,,,,,,,35.0,,,20.4,,,,-5.8,,,,,,,,,,,,,,,,,,,,,0.0,,,,,,,,,,,,,,,,,,0.0,,0.0,63,,,,,,,,,,,,,0.269,,,,0.0,,94.6,,,,,,,,,,-41,,,,,,0.46,,,,,,,,,,,,,,,0.0,46,,,,,0.283,0,,,,,,,0.0,346.8666666666667,,,,,0.121,,,,,,,,,0.0,,,0.0,9.0,,,,,0.077,,,,,,,,,,,7,,28,,144,,,,,,,,,,,,,79.34,,48.0,,,,,,,,,,,1996,73,,,,,,,,,,1,,,0.0,,,,38,,,,,53,,,,,0.417,,,,,0.0,,,,-4.8,,0.0,,,,5.0,,,,,,,0.0,,,95.21,,,,3.3,,,0.0,,69,,,95.21,,,0.0,99.4,-4.8,,,0.0,,,,,0.0,0.551,,,,,,0.654,,,,,,21,102.4,,17,9.3,,,,,94.6,,,,,,,,,,13.0,,,,,0.216,,,,1.0,,,,,0,,,,0.0,,,,,,,,,,0.2,,,127,,,,,0.0,,,,,,,,,10,,,,31.0,,,,,,13.0,0.0,,,,,,,,,54.330708661417326
753,Randy Brown,53,71,1998,2189,CHI,1610612741,30.0,,,,,0.04,,0.428,,,,,,,0.0,,,,63.0,,,,20.0,,,,0.0,,126.0,,,,105.0,,,,,,,,,0,,91.9,,,0.0,,,New Mexico State,,,,,,,0.492,,,,,,94,,,0.0,0,USA,,,,4.0,,,,,0.0,,,,,,,,,,,,,,,34,,,36.0,,,,0.167,,,,,,0.0,,,,98.1,,813.3,,,,1.6,,,0.029,,0.0,0.333,128.0,,,0.278,,,,,,,,,,,,,,,,,,,,,,5,,,,,95.2,,0.0,,,,,,0.0,,,,,,,0.154,,,,0.0,,,0.384,,,,,,,11.4,,,,,,,,74.0,,,,,,,,,,,,191.0,,,,,,0.0,,,,,,,,,,,,,,153.0,,,11.4,,,,3.0,,,,,,,,,,,,,,,,,,,,,0.0,,,,,,,,,,,,,,,,,,0.0,,3.0,118,,,,,,,,,,,,,0.157,,,,0.0,,97.8,,,,,,,,,,38,,,,,,2.4,,,,,,,,,,,,,,,0.0,63,,,,,0.2,0,,,,,,,0.0,1147.638333333333,,,,,0.207,,,,,,,,,1.0,,,1.0,51.0,,,,,0.746,,,,,,,,,,,71,,31,,288,,,,,,,,,,,,,76.64,,18.0,,,,,,,,,,,1991,60,,,,,,,,,,2,,,0.0,,,,56,,,,,116,,,,,0.384,,,,,0.0,,,,2.6,,1.0,,,,10.0,,,,,,,0.0,,,91.97,,,,4.3,,,12.0,,78,,,91.97,,,0.0,95.2,2.6,,,0.0,,,,,0.0,0.718,,,,,,0.492,,,,,,151,95.1,,12,27.4,,,,,97.8,,,,,,,,,,4.0,,,,,0.052,,,,36.0,,,,,0,,,,0.25,,,,,,,,,,0.343,,,302,,,,,0.0,,,,,,,,,35,,,,62.0,,,,,,3.0,0.0,,,,,,,,,25.827814569536425
988,Randy Livingston,10,12,1998,172,ATL,1610612737,23.0,,,,,0.034,,0.352,,,,,,,0.0,,,,1.0,,,,2.0,,,,0.0,,7.0,,,,3.0,,,,,,,,,0,,97.87,,,0.0,,,Louisiana State,,,,,,,0.143,,,,,,6,,,0.0,0,USA,,,,0.0,,,,,0.0,,,,,,,,,,,,,,,1,,,0.0,,,,1.0,,,,,,0.0,,,,97.6,,45.7,,,,0.3,,,0.012,,0.0,0.0,7.0,,,0.0,,,,,,,,,,,,,,,,,,,,,,0,,,,,100.0,,0.0,,,,,,0.0,,,,,,,0.097,,,,0.0,,,0.25,,,,,,,23.8,,,,,,,,76.0,,,,,,,,,,,,210.0,,,,,,0.0,,,,,,,,,,,,,,3.0,,,24.0,,,,-5.0,,,,,,,,,,,,,,,,,,,,,0.0,,,,,,,,,,,,,,,,,,0.0,,0.0,6,,,,,,,,,,,,,0.103,,,,0.0,,94.2,,,,,,,,,,-15,,,,,,0.83,,,,,,,,,,,,,,,0.0,6,,,,,1.0,0,,,,,,,0.0,83.035,,,,,0.104,,,,,,,,,0.0,,,0.0,0.0,,,,,0.833,,,,,,,,,,,7,,42,,10,,,,,,,,,,,,,84.06,,2.0,,,,,,,,,,,1996,5,,,,,,,,,,2,,,0.0,,,,4,,,,,3,,,,,0.25,,,,,0.0,,,,-5.8,,0.0,,,,0.0,,,,,,,0.0,,,100.87,,,,1.0,,,0.0,,5,,,100.87,,,0.0,100.0,-5.8,,,0.0,,,,,0.0,0.8,,,,,,0.143,,,,,,5,102.5,,2,20.0,,,,,94.2,,,,,,,,,,2.0,,,,,0.055,,,,0.0,,,,,0,,,,0.0,,,,,,,,,,0.0,,,12,,,,,0.0,,,,,,,,,3,,,,1.0,,,,,,2.0,0.0,,,,,,,,,41.666666666666664
739,Rasheed Wallace,43,77,1998,5505,POR,1610612757,23.0,,,,,0.085,,0.564,,,,,,,1.0,,,,236.0,,,,160.0,,,,2.0,,292.0,,,,158.0,,,,,,,,,8,,92.5,,,0.0,,,North Carolina,,,,,,,0.774,,,,,,478,,,3.0,1,USA,,,,23.0,,,,,2.0,,,,,,,,,,,,,,,132,,,135.0,,,,0.397,,,,,,0.4,,,,102.5,,2312.1,,,,6.1,,,0.049,,1.0,0.433,312.0,,,0.407,,,,,,,,,,,,,,,,,,,,,,39,,,,,98.5,,2.0,,,,,,4.0,,,,,,,0.183,,,,0.205,,,0.537,,,,,,,12.3,,,,,,,,83.0,,,,,,,,,,,,225.0,,,,,,1.0,,,,,,,,,,,,,,413.0,,,12.2,,,,4.6,,,,,,,,,,,,,,,,,,,,,0.0,,,,,,,,,,,,,,,,,,0.0,,45.0,268,,,,,,,,,,,,,0.184,,,,1.0,,103.8,,,,,,,,,,247,,,,,,1.17,,,,,,,,,,,,,,,8.0,167,,,,,0.388,8,,,,,,,0.0,2893.565,,,,,0.114,,,,,,,,,2.0,,,10.0,179.0,,,,,0.558,,,,,,,,,,,75,,4,,1124,,,,,,,,,,,,,76.43,,136.0,,,,,,,,,,,1995,346,,,,,,,,,,1,,,1.0,,,,184,,,,,466,,,,,0.533,,,,,0.13,,,,5.3,,7.0,,,,55.0,,,,,,,0.0,,,91.72,,,,11.4,,,99.0,,278,,,91.72,,,0.0,98.5,5.3,,,0.25,,,,,0.0,0.662,,,,,,0.756,,,,,,195,98.0,,88,14.3,,,,,103.8,,,,,,,,,,62.0,,,,,0.118,,,,67.0,,,,,0,,,,0.455,,,,,,,,,,0.424,,,875,,,,,0.143,,,,,,,,,31,,,,226.0,,,,,,54.0,0.0,,,,,,,,,31.771428571428572
951,Ray Allen,36,82,1998,6332,MIL,1610612749,22.0,,,,,0.066,,0.539,,,,,,,17.0,,,,168.0,,,,102.0,,,,10.0,,265.0,,,,294.0,,,,,,,,,134,,92.79,,,1.0,,,Connecticut,,,,,,,0.608,,,,,,405,,,106.0,3,USA,,,,285.0,,,,,1.0,,,,,,,,,,,,,,,127,,,230.0,,,,0.347,,,,,,0.391,,,,101.9,,2728.0,,,,6.9,,,0.041,,1.0,0.405,284.0,,,0.426,,,,,,,,,,,,,,,,,,,,,,368,,,,,103.3,,15.0,,,,,,25.0,,,,,,,0.238,,,,0.364,,,0.479,,,,,,,12.5,,,,,,,,77.0,,,,,,,,,,,,205.0,,,,,,75.0,,,,,,,,,,,,,,543.0,,,12.5,,,,-0.9,,,,,,,,,,,,,,,,,,,,,0.0,,,,,,,,,,,,,,,,,,1.0,,73.0,244,,,,,,,,,,,,,0.243,,,,0.37,,102.2,,,,,,,,,,-72,,,,,,1.35,,,,,,,,,,,,,,,37.0,263,,,,,0.265,8,,,,,,,0.059,3289.8316666666665,,,,,0.189,,,,,,,,,27.0,,,64.0,220.0,,,,,0.439,,,,,,,,,,,111,,5,,1602,,,,,,,,,,,,,77.02,,144.0,,,,,,,,,,,1996,278,,,,,,,,,,1,,,14.0,,,,342,,,,,563,,,,,0.428,,,,,0.372,,,,-1.1,,205.0,,,,98.0,,,,,,,0.0,,,92.42,,,,16.0,,,181.0,,391,,,92.42,,,0.071,103.3,-1.1,,,0.405,,,,,0.0,0.875,,,,,,0.592,,,,,,356,102.8,,12,17.0,,,,,102.2,,,,,,,,,,27.0,,,,,0.091,,,,121.0,,,,,0,,,,0.403,,,,,,,,,,0.412,,,1315,,,,,0.366,,,,,,,,,54,,,,161.0,,,,,,50.0,0.0,,,,,,,,,29.73384030418251
1002,Reggie Geary,42,62,1998,1278,SAS,1610612759,24.0,,,,,0.05,,0.392,,,,,,,0.0,,,,15.0,,,,12.0,,,,1.0,,37.0,,,,34.0,,,,,,,,,12,,89.5,,,0.0,,,Arizona,,,,,,,0.405,,,,,,67,,,10.0,1,USA,,,,29.0,,,,,1.0,,,,,,,,,,,,,,,19,,,16.0,,,,0.211,,,,,,0.182,,,,100.7,,448.4,,,,0.9,,,0.03,,1.0,0.342,38.0,,,0.188,,,,,,,,,,,,,,,,,,,,,,40,,,,,93.0,,1.0,,,,,,2.0,,,,,,,0.16,,,,0.3,,,0.367,,,,,,,13.6,,,,,,,,74.0,,,,,,,,,,,,187.0,,,,,,6.0,,,,,,,,,,,,,,73.0,,,13.5,,,,7.5,,,,,,,,,,,,,,,,,,,,,0.0,,,,,,,,,,,,,,,,,,0.0,,13.0,95,,,,,,,,,,,,,0.164,,,,0.143,,99.1,,,,,,,,,,57,,,,,,1.76,,,,,,,,,,,,,,,4.0,42,,,,,0.333,0,,,,,,,0.0,685.4266666666666,,,,,0.175,,,,,,,,,7.0,,,11.0,25.0,,,,,0.677,,,,,,,,,,,37,,56,,152,,,,,,,,,,,,,75.22,,19.0,,,,,,,,,,,1996,48,,,,,,,,,,2,,,0.0,,,,28,,,,,56,,,,,0.331,,,,,0.345,,,,6.1,,20.0,,,,3.0,,,,,,,0.0,,,90.27,,,,2.7,,,47.0,,56,,,90.27,,,0.0,93.0,6.1,,,0.25,,,,,0.0,0.5,,,,,,0.395,,,,,,74,93.1,,12,23.9,,,,,99.1,,,,,,,,,,4.0,,,,,0.067,,,,15.0,,,,,0,,,,0.277,,,,,,,,,,0.441,,,169,,,,,0.3,,,,,,,,,12,,,,15.0,,,,,,4.0,0.0,,,,,,,,,33.13609467455621
1682,Reggie Hanson,5,8,1998,54,BOS,1610612738,29.0,,,,,0.0,,0.5,,,,,,,,,,,3.0,,,,0.0,,,,0.0,,6.0,,,,0.0,,,,,,,,,0,,104.48,,,,,,Kentucky,,,,,,,0.5,,,,,,6,,,0.0,1,USA,,,,0.0,,,,,,,,,,,,,,,,,,,,3,,,0.0,,,,0.0,,,,,,0.0,,,,96.1,,20.7,,,,0.4,,,0.136,,,0.0,6.0,,,0.0,,,,,,,,,,,,,,,,,,,,,,0,,,,,83.9,,,,,,,,0.0,,,,,,,0.148,,,,0.0,,,0.5,,,,,,,30.0,,,,,,,,80.0,,,,,,,,,,,,195.0,,,,,,0.0,,,,,,,,,,,,,,0.0,,,30.0,,,,7.3,,,,,,,,,,,,,,,,,,,,,,,,,,,,,,,,,,,,,,,,,0.0,8,,,,,,,,,,,,,0.161,,,,0.0,,88.9,,,,,,,,,,1,,,,,,0.33,,,,,,,,,,,,,,,,3,,,,,0.0,0,,,,,,,,23.633333333333333,,,,,0.056,,,,,,,,,0.0,,,0.0,0.0,,,,,0.625,,,,,,,,,,,2,,,,6,,,,,,,,,,,,,93.09,,0.0,,,,,,,,,,,1998,3,,,,,,,,,,,,,,,,,0,,,,,3,,,,,0.5,,,,,0.0,,,,5.0,,0.0,,,,0.0,,,,,,,,,,111.71,,,,0.8,,,0.0,,0,,,111.71,,,,83.9,5.0,,,,,,,,,0.0,,,,,,0.5,,,,,,1,88.8,,1,10.0,,,,,88.9,,,,,,,,,,0.0,,,,,0.0,,,,0.0,,,,,0,,,,0.0,,,,,,,,,,0.0,,,6,,,,,0.0,,,,,,,,,1,,,,3.0,,,,,,0.0,,,,,,,,,,0.0
674,Reggie Jordan,36,57,1998,993,MIN,1610612750,30.0,,,,,0.099,,0.515,,,,,,,0.0,,,,48.0,,,,9.0,,,,0.0,,89.0,,,,6.0,,,,,,,,,0,,97.22,,,0.0,,,New Mexico State,,,,,,,0.539,,,,,,97,,,0.0,0,USA,,,,1.0,,,,,0.0,,,,,,,,,,,,,,,57,,,4.0,,,,0.182,,,,,,0.0,,,,108.3,,442.4,,,,0.9,,,0.115,,0.0,0.333,91.0,,,0.0,,,,,,,,,,,,,,,,,,,,,,1,,,,,99.4,,0.0,,,,,,0.0,,,,,,,0.151,,,,0.0,,,0.478,,,,,,,13.4,,,,,,,,76.0,,,,,,,,,,,,195.0,,,,,,0.0,,,,,,,,,,,,,,12.0,,,13.3,,,,6.7,,,,,,,,,,,,,,,,,,,,,0.0,,,,,,,,,,,,,,,,,,0.0,,1.0,63,,,,,,,,,,,,,0.156,,,,0.0,,105.6,,,,,,,,,,36,,,,,,1.67,,,,,,,,,,,,,,,0.0,30,,,,,0.222,0,,,,,,,0.0,485.57,,,,,0.147,,,,,,,,,0.0,,,0.0,4.0,,,,,0.632,,,,,,,,,,,35,,Undrafted,,149,,,,,,,,,,,,,82.87,,11.0,,,,,,,,,,,Undrafted,40,,,,,,,,,,Undrafted,,,0.0,,,,41,,,,,54,,,,,0.478,,,,,0.0,,,,6.2,,1.0,,,,0.0,,,,,,,0.0,,,99.45,,,,2.0,,,2.0,,72,,,99.45,,,0.0,99.4,6.2,,,0.0,,,,,0.0,0.569,,,,,,0.527,,,,,,50,101.5,,9,22.1,,,,,105.6,,,,,,,,,,2.0,,,,,0.083,,,,3.0,,,,,0,,,,0.5,,,,,,,,,,0.5,,,113,,,,,0.0,,,,,,,,,18,,,,48.0,,,,,,2.0,0.0,,,,,,,,,63.716814159292035
397,Reggie Miller,58,81,1998,5293,IND,1610612754,32.0,,,,,0.044,,0.619,,,,,,,9.0,,,,124.0,,,,36.0,,,,11.0,,158.0,,,,245.0,,,,,,,,,164,,91.32,,,0.0,,,UCLA,,,,,,,0.772,,,,,,232,,,125.0,1,USA,,,,281.0,,,,,0.0,,,,,,,,,,,,,,,46,,,97.0,,,,0.316,,,,,,0.406,,,,109.4,,2251.9,,,,6.4,,,0.018,,2.0,0.433,162.0,,,0.361,,,,,,,,,,,,,,,,,,,,,,382,,,,,99.3,,28.0,,,,,,39.0,,,,,,,0.233,,,,0.429,,,0.553,,,,,,,8.1,,,,,,,,79.0,,,,,,,,,,,,185.0,,,,,,77.0,,,,,,,,,,,,,,503.0,,,8.1,,,,10.6,,,,,,,,,,,,,,,,,,,,,0.0,,,,,,,,,,,,,,,,,,0.0,,158.0,148,,,,,,,,,,,,,0.237,,,,0.44,,109.6,,,,,,,,,,526,,,,,,1.34,,,,,,,,,,,,,,,71.0,128,,,,,0.361,0,,,,,,,0.0,2795.63,,,,,0.106,,,,,,,,,25.0,,,96.0,218.0,,,,,0.716,,,,,,,,,,,78,,11,,1578,,,,,,,,,,,,,75.85,,38.0,,,,,,,,,,,1987,186,,,,,,,,,,1,,,5.0,,,,382,,,,,516,,,,,0.477,,,,,0.445,,,,10.3,,171.0,,,,35.0,,,,,,,0.0,,,91.02,,,,13.3,,,359.0,,440,,,91.02,,,0.0,99.3,10.3,,,0.394,,,,,0.0,0.868,,,,,,0.765,,,,,,171,98.8,,11,10.9,,,,,109.6,,,,,,,,,,13.0,,,,,0.065,,,,109.0,,,,,0,,,,0.44,,,,,,,,,,0.445,,,1081,,,,,0.45,,,,,,,,,38,,,,122.0,,,,,,12.0,0.0,,,,,,,,,40.703052728954674
1073,Reggie Slater,15,78,1998,3305,TOR,1610612761,27.0,,,,,0.093,,0.52,,,,,,,0.0,,,,169.0,,,,74.0,,,,0.0,,305.0,,,,36.0,,,,,,,,,0,,94.51,,,0.0,,,Wyoming,,,,,,,0.538,,,,,,305,,,0.0,1,USA,,,,0.0,,,,,0.0,,,,,,,,,,,,,,,134,,,25.0,,,,0.259,,,,,,0.0,,,,100.1,,1225.0,,,,2.7,,,0.081,,0.0,0.362,320.0,,,0.24,,,,,,,,,,,,,,,,,,,,,,0,,,,,106.2,,0.0,,,,,,0.0,,,,,,,0.184,,,,0.0,,,0.46,,,,,,,13.1,,,,,,,,79.0,,,,,,,,,,,,255.0,,,,,,0.0,,,,,,,,,,,,,,69.0,,,13.0,,,,-7.3,,,,,,,,,,,,,,,,,,,,,0.0,,,,,,,,,,,,,,,,,,0.0,,1.0,201,,,,,,,,,,,,,0.188,,,,0.0,,99.0,,,,,,,,,,-246,,,,,,0.73,,,,,,,,,,,,,,,0.0,102,,,,,0.243,2,,,,,,,0.0,1661.2916666666667,,,,,0.073,,,,,,,,,0.0,,,0.0,25.0,,,,,0.192,,,,,,,,,,,45,,Undrafted,,625,,,,,,,,,,,,,79.67,,85.0,,,,,,,,,,,Undrafted,171,,,,,,,,,,Undrafted,,,0.0,,,,203,,,,,211,,,,,0.46,,,,,0.0,,,,-7.2,,0.0,,,,6.0,,,,,,,0.0,,,95.61,,,,5.9,,,4.0,,322,,,95.61,,,0.0,106.2,-7.2,,,0.0,,,,,0.0,0.63,,,,,,0.528,,,,,,74,107.4,,30,9.5,,,,,99.0,,,,,,,,,,18.0,,,,,0.105,,,,17.0,,,,,0,,,,0.25,,,,,,,,,,0.472,,,459,,,,,0.0,,,,,,,,,76,,,,164.0,,,,,,22.0,0.0,,,,,,,,,70.1525054466231
364,Rex Chapman,46,68,1998,4429,PHX,1610612756,30.0,,,,,0.039,,0.521,,,,,,,3.0,,,,72.0,,,,77.0,,,,9.0,,140.0,,,,220.0,,,,,,,,,120,,94.46,,,0.0,,,Kentucky,,,,,,,0.5,,,,,,173,,,89.0,0,USA,,,,231.0,,,,,2.0,,,,,,,,,,,,,,,30,,,123.0,,,,0.443,,,,,,0.411,,,,104.6,,1733.1,,,,6.0,,,0.013,,0.0,0.425,149.0,,,0.423,,,,,,,,,,,,,,,,,,,,,,311,,,,,102.0,,21.0,,,,,,30.0,,,,,,,0.224,,,,0.386,,,0.49,,,,,,,8.5,,,,,,,,76.0,,,,,,,,,,,,195.0,,,,,,51.0,,,,,,,,,,,,,,414.0,,,8.6,,,,3.2,,,,,,,,,,,,,,,,,,,,,0.0,,,,,,,,,,,,,,,,,,0.0,,104.0,102,,,,,,,,,,,,,0.229,,,,0.321,,105.4,,,,,,,,,,158,,,,,,1.75,,,,,,,,,,,,,,,45.0,116,,,,,0.455,0,,,,,,,0.0,2261.766666666667,,,,,0.149,,,,,,,,,28.0,,,73.0,176.0,,,,,0.676,,,,,,,,,,,71,,8,,1082,,,,,,,,,,,,,78.25,,97.0,,,,,,,,,,,1988,143,,,,,,,,,,1,,,1.0,,,,146,,,,,408,,,,,0.427,,,,,0.385,,,,3.4,,126.0,,,,52.0,,,,,,,0.0,,,93.9,,,,14.1,,,256.0,,187,,,93.9,,,0.0,102.0,3.4,,,0.467,,,,,0.0,0.781,,,,,,0.483,,,,,,203,101.5,,14,15.1,,,,,105.4,,,,,,,,,,35.0,,,,,0.063,,,,94.0,,,,,0,,,,0.406,,,,,,,,,,0.427,,,956,,,,,0.405,,,,,,,,,30,,,,70.0,,,,,,43.0,0.0,,,,,,,,,19.560669456066947
777,Rex Walters,22,38,1998,502,MIA,1610612748,28.0,,,,,0.05,,0.612,,,,,,,0.0,,,,6.0,,,,0.0,,,,0.0,,10.0,,,,7.0,,,,,,,,,6,,97.17,,,0.0,,,Kansas,,,,,,,0.6,,,,,,24,,,6.0,0,USA,,,,20.0,,,,,0.0,,,,,,,,,,,,,,,5,,,5.0,,,,1.0,,,,,,0.0,,,,95.0,,161.3,,,,0.6,,,0.022,,0.0,0.55,10.0,,,0.6,,,,,,,,,,,,,,,,,,,,,,22,,,,,102.0,,0.0,,,,,,0.0,,,,,,,0.161,,,,0.273,,,0.509,,,,,,,21.2,,,,,,,,76.0,,,,,,,,,,,,190.0,,,,,,2.0,,,,,,,,,,,,,,20.0,,,21.1,,,,-10.1,,,,,,,,,,,,,,,,,,,,,0.0,,,,,,,,,,,,,,,,,,0.0,,9.0,28,,,,,,,,,,,,,0.17,,,,0.0,,90.2,,,,,,,,,,-54,,,,,,1.3,,,,,,,,,,,,,,,2.0,27,,,,,0.0,0,,,,,,,0.0,236.93166666666667,,,,,0.25,,,,,,,,,0.0,,,2.0,11.0,,,,,0.579,,,,,,,,,,,8,,16,,80,,,,,,,,,,,,,84.33,,1.0,,,,,,,,,,,1993,19,,,,,,,,,,1,,,0.0,,,,26,,,,,24,,,,,0.453,,,,,0.3,,,,-11.8,,13.0,,,,3.0,,,,,,,0.0,,,101.19,,,,1.4,,,18.0,,28,,,101.19,,,0.0,102.0,-11.8,,,0.0,,,,,0.0,0.929,,,,,,0.6,,,,,,35,105.1,,1,27.3,,,,,90.2,,,,,,,,,,0.0,,,,,0.076,,,,4.0,,,,,0,,,,0.5,,,,,,,,,,0.571,,,53,,,,,0.154,,,,,,,,,1,,,,6.0,,,,,,1.0,0.0,,,,,,,,,52.83018867924528
1594,Rick Brunson,21,38,1998,1215,POR,1610612757,26.0,,,,,0.046,,0.481,,,,,,,1.0,,,,18.0,,,,8.0,,,,2.0,,43.0,,,,14.0,,,,,,,,,22,,94.12,,,0.0,,,Temple,,,,,,,0.419,,,,,,56,,,20.0,1,USA,,,,46.0,,,,,0.0,,,,,,,,,,,,,,,14,,,3.0,,,,0.125,,,,,,0.154,,,,101.5,,411.2,,,,1.3,,,0.024,,0.0,0.267,44.0,,,0.333,,,,,,,,,,,,,,,,,,,,,,61,,,,,103.1,,0.0,,,,,,2.0,,,,,,,0.158,,,,0.361,,,0.426,,,,,,,16.2,,,,,,,,76.0,,,,,,,,,,,,195.0,,,,,,7.0,,,,,,,,,,,,,,30.0,,,16.2,,,,-1.3,,,,,,,,,,,,,,,,,,,,,0.0,,,,,,,,,,,,,,,,,,0.0,,18.0,55,,,,,,,,,,,,,0.161,,,,0.286,,101.3,,,,,,,,,,-22,,,,,,1.92,,,,,,,,,,,,,,,6.0,52,,,,,0.0,1,,,,,,,0.0,620.12,,,,,0.253,,,,,,,,,7.0,,,13.0,8.0,,,,,0.553,,,,,,,,,,,25,,Undrafted,,162,,,,,,,,,,,,,78.37,,8.0,,,,,,,,,,,Undrafted,42,,,,,,,,,,Undrafted,,,1.0,,,,42,,,,,49,,,,,0.348,,,,,0.435,,,,-1.8,,15.0,,,,1.0,,,,,,,0.0,,,94.05,,,,3.7,,,56.0,,62,,,94.05,,,0.0,103.1,-1.8,,,0.0,,,,,0.0,0.677,,,,,,0.409,,,,,,100,102.8,,3,31.2,,,,,101.3,,,,,,,,,,0.0,,,,,0.066,,,,5.0,,,,,0,,,,0.321,,,,,,,,,,0.357,,,141,,,,,0.467,,,,,,,,,13,,,,18.0,,,,,,1.0,0.0,,,,,,,,,43.97163120567376
296,Rick Fox,61,82,1998,5359,LAL,1610612747,28.0,,,,,0.067,,0.564,,,,,,,1.0,,,,204.0,,,,73.0,,,,11.0,,308.0,,,,48.0,,,,,,,,,86,,95.69,,,1.0,,,North Carolina,,,,,,,0.659,,,,,,358,,,58.0,3,Canada,,,,192.0,,,,,1.0,,,,,,,,,,,,,,,78,,,55.0,,,,0.307,,,,,,0.371,,,,108.4,,2069.6,,,,4.4,,,0.031,,0.0,0.416,315.0,,,0.418,,,,,,,,,,,,,,,,,,,,,,265,,,,,101.6,,15.0,,,,,,26.0,,,,,,,0.174,,,,0.325,,,0.527,,,,,,,14.9,,,,,,,,79.0,,,,,,,,,,,,242.0,,,,,,41.0,,,,,,,,,,,,,,125.0,,,14.9,,,,7.8,,,,,,,,,,,,,,,,,,,,,0.0,,,,,,,,,,,,,,,,,,1.0,,48.0,309,,,,,,,,,,,,,0.177,,,,0.524,,108.8,,,,,,,,,,382,,,,,,1.37,,,,,,,,,,,,,,,49.0,201,,,,,0.315,1,,,,,,,1.0,2708.9333333333334,,,,,0.155,,,,,,,,,21.0,,,70.0,52.0,,,,,0.744,,,,,,,,,,,100,,24,,983,,,,,,,,,,,,,79.18,,75.0,,,,,,,,,,,1991,280,,,,,,,,,,1,,,1.0,,,,171,,,,,363,,,,,0.471,,,,,0.302,,,,7.3,,129.0,,,,23.0,,,,,,,0.0,,,95.02,,,,9.4,,,149.0,,230,,,95.02,,,1.0,101.6,7.3,,,0.306,,,,,0.0,0.743,,,,,,0.648,,,,,,276,100.6,,48,20.5,,,,,108.8,,,,,,,,,,23.0,,,,,0.099,,,,23.0,,,,,0,,,,0.322,,,,,,,,,,0.479,,,771,,,,,0.318,,,,,,,,,55,,,,203.0,,,,,,23.0,0.0,,,,,,,,,29.831387808041505
328,Rick Mahorn,25,59,1998,1360,DET,1610612765,39.0,,,,,0.139,,0.49,,,,,,,0.0,,,,34.0,,,,21.0,,,,0.0,,62.0,,,,10.0,,,,,,,,,0,,90.8,,,0.0,,,Hampton,,,,,,,0.532,,,,,,195,,,0.0,1,USA,,,,0.0,,,,,0.0,,,,,,,,,,,,,,,65,,,33.0,,,,0.348,,,,,,0.0,,,,103.5,,423.5,,,,1.0,,,0.096,,,0.409,65.0,,,0.424,,,,,,,,,,,,,,,,,,,,,,0,,,,,96.5,,0.0,,,,,,0.0,,,,,,,0.115,,,,0.0,,,0.457,,,,,,,18.9,,,,,,,,82.0,,,,,,,,,,,,260.0,,,,,,0.0,,,,,,,,,,,,,,44.0,,,18.8,,,,5.6,,,,,,,,,,,,,,,,,,,,,0.0,,,,,,,,,,,,,,,,,,0.0,,0.0,123,,,,,,,,,,,,,0.118,,,,0.0,,102.1,,,,,,,,,,76,,,,,,0.41,,,,,,,,,,,,,,,0.0,37,,,,,0.429,0,,,,,,,0.0,708.99,,,,,0.034,,,,,,,,,0.0,,,0.0,18.0,,,,,0.424,,,,,,,,,,,14,,35,,141,,,,,,,,,,,,,76.76,,23.0,,,,,,,,,,,1980,130,,,,,,,,,,2,,,0.0,,,,23,,,,,59,,,,,0.457,,,,,0.0,,,,5.7,,0.0,,,,14.0,,,,,,,,,,92.11,,,,2.2,,,0.0,,34,,,92.11,,,0.0,96.5,5.7,,,0.0,,,,,0.0,0.676,,,,,,0.523,,,,,,15,98.0,,7,7.6,,,,,102.1,,,,,,,,,,9.0,,,,,0.18,,,,2.0,,,,,0,,,,0.0,,,,,,,,,,0.2,,,129,,,,,0.0,,,,,,,,,16,,,,33.0,,,,,,8.0,,,,,,,,,,26.356589147286822
894,Ricky Pierce,11,39,1998,845,MIL,1610612749,38.0,,,,,0.054,,0.455,,,,,,,0.0,,,,11.0,,,,20.0,,,,1.0,,32.0,,,,33.0,,,,,,,,,4,,91.76,,,,,,Rice,,,,,,,0.344,,,,,,45,,,2.0,0,USA,,,,8.0,,,,,0.0,,,,,,,,,,,,,,,19,,,38.0,,,,0.348,,,,,,0.5,,,,90.6,,262.0,,,,1.3,,,0.042,,0.0,0.382,32.0,,,0.342,,,,,,,,,,,,,,,,,,,,,,13,,,,,102.6,,1.0,,,,,,2.0,,,,,,,0.191,,,,0.308,,,0.378,,,,,,,9.5,,,,,,,,76.0,,,,,,,,,,,,215.0,,,,,,1.0,,,,,,,,,,,,,,76.0,,,9.5,,,,-12.4,,,,,,,,,,,,,,,,,,,,,0.0,,,,,,,,,,,,,,,,,,0.0,,7.0,35,,,,,,,,,,,,,0.195,,,,1.0,,89.8,,,,,,,,,,-106,,,,,,1.62,,,,,,,,,,,,,,,3.0,21,,,,,0.45,0,,,,,,,0.0,439.0533333333333,,,,,0.155,,,,,,,,,1.0,,,4.0,29.0,,,,,0.282,,,,,,,,,,,9,,18,,151,,,,,,,,,,,,,76.89,,23.0,,,,,,,,,,,1982,26,,,,,,,,,,1,,,,,,,43,,,,,52,,,,,0.364,,,,,0.25,,,,-12.8,,6.0,,,,13.0,,,,,,,0.0,,,92.27,,,,3.7,,,14.0,,52,,,92.27,,,,102.6,-12.8,,,0.333,,,,,0.0,0.827,,,,,,0.344,,,,,,34,102.9,,0,15.3,,,,,89.8,,,,,,,,,,9.0,,,,,0.068,,,,11.0,,,,,0,,,,0.5,,,,,,,,,,0.333,,,143,,,,,0.167,,,,,,,,,12,,,,11.0,,,,,,8.0,0.0,,,,,,,,,36.36363636363637
22,Rik Smits,52,73,1998,3917,IND,1610612754,31.0,,,,,0.128,,0.532,,,,,,,0.0,,,,153.0,,,,303.0,,,,0.0,,191.0,,,,225.0,,,,,,,,,0,,90.8,,,0.0,,,Marist,,,,,,,0.696,,,,,,505,,,0.0,5,Netherlands,,,,3.0,,,,,0.0,,,,,,,,,,,,,,,127,,,249.0,,,,0.465,,,,,,0.0,,,,107.9,,2223.5,,,,7.0,,,0.069,,0.0,0.444,236.0,,,0.454,,,,,,,,,,,,,,,,,,,,,,3,,,,,96.9,,0.0,,,,,,0.0,,,,,,,0.289,,,,0.0,,,0.495,,,,,,,9.7,,,,,,,,88.0,,,,,,,,,,,,265.0,,,,,,0.0,,,,,,,,,,,,,,556.0,,,9.7,,,,10.7,,,,,,,,,,,,,,,,,,,,,0.0,,,,,,,,,,,,,,,,,,0.0,,10.0,243,,,,,,,,,,,,,0.292,,,,0.0,,108.5,,,,,,,,,,437,,,,,,0.75,,,,,,,,,,,,,,,0.0,134,,,,,0.469,16,,,,,,,0.0,2079.543333333333,,,,,0.091,,,,,,,,,0.0,,,0.0,247.0,,,,,0.712,,,,,,,,,,,40,,2,,1216,,,,,,,,,,,,,75.53,,288.0,,,,,,,,,,,1988,378,,,,,,,,,,1,,,0.0,,,,188,,,,,514,,,,,0.495,,,,,0.0,,,,11.6,,2.0,,,,113.0,,,,,,,0.0,,,90.63,,,,14.2,,,23.0,,240,,,90.63,,,0.0,96.9,11.6,,,0.0,,,,,0.0,0.783,,,,,,0.648,,,,,,101,97.1,,88,7.3,,,,,108.5,,,,,,,,,,142.0,,,,,0.18,,,,96.0,,,,,0,,,,0.435,,,,,,,,,,0.427,,,1038,,,,,0.0,,,,,,,,,47,,,,133.0,,,,,,134.0,0.0,,,,,,,,,23.121387283236995
109,Robert Horry,52,72,1998,4337,LAL,1610612747,27.0,,,,,0.124,,0.542,,,,,,,0.0,,,,151.0,,,,35.0,,,,1.0,,227.0,,,,31.0,,,,,,,,,19,,95.41,,,0.0,,,Alabama,,,,,,,0.652,,,,,,542,,,14.0,0,USA,,,,82.0,,,,,1.0,,,,,,,,,,,,,,,186,,,23.0,,,,0.429,,,,,,0.455,,,,109.9,,1949.9,,,,2.8,,,0.089,,0.0,0.277,230.0,,,0.261,,,,,,,,,,,,,,,,,,,,,,93,,,,,99.0,,4.0,,,,,,5.0,,,,,,,0.119,,,,0.204,,,0.499,,,,,,,13.1,,,,,,,,82.0,,,,,,,,,,,,220.0,,,,,,11.0,,,,,,,,,,,,,,65.0,,,13.0,,,,11.6,,,,,,,,,,,,,,,,,,,,,0.0,,,,,,,,,,,,,,,,,,0.0,,11.0,238,,,,,,,,,,,,,0.121,,,,1.0,,110.8,,,,,,,,,,507,,,,,,1.65,,,,,,,,,,,,,,,10.0,99,,,,,0.314,8,,,,,,,0.0,2198.8483333333334,,,,,0.104,,,,,,,,,1.0,,,11.0,18.0,,,,,0.722,,,,,,,,,,,112,,11,,536,,,,,,,,,,,,,78.91,,35.0,,,,,,,,,,,1992,356,,,,,,,,,,1,,,0.0,,,,117,,,,,200,,,,,0.476,,,,,0.171,,,,11.7,,56.0,,,,6.0,,,,,,,0.0,,,94.7,,,,5.8,,,44.0,,169,,,94.7,,,0.0,99.0,11.7,,,0.4,,,,,0.0,0.692,,,,,,0.657,,,,,,163,98.3,,94,21.5,,,,,110.8,,,,,,,,,,11.0,,,,,0.156,,,,10.0,,,,,0,,,,0.25,,,,,,,,,,0.323,,,420,,,,,0.196,,,,,,,,,35,,,,148.0,,,,,,15.0,0.0,,,,,,,,,40.23809523809524
123,Robert Pack,0,12,1998,585,DAL,1610612742,29.0,,,,,0.058,,0.413,,,,,,,0.0,,,,20.0,,,,8.0,,,,0.0,,46.0,,,,16.0,,,,,,,,,3,,95.38,,,,,,Southern California,,,,,,,0.435,,,,,,34,,,3.0,0,USA,,,,6.0,,,,,,,,,,,,,,,,,,,,8,,,15.0,,,,0.167,,,,,,0.0,,,,90.1,,222.8,,,,2.8,,,0.026,,0.0,0.235,47.0,,,0.2,,,,,,,,,,,,,,,,,,,,,,6,,,,,108.9,,0.0,,,,,,0.0,,,,,,,0.234,,,,0.5,,,0.352,,,,,,,19.6,,,,,,,,74.0,,,,,,,,,,,,190.0,,,,,,1.0,,,,,,,,,,,,,,34.0,,,19.4,,,,-19.7,,,,,,,,,,,,,,,,,,,,,,,,,,,,,,,,,,,,,,,0.0,,5.0,17,,,,,,,,,,,,,0.235,,,,0.0,,89.9,,,,,,,,,,-110,,,,,,1.11,,,,,,,,,,,,,,,0.0,38,,,,,0.125,0,,,,,,,0.0,292.53333333333336,,,,,0.243,,,,,,,,,0.0,,,0.0,8.0,,,,,0.0,,,,,,,,,,,20,,Undrafted,,94,,,,,,,,,,,,,79.92,,12.0,,,,,,,,,,,Undrafted,26,,,,,,,,,,Undrafted,,,,,,,25,,,,,33,,,,,0.337,,,,,0.5,,,,-19.0,,1.0,,,,3.0,,,,,,,0.0,,,95.91,,,,8.2,,,11.0,,36,,,95.91,,,,108.9,-19.0,,,0.0,,,,,,0.694,,,,,,0.426,,,,,,42,109.9,,1,21.4,,,,,89.9,,,,,,,,,,1.0,,,,,0.092,,,,3.0,,,,,0,,,,0.455,,,,,,,,,,0.188,,,98,,,,,1.0,,,,,,,,,14,,,,20.0,,,,,,2.0,0.0,,,,,,,,,36.734693877551024
393,Rod Strickland,38,76,1998,5848,WAS,1610612764,31.0,,,,,0.067,,0.501,,,,,,,5.0,,,,245.0,,,,167.0,,,,1.0,,436.0,,,,184.0,,,,,,,,,12,,94.31,,,0.0,,,DePaul,,,,,,,0.553,,,,,,405,,,11.0,3,USA,,,,43.0,,,,,1.0,,,,,,,,,,,,,,,112,,,228.0,,,,0.333,,,,,,0.333,,,,103.2,,3223.5,,,,6.4,,,0.036,,0.0,0.385,456.0,,,0.36,,,,,,,,,,,,,,,,,,,,,,48,,,,,103.0,,0.0,,,,,,1.0,,,,,,,0.235,,,,0.25,,,0.439,,,,,,,11.0,,,,,,,,75.0,,,,,,,,,,,,185.0,,,,,,6.0,,,,,,,,,,,,,,416.0,,,11.0,,,,1.3,,,,,,,,,,,,,,,,,,,,,0.0,,,,,,,,,,,,,,,,,,1.0,,25.0,182,,,,,,,,,,,,,0.236,,,,0.5,,104.8,,,,,,,,,,100,,,,,,3.01,,,,,,,,,,,,,,,1.0,266,,,,,0.329,42,,,,,,,0.2,3018.475,,,,,0.417,,,,,,,,,2.0,,,3.0,160.0,,,,,0.5,,,,,,,,,,,126,,19,,1349,,,,,,,,,,,,,77.54,,231.0,,,,,,,,,,,1988,293,,,,,,,,,,1,,,1.0,,,,357,,,,,490,,,,,0.434,,,,,0.256,,,,1.8,,21.0,,,,82.0,,,,,,,0.0,,,93.04,,,,14.9,,,68.0,,492,,,93.04,,,0.0,103.0,1.8,,,0.0,,,,,0.0,0.726,,,,,,0.537,,,,,,801,101.9,,25,33.1,,,,,104.8,,,,,,,,,,55.0,,,,,0.101,,,,76.0,,,,,3,,,,0.368,,,,,,,,,,0.413,,,1130,,,,,0.286,,,,,,,,,70,,,,241.0,,,,,,77.0,0.0,,,,,,,,,43.53982300884956
915,Rodney Rogers,17,76,1998,4909,LAC,1610612746,27.0,,,,,0.086,,0.532,,,,,,,1.0,,,,271.0,,,,122.0,,,,14.0,,420.0,,,,64.0,,,,,,,,,72,,95.23,,,0.0,,,Wake Forest,,,,,,,0.61,,,,,,424,,,53.0,3,USA,,,,158.0,,,,,2.0,,,,,,,,,,,,,,,155,,,66.0,,,,0.318,,,,,,0.36,,,,102.2,,2160.8,,,,5.6,,,0.062,,1.0,0.329,453.0,,,0.394,,,,,,,,,,,,,,,,,,,,,,212,,,,,112.8,,4.0,,,,,,18.0,,,,,,,0.225,,,,0.34,,,0.494,,,,,,,13.1,,,,,,,,79.0,,,,,,,,,,,,255.0,,,,,,39.0,,,,,,,,,,,,,,155.0,,,13.0,,,,-10.0,,,,,,,,,,,,,,,,,,,,,0.0,,,,,,,,,,,,,,,,,,0.0,,39.0,242,,,,,,,,,,,,,0.227,,,,0.4,,103.3,,,,,,,,,,-491,,,,,,1.05,,,,,,,,,,,,,,,15.0,193,,,,,0.279,8,,,,,,,0.0,2498.6016666666665,,,,,0.139,,,,,,,,,35.0,,,50.0,51.0,,,,,0.224,,,,,,,,,,,93,,9,,1149,,,,,,,,,,,,,78.74,,151.0,,,,,,,,,,,1993,269,,,,,,,,,,1,,,1.0,,,,225,,,,,426,,,,,0.456,,,,,0.335,,,,-9.6,,110.0,,,,26.0,,,,,,,1.0,,,94.49,,,,12.3,,,116.0,,328,,,94.49,,,0.0,112.8,-9.6,,,0.267,,,,,0.0,0.686,,,,,,0.598,,,,,,202,112.2,,38,13.7,,,,,103.3,,,,,,,,,,34.0,,,,,0.112,,,,16.0,,,,,0,,,,0.336,,,,,,,,,,0.25,,,935,,,,,0.355,,,,,,,,,69,,,,256.0,,,,,,48.0,1.0,,,,,,,,,35.080213903743314
1518,Rodrick Rhodes,29,58,1998,2097,HOU,1610612745,24.0,,,,,0.034,,0.439,,,,,,,2.0,,,,73.0,,,,20.0,,,,0.0,,161.0,,,,49.0,,,,,,,,,2,,94.08,,,0.0,,,Southern California,,,,,,,0.441,,,,,,70,,,2.0,0,USA,,,,7.0,,,,,1.0,,,,,,,,,,,,,,,28,,,18.0,,,,0.121,,,,,,0.0,,,,98.3,,705.0,,,,1.9,,,0.026,,0.0,0.34,171.0,,,0.278,,,,,,,,,,,,,,,,,,,,,,8,,,,,102.2,,0.0,,,,,,0.0,,,,,,,0.198,,,,0.25,,,0.37,,,,,,,16.4,,,,,,,,78.0,,,,,,,,,,,,225.0,,,,,,2.0,,,,,,,,,,,,,,103.0,,,16.3,,,,-4.1,,,,,,,,,,,,,,,,,,,,,0.0,,,,,,,,,,,,,,,,,,0.0,,12.0,125,,,,,,,,,,,,,0.2,,,,0.0,,98.7,,,,,,,,,,-79,,,,,,1.13,,,,,,,,,,,,,,,0.0,97,,,,,0.15,0,,,,,,,0.0,1072.4716666666666,,,,,0.175,,,,,,,,,0.0,,,0.0,35.0,,,,,0.5,,,,,,,,,,,62,,24,,337,,,,,,,,,,,,,78.32,,33.0,,,,,,,,,,,1997,42,,,,,,,,,,1,,,1.0,,,,111,,,,,112,,,,,0.367,,,,,0.286,,,,-3.5,,3.0,,,,5.0,,,,,,,0.0,,,93.99,,,,5.3,,,41.0,,180,,,93.99,,,0.0,102.2,-3.5,,,0.0,,,,,0.0,0.617,,,,,,0.427,,,,,,110,102.4,,10,18.5,,,,,98.7,,,,,,,,,,3.0,,,,,0.041,,,,17.0,,,,,0,,,,0.293,,,,,,,,,,0.347,,,305,,,,,0.667,,,,,,,,,38,,,,71.0,,,,,,4.0,0.0,,,,,,,,,59.01639344262295
166,Ron Harper,62,82,1998,4322,CHI,1610612741,34.0,,,,,0.065,,0.503,,,,,,,0.0,,,,193.0,,,,66.0,,,,5.0,,307.0,,,,100.0,,,,,,,,,16,,91.46,,,0.0,,,Miami (Ohio),,,,,,,0.625,,,,,,290,,,9.0,0,USA,,,,64.0,,,,,0.0,,,,,,,,,,,,,,,107,,,67.0,,,,0.32,,,,,,0.35,,,,106.3,,1850.5,,,,3.6,,,0.048,,1.0,0.307,314.0,,,0.328,,,,,,,,,,,,,,,,,,,,,,84,,,,,96.5,,2.0,,,,,,7.0,,,,,,,0.165,,,,0.19,,,0.453,,,,,,,8.3,,,,,,,,78.0,,,,,,,,,,,,216.0,,,,,,8.0,,,,,,,,,,,,,,199.0,,,8.3,,,,10.5,,,,,,,,,,,,,,,,,,,,,0.0,,,,,,,,,,,,,,,,,,0.0,,19.0,181,,,,,,,,,,,,,0.167,,,,0.385,,107.2,,,,,,,,,,463,,,,,,2.65,,,,,,,,,,,,,,,7.0,91,,,,,0.318,0,,,,,,,0.0,2286.8033333333333,,,,,0.157,,,,,,,,,13.0,,,20.0,61.0,,,,,0.756,,,,,,,,,,,108,,8,,764,,,,,,,,,,,,,75.58,,75.0,,,,,,,,,,,1986,183,,,,,,,,,,1,,,0.0,,,,162,,,,,293,,,,,0.441,,,,,0.141,,,,10.7,,38.0,,,,22.0,,,,,,,0.0,,,90.7,,,,8.1,,,79.0,,216,,,90.7,,,0.0,96.5,10.7,,,0.286,,,,,0.0,0.75,,,,,,0.615,,,,,,241,95.8,,48,22.1,,,,,107.2,,,,,,,,,,21.0,,,,,0.081,,,,30.0,,,,,0,,,,0.241,,,,,,,,,,0.3,,,665,,,,,0.211,,,,,,,,,48,,,,192.0,,,,,,24.0,0.0,,,,,,,,,32.4812030075188
1500,Ron Mercer,35,80,1998,5290,BOS,1610612738,22.0,,,,,0.054,,0.491,,,,,,,3.0,,,,181.0,,,,91.0,,,,0.0,,301.0,,,,441.0,,,,,,,,,3,,95.58,,,0.0,,,Kentucky,,,,,,,0.578,,,,,,280,,,3.0,0,USA,,,,23.0,,,,,1.0,,,,,,,,,,,,,,,109,,,137.0,,,,0.333,,,,,,0.0,,,,99.9,,2115.0,,,,6.4,,,0.039,,1.0,0.432,326.0,,,0.372,,,,,,,,,,,,,,,,,,,,,,28,,,,,102.2,,0.0,,,,,,0.0,,,,,,,0.221,,,,0.107,,,0.451,,,,,,,8.5,,,,,,,,79.0,,,,,,,,,,,,210.0,,,,,,0.0,,,,,,,,,,,,,,672.0,,,8.5,,,,-2.7,,,,,,,,,,,,,,,,,,,,,1.0,,,,,,,,,,,,,,,,,,0.0,,58.0,213,,,,,,,,,,,,,0.224,,,,0.0,,100.5,,,,,,,,,,-97,,,,,,1.33,,,,,,,,,,,,,,,2.0,132,,,,,0.319,0,,,,,,,0.0,2659.99,,,,,0.114,,,,,,,,,2.0,,,4.0,290.0,,,,,0.438,,,,,,,,,,,125,,6,,1221,,,,,,,,,,,,,79.58,,144.0,,,,,,,,,,,1997,171,,,,,,,,,,1,,,1.0,,,,188,,,,,515,,,,,0.45,,,,,0.13,,,,-1.8,,11.0,,,,51.0,,,,,,,0.0,,,95.5,,,,14.3,,,134.0,,224,,,95.5,,,0.0,102.2,-1.8,,,0.0,,,,,1.0,0.839,,,,,,0.555,,,,,,176,102.6,,17,11.3,,,,,100.5,,,,,,,,,,29.0,,,,,0.073,,,,195.0,,,,,0,,,,0.433,,,,,,,,,,0.442,,,1145,,,,,0.0,,,,,,,,,35,,,,174.0,,,,,,48.0,0.0,,,,,,,,,19.563318777292576
938,Rony Seikaly,25,56,1998,3071,NJN,1610612751,33.0,,,,,0.122,,0.514,,,,,,,1.0,,,,188.0,,,,104.0,,,,0.0,,337.0,,,,29.0,,,,,,,,,0,,90.34,,,0.0,,,Syracuse,,,,,,,0.504,,,,,,393,,,0.0,1,Lebanon,,,,1.0,,,,,0.0,,,,,,,,,,,,,,,146,,,70.0,,,,0.362,,,,,,0.0,,,,95.7,,1400.1,,,,4.5,,,0.089,,0.0,0.3,373.0,,,0.257,,,,,,,,,,,,,,,,,,,,,,2,,,,,103.1,,0.0,,,,,,0.0,,,,,,,0.241,,,,0.0,,,0.432,,,,,,,15.4,,,,,,,,83.0,,,,,,,,,,,,253.0,,,,,,0.0,,,,,,,,,,,,,,110.0,,,15.3,,,,-7.5,,,,,,,,,,,,,,,,,,,,,0.0,,,,,,,,,,,,,,,,,,0.0,,0.0,164,,,,,,,,,,,,,0.243,,,,0.0,,96.9,,,,,,,,,,-186,,,,,,0.53,,,,,,,,,,,,,,,0.0,146,,,,,0.356,15,,,,,,,0.0,1639.84,,,,,0.089,,,,,,,,,0.0,,,0.0,33.0,,,,,0.446,,,,,,,,,,,28,,9,,746,,,,,,,,,,,,,74.86,,130.0,,,,,,,,,,,1988,247,,,,,,,,,,1,,,1.0,,,,246,,,,,250,,,,,0.432,,,,,0.0,,,,-6.2,,0.0,,,,18.0,,,,,,,0.0,,,89.83,,,,10.3,,,2.0,,332,,,89.83,,,0.0,103.1,-6.2,,,0.0,,,,,0.0,0.741,,,,,,0.504,,,,,,77,103.3,,43,8.1,,,,,96.9,,,,,,,,,,37.0,,,,,0.157,,,,7.0,,,,,0,,,,0.0,,,,,,,,,,0.241,,,579,,,,,0.0,,,,,,,,,53,,,,170.0,,,,,,47.0,0.0,,,,,,,,,57.340241796200345
964,Roy Rogers,4,15,1998,222,TOR,1610612761,24.0,,,,,0.077,,0.362,,,,,,,0.0,,,,6.0,,,,10.0,,,,0.0,,12.0,,,,1.0,,,,,,,,,0,,98.33,,,0.0,,,Alabama,,,,,,,0.417,,,,,,17,,,0.0,0,USA,,,,0.0,,,,,,,,,,,,,,,,,,,,8,,,1.0,,,,0.333,,,,,,0.0,,,,95.7,,71.4,,,,0.6,,,0.072,,0.0,0.25,13.0,,,0.0,,,,,,,,,,,,,,,,,,,,,,0,,,,,114.3,,0.0,,,,,,0.0,,,,,,,0.13,,,,0.0,,,0.36,,,,,,,14.4,,,,,,,,82.0,,,,,,,,,,,,235.0,,,,,,0.0,,,,,,,,,,,,,,4.0,,,14.3,,,,-21.7,,,,,,,,,,,,,,,,,,,,,,,,,,,,,,,,,,,,,,,0.0,,0.0,18,,,,,,,,,,,,,0.133,,,,0.0,,93.7,,,,,,,,,,-48,,,,,,0.4,,,,,,,,,,,,,,,0.0,5,,,,,0.2,0,,,,,,,0.0,106.21666666666668,,,,,0.032,,,,,,,,,0.0,,,0.0,1.0,,,,,0.267,,,,,,,,,,,3,,22,,20,,,,,,,,,,,,,83.98,,9.0,,,,,,,,,,,1996,9,,,,,,,,,,1,,,0.0,,,,2,,,,,9,,,,,0.36,,,,,0.0,,,,-20.6,,0.0,,,,0.0,,,,,,,0.0,,,100.78,,,,1.7,,,0.0,,6,,,100.78,,,0.0,114.3,-20.6,,,0.0,,,,,,0.333,,,,,,0.462,,,,,,2,117.5,,8,5.7,,,,,93.7,,,,,,,,,,2.0,,,,,0.081,,,,1.0,,,,,0,,,,0.0,,,,,,,,,,1.0,,,25,,,,,0.0,,,,,,,,,4,,,,5.0,,,,,,3.0,0.0,,,,,,,,,24.0
1601,Rusty LaRue,10,14,1998,279,CHI,1610612741,24.0,,,,,0.028,,0.466,,,,,,,0.0,,,,3.0,,,,3.0,,,,0.0,,6.0,,,,8.0,,,,,,,,,4,,93.51,,,0.0,,,Wake Forest,,,,,,,0.5,,,,,,8,,,4.0,0,USA,,,,15.0,,,,,0.0,,,,,,,,,,,,,,,1,,,4.0,,,,0.667,,,,,,0.0,,,,108.2,,72.1,,,,1.4,,,0.007,,,0.458,6.0,,,0.25,,,,,,,,,,,,,,,,,,,,,,16,,,,,96.3,,0.0,,,,,,0.0,,,,,,,0.184,,,,0.25,,,0.449,,,,,,,9.4,,,,,,,,75.0,,,,,,,,,,,,185.0,,,,,,3.0,,,,,,,,,,,,,,24.0,,,9.4,,,,9.5,,,,,,,,,,,,,,,,,,,,,0.0,,,,,,,,,,,,,,,,,,0.0,,7.0,12,,,,,,,,,,,,,0.191,,,,0.0,,106.1,,,,,,,,,,33,,,,,,0.83,,,,,,,,,,,,,,,1.0,6,,,,,1.0,0,,,,,,,0.0,138.66,,,,,0.054,,,,,,,,,0.0,,,1.0,11.0,,,,,0.714,,,,,,,,,,,3,,Undrafted,,49,,,,,,,,,,,,,79.62,,3.0,,,,,,,,,,,Undrafted,7,,,,,,,,,,Undrafted,,,0.0,,,,5,,,,,20,,,,,0.408,,,,,0.267,,,,9.8,,8.0,,,,1.0,,,,,,,,,,95.54,,,,3.5,,,20.0,,8,,,95.54,,,0.0,96.3,9.8,,,0.0,,,,,0.0,0.625,,,,,,0.5,,,,,,5,98.7,,1,7.8,,,,,106.1,,,,,,,,,,3.0,,,,,0.048,,,,3.0,,,,,0,,,,0.35,,,,,,,,,,0.375,,,49,,,,,0.375,,,,,,,,,1,,,,3.0,,,,,,2.0,,,,,,,,,,16.3265306122449
208,Sam Cassell,38,75,1998,5159,NJN,1610612751,28.0,,,,,0.044,,0.533,,,,,,,5.0,,,,151.0,,,,97.0,,,,0.0,,268.0,,,,397.0,,,,,,,,,15,,95.17,,,0.0,,,Florida State,,,,,,,0.556,,,,,,228,,,13.0,7,USA,,,,68.0,,,,,1.0,,,,,,,,,,,,,,,73,,,216.0,,,,0.377,,,,,,0.125,,,,106.5,,2803.1,,,,6.8,,,0.027,,1.0,0.441,275.0,,,0.426,,,,,,,,,,,,,,,,,,,,,,80,,,,,104.8,,1.0,,,,,,1.0,,,,,,,0.266,,,,0.188,,,0.448,,,,,,,11.9,,,,,,,,75.0,,,,,,,,,,,,185.0,,,,,,7.0,,,,,,,,,,,,,,655.0,,,12.0,,,,2.2,,,,,,,,,,,,,,,,,,,,,0.0,,,,,,,,,,,,,,,,,,0.0,,54.0,262,,,,,,,,,,,,,0.272,,,,0.0,,106.8,,,,,,,,,,132,,,,,,2.24,,,,,,,,,,,,,,,8.0,269,,,,,0.32,20,,,,,,,0.0,2604.66,,,,,0.388,,,,,,,,,0.0,,,8.0,289.0,,,,,0.507,,,,,,,,,,,121,,24,,1471,,,,,,,,,,,,,79.03,,154.0,,,,,,,,,,,1993,155,,,,,,,,,,1,,,3.0,,,,436,,,,,510,,,,,0.441,,,,,0.191,,,,2.0,,34.0,,,,92.0,,,,,,,0.0,,,94.83,,,,15.4,,,130.0,,507,,,94.83,,,0.0,104.8,2.0,,,0.125,,,,,0.0,0.86,,,,,,0.549,,,,,,603,104.3,,20,26.8,,,,,106.8,,,,,,,,,,31.0,,,,,0.065,,,,175.0,,,,,0,,,,0.415,,,,,,,,,,0.441,,,1156,,,,,0.206,,,,,,,,,73,,,,149.0,,,,,,58.0,0.0,,,,,,,,,43.858131487889274
694,Sam Mack,14,57,1998,2831,VAN,1610612763,28.0,,,,,0.048,,0.519,,,,,,,0.0,,,,57.0,,,,31.0,,,,22.0,,92.0,,,,100.0,,,,,,,,,110,,96.22,,,0.0,,,Houston,,,,,,,0.609,,,,,,133,,,65.0,1,USA,,,,191.0,,,,,0.0,,,,,,,,,,,,,,,30,,,34.0,,,,0.275,,,,,,0.577,,,,100.0,,1014.1,,,,3.9,,,0.022,,2.0,0.285,98.0,,,0.235,,,,,,,,,,,,,,,,,,,,,,269,,,,,110.6,,23.0,,,,,,45.0,,,,,,,0.204,,,,0.409,,,0.496,,,,,,,9.0,,,,,,,,79.0,,,,,,,,,,,,220.0,,,,,,41.0,,,,,,,,,,,,,,158.0,,,9.1,,,,-10.5,,,,,,,,,,,,,,,,,,,,,0.0,,,,,,,,,,,,,,,,,,0.0,,75.0,117,,,,,,,,,,,,,0.207,,,,0.595,,100.6,,,,,,,,,,-274,,,,,,1.46,,,,,,,,,,,,,,,41.0,69,,,,,0.323,0,,,,,,,0.0,1415.35,,,,,0.118,,,,,,,,,37.0,,,78.0,45.0,,,,,0.246,,,,,,,,,,,41,,Undrafted,,616,,,,,,,,,,,,,79.91,,40.0,,,,,,,,,,,Undrafted,103,,,,,,,,,,Undrafted,,,0.0,,,,62,,,,,222,,,,,0.397,,,,,0.34,,,,-10.0,,117.0,,,,8.0,,,,,,,0.0,,,95.89,,,,9.8,,,177.0,,77,,,95.89,,,0.0,110.6,-10.0,,,0.561,,,,,0.0,0.805,,,,,,0.582,,,,,,101,110.5,,11,13.3,,,,,100.6,,,,,,,,,,10.0,,,,,0.073,,,,31.0,,,,,0,,,,0.424,,,,,,,,,,0.31,,,559,,,,,0.35,,,,,,,,,40,,,,56.0,,,,,,11.0,0.0,,,,,,,,,13.774597495527727
417,Sam Mitchell,44,81,1998,4394,MIN,1610612750,34.0,,,,,0.084,,0.539,,,,,,,0.0,,,,101.0,,,,91.0,,,,1.0,,163.0,,,,346.0,,,,,,,,,15,,94.94,,,0.0,,,Mercer,,,,,,,0.601,,,,,,385,,,4.0,2,USA,,,,22.0,,,,,1.0,,,,,,,,,,,,,,,118,,,94.0,,,,0.343,,,,,,0.5,,,,105.8,,1814.5,,,,4.6,,,0.052,,1.0,0.456,174.0,,,0.404,,,,,,,,,,,,,,,,,,,,,,43,,,,,104.9,,9.0,,,,,,10.0,,,,,,,0.195,,,,0.349,,,0.473,,,,,,,6.0,,,,,,,,79.0,,,,,,,,,,,,215.0,,,,,,2.0,,,,,,,,,,,,,,487.0,,,6.0,,,,1.8,,,,,,,,,,,,,,,,,,,,,0.0,,,,,,,,,,,,,,,,,,0.0,,31.0,200,,,,,,,,,,,,,0.198,,,,0.143,,106.2,,,,,,,,,,40,,,,,,1.62,,,,,,,,,,,,,,,13.0,66,,,,,0.352,4,,,,,,,0.0,2238.88,,,,,0.078,,,,,,,,,7.0,,,20.0,222.0,,,,,0.543,,,,,,,,,,,64,,54,,1000,,,,,,,,,,,,,78.66,,108.0,,,,,,,,,,,1985,267,,,,,,,,,,3,,,0.0,,,,243,,,,,371,,,,,0.464,,,,,0.182,,,,1.3,,10.0,,,,38.0,,,,,,,0.0,,,94.4,,,,9.9,,,83.0,,292,,,94.4,,,0.0,104.9,1.3,,,0.692,,,,,0.0,0.832,,,,,,0.58,,,,,,107,104.0,,22,9.7,,,,,106.2,,,,,,,,,,32.0,,,,,0.116,,,,167.0,,,,,0,,,,0.373,,,,,,,,,,0.483,,,800,,,,,0.2,,,,,,,,,31,,,,98.0,,,,,,37.0,0.0,,,,,,,,,36.5
64,Sam Perkins,60,81,1998,3180,SEA,1610612760,37.0,,,,,0.081,,0.55,,,,,,,0.0,,,,55.0,,,,65.0,,,,4.0,,98.0,,,,25.0,,,,,,,,,87,,90.25,,,0.0,,,North Carolina,,,,,,,0.51,,,,,,255,,,78.0,1,USA,,,,199.0,,,,,1.0,,,,,,,,,,,,,,,53,,,24.0,,,,0.4,,,,,,0.409,,,,109.6,,1266.5,,,,2.4,,,0.034,,0.0,0.379,110.0,,,0.375,,,,,,,,,,,,,,,,,,,,,,222,,,,,98.1,,5.0,,,,,,9.0,,,,,,,0.164,,,,0.392,,,0.508,,,,,,,8.8,,,,,,,,81.0,,,,,,,,,,,,260.0,,,,,,44.0,,,,,,,,,,,,,,87.0,,,8.8,,,,10.6,,,,,,,,,,,,,,,,,,,,,0.0,,,,,,,,,,,,,,,,,,0.0,,54.0,158,,,,,,,,,,,,,0.168,,,,0.444,,108.6,,,,,,,,,,322,,,,,,1.82,,,,,,,,,,,,,,,13.0,62,,,,,0.431,0,,,,,,,0.0,1679.8833333333334,,,,,0.107,,,,,,,,,9.0,,,22.0,33.0,,,,,0.741,,,,,,,,,,,62,,4,,580,,,,,,,,,,,,,75.87,,65.0,,,,,,,,,,,1984,202,,,,,,,,,,1,,,0.0,,,,101,,,,,196,,,,,0.416,,,,,0.392,,,,10.5,,115.0,,,,9.0,,,,,,,0.0,,,91.05,,,,5.8,,,131.0,,128,,,91.05,,,0.0,98.1,10.5,,,0.385,,,,,0.0,0.789,,,,,,0.5,,,,,,113,99.0,,29,16.0,,,,,108.6,,,,,,,,,,28.0,,,,,0.127,,,,6.0,,,,,0,,,,0.412,,,,,,,,,,0.24,,,471,,,,,0.383,,,,,,,,,22,,,,50.0,,,,,,26.0,0.0,,,,,,,,,27.176220806794056
955,Samaki Walker,8,41,1998,1949,DAL,1610612742,22.0,,,,,0.144,,0.503,,,,,,,0.0,,,,78.0,,,,88.0,,,,0.0,,122.0,,,,28.0,,,,,,,,,0,,90.67,,,0.0,,,Louisville,,,,,,,0.557,,,,,,302,,,0.0,0,USA,,,,1.0,,,,,1.0,,,,,,,,,,,,,,,96,,,65.0,,,,0.495,,,,,,0.0,,,,94.0,,912.4,,,,3.8,,,0.089,,0.0,0.384,138.0,,,0.338,,,,,,,,,,,,,,,,,,,,,,1,,,,,104.3,,0.0,,,,,,0.0,,,,,,,0.187,,,,0.0,,,0.488,,,,,,,13.6,,,,,,,,81.0,,,,,,,,,,,,240.0,,,,,,0.0,,,,,,,,,,,,,,86.0,,,13.6,,,,-11.2,,,,,,,,,,,,,,,,,,,,,0.0,,,,,,,,,,,,,,,,,,0.0,,0.0,127,,,,,,,,,,,,,0.191,,,,0.0,,93.9,,,,,,,,,,-214,,,,,,0.39,,,,,,,,,,,,,,,0.0,61,,,,,0.523,8,,,,,,,0.0,1030.435,,,,,0.043,,,,,,,,,0.0,,,0.0,33.0,,,,,0.195,,,,,,,,,,,30,,9,,365,,,,,,,,,,,,,75.87,,111.0,,,,,,,,,,,1996,206,,,,,,,,,,1,,,0.0,,,,53,,,,,156,,,,,0.488,,,,,0.0,,,,-10.4,,0.0,,,,22.0,,,,,,,0.0,,,91.05,,,,7.8,,,0.0,,97,,,91.05,,,0.0,104.3,-10.4,,,0.0,,,,,0.0,0.546,,,,,,0.565,,,,,,24,105.2,,40,5.4,,,,,93.9,,,,,,,,,,46.0,,,,,0.203,,,,10.0,,,,,0,,,,0.0,,,,,,,,,,0.357,,,320,,,,,0.0,,,,,,,,,37,,,,68.0,,,,,,55.0,0.0,,,,,,,,,30.3125
1513,Scot Pollard,16,33,1998,610,DET,1610612765,23.0,,,,,0.124,,0.555,,,,,,,0.0,,,,33.0,,,,3.0,,,,0.0,,54.0,,,,4.0,,,,,,,,,0,,90.44,,,0.0,,,Kansas,,,,,,,0.611,,,,,,74,,,0.0,0,USA,,,,0.0,,,,,0.0,,,,,,,,,,,,,,,34,,,9.0,,,,0.0,,,,,,0.0,,,,103.1,,233.3,,,,1.1,,,0.116,,,0.133,54.0,,,0.222,,,,,,,,,,,,,,,,,,,,,,0,,,,,101.0,,0.0,,,,,,0.0,,,,,,,0.129,,,,0.0,,,0.5,,,,,,,11.9,,,,,,,,83.0,,,,,,,,,,,,265.0,,,,,,0.0,,,,,,,,,,,,,,15.0,,,11.9,,,,0.9,,,,,,,,,,,,,,,,,,,,,0.0,,,,,,,,,,,,,,,,,,0.0,,0.0,48,,,,,,,,,,,,,0.136,,,,0.0,,99.7,,,,,,,,,,-8,,,,,,0.75,,,,,,,,,,,,,,,0.0,12,,,,,0.0,0,,,,,,,0.0,316.36333333333334,,,,,0.05,,,,,,,,,0.0,,,0.0,2.0,,,,,0.485,,,,,,,,,,,8,,19,,89,,,,,,,,,,,,,77.13,,1.0,,,,,,,,,,,1997,40,,,,,,,,,,1,,,0.0,,,,19,,,,,35,,,,,0.5,,,,,0.0,,,,-1.3,,0.0,,,,2.0,,,,,,,,,,92.55,,,,2.1,,,0.0,,23,,,92.55,,,0.0,101.0,-1.3,,,0.0,,,,,0.0,0.826,,,,,,0.611,,,,,,9,102.2,,10,8.9,,,,,99.7,,,,,,,,,,0.0,,,,,0.13,,,,0.0,,,,,0,,,,0.0,,,,,,,,,,0.0,,,70,,,,,0.0,,,,,,,,,10,,,,33.0,,,,,,0.0,,,,,,,,,,32.857142857142854
418,Scott Brooks,23,43,1998,632,CLE,1610612739,32.0,,,,,0.049,,0.528,,,,,,,0.0,,,,3.0,,,,11.0,,,,0.0,,9.0,,,,12.0,,,,,,,,,5,,92.18,,,0.0,,,California-Irvine,,,,,,,0.333,,,,,,30,,,5.0,0,USA,,,,11.0,,,,,,,,,,,,,,,,,,,,6,,,11.0,,,,0.353,,,,,,0.0,,,,91.2,,239.5,,,,0.7,,,0.019,,0.0,0.483,12.0,,,0.455,,,,,,,,,,,,,,,,,,,,,,11,,,,,92.3,,0.0,,,,,,0.0,,,,,,,0.119,,,,0.455,,,0.462,,,,,,,8.8,,,,,,,,71.0,,,,,,,,,,,,165.0,,,,,,2.0,,,,,,,,,,,,,,29.0,,,8.8,,,,-5.0,,,,,,,,,,,,,,,,,,,,,,,,,,,,,,,,,,,,,,,0.0,,8.0,25,,,,,,,,,,,,,0.128,,,,0.0,,86.6,,,,,,,,,,-27,,,,,,4.08,,,,,,,,,,,,,,,0.0,12,,,,,0.364,0,,,,,,,0.0,311.5416666666667,,,,,0.275,,,,,,,,,0.0,,,0.0,14.0,,,,,0.535,,,,,,,,,,,18,,Undrafted,,79,,,,,,,,,,,,,80.5,,17.0,,,,,,,,,,,Undrafted,24,,,,,,,,,,Undrafted,,,0.0,,,,18,,,,,28,,,,,0.424,,,,,0.455,,,,-5.7,,6.0,,,,5.0,,,,,,,0.0,,,96.6,,,,1.5,,,14.0,,20,,,96.6,,,0.0,92.3,-5.7,,,0.0,,,,,,0.9,,,,,,0.25,,,,,,49,96.2,,3,36.0,,,,,86.6,,,,,,,,,,4.0,,,,,0.081,,,,6.0,,,,,0,,,,0.571,,,,,,,,,,0.5,,,66,,,,,0.333,,,,,,,,,2,,,,3.0,,,,,,6.0,0.0,,,,,,,,,30.303030303030305
197,Scott Burrell,60,80,1998,2117,CHI,1610612741,27.0,,,,,0.087,,0.516,,,,,,,3.0,,,,61.0,,,,7.0,,,,13.0,,117.0,,,,56.0,,,,,,,,,51,,93.03,,,0.0,,,Connecticut,,,,,,,0.521,,,,,,198,,,30.0,0,USA,,,,89.0,,,,,0.0,,,,,,,,,,,,,,,80,,,14.0,,,,0.2,,,,,,0.392,,,,102.1,,1004.1,,,,2.0,,,0.069,,0.0,0.423,117.0,,,0.286,,,,,,,,,,,,,,,,,,,,,,144,,,,,95.4,,7.0,,,,,,20.0,,,,,,,0.179,,,,0.354,,,0.492,,,,,,,9.6,,,,,,,,79.0,,,,,,,,,,,,218.0,,,,,,20.0,,,,,,,,,,,,,,111.0,,,9.7,,,,7.1,,,,,,,,,,,,,,,,,,,,,0.0,,,,,,,,,,,,,,,,,,0.0,,48.0,131,,,,,,,,,,,,,0.183,,,,0.419,,102.2,,,,,,,,,,142,,,,,,1.3,,,,,,,,,,,,,,,20.0,50,,,,,0.143,0,,,,,,,0.0,1095.14,,,,,0.102,,,,,,,,,31.0,,,51.0,47.0,,,,,0.75,,,,,,,,,,,64,,20,,416,,,,,,,,,,,,,77.36,,5.0,,,,,,,,,,,1993,118,,,,,,,,,,1,,,2.0,,,,47,,,,,159,,,,,0.424,,,,,0.337,,,,6.8,,57.0,,,,4.0,,,,,,,0.0,,,92.83,,,,4.7,,,121.0,,64,,,92.83,,,0.0,95.4,6.8,,,0.35,,,,,0.0,0.734,,,,,,0.521,,,,,,65,95.0,,37,12.5,,,,,102.2,,,,,,,,,,1.0,,,,,0.107,,,,25.0,,,,,0,,,,0.397,,,,,,,,,,0.446,,,375,,,,,0.351,,,,,,,,,11,,,,61.0,,,,,,1.0,0.0,,,,,,,,,17.066666666666666
281,Scott Williams,20,58,1998,1561,PHI,1610612755,30.0,,,,,0.136,,0.492,,,,,,,4.0,,,,49.0,,,,28.0,,,,0.0,,86.0,,,,34.0,,,,,,,,,0,,92.15,,,0.0,,,North Carolina,,,,,,,0.558,,,,,,211,,,0.0,0,USA,,,,0.0,,,,,0.0,,,,,,,,,,,,,,,87,,,57.0,,,,0.44,,,,,,0.0,,,,98.8,,617.7,,,,1.6,,,0.108,,0.0,0.351,88.0,,,0.439,,,,,,,,,,,,,,,,,,,,,,5,,,,,98.7,,0.0,,,,,,0.0,,,,,,,0.148,,,,0.0,,,0.437,,,,,,,10.0,,,,,,,,82.0,,,,,,,,,,,,230.0,,,,,,0.0,,,,,,,,,,,,,,97.0,,,10.0,,,,-2.9,,,,,,,,,,,,,,,,,,,,,0.0,,,,,,,,,,,,,,,,,,0.0,,0.0,132,,,,,,,,,,,,,0.154,,,,0.0,,96.0,,,,,,,,,,-75,,,,,,0.97,,,,,,,,,,,,,,,1.0,30,,,,,0.357,0,,,,,,,0.0,797.925,,,,,0.061,,,,,,,,,0.0,,,1.0,34.0,,,,,0.345,,,,,,,,,,,17,,Undrafted,,237,,,,,,,,,,,,,79.06,,25.0,,,,,,,,,,,Undrafted,124,,,,,,,,,,Undrafted,,,4.0,,,,51,,,,,93,,,,,0.437,,,,,0.0,,,,-2.8,,0.0,,,,25.0,,,,,,,0.0,,,94.87,,,,3.7,,,2.0,,63,,,94.87,,,0.0,98.7,-2.8,,,0.0,,,,,0.0,0.81,,,,,,0.557,,,,,,29,101.7,,21,9.7,,,,,96.0,,,,,,,,,,10.0,,,,,0.166,,,,9.0,,,,,0,,,,0.0,,,,,,,,,,0.265,,,213,,,,,0.0,,,,,,,,,11,,,,48.0,,,,,,11.0,0.0,,,,,,,,,29.577464788732396
937,Scottie Pippen,36,44,1998,3166,CHI,1610612741,32.0,,,,,0.071,,0.534,,,,,,,2.0,,,,148.0,,,,51.0,,,,3.0,,230.0,,,,111.0,,,,,,,,,61,,92.68,,,0.0,,,Central Arkansas,,,,,,,0.635,,,,,,227,,,52.0,2,USA,,,,168.0,,,,,1.0,,,,,,,,,,,,,,,53,,,78.0,,,,0.483,,,,,,0.333,,,,108.7,,1753.4,,,,7.2,,,0.033,,1.0,0.364,236.0,,,0.295,,,,,,,,,,,,,,,,,,,,,,192,,,,,100.2,,4.0,,,,,,7.0,,,,,,,0.24,,,,0.318,,,0.491,,,,,,,9.5,,,,,,,,79.0,,,,,,,,,,,,228.0,,,,,,26.0,,,,,,,,,,,,,,228.0,,,9.5,,,,8.9,,,,,,,,,,,,,,,,,,,,,0.0,,,,,,,,,,,,,,,,,,0.0,,52.0,116,,,,,,,,,,,,,0.243,,,,0.214,,110.3,,,,,,,,,,325,,,,,,2.33,,,,,,,,,,,,,,,7.0,109,,,,,0.51,4,,,,,,,0.0,1653.4383333333333,,,,,0.244,,,,,,,,,14.0,,,21.0,83.0,,,,,0.818,,,,,,,,,,,79,,5,,843,,,,,,,,,,,,,76.53,,58.0,,,,,,,,,,,1987,174,,,,,,,,,,1,,,0.0,,,,150,,,,,316,,,,,0.448,,,,,0.31,,,,10.1,,75.0,,,,23.0,,,,,,,0.0,,,91.84,,,,16.0,,,150.0,,193,,,91.84,,,0.0,100.2,10.1,,,0.571,,,,,0.0,0.777,,,,,,0.627,,,,,,254,99.8,,43,22.0,,,,,110.3,,,,,,,,,,26.0,,,,,0.109,,,,41.0,,,,,0,,,,0.347,,,,,,,,,,0.369,,,705,,,,,0.347,,,,,,,,,35,,,,146.0,,,,,,28.0,0.0,,,,,,,,,27.375886524822697
251,Sean Elliott,24,36,1998,1933,SAS,1610612759,30.0,,,,,0.062,,0.495,,,,,,,0.0,,,,35.0,,,,23.0,,,,12.0,,64.0,,,,71.0,,,,,,,,,34,,92.22,,,0.0,,,Arizona,,,,,,,0.547,,,,,,124,,,16.0,1,USA,,,,41.0,,,,,0.0,,,,,,,,,,,,,,,16,,,31.0,,,,0.37,,,,,,0.37,,,,99.7,,632.8,,,,3.4,,,0.018,,,0.352,67.0,,,0.355,,,,,,,,,,,,,,,,,,,,,,90,,,,,96.4,,5.0,,,,,,17.0,,,,,,,0.181,,,,0.378,,,0.459,,,,,,,12.5,,,,,,,,80.0,,,,,,,,,,,,205.0,,,,,,7.0,,,,,,,,,,,,,,125.0,,,12.4,,,,3.4,,,,,,,,,,,,,,,,,,,,,0.0,,,,,,,,,,,,,,,,,,0.0,,32.0,92,,,,,,,,,,,,,0.183,,,,0.571,,99.7,,,,,,,,,,47,,,,,,1.09,,,,,,,,,,,,,,,25.0,57,,,,,0.348,0,,,,,,,0.0,1011.5966666666668,,,,,0.1,,,,,,,,,21.0,,,46.0,44.0,,,,,0.667,,,,,,,,,,,24,,3,,334,,,,,,,,,,,,,76.79,,27.0,,,,,,,,,,,1989,108,,,,,,,,,,1,,,0.0,,,,56,,,,,122,,,,,0.403,,,,,0.39,,,,3.3,,19.0,,,,11.0,,,,,,,,,,92.15,,,,8.4,,,92.0,,78,,,92.15,,,0.0,96.4,3.3,,,0.2,,,,,0.0,0.718,,,,,,0.522,,,,,,62,96.2,,14,13.5,,,,,99.7,,,,,,,,,,8.0,,,,,0.098,,,,29.0,,,,,0,,,,0.348,,,,,,,,,,0.408,,,303,,,,,0.368,,,,,,,,,20,,,,35.0,,,,,,10.0,,,,,,,,,,25.742574257425744
925,Sean Higgins,1,2,1998,27,POR,1610612757,29.0,,,,,0.0,,0.0,,,,,,,,,,,0.0,,,,0.0,,,,,,0.0,,,,3.0,,,,,,,,,0,,102.43,,,,,,Michigan,,,,,,,0.0,,,,,,0,,,0.0,0,USA,,,,1.0,,,,,,,,,,,,,,,,,,,,0,,,0.0,,,,0.0,,,,,,0.0,,,,57.3,,5.0,,,,0.0,,,0.0,,,0.0,0.0,,,0.0,,,,,,,,,,,,,,,,,,,,,,2,,,,,107.4,,0.0,,,,,,0.0,,,,,,,0.176,,,,0.0,,,0.0,,,,,,,16.7,,,,,,,,81.0,,,,,,,,,,,,205.0,,,,,,,,,,,,,,,,,,,,4.0,,,16.7,,,,-49.8,,,,,,,,,,,,,,,,,,,,,,,,,,,,,,,,,,,,,,,,,0.0,3,,,,,,,,,,,,,0.181,,,,,,55.6,,,,,,,,,,-14,,,,,,0.0,,,,,,,,,,,,,,,0.0,1,,,,,0.0,0,,,,,,,,12.483333333333333,,,,,0.0,,,,,,,,,,,,0.0,0.0,,,,,0.5,,,,,,,,,,,2,,54,,0,,,,,,,,,,,,,86.52,,0.0,,,,,,,,,,,1990,0,,,,,,,,,,2,,,,,,,0,,,,,0,,,,,0.0,,,,,0.0,,,,-51.9,,,,,,0.0,,,,,,,,,,103.82,,,,2.5,,,2.0,,0,,,103.82,,,,107.4,-51.9,,,0.0,,,,,,0.0,,,,,,0.0,,,,,,0,107.1,,0,0.0,,,,,55.6,,,,,,,,,,0.0,,,,,0.0,,,,0.0,,,,,0,,,,0.0,,,,,,,,,,0.0,,,5,,,,,,,,,,,,,,0,,,,0.0,,,,,,0.0,,,,,,,,,,0.0
399,Sean Rooks,33,41,1998,893,LAL,1610612747,28.0,,,,,0.128,,0.512,,,,,,,0.0,,,,32.0,,,,27.0,,,,0.0,,56.0,,,,3.0,,,,,,,,,0,,98.92,,,0.0,,,Arizona,,,,,,,0.536,,,,,,118,,,0.0,1,USA,,,,0.0,,,,,0.0,,,,,,,,,,,,,,,46,,,11.0,,,,0.367,,,,,,0.0,,,,103.7,,372.6,,,,1.1,,,0.104,,0.0,0.333,60.0,,,0.273,,,,,,,,,,,,,,,,,,,,,,0,,,,,101.1,,0.0,,,,,,0.0,,,,,,,0.15,,,,0.0,,,0.455,,,,,,,10.6,,,,,,,,82.0,,,,,,,,,,,,260.0,,,,,,0.0,,,,,,,,,,,,,,15.0,,,10.6,,,,1.6,,,,,,,,,,,,,,,,,,,,,0.0,,,,,,,,,,,,,,,,,,0.0,,0.0,68,,,,,,,,,,,,,0.155,,,,0.0,,100.8,,,,,,,,,,-2,,,,,,1.26,,,,,,,,,,,,,,,0.0,19,,,,,0.37,0,,,,,,,0.0,425.01,,,,,0.085,,,,,,,,,0.0,,,0.0,5.0,,,,,0.805,,,,,,,,,,,2,,30,,139,,,,,,,,,,,,,84.0,,30.0,,,,,,,,,,,1992,72,,,,,,,,,,2,,,0.0,,,,47,,,,,46,,,,,0.455,,,,,0.0,,,,-0.3,,0.0,,,,3.0,,,,,,,0.0,,,100.8,,,,2.5,,,0.0,,79,,,100.8,,,0.0,101.1,-0.3,,,0.0,,,,,0.0,0.595,,,,,,0.533,,,,,,24,102.1,,23,13.3,,,,,100.8,,,,,,,,,,10.0,,,,,0.151,,,,1.0,,,,,0,,,,0.0,,,,,,,,,,0.333,,,101,,,,,0.0,,,,,,,,,11,,,,30.0,,,,,,11.0,0.0,,,,,,,,,78.21782178217822
1000,Shandon Anderson,62,82,1998,2975,UTA,1610612762,24.0,,,,,0.08,,0.586,,,,,,,2.0,,,,218.0,,,,40.0,,,,1.0,,325.0,,,,48.0,,,,,,,,,7,,89.99,,,0.0,,,Georgia,,,,,,,0.655,,,,,,227,,,6.0,1,USA,,,,23.0,,,,,1.0,,,,,,,,,,,,,,,86,,,32.0,,,,0.354,,,,,,0.125,,,,105.7,,1247.9,,,,3.3,,,0.065,,0.0,0.337,335.0,,,0.344,,,,,,,,,,,,,,,,,,,,,,32,,,,,102.8,,0.0,,,,,,1.0,,,,,,,0.195,,,,0.219,,,0.545,,,,,,,12.0,,,,,,,,78.0,,,,,,,,,,,,210.0,,,,,,3.0,,,,,,,,,,,,,,95.0,,,12.0,,,,3.7,,,,,,,,,,,,,,,,,,,,,0.0,,,,,,,,,,,,,,,,,,0.0,,8.0,145,,,,,,,,,,,,,0.198,,,,0.167,,106.5,,,,,,,,,,97,,,,,,0.98,,,,,,,,,,,,,,,2.0,91,,,,,0.275,0,,,,,,,0.0,1601.0516666666667,,,,,0.099,,,,,,,,,6.0,,,8.0,32.0,,,,,0.756,,,,,,,,,,,66,,54,,681,,,,,,,,,,,,,74.46,,48.0,,,,,,,,,,,1996,141,,,,,,,,,,2,,,1.0,,,,136,,,,,269,,,,,0.538,,,,,0.261,,,,3.6,,5.0,,,,11.0,,,,,,,0.0,,,89.36,,,,6.1,,,37.0,,185,,,89.36,,,0.0,102.8,3.6,,,0.0,,,,,0.0,0.735,,,,,,0.651,,,,,,89,102.1,,18,11.7,,,,,106.5,,,,,,,,,,11.0,,,,,0.094,,,,18.0,,,,,0,,,,0.216,,,,,,,,,,0.375,,,500,,,,,0.6,,,,,,,,,46,,,,213.0,,,,,,17.0,0.0,,,,,,,,,37.0
406,Shaquille O'Neal,46,60,1998,4273,LAL,1610612747,26.0,,,,,0.158,,0.587,,,,,,,0.0,,,,482.0,,,,333.0,,,,0.0,,651.0,,,,6.0,,,,,,,,,0,,95.5,,,0.0,,,Louisiana State,,,,,,,0.704,,,,,,681,,,0.0,1,USA,,,,0.0,,,,,0.0,,,,,,,,,,,,,,,208,,,96.0,,,,0.466,,,,,,0.0,,,,113.9,,3103.2,,,,11.2,,,0.103,,0.0,0.329,711.0,,,0.323,,,,,,,,,,,,,,,,,,,,,,0,,,,,99.3,,0.0,,,,,,0.0,,,,,,,0.327,,,,0.0,,,0.584,,,,,,,9.9,,,,,,,,85.0,,,,,,,,,,,,315.0,,,,,,0.0,,,,,,,,,,,,,,140.0,,,10.0,,,,15.6,,,,,,,,,,,,,,,,,,,,,0.0,,,,,,,,,,,,,,,,,,0.0,,0.0,193,,,,,,,,,,,,,0.331,,,,0.0,,114.9,,,,,,,,,,652,,,,,,0.81,,,,,,,,,,,,,,,0.0,175,,,,,0.465,39,,,,,,,0.0,2172.333333333333,,,,,0.125,,,,,,,,,0.0,,,0.0,46.0,,,,,0.767,,,,,,,,,,,39,,1,,1699,,,,,,,,,,,,,78.79,,356.0,,,,,,,,,,,1992,473,,,,,,,,,,1,,,0.0,,,,359,,,,,670,,,,,0.584,,,,,0.0,,,,15.5,,0.0,,,,31.0,,,,,,,0.0,,,94.55,,,,19.1,,,1.0,,681,,,94.55,,,0.0,99.3,15.5,,,0.0,,,,,0.0,0.527,,,,,,0.678,,,,,,142,98.2,,144,8.1,,,,,114.9,,,,,,,,,,155.0,,,,,0.207,,,,2.0,,,,,0,,,,0.0,,,,,,,,,,0.333,,,1147,,,,,0.0,,,,,,,,,49,,,,458.0,,,,,,166.0,0.0,,,,,,,,,59.37227550130776
949,Shareef Abdur-Rahim,19,82,1998,5846,VAN,1610612763,21.0,,,,,0.1,,0.561,,,,,,,0.0,,,,425.0,,,,235.0,,,,11.0,,681.0,,,,169.0,,,,,,,,,21,,95.39,,,0.0,,,California,,,,,,,0.609,,,,,,581,,,3.0,4,USA,,,,13.0,,,,,1.0,,,,,,,,,,,,,,,227,,,108.0,,,,0.353,,,,,,0.474,,,,102.5,,3083.7,,,,8.0,,,0.079,,0.0,0.352,723.0,,,0.306,,,,,,,,,,,,,,,,,,,,,,51,,,,,110.8,,7.0,,,,,,18.0,,,,,,,0.278,,,,0.412,,,0.492,,,,,,,12.2,,,,,,,,81.0,,,,,,,,,,,,230.0,,,,,,2.0,,,,,,,,,,,,,,384.0,,,12.2,,,,-8.4,,,,,,,,,,,,,,,,,,,,,0.0,,,,,,,,,,,,,,,,,,0.0,,47.0,201,,,,,,,,,,,,,0.282,,,,0.44,,103.2,,,,,,,,,,-434,,,,,,0.83,,,,,,,,,,,,,,,13.0,257,,,,,0.37,13,,,,,,,0.0,2947.7966666666666,,,,,0.131,,,,,,,,,25.0,,,38.0,135.0,,,,,0.232,,,,,,,,,,,89,,3,,1829,,,,,,,,,,,,,79.27,,232.0,,,,,,,,,,,1996,354,,,,,,,,,,1,,,0.0,,,,502,,,,,653,,,,,0.484,,,,,0.231,,,,-7.6,,6.0,,,,33.0,,,,,,,0.0,,,95.13,,,,16.4,,,106.0,,640,,,95.13,,,0.0,110.8,-7.6,,,0.538,,,,,0.0,0.784,,,,,,0.588,,,,,,213,110.9,,76,10.2,,,,,103.2,,,,,,,,,,87.0,,,,,0.121,,,,59.0,,,,,0,,,,0.443,,,,,,,,,,0.349,,,1348,,,,,0.333,,,,,,,,,182,,,,415.0,,,,,,82.0,0.0,,,,,,,,,47.47774480712166
412,Sharone Wright,2,7,1998,88,TOR,1610612761,25.0,,,,,0.094,,0.508,,,,,,,0.0,,,,5.0,,,,5.0,,,,0.0,,7.0,,,,0.0,,,,,,,,,0,,94.1,,,0.0,,,Clemson,,,,,,,0.714,,,,,,9,,,0.0,0,USA,,,,0.0,,,,,,,,,,,,,,,,,,,,1,,,2.0,,,,0.25,,,,,,0.0,,,,109.1,,30.8,,,,1.0,,,0.024,,,0.333,7.0,,,0.0,,,,,,,,,,,,,,,,,,,,,,0,,,,,109.0,,0.0,,,,,,0.0,,,,,,,0.186,,,,0.0,,,0.5,,,,,,,9.2,,,,,,,,83.0,,,,,,,,,,,,260.0,,,,,,0.0,,,,,,,,,,,,,,3.0,,,9.1,,,,-0.6,,,,,,,,,,,,,,,,,,,,,,,,,,,,,,,,,,,,,,,0.0,,0.0,7,,,,,,,,,,,,,0.185,,,,0.0,,109.1,,,,,,,,,,-1,,,,,,2.0,,,,,,,,,,,,,,,0.0,2,,,,,0.4,0,,,,,,,0.0,45.0,,,,,0.148,,,,,,,,,0.0,,,0.0,1.0,,,,,0.286,,,,,,,,,,,0,,6,,16,,,,,,,,,,,,,78.67,,4.0,,,,,,,,,,,1994,8,,,,,,,,,,1,,,0.0,,,,2,,,,,7,,,,,0.5,,,,,0.0,,,,0.1,,0.0,,,,0.0,,,,,,,,,,94.4,,,,2.0,,,0.0,,4,,,94.4,,,0.0,109.0,0.1,,,0.0,,,,,,0.5,,,,,,0.714,,,,,,4,109.7,,0,18.2,,,,,109.1,,,,,,,,,,2.0,,,,,0.148,,,,0.0,,,,,0,,,,0.0,,,,,,,,,,0.0,,,14,,,,,0.0,,,,,,,,,3,,,,5.0,,,,,,1.0,,,,,,,,,,28.571428571428573
762,Shawn Bradley,17,64,1998,3499,DAL,1610612742,26.0,,,,,0.138,,0.463,,,,,,,0.0,,,,134.0,,,,217.0,,,,0.0,,245.0,,,,84.0,,,,,,,,,1,,92.54,,,0.0,,,Brigham Young,,,,,,,0.518,,,,,,518,,,1.0,4,USA,,,,3.0,,,,,,,,,,,,,,,,,,,,164,,,142.0,,,,0.429,,,,,,0.0,,,,97.6,,2141.6,,,,4.7,,,0.089,,0.0,0.324,263.0,,,0.296,,,,,,,,,,,,,,,,,,,,,,3,,,,,101.1,,0.0,,,,,,0.0,,,,,,,0.217,,,,0.333,,,0.423,,,,,,,10.1,,,,,,,,90.0,,,,,,,,,,,,248.0,,,,,,1.0,,,,,,,,,,,,,,253.0,,,10.2,,,,-2.8,,,,,,,,,,,,,,,,,,,,,,,,,,,,,,,,,,,,,,,0.0,,0.0,214,,,,,,,,,,,,,0.222,,,,0.0,,97.7,,,,,,,,,,-131,,,,,,0.63,,,,,,,,,,,,,,,0.0,96,,,,,0.433,19,,,,,,,0.0,1825.3333333333333,,,,,0.058,,,,,,,,,0.0,,,0.0,82.0,,,,,0.266,,,,,,,,,,,51,,2,,731,,,,,,,,,,,,,76.83,,210.0,,,,,,,,,,,1993,354,,,,,,,,,,1,,,0.0,,,,130,,,,,300,,,,,0.422,,,,,0.333,,,,-3.3,,3.0,,,,42.0,,,,,,,0.0,,,92.2,,,,11.1,,,2.0,,180,,,92.2,,,0.0,101.1,-3.3,,,0.0,,,,,,0.722,,,,,,0.51,,,,,,60,100.4,,214,6.4,,,,,97.7,,,,,,,,,,94.0,,,,,0.185,,,,29.0,,,,,1,,,,0.0,,,,,,,,,,0.345,,,711,,,,,0.333,,,,,,,,,34,,,,127.0,,,,,,90.0,0.0,,,,,,,,,25.31645569620253
431,Shawn Kemp,47,80,1998,5345,CLE,1610612739,28.0,,,,,0.145,,0.512,,,,,,,2.0,,,,318.0,,,,146.0,,,,0.0,,537.0,,,,209.0,,,,,,,,,2,,93.3,,,0.0,,,Concord HS (IN),,,,,,,0.57,,,,,,745,,,2.0,2,USA,,,,6.0,,,,,0.0,,,,,,,,,,,,,,,219,,,177.0,,,,0.277,,,,,,0.0,,,,100.8,,2954.5,,,,6.5,,,0.086,,0.0,0.367,590.0,,,0.401,,,,,,,,,,,,,,,,,,,,,,8,,,,,96.4,,0.0,,,,,,0.0,,,,,,,0.275,,,,0.25,,,0.446,,,,,,,14.4,,,,,,,,82.0,,,,,,,,,,,,256.0,,,,,,1.0,,,,,,,,,,,,,,431.0,,,14.3,,,,5.3,,,,,,,,,,,,,,,,,,,,,0.0,,,,,,,,,,,,,,,,,,0.0,,12.0,310,,,,,,,,,,,,,0.278,,,,0.0,,101.1,,,,,,,,,,251,,,,,,0.73,,,,,,,,,,,,,,,0.0,271,,,,,0.288,41,,,,,,,0.0,2768.063333333333,,,,,0.132,,,,,,,,,0.0,,,0.0,158.0,,,,,0.588,,,,,,,,,,,108,,17,,1442,,,,,,,,,,,,,77.23,,188.0,,,,,,,,,,,1989,526,,,,,,,,,,1,,,2.0,,,,404,,,,,518,,,,,0.445,,,,,0.333,,,,4.7,,4.0,,,,71.0,,,,,,,0.0,,,92.68,,,,14.6,,,36.0,,556,,,92.68,,,0.0,96.4,4.7,,,0.0,,,,,0.0,0.727,,,,,,0.539,,,,,,197,95.5,,90,10.4,,,,,101.1,,,,,,,,,,42.0,,,,,0.201,,,,74.0,,,,,0,,,,0.333,,,,,,,,,,0.354,,,1164,,,,,0.25,,,,,,,,,131,,,,306.0,,,,,,52.0,0.0,,,,,,,,,47.766323024054984
704,Shawn Respert,9,57,1998,1821,DAL,1610612742,26.0,,,,,0.056,,0.53,,,,,,,0.0,,,,28.0,,,,18.0,,,,4.0,,55.0,,,,67.0,,,,,,,,,31,,95.6,,,0.0,,,Michigan State,,,,,,,0.491,,,,,,100,,,20.0,0,USA,,,,66.0,,,,,0.0,,,,,,,,,,,,,,,37,,,7.0,,,,0.15,,,,,,0.407,,,,99.6,,607.5,,,,2.3,,,0.039,,1.0,0.552,58.0,,,0.429,,,,,,,,,,,,,,,,,,,,,,93,,,,,109.5,,7.0,,,,,,11.0,,,,,,,0.175,,,,0.333,,,0.497,,,,,,,11.2,,,,,,,,74.0,,,,,,,,,,,,195.0,,,,,,12.0,,,,,,,,,,,,,,125.0,,,11.2,,,,-11.7,,,,,,,,,,,,,,,,,,,,,0.0,,,,,,,,,,,,,,,,,,0.0,,46.0,75,,,,,,,,,,,,,0.179,,,,0.364,,99.0,,,,,,,,,,-205,,,,,,1.27,,,,,,,,,,,,,,,16.0,48,,,,,0.167,0,,,,,,,0.0,906.6333333333332,,,,,0.109,,,,,,,,,11.0,,,27.0,69.0,,,,,0.158,,,,,,,,,,,34,,8,,339,,,,,,,,,,,,,80.61,,20.0,,,,,,,,,,,1995,63,,,,,,,,,,1,,,0.0,,,,48,,,,,130,,,,,0.444,,,,,0.303,,,,-10.5,,36.0,,,,3.0,,,,,,,0.0,,,96.73,,,,5.1,,,106.0,,61,,,96.73,,,0.0,109.5,-10.5,,,0.438,,,,,0.0,0.787,,,,,,0.483,,,,,,61,111.3,,1,14.2,,,,,99.0,,,,,,,,,,3.0,,,,,0.074,,,,38.0,,,,,0,,,,0.434,,,,,,,,,,0.567,,,293,,,,,0.333,,,,,,,,,8,,,,27.0,,,,,,3.0,0.0,,,,,,,,,20.81911262798635
1035,Shawnelle Scott,22,41,1998,379,CLE,1610612739,26.0,,,,,0.163,,0.501,,,,,,,0.0,,,,14.0,,,,7.0,,,,0.0,,23.0,,,,0.0,,,,,,,,,0,,94.17,,,0.0,,,St. John's (NY),,,,,,,0.609,,,,,,59,,,0.0,0,USA,,,,0.0,,,,,,,,,,,,,,,,,,,,20,,,3.0,,,,0.222,,,,,,0.0,,,,101.8,,158.8,,,,0.4,,,0.117,,0.0,0.0,26.0,,,0.0,,,,,,,,,,,,,,,,,,,,,,0,,,,,94.0,,0.0,,,,,,0.0,,,,,,,0.125,,,,0.0,,,0.444,,,,,,,16.1,,,,,,,,83.0,,,,,,,,,,,,250.0,,,,,,0.0,,,,,,,,,,,,,,4.0,,,16.1,,,,5.8,,,,,,,,,,,,,,,,,,,,,,,,,,,,,,,,,,,,,,,0.0,,0.0,45,,,,,,,,,,,,,0.133,,,,0.0,,96.8,,,,,,,,,,8,,,,,,0.8,,,,,,,,,,,,,,,0.0,10,,,,,0.286,0,,,,,,,0.0,187.14166666666668,,,,,0.071,,,,,,,,,0.0,,,0.0,0.0,,,,,0.537,,,,,,,,,,,6,,43,,44,,,,,,,,,,,,,81.33,,9.0,,,,,,,,,,,1994,39,,,,,,,,,,2,,,0.0,,,,12,,,,,16,,,,,0.444,,,,,0.0,,,,2.9,,0.0,,,,0.0,,,,,,,0.0,,,97.59,,,,0.9,,,0.0,,18,,,97.59,,,0.0,94.0,2.9,,,0.0,,,,,,0.667,,,,,,0.538,,,,,,8,96.0,,8,12.9,,,,,96.8,,,,,,,,,,2.0,,,,,0.205,,,,0.0,,,,,0,,,,0.0,,,,,,,,,,0.0,,,36,,,,,0.0,,,,,,,,,8,,,,14.0,,,,,,2.0,0.0,,,,,,,,,50.0
1578,Shea Seals,3,4,1998,22,LAL,1610612747,22.0,,,,,0.0,,0.205,,,,,,,,,,,1.0,,,,0.0,,,,0.0,,3.0,,,,1.0,,,,,,,,,0,,125.39,,,,,,Tulsa,,,,,,,0.333,,,,,,4,,,0.0,0,USA,,,,3.0,,,,,,,,,,,,,,,,,,,,3,,,0.0,,,,0.0,,,,,,0.0,,,,83.0,,11.8,,,,0.3,,,0.0,,,0.0,4.0,,,0.0,,,,,,,,,,,,,,,,,,,,,,3,,,,,95.5,,0.0,,,,,,0.0,,,,,,,0.333,,,,0.0,,,0.125,,,,,,,0.0,,,,,,,,77.0,,,,,,,,,,,,210.0,,,,,,0.0,,,,,,,,,,,,,,1.0,,,0.0,,,,-13.1,,,,,,,,,,,,,,,,,,,,,,,,,,,,,,,,,,,,,,,,,0.0,1,,,,,,,,,,,,,0.355,,,,0.0,,77.3,,,,,,,,,,-4,,,,,,0.0,,,,,,,,,,,,,,,0.0,0,,,,,0.0,0,,,,,,,,8.1,,,,,0.0,,,,,,,,,0.0,,,0.0,0.0,,,,,0.75,,,,,,,,,,,1,,Undrafted,,4,,,,,,,,,,,,,108.64,,1.0,,,,,,,,,,,Undrafted,1,,,,,,,,,,Undrafted,,,,,,,2,,,,,1,,,,,0.125,,,,,0.0,,,,-18.2,,3.0,,,,0.0,,,,,,,,,,130.37,,,,2.0,,,0.0,,4,,,130.37,,,,95.5,-18.2,,,0.0,,,,,,0.5,,,,,,0.25,,,,,,0,96.2,,0,0.0,,,,,77.3,,,,,,,,,,0.0,,,,,0.0,,,,0.0,,,,,0,,,,0.0,,,,,,,,,,0.0,,,8,,,,,0.0,,,,,,,,,2,,,,1.0,,,,,,0.0,,,,,,,,,,50.0
428,Sherman Douglas,43,80,1998,3301,NJN,1610612751,31.0,,,,,0.041,,0.541,,,,,,,1.0,,,,150.0,,,,55.0,,,,0.0,,222.0,,,,93.0,,,,,,,,,14,,91.91,,,0.0,,,Syracuse,,,,,,,0.662,,,,,,135,,,14.0,0,USA,,,,44.0,,,,,1.0,,,,,,,,,,,,,,,52,,,51.0,,,,0.387,,,,,,0.0,,,,103.0,,1355.5,,,,3.2,,,0.03,,0.0,0.378,230.0,,,0.353,,,,,,,,,,,,,,,,,,,,,,46,,,,,100.1,,0.0,,,,,,0.0,,,,,,,0.177,,,,0.304,,,0.509,,,,,,,10.8,,,,,,,,73.0,,,,,,,,,,,,195.0,,,,,,7.0,,,,,,,,,,,,,,172.0,,,10.8,,,,1.5,,,,,,,,,,,,,,,,,,,,,0.0,,,,,,,,,,,,,,,,,,0.0,,24.0,156,,,,,,,,,,,,,0.184,,,,0.0,,101.7,,,,,,,,,,62,,,,,,2.9,,,,,,,,,,,,,,,0.0,110,,,,,0.382,6,,,,,,,0.0,1698.8233333333333,,,,,0.327,,,,,,,,,1.0,,,1.0,65.0,,,,,0.538,,,,,,,,,,,55,,28,,639,,,,,,,,,,,,,77.63,,75.0,,,,,,,,,,,1989,83,,,,,,,,,,2,,,1.0,,,,115,,,,,255,,,,,0.495,,,,,0.318,,,,1.6,,24.0,,,,18.0,,,,,,,0.0,,,93.16,,,,6.4,,,60.0,,172,,,93.16,,,0.0,100.1,1.6,,,0.0,,,,,0.0,0.669,,,,,,0.652,,,,,,319,101.5,,7,31.3,,,,,101.7,,,,,,,,,,21.0,,,,,0.053,,,,35.0,,,,,0,,,,0.4,,,,,,,,,,0.376,,,515,,,,,0.292,,,,,,,,,31,,,,147.0,,,,,,29.0,0.0,,,,,,,,,33.398058252427184
892,Spud Webb,2,4,1998,69,ORL,1610612753,34.0,,,,,0.0,,0.466,,,,,,,0.0,,,,1.0,,,,0.0,,,,,,1.0,,,,4.0,,,,,,,,,0,,90.61,,,0.0,,,North Carolina State,,,,,,,1.0,,,,,,3,,,0.0,0,USA,,,,1.0,,,,,,,,,,,,,,,,,,,,2,,,5.0,,,,1.0,,,,,,0.0,,,,86.3,,19.1,,,,1.3,,,0.0,,,0.333,1.0,,,0.4,,,,,,,,,,,,,,,,,,,,,,1,,,,,101.4,,0.0,,,,,,0.0,,,,,,,0.238,,,,0.0,,,0.417,,,,,,,28.1,,,,,,,,66.0,,,,,,,,,,,,133.0,,,,,,0.0,,,,,,,,,,,,,,9.0,,,28.0,,,,-24.6,,,,,,,,,,,,,,,,,,,,,,,,,,,,,,,,,,,,,,,0.0,,0.0,6,,,,,,,,,,,,,0.252,,,,,,82.6,,,,,,,,,,-13,,,,,,0.71,,,,,,,,,,,,,,,0.0,7,,,,,0.0,0,,,,,,,0.0,34.21,,,,,0.294,,,,,,,,,,,,0.0,3.0,,,,,0.5,,,,,,,,,,,1,,87,,12,,,,,,,,,,,,,80.68,,1.0,,,,,,,,,,,1985,1,,,,,,,,,,4,,,0.0,,,,2,,,,,5,,,,,0.417,,,,,0.0,,,,-18.8,,0.0,,,,2.0,,,,,,,,,,96.81,,,,3.0,,,2.0,,2,,,96.81,,,0.0,101.4,-18.8,,,0.0,,,,,,1.0,,,,,,1.0,,,,,,5,110.9,,0,20.0,,,,,82.6,,,,,,,,,,0.0,,,,,0.0,,,,2.0,,,,,0,,,,0.0,,,,,,,,,,0.5,,,12,,,,,0.0,,,,,,,,,0,,,,1.0,,,,,,1.0,,,,,,,,,,16.666666666666668
278,Stacey Augmon,39,71,1998,2781,POR,1610612757,29.0,,,,,0.081,,0.457,,,,,,,3.0,,,,103.0,,,,85.0,,,,0.0,,182.0,,,,36.0,,,,,,,,,1,,92.92,,,0.0,,,UNLV,,,,,,,0.544,,,,,,235,,,1.0,0,USA,,,,4.0,,,,,0.0,,,,,,,,,,,,,,,104,,,43.0,,,,0.278,,,,,,0.0,,,,99.6,,1003.0,,,,2.2,,,0.074,,1.0,0.314,194.0,,,0.349,,,,,,,,,,,,,,,,,,,,,,7,,,,,99.5,,0.0,,,,,,0.0,,,,,,,0.161,,,,0.143,,,0.415,,,,,,,13.3,,,,,,,,80.0,,,,,,,,,,,,205.0,,,,,,0.0,,,,,,,,,,,,,,86.0,,,13.2,,,,0.2,,,,,,,,,,,,,,,,,,,,,0.0,,,,,,,,,,,,,,,,,,0.0,,3.0,144,,,,,,,,,,,,,0.164,,,,0.0,,99.4,,,,,,,,,,-43,,,,,,1.09,,,,,,,,,,,,,,,0.0,81,,,,,0.224,1,,,,,,,0.0,1446.0166666666669,,,,,0.099,,,,,,,,,0.0,,,0.0,27.0,,,,,0.549,,,,,,,,,,,57,,9,,403,,,,,,,,,,,,,77.47,,97.0,,,,,,,,,,,1991,131,,,,,,,,,,1,,,3.0,,,,94,,,,,154,,,,,0.414,,,,,0.25,,,,-0.2,,1.0,,,,15.0,,,,,,,0.0,,,92.96,,,,5.2,,,9.0,,156,,,92.96,,,0.0,99.5,-0.2,,,0.0,,,,,0.0,0.603,,,,,,0.531,,,,,,88,99.4,,32,14.3,,,,,99.4,,,,,,,,,,19.0,,,,,0.087,,,,14.0,,,,,0,,,,0.333,,,,,,,,,,0.389,,,372,,,,,0.0,,,,,,,,,34,,,,99.0,,,,,,27.0,0.0,,,,,,,,,41.935483870967744
914,Stanley Roberts,37,74,1998,2609,MIN,1610612750,28.0,,,,,0.133,,0.503,,,,,,,0.0,,,,145.0,,,,113.0,,,,0.0,,233.0,,,,4.0,,,,,,,,,0,,94.8,,,0.0,,,Louisiana State,,,,,,,0.605,,,,,,363,,,0.0,1,USA,,,,0.0,,,,,0.0,,,,,,,,,,,,,,,109,,,24.0,,,,0.369,,,,,,0.0,,,,99.0,,1151.1,,,,2.6,,,0.079,,0.0,0.24,245.0,,,0.25,,,,,,,,,,,,,,,,,,,,,,0,,,,,99.9,,0.0,,,,,,0.0,,,,,,,0.173,,,,0.0,,,0.495,,,,,,,12.7,,,,,,,,84.0,,,,,,,,,,,,290.0,,,,,,0.0,,,,,,,,,,,,,,50.0,,,12.7,,,,-0.5,,,,,,,,,,,,,,,,,,,,,0.0,,,,,,,,,,,,,,,,,,0.0,,0.0,226,,,,,,,,,,,,,0.177,,,,0.0,,99.3,,,,,,,,,,-33,,,,,,0.39,,,,,,,,,,,,,,,0.0,70,,,,,0.354,1,,,,,,,0.0,1331.485,,,,,0.032,,,,,,,,,0.0,,,0.0,12.0,,,,,0.5,,,,,,,,,,,24,,23,,457,,,,,,,,,,,,,78.65,,103.0,,,,,,,,,,,1991,254,,,,,,,,,,1,,,0.0,,,,75,,,,,191,,,,,0.495,,,,,0.0,,,,-0.6,,0.0,,,,6.0,,,,,,,0.0,,,94.38,,,,5.2,,,0.0,,156,,,94.38,,,0.0,99.9,-0.6,,,0.0,,,,,0.0,0.481,,,,,,0.592,,,,,,27,99.4,,72,4.9,,,,,99.3,,,,,,,,,,40.0,,,,,0.187,,,,0.0,,,,,0,,,,0.0,,,,,,,,,,0.0,,,386,,,,,0.0,,,,,,,,,44,,,,141.0,,,,,,38.0,0.0,,,,,,,,,40.41450777202073
1128,Stephen Howard,9,13,1998,127,SEA,1610612760,27.0,,,,,0.099,,0.432,,,,,,,,,,,6.0,,,,5.0,,,,0.0,,14.0,,,,1.0,,,,,,,,,0,,112.77,,,,,,DePaul,,,,,,,0.429,,,,,,12,,,0.0,0,USA,,,,0.0,,,,,,,,,,,,,,,,,,,,6,,,1.0,,,,0.167,,,,,,0.0,,,,85.8,,49.9,,,,0.6,,,0.1,,,1.0,14.0,,,0.0,,,,,,,,,,,,,,,,,,,,,,0,,,,,94.6,,,,,,,,0.0,,,,,,,0.245,,,,0.0,,,0.381,,,,,,,15.8,,,,,,,,81.0,,,,,,,,,,,,225.0,,,,,,0.0,,,,,,,,,,,,,,1.0,,,15.4,,,,-16.2,,,,,,,,,,,,,,,,,,,,,,,,,,,,,,,,,,,,,,,,,0.0,13,,,,,,,,,,,,,0.248,,,,0.0,,85.8,,,,,,,,,,-13,,,,,,0.5,,,,,,,,,,,,,,,,6,,,,,0.2,0,,,,,,,,52.5,,,,,0.094,,,,,,,,,0.0,,,0.0,1.0,,,,,0.692,,,,,,,,,,,3,,Undrafted,,25,,,,,,,,,,,,,97.52,,6.0,,,,,,,,,,,Undrafted,6,,,,,,,,,,Undrafted,,,,,,,9,,,,,8,,,,,0.381,,,,,0.0,,,,-8.7,,0.0,,,,0.0,,,,,,,,,,117.03,,,,1.6,,,0.0,,18,,,117.03,,,,94.6,-8.7,,,,,,,,,0.5,,,,,,0.429,,,,,,3,102.0,,1,7.7,,,,,85.8,,,,,,,,,,1.0,,,,,0.098,,,,1.0,,,,,0,,,,0.0,,,,,,,,,,1.0,,,21,,,,,0.0,,,,,,,,,3,,,,6.0,,,,,,1.0,,,,,,,,,,85.71428571428571
950,Stephon Marbury,45,82,1998,6094,MIN,1610612750,21.0,,,,,0.036,,0.505,,,,,,,10.0,,,,263.0,,,,114.0,,,,3.0,,512.0,,,,154.0,,,,,,,,,95,,95.42,,,0.0,,,Georgia Tech,,,,,,,0.502,,,,,,230,,,81.0,2,USA,,,,257.0,,,,,5.0,,,,,,,,,,,,,,,58,,,87.0,,,,0.368,,,,,,0.361,,,,105.1,,2859.0,,,,6.3,,,0.019,,1.0,0.387,524.0,,,0.402,,,,,,,,,,,,,,,,,,,,,,304,,,,,105.5,,10.0,,,,,,13.0,,,,,,,0.239,,,,0.313,,,0.453,,,,,,,10.7,,,,,,,,74.0,,,,,,,,,,,,180.0,,,,,,38.0,,,,,,,,,,,,,,300.0,,,10.7,,,,0.9,,,,,,,,,,,,,,,,,,,,,1.0,,,,,,,,,,,,,,,,,,0.0,,78.0,222,,,,,,,,,,,,,0.241,,,,0.188,,106.4,,,,,,,,,,24,,,,,,2.75,,,,,,,,,,,,,,,20.0,256,,,,,0.342,27,,,,,,,0.0,3112.843333333333,,,,,0.359,,,,,,,,,16.0,,,36.0,116.0,,,,,0.549,,,,,,,,,,,104,,4,,1450,,,,,,,,,,,,,78.51,,125.0,,,,,,,,,,,1996,172,,,,,,,,,,1,,,7.0,,,,329,,,,,513,,,,,0.415,,,,,0.315,,,,0.9,,130.0,,,,35.0,,,,,,,0.0,,,94.21,,,,15.1,,,212.0,,450,,,94.21,,,0.0,105.5,0.9,,,0.5,,,,,0.2,0.731,,,,,,0.502,,,,,,704,104.2,,7,29.4,,,,,106.4,,,,,,,,,,39.0,,,,,0.054,,,,59.0,,,,,0,,,,0.368,,,,,,,,,,0.383,,,1237,,,,,0.292,,,,,,,,,101,,,,257.0,,,,,,46.0,0.0,,,,,,,,,36.37833468067906
1667,Steve Henson,9,23,1998,133,DET,1610612765,30.0,,,,,0.017,,0.619,,,,,,,1.0,,,,4.0,,,,0.0,,,,0.0,,5.0,,,,7.0,,,,,,,,,3,,105.28,,,0.0,,,Kansas State,,,,,,,0.8,,,,,,2,,,3.0,0,USA,,,,6.0,,,,,0.0,,,,,,,,,,,,,,,0,,,4.0,,,,0.5,,,,,,0.0,,,,111.1,,41.4,,,,0.6,,,0.0,,,0.455,5.0,,,0.25,,,,,,,,,,,,,,,,,,,,,,8,,,,,94.1,,0.0,,,,,,0.0,,,,,,,0.23,,,,0.375,,,0.558,,,,,,,15.4,,,,,,,,73.0,,,,,,,,,,,,180.0,,,,,,3.0,,,,,,,,,,,,,,11.0,,,15.4,,,,9.4,,,,,,,,,,,,,,,,,,,,,0.0,,,,,,,,,,,,,,,,,,0.0,,1.0,9,,,,,,,,,,,,,0.249,,,,0.0,,103.8,,,,,,,,,,11,,,,,,0.67,,,,,,,,,,,,,,,1.0,6,,,,,0.0,0,,,,,,,0.0,56.763333333333335,,,,,0.105,,,,,,,,,0.0,,,1.0,5.0,,,,,0.391,,,,,,,,,,,1,,44,,36,,,,,,,,,,,,,94.43,,2.0,,,,,,,,,,,1990,2,,,,,,,,,,2,,,1.0,,,,7,,,,,13,,,,,0.5,,,,,0.5,,,,9.7,,6.0,,,,1.0,,,,,,,,,,113.31,,,,1.1,,,3.0,,7,,,113.31,,,0.0,94.1,9.7,,,0.0,,,,,0.0,1.0,,,,,,0.8,,,,,,4,101.7,,0,10.3,,,,,103.8,,,,,,,,,,0.0,,,,,0.031,,,,4.0,,,,,0,,,,0.333,,,,,,,,,,0.571,,,26,,,,,0.5,,,,,,,,,1,,,,4.0,,,,,,1.0,,,,,,,,,,26.923076923076923
70,Steve Kerr,37,50,1998,2143,CHI,1610612741,32.0,,,,,0.034,,0.581,,,,,,,1.0,,,,11.0,,,,10.0,,,,3.0,,14.0,,,,82.0,,,,,,,,,57,,91.82,,,0.0,,,Arizona,,,,,,,0.786,,,,,,77,,,53.0,0,USA,,,,119.0,,,,,2.0,,,,,,,,,,,,,,,14,,,28.0,,,,0.357,,,,,,0.3,,,,102.7,,678.4,,,,2.7,,,0.012,,0.0,0.448,15.0,,,0.393,,,,,,,,,,,,,,,,,,,,,,130,,,,,98.7,,0.0,,,,,,3.0,,,,,,,0.136,,,,0.438,,,0.548,,,,,,,6.0,,,,,,,,75.0,,,,,,,,,,,,181.0,,,,,,25.0,,,,,,,,,,,,,,145.0,,,6.1,,,,5.6,,,,,,,,,,,,,,,,,,,,,0.0,,,,,,,,,,,,,,,,,,0.0,,49.0,71,,,,,,,,,,,,,0.141,,,,0.429,,102.6,,,,,,,,,,123,,,,,,3.56,,,,,,,,,,,,,,,3.0,27,,,,,0.4,0,,,,,,,0.0,1117.4383333333333,,,,,0.148,,,,,,,,,7.0,,,10.0,65.0,,,,,0.74,,,,,,,,,,,26,,50,,376,,,,,,,,,,,,,75.98,,14.0,,,,,,,,,,,1988,63,,,,,,,,,,2,,,0.0,,,,45,,,,,137,,,,,0.454,,,,,0.445,,,,3.9,,64.0,,,,11.0,,,,,,,0.0,,,91.17,,,,6.0,,,100.0,,49,,,91.17,,,0.0,98.7,3.9,,,0.0,,,,,0.0,0.918,,,,,,0.733,,,,,,96,97.2,,5,21.7,,,,,102.6,,,,,,,,,,4.0,,,,,0.056,,,,37.0,,,,,0,,,,0.49,,,,,,,,,,0.451,,,302,,,,,0.391,,,,,,,,,10,,,,11.0,,,,,,5.0,0.0,,,,,,,,,16.225165562913908
959,Steve Nash,51,76,1998,3251,PHX,1610612756,24.0,,,,,0.049,,0.556,,,,,,,0.0,,,,51.0,,,,33.0,,,,8.0,,86.0,,,,144.0,,,,,,,,,81,,94.1,,,0.0,,,Santa Clara,,,,,,,0.57,,,,,,160,,,61.0,0,Canada,,,,154.0,,,,,0.0,,,,,,,,,,,,,,,32,,,73.0,,,,0.478,,,,,,0.444,,,,104.4,,1379.0,,,,3.5,,,0.02,,0.0,0.458,90.0,,,0.37,,,,,,,,,,,,,,,,,,,,,,195,,,,,95.9,,8.0,,,,,,16.0,,,,,,,0.189,,,,0.415,,,0.528,,,,,,,10.0,,,,,,,,75.0,,,,,,,,,,,,195.0,,,,,,29.0,,,,,,,,,,,,,,262.0,,,10.1,,,,8.0,,,,,,,,,,,,,,,,,,,,,0.0,,,,,,,,,,,,,,,,,,0.0,,75.0,145,,,,,,,,,,,,,0.195,,,,0.381,,105.0,,,,,,,,,,276,,,,,,2.67,,,,,,,,,,,,,,,15.0,98,,,,,0.455,1,,,,,,,0.0,1663.1733333333334,,,,,0.249,,,,,,,,,21.0,,,36.0,120.0,,,,,0.671,,,,,,,,,,,63,,15,,691,,,,,,,,,,,,,78.4,,46.0,,,,,,,,,,,1996,128,,,,,,,,,,1,,,0.0,,,,74,,,,,268,,,,,0.459,,,,,0.396,,,,9.0,,65.0,,,,27.0,,,,,,,0.0,,,94.09,,,,7.7,,,179.0,,86,,,94.09,,,0.0,95.9,9.0,,,0.533,,,,,0.0,0.86,,,,,,0.567,,,,,,262,96.4,,4,26.9,,,,,105.0,,,,,,,,,,15.0,,,,,0.077,,,,71.0,,,,,0,,,,0.419,,,,,,,,,,0.493,,,584,,,,,0.446,,,,,,,,,19,,,,49.0,,,,,,22.0,0.0,,,,,,,,,14.726027397260275
120,Steven Smith,45,73,1998,5260,ATL,1610612737,29.0,,,,,0.056,,0.563,,,,,,,5.0,,,,200.0,,,,118.0,,,,3.0,,319.0,,,,146.0,,,,,,,,,97,,89.37,,,0.0,,,Michigan State,,,,,,,0.605,,,,,,309,,,83.0,3,USA,,,,236.0,,,,,2.0,,,,,,,,,,,,,,,133,,,184.0,,,,0.393,,,,,,0.361,,,,105.7,,2405.8,,,,6.7,,,0.05,,2.0,0.395,339.0,,,0.424,,,,,,,,,,,,,,,,,,,,,,276,,,,,102.7,,10.0,,,,,,13.0,,,,,,,0.237,,,,0.351,,,0.488,,,,,,,9.9,,,,,,,,80.0,,,,,,,,,,,,221.0,,,,,,55.0,,,,,,,,,,,,,,372.0,,,10.0,,,,4.3,,,,,,,,,,,,,,,,,,,,,0.0,,,,,,,,,,,,,,,,,,1.0,,58.0,219,,,,,,,,,,,,,0.242,,,,0.375,,106.6,,,,,,,,,,203,,,,,,1.66,,,,,,,,,,,,,,,28.0,176,,,,,0.373,1,,,,,,,0.2,2854.905,,,,,0.187,,,,,,,,,8.0,,,36.0,147.0,,,,,0.616,,,,,,,,,,,74,,5,,1464,,,,,,,,,,,,,73.72,,135.0,,,,,,,,,,,1991,176,,,,,,,,,,1,,,3.0,,,,389,,,,,489,,,,,0.444,,,,,0.352,,,,3.9,,161.0,,,,78.0,,,,,,,0.0,,,88.46,,,,15.1,,,144.0,,455,,,88.46,,,0.0,102.7,3.9,,,0.357,,,,,0.0,0.855,,,,,,0.59,,,,,,292,101.4,,29,16.6,,,,,106.6,,,,,,,,,,44.0,,,,,0.062,,,,53.0,,,,,0,,,,0.403,,,,,,,,,,0.363,,,1101,,,,,0.342,,,,,,,,,50,,,,193.0,,,,,,53.0,0.0,,,,,,,,,41.3260672116258
1037,Stojko Vrankovic,13,65,1998,1950,LAC,1610612746,34.0,,,,,0.13,,0.454,,,,,,,0.0,,,,49.0,,,,64.0,,,,0.0,,79.0,,,,4.0,,,,,,,,,0,,95.01,,,0.0,,,,,,,,,,0.544,,,,,,263,,,0.0,2,Croatia,,,,0.0,,,,,0.0,,,,,,,,,,,,,,,71,,,24.0,,,,0.382,,,,,,0.0,,,,100.8,,749.6,,,,1.2,,,0.071,,0.0,0.226,94.0,,,0.25,,,,,,,,,,,,,,,,,,,,,,0,,,,,108.4,,0.0,,,,,,0.0,,,,,,,0.116,,,,0.0,,,0.425,,,,,,,15.5,,,,,,,,86.0,,,,,,,,,,,,260.0,,,,,,0.0,,,,,,,,,,,,,,31.0,,,15.4,,,,-7.0,,,,,,,,,,,,,,,,,,,,,0.0,,,,,,,,,,,,,,,,,,0.0,,0.0,130,,,,,,,,,,,,,0.117,,,,0.0,,101.7,,,,,,,,,,-142,,,,,,0.78,,,,,,,,,,,,,,,0.0,46,,,,,0.375,0,,,,,,,0.0,995.2333333333332,,,,,0.053,,,,,,,,,0.0,,,0.0,7.0,,,,,0.2,,,,,,,,,,,11,,Undrafted,,195,,,,,,,,,,,,,78.61,,76.0,,,,,,,,,,,Undrafted,192,,,,,,,,,,Undrafted,,,0.0,,,,37,,,,,79,,,,,0.425,,,,,0.0,,,,-6.6,,0.0,,,,6.0,,,,,,,0.0,,,94.34,,,,2.9,,,0.0,,65,,,94.34,,,0.0,108.4,-6.6,,,0.0,,,,,0.0,0.569,,,,,,0.521,,,,,,36,107.8,,66,12.1,,,,,101.7,,,,,,,,,,24.0,,,,,0.188,,,,0.0,,,,,0,,,,0.0,,,,,,,,,,0.0,,,186,,,,,0.0,,,,,,,,,11,,,,43.0,,,,,,29.0,0.0,,,,,,,,,34.946236559139784
1505,Tariq Abdul-Wahad,17,59,1998,1928,SAC,1610612758,23.0,,,,,0.059,,0.456,,,,,,,1.0,,,,78.0,,,,42.0,,,,1.0,,122.0,,,,86.0,,,,,,,,,4,,95.81,,,0.0,,,San Jose State,,,,,,,0.615,,,,,,116,,,3.0,1,France,,,,13.0,,,,,0.0,,,,,,,,,,,,,,,44,,,49.0,,,,0.26,,,,,,0.2,,,,96.1,,670.7,,,,2.4,,,0.043,,0.0,0.313,128.0,,,0.306,,,,,,,,,,,,,,,,,,,,,,19,,,,,101.6,,0.0,,,,,,1.0,,,,,,,0.214,,,,0.211,,,0.409,,,,,,,12.3,,,,,,,,78.0,,,,,,,,,,,,223.0,,,,,,1.0,,,,,,,,,,,,,,166.0,,,12.3,,,,-7.0,,,,,,,,,,,,,,,,,,,,,0.0,,,,,,,,,,,,,,,,,,0.0,,13.0,81,,,,,,,,,,,,,0.217,,,,0.333,,95.7,,,,,,,,,,-130,,,,,,0.78,,,,,,,,,,,,,,,2.0,65,,,,,0.214,0,,,,,,,0.0,960.6183333333332,,,,,0.087,,,,,,,,,3.0,,,5.0,52.0,,,,,0.288,,,,,,,,,,,35,,11,,376,,,,,,,,,,,,,80.59,,50.0,,,,,,,,,,,1997,72,,,,,,,,,,1,,,1.0,,,,84,,,,,144,,,,,0.403,,,,,0.231,,,,-6.0,,5.0,,,,15.0,,,,,,,0.0,,,96.71,,,,6.1,,,46.0,,125,,,96.71,,,0.0,101.6,-6.0,,,0.0,,,,,0.0,0.672,,,,,,0.609,,,,,,51,103.1,,13,9.6,,,,,95.7,,,,,,,,,,9.0,,,,,0.075,,,,28.0,,,,,0,,,,0.283,,,,,,,,,,0.326,,,357,,,,,0.2,,,,,,,,,19,,,,75.0,,,,,,13.0,0.0,,,,,,,,,35.0140056022409
210,Terrell Brandon,27,50,1998,3497,MIL,1610612749,28.0,,,,,0.053,,0.526,,,,,,,3.0,,,,101.0,,,,38.0,,,,2.0,,147.0,,,,240.0,,,,,,,,,31,,94.54,,,0.0,,,Oregon,,,,,,,0.68,,,,,,176,,,27.0,0,USA,,,,77.0,,,,,1.0,,,,,,,,,,,,,,,23,,,146.0,,,,0.389,,,,,,0.333,,,,104.4,,1871.7,,,,6.8,,,0.014,,0.0,0.429,150.0,,,0.404,,,,,,,,,,,,,,,,,,,,,,93,,,,,102.6,,2.0,,,,,,4.0,,,,,,,0.234,,,,0.333,,,0.485,,,,,,,10.9,,,,,,,,71.0,,,,,,,,,,,,173.0,,,,,,22.0,,,,,,,,,,,,,,420.0,,,10.9,,,,2.5,,,,,,,,,,,,,,,,,,,,,0.0,,,,,,,,,,,,,,,,,,0.0,,36.0,120,,,,,,,,,,,,,0.237,,,,0.4,,105.4,,,,,,,,,,115,,,,,,2.67,,,,,,,,,,,,,,,7.0,145,,,,,0.421,13,,,,,,,0.0,1785.0233333333333,,,,,0.363,,,,,,,,,5.0,,,12.0,180.0,,,,,0.54,,,,,,,,,,,111,,11,,841,,,,,,,,,,,,,78.16,,72.0,,,,,,,,,,,1991,153,,,,,,,,,,1,,,3.0,,,,132,,,,,339,,,,,0.464,,,,,0.351,,,,2.8,,53.0,,,,59.0,,,,,,,0.0,,,93.79,,,,14.6,,,100.0,,156,,,93.79,,,0.0,102.6,2.8,,,0.286,,,,,0.0,0.846,,,,,,0.673,,,,,,387,102.0,,17,29.1,,,,,105.4,,,,,,,,,,16.0,,,,,0.091,,,,105.0,,,,,0,,,,0.36,,,,,,,,,,0.438,,,731,,,,,0.415,,,,,,,,,27,,,,100.0,,,,,,28.0,0.0,,,,,,,,,21.3406292749658
187,Terry Cummings,27,74,1998,2249,NYK,1610612752,37.0,,,,,0.129,,0.496,,,,,,,0.0,,,,73.0,,,,69.0,,,,0.0,,133.0,,,,96.0,,,,,,,,,0,,89.76,,,0.0,,,DePaul,,,,,,,0.519,,,,,,283,,,0.0,1,USA,,,,1.0,,,,,0.0,,,,,,,,,,,,,,,97,,,118.0,,,,0.42,,,,,,0.0,,,,102.1,,970.1,,,,2.7,,,0.089,,0.0,0.455,139.0,,,0.466,,,,,,,,,,,,,,,,,,,,,,1,,,,,99.6,,0.0,,,,,,0.0,,,,,,,0.202,,,,0.0,,,0.467,,,,,,,9.0,,,,,,,,81.0,,,,,,,,,,,,250.0,,,,,,0.0,,,,,,,,,,,,,,213.0,,,9.0,,,,1.3,,,,,,,,,,,,,,,,,,,,,0.0,,,,,,,,,,,,,,,,,,0.0,,3.0,181,,,,,,,,,,,,,0.209,,,,0.0,,100.1,,,,,,,,,,4,,,,,,0.92,,,,,,,,,,,,,,,0.0,51,,,,,0.362,4,,,,,,,0.0,1185.035,,,,,0.07,,,,,,,,,0.0,,,0.0,97.0,,,,,0.365,,,,,,,,,,,38,,2,,467,,,,,,,,,,,,,76.03,,81.0,,,,,,,,,,,1982,186,,,,,,,,,,1,,,0.0,,,,67,,,,,200,,,,,0.467,,,,,0.0,,,,0.5,,0.0,,,,55.0,,,,,,,0.0,,,91.24,,,,5.8,,,6.0,,98,,,91.24,,,0.0,99.6,0.5,,,0.0,,,,,0.0,0.684,,,,,,0.525,,,,,,47,100.9,,10,8.3,,,,,100.1,,,,,,,,,,25.0,,,,,0.168,,,,44.0,,,,,0,,,,0.5,,,,,,,,,,0.458,,,428,,,,,0.0,,,,,,,,,25,,,,69.0,,,,,,34.0,0.0,,,,,,,,,22.897196261682243
426,Terry Davis,39,74,1998,3279,WAS,1610612764,31.0,,,,,0.142,,0.524,,,,,,,0.0,,,,104.0,,,,24.0,,,,0.0,,181.0,,,,13.0,,,,,,,,,0,,92.95,,,0.0,,,Virginia Union,,,,,,,0.564,,,,,,480,,,0.0,3,USA,,,,0.0,,,,,,,,,,,,,,,,,,,,209,,,25.0,,,,0.333,,,,,,0.0,,,,100.4,,1083.0,,,,1.7,,,0.117,,0.0,0.342,193.0,,,0.4,,,,,,,,,,,,,,,,,,,,,,1,,,,,102.5,,0.0,,,,,,0.0,,,,,,,0.094,,,,0.0,,,0.496,,,,,,,14.2,,,,,,,,82.0,,,,,,,,,,,,250.0,,,,,,0.0,,,,,,,,,,,,,,38.0,,,14.2,,,,-1.2,,,,,,,,,,,,,,,,,,,,,,,,,,,,,,,,,,,,,,,0.0,,0.0,193,,,,,,,,,,,,,0.095,,,,0.0,,100.9,,,,,,,,,,-72,,,,,,0.54,,,,,,,,,,,,,,,0.0,56,,,,,0.458,5,,,,,,,0.0,1708.6783333333333,,,,,0.025,,,,,,,,,1.0,,,1.0,13.0,,,,,0.527,,,,,,,,,,,41,,Undrafted,,323,,,,,,,,,,,,,76.96,,36.0,,,,,,,,,,,Undrafted,271,,,,,,,,,,Undrafted,,,0.0,,,,69,,,,,127,,,,,0.496,,,,,0.0,,,,-1.7,,0.0,,,,10.0,,,,,,,0.0,,,92.35,,,,3.5,,,1.0,,119,,,92.35,,,0.0,102.5,-1.7,,,0.0,,,,,,0.58,,,,,,0.539,,,,,,30,101.7,,24,7.6,,,,,100.9,,,,,,,,,,11.0,,,,,0.169,,,,2.0,,,,,0,,,,0.0,,,,,,,,,,0.154,,,256,,,,,0.0,,,,,,,,,37,,,,102.0,,,,,,12.0,0.0,,,,,,,,,46.484375
143,Terry Dehere,26,77,1998,2768,SAC,1610612758,26.0,,,,,0.038,,0.494,,,,,,,1.0,,,,39.0,,,,17.0,,,,6.0,,82.0,,,,120.0,,,,,,,,,50,,93.83,,,0.0,,,Seton Hall,,,,,,,0.463,,,,,,106,,,38.0,0,USA,,,,106.0,,,,,0.0,,,,,,,,,,,,,,,21,,,23.0,,,,0.4,,,,,,0.48,,,,96.8,,982.2,,,,2.3,,,0.015,,0.0,0.385,84.0,,,0.261,,,,,,,,,,,,,,,,,,,,,,132,,,,,103.9,,6.0,,,,,,12.0,,,,,,,0.184,,,,0.379,,,0.455,,,,,,,12.2,,,,,,,,76.0,,,,,,,,,,,,190.0,,,,,,17.0,,,,,,,,,,,,,,218.0,,,12.2,,,,-7.2,,,,,,,,,,,,,,,,,,,,,0.0,,,,,,,,,,,,,,,,,,0.0,,62.0,150,,,,,,,,,,,,,0.189,,,,0.6,,96.2,,,,,,,,,,-216,,,,,,2.04,,,,,,,,,,,,,,,15.0,96,,,,,0.353,0,,,,,,,0.0,1412.4066666666668,,,,,0.233,,,,,,,,,10.0,,,25.0,84.0,,,,,0.338,,,,,,,,,,,52,,13,,489,,,,,,,,,,,,,78.42,,20.0,,,,,,,,,,,1993,85,,,,,,,,,,1,,,0.0,,,,79,,,,,180,,,,,0.399,,,,,0.358,,,,-7.7,,47.0,,,,6.0,,,,,,,0.0,,,94.1,,,,5.9,,,159.0,,99,,,94.1,,,0.0,103.9,-7.7,,,0.4,,,,,0.0,0.798,,,,,,0.464,,,,,,196,103.9,,4,24.9,,,,,96.2,,,,,,,,,,6.0,,,,,0.061,,,,50.0,,,,,0,,,,0.39,,,,,,,,,,0.417,,,451,,,,,0.362,,,,,,,,,27,,,,38.0,,,,,,8.0,0.0,,,,,,,,,21.951219512195124
371,Terry Mills,31,50,1998,1501,MIA,1610612748,30.0,,,,,0.099,,0.481,,,,,,,0.0,,,,15.0,,,,25.0,,,,2.0,,27.0,,,,30.0,,,,,,,,,25,,91.36,,,0.0,,,Michigan,,,,,,,0.519,,,,,,152,,,21.0,0,USA,,,,65.0,,,,,0.0,,,,,,,,,,,,,,,34,,,19.0,,,,0.4,,,,,,0.143,,,,102.3,,491.9,,,,1.6,,,0.045,,0.0,0.453,29.0,,,0.316,,,,,,,,,,,,,,,,,,,,,,81,,,,,99.7,,0.0,,,,,,2.0,,,,,,,0.154,,,,0.309,,,0.454,,,,,,,14.8,,,,,,,,82.0,,,,,,,,,,,,250.0,,,,,,15.0,,,,,,,,,,,,,,75.0,,,14.8,,,,2.3,,,,,,,,,,,,,,,,,,,,,0.0,,,,,,,,,,,,,,,,,,0.0,,22.0,129,,,,,,,,,,,,,0.159,,,,0.286,,101.1,,,,,,,,,,28,,,,,,0.87,,,,,,,,,,,,,,,7.0,45,,,,,0.48,1,,,,,,,0.0,780.8666666666667,,,,,0.082,,,,,,,,,7.0,,,14.0,34.0,,,,,0.62,,,,,,,,,,,19,,16,,212,,,,,,,,,,,,,76.71,,25.0,,,,,,,,,,,1990,118,,,,,,,,,,1,,,0.0,,,,25,,,,,81,,,,,0.393,,,,,0.323,,,,1.4,,42.0,,,,6.0,,,,,,,0.0,,,92.05,,,,4.1,,,61.0,,33,,,92.05,,,0.0,99.7,1.4,,,0.0,,,,,0.0,0.758,,,,,,0.517,,,,,,39,100.0,,9,12.8,,,,,101.1,,,,,,,,,,12.0,,,,,0.151,,,,11.0,,,,,0,,,,0.361,,,,,,,,,,0.367,,,206,,,,,0.357,,,,,,,,,13,,,,14.0,,,,,,10.0,0.0,,,,,,,,,16.019417475728154
345,Terry Porter,45,82,1998,3558,MIN,1610612750,35.0,,,,,0.047,,0.586,,,,,,,1.0,,,,58.0,,,,32.0,,,,27.0,,102.0,,,,131.0,,,,,,,,,92,,95.6,,,0.0,,,Wisconsin-Stevens Point,,,,,,,0.559,,,,,,168,,,61.0,1,USA,,,,155.0,,,,,0.0,,,,,,,,,,,,,,,37,,,42.0,,,,0.5,,,,,,0.413,,,,107.3,,1518.1,,,,3.2,,,0.021,,2.0,0.44,103.0,,,0.452,,,,,,,,,,,,,,,,,,,,,,233,,,,,104.2,,4.0,,,,,,31.0,,,,,,,0.184,,,,0.395,,,0.529,,,,,,,10.0,,,,,,,,75.0,,,,,,,,,,,,195.0,,,,,,23.0,,,,,,,,,,,,,,200.0,,,10.1,,,,3.1,,,,,,,,,,,,,,,,,,,,,0.0,,,,,,,,,,,,,,,,,,0.0,,86.0,103,,,,,,,,,,,,,0.19,,,,0.474,,107.6,,,,,,,,,,119,,,,,,2.61,,,,,,,,,,,,,,,18.0,104,,,,,0.563,2,,,,,,,0.0,1788.4066666666668,,,,,0.236,,,,,,,,,57.0,,,75.0,88.0,,,,,0.549,,,,,,,,,,,63,,24,,777,,,,,,,,,,,,,79.59,,44.0,,,,,,,,,,,1985,131,,,,,,,,,,1,,,1.0,,,,167,,,,,259,,,,,0.449,,,,,0.394,,,,3.4,,70.0,,,,19.0,,,,,,,0.0,,,95.51,,,,7.0,,,196.0,,195,,,95.51,,,0.0,104.2,3.4,,,0.222,,,,,0.0,0.856,,,,,,0.563,,,,,,271,104.3,,16,26.3,,,,,107.6,,,,,,,,,,18.0,,,,,0.073,,,,55.0,,,,,0,,,,0.439,,,,,,,,,,0.42,,,577,,,,,0.329,,,,,,,,,24,,,,57.0,,,,,,22.0,0.0,,,,,,,,,33.795493934142115
689,Theo Ratliff,35,82,1998,4601,PHI,1610612755,25.0,,,,,0.114,,0.561,,,,,,,0.0,,,,210.0,,,,102.0,,,,0.0,,301.0,,,,53.0,,,,,,,,,0,,90.99,,,0.0,,,Wyoming,,,,,,,0.645,,,,,,547,,,0.0,2,USA,,,,0.0,,,,,0.0,,,,,,,,,,,,,,,221,,,105.0,,,,0.346,,,,,,0.0,,,,100.4,,2358.9,,,,3.7,,,0.093,,0.0,0.402,335.0,,,0.457,,,,,,,,,,,,,,,,,,,,,,0,,,,,100.9,,0.0,,,,,,0.0,,,,,,,0.154,,,,0.0,,,0.513,,,,,,,13.0,,,,,,,,82.0,,,,,,,,,,,,225.0,,,,,,0.0,,,,,,,,,,,,,,169.0,,,13.0,,,,-0.5,,,,,,,,,,,,,,,,,,,,,0.0,,,,,,,,,,,,,,,,,,0.0,,1.0,292,,,,,,,,,,,,,0.156,,,,0.0,,101.4,,,,,,,,,,-14,,,,,,0.49,,,,,,,,,,,,,,,0.0,116,,,,,0.275,13,,,,,,,0.0,2449.355,,,,,0.039,,,,,,,,,0.0,,,0.0,68.0,,,,,0.427,,,,,,,,,,,50,,18,,809,,,,,,,,,,,,,75.45,,127.0,,,,,,,,,,,1995,326,,,,,,,,,,1,,,0.0,,,,197,,,,,306,,,,,0.513,,,,,0.0,,,,0.5,,0.0,,,,48.0,,,,,,,0.0,,,90.54,,,,7.3,,,2.0,,281,,,90.54,,,0.0,100.9,0.5,,,0.0,,,,,0.0,0.701,,,,,,0.627,,,,,,57,100.9,,258,6.4,,,,,101.4,,,,,,,,,,28.0,,,,,0.136,,,,19.0,,,,,0,,,,0.5,,,,,,,,,,0.358,,,597,,,,,0.0,,,,,,,,,46,,,,194.0,,,,,,44.0,0.0,,,,,,,,,47.06867671691792
160,Tim Breaux,4,6,1998,59,MIL,1610612749,27.0,,,,,0.031,,0.421,,,,,,,,,,,3.0,,,,1.0,,,,0.0,,4.0,,,,2.0,,,,,,,,,1,,94.75,,,,,,Wyoming,,,,,,,0.75,,,,,,2,,,1.0,0,USA,,,,2.0,,,,,0.0,,,,,,,,,,,,,,,0,,,1.0,,,,0.0,,,,,,0.0,,,,88.5,,23.4,,,,0.7,,,0.0,,,0.0,4.0,,,0.0,,,,,,,,,,,,,,,,,,,,,,3,,,,,83.3,,0.0,,,,,,0.0,,,,,,,0.2,,,,0.333,,,0.409,,,,,,,6.7,,,,,,,,79.0,,,,,,,,,,,,215.0,,,,,,1.0,,,,,,,,,,,,,,3.0,,,6.7,,,,1.2,,,,,,,,,,,,,,,,,,,,,0.0,,,,,,,,,,,,,,,,,,,,0.0,1,,,,,,,,,,,,,0.209,,,,0.0,,84.7,,,,,,,,,,0,,,,,,2.0,,,,,,,,,,,,,,,0.0,1,,,,,0.0,0,,,,,,,,28.805,,,,,0.154,,,,,,,,,1.0,,,1.0,0.0,,,,,0.667,,,,,,,,,,,2,,Undrafted,,10,,,,,,,,,,,,,82.62,,1.0,,,,,,,,,,,Undrafted,2,,,,,,,,,,Undrafted,,,,,,,1,,,,,4,,,,,0.364,,,,,0.5,,,,1.4,,2.0,,,,0.0,,,,,,,,,,99.15,,,,1.8,,,1.0,,2,,,99.15,,,,83.3,1.4,,,0.0,,,,,0.0,0.5,,,,,,0.75,,,,,,2,87.4,,1,13.3,,,,,84.7,,,,,,,,,,0.0,,,,,0.059,,,,0.0,,,,,0,,,,0.0,,,,,,,,,,0.0,,,11,,,,,0.5,,,,,,,,,0,,,,3.0,,,,,,0.0,,,,,,,,,,18.181818181818183
1495,Tim Duncan,56,82,1998,5959,SAS,1610612759,22.0,,,,,0.157,,0.577,,,,,,,3.0,,,,434.0,,,,301.0,,,,0.0,,604.0,,,,121.0,,,,,,,,,0,,90.38,,,0.0,,,Wake Forest,,,,,,,0.671,,,,,,977,,,0.0,0,US Virgin Islands,,,,8.0,,,,,0.0,,,,,,,,,,,,,,,274,,,192.0,,,,0.475,,,,,,0.0,,,,104.0,,3743.4,,,,8.6,,,0.096,,0.0,0.427,656.0,,,0.448,,,,,,,,,,,,,,,,,,,,,,10,,,,,97.3,,0.0,,,,,,0.0,,,,,,,0.259,,,,0.0,,,0.549,,,,,,,13.9,,,,,,,,84.0,,,,,,,,,,,,248.0,,,,,,0.0,,,,,,,,,,,,,,391.0,,,13.9,,,,8.0,,,,,,,,,,,,,,,,,,,,,0.0,,,,,,,,,,,,,,,,,,0.0,,4.0,254,,,,,,,,,,,,,0.262,,,,0.0,,104.9,,,,,,,,,,428,,,,,,0.8,,,,,,,,,,,,,,,0.0,279,,,,,0.462,57,,,,,,,0.0,3205.391666666667,,,,,0.131,,,,,,,,,1.0,,,1.0,167.0,,,,,0.683,,,,,,,,,,,55,,1,,1731,,,,,,,,,,,,,74.51,,282.0,,,,,,,,,,,1997,703,,,,,,,,,,1,,,1.0,,,,319,,,,,706,,,,,0.549,,,,,0.0,,,,7.6,,5.0,,,,86.0,,,,,,,0.0,,,89.41,,,,15.7,,,9.0,,482,,,89.41,,,0.0,97.3,7.6,,,0.0,,,,,0.0,0.662,,,,,,0.662,,,,,,224,96.0,,206,11.2,,,,,104.9,,,,,,,,,,139.0,,,,,0.21,,,,43.0,,,,,0,,,,0.444,,,,,,,,,,0.355,,,1287,,,,,0.0,,,,,,,,,95,,,,405.0,,,,,,134.0,0.0,,,,,,,,,37.45143745143745
896,Tim Hardaway,55,81,1998,5705,MIA,1610612748,31.0,,,,,0.05,,0.53,,,,,,,11.0,,,,167.0,,,,131.0,,,,5.0,,272.0,,,,191.0,,,,,,,,,155,,91.15,,,1.0,,,Texas-El Paso,,,,,,,0.57,,,,,,299,,,140.0,0,USA,,,,393.0,,,,,3.0,,,,,,,,,,,,,,,48,,,100.0,,,,0.44,,,,,,0.333,,,,106.8,,3126.8,,,,6.9,,,0.017,,2.0,0.418,300.0,,,0.31,,,,,,,,,,,,,,,,,,,,,,442,,,,,99.7,,7.0,,,,,,12.0,,,,,,,0.25,,,,0.351,,,0.49,,,,,,,9.6,,,,,,,,72.0,,,,,,,,,,,,195.0,,,,,,88.0,,,,,,,,,,,,,,414.0,,,9.6,,,,8.1,,,,,,,,,,,,,,,,,,,,,0.0,,,,,,,,,,,,,,,,,,1.0,,127.0,200,,,,,,,,,,,,,0.254,,,,0.417,,107.6,,,,,,,,,,454,,,,,,3.0,,,,,,,,,,,,,,,24.0,224,,,,,0.458,35,,,,,,,0.091,3030.588333333333,,,,,0.401,,,,,,,,,12.0,,,36.0,173.0,,,,,0.679,,,,,,,,,,,136,,14,,1528,,,,,,,,,,,,,75.29,,175.0,,,,,,,,,,,1989,251,,,,,,,,,,1,,,6.0,,,,257,,,,,558,,,,,0.431,,,,,0.356,,,,7.9,,219.0,,,,31.0,,,,,,,0.0,,,90.35,,,,16.0,,,339.0,,329,,,90.35,,,0.167,99.7,7.9,,,0.292,,,,,0.0,0.781,,,,,,0.557,,,,,,672,98.7,,16,28.8,,,,,107.6,,,,,,,,,,60.0,,,,,0.083,,,,84.0,,,,,0,,,,0.375,,,,,,,,,,0.44,,,1296,,,,,0.402,,,,,,,,,45,,,,155.0,,,,,,77.0,0.0,,,,,,,,,25.385802469135804
1118,Tim Kempton,3,8,1998,92,TOR,1610612761,34.0,,,,,0.063,,0.222,,,,,,,,,,,0.0,,,,2.0,,,,0.0,,2.0,,,,2.0,,,,,,,,,0,,94.16,,,,,,Notre Dame,,,,,,,0.0,,,,,,6,,,0.0,0,USA,,,,0.0,,,,,,,,,,,,,,,,,,,,4,,,2.0,,,,0.5,,,,,,0.0,,,,94.7,,20.7,,,,0.3,,,0.095,,,0.0,3.0,,,0.5,,,,,,,,,,,,,,,,,,,,,,0,,,,,106.5,,0.0,,,,,,0.0,,,,,,,0.119,,,,0.0,,,0.222,,,,,,,25.0,,,,,,,,82.0,,,,,,,,,,,,245.0,,,,,,0.0,,,,,,,,,,,,,,3.0,,,25.0,,,,-13.8,,,,,,,,,,,,,,,,,,,,,,,,,,,,,,,,,,,,,,,,,0.0,10,,,,,,,,,,,,,0.127,,,,0.0,,90.2,,,,,,,,,,-15,,,,,,0.75,,,,,,,,,,,,,,,0.0,4,,,,,0.5,0,,,,,,,,45.348333333333336,,,,,0.094,,,,,,,,,0.0,,,0.0,0.0,,,,,0.375,,,,,,,,,,,1,,124,,4,,,,,,,,,,,,,81.15,,4.0,,,,,,,,,,,1986,2,,,,,,,,,,6,,,,,,,0,,,,,2,,,,,0.222,,,,,0.0,,,,-16.3,,0.0,,,,1.0,,,,,,,,,,97.38,,,,1.1,,,0.0,,0,,,97.38,,,,106.5,-16.3,,,0.0,,,,,,0.0,,,,,,0.0,,,,,,3,108.5,,2,18.8,,,,,90.2,,,,,,,,,,1.0,,,,,0.037,,,,0.0,,,,,0,,,,0.0,,,,,,,,,,0.0,,,9,,,,,0.0,,,,,,,,,2,,,,0.0,,,,,,2.0,,,,,,,,,,0.0
100,Tim Legler,4,8,1998,147,WAS,1610612764,31.0,,,,,0.026,,0.217,,,,,,,,,,,0.0,,,,1.0,,,,0.0,,1.0,,,,3.0,,,,,,,,,0,,92.48,,,,,,La Salle,,,,,,,0.0,,,,,,4,,,0.0,0,USA,,,,3.0,,,,,0.0,,,,,,,,,,,,,,,2,,,7.0,,,,0.0,,,,,,0.0,,,,98.8,,17.3,,,,0.4,,,0.023,,,0.3,2.0,,,0.143,,,,,,,,,,,,,,,,,,,,,,6,,,,,102.8,,0.0,,,,,,0.0,,,,,,,0.145,,,,0.0,,,0.158,,,,,,,14.4,,,,,,,,76.0,,,,,,,,,,,,200.0,,,,,,0.0,,,,,,,,,,,,,,10.0,,,14.3,,,,-5.6,,,,,,,,,,,,,,,,,,,,,0.0,,,,,,,,,,,,,,,,,,,,0.0,11,,,,,,,,,,,,,0.144,,,,0.0,,101.4,,,,,,,,,,0,,,,,,0.75,,,,,,,,,,,,,,,1.0,4,,,,,0.0,0,,,,,,,,76.205,,,,,0.058,,,,,,,,,2.0,,,3.0,3.0,,,,,0.5,,,,,,,,,,,1,,Undrafted,,9,,,,,,,,,,,,,76.64,,2.0,,,,,,,,,,,Undrafted,2,,,,,,,,,,Undrafted,,,,,,,3,,,,,3,,,,,0.158,,,,,0.0,,,,-1.4,,3.0,,,,1.0,,,,,,,,,,91.96,,,,2.4,,,3.0,,4,,,91.96,,,,102.8,-1.4,,,0.0,,,,,0.0,0.75,,,,,,0.0,,,,,,3,104.4,,0,10.7,,,,,101.4,,,,,,,,,,0.0,,,,,0.03,,,,2.0,,,,,0,,,,0.0,,,,,,,,,,0.667,,,19,,,,,0.0,,,,,,,,,2,,,,0.0,,,,,,0.0,,,,,,,,,,21.05263157894737
1501,Tim Thomas,27,77,1998,3453,PHI,1610612755,21.0,,,,,0.083,,0.538,,,,,,,0.0,,,,173.0,,,,46.0,,,,3.0,,275.0,,,,115.0,,,,,,,,,62,,92.82,,,0.0,,,Villanova,,,,,,,0.625,,,,,,288,,,55.0,0,USA,,,,143.0,,,,,0.0,,,,,,,,,,,,,,,107,,,51.0,,,,0.182,,,,,,0.259,,,,99.5,,1420.6,,,,4.0,,,0.061,,1.0,0.337,286.0,,,0.333,,,,,,,,,,,,,,,,,,,,,,171,,,,,103.1,,4.0,,,,,,7.0,,,,,,,0.223,,,,0.363,,,0.493,,,,,,,11.9,,,,,,,,82.0,,,,,,,,,,,,230.0,,,,,,38.0,,,,,,,,,,,,,,184.0,,,11.9,,,,-5.0,,,,,,,,,,,,,,,,,,,,,0.0,,,,,,,,,,,,,,,,,,0.0,,29.0,185,,,,,,,,,,,,,0.227,,,,0.429,,99.9,,,,,,,,,,-103,,,,,,0.76,,,,,,,,,,,,,,,20.0,118,,,,,0.174,0,,,,,,,0.0,1776.06,,,,,0.092,,,,,,,,,7.0,,,27.0,62.0,,,,,0.351,,,,,,,,,,,54,,7,,845,,,,,,,,,,,,,77.7,,55.0,,,,,,,,,,,1997,181,,,,,,,,,,1,,,0.0,,,,171,,,,,306,,,,,0.447,,,,,0.385,,,,-3.2,,105.0,,,,17.0,,,,,,,0.0,,,93.24,,,,8.9,,,80.0,,231,,,93.24,,,0.0,103.1,-3.2,,,0.2,,,,,0.0,0.74,,,,,,0.605,,,,,,90,104.5,,17,9.1,,,,,99.9,,,,,,,,,,8.0,,,,,0.105,,,,41.0,,,,,0,,,,0.363,,,,,,,,,,0.357,,,684,,,,,0.362,,,,,,,,,50,,,,172.0,,,,,,10.0,0.0,,,,,,,,,33.771929824561404
103,Todd Day,3,5,1998,144,MIA,1610612748,28.0,,,,,0.046,,0.429,,,,,,,0.0,,,,5.0,,,,1.0,,,,0.0,,6.0,,,,5.0,,,,,,,,,2,,96.21,,,0.0,,,Arkansas,,,,,,,0.833,,,,,,6,,,1.0,0,USA,,,,8.0,,,,,0.0,,,,,,,,,,,,,,,4,,,1.0,,,,1.0,,,,,,0.25,,,,120.7,,65.7,,,,2.2,,,0.053,,,0.25,6.0,,,1.0,,,,,,,,,,,,,,,,,,,,,,12,,,,,108.4,,1.0,,,,,,1.0,,,,,,,0.216,,,,0.167,,,0.387,,,,,,,6.7,,,,,,,,78.0,,,,,,,,,,,,188.0,,,,,,1.0,,,,,,,,,,,,,,12.0,,,6.7,,,,9.7,,,,,,,,,,,,,,,,,,,,,0.0,,,,,,,,,,,,,,,,,,0.0,,2.0,10,,,,,,,,,,,,,0.224,,,,0.0,,118.1,,,,,,,,,,15,,,,,,2.33,,,,,,,,,,,,,,,3.0,3,,,,,1.0,0,,,,,,,0.0,69.98,,,,,0.132,,,,,,,,,1.0,,,4.0,3.0,,,,,0.6,,,,,,,,,,,7,,8,,30,,,,,,,,,,,,,82.02,,1.0,,,,,,,,,,,1992,2,,,,,,,,,,1,,,0.0,,,,6,,,,,11,,,,,0.355,,,,,0.125,,,,9.7,,5.0,,,,1.0,,,,,,,,,,98.43,,,,6.2,,,13.0,,9,,,98.43,,,0.0,108.4,9.7,,,0.333,,,,,0.0,0.667,,,,,,0.833,,,,,,7,111.0,,0,15.6,,,,,118.1,,,,,,,,,,1.0,,,,,0.036,,,,1.0,,,,,0,,,,0.154,,,,,,,,,,0.2,,,31,,,,,0.2,,,,,,,,,0,,,,5.0,,,,,,1.0,,,,,,,,,,29.032258064516128
957,Todd Fuller,12,57,1998,1281,GSW,1610612744,23.0,,,,,0.143,,0.473,,,,,,,0.0,,,,43.0,,,,24.0,,,,0.0,,64.0,,,,65.0,,,,,,,,,0,,98.1,,,0.0,,,North Carolina State,,,,,,,0.672,,,,,,196,,,0.0,1,USA,,,,4.0,,,,,,,,,,,,,,,,,,,,61,,,41.0,,,,0.3,,,,,,0.0,,,,93.8,,506.2,,,,1.5,,,0.087,,0.0,0.318,67.0,,,0.293,,,,,,,,,,,,,,,,,,,,,,4,,,,,95.5,,0.0,,,,,,0.0,,,,,,,0.181,,,,0.0,,,0.42,,,,,,,12.9,,,,,,,,83.0,,,,,,,,,,,,255.0,,,,,,0.0,,,,,,,,,,,,,,107.0,,,12.8,,,,-4.5,,,,,,,,,,,,,,,,,,,,,,,,,,,,,,,,,,,,,,,0.0,,0.0,89,,,,,,,,,,,,,0.187,,,,0.0,,92.3,,,,,,,,,,-42,,,,,,0.27,,,,,,,,,,,,,,,0.0,37,,,,,0.333,4,,,,,,,0.0,613.1133333333333,,,,,0.027,,,,,,,,,0.0,,,0.0,34.0,,,,,0.211,,,,,,,,,,,6,,11,,227,,,,,,,,,,,,,83.61,,30.0,,,,,,,,,,,1996,135,,,,,,,,,,1,,,0.0,,,,55,,,,,86,,,,,0.42,,,,,0.0,,,,-3.2,,4.0,,,,12.0,,,,,,,0.0,,,100.33,,,,3.6,,,4.0,,80,,,100.33,,,0.0,95.5,-3.2,,,0.0,,,,,,0.688,,,,,,0.642,,,,,,10,98.3,,16,3.5,,,,,92.3,,,,,,,,,,8.0,,,,,0.204,,,,23.0,,,,,0,,,,0.0,,,,,,,,,,0.354,,,205,,,,,0.0,,,,,,,,,16,,,,43.0,,,,,,9.0,0.0,,,,,,,,,39.02439024390244
1472,Tom Chambers,0,1,1998,25,PHI,1610612755,39.0,,,,,0.0,,1.042,,,,,,,,,,,1.0,,,,0.0,,,,,,1.0,,,,1.0,,,,,,,,,0,,115.83,,,,,,Utah,,,,,,,1.0,,,,,,2,,,0.0,0,USA,,,,0.0,,,,,,,,,,,,,,,,,,,,0,,,0.0,,,,0.0,,,,,,0.0,,,,80.9,,13.4,,,,2.0,,,0.0,,,1.0,1.0,,,0.0,,,,,,,,,,,,,,,,,,,,,,0,,,,,91.7,,0.0,,,,,,0.0,,,,,,,0.16,,,,0.0,,,1.0,,,,,,,25.8,,,,,,,,82.0,,,,,,,,,,,,220.0,,,,,,0.0,,,,,,,,,,,,,,1.0,,,25.0,,,,-17.8,,,,,,,,,,,,,,,,,,,,,,,,,,,,,,,,,,,,,,,,,,2,,,,,,,,,,,,,0.157,,,,,,80.0,,,,,,,,,,-2,,,,,,0.0,,,,,,,,,,,,,,,0.0,1,,,,,0.0,0,,,,,,,,9.738333333333332,,,,,0.0,,,,,,,,,,,,0.0,1.0,,,,,0.0,,,,,,,,,,,2,,8,,6,,,,,,,,,,,,,100.63,,0.0,,,,,,,,,,,1981,2,,,,,,,,,,1,,,,,,,2,,,,,2,,,,,1.0,,,,,0.0,,,,-11.7,,0.0,,,,0.0,,,,,,,,,,120.76,,,,2.0,,,,,2,,,120.76,,,,91.7,-11.7,,,0.0,,,,,,1.0,,,,,,1.0,,,,,,0,98.7,,0,0.0,,,,,80.0,,,,,,,,,,0.0,,,,,0.0,,,,1.0,,,,,0,,,,,,,,,,,,,,1.0,,,2,,,,,0.0,,,,,,,,,0,,,,1.0,,,,,,0.0,,,,,,,,,,100.0
339,Tom Gugliotta,24,41,1998,3130,MIN,1610612750,28.0,,,,,0.113,,0.561,,,,,,,1.0,,,,102.0,,,,86.0,,,,0.0,,151.0,,,,250.0,,,,,,,,,2,,96.18,,,0.0,,,North Carolina State,,,,,,,0.656,,,,,,356,,,2.0,2,USA,,,,16.0,,,,,0.0,,,,,,,,,,,,,,,106,,,89.0,,,,0.371,,,,,,0.0,,,,105.8,,1640.7,,,,7.8,,,0.069,,0.0,0.489,160.0,,,0.416,,,,,,,,,,,,,,,,,,,,,,17,,,,,103.6,,0.0,,,,,,0.0,,,,,,,0.233,,,,0.118,,,0.504,,,,,,,10.8,,,,,,,,82.0,,,,,,,,,,,,240.0,,,,,,0.0,,,,,,,,,,,,,,378.0,,,10.8,,,,3.2,,,,,,,,,,,,,,,,,,,,,0.0,,,,,,,,,,,,,,,,,,0.0,,17.0,102,,,,,,,,,,,,,0.236,,,,0.0,,106.6,,,,,,,,,,84,,,,,,1.53,,,,,,,,,,,,,,,0.0,109,,,,,0.419,17,,,,,,,0.0,1579.4716666666666,,,,,0.177,,,,,,,,,1.0,,,1.0,185.0,,,,,0.585,,,,,,,,,,,61,,6,,823,,,,,,,,,,,,,79.42,,89.0,,,,,,,,,,,1992,250,,,,,,,,,,1,,,0.0,,,,183,,,,,319,,,,,0.502,,,,,0.125,,,,3.1,,7.0,,,,37.0,,,,,,,0.0,,,95.3,,,,15.5,,,42.0,,223,,,95.3,,,0.0,103.6,3.1,,,0.0,,,,,0.0,0.821,,,,,,0.638,,,,,,167,102.5,,22,16.6,,,,,106.6,,,,,,,,,,36.0,,,,,0.155,,,,127.0,,,,,0,,,,0.405,,,,,,,,,,0.508,,,635,,,,,0.0,,,,,,,,,32,,,,99.0,,,,,,33.0,0.0,,,,,,,,,35.118110236220474
67,Tom Hammonds,29,57,1998,2225,MIN,1610612750,31.0,,,,,0.118,,0.569,,,,,,,0.0,,,,82.0,,,,60.0,,,,0.0,,124.0,,,,21.0,,,,,,,,,0,,94.53,,,0.0,,,Georgia Tech,,,,,,,0.653,,,,,,271,,,0.0,3,USA,,,,1.0,,,,,0.0,,,,,,,,,,,,,,,100,,,30.0,,,,0.362,,,,,,0.0,,,,103.4,,773.2,,,,2.2,,,0.086,,0.0,0.404,134.0,,,0.533,,,,,,,,,,,,,,,,,,,,,,1,,,,,106.5,,0.0,,,,,,0.0,,,,,,,0.136,,,,0.0,,,0.516,,,,,,,12.4,,,,,,,,81.0,,,,,,,,,,,,225.0,,,,,,0.0,,,,,,,,,,,,,,52.0,,,12.2,,,,-2.3,,,,,,,,,,,,,,,,,,,,,0.0,,,,,,,,,,,,,,,,,,0.0,,0.0,127,,,,,,,,,,,,,0.137,,,,0.0,,104.2,,,,,,,,,,-65,,,,,,0.75,,,,,,,,,,,,,,,0.0,48,,,,,0.383,2,,,,,,,0.0,1141.7983333333334,,,,,0.048,,,,,,,,,0.0,,,0.0,21.0,,,,,0.509,,,,,,,,,,,15,,9,,346,,,,,,,,,,,,,78.16,,69.0,,,,,,,,,,,1989,171,,,,,,,,,,1,,,0.0,,,,92,,,,,127,,,,,0.516,,,,,0.0,,,,-2.3,,0.0,,,,16.0,,,,,,,0.0,,,93.79,,,,4.3,,,1.0,,132,,,93.79,,,0.0,106.5,-2.3,,,0.0,,,,,0.0,0.697,,,,,,0.612,,,,,,36,105.7,,17,9.2,,,,,104.2,,,,,,,,,,23.0,,,,,0.15,,,,6.0,,,,,0,,,,0.0,,,,,,,,,,0.286,,,246,,,,,0.0,,,,,,,,,27,,,,81.0,,,,,,25.0,0.0,,,,,,,,,53.65853658536585
389,Toni Kukoc,57,74,1998,4249,CHI,1610612741,29.0,,,,,0.073,,0.524,,,,,,,3.0,,,,169.0,,,,67.0,,,,4.0,,249.0,,,,163.0,,,,,,,,,63,,91.84,,,0.0,,,,,,,,,,0.663,,,,,,327,,,55.0,0,Croatia,,,,147.0,,,,,2.0,,,,,,,,,,,,,,,121,,,74.0,,,,0.403,,,,,,0.32,,,,104.6,,2030.4,,,,5.2,,,0.054,,2.0,0.362,258.0,,,0.365,,,,,,,,,,,,,,,,,,,,,,174,,,,,94.8,,4.0,,,,,,8.0,,,,,,,0.215,,,,0.362,,,0.492,,,,,,,11.0,,,,,,,,83.0,,,,,,,,,,,,232.0,,,,,,23.0,,,,,,,,,,,,,,340.0,,,11.0,,,,10.2,,,,,,,,,,,,,,,,,,,,,0.0,,,,,,,,,,,,,,,,,,0.0,,81.0,149,,,,,,,,,,,,,0.218,,,,0.286,,105.7,,,,,,,,,,470,,,,,,2.04,,,,,,,,,,,,,,,11.0,154,,,,,0.373,5,,,,,,,0.0,2235.2716666666665,,,,,0.231,,,,,,,,,14.0,,,25.0,123.0,,,,,0.77,,,,,,,,,,,76,,29,,982,,,,,,,,,,,,,75.98,,77.0,,,,,,,,,,,1990,206,,,,,,,,,,2,,,2.0,,,,155,,,,,382,,,,,0.455,,,,,0.374,,,,10.9,,74.0,,,,27.0,,,,,,,0.0,,,91.18,,,,11.4,,,197.0,,219,,,91.18,,,0.0,94.8,10.9,,,0.364,,,,,0.0,0.708,,,,,,0.655,,,,,,314,94.4,,37,22.4,,,,,105.7,,,,,,,,,,25.0,,,,,0.091,,,,57.0,,,,,0,,,,0.411,,,,,,,,,,0.35,,,840,,,,,0.311,,,,,,,,,31,,,,165.0,,,,,,31.0,0.0,,,,,,,,,26.071428571428573
1499,Tony Battie,8,65,1998,2870,DEN,1610612743,22.0,,,,,0.118,,0.477,,,,,,,1.0,,,,123.0,,,,61.0,,,,0.0,,172.0,,,,145.0,,,,,,,,,3,,92.1,,,0.0,,,Texas Tech,,,,,,,0.692,,,,,,351,,,3.0,1,USA,,,,11.0,,,,,1.0,,,,,,,,,,,,,,,138,,,116.0,,,,0.429,,,,,,0.0,,,,93.6,,1326.2,,,,3.6,,,0.09,,1.0,0.311,182.0,,,0.328,,,,,,,,,,,,,,,,,,,,,,14,,,,,109.4,,0.0,,,,,,0.0,,,,,,,0.198,,,,0.214,,,0.449,,,,,,,13.4,,,,,,,,83.0,,,,,,,,,,,,240.0,,,,,,2.0,,,,,,,,,,,,,,283.0,,,13.5,,,,-15.5,,,,,,,,,,,,,,,,,,,,,0.0,,,,,,,,,,,,,,,,,,0.0,,1.0,199,,,,,,,,,,,,,0.202,,,,0.0,,93.7,,,,,,,,,,-476,,,,,,0.61,,,,,,,,,,,,,,,0.0,98,,,,,0.393,4,,,,,,,0.0,1504.9166666666667,,,,,0.075,,,,,,,,,2.0,,,2.0,88.0,,,,,0.123,,,,,,,,,,,54,,5,,544,,,,,,,,,,,,,76.6,,56.0,,,,,,,,,,,1997,213,,,,,,,,,,1,,,1.0,,,,73,,,,,234,,,,,0.446,,,,,0.273,,,,-15.7,,7.0,,,,38.0,,,,,,,1.0,,,91.92,,,,8.1,,,11.0,,104,,,91.92,,,0.0,109.4,-15.7,,,0.0,,,,,0.0,0.702,,,,,,0.676,,,,,,60,109.1,,69,8.3,,,,,93.7,,,,,,,,,,24.0,,,,,0.148,,,,45.0,,,,,0,,,,0.091,,,,,,,,,,0.31,,,525,,,,,0.286,,,,,,,,,42,,,,119.0,,,,,,24.0,1.0,,,,,,,,,19.80952380952381
960,Tony Delk,19,77,1998,3329,GSW,1610612744,24.0,,,,,0.048,,0.452,,,,,,,15.0,,,,57.0,,,,61.0,,,,3.0,,94.0,,,,283.0,,,,,,,,,42,,94.35,,,1.0,,,Kentucky,,,,,,,0.585,,,,,,172,,,34.0,0,USA,,,,136.0,,,,,1.0,,,,,,,,,,,,,,,38,,,117.0,,,,0.368,,,,,,0.412,,,,92.6,,1391.4,,,,4.1,,,0.021,,5.0,0.401,103.0,,,0.368,,,,,,,,,,,,,,,,,,,,,,157,,,,,101.1,,4.0,,,,,,7.0,,,,,,,0.247,,,,0.268,,,0.42,,,,,,,9.5,,,,,,,,74.0,,,,,,,,,,,,192.0,,,,,,18.0,,,,,,,,,,,,,,471.0,,,9.5,,,,-9.4,,,,,,,,,,,,,,,,,,,,,1.0,,,,,,,,,,,,,,,,,,1.0,,51.0,96,,,,,,,,,,,,,0.254,,,,0.375,,91.7,,,,,,,,,,-315,,,,,,1.58,,,,,,,,,,,,,,,9.0,109,,,,,0.377,2,,,,,,,0.067,1677.9916666666666,,,,,0.194,,,,,,,,,8.0,,,17.0,189.0,,,,,0.247,,,,,,,,,,,73,,16,,781,,,,,,,,,,,,,79.38,,76.0,,,,,,,,,,,1996,134,,,,,,,,,,1,,,4.0,,,,111,,,,,314,,,,,0.393,,,,,0.25,,,,-9.4,,69.0,,,,43.0,,,,,,,1.0,,,95.26,,,,10.4,,,144.0,,151,,,95.26,,,0.25,101.1,-9.4,,,0.444,,,,,1.0,0.735,,,,,,0.553,,,,,,172,102.0,,12,15.0,,,,,91.7,,,,,,,,,,23.0,,,,,0.076,,,,119.0,,,,,0,,,,0.354,,,,,,,,,,0.42,,,798,,,,,0.261,,,,,,,,,22,,,,55.0,,,,,,28.0,0.2,,,,,,,,,18.92230576441103
434,Tony Dumas,4,7,1998,93,CLE,1610612739,25.0,,,,,0.06,,0.526,,,,,,,,,,,4.0,,,,0.0,,,,0.0,,5.0,,,,2.0,,,,,,,,,2,,92.78,,,,,,Missouri-Kansas City,,,,,,,0.8,,,,,,5,,,2.0,0,USA,,,,2.0,,,,,,,,,,,,,,,,,,,,1,,,1.0,,,,0.0,,,,,,0.0,,,,109.9,,22.5,,,,0.9,,,0.028,,,0.0,5.0,,,0.0,,,,,,,,,,,,,,,,,,,,,,4,,,,,100.0,,0.0,,,,,,0.0,,,,,,,0.178,,,,0.5,,,0.583,,,,,,,21.4,,,,,,,,78.0,,,,,,,,,,,,190.0,,,,,,0.0,,,,,,,,,,,,,,1.0,,,21.7,,,,11.0,,,,,,,,,,,,,,,,,,,,,,,,,,,,,,,,,,,,,,,,,2.0,5,,,,,,,,,,,,,0.202,,,,0.0,,98.9,,,,,,,,,,0,,,,,,1.0,,,,,,,,,,,,,,,2.0,5,,,,,0.0,0,,,,,,,,45.695,,,,,0.179,,,,,,,,,0.0,,,2.0,0.0,,,,,0.571,,,,,,,,,,,0,,19,,14,,,,,,,,,,,,,80.97,,2.0,,,,,,,,,,,1994,4,,,,,,,,,,1,,,,,,,0,,,,,6,,,,,0.5,,,,,1.0,,,,-1.1,,0.0,,,,0.0,,,,,,,,,,97.17,,,,1.7,,,4.0,,3,,,97.17,,,,100.0,-1.1,,,0.0,,,,,,0.0,,,,,,0.8,,,,,,5,99.0,,0,21.7,,,,,98.9,,,,,,,,,,0.0,,,,,0.085,,,,0.0,,,,,0,,,,0.5,,,,,,,,,,0.0,,,12,,,,,0.0,,,,,,,,,1,,,,4.0,,,,,,0.0,,,,,,,,,,25.0
1108,Tony Farmer,16,27,1998,358,CHH,1610612766,28.0,,,,,0.091,,0.477,,,,,,,0.0,,,,9.0,,,,13.0,,,,0.0,,23.0,,,,1.0,,,,,,,,,2,,97.37,,,0.0,,,Nebraska,,,,,,,0.391,,,,,,32,,,2.0,1,USA,,,,9.0,,,,,0.0,,,,,,,,,,,,,,,16,,,2.0,,,,0.188,,,,,,0.0,,,,102.0,,145.9,,,,0.6,,,0.087,,,0.6,26.0,,,0.5,,,,,,,,,,,,,,,,,,,,,,9,,,,,103.1,,0.0,,,,,,0.0,,,,,,,0.19,,,,0.222,,,0.34,,,,,,,10.7,,,,,,,,81.0,,,,,,,,,,,,245.0,,,,,,0.0,,,,,,,,,,,,,,5.0,,,10.5,,,,-6.2,,,,,,,,,,,,,,,,,,,,,0.0,,,,,,,,,,,,,,,,,,0.0,,4.0,23,,,,,,,,,,,,,0.198,,,,0.0,,98.0,,,,,,,,,,-17,,,,,,0.56,,,,,,,,,,,,,,,0.0,9,,,,,0.231,0,,,,,,,0.0,168.63833333333332,,,,,0.046,,,,,,,,,0.0,,,0.0,3.0,,,,,0.593,,,,,,,,,,,10,,Undrafted,,67,,,,,,,,,,,,,84.8,,16.0,,,,,,,,,,,Undrafted,16,,,,,,,,,,Undrafted,,,0.0,,,,31,,,,,17,,,,,0.321,,,,,0.222,,,,-5.0,,5.0,,,,1.0,,,,,,,,,,101.76,,,,2.0,,,6.0,,39,,,101.76,,,0.0,103.1,-5.0,,,0.0,,,,,0.0,0.795,,,,,,0.346,,,,,,5,108.2,,4,5.8,,,,,98.0,,,,,,,,,,3.0,,,,,0.095,,,,0.0,,,,,0,,,,0.667,,,,,,,,,,0.0,,,53,,,,,0.0,,,,,,,,,9,,,,9.0,,,,,,3.0,,,,,,,,,,73.58490566037736
763,Tony Massenburg,14,61,1998,1767,VAN,1610612763,30.0,,,,,0.135,,0.536,,,,,,,0.0,,,,93.0,,,,84.0,,,,0.0,,129.0,,,,26.0,,,,,,,,,0,,94.58,,,0.0,,,Maryland,,,,,,,0.636,,,,,,232,,,0.0,0,USA,,,,0.0,,,,,0.0,,,,,,,,,,,,,,,80,,,46.0,,,,0.391,,,,,,0.0,,,,99.1,,792.9,,,,2.4,,,0.093,,0.0,0.341,153.0,,,0.261,,,,,,,,,,,,,,,,,,,,,,0,,,,,109.6,,0.0,,,,,,0.0,,,,,,,0.211,,,,0.0,,,0.479,,,,,,,13.3,,,,,,,,81.0,,,,,,,,,,,,250.0,,,,,,0.0,,,,,,,,,,,,,,88.0,,,13.2,,,,-10.6,,,,,,,,,,,,,,,,,,,,,0.0,,,,,,,,,,,,,,,,,,0.0,,0.0,123,,,,,,,,,,,,,0.214,,,,0.0,,98.1,,,,,,,,,,-213,,,,,,0.35,,,,,,,,,,,,,,,0.0,60,,,,,0.381,4,,,,,,,0.0,894.4033333333333,,,,,0.04,,,,,,,,,0.0,,,0.0,30.0,,,,,0.23,,,,,,,,,,,25,,43,,396,,,,,,,,,,,,,79.23,,92.0,,,,,,,,,,,1990,152,,,,,,,,,,2,,,0.0,,,,100,,,,,148,,,,,0.479,,,,,0.0,,,,-11.5,,0.0,,,,12.0,,,,,,,0.0,,,95.07,,,,5.1,,,0.0,,137,,,95.07,,,0.0,109.6,-11.5,,,0.0,,,,,0.0,0.73,,,,,,0.608,,,,,,21,109.7,,24,4.6,,,,,98.1,,,,,,,,,,32.0,,,,,0.176,,,,11.0,,,,,0,,,,0.0,,,,,,,,,,0.423,,,309,,,,,0.0,,,,,,,,,39,,,,82.0,,,,,,36.0,0.0,,,,,,,,,44.336569579288025
380,Tony Smith,2,7,1998,158,MIL,1610612749,30.0,,,,,0.047,,0.369,,,,,,,0.0,,,,1.0,,,,4.0,,,,0.0,,4.0,,,,6.0,,,,,,,,,0,,92.37,,,,,,Marquette,,,,,,,0.25,,,,,,7,,,0.0,0,USA,,,,4.0,,,,,,,,,,,,,,,,,,,,4,,,5.0,,,,0.5,,,,,,0.0,,,,88.4,,54.4,,,,1.1,,,0.045,,,0.417,4.0,,,0.4,,,,,,,,,,,,,,,,,,,,,,4,,,,,101.3,,,,,,,,0.0,,,,,,,0.186,,,,0.0,,,0.333,,,,,,,20.1,,,,,,,,75.0,,,,,,,,,,,,185.0,,,,,,0.0,,,,,,,,,,,,,,12.0,,,20.0,,,,-13.7,,,,,,,,,,,,,,,,,,,,,,,,,,,,,,,,,,,,,,,0.0,,0.0,7,,,,,,,,,,,,,0.195,,,,0.0,,85.4,,,,,,,,,,-19,,,,,,1.11,,,,,,,,,,,,,,,,9,,,,,0.25,0,,,,,,,0.0,78.84833333333333,,,,,0.238,,,,,,,,,0.0,,,0.0,5.0,,,,,0.286,,,,,,,,,,,5,,51,,19,,,,,,,,,,,,,78.63,,4.0,,,,,,,,,,,1990,3,,,,,,,,,,2,,,,,,,3,,,,,8,,,,,0.333,,,,,0.0,,,,-15.9,,2.0,,,,2.0,,,,,,,,,,94.36,,,,3.4,,,3.0,,4,,,94.36,,,,101.3,-15.9,,,,,,,,,0.75,,,,,,0.25,,,,,,10,102.1,,2,22.2,,,,,85.4,,,,,,,,,,1.0,,,,,0.049,,,,4.0,,,,,0,,,,0.0,,,,,,,,,,0.667,,,24,,,,,0.0,,,,,,,,,1,,,,1.0,,,,,,2.0,,,,,,,,,,16.666666666666668
1503,Tracy McGrady,13,64,1998,2388,TOR,1610612761,19.0,,,,,0.11,,0.505,,,,,,,1.0,,,,113.0,,,,37.0,,,,3.0,,190.0,,,,61.0,,,,,,,,,14,,96.91,,,0.0,,,,,,,,,,0.589,,,,,,269,,,9.0,0,USA,,,,29.0,,,,,0.0,,,,,,,,,,,,,,,105,,,53.0,,,,0.304,,,,,,0.5,,,,98.5,,1184.8,,,,2.8,,,0.083,,1.0,0.317,194.0,,,0.302,,,,,,,,,,,,,,,,,,,,,,41,,,,,107.0,,2.0,,,,,,5.0,,,,,,,0.183,,,,0.341,,,0.467,,,,,,,10.8,,,,,,,,80.0,,,,,,,,,,,,210.0,,,,,,4.0,,,,,,,,,,,,,,123.0,,,10.8,,,,-9.7,,,,,,,,,,,,,,,,,,,,,0.0,,,,,,,,,,,,,,,,,,0.0,,12.0,86,,,,,,,,,,,,,0.187,,,,0.5,,98.2,,,,,,,,,,-232,,,,,,1.48,,,,,,,,,,,,,,,4.0,66,,,,,0.324,3,,,,,,,0.0,1179.4083333333333,,,,,0.136,,,,,,,,,6.0,,,10.0,39.0,,,,,0.203,,,,,,,,,,,49,,9,,451,,,,,,,,,,,,,81.33,,46.0,,,,,,,,,,,1997,164,,,,,,,,,,1,,,0.0,,,,79,,,,,179,,,,,0.45,,,,,0.31,,,,-8.8,,12.0,,,,16.0,,,,,,,0.0,,,97.59,,,,6.2,,,39.0,,111,,,97.59,,,0.0,107.0,-8.8,,,0.5,,,,,0.0,0.712,,,,,,0.582,,,,,,98,108.1,,61,16.0,,,,,98.2,,,,,,,,,,12.0,,,,,0.137,,,,22.0,,,,,0,,,,0.308,,,,,,,,,,0.361,,,398,,,,,0.333,,,,,,,,,28,,,,112.0,,,,,,14.0,0.0,,,,,,,,,27.889447236180903
145,Tracy Murray,42,82,1998,4473,WAS,1610612764,26.0,,,,,0.062,,0.563,,,,,,,0.0,,,,91.0,,,,70.0,,,,39.0,,139.0,,,,203.0,,,,,,,,,158,,95.39,,,0.0,,,UCLA,,,,,,,0.633,,,,,,277,,,97.0,0,USA,,,,251.0,,,,,0.0,,,,,,,,,,,,,,,75,,,108.0,,,,0.381,,,,,,0.408,,,,103.6,,1870.4,,,,5.5,,,0.032,,1.0,0.446,151.0,,,0.426,,,,,,,,,,,,,,,,,,,,,,403,,,,,103.1,,23.0,,,,,,62.0,,,,,,,0.229,,,,0.392,,,0.524,,,,,,,7.9,,,,,,,,79.0,,,,,,,,,,,,228.0,,,,,,59.0,,,,,,,,,,,,,,381.0,,,8.0,,,,-0.2,,,,,,,,,,,,,,,,,,,,,0.0,,,,,,,,,,,,,,,,,,0.0,,134.0,167,,,,,,,,,,,,,0.235,,,,0.419,,104.3,,,,,,,,,,138,,,,,,0.82,,,,,,,,,,,,,,,59.0,102,,,,,0.357,1,,,,,,,0.0,2230.15,,,,,0.065,,,,,,,,,93.0,,,152.0,170.0,,,,,0.512,,,,,,,,,,,67,,18,,1238,,,,,,,,,,,,,79.51,,84.0,,,,,,,,,,,1992,202,,,,,,,,,,1,,,0.0,,,,182,,,,,449,,,,,0.446,,,,,0.386,,,,1.2,,158.0,,,,46.0,,,,,,,0.0,,,95.41,,,,12.3,,,316.0,,209,,,95.41,,,0.0,103.1,1.2,,,0.39,,,,,0.0,0.871,,,,,,0.603,,,,,,84,103.8,,25,6.6,,,,,104.3,,,,,,,,,,25.0,,,,,0.093,,,,94.0,,,,,0,,,,0.424,,,,,,,,,,0.463,,,1007,,,,,0.373,,,,,,,,,48,,,,88.0,,,,,,32.0,0.0,,,,,,,,,20.754716981132077
696,Travis Best,58,82,1998,2884,IND,1610612754,25.0,,,,,0.043,,0.498,,,,,,,3.0,,,,82.0,,,,38.0,,,,1.0,,123.0,,,,139.0,,,,,,,,,21,,89.05,,,1.0,,,Georgia Tech,,,,,,,0.659,,,,,,122,,,19.0,0,USA,,,,60.0,,,,,4.0,,,,,,,,,,,,,,,28,,,51.0,,,,0.296,,,,,,0.143,,,,100.0,,1261.9,,,,2.5,,,0.021,,3.0,0.356,131.0,,,0.392,,,,,,,,,,,,,,,,,,,,,,70,,,,,97.0,,0.0,,,,,,1.0,,,,,,,0.199,,,,0.3,,,0.441,,,,,,,11.9,,,,,,,,71.0,,,,,,,,,,,,182.0,,,,,,9.0,,,,,,,,,,,,,,233.0,,,11.9,,,,2.3,,,,,,,,,,,,,,,,,,,,,0.0,,,,,,,,,,,,,,,,,,1.0,,31.0,193,,,,,,,,,,,,,0.204,,,,0.333,,98.9,,,,,,,,,,41,,,,,,2.53,,,,,,,,,,,,,,,4.0,111,,,,,0.237,0,,,,,,,0.333,1545.12,,,,,0.331,,,,,,,,,3.0,,,7.0,83.0,,,,,0.707,,,,,,,,,,,85,,23,,535,,,,,,,,,,,,,74.84,,54.0,,,,,,,,,,,1995,94,,,,,,,,,,1,,,3.0,,,,112,,,,,201,,,,,0.419,,,,,0.317,,,,1.9,,31.0,,,,20.0,,,,,,,0.0,,,89.81,,,,5.9,,,80.0,,131,,,89.81,,,0.333,97.0,1.9,,,0.0,,,,,0.0,0.855,,,,,,0.626,,,,,,281,97.7,,5,30.2,,,,,98.9,,,,,,,,,,9.0,,,,,0.065,,,,49.0,,,,,0,,,,0.388,,,,,,,,,,0.353,,,480,,,,,0.29,,,,,,,,,20,,,,81.0,,,,,,16.0,0.0,,,,,,,,,27.291666666666668
969,Travis Knight,31,74,1998,3049,BOS,1610612738,23.0,,,,,0.124,,0.499,,,,,,,0.0,,,,97.0,,,,21.0,,,,0.0,,160.0,,,,133.0,,,,,,,,,15,,97.46,,,0.0,,,Connecticut,,,,,,,0.581,,,,,,365,,,15.0,1,USA,,,,53.0,,,,,1.0,,,,,,,,,,,,,,,146,,,37.0,,,,0.29,,,,,,0.0,,,,98.4,,1397.0,,,,2.6,,,0.09,,0.0,0.396,169.0,,,0.27,,,,,,,,,,,,,,,,,,,,,,55,,,,,101.5,,0.0,,,,,,0.0,,,,,,,0.16,,,,0.273,,,0.458,,,,,,,12.9,,,,,,,,84.0,,,,,,,,,,,,235.0,,,,,,8.0,,,,,,,,,,,,,,192.0,,,12.8,,,,-4.9,,,,,,,,,,,,,,,,,,,,,0.0,,,,,,,,,,,,,,,,,,0.0,,23.0,253,,,,,,,,,,,,,0.162,,,,0.0,,98.6,,,,,,,,,,-138,,,,,,1.2,,,,,,,,,,,,,,,1.0,87,,,,,0.238,4,,,,,,,0.0,1501.4466666666667,,,,,0.108,,,,,,,,,1.0,,,2.0,76.0,,,,,0.419,,,,,,,,,,,54,,29,,482,,,,,,,,,,,,,81.85,,31.0,,,,,,,,,,,1996,219,,,,,,,,,,1,,,0.0,,,,81,,,,,193,,,,,0.441,,,,,0.283,,,,-3.0,,24.0,,,,10.0,,,,,,,0.0,,,98.23,,,,5.9,,,53.0,,103,,,98.23,,,0.0,101.5,-3.0,,,0.0,,,,,0.0,0.786,,,,,,0.574,,,,,,104,103.3,,82,15.3,,,,,98.6,,,,,,,,,,5.0,,,,,0.166,,,,50.0,,,,,0,,,,0.434,,,,,,,,,,0.376,,,438,,,,,0.333,,,,,,,,,17,,,,93.0,,,,,,9.0,0.0,,,,,,,,,23.515981735159816
1576,Travis Williams,23,39,1998,707,CHH,1610612766,29.0,,,,,0.13,,0.488,,,,,,,0.0,,,,43.0,,,,4.0,,,,0.0,,76.0,,,,16.0,,,,,,,,,0,,91.04,,,0.0,,,South Carolina State,,,,,,,0.566,,,,,,92,,,0.0,0,USA,,,,0.0,,,,,0.0,,,,,,,,,,,,,,,53,,,17.0,,,,0.0,,,,,,0.0,,,,104.7,,315.4,,,,1.4,,,0.14,,0.0,0.382,80.0,,,0.294,,,,,,,,,,,,,,,,,,,,,,1,,,,,107.7,,0.0,,,,,,0.0,,,,,,,0.197,,,,0.0,,,0.471,,,,,,,15.9,,,,,,,,79.0,,,,,,,,,,,,250.0,,,,,,0.0,,,,,,,,,,,,,,34.0,,,15.8,,,,-5.3,,,,,,,,,,,,,,,,,,,,,0.0,,,,,,,,,,,,,,,,,,0.0,,1.0,55,,,,,,,,,,,,,0.205,,,,0.0,,103.0,,,,,,,,,,-37,,,,,,0.67,,,,,,,,,,,,,,,1.0,30,,,,,0.0,0,,,,,,,0.0,366.5683333333333,,,,,0.094,,,,,,,,,0.0,,,1.0,13.0,,,,,0.59,,,,,,,,,,,18,,Undrafted,,136,,,,,,,,,,,,,77.31,,8.0,,,,,,,,,,,Undrafted,39,,,,,,,,,,Undrafted,,,0.0,,,,24,,,,,56,,,,,0.471,,,,,0.0,,,,-4.8,,0.0,,,,5.0,,,,,,,0.0,,,92.77,,,,3.1,,,2.0,,46,,,92.77,,,0.0,107.7,-4.8,,,0.0,,,,,0.0,0.522,,,,,,0.538,,,,,,20,110.0,,5,10.5,,,,,103.0,,,,,,,,,,0.0,,,,,0.119,,,,7.0,,,,,0,,,,0.5,,,,,,,,,,0.438,,,119,,,,,0.0,,,,,,,,,19,,,,43.0,,,,,,0.0,0.0,,,,,,,,,38.65546218487395
1607,Troy Hudson,4,8,1998,51,UTA,1610612762,22.0,,,,,0.0,,0.429,,,,,,,,,,,2.0,,,,0.0,,,,0.0,,4.0,,,,5.0,,,,,,,,,0,,89.73,,,,,,Southern Illinois,,,,,,,0.5,,,,,,2,,,0.0,0,USA,,,,3.0,,,,,,,,,,,,,,,,,,,,1,,,0.0,,,,0.0,,,,,,0.0,,,,94.0,,25.4,,,,0.8,,,0.0,,,0.571,4.0,,,0.0,,,,,,,,,,,,,,,,,,,,,,3,,,,,91.8,,,,,,,,0.0,,,,,,,0.263,,,,0.0,,,0.429,,,,,,,5.3,,,,,,,,73.0,,,,,,,,,,,,178.0,,,,,,0.0,,,,,,,,,,,,,,7.0,,,5.3,,,,-6.4,,,,,,,,,,,,,,,,,,,,,,,,,,,,,,,,,,,,,,,,,0.0,1,,,,,,,,,,,,,0.302,,,,0.0,,80.4,,,,,,,,,,-4,,,,,,4.0,,,,,,,,,,,,,,,,1,,,,,0.0,0,,,,,,,,23.64333333333333,,,,,0.444,,,,,,,,,0.0,,,0.0,4.0,,,,,0.5,,,,,,,,,,,2,,Undrafted,,12,,,,,,,,,,,,,84.59,,0.0,,,,,,,,,,,Undrafted,1,,,,,,,,,,Undrafted,,,,,,,0,,,,,6,,,,,0.429,,,,,0.0,,,,-11.4,,0.0,,,,0.0,,,,,,,,,,101.51,,,,1.8,,,5.0,,0,,,101.51,,,,91.8,-11.4,,,,,,,,,0.0,,,,,,0.5,,,,,,4,100.4,,0,21.1,,,,,80.4,,,,,,,,,,0.0,,,,,0.0,,,,4.0,,,,,0,,,,0.0,,,,,,,,,,0.8,,,14,,,,,0.0,,,,,,,,,2,,,,2.0,,,,,,0.0,,,,,,,,,,0.0
895,Tyrone Corbin,49,79,1998,4993,ATL,1610612737,35.0,,,,,0.07,,0.502,,,,,,,1.0,,,,79.0,,,,18.0,,,,1.0,,147.0,,,,267.0,,,,,,,,,49,,89.71,,,0.0,,,DePaul,,,,,,,0.531,,,,,,362,,,47.0,0,USA,,,,136.0,,,,,1.0,,,,,,,,,,,,,,,78,,,88.0,,,,0.227,,,,,,0.25,,,,105.5,,1749.9,,,,4.2,,,0.032,,1.0,0.45,149.0,,,0.318,,,,,,,,,,,,,,,,,,,,,,141,,,,,99.4,,0.0,,,,,,1.0,,,,,,,0.152,,,,0.348,,,0.472,,,,,,,8.1,,,,,,,,78.0,,,,,,,,,,,,225.0,,,,,,33.0,,,,,,,,,,,,,,438.0,,,8.1,,,,7.0,,,,,,,,,,,,,,,,,,,,,0.0,,,,,,,,,,,,,,,,,,0.0,,59.0,197,,,,,,,,,,,,,0.155,,,,0.333,,106.3,,,,,,,,,,342,,,,,,2.01,,,,,,,,,,,,,,,1.0,86,,,,,0.278,1,,,,,,,0.0,2692.96,,,,,0.105,,,,,,,,,3.0,,,4.0,197.0,,,,,0.62,,,,,,,,,,,105,,35,,806,,,,,,,,,,,,,74.18,,22.0,,,,,,,,,,,1985,284,,,,,,,,,,2,,,0.0,,,,101,,,,,328,,,,,0.439,,,,,0.346,,,,6.9,,99.0,,,,28.0,,,,,,,0.0,,,89.01,,,,9.5,,,123.0,,128,,,89.01,,,0.0,99.4,6.9,,,0.0,,,,,0.0,0.789,,,,,,0.53,,,,,,173,98.5,,7,16.3,,,,,106.3,,,,,,,,,,5.0,,,,,0.105,,,,124.0,,,,,0,,,,0.48,,,,,,,,,,0.464,,,747,,,,,0.333,,,,,,,,,28,,,,78.0,,,,,,5.0,0.0,,,,,,,,,17.13520749665328
238,Tyrone Hill,26,57,1998,3902,MIL,1610612749,30.0,,,,,0.161,,0.538,,,,,,,0.0,,,,179.0,,,,53.0,,,,0.0,,301.0,,,,15.0,,,,,,,,,0,,91.09,,,0.0,,,Xavier,,,,,,,0.565,,,,,,608,,,0.0,0,USA,,,,1.0,,,,,0.0,,,,,,,,,,,,,,,212,,,29.0,,,,0.377,,,,,,0.0,,,,101.1,,1617.6,,,,3.6,,,0.111,,0.0,0.273,320.0,,,0.276,,,,,,,,,,,,,,,,,,,,,,1,,,,,100.2,,0.0,,,,,,0.0,,,,,,,0.14,,,,0.0,,,0.498,,,,,,,14.6,,,,,,,,81.0,,,,,,,,,,,,250.0,,,,,,0.0,,,,,,,,,,,,,,55.0,,,14.6,,,,1.1,,,,,,,,,,,,,,,,,,,,,0.0,,,,,,,,,,,,,,,,,,0.0,,0.0,230,,,,,,,,,,,,,0.142,,,,0.0,,101.7,,,,,,,,,,60,,,,,,0.83,,,,,,,,,,,,,,,0.0,106,,,,,0.302,24,,,,,,,0.0,2063.175,,,,,0.067,,,,,,,,,0.0,,,0.0,15.0,,,,,0.456,,,,,,,,,,,67,,11,,571,,,,,,,,,,,,,75.66,,61.0,,,,,,,,,,,1990,396,,,,,,,,,,1,,,0.0,,,,155,,,,,208,,,,,0.498,,,,,0.0,,,,1.6,,1.0,,,,8.0,,,,,,,0.0,,,90.79,,,,7.3,,,0.0,,255,,,90.79,,,0.0,100.2,1.6,,,0.0,,,,,0.0,0.608,,,,,,0.559,,,,,,88,100.1,,30,12.1,,,,,101.7,,,,,,,,,,16.0,,,,,0.211,,,,5.0,,,,,0,,,,0.0,,,,,,,,,,0.333,,,418,,,,,0.0,,,,,,,,,61,,,,170.0,,,,,,23.0,0.0,,,,,,,,,61.004784688995215
721,Tyus Edney,25,52,1998,1345,BOS,1610612738,25.0,,,,,0.044,,0.523,,,,,,,3.0,,,,58.0,,,,18.0,,,,1.0,,113.0,,,,37.0,,,,,,,,,3,,100.95,,,0.0,,,UCLA,,,,,,,0.487,,,,,,55,,,2.0,0,USA,,,,6.0,,,,,0.0,,,,,,,,,,,,,,,20,,,23.0,,,,0.379,,,,,,1.0,,,,99.5,,641.5,,,,1.8,,,0.03,,0.0,0.375,118.0,,,0.217,,,,,,,,,,,,,,,,,,,,,,10,,,,,95.8,,0.0,,,,,,1.0,,,,,,,0.212,,,,0.3,,,0.438,,,,,,,14.0,,,,,,,,70.0,,,,,,,,,,,,152.0,,,,,,1.0,,,,,,,,,,,,,,64.0,,,14.0,,,,0.2,,,,,,,,,,,,,,,,,,,,,0.0,,,,,,,,,,,,,,,,,,0.0,,9.0,69,,,,,,,,,,,,,0.217,,,,1.0,,98.4,,,,,,,,,,39,,,,,,2.11,,,,,,,,,,,,,,,0.0,66,,,,,0.333,1,,,,,,,0.0,623.185,,,,,0.334,,,,,,,,,1.0,,,1.0,24.0,,,,,0.481,,,,,,,,,,,51,,47,,277,,,,,,,,,,,,,86.17,,29.0,,,,,,,,,,,1995,35,,,,,,,,,,2,,,3.0,,,,88,,,,,93,,,,,0.431,,,,,0.333,,,,2.5,,3.0,,,,5.0,,,,,,,0.0,,,103.4,,,,4.2,,,14.0,,111,,,103.4,,,0.0,95.8,2.5,,,0.0,,,,,0.0,0.793,,,,,,0.492,,,,,,139,99.4,,1,29.5,,,,,98.4,,,,,,,,,,6.0,,,,,0.06,,,,14.0,,,,,0,,,,0.643,,,,,,,,,,0.378,,,216,,,,,0.333,,,,,,,,,22,,,,55.0,,,,,,11.0,0.0,,,,,,,,,51.388888888888886
137,Vernon Maxwell,22,42,1998,1237,CHH,1610612766,32.0,,,,,0.045,,0.512,,,,,,,1.0,,,,45.0,,,,11.0,,,,4.0,,68.0,,,,26.0,,,,,,,,,37,,92.36,,,0.0,,,Florida,,,,,,,0.662,,,,,,57,,,31.0,2,USA,,,,95.0,,,,,1.0,,,,,,,,,,,,,,,14,,,16.0,,,,0.286,,,,,,0.353,,,,101.8,,457.4,,,,2.5,,,0.022,,1.0,0.263,71.0,,,0.25,,,,,,,,,,,,,,,,,,,,,,112,,,,,97.0,,2.0,,,,,,6.0,,,,,,,0.223,,,,0.33,,,0.471,,,,,,,10.6,,,,,,,,76.0,,,,,,,,,,,,180.0,,,,,,11.0,,,,,,,,,,,,,,57.0,,,10.6,,,,2.9,,,,,,,,,,,,,,,,,,,,,0.0,,,,,,,,,,,,,,,,,,0.0,,30.0,71,,,,,,,,,,,,,0.229,,,,0.444,,100.9,,,,,,,,,,46,,,,,,1.3,,,,,,,,,,,,,,,8.0,40,,,,,0.364,0,,,,,,,0.0,634.7566666666667,,,,,0.154,,,,,,,,,9.0,,,17.0,15.0,,,,,0.524,,,,,,,,,,,16,,47,,291,,,,,,,,,,,,,78.01,,21.0,,,,,,,,,,,1988,43,,,,,,,,,,2,,,0.0,,,,48,,,,,103,,,,,0.399,,,,,0.326,,,,3.9,,43.0,,,,4.0,,,,,,,0.0,,,93.62,,,,6.1,,,88.0,,60,,,93.62,,,0.0,97.0,3.9,,,0.25,,,,,0.0,0.8,,,,,,0.634,,,,,,52,98.8,,4,13.8,,,,,100.9,,,,,,,,,,4.0,,,,,0.071,,,,9.0,,,,,0,,,,0.341,,,,,,,,,,0.346,,,258,,,,,0.256,,,,,,,,,6,,,,45.0,,,,,,6.0,0.0,,,,,,,,,23.25581395348837
452,Vin Baker,61,82,1998,5552,SEA,1610612760,26.0,,,,,0.116,,0.564,,,,,,,2.0,,,,440.0,,,,209.0,,,,0.0,,596.0,,,,138.0,,,,,,,,,1,,91.96,,,1.0,,,Hartford,,,,,,,0.691,,,,,,655,,,0.0,7,USA,,,,3.0,,,,,0.0,,,,,,,,,,,,,,,285,,,128.0,,,,0.423,,,,,,0.0,,,,109.2,,2945.0,,,,7.7,,,0.103,,0.0,0.353,660.0,,,0.422,,,,,,,,,,,,,,,,,,,,,,7,,,,,103.0,,0.0,,,,,,0.0,,,,,,,0.244,,,,0.143,,,0.543,,,,,,,10.1,,,,,,,,83.0,,,,,,,,,,,,250.0,,,,,,0.0,,,,,,,,,,,,,,283.0,,,10.1,,,,7.7,,,,,,,,,,,,,,,,,,,,,0.0,,,,,,,,,,,,,,,,,,1.0,,7.0,278,,,,,,,,,,,,,0.247,,,,0.0,,110.8,,,,,,,,,,413,,,,,,0.87,,,,,,,,,,,,,,,0.0,174,,,,,0.378,27,,,,,,,0.5,2946.1916666666666,,,,,0.092,,,,,,,,,1.0,,,1.0,100.0,,,,,0.744,,,,,,,,,,,91,,8,,1574,,,,,,,,,,,,,75.49,,279.0,,,,,,,,,,,1993,370,,,,,,,,,,1,,,2.0,,,,311,,,,,631,,,,,0.542,,,,,0.0,,,,7.8,,2.0,,,,54.0,,,,,,,0.0,,,90.59,,,,14.2,,,25.0,,526,,,90.59,,,0.5,103.0,7.8,,,0.0,,,,,0.0,0.591,,,,,,0.667,,,,,,152,101.5,,86,8.8,,,,,110.8,,,,,,,,,,79.0,,,,,0.129,,,,50.0,,,,,0,,,,0.28,,,,,,,,,,0.362,,,1164,,,,,0.0,,,,,,,,,111,,,,412.0,,,,,,118.0,0.0,,,,,,,,,45.18900343642612
355,Vincent Askew,16,30,1998,895,POR,1610612757,32.0,,,,,0.077,,0.464,,,,,,,0.0,,,,12.0,,,,17.0,,,,0.0,,18.0,,,,6.0,,,,,,,,,0,,95.44,,,,,,Memphis,,,,,,,0.611,,,,,,68,,,0.0,0,USA,,,,1.0,,,,,0.0,,,,,,,,,,,,,,,21,,,6.0,,,,0.238,,,,,,0.0,,,,96.6,,241.6,,,,0.6,,,0.049,,0.0,0.231,22.0,,,0.167,,,,,,,,,,,,,,,,,,,,,,2,,,,,95.8,,0.0,,,,,,0.0,,,,,,,0.103,,,,0.0,,,0.352,,,,,,,24.3,,,,,,,,78.0,,,,,,,,,,,,210.0,,,,,,0.0,,,,,,,,,,,,,,13.0,,,24.1,,,,-0.2,,,,,,,,,,,,,,,,,,,,,0.0,,,,,,,,,,,,,,,,,,0.0,,1.0,39,,,,,,,,,,,,,0.106,,,,0.0,,95.6,,,,,,,,,,-3,,,,,,1.09,,,,,,,,,,,,,,,1.0,35,,,,,0.235,0,,,,,,,0.0,445.99,,,,,0.134,,,,,,,,,0.0,,,1.0,3.0,,,,,0.533,,,,,,,,,,,19,,39,,66,,,,,,,,,,,,,80.36,,21.0,,,,,,,,,,,1987,47,,,,,,,,,,2,,,,,,,28,,,,,19,,,,,0.352,,,,,0.0,,,,-0.1,,0.0,,,,1.0,,,,,,,0.0,,,96.43,,,,1.8,,,3.0,,39,,,96.43,,,,95.8,-0.1,,,0.0,,,,,0.0,0.718,,,,,,0.545,,,,,,38,96.8,,5,26.2,,,,,95.6,,,,,,,,,,4.0,,,,,0.103,,,,1.0,,,,,0,,,,0.333,,,,,,,,,,0.167,,,54,,,,,0.0,,,,,,,,,5,,,,11.0,,,,,,5.0,0.0,,,,,,,,,72.22222222222223
219,Vinny Del Negro,35,54,1998,3205,SAS,1610612759,31.0,,,,,0.046,,0.493,,,,,,,0.0,,,,23.0,,,,32.0,,,,1.0,,44.0,,,,189.0,,,,,,,,,17,,90.01,,,0.0,,,North Carolina State,,,,,,,0.477,,,,,,152,,,16.0,1,USA,,,,37.0,,,,,0.0,,,,,,,,,,,,,,,13,,,98.0,,,,0.403,,,,,,0.5,,,,102.0,,1051.9,,,,3.9,,,0.008,,0.0,0.444,49.0,,,0.459,,,,,,,,,,,,,,,,,,,,,,39,,,,,99.5,,0.0,,,,,,1.0,,,,,,,0.152,,,,0.436,,,0.458,,,,,,,7.0,,,,,,,,76.0,,,,,,,,,,,,200.0,,,,,,8.0,,,,,,,,,,,,,,329.0,,,7.1,,,,3.8,,,,,,,,,,,,,,,,,,,,,0.0,,,,,,,,,,,,,,,,,,0.0,,43.0,113,,,,,,,,,,,,,0.158,,,,0.5,,102.5,,,,,,,,,,113,,,,,,3.45,,,,,,,,,,,,,,,0.0,53,,,,,0.344,1,,,,,,,0.0,1719.7233333333334,,,,,0.172,,,,,,,,,2.0,,,2.0,146.0,,,,,0.648,,,,,,,,,,,39,,29,,513,,,,,,,,,,,,,74.34,,67.0,,,,,,,,,,,1988,139,,,,,,,,,,2,,,0.0,,,,74,,,,,211,,,,,0.441,,,,,0.432,,,,3.0,,20.0,,,,45.0,,,,,,,0.0,,,89.21,,,,8.9,,,91.0,,93,,,89.21,,,0.0,99.5,3.0,,,0.0,,,,,0.0,0.796,,,,,,0.469,,,,,,183,98.2,,6,24.6,,,,,102.5,,,,,,,,,,11.0,,,,,0.078,,,,81.0,,,,,0,,,,0.473,,,,,,,,,,0.429,,,479,,,,,0.4,,,,,,,,,10,,,,21.0,,,,,,27.0,0.0,,,,,,,,,19.41544885177453
958,Vitaly Potapenko,47,80,1998,2685,CLE,1610612739,23.0,,,,,0.118,,0.517,,,,,,,0.0,,,,133.0,,,,81.0,,,,0.0,,204.0,,,,66.0,,,,,,,,,0,,90.61,,,0.0,,,Wright State,,,,,,,0.578,,,,,,313,,,0.0,5,Ukraine,,,,0.0,,,,,0.0,,,,,,,,,,,,,,,110,,,100.0,,,,0.459,,,,,,0.0,,,,93.5,,1064.1,,,,2.9,,,0.084,,0.0,0.379,234.0,,,0.3,,,,,,,,,,,,,,,,,,,,,,1,,,,,91.8,,0.0,,,,,,0.0,,,,,,,0.222,,,,0.0,,,0.48,,,,,,,17.8,,,,,,,,82.0,,,,,,,,,,,,280.0,,,,,,0.0,,,,,,,,,,,,,,174.0,,,17.8,,,,0.1,,,,,,,,,,,,,,,,,,,,,0.0,,,,,,,,,,,,,,,,,,0.0,,0.0,198,,,,,,,,,,,,,0.229,,,,0.0,,92.6,,,,,,,,,,4,,,,,,0.43,,,,,,,,,,,,,,,1.0,132,,,,,0.457,2,,,,,,,0.0,1409.138333333333,,,,,0.083,,,,,,,,,0.0,,,1.0,66.0,,,,,0.588,,,,,,,,,,,27,,12,,570,,,,,,,,,,,,,76.5,,109.0,,,,,,,,,,,1996,203,,,,,,,,,,1,,,0.0,,,,102,,,,,234,,,,,0.48,,,,,0.0,,,,0.8,,0.0,,,,30.0,,,,,,,0.0,,,91.8,,,,6.1,,,7.0,,144,,,91.8,,,0.0,91.8,0.8,,,0.0,,,,,0.0,0.708,,,,,,0.568,,,,,,57,93.3,,28,7.7,,,,,92.6,,,,,,,,,,37.0,,,,,0.15,,,,34.0,,,,,0,,,,0.0,,,,,,,,,,0.515,,,488,,,,,0.0,,,,,,,,,37,,,,118.0,,,,,,50.0,0.0,,,,,,,,,29.508196721311474
124,Vlade Divac,40,64,1998,3441,CHH,1610612766,30.0,,,,,0.155,,0.539,,,,,,,0.0,,,,184.0,,,,60.0,,,,1.0,,293.0,,,,86.0,,,,,,,,,3,,91.91,,,0.0,,,,,,,,,,0.597,,,,,,518,,,2.0,1,Serbia,,,,12.0,,,,,0.0,,,,,,,,,,,,,,,183,,,56.0,,,,0.442,,,,,,0.5,,,,104.6,,1963.6,,,,4.2,,,0.111,,1.0,0.362,309.0,,,0.304,,,,,,,,,,,,,,,,,,,,,,14,,,,,99.0,,0.0,,,,,,1.0,,,,,,,0.185,,,,0.214,,,0.501,,,,,,,12.6,,,,,,,,85.0,,,,,,,,,,,,260.0,,,,,,0.0,,,,,,,,,,,,,,152.0,,,12.6,,,,5.5,,,,,,,,,,,,,,,,,,,,,0.0,,,,,,,,,,,,,,,,,,0.0,,7.0,179,,,,,,,,,,,,,0.188,,,,1.0,,105.2,,,,,,,,,,207,,,,,,1.51,,,,,,,,,,,,,,,1.0,114,,,,,0.417,17,,,,,,,0.0,1801.986666666667,,,,,0.154,,,,,,,,,1.0,,,2.0,55.0,,,,,0.625,,,,,,,,,,,83,,26,,667,,,,,,,,,,,,,76.45,,77.0,,,,,,,,,,,1989,335,,,,,,,,,,1,,,0.0,,,,130,,,,,267,,,,,0.498,,,,,0.167,,,,6.2,,4.0,,,,17.0,,,,,,,0.0,,,91.74,,,,8.4,,,20.0,,188,,,91.74,,,0.0,99.0,6.2,,,0.0,,,,,0.0,0.691,,,,,,0.595,,,,,,172,99.1,,94,19.0,,,,,105.2,,,,,,,,,,25.0,,,,,0.198,,,,34.0,,,,,0,,,,0.35,,,,,,,,,,0.395,,,536,,,,,0.0,,,,,,,,,34,,,,175.0,,,,,,34.0,0.0,,,,,,,,,35.07462686567164
702,Voshon Lenard,54,81,1998,4935,MIA,1610612748,25.0,,,,,0.057,,0.547,,,,,,,0.0,,,,84.0,,,,39.0,,,,37.0,,144.0,,,,134.0,,,,,,,,,153,,90.77,,,0.0,,,Minnesota,,,,,,,0.576,,,,,,292,,,85.0,0,USA,,,,219.0,,,,,0.0,,,,,,,,,,,,,,,72,,,59.0,,,,0.344,,,,,,0.418,,,,106.0,,1763.4,,,,4.5,,,0.029,,1.0,0.398,152.0,,,0.373,,,,,,,,,,,,,,,,,,,,,,378,,,,,99.2,,27.0,,,,,,64.0,,,,,,,0.177,,,,0.405,,,0.515,,,,,,,8.2,,,,,,,,76.0,,,,,,,,,,,,205.0,,,,,,44.0,,,,,,,,,,,,,,274.0,,,8.2,,,,7.4,,,,,,,,,,,,,,,,,,,,,0.0,,,,,,,,,,,,,,,,,,0.0,,147.0,219,,,,,,,,,,,,,0.182,,,,0.435,,106.5,,,,,,,,,,376,,,,,,1.82,,,,,,,,,,,,,,,68.0,99,,,,,0.231,1,,,,,,,0.0,2618.495,,,,,0.115,,,,,,,,,85.0,,,153.0,109.0,,,,,0.667,,,,,,,,,,,58,,46,,1020,,,,,,,,,,,,,75.26,,64.0,,,,,,,,,,,1994,220,,,,,,,,,,2,,,0.0,,,,141,,,,,363,,,,,0.425,,,,,0.388,,,,7.3,,121.0,,,,22.0,,,,,,,1.0,,,90.32,,,,10.5,,,348.0,,179,,,90.32,,,0.0,99.2,7.3,,,0.397,,,,,0.0,0.788,,,,,,0.553,,,,,,180,98.7,,16,15.0,,,,,106.5,,,,,,,,,,9.0,,,,,0.084,,,,56.0,,,,,0,,,,0.422,,,,,,,,,,0.418,,,854,,,,,0.364,,,,,,,,,43,,,,83.0,,,,,,22.0,1.0,,,,,,,,,20.960187353629976
1005,Walt Williams,22,59,1998,2887,POR,1610612757,28.0,,,,,0.069,,0.508,,,,,,,0.0,,,,68.0,,,,38.0,,,,8.0,,109.0,,,,95.0,,,,,,,,,80,,94.65,,,0.0,,,Maryland,,,,,,,0.596,,,,,,200,,,61.0,0,USA,,,,176.0,,,,,1.0,,,,,,,,,,,,,,,50,,,32.0,,,,0.333,,,,,,0.442,,,,96.6,,1221.0,,,,3.6,,,0.033,,0.0,0.292,114.0,,,0.25,,,,,,,,,,,,,,,,,,,,,,219,,,,,104.6,,11.0,,,,,,19.0,,,,,,,0.205,,,,0.365,,,0.46,,,,,,,11.3,,,,,,,,80.0,,,,,,,,,,,,230.0,,,,,,19.0,,,,,,,,,,,,,,171.0,,,11.3,,,,-7.4,,,,,,,,,,,,,,,,,,,,,0.0,,,,,,,,,,,,,,,,,,0.0,,75.0,161,,,,,,,,,,,,,0.209,,,,0.333,,97.2,,,,,,,,,,-214,,,,,,1.33,,,,,,,,,,,,,,,19.0,92,,,,,0.211,1,,,,,,,0.0,1471.5883333333334,,,,,0.149,,,,,,,,,24.0,,,43.0,50.0,,,,,0.373,,,,,,,,,,,59,,7,,608,,,,,,,,,,,,,78.45,,45.0,,,,,,,,,,,1992,150,,,,,,,,,,1,,,0.0,,,,108,,,,,210,,,,,0.386,,,,,0.347,,,,-7.5,,55.0,,,,8.0,,,,,,,0.0,,,94.14,,,,9.2,,,209.0,,125,,,94.14,,,0.0,104.6,-7.5,,,0.579,,,,,0.0,0.864,,,,,,0.596,,,,,,122,104.1,,35,15.0,,,,,97.2,,,,,,,,,,8.0,,,,,0.108,,,,32.0,,,,,0,,,,0.359,,,,,,,,,,0.337,,,544,,,,,0.345,,,,,,,,,30,,,,65.0,,,,,,15.0,0.0,,,,,,,,,22.977941176470587
962,Walter McCarty,36,82,1998,4656,BOS,1610612738,24.0,,,,,0.081,,0.483,,,,,,,4.0,,,,119.0,,,,55.0,,,,2.0,,194.0,,,,144.0,,,,,,,,,54,,95.67,,,0.0,,,Kentucky,,,,,,,0.577,,,,,,364,,,42.0,2,USA,,,,131.0,,,,,1.0,,,,,,,,,,,,,,,141,,,118.0,,,,0.345,,,,,,0.293,,,,99.2,,1811.3,,,,3.6,,,0.058,,1.0,0.363,210.0,,,0.271,,,,,,,,,,,,,,,,,,,,,,175,,,,,102.8,,10.0,,,,,,12.0,,,,,,,0.176,,,,0.309,,,0.441,,,,,,,12.4,,,,,,,,82.0,,,,,,,,,,,,230.0,,,,,,22.0,,,,,,,,,,,,,,273.0,,,12.4,,,,-4.6,,,,,,,,,,,,,,,,,,,,,0.0,,,,,,,,,,,,,,,,,,0.0,,42.0,274,,,,,,,,,,,,,0.179,,,,0.167,,99.5,,,,,,,,,,-213,,,,,,1.26,,,,,,,,,,,,,,,29.0,141,,,,,0.418,1,,,,,,,0.0,2342.911666666667,,,,,0.119,,,,,,,,,12.0,,,41.0,99.0,,,,,0.439,,,,,,,,,,,110,,19,,788,,,,,,,,,,,,,80.0,,87.0,,,,,,,,,,,1996,223,,,,,,,,,,1,,,4.0,,,,144,,,,,295,,,,,0.404,,,,,0.321,,,,-3.3,,72.0,,,,32.0,,,,,,,0.0,,,96.0,,,,8.9,,,125.0,,194,,,96.0,,,0.0,102.8,-3.3,,,0.345,,,,,0.0,0.742,,,,,,0.567,,,,,,177,103.8,,44,15.6,,,,,99.5,,,,,,,,,,23.0,,,,,0.108,,,,57.0,,,,,0,,,,0.336,,,,,,,,,,0.396,,,730,,,,,0.306,,,,,,,,,30,,,,112.0,,,,,,30.0,0.0,,,,,,,,,26.575342465753426
445,Wesley Person,47,82,1998,6173,CLE,1610612739,27.0,,,,,0.06,,0.583,,,,,,,0.0,,,,107.0,,,,64.0,,,,15.0,,146.0,,,,158.0,,,,,,,,,192,,93.06,,,0.0,,,Auburn,,,,,,,0.719,,,,,,363,,,134.0,0,USA,,,,318.0,,,,,3.0,,,,,,,,,,,,,,,65,,,87.0,,,,0.333,,,,,,0.449,,,,100.2,,2345.6,,,,5.4,,,0.022,,2.0,0.411,162.0,,,0.391,,,,,,,,,,,,,,,,,,,,,,447,,,,,97.6,,42.0,,,,,,57.0,,,,,,,0.159,,,,0.43,,,0.56,,,,,,,8.3,,,,,,,,78.0,,,,,,,,,,,,195.0,,,,,,72.0,,,,,,,,,,,,,,282.0,,,8.3,,,,3.5,,,,,,,,,,,,,,,,,,,,,0.0,,,,,,,,,,,,,,,,,,0.0,,137.0,108,,,,,,,,,,,,,0.164,,,,0.341,,100.3,,,,,,,,,,169,,,,,,1.71,,,,,,,,,,,,,,,83.0,110,,,,,0.391,0,,,,,,,0.0,3199.545,,,,,0.102,,,,,,,,,44.0,,,127.0,116.0,,,,,0.573,,,,,,,,,,,129,,23,,1204,,,,,,,,,,,,,77.15,,84.0,,,,,,,,,,,1994,298,,,,,,,,,,1,,,0.0,,,,132,,,,,440,,,,,0.46,,,,,0.421,,,,2.7,,175.0,,,,34.0,,,,,,,1.0,,,92.58,,,,11.7,,,306.0,,170,,,92.58,,,0.0,97.6,2.7,,,0.506,,,,,0.0,0.776,,,,,,0.66,,,,,,188,96.7,,49,14.2,,,,,100.3,,,,,,,,,,25.0,,,,,0.097,,,,64.0,,,,,0,,,,0.448,,,,,,,,,,0.405,,,957,,,,,0.411,,,,,,,,,40,,,,105.0,,,,,,28.0,0.5,,,,,,,,,17.763845350052247
781,Will Perdue,53,79,1998,2835,SAS,1610612759,32.0,,,,,0.182,,0.557,,,,,,,0.0,,,,152.0,,,,26.0,,,,0.0,,246.0,,,,1.0,,,,,,,,,0,,90.56,,,0.0,,,Vanderbilt,,,,,,,0.602,,,,,,535,,,0.0,1,USA,,,,1.0,,,,,1.0,,,,,,,,,,,,,,,177,,,8.0,,,,0.333,,,,,,0.0,,,,102.6,,1256.5,,,,2.1,,,0.128,,0.0,0.167,259.0,,,0.25,,,,,,,,,,,,,,,,,,,,,,1,,,,,95.2,,0.0,,,,,,0.0,,,,,,,0.133,,,,0.0,,,0.549,,,,,,,16.5,,,,,,,,84.0,,,,,,,,,,,,240.0,,,,,,0.0,,,,,,,,,,,,,,12.0,,,16.4,,,,7.0,,,,,,,,,,,,,,,,,,,,,0.0,,,,,,,,,,,,,,,,,,0.0,,0.0,137,,,,,,,,,,,,,0.136,,,,0.0,,101.3,,,,,,,,,,158,,,,,,0.7,,,,,,,,,,,,,,,0.0,81,,,,,0.308,9,,,,,,,0.0,1493.355,,,,,0.059,,,,,,,,,0.0,,,0.0,2.0,,,,,0.671,,,,,,,,,,,22,,11,,394,,,,,,,,,,,,,76.14,,36.0,,,,,,,,,,,1988,358,,,,,,,,,,1,,,0.0,,,,70,,,,,162,,,,,0.549,,,,,0.0,,,,6.1,,0.0,,,,2.0,,,,,,,0.0,,,91.36,,,,3.7,,,0.0,,133,,,91.36,,,0.0,95.2,6.1,,,0.0,,,,,0.0,0.526,,,,,,0.587,,,,,,57,95.6,,50,11.6,,,,,101.3,,,,,,,,,,8.0,,,,,0.232,,,,0.0,,,,,0,,,,0.0,,,,,,,,,,0.0,,,295,,,,,0.0,,,,,,,,,26,,,,148.0,,,,,,12.0,0.0,,,,,,,,,45.08474576271186
1061,William Cunningham,6,7,1998,72,PHI,1610612755,24.0,,,,,0.0,,0.444,,,,,,,0.0,,,,3.0,,,,2.0,,,,,,5.0,,,,0.0,,,,,,,,,0,,83.96,,,0.0,,,Temple,,,,,,,0.6,,,,,,10,,,0.0,0,USA,,,,0.0,,,,,,,,,,,,,,,,,,,,4,,,2.0,,,,0.5,,,,,,,,,,104.0,,27.5,,,,0.6,,,0.114,,,0.0,5.0,,,0.0,,,,,,,,,,,,,,,,,,,,,,0,,,,,77.1,,,,,,,,,,,,,,,0.102,,,,0.0,,,0.444,,,,,,,0.0,,,,,,,,83.0,,,,,,,,,,,,250.0,,,,,,0.0,,,,,,,,,,,,,,2.0,,,0.0,,,,27.4,,,,,,,,,,,,,,,,,,,,,,,,,,,,,,,,,,,,,,,0.0,,0.0,10,,,,,,,,,,,,,0.112,,,,,,95.8,,,,,,,,,,15,,,,,,0.0,,,,,,,,,,,,,,,,0,,,,,0.5,0,,,,,,,0.0,39.138333333333335,,,,,0.042,,,,,,,,,,,,,0.0,,,,,0.857,,,,,,,,,,,2,,Undrafted,,8,,,,,,,,,,,,,72.56,,2.0,,,,,,,,,,,Undrafted,6,,,,,,,,,,Undrafted,,,0.0,,,,0,,,,,4,,,,,0.444,,,,,0.0,,,,18.7,,0.0,,,,0.0,,,,,,,,,,87.08,,,,1.3,,,0.0,,0,,,87.08,,,0.0,77.1,18.7,,,,,,,,,0.0,,,,,,0.6,,,,,,1,76.5,,0,10.0,,,,,95.8,,,,,,,,,,1.0,,,,,0.0,,,,0.0,,,,,0,,,,0.0,,,,,,,,,,0.0,,,9,,,,,0.0,,,,,,,,,1,,,,3.0,,,,,,1.0,,,,,,,,,,0.0
416,Willie Burton,10,13,1998,90,SAS,1610612759,30.0,,,,,0.101,,0.514,,,,,,,,,,,4.0,,,,1.0,,,,1.0,,5.0,,,,5.0,,,,,,,,,3,,93.41,,,,,,Minnesota,,,,,,,0.6,,,,,,9,,,2.0,0,USA,,,,6.0,,,,,,,,,,,,,,,,,,,,3,,,0.0,,,,0.5,,,,,,0.333,,,,111.3,,50.3,,,,0.6,,,0.064,,,0.2,6.0,,,0.0,,,,,,,,,,,,,,,,,,,,,,9,,,,,113.3,,0.0,,,,,,1.0,,,,,,,0.257,,,,0.333,,,0.452,,,,,,,3.5,,,,,,,,80.0,,,,,,,,,,,,210.0,,,,,,2.0,,,,,,,,,,,,,,5.0,,,3.4,,,,-6.8,,,,,,,,,,,,,,,,,,,,,,,,,,,,,,,,,,,,,,,,,1.0,7,,,,,,,,,,,,,0.276,,,,0.333,,100.0,,,,,,,,,,-4,,,,,,1.0,,,,,,,,,,,,,,,0.0,1,,,,,0.0,0,,,,,,,,41.24166666666667,,,,,0.043,,,,,,,,,3.0,,,3.0,1.0,,,,,0.769,,,,,,,,,,,2,,9,,27,,,,,,,,,,,,,83.9,,2.0,,,,,,,,,,,1990,6,,,,,,,,,,1,,,,,,,8,,,,,8,,,,,0.381,,,,,0.333,,,,-13.3,,5.0,,,,0.0,,,,,,,,,,100.67,,,,1.6,,,4.0,,12,,,100.67,,,,113.3,-13.3,,,0.0,,,,,,0.667,,,,,,0.667,,,,,,1,118.0,,2,3.4,,,,,100.0,,,,,,,,,,0.0,,,,,0.143,,,,1.0,,,,,0,,,,0.25,,,,,,,,,,0.2,,,21,,,,,0.4,,,,,,,,,0,,,,3.0,,,,,,1.0,,,,,,,,,,57.142857142857146
1365,Xavier McDaniel,11,20,1998,358,NJN,1610612751,35.0,,,,,0.084,,0.373,,,,,,,0.0,,,,5.0,,,,4.0,,,,0.0,,7.0,,,,10.0,,,,,,,,,0,,92.86,,,0.0,,,Wichita State,,,,,,,0.714,,,,,,31,,,0.0,1,USA,,,,0.0,,,,,0.0,,,,,,,,,,,,,,,12,,,9.0,,,,0.333,,,,,,0.0,,,,95.4,,82.7,,,,0.5,,,0.059,,0.0,0.176,7.0,,,0.222,,,,,,,,,,,,,,,,,,,,,,0,,,,,93.9,,0.0,,,,,,0.0,,,,,,,0.096,,,,0.0,,,0.333,,,,,,,15.8,,,,,,,,79.0,,,,,,,,,,,,205.0,,,,,,0.0,,,,,,,,,,,,,,17.0,,,15.7,,,,-2.1,,,,,,,,,,,,,,,,,,,,,0.0,,,,,,,,,,,,,,,,,,0.0,,0.0,23,,,,,,,,,,,,,0.102,,,,0.0,,91.3,,,,,,,,,,-12,,,,,,1.13,,,,,,,,,,,,,,,0.0,8,,,,,0.25,0,,,,,,,0.0,178.5,,,,,0.083,,,,,,,,,0.0,,,0.0,3.0,,,,,0.55,,,,,,,,,,,3,,4,,25,,,,,,,,,,,,,80.56,,6.0,,,,,,,,,,,1985,19,,,,,,,,,,1,,,0.0,,,,5,,,,,10,,,,,0.333,,,,,0.0,,,,-2.6,,0.0,,,,2.0,,,,,,,0.0,,,96.67,,,,1.5,,,0.0,,8,,,96.67,,,0.0,93.9,-2.6,,,0.0,,,,,0.0,0.625,,,,,,0.714,,,,,,9,97.5,,2,17.6,,,,,91.3,,,,,,,,,,1.0,,,,,0.115,,,,2.0,,,,,0,,,,0.0,,,,,,,,,,0.2,,,30,,,,,0.0,,,,,,,,,2,,,,5.0,,,,,,2.0,0.0,,,,,,,,,26.666666666666668
212,Yinka Dare,6,10,1998,132,NJN,1610612751,25.0,,,,,0.123,,0.279,,,,,,,0.0,,,,1.0,,,,6.0,,,,0.0,,8.0,,,,0.0,,,,,,,,,0,,96.73,,,0.0,,,George Washington,,,,,,,0.125,,,,,,17,,,0.0,0,USA,,,,0.0,,,,,,,,,,,,,,,,,,,,10,,,3.0,,,,0.286,,,,,,0.0,,,,93.7,,37.9,,,,0.4,,,0.118,,0.0,0.333,9.0,,,0.333,,,,,,,,,,,,,,,,,,,,,,0,,,,,105.6,,0.0,,,,,,0.0,,,,,,,0.147,,,,0.0,,,0.222,,,,,,,8.2,,,,,,,,84.0,,,,,,,,,,,,265.0,,,,,,0.0,,,,,,,,,,,,,,3.0,,,8.0,,,,-15.9,,,,,,,,,,,,,,,,,,,,,,,,,,,,,,,,,,,,,,,0.0,,0.0,9,,,,,,,,,,,,,0.162,,,,0.0,,83.3,,,,,,,,,,-23,,,,,,0.5,,,,,,,,,,,,,,,0.0,2,,,,,0.333,0,,,,,,,0.0,59.251666666666665,,,,,0.026,,,,,,,,,0.0,,,0.0,1.0,,,,,0.6,,,,,,,,,,,0,,14,,12,,,,,,,,,,,,,87.09,,7.0,,,,,,,,,,,1994,7,,,,,,,,,,1,,,0.0,,,,4,,,,,4,,,,,0.222,,,,,0.0,,,,-22.2,,0.0,,,,1.0,,,,,,,0.0,,,104.5,,,,1.8,,,0.0,,8,,,104.5,,,0.0,105.6,-22.2,,,0.0,,,,,,0.5,,,,,,0.111,,,,,,1,109.6,,2,4.0,,,,,83.3,,,,,,,,,,2.0,,,,,0.132,,,,0.0,,,,,0,,,,0.0,,,,,,,,,,0.0,,,18,,,,,0.0,,,,,,,,,5,,,,1.0,,,,,,2.0,0.0,,,,,,,,,44.44444444444444
440,Zan Tabak,16,57,1998,1902,BOS,1610612738,28.0,,,,,0.113,,0.464,,,,,,,0.0,,,,73.0,,,,45.0,,,,0.0,,106.0,,,,99.0,,,,,,,,,0,,92.78,,,0.0,,,,,,,,,,0.632,,,,,,212,,,0.0,0,Croatia,,,,1.0,,,,,0.0,,,,,,,,,,,,,,,84,,,31.0,,,,0.511,,,,,,0.0,,,,93.4,,746.4,,,,2.5,,,0.082,,,0.34,115.0,,,0.258,,,,,,,,,,,,,,,,,,,,,,1,,,,,104.1,,0.0,,,,,,0.0,,,,,,,0.176,,,,0.0,,,0.467,,,,,,,13.9,,,,,,,,84.0,,,,,,,,,,,,245.0,,,,,,0.0,,,,,,,,,,,,,,150.0,,,13.9,,,,-11.3,,,,,,,,,,,,,,,,,,,,,0.0,,,,,,,,,,,,,,,,,,0.0,,5.0,163,,,,,,,,,,,,,0.18,,,,0.0,,93.2,,,,,,,,,,-217,,,,,,0.79,,,,,,,,,,,,,,,0.0,61,,,,,0.467,0,,,,,,,0.0,982.5016666666668,,,,,0.083,,,,,,,,,0.0,,,0.0,51.0,,,,,0.281,,,,,,,,,,,20,,51,,307,,,,,,,,,,,,,77.62,,47.0,,,,,,,,,,,1991,128,,,,,,,,,,2,,,0.0,,,,23,,,,,142,,,,,0.467,,,,,0.0,,,,-10.9,,1.0,,,,8.0,,,,,,,,,,93.14,,,,5.3,,,13.0,,61,,,93.14,,,0.0,104.1,-10.9,,,0.0,,,,,0.0,0.377,,,,,,0.635,,,,,,48,104.6,,38,10.9,,,,,93.2,,,,,,,,,,21.0,,,,,0.149,,,,35.0,,,,,0,,,,0.385,,,,,,,,,,0.354,,,304,,,,,0.0,,,,,,,,,16,,,,67.0,,,,,,24.0,,,,,,,,,,20.06578947368421
980,Zydrunas Ilgauskas,47,82,1998,4546,CLE,1610612739,23.0,,,,,0.163,,0.564,,,,,,,1.0,,,,311.0,,,,194.0,,,,0.0,,458.0,,,,40.0,,,,,,,,,1,,92.37,,,0.0,,,,,,,,,,0.644,,,,,,723,,,1.0,2,Lithuania,,,,3.0,,,,,0.0,,,,,,,,,,,,,,,279,,,134.0,,,,0.395,,,,,,0.0,,,,100.6,,2527.1,,,,5.5,,,0.129,,1.0,0.363,503.0,,,0.41,,,,,,,,,,,,,,,,,,,,,,4,,,,,96.6,,0.0,,,,,,0.0,,,,,,,0.219,,,,0.25,,,0.519,,,,,,,12.0,,,,,,,,87.0,,,,,,,,,,,,260.0,,,,,,1.0,,,,,,,,,,,,,,171.0,,,11.9,,,,4.4,,,,,,,,,,,,,,,,,,,,,0.0,,,,,,,,,,,,,,,,,,0.0,,1.0,288,,,,,,,,,,,,,0.223,,,,0.0,,101.3,,,,,,,,,,211,,,,,,0.48,,,,,,,,,,,,,,,0.0,147,,,,,0.381,35,,,,,,,0.0,2376.2533333333336,,,,,0.054,,,,,,,,,0.0,,,0.0,62.0,,,,,0.573,,,,,,,,,,,52,,20,,1139,,,,,,,,,,,,,76.57,,243.0,,,,,,,,,,,1996,444,,,,,,,,,,1,,,1.0,,,,230,,,,,454,,,,,0.518,,,,,0.333,,,,4.8,,2.0,,,,55.0,,,,,,,0.0,,,91.89,,,,10.7,,,1.0,,302,,,91.89,,,0.0,96.6,4.8,,,0.0,,,,,0.0,0.762,,,,,,0.618,,,,,,71,96.3,,135,5.8,,,,,101.3,,,,,,,,,,74.0,,,,,0.196,,,,12.0,,,,,0,,,,1.0,,,,,,,,,,0.3,,,876,,,,,0.5,,,,,,,,,56,,,,295.0,,,,,,96.0,0.0,,,,,,,,,34.47488584474886
