PLAYER_ID,PLAYER_NAME,NICKNAME,TEAM_ID,TEAM_ABBREVIATION,AGE,GP,W,L,W_PCT,MIN,FGM,FGA,FG_PCT,FG3M,FG3A,FG3_PCT,FTM,FTA,FT_PCT,OREB,DREB,REB,AST,TOV,STL,BLK,BLKA,PF,PFD,PTS,PLUS_MINUS,NBA_FANTASY_PTS,DD2,TD3,WNBA_FANTASY_PTS,GP_RANK,W_RANK,L_RANK,W_PCT_RANK,MIN_RANK,FGM_RANK,FGA_RANK,FG_PCT_RANK,FG3M_RANK,FG3A_RANK,FG3_PCT_RANK,FTM_RANK,FTA_RANK,FT_PCT_RANK,OREB_RANK,DREB_RANK,REB_RANK,AST_RANK,TOV_RANK,STL_RANK,BLK_RANK,BLKA_RANK,PF_RANK,PFD_RANK,PTS_RANK,PLUS_MINUS_RANK,NBA_FANTASY_PTS_RANK,DD2_RANK,TD3_RANK,WNBA_FANTASY_PTS_RANK,TEAM_COUNT,team_poss,E_OFF_RATING,OFF_RATING,sp_work_OFF_RATING,E_DEF_RATING,DEF_RATING,sp_work_DEF_RATING,E_NET_RATING,NET_RATING,sp_work_NET_RATING,AST_PCT,AST_TO,AST_RATIO,OREB_PCT,DREB_PCT,REB_PCT,TM_TOV_PCT,E_TOV_PCT,EFG_PCT,TS_PCT,USG_PCT,E_USG_PCT,E_PACE,PACE,PACE_PER40,sp_work_PACE,PIE,POSS,FGM_PG,FGA_PG,E_OFF_RATING_RANK,OFF_RATING_RANK,sp_work_OFF_RATING_RANK,E_DEF_RATING_RANK,DEF_RATING_RANK,sp_work_DEF_RATING_RANK,E_NET_RATING_RANK,NET_RATING_RANK,sp_work_NET_RATING_RANK,AST_PCT_RANK,AST_TO_RANK,AST_RATIO_RANK,OREB_PCT_RANK,DREB_PCT_RANK,REB_PCT_RANK,TM_TOV_PCT_RANK,E_TOV_PCT_RANK,EFG_PCT_RANK,TS_PCT_RANK,USG_PCT_RANK,E_USG_PCT_RANK,E_PACE_RANK,PACE_RANK,sp_work_PACE_RANK,PIE_RANK,FGM_PG_RANK,FGA_PG_RANK,PASSES_MADE,PASSES_RECEIVED,FT_AST,SECONDARY_AST,POTENTIAL_AST,AST_PTS_CREATED,AST_ADJ,AST_TO_PASS_PCT,AST_TO_PASS_PCT_ADJ,DRIVES,DRIVE_FGM,DRIVE_FGA,DRIVE_FG_PCT,DRIVE_FTM,DRIVE_FTA,DRIVE_FT_PCT,DRIVE_PTS,DRIVE_PTS_PCT,DRIVE_PASSES,DRIVE_PASSES_PCT,DRIVE_AST,DRIVE_AST_PCT,DRIVE_TOV,DRIVE_TOV_PCT,DRIVE_PF,DRIVE_PF_PCT,POINTS,TOUCHES,FRONT_CT_TOUCHES,TIME_OF_POSS,AVG_SEC_PER_TOUCH,AVG_DRIB_PER_TOUCH,PTS_PER_TOUCH,ELBOW_TOUCHES,POST_TOUCHES,PAINT_TOUCHES,PTS_PER_ELBOW_TOUCH,PTS_PER_POST_TOUCH,PTS_PER_PAINT_TOUCH,OREB_CONTEST,OREB_UNCONTEST,OREB_CONTEST_PCT,OREB_CHANCES,OREB_CHANCE_PCT,OREB_CHANCE_DEFER,OREB_CHANCE_PCT_ADJ,AVG_OREB_DIST,DREB_CONTEST,DREB_UNCONTEST,DREB_CONTEST_PCT,DREB_CHANCES,DREB_CHANCE_PCT,DREB_CHANCE_DEFER,DREB_CHANCE_PCT_ADJ,AVG_DREB_DIST,REB_CONTEST,REB_UNCONTEST,REB_CONTEST_PCT,REB_CHANCES,REB_CHANCE_PCT,REB_CHANCE_DEFER,REB_CHANCE_PCT_ADJ,AVG_REB_DIST,G,very_tight_FGA_FREQUENCY,very_tight_FGM,very_tight_FGA,very_tight_FG_PCT,very_tight_EFG_PCT,very_tight_FG2A_FREQUENCY,very_tight_FG2M,very_tight_FG2A,very_tight_FG2_PCT,very_tight_FG3A_FREQUENCY,very_tight_FG3M,very_tight_FG3A,very_tight_FG3_PCT,tight_FGA_FREQUENCY,tight_FGM,tight_FGA,tight_FG_PCT,tight_EFG_PCT,tight_FG2A_FREQUENCY,tight_FG2M,tight_FG2A,tight_FG2_PCT,tight_FG3A_FREQUENCY,tight_FG3M,tight_FG3A,tight_FG3_PCT,open_FGA_FREQUENCY,open_FGM,open_FGA,open_FG_PCT,open_EFG_PCT,open_FG2A_FREQUENCY,open_FG2M,open_FG2A,open_FG2_PCT,open_FG3A_FREQUENCY,open_FG3M,open_FG3A,open_FG3_PCT,wide_open_FGA_FREQUENCY,wide_open_FGM,wide_open_FGA,wide_open_FG_PCT,wide_open_EFG_PCT,wide_open_FG2A_FREQUENCY,wide_open_FG2M,wide_open_FG2A,wide_open_FG2_PCT,wide_open_FG3A_FREQUENCY,wide_open_FG3M,wide_open_FG3A,wide_open_FG3_PCT,PULL_UP_FGM,PULL_UP_FGA,PULL_UP_FG_PCT,PULL_UP_PTS,PULL_UP_FG3M,PULL_UP_FG3A,PULL_UP_FG3_PCT,PULL_UP_EFG_PCT,CATCH_SHOOT_PTS,CATCH_SHOOT_FG_PCT,PAINT_TOUCH_PTS,PAINT_TOUCH_FG_PCT,POST_TOUCH_PTS,POST_TOUCH_FG_PCT,ELBOW_TOUCH_PTS,ELBOW_TOUCH_FG_PCT,EFF_FG_PCT,RA_FGM,RA_FGA,RA_FG_PCT,ITP_FGM,ITP_FGA,ITP_FG_PCT,MID_FGM,MID_FGA,MID_FG_PCT,LEFT_CORNER_3_FGM,LEFT_CORNER_3_FGA,LEFT_CORNER_3_FG_PCT,RIGHT_CORNER_3_FGM,RIGHT_CORNER_3_FGA,RIGHT_CORNER_3_FG_PCT,ABOVE_BREAK_3_FGM,ABOVE_BREAK_3_FGA,ABOVE_BREAK_3_FG_PCT,BACKCOURT_FGM,BACKCOURT_FGA,BACKCOURT_FG_PCT,CORNER_3_FGM,CORNER_3_FGA,CORNER_3_FG_PCT,TEAM_ABBR,FGM_LT_5,FGA_LT_5,FGP_LT_5,FGM_5_9,FGA_5_9,FGP_5_9,FGM_10_14,FGA_10_14,FGP_10_14,FGM_15_19,FGA_15_19,FGP_15_19,FGM_20_24,FGA_20_24,FGP_20_24,FGM_25_29,FGA_25_29,FGP_25_29,FGM_30_34,FGA_30_34,FGP_30_34,FGM_35_39,FGA_35_39,FGP_35_39,FGM_40_PLUS,FGA_40_PLUS,FGP_40_PLUS,CATCH_SHOOT_FGM,CATCH_SHOOT_FGA,CATCH_SHOOT_FG3M,CATCH_SHOOT_FG3A,CATCH_SHOOT_FG3_PCT,CATCH_SHOOT_EFG_PCT,overall_def_D_FGM,overall_def_D_FGA,overall_def_D_FG_PCT,overall_def_NORMAL_FG_PCT,overall_def_PCT_PLUSMINUS,three_pt_def_FG3M,three_pt_def_FG3A,three_pt_def_FG3_PCT,three_pt_def_NS_FG3_PCT,three_pt_def_PLUSMINUS,two_pt_def_FG2M,two_pt_def_FG2A,two_pt_def_FG2_PCT,two_pt_def_NS_FG2_PCT,two_pt_def_PLUSMINUS,less_6ft_def_FGM_LT_06,less_6ft_def_FGA_LT_06,less_6ft_def_LT_06_PCT,less_6ft_def_NS_LT_06_PCT,less_6ft_def_PLUSMINUS,less_10ft_def_FGM_LT_10,less_10ft_def_FGA_LT_10,less_10ft_def_LT_10_PCT,less_10ft_def_NS_LT_10_PCT,less_10ft_def_PLUSMINUS,more_15ft_def_FGM_GT_15,more_15ft_def_FGA_GT_15,more_15ft_def_GT_15_PCT,more_15ft_def_NS_GT_15_PCT,more_15ft_def_PLUSMINUS,hustle_CONTESTED_SHOTS,hustle_CONTESTED_SHOTS_2PT,hustle_CONTESTED_SHOTS_3PT,hustle_DEFLECTIONS,hustle_CHARGES_DRAWN,hustle_SCREEN_ASSISTS,hustle_SCREEN_AST_PTS,hustle_OFF_LOOSE_BALLS_RECOVERED,hustle_DEF_LOOSE_BALLS_RECOVERED,hustle_LOOSE_BALLS_RECOVERED,hustle_PCT_LOOSE_BALLS_RECOVERED_OFF,hustle_PCT_LOOSE_BALLS_RECOVERED_DEF,hustle_OFF_BOXOUTS,hustle_DEF_BOXOUTS,hustle_BOX_OUTS,hustle_BOX_OUT_PLAYER_TEAM_REBS,hustle_BOX_OUT_PLAYER_REBS,hustle_PCT_BOX_OUTS_OFF,hustle_PCT_BOX_OUTS_DEF,hustle_PCT_BOX_OUTS_TEAM_REB,hustle_PCT_BOX_OUTS_REB,DIST_FEET,DIST_MILES,DIST_MILES_OFF,DIST_MILES_DEF,AVG_SPEED,AVG_SPEED_OFF,AVG_SPEED_DEF,year,date,playoffs
202329,Al-Farouq Aminu,Al-Farouq,1610612757,POR,26.0,1,0,1,0.0,18.983333333333334,0,4,0.0,0,1,0.0,2,6,0.333,1,6,7,1,2,0,1,1,1,3,2,-9,12.9,0,0,12.0,1,87,87,87,108,142,115,142,77,99,77,36,13,82,45,17,22,79,27,79,20,111,32,25,133,131,111,10,1,117,1,93,75.3,75.6,75.6,98.1,95.2,95.2,-22.8,-19.6,-19.6,0.091,0.5,10.0,0.0,0.0,0.0,20.0,20.7,0.0,0.151,0.205,0.196,103.57,104.93,87.45,104.93,-0.019,41,0.0,4.0,149,151,151,63,43,43,135,132,132,81,77,94,41,68,33,129,136,142,145,69,76,31,24,24,151,142,115,22,16,0.0,0,3,2,1,0.045,0.045,4,0,1,0.0,2,4,0.5,2,0.5,0,0.0,0,0.0,1,0.25,2,0.5,2,31,12,1.0,2.0,1.45,0.065,1,0,1,0.0,0.0,0.0,0.0,1.0,0.0,3.0,0.333,0.0,0.333,14.1,3.0,3.0,0.5,7.0,0.857,1.0,1.0,5.3,3.0,4.0,0.429,10.0,0.7,1.0,0.778,6.5,1.0,0.25,0.0,1.0,0.0,0.0,0.25,0.0,1.0,0.0,0.0,0.0,0.0,,0.5,0.0,2.0,0.0,0.0,0.5,0.0,2.0,0.0,0.0,0.0,0.0,,,,,,,,,,,,,,,0.25,0.0,1.0,0.0,0.0,0.0,0.0,0.0,,0.25,0.0,1.0,0.0,0,0,,0,0.0,0.0,,,0,0.0,0,0.0,0,0.0,0,0.0,0.0,0.0,2.0,0.0,0.0,0.0,0.0,0.0,1.0,0.0,,,,0.0,0.0,0.0,0.0,1.0,0.0,0.0,0.0,0.0,0.0,0.0,0.0,POR,0.0,2.0,0.0,0.0,0.0,0.0,0.0,0.0,0.0,0.0,1.0,0.0,0.0,1.0,0.0,0.0,0.0,0.0,,,,,,,0.0,0.0,0.0,0,1,0.0,1.0,0.0,0.0,3.0,8.0,0.375,0.448,-0.073,2.0,3.0,0.667,0.34,0.327,1.0,5.0,0.2,0.52,-0.32,1.0,4.0,0.25,0.62,-0.37,1.0,4.0,0.25,0.576,-0.326,2.0,4.0,0.5,0.341,0.159,8.0,5.0,3.0,0.0,0.0,2.0,4.0,0.0,0.0,2.0,0.0,0.0,0.0,0.0,0.0,0.0,0.0,0.0,0.0,0.0,0.0,7250,1.4,0.8,0.6,4.45,4.92,3.93,2017,20170321,False
203458,Alex Len,Alex,1610612756,PHX,24.0,1,0,1,0.0,35.55166666666667,5,13,0.385,0,2,0.0,2,2,1.0,3,8,11,0,3,0,4,2,3,2,12,-14,34.2,1,0,31.0,1,87,87,87,26,42,33,93,77,73,77,36,44,1,12,8,8,118,11,79,1,154,113,50,45,151,25,1,1,28,1,104,78.5,83.1,83.1,100.1,100.0,100.0,-21.5,-16.9,-16.9,0.0,0.0,0.0,0.067,0.2,0.129,17.6,17.8,0.385,0.432,0.187,0.187,107.63,104.64,87.2,104.64,0.097,77,5.0,13.0,148,143,143,72,62,62,131,124,124,118,88,118,17,8,6,123,124,104,103,86,86,12,26,26,78,42,33,39,33,0.0,0,1,0,0,0.0,0.0,2,0,1,0.0,2,2,1.0,2,1.0,0,0.0,0,0.0,0,0.0,1,0.5,12,59,34,1.5,1.52,0.36,0.203,5,3,16,0.8,0.0,0.625,2.0,1.0,0.667,13.0,0.231,0.0,0.231,1.4,5.0,3.0,0.625,19.0,0.421,2.0,0.471,4.0,7.0,4.0,0.636,32.0,0.344,2.0,0.367,3.3,1.0,0.154,0.0,2.0,0.0,0.0,0.154,0.0,2.0,0.0,0.0,0.0,0.0,,0.385,2.0,5.0,0.4,0.4,0.385,2.0,5.0,0.4,0.0,0.0,0.0,,0.385,3.0,5.0,0.6,0.6,0.231,3.0,3.0,1.0,0.154,0.0,2.0,0.0,0.077,0.0,1.0,0.0,0.0,0.077,0.0,1.0,0.0,0.0,0.0,0.0,,0,0,,0,0.0,0.0,,,2,0.2,10,0.4,0,0.0,4,0.5,0.385,4.0,7.0,0.571,0.0,1.0,0.0,1.0,3.0,0.333,0.0,1.0,0.0,0.0,0.0,0.0,0.0,1.0,0.0,0.0,0.0,0.0,0.0,1.0,0.0,PHX,4.0,8.0,0.5,0.0,1.0,0.0,0.0,0.0,0.0,1.0,2.0,0.5,0.0,1.0,0.0,0.0,1.0,0.0,,,,,,,0.0,0.0,0.0,1,4,0.0,2.0,0.0,0.25,7.0,20.0,0.35,0.513,-0.163,,,,,,7.0,20.0,0.35,0.526,-0.176,5.0,10.0,0.5,0.661,-0.161,6.0,14.0,0.429,0.59,-0.161,0.0,2.0,0.0,0.356,-0.356,18.0,18.0,0.0,2.0,0.0,4.0,9.0,0.0,0.0,0.0,0.0,0.0,0.0,0.0,0.0,0.0,0.0,0.0,0.0,0.0,0.0,12528,2.4,1.3,1.1,4.06,4.6,3.55,2017,20170321,False
201582,Alexis Ajinca,Alexis,1610612740,NOP,29.0,1,1,0,1.0,14.133333333333333,0,3,0.0,0,0,0.0,0,0,0.0,3,7,10,0,0,0,0,0,1,0,0,-16,12.0,0,0,10.0,1,1,1,1,136,142,131,142,77,116,77,87,95,87,12,13,10,118,116,79,53,1,32,126,148,155,120,10,1,128,1,95,54.9,51.7,51.7,106.2,103.3,103.3,-51.3,-51.6,-51.6,0.0,0.0,0.0,0.0,0.0,0.0,0.0,0.0,0.0,0.0,0.091,0.096,95.98,100.19,83.49,100.19,0.138,29,0.0,3.0,164,163,163,100,85,85,159,157,157,118,88,118,41,68,33,1,1,142,148,147,148,111,56,56,43,142,131,22,7,0.0,0,1,0,0,0.0,0.0,0,0,0,0.0,0,0,0.0,0,0.0,0,0.0,0,0.0,0,0.0,0,0.0,0,26,8,0.5,1.13,0.08,0.0,0,1,4,0.0,0.0,0.0,3.0,0.0,1.0,6.0,0.5,0.0,0.5,4.1,3.0,4.0,0.429,8.0,0.875,0.0,0.875,4.3,6.0,4.0,0.6,14.0,0.714,0.0,0.714,4.3,,,,,,,,,,,,,,,0.667,0.0,2.0,0.0,0.0,0.667,0.0,2.0,0.0,0.0,0.0,0.0,,0.333,0.0,1.0,0.0,0.0,0.333,0.0,1.0,0.0,0.0,0.0,0.0,,,,,,,,,,,,,,,0,0,,0,,,,,0,0.0,0,0.0,0,0.0,0,0.0,0.0,0.0,1.0,0.0,0.0,1.0,0.0,0.0,1.0,0.0,0.0,0.0,0.0,0.0,0.0,0.0,0.0,0.0,0.0,0.0,0.0,0.0,0.0,0.0,0.0,NOP,0.0,2.0,0.0,0.0,0.0,0.0,0.0,0.0,0.0,0.0,1.0,0.0,0.0,0.0,0.0,0.0,0.0,0.0,0.0,0.0,0.0,,,,0.0,0.0,0.0,0,1,,,,0.0,5.0,7.0,0.714,0.5,0.214,0.0,1.0,0.0,0.396,-0.396,5.0,6.0,0.833,0.525,0.309,2.0,2.0,1.0,0.648,0.352,4.0,4.0,1.0,0.588,0.412,0.0,2.0,0.0,0.406,-0.406,6.0,5.0,1.0,0.0,0.0,1.0,3.0,0.0,0.0,1.0,0.0,0.0,0.0,0.0,0.0,0.0,0.0,0.0,0.0,0.0,0.0,5019,1.0,0.5,0.4,4.26,4.38,3.31,2017,20170321,False
203459,Allen Crabbe,Allen,1610612757,POR,25.0,1,0,1,0.0,31.053333333333335,4,11,0.364,1,5,0.2,2,2,1.0,0,5,5,1,1,1,1,1,0,1,11,-2,23.5,0,0,22.0,1,87,87,87,42,53,43,99,41,19,72,36,44,1,91,27,43,79,68,33,20,111,1,84,55,95,56,10,1,57,1,93,89.5,90.6,90.6,93.8,95.2,95.2,-4.3,-4.6,-4.6,0.059,1.0,7.1,0.0,0.143,0.07,7.1,7.2,0.409,0.463,0.183,0.182,99.51,98.15,81.79,98.15,0.12,64,4.0,11.0,127,123,123,46,43,43,95,94,94,104,50,106,41,18,16,72,75,100,99,87,91,60,75,75,58,53,43,22,23,0.0,0,3,2,1,0.045,0.045,2,1,2,0.5,0,0,0.0,2,1.0,0,0.0,0,0.0,0,0.0,0,0.0,11,35,23,0.7,1.22,0.4,0.314,1,0,2,0.0,0.0,1.0,0.0,0.0,0.0,2.0,0.0,0.0,0.0,0.0,1.0,4.0,0.2,6.0,0.833,1.0,1.0,3.7,1.0,4.0,0.2,8.0,0.625,1.0,0.714,3.7,,,,,,,,,,,,,,,0.364,1.0,4.0,0.25,0.375,0.182,0.0,2.0,0.0,0.182,1.0,2.0,0.5,0.273,1.0,3.0,0.333,0.333,0.182,1.0,2.0,0.5,0.091,0.0,1.0,0.0,0.364,2.0,4.0,0.5,0.5,0.182,2.0,2.0,1.0,0.182,0.0,2.0,0.0,0,0,,0,0.0,0.0,,,5,0.286,2,1.0,0,0.0,0,0.0,0.409,1.0,3.0,0.333,1.0,1.0,1.0,1.0,2.0,0.5,,,,0.0,1.0,0.0,1.0,4.0,0.25,0.0,0.0,0.0,0.0,1.0,0.0,POR,1.0,3.0,0.333,1.0,1.0,1.0,0.0,0.0,0.0,0.0,0.0,0.0,2.0,6.0,0.333,0.0,1.0,0.0,0.0,0.0,0.0,,,,0.0,0.0,0.0,2,7,1.0,5.0,0.2,0.357,3.0,4.0,0.75,0.482,0.269,,,,,,3.0,4.0,0.75,0.505,0.245,1.0,1.0,1.0,0.674,0.326,2.0,2.0,1.0,0.584,0.417,1.0,2.0,0.5,0.356,0.144,2.0,2.0,0.0,1.0,0.0,0.0,0.0,0.0,0.0,0.0,0.0,0.0,0.0,0.0,0.0,0.0,0.0,0.0,0.0,0.0,0.0,11540,2.2,1.2,1.0,4.26,4.66,3.86,2017,20170321,False
203083,Andre Drummond,Andre,1610612765,DET,23.0,1,0,1,0.0,30.55,6,12,0.5,0,0,0.0,1,3,0.333,4,13,17,2,2,1,2,1,3,4,13,-6,43.4,1,0,38.0,1,87,87,87,47,32,40,53,77,116,77,69,35,82,7,1,1,52,27,33,5,111,113,12,42,111,11,1,1,15,1,95,102.0,107.1,107.1,115.0,115.8,115.8,-13.0,-8.6,-8.6,0.105,1.0,11.8,0.121,0.0,0.0,11.8,11.5,0.5,0.488,0.227,0.233,91.32,88.77,73.98,88.77,0.168,56,6.0,12.0,91,70,70,126,129,129,115,104,104,76,50,86,5,68,33,100,100,70,95,54,54,146,157,157,24,32,40,28,25,0.0,1,4,5,3,0.071,0.107,2,0,1,0.0,0,0,0.0,0,0.0,0,0.0,1,0.5,0,0.0,0,0.0,13,43,29,1.5,2.06,0.98,0.302,1,8,8,0.0,0.625,0.75,2.0,2.0,0.5,7.0,0.571,0.0,0.571,5.2,0.0,13.0,0.0,16.0,0.813,0.0,0.813,4.1,2.0,15.0,0.118,23.0,0.739,0.0,0.739,4.4,1.0,0.5,4.0,6.0,0.667,0.667,0.5,4.0,6.0,0.667,0.0,0.0,0.0,,0.333,2.0,4.0,0.5,0.5,0.333,2.0,4.0,0.5,0.0,0.0,0.0,,0.167,0.0,2.0,0.0,0.0,0.167,0.0,2.0,0.0,0.0,0.0,0.0,,,,,,,,,,,,,,,2,4,0.5,4,,,,0.5,0,0.0,6,0.6,5,0.4,0,0.0,0.5,4.0,6.0,0.667,0.0,2.0,0.0,2.0,4.0,0.5,0.0,0.0,0.0,0.0,0.0,0.0,0.0,0.0,0.0,,,,0.0,0.0,0.0,DET,4.0,6.0,0.667,0.0,1.0,0.0,2.0,5.0,0.4,0.0,0.0,0.0,0.0,0.0,0.0,0.0,0.0,0.0,,,,,,,,,,0,1,,,,0.0,11.0,19.0,0.579,0.464,0.115,2.0,6.0,0.333,0.346,-0.013,9.0,13.0,0.692,0.518,0.174,5.0,8.0,0.625,0.604,0.021,7.0,10.0,0.7,0.552,0.149,2.0,7.0,0.286,0.351,-0.066,15.0,8.0,7.0,1.0,0.0,9.0,20.0,0.0,0.0,1.0,0.0,0.0,0.0,0.0,0.0,0.0,0.0,0.0,0.0,0.0,0.0,10979,2.1,1.0,1.1,4.13,4.23,4.04,2017,20170321,False
1626150,Andrew Harrison,Andrew,1610612763,MEM,22.0,1,0,1,0.0,23.833333333333332,3,5,0.6,1,1,1.0,3,5,0.6,1,3,4,0,5,0,1,0,3,3,10,-10,12.8,0,0,17.0,1,87,87,87,83,73,105,25,41,99,1,24,20,64,45,65,66,118,3,79,20,1,113,25,63,133,114,10,1,82,1,94,73.0,76.1,76.1,89.1,90.0,90.0,-16.1,-13.9,-13.9,0.0,0.0,0.0,0.0,0.097,0.0,41.7,41.0,0.7,0.694,0.24,0.235,99.17,96.67,80.56,96.67,0.048,46,3.0,5.0,152,149,149,30,30,30,123,117,117,118,88,118,41,37,33,163,163,25,33,41,50,63,88,88,117,73,105,45,50,0.0,1,12,0,1,0.0,0.022,8,0,1,0.0,1,2,0.5,1,0.125,4,0.5,0,0.0,2,0.25,1,0.125,10,57,27,5.6,5.87,5.37,0.175,0,0,1,0.0,0.0,0.0,0.0,1.0,0.0,1.0,1.0,0.0,1.0,13.4,1.0,2.0,0.333,7.0,0.429,2.0,0.6,6.6,1.0,3.0,0.25,8.0,0.5,2.0,0.667,8.3,1.0,0.2,0.0,1.0,0.0,0.0,0.2,0.0,1.0,0.0,0.0,0.0,0.0,,0.2,0.0,1.0,0.0,0.0,0.2,0.0,1.0,0.0,0.0,0.0,0.0,,0.4,2.0,2.0,1.0,1.0,0.4,2.0,2.0,1.0,0.0,0.0,0.0,,0.2,1.0,1.0,1.0,1.5,0.0,0.0,0.0,,0.2,1.0,1.0,1.0,2,3,0.667,4,0.0,0.0,,0.667,3,1.0,0,0.0,0,0.0,0,0.0,0.7,0.0,1.0,0.0,0.0,0.0,0.0,2.0,3.0,0.667,0.0,0.0,0.0,0.0,0.0,0.0,1.0,1.0,1.0,0.0,0.0,0.0,0.0,0.0,0.0,MEM,0.0,1.0,0.0,0.0,0.0,0.0,0.0,1.0,0.0,2.0,2.0,1.0,0.0,0.0,0.0,1.0,1.0,1.0,0.0,0.0,0.0,,,,0.0,0.0,0.0,1,1,1.0,1.0,1.0,1.5,2.0,8.0,0.25,0.452,-0.202,0.0,3.0,0.0,0.364,-0.364,2.0,5.0,0.4,0.486,-0.086,2.0,4.0,0.5,0.588,-0.088,2.0,4.0,0.5,0.548,-0.048,0.0,3.0,0.0,0.371,-0.371,7.0,4.0,3.0,0.0,0.0,0.0,0.0,0.0,0.0,1.0,0.0,0.0,0.0,0.0,0.0,0.0,0.0,0.0,0.0,0.0,0.0,8381,1.6,0.9,0.7,4.03,4.08,3.96,2017,20170321,False
203952,Andrew Wiggins,Andrew,1610612750,MIN,22.0,1,0,1,0.0,36.1,5,15,0.333,0,2,0.0,12,14,0.857,0,4,4,4,2,1,0,1,3,8,22,-17,33.8,0,0,32.0,1,87,87,87,21,42,19,102,77,73,77,1,1,47,91,42,66,20,27,33,53,111,113,3,16,158,26,10,1,26,1,91,87.4,89.0,89.0,111.3,112.3,112.3,-23.9,-23.3,-23.3,0.235,2.0,14.8,0.0,0.121,0.061,7.4,7.4,0.333,0.52,0.284,0.285,98.42,97.06,80.89,97.06,0.116,73,5.0,15.0,133,127,127,117,122,122,137,137,137,29,24,74,41,29,22,77,76,112,80,20,21,69,81,81,60,42,19,21,37,0.0,0,6,9,4,0.19,0.19,7,1,4,0.25,0,0,0.0,3,0.429,2,0.286,1,0.143,0,0.0,0,0.0,22,45,32,2.7,3.61,2.49,0.489,0,3,2,0.0,1.333,1.0,0.0,0.0,0.0,3.0,0.0,0.0,0.0,0.0,0.0,4.0,0.0,5.0,0.8,0.0,0.8,8.1,0.0,4.0,0.0,8.0,0.5,0.0,0.5,8.1,1.0,0.267,2.0,4.0,0.5,0.5,0.267,2.0,4.0,0.5,0.0,0.0,0.0,,0.467,2.0,7.0,0.286,0.286,0.4,2.0,6.0,0.333,0.067,0.0,1.0,0.0,0.267,1.0,4.0,0.25,0.25,0.2,1.0,3.0,0.333,0.067,0.0,1.0,0.0,,,,,,,,,,,,,,1,8,0.125,2,0.0,1.0,0.0,0.125,2,0.5,2,0.0,4,1.0,0,0.0,0.333,3.0,5.0,0.6,0.0,1.0,0.0,2.0,7.0,0.286,0.0,0.0,0.0,0.0,0.0,0.0,0.0,2.0,0.0,0.0,0.0,0.0,0.0,0.0,0.0,MIN,3.0,5.0,0.6,0.0,0.0,0.0,0.0,1.0,0.0,2.0,6.0,0.333,0.0,3.0,0.0,0.0,0.0,0.0,,,,,,,0.0,0.0,0.0,0,0,0.0,0.0,,,5.0,11.0,0.455,0.469,-0.015,1.0,6.0,0.167,0.359,-0.192,4.0,5.0,0.8,0.53,0.27,1.0,1.0,1.0,0.662,0.338,2.0,2.0,1.0,0.594,0.406,2.0,8.0,0.25,0.397,-0.147,7.0,1.0,6.0,2.0,0.0,0.0,0.0,0.0,0.0,2.0,0.0,0.0,0.0,0.0,0.0,0.0,0.0,0.0,0.0,0.0,0.0,12983,2.5,1.3,1.2,4.16,4.27,4.05,2017,20170321,False
203076,Anthony Davis,Anthony,1610612740,NOP,24.0,1,1,0,1.0,40.25,9,18,0.5,0,2,0.0,1,2,0.5,3,10,13,0,2,0,0,0,2,4,19,24,32.6,1,0,32.0,1,1,1,1,8,9,9,53,77,73,77,69,44,66,12,3,6,118,27,79,53,1,74,12,21,2,27,1,1,26,1,95,106.1,110.0,110.0,79.7,79.0,79.0,26.4,31.0,31.0,0.0,0.0,0.0,0.07,0.256,0.159,9.5,9.6,0.5,0.503,0.226,0.222,97.31,96.0,80.0,96.0,0.134,80,9.0,18.0,70,60,60,14,15,15,25,18,18,118,88,118,14,4,5,90,91,70,85,56,58,85,97,97,47,9,9,32,32,0.0,0,1,0,0,0.0,0.0,4,0,3,0.0,1,2,0.5,1,0.25,0,0.0,0,0.0,0,0.0,1,0.25,19,53,32,1.5,1.66,0.64,0.358,2,3,5,0.0,0.667,2.0,3.0,0.0,1.0,7.0,0.429,0.0,0.429,2.8,3.0,7.0,0.3,15.0,0.667,0.0,0.667,5.6,6.0,7.0,0.462,22.0,0.591,0.0,0.591,5.0,1.0,0.167,2.0,3.0,0.667,0.667,0.167,2.0,3.0,0.667,0.0,0.0,0.0,,0.611,5.0,11.0,0.455,0.455,0.556,5.0,10.0,0.5,0.056,0.0,1.0,0.0,0.167,1.0,3.0,0.333,0.333,0.111,1.0,2.0,0.5,0.056,0.0,1.0,0.0,0.056,1.0,1.0,1.0,1.0,0.056,1.0,1.0,1.0,0.0,0.0,0.0,,1,2,0.5,2,0.0,0.0,,0.5,2,0.2,10,1.0,2,0.333,0,0.0,0.5,6.0,9.0,0.667,0.0,1.0,0.0,3.0,6.0,0.5,0.0,0.0,0.0,0.0,0.0,0.0,0.0,1.0,0.0,0.0,1.0,0.0,0.0,0.0,0.0,NOP,6.0,9.0,0.667,1.0,3.0,0.333,1.0,1.0,1.0,1.0,2.0,0.5,0.0,1.0,0.0,0.0,1.0,0.0,0.0,0.0,0.0,0.0,0.0,0.0,0.0,1.0,0.0,1,3,0.0,1.0,0.0,0.333,5.0,13.0,0.385,0.441,-0.056,0.0,5.0,0.0,0.387,-0.387,5.0,8.0,0.625,0.484,0.142,2.0,4.0,0.5,0.603,-0.103,4.0,6.0,0.667,0.536,0.131,1.0,6.0,0.167,0.389,-0.222,11.0,6.0,5.0,0.0,0.0,3.0,6.0,0.0,0.0,1.0,0.0,0.0,0.0,0.0,0.0,0.0,0.0,0.0,0.0,0.0,0.0,13677,2.6,1.3,1.3,3.88,4.22,3.61,2017,20170321,False
203462,Archie Goodwin,Archie,1610612751,BKN,22.0,1,1,0,1.0,17.866666666666667,5,10,0.5,0,3,0.0,0,1,0.0,2,3,5,3,1,0,2,1,0,1,10,-3,25.5,0,0,22.0,1,1,1,1,115,42,48,53,77,55,77,87,88,87,26,65,43,35,68,79,5,111,1,84,63,102,45,10,1,57,1,94,92.2,94.6,94.6,105.0,100.0,100.0,-12.8,-5.4,-5.4,0.375,3.0,21.4,0.105,0.0,0.0,7.1,6.9,0.5,0.479,0.268,0.273,99.62,100.75,83.96,100.75,0.159,37,5.0,10.0,117,110,110,96,62,62,113,95,95,7,13,41,10,68,33,72,72,70,97,24,26,59,53,53,28,42,48,35,35,0.0,0,3,8,3,0.086,0.086,11,4,5,0.8,0,0,0.0,8,0.727,5,0.455,1,0.091,0,0.0,0,0.0,10,46,23,3.1,4.05,3.3,0.217,0,1,1,0.0,0.0,0.0,1.0,1.0,0.5,3.0,0.667,0.0,0.667,7.1,0.0,3.0,0.0,6.0,0.5,0.0,0.5,7.6,1.0,4.0,0.2,9.0,0.556,0.0,0.556,7.4,1.0,0.3,2.0,3.0,0.667,0.667,0.3,2.0,3.0,0.667,0.0,0.0,0.0,,0.4,3.0,4.0,0.75,0.75,0.3,3.0,3.0,1.0,0.1,0.0,1.0,0.0,0.2,0.0,2.0,0.0,0.0,0.1,0.0,1.0,0.0,0.1,0.0,1.0,0.0,0.1,0.0,1.0,0.0,0.0,0.0,0.0,0.0,,0.1,0.0,1.0,0.0,0,2,0.0,0,0.0,1.0,0.0,0.0,0,0.0,0,0.0,0,0.0,0,0.0,0.5,5.0,6.0,0.833,0.0,0.0,0.0,0.0,1.0,0.0,,,,0.0,0.0,0.0,0.0,3.0,0.0,,,,0.0,0.0,0.0,BKN,5.0,6.0,0.833,0.0,0.0,0.0,0.0,0.0,0.0,0.0,1.0,0.0,0.0,0.0,0.0,0.0,2.0,0.0,,,,,,,0.0,1.0,0.0,0,2,0.0,2.0,0.0,0.0,8.0,13.0,0.615,0.443,0.172,1.0,2.0,0.5,0.313,0.187,7.0,11.0,0.636,0.48,0.156,3.0,6.0,0.5,0.611,-0.111,3.0,6.0,0.5,0.557,-0.057,4.0,6.0,0.667,0.377,0.29,9.0,7.0,2.0,0.0,0.0,0.0,0.0,0.0,0.0,2.0,0.0,0.0,0.0,0.0,0.0,0.0,0.0,0.0,0.0,0.0,0.0,7166,1.4,0.7,0.6,4.71,4.25,4.54,2017,20170321,False
203382,Aron Baynes,Aron,1610612765,DET,30.0,1,0,1,0.0,17.45,0,0,0.0,0,0,0.0,0,0,0.0,0,6,6,2,1,0,0,0,3,0,0,4,9.2,0,0,8.0,1,87,87,87,118,142,162,142,77,116,77,87,95,87,91,17,36,52,68,79,53,1,113,126,148,59,135,10,1,135,1,95,96.8,90.0,90.0,82.1,82.1,82.1,14.6,7.9,7.9,0.133,2.0,66.7,0.0,0.0,0.0,33.3,33.3,0.0,0.0,0.023,0.025,104.75,108.65,90.54,108.65,0.066,40,0.0,0.0,106,124,124,18,16,16,45,64,64,62,24,1,41,68,33,159,159,142,148,164,164,28,8,8,103,142,162,16,12,0.0,0,3,4,2,0.125,0.125,0,0,0,0.0,0,0,0.0,0,0.0,0,0.0,0,0.0,0,0.0,0,0.0,0,18,11,0.6,1.88,0.78,0.0,0,0,1,0.0,0.0,0.0,0.0,0.0,0.0,2.0,0.0,0.0,0.0,0.0,5.0,1.0,0.833,8.0,0.75,0.0,0.75,2.4,5.0,1.0,0.833,10.0,0.6,0.0,0.6,2.4,,,,,,,,,,,,,,,,,,,,,,,,,,,,,,,,,,,,,,,,,,,,,,,,,,,,,,0,0,,0,,,,,0,0.0,0,0.0,0,0.0,0,0.0,0.0,0.0,0.0,0.0,0.0,0.0,0.0,0.0,0.0,0.0,,,,0.0,0.0,0.0,0.0,0.0,0.0,,,,0.0,0.0,0.0,DET,0.0,0.0,0.0,0.0,0.0,0.0,0.0,0.0,0.0,0.0,0.0,0.0,0.0,0.0,0.0,0.0,0.0,0.0,,,,,,,0.0,0.0,0.0,0,0,,,,,3.0,10.0,0.3,0.48,-0.18,,,,,,3.0,10.0,0.3,0.524,-0.224,2.0,7.0,0.286,0.6,-0.315,2.0,9.0,0.222,0.555,-0.332,,,,,,9.0,9.0,0.0,0.0,0.0,5.0,10.0,0.0,0.0,1.0,0.0,0.0,0.0,0.0,0.0,0.0,0.0,0.0,0.0,0.0,0.0,6195,1.2,0.6,0.6,4.14,4.4,3.92,2017,20170321,False
203085,Austin Rivers,Austin,1610612746,LAC,24.0,1,1,0,1.0,31.0,6,11,0.545,1,4,0.25,5,6,0.833,0,4,4,4,1,0,0,1,2,4,18,14,27.8,0,0,27.0,1,1,1,1,43,32,43,42,41,32,60,13,13,51,91,42,66,20,68,79,53,111,74,12,25,21,37,10,1,34,1,99,128.8,131.3,131.3,111.0,109.4,109.4,17.7,21.9,21.9,0.174,4.0,21.1,0.0,0.125,0.0,5.3,5.4,0.591,0.66,0.2,0.195,99.31,99.1,82.58,99.1,0.131,64,6.0,11.0,16,11,11,116,109,109,37,31,31,47,7,43,41,24,33,61,64,57,48,72,78,62,67,67,50,32,43,32,39,0.0,0,6,12,4,0.125,0.125,11,5,7,0.714,2,2,1.0,12,1.091,1,0.091,2,0.182,0,0.0,1,0.091,18,49,23,4.5,5.48,4.49,0.367,0,1,0,0.0,2.0,0.0,0.0,0.0,0.0,1.0,0.0,0.0,0.0,0.0,0.0,4.0,0.0,9.0,0.444,4.0,0.8,6.5,0.0,4.0,0.0,10.0,0.4,4.0,0.667,6.5,1.0,0.091,1.0,1.0,1.0,1.0,0.091,1.0,1.0,1.0,0.0,0.0,0.0,,0.545,3.0,6.0,0.5,0.5,0.455,3.0,5.0,0.6,0.091,0.0,1.0,0.0,0.273,2.0,3.0,0.667,0.833,0.091,1.0,1.0,1.0,0.182,1.0,2.0,0.5,0.091,0.0,1.0,0.0,0.0,0.0,0.0,0.0,,0.091,0.0,1.0,0.0,2,4,0.5,5,1.0,3.0,0.333,0.625,0,0.0,0,0.0,2,0.0,0,0.0,0.591,4.0,5.0,0.8,1.0,2.0,0.5,0.0,0.0,0.0,0.0,0.0,0.0,0.0,0.0,0.0,1.0,4.0,0.25,0.0,0.0,0.0,0.0,0.0,0.0,LAC,4.0,5.0,0.8,0.0,1.0,0.0,1.0,1.0,1.0,0.0,0.0,0.0,1.0,2.0,0.5,0.0,2.0,0.0,0.0,0.0,0.0,,,,0.0,0.0,0.0,0,1,0.0,1.0,0.0,0.0,3.0,7.0,0.429,0.41,0.018,,,,,,3.0,7.0,0.429,0.454,-0.025,1.0,2.0,0.5,0.562,-0.062,1.0,3.0,0.333,0.51,-0.177,2.0,3.0,0.667,0.368,0.299,7.0,7.0,0.0,2.0,0.0,0.0,0.0,0.0,0.0,1.0,0.0,0.0,0.0,0.0,0.0,0.0,0.0,0.0,0.0,0.0,0.0,11051,2.1,1.1,0.9,4.07,3.9,3.86,2017,20170321,False
201933,Blake Griffin,Blake,1610612746,LAC,28.0,1,1,0,1.0,25.961666666666666,2,9,0.222,1,4,0.25,7,8,0.875,1,2,3,8,4,0,0,0,2,4,12,18,23.6,0,0,24.0,1,1,1,1,69,97,53,130,41,32,60,7,8,45,45,90,89,2,6,79,53,1,74,12,45,9,55,10,1,47,1,99,137.6,140.7,140.7,106.2,105.5,105.5,31.4,35.3,35.3,0.364,2.0,32.0,0.0,0.0,0.0,16.0,16.3,0.278,0.479,0.266,0.253,101.54,100.76,83.97,100.76,0.073,54,2.0,9.0,7,4,4,101,94,94,18,12,12,9,24,16,41,68,33,119,120,127,96,28,37,45,52,52,99,97,53,46,45,0.0,0,12,18,8,0.174,0.174,3,0,1,0.0,0,0,0.0,0,0.0,1,0.333,0,0.0,0,0.0,1,0.333,12,65,40,2.6,2.39,1.02,0.185,3,4,3,0.333,0.0,1.333,0.0,1.0,0.0,4.0,0.25,0.0,0.25,22.9,1.0,1.0,0.5,5.0,0.4,1.0,0.5,5.3,1.0,2.0,0.333,9.0,0.333,1.0,0.375,11.2,1.0,0.111,0.0,1.0,0.0,0.0,0.111,0.0,1.0,0.0,0.0,0.0,0.0,,0.111,1.0,1.0,1.0,1.0,0.111,1.0,1.0,1.0,0.0,0.0,0.0,,0.444,0.0,4.0,0.0,0.0,0.333,0.0,3.0,0.0,0.111,0.0,1.0,0.0,0.333,1.0,3.0,0.333,0.5,0.0,0.0,0.0,,0.333,1.0,3.0,0.333,0,2,0.0,0,0.0,0.0,,0.0,3,0.2,4,1.0,0,0.0,1,0.0,0.278,1.0,2.0,0.5,0.0,1.0,0.0,0.0,2.0,0.0,0.0,1.0,0.0,0.0,0.0,0.0,1.0,3.0,0.333,0.0,0.0,0.0,0.0,1.0,0.0,LAC,1.0,2.0,0.5,0.0,0.0,0.0,0.0,1.0,0.0,0.0,1.0,0.0,0.0,2.0,0.0,1.0,3.0,0.333,0.0,0.0,0.0,,,,0.0,0.0,0.0,1,4,1.0,3.0,0.333,0.375,6.0,10.0,0.6,0.511,0.089,,,,,,6.0,10.0,0.6,0.525,0.075,3.0,3.0,1.0,0.604,0.396,3.0,3.0,1.0,0.572,0.428,1.0,5.0,0.2,0.347,-0.147,7.0,7.0,0.0,2.0,0.0,4.0,8.0,0.0,0.0,0.0,0.0,0.0,0.0,0.0,0.0,0.0,0.0,0.0,0.0,0.0,0.0,9358,1.8,1.0,0.8,4.16,4.37,3.94,2017,20170321,False
1626171,Bobby Portis Jr.,Bobby,1610612741,CHI,22.0,1,0,1,0.0,20.508333333333333,3,8,0.375,1,4,0.25,2,2,1.0,0,5,5,0,0,0,0,0,3,1,9,-8,15.0,0,0,15.0,1,87,87,87,99,73,67,96,41,32,60,36,44,1,91,27,43,118,116,79,53,1,113,84,74,123,97,10,1,90,1,107,100.7,104.9,104.9,122.2,124.4,124.4,-21.6,-19.5,-19.5,0.0,0.0,0.0,0.0,0.0,0.0,0.0,0.0,0.438,0.507,0.17,0.186,98.82,95.96,79.97,95.96,0.09,41,3.0,8.0,95,81,81,142,148,148,132,130,130,118,88,118,41,68,33,1,1,96,84,96,88,65,99,99,85,73,67,37,18,0.0,0,1,0,0,0.0,0.0,1,0,0,0.0,0,0,0.0,0,0.0,1,1.0,0,0.0,0,0.0,0,0.0,9,47,16,1.4,1.76,0.81,0.191,1,0,1,0.0,0.0,2.0,0.0,0.0,0.0,2.0,0.0,0.0,0.0,0.0,1.0,4.0,0.2,6.0,0.833,0.0,0.833,8.9,1.0,4.0,0.2,8.0,0.625,0.0,0.625,8.9,1.0,0.125,0.0,1.0,0.0,0.0,0.125,0.0,1.0,0.0,0.0,0.0,0.0,,0.125,1.0,1.0,1.0,1.0,0.125,1.0,1.0,1.0,0.0,0.0,0.0,,0.375,1.0,3.0,0.333,0.333,0.25,1.0,2.0,0.5,0.125,0.0,1.0,0.0,0.375,1.0,3.0,0.333,0.5,0.0,0.0,0.0,,0.375,1.0,3.0,0.333,1,3,0.333,2,0.0,1.0,0.0,0.333,3,0.333,2,1.0,0,0.0,0,0.0,0.438,0.0,0.0,0.0,1.0,3.0,0.333,1.0,1.0,1.0,0.0,0.0,0.0,0.0,1.0,0.0,1.0,3.0,0.333,0.0,0.0,0.0,0.0,1.0,0.0,CHI,1.0,2.0,0.5,0.0,1.0,0.0,0.0,0.0,0.0,0.0,0.0,0.0,2.0,3.0,0.667,0.0,2.0,0.0,0.0,0.0,0.0,0.0,0.0,0.0,0.0,0.0,0.0,1,3,1.0,3.0,0.333,0.5,7.0,8.0,0.875,0.445,0.43,1.0,1.0,1.0,0.336,0.664,6.0,7.0,0.857,0.493,0.364,2.0,3.0,0.667,0.555,0.111,4.0,5.0,0.8,0.532,0.268,2.0,2.0,1.0,0.379,0.622,4.0,3.0,1.0,1.0,0.0,0.0,0.0,0.0,0.0,2.0,0.0,0.0,0.0,0.0,0.0,0.0,0.0,0.0,0.0,0.0,0.0,8318,1.6,0.8,0.7,4.69,4.57,4.22,2017,20170321,False
201148,Brandan Wright,Brandan,1610612763,MEM,29.0,1,0,1,0.0,20.131666666666668,3,3,1.0,0,0,0.0,1,2,0.5,0,2,2,0,0,1,1,0,3,2,7,2,15.4,0,0,13.0,1,87,87,87,102,73,131,1,77,116,77,69,44,66,91,90,109,118,116,33,20,1,113,50,93,69,94,10,1,104,1,94,84.0,80.0,80.0,74.9,75.0,75.0,9.2,5.0,5.0,0.0,0.0,0.0,0.0,0.071,0.0,0.0,0.0,1.0,0.902,0.095,0.097,93.18,95.37,79.48,95.37,0.155,40,3.0,3.0,138,144,144,9,8,8,63,72,72,118,88,118,41,46,33,1,1,2,5,145,147,137,107,107,34,73,131,18,15,0.0,0,0,0,0,0.0,0.0,0,0,0,0.0,0,0,0.0,0,0.0,0,0.0,0,0.0,0,0.0,0,0.0,7,24,14,0.6,1.54,0.38,0.292,6,0,3,0.333,0.0,1.0,0.0,0.0,0.0,3.0,0.0,0.0,0.0,0.0,1.0,1.0,0.5,4.0,0.5,0.0,0.5,5.1,1.0,1.0,0.5,7.0,0.286,0.0,0.286,5.1,1.0,0.667,2.0,2.0,1.0,1.0,0.667,2.0,2.0,1.0,0.0,0.0,0.0,,0.333,1.0,1.0,1.0,1.0,0.333,1.0,1.0,1.0,0.0,0.0,0.0,,,,,,,,,,,,,,,,,,,,,,,,,,,,0,0,,0,,,,,0,0.0,3,1.0,0,0.0,2,1.0,1.0,2.0,2.0,1.0,1.0,1.0,1.0,0.0,0.0,0.0,0.0,0.0,0.0,0.0,0.0,0.0,0.0,0.0,0.0,0.0,0.0,0.0,0.0,0.0,0.0,MEM,2.0,2.0,1.0,1.0,1.0,1.0,0.0,0.0,0.0,0.0,0.0,0.0,0.0,0.0,0.0,0.0,0.0,0.0,0.0,0.0,0.0,,,,0.0,0.0,0.0,0,0,,,,,3.0,9.0,0.333,0.475,-0.142,0.0,2.0,0.0,0.306,-0.306,3.0,7.0,0.429,0.505,-0.076,1.0,2.0,0.5,0.608,-0.108,2.0,5.0,0.4,0.554,-0.154,1.0,3.0,0.333,0.374,-0.041,10.0,9.0,1.0,1.0,0.0,2.0,6.0,0.0,0.0,0.0,0.0,0.0,0.0,0.0,0.0,0.0,0.0,0.0,0.0,0.0,0.0,7257,1.4,0.7,0.6,4.18,3.99,3.75,2017,20170321,False
101138,Brandon Bass,Brandon,1610612746,LAC,32.0,1,1,0,1.0,14.65,3,6,0.5,0,0,0.0,4,4,1.0,0,2,2,0,2,1,1,1,3,3,10,-12,16.4,0,0,16.0,1,1,1,1,134,73,90,53,77,116,77,16,26,1,91,90,109,118,27,33,20,111,113,25,63,143,88,10,1,86,1,99,100.1,100.0,100.0,146.9,141.9,141.9,-46.7,-41.9,-41.9,0.0,0.0,0.0,0.0,0.0,0.0,22.2,20.5,0.5,0.644,0.265,0.296,101.44,103.21,86.01,103.21,0.081,32,3.0,6.0,100,93,93,161,161,161,157,155,155,118,88,118,41,68,33,137,134,70,50,29,16,48,33,33,92,73,90,12,16,0.0,0,0,0,0,0.0,0.0,1,0,0,0.0,2,2,1.0,2,2.0,0,0.0,0,0.0,0,0.0,1,1.0,10,23,14,0.8,2.12,0.43,0.435,2,3,4,1.0,0.667,2.0,0.0,0.0,0.0,1.0,0.0,0.0,0.0,0.0,0.0,2.0,0.0,2.0,1.0,0.0,1.0,3.8,0.0,2.0,0.0,3.0,0.667,0.0,0.667,3.8,1.0,0.667,2.0,4.0,0.5,0.5,0.667,2.0,4.0,0.5,0.0,0.0,0.0,,0.167,0.0,1.0,0.0,0.0,0.167,0.0,1.0,0.0,0.0,0.0,0.0,,0.167,1.0,1.0,1.0,1.0,0.167,1.0,1.0,1.0,0.0,0.0,0.0,,,,,,,,,,,,,,,0,0,,0,,,,,2,0.333,8,0.667,2,0.5,2,0.0,0.5,2.0,3.0,0.667,0.0,1.0,0.0,1.0,2.0,0.5,0.0,0.0,0.0,0.0,0.0,0.0,0.0,0.0,0.0,0.0,0.0,0.0,0.0,0.0,0.0,LAC,2.0,3.0,0.667,0.0,1.0,0.0,1.0,2.0,0.5,0.0,0.0,0.0,0.0,0.0,0.0,0.0,0.0,0.0,,,,,,,0.0,0.0,0.0,0,1,,,,0.0,2.0,5.0,0.4,0.454,-0.054,0.0,1.0,0.0,0.352,-0.352,2.0,4.0,0.5,0.497,0.003,,,,,,2.0,3.0,0.667,0.546,0.12,0.0,2.0,0.0,0.359,-0.359,5.0,4.0,1.0,3.0,0.0,2.0,5.0,0.0,0.0,0.0,0.0,0.0,0.0,0.0,0.0,0.0,0.0,0.0,0.0,0.0,0.0,5251,1.0,0.6,0.4,4.11,4.44,3.7,2017,20170321,False
1627742,Brandon Ingram,Brandon,1610612747,LAL,19.0,1,0,1,0.0,40.233333333333334,8,14,0.571,2,4,0.5,3,8,0.375,1,4,5,3,2,2,0,0,1,5,21,-14,35.5,0,0,35.0,1,87,87,87,9,15,27,32,17,32,18,24,8,81,45,42,43,35,27,12,53,1,32,10,19,151,23,10,1,20,1,100,114.3,113.1,113.1,128.4,131.3,131.3,-14.1,-18.2,-18.2,0.103,1.5,13.0,0.025,0.0,0.0,8.7,8.9,0.643,0.599,0.213,0.212,100.22,99.62,83.02,99.62,0.093,84,8.0,14.0,48,49,49,153,155,155,118,127,127,78,40,81,37,68,33,81,83,40,61,62,65,54,62,62,79,15,27,26,35,0.0,0,3,6,3,0.115,0.115,5,3,4,0.75,0,0,0.0,6,1.2,0,0.0,1,0.2,0,0.0,0,0.0,21,44,32,2.8,3.76,2.98,0.477,1,2,1,0.0,1.0,0.0,1.0,0.0,1.0,3.0,0.333,0.0,0.333,6.6,2.0,2.0,0.5,7.0,0.571,0.0,0.571,5.1,3.0,2.0,0.6,10.0,0.5,0.0,0.5,5.4,1.0,0.286,2.0,4.0,0.5,0.5,0.286,2.0,4.0,0.5,0.0,0.0,0.0,,0.143,1.0,2.0,0.5,0.5,0.143,1.0,2.0,0.5,0.0,0.0,0.0,,0.143,2.0,2.0,1.0,1.0,0.143,2.0,2.0,1.0,0.0,0.0,0.0,,0.429,3.0,6.0,0.5,0.667,0.143,1.0,2.0,0.5,0.286,2.0,4.0,0.5,2,4,0.5,4,0.0,0.0,,0.5,6,0.5,0,0.0,2,1.0,0,0.0,0.643,4.0,6.0,0.667,0.0,0.0,0.0,2.0,4.0,0.5,1.0,1.0,1.0,1.0,3.0,0.333,0.0,0.0,0.0,0.0,0.0,0.0,2.0,4.0,0.5,LAL,4.0,6.0,0.667,0.0,0.0,0.0,0.0,0.0,0.0,0.0,1.0,0.0,4.0,7.0,0.571,0.0,0.0,0.0,0.0,0.0,0.0,,,,0.0,0.0,0.0,2,4,2.0,4.0,0.5,0.75,4.0,7.0,0.571,0.436,0.136,1.0,3.0,0.333,0.352,-0.019,3.0,4.0,0.75,0.495,0.255,1.0,1.0,1.0,0.563,0.437,1.0,1.0,1.0,0.512,0.488,3.0,5.0,0.6,0.392,0.208,5.0,2.0,3.0,2.0,0.0,0.0,0.0,0.0,0.0,0.0,0.0,0.0,0.0,0.0,0.0,0.0,0.0,0.0,0.0,0.0,0.0,14938,2.8,1.5,1.3,4.2,4.82,3.64,2017,20170321,False
201575,Brandon Rush,Brandon,1610612750,MIN,31.0,1,0,1,0.0,17.966666666666665,0,2,0.0,0,1,0.0,0,0,0.0,0,1,1,1,1,0,0,0,2,0,0,-13,1.7,0,0,2.0,1,87,87,87,113,142,148,142,77,99,77,87,95,87,91,120,136,79,68,79,53,1,74,126,148,147,158,10,1,157,1,91,73.2,72.2,72.2,103.4,108.3,108.3,-30.2,-36.1,-36.1,0.111,1.0,25.0,0.0,0.0,0.0,25.0,25.0,0.0,0.0,0.077,0.078,97.83,96.18,80.15,96.18,-0.055,36,0.0,2.0,151,154,154,86,105,105,141,149,149,72,50,27,41,68,33,142,142,142,148,158,158,76,93,93,156,142,148,9,11,0.0,0,1,3,1,0.111,0.111,2,0,0,0.0,0,0,0.0,0,0.0,1,0.5,0,0.0,1,0.5,0,0.0,0,13,10,0.4,1.67,0.77,0.0,0,0,1,0.0,0.0,0.0,0.0,0.0,0.0,0.0,0.0,0.0,0.0,0.0,0.0,1.0,0.0,4.0,0.25,0.0,0.25,4.4,0.0,1.0,0.0,4.0,0.25,0.0,0.25,4.4,,,,,,,,,,,,,,,,,,,,,,,,,,,,0.5,0.0,1.0,0.0,0.0,0.5,0.0,1.0,0.0,0.0,0.0,0.0,,0.5,0.0,1.0,0.0,0.0,0.0,0.0,0.0,,0.5,0.0,1.0,0.0,0,1,0.0,0,0.0,0.0,,0.0,0,0.0,0,0.0,0,0.0,0,0.0,0.0,0.0,0.0,0.0,0.0,0.0,0.0,0.0,1.0,0.0,,,,0.0,1.0,0.0,0.0,0.0,0.0,0.0,0.0,0.0,0.0,1.0,0.0,MIN,0.0,0.0,0.0,0.0,0.0,0.0,0.0,0.0,0.0,0.0,0.0,0.0,0.0,2.0,0.0,0.0,0.0,0.0,,,,,,,0.0,0.0,0.0,0,1,0.0,1.0,0.0,0.0,4.0,8.0,0.5,0.438,0.062,1.0,4.0,0.25,0.377,-0.127,3.0,4.0,0.75,0.482,0.268,2.0,2.0,1.0,0.665,0.336,2.0,2.0,1.0,0.593,0.407,1.0,5.0,0.2,0.383,-0.183,1.0,0.0,1.0,0.0,0.0,0.0,0.0,0.0,0.0,2.0,0.0,0.0,0.0,0.0,0.0,0.0,0.0,0.0,0.0,0.0,0.0,7453,1.4,0.7,0.7,4.68,4.6,4.77,2017,20170321,False
201572,Brook Lopez,Brook,1610612751,BKN,29.0,1,1,0,1.0,32.885,13,24,0.542,3,9,0.333,0,2,0.0,2,5,7,1,1,0,0,0,3,3,29,2,37.9,0,0,40.0,1,1,1,1,35,3,4,44,8,1,50,87,44,87,26,27,22,79,68,79,53,1,113,25,5,69,19,10,1,11,1,94,104.9,106.3,106.3,101.8,103.1,103.1,3.1,3.1,3.1,0.071,1.0,3.8,0.0,0.128,0.0,3.8,3.7,0.604,0.583,0.347,0.355,94.64,93.42,77.85,93.42,0.158,64,13.0,24.0,79,75,75,79,83,83,75,77,77,93,50,117,41,23,33,56,56,51,65,6,6,125,131,131,30,3,4,38,50,0.0,1,4,3,2,0.026,0.053,6,2,3,0.667,0,0,0.0,4,0.667,2,0.333,0,0.0,1,0.167,0,0.0,29,63,50,1.8,1.71,1.0,0.46,4,10,7,1.0,0.2,1.143,2.0,0.0,1.0,3.0,0.667,0.0,0.667,1.7,2.0,3.0,0.4,10.0,0.5,0.0,0.5,3.8,4.0,3.0,0.571,13.0,0.538,0.0,0.538,3.2,1.0,0.208,3.0,5.0,0.6,0.6,0.208,3.0,5.0,0.6,0.0,0.0,0.0,,0.292,4.0,7.0,0.571,0.571,0.292,4.0,7.0,0.571,0.0,0.0,0.0,,0.125,2.0,3.0,0.667,0.667,0.083,2.0,2.0,1.0,0.042,0.0,1.0,0.0,0.375,4.0,9.0,0.444,0.611,0.042,1.0,1.0,1.0,0.333,3.0,8.0,0.375,1,3,0.333,2,0.0,1.0,0.0,0.333,13,0.5,8,0.667,2,0.25,4,1.0,0.604,6.0,9.0,0.667,2.0,4.0,0.5,2.0,2.0,1.0,2.0,2.0,1.0,0.0,0.0,0.0,1.0,7.0,0.143,,,,2.0,2.0,1.0,BKN,7.0,11.0,0.636,0.0,1.0,0.0,2.0,2.0,1.0,1.0,1.0,1.0,2.0,4.0,0.5,1.0,5.0,0.2,,,,,,,,,,5,10,3.0,8.0,0.375,0.65,10.0,15.0,0.667,0.465,0.202,,,,,,10.0,15.0,0.667,0.498,0.169,4.0,4.0,1.0,0.594,0.406,6.0,6.0,1.0,0.521,0.479,1.0,1.0,1.0,0.382,0.618,20.0,19.0,1.0,0.0,0.0,1.0,2.0,0.0,0.0,0.0,0.0,0.0,0.0,0.0,0.0,0.0,0.0,0.0,0.0,0.0,0.0,11191,2.1,1.2,0.9,3.84,4.09,3.56,2017,20170321,False
203468,CJ McCollum,CJ,1610612757,POR,25.0,1,0,1,0.0,36.43333333333333,9,17,0.529,1,4,0.25,2,2,1.0,0,2,2,2,3,0,0,1,2,1,21,-9,23.4,0,0,26.0,1,87,87,87,17,9,11,50,41,32,60,36,44,1,91,90,109,52,11,79,53,111,74,84,19,131,57,10,1,39,1,93,92.4,94.4,94.4,103.7,105.6,105.6,-11.3,-11.2,-11.2,0.111,0.67,8.7,0.0,0.0,0.0,13.0,13.1,0.559,0.587,0.25,0.253,96.02,94.2,78.5,94.2,0.105,71,9.0,17.0,115,114,114,89,96,96,110,111,111,72,73,104,41,68,33,107,107,64,64,36,38,109,123,123,73,9,11,24,41,0.0,1,4,4,3,0.083,0.125,14,6,9,0.667,2,4,0.5,14,1.0,2,0.143,0,0.0,1,0.071,2,0.143,21,47,22,4.6,5.85,6.19,0.447,1,0,0,2.0,0.0,0.0,0.0,0.0,0.0,2.0,0.0,0.0,0.0,0.0,1.0,1.0,0.5,6.0,0.333,1.0,0.4,6.1,1.0,1.0,0.5,8.0,0.25,1.0,0.286,6.1,1.0,0.176,2.0,3.0,0.667,0.667,0.176,2.0,3.0,0.667,0.0,0.0,0.0,,0.706,7.0,12.0,0.583,0.625,0.529,6.0,9.0,0.667,0.176,1.0,3.0,0.333,0.059,0.0,1.0,0.0,0.0,0.059,0.0,1.0,0.0,0.0,0.0,0.0,,0.059,0.0,1.0,0.0,0.0,0.0,0.0,0.0,,0.059,0.0,1.0,0.0,3,6,0.5,7,1.0,2.0,0.5,0.583,2,0.333,0,0.0,0,0.0,2,1.0,0.559,5.0,8.0,0.625,1.0,1.0,1.0,2.0,4.0,0.5,0.0,0.0,0.0,0.0,1.0,0.0,1.0,3.0,0.333,0.0,0.0,0.0,0.0,1.0,0.0,POR,6.0,9.0,0.667,1.0,1.0,1.0,0.0,1.0,0.0,1.0,2.0,0.5,0.0,3.0,0.0,1.0,1.0,1.0,,,,,,,0.0,0.0,0.0,1,3,0.0,2.0,0.0,0.333,4.0,8.0,0.5,0.427,0.073,2.0,2.0,1.0,0.419,0.581,2.0,6.0,0.333,0.456,-0.123,1.0,1.0,1.0,0.663,0.337,2.0,2.0,1.0,0.51,0.49,2.0,3.0,0.667,0.407,0.26,7.0,6.0,1.0,0.0,0.0,0.0,0.0,0.0,0.0,1.0,0.0,0.0,0.0,0.0,0.0,0.0,0.0,0.0,0.0,0.0,0.0,14040,2.7,1.5,1.1,4.46,4.85,3.7,2017,20170321,False
1627747,Caris LeVert,Caris,1610612751,BKN,22.0,1,1,0,1.0,25.316666666666666,5,8,0.625,3,4,0.75,2,2,1.0,0,1,1,1,0,1,0,1,1,1,15,9,20.7,0,0,22.0,1,1,1,1,74,42,67,23,8,32,8,36,44,1,91,120,136,79,116,33,53,111,32,84,38,35,69,10,1,57,1,94,114.8,118.0,118.0,101.0,100.0,100.0,13.8,18.0,18.0,0.056,0.0,10.0,0.0,0.038,0.0,0.0,0.0,0.813,0.845,0.158,0.152,95.67,94.8,79.0,94.8,0.138,50,5.0,8.0,43,35,35,75,62,62,47,39,39,106,88,94,41,63,33,1,1,9,10,101,111,116,116,116,44,42,67,28,30,0.0,0,4,3,1,0.036,0.036,7,1,1,1.0,2,2,1.0,4,0.571,4,0.571,1,0.143,0,0.0,1,0.143,15,37,29,1.5,2.36,1.92,0.405,0,0,1,0.0,0.0,0.0,0.0,0.0,0.0,2.0,0.0,0.0,0.0,0.0,0.0,1.0,0.0,4.0,0.25,1.0,0.333,5.0,0.0,1.0,0.0,6.0,0.167,1.0,0.2,5.0,1.0,0.125,1.0,1.0,1.0,1.5,0.0,0.0,0.0,,0.125,1.0,1.0,1.0,0.5,2.0,4.0,0.5,0.5,0.5,2.0,4.0,0.5,0.0,0.0,0.0,,0.125,1.0,1.0,1.0,1.5,0.0,0.0,0.0,,0.125,1.0,1.0,1.0,0.25,1.0,2.0,0.5,0.75,0.0,0.0,0.0,,0.25,1.0,2.0,0.5,1,2,0.5,3,1.0,1.0,1.0,0.75,6,0.667,0,0.0,0,0.0,0,0.0,0.813,2.0,3.0,0.667,0.0,0.0,0.0,0.0,1.0,0.0,0.0,0.0,0.0,1.0,1.0,1.0,2.0,3.0,0.667,,,,1.0,1.0,1.0,BKN,2.0,3.0,0.667,0.0,0.0,0.0,0.0,0.0,0.0,0.0,1.0,0.0,2.0,3.0,0.667,1.0,1.0,1.0,,,,,,,,,,2,3,2.0,3.0,0.667,1.0,6.0,9.0,0.667,0.443,0.224,0.0,2.0,0.0,0.341,-0.341,6.0,7.0,0.857,0.492,0.365,3.0,3.0,1.0,0.611,0.389,4.0,4.0,1.0,0.553,0.447,1.0,4.0,0.25,0.378,-0.128,10.0,9.0,1.0,1.0,0.0,0.0,0.0,0.0,0.0,0.0,0.0,0.0,0.0,0.0,0.0,0.0,0.0,0.0,0.0,0.0,0.0,9579,1.8,1.0,0.8,4.28,4.4,4.12,2017,20170321,False
101108,Chris Paul,Chris,1610612746,LAC,32.0,1,1,0,1.0,25.016666666666666,9,15,0.6,4,8,0.5,5,5,1.0,2,6,8,4,2,1,0,0,2,2,27,17,43.6,0,0,45.0,1,1,1,1,75,9,19,25,3,5,18,13,20,1,26,17,16,20,27,33,53,1,74,50,6,13,10,10,1,8,1,99,139.4,140.4,140.4,106.5,107.7,107.7,33.0,32.7,32.7,0.286,2.0,18.2,0.0,0.0,0.0,9.1,8.6,0.733,0.785,0.286,0.303,100.69,99.77,83.14,99.77,0.259,52,9.0,15.0,5,5,5,103,104,104,16,15,15,18,24,52,41,68,33,83,82,21,15,18,15,50,60,60,6,9,19,50,56,0.0,2,10,9,6,0.08,0.12,9,1,4,0.25,0,0,0.0,2,0.222,3,0.333,1,0.111,1,0.111,0,0.0,27,72,28,6.0,5.04,4.24,0.375,0,1,1,0.0,2.0,0.0,0.0,2.0,0.0,2.0,1.0,0.0,1.0,18.6,0.0,6.0,0.0,7.0,0.857,0.0,0.857,11.6,0.0,8.0,0.0,9.0,0.889,0.0,0.889,13.3,1.0,0.067,1.0,1.0,1.0,1.0,0.067,1.0,1.0,1.0,0.0,0.0,0.0,,0.2,2.0,3.0,0.667,0.667,0.133,2.0,2.0,1.0,0.067,0.0,1.0,0.0,0.4,3.0,6.0,0.5,0.667,0.133,1.0,2.0,0.5,0.267,2.0,4.0,0.5,0.333,3.0,5.0,0.6,0.8,0.133,1.0,2.0,0.5,0.2,2.0,3.0,0.667,7,11,0.636,16,2.0,5.0,0.4,0.727,6,0.667,0,0.0,2,1.0,0,0.0,0.733,0.0,0.0,0.0,0.0,1.0,0.0,5.0,6.0,0.833,1.0,1.0,1.0,0.0,1.0,0.0,3.0,6.0,0.5,0.0,0.0,0.0,1.0,2.0,0.5,LAC,0.0,0.0,0.0,0.0,1.0,0.0,1.0,1.0,1.0,4.0,5.0,0.8,2.0,5.0,0.4,2.0,3.0,0.667,0.0,0.0,0.0,,,,0.0,0.0,0.0,2,3,2.0,3.0,0.667,1.0,4.0,11.0,0.364,0.446,-0.082,1.0,7.0,0.143,0.341,-0.198,3.0,4.0,0.75,0.512,0.238,2.0,2.0,1.0,0.638,0.363,2.0,2.0,1.0,0.61,0.391,1.0,8.0,0.125,0.353,-0.228,8.0,2.0,6.0,2.0,0.0,1.0,2.0,0.0,0.0,4.0,0.0,0.0,0.0,0.0,0.0,0.0,0.0,0.0,0.0,0.0,0.0,9070,1.7,0.9,0.8,4.1,4.11,4.07,2017,20170321,False
202332,Cole Aldrich,Cole,1610612750,MIN,28.0,1,0,1,0.0,2.1216666666666666,0,1,0.0,0,0,0.0,0,0,0.0,0,0,0,0,1,0,0,0,1,0,0,-6,-1.0,0,0,0.0,1,87,87,87,167,142,152,142,77,116,77,87,95,87,91,149,160,118,68,79,53,1,32,126,148,111,167,10,1,165,1,91,40.0,40.0,40.0,163.9,133.3,133.3,-123.9,-93.3,-93.3,0.0,0.0,0.0,0.0,0.0,0.0,50.0,50.0,0.0,0.0,0.4,0.4,111.76,124.43,103.69,124.43,-0.273,5,0.0,1.0,165,165,165,167,156,156,167,166,166,118,88,118,41,68,33,164,164,142,148,3,3,2,1,1,167,142,152,2,2,0.0,0,0,0,0,0.0,0.0,0,0,0,0.0,0,0,0.0,0,0.0,0,0.0,0,0.0,0,0.0,0,0.0,0,3,2,0.1,1.39,0.33,0.0,0,0,2,0.0,0.0,0.0,,,,,,,,,,,,,,,,,,,,,,,,,,,,,,,,,,,,,,,,,,,,,,,,,,,,1.0,0.0,1.0,0.0,0.0,1.0,0.0,1.0,0.0,0.0,0.0,0.0,,,,,,,,,,,,,,,0,0,,0,,,,,0,0.0,0,0.0,0,0.0,0,0.0,0.0,0.0,1.0,0.0,0.0,0.0,0.0,0.0,0.0,0.0,,,,,,,0.0,0.0,0.0,,,,,,,MIN,0.0,1.0,0.0,0.0,0.0,0.0,,,,0.0,0.0,0.0,0.0,0.0,0.0,,,,,,,,,,,,,0,0,,,,,2.0,2.0,1.0,0.474,0.526,,,,,,2.0,2.0,1.0,0.481,0.519,2.0,2.0,1.0,0.667,0.333,2.0,2.0,1.0,0.592,0.408,,,,,,2.0,2.0,0.0,0.0,0.0,0.0,0.0,0.0,0.0,0.0,0.0,0.0,0.0,0.0,0.0,0.0,0.0,0.0,0.0,0.0,0.0,783,0.1,0.1,0.0,2.85,4.49,0.0,2017,20170321,False
201147,Corey Brewer,Corey,1610612747,LAL,31.0,1,0,1,0.0,11.8,1,5,0.2,0,1,0.0,0,2,0.0,1,0,1,1,0,0,1,0,1,1,2,-16,7.7,0,0,6.0,1,87,87,87,143,122,105,133,77,99,77,87,44,87,45,149,136,79,116,79,20,1,32,84,133,155,140,10,1,143,1,100,81.6,80.0,80.0,153.1,156.5,156.5,-71.5,-76.5,-76.5,0.143,0.0,14.3,0.0,0.0,0.0,0.0,0.0,0.2,0.17,0.188,0.187,97.71,97.63,81.36,97.63,-0.068,25,1.0,5.0,145,144,144,162,165,165,163,164,164,52,88,75,41,68,33,1,1,136,144,81,87,79,79,79,157,122,105,13,16,0.0,0,1,2,1,0.077,0.077,5,1,4,0.25,0,0,0.0,2,0.4,1,0.2,0,0.0,0,0.0,0,0.0,2,20,16,0.6,1.85,1.1,0.1,1,0,2,0.0,0.0,0.0,1.0,0.0,1.0,2.0,0.5,0.0,0.5,2.7,0.0,0.0,0.0,1.0,0.0,0.0,0.0,0.0,1.0,0.0,1.0,3.0,0.333,0.0,0.333,2.7,1.0,0.6,0.0,3.0,0.0,0.0,0.6,0.0,3.0,0.0,0.0,0.0,0.0,,0.4,1.0,2.0,0.5,0.5,0.2,1.0,1.0,1.0,0.2,0.0,1.0,0.0,,,,,,,,,,,,,,,,,,,,,,,,,,,0,0,,0,0.0,0.0,,,0,0.0,0,0.0,0,0.0,0,0.0,0.2,1.0,1.0,1.0,0.0,2.0,0.0,0.0,1.0,0.0,0.0,1.0,0.0,,,,0.0,0.0,0.0,0.0,0.0,0.0,0.0,1.0,0.0,LAL,1.0,1.0,1.0,0.0,3.0,0.0,0.0,0.0,0.0,0.0,0.0,0.0,0.0,1.0,0.0,0.0,0.0,0.0,0.0,0.0,0.0,,,,0.0,0.0,0.0,0,1,0.0,1.0,0.0,0.0,1.0,2.0,0.5,0.454,0.047,,,,,,1.0,2.0,0.5,0.496,0.005,0.0,1.0,0.0,0.584,-0.584,0.0,1.0,0.0,0.575,-0.575,1.0,1.0,1.0,0.381,0.619,3.0,3.0,0.0,0.0,0.0,1.0,2.0,0.0,0.0,0.0,0.0,0.0,0.0,0.0,0.0,0.0,0.0,0.0,0.0,0.0,0.0,4364,0.8,0.5,0.4,4.09,4.97,4.23,2017,20170321,False
202709,Cory Joseph,Cory,1610612761,TOR,25.0,1,1,0,1.0,43.32333333333333,6,11,0.545,1,4,0.25,6,7,0.857,1,0,1,2,2,0,0,0,2,4,19,6,21.2,0,0,23.0,1,1,1,1,3,32,43,42,41,32,60,10,11,47,45,149,136,52,27,79,53,1,74,12,21,47,68,10,1,50,1,106,120.9,123.3,123.3,113.5,112.4,112.4,7.4,10.9,10.9,0.057,1.0,11.1,0.024,0.0,0.012,11.1,11.1,0.591,0.675,0.162,0.161,97.39,96.95,80.79,96.95,0.064,86,6.0,11.0,33,26,26,124,124,124,66,54,54,105,50,87,38,68,32,97,98,57,38,99,101,84,83,83,105,32,43,59,67,0.0,0,7,5,2,0.034,0.034,11,3,4,0.75,2,2,1.0,8,0.727,4,0.364,1,0.091,1,0.091,1,0.091,19,74,27,4.6,3.74,4.07,0.257,0,1,1,0.0,0.0,0.0,1.0,0.0,1.0,3.0,0.333,0.0,0.333,3.3,0.0,0.0,0.0,4.0,0.0,0.0,0.0,0.0,1.0,0.0,1.0,7.0,0.143,0.0,0.143,3.3,1.0,0.182,2.0,2.0,1.0,1.0,0.182,2.0,2.0,1.0,0.0,0.0,0.0,,0.273,1.0,3.0,0.333,0.333,0.273,1.0,3.0,0.333,0.0,0.0,0.0,,0.364,1.0,4.0,0.25,0.25,0.091,1.0,1.0,1.0,0.273,0.0,3.0,0.0,0.182,2.0,2.0,1.0,1.25,0.091,1.0,1.0,1.0,0.091,1.0,1.0,1.0,2,3,0.667,4,0.0,1.0,0.0,0.667,3,0.333,0,0.0,0,0.0,0,0.0,0.591,3.0,3.0,1.0,1.0,2.0,0.5,1.0,2.0,0.5,0.0,1.0,0.0,1.0,1.0,1.0,0.0,2.0,0.0,0.0,0.0,0.0,1.0,2.0,0.5,TOR,3.0,3.0,1.0,1.0,2.0,0.5,0.0,1.0,0.0,1.0,1.0,1.0,1.0,3.0,0.333,0.0,1.0,0.0,0.0,0.0,0.0,,,,0.0,0.0,0.0,1,3,1.0,3.0,0.333,0.5,6.0,14.0,0.429,0.414,0.015,2.0,8.0,0.25,0.354,-0.104,4.0,6.0,0.667,0.452,0.215,3.0,4.0,0.75,0.547,0.204,3.0,5.0,0.6,0.506,0.094,2.0,8.0,0.25,0.345,-0.095,11.0,5.0,6.0,0.0,0.0,0.0,0.0,0.0,0.0,0.0,0.0,0.0,0.0,0.0,0.0,0.0,0.0,0.0,0.0,0.0,0.0,17087,3.2,1.6,1.6,4.44,4.71,4.19,2017,20170321,False
1626245,Cristiano Felicio,Cristiano,1610612741,CHI,24.0,1,0,1,0.0,15.526666666666667,2,3,0.667,0,0,0.0,1,2,0.5,2,0,2,0,1,1,0,1,0,2,5,3,9.4,0,0,9.0,1,87,87,87,130,97,131,12,77,116,77,69,44,66,26,149,109,118,68,33,53,111,1,50,111,63,133,10,1,131,1,107,106.4,113.3,113.3,94.7,96.9,96.9,11.6,16.5,16.5,0.0,0.0,0.0,0.0,0.0,0.0,20.0,20.5,0.667,0.644,0.147,0.14,99.98,95.84,79.86,95.84,0.108,30,2.0,3.0,66,48,48,50,53,53,52,43,43,118,88,118,41,68,33,129,134,28,50,111,120,58,100,100,71,97,131,12,11,0.0,0,1,0,0,0.0,0.0,0,0,0,0.0,0,0,0.0,0,0.0,0,0.0,0,0.0,0,0.0,0,0.0,5,17,13,0.5,1.7,0.65,0.294,2,0,2,0.0,0.0,0.5,2.0,0.0,1.0,5.0,0.4,0.0,0.4,3.4,0.0,0.0,0.0,1.0,0.0,0.0,0.0,0.0,2.0,0.0,1.0,6.0,0.333,0.0,0.333,3.4,,,,,,,,,,,,,,,0.667,1.0,2.0,0.5,0.5,0.667,1.0,2.0,0.5,0.0,0.0,0.0,,,,,,,,,,,,,,,0.333,1.0,1.0,1.0,1.0,0.333,1.0,1.0,1.0,0.0,0.0,0.0,,0,0,,0,,,,,2,1.0,1,0.0,0,0.0,0,0.0,0.667,1.0,2.0,0.5,0.0,0.0,0.0,1.0,1.0,1.0,0.0,0.0,0.0,0.0,0.0,0.0,0.0,0.0,0.0,0.0,0.0,0.0,0.0,0.0,0.0,CHI,1.0,2.0,0.5,0.0,0.0,0.0,0.0,0.0,0.0,0.0,0.0,0.0,1.0,1.0,1.0,0.0,0.0,0.0,,,,0.0,0.0,0.0,0.0,0.0,0.0,1,1,,,,1.0,2.0,4.0,0.5,0.415,0.085,,,,,,2.0,4.0,0.5,0.46,0.04,1.0,3.0,0.333,0.488,-0.154,2.0,4.0,0.5,0.476,0.025,,,,,,7.0,7.0,0.0,1.0,0.0,0.0,0.0,0.0,0.0,1.0,0.0,0.0,0.0,0.0,0.0,0.0,0.0,0.0,0.0,0.0,0.0,6106,1.2,0.6,0.6,4.66,4.9,4.43,2017,20170321,False
1626156,D'Angelo Russell,D'Angelo,1610612747,LAL,21.0,1,0,1,0.0,36.2,7,15,0.467,3,7,0.429,1,2,0.5,0,2,2,5,1,3,0,0,3,3,18,-8,35.9,0,0,34.0,1,87,87,87,20,22,19,80,8,9,40,69,44,66,91,90,109,12,68,4,53,1,113,25,25,123,22,10,1,22,1,100,118.1,115.6,115.6,125.1,127.6,127.6,-7.0,-12.0,-12.0,0.179,5.0,22.7,0.0,0.0,0.0,4.5,4.6,0.567,0.567,0.2,0.205,101.38,101.44,84.53,101.44,0.091,77,7.0,15.0,37,44,44,147,151,151,102,113,113,46,4,36,41,68,33,59,59,63,68,72,71,49,43,43,82,22,19,50,60,0.0,4,8,12,9,0.1,0.18,1,0,0,0.0,0,0,0.0,0,0.0,0,0.0,1,1.0,0,0.0,0,0.0,18,70,38,4.3,3.71,2.51,0.257,0,0,0,0.0,0.0,0.0,0.0,0.0,0.0,2.0,0.0,0.0,0.0,0.0,0.0,2.0,0.0,1.0,2.0,0.0,2.0,8.5,0.0,2.0,0.0,3.0,0.667,0.0,0.667,8.5,1.0,0.133,1.0,2.0,0.5,0.5,0.133,1.0,2.0,0.5,0.0,0.0,0.0,,0.333,2.0,5.0,0.4,0.4,0.267,2.0,4.0,0.5,0.067,0.0,1.0,0.0,0.267,2.0,4.0,0.5,0.625,0.133,1.0,2.0,0.5,0.133,1.0,2.0,0.5,0.267,2.0,4.0,0.5,0.75,0.0,0.0,0.0,,0.267,2.0,4.0,0.5,5,9,0.556,11,1.0,2.0,0.5,0.611,6,0.4,0,0.0,0,0.0,0,0.0,0.567,0.0,1.0,0.0,0.0,0.0,0.0,4.0,7.0,0.571,1.0,1.0,1.0,0.0,0.0,0.0,2.0,6.0,0.333,0.0,0.0,0.0,1.0,1.0,1.0,LAL,0.0,1.0,0.0,0.0,0.0,0.0,0.0,0.0,0.0,3.0,6.0,0.5,3.0,5.0,0.6,1.0,3.0,0.333,,,,,,,0.0,0.0,0.0,2,5,2.0,5.0,0.4,0.6,9.0,16.0,0.563,0.502,0.06,4.0,7.0,0.571,0.398,0.174,5.0,9.0,0.556,0.563,-0.007,2.0,3.0,0.667,0.725,-0.058,3.0,4.0,0.75,0.672,0.078,6.0,11.0,0.545,0.396,0.149,8.0,4.0,4.0,4.0,0.0,0.0,0.0,0.0,0.0,0.0,0.0,0.0,0.0,0.0,0.0,0.0,0.0,0.0,0.0,0.0,0.0,13247,2.5,1.3,1.2,4.16,4.73,3.67,2017,20170321,False
203081,Damian Lillard,Damian,1610612757,POR,26.0,1,0,1,0.0,39.733333333333334,13,26,0.5,2,9,0.222,3,6,0.5,1,4,5,7,1,4,0,2,0,7,31,6,58.5,0,0,53.0,1,87,87,87,10,3,3,53,17,1,71,24,13,66,45,42,43,6,68,2,53,154,1,6,4,47,4,10,1,4,1,93,102.9,106.8,106.8,95.3,97.3,97.3,7.6,9.6,9.6,0.389,7.0,18.9,0.0,0.095,0.0,2.7,2.7,0.538,0.541,0.337,0.334,91.4,88.79,73.99,88.79,0.237,73,13.0,26.0,86,73,73,52,56,56,64,58,58,6,1,51,41,38,33,54,54,66,72,7,8,145,156,156,9,3,3,64,83,1.0,0,16,17,8,0.109,0.125,19,8,11,0.727,2,4,0.5,18,0.947,5,0.263,0,0.0,1,0.053,2,0.105,31,96,36,9.0,5.65,5.32,0.323,1,0,1,0.0,0.0,0.0,0.0,1.0,0.0,2.0,0.5,0.0,0.5,10.0,3.0,2.0,0.75,10.0,0.4,3.0,0.571,9.8,3.0,3.0,0.6,12.0,0.417,3.0,0.556,9.8,1.0,0.154,1.0,4.0,0.25,0.25,0.154,1.0,4.0,0.25,0.0,0.0,0.0,,0.423,8.0,11.0,0.727,0.727,0.385,8.0,10.0,0.8,0.038,0.0,1.0,0.0,0.346,3.0,9.0,0.333,0.389,0.115,2.0,3.0,0.667,0.231,1.0,6.0,0.167,0.077,1.0,2.0,0.5,0.75,0.0,0.0,0.0,,0.077,1.0,2.0,0.5,3,10,0.3,7,1.0,6.0,0.167,0.35,5,0.5,0,0.0,0,0.0,0,0.0,0.538,8.0,12.0,0.667,2.0,2.0,1.0,1.0,3.0,0.333,0.0,0.0,0.0,0.0,0.0,0.0,2.0,9.0,0.222,0.0,0.0,0.0,0.0,0.0,0.0,POR,8.0,12.0,0.667,0.0,0.0,0.0,2.0,2.0,1.0,1.0,2.0,0.5,0.0,2.0,0.0,2.0,8.0,0.25,0.0,0.0,0.0,,,,0.0,0.0,0.0,2,3,1.0,2.0,0.5,0.833,3.0,11.0,0.273,0.453,-0.181,0.0,2.0,0.0,0.411,-0.411,3.0,9.0,0.333,0.479,-0.146,3.0,3.0,1.0,0.547,0.453,3.0,6.0,0.5,0.563,-0.063,0.0,3.0,0.0,0.395,-0.395,4.0,3.0,1.0,7.0,1.0,0.0,0.0,0.0,0.0,3.0,0.0,0.0,0.0,0.0,0.0,0.0,0.0,0.0,0.0,0.0,0.0,13935,2.6,1.5,1.2,3.93,4.48,3.66,2017,20170321,False
201980,Danny Green,Danny,1610612759,SAS,30.0,1,1,0,1.0,32.185,4,7,0.571,2,5,0.4,0,0,0.0,0,3,3,3,0,1,1,0,4,0,10,-4,24.1,0,0,22.0,1,1,1,1,38,53,77,32,17,19,42,87,95,87,91,65,89,35,116,33,20,1,149,126,63,105,51,10,1,57,1,92,102.5,103.3,103.3,110.3,111.7,111.7,-7.9,-8.4,-8.4,0.167,0.0,30.0,0.0,0.107,0.0,0.0,0.0,0.714,0.714,0.097,0.102,91.12,90.23,75.19,90.23,0.099,61,4.0,7.0,89,89,89,111,118,118,104,103,103,48,88,19,41,32,33,1,1,22,27,143,144,149,148,148,76,53,77,43,35,1.0,0,8,8,4,0.07,0.093,2,0,0,0.0,0,0,0.0,0,0.0,2,1.0,0,0.0,0,0.0,0,0.0,10,50,31,1.8,2.13,1.32,0.2,0,0,2,0.0,0.0,1.0,0.0,0.0,0.0,2.0,0.0,1.0,0.0,0.0,2.0,1.0,0.667,7.0,0.429,2.0,0.6,4.6,2.0,1.0,0.667,9.0,0.333,3.0,0.5,4.6,,,,,,,,,,,,,,,0.429,2.0,3.0,0.667,0.833,0.143,1.0,1.0,1.0,0.286,1.0,2.0,0.5,0.286,1.0,2.0,0.5,0.5,0.143,1.0,1.0,1.0,0.143,0.0,1.0,0.0,0.286,1.0,2.0,0.5,0.75,0.0,0.0,0.0,,0.286,1.0,2.0,0.5,1,2,0.5,2,0.0,1.0,0.0,0.5,6,0.5,2,1.0,0,0.0,0,0.0,0.714,1.0,1.0,1.0,0.0,0.0,0.0,1.0,1.0,1.0,0.0,0.0,0.0,0.0,0.0,0.0,2.0,5.0,0.4,0.0,0.0,0.0,0.0,0.0,0.0,SAS,1.0,1.0,1.0,0.0,0.0,0.0,1.0,1.0,1.0,0.0,0.0,0.0,1.0,3.0,0.333,1.0,2.0,0.5,,,,,,,0.0,0.0,0.0,2,4,2.0,4.0,0.5,0.75,7.0,11.0,0.636,0.459,0.178,0.0,2.0,0.0,0.337,-0.337,7.0,9.0,0.778,0.515,0.263,5.0,6.0,0.833,0.612,0.221,5.0,6.0,0.833,0.54,0.294,1.0,3.0,0.333,0.368,-0.035,5.0,4.0,1.0,2.0,0.0,0.0,0.0,0.0,0.0,1.0,0.0,0.0,0.0,0.0,0.0,0.0,0.0,0.0,0.0,0.0,0.0,12596,2.4,1.3,1.1,4.49,4.88,4.1,2017,20170321,False
1628021,David Nwaba,David,1610612747,LAL,24.0,1,0,1,0.0,14.016666666666667,1,3,0.333,0,0,0.0,0,0,0.0,1,2,3,0,0,0,0,1,2,0,2,-15,5.6,0,0,5.0,1,87,87,87,137,122,131,102,77,116,77,87,95,87,45,90,89,118,116,79,53,111,74,126,133,154,146,10,1,145,1,100,83.4,80.0,80.0,138.3,139.3,139.3,-54.8,-59.3,-59.3,0.0,0.0,0.0,0.053,0.0,0.0,0.0,0.0,0.333,0.333,0.083,0.086,97.53,99.31,82.76,99.31,0.009,30,1.0,3.0,142,144,144,160,160,160,160,162,162,118,88,118,20,68,33,1,1,112,122,153,152,81,65,65,137,122,131,9,10,0.0,0,1,0,0,0.0,0.0,4,0,2,0.0,0,0,0.0,0,0.0,2,0.5,0,0.0,0,0.0,0,0.0,2,13,8,0.5,2.21,1.38,0.154,0,0,1,0.0,0.0,2.0,1.0,0.0,1.0,4.0,0.25,0.0,0.25,2.8,1.0,1.0,0.5,3.0,0.667,1.0,1.0,3.7,2.0,1.0,0.667,7.0,0.429,1.0,0.5,3.4,1.0,0.333,0.0,1.0,0.0,0.0,0.333,0.0,1.0,0.0,0.0,0.0,0.0,,0.333,1.0,1.0,1.0,1.0,0.333,1.0,1.0,1.0,0.0,0.0,0.0,,0.333,0.0,1.0,0.0,0.0,0.333,0.0,1.0,0.0,0.0,0.0,0.0,,,,,,,,,,,,,,,0,0,,0,,,,,0,0.0,2,1.0,0,0.0,0,0.0,0.333,1.0,2.0,0.5,0.0,1.0,0.0,0.0,0.0,0.0,0.0,0.0,0.0,,,,0.0,0.0,0.0,0.0,0.0,0.0,0.0,0.0,0.0,LAL,1.0,2.0,0.5,0.0,1.0,0.0,0.0,0.0,0.0,0.0,0.0,0.0,0.0,0.0,0.0,0.0,0.0,0.0,0.0,0.0,0.0,,,,0.0,0.0,0.0,0,0,,,,,5.0,7.0,0.714,0.459,0.255,1.0,2.0,0.5,0.389,0.111,4.0,5.0,0.8,0.503,0.297,1.0,1.0,1.0,0.563,0.437,1.0,2.0,0.5,0.54,-0.04,4.0,5.0,0.8,0.426,0.374,4.0,3.0,1.0,1.0,0.0,0.0,0.0,0.0,0.0,0.0,0.0,0.0,0.0,0.0,0.0,0.0,0.0,0.0,0.0,0.0,0.0,5735,1.1,0.6,0.5,4.74,5.56,4.02,2017,20170321,False
2561,David West,David,1610612744,GSW,36.0,1,1,0,1.0,15.016666666666667,2,3,0.667,0,0,0.0,2,2,1.0,0,5,5,3,3,2,0,0,1,2,6,11,19.5,0,0,18.0,1,1,1,1,133,97,131,12,77,116,77,36,44,1,91,27,43,35,11,12,53,1,32,50,101,29,76,10,1,77,1,96,90.7,96.4,96.4,54.6,55.2,55.2,36.2,41.3,41.3,0.333,1.0,30.0,0.0,0.0,0.0,30.0,30.4,0.667,0.773,0.233,0.231,94.42,91.1,75.92,91.1,0.289,28,2.0,3.0,124,107,107,3,3,3,11,7,7,11,50,19,41,68,33,157,157,28,16,51,55,127,143,143,4,97,131,31,26,0.0,0,6,6,3,0.097,0.097,0,0,0,0.0,0,0,0.0,0,0.0,0,0.0,0,0.0,0,0.0,0,0.0,6,37,25,0.8,1.34,0.11,0.162,4,2,5,0.5,0.0,1.2,0.0,0.0,0.0,1.0,0.0,0.0,0.0,0.0,2.0,3.0,0.4,9.0,0.556,2.0,0.714,5.0,2.0,3.0,0.4,10.0,0.5,2.0,0.625,5.0,,,,,,,,,,,,,,,0.667,2.0,2.0,1.0,1.0,0.667,2.0,2.0,1.0,0.0,0.0,0.0,,0.333,0.0,1.0,0.0,0.0,0.333,0.0,1.0,0.0,0.0,0.0,0.0,,,,,,,,,,,,,,,0,1,0.0,0,,,,0.0,0,0.0,6,1.0,0,0.0,2,0.5,0.667,2.0,2.0,1.0,0.0,1.0,0.0,0.0,0.0,0.0,,,,0.0,0.0,0.0,0.0,0.0,0.0,0.0,0.0,0.0,0.0,0.0,0.0,GSW,2.0,2.0,1.0,0.0,0.0,0.0,0.0,1.0,0.0,0.0,0.0,0.0,0.0,0.0,0.0,0.0,0.0,0.0,,,,,,,0.0,0.0,0.0,0,0,,,,,1.0,8.0,0.125,0.532,-0.407,0.0,3.0,0.0,0.391,-0.391,1.0,5.0,0.2,0.589,-0.389,0.0,2.0,0.0,0.698,-0.698,0.0,2.0,0.0,0.685,-0.685,0.0,5.0,0.0,0.36,-0.36,6.0,3.0,3.0,4.0,0.0,2.0,5.0,0.0,0.0,1.0,0.0,0.0,0.0,0.0,0.0,0.0,0.0,0.0,0.0,0.0,0.0,4887,0.9,0.5,0.5,3.61,4.26,3.78,2017,20170321,False
202722,Davis Bertans,Davis,1610612759,SAS,24.0,1,1,0,1.0,6.218333333333334,0,1,0.0,0,0,0.0,0,0,0.0,1,0,1,0,1,0,0,0,0,1,0,-5,0.2,0,0,1.0,1,1,1,1,155,142,152,142,77,116,77,87,95,87,45,149,136,118,68,79,53,1,1,84,148,109,162,10,1,160,1,92,91.7,91.7,91.7,129.9,145.5,145.5,-38.2,-53.8,-53.8,0.0,0.0,0.0,0.0,0.0,0.0,50.0,50.0,0.0,0.0,0.133,0.143,93.86,88.77,73.97,88.77,-0.103,12,0.0,1.0,119,121,121,155,162,162,149,158,158,118,88,118,41,68,33,164,164,142,148,119,115,132,158,158,160,142,152,6,5,0.0,0,0,0,0,0.0,0.0,2,0,0,0.0,0,0,0.0,0,0.0,1,0.5,0,0.0,1,0.5,0,0.0,0,8,6,0.2,1.45,1.0,0.0,0,0,0,0.0,0.0,0.0,0.0,1.0,0.0,1.0,1.0,0.0,1.0,22.5,0.0,0.0,0.0,1.0,0.0,0.0,0.0,0.0,0.0,1.0,0.0,2.0,0.5,0.0,0.5,22.5,,,,,,,,,,,,,,,,,,,,,,,,,,,,1.0,0.0,1.0,0.0,0.0,1.0,0.0,1.0,0.0,0.0,0.0,0.0,,,,,,,,,,,,,,,0,0,,0,,,,,0,0.0,0,0.0,0,0.0,0,0.0,0.0,0.0,0.0,0.0,0.0,0.0,0.0,0.0,1.0,0.0,0.0,0.0,0.0,,,,0.0,0.0,0.0,,,,0.0,0.0,0.0,SAS,0.0,0.0,0.0,0.0,0.0,0.0,0.0,0.0,0.0,0.0,0.0,0.0,0.0,1.0,0.0,0.0,0.0,0.0,,,,,,,0.0,0.0,0.0,0,1,,,,0.0,0.0,2.0,0.0,0.478,-0.478,,,,,,0.0,2.0,0.0,0.518,-0.518,0.0,1.0,0.0,0.673,-0.673,0.0,1.0,0.0,0.622,-0.622,0.0,1.0,0.0,0.34,-0.34,2.0,2.0,0.0,0.0,0.0,0.0,0.0,0.0,0.0,1.0,0.0,0.0,0.0,0.0,0.0,0.0,0.0,0.0,0.0,0.0,0.0,2337,0.4,0.2,0.2,3.87,3.8,3.94,2017,20170321,False
201599,DeAndre Jordan,DeAndre,1610612746,LAC,28.0,1,1,0,1.0,23.316666666666666,6,9,0.667,0,0,0.0,0,0,0.0,6,5,11,1,1,0,2,0,1,0,12,20,31.7,1,0,28.0,1,1,1,1,85,32,53,12,77,116,77,87,95,87,1,27,8,79,68,79,5,1,32,126,45,7,30,1,1,32,1,99,146.2,146.9,146.9,104.8,106.1,106.1,41.4,40.8,40.8,0.063,1.0,9.1,0.0,0.0,0.0,9.1,9.1,0.667,0.667,0.172,0.172,101.74,100.87,84.06,100.87,0.157,49,6.0,9.0,3,3,3,94,98,98,5,8,8,99,50,102,41,68,33,83,84,28,39,93,97,44,51,51,32,32,53,26,18,0.0,0,1,3,1,0.038,0.038,0,0,0,0.0,0,0,0.0,0,0.0,0,0.0,0,0.0,0,0.0,0,0.0,12,35,21,0.7,1.15,0.2,0.343,1,1,11,2.0,0.0,0.909,5.0,1.0,0.833,7.0,0.857,0.0,0.857,3.6,1.0,4.0,0.2,7.0,0.714,0.0,0.714,9.4,6.0,5.0,0.545,14.0,0.786,0.0,0.786,6.2,1.0,0.222,2.0,2.0,1.0,1.0,0.222,2.0,2.0,1.0,0.0,0.0,0.0,,0.556,2.0,5.0,0.4,0.4,0.556,2.0,5.0,0.4,0.0,0.0,0.0,,0.222,2.0,2.0,1.0,1.0,0.222,2.0,2.0,1.0,0.0,0.0,0.0,,,,,,,,,,,,,,,0,0,,0,,,,,0,0.0,10,0.625,0,0.0,2,1.0,0.667,6.0,9.0,0.667,0.0,0.0,0.0,0.0,0.0,0.0,0.0,0.0,0.0,0.0,0.0,0.0,0.0,0.0,0.0,0.0,0.0,0.0,0.0,0.0,0.0,LAC,6.0,9.0,0.667,0.0,0.0,0.0,0.0,0.0,0.0,0.0,0.0,0.0,0.0,0.0,0.0,0.0,0.0,0.0,0.0,0.0,0.0,,,,0.0,0.0,0.0,0,0,,,,,5.0,8.0,0.625,0.493,0.133,,,,,,5.0,8.0,0.625,0.511,0.114,3.0,3.0,1.0,0.589,0.411,4.0,6.0,0.667,0.547,0.12,,,,,,8.0,8.0,0.0,1.0,0.0,5.0,13.0,0.0,0.0,0.0,0.0,0.0,0.0,0.0,0.0,0.0,0.0,0.0,0.0,0.0,0.0,8065,1.5,0.8,0.7,3.87,3.96,3.77,2017,20170321,False
201942,DeMar DeRozan,DeMar,1610612761,TOR,27.0,1,1,0,1.0,43.483333333333334,17,38,0.447,1,5,0.2,7,11,0.636,4,3,7,8,2,2,1,5,1,8,42,6,69.4,0,0,64.0,1,1,1,1,2,1,1,83,41,19,72,7,3,63,7,65,22,2,27,12,20,168,32,3,1,47,2,10,1,2,1,106,116.8,117.4,117.4,110.7,109.2,109.2,6.1,8.2,8.2,0.348,4.0,15.4,0.089,0.077,0.083,3.8,3.8,0.461,0.49,0.444,0.455,95.09,95.48,79.57,95.48,0.177,86,17.0,38.0,40,38,38,113,108,108,69,62,62,10,7,68,11,43,14,56,57,94,93,2,2,120,103,103,19,1,1,49,79,0.0,2,11,21,10,0.163,0.204,29,9,18,0.5,4,5,0.8,23,0.793,5,0.172,2,0.069,0,0.0,3,0.103,42,96,62,8.2,5.1,4.32,0.438,1,0,5,0.0,0.0,0.4,2.0,2.0,0.5,10.0,0.4,1.0,0.444,13.8,3.0,0.0,1.0,11.0,0.273,0.0,0.273,3.6,5.0,2.0,0.714,21.0,0.333,1.0,0.35,9.5,1.0,0.184,4.0,7.0,0.571,0.571,0.184,4.0,7.0,0.571,0.0,0.0,0.0,,0.579,9.0,22.0,0.409,0.409,0.553,9.0,21.0,0.429,0.026,0.0,1.0,0.0,0.211,3.0,8.0,0.375,0.375,0.132,3.0,5.0,0.6,0.079,0.0,3.0,0.0,0.026,1.0,1.0,1.0,1.5,0.0,0.0,0.0,,0.026,1.0,1.0,1.0,7,14,0.5,14,0.0,2.0,0.0,0.5,3,0.25,2,0.333,0,0.0,0,0.0,0.461,6.0,13.0,0.462,5.0,11.0,0.455,5.0,9.0,0.556,0.0,2.0,0.0,0.0,0.0,0.0,1.0,3.0,0.333,0.0,0.0,0.0,0.0,2.0,0.0,TOR,7.0,17.0,0.412,4.0,6.0,0.667,1.0,2.0,0.5,4.0,8.0,0.5,0.0,2.0,0.0,0.0,2.0,0.0,1.0,1.0,1.0,,,,0.0,0.0,0.0,1,4,1.0,3.0,0.333,0.375,3.0,7.0,0.429,0.445,-0.017,1.0,2.0,0.5,0.339,0.161,2.0,5.0,0.4,0.478,-0.078,2.0,4.0,0.5,0.564,-0.064,2.0,4.0,0.5,0.53,-0.03,1.0,3.0,0.333,0.378,-0.045,4.0,1.0,3.0,7.0,0.0,0.0,0.0,0.0,0.0,4.0,0.0,0.0,0.0,0.0,0.0,0.0,0.0,0.0,0.0,0.0,0.0,14734,2.8,1.5,1.3,3.87,4.22,3.53,2017,20170321,False
202326,DeMarcus Cousins,DeMarcus,1610612740,NOP,26.0,1,1,0,1.0,36.8,14,27,0.519,5,9,0.556,8,9,0.889,4,12,16,2,2,2,2,2,5,10,41,22,73.2,1,0,72.0,1,1,1,1,16,2,2,52,1,1,17,3,6,43,7,2,2,52,27,12,5,154,160,1,2,4,1,1,1,1,1,95,108.6,112.3,112.3,82.2,84.5,84.5,26.4,27.8,27.8,0.125,1.0,6.1,0.108,0.324,0.216,6.1,5.7,0.611,0.662,0.369,0.39,96.81,93.91,78.26,93.91,0.339,73,14.0,27.0,61,51,51,19,18,18,26,22,22,66,50,113,8,1,1,65,65,49,47,4,4,94,125,125,3,2,2,43,40,0.0,0,5,5,2,0.047,0.047,10,3,5,0.6,0,0,0.0,7,0.7,3,0.3,1,0.1,1,0.1,0,0.0,41,74,44,3.4,2.72,1.57,0.554,2,7,6,1.0,0.714,0.833,3.0,0.0,0.75,6.0,0.667,0.0,0.667,2.1,6.0,6.0,0.5,14.0,0.857,1.0,0.923,5.1,9.0,6.0,0.563,20.0,0.8,1.0,0.842,4.5,1.0,0.296,5.0,8.0,0.625,0.625,0.296,5.0,8.0,0.625,0.0,0.0,0.0,,0.333,4.0,9.0,0.444,0.444,0.296,4.0,8.0,0.5,0.037,0.0,1.0,0.0,0.148,2.0,4.0,0.5,0.75,0.037,0.0,1.0,0.0,0.111,2.0,3.0,0.667,0.222,3.0,6.0,0.5,0.75,0.037,0.0,1.0,0.0,0.185,3.0,5.0,0.6,1,3,0.333,2,0.0,2.0,0.0,0.333,15,0.5,5,0.4,5,0.25,2,1.0,0.611,6.0,10.0,0.6,3.0,6.0,0.5,0.0,2.0,0.0,0.0,0.0,0.0,0.0,0.0,0.0,5.0,9.0,0.556,,,,0.0,0.0,0.0,NOP,7.0,12.0,0.583,2.0,4.0,0.5,0.0,0.0,0.0,0.0,2.0,0.0,0.0,0.0,0.0,5.0,9.0,0.556,,,,0.0,0.0,0.0,,,,5,8,5.0,7.0,0.714,0.938,6.0,17.0,0.353,0.46,-0.107,1.0,5.0,0.2,0.353,-0.153,5.0,12.0,0.417,0.488,-0.071,1.0,3.0,0.333,0.589,-0.255,2.0,4.0,0.5,0.538,-0.038,3.0,11.0,0.273,0.384,-0.111,15.0,10.0,5.0,4.0,1.0,2.0,4.0,0.0,0.0,1.0,0.0,0.0,0.0,0.0,0.0,0.0,0.0,0.0,0.0,0.0,0.0,11613,2.2,1.1,1.1,3.59,3.86,3.37,2017,20170321,False
201960,DeMarre Carroll,DeMarre,1610612761,TOR,30.0,1,1,0,1.0,16.75,2,5,0.4,2,4,0.5,2,2,1.0,0,1,1,3,0,1,1,1,3,1,8,-12,19.7,0,0,18.0,1,1,1,1,122,97,105,89,17,32,18,36,44,1,91,120,136,35,116,33,20,111,113,84,81,143,73,10,1,77,1,106,122.2,120.7,120.7,156.3,156.7,156.7,-34.0,-36.0,-36.0,0.273,0.0,33.3,0.0,0.083,0.037,0.0,0.0,0.6,0.68,0.171,0.175,84.14,84.54,70.45,84.54,0.092,29,2.0,5.0,29,30,30,166,166,166,144,148,148,26,88,15,41,42,25,1,1,52,36,94,96,163,164,164,81,97,105,13,13,0.0,0,4,6,3,0.231,0.231,5,0,1,0.0,2,2,1.0,2,0.4,1,0.2,2,0.4,0,0.0,1,0.2,8,19,14,0.8,2.65,2.26,0.421,0,0,0,0.0,0.0,0.0,0.0,0.0,0.0,1.0,0.0,0.0,0.0,0.0,1.0,0.0,1.0,3.0,0.333,0.0,0.333,2.9,1.0,0.0,1.0,4.0,0.25,0.0,0.25,2.9,,,,,,,,,,,,,,,0.2,0.0,1.0,0.0,0.0,0.2,0.0,1.0,0.0,0.0,0.0,0.0,,0.4,0.0,2.0,0.0,0.0,0.0,0.0,0.0,,0.4,0.0,2.0,0.0,0.4,2.0,2.0,1.0,1.5,0.0,0.0,0.0,,0.4,2.0,2.0,1.0,0,1,0.0,0,0.0,1.0,0.0,0.0,6,0.667,0,0.0,0,0.0,0,0.0,0.6,0.0,1.0,0.0,0.0,0.0,0.0,0.0,0.0,0.0,2.0,2.0,1.0,0.0,0.0,0.0,0.0,2.0,0.0,0.0,0.0,0.0,2.0,2.0,1.0,TOR,0.0,1.0,0.0,0.0,0.0,0.0,0.0,0.0,0.0,0.0,0.0,0.0,2.0,3.0,0.667,0.0,1.0,0.0,,,,,,,0.0,0.0,0.0,2,3,2.0,3.0,0.667,1.0,7.0,10.0,0.7,0.44,0.26,1.0,3.0,0.333,0.338,-0.005,6.0,7.0,0.857,0.473,0.384,2.0,2.0,1.0,0.568,0.432,3.0,3.0,1.0,0.531,0.469,3.0,5.0,0.6,0.346,0.254,8.0,5.0,3.0,2.0,0.0,0.0,0.0,0.0,0.0,0.0,0.0,0.0,0.0,0.0,0.0,0.0,0.0,0.0,0.0,0.0,0.0,6131,1.2,0.6,0.6,4.31,4.11,4.52,2017,20170321,False
1626153,Delon Wright,Delon,1610612761,TOR,25.0,1,1,0,1.0,5.3933333333333335,0,0,0.0,0,0,0.0,0,0,0.0,0,1,1,0,3,0,0,0,0,0,0,-7,-1.8,0,0,1.0,1,1,1,1,159,142,162,142,77,116,77,87,95,87,91,120,136,118,11,79,53,1,1,126,148,117,168,10,1,160,1,106,55.1,54.5,54.5,120.8,130.0,130.0,-65.7,-75.5,-75.5,0.0,0.0,0.0,0.0,0.0,0.0,100.0,100.0,0.0,0.0,0.214,0.216,96.3,93.45,77.87,93.45,-0.333,11,0.0,0.0,163,162,162,138,153,153,161,163,163,118,88,118,41,68,33,167,167,142,148,61,61,101,130,130,168,142,162,11,13,0.0,0,0,0,0,0.0,0.0,0,0,0,0.0,0,0,0.0,0,0.0,0,0.0,0,0.0,0,0.0,0,0.0,0,15,6,1.3,5.02,4.73,0.0,0,0,0,0.0,0.0,0.0,0.0,0.0,0.0,0.0,0.0,0.0,0.0,0.0,0.0,1.0,0.0,2.0,0.5,1.0,1.0,16.1,0.0,1.0,0.0,2.0,0.5,1.0,1.0,16.1,,,,,,,,,,,,,,,,,,,,,,,,,,,,,,,,,,,,,,,,,,,,,,,,,,,,,,0,0,,0,,,,,0,0.0,0,0.0,0,0.0,0,0.0,0.0,0.0,0.0,0.0,0.0,0.0,0.0,0.0,0.0,0.0,,,,0.0,0.0,0.0,0.0,0.0,0.0,,,,0.0,0.0,0.0,TOR,0.0,0.0,0.0,0.0,0.0,0.0,,,,0.0,0.0,0.0,0.0,0.0,0.0,0.0,0.0,0.0,,,,0.0,0.0,0.0,,,,0,0,,,,,1.0,2.0,0.5,0.429,0.071,1.0,2.0,0.5,0.29,0.21,,,,,,,,,,,,,,,,1.0,2.0,0.5,0.33,0.17,2.0,0.0,2.0,0.0,0.0,0.0,0.0,0.0,0.0,0.0,0.0,0.0,0.0,0.0,0.0,0.0,0.0,0.0,0.0,0.0,0.0,2186,0.4,0.2,0.2,4.45,3.72,5.56,2017,20170321,False
1627756,Denzel Valentine,Denzel,1610612741,CHI,23.0,1,0,1,0.0,34.75,1,7,0.143,1,5,0.2,1,1,1.0,0,5,5,1,2,1,1,0,4,1,4,-17,15.5,0,0,15.0,1,87,87,87,28,122,77,138,41,19,72,69,88,1,91,27,43,79,27,33,20,1,149,84,119,158,91,10,1,90,1,107,84.6,84.0,84.0,106.3,106.7,106.7,-21.7,-22.7,-22.7,0.048,0.5,10.0,0.0,0.139,0.067,20.0,19.2,0.214,0.269,0.114,0.122,103.4,103.6,86.33,103.6,-0.005,75,1.0,7.0,135,140,140,102,99,99,133,135,135,113,77,94,41,19,18,129,129,134,133,136,131,32,29,29,146,122,77,25,25,0.0,0,3,4,2,0.04,0.08,2,0,2,0.0,0,0,0.0,0,0.0,0,0.0,0,0.0,0,0.0,0,0.0,4,34,21,1.3,2.34,1.21,0.118,0,0,0,0.0,0.0,0.0,0.0,0.0,0.0,1.0,0.0,0.0,0.0,0.0,3.0,1.0,0.6,8.0,0.625,0.0,0.625,4.9,3.0,1.0,0.6,9.0,0.556,0.0,0.556,4.9,,,,,,,,,,,,,,,0.286,0.0,2.0,0.0,0.0,0.286,0.0,2.0,0.0,0.0,0.0,0.0,,0.143,0.0,1.0,0.0,0.0,0.0,0.0,0.0,,0.143,0.0,1.0,0.0,0.571,1.0,4.0,0.25,0.375,0.0,0.0,0.0,,0.571,1.0,4.0,0.25,0,1,0.0,0,0.0,0.0,,0.0,3,0.2,0,0.0,0,0.0,0,0.0,0.214,0.0,0.0,0.0,0.0,2.0,0.0,0.0,0.0,0.0,0.0,0.0,0.0,0.0,2.0,0.0,1.0,3.0,0.333,0.0,0.0,0.0,0.0,2.0,0.0,CHI,0.0,1.0,0.0,0.0,0.0,0.0,0.0,1.0,0.0,0.0,0.0,0.0,0.0,2.0,0.0,1.0,3.0,0.333,0.0,0.0,0.0,0.0,0.0,0.0,0.0,0.0,0.0,1,5,1.0,5.0,0.2,0.3,4.0,10.0,0.4,0.445,-0.045,1.0,4.0,0.25,0.351,-0.101,3.0,6.0,0.5,0.489,0.011,2.0,3.0,0.667,0.581,0.086,3.0,5.0,0.6,0.54,0.06,1.0,5.0,0.2,0.362,-0.162,4.0,2.0,2.0,1.0,0.0,0.0,0.0,0.0,0.0,0.0,0.0,0.0,0.0,0.0,0.0,0.0,0.0,0.0,0.0,0.0,0.0,13003,2.5,1.3,1.2,4.32,4.38,4.26,2017,20170321,False
1627884,Derrick Jones Jr.,Derrick,1610612756,PHX,20.0,1,0,1,0.0,17.983333333333334,2,4,0.5,0,0,0.0,2,2,1.0,0,1,1,0,0,0,0,0,3,1,6,7,7.2,0,0,7.0,1,87,87,87,112,97,115,53,77,116,77,36,44,1,91,120,136,118,116,79,53,1,113,84,101,43,143,10,1,140,1,104,126.9,125.6,125.6,111.3,110.5,110.5,15.6,15.1,15.1,0.0,0.0,0.0,0.0,0.048,0.031,0.0,0.0,0.5,0.615,0.114,0.115,101.85,102.76,85.63,102.76,0.033,39,2.0,4.0,17,21,21,118,115,115,42,46,46,118,88,118,41,58,28,1,1,70,57,137,138,41,39,39,125,97,115,3,6,0.0,0,0,0,0,0.0,0.0,1,0,1,0.0,0,0,0.0,0,0.0,0,0.0,0,0.0,0,0.0,0,0.0,6,8,5,0.2,1.79,1.0,0.75,0,0,0,0.0,0.0,0.0,0.0,0.0,0.0,0.0,0.0,0.0,0.0,0.0,0.0,1.0,0.0,3.0,0.333,0.0,0.333,11.4,0.0,1.0,0.0,3.0,0.333,0.0,0.333,11.4,1.0,0.5,1.0,2.0,0.5,0.5,0.5,1.0,2.0,0.5,0.0,0.0,0.0,,0.5,1.0,2.0,0.5,0.5,0.5,1.0,2.0,0.5,0.0,0.0,0.0,,,,,,,,,,,,,,,,,,,,,,,,,,,,0,0,,0,,,,,0,0.0,0,0.0,0,0.0,0,0.0,0.5,2.0,3.0,0.667,0.0,0.0,0.0,0.0,1.0,0.0,,,,0.0,0.0,0.0,0.0,0.0,0.0,0.0,0.0,0.0,0.0,0.0,0.0,PHX,2.0,3.0,0.667,0.0,1.0,0.0,0.0,0.0,0.0,0.0,0.0,0.0,0.0,0.0,0.0,0.0,0.0,0.0,,,,,,,0.0,0.0,0.0,0,0,,,,,3.0,7.0,0.429,0.445,-0.017,1.0,3.0,0.333,0.362,-0.029,2.0,4.0,0.5,0.51,-0.01,1.0,1.0,1.0,0.687,0.313,2.0,2.0,1.0,0.576,0.424,1.0,4.0,0.25,0.387,-0.137,4.0,1.0,3.0,1.0,0.0,0.0,0.0,0.0,0.0,0.0,0.0,0.0,0.0,0.0,0.0,0.0,0.0,0.0,0.0,0.0,0.0,7608,1.4,0.6,0.8,4.52,4.82,4.32,2017,20170321,False
1626164,Devin Booker,Devin,1610612756,PHX,20.0,1,0,1,0.0,34.13166666666667,4,16,0.25,0,4,0.0,3,4,0.75,2,2,4,5,7,1,0,2,3,3,11,-29,19.3,0,0,22.0,1,87,87,87,29,53,16,124,77,32,77,24,26,58,26,90,66,12,1,33,53,154,113,25,55,168,78,10,1,57,1,104,70.5,70.5,70.5,110.8,112.0,112.0,-40.3,-41.5,-41.5,0.294,0.71,16.7,0.047,0.05,0.048,23.3,23.5,0.25,0.31,0.287,0.295,108.17,107.58,89.65,107.58,-0.032,78,4.0,16.0,154,155,155,115,121,121,155,154,154,16,72,57,25,56,24,141,141,128,129,17,18,9,12,12,153,53,16,30,44,0.0,0,10,12,5,0.167,0.167,4,2,3,0.667,0,0,0.0,4,1.0,0,0.0,1,0.25,0,0.0,0,0.0,11,52,30,3.2,3.64,2.75,0.212,1,1,2,2.0,0.0,0.0,0.0,2.0,0.0,7.0,0.286,1.0,0.333,22.4,0.0,2.0,0.0,5.0,0.4,0.0,0.4,9.1,0.0,4.0,0.0,12.0,0.333,1.0,0.364,15.8,1.0,0.125,0.0,2.0,0.0,0.0,0.125,0.0,2.0,0.0,0.0,0.0,0.0,,0.5,4.0,8.0,0.5,0.5,0.438,4.0,7.0,0.571,0.063,0.0,1.0,0.0,0.313,0.0,5.0,0.0,0.0,0.188,0.0,3.0,0.0,0.125,0.0,2.0,0.0,0.063,0.0,1.0,0.0,0.0,0.0,0.0,0.0,,0.063,0.0,1.0,0.0,3,8,0.375,6,0.0,2.0,0.0,0.375,0,0.0,0,0.0,0,0.0,2,0.0,0.25,1.0,4.0,0.25,1.0,2.0,0.5,2.0,6.0,0.333,0.0,0.0,0.0,0.0,0.0,0.0,0.0,4.0,0.0,0.0,0.0,0.0,0.0,0.0,0.0,PHX,1.0,4.0,0.25,0.0,1.0,0.0,2.0,2.0,1.0,1.0,5.0,0.2,0.0,3.0,0.0,0.0,1.0,0.0,,,,,,,0.0,0.0,0.0,0,3,0.0,2.0,0.0,0.0,5.0,16.0,0.313,0.43,-0.117,3.0,7.0,0.429,0.364,0.064,2.0,9.0,0.222,0.463,-0.24,1.0,3.0,0.333,0.592,-0.259,2.0,4.0,0.5,0.521,-0.021,3.0,11.0,0.273,0.366,-0.093,7.0,4.0,3.0,0.0,0.0,1.0,2.0,0.0,0.0,2.0,0.0,0.0,0.0,0.0,0.0,0.0,0.0,0.0,0.0,0.0,0.0,12483,2.4,1.2,1.1,4.23,4.29,3.82,2017,20170321,False
2734,Devin Harris,Devin,1610612742,DAL,34.0,1,0,1,0.0,15.116666666666667,3,6,0.5,2,5,0.4,0,0,0.0,0,1,1,2,0,0,0,0,0,1,8,-10,12.2,0,0,13.0,1,87,87,87,132,73,90,53,17,19,42,87,95,87,91,120,136,52,116,79,53,1,1,84,81,133,117,10,1,104,1,94,89.0,89.7,89.7,116.6,116.1,116.1,-27.5,-26.5,-26.5,0.286,0.0,25.0,0.0,0.0,0.0,0.0,0.0,0.667,0.667,0.182,0.181,95.39,95.26,79.38,95.26,0.13,29,3.0,6.0,130,125,125,127,131,131,140,140,140,18,88,27,41,68,33,1,1,28,39,88,93,119,109,109,51,73,90,27,27,0.0,1,5,4,3,0.074,0.111,3,0,0,0.0,0,0,0.0,0,0.0,3,1.0,0,0.0,0,0.0,0,0.0,8,33,22,1.7,3.01,2.24,0.242,0,1,0,0.0,0.0,0.0,0.0,1.0,0.0,0.0,0.0,0.0,0.0,0.0,0.0,1.0,0.0,2.0,0.5,0.0,0.5,19.2,0.0,2.0,0.0,2.0,0.5,0.0,0.5,19.2,,,,,,,,,,,,,,,0.167,0.0,1.0,0.0,0.0,0.0,0.0,0.0,,0.167,0.0,1.0,0.0,0.167,0.0,1.0,0.0,0.0,0.0,0.0,0.0,,0.167,0.0,1.0,0.0,0.667,3.0,4.0,0.75,1.0,0.167,1.0,1.0,1.0,0.5,2.0,3.0,0.667,0,0,,0,0.0,0.0,,,6,0.4,0,0.0,0,0.0,0,0.0,0.667,1.0,1.0,1.0,0.0,0.0,0.0,0.0,0.0,0.0,0.0,1.0,0.0,0.0,0.0,0.0,2.0,4.0,0.5,0.0,0.0,0.0,0.0,1.0,0.0,DAL,1.0,1.0,1.0,0.0,0.0,0.0,0.0,0.0,0.0,0.0,0.0,0.0,2.0,4.0,0.5,0.0,1.0,0.0,,,,,,,0.0,0.0,0.0,1,4,1.0,4.0,0.25,0.375,1.0,5.0,0.2,0.478,-0.278,0.0,2.0,0.0,0.392,-0.392,1.0,3.0,0.333,0.528,-0.195,1.0,1.0,1.0,0.69,0.31,1.0,1.0,1.0,0.608,0.392,0.0,2.0,0.0,0.414,-0.414,2.0,1.0,1.0,1.0,1.0,0.0,0.0,0.0,0.0,0.0,0.0,0.0,0.0,0.0,0.0,0.0,0.0,0.0,0.0,0.0,0.0,5537,1.0,0.6,0.5,3.99,4.19,4.64,2017,20170321,False
203473,Dewayne Dedmon,Dewayne,1610612759,SAS,27.0,1,1,0,1.0,20.791666666666668,0,1,0.0,0,0,0.0,2,4,0.5,1,3,4,0,1,1,0,0,0,2,2,0,8.8,0,0,8.0,1,1,1,1,96,142,152,142,77,116,77,36,26,66,45,65,66,118,68,33,53,1,1,50,133,81,137,10,1,135,1,92,97.5,100.0,100.0,95.7,95.3,95.3,1.8,4.7,4.7,0.0,0.0,0.0,0.05,0.176,0.108,25.0,26.6,0.0,0.362,0.082,0.08,97.98,96.96,80.8,96.96,0.043,41,0.0,1.0,104,93,93,54,45,45,79,73,73,118,88,118,23,13,11,142,153,142,120,155,155,75,82,82,121,142,152,23,14,0.0,0,0,0,0,0.0,0.0,0,0,0,0.0,0,0,0.0,0,0.0,0,0.0,0,0.0,0,0.0,0,0.0,2,26,13,0.7,1.54,0.5,0.077,4,0,3,0.0,0.0,0.0,0.0,1.0,0.0,3.0,0.333,0.0,0.333,15.2,1.0,2.0,0.333,4.0,0.75,0.0,0.75,3.7,1.0,3.0,0.25,7.0,0.571,0.0,0.571,6.6,,,,,,,,,,,,,,,,,,,,,,,,,,,,1.0,0.0,1.0,0.0,0.0,1.0,0.0,1.0,0.0,0.0,0.0,0.0,,,,,,,,,,,,,,,0,0,,0,,,,,0,0.0,0,1.0,0,0.0,0,0.0,0.0,0.0,0.0,0.0,0.0,0.0,0.0,0.0,1.0,0.0,,,,0.0,0.0,0.0,0.0,0.0,0.0,0.0,0.0,0.0,0.0,0.0,0.0,SAS,0.0,0.0,0.0,0.0,0.0,0.0,0.0,1.0,0.0,0.0,0.0,0.0,0.0,0.0,0.0,0.0,0.0,0.0,,,,,,,0.0,0.0,0.0,0,1,,,,0.0,2.0,5.0,0.4,0.486,-0.086,0.0,1.0,0.0,0.356,-0.356,2.0,4.0,0.5,0.524,-0.024,1.0,1.0,1.0,0.65,0.35,1.0,1.0,1.0,0.557,0.443,1.0,2.0,0.5,0.391,0.11,7.0,6.0,1.0,0.0,0.0,1.0,3.0,0.0,0.0,1.0,0.0,0.0,0.0,0.0,0.0,0.0,0.0,0.0,0.0,0.0,0.0,7966,1.5,0.8,0.7,4.34,4.8,3.93,2017,20170321,False
1717,Dirk Nowitzki,Dirk,1610612742,DAL,39.0,1,0,1,0.0,27.89,6,13,0.462,1,4,0.25,3,3,1.0,1,8,9,1,0,0,0,0,0,3,16,-20,28.3,0,0,27.0,1,87,87,87,60,32,33,81,41,32,60,24,35,1,45,8,12,79,116,79,53,1,1,25,32,163,36,10,1,34,1,94,84.0,83.6,83.6,122.8,122.2,122.2,-38.8,-38.6,-38.6,0.091,0.0,6.7,0.0,0.0,0.0,0.0,0.0,0.5,0.559,0.23,0.236,93.38,93.8,78.16,93.8,0.157,55,6.0,13.0,139,141,141,143,140,140,151,152,152,81,88,108,41,68,33,1,1,70,69,53,49,135,127,127,31,32,33,43,39,0.0,0,6,3,1,0.023,0.023,0,0,0,0.0,0,0,0.0,0,0.0,0,0.0,0,0.0,0,0.0,0,0.0,16,59,41,1.5,1.5,0.41,0.271,4,5,1,0.0,0.4,0.0,0.0,1.0,0.0,3.0,0.333,0.0,0.333,2.5,3.0,5.0,0.375,10.0,0.8,1.0,0.889,3.3,3.0,6.0,0.333,13.0,0.692,1.0,0.75,3.2,,,,,,,,,,,,,,,0.385,2.0,5.0,0.4,0.4,0.385,2.0,5.0,0.4,0.0,0.0,0.0,,0.308,2.0,4.0,0.5,0.5,0.231,2.0,3.0,0.667,0.077,0.0,1.0,0.0,0.308,2.0,4.0,0.5,0.625,0.077,1.0,1.0,1.0,0.231,1.0,3.0,0.333,1,4,0.25,2,0.0,0.0,,0.25,11,0.556,0,0.0,2,0.0,0,0.0,0.5,0.0,0.0,0.0,0.0,1.0,0.0,5.0,8.0,0.625,0.0,0.0,0.0,0.0,0.0,0.0,1.0,4.0,0.25,0.0,0.0,0.0,0.0,0.0,0.0,DAL,0.0,0.0,0.0,0.0,0.0,0.0,1.0,2.0,0.5,3.0,6.0,0.5,2.0,5.0,0.4,0.0,0.0,0.0,,,,,,,0.0,0.0,0.0,5,8,1.0,4.0,0.25,0.688,10.0,13.0,0.769,0.489,0.281,4.0,4.0,1.0,0.374,0.627,6.0,9.0,0.667,0.542,0.124,4.0,6.0,0.667,0.664,0.003,4.0,7.0,0.571,0.616,-0.045,6.0,6.0,1.0,0.372,0.629,9.0,6.0,3.0,0.0,0.0,3.0,9.0,0.0,0.0,0.0,0.0,0.0,0.0,0.0,0.0,0.0,0.0,0.0,0.0,0.0,0.0,8712,1.7,0.9,0.7,3.67,3.32,3.65,2017,20170321,False
202700,Donatas Motiejunas,Donatas,1610612740,NOP,26.0,1,1,0,1.0,4.816666666666666,0,1,0.0,0,0,0.0,0,0,0.0,0,0,0,0,0,0,0,0,0,1,0,-4,0.0,0,0,0.0,1,1,1,1,160,142,152,142,77,116,77,87,95,87,91,149,160,118,116,79,53,1,1,84,148,105,163,10,1,165,1,95,55.6,45.5,45.5,100.0,100.0,100.0,-44.4,-54.5,-54.5,0.0,0.0,0.0,0.0,0.0,0.0,0.0,0.0,0.0,0.0,0.091,0.111,89.69,99.65,83.04,99.65,-0.105,11,0.0,1.0,162,164,164,71,62,62,156,159,159,118,88,118,41,68,33,1,1,142,148,147,141,158,61,61,161,142,152,4,3,0.0,0,0,0,0,0.0,0.0,1,0,0,0.0,0,0,0.0,0,0.0,0,0.0,0,0.0,0,0.0,0,0.0,0,6,3,0.2,1.67,0.83,0.0,0,0,0,0.0,0.0,0.0,,,,,,,,,,,,,,,,,,,,,,,,,,,,,,,,,,,,,,,1.0,0.0,1.0,0.0,0.0,1.0,0.0,1.0,0.0,0.0,0.0,0.0,,,,,,,,,,,,,,,,,,,,,,,,,,,,0,0,,0,,,,,0,0.0,0,0.0,0,0.0,0,0.0,0.0,0.0,0.0,0.0,0.0,1.0,0.0,0.0,0.0,0.0,,,,0.0,0.0,0.0,0.0,0.0,0.0,,,,0.0,0.0,0.0,NOP,0.0,0.0,0.0,0.0,1.0,0.0,,,,0.0,0.0,0.0,0.0,0.0,0.0,0.0,0.0,0.0,,,,,,,,,,0,1,,,,0.0,1.0,3.0,0.333,0.411,-0.077,0.0,2.0,0.0,0.292,-0.292,1.0,1.0,1.0,0.373,0.627,,,,,,,,,,,1.0,3.0,0.333,0.325,0.009,3.0,1.0,2.0,0.0,0.0,1.0,2.0,0.0,0.0,0.0,0.0,0.0,0.0,0.0,0.0,0.0,0.0,0.0,0.0,0.0,0.0,1809,0.3,0.2,0.2,3.76,5.2,4.82,2017,20170321,False
1627827,Dorian Finney-Smith,Dorian,1610612742,DAL,24.0,1,0,1,0.0,15.686666666666667,0,4,0.0,0,3,0.0,0,0,0.0,0,0,0,1,0,2,0,1,2,0,0,-14,7.5,0,0,5.0,1,87,87,87,129,142,115,142,77,55,77,87,95,87,91,149,160,79,116,12,53,111,74,126,148,151,142,10,1,145,1,94,59.4,62.1,62.1,98.8,97.0,97.0,-39.4,-34.9,-34.9,0.125,0.0,20.0,0.0,0.0,0.0,0.0,0.0,0.0,0.0,0.103,0.102,95.96,94.86,79.05,94.86,-0.083,29,0.0,4.0,160,158,158,65,54,54,153,147,147,66,88,45,41,68,33,1,1,142,148,141,145,112,115,115,158,142,115,22,16,0.0,0,5,2,1,0.045,0.045,3,0,1,0.0,0,0,0.0,0,0.0,2,0.667,0,0.0,0,0.0,0,0.0,0,26,15,0.7,1.67,0.58,0.0,1,0,1,0.0,0.0,0.0,,,,,,,,,,,,,,,,,,,,,,,,,1.0,0.25,0.0,1.0,0.0,0.0,0.25,0.0,1.0,0.0,0.0,0.0,0.0,,0.25,0.0,1.0,0.0,0.0,0.0,0.0,0.0,,0.25,0.0,1.0,0.0,,,,,,,,,,,,,,0.5,0.0,2.0,0.0,0.0,0.0,0.0,0.0,,0.5,0.0,2.0,0.0,0,0,,0,0.0,0.0,,,0,0.0,0,0.0,0,0.0,0,0.0,0.0,0.0,1.0,0.0,0.0,0.0,0.0,0.0,0.0,0.0,0.0,2.0,0.0,0.0,0.0,0.0,0.0,1.0,0.0,0.0,0.0,0.0,0.0,2.0,0.0,DAL,0.0,1.0,0.0,0.0,0.0,0.0,0.0,0.0,0.0,0.0,0.0,0.0,0.0,2.0,0.0,0.0,1.0,0.0,,,,,,,0.0,0.0,0.0,0,3,0.0,3.0,0.0,0.0,1.0,1.0,1.0,0.458,0.542,1.0,1.0,1.0,0.41,0.59,,,,,,,,,,,,,,,,1.0,1.0,1.0,0.425,0.575,0.0,0.0,0.0,2.0,0.0,0.0,0.0,0.0,0.0,1.0,0.0,0.0,0.0,0.0,0.0,0.0,0.0,0.0,0.0,0.0,0.0,6112,1.2,0.6,0.5,4.61,4.42,4.02,2017,20170321,False
203110,Draymond Green,Draymond,1610612744,GSW,27.0,1,1,0,1.0,28.383333333333333,2,6,0.333,1,4,0.25,2,2,1.0,0,7,7,8,2,0,0,0,3,2,7,21,25.4,0,0,23.0,1,1,1,1,56,97,90,102,41,32,60,36,44,1,91,13,22,2,27,79,53,1,113,50,93,5,46,10,1,50,1,96,133.3,130.5,130.5,98.1,96.6,96.6,35.2,34.0,34.0,0.276,4.0,47.1,0.0,0.0,0.0,11.8,11.8,0.417,0.509,0.143,0.146,97.1,98.93,82.44,98.93,0.09,59,2.0,6.0,12,13,13,62,52,52,13,14,14,25,7,6,41,68,33,100,102,98,82,115,112,86,68,68,84,97,90,47,35,1.0,1,10,20,10,0.17,0.213,0,0,0,0.0,0,0,0.0,0,0.0,0,0.0,0,0.0,0,0.0,0,0.0,7,58,20,2.6,2.67,1.64,0.121,1,1,1,0.0,0.0,2.0,0.0,0.0,0.0,1.0,0.0,0.0,0.0,0.0,3.0,4.0,0.429,12.0,0.583,1.0,0.636,3.9,3.0,4.0,0.429,13.0,0.538,1.0,0.583,3.9,,,,,,,,,,,,,,,0.167,1.0,1.0,1.0,1.0,0.167,1.0,1.0,1.0,0.0,0.0,0.0,,0.167,0.0,1.0,0.0,0.0,0.167,0.0,1.0,0.0,0.0,0.0,0.0,,0.667,1.0,4.0,0.25,0.375,0.0,0.0,0.0,,0.667,1.0,4.0,0.25,0,0,,0,0.0,0.0,,,3,0.2,2,0.0,0,0.0,0,0.0,0.417,1.0,1.0,1.0,0.0,0.0,0.0,0.0,1.0,0.0,0.0,0.0,0.0,0.0,0.0,0.0,1.0,4.0,0.25,0.0,0.0,0.0,0.0,0.0,0.0,GSW,1.0,1.0,1.0,0.0,0.0,0.0,0.0,0.0,0.0,0.0,1.0,0.0,1.0,4.0,0.25,0.0,0.0,0.0,,,,,,,0.0,0.0,0.0,1,5,1.0,4.0,0.25,0.3,2.0,13.0,0.154,0.471,-0.318,0.0,1.0,0.0,0.361,-0.361,2.0,12.0,0.167,0.506,-0.339,2.0,4.0,0.5,0.628,-0.128,2.0,7.0,0.286,0.588,-0.303,0.0,3.0,0.0,0.405,-0.405,10.0,9.0,1.0,0.0,0.0,1.0,2.0,0.0,0.0,1.0,0.0,0.0,0.0,0.0,0.0,0.0,0.0,0.0,0.0,0.0,0.0,9480,1.8,0.9,0.9,3.81,4.59,3.25,2017,20170321,False
203939,Dwight Powell,Dwight,1610612742,DAL,25.0,1,0,1,0.0,8.216666666666667,3,5,0.6,0,2,0.0,1,2,0.5,1,0,1,0,0,0,0,0,5,1,7,-6,8.2,0,0,8.0,1,87,87,87,150,73,105,25,77,73,77,69,44,66,45,149,136,118,116,79,53,1,160,84,93,111,139,10,1,135,1,94,69.3,73.3,73.3,103.7,100.0,100.0,-34.4,-26.7,-26.7,0.0,0.0,0.0,0.0,0.0,0.0,0.0,0.0,0.6,0.595,0.286,0.282,94.29,93.47,77.89,93.47,-0.031,15,3.0,5.0,155,153,153,87,62,62,145,141,141,118,88,118,41,68,33,1,1,52,63,18,23,129,129,129,152,73,105,7,9,0.0,0,1,0,0,0.0,0.0,0,0,0,0.0,0,0,0.0,0,0.0,0,0.0,0,0.0,0,0.0,0,0.0,7,13,10,0.3,1.53,0.23,0.538,0,0,2,0.0,0.0,2.0,0.0,1.0,0.0,1.0,1.0,0.0,1.0,6.4,0.0,0.0,0.0,0.0,0.0,0.0,0.0,0.0,0.0,1.0,0.0,1.0,1.0,0.0,1.0,6.4,,,,,,,,,,,,,,,0.2,1.0,1.0,1.0,1.0,0.2,1.0,1.0,1.0,0.0,0.0,0.0,,0.2,1.0,1.0,1.0,1.0,0.2,1.0,1.0,1.0,0.0,0.0,0.0,,0.6,1.0,3.0,0.333,0.333,0.2,1.0,1.0,1.0,0.4,0.0,2.0,0.0,0,0,,0,0.0,0.0,,,0,0.0,4,1.0,0,0.0,0,0.0,0.6,3.0,3.0,1.0,0.0,0.0,0.0,0.0,0.0,0.0,0.0,1.0,0.0,0.0,0.0,0.0,0.0,1.0,0.0,0.0,0.0,0.0,0.0,1.0,0.0,DAL,3.0,3.0,1.0,0.0,0.0,0.0,0.0,0.0,0.0,0.0,0.0,0.0,0.0,2.0,0.0,0.0,0.0,0.0,,,,,,,0.0,0.0,0.0,0,2,0.0,2.0,0.0,0.0,0.0,2.0,0.0,0.474,-0.474,0.0,2.0,0.0,0.391,-0.391,,,,,,,,,,,,,,,,0.0,2.0,0.0,0.415,-0.415,2.0,0.0,2.0,0.0,0.0,0.0,0.0,0.0,0.0,0.0,0.0,0.0,0.0,0.0,0.0,0.0,0.0,0.0,0.0,0.0,0.0,3204,0.6,0.3,0.3,4.38,4.43,4.33,2017,20170321,False
202734,E'Twaun Moore,E'Twaun,1610612740,NOP,28.0,1,1,0,1.0,25.483333333333334,3,7,0.429,1,3,0.333,0,0,0.0,0,0,0,1,2,1,0,0,2,0,7,-8,9.5,0,0,11.0,1,1,1,1,73,73,77,84,41,55,50,87,95,87,91,149,160,79,27,33,53,1,74,126,93,123,132,10,1,124,1,95,89.9,88.2,88.2,103.1,103.9,103.9,-13.3,-15.7,-15.7,0.067,0.5,10.0,0.0,0.0,0.0,20.0,20.0,0.5,0.5,0.15,0.152,95.57,96.06,80.05,96.06,0.014,51,3.0,7.0,125,130,130,84,88,88,116,120,120,95,77,94,41,68,33,129,130,70,86,108,109,117,95,95,135,73,77,23,25,0.0,0,1,0,0,0.043,0.0,3,1,1,1.0,0,0,0.0,2,0.667,2,0.667,0,0.0,0,0.0,0,0.0,7,31,22,1.6,3.04,1.84,0.226,0,0,1,0.0,0.0,0.0,,,,,,,,,,,,,,,,,,,,,,,,,1.0,0.143,0.0,1.0,0.0,0.0,0.0,0.0,0.0,,0.143,0.0,1.0,0.0,0.429,2.0,3.0,0.667,0.667,0.429,2.0,3.0,0.667,0.0,0.0,0.0,,0.286,0.0,2.0,0.0,0.0,0.143,0.0,1.0,0.0,0.143,0.0,1.0,0.0,0.143,1.0,1.0,1.0,1.5,0.0,0.0,0.0,,0.143,1.0,1.0,1.0,0,2,0.0,0,0.0,0.0,,0.0,3,0.333,0,0.0,0,0.0,0,0.0,0.5,2.0,2.0,1.0,0.0,1.0,0.0,0.0,1.0,0.0,0.0,2.0,0.0,1.0,1.0,1.0,0.0,0.0,0.0,0.0,0.0,0.0,1.0,3.0,0.333,NOP,2.0,2.0,1.0,0.0,0.0,0.0,0.0,0.0,0.0,0.0,2.0,0.0,1.0,3.0,0.333,0.0,0.0,0.0,0.0,0.0,0.0,,,,0.0,0.0,0.0,1,3,1.0,3.0,0.333,0.5,4.0,8.0,0.5,0.411,0.089,3.0,5.0,0.6,0.351,0.249,1.0,3.0,0.333,0.482,-0.149,0.0,1.0,0.0,0.589,-0.589,0.0,2.0,0.0,0.556,-0.556,4.0,6.0,0.667,0.353,0.314,7.0,3.0,4.0,2.0,0.0,0.0,0.0,0.0,0.0,0.0,0.0,0.0,0.0,0.0,0.0,0.0,0.0,0.0,0.0,0.0,0.0,9739,1.8,0.9,0.9,4.25,4.65,3.91,2017,20170321,False
202323,Evan Turner,Evan,1610612757,POR,28.0,1,0,1,0.0,18.763333333333332,0,4,0.0,0,0,0.0,0,0,0.0,0,1,1,0,2,0,0,1,0,0,0,-17,-0.8,0,0,1.0,1,87,87,87,109,142,115,142,77,116,77,87,95,87,91,120,136,118,27,79,53,111,1,126,148,158,166,10,1,160,1,93,60.6,61.0,61.0,100.6,95.5,95.5,-40.0,-34.5,-34.5,0.0,0.0,0.0,0.0,0.0,0.0,33.3,33.3,0.0,0.0,0.133,0.136,106.22,108.72,90.6,108.72,-0.089,41,0.0,4.0,158,159,159,74,46,46,154,146,146,118,88,118,41,68,33,159,159,142,148,119,122,19,7,7,159,142,115,19,18,0.0,0,2,0,0,0.0,0.0,3,0,0,0.0,0,0,0.0,0,0.0,2,0.667,0,0.0,1,0.333,0,0.0,0,25,16,1.4,3.4,2.6,0.0,1,0,0,0.0,0.0,0.0,0.0,0.0,0.0,2.0,0.0,0.0,0.0,0.0,0.0,1.0,0.0,1.0,1.0,0.0,1.0,3.4,0.0,1.0,0.0,3.0,0.333,0.0,0.333,3.4,,,,,,,,,,,,,,,0.25,0.0,1.0,0.0,0.0,0.25,0.0,1.0,0.0,0.0,0.0,0.0,,0.5,0.0,2.0,0.0,0.0,0.5,0.0,2.0,0.0,0.0,0.0,0.0,,0.25,0.0,1.0,0.0,0.0,0.25,0.0,1.0,0.0,0.0,0.0,0.0,,0,2,0.0,0,,,,0.0,0,0.0,0,0.0,0,0.0,0,0.0,0.0,0.0,0.0,0.0,0.0,1.0,0.0,0.0,3.0,0.0,0.0,0.0,0.0,0.0,0.0,0.0,0.0,0.0,0.0,0.0,0.0,0.0,0.0,0.0,0.0,POR,0.0,1.0,0.0,0.0,0.0,0.0,0.0,0.0,0.0,0.0,3.0,0.0,0.0,0.0,0.0,0.0,0.0,0.0,,,,,,,0.0,0.0,0.0,0,1,,,,0.0,5.0,9.0,0.556,0.469,0.087,3.0,4.0,0.75,0.419,0.331,2.0,5.0,0.4,0.511,-0.111,1.0,1.0,1.0,0.593,0.407,1.0,1.0,1.0,0.553,0.447,4.0,8.0,0.5,0.377,0.123,8.0,4.0,4.0,0.0,0.0,0.0,0.0,0.0,0.0,0.0,0.0,0.0,0.0,0.0,0.0,0.0,0.0,0.0,0.0,0.0,0.0,7138,1.4,0.8,0.6,4.49,4.91,4.03,2017,20170321,False
1627832,Fred VanVleet,Fred,1610612761,TOR,23.0,1,1,0,1.0,19.516666666666666,2,3,0.667,0,1,0.0,2,2,1.0,0,3,3,1,2,2,0,0,2,2,6,16,15.1,0,0,14.0,1,1,1,1,104,97,131,12,77,99,77,36,44,1,91,65,89,79,27,12,53,1,74,50,101,17,96,10,1,97,1,106,106.7,109.3,109.3,71.6,68.9,68.9,35.2,40.4,40.4,0.063,0.5,14.3,0.0,0.12,0.064,28.6,29.1,0.667,0.773,0.125,0.12,107.43,108.22,90.18,108.22,0.123,43,2.0,3.0,65,64,64,7,6,6,14,9,9,99,77,75,41,30,19,155,155,28,16,127,133,13,10,10,56,97,131,14,17,0.0,0,0,2,1,0.071,0.071,3,0,0,0.0,0,0,0.0,0,0.0,1,0.333,0,0.0,2,0.667,0,0.0,6,23,6,1.9,5.07,5.78,0.261,0,0,0,0.0,0.0,0.0,0.0,0.0,0.0,1.0,0.0,0.0,0.0,0.0,1.0,2.0,0.333,4.0,0.75,0.0,0.75,6.3,1.0,2.0,0.333,5.0,0.6,0.0,0.6,6.3,1.0,0.333,1.0,1.0,1.0,1.0,0.333,1.0,1.0,1.0,0.0,0.0,0.0,,,,,,,,,,,,,,,0.333,1.0,1.0,1.0,1.0,0.333,1.0,1.0,1.0,0.0,0.0,0.0,,0.333,0.0,1.0,0.0,0.0,0.0,0.0,0.0,,0.333,0.0,1.0,0.0,0,0,,0,0.0,0.0,,,0,0.0,0,0.0,0,0.0,0,0.0,0.667,2.0,2.0,1.0,0.0,0.0,0.0,0.0,0.0,0.0,0.0,0.0,0.0,0.0,0.0,0.0,0.0,1.0,0.0,0.0,0.0,0.0,0.0,0.0,0.0,TOR,2.0,2.0,1.0,0.0,0.0,0.0,0.0,0.0,0.0,0.0,0.0,0.0,0.0,0.0,0.0,0.0,1.0,0.0,,,,,,,0.0,0.0,0.0,0,1,0.0,1.0,0.0,0.0,3.0,5.0,0.6,0.427,0.173,2.0,2.0,1.0,0.295,0.706,1.0,3.0,0.333,0.459,-0.126,1.0,2.0,0.5,0.568,-0.068,1.0,2.0,0.5,0.529,-0.029,2.0,2.0,1.0,0.305,0.695,4.0,1.0,3.0,4.0,0.0,0.0,0.0,0.0,0.0,2.0,0.0,0.0,0.0,0.0,0.0,0.0,0.0,0.0,0.0,0.0,0.0,7887,1.5,0.7,0.8,4.62,4.77,4.49,2017,20170321,False
203507,Giannis Antetokounmpo,Giannis,1610612749,MIL,22.0,1,1,0,1.0,35.99166666666667,8,21,0.381,0,1,0.0,6,7,0.857,1,7,8,3,1,0,2,1,4,6,22,5,41.1,0,0,37.0,1,1,1,1,22,15,7,95,77,99,77,10,11,47,45,13,16,35,68,79,5,111,149,9,16,52,15,10,1,17,1,94,100.2,100.0,100.0,93.6,95.7,95.7,6.6,4.3,4.3,0.143,3.0,10.7,0.026,0.0,0.0,3.6,3.6,0.381,0.457,0.309,0.318,94.24,93.35,77.8,93.35,0.128,71,8.0,21.0,99,93,93,44,48,48,68,74,74,52,13,91,35,68,33,55,55,106,100,13,12,131,132,132,52,15,7,62,65,0.0,2,8,7,5,0.048,0.081,13,2,8,0.25,2,2,1.0,6,0.462,3,0.231,0,0.0,0,0.0,1,0.077,22,90,44,5.6,3.71,2.71,0.244,9,4,6,0.556,1.25,0.833,1.0,0.0,1.0,7.0,0.143,2.0,0.2,5.9,2.0,5.0,0.286,14.0,0.5,2.0,0.583,4.5,3.0,5.0,0.375,21.0,0.381,4.0,0.471,4.7,1.0,0.238,2.0,5.0,0.4,0.4,0.238,2.0,5.0,0.4,0.0,0.0,0.0,,0.476,5.0,10.0,0.5,0.5,0.476,5.0,10.0,0.5,0.0,0.0,0.0,,0.19,1.0,4.0,0.25,0.25,0.19,1.0,4.0,0.25,0.0,0.0,0.0,,0.095,0.0,2.0,0.0,0.0,0.048,0.0,1.0,0.0,0.048,0.0,1.0,0.0,1,4,0.25,2,0.0,0.0,,0.25,0,0.0,5,0.5,5,1.0,5,0.4,0.381,5.0,10.0,0.5,2.0,6.0,0.333,1.0,4.0,0.25,0.0,0.0,0.0,0.0,0.0,0.0,0.0,1.0,0.0,0.0,0.0,0.0,0.0,0.0,0.0,MIL,6.0,12.0,0.5,1.0,4.0,0.25,1.0,2.0,0.5,0.0,1.0,0.0,0.0,2.0,0.0,0.0,0.0,0.0,,,,,,,0.0,0.0,0.0,0,1,0.0,1.0,0.0,0.0,5.0,11.0,0.455,0.466,-0.011,0.0,1.0,0.0,0.365,-0.365,5.0,10.0,0.5,0.503,-0.003,3.0,7.0,0.429,0.564,-0.136,5.0,9.0,0.556,0.534,0.021,0.0,2.0,0.0,0.346,-0.346,11.0,10.0,1.0,4.0,0.0,1.0,2.0,0.0,0.0,3.0,0.0,0.0,0.0,0.0,0.0,0.0,0.0,0.0,0.0,0.0,0.0,12834,2.4,1.3,1.1,4.01,4.44,3.6,2017,20170321,False
201609,Goran Dragic,Goran,1610612748,MIA,31.0,1,1,0,1.0,28.231666666666666,6,15,0.4,2,5,0.4,2,3,0.667,1,3,4,2,3,2,0,2,3,3,16,18,26.8,0,0,28.0,1,1,1,1,57,32,19,89,17,19,42,36,35,61,45,65,66,52,11,12,53,154,113,25,32,9,40,10,1,32,1,104,106.4,106.5,106.5,70.5,76.2,76.2,35.8,30.3,30.3,0.118,0.67,9.5,0.0,0.077,0.0,14.3,14.1,0.467,0.49,0.271,0.276,110.58,106.26,88.55,106.26,0.115,62,6.0,15.0,66,74,74,6,11,11,12,20,20,70,73,101,41,43,33,111,111,93,93,23,25,4,17,17,63,32,19,43,51,1.0,1,9,6,4,0.047,0.093,17,2,5,0.4,2,2,1.0,6,0.353,8,0.471,2,0.118,1,0.059,1,0.059,16,67,26,5.5,4.92,5.01,0.239,0,0,2,0.0,0.0,0.0,1.0,0.0,1.0,3.0,0.333,0.0,0.333,6.0,0.0,3.0,0.0,6.0,0.5,0.0,0.5,12.5,1.0,3.0,0.25,9.0,0.444,0.0,0.444,10.8,1.0,0.133,0.0,2.0,0.0,0.0,0.133,0.0,2.0,0.0,0.0,0.0,0.0,,0.267,1.0,4.0,0.25,0.25,0.267,1.0,4.0,0.25,0.0,0.0,0.0,,0.4,3.0,6.0,0.5,0.667,0.067,1.0,1.0,1.0,0.333,2.0,5.0,0.4,0.2,2.0,3.0,0.667,0.667,0.2,2.0,3.0,0.667,0.0,0.0,0.0,,2,5,0.4,4,0.0,1.0,0.0,0.4,8,0.6,0,0.0,0,0.0,0,0.0,0.467,1.0,5.0,0.2,1.0,2.0,0.5,2.0,3.0,0.667,,,,1.0,1.0,1.0,1.0,4.0,0.25,0.0,0.0,0.0,1.0,1.0,1.0,MIA,1.0,5.0,0.2,0.0,0.0,0.0,2.0,4.0,0.5,1.0,1.0,1.0,2.0,3.0,0.667,0.0,2.0,0.0,,,,,,,0.0,0.0,0.0,2,4,1.0,3.0,0.333,0.625,4.0,10.0,0.4,0.429,-0.029,0.0,3.0,0.0,0.323,-0.323,4.0,7.0,0.571,0.467,0.105,2.0,2.0,1.0,0.671,0.33,3.0,4.0,0.75,0.505,0.245,1.0,5.0,0.2,0.362,-0.162,6.0,3.0,3.0,1.0,0.0,1.0,2.0,0.0,0.0,2.0,0.0,0.0,0.0,0.0,0.0,0.0,0.0,0.0,0.0,0.0,0.0,11307,2.1,1.2,0.9,4.48,4.98,3.95,2017,20170321,False
203476,Gorgui Dieng,Gorgui,1610612750,MIN,27.0,1,0,1,0.0,32.968333333333334,4,6,0.667,1,2,0.5,0,0,0.0,2,2,4,2,3,0,0,1,6,0,9,-16,13.8,0,0,16.0,1,87,87,87,34,53,90,12,41,73,18,87,95,87,26,90,66,52,11,79,53,111,168,126,74,155,107,10,1,86,1,91,84.2,86.2,86.2,107.8,110.8,110.8,-23.5,-24.6,-24.6,0.133,0.67,18.2,0.069,0.067,0.068,27.3,27.3,0.75,0.75,0.127,0.126,97.02,94.64,78.86,94.64,0.03,65,4.0,6.0,136,133,133,106,116,116,136,138,138,62,73,52,16,49,17,154,154,14,19,126,127,89,119,119,127,53,90,35,22,0.0,0,3,4,2,0.057,0.057,0,0,0,0.0,0,0,0.0,0,0.0,0,0.0,0,0.0,0,0.0,0,0.0,9,43,23,1.0,1.42,0.44,0.209,4,1,5,0.5,2.0,0.4,1.0,1.0,0.5,3.0,0.667,1.0,1.0,10.7,1.0,1.0,0.5,9.0,0.222,0.0,0.222,9.6,2.0,2.0,0.5,12.0,0.333,1.0,0.364,10.2,,,,,,,,,,,,,,,,,,,,,,,,,,,,0.333,1.0,2.0,0.5,0.5,0.333,1.0,2.0,0.5,0.0,0.0,0.0,,0.667,3.0,4.0,0.75,0.875,0.333,2.0,2.0,1.0,0.333,1.0,2.0,0.5,1,1,1.0,3,1.0,1.0,1.0,1.5,4,0.667,2,0.5,2,1.0,2,1.0,0.75,1.0,2.0,0.5,0.0,0.0,0.0,2.0,2.0,1.0,0.0,1.0,0.0,0.0,0.0,0.0,1.0,1.0,1.0,0.0,0.0,0.0,0.0,1.0,0.0,MIN,1.0,2.0,0.5,0.0,0.0,0.0,0.0,0.0,0.0,2.0,2.0,1.0,1.0,2.0,0.5,0.0,0.0,0.0,,,,,,,0.0,0.0,0.0,1,2,0.0,1.0,0.0,0.5,7.0,15.0,0.467,0.48,-0.013,1.0,2.0,0.5,0.456,0.045,6.0,13.0,0.462,0.491,-0.03,3.0,5.0,0.6,0.662,-0.062,5.0,7.0,0.714,0.594,0.12,2.0,7.0,0.286,0.404,-0.119,7.0,6.0,1.0,3.0,0.0,0.0,0.0,0.0,0.0,3.0,0.0,0.0,0.0,0.0,0.0,0.0,0.0,0.0,0.0,0.0,0.0,12150,2.3,1.2,1.1,4.19,4.18,4.2,2017,20170321,False
202328,Greg Monroe,Greg,1610612749,MIL,27.0,1,1,0,1.0,22.333333333333332,4,12,0.333,0,0,0.0,1,2,0.5,6,3,9,2,1,1,1,2,3,3,9,3,27.8,0,0,24.0,1,1,1,1,91,53,40,102,77,116,77,69,44,66,1,65,12,52,68,33,20,154,113,25,74,63,37,10,1,47,1,94,93.8,89.4,89.4,86.7,86.7,86.7,7.1,2.7,2.7,0.143,2.0,12.5,0.0,0.0,0.0,6.3,6.3,0.333,0.349,0.259,0.268,96.42,98.87,82.39,98.87,0.077,47,4.0,12.0,110,126,126,25,23,23,67,80,80,52,24,82,41,68,33,66,69,112,121,32,28,99,71,71,96,53,40,12,20,0.0,0,2,5,2,0.167,0.167,2,1,2,0.5,0,0,0.0,2,1.0,0,0.0,0,0.0,0,0.0,0,0.0,9,30,27,1.1,2.27,0.77,0.3,3,5,14,0.667,0.0,0.357,5.0,1.0,0.833,8.0,0.75,0.0,0.75,4.1,0.0,3.0,0.0,5.0,0.6,2.0,1.0,5.2,5.0,4.0,0.556,13.0,0.692,2.0,0.818,4.4,1.0,0.417,2.0,5.0,0.4,0.4,0.417,2.0,5.0,0.4,0.0,0.0,0.0,,0.333,1.0,4.0,0.25,0.25,0.333,1.0,4.0,0.25,0.0,0.0,0.0,,0.25,1.0,3.0,0.333,0.333,0.25,1.0,3.0,0.333,0.0,0.0,0.0,,,,,,,,,,,,,,,0,0,,0,,,,,0,0.0,5,0.286,0,0.0,2,1.0,0.333,3.0,9.0,0.333,1.0,1.0,1.0,0.0,2.0,0.0,0.0,0.0,0.0,0.0,0.0,0.0,0.0,0.0,0.0,0.0,0.0,0.0,0.0,0.0,0.0,MIL,4.0,10.0,0.4,0.0,0.0,0.0,0.0,0.0,0.0,0.0,2.0,0.0,0.0,0.0,0.0,0.0,0.0,0.0,0.0,0.0,0.0,,,,0.0,0.0,0.0,0,1,,,,0.0,5.0,10.0,0.5,0.459,0.041,0.0,2.0,0.0,0.401,-0.401,5.0,8.0,0.625,0.492,0.133,4.0,6.0,0.667,0.567,0.1,4.0,6.0,0.667,0.518,0.149,1.0,4.0,0.25,0.396,-0.146,11.0,10.0,1.0,3.0,0.0,3.0,7.0,0.0,0.0,3.0,0.0,0.0,0.0,0.0,0.0,0.0,0.0,0.0,0.0,0.0,0.0,8077,1.5,0.7,0.8,4.04,3.85,4.21,2017,20170321,False
203084,Harrison Barnes,Harrison,1610612742,DAL,25.0,1,0,1,0.0,33.94833333333333,2,10,0.2,0,1,0.0,1,2,0.5,1,3,4,2,0,1,0,0,2,4,5,-11,15.8,0,0,13.0,1,87,87,87,31,97,48,133,77,99,77,69,44,66,45,65,66,52,116,33,53,1,74,12,111,137,90,10,1,104,1,94,106.0,106.0,106.0,119.5,120.6,120.6,-13.4,-14.6,-14.6,0.083,0.0,15.4,0.0,0.0,0.0,0.0,0.0,0.2,0.23,0.155,0.153,95.86,95.44,79.53,95.44,0.003,67,2.0,10.0,71,77,77,134,137,137,117,118,118,90,88,68,41,68,33,1,1,136,139,104,107,114,106,106,138,97,48,45,35,0.0,0,4,6,2,0.044,0.044,2,1,1,1.0,0,0,0.0,2,1.0,0,0.0,1,0.5,0,0.0,0,0.0,5,58,33,2.0,2.08,0.78,0.086,0,7,2,0.0,0.0,0.0,1.0,0.0,1.0,4.0,0.25,0.0,0.25,6.0,2.0,1.0,0.667,7.0,0.429,1.0,0.5,8.1,3.0,1.0,0.75,11.0,0.364,1.0,0.4,7.6,1.0,0.2,0.0,2.0,0.0,0.0,0.2,0.0,2.0,0.0,0.0,0.0,0.0,,0.6,2.0,6.0,0.333,0.333,0.6,2.0,6.0,0.333,0.0,0.0,0.0,,0.1,0.0,1.0,0.0,0.0,0.1,0.0,1.0,0.0,0.0,0.0,0.0,,0.1,0.0,1.0,0.0,0.0,0.0,0.0,0.0,,0.1,0.0,1.0,0.0,0,0,,0,0.0,0.0,,,0,0.0,0,0.0,0,0.0,0,0.0,0.2,2.0,4.0,0.5,0.0,3.0,0.0,0.0,2.0,0.0,0.0,0.0,0.0,0.0,0.0,0.0,0.0,1.0,0.0,0.0,0.0,0.0,0.0,0.0,0.0,DAL,2.0,4.0,0.5,0.0,3.0,0.0,0.0,0.0,0.0,0.0,2.0,0.0,0.0,1.0,0.0,0.0,0.0,0.0,,,,,,,0.0,0.0,0.0,0,2,0.0,1.0,0.0,0.0,6.0,11.0,0.545,0.467,0.078,2.0,3.0,0.667,0.355,0.311,4.0,8.0,0.5,0.545,-0.045,4.0,4.0,1.0,0.635,0.365,4.0,4.0,1.0,0.594,0.406,2.0,7.0,0.286,0.352,-0.067,6.0,3.0,3.0,4.0,0.0,0.0,0.0,0.0,0.0,0.0,0.0,0.0,0.0,0.0,0.0,0.0,0.0,0.0,0.0,0.0,0.0,12969,2.5,1.4,1.1,4.42,4.46,4.38,2017,20170321,False
202355,Hassan Whiteside,Hassan,1610612748,MIA,28.0,1,1,0,1.0,31.468333333333334,9,18,0.5,0,0,0.0,5,6,0.833,4,10,14,1,2,3,2,0,4,4,23,23,54.3,1,0,48.0,1,1,1,1,40,9,9,53,77,116,77,13,13,51,7,3,4,79,27,4,5,1,149,12,14,3,5,1,1,6,1,104,109.2,111.6,111.6,75.0,76.1,76.1,34.2,35.5,35.5,0.045,0.5,4.3,0.114,0.25,0.187,8.7,8.5,0.5,0.557,0.272,0.278,108.73,106.77,88.98,106.77,0.25,69,9.0,18.0,57,54,54,10,9,9,15,11,11,114,77,115,6,5,2,81,81,70,70,22,24,6,15,15,7,9,9,22,23,0.0,0,2,3,1,0.045,0.045,1,1,1,1.0,0,0,0.0,2,2.0,0,0.0,0,0.0,0,0.0,0,0.0,23,43,28,1.4,1.95,0.77,0.535,3,4,12,0.0,0.5,0.917,3.0,1.0,0.75,12.0,0.333,2.0,0.4,6.9,5.0,5.0,0.5,20.0,0.5,1.0,0.526,3.1,8.0,6.0,0.571,32.0,0.438,3.0,0.483,4.2,1.0,0.389,4.0,7.0,0.571,0.571,0.389,4.0,7.0,0.571,0.0,0.0,0.0,,0.333,3.0,6.0,0.5,0.5,0.333,3.0,6.0,0.5,0.0,0.0,0.0,,0.167,1.0,3.0,0.333,0.333,0.167,1.0,3.0,0.333,0.0,0.0,0.0,,0.111,1.0,2.0,0.5,0.5,0.111,1.0,2.0,0.5,0.0,0.0,0.0,,0,1,0.0,0,,,,0.0,0,0.0,11,0.556,2,0.0,0,0.0,0.5,7.0,9.0,0.778,1.0,6.0,0.167,1.0,3.0,0.333,0.0,0.0,0.0,0.0,0.0,0.0,0.0,0.0,0.0,0.0,0.0,0.0,0.0,0.0,0.0,MIA,8.0,11.0,0.727,0.0,3.0,0.0,1.0,2.0,0.5,0.0,1.0,0.0,0.0,1.0,0.0,0.0,0.0,0.0,,,,,,,0.0,0.0,0.0,0,2,,,,0.0,3.0,10.0,0.3,0.48,-0.18,0.0,3.0,0.0,0.299,-0.299,3.0,7.0,0.429,0.496,-0.067,2.0,4.0,0.5,0.585,-0.085,2.0,4.0,0.5,0.547,-0.047,1.0,5.0,0.2,0.307,-0.107,7.0,5.0,2.0,5.0,0.0,1.0,2.0,0.0,0.0,4.0,0.0,0.0,0.0,0.0,0.0,0.0,0.0,0.0,0.0,0.0,0.0,10586,2.0,1.1,1.0,3.82,4.08,3.94,2017,20170321,False
203546,Ian Clark,Ian,1610612744,GSW,26.0,1,1,0,1.0,28.778333333333332,8,16,0.5,0,4,0.0,2,2,1.0,0,4,4,0,3,1,0,0,4,1,18,17,22.8,0,0,24.0,1,1,1,1,55,15,16,53,77,32,77,36,44,1,91,42,66,118,11,33,53,1,149,84,25,13,59,10,1,47,1,96,104.9,105.2,105.2,77.2,78.6,78.6,27.6,26.6,26.6,0.0,0.0,0.0,0.0,0.1,0.0,15.0,15.1,0.5,0.533,0.323,0.33,96.01,95.07,79.23,95.07,0.089,58,8.0,16.0,78,80,80,13,14,14,24,23,23,118,88,118,41,34,33,115,117,70,76,11,9,110,111,111,87,15,16,34,47,0.0,0,0,0,0,0.0,0.0,7,3,5,0.6,2,2,1.0,8,1.143,1,0.143,0,0.0,0,0.0,1,0.143,18,54,36,2.3,2.5,1.89,0.333,1,0,4,0.0,0.0,1.0,0.0,0.0,0.0,0.0,0.0,0.0,0.0,0.0,0.0,4.0,0.0,8.0,0.5,1.0,0.571,10.7,0.0,4.0,0.0,8.0,0.5,1.0,0.571,10.7,1.0,0.063,1.0,1.0,1.0,1.0,0.063,1.0,1.0,1.0,0.0,0.0,0.0,,0.375,4.0,6.0,0.667,0.667,0.313,4.0,5.0,0.8,0.063,0.0,1.0,0.0,0.375,2.0,6.0,0.333,0.333,0.313,2.0,5.0,0.4,0.063,0.0,1.0,0.0,0.188,1.0,3.0,0.333,0.333,0.063,1.0,1.0,1.0,0.125,0.0,2.0,0.0,3,6,0.5,6,0.0,2.0,0.0,0.5,2,0.333,4,0.5,0,0.0,0,0.0,0.5,3.0,4.0,0.75,2.0,3.0,0.667,3.0,5.0,0.6,0.0,0.0,0.0,0.0,1.0,0.0,0.0,2.0,0.0,0.0,1.0,0.0,0.0,1.0,0.0,GSW,3.0,4.0,0.75,1.0,2.0,0.5,2.0,4.0,0.5,0.0,0.0,0.0,2.0,5.0,0.4,0.0,0.0,0.0,,,,,,,0.0,1.0,0.0,1,3,0.0,2.0,0.0,0.333,3.0,7.0,0.429,0.436,-0.008,2.0,4.0,0.5,0.36,0.14,1.0,3.0,0.333,0.487,-0.153,1.0,1.0,1.0,0.724,0.276,1.0,1.0,1.0,0.701,0.299,2.0,6.0,0.333,0.381,-0.048,4.0,1.0,3.0,4.0,0.0,1.0,3.0,0.0,0.0,0.0,0.0,0.0,0.0,0.0,0.0,0.0,0.0,0.0,0.0,0.0,0.0,10932,2.1,1.1,1.0,4.38,4.84,3.97,2017,20170321,False
1627785,Isaiah Whitehead,Isaiah,1610612751,BKN,22.0,1,1,0,1.0,28.133333333333333,2,9,0.222,0,0,0.0,3,4,0.75,2,2,4,2,0,0,1,2,2,3,7,-4,17.8,0,0,15.0,1,1,1,1,58,97,53,130,77,116,77,24,26,58,26,90,66,52,116,79,20,154,74,25,93,105,82,10,1,90,1,94,100.5,100.0,100.0,109.9,110.9,110.9,-9.4,-10.9,-10.9,0.105,0.0,16.7,0.0,0.061,0.0,0.0,0.0,0.222,0.325,0.154,0.166,95.75,95.55,79.62,95.55,0.023,57,2.0,9.0,97,93,93,110,117,117,107,110,110,76,88,57,41,52,33,1,1,132,127,105,99,115,102,102,130,97,53,32,36,1.0,0,5,6,3,0.063,0.094,7,1,5,0.2,0,0,0.0,2,0.286,2,0.286,0,0.0,0,0.0,0,0.0,7,41,28,2.7,4.02,3.61,0.171,1,0,3,0.0,0.0,1.0,2.0,0.0,1.0,2.0,1.0,0.0,1.0,6.2,1.0,1.0,0.5,8.0,0.25,0.0,0.25,6.9,3.0,1.0,0.75,10.0,0.4,0.0,0.4,6.6,1.0,0.667,0.0,6.0,0.0,0.0,0.667,0.0,6.0,0.0,0.0,0.0,0.0,,0.222,1.0,2.0,0.5,0.5,0.222,1.0,2.0,0.5,0.0,0.0,0.0,,0.111,1.0,1.0,1.0,1.0,0.111,1.0,1.0,1.0,0.0,0.0,0.0,,,,,,,,,,,,,,,0,1,0.0,0,,,,0.0,0,0.0,3,0.5,0,0.0,0,0.0,0.222,2.0,7.0,0.286,0.0,2.0,0.0,0.0,0.0,0.0,0.0,0.0,0.0,0.0,0.0,0.0,0.0,0.0,0.0,,,,0.0,0.0,0.0,BKN,2.0,7.0,0.286,0.0,2.0,0.0,0.0,0.0,0.0,0.0,0.0,0.0,0.0,0.0,0.0,0.0,0.0,0.0,,,,,,,0.0,0.0,0.0,0,0,,,,,3.0,10.0,0.3,0.427,-0.127,1.0,5.0,0.2,0.357,-0.157,2.0,5.0,0.4,0.485,-0.085,,,,,,1.0,2.0,0.5,0.564,-0.064,2.0,8.0,0.25,0.372,-0.122,11.0,7.0,4.0,2.0,0.0,1.0,2.0,0.0,0.0,1.0,0.0,0.0,0.0,0.0,0.0,0.0,0.0,0.0,0.0,0.0,0.0,10283,1.9,1.0,1.0,4.06,3.99,4.59,2017,20170321,False
202397,Ish Smith,Ish,1610612765,DET,28.0,1,0,1,0.0,27.833333333333332,8,15,0.533,0,2,0.0,0,0,0.0,1,6,7,4,0,3,1,0,1,1,16,10,42.4,0,0,35.0,1,87,87,87,61,15,19,48,77,73,77,87,95,87,45,17,22,20,116,4,20,1,32,84,32,31,14,10,1,20,1,95,111.7,112.3,112.3,96.7,98.2,98.2,15.0,14.1,14.1,0.211,0.0,21.1,0.032,0.188,0.111,0.0,0.0,0.533,0.533,0.227,0.233,97.54,96.57,80.48,96.57,0.218,57,8.0,15.0,54,52,52,57,60,60,43,47,47,35,88,43,30,11,10,1,1,69,75,54,52,80,90,90,11,15,19,51,53,2.0,0,15,14,6,0.078,0.118,7,0,1,0.0,0,0,0.0,0,0.0,6,0.857,0,0.0,0,0.0,0,0.0,16,67,16,5.4,4.86,5.03,0.239,0,0,1,0.0,0.0,0.0,0.0,1.0,0.0,5.0,0.2,0.0,0.2,10.1,0.0,6.0,0.0,9.0,0.667,1.0,0.75,6.1,0.0,7.0,0.0,14.0,0.5,1.0,0.538,6.6,1.0,0.133,1.0,2.0,0.5,0.5,0.133,1.0,2.0,0.5,0.0,0.0,0.0,,0.133,1.0,2.0,0.5,0.5,0.067,1.0,1.0,1.0,0.067,0.0,1.0,0.0,0.533,4.0,8.0,0.5,0.5,0.533,4.0,8.0,0.5,0.0,0.0,0.0,,0.2,2.0,3.0,0.667,0.667,0.133,2.0,2.0,1.0,0.067,0.0,1.0,0.0,5,9,0.556,10,0.0,1.0,0.0,0.556,0,0.0,0,0.0,0,0.0,0,0.0,0.533,2.0,4.0,0.5,2.0,3.0,0.667,4.0,6.0,0.667,0.0,0.0,0.0,0.0,0.0,0.0,0.0,2.0,0.0,,,,0.0,0.0,0.0,DET,2.0,4.0,0.5,1.0,1.0,1.0,2.0,3.0,0.667,3.0,5.0,0.6,0.0,1.0,0.0,0.0,1.0,0.0,,,,,,,0.0,0.0,0.0,0,1,0.0,1.0,0.0,0.0,2.0,8.0,0.25,0.448,-0.198,0.0,3.0,0.0,0.36,-0.36,2.0,5.0,0.4,0.489,-0.089,1.0,1.0,1.0,0.537,0.463,2.0,3.0,0.667,0.502,0.164,0.0,4.0,0.0,0.372,-0.372,7.0,4.0,3.0,3.0,0.0,0.0,0.0,0.0,0.0,2.0,0.0,0.0,0.0,0.0,0.0,0.0,0.0,0.0,0.0,0.0,0.0,11126,2.1,1.2,0.9,4.52,5.65,3.58,2017,20170321,False
1627826,Ivica Zubac,Ivica,1610612747,LAL,20.0,1,0,1,0.0,35.833333333333336,8,14,0.571,0,0,0.0,1,2,0.5,1,6,7,3,1,1,1,0,5,1,17,-6,34.9,0,0,31.0,1,87,87,87,25,15,27,32,77,116,77,69,44,66,45,17,22,35,68,33,20,1,160,84,29,111,24,10,1,28,1,100,119.9,118.7,118.7,125.7,128.4,128.4,-5.8,-9.7,-9.7,0.115,3.0,15.8,0.029,0.0,0.0,5.3,5.3,0.571,0.571,0.19,0.193,100.33,99.8,83.16,99.8,0.093,75,8.0,14.0,35,34,34,148,152,152,99,106,106,71,13,66,31,68,33,61,62,61,67,78,82,52,58,58,80,15,27,68,38,0.0,0,5,7,3,0.044,0.044,1,0,0,0.0,0,0,0.0,0,0.0,0,0.0,0,0.0,0,0.0,0,0.0,17,85,36,1.9,1.36,0.21,0.2,2,5,10,1.0,0.8,1.2,1.0,0.0,1.0,4.0,0.25,0.0,0.25,2.4,1.0,5.0,0.167,11.0,0.545,0.0,0.545,3.9,2.0,5.0,0.286,15.0,0.467,0.0,0.467,3.7,1.0,0.357,2.0,5.0,0.4,0.4,0.357,2.0,5.0,0.4,0.0,0.0,0.0,,0.286,4.0,4.0,1.0,1.0,0.286,4.0,4.0,1.0,0.0,0.0,0.0,,0.143,1.0,2.0,0.5,0.5,0.143,1.0,2.0,0.5,0.0,0.0,0.0,,0.214,1.0,3.0,0.333,0.333,0.214,1.0,3.0,0.333,0.0,0.0,0.0,,0,0,,0,,,,,4,0.4,12,0.75,4,1.0,2,1.0,0.571,4.0,6.0,0.667,3.0,5.0,0.6,1.0,3.0,0.333,0.0,0.0,0.0,0.0,0.0,0.0,0.0,0.0,0.0,0.0,0.0,0.0,0.0,0.0,0.0,LAL,5.0,7.0,0.714,1.0,3.0,0.333,1.0,1.0,1.0,1.0,3.0,0.333,0.0,0.0,0.0,0.0,0.0,0.0,,,,,,,0.0,0.0,0.0,2,5,,,,0.4,9.0,16.0,0.563,0.544,0.019,1.0,3.0,0.333,0.4,-0.067,8.0,13.0,0.615,0.586,0.03,5.0,7.0,0.714,0.676,0.039,5.0,9.0,0.556,0.636,-0.08,2.0,4.0,0.5,0.42,0.08,15.0,12.0,3.0,1.0,0.0,5.0,11.0,0.0,0.0,0.0,0.0,0.0,0.0,0.0,0.0,0.0,0.0,0.0,0.0,0.0,0.0,12946,2.5,1.4,1.1,4.2,5.04,3.46,2017,20170321,False
200826,J.J. Barea,J.J.,1610612742,DAL,33.0,1,0,1,0.0,17.243333333333332,1,7,0.143,1,3,0.333,0,0,0.0,1,2,3,6,1,0,0,0,0,0,3,-2,14.6,0,0,13.0,1,87,87,87,119,122,77,138,41,55,50,87,95,87,45,90,89,8,68,79,53,1,1,126,128,95,103,10,1,104,1,94,97.0,92.1,92.1,97.7,102.8,102.8,-0.7,-10.7,-10.7,0.5,6.0,42.9,0.0,0.0,0.0,7.1,7.1,0.214,0.214,0.195,0.205,102.94,103.0,85.83,103.0,0.061,38,1.0,7.0,105,120,120,60,82,82,90,109,109,1,2,9,41,68,33,72,73,134,141,76,73,34,37,37,109,122,77,38,41,0.0,0,9,14,6,0.158,0.158,3,0,2,0.0,0,0,0.0,0,0.0,0,0.0,1,0.333,0,0.0,0,0.0,3,49,17,3.9,4.79,4.67,0.061,1,0,0,0.0,0.0,0.0,0.0,1.0,0.0,1.0,1.0,0.0,1.0,17.1,0.0,2.0,0.0,2.0,1.0,0.0,1.0,6.4,0.0,3.0,0.0,3.0,1.0,0.0,1.0,9.9,,,,,,,,,,,,,,,0.286,0.0,2.0,0.0,0.0,0.143,0.0,1.0,0.0,0.143,0.0,1.0,0.0,0.143,0.0,1.0,0.0,0.0,0.143,0.0,1.0,0.0,0.0,0.0,0.0,,0.571,1.0,4.0,0.25,0.375,0.286,0.0,2.0,0.0,0.286,1.0,2.0,0.5,0,5,0.0,0,0.0,1.0,0.0,0.0,3,0.5,0,0.0,0,0.0,0,0.0,0.214,0.0,0.0,0.0,0.0,1.0,0.0,0.0,3.0,0.0,0.0,0.0,0.0,0.0,1.0,0.0,1.0,2.0,0.5,0.0,0.0,0.0,0.0,1.0,0.0,DAL,0.0,0.0,0.0,0.0,0.0,0.0,0.0,3.0,0.0,0.0,1.0,0.0,0.0,2.0,0.0,1.0,1.0,1.0,,,,,,,0.0,0.0,0.0,1,2,1.0,2.0,0.5,0.75,5.0,9.0,0.556,0.494,0.061,1.0,4.0,0.25,0.402,-0.152,4.0,5.0,0.8,0.556,0.244,2.0,2.0,1.0,0.652,0.349,2.0,2.0,1.0,0.602,0.399,2.0,5.0,0.4,0.415,-0.015,1.0,1.0,0.0,0.0,0.0,0.0,0.0,0.0,0.0,1.0,0.0,0.0,0.0,0.0,0.0,0.0,0.0,0.0,0.0,0.0,0.0,6647,1.3,0.7,0.5,4.53,4.59,3.72,2017,20170321,False
200755,JJ Redick,JJ,1610612746,LAC,33.0,1,1,0,1.0,17.633333333333333,7,9,0.778,4,5,0.8,6,6,1.0,0,3,3,0,2,1,0,0,3,4,24,17,28.6,0,0,33.0,1,1,1,1,116,22,53,7,3,19,7,10,13,1,91,65,89,118,27,33,53,1,113,12,10,13,33,10,1,25,1,99,135.8,139.5,139.5,95.4,97.3,97.3,40.3,42.2,42.2,0.0,0.0,0.0,0.0,0.0,0.0,15.4,14.7,1.0,1.031,0.317,0.324,104.47,102.08,85.07,102.08,0.284,38,7.0,9.0,9,8,8,53,56,56,6,6,6,118,88,118,41,68,33,117,115,2,2,12,10,29,41,41,5,22,53,15,21,1.0,2,2,2,3,0.0,0.2,0,0,0,0.0,0,0,0.0,0,0.0,0,0.0,0,0.0,0,0.0,0,0.0,24,27,22,0.7,1.54,0.78,0.889,0,0,2,0.0,0.0,0.0,0.0,0.0,0.0,0.0,0.0,0.0,0.0,0.0,0.0,3.0,0.0,3.0,1.0,1.0,1.5,11.9,0.0,3.0,0.0,3.0,1.0,1.0,1.5,11.9,,,,,,,,,,,,,,,0.444,4.0,4.0,1.0,1.25,0.222,2.0,2.0,1.0,0.222,2.0,2.0,1.0,0.333,1.0,3.0,0.333,0.5,0.111,0.0,1.0,0.0,0.222,1.0,2.0,0.5,0.222,2.0,2.0,1.0,1.25,0.111,1.0,1.0,1.0,0.111,1.0,1.0,1.0,2,3,0.667,6,2.0,2.0,1.0,1.0,10,0.8,0,0.0,0,0.0,0,0.0,1.0,0.0,0.0,0.0,1.0,1.0,1.0,2.0,3.0,0.667,1.0,1.0,1.0,0.0,0.0,0.0,3.0,4.0,0.75,0.0,0.0,0.0,1.0,1.0,1.0,LAC,0.0,0.0,0.0,1.0,1.0,1.0,0.0,0.0,0.0,2.0,3.0,0.667,2.0,2.0,1.0,2.0,3.0,0.667,0.0,0.0,0.0,,,,0.0,0.0,0.0,4,5,2.0,3.0,0.667,1.0,0.0,3.0,0.0,0.482,-0.482,0.0,1.0,0.0,0.329,-0.329,0.0,2.0,0.0,0.564,-0.564,,,,,,0.0,2.0,0.0,0.581,-0.581,0.0,1.0,0.0,0.352,-0.352,3.0,2.0,1.0,2.0,0.0,0.0,0.0,0.0,0.0,1.0,0.0,0.0,0.0,0.0,0.0,0.0,0.0,0.0,0.0,0.0,0.0,7308,1.4,0.8,0.6,4.78,5.45,4.11,2017,20170321,False
203210,JaMychal Green,JaMychal,1610612763,MEM,27.0,1,0,1,0.0,18.483333333333334,4,6,0.667,1,2,0.5,3,3,1.0,0,2,2,2,0,0,0,1,5,2,12,-8,17.4,0,0,17.0,1,87,87,87,111,53,90,12,41,73,18,24,35,1,91,90,109,52,116,79,53,111,160,50,45,123,83,10,1,82,1,94,104.6,108.6,108.6,121.6,124.3,124.3,-16.9,-15.8,-15.8,0.182,0.0,22.2,0.0,0.0,0.0,0.0,0.0,0.75,0.82,0.194,0.202,96.29,93.49,77.91,93.49,0.109,35,4.0,6.0,81,67,67,140,147,147,125,121,121,43,88,37,41,68,33,1,1,14,12,77,74,102,128,128,70,53,90,24,18,0.0,1,1,4,3,0.083,0.125,1,1,1,1.0,0,0,0.0,2,2.0,0,0.0,0,0.0,0,0.0,0,0.0,12,32,17,0.8,1.53,0.31,0.375,2,1,2,1.5,0.0,2.0,0.0,0.0,0.0,2.0,0.0,0.0,0.0,0.0,0.0,2.0,0.0,4.0,0.5,0.0,0.5,7.0,0.0,2.0,0.0,6.0,0.333,0.0,0.333,7.0,1.0,0.167,1.0,1.0,1.0,1.0,0.167,1.0,1.0,1.0,0.0,0.0,0.0,,0.333,1.0,2.0,0.5,0.5,0.333,1.0,2.0,0.5,0.0,0.0,0.0,,0.333,1.0,2.0,0.5,0.5,0.167,1.0,1.0,1.0,0.167,0.0,1.0,0.0,0.167,1.0,1.0,1.0,1.5,0.0,0.0,0.0,,0.167,1.0,1.0,1.0,0,0,,0,0.0,0.0,,,5,0.5,4,1.0,0,0.0,3,0.5,0.75,2.0,2.0,1.0,0.0,1.0,0.0,1.0,1.0,1.0,1.0,1.0,1.0,0.0,0.0,0.0,0.0,1.0,0.0,,,,1.0,1.0,1.0,MEM,2.0,3.0,0.667,0.0,0.0,0.0,0.0,0.0,0.0,1.0,1.0,1.0,1.0,1.0,1.0,0.0,1.0,0.0,,,,0.0,0.0,0.0,,,,2,3,1.0,2.0,0.5,0.833,4.0,6.0,0.667,0.497,0.17,,,,,,4.0,6.0,0.667,0.52,0.147,2.0,2.0,1.0,0.668,0.332,4.0,5.0,0.8,0.593,0.207,,,,,,4.0,4.0,0.0,2.0,0.0,1.0,3.0,0.0,0.0,0.0,0.0,0.0,0.0,0.0,0.0,0.0,0.0,0.0,0.0,0.0,0.0,6958,1.3,0.7,0.6,4.23,4.68,3.81,2017,20170321,False
201580,JaVale McGee,JaVale,1610612744,GSW,29.0,1,1,0,1.0,9.275,2,4,0.5,0,0,0.0,0,2,0.0,1,3,4,1,0,0,0,0,2,1,4,1,10.3,0,0,9.0,1,1,1,1,145,97,115,53,77,116,77,87,44,87,45,65,66,79,116,79,53,1,74,84,119,76,130,10,1,131,1,96,121.8,127.8,127.8,123.9,122.2,122.2,-2.1,5.6,5.6,0.143,0.0,16.7,0.0,0.0,0.0,0.0,0.0,0.5,0.41,0.238,0.234,94.81,93.15,77.63,93.15,0.051,18,2.0,4.0,30,17,17,145,140,140,91,69,69,52,88,57,41,68,33,1,1,70,109,45,51,122,134,134,116,97,115,12,9,0.0,0,2,6,2,0.083,0.167,0,0,0,0.0,0,0,0.0,0,0.0,0,0.0,0,0.0,0,0.0,0,0.0,4,17,11,0.4,1.29,0.18,0.235,4,2,7,0.5,0.0,0.286,0.0,1.0,0.0,3.0,0.333,0.0,0.333,6.3,1.0,2.0,0.333,3.0,1.0,0.0,1.0,3.9,1.0,3.0,0.25,6.0,0.667,0.0,0.667,4.5,1.0,0.25,1.0,1.0,1.0,1.0,0.25,1.0,1.0,1.0,0.0,0.0,0.0,,0.75,1.0,3.0,0.333,0.333,0.75,1.0,3.0,0.333,0.0,0.0,0.0,,,,,,,,,,,,,,,,,,,,,,,,,,,,0,0,,0,,,,,0,0.0,2,0.333,0,0.0,2,1.0,0.5,1.0,3.0,0.333,1.0,1.0,1.0,0.0,0.0,0.0,0.0,0.0,0.0,0.0,0.0,0.0,0.0,0.0,0.0,,,,0.0,0.0,0.0,GSW,1.0,3.0,0.333,1.0,1.0,1.0,0.0,0.0,0.0,0.0,0.0,0.0,0.0,0.0,0.0,0.0,0.0,0.0,,,,,,,,,,0,0,,,,,1.0,3.0,0.333,0.462,-0.129,0.0,1.0,0.0,0.33,-0.33,1.0,2.0,0.5,0.514,-0.014,,,,,,,,,,,1.0,2.0,0.5,0.345,0.155,2.0,1.0,1.0,0.0,0.0,0.0,0.0,0.0,0.0,0.0,0.0,0.0,0.0,0.0,0.0,0.0,0.0,0.0,0.0,0.0,0.0,3543,0.7,0.4,0.3,4.52,5.3,3.77,2017,20170321,False
1627751,Jakob Poeltl,Jakob,1610612761,TOR,21.0,1,1,0,1.0,13.011666666666667,0,0,0.0,0,0,0.0,0,0,0.0,3,2,5,0,2,0,0,0,3,0,0,-1,4.0,0,0,5.0,1,1,1,1,139,142,162,142,77,116,77,87,95,87,12,90,43,118,27,79,53,1,113,126,148,88,149,10,1,145,1,106,93.7,96.3,96.3,101.8,103.8,103.8,-8.2,-7.5,-7.5,0.0,0.0,0.0,0.0,0.0,0.0,100.0,100.0,0.0,0.0,0.061,0.059,100.12,97.76,81.47,97.76,-0.049,27,0.0,0.0,111,109,109,80,87,87,106,97,97,118,88,118,41,68,33,167,167,142,148,162,162,56,77,77,154,142,162,13,6,0.0,0,0,0,0,0.0,0.0,0,0,0,0.0,0,0,0.0,0,0.0,0,0.0,0,0.0,0,0.0,0,0.0,0,16,8,0.3,1.15,0.63,0.0,0,0,4,0.0,0.0,0.0,2.0,1.0,0.667,3.0,1.0,0.0,1.0,4.1,0.0,2.0,0.0,3.0,0.667,2.0,2.0,10.2,2.0,3.0,0.4,6.0,0.833,2.0,1.25,6.5,,,,,,,,,,,,,,,,,,,,,,,,,,,,,,,,,,,,,,,,,,,,,,,,,,,,,,0,0,,0,,,,,0,0.0,0,0.0,0,0.0,0,0.0,0.0,0.0,0.0,0.0,0.0,0.0,0.0,0.0,0.0,0.0,0.0,0.0,0.0,0.0,0.0,0.0,0.0,0.0,0.0,0.0,0.0,0.0,0.0,0.0,0.0,TOR,0.0,0.0,0.0,0.0,0.0,0.0,0.0,0.0,0.0,0.0,0.0,0.0,0.0,0.0,0.0,0.0,0.0,0.0,,,,0.0,0.0,0.0,0.0,0.0,0.0,0,0,,,,,5.0,7.0,0.714,0.445,0.269,0.0,1.0,0.0,0.349,-0.349,5.0,6.0,0.833,0.457,0.376,2.0,3.0,0.667,0.586,0.08,4.0,5.0,0.8,0.512,0.288,1.0,2.0,0.5,0.432,0.068,8.0,7.0,1.0,0.0,0.0,5.0,10.0,0.0,0.0,0.0,0.0,0.0,0.0,0.0,0.0,0.0,0.0,0.0,0.0,0.0,0.0,5096,1.0,0.5,0.5,4.62,4.45,4.8,2017,20170321,False
2037,Jamal Crawford,Jamal,1610612746,LAC,37.0,1,1,0,1.0,30.366666666666667,6,10,0.6,3,6,0.5,0,0,0.0,0,2,2,3,1,1,0,0,2,0,15,7,23.9,0,0,25.0,1,1,1,1,48,32,48,25,8,13,18,87,95,87,91,90,109,35,68,33,53,1,74,126,38,43,53,10,1,42,1,99,128.9,129.0,129.0,117.4,115.9,115.9,11.5,13.2,13.2,0.13,3.0,21.4,0.0,0.069,0.0,7.1,7.1,0.75,0.75,0.151,0.153,98.16,98.79,82.33,98.79,0.104,62,6.0,10.0,15,15,15,130,130,130,54,48,48,65,13,41,41,47,33,72,73,14,19,107,108,73,73,73,74,32,48,23,28,1.0,0,6,10,4,0.13,0.174,1,0,0,0.0,0,0,0.0,0,0.0,1,1.0,0,0.0,0,0.0,0,0.0,15,36,21,2.1,3.55,3.19,0.417,1,0,0,0.0,0.0,0.0,0.0,0.0,0.0,2.0,0.0,1.0,0.0,0.0,1.0,1.0,0.5,4.0,0.5,0.0,0.5,10.8,1.0,1.0,0.5,6.0,0.333,1.0,0.4,10.8,1.0,0.1,0.0,1.0,0.0,0.0,0.1,0.0,1.0,0.0,0.0,0.0,0.0,,0.4,4.0,4.0,1.0,1.25,0.2,2.0,2.0,1.0,0.2,2.0,2.0,1.0,0.3,1.0,3.0,0.333,0.333,0.1,1.0,1.0,1.0,0.2,0.0,2.0,0.0,0.2,1.0,2.0,0.5,0.75,0.0,0.0,0.0,,0.2,1.0,2.0,0.5,5,7,0.714,12,2.0,3.0,0.667,0.857,3,0.333,0,0.0,0,0.0,0,0.0,0.75,0.0,0.0,0.0,0.0,0.0,0.0,3.0,4.0,0.75,0.0,2.0,0.0,0.0,0.0,0.0,2.0,3.0,0.667,1.0,1.0,1.0,0.0,2.0,0.0,LAC,0.0,0.0,0.0,0.0,0.0,0.0,0.0,1.0,0.0,1.0,1.0,1.0,2.0,3.0,0.667,1.0,3.0,0.333,1.0,1.0,1.0,,,,1.0,1.0,1.0,1,3,1.0,3.0,0.333,0.5,8.0,14.0,0.571,0.467,0.104,2.0,3.0,0.667,0.287,0.379,6.0,11.0,0.545,0.503,0.042,5.0,7.0,0.714,0.602,0.112,5.0,7.0,0.714,0.551,0.163,3.0,5.0,0.6,0.34,0.26,4.0,4.0,0.0,1.0,0.0,0.0,0.0,0.0,0.0,0.0,0.0,0.0,0.0,0.0,0.0,0.0,0.0,0.0,0.0,0.0,0.0,10749,2.0,1.1,0.9,3.97,4.02,3.91,2017,20170321,False
203516,James Ennis III,James,1610612763,MEM,26.0,1,0,1,0.0,15.45,1,4,0.25,1,3,0.333,0,0,0.0,0,4,4,1,0,1,0,0,1,1,3,0,12.3,0,0,11.0,1,87,87,87,131,122,115,124,41,55,50,87,95,87,91,42,66,79,116,33,53,1,32,84,128,81,116,10,1,124,1,94,101.1,100.0,100.0,101.1,97.0,97.0,0.0,3.0,3.0,0.091,0.0,20.0,0.0,0.0,0.0,0.0,0.0,0.375,0.375,0.118,0.119,98.3,100.97,84.14,100.97,0.091,32,1.0,4.0,92,93,93,78,54,54,85,78,78,81,88,45,41,68,33,1,1,107,116,131,134,71,49,49,83,122,115,15,12,0.0,0,3,2,1,0.067,0.067,1,0,1,0.0,0,0,0.0,0,0.0,0,0.0,0,0.0,0,0.0,0,0.0,3,19,12,0.7,2.06,1.32,0.158,0,0,0,0.0,0.0,0.0,0.0,0.0,0.0,1.0,0.0,0.0,0.0,0.0,1.0,3.0,0.25,6.0,0.667,3.0,1.333,3.8,1.0,3.0,0.25,7.0,0.571,3.0,1.0,3.8,1.0,0.25,0.0,1.0,0.0,0.0,0.25,0.0,1.0,0.0,0.0,0.0,0.0,,,,,,,,,,,,,,,,,,,,,,,,,,,,0.75,1.0,3.0,0.333,0.5,0.0,0.0,0.0,,0.75,1.0,3.0,0.333,0,0,,0,0.0,0.0,,,3,0.333,0,0.0,0,0.0,0,0.0,0.375,0.0,1.0,0.0,0.0,0.0,0.0,0.0,0.0,0.0,0.0,0.0,0.0,0.0,1.0,0.0,1.0,2.0,0.5,,,,0.0,1.0,0.0,MEM,0.0,1.0,0.0,0.0,0.0,0.0,0.0,0.0,0.0,0.0,0.0,0.0,1.0,2.0,0.5,0.0,1.0,0.0,,,,,,,,,,1,3,1.0,3.0,0.333,0.5,3.0,5.0,0.6,0.455,0.145,1.0,2.0,0.5,0.363,0.137,2.0,3.0,0.667,0.494,0.173,1.0,2.0,0.5,0.57,-0.07,2.0,3.0,0.667,0.554,0.113,1.0,2.0,0.5,0.365,0.136,2.0,1.0,1.0,1.0,0.0,0.0,0.0,0.0,0.0,0.0,0.0,0.0,0.0,0.0,0.0,0.0,0.0,0.0,0.0,0.0,0.0,6091,1.2,0.6,0.5,4.67,4.46,4.08,2017,20170321,False
201949,James Johnson,James,1610612748,MIA,30.0,1,1,0,1.0,22.883333333333333,3,9,0.333,1,2,0.5,3,6,0.5,0,1,1,1,2,1,1,1,3,3,10,13,16.7,0,0,17.0,1,1,1,1,90,73,53,102,41,73,18,24,13,66,91,120,136,79,27,33,20,111,113,25,63,23,86,10,1,82,1,104,114.6,115.7,115.7,89.7,93.9,93.9,24.9,21.8,21.8,0.053,0.5,6.7,0.0,0.048,0.0,13.3,13.7,0.389,0.43,0.241,0.233,107.77,104.88,87.4,104.88,-0.007,51,3.0,9.0,44,41,41,32,41,41,28,32,32,108,77,108,41,58,33,108,109,102,104,39,53,11,25,25,149,73,53,39,40,0.0,1,9,2,2,0.026,0.051,7,2,3,0.667,1,2,0.5,5,0.714,2,0.286,1,0.143,0,0.0,1,0.143,10,53,21,3.2,3.6,3.36,0.189,2,0,2,0.5,0.0,0.0,0.0,0.0,0.0,5.0,0.0,0.0,0.0,0.0,0.0,1.0,0.0,4.0,0.25,0.0,0.25,3.3,0.0,1.0,0.0,9.0,0.111,0.0,0.111,3.3,1.0,0.222,1.0,2.0,0.5,0.5,0.222,1.0,2.0,0.5,0.0,0.0,0.0,,0.333,1.0,3.0,0.333,0.333,0.333,1.0,3.0,0.333,0.0,0.0,0.0,,0.111,0.0,1.0,0.0,0.0,0.111,0.0,1.0,0.0,0.0,0.0,0.0,,0.333,1.0,3.0,0.333,0.5,0.111,0.0,1.0,0.0,0.222,1.0,2.0,0.5,0,2,0.0,0,0.0,0.0,,0.0,3,0.5,0,0.0,0,0.0,1,0.0,0.389,1.0,2.0,0.5,1.0,3.0,0.333,0.0,2.0,0.0,0.0,0.0,0.0,0.0,0.0,0.0,1.0,2.0,0.5,0.0,0.0,0.0,0.0,0.0,0.0,MIA,1.0,2.0,0.5,0.0,2.0,0.0,1.0,2.0,0.5,0.0,1.0,0.0,0.0,1.0,0.0,1.0,1.0,1.0,,,,,,,0.0,0.0,0.0,1,2,1.0,2.0,0.5,0.75,4.0,7.0,0.571,0.466,0.105,1.0,2.0,0.5,0.37,0.13,3.0,5.0,0.6,0.512,0.088,2.0,3.0,0.667,0.663,0.004,3.0,4.0,0.75,0.596,0.154,1.0,3.0,0.333,0.381,-0.047,9.0,7.0,2.0,1.0,0.0,1.0,2.0,0.0,0.0,0.0,0.0,0.0,0.0,0.0,0.0,0.0,0.0,0.0,0.0,0.0,0.0,9115,1.7,1.0,0.7,4.47,4.69,4.18,2017,20170321,False
203949,James Michael McAdoo,James Michael,1610612744,GSW,24.0,1,1,0,1.0,5.45,1,1,1.0,0,0,0.0,7,8,0.875,0,2,2,0,1,0,1,0,1,4,9,2,13.4,0,0,13.0,1,1,1,1,157,122,152,1,77,116,77,7,8,45,91,90,109,118,68,79,20,1,32,12,74,69,108,10,1,104,1,96,123.6,108.3,108.3,92.6,100.0,100.0,31.0,8.3,8.3,0.0,0.0,0.0,0.0,0.0,0.0,16.7,18.1,1.0,0.996,0.5,0.525,98.64,101.28,84.4,101.28,0.567,12,1.0,1.0,22,68,68,42,62,62,19,61,61,118,88,118,41,68,33,120,125,2,4,1,1,66,47,47,1,122,152,8,7,0.0,0,0,0,0,0.0,0.0,1,0,0,0.0,0,0,0.0,0,0.0,1,1.0,0,0.0,0,0.0,0,0.0,9,11,6,0.4,1.97,0.64,0.818,0,1,1,0.0,0.0,2.0,0.0,0.0,0.0,0.0,0.0,0.0,0.0,0.0,1.0,1.0,0.5,3.0,0.667,0.0,0.667,5.9,1.0,1.0,0.5,3.0,0.667,0.0,0.667,5.9,1.0,1.0,1.0,1.0,1.0,1.0,1.0,1.0,1.0,1.0,0.0,0.0,0.0,,,,,,,,,,,,,,,,,,,,,,,,,,,,,,,,,,,,,,,,,0,0,,0,,,,,0,0.0,2,1.0,0,0.0,0,0.0,1.0,0.0,0.0,0.0,1.0,1.0,1.0,0.0,0.0,0.0,0.0,0.0,0.0,,,,0.0,0.0,0.0,0.0,0.0,0.0,0.0,0.0,0.0,GSW,0.0,0.0,0.0,1.0,1.0,1.0,0.0,0.0,0.0,0.0,0.0,0.0,0.0,0.0,0.0,,,,,,,,,,0.0,0.0,0.0,0,0,,,,,1.0,6.0,0.167,0.391,-0.224,0.0,2.0,0.0,0.29,-0.29,1.0,4.0,0.25,0.451,-0.201,1.0,2.0,0.5,0.729,-0.229,1.0,2.0,0.5,0.692,-0.192,0.0,4.0,0.0,0.224,-0.224,3.0,3.0,0.0,0.0,0.0,0.0,0.0,0.0,0.0,0.0,0.0,0.0,0.0,0.0,0.0,0.0,0.0,0.0,0.0,0.0,0.0,1992,0.4,0.2,0.2,4.41,4.46,4.37,2017,20170321,False
201162,Jared Dudley,Jared,1610612756,PHX,31.0,1,0,1,0.0,19.266666666666666,3,6,0.5,1,4,0.25,1,3,0.333,0,8,8,2,2,0,0,0,3,2,8,5,18.6,0,0,19.0,1,87,87,87,106,73,90,53,41,32,60,69,35,82,91,8,16,52,27,79,53,1,113,50,81,52,80,10,1,72,1,104,104.2,109.5,109.5,101.0,100.0,100.0,3.2,9.5,9.5,0.143,1.0,18.2,0.0,0.0,0.0,18.2,17.7,0.583,0.546,0.188,0.194,105.58,103.39,86.16,103.39,0.17,42,3.0,6.0,83,63,63,77,62,62,73,59,59,52,50,52,41,68,33,125,123,59,71,81,81,21,32,32,23,73,90,48,32,1.0,0,6,6,3,0.042,0.063,2,1,1,1.0,0,0,0.0,2,1.0,0,0.0,1,0.5,0,0.0,0,0.0,8,60,33,1.7,1.72,0.47,0.133,3,1,0,0.667,0.0,0.0,0.0,0.0,0.0,1.0,0.0,0.0,0.0,0.0,2.0,6.0,0.25,10.0,0.8,0.0,0.8,9.4,2.0,6.0,0.25,11.0,0.727,0.0,0.727,9.4,1.0,0.167,1.0,1.0,1.0,1.0,0.167,1.0,1.0,1.0,0.0,0.0,0.0,,0.167,1.0,1.0,1.0,1.0,0.167,1.0,1.0,1.0,0.0,0.0,0.0,,0.167,0.0,1.0,0.0,0.0,0.0,0.0,0.0,,0.167,0.0,1.0,0.0,0.5,1.0,3.0,0.333,0.5,0.0,0.0,0.0,,0.5,1.0,3.0,0.333,0,0,,0,0.0,0.0,,,5,0.4,0,0.0,0,0.0,2,1.0,0.583,1.0,1.0,1.0,0.0,0.0,0.0,1.0,1.0,1.0,,,,0.0,0.0,0.0,1.0,4.0,0.25,0.0,0.0,0.0,0.0,0.0,0.0,PHX,1.0,1.0,1.0,0.0,0.0,0.0,0.0,0.0,0.0,1.0,1.0,1.0,1.0,3.0,0.333,0.0,1.0,0.0,,,,,,,0.0,0.0,0.0,2,5,1.0,4.0,0.25,0.5,5.0,12.0,0.417,0.482,-0.066,1.0,3.0,0.333,0.365,-0.031,4.0,9.0,0.444,0.537,-0.092,2.0,3.0,0.667,0.624,0.042,3.0,7.0,0.429,0.583,-0.154,2.0,5.0,0.4,0.379,0.021,5.0,5.0,0.0,0.0,0.0,1.0,2.0,0.0,0.0,1.0,0.0,0.0,0.0,0.0,0.0,0.0,0.0,0.0,0.0,0.0,0.0,7093,1.3,0.7,0.7,4.06,5.08,3.84,2017,20170321,False
204067,Jarell Eddie,Jarell,1610612756,PHX,25.0,1,0,1,0.0,3.683333333333333,1,2,0.5,0,1,0.0,0,0,0.0,1,0,1,0,0,0,0,0,0,0,2,4,3.2,0,0,3.0,1,87,87,87,164,122,148,53,77,99,77,87,95,87,45,149,136,118,116,79,53,1,1,126,133,59,152,10,1,151,1,104,134.1,137.5,137.5,94.1,87.5,87.5,40.1,50.0,50.0,0.0,0.0,0.0,0.0,0.0,0.0,0.0,0.0,0.5,0.5,0.222,0.217,101.91,104.25,86.88,104.25,0.115,8,1.0,2.0,11,9,9,47,27,27,7,3,3,118,88,118,41,68,33,1,1,70,86,58,59,40,27,27,61,122,148,3,3,0.0,0,0,0,0,0.0,0.0,0,0,0,0.0,0,0,0.0,0,0.0,0,0.0,0,0.0,0,0.0,0,0.0,2,5,4,0.2,2.18,0.8,0.4,0,0,1,0.0,0.0,2.0,1.0,0.0,1.0,1.0,1.0,0.0,1.0,2.5,0.0,0.0,0.0,0.0,0.0,0.0,0.0,0.0,1.0,0.0,1.0,1.0,1.0,0.0,1.0,2.5,,,,,,,,,,,,,,,0.5,1.0,1.0,1.0,1.0,0.5,1.0,1.0,1.0,0.0,0.0,0.0,,0.5,0.0,1.0,0.0,0.0,0.0,0.0,0.0,,0.5,0.0,1.0,0.0,,,,,,,,,,,,,,0,0,,0,0.0,0.0,,,0,0.0,2,1.0,0,0.0,0,0.0,0.5,1.0,1.0,1.0,0.0,0.0,0.0,0.0,0.0,0.0,,,,,,,0.0,1.0,0.0,,,,,,,PHX,1.0,1.0,1.0,0.0,0.0,0.0,0.0,0.0,0.0,,,,0.0,1.0,0.0,,,,,,,,,,,,,0,1,0.0,1.0,0.0,0.0,1.0,1.0,1.0,0.413,0.587,,,,,,1.0,1.0,1.0,0.488,0.512,,,,,,,,,,,1.0,1.0,1.0,0.327,0.673,1.0,1.0,0.0,0.0,0.0,0.0,0.0,0.0,0.0,0.0,0.0,0.0,0.0,0.0,0.0,0.0,0.0,0.0,0.0,0.0,0.0,1414,0.3,0.1,0.1,4.9,3.84,2.83,2017,20170321,False
1891,Jason Terry,Jason,1610612749,MIL,39.0,1,1,0,1.0,22.066666666666666,1,3,0.333,1,1,1.0,0,0,0.0,0,3,3,0,1,2,1,1,1,1,3,-1,14.6,0,0,13.0,1,1,1,1,92,122,131,102,41,99,1,87,95,87,91,65,89,118,68,12,20,111,32,84,128,88,103,10,1,104,1,94,89.2,91.1,91.1,94.2,95.5,95.5,-5.0,-4.3,-4.3,0.0,0.0,0.0,0.0,0.136,0.064,25.0,25.0,0.5,0.5,0.077,0.078,98.49,96.8,80.66,96.8,0.082,45,1.0,3.0,128,122,122,48,46,46,96,93,93,118,88,118,41,21,19,142,142,70,86,158,157,68,85,85,91,122,131,23,13,1.0,0,3,1,1,0.0,0.043,3,0,1,0.0,0,0,0.0,0,0.0,2,0.667,0,0.0,0,0.0,0,0.0,3,26,15,1.1,2.48,1.85,0.115,0,0,0,0.0,0.0,0.0,0.0,0.0,0.0,1.0,0.0,0.0,0.0,0.0,3.0,0.0,1.0,3.0,1.0,0.0,1.0,12.1,3.0,0.0,1.0,4.0,0.75,0.0,0.75,12.1,1.0,0.333,0.0,1.0,0.0,0.0,0.333,0.0,1.0,0.0,0.0,0.0,0.0,,,,,,,,,,,,,,,,,,,,,,,,,,,,0.667,1.0,2.0,0.5,0.75,0.333,0.0,1.0,0.0,0.333,1.0,1.0,1.0,0,0,,0,0.0,0.0,,,3,0.5,0,0.0,0,0.0,0,0.0,0.5,0.0,1.0,0.0,0.0,0.0,0.0,0.0,1.0,0.0,,,,0.0,0.0,0.0,1.0,1.0,1.0,0.0,0.0,0.0,0.0,0.0,0.0,MIL,0.0,1.0,0.0,0.0,0.0,0.0,0.0,0.0,0.0,0.0,0.0,0.0,0.0,1.0,0.0,1.0,1.0,1.0,,,,,,,0.0,0.0,0.0,1,2,1.0,1.0,1.0,0.75,1.0,4.0,0.25,0.449,-0.199,1.0,3.0,0.333,0.436,-0.103,0.0,1.0,0.0,0.449,-0.449,,,,,,,,,,,1.0,4.0,0.25,0.411,-0.161,4.0,1.0,3.0,1.0,0.0,2.0,4.0,0.0,0.0,4.0,0.0,0.0,0.0,0.0,0.0,0.0,0.0,0.0,0.0,0.0,0.0,8536,1.6,0.9,0.8,4.36,4.81,4.46,2017,20170321,False
202710,Jimmy Butler III,Jimmy,1610612741,CHI,27.0,1,0,1,0.0,43.61666666666667,11,21,0.524,3,7,0.429,12,14,0.857,2,8,10,6,0,1,2,0,1,10,37,-6,67.0,1,0,62.0,1,87,87,87,1,6,7,51,8,9,40,1,1,47,26,8,10,8,116,33,5,1,32,1,3,111,3,1,1,3,1,107,111.8,110.2,110.2,117.2,118.4,118.4,-5.4,-8.2,-8.2,0.25,0.0,17.6,0.051,0.174,0.118,0.0,0.0,0.595,0.681,0.298,0.293,96.14,96.29,80.24,96.29,0.238,88,11.0,21.0,53,59,59,129,134,134,98,101,101,27,88,56,21,14,9,1,1,56,35,15,19,106,92,92,8,6,7,53,70,0.0,1,14,17,7,0.113,0.132,19,2,4,0.5,6,6,1.0,10,0.526,8,0.421,3,0.158,0,0.0,3,0.158,37,86,48,8.3,5.81,4.86,0.43,1,1,4,0.0,0.0,1.5,0.0,2.0,0.0,4.0,0.5,0.0,0.5,13.9,1.0,8.0,0.125,12.0,0.667,1.0,0.727,9.4,1.0,10.0,0.1,16.0,0.625,1.0,0.667,10.3,1.0,0.095,1.0,2.0,0.5,0.5,0.095,1.0,2.0,0.5,0.0,0.0,0.0,,0.571,8.0,12.0,0.667,0.75,0.429,6.0,9.0,0.667,0.143,2.0,3.0,0.667,0.286,1.0,6.0,0.167,0.167,0.143,1.0,3.0,0.333,0.143,0.0,3.0,0.0,0.048,1.0,1.0,1.0,1.5,0.0,0.0,0.0,,0.048,1.0,1.0,1.0,4,11,0.364,10,2.0,5.0,0.4,0.455,7,0.75,6,1.0,0,0.0,0,0.0,0.595,4.0,5.0,0.8,0.0,1.0,0.0,4.0,8.0,0.5,1.0,1.0,1.0,0.0,1.0,0.0,2.0,5.0,0.4,0.0,0.0,0.0,1.0,2.0,0.5,CHI,4.0,5.0,0.8,0.0,1.0,0.0,1.0,2.0,0.5,3.0,6.0,0.5,1.0,3.0,0.333,2.0,4.0,0.5,0.0,0.0,0.0,,,,0.0,0.0,0.0,3,4,1.0,2.0,0.5,0.875,10.0,21.0,0.476,0.458,0.019,3.0,6.0,0.5,0.326,0.174,7.0,15.0,0.467,0.491,-0.024,1.0,2.0,0.5,0.605,-0.105,4.0,9.0,0.444,0.544,-0.1,5.0,9.0,0.556,0.387,0.169,14.0,10.0,4.0,5.0,0.0,1.0,2.0,0.0,0.0,4.0,0.0,0.0,0.0,0.0,0.0,0.0,0.0,0.0,0.0,0.0,0.0,15617,3.0,1.6,1.4,4.14,4.31,3.97,2017,20170321,False
203530,Joffrey Lauvergne,Joffrey,1610612741,CHI,25.0,1,0,1,0.0,6.705,1,3,0.333,0,0,0.0,0,0,0.0,0,1,1,0,0,0,0,1,1,0,2,-10,3.2,0,0,3.0,1,87,87,87,154,122,131,102,77,116,77,87,95,87,91,120,136,118,116,79,53,111,32,126,133,133,152,10,1,151,1,107,56.3,56.3,56.3,125.0,111.8,111.8,-68.8,-55.5,-55.5,0.0,0.0,0.0,0.0,0.0,0.0,0.0,0.0,0.333,0.333,0.188,0.188,111.68,118.12,98.43,118.12,0.0,16,1.0,3.0,161,161,161,146,120,120,162,160,160,118,88,118,41,68,33,1,1,112,122,81,83,3,4,4,139,122,131,5,7,0.0,0,2,0,0,0.0,0.0,1,1,1,1.0,0,0,0.0,2,2.0,0,0.0,0,0.0,0,0.0,0,0.0,2,8,7,0.2,1.48,0.25,0.25,2,0,1,0.0,0.0,0.0,0.0,0.0,0.0,2.0,0.0,0.0,0.0,0.0,0.0,1.0,0.0,0.0,0.0,0.0,0.0,3.1,0.0,1.0,0.0,2.0,0.5,0.0,0.5,3.1,1.0,0.333,0.0,1.0,0.0,0.0,0.333,0.0,1.0,0.0,0.0,0.0,0.0,,0.333,1.0,1.0,1.0,1.0,0.333,1.0,1.0,1.0,0.0,0.0,0.0,,,,,,,,,,,,,,,0.333,0.0,1.0,0.0,0.0,0.333,0.0,1.0,0.0,0.0,0.0,0.0,,0,0,,0,,,,,0,0.0,0,0.0,0,0.0,0,0.0,0.333,1.0,2.0,0.5,0.0,0.0,0.0,0.0,1.0,0.0,0.0,0.0,0.0,0.0,0.0,0.0,0.0,0.0,0.0,0.0,0.0,0.0,0.0,0.0,0.0,CHI,1.0,2.0,0.5,0.0,0.0,0.0,0.0,0.0,0.0,0.0,1.0,0.0,0.0,0.0,0.0,0.0,0.0,0.0,,,,,,,0.0,0.0,0.0,0,1,,,,0.0,1.0,1.0,1.0,0.466,0.534,,,,,,1.0,1.0,1.0,0.485,0.515,,,,,,,,,,,1.0,1.0,1.0,0.366,0.634,1.0,1.0,0.0,0.0,0.0,1.0,2.0,0.0,0.0,0.0,0.0,0.0,0.0,0.0,0.0,0.0,0.0,0.0,0.0,0.0,0.0,2726,0.5,0.3,0.2,4.47,4.26,4.84,2017,20170321,False
203089,John Henson,John,1610612749,MIL,26.0,1,1,0,1.0,20.366666666666667,3,6,0.5,0,0,0.0,0,0,0.0,5,3,8,0,3,1,3,1,4,1,6,15,24.6,0,0,22.0,1,1,1,1,100,73,90,53,77,116,77,87,95,87,5,65,16,118,11,33,2,111,149,84,101,18,49,10,1,57,1,94,114.9,116.7,116.7,85.6,87.2,87.2,29.3,29.5,29.5,0.0,0.0,0.0,0.238,0.125,0.178,33.3,33.3,0.5,0.5,0.18,0.185,97.05,95.45,79.54,95.45,0.063,42,3.0,6.0,42,39,39,22,25,25,23,21,21,118,88,118,1,24,3,159,159,70,86,89,89,88,105,105,106,73,90,14,11,0.0,0,1,0,0,0.0,0.0,1,0,1,0.0,0,0,0.0,0,0.0,0,0.0,0,0.0,0,0.0,0,0.0,6,23,16,0.5,1.34,0.3,0.261,4,0,6,0.0,0.0,1.0,3.0,2.0,0.6,7.0,0.714,0.0,0.714,3.2,1.0,2.0,0.333,2.0,1.5,0.0,1.5,3.9,4.0,4.0,0.5,9.0,0.889,0.0,0.889,3.5,1.0,0.5,1.0,3.0,0.333,0.333,0.5,1.0,3.0,0.333,0.0,0.0,0.0,,0.167,1.0,1.0,1.0,1.0,0.167,1.0,1.0,1.0,0.0,0.0,0.0,,0.167,0.0,1.0,0.0,0.0,0.167,0.0,1.0,0.0,0.0,0.0,0.0,,0.167,1.0,1.0,1.0,1.0,0.167,1.0,1.0,1.0,0.0,0.0,0.0,,0,0,,0,,,,,0,0.0,6,0.6,0,0.0,0,0.0,0.5,2.0,5.0,0.4,1.0,1.0,1.0,0.0,0.0,0.0,,,,0.0,0.0,0.0,0.0,0.0,0.0,0.0,0.0,0.0,0.0,0.0,0.0,MIL,2.0,5.0,0.4,1.0,1.0,1.0,0.0,0.0,0.0,0.0,0.0,0.0,0.0,0.0,0.0,0.0,0.0,0.0,,,,,,,0.0,0.0,0.0,0,0,,,,,2.0,8.0,0.25,0.461,-0.211,0.0,1.0,0.0,0.436,-0.436,2.0,7.0,0.286,0.478,-0.193,2.0,6.0,0.333,0.541,-0.208,2.0,6.0,0.333,0.506,-0.173,0.0,2.0,0.0,0.391,-0.391,12.0,10.0,2.0,2.0,0.0,4.0,8.0,0.0,0.0,0.0,0.0,0.0,0.0,0.0,0.0,0.0,0.0,0.0,0.0,0.0,0.0,7616,1.4,0.7,0.7,4.13,4.1,4.16,2017,20170321,False
202720,Jon Leuer,Jon,1610612765,DET,28.0,1,0,1,0.0,21.833333333333332,0,7,0.0,0,2,0.0,2,2,1.0,1,4,5,1,0,1,1,1,3,1,2,9,15.5,0,0,12.0,1,87,87,87,93,142,77,142,77,73,77,36,44,1,45,42,43,79,116,33,20,111,113,84,133,35,91,10,1,117,1,95,103.3,104.5,104.5,86.1,86.0,86.0,17.2,18.5,18.5,0.053,0.0,11.1,0.04,0.182,0.106,0.0,0.0,0.0,0.127,0.157,0.156,96.16,95.63,79.69,95.63,-0.014,44,0.0,7.0,85,82,82,23,21,21,39,37,37,108,88,87,27,12,12,1,1,142,147,102,104,105,101,101,150,142,77,27,22,0.0,0,0,2,1,0.037,0.037,1,0,1,0.0,0,0,0.0,0,0.0,0,0.0,0,0.0,0,0.0,0,0.0,2,35,22,1.0,1.64,0.69,0.057,2,1,2,1.0,0.0,0.0,1.0,0.0,1.0,5.0,0.2,0.0,0.2,3.8,1.0,3.0,0.25,8.0,0.5,2.0,0.667,3.7,2.0,3.0,0.4,13.0,0.385,2.0,0.455,3.7,1.0,0.429,0.0,3.0,0.0,0.0,0.429,0.0,3.0,0.0,0.0,0.0,0.0,,0.143,0.0,1.0,0.0,0.0,0.143,0.0,1.0,0.0,0.0,0.0,0.0,,0.286,0.0,2.0,0.0,0.0,0.143,0.0,1.0,0.0,0.143,0.0,1.0,0.0,0.143,0.0,1.0,0.0,0.0,0.0,0.0,0.0,,0.143,0.0,1.0,0.0,0,2,0.0,0,0.0,0.0,,0.0,0,0.0,0,0.0,0,0.0,2,0.0,0.0,0.0,1.0,0.0,0.0,2.0,0.0,0.0,2.0,0.0,,,,0.0,1.0,0.0,0.0,1.0,0.0,,,,0.0,1.0,0.0,DET,0.0,1.0,0.0,0.0,1.0,0.0,0.0,2.0,0.0,0.0,1.0,0.0,0.0,2.0,0.0,0.0,0.0,0.0,,,,,,,0.0,0.0,0.0,0,2,0.0,2.0,0.0,0.0,6.0,10.0,0.6,0.463,0.137,1.0,3.0,0.333,0.375,-0.042,5.0,7.0,0.714,0.546,0.168,5.0,6.0,0.833,0.645,0.188,5.0,7.0,0.714,0.57,0.144,1.0,3.0,0.333,0.378,-0.045,11.0,8.0,3.0,1.0,0.0,0.0,0.0,0.0,0.0,1.0,0.0,0.0,0.0,0.0,0.0,0.0,0.0,0.0,0.0,0.0,0.0,8578,1.6,0.8,0.8,4.39,4.68,4.15,2017,20170321,False
202685,Jonas Valanciunas,Jonas,1610612761,TOR,25.0,1,1,0,1.0,24.491666666666667,4,6,0.667,0,0,0.0,0,0,0.0,1,4,5,0,2,0,0,0,3,1,8,-7,12.0,0,0,13.0,1,1,1,1,78,53,90,12,77,116,77,87,95,87,45,42,43,118,27,79,53,1,113,84,81,117,120,10,1,104,1,106,125.0,123.9,123.9,136.1,139.1,139.1,-11.1,-15.2,-15.2,0.0,0.0,0.0,0.048,0.19,0.119,25.0,25.0,0.667,0.667,0.148,0.152,90.78,90.15,75.13,90.15,0.052,46,4.0,6.0,19,23,23,158,159,159,108,119,119,118,88,118,24,10,8,142,142,28,39,110,110,153,149,149,115,53,90,27,15,0.0,0,2,0,0,0.0,0.0,0,0,0,0.0,0,0,0.0,0,0.0,0,0.0,0,0.0,0,0.0,0,0.0,8,36,16,1.1,1.84,0.47,0.222,1,3,4,0.0,0.667,1.0,1.0,0.0,1.0,3.0,0.333,0.0,0.333,5.2,1.0,3.0,0.25,7.0,0.571,0.0,0.571,2.8,2.0,3.0,0.4,10.0,0.5,0.0,0.5,3.3,1.0,0.333,2.0,2.0,1.0,1.0,0.333,2.0,2.0,1.0,0.0,0.0,0.0,,0.167,1.0,1.0,1.0,1.0,0.167,1.0,1.0,1.0,0.0,0.0,0.0,,0.333,1.0,2.0,0.5,0.5,0.333,1.0,2.0,0.5,0.0,0.0,0.0,,0.167,0.0,1.0,0.0,0.0,0.167,0.0,1.0,0.0,0.0,0.0,0.0,,0,1,0.0,0,,,,0.0,2,0.5,4,1.0,2,0.5,0,0.0,0.667,1.0,1.0,1.0,2.0,2.0,1.0,1.0,3.0,0.333,0.0,0.0,0.0,0.0,0.0,0.0,0.0,0.0,0.0,0.0,0.0,0.0,0.0,0.0,0.0,TOR,2.0,2.0,1.0,1.0,1.0,1.0,0.0,0.0,0.0,1.0,3.0,0.333,0.0,0.0,0.0,0.0,0.0,0.0,0.0,0.0,0.0,,,,0.0,0.0,0.0,0,1,,,,0.0,2.0,6.0,0.333,0.483,-0.15,0.0,1.0,0.0,0.358,-0.358,2.0,5.0,0.4,0.507,-0.107,0.0,2.0,0.0,0.537,-0.537,0.0,2.0,0.0,0.493,-0.493,2.0,3.0,0.667,0.378,0.288,9.0,8.0,1.0,0.0,0.0,3.0,6.0,0.0,0.0,0.0,0.0,0.0,0.0,0.0,0.0,0.0,0.0,0.0,0.0,0.0,0.0,9077,1.7,0.9,0.9,4.17,4.49,4.34,2017,20170321,False
203613,Jonathon Simmons,Jonathon,1610612759,SAS,27.0,1,1,0,1.0,15.723333333333333,3,6,0.5,2,3,0.667,0,0,0.0,1,3,4,0,0,0,0,1,1,0,8,-1,12.8,0,0,14.0,1,1,1,1,128,73,90,53,17,55,9,87,95,87,45,65,66,118,116,79,53,111,32,126,81,88,114,10,1,97,1,92,106.9,103.3,103.3,118.2,123.1,123.1,-11.3,-19.7,-19.7,0.0,0.0,0.0,0.0,0.0,0.0,0.0,0.0,0.667,0.667,0.162,0.176,85.6,85.48,71.23,85.48,0.15,30,3.0,6.0,64,88,88,132,145,145,109,133,133,118,88,118,41,68,33,1,1,28,39,98,95,162,163,163,37,73,90,19,20,0.0,0,2,0,0,0.0,0.0,2,0,1,0.0,0,0,0.0,0,0.0,1,0.5,0,0.0,0,0.0,0,0.0,8,26,20,1.0,2.25,1.58,0.308,1,0,1,0.0,0.0,2.0,0.0,1.0,0.0,2.0,0.5,0.0,0.5,9.9,1.0,2.0,0.333,5.0,0.6,0.0,0.6,4.8,1.0,3.0,0.25,7.0,0.571,0.0,0.571,6.0,1.0,0.167,0.0,1.0,0.0,0.0,0.167,0.0,1.0,0.0,0.0,0.0,0.0,,0.333,1.0,2.0,0.5,0.5,0.333,1.0,2.0,0.5,0.0,0.0,0.0,,0.333,1.0,2.0,0.5,0.75,0.0,0.0,0.0,,0.333,1.0,2.0,0.5,0.167,1.0,1.0,1.0,1.5,0.0,0.0,0.0,,0.167,1.0,1.0,1.0,0,0,,0,0.0,0.0,,,6,0.5,2,1.0,0,0.0,0,0.0,0.667,1.0,1.0,1.0,0.0,1.0,0.0,0.0,1.0,0.0,1.0,2.0,0.5,,,,1.0,1.0,1.0,,,,1.0,2.0,0.5,SAS,1.0,1.0,1.0,0.0,1.0,0.0,0.0,1.0,0.0,0.0,0.0,0.0,1.0,2.0,0.5,1.0,1.0,1.0,,,,,,,,,,2,4,2.0,3.0,0.667,0.75,2.0,6.0,0.333,0.457,-0.124,0.0,2.0,0.0,0.339,-0.339,2.0,4.0,0.5,0.487,0.013,1.0,1.0,1.0,0.616,0.384,1.0,2.0,0.5,0.558,-0.058,1.0,3.0,0.333,0.384,-0.051,2.0,2.0,0.0,1.0,1.0,0.0,0.0,0.0,0.0,0.0,0.0,0.0,0.0,0.0,0.0,0.0,0.0,0.0,0.0,0.0,0.0,5654,1.1,0.6,0.5,4.2,4.29,4.11,2017,20170321,False
203903,Jordan Clarkson,Jordan,1610612747,LAL,25.0,1,0,1,0.0,36.4,1,9,0.111,0,4,0.0,3,3,1.0,0,3,3,5,2,0,0,0,4,2,5,-27,14.1,0,0,13.0,1,87,87,87,18,122,53,141,77,32,77,24,35,1,91,65,89,12,27,79,53,1,149,50,111,166,106,10,1,104,1,100,105.2,104.0,104.0,136.9,138.2,138.2,-31.8,-34.2,-34.2,0.167,2.5,29.4,0.0,0.0,0.0,11.8,11.5,0.111,0.242,0.146,0.154,99.45,99.56,82.97,99.56,-0.006,75,1.0,9.0,74,85,85,159,158,158,143,145,145,48,21,22,41,68,33,100,100,141,138,112,106,61,63,63,147,122,53,51,56,0.0,0,11,12,5,0.098,0.098,10,1,2,0.5,2,2,1.0,4,0.4,5,0.5,2,0.2,0,0.0,1,0.1,5,63,22,4.9,4.7,3.67,0.079,0,0,1,0.0,0.0,0.0,0.0,0.0,0.0,4.0,0.0,0.0,0.0,0.0,1.0,2.0,0.333,6.0,0.5,0.0,0.5,7.7,1.0,2.0,0.333,10.0,0.3,0.0,0.3,7.7,1.0,0.111,0.0,1.0,0.0,0.0,0.111,0.0,1.0,0.0,0.0,0.0,0.0,,0.333,0.0,3.0,0.0,0.0,0.333,0.0,3.0,0.0,0.0,0.0,0.0,,0.333,1.0,3.0,0.333,0.333,0.111,1.0,1.0,1.0,0.222,0.0,2.0,0.0,0.222,0.0,2.0,0.0,0.0,0.0,0.0,0.0,,0.222,0.0,2.0,0.0,0,4,0.0,0,0.0,1.0,0.0,0.0,0,0.0,0,0.0,0,0.0,0,0.0,0.111,0.0,1.0,0.0,1.0,2.0,0.5,0.0,2.0,0.0,0.0,1.0,0.0,0.0,0.0,0.0,0.0,3.0,0.0,0.0,0.0,0.0,0.0,1.0,0.0,LAL,0.0,1.0,0.0,1.0,2.0,0.5,0.0,1.0,0.0,0.0,1.0,0.0,0.0,2.0,0.0,0.0,2.0,0.0,0.0,0.0,0.0,,,,0.0,0.0,0.0,0,3,0.0,3.0,0.0,0.0,2.0,7.0,0.286,0.461,-0.175,1.0,5.0,0.2,0.367,-0.167,1.0,2.0,0.5,0.512,-0.012,1.0,1.0,1.0,0.65,0.35,1.0,1.0,1.0,0.653,0.347,1.0,6.0,0.167,0.393,-0.227,6.0,1.0,5.0,1.0,0.0,0.0,0.0,0.0,0.0,2.0,0.0,0.0,0.0,0.0,0.0,0.0,0.0,0.0,0.0,0.0,0.0,13411,2.5,1.4,1.2,4.13,4.79,3.83,2017,20170321,False
202348,Jordan Crawford,Jordan,1610612740,NOP,28.0,1,1,0,1.0,15.981666666666667,3,5,0.6,2,4,0.5,2,2,1.0,0,2,2,0,2,0,0,0,3,2,10,5,10.4,0,0,14.0,1,1,1,1,127,73,105,25,17,32,18,36,44,1,91,90,109,118,27,79,53,1,113,50,63,52,129,10,1,97,1,95,93.6,97.0,97.0,89.1,90.0,90.0,4.5,7.0,7.0,0.0,0.0,0.0,0.0,0.0,0.0,25.0,25.4,0.8,0.85,0.216,0.212,96.89,94.61,78.84,94.61,0.11,33,3.0,5.0,112,106,106,29,30,30,72,65,65,118,88,118,41,68,33,142,151,10,9,60,66,92,120,120,69,73,105,14,20,0.0,0,1,0,0,0.0,0.0,1,0,0,0.0,2,2,1.0,2,2.0,0,0.0,0,0.0,0,0.0,1,1.0,10,23,12,1.6,4.11,4.09,0.435,0,0,0,0.0,0.0,0.0,0.0,0.0,0.0,0.0,0.0,0.0,0.0,0.0,0.0,2.0,0.0,3.0,0.667,1.0,1.0,8.7,0.0,2.0,0.0,3.0,0.667,1.0,1.0,8.7,,,,,,,,,,,,,,,,,,,,,,,,,,,,0.4,1.0,2.0,0.5,0.5,0.2,1.0,1.0,1.0,0.2,0.0,1.0,0.0,0.6,2.0,3.0,0.667,1.0,0.0,0.0,0.0,,0.6,2.0,3.0,0.667,1,2,0.5,3,1.0,2.0,0.5,0.75,3,0.5,0,0.0,0,0.0,0,0.0,0.8,1.0,1.0,1.0,0.0,0.0,0.0,0.0,0.0,0.0,0.0,0.0,0.0,0.0,0.0,0.0,2.0,4.0,0.5,0.0,0.0,0.0,0.0,0.0,0.0,NOP,1.0,1.0,1.0,0.0,0.0,0.0,0.0,0.0,0.0,0.0,0.0,0.0,0.0,0.0,0.0,2.0,4.0,0.5,0.0,0.0,0.0,0.0,0.0,0.0,0.0,0.0,0.0,1,2,1.0,2.0,0.5,0.75,0.0,2.0,0.0,0.354,-0.354,0.0,1.0,0.0,0.387,-0.387,0.0,1.0,0.0,0.373,-0.373,0.0,1.0,0.0,0.427,-0.427,0.0,1.0,0.0,0.417,-0.417,0.0,1.0,0.0,0.379,-0.379,2.0,1.0,1.0,0.0,0.0,0.0,0.0,0.0,0.0,0.0,0.0,0.0,0.0,0.0,0.0,0.0,0.0,0.0,0.0,0.0,0.0,5289,1.0,0.5,0.5,3.76,3.68,3.85,2017,20170321,False
1626196,Josh Richardson,Josh,1610612748,MIA,23.0,1,1,0,1.0,35.968333333333334,6,13,0.462,2,5,0.4,0,0,0.0,1,1,2,2,1,0,1,0,3,2,14,8,21.4,0,0,22.0,1,1,1,1,23,32,33,81,17,19,42,87,95,87,45,120,109,52,68,79,20,1,113,50,40,39,66,10,1,57,1,104,109.0,109.2,109.2,96.2,98.7,98.7,12.8,10.5,10.5,0.08,2.0,12.5,0.026,0.0,0.0,6.3,6.3,0.538,0.538,0.156,0.157,102.86,101.42,84.52,101.42,0.064,76,6.0,13.0,59,65,65,55,61,61,49,56,56,92,24,82,35,68,33,66,67,66,73,103,103,35,44,44,104,32,33,47,55,1.0,0,9,6,3,0.043,0.064,11,3,3,1.0,0,0,0.0,6,0.545,6,0.545,1,0.091,1,0.091,0,0.0,14,65,35,4.6,4.22,4.26,0.215,0,0,1,0.0,0.0,0.0,1.0,0.0,1.0,3.0,0.333,0.0,0.333,8.5,1.0,0.0,1.0,3.0,0.333,1.0,0.5,2.6,2.0,0.0,1.0,6.0,0.333,1.0,0.4,5.5,1.0,0.231,2.0,3.0,0.667,0.667,0.231,2.0,3.0,0.667,0.0,0.0,0.0,,0.154,0.0,2.0,0.0,0.0,0.154,0.0,2.0,0.0,0.0,0.0,0.0,,0.385,2.0,5.0,0.4,0.6,0.077,0.0,1.0,0.0,0.308,2.0,4.0,0.5,0.231,2.0,3.0,0.667,0.667,0.154,2.0,2.0,1.0,0.077,0.0,1.0,0.0,1,4,0.25,2,0.0,0.0,,0.25,6,0.333,0,0.0,0,0.0,0,0.0,0.538,3.0,3.0,1.0,0.0,0.0,0.0,1.0,5.0,0.2,0.0,0.0,0.0,1.0,1.0,1.0,1.0,4.0,0.25,0.0,0.0,0.0,1.0,1.0,1.0,MIA,3.0,3.0,1.0,0.0,0.0,0.0,1.0,2.0,0.5,0.0,1.0,0.0,1.0,5.0,0.2,1.0,2.0,0.5,,,,,,,0.0,0.0,0.0,2,6,2.0,5.0,0.4,0.5,7.0,16.0,0.438,0.429,0.009,1.0,2.0,0.5,0.333,0.167,6.0,14.0,0.429,0.488,-0.06,2.0,6.0,0.333,0.661,-0.327,3.0,7.0,0.429,0.614,-0.186,2.0,6.0,0.333,0.357,-0.024,7.0,6.0,1.0,3.0,0.0,1.0,3.0,0.0,0.0,2.0,0.0,0.0,0.0,0.0,0.0,0.0,0.0,0.0,0.0,0.0,0.0,13881,2.6,1.5,1.1,4.34,4.61,4.03,2017,20170321,False
201950,Jrue Holiday,Jrue,1610612740,NOP,27.0,1,1,0,1.0,40.85,5,17,0.294,1,6,0.167,0,0,0.0,1,2,3,6,1,1,1,0,0,0,11,28,28.6,0,0,25.0,1,1,1,1,5,42,11,121,41,13,76,87,95,87,45,90,89,8,68,33,20,1,1,126,55,1,33,10,1,42,1,95,114.3,117.7,117.7,81.4,83.3,83.3,32.9,34.4,34.4,0.207,6.0,25.0,0.024,0.048,0.036,4.2,4.2,0.324,0.324,0.198,0.195,94.71,92.24,76.87,92.24,0.063,79,5.0,17.0,47,37,37,17,17,17,17,13,13,38,2,27,38,58,27,58,58,123,128,75,77,124,139,139,107,42,11,56,69,0.0,0,15,20,7,0.107,0.125,14,4,8,0.5,0,0,0.0,8,0.571,5,0.357,1,0.071,0,0.0,0,0.0,11,77,40,5.6,4.34,3.96,0.143,2,0,1,0.0,0.0,0.0,1.0,0.0,1.0,5.0,0.2,0.0,0.2,6.0,0.0,2.0,0.0,11.0,0.182,1.0,0.2,5.3,1.0,2.0,0.333,16.0,0.188,1.0,0.2,5.5,1.0,0.412,1.0,7.0,0.143,0.143,0.412,1.0,7.0,0.143,0.0,0.0,0.0,,0.235,3.0,4.0,0.75,0.75,0.235,3.0,4.0,0.75,0.0,0.0,0.0,,,,,,,,,,,,,,,0.353,1.0,6.0,0.167,0.25,0.0,0.0,0.0,,0.353,1.0,6.0,0.167,0,1,0.0,0,0.0,1.0,0.0,0.0,3,0.2,0,0.0,0,0.0,0,0.0,0.324,3.0,9.0,0.333,1.0,2.0,0.5,0.0,0.0,0.0,0.0,0.0,0.0,1.0,2.0,0.5,0.0,4.0,0.0,0.0,0.0,0.0,1.0,2.0,0.5,NOP,3.0,10.0,0.3,1.0,1.0,1.0,0.0,0.0,0.0,0.0,0.0,0.0,1.0,4.0,0.25,0.0,2.0,0.0,0.0,0.0,0.0,0.0,0.0,0.0,0.0,0.0,0.0,1,5,1.0,5.0,0.2,0.3,7.0,18.0,0.389,0.437,-0.048,3.0,9.0,0.333,0.368,-0.035,4.0,9.0,0.444,0.489,-0.044,2.0,4.0,0.5,0.626,-0.126,2.0,4.0,0.5,0.572,-0.072,5.0,14.0,0.357,0.368,-0.011,12.0,4.0,8.0,3.0,0.0,0.0,0.0,0.0,0.0,2.0,0.0,0.0,0.0,0.0,0.0,0.0,0.0,0.0,0.0,0.0,0.0,15165,2.9,1.5,1.4,4.27,4.83,3.79,2017,20170321,False
203944,Julius Randle,Julius,1610612747,LAL,22.0,1,0,1,0.0,30.816666666666666,7,13,0.538,1,2,0.5,4,5,0.8,3,4,7,3,1,1,1,2,3,4,19,-3,36.9,0,0,34.0,1,87,87,87,44,22,33,45,41,73,18,16,20,53,12,42,22,35,68,33,20,154,113,12,21,102,21,10,1,22,1,100,120.0,117.7,117.7,120.6,120.6,120.6,-0.6,-2.9,-2.9,0.136,3.0,15.8,0.107,0.0,0.0,5.3,5.2,0.577,0.625,0.239,0.246,96.48,97.35,81.12,97.35,0.132,62,7.0,13.0,34,36,36,137,138,138,89,92,92,61,13,66,9,68,33,61,61,60,53,43,40,97,80,80,49,22,33,28,33,0.0,0,10,7,3,0.107,0.107,4,0,1,0.0,0,0,0.0,0,0.0,0,0.0,1,0.25,1,0.25,0,0.0,19,46,32,1.8,2.33,1.2,0.413,5,4,4,0.4,1.0,1.5,1.0,2.0,0.333,7.0,0.429,0.0,0.429,4.5,0.0,4.0,0.0,8.0,0.5,2.0,0.667,4.5,1.0,6.0,0.143,15.0,0.467,2.0,0.538,4.5,1.0,0.231,0.0,3.0,0.0,0.0,0.231,0.0,3.0,0.0,0.0,0.0,0.0,,0.231,3.0,3.0,1.0,1.0,0.231,3.0,3.0,1.0,0.0,0.0,0.0,,0.231,1.0,3.0,0.333,0.333,0.154,1.0,2.0,0.5,0.077,0.0,1.0,0.0,0.308,3.0,4.0,0.75,0.875,0.231,2.0,3.0,0.667,0.077,1.0,1.0,1.0,0,2,0.0,0,0.0,1.0,0.0,0.0,5,0.667,6,0.75,4,0.5,2,0.5,0.577,4.0,6.0,0.667,2.0,3.0,0.667,0.0,2.0,0.0,0.0,0.0,0.0,0.0,0.0,0.0,1.0,2.0,0.5,0.0,0.0,0.0,0.0,0.0,0.0,LAL,4.0,6.0,0.667,2.0,3.0,0.667,0.0,0.0,0.0,0.0,2.0,0.0,0.0,0.0,0.0,1.0,2.0,0.5,,,,,,,0.0,0.0,0.0,2,3,1.0,1.0,1.0,0.833,8.0,16.0,0.5,0.5,0.0,3.0,5.0,0.6,0.36,0.24,5.0,11.0,0.455,0.552,-0.097,3.0,6.0,0.5,0.657,-0.157,4.0,7.0,0.571,0.61,-0.039,3.0,8.0,0.375,0.395,-0.02,14.0,10.0,4.0,1.0,0.0,2.0,4.0,0.0,0.0,0.0,0.0,0.0,0.0,0.0,0.0,0.0,0.0,0.0,0.0,0.0,0.0,11065,2.1,1.1,1.0,4.1,4.7,3.59,2017,20170321,False
203994,Jusuf Nurkić,Jusuf,1610612757,POR,22.0,1,0,1,0.0,26.79,5,9,0.556,0,0,0.0,1,3,0.333,5,9,14,1,4,2,2,0,4,4,11,1,37.3,1,0,34.0,1,87,87,87,66,42,53,40,77,116,77,69,35,82,5,6,4,79,6,12,5,1,149,12,55,76,20,1,1,22,1,93,102.8,104.0,104.0,99.6,100.0,100.0,3.2,4.0,4.0,0.067,0.25,6.7,0.167,0.0,0.0,26.7,26.1,0.556,0.533,0.233,0.244,91.2,90.48,75.4,90.48,0.142,50,5.0,9.0,88,85,85,68,62,62,74,75,75,95,87,108,3,68,33,153,152,65,77,51,42,148,147,147,41,42,53,37,28,0.0,0,2,2,1,0.027,0.027,3,1,1,1.0,1,2,0.5,3,1.0,1,0.333,0,0.0,0,0.0,1,0.333,11,55,31,2.1,2.29,1.4,0.2,1,6,7,2.0,0.333,0.286,4.0,1.0,0.8,10.0,0.5,0.0,0.5,2.4,3.0,6.0,0.333,15.0,0.6,0.0,0.6,4.3,7.0,7.0,0.5,25.0,0.56,0.0,0.56,3.6,1.0,0.444,2.0,4.0,0.5,0.5,0.444,2.0,4.0,0.5,0.0,0.0,0.0,,0.444,2.0,4.0,0.5,0.5,0.444,2.0,4.0,0.5,0.0,0.0,0.0,,,,,,,,,,,,,,,0.111,1.0,1.0,1.0,1.0,0.111,1.0,1.0,1.0,0.0,0.0,0.0,,0,0,,0,,,,,2,1.0,2,0.333,2,0.333,2,1.0,0.556,4.0,8.0,0.5,0.0,0.0,0.0,1.0,1.0,1.0,0.0,0.0,0.0,0.0,0.0,0.0,0.0,0.0,0.0,0.0,0.0,0.0,0.0,0.0,0.0,POR,4.0,8.0,0.5,0.0,0.0,0.0,0.0,0.0,0.0,1.0,1.0,1.0,0.0,0.0,0.0,0.0,0.0,0.0,0.0,0.0,0.0,,,,0.0,0.0,0.0,1,1,,,,1.0,7.0,17.0,0.412,0.484,-0.072,0.0,1.0,0.0,0.415,-0.415,7.0,16.0,0.438,0.505,-0.067,4.0,9.0,0.444,0.588,-0.144,6.0,13.0,0.462,0.561,-0.1,1.0,3.0,0.333,0.408,-0.074,14.0,13.0,1.0,6.0,0.0,4.0,9.0,0.0,0.0,6.0,0.0,0.0,0.0,0.0,0.0,0.0,0.0,0.0,0.0,0.0,0.0,9462,1.8,1.0,0.8,4.04,4.46,3.61,2017,20170321,False
203909,KJ McDaniels,KJ,1610612751,BKN,24.0,1,1,0,1.0,20.748333333333335,4,8,0.5,2,4,0.5,1,2,0.5,0,2,2,1,3,0,1,1,1,1,11,-5,14.9,0,0,18.0,1,1,1,1,97,53,67,53,17,32,18,69,44,66,91,90,109,79,11,79,20,111,32,84,55,109,99,10,1,77,1,94,88.2,86.0,86.0,96.2,97.7,97.7,-8.1,-11.6,-11.6,0.1,0.33,7.7,0.0,0.0,0.0,23.1,23.3,0.625,0.619,0.255,0.258,99.02,99.48,82.9,99.48,0.081,43,4.0,8.0,131,134,134,56,58,58,105,112,112,79,85,105,41,68,33,139,139,44,55,34,33,64,64,64,93,53,67,16,26,0.0,0,3,2,1,0.063,0.063,9,2,4,0.5,1,2,0.5,5,0.556,2,0.222,0,0.0,2,0.222,1,0.111,11,28,24,1.5,3.11,2.71,0.393,0,0,1,0.0,0.0,0.0,0.0,0.0,0.0,1.0,0.0,0.0,0.0,0.0,1.0,1.0,0.5,6.0,0.333,0.0,0.333,8.7,1.0,1.0,0.5,7.0,0.286,0.0,0.286,8.7,1.0,0.5,2.0,4.0,0.5,0.5,0.5,2.0,4.0,0.5,0.0,0.0,0.0,,,,,,,,,,,,,,,0.125,1.0,1.0,1.0,1.5,0.0,0.0,0.0,,0.125,1.0,1.0,1.0,0.375,1.0,3.0,0.333,0.5,0.0,0.0,0.0,,0.375,1.0,3.0,0.333,0,0,,0,0.0,0.0,,,6,0.5,0,0.0,0,0.0,0,0.0,0.625,2.0,3.0,0.667,0.0,1.0,0.0,0.0,0.0,0.0,,,,0.0,0.0,0.0,2.0,4.0,0.5,,,,0.0,0.0,0.0,BKN,2.0,4.0,0.5,0.0,0.0,0.0,0.0,0.0,0.0,0.0,0.0,0.0,0.0,0.0,0.0,2.0,4.0,0.5,,,,,,,0.0,0.0,0.0,2,4,2.0,4.0,0.5,0.75,2.0,8.0,0.25,0.452,-0.202,0.0,1.0,0.0,0.293,-0.293,2.0,7.0,0.286,0.491,-0.205,2.0,2.0,1.0,0.618,0.382,2.0,5.0,0.4,0.546,-0.146,0.0,2.0,0.0,0.353,-0.353,6.0,5.0,1.0,0.0,0.0,0.0,0.0,0.0,0.0,0.0,0.0,0.0,0.0,0.0,0.0,0.0,0.0,0.0,0.0,0.0,0.0,7566,1.4,0.8,0.6,4.05,4.44,3.63,2017,20170321,False
1626157,Karl-Anthony Towns,Karl-Anthony,1610612750,MIN,21.0,1,0,1,0.0,39.4,8,17,0.471,1,2,0.5,8,9,0.889,6,9,15,1,2,1,2,1,3,7,25,3,51.5,1,0,48.0,1,87,87,87,11,15,11,79,41,73,18,3,6,43,1,6,3,79,27,33,5,111,113,6,9,63,6,1,1,6,1,91,105.1,108.3,108.3,99.9,102.7,102.7,5.1,5.6,5.6,0.053,0.5,4.2,0.176,0.0,0.0,8.3,8.3,0.5,0.596,0.264,0.266,90.93,88.32,73.6,88.32,0.208,72,8.0,17.0,76,68,68,70,81,81,70,68,68,108,77,116,2,68,33,78,79,70,62,30,29,150,159,159,12,15,11,35,36,0.0,0,2,2,1,0.029,0.029,4,0,1,0.0,2,2,1.0,2,0.5,1,0.25,0,0.0,1,0.25,1,0.25,25,60,40,2.0,1.95,0.5,0.417,3,10,11,1.667,0.7,1.0,4.0,2.0,0.667,13.0,0.462,0.0,0.462,6.3,3.0,6.0,0.333,13.0,0.692,0.0,0.692,3.7,7.0,8.0,0.467,26.0,0.577,0.0,0.577,4.7,1.0,0.294,3.0,5.0,0.6,0.6,0.294,3.0,5.0,0.6,0.0,0.0,0.0,,0.412,4.0,7.0,0.571,0.571,0.412,4.0,7.0,0.571,0.0,0.0,0.0,,0.235,0.0,4.0,0.0,0.0,0.176,0.0,3.0,0.0,0.059,0.0,1.0,0.0,0.059,1.0,1.0,1.0,1.5,0.0,0.0,0.0,,0.059,1.0,1.0,1.0,0,1,0.0,0,0.0,0.0,,0.0,3,0.25,11,0.714,7,0.333,5,1.0,0.5,5.0,9.0,0.556,1.0,2.0,0.5,1.0,4.0,0.25,0.0,0.0,0.0,0.0,0.0,0.0,1.0,2.0,0.5,0.0,0.0,0.0,0.0,0.0,0.0,MIN,5.0,9.0,0.556,2.0,3.0,0.667,0.0,1.0,0.0,0.0,2.0,0.0,0.0,1.0,0.0,1.0,1.0,1.0,,,,,,,0.0,0.0,0.0,1,2,1.0,2.0,0.5,0.75,7.0,13.0,0.538,0.466,0.073,1.0,2.0,0.5,0.508,-0.008,6.0,11.0,0.545,0.474,0.072,5.0,7.0,0.714,0.584,0.13,5.0,7.0,0.714,0.522,0.192,2.0,5.0,0.4,0.439,-0.039,12.0,10.0,2.0,1.0,0.0,3.0,6.0,0.0,0.0,1.0,0.0,0.0,0.0,0.0,0.0,0.0,0.0,0.0,0.0,0.0,0.0,14073,2.7,1.4,1.2,4.12,4.23,3.7,2017,20170321,False
202695,Kawhi Leonard,Kawhi,1610612759,SAS,26.0,1,1,0,1.0,30.75,7,13,0.538,0,5,0.0,8,10,0.8,0,3,3,4,3,3,1,0,2,7,22,4,40.6,0,0,37.0,1,1,1,1,45,22,33,45,77,19,77,3,4,53,91,65,89,20,11,4,20,1,74,6,16,59,16,10,1,17,1,92,100.5,98.4,98.4,89.2,92.2,92.2,11.3,6.3,6.3,0.286,1.33,16.7,0.0,0.094,0.054,12.5,12.3,0.538,0.632,0.29,0.311,100.56,99.9,83.25,99.9,0.202,64,7.0,13.0,96,105,105,31,37,37,55,66,66,18,45,57,41,39,23,103,103,66,52,16,13,51,57,57,14,22,33,31,42,0.0,1,6,9,6,0.129,0.194,13,3,3,1.0,0,0,0.0,6,0.462,8,0.615,2,0.154,0,0.0,0,0.0,22,53,43,3.0,3.37,2.75,0.415,1,4,1,0.0,0.5,2.0,0.0,0.0,0.0,1.0,0.0,0.0,0.0,0.0,1.0,2.0,0.333,7.0,0.429,2.0,0.6,4.7,1.0,2.0,0.333,8.0,0.375,2.0,0.5,4.7,1.0,0.077,1.0,1.0,1.0,1.0,0.077,1.0,1.0,1.0,0.0,0.0,0.0,,0.308,3.0,4.0,0.75,0.75,0.231,3.0,3.0,1.0,0.077,0.0,1.0,0.0,0.615,3.0,8.0,0.375,0.375,0.308,3.0,4.0,0.75,0.308,0.0,4.0,0.0,,,,,,,,,,,,,,1,3,0.333,2,0.0,1.0,0.0,0.333,4,0.333,2,1.0,2,1.0,0,0.0,0.538,3.0,3.0,1.0,2.0,2.0,1.0,2.0,3.0,0.667,0.0,0.0,0.0,0.0,1.0,0.0,0.0,4.0,0.0,0.0,0.0,0.0,0.0,1.0,0.0,SAS,3.0,3.0,1.0,1.0,1.0,1.0,1.0,1.0,1.0,2.0,3.0,0.667,0.0,5.0,0.0,0.0,0.0,0.0,,,,,,,0.0,0.0,0.0,2,6,0.0,4.0,0.0,0.333,7.0,11.0,0.636,0.468,0.168,4.0,4.0,1.0,0.333,0.667,3.0,7.0,0.429,0.504,-0.076,2.0,3.0,0.667,0.646,0.02,2.0,5.0,0.4,0.571,-0.171,5.0,6.0,0.833,0.353,0.481,8.0,6.0,2.0,3.0,0.0,0.0,0.0,0.0,0.0,4.0,0.0,0.0,0.0,0.0,0.0,0.0,0.0,0.0,0.0,0.0,0.0,12142,2.3,1.3,1.0,4.5,5.29,3.78,2017,20170321,False
203484,Kentavious Caldwell-Pope,Kentavious,1610612765,DET,24.0,1,0,1,0.0,35.48166666666667,7,17,0.412,3,8,0.375,2,2,1.0,0,4,4,3,1,0,0,2,1,2,19,-1,27.3,0,0,29.0,1,87,87,87,27,22,11,87,8,5,49,36,44,1,91,42,66,35,68,79,53,154,32,50,21,88,39,10,1,30,1,95,105.1,107.0,107.0,105.4,106.9,106.9,-0.3,0.1,0.1,0.12,3.0,13.6,0.0,0.0,0.0,4.5,4.6,0.5,0.531,0.238,0.238,98.3,96.73,80.61,96.73,0.099,71,7.0,17.0,75,72,72,97,101,101,88,83,83,69,13,80,41,68,33,59,59,70,78,48,47,72,86,86,77,22,11,27,38,0.0,0,3,6,3,0.111,0.111,8,4,6,0.667,0,0,0.0,8,1.0,2,0.25,0,0.0,0,0.0,0,0.0,19,47,38,1.9,2.39,1.94,0.404,0,0,0,0.0,0.0,0.0,0.0,0.0,0.0,4.0,0.0,0.0,0.0,0.0,0.0,4.0,0.0,7.0,0.571,1.0,0.667,5.8,0.0,4.0,0.0,11.0,0.364,1.0,0.4,5.8,1.0,0.118,1.0,2.0,0.5,0.5,0.118,1.0,2.0,0.5,0.0,0.0,0.0,,0.471,3.0,8.0,0.375,0.375,0.412,3.0,7.0,0.429,0.059,0.0,1.0,0.0,0.235,1.0,4.0,0.25,0.375,0.0,0.0,0.0,,0.235,1.0,4.0,0.25,0.176,2.0,3.0,0.667,1.0,0.0,0.0,0.0,,0.176,2.0,3.0,0.667,3,9,0.333,7,1.0,4.0,0.25,0.389,6,0.5,0,0.0,0,0.0,0,0.0,0.5,1.0,2.0,0.5,3.0,6.0,0.5,0.0,1.0,0.0,0.0,0.0,0.0,0.0,0.0,0.0,3.0,8.0,0.375,,,,0.0,0.0,0.0,DET,2.0,3.0,0.667,1.0,1.0,1.0,1.0,4.0,0.25,0.0,1.0,0.0,2.0,2.0,1.0,1.0,6.0,0.167,,,,,,,0.0,0.0,0.0,2,4,2.0,4.0,0.5,0.75,3.0,10.0,0.3,0.425,-0.125,2.0,7.0,0.286,0.338,-0.053,1.0,3.0,0.333,0.455,-0.121,1.0,1.0,1.0,0.568,0.432,1.0,2.0,0.5,0.508,-0.008,2.0,7.0,0.286,0.346,-0.061,3.0,0.0,3.0,0.0,0.0,1.0,2.0,0.0,0.0,1.0,0.0,0.0,0.0,0.0,0.0,0.0,0.0,0.0,0.0,0.0,0.0,13426,2.5,1.4,1.1,4.24,5.12,3.47,2017,20170321,False
1626172,Kevon Looney,Kevon,1610612744,GSW,21.0,1,1,0,1.0,4.133333333333334,0,1,0.0,0,0,0.0,0,0,0.0,0,0,0,0,0,0,1,1,1,0,0,2,3.0,0,0,2.0,1,1,1,1,162,142,152,142,77,116,77,87,95,87,91,149,160,118,116,79,20,111,32,126,148,69,154,10,1,157,1,96,129.1,110.0,110.0,91.1,100.0,100.0,38.0,10.0,10.0,0.0,0.0,0.0,0.0,0.0,0.0,0.0,0.0,0.0,0.0,0.1,0.117,106.84,110.32,91.94,110.32,-0.15,10,0.0,1.0,14,60,60,38,62,62,9,57,57,118,88,118,41,68,33,1,1,142,148,142,135,15,5,5,165,142,152,4,2,0.0,0,0,0,0,0.0,0.0,0,0,0,0.0,0,0,0.0,0,0.0,0,0.0,0,0.0,0,0.0,0,0.0,0,6,2,0.2,1.56,0.0,0.0,0,0,1,0.0,0.0,0.0,,,,,,,,,,,,,,,,,,,,,,,,,,,,,,,,,,,,,,,1.0,0.0,1.0,0.0,0.0,1.0,0.0,1.0,0.0,0.0,0.0,0.0,,,,,,,,,,,,,,,,,,,,,,,,,,,,0,0,,0,,,,,0,0.0,0,0.0,0,0.0,0,0.0,0.0,0.0,1.0,0.0,0.0,0.0,0.0,0.0,0.0,0.0,0.0,0.0,0.0,,,,0.0,0.0,0.0,0.0,0.0,0.0,0.0,0.0,0.0,GSW,0.0,1.0,0.0,0.0,0.0,0.0,0.0,0.0,0.0,,,,0.0,0.0,0.0,,,,,,,,,,0.0,0.0,0.0,0,0,,,,,2.0,3.0,0.667,0.402,0.265,,,,,,2.0,3.0,0.667,0.458,0.208,2.0,2.0,1.0,0.533,0.467,2.0,3.0,0.667,0.543,0.124,,,,,,2.0,2.0,0.0,1.0,0.0,1.0,2.0,0.0,0.0,0.0,0.0,0.0,0.0,0.0,0.0,0.0,0.0,0.0,0.0,0.0,0.0,1364,0.3,0.1,0.1,4.35,3.08,2.75,2017,20170321,False
203114,Khris Middleton,Khris,1610612749,MIL,25.0,1,1,0,1.0,32.575,11,22,0.5,3,3,1.0,1,1,1.0,0,3,3,3,4,2,1,1,2,1,26,-8,39.1,0,0,41.0,1,1,1,1,36,6,6,53,8,55,1,69,88,1,91,65,89,35,6,12,20,111,74,84,7,123,17,10,1,9,1,94,91.5,88.9,88.9,97.6,101.6,101.6,-6.1,-12.7,-12.7,0.231,0.75,10.3,0.0,0.0,0.0,13.8,13.6,0.568,0.579,0.356,0.371,93.42,92.83,77.36,92.83,0.171,63,11.0,22.0,120,128,128,59,77,77,101,114,114,30,71,93,41,68,33,109,108,62,66,5,5,134,135,135,21,6,6,31,44,0.0,1,9,4,3,0.097,0.097,5,3,5,0.6,0,0,0.0,7,1.4,0,0.0,0,0.0,0,0.0,0,0.0,26,57,30,3.8,3.96,3.33,0.456,2,5,1,1.0,0.8,2.0,0.0,0.0,0.0,0.0,0.0,0.0,0.0,0.0,1.0,2.0,0.333,8.0,0.375,3.0,0.6,7.1,1.0,2.0,0.333,8.0,0.375,3.0,0.6,7.1,1.0,0.136,1.0,3.0,0.333,0.333,0.136,1.0,3.0,0.333,0.0,0.0,0.0,,0.455,3.0,10.0,0.3,0.35,0.409,2.0,9.0,0.222,0.045,1.0,1.0,1.0,0.318,5.0,7.0,0.714,0.714,0.318,5.0,7.0,0.714,0.0,0.0,0.0,,0.091,2.0,2.0,1.0,1.5,0.0,0.0,0.0,,0.091,2.0,2.0,1.0,4,11,0.364,9,1.0,1.0,1.0,0.409,8,0.75,2,1.0,4,0.5,2,0.5,0.568,3.0,4.0,0.75,1.0,6.0,0.167,4.0,9.0,0.444,0.0,0.0,0.0,1.0,1.0,1.0,2.0,2.0,1.0,0.0,0.0,0.0,1.0,1.0,1.0,MIL,3.0,4.0,0.75,1.0,4.0,0.25,0.0,2.0,0.0,4.0,8.0,0.5,3.0,4.0,0.75,0.0,0.0,0.0,0.0,0.0,0.0,,,,0.0,0.0,0.0,3,4,2.0,2.0,1.0,1.0,6.0,15.0,0.4,0.469,-0.069,0.0,3.0,0.0,0.377,-0.377,6.0,12.0,0.5,0.503,-0.003,4.0,7.0,0.571,0.595,-0.024,5.0,8.0,0.625,0.549,0.076,0.0,5.0,0.0,0.356,-0.356,11.0,7.0,4.0,4.0,0.0,1.0,2.0,0.0,0.0,0.0,0.0,0.0,0.0,0.0,0.0,0.0,0.0,0.0,0.0,0.0,0.0,11729,2.2,1.1,1.1,4.05,4.19,3.92,2017,20170321,False
202691,Klay Thompson,Klay,1610612744,GSW,27.0,1,1,0,1.0,32.156666666666666,9,15,0.6,5,8,0.625,0,0,0.0,0,3,3,3,2,3,0,0,1,1,23,17,38.1,0,0,40.0,1,1,1,1,39,9,19,25,1,5,15,87,95,87,91,65,89,35,27,4,53,1,32,84,14,13,18,10,1,11,1,96,114.5,115.6,115.6,92.5,91.9,91.9,22.0,23.7,23.7,0.143,1.5,15.0,0.0,0.0,0.0,10.0,10.0,0.767,0.767,0.254,0.255,94.25,94.04,78.37,94.04,0.17,64,9.0,15.0,45,43,43,41,36,36,32,27,27,52,40,72,41,68,33,91,92,13,18,35,36,130,124,124,22,9,19,29,40,1.0,2,6,9,6,0.103,0.207,4,1,1,1.0,0,0,0.0,2,0.5,2,0.5,0,0.0,1,0.25,0,0.0,23,48,33,1.9,2.41,1.77,0.479,1,3,4,2.0,0.0,0.5,0.0,0.0,0.0,1.0,0.0,0.0,0.0,0.0,0.0,3.0,0.0,8.0,0.375,1.0,0.429,5.8,0.0,3.0,0.0,9.0,0.333,1.0,0.375,5.8,1.0,0.133,1.0,2.0,0.5,0.5,0.133,1.0,2.0,0.5,0.0,0.0,0.0,,0.333,1.0,5.0,0.2,0.2,0.2,1.0,3.0,0.333,0.133,0.0,2.0,0.0,0.2,3.0,3.0,1.0,1.333,0.067,1.0,1.0,1.0,0.133,2.0,2.0,1.0,0.333,4.0,5.0,0.8,1.1,0.067,1.0,1.0,1.0,0.267,3.0,4.0,0.75,0,2,0.0,0,0.0,1.0,0.0,0.0,19,0.778,2,1.0,0,0.0,2,1.0,0.767,2.0,3.0,0.667,1.0,2.0,0.5,1.0,2.0,0.5,0.0,0.0,0.0,2.0,2.0,1.0,3.0,6.0,0.5,0.0,0.0,0.0,2.0,2.0,1.0,GSW,2.0,3.0,0.667,0.0,1.0,0.0,1.0,1.0,1.0,0.0,1.0,0.0,6.0,8.0,0.75,0.0,1.0,0.0,,,,,,,0.0,0.0,0.0,7,9,5.0,7.0,0.714,1.056,2.0,9.0,0.222,0.421,-0.198,1.0,4.0,0.25,0.369,-0.119,1.0,5.0,0.2,0.454,-0.254,,,,,,0.0,2.0,0.0,0.479,-0.479,2.0,6.0,0.333,0.384,-0.051,5.0,4.0,1.0,2.0,0.0,0.0,0.0,0.0,0.0,0.0,0.0,0.0,0.0,0.0,0.0,0.0,0.0,0.0,0.0,0.0,0.0,11975,2.3,1.2,1.1,4.3,5.1,3.67,2017,20170321,False
1627739,Kris Dunn,Kris,1610612750,MIN,23.0,1,0,1,0.0,24.416666666666668,2,3,0.667,1,2,0.5,0,0,0.0,0,2,2,0,2,2,0,0,5,0,5,9,11.4,0,0,12.0,1,87,87,87,79,97,131,12,41,73,18,87,95,87,91,90,109,118,27,12,53,1,160,126,111,35,124,10,1,117,1,91,113.2,120.0,120.0,99.8,97.8,97.8,13.3,22.2,22.2,0.0,0.0,0.0,0.0,0.1,0.0,40.0,40.0,0.833,0.833,0.091,0.091,91.22,89.45,74.54,89.45,0.014,45,2.0,3.0,49,31,31,69,59,59,48,30,30,118,88,118,41,34,33,162,162,8,11,147,150,147,153,153,134,97,131,35,28,0.0,0,1,0,0,0.0,0.0,3,1,1,1.0,0,0,0.0,2,0.667,1,0.333,0,0.0,1,0.333,0,0.0,5,41,17,2.6,3.81,2.83,0.122,0,0,1,0.0,0.0,0.0,0.0,0.0,0.0,2.0,0.0,0.0,0.0,0.0,0.0,2.0,0.0,4.0,0.5,2.0,1.0,4.2,0.0,2.0,0.0,6.0,0.333,2.0,0.5,4.2,1.0,0.333,1.0,1.0,1.0,1.0,0.333,1.0,1.0,1.0,0.0,0.0,0.0,,,,,,,,,,,,,,,,,,,,,,,,,,,,0.667,1.0,2.0,0.5,0.75,0.0,0.0,0.0,,0.667,1.0,2.0,0.5,1,1,1.0,2,0.0,0.0,,1.0,3,0.5,0,0.0,0,0.0,0,0.0,0.833,0.0,0.0,0.0,0.0,0.0,0.0,1.0,1.0,1.0,0.0,0.0,0.0,0.0,0.0,0.0,1.0,2.0,0.5,0.0,0.0,0.0,0.0,0.0,0.0,MIN,0.0,0.0,0.0,0.0,0.0,0.0,0.0,0.0,0.0,1.0,1.0,1.0,1.0,2.0,0.5,0.0,0.0,0.0,,,,,,,0.0,0.0,0.0,1,2,1.0,2.0,0.5,0.75,3.0,5.0,0.6,0.453,0.147,1.0,3.0,0.333,0.385,-0.052,2.0,2.0,1.0,0.506,0.495,,,,,,,,,,,2.0,4.0,0.5,0.401,0.099,3.0,0.0,3.0,3.0,0.0,0.0,0.0,0.0,0.0,2.0,0.0,0.0,0.0,0.0,0.0,0.0,0.0,0.0,0.0,0.0,0.0,9647,1.8,0.9,0.9,4.43,4.3,4.58,2017,20170321,False
203937,Kyle Anderson,Kyle,1610612759,SAS,23.0,1,1,0,1.0,4.366666666666666,0,0,0.0,0,0,0.0,0,0,0.0,0,1,1,0,0,0,0,0,1,0,0,5,1.2,0,0,1.0,1,1,1,1,161,142,162,142,77,116,77,87,95,87,91,120,136,118,116,79,53,1,32,126,148,52,160,10,1,160,1,92,112.5,112.5,112.5,58.1,57.1,57.1,54.4,55.4,55.4,0.0,0.0,0.0,0.0,0.0,0.0,0.0,0.0,0.0,0.0,0.0,0.0,81.78,82.44,68.7,82.44,0.0,8,0.0,0.0,51,50,50,4,4,4,2,2,2,118,88,118,41,68,33,1,1,142,148,165,165,164,165,165,139,142,162,5,2,0.0,0,1,0,0,0.0,0.0,1,0,0,0.0,0,0,0.0,0,0.0,1,1.0,0,0.0,0,0.0,0,0.0,0,6,2,0.2,2.17,1.67,0.0,0,0,0,0.0,0.0,0.0,0.0,0.0,0.0,0.0,0.0,0.0,0.0,0.0,0.0,1.0,0.0,2.0,0.5,0.0,0.5,5.3,0.0,1.0,0.0,2.0,0.5,0.0,0.5,5.3,,,,,,,,,,,,,,,,,,,,,,,,,,,,,,,,,,,,,,,,,,,,,,,,,,,,,,0,0,,0,,,,,0,0.0,0,0.0,0,0.0,0,0.0,0.0,0.0,0.0,0.0,0.0,0.0,0.0,0.0,0.0,0.0,0.0,0.0,0.0,,,,0.0,0.0,0.0,,,,0.0,0.0,0.0,SAS,0.0,0.0,0.0,0.0,0.0,0.0,0.0,0.0,0.0,0.0,0.0,0.0,0.0,0.0,0.0,0.0,0.0,0.0,,,,,,,,,,0,0,,,,,,,,,,,,,,,,,,,,,,,,,,,,,,,,,,,,,,,,,,,,,,,,,,,,,,,,1641,0.3,0.2,0.1,4.13,5.1,2.99,2017,20170321,False
200746,LaMarcus Aldridge,LaMarcus,1610612759,SAS,31.0,1,1,0,1.0,38.483333333333334,12,24,0.5,0,0,0.0,2,2,1.0,3,1,4,3,2,2,2,1,3,3,26,8,45.3,0,0,41.0,1,1,1,1,12,5,4,53,77,116,77,36,44,1,12,120,66,35,27,12,5,111,113,25,7,39,9,10,1,9,1,92,109.1,111.1,111.1,99.5,100.0,100.0,9.5,11.1,11.1,0.167,1.5,10.0,0.0,0.034,0.0,6.7,6.7,0.5,0.523,0.329,0.334,90.88,89.81,74.84,89.81,0.137,72,12.0,24.0,58,57,57,67,62,62,60,53,53,48,40,94,41,66,33,70,71,70,79,8,7,151,151,151,45,5,4,41,56,0.0,1,5,8,4,0.073,0.098,4,2,3,0.667,0,0,0.0,4,1.0,0,0.0,0,0.0,1,0.25,0,0.0,26,69,58,2.3,2.02,0.78,0.377,3,14,14,0.0,0.429,1.0,1.0,2.0,0.333,10.0,0.3,0.0,0.3,8.7,0.0,1.0,0.0,6.0,0.167,1.0,0.2,21.5,1.0,3.0,0.25,16.0,0.25,1.0,0.267,11.9,1.0,0.167,1.0,4.0,0.25,0.25,0.167,1.0,4.0,0.25,0.0,0.0,0.0,,0.333,6.0,8.0,0.75,0.75,0.333,6.0,8.0,0.75,0.0,0.0,0.0,,0.208,3.0,5.0,0.6,0.6,0.208,3.0,5.0,0.6,0.0,0.0,0.0,,0.292,2.0,7.0,0.286,0.286,0.292,2.0,7.0,0.286,0.0,0.0,0.0,,0,2,0.0,0,,,,0.0,6,0.333,14,0.667,6,0.6,0,0.0,0.5,6.0,9.0,0.667,3.0,4.0,0.75,3.0,11.0,0.273,0.0,0.0,0.0,0.0,0.0,0.0,0.0,0.0,0.0,0.0,0.0,0.0,0.0,0.0,0.0,SAS,6.0,9.0,0.667,3.0,4.0,0.75,1.0,3.0,0.333,1.0,5.0,0.2,1.0,3.0,0.333,0.0,0.0,0.0,,,,,,,0.0,0.0,0.0,2,7,,,,0.286,5.0,12.0,0.417,0.483,-0.067,,,,,,5.0,12.0,0.417,0.516,-0.1,2.0,4.0,0.5,0.617,-0.117,4.0,7.0,0.571,0.572,0.0,1.0,5.0,0.2,0.363,-0.163,9.0,9.0,0.0,3.0,0.0,2.0,5.0,0.0,0.0,4.0,0.0,0.0,0.0,0.0,0.0,0.0,0.0,0.0,0.0,0.0,0.0,13638,2.6,1.3,1.3,4.07,4.14,3.99,2017,20170321,False
1626204,Larry Nance Jr.,Larry,1610612747,LAL,24.0,1,0,1,0.0,8.266666666666667,2,3,0.667,0,0,0.0,0,0,0.0,2,1,3,0,0,0,0,0,0,1,4,-17,7.6,0,0,7.0,1,87,87,87,148,97,131,12,77,116,77,87,95,87,26,120,89,118,116,79,53,1,1,84,119,158,141,10,1,140,1,100,60.0,57.9,57.9,155.6,155.6,155.6,-95.5,-97.7,-97.7,0.0,0.0,0.0,0.154,0.0,0.0,0.0,0.0,0.667,0.667,0.13,0.141,105.45,107.42,89.52,107.42,0.156,19,2.0,3.0,159,160,160,165,164,164,166,167,167,118,88,118,4,68,33,1,1,28,39,123,119,24,13,13,33,97,131,8,4,0.0,0,2,0,0,0.0,0.0,0,0,0,0.0,0,0,0.0,0,0.0,0,0.0,0,0.0,0,0.0,0,0.0,4,11,6,0.2,0.98,0.09,0.364,2,0,3,0.0,0.0,1.333,1.0,1.0,0.5,2.0,1.0,0.0,1.0,7.7,0.0,1.0,0.0,1.0,1.0,0.0,1.0,5.0,1.0,2.0,0.333,3.0,1.0,0.0,1.0,6.8,1.0,0.333,1.0,1.0,1.0,1.0,0.333,1.0,1.0,1.0,0.0,0.0,0.0,,0.333,1.0,1.0,1.0,1.0,0.333,1.0,1.0,1.0,0.0,0.0,0.0,,0.333,0.0,1.0,0.0,0.0,0.333,0.0,1.0,0.0,0.0,0.0,0.0,,,,,,,,,,,,,,,0,0,,0,,,,,0,0.0,4,1.0,0,0.0,0,0.0,0.667,2.0,2.0,1.0,0.0,1.0,0.0,0.0,0.0,0.0,,,,,,,0.0,0.0,0.0,,,,,,,LAL,2.0,2.0,1.0,0.0,0.0,0.0,0.0,1.0,0.0,0.0,0.0,0.0,0.0,0.0,0.0,0.0,0.0,0.0,0.0,0.0,0.0,,,,,,,0,1,,,,0.0,4.0,4.0,1.0,0.444,0.556,1.0,1.0,1.0,0.406,0.594,3.0,3.0,1.0,0.486,0.514,2.0,2.0,1.0,0.587,0.413,2.0,2.0,1.0,0.54,0.461,2.0,2.0,1.0,0.409,0.591,4.0,3.0,1.0,1.0,0.0,0.0,0.0,0.0,0.0,0.0,0.0,0.0,0.0,0.0,0.0,0.0,0.0,0.0,0.0,0.0,0.0,3096,0.6,0.4,0.2,4.4,5.67,3.04,2017,20170321,False
2571,Leandro Barbosa,Leandro,1610612756,PHX,34.0,1,0,1,0.0,17.933333333333334,4,7,0.571,1,2,0.5,4,4,1.0,0,1,1,1,1,0,0,1,2,2,13,-10,14.7,0,0,16.0,1,87,87,87,114,53,77,32,41,73,18,16,26,1,91,120,136,79,68,79,53,111,74,50,42,133,101,10,1,86,1,104,104.7,100.0,100.0,127.4,130.8,130.8,-22.7,-30.8,-30.8,0.091,1.0,9.1,0.0,0.05,0.0,9.1,9.3,0.643,0.742,0.238,0.243,105.99,107.06,89.22,107.06,0.144,41,4.0,7.0,80,93,93,152,154,154,134,143,143,81,50,102,41,56,33,83,90,40,25,45,43,20,14,14,40,53,77,11,19,1.0,0,2,3,3,0.091,0.273,6,2,4,0.5,2,2,1.0,6,1.0,0,0.0,0,0.0,1,0.167,2,0.333,13,21,15,1.3,3.63,3.67,0.619,0,0,1,0.0,0.0,2.0,0.0,0.0,0.0,2.0,0.0,0.0,0.0,0.0,0.0,1.0,0.0,4.0,0.25,0.0,0.25,13.3,0.0,1.0,0.0,6.0,0.167,0.0,0.167,13.3,1.0,0.143,0.0,1.0,0.0,0.0,0.143,0.0,1.0,0.0,0.0,0.0,0.0,,0.571,3.0,4.0,0.75,0.75,0.571,3.0,4.0,0.75,0.0,0.0,0.0,,0.143,1.0,1.0,1.0,1.5,0.0,0.0,0.0,,0.143,1.0,1.0,1.0,0.143,0.0,1.0,0.0,0.0,0.0,0.0,0.0,,0.143,0.0,1.0,0.0,1,2,0.5,3,1.0,2.0,0.5,0.75,0,0.0,2,1.0,0,0.0,0,0.0,0.643,2.0,4.0,0.5,1.0,1.0,1.0,0.0,0.0,0.0,,,,,,,1.0,2.0,0.5,0.0,0.0,0.0,,,,PHX,2.0,4.0,0.5,1.0,1.0,1.0,0.0,0.0,0.0,0.0,0.0,0.0,1.0,2.0,0.5,0.0,0.0,0.0,,,,,,,0.0,0.0,0.0,0,0,0.0,0.0,,,0.0,4.0,0.0,0.436,-0.436,0.0,2.0,0.0,0.378,-0.378,0.0,2.0,0.0,0.504,-0.504,0.0,1.0,0.0,0.593,-0.593,0.0,1.0,0.0,0.581,-0.581,0.0,3.0,0.0,0.386,-0.386,,,,,,,,,,,,,,,,,,,,,,6895,1.3,0.6,0.7,4.39,4.81,4.08,2017,20170321,False
201601,Luc Mbah a Moute,Luc,1610612746,LAC,30.0,1,1,0,1.0,17.0,0,2,0.0,0,1,0.0,1,2,0.5,1,1,2,1,0,0,0,1,1,2,1,10,4.9,0,0,4.0,1,1,1,1,121,142,148,142,77,99,77,69,44,66,45,120,109,79,116,79,53,111,32,50,147,31,148,10,1,149,1,99,136.7,140.0,140.0,105.9,108.3,108.3,30.9,31.7,31.7,0.063,0.0,25.0,0.0,0.0,0.0,0.0,0.0,0.0,0.174,0.079,0.074,102.61,100.24,83.53,100.24,-0.006,35,0.0,2.0,8,6,6,99,105,105,20,17,17,99,88,27,41,68,33,1,1,142,143,156,160,36,55,55,148,142,148,15,14,1.0,0,2,4,2,0.067,0.133,1,0,0,0.0,0,0,0.0,0,0.0,0,0.0,1,1.0,0,0.0,0,0.0,1,20,12,0.6,1.66,0.75,0.05,2,0,2,0.0,0.0,0.0,1.0,0.0,1.0,2.0,0.5,0.0,0.5,10.4,0.0,1.0,0.0,4.0,0.25,2.0,0.5,3.5,1.0,1.0,0.5,6.0,0.333,2.0,0.5,6.9,1.0,0.5,0.0,1.0,0.0,0.0,0.5,0.0,1.0,0.0,0.0,0.0,0.0,,,,,,,,,,,,,,,,,,,,,,,,,,,,0.5,0.0,1.0,0.0,0.0,0.0,0.0,0.0,,0.5,0.0,1.0,0.0,0,0,,0,0.0,0.0,,,0,0.0,0,0.0,0,0.0,0,0.0,0.0,0.0,1.0,0.0,0.0,0.0,0.0,0.0,0.0,0.0,0.0,0.0,0.0,0.0,1.0,0.0,0.0,0.0,0.0,0.0,0.0,0.0,0.0,1.0,0.0,LAC,0.0,1.0,0.0,0.0,0.0,0.0,0.0,0.0,0.0,0.0,0.0,0.0,0.0,1.0,0.0,0.0,0.0,0.0,0.0,0.0,0.0,,,,0.0,0.0,0.0,0,1,0.0,1.0,0.0,0.0,4.0,10.0,0.4,0.469,-0.069,0.0,1.0,0.0,0.296,-0.296,4.0,9.0,0.444,0.504,-0.06,3.0,5.0,0.6,0.597,0.003,3.0,6.0,0.5,0.551,-0.051,1.0,4.0,0.25,0.39,-0.14,7.0,6.0,1.0,0.0,0.0,0.0,0.0,0.0,0.0,0.0,0.0,0.0,0.0,0.0,0.0,0.0,0.0,0.0,0.0,0.0,0.0,6627,1.3,0.7,0.6,4.61,5.04,4.19,2017,20170321,False
202337,Luke Babbitt,Luke,1610612748,MIA,28.0,1,1,0,1.0,16.283333333333335,1,4,0.25,1,4,0.25,0,0,0.0,0,5,5,0,1,1,0,0,2,2,3,1,11.0,0,0,11.0,1,1,1,1,125,122,115,124,41,32,60,87,95,87,91,27,43,118,68,33,53,1,74,50,128,76,127,10,1,124,1,104,91.5,88.6,88.6,80.2,85.7,85.7,11.3,2.9,2.9,0.0,0.0,0.0,0.0,0.0,0.0,20.0,20.0,0.375,0.375,0.122,0.125,105.06,103.17,85.98,103.17,0.074,35,1.0,4.0,121,129,129,15,20,20,56,79,79,118,88,118,41,68,33,129,130,107,116,128,128,25,34,34,97,122,115,25,14,0.0,0,3,0,0,0.0,0.0,2,0,0,0.0,0,0,0.0,0,0.0,2,1.0,0,0.0,0,0.0,0,0.0,3,30,14,0.7,1.45,0.8,0.1,0,1,0,0.0,0.0,0.0,0.0,0.0,0.0,1.0,0.0,0.0,0.0,0.0,0.0,5.0,0.0,8.0,0.625,0.0,0.625,7.2,0.0,5.0,0.0,9.0,0.556,0.0,0.556,7.2,,,,,,,,,,,,,,,,,,,,,,,,,,,,0.5,1.0,2.0,0.5,0.75,0.0,0.0,0.0,,0.5,1.0,2.0,0.5,0.5,0.0,2.0,0.0,0.0,0.0,0.0,0.0,,0.5,0.0,2.0,0.0,1,1,1.0,3,1.0,1.0,1.0,1.5,0,0.0,0,0.0,0,0.0,0,0.0,0.375,0.0,0.0,0.0,0.0,0.0,0.0,0.0,0.0,0.0,,,,0.0,1.0,0.0,1.0,3.0,0.333,0.0,0.0,0.0,0.0,1.0,0.0,MIA,0.0,0.0,0.0,0.0,0.0,0.0,0.0,0.0,0.0,0.0,0.0,0.0,1.0,3.0,0.333,0.0,1.0,0.0,,,,,,,0.0,0.0,0.0,0,3,0.0,3.0,0.0,0.0,2.0,4.0,0.5,0.459,0.041,,,,,,2.0,4.0,0.5,0.513,-0.013,1.0,2.0,0.5,0.593,-0.093,2.0,4.0,0.5,0.56,-0.06,,,,,,1.0,1.0,0.0,0.0,0.0,0.0,0.0,0.0,0.0,0.0,0.0,0.0,0.0,0.0,0.0,0.0,0.0,0.0,0.0,0.0,0.0,6637,1.3,0.7,0.6,4.81,5.09,4.51,2017,20170321,False
1627763,Malcolm Brogdon,Malcolm,1610612749,MIL,24.0,1,1,0,1.0,25.883333333333333,4,6,0.667,0,2,0.0,0,0,0.0,1,6,7,4,1,1,0,0,3,0,8,0,24.4,0,0,21.0,1,1,1,1,70,53,90,12,77,73,77,87,95,87,45,17,22,20,68,33,53,1,113,126,81,81,50,10,1,65,1,94,100.5,102.0,102.0,100.3,102.0,102.0,0.2,0.0,0.0,0.222,4.0,36.4,0.0,0.0,0.0,9.1,9.1,0.667,0.667,0.121,0.123,92.35,90.87,75.72,90.87,0.148,49,4.0,6.0,98,91,91,73,78,78,84,84,84,32,7,13,41,68,33,83,84,28,39,129,130,142,145,145,39,53,90,40,31,0.0,0,6,10,4,0.1,0.1,4,3,3,1.0,0,0,0.0,6,1.5,1,0.25,0,0.0,0,0.0,0,0.0,8,47,19,2.8,3.57,3.21,0.17,1,0,1,2.0,0.0,0.0,1.0,0.0,1.0,2.0,0.5,0.0,0.5,20.4,3.0,3.0,0.5,7.0,0.857,0.0,0.857,8.3,4.0,3.0,0.571,9.0,0.778,0.0,0.778,10.1,1.0,0.333,2.0,2.0,1.0,1.0,0.333,2.0,2.0,1.0,0.0,0.0,0.0,,0.333,2.0,2.0,1.0,1.0,0.333,2.0,2.0,1.0,0.0,0.0,0.0,,,,,,,,,,,,,,,0.333,0.0,2.0,0.0,0.0,0.0,0.0,0.0,,0.333,0.0,2.0,0.0,0,0,,0,0.0,0.0,,,0,0.0,0,0.0,0,0.0,2,1.0,0.667,4.0,4.0,1.0,0.0,0.0,0.0,0.0,0.0,0.0,0.0,0.0,0.0,0.0,0.0,0.0,0.0,2.0,0.0,0.0,0.0,0.0,0.0,0.0,0.0,MIL,4.0,4.0,1.0,0.0,0.0,0.0,0.0,0.0,0.0,0.0,0.0,0.0,0.0,1.0,0.0,0.0,1.0,0.0,,,,,,,0.0,0.0,0.0,0,2,0.0,2.0,0.0,0.0,3.0,8.0,0.375,0.452,-0.077,1.0,4.0,0.25,0.365,-0.115,2.0,4.0,0.5,0.497,0.003,1.0,3.0,0.333,0.592,-0.259,2.0,4.0,0.5,0.533,-0.033,1.0,4.0,0.25,0.386,-0.136,7.0,3.0,4.0,3.0,0.0,0.0,0.0,0.0,0.0,1.0,0.0,0.0,0.0,0.0,0.0,0.0,0.0,0.0,0.0,0.0,0.0,9672,1.8,1.0,0.9,4.19,4.8,4.05,2017,20170321,False
202412,Manny Harris,Manny,1610612742,DAL,27.0,1,0,1,0.0,4.133333333333334,1,3,0.333,0,0,0.0,0,0,0.0,1,0,1,0,1,0,0,1,0,0,2,-2,2.2,0,0,3.0,1,87,87,87,162,122,131,102,77,116,77,87,95,87,45,149,136,118,68,79,53,111,1,126,133,95,157,10,1,151,1,94,91.1,100.0,100.0,129.1,110.0,110.0,-38.0,-10.0,-10.0,0.0,0.0,0.0,0.0,0.0,0.0,25.0,25.0,0.333,0.333,0.267,0.269,106.84,110.32,91.94,110.32,-0.05,9,1.0,3.0,123,93,93,154,111,111,148,107,107,118,88,118,41,68,33,142,142,112,122,25,27,15,5,5,155,122,131,9,11,0.0,0,1,0,0,0.0,0.0,2,1,1,1.0,0,0,0.0,2,1.0,0,0.0,0,0.0,1,0.5,0,0.0,2,13,7,0.8,3.89,2.85,0.154,0,0,2,0.0,0.0,0.0,1.0,0.0,1.0,3.0,0.333,0.0,0.333,1.7,0.0,0.0,0.0,0.0,0.0,0.0,0.0,0.0,1.0,0.0,1.0,3.0,0.333,0.0,0.333,1.7,,,,,,,,,,,,,,,1.0,1.0,3.0,0.333,0.333,1.0,1.0,3.0,0.333,0.0,0.0,0.0,,,,,,,,,,,,,,,,,,,,,,,,,,,,0,1,0.0,0,,,,0.0,0,0.0,0,0.0,0,0.0,0,0.0,0.333,1.0,2.0,0.5,0.0,0.0,0.0,0.0,1.0,0.0,0.0,0.0,0.0,,,,0.0,0.0,0.0,0.0,0.0,0.0,0.0,0.0,0.0,DAL,1.0,2.0,0.5,0.0,0.0,0.0,0.0,0.0,0.0,,,,0.0,1.0,0.0,,,,,,,,,,0.0,0.0,0.0,0,0,,,,,1.0,1.0,1.0,0.49,0.51,,,,,,1.0,1.0,1.0,0.565,0.435,,,,,,,,,,,,,,,,,,,,,,,,,,,,,,,,,,,,,1631,0.3,0.2,0.1,4.36,5.51,3.08,2017,20170321,False
1938,Manu Ginobili,Manu,1610612759,SAS,39.0,1,1,0,1.0,19.475,4,7,0.571,1,3,0.333,2,2,1.0,2,1,3,2,1,3,0,0,1,3,11,13,25.6,0,0,23.0,1,1,1,1,105,53,77,32,41,55,50,36,44,1,26,120,89,52,68,4,53,1,32,25,55,23,44,10,1,50,1,92,126.1,120.0,120.0,87.4,87.5,87.5,38.6,32.5,32.5,0.133,2.0,18.2,0.0,0.0,0.0,9.1,9.2,0.643,0.698,0.209,0.216,96.27,98.59,82.16,98.59,0.2,40,4.0,7.0,18,31,31,28,27,27,8,16,16,62,24,52,41,68,33,83,87,40,30,64,60,103,74,74,15,53,77,22,20,0.0,0,6,5,2,0.091,0.091,4,1,1,1.0,0,0,0.0,2,0.5,3,0.75,0,0.0,0,0.0,0,0.0,11,31,20,1.3,2.45,2.0,0.355,0,0,1,0.0,0.0,0.0,0.0,2.0,0.0,2.0,1.0,0.0,1.0,15.2,0.0,1.0,0.0,1.0,1.0,0.0,1.0,8.7,0.0,3.0,0.0,3.0,1.0,0.0,1.0,13.0,,,,,,,,,,,,,,,0.143,0.0,1.0,0.0,0.0,0.143,0.0,1.0,0.0,0.0,0.0,0.0,,0.286,2.0,2.0,1.0,1.0,0.286,2.0,2.0,1.0,0.0,0.0,0.0,,0.571,2.0,4.0,0.5,0.625,0.143,1.0,1.0,1.0,0.429,1.0,3.0,0.333,3,4,0.75,7,1.0,1.0,1.0,0.875,0,0.0,0,0.0,0,0.0,0,0.0,0.643,1.0,1.0,1.0,1.0,1.0,1.0,1.0,2.0,0.5,0.0,0.0,0.0,,,,1.0,3.0,0.333,0.0,0.0,0.0,0.0,0.0,0.0,SAS,1.0,1.0,1.0,0.0,0.0,0.0,1.0,1.0,1.0,1.0,2.0,0.5,1.0,2.0,0.5,0.0,1.0,0.0,,,,,,,0.0,0.0,0.0,0,2,0.0,2.0,0.0,0.0,1.0,5.0,0.2,0.433,-0.233,1.0,3.0,0.333,0.327,0.006,0.0,2.0,0.0,0.442,-0.442,,,,,,,,,,,1.0,4.0,0.25,0.347,-0.097,1.0,1.0,0.0,4.0,0.0,0.0,0.0,0.0,0.0,3.0,0.0,0.0,0.0,0.0,0.0,0.0,0.0,0.0,0.0,0.0,0.0,6935,1.3,0.6,0.7,4.02,4.06,3.99,2017,20170321,False
201188,Marc Gasol,Marc,1610612763,MEM,32.0,1,0,1,0.0,37.13333333333333,5,13,0.385,0,3,0.0,0,1,0.0,0,8,8,4,3,2,0,0,3,1,10,-11,28.6,0,0,26.0,1,87,87,87,15,42,33,93,77,55,77,87,88,87,91,8,16,20,11,12,53,1,113,84,63,137,33,10,1,39,1,94,91.4,93.2,93.2,106.7,106.8,106.8,-15.3,-13.6,-13.6,0.182,1.33,20.0,0.0,0.0,0.0,15.0,14.7,0.385,0.372,0.208,0.212,95.94,95.01,79.17,95.01,0.073,73,5.0,13.0,122,116,116,105,100,100,121,116,116,43,45,45,41,68,33,115,116,104,118,65,64,113,113,113,100,42,33,65,60,1.0,0,9,11,5,0.062,0.077,1,0,0,0.0,0,0,0.0,0,0.0,1,1.0,0,0.0,0,0.0,0,0.0,10,81,58,2.4,1.81,0.53,0.123,10,11,4,0.2,0.545,0.5,0.0,0.0,0.0,1.0,0.0,0.0,0.0,0.0,1.0,6.0,0.125,11.0,0.727,0.0,0.727,5.6,1.0,6.0,0.125,12.0,0.667,0.0,0.667,5.6,1.0,0.154,1.0,2.0,0.5,0.5,0.154,1.0,2.0,0.5,0.0,0.0,0.0,,0.231,1.0,3.0,0.333,0.333,0.231,1.0,3.0,0.333,0.0,0.0,0.0,,0.308,3.0,4.0,0.75,0.75,0.231,3.0,3.0,1.0,0.077,0.0,1.0,0.0,0.308,0.0,4.0,0.0,0.0,0.154,0.0,2.0,0.0,0.154,0.0,2.0,0.0,1,2,0.5,2,0.0,0.0,,0.5,6,0.333,2,0.333,6,0.6,2,1.0,0.385,2.0,3.0,0.667,0.0,0.0,0.0,3.0,7.0,0.429,0.0,0.0,0.0,0.0,0.0,0.0,0.0,3.0,0.0,0.0,0.0,0.0,0.0,0.0,0.0,MEM,2.0,3.0,0.667,0.0,0.0,0.0,0.0,0.0,0.0,3.0,4.0,0.75,0.0,4.0,0.0,0.0,2.0,0.0,0.0,0.0,0.0,0.0,0.0,0.0,0.0,0.0,0.0,3,9,0.0,3.0,0.0,0.333,7.0,18.0,0.389,0.454,-0.065,2.0,6.0,0.333,0.349,-0.015,5.0,12.0,0.417,0.487,-0.07,3.0,9.0,0.333,0.559,-0.226,4.0,11.0,0.364,0.53,-0.167,2.0,6.0,0.333,0.368,-0.035,17.0,11.0,6.0,3.0,0.0,8.0,19.0,0.0,0.0,1.0,0.0,0.0,0.0,0.0,0.0,0.0,0.0,0.0,0.0,0.0,0.0,12134,2.3,1.3,1.0,3.72,3.9,3.51,2017,20170321,False
202694,Marcus Morris Sr.,Marcus,1610612765,DET,27.0,1,0,1,0.0,37.78333333333333,5,14,0.357,1,5,0.2,2,4,0.5,0,4,4,2,1,0,1,0,3,2,13,-13,22.8,0,0,22.0,1,87,87,87,14,42,27,101,41,19,72,36,26,66,91,42,66,52,68,79,20,1,113,50,42,147,59,10,1,57,1,95,92.7,94.5,94.5,109.7,112.3,112.3,-17.0,-17.8,-17.8,0.083,2.0,10.5,0.0,0.0,0.0,5.3,5.3,0.393,0.412,0.205,0.206,94.72,92.74,77.28,92.74,0.033,73,5.0,14.0,113,113,113,109,122,122,126,126,126,90,24,92,41,68,33,61,63,101,108,68,70,123,138,138,124,42,27,38,38,0.0,0,6,4,2,0.053,0.053,3,1,1,1.0,1,2,0.5,3,1.0,1,0.333,0,0.0,0,0.0,1,0.333,13,55,44,1.8,1.91,0.84,0.236,2,4,1,0.0,0.25,0.0,0.0,0.0,0.0,2.0,0.0,0.0,0.0,0.0,0.0,4.0,0.0,6.0,0.667,1.0,0.8,5.3,0.0,4.0,0.0,8.0,0.5,1.0,0.571,5.3,1.0,0.143,1.0,2.0,0.5,0.5,0.143,1.0,2.0,0.5,0.0,0.0,0.0,,0.429,3.0,6.0,0.5,0.5,0.429,3.0,6.0,0.5,0.0,0.0,0.0,,0.143,0.0,2.0,0.0,0.0,0.0,0.0,0.0,,0.143,0.0,2.0,0.0,0.286,1.0,4.0,0.25,0.375,0.071,0.0,1.0,0.0,0.214,1.0,3.0,0.333,3,7,0.429,6,0.0,1.0,0.0,0.429,3,0.167,0,0.0,1,0.0,0,0.0,0.393,1.0,1.0,1.0,0.0,0.0,0.0,3.0,8.0,0.375,0.0,0.0,0.0,0.0,0.0,0.0,1.0,5.0,0.2,,,,0.0,0.0,0.0,DET,1.0,1.0,1.0,0.0,0.0,0.0,1.0,1.0,1.0,1.0,5.0,0.2,2.0,5.0,0.4,0.0,2.0,0.0,,,,,,,,,,1,6,1.0,4.0,0.25,0.25,6.0,10.0,0.6,0.456,0.145,4.0,4.0,1.0,0.322,0.678,2.0,6.0,0.333,0.531,-0.197,2.0,4.0,0.5,0.624,-0.124,2.0,5.0,0.4,0.56,-0.16,4.0,5.0,0.8,0.337,0.463,11.0,6.0,5.0,1.0,0.0,3.0,6.0,0.0,0.0,0.0,0.0,0.0,0.0,0.0,0.0,0.0,0.0,0.0,0.0,0.0,0.0,14142,2.7,1.4,1.3,4.29,4.68,3.94,2017,20170321,False
1627737,Marquese Chriss,Marquese,1610612756,PHX,19.0,1,0,1,0.0,38.28333333333333,7,9,0.778,2,2,1.0,8,10,0.8,1,6,7,0,6,2,0,0,5,8,24,-11,32.4,0,0,37.0,1,87,87,87,13,22,53,7,17,73,1,3,4,53,45,17,22,118,2,12,53,1,160,3,10,137,28,10,1,17,1,104,94.2,96.4,96.4,111.9,109.5,109.5,-17.7,-13.1,-13.1,0.0,0.0,0.0,0.027,0.0,0.0,31.6,30.9,0.889,0.896,0.202,0.209,105.47,105.32,87.77,105.32,0.149,84,7.0,9.0,109,107,107,119,110,110,127,115,115,118,88,118,34,68,33,158,158,6,7,71,68,23,22,22,38,22,53,47,33,1.0,0,5,2,1,0.0,0.021,6,3,4,0.75,0,0,0.0,8,1.333,1,0.167,0,0.0,1,0.167,0,0.0,24,65,33,1.8,1.68,0.42,0.369,0,4,4,0.0,0.0,1.5,1.0,0.0,1.0,3.0,0.333,0.0,0.333,0.3,0.0,6.0,0.0,11.0,0.545,1.0,0.6,5.0,1.0,6.0,0.143,14.0,0.5,1.0,0.538,4.3,1.0,0.222,2.0,2.0,1.0,1.0,0.222,2.0,2.0,1.0,0.0,0.0,0.0,,0.444,3.0,4.0,0.75,0.75,0.444,3.0,4.0,0.75,0.0,0.0,0.0,,0.222,1.0,2.0,0.5,0.75,0.111,0.0,1.0,0.0,0.111,1.0,1.0,1.0,0.111,1.0,1.0,1.0,1.5,0.0,0.0,0.0,,0.111,1.0,1.0,1.0,0,0,,0,0.0,0.0,,,6,0.667,6,1.0,0,0.0,0,0.0,0.889,4.0,4.0,1.0,1.0,2.0,0.5,0.0,1.0,0.0,1.0,1.0,1.0,0.0,0.0,0.0,1.0,1.0,1.0,0.0,0.0,0.0,1.0,1.0,1.0,PHX,4.0,4.0,1.0,1.0,1.0,1.0,0.0,1.0,0.0,0.0,0.0,0.0,2.0,3.0,0.667,0.0,0.0,0.0,,,,,,,0.0,0.0,0.0,2,3,2.0,2.0,1.0,1.0,9.0,15.0,0.6,0.471,0.129,3.0,6.0,0.5,0.397,0.103,6.0,9.0,0.667,0.522,0.145,5.0,6.0,0.833,0.63,0.203,5.0,6.0,0.833,0.572,0.262,3.0,8.0,0.375,0.386,-0.011,9.0,4.0,5.0,5.0,0.0,4.0,8.0,0.0,0.0,1.0,0.0,0.0,0.0,0.0,0.0,0.0,0.0,0.0,0.0,0.0,0.0,14641,2.8,1.5,1.3,4.4,5.02,3.85,2017,20170321,False
201578,Marreese Speights,Marreese,1610612746,LAC,29.0,1,1,0,1.0,18.616666666666667,4,8,0.5,2,4,0.5,0,0,0.0,3,4,7,1,1,0,0,0,2,2,10,5,18.9,0,0,20.0,1,1,1,1,110,53,67,53,17,32,18,87,95,87,12,42,22,79,68,79,53,1,74,50,63,52,79,10,1,68,1,99,122.4,123.1,123.1,112.0,110.3,110.3,10.5,12.8,12.8,0.067,1.0,10.0,0.0,0.2,0.0,10.0,10.0,0.625,0.625,0.205,0.208,100.04,100.56,83.8,100.56,0.126,39,4.0,8.0,27,27,27,120,113,113,59,50,50,95,50,94,41,8,33,91,92,44,53,69,69,57,54,54,53,53,67,22,15,0.0,0,1,3,1,0.045,0.045,0,0,0,0.0,0,0,0.0,0,0.0,0,0.0,0,0.0,0,0.0,0,0.0,10,32,16,0.6,1.2,0.06,0.313,0,1,3,0.0,0.0,1.333,3.0,0.0,1.0,3.0,1.0,0.0,1.0,10.8,2.0,2.0,0.5,6.0,0.667,0.0,0.667,3.3,5.0,2.0,0.714,9.0,0.778,0.0,0.778,6.5,1.0,0.25,1.0,2.0,0.5,0.5,0.25,1.0,2.0,0.5,0.0,0.0,0.0,,0.25,1.0,2.0,0.5,0.5,0.25,1.0,2.0,0.5,0.0,0.0,0.0,,,,,,,,,,,,,,,0.5,2.0,4.0,0.5,0.75,0.0,0.0,0.0,,0.5,2.0,4.0,0.5,0,0,,0,0.0,0.0,,,6,0.5,4,1.0,0,0.0,0,0.0,0.625,2.0,3.0,0.667,0.0,1.0,0.0,0.0,0.0,0.0,0.0,0.0,0.0,0.0,0.0,0.0,2.0,4.0,0.5,0.0,0.0,0.0,0.0,0.0,0.0,LAC,2.0,4.0,0.5,0.0,0.0,0.0,0.0,0.0,0.0,0.0,0.0,0.0,1.0,2.0,0.5,1.0,2.0,0.5,0.0,0.0,0.0,,,,0.0,0.0,0.0,2,4,2.0,4.0,0.5,0.75,5.0,10.0,0.5,0.496,0.004,0.0,1.0,0.0,0.27,-0.27,5.0,9.0,0.556,0.514,0.041,4.0,7.0,0.571,0.595,-0.024,4.0,7.0,0.571,0.552,0.019,1.0,3.0,0.333,0.385,-0.051,9.0,7.0,2.0,0.0,1.0,1.0,2.0,0.0,0.0,0.0,0.0,0.0,0.0,0.0,0.0,0.0,0.0,0.0,0.0,0.0,0.0,6490,1.2,0.6,0.6,3.89,3.77,4.02,2017,20170321,False
2440,Matt Barnes,Matt,1610612744,GSW,37.0,1,1,0,1.0,23.006666666666668,2,4,0.5,2,2,1.0,0,0,0.0,0,5,5,5,3,0,0,1,1,1,6,8,16.5,0,0,18.0,1,1,1,1,88,97,115,53,17,73,1,87,95,87,91,27,43,12,11,79,53,111,32,84,101,39,87,10,1,77,1,96,105.1,104.3,104.3,90.1,91.1,91.1,15.0,13.1,13.1,0.294,1.67,41.7,0.0,0.0,0.0,25.0,25.0,0.75,0.75,0.137,0.144,96.14,95.97,79.98,95.97,0.115,47,2.0,4.0,77,83,83,36,34,34,44,49,49,16,39,10,41,68,33,142,142,14,19,118,114,107,98,98,62,97,115,33,27,0.0,1,4,8,5,0.152,0.152,0,0,0,0.0,0,0,0.0,0,0.0,0,0.0,0,0.0,0,0.0,0,0.0,6,40,24,1.4,2.03,0.75,0.15,2,0,2,0.0,0.0,0.0,0.0,0.0,0.0,3.0,0.0,1.0,0.0,0.0,2.0,3.0,0.4,9.0,0.556,0.0,0.556,5.8,2.0,3.0,0.4,12.0,0.417,1.0,0.455,5.8,,,,,,,,,,,,,,,0.25,0.0,1.0,0.0,0.0,0.25,0.0,1.0,0.0,0.0,0.0,0.0,,0.25,0.0,1.0,0.0,0.0,0.25,0.0,1.0,0.0,0.0,0.0,0.0,,0.5,2.0,2.0,1.0,1.5,0.0,0.0,0.0,,0.5,2.0,2.0,1.0,0,0,,0,0.0,0.0,,,6,0.667,0,0.0,0,0.0,0,0.0,0.75,0.0,1.0,0.0,0.0,0.0,0.0,0.0,1.0,0.0,1.0,1.0,1.0,0.0,0.0,0.0,1.0,1.0,1.0,0.0,0.0,0.0,1.0,1.0,1.0,GSW,0.0,1.0,0.0,0.0,0.0,0.0,0.0,1.0,0.0,0.0,0.0,0.0,1.0,1.0,1.0,1.0,1.0,1.0,,,,,,,0.0,0.0,0.0,2,3,2.0,2.0,1.0,1.0,4.0,9.0,0.444,0.447,-0.002,1.0,5.0,0.2,0.362,-0.162,3.0,4.0,0.75,0.51,0.24,1.0,1.0,1.0,0.646,0.354,2.0,2.0,1.0,0.621,0.38,2.0,6.0,0.333,0.377,-0.044,10.0,5.0,5.0,1.0,0.0,4.0,11.0,0.0,0.0,0.0,0.0,0.0,0.0,0.0,0.0,0.0,0.0,0.0,0.0,0.0,0.0,8214,1.6,0.8,0.7,4.18,4.48,3.43,2017,20170321,False
203521,Matthew Dellavedova,Matthew,1610612749,MIL,26.0,1,1,0,1.0,24.533333333333335,2,7,0.286,0,1,0.0,2,2,1.0,0,2,2,1,0,1,0,0,0,1,6,-4,12.9,0,0,11.0,1,1,1,1,77,97,77,122,77,99,77,36,44,1,91,90,109,79,116,33,53,1,1,84,101,105,111,10,1,124,1,94,89.1,88.2,88.2,94.4,96.1,96.1,-5.3,-7.8,-7.8,0.067,0.0,12.5,0.0,0.074,0.036,0.0,0.0,0.286,0.381,0.121,0.139,100.21,99.78,83.15,99.78,0.078,51,2.0,7.0,129,130,130,49,50,50,97,99,99,95,88,82,41,45,26,1,1,125,115,129,121,55,59,59,94,97,77,39,43,0.0,1,5,3,2,0.026,0.051,8,1,5,0.2,0,0,0.0,2,0.25,2,0.25,0,0.0,0,0.0,0,0.0,6,50,15,4.5,5.4,6.2,0.12,0,1,1,0.0,0.0,0.0,0.0,0.0,0.0,1.0,0.0,0.0,0.0,0.0,1.0,1.0,0.5,2.0,1.0,0.0,1.0,15.8,1.0,1.0,0.5,3.0,0.667,0.0,0.667,15.8,1.0,0.143,0.0,1.0,0.0,0.0,0.143,0.0,1.0,0.0,0.0,0.0,0.0,,0.571,2.0,4.0,0.5,0.5,0.571,2.0,4.0,0.5,0.0,0.0,0.0,,0.143,0.0,1.0,0.0,0.0,0.143,0.0,1.0,0.0,0.0,0.0,0.0,,0.143,0.0,1.0,0.0,0.0,0.0,0.0,0.0,,0.143,0.0,1.0,0.0,1,3,0.333,2,0.0,0.0,,0.333,0,0.0,0,0.0,0,0.0,0,0.0,0.286,0.0,2.0,0.0,1.0,2.0,0.5,1.0,2.0,0.5,,,,0.0,1.0,0.0,0.0,0.0,0.0,0.0,0.0,0.0,0.0,1.0,0.0,MIL,0.0,2.0,0.0,1.0,1.0,1.0,0.0,2.0,0.0,1.0,1.0,1.0,0.0,1.0,0.0,0.0,0.0,0.0,0.0,0.0,0.0,,,,0.0,0.0,0.0,0,1,0.0,1.0,0.0,0.0,3.0,6.0,0.5,0.455,0.045,0.0,1.0,0.0,0.425,-0.425,3.0,5.0,0.6,0.493,0.107,2.0,2.0,1.0,0.562,0.439,2.0,3.0,0.667,0.527,0.14,1.0,3.0,0.333,0.405,-0.071,5.0,4.0,1.0,2.0,0.0,2.0,5.0,0.0,0.0,0.0,0.0,0.0,0.0,0.0,0.0,0.0,0.0,0.0,0.0,0.0,0.0,9656,1.8,1.0,0.8,4.42,4.94,3.91,2017,20170321,False
203090,Maurice Harkless,Maurice,1610612757,POR,24.0,1,0,1,0.0,30.2,2,6,0.333,0,2,0.0,2,2,1.0,2,3,5,0,1,0,2,1,3,2,6,11,17.0,0,0,15.0,1,87,87,87,49,97,90,102,77,73,77,36,44,1,26,65,43,118,68,79,5,111,113,50,101,29,84,10,1,90,1,93,110.9,114.3,114.3,93.8,96.4,96.4,17.1,17.9,17.9,0.0,0.0,0.0,0.0,0.0,0.0,12.5,12.7,0.333,0.436,0.114,0.115,90.79,88.21,73.51,88.21,0.031,56,2.0,6.0,55,46,46,45,51,51,40,40,40,118,88,118,41,68,33,103,106,112,102,134,137,152,160,160,126,97,90,20,16,0.0,0,1,2,1,0.0,0.05,1,0,1,0.0,0,0,0.0,0,0.0,0,0.0,0,0.0,0,0.0,0,0.0,6,29,23,0.9,1.86,0.9,0.207,1,1,5,2.0,0.0,0.4,1.0,1.0,0.5,8.0,0.25,0.0,0.25,5.7,2.0,1.0,0.667,6.0,0.5,0.0,0.5,6.6,3.0,2.0,0.6,14.0,0.357,0.0,0.357,6.3,1.0,0.167,0.0,1.0,0.0,0.0,0.167,0.0,1.0,0.0,0.0,0.0,0.0,,0.333,1.0,2.0,0.5,0.5,0.333,1.0,2.0,0.5,0.0,0.0,0.0,,0.333,1.0,2.0,0.5,0.5,0.167,1.0,1.0,1.0,0.167,0.0,1.0,0.0,0.167,0.0,1.0,0.0,0.0,0.0,0.0,0.0,,0.167,0.0,1.0,0.0,0,0,,0,0.0,0.0,,,0,0.0,2,0.5,0,0.0,2,1.0,0.333,2.0,4.0,0.5,0.0,0.0,0.0,0.0,0.0,0.0,0.0,1.0,0.0,0.0,0.0,0.0,0.0,1.0,0.0,0.0,0.0,0.0,0.0,1.0,0.0,POR,2.0,4.0,0.5,0.0,0.0,0.0,0.0,0.0,0.0,0.0,0.0,0.0,0.0,2.0,0.0,0.0,0.0,0.0,0.0,0.0,0.0,,,,0.0,0.0,0.0,0,2,0.0,2.0,0.0,0.0,8.0,14.0,0.571,0.47,0.102,,,,,,8.0,14.0,0.571,0.485,0.086,4.0,6.0,0.667,0.588,0.079,6.0,9.0,0.667,0.57,0.097,2.0,3.0,0.667,0.388,0.279,11.0,11.0,0.0,0.0,0.0,0.0,0.0,0.0,0.0,5.0,0.0,0.0,0.0,0.0,0.0,0.0,0.0,0.0,0.0,0.0,0.0,11037,2.1,1.1,1.0,4.18,4.32,4.03,2017,20170321,False
203086,Meyers Leonard,Meyers,1610612757,POR,25.0,1,0,1,0.0,7.1433333333333335,0,1,0.0,0,0,0.0,0,0,0.0,0,2,2,1,0,0,0,0,2,1,0,-8,3.9,0,0,3.0,1,87,87,87,153,142,152,142,77,116,77,87,95,87,91,90,109,79,116,79,53,1,74,84,148,123,150,10,1,151,1,93,33.6,33.3,33.3,82.4,77.8,77.8,-48.8,-44.4,-44.4,0.333,0.0,50.0,0.0,0.0,0.0,0.0,0.0,0.0,0.0,0.056,0.056,117.19,120.95,100.79,120.95,0.0,18,0.0,1.0,166,166,166,20,13,13,158,156,156,11,88,3,41,68,33,1,1,142,148,163,163,1,2,2,139,142,152,12,8,0.0,0,2,2,1,0.083,0.083,0,0,0,0.0,0,0,0.0,0,0.0,0,0.0,0,0.0,0,0.0,0,0.0,0,14,8,0.4,1.81,0.29,0.0,1,0,0,0.0,0.0,0.0,0.0,0.0,0.0,0.0,0.0,0.0,0.0,0.0,0.0,2.0,0.0,2.0,1.0,0.0,1.0,1.3,0.0,2.0,0.0,2.0,1.0,0.0,1.0,1.3,,,,,,,,,,,,,,,,,,,,,,,,,,,,1.0,0.0,1.0,0.0,0.0,1.0,0.0,1.0,0.0,0.0,0.0,0.0,,,,,,,,,,,,,,,0,0,,0,,,,,0,0.0,0,0.0,0,0.0,0,0.0,0.0,0.0,0.0,0.0,0.0,0.0,0.0,0.0,1.0,0.0,,,,,,,0.0,0.0,0.0,,,,,,,POR,0.0,0.0,0.0,0.0,0.0,0.0,,,,0.0,1.0,0.0,0.0,0.0,0.0,0.0,0.0,0.0,,,,,,,,,,0,0,,,,,1.0,5.0,0.2,0.509,-0.309,,,,,,1.0,5.0,0.2,0.524,-0.324,1.0,3.0,0.333,0.62,-0.287,1.0,3.0,0.333,0.58,-0.247,0.0,1.0,0.0,0.403,-0.403,5.0,5.0,0.0,1.0,1.0,0.0,0.0,0.0,0.0,0.0,0.0,0.0,0.0,0.0,0.0,0.0,0.0,0.0,0.0,0.0,0.0,2401,0.5,0.2,0.2,4.2,3.17,3.56,2017,20170321,False
203487,Michael Carter-Williams,Michael,1610612741,CHI,25.0,1,0,1,0.0,12.628333333333334,2,6,0.333,1,2,0.5,2,2,1.0,0,0,0,3,1,1,2,0,3,2,7,3,19.5,0,0,17.0,1,87,87,87,140,97,90,102,41,73,18,36,44,1,91,149,160,35,68,33,5,1,113,50,93,63,76,10,1,82,1,107,107.6,111.5,111.5,94.9,92.9,92.9,12.7,18.7,18.7,0.429,3.0,27.3,0.0,0.0,0.0,9.1,9.2,0.417,0.509,0.267,0.263,103.31,102.63,85.52,102.63,0.125,26,2.0,6.0,63,55,55,51,38,38,51,36,36,5,13,25,41,68,33,83,87,98,82,25,32,33,40,40,54,97,90,23,30,0.0,0,5,5,2,0.13,0.087,5,1,3,0.333,2,2,1.0,4,0.8,1,0.2,0,0.0,0,0.0,1,0.2,7,32,12,2.0,3.81,3.03,0.219,0,0,0,0.0,0.0,0.0,,,,,,,,,,,,,,,,,,,,,,,,,,,,,,,,,,,,,,,0.333,0.0,2.0,0.0,0.0,0.333,0.0,2.0,0.0,0.0,0.0,0.0,,0.333,1.0,2.0,0.5,0.5,0.333,1.0,2.0,0.5,0.0,0.0,0.0,,0.333,1.0,2.0,0.5,0.75,0.0,0.0,0.0,,0.333,1.0,2.0,0.5,0,0,,0,0.0,0.0,,,3,0.5,0,0.0,0,0.0,0,0.0,0.417,0.0,1.0,0.0,1.0,2.0,0.5,0.0,1.0,0.0,,,,0.0,1.0,0.0,1.0,1.0,1.0,0.0,0.0,0.0,0.0,1.0,0.0,CHI,0.0,1.0,0.0,1.0,2.0,0.5,0.0,1.0,0.0,0.0,0.0,0.0,0.0,1.0,0.0,1.0,1.0,1.0,0.0,0.0,0.0,0.0,0.0,0.0,0.0,0.0,0.0,1,2,1.0,2.0,0.5,0.75,2.0,7.0,0.286,0.447,-0.162,1.0,2.0,0.5,0.248,0.252,1.0,5.0,0.2,0.47,-0.27,1.0,2.0,0.5,0.535,-0.035,1.0,2.0,0.5,0.453,0.048,1.0,4.0,0.25,0.366,-0.116,5.0,4.0,1.0,4.0,0.0,1.0,3.0,0.0,0.0,1.0,0.0,0.0,0.0,0.0,0.0,0.0,0.0,0.0,0.0,0.0,0.0,4887,0.9,0.5,0.4,4.31,5.01,3.67,2017,20170321,False
201144,Mike Conley,Mike,1610612763,MEM,29.0,1,0,1,0.0,31.2,6,14,0.429,2,6,0.333,2,2,1.0,0,6,6,3,2,0,0,0,2,3,16,0,25.7,0,0,27.0,1,87,87,87,41,32,27,84,17,13,50,36,44,1,91,17,36,35,27,79,53,1,74,25,32,81,43,10,1,34,1,94,87.8,85.9,85.9,86.9,87.3,87.3,0.9,-1.4,-1.4,0.2,1.5,15.0,0.0,0.0,0.0,10.0,10.1,0.5,0.538,0.258,0.265,96.86,97.69,81.41,97.69,0.14,64,6.0,14.0,132,136,136,27,26,26,81,89,89,39,40,72,41,68,33,91,95,70,74,33,30,93,78,78,42,32,27,67,76,0.0,1,12,11,5,0.045,0.075,11,3,6,0.5,0,0,0.0,6,0.545,2,0.182,1,0.091,0,0.0,0,0.0,16,87,34,7.4,5.09,4.76,0.184,3,1,0,0.0,0.0,0.0,0.0,0.0,0.0,1.0,0.0,0.0,0.0,0.0,2.0,4.0,0.333,7.0,0.857,0.0,0.857,3.8,2.0,4.0,0.333,8.0,0.75,0.0,0.75,3.8,1.0,0.143,0.0,2.0,0.0,0.0,0.143,0.0,2.0,0.0,0.0,0.0,0.0,,0.429,2.0,6.0,0.333,0.333,0.286,2.0,4.0,0.5,0.143,0.0,2.0,0.0,0.357,4.0,5.0,0.8,1.0,0.143,2.0,2.0,1.0,0.214,2.0,3.0,0.667,0.071,0.0,1.0,0.0,0.0,0.0,0.0,0.0,,0.071,0.0,1.0,0.0,2,6,0.333,5,1.0,3.0,0.333,0.417,3,0.333,0,0.0,0,0.0,0,0.0,0.5,1.0,2.0,0.5,2.0,4.0,0.5,1.0,2.0,0.5,0.0,1.0,0.0,0.0,0.0,0.0,2.0,5.0,0.4,0.0,0.0,0.0,0.0,1.0,0.0,MEM,1.0,2.0,0.5,2.0,4.0,0.5,0.0,1.0,0.0,0.0,0.0,0.0,1.0,4.0,0.25,2.0,2.0,1.0,0.0,1.0,0.0,0.0,0.0,0.0,0.0,0.0,0.0,1,3,1.0,3.0,0.333,0.5,2.0,8.0,0.25,0.458,-0.208,1.0,2.0,0.5,0.352,0.148,1.0,6.0,0.167,0.507,-0.341,1.0,4.0,0.25,0.63,-0.38,1.0,5.0,0.2,0.574,-0.374,1.0,3.0,0.333,0.356,-0.022,4.0,2.0,2.0,1.0,0.0,1.0,2.0,0.0,0.0,1.0,0.0,0.0,0.0,0.0,0.0,0.0,0.0,0.0,0.0,0.0,0.0,11711,2.2,1.3,0.9,4.25,4.83,3.61,2017,20170321,False
203141,Mirza Teletovic,Mirza,1610612749,MIL,31.0,1,1,0,1.0,17.616666666666667,3,8,0.375,2,5,0.4,0,0,0.0,0,4,4,1,0,0,0,0,3,1,8,9,14.3,0,0,15.0,1,1,1,1,117,73,67,96,17,19,42,87,95,87,91,42,66,79,116,79,53,1,113,84,81,35,105,10,1,90,1,94,95.3,92.3,92.3,73.5,73.0,73.0,21.8,19.3,19.3,0.091,0.0,11.1,0.0,0.0,0.0,0.0,0.0,0.5,0.5,0.178,0.187,101.47,103.54,86.28,103.54,0.119,39,3.0,8.0,107,119,119,8,7,7,33,34,34,81,88,87,41,68,33,1,1,70,86,90,84,47,30,30,59,73,67,19,15,0.0,0,1,3,1,0.053,0.053,2,1,2,0.5,0,0,0.0,2,1.0,0,0.0,0,0.0,0,0.0,0,0.0,8,27,13,0.7,1.46,0.44,0.296,0,0,0,0.0,0.0,0.0,0.0,0.0,0.0,1.0,0.0,0.0,0.0,0.0,0.0,4.0,0.0,7.0,0.571,0.0,0.571,5.1,0.0,4.0,0.0,8.0,0.5,0.0,0.5,5.1,,,,,,,,,,,,,,,0.25,0.0,2.0,0.0,0.0,0.25,0.0,2.0,0.0,0.0,0.0,0.0,,0.625,3.0,5.0,0.6,0.8,0.125,1.0,1.0,1.0,0.5,2.0,4.0,0.5,0.125,0.0,1.0,0.0,0.0,0.0,0.0,0.0,,0.125,0.0,1.0,0.0,0,2,0.0,0,0.0,0.0,,0.0,6,0.4,0,0.0,0,0.0,0,0.0,0.5,1.0,2.0,0.5,0.0,0.0,0.0,0.0,1.0,0.0,,,,,,,2.0,5.0,0.4,0.0,0.0,0.0,,,,MIL,1.0,2.0,0.5,0.0,0.0,0.0,0.0,0.0,0.0,0.0,1.0,0.0,0.0,0.0,0.0,2.0,5.0,0.4,0.0,0.0,0.0,,,,0.0,0.0,0.0,2,5,2.0,5.0,0.4,0.6,2.0,4.0,0.5,0.433,0.067,0.0,1.0,0.0,0.336,-0.336,2.0,3.0,0.667,0.485,0.182,1.0,1.0,1.0,0.592,0.408,1.0,1.0,1.0,0.533,0.467,1.0,2.0,0.5,0.39,0.111,3.0,2.0,1.0,0.0,1.0,0.0,0.0,0.0,0.0,0.0,0.0,0.0,0.0,0.0,0.0,0.0,0.0,0.0,0.0,0.0,0.0,6381,1.2,0.7,0.5,4.09,4.72,3.45,2017,20170321,False
203457,Nerlens Noel,Nerlens,1610612742,DAL,23.0,1,0,1,0.0,17.216666666666665,5,7,0.714,0,0,0.0,4,4,1.0,2,5,7,0,2,0,1,0,2,2,14,-2,23.4,0,0,23.0,1,87,87,87,120,42,77,11,77,116,77,16,26,1,26,27,22,118,27,79,20,1,74,50,40,95,57,10,1,50,1,94,99.8,94.6,94.6,98.0,100.0,100.0,1.8,-5.4,-5.4,0.0,0.0,0.0,0.0,0.0,0.0,18.2,18.6,0.714,0.799,0.275,0.283,101.54,103.16,85.96,103.16,0.206,37,5.0,7.0,101,110,110,61,62,62,80,95,95,118,88,118,41,68,33,125,127,22,14,21,22,46,35,35,13,42,77,11,10,0.0,0,0,0,0,0.0,0.0,0,0,0,0.0,0,0,0.0,0,0.0,0,0.0,0,0.0,0,0.0,0,0.0,14,21,12,0.5,1.42,0.33,0.667,3,0,5,0.667,0.0,1.6,1.0,1.0,0.5,4.0,0.5,0.0,0.5,4.1,2.0,3.0,0.4,7.0,0.714,0.0,0.714,2.8,3.0,4.0,0.429,11.0,0.636,0.0,0.636,3.2,,,,,,,,,,,,,,,0.429,2.0,3.0,0.667,0.667,0.429,2.0,3.0,0.667,0.0,0.0,0.0,,0.286,1.0,2.0,0.5,0.5,0.286,1.0,2.0,0.5,0.0,0.0,0.0,,0.286,2.0,2.0,1.0,1.0,0.286,2.0,2.0,1.0,0.0,0.0,0.0,,0,0,,0,,,,,4,1.0,8,0.75,0,0.0,2,0.5,0.714,2.0,3.0,0.667,1.0,2.0,0.5,2.0,2.0,1.0,0.0,0.0,0.0,0.0,0.0,0.0,0.0,0.0,0.0,0.0,0.0,0.0,0.0,0.0,0.0,DAL,2.0,3.0,0.667,1.0,2.0,0.5,1.0,1.0,1.0,1.0,1.0,1.0,0.0,0.0,0.0,0.0,0.0,0.0,,,,,,,0.0,0.0,0.0,2,2,,,,1.0,2.0,6.0,0.333,0.546,-0.212,1.0,2.0,0.5,0.372,0.129,1.0,4.0,0.25,0.618,-0.368,0.0,3.0,0.0,0.656,-0.656,1.0,4.0,0.25,0.638,-0.388,1.0,2.0,0.5,0.376,0.124,7.0,4.0,3.0,2.0,0.0,1.0,2.0,0.0,0.0,0.0,0.0,0.0,0.0,0.0,0.0,0.0,0.0,0.0,0.0,0.0,0.0,6443,1.2,0.6,0.6,4.2,4.2,4.19,2017,20170321,False
1627852,Nicolas Brussino,Nicolas,1610612742,DAL,24.0,1,0,1,0.0,5.45,1,4,0.25,0,1,0.0,0,0,0.0,2,2,4,0,0,0,1,0,0,1,2,-2,9.8,0,0,8.0,1,87,87,87,157,122,115,124,77,99,77,87,95,87,26,90,66,118,116,79,20,1,1,84,133,95,131,10,1,135,1,94,92.6,100.0,100.0,123.6,108.3,108.3,-31.0,-8.3,-8.3,0.0,0.0,0.0,0.0,0.0,0.0,0.0,0.0,0.25,0.25,0.235,0.237,98.64,101.28,84.4,101.28,0.167,11,1.0,4.0,114,93,93,144,105,105,142,102,102,118,88,118,41,68,33,1,1,128,135,50,48,66,47,47,26,122,115,9,9,1.0,0,4,1,1,0.0,0.111,2,0,0,0.0,0,0,0.0,0,0.0,2,1.0,0,0.0,0,0.0,0,0.0,2,13,10,0.4,1.96,1.46,0.154,0,0,3,0.0,0.0,0.667,2.0,0.0,1.0,2.0,1.0,0.0,1.0,4.5,0.0,2.0,0.0,2.0,1.0,0.0,1.0,10.3,2.0,2.0,0.5,4.0,1.0,0.0,1.0,7.4,1.0,0.25,0.0,1.0,0.0,0.0,0.25,0.0,1.0,0.0,0.0,0.0,0.0,,0.5,1.0,2.0,0.5,0.5,0.25,1.0,1.0,1.0,0.25,0.0,1.0,0.0,0.25,0.0,1.0,0.0,0.0,0.25,0.0,1.0,0.0,0.0,0.0,0.0,,,,,,,,,,,,,,,0,0,,0,0.0,0.0,,,0,0.0,2,0.5,0,0.0,0,0.0,0.25,1.0,2.0,0.5,0.0,0.0,0.0,0.0,1.0,0.0,0.0,0.0,0.0,,,,0.0,1.0,0.0,0.0,0.0,0.0,0.0,0.0,0.0,DAL,1.0,2.0,0.5,0.0,0.0,0.0,0.0,0.0,0.0,0.0,1.0,0.0,0.0,1.0,0.0,,,,,,,,,,0.0,0.0,0.0,0,2,0.0,1.0,0.0,0.0,2.0,3.0,0.667,0.535,0.132,,,,,,2.0,3.0,0.667,0.553,0.114,0.0,1.0,0.0,0.639,-0.639,1.0,2.0,0.5,0.613,-0.113,,,,,,3.0,3.0,0.0,1.0,0.0,0.0,0.0,0.0,0.0,0.0,0.0,0.0,0.0,0.0,0.0,0.0,0.0,0.0,0.0,0.0,0.0,2198,0.4,0.2,0.2,4.41,4.37,4.46,2017,20170321,False
202703,Nikola Mirotic,Nikola,1610612741,CHI,26.0,1,0,1,0.0,25.713333333333335,3,9,0.333,2,7,0.286,0,2,0.0,0,2,2,2,2,0,0,0,2,2,8,18,11.4,0,0,14.0,1,87,87,87,72,73,53,102,17,9,59,87,44,87,91,90,109,52,27,79,53,1,74,50,81,9,124,10,1,97,1,107,138.3,136.0,136.0,101.0,100.0,100.0,37.4,36.0,36.0,0.095,1.0,14.3,0.0,0.069,0.0,14.3,14.4,0.444,0.405,0.222,0.223,92.1,93.34,77.78,93.34,0.0,50,3.0,9.0,6,10,10,75,62,62,10,10,10,80,50,75,41,47,33,111,113,95,110,58,56,143,133,133,139,73,53,28,24,0.0,0,1,5,2,0.071,0.071,3,0,1,0.0,0,0,0.0,0,0.0,2,0.667,0,0.0,0,0.0,0,0.0,8,40,22,0.9,1.3,0.55,0.2,0,0,2,0.0,0.0,0.0,0.0,0.0,0.0,1.0,0.0,0.0,0.0,0.0,1.0,1.0,0.5,8.0,0.25,2.0,0.333,3.0,1.0,1.0,0.5,9.0,0.222,2.0,0.286,3.0,,,,,,,,,,,,,,,0.222,1.0,2.0,0.5,0.5,0.222,1.0,2.0,0.5,0.0,0.0,0.0,,0.333,1.0,3.0,0.333,0.5,0.0,0.0,0.0,,0.333,1.0,3.0,0.333,0.444,1.0,4.0,0.25,0.375,0.0,0.0,0.0,,0.444,1.0,4.0,0.25,0,2,0.0,0,0.0,1.0,0.0,0.0,6,0.333,0,0.0,0,0.0,0,0.0,0.444,1.0,1.0,1.0,0.0,1.0,0.0,0.0,0.0,0.0,2.0,2.0,1.0,0.0,0.0,0.0,0.0,5.0,0.0,0.0,0.0,0.0,2.0,2.0,1.0,CHI,1.0,1.0,1.0,0.0,1.0,0.0,0.0,0.0,0.0,0.0,0.0,0.0,2.0,2.0,1.0,0.0,5.0,0.0,0.0,0.0,0.0,,,,0.0,0.0,0.0,2,6,2.0,6.0,0.333,0.5,5.0,11.0,0.455,0.458,-0.003,1.0,3.0,0.333,0.366,-0.033,4.0,8.0,0.5,0.488,0.012,1.0,4.0,0.25,0.599,-0.349,1.0,4.0,0.25,0.553,-0.303,4.0,7.0,0.571,0.394,0.177,10.0,7.0,3.0,0.0,0.0,0.0,0.0,0.0,0.0,2.0,0.0,0.0,0.0,0.0,0.0,0.0,0.0,0.0,0.0,0.0,0.0,9266,1.8,0.9,0.9,4.21,4.34,4.08,2017,20170321,False
203943,Noah Vonleh,Noah,1610612757,POR,21.0,1,0,1,0.0,27.983333333333334,2,4,0.5,0,0,0.0,4,5,0.8,4,4,8,1,0,1,0,0,1,3,8,12,22.1,0,0,19.0,1,87,87,87,59,97,115,53,77,116,77,16,20,53,7,42,16,79,116,33,53,1,32,25,81,25,63,10,1,72,1,93,124.5,123.5,123.5,99.2,100.0,100.0,25.3,23.5,23.5,0.042,0.0,14.3,0.0,0.125,0.0,0.0,0.0,0.5,0.645,0.095,0.101,87.48,87.48,72.9,87.48,0.135,51,2.0,4.0,20,25,25,66,62,62,27,28,28,116,88,75,41,24,33,1,1,70,49,145,146,161,162,162,46,97,115,29,15,0.0,1,2,2,2,0.034,0.069,1,0,0,0.0,0,0,0.0,0,0.0,0,0.0,1,1.0,0,0.0,0,0.0,8,35,17,1.1,1.85,0.69,0.229,3,1,5,0.667,0.0,0.8,3.0,1.0,0.75,8.0,0.5,0.0,0.5,4.7,2.0,1.0,0.5,9.0,0.444,1.0,0.5,3.4,5.0,2.0,0.625,17.0,0.471,1.0,0.5,4.1,1.0,0.75,1.0,3.0,0.333,0.333,0.75,1.0,3.0,0.333,0.0,0.0,0.0,,0.25,1.0,1.0,1.0,1.0,0.25,1.0,1.0,1.0,0.0,0.0,0.0,,,,,,,,,,,,,,,,,,,,,,,,,,,,0,0,,0,,,,,0,0.0,4,0.5,0,0.0,2,0.0,0.5,2.0,4.0,0.5,0.0,0.0,0.0,0.0,0.0,0.0,,,,0.0,0.0,0.0,0.0,0.0,0.0,0.0,0.0,0.0,0.0,0.0,0.0,POR,2.0,4.0,0.5,0.0,0.0,0.0,0.0,0.0,0.0,0.0,0.0,0.0,0.0,0.0,0.0,0.0,0.0,0.0,0.0,0.0,0.0,,,,0.0,0.0,0.0,0,0,,,,,3.0,11.0,0.273,0.486,-0.213,0.0,3.0,0.0,0.33,-0.33,3.0,8.0,0.375,0.53,-0.155,2.0,5.0,0.4,0.631,-0.231,3.0,7.0,0.429,0.567,-0.138,0.0,3.0,0.0,0.347,-0.347,11.0,8.0,3.0,1.0,0.0,9.0,19.0,0.0,0.0,1.0,0.0,0.0,0.0,0.0,0.0,0.0,0.0,0.0,0.0,0.0,0.0,10735,2.0,1.1,0.9,4.31,4.8,3.82,2017,20170321,False
1626181,Norman Powell,Norman,1610612761,TOR,24.0,1,1,0,1.0,16.58,3,9,0.333,0,2,0.0,3,5,0.6,1,1,2,1,1,0,0,2,0,3,9,-7,11.9,0,0,12.0,1,1,1,1,123,73,53,102,77,73,77,24,20,64,45,120,109,79,68,79,53,154,1,25,74,117,123,10,1,117,1,106,102.0,105.7,105.7,121.3,122.2,122.2,-19.3,-16.5,-16.5,0.091,1.0,7.1,0.0,0.0,0.0,7.1,7.6,0.333,0.402,0.325,0.296,105.03,102.77,85.65,102.77,0.044,35,3.0,9.0,90,78,78,139,140,140,128,122,122,81,50,106,41,68,33,72,77,112,112,10,17,26,38,38,120,73,53,10,22,0.0,0,1,3,1,0.1,0.1,8,3,6,0.5,2,2,1.0,8,1.0,1,0.125,0,0.0,0,0.0,1,0.125,9,25,15,1.4,3.36,2.72,0.36,0,0,1,0.0,0.0,0.0,1.0,0.0,1.0,4.0,0.25,0.0,0.25,3.7,0.0,1.0,0.0,3.0,0.333,0.0,0.333,4.3,1.0,1.0,0.5,7.0,0.286,0.0,0.286,4.0,1.0,0.333,1.0,3.0,0.333,0.333,0.333,1.0,3.0,0.333,0.0,0.0,0.0,,0.444,2.0,4.0,0.5,0.5,0.444,2.0,4.0,0.5,0.0,0.0,0.0,,,,,,,,,,,,,,,0.222,0.0,2.0,0.0,0.0,0.0,0.0,0.0,,0.222,0.0,2.0,0.0,0,0,,0,0.0,0.0,,,0,0.0,0,0.0,0,0.0,0,0.0,0.333,2.0,5.0,0.4,1.0,2.0,0.5,0.0,0.0,0.0,0.0,0.0,0.0,0.0,1.0,0.0,0.0,1.0,0.0,0.0,0.0,0.0,0.0,1.0,0.0,TOR,3.0,6.0,0.5,0.0,1.0,0.0,0.0,0.0,0.0,0.0,0.0,0.0,0.0,1.0,0.0,0.0,1.0,0.0,0.0,0.0,0.0,0.0,0.0,0.0,0.0,0.0,0.0,0,2,0.0,2.0,0.0,0.0,4.0,6.0,0.667,0.419,0.247,2.0,3.0,0.667,0.352,0.315,2.0,3.0,0.667,0.481,0.186,1.0,1.0,1.0,0.663,0.337,1.0,2.0,0.5,0.54,-0.04,2.0,3.0,0.667,0.35,0.317,3.0,1.0,2.0,3.0,0.0,0.0,0.0,0.0,0.0,0.0,0.0,0.0,0.0,0.0,0.0,0.0,0.0,0.0,0.0,0.0,0.0,6737,1.3,0.7,0.6,4.71,5.37,4.12,2017,20170321,False
1627855,Okaro White,Okaro,1610612748,MIA,24.0,1,1,0,1.0,8.833333333333334,1,3,0.333,0,0,0.0,2,2,1.0,3,1,4,1,2,0,0,1,0,1,4,1,8.3,0,0,9.0,1,1,1,1,146,122,131,102,77,116,77,36,44,1,12,120,66,79,27,79,53,111,1,84,119,76,138,10,1,131,1,104,117.3,115.8,115.8,104.6,105.0,105.0,12.7,10.8,10.8,0.143,0.5,14.3,0.0,0.125,0.0,28.6,29.1,0.333,0.515,0.25,0.258,105.53,105.96,88.3,105.96,0.113,19,1.0,3.0,38,40,40,92,92,92,50,55,55,52,77,75,41,24,33,155,155,112,81,36,34,22,18,18,66,122,131,14,6,0.0,0,2,3,1,0.071,0.071,1,0,1,0.0,0,0,0.0,0,0.0,0,0.0,0,0.0,0,0.0,0,0.0,4,19,9,0.5,1.7,0.63,0.211,2,1,4,0.0,0.0,0.5,2.0,1.0,0.667,6.0,0.5,0.0,0.5,14.2,0.0,1.0,0.0,3.0,0.333,0.0,0.333,6.8,2.0,2.0,0.5,9.0,0.444,0.0,0.444,12.3,1.0,0.333,1.0,1.0,1.0,1.0,0.333,1.0,1.0,1.0,0.0,0.0,0.0,,0.667,0.0,2.0,0.0,0.0,0.667,0.0,2.0,0.0,0.0,0.0,0.0,,,,,,,,,,,,,,,,,,,,,,,,,,,,0,0,,0,,,,,0,0.0,2,0.5,0,0.0,0,0.0,0.333,1.0,2.0,0.5,0.0,1.0,0.0,0.0,0.0,0.0,0.0,0.0,0.0,,,,0.0,0.0,0.0,0.0,0.0,0.0,0.0,0.0,0.0,MIA,1.0,2.0,0.5,0.0,1.0,0.0,0.0,0.0,0.0,,,,0.0,0.0,0.0,0.0,0.0,0.0,,,,,,,0.0,0.0,0.0,0,0,,,,,1.0,1.0,1.0,0.447,0.553,,,,,,1.0,1.0,1.0,0.517,0.483,1.0,1.0,1.0,0.586,0.414,1.0,1.0,1.0,0.56,0.44,,,,,,2.0,1.0,1.0,0.0,0.0,2.0,5.0,0.0,0.0,0.0,0.0,0.0,0.0,0.0,0.0,0.0,0.0,0.0,0.0,0.0,0.0,3541,0.7,0.4,0.3,4.76,5.24,4.25,2017,20170321,False
201956,Omri Casspi,Omri,1610612750,MIN,29.0,1,0,1,0.0,21.51,2,2,1.0,1,1,1.0,0,0,0.0,0,1,1,0,5,0,0,0,1,0,5,5,1.2,0,0,7.0,1,87,87,87,94,97,148,1,41,99,1,87,95,87,91,120,136,118,3,79,53,1,32,126,111,52,160,10,1,140,1,91,118.3,125.0,125.0,110.7,107.1,107.1,7.5,17.9,17.9,0.0,0.0,0.0,0.0,0.059,0.0,71.4,71.4,1.25,1.25,0.143,0.142,92.52,91.49,76.24,91.49,0.0,40,2.0,2.0,36,22,22,114,102,102,65,41,41,118,88,118,41,54,33,166,166,1,1,115,116,141,141,141,139,97,148,23,13,0.0,0,1,0,0,0.0,0.0,2,0,0,0.0,0,0,0.0,0,0.0,0,0.0,0,0.0,2,1.0,0,0.0,5,31,14,0.9,1.76,0.42,0.161,1,0,0,2.0,0.0,0.0,0.0,0.0,0.0,1.0,0.0,0.0,0.0,0.0,0.0,1.0,0.0,3.0,0.333,1.0,0.5,2.0,0.0,1.0,0.0,4.0,0.25,1.0,0.333,2.0,,,,,,,,,,,,,,,0.5,1.0,1.0,1.0,1.0,0.5,1.0,1.0,1.0,0.0,0.0,0.0,,,,,,,,,,,,,,,0.5,1.0,1.0,1.0,1.5,0.0,0.0,0.0,,0.5,1.0,1.0,1.0,0,0,,0,0.0,0.0,,,3,1.0,0,0.0,0,0.0,2,1.0,1.25,1.0,1.0,1.0,0.0,0.0,0.0,0.0,0.0,0.0,0.0,0.0,0.0,0.0,0.0,0.0,1.0,1.0,1.0,,,,0.0,0.0,0.0,MIN,1.0,1.0,1.0,0.0,0.0,0.0,0.0,0.0,0.0,0.0,0.0,0.0,0.0,0.0,0.0,1.0,1.0,1.0,,,,,,,0.0,0.0,0.0,1,1,1.0,1.0,1.0,1.5,3.0,8.0,0.375,0.448,-0.073,1.0,3.0,0.333,0.365,-0.032,2.0,5.0,0.4,0.484,-0.084,,,,,,,,,,,1.0,5.0,0.2,0.387,-0.187,5.0,3.0,2.0,0.0,0.0,0.0,0.0,0.0,0.0,1.0,0.0,0.0,0.0,0.0,0.0,0.0,0.0,0.0,0.0,0.0,0.0,7926,1.5,0.8,0.7,4.2,4.53,3.86,2017,20170321,False
200782,P.J. Tucker,P.J.,1610612761,TOR,32.0,1,1,0,1.0,33.416666666666664,3,6,0.5,2,4,0.5,0,0,0.0,2,10,12,1,1,1,0,1,4,2,8,15,25.9,0,0,25.0,1,1,1,1,33,73,90,53,17,32,18,87,95,87,26,3,7,79,68,33,53,111,149,50,81,18,42,10,1,42,1,106,109.5,109.6,109.6,90.9,90.3,90.3,18.6,19.3,19.3,0.034,1.0,12.5,0.056,0.278,0.167,12.5,12.5,0.667,0.667,0.084,0.084,103.79,104.14,86.78,104.14,0.124,73,3.0,6.0,56,62,62,37,32,32,35,35,35,117,50,82,19,2,4,103,104,28,39,152,154,30,28,28,55,73,90,34,19,0.0,0,3,2,1,0.029,0.029,1,0,1,0.0,0,0,0.0,0,0.0,0,0.0,0,0.0,0,0.0,0,0.0,8,41,24,0.9,1.36,0.54,0.195,0,0,3,0.0,0.0,0.667,2.0,0.0,1.0,6.0,0.333,0.0,0.333,5.1,2.0,8.0,0.2,12.0,0.833,1.0,0.909,6.7,4.0,8.0,0.333,18.0,0.667,1.0,0.706,6.5,1.0,0.333,1.0,2.0,0.5,0.5,0.333,1.0,2.0,0.5,0.0,0.0,0.0,,,,,,,,,,,,,,,0.167,0.0,1.0,0.0,0.0,0.0,0.0,0.0,,0.167,0.0,1.0,0.0,0.5,2.0,3.0,0.667,1.0,0.0,0.0,0.0,,0.5,2.0,3.0,0.667,0,0,,0,0.0,0.0,,,6,0.5,2,1.0,0,0.0,0,0.0,0.667,1.0,1.0,1.0,0.0,1.0,0.0,0.0,0.0,0.0,2.0,4.0,0.5,0.0,0.0,0.0,0.0,0.0,0.0,0.0,0.0,0.0,2.0,4.0,0.5,TOR,1.0,1.0,1.0,0.0,1.0,0.0,0.0,0.0,0.0,0.0,0.0,0.0,2.0,4.0,0.5,0.0,0.0,0.0,0.0,0.0,0.0,0.0,0.0,0.0,0.0,0.0,0.0,2,4,2.0,4.0,0.5,0.75,3.0,10.0,0.3,0.428,-0.128,2.0,6.0,0.333,0.356,-0.022,1.0,4.0,0.25,0.451,-0.201,1.0,1.0,1.0,0.556,0.444,1.0,1.0,1.0,0.525,0.475,2.0,8.0,0.25,0.352,-0.102,9.0,3.0,6.0,2.0,0.0,5.0,10.0,0.0,0.0,2.0,0.0,0.0,0.0,0.0,0.0,0.0,0.0,0.0,0.0,0.0,0.0,11774,2.2,1.1,1.1,3.96,4.17,3.77,2017,20170321,False
1627775,Patrick McCaw,Patrick,1610612744,GSW,21.0,1,1,0,1.0,29.868333333333332,4,7,0.571,2,3,0.667,0,0,0.0,0,3,3,2,0,1,0,0,2,0,10,6,19.6,0,0,19.0,1,1,1,1,52,53,77,32,17,55,9,87,95,87,91,65,89,52,116,33,53,1,74,126,63,47,74,10,1,72,1,96,112.6,111.3,111.3,103.1,103.3,103.3,9.5,8.0,8.0,0.091,0.0,22.2,0.0,0.088,0.0,0.0,0.0,0.714,0.714,0.108,0.111,98.32,98.83,82.36,98.83,0.087,62,4.0,7.0,50,56,56,85,84,84,61,63,63,81,88,37,41,41,33,1,1,22,27,139,142,70,72,72,89,53,77,25,29,0.0,0,4,5,2,0.08,0.08,1,0,0,0.0,0,0,0.0,0,0.0,0,0.0,1,1.0,0,0.0,0,0.0,10,34,28,1.4,2.4,1.24,0.294,0,0,1,0.0,0.0,2.0,0.0,0.0,0.0,0.0,0.0,0.0,0.0,0.0,1.0,2.0,0.333,5.0,0.6,0.0,0.6,7.1,1.0,2.0,0.333,5.0,0.6,0.0,0.6,7.1,,,,,,,,,,,,,,,,,,,,,,,,,,,,0.429,2.0,3.0,0.667,0.667,0.429,2.0,3.0,0.667,0.0,0.0,0.0,,0.571,2.0,4.0,0.5,0.75,0.143,0.0,1.0,0.0,0.429,2.0,3.0,0.667,0,0,,0,0.0,0.0,,,6,0.4,2,1.0,0,0.0,0,0.0,0.714,2.0,2.0,1.0,0.0,0.0,0.0,0.0,2.0,0.0,0.0,0.0,0.0,1.0,1.0,1.0,1.0,2.0,0.5,0.0,0.0,0.0,1.0,1.0,1.0,GSW,2.0,2.0,1.0,0.0,0.0,0.0,0.0,0.0,0.0,0.0,0.0,0.0,2.0,5.0,0.4,0.0,0.0,0.0,,,,,,,0.0,0.0,0.0,2,5,2.0,3.0,0.667,0.6,5.0,6.0,0.833,0.437,0.397,3.0,4.0,0.75,0.368,0.383,2.0,2.0,1.0,0.495,0.505,1.0,1.0,1.0,0.655,0.345,1.0,1.0,1.0,0.598,0.402,4.0,5.0,0.8,0.391,0.409,6.0,2.0,4.0,3.0,0.0,0.0,0.0,0.0,0.0,1.0,0.0,0.0,0.0,0.0,0.0,0.0,0.0,0.0,0.0,0.0,0.0,10812,2.0,1.0,1.0,4.03,4.46,3.68,2017,20170321,False
202335,Patrick Patterson,Patrick,1610612761,TOR,28.0,1,1,0,1.0,23.251666666666665,3,4,0.75,0,0,0.0,0,0,0.0,2,5,7,1,0,0,2,0,2,2,6,12,21.9,0,0,18.0,1,1,1,1,86,73,115,9,77,116,77,87,95,87,26,27,22,79,116,79,5,1,74,50,101,25,64,10,1,77,1,106,101.0,102.0,102.0,77.0,76.9,76.9,24.0,25.0,25.0,0.063,0.0,20.0,0.08,0.156,0.123,0.0,0.0,0.75,0.75,0.068,0.067,106.77,106.31,88.6,106.31,0.183,51,3.0,4.0,93,92,92,12,12,12,29,25,25,99,88,45,13,17,7,1,1,14,19,161,161,17,16,16,17,73,115,22,9,0.0,0,1,0,0,0.045,0.0,3,2,3,0.667,0,0,0.0,4,1.333,0,0.0,0,0.0,0,0.0,0,0.0,6,26,11,0.6,1.39,0.46,0.231,0,0,1,0.0,0.0,2.0,1.0,1.0,0.5,4.0,0.5,0.0,0.5,13.6,0.0,5.0,0.0,7.0,0.714,0.0,0.714,4.4,1.0,6.0,0.143,11.0,0.636,0.0,0.636,7.1,1.0,0.25,1.0,1.0,1.0,1.0,0.25,1.0,1.0,1.0,0.0,0.0,0.0,,0.75,2.0,3.0,0.667,0.667,0.75,2.0,3.0,0.667,0.0,0.0,0.0,,,,,,,,,,,,,,,,,,,,,,,,,,,,0,0,,0,,,,,0,0.0,2,1.0,0,0.0,0,0.0,0.75,2.0,2.0,1.0,1.0,2.0,0.5,0.0,0.0,0.0,0.0,0.0,0.0,0.0,0.0,0.0,0.0,0.0,0.0,0.0,0.0,0.0,0.0,0.0,0.0,TOR,2.0,2.0,1.0,1.0,2.0,0.5,0.0,0.0,0.0,0.0,0.0,0.0,0.0,0.0,0.0,0.0,0.0,0.0,0.0,0.0,0.0,0.0,0.0,0.0,0.0,0.0,0.0,0,0,,,,,2.0,14.0,0.143,0.442,-0.299,0.0,5.0,0.0,0.344,-0.344,2.0,9.0,0.222,0.482,-0.259,1.0,5.0,0.2,0.594,-0.394,1.0,7.0,0.143,0.545,-0.402,1.0,7.0,0.143,0.365,-0.222,15.0,9.0,6.0,0.0,0.0,3.0,6.0,0.0,0.0,0.0,0.0,0.0,0.0,0.0,0.0,0.0,0.0,0.0,0.0,0.0,0.0,8731,1.7,0.9,0.8,4.39,4.81,4.0,2017,20170321,False
201988,Patty Mills,Patty,1610612759,SAS,28.0,1,1,0,1.0,20.623333333333335,3,5,0.6,2,4,0.5,0,0,0.0,1,1,2,3,2,0,0,0,1,3,8,12,12.9,0,0,15.0,1,1,1,1,98,73,105,25,17,32,18,87,95,87,45,120,109,35,27,79,53,1,32,25,81,25,111,10,1,90,1,92,134.7,128.6,128.6,104.6,102.4,102.4,30.1,26.1,26.1,0.167,1.5,30.0,0.0,0.0,0.0,20.0,20.0,0.8,0.8,0.152,0.159,93.38,96.59,80.49,96.59,0.087,42,3.0,5.0,10,16,16,92,80,80,21,24,24,48,40,19,41,68,33,129,130,10,13,106,102,136,89,89,90,73,105,39,41,0.0,1,3,6,3,0.077,0.077,0,0,0,0.0,0,0,0.0,0,0.0,0,0.0,0,0.0,0,0.0,0,0.0,8,49,20,3.3,4.01,4.8,0.163,0,0,0,0.0,0.0,0.0,0.0,1.0,0.0,3.0,0.333,0.0,0.333,14.9,0.0,1.0,0.0,1.0,1.0,0.0,1.0,10.2,0.0,2.0,0.0,4.0,0.5,0.0,0.5,12.5,,,,,,,,,,,,,,,,,,,,,,,,,,,,0.8,2.0,4.0,0.5,0.625,0.2,1.0,1.0,1.0,0.6,1.0,3.0,0.333,0.2,1.0,1.0,1.0,1.5,0.0,0.0,0.0,,0.2,1.0,1.0,1.0,0,0,,0,0.0,0.0,,,6,0.5,0,0.0,0,0.0,0,0.0,0.8,1.0,1.0,1.0,0.0,0.0,0.0,0.0,0.0,0.0,0.0,1.0,0.0,,,,2.0,3.0,0.667,0.0,0.0,0.0,0.0,1.0,0.0,SAS,1.0,1.0,1.0,0.0,0.0,0.0,0.0,0.0,0.0,0.0,0.0,0.0,2.0,4.0,0.5,0.0,0.0,0.0,,,,,,,0.0,0.0,0.0,2,4,2.0,4.0,0.5,0.75,1.0,2.0,0.5,0.477,0.023,,,,,,1.0,2.0,0.5,0.492,0.008,1.0,1.0,1.0,0.61,0.39,1.0,1.0,1.0,0.576,0.424,0.0,1.0,0.0,0.364,-0.364,0.0,0.0,0.0,3.0,1.0,0.0,0.0,0.0,0.0,0.0,0.0,0.0,0.0,0.0,0.0,0.0,0.0,0.0,0.0,0.0,0.0,8542,1.6,0.9,0.8,4.67,5.62,4.38,2017,20170321,False
2200,Pau Gasol,Pau,1610612759,SAS,36.0,1,1,0,1.0,24.383333333333333,4,7,0.571,1,3,0.333,2,2,1.0,0,7,7,2,3,0,1,0,4,1,11,10,22.4,0,0,23.0,1,1,1,1,80,53,77,32,41,55,50,36,44,1,91,13,22,52,11,79,20,1,149,84,55,31,61,10,1,50,1,92,114.4,114.3,114.3,92.7,95.8,95.8,21.6,18.5,18.5,0.111,0.67,15.4,0.0,0.0,0.0,23.1,23.3,0.643,0.698,0.208,0.209,97.01,95.48,79.56,95.48,0.121,49,4.0,7.0,46,46,46,43,49,49,34,38,38,72,73,68,41,68,33,139,139,40,30,66,67,90,104,104,57,53,77,42,30,0.0,0,7,4,2,0.048,0.048,4,2,3,0.667,0,0,0.0,4,1.0,0,0.0,0,0.0,1,0.25,0,0.0,11,55,31,1.3,1.44,0.36,0.2,1,2,4,0.0,0.0,0.5,0.0,0.0,0.0,2.0,0.0,0.0,0.0,0.0,4.0,3.0,0.571,11.0,0.636,1.0,0.7,6.7,4.0,3.0,0.571,13.0,0.538,1.0,0.583,6.7,1.0,0.429,3.0,3.0,1.0,1.0,0.429,3.0,3.0,1.0,0.0,0.0,0.0,,0.143,0.0,1.0,0.0,0.0,0.143,0.0,1.0,0.0,0.0,0.0,0.0,,0.143,0.0,1.0,0.0,0.0,0.0,0.0,0.0,,0.143,0.0,1.0,0.0,0.286,1.0,2.0,0.5,0.75,0.0,0.0,0.0,,0.286,1.0,2.0,0.5,0,0,,0,0.0,0.0,,,5,0.5,2,1.0,0,0.0,0,0.0,0.643,0.0,1.0,0.0,2.0,2.0,1.0,1.0,1.0,1.0,0.0,0.0,0.0,,,,1.0,3.0,0.333,0.0,0.0,0.0,0.0,0.0,0.0,SAS,1.0,2.0,0.5,1.0,1.0,1.0,1.0,1.0,1.0,0.0,0.0,0.0,1.0,2.0,0.5,0.0,1.0,0.0,,,,,,,0.0,0.0,0.0,1,3,1.0,3.0,0.333,0.5,5.0,13.0,0.385,0.498,-0.114,1.0,1.0,1.0,0.372,0.628,4.0,12.0,0.333,0.535,-0.202,4.0,10.0,0.4,0.619,-0.219,4.0,10.0,0.4,0.564,-0.164,1.0,2.0,0.5,0.41,0.09,8.0,8.0,0.0,0.0,0.0,2.0,4.0,0.0,0.0,2.0,0.0,0.0,0.0,0.0,0.0,0.0,0.0,0.0,0.0,0.0,0.0,8597,1.6,0.9,0.8,3.95,4.74,3.71,2017,20170321,False
1718,Paul Pierce,Paul,1610612746,LAC,39.0,1,1,0,1.0,7.388333333333334,0,0,0.0,0,0,0.0,0,0,0.0,0,2,2,0,0,0,1,0,1,0,0,18,5.4,0,0,4.0,1,1,1,1,152,142,162,142,77,116,77,87,95,87,91,90,109,118,116,79,20,1,32,126,148,9,147,10,1,149,1,99,180.1,178.6,178.6,45.7,46.7,46.7,134.4,131.9,131.9,0.0,0.0,0.0,0.0,0.167,0.0,0.0,0.0,0.0,0.0,0.0,0.0,94.85,94.2,78.5,94.2,0.061,14,0.0,0.0,1,1,1,2,2,2,1,1,1,118,88,118,41,15,33,1,1,142,148,165,165,121,122,122,109,142,162,6,3,0.0,0,0,0,0,0.0,0.0,0,0,0,0.0,0,0,0.0,0,0.0,0,0.0,0,0.0,0,0.0,0,0.0,0,6,3,0.1,1.48,0.0,0.0,0,0,0,0.0,0.0,0.0,0.0,0.0,0.0,1.0,0.0,0.0,0.0,0.0,1.0,1.0,0.5,7.0,0.286,1.0,0.333,2.5,1.0,1.0,0.5,8.0,0.25,1.0,0.286,2.5,,,,,,,,,,,,,,,,,,,,,,,,,,,,,,,,,,,,,,,,,,,,,,,,,,,,,,0,0,,0,,,,,0,0.0,0,0.0,0,0.0,0,0.0,0.0,0.0,0.0,0.0,0.0,0.0,0.0,0.0,0.0,0.0,,,,,,,0.0,0.0,0.0,0.0,0.0,0.0,,,,LAC,0.0,0.0,0.0,0.0,0.0,0.0,0.0,0.0,0.0,0.0,0.0,0.0,0.0,0.0,0.0,0.0,0.0,0.0,0.0,0.0,0.0,,,,0.0,0.0,0.0,0,0,,,,,1.0,3.0,0.333,0.444,-0.111,,,,,,1.0,3.0,0.333,0.517,-0.184,1.0,2.0,0.5,0.604,-0.104,1.0,3.0,0.333,0.529,-0.195,,,,,,3.0,3.0,0.0,0.0,0.0,0.0,0.0,0.0,0.0,0.0,0.0,0.0,0.0,0.0,0.0,0.0,0.0,0.0,0.0,0.0,0.0,2526,0.5,0.2,0.3,4.07,3.47,4.59,2017,20170321,False
1627835,Paul Zipser,Paul,1610612741,CHI,23.0,1,0,1,0.0,40.49666666666667,5,9,0.556,2,5,0.4,0,0,0.0,1,4,5,4,3,1,2,0,5,0,12,2,30.0,0,0,29.0,1,87,87,87,6,42,53,40,17,19,42,87,95,87,45,42,43,20,11,33,5,1,160,126,45,69,31,10,1,30,1,107,115.0,115.7,115.7,114.5,114.6,114.6,0.5,1.0,1.0,0.138,1.33,25.0,0.023,0.105,0.061,18.8,18.8,0.667,0.667,0.129,0.13,98.14,97.79,81.49,97.79,0.063,83,5.0,9.0,41,42,42,125,128,128,83,82,82,60,45,27,40,33,21,128,128,28,39,125,125,74,76,76,108,42,53,36,29,0.0,0,5,12,4,0.111,0.111,9,3,4,0.75,0,0,0.0,6,0.667,4,0.444,1,0.111,0,0.0,0,0.0,12,49,32,1.6,1.93,0.69,0.245,0,0,1,0.0,0.0,0.0,0.0,1.0,0.0,4.0,0.25,0.0,0.25,6.1,0.0,4.0,0.0,9.0,0.444,1.0,0.5,5.8,0.0,5.0,0.0,13.0,0.385,1.0,0.417,5.9,1.0,0.333,2.0,3.0,0.667,0.667,0.333,2.0,3.0,0.667,0.0,0.0,0.0,,0.222,1.0,2.0,0.5,0.75,0.0,0.0,0.0,,0.222,1.0,2.0,0.5,0.333,1.0,3.0,0.333,0.333,0.111,1.0,1.0,1.0,0.222,0.0,2.0,0.0,0.111,1.0,1.0,1.0,1.5,0.0,0.0,0.0,,0.111,1.0,1.0,1.0,1,2,0.5,2,0.0,1.0,0.0,0.5,6,0.5,0,0.0,0,0.0,0,0.0,0.667,2.0,3.0,0.667,0.0,0.0,0.0,1.0,1.0,1.0,1.0,1.0,1.0,0.0,1.0,0.0,1.0,2.0,0.5,0.0,1.0,0.0,1.0,2.0,0.5,CHI,2.0,3.0,0.667,0.0,0.0,0.0,1.0,1.0,1.0,0.0,0.0,0.0,1.0,2.0,0.5,1.0,2.0,0.5,0.0,0.0,0.0,0.0,0.0,0.0,0.0,1.0,0.0,2,4,2.0,4.0,0.5,0.75,2.0,12.0,0.167,0.447,-0.28,0.0,3.0,0.0,0.307,-0.307,2.0,9.0,0.222,0.477,-0.254,2.0,7.0,0.286,0.597,-0.311,2.0,8.0,0.25,0.535,-0.285,0.0,4.0,0.0,0.355,-0.355,12.0,9.0,3.0,2.0,0.0,0.0,0.0,0.0,0.0,0.0,0.0,0.0,0.0,0.0,0.0,0.0,0.0,0.0,0.0,0.0,0.0,15015,2.8,1.6,1.3,4.16,4.55,4.04,2017,20170321,False
203112,Quincy Acy,Quincy,1610612751,BKN,26.0,1,1,0,1.0,23.053333333333335,2,4,0.5,1,2,0.5,2,2,1.0,1,3,4,1,0,0,0,0,2,3,7,3,13.3,0,0,13.0,1,1,1,1,87,97,115,53,41,73,18,36,44,1,45,65,66,79,116,79,53,1,74,25,93,63,109,10,1,104,1,94,107.9,104.3,104.3,105.7,104.5,104.5,2.2,-0.3,-0.3,0.063,0.0,16.7,0.038,0.125,0.08,0.0,0.0,0.625,0.717,0.091,0.091,92.57,94.74,78.95,94.74,0.088,47,2.0,4.0,62,83,83,98,90,90,78,88,88,99,88,57,28,24,15,1,1,44,26,147,149,140,117,117,88,97,115,32,24,0.0,0,2,3,1,0.031,0.031,3,1,2,0.5,0,0,0.0,2,0.667,0,0.0,1,0.333,0,0.0,0,0.0,7,38,25,0.9,1.39,0.45,0.184,1,0,2,2.0,0.0,0.0,1.0,0.0,1.0,6.0,0.167,1.0,0.2,5.5,1.0,2.0,0.333,6.0,0.5,0.0,0.5,2.9,2.0,2.0,0.5,12.0,0.333,1.0,0.364,3.6,1.0,0.5,1.0,2.0,0.5,0.5,0.5,1.0,2.0,0.5,0.0,0.0,0.0,,,,,,,,,,,,,,,0.25,0.0,1.0,0.0,0.0,0.0,0.0,0.0,,0.25,0.0,1.0,0.0,0.25,1.0,1.0,1.0,1.5,0.0,0.0,0.0,,0.25,1.0,1.0,1.0,0,0,,0,0.0,0.0,,,3,0.5,0,0.0,0,0.0,2,0.0,0.625,1.0,2.0,0.5,0.0,0.0,0.0,0.0,0.0,0.0,0.0,0.0,0.0,0.0,0.0,0.0,1.0,2.0,0.5,,,,0.0,0.0,0.0,BKN,1.0,2.0,0.5,0.0,0.0,0.0,0.0,0.0,0.0,0.0,0.0,0.0,0.0,0.0,0.0,1.0,2.0,0.5,,,,,,,0.0,0.0,0.0,1,2,1.0,2.0,0.5,0.75,3.0,10.0,0.3,0.465,-0.165,0.0,2.0,0.0,0.339,-0.339,3.0,8.0,0.375,0.512,-0.137,1.0,2.0,0.5,0.586,-0.086,1.0,2.0,0.5,0.527,-0.027,2.0,5.0,0.4,0.383,0.017,6.0,4.0,2.0,1.0,0.0,0.0,0.0,0.0,0.0,0.0,0.0,0.0,0.0,0.0,0.0,0.0,0.0,0.0,0.0,0.0,0.0,8413,1.6,0.9,0.7,4.19,4.42,3.91,2017,20170321,False
1626188,Quinn Cook,Quinn,1610612740,NOP,24.0,1,1,0,1.0,0.4,0,0,0.0,0,0,0.0,0,0,0.0,0,0,0,0,0,0,0,0,0,0,0,0,0.0,0,0,0.0,1,1,1,1,168,142,162,142,77,116,77,87,95,87,91,149,160,118,116,79,53,1,1,126,148,81,163,10,1,165,1,95,0.0,0.0,0.0,0.0,0.0,0.0,0.0,0.0,0.0,0.0,0.0,0.0,0.0,0.0,0.0,0.0,0.0,0.0,0.0,0.0,0.0,60.0,120.0,100.0,120.0,0.0,1,0.0,0.0,167,167,167,1,1,1,85,84,84,118,88,118,41,68,33,1,1,142,148,165,165,168,3,3,139,142,162,0,1,,0,0,0,0,0.0,0.0,0,0,0,0.0,0,0,0.0,0,0.0,0,0.0,0,0.0,0,0.0,0,0.0,0,1,0,0.3,16.72,17.0,0.0,0,0,0,0.0,0.0,0.0,,,,,,,,,,,,,,,,,,,,,,,,,,,,,,,,,,,,,,,,,,,,,,,,,,,,,,,,,,,,,,,,,,,,,,,,,,,,,,0,0,,0,,,,,0,0.0,0,0.0,0,0.0,0,0.0,0.0,,,,,,,,,,,,,,,,,,,,,,,,,,,,,,,,,,,,,,,,,,,,,,,,,,,,,0,0,,,,,,,,,,,,,,,,,,,,,,,,,,,,,,,,,,,,,,,,,,,,,,,,,,,,,,,,88,0.0,0.0,0.0,0.0,0.0,0.0,2017,20170321,False
200765,Rajon Rondo,Rajon,1610612741,CHI,31.0,1,0,1,0.0,40.445,9,16,0.563,4,7,0.571,2,2,1.0,1,4,5,8,4,4,0,2,4,1,24,-7,50.0,0,0,49.0,1,87,87,87,7,9,16,39,3,9,16,36,44,1,45,42,43,2,6,2,53,154,149,84,10,117,7,10,1,5,1,107,112.5,111.0,111.0,119.6,121.0,121.0,-7.2,-10.0,-10.0,0.333,2.0,27.6,0.0,0.098,0.0,13.8,13.9,0.688,0.711,0.239,0.24,96.63,96.72,80.6,96.72,0.154,82,9.0,16.0,52,58,58,135,139,139,103,108,108,11,24,24,41,36,33,109,110,26,29,44,44,95,87,87,35,9,16,73,78,1.0,1,16,21,10,0.11,0.137,13,4,8,0.5,0,0,0.0,8,0.615,3,0.231,2,0.154,0,0.0,0,0.0,24,96,43,7.4,4.61,3.86,0.25,1,1,2,2.0,0.0,1.0,0.0,1.0,0.0,4.0,0.25,1.0,0.333,26.6,1.0,3.0,0.25,6.0,0.667,0.0,0.667,6.4,1.0,4.0,0.2,10.0,0.5,1.0,0.556,10.4,,,,,,,,,,,,,,,0.375,4.0,6.0,0.667,0.667,0.375,4.0,6.0,0.667,0.0,0.0,0.0,,0.188,1.0,3.0,0.333,0.333,0.188,1.0,3.0,0.333,0.0,0.0,0.0,,0.438,4.0,7.0,0.571,0.857,0.0,0.0,0.0,,0.438,4.0,7.0,0.571,0,1,0.0,0,0.0,1.0,0.0,0.0,12,0.667,2,1.0,0,0.0,2,1.0,0.688,4.0,6.0,0.667,1.0,3.0,0.333,0.0,0.0,0.0,1.0,1.0,1.0,1.0,2.0,0.5,2.0,4.0,0.5,0.0,0.0,0.0,2.0,3.0,0.667,CHI,4.0,6.0,0.667,1.0,3.0,0.333,0.0,0.0,0.0,0.0,0.0,0.0,3.0,5.0,0.6,1.0,2.0,0.5,0.0,0.0,0.0,,,,0.0,0.0,0.0,4,6,4.0,6.0,0.667,1.0,2.0,5.0,0.4,0.431,-0.031,0.0,2.0,0.0,0.371,-0.371,2.0,3.0,0.667,0.47,0.197,1.0,1.0,1.0,0.605,0.395,1.0,2.0,0.5,0.522,-0.022,1.0,3.0,0.333,0.39,-0.057,4.0,2.0,2.0,5.0,0.0,0.0,0.0,0.0,0.0,2.0,0.0,0.0,0.0,0.0,0.0,0.0,0.0,0.0,0.0,0.0,0.0,14176,2.7,1.4,1.3,4.01,3.96,4.06,2017,20170321,False
200751,Randy Foye,Randy,1610612751,BKN,33.0,1,1,0,1.0,21.423333333333332,1,5,0.2,1,4,0.25,0,0,0.0,0,5,5,5,1,0,0,0,0,0,3,6,15.5,0,0,14.0,1,1,1,1,95,122,105,133,41,32,60,87,95,87,91,27,43,12,68,79,53,1,1,126,128,47,91,10,1,97,1,94,105.5,107.1,107.1,89.9,90.7,90.7,15.7,16.4,16.4,0.278,5.0,45.5,0.0,0.208,0.0,9.1,9.1,0.3,0.3,0.133,0.131,96.39,95.22,79.35,95.22,0.113,42,1.0,5.0,72,70,70,33,33,33,41,44,44,23,4,7,41,7,33,83,84,124,130,119,124,100,110,110,67,122,105,31,30,0.0,0,6,11,5,0.161,0.161,3,0,0,0.0,0,0,0.0,0,0.0,2,0.667,1,0.333,0,0.0,0,0.0,3,38,33,1.9,2.96,2.08,0.079,0,0,0,0.0,0.0,0.0,0.0,0.0,0.0,1.0,0.0,0.0,0.0,0.0,0.0,5.0,0.0,6.0,0.833,0.0,0.833,8.2,0.0,5.0,0.0,7.0,0.714,0.0,0.714,8.2,,,,,,,,,,,,,,,,,,,,,,,,,,,,0.6,0.0,3.0,0.0,0.0,0.2,0.0,1.0,0.0,0.4,0.0,2.0,0.0,0.4,1.0,2.0,0.5,0.75,0.0,0.0,0.0,,0.4,1.0,2.0,0.5,0,2,0.0,0,0.0,1.0,0.0,0.0,3,0.333,0,0.0,0,0.0,0,0.0,0.3,0.0,0.0,0.0,0.0,0.0,0.0,0.0,1.0,0.0,,,,0.0,0.0,0.0,1.0,4.0,0.25,,,,0.0,0.0,0.0,BKN,0.0,0.0,0.0,0.0,0.0,0.0,0.0,0.0,0.0,0.0,1.0,0.0,1.0,2.0,0.5,0.0,2.0,0.0,,,,,,,,,,1,3,1.0,3.0,0.333,0.5,4.0,8.0,0.5,0.437,0.064,1.0,3.0,0.333,0.344,-0.01,3.0,5.0,0.6,0.483,0.117,1.0,2.0,0.5,0.634,-0.134,1.0,2.0,0.5,0.558,-0.058,1.0,4.0,0.25,0.378,-0.128,2.0,1.0,1.0,0.0,0.0,0.0,0.0,0.0,0.0,0.0,0.0,0.0,0.0,0.0,0.0,0.0,0.0,0.0,0.0,0.0,0.0,7892,1.5,0.8,0.7,4.2,4.28,4.11,2017,20170321,False
101109,Raymond Felton,Raymond,1610612746,LAC,33.0,1,1,0,1.0,22.983333333333334,2,4,0.5,0,0,0.0,0,1,0.0,0,1,1,1,1,0,0,0,1,1,4,7,5.7,0,0,6.0,1,1,1,1,89,97,115,53,77,116,77,87,88,87,91,120,136,79,68,79,53,1,32,84,119,43,145,10,1,143,1,99,123.2,122.4,122.4,112.1,110.4,110.4,11.1,12.0,12.0,0.05,1.0,16.7,0.0,0.038,0.0,16.7,15.5,0.5,0.45,0.096,0.107,100.25,101.29,84.41,101.29,0.01,49,2.0,4.0,23,28,28,121,114,114,57,52,52,112,50,57,41,63,33,120,118,70,101,144,143,53,46,46,136,97,115,28,24,0.0,1,5,3,2,0.036,0.071,2,1,2,0.5,0,0,0.0,2,1.0,0,0.0,0,0.0,0,0.0,0,0.0,4,33,10,2.5,4.63,4.33,0.121,0,0,0,0.0,0.0,0.0,0.0,0.0,0.0,1.0,0.0,0.0,0.0,0.0,0.0,1.0,0.0,3.0,0.333,0.0,0.333,18.5,0.0,1.0,0.0,4.0,0.25,0.0,0.25,18.5,1.0,0.25,1.0,1.0,1.0,1.0,0.25,1.0,1.0,1.0,0.0,0.0,0.0,,0.5,1.0,2.0,0.5,0.5,0.5,1.0,2.0,0.5,0.0,0.0,0.0,,0.25,0.0,1.0,0.0,0.0,0.25,0.0,1.0,0.0,0.0,0.0,0.0,,,,,,,,,,,,,,,1,3,0.333,2,,,,0.333,0,0.0,0,0.0,0,0.0,0,0.0,0.5,1.0,1.0,1.0,0.0,1.0,0.0,1.0,2.0,0.5,0.0,0.0,0.0,0.0,0.0,0.0,0.0,0.0,0.0,0.0,0.0,0.0,0.0,0.0,0.0,LAC,1.0,1.0,1.0,0.0,0.0,0.0,0.0,1.0,0.0,0.0,1.0,0.0,1.0,1.0,1.0,0.0,0.0,0.0,0.0,0.0,0.0,,,,0.0,0.0,0.0,0,0,,,,,3.0,8.0,0.375,0.431,-0.056,2.0,5.0,0.4,0.343,0.057,1.0,3.0,0.333,0.477,-0.143,0.0,1.0,0.0,0.574,-0.574,0.0,1.0,0.0,0.546,-0.546,3.0,7.0,0.429,0.363,0.065,5.0,2.0,3.0,2.0,0.0,0.0,0.0,0.0,0.0,0.0,0.0,0.0,0.0,0.0,0.0,0.0,0.0,0.0,0.0,0.0,0.0,8444,1.6,0.8,0.8,4.2,3.99,4.44,2017,20170321,False
203493,Reggie Bullock Jr.,Reggie,1610612765,DET,26.0,1,0,1,0.0,12.518333333333333,1,3,0.333,0,1,0.0,0,0,0.0,1,0,1,0,0,1,0,1,0,0,2,-1,6.2,0,0,5.0,1,87,87,87,141,122,131,102,77,99,77,87,95,87,45,149,136,118,116,33,53,111,1,126,133,88,144,10,1,145,1,95,84.2,83.3,83.3,90.1,91.3,91.3,-5.9,-8.0,-8.0,0.0,0.0,0.0,0.067,0.0,0.0,0.0,0.0,0.333,0.333,0.107,0.112,90.26,90.11,75.09,90.11,0.047,24,1.0,3.0,137,142,142,35,35,35,100,100,100,118,88,118,17,68,33,1,1,112,122,140,140,155,150,150,119,122,131,11,12,0.0,0,1,0,0,0.0,0.0,0,0,0,0.0,0,0,0.0,0,0.0,0,0.0,0,0.0,0,0.0,0,0.0,2,16,13,0.4,1.49,0.38,0.125,1,0,1,0.0,0.0,0.0,1.0,0.0,1.0,3.0,0.333,0.0,0.333,11.7,0.0,0.0,0.0,0.0,0.0,0.0,0.0,0.0,1.0,0.0,1.0,3.0,0.333,0.0,0.333,11.7,,,,,,,,,,,,,,,0.333,0.0,1.0,0.0,0.0,0.333,0.0,1.0,0.0,0.0,0.0,0.0,,0.333,0.0,1.0,0.0,0.0,0.0,0.0,0.0,,0.333,0.0,1.0,0.0,0.333,1.0,1.0,1.0,1.0,0.333,1.0,1.0,1.0,0.0,0.0,0.0,,0,0,,0,0.0,0.0,,,2,0.5,0,0.0,0,0.0,0,0.0,0.333,0.0,1.0,0.0,0.0,0.0,0.0,1.0,1.0,1.0,,,,,,,0.0,1.0,0.0,,,,,,,DET,0.0,1.0,0.0,0.0,0.0,0.0,0.0,0.0,0.0,0.0,0.0,0.0,1.0,2.0,0.5,0.0,0.0,0.0,,,,,,,,,,1,2,0.0,1.0,0.0,0.5,2.0,4.0,0.5,0.52,-0.02,0.0,1.0,0.0,0.333,-0.333,2.0,3.0,0.667,0.563,0.104,2.0,2.0,1.0,0.652,0.348,2.0,2.0,1.0,0.596,0.404,0.0,1.0,0.0,0.368,-0.368,3.0,2.0,1.0,3.0,0.0,0.0,0.0,0.0,0.0,0.0,0.0,0.0,0.0,0.0,0.0,0.0,0.0,0.0,0.0,0.0,0.0,5004,0.9,0.5,0.4,4.31,4.98,3.69,2017,20170321,False
202704,Reggie Jackson,Reggie,1610612765,DET,27.0,1,0,1,0.0,20.166666666666668,3,9,0.333,1,2,0.5,0,0,0.0,1,1,2,2,1,0,0,1,2,0,7,-12,11.4,0,0,12.0,1,87,87,87,101,73,53,102,41,73,18,87,95,87,45,120,109,52,68,79,53,111,74,126,93,143,124,10,1,117,1,95,82.6,84.2,84.2,108.6,110.0,110.0,-26.0,-25.8,-25.8,0.2,2.0,16.7,0.043,0.0,0.0,8.3,8.3,0.389,0.389,0.238,0.239,94.35,92.83,77.36,92.83,0.021,38,3.0,9.0,143,139,139,107,111,111,139,139,139,39,24,57,26,68,33,78,78,102,114,45,45,128,136,136,131,73,53,32,40,0.0,1,4,5,3,0.063,0.094,5,1,3,0.333,0,0,0.0,2,0.4,1,0.2,0,0.0,0,0.0,0,0.0,7,44,9,4.0,5.45,6.14,0.159,0,0,2,0.0,0.0,0.0,0.0,1.0,0.0,2.0,0.5,1.0,1.0,11.1,0.0,1.0,0.0,6.0,0.167,2.0,0.25,13.2,0.0,2.0,0.0,8.0,0.25,3.0,0.4,12.2,1.0,0.111,0.0,1.0,0.0,0.0,0.111,0.0,1.0,0.0,0.0,0.0,0.0,,0.444,1.0,4.0,0.25,0.25,0.333,1.0,3.0,0.333,0.111,0.0,1.0,0.0,0.444,2.0,4.0,0.5,0.625,0.333,1.0,3.0,0.333,0.111,1.0,1.0,1.0,,,,,,,,,,,,,,0,4,0.0,0,0.0,1.0,0.0,0.0,5,1.0,0,0.0,0,0.0,0,0.0,0.389,0.0,1.0,0.0,1.0,3.0,0.333,1.0,3.0,0.333,0.0,0.0,0.0,0.0,1.0,0.0,1.0,1.0,1.0,,,,0.0,1.0,0.0,DET,0.0,1.0,0.0,1.0,3.0,0.333,1.0,1.0,1.0,0.0,1.0,0.0,1.0,3.0,0.333,0.0,0.0,0.0,,,,,,,,,,2,2,1.0,1.0,1.0,1.25,0.0,4.0,0.0,0.476,-0.476,0.0,3.0,0.0,0.333,-0.333,0.0,1.0,0.0,0.462,-0.462,0.0,1.0,0.0,0.554,-0.554,0.0,1.0,0.0,0.5,-0.5,0.0,3.0,0.0,0.351,-0.351,5.0,3.0,2.0,0.0,0.0,0.0,0.0,0.0,0.0,0.0,0.0,0.0,0.0,0.0,0.0,0.0,0.0,0.0,0.0,0.0,0.0,7596,1.4,0.8,0.7,4.17,4.96,4.02,2017,20170321,False
201937,Ricky Rubio,Ricky,1610612750,MIN,26.0,1,0,1,0.0,30.066666666666666,3,10,0.3,1,2,0.5,2,2,1.0,1,5,6,7,4,2,0,2,2,2,9,-17,28.7,0,0,27.0,1,87,87,87,51,73,48,120,41,73,18,36,44,1,45,27,36,6,6,12,53,154,74,50,74,158,32,10,1,34,1,91,83.9,84.7,84.7,109.4,111.7,111.7,-25.5,-26.9,-26.9,0.5,1.75,31.8,0.034,0.0,0.0,18.2,18.3,0.35,0.414,0.224,0.223,96.46,94.99,79.16,94.99,0.108,59,3.0,10.0,140,137,137,108,118,118,138,142,142,1,38,17,29,68,33,125,126,111,107,57,57,98,114,114,72,73,48,57,62,3.0,2,13,22,12,0.123,0.211,8,1,4,0.25,0,0,0.0,2,0.25,4,0.5,0,0.0,0,0.0,0,0.0,9,75,22,7.9,6.32,6.61,0.12,0,0,0,0.0,0.0,0.0,0.0,1.0,0.0,3.0,0.333,1.0,0.5,29.5,0.0,5.0,0.0,7.0,0.714,0.0,0.714,5.9,0.0,6.0,0.0,10.0,0.6,1.0,0.667,9.8,1.0,0.2,1.0,2.0,0.5,0.5,0.2,1.0,2.0,0.5,0.0,0.0,0.0,,0.4,1.0,4.0,0.25,0.25,0.4,1.0,4.0,0.25,0.0,0.0,0.0,,0.1,0.0,1.0,0.0,0.0,0.1,0.0,1.0,0.0,0.0,0.0,0.0,,0.3,1.0,3.0,0.333,0.5,0.1,0.0,1.0,0.0,0.2,1.0,2.0,0.5,1,4,0.25,2,0.0,0.0,,0.25,3,0.5,0,0.0,0,0.0,0,0.0,0.35,1.0,3.0,0.333,0.0,1.0,0.0,1.0,4.0,0.25,0.0,0.0,0.0,0.0,0.0,0.0,1.0,2.0,0.5,0.0,0.0,0.0,0.0,0.0,0.0,MIN,1.0,3.0,0.333,0.0,1.0,0.0,0.0,0.0,0.0,1.0,2.0,0.5,0.0,3.0,0.0,1.0,1.0,1.0,,,,,,,0.0,0.0,0.0,1,2,1.0,2.0,0.5,0.75,2.0,7.0,0.286,0.475,-0.189,,,,,,2.0,7.0,0.286,0.486,-0.2,1.0,3.0,0.333,0.629,-0.296,2.0,4.0,0.5,0.568,-0.068,0.0,2.0,0.0,0.449,-0.449,2.0,2.0,0.0,5.0,1.0,0.0,0.0,0.0,0.0,2.0,0.0,0.0,0.0,0.0,0.0,0.0,0.0,0.0,0.0,0.0,0.0,11398,2.2,1.2,1.0,4.4,4.72,4.07,2017,20170321,False
201577,Robin Lopez,Robin,1610612741,CHI,29.0,1,0,1,0.0,24.61,5,8,0.625,0,0,0.0,2,2,1.0,3,1,4,1,1,0,3,0,1,4,12,12,26.3,0,0,23.0,1,87,87,87,76,42,67,23,77,116,77,36,44,1,12,120,66,79,68,79,2,1,32,12,45,25,41,10,1,50,1,107,149.2,148.9,148.9,127.1,126.1,126.1,22.1,22.8,22.8,0.053,1.0,10.0,0.0,0.043,0.0,10.0,9.2,0.625,0.676,0.17,0.187,90.27,90.69,75.58,90.69,0.1,47,5.0,8.0,2,2,2,151,150,150,31,29,29,108,50,94,41,61,33,91,87,44,37,97,85,154,146,146,75,42,67,22,22,0.0,0,2,2,1,0.045,0.045,1,1,1,1.0,0,0,0.0,3,3.0,0,0.0,0,0.0,0,0.0,0,0.0,12,30,24,0.7,1.33,0.37,0.4,3,0,3,1.333,0.0,0.0,3.0,0.0,1.0,4.0,0.75,0.0,0.75,5.3,1.0,0.0,1.0,5.0,0.2,1.0,0.25,0.6,4.0,0.0,1.0,9.0,0.444,1.0,0.5,4.1,1.0,0.375,0.0,3.0,0.0,0.0,0.375,0.0,3.0,0.0,0.0,0.0,0.0,,0.375,3.0,3.0,1.0,1.0,0.375,3.0,3.0,1.0,0.0,0.0,0.0,,0.125,1.0,1.0,1.0,1.0,0.125,1.0,1.0,1.0,0.0,0.0,0.0,,0.125,1.0,1.0,1.0,1.0,0.125,1.0,1.0,1.0,0.0,0.0,0.0,,0,0,,0,,,,,4,0.667,0,0.0,0,0.0,4,1.0,0.625,1.0,3.0,0.333,3.0,3.0,1.0,1.0,2.0,0.5,0.0,0.0,0.0,0.0,0.0,0.0,0.0,0.0,0.0,0.0,0.0,0.0,0.0,0.0,0.0,CHI,1.0,3.0,0.333,2.0,2.0,1.0,0.0,0.0,0.0,2.0,2.0,1.0,0.0,1.0,0.0,0.0,0.0,0.0,0.0,0.0,0.0,,,,0.0,0.0,0.0,1,2,,,,0.5,12.0,16.0,0.75,0.496,0.254,1.0,2.0,0.5,0.358,0.142,11.0,14.0,0.786,0.52,0.265,6.0,6.0,1.0,0.619,0.381,7.0,8.0,0.875,0.581,0.294,3.0,5.0,0.6,0.407,0.193,19.0,17.0,2.0,0.0,0.0,4.0,8.0,0.0,0.0,1.0,0.0,0.0,0.0,0.0,0.0,0.0,0.0,0.0,0.0,0.0,0.0,8644,1.6,1.0,0.7,3.9,4.62,3.62,2017,20170321,False
203585,Rodney McGruder,Rodney,1610612748,MIA,25.0,1,1,0,1.0,24.265,1,4,0.25,0,2,0.0,0,0,0.0,1,4,5,4,1,0,1,1,2,0,2,2,16.0,0,0,13.0,1,1,1,1,82,122,115,124,77,73,77,87,95,87,45,42,43,20,68,79,20,111,74,126,133,69,89,10,1,104,1,104,94.7,92.5,92.5,83.0,87.0,87.0,11.6,5.4,5.4,0.211,4.0,44.4,0.0,0.138,0.0,11.1,11.1,0.25,0.25,0.083,0.085,107.18,105.83,88.19,105.83,0.074,53,1.0,4.0,108,118,118,21,24,24,53,71,71,35,7,8,41,20,33,97,99,128,135,153,153,14,19,19,97,122,115,22,16,0.0,0,5,9,4,0.182,0.182,2,0,0,0.0,0,0,0.0,0,0.0,1,0.5,0,0.0,1,0.5,0,0.0,2,27,13,0.9,2.06,1.48,0.074,0,0,3,0.0,0.0,0.0,0.0,1.0,0.0,1.0,1.0,0.0,1.0,8.4,0.0,4.0,0.0,9.0,0.444,1.0,0.5,6.0,0.0,5.0,0.0,10.0,0.5,1.0,0.556,6.5,,,,,,,,,,,,,,,0.25,0.0,1.0,0.0,0.0,0.25,0.0,1.0,0.0,0.0,0.0,0.0,,0.5,1.0,2.0,0.5,0.5,0.25,1.0,1.0,1.0,0.25,0.0,1.0,0.0,0.25,0.0,1.0,0.0,0.0,0.0,0.0,0.0,,0.25,0.0,1.0,0.0,0,0,,0,0.0,0.0,,,2,0.333,0,0.0,0,0.0,0,0.0,0.25,0.0,1.0,0.0,0.0,0.0,0.0,1.0,1.0,1.0,0.0,0.0,0.0,0.0,0.0,0.0,0.0,2.0,0.0,0.0,0.0,0.0,0.0,0.0,0.0,MIA,0.0,1.0,0.0,0.0,0.0,0.0,0.0,0.0,0.0,0.0,0.0,0.0,1.0,2.0,0.5,0.0,1.0,0.0,,,,,,,0.0,0.0,0.0,1,3,0.0,2.0,0.0,0.333,2.0,7.0,0.286,0.474,-0.188,,,,,,2.0,7.0,0.286,0.505,-0.219,2.0,3.0,0.667,0.656,0.011,2.0,3.0,0.667,0.586,0.081,0.0,2.0,0.0,0.36,-0.36,5.0,4.0,1.0,1.0,0.0,0.0,0.0,0.0,0.0,0.0,0.0,0.0,0.0,0.0,0.0,0.0,0.0,0.0,0.0,0.0,0.0,10227,1.9,1.0,0.9,4.71,4.86,4.55,2017,20170321,False
1626178,Rondae Hollis-Jefferson,Rondae,1610612751,BKN,22.0,1,1,0,1.0,26.98,2,7,0.286,0,0,0.0,0,0,0.0,0,4,4,2,1,0,0,2,2,2,4,-3,10.8,0,0,10.0,1,1,1,1,65,97,77,122,77,116,77,87,95,87,91,42,66,52,68,79,53,154,74,50,119,102,128,10,1,128,1,94,91.8,94.2,94.2,92.0,92.9,92.9,-0.2,1.4,1.4,0.111,2.0,20.0,0.0,0.129,0.0,10.0,10.0,0.286,0.286,0.145,0.142,97.78,96.07,80.06,96.07,0.024,52,2.0,7.0,118,115,115,40,38,38,87,81,81,72,24,45,41,22,33,91,92,125,131,113,117,77,94,94,129,97,77,46,32,0.0,0,4,5,2,0.043,0.043,2,0,0,0.0,0,0,0.0,0,0.0,2,1.0,0,0.0,0,0.0,0,0.0,4,56,30,1.5,1.58,0.82,0.071,3,3,3,0.667,0.0,0.0,0.0,0.0,0.0,5.0,0.0,1.0,0.0,0.0,1.0,3.0,0.25,8.0,0.5,0.0,0.5,3.5,1.0,3.0,0.25,13.0,0.308,1.0,0.333,3.5,1.0,0.429,0.0,3.0,0.0,0.0,0.429,0.0,3.0,0.0,0.0,0.0,0.0,,0.286,1.0,2.0,0.5,0.5,0.286,1.0,2.0,0.5,0.0,0.0,0.0,,0.286,1.0,2.0,0.5,0.5,0.286,1.0,2.0,0.5,0.0,0.0,0.0,,,,,,,,,,,,,,,1,2,0.5,2,,,,0.5,0,0.0,0,0.0,0,0.0,2,0.333,0.286,1.0,3.0,0.333,0.0,0.0,0.0,1.0,4.0,0.25,0.0,0.0,0.0,0.0,0.0,0.0,0.0,0.0,0.0,,,,0.0,0.0,0.0,BKN,1.0,3.0,0.333,0.0,0.0,0.0,0.0,3.0,0.0,1.0,1.0,1.0,0.0,0.0,0.0,0.0,0.0,0.0,,,,,,,,,,0,1,,,,0.0,1.0,7.0,0.143,0.437,-0.294,0.0,4.0,0.0,0.323,-0.323,1.0,3.0,0.333,0.45,-0.117,1.0,1.0,1.0,0.538,0.462,1.0,1.0,1.0,0.495,0.505,0.0,4.0,0.0,0.382,-0.382,10.0,5.0,5.0,0.0,0.0,2.0,5.0,0.0,0.0,1.0,0.0,0.0,0.0,0.0,0.0,0.0,0.0,0.0,0.0,0.0,0.0,10492,2.0,1.1,0.9,4.46,4.67,4.23,2017,20170321,False
1626257,Salah Mejri,Salah,1610612742,DAL,31.0,1,0,1,0.0,8.466666666666667,0,3,0.0,0,0,0.0,0,0,0.0,2,0,2,0,0,0,0,0,1,1,0,-11,2.4,0,0,2.0,1,87,87,87,147,142,131,142,77,116,77,87,95,87,26,149,109,118,116,79,53,1,32,84,148,137,156,10,1,157,1,94,61.5,64.7,64.7,133.2,122.2,122.2,-71.7,-57.5,-57.5,0.0,0.0,0.0,0.111,0.0,0.0,0.0,0.0,0.0,0.0,0.115,0.116,97.51,99.21,82.68,99.21,-0.128,17,0.0,3.0,157,157,157,156,140,140,164,161,161,118,88,118,7,68,33,1,1,142,148,133,136,82,66,66,164,142,131,12,9,0.0,0,1,0,0,0.0,0.0,1,0,0,0.0,0,0,0.0,0,0.0,1,1.0,0,0.0,0,0.0,0,0.0,0,15,11,0.5,1.98,0.53,0.0,1,1,5,0.0,0.0,0.0,0.0,2.0,0.0,4.0,0.5,0.0,0.5,7.6,0.0,0.0,0.0,0.0,0.0,0.0,0.0,0.0,0.0,2.0,0.0,4.0,0.5,0.0,0.5,7.6,,,,,,,,,,,,,,,0.667,0.0,2.0,0.0,0.0,0.667,0.0,2.0,0.0,0.0,0.0,0.0,,,,,,,,,,,,,,,0.333,0.0,1.0,0.0,0.0,0.333,0.0,1.0,0.0,0.0,0.0,0.0,,0,0,,0,,,,,0,0.0,0,0.0,0,0.0,0,0.0,0.0,0.0,1.0,0.0,0.0,1.0,0.0,0.0,1.0,0.0,0.0,0.0,0.0,,,,0.0,0.0,0.0,0.0,0.0,0.0,0.0,0.0,0.0,DAL,0.0,1.0,0.0,0.0,1.0,0.0,0.0,0.0,0.0,0.0,0.0,0.0,0.0,1.0,0.0,0.0,0.0,0.0,,,,,,,0.0,0.0,0.0,0,1,,,,0.0,,,,,,,,,,,,,,,,,,,,,,,,,,,,,,,1.0,1.0,0.0,1.0,0.0,0.0,0.0,0.0,0.0,1.0,0.0,0.0,0.0,0.0,0.0,0.0,0.0,0.0,0.0,0.0,0.0,2944,0.6,0.3,0.2,4.28,3.59,3.54,2017,20170321,False
201586,Serge Ibaka,Serge,1610612761,TOR,27.0,1,1,0,1.0,25.781666666666666,7,13,0.538,2,3,0.667,0,0,0.0,2,4,6,1,1,0,0,1,3,1,16,-11,23.7,0,0,25.0,1,1,1,1,71,22,33,45,17,55,9,87,95,87,26,42,36,79,68,79,53,111,113,84,32,137,54,10,1,42,1,106,132.6,131.3,131.3,154.0,154.2,154.2,-21.5,-22.9,-22.9,0.056,1.0,6.7,0.087,0.0,0.0,6.7,6.7,0.615,0.615,0.25,0.257,88.96,89.37,74.47,89.37,0.09,48,7.0,13.0,13,11,11,163,163,163,130,136,136,106,50,108,12,68,33,70,70,48,56,36,35,159,154,154,86,22,33,35,27,0.0,0,3,3,1,0.029,0.029,4,1,3,0.333,0,0,0.0,2,0.5,1,0.25,0,0.0,0,0.0,0,0.0,16,50,29,1.4,1.68,0.5,0.32,2,4,2,0.0,1.0,1.0,1.0,1.0,0.5,7.0,0.286,0.0,0.286,10.7,1.0,3.0,0.25,7.0,0.571,0.0,0.571,4.6,2.0,4.0,0.333,14.0,0.429,0.0,0.429,6.7,1.0,0.154,0.0,2.0,0.0,0.0,0.154,0.0,2.0,0.0,0.0,0.0,0.0,,0.308,4.0,4.0,1.0,1.0,0.308,4.0,4.0,1.0,0.0,0.0,0.0,,0.231,0.0,3.0,0.0,0.0,0.231,0.0,3.0,0.0,0.0,0.0,0.0,,0.308,3.0,4.0,0.75,1.0,0.077,1.0,1.0,1.0,0.231,2.0,3.0,0.667,2,3,0.667,4,0.0,0.0,,0.667,10,0.667,2,0.5,4,0.667,0,0.0,0.615,1.0,1.0,1.0,1.0,5.0,0.2,3.0,4.0,0.75,0.0,0.0,0.0,0.0,0.0,0.0,2.0,3.0,0.667,0.0,0.0,0.0,0.0,0.0,0.0,TOR,1.0,4.0,0.25,0.0,1.0,0.0,3.0,3.0,1.0,1.0,2.0,0.5,1.0,1.0,1.0,1.0,2.0,0.5,0.0,0.0,0.0,,,,0.0,0.0,0.0,4,6,2.0,3.0,0.667,0.833,6.0,9.0,0.667,0.417,0.249,3.0,4.0,0.75,0.343,0.407,3.0,5.0,0.6,0.49,0.11,3.0,4.0,0.75,0.607,0.143,3.0,4.0,0.75,0.569,0.181,3.0,4.0,0.75,0.338,0.412,6.0,3.0,3.0,0.0,0.0,4.0,8.0,0.0,0.0,1.0,0.0,0.0,0.0,0.0,0.0,0.0,0.0,0.0,0.0,0.0,0.0,9003,1.7,0.9,0.8,3.96,4.34,3.61,2017,20170321,False
203552,Seth Curry,Seth,1610612742,DAL,26.0,1,0,1,0.0,27.433333333333334,4,12,0.333,1,4,0.25,1,1,1.0,0,3,3,4,2,1,0,0,1,3,10,-13,20.6,0,0,20.0,1,87,87,87,63,53,40,102,41,32,60,69,88,1,91,65,89,20,27,33,53,1,32,25,63,147,70,10,1,68,1,94,92.3,92.6,92.6,113.2,114.5,114.5,-21.0,-22.0,-22.0,0.286,2.0,22.2,0.0,0.0,0.0,11.1,10.8,0.375,0.402,0.241,0.248,96.09,95.36,79.47,95.36,0.06,54,4.0,12.0,116,117,117,123,127,127,129,134,134,18,24,37,41,68,33,97,97,107,111,39,39,108,108,108,113,53,40,30,41,0.0,2,6,10,6,0.133,0.2,6,1,2,0.5,0,0,0.0,2,0.333,2,0.333,0,0.0,2,0.333,0,0.0,10,48,33,3.0,3.72,3.27,0.208,0,0,1,0.0,0.0,3.0,0.0,0.0,0.0,1.0,0.0,0.0,0.0,0.0,1.0,2.0,0.333,6.0,0.5,1.0,0.6,9.9,1.0,2.0,0.333,7.0,0.429,1.0,0.5,9.9,1.0,0.167,1.0,2.0,0.5,0.5,0.167,1.0,2.0,0.5,0.0,0.0,0.0,,0.25,1.0,3.0,0.333,0.333,0.25,1.0,3.0,0.333,0.0,0.0,0.0,,0.25,1.0,3.0,0.333,0.333,0.167,1.0,2.0,0.5,0.083,0.0,1.0,0.0,0.333,1.0,4.0,0.25,0.375,0.083,0.0,1.0,0.0,0.25,1.0,3.0,0.333,0,4,0.0,0,0.0,0.0,,0.0,3,0.25,3,1.0,0,0.0,0,0.0,0.375,3.0,3.0,1.0,0.0,0.0,0.0,0.0,5.0,0.0,0.0,0.0,0.0,0.0,2.0,0.0,1.0,2.0,0.5,0.0,0.0,0.0,0.0,2.0,0.0,DAL,3.0,3.0,1.0,0.0,1.0,0.0,0.0,1.0,0.0,0.0,2.0,0.0,1.0,5.0,0.2,0.0,0.0,0.0,,,,,,,0.0,0.0,0.0,1,4,1.0,4.0,0.25,0.375,5.0,7.0,0.714,0.466,0.248,0.0,1.0,0.0,0.372,-0.372,5.0,6.0,0.833,0.539,0.295,4.0,4.0,1.0,0.643,0.357,4.0,5.0,0.8,0.599,0.201,0.0,1.0,0.0,0.405,-0.405,1.0,0.0,1.0,4.0,0.0,0.0,0.0,0.0,0.0,0.0,0.0,0.0,0.0,0.0,0.0,0.0,0.0,0.0,0.0,0.0,0.0,11072,2.1,1.2,0.9,4.6,4.77,4.38,2017,20170321,False
203498,Shabazz Muhammad,Shabazz,1610612750,MIN,24.0,1,0,1,0.0,23.55,8,15,0.533,2,3,0.667,0,0,0.0,3,1,4,0,1,1,0,0,0,2,18,7,24.8,0,0,26.0,1,87,87,87,84,15,19,48,17,55,9,87,95,87,12,120,66,118,68,33,53,1,1,50,25,43,47,10,1,39,1,91,124.0,130.2,130.2,113.1,114.0,114.0,10.9,16.3,16.3,0.0,0.0,0.0,0.0,0.056,0.0,6.3,6.3,0.6,0.6,0.308,0.307,90.17,87.64,73.04,87.64,0.161,43,8.0,15.0,21,14,14,122,126,126,58,45,45,118,88,118,41,55,33,66,67,52,59,14,14,156,161,161,27,15,19,10,21,0.0,0,1,0,0,0.0,0.0,4,0,3,0.0,0,0,0.0,0,0.0,0,0.0,0,0.0,0,0.0,0,0.0,18,27,23,1.0,2.2,1.22,0.667,1,2,4,2.0,1.0,1.5,2.0,1.0,0.667,5.0,0.6,0.0,0.6,5.0,0.0,1.0,0.0,4.0,0.25,0.0,0.25,15.0,2.0,2.0,0.5,9.0,0.444,0.0,0.444,7.5,1.0,0.333,2.0,5.0,0.4,0.4,0.267,2.0,4.0,0.5,0.067,0.0,1.0,0.0,0.467,4.0,7.0,0.571,0.571,0.467,4.0,7.0,0.571,0.0,0.0,0.0,,0.067,0.0,1.0,0.0,0.0,0.067,0.0,1.0,0.0,0.0,0.0,0.0,,0.133,2.0,2.0,1.0,1.5,0.0,0.0,0.0,,0.133,2.0,2.0,1.0,0,4,0.0,0,0.0,1.0,0.0,0.0,8,1.0,6,1.0,2,0.5,2,1.0,0.6,5.0,6.0,0.833,1.0,1.0,1.0,0.0,5.0,0.0,0.0,0.0,0.0,0.0,0.0,0.0,2.0,3.0,0.667,,,,0.0,0.0,0.0,MIN,5.0,6.0,0.833,0.0,1.0,0.0,1.0,4.0,0.25,0.0,1.0,0.0,1.0,1.0,1.0,1.0,1.0,1.0,,,,,,,0.0,1.0,0.0,3,3,2.0,2.0,1.0,1.333,4.0,6.0,0.667,0.415,0.252,2.0,3.0,0.667,0.369,0.298,2.0,3.0,0.667,0.474,0.193,,,,,,1.0,2.0,0.5,0.553,-0.053,3.0,4.0,0.75,0.358,0.393,3.0,1.0,2.0,0.0,0.0,0.0,0.0,0.0,0.0,4.0,0.0,0.0,0.0,0.0,0.0,0.0,0.0,0.0,0.0,0.0,0.0,9009,1.7,0.9,0.8,4.33,4.48,4.19,2017,20170321,False
203894,Shabazz Napier,Shabazz,1610612757,POR,25.0,1,0,1,0.0,2.9166666666666665,0,1,0.0,0,0,0.0,0,0,0.0,0,0,0,1,0,0,0,1,1,0,0,0,1.5,0,0,1.0,1,87,87,87,165,142,152,142,77,116,77,87,95,87,91,149,160,79,116,79,53,111,32,126,148,81,159,10,1,160,1,93,123.0,120.0,120.0,120.0,120.0,120.0,3.0,0.0,0.0,0.5,0.0,50.0,0.0,0.0,0.0,0.0,0.0,0.0,0.0,0.2,0.205,81.3,82.29,68.57,82.29,-0.105,5,0.0,1.0,25,31,31,136,136,136,76,84,84,1,88,3,41,68,33,1,1,142,148,72,72,165,166,166,161,142,152,6,7,0.0,0,1,3,1,0.167,0.167,1,0,1,0.0,0,0,0.0,0,0.0,0,0.0,0,0.0,0,0.0,0,0.0,0,7,3,0.5,4.54,4.0,0.0,0,0,0,0.0,0.0,0.0,,,,,,,,,,,,,,,,,,,,,,,,,,,,,,,,,,,,,,,1.0,0.0,1.0,0.0,0.0,1.0,0.0,1.0,0.0,0.0,0.0,0.0,,,,,,,,,,,,,,,,,,,,,,,,,,,,0,0,,0,,,,,0,0.0,0,0.0,0,0.0,0,0.0,0.0,0.0,1.0,0.0,0.0,0.0,0.0,0.0,0.0,0.0,,,,,,,0.0,0.0,0.0,,,,,,,POR,0.0,1.0,0.0,,,,,,,0.0,0.0,0.0,0.0,0.0,0.0,0.0,0.0,0.0,,,,,,,,,,0,0,,,,,1.0,3.0,0.333,0.428,-0.094,0.0,1.0,0.0,0.34,-0.34,1.0,2.0,0.5,0.483,0.017,0.0,1.0,0.0,0.674,-0.674,0.0,1.0,0.0,0.634,-0.634,1.0,2.0,0.5,0.359,0.141,2.0,1.0,1.0,0.0,0.0,0.0,0.0,0.0,0.0,0.0,0.0,0.0,0.0,0.0,0.0,0.0,0.0,0.0,0.0,0.0,0.0,1076,0.2,0.1,0.1,4.1,4.17,4.04,2017,20170321,False
2733,Shaun Livingston,Shaun,1610612744,GSW,31.0,1,1,0,1.0,19.7,3,4,0.75,0,0,0.0,0,0,0.0,1,1,2,3,1,1,0,0,0,1,6,21,14.9,0,0,13.0,1,1,1,1,103,73,115,9,77,116,77,87,95,87,45,120,109,35,68,33,53,1,1,84,101,5,99,10,1,104,1,96,117.1,115.0,115.0,65.2,67.6,67.6,51.9,47.4,47.4,0.231,3.0,37.5,0.0,0.031,0.0,12.5,12.5,0.75,0.75,0.116,0.124,94.54,93.81,78.17,93.81,0.158,40,3.0,4.0,39,45,45,5,5,5,4,4,4,30,13,12,41,67,33,103,104,14,19,132,129,126,126,126,29,73,115,25,29,0.0,2,3,7,5,0.12,0.2,2,1,1,1.0,0,0,0.0,2,1.0,0,0.0,1,0.5,0,0.0,0,0.0,6,34,17,2.1,3.63,3.21,0.176,1,1,4,0.0,0.0,0.0,0.0,0.0,0.0,1.0,1.0,0.0,1.0,0.0,1.0,0.0,1.0,4.0,0.25,0.0,0.25,11.8,1.0,0.0,0.5,5.0,0.4,0.0,0.4,11.8,,,,,,,,,,,,,,,0.75,2.0,3.0,0.667,0.667,0.75,2.0,3.0,0.667,0.0,0.0,0.0,,0.25,1.0,1.0,1.0,1.0,0.25,1.0,1.0,1.0,0.0,0.0,0.0,,,,,,,,,,,,,,,1,2,0.5,2,,,,0.5,0,0.0,0,0.0,0,0.0,0,0.0,0.75,2.0,2.0,1.0,0.0,1.0,0.0,1.0,1.0,1.0,0.0,0.0,0.0,0.0,0.0,0.0,0.0,0.0,0.0,0.0,0.0,0.0,0.0,0.0,0.0,GSW,2.0,2.0,1.0,0.0,0.0,0.0,1.0,2.0,0.5,0.0,0.0,0.0,0.0,0.0,0.0,0.0,0.0,0.0,,,,,,,0.0,0.0,0.0,0,0,,,,,3.0,8.0,0.375,0.401,-0.026,0.0,3.0,0.0,0.317,-0.317,3.0,5.0,0.6,0.44,0.16,2.0,3.0,0.667,0.534,0.133,2.0,4.0,0.5,0.494,0.006,0.0,3.0,0.0,0.334,-0.334,5.0,2.0,3.0,2.0,0.0,1.0,2.0,0.0,0.0,0.0,0.0,0.0,0.0,0.0,0.0,0.0,0.0,0.0,0.0,0.0,0.0,6947,1.3,0.7,0.6,3.96,4.71,3.34,2017,20170321,False
203524,Solomon Hill,Solomon,1610612740,NOP,26.0,1,1,0,1.0,33.70166666666667,1,7,0.143,0,3,0.0,3,4,0.75,1,4,5,2,2,1,0,1,2,2,5,15,15.0,0,0,14.0,1,1,1,1,32,122,77,138,77,55,77,24,26,58,45,42,43,52,27,33,53,111,74,50,111,18,97,10,1,97,1,95,98.4,100.0,100.0,76.2,76.1,76.1,22.3,23.9,23.9,0.091,1.0,15.4,0.028,0.0,0.0,15.4,15.7,0.143,0.285,0.143,0.142,95.43,94.71,78.93,94.71,0.016,66,1.0,7.0,103,93,93,11,10,10,30,26,26,81,50,68,33,68,33,117,119,140,132,115,118,118,118,118,132,122,77,18,21,0.0,0,4,4,2,0.111,0.111,4,0,2,0.0,3,4,0.75,3,0.75,0,0.0,0,0.0,0,0.0,2,0.5,5,28,20,0.9,1.97,1.43,0.179,0,0,3,0.0,0.0,0.667,0.0,1.0,0.0,2.0,0.5,0.0,0.5,9.2,0.0,4.0,0.0,5.0,0.8,0.0,0.8,9.5,0.0,5.0,0.0,7.0,0.714,0.0,0.714,9.4,1.0,0.286,0.0,2.0,0.0,0.0,0.286,0.0,2.0,0.0,0.0,0.0,0.0,,,,,,,,,,,,,,,0.286,1.0,2.0,0.5,0.5,0.143,1.0,1.0,1.0,0.143,0.0,1.0,0.0,0.429,0.0,3.0,0.0,0.0,0.143,0.0,1.0,0.0,0.286,0.0,2.0,0.0,0,0,,0,0.0,0.0,,,0,0.0,2,0.5,0,0.0,0,0.0,0.143,1.0,4.0,0.25,0.0,0.0,0.0,0.0,0.0,0.0,0.0,0.0,0.0,0.0,0.0,0.0,0.0,3.0,0.0,,,,0.0,0.0,0.0,NOP,1.0,4.0,0.25,0.0,0.0,0.0,0.0,0.0,0.0,0.0,0.0,0.0,0.0,1.0,0.0,0.0,2.0,0.0,,,,0.0,0.0,0.0,,,,0,2,0.0,2.0,0.0,0.0,2.0,6.0,0.333,0.398,-0.065,1.0,5.0,0.2,0.355,-0.155,1.0,1.0,1.0,0.498,0.502,,,,,,1.0,1.0,1.0,0.556,0.444,1.0,5.0,0.2,0.353,-0.153,5.0,1.0,4.0,1.0,0.0,1.0,3.0,0.0,0.0,1.0,0.0,0.0,0.0,0.0,0.0,0.0,0.0,0.0,0.0,0.0,0.0,12133,2.3,1.1,1.2,4.1,4.18,4.04,2017,20170321,False
203915,Spencer Dinwiddie,Spencer,1610612751,BKN,24.0,1,1,0,1.0,30.093333333333334,3,9,0.333,0,3,0.0,4,6,0.667,3,6,9,4,1,0,2,0,2,3,10,3,31.8,0,0,27.0,1,1,1,1,50,73,53,102,77,55,77,16,13,61,12,17,12,20,68,79,5,1,74,25,63,63,29,10,1,34,1,94,106.3,108.9,108.9,96.9,100.0,100.0,9.3,8.9,8.9,0.19,4.0,25.0,0.0,0.167,0.0,6.3,6.0,0.333,0.43,0.19,0.196,93.5,90.92,75.76,90.92,0.113,56,3.0,9.0,68,66,66,58,62,62,62,60,60,42,7,27,41,15,33,66,66,112,104,78,75,133,144,144,64,73,53,68,71,0.0,1,9,10,5,0.059,0.074,6,3,4,0.75,0,0,0.0,6,1.0,1,0.167,1,0.167,0,0.0,0,0.0,10,80,33,6.0,4.49,3.78,0.125,0,0,1,0.0,0.0,0.0,1.0,2.0,0.333,3.0,1.0,0.0,1.0,12.5,1.0,5.0,0.167,9.0,0.667,0.0,0.667,6.6,2.0,7.0,0.222,12.0,0.75,0.0,0.75,8.6,1.0,0.222,1.0,2.0,0.5,0.5,0.222,1.0,2.0,0.5,0.0,0.0,0.0,,0.222,1.0,2.0,0.5,0.5,0.111,1.0,1.0,1.0,0.111,0.0,1.0,0.0,0.444,0.0,4.0,0.0,0.0,0.222,0.0,2.0,0.0,0.222,0.0,2.0,0.0,0.111,1.0,1.0,1.0,1.0,0.111,1.0,1.0,1.0,0.0,0.0,0.0,,0,4,0.0,0,0.0,2.0,0.0,0.0,0,0.0,0,0.0,0,0.0,0,0.0,0.333,2.0,3.0,0.667,0.0,0.0,0.0,1.0,3.0,0.333,0.0,0.0,0.0,0.0,0.0,0.0,0.0,3.0,0.0,,,,0.0,0.0,0.0,BKN,2.0,3.0,0.667,1.0,1.0,1.0,0.0,1.0,0.0,0.0,1.0,0.0,0.0,1.0,0.0,0.0,2.0,0.0,,,,,,,,,,0,1,0.0,1.0,0.0,0.0,2.0,10.0,0.2,0.438,-0.238,2.0,3.0,0.667,0.347,0.32,0.0,7.0,0.0,0.484,-0.484,0.0,1.0,0.0,0.538,-0.538,0.0,3.0,0.0,0.572,-0.572,2.0,6.0,0.333,0.378,-0.045,9.0,7.0,2.0,1.0,0.0,0.0,0.0,0.0,0.0,3.0,0.0,0.0,0.0,0.0,0.0,0.0,0.0,0.0,0.0,0.0,0.0,11000,2.1,1.1,1.0,4.19,4.24,4.13,2017,20170321,False
201939,Stephen Curry,Stephen,1610612744,GSW,29.0,1,1,0,1.0,29.748333333333335,7,14,0.5,3,9,0.333,0,0,0.0,1,4,5,9,0,2,0,0,1,1,17,14,42.5,0,0,38.0,1,1,1,1,53,22,27,53,8,1,50,87,95,87,45,42,43,1,116,12,53,1,32,84,29,21,13,10,1,15,1,96,123.1,126.7,126.7,104.9,105.1,105.1,18.1,21.6,21.6,0.375,0.0,39.1,0.0,0.0,0.0,0.0,0.0,0.607,0.607,0.212,0.213,97.49,96.01,80.0,96.01,0.167,60,7.0,14.0,24,19,19,95,93,93,36,33,33,7,88,11,41,68,33,1,1,50,58,63,63,83,96,96,25,22,27,53,56,2.0,1,19,25,12,0.17,0.226,6,0,0,0.0,0,0,0.0,0,0.0,3,0.5,2,0.333,0,0.0,0,0.0,17,69,30,4.3,3.71,3.35,0.246,1,0,4,0.0,0.0,0.5,1.0,0.0,1.0,2.0,0.5,0.0,0.5,6.9,0.0,4.0,0.0,8.0,0.5,2.0,0.667,11.0,1.0,4.0,0.2,10.0,0.5,2.0,0.625,10.2,1.0,0.143,1.0,2.0,0.5,0.5,0.071,1.0,1.0,1.0,0.071,0.0,1.0,0.0,0.143,1.0,2.0,0.5,0.5,0.071,1.0,1.0,1.0,0.071,0.0,1.0,0.0,0.429,4.0,6.0,0.667,0.833,0.143,2.0,2.0,1.0,0.286,2.0,4.0,0.5,0.286,1.0,4.0,0.25,0.375,0.071,0.0,1.0,0.0,0.214,1.0,3.0,0.333,3,7,0.429,7,1.0,4.0,0.25,0.5,6,0.4,2,1.0,0,0.0,0,0.0,0.607,2.0,2.0,1.0,1.0,1.0,1.0,1.0,2.0,0.5,1.0,2.0,0.5,0.0,1.0,0.0,2.0,5.0,0.4,0.0,1.0,0.0,1.0,3.0,0.333,GSW,2.0,2.0,1.0,1.0,1.0,1.0,0.0,0.0,0.0,1.0,1.0,1.0,1.0,5.0,0.2,2.0,4.0,0.5,,,,,,,0.0,1.0,0.0,2,5,2.0,5.0,0.4,0.6,7.0,12.0,0.583,0.441,0.142,4.0,5.0,0.8,0.37,0.43,3.0,7.0,0.429,0.5,-0.071,1.0,2.0,0.5,0.676,-0.176,1.0,2.0,0.5,0.636,-0.136,6.0,8.0,0.75,0.385,0.365,5.0,3.0,2.0,2.0,0.0,3.0,7.0,0.0,0.0,2.0,0.0,0.0,0.0,0.0,0.0,0.0,0.0,0.0,0.0,0.0,0.0,11240,2.1,1.1,1.0,4.24,5.16,3.55,2017,20170321,False
203933,T.J. Warren,T.J.,1610612756,PHX,23.0,1,0,1,0.0,30.7,6,14,0.429,0,0,0.0,0,1,0.0,3,2,5,0,0,1,1,0,2,2,12,-21,24.0,0,0,21.0,1,87,87,87,46,32,27,84,77,116,77,87,88,87,12,90,43,118,116,33,20,1,74,50,45,164,52,10,1,65,1,104,71.5,75.0,75.0,106.6,107.5,107.5,-35.1,-32.5,-32.5,0.0,0.0,0.0,0.07,0.0,0.0,0.0,0.0,0.429,0.416,0.173,0.182,108.51,105.54,87.95,105.54,0.072,68,6.0,14.0,153,152,152,104,103,103,146,144,144,118,88,118,14,68,33,1,1,97,106,92,90,7,21,21,101,32,27,28,29,0.0,0,2,0,0,0.0,0.0,4,0,3,0.0,0,0,0.0,0,0.0,1,0.25,0,0.0,0,0.0,0,0.0,12,43,31,1.6,2.3,1.21,0.279,3,0,3,0.0,0.0,1.333,3.0,0.0,1.0,7.0,0.429,0.0,0.429,5.3,1.0,1.0,0.5,6.0,0.333,0.0,0.333,2.5,4.0,1.0,0.8,13.0,0.385,0.0,0.385,4.2,1.0,0.357,2.0,5.0,0.4,0.4,0.357,2.0,5.0,0.4,0.0,0.0,0.0,,0.357,3.0,5.0,0.6,0.6,0.357,3.0,5.0,0.6,0.0,0.0,0.0,,0.214,1.0,3.0,0.333,0.333,0.214,1.0,3.0,0.333,0.0,0.0,0.0,,0.071,0.0,1.0,0.0,0.0,0.071,0.0,1.0,0.0,0.0,0.0,0.0,,0,3,0.0,0,,,,0.0,0,0.0,4,0.667,0,0.0,0,0.0,0.429,5.0,6.0,0.833,1.0,3.0,0.333,0.0,5.0,0.0,0.0,0.0,0.0,0.0,0.0,0.0,0.0,0.0,0.0,0.0,0.0,0.0,0.0,0.0,0.0,PHX,5.0,6.0,0.833,1.0,2.0,0.5,0.0,4.0,0.0,0.0,2.0,0.0,0.0,0.0,0.0,0.0,0.0,0.0,,,,,,,0.0,0.0,0.0,0,2,,,,0.0,4.0,7.0,0.571,0.431,0.141,1.0,2.0,0.5,0.355,0.145,3.0,5.0,0.6,0.472,0.128,2.0,3.0,0.667,0.601,0.066,2.0,3.0,0.667,0.524,0.143,1.0,3.0,0.333,0.362,-0.029,3.0,1.0,2.0,0.0,0.0,0.0,0.0,0.0,0.0,4.0,0.0,0.0,0.0,0.0,0.0,0.0,0.0,0.0,0.0,0.0,0.0,11782,2.2,1.2,1.1,4.42,4.89,4.36,2017,20170321,False
204028,Tarik Black,Tarik,1610612747,LAL,25.0,1,0,1,0.0,8.25,0,3,0.0,0,0,0.0,0,0,0.0,3,0,3,0,1,0,0,0,1,0,0,-13,2.6,0,0,3.0,1,87,87,87,149,142,131,142,77,116,77,87,95,87,12,149,89,118,68,79,53,1,32,126,148,147,155,10,1,151,1,100,79.4,77.8,77.8,154.1,158.8,158.8,-74.7,-81.0,-81.0,0.0,0.0,0.0,0.0,0.0,0.0,25.0,25.0,0.0,0.0,0.174,0.177,102.28,101.82,84.85,101.82,-0.113,18,0.0,3.0,147,147,147,164,167,167,165,165,165,118,88,118,41,68,33,142,142,142,148,91,94,37,42,42,163,142,131,13,9,1.0,0,1,0,1,0.0,0.077,0,0,0,0.0,0,0,0.0,0,0.0,0,0.0,0,0.0,0,0.0,0,0.0,0,18,12,0.5,1.61,0.5,0.0,0,1,6,0.0,0.0,0.0,3.0,0.0,1.0,5.0,0.6,0.0,0.6,2.2,0.0,0.0,0.0,1.0,0.0,1.0,0.0,0.0,3.0,0.0,1.0,6.0,0.5,1.0,0.6,2.2,1.0,1.0,0.0,3.0,0.0,0.0,1.0,0.0,3.0,0.0,0.0,0.0,0.0,,,,,,,,,,,,,,,,,,,,,,,,,,,,,,,,,,,,,,,,,0,0,,0,,,,,0,0.0,0,0.0,0,0.0,0,0.0,0.0,0.0,3.0,0.0,0.0,0.0,0.0,0.0,0.0,0.0,0.0,0.0,0.0,,,,0.0,0.0,0.0,0.0,0.0,0.0,0.0,0.0,0.0,LAL,0.0,3.0,0.0,0.0,0.0,0.0,0.0,0.0,0.0,0.0,0.0,0.0,0.0,0.0,0.0,0.0,0.0,0.0,0.0,0.0,0.0,,,,0.0,0.0,0.0,0,0,,,,,2.0,5.0,0.4,0.435,-0.035,2.0,4.0,0.5,0.365,0.135,0.0,1.0,0.0,0.46,-0.46,,,,,,,,,,,2.0,5.0,0.4,0.382,0.018,6.0,1.0,5.0,0.0,0.0,0.0,0.0,0.0,0.0,1.0,0.0,0.0,0.0,0.0,0.0,0.0,0.0,0.0,0.0,0.0,0.0,3176,0.6,0.3,0.3,4.41,4.47,4.35,2017,20170321,False
203080,Thomas Robinson,Thomas,1610612747,LAL,26.0,1,0,1,0.0,10.183333333333334,7,8,0.875,0,0,0.0,2,2,1.0,2,4,6,1,0,0,0,0,2,2,16,-2,24.7,0,0,23.0,1,87,87,87,144,22,67,5,77,116,77,36,44,1,26,42,36,79,116,79,53,1,74,50,32,95,48,10,1,50,1,100,122.3,126.1,126.1,134.5,134.8,134.8,-12.3,-8.7,-8.7,0.25,0.0,11.1,0.0,0.0,0.0,0.0,0.0,0.875,0.901,0.267,0.289,110.2,108.41,90.34,108.41,0.427,23,7.0,8.0,28,20,20,157,157,157,112,105,105,27,88,87,41,68,33,1,1,7,6,25,20,5,9,9,2,22,67,10,10,0.0,0,2,2,1,0.1,0.1,1,1,1,1.0,0,0,0.0,2,2.0,0,0.0,0,0.0,0,0.0,0,0.0,16,19,11,0.7,2.06,1.21,0.842,1,1,3,2.0,0.0,1.333,0.0,2.0,0.0,3.0,0.667,1.0,1.0,3.5,2.0,2.0,0.5,5.0,0.8,0.0,0.8,2.5,2.0,4.0,0.333,8.0,0.75,1.0,0.857,2.8,1.0,0.5,4.0,4.0,1.0,1.0,0.5,4.0,4.0,1.0,0.0,0.0,0.0,,0.375,3.0,3.0,1.0,1.0,0.375,3.0,3.0,1.0,0.0,0.0,0.0,,0.125,0.0,1.0,0.0,0.0,0.125,0.0,1.0,0.0,0.0,0.0,0.0,,,,,,,,,,,,,,,1,2,0.5,2,,,,0.5,0,0.0,4,1.0,0,0.0,2,1.0,0.875,5.0,5.0,1.0,2.0,2.0,1.0,0.0,1.0,0.0,0.0,0.0,0.0,0.0,0.0,0.0,0.0,0.0,0.0,0.0,0.0,0.0,0.0,0.0,0.0,LAL,5.0,5.0,1.0,2.0,2.0,1.0,0.0,1.0,0.0,0.0,0.0,0.0,0.0,0.0,0.0,0.0,0.0,0.0,0.0,0.0,0.0,,,,0.0,0.0,0.0,0,0,,,,,1.0,2.0,0.5,0.486,0.014,1.0,2.0,0.5,0.38,0.121,,,,,,,,,,,,,,,,1.0,2.0,0.5,0.421,0.08,1.0,0.0,1.0,2.0,0.0,0.0,0.0,0.0,0.0,2.0,0.0,0.0,0.0,0.0,0.0,0.0,0.0,0.0,0.0,0.0,0.0,4330,0.8,0.4,0.4,4.75,5.19,4.37,2017,20170321,False
1627748,Thon Maker,Thon,1610612749,MIL,20.0,1,1,0,1.0,2.783333333333333,0,0,0.0,0,0,0.0,0,0,0.0,0,0,0,0,0,0,0,0,1,0,0,-8,0.0,0,0,0.0,1,1,1,1,166,142,162,142,77,116,77,87,95,87,91,149,160,118,116,79,53,1,32,126,148,123,163,10,1,165,1,94,0.0,0.0,0.0,163.9,160.0,160.0,-163.9,-160.0,-160.0,0.0,0.0,0.0,0.0,0.0,0.0,0.0,0.0,0.0,0.0,0.0,0.0,76.57,77.6,64.67,77.6,-0.167,4,0.0,0.0,167,167,167,167,168,168,168,168,168,118,88,118,41,68,33,1,1,142,148,165,165,167,168,168,166,142,162,0,0,,0,0,0,0,0.0,0.0,0,0,0,0.0,0,0,0.0,0,0.0,0,0.0,0,0.0,0,0.0,0,0.0,0,0,0,0.0,0.0,0.0,0.0,0,0,0,0.0,0.0,0.0,,,,,,,,,,,,,,,,,,,,,,,,,,,,,,,,,,,,,,,,,,,,,,,,,,,,,,,,,,,,,,,,,,,,,,,,,,,,,,0,0,,0,,,,,0,0.0,0,0.0,0,0.0,0,0.0,0.0,0.0,0.0,0.0,0.0,0.0,0.0,0.0,0.0,0.0,,,,0.0,0.0,0.0,,,,,,,0.0,0.0,0.0,MIL,0.0,0.0,0.0,0.0,0.0,0.0,0.0,0.0,0.0,,,,0.0,0.0,0.0,,,,,,,,,,,,,0,0,,,,,2.0,2.0,1.0,0.444,0.556,,,,,,2.0,2.0,1.0,0.494,0.506,,,,,,1.0,1.0,1.0,0.533,0.467,,,,,,2.0,2.0,0.0,1.0,0.0,0.0,0.0,0.0,0.0,0.0,0.0,0.0,0.0,0.0,0.0,0.0,0.0,0.0,0.0,0.0,0.0,1094,0.2,0.1,0.1,4.37,4.72,4.07,2017,20170321,False
204025,Tim Frazier,Tim,1610612740,NOP,26.0,1,1,0,1.0,27.583333333333332,0,3,0.0,0,2,0.0,2,2,1.0,0,2,2,5,1,3,0,0,2,1,2,-1,19.9,0,0,15.0,1,1,1,1,62,142,131,142,77,73,77,36,44,1,91,90,109,12,68,4,53,1,74,84,133,88,72,10,1,90,1,95,82.5,84.5,84.5,86.7,86.2,86.2,-4.3,-1.7,-1.7,0.278,5.0,50.0,0.0,0.0,0.0,10.0,10.1,0.0,0.258,0.078,0.077,101.84,100.93,84.11,100.93,0.069,58,0.0,3.0,144,138,138,26,22,22,94,91,91,23,4,3,41,68,33,91,96,142,134,157,159,42,50,50,102,142,131,55,49,0.0,0,11,11,5,0.091,0.091,2,0,0,0.0,0,0,0.0,0,0.0,1,0.5,1,0.5,0,0.0,0,0.0,2,63,18,3.7,3.53,3.32,0.032,0,0,0,0.0,0.0,0.0,0.0,0.0,0.0,3.0,0.0,0.0,0.0,0.0,0.0,2.0,0.0,3.0,0.667,2.0,2.0,6.8,0.0,2.0,0.0,6.0,0.333,2.0,0.5,6.8,1.0,0.333,0.0,1.0,0.0,0.0,0.333,0.0,1.0,0.0,0.0,0.0,0.0,,,,,,,,,,,,,,,0.333,0.0,1.0,0.0,0.0,0.0,0.0,0.0,,0.333,0.0,1.0,0.0,0.333,0.0,1.0,0.0,0.0,0.0,0.0,0.0,,0.333,0.0,1.0,0.0,0,2,0.0,0,0.0,2.0,0.0,0.0,0,0.0,0,0.0,0,0.0,0,0.0,0.0,0.0,1.0,0.0,0.0,0.0,0.0,0.0,0.0,0.0,0.0,0.0,0.0,0.0,0.0,0.0,0.0,2.0,0.0,,,,0.0,0.0,0.0,NOP,0.0,1.0,0.0,0.0,0.0,0.0,0.0,0.0,0.0,0.0,0.0,0.0,0.0,2.0,0.0,0.0,0.0,0.0,,,,,,,,,,0,0,0.0,0.0,,,2.0,5.0,0.4,0.427,-0.027,1.0,2.0,0.5,0.322,0.178,1.0,3.0,0.333,0.495,-0.162,1.0,2.0,0.5,0.547,-0.047,1.0,2.0,0.5,0.526,-0.026,1.0,2.0,0.5,0.33,0.171,5.0,3.0,2.0,3.0,0.0,0.0,0.0,0.0,0.0,3.0,0.0,0.0,0.0,0.0,0.0,0.0,0.0,0.0,0.0,0.0,0.0,10615,2.0,1.0,1.0,4.37,4.75,4.05,2017,20170321,False
202699,Tobias Harris,Tobias,1610612765,DET,24.0,1,0,1,0.0,36.38333333333333,10,15,0.667,0,3,0.0,4,5,0.8,2,3,5,1,0,2,3,0,1,3,24,0,46.5,0,0,40.0,1,87,87,87,19,8,19,12,77,55,77,16,20,53,26,65,43,79,116,12,2,1,32,25,10,81,8,10,1,11,1,95,105.2,105.5,105.5,102.6,105.5,105.5,2.6,0.0,0.0,0.045,0.0,5.6,0.051,0.0,0.0,0.0,0.0,0.667,0.698,0.207,0.215,97.76,96.31,80.26,96.31,0.183,73,10.0,15.0,73,79,79,82,95,95,77,84,84,114,88,114,21,68,33,1,1,28,32,67,62,78,91,91,18,8,19,46,36,0.0,1,3,2,2,0.022,0.043,5,1,2,0.5,2,2,1.0,4,0.8,2,0.4,0,0.0,0,0.0,1,0.2,24,64,36,2.3,2.14,1.19,0.375,2,3,3,1.0,2.0,2.0,0.0,2.0,0.0,3.0,0.667,0.0,0.667,4.2,0.0,3.0,0.0,11.0,0.273,3.0,0.375,8.3,0.0,5.0,0.0,14.0,0.357,3.0,0.455,6.7,1.0,0.267,4.0,4.0,1.0,1.0,0.267,4.0,4.0,1.0,0.0,0.0,0.0,,0.333,4.0,5.0,0.8,0.8,0.333,4.0,5.0,0.8,0.0,0.0,0.0,,0.267,2.0,4.0,0.5,0.5,0.133,2.0,2.0,1.0,0.133,0.0,2.0,0.0,0.133,0.0,2.0,0.0,0.0,0.067,0.0,1.0,0.0,0.067,0.0,1.0,0.0,1,3,0.333,2,0.0,0.0,,0.333,2,0.25,6,1.0,6,1.0,2,1.0,0.667,6.0,6.0,1.0,1.0,2.0,0.5,3.0,4.0,0.75,0.0,0.0,0.0,0.0,1.0,0.0,0.0,2.0,0.0,,,,0.0,1.0,0.0,DET,6.0,6.0,1.0,2.0,2.0,1.0,2.0,3.0,0.667,0.0,0.0,0.0,0.0,2.0,0.0,0.0,2.0,0.0,,,,,,,0.0,0.0,0.0,1,4,0.0,3.0,0.0,0.25,5.0,13.0,0.385,0.433,-0.049,1.0,2.0,0.5,0.315,0.185,4.0,11.0,0.364,0.49,-0.126,3.0,6.0,0.5,0.592,-0.092,3.0,7.0,0.429,0.548,-0.119,2.0,5.0,0.4,0.302,0.098,13.0,11.0,2.0,2.0,0.0,0.0,0.0,0.0,0.0,0.0,0.0,0.0,0.0,0.0,0.0,0.0,0.0,0.0,0.0,0.0,0.0,13665,2.6,1.4,1.2,4.29,5.04,3.66,2017,20170321,False
2225,Tony Parker,Tony,1610612759,SAS,35.0,1,1,0,1.0,27.0,0,6,0.0,0,1,0.0,2,2,1.0,0,1,1,5,2,2,0,0,2,4,2,-7,14.7,0,0,12.0,1,1,1,1,64,142,90,142,77,99,77,36,44,1,91,120,136,12,27,12,53,1,74,12,133,117,101,10,1,117,1,92,83.5,86.3,86.3,98.4,104.1,104.1,-14.9,-17.8,-17.8,0.313,2.5,35.7,0.0,0.037,0.0,14.3,14.4,0.0,0.145,0.15,0.154,92.94,88.89,74.07,88.89,0.0,51,0.0,6.0,141,132,132,64,89,89,119,125,125,15,21,14,41,65,33,111,113,142,146,108,105,138,155,155,139,142,90,44,49,0.0,0,8,11,5,0.114,0.114,7,0,1,0.0,2,2,1.0,2,0.286,2,0.286,1,0.143,1,0.143,1,0.143,2,57,14,5.5,5.78,6.39,0.035,0,0,0,0.0,0.0,0.0,0.0,0.0,0.0,3.0,0.0,0.0,0.0,0.0,1.0,0.0,1.0,4.0,0.25,0.0,0.25,3.6,1.0,0.0,1.0,7.0,0.143,0.0,0.143,3.6,,,,,,,,,,,,,,,0.167,0.0,1.0,0.0,0.0,0.167,0.0,1.0,0.0,0.0,0.0,0.0,,0.667,0.0,4.0,0.0,0.0,0.5,0.0,3.0,0.0,0.167,0.0,1.0,0.0,0.167,0.0,1.0,0.0,0.0,0.167,0.0,1.0,0.0,0.0,0.0,0.0,,0,3,0.0,0,0.0,0.0,,0.0,0,0.0,0,0.0,0,0.0,0,0.0,0.0,0.0,0.0,0.0,0.0,3.0,0.0,0.0,2.0,0.0,0.0,0.0,0.0,0.0,1.0,0.0,0.0,0.0,0.0,0.0,0.0,0.0,0.0,1.0,0.0,SAS,0.0,0.0,0.0,0.0,1.0,0.0,0.0,2.0,0.0,0.0,1.0,0.0,0.0,2.0,0.0,0.0,0.0,0.0,,,,,,,0.0,0.0,0.0,0,1,0.0,1.0,0.0,0.0,2.0,5.0,0.4,0.458,-0.058,1.0,2.0,0.5,0.367,0.133,1.0,3.0,0.333,0.443,-0.11,,,,,,,,,,,1.0,4.0,0.25,0.388,-0.138,2.0,0.0,2.0,1.0,0.0,0.0,0.0,0.0,0.0,2.0,0.0,0.0,0.0,0.0,0.0,0.0,0.0,0.0,0.0,0.0,0.0,10350,2.0,1.1,0.8,4.46,4.85,3.61,2017,20170321,False
203503,Tony Snell,Tony,1610612749,MIL,25.0,1,1,0,1.0,35.85,2,5,0.4,1,3,0.333,0,0,0.0,0,5,5,2,2,0,0,0,1,0,5,4,12.0,0,0,13.0,1,1,1,1,24,97,105,89,41,55,50,87,95,87,91,27,43,52,27,79,53,1,32,126,111,59,120,10,1,104,1,94,108.8,111.9,111.9,103.7,106.0,106.0,5.1,6.0,6.0,0.069,1.0,22.2,0.0,0.119,0.0,22.2,22.2,0.5,0.5,0.086,0.088,92.01,89.71,74.76,89.71,0.048,67,2.0,5.0,60,53,53,88,97,97,71,67,67,94,50,37,41,31,33,137,138,70,86,151,151,144,152,152,118,97,105,23,21,0.0,0,4,6,2,0.087,0.087,0,0,0,0.0,0,0,0.0,0,0.0,0,0.0,0,0.0,0,0.0,0,0.0,5,30,22,0.8,1.62,0.6,0.167,2,0,0,0.0,0.0,0.0,0.0,0.0,0.0,2.0,0.0,0.0,0.0,0.0,1.0,4.0,0.2,5.0,1.0,0.0,1.0,8.3,1.0,4.0,0.2,7.0,0.714,0.0,0.714,8.3,1.0,0.2,1.0,1.0,1.0,1.0,0.2,1.0,1.0,1.0,0.0,0.0,0.0,,0.2,0.0,1.0,0.0,0.0,0.2,0.0,1.0,0.0,0.0,0.0,0.0,,0.2,1.0,1.0,1.0,1.5,0.0,0.0,0.0,,0.2,1.0,1.0,1.0,0.4,0.0,2.0,0.0,0.0,0.0,0.0,0.0,,0.4,0.0,2.0,0.0,0,0,,0,0.0,0.0,,,3,0.25,0,0.0,0,0.0,0,0.0,0.5,1.0,1.0,1.0,0.0,0.0,0.0,0.0,1.0,0.0,0.0,0.0,0.0,1.0,2.0,0.5,0.0,1.0,0.0,0.0,0.0,0.0,1.0,2.0,0.5,MIL,1.0,1.0,1.0,0.0,0.0,0.0,0.0,0.0,0.0,0.0,0.0,0.0,1.0,4.0,0.25,0.0,0.0,0.0,0.0,0.0,0.0,,,,0.0,0.0,0.0,1,4,1.0,3.0,0.333,0.375,6.0,15.0,0.4,0.471,-0.071,2.0,5.0,0.4,0.384,0.016,4.0,10.0,0.4,0.498,-0.098,0.0,4.0,0.0,0.574,-0.574,1.0,5.0,0.2,0.53,-0.33,3.0,8.0,0.375,0.409,-0.034,11.0,6.0,5.0,0.0,0.0,0.0,0.0,0.0,0.0,1.0,0.0,0.0,0.0,0.0,0.0,0.0,0.0,0.0,0.0,0.0,0.0,12169,2.3,1.1,1.2,3.85,3.76,3.95,2017,20170321,False
202344,Trevor Booker,Trevor,1610612751,BKN,29.0,1,1,0,1.0,13.5,1,4,0.25,0,0,0.0,0,0,0.0,1,4,5,2,2,0,0,1,0,0,2,2,9.0,0,0,9.0,1,1,1,1,138,122,115,124,77,116,77,87,95,87,45,42,43,52,27,79,53,111,1,126,133,69,136,10,1,131,1,94,99.7,103.4,103.4,102.9,100.0,100.0,-3.2,3.4,3.4,0.2,1.0,25.0,0.0,0.0,0.0,25.0,25.0,0.25,0.25,0.188,0.181,101.83,101.33,84.44,101.33,0.06,29,1.0,4.0,102,87,87,83,62,62,92,76,76,39,50,27,41,68,33,142,142,128,135,81,92,43,45,45,112,122,115,28,20,0.0,0,2,5,2,0.071,0.071,3,0,1,0.0,0,0,0.0,0,0.0,1,0.333,1,0.333,0,0.0,0,0.0,2,34,21,1.1,1.86,0.88,0.059,5,1,2,0.4,0.0,1.0,1.0,0.0,1.0,1.0,1.0,0.0,1.0,2.9,1.0,3.0,0.25,5.0,0.8,0.0,0.8,7.1,2.0,3.0,0.4,6.0,0.833,0.0,0.833,6.3,1.0,0.25,0.0,1.0,0.0,0.0,0.25,0.0,1.0,0.0,0.0,0.0,0.0,,0.75,1.0,3.0,0.333,0.333,0.75,1.0,3.0,0.333,0.0,0.0,0.0,,,,,,,,,,,,,,,,,,,,,,,,,,,,0,0,,0,,,,,0,0.0,2,0.5,0,0.0,2,0.5,0.25,1.0,4.0,0.25,0.0,0.0,0.0,0.0,0.0,0.0,,,,0.0,0.0,0.0,0.0,0.0,0.0,,,,0.0,0.0,0.0,BKN,1.0,4.0,0.25,0.0,0.0,0.0,0.0,0.0,0.0,0.0,0.0,0.0,0.0,0.0,0.0,0.0,0.0,0.0,,,,,,,0.0,0.0,0.0,0,0,,,,,1.0,2.0,0.5,0.505,-0.005,0.0,1.0,0.0,0.293,-0.293,1.0,1.0,1.0,0.532,0.468,,,,,,,,,,,0.0,1.0,0.0,0.33,-0.33,1.0,0.0,1.0,1.0,0.0,0.0,0.0,0.0,0.0,1.0,0.0,0.0,0.0,0.0,0.0,0.0,0.0,0.0,0.0,0.0,0.0,5245,1.0,0.6,0.4,4.45,4.89,3.91,2017,20170321,False
203584,Troy Daniels,Troy,1610612763,MEM,25.0,1,0,1,0.0,24.266666666666666,4,8,0.5,4,8,0.5,0,0,0.0,0,2,2,2,2,0,0,0,1,2,12,8,15.4,0,0,20.0,1,87,87,87,81,53,67,53,3,5,18,87,95,87,91,90,109,52,27,79,53,1,32,50,45,39,94,10,1,68,1,94,101.0,100.0,100.0,86.3,87.5,87.5,14.6,12.5,12.5,0.143,1.0,16.7,0.0,0.065,0.0,16.7,16.7,0.75,0.75,0.189,0.194,97.08,96.92,80.77,96.92,0.113,50,4.0,8.0,94,93,93,24,27,27,46,51,51,52,50,57,41,50,33,120,121,14,19,80,80,87,84,84,65,53,67,19,21,0.0,0,1,3,1,0.105,0.053,0,0,0,0.0,0,0,0.0,0,0.0,0,0.0,0,0.0,0,0.0,0,0.0,12,28,17,0.8,1.66,0.86,0.429,0,0,0,0.0,0.0,0.0,0.0,0.0,0.0,0.0,0.0,0.0,0.0,0.0,1.0,1.0,0.5,7.0,0.286,0.0,0.286,9.1,1.0,1.0,0.5,7.0,0.286,0.0,0.286,9.1,,,,,,,,,,,,,,,0.125,1.0,1.0,1.0,1.5,0.0,0.0,0.0,,0.125,1.0,1.0,1.0,0.5,2.0,4.0,0.5,0.75,0.0,0.0,0.0,,0.5,2.0,4.0,0.5,0.375,1.0,3.0,0.333,0.5,0.0,0.0,0.0,,0.375,1.0,3.0,0.333,1,1,1.0,3,1.0,1.0,1.0,1.5,9,0.429,0,0.0,0,0.0,0,0.0,0.75,0.0,0.0,0.0,0.0,0.0,0.0,0.0,0.0,0.0,1.0,2.0,0.5,0.0,0.0,0.0,3.0,6.0,0.5,,,,1.0,2.0,0.5,MEM,0.0,0.0,0.0,0.0,0.0,0.0,0.0,0.0,0.0,0.0,0.0,0.0,2.0,3.0,0.667,2.0,5.0,0.4,,,,0.0,0.0,0.0,,,,3,7,3.0,7.0,0.429,0.643,2.0,7.0,0.286,0.453,-0.167,2.0,5.0,0.4,0.375,0.025,0.0,2.0,0.0,0.465,-0.465,0.0,1.0,0.0,0.5,-0.5,0.0,1.0,0.0,0.479,-0.479,2.0,5.0,0.4,0.375,0.025,8.0,3.0,5.0,0.0,2.0,0.0,0.0,0.0,0.0,0.0,0.0,0.0,0.0,0.0,0.0,0.0,0.0,0.0,0.0,0.0,0.0,9187,1.7,0.9,0.8,4.21,4.62,3.84,2017,20170321,False
203898,Tyler Ennis,Tyler,1610612747,LAL,22.0,1,0,1,0.0,8.0,1,5,0.2,0,2,0.0,3,3,1.0,0,1,1,2,0,1,0,1,0,2,5,1,12.2,0,0,10.0,1,87,87,87,151,122,105,133,77,73,77,24,35,1,91,120,136,52,116,33,53,111,1,50,111,76,117,10,1,128,1,100,122.9,127.8,127.8,126.4,122.2,122.2,-3.6,5.6,5.6,0.286,0.0,25.0,0.0,0.0,0.0,0.0,0.0,0.2,0.396,0.24,0.246,108.36,108.0,90.0,108.0,0.154,18,1.0,5.0,26,17,17,150,140,140,93,69,69,18,88,27,41,68,33,1,1,136,113,41,41,8,11,11,36,122,105,17,22,0.0,0,1,4,2,0.118,0.118,2,0,1,0.0,0,0,0.0,0,0.0,0,0.0,1,0.5,0,0.0,0,0.0,5,26,13,1.3,3.05,2.23,0.192,0,0,0,0.0,0.0,0.0,0.0,0.0,0.0,1.0,0.0,1.0,0.0,0.0,0.0,1.0,0.0,1.0,1.0,0.0,1.0,13.1,0.0,1.0,0.0,2.0,0.5,1.0,1.0,13.1,1.0,0.4,1.0,2.0,0.5,0.5,0.4,1.0,2.0,0.5,0.0,0.0,0.0,,0.2,0.0,1.0,0.0,0.0,0.2,0.0,1.0,0.0,0.0,0.0,0.0,,0.2,0.0,1.0,0.0,0.0,0.0,0.0,0.0,,0.2,0.0,1.0,0.0,0.2,0.0,1.0,0.0,0.0,0.0,0.0,0.0,,0.2,0.0,1.0,0.0,1,3,0.333,2,0.0,1.0,0.0,0.333,0,0.0,0,0.0,0,0.0,0,0.0,0.2,0.0,0.0,0.0,1.0,2.0,0.5,0.0,1.0,0.0,0.0,1.0,0.0,,,,0.0,1.0,0.0,0.0,0.0,0.0,0.0,1.0,0.0,LAL,0.0,0.0,0.0,1.0,2.0,0.5,0.0,1.0,0.0,0.0,0.0,0.0,0.0,2.0,0.0,0.0,0.0,0.0,0.0,0.0,0.0,,,,0.0,0.0,0.0,0,1,0.0,1.0,0.0,0.0,0.0,2.0,0.0,0.486,-0.486,0.0,1.0,0.0,0.406,-0.406,0.0,1.0,0.0,0.512,-0.512,,,,,,0.0,1.0,0.0,0.571,-0.571,0.0,1.0,0.0,0.437,-0.437,1.0,0.0,1.0,2.0,0.0,0.0,0.0,0.0,0.0,0.0,0.0,0.0,0.0,0.0,0.0,0.0,0.0,0.0,0.0,0.0,0.0,3267,0.6,0.3,0.3,4.51,4.73,4.3,2017,20170321,False
204020,Tyler Johnson,Tyler,1610612748,MIA,25.0,1,1,0,1.0,28.968333333333334,7,17,0.412,2,3,0.667,1,2,0.5,1,5,6,4,2,5,0,0,3,3,17,-2,43.2,0,0,39.0,1,1,1,1,54,22,11,87,17,55,9,69,44,66,45,27,36,20,27,1,53,1,113,25,29,95,12,10,1,14,1,104,104.6,103.2,103.2,103.9,104.7,104.7,0.7,-1.5,-1.5,0.211,2.0,16.7,0.029,0.217,0.103,8.3,8.4,0.471,0.475,0.26,0.265,104.92,105.22,87.68,105.22,0.171,63,7.0,17.0,82,90,90,90,91,91,82,90,90,35,24,57,32,6,13,78,80,92,98,31,31,27,23,23,20,22,11,46,50,0.0,0,13,10,4,0.087,0.087,11,2,5,0.4,0,0,0.0,4,0.364,5,0.455,0,0.0,1,0.091,0,0.0,17,70,32,4.3,3.72,3.71,0.243,0,0,0,0.0,0.0,0.0,0.0,1.0,0.0,3.0,0.333,0.0,0.333,14.6,0.0,5.0,0.0,6.0,0.833,0.0,0.833,8.8,0.0,6.0,0.0,9.0,0.667,0.0,0.667,9.7,1.0,0.176,2.0,3.0,0.667,0.667,0.176,2.0,3.0,0.667,0.0,0.0,0.0,,0.294,2.0,5.0,0.4,0.4,0.294,2.0,5.0,0.4,0.0,0.0,0.0,,0.412,2.0,7.0,0.286,0.357,0.294,1.0,5.0,0.2,0.118,1.0,2.0,0.5,0.118,1.0,2.0,0.5,0.75,0.059,0.0,1.0,0.0,0.059,1.0,1.0,1.0,0,4,0.0,0,0.0,0.0,,0.0,6,0.4,0,0.0,0,0.0,0,0.0,0.471,3.0,5.0,0.6,1.0,3.0,0.333,1.0,6.0,0.167,0.0,0.0,0.0,1.0,1.0,1.0,1.0,2.0,0.5,0.0,0.0,0.0,1.0,1.0,1.0,MIA,3.0,5.0,0.6,2.0,2.0,1.0,0.0,2.0,0.0,0.0,2.0,0.0,2.0,6.0,0.333,0.0,0.0,0.0,,,,,,,0.0,0.0,0.0,2,5,2.0,3.0,0.667,0.6,5.0,11.0,0.455,0.462,-0.007,1.0,3.0,0.333,0.315,0.019,4.0,8.0,0.5,0.506,-0.006,2.0,3.0,0.667,0.552,0.115,2.0,5.0,0.4,0.57,-0.17,2.0,5.0,0.4,0.338,0.062,6.0,4.0,2.0,5.0,0.0,0.0,0.0,0.0,0.0,4.0,0.0,0.0,0.0,0.0,0.0,0.0,0.0,0.0,0.0,0.0,0.0,11292,2.1,1.2,0.9,4.36,4.51,4.18,2017,20170321,False
1627755,Tyler Ulis,Tyler,1610612756,PHX,21.0,1,0,1,0.0,42.46666666666667,4,11,0.364,0,1,0.0,1,3,0.333,0,3,3,6,5,1,0,0,2,5,9,-6,19.6,0,0,20.0,1,87,87,87,4,53,43,99,77,99,77,69,35,82,91,65,89,8,3,33,53,1,74,10,74,111,74,10,1,68,1,104,89.8,94.6,94.6,101.9,102.2,102.2,-12.1,-7.6,-7.6,0.214,1.2,26.1,0.0,0.063,0.031,21.7,21.4,0.364,0.365,0.159,0.162,106.34,103.42,86.19,103.42,0.025,92,4.0,11.0,126,112,112,81,79,79,111,98,98,34,49,26,41,51,28,136,137,110,119,100,100,18,31,31,128,53,43,77,87,2.0,0,16,13,7,0.078,0.091,11,2,4,0.5,1,2,0.5,5,0.455,4,0.364,2,0.182,0,0.0,1,0.091,9,100,28,7.7,4.64,4.91,0.09,0,0,0,0.0,0.0,0.0,0.0,0.0,0.0,2.0,0.0,0.0,0.0,0.0,1.0,2.0,0.333,9.0,0.333,1.0,0.375,9.2,1.0,2.0,0.333,11.0,0.273,1.0,0.3,9.2,1.0,0.091,1.0,1.0,1.0,1.0,0.091,1.0,1.0,1.0,0.0,0.0,0.0,,0.364,1.0,4.0,0.25,0.25,0.364,1.0,4.0,0.25,0.0,0.0,0.0,,0.273,2.0,3.0,0.667,0.667,0.273,2.0,3.0,0.667,0.0,0.0,0.0,,0.273,0.0,3.0,0.0,0.0,0.182,0.0,2.0,0.0,0.091,0.0,1.0,0.0,3,6,0.5,6,0.0,0.0,,0.5,0,0.0,0,0.0,0,0.0,0,0.0,0.364,0.0,2.0,0.0,2.0,2.0,1.0,2.0,6.0,0.333,0.0,0.0,0.0,0.0,0.0,0.0,0.0,0.0,0.0,0.0,1.0,0.0,0.0,0.0,0.0,PHX,0.0,2.0,0.0,2.0,3.0,0.667,1.0,2.0,0.5,1.0,3.0,0.333,0.0,0.0,0.0,0.0,0.0,0.0,,,,,,,0.0,1.0,0.0,0,2,0.0,1.0,0.0,0.0,8.0,14.0,0.571,0.446,0.126,2.0,4.0,0.5,0.37,0.13,6.0,10.0,0.6,0.479,0.122,5.0,6.0,0.833,0.596,0.237,6.0,7.0,0.857,0.554,0.303,2.0,6.0,0.333,0.361,-0.027,3.0,2.0,1.0,4.0,0.0,0.0,0.0,0.0,0.0,0.0,0.0,0.0,0.0,0.0,0.0,0.0,0.0,0.0,0.0,0.0,0.0,16029,3.0,1.5,1.5,4.25,4.54,4.0,2017,20170321,False
1626145,Tyus Jones,Tyus,1610612750,MIN,21.0,1,0,1,0.0,11.9,0,1,0.0,0,0,0.0,0,0,0.0,0,2,2,5,2,3,0,0,1,0,0,10,16.9,0,0,13.0,1,87,87,87,142,142,152,142,77,116,77,87,95,87,91,90,109,12,27,4,53,1,32,126,148,31,85,10,1,104,1,91,142.6,140.0,140.0,90.0,94.7,94.7,52.6,45.3,45.3,0.5,2.5,62.5,0.0,0.0,0.0,25.0,25.0,0.0,0.0,0.111,0.122,79.95,78.66,65.55,78.66,0.185,20,0.0,1.0,4,6,6,34,42,42,3,5,5,1,21,2,41,68,33,142,142,142,148,138,132,166,167,167,16,142,152,25,20,2.0,0,6,16,7,0.2,0.28,5,0,0,0.0,0,0,0.0,0,0.0,3,0.6,2,0.4,0,0.0,0,0.0,0,26,10,2.5,5.7,5.88,0.0,0,0,0,0.0,0.0,0.0,0.0,0.0,0.0,0.0,0.0,0.0,0.0,0.0,0.0,2.0,0.0,3.0,0.667,0.0,0.667,14.6,0.0,2.0,0.0,3.0,0.667,0.0,0.667,14.6,,,,,,,,,,,,,,,,,,,,,,,,,,,,1.0,0.0,1.0,0.0,0.0,1.0,0.0,1.0,0.0,0.0,0.0,0.0,,,,,,,,,,,,,,,0,1,0.0,0,,,,0.0,0,0.0,0,0.0,0,0.0,0,0.0,0.0,0.0,0.0,0.0,0.0,0.0,0.0,0.0,1.0,0.0,,,,0.0,0.0,0.0,0.0,0.0,0.0,,,,0.0,0.0,0.0,MIN,0.0,0.0,0.0,0.0,0.0,0.0,0.0,0.0,0.0,0.0,1.0,0.0,0.0,0.0,0.0,0.0,0.0,0.0,,,,,,,,,,0,0,,,,,0.0,2.0,0.0,0.414,-0.414,0.0,1.0,0.0,0.403,-0.403,0.0,1.0,0.0,0.421,-0.421,,,,,,,,,,,0.0,2.0,0.0,0.375,-0.375,2.0,1.0,1.0,3.0,0.0,0.0,0.0,0.0,0.0,2.0,0.0,0.0,0.0,0.0,0.0,0.0,0.0,0.0,0.0,0.0,0.0,4512,0.9,0.5,0.4,4.56,4.8,4.29,2017,20170321,False
1713,Vince Carter,Vince,1610612763,MEM,40.0,1,0,1,0.0,34.06666666666667,2,9,0.222,0,6,0.0,0,0,0.0,0,2,2,4,0,2,1,0,2,3,4,-27,21.4,0,0,16.0,1,87,87,87,30,97,53,130,77,13,77,87,95,87,91,90,109,20,116,12,20,1,74,25,119,166,66,10,1,86,1,94,74.1,75.8,75.8,110.6,113.2,113.2,-36.6,-37.5,-37.5,0.222,0.0,30.8,0.0,0.061,0.029,0.0,0.0,0.222,0.222,0.13,0.129,96.6,94.4,78.67,94.4,0.036,66,2.0,9.0,150,150,150,112,125,125,147,151,151,32,88,18,41,52,30,1,1,132,140,123,126,96,121,121,123,97,53,40,39,1.0,0,8,10,5,0.1,0.125,1,0,0,0.0,0,0,0.0,0,0.0,1,1.0,0,0.0,0,0.0,0,0.0,4,51,40,1.9,2.28,1.24,0.078,1,2,1,0.0,2.0,0.0,0.0,0.0,0.0,1.0,0.0,0.0,0.0,0.0,1.0,2.0,0.5,6.0,0.333,0.0,0.333,9.2,1.0,2.0,0.5,7.0,0.286,0.0,0.286,9.2,1.0,0.111,0.0,1.0,0.0,0.0,0.111,0.0,1.0,0.0,0.0,0.0,0.0,,0.444,2.0,4.0,0.5,0.5,0.222,2.0,2.0,1.0,0.222,0.0,2.0,0.0,0.333,0.0,3.0,0.0,0.0,0.0,0.0,0.0,,0.333,0.0,3.0,0.0,0.111,0.0,1.0,0.0,0.0,0.0,0.0,0.0,,0.111,0.0,1.0,0.0,1,2,0.5,2,0.0,1.0,0.0,0.5,0,0.0,0,0.0,4,1.0,0,0.0,0.222,0.0,1.0,0.0,1.0,1.0,1.0,1.0,1.0,1.0,0.0,1.0,0.0,0.0,1.0,0.0,0.0,4.0,0.0,0.0,0.0,0.0,0.0,2.0,0.0,MEM,0.0,1.0,0.0,1.0,1.0,1.0,0.0,0.0,0.0,1.0,1.0,1.0,0.0,2.0,0.0,0.0,4.0,0.0,0.0,0.0,0.0,0.0,0.0,0.0,0.0,0.0,0.0,0,5,0.0,5.0,0.0,0.0,6.0,11.0,0.545,0.442,0.104,0.0,2.0,0.0,0.352,-0.352,6.0,9.0,0.667,0.488,0.178,4.0,7.0,0.571,0.598,-0.027,5.0,8.0,0.625,0.556,0.069,0.0,2.0,0.0,0.346,-0.346,7.0,5.0,2.0,2.0,0.0,2.0,4.0,0.0,0.0,2.0,0.0,0.0,0.0,0.0,0.0,0.0,0.0,0.0,0.0,0.0,0.0,11768,2.2,1.3,0.9,3.88,4.12,3.58,2017,20170321,False
201961,Wayne Ellington,Wayne,1610612748,MIA,29.0,1,1,0,1.0,26.566666666666666,4,8,0.5,3,6,0.5,0,0,0.0,0,1,1,2,0,1,0,0,0,2,11,19,18.2,0,0,19.0,1,1,1,1,68,53,67,53,8,13,18,87,95,87,91,120,136,52,116,33,53,1,1,50,55,8,81,10,1,72,1,104,121.2,123.7,123.7,91.3,93.1,93.1,29.9,30.6,30.6,0.091,0.0,20.0,0.0,0.04,0.019,0.0,0.0,0.688,0.688,0.114,0.114,107.86,105.7,88.08,105.7,0.133,59,4.0,8.0,32,24,24,39,40,40,22,19,19,81,88,45,41,62,31,1,1,26,34,134,139,10,20,20,48,53,67,10,15,0.0,0,3,6,2,0.2,0.2,1,0,0,0.0,0,0,0.0,0,0.0,0,0.0,1,1.0,0,0.0,0,0.0,11,20,16,0.7,1.95,0.9,0.55,1,0,1,0.0,0.0,0.0,0.0,0.0,0.0,0.0,0.0,0.0,0.0,0.0,0.0,1.0,0.0,4.0,0.25,1.0,0.333,9.1,0.0,1.0,0.0,4.0,0.25,1.0,0.333,9.1,,,,,,,,,,,,,,,0.25,0.0,2.0,0.0,0.0,0.0,0.0,0.0,,0.25,0.0,2.0,0.0,0.25,1.0,2.0,0.5,0.75,0.125,0.0,1.0,0.0,0.125,1.0,1.0,1.0,0.5,3.0,4.0,0.75,1.0,0.125,1.0,1.0,1.0,0.375,2.0,3.0,0.667,1,2,0.5,3,1.0,2.0,0.5,0.75,6,0.4,0,0.0,0,0.0,0,0.0,0.688,1.0,1.0,1.0,0.0,0.0,0.0,0.0,1.0,0.0,0.0,0.0,0.0,0.0,0.0,0.0,3.0,6.0,0.5,0.0,0.0,0.0,0.0,0.0,0.0,MIA,1.0,1.0,1.0,0.0,0.0,0.0,0.0,0.0,0.0,0.0,1.0,0.0,3.0,4.0,0.75,0.0,2.0,0.0,,,,,,,0.0,0.0,0.0,2,5,2.0,4.0,0.5,0.6,3.0,6.0,0.5,0.472,0.029,1.0,2.0,0.5,0.37,0.13,2.0,4.0,0.5,0.525,-0.025,2.0,3.0,0.667,0.671,-0.004,2.0,3.0,0.667,0.603,0.064,1.0,3.0,0.333,0.379,-0.046,3.0,2.0,1.0,1.0,0.0,0.0,0.0,0.0,0.0,1.0,0.0,0.0,0.0,0.0,0.0,0.0,0.0,0.0,0.0,0.0,0.0,10191,1.9,1.1,0.8,4.3,4.52,4.04,2017,20170321,False
1627782,Wayne Selden,Wayne,1610612763,MEM,22.0,1,0,1,0.0,16.266666666666666,2,6,0.333,0,4,0.0,0,0,0.0,0,2,2,0,0,1,0,0,0,0,4,-12,9.4,0,0,8.0,1,87,87,87,126,97,90,102,77,32,77,87,95,87,91,90,109,118,116,33,53,1,1,126,119,143,133,10,1,135,1,94,80.3,77.4,77.4,118.9,116.1,116.1,-38.6,-38.7,-38.7,0.0,0.0,0.0,0.0,0.0,0.0,0.0,0.0,0.333,0.333,0.188,0.194,88.76,91.48,76.23,91.48,0.056,31,2.0,6.0,146,148,148,133,131,131,150,153,153,118,88,118,41,68,33,1,1,112,122,81,79,160,142,142,114,97,90,8,11,0.0,0,1,0,0,0.0,0.0,1,1,1,1.0,0,0,0.0,2,2.0,0,0.0,0,0.0,0,0.0,0,0.0,4,16,7,0.7,2.67,2.13,0.25,0,0,0,0.0,0.0,0.0,0.0,0.0,0.0,0.0,0.0,0.0,0.0,0.0,0.0,2.0,0.0,3.0,0.667,0.0,0.667,3.4,0.0,2.0,0.0,3.0,0.667,0.0,0.667,3.4,1.0,0.167,1.0,1.0,1.0,1.0,0.167,1.0,1.0,1.0,0.0,0.0,0.0,,,,,,,,,,,,,,,0.333,1.0,2.0,0.5,0.5,0.167,1.0,1.0,1.0,0.167,0.0,1.0,0.0,0.5,0.0,3.0,0.0,0.0,0.0,0.0,0.0,,0.5,0.0,3.0,0.0,0,1,0.0,0,0.0,1.0,0.0,0.0,0,0.0,0,0.0,0,0.0,0,0.0,0.333,2.0,2.0,1.0,0.0,0.0,0.0,0.0,0.0,0.0,,,,0.0,0.0,0.0,0.0,4.0,0.0,,,,0.0,0.0,0.0,MEM,2.0,2.0,1.0,0.0,0.0,0.0,0.0,0.0,0.0,0.0,0.0,0.0,0.0,0.0,0.0,0.0,4.0,0.0,,,,,,,,,,0,3,0.0,3.0,0.0,0.0,1.0,2.0,0.5,0.454,0.046,0.0,1.0,0.0,0.356,-0.356,1.0,1.0,1.0,0.498,0.502,1.0,1.0,1.0,0.592,0.408,1.0,1.0,1.0,0.556,0.444,0.0,1.0,0.0,0.353,-0.353,3.0,2.0,1.0,1.0,0.0,0.0,0.0,0.0,0.0,1.0,0.0,0.0,0.0,0.0,0.0,0.0,0.0,0.0,0.0,0.0,0.0,6131,1.2,0.7,0.5,4.43,4.72,4.08,2017,20170321,False
202325,Wesley Johnson,Wesley,1610612746,LAC,29.0,1,1,0,1.0,6.066666666666666,0,1,0.0,0,1,0.0,0,0,0.0,0,3,3,0,0,0,0,0,1,0,0,-1,3.6,0,0,3.0,1,1,1,1,156,142,152,142,77,99,77,87,95,87,91,65,89,118,116,79,53,1,32,126,148,88,151,10,1,151,1,99,102.8,100.0,100.0,117.8,116.7,116.7,-15.0,-16.7,-16.7,0.0,0.0,0.0,0.0,0.0,0.0,0.0,0.0,0.0,0.0,0.077,0.079,97.0,98.9,82.42,98.9,0.041,13,0.0,1.0,87,93,93,131,133,133,120,123,123,118,88,118,41,68,33,1,1,142,148,158,156,91,70,70,122,142,152,9,5,0.0,0,0,0,0,0.0,0.0,0,0,0,0.0,0,0,0.0,0,0.0,0,0.0,0,0.0,0,0.0,0,0.0,0,11,4,0.5,2.84,0.73,0.0,0,0,0,0.0,0.0,0.0,0.0,0.0,0.0,2.0,0.0,0.0,0.0,0.0,2.0,1.0,0.667,3.0,1.0,0.0,1.0,6.6,2.0,1.0,0.667,5.0,0.6,0.0,0.6,6.6,,,,,,,,,,,,,,,,,,,,,,,,,,,,1.0,0.0,1.0,0.0,0.0,0.0,0.0,0.0,,1.0,0.0,1.0,0.0,,,,,,,,,,,,,,0,1,0.0,0,0.0,1.0,0.0,0.0,0,0.0,0,0.0,0,0.0,0,0.0,0.0,0.0,0.0,0.0,0.0,0.0,0.0,0.0,0.0,0.0,0.0,0.0,0.0,,,,0.0,1.0,0.0,,,,0.0,0.0,0.0,LAC,0.0,0.0,0.0,0.0,0.0,0.0,0.0,0.0,0.0,0.0,0.0,0.0,0.0,0.0,0.0,0.0,1.0,0.0,,,,,,,,,,0,0,0.0,0.0,,,2.0,3.0,0.667,0.46,0.207,1.0,1.0,1.0,0.296,0.704,1.0,2.0,0.5,0.507,-0.007,1.0,1.0,1.0,0.595,0.405,1.0,2.0,0.5,0.532,-0.032,1.0,1.0,1.0,0.35,0.65,3.0,2.0,1.0,1.0,0.0,0.0,0.0,0.0,0.0,0.0,0.0,0.0,0.0,0.0,0.0,0.0,0.0,0.0,0.0,0.0,0.0,2001,0.4,0.2,0.2,3.95,3.33,4.85,2017,20170321,False
202083,Wesley Matthews,Wesley,1610612742,DAL,30.0,1,0,1,0.0,32.575,3,8,0.375,2,5,0.4,0,0,0.0,1,2,3,4,2,2,0,0,0,1,8,-11,21.6,0,0,21.0,1,87,87,87,36,73,67,96,17,19,42,87,95,87,45,90,89,20,27,12,53,1,1,84,81,137,65,10,1,65,1,94,106.2,106.2,106.2,121.9,125.0,125.0,-15.7,-18.8,-18.8,0.182,2.0,28.6,0.0,0.0,0.0,14.3,14.3,0.5,0.5,0.145,0.145,96.22,95.04,79.2,95.04,0.061,65,3.0,8.0,69,76,76,141,149,149,122,128,128,43,24,23,41,68,33,111,112,70,86,114,113,104,112,112,111,73,67,36,33,0.0,0,8,11,4,0.111,0.111,3,1,3,0.333,0,0,0.0,2,0.667,0,0.0,0,0.0,0,0.0,0,0.0,8,46,29,1.6,2.06,1.11,0.174,1,2,1,0.0,0.0,0.0,1.0,0.0,1.0,2.0,0.5,0.0,0.5,6.6,0.0,2.0,0.0,6.0,0.333,1.0,0.4,3.7,1.0,2.0,0.333,8.0,0.375,1.0,0.429,4.7,1.0,0.125,1.0,1.0,1.0,1.0,0.125,1.0,1.0,1.0,0.0,0.0,0.0,,0.125,0.0,1.0,0.0,0.0,0.125,0.0,1.0,0.0,0.0,0.0,0.0,,0.25,0.0,2.0,0.0,0.0,0.0,0.0,0.0,,0.25,0.0,2.0,0.0,0.5,2.0,4.0,0.5,0.75,0.125,0.0,1.0,0.0,0.375,2.0,3.0,0.667,1,4,0.25,2,0.0,2.0,0.0,0.25,6,0.667,0,0.0,0,0.0,0,0.0,0.5,0.0,0.0,0.0,0.0,2.0,0.0,1.0,1.0,1.0,0.0,0.0,0.0,2.0,2.0,1.0,0.0,3.0,0.0,0.0,0.0,0.0,2.0,2.0,1.0,DAL,0.0,0.0,0.0,0.0,2.0,0.0,1.0,1.0,1.0,0.0,0.0,0.0,2.0,4.0,0.5,0.0,1.0,0.0,,,,,,,0.0,0.0,0.0,2,3,2.0,3.0,0.667,1.0,7.0,12.0,0.583,0.46,0.123,3.0,7.0,0.429,0.387,0.041,4.0,5.0,0.8,0.519,0.281,2.0,2.0,1.0,0.712,0.288,2.0,3.0,0.667,0.625,0.042,4.0,8.0,0.5,0.401,0.099,6.0,2.0,4.0,3.0,0.0,0.0,0.0,0.0,0.0,0.0,0.0,0.0,0.0,0.0,0.0,0.0,0.0,0.0,0.0,0.0,0.0,11908,2.3,1.2,1.0,4.24,3.94,4.2,2017,20170321,False
203186,Willie Reed,Willie,1610612748,MIA,27.0,1,1,0,1.0,16.531666666666666,4,5,0.8,0,0,0.0,4,4,1.0,6,1,7,0,0,0,0,0,5,3,12,-8,20.4,0,0,19.0,1,1,1,1,124,53,105,6,77,116,77,16,26,1,1,120,22,118,116,79,53,1,160,25,45,123,71,10,1,72,1,104,104.2,100.0,100.0,117.1,119.4,119.4,-12.9,-19.4,-19.4,0.0,0.0,0.0,0.0,0.091,0.0,0.0,0.0,0.8,0.888,0.171,0.171,102.09,103.07,85.9,103.07,0.235,35,4.0,5.0,83,93,93,128,135,135,114,129,129,118,88,118,41,40,33,1,1,10,8,95,98,38,36,36,10,53,105,15,13,0.0,0,0,0,0,0.0,0.0,0,0,0,0.0,0,0,0.0,0,0.0,0,0.0,0,0.0,0,0.0,0,0.0,12,22,19,0.5,1.44,0.86,0.545,4,1,9,0.5,0.0,0.889,5.0,1.0,0.833,8.0,0.75,0.0,0.75,8.6,0.0,1.0,0.0,3.0,0.333,0.0,0.333,5.7,5.0,2.0,0.714,11.0,0.636,0.0,0.636,8.2,1.0,0.4,2.0,2.0,1.0,1.0,0.4,2.0,2.0,1.0,0.0,0.0,0.0,,0.4,2.0,2.0,1.0,1.0,0.4,2.0,2.0,1.0,0.0,0.0,0.0,,0.2,0.0,1.0,0.0,0.0,0.2,0.0,1.0,0.0,0.0,0.0,0.0,,,,,,,,,,,,,,,0,0,,0,,,,,0,0.0,8,1.0,0,0.0,2,0.5,0.8,4.0,4.0,1.0,0.0,0.0,0.0,0.0,1.0,0.0,,,,0.0,0.0,0.0,0.0,0.0,0.0,0.0,0.0,0.0,0.0,0.0,0.0,MIA,4.0,4.0,1.0,0.0,0.0,0.0,0.0,1.0,0.0,0.0,0.0,0.0,0.0,0.0,0.0,0.0,0.0,0.0,,,,,,,0.0,0.0,0.0,0,1,,,,0.0,5.0,10.0,0.5,0.467,0.033,0.0,1.0,0.0,0.379,-0.379,5.0,9.0,0.556,0.497,0.059,4.0,6.0,0.667,0.642,0.025,4.0,6.0,0.667,0.573,0.093,0.0,2.0,0.0,0.387,-0.387,5.0,4.0,1.0,1.0,0.0,1.0,2.0,0.0,0.0,0.0,0.0,0.0,0.0,0.0,0.0,0.0,0.0,0.0,0.0,0.0,0.0,6119,1.2,0.6,0.5,4.37,3.8,4.27,2017,20170321,False
1627812,Yogi Ferrell,Yogi,1610612742,DAL,24.0,1,0,1,0.0,26.623333333333335,4,10,0.4,4,6,0.667,0,0,0.0,1,0,1,4,3,2,0,0,1,3,12,-21,22.2,0,0,25.0,1,87,87,87,67,53,48,89,3,13,9,87,95,87,45,149,136,20,11,12,53,1,32,25,45,164,62,10,1,42,1,94,87.2,86.0,86.0,126.4,123.1,123.1,-39.2,-37.1,-37.1,0.333,1.33,23.5,0.0,0.0,0.0,17.6,17.6,0.6,0.6,0.236,0.239,90.11,91.95,76.62,91.95,0.077,50,4.0,10.0,134,135,135,149,145,145,152,150,150,11,45,35,41,68,33,123,122,52,59,49,46,157,140,140,95,53,48,65,74,0.0,0,9,9,4,0.062,0.062,7,0,1,0.0,0,0,0.0,0,0.0,2,0.286,2,0.286,0,0.0,0,0.0,12,80,42,5.9,4.44,4.08,0.15,0,0,2,0.0,0.0,0.0,1.0,0.0,1.0,4.0,0.25,0.0,0.25,4.0,0.0,0.0,0.0,1.0,0.0,1.0,0.0,0.0,1.0,0.0,1.0,5.0,0.2,1.0,0.25,4.0,,,,,,,,,,,,,,,0.2,0.0,2.0,0.0,0.0,0.2,0.0,2.0,0.0,0.0,0.0,0.0,,0.4,2.0,4.0,0.5,0.75,0.2,0.0,2.0,0.0,0.2,2.0,2.0,1.0,0.4,2.0,4.0,0.5,0.75,0.0,0.0,0.0,,0.4,2.0,4.0,0.5,1,4,0.25,3,1.0,2.0,0.5,0.375,9,0.75,0,0.0,0,0.0,0,0.0,0.6,0.0,1.0,0.0,0.0,1.0,0.0,0.0,2.0,0.0,0.0,1.0,0.0,0.0,0.0,0.0,4.0,5.0,0.8,0.0,0.0,0.0,0.0,1.0,0.0,DAL,0.0,1.0,0.0,0.0,1.0,0.0,0.0,0.0,0.0,0.0,2.0,0.0,3.0,5.0,0.6,1.0,1.0,1.0,,,,,,,0.0,0.0,0.0,3,4,3.0,4.0,0.75,1.125,3.0,8.0,0.375,0.46,-0.085,1.0,4.0,0.25,0.372,-0.122,2.0,4.0,0.5,0.537,-0.037,1.0,1.0,1.0,0.69,0.31,1.0,1.0,1.0,0.608,0.392,2.0,6.0,0.333,0.391,-0.057,6.0,3.0,3.0,5.0,0.0,0.0,0.0,0.0,0.0,1.0,0.0,0.0,0.0,0.0,0.0,0.0,0.0,0.0,0.0,0.0,0.0,10399,2.0,1.1,0.9,4.52,4.38,4.7,2017,20170321,False
2216,Zach Randolph,Zach,1610612763,MEM,35.0,1,0,1,0.0,19.168333333333333,2,11,0.182,0,2,0.0,0,0,0.0,3,6,9,1,3,0,0,2,0,0,4,-7,13.3,0,0,14.0,1,87,87,87,107,97,43,137,77,73,77,87,95,87,12,17,12,79,11,79,53,154,1,126,119,117,109,10,1,97,1,94,64.0,65.0,65.0,80.7,84.6,84.6,-16.7,-19.6,-19.6,0.125,0.33,6.7,0.0,0.273,0.0,20.0,20.0,0.182,0.182,0.326,0.321,102.07,98.91,82.43,98.91,0.016,40,2.0,11.0,156,156,156,16,19,19,124,131,131,66,85,108,41,3,33,129,130,139,142,9,11,39,69,69,133,97,43,21,20,0.0,0,2,3,1,0.048,0.048,1,1,1,1.0,0,0,0.0,2,2.0,0,0.0,0,0.0,0,0.0,0,0.0,4,33,24,1.2,2.22,0.76,0.121,1,5,5,0.0,0.0,0.4,0.0,2.0,0.0,7.0,0.429,0.0,0.429,2.1,2.0,4.0,0.333,8.0,0.75,1.0,0.857,4.1,2.0,6.0,0.222,15.0,0.6,1.0,0.643,3.6,1.0,0.273,0.0,3.0,0.0,0.0,0.273,0.0,3.0,0.0,0.0,0.0,0.0,,0.273,2.0,3.0,0.667,0.667,0.273,2.0,3.0,0.667,0.0,0.0,0.0,,0.364,0.0,4.0,0.0,0.0,0.273,0.0,3.0,0.0,0.091,0.0,1.0,0.0,0.091,0.0,1.0,0.0,0.0,0.0,0.0,0.0,,0.091,0.0,1.0,0.0,0,0,,0,0.0,0.0,,,0,0.0,2,0.2,0,0.0,0,0.0,0.182,2.0,6.0,0.333,0.0,0.0,0.0,0.0,3.0,0.0,0.0,0.0,0.0,0.0,0.0,0.0,0.0,2.0,0.0,,,,0.0,0.0,0.0,MEM,2.0,6.0,0.333,0.0,0.0,0.0,0.0,0.0,0.0,0.0,3.0,0.0,0.0,0.0,0.0,0.0,2.0,0.0,,,,,,,,,,0,1,0.0,0.0,,0.0,5.0,14.0,0.357,0.464,-0.107,3.0,6.0,0.5,0.36,0.14,2.0,8.0,0.25,0.505,-0.255,2.0,3.0,0.667,0.628,0.039,2.0,3.0,0.667,0.576,0.091,3.0,10.0,0.3,0.37,-0.07,10.0,4.0,6.0,0.0,0.0,1.0,3.0,0.0,0.0,0.0,0.0,0.0,0.0,0.0,0.0,0.0,0.0,0.0,0.0,0.0,0.0,6667,1.3,0.7,0.6,4.08,3.78,4.49,2017,20170321,False
2585,Zaza Pachulia,Zaza,1610612744,GSW,33.0,1,1,0,1.0,14.483333333333333,3,3,1.0,0,0,0.0,0,0,0.0,1,5,6,0,1,0,0,0,3,0,6,5,12.2,0,0,12.0,1,1,1,1,135,73,131,1,77,116,77,87,95,87,45,27,36,118,68,79,53,1,113,126,101,52,117,10,1,117,1,96,121.4,121.4,121.4,104.0,103.6,103.6,17.4,17.9,17.9,0.0,0.0,0.0,0.0,0.0,0.0,25.0,25.0,1.0,1.0,0.133,0.133,92.6,92.8,77.33,92.8,0.111,28,3.0,3.0,31,29,29,91,86,86,38,41,41,118,88,118,41,68,33,142,142,2,3,119,123,139,137,137,68,73,131,17,11,0.0,0,1,0,0,0.0,0.0,0,0,0,0.0,0,0,0.0,0,0.0,0,0.0,0,0.0,0,0.0,0,0.0,6,20,10,0.4,1.08,0.1,0.3,2,1,2,1.0,0.0,2.0,0.0,1.0,0.0,4.0,0.25,0.0,0.25,2.4,1.0,4.0,0.2,5.0,1.0,0.0,1.0,9.5,1.0,5.0,0.167,9.0,0.667,0.0,0.667,8.3,,,,,,,,,,,,,,,0.667,2.0,2.0,1.0,1.0,0.667,2.0,2.0,1.0,0.0,0.0,0.0,,,,,,,,,,,,,,,0.333,1.0,1.0,1.0,1.0,0.333,1.0,1.0,1.0,0.0,0.0,0.0,,0,0,,0,,,,,2,1.0,4,1.0,0,0.0,2,1.0,1.0,2.0,2.0,1.0,0.0,0.0,0.0,1.0,1.0,1.0,0.0,0.0,0.0,0.0,0.0,0.0,0.0,0.0,0.0,0.0,0.0,0.0,0.0,0.0,0.0,GSW,2.0,2.0,1.0,0.0,0.0,0.0,0.0,0.0,0.0,1.0,1.0,1.0,0.0,0.0,0.0,0.0,0.0,0.0,,,,,,,0.0,0.0,0.0,1,1,,,,1.0,2.0,8.0,0.25,0.443,-0.193,0.0,2.0,0.0,0.367,-0.367,2.0,6.0,0.333,0.485,-0.152,2.0,3.0,0.667,0.649,0.018,2.0,3.0,0.667,0.577,0.089,0.0,5.0,0.0,0.395,-0.395,8.0,6.0,2.0,0.0,0.0,5.0,12.0,0.0,0.0,0.0,0.0,0.0,0.0,0.0,0.0,0.0,0.0,0.0,0.0,0.0,0.0,5055,1.0,0.4,0.5,4.15,4.12,3.48,2017,20170321,False
