PLAYER_ID,PLAYER_NAME,NICKNAME,TEAM_ID,TEAM_ABBREVIATION,AGE,GP,W,L,W_PCT,MIN,FGM,FGA,FG_PCT,FG3M,FG3A,FG3_PCT,FTM,FTA,FT_PCT,OREB,DREB,REB,AST,TOV,STL,BLK,BLKA,PF,PFD,PTS,PLUS_MINUS,NBA_FANTASY_PTS,DD2,TD3,WNBA_FANTASY_PTS,GP_RANK,W_RANK,L_RANK,W_PCT_RANK,MIN_RANK,FGM_RANK,FGA_RANK,FG_PCT_RANK,FG3M_RANK,FG3A_RANK,FG3_PCT_RANK,FTM_RANK,FTA_RANK,FT_PCT_RANK,OREB_RANK,DREB_RANK,REB_RANK,AST_RANK,TOV_RANK,STL_RANK,BLK_RANK,BLKA_RANK,PF_RANK,PFD_RANK,PTS_RANK,PLUS_MINUS_RANK,NBA_FANTASY_PTS_RANK,DD2_RANK,TD3_RANK,WNBA_FANTASY_PTS_RANK,TEAM_COUNT,team_poss,E_OFF_RATING,OFF_RATING,sp_work_OFF_RATING,E_DEF_RATING,DEF_RATING,sp_work_DEF_RATING,E_NET_RATING,NET_RATING,sp_work_NET_RATING,AST_PCT,AST_TO,AST_RATIO,OREB_PCT,DREB_PCT,REB_PCT,TM_TOV_PCT,E_TOV_PCT,EFG_PCT,TS_PCT,USG_PCT,E_USG_PCT,E_PACE,PACE,PACE_PER40,sp_work_PACE,PIE,POSS,FGM_PG,FGA_PG,E_OFF_RATING_RANK,OFF_RATING_RANK,sp_work_OFF_RATING_RANK,E_DEF_RATING_RANK,DEF_RATING_RANK,sp_work_DEF_RATING_RANK,E_NET_RATING_RANK,NET_RATING_RANK,sp_work_NET_RATING_RANK,AST_PCT_RANK,AST_TO_RANK,AST_RATIO_RANK,OREB_PCT_RANK,DREB_PCT_RANK,REB_PCT_RANK,TM_TOV_PCT_RANK,E_TOV_PCT_RANK,EFG_PCT_RANK,TS_PCT_RANK,USG_PCT_RANK,E_USG_PCT_RANK,E_PACE_RANK,PACE_RANK,sp_work_PACE_RANK,PIE_RANK,FGM_PG_RANK,FGA_PG_RANK,PASSES_MADE,PASSES_RECEIVED,FT_AST,SECONDARY_AST,POTENTIAL_AST,AST_PTS_CREATED,AST_ADJ,AST_TO_PASS_PCT,AST_TO_PASS_PCT_ADJ,DRIVES,DRIVE_FGM,DRIVE_FGA,DRIVE_FG_PCT,DRIVE_FTM,DRIVE_FTA,DRIVE_FT_PCT,DRIVE_PTS,DRIVE_PTS_PCT,DRIVE_PASSES,DRIVE_PASSES_PCT,DRIVE_AST,DRIVE_AST_PCT,DRIVE_TOV,DRIVE_TOV_PCT,DRIVE_PF,DRIVE_PF_PCT,POINTS,TOUCHES,FRONT_CT_TOUCHES,TIME_OF_POSS,AVG_SEC_PER_TOUCH,AVG_DRIB_PER_TOUCH,PTS_PER_TOUCH,ELBOW_TOUCHES,POST_TOUCHES,PAINT_TOUCHES,PTS_PER_ELBOW_TOUCH,PTS_PER_POST_TOUCH,PTS_PER_PAINT_TOUCH,OREB_CONTEST,OREB_UNCONTEST,OREB_CONTEST_PCT,OREB_CHANCES,OREB_CHANCE_PCT,OREB_CHANCE_DEFER,OREB_CHANCE_PCT_ADJ,AVG_OREB_DIST,DREB_CONTEST,DREB_UNCONTEST,DREB_CONTEST_PCT,DREB_CHANCES,DREB_CHANCE_PCT,DREB_CHANCE_DEFER,DREB_CHANCE_PCT_ADJ,AVG_DREB_DIST,REB_CONTEST,REB_UNCONTEST,REB_CONTEST_PCT,REB_CHANCES,REB_CHANCE_PCT,REB_CHANCE_DEFER,REB_CHANCE_PCT_ADJ,AVG_REB_DIST,G,very_tight_FGA_FREQUENCY,very_tight_FGM,very_tight_FGA,very_tight_FG_PCT,very_tight_EFG_PCT,very_tight_FG2A_FREQUENCY,very_tight_FG2M,very_tight_FG2A,very_tight_FG2_PCT,very_tight_FG3A_FREQUENCY,very_tight_FG3M,very_tight_FG3A,very_tight_FG3_PCT,tight_FGA_FREQUENCY,tight_FGM,tight_FGA,tight_FG_PCT,tight_EFG_PCT,tight_FG2A_FREQUENCY,tight_FG2M,tight_FG2A,tight_FG2_PCT,tight_FG3A_FREQUENCY,tight_FG3M,tight_FG3A,tight_FG3_PCT,open_FGA_FREQUENCY,open_FGM,open_FGA,open_FG_PCT,open_EFG_PCT,open_FG2A_FREQUENCY,open_FG2M,open_FG2A,open_FG2_PCT,open_FG3A_FREQUENCY,open_FG3M,open_FG3A,open_FG3_PCT,wide_open_FGA_FREQUENCY,wide_open_FGM,wide_open_FGA,wide_open_FG_PCT,wide_open_EFG_PCT,wide_open_FG2A_FREQUENCY,wide_open_FG2M,wide_open_FG2A,wide_open_FG2_PCT,wide_open_FG3A_FREQUENCY,wide_open_FG3M,wide_open_FG3A,wide_open_FG3_PCT,PULL_UP_FGM,PULL_UP_FGA,PULL_UP_FG_PCT,PULL_UP_PTS,PULL_UP_FG3M,PULL_UP_FG3A,PULL_UP_FG3_PCT,PULL_UP_EFG_PCT,CATCH_SHOOT_PTS,CATCH_SHOOT_FG_PCT,PAINT_TOUCH_PTS,PAINT_TOUCH_FG_PCT,POST_TOUCH_PTS,POST_TOUCH_FG_PCT,ELBOW_TOUCH_PTS,ELBOW_TOUCH_FG_PCT,EFF_FG_PCT,RA_FGM,RA_FGA,RA_FG_PCT,ITP_FGM,ITP_FGA,ITP_FG_PCT,MID_FGM,MID_FGA,MID_FG_PCT,LEFT_CORNER_3_FGM,LEFT_CORNER_3_FGA,LEFT_CORNER_3_FG_PCT,RIGHT_CORNER_3_FGM,RIGHT_CORNER_3_FGA,RIGHT_CORNER_3_FG_PCT,ABOVE_BREAK_3_FGM,ABOVE_BREAK_3_FGA,ABOVE_BREAK_3_FG_PCT,BACKCOURT_FGM,BACKCOURT_FGA,BACKCOURT_FG_PCT,CORNER_3_FGM,CORNER_3_FGA,CORNER_3_FG_PCT,TEAM_ABBR,FGM_LT_5,FGA_LT_5,FGP_LT_5,FGM_5_9,FGA_5_9,FGP_5_9,FGM_10_14,FGA_10_14,FGP_10_14,FGM_15_19,FGA_15_19,FGP_15_19,FGM_20_24,FGA_20_24,FGP_20_24,FGM_25_29,FGA_25_29,FGP_25_29,FGM_30_34,FGA_30_34,FGP_30_34,FGM_35_39,FGA_35_39,FGP_35_39,FGM_40_PLUS,FGA_40_PLUS,FGP_40_PLUS,CATCH_SHOOT_FGM,CATCH_SHOOT_FGA,CATCH_SHOOT_FG3M,CATCH_SHOOT_FG3A,CATCH_SHOOT_FG3_PCT,CATCH_SHOOT_EFG_PCT,overall_def_D_FGM,overall_def_D_FGA,overall_def_D_FG_PCT,overall_def_NORMAL_FG_PCT,overall_def_PCT_PLUSMINUS,three_pt_def_FG3M,three_pt_def_FG3A,three_pt_def_FG3_PCT,three_pt_def_NS_FG3_PCT,three_pt_def_PLUSMINUS,two_pt_def_FG2M,two_pt_def_FG2A,two_pt_def_FG2_PCT,two_pt_def_NS_FG2_PCT,two_pt_def_PLUSMINUS,less_6ft_def_FGM_LT_06,less_6ft_def_FGA_LT_06,less_6ft_def_LT_06_PCT,less_6ft_def_NS_LT_06_PCT,less_6ft_def_PLUSMINUS,less_10ft_def_FGM_LT_10,less_10ft_def_FGA_LT_10,less_10ft_def_LT_10_PCT,less_10ft_def_NS_LT_10_PCT,less_10ft_def_PLUSMINUS,more_15ft_def_FGM_GT_15,more_15ft_def_FGA_GT_15,more_15ft_def_GT_15_PCT,more_15ft_def_NS_GT_15_PCT,more_15ft_def_PLUSMINUS,hustle_CONTESTED_SHOTS,hustle_CONTESTED_SHOTS_2PT,hustle_CONTESTED_SHOTS_3PT,hustle_DEFLECTIONS,hustle_CHARGES_DRAWN,hustle_SCREEN_ASSISTS,hustle_SCREEN_AST_PTS,hustle_OFF_LOOSE_BALLS_RECOVERED,hustle_DEF_LOOSE_BALLS_RECOVERED,hustle_LOOSE_BALLS_RECOVERED,hustle_PCT_LOOSE_BALLS_RECOVERED_OFF,hustle_PCT_LOOSE_BALLS_RECOVERED_DEF,hustle_OFF_BOXOUTS,hustle_DEF_BOXOUTS,hustle_BOX_OUTS,hustle_BOX_OUT_PLAYER_TEAM_REBS,hustle_BOX_OUT_PLAYER_REBS,hustle_PCT_BOX_OUTS_OFF,hustle_PCT_BOX_OUTS_DEF,hustle_PCT_BOX_OUTS_TEAM_REB,hustle_PCT_BOX_OUTS_REB,DIST_FEET,DIST_MILES,DIST_MILES_OFF,DIST_MILES_DEF,AVG_SPEED,AVG_SPEED_OFF,AVG_SPEED_DEF,year,date,playoffs
201166,Aaron Brooks,Aaron,1610612754,IND,32.0,1,1,0,1.0,10.965,0,1,0.0,0,1,0.0,0,1,0.0,0,1,1,4,1,0,0,0,0,0,0,-5,6.2,0,0,5.0,1,1,1,1,128,133,146,133,63,82,63,85,83,85,83,105,121,22,45,78,48,1,1,115,138,103,130,14,1,132,1,91,88.4,95.5,95.5,117.8,118.2,118.2,-29.4,-22.7,-22.7,0.444,4.0,66.7,0.0,0.077,0.0,16.7,15.5,0.0,0.0,0.083,0.099,100.33,96.31,80.26,96.31,0.053,22,0.0,1.0,128,106,106,115,112,112,129,120,120,8,7,1,37,47,31,117,115,133,138,144,143,77,101,101,111,133,146,23,23,0,0,6,8,4,0.174,0.174,2,0,0,0.0,0,0,0.0,0,0.0,0,0.0,1,0.5,1,0.5,0,0.0,0,25,8,2.6,6.27,6.56,0.0,0,0,0,0.0,0.0,0.0,0.0,0.0,0.0,0.0,0.0,0.0,0.0,0.0,0.0,1.0,0.0,1.0,1.0,0.0,1.0,10.0,0.0,1.0,0.0,1.0,1.0,0.0,1.0,10.0,,,,,,,,,,,,,,,,,,,,,,,,,,,,1.0,0.0,1.0,0.0,0.0,0.0,0.0,0.0,,1.0,0.0,1.0,0.0,,,,,,,,,,,,,,0,0,,0,0.0,0.0,,,0,0.0,0,0.0,0,0.0,0,0.0,0.0,0,0,0.0,0.0,0.0,0.0,0,0,0.0,0.0,0.0,0.0,,,,0.0,1.0,0.0,,,,0.0,0.0,0.0,IND,0,0,0.0,0.0,0.0,0.0,0.0,0.0,0.0,0,0,0.0,0.0,0.0,0.0,0.0,1.0,0.0,0.0,0.0,0.0,,,,,,,0,1,0.0,1.0,0.0,0.0,1.0,3.0,0.333,0.476,-0.143,0.0,1.0,0.0,0.402,-0.402,1.0,2.0,0.5,0.52,-0.02,,,,,,,,,,,0.0,2.0,0.0,0.405,-0.405,2.0,0.0,2.0,2.0,0.0,0.0,0.0,0.0,0.0,0.0,0.0,0.0,0.0,0.0,0.0,0.0,0.0,0.0,0.0,0.0,0.0,4015,0.8,0.4,0.3,4.39,4.17,3.47,2017,20170320,False
203932,Aaron Gordon,Aaron,1610612753,ORL,21.0,1,1,0,1.0,31.588333333333335,4,7,0.571,0,0,0.0,9,11,0.818,0,3,3,4,2,0,1,1,6,6,17,3,27.6,0,0,26.0,1,1,1,1,35,58,74,31,63,108,63,1,1,49,83,59,78,22,26,78,13,106,152,3,24,55,44,14,1,44,1,114,104.2,107.2,107.2,100.7,104.4,104.4,3.5,2.8,2.8,0.182,2.0,22.2,0.0,0.094,0.0,11.1,11.2,0.571,0.718,0.169,0.169,107.49,104.09,86.74,104.09,0.097,69,4.0,7.0,71,66,66,68,71,71,61,64,64,47,19,51,37,39,31,95,96,45,24,89,92,35,51,51,76,58,74,34,27,0,0,6,12,4,0.118,0.118,8,2,3,0.667,2,4,0.5,7,0.875,1,0.125,1,0.125,1,0.125,2,0.25,17,50,23,2.3,2.7,2.2,0.34,1,0,3,0.0,0.0,0.667,0.0,0.0,0.0,5.0,0.0,0.0,0.0,0.0,2.0,1.0,0.667,6.0,0.5,0.0,0.5,8.2,2.0,1.0,0.667,11.0,0.273,0.0,0.273,8.2,1.0,0.286,1.0,2.0,0.5,0.5,0.286,1.0,2.0,0.5,0.0,0.0,0.0,,0.143,1.0,1.0,1.0,1.0,0.143,1.0,1.0,1.0,0.0,0.0,0.0,,0.429,1.0,3.0,0.333,0.333,0.429,1.0,3.0,0.333,0.0,0.0,0.0,,0.143,1.0,1.0,1.0,1.0,0.143,1.0,1.0,1.0,0.0,0.0,0.0,,1,2,0.5,2,,,,0.5,2,1.0,2,0.0,0,0.0,0,0.0,0.571,2,4,0.5,1.0,1.0,1.0,1,2,0.5,0.0,0.0,0.0,0.0,0.0,0.0,0.0,0.0,0.0,,,,0.0,0.0,0.0,ORL,2,4,0.5,1.0,1.0,1.0,0.0,0.0,0.0,1,2,0.5,0.0,0.0,0.0,0.0,0.0,0.0,,,,0.0,0.0,0.0,0.0,0.0,0.0,0,0,,,,,4.0,12.0,0.333,0.429,-0.096,1.0,5.0,0.2,0.32,-0.12,3.0,7.0,0.429,0.496,-0.067,3.0,6.0,0.5,0.598,-0.098,3.0,6.0,0.5,0.557,-0.057,1.0,6.0,0.167,0.314,-0.147,8.0,5.0,3.0,2.0,0.0,1.0,2.0,0.0,0.0,0.0,0.0,0.0,0.0,0.0,0.0,0.0,0.0,0.0,0.0,0.0,0.0,13262,2.5,1.3,1.2,4.77,5.16,4.41,2017,20170320,False
201143,Al Horford,Al,1610612738,BOS,31.0,1,1,0,1.0,35.65,6,11,0.545,0,1,0.0,4,7,0.571,2,7,9,5,1,1,2,2,0,5,16,10,42.3,0,0,36.0,1,1,1,1,17,19,35,42,63,82,63,18,8,68,19,11,13,14,45,34,5,145,1,9,27,29,13,14,1,17,1,101,112.8,113.2,113.2,93.8,95.0,95.0,19.0,18.2,18.2,0.192,5.0,25.0,0.051,0.171,0.113,5.0,5.0,0.545,0.568,0.169,0.171,105.88,105.02,87.52,105.02,0.169,76,6.0,11.0,49,52,52,42,44,44,36,40,40,42,3,31,19,16,10,68,68,53,61,90,90,49,43,43,28,19,35,54,48,1,1,12,17,8,0.093,0.148,2,1,2,0.5,0,0,0.0,2,1.0,0,0.0,0,0.0,0,0.0,0,0.0,16,68,44,2.7,2.34,1.15,0.235,2,7,6,1.0,0.857,0.667,2.0,0.0,1.0,3.0,0.667,0.0,0.667,4.2,0.0,7.0,0.0,11.0,0.636,2.0,0.778,7.1,2.0,7.0,0.222,14.0,0.643,2.0,0.75,6.4,1.0,0.273,1.0,3.0,0.333,0.333,0.273,1.0,3.0,0.333,0.0,0.0,0.0,,0.455,3.0,5.0,0.6,0.6,0.455,3.0,5.0,0.6,0.0,0.0,0.0,,0.182,2.0,2.0,1.0,1.0,0.182,2.0,2.0,1.0,0.0,0.0,0.0,,0.091,0.0,1.0,0.0,0.0,0.0,0.0,0.0,,0.091,0.0,1.0,0.0,3,5,0.6,6,0.0,0.0,,0.6,0,0.0,4,0.5,6,0.667,2,1.0,0.545,1,2,0.5,3.0,4.0,0.75,2,4,0.5,0.0,0.0,0.0,0.0,0.0,0.0,0.0,1.0,0.0,0.0,0.0,0.0,0.0,0.0,0.0,BOS,1,2,0.5,3.0,4.0,0.75,1.0,2.0,0.5,1,2,0.5,0.0,0.0,0.0,0.0,1.0,0.0,,,,,,,0.0,0.0,0.0,0,1,0.0,1.0,0.0,0.0,9.0,25.0,0.36,0.458,-0.098,1.0,11.0,0.091,0.362,-0.271,8.0,14.0,0.571,0.505,0.067,5.0,6.0,0.833,0.565,0.269,6.0,8.0,0.75,0.522,0.229,3.0,17.0,0.176,0.407,-0.23,23.0,11.0,12.0,1.0,0.0,4.0,10.0,0.0,0.0,1.0,0.0,0.0,0.0,0.0,0.0,0.0,0.0,0.0,0.0,0.0,0.0,12177,2.3,1.2,1.1,3.87,3.82,3.92,2017,20170320,False
2744,Al Jefferson,Al,1610612754,IND,32.0,1,1,0,1.0,10.816666666666666,5,9,0.556,0,0,0.0,0,0,0.0,1,3,4,0,0,0,0,0,2,0,10,-2,14.8,0,0,14.0,1,1,1,1,129,38,53,37,63,108,63,85,95,85,36,59,51,111,95,78,48,1,76,115,64,82,88,14,1,88,1,91,91.0,90.5,90.5,98.5,100.0,100.0,-7.5,-9.5,-9.5,0.0,0.0,0.0,0.0,0.0,0.0,0.0,0.0,0.556,0.556,0.391,0.411,93.63,93.19,77.66,93.19,0.208,21,5.0,9.0,120,125,125,56,53,53,89,97,97,111,76,111,37,61,31,1,1,50,66,3,2,124,121,121,16,38,53,12,15,0,0,1,0,0,0.0,0.0,1,0,1,0.0,0,0,0.0,0,0.0,0,0.0,0,0.0,0,0.0,0,0.0,10,22,16,0.8,2.13,0.73,0.455,5,5,1,1.2,0.4,0.0,1.0,0.0,1.0,2.0,0.5,0.0,0.5,13.1,1.0,2.0,0.333,6.0,0.5,0.0,0.5,2.9,2.0,2.0,0.5,8.0,0.5,0.0,0.5,5.4,1.0,0.778,4.0,7.0,0.571,0.571,0.778,4.0,7.0,0.571,0.0,0.0,0.0,,0.111,0.0,1.0,0.0,0.0,0.111,0.0,1.0,0.0,0.0,0.0,0.0,,0.111,1.0,1.0,1.0,1.0,0.111,1.0,1.0,1.0,0.0,0.0,0.0,,,,,,,,,,,,,,,0,0,,0,,,,,2,0.5,0,0.0,2,0.25,6,1.0,0.556,2,2,1.0,2.0,4.0,0.5,1,3,0.333,0.0,0.0,0.0,,,,0.0,0.0,0.0,,,,0.0,0.0,0.0,IND,2,2,1.0,2.0,4.0,0.5,1.0,3.0,0.333,0,0,0.0,0.0,0.0,0.0,0.0,0.0,0.0,0.0,0.0,0.0,,,,,,,1,2,,,,0.5,2.0,7.0,0.286,0.441,-0.155,,,,,,2.0,7.0,0.286,0.473,-0.187,0.0,2.0,0.0,0.558,-0.558,2.0,4.0,0.5,0.477,0.024,0.0,3.0,0.0,0.454,-0.454,7.0,7.0,0.0,0.0,0.0,1.0,2.0,0.0,0.0,0.0,0.0,0.0,0.0,0.0,0.0,0.0,0.0,0.0,0.0,0.0,0.0,3942,0.7,0.4,0.4,3.89,4.27,4.65,2017,20170320,False
202692,Alec Burks,Alec,1610612762,UTA,25.0,1,0,1,0.0,15.516666666666667,2,4,0.5,0,0,0.0,5,5,1.0,1,3,4,0,0,0,0,1,0,4,9,6,13.8,0,0,13.0,1,79,79,79,114,86,100,46,63,108,63,12,19,1,36,59,51,111,95,78,48,106,1,17,72,47,97,14,1,91,1,91,96.9,100.0,100.0,74.8,80.0,80.0,22.1,20.0,20.0,0.0,0.0,0.0,0.053,0.0,0.0,0.0,0.0,0.5,0.726,0.171,0.177,97.51,92.8,77.34,92.8,0.266,30,2.0,4.0,99,83,83,6,13,13,32,36,36,111,76,111,18,61,31,1,1,59,22,85,84,99,125,125,6,86,100,6,7,0,0,0,0,0,0.0,0.0,2,1,1,1.0,2,2,1.0,4,2.0,0,0.0,0,0.0,0,0.0,1,0.5,9,13,8,0.7,3.1,3.38,0.692,0,0,0,0.0,0.0,0.0,0.0,1.0,0.0,0.0,0.0,0.0,0.0,8.5,3.0,0.0,1.0,6.0,0.5,1.0,0.6,4.5,3.0,1.0,0.75,6.0,0.667,1.0,0.8,5.5,1.0,0.5,2.0,2.0,1.0,1.0,0.5,2.0,2.0,1.0,0.0,0.0,0.0,,0.25,0.0,1.0,0.0,0.0,0.25,0.0,1.0,0.0,0.0,0.0,0.0,,0.25,0.0,1.0,0.0,0.0,0.25,0.0,1.0,0.0,0.0,0.0,0.0,,,,,,,,,,,,,,,1,1,1.0,2,,,,1.0,0,0.0,0,0.0,0,0.0,0,0.0,0.5,1,2,0.5,0.0,0.0,0.0,1,2,0.5,0.0,0.0,0.0,0.0,0.0,0.0,0.0,0.0,0.0,,,,0.0,0.0,0.0,UTA,1,2,0.5,0.0,0.0,0.0,1.0,2.0,0.5,0,0,0.0,0.0,0.0,0.0,0.0,0.0,0.0,0.0,0.0,0.0,,,,,,,0,0,,,,,2.0,5.0,0.4,0.457,-0.057,,,,,,2.0,5.0,0.4,0.498,-0.098,1.0,2.0,0.5,0.63,-0.13,1.0,2.0,0.5,0.582,-0.082,0.0,2.0,0.0,0.347,-0.347,3.0,3.0,0.0,1.0,0.0,0.0,0.0,0.0,0.0,0.0,0.0,0.0,0.0,0.0,0.0,0.0,0.0,0.0,0.0,0.0,0.0,5967,1.1,0.6,0.6,4.25,5.03,4.31,2017,20170320,False
203518,Alex Abrines,Alex,1610612760,OKC,23.0,1,0,1,0.0,19.55,0,8,0.0,0,7,0.0,2,2,1.0,0,3,3,2,0,2,0,1,3,1,2,8,14.6,0,0,11.0,1,79,79,79,91,133,63,133,63,12,63,47,53,1,83,59,78,51,95,9,48,106,104,76,119,36,90,14,1,102,1,100,107.3,102.6,102.6,85.6,84.2,84.2,21.7,18.4,18.4,0.125,0.0,20.0,0.0,0.0,0.0,0.0,0.0,0.0,0.113,0.182,0.21,91.68,94.53,78.77,94.53,-0.037,39,0.0,8.0,64,81,81,24,21,21,34,39,39,66,76,58,37,61,31,1,1,133,137,71,62,139,112,112,141,133,63,20,20,1,0,3,5,3,0.1,0.15,2,0,1,0.0,0,0,0.0,0,0.0,1,0.5,0,0.0,0,0.0,0,0.0,2,31,20,1.0,1.87,0.9,0.065,0,0,0,0.0,0.0,0.0,0.0,0.0,0.0,1.0,0.0,0.0,0.0,0.0,0.0,3.0,0.0,5.0,0.6,0.0,0.6,7.6,0.0,3.0,0.0,6.0,0.5,0.0,0.5,7.6,1.0,0.125,0.0,1.0,0.0,0.0,0.125,0.0,1.0,0.0,0.0,0.0,0.0,,,,,,,,,,,,,,,0.25,0.0,2.0,0.0,0.0,0.0,0.0,0.0,,0.25,0.0,2.0,0.0,0.625,0.0,5.0,0.0,0.0,0.0,0.0,0.0,,0.625,0.0,5.0,0.0,0,0,,0,0.0,0.0,,,0,0.0,0,0.0,0,0.0,0,0.0,0.0,0,1,0.0,0.0,0.0,0.0,0,0,0.0,0.0,0.0,0.0,0.0,2.0,0.0,0.0,5.0,0.0,0.0,0.0,0.0,0.0,2.0,0.0,OKC,0,1,0.0,0.0,0.0,0.0,0.0,0.0,0.0,0,0,0.0,0.0,7.0,0.0,0.0,0.0,0.0,,,,,,,0.0,0.0,0.0,0,7,0.0,7.0,0.0,0.0,2.0,6.0,0.333,0.501,-0.167,1.0,4.0,0.25,0.369,-0.119,1.0,2.0,0.5,0.61,-0.11,1.0,2.0,0.5,0.676,-0.176,1.0,2.0,0.5,0.649,-0.149,1.0,4.0,0.25,0.389,-0.139,4.0,1.0,3.0,3.0,0.0,0.0,0.0,0.0,0.0,1.0,0.0,0.0,0.0,0.0,0.0,0.0,0.0,0.0,0.0,0.0,0.0,7265,1.4,0.8,0.6,4.29,4.84,3.73,2017,20170320,False
101161,Amir Johnson,Amir,1610612738,BOS,30.0,1,1,0,1.0,21.39,2,6,0.333,0,0,0.0,0,0,0.0,2,1,3,0,2,2,1,0,4,2,4,13,14.6,0,0,13.0,1,1,1,1,79,86,81,106,63,108,63,85,95,85,19,105,78,111,26,9,13,1,128,49,102,22,90,14,1,91,1,101,131.3,131.8,131.8,100.4,102.3,102.3,31.0,29.5,29.5,0.0,0.0,0.0,0.0,0.043,0.0,25.0,25.0,0.333,0.333,0.154,0.153,99.86,98.74,82.28,98.74,-0.017,44,2.0,6.0,8,9,9,67,63,63,16,21,21,111,76,111,37,56,31,142,142,112,125,105,106,82,87,87,139,86,81,21,14,1,0,1,2,1,0.0,0.048,2,1,2,0.5,0,0,0.0,2,1.0,0,0.0,0,0.0,0,0.0,0,0.0,4,29,16,0.6,1.34,0.55,0.138,0,0,4,0.0,0.0,0.5,0.0,2.0,0.0,6.0,0.333,0.0,0.333,20.3,0.0,1.0,0.0,7.0,0.143,1.0,0.167,2.6,0.0,3.0,0.0,13.0,0.231,1.0,0.25,14.4,1.0,0.333,0.0,2.0,0.0,0.0,0.333,0.0,2.0,0.0,0.0,0.0,0.0,,,,,,,,,,,,,,,0.5,1.0,3.0,0.333,0.333,0.5,1.0,3.0,0.333,0.0,0.0,0.0,,0.167,1.0,1.0,1.0,1.0,0.167,1.0,1.0,1.0,0.0,0.0,0.0,,0,0,,0,,,,,0,0.0,2,0.25,0,0.0,0,0.0,0.333,2,5,0.4,0.0,1.0,0.0,0,0,0.0,0.0,0.0,0.0,0.0,0.0,0.0,0.0,0.0,0.0,0.0,0.0,0.0,0.0,0.0,0.0,BOS,2,6,0.333,0.0,0.0,0.0,0.0,0.0,0.0,0,0,0.0,0.0,0.0,0.0,0.0,0.0,0.0,,,,,,,0.0,0.0,0.0,0,0,,,,,7.0,12.0,0.583,0.515,0.069,1.0,2.0,0.5,0.391,0.11,6.0,10.0,0.6,0.555,0.045,4.0,4.0,1.0,0.634,0.366,4.0,5.0,0.8,0.604,0.196,2.0,3.0,0.667,0.426,0.241,13.0,10.0,3.0,3.0,0.0,5.0,13.0,0.0,0.0,0.0,0.0,0.0,0.0,0.0,0.0,0.0,0.0,0.0,0.0,0.0,0.0,7556,1.4,0.8,0.7,3.93,4.48,3.96,2017,20170320,False
2738,Andre Iguodala,Andre,1610612744,GSW,33.0,1,1,0,1.0,21.75,1,4,0.25,0,1,0.0,4,4,1.0,0,4,4,4,0,2,1,1,0,3,6,16,25.8,0,0,20.0,1,1,1,1,77,107,100,122,63,82,63,18,25,1,83,36,51,22,95,9,13,106,1,30,91,10,50,14,1,63,1,101,116.3,118.2,118.2,79.7,80.0,80.0,36.6,38.2,38.2,0.222,0.0,40.0,0.0,0.143,0.0,0.0,0.0,0.25,0.521,0.122,0.121,99.18,98.21,81.84,98.21,0.189,44,1.0,4.0,42,40,40,12,13,13,14,13,13,33,76,8,37,23,31,1,1,127,76,127,129,86,89,89,22,107,100,27,24,0,1,6,9,5,0.148,0.185,1,0,0,0.0,2,2,1.0,2,2.0,0,0.0,0,0.0,0,0.0,1,1.0,6,35,15,2.1,3.63,2.86,0.171,0,1,0,0.0,0.0,0.0,0.0,0.0,0.0,1.0,0.0,0.0,0.0,0.0,1.0,3.0,0.25,8.0,0.5,0.0,0.5,13.5,1.0,3.0,0.25,9.0,0.444,0.0,0.444,13.5,,,,,,,,,,,,,,,0.75,1.0,3.0,0.333,0.333,0.75,1.0,3.0,0.333,0.0,0.0,0.0,,,,,,,,,,,,,,,0.25,0.0,1.0,0.0,0.0,0.0,0.0,0.0,,0.25,0.0,1.0,0.0,0,0,,0,0.0,0.0,,,0,0.0,0,0.0,0,0.0,0,0.0,0.25,1,2,0.5,0.0,0.0,0.0,0,1,0.0,0.0,0.0,0.0,0.0,0.0,0.0,0.0,1.0,0.0,0.0,0.0,0.0,0.0,0.0,0.0,GSW,1,2,0.5,0.0,0.0,0.0,0.0,0.0,0.0,0,1,0.0,0.0,0.0,0.0,0.0,1.0,0.0,,,,,,,0.0,0.0,0.0,0,1,0.0,1.0,0.0,0.0,2.0,7.0,0.286,0.461,-0.175,0.0,2.0,0.0,0.337,-0.337,2.0,5.0,0.4,0.506,-0.106,0.0,1.0,0.0,0.649,-0.649,1.0,2.0,0.5,0.577,-0.077,1.0,4.0,0.25,0.36,-0.11,4.0,3.0,1.0,4.0,0.0,1.0,3.0,0.0,0.0,1.0,0.0,0.0,0.0,0.0,0.0,0.0,0.0,0.0,0.0,0.0,0.0,7953,1.5,0.8,0.7,4.13,5.06,3.42,2017,20170320,False
203460,Andre Roberson,Andre,1610612760,OKC,25.0,1,0,1,0.0,25.05,1,2,0.5,0,1,0.0,0,2,0.0,1,2,3,0,0,1,1,0,4,1,2,-14,11.6,0,0,9.0,1,79,79,79,63,107,130,46,63,82,63,85,53,85,36,85,78,111,95,34,13,1,128,76,119,142,107,14,1,113,1,100,88.5,89.1,89.1,112.8,112.5,112.5,-24.3,-23.4,-23.4,0.0,0.0,0.0,0.0,0.074,0.0,0.0,0.0,0.5,0.347,0.05,0.048,106.54,106.35,88.62,106.35,-0.011,55,1.0,2.0,127,129,129,97,97,97,124,121,121,111,76,111,37,49,31,1,1,59,121,152,153,39,30,30,138,107,130,29,15,0,0,2,0,0,0.0,0.0,0,0,0,0.0,0,0,0.0,0,0.0,0,0.0,0,0.0,0,0.0,0,0.0,2,33,17,0.7,1.33,0.52,0.061,1,0,3,0.0,0.0,0.667,1.0,0.0,1.0,2.0,0.5,0.0,0.5,5.0,0.0,2.0,0.0,5.0,0.4,0.0,0.4,7.9,1.0,2.0,0.333,7.0,0.429,0.0,0.429,6.9,,,,,,,,,,,,,,,0.5,1.0,1.0,1.0,1.0,0.5,1.0,1.0,1.0,0.0,0.0,0.0,,,,,,,,,,,,,,,0.5,0.0,1.0,0.0,0.0,0.0,0.0,0.0,,0.5,0.0,1.0,0.0,0,0,,0,0.0,0.0,,,0,0.0,2,1.0,0,0.0,0,0.0,0.5,1,1,1.0,0.0,0.0,0.0,0,0,0.0,0.0,0.0,0.0,0.0,1.0,0.0,0.0,0.0,0.0,0.0,0.0,0.0,0.0,1.0,0.0,OKC,1,1,1.0,0.0,0.0,0.0,0.0,0.0,0.0,0,0,0.0,0.0,1.0,0.0,0.0,0.0,0.0,,,,,,,0.0,0.0,0.0,0,1,0.0,1.0,0.0,0.0,6.0,17.0,0.353,0.483,-0.131,3.0,7.0,0.429,0.4,0.029,3.0,10.0,0.3,0.568,-0.268,3.0,8.0,0.375,0.653,-0.278,3.0,8.0,0.375,0.615,-0.24,3.0,9.0,0.333,0.397,-0.063,14.0,7.0,7.0,1.0,0.0,0.0,0.0,0.0,0.0,1.0,0.0,0.0,0.0,0.0,0.0,0.0,0.0,0.0,0.0,0.0,0.0,10430,2.0,1.0,1.0,4.8,4.79,4.8,2017,20170320,False
203085,Austin Rivers,Austin,1610612746,LAC,24.0,1,1,0,1.0,23.366666666666667,6,10,0.6,1,4,0.25,4,5,0.8,0,1,1,2,3,0,0,0,4,3,17,-7,18.2,0,0,21.0,1,1,1,1,68,19,47,26,36,38,49,18,19,52,83,105,121,51,13,78,48,1,128,30,24,109,75,14,1,61,1,99,98.7,93.9,93.9,113.4,115.2,115.2,-14.7,-21.3,-21.3,0.2,0.67,11.8,0.0,0.0,0.0,17.6,17.4,0.65,0.697,0.273,0.289,95.85,97.57,81.31,97.57,0.103,49,6.0,10.0,88,114,114,100,105,105,105,116,116,37,63,89,37,61,31,126,126,34,27,23,20,108,93,93,69,19,47,27,39,0,0,8,4,2,0.074,0.074,5,3,3,1.0,0,0,0.0,7,1.4,1,0.2,1,0.2,0,0.0,0,0.0,17,43,25,3.3,4.61,4.28,0.395,0,0,2,0.0,0.0,1.0,0.0,0.0,0.0,2.0,0.0,0.0,0.0,0.0,1.0,0.0,1.0,4.0,0.25,1.0,0.333,11.0,1.0,0.0,1.0,6.0,0.167,1.0,0.2,11.0,,,,,,,,,,,,,,,0.5,4.0,5.0,0.8,0.8,0.5,4.0,5.0,0.8,0.0,0.0,0.0,,0.2,1.0,2.0,0.5,0.5,0.1,1.0,1.0,1.0,0.1,0.0,1.0,0.0,0.3,1.0,3.0,0.333,0.5,0.0,0.0,0.0,,0.3,1.0,3.0,0.333,3,4,0.75,7,1.0,2.0,0.5,0.875,0,0.0,2,0.0,0,0.0,0,0.0,0.65,3,4,0.75,2.0,2.0,1.0,0,0,0.0,0.0,0.0,0.0,,,,1.0,4.0,0.25,0.0,0.0,0.0,0.0,0.0,0.0,LAC,3,4,0.75,2.0,2.0,1.0,0.0,0.0,0.0,0,0,0.0,0.0,0.0,0.0,1.0,4.0,0.25,,,,,,,0.0,0.0,0.0,0,2,0.0,2.0,0.0,0.0,4.0,6.0,0.667,0.437,0.23,0.0,1.0,0.0,0.321,-0.321,4.0,5.0,0.8,0.506,0.294,0.0,1.0,0.0,0.581,-0.581,0.0,1.0,0.0,0.532,-0.532,3.0,4.0,0.75,0.36,0.391,3.0,3.0,0.0,2.0,0.0,0.0,0.0,0.0,0.0,1.0,0.0,0.0,0.0,0.0,0.0,0.0,0.0,0.0,0.0,0.0,0.0,8565,1.6,0.9,0.7,4.11,4.26,3.93,2017,20170320,False
202340,Avery Bradley,Avery,1610612738,BOS,26.0,1,1,0,1.0,34.06666666666667,8,16,0.5,4,8,0.5,0,0,0.0,3,6,9,4,0,1,0,0,3,2,20,12,39.8,0,0,39.0,1,1,1,1,23,10,14,46,3,9,17,85,95,85,10,19,13,22,95,34,48,1,104,49,14,26,16,14,1,14,1,101,118.8,119.7,119.7,99.1,102.8,102.8,19.7,16.9,16.9,0.19,0.0,20.0,0.081,0.158,0.12,0.0,0.0,0.625,0.625,0.19,0.191,102.32,100.04,83.37,100.04,0.185,71,8.0,16.0,33,35,35,59,67,67,35,42,42,44,76,58,14,21,8,1,1,36,41,64,72,65,78,78,23,10,14,22,30,0,0,6,8,4,0.182,0.182,5,1,2,0.5,0,0,0.0,2,0.4,1,0.2,1,0.2,1,0.2,0,0.0,20,42,31,1.9,2.7,2.74,0.476,0,0,4,0.0,0.0,1.0,2.0,1.0,0.667,7.0,0.429,0.0,0.429,2.2,1.0,5.0,0.167,10.0,0.6,0.0,0.6,6.9,3.0,6.0,0.333,17.0,0.529,0.0,0.529,5.3,1.0,0.063,0.0,1.0,0.0,0.0,0.063,0.0,1.0,0.0,0.0,0.0,0.0,,0.5,5.0,8.0,0.625,0.75,0.375,3.0,6.0,0.5,0.125,2.0,2.0,1.0,0.188,1.0,3.0,0.333,0.5,0.0,0.0,0.0,,0.188,1.0,3.0,0.333,0.25,2.0,4.0,0.5,0.625,0.063,1.0,1.0,1.0,0.188,1.0,3.0,0.333,2,3,0.667,5,1.0,1.0,1.0,0.833,9,0.429,4,0.667,0,0.0,0,0.0,0.625,3,6,0.5,0.0,0.0,0.0,1,2,0.5,0.0,2.0,0.0,0.0,1.0,0.0,4.0,5.0,0.8,0.0,0.0,0.0,0.0,3.0,0.0,BOS,3,6,0.5,0.0,0.0,0.0,0.0,0.0,0.0,0,0,0.0,2.0,6.0,0.333,3.0,4.0,0.75,,,,,,,0.0,0.0,0.0,3,7,3.0,7.0,0.429,0.643,2.0,4.0,0.5,0.491,0.009,1.0,3.0,0.333,0.409,-0.076,1.0,1.0,1.0,0.547,0.453,,,,,,1.0,1.0,1.0,0.579,0.421,1.0,3.0,0.333,0.443,-0.109,1.0,0.0,1.0,1.0,0.0,0.0,0.0,0.0,0.0,0.0,0.0,0.0,0.0,0.0,0.0,0.0,0.0,0.0,0.0,0.0,0.0,12237,2.3,1.2,1.1,4.06,4.12,3.99,2017,20170320,False
202687,Bismack Biyombo,Bismack,1610612753,ORL,24.0,1,1,0,1.0,16.52166666666667,3,5,0.6,0,0,0.0,1,1,1.0,2,4,6,0,0,0,1,2,3,3,7,3,17.2,0,0,15.0,1,1,1,1,107,78,90,26,63,108,63,64,83,1,19,36,28,111,95,78,13,145,104,30,86,55,81,14,1,84,1,114,84.1,93.3,93.3,77.6,83.3,83.3,6.5,10.0,10.0,0.0,0.0,0.0,0.1,0.167,0.136,0.0,0.0,0.6,0.643,0.139,0.15,95.12,87.16,72.63,87.16,0.259,30,3.0,5.0,133,116,116,10,19,19,57,53,53,111,76,111,6,17,4,1,1,39,36,115,109,112,151,151,9,78,90,19,10,0,0,0,0,0,0.0,0.0,0,0,0,0.0,0,0,0.0,0,0.0,0,0.0,0,0.0,0,0.0,0,0.0,7,24,13,0.5,1.36,0.17,0.292,3,0,5,0.667,0.0,1.0,1.0,1.0,0.5,5.0,0.4,0.0,0.4,7.5,0.0,4.0,0.0,11.0,0.364,0.0,0.364,6.5,1.0,5.0,0.167,16.0,0.375,0.0,0.375,6.8,1.0,0.2,0.0,1.0,0.0,0.0,0.2,0.0,1.0,0.0,0.0,0.0,0.0,,0.6,2.0,3.0,0.667,0.667,0.6,2.0,3.0,0.667,0.0,0.0,0.0,,,,,,,,,,,,,,,0.2,1.0,1.0,1.0,1.0,0.2,1.0,1.0,1.0,0.0,0.0,0.0,,0,0,,0,,,,,0,0.0,5,1.0,0,0.0,2,1.0,0.6,2,4,0.5,1.0,1.0,1.0,0,0,0.0,0.0,0.0,0.0,0.0,0.0,0.0,0.0,0.0,0.0,,,,0.0,0.0,0.0,ORL,2,4,0.5,1.0,1.0,1.0,0.0,0.0,0.0,0,0,0.0,0.0,0.0,0.0,0.0,0.0,0.0,,,,,,,,,,0,0,,,,,2.0,8.0,0.25,0.437,-0.187,0.0,1.0,0.0,0.351,-0.351,2.0,7.0,0.286,0.48,-0.195,2.0,6.0,0.333,0.578,-0.245,2.0,6.0,0.333,0.53,-0.197,0.0,1.0,0.0,0.383,-0.383,6.0,5.0,1.0,0.0,0.0,1.0,3.0,0.0,0.0,0.0,0.0,0.0,0.0,0.0,0.0,0.0,0.0,0.0,0.0,0.0,0.0,5801,1.1,0.5,0.6,4.0,3.99,4.01,2017,20170320,False
201933,Blake Griffin,Blake,1610612746,LAC,28.0,1,1,0,1.0,30.85,12,19,0.632,3,4,0.75,3,7,0.429,3,3,6,2,1,1,1,1,3,5,30,21,45.2,0,0,45.0,1,1,1,1,38,3,7,20,9,38,9,30,8,81,10,59,28,51,45,34,13,106,104,9,4,3,10,14,1,8,1,99,130.3,131.7,131.7,100.3,100.0,100.0,30.0,31.7,31.7,0.095,2.0,8.3,0.0,0.0,0.0,4.2,4.0,0.711,0.679,0.319,0.331,97.68,97.24,81.04,97.24,0.159,63,12.0,19.0,9,10,10,65,53,53,19,17,17,89,19,100,37,61,31,65,65,24,29,9,9,98,95,95,31,3,7,42,51,0,0,6,5,2,0.048,0.048,6,2,4,0.5,0,0,0.0,5,0.833,1,0.167,0,0.0,0,0.0,0,0.0,30,68,46,3.0,2.65,1.63,0.441,2,7,9,1.0,0.286,0.667,2.0,1.0,0.667,5.0,0.6,0.0,0.6,3.9,0.0,4.0,0.0,6.0,0.5,0.0,0.5,3.6,2.0,5.0,0.333,11.0,0.545,0.0,0.545,3.8,1.0,0.158,2.0,3.0,0.667,0.667,0.158,2.0,3.0,0.667,0.0,0.0,0.0,,0.474,5.0,9.0,0.556,0.556,0.421,5.0,8.0,0.625,0.053,0.0,1.0,0.0,0.211,2.0,4.0,0.5,0.5,0.211,2.0,4.0,0.5,0.0,0.0,0.0,,0.158,3.0,3.0,1.0,1.5,0.0,0.0,0.0,,0.158,3.0,3.0,1.0,0,2,0.0,0,0.0,1.0,0.0,0.0,9,1.0,6,0.6,2,1.0,2,1.0,0.711,9,13,0.692,0.0,0.0,0.0,0,2,0.0,1.0,1.0,1.0,0.0,0.0,0.0,2.0,3.0,0.667,,,,1.0,1.0,1.0,LAC,9,13,0.692,0.0,0.0,0.0,0.0,1.0,0.0,0,1,0.0,1.0,1.0,1.0,2.0,3.0,0.667,,,,,,,0.0,0.0,0.0,3,3,3.0,3.0,1.0,1.5,6.0,16.0,0.375,0.456,-0.081,0.0,6.0,0.0,0.351,-0.351,6.0,10.0,0.6,0.493,0.107,0.0,1.0,0.0,0.615,-0.615,1.0,3.0,0.333,0.539,-0.206,4.0,12.0,0.333,0.377,-0.044,12.0,7.0,5.0,3.0,0.0,1.0,3.0,0.0,0.0,2.0,0.0,0.0,0.0,0.0,0.0,0.0,0.0,0.0,0.0,0.0,0.0,10263,1.9,1.0,1.0,3.69,4.0,3.8,2017,20170320,False
202711,Bojan Bogdanovic,Bojan,1610612764,WAS,28.0,1,0,1,0.0,28.2,5,12,0.417,0,5,0.0,4,5,0.8,3,3,6,2,3,1,1,2,4,4,14,13,27.2,0,0,26.0,1,79,79,79,49,38,32,90,63,26,63,18,19,52,10,59,28,51,13,34,13,145,128,17,42,22,45,14,1,44,1,103,98.2,103.1,103.1,86.4,86.9,86.9,11.8,16.2,16.2,0.118,0.67,10.5,0.103,0.081,0.091,15.8,15.6,0.417,0.493,0.239,0.238,109.45,106.38,88.65,106.38,0.109,64,5.0,12.0,94,77,77,26,25,25,50,43,43,73,63,93,5,45,12,115,116,101,101,35,38,17,29,29,64,38,32,16,25,0,1,2,8,4,0.125,0.25,7,2,4,0.5,1,2,0.5,6,0.857,1,0.143,0,0.0,1,0.143,1,0.143,14,34,27,1.3,2.31,1.79,0.412,2,1,3,0.0,0.0,1.333,1.0,2.0,0.333,4.0,0.75,0.0,0.75,5.3,0.0,3.0,0.0,7.0,0.429,3.0,0.75,12.1,1.0,5.0,0.167,11.0,0.545,3.0,0.75,8.7,1.0,0.333,2.0,4.0,0.5,0.5,0.333,2.0,4.0,0.5,0.0,0.0,0.0,,0.167,2.0,2.0,1.0,1.0,0.167,2.0,2.0,1.0,0.0,0.0,0.0,,0.333,1.0,4.0,0.25,0.25,0.083,1.0,1.0,1.0,0.25,0.0,3.0,0.0,0.167,0.0,2.0,0.0,0.0,0.0,0.0,0.0,,0.167,0.0,2.0,0.0,0,1,0.0,0,0.0,1.0,0.0,0.0,0,0.0,4,1.0,0,0.0,0,0.0,0.417,3,4,0.75,1.0,2.0,0.5,1,1,1.0,0.0,0.0,0.0,0.0,0.0,0.0,0.0,5.0,0.0,0.0,0.0,0.0,0.0,0.0,0.0,WAS,3,5,0.6,1.0,1.0,1.0,1.0,1.0,1.0,0,0,0.0,0.0,2.0,0.0,0.0,3.0,0.0,,,,,,,0.0,0.0,0.0,0,4,0.0,4.0,0.0,0.0,6.0,12.0,0.5,0.462,0.038,0.0,4.0,0.0,0.377,-0.377,6.0,8.0,0.75,0.506,0.244,5.0,7.0,0.714,0.61,0.105,6.0,8.0,0.75,0.564,0.186,0.0,4.0,0.0,0.385,-0.385,11.0,6.0,5.0,2.0,0.0,0.0,0.0,0.0,0.0,1.0,0.0,0.0,0.0,0.0,0.0,0.0,0.0,0.0,0.0,0.0,0.0,10320,2.0,1.0,1.0,4.26,4.72,3.88,2017,20170320,False
2564,Boris Diaw,Boris,1610612762,UTA,35.0,1,0,1,0.0,13.566666666666666,1,3,0.333,0,1,0.0,0,0,0.0,2,2,4,2,0,0,0,0,0,2,2,-12,9.8,0,0,8.0,1,79,79,79,120,107,116,106,63,82,63,85,95,85,19,85,51,51,95,78,48,1,1,49,119,137,113,14,1,116,1,91,89.7,92.3,92.3,123.5,138.5,138.5,-33.8,-46.2,-46.2,0.2,0.0,40.0,0.111,0.0,0.0,0.0,0.0,0.333,0.333,0.1,0.101,98.92,91.99,76.66,91.99,0.11,26,1.0,3.0,125,119,119,134,150,150,138,144,144,37,76,8,3,61,31,1,1,112,125,141,142,89,130,130,62,107,116,23,17,0,0,4,5,2,0.087,0.087,2,1,1,1.0,0,0,0.0,2,1.0,1,0.5,0,0.0,0,0.0,0,0.0,2,29,20,0.9,1.92,0.69,0.069,1,3,3,0.0,0.0,0.0,0.0,2.0,0.0,2.0,1.0,0.0,1.0,8.3,1.0,1.0,0.5,3.0,0.667,0.0,0.667,4.7,1.0,3.0,0.25,5.0,0.8,0.0,0.8,6.5,1.0,0.333,0.0,1.0,0.0,0.0,0.333,0.0,1.0,0.0,0.0,0.0,0.0,,0.333,1.0,1.0,1.0,1.0,0.333,1.0,1.0,1.0,0.0,0.0,0.0,,,,,,,,,,,,,,,0.333,0.0,1.0,0.0,0.0,0.0,0.0,0.0,,0.333,0.0,1.0,0.0,1,1,1.0,2,0.0,0.0,,1.0,0,0.0,0,0.0,0,0.0,0,0.0,0.333,0,1,0.0,0.0,0.0,0.0,1,1,1.0,0.0,0.0,0.0,,,,0.0,1.0,0.0,,,,0.0,0.0,0.0,UTA,0,1,0.0,0.0,0.0,0.0,1.0,1.0,1.0,0,0,0.0,0.0,0.0,0.0,0.0,1.0,0.0,,,,,,,,,,0,1,0.0,1.0,0.0,0.0,1.0,3.0,0.333,0.473,-0.139,0.0,1.0,0.0,0.397,-0.397,1.0,2.0,0.5,0.481,0.019,,,,,,0.0,1.0,0.0,0.574,-0.574,1.0,2.0,0.5,0.387,0.114,3.0,2.0,1.0,0.0,0.0,3.0,6.0,0.0,0.0,1.0,0.0,0.0,0.0,0.0,0.0,0.0,0.0,0.0,0.0,0.0,0.0,4794,0.9,0.5,0.4,3.99,4.1,3.86,2017,20170320,False
203078,Bradley Beal,Bradley,1610612764,WAS,24.0,1,0,1,0.0,32.8,6,15,0.4,3,7,0.429,4,4,1.0,0,4,4,1,5,0,0,0,3,5,19,-19,20.3,0,0,27.0,1,79,79,79,28,19,20,93,9,12,29,18,25,1,83,36,51,80,2,78,48,1,104,9,17,150,67,14,1,42,1,103,90.4,94.2,94.2,120.8,121.7,121.7,-30.4,-27.5,-27.5,0.059,0.2,4.8,0.0,0.118,0.055,23.8,22.0,0.5,0.567,0.253,0.272,103.52,100.98,84.15,100.98,0.062,69,6.0,15.0,122,113,113,127,129,129,133,128,128,104,75,110,37,31,23,141,136,59,64,29,23,61,72,72,105,19,20,23,34,0,0,2,2,1,0.043,0.043,6,2,3,0.667,0,0,0.0,6,1.0,2,0.333,0,0.0,1,0.167,0,0.0,19,43,34,2.1,2.98,2.37,0.442,0,0,2,0.0,0.0,1.0,0.0,0.0,0.0,3.0,0.0,0.0,0.0,0.0,1.0,3.0,0.25,5.0,0.8,0.0,0.8,8.7,1.0,3.0,0.25,8.0,0.5,0.0,0.5,8.7,,,,,,,,,,,,,,,0.4,3.0,6.0,0.5,0.5,0.333,3.0,5.0,0.6,0.067,0.0,1.0,0.0,0.533,2.0,8.0,0.25,0.375,0.2,0.0,3.0,0.0,0.333,2.0,5.0,0.4,0.067,1.0,1.0,1.0,1.5,0.0,0.0,0.0,,0.067,1.0,1.0,1.0,1,5,0.2,3,1.0,1.0,1.0,0.3,6,0.286,2,1.0,0,0.0,0,0.0,0.5,2,2,1.0,1.0,2.0,0.5,0,4,0.0,0.0,0.0,0.0,0.0,0.0,0.0,3.0,7.0,0.429,0.0,0.0,0.0,0.0,0.0,0.0,WAS,2,2,1.0,1.0,2.0,0.5,0.0,0.0,0.0,0,0,0.0,0.0,5.0,0.0,3.0,6.0,0.5,,,,,,,0.0,0.0,0.0,2,7,2.0,6.0,0.333,0.429,7.0,12.0,0.583,0.458,0.125,4.0,7.0,0.571,0.381,0.19,3.0,5.0,0.6,0.508,0.092,1.0,3.0,0.333,0.584,-0.251,1.0,3.0,0.333,0.539,-0.206,5.0,8.0,0.625,0.39,0.235,9.0,3.0,6.0,1.0,0.0,0.0,0.0,0.0,0.0,0.0,0.0,0.0,0.0,0.0,0.0,0.0,0.0,0.0,0.0,0.0,0.0,11311,2.1,1.1,1.0,3.84,4.12,3.58,2017,20170320,False
101138,Brandon Bass,Brandon,1610612746,LAC,32.0,1,1,0,1.0,6.066666666666666,0,1,0.0,0,0,0.0,0,0,0.0,1,1,2,0,0,0,0,0,0,0,0,-11,2.4,0,0,2.0,1,1,1,1,141,133,146,133,63,108,63,85,95,85,36,105,102,111,95,78,48,1,1,115,138,134,147,14,1,145,1,99,71.9,64.3,64.3,137.7,142.9,142.9,-65.9,-78.6,-78.6,0.0,0.0,0.0,0.0,0.0,0.0,0.0,0.0,0.0,0.0,0.067,0.074,106.97,110.77,92.31,110.77,0.026,14,0.0,1.0,144,147,147,151,151,151,150,152,152,111,76,111,37,61,31,1,1,133,138,149,149,38,10,10,125,133,146,5,2,0,0,0,0,0,0.0,0.0,0,0,0,0.0,0,0,0.0,0,0.0,0,0.0,0,0.0,0,0.0,0,0.0,0,7,3,0.2,2.05,0.43,0.0,0,1,1,0.0,0.0,2.0,1.0,0.0,1.0,1.0,1.0,0.0,1.0,1.1,0.0,1.0,0.0,2.0,0.5,0.0,0.5,10.5,1.0,1.0,0.5,3.0,0.667,0.0,0.667,5.8,,,,,,,,,,,,,,,,,,,,,,,,,,,,1.0,0.0,1.0,0.0,0.0,1.0,0.0,1.0,0.0,0.0,0.0,0.0,,,,,,,,,,,,,,,0,0,,0,,,,,0,0.0,2,0.0,0,0.0,0,0.0,0.0,0,0,0.0,0.0,0.0,0.0,0,1,0.0,0.0,0.0,0.0,,,,0.0,0.0,0.0,0.0,0.0,0.0,0.0,0.0,0.0,LAC,0,0,0.0,0.0,0.0,0.0,0.0,0.0,0.0,0,1,0.0,0.0,0.0,0.0,0.0,0.0,0.0,,,,,,,0.0,0.0,0.0,0,1,,,,0.0,1.0,2.0,0.5,0.344,0.157,1.0,2.0,0.5,0.289,0.211,,,,,,,,,,,,,,,,1.0,2.0,0.5,0.319,0.181,3.0,0.0,3.0,0.0,0.0,1.0,2.0,0.0,0.0,0.0,0.0,0.0,0.0,0.0,0.0,0.0,0.0,0.0,0.0,0.0,0.0,2339,0.4,0.3,0.2,3.95,5.19,4.63,2017,20170320,False
201943,Brandon Jennings,Brandon,1610612764,WAS,27.0,1,0,1,0.0,15.333333333333334,3,7,0.429,1,3,0.333,3,3,1.0,0,1,1,7,0,0,0,1,1,2,10,14,21.7,0,0,19.0,1,79,79,79,116,78,74,85,36,50,37,30,46,1,83,105,121,7,95,78,48,106,44,49,64,19,62,14,1,66,1,103,108.2,114.3,114.3,81.9,78.8,78.8,26.4,35.5,35.5,0.583,0.0,46.7,0.0,0.0,0.0,0.0,0.0,0.5,0.601,0.222,0.225,107.56,106.43,88.7,106.43,0.306,35,3.0,7.0,58,49,49,18,10,10,23,14,14,2,76,6,37,61,31,1,1,59,48,49,48,33,28,28,2,78,74,32,35,0,0,11,16,7,0.219,0.219,4,0,1,0.0,0,0,0.0,0,0.0,2,0.5,1,0.25,0,0.0,0,0.0,10,40,12,3.1,4.71,4.78,0.25,0,0,0,0.0,0.0,0.0,0.0,0.0,0.0,0.0,0.0,0.0,0.0,0.0,0.0,1.0,0.0,2.0,0.5,0.0,0.5,1.8,0.0,1.0,0.0,2.0,0.5,0.0,0.5,1.8,,,,,,,,,,,,,,,0.714,2.0,5.0,0.4,0.5,0.429,1.0,3.0,0.333,0.286,1.0,2.0,0.5,,,,,,,,,,,,,,0.286,1.0,2.0,0.5,0.5,0.143,1.0,1.0,1.0,0.143,0.0,1.0,0.0,1,4,0.25,2,0.0,2.0,0.0,0.25,3,1.0,0,0.0,0,0.0,0,0.0,0.5,1,1,1.0,0.0,1.0,0.0,1,2,0.5,0.0,0.0,0.0,0.0,0.0,0.0,1.0,3.0,0.333,0.0,0.0,0.0,0.0,0.0,0.0,WAS,1,2,0.5,0.0,0.0,0.0,0.0,0.0,0.0,1,2,0.5,0.0,0.0,0.0,1.0,2.0,0.5,,,,,,,0.0,1.0,0.0,1,1,1.0,1.0,1.0,1.5,1.0,4.0,0.25,0.415,-0.165,0.0,2.0,0.0,0.35,-0.35,1.0,2.0,0.5,0.457,0.043,1.0,1.0,1.0,0.621,0.379,1.0,1.0,1.0,0.573,0.427,0.0,2.0,0.0,0.364,-0.364,2.0,0.0,2.0,0.0,0.0,0.0,0.0,0.0,0.0,0.0,0.0,0.0,0.0,0.0,0.0,0.0,0.0,0.0,0.0,0.0,0.0,6065,1.1,0.6,0.6,4.31,5.14,4.35,2017,20170320,False
203148,Brian Roberts,Brian,1610612766,CHA,31.0,1,1,0,1.0,2.4833333333333334,0,1,0.0,0,1,0.0,0,0,0.0,0,0,0,1,1,0,0,0,0,0,0,-4,0.5,0,0,1.0,1,1,1,1,153,133,146,133,63,82,63,85,95,85,83,138,145,80,45,78,48,1,1,115,138,91,153,14,1,149,1,90,60.0,60.0,60.0,116.7,116.7,116.7,-56.7,-56.7,-56.7,1.0,1.0,33.3,0.0,0.0,0.0,33.3,33.3,0.0,0.0,0.4,0.4,106.31,106.31,88.59,106.31,-0.1,5,0.0,1.0,151,150,150,110,107,107,146,146,146,1,43,13,37,61,31,150,150,133,138,2,3,42,33,33,152,133,146,5,8,0,0,1,3,1,0.2,0.2,1,0,0,0.0,0,0,0.0,0,0.0,0,0.0,1,1.0,0,0.0,0,0.0,0,8,4,1.0,7.33,6.13,0.0,0,0,0,0.0,0.0,0.0,,,,,,,,,,,,,,,,,,,,,,,,,,,,,,,,,,,,,,,1.0,0.0,1.0,0.0,0.0,0.0,0.0,0.0,,1.0,0.0,1.0,0.0,,,,,,,,,,,,,,,,,,,,,,,,,,,0,1,0.0,0,0.0,1.0,0.0,0.0,0,0.0,0,0.0,0,0.0,0,0.0,0.0,0,0,0.0,,,,0,0,0.0,,,,,,,0.0,1.0,0.0,,,,,,,CHA,0,0,0.0,,,,,,,0,0,0.0,0.0,1.0,0.0,0.0,0.0,0.0,,,,,,,,,,0,0,0.0,0.0,,,1.0,1.0,1.0,0.424,0.576,,,,,,1.0,1.0,1.0,0.48,0.52,1.0,1.0,1.0,0.554,0.446,1.0,1.0,1.0,0.491,0.509,,,,,,0.0,0.0,0.0,0.0,0.0,0.0,0.0,0.0,0.0,2.0,0.0,0.0,0.0,0.0,0.0,0.0,0.0,0.0,0.0,0.0,0.0,966,0.2,0.1,0.1,4.83,3.6,7.33,2017,20170320,False
1627362,Briante Weber,Briante,1610612766,CHA,24.0,1,1,0,1.0,18.8,4,5,0.8,0,0,0.0,0,1,0.0,0,4,4,1,1,2,0,0,0,1,8,17,19.3,0,0,17.0,1,1,1,1,95,58,90,6,63,108,63,85,83,85,83,36,51,80,45,9,48,1,1,76,78,7,71,14,1,75,1,90,136.2,134.3,134.3,81.6,78.9,78.9,54.5,55.3,55.3,0.071,1.0,14.3,0.0,0.222,0.0,14.3,13.4,0.8,0.735,0.158,0.172,91.0,93.19,77.66,93.19,0.176,35,4.0,5.0,5,7,7,16,11,11,5,7,7,102,43,79,37,8,31,110,109,9,19,99,87,145,120,120,26,58,90,23,23,0,0,0,0,0,0.043,0.0,0,0,0,0.0,0,0,0.0,0,0.0,0,0.0,0,0.0,0,0.0,0,0.0,8,30,8,2.6,5.16,5.0,0.267,0,0,2,0.0,0.0,2.0,0.0,0.0,0.0,0.0,0.0,0.0,0.0,0.0,0.0,4.0,0.0,7.0,0.571,0.0,0.571,7.6,0.0,4.0,0.0,7.0,0.571,0.0,0.571,7.6,,,,,,,,,,,,,,,0.8,4.0,4.0,1.0,1.0,0.8,4.0,4.0,1.0,0.0,0.0,0.0,,0.2,0.0,1.0,0.0,0.0,0.2,0.0,1.0,0.0,0.0,0.0,0.0,,,,,,,,,,,,,,,0,1,0.0,0,,,,0.0,0,0.0,4,1.0,0,0.0,0,0.0,0.8,4,4,1.0,0.0,0.0,0.0,0,1,0.0,0.0,0.0,0.0,0.0,0.0,0.0,0.0,0.0,0.0,,,,0.0,0.0,0.0,CHA,4,4,1.0,0.0,0.0,0.0,0.0,0.0,0.0,0,1,0.0,0.0,0.0,0.0,0.0,0.0,0.0,,,,,,,,,,0,0,,,,,4.0,7.0,0.571,0.431,0.141,1.0,3.0,0.333,0.368,-0.035,3.0,4.0,0.75,0.429,0.322,0.0,1.0,0.0,0.25,-0.25,3.0,4.0,0.75,0.478,0.272,1.0,3.0,0.333,0.402,-0.069,2.0,0.0,2.0,4.0,0.0,1.0,3.0,0.0,0.0,0.0,0.0,0.0,0.0,0.0,0.0,0.0,0.0,0.0,0.0,0.0,0.0,7819,1.5,0.8,0.7,4.8,5.34,4.29,2017,20170320,False
201228,C.J. Watson,C.J.,1610612753,ORL,33.0,1,1,0,1.0,4.0,0,1,0.0,0,1,0.0,0,0,0.0,0,2,2,0,0,0,0,0,0,0,0,-4,2.4,0,0,2.0,1,1,1,1,148,133,146,133,63,82,63,85,95,85,83,85,102,111,95,78,48,1,1,115,138,91,147,14,1,145,1,114,63.0,60.0,60.0,112.6,111.1,111.1,-49.6,-51.1,-51.1,0.0,0.0,0.0,0.0,0.0,0.0,0.0,0.0,0.0,0.0,0.1,0.105,110.4,114.0,95.0,114.0,0.08,10,0.0,1.0,150,150,150,95,91,91,145,145,145,111,76,111,37,61,31,1,1,133,138,141,140,11,6,6,89,133,146,7,5,0,0,0,0,0,0.0,0.0,0,0,0,0.0,0,0,0.0,0,0.0,0,0.0,0,0.0,0,0.0,0,0.0,0,9,1,0.7,4.93,4.33,0.0,0,0,0,0.0,0.0,0.0,0.0,0.0,0.0,0.0,0.0,0.0,0.0,0.0,1.0,1.0,0.5,3.0,0.667,0.0,0.667,5.8,1.0,1.0,0.5,3.0,0.667,0.0,0.667,5.8,,,,,,,,,,,,,,,,,,,,,,,,,,,,,,,,,,,,,,,,,1.0,0.0,1.0,0.0,0.0,0.0,0.0,0.0,,1.0,0.0,1.0,0.0,0,0,,0,0.0,0.0,,,0,0.0,0,0.0,0,0.0,0,0.0,0.0,0,0,0.0,0.0,0.0,0.0,0,0,0.0,,,,,,,0.0,1.0,0.0,,,,,,,ORL,0,0,0.0,0.0,0.0,0.0,0.0,0.0,0.0,0,0,0.0,,,,0.0,1.0,0.0,,,,,,,,,,0,1,0.0,1.0,0.0,0.0,,,,,,,,,,,,,,,,,,,,,,,,,,,,,,,,,,,,,,,,,,,,,,,,,,,,1645,0.3,0.2,0.1,4.5,5.31,3.43,2017,20170320,False
101139,CJ Miles,CJ,1610612754,IND,30.0,1,1,0,1.0,23.191666666666666,4,6,0.667,3,3,1.0,4,4,1.0,1,1,2,0,0,3,0,0,2,4,15,-4,26.4,0,0,26.0,1,1,1,1,69,58,81,12,9,50,1,18,25,1,36,105,102,111,95,3,48,1,76,17,37,91,47,14,1,44,1,91,121.6,120.0,120.0,128.3,126.1,126.1,-6.7,-6.1,-6.1,0.0,0.0,0.0,0.0,0.053,0.0,0.0,0.0,0.917,0.966,0.151,0.151,92.72,94.17,78.48,94.17,0.133,45,4.0,6.0,25,34,34,140,137,137,88,88,88,111,76,111,37,54,31,1,1,6,6,109,108,133,115,115,49,58,81,12,13,0,0,0,0,0,0.0,0.0,2,0,0,0.0,4,4,1.0,4,2.0,0,0.0,0,0.0,0,0.0,2,1.0,15,21,15,0.5,1.51,0.62,0.714,0,0,2,0.0,0.0,1.0,1.0,0.0,1.0,3.0,0.333,0.0,0.333,6.7,0.0,1.0,0.0,3.0,0.333,0.0,0.333,3.3,1.0,1.0,0.5,6.0,0.333,0.0,0.333,5.0,,,,,,,,,,,,,,,0.333,0.0,2.0,0.0,0.0,0.333,0.0,2.0,0.0,0.0,0.0,0.0,,0.5,3.0,3.0,1.0,1.333,0.167,1.0,1.0,1.0,0.333,2.0,2.0,1.0,0.167,1.0,1.0,1.0,1.5,0.0,0.0,0.0,,0.167,1.0,1.0,1.0,1,3,0.333,2,0.0,0.0,,0.333,9,1.0,2,1.0,0,0.0,0,0.0,0.917,0,0,0.0,1.0,1.0,1.0,0,2,0.0,1.0,1.0,1.0,,,,2.0,2.0,1.0,0.0,0.0,0.0,1.0,1.0,1.0,IND,0,0,0.0,0.0,0.0,0.0,1.0,1.0,1.0,0,2,0.0,1.0,1.0,1.0,2.0,2.0,1.0,0.0,0.0,0.0,,,,0.0,0.0,0.0,3,3,3.0,3.0,1.0,1.5,5.0,6.0,0.833,0.431,0.403,3.0,3.0,1.0,0.381,0.619,2.0,3.0,0.667,0.48,0.187,2.0,2.0,1.0,0.66,0.34,2.0,2.0,1.0,0.588,0.412,3.0,4.0,0.75,0.372,0.378,2.0,0.0,2.0,3.0,0.0,0.0,0.0,0.0,0.0,2.0,0.0,0.0,0.0,0.0,0.0,0.0,0.0,0.0,0.0,0.0,0.0,8455,1.6,0.9,0.7,4.15,4.54,3.74,2017,20170320,False
2546,Carmelo Anthony,Carmelo,1610612752,NYK,33.0,1,0,1,0.0,25.416666666666668,6,14,0.429,1,5,0.2,3,3,1.0,2,2,4,1,0,0,0,0,3,2,16,-14,22.3,0,0,22.0,1,79,79,79,61,19,25,85,36,26,56,30,46,1,19,85,51,80,95,78,48,1,104,49,27,142,61,14,1,58,1,97,104.2,103.8,103.8,128.4,128.3,128.3,-24.2,-24.5,-24.5,0.067,0.0,6.3,0.0,0.0,0.0,0.0,0.0,0.464,0.522,0.242,0.248,98.96,99.15,82.62,99.15,0.072,52,6.0,14.0,72,75,75,141,142,142,123,124,124,103,76,108,37,61,31,1,1,96,75,33,31,88,82,82,94,19,25,25,37,0,0,4,2,1,0.04,0.04,2,1,2,0.5,0,0,0.0,2,1.0,0,0.0,0,0.0,0,0.0,0,0.0,16,42,30,2.1,3.06,2.0,0.381,1,6,3,0.0,0.667,1.667,2.0,0.0,1.0,2.0,1.0,0.0,1.0,6.3,1.0,1.0,0.5,5.0,0.4,1.0,0.5,3.1,3.0,1.0,0.75,7.0,0.571,1.0,0.667,4.7,1.0,0.143,0.0,2.0,0.0,0.0,0.143,0.0,2.0,0.0,0.0,0.0,0.0,,0.5,4.0,7.0,0.571,0.643,0.357,3.0,5.0,0.6,0.143,1.0,2.0,0.5,0.286,2.0,4.0,0.5,0.5,0.143,2.0,2.0,1.0,0.143,0.0,2.0,0.0,0.071,0.0,1.0,0.0,0.0,0.0,0.0,0.0,,0.071,0.0,1.0,0.0,3,6,0.5,6,0.0,2.0,0.0,0.5,3,0.25,5,0.667,4,0.667,0,0.0,0.464,2,3,0.667,0.0,1.0,0.0,3,5,0.6,0.0,0.0,0.0,0.0,0.0,0.0,1.0,5.0,0.2,,,,0.0,0.0,0.0,NYK,2,4,0.5,0.0,0.0,0.0,2.0,2.0,1.0,1,2,0.5,0.0,1.0,0.0,1.0,5.0,0.2,,,,,,,0.0,0.0,0.0,1,4,1.0,3.0,0.333,0.375,4.0,6.0,0.667,0.513,0.154,1.0,2.0,0.5,0.403,0.097,3.0,4.0,0.75,0.55,0.2,3.0,3.0,1.0,0.652,0.348,3.0,3.0,1.0,0.619,0.381,1.0,3.0,0.333,0.424,-0.09,3.0,1.0,2.0,4.0,0.0,0.0,0.0,0.0,0.0,0.0,0.0,0.0,0.0,0.0,0.0,0.0,0.0,0.0,0.0,0.0,0.0,8796,1.7,0.9,0.7,4.02,4.02,3.51,2017,20170320,False
1626184,Chasson Randle,Chasson,1610612752,NYK,24.0,1,0,1,0.0,10.75,2,3,0.667,0,0,0.0,3,4,0.75,1,0,1,3,1,0,0,1,3,2,7,10,11.7,0,0,11.0,1,79,79,79,131,86,116,12,63,108,63,30,25,56,36,138,121,35,45,78,48,106,104,49,86,29,106,14,1,102,1,97,155.7,158.3,158.3,113.8,112.0,112.0,41.9,46.3,46.3,0.25,3.0,37.5,0.0,0.0,0.0,12.5,11.4,0.667,0.735,0.172,0.196,109.4,109.4,91.16,109.4,0.083,24,2.0,3.0,2,2,2,102,95,95,9,8,8,26,9,10,37,61,31,102,100,28,19,83,71,20,17,17,87,86,116,19,21,1,0,5,8,4,0.158,0.211,1,0,0,0.0,0,0,0.0,0,0.0,1,1.0,0,0.0,0,0.0,0,0.0,7,24,12,1.3,3.16,2.58,0.292,1,0,0,2.0,0.0,0.0,0.0,1.0,0.0,1.0,1.0,0.0,1.0,14.7,0.0,0.0,0.0,0.0,0.0,0.0,0.0,0.0,0.0,1.0,0.0,1.0,1.0,0.0,1.0,14.7,1.0,0.667,2.0,2.0,1.0,1.0,0.667,2.0,2.0,1.0,0.0,0.0,0.0,,0.333,0.0,1.0,0.0,0.0,0.333,0.0,1.0,0.0,0.0,0.0,0.0,,,,,,,,,,,,,,,,,,,,,,,,,,,,0,0,,0,,,,,0,0.0,0,0.0,0,0.0,2,1.0,0.667,1,2,0.5,1.0,1.0,1.0,0,0,0.0,0.0,0.0,0.0,,,,0.0,0.0,0.0,0.0,0.0,0.0,0.0,0.0,0.0,NYK,1,2,0.5,1.0,1.0,1.0,0.0,0.0,0.0,0,0,0.0,0.0,0.0,0.0,0.0,0.0,0.0,,,,,,,0.0,0.0,0.0,0,0,,,,,1.0,2.0,0.5,0.437,0.064,,,,,,1.0,2.0,0.5,0.467,0.034,,,,,,,,,,,1.0,2.0,0.5,0.39,0.111,2.0,2.0,0.0,0.0,0.0,0.0,0.0,0.0,0.0,0.0,0.0,0.0,0.0,0.0,0.0,0.0,0.0,0.0,0.0,0.0,0.0,4443,0.8,0.4,0.4,4.48,4.88,4.14,2017,20170320,False
101108,Chris Paul,Chris,1610612746,LAC,32.0,1,1,0,1.0,28.483333333333334,5,11,0.455,2,5,0.4,1,1,1.0,0,5,5,13,0,1,0,0,2,0,13,18,41.5,1,0,35.0,1,1,1,1,48,38,35,77,25,26,32,64,83,1,83,26,40,1,95,34,48,1,76,115,50,6,14,1,1,21,1,99,129.2,131.0,131.0,103.9,103.6,103.6,25.3,27.5,27.5,0.52,0.0,54.2,0.0,0.0,0.0,0.0,0.0,0.545,0.568,0.172,0.176,96.63,96.06,80.05,96.06,0.178,58,5.0,11.0,11,12,12,78,68,68,24,28,28,3,76,3,37,61,31,1,1,53,61,84,86,104,102,102,25,38,35,61,65,0,1,21,31,14,0.213,0.23,8,2,3,0.667,0,0,0.0,5,0.625,3,0.375,2,0.25,0,0.0,0,0.0,13,75,20,6.4,5.08,4.79,0.173,0,2,0,0.0,1.0,0.0,0.0,0.0,0.0,2.0,0.0,0.0,0.0,0.0,1.0,4.0,0.2,6.0,0.833,0.0,0.833,5.5,1.0,4.0,0.2,8.0,0.625,0.0,0.625,5.5,1.0,0.091,0.0,1.0,0.0,0.0,0.091,0.0,1.0,0.0,0.0,0.0,0.0,,0.182,1.0,2.0,0.5,0.5,0.091,1.0,1.0,1.0,0.091,0.0,1.0,0.0,0.636,3.0,7.0,0.429,0.5,0.364,2.0,4.0,0.5,0.273,1.0,3.0,0.333,0.091,1.0,1.0,1.0,1.5,0.0,0.0,0.0,,0.091,1.0,1.0,1.0,4,7,0.571,10,2.0,3.0,0.667,0.714,0,0.0,0,0.0,2,1.0,0,0.0,0.545,0,0,0.0,1.0,2.0,0.5,2,4,0.5,0.0,0.0,0.0,0.0,0.0,0.0,2.0,5.0,0.4,,,,0.0,0.0,0.0,LAC,0,0,0.0,0.0,1.0,0.0,1.0,2.0,0.5,2,3,0.667,1.0,1.0,1.0,1.0,4.0,0.25,,,,,,,0.0,0.0,0.0,0,1,0.0,1.0,0.0,0.0,4.0,8.0,0.5,0.46,0.041,1.0,3.0,0.333,0.373,-0.04,3.0,5.0,0.6,0.495,0.105,1.0,1.0,1.0,0.553,0.447,1.0,2.0,0.5,0.509,-0.009,3.0,6.0,0.5,0.392,0.109,4.0,2.0,2.0,2.0,0.0,3.0,6.0,0.0,0.0,1.0,0.0,0.0,0.0,0.0,0.0,0.0,0.0,0.0,0.0,0.0,0.0,10212,1.9,1.1,0.8,4.01,4.7,3.33,2017,20170320,False
1626174,Christian Wood,Christian,1610612766,CHA,21.0,1,1,0,1.0,2.4833333333333334,0,0,0.0,0,0,0.0,0,0,0.0,0,0,0,0,0,0,1,0,0,0,0,-4,3.0,0,0,2.0,1,1,1,1,153,133,155,133,63,108,63,85,95,85,83,138,145,111,95,78,13,1,1,115,138,91,142,14,1,145,1,90,60.0,60.0,60.0,116.7,116.7,116.7,-56.7,-56.7,-56.7,0.0,0.0,0.0,0.0,0.0,0.0,0.0,0.0,0.0,0.0,0.0,0.0,106.31,106.31,88.59,106.31,0.05,5,0.0,0.0,151,150,150,110,107,107,146,146,146,111,76,111,37,61,31,1,1,133,138,155,155,42,33,33,112,133,155,5,1,0,0,0,0,0,0.0,0.0,0,0,0,0.0,0,0,0.0,0,0.0,0,0.0,0,0.0,0,0.0,0,0.0,0,5,1,0.2,1.9,0.0,0.0,0,0,0,0.0,0.0,0.0,,,,,,,,,,,,,,,,,,,,,,,,,,,,,,,,,,,,,,,,,,,,,,,,,,,,,,,,,,,,,,,,,,,,,,,,,,,,,,0,0,,0,,,,,0,0.0,0,0.0,0,0.0,0,0.0,0.0,0,0,0.0,,,,0,0,0.0,,,,,,,0.0,0.0,0.0,,,,,,,CHA,0,0,0.0,,,,,,,0,0,0.0,0.0,0.0,0.0,0.0,0.0,0.0,,,,,,,,,,0,0,,,,,0.0,3.0,0.0,0.416,-0.416,0.0,2.0,0.0,0.334,-0.334,0.0,1.0,0.0,0.48,-0.48,0.0,1.0,0.0,0.554,-0.554,0.0,1.0,0.0,0.491,-0.491,0.0,2.0,0.0,0.363,-0.363,3.0,1.0,2.0,0.0,0.0,0.0,0.0,0.0,0.0,0.0,0.0,0.0,0.0,0.0,0.0,0.0,0.0,0.0,0.0,0.0,0.0,945,0.2,0.1,0.1,4.83,3.61,7.34,2017,20170320,False
203991,Clint Capela,Clint,1610612745,HOU,23.0,1,1,0,1.0,27.033333333333335,6,8,0.75,0,0,0.0,0,0,0.0,2,7,9,4,0,1,1,1,5,1,12,16,34.8,0,0,29.0,1,1,1,1,55,19,63,9,63,108,63,85,95,85,19,11,13,22,95,34,13,106,145,76,56,10,28,14,1,33,1,106,128.7,129.3,129.3,97.9,100.0,100.0,30.8,29.3,29.3,0.19,0.0,33.3,0.0,0.269,0.0,0.0,0.0,0.75,0.75,0.129,0.131,105.26,103.87,86.56,103.87,0.139,58,6.0,8.0,14,14,14,52,53,53,17,22,22,44,76,13,37,4,31,1,1,17,17,122,122,51,53,53,42,19,63,39,23,1,0,5,14,5,0.103,0.128,0,0,0,0.0,0,0,0.0,0,0.0,0,0.0,0,0.0,0,0.0,0,0.0,12,48,23,1.2,1.45,0.31,0.25,1,1,10,0.0,0.0,1.0,1.0,1.0,0.5,4.0,0.5,0.0,0.5,13.4,2.0,5.0,0.286,11.0,0.636,2.0,0.778,5.7,3.0,6.0,0.333,15.0,0.6,2.0,0.692,7.4,1.0,0.375,2.0,3.0,0.667,0.667,0.375,2.0,3.0,0.667,0.0,0.0,0.0,,0.625,4.0,5.0,0.8,0.8,0.625,4.0,5.0,0.8,0.0,0.0,0.0,,,,,,,,,,,,,,,,,,,,,,,,,,,,0,0,,0,,,,,0,0.0,10,0.714,0,0.0,0,0.0,0.75,6,7,0.857,0.0,1.0,0.0,0,0,0.0,0.0,0.0,0.0,0.0,0.0,0.0,0.0,0.0,0.0,0.0,0.0,0.0,0.0,0.0,0.0,HOU,6,7,0.857,0.0,1.0,0.0,0.0,0.0,0.0,0,0,0.0,0.0,0.0,0.0,0.0,0.0,0.0,0.0,0.0,0.0,,,,0.0,0.0,0.0,0,0,,,,,7.0,14.0,0.5,0.502,-0.002,1.0,5.0,0.2,0.375,-0.175,6.0,9.0,0.667,0.567,0.099,4.0,6.0,0.667,0.646,0.021,6.0,8.0,0.75,0.615,0.136,1.0,6.0,0.167,0.362,-0.195,12.0,8.0,4.0,2.0,0.0,1.0,2.0,0.0,0.0,3.0,0.0,0.0,0.0,0.0,0.0,0.0,0.0,0.0,0.0,0.0,0.0,10222,1.9,1.0,0.9,4.22,4.38,4.06,2017,20170320,False
203469,Cody Zeller,Cody,1610612766,CHA,24.0,1,1,0,1.0,21.816666666666666,4,6,0.667,0,0,0.0,0,2,0.0,2,3,5,0,0,2,0,1,5,2,8,-7,20.0,0,0,17.0,1,1,1,1,76,58,81,12,63,108,63,85,53,85,19,59,40,111,95,9,48,106,145,49,78,109,68,14,1,75,1,90,83.4,85.4,85.4,98.5,97.7,97.7,-15.1,-12.3,-12.3,0.0,0.0,0.0,0.0,0.0,0.0,0.0,0.0,0.667,0.581,0.159,0.157,93.07,92.41,77.01,92.41,0.068,41,4.0,6.0,134,133,133,56,52,52,108,103,103,111,76,111,37,61,31,1,1,28,53,98,102,129,126,126,100,58,81,15,15,0,0,1,0,0,0.0,0.0,1,0,1,0.0,0,0,0.0,0,0.0,0,0.0,0,0.0,0,0.0,0,0.0,8,22,16,0.6,1.65,0.64,0.364,3,0,4,1.333,0.0,1.0,1.0,1.0,0.5,5.0,0.4,0.0,0.4,5.4,0.0,3.0,0.0,5.0,0.6,1.0,0.75,3.4,1.0,4.0,0.2,10.0,0.5,1.0,0.556,4.2,,,,,,,,,,,,,,,0.333,1.0,2.0,0.5,0.5,0.333,1.0,2.0,0.5,0.0,0.0,0.0,,0.5,2.0,3.0,0.667,0.667,0.5,2.0,3.0,0.667,0.0,0.0,0.0,,0.167,1.0,1.0,1.0,1.0,0.167,1.0,1.0,1.0,0.0,0.0,0.0,,0,1,0.0,0,,,,0.0,4,1.0,4,1.0,0,0.0,4,1.0,0.667,2,3,0.667,0.0,1.0,0.0,2,2,1.0,0.0,0.0,0.0,0.0,0.0,0.0,0.0,0.0,0.0,,,,0.0,0.0,0.0,CHA,2,3,0.667,0.0,1.0,0.0,0.0,0.0,0.0,2,2,1.0,0.0,0.0,0.0,0.0,0.0,0.0,,,,,,,,,,2,2,,,,1.0,4.0,6.0,0.667,0.471,0.196,,,,,,4.0,6.0,0.667,0.516,0.151,4.0,5.0,0.8,0.605,0.195,4.0,5.0,0.8,0.56,0.24,0.0,1.0,0.0,0.331,-0.331,1.0,1.0,0.0,1.0,0.0,4.0,9.0,0.0,0.0,4.0,0.0,0.0,0.0,0.0,0.0,0.0,0.0,0.0,0.0,0.0,0.0,8095,1.5,0.8,0.7,4.13,4.28,3.97,2017,20170320,False
201584,Courtney Lee,Courtney,1610612752,NYK,31.0,1,0,1,0.0,21.928333333333335,1,6,0.167,0,3,0.0,0,0,0.0,0,2,2,2,0,0,0,0,1,0,2,-8,7.4,0,0,6.0,1,79,79,79,75,107,81,130,63,50,63,85,95,85,83,85,102,51,95,78,48,1,44,115,119,119,127,14,1,127,1,97,106.7,106.4,106.4,124.4,120.8,120.8,-17.6,-14.5,-14.5,0.111,0.0,25.0,0.0,0.0,0.0,0.0,0.0,0.167,0.167,0.107,0.107,102.31,103.98,86.65,103.98,0.0,47,1.0,6.0,66,69,69,135,125,125,112,106,106,77,76,31,37,61,31,1,1,130,135,136,136,66,52,52,134,107,81,15,18,0,0,6,4,2,0.133,0.133,3,0,1,0.0,0,0,0.0,0,0.0,1,0.333,1,0.333,0,0.0,0,0.0,2,22,17,1.0,2.7,1.91,0.091,1,0,1,2.0,0.0,0.0,0.0,0.0,0.0,3.0,0.0,0.0,0.0,0.0,0.0,2.0,0.0,2.0,1.0,0.0,1.0,6.8,0.0,2.0,0.0,5.0,0.4,0.0,0.4,6.8,1.0,0.333,1.0,2.0,0.5,0.5,0.333,1.0,2.0,0.5,0.0,0.0,0.0,,,,,,,,,,,,,,,,,,,,,,,,,,,,0.667,0.0,4.0,0.0,0.0,0.167,0.0,1.0,0.0,0.5,0.0,3.0,0.0,0,1,0.0,0,0.0,0.0,,0.0,2,0.25,0,0.0,0,0.0,2,1.0,0.167,0,1,0.0,0.0,0.0,0.0,1,2,0.5,0.0,1.0,0.0,0.0,0.0,0.0,0.0,2.0,0.0,,,,0.0,1.0,0.0,NYK,0,1,0.0,0.0,0.0,0.0,0.0,0.0,0.0,1,1,1.0,0.0,2.0,0.0,0.0,2.0,0.0,,,,,,,0.0,0.0,0.0,1,4,0.0,3.0,0.0,0.25,4.0,9.0,0.444,0.517,-0.073,1.0,2.0,0.5,0.416,0.085,3.0,7.0,0.429,0.553,-0.124,3.0,3.0,1.0,0.678,0.322,3.0,4.0,0.75,0.645,0.106,1.0,5.0,0.2,0.429,-0.229,5.0,3.0,2.0,0.0,0.0,1.0,2.0,0.0,0.0,1.0,0.0,0.0,0.0,0.0,0.0,0.0,0.0,0.0,0.0,0.0,0.0,8756,1.7,0.9,0.8,4.65,4.58,4.73,2017,20170320,False
201571,D.J. Augustin,D.J.,1610612753,ORL,29.0,1,1,0,1.0,18.333333333333332,1,5,0.2,1,1,1.0,2,2,1.0,1,2,3,1,2,1,0,0,0,1,5,-7,11.1,0,0,12.0,1,1,1,1,97,107,90,127,36,82,1,47,53,1,36,85,78,80,26,34,48,1,1,76,95,109,108,14,1,98,1,114,72.9,77.8,77.8,94.1,100.0,100.0,-21.2,-22.2,-22.2,0.125,0.5,11.1,0.042,0.091,0.065,22.2,22.5,0.3,0.425,0.182,0.182,98.97,92.95,77.45,92.95,0.088,36,1.0,5.0,142,139,139,44,53,53,118,119,119,66,66,90,24,40,18,136,137,122,112,71,79,87,124,124,81,107,90,31,37,1,0,9,4,2,0.032,0.065,5,0,1,0.0,0,0,0.0,0,0.0,1,0.2,1,0.2,2,0.4,0,0.0,5,41,10,4.5,6.55,7.37,0.122,0,0,0,0.0,0.0,0.0,0.0,1.0,0.0,2.0,0.5,0.0,0.5,20.2,0.0,2.0,0.0,4.0,0.5,0.0,0.5,9.1,0.0,3.0,0.0,6.0,0.5,0.0,0.5,12.8,1.0,0.2,0.0,1.0,0.0,0.0,0.2,0.0,1.0,0.0,0.0,0.0,0.0,,0.2,0.0,1.0,0.0,0.0,0.2,0.0,1.0,0.0,0.0,0.0,0.0,,0.2,0.0,1.0,0.0,0.0,0.2,0.0,1.0,0.0,0.0,0.0,0.0,,0.4,1.0,2.0,0.5,0.75,0.2,0.0,1.0,0.0,0.2,1.0,1.0,1.0,0,2,0.0,0,0.0,0.0,,0.0,3,1.0,0,0.0,0,0.0,0,0.0,0.3,0,1,0.0,0.0,1.0,0.0,0,2,0.0,0.0,0.0,0.0,0.0,0.0,0.0,1.0,1.0,1.0,,,,0.0,0.0,0.0,ORL,0,1,0.0,0.0,1.0,0.0,0.0,0.0,0.0,0,2,0.0,0.0,0.0,0.0,1.0,1.0,1.0,,,,,,,0.0,0.0,0.0,1,1,1.0,1.0,1.0,1.5,1.0,9.0,0.111,0.428,-0.317,0.0,2.0,0.0,0.284,-0.284,1.0,7.0,0.143,0.473,-0.33,1.0,5.0,0.2,0.599,-0.399,1.0,6.0,0.167,0.537,-0.37,0.0,3.0,0.0,0.339,-0.339,3.0,2.0,1.0,3.0,0.0,1.0,2.0,0.0,0.0,2.0,0.0,0.0,0.0,0.0,0.0,0.0,0.0,0.0,0.0,0.0,0.0,6769,1.3,0.7,0.6,4.27,4.5,4.04,2017,20170320,False
203957,Dante Exum,Dante,1610612762,UTA,21.0,1,0,1,0.0,5.816666666666666,0,2,0.0,0,0,0.0,0,0,0.0,0,1,1,0,2,0,0,0,1,1,0,-4,-0.8,0,0,1.0,1,79,79,79,142,133,130,133,63,108,63,85,95,85,83,105,121,111,26,78,48,1,44,76,138,91,156,14,1,149,1,91,70.5,75.0,75.0,116.1,118.2,118.2,-45.5,-43.2,-43.2,0.0,0.0,0.0,0.0,0.0,0.0,50.0,50.0,0.0,0.0,0.267,0.271,98.86,94.9,79.08,94.9,-0.242,12,0.0,2.0,145,141,141,109,112,112,144,143,143,111,76,111,37,61,31,154,155,133,138,24,24,90,109,109,156,133,130,9,13,0,0,2,0,0,0.0,0.0,2,0,1,0.0,0,0,0.0,0,0.0,1,0.5,0,0.0,0,0.0,0,0.0,0,14,6,1.1,4.77,5.14,0.0,0,0,0,0.0,0.0,0.0,0.0,0.0,0.0,1.0,0.0,0.0,0.0,0.0,0.0,1.0,0.0,2.0,0.5,0.0,0.5,6.8,0.0,1.0,0.0,3.0,0.333,0.0,0.333,6.8,1.0,0.5,0.0,1.0,0.0,0.0,0.5,0.0,1.0,0.0,0.0,0.0,0.0,,,,,,,,,,,,,,,0.5,0.0,1.0,0.0,0.0,0.5,0.0,1.0,0.0,0.0,0.0,0.0,,,,,,,,,,,,,,,0,1,0.0,0,,,,0.0,0,0.0,0,0.0,0,0.0,0,0.0,0.0,0,1,0.0,0.0,0.0,0.0,0,1,0.0,,,,,,,0.0,0.0,0.0,,,,,,,UTA,0,1,0.0,0.0,0.0,0.0,0.0,0.0,0.0,0,0,0.0,0.0,1.0,0.0,0.0,0.0,0.0,,,,,,,,,,0,0,,,,,0.0,1.0,0.0,0.443,-0.443,,,,,,0.0,1.0,0.0,0.472,-0.472,,,,,,0.0,1.0,0.0,0.481,-0.481,,,,,,1.0,1.0,0.0,0.0,0.0,0.0,0.0,0.0,0.0,0.0,0.0,0.0,0.0,0.0,0.0,0.0,0.0,0.0,0.0,0.0,0.0,2530,0.5,0.3,0.2,5.19,6.24,4.13,2017,20170320,False
203967,Dario Saric,Dario,1610612755,PHI,23.0,1,0,1,0.0,25.495,6,14,0.429,2,5,0.4,4,4,1.0,0,5,5,0,1,1,1,1,6,4,18,-8,29.0,0,0,29.0,1,79,79,79,60,19,25,85,25,26,32,18,25,1,83,26,40,111,45,34,13,106,152,17,20,119,40,14,1,33,1,112,92.7,98.0,98.0,100.4,105.6,105.6,-7.6,-7.6,-7.6,0.0,0.0,0.0,0.0,0.167,0.085,5.9,6.0,0.5,0.571,0.293,0.29,103.21,97.9,81.58,97.9,0.11,50,6.0,14.0,115,102,102,66,73,73,90,90,90,111,76,111,37,17,13,72,73,59,59,17,19,63,91,91,63,19,25,34,38,0,0,2,0,0,0.0,0.0,11,2,3,0.667,4,4,1.0,8,0.727,4,0.364,0,0.0,1,0.091,2,0.182,18,54,32,2.0,2.17,1.5,0.333,2,1,0,0.0,0.0,0.0,0.0,0.0,0.0,2.0,0.0,0.0,0.0,0.0,0.0,5.0,0.0,11.0,0.455,0.0,0.455,4.8,0.0,5.0,0.0,13.0,0.385,0.0,0.385,4.8,1.0,0.071,0.0,1.0,0.0,0.0,0.071,0.0,1.0,0.0,0.0,0.0,0.0,,0.357,4.0,5.0,0.8,0.8,0.357,4.0,5.0,0.8,0.0,0.0,0.0,,0.286,0.0,4.0,0.0,0.0,0.214,0.0,3.0,0.0,0.071,0.0,1.0,0.0,0.286,2.0,4.0,0.5,0.75,0.0,0.0,0.0,,0.286,2.0,4.0,0.5,0,2,0.0,0,0.0,0.0,,0.0,8,0.5,0,0.0,0,0.0,0,0.0,0.5,2,5,0.4,2.0,2.0,1.0,0,2,0.0,0.0,0.0,0.0,,,,2.0,5.0,0.4,,,,0.0,0.0,0.0,PHI,2,5,0.4,1.0,1.0,1.0,1.0,1.0,1.0,0,1,0.0,0.0,2.0,0.0,2.0,4.0,0.5,0.0,0.0,0.0,,,,0.0,0.0,0.0,3,6,2.0,5.0,0.4,0.667,9.0,17.0,0.529,0.45,0.079,1.0,3.0,0.333,0.362,-0.029,8.0,14.0,0.571,0.482,0.09,2.0,5.0,0.4,0.573,-0.173,6.0,10.0,0.6,0.539,0.061,3.0,6.0,0.5,0.381,0.119,16.0,13.0,3.0,2.0,0.0,1.0,2.0,0.0,0.0,0.0,0.0,0.0,0.0,0.0,0.0,0.0,0.0,0.0,0.0,0.0,0.0,10261,1.9,1.1,0.9,4.51,5.18,4.31,2017,20170320,False
2561,David West,David,1610612744,GSW,36.0,1,1,0,1.0,16.2,4,7,0.571,0,0,0.0,1,2,0.5,0,6,6,1,1,1,2,0,2,2,9,13,25.7,0,0,22.0,1,1,1,1,108,58,74,31,63,108,63,64,53,69,83,19,28,80,45,34,5,1,76,49,72,22,51,14,1,58,1,101,123.2,120.6,120.6,81.7,80.0,80.0,41.5,40.6,40.6,0.091,1.0,10.0,0.0,0.286,0.0,10.0,10.1,0.571,0.571,0.265,0.267,100.09,102.22,85.19,102.22,0.216,34,4.0,7.0,22,31,31,17,13,13,10,11,11,91,43,94,37,2,31,89,93,45,59,25,28,80,62,62,14,58,74,24,20,1,1,2,3,3,0.042,0.125,1,1,1,1.0,0,0,0.0,2,2.0,0,0.0,0,0.0,0,0.0,0,0.0,9,34,20,1.1,1.96,0.38,0.265,1,5,3,0.0,0.4,1.333,0.0,0.0,0.0,0.0,0.0,0.0,0.0,0.0,3.0,3.0,0.5,7.0,0.857,1.0,1.0,5.6,3.0,3.0,0.5,7.0,0.857,1.0,1.0,5.6,1.0,0.286,1.0,2.0,0.5,0.5,0.286,1.0,2.0,0.5,0.0,0.0,0.0,,0.571,2.0,4.0,0.5,0.5,0.571,2.0,4.0,0.5,0.0,0.0,0.0,,,,,,,,,,,,,,,0.143,1.0,1.0,1.0,1.0,0.143,1.0,1.0,1.0,0.0,0.0,0.0,,0,0,,0,,,,,2,1.0,4,0.667,2,0.333,0,0.0,0.571,3,5,0.6,0.0,1.0,0.0,1,1,1.0,0.0,0.0,0.0,0.0,0.0,0.0,0.0,0.0,0.0,0.0,0.0,0.0,0.0,0.0,0.0,GSW,3,5,0.6,0.0,1.0,0.0,0.0,0.0,0.0,0,0,0.0,1.0,1.0,1.0,0.0,0.0,0.0,,,,,,,0.0,0.0,0.0,1,1,,,,1.0,3.0,11.0,0.273,0.489,-0.216,,,,,,3.0,11.0,0.273,0.52,-0.247,3.0,6.0,0.5,0.6,-0.1,3.0,8.0,0.375,0.567,-0.192,0.0,2.0,0.0,0.317,-0.317,9.0,9.0,0.0,2.0,0.0,4.0,10.0,0.0,0.0,0.0,0.0,0.0,0.0,0.0,0.0,0.0,0.0,0.0,0.0,0.0,0.0,5184,1.0,0.5,0.5,3.72,4.02,3.46,2017,20170320,False
201599,DeAndre Jordan,DeAndre,1610612746,LAC,28.0,1,1,0,1.0,27.8,7,9,0.778,0,0,0.0,0,0,0.0,3,7,10,0,0,0,3,0,1,1,14,16,35.0,1,0,30.0,1,1,1,1,52,14,53,8,63,108,63,85,95,85,10,11,9,111,95,78,4,1,44,76,42,10,27,1,1,30,1,99,128.9,129.8,129.8,103.9,103.6,103.6,25.1,26.3,26.3,0.0,0.0,0.0,0.0,0.0,0.0,0.0,0.0,0.778,0.778,0.145,0.144,97.76,97.55,81.29,97.55,0.157,57,7.0,9.0,13,13,13,78,68,68,25,29,29,111,76,111,37,61,31,1,1,13,13,111,113,97,94,94,33,14,53,47,26,0,0,1,0,0,0.0,0.0,0,0,0,0.0,0,0,0.0,0,0.0,0,0.0,0,0.0,0,0.0,0,0.0,14,58,27,1.2,1.25,0.22,0.241,1,3,11,0.0,0.0,1.091,1.0,2.0,0.333,6.0,0.5,0.0,0.5,9.4,2.0,5.0,0.286,18.0,0.389,4.0,0.5,3.2,3.0,7.0,0.3,24.0,0.417,4.0,0.5,5.1,1.0,0.111,0.0,1.0,0.0,0.0,0.111,0.0,1.0,0.0,0.0,0.0,0.0,,0.556,4.0,5.0,0.8,0.8,0.556,4.0,5.0,0.8,0.0,0.0,0.0,,0.111,1.0,1.0,1.0,1.0,0.111,1.0,1.0,1.0,0.0,0.0,0.0,,0.222,2.0,2.0,1.0,1.0,0.222,2.0,2.0,1.0,0.0,0.0,0.0,,0,0,,0,,,,,0,0.0,12,0.857,0,0.0,0,0.0,0.778,7,9,0.778,0.0,0.0,0.0,0,0,0.0,0.0,0.0,0.0,0.0,0.0,0.0,0.0,0.0,0.0,,,,0.0,0.0,0.0,LAC,7,9,0.778,0.0,0.0,0.0,0.0,0.0,0.0,0,0,0.0,0.0,0.0,0.0,0.0,0.0,0.0,,,,,,,0.0,0.0,0.0,0,0,,,,,7.0,17.0,0.412,0.477,-0.065,0.0,2.0,0.0,0.358,-0.358,7.0,15.0,0.467,0.507,-0.04,7.0,11.0,0.636,0.602,0.035,7.0,13.0,0.538,0.543,-0.005,0.0,4.0,0.0,0.374,-0.374,10.0,8.0,2.0,0.0,0.0,5.0,13.0,0.0,0.0,1.0,0.0,0.0,0.0,0.0,0.0,0.0,0.0,0.0,0.0,0.0,0.0,9342,1.8,0.9,0.9,3.89,3.97,3.81,2017,20170320,False
1627761,DeAndre' Bembry,DeAndre',1610612737,ATL,22.0,1,0,1,0.0,10.05,1,3,0.333,0,2,0.0,0,0,0.0,1,1,2,3,0,1,1,1,0,0,2,7,14.9,0,0,11.0,1,79,79,79,133,107,116,106,63,67,63,85,95,85,36,105,102,35,95,34,13,106,1,115,119,44,87,14,1,102,1,90,90.5,100.0,100.0,72.3,71.4,71.4,18.2,28.6,28.6,0.333,0.0,50.0,0.083,0.0,0.0,0.0,0.0,0.333,0.333,0.107,0.11,107.65,102.69,85.57,102.69,0.207,22,1.0,3.0,121,83,83,5,7,7,40,24,24,14,76,4,12,61,31,1,1,112,125,136,135,32,61,61,17,107,116,10,11,0,0,5,10,4,0.3,0.4,1,0,0,0.0,0,0,0.0,0,0.0,1,1.0,0,0.0,0,0.0,0,0.0,2,14,11,0.6,2.53,1.71,0.143,1,0,1,0.0,0.0,0.0,1.0,0.0,1.0,2.0,0.5,0.0,0.5,11.9,0.0,1.0,0.0,2.0,0.5,0.0,0.5,5.0,1.0,1.0,0.5,4.0,0.5,0.0,0.5,8.4,,,,,,,,,,,,,,,,,,,,,,,,,,,,0.667,1.0,2.0,0.5,0.5,0.333,1.0,1.0,1.0,0.333,0.0,1.0,0.0,0.333,0.0,1.0,0.0,0.0,0.0,0.0,0.0,,0.333,0.0,1.0,0.0,1,1,1.0,2,0.0,0.0,,1.0,0,0.0,0,0.0,0,0.0,0,0.0,0.333,0,0,0.0,0.0,0.0,0.0,1,1,1.0,0.0,1.0,0.0,0.0,0.0,0.0,0.0,1.0,0.0,,,,0.0,1.0,0.0,ATL,0,0,0.0,0.0,0.0,0.0,0.0,0.0,0.0,1,1,1.0,0.0,1.0,0.0,0.0,1.0,0.0,,,,,,,,,,0,1,0.0,1.0,0.0,0.0,0.0,2.0,0.0,0.46,-0.46,0.0,1.0,0.0,0.281,-0.281,0.0,1.0,0.0,0.536,-0.536,,,,,,0.0,1.0,0.0,0.637,-0.637,0.0,1.0,0.0,0.332,-0.332,1.0,1.0,0.0,1.0,0.0,0.0,0.0,0.0,0.0,0.0,0.0,0.0,0.0,0.0,0.0,0.0,0.0,0.0,0.0,0.0,0.0,3508,0.7,0.3,0.3,4.18,4.04,3.22,2017,20170320,False
203471,Dennis Schröder,Dennis,1610612737,ATL,23.0,1,0,1,0.0,30.566666666666666,8,17,0.471,3,7,0.429,1,1,1.0,2,1,3,6,3,0,2,0,2,1,20,-12,35.6,0,0,36.0,1,79,79,79,41,10,10,74,9,12,29,64,83,1,19,105,78,9,13,78,5,1,76,76,14,137,26,14,1,17,1,90,97.7,100.0,100.0,119.0,123.6,123.6,-21.3,-23.6,-23.6,0.4,2.0,23.1,0.071,0.034,0.053,11.5,11.3,0.559,0.573,0.313,0.328,89.89,87.15,72.63,87.15,0.125,56,8.0,17.0,97,83,83,119,132,132,119,122,122,10,19,44,16,58,26,99,99,49,57,10,10,149,152,152,53,10,10,66,77,0,1,14,15,7,0.091,0.106,14,3,6,0.5,0,0,0.0,7,0.5,6,0.429,1,0.071,1,0.071,0,0.0,20,89,37,7.6,5.15,4.47,0.225,0,1,1,0.0,0.0,0.0,1.0,1.0,0.5,3.0,0.667,0.0,0.667,19.8,0.0,1.0,0.0,2.0,0.5,0.0,0.5,12.7,1.0,2.0,0.333,5.0,0.6,0.0,0.6,17.4,1.0,0.118,2.0,2.0,1.0,1.0,0.118,2.0,2.0,1.0,0.0,0.0,0.0,,0.529,3.0,9.0,0.333,0.333,0.412,3.0,7.0,0.429,0.118,0.0,2.0,0.0,0.059,1.0,1.0,1.0,1.5,0.0,0.0,0.0,,0.059,1.0,1.0,1.0,0.294,2.0,5.0,0.4,0.6,0.059,0.0,1.0,0.0,0.235,2.0,4.0,0.5,2,4,0.5,5,1.0,1.0,1.0,0.625,6,0.333,0,0.0,0,0.0,0,0.0,0.559,4,7,0.571,0.0,0.0,0.0,1,3,0.333,0.0,0.0,0.0,0.0,1.0,0.0,3.0,6.0,0.5,,,,0.0,1.0,0.0,ATL,4,7,0.571,0.0,0.0,0.0,0.0,0.0,0.0,1,3,0.333,3.0,5.0,0.6,0.0,2.0,0.0,0.0,0.0,0.0,,,,,,,2,5,2.0,5.0,0.4,0.6,4.0,9.0,0.444,0.457,-0.013,0.0,3.0,0.0,0.399,-0.399,4.0,6.0,0.667,0.502,0.165,2.0,2.0,1.0,0.667,0.333,2.0,2.0,1.0,0.591,0.409,1.0,6.0,0.167,0.333,-0.166,3.0,1.0,2.0,0.0,0.0,0.0,0.0,0.0,0.0,1.0,0.0,0.0,0.0,0.0,0.0,0.0,0.0,0.0,0.0,0.0,0.0,10797,2.0,1.1,0.9,3.93,4.18,3.67,2017,20170320,False
201565,Derrick Rose,Derrick,1610612752,NYK,28.0,1,0,1,0.0,27.566666666666666,6,11,0.545,0,0,0.0,6,6,1.0,1,3,4,5,1,0,0,0,1,4,18,-20,29.3,0,0,27.0,1,79,79,79,53,19,35,42,63,108,63,7,12,1,36,59,51,14,45,78,48,1,44,17,20,151,37,14,1,42,1,97,98.5,98.2,98.2,131.4,131.0,131.0,-32.9,-32.8,-32.8,0.313,5.0,25.0,0.0,0.0,0.0,5.0,5.1,0.545,0.66,0.224,0.219,99.84,100.12,83.43,100.12,0.147,57,6.0,11.0,90,100,100,146,145,145,136,136,136,18,3,31,37,61,31,68,69,53,33,48,52,83,77,77,39,19,35,55,59,0,1,8,11,6,0.091,0.109,12,3,7,0.429,2,2,1.0,8,0.667,3,0.25,0,0.0,1,0.083,1,0.083,18,71,22,5.3,4.47,3.58,0.254,1,1,2,0.0,0.0,1.0,1.0,0.0,1.0,2.0,0.5,0.0,0.5,5.1,0.0,3.0,0.0,5.0,0.6,0.0,0.6,11.3,1.0,3.0,0.25,7.0,0.571,0.0,0.571,9.7,1.0,0.182,2.0,2.0,1.0,1.0,0.182,2.0,2.0,1.0,0.0,0.0,0.0,,0.545,2.0,6.0,0.333,0.333,0.545,2.0,6.0,0.333,0.0,0.0,0.0,,0.273,2.0,3.0,0.667,0.667,0.273,2.0,3.0,0.667,0.0,0.0,0.0,,,,,,,,,,,,,,,0,2,0.0,0,,,,0.0,0,0.0,2,0.0,0,0.0,0,0.0,0.545,5,6,0.833,1.0,4.0,0.25,0,1,0.0,0.0,0.0,0.0,0.0,0.0,0.0,0.0,0.0,0.0,,,,0.0,0.0,0.0,NYK,6,7,0.857,0.0,2.0,0.0,0.0,1.0,0.0,0,0,0.0,0.0,1.0,0.0,0.0,0.0,0.0,,,,,,,0.0,0.0,0.0,0,0,,,,,5.0,9.0,0.556,0.5,0.056,2.0,4.0,0.5,0.402,0.098,3.0,5.0,0.6,0.565,0.035,2.0,2.0,1.0,0.655,0.346,2.0,3.0,0.667,0.633,0.033,3.0,5.0,0.6,0.426,0.174,7.0,3.0,4.0,0.0,0.0,1.0,2.0,0.0,0.0,2.0,0.0,0.0,0.0,0.0,0.0,0.0,0.0,0.0,0.0,0.0,0.0,10958,2.1,1.2,0.9,4.57,4.85,4.25,2017,20170320,False
1627734,Domantas Sabonis,Domantas,1610612760,OKC,21.0,1,0,1,0.0,11.823333333333334,2,4,0.5,0,1,0.0,0,0,0.0,1,3,4,0,1,0,0,0,1,0,4,7,7.8,0,0,8.0,1,79,79,79,122,86,100,46,63,82,63,85,95,85,36,59,51,111,45,78,48,1,44,115,102,44,123,14,1,116,1,100,91.9,95.2,95.2,63.4,65.0,65.0,28.6,30.2,30.2,0.0,0.0,0.0,0.0,0.0,0.0,20.0,20.0,0.5,0.5,0.179,0.18,85.82,83.23,69.35,83.23,0.304,21,2.0,4.0,119,107,107,2,4,4,21,19,19,111,76,111,37,61,31,132,132,59,85,78,81,153,156,156,3,86,100,19,12,0,0,1,0,0,0.0,0.0,0,0,0,0.0,0,0,0.0,0,0.0,0,0.0,0,0.0,0,0.0,0,0.0,4,24,13,0.6,1.44,0.54,0.167,1,3,1,0.0,0.667,0.0,0.0,1.0,0.0,3.0,0.333,1.0,0.5,6.7,1.0,2.0,0.333,3.0,1.0,0.0,1.0,14.5,1.0,3.0,0.25,6.0,0.667,1.0,0.8,12.6,,,,,,,,,,,,,,,0.25,1.0,1.0,1.0,1.0,0.25,1.0,1.0,1.0,0.0,0.0,0.0,,0.5,0.0,2.0,0.0,0.0,0.25,0.0,1.0,0.0,0.25,0.0,1.0,0.0,0.25,1.0,1.0,1.0,1.0,0.25,1.0,1.0,1.0,0.0,0.0,0.0,,0,1,0.0,0,0.0,0.0,,0.0,2,0.5,0,0.0,2,0.5,0,0.0,0.5,0,0,0.0,0.0,0.0,0.0,2,3,0.667,,,,0.0,0.0,0.0,0.0,1.0,0.0,,,,0.0,0.0,0.0,OKC,0,0,0.0,0.0,0.0,0.0,1.0,1.0,1.0,1,2,0.5,0.0,1.0,0.0,0.0,0.0,0.0,,,,,,,,,,1,2,0.0,1.0,0.0,0.5,1.0,3.0,0.333,0.562,-0.229,0.0,1.0,0.0,0.412,-0.412,1.0,2.0,0.5,0.612,-0.112,1.0,1.0,1.0,0.712,0.288,1.0,1.0,1.0,0.683,0.317,0.0,1.0,0.0,0.422,-0.422,1.0,0.0,1.0,1.0,0.0,2.0,5.0,0.0,0.0,0.0,0.0,0.0,0.0,0.0,0.0,0.0,0.0,0.0,0.0,0.0,0.0,4176,0.8,0.4,0.3,4.06,4.05,3.05,2017,20170320,False
203926,Doug McDermott,Doug,1610612760,OKC,25.0,1,0,1,0.0,14.166666666666666,0,2,0.0,0,1,0.0,0,0,0.0,0,0,0,1,1,0,0,0,0,0,0,-3,0.5,0,0,1.0,1,79,79,79,119,133,130,133,63,82,63,85,95,85,83,138,145,80,45,78,48,1,1,115,138,85,153,14,1,149,1,100,98.2,100.0,100.0,113.1,106.9,106.9,-15.0,-6.9,-6.9,0.083,1.0,25.0,0.0,0.0,0.0,25.0,25.0,0.0,0.0,0.086,0.087,94.74,96.56,80.47,96.56,-0.049,28,0.0,2.0,93,83,83,99,79,79,106,89,89,96,43,31,37,61,31,142,142,133,138,143,145,117,99,99,144,133,130,14,14,0,0,2,2,1,0.071,0.071,1,0,0,0.0,0,0,0.0,0,0.0,1,1.0,0,0.0,0,0.0,0,0.0,0,17,16,0.5,1.71,0.76,0.0,0,0,0,0.0,0.0,0.0,,,,,,,,,,,,,,,,,,,,,,,,,,,,,,,,,,,,,,,0.5,0.0,1.0,0.0,0.0,0.5,0.0,1.0,0.0,0.0,0.0,0.0,,0.5,0.0,1.0,0.0,0.0,0.0,0.0,0.0,,0.5,0.0,1.0,0.0,,,,,,,,,,,,,,0,0,,0,0.0,0.0,,,0,0.0,0,0.0,0,0.0,0,0.0,0.0,0,0,0.0,0.0,1.0,0.0,0,0,0.0,,,,0.0,0.0,0.0,0.0,1.0,0.0,0.0,0.0,0.0,0.0,0.0,0.0,OKC,0,0,0.0,0.0,1.0,0.0,0.0,0.0,0.0,0,0,0.0,0.0,0.0,0.0,0.0,1.0,0.0,,,,,,,0.0,0.0,0.0,0,1,0.0,1.0,0.0,0.0,3.0,4.0,0.75,0.531,0.219,,,,,,3.0,4.0,0.75,0.557,0.193,1.0,1.0,1.0,0.793,0.207,2.0,2.0,1.0,0.663,0.338,0.0,1.0,0.0,0.357,-0.357,4.0,4.0,0.0,0.0,0.0,0.0,0.0,0.0,0.0,0.0,0.0,0.0,0.0,0.0,0.0,0.0,0.0,0.0,0.0,0.0,0.0,5512,1.0,0.6,0.5,4.23,5.21,4.14,2017,20170320,False
203110,Draymond Green,Draymond,1610612744,GSW,27.0,1,1,0,1.0,26.21,0,4,0.0,0,1,0.0,2,4,0.5,1,9,10,6,2,1,0,0,3,3,2,17,24.0,0,0,20.0,1,1,1,1,59,133,100,133,63,82,63,47,25,69,36,2,9,9,26,34,48,1,104,30,119,7,56,14,1,63,1,101,117.9,115.5,115.5,88.5,87.7,87.7,29.3,27.8,27.8,0.261,3.0,42.9,0.042,0.0,0.0,14.3,14.5,0.0,0.174,0.125,0.125,103.76,105.3,87.75,105.3,0.077,58,0.0,4.0,37,44,44,29,28,28,20,26,26,25,9,7,24,61,31,110,114,133,132,125,128,60,40,40,91,133,100,52,34,0,0,8,15,6,0.115,0.115,1,0,0,0.0,1,2,0.5,1,1.0,0,0.0,0,0.0,0,0.0,1,1.0,2,61,27,3.0,2.94,1.52,0.033,2,1,2,0.0,0.0,0.5,1.0,0.0,1.0,2.0,0.5,1.0,1.0,5.7,4.0,5.0,0.444,14.0,0.643,1.0,0.692,3.0,5.0,5.0,0.5,16.0,0.625,2.0,0.714,3.3,1.0,0.25,0.0,1.0,0.0,0.0,0.25,0.0,1.0,0.0,0.0,0.0,0.0,,0.5,0.0,2.0,0.0,0.0,0.5,0.0,2.0,0.0,0.0,0.0,0.0,,,,,,,,,,,,,,,0.25,0.0,1.0,0.0,0.0,0.0,0.0,0.0,,0.25,0.0,1.0,0.0,0,1,0.0,0,0.0,0.0,,0.0,0,0.0,1,0.0,0,0.0,0,0.0,0.0,0,1,0.0,0.0,1.0,0.0,0,1,0.0,0.0,0.0,0.0,0.0,0.0,0.0,0.0,1.0,0.0,0.0,0.0,0.0,0.0,0.0,0.0,GSW,0,1,0.0,0.0,1.0,0.0,0.0,0.0,0.0,0,1,0.0,0.0,1.0,0.0,0.0,0.0,0.0,,,,,,,0.0,0.0,0.0,0,2,0.0,1.0,0.0,0.0,5.0,15.0,0.333,0.479,-0.145,1.0,4.0,0.25,0.307,-0.057,4.0,11.0,0.364,0.508,-0.144,3.0,7.0,0.429,0.614,-0.185,4.0,9.0,0.444,0.559,-0.115,1.0,5.0,0.2,0.367,-0.167,11.0,7.0,4.0,2.0,0.0,0.0,0.0,0.0,0.0,1.0,0.0,0.0,0.0,0.0,0.0,0.0,0.0,0.0,0.0,0.0,0.0,8401,1.6,0.9,0.7,3.67,4.27,3.1,2017,20170320,False
2730,Dwight Howard,Dwight,1610612737,ATL,31.0,1,0,1,0.0,32.516666666666666,6,9,0.667,0,0,0.0,1,2,0.5,3,7,10,3,2,1,1,0,4,5,13,-22,33.5,1,0,30.0,1,79,79,79,29,19,53,12,63,108,63,64,53,69,10,11,9,35,26,34,13,1,128,9,50,153,29,1,1,30,1,90,82.7,85.5,85.5,115.9,119.0,119.0,-33.2,-33.6,-33.6,0.188,1.5,20.0,0.091,0.259,0.167,13.3,13.4,0.667,0.658,0.167,0.167,95.07,92.26,76.88,92.26,0.134,62,6.0,9.0,135,132,132,108,117,117,137,138,138,46,38,58,8,5,1,106,109,28,34,91,94,113,128,128,48,19,53,39,22,1,0,5,6,4,0.077,0.103,0,0,0,0.0,0,0,0.0,0,0.0,0,0.0,0,0.0,0,0.0,0,0.0,13,51,24,1.4,1.6,0.39,0.255,1,4,14,0.0,0.75,0.857,1.0,2.0,0.333,11.0,0.273,0.0,0.273,3.9,2.0,5.0,0.286,13.0,0.538,0.0,0.538,3.0,3.0,7.0,0.3,24.0,0.417,0.0,0.417,3.2,1.0,0.111,1.0,1.0,1.0,1.0,0.111,1.0,1.0,1.0,0.0,0.0,0.0,,0.778,4.0,7.0,0.571,0.571,0.778,4.0,7.0,0.571,0.0,0.0,0.0,,0.111,1.0,1.0,1.0,1.0,0.111,1.0,1.0,1.0,0.0,0.0,0.0,,,,,,,,,,,,,,,0,0,,0,,,,,0,0.0,12,0.75,3,0.5,0,0.0,0.667,6,8,0.75,0.0,1.0,0.0,0,0,0.0,0.0,0.0,0.0,0.0,0.0,0.0,0.0,0.0,0.0,,,,0.0,0.0,0.0,ATL,6,8,0.75,0.0,1.0,0.0,0.0,0.0,0.0,0,0,0.0,0.0,0.0,0.0,0.0,0.0,0.0,,,,,,,,,,0,0,,,,,7.0,11.0,0.636,0.454,0.182,3.0,5.0,0.6,0.332,0.268,4.0,6.0,0.667,0.523,0.143,2.0,2.0,1.0,0.68,0.321,4.0,6.0,0.667,0.588,0.079,3.0,5.0,0.6,0.327,0.273,9.0,4.0,5.0,1.0,0.0,2.0,4.0,0.0,0.0,1.0,0.0,0.0,0.0,0.0,0.0,0.0,0.0,0.0,0.0,0.0,0.0,10997,2.1,1.1,1.0,3.88,3.96,3.8,2017,20170320,False
203901,Elfrid Payton,Elfrid,1610612753,ORL,23.0,1,1,0,1.0,30.666666666666668,5,9,0.556,0,0,0.0,0,0,0.0,5,8,13,4,4,2,1,1,5,1,10,14,36.6,1,0,33.0,1,1,1,1,40,38,53,37,63,108,63,85,95,85,2,5,3,22,8,9,13,106,145,76,64,19,22,1,1,26,1,114,110.9,113.0,113.0,92.1,94.1,94.1,18.8,18.9,18.9,0.2,1.0,23.5,0.0,0.205,0.0,23.5,23.5,0.556,0.556,0.16,0.164,109.41,107.22,89.35,107.22,0.12,69,5.0,9.0,51,53,53,37,41,41,37,38,38,37,43,43,37,10,31,140,141,50,66,96,97,19,24,24,57,38,53,56,51,2,2,16,12,8,0.071,0.143,13,2,4,0.5,0,0,0.0,4,0.308,8,0.615,0,0.0,1,0.077,0,0.0,10,71,16,6.6,5.57,5.18,0.141,3,1,6,0.0,2.0,0.667,2.0,3.0,0.4,8.0,0.625,0.0,0.625,8.0,1.0,7.0,0.125,13.0,0.615,2.0,0.727,11.1,3.0,10.0,0.231,21.0,0.619,2.0,0.684,9.9,1.0,0.778,3.0,7.0,0.429,0.429,0.778,3.0,7.0,0.429,0.0,0.0,0.0,,0.111,1.0,1.0,1.0,1.0,0.111,1.0,1.0,1.0,0.0,0.0,0.0,,0.111,1.0,1.0,1.0,1.0,0.111,1.0,1.0,1.0,0.0,0.0,0.0,,,,,,,,,,,,,,,1,1,1.0,2,,,,1.0,0,0.0,4,0.5,2,1.0,0,0.0,0.556,4,7,0.571,1.0,2.0,0.5,0,0,0.0,0.0,0.0,0.0,0.0,0.0,0.0,0.0,0.0,0.0,0.0,0.0,0.0,0.0,0.0,0.0,ORL,5,8,0.625,0.0,1.0,0.0,0.0,0.0,0.0,0,0,0.0,0.0,0.0,0.0,0.0,0.0,0.0,0.0,0.0,0.0,0.0,0.0,0.0,0.0,0.0,0.0,0,0,,,,,5.0,13.0,0.385,0.449,-0.064,0.0,2.0,0.0,0.284,-0.284,5.0,11.0,0.455,0.49,-0.035,3.0,3.0,1.0,0.577,0.423,4.0,7.0,0.571,0.541,0.031,0.0,4.0,0.0,0.331,-0.331,6.0,5.0,1.0,2.0,0.0,2.0,4.0,0.0,0.0,3.0,0.0,0.0,0.0,0.0,0.0,0.0,0.0,0.0,0.0,0.0,0.0,12527,2.4,1.1,1.3,4.7,4.79,4.64,2017,20170320,False
1626144,Emmanuel Mudiay,Emmanuel,1610612743,DEN,21.0,1,0,1,0.0,9.966666666666667,2,4,0.5,2,3,0.667,2,2,1.0,0,1,1,0,1,0,0,0,2,1,8,5,8.2,0,0,11.0,1,79,79,79,135,86,100,46,25,50,11,47,53,1,83,105,121,111,45,78,48,1,76,76,78,50,120,14,1,102,1,106,103.8,113.6,113.6,96.3,90.9,90.9,7.5,22.7,22.7,0.0,0.0,0.0,0.0,0.0,0.0,16.7,17.0,0.75,0.82,0.25,0.244,107.98,105.95,88.29,105.95,0.094,22,2.0,4.0,73,50,50,50,32,32,54,33,33,111,76,111,37,61,31,117,123,17,9,31,33,30,37,37,79,86,100,12,16,0,1,1,0,1,0.0,0.083,1,0,0,0.0,2,2,1.0,2,2.0,0,0.0,0,0.0,0,0.0,1,1.0,8,19,10,0.9,2.87,2.47,0.421,0,0,0,0.0,0.0,0.0,0.0,0.0,0.0,0.0,0.0,0.0,0.0,0.0,1.0,0.0,1.0,1.0,1.0,0.0,1.0,8.3,1.0,0.0,1.0,1.0,1.0,0.0,1.0,8.3,,,,,,,,,,,,,,,0.25,0.0,1.0,0.0,0.0,0.25,0.0,1.0,0.0,0.0,0.0,0.0,,0.25,1.0,1.0,1.0,1.5,0.0,0.0,0.0,,0.25,1.0,1.0,1.0,0.5,1.0,2.0,0.5,0.75,0.0,0.0,0.0,,0.5,1.0,2.0,0.5,0,1,0.0,0,0.0,0.0,,0.0,6,0.667,0,0.0,0,0.0,0,0.0,0.75,0,0,0.0,0.0,0.0,0.0,0,1,0.0,0.0,0.0,0.0,,,,2.0,3.0,0.667,0.0,0.0,0.0,0.0,0.0,0.0,DEN,0,0,0.0,0.0,0.0,0.0,0.0,0.0,0.0,0,1,0.0,0.0,0.0,0.0,2.0,3.0,0.667,0.0,0.0,0.0,,,,0.0,0.0,0.0,2,3,2.0,3.0,0.667,1.0,2.0,4.0,0.5,0.425,0.075,1.0,2.0,0.5,0.38,0.121,1.0,2.0,0.5,0.523,-0.023,1.0,1.0,1.0,0.638,0.362,1.0,1.0,1.0,0.587,0.413,1.0,3.0,0.333,0.372,-0.039,3.0,1.0,2.0,0.0,0.0,0.0,0.0,0.0,0.0,1.0,0.0,0.0,0.0,0.0,0.0,0.0,0.0,0.0,0.0,0.0,0.0,4027,0.8,0.4,0.4,4.81,4.99,4.65,2017,20170320,False
202683,Enes Freedom,Enes,1610612760,OKC,25.0,1,0,1,0.0,25.16,6,16,0.375,0,1,0.0,3,4,0.75,6,4,10,0,0,0,0,3,1,5,15,-14,27.0,1,0,25.0,1,79,79,79,62,19,14,101,63,82,63,30,25,56,1,36,9,111,95,78,48,152,44,9,37,142,46,1,1,49,1,100,93.9,90.4,90.4,120.8,119.6,119.6,-26.9,-29.2,-29.2,0.0,0.0,0.0,0.176,0.0,0.0,0.0,0.0,0.375,0.422,0.29,0.301,95.89,98.25,81.88,98.25,0.122,52,6.0,16.0,110,127,127,128,120,120,125,131,131,111,76,111,1,61,31,1,1,108,113,18,16,107,88,88,55,19,14,22,24,0,0,5,0,0,0.0,0.0,1,0,1,0.0,0,0,0.0,0,0.0,0,0.0,0,0.0,0,0.0,0,0.0,15,43,30,1.3,1.88,0.42,0.349,3,12,10,0.667,0.417,0.6,4.0,2.0,0.667,10.0,0.6,0.0,0.6,5.7,1.0,3.0,0.25,7.0,0.571,1.0,0.667,1.9,5.0,5.0,0.5,17.0,0.588,1.0,0.625,4.2,1.0,0.25,2.0,4.0,0.5,0.5,0.25,2.0,4.0,0.5,0.0,0.0,0.0,,0.5,4.0,8.0,0.5,0.5,0.5,4.0,8.0,0.5,0.0,0.0,0.0,,0.125,0.0,2.0,0.0,0.0,0.063,0.0,1.0,0.0,0.063,0.0,1.0,0.0,0.125,0.0,2.0,0.0,0.0,0.125,0.0,2.0,0.0,0.0,0.0,0.0,,0,0,,0,0.0,0.0,,,0,0.0,6,0.375,5,0.667,2,0.0,0.375,5,8,0.625,1.0,4.0,0.25,0,3,0.0,0.0,0.0,0.0,0.0,1.0,0.0,0.0,0.0,0.0,0.0,0.0,0.0,0.0,1.0,0.0,OKC,6,9,0.667,0.0,3.0,0.0,0.0,1.0,0.0,0,2,0.0,0.0,1.0,0.0,0.0,0.0,0.0,,,,,,,0.0,0.0,0.0,0,4,0.0,1.0,0.0,0.0,6.0,11.0,0.545,0.535,0.011,1.0,1.0,1.0,0.412,0.588,5.0,10.0,0.5,0.553,-0.053,4.0,6.0,0.667,0.634,0.033,4.0,7.0,0.571,0.612,-0.041,2.0,3.0,0.667,0.42,0.246,9.0,8.0,1.0,2.0,0.0,2.0,4.0,0.0,0.0,0.0,0.0,0.0,0.0,0.0,0.0,0.0,0.0,0.0,0.0,0.0,0.0,9332,1.8,1.0,0.8,4.3,4.56,4.0,2017,20170320,False
201569,Eric Gordon,Eric,1610612745,HOU,28.0,1,1,0,1.0,32.28333333333333,5,9,0.556,4,7,0.571,4,4,1.0,0,1,1,3,3,0,1,0,2,2,18,-3,23.7,0,0,28.0,1,1,1,1,31,38,53,37,3,12,16,18,25,1,83,105,121,35,13,78,13,1,76,49,20,85,57,14,1,37,1,106,124.3,120.5,120.5,120.9,126.4,126.4,3.3,-5.8,-5.8,0.12,1.0,17.6,0.0,0.0,0.0,17.6,17.9,0.778,0.836,0.182,0.186,108.57,107.8,89.83,107.8,0.082,73,5.0,9.0,18,32,32,129,138,138,62,87,87,72,43,70,37,61,31,126,128,13,7,71,76,24,21,21,88,38,53,24,31,0,0,8,7,3,0.125,0.125,9,0,0,0.0,4,4,1.0,4,0.444,4,0.444,2,0.222,1,0.111,2,0.222,18,37,26,1.8,2.86,2.0,0.486,0,0,1,0.0,0.0,0.0,0.0,0.0,0.0,1.0,0.0,0.0,0.0,0.0,0.0,1.0,0.0,3.0,0.333,0.0,0.333,12.1,0.0,1.0,0.0,4.0,0.25,0.0,0.25,12.1,,,,,,,,,,,,,,,0.222,1.0,2.0,0.5,0.5,0.111,1.0,1.0,1.0,0.111,0.0,1.0,0.0,0.333,1.0,3.0,0.333,0.5,0.111,0.0,1.0,0.0,0.222,1.0,2.0,0.5,0.444,3.0,4.0,0.75,1.125,0.0,0.0,0.0,,0.444,3.0,4.0,0.75,1,2,0.5,3,1.0,1.0,1.0,0.75,9,0.5,0,0.0,0,0.0,0,0.0,0.778,1,1,1.0,0.0,0.0,0.0,0,1,0.0,1.0,1.0,1.0,0.0,0.0,0.0,3.0,6.0,0.5,0.0,0.0,0.0,1.0,1.0,1.0,HOU,1,1,1.0,0.0,0.0,0.0,0.0,0.0,0.0,0,0,0.0,3.0,4.0,0.75,1.0,4.0,0.25,0.0,0.0,0.0,0.0,0.0,0.0,0.0,0.0,0.0,3,6,3.0,6.0,0.5,0.75,3.0,7.0,0.429,0.499,-0.07,1.0,1.0,1.0,0.417,0.583,2.0,6.0,0.333,0.546,-0.213,1.0,4.0,0.25,0.64,-0.39,1.0,4.0,0.25,0.612,-0.362,1.0,2.0,0.5,0.41,0.09,5.0,4.0,1.0,2.0,0.0,0.0,0.0,0.0,0.0,2.0,0.0,0.0,0.0,0.0,0.0,0.0,0.0,0.0,0.0,0.0,0.0,11225,2.1,1.1,1.0,3.9,4.13,3.68,2017,20170320,False
101141,Ersan Ilyasova,Ersan,1610612737,ATL,30.0,1,0,1,0.0,27.95,5,11,0.455,3,9,0.333,0,0,0.0,1,5,6,2,2,0,0,0,1,1,13,6,21.2,0,0,24.0,1,79,79,79,51,38,35,77,9,5,37,85,95,85,36,26,28,51,26,78,48,1,44,76,50,47,64,14,1,50,1,90,114.4,119.6,119.6,103.2,105.8,105.8,11.2,13.8,13.8,0.1,1.0,13.3,0.0,0.179,0.0,13.3,13.3,0.591,0.591,0.213,0.216,91.53,88.44,73.7,88.44,0.098,51,5.0,11.0,46,37,37,76,76,76,51,47,47,84,43,82,37,14,31,106,106,40,51,55,58,141,148,148,75,38,35,36,34,0,1,3,4,3,0.056,0.083,2,0,0,0.0,0,0,0.0,0,0.0,1,0.5,0,0.0,1,0.5,0,0.0,13,52,35,1.2,1.36,0.4,0.25,7,1,3,0.286,0.0,0.667,1.0,0.0,1.0,1.0,1.0,0.0,1.0,5.1,0.0,5.0,0.0,8.0,0.625,0.0,0.625,8.7,1.0,5.0,0.167,9.0,0.667,0.0,0.667,8.1,,,,,,,,,,,,,,,0.091,1.0,1.0,1.0,1.0,0.091,1.0,1.0,1.0,0.0,0.0,0.0,,0.545,2.0,6.0,0.333,0.417,0.091,1.0,1.0,1.0,0.455,1.0,5.0,0.2,0.364,2.0,4.0,0.5,0.75,0.0,0.0,0.0,,0.364,2.0,4.0,0.5,0,0,,0,0.0,0.0,,,11,0.4,2,1.0,0,0.0,2,0.5,0.591,1,1,1.0,0.0,0.0,0.0,1,1,1.0,0.0,0.0,0.0,0.0,2.0,0.0,3.0,7.0,0.429,,,,0.0,2.0,0.0,ATL,1,1,1.0,0.0,0.0,0.0,0.0,0.0,0.0,1,1,1.0,3.0,9.0,0.333,0.0,0.0,0.0,0.0,0.0,0.0,,,,,,,4,10,3.0,9.0,0.333,0.55,2.0,8.0,0.25,0.428,-0.178,0.0,3.0,0.0,0.366,-0.366,2.0,5.0,0.4,0.474,-0.074,1.0,2.0,0.5,0.681,-0.181,1.0,2.0,0.5,0.589,-0.089,1.0,4.0,0.25,0.363,-0.113,7.0,4.0,3.0,1.0,0.0,1.0,2.0,0.0,0.0,1.0,0.0,0.0,0.0,0.0,0.0,0.0,0.0,0.0,0.0,0.0,0.0,10362,2.0,1.1,0.9,4.3,4.86,3.76,2017,20170320,False
203095,Evan Fournier,Evan,1610612753,ORL,24.0,1,1,0,1.0,36.81666666666667,6,13,0.462,1,5,0.2,6,10,0.6,1,3,4,3,4,2,0,1,2,6,19,6,30.3,0,0,31.0,1,1,1,1,12,19,29,76,36,26,56,7,4,67,36,59,51,35,8,9,48,106,76,3,17,47,32,14,1,28,1,114,103.6,104.8,104.8,98.2,101.2,101.2,5.4,3.5,3.5,0.13,0.75,12.5,0.0,0.073,0.0,16.7,16.4,0.5,0.546,0.21,0.221,109.8,107.56,89.63,107.56,0.075,84,6.0,13.0,74,73,73,54,61,61,59,62,62,64,62,86,37,50,31,117,119,59,70,59,49,15,23,23,93,19,29,27,34,2,0,10,8,5,0.111,0.185,13,3,5,0.6,2,4,0.5,9,0.692,4,0.308,1,0.077,1,0.077,2,0.154,19,48,38,2.5,3.14,2.56,0.396,0,0,0,0.0,0.0,0.0,0.0,1.0,0.0,3.0,0.333,0.0,0.333,22.6,2.0,1.0,0.667,7.0,0.429,0.0,0.429,9.0,2.0,2.0,0.5,10.0,0.4,0.0,0.4,12.4,1.0,0.154,1.0,2.0,0.5,0.5,0.154,1.0,2.0,0.5,0.0,0.0,0.0,,0.308,2.0,4.0,0.5,0.5,0.231,2.0,3.0,0.667,0.077,0.0,1.0,0.0,0.154,0.0,2.0,0.0,0.0,0.077,0.0,1.0,0.0,0.077,0.0,1.0,0.0,0.385,3.0,5.0,0.6,0.7,0.154,2.0,2.0,1.0,0.231,1.0,3.0,0.333,3,4,0.75,6,0.0,0.0,,0.75,3,0.2,0,0.0,0,0.0,0,0.0,0.5,2,4,0.5,1.0,1.0,1.0,2,3,0.667,1.0,2.0,0.5,0.0,0.0,0.0,0.0,3.0,0.0,0.0,0.0,0.0,1.0,2.0,0.5,ORL,2,4,0.5,1.0,1.0,1.0,0.0,0.0,0.0,1,2,0.5,2.0,5.0,0.4,0.0,1.0,0.0,,,,0.0,0.0,0.0,0.0,0.0,0.0,1,5,1.0,5.0,0.2,0.3,2.0,8.0,0.25,0.42,-0.17,2.0,5.0,0.4,0.343,0.057,0.0,3.0,0.0,0.491,-0.491,0.0,2.0,0.0,0.582,-0.582,0.0,3.0,0.0,0.527,-0.527,2.0,5.0,0.4,0.337,0.063,6.0,2.0,4.0,3.0,0.0,1.0,2.0,0.0,0.0,3.0,0.0,0.0,0.0,0.0,0.0,0.0,0.0,0.0,0.0,0.0,0.0,14280,2.7,1.4,1.3,4.4,4.65,4.16,2017,20170320,False
1626163,Frank Kaminsky,Frank,1610612766,CHA,24.0,1,1,0,1.0,36.18333333333333,5,11,0.455,3,6,0.5,1,1,1.0,0,3,3,5,2,0,2,0,2,3,14,22,29.1,0,0,29.0,1,1,1,1,16,38,35,77,9,18,17,64,83,1,83,59,78,14,26,78,5,1,76,30,42,2,39,14,1,33,1,90,122.4,123.5,123.5,87.9,92.5,92.5,34.5,31.0,31.0,0.192,2.5,27.8,0.0,0.073,0.042,11.1,10.8,0.591,0.612,0.178,0.183,92.28,89.54,74.62,89.54,0.101,68,5.0,11.0,23,22,22,28,34,34,15,18,18,42,18,28,37,50,28,95,95,40,45,79,78,137,146,146,73,38,35,44,48,2,1,9,20,9,0.114,0.205,6,1,2,0.5,0,0,0.0,2,0.333,3,0.5,1,0.167,0,0.0,0,0.0,14,57,44,1.7,1.8,0.75,0.246,4,4,0,0.75,0.0,0.0,0.0,0.0,0.0,0.0,0.0,0.0,0.0,0.0,2.0,1.0,0.667,10.0,0.3,1.0,0.333,2.7,2.0,1.0,0.667,10.0,0.3,1.0,0.333,2.7,1.0,0.182,0.0,2.0,0.0,0.0,0.182,0.0,2.0,0.0,0.0,0.0,0.0,,0.273,2.0,3.0,0.667,0.667,0.273,2.0,3.0,0.667,0.0,0.0,0.0,,,,,,,,,,,,,,,0.545,3.0,6.0,0.5,0.75,0.0,0.0,0.0,,0.545,3.0,6.0,0.5,0,1,0.0,0,0.0,0.0,,0.0,9,0.5,0,0.0,0,0.0,3,1.0,0.591,1,1,1.0,1.0,3.0,0.333,0,1,0.0,0.0,0.0,0.0,0.0,0.0,0.0,3.0,6.0,0.5,,,,0.0,0.0,0.0,CHA,1,1,1.0,1.0,3.0,0.333,0.0,1.0,0.0,0,0,0.0,0.0,0.0,0.0,3.0,6.0,0.5,0.0,0.0,0.0,,,,,,,3,6,3.0,6.0,0.5,0.75,9.0,20.0,0.45,0.47,-0.02,3.0,5.0,0.6,0.359,0.241,6.0,15.0,0.4,0.515,-0.115,3.0,9.0,0.333,0.628,-0.294,3.0,10.0,0.3,0.569,-0.269,6.0,10.0,0.6,0.349,0.251,17.0,12.0,5.0,1.0,0.0,1.0,2.0,0.0,0.0,0.0,0.0,0.0,0.0,0.0,0.0,0.0,0.0,0.0,0.0,0.0,0.0,12302,2.3,1.3,1.0,3.82,4.37,3.28,2017,20170320,False
203914,Gary Harris,Gary,1610612743,DEN,22.0,1,0,1,0.0,39.31666666666667,10,16,0.625,3,6,0.5,5,6,0.833,1,1,2,4,3,3,0,0,2,4,28,-4,42.4,0,0,43.0,1,79,79,79,6,6,14,21,9,18,17,12,12,47,36,105,102,22,13,3,48,1,76,17,5,91,12,14,1,11,1,106,116.4,120.7,120.7,124.8,123.9,123.9,-8.4,-3.2,-3.2,0.143,1.33,16.0,0.029,0.0,0.0,12.0,11.7,0.719,0.751,0.216,0.22,108.41,106.82,89.02,106.82,0.121,87,10.0,16.0,41,30,30,136,133,133,93,79,79,57,40,78,30,61,31,100,101,22,16,51,50,26,27,27,56,6,14,33,50,0,0,8,10,4,0.121,0.121,12,3,5,0.6,2,2,1.0,8,0.667,3,0.25,2,0.167,1,0.083,1,0.083,28,57,47,2.3,2.38,1.77,0.491,1,0,2,0.0,0.0,1.0,0.0,1.0,0.0,4.0,0.25,0.0,0.25,8.6,0.0,1.0,0.0,2.0,0.5,0.0,0.5,5.1,0.0,2.0,0.0,6.0,0.333,0.0,0.333,6.8,1.0,0.188,3.0,3.0,1.0,1.0,0.188,3.0,3.0,1.0,0.0,0.0,0.0,,0.438,5.0,7.0,0.714,0.786,0.375,4.0,6.0,0.667,0.063,1.0,1.0,1.0,0.25,1.0,4.0,0.25,0.375,0.063,0.0,1.0,0.0,0.188,1.0,3.0,0.333,0.125,1.0,2.0,0.5,0.75,0.0,0.0,0.0,,0.125,1.0,2.0,0.5,1,4,0.25,2,0.0,2.0,0.0,0.25,9,0.75,2,1.0,0,0.0,0,0.0,0.719,6,8,0.75,0.0,0.0,0.0,1,2,0.5,1.0,1.0,1.0,0.0,1.0,0.0,2.0,4.0,0.5,0.0,0.0,0.0,1.0,2.0,0.5,DEN,6,8,0.75,0.0,0.0,0.0,0.0,0.0,0.0,1,2,0.5,1.0,2.0,0.5,1.0,3.0,0.333,1.0,1.0,1.0,0.0,0.0,0.0,0.0,0.0,0.0,3,4,3.0,4.0,0.75,1.125,5.0,10.0,0.5,0.432,0.068,3.0,5.0,0.6,0.358,0.242,2.0,5.0,0.4,0.534,-0.134,1.0,1.0,1.0,0.643,0.357,1.0,2.0,0.5,0.573,-0.073,3.0,5.0,0.6,0.361,0.239,8.0,3.0,5.0,3.0,0.0,0.0,0.0,0.0,0.0,0.0,0.0,0.0,0.0,0.0,0.0,0.0,0.0,0.0,0.0,0.0,0.0,14260,2.7,1.5,1.2,4.13,4.51,3.72,2017,20170320,False
201588,George Hill,George,1610612762,UTA,31.0,1,0,1,0.0,37.75,7,17,0.412,0,6,0.0,2,2,1.0,2,4,6,6,2,0,0,2,1,2,16,-1,30.2,0,0,28.0,1,79,79,79,9,14,10,92,63,18,63,47,53,1,19,36,28,9,26,78,48,145,44,49,27,79,33,14,1,37,1,91,109.3,111.3,111.3,109.2,111.1,111.1,0.1,0.2,0.2,0.231,3.0,24.0,0.051,0.0,0.0,8.0,7.7,0.412,0.447,0.229,0.239,92.54,90.91,75.76,90.91,0.09,71,7.0,17.0,55,59,59,91,91,91,73,69,69,31,9,42,19,61,31,84,81,103,107,45,36,135,139,139,80,14,10,59,72,1,1,12,17,8,0.102,0.136,10,3,5,0.6,0,0,0.0,7,0.7,2,0.2,2,0.2,1,0.1,0,0.0,16,81,29,7.6,5.6,5.23,0.198,1,2,1,0.0,0.0,0.0,0.0,2.0,0.0,7.0,0.286,0.0,0.286,20.9,1.0,3.0,0.25,5.0,0.8,0.0,0.8,5.3,1.0,5.0,0.167,12.0,0.5,0.0,0.5,10.5,1.0,0.235,2.0,4.0,0.5,0.5,0.235,2.0,4.0,0.5,0.0,0.0,0.0,,0.412,5.0,7.0,0.714,0.714,0.294,5.0,5.0,1.0,0.118,0.0,2.0,0.0,0.294,0.0,5.0,0.0,0.0,0.118,0.0,2.0,0.0,0.176,0.0,3.0,0.0,0.059,0.0,1.0,0.0,0.0,0.0,0.0,0.0,,0.059,0.0,1.0,0.0,1,7,0.143,2,0.0,4.0,0.0,0.143,0,0.0,0,0.0,0,0.0,0,0.0,0.412,3,5,0.6,2.0,2.0,1.0,2,4,0.5,0.0,1.0,0.0,0.0,0.0,0.0,0.0,5.0,0.0,0.0,0.0,0.0,0.0,1.0,0.0,UTA,4,6,0.667,1.0,1.0,1.0,2.0,2.0,1.0,0,1,0.0,0.0,2.0,0.0,0.0,4.0,0.0,0.0,1.0,0.0,,,,0.0,0.0,0.0,0,0,0.0,0.0,,,7.0,12.0,0.583,0.467,0.117,3.0,4.0,0.75,0.371,0.379,4.0,8.0,0.5,0.511,-0.011,3.0,4.0,0.75,0.614,0.136,3.0,5.0,0.6,0.542,0.058,4.0,6.0,0.667,0.404,0.263,7.0,4.0,3.0,2.0,0.0,0.0,0.0,0.0,0.0,1.0,0.0,0.0,0.0,0.0,0.0,0.0,0.0,0.0,0.0,0.0,0.0,13011,2.5,1.3,1.1,3.98,4.36,3.33,2017,20170320,False
203922,Glenn Robinson III,Glenn,1610612754,IND,23.0,1,1,0,1.0,11.813333333333333,1,4,0.25,1,2,0.5,1,1,1.0,0,3,3,0,0,0,1,0,0,1,4,-3,10.6,0,0,10.0,1,1,1,1,123,107,100,122,36,67,17,64,83,1,83,59,78,111,95,78,13,1,1,76,102,85,112,14,1,108,1,91,92.1,91.7,91.7,107.2,108.7,108.7,-15.1,-17.0,-17.0,0.0,0.0,0.0,0.0,0.0,0.0,0.0,0.0,0.375,0.45,0.154,0.178,95.89,95.49,79.57,95.49,0.102,24,1.0,4.0,117,122,122,84,85,85,107,108,108,111,76,111,37,61,31,1,1,108,106,105,82,106,105,105,71,107,100,9,10,0,0,0,0,0,0.0,0.0,1,0,0,0.0,0,0,0.0,0,0.0,0,0.0,0,0.0,0,0.0,0,0.0,4,14,8,0.4,1.56,0.79,0.286,1,0,2,0.0,0.0,0.0,0.0,0.0,0.0,0.0,0.0,0.0,0.0,0.0,1.0,2.0,0.333,4.0,0.75,1.0,1.0,6.0,1.0,2.0,0.333,4.0,0.75,1.0,1.0,6.0,,,,,,,,,,,,,,,1.0,1.0,4.0,0.25,0.375,0.5,0.0,2.0,0.0,0.5,1.0,2.0,0.5,,,,,,,,,,,,,,,,,,,,,,,,,,,1,2,0.5,3,1.0,2.0,0.5,0.75,0,0.0,0,0.0,0,0.0,0,0.0,0.375,0,0,0.0,0.0,2.0,0.0,0,0,0.0,0.0,0.0,0.0,,,,1.0,2.0,0.5,,,,0.0,0.0,0.0,IND,0,0,0.0,0.0,1.0,0.0,0.0,1.0,0.0,0,0,0.0,0.0,0.0,0.0,0.0,0.0,0.0,1.0,2.0,0.5,,,,,,,0,1,0.0,0.0,,0.0,3.0,4.0,0.75,0.469,0.281,0.0,1.0,0.0,0.356,-0.356,3.0,3.0,1.0,0.519,0.481,2.0,2.0,1.0,0.593,0.407,2.0,2.0,1.0,0.557,0.443,1.0,2.0,0.5,0.377,0.123,3.0,2.0,1.0,0.0,0.0,0.0,0.0,0.0,0.0,0.0,0.0,0.0,0.0,0.0,0.0,0.0,0.0,0.0,0.0,0.0,0.0,4489,0.9,0.4,0.4,4.59,3.89,4.3,2017,20170320,False
202330,Gordon Hayward,Gordon,1610612762,UTA,27.0,1,0,1,0.0,36.71666666666667,16,24,0.667,3,6,0.5,3,4,0.75,0,3,3,2,3,2,1,1,2,3,38,-10,50.6,0,0,52.0,1,79,79,79,13,1,2,12,9,18,17,30,25,56,83,59,78,51,13,9,13,106,76,30,2,130,5,14,1,4,1,91,107.4,111.4,111.4,120.2,123.9,123.9,-12.7,-12.5,-12.5,0.133,0.67,6.5,0.0,0.0,0.0,9.7,9.8,0.729,0.738,0.358,0.352,95.33,92.17,76.8,92.17,0.2,70,16.0,24.0,62,58,58,125,134,134,103,104,104,60,63,107,37,61,31,87,89,21,18,6,6,111,129,129,19,1,2,32,52,1,2,6,4,5,0.063,0.156,9,3,7,0.429,0,0,0.0,6,0.667,2,0.222,0,0.0,0,0.0,0,0.0,38,60,52,2.8,2.83,2.0,0.633,0,3,5,0.0,1.333,2.0,0.0,0.0,0.0,5.0,0.0,0.0,0.0,0.0,0.0,3.0,0.0,5.0,0.6,0.0,0.6,4.6,0.0,3.0,0.0,10.0,0.3,0.0,0.3,4.6,1.0,0.042,1.0,1.0,1.0,1.0,0.042,1.0,1.0,1.0,0.0,0.0,0.0,,0.458,6.0,11.0,0.545,0.545,0.458,6.0,11.0,0.545,0.0,0.0,0.0,,0.375,8.0,9.0,0.889,1.0,0.25,6.0,6.0,1.0,0.125,2.0,3.0,0.667,0.125,1.0,3.0,0.333,0.5,0.0,0.0,0.0,,0.125,1.0,3.0,0.333,2,5,0.4,4,0.0,1.0,0.0,0.4,11,0.667,10,1.0,4,1.0,0,0.0,0.729,10,12,0.833,0.0,1.0,0.0,3,5,0.6,1.0,1.0,1.0,0.0,0.0,0.0,2.0,5.0,0.4,0.0,0.0,0.0,1.0,1.0,1.0,UTA,10,13,0.769,0.0,0.0,0.0,0.0,1.0,0.0,2,3,0.667,2.0,2.0,1.0,2.0,5.0,0.4,0.0,0.0,0.0,,,,0.0,0.0,0.0,4,6,3.0,5.0,0.6,0.917,5.0,13.0,0.385,0.457,-0.072,3.0,5.0,0.6,0.395,0.205,2.0,8.0,0.25,0.494,-0.244,,,,,,0.0,1.0,0.0,0.556,-0.556,5.0,11.0,0.455,0.422,0.033,8.0,5.0,3.0,3.0,0.0,0.0,0.0,0.0,0.0,2.0,0.0,0.0,0.0,0.0,0.0,0.0,0.0,0.0,0.0,0.0,0.0,13390,2.5,1.4,1.2,4.09,4.7,3.83,2017,20170320,False
203546,Ian Clark,Ian,1610612744,GSW,26.0,1,1,0,1.0,18.266666666666666,2,4,0.5,0,1,0.0,1,2,0.5,0,0,0,1,0,0,0,0,0,1,5,0,6.5,0,0,6.0,1,1,1,1,98,86,100,46,63,82,63,64,53,69,83,138,145,80,95,78,48,1,1,76,95,73,129,14,1,127,1,101,102.0,94.7,94.7,99.2,100.0,100.0,2.8,-5.3,-5.3,0.091,0.0,16.7,0.0,0.0,0.0,0.0,0.0,0.5,0.512,0.128,0.135,94.02,97.23,81.02,97.23,0.063,38,2.0,4.0,76,111,111,61,53,53,65,85,85,91,76,71,37,61,31,1,1,59,80,123,119,122,96,96,104,86,100,29,29,0,0,1,2,1,0.034,0.034,1,0,1,0.0,0,0,0.0,0,0.0,0,0.0,0,0.0,0,0.0,0,0.0,5,34,22,2.0,3.56,2.88,0.147,0,0,2,0.0,0.0,1.0,,,,,,,,,,,,,,,,,,,,,,,,,1.0,0.5,1.0,2.0,0.5,0.5,0.5,1.0,2.0,0.5,0.0,0.0,0.0,,0.25,1.0,1.0,1.0,1.0,0.25,1.0,1.0,1.0,0.0,0.0,0.0,,,,,,,,,,,,,,,0.25,0.0,1.0,0.0,0.0,0.0,0.0,0.0,,0.25,0.0,1.0,0.0,1,1,1.0,2,0.0,0.0,,1.0,0,0.0,2,0.5,0,0.0,0,0.0,0.5,0,1,0.0,1.0,1.0,1.0,1,1,1.0,0.0,1.0,0.0,0.0,0.0,0.0,0.0,0.0,0.0,0.0,0.0,0.0,0.0,1.0,0.0,GSW,1,2,0.5,1.0,1.0,1.0,0.0,0.0,0.0,0,0,0.0,0.0,1.0,0.0,0.0,0.0,0.0,,,,,,,0.0,0.0,0.0,0,1,0.0,1.0,0.0,0.0,4.0,5.0,0.8,0.381,0.419,1.0,1.0,1.0,0.197,0.803,3.0,4.0,0.75,0.436,0.315,1.0,1.0,1.0,0.66,0.34,2.0,2.0,1.0,0.502,0.499,2.0,2.0,1.0,0.243,0.757,3.0,3.0,0.0,0.0,0.0,0.0,0.0,0.0,0.0,0.0,0.0,0.0,0.0,0.0,0.0,0.0,0.0,0.0,0.0,0.0,0.0,7242,1.4,0.7,0.6,4.6,4.61,3.94,2017,20170320,False
101133,Ian Mahinmi,Ian,1610612764,WAS,30.0,1,0,1,0.0,16.933333333333334,0,1,0.0,0,0,0.0,0,0,0.0,1,3,4,0,1,0,0,1,0,0,0,-13,3.8,0,0,4.0,1,79,79,79,104,133,146,133,63,108,63,85,95,85,36,59,51,111,45,78,48,106,1,115,138,140,139,14,1,138,1,103,65.7,67.6,67.6,103.7,102.7,102.7,-38.1,-35.1,-35.1,0.0,0.0,0.0,0.043,0.0,0.0,50.0,50.0,0.0,0.0,0.05,0.05,105.9,104.88,87.4,104.88,0.034,37,0.0,1.0,148,144,144,77,66,66,140,139,139,111,76,111,22,61,31,154,155,133,138,152,152,48,44,44,122,133,146,18,10,0,0,2,0,0,0.0,0.0,0,0,0,0.0,0,0,0.0,0,0.0,0,0.0,0,0.0,0,0.0,0,0.0,0,21,10,0.4,1.05,0.1,0.0,2,0,4,0.0,0.0,0.0,1.0,0.0,1.0,3.0,0.333,0.0,0.333,4.0,1.0,2.0,0.333,6.0,0.5,1.0,0.6,4.1,2.0,2.0,0.5,9.0,0.444,1.0,0.5,4.1,1.0,1.0,0.0,1.0,0.0,0.0,1.0,0.0,1.0,0.0,0.0,0.0,0.0,,,,,,,,,,,,,,,,,,,,,,,,,,,,,,,,,,,,,,,,,0,0,,0,,,,,0,0.0,0,0.0,0,0.0,0,0.0,0.0,0,0,0.0,0.0,1.0,0.0,0,0,0.0,0.0,0.0,0.0,0.0,0.0,0.0,0.0,0.0,0.0,0.0,0.0,0.0,0.0,0.0,0.0,WAS,0,1,0.0,0.0,0.0,0.0,0.0,0.0,0.0,0,0,0.0,0.0,0.0,0.0,0.0,0.0,0.0,,,,,,,0.0,0.0,0.0,0,0,,,,,4.0,12.0,0.333,0.469,-0.136,0.0,3.0,0.0,0.342,-0.342,4.0,9.0,0.444,0.514,-0.07,3.0,6.0,0.5,0.592,-0.092,3.0,6.0,0.5,0.555,-0.055,1.0,4.0,0.25,0.348,-0.098,10.0,9.0,1.0,0.0,0.0,0.0,0.0,0.0,0.0,0.0,0.0,0.0,0.0,0.0,0.0,0.0,0.0,0.0,0.0,0.0,0.0,6256,1.2,0.6,0.5,4.25,4.02,3.76,2017,20170320,False
202738,Isaiah Thomas,Isaiah,1610612738,BOS,28.0,1,1,0,1.0,34.696666666666665,7,19,0.368,2,10,0.2,9,11,0.818,1,3,4,4,3,1,0,1,3,6,25,15,35.8,0,0,37.0,1,1,1,1,21,14,7,103,25,4,56,1,1,49,36,59,51,22,13,34,48,106,104,3,7,15,24,14,1,16,1,101,118.3,119.4,119.4,94.6,95.9,95.9,23.7,23.5,23.5,0.174,1.33,12.9,0.024,0.073,0.049,9.7,9.7,0.421,0.524,0.307,0.306,102.18,100.99,84.16,100.99,0.114,72,7.0,19.0,35,38,38,46,47,47,28,32,32,50,40,85,35,50,27,87,88,100,74,14,15,69,71,71,61,14,7,56,78,0,0,9,11,4,0.071,0.071,16,2,6,0.333,4,4,1.0,8,0.5,7,0.438,1,0.063,0,0.0,2,0.125,25,87,28,8.7,6.02,5.79,0.287,0,0,1,0.0,0.0,2.0,1.0,0.0,1.0,6.0,0.167,1.0,0.2,5.2,0.0,3.0,0.0,4.0,0.75,0.0,0.75,13.5,1.0,3.0,0.25,10.0,0.4,1.0,0.444,11.4,1.0,0.211,0.0,4.0,0.0,0.0,0.158,0.0,3.0,0.0,0.053,0.0,1.0,0.0,0.211,3.0,4.0,0.75,0.75,0.211,3.0,4.0,0.75,0.0,0.0,0.0,,0.368,1.0,7.0,0.143,0.143,0.053,1.0,1.0,1.0,0.316,0.0,6.0,0.0,0.211,3.0,4.0,0.75,1.0,0.053,1.0,1.0,1.0,0.158,2.0,3.0,0.667,4,9,0.444,9,1.0,6.0,0.167,0.5,3,0.25,2,1.0,0,0.0,0,0.0,0.421,2,6,0.333,0.0,0.0,0.0,3,3,1.0,0.0,1.0,0.0,0.0,0.0,0.0,2.0,9.0,0.222,0.0,0.0,0.0,0.0,1.0,0.0,BOS,2,6,0.333,0.0,0.0,0.0,0.0,0.0,0.0,2,2,1.0,1.0,4.0,0.25,2.0,7.0,0.286,,,,,,,0.0,0.0,0.0,1,4,1.0,4.0,0.25,0.375,5.0,12.0,0.417,0.452,-0.036,2.0,6.0,0.333,0.36,-0.027,3.0,6.0,0.5,0.508,-0.008,3.0,3.0,1.0,0.582,0.418,3.0,3.0,1.0,0.546,0.454,2.0,9.0,0.222,0.39,-0.167,9.0,4.0,5.0,1.0,0.0,0.0,0.0,0.0,0.0,1.0,0.0,0.0,0.0,0.0,0.0,0.0,0.0,0.0,0.0,0.0,0.0,11955,2.3,1.4,0.9,3.98,4.57,3.32,2017,20170320,False
200755,JJ Redick,JJ,1610612746,LAC,33.0,1,1,0,1.0,23.083333333333332,4,11,0.364,3,6,0.5,3,3,1.0,0,3,3,3,1,0,0,0,1,2,14,8,21.1,0,0,23.0,1,1,1,1,70,58,35,104,9,18,17,30,46,1,83,59,78,35,45,78,48,1,44,49,42,36,65,14,1,55,1,99,123.7,122.4,122.4,108.7,108.3,108.3,15.0,14.1,14.1,0.15,3.0,18.8,0.0,0.0,0.0,6.3,6.1,0.5,0.568,0.25,0.259,100.19,100.85,84.04,100.85,0.096,49,4.0,11.0,21,27,27,89,83,83,41,46,46,56,9,69,37,61,31,74,74,59,61,31,29,78,73,73,77,58,35,18,27,0,0,6,6,3,0.167,0.167,3,0,0,0.0,2,2,1.0,2,0.667,0,0.0,0,0.0,1,0.333,1,0.333,14,33,30,0.8,1.4,0.7,0.424,0,0,0,0.0,0.0,0.0,0.0,0.0,0.0,0.0,0.0,0.0,0.0,0.0,1.0,2.0,0.333,3.0,1.0,0.0,1.0,6.9,1.0,2.0,0.333,3.0,1.0,0.0,1.0,6.9,,,,,,,,,,,,,,,0.364,2.0,4.0,0.5,0.625,0.182,1.0,2.0,0.5,0.182,1.0,2.0,0.5,0.455,1.0,5.0,0.2,0.3,0.273,0.0,3.0,0.0,0.182,1.0,2.0,0.5,0.182,1.0,2.0,0.5,0.75,0.0,0.0,0.0,,0.182,1.0,2.0,0.5,2,3,0.667,5,1.0,1.0,1.0,0.833,6,0.25,0,0.0,0,0.0,0,0.0,0.5,0,0,0.0,0.0,0.0,0.0,1,5,0.2,0.0,0.0,0.0,0.0,0.0,0.0,3.0,6.0,0.5,,,,0.0,0.0,0.0,LAC,0,0,0.0,0.0,0.0,0.0,0.0,0.0,0.0,0,3,0.0,1.0,2.0,0.5,3.0,6.0,0.5,,,,,,,0.0,0.0,0.0,2,8,2.0,5.0,0.4,0.375,3.0,6.0,0.5,0.469,0.031,0.0,1.0,0.0,0.401,-0.401,3.0,5.0,0.6,0.494,0.106,1.0,1.0,1.0,0.567,0.433,2.0,3.0,0.667,0.539,0.127,1.0,3.0,0.333,0.419,-0.086,4.0,4.0,0.0,0.0,0.0,0.0,0.0,0.0,0.0,0.0,0.0,0.0,0.0,0.0,0.0,0.0,0.0,0.0,0.0,0.0,0.0,9582,1.8,1.0,0.9,4.68,5.53,4.42,2017,20170320,False
201580,JaVale McGee,JaVale,1610612744,GSW,29.0,1,1,0,1.0,13.356666666666667,5,7,0.714,0,0,0.0,0,0,0.0,3,2,5,0,0,0,4,0,0,0,10,20,28.0,0,0,23.0,1,1,1,1,121,38,74,11,63,108,63,85,95,85,10,85,40,111,95,78,2,1,1,115,64,4,42,14,1,55,1,101,147.7,153.8,153.8,78.4,69.0,69.0,69.3,84.9,84.9,0.0,0.0,0.0,0.0,0.0,0.0,0.0,0.0,0.714,0.714,0.212,0.212,94.51,98.83,82.36,98.83,0.26,26,5.0,7.0,3,3,3,11,6,6,4,3,3,111,76,111,37,61,31,1,1,23,25,57,60,119,85,85,8,38,74,11,12,1,0,1,2,1,0.0,0.091,0,0,0,0.0,0,0,0.0,0,0.0,0,0.0,0,0.0,0,0.0,0,0.0,10,19,14,0.4,1.21,0.42,0.526,1,1,8,0.0,0.0,1.25,3.0,0.0,1.0,3.0,1.0,0.0,1.0,5.8,1.0,1.0,0.5,5.0,0.4,0.0,0.4,2.6,4.0,1.0,0.8,8.0,0.625,0.0,0.625,4.5,1.0,0.286,1.0,2.0,0.5,0.5,0.286,1.0,2.0,0.5,0.0,0.0,0.0,,0.571,3.0,4.0,0.75,0.75,0.571,3.0,4.0,0.75,0.0,0.0,0.0,,0.143,1.0,1.0,1.0,1.0,0.143,1.0,1.0,1.0,0.0,0.0,0.0,,,,,,,,,,,,,,,0,0,,0,,,,,0,0.0,10,0.833,0,0.0,0,0.0,0.714,5,7,0.714,0.0,0.0,0.0,0,0,0.0,0.0,0.0,0.0,0.0,0.0,0.0,0.0,0.0,0.0,0.0,0.0,0.0,0.0,0.0,0.0,GSW,5,7,0.714,0.0,0.0,0.0,0.0,0.0,0.0,0,0,0.0,0.0,0.0,0.0,0.0,0.0,0.0,,,,,,,0.0,0.0,0.0,0,0,,,,,3.0,5.0,0.6,0.516,0.084,,,,,,3.0,5.0,0.6,0.54,0.06,3.0,4.0,0.75,0.62,0.131,3.0,4.0,0.75,0.585,0.165,0.0,1.0,0.0,0.317,-0.317,8.0,8.0,0.0,0.0,0.0,0.0,0.0,0.0,0.0,1.0,0.0,0.0,0.0,0.0,0.0,0.0,0.0,0.0,0.0,0.0,0.0,4812,0.9,0.5,0.4,4.03,4.71,3.42,2017,20170320,False
203109,Jae Crowder,Jae,1610612738,BOS,26.0,1,1,0,1.0,38.083333333333336,5,12,0.417,3,8,0.375,3,4,0.75,3,5,8,1,1,3,1,0,2,2,16,15,38.1,0,0,36.0,1,1,1,1,8,38,32,90,9,9,35,30,25,56,10,26,17,80,45,3,13,1,76,49,27,15,19,14,1,17,1,101,118.3,118.8,118.8,94.3,97.6,97.6,23.9,21.2,21.2,0.036,1.0,6.3,0.071,0.116,0.094,6.3,6.3,0.542,0.581,0.16,0.158,104.06,102.09,85.08,102.09,0.12,80,5.0,12.0,36,39,39,45,51,51,27,35,35,110,43,108,16,32,11,74,75,57,53,97,100,59,65,65,58,38,32,47,33,0,1,3,0,1,0.021,0.021,1,1,1,1.0,0,0,0.0,2,2.0,0,0.0,0,0.0,0,0.0,0,0.0,16,63,40,1.8,1.68,0.73,0.254,1,0,1,0.0,0.0,2.0,0.0,3.0,0.0,4.0,0.75,0.0,0.75,19.4,2.0,3.0,0.4,11.0,0.455,2.0,0.556,3.1,2.0,6.0,0.25,15.0,0.533,2.0,0.615,9.2,1.0,0.083,1.0,1.0,1.0,1.0,0.083,1.0,1.0,1.0,0.0,0.0,0.0,,0.333,2.0,4.0,0.5,0.625,0.167,1.0,2.0,0.5,0.167,1.0,2.0,0.5,0.417,1.0,5.0,0.2,0.3,0.083,0.0,1.0,0.0,0.333,1.0,4.0,0.25,0.167,1.0,2.0,0.5,0.75,0.0,0.0,0.0,,0.167,1.0,2.0,0.5,2,3,0.667,5,1.0,1.0,1.0,0.833,6,0.25,2,1.0,0,0.0,0,0.0,0.542,1,1,1.0,0.0,0.0,0.0,1,3,0.333,0.0,0.0,0.0,1.0,2.0,0.5,2.0,6.0,0.333,0.0,0.0,0.0,1.0,2.0,0.5,BOS,1,1,1.0,0.0,0.0,0.0,1.0,1.0,1.0,0,1,0.0,1.0,4.0,0.25,2.0,5.0,0.4,,,,,,,0.0,0.0,0.0,2,8,2.0,7.0,0.286,0.375,4.0,8.0,0.5,0.45,0.05,0.0,3.0,0.0,0.362,-0.362,4.0,5.0,0.8,0.499,0.301,1.0,1.0,1.0,0.599,0.401,3.0,3.0,1.0,0.596,0.404,1.0,4.0,0.25,0.38,-0.13,4.0,2.0,2.0,4.0,0.0,0.0,0.0,0.0,0.0,2.0,0.0,0.0,0.0,0.0,0.0,0.0,0.0,0.0,0.0,0.0,0.0,13888,2.6,1.4,1.2,4.1,4.29,3.89,2017,20170320,False
2037,Jamal Crawford,Jamal,1610612746,LAC,37.0,1,1,0,1.0,29.031666666666666,5,10,0.5,1,4,0.25,3,4,0.75,0,1,1,0,1,1,0,0,4,4,14,2,17.2,0,0,18.0,1,1,1,1,47,38,47,46,36,38,49,30,25,56,83,105,121,111,45,34,48,1,128,17,42,61,81,14,1,70,1,99,111.2,108.1,108.1,111.1,112.1,112.1,0.1,-4.0,-4.0,0.0,0.0,0.0,0.0,0.0,0.0,7.7,7.8,0.55,0.595,0.188,0.19,98.14,99.2,82.67,99.2,0.048,62,5.0,10.0,50,65,65,93,96,96,74,83,83,111,76,111,37,61,31,79,84,52,49,67,73,94,81,81,113,38,47,25,30,0,0,2,0,0,0.0,0.0,4,1,2,0.5,1,2,0.5,3,0.75,0,0.0,0,0.0,0,0.0,1,0.25,14,37,23,2.1,3.39,3.24,0.378,2,0,2,0.0,0.0,0.0,0.0,0.0,0.0,1.0,0.0,0.0,0.0,0.0,0.0,1.0,0.0,1.0,1.0,0.0,1.0,19.3,0.0,1.0,0.0,2.0,0.5,0.0,0.5,19.3,,,,,,,,,,,,,,,0.4,2.0,4.0,0.5,0.5,0.4,2.0,4.0,0.5,0.0,0.0,0.0,,0.4,3.0,4.0,0.75,0.875,0.2,2.0,2.0,1.0,0.2,1.0,2.0,0.5,0.2,0.0,2.0,0.0,0.0,0.0,0.0,0.0,,0.2,0.0,2.0,0.0,4,6,0.667,9,1.0,2.0,0.5,0.75,0,0.0,0,0.0,0,0.0,0,0.0,0.55,1,2,0.5,0.0,0.0,0.0,3,4,0.75,0.0,1.0,0.0,,,,1.0,3.0,0.333,0.0,0.0,0.0,0.0,1.0,0.0,LAC,1,2,0.5,0.0,0.0,0.0,0.0,0.0,0.0,3,3,1.0,0.0,2.0,0.0,1.0,3.0,0.333,,,,,,,0.0,0.0,0.0,0,2,0.0,2.0,0.0,0.0,5.0,9.0,0.556,0.406,0.149,3.0,7.0,0.429,0.339,0.089,2.0,2.0,1.0,0.515,0.485,1.0,1.0,1.0,0.581,0.419,1.0,1.0,1.0,0.532,0.468,4.0,8.0,0.5,0.354,0.147,6.0,1.0,5.0,3.0,0.0,1.0,2.0,0.0,0.0,0.0,0.0,0.0,0.0,0.0,0.0,0.0,0.0,0.0,0.0,0.0,0.0,10500,2.0,1.1,0.9,4.13,4.35,3.9,2017,20170320,False
1627750,Jamal Murray,Jamal,1610612743,DEN,20.0,1,0,1,0.0,22.8,5,8,0.625,1,3,0.333,2,2,1.0,0,4,4,0,3,0,0,0,3,1,13,5,14.8,0,0,18.0,1,79,79,79,72,38,63,21,36,50,37,47,53,1,83,36,51,111,13,78,48,1,104,76,50,50,88,14,1,70,1,106,119.5,123.5,123.5,118.0,116.0,116.0,1.5,7.5,7.5,0.0,0.0,0.0,0.0,0.0,0.0,25.0,25.3,0.688,0.732,0.211,0.213,107.24,106.32,88.6,106.32,0.071,51,5.0,8.0,31,22,22,117,106,106,69,57,57,111,76,111,37,61,31,142,146,25,21,58,59,36,32,32,95,38,63,27,31,1,1,2,2,2,0.0,0.074,5,2,3,0.667,0,0,0.0,4,0.8,2,0.4,0,0.0,0,0.0,0,0.0,13,43,22,3.5,4.82,4.21,0.302,1,0,0,0.0,0.0,0.0,0.0,0.0,0.0,2.0,0.0,0.0,0.0,0.0,1.0,3.0,0.25,6.0,0.667,1.0,0.8,3.5,1.0,3.0,0.25,8.0,0.5,1.0,0.571,3.5,,,,,,,,,,,,,,,0.5,3.0,4.0,0.75,0.75,0.5,3.0,4.0,0.75,0.0,0.0,0.0,,0.25,2.0,2.0,1.0,1.25,0.125,1.0,1.0,1.0,0.125,1.0,1.0,1.0,0.25,0.0,2.0,0.0,0.0,0.0,0.0,0.0,,0.25,0.0,2.0,0.0,2,4,0.5,4,0.0,2.0,0.0,0.5,3,1.0,0,0.0,0,0.0,0,0.0,0.688,1,1,1.0,1.0,2.0,0.5,2,2,1.0,0.0,1.0,0.0,0.0,0.0,0.0,1.0,2.0,0.5,0.0,0.0,0.0,0.0,1.0,0.0,DEN,2,2,1.0,0.0,1.0,0.0,0.0,0.0,0.0,1,1,1.0,1.0,2.0,0.5,1.0,1.0,1.0,0.0,1.0,0.0,0.0,0.0,0.0,0.0,0.0,0.0,1,1,1.0,1.0,1.0,1.5,2.0,5.0,0.4,0.501,-0.101,0.0,3.0,0.0,0.36,-0.36,2.0,2.0,1.0,0.635,0.366,2.0,2.0,1.0,0.693,0.308,2.0,2.0,1.0,0.67,0.33,0.0,3.0,0.0,0.359,-0.359,4.0,1.0,3.0,3.0,0.0,0.0,0.0,0.0,0.0,0.0,0.0,0.0,0.0,0.0,0.0,0.0,0.0,0.0,0.0,0.0,0.0,9155,1.7,1.0,0.7,4.47,5.26,3.69,2017,20170320,False
2749,Jameer Nelson,Jameer,1610612743,DEN,35.0,1,0,1,0.0,31.083333333333332,2,9,0.222,1,4,0.25,0,0,0.0,0,6,6,4,2,1,0,0,2,0,5,-8,19.2,0,0,18.0,1,79,79,79,37,86,53,126,36,38,49,85,95,85,83,19,28,22,26,34,48,1,76,115,95,119,72,14,1,70,1,106,107.8,110.3,110.3,119.8,120.3,120.3,-12.0,-10.0,-10.0,0.154,2.0,26.7,0.0,0.0,0.0,13.3,13.3,0.278,0.278,0.149,0.146,107.23,105.78,88.15,105.78,0.033,68,2.0,9.0,60,62,62,121,124,124,100,99,99,53,19,29,37,61,31,106,106,125,129,110,110,37,38,38,123,86,53,51,52,1,0,6,10,4,0.078,0.078,6,0,1,0.0,0,0,0.0,0,0.0,2,0.333,2,0.333,1,0.167,0,0.0,5,66,27,4.7,4.31,4.09,0.076,0,0,0,0.0,0.0,0.0,0.0,0.0,0.0,1.0,0.0,0.0,0.0,0.0,1.0,5.0,0.167,7.0,0.857,0.0,0.857,9.2,1.0,5.0,0.167,8.0,0.75,0.0,0.75,9.2,,,,,,,,,,,,,,,0.333,0.0,3.0,0.0,0.0,0.222,0.0,2.0,0.0,0.111,0.0,1.0,0.0,0.444,1.0,4.0,0.25,0.25,0.333,1.0,3.0,0.333,0.111,0.0,1.0,0.0,0.222,1.0,2.0,0.5,0.75,0.0,0.0,0.0,,0.222,1.0,2.0,0.5,2,6,0.333,5,1.0,2.0,0.5,0.417,0,0.0,0,0.0,0,0.0,0,0.0,0.278,0,1,0.0,0.0,0.0,0.0,1,4,0.25,0.0,0.0,0.0,0.0,0.0,0.0,1.0,4.0,0.25,,,,0.0,0.0,0.0,DEN,0,1,0.0,0.0,0.0,0.0,0.0,0.0,0.0,0,0,0.0,2.0,6.0,0.333,0.0,2.0,0.0,0.0,0.0,0.0,,,,0.0,0.0,0.0,0,2,0.0,2.0,0.0,0.0,4.0,6.0,0.667,0.42,0.247,2.0,3.0,0.667,0.377,0.289,2.0,3.0,0.667,0.51,0.157,1.0,2.0,0.5,0.572,-0.072,1.0,2.0,0.5,0.533,-0.033,2.0,3.0,0.667,0.372,0.294,2.0,0.0,2.0,1.0,0.0,0.0,0.0,0.0,0.0,2.0,0.0,0.0,0.0,0.0,0.0,0.0,0.0,0.0,0.0,0.0,0.0,10876,2.1,1.2,0.9,4.07,4.61,3.51,2017,20170320,False
201935,James Harden,James,1610612745,HOU,27.0,1,1,0,1.0,39.5,13,29,0.448,4,11,0.364,9,11,0.818,1,6,7,11,6,4,0,0,4,6,39,2,69.9,1,0,69.0,1,1,1,1,5,2,1,83,3,3,36,1,1,49,36,19,23,2,1,2,48,1,128,3,1,61,1,1,1,1,1,106,124.8,123.9,123.9,117.4,121.6,121.6,7.3,2.3,2.3,0.407,1.83,22.0,0.0,0.171,0.0,12.0,11.8,0.517,0.576,0.419,0.431,108.44,106.94,89.11,106.94,0.16,88,13.0,29.0,16,21,21,114,128,128,55,65,65,9,34,55,37,15,31,100,102,58,55,1,1,25,26,26,30,2,1,54,85,1,1,15,28,13,0.204,0.241,27,4,12,0.333,5,6,0.833,14,0.519,6,0.222,3,0.111,2,0.074,3,0.111,39,97,22,11.3,6.97,6.48,0.402,2,2,2,1.0,1.0,0.0,0.0,1.0,0.0,5.0,0.2,0.0,0.2,12.4,0.0,6.0,0.0,8.0,0.75,1.0,0.857,7.3,0.0,7.0,0.0,13.0,0.538,1.0,0.583,8.1,1.0,0.069,2.0,2.0,1.0,1.0,0.069,2.0,2.0,1.0,0.0,0.0,0.0,,0.483,4.0,14.0,0.286,0.286,0.414,4.0,12.0,0.333,0.069,0.0,2.0,0.0,0.345,5.0,10.0,0.5,0.7,0.069,1.0,2.0,0.5,0.276,4.0,8.0,0.5,0.103,2.0,3.0,0.667,0.667,0.069,2.0,2.0,1.0,0.034,0.0,1.0,0.0,5,13,0.385,13,3.0,9.0,0.333,0.5,5,0.667,0,0.0,2,1.0,2,1.0,0.517,7,11,0.636,0.0,3.0,0.0,2,4,0.5,0.0,0.0,0.0,1.0,1.0,1.0,3.0,10.0,0.3,0.0,0.0,0.0,1.0,1.0,1.0,HOU,7,11,0.636,0.0,4.0,0.0,2.0,3.0,0.667,0,0,0.0,1.0,3.0,0.333,3.0,8.0,0.375,0.0,0.0,0.0,0.0,0.0,0.0,0.0,0.0,0.0,2,3,1.0,2.0,0.5,0.833,3.0,6.0,0.5,0.496,0.004,1.0,2.0,0.5,0.402,0.099,2.0,4.0,0.5,0.536,-0.036,2.0,2.0,1.0,0.585,0.415,2.0,3.0,0.667,0.563,0.104,1.0,3.0,0.333,0.412,-0.079,3.0,1.0,2.0,10.0,0.0,2.0,6.0,0.0,0.0,1.0,0.0,0.0,0.0,0.0,0.0,0.0,0.0,0.0,0.0,0.0,0.0,13275,2.5,1.3,1.2,3.8,4.02,3.59,2017,20170320,False
203949,James Michael McAdoo,James Michael,1610612744,GSW,24.0,1,1,0,1.0,6.683333333333334,1,2,0.5,0,0,0.0,0,0,0.0,0,0,0,1,1,0,1,0,1,0,2,-10,5.5,0,0,5.0,1,1,1,1,138,107,130,46,63,108,63,85,95,85,83,138,145,80,45,78,13,1,44,115,119,130,132,14,1,132,1,101,58.9,53.8,53.8,132.0,130.8,130.8,-73.1,-76.9,-76.9,0.5,1.0,25.0,0.0,0.0,0.0,25.0,25.0,0.5,0.5,0.214,0.233,88.91,93.37,77.81,93.37,0.024,13,1.0,2.0,154,155,155,147,144,144,152,150,150,4,43,31,37,61,31,142,142,59,85,53,46,151,119,119,128,107,130,7,8,1,0,2,3,2,0.143,0.286,0,0,0,0.0,0,0,0.0,0,0.0,0,0.0,0,0.0,0,0.0,0,0.0,2,10,8,0.5,2.72,1.1,0.2,1,2,0,0.0,1.0,0.0,,,,,,,,,,,,,,,,,,,,,,,,,,,,,,,,,,,,,,,1.0,1.0,2.0,0.5,0.5,1.0,1.0,2.0,0.5,0.0,0.0,0.0,,,,,,,,,,,,,,,,,,,,,,,,,,,,0,0,,0,,,,,0,0.0,0,0.0,2,0.5,0,0.0,0.5,0,0,0.0,0.0,1.0,0.0,1,1,1.0,,,,0.0,0.0,0.0,,,,,,,0.0,0.0,0.0,GSW,0,0,0.0,1.0,2.0,0.5,0.0,0.0,0.0,0,0,0.0,0.0,0.0,0.0,,,,,,,,,,,,,0,0,,,,,1.0,2.0,0.5,0.511,-0.011,,,,,,1.0,2.0,0.5,0.549,-0.049,1.0,1.0,1.0,0.634,0.366,1.0,1.0,1.0,0.603,0.397,0.0,1.0,0.0,0.354,-0.354,3.0,3.0,0.0,0.0,0.0,0.0,0.0,0.0,0.0,0.0,0.0,0.0,0.0,0.0,0.0,0.0,0.0,0.0,0.0,0.0,0.0,2453,0.5,0.3,0.2,4.49,4.82,4.06,2017,20170320,False
201160,Jason Smith,Jason,1610612764,WAS,31.0,1,0,1,0.0,17.45,5,8,0.625,3,5,0.6,0,0,0.0,0,5,5,1,2,0,1,0,6,1,13,9,21.5,0,0,24.0,1,79,79,79,101,38,63,21,9,26,13,85,95,85,83,26,40,80,26,78,13,1,152,76,50,32,63,14,1,50,1,103,96.5,102.6,102.6,84.5,78.9,78.9,12.1,23.7,23.7,0.111,0.5,9.1,0.0,0.0,0.0,18.2,18.2,0.813,0.813,0.256,0.248,104.42,104.53,87.11,104.53,0.21,38,5.0,8.0,101,79,79,23,11,11,49,31,31,77,66,97,37,61,31,129,129,8,10,27,32,56,46,46,15,38,63,22,15,0,0,0,0,0,0.045,0.0,0,0,0,0.0,0,0,0.0,0,0.0,0,0.0,0,0.0,0,0.0,0,0.0,13,32,15,0.6,1.09,0.09,0.406,0,0,0,0.0,0.0,0.0,0.0,0.0,0.0,0.0,0.0,0.0,0.0,0.0,2.0,3.0,0.4,8.0,0.625,0.0,0.625,3.9,2.0,3.0,0.4,8.0,0.625,0.0,0.625,3.9,1.0,0.125,1.0,1.0,1.0,1.0,0.125,1.0,1.0,1.0,0.0,0.0,0.0,,,,,,,,,,,,,,,0.375,1.0,3.0,0.333,0.5,0.0,0.0,0.0,,0.375,1.0,3.0,0.333,0.5,3.0,4.0,0.75,1.0,0.25,1.0,2.0,0.5,0.25,2.0,2.0,1.0,0,0,,0,0.0,0.0,,,11,0.571,0,0.0,0,0.0,0,0.0,0.813,1,1,1.0,0.0,0.0,0.0,1,2,0.5,2.0,2.0,1.0,0.0,0.0,0.0,1.0,3.0,0.333,0.0,0.0,0.0,2.0,2.0,1.0,WAS,1,1,1.0,0.0,0.0,0.0,0.0,0.0,0.0,1,1,1.0,2.0,3.0,0.667,1.0,3.0,0.333,,,,,,,0.0,0.0,0.0,4,7,3.0,5.0,0.6,0.786,3.0,6.0,0.5,0.482,0.018,,,,,,3.0,6.0,0.5,0.528,-0.028,1.0,2.0,0.5,0.624,-0.124,3.0,4.0,0.75,0.606,0.144,0.0,1.0,0.0,0.339,-0.339,7.0,7.0,0.0,0.0,0.0,4.0,8.0,0.0,0.0,0.0,0.0,0.0,0.0,0.0,0.0,0.0,0.0,0.0,0.0,0.0,0.0,6600,1.3,0.6,0.6,4.47,4.45,3.85,2017,20170320,False
1627759,Jaylen Brown,Jaylen,1610612738,BOS,20.0,1,1,0,1.0,19.796666666666667,3,6,0.5,0,2,0.0,0,0,0.0,1,2,3,1,1,1,0,1,3,1,6,-6,13.1,0,0,12.0,1,1,1,1,89,78,81,46,63,67,63,85,95,85,36,85,78,80,45,34,48,106,104,76,91,108,99,14,1,98,1,101,96.9,95.2,95.2,99.4,107.0,107.0,-2.5,-11.7,-11.7,0.077,1.0,12.5,0.0,0.105,0.0,12.5,12.5,0.5,0.5,0.14,0.142,106.15,103.05,85.87,103.05,0.061,42,3.0,6.0,99,107,107,62,80,80,80,101,101,99,43,86,37,37,31,102,103,59,85,114,114,47,58,58,106,78,81,18,17,0,0,0,2,1,0.056,0.056,2,1,1,1.0,0,0,0.0,2,1.0,0,0.0,0,0.0,0,0.0,0,0.0,6,27,21,0.7,1.57,0.74,0.222,0,1,3,0.0,0.0,0.667,1.0,0.0,1.0,2.0,0.5,1.0,1.0,1.3,0.0,2.0,0.0,6.0,0.333,1.0,0.4,4.7,1.0,2.0,0.333,8.0,0.375,2.0,0.5,3.6,1.0,0.5,2.0,3.0,0.667,0.667,0.5,2.0,3.0,0.667,0.0,0.0,0.0,,0.167,1.0,1.0,1.0,1.0,0.167,1.0,1.0,1.0,0.0,0.0,0.0,,,,,,,,,,,,,,,0.333,0.0,2.0,0.0,0.0,0.0,0.0,0.0,,0.333,0.0,2.0,0.0,0,0,,0,0.0,0.0,,,0,0.0,2,0.5,0,0.0,0,0.0,0.5,3,4,0.75,0.0,0.0,0.0,0,0,0.0,0.0,1.0,0.0,,,,0.0,1.0,0.0,0.0,0.0,0.0,0.0,1.0,0.0,BOS,3,4,0.75,0.0,0.0,0.0,0.0,0.0,0.0,0,0,0.0,0.0,1.0,0.0,0.0,1.0,0.0,,,,,,,0.0,0.0,0.0,0,2,0.0,2.0,0.0,0.0,2.0,4.0,0.5,0.457,0.044,1.0,3.0,0.333,0.351,-0.018,1.0,1.0,1.0,0.547,0.453,1.0,1.0,1.0,0.616,0.384,1.0,1.0,1.0,0.579,0.421,1.0,3.0,0.333,0.368,-0.035,3.0,0.0,3.0,3.0,0.0,0.0,0.0,0.0,0.0,0.0,0.0,0.0,0.0,0.0,0.0,0.0,0.0,0.0,0.0,0.0,0.0,7791,1.5,0.8,0.7,4.54,4.65,4.44,2017,20170320,False
201145,Jeff Green,Jeff,1610612753,ORL,30.0,1,1,0,1.0,16.183333333333334,1,3,0.333,0,0,0.0,2,2,1.0,0,0,0,2,0,0,0,1,0,2,4,-3,7.0,0,0,6.0,1,1,1,1,110,107,116,106,63,108,63,47,53,1,83,138,145,51,95,78,48,106,1,49,102,85,128,14,1,127,1,114,72.1,77.4,77.4,84.2,87.1,87.1,-12.0,-9.7,-9.7,0.4,0.0,33.3,0.0,0.0,0.0,0.0,0.0,0.333,0.515,0.114,0.11,96.93,91.95,76.62,91.95,0.136,31,1.0,3.0,143,140,140,21,26,26,101,98,98,10,76,13,37,61,31,1,1,112,77,132,134,103,131,131,46,107,116,19,14,1,0,6,7,3,0.105,0.158,1,0,0,0.0,2,2,1.0,2,2.0,0,0.0,0,0.0,0,0.0,1,1.0,4,23,13,0.9,2.38,0.65,0.174,1,4,0,2.0,0.5,0.0,,,,,,,,,,,,,,,,,,,,,,,,,1.0,0.667,1.0,2.0,0.5,0.5,0.667,1.0,2.0,0.5,0.0,0.0,0.0,,,,,,,,,,,,,,,0.333,0.0,1.0,0.0,0.0,0.333,0.0,1.0,0.0,0.0,0.0,0.0,,,,,,,,,,,,,,,0,0,,0,,,,,0,0.0,0,0.0,2,0.333,2,0.0,0.333,1,2,0.5,0.0,1.0,0.0,0,0,0.0,0.0,0.0,0.0,0.0,0.0,0.0,0.0,0.0,0.0,,,,0.0,0.0,0.0,ORL,1,2,0.5,0.0,1.0,0.0,0.0,0.0,0.0,0,0,0.0,0.0,0.0,0.0,0.0,0.0,0.0,0.0,0.0,0.0,,,,,,,0,0,,,,,4.0,10.0,0.4,0.418,-0.018,1.0,4.0,0.25,0.336,-0.086,3.0,6.0,0.5,0.477,0.023,,,,,,2.0,2.0,1.0,0.601,0.4,1.0,7.0,0.143,0.334,-0.191,8.0,5.0,3.0,2.0,1.0,1.0,2.0,0.0,0.0,0.0,0.0,0.0,0.0,0.0,0.0,0.0,0.0,0.0,0.0,0.0,0.0,5748,1.1,0.5,0.6,4.1,4.07,4.13,2017,20170320,False
201952,Jeff Teague,Jeff,1610612754,IND,29.0,1,1,0,1.0,37.035,6,15,0.4,3,4,0.75,6,6,1.0,1,4,5,5,0,1,1,4,1,5,21,12,40.5,0,0,38.0,1,1,1,1,11,19,20,93,9,38,9,7,12,1,36,36,40,14,95,34,13,155,44,9,13,26,15,14,1,15,1,91,120.5,122.9,122.9,101.8,105.7,105.7,18.8,17.1,17.1,0.217,0.0,22.7,0.0,0.103,0.0,0.0,0.0,0.5,0.595,0.213,0.22,93.37,90.72,75.6,90.72,0.142,70,6.0,15.0,27,25,25,72,75,75,38,41,41,34,76,48,37,38,31,1,1,59,49,56,51,127,140,140,40,19,20,58,70,2,2,19,15,9,0.086,0.155,16,3,8,0.375,0,0,0.0,7,0.438,6,0.375,2,0.125,0,0.0,0,0.0,21,77,22,8.6,6.69,6.68,0.273,0,0,1,0.0,0.0,0.0,0.0,1.0,0.0,7.0,0.143,1.0,0.167,8.4,0.0,4.0,0.0,7.0,0.571,0.0,0.571,19.9,0.0,5.0,0.0,14.0,0.357,1.0,0.385,17.6,1.0,0.2,1.0,3.0,0.333,0.333,0.2,1.0,3.0,0.333,0.0,0.0,0.0,,0.133,0.0,2.0,0.0,0.0,0.133,0.0,2.0,0.0,0.0,0.0,0.0,,0.267,2.0,4.0,0.5,0.5,0.267,2.0,4.0,0.5,0.0,0.0,0.0,,0.4,3.0,6.0,0.5,0.75,0.133,0.0,2.0,0.0,0.267,3.0,4.0,0.75,2,4,0.5,5,1.0,2.0,0.5,0.625,6,0.667,0,0.0,0,0.0,0,0.0,0.5,2,6,0.333,1.0,2.0,0.5,0,3,0.0,0.0,0.0,0.0,0.0,0.0,0.0,3.0,4.0,0.75,0.0,0.0,0.0,0.0,0.0,0.0,IND,2,6,0.333,1.0,2.0,0.5,0.0,0.0,0.0,0,3,0.0,1.0,1.0,1.0,2.0,3.0,0.667,0.0,0.0,0.0,,,,0.0,0.0,0.0,1,2,1.0,1.0,1.0,0.75,5.0,16.0,0.313,0.463,-0.15,0.0,5.0,0.0,0.392,-0.392,5.0,11.0,0.455,0.503,-0.049,3.0,7.0,0.429,0.639,-0.211,4.0,10.0,0.4,0.56,-0.16,0.0,5.0,0.0,0.39,-0.39,8.0,3.0,5.0,1.0,0.0,0.0,0.0,0.0,0.0,1.0,0.0,0.0,0.0,0.0,0.0,0.0,0.0,0.0,0.0,0.0,0.0,12166,2.3,1.2,1.1,3.73,3.79,3.67,2017,20170320,False
203481,Jeff Withey,Jeff,1610612762,UTA,27.0,1,0,1,0.0,10.816666666666666,1,2,0.5,0,0,0.0,0,0,0.0,1,2,3,0,1,0,0,0,0,0,2,2,4.6,0,0,5.0,1,79,79,79,129,107,130,46,63,108,63,85,95,85,36,85,78,111,45,78,48,1,1,115,119,61,135,14,1,132,1,91,98.5,100.0,100.0,91.0,90.5,90.5,7.5,9.5,9.5,0.0,0.0,0.0,0.0,0.0,0.0,33.3,33.3,0.5,0.5,0.12,0.118,93.63,93.19,77.66,93.19,0.069,21,1.0,2.0,91,83,83,33,29,29,53,54,54,111,76,111,37,61,31,150,150,59,85,128,130,124,121,121,96,107,130,15,7,0,0,0,0,0,0.0,0.0,0,0,0,0.0,0,0,0.0,0,0.0,0,0.0,0,0.0,0,0.0,0,0.0,2,18,8,0.3,1.11,0.11,0.111,2,0,3,0.0,0.0,0.667,0.0,1.0,0.0,1.0,1.0,0.0,1.0,7.7,2.0,0.0,1.0,4.0,0.5,0.0,0.5,3.9,2.0,1.0,0.667,5.0,0.6,0.0,0.6,5.2,1.0,0.5,1.0,1.0,1.0,1.0,0.5,1.0,1.0,1.0,0.0,0.0,0.0,,,,,,,,,,,,,,,,,,,,,,,,,,,,0.5,0.0,1.0,0.0,0.0,0.5,0.0,1.0,0.0,0.0,0.0,0.0,,0,0,,0,,,,,0,0.0,2,1.0,0,0.0,0,0.0,0.5,1,1,1.0,0.0,0.0,0.0,0,1,0.0,0.0,0.0,0.0,,,,0.0,0.0,0.0,,,,0.0,0.0,0.0,UTA,1,1,1.0,0.0,0.0,0.0,0.0,0.0,0.0,0,1,0.0,0.0,0.0,0.0,0.0,0.0,0.0,0.0,0.0,0.0,,,,,,,0,1,,,,0.0,6.0,10.0,0.6,0.48,0.12,,,,,,6.0,10.0,0.6,0.497,0.103,3.0,4.0,0.75,0.626,0.124,5.0,8.0,0.625,0.574,0.051,,,,,,9.0,9.0,0.0,0.0,0.0,2.0,4.0,0.0,0.0,0.0,0.0,0.0,0.0,0.0,0.0,0.0,0.0,0.0,0.0,0.0,0.0,4248,0.8,0.4,0.4,4.44,4.64,4.26,2017,20170320,False
203924,Jerami Grant,Jerami,1610612760,OKC,23.0,1,0,1,0.0,15.266666666666667,3,4,0.75,0,0,0.0,1,4,0.25,0,1,1,0,0,0,0,0,0,2,7,8,8.2,0,0,8.0,1,79,79,79,117,78,100,9,63,108,63,64,25,83,83,105,121,111,95,78,48,1,1,49,86,36,120,14,1,116,1,100,115.1,112.5,112.5,91.4,84.8,84.8,23.7,27.7,27.7,0.0,0.0,0.0,0.0,0.0,0.0,0.0,0.0,0.75,0.608,0.171,0.168,97.34,102.18,85.15,102.18,0.078,32,3.0,4.0,44,54,54,35,22,22,29,27,27,111,76,111,37,61,31,1,1,17,46,85,93,101,63,63,90,78,100,13,14,0,0,1,0,0,0.0,0.0,2,1,1,1.0,0,2,0.0,2,1.0,0,0.0,0,0.0,0,0.0,1,0.5,7,19,14,0.5,1.61,0.68,0.368,1,1,1,2.0,2.0,2.0,0.0,0.0,0.0,0.0,0.0,0.0,0.0,0.0,1.0,0.0,1.0,3.0,0.333,2.0,1.0,3.9,1.0,0.0,1.0,3.0,0.333,2.0,1.0,3.9,,,,,,,,,,,,,,,0.5,2.0,2.0,1.0,1.0,0.5,2.0,2.0,1.0,0.0,0.0,0.0,,0.5,1.0,2.0,0.5,0.5,0.5,1.0,2.0,0.5,0.0,0.0,0.0,,,,,,,,,,,,,,,0,1,0.0,0,,,,0.0,2,1.0,2,1.0,2,1.0,2,1.0,0.75,2,2,1.0,0.0,0.0,0.0,1,2,0.5,0.0,0.0,0.0,0.0,0.0,0.0,0.0,0.0,0.0,0.0,0.0,0.0,0.0,0.0,0.0,OKC,2,2,1.0,0.0,0.0,0.0,0.0,0.0,0.0,1,2,0.5,0.0,0.0,0.0,0.0,0.0,0.0,,,,,,,0.0,0.0,0.0,1,1,,,,1.0,0.0,3.0,0.0,0.514,-0.514,,,,,,0.0,3.0,0.0,0.557,-0.557,0.0,2.0,0.0,0.665,-0.665,0.0,3.0,0.0,0.611,-0.611,,,,,,1.0,1.0,0.0,0.0,0.0,0.0,0.0,0.0,0.0,0.0,0.0,0.0,0.0,0.0,0.0,0.0,0.0,0.0,0.0,0.0,0.0,5660,1.1,0.6,0.5,4.32,4.81,3.85,2017,20170320,False
203087,Jeremy Lamb,Jeremy,1610612766,CHA,25.0,1,1,0,1.0,17.383333333333333,5,9,0.556,2,4,0.5,0,0,0.0,0,3,3,3,1,1,1,1,1,1,12,16,25.1,0,0,24.0,1,1,1,1,102,38,53,37,25,38,17,85,95,85,83,59,78,35,45,34,13,106,44,76,56,10,53,14,1,50,1,90,129.1,122.2,122.2,76.7,77.8,77.8,52.4,44.4,44.4,0.273,3.0,23.1,0.0,0.167,0.0,7.7,7.7,0.667,0.667,0.256,0.27,97.47,99.41,82.84,99.41,0.231,36,5.0,9.0,12,28,28,8,9,9,6,9,9,22,9,44,37,17,31,79,79,28,31,27,26,100,80,80,11,38,53,16,21,0,0,4,8,3,0.188,0.188,5,1,2,0.5,0,0,0.0,2,0.4,3,0.6,0,0.0,0,0.0,0,0.0,12,27,19,1.8,3.92,3.48,0.444,0,0,1,0.0,0.0,2.0,0.0,0.0,0.0,1.0,0.0,0.0,0.0,0.0,2.0,1.0,0.667,4.0,0.75,0.0,0.75,1.7,2.0,1.0,0.667,5.0,0.6,0.0,0.6,1.7,,,,,,,,,,,,,,,0.667,4.0,6.0,0.667,0.75,0.556,3.0,5.0,0.6,0.111,1.0,1.0,1.0,0.222,0.0,2.0,0.0,0.0,0.0,0.0,0.0,,0.222,0.0,2.0,0.0,0.111,1.0,1.0,1.0,1.5,0.0,0.0,0.0,,0.111,1.0,1.0,1.0,1,3,0.333,3,1.0,2.0,0.5,0.5,3,0.5,2,1.0,0,0.0,0,0.0,0.667,3,3,1.0,0.0,1.0,0.0,0,1,0.0,1.0,2.0,0.5,0.0,0.0,0.0,1.0,2.0,0.5,,,,1.0,2.0,0.5,CHA,3,3,1.0,0.0,1.0,0.0,0.0,0.0,0.0,0,0,0.0,1.0,3.0,0.333,1.0,2.0,0.5,,,,,,,,,,1,2,1.0,2.0,0.5,0.75,0.0,3.0,0.0,0.463,-0.463,0.0,3.0,0.0,0.154,-0.154,,,,,,,,,,,,,,,,0.0,3.0,0.0,0.28,-0.28,3.0,1.0,2.0,1.0,0.0,0.0,0.0,0.0,0.0,0.0,0.0,0.0,0.0,0.0,0.0,0.0,0.0,0.0,0.0,0.0,0.0,6583,1.2,0.6,0.6,4.15,4.23,4.06,2017,20170320,False
201975,Jodie Meeks,Jodie,1610612753,ORL,29.0,1,1,0,1.0,20.413333333333334,1,9,0.111,0,3,0.0,7,9,0.778,0,4,4,0,1,0,0,0,1,7,9,8,12.8,0,0,13.0,1,1,1,1,87,107,53,132,63,50,63,6,5,55,83,36,51,111,45,78,48,1,44,2,72,36,100,14,1,91,1,114,90.2,95.2,95.2,77.4,76.2,76.2,12.7,19.0,19.0,0.0,0.0,0.0,0.0,0.129,0.073,7.1,7.2,0.111,0.347,0.286,0.289,100.73,98.76,82.3,98.76,0.022,42,1.0,9.0,123,107,107,9,8,8,48,37,37,111,76,111,37,26,15,78,78,132,121,19,21,75,86,86,129,107,53,14,22,0,0,2,0,0,0.0,0.0,5,0,1,0.0,1,2,0.5,1,0.2,2,0.4,0,0.0,0,0.0,1,0.2,9,28,23,0.7,1.57,0.89,0.321,1,0,0,0.0,0.0,0.0,0.0,0.0,0.0,2.0,0.0,1.0,0.0,0.0,0.0,4.0,0.0,7.0,0.571,1.0,0.667,7.0,0.0,4.0,0.0,9.0,0.444,2.0,0.571,7.0,1.0,0.111,0.0,1.0,0.0,0.0,0.111,0.0,1.0,0.0,0.0,0.0,0.0,,0.222,0.0,2.0,0.0,0.0,0.111,0.0,1.0,0.0,0.111,0.0,1.0,0.0,0.556,1.0,5.0,0.2,0.2,0.444,1.0,4.0,0.25,0.111,0.0,1.0,0.0,0.111,0.0,1.0,0.0,0.0,0.0,0.0,0.0,,0.111,0.0,1.0,0.0,1,3,0.333,2,0.0,0.0,,0.333,0,0.0,0,0.0,0,0.0,0,0.0,0.111,0,2,0.0,0.0,2.0,0.0,1,2,0.5,0.0,1.0,0.0,0.0,1.0,0.0,0.0,1.0,0.0,0.0,0.0,0.0,0.0,2.0,0.0,ORL,0,2,0.0,0.0,0.0,0.0,0.0,2.0,0.0,0,1,0.0,1.0,3.0,0.333,0.0,1.0,0.0,,,,0.0,0.0,0.0,0.0,0.0,0.0,0,4,0.0,3.0,0.0,0.0,1.0,6.0,0.167,0.41,-0.243,1.0,5.0,0.2,0.338,-0.138,0.0,1.0,0.0,0.492,-0.492,,,,,,0.0,1.0,0.0,0.54,-0.54,1.0,5.0,0.2,0.328,-0.128,4.0,0.0,4.0,1.0,0.0,0.0,0.0,0.0,0.0,0.0,0.0,0.0,0.0,0.0,0.0,0.0,0.0,0.0,0.0,0.0,0.0,7572,1.4,0.7,0.7,4.11,4.27,3.96,2017,20170320,False
204060,Joe Ingles,Joe,1610612762,UTA,29.0,1,0,1,0.0,26.5,1,3,0.333,1,3,0.333,1,2,0.5,1,6,7,5,0,0,1,0,1,1,4,-2,22.9,0,0,19.0,1,79,79,79,58,107,116,106,36,50,37,64,53,69,36,19,23,14,95,78,13,1,44,76,102,82,60,14,1,66,1,91,107.9,113.2,113.2,114.2,117.0,117.0,-6.3,-3.8,-3.8,0.217,0.0,55.6,0.034,0.0,0.0,0.0,0.0,0.5,0.515,0.066,0.062,99.51,96.0,80.0,96.0,0.101,53,1.0,3.0,59,51,51,103,111,111,85,82,82,34,76,2,28,61,31,1,1,59,77,150,151,84,103,103,72,107,116,25,20,0,1,6,10,5,0.2,0.2,5,0,0,0.0,1,2,0.5,1,0.2,4,0.8,0,0.0,0,0.0,1,0.2,4,29,19,1.4,2.84,1.9,0.138,2,1,1,0.0,0.0,0.0,1.0,0.0,1.0,2.0,0.5,0.0,0.5,14.2,1.0,5.0,0.167,8.0,0.75,0.0,0.75,10.9,2.0,5.0,0.286,10.0,0.7,0.0,0.7,11.4,,,,,,,,,,,,,,,,,,,,,,,,,,,,0.333,0.0,1.0,0.0,0.0,0.0,0.0,0.0,,0.333,0.0,1.0,0.0,0.667,1.0,2.0,0.5,0.75,0.0,0.0,0.0,,0.667,1.0,2.0,0.5,0,0,,0,0.0,0.0,,,3,0.333,0,0.0,0,0.0,0,0.0,0.5,0,0,0.0,0.0,0.0,0.0,0,0,0.0,0.0,1.0,0.0,0.0,1.0,0.0,1.0,1.0,1.0,0.0,0.0,0.0,0.0,2.0,0.0,UTA,0,0,0.0,0.0,0.0,0.0,0.0,0.0,0.0,0,0,0.0,0.0,2.0,0.0,1.0,1.0,1.0,0.0,0.0,0.0,,,,0.0,0.0,0.0,1,3,1.0,3.0,0.333,0.5,3.0,7.0,0.429,0.447,-0.019,1.0,3.0,0.333,0.346,-0.013,2.0,4.0,0.5,0.481,0.02,0.0,1.0,0.0,0.514,-0.514,0.0,1.0,0.0,0.481,-0.481,3.0,6.0,0.5,0.382,0.119,6.0,3.0,3.0,0.0,0.0,0.0,0.0,0.0,0.0,2.0,0.0,0.0,0.0,0.0,0.0,0.0,0.0,0.0,0.0,0.0,0.0,9182,1.7,0.9,0.8,3.85,4.15,3.57,2017,20170320,False
2207,Joe Johnson,Joe,1610612762,UTA,36.0,1,0,1,0.0,30.716666666666665,1,7,0.143,0,4,0.0,0,0,0.0,0,4,4,2,0,1,0,1,1,0,2,3,12.8,0,0,10.0,1,79,79,79,39,107,74,131,63,38,63,85,95,85,83,36,51,51,95,34,48,106,44,115,119,55,100,14,1,108,1,91,113.9,115.5,115.5,111.0,108.5,108.5,2.8,7.0,7.0,0.077,0.0,22.2,0.0,0.0,0.0,0.0,0.0,0.143,0.143,0.106,0.106,91.01,91.42,76.18,91.42,0.015,58,1.0,7.0,47,44,44,92,84,84,64,59,59,99,76,51,37,61,31,1,1,131,136,138,138,144,136,136,131,107,74,29,22,0,0,2,4,2,0.069,0.069,2,1,2,0.5,0,0,0.0,2,1.0,0,0.0,0,0.0,0,0.0,0,0.0,2,36,23,1.1,1.81,0.97,0.056,0,1,0,0.0,0.0,0.0,0.0,0.0,0.0,2.0,0.0,0.0,0.0,0.0,3.0,1.0,0.75,7.0,0.571,2.0,0.8,6.8,3.0,1.0,0.75,9.0,0.444,2.0,0.571,6.8,,,,,,,,,,,,,,,0.143,0.0,1.0,0.0,0.0,0.143,0.0,1.0,0.0,0.0,0.0,0.0,,0.714,1.0,5.0,0.2,0.2,0.286,1.0,2.0,0.5,0.429,0.0,3.0,0.0,0.143,0.0,1.0,0.0,0.0,0.0,0.0,0.0,,0.143,0.0,1.0,0.0,1,2,0.5,2,0.0,0.0,,0.5,0,0.0,0,0.0,0,0.0,0,0.0,0.143,0,0,0.0,0.0,1.0,0.0,1,2,0.5,0.0,2.0,0.0,0.0,0.0,0.0,0.0,2.0,0.0,0.0,0.0,0.0,0.0,2.0,0.0,UTA,0,0,0.0,0.0,1.0,0.0,1.0,1.0,1.0,0,0,0.0,0.0,3.0,0.0,0.0,1.0,0.0,0.0,1.0,0.0,,,,0.0,0.0,0.0,0,4,0.0,4.0,0.0,0.0,5.0,10.0,0.5,0.486,0.014,2.0,3.0,0.667,0.404,0.263,3.0,7.0,0.429,0.529,-0.1,2.0,2.0,1.0,0.579,0.422,3.0,5.0,0.6,0.576,0.024,2.0,3.0,0.667,0.407,0.26,6.0,3.0,3.0,2.0,0.0,1.0,3.0,0.0,0.0,0.0,0.0,0.0,0.0,0.0,0.0,0.0,0.0,0.0,0.0,0.0,0.0,10388,2.0,1.1,0.9,3.91,4.59,3.31,2017,20170320,False
202322,John Wall,John,1610612764,WAS,26.0,1,0,1,0.0,33.903333333333336,4,10,0.4,0,3,0.0,8,9,0.889,0,4,4,8,5,3,0,1,1,4,16,-21,36.8,0,0,34.0,1,79,79,79,24,58,47,93,63,50,63,4,5,45,83,36,51,4,2,3,48,106,44,17,27,152,20,14,1,24,1,103,89.8,91.7,91.7,120.1,120.8,120.8,-30.3,-29.2,-29.2,0.4,1.6,29.6,0.0,0.114,0.053,18.5,18.5,0.4,0.573,0.232,0.233,103.3,101.94,84.95,101.94,0.153,72,4.0,10.0,124,122,122,124,125,125,132,129,129,10,36,25,37,33,24,130,130,104,58,42,47,62,67,67,36,58,47,65,69,0,0,26,16,7,0.123,0.108,16,3,4,0.75,6,6,1.0,12,0.75,7,0.438,2,0.125,0,0.0,3,0.188,16,89,22,8.2,5.54,4.57,0.18,1,1,0,0.0,0.0,0.0,0.0,0.0,0.0,4.0,0.0,1.0,0.0,0.0,1.0,3.0,0.25,8.0,0.5,0.0,0.5,17.6,1.0,3.0,0.25,12.0,0.333,1.0,0.364,17.6,1.0,0.2,1.0,2.0,0.5,0.5,0.2,1.0,2.0,0.5,0.0,0.0,0.0,,0.3,2.0,3.0,0.667,0.667,0.3,2.0,3.0,0.667,0.0,0.0,0.0,,0.3,1.0,3.0,0.333,0.333,0.2,1.0,2.0,0.5,0.1,0.0,1.0,0.0,0.2,0.0,2.0,0.0,0.0,0.0,0.0,0.0,,0.2,0.0,2.0,0.0,0,3,0.0,0,0.0,2.0,0.0,0.0,0,0.0,0,0.0,0,0.0,0,0.0,0.4,4,5,0.8,0.0,0.0,0.0,0,2,0.0,0.0,0.0,0.0,0.0,0.0,0.0,0.0,3.0,0.0,0.0,0.0,0.0,0.0,0.0,0.0,WAS,4,5,0.8,0.0,0.0,0.0,0.0,1.0,0.0,0,1,0.0,0.0,1.0,0.0,0.0,2.0,0.0,,,,,,,0.0,0.0,0.0,0,1,0.0,1.0,0.0,0.0,3.0,7.0,0.429,0.462,-0.034,2.0,5.0,0.4,0.38,0.02,1.0,2.0,0.5,0.522,-0.022,0.0,1.0,0.0,0.556,-0.556,0.0,1.0,0.0,0.528,-0.528,3.0,6.0,0.5,0.389,0.111,4.0,1.0,3.0,4.0,0.0,0.0,0.0,0.0,0.0,1.0,0.0,0.0,0.0,0.0,0.0,0.0,0.0,0.0,0.0,0.0,0.0,10690,2.0,1.0,1.0,3.54,3.69,3.41,2017,20170320,False
101181,Jose Calderon,Jose,1610612737,ATL,35.0,1,0,1,0.0,5.616666666666666,1,2,0.5,0,1,0.0,0,0,0.0,1,0,1,1,0,0,0,1,0,0,2,8,4.7,0,0,4.0,1,79,79,79,143,107,130,46,63,82,63,85,95,85,36,138,121,80,95,78,48,106,1,115,119,36,133,14,1,138,1,90,124.2,145.5,145.5,80.0,80.0,80.0,44.2,65.5,65.5,0.167,0.0,33.3,0.0,0.0,0.0,0.0,0.0,0.5,0.5,0.118,0.126,97.77,89.73,74.78,89.73,0.104,11,1.0,2.0,19,4,4,13,13,13,7,5,5,51,76,13,37,61,31,1,1,59,85,129,126,95,144,144,67,107,130,13,12,0,0,3,2,1,0.077,0.077,0,0,0,0.0,0,0,0.0,0,0.0,0,0.0,0,0.0,0,0.0,0,0.0,2,15,6,0.8,3.39,3.67,0.133,0,0,0,0.0,0.0,0.0,0.0,1.0,0.0,2.0,0.5,0.0,0.5,26.0,0.0,0.0,0.0,0.0,0.0,0.0,0.0,0.0,0.0,1.0,0.0,2.0,0.5,0.0,0.5,26.0,,,,,,,,,,,,,,,0.5,0.0,1.0,0.0,0.0,0.0,0.0,0.0,,0.5,0.0,1.0,0.0,,,,,,,,,,,,,,0.5,1.0,1.0,1.0,1.0,0.5,1.0,1.0,1.0,0.0,0.0,0.0,,1,1,1.0,2,,,,1.0,0,0.0,0,0.0,0,0.0,0,0.0,0.5,0,0,0.0,0.0,0.0,0.0,1,1,1.0,0.0,0.0,0.0,,,,0.0,1.0,0.0,,,,0.0,0.0,0.0,ATL,0,0,0.0,0.0,0.0,0.0,0.0,0.0,0.0,1,1,1.0,0.0,0.0,0.0,0.0,1.0,0.0,,,,,,,,,,0,0,,,,,1.0,2.0,0.5,0.411,0.09,1.0,2.0,0.5,0.393,0.108,,,,,,,,,,,,,,,,1.0,2.0,0.5,0.4,0.1,1.0,0.0,1.0,2.0,0.0,0.0,0.0,0.0,0.0,1.0,0.0,0.0,0.0,0.0,0.0,0.0,0.0,0.0,0.0,0.0,0.0,2032,0.4,0.2,0.2,4.27,4.92,3.77,2017,20170320,False
1627823,Juancho Hernangomez,Juancho,1610612743,DEN,21.0,1,0,1,0.0,33.343333333333334,6,11,0.545,1,5,0.2,2,2,1.0,1,4,5,1,0,1,0,0,2,2,15,9,25.5,0,0,24.0,1,79,79,79,25,19,35,42,36,26,56,47,53,1,36,36,40,80,95,34,48,1,76,49,37,32,52,14,1,50,1,106,121.7,126.4,126.4,115.8,113.9,113.9,5.9,12.5,12.5,0.038,0.0,7.7,0.03,0.0,0.0,0.0,0.0,0.591,0.631,0.156,0.153,104.83,103.65,86.37,103.65,0.085,72,6.0,11.0,24,15,15,106,99,99,58,50,50,109,76,102,29,61,31,1,1,40,38,102,107,54,55,55,84,19,35,32,27,0,0,3,2,1,0.031,0.031,2,0,1,0.0,0,0,0.0,0,0.0,1,0.5,0,0.0,0,0.0,0,0.0,15,46,30,1.2,1.5,0.35,0.326,0,1,5,0.0,2.0,1.6,1.0,0.0,1.0,2.0,0.5,0.0,0.5,4.5,1.0,3.0,0.25,4.0,1.0,0.0,1.0,3.7,2.0,3.0,0.4,6.0,0.833,0.0,0.833,3.9,1.0,0.182,1.0,2.0,0.5,0.5,0.182,1.0,2.0,0.5,0.0,0.0,0.0,,0.273,3.0,3.0,1.0,1.0,0.273,3.0,3.0,1.0,0.0,0.0,0.0,,0.182,1.0,2.0,0.5,0.5,0.091,1.0,1.0,1.0,0.091,0.0,1.0,0.0,0.364,1.0,4.0,0.25,0.375,0.0,0.0,0.0,,0.364,1.0,4.0,0.25,0,0,,0,0.0,0.0,,,3,0.2,8,1.0,2,0.0,0,0.0,0.591,4,4,1.0,1.0,2.0,0.5,0,0,0.0,0.0,1.0,0.0,0.0,1.0,0.0,1.0,3.0,0.333,0.0,0.0,0.0,0.0,2.0,0.0,DEN,4,4,1.0,1.0,2.0,0.5,0.0,0.0,0.0,0,0,0.0,0.0,2.0,0.0,1.0,3.0,0.333,0.0,0.0,0.0,,,,0.0,0.0,0.0,1,5,1.0,5.0,0.2,0.3,12.0,17.0,0.706,0.438,0.268,6.0,9.0,0.667,0.352,0.315,6.0,8.0,0.75,0.54,0.21,5.0,7.0,0.714,0.627,0.088,5.0,7.0,0.714,0.581,0.133,7.0,10.0,0.7,0.355,0.345,14.0,5.0,9.0,3.0,0.0,1.0,2.0,0.0,0.0,0.0,0.0,0.0,0.0,0.0,0.0,0.0,0.0,0.0,0.0,0.0,0.0,13387,2.5,1.3,1.2,4.51,4.74,4.28,2017,20170320,False
1626147,Justin Anderson,Justin,1610612755,PHI,23.0,1,0,1,0.0,26.783333333333335,0,2,0.0,0,2,0.0,1,2,0.5,0,7,7,1,2,1,0,0,4,1,1,-8,11.9,0,0,11.0,1,79,79,79,57,133,130,133,63,67,63,64,53,69,83,11,23,80,26,34,48,1,128,76,137,119,105,14,1,102,1,112,86.0,86.4,86.4,92.5,95.2,95.2,-6.5,-8.7,-8.7,0.059,0.5,16.7,0.0,0.0,0.0,33.3,34.0,0.0,0.174,0.075,0.076,110.25,108.43,90.35,108.43,0.012,59,0.0,2.0,132,131,131,38,45,45,87,92,92,104,66,71,37,61,31,150,152,133,132,148,148,12,20,20,133,133,130,27,13,0,1,2,3,2,0.037,0.074,2,0,0,0.0,0,0,0.0,0,0.0,0,0.0,0,0.0,2,1.0,0,0.0,1,33,16,1.2,2.26,0.88,0.03,0,0,1,0.0,0.0,0.0,0.0,0.0,0.0,0.0,0.0,0.0,0.0,0.0,0.0,7.0,0.0,8.0,0.875,0.0,0.875,3.6,0.0,7.0,0.0,8.0,0.875,0.0,0.875,3.6,,,,,,,,,,,,,,,0.5,0.0,1.0,0.0,0.0,0.0,0.0,0.0,,0.5,0.0,1.0,0.0,,,,,,,,,,,,,,0.5,0.0,1.0,0.0,0.0,0.0,0.0,0.0,,0.5,0.0,1.0,0.0,0,0,,0,0.0,0.0,,,0,0.0,0,0.0,0,0.0,0,0.0,0.0,0,0,0.0,0.0,0.0,0.0,0,0,0.0,0.0,0.0,0.0,0.0,0.0,0.0,0.0,2.0,0.0,0.0,0.0,0.0,0.0,0.0,0.0,PHI,0,0,0.0,0.0,0.0,0.0,0.0,0.0,0.0,0,0,0.0,0.0,0.0,0.0,0.0,1.0,0.0,0.0,1.0,0.0,0.0,0.0,0.0,0.0,0.0,0.0,0,2,0.0,2.0,0.0,0.0,3.0,9.0,0.333,0.453,-0.119,0.0,2.0,0.0,0.387,-0.387,3.0,7.0,0.429,0.485,-0.057,2.0,5.0,0.4,0.603,-0.203,3.0,6.0,0.5,0.564,-0.064,0.0,3.0,0.0,0.384,-0.384,4.0,2.0,2.0,0.0,0.0,0.0,0.0,0.0,0.0,0.0,0.0,0.0,0.0,0.0,0.0,0.0,0.0,0.0,0.0,0.0,0.0,10414,2.0,1.1,0.8,4.48,4.78,3.7,2017,20170320,False
203200,Justin Holiday,Justin,1610612752,NYK,28.0,1,0,1,0.0,26.85,4,8,0.5,1,3,0.333,2,2,1.0,0,4,4,3,0,1,1,0,0,1,11,-4,26.3,0,0,23.0,1,79,79,79,56,58,63,46,36,50,37,47,53,1,83,36,51,35,95,34,13,1,1,76,59,91,48,14,1,55,1,97,105.2,105.8,105.8,112.9,111.3,111.3,-7.7,-5.6,-5.6,0.176,0.0,25.0,0.0,0.0,0.0,0.0,0.0,0.563,0.619,0.158,0.155,93.46,93.85,78.21,93.85,0.155,52,4.0,8.0,70,71,71,98,94,94,91,86,86,49,76,31,37,61,31,1,1,47,43,99,103,126,116,116,35,58,63,25,25,0,0,3,6,3,0.12,0.12,2,1,1,1.0,0,0,0.0,2,1.0,1,0.5,0,0.0,0,0.0,0,0.0,11,33,24,1.2,2.25,1.09,0.333,0,0,1,0.0,0.0,0.0,0.0,0.0,0.0,0.0,0.0,0.0,0.0,0.0,0.0,4.0,0.0,7.0,0.571,1.0,0.667,3.6,0.0,4.0,0.0,7.0,0.571,1.0,0.667,3.6,,,,,,,,,,,,,,,0.5,2.0,4.0,0.5,0.5,0.5,2.0,4.0,0.5,0.0,0.0,0.0,,0.25,1.0,2.0,0.5,0.75,0.0,0.0,0.0,,0.25,1.0,2.0,0.5,0.25,1.0,2.0,0.5,0.5,0.125,1.0,1.0,1.0,0.125,0.0,1.0,0.0,2,3,0.667,4,0.0,0.0,,0.667,5,0.4,0,0.0,0,0.0,0,0.0,0.563,0,0,0.0,0.0,0.0,0.0,3,5,0.6,0.0,0.0,0.0,0.0,0.0,0.0,1.0,3.0,0.333,0.0,0.0,0.0,0.0,0.0,0.0,NYK,0,0,0.0,0.0,0.0,0.0,0.0,0.0,0.0,2,3,0.667,1.0,2.0,0.5,1.0,3.0,0.333,,,,,,,0.0,0.0,0.0,2,5,1.0,3.0,0.333,0.5,3.0,13.0,0.231,0.434,-0.204,0.0,7.0,0.0,0.364,-0.364,3.0,6.0,0.5,0.484,0.016,3.0,5.0,0.6,0.621,-0.021,3.0,5.0,0.6,0.576,0.024,0.0,8.0,0.0,0.384,-0.384,9.0,4.0,5.0,1.0,0.0,0.0,0.0,0.0,0.0,3.0,0.0,0.0,0.0,0.0,0.0,0.0,0.0,0.0,0.0,0.0,0.0,10062,1.9,1.0,0.9,4.26,4.76,3.81,2017,20170320,False
203482,Kelly Olynyk,Kelly,1610612738,BOS,26.0,1,1,0,1.0,17.883333333333333,4,7,0.571,1,2,0.5,0,0,0.0,4,7,11,1,3,0,1,0,5,3,9,4,23.7,0,0,24.0,1,1,1,1,99,58,74,31,36,67,17,85,95,85,8,11,7,80,13,78,13,1,145,30,72,53,57,14,1,50,1,101,100.7,100.0,100.0,85.9,86.8,86.8,14.7,13.2,13.2,0.091,0.33,9.1,0.0,0.368,0.0,27.3,27.3,0.643,0.643,0.217,0.219,100.87,100.65,83.88,100.65,0.191,37,4.0,7.0,82,83,83,25,24,24,42,49,49,91,72,97,37,1,31,147,147,35,37,50,53,73,75,75,21,58,74,28,16,0,0,3,2,1,0.036,0.036,0,0,0,0.0,0,0,0.0,0,0.0,0,0.0,0,0.0,0,0.0,0,0.0,9,36,21,1.0,1.7,0.64,0.25,1,4,8,0.0,1.0,0.5,4.0,0.0,1.0,6.0,0.667,0.0,0.667,4.7,2.0,5.0,0.286,7.0,1.0,1.0,1.167,6.1,6.0,5.0,0.545,13.0,0.846,1.0,0.917,5.6,1.0,0.143,0.0,1.0,0.0,0.0,0.143,0.0,1.0,0.0,0.0,0.0,0.0,,0.571,3.0,4.0,0.75,0.75,0.571,3.0,4.0,0.75,0.0,0.0,0.0,,,,,,,,,,,,,,,0.286,1.0,2.0,0.5,0.75,0.0,0.0,0.0,,0.286,1.0,2.0,0.5,1,1,1.0,2,0.0,0.0,,1.0,3,0.5,4,0.5,4,1.0,0,0.0,0.643,2,4,0.5,0.0,0.0,0.0,1,1,1.0,0.0,0.0,0.0,0.0,0.0,0.0,1.0,2.0,0.5,0.0,0.0,0.0,0.0,0.0,0.0,BOS,2,4,0.5,1.0,1.0,1.0,0.0,0.0,0.0,0,0,0.0,0.0,0.0,0.0,1.0,2.0,0.5,,,,,,,0.0,0.0,0.0,1,2,1.0,2.0,0.5,0.75,4.0,11.0,0.364,0.467,-0.104,2.0,3.0,0.667,0.424,0.242,2.0,8.0,0.25,0.489,-0.239,2.0,4.0,0.5,0.58,-0.08,2.0,5.0,0.4,0.537,-0.137,2.0,4.0,0.5,0.438,0.062,8.0,5.0,3.0,1.0,0.0,0.0,0.0,0.0,0.0,0.0,0.0,0.0,0.0,0.0,0.0,0.0,0.0,0.0,0.0,0.0,0.0,6877,1.3,0.7,0.6,4.37,4.55,4.18,2017,20170320,False
1626162,Kelly Oubre Jr.,Kelly,1610612764,WAS,21.0,1,0,1,0.0,24.233333333333334,2,5,0.4,0,3,0.0,0,0,0.0,0,4,4,0,1,1,2,0,3,3,4,4,16.8,0,0,14.0,1,79,79,79,66,86,90,93,63,50,63,85,95,85,83,36,51,111,45,34,5,1,104,30,102,53,84,14,1,88,1,103,95.9,100.0,100.0,94.1,92.6,92.6,1.9,7.4,7.4,0.0,0.0,0.0,0.0,0.129,0.07,16.7,16.7,0.4,0.4,0.102,0.101,108.39,106.96,89.13,106.96,0.044,54,2.0,5.0,102,83,83,43,35,35,66,58,58,111,76,111,37,26,16,117,120,104,116,140,141,27,25,25,116,86,90,17,10,0,0,0,0,0,0.0,0.0,0,0,0,0.0,0,0,0.0,0,0.0,0,0.0,0,0.0,0,0.0,0,0.0,4,23,13,0.6,1.67,0.39,0.174,0,0,2,0.0,0.0,0.0,0.0,0.0,0.0,3.0,0.0,0.0,0.0,0.0,1.0,3.0,0.25,5.0,0.8,0.0,0.8,5.3,1.0,3.0,0.25,8.0,0.5,0.0,0.5,5.3,1.0,0.2,1.0,1.0,1.0,1.0,0.2,1.0,1.0,1.0,0.0,0.0,0.0,,,,,,,,,,,,,,,0.2,0.0,1.0,0.0,0.0,0.0,0.0,0.0,,0.2,0.0,1.0,0.0,0.6,1.0,3.0,0.333,0.333,0.2,1.0,1.0,1.0,0.4,0.0,2.0,0.0,0,0,,0,0.0,0.0,,,0,0.0,0,0.0,0,0.0,0,0.0,0.4,2,2,1.0,0.0,0.0,0.0,0,0,0.0,0.0,1.0,0.0,0.0,0.0,0.0,0.0,2.0,0.0,0.0,0.0,0.0,0.0,1.0,0.0,WAS,2,2,1.0,0.0,0.0,0.0,0.0,0.0,0.0,0,0,0.0,0.0,1.0,0.0,0.0,2.0,0.0,,,,,,,0.0,0.0,0.0,0,3,0.0,3.0,0.0,0.0,3.0,9.0,0.333,0.451,-0.118,2.0,3.0,0.667,0.376,0.291,1.0,6.0,0.167,0.503,-0.336,0.0,1.0,0.0,0.714,-0.714,0.0,3.0,0.0,0.55,-0.55,2.0,5.0,0.4,0.365,0.035,8.0,6.0,2.0,5.0,0.0,0.0,0.0,0.0,0.0,1.0,0.0,0.0,0.0,0.0,0.0,0.0,0.0,0.0,0.0,0.0,0.0,9005,1.7,0.8,0.9,4.21,4.54,3.95,2017,20170320,False
202689,Kemba Walker,Kemba,1610612766,CHA,27.0,1,1,0,1.0,29.2,6,16,0.375,4,8,0.5,0,0,0.0,0,4,4,4,0,1,0,1,0,0,16,-2,29.8,0,0,30.0,1,1,1,1,46,19,14,101,3,9,17,85,95,85,83,36,51,22,95,34,48,106,1,115,27,82,35,14,1,30,1,90,101.3,105.5,105.5,104.1,109.1,109.1,-2.8,-3.6,-3.6,0.25,0.0,20.0,0.0,0.129,0.066,0.0,0.0,0.5,0.5,0.276,0.27,94.45,90.41,75.34,90.41,0.132,55,6.0,16.0,79,72,72,80,87,87,82,81,81,26,76,58,37,26,17,1,1,59,85,22,25,120,142,142,50,19,14,55,57,0,2,7,10,6,0.073,0.109,7,0,5,0.0,0,0,0.0,0,0.0,1,0.143,1,0.143,0,0.0,0,0.0,16,73,23,6.8,5.55,5.26,0.219,0,0,0,0.0,0.0,0.0,0.0,0.0,0.0,0.0,0.0,0.0,0.0,0.0,0.0,4.0,0.0,11.0,0.364,1.0,0.4,12.3,0.0,4.0,0.0,11.0,0.364,1.0,0.4,12.3,1.0,0.125,0.0,2.0,0.0,0.0,0.125,0.0,2.0,0.0,0.0,0.0,0.0,,0.313,0.0,5.0,0.0,0.0,0.188,0.0,3.0,0.0,0.125,0.0,2.0,0.0,0.25,3.0,4.0,0.75,1.0,0.063,1.0,1.0,1.0,0.188,2.0,3.0,0.667,0.313,3.0,5.0,0.6,0.8,0.125,1.0,2.0,0.5,0.188,2.0,3.0,0.667,4,9,0.444,10,2.0,3.0,0.667,0.556,6,0.5,0,0.0,0,0.0,0,0.0,0.5,0,1,0.0,0.0,2.0,0.0,2,5,0.4,0.0,0.0,0.0,0.0,0.0,0.0,4.0,8.0,0.5,,,,0.0,0.0,0.0,CHA,0,1,0.0,0.0,2.0,0.0,0.0,3.0,0.0,1,1,1.0,2.0,4.0,0.5,3.0,4.0,0.75,0.0,1.0,0.0,,,,,,,2,4,2.0,4.0,0.5,0.75,6.0,14.0,0.429,0.452,-0.023,3.0,6.0,0.5,0.345,0.155,3.0,8.0,0.375,0.488,-0.113,1.0,3.0,0.333,0.618,-0.284,1.0,3.0,0.333,0.572,-0.239,4.0,9.0,0.444,0.39,0.054,8.0,5.0,3.0,2.0,0.0,0.0,0.0,0.0,0.0,2.0,0.0,0.0,0.0,0.0,0.0,0.0,0.0,0.0,0.0,0.0,0.0,10210,1.9,1.1,0.9,3.91,4.4,3.81,2017,20170320,False
202702,Kenneth Faried,Kenneth,1610612743,DEN,27.0,1,0,1,0.0,10.0,2,6,0.333,0,0,0.0,1,1,1.0,3,0,3,0,4,0,0,0,2,1,5,-7,4.6,0,0,8.0,1,79,79,79,134,86,81,106,63,108,63,64,83,1,10,138,78,111,8,78,48,1,76,76,95,109,135,14,1,116,1,106,95.2,100.0,100.0,129.4,129.2,129.2,-34.1,-29.2,-29.2,0.0,0.0,0.0,0.0,0.0,0.0,40.0,38.3,0.333,0.388,0.333,0.346,117.98,115.2,96.0,115.2,-0.078,24,2.0,6.0,106,83,83,143,143,143,139,129,129,111,76,111,37,61,31,153,153,112,119,7,8,2,4,4,149,86,81,7,9,0,0,0,0,0,0.0,0.0,1,0,0,0.0,0,0,0.0,0,0.0,1,1.0,0,0.0,0,0.0,0,0.0,5,17,13,0.5,1.78,0.65,0.294,3,3,5,0.0,0.0,1.0,3.0,0.0,1.0,4.0,0.75,0.0,0.75,2.0,0.0,0.0,0.0,2.0,0.0,0.0,0.0,0.0,3.0,0.0,1.0,6.0,0.5,0.0,0.5,2.0,1.0,0.5,0.0,3.0,0.0,0.0,0.5,0.0,3.0,0.0,0.0,0.0,0.0,,0.5,2.0,3.0,0.667,0.667,0.5,2.0,3.0,0.667,0.0,0.0,0.0,,,,,,,,,,,,,,,,,,,,,,,,,,,,0,0,,0,,,,,0,0.0,5,0.4,0,0.0,0,0.0,0.333,2,5,0.4,0.0,1.0,0.0,0,0,0.0,0.0,0.0,0.0,0.0,0.0,0.0,0.0,0.0,0.0,0.0,0.0,0.0,0.0,0.0,0.0,DEN,2,5,0.4,0.0,1.0,0.0,0.0,0.0,0.0,0,0,0.0,0.0,0.0,0.0,0.0,0.0,0.0,0.0,0.0,0.0,0.0,0.0,0.0,0.0,0.0,0.0,0,0,,,,,3.0,4.0,0.75,0.433,0.317,1.0,2.0,0.5,0.354,0.146,2.0,2.0,1.0,0.529,0.472,,,,,,1.0,1.0,1.0,0.587,0.413,1.0,2.0,0.5,0.353,0.147,2.0,1.0,1.0,0.0,0.0,0.0,0.0,0.0,0.0,1.0,0.0,0.0,0.0,0.0,0.0,0.0,0.0,0.0,0.0,0.0,0.0,3906,0.7,0.4,0.3,4.2,4.28,4.1,2017,20170320,False
1626172,Kevon Looney,Kevon,1610612744,GSW,21.0,1,1,0,1.0,5.3,1,2,0.5,0,0,0.0,0,0,0.0,1,1,2,0,0,0,0,0,0,0,2,-7,4.4,0,0,4.0,1,1,1,1,145,107,130,46,63,108,63,85,95,85,36,105,102,111,95,78,48,1,1,115,119,109,137,14,1,138,1,101,56.3,50.0,50.0,133.3,133.3,133.3,-77.0,-83.3,-83.3,0.0,0.0,0.0,0.0,0.0,0.0,0.0,0.0,0.5,0.5,0.182,0.202,80.97,86.04,71.7,86.04,0.172,10,1.0,2.0,155,156,156,148,148,148,153,153,153,111,76,111,37,61,31,1,1,59,85,71,67,156,154,154,27,107,130,15,9,0,0,1,0,0,0.0,0.0,0,0,0,0.0,0,0,0.0,0,0.0,0,0.0,0,0.0,0,0.0,0,0.0,2,17,10,0.6,2.02,0.29,0.118,1,0,1,0.0,0.0,0.0,1.0,0.0,1.0,2.0,0.5,0.0,0.5,0.8,0.0,1.0,0.0,1.0,1.0,0.0,1.0,5.1,1.0,1.0,0.5,3.0,0.667,0.0,0.667,2.9,1.0,0.5,0.0,1.0,0.0,0.0,0.5,0.0,1.0,0.0,0.0,0.0,0.0,,0.5,1.0,1.0,1.0,1.0,0.5,1.0,1.0,1.0,0.0,0.0,0.0,,,,,,,,,,,,,,,,,,,,,,,,,,,,0,0,,0,,,,,0,0.0,0,0.0,0,0.0,0,0.0,0.5,1,2,0.5,0.0,0.0,0.0,0,0,0.0,,,,0.0,0.0,0.0,,,,,,,0.0,0.0,0.0,GSW,1,2,0.5,0.0,0.0,0.0,0.0,0.0,0.0,0,0,0.0,0.0,0.0,0.0,,,,,,,,,,,,,0,0,,,,,2.0,3.0,0.667,0.425,0.241,,,,,,2.0,3.0,0.667,0.469,0.198,1.0,1.0,1.0,0.66,0.34,1.0,1.0,1.0,0.614,0.386,1.0,2.0,0.5,0.354,0.146,4.0,4.0,0.0,0.0,0.0,0.0,0.0,0.0,0.0,0.0,0.0,0.0,0.0,0.0,0.0,0.0,0.0,0.0,0.0,0.0,0.0,1926,0.4,0.2,0.2,4.53,3.88,5.45,2017,20170320,False
202691,Klay Thompson,Klay,1610612744,GSW,27.0,1,1,0,1.0,31.983333333333334,12,21,0.571,7,15,0.467,3,3,1.0,1,5,6,2,1,2,0,0,2,4,34,15,49.2,0,0,53.0,1,1,1,1,32,3,4,31,1,1,28,30,46,1,36,26,28,51,45,9,48,1,76,17,3,15,8,14,1,3,1,101,119.6,117.4,117.4,95.7,95.7,95.7,24.0,21.7,21.7,0.118,2.0,8.0,0.0,0.119,0.0,4.0,3.9,0.738,0.762,0.311,0.321,102.59,103.55,86.29,103.55,0.266,69,12.0,21.0,30,41,41,48,46,46,26,34,34,73,19,101,37,30,31,63,64,20,15,12,11,64,56,56,6,3,4,24,38,0,0,5,6,2,0.083,0.083,5,1,1,1.0,0,0,0.0,2,0.4,3,0.6,0,0.0,1,0.2,0,0.0,34,47,34,1.5,1.89,1.23,0.723,2,1,2,2.0,2.0,2.0,0.0,1.0,0.0,3.0,0.333,0.0,0.333,23.6,2.0,3.0,0.4,7.0,0.714,0.0,0.714,12.6,2.0,4.0,0.333,10.0,0.6,0.0,0.6,14.5,1.0,0.095,2.0,2.0,1.0,1.0,0.095,2.0,2.0,1.0,0.0,0.0,0.0,,0.286,2.0,6.0,0.333,0.417,0.095,1.0,2.0,0.5,0.19,1.0,4.0,0.25,0.381,4.0,8.0,0.5,0.625,0.095,2.0,2.0,1.0,0.286,2.0,6.0,0.333,0.238,4.0,5.0,0.8,1.2,0.0,0.0,0.0,,0.238,4.0,5.0,0.8,2,3,0.667,4,0.0,1.0,0.0,0.667,21,0.5,4,1.0,2,1.0,4,1.0,0.738,3,4,0.75,0.0,0.0,0.0,2,2,1.0,1.0,1.0,1.0,2.0,5.0,0.4,4.0,9.0,0.444,0.0,0.0,0.0,3.0,6.0,0.5,GSW,3,4,0.75,0.0,0.0,0.0,1.0,1.0,1.0,0,0,0.0,6.0,13.0,0.462,2.0,3.0,0.667,,,,,,,0.0,0.0,0.0,7,14,7.0,14.0,0.5,0.75,3.0,8.0,0.375,0.45,-0.075,1.0,1.0,1.0,0.353,0.647,2.0,7.0,0.286,0.506,-0.221,2.0,2.0,1.0,0.621,0.38,2.0,5.0,0.4,0.568,-0.168,1.0,3.0,0.333,0.371,-0.038,4.0,4.0,0.0,2.0,0.0,0.0,0.0,0.0,0.0,2.0,0.0,0.0,0.0,0.0,0.0,0.0,0.0,0.0,0.0,0.0,0.0,12174,2.3,1.3,1.0,4.33,5.13,3.59,2017,20170320,False
2743,Kris Humphries,Kris,1610612737,ATL,32.0,1,0,1,0.0,9.35,1,2,0.5,0,1,0.0,0,0,0.0,0,6,6,1,0,0,0,0,0,1,2,2,10.7,0,0,9.0,1,79,79,79,136,107,130,46,63,82,63,85,95,85,83,19,28,80,95,78,48,1,1,76,119,61,111,14,1,113,1,90,95.3,100.0,100.0,98.0,100.0,100.0,-2.7,0.0,0.0,0.143,0.0,33.3,0.0,0.0,0.0,0.0,0.0,0.5,0.5,0.08,0.087,90.35,87.27,72.73,87.27,0.276,18,1.0,2.0,104,83,83,53,53,53,81,71,71,57,76,13,37,61,31,1,1,59,85,147,144,147,150,150,5,107,130,18,13,0,0,1,2,1,0.056,0.056,0,0,0,0.0,0,0,0.0,0,0.0,0,0.0,0,0.0,0,0.0,0,0.0,2,22,12,0.5,1.32,0.14,0.091,4,0,2,0.5,0.0,0.0,0.0,0.0,0.0,0.0,0.0,0.0,0.0,0.0,1.0,5.0,0.167,5.0,1.2,0.0,1.2,2.7,1.0,5.0,0.167,5.0,1.2,0.0,1.2,2.7,,,,,,,,,,,,,,,,,,,,,,,,,,,,,,,,,,,,,,,,,1.0,1.0,2.0,0.5,0.5,0.5,1.0,1.0,1.0,0.5,0.0,1.0,0.0,0,0,,0,0.0,0.0,,,2,0.5,0,0.0,0,0.0,2,1.0,0.5,0,0,0.0,1.0,1.0,1.0,0,0,0.0,0.0,0.0,0.0,0.0,0.0,0.0,0.0,1.0,0.0,,,,0.0,0.0,0.0,ATL,0,0,0.0,0.0,0.0,0.0,1.0,1.0,1.0,0,0,0.0,0.0,0.0,0.0,0.0,1.0,0.0,,,,,,,,,,1,2,0.0,1.0,0.0,0.5,0.0,1.0,0.0,0.46,-0.46,,,,,,0.0,1.0,0.0,0.536,-0.536,,,,,,,,,,,0.0,1.0,0.0,0.332,-0.332,1.0,1.0,0.0,0.0,0.0,2.0,4.0,0.0,0.0,0.0,0.0,0.0,0.0,0.0,0.0,0.0,0.0,0.0,0.0,0.0,0.0,3236,0.6,0.3,0.3,3.85,4.01,3.7,2017,20170320,False
204001,Kristaps Porziņģis,Kristaps,1610612752,NYK,21.0,1,0,1,0.0,31.883333333333333,9,16,0.563,0,4,0.0,0,0,0.0,3,8,11,2,2,2,0,0,3,1,18,-7,38.2,1,0,35.0,1,79,79,79,34,8,14,36,63,38,63,85,95,85,10,5,7,51,26,9,48,1,104,76,20,109,17,1,1,21,1,97,109.7,108.8,108.8,121.0,120.9,120.9,-11.4,-12.1,-12.1,0.111,1.0,10.0,0.0,0.0,0.0,10.0,10.0,0.563,0.563,0.234,0.235,101.17,101.62,84.68,101.62,0.13,68,9.0,16.0,53,63,63,130,127,127,98,102,102,77,43,94,37,61,31,89,91,47,65,39,41,72,68,68,51,8,14,54,43,0,0,5,5,2,0.037,0.037,3,2,2,1.0,0,0,0.0,4,1.333,0,0.0,1,0.333,0,0.0,0,0.0,18,74,43,1.9,1.54,0.51,0.243,6,1,5,0.333,2.0,0.8,2.0,1.0,0.667,5.0,0.6,0.0,0.6,3.6,0.0,7.0,0.0,14.0,0.571,1.0,0.615,3.2,2.0,8.0,0.182,19.0,0.579,1.0,0.611,3.3,1.0,0.125,1.0,2.0,0.5,0.5,0.125,1.0,2.0,0.5,0.0,0.0,0.0,,0.188,3.0,3.0,1.0,1.0,0.188,3.0,3.0,1.0,0.0,0.0,0.0,,0.125,1.0,2.0,0.5,0.5,0.125,1.0,2.0,0.5,0.0,0.0,0.0,,0.563,4.0,9.0,0.444,0.444,0.313,4.0,5.0,0.8,0.25,0.0,4.0,0.0,3,3,1.0,6,0.0,0.0,,1.0,6,0.333,4,0.667,2,1.0,2,0.5,0.563,3,4,0.75,2.0,3.0,0.667,4,5,0.8,0.0,0.0,0.0,0.0,0.0,0.0,0.0,4.0,0.0,0.0,0.0,0.0,0.0,0.0,0.0,NYK,3,4,0.75,1.0,1.0,1.0,2.0,3.0,0.667,3,4,0.75,0.0,0.0,0.0,0.0,4.0,0.0,,,,,,,0.0,0.0,0.0,3,8,0.0,3.0,0.0,0.375,8.0,14.0,0.571,0.499,0.072,2.0,5.0,0.4,0.346,0.054,6.0,9.0,0.667,0.552,0.115,3.0,6.0,0.5,0.652,-0.152,5.0,8.0,0.625,0.612,0.013,3.0,6.0,0.5,0.384,0.116,11.0,6.0,5.0,4.0,0.0,4.0,9.0,0.0,0.0,0.0,0.0,0.0,0.0,0.0,0.0,0.0,0.0,0.0,0.0,0.0,0.0,11801,2.2,1.2,1.0,4.14,4.43,3.84,2017,20170320,False
203124,Kyle O'Quinn,Kyle,1610612752,NYK,27.0,1,0,1,0.0,2.9716666666666667,0,0,0.0,0,0,0.0,0,0,0.0,0,1,1,0,0,0,0,0,0,1,0,-5,1.2,0,0,1.0,1,79,79,79,152,133,155,133,63,108,63,85,95,85,83,105,121,111,95,78,48,1,1,76,138,103,149,14,1,149,1,97,80.0,66.7,66.7,142.4,150.0,150.0,-62.4,-83.3,-83.3,0.0,0.0,0.0,0.0,0.0,0.0,0.0,0.0,0.0,0.0,0.0,0.0,91.42,96.92,80.76,96.92,0.087,6,0.0,0.0,139,145,145,153,152,152,149,153,153,111,76,111,37,61,31,1,1,133,138,155,155,142,98,98,82,133,155,4,1,0,0,0,0,0,0.0,0.0,0,0,0,0.0,0,0,0.0,0,0.0,0,0.0,0,0.0,0,0.0,0,0.0,0,4,1,0.1,1.6,0.0,0.0,0,0,0,0.0,0.0,0.0,0.0,0.0,0.0,0.0,0.0,0.0,0.0,0.0,0.0,1.0,0.0,1.0,1.0,0.0,1.0,4.0,0.0,1.0,0.0,1.0,1.0,0.0,1.0,4.0,,,,,,,,,,,,,,,,,,,,,,,,,,,,,,,,,,,,,,,,,,,,,,,,,,,,,,0,0,,0,,,,,0,0.0,0,0.0,0,0.0,0,0.0,0.0,0,0,0.0,0.0,0.0,0.0,0,0,0.0,,,,,,,0.0,0.0,0.0,,,,,,,NYK,0,0,0.0,0.0,0.0,0.0,0.0,0.0,0.0,0,0,0.0,,,,0.0,0.0,0.0,,,,,,,,,,0,0,,,,,1.0,1.0,1.0,0.479,0.521,,,,,,1.0,1.0,1.0,0.522,0.478,,,,,,,,,,,1.0,1.0,1.0,0.437,0.563,1.0,1.0,0.0,0.0,0.0,1.0,2.0,0.0,0.0,0.0,0.0,0.0,0.0,0.0,0.0,0.0,0.0,0.0,0.0,0.0,0.0,1147,0.2,0.1,0.1,4.02,3.82,4.25,2017,20170320,False
202498,Lance Thomas,Lance,1610612752,NYK,29.0,1,0,1,0.0,15.483333333333333,1,3,0.333,0,0,0.0,0,0,0.0,0,1,1,1,1,0,0,0,1,0,2,-9,3.7,0,0,4.0,1,79,79,79,115,107,116,106,63,108,63,85,95,85,83,105,121,80,45,78,48,1,44,115,119,124,140,14,1,138,1,97,81.6,79.3,79.3,111.3,106.7,106.7,-29.7,-27.4,-27.4,0.111,1.0,20.0,0.0,0.0,0.0,20.0,20.0,0.333,0.333,0.125,0.128,88.29,91.45,76.21,91.45,0.0,29,1.0,3.0,136,138,138,94,78,78,130,127,127,77,43,58,37,61,31,132,132,112,125,125,125,152,135,135,134,107,116,16,15,0,1,4,2,2,0.063,0.125,2,1,1,1.0,0,0,0.0,2,1.0,0,0.0,0,0.0,1,0.5,0,0.0,2,20,15,0.6,1.85,0.6,0.1,1,1,0,0.0,0.0,0.0,0.0,0.0,0.0,0.0,0.0,0.0,0.0,0.0,0.0,1.0,0.0,1.0,1.0,0.0,1.0,10.0,0.0,1.0,0.0,1.0,1.0,0.0,1.0,10.0,,,,,,,,,,,,,,,0.667,1.0,2.0,0.5,0.5,0.667,1.0,2.0,0.5,0.0,0.0,0.0,,0.333,0.0,1.0,0.0,0.0,0.333,0.0,1.0,0.0,0.0,0.0,0.0,,,,,,,,,,,,,,,0,0,,0,,,,,0,0.0,0,0.0,0,0.0,0,0.0,0.333,1,1,1.0,0.0,1.0,0.0,0,1,0.0,0.0,0.0,0.0,,,,0.0,0.0,0.0,0.0,0.0,0.0,0.0,0.0,0.0,NYK,1,1,1.0,0.0,0.0,0.0,0.0,1.0,0.0,0,0,0.0,0.0,1.0,0.0,0.0,0.0,0.0,,,,,,,0.0,0.0,0.0,0,1,,,,0.0,2.0,3.0,0.667,0.493,0.174,1.0,1.0,1.0,0.353,0.647,1.0,2.0,0.5,0.512,-0.012,1.0,1.0,1.0,0.616,0.384,1.0,1.0,1.0,0.571,0.429,1.0,2.0,0.5,0.404,0.096,4.0,2.0,2.0,1.0,0.0,1.0,2.0,0.0,0.0,0.0,0.0,0.0,0.0,0.0,0.0,0.0,0.0,0.0,0.0,0.0,0.0,5643,1.1,0.6,0.5,4.27,4.96,3.65,2017,20170320,False
202730,Lavoy Allen,Lavoy,1610612754,IND,28.0,1,1,0,1.0,16.016666666666666,1,1,1.0,0,0,0.0,0,0,0.0,1,2,3,0,0,0,1,0,1,0,2,2,8.6,0,0,7.0,1,1,1,1,112,107,146,1,63,108,63,85,95,85,36,85,78,111,95,78,13,1,44,115,119,61,118,14,1,121,1,91,100.1,103.2,103.2,87.2,93.8,93.8,12.9,9.5,9.5,0.0,0.0,0.0,0.0,0.091,0.0,0.0,0.0,1.0,1.0,0.029,0.029,99.44,94.4,78.67,94.4,0.084,31,1.0,1.0,83,76,76,27,39,39,46,55,55,111,76,111,37,40,31,1,1,4,4,154,154,85,113,113,86,107,146,16,5,0,0,1,0,0,0.0,0.0,0,0,0,0.0,0,0,0.0,0,0.0,0,0.0,0,0.0,0,0.0,0,0.0,2,19,5,0.4,1.26,0.16,0.105,0,0,3,0.0,0.0,0.667,1.0,0.0,1.0,2.0,0.5,0.0,0.5,2.5,2.0,0.0,1.0,3.0,0.667,0.0,0.667,3.9,3.0,0.0,1.0,5.0,0.6,0.0,0.6,3.4,,,,,,,,,,,,,,,,,,,,,,,,,,,,,,,,,,,,,,,,,1.0,1.0,1.0,1.0,1.0,1.0,1.0,1.0,1.0,0.0,0.0,0.0,,0,0,,0,,,,,2,1.0,2,0.0,0,0.0,0,0.0,1.0,0,0,0.0,0.0,0.0,0.0,1,1,1.0,0.0,0.0,0.0,,,,0.0,0.0,0.0,,,,0.0,0.0,0.0,IND,0,0,0.0,0.0,0.0,0.0,0.0,0.0,0.0,0,0,0.0,1.0,1.0,1.0,0.0,0.0,0.0,0.0,0.0,0.0,,,,,,,1,1,,,,1.0,3.0,8.0,0.375,0.443,-0.068,0.0,3.0,0.0,0.369,-0.369,3.0,5.0,0.6,0.479,0.121,1.0,2.0,0.5,0.558,-0.058,2.0,3.0,0.667,0.534,0.133,0.0,3.0,0.0,0.362,-0.362,6.0,3.0,3.0,1.0,0.0,2.0,4.0,0.0,0.0,0.0,0.0,0.0,0.0,0.0,0.0,0.0,0.0,0.0,0.0,0.0,0.0,6344,1.2,0.6,0.6,4.5,4.42,4.6,2017,20170320,False
101150,Lou Williams,Lou,1610612745,HOU,30.0,1,1,0,1.0,16.866666666666667,2,6,0.333,0,2,0.0,3,4,0.75,0,3,3,2,1,0,0,0,1,3,7,2,12.6,0,0,12.0,1,1,1,1,105,86,81,106,63,67,63,30,25,56,83,59,78,51,45,78,48,1,44,30,86,61,102,14,1,98,1,106,117.6,112.5,112.5,107.6,110.3,110.3,9.9,2.2,2.2,0.154,2.0,20.0,0.0,0.0,0.0,10.0,9.3,0.333,0.451,0.186,0.217,111.33,112.41,93.68,112.41,0.065,40,2.0,6.0,38,54,54,86,89,89,52,66,66,53,19,58,37,61,31,89,87,112,105,69,55,7,8,8,103,86,81,13,14,0,0,3,5,2,0.154,0.154,4,0,2,0.0,0,0,0.0,0,0.0,2,0.5,0,0.0,0,0.0,0,0.0,7,21,10,1.0,2.93,2.48,0.333,1,0,1,0.0,0.0,0.0,0.0,0.0,0.0,1.0,0.0,0.0,0.0,0.0,0.0,3.0,0.0,5.0,0.6,0.0,0.6,14.1,0.0,3.0,0.0,6.0,0.5,0.0,0.5,14.1,1.0,0.167,0.0,1.0,0.0,0.0,0.167,0.0,1.0,0.0,0.0,0.0,0.0,,0.5,2.0,3.0,0.667,0.667,0.5,2.0,3.0,0.667,0.0,0.0,0.0,,0.167,0.0,1.0,0.0,0.0,0.0,0.0,0.0,,0.167,0.0,1.0,0.0,0.167,0.0,1.0,0.0,0.0,0.0,0.0,0.0,,0.167,0.0,1.0,0.0,1,2,0.5,2,0.0,1.0,0.0,0.5,0,0.0,0,0.0,0,0.0,0,0.0,0.333,0,0,0.0,1.0,3.0,0.333,1,1,1.0,0.0,0.0,0.0,0.0,0.0,0.0,0.0,2.0,0.0,0.0,0.0,0.0,0.0,0.0,0.0,HOU,0,0,0.0,1.0,3.0,0.333,0.0,0.0,0.0,1,1,1.0,0.0,0.0,0.0,0.0,2.0,0.0,0.0,0.0,0.0,0.0,0.0,0.0,0.0,0.0,0.0,0,1,0.0,1.0,0.0,0.0,4.0,7.0,0.571,0.447,0.124,2.0,3.0,0.667,0.348,0.319,2.0,4.0,0.5,0.503,-0.003,1.0,1.0,1.0,0.613,0.387,1.0,2.0,0.5,0.556,-0.056,2.0,4.0,0.5,0.363,0.138,5.0,3.0,2.0,0.0,0.0,0.0,0.0,0.0,0.0,3.0,0.0,0.0,0.0,0.0,0.0,0.0,0.0,0.0,0.0,0.0,0.0,5998,1.1,0.6,0.5,3.91,4.34,3.5,2017,20170320,False
201601,Luc Mbah a Moute,Luc,1610612746,LAC,30.0,1,1,0,1.0,20.596666666666668,2,4,0.5,0,2,0.0,0,0,0.0,0,3,3,2,1,2,0,0,0,0,4,15,15.6,0,0,13.0,1,1,1,1,84,86,100,46,63,67,63,85,95,85,83,59,78,51,45,9,48,1,1,115,102,15,86,14,1,91,1,99,131.7,125.0,125.0,92.9,93.0,93.0,38.9,32.0,32.0,0.1,2.0,28.6,0.0,0.0,0.0,14.3,14.3,0.5,0.5,0.109,0.114,98.86,101.38,84.48,101.38,0.077,44,2.0,4.0,7,18,18,39,37,37,12,16,16,84,19,26,37,61,31,110,111,59,85,135,131,91,69,69,91,86,100,11,10,0,0,2,4,2,0.182,0.182,1,0,0,0.0,0,0,0.0,0,0.0,0,0.0,1,1.0,0,0.0,0,0.0,4,18,10,0.3,1.15,0.5,0.222,0,0,1,0.0,0.0,2.0,0.0,0.0,0.0,0.0,0.0,0.0,0.0,0.0,0.0,3.0,0.0,5.0,0.6,1.0,0.75,6.4,0.0,3.0,0.0,5.0,0.6,1.0,0.75,6.4,1.0,0.25,1.0,1.0,1.0,1.0,0.25,1.0,1.0,1.0,0.0,0.0,0.0,,0.25,1.0,1.0,1.0,1.0,0.25,1.0,1.0,1.0,0.0,0.0,0.0,,,,,,,,,,,,,,,0.5,0.0,2.0,0.0,0.0,0.0,0.0,0.0,,0.5,0.0,2.0,0.0,0,0,,0,0.0,0.0,,,0,0.0,2,1.0,0,0.0,0,0.0,0.5,2,2,1.0,0.0,0.0,0.0,0,0,0.0,0.0,0.0,0.0,0.0,1.0,0.0,0.0,0.0,0.0,,,,0.0,1.0,0.0,LAC,2,2,1.0,0.0,0.0,0.0,0.0,0.0,0.0,0,0,0.0,0.0,1.0,0.0,0.0,0.0,0.0,,,,,,,,,,0,2,0.0,2.0,0.0,0.0,1.0,7.0,0.143,0.453,-0.31,0.0,1.0,0.0,0.359,-0.359,1.0,6.0,0.167,0.486,-0.319,0.0,1.0,0.0,0.573,-0.573,0.0,3.0,0.0,0.505,-0.505,0.0,2.0,0.0,0.416,-0.416,6.0,5.0,1.0,2.0,0.0,0.0,0.0,0.0,0.0,2.0,0.0,0.0,0.0,0.0,0.0,0.0,0.0,0.0,0.0,0.0,0.0,7531,1.4,0.7,0.7,4.08,4.43,3.79,2017,20170320,False
1627098,Malcolm Delaney,Malcolm,1610612737,ATL,28.0,1,0,1,0.0,16.2,0,3,0.0,0,1,0.0,0,1,0.0,0,2,2,1,4,1,0,0,3,0,0,-24,2.9,0,0,5.0,1,79,79,79,108,133,116,133,63,82,63,85,83,85,83,85,102,80,8,34,48,1,104,115,138,155,146,14,1,132,1,90,64.1,62.5,62.5,137.2,137.5,137.5,-73.1,-75.0,-75.0,0.125,0.25,12.5,0.0,0.0,0.0,50.0,47.4,0.0,0.0,0.189,0.206,93.75,94.81,79.01,94.81,-0.13,32,0.0,3.0,149,148,148,150,149,149,151,149,149,66,74,86,37,61,31,154,154,133,138,65,66,123,110,110,155,133,116,26,29,0,0,5,2,1,0.038,0.038,2,0,0,0.0,0,0,0.0,0,0.0,2,1.0,0,0.0,0,0.0,0,0.0,0,33,15,2.3,4.2,3.88,0.0,0,0,0,0.0,0.0,0.0,0.0,0.0,0.0,1.0,0.0,0.0,0.0,0.0,0.0,2.0,0.0,2.0,1.0,0.0,1.0,21.8,0.0,2.0,0.0,3.0,0.667,0.0,0.667,21.8,,,,,,,,,,,,,,,0.333,0.0,1.0,0.0,0.0,0.333,0.0,1.0,0.0,0.0,0.0,0.0,,0.333,0.0,1.0,0.0,0.0,0.333,0.0,1.0,0.0,0.0,0.0,0.0,,0.333,0.0,1.0,0.0,0.0,0.0,0.0,0.0,,0.333,0.0,1.0,0.0,0,2,0.0,0,0.0,0.0,,0.0,0,0.0,0,0.0,0,0.0,0,0.0,0.0,0,0,0.0,0.0,0.0,0.0,0,2,0.0,0.0,0.0,0.0,0.0,1.0,0.0,0.0,0.0,0.0,,,,0.0,1.0,0.0,ATL,0,0,0.0,0.0,0.0,0.0,0.0,0.0,0.0,0,2,0.0,0.0,1.0,0.0,0.0,0.0,0.0,,,,,,,,,,0,1,0.0,1.0,0.0,0.0,3.0,5.0,0.6,0.426,0.174,1.0,1.0,1.0,0.36,0.64,2.0,4.0,0.5,0.481,0.02,1.0,1.0,1.0,0.707,0.293,2.0,2.0,1.0,0.583,0.418,1.0,1.0,1.0,0.393,0.607,1.0,1.0,0.0,1.0,0.0,0.0,0.0,0.0,0.0,2.0,0.0,0.0,0.0,0.0,0.0,0.0,0.0,0.0,0.0,0.0,0.0,5745,1.1,0.6,0.5,4.09,4.32,3.85,2017,20170320,False
101162,Marcin Gortat,Marcin,1610612764,WAS,33.0,1,0,1,0.0,11.6,2,4,0.5,0,0,0.0,0,2,0.0,1,3,4,3,1,0,0,0,3,2,4,-7,12.3,0,0,11.0,1,79,79,79,124,86,100,46,63,108,63,85,53,85,36,59,51,35,45,78,48,1,104,49,102,109,104,14,1,102,1,103,124.4,126.1,126.1,168.9,156.5,156.5,-44.5,-30.4,-30.4,0.3,3.0,33.3,0.111,0.0,0.0,11.1,11.3,0.5,0.41,0.24,0.242,92.36,95.17,79.31,95.17,0.039,23,2.0,4.0,17,16,16,156,154,154,143,133,133,20,9,13,3,61,31,95,97,59,115,34,34,136,108,108,118,86,100,13,9,0,0,2,8,3,0.231,0.231,0,0,0,0.0,0,0,0.0,0,0.0,0,0.0,0,0.0,0,0.0,0,0.0,4,19,10,0.6,1.79,0.53,0.211,3,2,3,0.0,1.0,0.667,1.0,0.0,1.0,2.0,0.5,0.0,0.5,3.7,0.0,3.0,0.0,3.0,1.0,0.0,1.0,2.9,1.0,3.0,0.25,5.0,0.8,0.0,0.8,3.1,1.0,0.25,1.0,1.0,1.0,1.0,0.25,1.0,1.0,1.0,0.0,0.0,0.0,,0.5,1.0,2.0,0.5,0.5,0.5,1.0,2.0,0.5,0.0,0.0,0.0,,0.25,0.0,1.0,0.0,0.0,0.25,0.0,1.0,0.0,0.0,0.0,0.0,,,,,,,,,,,,,,,1,2,0.5,2,,,,0.5,0,0.0,2,1.0,2,1.0,0,0.0,0.5,0,0,0.0,1.0,2.0,0.5,1,2,0.5,0.0,0.0,0.0,0.0,0.0,0.0,0.0,0.0,0.0,0.0,0.0,0.0,0.0,0.0,0.0,WAS,0,0,0.0,2.0,2.0,1.0,0.0,2.0,0.0,0,0,0.0,0.0,0.0,0.0,0.0,0.0,0.0,,,,,,,0.0,0.0,0.0,0,1,,,,0.0,4.0,5.0,0.8,0.464,0.336,2.0,2.0,1.0,0.373,0.627,2.0,3.0,0.667,0.523,0.144,0.0,1.0,0.0,0.621,-0.621,0.0,1.0,0.0,0.573,-0.573,3.0,3.0,1.0,0.387,0.613,3.0,2.0,1.0,0.0,0.0,2.0,5.0,0.0,0.0,0.0,0.0,0.0,0.0,0.0,0.0,0.0,0.0,0.0,0.0,0.0,0.0,4030,0.8,0.4,0.3,4.15,4.23,3.06,2017,20170320,False
201158,Marco Belinelli,Marco,1610612766,CHA,31.0,1,1,0,1.0,21.15,1,5,0.2,1,4,0.25,3,4,0.75,1,2,3,2,1,1,0,0,1,4,6,31,14.6,0,0,14.0,1,1,1,1,82,107,90,127,36,38,49,30,25,56,36,85,78,51,45,34,48,1,44,17,91,1,90,14,1,88,1,90,143.1,139.0,139.0,65.6,65.0,65.0,77.5,74.0,74.0,0.1,2.0,20.0,0.0,0.0,0.0,10.0,10.2,0.3,0.444,0.178,0.177,90.19,91.91,76.6,91.91,0.067,41,1.0,5.0,4,6,6,3,4,4,3,4,4,84,19,58,37,61,31,89,94,122,108,80,85,148,132,132,102,107,90,19,23,1,1,4,4,4,0.105,0.211,4,0,1,0.0,0,0,0.0,0,0.0,1,0.25,2,0.5,0,0.0,0,0.0,6,29,22,1.4,2.98,2.45,0.207,1,0,1,0.0,0.0,0.0,0.0,1.0,0.0,3.0,0.333,1.0,0.5,13.5,0.0,2.0,0.0,3.0,0.667,1.0,1.0,7.8,0.0,3.0,0.0,6.0,0.5,2.0,0.75,9.7,,,,,,,,,,,,,,,0.6,1.0,3.0,0.333,0.5,0.2,0.0,1.0,0.0,0.4,1.0,2.0,0.5,0.4,0.0,2.0,0.0,0.0,0.0,0.0,0.0,,0.4,0.0,2.0,0.0,,,,,,,,,,,,,,0,1,0.0,0,0.0,1.0,0.0,0.0,3,0.333,0,0.0,0,0.0,0,0.0,0.3,0,1,0.0,0.0,0.0,0.0,0,0,0.0,0.0,0.0,0.0,0.0,0.0,0.0,1.0,4.0,0.25,,,,0.0,0.0,0.0,CHA,0,1,0.0,0.0,0.0,0.0,0.0,0.0,0.0,0,0,0.0,0.0,2.0,0.0,1.0,2.0,0.5,,,,,,,,,,1,3,1.0,3.0,0.333,0.5,0.0,5.0,0.0,0.428,-0.428,0.0,4.0,0.0,0.315,-0.315,0.0,1.0,0.0,0.527,-0.527,,,,,,,,,,,0.0,5.0,0.0,0.363,-0.363,4.0,1.0,3.0,4.0,0.0,1.0,2.0,0.0,0.0,1.0,0.0,0.0,0.0,0.0,0.0,0.0,0.0,0.0,0.0,0.0,0.0,7893,1.5,0.8,0.7,4.26,4.94,3.7,2017,20170320,False
203935,Marcus Smart,Marcus,1610612738,BOS,23.0,1,1,0,1.0,20.483333333333334,3,9,0.333,0,1,0.0,4,6,0.667,1,1,2,2,1,0,1,0,4,6,10,-10,17.4,0,0,16.0,1,1,1,1,85,78,53,106,63,82,63,18,12,66,36,105,102,51,45,78,13,1,128,3,64,130,79,14,1,79,1,101,74.2,72.3,72.3,91.4,93.6,93.6,-17.2,-21.3,-21.3,0.2,2.0,13.3,0.036,0.0,0.0,6.7,6.8,0.333,0.43,0.232,0.235,110.14,110.14,91.78,110.14,0.025,47,3.0,9.0,141,142,142,34,38,38,111,114,114,37,19,82,27,61,31,76,77,112,110,40,44,14,14,14,126,78,53,27,38,0,0,4,5,2,0.074,0.074,6,3,5,0.6,0,0,0.0,6,1.0,1,0.167,0,0.0,0,0.0,0,0.0,10,43,22,2.6,3.58,2.81,0.233,0,4,3,0.0,0.0,0.333,0.0,1.0,0.0,4.0,0.25,0.0,0.25,3.9,1.0,0.0,1.0,1.0,1.0,0.0,1.0,3.9,1.0,1.0,0.5,5.0,0.4,0.0,0.4,3.9,1.0,0.222,2.0,2.0,1.0,1.0,0.222,2.0,2.0,1.0,0.0,0.0,0.0,,0.444,1.0,4.0,0.25,0.25,0.444,1.0,4.0,0.25,0.0,0.0,0.0,,0.222,0.0,2.0,0.0,0.0,0.222,0.0,2.0,0.0,0.0,0.0,0.0,,0.111,0.0,1.0,0.0,0.0,0.0,0.0,0.0,,0.111,0.0,1.0,0.0,0,1,0.0,0,0.0,0.0,,0.0,0,0.0,1,0.0,0,0.0,0,0.0,0.333,0,1,0.0,3.0,6.0,0.5,0,1,0.0,0.0,1.0,0.0,0.0,0.0,0.0,0.0,0.0,0.0,0.0,0.0,0.0,0.0,1.0,0.0,BOS,0,2,0.0,3.0,5.0,0.6,0.0,0.0,0.0,0,1,0.0,0.0,1.0,0.0,0.0,0.0,0.0,,,,,,,0.0,0.0,0.0,0,2,0.0,1.0,0.0,0.0,3.0,7.0,0.429,0.443,-0.015,0.0,2.0,0.0,0.337,-0.337,3.0,5.0,0.6,0.518,0.082,3.0,4.0,0.75,0.613,0.137,3.0,5.0,0.6,0.567,0.033,0.0,2.0,0.0,0.346,-0.346,5.0,2.0,3.0,1.0,1.0,0.0,0.0,0.0,0.0,0.0,0.0,0.0,0.0,0.0,0.0,0.0,0.0,0.0,0.0,0.0,0.0,7551,1.4,0.8,0.6,4.11,4.13,4.08,2017,20170320,False
1626209,Mario Hezonja,Mario,1610612753,ORL,22.0,1,1,0,1.0,19.298333333333332,0,4,0.0,0,3,0.0,0,0,0.0,0,2,2,1,1,2,0,0,2,1,0,-5,8.9,0,0,7.0,1,1,1,1,93,133,100,133,63,50,63,85,95,85,83,85,102,80,45,9,48,1,76,76,138,103,117,14,1,121,1,114,74.3,79.5,79.5,89.8,92.3,92.3,-15.5,-12.8,-12.8,0.111,1.0,16.7,0.0,0.08,0.04,16.7,16.7,0.0,0.0,0.111,0.112,101.73,97.0,80.84,97.0,-0.047,39,0.0,4.0,140,137,137,30,33,33,109,105,105,77,43,71,37,46,29,117,120,133,138,133,133,71,97,97,143,133,100,12,10,0,0,1,3,1,0.083,0.083,0,0,0,0.0,0,0,0.0,0,0.0,0,0.0,0,0.0,0,0.0,0,0.0,0,18,12,0.7,2.21,1.11,0.0,0,0,0,0.0,0.0,0.0,0.0,0.0,0.0,2.0,0.0,0.0,0.0,0.0,0.0,2.0,0.0,7.0,0.286,1.0,0.333,5.7,0.0,2.0,0.0,9.0,0.222,1.0,0.25,5.7,,,,,,,,,,,,,,,0.25,0.0,1.0,0.0,0.0,0.25,0.0,1.0,0.0,0.0,0.0,0.0,,0.25,0.0,1.0,0.0,0.0,0.0,0.0,0.0,,0.25,0.0,1.0,0.0,0.5,0.0,2.0,0.0,0.0,0.0,0.0,0.0,,0.5,0.0,2.0,0.0,0,1,0.0,0,0.0,0.0,,0.0,0,0.0,0,0.0,0,0.0,0,0.0,0.0,0,0,0.0,0.0,1.0,0.0,0,0,0.0,0.0,0.0,0.0,0.0,0.0,0.0,0.0,3.0,0.0,,,,0.0,0.0,0.0,ORL,0,0,0.0,0.0,0.0,0.0,0.0,1.0,0.0,0,0,0.0,0.0,2.0,0.0,0.0,1.0,0.0,0.0,0.0,0.0,,,,0.0,0.0,0.0,0,3,0.0,3.0,0.0,0.0,2.0,5.0,0.4,0.441,-0.041,1.0,3.0,0.333,0.323,0.01,1.0,2.0,0.5,0.545,-0.045,1.0,1.0,1.0,0.707,0.293,1.0,2.0,0.5,0.577,-0.077,1.0,3.0,0.333,0.302,0.032,6.0,3.0,3.0,1.0,0.0,0.0,0.0,0.0,0.0,0.0,0.0,0.0,0.0,0.0,0.0,0.0,0.0,0.0,0.0,0.0,0.0,7362,1.4,0.7,0.7,4.38,4.59,4.17,2017,20170320,False
202693,Markieff Morris,Markieff,1610612764,WAS,27.0,1,0,1,0.0,30.55,6,15,0.4,1,6,0.167,1,1,1.0,1,3,4,0,0,0,0,0,4,1,14,-17,18.8,0,0,19.0,1,79,79,79,42,19,20,93,36,18,61,64,83,1,36,59,51,111,95,78,48,1,128,76,42,147,74,14,1,66,1,103,94.0,96.9,96.9,121.6,123.1,123.1,-27.6,-26.2,-26.2,0.0,0.0,0.0,0.027,0.091,0.057,0.0,0.0,0.433,0.453,0.2,0.206,104.36,102.13,85.11,102.13,0.04,65,6.0,15.0,109,105,105,131,130,130,127,125,125,111,76,111,33,40,22,1,1,99,104,61,65,57,64,64,117,19,20,22,24,1,0,1,0,1,0.0,0.045,3,1,3,0.333,0,0,0.0,2,0.667,0,0.0,0,0.0,0,0.0,0,0.0,14,37,22,0.9,1.53,0.57,0.378,2,2,3,0.0,1.0,1.333,0.0,1.0,0.0,2.0,0.5,0.0,0.5,9.6,2.0,1.0,0.667,6.0,0.5,1.0,0.6,4.1,2.0,2.0,0.5,8.0,0.5,1.0,0.571,5.5,1.0,0.067,0.0,1.0,0.0,0.0,0.067,0.0,1.0,0.0,0.0,0.0,0.0,,0.267,3.0,4.0,0.75,0.75,0.267,3.0,4.0,0.75,0.0,0.0,0.0,,0.133,1.0,2.0,0.5,0.5,0.067,1.0,1.0,1.0,0.067,0.0,1.0,0.0,0.533,2.0,8.0,0.25,0.313,0.2,1.0,3.0,0.333,0.333,1.0,5.0,0.2,0,1,0.0,0,0.0,0.0,,0.0,5,0.25,4,1.0,2,0.5,0,0.0,0.433,3,3,1.0,0.0,1.0,0.0,2,5,0.4,1.0,1.0,1.0,0.0,2.0,0.0,0.0,3.0,0.0,0.0,0.0,0.0,1.0,3.0,0.333,WAS,3,3,1.0,1.0,2.0,0.5,0.0,1.0,0.0,0,2,0.0,2.0,5.0,0.4,0.0,2.0,0.0,,,,,,,0.0,0.0,0.0,2,8,1.0,6.0,0.167,0.313,4.0,10.0,0.4,0.485,-0.085,0.0,2.0,0.0,0.369,-0.369,4.0,8.0,0.5,0.54,-0.04,4.0,7.0,0.571,0.625,-0.053,4.0,7.0,0.571,0.588,-0.016,0.0,3.0,0.0,0.373,-0.373,8.0,7.0,1.0,2.0,0.0,1.0,2.0,0.0,0.0,0.0,0.0,0.0,0.0,0.0,0.0,0.0,0.0,0.0,0.0,0.0,0.0,10031,1.9,1.0,0.9,3.74,4.06,3.43,2017,20170320,False
201578,Marreese Speights,Marreese,1610612746,LAC,29.0,1,1,0,1.0,16.088333333333335,1,3,0.333,0,2,0.0,2,2,1.0,1,3,4,0,1,1,0,0,0,1,4,2,10.8,0,0,10.0,1,1,1,1,111,107,116,106,63,67,63,47,53,1,36,59,51,111,45,34,48,1,1,76,102,61,110,14,1,108,1,99,101.5,103.1,103.1,99.7,96.9,96.9,1.7,6.3,6.3,0.0,0.0,0.0,0.0,0.0,0.0,20.0,20.5,0.333,0.515,0.143,0.137,94.88,95.47,79.56,95.47,0.107,32,1.0,3.0,77,77,77,64,49,49,68,60,60,111,76,111,37,61,31,132,135,112,77,112,117,114,106,106,65,107,116,21,14,0,0,0,0,0,0.0,0.0,0,0,0,0.0,0,0,0.0,0,0.0,0,0.0,0,0.0,0,0.0,0,0.0,4,27,12,0.6,1.44,0.33,0.148,0,1,2,0.0,2.0,1.0,1.0,0.0,1.0,1.0,1.0,0.0,1.0,5.1,2.0,1.0,0.667,5.0,0.6,2.0,1.0,3.3,3.0,1.0,0.75,6.0,0.667,2.0,1.0,3.7,1.0,0.333,1.0,1.0,1.0,1.0,0.333,1.0,1.0,1.0,0.0,0.0,0.0,,,,,,,,,,,,,,,0.333,0.0,1.0,0.0,0.0,0.0,0.0,0.0,,0.333,0.0,1.0,0.0,0.333,0.0,1.0,0.0,0.0,0.0,0.0,0.0,,0.333,0.0,1.0,0.0,0,0,,0,0.0,0.0,,,0,0.0,2,1.0,2,0.0,0,0.0,0.333,1,1,1.0,0.0,0.0,0.0,0,0,0.0,0.0,0.0,0.0,,,,0.0,2.0,0.0,0.0,0.0,0.0,0.0,0.0,0.0,LAC,1,1,1.0,0.0,0.0,0.0,0.0,0.0,0.0,0,0,0.0,0.0,0.0,0.0,0.0,2.0,0.0,,,,,,,0.0,0.0,0.0,0,2,0.0,2.0,0.0,0.0,6.0,10.0,0.6,0.45,0.15,,,,,,6.0,10.0,0.6,0.479,0.121,6.0,6.0,1.0,0.582,0.419,6.0,7.0,0.857,0.523,0.335,0.0,1.0,0.0,0.333,-0.333,7.0,7.0,0.0,1.0,0.0,3.0,8.0,0.0,0.0,1.0,0.0,0.0,0.0,0.0,0.0,0.0,0.0,0.0,0.0,0.0,0.0,5598,1.1,0.6,0.5,4.11,4.53,3.69,2017,20170320,False
1627850,Marshall Plumlee,Marshall,1610612752,NYK,24.0,1,0,1,0.0,19.65,2,3,0.667,0,0,0.0,0,4,0.0,0,4,4,2,2,0,0,0,1,4,4,9,9.8,0,0,10.0,1,79,79,79,90,86,116,12,63,108,63,85,25,85,83,36,51,51,26,78,48,1,44,17,102,32,113,14,1,108,1,97,118.3,120.5,120.5,95.7,92.7,92.7,22.7,27.8,27.8,0.133,1.0,22.2,0.0,0.0,0.0,22.2,22.8,0.667,0.42,0.163,0.155,97.03,97.71,81.42,97.71,0.031,39,2.0,3.0,34,33,33,49,36,36,31,25,25,60,43,51,37,61,31,136,139,28,114,95,104,102,92,92,124,86,116,21,16,0,0,5,5,2,0.095,0.095,0,0,0,0.0,0,0,0.0,0,0.0,0,0.0,0,0.0,0,0.0,0,0.0,4,30,17,0.8,1.69,0.47,0.133,6,4,5,0.0,0.0,0.4,0.0,0.0,0.0,1.0,0.0,0.0,0.0,0.0,0.0,4.0,0.0,6.0,0.667,0.0,0.667,4.8,0.0,4.0,0.0,7.0,0.571,0.0,0.571,4.8,,,,,,,,,,,,,,,0.667,2.0,2.0,1.0,1.0,0.667,2.0,2.0,1.0,0.0,0.0,0.0,,,,,,,,,,,,,,,0.333,0.0,1.0,0.0,0.0,0.333,0.0,1.0,0.0,0.0,0.0,0.0,,0,0,,0,,,,,0,0.0,2,1.0,0,0.0,0,0.0,0.667,2,2,1.0,0.0,0.0,0.0,0,1,0.0,0.0,0.0,0.0,,,,0.0,0.0,0.0,0.0,0.0,0.0,0.0,0.0,0.0,NYK,2,2,1.0,0.0,0.0,0.0,0.0,0.0,0.0,0,1,0.0,0.0,0.0,0.0,0.0,0.0,0.0,,,,,,,0.0,0.0,0.0,0,0,,,,,6.0,13.0,0.462,0.467,-0.005,1.0,5.0,0.2,0.371,-0.171,5.0,8.0,0.625,0.519,0.106,4.0,5.0,0.8,0.602,0.198,4.0,5.0,0.8,0.552,0.248,1.0,5.0,0.2,0.389,-0.189,12.0,7.0,5.0,1.0,0.0,3.0,8.0,0.0,0.0,1.0,0.0,0.0,0.0,0.0,0.0,0.0,0.0,0.0,0.0,0.0,0.0,7693,1.5,0.7,0.7,4.59,4.77,3.89,2017,20170320,False
101107,Marvin Williams,Marvin,1610612766,CHA,31.0,1,1,0,1.0,35.516666666666666,5,10,0.5,0,4,0.0,3,3,1.0,1,7,8,3,0,1,0,0,4,2,13,19,30.1,0,0,26.0,1,1,1,1,18,38,47,46,63,38,63,30,46,1,36,11,17,35,95,34,48,1,128,49,50,5,34,14,1,44,1,90,129.3,131.3,131.3,99.1,101.5,101.5,30.3,29.9,29.9,0.103,0.0,21.4,0.037,0.2,0.129,0.0,0.0,0.5,0.574,0.155,0.159,93.04,91.22,76.02,91.22,0.103,67,5.0,10.0,10,11,11,60,62,62,18,20,20,83,76,56,26,11,7,1,1,59,56,104,99,130,137,137,70,38,47,56,33,0,0,4,7,3,0.054,0.054,1,1,1,1.0,0,0,0.0,2,2.0,0,0.0,0,0.0,0,0.0,0,0.0,13,68,28,1.2,1.1,0.19,0.191,2,3,5,0.0,0.667,1.8,0.0,1.0,0.0,1.0,1.0,0.0,1.0,4.6,1.0,6.0,0.143,13.0,0.538,3.0,0.7,4.8,1.0,7.0,0.125,14.0,0.571,3.0,0.727,4.8,1.0,0.3,2.0,3.0,0.667,0.667,0.3,2.0,3.0,0.667,0.0,0.0,0.0,,0.1,1.0,1.0,1.0,1.0,0.1,1.0,1.0,1.0,0.0,0.0,0.0,,0.1,0.0,1.0,0.0,0.0,0.0,0.0,0.0,,0.1,0.0,1.0,0.0,0.5,2.0,5.0,0.4,0.4,0.2,2.0,2.0,1.0,0.3,0.0,3.0,0.0,0,0,,0,0.0,0.0,,,0,0.0,9,1.0,2,0.5,0,0.0,0.5,4,4,1.0,1.0,1.0,1.0,0,1,0.0,0.0,1.0,0.0,0.0,1.0,0.0,0.0,2.0,0.0,,,,0.0,2.0,0.0,CHA,4,4,1.0,1.0,2.0,0.5,0.0,0.0,0.0,0,0,0.0,0.0,3.0,0.0,0.0,1.0,0.0,0.0,0.0,0.0,,,,,,,0,4,0.0,4.0,0.0,0.0,5.0,11.0,0.455,0.438,0.017,2.0,6.0,0.333,0.358,-0.025,3.0,5.0,0.6,0.513,0.087,2.0,4.0,0.5,0.59,-0.09,2.0,4.0,0.5,0.536,-0.036,3.0,7.0,0.429,0.361,0.067,9.0,6.0,3.0,2.0,0.0,2.0,6.0,0.0,0.0,1.0,0.0,0.0,0.0,0.0,0.0,0.0,0.0,0.0,0.0,0.0,0.0,13445,2.5,1.4,1.2,4.23,4.89,3.94,2017,20170320,False
203486,Mason Plumlee,Mason,1610612743,DEN,27.0,1,0,1,0.0,23.523333333333333,2,5,0.4,0,0,0.0,0,0,0.0,2,5,7,1,0,1,1,0,1,0,4,1,19.9,0,0,16.0,1,79,79,79,67,86,90,93,63,108,63,85,95,85,19,26,23,80,95,34,13,1,44,115,102,69,69,14,1,79,1,106,114.6,116.4,116.4,122.6,118.9,118.9,-8.0,-2.5,-2.5,0.045,0.0,16.7,0.091,0.0,0.0,0.0,0.0,0.4,0.4,0.083,0.084,109.41,110.19,91.82,110.19,0.069,55,2.0,5.0,45,43,43,133,116,116,92,78,78,108,76,71,8,61,31,1,1,104,116,144,146,18,13,13,98,86,90,27,15,0,1,3,5,3,0.037,0.111,0,0,0,0.0,0,0,0.0,0,0.0,0,0.0,0,0.0,0,0.0,0,0.0,4,35,19,0.9,1.6,0.51,0.114,2,1,4,0.0,0.0,0.5,2.0,0.0,1.0,4.0,0.5,0.0,0.5,3.2,1.0,4.0,0.2,6.0,0.833,0.0,0.833,5.9,3.0,4.0,0.429,10.0,0.7,0.0,0.7,5.1,1.0,0.2,0.0,1.0,0.0,0.0,0.2,0.0,1.0,0.0,0.0,0.0,0.0,,0.6,2.0,3.0,0.667,0.667,0.6,2.0,3.0,0.667,0.0,0.0,0.0,,,,,,,,,,,,,,,0.2,0.0,1.0,0.0,0.0,0.2,0.0,1.0,0.0,0.0,0.0,0.0,,0,1,0.0,0,,,,0.0,0,0.0,2,0.333,0,0.0,0,0.0,0.4,2,3,0.667,0.0,1.0,0.0,0,1,0.0,0.0,0.0,0.0,0.0,0.0,0.0,0.0,0.0,0.0,0.0,0.0,0.0,0.0,0.0,0.0,DEN,2,3,0.667,0.0,1.0,0.0,0.0,0.0,0.0,0,1,0.0,0.0,0.0,0.0,0.0,0.0,0.0,,,,0.0,0.0,0.0,0.0,0.0,0.0,0,0,,,,,3.0,10.0,0.3,0.425,-0.125,0.0,5.0,0.0,0.35,-0.35,3.0,5.0,0.6,0.506,0.094,2.0,3.0,0.667,0.631,0.036,2.0,4.0,0.5,0.553,-0.053,1.0,6.0,0.167,0.36,-0.194,9.0,4.0,5.0,0.0,0.0,5.0,13.0,0.0,0.0,1.0,0.0,0.0,0.0,0.0,0.0,0.0,0.0,0.0,0.0,0.0,0.0,9469,1.8,1.0,0.8,4.6,5.0,4.17,2017,20170320,False
2440,Matt Barnes,Matt,1610612744,GSW,37.0,1,1,0,1.0,18.883333333333333,2,4,0.5,0,2,0.0,3,4,0.75,0,1,1,2,0,1,0,0,5,3,7,17,14.2,0,0,12.0,1,1,1,1,94,86,100,46,63,67,63,30,25,56,83,105,121,51,95,34,48,1,145,30,86,7,95,14,1,98,1,101,121.1,122.0,122.0,84.3,82.5,82.5,36.9,39.5,39.5,0.125,0.0,25.0,0.0,0.05,0.0,0.0,0.0,0.5,0.608,0.133,0.13,102.24,102.95,85.79,102.95,0.045,41,2.0,4.0,26,29,29,22,18,18,13,12,12,66,76,31,37,55,31,1,1,59,46,119,123,68,59,59,114,86,100,18,15,0,0,2,6,2,0.111,0.111,1,1,1,1.0,0,0,0.0,2,2.0,0,0.0,0,0.0,0,0.0,0,0.0,7,24,13,0.8,1.89,0.58,0.292,1,0,3,0.0,0.0,1.333,0.0,0.0,0.0,0.0,0.0,0.0,0.0,0.0,0.0,1.0,0.0,2.0,0.5,0.0,0.5,5.7,0.0,1.0,0.0,2.0,0.5,0.0,0.5,5.7,1.0,0.25,1.0,1.0,1.0,1.0,0.25,1.0,1.0,1.0,0.0,0.0,0.0,,0.25,1.0,1.0,1.0,1.0,0.25,1.0,1.0,1.0,0.0,0.0,0.0,,,,,,,,,,,,,,,0.5,0.0,2.0,0.0,0.0,0.0,0.0,0.0,,0.5,0.0,2.0,0.0,0,1,0.0,0,0.0,1.0,0.0,0.0,0,0.0,4,1.0,0,0.0,0,0.0,0.5,2,2,1.0,0.0,0.0,0.0,0,0,0.0,0.0,1.0,0.0,0.0,0.0,0.0,0.0,1.0,0.0,0.0,0.0,0.0,0.0,1.0,0.0,GSW,2,2,1.0,0.0,0.0,0.0,0.0,0.0,0.0,0,0,0.0,0.0,2.0,0.0,0.0,0.0,0.0,,,,,,,0.0,0.0,0.0,0,1,0.0,1.0,0.0,0.0,2.0,7.0,0.286,0.466,-0.181,0.0,3.0,0.0,0.356,-0.356,2.0,4.0,0.5,0.546,-0.046,2.0,2.0,1.0,0.645,0.356,2.0,3.0,0.667,0.601,0.066,0.0,4.0,0.0,0.369,-0.369,5.0,2.0,3.0,1.0,0.0,0.0,0.0,0.0,0.0,0.0,0.0,0.0,0.0,0.0,0.0,0.0,0.0,0.0,0.0,0.0,0.0,7354,1.4,0.7,0.7,4.46,4.52,4.4,2017,20170320,False
203077,Michael Kidd-Gilchrist,Michael,1610612766,CHA,23.0,1,1,0,1.0,21.233333333333334,4,8,0.5,0,0,0.0,1,2,0.5,1,1,2,3,0,3,0,1,0,1,9,-8,24.9,0,0,20.0,1,1,1,1,81,58,63,46,63,108,63,64,53,69,36,105,102,35,95,3,48,106,1,76,72,119,54,14,1,63,1,90,95.3,100.0,100.0,114.6,120.0,120.0,-19.3,-20.0,-20.0,0.25,0.0,25.0,0.045,0.0,0.0,0.0,0.0,0.5,0.507,0.214,0.207,94.76,90.42,75.35,90.42,0.127,40,4.0,8.0,105,83,83,104,122,122,114,110,110,26,76,31,21,61,31,1,1,59,83,53,64,116,141,141,52,58,63,12,16,0,0,3,6,3,0.25,0.25,3,2,2,1.0,0,0,0.0,4,1.333,0,0.0,1,0.333,0,0.0,0,0.0,9,21,16,0.6,1.79,1.19,0.429,0,0,1,0.0,0.0,0.0,0.0,1.0,0.0,3.0,0.333,0.0,0.333,6.7,1.0,0.0,1.0,4.0,0.25,0.0,0.25,5.1,1.0,1.0,0.5,7.0,0.286,0.0,0.286,5.9,,,,,,,,,,,,,,,0.625,3.0,5.0,0.6,0.6,0.625,3.0,5.0,0.6,0.0,0.0,0.0,,0.125,1.0,1.0,1.0,1.0,0.125,1.0,1.0,1.0,0.0,0.0,0.0,,0.25,0.0,2.0,0.0,0.0,0.25,0.0,2.0,0.0,0.0,0.0,0.0,,0,2,0.0,0,,,,0.0,0,0.0,0,0.0,0,0.0,0,0.0,0.5,4,5,0.8,0.0,0.0,0.0,0,3,0.0,0.0,0.0,0.0,0.0,0.0,0.0,0.0,0.0,0.0,,,,0.0,0.0,0.0,CHA,4,5,0.8,0.0,0.0,0.0,0.0,0.0,0.0,0,3,0.0,0.0,0.0,0.0,0.0,0.0,0.0,0.0,0.0,0.0,,,,,,,0,1,,,,0.0,7.0,11.0,0.636,0.471,0.166,3.0,6.0,0.5,0.344,0.156,4.0,5.0,0.8,0.558,0.242,1.0,2.0,0.5,0.688,-0.188,2.0,3.0,0.667,0.633,0.034,4.0,7.0,0.571,0.361,0.21,9.0,5.0,4.0,4.0,0.0,0.0,0.0,0.0,0.0,3.0,0.0,0.0,0.0,0.0,0.0,0.0,0.0,0.0,0.0,0.0,0.0,8434,1.6,0.8,0.8,4.53,4.34,4.74,2017,20170320,False
203488,Mike Muscala,Mike,1610612737,ATL,25.0,1,0,1,0.0,5.616666666666666,2,3,0.667,1,2,0.5,0,0,0.0,1,0,1,1,0,0,0,0,0,0,5,8,7.7,0,0,8.0,1,79,79,79,143,86,116,12,36,67,17,85,95,85,36,138,121,80,95,78,48,1,1,115,95,36,124,14,1,116,1,90,124.2,145.5,145.5,80.0,80.0,80.0,44.2,65.5,65.5,0.2,0.0,25.0,0.0,0.0,0.0,0.0,0.0,0.833,0.833,0.176,0.189,97.77,89.73,74.78,89.73,0.229,11,2.0,3.0,19,4,4,13,13,13,7,5,5,37,76,31,37,61,31,1,1,7,8,82,75,95,144,144,12,86,116,5,6,0,0,1,0,0,0.2,0.0,0,0,0,0.0,0,0,0.0,0,0.0,0,0.0,0,0.0,0,0.0,0,0.0,5,8,6,0.2,1.34,0.13,0.625,1,1,1,2.0,0.0,0.0,,,,,,,,,,,,,,,,,,,,,,,,,,,,,,,,,,,,,,,,,,,,,,,,,,,,,,,,,,,,,,,,,1.0,2.0,3.0,0.667,0.833,0.333,1.0,1.0,1.0,0.667,1.0,2.0,0.5,0,0,,0,0.0,0.0,,,5,0.667,0,0.0,0,0.0,2,1.0,0.833,0,0,0.0,0.0,0.0,0.0,1,1,1.0,0.0,0.0,0.0,,,,1.0,2.0,0.5,,,,0.0,0.0,0.0,ATL,0,0,0.0,0.0,0.0,0.0,0.0,0.0,0.0,1,1,1.0,0.0,1.0,0.0,1.0,1.0,1.0,,,,,,,,,,2,3,1.0,2.0,0.5,0.833,1.0,3.0,0.333,0.439,-0.106,1.0,1.0,1.0,0.6,0.4,0.0,2.0,0.0,0.466,-0.466,0.0,1.0,0.0,0.551,-0.551,0.0,2.0,0.0,0.521,-0.521,1.0,1.0,1.0,0.5,0.5,3.0,2.0,1.0,0.0,0.0,1.0,2.0,0.0,0.0,0.0,0.0,0.0,0.0,0.0,0.0,0.0,0.0,0.0,0.0,0.0,0.0,2021,0.4,0.2,0.2,4.26,4.92,3.77,2017,20170320,False
1627851,Mindaugas Kuzminskas,Mindaugas,1610612752,NYK,27.0,1,0,1,0.0,17.516666666666666,2,6,0.333,1,4,0.25,3,3,1.0,2,2,4,3,3,1,0,0,3,3,8,-4,17.3,0,0,18.0,1,79,79,79,100,86,81,106,36,38,49,30,46,1,19,85,51,35,13,34,48,1,104,30,78,91,80,14,1,70,1,97,87.7,85.3,85.3,96.5,94.3,94.3,-8.8,-9.0,-9.0,0.333,1.0,23.1,0.0,0.0,0.0,23.1,22.5,0.417,0.546,0.278,0.294,92.18,94.54,78.78,94.54,0.105,34,2.0,6.0,130,134,134,51,42,42,94,93,93,14,43,44,37,61,31,139,137,101,68,21,18,138,111,111,66,86,81,17,20,0,0,3,7,3,0.176,0.176,2,0,0,0.0,0,0,0.0,0,0.0,0,0.0,1,0.5,0,0.0,0,0.0,8,28,20,1.3,2.85,1.5,0.286,2,2,3,0.0,1.0,0.667,2.0,0.0,1.0,3.0,0.667,0.0,0.667,4.6,1.0,1.0,0.5,2.0,1.0,0.0,1.0,3.3,3.0,1.0,0.75,5.0,0.8,0.0,0.8,4.0,1.0,0.333,1.0,2.0,0.5,0.5,0.333,1.0,2.0,0.5,0.0,0.0,0.0,,0.167,1.0,1.0,1.0,1.5,0.0,0.0,0.0,,0.167,1.0,1.0,1.0,0.333,0.0,2.0,0.0,0.0,0.0,0.0,0.0,,0.333,0.0,2.0,0.0,0.167,0.0,1.0,0.0,0.0,0.0,0.0,0.0,,0.167,0.0,1.0,0.0,0,0,,0,0.0,0.0,,,3,0.25,2,0.5,2,0.0,0,0.0,0.417,1,1,1.0,0.0,1.0,0.0,0,0,0.0,1.0,2.0,0.5,,,,0.0,2.0,0.0,0.0,0.0,0.0,1.0,2.0,0.5,NYK,1,2,0.5,0.0,0.0,0.0,0.0,0.0,0.0,0,0,0.0,1.0,2.0,0.5,0.0,2.0,0.0,,,,,,,0.0,0.0,0.0,1,4,1.0,4.0,0.25,0.375,2.0,5.0,0.4,0.435,-0.035,0.0,2.0,0.0,0.348,-0.348,2.0,3.0,0.667,0.473,0.193,,,,,,,,,,,2.0,5.0,0.4,0.382,0.018,5.0,3.0,2.0,1.0,0.0,0.0,0.0,0.0,0.0,1.0,0.0,0.0,0.0,0.0,0.0,0.0,0.0,0.0,0.0,0.0,0.0,6845,1.3,0.7,0.6,4.45,4.95,3.99,2017,20170320,False
101145,Monta Ellis,Monta,1610612754,IND,31.0,1,1,0,1.0,24.9,5,11,0.455,1,3,0.333,1,2,0.5,0,2,2,2,0,2,0,1,2,1,12,13,23.4,0,0,21.0,1,1,1,1,64,38,35,77,36,50,37,64,53,69,83,85,102,51,95,9,48,106,76,76,56,22,59,14,1,61,1,91,106.6,114.6,114.6,83.0,85.7,85.7,23.6,28.9,28.9,0.133,0.0,14.3,0.0,0.059,0.0,0.0,0.0,0.5,0.505,0.226,0.218,98.51,93.49,77.91,93.49,0.117,48,5.0,11.0,68,48,48,19,23,23,30,23,23,60,76,79,37,53,31,1,1,59,84,47,54,93,118,118,60,38,35,22,30,0,0,3,4,2,0.091,0.091,5,3,5,0.6,0,0,0.0,6,1.2,0,0.0,0,0.0,0,0.0,0,0.0,12,39,27,2.1,3.19,2.44,0.308,2,0,1,0.5,0.0,1.0,0.0,0.0,0.0,3.0,0.0,0.0,0.0,0.0,0.0,2.0,0.0,4.0,0.5,0.0,0.5,10.7,0.0,2.0,0.0,7.0,0.286,0.0,0.286,10.7,1.0,0.273,1.0,3.0,0.333,0.333,0.273,1.0,3.0,0.333,0.0,0.0,0.0,,0.273,1.0,3.0,0.333,0.333,0.273,1.0,3.0,0.333,0.0,0.0,0.0,,0.273,2.0,3.0,0.667,0.667,0.182,2.0,2.0,1.0,0.091,0.0,1.0,0.0,0.182,1.0,2.0,0.5,0.75,0.0,0.0,0.0,,0.182,1.0,2.0,0.5,1,3,0.333,2,0.0,0.0,,0.333,3,0.333,1,0.0,0,0.0,1,0.0,0.5,3,5,0.6,0.0,0.0,0.0,1,3,0.333,0.0,1.0,0.0,0.0,0.0,0.0,1.0,2.0,0.5,0.0,0.0,0.0,0.0,1.0,0.0,IND,3,5,0.6,0.0,0.0,0.0,0.0,0.0,0.0,1,3,0.333,0.0,1.0,0.0,1.0,2.0,0.5,0.0,0.0,0.0,,,,0.0,0.0,0.0,1,3,1.0,3.0,0.333,0.5,2.0,4.0,0.5,0.447,0.053,0.0,2.0,0.0,0.417,-0.417,2.0,2.0,1.0,0.465,0.535,1.0,1.0,1.0,0.66,0.34,1.0,1.0,1.0,0.588,0.412,0.0,2.0,0.0,0.409,-0.409,1.0,0.0,1.0,3.0,0.0,0.0,0.0,0.0,0.0,1.0,0.0,0.0,0.0,0.0,0.0,0.0,0.0,0.0,0.0,0.0,0.0,9155,1.7,0.9,0.8,4.11,4.21,4.0,2017,20170320,False
1626167,Myles Turner,Myles,1610612754,IND,21.0,1,1,0,1.0,35.166666666666664,6,11,0.545,0,0,0.0,4,4,1.0,2,4,6,1,1,0,4,1,4,3,16,9,35.7,0,0,31.0,1,1,1,1,19,19,35,42,63,108,63,18,25,1,19,36,28,80,45,78,2,106,128,30,27,32,25,14,1,28,1,91,120.2,124.2,124.2,106.6,110.6,110.6,13.6,13.6,13.6,0.048,1.0,6.7,0.0,0.108,0.0,6.7,6.8,0.545,0.627,0.182,0.178,93.31,90.09,75.07,90.09,0.099,66,6.0,11.0,29,19,19,83,90,90,45,48,48,107,43,106,37,36,31,76,76,53,40,71,83,128,143,143,74,19,35,42,33,0,0,3,2,1,0.024,0.024,0,0,0,0.0,0,0,0.0,0,0.0,0,0.0,0,0.0,0,0.0,0,0.0,16,56,35,1.5,1.63,0.27,0.286,6,2,9,0.0,0.0,0.889,1.0,1.0,0.5,6.0,0.333,0.0,0.333,8.6,1.0,3.0,0.25,9.0,0.444,0.0,0.444,3.0,2.0,4.0,0.333,15.0,0.4,0.0,0.4,4.9,1.0,0.091,1.0,1.0,1.0,1.0,0.091,1.0,1.0,1.0,0.0,0.0,0.0,,0.545,3.0,6.0,0.5,0.5,0.545,3.0,6.0,0.5,0.0,0.0,0.0,,,,,,,,,,,,,,,0.364,2.0,4.0,0.5,0.5,0.364,2.0,4.0,0.5,0.0,0.0,0.0,,0,1,0.0,0,,,,0.0,4,0.4,8,0.6,0,0.0,0,0.0,0.545,3,3,1.0,0.0,2.0,0.0,3,6,0.5,0.0,0.0,0.0,0.0,0.0,0.0,0.0,0.0,0.0,0.0,0.0,0.0,0.0,0.0,0.0,IND,3,3,1.0,0.0,1.0,0.0,1.0,4.0,0.25,1,1,1.0,1.0,2.0,0.5,0.0,0.0,0.0,0.0,0.0,0.0,,,,0.0,0.0,0.0,2,4,,,,0.5,5.0,14.0,0.357,0.531,-0.173,0.0,2.0,0.0,0.401,-0.401,5.0,12.0,0.417,0.575,-0.158,4.0,10.0,0.4,0.643,-0.243,4.0,10.0,0.4,0.611,-0.211,0.0,3.0,0.0,0.37,-0.37,12.0,10.0,2.0,1.0,0.0,2.0,5.0,0.0,0.0,0.0,0.0,0.0,0.0,0.0,0.0,0.0,0.0,0.0,0.0,0.0,0.0,12900,2.4,1.3,1.1,4.1,4.3,3.88,2017,20170320,False
2403,Nene,ene,1610612745,HOU,34.0,1,1,0,1.0,20.966666666666665,3,6,0.5,0,0,0.0,0,0,0.0,1,2,3,0,1,2,0,0,2,1,6,-15,14.6,0,0,13.0,1,1,1,1,83,78,81,46,63,108,63,85,95,85,36,85,78,111,45,9,48,1,76,76,91,146,90,14,1,91,1,106,106.7,102.0,102.0,129.6,132.7,132.7,-22.8,-30.6,-30.6,0.0,0.0,0.0,0.0,0.0,0.0,14.3,14.3,0.5,0.5,0.135,0.14,111.03,112.18,93.48,112.18,0.045,49,3.0,6.0,66,82,82,144,147,147,122,134,134,111,76,111,37,61,31,110,111,59,85,118,116,9,9,9,115,78,81,23,14,0,0,1,0,0,0.0,0.0,1,1,1,1.0,0,0,0.0,2,2.0,0,0.0,0,0.0,0,0.0,0,0.0,6,31,15,0.8,1.59,0.42,0.194,2,0,4,1.0,0.0,1.0,1.0,0.0,1.0,4.0,0.25,0.0,0.25,1.9,1.0,1.0,0.5,3.0,0.667,1.0,1.0,1.5,2.0,1.0,0.667,7.0,0.429,1.0,0.5,1.6,1.0,0.5,2.0,3.0,0.667,0.667,0.5,2.0,3.0,0.667,0.0,0.0,0.0,,,,,,,,,,,,,,,,,,,,,,,,,,,,0.5,1.0,3.0,0.333,0.333,0.5,1.0,3.0,0.333,0.0,0.0,0.0,,0,0,,0,,,,,0,0.0,4,1.0,0,0.0,2,1.0,0.5,3,4,0.75,0.0,0.0,0.0,0,2,0.0,0.0,0.0,0.0,0.0,0.0,0.0,0.0,0.0,0.0,0.0,0.0,0.0,0.0,0.0,0.0,HOU,3,4,0.75,0.0,0.0,0.0,0.0,1.0,0.0,0,1,0.0,0.0,0.0,0.0,0.0,0.0,0.0,0.0,0.0,0.0,0.0,0.0,0.0,0.0,0.0,0.0,0,1,,,,0.0,5.0,8.0,0.625,0.474,0.151,2.0,4.0,0.5,0.372,0.128,3.0,4.0,0.75,0.493,0.257,2.0,2.0,1.0,0.607,0.394,3.0,3.0,1.0,0.56,0.44,2.0,5.0,0.4,0.4,0.0,5.0,2.0,3.0,3.0,1.0,4.0,10.0,0.0,0.0,1.0,0.0,0.0,0.0,0.0,0.0,0.0,0.0,0.0,0.0,0.0,0.0,7861,1.5,0.7,0.8,4.3,4.2,4.4,2017,20170320,False
201587,Nicolas Batum,Nicolas,1610612766,CHA,28.0,1,1,0,1.0,31.266666666666666,5,8,0.625,1,2,0.5,5,7,0.714,0,1,1,6,1,1,0,1,0,3,16,-1,28.2,0,0,26.0,1,1,1,1,36,38,63,21,36,67,17,12,8,65,83,105,121,9,45,34,48,106,1,30,27,79,41,14,1,44,1,90,109.1,112.5,112.5,108.9,114.3,114.3,0.2,-1.8,-1.8,0.3,6.0,35.3,0.0,0.03,0.016,5.9,5.5,0.688,0.722,0.186,0.202,89.41,85.97,71.64,85.97,0.141,56,5.0,8.0,56,54,54,90,101,101,71,76,76,20,2,11,37,60,30,72,71,25,23,68,68,150,155,155,41,38,63,39,43,0,1,11,13,7,0.154,0.179,4,0,1,0.0,0,0,0.0,0,0.0,1,0.25,1,0.25,0,0.0,0,0.0,16,54,39,2.5,2.78,1.81,0.296,0,3,0,0.0,1.667,0.0,0.0,0.0,0.0,1.0,0.0,0.0,0.0,0.0,0.0,1.0,0.0,3.0,0.333,0.0,0.333,7.1,0.0,1.0,0.0,4.0,0.25,0.0,0.25,7.1,,,,,,,,,,,,,,,0.5,2.0,4.0,0.5,0.5,0.5,2.0,4.0,0.5,0.0,0.0,0.0,,0.375,2.0,3.0,0.667,0.667,0.25,2.0,2.0,1.0,0.125,0.0,1.0,0.0,0.125,1.0,1.0,1.0,1.5,0.0,0.0,0.0,,0.125,1.0,1.0,1.0,3,4,0.75,6,0.0,0.0,,0.75,5,0.667,0,0.0,5,1.0,0,0.0,0.688,0,0,0.0,1.0,2.0,0.5,3,4,0.75,0.0,0.0,0.0,1.0,1.0,1.0,0.0,1.0,0.0,,,,1.0,1.0,1.0,CHA,0,0,0.0,1.0,1.0,1.0,1.0,2.0,0.5,2,3,0.667,1.0,2.0,0.5,0.0,0.0,0.0,0.0,0.0,0.0,,,,,,,2,3,1.0,2.0,0.5,0.833,1.0,3.0,0.333,0.431,-0.097,0.0,2.0,0.0,0.348,-0.348,1.0,1.0,1.0,0.48,0.52,1.0,1.0,1.0,0.554,0.446,1.0,1.0,1.0,0.491,0.509,0.0,2.0,0.0,0.363,-0.363,3.0,1.0,2.0,4.0,0.0,0.0,0.0,0.0,0.0,0.0,0.0,0.0,0.0,0.0,0.0,0.0,0.0,0.0,0.0,0.0,0.0,11664,2.2,1.2,1.0,4.26,4.77,3.77,2017,20170320,False
203917,Nik Stauskas,Nik,1610612755,PHI,23.0,1,0,1,0.0,39.016666666666666,6,17,0.353,3,9,0.333,5,6,0.833,1,4,5,2,5,2,1,1,2,6,20,1,33.0,0,0,36.0,1,79,79,79,7,19,10,105,9,5,37,12,12,47,36,36,40,51,2,9,13,106,76,3,14,69,30,14,1,17,1,112,93.6,95.2,95.2,90.5,94.0,94.0,3.1,1.2,1.2,0.087,0.4,7.4,0.022,0.082,0.053,18.5,18.8,0.441,0.509,0.253,0.258,106.27,103.34,86.12,103.34,0.085,84,6.0,17.0,112,107,107,32,40,40,63,68,68,95,71,104,36,44,25,130,131,97,81,30,30,46,57,57,85,19,10,40,51,0,1,4,4,3,0.05,0.075,17,2,5,0.4,4,4,1.0,8,0.471,7,0.412,1,0.059,2,0.118,2,0.118,20,66,53,3.0,2.75,2.42,0.303,0,0,2,0.0,0.0,0.0,0.0,1.0,0.0,4.0,0.25,0.0,0.25,6.4,2.0,2.0,0.5,7.0,0.571,0.0,0.571,6.7,2.0,3.0,0.4,11.0,0.455,0.0,0.455,6.6,1.0,0.059,0.0,1.0,0.0,0.0,0.059,0.0,1.0,0.0,0.0,0.0,0.0,,0.353,2.0,6.0,0.333,0.333,0.294,2.0,5.0,0.4,0.059,0.0,1.0,0.0,0.294,1.0,5.0,0.2,0.3,0.059,0.0,1.0,0.0,0.235,1.0,4.0,0.25,0.294,3.0,5.0,0.6,0.8,0.059,1.0,1.0,1.0,0.235,2.0,4.0,0.5,1,8,0.125,2,0.0,5.0,0.0,0.125,9,0.75,0,0.0,0,0.0,0,0.0,0.441,0,2,0.0,2.0,4.0,0.5,1,2,0.5,1.0,1.0,1.0,0.0,0.0,0.0,2.0,8.0,0.25,0.0,0.0,0.0,1.0,1.0,1.0,PHI,1,3,0.333,1.0,2.0,0.5,0.0,1.0,0.0,1,2,0.5,1.0,2.0,0.5,2.0,6.0,0.333,0.0,1.0,0.0,0.0,0.0,0.0,0.0,0.0,0.0,3,4,3.0,4.0,0.75,1.125,3.0,15.0,0.2,0.42,-0.22,1.0,9.0,0.111,0.352,-0.241,2.0,6.0,0.333,0.493,-0.16,1.0,2.0,0.5,0.628,-0.128,1.0,3.0,0.333,0.558,-0.225,2.0,12.0,0.167,0.374,-0.207,13.0,5.0,8.0,3.0,0.0,0.0,0.0,0.0,0.0,0.0,0.0,0.0,0.0,0.0,0.0,0.0,0.0,0.0,0.0,0.0,0.0,15498,2.9,1.7,1.2,4.47,5.09,3.8,2017,20170320,False
203999,Nikola Jokić,Nikola,1610612743,DEN,22.0,1,0,1,0.0,39.61666666666667,7,14,0.5,0,3,0.0,8,8,1.0,1,12,13,8,5,0,1,1,3,8,22,-9,47.6,1,0,45.0,1,79,79,79,4,14,25,46,63,50,63,4,7,1,36,1,3,4,2,78,13,106,104,1,12,124,9,1,1,8,1,106,101.4,104.7,104.7,113.7,113.8,113.8,-12.4,-9.1,-9.1,0.308,1.6,26.7,0.028,0.273,0.163,16.7,16.4,0.5,0.628,0.237,0.24,106.52,104.8,87.34,104.8,0.156,86,7.0,14.0,78,74,74,101,98,98,102,96,96,19,36,29,32,3,2,117,118,59,39,36,35,40,45,45,34,14,25,60,49,0,0,13,18,8,0.133,0.133,2,1,1,1.0,0,0,0.0,2,1.0,1,0.5,0,0.0,0,0.0,0,0.0,22,83,47,3.6,2.57,1.27,0.265,2,10,3,0.0,0.6,0.667,1.0,0.0,1.0,8.0,0.125,0.0,0.125,1.0,3.0,9.0,0.25,19.0,0.632,3.0,0.75,4.4,4.0,9.0,0.308,27.0,0.481,3.0,0.542,4.2,1.0,0.429,3.0,6.0,0.5,0.5,0.429,3.0,6.0,0.5,0.0,0.0,0.0,,0.286,3.0,4.0,0.75,0.75,0.286,3.0,4.0,0.75,0.0,0.0,0.0,,0.071,0.0,1.0,0.0,0.0,0.0,0.0,0.0,,0.071,0.0,1.0,0.0,0.214,1.0,3.0,0.333,0.333,0.071,1.0,1.0,1.0,0.143,0.0,2.0,0.0,0,1,0.0,0,0.0,1.0,0.0,0.0,2,0.333,2,1.0,6,0.429,0,0.0,0.5,2,4,0.5,4.0,5.0,0.8,1,2,0.5,0.0,0.0,0.0,0.0,0.0,0.0,0.0,3.0,0.0,0.0,0.0,0.0,0.0,0.0,0.0,DEN,2,5,0.4,4.0,4.0,1.0,0.0,1.0,0.0,1,1,1.0,0.0,1.0,0.0,0.0,2.0,0.0,0.0,0.0,0.0,,,,0.0,0.0,0.0,1,3,0.0,2.0,0.0,0.333,12.0,26.0,0.462,0.513,-0.051,3.0,6.0,0.5,0.377,0.124,9.0,20.0,0.45,0.582,-0.132,6.0,11.0,0.545,0.654,-0.109,9.0,18.0,0.5,0.604,-0.104,3.0,8.0,0.375,0.38,-0.005,17.0,12.0,5.0,4.0,0.0,6.0,13.0,0.0,0.0,2.0,0.0,0.0,0.0,0.0,0.0,0.0,0.0,0.0,0.0,0.0,0.0,14203,2.7,1.5,1.2,4.1,4.55,3.64,2017,20170320,False
202696,Nikola Vučević,Nikola,1610612753,ORL,26.0,1,1,0,1.0,36.47833333333333,10,23,0.435,0,1,0.0,6,6,1.0,5,8,13,2,0,2,0,1,2,4,26,0,50.6,1,0,45.0,1,1,1,1,14,6,3,84,63,82,63,7,12,1,2,5,3,51,95,9,48,106,76,17,6,73,5,1,1,8,1,114,98.9,98.8,98.8,100.8,102.4,102.4,-1.9,-3.6,-3.6,0.118,0.0,7.1,0.0,0.2,0.0,0.0,0.0,0.435,0.507,0.263,0.267,110.74,109.87,91.56,109.87,0.182,85,10.0,23.0,87,98,98,69,65,65,79,80,80,73,76,105,37,11,31,1,1,98,82,26,27,10,15,15,24,6,3,44,45,0,1,5,4,3,0.045,0.068,2,1,1,1.0,2,2,1.0,4,2.0,0,0.0,0,0.0,0,0.0,1,0.5,26,71,48,2.1,1.74,0.69,0.366,6,10,12,1.0,0.2,0.667,4.0,1.0,0.8,9.0,0.556,1.0,0.625,2.3,4.0,4.0,0.5,12.0,0.667,1.0,0.727,2.9,8.0,5.0,0.615,21.0,0.619,2.0,0.684,2.7,1.0,0.174,2.0,4.0,0.5,0.5,0.174,2.0,4.0,0.5,0.0,0.0,0.0,,0.478,5.0,11.0,0.455,0.455,0.478,5.0,11.0,0.455,0.0,0.0,0.0,,0.13,2.0,3.0,0.667,0.667,0.13,2.0,3.0,0.667,0.0,0.0,0.0,,0.217,1.0,5.0,0.2,0.2,0.174,1.0,4.0,0.25,0.043,0.0,1.0,0.0,0,3,0.0,0,0.0,0.0,,0.0,6,0.333,8,0.333,2,0.2,6,0.5,0.435,4,8,0.5,2.0,4.0,0.5,4,10,0.4,0.0,0.0,0.0,,,,0.0,1.0,0.0,0.0,0.0,0.0,0.0,0.0,0.0,ORL,4,8,0.5,3.0,6.0,0.5,0.0,2.0,0.0,3,6,0.5,0.0,0.0,0.0,0.0,1.0,0.0,0.0,0.0,0.0,0.0,0.0,0.0,0.0,0.0,0.0,3,9,0.0,1.0,0.0,0.333,13.0,25.0,0.52,0.475,0.045,1.0,5.0,0.2,0.351,-0.151,12.0,20.0,0.6,0.526,0.074,8.0,13.0,0.615,0.602,0.014,10.0,15.0,0.667,0.568,0.099,2.0,8.0,0.25,0.361,-0.111,14.0,10.0,4.0,3.0,0.0,7.0,14.0,0.0,0.0,0.0,0.0,0.0,0.0,0.0,0.0,0.0,0.0,0.0,0.0,0.0,0.0,12859,2.4,1.2,1.2,3.95,4.02,3.89,2017,20170320,False
202708,Norris Cole,Norris,1610612760,OKC,28.0,1,0,1,0.0,3.1333333333333333,2,2,1.0,0,0,0.0,0,0,0.0,0,0,0,1,0,1,0,0,0,0,4,7,8.5,0,0,7.0,1,79,79,79,150,86,130,1,63,108,63,85,95,85,83,138,145,80,95,34,48,1,1,115,102,44,119,14,1,121,1,100,133.3,133.3,133.3,20.5,16.7,16.7,112.8,116.7,116.7,0.5,0.0,33.3,0.0,0.0,0.0,0.0,0.0,1.0,1.0,0.286,0.286,83.34,91.91,76.6,91.91,1.091,6,2.0,2.0,6,8,8,1,1,1,1,2,2,4,76,13,37,61,31,1,1,4,4,19,22,155,132,132,1,86,130,5,6,0,0,3,2,1,0.2,0.2,3,2,2,1.0,0,0,0.0,4,1.333,1,0.333,0,0.0,0,0.0,0,0.0,4,7,3,0.9,7.41,8.14,0.571,0,0,0,0.0,0.0,0.0,,,,,,,,,,,,,,,,,,,,,,,,,1.0,1.0,2.0,2.0,1.0,1.0,1.0,2.0,2.0,1.0,0.0,0.0,0.0,,,,,,,,,,,,,,,,,,,,,,,,,,,,,,,,,,,,,,,,,0,0,,0,,,,,0,0.0,0,0.0,0,0.0,0,0.0,1.0,0,0,0.0,2.0,2.0,1.0,0,0,0.0,,,,0.0,0.0,0.0,,,,,,,0.0,0.0,0.0,OKC,0,0,0.0,2.0,2.0,1.0,,,,0,0,0.0,0.0,0.0,0.0,,,,,,,,,,,,,0,0,,,,,,,,,,,,,,,,,,,,,,,,,,,,,,,,,,,0.0,0.0,0.0,1.0,0.0,0.0,0.0,0.0,0.0,0.0,0.0,0.0,0.0,0.0,0.0,0.0,0.0,0.0,0.0,0.0,0.0,1126,0.2,0.1,0.1,3.84,4.51,3.33,2017,20170320,False
203490,Otto Porter Jr.,Otto,1610612764,WAS,24.0,1,0,1,0.0,21.466666666666665,4,8,0.5,0,3,0.0,0,0,0.0,2,1,3,2,0,0,0,1,3,0,8,-11,14.6,0,0,13.0,1,79,79,79,78,58,63,46,63,50,63,85,95,85,19,105,78,51,95,78,48,106,104,115,78,134,90,14,1,91,1,103,98.4,100.0,100.0,126.8,127.3,127.3,-28.4,-27.3,-27.3,0.167,0.0,20.0,0.083,0.0,0.0,0.0,0.0,0.5,0.5,0.157,0.158,100.49,99.5,82.92,99.5,0.06,45,4.0,8.0,92,83,83,138,140,140,128,126,126,51,76,58,12,61,31,1,1,59,85,101,101,76,79,79,107,58,63,19,15,0,0,1,4,2,0.105,0.105,2,0,1,0.0,0,0,0.0,0,0.0,1,0.5,0,0.0,0,0.0,0,0.0,8,27,17,0.8,1.71,0.74,0.296,0,0,2,0.0,0.0,2.0,0.0,2.0,0.0,3.0,0.667,0.0,0.667,10.5,0.0,1.0,0.0,6.0,0.167,0.0,0.167,8.4,0.0,3.0,0.0,9.0,0.333,0.0,0.333,9.8,,,,,,,,,,,,,,,0.375,2.0,3.0,0.667,0.667,0.375,2.0,3.0,0.667,0.0,0.0,0.0,,0.5,2.0,4.0,0.5,0.5,0.25,2.0,2.0,1.0,0.25,0.0,2.0,0.0,0.125,0.0,1.0,0.0,0.0,0.0,0.0,0.0,,0.125,0.0,1.0,0.0,2,2,1.0,4,0.0,0.0,,1.0,0,0.0,4,1.0,0,0.0,0,0.0,0.5,1,1,1.0,1.0,1.0,1.0,2,3,0.667,0.0,1.0,0.0,0.0,0.0,0.0,0.0,2.0,0.0,0.0,0.0,0.0,0.0,1.0,0.0,WAS,2,2,1.0,0.0,0.0,0.0,0.0,1.0,0.0,2,2,1.0,0.0,1.0,0.0,0.0,2.0,0.0,,,,,,,0.0,0.0,0.0,0,2,0.0,2.0,0.0,0.0,2.0,8.0,0.25,0.463,-0.213,0.0,4.0,0.0,0.38,-0.38,2.0,4.0,0.5,0.52,-0.02,0.0,1.0,0.0,0.659,-0.659,1.0,2.0,0.5,0.522,-0.022,0.0,5.0,0.0,0.387,-0.387,7.0,4.0,3.0,0.0,0.0,0.0,0.0,0.0,0.0,1.0,0.0,0.0,0.0,0.0,0.0,0.0,0.0,0.0,0.0,0.0,0.0,8461,1.6,0.9,0.7,4.48,4.96,3.99,2017,20170320,False
201976,Patrick Beverley,Patrick,1610612745,HOU,28.0,1,1,0,1.0,32.45,5,9,0.556,4,5,0.8,0,0,0.0,1,5,6,3,1,1,0,2,4,2,14,0,27.7,0,0,29.0,1,1,1,1,30,38,53,37,3,26,7,85,95,85,36,26,28,35,45,34,48,145,128,49,42,73,43,14,1,33,1,106,108.3,107.1,107.1,103.1,105.6,105.6,5.1,1.5,1.5,0.13,3.0,23.1,0.0,0.161,0.0,7.7,7.7,0.778,0.778,0.132,0.135,105.02,104.28,86.9,104.28,0.104,70,5.0,9.0,57,67,67,75,74,74,60,67,67,64,9,44,37,20,31,79,79,13,13,121,118,53,48,48,68,38,53,30,31,0,0,8,8,3,0.1,0.1,6,1,3,0.333,0,0,0.0,2,0.333,2,0.333,1,0.167,0,0.0,0,0.0,14,41,17,2.2,3.29,3.02,0.341,0,0,1,0.0,0.0,0.0,0.0,1.0,0.0,4.0,0.25,1.0,0.333,10.0,0.0,5.0,0.0,10.0,0.5,1.0,0.556,14.5,0.0,6.0,0.0,14.0,0.429,2.0,0.5,13.7,1.0,0.111,0.0,1.0,0.0,0.0,0.111,0.0,1.0,0.0,0.0,0.0,0.0,,0.222,0.0,2.0,0.0,0.0,0.222,0.0,2.0,0.0,0.0,0.0,0.0,,0.444,3.0,4.0,0.75,1.0,0.111,1.0,1.0,1.0,0.333,2.0,3.0,0.667,0.222,2.0,2.0,1.0,1.5,0.0,0.0,0.0,,0.222,2.0,2.0,1.0,0,0,,0,0.0,0.0,,,12,0.8,0,0.0,0,0.0,0,0.0,0.778,1,3,0.333,0.0,1.0,0.0,0,0,0.0,1.0,1.0,1.0,0.0,0.0,0.0,3.0,4.0,0.75,0.0,0.0,0.0,1.0,1.0,1.0,HOU,1,3,0.333,0.0,1.0,0.0,0.0,0.0,0.0,0,0,0.0,2.0,2.0,1.0,2.0,3.0,0.667,0.0,0.0,0.0,,,,0.0,0.0,0.0,4,5,4.0,5.0,0.8,1.2,7.0,11.0,0.636,0.449,0.187,4.0,6.0,0.667,0.367,0.3,3.0,5.0,0.6,0.514,0.086,2.0,2.0,1.0,0.566,0.434,2.0,3.0,0.667,0.577,0.09,5.0,8.0,0.625,0.375,0.25,10.0,4.0,6.0,1.0,0.0,1.0,3.0,0.0,0.0,5.0,0.0,0.0,0.0,0.0,0.0,0.0,0.0,0.0,0.0,0.0,0.0,12427,2.4,1.2,1.1,4.45,4.4,4.12,2017,20170320,False
1627775,Patrick McCaw,Patrick,1610612744,GSW,21.0,1,1,0,1.0,20.083333333333332,2,2,1.0,1,1,1.0,0,0,0.0,2,3,5,3,1,1,0,0,1,0,5,-5,17.5,0,0,16.0,1,1,1,1,88,86,130,1,36,82,1,85,95,85,19,59,40,35,45,34,48,1,44,115,95,103,78,14,1,79,1,101,93.4,90.7,90.7,107.7,107.3,107.3,-14.3,-16.6,-16.6,0.25,3.0,50.0,0.0,0.0,0.0,16.7,16.7,1.25,1.25,0.061,0.063,98.71,100.38,83.65,100.38,0.162,43,2.0,2.0,113,124,124,87,82,82,104,107,107,26,9,4,37,61,31,117,120,2,2,151,150,92,76,76,29,86,130,19,18,0,0,5,8,3,0.158,0.158,2,0,0,0.0,0,0,0.0,0,0.0,1,0.5,1,0.5,0,0.0,0,0.0,5,24,17,1.1,2.65,1.63,0.208,0,0,2,0.0,0.0,1.0,0.0,2.0,0.0,4.0,0.5,0.0,0.5,8.6,2.0,1.0,0.667,2.0,1.5,0.0,1.5,6.9,2.0,3.0,0.4,6.0,0.833,0.0,0.833,7.6,,,,,,,,,,,,,,,,,,,,,,,,,,,,0.5,1.0,1.0,1.0,1.0,0.5,1.0,1.0,1.0,0.0,0.0,0.0,,0.5,1.0,1.0,1.0,1.5,0.0,0.0,0.0,,0.5,1.0,1.0,1.0,0,0,,0,0.0,0.0,,,3,1.0,2,1.0,0,0.0,0,0.0,1.25,1,1,1.0,0.0,0.0,0.0,0,0,0.0,0.0,0.0,0.0,0.0,0.0,0.0,1.0,1.0,1.0,0.0,0.0,0.0,0.0,0.0,0.0,GSW,1,1,1.0,0.0,0.0,0.0,0.0,0.0,0.0,0,0,0.0,1.0,1.0,1.0,0.0,0.0,0.0,,,,,,,0.0,0.0,0.0,1,1,1.0,1.0,1.0,1.5,3.0,9.0,0.333,0.456,-0.123,0.0,4.0,0.0,0.36,-0.36,3.0,5.0,0.6,0.521,0.079,0.0,1.0,0.0,0.634,-0.634,1.0,3.0,0.333,0.547,-0.213,0.0,4.0,0.0,0.371,-0.371,7.0,3.0,4.0,3.0,0.0,0.0,0.0,0.0,0.0,1.0,0.0,0.0,0.0,0.0,0.0,0.0,0.0,0.0,0.0,0.0,0.0,7858,1.5,0.9,0.6,4.5,4.95,3.95,2017,20170320,False
202331,Paul George,Paul,1610612754,IND,27.0,1,1,0,1.0,36.18666666666667,6,20,0.3,2,7,0.286,5,5,1.0,0,8,8,5,3,2,2,4,4,2,19,10,45.1,0,0,42.0,1,1,1,1,15,19,6,119,25,12,48,12,19,1,83,5,17,14,13,9,5,155,128,49,17,29,11,14,1,12,1,91,119.3,123.2,123.2,104.9,108.7,108.7,14.4,14.5,14.5,0.227,1.67,16.7,0.0,0.211,0.0,10.0,9.9,0.35,0.428,0.313,0.314,94.66,91.53,76.27,91.53,0.094,69,6.0,20.0,32,24,24,81,85,85,43,44,44,32,35,71,37,9,31,89,90,110,111,10,12,118,134,134,78,19,6,31,41,0,0,6,14,5,0.161,0.161,8,0,2,0.0,2,2,1.0,2,0.25,3,0.375,1,0.125,1,0.125,1,0.125,19,56,39,3.3,3.51,2.71,0.339,3,4,0,0.0,0.0,0.0,0.0,0.0,0.0,4.0,0.0,0.0,0.0,0.0,1.0,7.0,0.125,11.0,0.727,0.0,0.727,6.2,1.0,7.0,0.125,15.0,0.533,0.0,0.533,6.2,1.0,0.1,0.0,2.0,0.0,0.0,0.1,0.0,2.0,0.0,0.0,0.0,0.0,,0.5,3.0,10.0,0.3,0.3,0.5,3.0,10.0,0.3,0.0,0.0,0.0,,0.2,1.0,4.0,0.25,0.25,0.05,1.0,1.0,1.0,0.15,0.0,3.0,0.0,0.2,2.0,4.0,0.5,0.75,0.0,0.0,0.0,,0.2,2.0,4.0,0.5,4,8,0.5,8,0.0,1.0,0.0,0.5,6,0.286,0,0.0,0,0.0,0,0.0,0.35,0,4,0.0,0.0,0.0,0.0,4,9,0.444,0.0,1.0,0.0,0.0,1.0,0.0,2.0,5.0,0.4,0.0,0.0,0.0,0.0,2.0,0.0,IND,0,4,0.0,0.0,0.0,0.0,1.0,1.0,1.0,2,6,0.333,1.0,4.0,0.25,2.0,5.0,0.4,0.0,0.0,0.0,,,,0.0,0.0,0.0,2,7,2.0,6.0,0.333,0.429,7.0,13.0,0.538,0.491,0.047,3.0,5.0,0.6,0.391,0.209,4.0,8.0,0.5,0.54,-0.04,2.0,5.0,0.4,0.676,-0.276,2.0,5.0,0.4,0.618,-0.218,5.0,8.0,0.625,0.391,0.234,10.0,5.0,5.0,3.0,0.0,0.0,0.0,0.0,0.0,1.0,0.0,0.0,0.0,0.0,0.0,0.0,0.0,0.0,0.0,0.0,0.0,13157,2.5,1.3,1.2,4.15,4.2,4.09,2017,20170320,False
1718,Paul Pierce,Paul,1610612746,LAC,39.0,1,1,0,1.0,11.083333333333334,1,2,0.5,0,1,0.0,0,0,0.0,0,2,2,1,0,0,0,0,2,0,2,-1,5.9,0,0,5.0,1,1,1,1,126,107,130,46,63,82,63,85,95,85,83,85,102,80,95,78,48,1,76,115,119,79,131,14,1,132,1,99,98.6,100.0,100.0,108.5,104.5,104.5,-9.9,-4.5,-4.5,0.125,0.0,33.3,0.0,0.0,0.0,0.0,0.0,0.5,0.5,0.083,0.082,94.24,95.28,79.4,95.28,0.056,22,1.0,2.0,89,83,83,88,72,72,97,84,84,66,76,13,37,61,31,1,1,59,85,144,147,121,107,107,109,107,130,6,5,0,0,1,2,1,0.167,0.167,0,0,0,0.0,0,0,0.0,0,0.0,0,0.0,0,0.0,0,0.0,0,0.0,2,9,4,0.5,3.23,1.33,0.222,0,1,0,0.0,2.0,0.0,0.0,0.0,0.0,0.0,0.0,0.0,0.0,0.0,2.0,0.0,1.0,2.0,1.0,0.0,1.0,3.2,2.0,0.0,1.0,2.0,1.0,0.0,1.0,3.2,,,,,,,,,,,,,,,0.5,1.0,1.0,1.0,1.0,0.5,1.0,1.0,1.0,0.0,0.0,0.0,,0.5,0.0,1.0,0.0,0.0,0.0,0.0,0.0,,0.5,0.0,1.0,0.0,,,,,,,,,,,,,,0,0,,0,0.0,0.0,,,0,0.0,0,0.0,2,1.0,0,0.0,0.5,1,1,1.0,0.0,0.0,0.0,0,0,0.0,0.0,0.0,0.0,,,,0.0,1.0,0.0,0.0,0.0,0.0,0.0,0.0,0.0,LAC,1,1,1.0,0.0,0.0,0.0,0.0,0.0,0.0,0,0,0.0,0.0,0.0,0.0,0.0,1.0,0.0,,,,,,,0.0,0.0,0.0,0,1,0.0,1.0,0.0,0.0,0.0,2.0,0.0,0.398,-0.398,,,,,,0.0,2.0,0.0,0.371,-0.371,,,,,,0.0,1.0,0.0,0.407,-0.407,0.0,1.0,0.0,0.413,-0.413,4.0,4.0,0.0,0.0,0.0,1.0,2.0,0.0,0.0,1.0,0.0,0.0,0.0,0.0,0.0,0.0,0.0,0.0,0.0,0.0,0.0,3895,0.7,0.4,0.3,3.8,4.3,3.29,2017,20170320,False
1626176,Rakeem Christmas,Rakeem,1610612754,IND,25.0,1,1,0,1.0,2.0166666666666666,0,1,0.0,0,0,0.0,0,0,0.0,0,1,1,0,0,0,0,0,0,0,0,0,1.2,0,0,1.0,1,1,1,1,156,133,146,133,63,108,63,85,95,85,83,105,121,111,95,78,48,1,1,115,138,73,149,14,1,149,1,91,100.0,100.0,100.0,120.0,120.0,120.0,-20.0,-20.0,-20.0,0.0,0.0,0.0,0.0,0.0,0.0,0.0,0.0,0.0,0.0,0.167,0.167,130.91,130.91,109.09,130.91,0.0,6,0.0,1.0,84,83,83,123,122,122,116,110,110,111,76,111,37,61,31,1,1,133,138,91,95,1,1,1,134,133,146,3,3,0,0,0,0,0,0.0,0.0,0,0,0,0.0,0,0,0.0,0,0.0,0,0.0,0,0.0,0,0.0,0,0.0,0,4,2,0.1,0.89,0.5,0.0,1,0,0,0.0,0.0,0.0,0.0,0.0,0.0,1.0,0.0,0.0,0.0,0.0,0.0,1.0,0.0,1.0,1.0,0.0,1.0,3.6,0.0,1.0,0.0,2.0,0.5,0.0,0.5,3.6,1.0,1.0,0.0,1.0,0.0,0.0,1.0,0.0,1.0,0.0,0.0,0.0,0.0,,,,,,,,,,,,,,,,,,,,,,,,,,,,,,,,,,,,,,,,,0,0,,0,,,,,0,0.0,0,0.0,0,0.0,0,0.0,0.0,0,1,0.0,0.0,0.0,0.0,0,0,0.0,0.0,0.0,0.0,,,,0.0,0.0,0.0,,,,0.0,0.0,0.0,IND,0,1,0.0,0.0,0.0,0.0,,,,0,0,0.0,0.0,0.0,0.0,0.0,0.0,0.0,0.0,0.0,0.0,,,,,,,0,0,,,,,,,,,,,,,,,,,,,,,,,,,,,,,,,,,,,,,,,,,,,,,,,,,,,,,,,,962,0.2,0.1,0.1,5.98,6.03,5.93,2017,20170320,False
203526,Raul Neto,Raul,1610612762,UTA,25.0,1,0,1,0.0,6.165,0,2,0.0,0,0,0.0,0,0,0.0,0,0,0,0,0,2,1,1,3,0,0,-7,9.0,0,0,6.0,1,79,79,79,140,133,130,133,63,108,63,85,95,85,83,138,145,111,95,9,13,106,104,115,138,109,116,14,1,127,1,91,109.7,116.7,116.7,140.4,150.0,150.0,-30.7,-33.3,-33.3,0.0,0.0,0.0,0.0,0.0,0.0,0.0,0.0,0.0,0.0,0.154,0.145,107.91,101.22,84.35,101.22,-0.088,12,0.0,2.0,52,42,42,152,152,152,135,137,137,111,76,111,37,61,31,1,1,133,138,105,111,31,70,70,150,133,130,11,10,0,0,1,0,0,0.0,0.0,1,0,0,0.0,0,0,0.0,0,0.0,1,1.0,0,0.0,0,0.0,0,0.0,0,13,4,1.0,4.51,4.38,0.0,0,0,0,0.0,0.0,0.0,,,,,,,,,,,,,,,,,,,,,,,,,,,,,,,,,,,,,,,1.0,0.0,2.0,0.0,0.0,1.0,0.0,2.0,0.0,0.0,0.0,0.0,,,,,,,,,,,,,,,,,,,,,,,,,,,,0,0,,0,,,,,0,0.0,0,0.0,0,0.0,0,0.0,0.0,0,2,0.0,0.0,0.0,0.0,0,0,0.0,0.0,0.0,0.0,,,,0.0,0.0,0.0,,,,0.0,0.0,0.0,UTA,0,2,0.0,0.0,0.0,0.0,0.0,0.0,0.0,0,0,0.0,0.0,0.0,0.0,0.0,0.0,0.0,0.0,0.0,0.0,,,,,,,0,0,,,,,1.0,4.0,0.25,0.468,-0.218,0.0,1.0,0.0,0.397,-0.397,1.0,3.0,0.333,0.502,-0.169,1.0,2.0,0.5,0.655,-0.155,1.0,2.0,0.5,0.593,-0.093,0.0,1.0,0.0,0.428,-0.428,2.0,1.0,1.0,2.0,0.0,0.0,0.0,0.0,0.0,0.0,0.0,0.0,0.0,0.0,0.0,0.0,0.0,0.0,0.0,0.0,0.0,2624,0.5,0.3,0.2,4.87,5.88,3.86,2017,20170320,False
101109,Raymond Felton,Raymond,1610612746,LAC,33.0,1,1,0,1.0,19.516666666666666,0,5,0.0,0,1,0.0,2,2,1.0,1,4,5,2,1,2,0,0,2,3,2,-9,16.0,0,0,13.0,1,1,1,1,92,133,90,133,63,82,63,47,53,1,36,36,40,51,45,9,48,1,76,30,119,124,85,14,1,91,1,99,95.7,90.5,90.5,112.7,114.6,114.6,-17.0,-24.2,-24.2,0.154,2.0,22.2,0.0,0.0,0.0,11.1,11.3,0.0,0.17,0.156,0.161,100.15,102.07,85.06,102.07,0.038,42,0.0,5.0,103,125,125,96,103,103,110,123,123,53,19,51,37,61,31,95,97,133,134,103,98,79,66,66,119,133,90,27,25,0,0,3,4,2,0.074,0.074,4,0,2,0.0,0,0,0.0,0,0.0,2,0.5,0,0.0,0,0.0,0,0.0,2,36,17,2.0,3.37,3.61,0.056,1,0,2,0.0,0.0,0.0,0.0,1.0,0.0,3.0,0.333,1.0,0.5,11.5,0.0,4.0,0.0,4.0,1.0,0.0,1.0,8.6,0.0,5.0,0.0,7.0,0.714,1.0,0.833,9.2,1.0,0.2,0.0,1.0,0.0,0.0,0.2,0.0,1.0,0.0,0.0,0.0,0.0,,0.2,0.0,1.0,0.0,0.0,0.2,0.0,1.0,0.0,0.0,0.0,0.0,,0.4,0.0,2.0,0.0,0.0,0.4,0.0,2.0,0.0,0.0,0.0,0.0,,0.2,0.0,1.0,0.0,0.0,0.0,0.0,0.0,,0.2,0.0,1.0,0.0,0,2,0.0,0,0.0,0.0,,0.0,0,0.0,0,0.0,0,0.0,0,0.0,0.0,0,2,0.0,0.0,0.0,0.0,0,2,0.0,0.0,0.0,0.0,,,,0.0,1.0,0.0,0.0,0.0,0.0,0.0,0.0,0.0,LAC,0,2,0.0,0.0,0.0,0.0,0.0,1.0,0.0,0,1,0.0,0.0,0.0,0.0,0.0,1.0,0.0,,,,,,,0.0,0.0,0.0,0,1,0.0,1.0,0.0,0.0,3.0,6.0,0.5,0.422,0.078,1.0,1.0,1.0,0.267,0.733,2.0,5.0,0.4,0.491,-0.091,,,,,,2.0,2.0,1.0,0.442,0.558,1.0,3.0,0.333,0.353,-0.02,6.0,5.0,1.0,4.0,0.0,0.0,0.0,0.0,0.0,3.0,0.0,0.0,0.0,0.0,0.0,0.0,0.0,0.0,0.0,0.0,0.0,7580,1.4,0.8,0.7,4.31,4.78,4.45,2017,20170320,False
1626158,Richaun Holmes,Richaun,1610612755,PHI,23.0,1,0,1,0.0,41.99166666666667,11,19,0.579,1,4,0.25,1,1,1.0,5,9,14,5,1,1,1,1,6,2,24,-4,53.3,1,0,48.0,1,79,79,79,2,5,7,30,36,38,49,64,83,1,2,2,1,14,45,34,13,106,152,49,8,91,4,1,1,6,1,112,91.9,92.3,92.3,93.0,94.6,94.6,-1.1,-2.3,-2.3,0.263,5.0,20.0,0.094,0.18,0.136,4.0,3.9,0.605,0.617,0.189,0.198,106.28,105.16,87.64,105.16,0.206,91,11.0,19.0,118,119,119,40,43,43,78,77,77,23,3,58,7,13,5,63,63,38,44,66,70,45,42,42,18,5,7,55,54,0,0,6,12,5,0.091,0.091,0,0,0,0.0,0,0,0.0,0,0.0,0,0.0,0,0.0,0,0.0,0,0.0,24,76,61,1.7,1.38,0.47,0.316,12,2,17,0.0,1.0,1.118,5.0,0.0,1.0,9.0,0.556,0.0,0.556,3.5,4.0,5.0,0.444,14.0,0.643,0.0,0.643,4.7,9.0,5.0,0.643,23.0,0.609,0.0,0.609,4.3,1.0,0.263,3.0,5.0,0.6,0.6,0.263,3.0,5.0,0.6,0.0,0.0,0.0,,0.316,5.0,6.0,0.833,0.833,0.316,5.0,6.0,0.833,0.0,0.0,0.0,,0.211,2.0,4.0,0.5,0.625,0.158,1.0,3.0,0.333,0.053,1.0,1.0,1.0,0.211,1.0,4.0,0.25,0.25,0.053,1.0,1.0,1.0,0.158,0.0,3.0,0.0,0,0,,0,0.0,0.0,,,3,0.167,19,0.818,2,1.0,0,0.0,0.605,8,11,0.727,2.0,2.0,1.0,0,2,0.0,0.0,0.0,0.0,0.0,0.0,0.0,1.0,4.0,0.25,0.0,0.0,0.0,0.0,0.0,0.0,PHI,8,11,0.727,1.0,1.0,1.0,1.0,2.0,0.5,0,1,0.0,1.0,2.0,0.5,0.0,2.0,0.0,0.0,0.0,0.0,0.0,0.0,0.0,0.0,0.0,0.0,1,6,1.0,4.0,0.25,0.25,7.0,19.0,0.368,0.458,-0.09,0.0,2.0,0.0,0.336,-0.336,7.0,17.0,0.412,0.492,-0.08,1.0,3.0,0.333,0.557,-0.223,3.0,5.0,0.6,0.534,0.066,4.0,11.0,0.364,0.394,-0.03,19.0,17.0,2.0,3.0,0.0,6.0,13.0,0.0,0.0,1.0,0.0,0.0,0.0,0.0,0.0,0.0,0.0,0.0,0.0,0.0,0.0,15530,2.9,1.6,1.3,4.15,4.47,3.81,2017,20170320,False
203496,Robert Covington,Robert,1610612755,PHI,26.0,1,0,1,0.0,44.888333333333335,9,21,0.429,3,9,0.333,3,3,1.0,5,8,13,0,2,5,2,0,5,1,24,1,58.6,1,0,54.0,1,79,79,79,1,8,4,85,9,5,37,30,46,1,2,5,3,111,26,1,5,1,145,76,8,69,3,1,1,2,1,112,95.2,96.9,96.9,94.8,96.9,96.9,0.4,0.0,0.0,0.0,0.0,0.0,0.085,0.151,0.116,8.3,8.2,0.5,0.538,0.207,0.216,106.38,104.26,86.88,104.26,0.152,98,9.0,21.0,107,104,104,47,50,50,70,70,70,111,76,111,11,22,9,85,85,59,72,60,57,41,49,49,37,8,4,61,51,0,0,3,0,0,0.0,0.0,10,2,4,0.5,2,2,1.0,6,0.6,3,0.3,0,0.0,2,0.2,1,0.1,24,86,54,2.0,1.4,0.56,0.279,1,0,6,0.0,0.0,1.333,3.0,2.0,0.6,8.0,0.625,0.0,0.625,6.8,3.0,5.0,0.375,18.0,0.444,1.0,0.471,4.7,6.0,7.0,0.462,26.0,0.5,1.0,0.52,5.5,1.0,0.19,2.0,4.0,0.5,0.5,0.143,2.0,3.0,0.667,0.048,0.0,1.0,0.0,0.476,2.0,10.0,0.2,0.2,0.333,2.0,7.0,0.286,0.143,0.0,3.0,0.0,0.19,3.0,4.0,0.75,1.0,0.048,1.0,1.0,1.0,0.143,2.0,3.0,0.667,0.143,2.0,3.0,0.667,0.833,0.048,1.0,1.0,1.0,0.095,1.0,2.0,0.5,0,1,0.0,0,0.0,1.0,0.0,0.0,9,0.375,8,0.667,0,0.0,0,0.0,0.5,6,10,0.6,0.0,2.0,0.0,0,0,0.0,0.0,0.0,0.0,0.0,1.0,0.0,3.0,8.0,0.375,0.0,0.0,0.0,0.0,1.0,0.0,PHI,6,11,0.545,0.0,1.0,0.0,0.0,0.0,0.0,0,0,0.0,0.0,3.0,0.0,3.0,6.0,0.5,,,,0.0,0.0,0.0,0.0,0.0,0.0,3,8,3.0,8.0,0.375,0.563,5.0,12.0,0.417,0.431,-0.014,0.0,3.0,0.0,0.34,-0.34,5.0,9.0,0.556,0.484,0.072,2.0,4.0,0.5,0.603,-0.103,2.0,4.0,0.5,0.545,-0.045,1.0,6.0,0.167,0.369,-0.202,10.0,7.0,3.0,8.0,0.0,1.0,2.0,0.0,0.0,2.0,0.0,0.0,0.0,0.0,0.0,0.0,0.0,0.0,0.0,0.0,0.0,16750,3.2,1.8,1.4,4.29,4.62,3.93,2017,20170320,False
203918,Rodney Hood,Rodney,1610612762,UTA,24.0,1,0,1,0.0,15.55,4,10,0.4,2,5,0.4,1,1,1.0,0,2,2,0,1,0,0,0,5,2,11,-5,12.4,0,0,15.0,1,79,79,79,113,58,47,93,25,26,32,64,83,1,83,85,102,111,45,78,48,1,145,49,59,103,103,14,1,84,1,91,109.3,107.1,107.1,128.7,125.0,125.0,-19.3,-17.9,-17.9,0.0,0.0,0.0,0.0,0.0,0.0,9.1,8.7,0.5,0.527,0.333,0.353,84.33,86.43,72.03,86.43,0.016,28,4.0,10.0,54,67,67,142,135,135,115,109,109,111,76,111,37,61,31,86,86,59,73,7,5,154,153,153,130,58,47,12,20,0,0,2,0,0,0.0,0.0,4,1,2,0.5,0,0,0.0,2,0.5,2,0.5,0,0.0,0,0.0,0,0.0,11,25,21,1.5,3.48,2.48,0.44,1,1,0,0.0,0.0,0.0,0.0,0.0,0.0,0.0,0.0,0.0,0.0,0.0,0.0,2.0,0.0,4.0,0.5,0.0,0.5,6.7,0.0,2.0,0.0,4.0,0.5,0.0,0.5,6.7,1.0,0.2,1.0,2.0,0.5,0.5,0.2,1.0,2.0,0.5,0.0,0.0,0.0,,0.2,1.0,2.0,0.5,0.5,0.2,1.0,2.0,0.5,0.0,0.0,0.0,,0.4,1.0,4.0,0.25,0.375,0.1,0.0,1.0,0.0,0.3,1.0,3.0,0.333,0.2,1.0,2.0,0.5,0.75,0.0,0.0,0.0,,0.2,1.0,2.0,0.5,0,3,0.0,0,0.0,0.0,,0.0,6,0.4,0,0.0,0,0.0,0,0.0,0.5,2,2,1.0,0.0,0.0,0.0,0,3,0.0,0.0,0.0,0.0,,,,2.0,5.0,0.4,0.0,0.0,0.0,0.0,0.0,0.0,UTA,2,2,1.0,0.0,0.0,0.0,0.0,1.0,0.0,0,2,0.0,0.0,0.0,0.0,2.0,5.0,0.4,,,,,,,0.0,0.0,0.0,2,5,2.0,5.0,0.4,0.6,2.0,4.0,0.5,0.459,0.041,,,,,,2.0,4.0,0.5,0.501,-0.001,1.0,1.0,1.0,0.514,0.486,2.0,2.0,1.0,0.535,0.466,0.0,2.0,0.0,0.398,-0.398,2.0,2.0,0.0,0.0,0.0,0.0,0.0,0.0,0.0,0.0,0.0,0.0,0.0,0.0,0.0,0.0,0.0,0.0,0.0,0.0,0.0,5851,1.1,0.6,0.5,4.27,4.72,3.82,2017,20170320,False
1627758,Ron Baker,Ron,1610612752,NYK,24.0,1,0,1,0.0,20.433333333333334,3,5,0.6,2,2,1.0,0,0,0.0,0,3,3,2,1,2,0,0,2,0,8,11,19.6,0,0,19.0,1,79,79,79,86,78,90,26,25,67,1,85,95,85,83,59,78,51,45,9,48,1,76,115,78,28,70,14,1,66,1,97,120.3,122.5,122.5,93.3,90.5,90.5,27.0,32.0,32.0,0.133,2.0,25.0,0.0,0.0,0.0,12.5,12.5,0.8,0.8,0.136,0.134,95.66,96.31,80.26,96.31,0.149,40,3.0,5.0,28,26,26,41,29,29,22,15,15,60,19,31,37,61,31,102,103,9,11,117,120,110,100,100,38,78,90,34,33,1,1,4,4,4,0.059,0.118,8,1,3,0.333,0,0,0.0,2,0.25,4,0.5,0,0.0,1,0.125,0,0.0,8,42,13,3.2,4.54,4.52,0.19,1,0,0,0.0,0.0,0.0,0.0,0.0,0.0,0.0,0.0,0.0,0.0,0.0,0.0,3.0,0.0,4.0,0.75,0.0,0.75,10.4,0.0,3.0,0.0,4.0,0.75,0.0,0.75,10.4,1.0,0.2,1.0,1.0,1.0,1.0,0.2,1.0,1.0,1.0,0.0,0.0,0.0,,0.4,0.0,2.0,0.0,0.0,0.4,0.0,2.0,0.0,0.0,0.0,0.0,,,,,,,,,,,,,,,0.4,2.0,2.0,1.0,1.5,0.0,0.0,0.0,,0.4,2.0,2.0,1.0,0,1,0.0,0,0.0,0.0,,0.0,6,1.0,0,0.0,0,0.0,0,0.0,0.8,1,2,0.5,0.0,1.0,0.0,0,0,0.0,1.0,1.0,1.0,,,,0.0,0.0,0.0,0.0,0.0,0.0,1.0,1.0,1.0,NYK,1,2,0.5,0.0,1.0,0.0,0.0,0.0,0.0,0,0,0.0,1.0,1.0,1.0,0.0,0.0,0.0,,,,,,,0.0,0.0,0.0,2,2,2.0,2.0,1.0,1.5,2.0,3.0,0.667,0.43,0.236,1.0,2.0,0.5,0.361,0.14,1.0,1.0,1.0,0.488,0.512,,,,,,,,,,,1.0,2.0,0.5,0.371,0.129,1.0,0.0,1.0,3.0,0.0,1.0,2.0,0.0,0.0,1.0,0.0,0.0,0.0,0.0,0.0,0.0,0.0,0.0,0.0,0.0,0.0,8559,1.6,0.8,0.8,4.71,5.31,4.22,2017,20170320,False
203497,Rudy Gobert,Rudy,1610612762,UTA,25.0,1,0,1,0.0,37.16833333333334,7,12,0.583,0,0,0.0,2,6,0.333,5,9,14,3,1,0,8,3,3,4,16,-7,60.3,1,0,49.0,1,79,79,79,10,14,32,29,63,108,63,47,12,82,2,2,1,35,45,78,1,152,104,17,27,109,2,1,1,5,1,91,107.5,111.3,111.3,117.2,119.4,119.4,-9.7,-8.2,-8.2,0.125,3.0,16.7,0.132,0.0,0.0,5.6,5.4,0.583,0.546,0.183,0.19,94.82,92.34,76.95,92.34,0.138,71,7.0,12.0,61,59,59,113,119,119,96,91,91,66,9,71,2,61,31,70,70,44,68,70,74,115,127,127,44,14,32,54,36,0,0,5,9,4,0.056,0.074,3,1,2,0.5,0,0,0.0,2,0.667,1,0.333,0,0.0,0,0.0,0,0.0,16,70,39,1.6,1.41,0.24,0.229,10,0,10,0.6,0.0,0.7,3.0,2.0,0.6,11.0,0.455,1.0,0.5,6.4,3.0,6.0,0.333,19.0,0.474,2.0,0.529,3.7,6.0,8.0,0.429,30.0,0.467,3.0,0.519,4.6,1.0,0.667,4.0,8.0,0.5,0.5,0.667,4.0,8.0,0.5,0.0,0.0,0.0,,0.25,2.0,3.0,0.667,0.667,0.25,2.0,3.0,0.667,0.0,0.0,0.0,,0.083,1.0,1.0,1.0,1.0,0.083,1.0,1.0,1.0,0.0,0.0,0.0,,,,,,,,,,,,,,,0,0,,0,,,,,2,1.0,7,0.429,0,0.0,6,0.667,0.583,7,11,0.636,0.0,1.0,0.0,0,0,0.0,0.0,0.0,0.0,0.0,0.0,0.0,0.0,0.0,0.0,0.0,0.0,0.0,0.0,0.0,0.0,UTA,7,12,0.583,0.0,0.0,0.0,0.0,0.0,0.0,0,0,0.0,0.0,0.0,0.0,0.0,0.0,0.0,0.0,0.0,0.0,,,,0.0,0.0,0.0,1,1,,,,1.0,6.0,18.0,0.333,0.481,-0.147,1.0,3.0,0.333,0.372,-0.038,5.0,15.0,0.333,0.515,-0.181,2.0,5.0,0.4,0.628,-0.228,2.0,8.0,0.25,0.582,-0.332,3.0,7.0,0.429,0.402,0.027,17.0,16.0,1.0,0.0,0.0,7.0,16.0,0.0,0.0,1.0,0.0,0.0,0.0,0.0,0.0,0.0,0.0,0.0,0.0,0.0,0.0,14014,2.7,1.4,1.2,4.36,4.66,3.76,2017,20170320,False
201566,Russell Westbrook,Russell,1610612760,OKC,28.0,1,0,1,0.0,27.216666666666665,4,16,0.25,1,6,0.167,6,7,0.857,0,8,8,7,5,2,0,1,4,5,15,-25,36.1,0,0,35.0,1,79,79,79,54,58,14,122,36,18,61,7,8,46,83,5,17,7,2,9,48,106,128,9,37,156,23,14,1,21,1,100,88.2,90.0,90.0,130.1,127.4,127.4,-41.9,-37.4,-37.4,0.467,1.4,22.6,0.0,0.0,0.0,16.1,16.1,0.281,0.393,0.358,0.358,107.55,107.58,89.65,107.58,0.086,60,4.0,16.0,129,128,128,145,141,141,142,141,141,7,39,50,37,61,31,116,117,124,118,5,4,34,22,22,83,58,14,52,63,4,2,16,20,13,0.135,0.25,17,3,6,0.5,3,4,0.75,9,0.529,7,0.412,1,0.059,1,0.059,2,0.118,15,77,21,7.8,6.07,5.95,0.195,2,0,0,0.0,0.0,0.0,0.0,0.0,0.0,2.0,0.0,0.0,0.0,0.0,1.0,7.0,0.125,12.0,0.667,1.0,0.727,7.9,1.0,7.0,0.125,14.0,0.571,1.0,0.615,7.9,1.0,0.188,0.0,3.0,0.0,0.0,0.188,0.0,3.0,0.0,0.0,0.0,0.0,,0.5,3.0,8.0,0.375,0.375,0.375,3.0,6.0,0.5,0.125,0.0,2.0,0.0,0.188,0.0,3.0,0.0,0.0,0.063,0.0,1.0,0.0,0.125,0.0,2.0,0.0,0.125,1.0,2.0,0.5,0.75,0.0,0.0,0.0,,0.125,1.0,2.0,0.5,1,5,0.2,3,1.0,2.0,0.5,0.3,0,0.0,0,0.0,0,0.0,0,0.0,0.281,3,7,0.429,0.0,0.0,0.0,0,3,0.0,0.0,0.0,0.0,0.0,0.0,0.0,1.0,6.0,0.167,0.0,0.0,0.0,0.0,0.0,0.0,OKC,3,7,0.429,0.0,1.0,0.0,0.0,0.0,0.0,0,1,0.0,0.0,5.0,0.0,1.0,2.0,0.5,,,,,,,0.0,0.0,0.0,0,3,0.0,3.0,0.0,0.0,4.0,6.0,0.667,0.459,0.208,4.0,5.0,0.8,0.411,0.389,0.0,1.0,0.0,0.491,-0.491,,,,,,,,,,,4.0,5.0,0.8,0.423,0.377,2.0,0.0,2.0,4.0,0.0,0.0,0.0,0.0,0.0,1.0,0.0,0.0,0.0,0.0,0.0,0.0,0.0,0.0,0.0,0.0,0.0,10304,2.0,1.1,0.9,4.42,4.74,4.08,2017,20170320,False
201583,Ryan Anderson,Ryan,1610612745,HOU,29.0,1,1,0,1.0,24.6,4,8,0.5,2,6,0.333,0,0,0.0,1,1,2,1,0,0,0,0,2,0,10,3,13.9,0,0,15.0,1,1,1,1,65,58,63,46,25,18,37,85,95,85,36,105,102,80,95,78,48,1,76,115,64,55,96,14,1,84,1,106,115.8,114.8,114.8,103.0,107.3,107.3,12.8,7.5,7.5,0.053,0.0,11.1,0.0,0.043,0.0,0.0,0.0,0.625,0.625,0.138,0.142,108.1,106.34,88.62,106.34,0.054,54,4.0,8.0,43,47,47,73,81,81,47,56,56,106,76,90,37,56,31,1,1,36,41,116,115,29,31,31,110,58,63,15,16,0,0,1,2,1,0.067,0.067,1,0,0,0.0,0,0,0.0,0,0.0,0,0.0,1,1.0,0,0.0,0,0.0,10,24,15,0.7,1.65,0.5,0.417,0,0,1,0.0,0.0,2.0,1.0,0.0,1.0,3.0,0.333,0.0,0.333,2.4,1.0,0.0,1.0,5.0,0.2,1.0,0.25,2.7,2.0,0.0,1.0,8.0,0.25,1.0,0.286,2.6,1.0,0.125,1.0,1.0,1.0,1.0,0.125,1.0,1.0,1.0,0.0,0.0,0.0,,,,,,,,,,,,,,,0.25,1.0,2.0,0.5,0.5,0.125,1.0,1.0,1.0,0.125,0.0,1.0,0.0,0.625,2.0,5.0,0.4,0.6,0.0,0.0,0.0,,0.625,2.0,5.0,0.4,1,1,1.0,2,0.0,0.0,,1.0,6,0.333,2,1.0,0,0.0,0,0.0,0.625,1,1,1.0,0.0,0.0,0.0,1,1,1.0,0.0,0.0,0.0,0.0,1.0,0.0,2.0,5.0,0.4,,,,0.0,1.0,0.0,HOU,1,1,1.0,0.0,0.0,0.0,0.0,0.0,0.0,1,1,1.0,0.0,1.0,0.0,2.0,5.0,0.4,0.0,0.0,0.0,,,,0.0,0.0,0.0,2,6,2.0,6.0,0.333,0.5,4.0,9.0,0.444,0.53,-0.086,0.0,1.0,0.0,0.316,-0.316,4.0,8.0,0.5,0.561,-0.061,3.0,6.0,0.5,0.623,-0.123,3.0,7.0,0.429,0.599,-0.17,1.0,2.0,0.5,0.402,0.098,5.0,4.0,1.0,2.0,0.0,0.0,0.0,0.0,0.0,0.0,0.0,0.0,0.0,0.0,0.0,0.0,0.0,0.0,0.0,0.0,0.0,9130,1.7,0.9,0.9,4.15,4.5,4.3,2017,20170320,False
203527,Ryan Kelly,Ryan,1610612737,ATL,26.0,1,0,1,0.0,10.666666666666666,0,3,0.0,0,1,0.0,0,0,0.0,0,1,1,0,1,0,0,0,0,0,0,-17,0.2,0,0,1.0,1,79,79,79,132,133,116,133,63,82,63,85,95,85,83,105,121,111,45,78,48,1,1,115,138,147,155,14,1,149,1,90,56.3,54.5,54.5,136.8,131.8,131.8,-80.5,-77.3,-77.3,0.0,0.0,0.0,0.0,0.0,0.0,25.0,25.0,0.0,0.0,0.167,0.172,95.67,99.0,82.5,99.0,-0.091,22,0.0,3.0,156,154,154,149,146,146,154,151,151,111,76,111,37,61,31,142,142,133,138,91,88,109,83,83,151,133,116,15,12,0,0,0,0,0,0.0,0.0,0,0,0,0.0,0,0,0.0,0,0.0,0,0.0,0,0.0,0,0.0,0,0.0,0,19,12,0.5,1.65,0.37,0.0,1,0,1,0.0,0.0,0.0,0.0,0.0,0.0,1.0,0.0,0.0,0.0,0.0,1.0,0.0,1.0,1.0,1.0,0.0,1.0,4.8,1.0,0.0,1.0,2.0,0.5,0.0,0.5,4.8,1.0,0.333,0.0,1.0,0.0,0.0,0.333,0.0,1.0,0.0,0.0,0.0,0.0,,,,,,,,,,,,,,,0.333,0.0,1.0,0.0,0.0,0.333,0.0,1.0,0.0,0.0,0.0,0.0,,0.333,0.0,1.0,0.0,0.0,0.0,0.0,0.0,,0.333,0.0,1.0,0.0,0,1,0.0,0,0.0,0.0,,0.0,0,0.0,0,0.0,0,0.0,0,0.0,0.0,0,1,0.0,0.0,0.0,0.0,0,1,0.0,,,,0.0,0.0,0.0,0.0,1.0,0.0,,,,0.0,0.0,0.0,ATL,0,1,0.0,0.0,0.0,0.0,0.0,0.0,0.0,0,1,0.0,0.0,0.0,0.0,0.0,1.0,0.0,,,,,,,,,,0,1,0.0,1.0,0.0,0.0,2.0,2.0,1.0,0.422,0.578,,,,,,2.0,2.0,1.0,0.494,0.506,2.0,2.0,1.0,0.623,0.377,2.0,2.0,1.0,0.548,0.452,,,,,,1.0,0.0,1.0,0.0,0.0,0.0,0.0,0.0,0.0,1.0,0.0,0.0,0.0,0.0,0.0,0.0,0.0,0.0,0.0,0.0,0.0,3788,0.7,0.4,0.3,3.95,4.17,3.68,2017,20170320,False
1626155,Sam Dekker,Sam,1610612745,HOU,23.0,1,1,0,1.0,5.083333333333333,2,3,0.667,0,0,0.0,1,2,0.5,0,0,0,0,0,2,0,0,0,1,5,-14,11.0,0,0,9.0,1,1,1,1,146,86,116,12,63,108,63,64,53,69,83,138,145,111,95,9,48,1,1,76,95,142,109,14,1,113,1,106,68.7,66.7,66.7,165.2,157.1,157.1,-96.4,-90.5,-90.5,0.0,0.0,0.0,0.0,0.0,0.0,0.0,0.0,0.667,0.644,0.308,0.307,117.84,122.75,102.3,122.75,0.196,12,2.0,3.0,146,145,145,154,155,155,156,155,155,111,76,111,37,61,31,1,1,28,35,13,14,3,2,2,20,86,116,9,7,0,0,0,0,0,0.0,0.0,1,0,0,0.0,0,0,0.0,0,0.0,1,1.0,0,0.0,0,0.0,0,0.0,5,13,6,0.3,1.49,0.62,0.385,0,0,1,0.0,0.0,2.0,,,,,,,,,,,,,,,,,,,,,,,,,,,,,,,,,,,,,,,0.333,1.0,1.0,1.0,1.0,0.333,1.0,1.0,1.0,0.0,0.0,0.0,,0.333,0.0,1.0,0.0,0.0,0.333,0.0,1.0,0.0,0.0,0.0,0.0,,0.333,1.0,1.0,1.0,1.0,0.333,1.0,1.0,1.0,0.0,0.0,0.0,,0,0,,0,,,,,0,0.0,2,1.0,0,0.0,0,0.0,0.667,1,2,0.5,1.0,1.0,1.0,0,0,0.0,,,,,,,0.0,0.0,0.0,0.0,0.0,0.0,,,,HOU,1,2,0.5,1.0,1.0,1.0,0.0,0.0,0.0,0,0,0.0,0.0,0.0,0.0,0.0,0.0,0.0,,,,0.0,0.0,0.0,0.0,0.0,0.0,0,0,,,,,1.0,4.0,0.25,0.428,-0.178,1.0,2.0,0.5,0.369,0.131,0.0,2.0,0.0,0.448,-0.448,0.0,1.0,0.0,0.575,-0.575,0.0,1.0,0.0,0.538,-0.538,1.0,3.0,0.333,0.352,-0.019,3.0,2.0,1.0,2.0,0.0,0.0,0.0,0.0,0.0,0.0,0.0,0.0,0.0,0.0,0.0,0.0,0.0,0.0,0.0,0.0,0.0,2416,0.5,0.3,0.2,5.9,6.68,5.01,2017,20170320,False
2756,Sasha Vujacic,Sasha,1610612752,NYK,33.0,1,0,1,0.0,2.9833333333333334,1,3,0.333,1,3,0.333,0,0,0.0,0,0,0,0,0,0,0,0,1,0,3,8,3.0,0,0,4.0,1,79,79,79,151,107,116,106,36,50,37,85,95,85,83,138,145,111,95,78,48,1,44,115,117,36,142,14,1,138,1,97,170.2,185.7,185.7,75.3,62.5,62.5,94.9,123.2,123.2,0.0,0.0,0.0,0.0,0.0,0.0,0.0,0.0,0.5,0.5,0.375,0.347,114.88,120.67,100.56,120.67,0.0,7,1.0,3.0,1,1,1,7,2,2,2,1,1,111,76,111,37,61,31,1,1,59,85,4,7,4,3,3,134,107,116,2,4,0,0,0,0,0,0.0,0.0,0,0,0,0.0,0,0,0.0,0,0.0,0,0.0,0,0.0,0,0.0,0,0.0,3,5,5,0.1,1.7,0.4,0.6,0,0,0,0.0,0.0,0.0,,,,,,,,,,,,,,,,,,,,,,,,,,,,,,,,,,,,,,,0.667,0.0,2.0,0.0,0.0,0.0,0.0,0.0,,0.667,0.0,2.0,0.0,0.333,1.0,1.0,1.0,1.5,0.0,0.0,0.0,,0.333,1.0,1.0,1.0,,,,,,,,,,,,,,0,1,0.0,0,0.0,1.0,0.0,0.0,3,0.5,0,0.0,0,0.0,0,0.0,0.5,0,0,0.0,0.0,0.0,0.0,0,0,0.0,0.0,0.0,0.0,,,,1.0,3.0,0.333,0.0,0.0,0.0,0.0,0.0,0.0,NYK,0,0,0.0,0.0,0.0,0.0,,,,0,0,0.0,0.0,1.0,0.0,1.0,2.0,0.5,,,,,,,0.0,0.0,0.0,1,2,1.0,2.0,0.5,0.75,0.0,1.0,0.0,0.413,-0.413,,,,,,0.0,1.0,0.0,0.449,-0.449,0.0,1.0,0.0,0.541,-0.541,0.0,1.0,0.0,0.477,-0.477,,,,,,1.0,1.0,0.0,0.0,0.0,0.0,0.0,0.0,0.0,0.0,0.0,0.0,0.0,0.0,0.0,0.0,0.0,0.0,0.0,0.0,0.0,1312,0.2,0.1,0.1,4.03,5.51,3.18,2017,20170320,False
203902,Semaj Christon,Semaj,1610612760,OKC,24.0,1,0,1,0.0,22.016666666666666,4,4,1.0,1,1,1.0,1,2,0.5,0,2,2,1,0,1,0,0,1,1,10,-4,16.9,0,0,16.0,1,79,79,79,74,58,100,1,36,82,1,64,53,69,83,85,102,80,95,34,48,1,44,76,64,91,83,14,1,79,1,100,99.3,93.2,93.2,103.1,102.3,102.3,-3.8,-9.1,-9.1,0.077,0.0,16.7,0.0,0.0,0.0,0.0,0.0,1.125,1.025,0.102,0.105,92.57,95.93,79.94,95.93,0.158,44,4.0,4.0,86,117,117,74,63,63,83,94,94,99,76,71,37,61,31,1,1,3,3,139,139,134,104,104,32,58,100,42,43,0,1,8,2,2,0.024,0.048,4,1,1,1.0,0,0,0.0,2,0.5,3,0.75,0,0.0,0,0.0,0,0.0,10,49,19,4.2,5.13,5.02,0.204,0,0,0,0.0,0.0,0.0,0.0,0.0,0.0,0.0,0.0,0.0,0.0,0.0,1.0,1.0,0.5,4.0,0.5,1.0,0.667,4.5,1.0,1.0,0.5,4.0,0.5,1.0,0.667,4.5,,,,,,,,,,,,,,,0.75,3.0,3.0,1.0,1.0,0.75,3.0,3.0,1.0,0.0,0.0,0.0,,,,,,,,,,,,,,,0.25,1.0,1.0,1.0,1.5,0.0,0.0,0.0,,0.25,1.0,1.0,1.0,1,1,1.0,2,0.0,0.0,,1.0,3,1.0,0,0.0,0,0.0,0,0.0,1.125,0,0,0.0,2.0,2.0,1.0,1,1,1.0,0.0,0.0,0.0,0.0,0.0,0.0,1.0,1.0,1.0,0.0,0.0,0.0,0.0,0.0,0.0,OKC,0,0,0.0,2.0,2.0,1.0,0.0,0.0,0.0,1,1,1.0,1.0,1.0,1.0,0.0,0.0,0.0,,,,,,,0.0,0.0,0.0,1,1,1.0,1.0,1.0,1.5,2.0,5.0,0.4,0.482,-0.082,0.0,3.0,0.0,0.397,-0.397,2.0,2.0,1.0,0.608,0.393,2.0,2.0,1.0,0.726,0.275,2.0,2.0,1.0,0.67,0.331,0.0,3.0,0.0,0.418,-0.418,4.0,1.0,3.0,2.0,0.0,0.0,0.0,0.0,0.0,0.0,0.0,0.0,0.0,0.0,0.0,0.0,0.0,0.0,0.0,0.0,0.0,8056,1.5,0.9,0.7,4.09,4.7,3.99,2017,20170320,False
200771,Sergio Rodriguez,Sergio,1610612755,PHI,31.0,1,0,1,0.0,18.583333333333332,0,8,0.0,0,1,0.0,0,0,0.0,1,2,3,4,0,0,0,0,1,0,0,0,9.6,0,0,7.0,1,79,79,79,96,133,63,133,63,82,63,85,95,85,36,85,78,22,95,78,48,1,44,115,138,73,115,14,1,121,1,112,80.6,83.3,83.3,80.5,83.3,83.3,0.2,0.0,0.0,0.333,0.0,33.3,0.043,0.083,0.064,0.0,0.0,0.0,0.0,0.178,0.181,96.19,92.99,77.49,92.99,-0.066,36,0.0,8.0,138,136,136,15,19,19,72,71,71,14,76,13,22,43,20,1,1,133,138,80,80,105,123,123,146,133,63,37,40,1,0,6,11,5,0.108,0.135,7,0,3,0.0,0,0,0.0,0,0.0,4,0.571,0,0.0,0,0.0,0,0.0,0,47,18,3.9,5.0,5.11,0.0,1,0,2,0.0,0.0,0.0,1.0,0.0,1.0,4.0,0.25,0.0,0.25,5.3,1.0,1.0,0.5,5.0,0.4,0.0,0.4,8.1,2.0,1.0,0.667,9.0,0.333,0.0,0.333,7.1,1.0,0.125,0.0,1.0,0.0,0.0,0.125,0.0,1.0,0.0,0.0,0.0,0.0,,0.5,0.0,4.0,0.0,0.0,0.5,0.0,4.0,0.0,0.0,0.0,0.0,,,,,,,,,,,,,,,0.375,0.0,3.0,0.0,0.0,0.25,0.0,2.0,0.0,0.125,0.0,1.0,0.0,0,4,0.0,0,0.0,1.0,0.0,0.0,0,0.0,0,0.0,0,0.0,0,0.0,0.0,0,3,0.0,0.0,1.0,0.0,0,3,0.0,0.0,0.0,0.0,0.0,0.0,0.0,0.0,1.0,0.0,,,,0.0,0.0,0.0,PHI,0,3,0.0,0.0,1.0,0.0,0.0,0.0,0.0,0,3,0.0,0.0,0.0,0.0,0.0,1.0,0.0,0.0,0.0,0.0,,,,0.0,0.0,0.0,0,0,0.0,0.0,,,3.0,4.0,0.75,0.42,0.33,1.0,1.0,1.0,0.347,0.653,2.0,3.0,0.667,0.483,0.183,1.0,1.0,1.0,0.586,0.414,1.0,2.0,0.5,0.484,0.016,1.0,1.0,1.0,0.355,0.645,3.0,2.0,1.0,0.0,0.0,0.0,0.0,0.0,0.0,0.0,0.0,0.0,0.0,0.0,0.0,0.0,0.0,0.0,0.0,0.0,0.0,7560,1.4,0.9,0.6,4.58,5.83,3.96,2017,20170320,False
2733,Shaun Livingston,Shaun,1610612744,GSW,31.0,1,1,0,1.0,17.066666666666666,1,5,0.2,0,0,0.0,2,2,1.0,0,1,1,1,3,0,0,0,1,1,4,-9,3.7,0,0,6.0,1,1,1,1,103,107,90,127,63,108,63,47,53,1,83,105,121,80,13,78,48,1,44,76,102,124,140,14,1,127,1,101,89.5,88.2,88.2,119.9,118.2,118.2,-30.4,-29.9,-29.9,0.1,0.33,10.0,0.0,0.0,0.0,30.0,30.4,0.2,0.34,0.231,0.237,92.87,94.22,78.52,94.22,-0.035,34,1.0,5.0,126,130,130,122,112,112,134,132,132,84,72,94,37,61,31,149,149,129,123,43,40,131,114,114,140,107,90,22,31,0,0,2,2,1,0.045,0.045,2,1,2,0.5,0,0,0.0,2,1.0,0,0.0,0,0.0,0,0.0,0,0.0,4,33,15,2.4,4.29,3.42,0.121,0,0,1,0.0,0.0,2.0,0.0,0.0,0.0,2.0,0.0,1.0,0.0,0.0,0.0,1.0,0.0,0.0,0.0,0.0,0.0,8.4,0.0,1.0,0.0,2.0,0.5,1.0,1.0,8.4,,,,,,,,,,,,,,,0.6,1.0,3.0,0.333,0.333,0.6,1.0,3.0,0.333,0.0,0.0,0.0,,0.4,0.0,2.0,0.0,0.0,0.4,0.0,2.0,0.0,0.0,0.0,0.0,,,,,,,,,,,,,,,0,4,0.0,0,,,,0.0,0,0.0,2,1.0,0,0.0,0,0.0,0.2,1,1,1.0,0.0,2.0,0.0,0,2,0.0,,,,0.0,0.0,0.0,0.0,0.0,0.0,0.0,0.0,0.0,0.0,0.0,0.0,GSW,1,1,1.0,0.0,0.0,0.0,0.0,3.0,0.0,0,1,0.0,0.0,0.0,0.0,0.0,0.0,0.0,,,,,,,0.0,0.0,0.0,0,0,,,,,2.0,6.0,0.333,0.416,-0.083,0.0,3.0,0.0,0.336,-0.336,2.0,3.0,0.667,0.446,0.221,0.0,1.0,0.0,0.634,-0.634,2.0,3.0,0.667,0.485,0.182,0.0,3.0,0.0,0.335,-0.335,3.0,1.0,2.0,0.0,0.0,0.0,0.0,0.0,0.0,1.0,0.0,0.0,0.0,0.0,0.0,0.0,0.0,0.0,0.0,0.0,0.0,6227,1.2,0.7,0.5,4.21,4.62,3.75,2017,20170320,False
1627848,Shawn Long,Shawn,1610612755,PHI,24.0,1,0,1,0.0,11.008333333333333,1,2,0.5,0,0,0.0,2,2,1.0,1,1,2,2,1,2,2,1,4,3,4,1,20.4,0,0,16.0,1,79,79,79,127,107,130,46,63,108,63,47,53,1,36,105,102,51,45,9,5,106,128,30,102,69,66,14,1,79,1,112,103.3,108.7,108.7,101.5,109.1,109.1,1.8,-0.4,-0.4,0.25,2.0,33.3,0.091,0.077,0.083,16.7,17.0,0.5,0.694,0.154,0.154,104.3,98.11,81.76,98.11,0.118,23,1.0,2.0,75,64,64,71,87,87,67,74,74,26,19,13,8,47,14,117,123,59,28,105,105,58,90,90,59,107,130,19,15,0,0,2,4,2,0.105,0.105,1,0,0,0.0,0,0,0.0,0,0.0,0,0.0,1,1.0,0,0.0,0,0.0,4,23,16,0.7,1.77,0.83,0.174,2,1,4,0.0,0.0,1.0,1.0,0.0,1.0,3.0,0.333,0.0,0.333,1.9,0.0,1.0,0.0,3.0,0.333,0.0,0.333,4.8,1.0,1.0,0.5,6.0,0.333,0.0,0.333,3.4,1.0,1.0,1.0,2.0,0.5,0.5,1.0,1.0,2.0,0.5,0.0,0.0,0.0,,,,,,,,,,,,,,,,,,,,,,,,,,,,,,,,,,,,,,,,,0,0,,0,,,,,0,0.0,4,0.5,0,0.0,0,0.0,0.5,1,1,1.0,0.0,1.0,0.0,0,0,0.0,0.0,0.0,0.0,0.0,0.0,0.0,0.0,0.0,0.0,,,,0.0,0.0,0.0,PHI,1,1,1.0,0.0,1.0,0.0,0.0,0.0,0.0,0,0,0.0,0.0,0.0,0.0,0.0,0.0,0.0,,,,,,,0.0,0.0,0.0,0,0,,,,,1.0,4.0,0.25,0.468,-0.218,,,,,,1.0,4.0,0.25,0.489,-0.239,0.0,2.0,0.0,0.601,-0.601,1.0,3.0,0.333,0.554,-0.221,0.0,1.0,0.0,0.355,-0.355,3.0,3.0,0.0,2.0,0.0,0.0,0.0,0.0,0.0,1.0,0.0,0.0,0.0,0.0,0.0,0.0,0.0,0.0,0.0,0.0,0.0,4047,0.8,0.4,0.3,4.47,4.11,3.68,2017,20170320,False
201939,Stephen Curry,Stephen,1610612744,GSW,29.0,1,1,0,1.0,29.883333333333333,8,17,0.471,7,12,0.583,0,0,0.0,0,4,4,6,5,0,0,0,3,2,23,16,31.8,0,0,40.0,1,1,1,1,45,10,10,74,1,2,15,85,95,85,83,36,51,9,2,78,48,1,104,49,11,10,31,14,1,13,1,101,113.7,115.4,115.4,91.8,90.8,90.8,21.9,24.6,24.6,0.316,1.2,21.4,0.0,0.0,0.0,17.9,17.9,0.676,0.676,0.293,0.297,104.57,104.41,87.01,104.41,0.136,65,8.0,17.0,48,46,46,36,31,31,33,30,30,17,42,56,37,61,31,128,127,27,30,16,17,55,47,47,46,10,10,39,53,0,1,9,13,6,0.154,0.154,6,0,1,0.0,0,0,0.0,0,0.0,2,0.333,2,0.333,1,0.167,0,0.0,23,65,30,4.3,4.0,3.65,0.354,0,0,2,0.0,0.0,0.0,0.0,0.0,0.0,1.0,0.0,0.0,0.0,0.0,0.0,4.0,0.0,6.0,0.667,1.0,0.8,16.7,0.0,4.0,0.0,7.0,0.571,1.0,0.667,16.7,1.0,0.059,0.0,1.0,0.0,0.0,0.059,0.0,1.0,0.0,0.0,0.0,0.0,,0.118,0.0,2.0,0.0,0.0,0.059,0.0,1.0,0.0,0.059,0.0,1.0,0.0,0.235,1.0,4.0,0.25,0.375,0.0,0.0,0.0,,0.235,1.0,4.0,0.25,0.588,7.0,10.0,0.7,1.0,0.176,1.0,3.0,0.333,0.412,6.0,7.0,0.857,3,8,0.375,9,3.0,6.0,0.5,0.563,12,0.667,0,0.0,0,0.0,0,0.0,0.676,1,2,0.5,0.0,1.0,0.0,0,2,0.0,2.0,2.0,1.0,0.0,1.0,0.0,5.0,9.0,0.556,0.0,0.0,0.0,2.0,3.0,0.667,GSW,1,3,0.333,0.0,0.0,0.0,0.0,0.0,0.0,0,1,0.0,5.0,9.0,0.556,2.0,4.0,0.5,,,,,,,0.0,0.0,0.0,4,6,4.0,6.0,0.667,1.0,3.0,4.0,0.75,0.41,0.34,1.0,2.0,0.5,0.345,0.155,2.0,2.0,1.0,0.447,0.553,,,,,,1.0,1.0,1.0,0.441,0.559,1.0,2.0,0.5,0.369,0.131,3.0,1.0,2.0,4.0,0.0,0.0,0.0,0.0,0.0,1.0,0.0,0.0,0.0,0.0,0.0,0.0,0.0,0.0,0.0,0.0,0.0,11035,2.1,1.2,0.9,4.22,4.95,3.52,2017,20170320,False
203500,Steven Adams,Steven,1610612760,OKC,23.0,1,0,1,0.0,22.416666666666668,4,5,0.8,0,0,0.0,1,4,0.25,1,0,1,0,2,0,0,0,1,3,9,-23,8.2,0,0,10.0,1,79,79,79,73,58,90,6,63,108,63,64,25,83,36,138,121,111,26,78,48,1,44,30,72,154,120,14,1,108,1,100,86.7,84.3,84.3,126.7,126.9,126.9,-40.0,-42.6,-42.6,0.0,0.0,0.0,0.0,0.0,0.0,22.2,22.8,0.8,0.666,0.17,0.17,108.86,110.28,91.9,110.28,0.024,51,4.0,5.0,131,135,135,137,139,139,141,142,142,111,76,111,37,61,31,136,139,9,32,88,91,22,12,12,127,58,90,20,16,0,0,2,0,0,0.0,0.0,0,0,0,0.0,0,0,0.0,0,0.0,0,0.0,0,0.0,0,0.0,0,0.0,9,29,16,0.7,1.45,0.24,0.31,7,5,5,0.857,0.4,0.6,1.0,0.0,1.0,3.0,0.333,0.0,0.333,12.4,0.0,0.0,0.0,5.0,0.0,1.0,0.0,0.0,1.0,0.0,1.0,8.0,0.125,1.0,0.143,12.4,,,,,,,,,,,,,,,0.8,3.0,4.0,0.75,0.75,0.8,3.0,4.0,0.75,0.0,0.0,0.0,,0.2,1.0,1.0,1.0,1.0,0.2,1.0,1.0,1.0,0.0,0.0,0.0,,,,,,,,,,,,,,,0,0,,0,,,,,4,1.0,3,0.5,2,1.0,6,0.75,0.8,2,2,1.0,2.0,3.0,0.667,0,0,0.0,0.0,0.0,0.0,0.0,0.0,0.0,0.0,0.0,0.0,0.0,0.0,0.0,0.0,0.0,0.0,OKC,2,2,1.0,2.0,3.0,0.667,0.0,0.0,0.0,0,0,0.0,0.0,0.0,0.0,0.0,0.0,0.0,,,,,,,0.0,0.0,0.0,2,2,,,,1.0,4.0,7.0,0.571,0.497,0.075,0.0,2.0,0.0,0.41,-0.41,4.0,5.0,0.8,0.556,0.244,3.0,3.0,1.0,0.653,0.347,4.0,4.0,1.0,0.613,0.387,0.0,3.0,0.0,0.424,-0.424,5.0,2.0,3.0,1.0,0.0,5.0,11.0,0.0,0.0,0.0,0.0,0.0,0.0,0.0,0.0,0.0,0.0,0.0,0.0,0.0,0.0,8102,1.5,0.8,0.8,4.04,4.3,4.31,2017,20170320,False
204456,T.J. McConnell,T.J.,1610612755,PHI,25.0,1,0,1,0.0,34.416666666666664,6,15,0.4,0,2,0.0,4,4,1.0,0,1,1,10,3,3,0,0,0,3,16,-3,38.2,1,0,33.0,1,79,79,79,22,19,20,93,63,67,63,18,25,1,83,105,121,3,13,3,48,1,1,30,27,85,17,1,1,26,1,112,100.8,102.6,102.6,101.3,103.8,103.8,-0.5,-1.2,-1.2,0.476,3.33,33.3,0.0,0.0,0.0,10.0,10.1,0.4,0.477,0.23,0.234,111.1,108.78,90.65,108.78,0.137,77,6.0,15.0,80,80,80,70,70,70,76,75,75,6,8,13,37,61,31,89,92,104,102,44,45,8,19,19,45,19,20,89,101,1,1,20,26,11,0.112,0.124,21,5,8,0.625,4,4,1.0,14,0.667,5,0.238,3,0.143,1,0.048,2,0.095,16,114,50,8.4,4.42,4.58,0.14,2,0,4,0.0,0.0,0.0,0.0,0.0,0.0,2.0,0.0,0.0,0.0,0.0,0.0,1.0,0.0,5.0,0.2,0.0,0.2,12.0,0.0,1.0,0.0,7.0,0.143,0.0,0.143,12.0,1.0,0.2,0.0,3.0,0.0,0.0,0.2,0.0,3.0,0.0,0.0,0.0,0.0,,0.467,3.0,7.0,0.429,0.429,0.467,3.0,7.0,0.429,0.0,0.0,0.0,,0.2,3.0,3.0,1.0,1.0,0.2,3.0,3.0,1.0,0.0,0.0,0.0,,0.133,0.0,2.0,0.0,0.0,0.0,0.0,0.0,,0.133,0.0,2.0,0.0,2,5,0.4,4,0.0,1.0,0.0,0.4,0,0.0,0,0.0,0,0.0,0,0.0,0.4,2,3,0.667,2.0,5.0,0.4,2,5,0.4,0.0,0.0,0.0,0.0,0.0,0.0,0.0,2.0,0.0,0.0,0.0,0.0,0.0,0.0,0.0,PHI,3,4,0.75,2.0,6.0,0.333,1.0,2.0,0.5,0,1,0.0,0.0,0.0,0.0,0.0,2.0,0.0,,,,0.0,0.0,0.0,0.0,0.0,0.0,0,1,0.0,1.0,0.0,0.0,3.0,8.0,0.375,0.464,-0.089,1.0,2.0,0.5,0.365,0.135,2.0,6.0,0.333,0.505,-0.172,2.0,4.0,0.5,0.586,-0.086,2.0,5.0,0.4,0.545,-0.145,1.0,3.0,0.333,0.4,-0.067,4.0,3.0,1.0,6.0,0.0,0.0,0.0,0.0,0.0,3.0,0.0,0.0,0.0,0.0,0.0,0.0,0.0,0.0,0.0,0.0,0.0,15162,2.9,1.7,1.1,5.07,5.65,4.05,2017,20170320,False
201959,Taj Gibson,Taj,1610612760,OKC,32.0,1,0,1,0.0,21.333333333333332,5,10,0.5,0,0,0.0,0,2,0.0,2,0,2,1,1,1,1,1,2,1,10,-10,18.9,0,0,17.0,1,79,79,79,80,38,47,46,63,108,63,85,53,85,19,138,102,80,45,34,13,106,76,76,64,130,73,14,1,75,1,100,94.4,93.6,93.6,115.5,114.9,114.9,-21.1,-21.3,-21.3,0.091,1.0,7.7,0.0,0.0,0.0,7.7,7.8,0.5,0.46,0.235,0.235,105.03,105.75,88.13,105.75,0.038,47,5.0,10.0,108,115,115,105,104,104,117,114,114,91,43,102,37,61,31,79,82,59,103,37,43,52,39,39,120,38,47,17,19,0,0,2,2,1,0.059,0.059,0,0,0,0.0,0,0,0.0,0,0.0,0,0.0,0,0.0,0,0.0,0,0.0,10,30,21,0.7,1.38,0.37,0.333,2,3,10,1.0,0.667,0.6,2.0,0.0,1.0,5.0,0.4,0.0,0.4,5.1,0.0,0.0,0.0,4.0,0.0,1.0,0.0,0.0,2.0,0.0,1.0,9.0,0.222,1.0,0.25,5.1,1.0,0.3,1.0,3.0,0.333,0.333,0.3,1.0,3.0,0.333,0.0,0.0,0.0,,0.3,2.0,3.0,0.667,0.667,0.3,2.0,3.0,0.667,0.0,0.0,0.0,,0.4,2.0,4.0,0.5,0.5,0.4,2.0,4.0,0.5,0.0,0.0,0.0,,,,,,,,,,,,,,,0,0,,0,,,,,0,0.0,6,0.6,2,1.0,2,0.5,0.5,2,5,0.4,3.0,4.0,0.75,0,1,0.0,0.0,0.0,0.0,0.0,0.0,0.0,0.0,0.0,0.0,0.0,0.0,0.0,0.0,0.0,0.0,OKC,3,6,0.5,2.0,3.0,0.667,0.0,0.0,0.0,0,1,0.0,0.0,0.0,0.0,0.0,0.0,0.0,,,,,,,0.0,0.0,0.0,0,2,,,,0.0,3.0,5.0,0.6,0.459,0.141,3.0,4.0,0.75,0.391,0.359,0.0,1.0,0.0,0.542,-0.542,,,,,,,,,,,3.0,5.0,0.6,0.404,0.196,6.0,2.0,4.0,1.0,0.0,0.0,0.0,0.0,0.0,0.0,0.0,0.0,0.0,0.0,0.0,0.0,0.0,0.0,0.0,0.0,0.0,7896,1.5,0.7,0.8,4.23,3.87,4.6,2017,20170320,False
1627752,Taurean Prince,Taurean,1610612737,ATL,23.0,1,0,1,0.0,30.066666666666666,4,13,0.308,1,3,0.333,2,4,0.5,1,3,4,2,1,0,0,2,3,2,11,-13,17.8,0,0,18.0,1,79,79,79,44,58,29,118,36,50,37,47,25,69,36,59,51,51,45,78,48,145,104,49,59,140,76,14,1,70,1,90,93.0,98.2,98.2,120.2,119.6,119.6,-27.3,-21.5,-21.5,0.118,2.0,11.1,0.029,0.111,0.065,5.6,5.6,0.346,0.373,0.232,0.238,90.84,88.6,73.84,88.6,0.014,55,4.0,13.0,114,101,101,126,121,121,126,117,117,73,19,90,30,34,19,70,72,111,120,41,37,146,147,147,132,58,29,26,32,0,0,4,5,2,0.077,0.077,10,1,7,0.143,2,4,0.5,4,0.4,1,0.1,0,0.0,0,0.0,2,0.2,11,46,42,1.6,2.14,1.24,0.239,3,0,1,0.0,0.0,0.0,0.0,1.0,0.0,8.0,0.125,0.0,0.125,5.8,0.0,3.0,0.0,5.0,0.6,1.0,0.75,5.7,0.0,4.0,0.0,13.0,0.308,1.0,0.333,5.7,1.0,0.231,1.0,3.0,0.333,0.333,0.231,1.0,3.0,0.333,0.0,0.0,0.0,,0.385,2.0,5.0,0.4,0.4,0.385,2.0,5.0,0.4,0.0,0.0,0.0,,0.077,0.0,1.0,0.0,0.0,0.077,0.0,1.0,0.0,0.0,0.0,0.0,,0.308,1.0,4.0,0.25,0.375,0.077,0.0,1.0,0.0,0.231,1.0,3.0,0.333,1,2,0.5,2,0.0,0.0,,0.5,3,0.333,0,0.0,0,0.0,0,0.0,0.346,2,7,0.286,0.0,1.0,0.0,1,2,0.5,0.0,0.0,0.0,0.0,0.0,0.0,1.0,3.0,0.333,,,,0.0,0.0,0.0,ATL,2,7,0.286,0.0,1.0,0.0,1.0,1.0,1.0,0,1,0.0,1.0,3.0,0.333,0.0,0.0,0.0,0.0,0.0,0.0,,,,,,,1,3,1.0,3.0,0.333,0.5,6.0,9.0,0.667,0.435,0.232,3.0,6.0,0.5,0.33,0.17,3.0,3.0,1.0,0.497,0.503,2.0,2.0,1.0,0.695,0.306,2.0,2.0,1.0,0.6,0.4,4.0,7.0,0.571,0.362,0.209,7.0,2.0,5.0,1.0,0.0,0.0,0.0,0.0,0.0,2.0,0.0,0.0,0.0,0.0,0.0,0.0,0.0,0.0,0.0,0.0,0.0,10363,2.0,1.0,0.9,3.99,4.0,3.59,2017,20170320,False
203082,Terrence Ross,Terrence,1610612753,ORL,26.0,1,1,0,1.0,34.7,4,15,0.267,2,9,0.222,5,5,1.0,0,5,5,2,4,1,1,0,1,3,15,0,26.0,0,0,28.0,1,1,1,1,20,58,20,121,25,5,55,12,19,1,83,26,40,51,8,34,13,1,44,30,37,73,49,14,1,37,1,114,99.5,100.0,100.0,99.7,100.0,100.0,-0.2,0.0,0.0,0.1,0.5,8.7,0.0,0.125,0.0,17.4,17.2,0.333,0.436,0.228,0.237,109.72,109.28,91.07,109.28,0.058,79,4.0,15.0,85,83,83,63,53,53,75,71,71,84,66,99,37,29,31,125,125,112,109,46,39,16,18,18,108,58,20,20,28,0,0,3,4,2,0.1,0.1,1,0,0,0.0,0,0,0.0,0,0.0,0,0.0,0,0.0,1,1.0,0,0.0,15,42,31,1.5,2.09,1.29,0.357,0,0,0,0.0,0.0,0.0,0.0,0.0,0.0,0.0,0.0,0.0,0.0,0.0,2.0,3.0,0.4,10.0,0.5,1.0,0.556,6.6,2.0,3.0,0.4,10.0,0.5,1.0,0.556,6.6,,,,,,,,,,,,,,,0.067,0.0,1.0,0.0,0.0,0.067,0.0,1.0,0.0,0.0,0.0,0.0,,0.6,3.0,9.0,0.333,0.389,0.333,2.0,5.0,0.4,0.267,1.0,4.0,0.25,0.333,1.0,5.0,0.2,0.3,0.0,0.0,0.0,,0.333,1.0,5.0,0.2,1,5,0.2,2,0.0,1.0,0.0,0.2,8,0.3,0,0.0,0,0.0,0,0.0,0.333,0,0,0.0,0.0,0.0,0.0,2,6,0.333,0.0,1.0,0.0,,,,2.0,8.0,0.25,0.0,0.0,0.0,0.0,1.0,0.0,ORL,0,0,0.0,0.0,0.0,0.0,0.0,1.0,0.0,2,4,0.5,1.0,4.0,0.25,1.0,6.0,0.167,0.0,0.0,0.0,0.0,0.0,0.0,0.0,0.0,0.0,3,10,2.0,8.0,0.25,0.4,5.0,6.0,0.833,0.451,0.382,2.0,2.0,1.0,0.351,0.65,3.0,4.0,0.75,0.521,0.229,2.0,2.0,1.0,0.707,0.293,3.0,3.0,1.0,0.592,0.408,2.0,3.0,0.667,0.35,0.317,6.0,5.0,1.0,2.0,0.0,0.0,0.0,0.0,0.0,2.0,0.0,0.0,0.0,0.0,0.0,0.0,0.0,0.0,0.0,0.0,0.0,13595,2.6,1.3,1.3,4.5,4.66,4.35,2017,20170320,False
1626179,Terry Rozier,Terry,1610612738,BOS,23.0,1,1,0,1.0,11.516666666666667,0,3,0.0,0,1,0.0,0,0,0.0,0,1,1,1,1,1,0,0,0,1,0,-9,4.7,0,0,4.0,1,1,1,1,125,133,116,133,63,82,63,85,95,85,83,105,121,80,45,34,48,1,1,76,138,124,133,14,1,138,1,101,68.7,60.7,60.7,90.4,96.3,96.3,-21.7,-35.6,-35.6,0.143,1.0,20.0,0.0,0.0,0.0,20.0,20.0,0.0,0.0,0.118,0.13,111.53,114.62,95.51,114.62,-0.038,28,0.0,3.0,147,149,149,31,48,48,120,140,140,57,43,58,37,61,31,132,132,133,138,129,124,6,5,5,142,133,116,20,20,0,1,4,2,2,0.05,0.1,3,0,2,0.0,0,0,0.0,0,0.0,1,0.333,0,0.0,0,0.0,0,0.0,0,26,13,1.5,3.36,3.15,0.0,1,0,1,0.0,0.0,0.0,0.0,0.0,0.0,1.0,0.0,0.0,0.0,0.0,1.0,0.0,1.0,1.0,1.0,0.0,1.0,3.5,1.0,0.0,1.0,2.0,0.5,0.0,0.5,3.5,1.0,0.333,0.0,1.0,0.0,0.0,0.333,0.0,1.0,0.0,0.0,0.0,0.0,,0.333,0.0,1.0,0.0,0.0,0.333,0.0,1.0,0.0,0.0,0.0,0.0,,,,,,,,,,,,,,,0.333,0.0,1.0,0.0,0.0,0.0,0.0,0.0,,0.333,0.0,1.0,0.0,0,1,0.0,0,0.0,0.0,,0.0,0,0.0,0,0.0,0,0.0,0,0.0,0.0,0,2,0.0,0.0,0.0,0.0,0,0,0.0,0.0,0.0,0.0,,,,0.0,1.0,0.0,0.0,0.0,0.0,0.0,0.0,0.0,BOS,0,2,0.0,0.0,0.0,0.0,0.0,0.0,0.0,0,0,0.0,0.0,0.0,0.0,0.0,1.0,0.0,,,,,,,0.0,0.0,0.0,0,1,0.0,1.0,0.0,0.0,1.0,3.0,0.333,0.443,-0.109,0.0,2.0,0.0,0.411,-0.411,1.0,1.0,1.0,0.407,0.593,,,,,,,,,,,1.0,3.0,0.333,0.395,-0.061,2.0,1.0,1.0,1.0,0.0,0.0,0.0,0.0,0.0,0.0,0.0,0.0,0.0,0.0,0.0,0.0,0.0,0.0,0.0,0.0,0.0,4509,0.9,0.5,0.3,4.72,4.63,3.62,2017,20170320,False
200757,Thabo Sefolosha,Thabo,1610612737,ATL,33.0,1,0,1,0.0,28.15,4,7,0.571,3,5,0.6,0,2,0.0,2,6,8,4,0,0,1,0,3,1,11,-7,29.6,0,0,28.0,1,79,79,79,50,58,74,31,9,26,13,85,53,85,19,19,17,22,95,78,13,1,104,76,59,109,36,14,1,37,1,90,107.1,111.8,111.8,119.1,123.1,123.1,-12.0,-11.3,-11.3,0.211,0.0,33.3,0.074,0.24,0.154,0.0,0.0,0.786,0.698,0.133,0.131,91.16,87.82,73.18,87.82,0.124,51,4.0,7.0,65,57,57,120,130,130,99,100,100,36,76,13,15,7,3,1,1,12,26,119,121,143,149,149,54,58,74,40,37,0,0,7,11,4,0.1,0.1,7,1,2,0.5,0,0,0.0,2,0.286,4,0.571,1,0.143,0,0.0,0,0.0,11,49,35,1.5,1.88,0.92,0.224,2,0,4,0.0,0.0,0.0,1.0,1.0,0.5,6.0,0.333,0.0,0.333,6.1,0.0,6.0,0.0,7.0,0.857,0.0,0.857,4.1,1.0,7.0,0.125,13.0,0.615,0.0,0.615,4.6,1.0,0.143,0.0,1.0,0.0,0.0,0.143,0.0,1.0,0.0,0.0,0.0,0.0,,0.143,1.0,1.0,1.0,1.0,0.143,1.0,1.0,1.0,0.0,0.0,0.0,,0.286,1.0,2.0,0.5,0.75,0.0,0.0,0.0,,0.286,1.0,2.0,0.5,0.429,2.0,3.0,0.667,1.0,0.0,0.0,0.0,,0.429,2.0,3.0,0.667,0,0,,0,0.0,0.0,,,9,0.6,0,0.0,0,0.0,0,0.0,0.786,1,2,0.5,0.0,0.0,0.0,0,0,0.0,0.0,1.0,0.0,2.0,2.0,1.0,1.0,2.0,0.5,,,,2.0,3.0,0.667,ATL,1,2,0.5,0.0,0.0,0.0,0.0,0.0,0.0,0,0,0.0,2.0,4.0,0.5,1.0,1.0,1.0,0.0,0.0,0.0,,,,,,,3,5,3.0,5.0,0.6,0.9,4.0,11.0,0.364,0.446,-0.082,1.0,3.0,0.333,0.361,-0.027,3.0,8.0,0.375,0.487,-0.112,2.0,3.0,0.667,0.611,0.055,2.0,3.0,0.667,0.543,0.124,2.0,6.0,0.333,0.37,-0.037,7.0,5.0,2.0,2.0,0.0,0.0,0.0,0.0,0.0,1.0,0.0,0.0,0.0,0.0,0.0,0.0,0.0,0.0,0.0,0.0,0.0,10520,2.0,1.1,0.9,4.27,4.61,3.92,2017,20170320,False
201152,Thaddeus Young,Thaddeus,1610612754,IND,29.0,1,1,0,1.0,31.891666666666666,4,8,0.5,0,0,0.0,0,0,0.0,4,4,8,4,2,1,0,1,3,1,8,3,24.6,0,0,22.0,1,1,1,1,33,58,63,46,63,108,63,85,95,85,8,36,17,22,26,34,48,106,104,76,78,55,55,14,1,58,1,91,117.2,119.7,119.7,117.8,116.7,116.7,-0.6,3.0,3.0,0.182,2.0,28.6,0.0,0.138,0.0,14.3,14.3,0.5,0.5,0.143,0.144,91.57,91.06,75.88,91.06,0.069,61,4.0,8.0,39,36,36,116,107,107,77,63,63,47,19,26,37,25,31,110,111,59,85,112,112,140,138,138,96,58,63,39,24,1,0,6,12,5,0.103,0.128,1,0,1,0.0,0,0,0.0,0,0.0,0,0.0,0,0.0,0,0.0,0,0.0,8,50,27,1.4,1.69,0.7,0.16,2,5,9,0.0,0.0,0.667,2.0,2.0,0.5,4.0,1.0,0.0,1.0,12.3,1.0,3.0,0.25,7.0,0.571,0.0,0.571,10.3,3.0,5.0,0.375,11.0,0.727,0.0,0.727,11.3,1.0,0.5,2.0,4.0,0.5,0.5,0.5,2.0,4.0,0.5,0.0,0.0,0.0,,0.375,1.0,3.0,0.333,0.333,0.375,1.0,3.0,0.333,0.0,0.0,0.0,,0.125,1.0,1.0,1.0,1.0,0.125,1.0,1.0,1.0,0.0,0.0,0.0,,,,,,,,,,,,,,,0,1,0.0,0,,,,0.0,0,0.0,6,0.75,0,0.0,0,0.0,0.5,3,4,0.75,1.0,4.0,0.25,0,0,0.0,0.0,0.0,0.0,0.0,0.0,0.0,0.0,0.0,0.0,0.0,0.0,0.0,0.0,0.0,0.0,IND,3,4,0.75,1.0,3.0,0.333,0.0,1.0,0.0,0,0,0.0,0.0,0.0,0.0,0.0,0.0,0.0,0.0,0.0,0.0,,,,0.0,0.0,0.0,0,0,,,,,7.0,13.0,0.538,0.508,0.03,0.0,3.0,0.0,0.399,-0.399,7.0,10.0,0.7,0.551,0.149,7.0,8.0,0.875,0.666,0.209,7.0,8.0,0.875,0.612,0.263,0.0,4.0,0.0,0.38,-0.38,6.0,3.0,3.0,1.0,0.0,3.0,8.0,0.0,0.0,4.0,0.0,0.0,0.0,0.0,0.0,0.0,0.0,0.0,0.0,0.0,0.0,12013,2.3,1.2,1.1,4.33,4.34,4.31,2017,20170320,False
203501,Tim Hardaway Jr.,Tim,1610612737,ATL,25.0,1,0,1,0.0,33.25,5,11,0.455,1,5,0.2,0,0,0.0,0,1,1,2,2,0,0,0,1,2,11,-11,13.2,0,0,15.0,1,79,79,79,26,38,35,77,36,26,56,85,95,85,83,105,121,51,26,78,48,1,44,49,59,134,98,14,1,84,1,90,100.7,98.5,98.5,118.7,118.8,118.8,-17.9,-20.3,-20.3,0.095,1.0,13.3,0.0,0.034,0.0,13.3,13.3,0.5,0.5,0.181,0.184,92.8,93.83,78.2,93.83,0.036,66,5.0,11.0,81,99,99,118,115,115,113,112,112,89,43,82,37,58,31,106,106,59,85,77,77,132,117,117,121,38,35,33,42,0,1,4,6,3,0.061,0.091,6,3,4,0.75,0,0,0.0,6,1.0,1,0.167,1,0.167,0,0.0,0,0.0,11,47,36,1.8,2.33,1.53,0.234,0,0,0,0.0,0.0,0.0,0.0,0.0,0.0,1.0,0.0,0.0,0.0,0.0,1.0,0.0,1.0,2.0,0.5,0.0,0.5,4.5,1.0,0.0,1.0,3.0,0.333,0.0,0.333,4.5,1.0,0.273,2.0,3.0,0.667,0.667,0.273,2.0,3.0,0.667,0.0,0.0,0.0,,0.182,0.0,2.0,0.0,0.0,0.091,0.0,1.0,0.0,0.091,0.0,1.0,0.0,0.364,2.0,4.0,0.5,0.5,0.182,2.0,2.0,1.0,0.182,0.0,2.0,0.0,0.182,1.0,2.0,0.5,0.75,0.0,0.0,0.0,,0.182,1.0,2.0,0.5,1,2,0.5,2,0.0,0.0,,0.5,3,0.2,0,0.0,0,0.0,0,0.0,0.5,2,3,0.667,1.0,1.0,1.0,1,2,0.5,0.0,1.0,0.0,0.0,0.0,0.0,1.0,4.0,0.25,,,,0.0,1.0,0.0,ATL,2,3,0.667,1.0,1.0,1.0,0.0,0.0,0.0,1,2,0.5,1.0,2.0,0.5,0.0,3.0,0.0,0.0,0.0,0.0,,,,,,,1,5,1.0,5.0,0.2,0.3,10.0,17.0,0.588,0.444,0.144,2.0,5.0,0.4,0.346,0.054,8.0,12.0,0.667,0.484,0.183,4.0,4.0,1.0,0.629,0.371,5.0,7.0,0.714,0.544,0.171,5.0,10.0,0.5,0.355,0.145,12.0,7.0,5.0,0.0,0.0,0.0,0.0,0.0,0.0,0.0,0.0,0.0,0.0,0.0,0.0,0.0,0.0,0.0,0.0,0.0,0.0,11938,2.3,1.2,1.1,4.16,4.36,3.95,2017,20170320,False
1627789,Timothe Luwawu-Cabarrot,Timothe,1610612755,PHI,22.0,1,0,1,0.0,22.816666666666666,0,4,0.0,0,2,0.0,2,2,1.0,0,3,3,2,1,0,0,0,6,2,2,5,7.6,0,0,7.0,1,79,79,79,71,133,100,133,63,67,63,47,53,1,83,59,78,51,45,78,48,1,152,49,119,50,125,14,1,121,1,112,105.5,110.6,110.6,98.5,100.0,100.0,7.0,10.6,10.6,0.105,2.0,25.0,0.0,0.143,0.061,12.5,12.7,0.0,0.205,0.109,0.106,102.03,98.88,82.4,98.88,-0.053,47,0.0,4.0,69,61,61,55,53,53,56,52,52,82,19,31,37,23,21,102,105,133,131,134,137,70,84,84,145,133,100,27,26,0,0,7,6,3,0.074,0.111,6,0,2,0.0,0,0,0.0,0,0.0,2,0.333,1,0.167,1,0.167,0,0.0,2,34,27,1.4,2.5,2.32,0.059,0,0,0,0.0,0.0,0.0,0.0,0.0,0.0,1.0,0.0,0.0,0.0,0.0,0.0,3.0,0.0,6.0,0.5,1.0,0.6,10.4,0.0,3.0,0.0,7.0,0.429,1.0,0.5,10.4,1.0,0.25,0.0,1.0,0.0,0.0,0.25,0.0,1.0,0.0,0.0,0.0,0.0,,0.25,0.0,1.0,0.0,0.0,0.25,0.0,1.0,0.0,0.0,0.0,0.0,,0.25,0.0,1.0,0.0,0.0,0.0,0.0,0.0,,0.25,0.0,1.0,0.0,0.25,0.0,1.0,0.0,0.0,0.0,0.0,0.0,,0.25,0.0,1.0,0.0,0,2,0.0,0,0.0,1.0,0.0,0.0,0,0.0,0,0.0,0,0.0,0,0.0,0.0,0,1,0.0,0.0,0.0,0.0,0,1,0.0,0.0,0.0,0.0,,,,0.0,2.0,0.0,,,,0.0,0.0,0.0,PHI,0,1,0.0,0.0,0.0,0.0,0.0,1.0,0.0,0,0,0.0,0.0,0.0,0.0,0.0,2.0,0.0,,,,,,,,,,0,1,0.0,1.0,0.0,0.0,1.0,6.0,0.167,0.406,-0.239,0.0,1.0,0.0,0.357,-0.357,1.0,5.0,0.2,0.414,-0.214,0.0,1.0,0.0,0.571,-0.571,0.0,1.0,0.0,0.509,-0.509,1.0,3.0,0.333,0.38,-0.046,5.0,4.0,1.0,0.0,0.0,0.0,0.0,0.0,0.0,3.0,0.0,0.0,0.0,0.0,0.0,0.0,0.0,0.0,0.0,0.0,0.0,9967,1.9,1.1,0.8,5.01,5.37,4.6,2017,20170320,False
203107,Tomas Satoransky,Tomas,1610612764,WAS,25.0,1,0,1,0.0,7.53,0,1,0.0,0,0,0.0,0,2,0.0,0,0,0,0,0,1,0,0,0,2,0,8,3.0,0,0,2.0,1,79,79,79,137,133,146,133,63,108,63,85,53,85,83,138,145,111,95,34,48,1,1,49,138,36,142,14,1,145,1,103,107.4,105.9,105.9,67.2,62.5,62.5,40.2,43.4,43.4,0.0,0.0,0.0,0.0,0.0,0.0,0.0,0.0,0.0,0.0,0.118,0.112,100.84,105.18,87.65,105.18,-0.114,17,0.0,1.0,63,70,70,4,2,2,11,10,10,111,76,111,37,61,31,1,1,133,138,129,132,74,41,41,153,133,146,4,5,0,0,1,3,1,0.0,0.25,2,0,1,0.0,0,2,0.0,0,0.0,0,0.0,0,0.0,0,0.0,1,0.5,0,7,4,0.3,2.31,1.71,0.0,0,0,0,0.0,0.0,0.0,,,,,,,,,,,,,,,,,,,,,,,,,,,,,,,,,,,,,,,1.0,0.0,1.0,0.0,0.0,1.0,0.0,1.0,0.0,0.0,0.0,0.0,,,,,,,,,,,,,,,,,,,,,,,,,,,,0,0,,0,,,,,0,0.0,0,0.0,0,0.0,0,0.0,0.0,0,1,0.0,0.0,0.0,0.0,0,0,0.0,0.0,0.0,0.0,,,,0.0,0.0,0.0,,,,0.0,0.0,0.0,WAS,0,1,0.0,0.0,0.0,0.0,0.0,0.0,0.0,0,0,0.0,0.0,0.0,0.0,0.0,0.0,0.0,,,,,,,0.0,0.0,0.0,0,0,,,,,3.0,8.0,0.375,0.449,-0.074,0.0,1.0,0.0,0.304,-0.304,3.0,7.0,0.429,0.538,-0.11,2.0,5.0,0.4,0.611,-0.211,2.0,5.0,0.4,0.588,-0.188,0.0,2.0,0.0,0.35,-0.35,6.0,6.0,0.0,2.0,0.0,0.0,0.0,0.0,0.0,0.0,0.0,0.0,0.0,0.0,0.0,0.0,0.0,0.0,0.0,0.0,0.0,2967,0.6,0.2,0.3,4.78,3.66,4.24,2017,20170320,False
1626203,Treveon Graham,Treveon,1610612766,CHA,23.0,1,1,0,1.0,2.4833333333333334,1,1,1.0,1,1,1.0,0,0,0.0,0,0,0,0,0,0,0,0,0,0,3,-4,3.0,0,0,4.0,1,1,1,1,153,107,146,1,36,82,1,85,95,85,83,138,145,111,95,78,48,1,1,115,117,91,142,14,1,138,1,90,60.0,60.0,60.0,116.7,116.7,116.7,-56.7,-56.7,-56.7,0.0,0.0,0.0,0.0,0.0,0.0,0.0,0.0,1.5,1.5,0.2,0.2,106.31,106.31,88.59,106.31,0.3,5,1.0,1.0,151,150,150,110,107,107,146,146,146,111,76,111,37,61,31,1,1,1,1,61,69,42,33,33,4,107,146,2,3,0,0,0,0,0,0.0,0.0,1,0,0,0.0,0,0,0.0,0,0.0,1,1.0,0,0.0,0,0.0,0,0.0,3,3,3,0.1,2.36,1.33,1.0,0,0,0,0.0,0.0,0.0,,,,,,,,,,,,,,,,,,,,,,,,,,,,,,,,,,,,,,,,,,,,,,,,,,,,,,,,,,,,,,,,,1.0,1.0,1.0,1.0,1.5,0.0,0.0,0.0,,1.0,1.0,1.0,1.0,0,0,,0,0.0,0.0,,,3,1.0,0,0.0,0,0.0,0,0.0,1.5,0,0,0.0,,,,0,0,0.0,,,,,,,1.0,1.0,1.0,,,,,,,CHA,0,0,0.0,,,,,,,0,0,0.0,1.0,1.0,1.0,0.0,0.0,0.0,,,,,,,,,,1,1,1.0,1.0,1.0,1.5,,,,,,,,,,,,,,,,,,,,,,,,,,,,,,,,,,,,,,,,,,,,,,,,,,,,881,0.2,0.1,0.1,4.83,3.6,7.33,2017,20170320,False
2772,Trevor Ariza,Trevor,1610612745,HOU,32.0,1,1,0,1.0,41.21666666666667,5,11,0.455,3,7,0.429,1,2,0.5,0,4,4,3,0,2,0,0,2,2,14,14,29.3,0,0,28.0,1,1,1,1,3,38,35,77,9,12,29,64,53,69,83,36,51,35,95,9,48,1,76,49,42,19,37,14,1,37,1,106,126.1,125.6,125.6,107.5,111.2,111.2,18.6,14.3,14.3,0.081,0.0,20.0,0.0,0.111,0.0,0.0,0.0,0.591,0.589,0.126,0.126,105.81,104.23,86.86,104.23,0.069,90,5.0,11.0,15,17,17,85,93,93,39,45,45,98,76,58,37,34,31,1,1,40,52,124,127,50,50,50,99,38,35,38,24,0,0,2,8,3,0.079,0.079,5,1,2,0.5,1,2,0.5,3,0.6,2,0.4,0,0.0,0,0.0,1,0.2,14,51,25,1.7,2.0,1.06,0.275,1,0,2,0.0,0.0,0.0,0.0,0.0,0.0,2.0,0.0,0.0,0.0,0.0,2.0,2.0,0.5,10.0,0.4,1.0,0.444,5.2,2.0,2.0,0.5,12.0,0.333,1.0,0.364,5.2,1.0,0.182,1.0,2.0,0.5,0.5,0.182,1.0,2.0,0.5,0.0,0.0,0.0,,0.182,1.0,2.0,0.5,0.5,0.182,1.0,2.0,0.5,0.0,0.0,0.0,,0.545,2.0,6.0,0.333,0.5,0.0,0.0,0.0,,0.545,2.0,6.0,0.333,0.091,1.0,1.0,1.0,1.5,0.0,0.0,0.0,,0.091,1.0,1.0,1.0,1,3,0.333,3,1.0,3.0,0.333,0.5,6,0.5,0,0.0,0,0.0,0,0.0,0.591,2,4,0.5,0.0,0.0,0.0,0,0,0.0,0.0,0.0,0.0,1.0,2.0,0.5,2.0,5.0,0.4,0.0,0.0,0.0,1.0,2.0,0.5,HOU,2,4,0.5,0.0,0.0,0.0,0.0,0.0,0.0,0,0,0.0,1.0,3.0,0.333,2.0,4.0,0.5,0.0,0.0,0.0,,,,0.0,0.0,0.0,2,4,2.0,4.0,0.5,0.75,10.0,20.0,0.5,0.48,0.02,0.0,5.0,0.0,0.388,-0.388,10.0,15.0,0.667,0.533,0.134,7.0,12.0,0.583,0.622,-0.038,7.0,12.0,0.583,0.586,-0.003,3.0,8.0,0.375,0.381,-0.006,14.0,9.0,5.0,4.0,0.0,4.0,11.0,0.0,0.0,2.0,0.0,0.0,0.0,0.0,0.0,0.0,0.0,0.0,0.0,0.0,0.0,14822,2.8,1.4,1.4,4.08,4.16,4.0,2017,20170320,False
1626168,Trey Lyles,Trey,1610612762,UTA,21.0,1,0,1,0.0,3.716666666666667,0,2,0.0,0,0,0.0,0,0,0.0,1,0,1,0,0,0,0,0,0,0,0,2,1.2,0,0,1.0,1,79,79,79,149,133,130,133,63,108,63,85,95,85,36,138,121,111,95,78,48,1,1,115,138,61,149,14,1,149,1,91,97.8,100.0,100.0,84.1,87.5,87.5,13.7,12.5,12.5,0.0,0.0,0.0,0.0,0.0,0.0,0.0,0.0,0.0,0.0,0.167,0.164,113.13,109.78,91.48,109.78,-0.125,9,0.0,2.0,95,83,83,20,27,27,44,50,50,111,76,111,37,61,31,1,1,133,138,91,96,5,16,16,154,133,130,6,5,0,0,1,0,0,0.0,0.0,0,0,0,0.0,0,0,0.0,0,0.0,0,0.0,0,0.0,0,0.0,0,0.0,0,8,5,0.1,0.63,0.0,0.0,0,0,2,0.0,0.0,0.0,1.0,0.0,1.0,2.0,0.5,0.0,0.5,15.8,0.0,0.0,0.0,2.0,0.0,2.0,0.0,0.0,1.0,0.0,1.0,4.0,0.25,2.0,0.5,15.8,1.0,1.0,0.0,2.0,0.0,0.0,1.0,0.0,2.0,0.0,0.0,0.0,0.0,,,,,,,,,,,,,,,,,,,,,,,,,,,,,,,,,,,,,,,,,0,0,,0,,,,,0,0.0,0,0.0,0,0.0,0,0.0,0.0,0,2,0.0,0.0,0.0,0.0,0,0,0.0,,,,,,,,,,,,,,,,UTA,0,2,0.0,0.0,0.0,0.0,0.0,0.0,0.0,0,0,0.0,0.0,0.0,0.0,,,,,,,,,,,,,0,0,,,,,,,,,,,,,,,,,,,,,,,,,,,,,,,,,,,,,,,,,,,,,,,,,,,,,,,,1646,0.3,0.1,0.2,4.85,4.0,5.41,2017,20170320,False
203092,Tyler Zeller,Tyler,1610612738,BOS,27.0,1,1,0,1.0,6.433333333333334,2,4,0.5,0,0,0.0,0,0,0.0,2,1,3,0,0,0,0,0,0,0,4,-4,7.6,0,0,7.0,1,1,1,1,139,86,100,46,63,108,63,85,95,85,19,105,78,111,95,78,48,1,1,115,102,91,125,14,1,121,1,101,92.3,92.3,92.3,98.8,114.3,114.3,-6.5,-22.0,-22.0,0.0,0.0,0.0,0.0,0.0,0.0,0.0,0.0,0.5,0.5,0.235,0.235,108.93,100.73,83.94,100.73,0.25,13,2.0,4.0,116,119,119,58,101,101,86,118,118,111,76,111,37,61,31,1,1,59,85,37,42,21,74,74,10,86,100,9,8,0,0,3,0,0,0.0,0.0,0,0,0,0.0,0,0,0.0,0,0.0,0,0.0,0,0.0,0,0.0,0,0.0,4,13,10,0.3,1.36,0.23,0.308,0,1,3,0.0,0.0,1.333,2.0,0.0,1.0,3.0,0.667,0.0,0.667,3.1,0.0,1.0,0.0,2.0,0.5,0.0,0.5,4.6,2.0,1.0,0.667,5.0,0.6,0.0,0.6,3.6,1.0,0.25,1.0,1.0,1.0,1.0,0.25,1.0,1.0,1.0,0.0,0.0,0.0,,0.75,1.0,3.0,0.333,0.333,0.75,1.0,3.0,0.333,0.0,0.0,0.0,,,,,,,,,,,,,,,,,,,,,,,,,,,,0,0,,0,,,,,0,0.0,4,0.667,0,0.0,0,0.0,0.5,2,2,1.0,0.0,1.0,0.0,0,1,0.0,0.0,0.0,0.0,0.0,0.0,0.0,0.0,0.0,0.0,,,,0.0,0.0,0.0,BOS,2,3,0.667,0.0,0.0,0.0,0.0,0.0,0.0,0,1,0.0,0.0,0.0,0.0,0.0,0.0,0.0,,,,,,,,,,0,1,,,,0.0,,,,,,,,,,,,,,,,,,,,,,,,,,,,,,,,,,,,,,,,,,,,,,,,,,,,2374,0.4,0.2,0.2,3.74,4.09,3.43,2017,20170320,False
203506,Victor Oladipo,Victor,1610612760,OKC,25.0,1,0,1,0.0,32.86666666666667,6,14,0.429,2,3,0.667,3,4,0.75,1,5,6,5,1,2,0,2,2,3,17,-17,36.7,0,0,34.0,1,79,79,79,27,19,25,85,25,50,11,30,25,56,36,26,28,14,45,9,48,145,76,30,24,147,21,14,1,24,1,100,93.9,92.9,92.9,115.8,113.9,113.9,-21.9,-21.0,-21.0,0.263,5.0,22.7,0.027,0.0,0.0,4.5,4.6,0.5,0.539,0.215,0.217,102.29,103.69,86.41,103.69,0.138,70,6.0,14.0,111,118,118,106,99,99,121,113,113,23,3,48,33,61,31,67,67,59,71,52,56,67,54,54,43,19,25,30,37,0,0,8,10,5,0.167,0.167,11,1,6,0.167,1,2,0.5,3,0.273,2,0.182,1,0.091,1,0.091,1,0.091,17,48,32,2.6,3.22,3.0,0.354,0,0,2,0.0,0.0,1.0,0.0,1.0,0.0,4.0,0.25,1.0,0.333,25.0,1.0,4.0,0.2,11.0,0.455,2.0,0.556,4.8,1.0,5.0,0.167,15.0,0.4,3.0,0.5,8.1,1.0,0.071,1.0,1.0,1.0,1.0,0.071,1.0,1.0,1.0,0.0,0.0,0.0,,0.714,4.0,10.0,0.4,0.45,0.643,3.0,9.0,0.333,0.071,1.0,1.0,1.0,0.143,0.0,2.0,0.0,0.0,0.071,0.0,1.0,0.0,0.071,0.0,1.0,0.0,0.071,1.0,1.0,1.0,1.5,0.0,0.0,0.0,,0.071,1.0,1.0,1.0,3,7,0.429,7,1.0,1.0,1.0,0.5,3,0.5,2,0.0,0,0.0,0,0.0,0.5,2,4,0.5,2.0,5.0,0.4,0,2,0.0,0.0,1.0,0.0,0.0,0.0,0.0,2.0,2.0,1.0,0.0,0.0,0.0,0.0,1.0,0.0,OKC,2,4,0.5,0.0,2.0,0.0,2.0,3.0,0.667,0,1,0.0,1.0,3.0,0.333,1.0,1.0,1.0,,,,,,,0.0,0.0,0.0,1,2,1.0,2.0,0.5,0.75,9.0,16.0,0.563,0.488,0.075,3.0,6.0,0.5,0.397,0.103,6.0,10.0,0.6,0.536,0.064,4.0,8.0,0.5,0.627,-0.127,4.0,8.0,0.5,0.595,-0.095,4.0,7.0,0.571,0.41,0.161,7.0,3.0,4.0,3.0,1.0,0.0,0.0,0.0,0.0,1.0,0.0,0.0,0.0,0.0,0.0,0.0,0.0,0.0,0.0,0.0,0.0,13022,2.5,1.3,1.2,4.58,4.64,4.52,2017,20170320,False
202325,Wesley Johnson,Wesley,1610612746,LAC,29.0,1,1,0,1.0,4.033333333333333,0,2,0.0,0,2,0.0,0,0,0.0,0,1,1,0,0,0,0,0,0,0,0,-9,1.2,0,0,1.0,1,1,1,1,147,133,130,133,63,67,63,85,95,85,83,105,121,111,95,78,48,1,1,115,138,124,149,14,1,149,1,99,81.0,70.0,70.0,166.0,177.8,177.8,-85.0,-107.8,-107.8,0.0,0.0,0.0,0.0,0.0,0.0,0.0,0.0,0.0,0.0,0.182,0.207,108.77,113.06,94.21,113.06,-0.067,10,0.0,2.0,137,143,143,155,156,156,155,156,156,111,76,111,37,61,31,1,1,133,138,71,63,23,7,7,147,133,130,8,4,0,0,0,0,0,0.0,0.0,0,0,0,0.0,0,0,0.0,0,0.0,0,0.0,0,0.0,0,0.0,0,0.0,0,10,4,0.3,2.0,0.0,0.0,0,0,0,0.0,0.0,0.0,0.0,0.0,0.0,0.0,0.0,0.0,0.0,0.0,0.0,1.0,0.0,0.0,0.0,0.0,0.0,2.5,0.0,1.0,0.0,0.0,0.0,0.0,0.0,2.5,,,,,,,,,,,,,,,,,,,,,,,,,,,,0.5,0.0,1.0,0.0,0.0,0.0,0.0,0.0,,0.5,0.0,1.0,0.0,0.5,0.0,1.0,0.0,0.0,0.0,0.0,0.0,,0.5,0.0,1.0,0.0,0,0,,0,0.0,0.0,,,0,0.0,0,0.0,0,0.0,0,0.0,0.0,0,0,0.0,0.0,0.0,0.0,0,0,0.0,0.0,2.0,0.0,,,,0.0,0.0,0.0,0.0,0.0,0.0,0.0,2.0,0.0,LAC,0,0,0.0,0.0,0.0,0.0,,,,0,0,0.0,0.0,2.0,0.0,0.0,0.0,0.0,,,,,,,0.0,0.0,0.0,0,2,0.0,2.0,0.0,0.0,,,,,,,,,,,,,,,,,,,,,,,,,,,,,,,1.0,1.0,0.0,0.0,0.0,0.0,0.0,0.0,0.0,0.0,0.0,0.0,0.0,0.0,0.0,0.0,0.0,0.0,0.0,0.0,0.0,1573,0.3,0.2,0.1,4.46,4.78,3.93,2017,20170320,False
203115,Will Barton,Will,1610612743,DEN,26.0,1,0,1,0.0,30.35,8,13,0.615,4,5,0.8,4,5,0.8,0,7,7,8,1,1,1,1,1,5,24,3,49.4,0,0,47.0,1,79,79,79,43,10,29,25,3,26,7,18,19,52,83,11,23,4,45,34,13,106,44,9,8,55,7,14,1,7,1,106,117.0,123.9,123.9,121.6,119.4,119.4,-4.5,4.5,4.5,0.4,8.0,34.8,0.0,0.25,0.132,4.3,4.1,0.769,0.789,0.2,0.211,108.11,105.96,88.3,105.96,0.228,67,8.0,13.0,40,20,20,131,118,118,84,61,61,10,1,12,37,6,6,66,66,16,12,61,61,28,36,36,13,10,29,39,39,0,0,7,21,8,0.205,0.205,5,1,2,0.5,2,2,1.0,5,1.0,0,0.0,2,0.4,0,0.0,1,0.2,24,57,25,3.6,3.8,3.23,0.421,0,0,1,0.0,0.0,0.0,0.0,0.0,0.0,2.0,0.0,0.0,0.0,0.0,2.0,5.0,0.286,9.0,0.778,1.0,0.875,10.8,2.0,5.0,0.286,11.0,0.636,1.0,0.7,10.8,1.0,0.077,1.0,1.0,1.0,1.0,0.077,1.0,1.0,1.0,0.0,0.0,0.0,,0.538,4.0,7.0,0.571,0.643,0.462,3.0,6.0,0.5,0.077,1.0,1.0,1.0,0.231,2.0,3.0,0.667,1.0,0.077,0.0,1.0,0.0,0.154,2.0,2.0,1.0,0.154,1.0,2.0,0.5,0.75,0.0,0.0,0.0,,0.154,1.0,2.0,0.5,4,6,0.667,10,2.0,3.0,0.667,0.833,6,1.0,0,0.0,0,0.0,0,0.0,0.769,2,3,0.667,1.0,3.0,0.333,1,2,0.5,0.0,0.0,0.0,0.0,0.0,0.0,4.0,5.0,0.8,0.0,0.0,0.0,0.0,0.0,0.0,DEN,2,3,0.667,1.0,3.0,0.333,1.0,1.0,1.0,0,1,0.0,0.0,0.0,0.0,4.0,4.0,1.0,0.0,0.0,0.0,0.0,1.0,0.0,0.0,0.0,0.0,2,2,2.0,2.0,1.0,1.5,2.0,7.0,0.286,0.414,-0.128,1.0,3.0,0.333,0.369,-0.035,1.0,4.0,0.25,0.487,-0.237,1.0,2.0,0.5,0.576,-0.076,1.0,4.0,0.25,0.526,-0.276,1.0,3.0,0.333,0.364,-0.031,5.0,3.0,2.0,2.0,0.0,0.0,0.0,0.0,0.0,2.0,0.0,0.0,0.0,0.0,0.0,0.0,0.0,0.0,0.0,0.0,0.0,11290,2.1,1.2,0.9,4.15,4.68,3.62,2017,20170320,False
1626195,Willy Hernangomez,Willy,1610612752,NYK,23.0,1,0,1,0.0,16.566666666666666,3,11,0.273,0,0,0.0,2,2,1.0,5,4,9,0,1,0,0,3,0,1,8,-12,17.8,0,0,17.0,1,79,79,79,106,78,35,120,63,108,63,47,53,1,2,36,13,111,45,78,48,152,1,76,78,137,76,14,1,75,1,97,97.7,94.3,94.3,127.8,125.0,125.0,-30.1,-30.7,-30.7,0.0,0.0,0.0,0.0,0.0,0.0,7.7,7.8,0.273,0.337,0.302,0.308,99.9,102.86,85.71,102.86,0.067,35,3.0,11.0,96,112,112,139,135,135,131,135,135,111,76,111,37,61,31,79,82,126,124,15,13,81,60,60,101,78,35,22,17,0,0,1,0,0,0.0,0.0,1,0,1,0.0,0,0,0.0,0,0.0,0,0.0,0,0.0,0,0.0,0,0.0,8,34,21,0.9,1.65,0.47,0.235,8,1,5,0.0,0.0,0.4,3.0,2.0,0.6,9.0,0.556,0.0,0.556,7.7,0.0,4.0,0.0,4.0,1.0,0.0,1.0,1.9,3.0,6.0,0.333,13.0,0.692,0.0,0.692,5.1,1.0,0.182,0.0,2.0,0.0,0.0,0.182,0.0,2.0,0.0,0.0,0.0,0.0,,0.545,2.0,6.0,0.333,0.333,0.545,2.0,6.0,0.333,0.0,0.0,0.0,,0.091,1.0,1.0,1.0,1.0,0.091,1.0,1.0,1.0,0.0,0.0,0.0,,0.182,0.0,2.0,0.0,0.0,0.182,0.0,2.0,0.0,0.0,0.0,0.0,,0,1,0.0,0,,,,0.0,2,0.333,2,0.25,0,0.0,0,0.0,0.273,1,4,0.25,1.0,3.0,0.333,1,4,0.25,,,,,,,0.0,0.0,0.0,,,,,,,NYK,1,5,0.2,1.0,2.0,0.5,0.0,1.0,0.0,1,2,0.5,0.0,1.0,0.0,0.0,0.0,0.0,,,,,,,,,,1,3,,,,0.333,5.0,8.0,0.625,0.546,0.079,1.0,1.0,1.0,0.406,0.594,4.0,7.0,0.571,0.571,0.001,4.0,5.0,0.8,0.66,0.14,4.0,7.0,0.571,0.612,-0.041,1.0,1.0,1.0,0.437,0.563,3.0,2.0,1.0,1.0,0.0,3.0,6.0,0.0,0.0,3.0,0.0,0.0,0.0,0.0,0.0,0.0,0.0,0.0,0.0,0.0,0.0,6466,1.2,0.7,0.5,4.37,4.54,4.16,2017,20170320,False
2585,Zaza Pachulia,Zaza,1610612744,GSW,33.0,1,1,0,1.0,14.333333333333334,1,4,0.25,0,0,0.0,0,0,0.0,1,1,2,1,2,0,0,1,4,0,2,-3,3.9,0,0,5.0,1,1,1,1,118,107,100,122,63,108,63,85,95,85,36,105,102,80,26,78,48,106,128,115,119,85,138,14,1,132,1,101,97.0,97.0,97.0,106.6,106.1,106.1,-9.6,-9.1,-9.1,0.083,0.5,14.3,0.0,0.0,0.0,28.6,28.6,0.25,0.25,0.171,0.171,110.24,110.51,92.09,110.51,-0.069,33,1.0,4.0,98,103,103,82,77,77,95,94,94,96,66,79,37,61,31,148,148,127,130,85,89,13,11,11,148,107,100,22,18,0,0,3,2,1,0.045,0.045,0,0,0,0.0,0,0,0.0,0,0.0,0,0.0,0,0.0,0,0.0,0,0.0,2,28,18,0.9,2.03,0.86,0.071,2,4,5,0.0,0.5,0.0,1.0,0.0,1.0,4.0,0.25,0.0,0.25,0.6,0.0,1.0,0.0,4.0,0.25,2.0,0.5,5.1,1.0,1.0,0.5,8.0,0.25,2.0,0.333,2.9,1.0,0.5,0.0,2.0,0.0,0.0,0.5,0.0,2.0,0.0,0.0,0.0,0.0,,0.5,1.0,2.0,0.5,0.5,0.5,1.0,2.0,0.5,0.0,0.0,0.0,,,,,,,,,,,,,,,,,,,,,,,,,,,,0,0,,0,,,,,0,0.0,0,0.0,2,1.0,0,0.0,0.25,0,3,0.0,1.0,1.0,1.0,0,0,0.0,0.0,0.0,0.0,0.0,0.0,0.0,0.0,0.0,0.0,0.0,0.0,0.0,0.0,0.0,0.0,GSW,0,3,0.0,1.0,1.0,1.0,0.0,0.0,0.0,0,0,0.0,0.0,0.0,0.0,0.0,0.0,0.0,,,,,,,0.0,0.0,0.0,0,0,,,,,4.0,5.0,0.8,0.472,0.328,0.0,1.0,0.0,0.337,-0.337,4.0,4.0,1.0,0.504,0.496,2.0,2.0,1.0,0.613,0.388,3.0,3.0,1.0,0.547,0.453,0.0,1.0,0.0,0.362,-0.362,3.0,2.0,1.0,1.0,0.0,3.0,8.0,0.0,0.0,0.0,0.0,0.0,0.0,0.0,0.0,0.0,0.0,0.0,0.0,0.0,0.0,5273,1.0,0.6,0.4,4.2,5.04,3.35,2017,20170320,False
