Minutes,OffPoss,DefPoss,PenaltyOffPoss,PenaltyDefPoss,SecondChanceOffPoss,TotalPoss,AtRimFGM,AtRimFGA,SecondChanceAtRimFGM,SecondChanceAtRimFGA,PenaltyAtRimFGM,PenaltyAtRimFGA,ShortMidRangeFGM,ShortMidRangeFGA,LongMidRangeFGM,LongMidRangeFGA,Corner3FGM,Corner3FGA,SecondChanceCorner3FGA,PenaltyCorner3FGA,Arc3FGM,Arc3FGA,SecondChanceArc3FGA,PenaltyArc3FGM,PenaltyArc3FGA,FG2M,FG2A,FG3M,FG3A,FtPoints,Points,SecondChanceFG2M,SecondChanceFG2A,SecondChanceFG3A,SecondChancePoints,PenaltyFG2M,PenaltyFG2A,PenaltyFG3M,PenaltyFG3A,PenaltyFtPoints,PenaltyPoints,PtsAssisted2s,PtsUnassisted2s,PtsAssisted3s,PtsUnassisted3s,PtsPutbacks,NonHeaveArc3FGA,NonHeaveArc3FGM,Fg2aBlocked,Fg3aBlocked,TwoPtAssists,ThreePtAssists,Assists,Arc3Assists,Corner3Assists,AtRimAssists,ShortMidRangeAssists,AssistPoints,OffThreePtRebounds,OffTwoPtRebounds,DefThreePtRebounds,DefTwoPtRebounds,FTDefRebounds,DefRebounds,OffRebounds,Rebounds,SelfOReb,Steals,BadPassSteals,LostBallSteals,LiveBallTurnovers,BadPassOutOfBoundsTurnovers,BadPassTurnovers,DeadBallTurnovers,LostBallTurnovers,Turnovers,PenaltyTurnovers,ShootingFouls,Fouls,Charge Fouls,Offensive Fouls,FoulsDrawn,Charge Fouls Drawn,Offensive Fouls Drawn,FTA,2pt And 1 Free Throw Trips,Technical Free Throw Trips,TwoPtShootingFoulsDrawn,ThreePtShootingFoulsDrawn,NonShootingFoulsDrawn,Blocked2s,BlockedAtRim,BlockedShortMidRange,Blocks,RecoveredBlocks,FirstChancePoints,PenaltyPointsExcludingTakeFouls,PenaltyOffPossExcludingTakeFouls,NonShootingPenaltyNonTakeFouls,NonShootingPenaltyNonTakeFoulsDrawn,Assisted2sPct,NonPutbacksAssisted2sPct,Assisted3sPct,Fg3Pct,PenaltyFg3Pct,NonHeaveFg3Pct,Fg2Pct,SecondChanceFg2Pct,PenaltyFg2Pct,EfgPct,SecondChanceEfgPct,PenaltyEfgPct,TsPct,SecondChanceTsPct,PenaltyTsPct,FG3APct,FG3APctBlocked,FG2APctBlocked,AtRimPctBlocked,Corner3PctBlocked,LiveBallTurnoverPct,DefFTReboundPct,DefTwoPtReboundPct,OffTwoPtReboundPct,DefThreePtReboundPct,OffThreePtReboundPct,DefFGReboundPct,OffFGReboundPct,OffAtRimReboundPct,OffShortMidRangeReboundPct,OffLongMidRangeReboundPct,OffArc3ReboundPct,OffCorner3ReboundPct,DefAtRimReboundPct,DefShortMidRangeReboundPct,DefLongMidRangeReboundPct,DefArc3ReboundPct,DefCorner3ReboundPct,SelfORebPct,Pace,BlocksRecoveredPct,SecondsPerPossOff,SecondsPerPossDef,SecondsExcludingORebsPerPossOff,SecondsExcludingORebsPerPossDef,AtRimFrequency,AtRimAccuracy,UnblockedAtRimAccuracy,AtRimPctAssisted,ShortMidRangeFrequency,ShortMidRangeAccuracy,UnblockedShortMidRangeAccuracy,ShortMidRangePctAssisted,LongMidRangeFrequency,LongMidRangeAccuracy,UnblockedLongMidRangeAccuracy,Corner3Frequency,Corner3Accuracy,UnblockedCorner3Accuracy,Corner3PctAssisted,Arc3Frequency,Arc3Accuracy,UnblockedArc3Accuracy,Arc3PctAssisted,SecondChanceAtRimFrequency,SecondChanceAtRimAccuracy,SecondChanceCorner3Frequency,SecondChanceArc3Frequency,PenaltyAtRimFrequency,PenaltyAtRimAccuracy,PenaltyCorner3Frequency,PenaltyArc3Frequency,PenaltyArc3Accuracy,AtRimFG3AFrequency,NonHeaveArc3Accuracy,ShotQualityAvg,SecondChanceShotQualityAvg,PenaltyShotQualityAvg,ShootingFoulsDrawnPct,TwoPtShootingFoulsDrawnPct,ThreePtShootingFoulsDrawnPct,SecondChancePointsPct,PenaltyPointsPct,Avg2ptShotDistance,Avg3ptShotDistance,PenaltyOffPossPct,Date,GameId,Opponent,SecondChanceCorner3FGM,PenaltyCorner3FGM,SecondChanceArc3FGM,SecondChanceFG3M,SecondChanceFtPoints,LongMidRangeAssists,SecondChanceTurnovers,Loose Ball Fouls,Loose Ball Fouls Drawn,SecondChanceFg3Pct,ShortMidRangePctBlocked,LongMidRangePctAssisted,SecondChanceCorner3Accuracy,SecondChanceCorner3PctAssisted,SecondChanceArc3Accuracy,SecondChanceArc3PctAssisted,PenaltyCorner3Accuracy,LostBallOutOfBoundsTurnovers,3pt And 1 Free Throw Trips,DefensiveGoaltends,SecondChanceAtRimPctAssisted,FTOffRebounds,Travels,LongMidRangePctBlocked,Arc3PctBlocked,OffFTReboundPct,StepOutOfBoundsTurnovers,Blocked3s,BlockedCorner3,BlockedArc3,OffensiveGoaltends,BlockedLongMidRange,Clear Path Fouls,Defensive 3 Seconds Violations,Season,year,SeasonType,team_id
48:00,108,107,47.0,44,8,215,16,21,1.0,2.0,9.0,12.0,12,17,2.0,5.0,2.0,9,2.0,3.0,9,30,1.0,4.0,12.0,30,43,11,39,35,128,2.0,4.0,3.0,4,12.0,20.0,4.0,15.0,19.0,55.0,28,32,18,15.0,2.0,30,9,3,1.0,14,6,20,4,2.0,8,6.0,46,3,6.0,9,23,4.0,36,9,45,3.0,5,3,2.0,10,1.0,7,7.0,3.0,17,8.0,13,29,2.0,3.0,30,1.0,2.0,43,4.0,1.0,15,2.0,5.0,12.0,6.0,6.0,12.0,6.0,124,51.0,45.0,3.0,3.0,0.4666666666666667,0.4827586206896552,0.5454545454545454,0.282051282051282,0.2666666666666666,0.282051282051282,0.6976744186046512,0.5,0.6,0.5670731707317073,0.2857142857142857,0.5142857142857142,0.635,0.25,0.6,0.4756097560975609,0.0256410256410256,0.0697674418604651,0.1428571428571428,0.1111111111111111,0.5882352941176471,1.0,0.6388888888888888,0.4615384615384615,0.5625,0.1153846153846153,0.6153846153846154,0.2307692307692307,0.4,0.4,0.6666666666666666,0.1052631578947368,0.1428571428571428,0.7647058823529411,0.5,0.6666666666666666,0.5,0.75,0.0857142857142857,107.5,0.5,12.65462962962963,14.142990654205606,12.33888888888889,13.583177570093456,0.2560975609756097,0.7619047619047619,0.8888888888888888,0.5,0.2073170731707317,0.7058823529411765,0.7058823529411765,0.5,0.0609756097560975,0.4,0.4,0.1097560975609756,0.2222222222222222,0.25,1.0,0.3658536585365853,0.3,0.3,0.4444444444444444,0.2857142857142857,0.5,0.2857142857142857,0.1428571428571428,0.3428571428571428,0.75,0.0857142857142857,0.3428571428571428,0.3333333333333333,0.7317073170731707,0.3,0.5443450000000001,0.4739899999999999,0.5735742424242424,0.1789473684210526,0.2777777777777778,0.048780487804878,0.03125,0.4296875,6.397674418604652,25.05135135135135,0.4351851851851852,2025-10-22,22500085,NOP,,,,,,,,,,,,,,,,,,,,,,,,,,,,,,,,,,,2025-26,2026,Regular Season,1610612763
48:00,113,113,49.0,31,11,226,10,15,1.0,3.0,4.0,6.0,14,34,1.0,1.0,1.0,8,2.0,4.0,12,37,2.0,8.0,19.0,25,50,13,45,25,114,2.0,7.0,4.0,11,8.0,18.0,9.0,23.0,11.0,54.0,36,14,33,6.0,2.0,37,12,4,,18,11,29,10,1.0,7,10.0,69,10,5.0,14,14,3.0,31,15,46,,8,4,4.0,15,2.0,11,5.0,4.0,20,10.0,12,18,1.0,2.0,25,1.0,3.0,28,1.0,,12,,2.0,4.0,1.0,3.0,4.0,2.0,103,54.0,49.0,,2.0,0.72,0.75,0.8461538461538461,0.2888888888888888,0.391304347826087,0.2888888888888888,0.5,0.2857142857142857,0.4444444444444444,0.4684210526315789,0.4545454545454545,0.524390243902439,0.5277777777777778,0.5,0.574468085106383,0.4736842105263157,,0.08,0.0666666666666666,,0.75,1.0,0.5384615384615384,0.217391304347826,0.7,0.3125,0.6086956521739131,0.2727272727272727,,0.2777777777777778,,0.28,0.4285714285714285,0.6,0.5238095238095238,,0.6875,0.75,,113.0,0.5,13.20796460176991,12.278761061946902,12.597345132743364,11.897345132743364,0.1578947368421052,0.6666666666666666,0.7142857142857143,0.7,0.3578947368421052,0.4117647058823529,0.4516129032258064,0.7142857142857143,0.0105263157894736,1.0,1.0,0.0842105263157894,0.125,0.125,1.0,0.3894736842105263,0.3243243243243243,0.3243243243243243,0.8333333333333334,0.2727272727272727,0.3333333333333333,0.1818181818181818,0.1818181818181818,0.1463414634146341,0.6666666666666666,0.0975609756097561,0.4634146341463415,0.4210526315789473,0.631578947368421,0.3243243243243243,0.5023742105263158,0.4894599999999999,0.4887841463414634,0.1132075471698113,0.1967213114754098,,0.0964912280701754,0.4736842105263157,6.85,25.622222222222224,0.4336283185840708,2025-10-24,22500094,MIA,1.0,1.0,1.0,2.0,1.0,1.0,4.0,1.0,2.0,0.5,0.088235294117647,1.0,0.5,1.0,0.5,1.0,0.25,,,,,,,,,,,,,,,,,,2025-26,2026,Regular Season,1610612763
48:00,100,101,29.0,15,15,201,15,28,2.0,5.0,4.0,7.0,13,26,1.0,4.0,1.0,6,,2.0,14,34,4.0,4.0,11.0,29,58,15,40,25,128,6.0,11.0,4.0,19,7.0,14.0,5.0,13.0,10.0,39.0,36,22,39,6.0,4.0,34,14,5,,18,13,31,12,1.0,8,9.0,75,4,13.0,22,19,2.0,43,17,60,3.0,6,3,3.0,2,,1,4.0,1.0,6,2.0,10,22,,1.0,21,,2.0,32,2.0,,10,2.0,4.0,4.0,1.0,3.0,4.0,4.0,109,39.0,29.0,3.0,4.0,0.6206896551724138,0.6666666666666666,0.8666666666666667,0.375,0.3846153846153846,0.375,0.5,0.5454545454545454,0.5,0.5255102040816326,0.6,0.5370370370370371,0.5714285714285714,0.59375,0.609375,0.4081632653061224,,0.0862068965517241,0.1071428571428571,,0.3333333333333333,0.6666666666666666,0.7037037037037037,0.4482758620689655,0.88,0.1666666666666666,0.7884615384615384,0.320754716981132,0.6153846153846154,0.3076923076923077,0.3333333333333333,0.2105263157894736,,0.5555555555555556,0.7857142857142857,0.75,0.9090909090909092,0.6666666666666666,0.0625,100.5,1.0,13.9,14.752475247524751,12.991,14.125742574257426,0.2857142857142857,0.5357142857142857,0.6,0.5333333333333333,0.2653061224489796,0.5,0.5416666666666666,0.6923076923076923,0.0408163265306122,0.25,0.25,0.0612244897959183,0.1666666666666666,0.1666666666666666,1.0,0.3469387755102041,0.4117647058823529,0.4117647058823529,0.8571428571428571,0.3333333333333333,0.4,,0.2666666666666666,0.2592592592592592,0.5714285714285714,0.074074074074074,0.4074074074074074,0.3636363636363636,0.6938775510204082,0.4117647058823529,0.5519154639175258,0.5113076923076924,0.5407134615384616,0.1111111111111111,0.1515151515151515,0.0476190476190476,0.1484375,0.3046875,5.612068965517241,25.043589743589745,0.29,2025-10-25,22500103,IND,,1.0,2.0,2.0,1.0,1.0,1.0,1.0,1.0,0.5,0.0769230769230769,1.0,,,0.5,1.0,0.5,1.0,,,,,,,,,,,,,,,,,2025-26,2026,Regular Season,1610612763
48:00,103,105,32.0,35,12,208,14,17,2.0,3.0,5.0,5.0,11,25,3.0,7.0,4.0,10,1.0,2.0,8,30,4.0,3.0,10.0,28,49,12,40,26,118,3.0,4.0,5.0,15,10.0,14.0,4.0,12.0,12.0,44.0,40,16,36,,4.0,30,8,5,,20,12,32,8,4.0,11,7.0,76,8,5.0,18,13,2.0,33,13,46,1.0,8,5,3.0,7,4.0,2,6.0,5.0,13,2.0,15,20,,,24,,3.0,28,2.0,,13,,2.0,3.0,1.0,2.0,3.0,3.0,103,44.0,32.0,1.0,1.0,0.7142857142857143,0.7692307692307693,1.0,0.3,0.3333333333333333,0.3,0.5714285714285714,0.75,0.7142857142857143,0.5168539325842697,0.8333333333333334,0.6153846153846154,0.5784313725490197,0.8333333333333334,0.6875,0.449438202247191,,0.1020408163265306,,,0.5384615384615384,0.6666666666666666,0.8666666666666667,0.238095238095238,0.75,0.2857142857142857,0.7948717948717948,0.2653061224489796,0.3333333333333333,0.1428571428571428,0.5,0.3181818181818182,0.1666666666666666,1.0,0.8333333333333334,1.0,0.7,1.0,0.0227272727272727,104.0,1.0,14.018446601941749,13.677142857142856,13.424271844660195,13.143809523809525,0.1910112359550561,0.8235294117647058,0.8235294117647058,0.7857142857142857,0.2808988764044944,0.44,0.55,0.6363636363636364,0.0786516853932584,0.4285714285714285,0.4285714285714285,0.1123595505617977,0.4,0.4,1.0,0.3370786516853932,0.2666666666666666,0.2666666666666666,1.0,0.3333333333333333,0.6666666666666666,0.1111111111111111,0.4444444444444444,0.1923076923076923,1.0,0.0769230769230769,0.3846153846153846,0.3,0.6404494382022472,0.2666666666666666,0.50633125,0.53925,0.4936379999999999,0.13,0.2166666666666666,,0.1271186440677966,0.3728813559322034,6.877551020408164,26.130769230769232,0.3106796116504854,2025-10-27,22500121,GSW,,1.0,3.0,3.0,,2.0,2.0,1.0,2.0,0.6,0.2,0.6666666666666666,,,0.75,1.0,0.5,2.0,,,,,,,,,,,,,,,,,2025-26,2026,Regular Season,1610612763
48:00,104,105,21.0,16,9,209,14,20,3.0,5.0,4.0,5.0,12,27,3.0,8.0,4.0,9,1.0,3.0,11,29,1.0,2.0,4.0,29,55,15,38,11,114,6.0,8.0,2.0,12,6.0,13.0,3.0,7.0,1.0,22.0,34,24,42,3.0,8.0,29,11,4,,17,14,31,10,4.0,9,6.0,76,4,7.0,20,15,1.0,36,11,47,4.0,12,9,3.0,11,1.0,6,6.0,5.0,17,4.0,7,17,,3.0,20,,5.0,13,2.0,,6,1.0,1.0,3.0,,3.0,3.0,3.0,102,22.0,21.0,1.0,1.0,0.5862068965517241,0.68,0.9333333333333332,0.3947368421052631,0.4285714285714285,0.3947368421052631,0.5272727272727272,0.75,0.4615384615384615,0.553763440860215,0.6,0.525,0.5816326530612245,0.6,0.5238095238095238,0.4086021505376344,,0.0727272727272727,0.15,,0.6470588235294118,1.0,0.7142857142857143,0.2692307692307692,0.8695652173913043,0.1739130434782608,0.7954545454545454,0.2244897959183673,0.5,0.2,0.2,0.2222222222222222,,,0.7333333333333333,1.0,0.9444444444444444,0.6,0.0888888888888888,104.5,1.0,13.868269230769233,13.692380952380953,13.596153846153848,13.425714285714283,0.2150537634408602,0.7,0.8235294117647058,0.6428571428571429,0.2903225806451613,0.4444444444444444,0.4615384615384615,0.5,0.086021505376344,0.375,0.375,0.0967741935483871,0.4444444444444444,0.4444444444444444,1.0,0.3118279569892473,0.3793103448275862,0.3793103448275862,0.9090909090909092,0.5,0.6,0.1,0.1,0.25,0.8,0.15,0.2,0.5,0.6236559139784946,0.3793103448275862,0.5230934782608696,0.5452928571428571,0.501545,0.0721649484536082,0.1016949152542373,0.0263157894736842,0.1052631578947368,0.1929824561403508,7.541818181818182,25.76578947368421,0.2019230769230769,2025-10-29,22500137,PHX,,1.0,,,,2.0,1.0,2.0,3.0,,0.037037037037037,0.6666666666666666,,,,,0.3333333333333333,1.0,1.0,1.0,,,,,,,,,,,,,,,2025-26,2026,Regular Season,1610612763
48:00,97,97,14.0,30,14,194,14,18,5.0,8.0,6.0,8.0,12,26,1.0,4.0,4.0,10,1.0,2.0,10,36,2.0,2.0,6.0,27,48,14,46,16,112,6.0,12.0,3.0,13,6.0,11.0,3.0,8.0,,21.0,30,24,39,3.0,4.0,36,10,3,,15,13,28,9,4.0,8,7.0,69,10,7.0,17,11,3.0,31,17,48,6.0,9,7,2.0,8,2.0,5,3.0,3.0,11,,13,25,,1.0,16,,1.0,19,1.0,,10,,,,,,,,99,21.0,14.0,4.0,,0.5555555555555556,0.6,0.9285714285714286,0.3043478260869565,0.375,0.3043478260869565,0.5625,0.5,0.5454545454545454,0.5106382978723404,0.4,0.5526315789473685,0.5436893203883495,0.40625,0.5526315789473685,0.4893617021276595,,0.0625,,,0.7272727272727273,1.0,0.9166666666666666,0.3333333333333333,0.7391304347826086,0.3225806451612903,0.8,0.3269230769230769,0.75,0.2857142857142857,,0.32,0.3333333333333333,1.0,1.0,0.8,0.625,1.0,0.1224489795918367,97.0,,14.989690721649485,14.70103092783505,13.96082474226804,14.360824742268042,0.1914893617021276,0.7777777777777778,0.7777777777777778,0.5714285714285714,0.2765957446808511,0.4615384615384615,0.5217391304347826,0.5833333333333334,0.0425531914893617,0.25,0.25,0.1063829787234042,0.4,0.4,1.0,0.3829787234042553,0.2777777777777778,0.2777777777777778,0.9,0.5333333333333333,0.625,0.0666666666666666,0.1333333333333333,0.4210526315789473,0.75,0.1052631578947368,0.3157894736842105,0.3333333333333333,0.6808510638297872,0.2777777777777778,0.53835,0.5498375,0.5586861111111111,0.0970873786407767,0.175438596491228,,0.1160714285714285,0.1875,7.464583333333334,24.72222222222222,0.1443298969072164,2025-10-31,22500024,LAL,,1.0,,,1.0,,1.0,2.0,2.0,,0.1153846153846153,,,,,,0.5,,,,0.2,,,,,,,,,,,,,,2025-26,2026,Regular Season,1610612763
48:00,94,96,26.0,7,10,190,16,23,5.0,9.0,4.0,6.0,11,22,,7.0,5.0,12,,3.0,6,23,1.0,1.0,8.0,27,52,11,35,17,104,6.0,12.0,1.0,15,6.0,12.0,2.0,11.0,10.0,28.0,28,26,30,3.0,6.0,23,6,6,1.0,14,10,24,5,5.0,10,4.0,58,5,7.0,18,11,1.0,30,13,43,1.0,6,6,,5,1.0,2,8.0,3.0,13,1.0,11,18,,3.0,23,,2.0,20,2.0,,9,,2.0,,,,,,89,28.0,26.0,,2.0,0.5185185185185185,0.5833333333333334,0.9090909090909092,0.3142857142857143,0.1818181818181818,0.3142857142857143,0.5192307692307693,0.5,0.5,0.5,0.5769230769230769,0.391304347826087,0.5416666666666666,0.5769230769230769,0.5,0.4022988505747126,0.0285714285714285,0.1153846153846153,0.0869565217391304,,0.3846153846153846,0.3333333333333333,0.6111111111111112,0.3043478260869565,0.6666666666666666,0.2083333333333333,0.6444444444444445,0.2553191489361702,0.5714285714285714,0.2727272727272727,,0.1764705882352941,0.2857142857142857,0.8333333333333334,0.375,0.75,0.7142857142857143,0.5,0.024390243902439,95.0,,16.097872340425532,14.2375,15.374468085106384,13.439583333333331,0.264367816091954,0.6956521739130435,0.7619047619047619,0.625,0.2528735632183908,0.5,0.5789473684210527,0.3636363636363636,0.0804597701149425,,,0.1379310344827586,0.4166666666666667,0.4166666666666667,1.0,0.264367816091954,0.2608695652173913,0.2727272727272727,0.8333333333333334,0.6923076923076923,0.5555555555555556,,0.0769230769230769,0.2608695652173913,0.6666666666666666,0.1304347826086956,0.3478260869565217,0.125,0.6666666666666666,0.2608695652173913,0.5405844827586207,0.54160625,0.5469652173913043,0.0957446808510638,0.1525423728813559,,0.1442307692307692,0.2692307692307692,6.775,25.268571428571427,0.2765957446808511,2025-11-02,22500152,TOR,,1.0,1.0,1.0,,,2.0,,1.0,1.0,0.1363636363636363,,,,1.0,1.0,0.3333333333333333,,,,0.2,1.0,1.0,0.1428571428571428,0.0434782608695652,0.5,,,,,,,,,2025-26,2026,Regular Season,1610612763
47:59,98,98,27.0,25,17,196,10,19,4.0,5.0,,2.0,9,23,2.0,4.0,5.0,11,1.0,5.0,9,30,5.0,2.0,7.0,21,46,14,41,22,106,5.0,8.0,6.0,26,3.0,10.0,4.0,12.0,11.0,29.0,24,18,39,3.0,8.0,30,9,7,2.0,12,13,25,8,5.0,5,6.0,63,9,11.0,17,13,1.0,31,20,51,1.0,8,7,1.0,11,3.0,4,9.0,7.0,20,4.0,11,22,,2.0,21,,3.0,25,2.0,1.0,9,,4.0,5.0,2.0,3.0,5.0,4.0,80,29.0,27.0,2.0,4.0,0.5714285714285714,0.7058823529411765,0.9285714285714286,0.3414634146341463,0.3333333333333333,0.3414634146341463,0.4565217391304347,0.625,0.3,0.4827586206896552,0.6785714285714286,0.4090909090909091,0.5357142857142857,0.7352941176470589,0.5,0.4712643678160919,0.048780487804878,0.1521739130434782,0.2631578947368421,0.0909090909090909,0.55,0.25,0.6842105263157895,0.4583333333333333,0.85,0.3333333333333333,0.7692307692307693,0.392156862745098,0.4444444444444444,0.5384615384615384,,0.4285714285714285,,0.8333333333333334,0.6153846153846154,,0.8461538461538461,0.8571428571428571,0.0238095238095238,98.00000000000006,0.8,14.48469387755102,14.903061224489775,13.821428571428571,14.495918367346915,0.2183908045977011,0.5263157894736842,0.7142857142857143,0.5,0.264367816091954,0.391304347826087,0.4285714285714285,0.6666666666666666,0.0459770114942528,0.5,0.5,0.1264367816091954,0.4545454545454545,0.5,1.0,0.3448275862068966,0.3,0.3103448275862069,0.8888888888888888,0.3571428571428571,0.8,0.0714285714285714,0.3571428571428571,0.0909090909090909,,0.2272727272727272,0.3181818181818182,0.2857142857142857,0.6896551724137931,0.3,0.5207103448275862,0.563455,0.4661340909090908,0.0957446808510638,0.1698113207547169,,0.2452830188679245,0.2735849056603773,6.980434782608696,24.83170731707317,0.2755102040816326,2025-11-03,22500161,DET,1.0,2.0,2.0,3.0,7.0,1.0,3.0,2.0,1.0,0.5,0.0869565217391304,0.5,1.0,1.0,0.4,1.0,0.4,2.0,,,,,1.0,,0.0333333333333333,,,,,,,,,,2025-26,2026,Regular Season,1610612763
48:00,103,105,30.0,23,14,208,12,20,3.0,7.0,2.0,2.0,5,25,4.0,5.0,1.0,8,,4.0,12,31,1.0,3.0,13.0,21,50,13,39,28,109,5.0,11.0,1.0,21,6.0,9.0,3.0,17.0,10.0,31.0,26,16,36,3.0,4.0,31,12,3,,13,12,25,11,1.0,8,3.0,62,7,9.0,12,22,3.0,37,16,53,3.0,10,6,4.0,9,4.0,5,6.0,4.0,15,2.0,9,19,,,21,,1.0,35,2.0,,16,1.0,1.0,9.0,5.0,4.0,9.0,6.0,88,31.0,30.0,1.0,1.0,0.6190476190476191,0.6842105263157895,0.9230769230769232,0.3333333333333333,0.1764705882352941,0.3333333333333333,0.42,0.4545454545454545,0.6666666666666666,0.4550561797752809,0.5416666666666666,0.4038461538461538,0.5190476190476191,0.65625,0.484375,0.4382022471910112,,0.06,0.05,,0.6,1.0,0.6285714285714286,0.3103448275862069,0.7058823529411765,0.28,0.6538461538461539,0.2962962962962963,0.5,0.2,1.0,0.2631578947368421,0.3333333333333333,0.5714285714285714,0.65,0.625,0.6666666666666666,0.8,0.0588235294117647,104.0,0.6666666666666666,12.28640776699029,15.376190476190477,11.87378640776699,14.526666666666666,0.2247191011235955,0.6,0.631578947368421,0.6666666666666666,0.2808988764044944,0.2,0.217391304347826,0.6,0.0561797752808988,0.8,0.8,0.0898876404494382,0.125,0.125,1.0,0.348314606741573,0.3870967741935484,0.3870967741935484,0.9166666666666666,0.5833333333333334,0.4285714285714285,,0.0833333333333333,0.0769230769230769,1.0,0.1538461538461538,0.5,0.2307692307692307,0.6629213483146067,0.3870967741935484,0.5268876404494383,0.5046142857142858,0.4964173076923077,0.1634615384615384,0.25,0.025,0.1926605504587156,0.2844036697247706,6.696000000000001,25.243589743589745,0.2912621359223301,2025-11-05,22500176,HOU,,,1.0,1.0,8.0,2.0,,2.0,,1.0,0.08,0.5,,,1.0,1.0,,2.0,,,0.3333333333333333,,,,,,,,,,,,,,2025-26,2026,Regular Season,1610612763
48:00,100,99,28.0,27,10,199,9,18,1.0,2.0,3.0,8.0,15,23,4.0,9.0,2.0,4,,1.0,11,31,2.0,1.0,5.0,28,50,13,35,23,118,4.0,6.0,2.0,11,6.0,13.0,1.0,6.0,3.0,18.0,30,26,36,3.0,2.0,31,11,5,1.0,15,12,27,10,2.0,5,8.0,66,4,4.0,23,11,2.0,36,10,46,1.0,8,5,3.0,7,3.0,7,8.0,,15,8.0,6,20,,,20,,2.0,28,1.0,,9,3.0,2.0,1.0,,1.0,1.0,1.0,107,18.0,28.0,2.0,1.0,0.5357142857142857,0.5555555555555556,0.9230769230769232,0.3714285714285714,0.1666666666666666,0.3714285714285714,0.56,0.6666666666666666,0.4615384615384615,0.5588235294117647,0.6875,0.3947368421052631,0.6082474226804123,0.6875,0.4285714285714285,0.4117647058823529,0.0285714285714285,0.1,0.1666666666666666,,0.4666666666666667,1.0,0.7333333333333333,0.1818181818181818,0.7931034482758621,0.2,0.7727272727272727,0.1904761904761904,0.1111111111111111,0.375,,0.2222222222222222,,1.0,0.7,,0.8333333333333334,0.7272727272727273,0.0277777777777777,99.5,1.0,15.121,13.817171717171718,14.618,13.275757575757575,0.2117647058823529,0.5,0.6,0.5555555555555556,0.2705882352941176,0.6521739130434783,0.7142857142857143,0.5333333333333333,0.1058823529411764,0.4444444444444444,0.4444444444444444,0.0470588235294117,0.5,0.5,1.0,0.3647058823529411,0.3548387096774194,0.3666666666666666,0.9090909090909092,0.25,0.5,,0.25,0.4210526315789473,0.375,0.0526315789473684,0.2631578947368421,0.2,0.6235294117647059,0.3548387096774194,0.5349847058823529,0.48486,0.5232631578947369,0.1170212765957446,0.1551724137931034,0.0555555555555555,0.0932203389830508,0.1525423728813559,7.834,25.15714285714286,0.28,2025-11-07,22500034,DAL,,,1.0,1.0,,2.0,2.0,2.0,,0.5,0.0869565217391304,0.5,,,0.5,1.0,,,1.0,1.0,,2.0,1.0,,0.032258064516129,0.5,,,,,,,,,2025-26,2026,Regular Season,1610612763
48:00,98,100,18.0,49,13,198,11,14,3.0,4.0,4.0,4.0,6,27,1.0,6.0,4.0,9,1.0,2.0,13,35,1.0,,7.0,18,47,17,44,13,100,6.0,9.0,2.0,14,4.0,7.0,,9.0,4.0,12.0,26,10,51,,6.0,35,13,3,,13,17,30,13,4.0,7,6.0,77,8,6.0,25,16,1.0,42,14,56,,3,2,1.0,10,1.0,7,4.0,3.0,14,3.0,14,25,,2.0,17,,2.0,18,1.0,,7,1.0,1.0,5.0,3.0,2.0,6.0,5.0,86,12.0,18.0,1.0,1.0,0.7222222222222222,0.8666666666666667,1.0,0.3863636363636363,,0.3863636363636363,0.3829787234042553,0.6666666666666666,0.5714285714285714,0.478021978021978,0.5454545454545454,0.25,0.5050505050505051,0.5833333333333334,0.3157894736842105,0.4835164835164835,,0.0638297872340425,,,0.7142857142857143,0.5,0.8,0.2068965517241379,0.78125,0.2962962962962963,0.7884615384615384,0.25,,0.238095238095238,0.2,0.2727272727272727,0.4,0.8571428571428571,0.7272727272727273,1.0,0.8461538461538461,0.5,,99.0,0.8333333333333334,14.48061224489796,14.609000000000002,13.8234693877551,13.889,0.1538461538461538,0.7857142857142857,0.7857142857142857,0.6363636363636364,0.2967032967032967,0.2222222222222222,0.25,1.0,0.0659340659340659,0.1666666666666666,0.1666666666666666,0.0989010989010989,0.4444444444444444,0.4444444444444444,1.0,0.3846153846153846,0.3714285714285714,0.3714285714285714,1.0,0.3636363636363636,0.75,0.0909090909090909,0.0909090909090909,0.25,1.0,0.125,0.4375,,0.6373626373626373,0.3714285714285714,0.5366961538461539,0.49676875,0.5696375,0.0721649484536082,0.1320754716981132,,0.14,0.12,8.202127659574469,25.106818181818184,0.1836734693877551,2025-11-09,22500194,OKC,,,,,2.0,,2.0,3.0,2.0,,0.1111111111111111,,,,,,,,,1.0,,,,,,,1.0,1.0,1.0,,,,,,2025-26,2026,Regular Season,1610612763
48:00,109,110,20.0,33,8,219,18,27,1.0,3.0,1.0,3.0,9,14,2.0,5.0,6.0,14,1.0,3.0,8,24,,3.0,5.0,29,46,14,38,20,120,1.0,4.0,1.0,7,3.0,7.0,5.0,8.0,4.0,25.0,46,12,39,3.0,,24,8,2,,23,13,36,7,6.0,15,7.0,85,2,5.0,24,14,2.0,40,8,48,,7,4,3.0,12,7.0,8,10.0,4.0,22,4.0,9,20,2.0,,21,2.0,2.0,24,3.0,1.0,13,,,3.0,3.0,,3.0,3.0,113,25.0,20.0,2.0,,0.7931034482758621,0.7931034482758621,0.9285714285714286,0.3684210526315789,0.625,0.3684210526315789,0.6304347826086957,0.25,0.4285714285714285,0.5952380952380952,0.2,0.7,0.6329787234042553,0.5,0.7058823529411765,0.4523809523809524,,0.0434782608695652,,,0.5454545454545454,1.0,0.7777777777777778,0.2941176470588235,0.7058823529411765,0.0833333333333333,0.7307692307692307,0.1707317073170731,0.2222222222222222,0.4,0.3333333333333333,0.125,,0.9,0.6666666666666666,0.6,0.7272727272727273,0.6666666666666666,,109.5,1.0,11.56697247706422,14.72,11.442201834862386,14.255454545454546,0.3214285714285714,0.6666666666666666,0.6666666666666666,0.8333333333333334,0.1666666666666666,0.6428571428571429,0.6923076923076923,0.7777777777777778,0.0595238095238095,0.4,0.5,0.1666666666666666,0.4285714285714285,0.4285714285714285,1.0,0.2857142857142857,0.3333333333333333,0.3333333333333333,0.875,0.6,0.3333333333333333,0.2,,0.2,0.3333333333333333,0.2,0.3333333333333333,0.6,0.7738095238095238,0.3333333333333333,0.5769505952380952,0.564225,0.5509766666666667,0.1382978723404255,0.2321428571428571,,0.0583333333333333,0.2083333333333333,5.47608695652174,24.9,0.1834862385321101,2025-11-11,22500208,NYK,,2.0,,,5.0,1.0,,2.0,2.0,,0.0714285714285714,0.5,,,,,0.6666666666666666,,,,,1.0,1.0,0.2,,0.5,,,,,,,,,2025-26,2026,Regular Season,1610612763
48:00,95,96,19.0,28,16,191,9,14,2.0,4.0,2.0,3.0,11,29,2.0,9.0,1.0,5,2.0,1.0,9,39,6.0,2.0,10.0,22,52,10,44,21,95,4.0,11.0,8.0,12,3.0,7.0,3.0,11.0,6.0,21.0,30,14,30,,4.0,39,9,7,1.0,15,10,25,9,1.0,6,7.0,60,9,11.0,16,12,,28,21,49,6.0,8,5,3.0,4,,4,6.0,,10,1.0,7,18,,4.0,20,1.0,,26,4.0,,14,,1.0,3.0,,3.0,4.0,3.0,83,21.0,19.0,,1.0,0.6818181818181818,0.75,1.0,0.2272727272727272,0.2727272727272727,0.2272727272727272,0.4230769230769231,0.3636363636363636,0.4285714285714285,0.3854166666666667,0.2105263157894736,0.4166666666666667,0.4439252336448598,0.2857142857142857,0.5,0.4583333333333333,0.0227272727272727,0.1346153846153846,0.0714285714285714,,0.4,,0.631578947368421,0.3666666666666666,0.5333333333333333,0.28125,0.5714285714285714,0.3225806451612903,0.6,0.2777777777777778,0.4285714285714285,0.3214285714285714,,0.5,0.7272727272727273,0.5,0.56,0.4,0.109090909090909,95.5,0.75,14.350526315789471,15.798958333333331,13.212631578947368,14.798958333333331,0.1458333333333333,0.6428571428571429,0.6923076923076923,0.6666666666666666,0.3020833333333333,0.3793103448275862,0.4583333333333333,0.6363636363636364,0.09375,0.2222222222222222,0.25,0.0520833333333333,0.2,0.2,1.0,0.40625,0.2307692307692307,0.2368421052631578,1.0,0.2105263157894736,0.5,0.1052631578947368,0.3157894736842105,0.1666666666666666,0.6666666666666666,0.0555555555555555,0.5555555555555556,0.2,0.6041666666666666,0.2307692307692307,0.5029994736842105,0.4624178571428571,0.5205764705882353,0.1320754716981132,0.2258064516129032,,0.1263157894736842,0.2210526315789473,8.101923076923077,25.58604651162791,0.2,2025-11-12,22500216,BOS,,1.0,,,4.0,2.0,,5.0,1.0,,0.1724137931034483,1.0,,,,,1.0,1.0,,,0.5,1.0,1.0,0.1111111111111111,0.0256410256410256,0.3333333333333333,,1.0,,1.0,,,,,2025-26,2026,Regular Season,1610612763
48:00,105,106,63.0,47,12,211,15,30,3.0,7.0,7.0,18.0,4,15,3.0,9.0,2.0,8,,7.0,7,24,2.0,5.0,15.0,22,54,9,32,29,100,3.0,9.0,2.0,16,12.0,36.0,7.0,22.0,13.0,58.0,26,18,24,3.0,4.0,24,7,9,,13,8,21,6,2.0,11,1.0,50,6,8.0,20,11,5.0,36,14,50,1.0,9,5,4.0,7,2.0,5,8.0,2.0,15,5.0,11,25,,3.0,28,,2.0,40,4.0,,18,,4.0,4.0,3.0,1.0,5.0,3.0,84,58.0,63.0,4.0,4.0,0.5909090909090909,0.65,0.8888888888888888,0.28125,0.3181818181818182,0.28125,0.4074074074074074,0.3333333333333333,0.3333333333333333,0.4127906976744186,0.5454545454545454,0.3879310344827586,0.4807692307692308,0.5714285714285714,0.4328358208955223,0.3720930232558139,,0.1666666666666666,0.2666666666666666,,0.4666666666666667,1.0,0.6111111111111112,0.2580645161290322,0.7407407407407407,0.2727272727272727,0.6888888888888889,0.2641509433962264,0.4,0.2,,0.375,,0.3333333333333333,0.625,1.0,0.72,1.0,0.0227272727272727,105.5,0.6,14.645714285714286,12.662264150943397,14.143809523809525,12.214150943396229,0.3488372093023256,0.5,0.6818181818181818,0.7333333333333333,0.1744186046511628,0.2666666666666666,0.2857142857142857,0.25,0.1046511627906976,0.3333333333333333,0.3333333333333333,0.0930232558139534,0.25,0.25,1.0,0.2790697674418604,0.2916666666666667,0.2916666666666667,0.8571428571428571,0.6363636363636364,0.4285714285714285,,0.1818181818181818,0.3103448275862069,0.3888888888888889,0.1206896551724138,0.2586206896551724,0.3333333333333333,0.7209302325581395,0.2916666666666667,0.5649232558139534,0.605275,0.5558612068965517,0.18,0.2647058823529412,,0.16,0.58,6.37037037037037,25.76875,0.6,2025-11-15,22500228,CLE,,2.0,2.0,2.0,4.0,1.0,,3.0,1.0,1.0,0.0666666666666666,0.3333333333333333,,,1.0,1.0,0.2857142857142857,1.0,,,0.3333333333333333,,,,,,,1.0,,1.0,,,,,2025-26,2026,Regular Season,1610612763
48:00,97,97,25.0,15,17,194,9,21,4.0,10.0,1.0,5.0,17,37,4.0,7.0,1.0,10,1.0,1.0,11,29,9.0,4.0,8.0,30,65,12,39,5,101,4.0,14.0,10.0,22,3.0,12.0,4.0,9.0,5.0,23.0,40,20,30,6.0,6.0,29,11,3,,20,10,30,9,1.0,4,13.0,70,12,12.0,26,13,1.0,40,25,65,8.0,6,3,3.0,10,,6,4.0,4.0,14,5.0,8,15,1.0,2.0,16,,,9,,,2,,3.0,4.0,1.0,3.0,4.0,3.0,79,23.0,25.0,,2.0,0.6666666666666666,0.7407407407407407,0.8333333333333334,0.3076923076923077,0.4444444444444444,0.3076923076923077,0.4615384615384615,0.2857142857142857,0.25,0.4615384615384615,0.4166666666666667,0.4285714285714285,0.463302752293578,0.4230769230769231,0.4791666666666667,0.375,,0.0461538461538461,0.0952380952380952,,0.7142857142857143,1.0,0.7222222222222222,0.3529411764705882,1.0,0.4615384615384615,0.8863636363636364,0.4,0.4545454545454545,0.35,,0.4705882352941176,0.4444444444444444,1.0,0.6363636363636364,0.75,1.0,1.0,0.1403508771929824,97.0,0.75,15.610309278350517,14.08041237113402,14.538144329896909,13.802061855670102,0.2019230769230769,0.4285714285714285,0.4736842105263157,0.4444444444444444,0.3557692307692308,0.4594594594594595,0.4722222222222222,0.7647058823529411,0.0673076923076923,0.5714285714285714,0.5714285714285714,0.0961538461538461,0.1,0.1,1.0,0.2788461538461538,0.3793103448275862,0.3793103448275862,0.8181818181818182,0.4166666666666667,0.4,0.0416666666666666,0.375,0.238095238095238,0.2,0.0476190476190476,0.3809523809523809,0.5,0.5769230769230769,0.3793103448275862,0.5133129807692307,0.5525607142857143,0.4676833333333333,0.0188679245283018,0.0298507462686567,,0.2178217821782178,0.2277227722772277,6.7446153846153845,25.525641025641026,0.2577319587628865,2025-11-18,22500252,SAS,,,4.0,4.0,2.0,3.0,,,1.0,0.4,0.027027027027027,0.75,,,0.4444444444444444,0.75,,,,,0.25,1.0,,,,0.5,,,,,,,,,2025-26,2026,Regular Season,1610612763
48:00,100,98,31.0,18,17,198,15,17,3.0,4.0,4.0,4.0,16,22,2.0,6.0,7.0,13,2.0,,10,41,7.0,1.0,10.0,33,45,17,54,20,137,5.0,6.0,9.0,22,13.0,17.0,1.0,10.0,10.0,39.0,52,14,48,3.0,4.0,41,10,5,,26,16,42,9,7.0,12,12.0,100,11,7.0,20,17,2.0,39,18,57,,11,8,3.0,5,1.0,4,3.0,1.0,8,1.0,8,11,,,22,,1.0,26,3.0,1.0,12,,2.0,1.0,,1.0,3.0,2.0,115,39.0,31.0,,2.0,0.7878787878787878,0.8387096774193549,0.9411764705882352,0.3148148148148148,0.1,0.3148148148148148,0.7333333333333333,0.8333333333333334,0.7647058823529411,0.5909090909090909,0.6333333333333333,0.5370370370370371,0.6181818181818182,0.6470588235294118,0.5909090909090909,0.5454545454545454,,0.1111111111111111,0.1176470588235294,,0.625,1.0,0.8095238095238095,0.6363636363636364,0.9090909090909092,0.3055555555555556,0.8604651162790697,0.3829787234042553,0.5,0.8333333333333334,0.3333333333333333,0.3,0.3333333333333333,1.0,0.75,0.8333333333333334,0.9411764705882352,0.8,,99.0,0.6666666666666666,14.294,14.80204081632653,13.424,14.56734693877551,0.1717171717171717,0.8823529411764706,1.0,0.8,0.2222222222222222,0.7272727272727273,0.8421052631578947,0.75,0.0606060606060606,0.3333333333333333,0.3333333333333333,0.1313131313131313,0.5384615384615384,0.5384615384615384,1.0,0.4141414141414141,0.2439024390243902,0.2439024390243902,0.9,0.2666666666666666,0.75,0.1333333333333333,0.4666666666666667,0.1481481481481481,1.0,,0.3703703703703703,0.1,0.7171717171717171,0.2439024390243902,0.5571858585858586,0.5907199999999999,0.5228499999999999,0.1111111111111111,0.2222222222222222,,0.1605839416058394,0.2846715328467153,7.0,24.73888888888889,0.31,2025-11-20,22500265,SAC,1.0,,2.0,3.0,3.0,2.0,1.0,,2.0,0.3333333333333333,0.1363636363636363,1.0,0.5,1.0,0.2857142857142857,1.0,,1.0,,2.0,0.3333333333333333,,,,,,,2.0,,2.0,,,,,2025-26,2026,Regular Season,1610612763
48:00,91,93,29.0,6,23,184,15,32,5.0,7.0,4.0,11.0,12,27,2.0,2.0,3.0,11,3.0,4.0,5,20,1.0,3.0,7.0,29,61,8,31,20,102,9.0,15.0,4.0,29,6.0,19.0,3.0,11.0,8.0,29.0,36,22,24,,8.0,20,5,9,,18,8,26,5,3.0,8,9.0,60,12,12.0,21,19,1.0,41,25,66,1.0,5,3,2.0,4,2.0,3,9.0,1.0,13,4.0,8,18,,4.0,21,,1.0,24,2.0,,11,,2.0,5.0,5.0,,5.0,3.0,73,26.0,27.0,,,0.6206896551724138,0.72,1.0,0.2580645161290322,0.2727272727272727,0.2580645161290322,0.4754098360655737,0.6,0.3157894736842105,0.4456521739130434,0.5526315789473685,0.35,0.4951456310679611,0.6304347826086957,0.4142857142857143,0.3369565217391304,,0.1475409836065573,0.21875,,0.3076923076923077,1.0,0.6129032258064516,0.375,0.9130434782608696,0.5217391304347826,0.7407407407407407,0.4363636363636363,0.4117647058823529,0.3333333333333333,,0.6,0.375,0.4615384615384615,0.6923076923076923,0.8,0.9285714285714286,0.8888888888888888,0.0217391304347826,92.0,0.6,15.096703296703296,16.195698924731182,13.958241758241758,15.72258064516129,0.3478260869565217,0.46875,0.6,0.5333333333333333,0.2934782608695652,0.4444444444444444,0.48,0.75,0.0217391304347826,1.0,1.0,0.1195652173913043,0.2727272727272727,0.2727272727272727,1.0,0.217391304347826,0.25,0.25,1.0,0.3684210526315789,0.7142857142857143,0.1578947368421052,0.0526315789473684,0.3666666666666666,0.3636363636363636,0.1333333333333333,0.2333333333333333,0.4285714285714285,0.6847826086956522,0.25,0.5325032608695652,0.5272,0.5475516666666667,0.1089108910891089,0.1571428571428571,,0.284313725490196,0.284313725490196,5.591803278688525,24.806451612903224,0.3186813186813186,2025-11-22,22500273,DAL,1.0,,,1.0,8.0,1.0,2.0,1.0,2.0,0.25,0.074074074074074,0.5,0.3333333333333333,1.0,,,,,,1.0,0.2,1.0,,,,0.5,,,,,,,,,2025-26,2026,Regular Season,1610612763
48:00,96,97,19.0,4,12,193,13,19,3.0,5.0,4.0,5.0,11,17,3.0,10.0,5.0,13,1.0,2.0,11,35,4.0,1.0,7.0,27,46,16,48,13,115,4.0,6.0,5.0,13,7.0,13.0,2.0,9.0,2.0,22.0,36,18,45,3.0,6.0,35,11,2,1.0,18,15,33,10,5.0,11,5.0,81,7,6.0,15,15,1.0,31,14,45,2.0,6,3,3.0,5,3.0,3,6.0,2.0,11,,8,16,,2.0,15,,3.0,15,2.0,1.0,7,,1.0,4.0,3.0,1.0,4.0,2.0,102,22.0,19.0,,1.0,0.6666666666666666,0.75,0.9375,0.3333333333333333,0.2222222222222222,0.3333333333333333,0.5869565217391305,0.6666666666666666,0.5384615384615384,0.5425531914893617,0.5,0.4545454545454545,0.57,0.5416666666666666,0.4782608695652174,0.5106382978723404,0.0208333333333333,0.0434782608695652,0.0526315789473684,,0.4545454545454545,1.0,0.625,0.3157894736842105,0.7142857142857143,0.2258064516129032,0.6666666666666666,0.26,0.1666666666666666,0.6666666666666666,0.1428571428571428,0.217391304347826,0.25,0.6363636363636364,0.6363636363636364,0.5,0.75,0.6666666666666666,0.0425531914893617,96.49999999999994,0.5,14.460416666666667,15.379381443298987,13.85625,14.679381443298988,0.202127659574468,0.6842105263157895,0.7222222222222222,0.8461538461538461,0.1808510638297872,0.6470588235294118,0.6875,0.4545454545454545,0.1063829787234042,0.3,0.3,0.1382978723404255,0.3846153846153846,0.3846153846153846,1.0,0.3723404255319149,0.3142857142857143,0.3235294117647059,0.9090909090909092,0.4545454545454545,0.6,0.0909090909090909,0.3636363636363636,0.2272727272727272,0.8,0.0909090909090909,0.3181818181818182,0.1428571428571428,0.7127659574468085,0.3142857142857143,0.5365016129032258,0.5615071428571429,0.5343,0.0707070707070707,0.1372549019607843,,0.1130434782608695,0.1913043478260869,7.830434782608695,24.80638297872341,0.1979166666666666,2025-11-24,22500287,DEN,,1.0,1.0,1.0,2.0,2.0,2.0,1.0,1.0,0.2,0.0588235294117647,0.6666666666666666,,,0.25,1.0,0.5,1.0,,,0.3333333333333333,1.0,,,0.0285714285714285,1.0,,,,,,,,,2025-26,2026,Regular Season,1610612763
52:59,109,108,12.0,29,11,217,24,36,5.0,8.0,3.0,4.0,10,21,1.0,3.0,9.0,14,,,8,23,1.0,,2.0,35,60,17,37,12,133,5.0,10.0,1.0,10,3.0,5.0,,2.0,4.0,10.0,48,22,42,9.0,6.0,23,8,9,,24,14,38,5,9.0,18,6.0,90,5,7.0,20,18,1.0,39,12,51,2.0,9,3,6.0,10,1.0,6,6.0,4.0,16,3.0,7,18,,1.0,17,,1.0,14,,,5,,2.0,8.0,5.0,3.0,8.0,4.0,123,10.0,12.0,,2.0,0.6857142857142857,0.75,0.8235294117647058,0.4594594594594595,,0.4594594594594595,0.5833333333333334,0.5,0.6,0.6237113402061856,0.4545454545454545,0.4285714285714285,0.6394230769230769,0.4545454545454545,0.5,0.3814432989690721,,0.15,0.2222222222222222,,0.625,1.0,0.72,0.28,0.7692307692307693,0.2631578947368421,0.7450980392156863,0.2727272727272727,0.3333333333333333,0.2727272727272727,,0.2857142857142857,0.2,0.5384615384615384,0.8888888888888888,1.0,0.8,0.6666666666666666,0.0571428571428571,98.26415094339634,0.5,13.552293577981631,15.76666666666665,13.244036697247688,15.399074074074056,0.3711340206185567,0.6666666666666666,0.8571428571428571,0.75,0.2164948453608247,0.4761904761904761,0.5,0.6,0.0309278350515463,0.3333333333333333,0.3333333333333333,0.1443298969072164,0.6428571428571429,0.6428571428571429,1.0,0.2371134020618556,0.3478260869565217,0.3478260869565217,0.625,0.7272727272727273,0.625,,0.0909090909090909,0.5714285714285714,0.75,,0.2857142857142857,,0.7525773195876289,0.3478260869565217,0.5521613402061856,0.60021875,0.5953428571428571,0.0490196078431372,0.0769230769230769,,0.075187969924812,0.075187969924812,5.2683333333333335,24.732432432432432,0.110091743119266,2025-11-26,22500065,NOP,,,,,,,1.0,,1.0,,0.0476190476190476,,,,,,,1.0,,,0.4,,1.0,,,,1.0,,,,,,,,2025-26,2026,Regular Season,1610612763
48:00,97,98,11.0,35,14,195,7,18,2.0,7.0,,1.0,14,27,1.0,3.0,7.0,13,4.0,,10,28,2.0,,1.0,22,48,17,41,17,112,2.0,7.0,6.0,18,1.0,4.0,,1.0,10.0,12.0,18,26,45,6.0,4.0,28,10,5,,9,15,24,9,6.0,4,4.0,63,4,12.0,22,16,1.0,39,17,56,2.0,5,3,2.0,13,,8,2.0,5.0,15,3.0,10,19,,1.0,21,,3.0,22,,,6,,5.0,6.0,2.0,4.0,6.0,3.0,94,12.0,11.0,,5.0,0.4090909090909091,0.45,0.8823529411764706,0.4146341463414634,,0.4146341463414634,0.4583333333333333,0.2857142857142857,0.25,0.5337078651685393,0.5,0.2,0.56,0.5625,0.5454545454545454,0.4606741573033708,,0.1041666666666666,0.2222222222222222,,0.8666666666666667,1.0,0.64,0.4615384615384615,0.8461538461538461,0.1818181818181818,0.7450980392156863,0.3333333333333333,0.4545454545454545,0.4615384615384615,0.5,0.1875,0.1666666666666666,0.5,0.7692307692307693,0.5,0.8636363636363636,0.75,0.0465116279069767,97.5,0.5,14.456701030927835,15.07857142857143,14.029896907216491,14.320408163265308,0.2022471910112359,0.3888888888888889,0.5,0.5714285714285714,0.3033707865168539,0.5185185185185185,0.5384615384615384,0.2857142857142857,0.0337078651685393,0.3333333333333333,0.3333333333333333,0.146067415730337,0.5384615384615384,0.5384615384615384,0.8571428571428571,0.3146067415730337,0.3571428571428571,0.3571428571428571,0.9,0.5384615384615384,0.2857142857142857,0.3076923076923077,0.1538461538461538,0.2,,,0.2,,0.6629213483146067,0.3571428571428571,0.5176488636363636,0.5785166666666667,0.44189,0.0631578947368421,0.1111111111111111,,0.1607142857142857,0.1071428571428571,6.652083333333334,24.9275,0.1134020618556701,2025-11-28,22500079,LAC,2.0,,1.0,3.0,5.0,1.0,1.0,4.0,2.0,0.5,0.037037037037037,1.0,0.5,0.5,0.5,1.0,,,,,,1.0,,,,0.5,,,,,,,,,2025-26,2026,Regular Season,1610612763
48:00,101,101,21.0,16,16,202,13,16,3.0,4.0,4.0,5.0,22,41,1.0,5.0,1.0,4,,,8,20,3.0,1.0,1.0,36,62,9,24,16,115,8.0,12.0,3.0,22,7.0,12.0,1.0,1.0,7.0,24.0,40,32,24,3.0,8.0,20,8,7,,20,8,28,7,1.0,5,14.0,64,3,13.0,17,22,3.0,42,17,59,,4,4,,14,3.0,10,9.0,4.0,23,6.0,9,21,1.0,5.0,22,,2.0,22,1.0,1.0,3,2.0,5.0,6.0,2.0,4.0,7.0,3.0,93,22.0,20.0,2.0,4.0,0.5555555555555556,0.625,0.8888888888888888,0.375,1.0,0.375,0.5806451612903226,0.6666666666666666,0.5833333333333334,0.5755813953488372,0.7333333333333333,0.6538461538461539,0.6052631578947368,0.7333333333333333,0.6666666666666666,0.2790697674418604,,0.1129032258064516,0.125,,0.6086956521739131,1.0,0.6875,0.52,0.8947368421052632,0.2,0.7647058823529411,0.4,0.3333333333333333,0.4736842105263157,1.0,0.1666666666666666,0.3333333333333333,0.2857142857142857,0.7142857142857143,0.9090909090909092,0.8888888888888888,1.0,,100.99999999999994,0.4285714285714285,14.305940594059408,14.208910891089127,13.454455445544555,13.694059405940614,0.1860465116279069,0.8125,0.9285714285714286,0.3846153846153846,0.4767441860465116,0.5365853658536586,0.5945945945945946,0.6363636363636364,0.0581395348837209,0.2,0.25,0.0465116279069767,0.25,0.25,1.0,0.2325581395348837,0.4,0.4,0.875,0.2666666666666666,0.75,,0.2,0.3846153846153846,0.8,,0.0769230769230769,1.0,0.4651162790697674,0.4,0.492060465116279,0.5204884615384615,0.4922807692307692,0.0555555555555555,0.046875,0.0769230769230769,0.1913043478260869,0.208695652173913,7.233870967741935,26.620833333333334,0.2079207920792079,2025-11-30,22500307,SAC,,,2.0,2.0,,1.0,2.0,2.0,1.0,0.6666666666666666,0.0975609756097561,1.0,,,0.6666666666666666,1.0,,,,,,1.0,,0.2,,0.3333333333333333,,1.0,,1.0,,,,,2025-26,2026,Regular Season,1610612763
48:00,98,99,19.0,38,13,197,20,31,3.0,7.0,7.0,9.0,13,28,3.0,5.0,3.0,9,2.0,1.0,6,18,1.0,3.0,5.0,36,64,9,27,20,119,4.0,9.0,3.0,11,7.0,11.0,3.0,6.0,11.0,34.0,42,30,21,6.0,4.0,18,6,7,,21,7,28,4,3.0,12,8.0,63,5,9.0,15,21,5.0,41,15,56,,4,2,2.0,7,,6,8.0,1.0,15,2.0,14,28,2.0,,22,,,24,4.0,1.0,9,1.0,4.0,6.0,4.0,2.0,6.0,4.0,108,34.0,19.0,3.0,4.0,0.5833333333333334,0.6176470588235294,0.7777777777777778,0.3333333333333333,0.5,0.3333333333333333,0.5625,0.4444444444444444,0.6363636363636364,0.5439560439560439,0.3333333333333333,0.6764705882352942,0.59,0.4230769230769231,0.8095238095238095,0.2967032967032967,,0.109375,0.1612903225806451,,0.4666666666666667,1.0,0.7241379310344828,0.3333333333333333,0.7894736842105263,0.2941176470588235,0.75,0.3181818181818182,0.4545454545454545,0.2142857142857142,0.5,0.2727272727272727,0.3333333333333333,0.7692307692307693,0.7142857142857143,0.5,0.8,0.75,,98.5,0.6666666666666666,14.760204081632653,14.47979797979798,13.933673469387756,13.689898989898987,0.3406593406593406,0.6451612903225806,0.7692307692307693,0.6,0.3076923076923077,0.4642857142857143,0.4814814814814814,0.6153846153846154,0.0549450549450549,0.6,0.75,0.0989010989010989,0.3333333333333333,0.3333333333333333,1.0,0.1978021978021978,0.3333333333333333,0.3333333333333333,0.6666666666666666,0.5833333333333334,0.4285714285714285,0.1666666666666666,0.0833333333333333,0.5294117647058824,0.7777777777777778,0.0588235294117647,0.2941176470588235,0.6,0.6373626373626373,0.3333333333333333,0.5449894444444444,0.5741722222222223,0.575009375,0.1041666666666666,0.1304347826086956,0.037037037037037,0.0924369747899159,0.2857142857142857,5.96875,24.876923076923077,0.1938775510204081,2025-12-02,22500322,SAS,,,,,3.0,1.0,2.0,2.0,3.0,,0.0357142857142857,0.3333333333333333,,,,,,1.0,1.0,,,1.0,1.0,0.2,,0.3333333333333333,,,,,,,,,2025-26,2026,Regular Season,1610612763
48:00,97,98,15.0,8,5,195,11,14,,,2.0,3.0,18,32,3.0,4.0,2.0,3,,,8,25,3.0,,4.0,32,50,10,28,13,107,,,3.0,3,4.0,6.0,,4.0,7.0,15.0,38,26,27,3.0,,25,8,1,1.0,19,9,28,7,2.0,9,8.0,65,4,1.0,24,14,1.0,39,5,44,,9,5,4.0,11,,8,5.0,3.0,16,3.0,8,18,,3.0,18,,4.0,18,2.0,,10,,,3.0,,3.0,4.0,4.0,104,15.0,15.0,1.0,,0.59375,0.59375,0.9,0.3571428571428571,,0.3571428571428571,0.64,,0.6666666666666666,0.6025641025641025,0.5,0.4,0.622093023255814,0.5,0.5357142857142857,0.358974358974359,0.0357142857142857,0.02,0.0714285714285714,0.3333333333333333,0.6875,0.5,0.9333333333333332,0.0588235294117647,0.8,0.2222222222222222,0.8444444444444444,0.1428571428571428,,,1.0,0.2352941176470588,,,1.0,0.5,0.7894736842105263,0.8181818181818182,,97.5,1.0,13.586597938144331,15.939795918367349,13.27319587628866,15.618367346938774,0.1794871794871795,0.7857142857142857,0.8461538461538461,0.8181818181818182,0.4102564102564102,0.5625,0.5625,0.4444444444444444,0.0512820512820512,0.75,0.75,0.0384615384615384,0.6666666666666666,1.0,1.0,0.3205128205128205,0.32,0.32,0.875,,,,1.0,0.3,0.6666666666666666,,0.4,,0.5384615384615384,0.32,0.5063820512820513,0.5277,0.50683,0.1162790697674418,0.1724137931034483,,0.02803738317757,0.1401869158878504,6.846,25.539285714285715,0.1546391752577319,2025-12-05,22500347,LAC,,,1.0,1.0,,2.0,2.0,1.0,,0.3333333333333333,,0.6666666666666666,,,0.3333333333333333,,,1.0,,,,,,,,,,1.0,1.0,,,,,,2025-26,2026,Regular Season,1610612763
48:00,104,104,43.0,35,17,208,15,22,5.0,7.0,6.0,8.0,13,26,2.0,6.0,4.0,7,,4.0,6,28,4.0,3.0,12.0,30,54,10,35,29,119,6.0,12.0,4.0,19,9.0,19.0,5.0,16.0,14.0,47.0,38,22,27,3.0,8.0,28,6,5,,19,9,28,5,4.0,9,9.0,65,10,10.0,19,19,,38,22,60,1.0,18,7,11.0,8,4.0,6,15.0,2.0,23,11.0,9,25,,6.0,27,,2.0,39,2.0,3.0,9,3.0,6.0,4.0,2.0,2.0,4.0,3.0,100,47.0,43.0,1.0,6.0,0.6333333333333333,0.7307692307692307,0.9,0.2857142857142857,0.3125,0.2857142857142857,0.5555555555555556,0.5,0.4736842105263157,0.5056179775280899,0.46875,0.4714285714285714,0.5523809523809524,0.5,0.5227272727272727,0.3932584269662921,,0.0925925925925925,0.0909090909090909,,0.3478260869565217,,0.8636363636363636,0.4347826086956521,0.6785714285714286,0.4,0.76,0.4166666666666667,0.4285714285714285,0.5,0.25,0.4545454545454545,,0.5,0.9375,1.0,0.68,0.6666666666666666,0.0227272727272727,104.0,0.75,14.271153846153847,13.421153846153846,13.520192307692309,12.772115384615384,0.247191011235955,0.6818181818181818,0.75,0.6,0.2921348314606741,0.5,0.5652173913043478,0.6923076923076923,0.0674157303370786,0.3333333333333333,0.3333333333333333,0.0786516853932584,0.5714285714285714,0.5714285714285714,1.0,0.3146067415730337,0.2142857142857142,0.2142857142857142,0.8333333333333334,0.4375,0.7142857142857143,,0.25,0.2285714285714285,0.75,0.1142857142857142,0.3428571428571428,0.25,0.6404494382022472,0.2142857142857142,0.550038202247191,0.492145,0.5494328571428571,0.1122448979591836,0.1475409836065573,0.054054054054054,0.1596638655462184,0.3949579831932773,6.927777777777778,24.857142857142858,0.4134615384615384,2025-12-07,22500360,POR,,2.0,1.0,1.0,4.0,1.0,3.0,4.0,2.0,0.25,0.1153846153846153,0.5,,,0.25,1.0,0.5,1.0,,,,2.0,,,,0.3333333333333333,,,,,,,,,2025-26,2026,Regular Season,1610612763
48:00,106,107,12.0,32,11,213,13,27,1.0,2.0,,3.0,10,25,4.0,6.0,5.0,10,1.0,1.0,14,32,1.0,1.0,4.0,27,58,19,42,15,126,2.0,5.0,2.0,14,1.0,6.0,2.0,5.0,3.0,11.0,32,22,48,9.0,4.0,32,14,4,,16,16,32,11,5.0,7,5.0,80,4,7.0,23,15,3.0,41,12,53,1.0,4,3,1.0,6,1.0,4,4.0,2.0,10,1.0,11,21,,,23,2.0,4.0,21,3.0,,9,2.0,,4.0,3.0,1.0,5.0,3.0,112,11.0,12.0,1.0,,0.5925925925925926,0.64,0.8421052631578947,0.4523809523809524,0.4,0.4523809523809524,0.4655172413793103,0.4,0.1666666666666666,0.555,0.7142857142857143,0.3636363636363636,0.5833333333333334,0.875,0.4230769230769231,0.42,,0.0689655172413793,0.1111111111111111,,0.6,0.75,0.5769230769230769,0.2258064516129032,0.7666666666666667,0.1818181818181818,0.6785714285714286,0.2075471698113207,0.3571428571428571,0.1333333333333333,,0.1176470588235294,0.4,0.7272727272727273,0.4,0.6,0.7692307692307693,0.75,0.0204081632653061,106.5,0.6,11.809433962264151,15.216822429906545,11.328301886792453,14.51588785046729,0.27,0.4814814814814814,0.5416666666666666,0.5384615384615384,0.25,0.4,0.4166666666666667,0.5,0.06,0.6666666666666666,0.6666666666666666,0.1,0.5,0.5,1.0,0.32,0.4375,0.4375,0.7857142857142857,0.2857142857142857,0.5,0.1428571428571428,0.1428571428571428,0.2727272727272727,,0.0909090909090909,0.3636363636363636,0.25,0.69,0.4375,0.5293767676767677,0.48463,0.491005,0.1018518518518518,0.140625,0.0454545454545454,0.1111111111111111,0.0873015873015873,6.256896551724138,25.058536585365857,0.1132075471698113,2025-12-12,22501213,UTA,1.0,1.0,1.0,2.0,4.0,4.0,3.0,2.0,1.0,1.0,0.04,1.0,1.0,1.0,1.0,,1.0,1.0,,,,1.0,1.0,,,0.3333333333333333,,1.0,,1.0,,,,,2025-26,2026,Regular Season,1610612763
48:00,90,92,16.0,22,12,182,12,15,2.0,3.0,3.0,3.0,15,26,2.0,6.0,1.0,5,,,15,35,2.0,3.0,8.0,29,47,16,40,15,121,5.0,9.0,2.0,14,7.0,8.0,3.0,8.0,2.0,25.0,38,20,42,6.0,4.0,35,15,2,,19,14,33,13,1.0,9,8.0,80,11,4.0,15,9,2.0,26,15,41,2.0,10,7,3.0,4,2.0,1,7.0,3.0,11,2.0,10,21,1.0,,15,1.0,2.0,17,1.0,1.0,7,,1.0,7.0,1.0,6.0,7.0,3.0,107,25.0,16.0,2.0,1.0,0.6551724137931034,0.7037037037037037,0.875,0.4,0.375,0.4,0.6170212765957447,0.5555555555555556,0.875,0.6091954022988506,0.4545454545454545,0.71875,0.6382978723404256,0.5384615384615384,0.7352941176470589,0.4597701149425287,,0.0425531914893617,0.0666666666666666,,0.3636363636363636,1.0,0.4736842105263157,0.2222222222222222,0.6521739130434783,0.4583333333333333,0.5714285714285714,0.3571428571428571,,0.3636363636363636,,0.4,0.75,0.5,0.3333333333333333,1.0,0.5625,0.8571428571428571,0.05,91.0,0.4285714285714285,15.367777777777777,16.270652173913046,14.4,15.280434782608696,0.1724137931034483,0.8,0.8571428571428571,0.75,0.2988505747126437,0.5769230769230769,0.6,0.5333333333333333,0.0689655172413793,0.3333333333333333,0.3333333333333333,0.057471264367816,0.2,0.2,1.0,0.4022988505747126,0.4285714285714285,0.4285714285714285,0.8666666666666667,0.2727272727272727,0.6666666666666666,,0.1818181818181818,0.1875,1.0,,0.5,0.375,0.632183908045977,0.4285714285714285,0.5146116279069767,0.5136857142857143,0.4917666666666667,0.075268817204301,0.1320754716981132,,0.1157024793388429,0.2066115702479339,7.24468085106383,26.441025641025643,0.1777777777777777,2025-12-15,22501226,LAC,,,,,4.0,2.0,,3.0,1.0,,0.0384615384615384,1.0,,,,,,1.0,,,0.5,,1.0,,,,,,,,1.0,,,,2025-26,2026,Regular Season,1610612763
48:00,107,106,37.0,23,15,213,16,27,3.0,6.0,5.0,6.0,12,29,3.0,6.0,4.0,10,,6.0,7,24,6.0,2.0,4.0,31,62,11,34,21,116,4.0,12.0,6.0,14,9.0,13.0,4.0,10.0,10.0,40.0,26,36,30,3.0,6.0,24,7,8,,13,10,23,6,4.0,6,5.0,56,10,9.0,22,17,2.0,41,20,61,,10,7,3.0,11,1.0,5,7.0,6.0,18,8.0,9,24,,2.0,25,1.0,2.0,25,3.0,,9,,5.0,4.0,1.0,3.0,4.0,4.0,102,35.0,34.0,5.0,2.0,0.4193548387096774,0.4642857142857143,0.9090909090909092,0.3235294117647059,0.4,0.3235294117647059,0.5,0.3333333333333333,0.6923076923076923,0.4947916666666667,0.3888888888888889,0.6521739130434783,0.5420560747663551,0.3888888888888889,0.7142857142857143,0.3541666666666667,,0.1290322580645161,0.1851851851851851,,0.6111111111111112,0.5,0.6071428571428571,0.2903225806451613,0.6875,0.4347826086956521,0.65,0.3518518518518518,0.3636363636363636,0.2352941176470588,0.3333333333333333,0.4117647058823529,0.5,0.5,0.7692307692307693,0.3333333333333333,0.5454545454545454,1.0,,106.5,1.0,13.4392523364486,13.60377358490566,12.54018691588785,12.60377358490566,0.28125,0.5925925925925926,0.7272727272727273,0.375,0.3020833333333333,0.4137931034482758,0.4615384615384615,0.4166666666666667,0.0625,0.5,0.5,0.1041666666666666,0.4,0.4,1.0,0.25,0.2916666666666667,0.2916666666666667,0.8571428571428571,0.3333333333333333,0.5,,0.3333333333333333,0.2608695652173913,0.8333333333333334,0.2608695652173913,0.1739130434782608,0.5,0.6354166666666666,0.2916666666666667,0.5355119791666666,0.4945909090909091,0.5187065217391303,0.088235294117647,0.1323529411764706,,0.1206896551724138,0.3448275862068966,6.590322580645162,24.36764705882353,0.3457943925233644,2025-12-17,22500368,MIN,,2.0,2.0,2.0,,2.0,1.0,5.0,3.0,0.3333333333333333,0.1034482758620689,0.6666666666666666,,,0.3333333333333333,0.5,0.3333333333333333,3.0,,,,1.0,1.0,,,0.5,,,,,,,,,2025-26,2026,Regular Season,1610612763
48:00,101,103,9.0,22,18,204,15,26,6.0,10.0,1.0,3.0,10,22,4.0,8.0,3.0,9,1.0,3.0,13,35,2.0,,3.0,29,56,16,44,16,122,10.0,15.0,3.0,26,2.0,4.0,,6.0,1.0,5.0,34,24,42,6.0,12.0,35,13,3,,17,14,31,11,3.0,8,5.0,76,11,11.0,17,12,2.0,31,22,53,2.0,7,5,2.0,5,3.0,2,9.0,3.0,14,3.0,10,19,2.0,1.0,19,,2.0,22,5.0,,13,,,3.0,3.0,,3.0,1.0,96,5.0,9.0,2.0,,0.5862068965517241,0.7391304347826086,0.875,0.3636363636363636,,0.3636363636363636,0.5178571428571429,0.6666666666666666,0.5,0.53,0.6388888888888888,0.2,0.5648148148148148,0.65,0.2272727272727272,0.44,,0.0535714285714285,0.1153846153846153,,0.3571428571428571,1.0,0.5,0.4074074074074074,0.6296296296296297,0.3928571428571428,0.5686274509803921,0.4,0.4545454545454545,0.4166666666666667,0.25,0.2727272727272727,0.8333333333333334,0.1111111111111111,0.75,0.6666666666666666,0.6666666666666666,0.3333333333333333,0.0384615384615384,102.0,0.3333333333333333,14.41188118811881,13.829126213592234,13.76039603960396,13.17864077669903,0.26,0.5769230769230769,0.6521739130434783,0.5333333333333333,0.22,0.4545454545454545,0.4545454545454545,0.5,0.08,0.5,0.5,0.09,0.3333333333333333,0.3333333333333333,1.0,0.35,0.3714285714285714,0.3714285714285714,0.8461538461538461,0.5555555555555556,0.6,0.0555555555555555,0.1111111111111111,0.3,0.3333333333333333,0.3,0.3,,0.7,0.3714285714285714,0.548716,0.5432772727272727,0.54694,0.1203703703703703,0.203125,,0.2131147540983606,0.040983606557377,6.471428571428571,24.95681818181818,0.0891089108910891,2025-12-20,22500391,WAS,1.0,,,1.0,3.0,4.0,1.0,1.0,,0.3333333333333333,,1.0,1.0,1.0,,,,2.0,,1.0,0.1666666666666666,,,,,,,,,,,,,,2025-26,2026,Regular Season,1610612763
48:00,104,105,44.0,9,13,209,9,17,4.0,5.0,5.0,7.0,5,17,2.0,8.0,9.0,19,,12.0,9,23,1.0,4.0,9.0,16,42,18,42,17,103,4.0,8.0,1.0,13,9.0,20.0,9.0,21.0,5.0,50.0,18,14,51,3.0,6.0,23,9,4,,9,17,26,8,9.0,5,3.0,69,7,5.0,19,18,1.0,38,13,51,1.0,8,3,5.0,14,5.0,12,9.0,2.0,23,8.0,5,14,1.0,,18,,,23,,,8,2.0,1.0,5.0,4.0,1.0,5.0,3.0,90,50.0,44.0,2.0,,0.5625,0.6923076923076923,0.9444444444444444,0.4285714285714285,0.4285714285714285,0.4285714285714285,0.3809523809523809,0.5,0.45,0.5119047619047619,0.6111111111111112,0.5487804878048781,0.5421052631578948,0.65,0.5813953488372093,0.5,,0.0952380952380952,0.1764705882352941,,0.6086956521739131,1.0,0.75,0.2,0.8260869565217391,0.2916666666666667,0.7872340425531915,0.2448979591836734,0.25,0.1818181818181818,0.1666666666666666,0.3571428571428571,0.2,0.625,0.7692307692307693,1.0,0.8421052631578947,0.75,0.0222222222222222,104.5,0.6,14.6625,12.905714285714286,14.046153846153848,12.692380952380953,0.2023809523809523,0.5294117647058824,0.6428571428571429,0.5555555555555556,0.2023809523809523,0.2941176470588235,0.3125,0.6,0.0952380952380952,0.25,0.25,0.2261904761904762,0.4736842105263157,0.4736842105263157,1.0,0.2738095238095238,0.391304347826087,0.391304347826087,0.8888888888888888,0.5555555555555556,0.8,,0.1111111111111111,0.1707317073170731,0.7142857142857143,0.2926829268292683,0.2195121951219512,0.4444444444444444,0.7023809523809523,0.391304347826087,0.5330819277108434,0.4556333333333333,0.530305,0.1063829787234042,0.16,0.0454545454545454,0.1262135922330097,0.4854368932038835,7.464285714285714,24.729268292682928,0.4230769230769231,2025-12-22,22500406,OKC,,5.0,1.0,1.0,2.0,1.0,3.0,1.0,3.0,1.0,0.0588235294117647,0.5,,,1.0,1.0,0.4166666666666667,1.0,,,0.25,1.0,,,,0.3333333333333333,,,,,,,,,2025-26,2026,Regular Season,1610612763
48:00,105,105,34.0,31,10,210,14,14,3.0,3.0,3.0,3.0,13,24,3.0,5.0,5.0,9,3.0,4.0,14,36,1.0,2.0,12.0,30,43,19,45,20,137,3.0,3.0,4.0,15,6.0,11.0,4.0,16.0,6.0,30.0,46,14,54,3.0,4.0,36,14,2,,23,18,41,13,5.0,9,12.0,100,4,6.0,22,13,1.0,36,11,47,,10,5,5.0,9,,5,6.0,4.0,15,5.0,17,23,,1.0,21,,,29,2.0,,11,1.0,3.0,8.0,2.0,6.0,8.0,5.0,122,29.0,33.0,2.0,2.0,0.7666666666666667,0.8214285714285714,0.9473684210526316,0.4222222222222222,0.25,0.4222222222222222,0.6976744186046512,1.0,0.5454545454545454,0.6647727272727273,0.8571428571428571,0.4444444444444444,0.6782178217821783,0.75,0.46875,0.5113636363636364,,0.0465116279069767,,,0.6,1.0,0.6190476190476191,0.4615384615384615,0.7333333333333333,0.1538461538461538,0.6862745098039216,0.2564102564102564,,0.4545454545454545,0.5,0.1818181818181818,,0.75,0.5384615384615384,0.75,0.7391304347826086,0.7142857142857143,,104.99999999999994,0.625,13.28952380952381,14.139047619047638,12.88857142857143,13.670476190476208,0.1590909090909091,1.0,1.0,0.6428571428571429,0.2727272727272727,0.5416666666666666,0.5909090909090909,0.9230769230769232,0.0568181818181818,0.6,0.6,0.1022727272727272,0.5555555555555556,0.5555555555555556,1.0,0.4090909090909091,0.3888888888888889,0.3888888888888889,0.9285714285714286,0.4285714285714285,1.0,0.4285714285714285,0.1428571428571428,0.1111111111111111,1.0,0.1481481481481481,0.4444444444444444,0.1666666666666666,0.6704545454545454,0.3888888888888889,0.5238275862068965,0.5692625,0.5173692307692307,0.1134020618556701,0.2115384615384615,,0.1094890510948905,0.218978102189781,6.881395348837208,25.822222222222223,0.3238095238095238,2025-12-23,22500419,UTA,1.0,2.0,1.0,2.0,3.0,2.0,,3.0,,0.5,0.0833333333333333,0.6666666666666666,0.3333333333333333,1.0,1.0,1.0,0.5,1.0,,1.0,0.3333333333333333,1.0,1.0,,,0.3333333333333333,1.0,,,,,,,,2025-26,2026,Regular Season,1610612763
48:00,99,100,33.0,33,10,199,13,18,2.0,2.0,2.0,3.0,16,31,1.0,2.0,5.0,7,1.0,1.0,8,28,2.0,3.0,10.0,30,51,13,35,26,125,3.0,6.0,3.0,18,6.0,14.0,4.0,11.0,17.0,41.0,36,24,30,9.0,2.0,28,8,2,,18,10,28,5,5.0,9,8.0,66,6,5.0,16,15,4.0,35,12,47,,12,6,6.0,11,,5,3.0,6.0,14,3.0,11,19,,,25,,1.0,32,4.0,1.0,9,3.0,5.0,9.0,5.0,4.0,9.0,5.0,107,41.0,33.0,2.0,4.0,0.6,0.6206896551724138,0.7692307692307693,0.3714285714285714,0.3636363636363636,0.3714285714285714,0.5882352941176471,0.5,0.4285714285714285,0.5755813953488372,0.6666666666666666,0.48,0.6326530612244898,0.75,0.6212121212121212,0.4069767441860465,,0.0392156862745098,0.1111111111111111,,0.7857142857142857,0.8,0.6521739130434783,0.238095238095238,0.64,0.2857142857142857,0.6458333333333334,0.2619047619047619,0.2,0.2666666666666666,,0.2631578947368421,0.5,0.5555555555555556,0.6666666666666666,1.0,0.6111111111111112,0.7142857142857143,,99.5,0.5555555555555556,14.257575757575758,14.685,13.43939393939394,13.924,0.2093023255813953,0.7222222222222222,0.8125,0.6923076923076923,0.3604651162790697,0.5161290322580645,0.5161290322580645,0.5,0.0232558139534883,0.5,0.5,0.0813953488372093,0.7142857142857143,0.7142857142857143,1.0,0.3255813953488372,0.2857142857142857,0.2857142857142857,0.625,0.2222222222222222,1.0,0.1111111111111111,0.2222222222222222,0.12,0.6666666666666666,0.04,0.4,0.3,0.6162790697674418,0.2857142857142857,0.5539970588235295,0.50047,0.509262,0.1290322580645161,0.1607142857142857,0.081081081081081,0.144,0.328,6.549019607843137,25.141176470588235,0.3333333333333333,2025-12-26,22500428,MIL,1.0,1.0,1.0,2.0,6.0,1.0,,,1.0,0.6666666666666666,,1.0,1.0,1.0,0.5,,1.0,1.0,1.0,,0.5,1.0,1.0,,,0.3333333333333333,,,,,,,,,2025-26,2026,Regular Season,1610612763
48:00,108,108,26.0,20,14,216,18,31,2.0,8.0,4.0,6.0,13,32,3.0,8.0,5.0,8,,3.0,4,24,2.0,2.0,9.0,34,71,9,32,17,112,4.0,13.0,2.0,12,7.0,15.0,4.0,12.0,5.0,31.0,36,32,27,,2.0,24,4,12,,18,9,27,4,5.0,12,5.0,63,3,15.0,18,19,,37,18,55,1.0,14,7,7.0,9,5.0,6,7.0,3.0,16,3.0,11,17,,,21,,3.0,21,3.0,,10,1.0,1.0,8.0,1.0,7.0,8.0,4.0,100,31.0,26.0,1.0,1.0,0.5294117647058824,0.5454545454545454,1.0,0.28125,0.3333333333333333,0.28125,0.4788732394366197,0.3076923076923077,0.4666666666666667,0.4611650485436893,0.2666666666666666,0.4814814814814814,0.5045045045045045,0.3529411764705882,0.5344827586206896,0.3106796116504854,,0.1690140845070422,0.1935483870967742,,0.5625,,0.59375,0.4166666666666667,0.72,0.1428571428571428,0.6491228070175439,0.3157894736842105,0.5384615384615384,0.3333333333333333,0.4,0.1111111111111111,0.3333333333333333,0.4285714285714285,0.5789473684210527,0.8333333333333334,0.6842105263157895,0.8333333333333334,0.0222222222222222,108.0,0.5,12.850925925925926,13.81574074074074,12.19351851851852,12.948148148148148,0.3009708737864077,0.5806451612903226,0.72,0.6666666666666666,0.3106796116504854,0.40625,0.5,0.3846153846153846,0.0776699029126213,0.375,0.375,0.0776699029126213,0.625,0.625,1.0,0.233009708737864,0.1666666666666666,0.1666666666666666,1.0,0.5333333333333333,0.25,,0.1333333333333333,0.2222222222222222,0.6666666666666666,0.1111111111111111,0.3333333333333333,0.2222222222222222,0.6116504854368932,0.1666666666666666,0.5195514563106797,0.5509928571428572,0.4841814814814815,0.1,0.1282051282051282,0.03125,0.1071428571428571,0.2767857142857143,6.394366197183099,25.446875,0.2407407407407407,2025-12-28,22500443,WAS,,2.0,,,4.0,1.0,1.0,1.0,2.0,,0.1875,0.3333333333333333,,,,,0.6666666666666666,,1.0,1.0,0.5,,,,,,1.0,,,,,,,,2025-26,2026,Regular Season,1610612763
53:00,111,112,18.0,18,11,223,27,37,4.0,5.0,4.0,6.0,10,20,3.0,6.0,5.0,10,1.0,,6,20,3.0,,7.0,40,63,11,30,23,136,6.0,7.0,4.0,18,6.0,9.0,,7.0,8.0,20.0,34,46,33,,10.0,20,6,5,,17,11,28,6,5.0,11,5.0,67,6,6.0,22,19,2.0,43,12,55,3.0,2,1,1.0,14,3.0,11,6.0,3.0,20,3.0,11,18,,1.0,23,1.0,3.0,26,4.0,,13,,2.0,10.0,9.0,1.0,10.0,3.0,118,20.0,18.0,3.0,2.0,0.425,0.4857142857142857,1.0,0.3666666666666666,,0.3666666666666666,0.6349206349206349,0.8571428571428571,0.6666666666666666,0.6075268817204301,0.8181818181818182,0.375,0.6538461538461539,0.8181818181818182,0.5,0.3225806451612903,,0.0793650793650793,0.1351351351351351,,0.7,0.6666666666666666,0.59375,0.2727272727272727,0.8148148148148148,0.375,0.6949152542372882,0.3157894736842105,0.5555555555555556,,0.3333333333333333,0.2727272727272727,0.6,0.4375,0.5555555555555556,1.0,0.9,0.5714285714285714,0.088235294117647,100.98113207547168,0.3,12.706306306306308,15.8,12.250450450450453,14.951785714285714,0.3978494623655914,0.7297297297297297,0.84375,0.4074074074074074,0.2150537634408602,0.5,0.5,0.5,0.064516129032258,0.5,0.5,0.1075268817204301,0.5,0.5,1.0,0.2150537634408602,0.3,0.3,1.0,0.4545454545454545,0.8,0.0909090909090909,0.2727272727272727,0.375,0.6666666666666666,,0.4375,,0.7204301075268817,0.3,0.5529641304347827,0.4955199999999999,0.5190833333333333,0.1274509803921568,0.1805555555555555,,0.1323529411764706,0.1470588235294117,5.826984126984128,24.82068965517241,0.1621621621621621,2025-12-30,22500458,PHI,1.0,,1.0,2.0,,1.0,1.0,3.0,,0.5,,0.3333333333333333,1.0,1.0,0.3333333333333333,1.0,,1.0,,,,,,,,,1.0,,,,,,,,2025-26,2026,Regular Season,1610612763
48:00,105,105,23.0,34,14,210,15,19,2.0,3.0,2.0,2.0,15,31,2.0,4.0,4.0,13,1.0,4.0,10,30,3.0,4.0,9.0,32,54,14,43,15,121,2.0,7.0,4.0,10,8.0,13.0,4.0,13.0,6.0,34.0,38,26,39,3.0,,30,10,4,,19,13,32,9,4.0,10,8.0,77,9,6.0,14,10,2.0,26,15,41,1.0,10,8,2.0,9,2.0,5,6.0,4.0,15,,13,20,,1.0,21,1.0,3.0,23,5.0,,12,1.0,1.0,1.0,,1.0,2.0,,111,34.0,23.0,2.0,1.0,0.59375,0.59375,0.9285714285714286,0.3255813953488372,0.3076923076923077,0.3255813953488372,0.5925925925925926,0.2857142857142857,0.6153846153846154,0.5463917525773195,0.3181818181818182,0.5384615384615384,0.5761904761904761,0.3846153846153846,0.5862068965517241,0.4432989690721649,,0.074074074074074,,,0.6,1.0,0.9090909090909092,0.2727272727272727,0.6666666666666666,0.3103448275862069,0.75,0.2941176470588235,,0.3125,0.5,0.25,0.4444444444444444,1.0,0.9,,0.6875,0.6,0.0212765957446808,105.0,,12.87238095238095,14.556190476190476,12.25047619047619,14.200952380952382,0.1958762886597938,0.7894736842105263,0.7894736842105263,0.6666666666666666,0.3195876288659793,0.4838709677419355,0.5555555555555556,0.5333333333333333,0.0412371134020618,0.5,0.5,0.134020618556701,0.3076923076923077,0.3076923076923077,1.0,0.3092783505154639,0.3333333333333333,0.3333333333333333,0.9,0.2727272727272727,0.6666666666666666,0.0909090909090909,0.2727272727272727,0.0769230769230769,1.0,0.1538461538461538,0.3461538461538461,0.4444444444444444,0.6391752577319587,0.3333333333333333,0.5324166666666666,0.5157666666666666,0.504222,0.125,0.1967213114754098,0.0232558139534883,0.0826446280991735,0.2809917355371901,6.109259259259259,25.42142857142857,0.219047619047619,2026-01-02,22500485,LAL,,,1.0,1.0,3.0,1.0,1.0,1.0,1.0,0.25,0.1290322580645161,0.5,,,0.3333333333333333,1.0,,1.0,1.0,1.0,0.5,,,,,,1.0,1.0,,1.0,1.0,,,,2025-26,2026,Regular Season,1610612763
48:00,98,98,29.0,45,15,196,20,31,5.0,8.0,5.0,8.0,10,24,2.0,4.0,3.0,13,2.0,3.0,7,28,3.0,3.0,9.0,32,59,10,41,20,114,6.0,10.0,5.0,18,7.0,15.0,4.0,12.0,6.0,32.0,40,24,27,3.0,8.0,28,7,6,,20,9,29,6,3.0,12,6.0,67,11,9.0,20,8,4.0,32,20,52,5.0,6,5,1.0,4,,3,5.0,1.0,9,1.0,14,31,,2.0,18,1.0,1.0,22,4.0,1.0,9,1.0,2.0,1.0,1.0,,1.0,,96,32.0,29.0,6.0,2.0,0.625,0.7142857142857143,0.9,0.2439024390243902,0.3333333333333333,0.2439024390243902,0.5423728813559322,0.6,0.4666666666666667,0.47,0.4,0.4814814814814814,0.5231481481481481,0.5,0.5333333333333333,0.41,,0.1016949152542373,0.1290322580645161,,0.4444444444444444,1.0,0.6666666666666666,0.3333333333333333,0.6666666666666666,0.3666666666666666,0.6666666666666666,0.3508771929824561,0.4545454545454545,0.2857142857142857,,0.35,0.4,0.6666666666666666,0.6666666666666666,0.6666666666666666,0.6521739130434783,0.7142857142857143,0.0980392156862745,98.0,,14.387755102040815,15.0,13.76938775510204,14.487755102040817,0.31,0.6451612903225806,0.7407407407407407,0.6,0.24,0.4166666666666667,0.4545454545454545,0.6,0.04,0.5,0.5,0.13,0.2307692307692307,0.2307692307692307,1.0,0.28,0.25,0.25,0.8571428571428571,0.5333333333333333,0.625,0.1333333333333333,0.2,0.2962962962962963,0.625,0.1111111111111111,0.3333333333333333,0.3333333333333333,0.72,0.25,0.5338385,0.5161125,0.5147296296296296,0.0943396226415094,0.140625,0.0238095238095238,0.1578947368421052,0.2807017543859649,5.450847457627119,25.65853658536585,0.2959183673469387,2026-01-04,22500501,LAL,,1.0,,,6.0,2.0,,3.0,1.0,,0.0833333333333333,1.0,,,,,0.3333333333333333,,,1.0,0.2,,1.0,,,,,,,,,,,,2025-26,2026,Regular Season,1610612763
48:00,103,106,19.0,11,17,209,9,17,4.0,7.0,1.0,4.0,8,20,4.0,12.0,6.0,13,1.0,,12,37,7.0,2.0,4.0,21,49,18,50,10,106,5.0,10.0,8.0,23,3.0,8.0,2.0,4.0,5.0,17.0,20,22,54,,6.0,37,12,3,1.0,10,18,28,12,6.0,6,3.0,74,11,9.0,24,20,2.0,46,21,67,3.0,7,3,4.0,9,6.0,6,14.0,3.0,23,5.0,8,15,1.0,1.0,18,,1.0,15,4.0,1.0,7,,2.0,9.0,5.0,3.0,9.0,6.0,83,17.0,19.0,2.0,2.0,0.4761904761904761,0.5555555555555556,1.0,0.36,0.5,0.36,0.4285714285714285,0.5,0.375,0.4848484848484848,0.5277777777777778,0.5,0.5048076923076923,0.5789473684210527,0.5666666666666667,0.5050505050505051,0.02,0.0612244897959183,0.0588235294117647,,0.391304347826087,1.0,0.6451612903225806,0.3461538461538461,0.7741935483870968,0.3548387096774194,0.7096774193548387,0.3508771929824561,0.25,0.5833333333333334,,0.3333333333333333,0.4285714285714285,0.3636363636363636,0.7333333333333333,1.0,0.8947368421052632,0.5833333333333334,0.0555555555555555,104.5,0.6666666666666666,14.524271844660197,13.056603773584904,13.31359223300971,12.349056603773583,0.1717171717171717,0.5294117647058824,0.5625,0.6666666666666666,0.202020202020202,0.4,0.4210526315789473,0.375,0.1212121212121212,0.3333333333333333,0.3636363636363636,0.1313131313131313,0.4615384615384615,0.4615384615384615,1.0,0.3737373737373737,0.3243243243243243,0.3333333333333333,1.0,0.3888888888888889,0.5714285714285714,0.0555555555555555,0.3888888888888889,0.3333333333333333,0.25,,0.3333333333333333,0.5,0.6767676767676768,0.3243243243243243,0.5352198979591837,0.5838727272727273,0.5149708333333333,0.0686274509803921,0.1346153846153846,,0.2169811320754717,0.160377358490566,9.036734693877552,24.740816326530613,0.1844660194174757,2026-01-06,22500512,SAS,,,3.0,3.0,4.0,1.0,3.0,2.0,5.0,0.375,0.05,0.25,,,0.4285714285714285,1.0,,,,,0.25,1.0,2.0,0.0833333333333333,0.027027027027027,0.3333333333333333,1.0,,,,,1.0,,,2025-26,2026,Regular Season,1610612763
48:00,98,99,27.0,1,14,197,14,22,4.0,8.0,2.0,2.0,7,22,6.0,11.0,,7,,3.0,12,30,3.0,4.0,7.0,27,55,12,37,8,98,4.0,14.0,3.0,17,4.0,11.0,4.0,10.0,1.0,21.0,32,22,21,15.0,2.0,30,12,5,,16,7,23,7,,9,3.0,53,6,13.0,21,13,1.0,35,19,54,3.0,9,4,5.0,11,4.0,9,7.0,2.0,18,8.0,5,11,,1.0,17,1.0,1.0,14,2.0,,6,,2.0,2.0,2.0,,2.0,1.0,81,21.0,27.0,,2.0,0.5925925925925926,0.6153846153846154,0.5833333333333334,0.3243243243243243,0.4,0.3243243243243243,0.4909090909090909,0.2857142857142857,0.3636363636363636,0.4891304347826087,0.5,0.4761904761904761,0.5,0.5,0.4565217391304347,0.4021739130434782,,0.0909090909090909,0.0909090909090909,,0.6111111111111112,0.5,0.7222222222222222,0.4642857142857143,0.6363636363636364,0.24,0.6666666666666666,0.3584905660377358,0.5,0.3333333333333333,0.8,0.2222222222222222,0.2857142857142857,0.875,0.5714285714285714,0.6666666666666666,0.55,0.7692307692307693,0.0625,98.5,0.5,15.38469387755102,13.861616161616162,14.2765306122449,12.866666666666664,0.2391304347826087,0.6363636363636364,0.7,0.6428571428571429,0.2391304347826087,0.3181818181818182,0.3684210526315789,0.4285714285714285,0.1195652173913043,0.5454545454545454,0.5454545454545454,0.0760869565217391,,,,0.3260869565217391,0.4,0.4,0.5833333333333334,0.4705882352941176,0.5,,0.1764705882352941,0.0952380952380952,1.0,0.1428571428571428,0.3333333333333333,0.5714285714285714,0.6413043478260869,0.4,0.5249114130434782,0.5308038461538461,0.4888571428571429,0.0625,0.1016949152542373,,0.173469387755102,0.2142857142857142,7.492727272727273,25.47027027027027,0.2755102040816326,2026-01-07,22500524,PHX,,,3.0,3.0,,4.0,1.0,,1.0,1.0,0.1363636363636363,0.6666666666666666,,,1.0,0.6666666666666666,,,,,0.25,,1.0,,,,,,,,,,,,2025-26,2026,Regular Season,1610612763
48:00,98,97,46.0,20,13,195,15,20,3.0,6.0,5.0,8.0,12,22,,5.0,6.0,16,1.0,8.0,8,26,4.0,2.0,7.0,27,47,14,42,20,116,5.0,10.0,5.0,17,10.0,17.0,5.0,15.0,8.0,43.0,42,12,42,,2.0,26,8,8,,21,14,35,8,6.0,12,9.0,84,11,8.0,22,16,4.0,42,19,61,,4,2,2.0,9,,8,8.0,1.0,17,13.0,14,26,1.0,4.0,22,,1.0,24,2.0,,11,,2.0,4.0,3.0,1.0,4.0,3.0,99,43.0,46.0,3.0,2.0,0.7777777777777778,0.8076923076923077,1.0,0.3333333333333333,0.3333333333333333,0.3333333333333333,0.574468085106383,0.5,0.5882352941176471,0.5393258426966292,0.4333333333333333,0.546875,0.58,0.5,0.581081081081081,0.4719101123595505,,0.1702127659574468,0.15,,0.5294117647058824,1.0,0.8,0.4,0.7857142857142857,0.4230769230769231,0.7916666666666666,0.4130434782608695,0.4,0.4,0.4,0.4375,0.4,0.75,0.8333333333333334,,0.76,1.0,,97.5,0.75,16.183673469387756,13.34020618556701,15.161224489795918,13.030927835051546,0.2247191011235955,0.75,0.8823529411764706,0.8,0.247191011235955,0.5454545454545454,0.7058823529411765,0.75,0.0561797752808988,,,0.1797752808988764,0.375,0.375,1.0,0.2921348314606741,0.3076923076923077,0.3076923076923077,1.0,0.4,0.5,0.0666666666666666,0.2666666666666666,0.25,0.625,0.25,0.21875,0.2857142857142857,0.6966292134831461,0.3076923076923077,0.5279017045454546,0.5048214285714285,0.5175596774193549,0.1122448979591836,0.1964285714285714,,0.146551724137931,0.3706896551724138,6.853191489361703,24.746341463414637,0.4693877551020408,2026-01-09,22500536,OKC,,3.0,1.0,1.0,4.0,,2.0,2.0,,0.2,0.2272727272727272,,,,0.25,1.0,0.375,,,1.0,0.6666666666666666,,2.0,,,,,,,,,,1.0,,2025-26,2026,Regular Season,1610612763
48:00,90,90,15.0,25,16,180,9,19,4.0,10.0,,3.0,16,29,1.0,6.0,3.0,9,1.0,3.0,8,25,2.0,2.0,6.0,26,54,11,34,18,103,6.0,13.0,3.0,21,2.0,7.0,3.0,9.0,4.0,17.0,32,20,33,,6.0,25,8,6,,16,11,27,8,3.0,7,9.0,65,11,8.0,21,17,3.0,41,19,60,4.0,6,4,2.0,10,2.0,8,5.0,2.0,15,1.0,7,15,,,17,,1.0,18,1.0,2.0,5,1.0,2.0,7.0,4.0,3.0,7.0,5.0,82,17.0,15.0,1.0,2.0,0.6153846153846154,0.6956521739130435,1.0,0.3235294117647059,0.3333333333333333,0.3235294117647059,0.4814814814814814,0.4615384615384615,0.2857142857142857,0.4829545454545454,0.46875,0.40625,0.531578947368421,0.5555555555555556,0.4722222222222222,0.3863636363636363,,0.1111111111111111,0.2105263157894736,,0.6666666666666666,0.75,0.7727272727272727,0.2962962962962963,0.7,0.4782608695652174,0.7307692307692307,0.38,0.4444444444444444,0.2307692307692307,0.2,0.4705882352941176,0.5,0.6,0.9090909090909092,1.0,0.7083333333333334,0.6666666666666666,0.0888888888888888,90.0,0.7142857142857143,15.30111111111111,16.69888888888889,14.581111111111111,15.57888888888889,0.2159090909090909,0.4736842105263157,0.6,0.7777777777777778,0.3295454545454545,0.5517241379310345,0.5714285714285714,0.5625,0.0681818181818181,0.1666666666666666,0.2,0.1022727272727272,0.3333333333333333,0.3333333333333333,1.0,0.2840909090909091,0.32,0.32,1.0,0.625,0.4,0.0625,0.125,0.1875,,0.1875,0.375,0.3333333333333333,0.6022727272727273,0.32,0.5370619318181818,0.6506375,0.535015625,0.064516129032258,0.0862068965517241,0.0285714285714285,0.203883495145631,0.1650485436893204,7.164814814814815,25.314705882352943,0.1666666666666666,2026-01-11,22500549,BKN,,1.0,1.0,1.0,6.0,,2.0,1.0,2.0,0.3333333333333333,0.0344827586206896,,,,0.5,1.0,0.3333333333333333,,,,0.5,,1.0,0.1666666666666666,,,,,,,,,,,2025-26,2026,Regular Season,1610612763
48:00,100,101,18.0,11,9,201,9,15,1.0,2.0,2.0,2.0,12,26,,6.0,4.0,8,,2.0,13,30,3.0,1.0,5.0,21,47,17,38,18,111,2.0,4.0,3.0,13,6.0,9.0,1.0,7.0,5.0,20.0,22,20,48,3.0,2.0,30,13,4,,11,16,27,12,4.0,5,6.0,70,3,5.0,19,12,1.0,32,9,41,1.0,5,3,2.0,9,3.0,3,7.0,6.0,16,2.0,8,18,1.0,2.0,15,,3.0,21,1.0,1.0,9,1.0,,6.0,5.0,1.0,6.0,2.0,98,20.0,18.0,1.0,,0.5238095238095238,0.55,0.9411764705882352,0.4473684210526316,0.1428571428571428,0.4473684210526316,0.4468085106382978,0.5,0.6666666666666666,0.5470588235294118,0.7142857142857143,0.46875,0.5851063829787234,0.75,0.5555555555555556,0.4470588235294118,,0.0851063829787234,0.2,,0.5625,1.0,0.4137931034482758,0.1923076923076923,0.76,0.1578947368421052,0.5740740740740741,0.1777777777777777,0.1666666666666666,0.2142857142857142,0.1666666666666666,0.1333333333333333,0.25,0.4666666666666667,0.2727272727272727,0.6666666666666666,0.7894736842105263,0.6666666666666666,0.024390243902439,100.5,0.3333333333333333,13.411,15.236633663366336,12.991,13.98910891089109,0.1764705882352941,0.6,0.75,0.5555555555555556,0.3058823529411765,0.4615384615384615,0.48,0.5,0.0705882352941176,,,0.0941176470588235,0.5,0.5,1.0,0.3529411764705882,0.4333333333333333,0.4333333333333333,0.9230769230769232,0.2857142857142857,0.5,,0.4285714285714285,0.125,1.0,0.125,0.3125,0.2,0.6235294117647059,0.4333333333333333,0.5312409638554217,0.53443,0.5038464285714286,0.1063829787234042,0.1636363636363636,0.0256410256410256,0.1171171171171171,0.1801801801801801,8.187234042553191,24.991666666666667,0.18,2026-01-15,22500578,ORL,,,2.0,2.0,3.0,,1.0,1.0,1.0,0.6666666666666666,0.0384615384615384,,,,0.6666666666666666,1.0,,1.0,,,,1.0,,,,0.5,,,,,,,,,2025-26,2026,Regular Season,1610612763
48:00,100,101,35.0,21,11,201,20,27,5.0,6.0,4.0,5.0,10,23,5.0,6.0,4.0,10,2.0,4.0,9,25,1.0,3.0,8.0,35,56,13,35,17,126,6.0,8.0,3.0,19,7.0,14.0,4.0,12.0,5.0,31.0,38,32,36,3.0,8.0,25,9,6,,19,12,31,8,4.0,10,8.0,74,6,7.0,17,17,,34,13,47,,12,5,7.0,5,,2,7.0,3.0,12,7.0,8,18,,2.0,20,,,25,3.0,1.0,10,1.0,2.0,7.0,5.0,2.0,7.0,3.0,107,31.0,35.0,1.0,2.0,0.5428571428571428,0.6129032258064516,0.9230769230769232,0.3714285714285714,0.3333333333333333,0.3714285714285714,0.625,0.75,0.5,0.5989010989010989,0.8181818181818182,0.5,0.6188118811881188,0.7916666666666666,0.5,0.3846153846153846,,0.1071428571428571,0.1111111111111111,,0.4166666666666667,,0.5666666666666667,0.35,0.7391304347826086,0.2857142857142857,0.6415094339622641,0.3170731707317073,0.5714285714285714,0.2307692307692307,,0.2666666666666666,0.3333333333333333,0.4444444444444444,0.6470588235294118,0.5,0.7368421052631579,0.75,,100.5,0.4285714285714285,14.583,14.076237623762376,14.137,13.17920792079208,0.2967032967032967,0.7407407407407407,0.8333333333333334,0.5,0.2527472527472527,0.4347826086956521,0.5,0.8,0.0659340659340659,0.8333333333333334,0.8333333333333334,0.1098901098901098,0.4,0.4,1.0,0.2747252747252747,0.36,0.36,0.8888888888888888,0.5454545454545454,0.8333333333333334,0.1818181818181818,0.0909090909090909,0.1923076923076923,0.8,0.1538461538461538,0.3076923076923077,0.375,0.6813186813186813,0.36,0.5642994505494505,0.60445,0.5246557692307692,0.1111111111111111,0.1587301587301587,0.0277777777777777,0.1507936507936507,0.246031746031746,6.3375,24.985714285714284,0.35,2026-01-18,22500602,ORL,1.0,1.0,1.0,2.0,1.0,1.0,1.0,4.0,,0.6666666666666666,0.1304347826086956,0.2,0.5,1.0,1.0,1.0,0.25,,,,,,3.0,,,,1.0,,,,,,,,2025-26,2026,Regular Season,1610612763
48:00,103,105,28.0,31,17,208,23,34,3.0,6.0,6.0,7.0,7,17,1.0,7.0,3.0,8,3.0,,9,27,2.0,4.0,7.0,31,58,12,35,24,122,5.0,8.0,5.0,20,8.0,13.0,4.0,7.0,8.0,36.0,28,34,36,,6.0,27,9,5,1.0,14,12,26,9,3.0,9,5.0,64,8,9.0,15,18,1.0,34,18,52,3.0,7,3,4.0,9,2.0,4,9.0,5.0,18,6.0,11,23,,4.0,24,,3.0,27,2.0,2.0,10,,3.0,6.0,5.0,1.0,7.0,5.0,102,36.0,28.0,2.0,3.0,0.4516129032258064,0.5,1.0,0.3428571428571428,0.5714285714285714,0.3428571428571428,0.5344827586206896,0.625,0.6153846153846154,0.5268817204301075,0.5,0.7,0.5769230769230769,0.5882352941176471,0.7,0.3763440860215054,0.0285714285714285,0.0862068965517241,0.0294117647058823,,0.5,1.0,0.75,0.3333333333333333,0.625,0.3636363636363636,0.6875,0.3469387755102041,0.3636363636363636,0.3,0.3333333333333333,0.4117647058823529,0.2,0.75,0.7692307692307693,0.6666666666666666,0.6,0.75,0.0697674418604651,104.0,0.7142857142857143,14.733980582524271,12.975238095238096,14.04368932038835,12.194285714285716,0.3655913978494624,0.6764705882352942,0.696969696969697,0.391304347826087,0.1827956989247312,0.4117647058823529,0.5,0.7142857142857143,0.075268817204301,0.1428571428571428,0.1666666666666666,0.086021505376344,0.375,0.375,1.0,0.2903225806451613,0.3333333333333333,0.3461538461538461,1.0,0.4615384615384615,0.5,0.2307692307692307,0.1538461538461538,0.35,0.8571428571428571,,0.35,0.5714285714285714,0.7419354838709677,0.3333333333333333,0.5575333333333333,0.5624142857142858,0.5511199999999999,0.099009900990099,0.1515151515151515,,0.1639344262295081,0.2950819672131147,5.767241379310345,25.071428571428573,0.2718446601941747,2026-01-21,22500623,ATL,1.0,,,1.0,7.0,,1.0,3.0,3.0,0.2,0.1764705882352941,,0.3333333333333333,1.0,,,,1.0,,,0.3333333333333333,1.0,1.0,0.1428571428571428,0.037037037037037,0.5,,1.0,,1.0,,,,,2025-26,2026,Regular Season,1610612763
48:00,104,103,20.0,23,12,207,16,20,3.0,7.0,4.0,6.0,8,19,3.0,6.0,4.0,13,1.0,1.0,14,34,2.0,1.0,4.0,27,45,18,47,19,127,4.0,8.0,3.0,12,6.0,11.0,1.0,5.0,7.0,22.0,36,18,48,6.0,4.0,34,14,4,,18,16,34,12,4.0,13,4.0,84,7,9.0,12,22,1.0,35,16,51,4.0,4,2,2.0,14,2.0,7,5.0,7.0,19,3.0,14,23,,2.0,20,,1.0,22,2.0,,10,2.0,,10.0,8.0,2.0,10.0,6.0,115,22.0,20.0,3.0,,0.6666666666666666,0.72,0.8888888888888888,0.3829787234042553,0.2,0.3829787234042553,0.6,0.5,0.5454545454545454,0.5869565217391305,0.3636363636363636,0.46875,0.6287128712871287,0.4615384615384615,0.55,0.5108695652173914,,0.0888888888888888,,,0.7368421052631579,0.5,0.7333333333333333,0.5,0.5217391304347826,0.25,0.6415094339622641,0.3478260869565217,0.75,0.5454545454545454,,0.35,,0.6153846153846154,0.8,1.0,0.4705882352941176,0.6666666666666666,0.0952380952380952,103.5,0.6,13.7375,14.090291262135922,12.9875,13.274757281553397,0.217391304347826,0.8,0.8,0.8125,0.2065217391304347,0.4210526315789473,0.5333333333333333,0.5,0.0652173913043478,0.5,0.5,0.1413043478260869,0.3076923076923077,0.3076923076923077,1.0,0.3695652173913043,0.4117647058823529,0.4117647058823529,0.8571428571428571,0.6363636363636364,0.4285714285714285,0.0909090909090909,0.1818181818181818,0.375,0.6666666666666666,0.0625,0.25,0.25,0.7282608695652174,0.4117647058823529,0.5383842391304349,0.5542428571428571,0.50125,0.1188118811881188,0.1886792452830188,0.0416666666666666,0.0944881889763779,0.1732283464566929,6.513333333333334,24.93617021276596,0.1923076923076923,2026-01-23,22500639,NOP,,,,,4.0,1.0,3.0,,1.0,,0.2105263157894736,0.3333333333333333,,,,,,1.0,1.0,,0.3333333333333333,,,,,,,,,,,,,,2025-26,2026,Regular Season,1610612763
48:00,98,99,7.0,28,18,197,16,29,4.0,10.0,1.0,1.0,15,35,1.0,4.0,2.0,9,,1.0,5,28,3.0,1.0,3.0,32,68,7,37,14,99,6.0,18.0,3.0,17,1.0,2.0,1.0,4.0,,5.0,38,26,21,,6.0,28,5,3,,19,7,26,5,2.0,10,8.0,59,10,14.0,17,13,3.0,33,24,57,5.0,9,7,2.0,9,1.0,6,4.0,3.0,13,1.0,6,21,,,13,,1.0,17,3.0,,7,2.0,,5.0,,5.0,5.0,1.0,82,5.0,7.0,5.0,,0.59375,0.6551724137931034,1.0,0.1891891891891892,0.25,0.1891891891891892,0.4705882352941176,0.3333333333333333,0.5,0.4047619047619047,0.3571428571428571,0.4166666666666667,0.4459459459459459,0.4047619047619047,0.4166666666666667,0.3523809523809524,,0.0441176470588235,0.0689655172413793,,0.6923076923076923,1.0,0.52,0.3888888888888889,0.6296296296296297,0.3333333333333333,0.5769230769230769,0.3636363636363636,0.4615384615384615,0.35,0.3333333333333333,0.391304347826087,0.1428571428571428,0.4285714285714285,0.5,0.75,0.6363636363636364,0.6,0.0793650793650793,98.5,0.2,13.75,15.47979797979798,12.560204081632651,14.267676767676768,0.2761904761904762,0.5517241379310345,0.5925925925925926,0.625,0.3333333333333333,0.4285714285714285,0.4285714285714285,0.5333333333333333,0.0380952380952381,0.25,0.3333333333333333,0.0857142857142857,0.2222222222222222,0.2222222222222222,1.0,0.2666666666666666,0.1785714285714285,0.1785714285714285,1.0,0.4761904761904761,0.4,,0.1428571428571428,0.1666666666666666,1.0,0.1666666666666666,0.5,0.3333333333333333,0.6285714285714286,0.1785714285714285,0.5175519047619048,0.5818192307692308,0.5146333333333334,0.0642201834862385,0.0972222222222222,,0.1717171717171717,0.0505050505050505,6.392647058823529,25.194594594594594,0.0714285714285714,2026-01-26,22500662,HOU,,,1.0,1.0,2.0,1.0,3.0,5.0,1.0,0.3333333333333333,,1.0,,,0.3333333333333333,1.0,,2.0,,,0.25,,1.0,0.25,,,,,,,,,,,2025-26,2026,Regular Season,1610612763
48:00,90,92,11.0,2,9,182,9,12,,,2.0,2.0,12,21,2.0,8.0,2.0,10,2.0,1.0,12,32,3.0,2.0,4.0,23,41,14,42,9,97,2.0,4.0,5.0,13,4.0,6.0,2.0,5.0,2.0,16.0,28,18,39,3.0,2.0,32,12,1,,14,13,27,11,2.0,8,4.0,67,6,5.0,14,11,,25,11,36,2.0,10,6,4.0,5,1.0,4,8.0,1.0,13,1.0,2,10,,1.0,11,,1.0,12,,,5,,1.0,6.0,1.0,5.0,7.0,3.0,84,16.0,11.0,,1.0,0.6086956521739131,0.6363636363636364,0.9285714285714286,0.3333333333333333,0.4,0.3333333333333333,0.5609756097560976,0.5,0.6666666666666666,0.5301204819277109,0.7222222222222222,0.6363636363636364,0.5449438202247191,0.7222222222222222,0.6666666666666666,0.5060240963855421,,0.024390243902439,0.0833333333333333,,0.3846153846153846,,0.55,0.2777777777777778,0.6086956521739131,0.2307692307692307,0.5813953488372093,0.25,0.3333333333333333,0.2222222222222222,0.3333333333333333,0.2222222222222222,0.25,1.0,0.4666666666666667,0.6666666666666666,0.5263157894736842,1.0,0.0465116279069767,91.0,0.4285714285714285,15.346666666666668,16.291304347826088,14.424444444444443,15.180434782608694,0.144578313253012,0.75,0.8181818181818182,0.8888888888888888,0.253012048192771,0.5714285714285714,0.5714285714285714,0.3333333333333333,0.0963855421686747,0.25,0.25,0.1204819277108433,0.2,0.2,1.0,0.3855421686746988,0.375,0.375,0.9166666666666666,,,0.2222222222222222,0.3333333333333333,0.1818181818181818,1.0,0.0909090909090909,0.3636363636363636,0.5,0.6506024096385542,0.375,0.5204487654320988,0.489,0.50422,0.0568181818181818,0.108695652173913,,0.134020618556701,0.1649484536082474,8.036585365853659,24.925,0.1222222222222222,2026-01-28,22500676,CHA,1.0,,2.0,3.0,,2.0,2.0,1.0,1.0,0.6,,1.0,0.5,1.0,0.6666666666666666,1.0,,2.0,,,,,2.0,,,,,1.0,,1.0,,,,,2025-26,2026,Regular Season,1610612763
47:59,99,101,9.0,16,16,200,15,25,5.0,7.0,1.0,2.0,9,21,4.0,6.0,2.0,11,,2.0,10,30,5.0,,1.0,28,52,12,41,14,106,6.0,10.0,5.0,21,2.0,4.0,,3.0,2.0,6.0,28,28,36,,10.0,30,10,6,,14,12,26,10,2.0,8,3.0,64,8,11.0,15,13,2.0,30,19,49,5.0,11,9,2.0,13,3.0,8,7.0,5.0,20,2.0,11,19,,1.0,15,,1.0,15,1.0,,6,1.0,1.0,3.0,1.0,2.0,3.0,1.0,85,6.0,9.0,3.0,1.0,0.5,0.6086956521739131,1.0,0.2926829268292683,,0.2926829268292683,0.5384615384615384,0.6,0.5,0.4946236559139785,0.5,0.2857142857142857,0.5353535353535354,0.5833333333333334,0.375,0.4408602150537634,,0.1153846153846153,0.12,,0.65,0.6666666666666666,0.65,0.4583333333333333,0.625,0.2857142857142857,0.6363636363636364,0.3653846153846153,0.3,0.5833333333333334,0.5,0.3157894736842105,0.2222222222222222,0.6666666666666666,0.5833333333333334,1.0,0.5714285714285714,1.0,0.108695652173913,100.00000000000006,0.3333333333333333,14.046464646464628,14.746534653465348,13.227272727272709,13.995049504950495,0.2688172043010752,0.6,0.6818181818181818,0.5333333333333333,0.2258064516129032,0.4285714285714285,0.5,0.3333333333333333,0.064516129032258,0.6666666666666666,0.6666666666666666,0.1182795698924731,0.1818181818181818,0.1818181818181818,1.0,0.3225806451612903,0.3333333333333333,0.3333333333333333,1.0,0.4666666666666667,0.7142857142857143,,0.3333333333333333,0.2857142857142857,0.5,0.2857142857142857,0.1428571428571428,,0.7096774193548387,0.3333333333333333,0.533747311827957,0.540535,0.5246642857142857,0.0714285714285714,0.1052631578947368,0.024390243902439,0.1981132075471698,0.0566037735849056,6.053846153846154,25.3,0.0909090909090909,2026-01-30,22500691,NOP,,,1.0,1.0,6.0,3.0,1.0,2.0,2.0,0.2,0.1428571428571428,0.75,,,0.2,1.0,,,1.0,,,,2.0,,,,,,,,,,,,2025-26,2026,Regular Season,1610612763
48:00,100,101,34.0,23,12,201,26,35,2.0,5.0,8.0,11.0,6,15,2.0,3.0,2.0,5,1.0,3.0,8,33,3.0,3.0,10.0,34,53,10,38,16,114,3.0,7.0,4.0,18,11.0,17.0,4.0,13.0,4.0,38.0,44,24,21,9.0,4.0,33,8,5,,22,7,29,5,2.0,17,4.0,65,8,7.0,14,17,1.0,32,15,47,1.0,8,5,3.0,12,,10,3.0,2.0,15,4.0,14,16,,,21,,2.0,24,1.0,2.0,9,1.0,1.0,4.0,3.0,1.0,4.0,3.0,96,38.0,34.0,,1.0,0.6470588235294118,0.6875,0.7,0.2631578947368421,0.3076923076923077,0.2631578947368421,0.6415094339622641,0.4285714285714285,0.6470588235294118,0.5384615384615384,0.6818181818181818,0.5666666666666667,0.5544554455445545,0.6428571428571429,0.5588235294117647,0.4175824175824176,,0.0943396226415094,0.0857142857142857,,0.8,0.3333333333333333,0.7391304347826086,0.3684210526315789,0.7368421052631579,0.3076923076923077,0.7380952380952381,0.3333333333333333,0.5555555555555556,0.2222222222222222,,0.3043478260869565,0.3333333333333333,0.75,0.5555555555555556,1.0,0.7,0.7777777777777778,0.025,100.5,0.75,13.447,15.2009900990099,12.891000000000002,14.6,0.3846153846153846,0.7428571428571429,0.8125,0.6538461538461539,0.1648351648351648,0.4,0.4615384615384615,0.6666666666666666,0.0329670329670329,0.6666666666666666,0.6666666666666666,0.0549450549450549,0.4,0.4,1.0,0.3626373626373626,0.2424242424242424,0.2424242424242424,0.625,0.4545454545454545,0.4,0.0909090909090909,0.2727272727272727,0.3666666666666666,0.7272727272727273,0.1,0.3333333333333333,0.3,0.8021978021978022,0.2424242424242424,0.5758027777777778,0.5653750000000001,0.6094534482758621,0.1,0.1475409836065573,0.0256410256410256,0.1578947368421052,0.3333333333333333,4.484905660377359,25.92972972972973,0.34,2026-01-31,22500700,MIN,1.0,1.0,2.0,3.0,3.0,1.0,1.0,,3.0,0.75,0.1333333333333333,0.5,1.0,1.0,0.6666666666666666,1.0,0.3333333333333333,,,,0.5,,1.0,,,,,,,,,,,,2025-26,2026,Regular Season,1610612763
47:59,98,98,35.0,33,13,196,11,20,2.0,4.0,6.0,8.0,10,20,4.0,7.0,5.0,10,2.0,6.0,14,33,5.0,3.0,11.0,25,47,19,43,30,137,3.0,6.0,7.0,24,7.0,13.0,6.0,17.0,14.0,46.0,32,18,45,12.0,4.0,33,14,7,,16,15,31,10,5.0,7,6.0,77,5,9.0,19,14,3.0,36,15,51,1.0,5,3,2.0,4,1.0,3,6.0,1.0,10,3.0,15,22,,1.0,24,,,35,3.0,2.0,10,1.0,6.0,2.0,1.0,1.0,2.0,1.0,113,43.0,33.0,2.0,3.0,0.64,0.6956521739130435,0.7894736842105263,0.4418604651162791,0.3529411764705882,0.4418604651162791,0.5319148936170213,0.5,0.5384615384615384,0.5944444444444444,0.9230769230769232,0.5333333333333333,0.6490384615384616,0.9230769230769232,0.5921052631578947,0.4777777777777778,,0.1489361702127659,0.2,,0.4,0.75,0.6666666666666666,0.4090909090909091,0.7307692307692307,0.2272727272727272,0.7021276595744681,0.3181818181818182,0.5555555555555556,0.4,,0.2941176470588235,,0.5555555555555556,0.8,0.5,0.631578947368421,1.0,0.027027027027027,98.00000000000006,0.5,14.6,14.787755102040796,14.011224489795918,13.93265306122447,0.2222222222222222,0.55,0.6875,0.6363636363636364,0.2222222222222222,0.5,0.5882352941176471,0.6,0.0777777777777777,0.5714285714285714,0.5714285714285714,0.1111111111111111,0.5,0.5,1.0,0.3666666666666666,0.4242424242424242,0.4242424242424242,0.7142857142857143,0.3076923076923077,0.5,0.1538461538461538,0.3846153846153846,0.2666666666666666,0.75,0.2,0.3666666666666666,0.2727272727272727,0.7,0.4242424242424242,0.5386488636363637,0.5832625,0.6019714285714286,0.1122448979591836,0.1851851851851851,0.0227272727272727,0.1751824817518248,0.3357664233576642,6.540425531914893,24.965853658536584,0.3571428571428571,2026-02-02,22500714,MIN,2.0,3.0,4.0,6.0,,3.0,2.0,2.0,1.0,0.8571428571428571,0.15,0.75,1.0,1.0,0.8,0.75,0.5,1.0,,,,1.0,1.0,,,0.5,1.0,,,,,,,,2025-26,2026,Regular Season,1610612763
48:00,102,103,35.0,59,13,205,4,7,1.0,2.0,3.0,4.0,18,34,5.0,8.0,3.0,8,1.0,4.0,15,33,2.0,7.0,12.0,27,49,18,41,21,129,3.0,7.0,3.0,9,6.0,11.0,8.0,16.0,8.0,44.0,32,22,42,12.0,2.0,33,15,2,,16,14,30,11,3.0,2,12.0,74,8,5.0,15,17,2.0,34,14,48,2.0,8,6,2.0,4,1.0,1,9.0,3.0,13,6.0,13,26,,,21,,,28,5.0,,13,,3.0,4.0,1.0,3.0,4.0,2.0,120,44.0,35.0,2.0,3.0,0.5925925925925926,0.6153846153846154,0.7777777777777778,0.4390243902439024,0.5,0.4390243902439024,0.5510204081632653,0.4285714285714285,0.5454545454545454,0.6,0.45,0.6666666666666666,0.6386138613861386,0.45,0.6666666666666666,0.4555555555555555,,0.0408163265306122,,,0.3076923076923077,0.6666666666666666,0.5666666666666667,0.2272727272727272,0.625,0.3478260869565217,0.5925925925925926,0.2888888888888888,0.3333333333333333,0.1875,0.3333333333333333,0.3888888888888889,0.2,0.5,0.6,0.5,0.6666666666666666,0.5,0.0465116279069767,102.5,0.5,13.705882352941176,14.388349514563108,13.004901960784316,13.35242718446602,0.0777777777777777,0.5714285714285714,0.5714285714285714,0.5,0.3777777777777777,0.5294117647058824,0.5625,0.6666666666666666,0.0888888888888888,0.625,0.625,0.0888888888888888,0.375,0.375,1.0,0.3666666666666666,0.4545454545454545,0.4545454545454545,0.7333333333333333,0.2,0.5,0.1,0.2,0.1481481481481481,0.75,0.1481481481481481,0.4444444444444444,0.5833333333333334,0.5333333333333333,0.4545454545454545,0.4977516666666666,0.4932999999999999,0.5064222222222222,0.1326530612244898,0.2280701754385964,,0.0697674418604651,0.3410852713178294,7.904081632653061,25.97073170731707,0.3431372549019608,2026-02-04,22500731,SAC,,1.0,1.0,1.0,,2.0,2.0,6.0,,0.3333333333333333,0.0588235294117647,0.4,,,0.5,,0.25,3.0,,,,1.0,2.0,,,0.5,2.0,,,,,,,,2025-26,2026,Regular Season,1610612763
48:00,104,104,30.0,15,7,208,13,23,3.0,6.0,5.0,6.0,9,17,5.0,7.0,4.0,12,2.0,3.0,11,30,2.0,4.0,8.0,27,47,15,42,16,115,3.0,6.0,4.0,11,7.0,10.0,5.0,11.0,6.0,35.0,30,24,39,6.0,,30,11,5,2.0,15,13,28,9,4.0,9,3.0,69,3,8.0,18,11,,29,11,40,1.0,12,6,6.0,9,2.0,4,7.0,5.0,16,5.0,10,18,1.0,2.0,17,,1.0,21,,,7,1.0,2.0,3.0,,3.0,3.0,3.0,104,35.0,30.0,2.0,2.0,0.5555555555555556,0.5555555555555556,0.8666666666666667,0.3571428571428571,0.4545454545454545,0.3571428571428571,0.574468085106383,0.5,0.7,0.5561797752808989,0.45,0.6904761904761905,0.5808080808080808,0.5,0.7,0.4719101123595505,0.0476190476190476,0.1063829787234042,0.1304347826086956,0.0833333333333333,0.5625,,0.6875,0.4,0.72,0.12,0.7073170731707317,0.2444444444444444,0.5,0.375,,0.0555555555555555,0.2857142857142857,0.6,0.7272727272727273,,0.75,0.6666666666666666,0.0263157894736842,104.0,1.0,14.641346153846154,13.050961538461538,14.214423076923076,12.5125,0.2584269662921348,0.5652173913043478,0.65,0.6923076923076923,0.1910112359550561,0.5294117647058824,0.6,0.3333333333333333,0.0786516853932584,0.7142857142857143,0.7142857142857143,0.1348314606741573,0.3333333333333333,0.3636363636363636,1.0,0.3370786516853932,0.3666666666666666,0.3793103448275862,0.8181818181818182,0.6,0.5,0.2,0.2,0.2857142857142857,0.8333333333333334,0.1428571428571428,0.3809523809523809,0.5,0.7303370786516854,0.3666666666666666,0.5350465909090909,0.5942000000000001,0.563065,0.0824742268041237,0.1296296296296296,0.0232558139534883,0.0956521739130434,0.3043478260869565,6.787234042553192,25.30243902439025,0.2884615384615384,2026-02-06,22500745,POR,,1.0,1.0,1.0,2.0,3.0,,,1.0,0.25,0.1176470588235294,0.6,,,0.5,1.0,0.3333333333333333,1.0,,,0.3333333333333333,,,,0.0333333333333333,,1.0,,,,,,,,2025-26,2026,Regular Season,1610612763
48:00,102,103,24.0,7,5,205,14,19,2.0,2.0,3.0,4.0,8,18,4.0,9.0,3.0,10,2.0,5.0,13,28,1.0,3.0,7.0,26,46,16,38,15,115,2.0,3.0,3.0,4,3.0,7.0,4.0,12.0,4.0,22.0,12,40,39,9.0,4.0,28,13,2,1.0,6,13,19,10,3.0,4,,51,4,2.0,19,14,2.0,35,6,41,,14,8,6.0,7,1.0,4,8.0,3.0,15,2.0,6,15,1.0,2.0,21,1.0,1.0,21,2.0,1.0,9,,2.0,5.0,2.0,3.0,6.0,3.0,111,22.0,24.0,,2.0,0.2307692307692307,0.25,0.8125,0.4210526315789473,0.3333333333333333,0.4210526315789473,0.5652173913043478,0.6666666666666666,0.4285714285714285,0.5952380952380952,0.3333333333333333,0.4736842105263157,0.6129032258064516,0.3333333333333333,0.4782608695652174,0.4523809523809524,0.0263157894736842,0.0434782608695652,,,0.4666666666666667,0.6666666666666666,0.7368421052631579,0.1,0.6551724137931034,0.1904761904761904,0.6875,0.1463414634146341,0.2,0.1,,0.2,0.1666666666666666,0.6,0.75,1.0,0.7,0.5555555555555556,,102.5,0.5,13.684313725490195,14.409708737864078,13.4,13.877669902912622,0.2261904761904762,0.7368421052631579,0.7368421052631579,0.2857142857142857,0.2142857142857142,0.4444444444444444,0.5,,0.1071428571428571,0.4444444444444444,0.4444444444444444,0.119047619047619,0.3,0.3,1.0,0.3333333333333333,0.4642857142857143,0.4814814814814814,0.7692307692307693,0.3333333333333333,1.0,0.3333333333333333,0.1666666666666666,0.2105263157894736,0.75,0.2631578947368421,0.3684210526315789,0.4285714285714285,0.6785714285714286,0.4642857142857143,0.5212660714285714,0.569775,0.5238473684210526,0.0989010989010989,0.1698113207547169,,0.0347826086956521,0.1913043478260869,8.217391304347826,25.80526315789474,0.2352941176470588,2026-02-07,22500755,POR,,1.0,,,,2.0,,2.0,1.0,,0.1111111111111111,0.5,,,,,0.2,2.0,,,,,1.0,,0.0357142857142857,,,1.0,1.0,,,,,,2025-26,2026,Regular Season,1610612763
48:00,100,101,31.0,15,10,201,15,24,2.0,5.0,5.0,8.0,13,22,4.0,5.0,1.0,5,,2.0,9,29,1.0,5.0,13.0,32,51,10,34,19,113,4.0,7.0,1.0,10,7.0,14.0,5.0,15.0,6.0,35.0,40,24,18,12.0,2.0,29,9,1,,20,6,26,5,1.0,11,7.0,58,7,5.0,17,10,3.0,30,12,42,5.0,17,11,6.0,12,1.0,7,6.0,5.0,18,4.0,9,18,1.0,,17,,1.0,24,3.0,,10,1.0,2.0,3.0,2.0,1.0,3.0,1.0,103,35.0,31.0,1.0,2.0,0.625,0.6451612903225806,0.6,0.2941176470588235,0.3333333333333333,0.2941176470588235,0.6274509803921569,0.5714285714285714,0.5,0.5529411764705883,0.5,0.5,0.5947368421052631,0.5555555555555556,0.5303030303030303,0.4,,0.0196078431372549,0.0416666666666666,,0.6666666666666666,1.0,0.5882352941176471,0.2631578947368421,0.7727272727272727,0.3181818181818182,0.6923076923076923,0.2926829268292683,0.2222222222222222,0.3333333333333333,,0.2222222222222222,0.75,0.2857142857142857,0.8,,0.7368421052631579,1.0,0.125,100.5,0.3333333333333333,13.918,14.734653465346534,13.437,14.22970297029703,0.2823529411764706,0.625,0.6521739130434783,0.7333333333333333,0.2588235294117647,0.5909090909090909,0.5909090909090909,0.5384615384615384,0.0588235294117647,0.8,0.8,0.0588235294117647,0.2,0.2,1.0,0.3411764705882353,0.3103448275862069,0.3103448275862069,0.5555555555555556,0.625,0.4,,0.125,0.2758620689655172,0.625,0.0689655172413793,0.4482758620689655,0.3846153846153846,0.6823529411764706,0.3103448275862069,0.522383734939759,0.5132333333333333,0.5465703703703704,0.1182795698924731,0.1724137931034483,0.0285714285714285,0.0884955752212389,0.3097345132743362,5.707843137254902,26.303125,0.31,2026-02-09,22500768,GSW,,,,,2.0,2.0,1.0,,1.0,,,0.5,,,,,,1.0,,,0.5,,1.0,,,,,,,,,,,,2025-26,2026,Regular Season,1610612763
47:59,97,98,32.0,49,7,195,13,24,1.0,5.0,4.0,6.0,12,22,2.0,6.0,5.0,9,,5.0,10,31,3.0,3.0,11.0,27,52,15,40,17,116,1.0,5.0,3.0,5,13.0,18.0,6.0,16.0,2.0,46.0,32,22,36,9.0,2.0,31,10,1,,16,12,28,7,5.0,9,7.0,68,5,6.0,8,16,1.0,25,11,36,1.0,12,8,4.0,2,,2,4.0,,6,2.0,10,32,,4.0,19,,1.0,21,3.0,,11,,1.0,4.0,2.0,2.0,5.0,4.0,111,45.0,31.0,4.0,,0.5925925925925926,0.6153846153846154,0.8,0.375,0.375,0.375,0.5192307692307693,0.2,0.7222222222222222,0.5380434782608695,0.3125,0.6470588235294118,0.5742574257425742,0.3125,0.6571428571428571,0.4347826086956521,,0.0192307692307692,0.0416666666666666,,0.3333333333333333,1.0,0.6153846153846154,0.24,0.6153846153846154,0.2,0.6153846153846154,0.22,0.4545454545454545,0.1,,0.238095238095238,,0.8571428571428571,0.5,0.6,0.6363636363636364,0.5,0.0204081632653061,97.50000000000006,0.8,13.894845360824744,15.634693877551,13.655670103092785,15.160204081632632,0.2608695652173913,0.5416666666666666,0.5652173913043478,0.6923076923076923,0.2391304347826087,0.5454545454545454,0.5454545454545454,0.5833333333333334,0.0652173913043478,0.3333333333333333,0.3333333333333333,0.0978260869565217,0.5555555555555556,0.5555555555555556,1.0,0.3369565217391304,0.3225806451612903,0.3225806451612903,0.7,0.625,0.2,,0.375,0.1764705882352941,0.6666666666666666,0.1470588235294117,0.3235294117647059,0.2727272727272727,0.6956521739130435,0.3225806451612903,0.5256587912087912,0.58745,0.5014969696969697,0.11,0.1833333333333333,,0.043103448275862,0.396551724137931,6.788461538461538,25.81794871794872,0.3298969072164948,2026-02-11,22500787,DEN,,3.0,1.0,1.0,,,,5.0,,0.3333333333333333,,,,,0.3333333333333333,1.0,0.6,,,,,,,,,,,1.0,,1.0,,,,,2025-26,2026,Regular Season,1610612763
48:00,110,110,27.0,30,11,220,22,31,4.0,6.0,7.0,7.0,11,26,,2.0,4.0,10,1.0,1.0,8,23,1.0,1.0,2.0,33,59,12,33,21,123,6.0,8.0,2.0,15,10.0,15.0,1.0,3.0,9.0,32.0,38,28,30,6.0,8.0,23,8,6,,19,10,29,6,4.0,14,5.0,68,3,11.0,17,16,3.0,36,14,50,2.0,15,10,5.0,11,3.0,5,6.0,6.0,17,3.0,9,16,,,24,,1.0,33,1.0,1.0,12,1.0,4.0,6.0,1.0,5.0,6.0,3.0,108,28.0,24.0,,1.0,0.5757575757575758,0.6551724137931034,0.8333333333333334,0.3636363636363636,0.3333333333333333,0.3636363636363636,0.559322033898305,0.75,0.6666666666666666,0.5543478260869565,0.6,0.6388888888888888,0.5700934579439252,0.625,0.64,0.358695652173913,,0.1016949152542373,0.032258064516129,,0.6470588235294118,1.0,0.64,0.4230769230769231,0.8095238095238095,0.1428571428571428,0.717391304347826,0.2978723404255319,0.7777777777777778,0.2666666666666666,,0.0666666666666666,0.3333333333333333,0.5,0.7142857142857143,0.6,0.8125,0.8,0.048780487804878,110.0,0.5,13.39909090909091,12.782727272727271,13.09909090909091,12.373636363636365,0.3369565217391304,0.7096774193548387,0.7333333333333333,0.6363636363636364,0.2826086956521739,0.4230769230769231,0.5238095238095238,0.4545454545454545,0.0217391304347826,,,0.108695652173913,0.4,0.4,1.0,0.25,0.3478260869565217,0.3478260869565217,0.75,0.6,0.6666666666666666,0.1,0.1,0.3888888888888889,1.0,0.0555555555555555,0.1111111111111111,0.5,0.6956521739130435,0.3478260869565217,0.5516282608695652,0.5710000000000001,0.5515777777777777,0.1262135922330097,0.1714285714285714,0.0303030303030303,0.1219512195121951,0.2601626016260163,4.742372881355933,24.86060606060606,0.2454545454545454,2026-02-20,22500804,UTA,,,,,3.0,,2.0,1.0,1.0,,0.1923076923076923,,,,,,,1.0,1.0,1.0,,,,,,,1.0,,,,,,,,2025-26,2026,Regular Season,1610612763
48:00,106,108,26.0,39,10,214,23,33,4.0,5.0,6.0,8.0,5,16,2.0,2.0,4.0,8,,1.0,11,38,1.0,2.0,11.0,30,51,15,46,15,120,5.0,8.0,1.0,14,8.0,14.0,2.0,12.0,4.0,26.0,44,16,27,18.0,2.0,38,11,4,1.0,22,9,31,6,3.0,17,3.0,71,6,5.0,14,14,3.0,31,12,43,4.0,14,9,5.0,8,1.0,3,5.0,5.0,13,1.0,16,22,,1.0,21,,1.0,22,2.0,,10,,2.0,7.0,5.0,1.0,7.0,6.0,106,26.0,26.0,2.0,2.0,0.7333333333333333,0.7586206896551724,0.6,0.3260869565217391,0.1666666666666666,0.3260869565217391,0.5882352941176471,0.625,0.5714285714285714,0.5412371134020618,0.7222222222222222,0.4230769230769231,0.5607476635514018,0.7,0.4333333333333333,0.4742268041237113,0.0217391304347826,0.0784313725490196,0.0303030303030303,,0.6153846153846154,0.75,0.6086956521739131,0.238095238095238,0.6086956521739131,0.2142857142857142,0.6086956521739131,0.2244897959183673,0.3,0.1818181818181818,,0.2083333333333333,0.25,0.5333333333333333,0.7142857142857143,1.0,0.6111111111111112,0.6,0.0888888888888888,107.0,0.8571428571428571,13.936792452830188,12.987962962962964,13.35377358490566,12.330555555555556,0.3402061855670103,0.696969696969697,0.71875,0.7391304347826086,0.1649484536082474,0.3125,0.3846153846153846,0.6,0.0206185567010309,1.0,1.0,0.0824742268041237,0.5,0.5,0.75,0.3917525773195876,0.2894736842105263,0.2972972972972973,0.5454545454545454,0.5555555555555556,0.8,,0.1111111111111111,0.3076923076923077,0.75,0.0384615384615384,0.4230769230769231,0.1818181818181818,0.8144329896907216,0.2894736842105263,0.5737126315789474,0.5393714285714285,0.5909791666666667,0.0952380952380952,0.1694915254237288,,0.1166666666666666,0.2166666666666666,4.337254901960784,25.51590909090909,0.2452830188679245,2026-02-21,22500813,MIA,,,1.0,1.0,1.0,2.0,2.0,1.0,1.0,1.0,0.1875,1.0,,,1.0,1.0,,1.0,,1.0,0.5,1.0,2.0,,0.0263157894736842,0.25,,,,,,1.0,,,2025-26,2026,Regular Season,1610612763
48:00,103,104,23.0,21,10,207,21,32,5.0,6.0,5.0,7.0,8,17,1.0,4.0,4.0,9,1.0,2.0,8,26,3.0,2.0,7.0,30,53,12,35,18,114,5.0,7.0,4.0,16,7.0,11.0,4.0,9.0,5.0,31.0,44,16,33,3.0,6.0,26,8,7,,22,11,33,7,4.0,16,5.0,77,6,5.0,13,17,2.0,32,11,43,,13,4,9.0,12,3.0,9,6.0,3.0,18,5.0,12,18,,1.0,15,,,20,2.0,1.0,7,1.0,2.0,3.0,2.0,1.0,3.0,2.0,98,31.0,23.0,,1.0,0.7333333333333333,0.8148148148148148,0.9166666666666666,0.3428571428571428,0.4444444444444444,0.3428571428571428,0.5660377358490566,0.7142857142857143,0.6363636363636364,0.5454545454545454,0.7272727272727273,0.65,0.5885416666666666,0.7272727272727273,0.7045454545454546,0.3977272727272727,,0.1320754716981132,0.15625,,0.6666666666666666,1.0,0.6071428571428571,0.2272727272727272,0.7222222222222222,0.2727272727272727,0.6521739130434783,0.25,0.4545454545454545,,,0.3529411764705882,,0.6666666666666666,0.5625,0.6666666666666666,0.7857142857142857,0.5,,103.5,0.6666666666666666,13.676699029126214,14.147115384615384,13.268932038834953,13.77596153846154,0.3636363636363636,0.65625,0.7777777777777778,0.7619047619047619,0.1931818181818181,0.4705882352941176,0.5333333333333333,0.625,0.0454545454545454,0.25,0.25,0.1022727272727272,0.4444444444444444,0.4444444444444444,1.0,0.2954545454545454,0.3076923076923077,0.3076923076923077,0.875,0.5454545454545454,0.8333333333333334,0.0909090909090909,0.2727272727272727,0.35,0.7142857142857143,0.1,0.35,0.2857142857142857,0.7613636363636364,0.3076923076923077,0.5795178160919541,0.622,0.5837473684210527,0.0851063829787234,0.1206896551724138,0.0277777777777777,0.1403508771929824,0.2719298245614035,4.750943396226416,24.891176470588235,0.2233009708737864,2026-02-23,22500829,SAC,1.0,2.0,1.0,2.0,,1.0,,2.0,,0.5,0.1176470588235294,1.0,1.0,1.0,0.3333333333333333,1.0,1.0,,,2.0,0.4,,,,,,,,,,,,,,2025-26,2026,Regular Season,1610612763
48:00,97,98,16.0,27,9,195,10,15,2.0,2.0,1.0,1.0,12,24,2.0,4.0,4.0,11,,2.0,13,30,5.0,3.0,7.0,24,43,17,41,13,112,4.0,5.0,5.0,17,2.0,4.0,4.0,9.0,3.0,19.0,30,18,45,6.0,4.0,30,13,4,2.0,15,15,30,11,4.0,8,6.0,75,4,6.0,16,10,1.0,27,10,37,1.0,7,5,2.0,12,,8,4.0,4.0,16,2.0,7,16,1.0,,21,1.0,4.0,18,4.0,,11,,,4.0,2.0,1.0,4.0,2.0,95,19.0,16.0,3.0,,0.625,0.6818181818181818,0.8823529411764706,0.4146341463414634,0.4444444444444444,0.4146341463414634,0.5581395348837209,0.8,0.5,0.5892857142857143,0.85,0.6153846153846154,0.6153846153846154,0.85,0.6333333333333333,0.4880952380952381,0.048780487804878,0.0930232558139534,0.1333333333333333,0.0909090909090909,0.75,0.5,0.625,0.3157894736842105,0.5925925925925926,0.1666666666666666,0.6046511627906976,0.2325581395348837,0.4,0.25,0.5,0.1764705882352941,0.1428571428571428,0.5,0.6666666666666666,1.0,0.6190476190476191,0.5,0.027027027027027,97.5,0.5,13.670103092783505,15.857142857142858,13.36701030927835,15.214285714285714,0.1785714285714285,0.6666666666666666,0.7692307692307693,0.8,0.2857142857142857,0.5,0.5454545454545454,0.5,0.0476190476190476,0.5,0.5,0.1309523809523809,0.3636363636363636,0.4,1.0,0.3571428571428571,0.4333333333333333,0.4482758620689655,0.8461538461538461,0.2,1.0,,0.5,0.0769230769230769,1.0,0.1538461538461538,0.5384615384615384,0.4285714285714285,0.6666666666666666,0.4333333333333333,0.5182353658536586,0.5304714285714286,0.5144291666666666,0.1208791208791208,0.22,,0.1517857142857142,0.1696428571428571,7.058139534883721,25.98780487804878,0.1649484536082474,2026-02-25,22500844,GSW,,1.0,3.0,3.0,,1.0,,3.0,,0.6,0.0833333333333333,0.5,,,0.6,1.0,0.5,,,,,,1.0,,0.0333333333333333,,,,,,,1.0,,1.0,2025-26,2026,Regular Season,1610612763
48:00,101,102,13.0,44,11,203,17,20,2.0,2.0,4.0,4.0,14,31,4.0,10.0,5.0,9,2.0,,7,23,,1.0,3.0,35,61,12,32,18,124,6.0,8.0,2.0,18,4.0,7.0,1.0,3.0,4.0,15.0,40,30,27,9.0,8.0,23,7,4,,20,9,29,4,5.0,14,4.0,67,4,8.0,15,14,5.0,34,12,46,3.0,13,6,7.0,4,5.0,3,7.0,1.0,11,2.0,15,26,,1.0,13,,2.0,21,1.0,,9,2.0,,5.0,3.0,2.0,7.0,3.0,106,15.0,13.0,4.0,,0.5714285714285714,0.6451612903225806,0.75,0.375,0.3333333333333333,0.375,0.5737704918032787,0.75,0.5714285714285714,0.5698924731182796,0.75,0.55,0.6078431372549019,0.8181818181818182,0.625,0.3440860215053763,,0.0655737704918032,0.1,,0.3636363636363636,1.0,0.5,0.3076923076923077,0.625,0.2,0.5576923076923077,0.2608695652173913,,0.4117647058823529,0.1666666666666666,0.25,,0.5,0.4615384615384615,0.6666666666666666,0.631578947368421,0.6,0.0714285714285714,101.5,0.4285714285714285,13.504950495049505,14.862745098039216,13.065346534653465,13.841176470588234,0.2150537634408602,0.85,0.9444444444444444,0.8235294117647058,0.3333333333333333,0.4516129032258064,0.4827586206896552,0.2857142857142857,0.1075268817204301,0.4,0.4,0.0967741935483871,0.5555555555555556,0.5555555555555556,1.0,0.2473118279569892,0.3043478260869565,0.3043478260869565,0.5714285714285714,0.2,1.0,0.2,,0.4,1.0,,0.3,0.3333333333333333,0.5591397849462365,0.3043478260869565,0.5405752688172043,0.528625,0.588355,0.1078431372549019,0.1304347826086956,0.0606060606060606,0.1451612903225806,0.1209677419354838,8.057377049180328,25.328125,0.1287128712871287,2026-02-27,22500861,DAL,1.0,,,1.0,3.0,2.0,1.0,6.0,,0.5,0.064516129032258,0.5,0.5,1.0,,,,1.0,1.0,,0.5,,,,,,,2.0,,2.0,,,,,2025-26,2026,Regular Season,1610612763
48:00,96,97,9.0,12,12,193,21,28,2.0,6.0,1.0,1.0,9,25,3.0,6.0,5.0,11,3.0,2.0,10,24,1.0,,4.0,33,59,15,35,14,125,3.0,11.0,4.0,9,1.0,1.0,1.0,6.0,2.0,7.0,40,26,42,3.0,4.0,24,10,9,,20,14,34,9,5.0,13,5.0,82,5,12.0,19,9,3.0,31,17,48,2.0,12,5,7.0,5,1.0,3,8.0,2.0,13,1.0,10,16,,1.0,13,,2.0,14,1.0,1.0,7,,,8.0,3.0,5.0,9.0,6.0,116,7.0,9.0,,,0.6060606060606061,0.6451612903225806,0.9333333333333332,0.4285714285714285,0.1666666666666666,0.4285714285714285,0.559322033898305,0.2727272727272727,1.0,0.5904255319148937,0.3,0.3571428571428571,0.62,0.3,0.4375,0.3723404255319149,,0.1525423728813559,0.1071428571428571,,0.3846153846153846,1.0,0.5294117647058824,0.48,0.7916666666666666,0.25,0.6829268292682927,0.3777777777777777,0.7142857142857143,0.4375,,0.2142857142857142,0.3333333333333333,0.8571428571428571,0.3,,0.8235294117647058,0.7142857142857143,0.0555555555555555,96.5,0.6666666666666666,14.978125,14.86701030927835,14.195833333333336,14.36701030927835,0.2978723404255319,0.75,0.84,0.6190476190476191,0.2659574468085106,0.36,0.4736842105263157,0.5555555555555556,0.0638297872340425,0.5,0.5,0.1170212765957446,0.4545454545454545,0.4545454545454545,1.0,0.2553191489361702,0.4166666666666667,0.4166666666666667,0.9,0.4,0.3333333333333333,0.2,0.0666666666666666,0.1428571428571428,1.0,0.2857142857142857,0.5714285714285714,,0.6702127659574468,0.4166666666666667,0.5300223404255319,0.5352230769230769,0.5414857142857142,0.07,0.1076923076923077,,0.072,0.056,6.205084745762712,25.14,0.09375,2026-03-01,22500872,IND,,1.0,1.0,1.0,,2.0,2.0,2.0,,0.25,0.24,0.6666666666666666,,,1.0,1.0,0.5,1.0,,,,,2.0,,,,1.0,1.0,,1.0,,,,,2025-26,2026,Regular Season,1610612763
48:00,104,104,29.0,28,5,208,10,17,1.0,1.0,5.0,7.0,9,21,2.0,3.0,3.0,11,,3.0,12,27,1.0,3.0,7.0,21,41,15,38,23,110,2.0,2.0,1.0,9,7.0,11.0,5.0,10.0,9.0,38.0,26,16,42,3.0,2.0,27,12,2,,13,14,27,11,3.0,7,4.0,68,4,,16,11,1.0,28,5,33,,9,7,2.0,8,1.0,7,9.0,1.0,17,4.0,12,26,,2.0,23,,3.0,29,2.0,,12,,3.0,4.0,3.0,1.0,4.0,1.0,101,38.0,29.0,4.0,2.0,0.6190476190476191,0.65,0.9333333333333332,0.3947368421052631,0.5,0.3947368421052631,0.5121951219512195,1.0,0.6363636363636364,0.5506329113924051,1.1666666666666667,0.6904761904761905,0.5978260869565217,1.125,0.7307692307692307,0.4810126582278481,,0.048780487804878,0.0588235294117647,,0.4705882352941176,1.0,0.55,,0.7619047619047619,0.1739130434782608,0.6585365853658537,0.0930232558139534,,,,0.1333333333333333,0.25,0.375,0.7142857142857143,0.6,0.7647058823529411,0.75,,103.99999999999994,0.25,13.48653846153848,14.205769230769231,13.407692307692326,13.75096153846154,0.2151898734177215,0.5882352941176471,0.625,0.7,0.2658227848101265,0.4285714285714285,0.45,0.4444444444444444,0.0379746835443038,0.6666666666666666,0.6666666666666666,0.1392405063291139,0.2727272727272727,0.2727272727272727,1.0,0.3417721518987341,0.4444444444444444,0.4444444444444444,0.9166666666666666,0.3333333333333333,1.0,,0.3333333333333333,0.3333333333333333,0.7142857142857143,0.1428571428571428,0.3333333333333333,0.4285714285714285,0.6962025316455697,0.4444444444444444,0.5563886075949367,0.5887,0.5647595238095238,0.1348314606741573,0.2352941176470588,,0.0818181818181818,0.3454545454545454,6.429268292682927,24.721052631578942,0.2788461538461538,2026-03-03,22500890,MIN,,2.0,1.0,1.0,2.0,2.0,1.0,1.0,,1.0,0.0476190476190476,1.0,,,1.0,1.0,0.6666666666666666,1.0,,,,1.0,2.0,,,0.3333333333333333,1.0,,,,,,,,2025-26,2026,Regular Season,1610612763
48:00,100,99,47.0,25,16,199,10,21,2.0,7.0,3.0,7.0,13,31,2.0,3.0,2.0,7,,5.0,12,25,3.0,6.0,12.0,25,55,14,32,22,114,3.0,10.0,3.0,16,12.0,25.0,8.0,17.0,7.0,55.0,30,20,30,12.0,4.0,25,12,11,,15,10,25,8,2.0,6,8.0,60,7,11.0,16,10,1.0,27,18,45,4.0,12,5,7.0,10,1.0,4,7.0,6.0,17,8.0,8,23,,4.0,22,,,33,2.0,1.0,15,,2.0,6.0,4.0,2.0,6.0,4.0,98,55.0,47.0,2.0,1.0,0.6,0.6521739130434783,0.7142857142857143,0.4375,0.4705882352941176,0.4375,0.4545454545454545,0.3,0.48,0.5287356321839081,0.4615384615384615,0.5714285714285714,0.553921568627451,0.4411764705882353,0.5851063829787234,0.367816091954023,,0.2,0.1904761904761904,,0.5882352941176471,0.5,0.5555555555555556,0.3666666666666666,0.5714285714285714,0.3888888888888889,0.5652173913043478,0.375,0.4545454545454545,0.3333333333333333,,0.2307692307692307,0.8,0.4444444444444444,0.75,,0.5555555555555556,0.6,0.1081081081081081,99.5,0.6666666666666666,14.605,14.33838383838384,13.555,13.434343434343434,0.2413793103448276,0.4761904761904761,0.5882352941176471,0.6,0.3563218390804598,0.4193548387096774,0.5416666666666666,0.6153846153846154,0.0344827586206896,0.6666666666666666,0.6666666666666666,0.0804597701149425,0.2857142857142857,0.2857142857142857,1.0,0.2873563218390804,0.48,0.48,0.6666666666666666,0.5384615384615384,0.2857142857142857,,0.2307692307692307,0.1666666666666666,0.4285714285714285,0.119047619047619,0.2857142857142857,0.5,0.6091954022988506,0.48,0.5066448275862069,0.56157,0.4936404761904762,0.15,0.2205882352941176,,0.1403508771929824,0.4824561403508772,5.94,25.184375,0.47,2026-03-04,22500896,POR,,2.0,2.0,2.0,4.0,1.0,1.0,,2.0,0.6666666666666666,0.2258064516129032,0.5,,,0.6666666666666666,1.0,0.4,,,,,,1.0,,,,,,,,,,,,2025-26,2026,Regular Season,1610612763
48:00,96,97,28.0,46,13,193,13,20,3.0,4.0,4.0,7.0,12,20,1.0,4.0,5.0,12,3.0,3.0,11,32,2.0,2.0,11.0,26,44,16,44,20,120,4.0,7.0,5.0,14,8.0,15.0,3.0,14.0,2.0,27.0,32,20,39,9.0,2.0,32,11,2,,16,13,29,9,4.0,10,5.0,71,9,6.0,5,15,3.0,23,16,39,1.0,8,3,5.0,10,1.0,5,5.0,5.0,15,7.0,18,29,,,19,,2.0,24,4.0,,11,1.0,1.0,6.0,6.0,,6.0,4.0,106,27.0,28.0,5.0,1.0,0.6153846153846154,0.64,0.8125,0.3636363636363636,0.2142857142857142,0.3636363636363636,0.5909090909090909,0.5714285714285714,0.5333333333333333,0.5681818181818182,0.5833333333333334,0.4310344827586206,0.6185567010309279,0.5833333333333334,0.45,0.5,,0.0454545454545454,0.1,,0.6666666666666666,0.75,0.5357142857142857,0.3333333333333333,0.4166666666666667,0.3461538461538461,0.5,0.3409090909090909,0.4285714285714285,0.375,,0.25,0.6666666666666666,0.5625,0.4,1.0,0.4166666666666667,,0.0238095238095238,96.5,0.6666666666666666,14.552083333333334,15.288659793814434,13.925,14.530927835051546,0.2272727272727272,0.65,0.7222222222222222,0.7692307692307693,0.2272727272727272,0.6,0.6,0.4166666666666667,0.0454545454545454,0.25,0.25,0.1363636363636363,0.4166666666666667,0.4166666666666667,0.8,0.3636363636363636,0.34375,0.34375,0.8181818181818182,0.3333333333333333,0.75,0.25,0.1666666666666666,0.2413793103448276,0.5714285714285714,0.1034482758620689,0.3793103448275862,0.1818181818181818,0.7272727272727273,0.34375,0.5562454022988506,0.52616,0.5366785714285714,0.125,0.2156862745098039,0.0222222222222222,0.1166666666666666,0.225,5.538636363636363,25.088372093023256,0.2916666666666667,2026-03-07,22500918,LAC,2.0,1.0,,2.0,,1.0,2.0,1.0,,0.4,,1.0,0.6666666666666666,0.5,,,0.3333333333333333,3.0,,,0.6666666666666666,1.0,,,,0.3333333333333333,,,,,,,,,2025-26,2026,Regular Season,1610612763
47:59,99,98,19.0,14,17,197,16,24,4.0,6.0,6.0,7.0,10,30,,3.0,4.0,10,,2.0,10,25,5.0,2.0,3.0,26,57,14,35,21,115,6.0,11.0,5.0,21,7.0,11.0,2.0,5.0,5.0,25.0,24,28,39,3.0,4.0,25,10,9,,12,13,25,9,4.0,7,5.0,63,7,14.0,12,13,,25,21,46,2.0,9,6,3.0,10,2.0,4,5.0,6.0,15,4.0,11,15,,,21,,4.0,25,3.0,,13,,1.0,8.0,6.0,2.0,8.0,4.0,94,25.0,19.0,,1.0,0.4615384615384615,0.5,0.9285714285714286,0.4,0.4,0.4,0.4561403508771929,0.5454545454545454,0.6363636363636364,0.5108695652173914,0.46875,0.625,0.558252427184466,0.5526315789473685,0.6578947368421053,0.3804347826086957,,0.1578947368421052,0.0833333333333333,,0.6666666666666666,,0.5909090909090909,0.4516129032258064,0.75,0.35,0.6578947368421053,0.4117647058823529,0.5,0.5,,0.3333333333333333,0.4,0.6153846153846154,0.5,1.0,0.6666666666666666,0.8571428571428571,0.0476190476190476,98.50000000000006,0.5,15.004040404040383,14.23061224489796,14.108080808080787,13.464285714285714,0.2608695652173913,0.6666666666666666,0.7272727272727273,0.4375,0.3260869565217391,0.3333333333333333,0.4347826086956521,0.5,0.0326086956521739,,,0.108695652173913,0.4,0.4,1.0,0.2717391304347826,0.4,0.4,0.9,0.375,0.6666666666666666,,0.3125,0.4375,0.8571428571428571,0.125,0.1875,0.6666666666666666,0.6413043478260869,0.4,0.5317576923076923,0.525523076923077,0.55336,0.1274509803921568,0.1940298507462686,,0.1826086956521739,0.217391304347826,6.14561403508772,25.205714285714286,0.1919191919191919,2026-03-09,22500932,BKN,,,1.0,1.0,6.0,,1.0,1.0,1.0,0.2,0.2333333333333333,,,,0.2,1.0,,1.0,,1.0,0.25,,1.0,,,,,,,,,,,,2025-26,2026,Regular Season,1610612763
48:00,100,102,54.0,41,19,202,25,33,9.0,12.0,18.0,25.0,4,13,2.0,8.0,3.0,10,1.0,4.0,14,34,3.0,6.0,15.0,31,54,17,44,16,129,9.0,14.0,4.0,28,20.0,37.0,7.0,19.0,7.0,68.0,24,38,42,9.0,16.0,34,14,5,,12,14,26,11,3.0,10,1.0,66,11,13.0,14,12,2.0,28,24,52,5.0,5,2,3.0,13,2.0,4,7.0,9.0,20,8.0,19,31,1.0,,25,,2.0,21,7.0,,13,,1.0,3.0,2.0,1.0,3.0,2.0,101,68.0,54.0,6.0,,0.3870967741935484,0.5217391304347826,0.8235294117647058,0.3863636363636363,0.3684210526315789,0.3863636363636363,0.5740740740740741,0.6428571428571429,0.5405405405405406,0.576530612244898,0.6666666666666666,0.5446428571428571,0.6142857142857143,0.7,0.576271186440678,0.4489795918367347,,0.0925925925925925,0.0606060606060606,,0.65,0.6666666666666666,0.6,0.5652173913043478,0.7,0.4074074074074074,0.65,0.48,0.625,0.6666666666666666,0.3333333333333333,0.25,0.8571428571428571,0.6363636363636364,0.5714285714285714,0.5,0.7222222222222222,0.5,0.1111111111111111,100.99999999999994,0.6666666666666666,14.98200000000002,13.547058823529412,14.036000000000024,13.31078431372549,0.336734693877551,0.7575757575757576,0.8064516129032258,0.4,0.1326530612244898,0.3076923076923077,0.3636363636363636,0.25,0.0816326530612244,0.25,0.2857142857142857,0.1020408163265306,0.3,0.3,1.0,0.3469387755102041,0.4117647058823529,0.4117647058823529,0.7857142857142857,0.6666666666666666,0.75,0.0555555555555555,0.1666666666666666,0.4464285714285714,0.72,0.0714285714285714,0.2678571428571428,0.4,0.7857142857142857,0.4117647058823529,0.5619324742268041,0.5828450000000001,0.5646372727272727,0.125,0.2166666666666666,,0.2170542635658914,0.5271317829457365,5.918518518518519,26.0953488372093,0.54,2026-03-10,22500936,PHI,,1.0,2.0,2.0,4.0,1.0,3.0,,2.0,0.5,0.1538461538461538,0.5,,,0.6666666666666666,0.5,0.25,3.0,,,,,1.0,0.125,,,,,,,,,,,2025-26,2026,Regular Season,1610612763
48:00,101,101,16.0,36,15,202,17,30,4.0,6.0,4.0,4.0,6,15,4.0,5.0,2.0,7,,3.0,12,42,9.0,3.0,8.0,27,50,14,49,16,112,4.0,7.0,9.0,11,5.0,5.0,5.0,11.0,4.0,29.0,28,26,36,6.0,8.0,42,12,8,1.0,14,12,26,10,2.0,10,2.0,64,8,7.0,13,12,2.0,27,17,44,1.0,10,7,3.0,8,2.0,5,2.0,3.0,10,,9,18,,,17,,1.0,22,2.0,1.0,10,1.0,,5.0,4.0,1.0,5.0,2.0,101,29.0,16.0,3.0,,0.5185185185185185,0.6086956521739131,0.8571428571428571,0.2857142857142857,0.4545454545454545,0.2857142857142857,0.54,0.5714285714285714,1.0,0.4848484848484848,0.34375,0.78125,0.5138888888888888,0.3235294117647059,0.8055555555555556,0.494949494949495,0.0204081632653061,0.16,0.2,,0.8,0.5,0.4615384615384615,0.3043478260869565,0.65,0.2352941176470588,0.5434782608695652,0.2631578947368421,0.3846153846153846,0.2222222222222222,,0.2758620689655172,,0.4,0.4,0.6666666666666666,0.6153846153846154,0.7142857142857143,0.0208333333333333,100.99999999999994,0.4,13.74950495049505,14.765346534653483,12.886138613861386,14.114851485148534,0.303030303030303,0.5666666666666667,0.7083333333333334,0.5882352941176471,0.1515151515151515,0.4,0.4285714285714285,0.3333333333333333,0.0505050505050505,0.8,1.0,0.0707070707070707,0.2857142857142857,0.2857142857142857,1.0,0.4242424242424242,0.2857142857142857,0.2926829268292683,0.8333333333333334,0.375,0.6666666666666666,,0.5625,0.25,1.0,0.1875,0.5,0.375,0.797979797979798,0.2857142857142857,0.5361933673469388,0.530285,0.5323733333333334,0.1018518518518518,0.1724137931034483,0.02,0.0982142857142857,0.2589285714285714,5.734,25.51875,0.1584158415841584,2026-03-12,22501111,DAL,,2.0,1.0,1.0,,2.0,,3.0,1.0,0.1111111111111111,0.0666666666666666,0.5,,,0.1111111111111111,1.0,0.6666666666666666,,,,,2.0,,0.2,0.0238095238095238,0.6666666666666666,,,,,,,,,2025-26,2026,Regular Season,1610612763
48:00,98,99,25.0,38,15,197,11,21,5.0,7.0,1.0,3.0,10,21,2.0,6.0,5.0,11,2.0,3.0,10,30,,4.0,8.0,23,48,15,41,19,110,9.0,13.0,2.0,21,5.0,10.0,6.0,11.0,7.0,35.0,20,26,30,15.0,12.0,30,10,6,,10,10,20,5,5.0,3,6.0,50,6,11.0,12,9,3.0,24,17,41,1.0,11,6,5.0,12,2.0,6,5.0,6.0,17,3.0,10,20,,1.0,19,,1.0,24,3.0,2.0,8,2.0,2.0,2.0,2.0,,2.0,1.0,89,35.0,25.0,1.0,2.0,0.4347826086956521,0.5882352941176471,0.6666666666666666,0.3658536585365853,0.5454545454545454,0.3658536585365853,0.4791666666666667,0.6923076923076923,0.5,0.5112359550561798,0.7,0.6666666666666666,0.5510204081632653,0.7,0.7,0.4606741573033708,,0.125,0.1904761904761904,,0.7058823529411765,1.0,0.4736842105263157,0.44,0.5217391304347826,0.24,0.5,0.34,0.3,0.6363636363636364,0.25,0.3157894736842105,,0.5,0.4285714285714285,,0.5333333333333333,0.5,0.0227272727272727,98.49999999999994,0.5,14.96938775510204,14.272727272727291,14.121428571428572,13.686868686868708,0.2359550561797752,0.5238095238095238,0.6470588235294118,0.2727272727272727,0.2359550561797752,0.4761904761904761,0.5263157894736842,0.6,0.0674157303370786,0.3333333333333333,0.3333333333333333,0.1235955056179775,0.4545454545454545,0.4545454545454545,1.0,0.3370786516853932,0.3333333333333333,0.3333333333333333,0.5,0.4666666666666667,0.7142857142857143,0.1333333333333333,,0.1428571428571428,0.3333333333333333,0.1428571428571428,0.3809523809523809,0.5,0.6966292134831461,0.3333333333333333,0.5261983146067416,0.54738,0.5033047619047619,0.1041666666666666,0.1509433962264151,0.0465116279069767,0.1909090909090909,0.3181818181818182,6.3812500000000005,25.978048780487804,0.2551020408163265,2026-03-13,22500961,DET,1.0,2.0,,1.0,,1.0,1.0,2.0,2.0,0.5,0.0952380952380952,0.5,0.5,1.0,,,0.6666666666666666,,,,,,,,,,1.0,,,,,,,,2025-26,2026,Regular Season,1610612763
48:00,101,103,11.0,21,11,204,14,22,2.0,5.0,1.0,1.0,8,17,3.0,8.0,5.0,9,1.0,1.0,9,31,1.0,,5.0,25,47,14,40,15,107,4.0,8.0,2.0,13,3.0,7.0,,6.0,2.0,8.0,34,16,39,3.0,2.0,31,9,4,2.0,17,13,30,8,5.0,12,2.0,73,5,8.0,20,8,1.0,29,13,42,2.0,10,6,4.0,9,4.0,6,9.0,3.0,18,,11,18,2.0,,16,,1.0,19,1.0,,10,,,5.0,5.0,,5.0,2.0,94,8.0,11.0,,,0.68,0.7083333333333334,0.9285714285714286,0.35,,0.35,0.5319148936170213,0.5,0.4285714285714285,0.5287356321839081,0.55,0.2307692307692307,0.5572916666666666,0.5909090909090909,0.2857142857142857,0.4597701149425287,0.05,0.0851063829787234,0.0909090909090909,,0.5,1.0,0.5333333333333333,0.3636363636363636,0.6666666666666666,0.2,0.6222222222222222,0.2765957446808511,0.625,0.2222222222222222,0.2,0.238095238095238,,0.4444444444444444,0.6,1.0,0.7142857142857143,0.5555555555555556,0.0476190476190476,102.0,0.4,14.07821782178218,14.15631067961165,13.395049504950496,13.541747572815533,0.2528735632183908,0.6363636363636364,0.7,0.8571428571428571,0.1954022988505747,0.4705882352941176,0.5333333333333333,0.25,0.0919540229885057,0.375,0.375,0.1034482758620689,0.5555555555555556,0.5555555555555556,1.0,0.3563218390804598,0.2903225806451613,0.3103448275862069,0.8888888888888888,0.5,0.4,0.1,0.1,0.0769230769230769,1.0,0.0769230769230769,0.3846153846153846,,0.7126436781609196,0.2903225806451613,0.5595912790697675,0.5914714285714285,0.4832375,0.1041666666666666,0.1785714285714285,,0.1214953271028037,0.0747663551401869,6.348936170212766,25.128205128205128,0.1089108910891089,2026-03-16,22500987,CHI,1.0,,,1.0,2.0,3.0,2.0,,1.0,0.5,0.1176470588235294,1.0,1.0,1.0,,,,,,,1.0,,1.0,,0.064516129032258,,1.0,,,,,,,,2025-26,2026,Regular Season,1610612763
48:00,108,108,30.0,18,15,216,15,23,3.0,5.0,2.0,6.0,10,22,1.0,4.0,1.0,14,1.0,5.0,15,35,3.0,2.0,7.0,26,49,16,49,25,125,5.0,8.0,4.0,13,6.0,11.0,2.0,12.0,14.0,32.0,24,28,30,18.0,2.0,35,15,5,,12,10,22,9,1.0,7,4.0,54,10,5.0,18,17,1.0,36,15,51,1.0,12,6,6.0,6,1.0,4,4.0,2.0,10,4.0,9,17,,,24,,2.0,32,2.0,2.0,11,,5.0,9.0,7.0,2.0,9.0,5.0,112,30.0,29.0,2.0,4.0,0.4615384615384615,0.48,0.625,0.3265306122448979,0.1666666666666666,0.3265306122448979,0.5306122448979592,0.625,0.5454545454545454,0.5102040816326531,0.4166666666666667,0.391304347826087,0.5491071428571429,0.4642857142857143,0.5166666666666667,0.5,,0.1020408163265306,0.1304347826086956,,0.6,1.0,0.7391304347826086,0.217391304347826,0.782608695652174,0.3125,0.7608695652173914,0.2727272727272727,0.125,0.1666666666666666,0.6666666666666666,0.2631578947368421,0.3846153846153846,0.5454545454545454,0.9,1.0,0.75,0.8571428571428571,0.02,108.0,0.5555555555555556,12.941666666666666,13.725,12.142592592592594,13.280555555555557,0.2346938775510204,0.6521739130434783,0.75,0.4666666666666667,0.2244897959183673,0.4545454545454545,0.5,0.4,0.0408163265306122,0.25,0.25,0.1428571428571428,0.0714285714285714,0.0714285714285714,1.0,0.3571428571428571,0.4285714285714285,0.4285714285714285,0.6,0.4166666666666667,0.6,0.0833333333333333,0.25,0.2608695652173913,0.3333333333333333,0.217391304347826,0.3043478260869565,0.2857142857142857,0.7346938775510204,0.4285714285714285,0.5403321428571429,0.4705428571428571,0.52265,0.102803738317757,0.1896551724137931,,0.104,0.256,6.989795918367347,25.702040816326534,0.2777777777777778,2026-03-18,22500651,DEN,,,,,3.0,1.0,1.0,,3.0,,0.0909090909090909,1.0,,,,,,1.0,,1.0,0.6666666666666666,,,,,,1.0,,,,,,,,2025-26,2026,Regular Season,1610612763
48:00,96,95,24.0,37,8,191,13,18,2.0,3.0,6.0,7.0,10,19,5.0,10.0,3.0,9,1.0,3.0,11,35,1.0,4.0,9.0,28,47,14,44,14,112,5.0,7.0,2.0,13,8.0,13.0,5.0,12.0,4.0,35.0,28,28,30,12.0,,35,11,2,,14,10,24,7,3.0,7,5.0,58,6,3.0,21,7,3.0,31,9,40,,7,5,2.0,4,1.0,3,5.0,1.0,9,1.0,12,23,1.0,1.0,20,,3.0,17,5.0,,10,,1.0,2.0,1.0,1.0,3.0,2.0,99,35.0,24.0,2.0,1.0,0.5,0.5,0.7142857142857143,0.3181818181818182,0.4166666666666667,0.3181818181818182,0.5957446808510638,0.7142857142857143,0.6153846153846154,0.5384615384615384,0.7222222222222222,0.62,0.5773195876288659,0.7222222222222222,0.6481481481481481,0.4835164835164835,,0.0425531914893617,,,0.4444444444444444,1.0,0.3888888888888889,0.1578947368421052,0.6774193548387096,0.2142857142857142,0.5714285714285714,0.1914893617021276,,0.3333333333333333,,0.2727272727272727,,0.4444444444444444,0.4,0.25,0.6428571428571429,1.0,,95.5,0.6666666666666666,13.805208333333333,16.365263157894738,13.294791666666669,15.395789473684212,0.1978021978021978,0.7222222222222222,0.7222222222222222,0.5384615384615384,0.2087912087912088,0.5263157894736842,0.5882352941176471,0.5,0.1098901098901098,0.5,0.5,0.0989010989010989,0.3333333333333333,0.3333333333333333,1.0,0.3846153846153846,0.3142857142857143,0.3142857142857143,0.6363636363636364,0.3333333333333333,0.6666666666666666,0.1111111111111111,0.1111111111111111,0.28,0.8571428571428571,0.12,0.36,0.4444444444444444,0.6813186813186813,0.3142857142857143,0.5392202247191011,0.4443833333333333,0.5627369565217392,0.1041666666666666,0.1923076923076923,,0.1160714285714285,0.3125,8.091489361702127,25.35581395348837,0.25,2026-03-20,22501019,BOS,,1.0,1.0,1.0,,2.0,,2.0,2.0,0.5,0.1052631578947368,0.4,,,1.0,1.0,0.3333333333333333,1.0,,,0.5,,,,,,,1.0,,1.0,,,,,2025-26,2026,Regular Season,1610612763
47:59,98,99,8.0,42,10,197,17,30,3.0,5.0,,2.0,2,7,,3.0,7.0,12,1.0,,9,34,4.0,,2.0,19,40,16,46,15,101,3.0,5.0,5.0,17,,3.0,,2.0,4.0,4.0,14,24,39,9.0,4.0,34,9,4,,7,13,20,6,7.0,6,1.0,53,8,3.0,17,7,3.0,27,11,38,2.0,10,7,3.0,7,3.0,6,6.0,1.0,13,2.0,9,20,1.0,,16,,1.0,19,,,8,,1.0,1.0,1.0,,1.0,1.0,84,4.0,8.0,4.0,1.0,0.3684210526315789,0.4117647058823529,0.8125,0.3478260869565217,,0.3478260869565217,0.475,0.6,,0.5,0.75,,0.531578947368421,0.7727272727272727,0.2857142857142857,0.5348837209302325,,0.1,0.1333333333333333,,0.5384615384615384,1.0,0.5,0.1428571428571428,0.68,0.2666666666666666,0.6153846153846154,0.2156862745098039,0.1538461538461538,0.2,,0.24,0.4,0.3333333333333333,0.6666666666666666,1.0,0.5882352941176471,0.875,0.0425531914893617,98.50000000000006,1.0,14.503061224489796,14.734343434343414,14.066326530612244,14.14141414141412,0.3488372093023256,0.5666666666666667,0.6538461538461539,0.3529411764705882,0.0813953488372093,0.2857142857142857,0.2857142857142857,0.5,0.0348837209302325,,,0.1395348837209302,0.5833333333333334,0.5833333333333334,1.0,0.3953488372093023,0.2647058823529412,0.2647058823529412,0.6666666666666666,0.5,0.6,0.1,0.4,0.4,,,0.4,,0.8837209302325582,0.2647058823529412,0.5877,0.58835,0.5848099999999999,0.0851063829787234,0.1666666666666666,,0.1683168316831683,0.0396039603960396,3.925,25.65,0.0816326530612244,2026-03-21,22501023,CHA,1.0,,2.0,3.0,2.0,,,4.0,1.0,0.6,,,1.0,1.0,0.5,1.0,,,,,,,2.0,,,,,,,,,,,,2025-26,2026,Regular Season,1610612763
48:00,103,104,21.0,58,12,207,13,24,2.0,5.0,3.0,5.0,7,13,1.0,3.0,2.0,9,1.0,2.0,12,34,3.0,3.0,7.0,21,40,14,43,23,107,3.0,6.0,4.0,11,4.0,6.0,3.0,9.0,6.0,23.0,22,20,27,15.0,2.0,34,12,6,,11,9,20,9,,7,3.0,49,4,9.0,20,10,,30,13,43,1.0,9,8,1.0,12,2.0,6,11.0,6.0,23,5.0,10,20,,,19,,1.0,26,3.0,,13,1.0,1.0,4.0,3.0,1.0,4.0,4.0,96,23.0,21.0,3.0,1.0,0.5238095238095238,0.55,0.6428571428571429,0.3255813953488372,0.3333333333333333,0.3255813953488372,0.525,0.5,0.6666666666666666,0.5060240963855421,0.45,0.5666666666666667,0.5691489361702128,0.5,0.6764705882352942,0.5180722891566265,,0.15,0.2083333333333333,,0.5217391304347826,,0.7142857142857143,0.4736842105263157,0.6896551724137931,0.1481481481481481,0.6976744186046512,0.2826086956521739,0.5454545454545454,0.3333333333333333,0.5,0.2,,0.8333333333333334,0.6,0.6666666666666666,0.7222222222222222,0.6363636363636364,0.025,103.5,1.0,12.854368932038836,14.961538461538462,12.416504854368933,14.38076923076923,0.2891566265060241,0.5416666666666666,0.6842105263157895,0.5384615384615384,0.1566265060240964,0.5384615384615384,0.5833333333333334,0.4285714285714285,0.036144578313253,0.3333333333333333,0.3333333333333333,0.108433734939759,0.2222222222222222,0.2222222222222222,,0.4096385542168674,0.3529411764705882,0.3529411764705882,0.75,0.5,0.4,0.1,0.3,0.3333333333333333,0.6,0.1333333333333333,0.4666666666666667,0.4285714285714285,0.8072289156626506,0.3529411764705882,0.5592420731707317,0.59596875,0.5821766666666667,0.1505376344086021,0.26,0.0232558139534883,0.102803738317757,0.2149532710280373,4.7425,25.54418604651163,0.203883495145631,2026-03-23,22501037,ATL,1.0,,,1.0,2.0,1.0,2.0,2.0,1.0,0.25,0.0769230769230769,1.0,1.0,,,,,3.0,1.0,,0.5,,2.0,,,,1.0,,,,,,,,2025-26,2026,Regular Season,1610612763
48:00,98,101,8.0,12,6,199,14,19,1.0,1.0,1.0,1.0,4,11,,6.0,2.0,12,1.0,1.0,14,39,3.0,2.0,3.0,18,36,16,51,14,98,1.0,2.0,4.0,13,1.0,2.0,3.0,4.0,1.0,12.0,30,6,33,15.0,2.0,39,14,8,1.0,15,11,26,9,2.0,12,3.0,63,4,3.0,23,7,3.0,33,7,40,,8,4,4.0,7,3.0,6,5.0,1.0,12,2.0,11,18,,1.0,17,,3.0,20,5.0,1.0,11,,1.0,3.0,2.0,,3.0,3.0,85,12.0,8.0,1.0,1.0,0.8333333333333334,0.8823529411764706,0.6875,0.3137254901960784,0.75,0.3137254901960784,0.5,0.5,0.5,0.4827586206896552,0.9166666666666666,0.9166666666666666,0.5159574468085106,0.9285714285714286,0.8571428571428571,0.5862068965517241,0.0196078431372549,0.2222222222222222,0.1578947368421052,,0.5833333333333334,0.75,0.5384615384615384,0.1666666666666666,0.7666666666666667,0.1176470588235294,0.6976744186046512,0.1346153846153846,,0.2857142857142857,0.1666666666666666,0.0833333333333333,0.2,0.5555555555555556,0.3333333333333333,1.0,0.9,0.5,,99.5,1.0,14.792857142857144,14.16138613861386,14.251020408163267,13.565346534653465,0.2183908045977011,0.7368421052631579,0.875,0.8571428571428571,0.1264367816091954,0.3636363636363636,0.6666666666666666,0.75,0.0689655172413793,,,0.1379310344827586,0.1666666666666666,0.1666666666666666,1.0,0.4482758620689655,0.358974358974359,0.3684210526315789,0.6428571428571429,0.1666666666666666,1.0,0.1666666666666666,0.5,0.1666666666666666,1.0,0.1666666666666666,0.5,0.6666666666666666,0.8045977011494253,0.358974358974359,0.5326279069767441,0.50886,0.55274,0.1182795698924731,0.2619047619047619,,0.1326530612244898,0.1224489795918367,6.761111111111111,25.02,0.0816326530612244,2026-03-25,22501056,SAS,,1.0,3.0,3.0,2.0,,,,2.0,0.75,0.4545454545454545,,,,1.0,0.6666666666666666,1.0,,,,,,1.0,,0.0256410256410256,,,,,,,1.0,,,2025-26,2026,Regular Season,1610612763
48:00,97,96,20.0,35,10,193,17,28,1.0,3.0,4.0,7.0,9,23,1.0,3.0,,4,,3.0,13,34,5.0,1.0,4.0,27,54,13,38,16,109,1.0,7.0,5.0,9,6.0,12.0,1.0,7.0,7.0,22.0,30,24,39,,2.0,34,13,5,2.0,15,13,28,13,,9,5.0,69,5,9.0,15,12,,27,14,41,1.0,11,7,4.0,9,1.0,4,2.0,5.0,11,1.0,11,20,,1.0,14,,1.0,18,1.0,1.0,8,,1.0,3.0,,3.0,3.0,,100,22.0,20.0,2.0,1.0,0.5555555555555556,0.5769230769230769,1.0,0.3421052631578947,0.1428571428571428,0.3421052631578947,0.5,0.1428571428571428,0.5,0.5054347826086957,0.3333333333333333,0.3947368421052631,0.54,0.3461538461538461,0.4782608695652174,0.4130434782608695,0.0526315789473684,0.0925925925925925,0.0357142857142857,,0.8181818181818182,,0.4285714285714285,0.3333333333333333,0.7142857142857143,0.2083333333333333,0.5510204081632653,0.2745098039215686,0.0909090909090909,0.5,0.5,0.15,0.5,0.4615384615384615,0.3846153846153846,0.5,0.7857142857142857,0.5714285714285714,0.0222222222222222,96.5,,13.540206185567012,16.318749999999998,12.525773195876289,15.479166666666666,0.3043478260869565,0.6071428571428571,0.6296296296296297,0.5294117647058824,0.25,0.391304347826087,0.4736842105263157,0.5555555555555556,0.0326086956521739,0.3333333333333333,0.3333333333333333,0.0434782608695652,,,,0.3695652173913043,0.3823529411764705,0.40625,1.0,0.25,0.3333333333333333,,0.4166666666666667,0.3684210526315789,0.5714285714285714,0.1578947368421052,0.2105263157894736,0.25,0.717391304347826,0.3823529411764705,0.5679283333333333,0.52375,0.5731638888888889,0.0808080808080808,0.1311475409836065,,0.0825688073394495,0.2018348623853211,5.477777777777778,26.002702702702702,0.2061855670103092,2026-03-27,22501069,HOU,,,2.0,2.0,1.0,1.0,1.0,1.0,1.0,0.4,0.1739130434782608,1.0,,,0.4,1.0,,,,,,,,,0.0588235294117647,,,,,,,,,,2025-26,2026,Regular Season,1610612763
47:59,111,110,27.0,57,14,221,26,43,6.0,6.0,4.0,7.0,9,21,3.0,5.0,3.0,7,2.0,3.0,9,31,3.0,2.0,7.0,38,69,12,38,13,125,7.0,9.0,5.0,20,9.0,14.0,3.0,10.0,6.0,33.0,42,34,30,6.0,12.0,31,9,11,,21,10,31,7,3.0,14,5.0,72,5,10.0,16,9,5.0,30,15,45,2.0,17,11,6.0,8,1.0,3,6.0,5.0,14,3.0,17,32,2.0,1.0,20,,2.0,17,7.0,,10,,2.0,3.0,3.0,,3.0,1.0,105,33.0,27.0,4.0,2.0,0.5526315789473685,0.65625,0.8333333333333334,0.3157894736842105,0.3,0.3157894736842105,0.5507246376811594,0.7777777777777778,0.6428571428571429,0.5233644859813084,0.7142857142857143,0.5625,0.5580357142857143,0.7142857142857143,0.6111111111111112,0.3551401869158878,,0.1594202898550724,0.1860465116279069,,0.5714285714285714,1.0,0.5,0.3225806451612903,0.6956521739130435,0.2,0.6097560975609756,0.2678571428571428,0.4705882352941176,0.1666666666666666,,0.1904761904761904,0.25,0.5,0.5,0.5,0.6666666666666666,0.75,0.0444444444444444,110.50000000000009,0.3333333333333333,14.05765765765766,11.996363636363618,13.625225225225226,11.305454545454529,0.4018691588785046,0.6046511627906976,0.7428571428571429,0.5384615384615384,0.1962616822429906,0.4285714285714285,0.5,0.5555555555555556,0.0467289719626168,0.6,0.6,0.0654205607476635,0.4285714285714285,0.4285714285714285,1.0,0.2897196261682243,0.2903225806451613,0.2903225806451613,0.7777777777777778,0.4285714285714285,1.0,0.1428571428571428,0.2142857142857142,0.2916666666666667,0.5714285714285714,0.125,0.2916666666666667,0.2857142857142857,0.7570093457943925,0.2903225806451613,0.53173738317757,0.5387388888888889,0.4876354166666667,0.0909090909090909,0.1388888888888889,,0.16,0.264,5.068115942028985,25.289473684210527,0.2432432432432432,2026-03-28,22501079,CHI,,1.0,2.0,2.0,,2.0,1.0,1.0,,0.4,0.1428571428571428,0.6666666666666666,,,0.6666666666666666,1.0,0.3333333333333333,1.0,,,,,1.0,,,,,,,,,,,,2025-26,2026,Regular Season,1610612763
48:00,97,98,7.0,13,8,195,25,32,4.0,4.0,3.0,3.0,2,9,,4.0,1.0,6,,,10,24,1.0,,,27,45,11,30,18,105,4.0,5.0,1.0,8,3.0,3.0,,,3.0,9.0,36,18,24,9.0,2.0,24,10,5,,18,8,26,7,1.0,17,1.0,60,3,6.0,11,16,1.0,28,9,37,1.0,5,3,2.0,13,3.0,9,10.0,4.0,23,2.0,4,13,,1.0,15,,,20,1.0,,9,1.0,,4.0,4.0,,5.0,3.0,97,9.0,7.0,,,0.6666666666666666,0.6923076923076923,0.7272727272727273,0.3666666666666666,,0.3666666666666666,0.6,0.8,1.0,0.58,0.6666666666666666,1.0,0.625,0.6666666666666666,0.9,0.4,,0.1111111111111111,0.09375,,0.5652173913043478,1.0,0.6153846153846154,0.3333333333333333,0.4074074074074074,0.1666666666666666,0.5094339622641509,0.25,0.2857142857142857,0.4285714285714285,0.25,0.0769230769230769,0.4,0.5,1.0,0.3333333333333333,0.625,0.0909090909090909,0.032258064516129,97.5,0.6,14.582474226804123,14.95408163265306,14.20103092783505,13.675510204081633,0.4266666666666667,0.78125,0.8620689655172413,0.68,0.12,0.2222222222222222,0.2857142857142857,0.5,0.0533333333333333,,,0.08,0.1666666666666666,0.1666666666666666,1.0,0.32,0.4166666666666667,0.4166666666666667,0.7,0.6666666666666666,1.0,,0.1666666666666666,1.0,1.0,,,,0.8266666666666667,0.4166666666666667,0.5947100000000001,0.6300625,0.7149333333333333,0.119047619047619,0.1698113207547169,0.032258064516129,0.0761904761904762,0.0857142857142857,4.735555555555555,25.0,0.0721649484536082,2026-03-30,22501093,PHX,,,,,,,3.0,2.0,,,0.2222222222222222,,,,,,,2.0,,2.0,0.75,,2.0,,,,,1.0,,1.0,1.0,,,,2025-26,2026,Regular Season,1610612763
48:00,93,95,21.0,23,9,188,10,12,2.0,3.0,2.0,2.0,13,25,,3.0,3.0,10,,4.0,13,27,2.0,4.0,10.0,23,40,16,37,25,119,2.0,3.0,2.0,6,3.0,6.0,5.0,14.0,4.0,25.0,28,18,39,9.0,2.0,27,13,5,1.0,14,13,27,10,3.0,7,7.0,67,5,4.0,8,9,1.0,18,9,27,,10,6,4.0,7,,4,7.0,3.0,14,3.0,11,22,,2.0,19,,2.0,30,3.0,,13,1.0,2.0,4.0,2.0,2.0,4.0,3.0,113,25.0,21.0,2.0,2.0,0.6086956521739131,0.6363636363636364,0.8125,0.4324324324324324,0.3571428571428571,0.4324324324324324,0.575,0.6666666666666666,0.5,0.6103896103896104,0.4,0.525,0.6611111111111111,0.5,0.5681818181818182,0.4805194805194805,0.027027027027027,0.125,0.0833333333333333,,0.5,0.5,0.4736842105263157,0.2352941176470588,0.4210526315789473,0.2631578947368421,0.4473684210526316,0.25,,0.1666666666666666,0.6666666666666666,0.3333333333333333,0.1428571428571428,0.2857142857142857,0.6363636363636364,,0.3333333333333333,0.5714285714285714,,93.99999999999994,0.75,14.395698924731182,16.223157894736865,14.049462365591395,15.702105263157916,0.1558441558441558,0.8333333333333334,0.9090909090909092,0.7,0.3246753246753247,0.52,0.6190476190476191,0.5384615384615384,0.0389610389610389,,,0.1298701298701298,0.3,0.3,1.0,0.3506493506493506,0.4814814814814814,0.5,0.7692307692307693,0.6,0.6666666666666666,,0.4,0.1,1.0,0.2,0.5,0.4,0.6363636363636364,0.4814814814814814,0.5174072368421052,0.5124,0.5410868421052631,0.1590909090909091,0.26,0.0263157894736842,0.0504201680672268,0.2100840336134453,7.359999999999999,24.813888888888886,0.2258064516129032,2026-04-01,22501003,NYK,,1.0,,,2.0,,4.0,1.0,2.0,,0.16,,,,,,0.25,1.0,,,0.5,,3.0,,0.037037037037037,,,,,,,,,,2025-26,2026,Regular Season,1610612763
48:00,102,103,33.0,56,12,205,15,25,5.0,8.0,8.0,14.0,8,18,,,2.0,8,,2.0,9,34,3.0,,7.0,23,43,11,42,17,96,5.0,8.0,3.0,12,11.0,20.0,,9.0,4.0,26.0,14,32,21,12.0,8.0,34,9,6,,7,7,14,5,2.0,4,3.0,35,9,6.0,10,12,7.0,29,15,44,,6,6,,10,3.0,4,10.0,6.0,20,9.0,17,31,1.0,2.0,21,,2.0,26,2.0,,13,,1.0,3.0,3.0,,3.0,1.0,84,26.0,33.0,5.0,1.0,0.3043478260869565,0.3684210526315789,0.6363636363636364,0.2619047619047619,,0.2619047619047619,0.5348837209302325,0.625,0.55,0.4647058823529412,0.4545454545454545,0.3793103448275862,0.4948453608247423,0.5,0.40625,0.4941176470588235,,0.1395348837209302,0.12,,0.5,1.0,0.48,0.3,0.7142857142857143,0.3,0.5641025641025641,0.3,0.3,0.3,,0.2916666666666667,0.3333333333333333,0.4375,0.5714285714285714,0.5,0.6923076923076923,1.0,,102.5,0.3333333333333333,14.83529411764706,13.269902912621358,14.32450980392157,12.96504854368932,0.2941176470588235,0.6,0.6818181818181818,0.2666666666666666,0.2117647058823529,0.4444444444444444,0.5333333333333333,0.375,,,,0.0941176470588235,0.25,0.25,1.0,0.4,0.2647058823529412,0.2647058823529412,0.5555555555555556,0.7272727272727273,0.625,,0.2727272727272727,0.4827586206896552,0.5714285714285714,0.0689655172413793,0.2413793103448276,,0.788235294117647,0.2647058823529412,0.5718300000000001,0.701925,0.6103362068965518,0.1354166666666666,0.2407407407407407,,0.125,0.2708333333333333,3.8651162790697673,25.33809523809524,0.3235294117647059,2026-04-03,22501125,TOR,,,,,2.0,,3.0,1.0,1.0,,0.1666666666666666,,,,,,,2.0,,,0.2,,1.0,,,,,,,,,,,,2025-26,2026,Regular Season,1610612763
48:00,101,102,11.0,27,17,203,13,21,4.0,6.0,2.0,2.0,4,15,4.0,10.0,3.0,4,1.0,,14,42,5.0,2.0,6.0,21,46,17,46,22,115,6.0,8.0,6.0,26,3.0,3.0,2.0,6.0,4.0,16.0,24,18,39,12.0,2.0,42,14,5,,12,13,25,11,2.0,8,2.0,63,11,7.0,10,12,2.0,24,18,42,2.0,13,10,3.0,11,1.0,8,3.0,3.0,14,1.0,12,21,,1.0,19,1.0,1.0,28,3.0,1.0,14,,1.0,1.0,,1.0,1.0,,89,16.0,11.0,1.0,,0.5714285714285714,0.6,0.7647058823529411,0.3695652173913043,0.3333333333333333,0.3695652173913043,0.4565217391304347,0.75,1.0,0.5054347826086957,0.8571428571428571,0.6666666666666666,0.5480769230769231,0.8125,0.75,0.5,,0.108695652173913,0.0952380952380952,,0.7857142857142857,0.5,0.7058823529411765,0.28,0.625,0.3793103448275862,0.6666666666666666,0.3333333333333333,0.125,0.3636363636363636,0.3333333333333333,0.3928571428571428,,0.8333333333333334,0.625,0.6666666666666666,0.5454545454545454,0.8,0.0408163265306122,101.5,,13.822772277227722,14.548039215686275,12.969306930693069,14.27843137254902,0.2282608695652173,0.6190476190476191,0.6842105263157895,0.6153846153846154,0.1630434782608695,0.2666666666666666,0.3333333333333333,0.5,0.108695652173913,0.4,0.4,0.0434782608695652,0.75,0.75,0.6666666666666666,0.4565217391304347,0.3333333333333333,0.3333333333333333,0.7857142857142857,0.4285714285714285,0.6666666666666666,0.0714285714285714,0.3571428571428571,0.2222222222222222,1.0,,0.6666666666666666,0.3333333333333333,0.7282608695652174,0.3333333333333333,0.5445222826086956,0.56303,0.5471166666666667,0.1359223300970873,0.2456140350877192,,0.2260869565217391,0.1391304347826087,7.423913043478261,26.180434782608696,0.1089108910891089,2026-04-05,22501135,MIL,1.0,,3.0,4.0,2.0,2.0,,1.0,,0.6666666666666666,0.2,0.5,1.0,1.0,0.6,0.6666666666666666,,1.0,,,0.5,,,,,,,,,,,,,,2025-26,2026,Regular Season,1610612763
48:00,101,103,14.0,60,10,204,10,22,3.0,4.0,,2.0,5,9,1.0,4.0,4.0,9,1.0,2.0,25,50,2.0,1.0,5.0,16,35,29,59,7,126,3.0,4.0,3.0,15,3.0,6.0,1.0,7.0,,9.0,18,14,69,18.0,2.0,50,25,5,,9,23,32,19,4.0,4,4.0,87,8,2.0,15,7,3.0,25,10,35,1.0,7,2,5.0,12,1.0,9,1.0,3.0,13,2.0,15,27,,,11,,1.0,10,1.0,1.0,4,,1.0,4.0,2.0,2.0,4.0,2.0,111,9.0,14.0,4.0,1.0,0.5625,0.6,0.7931034482758621,0.4915254237288136,0.1428571428571428,0.4915254237288136,0.4571428571428571,0.75,0.5,0.6329787234042553,1.0714285714285714,0.3461538461538461,0.6377551020408163,0.9375,0.3214285714285714,0.6276595744680851,,0.1428571428571428,0.1818181818181818,,0.9230769230769232,0.75,0.4117647058823529,0.1052631578947368,0.7894736842105263,0.2666666666666666,0.6111111111111112,0.2040816326530612,0.1666666666666666,,,0.24,0.4,0.5714285714285714,0.4285714285714285,,0.8125,0.6666666666666666,0.0227272727272727,102.0,0.5,14.184158415841583,14.05242718446602,13.928712871287129,13.383495145631068,0.2340425531914893,0.4545454545454545,0.5555555555555556,0.4,0.0957446808510638,0.5555555555555556,0.625,0.8,0.0425531914893617,0.25,0.25,0.0957446808510638,0.4444444444444444,0.4444444444444444,1.0,0.5319148936170213,0.5,0.5,0.76,0.5714285714285714,0.75,0.1428571428571428,0.2857142857142857,0.1538461538461538,,0.1538461538461538,0.3846153846153846,0.2,0.8617021276595744,0.5,0.557525,0.5427,0.4931423076923077,0.0412371134020618,0.1052631578947368,,0.119047619047619,0.0714285714285714,5.968571428571429,25.103389830508476,0.1386138613861386,2026-04-06,22501145,CLE,1.0,,2.0,3.0,,1.0,2.0,1.0,1.0,1.0,0.1111111111111111,1.0,1.0,1.0,1.0,1.0,,,,,,,,,,,,,,,,,,,2025-26,2026,Regular Season,1610612763
48:00,98,100,32.0,40,10,198,13,15,2.0,2.0,3.0,3.0,9,23,1.0,4.0,1.0,11,2.0,3.0,18,39,4.0,8.0,14.0,23,42,19,50,16,119,2.0,3.0,6.0,10,6.0,10.0,9.0,17.0,8.0,47.0,20,26,42,15.0,2.0,39,18,5,,10,14,24,13,1.0,4,6.0,62,6,4.0,20,6,3.0,29,10,39,2.0,5,3,2.0,6,,3,,3.0,6,3.0,8,20,,,20,1.0,1.0,23,2.0,,11,1.0,1.0,1.0,,1.0,1.0,1.0,109,47.0,32.0,2.0,1.0,0.4347826086956521,0.4545454545454545,0.7368421052631579,0.38,0.5294117647058824,0.38,0.5476190476190477,0.6666666666666666,0.6,0.5597826086956522,0.5555555555555556,0.7222222222222222,0.5833333333333334,0.5555555555555556,0.7580645161290323,0.5434782608695652,,0.119047619047619,,,1.0,1.0,0.4,0.2105263157894736,0.8333333333333334,0.1935483870967742,0.6666666666666666,0.2,,0.2142857142857142,0.3333333333333333,0.238095238095238,0.1,0.4,0.5,,0.8947368421052632,0.6,0.0444444444444444,99.0,1.0,15.424489795918369,13.684,14.90408163265306,13.122,0.1630434782608695,0.8666666666666667,0.8666666666666667,0.3076923076923077,0.25,0.391304347826087,0.5,0.6666666666666666,0.0434782608695652,0.25,0.25,0.1195652173913043,0.0909090909090909,0.0909090909090909,1.0,0.4239130434782608,0.4615384615384615,0.4615384615384615,0.7222222222222222,0.2222222222222222,1.0,0.2222222222222222,0.4444444444444444,0.1111111111111111,1.0,0.1111111111111111,0.5185185185185185,0.5714285714285714,0.7065217391304348,0.4615384615384615,0.5318994565217391,0.5345333333333333,0.5170722222222223,0.1188118811881188,0.2156862745098039,0.02,0.0840336134453781,0.3949579831932773,6.830952380952381,25.566,0.3265306122448979,2026-04-08,22501162,DEN,,1.0,2.0,2.0,,,1.0,,2.0,0.3333333333333333,0.217391304347826,,,,0.5,1.0,0.3333333333333333,,1.0,,,,,,,,,,,,,,,1.0,2025-26,2026,Regular Season,1610612763
48:00,119,121,9.0,24,11,240,18,23,6.0,9.0,1.0,1.0,10,30,2.0,4.0,3.0,14,,1.0,8,40,,,6.0,30,57,11,54,8,101,7.0,12.0,,15,2.0,3.0,,7.0,,4.0,34,26,30,3.0,14.0,40,8,5,,17,10,27,7,3.0,10,5.0,64,7,5.0,16,19,5.0,40,12,52,2.0,10,6,4.0,16,1.0,10,4.0,6.0,20,2.0,10,15,,1.0,9,,,9,2.0,1.0,5,,,2.0,1.0,1.0,2.0,1.0,86,4.0,9.0,,,0.5666666666666667,0.7391304347826086,0.9090909090909092,0.2037037037037037,,0.2037037037037037,0.5263157894736842,0.5833333333333334,0.6666666666666666,0.4189189189189189,0.5833333333333334,0.2,0.4385964912280701,0.625,0.2,0.4864864864864865,,0.087719298245614,0.0434782608695652,,0.8,1.0,0.6785714285714286,0.1923076923076923,0.8,0.1707317073170731,0.7291666666666666,0.1791044776119403,,0.2631578947368421,,0.2,0.0909090909090909,0.5,0.6666666666666666,0.8571428571428571,0.7647058823529411,1.0,0.032258064516129,120.0,0.5,12.352941176470589,11.652892561983473,12.201680672268909,11.399173553719008,0.2072072072072072,0.782608695652174,0.8181818181818182,0.5555555555555556,0.2702702702702703,0.3333333333333333,0.3846153846153846,0.5,0.036036036036036,0.5,0.5,0.1261261261261261,0.2142857142857142,0.2142857142857142,1.0,0.3603603603603603,0.2,0.2,0.875,0.75,0.6666666666666666,,,0.1,1.0,0.1,0.6,,0.6936936936936937,0.2,0.5209009174311926,0.61558,0.5454625,0.043859649122807,0.0833333333333333,,0.1485148514851485,0.0396039603960396,5.95438596491228,25.675,0.0756302521008403,2026-04-10,22501181,UTA,,,,,1.0,2.0,,1.0,1.0,,0.1333333333333333,1.0,,,,,,,,,,,,,,,1.0,,,,,,,,2025-26,2026,Regular Season,1610612763
48:00,103,103,,44,9,206,12,17,,2.0,,,13,23,1.0,6.0,2.0,8,2.0,,11,41,1.0,,,26,46,13,49,10,101,3.0,6.0,3.0,6,,,,,,,30,22,24,15.0,,41,11,6,2.0,15,8,23,6,2.0,8,6.0,54,7,3.0,21,10,3.0,34,10,44,1.0,8,1,7.0,10,2.0,4,3.0,6.0,13,,15,24,,,10,1.0,,10,1.0,1.0,5,,,6.0,3.0,3.0,6.0,3.0,95,,,2.0,,0.5769230769230769,0.5769230769230769,0.6153846153846154,0.2653061224489796,,0.2653061224489796,0.5652173913043478,0.5,,0.4789473684210526,0.3333333333333333,,0.5050505050505051,0.3333333333333333,,0.5157894736842106,0.0408163265306122,0.1304347826086956,0.1176470588235294,,0.7692307692307693,0.6,0.4545454545454545,0.1578947368421052,0.6,0.1944444444444444,0.543859649122807,0.1818181818181818,,0.3,,0.2333333333333333,,0.4545454545454545,0.5,0.3333333333333333,0.5714285714285714,0.6428571428571429,0.0208333333333333,103.0,0.5,13.586407766990291,14.374757281553396,13.150485436893204,13.215533980582522,0.1789473684210526,0.7058823529411765,0.8,0.6666666666666666,0.2421052631578947,0.5652173913043478,0.65,0.4615384615384615,0.0631578947368421,0.1666666666666666,0.2,0.0842105263157894,0.25,0.25,1.0,0.431578947368421,0.2682926829268293,0.282051282051282,0.5454545454545454,0.2222222222222222,,0.2222222222222222,0.1111111111111111,,,,,,0.6947368421052632,0.2682926829268293,0.5176878947368421,0.4858142857142857,,0.0505050505050505,0.1,,0.0594059405940594,,7.189130434782609,25.775510204081638,,2026-04-12,22501194,HOU,,,,,,1.0,1.0,2.0,,,0.1304347826086956,1.0,,,,,,,,,,,1.0,0.1666666666666666,0.048780487804878,,,,,,,,,,2025-26,2026,Regular Season,1610612763
