Minutes,OffPoss,DefPoss,PenaltyOffPoss,PenaltyDefPoss,SecondChanceOffPoss,TotalPoss,AtRimFGM,AtRimFGA,SecondChanceAtRimFGM,SecondChanceAtRimFGA,PenaltyAtRimFGM,PenaltyAtRimFGA,ShortMidRangeFGM,ShortMidRangeFGA,LongMidRangeFGM,LongMidRangeFGA,Corner3FGA,SecondChanceCorner3FGA,PenaltyCorner3FGA,Arc3FGM,Arc3FGA,SecondChanceArc3FGA,PenaltyArc3FGM,PenaltyArc3FGA,FG2M,FG2A,FG3M,FG3A,FtPoints,Points,SecondChanceFG2M,SecondChanceFG2A,SecondChanceFG3A,SecondChanceFtPoints,SecondChancePoints,PenaltyFG2M,PenaltyFG2A,PenaltyFG3M,PenaltyFG3A,PenaltyFtPoints,PenaltyPoints,PtsAssisted2s,PtsUnassisted2s,PtsAssisted3s,PtsUnassisted3s,PtsPutbacks,NonHeaveArc3FGA,NonHeaveArc3FGM,Fg2aBlocked,Fg3aBlocked,TwoPtAssists,ThreePtAssists,Assists,Arc3Assists,AtRimAssists,ShortMidRangeAssists,AssistPoints,OffThreePtRebounds,OffTwoPtRebounds,DefThreePtRebounds,DefTwoPtRebounds,FTDefRebounds,DefRebounds,OffRebounds,Rebounds,SelfOReb,Steals,BadPassSteals,LostBallSteals,LiveBallTurnovers,BadPassOutOfBoundsTurnovers,BadPassTurnovers,DeadBallTurnovers,LostBallOutOfBoundsTurnovers,LostBallTurnovers,StepOutOfBoundsTurnovers,Travels,Turnovers,SecondChanceTurnovers,PenaltyTurnovers,ShootingFouls,Fouls,Offensive Fouls,FoulsDrawn,Charge Fouls Drawn,Loose Ball Fouls Drawn,Offensive Fouls Drawn,FTA,2pt And 1 Free Throw Trips,Technical Free Throw Trips,TwoPtShootingFoulsDrawn,NonShootingFoulsDrawn,Blocked2s,BlockedAtRim,Blocks,RecoveredBlocks,FirstChancePoints,PenaltyPointsExcludingTakeFouls,PenaltyOffPossExcludingTakeFouls,NonShootingPenaltyNonTakeFouls,NonShootingPenaltyNonTakeFoulsDrawn,Assisted2sPct,NonPutbacksAssisted2sPct,Assisted3sPct,Fg3Pct,PenaltyFg3Pct,NonHeaveFg3Pct,Fg2Pct,SecondChanceFg2Pct,PenaltyFg2Pct,EfgPct,SecondChanceEfgPct,PenaltyEfgPct,TsPct,SecondChanceTsPct,PenaltyTsPct,FG3APct,FG3APctBlocked,FG2APctBlocked,AtRimPctBlocked,ShortMidRangePctBlocked,Arc3PctBlocked,LiveBallTurnoverPct,DefFTReboundPct,DefTwoPtReboundPct,OffTwoPtReboundPct,DefThreePtReboundPct,OffThreePtReboundPct,DefFGReboundPct,OffFGReboundPct,OffAtRimReboundPct,OffShortMidRangeReboundPct,OffLongMidRangeReboundPct,OffArc3ReboundPct,OffCorner3ReboundPct,DefAtRimReboundPct,DefShortMidRangeReboundPct,DefLongMidRangeReboundPct,DefArc3ReboundPct,DefCorner3ReboundPct,SelfORebPct,Pace,BlocksRecoveredPct,SecondsPerPossOff,SecondsPerPossDef,SecondsExcludingORebsPerPossOff,SecondsExcludingORebsPerPossDef,AtRimFrequency,AtRimAccuracy,UnblockedAtRimAccuracy,AtRimPctAssisted,ShortMidRangeFrequency,ShortMidRangeAccuracy,UnblockedShortMidRangeAccuracy,ShortMidRangePctAssisted,LongMidRangeFrequency,LongMidRangeAccuracy,UnblockedLongMidRangeAccuracy,Corner3Frequency,Arc3Frequency,Arc3Accuracy,UnblockedArc3Accuracy,Arc3PctAssisted,SecondChanceAtRimFrequency,SecondChanceAtRimAccuracy,SecondChanceAtRimPctAssisted,SecondChanceCorner3Frequency,SecondChanceArc3Frequency,PenaltyAtRimFrequency,PenaltyAtRimAccuracy,PenaltyCorner3Frequency,PenaltyArc3Frequency,PenaltyArc3Accuracy,AtRimFG3AFrequency,NonHeaveArc3Accuracy,ShotQualityAvg,SecondChanceShotQualityAvg,PenaltyShotQualityAvg,ShootingFoulsDrawnPct,TwoPtShootingFoulsDrawnPct,SecondChancePointsPct,PenaltyPointsPct,Avg2ptShotDistance,Avg3ptShotDistance,PenaltyOffPossPct,Date,GameId,Opponent,Corner3FGM,SecondChanceCorner3FGM,PenaltyCorner3FGM,SecondChanceArc3FGM,SecondChanceFG3M,Corner3Assists,LongMidRangeAssists,Charge Fouls,Loose Ball Fouls,BlockedLongMidRange,BlockedShortMidRange,DefensiveGoaltends,SecondChanceFg3Pct,LongMidRangePctAssisted,Corner3Accuracy,UnblockedCorner3Accuracy,Corner3PctAssisted,SecondChanceCorner3Accuracy,SecondChanceArc3Accuracy,SecondChanceArc3PctAssisted,PenaltyCorner3Accuracy,FTOffRebounds,3pt And 1 Free Throw Trips,ThreePtShootingFoulsDrawn,OffFTReboundPct,ThreePtShootingFoulsDrawnPct,SecondChanceCorner3PctAssisted,Defensive 3 Seconds Violations,Corner3PctBlocked,OffensiveGoaltends,LongMidRangePctBlocked,Blocked3s,BlockedArc3,BlockedCorner3,Clear Path Fouls,Season,year,SeasonType,team_id,team
48:00,99,101,35,16.0,10,200,16,19,2.0,2.0,9.0,9.0,15,21,3.0,5,7,1.0,1.0,8,26,1.0,6.0,11.0,34,45,8,33,17,109,3.0,4,2.0,3.0,9,17.0,18.0,6.0,12,7.0,59,32,36,21,3.0,2.0,26,8,3,1.0,16,7,23,7,7,9.0,53,7,4,18,13,3.0,34,11,45,1.0,7,6.0,1.0,10,1.0,6.0,10,1.0,4.0,1.0,1.0,20,1.0,4.0,11,21,4.0,27,2.0,3.0,4.0,28,5.0,1.0,15,1.0,2.0,2.0,2,2.0,100,59,35,1.0,1.0,0.4705882352941176,0.4848484848484848,0.875,0.2424242424242424,0.5,0.2424242424242424,0.7555555555555555,0.75,0.9444444444444444,0.5897435897435898,0.5,0.8666666666666667,0.6123595505617978,0.5625,0.8676470588235294,0.4230769230769231,0.0303030303030303,0.0666666666666666,0.0526315789473684,0.0952380952380952,0.0384615384615384,0.5,1.0,0.7647058823529411,0.3636363636363636,0.782608695652174,0.28,0.775,0.3055555555555556,0.6666666666666666,0.1666666666666666,0.5,0.3333333333333333,0.1428571428571428,0.625,0.8,1.0,0.7894736842105263,0.75,0.03125,100.0,1.0,14.617171717171717,14.187128712871289,14.07979797979798,13.821782178217822,0.2435897435897435,0.8421052631578947,0.8888888888888888,0.4375,0.2692307692307692,0.7142857142857143,0.7894736842105263,0.6,0.0641025641025641,0.6,0.6,0.0897435897435897,0.3333333333333333,0.3076923076923077,0.32,0.875,0.3333333333333333,1.0,0.5,0.1666666666666666,0.1666666666666666,0.3,1.0,0.0333333333333333,0.3666666666666666,0.5454545454545454,0.6666666666666666,0.3076923076923077,0.5111175324675326,0.5013166666666666,0.5034879310344827,0.1704545454545454,0.2727272727272727,0.0825688073394495,0.5412844036697247,6.891111111111112,26.21875,0.3535353535353535,2025-10-21,22500002,LAL,,,,,,,,,,,,,,,,,,,,,,,,,,,,,,,,,,,,2025-26,2026,Regular Season,1610612744,GSW
52:59,106,106,18,25.0,10,212,12,15,2.0,2.0,,,19,32,4.0,8,5,1.0,1.0,12,35,4.0,3.0,9.0,35,55,16,40,13,131,2.0,3,5.0,,19,3.0,6.0,4.0,10,3.0,21,42,28,33,15.0,4.0,35,12,3,,21,11,32,8,9,10.0,75,6,4,21,13,5.0,39,10,49,1.0,8,4.0,4.0,11,,8.0,2,1.0,3.0,,,13,,1.0,11,22,,16,,1.0,,14,2.0,,8,,4.0,1.0,4,3.0,112,21,18,1.0,,0.6,0.6363636363636364,0.6875,0.4,0.4,0.4,0.6363636363636364,0.6666666666666666,0.5,0.6210526315789474,1.1875,0.5625,0.6485148514851485,1.1875,0.5833333333333334,0.4210526315789473,,0.0545454545454545,0.0666666666666666,0.0625,,0.8461538461538461,1.0,0.65,0.2,0.7241379310344828,0.25,0.6938775510204082,0.2272727272727272,0.3333333333333333,0.1538461538461538,0.25,0.2608695652173913,,0.5714285714285714,0.625,0.8,0.6956521739130435,0.8333333333333334,0.024390243902439,96.00000000000006,0.75,14.616037735849035,15.383962264150943,14.167924528301867,14.966981132075473,0.1578947368421052,0.8,0.8571428571428571,0.75,0.3368421052631579,0.59375,0.6333333333333333,0.5263157894736842,0.0842105263157894,0.5,0.5,0.0526315789473684,0.3684210526315789,0.3428571428571428,0.3428571428571428,0.6666666666666666,0.25,1.0,,0.125,0.5,,,0.0625,0.5625,0.3333333333333333,0.5789473684210527,0.3428571428571428,0.5001242105263158,0.531875,0.46275,0.0792079207920792,0.1311475409836065,0.1450381679389313,0.1603053435114503,8.094545454545454,25.5925,0.1698113207547169,2025-10-23,22500006,DEN,4.0,1.0,1.0,4.0,5.0,3.0,2.0,1.0,1.0,1.0,2.0,1.0,1.0,0.5,0.8,0.8,0.75,1.0,1.0,0.75,1.0,,,,,,,,,,,,,,,2025-26,2026,Regular Season,1610612744,GSW
48:00,110,111,35,41.0,9,221,28,39,3.0,5.0,9.0,13.0,5,12,1.0,8,7,1.0,1.0,11,27,3.0,3.0,10.0,34,59,16,34,23,139,3.0,5,4.0,4.0,10,10.0,17.0,4.0,11,8.0,40,38,30,33,15.0,,27,11,3,,19,11,30,7,17,2.0,71,8,3,13,17,1.0,31,12,43,2.0,13,5.0,8.0,12,1.0,8.0,7,1.0,4.0,,,19,1.0,9.0,16,28,2.0,22,,2.0,2.0,25,3.0,,11,1.0,5.0,4.0,5,2.0,129,40,35,5.0,1.0,0.5588235294117647,0.5588235294117647,0.6875,0.4705882352941176,0.3636363636363636,0.4705882352941176,0.576271186440678,0.6,0.5882352941176471,0.6236559139784946,0.3333333333333333,0.5714285714285714,0.6747572815533981,0.4545454545454545,0.625,0.3655913978494624,,0.0508474576271186,0.0256410256410256,0.1666666666666666,,0.631578947368421,1.0,0.7727272727272727,0.125,0.5909090909090909,0.4444444444444444,0.6818181818181818,0.2619047619047619,0.1818181818181818,,0.1666666666666666,0.5,,0.7,0.8,0.8571428571428571,0.6111111111111112,0.5,0.0512820512820512,110.5,0.4,11.821818181818182,14.23063063063063,11.247272727272728,13.507207207207207,0.4193548387096774,0.717948717948718,0.7368421052631579,0.6071428571428571,0.1290322580645161,0.4166666666666667,0.5,0.4,0.086021505376344,0.125,0.125,0.075268817204301,0.2903225806451613,0.4074074074074074,0.4074074074074074,0.6363636363636364,0.5555555555555556,0.6,0.6666666666666666,0.1111111111111111,0.3333333333333333,0.4642857142857143,0.6923076923076923,0.0357142857142857,0.3571428571428571,0.3,0.7849462365591398,0.4074074074074074,0.5923919354838709,0.6967,0.5759517857142857,0.1274509803921568,0.1641791044776119,0.0719424460431654,0.2877697841726618,5.149152542372882,25.69117647058824,0.3181818181818182,2025-10-24,22500097,POR,5.0,,1.0,,,4.0,,1.0,2.0,,1.0,,,,0.7142857142857143,0.7142857142857143,0.8,,,,1.0,1.0,1.0,2.0,1.0,0.0571428571428571,,,,,,,,,,2025-26,2026,Regular Season,1610612744,GSW
48:00,103,105,32,35.0,12,208,14,17,2.0,3.0,5.0,5.0,11,25,3.0,7,10,1.0,2.0,8,30,4.0,3.0,10.0,28,49,12,40,26,118,3.0,4,5.0,,15,10.0,14.0,4.0,12,12.0,44,40,16,36,,4.0,30,8,5,,20,12,32,8,11,7.0,76,8,5,18,13,2.0,33,13,46,1.0,8,5.0,3.0,7,4.0,2.0,6,2.0,5.0,,,13,2.0,2.0,15,20,,24,,2.0,3.0,28,2.0,,13,2.0,3.0,1.0,3,3.0,103,44,32,1.0,1.0,0.7142857142857143,0.7692307692307693,1.0,0.3,0.3333333333333333,0.3,0.5714285714285714,0.75,0.7142857142857143,0.5168539325842697,0.8333333333333334,0.6153846153846154,0.5784313725490197,0.8333333333333334,0.6875,0.449438202247191,,0.1020408163265306,,0.2,,0.5384615384615384,0.6666666666666666,0.8666666666666667,0.238095238095238,0.75,0.2857142857142857,0.7948717948717948,0.2653061224489796,0.3333333333333333,0.1428571428571428,0.5,0.3181818181818182,0.1666666666666666,1.0,0.8333333333333334,1.0,0.7,1.0,0.0227272727272727,104.0,1.0,14.018446601941749,13.677142857142856,13.424271844660195,13.143809523809525,0.1910112359550561,0.8235294117647058,0.8235294117647058,0.7857142857142857,0.2808988764044944,0.44,0.55,0.6363636363636364,0.0786516853932584,0.4285714285714285,0.4285714285714285,0.1123595505617977,0.3370786516853932,0.2666666666666666,0.2666666666666666,1.0,0.3333333333333333,0.6666666666666666,,0.1111111111111111,0.4444444444444444,0.1923076923076923,1.0,0.0769230769230769,0.3846153846153846,0.3,0.6404494382022472,0.2666666666666666,0.50633125,0.53925,0.4936379999999999,0.13,0.2166666666666666,0.1271186440677966,0.3728813559322034,6.877551020408164,26.130769230769232,0.3106796116504854,2025-10-27,22500121,MEM,4.0,,1.0,3.0,3.0,4.0,2.0,,1.0,,2.0,,0.6,0.6666666666666666,0.4,0.4,1.0,,0.75,1.0,0.5,,,,,,,,,,,,,,,2025-26,2026,Regular Season,1610612744,GSW
48:00,88,89,13,,13,177,8,12,4.0,5.0,1.0,1.0,15,31,1.0,6,9,2.0,1.0,4,24,3.0,2.0,4.0,24,49,6,33,13,79,7.0,10,5.0,2.0,19,5.0,7.0,2.0,5,4.0,20,10,38,15,3.0,8.0,24,4,3,,5,5,10,3,2,3.0,25,6,9,21,13,1.0,35,15,50,2.0,7,4.0,3.0,11,,7.0,5,,4.0,,,16,,1.0,2,5,,15,,,,16,3.0,,7,1.0,2.0,1.0,2,2.0,60,20,13,,1.0,0.2083333333333333,0.25,0.8333333333333334,0.1818181818181818,0.4,0.1818181818181818,0.4897959183673469,0.7,0.7142857142857143,0.4024390243902439,0.5666666666666667,0.6666666666666666,0.4488636363636363,0.6333333333333333,0.7142857142857143,0.4024390243902439,,0.0612244897959183,0.25,,,0.6875,1.0,0.6842105263157895,0.36,0.7777777777777778,0.2307692307692307,0.7391304347826086,0.2941176470588235,0.5,0.3125,0.4,0.2631578947368421,0.1428571428571428,1.0,0.5,0.8333333333333334,0.75,1.0,0.0416666666666666,88.5,1.0,17.552272727272726,15.004494382022472,16.736363636363635,14.234831460674158,0.1463414634146341,0.6666666666666666,0.8888888888888888,0.25,0.3780487804878049,0.4838709677419355,0.4838709677419355,0.2,0.073170731707317,0.1666666666666666,0.1666666666666666,0.1097560975609756,0.2926829268292683,0.1666666666666666,0.1666666666666666,0.75,0.3333333333333333,0.8,,0.1333333333333333,0.2,0.0833333333333333,1.0,0.0833333333333333,0.3333333333333333,0.5,0.5487804878048781,0.1666666666666666,0.4988884146341463,0.53645,0.4639374999999999,0.0919540229885057,0.1320754716981132,0.240506329113924,0.2531645569620253,7.357142857142857,25.53636363636364,0.1477272727272727,2025-10-28,22500127,LAC,2.0,1.0,,,1.0,2.0,,,,,1.0,,0.2,,0.2222222222222222,0.2222222222222222,1.0,0.5,,,,,,1.0,,0.0294117647058823,1.0,,,,,,,,,2025-26,2026,Regular Season,1610612744,GSW
48:00,102,104,40,40.0,12,206,16,22,2.0,3.0,4.0,5.0,8,19,3.0,9,10,1.0,5.0,14,37,4.0,9.0,18.0,27,50,19,47,9,120,3.0,5,5.0,,12,9.0,16.0,12.0,23,,54,20,34,45,12.0,2.0,37,14,3,3.0,10,15,25,10,6,4.0,65,6,7,20,12,,32,13,45,,7,3.0,4.0,8,,5.0,8,3.0,3.0,,1.0,16,4.0,7.0,9,22,,17,,2.0,2.0,13,2.0,,6,,2.0,,2,1.0,108,54,40,4.0,,0.3703703703703703,0.3846153846153846,0.7894736842105263,0.4042553191489361,0.5217391304347826,0.4042553191489361,0.54,0.6,0.5625,0.5721649484536082,0.6,0.6923076923076923,0.5882352941176471,0.6,0.6923076923076923,0.4845360824742268,0.0638297872340425,0.06,0.0454545454545454,0.1052631578947368,0.054054054054054,0.5,,0.5217391304347826,0.3043478260869565,0.8695652173913043,0.24,0.6956521739130435,0.2708333333333333,0.1666666666666666,0.3636363636363636,0.3333333333333333,0.3,,0.3333333333333333,0.5833333333333334,1.0,0.8823529411764706,0.8333333333333334,,103.0,0.5,14.454901960784314,13.515384615384615,13.82450980392157,13.04903846153846,0.2268041237113402,0.7272727272727273,0.7619047619047619,0.375,0.1958762886597938,0.4210526315789473,0.4705882352941176,0.5,0.0927835051546391,0.3333333333333333,0.3333333333333333,0.1030927835051546,0.3814432989690721,0.3783783783783784,0.4,0.7142857142857143,0.3,0.6666666666666666,0.5,0.1,0.4,0.1282051282051282,0.8,0.1282051282051282,0.4615384615384615,0.5,0.711340206185567,0.3783783783783784,0.5441666666666667,0.5430142857142857,0.5319565789473684,0.0686274509803921,0.1111111111111111,0.1,0.45,7.576,26.10652173913044,0.392156862745098,2025-10-30,22500139,MIL,5.0,1.0,3.0,1.0,2.0,5.0,,,2.0,1.0,1.0,,0.4,,0.5,0.5555555555555556,1.0,1.0,0.25,1.0,0.6,,,1.0,,0.0208333333333333,1.0,1.0,0.1,,,,,,,2025-26,2026,Regular Season,1610612744,GSW
47:59,100,101,27,30.0,13,201,13,21,1.0,2.0,2.0,5.0,16,28,1.0,7,5,1.0,2.0,8,29,3.0,4.0,10.0,30,56,10,34,24,114,3.0,5,4.0,3.0,15,7.0,15.0,5.0,12,9.0,38,28,32,30,,4.0,29,8,4,,14,10,24,8,8,6.0,58,7,7,24,13,2.0,39,14,53,,7,5.0,2.0,5,3.0,2.0,7,,3.0,1.0,1.0,12,3.0,2.0,10,19,1.0,27,,4.0,5.0,28,2.0,,12,3.0,3.0,1.0,3,2.0,99,38,27,2.0,3.0,0.4666666666666667,0.5,1.0,0.2941176470588235,0.4166666666666667,0.2941176470588235,0.5357142857142857,0.6,0.4666666666666667,0.5,0.6666666666666666,0.5370370370370371,0.5533980582524272,0.6818181818181818,0.59375,0.3777777777777777,,0.0714285714285714,0.0952380952380952,0.0714285714285714,,0.4166666666666667,1.0,0.6842105263157895,0.2692307692307692,0.75,0.3181818181818182,0.7254901960784313,0.2916666666666667,,0.4166666666666667,0.3333333333333333,0.35,,0.6666666666666666,0.75,0.6,0.6923076923076923,1.0,,100.50000000000006,0.6666666666666666,13.56899999999998,15.08019801980198,13.080999999999982,14.385148514851483,0.2333333333333333,0.6190476190476191,0.6842105263157895,0.6153846153846154,0.3111111111111111,0.5714285714285714,0.6153846153846154,0.375,0.0777777777777777,0.1428571428571428,0.1428571428571428,0.0555555555555555,0.3222222222222222,0.2758620689655172,0.2758620689655172,1.0,0.2222222222222222,0.5,,0.1111111111111111,0.3333333333333333,0.1851851851851851,0.4,0.074074074074074,0.3703703703703703,0.4,0.6111111111111112,0.2758620689655172,0.5114415730337079,0.5342625,0.4763826923076922,0.12,0.1818181818181818,0.131578947368421,0.3333333333333333,7.196428571428571,26.31212121212121,0.27,2025-11-01,22500144,IND,2.0,,1.0,2.0,2.0,2.0,,1.0,3.0,,2.0,1.0,0.5,,0.4,0.4,1.0,,0.6666666666666666,1.0,0.5,,,,,,,,,,,,,,,2025-26,2026,Regular Season,1610612744,GSW
48:00,99,99,21,24.0,15,198,14,19,4.0,7.0,5.0,5.0,11,34,3.0,5,8,1.0,1.0,9,26,5.0,2.0,4.0,28,58,12,34,15,107,4.0,12,6.0,,17,7.0,8.0,2.0,5,4.0,24,30,26,30,6.0,6.0,26,9,4,,15,10,25,7,10,4.0,60,7,13,19,14,1.0,34,20,54,6.0,10,7.0,3.0,9,4.0,6.0,8,1.0,3.0,,,17,1.0,5.0,9,17,1.0,18,,1.0,2.0,16,2.0,,8,1.0,5.0,4.0,5,3.0,90,24,21,1.0,1.0,0.5357142857142857,0.6,0.8333333333333334,0.3529411764705882,0.4,0.3529411764705882,0.4827586206896552,0.3333333333333333,0.875,0.5,0.4722222222222222,0.7692307692307693,0.5404040404040404,0.4722222222222222,0.8,0.3695652173913043,,0.0689655172413793,,0.1176470588235294,,0.5294117647058824,1.0,0.7368421052631579,0.4333333333333333,0.8260869565217391,0.3181818181818182,0.7857142857142857,0.3846153846153846,0.6,0.4347826086956521,,0.3529411764705882,0.2,0.5714285714285714,0.875,0.75,0.8823529411764706,0.6666666666666666,0.125,99.0,0.6,13.935353535353537,15.155555555555557,13.247474747474747,14.35757575757576,0.2065217391304347,0.7368421052631579,0.7368421052631579,0.7142857142857143,0.3695652173913043,0.3235294117647059,0.3666666666666666,0.3636363636363636,0.0543478260869565,0.6,0.6,0.0869565217391304,0.2826086956521739,0.3461538461538461,0.3461538461538461,0.7777777777777778,0.3888888888888889,0.5714285714285714,0.25,0.0555555555555555,0.2777777777777778,0.3846153846153846,1.0,0.0769230769230769,0.3076923076923077,0.5,0.5760869565217391,0.3461538461538461,0.5230620879120879,0.5736269230769231,0.5306125,0.0816326530612244,0.125,0.1588785046728972,0.2242990654205607,6.539655172413793,25.827272727272724,0.2121212121212121,2025-11-04,22500169,PHX,3.0,,,3.0,3.0,3.0,1.0,2.0,,,1.0,1.0,0.5,0.3333333333333333,0.375,0.375,1.0,,0.6,1.0,,,,,,,,1.0,,,,,,,,2025-26,2026,Regular Season,1610612744,GSW
48:00,106,106,32,14.0,10,212,15,19,3.0,3.0,4.0,4.0,14,33,1.0,8,4,1.0,,9,19,2.0,1.0,2.0,30,60,11,23,28,121,3.0,6,3.0,2.0,11,9.0,15.0,1.0,2,16.0,37,38,22,24,9.0,4.0,19,9,6,,19,8,27,6,9,9.0,62,2,8,18,18,3.0,39,10,49,,7,4.0,3.0,10,1.0,5.0,6,1.0,5.0,1.0,,16,,6.0,11,18,1.0,26,,1.0,2.0,33,1.0,,12,5.0,5.0,1.0,5,3.0,110,33,30,,3.0,0.6333333333333333,0.6785714285714286,0.7272727272727273,0.4782608695652174,0.5,0.4782608695652174,0.5,0.5,0.6,0.5602409638554217,0.5,0.6176470588235294,0.6111111111111112,0.55,0.6851851851851852,0.2771084337349397,,0.1,0.1052631578947368,0.0909090909090909,,0.625,1.0,0.782608695652174,0.2758620689655172,0.6923076923076923,0.1666666666666666,0.7346938775510204,0.2439024390243902,,0.3888888888888889,0.1428571428571428,0.2,,1.0,0.75,0.6666666666666666,0.7,0.6666666666666666,,106.0,0.6,13.524528301886791,13.645283018867923,12.81509433962264,13.19811320754717,0.2289156626506024,0.7894736842105263,0.8823529411764706,0.6,0.3975903614457831,0.4242424242424242,0.4666666666666667,0.6428571428571429,0.0963855421686747,0.125,0.1428571428571428,0.0481927710843373,0.2289156626506024,0.4736842105263157,0.4736842105263157,0.6666666666666666,0.3333333333333333,1.0,0.3333333333333333,0.1111111111111111,0.2222222222222222,0.2352941176470588,1.0,,0.1176470588235294,0.5,0.5060240963855421,0.4736842105263157,0.5001722891566265,0.5156071428571428,0.4939588235294117,0.1276595744680851,0.1690140845070422,0.0909090909090909,0.3057851239669421,7.651666666666667,25.87391304347826,0.3018867924528302,2025-11-05,22500181,SAC,2.0,,,1.0,1.0,2.0,1.0,1.0,1.0,,4.0,,0.3333333333333333,1.0,0.5,0.5,1.0,,0.5,1.0,,,,,,,,,,1.0,0.125,,,,,2025-26,2026,Regular Season,1610612744,GSW
48:00,94,95,26,12.0,8,189,22,29,6.0,6.0,10.0,11.0,4,12,4.0,8,4,,1.0,14,30,2.0,2.0,7.0,30,49,16,34,21,129,6.0,7,2.0,,12,12.0,13.0,2.0,8,8.0,38,40,20,42,6.0,8.0,30,14,5,,20,14,34,12,15,4.0,82,2,7,20,17,,37,9,46,,8,7.0,1.0,4,3.0,2.0,5,,2.0,,1.0,9,,1.0,9,15,,18,,2.0,,25,1.0,,10,3.0,3.0,,4,2.0,117,38,26,1.0,3.0,0.6666666666666666,0.7692307692307693,0.875,0.4705882352941176,0.25,0.4705882352941176,0.6122448979591837,0.8571428571428571,0.9230769230769232,0.6506024096385542,0.6666666666666666,0.7142857142857143,0.6789473684210526,0.6666666666666666,0.76,0.4096385542168674,,0.1020408163265306,0.0689655172413793,0.25,,0.4444444444444444,,0.6538461538461539,0.3684210526315789,0.6896551724137931,0.1176470588235294,0.6727272727272727,0.25,0.5714285714285714,0.375,,0.1333333333333333,,0.4,0.5714285714285714,1.0,0.7272727272727273,0.5714285714285714,,94.49999999999994,0.5,14.337234042553192,16.12947368421055,13.922340425531916,15.22421052631581,0.3493975903614458,0.7586206896551724,0.8148148148148148,0.6818181818181818,0.144578313253012,0.3333333333333333,0.4444444444444444,1.0,0.0963855421686747,0.5,0.5,0.0481927710843373,0.3614457831325301,0.4666666666666667,0.4666666666666667,0.8571428571428571,0.6666666666666666,1.0,0.3333333333333333,,0.2222222222222222,0.5238095238095238,0.9090909090909092,0.0476190476190476,0.3333333333333333,0.2857142857142857,0.7590361445783133,0.4666666666666667,0.545084756097561,0.58103125,0.5669738095238095,0.108695652173913,0.1724137931034483,0.0930232558139534,0.2945736434108527,5.777551020408164,25.48787878787879,0.2765957446808511,2025-11-07,22500037,DEN,2.0,,,,,2.0,1.0,,,,3.0,,,0.25,0.5,0.5,1.0,,,,,,,,,,,,,,,1.0,1.0,,,2025-26,2026,Regular Season,1610612744,GSW
48:00,100,100,21,39.0,16,200,12,22,3.0,7.0,2.0,4.0,8,28,1.0,5,11,,1.0,10,28,3.0,1.0,4.0,21,55,11,39,8,83,3.0,12,3.0,,12,3.0,11.0,1.0,5,3.0,12,24,18,27,6.0,6.0,28,10,6,,12,9,21,8,7,4.0,51,6,13,25,9,7.0,41,19,60,1.0,7,5.0,2.0,11,3.0,4.0,11,1.0,7.0,,2.0,22,3.0,6.0,15,25,1.0,16,,4.0,,11,2.0,,5,,5.0,1.0,6,4.0,71,12,21,4.0,,0.5714285714285714,0.6666666666666666,0.8181818181818182,0.282051282051282,0.2,0.282051282051282,0.3818181818181818,0.25,0.2727272727272727,0.3989361702127659,0.4,0.28125,0.423469387755102,0.375,0.3333333333333333,0.4148936170212766,,0.109090909090909,0.0909090909090909,0.1428571428571428,,0.5,1.0,0.5,0.40625,0.78125,0.2142857142857142,0.68,0.3166666666666666,0.7,0.2105263157894736,0.6666666666666666,0.2222222222222222,0.2,0.25,0.7777777777777778,,0.75,0.875,0.0185185185185185,100.0,0.6666666666666666,13.638,15.162,12.831,14.514,0.2340425531914893,0.5454545454545454,0.6,0.5833333333333334,0.2978723404255319,0.2857142857142857,0.3333333333333333,0.5,0.0531914893617021,0.2,0.2,0.1170212765957446,0.2978723404255319,0.3571428571428571,0.3571428571428571,0.8,0.4666666666666667,0.4285714285714285,,,0.2,0.25,0.5,0.0625,0.25,0.25,0.648936170212766,0.3571428571428571,0.5126776595744681,0.5008409090909091,0.4797,0.0612244897959183,0.0862068965517241,0.144578313253012,0.144578313253012,5.943636363636363,25.77692307692308,0.21,2025-11-09,22500196,IND,1.0,,,2.0,2.0,1.0,1.0,,3.0,1.0,3.0,,0.6666666666666666,1.0,0.0909090909090909,0.0909090909090909,1.0,,0.6666666666666666,1.0,,,,1.0,,0.025,,,,,,1.0,1.0,,,2025-26,2026,Regular Season,1610612744,GSW
48:00,100,100,27,38.0,12,200,15,25,3.0,3.0,4.0,6.0,9,18,2.0,4,8,3.0,3.0,11,28,1.0,1.0,6.0,26,47,16,36,26,126,4.0,5,4.0,2.0,16,6.0,13.0,3.0,9,17.0,38,28,24,45,3.0,2.0,28,11,3,1.0,14,15,29,10,10,2.0,73,9,4,18,14,2.0,34,13,47,3.0,12,8.0,4.0,16,2.0,11.0,4,,5.0,1.0,,20,2.0,4.0,13,21,,28,,2.0,2.0,31,6.0,2.0,14,2.0,4.0,1.0,4,3.0,110,38,27,1.0,2.0,0.5384615384615384,0.56,0.9375,0.4444444444444444,0.3333333333333333,0.4444444444444444,0.5531914893617021,0.8,0.4615384615384615,0.6024096385542169,0.7777777777777778,0.4772727272727273,0.6648936170212766,0.8,0.6333333333333333,0.4337349397590361,0.0277777777777777,0.0638297872340425,0.12,,0.0357142857142857,0.8,1.0,0.7777777777777778,0.2,0.8181818181818182,0.45,0.8,0.325,0.3,0.125,,0.4117647058823529,0.6666666666666666,0.8,0.8,0.75,0.8,1.0,0.0833333333333333,100.0,0.75,14.149,14.651,13.52,14.161,0.3012048192771084,0.6,0.6818181818181818,0.6666666666666666,0.216867469879518,0.5,0.5,0.2222222222222222,0.0481927710843373,0.5,0.5,0.0963855421686747,0.3373493975903614,0.3928571428571428,0.4074074074074074,0.9090909090909092,0.3333333333333333,1.0,0.6666666666666666,0.3333333333333333,0.1111111111111111,0.2727272727272727,0.6666666666666666,0.1363636363636363,0.2727272727272727,0.1666666666666666,0.7349397590361446,0.3928571428571428,0.5627524096385542,0.6866375,0.5541613636363636,0.1538461538461538,0.2545454545454545,0.1269841269841269,0.3015873015873015,6.036170212765957,24.975,0.27,2025-11-11,22500210,OKC,5.0,2.0,2.0,,2.0,5.0,2.0,,2.0,,3.0,,0.5,1.0,0.625,0.625,1.0,0.6666666666666666,,,0.6666666666666666,,,1.0,,,1.0,,,,,,,,,2025-26,2026,Regular Season,1610612744,GSW
48:00,106,106,22,32.0,13,212,20,27,8.0,10.0,4.0,8.0,8,20,4.0,8,17,2.0,3.0,5,22,,1.0,4.0,32,55,14,39,14,120,8.0,10,2.0,5.0,27,7.0,15.0,3.0,7,3.0,26,34,30,39,3.0,16.0,22,5,3,,17,13,30,5,12,2.0,73,6,8,26,9,3.0,38,15,53,5.0,5,2.0,3.0,13,2.0,9.0,7,2.0,4.0,1.0,,20,,5.0,12,24,,18,,2.0,5.0,16,1.0,,7,1.0,1.0,1.0,3,2.0,93,26,22,4.0,1.0,0.53125,0.7083333333333334,0.9285714285714286,0.358974358974359,0.4285714285714285,0.358974358974359,0.5818181818181818,0.8,0.4666666666666667,0.5638297872340425,0.9166666666666666,0.5227272727272727,0.594059405940594,0.9,0.5416666666666666,0.4148936170212766,,0.0545454545454545,0.074074074074074,0.05,,0.65,1.0,0.75,0.3636363636363636,0.7222222222222222,0.24,0.7291666666666666,0.2978723404255319,0.4285714285714285,0.3333333333333333,0.3333333333333333,0.2941176470588235,0.125,0.75,0.75,0.75,0.7241379310344828,0.7142857142857143,0.1136363636363636,106.0,0.6666666666666666,12.983962264150945,14.185849056603772,12.684905660377355,13.506603773584906,0.2872340425531915,0.7407407407407407,0.8,0.6,0.2127659574468085,0.4,0.4210526315789473,0.25,0.0851063829787234,0.5,0.5,0.1808510638297872,0.2340425531914893,0.2272727272727272,0.2272727272727272,1.0,0.8333333333333334,0.8,,0.1666666666666666,,0.3636363636363636,0.5,0.1363636363636363,0.1818181818181818,0.25,0.7021276595744681,0.2272727272727272,0.5648058510638297,0.63916875,0.5240340909090909,0.08,0.1147540983606557,0.225,0.2166666666666666,5.787272727272727,24.81538461538461,0.2075471698113207,2025-11-12,22500220,SAS,9.0,2.0,2.0,,2.0,8.0,3.0,1.0,,,,,1.0,0.75,0.5294117647058824,0.5294117647058824,0.8888888888888888,1.0,,,0.6666666666666666,1.0,1.0,1.0,0.5,0.0256410256410256,0.5,,,,,2.0,2.0,,,2025-26,2026,Regular Season,1610612744,GSW
48:00,96,98,26,28.0,15,194,16,24,5.0,7.0,5.0,5.0,4,13,5.0,10,16,,3.0,8,22,2.0,3.0,8.0,25,47,14,38,16,108,7.0,10,2.0,4.0,18,9.0,14.0,4.0,11,5.0,35,32,18,36,6.0,6.0,22,8,7,1.0,16,12,28,6,9,2.0,68,8,10,23,13,1.0,37,19,56,2.0,8,4.0,4.0,9,3.0,6.0,12,3.0,3.0,1.0,,21,3.0,5.0,9,19,1.0,20,1.0,3.0,3.0,19,,1.0,7,2.0,6.0,4.0,6,3.0,90,35,26,,2.0,0.64,0.7272727272727273,0.8571428571428571,0.3684210526315789,0.3636363636363636,0.3684210526315789,0.5319148936170213,0.7,0.6428571428571429,0.5411764705882353,0.5833333333333334,0.6,0.5691489361702128,0.6428571428571429,0.6296296296296297,0.4470588235294118,0.0263157894736842,0.1489361702127659,0.1666666666666666,0.2307692307692307,,0.4285714285714285,0.5,0.5416666666666666,0.4545454545454545,0.8214285714285714,0.3478260869565217,0.6923076923076923,0.4,0.5,0.4444444444444444,0.4,0.5384615384615384,0.1,0.7857142857142857,0.2857142857142857,,0.8095238095238095,0.8571428571428571,0.054054054054054,97.0,0.5,13.905208333333334,15.766326530612243,13.309375,14.868367346938774,0.2823529411764706,0.6666666666666666,0.8,0.5625,0.1529411764705882,0.3076923076923077,0.4,0.5,0.1176470588235294,0.5,0.5,0.188235294117647,0.2588235294117647,0.3636363636363636,0.3636363636363636,0.75,0.5833333333333334,0.7142857142857143,0.4,,0.1666666666666666,0.2,1.0,0.12,0.32,0.375,0.7294117647058823,0.3636363636363636,0.5685,0.5230875,0.513348,0.0760869565217391,0.1296296296296296,0.1666666666666666,0.324074074074074,6.602127659574468,24.69473684210526,0.2708333333333333,2025-11-14,22500047,SAS,6.0,,1.0,,,6.0,5.0,3.0,,,2.0,,,1.0,0.375,0.4,1.0,,,,0.3333333333333333,1.0,,,1.0,,,,0.0625,,,,,,,2025-26,2026,Regular Season,1610612744,GSW
48:00,103,103,30,26.0,14,206,24,41,9.0,12.0,7.0,13.0,4,9,2.0,4,8,1.0,2.0,5,22,,2.0,6.0,30,54,8,30,22,106,10.0,13,1.0,1.0,21,8.0,17.0,2.0,8,11.0,33,30,30,21,3.0,12.0,22,5,4,,15,7,22,4,13,1.0,51,6,8,21,10,,31,15,46,1.0,11,10.0,1.0,14,1.0,9.0,7,1.0,5.0,,,21,,6.0,9,16,,23,,,1.0,29,3.0,,15,1.0,3.0,2.0,4,3.0,85,33,30,,1.0,0.5,0.625,0.875,0.2666666666666666,0.25,0.2666666666666666,0.5555555555555556,0.7692307692307693,0.4705882352941176,0.5,0.7142857142857143,0.44,0.5463917525773195,0.7,0.532258064516129,0.3571428571428571,,0.074074074074074,0.073170731707317,0.1111111111111111,,0.6666666666666666,,0.5263157894736842,0.3333333333333333,0.65625,0.2857142857142857,0.6078431372549019,0.3111111111111111,0.4705882352941176,,,0.3125,0.2,0.4166666666666667,0.7142857142857143,,0.6086956521739131,0.7777777777777778,0.024390243902439,103.0,0.75,13.176699029126214,14.784466019417476,12.770873786407767,13.914563106796116,0.4880952380952381,0.5853658536585366,0.631578947368421,0.5416666666666666,0.1071428571428571,0.4444444444444444,0.5,0.25,0.0476190476190476,0.5,0.5,0.0952380952380952,0.2619047619047619,0.2272727272727272,0.2272727272727272,0.8,0.8571428571428571,0.75,0.2222222222222222,0.0714285714285714,,0.52,0.5384615384615384,0.08,0.24,0.3333333333333333,0.8452380952380952,0.2272727272727272,0.5756518072289156,0.61065,0.5839895833333334,0.15625,0.2272727272727272,0.1981132075471698,0.3113207547169811,4.307407407407407,25.32068965517241,0.2912621359223301,2025-11-16,22500237,NOP,3.0,,,,,3.0,1.0,2.0,2.0,,1.0,,,0.5,0.375,0.375,1.0,,,,,1.0,,,0.25,,,,,,,1.0,,1.0,,2025-26,2026,Regular Season,1610612744,GSW
47:59,102,103,27,21.0,11,205,27,34,5.0,7.0,5.0,7.0,6,15,2.0,4,8,1.0,2.0,5,26,1.0,,7.0,35,53,8,34,27,121,5.0,7,2.0,4.0,14,6.0,13.0,1.0,9,11.0,26,40,30,24,,8.0,26,5,3,,20,8,28,5,16,4.0,64,5,7,17,15,3.0,35,12,47,2.0,14,13.0,1.0,11,1.0,9.0,3,,2.0,1.0,,14,1.0,3.0,13,20,,18,,1.0,,29,1.0,2.0,12,2.0,3.0,2.0,3,3.0,107,26,27,,2.0,0.5714285714285714,0.6451612903225806,1.0,0.2352941176470588,0.1111111111111111,0.2352941176470588,0.660377358490566,0.7142857142857143,0.4615384615384615,0.5402298850574713,0.5555555555555556,0.3409090909090909,0.595,0.6363636363636364,0.4629629629629629,0.3908045977011494,,0.0566037735849056,,0.2,,0.7857142857142857,1.0,0.9375,0.3888888888888889,0.7391304347826086,0.2083333333333333,0.8205128205128205,0.2857142857142857,0.4285714285714285,0.4444444444444444,,0.1578947368421052,0.4,1.0,0.8571428571428571,1.0,0.6666666666666666,0.875,0.0512820512820512,102.50000000000006,1.0,13.541176470588235,14.551456310679592,13.17843137254902,14.136893203883474,0.3908045977011494,0.7941176470588235,0.7941176470588235,0.5925925925925926,0.1724137931034483,0.4,0.5,0.6666666666666666,0.0459770114942528,0.5,0.5,0.0919540229885057,0.2988505747126437,0.1923076923076923,0.1923076923076923,1.0,0.7777777777777778,0.7142857142857143,0.2,0.1111111111111111,0.1111111111111111,0.3181818181818182,0.7142857142857143,0.0909090909090909,0.3181818181818182,,0.7816091954022989,0.1923076923076923,0.5712764705882353,0.59365,0.5200880952380952,0.1224489795918367,0.1875,0.1157024793388429,0.2148760330578512,4.29811320754717,25.54375,0.2647058823529412,2025-11-18,22500249,ORL,3.0,,1.0,,,3.0,,1.0,1.0,,1.0,2.0,,,0.375,0.375,1.0,,,,0.5,,,,,,,,,,,,,,,2025-26,2026,Regular Season,1610612744,GSW
48:00,104,106,21,40.0,15,210,17,29,4.0,8.0,5.0,8.0,7,26,2.0,6,11,1.0,2.0,7,25,2.0,2.0,4.0,26,61,13,36,19,110,5.0,11,3.0,2.0,15,8.0,13.0,3.0,6,5.0,30,34,18,39,,6.0,25,7,3,2.0,17,13,30,7,10,5.0,73,5,13,23,15,2.0,40,18,58,5.0,10,7.0,3.0,8,1.0,4.0,6,2.0,4.0,1.0,2.0,14,1.0,2.0,11,17,,20,1.0,2.0,,26,3.0,,11,2.0,3.0,2.0,3,2.0,95,30,21,,2.0,0.6538461538461539,0.7391304347826086,1.0,0.3611111111111111,0.5,0.3611111111111111,0.4262295081967213,0.4545454545454545,0.6153846153846154,0.4690721649484536,0.4642857142857143,0.6578947368421053,0.5092592592592593,0.46875,0.6521739130434783,0.3711340206185567,0.0555555555555555,0.0491803278688524,,0.1153846153846153,,0.5714285714285714,1.0,0.6,0.3714285714285714,0.6388888888888888,0.217391304347826,0.6229508196721312,0.3103448275862069,0.5833333333333334,0.2631578947368421,0.25,0.2222222222222222,0.2,0.6363636363636364,0.6153846153846154,,0.6071428571428571,0.75,0.0943396226415094,105.0,0.6666666666666666,12.275,15.126415094339624,11.776923076923076,14.260377358490569,0.2989690721649484,0.5862068965517241,0.5862068965517241,0.5882352941176471,0.268041237113402,0.2692307692307692,0.3043478260869565,0.7142857142857143,0.0618556701030927,0.3333333333333333,0.3333333333333333,0.1134020618556701,0.2577319587628865,0.28,0.28,1.0,0.5714285714285714,0.5,0.5,0.0714285714285714,0.1428571428571428,0.4210526315789473,0.625,0.1052631578947368,0.2105263157894736,0.5,0.6701030927835051,0.28,0.5341604166666667,0.52695,0.5283444444444444,0.1132075471698113,0.1594202898550724,0.1363636363636363,0.2727272727272727,5.877049180327869,25.391428571428573,0.2019230769230769,2025-11-19,22500257,MIA,6.0,1.0,1.0,,1.0,6.0,2.0,,,,1.0,,0.3333333333333333,1.0,0.5454545454545454,0.6666666666666666,1.0,1.0,,,0.5,,,1.0,,0.027027027027027,1.0,,0.1818181818181818,,,,,,,2025-26,2026,Regular Season,1610612744,GSW
48:00,100,101,48,28.0,22,201,20,26,6.0,8.0,10.0,12.0,5,16,1.0,1,6,1.0,3.0,14,41,5.0,6.0,16.0,26,43,16,47,27,127,6.0,9,6.0,10.0,28,14.0,23.0,7.0,19,13.0,62,30,22,48,,10.0,41,14,4,,15,16,31,14,12,2.0,78,14,11,20,12,1.0,33,26,59,7.0,8,5.0,3.0,14,1.0,12.0,7,1.0,2.0,,,21,4.0,11.0,15,25,2.0,25,,4.0,2.0,32,2.0,1.0,12,3.0,4.0,,5,3.0,99,60,47,1.0,2.0,0.5769230769230769,0.7142857142857143,1.0,0.3404255319148936,0.3684210526315789,0.3404255319148936,0.6046511627906976,0.6666666666666666,0.6086956521739131,0.5555555555555556,0.6,0.5833333333333334,0.6057692307692307,0.7,0.6458333333333334,0.5222222222222223,,0.0930232558139534,0.0384615384615384,0.1875,,0.6666666666666666,1.0,0.7058823529411765,0.6470588235294118,0.7692307692307693,0.4516129032258064,0.7441860465116279,0.5208333333333334,1.0,0.4545454545454545,,0.4814814814814814,0.25,0.75,0.6923076923076923,,0.8421052631578947,0.5714285714285714,0.1590909090909091,100.5,0.6,14.257,14.399009900990098,13.334,14.02079207920792,0.2888888888888888,0.7692307692307693,0.8,0.6,0.1777777777777777,0.3125,0.3846153846153846,0.4,0.0111111111111111,1.0,1.0,0.0666666666666666,0.4555555555555555,0.3414634146341463,0.3414634146341463,1.0,0.5333333333333333,0.75,0.1666666666666666,0.0666666666666666,0.3333333333333333,0.2857142857142857,0.8333333333333334,0.0714285714285714,0.3809523809523809,0.375,0.8111111111111111,0.3414634146341463,0.5419090909090909,0.6285833333333334,0.5217212499999999,0.1287128712871287,0.2264150943396226,0.2204724409448819,0.4881889763779528,3.911627906976744,26.162222222222223,0.48,2025-11-21,22500056,POR,2.0,,1.0,2.0,2.0,2.0,1.0,1.0,1.0,,4.0,,0.3333333333333333,1.0,0.3333333333333333,0.3333333333333333,1.0,,0.4,1.0,0.3333333333333333,1.0,,1.0,0.5,0.0208333333333333,,,,,,1.0,,1.0,,2025-26,2026,Regular Season,1610612744,GSW
48:00,104,106,24,12.0,14,210,19,29,6.0,9.0,5.0,8.0,15,30,2.0,4,14,3.0,4.0,7,23,,,4.0,36,63,11,37,12,117,8.0,12,3.0,1.0,17,10.0,16.0,2.0,8,1.0,27,44,28,30,3.0,8.0,23,7,4,1.0,22,10,32,6,13,8.0,74,7,11,24,11,,35,18,53,5.0,7,7.0,,11,,7.0,3,1.0,4.0,,1.0,14,1.0,4.0,10,14,1.0,14,,,,18,2.0,,10,,6.0,4.0,6,4.0,100,27,24,,,0.6111111111111112,0.6875,0.9090909090909092,0.2972972972972973,0.25,0.2972972972972973,0.5714285714285714,0.6666666666666666,0.625,0.525,0.5333333333333333,0.5416666666666666,0.5416666666666666,0.53125,0.54,0.37,0.027027027027027,0.0634920634920634,0.0689655172413793,0.0666666666666666,0.0434782608695652,0.7857142857142857,,0.55,0.4074074074074074,0.7058823529411765,0.2692307692307692,0.6481481481481481,0.3396226415094339,0.4,0.4666666666666667,,0.125,0.5,0.75,0.375,0.5,0.68,0.7777777777777778,0.1041666666666666,105.0,0.6666666666666666,13.376923076923076,14.045283018867924,12.78173076923077,13.402830188679246,0.29,0.6551724137931034,0.7037037037037037,0.6842105263157895,0.3,0.5,0.5357142857142857,0.5333333333333333,0.04,0.5,0.5,0.14,0.23,0.3043478260869565,0.3181818181818182,0.8571428571428571,0.6,0.6666666666666666,0.3333333333333333,0.2,,0.3333333333333333,0.625,0.1666666666666666,0.1666666666666666,,0.66,0.3043478260869565,0.5310010101010101,0.5626,0.5218260869565218,0.0925925925925925,0.1408450704225352,0.1452991452991453,0.2307692307692307,5.633333333333333,25.01944444444445,0.2307692307692307,2025-11-24,22500291,UTA,4.0,,2.0,,,4.0,1.0,,,1.0,1.0,,,0.5,0.2857142857142857,0.2857142857142857,1.0,,,,0.5,,,,,,,,,,,,,,,2025-26,2026,Regular Season,1610612744,GSW
48:00,91,91,41,31.0,23,182,10,20,5.0,10.0,5.0,11.0,13,28,5.0,12,12,3.0,3.0,8,28,4.0,2.0,10.0,28,60,11,40,15,104,8.0,19,7.0,1.0,17,12.0,26.0,3.0,13,14.0,47,26,30,33,,8.0,28,8,4,1.0,13,11,24,8,3,5.0,59,11,18,19,10,1.0,30,31,61,3.0,7,6.0,1.0,8,1.0,5.0,2,,3.0,,,10,4.0,3.0,8,20,,26,1.0,6.0,2.0,24,2.0,,6,7.0,2.0,2.0,3,1.0,87,47,41,2.0,7.0,0.4642857142857143,0.5416666666666666,1.0,0.275,0.2307692307692307,0.275,0.4666666666666667,0.4210526315789473,0.4615384615384615,0.445,0.3076923076923077,0.4230769230769231,0.4684684684684684,0.3269230769230769,0.4895833333333333,0.4,0.025,0.0666666666666666,0.05,0.1071428571428571,0.0357142857142857,0.8,1.0,0.625,0.5625,0.6129032258064516,0.3928571428571428,0.6170212765957447,0.4833333333333333,0.4,0.5333333333333333,0.8571428571428571,0.4736842105263157,0.2222222222222222,0.4,0.7777777777777778,0.5,0.631578947368421,0.5833333333333334,0.0545454545454545,91.0,0.3333333333333333,15.767032967032966,15.881318681318682,14.245054945054944,14.795604395604396,0.2,0.5,0.5263157894736842,0.3,0.28,0.4642857142857143,0.52,0.3846153846153846,0.12,0.4166666666666667,0.4166666666666667,0.12,0.28,0.2857142857142857,0.2962962962962963,1.0,0.3846153846153846,0.5,,0.1153846153846153,0.1538461538461538,0.282051282051282,0.4545454545454545,0.0769230769230769,0.2564102564102564,0.2,0.6,0.2857142857142857,0.5041030303030303,0.5398868421052632,0.4924644736842105,0.0576923076923076,0.09375,0.1634615384615384,0.4519230769230769,7.8516666666666675,25.98974358974359,0.4505494505494505,2025-11-26,22500066,HOU,3.0,,1.0,,,3.0,5.0,1.0,1.0,,,1.0,,1.0,0.25,0.25,1.0,,,,0.3333333333333333,2.0,,,0.4,,,,,,,1.0,1.0,,,2025-26,2026,Regular Season,1610612744,GSW
48:00,94,94,31,28.0,18,188,16,22,5.0,8.0,6.0,8.0,8,31,1.0,3,7,1.0,2.0,6,23,2.0,,8.0,25,56,7,30,25,96,7.0,12,3.0,5.0,22,6.0,12.0,,10,14.0,26,22,28,15,6.0,8.0,23,6,3,,11,5,16,5,8,2.0,37,11,10,26,10,1.0,37,21,58,3.0,7,4.0,3.0,5,1.0,3.0,8,4.0,2.0,,,13,1.0,7.0,7,21,1.0,22,,3.0,,34,2.0,1.0,14,3.0,2.0,,2,1.0,74,26,31,,3.0,0.44,0.5238095238095238,0.7142857142857143,0.2333333333333333,,0.2333333333333333,0.4464285714285714,0.5833333333333334,0.5,0.4127906976744186,0.5666666666666667,0.2727272727272727,0.4702970297029702,0.5789473684210527,0.4310344827586206,0.3488372093023256,,0.0535714285714285,,0.0967741935483871,,0.3846153846153846,1.0,0.5263157894736842,0.3225806451612903,0.7428571428571429,0.4782608695652174,0.6666666666666666,0.3888888888888889,0.5,0.3043478260869565,,0.4705882352941176,0.5,0.3333333333333333,0.6666666666666666,1.0,0.8695652173913043,0.5,0.0588235294117647,94.0,0.5,14.44255319148936,16.195744680851064,13.339361702127658,15.306382978723406,0.2558139534883721,0.7272727272727273,0.7272727272727273,0.5,0.3604651162790697,0.2580645161290322,0.2857142857142857,0.25,0.0348837209302325,0.3333333333333333,0.3333333333333333,0.0813953488372093,0.2674418604651162,0.2608695652173913,0.2608695652173913,0.8333333333333334,0.5333333333333333,0.625,,0.0666666666666666,0.1333333333333333,0.3636363636363636,0.75,0.0909090909090909,0.3636363636363636,,0.6046511627906976,0.2608695652173913,0.5149767441860464,0.5522111111111111,0.5349818181818182,0.1428571428571428,0.2058823529411764,0.2291666666666666,0.2708333333333333,5.4750000000000005,25.956666666666667,0.3297872340425531,2025-11-29,22500298,NOP,1.0,1.0,,,1.0,,1.0,2.0,2.0,,2.0,1.0,0.3333333333333333,1.0,0.1428571428571428,0.1428571428571428,,1.0,,,,,,,,,,,,,,,,,,2025-26,2026,Regular Season,1610612744,GSW
47:59,100,102,31,8.0,4,202,10,14,1.0,1.0,2.0,3.0,20,29,1.0,4,9,,3.0,9,23,,5.0,6.0,31,47,15,32,17,124,2.0,3,,,4,10.0,14.0,7.0,9,10.0,51,26,36,33,12.0,2.0,23,9,2,,13,11,24,5,5,8.0,59,2,2,17,21,1.0,39,4,43,,8,7.0,1.0,5,3.0,2.0,10,1.0,3.0,1.0,1.0,15,1.0,4.0,6,13,1.0,22,,1.0,3.0,23,3.0,,11,2.0,4.0,2.0,5,3.0,120,49,30,,1.0,0.4193548387096774,0.4333333333333333,0.7333333333333333,0.46875,0.7777777777777778,0.46875,0.6595744680851063,0.6666666666666666,0.7142857142857143,0.6772151898734177,0.6666666666666666,0.8913043478260869,0.6966292134831461,0.6666666666666666,0.9107142857142856,0.4050632911392405,,0.0425531914893617,,0.0689655172413793,,0.3333333333333333,1.0,0.75,0.125,0.7083333333333334,0.1176470588235294,0.7307692307692307,0.1212121212121212,0.25,0.1111111111111111,,0.1428571428571428,,0.6666666666666666,0.7647058823529411,1.0,0.7222222222222222,0.6666666666666666,,101.00000000000011,0.6,13.15899999999998,15.334313725490178,12.97899999999998,14.894117647058804,0.1772151898734177,0.7142857142857143,0.7142857142857143,0.5,0.3670886075949367,0.6896551724137931,0.7407407407407407,0.4,0.050632911392405,0.25,0.25,0.1139240506329113,0.2911392405063291,0.391304347826087,0.391304347826087,0.5555555555555556,0.3333333333333333,1.0,,,,0.1304347826086956,0.6666666666666666,0.1304347826086956,0.2608695652173913,0.8333333333333334,0.5822784810126582,0.391304347826087,0.5074354430379747,0.6208,0.4813043478260869,0.1264367816091954,0.2,0.032258064516129,0.4112903225806452,7.240425531914894,25.63125,0.31,2025-12-02,22500323,OKC,6.0,,2.0,,,6.0,,2.0,,,2.0,,,,0.6666666666666666,0.6666666666666666,1.0,,,,0.6666666666666666,,,,,,,,,,,1.0,1.0,,,2025-26,2026,Regular Season,1610612744,GSW
48:00,97,97,29,9.0,11,194,16,21,4.0,5.0,7.0,8.0,9,18,4.0,9,6,1.0,1.0,9,32,3.0,2.0,10.0,29,48,10,38,11,99,6.0,8,4.0,,15,12.0,16.0,3.0,11,5.0,38,28,30,27,3.0,8.0,32,9,3,1.0,14,9,23,8,8,5.0,55,6,7,20,17,2.0,39,14,53,1.0,8,5.0,3.0,12,2.0,9.0,7,2.0,3.0,2.0,1.0,19,1.0,4.0,7,14,,20,,3.0,,14,2.0,,7,1.0,6.0,4.0,7,5.0,84,38,29,1.0,1.0,0.4827586206896552,0.56,0.9,0.2631578947368421,0.2727272727272727,0.2631578947368421,0.6041666666666666,0.75,0.75,0.5116279069767442,0.625,0.6111111111111112,0.5380434782608695,0.5769230769230769,0.6333333333333333,0.4418604651162791,0.0263157894736842,0.0625,0.0476190476190476,0.0555555555555555,,0.631578947368421,1.0,0.7727272727272727,0.3684210526315789,0.6666666666666666,0.2222222222222222,0.7115384615384616,0.2826086956521739,0.2,0.4444444444444444,0.4,0.1818181818181818,0.4,0.875,0.8,0.5,0.625,0.8333333333333334,0.0238095238095238,96.99999999999994,0.7142857142857143,15.113402061855693,14.577319587628866,14.268041237113422,13.92680412371134,0.2441860465116279,0.7619047619047619,0.8,0.5,0.2093023255813953,0.5,0.5294117647058824,0.5555555555555556,0.1046511627906976,0.4444444444444444,0.5,0.0697674418604651,0.3720930232558139,0.28125,0.28125,0.8888888888888888,0.4166666666666667,0.8,,0.0833333333333333,0.25,0.2962962962962963,0.875,0.037037037037037,0.3703703703703703,0.2,0.686046511627907,0.28125,0.5372029411764706,0.528725,0.5275788461538462,0.0769230769230769,0.1320754716981132,0.1515151515151515,0.3838383838383838,6.95,25.986486486486488,0.2989690721649484,2025-12-04,22500333,PHI,1.0,,1.0,1.0,1.0,1.0,1.0,,2.0,,2.0,1.0,0.25,0.25,0.1666666666666666,0.2,1.0,,0.3333333333333333,1.0,1.0,1.0,,,1.0,,,,0.1666666666666666,,0.1111111111111111,1.0,1.0,,,2025-26,2026,Regular Season,1610612744,GSW
48:00,94,96,12,20.0,20,190,15,35,6.0,13.0,1.0,3.0,10,25,2.0,5,7,,2.0,8,35,7.0,1.0,6.0,27,65,10,42,10,94,8.0,18,7.0,4.0,23,2.0,4.0,1.0,8,1.0,8,18,36,18,12.0,12.0,35,8,8,,9,6,15,4,5,4.0,36,14,16,13,23,2.0,38,30,68,6.0,7,6.0,1.0,8,3.0,5.0,4,,3.0,,1.0,12,2.0,1.0,8,18,,19,,2.0,3.0,12,2.0,,6,1.0,4.0,1.0,4,1.0,71,8,12,3.0,1.0,0.3333333333333333,0.4285714285714285,0.6,0.238095238095238,0.125,0.238095238095238,0.4153846153846154,0.4444444444444444,0.5,0.3925233644859813,0.38,0.2916666666666667,0.4196428571428571,0.4259259259259259,0.3076923076923077,0.3925233644859813,,0.123076923076923,0.1142857142857142,0.16,,0.6666666666666666,1.0,0.7931034482758621,0.4210526315789473,0.6190476190476191,0.4375,0.72,0.4285714285714285,0.5,0.4,,0.4444444444444444,0.4,0.7272727272727273,0.8,1.0,0.75,0.4444444444444444,0.0967741935483871,94.99999999999994,0.25,14.53936170212766,15.763541666666688,13.004255319148935,14.992708333333354,0.3271028037383177,0.4285714285714285,0.4838709677419355,0.3333333333333333,0.2336448598130841,0.4,0.4761904761904761,0.4,0.0467289719626168,0.4,0.4,0.0654205607476635,0.3271028037383177,0.2285714285714285,0.2285714285714285,0.5,0.52,0.4615384615384615,,,0.28,0.25,0.3333333333333333,0.1666666666666666,0.5,0.1666666666666666,0.719626168224299,0.2285714285714285,0.5566707547169811,0.5679666666666667,0.506,0.054054054054054,0.0869565217391304,0.2446808510638297,0.0851063829787234,5.529230769230769,25.65952380952381,0.1276595744680851,2025-12-06,22500352,CLE,2.0,,,1.0,1.0,2.0,,,2.0,,3.0,,0.1428571428571428,,0.2857142857142857,0.2857142857142857,1.0,,0.1428571428571428,1.0,,,,,,,,2.0,,,,,,,,2025-26,2026,Regular Season,1610612744,GSW
48:00,95,93,23,13.0,16,188,18,31,3.0,7.0,3.0,4.0,3,16,,2,8,2.0,,10,32,4.0,5.0,11.0,21,49,11,40,16,91,3.0,9,6.0,2.0,14,3.0,9.0,5.0,11,5.0,26,28,14,30,3.0,2.0,32,10,2,,14,10,24,9,12,2.0,58,10,8,15,10,2.0,27,18,45,,12,10.0,2.0,11,2.0,10.0,4,,1.0,1.0,1.0,15,1.0,4.0,8,15,,16,,2.0,1.0,19,1.0,,7,,4.0,2.0,4,4.0,77,26,23,1.0,,0.6666666666666666,0.7,0.9090909090909092,0.275,0.4545454545454545,0.275,0.4285714285714285,0.3333333333333333,0.3333333333333333,0.4213483146067415,0.4,0.525,0.4690721649484536,0.4375,0.5909090909090909,0.449438202247191,,0.0408163265306122,0.032258064516129,0.0625,,0.7333333333333333,0.5,0.5555555555555556,0.2857142857142857,0.6,0.3571428571428571,0.5813953488372093,0.3214285714285714,0.3846153846153846,0.2307692307692307,,0.4761904761904761,,0.6363636363636364,0.5,,0.6428571428571429,0.5454545454545454,,94.0,1.0,14.446315789473685,16.210752688172043,13.385263157894736,14.941935483870967,0.348314606741573,0.5806451612903226,0.6,0.6666666666666666,0.1797752808988764,0.1875,0.2,0.6666666666666666,0.0224719101123595,,,0.0898876404494382,0.3595505617977528,0.3125,0.3125,0.9,0.4666666666666667,0.4285714285714285,0.3333333333333333,0.1333333333333333,0.2666666666666666,0.2,0.75,,0.55,0.4545454545454545,0.797752808988764,0.3125,0.5754477528089887,0.5627375,0.5357075,0.0927835051546391,0.1272727272727272,0.1538461538461538,0.2857142857142857,4.077551020408164,25.4,0.2421052631578947,2025-12-07,22500361,CHI,1.0,1.0,,1.0,2.0,1.0,,,3.0,,2.0,,0.3333333333333333,,0.125,0.125,1.0,0.5,0.25,1.0,,,,2.0,,0.0476190476190476,1.0,,,,,,,,,2025-26,2026,Regular Season,1610612744,GSW
48:00,103,102,40,31.0,11,205,22,27,3.0,5.0,7.0,8.0,14,28,1.0,3,8,,3.0,7,23,5.0,1.0,5.0,37,58,11,31,20,127,3.0,5,5.0,1.0,13,14.0,21.0,2.0,8,11.0,45,42,32,27,6.0,6.0,23,7,2,,21,9,30,6,14,7.0,69,7,5,22,14,1.0,37,13,50,1.0,8,6.0,2.0,7,,5.0,4,1.0,2.0,,2.0,11,,4.0,8,22,,23,,2.0,,28,2.0,,12,3.0,3.0,1.0,3,2.0,114,45,40,3.0,3.0,0.5675675675675675,0.6176470588235294,0.8181818181818182,0.3548387096774194,0.25,0.3548387096774194,0.6379310344827587,0.6,0.6666666666666666,0.601123595505618,0.6,0.5862068965517241,0.6225490196078431,0.5909090909090909,0.625,0.348314606741573,,0.0344827586206896,0.037037037037037,0.0357142857142857,,0.6363636363636364,0.5,0.6666666666666666,0.238095238095238,0.7096774193548387,0.35,0.6923076923076923,0.2926829268292683,0.2,0.2857142857142857,,0.375,0.25,,0.7333333333333333,0.6,0.8181818181818182,0.4444444444444444,0.0256410256410256,102.5,0.6666666666666666,12.630097087378642,15.481372549019609,12.176699029126214,14.744117647058822,0.3033707865168539,0.8148148148148148,0.8461538461538461,0.6363636363636364,0.3146067415730337,0.5,0.5185185185185185,0.5,0.0337078651685393,0.3333333333333333,0.3333333333333333,0.0898876404494382,0.2584269662921348,0.3043478260869565,0.3043478260869565,0.8571428571428571,0.5,0.6,,,0.5,0.2758620689655172,0.875,0.1034482758620689,0.1724137931034483,0.2,0.651685393258427,0.3043478260869565,0.5160573033707865,0.5745333333333333,0.5038862068965517,0.1212121212121212,0.1764705882352941,0.1023622047244094,0.3543307086614173,5.55344827586207,26.12903225806452,0.3883495145631068,2025-12-12,22501215,MIN,4.0,,1.0,2.0,2.0,3.0,,,3.0,,2.0,,0.4,,0.5,0.5,0.75,,0.4,1.0,0.3333333333333333,1.0,,,0.25,,,,,,,,,,,2025-26,2026,Regular Season,1610612744,GSW
48:00,105,105,26,24.0,14,210,10,13,3.0,3.0,3.0,4.0,11,29,4.0,8,13,1.0,2.0,14,26,3.0,2.0,6.0,25,50,20,39,26,136,5.0,7,4.0,2.0,24,6.0,11.0,2.0,8,12.0,30,30,20,45,15.0,2.0,26,14,5,,15,15,30,10,7,6.0,75,6,9,18,14,2.0,34,15,49,,11,8.0,3.0,14,,10.0,4,1.0,4.0,,,18,2.0,5.0,10,21,1.0,24,,,5.0,29,5.0,1.0,11,4.0,2.0,,4,4.0,112,28,25,2.0,3.0,0.6,0.625,0.75,0.5128205128205128,0.25,0.5128205128205128,0.5,0.7142857142857143,0.5454545454545454,0.6179775280898876,1.0,0.4736842105263157,0.675,1.0,0.625,0.4382022471910112,,0.1,,0.1724137931034483,,0.7777777777777778,1.0,0.7,0.375,0.782608695652174,0.3157894736842105,0.7441860465116279,0.3488372093023256,0.6666666666666666,0.4117647058823529,,0.3333333333333333,0.2857142857142857,0.6666666666666666,0.6428571428571429,1.0,0.8,0.75,,105.0,1.0,13.723809523809525,13.704761904761904,13.264761904761905,13.346666666666668,0.146067415730337,0.7692307692307693,0.7692307692307693,0.7,0.3258426966292135,0.3793103448275862,0.4583333333333333,0.5454545454545454,0.0898876404494382,0.5,0.5,0.146067415730337,0.2921348314606741,0.5384615384615384,0.5384615384615384,0.7142857142857143,0.2727272727272727,1.0,0.3333333333333333,0.0909090909090909,0.2727272727272727,0.2105263157894736,0.75,0.1052631578947368,0.3157894736842105,0.3333333333333333,0.5842696629213483,0.5384615384615384,0.5030320224719101,0.5165214285714286,0.4883052631578947,0.125,0.1964285714285714,0.1764705882352941,0.2205882352941176,7.512,24.925641025641028,0.2476190476190476,2025-12-14,22501221,POR,6.0,1.0,,3.0,4.0,5.0,2.0,,3.0,,2.0,,1.0,0.5,0.4615384615384615,0.4615384615384615,0.8333333333333334,1.0,1.0,1.0,,,,1.0,,0.025,,1.0,,1.0,,2.0,1.0,1.0,,2025-26,2026,Regular Season,1610612744,GSW
48:00,100,99,27,10.0,12,199,14,21,2.0,4.0,2.0,3.0,7,21,5.0,11,4,,2.0,9,31,3.0,2.0,7.0,26,53,10,35,17,99,2.0,5,3.0,3.0,7,7.0,13.0,2.0,9,7.0,27,22,30,24,6.0,4.0,31,9,2,1.0,11,8,19,7,7,1.0,46,7,6,18,19,1.0,38,13,51,3.0,16,12.0,4.0,9,1.0,5.0,6,1.0,4.0,1.0,,15,3.0,4.0,7,17,1.0,20,,2.0,2.0,22,2.0,,12,,5.0,4.0,6,4.0,92,27,27,1.0,,0.4230769230769231,0.4583333333333333,0.8,0.2857142857142857,0.2222222222222222,0.2857142857142857,0.490566037735849,0.4,0.5384615384615384,0.4659090909090909,0.25,0.4545454545454545,0.5051020408163265,0.35,0.5,0.3977272727272727,0.0285714285714285,0.0377358490566037,0.0476190476190476,0.0476190476190476,0.032258064516129,0.6,1.0,0.7916666666666666,0.2222222222222222,0.5806451612903226,0.2916666666666667,0.6727272727272727,0.2549019607843137,0.2857142857142857,0.2142857142857142,0.1666666666666666,0.2857142857142857,0.3333333333333333,0.7,0.8888888888888888,0.8,0.5454545454545454,0.6666666666666666,0.0625,99.5,0.6666666666666666,13.481,15.473737373737375,12.863,14.624242424242428,0.2386363636363636,0.6666666666666666,0.7,0.5,0.2386363636363636,0.3333333333333333,0.35,0.1428571428571428,0.125,0.4545454545454545,0.4545454545454545,0.0454545454545454,0.3522727272727273,0.2903225806451613,0.3,0.7777777777777778,0.5,0.5,,,0.375,0.1363636363636363,0.6666666666666666,0.0909090909090909,0.3181818181818182,0.2857142857142857,0.6363636363636364,0.2903225806451613,0.54168125,0.58509,0.4963772727272726,0.1224489795918367,0.1904761904761904,0.0707070707070707,0.2727272727272727,7.983018867924529,26.52,0.27,2025-12-18,22500378,PHX,1.0,,,,,1.0,3.0,1.0,,,1.0,1.0,,0.6,0.25,0.25,1.0,,,,,,,,,,,,,,,1.0,1.0,,,2025-26,2026,Regular Season,1610612744,GSW
48:00,99,100,18,40.0,9,199,7,10,2.0,3.0,2.0,3.0,19,37,4.0,6,9,,2.0,9,26,4.0,3.0,7.0,30,53,12,35,20,116,3.0,5,4.0,3.0,9,7.0,10.0,4.0,9,6.0,32,24,36,33,3.0,4.0,26,9,7,,12,11,23,8,4,7.0,57,7,4,20,8,1.0,29,12,41,1.0,12,6.0,6.0,9,2.0,5.0,5,,4.0,,,14,,1.0,8,24,1.0,22,,1.0,3.0,24,3.0,3.0,10,2.0,6.0,2.0,6,2.0,107,32,18,4.0,2.0,0.4,0.4285714285714285,0.9166666666666666,0.3428571428571428,0.4444444444444444,0.3428571428571428,0.5660377358490566,0.6,0.7,0.5454545454545454,0.3333333333333333,0.6842105263157895,0.5876288659793815,0.4090909090909091,0.7619047619047619,0.3977272727272727,,0.1320754716981132,0.1,0.1621621621621621,,0.6428571428571429,0.5,0.4444444444444444,0.1739130434782608,0.625,0.3043478260869565,0.56,0.2391304347826087,,0.2222222222222222,,0.3529411764705882,0.1666666666666666,0.5714285714285714,0.4,,0.6086956521739131,0.6666666666666666,0.0256410256410256,99.49999999999994,0.3333333333333333,13.34141414141414,15.59200000000002,12.843434343434344,14.48300000000002,0.1136363636363636,0.7,0.7777777777777778,0.5714285714285714,0.4204545454545454,0.5135135135135135,0.6129032258064516,0.3684210526315789,0.0681818181818181,0.6666666666666666,0.6666666666666666,0.1022727272727272,0.2954545454545454,0.3461538461538461,0.3461538461538461,0.8888888888888888,0.3333333333333333,0.6666666666666666,,,0.4444444444444444,0.1578947368421052,0.6666666666666666,0.1052631578947368,0.3684210526315789,0.4285714285714285,0.5113636363636364,0.3461538461538461,0.4981258620689655,0.4938399999999999,0.4877472222222223,0.1052631578947368,0.1666666666666666,0.0775862068965517,0.2758620689655172,8.037735849056604,26.15714285714286,0.1818181818181818,2025-12-20,22500392,PHX,3.0,,1.0,,,3.0,1.0,2.0,1.0,,4.0,,,0.25,0.3333333333333333,0.3333333333333333,1.0,,,,0.5,1.0,,,1.0,,,,,,,,,,,2025-26,2026,Regular Season,1610612744,GSW
48:00,98,98,23,16.0,16,196,14,27,4.0,11.0,2.0,8.0,11,27,4.0,6,9,,1.0,4,19,3.0,1.0,9.0,29,60,7,28,18,97,4.0,14,3.0,1.0,9,5.0,15.0,1.0,10,1.0,14,30,28,18,3.0,8.0,19,4,5,1.0,15,6,21,3,6,6.0,48,8,12,19,9,4.0,32,21,53,2.0,8,4.0,4.0,8,5.0,6.0,10,1.0,2.0,1.0,,18,,3.0,13,21,1.0,19,,2.0,1.0,26,1.0,,10,3.0,5.0,4.0,5,3.0,88,14,23,1.0,2.0,0.5172413793103449,0.6,0.8571428571428571,0.25,0.1,0.25,0.4833333333333333,0.2857142857142857,0.3333333333333333,0.4488636363636363,0.2352941176470588,0.26,0.485,0.2368421052631578,0.2592592592592592,0.3181818181818182,0.0357142857142857,0.0833333333333333,0.074074074074074,0.1111111111111111,0.0526315789473684,0.4444444444444444,1.0,0.5294117647058824,0.3870967741935484,0.7307692307692307,0.3809523809523809,0.6511627906976745,0.3846153846153846,0.4615384615384615,0.375,,0.4,0.3333333333333333,0.5,0.5,1.0,0.8095238095238095,0.4,0.0434782608695652,98.0,0.6,14.833673469387756,14.55408163265306,13.853061224489798,13.985714285714284,0.3068181818181818,0.5185185185185185,0.56,0.4285714285714285,0.3068181818181818,0.4074074074074074,0.4583333333333333,0.5454545454545454,0.0681818181818181,0.6666666666666666,0.6666666666666666,0.1022727272727272,0.2159090909090909,0.2105263157894736,0.2222222222222222,0.75,0.6470588235294118,0.3636363636363636,,,0.1764705882352941,0.32,0.25,0.04,0.36,0.1111111111111111,0.625,0.2105263157894736,0.5117890804597701,0.5292678571428572,0.498625,0.1030927835051546,0.144927536231884,0.0927835051546391,0.1443298969072164,6.105,25.74814814814815,0.2346938775510204,2025-12-22,22500407,ORL,3.0,,,,,3.0,3.0,,2.0,1.0,,,,0.75,0.3333333333333333,0.3333333333333333,1.0,,,,,1.0,,,0.25,,,,,1.0,,,,,,2025-26,2026,Regular Season,1610612744,GSW
48:00,106,106,41,22.0,6,212,22,24,2.0,2.0,10.0,12.0,16,38,7.0,13,2,,1.0,3,13,,1.0,7.0,45,75,4,15,14,116,3.0,3,,,6,17.0,27.0,2.0,8,5.0,45,32,58,6,6.0,4.0,13,3,4,,16,2,18,1,10,4.0,38,1,6,26,12,2.0,40,7,47,2.0,5,5.0,,9,2.0,7.0,2,,2.0,,,11,1.0,4.0,11,16,,22,1.0,2.0,2.0,21,1.0,,10,1.0,5.0,2.0,5,2.0,110,45,41,2.0,1.0,0.3555555555555555,0.3720930232558139,0.5,0.2666666666666666,0.25,0.2666666666666666,0.6,1.0,0.6296296296296297,0.5666666666666667,1.0,0.5714285714285714,0.58,0.75,0.5769230769230769,0.1666666666666666,,0.0533333333333333,0.0416666666666666,0.0526315789473684,,0.8181818181818182,1.0,0.631578947368421,0.2,0.7222222222222222,0.0909090909090909,0.6909090909090909,0.1707317073170731,,0.2272727272727272,0.1666666666666666,0.1,,0.8333333333333334,0.4545454545454545,1.0,0.7692307692307693,0.6,0.054054054054054,106.0,0.4,12.416981132075472,14.752830188679244,12.330188679245284,14.164150943396224,0.2666666666666666,0.9166666666666666,0.9565217391304348,0.4545454545454545,0.4222222222222222,0.4210526315789473,0.4444444444444444,0.25,0.1444444444444444,0.5384615384615384,0.5833333333333334,0.0222222222222222,0.1444444444444444,0.2307692307692307,0.2307692307692307,0.3333333333333333,0.6666666666666666,1.0,,,,0.3428571428571428,0.8333333333333334,0.0285714285714285,0.2,0.1428571428571428,0.4333333333333333,0.2307692307692307,0.4992820224719101,0.5214333333333333,0.5178205882352941,0.101010101010101,0.119047619047619,0.0517241379310344,0.3879310344827586,7.528,26.17142857142857,0.3867924528301887,2025-12-25,22500011,DAL,1.0,,1.0,,,1.0,2.0,,,,3.0,,,0.2857142857142857,0.5,0.5,1.0,,,,1.0,,,,,,,,,,0.0769230769230769,,,,,2025-26,2026,Regular Season,1610612744,GSW
52:59,111,112,15,46.0,19,223,25,36,7.0,11.0,6.0,9.0,11,23,7.0,9,12,2.0,3.0,10,30,4.0,,2.0,43,68,13,42,16,141,10.0,15,6.0,,29,7.0,11.0,1.0,5,3.0,20,54,32,39,,12.0,30,10,9,,27,13,40,10,17,7.0,93,11,11,19,16,3.0,38,22,60,1.0,10,7.0,3.0,9,1.0,3.0,6,1.0,6.0,,,15,,2.0,16,26,3.0,20,,1.0,4.0,18,3.0,1.0,10,,2.0,1.0,2,1.0,112,20,15,1.0,,0.627906976744186,0.7297297297297297,1.0,0.3095238095238095,0.2,0.3095238095238095,0.6323529411764706,0.6666666666666666,0.6363636363636364,0.5681818181818182,0.6904761904761905,0.53125,0.5982905982905983,0.6904761904761905,0.5882352941176471,0.3818181818181818,,0.1323529411764706,0.1944444444444444,0.0869565217391304,,0.6,1.0,0.64,0.44,0.7037037037037037,0.3793103448275862,0.6730769230769231,0.4074074074074074,0.4545454545454545,0.5,,0.4,0.3333333333333333,0.6363636363636364,0.7142857142857143,0.5714285714285714,0.6666666666666666,0.7777777777777778,0.0222222222222222,100.98113207547176,0.5,13.718018018018,14.797321428571427,13.002702702702685,14.253571428571428,0.3272727272727272,0.6944444444444444,0.8620689655172413,0.68,0.209090909090909,0.4782608695652174,0.5238095238095238,0.6363636363636364,0.0818181818181818,0.7777777777777778,0.7777777777777778,0.109090909090909,0.2727272727272727,0.3333333333333333,0.3333333333333333,1.0,0.5238095238095238,0.6363636363636364,0.2857142857142857,0.0952380952380952,0.1904761904761904,0.5625,0.6666666666666666,0.1875,0.125,,0.7090909090909091,0.3333333333333333,0.5871799999999999,0.6306346153846154,0.643875,0.0854700854700854,0.1333333333333333,0.2056737588652482,0.1418439716312056,5.758823529411765,25.545238095238098,0.1351351351351351,2025-12-28,22500441,TOR,3.0,1.0,1.0,2.0,3.0,3.0,3.0,,1.0,,1.0,1.0,0.5,0.4285714285714285,0.25,0.25,1.0,0.5,0.5,1.0,0.3333333333333333,,,,,,1.0,,,,,,,,,2025-26,2026,Regular Season,1610612744,GSW
48:00,95,96,31,38.0,9,191,13,22,2.0,3.0,4.0,8.0,4,11,1.0,5,7,,1.0,15,35,2.0,4.0,10.0,18,38,18,42,17,107,2.0,3,2.0,4.0,11,4.0,12.0,4.0,11,7.0,27,14,22,45,9.0,2.0,35,15,3,2.0,7,15,22,12,7,,59,4,6,16,8,2.0,26,10,36,3.0,10,9.0,1.0,11,1.0,8.0,4,1.0,3.0,,1.0,15,2.0,5.0,17,27,1.0,21,,1.0,1.0,23,1.0,1.0,8,2.0,3.0,3.0,5,2.0,96,27,31,1.0,2.0,0.3888888888888889,0.4117647058823529,0.8333333333333334,0.4285714285714285,0.3636363636363636,0.4285714285714285,0.4736842105263157,0.6666666666666666,0.3333333333333333,0.5625,0.7,0.4347826086956521,0.5944444444444444,0.6875,0.5,0.525,0.0476190476190476,0.0789473684210526,0.0909090909090909,0.0909090909090909,0.0571428571428571,0.7333333333333333,1.0,0.7272727272727273,0.3157894736842105,0.6956521739130435,0.1739130434782608,0.7058823529411765,0.238095238095238,0.2222222222222222,0.2857142857142857,0.6666666666666666,0.2105263157894736,,0.6,0.8,1.0,0.7142857142857143,0.6666666666666666,0.0789473684210526,95.5,0.4,15.214736842105264,14.94375,14.741052631578947,14.215624999999998,0.275,0.5909090909090909,0.65,0.5384615384615384,0.1375,0.3636363636363636,0.4,,0.0625,0.2,0.2,0.0875,0.4375,0.4285714285714285,0.4545454545454545,0.8,0.6,0.6666666666666666,,,0.4,0.3478260869565217,0.5,0.0434782608695652,0.4347826086956521,0.4,0.8,0.4285714285714285,0.5551575949367089,0.65725,0.5372659090909091,0.1022727272727272,0.1777777777777777,0.102803738317757,0.2523364485981308,5.742105263157894,25.44285714285714,0.3263157894736842,2025-12-29,22500449,BKN,3.0,,,1.0,1.0,3.0,,,2.0,,,1.0,0.5,,0.4285714285714285,0.4285714285714285,1.0,,0.5,,,,,1.0,,0.0232558139534883,,1.0,,,,2.0,,2.0,,2025-26,2026,Regular Season,1610612744,GSW
48:00,101,100,24,22.0,13,201,23,30,3.0,5.0,5.0,7.0,8,19,1.0,4,7,,2.0,11,33,,2.0,9.0,32,53,16,40,13,125,4.0,10,,2.0,10,6.0,11.0,3.0,11,6.0,27,44,20,39,9.0,2.0,33,11,3,,22,13,35,8,18,3.0,83,8,7,19,7,1.0,27,15,42,2.0,11,8.0,3.0,7,,5.0,8,,2.0,1.0,1.0,15,3.0,3.0,6,23,5.0,20,,,4.0,17,2.0,,7,1.0,1.0,,1,,115,27,24,2.0,1.0,0.6875,0.7096774193548387,0.8125,0.4,0.2727272727272727,0.4,0.6037735849056604,0.4,0.5454545454545454,0.6021505376344086,0.4,0.4772727272727273,0.625,0.4545454545454545,0.54,0.4301075268817204,,0.0566037735849056,0.0333333333333333,0.0526315789473684,,0.4666666666666667,1.0,0.5833333333333334,0.3333333333333333,0.76,0.3478260869565217,0.7027027027027027,0.3409090909090909,0.4285714285714285,0.2727272727272727,0.3333333333333333,0.3333333333333333,0.5,1.0,0.2,0.6666666666666666,0.6666666666666666,1.0,0.048780487804878,100.5,,13.655445544554455,15.008,12.662376237623764,14.83,0.3225806451612903,0.7666666666666667,0.7931034482758621,0.782608695652174,0.2043010752688172,0.4210526315789473,0.4444444444444444,0.375,0.043010752688172,0.25,0.3333333333333333,0.075268817204301,0.3548387096774194,0.3333333333333333,0.3333333333333333,0.7272727272727273,0.5,0.6,0.6666666666666666,,,0.3181818181818182,0.7142857142857143,0.0909090909090909,0.4090909090909091,0.2222222222222222,0.7526881720430108,0.3333333333333333,0.5295344086021505,0.5339428571428572,0.4953454545454546,0.0808080808080808,0.1206896551724138,0.08,0.216,5.366037735849056,26.31,0.2376237623762376,2025-12-31,22500462,CHA,5.0,,1.0,,,5.0,1.0,,2.0,,1.0,1.0,,1.0,0.7142857142857143,0.7142857142857143,1.0,,,,0.5,,,1.0,,0.024390243902439,,,,,0.25,,,,,2025-26,2026,Regular Season,1610612744,GSW
48:00,103,103,17,29.0,11,206,21,25,5.0,5.0,3.0,3.0,10,25,1.0,4,10,3.0,1.0,11,28,3.0,3.0,5.0,32,54,16,38,19,131,6.0,6,6.0,,27,5.0,8.0,4.0,6,3.0,25,40,24,42,6.0,8.0,28,11,5,,20,14,34,9,13,7.0,82,7,5,23,20,2.0,45,12,57,,10,5.0,5.0,8,1.0,5.0,6,1.0,3.0,,,14,,4.0,12,21,1.0,18,,1.0,3.0,19,,1.0,9,,5.0,3.0,5,3.0,104,25,17,,,0.625,0.7142857142857143,0.875,0.4210526315789473,0.6666666666666666,0.4210526315789473,0.5925925925925926,1.0,0.625,0.6086956521739131,1.125,0.7857142857142857,0.6435643564356436,1.125,0.8,0.4130434782608695,,0.0925925925925925,,0.2,,0.5714285714285714,1.0,0.7407407407407407,0.238095238095238,0.7419354838709677,0.3181818181818182,0.7413793103448276,0.2790697674418604,,0.3333333333333333,,0.2352941176470588,0.6,0.8888888888888888,0.6875,0.5,0.7391304347826086,0.75,,103.0,0.6,11.941747572815531,16.019417475728154,11.489320388349515,15.376699029126211,0.2717391304347826,0.84,0.84,0.6190476190476191,0.2717391304347826,0.4,0.5,0.7,0.0434782608695652,0.25,0.25,0.108695652173913,0.3043478260869565,0.3928571428571428,0.3928571428571428,0.8181818181818182,0.4166666666666667,1.0,0.2,0.25,0.25,0.2142857142857142,1.0,0.0714285714285714,0.3571428571428571,0.6,0.6847826086956522,0.3928571428571428,0.5400146739130435,0.572375,0.5056428571428572,0.0891089108910891,0.1428571428571428,0.2061068702290076,0.1908396946564885,6.166666666666667,25.87894736842105,0.1650485436893204,2026-01-02,22500484,OKC,5.0,2.0,1.0,3.0,5.0,5.0,,2.0,,,2.0,,0.8333333333333334,,0.5,0.5,1.0,0.6666666666666666,1.0,1.0,1.0,,,,,,1.0,,,,,,,,,2025-26,2026,Regular Season,1610612744,GSW
48:00,96,96,13,27.0,10,192,17,23,2.0,5.0,3.0,3.0,15,26,,2,9,1.0,1.0,9,26,2.0,,,32,51,13,35,11,114,3.0,6,3.0,,9,6.0,8.0,1.0,1,1.0,16,40,24,36,3.0,4.0,26,9,2,,20,12,32,8,11,9.0,76,5,5,16,10,2.0,28,11,39,,7,4.0,3.0,9,,5.0,6,3.0,4.0,,2.0,15,2.0,3.0,11,20,,13,,1.0,1.0,17,3.0,2.0,8,1.0,2.0,2.0,2,,105,16,13,1.0,1.0,0.625,0.6666666666666666,0.9230769230769232,0.3714285714285714,1.0,0.3714285714285714,0.6274509803921569,0.5,0.75,0.5988372093023255,0.5,0.8333333333333334,0.6086956521739131,0.5,0.7272727272727273,0.4069767441860465,,0.0392156862745098,0.0434782608695652,0.0384615384615384,,0.6,0.6666666666666666,0.5882352941176471,0.2631578947368421,0.5925925925925926,0.2272727272727272,0.5909090909090909,0.2439024390243902,0.6666666666666666,0.0909090909090909,,0.2352941176470588,0.2,0.5,0.6666666666666666,0.5,0.6,0.5714285714285714,,96.0,,14.486458333333331,15.513541666666669,13.9875,14.530208333333333,0.2674418604651162,0.7391304347826086,0.7727272727272727,0.6470588235294118,0.3023255813953488,0.5769230769230769,0.6,0.6,0.0232558139534883,,,0.1046511627906976,0.3023255813953488,0.3461538461538461,0.3461538461538461,0.8888888888888888,0.5555555555555556,0.4,,0.1111111111111111,0.2222222222222222,0.3333333333333333,1.0,0.1111111111111111,,,0.6744186046511628,0.3461538461538461,0.5129802325581395,0.59718,0.4908611111111111,0.0879120879120879,0.1428571428571428,0.0789473684210526,0.1403508771929824,5.709803921568628,25.994285714285716,0.1354166666666666,2026-01-03,22500492,UTA,4.0,1.0,1.0,,1.0,4.0,,,2.0,,,,0.3333333333333333,,0.4444444444444444,0.4444444444444444,1.0,1.0,,,1.0,1.0,,,0.25,,1.0,1.0,,,,,,,,2025-26,2026,Regular Season,1610612744,GSW
48:00,96,98,26,22.0,9,194,11,15,,1.0,4.0,5.0,11,22,5.0,11,12,,4.0,3,17,,,4.0,27,48,10,29,19,103,1.0,4,,12.0,14,8.0,14.0,4.0,8,10.0,38,30,24,30,,,17,3,4,,15,10,25,3,6,6.0,60,3,7,25,16,3.0,44,10,54,1.0,5,3.0,2.0,18,,9.0,2,,9.0,,1.0,20,,3.0,9,21,1.0,18,,3.0,,21,1.0,2.0,6,4.0,8.0,6.0,9,5.0,89,38,26,5.0,4.0,0.5555555555555556,0.5555555555555556,1.0,0.3448275862068966,0.5,0.3448275862068966,0.5625,0.25,0.5714285714285714,0.5454545454545454,0.25,0.6363636363636364,0.5930232558139535,0.7,0.7037037037037037,0.3766233766233766,,0.0833333333333333,0.0666666666666666,0.0909090909090909,,0.9,1.0,0.6153846153846154,0.3333333333333333,0.78125,0.1578947368421052,0.7068965517241379,0.25,0.5,0.3636363636363636,0.1666666666666666,0.1428571428571428,0.2,0.7142857142857143,0.5714285714285714,0.4,0.7222222222222222,0.8571428571428571,0.0277777777777777,97.0,0.5555555555555556,15.609375,14.096938775510203,15.26875,13.66530612244898,0.1948051948051948,0.7333333333333333,0.7857142857142857,0.5454545454545454,0.2857142857142857,0.5,0.55,0.5454545454545454,0.1428571428571428,0.4545454545454545,0.5,0.1558441558441558,0.2207792207792207,0.1764705882352941,0.1764705882352941,1.0,0.25,,,,,0.2272727272727272,0.8,0.1818181818181818,0.1818181818181818,,0.5714285714285714,0.1764705882352941,0.5120006493506494,0.4433,0.4997772727272727,0.073170731707317,0.1132075471698113,0.1359223300970873,0.3689320388349514,8.989583333333334,24.951724137931038,0.2708333333333333,2026-01-05,22500508,LAC,7.0,,4.0,,,7.0,3.0,,3.0,,2.0,,,0.6,0.5833333333333334,0.5833333333333334,1.0,,,,1.0,,,,,,,,,,0.0909090909090909,1.0,1.0,,,2025-26,2026,Regular Season,1610612744,GSW
48:00,95,96,15,10.0,6,191,14,20,1.0,1.0,2.0,3.0,13,26,5.0,7,10,,3.0,10,22,1.0,2.0,4.0,32,53,14,32,7,113,1.0,4,1.0,2.0,4,6.0,8.0,4.0,7,2.0,26,30,34,42,,2.0,22,10,2,,15,14,29,10,8,6.0,72,2,4,22,10,1.0,33,6,39,2.0,3,3.0,,6,1.0,3.0,6,,3.0,2.0,,12,,1.0,9,15,,15,,,,12,4.0,,8,,3.0,2.0,3,2.0,109,26,15,,,0.46875,0.4838709677419355,1.0,0.4375,0.5714285714285714,0.4375,0.6037735849056604,0.25,0.75,0.6235294117647059,0.2,0.8,0.6348314606741573,0.3333333333333333,0.8666666666666667,0.3764705882352941,,0.0377358490566037,0.05,0.0384615384615384,,0.5,0.5,0.6666666666666666,0.1904761904761904,0.7333333333333333,0.1111111111111111,0.7111111111111111,0.1538461538461538,0.5,0.0769230769230769,,0.0833333333333333,0.1666666666666666,0.3333333333333333,0.75,0.75,0.7391304347826086,0.7142857142857143,0.054054054054054,95.5,0.6666666666666666,14.05684210526316,16.089583333333334,13.835789473684212,15.204166666666666,0.2352941176470588,0.7,0.7368421052631579,0.5714285714285714,0.3058823529411765,0.5,0.52,0.4615384615384615,0.0823529411764705,0.7142857142857143,0.7142857142857143,0.1176470588235294,0.2588235294117647,0.4545454545454545,0.4545454545454545,1.0,0.2,1.0,,,0.2,0.2,0.6666666666666666,0.2,0.2666666666666666,0.5,0.611764705882353,0.4545454545454545,0.5159311764705882,0.5222,0.5002666666666666,0.0898876404494382,0.1403508771929824,0.0353982300884955,0.2300884955752212,7.262264150943396,25.228125,0.1578947368421052,2026-01-07,22500526,MIL,4.0,,2.0,,,4.0,1.0,,1.0,,1.0,,,0.2,0.4,0.4,1.0,,,,0.6666666666666666,,,,,,,,,,,,,,,2025-26,2026,Regular Season,1610612744,GSW
48:00,93,92,16,23.0,12,185,10,14,3.0,3.0,,1.0,16,25,10.0,20,12,3.0,4.0,2,15,1.0,,2.0,36,59,7,27,10,103,4.0,5,4.0,2.0,19,4.0,7.0,,6,,8,34,38,18,3.0,6.0,15,2,5,1.0,17,6,23,2,6,8.0,52,3,9,14,10,,24,12,36,2.0,6,3.0,3.0,4,4.0,3.0,9,3.0,1.0,,1.0,13,1.0,3.0,7,15,,13,,2.0,,13,,1.0,6,,4.0,2.0,6,2.0,84,8,16,,,0.4722222222222222,0.5151515151515151,0.8571428571428571,0.2592592592592592,,0.2592592592592592,0.6101694915254238,0.8,0.5714285714285714,0.5406976744186046,0.9444444444444444,0.3076923076923077,0.5597826086956522,0.95,0.3076923076923077,0.313953488372093,0.037037037037037,0.0847457627118644,0.0714285714285714,0.12,0.0666666666666666,0.3076923076923077,,0.5882352941176471,0.391304347826087,0.5384615384615384,0.1578947368421052,0.5581395348837209,0.2857142857142857,0.75,0.5555555555555556,0.1,0.0833333333333333,0.2857142857142857,0.25,0.8,1.0,0.5238095238095238,0.6,0.0555555555555555,92.5,0.3333333333333333,14.695698924731182,16.44891304347826,14.167741935483871,15.643478260869566,0.1627906976744186,0.7142857142857143,0.7692307692307693,0.6,0.2906976744186046,0.64,0.7272727272727273,0.5,0.2325581395348837,0.5,0.5263157894736842,0.1395348837209302,0.1744186046511628,0.1333333333333333,0.1428571428571428,1.0,0.3333333333333333,1.0,,0.3333333333333333,0.1111111111111111,0.0769230769230769,,0.3076923076923077,0.1538461538461538,,0.4767441860465116,0.1333333333333333,0.4944854651162791,0.5467071428571428,0.4656038461538462,0.0652173913043478,0.0923076923076923,0.1844660194174757,0.0776699029126213,9.42542372881356,25.17037037037037,0.1720430107526881,2026-01-09,22500539,SAC,5.0,3.0,,,3.0,4.0,3.0,,1.0,,2.0,1.0,0.75,0.3,0.4166666666666667,0.4166666666666667,0.8,1.0,,,,,,,,,0.6666666666666666,,,,0.05,2.0,2.0,,,2025-26,2026,Regular Season,1610612744,GSW
48:00,100,101,26,44.0,14,201,10,16,3.0,4.0,3.0,6.0,17,29,4.0,10,7,1.0,2.0,11,32,3.0,3.0,7.0,31,55,15,39,17,124,7.0,8,4.0,2.0,16,9.0,13.0,4.0,9,6.0,36,36,26,45,,4.0,32,11,4,,18,15,33,11,6,11.0,81,6,8,21,14,2.0,37,14,51,2.0,9,7.0,2.0,5,1.0,3.0,4,,2.0,,,9,1.0,3.0,12,21,1.0,21,,1.0,4.0,25,2.0,,10,2.0,4.0,3.0,4,2.0,108,36,26,1.0,2.0,0.5806451612903226,0.6206896551724138,1.0,0.3846153846153846,0.4444444444444444,0.3846153846153846,0.5636363636363636,0.875,0.6923076923076923,0.5691489361702128,0.5833333333333334,0.6818181818181818,0.5904761904761905,0.6153846153846154,0.6923076923076923,0.4148936170212766,,0.0727272727272727,0.125,0.0689655172413793,,0.5555555555555556,1.0,0.875,0.3333333333333333,0.65625,0.25,0.7291666666666666,0.2916666666666667,0.1666666666666666,0.4166666666666667,0.3333333333333333,0.2857142857142857,,0.8571428571428571,0.8571428571428571,1.0,0.6428571428571429,0.75,0.0454545454545454,100.5,0.5,12.603,16.036633663366338,11.947,15.164356435643564,0.1702127659574468,0.625,0.7142857142857143,0.6,0.3085106382978723,0.5862068965517241,0.6296296296296297,0.6470588235294118,0.1063829787234042,0.4,0.4,0.0744680851063829,0.3404255319148936,0.34375,0.34375,1.0,0.3333333333333333,0.75,0.3333333333333333,0.0833333333333333,0.25,0.2727272727272727,0.5,0.0909090909090909,0.3181818181818182,0.4285714285714285,0.5851063829787234,0.34375,0.5139696808510639,0.601255,0.5380522727272727,0.1067961165048543,0.1587301587301587,0.1290322580645161,0.2903225806451613,8.77090909090909,25.797435897435896,0.26,2026-01-11,22500556,ATL,4.0,,1.0,,,4.0,1.0,,1.0,,1.0,,,0.25,0.5714285714285714,0.5714285714285714,1.0,,,,0.5,,,1.0,,0.025,,,,,,,,,,2025-26,2026,Regular Season,1610612744,GSW
48:00,101,102,2,18.0,12,203,8,12,2.0,2.0,,,10,18,4.0,6,14,,,10,33,2.0,,1.0,22,36,14,47,11,97,4.0,6,2.0,,11,,,,1,2.0,2,22,22,27,15.0,4.0,33,10,5,,11,9,20,6,5,4.0,49,7,4,30,9,1.0,40,12,52,1.0,7,6.0,1.0,16,4.0,11.0,6,2.0,5.0,,,22,3.0,,6,16,,14,,,2.0,17,1.0,1.0,7,,2.0,,3,1.0,86,2,2,1.0,,0.5,0.55,0.6428571428571429,0.2978723404255319,,0.2978723404255319,0.6111111111111112,0.6666666666666666,,0.5180722891566265,0.6875,,0.5333333333333333,0.6875,0.5,0.5662650602409639,,0.1388888888888889,0.0833333333333333,0.2222222222222222,,0.7272727272727273,1.0,0.6923076923076923,0.2857142857142857,0.8823529411764706,0.2121212121212121,0.8297872340425532,0.2340425531914893,0.5,0.25,,0.2608695652173913,0.1,1.0,0.6666666666666666,0.6666666666666666,0.8928571428571429,0.8333333333333334,0.0238095238095238,101.5,0.3333333333333333,13.736633663366336,14.633333333333333,13.072277227722774,14.318627450980392,0.144578313253012,0.6666666666666666,0.7272727272727273,0.625,0.216867469879518,0.5555555555555556,0.7142857142857143,0.4,0.072289156626506,0.6666666666666666,0.6666666666666666,0.1686746987951807,0.3975903614457831,0.303030303030303,0.303030303030303,0.6,0.25,1.0,,,0.25,,,,1.0,,0.7108433734939759,0.303030303030303,0.5250006024096385,0.4573299999999999,0.17865,0.0888888888888888,0.1666666666666666,0.1134020618556701,0.0206185567010309,7.133333333333334,25.24042553191489,0.0198019801980198,2026-01-13,22500570,POR,4.0,,,1.0,1.0,3.0,2.0,,1.0,1.0,1.0,,0.5,0.5,0.2857142857142857,0.2857142857142857,0.75,,0.5,1.0,,1.0,,1.0,0.3333333333333333,0.0208333333333333,,1.0,,,,1.0,1.0,,,2025-26,2026,Regular Season,1610612744,GSW
48:00,94,93,32,17.0,13,187,7,14,3.0,7.0,1.0,3.0,16,32,5.0,7,8,,5.0,12,30,3.0,2.0,6.0,28,53,14,38,15,113,6.0,12,3.0,2.0,20,7.0,18.0,4.0,11,5.0,31,28,28,42,,8.0,30,12,6,,14,14,28,12,1,11.0,70,7,11,19,8,1.0,28,18,46,1.0,3,3.0,,7,1.0,5.0,5,,2.0,,,12,1.0,6.0,7,14,1.0,16,,3.0,1.0,19,3.0,,9,2.0,2.0,1.0,2,,93,31,32,1.0,1.0,0.5,0.5833333333333334,1.0,0.3684210526315789,0.3636363636363636,0.3684210526315789,0.5283018867924528,0.5,0.3888888888888889,0.5384615384615384,0.6,0.4482758620689655,0.5707070707070707,0.625,0.484375,0.4175824175824176,,0.1132075471698113,0.0714285714285714,0.125,,0.5833333333333334,1.0,0.5,0.44,0.7307692307692307,0.2916666666666667,0.6428571428571429,0.3673469387755102,0.4285714285714285,0.4375,0.5,0.1666666666666666,0.6666666666666666,,0.5454545454545454,0.6666666666666666,0.6875,0.8,0.0232558139534883,93.5,,15.513829787234044,15.287096774193548,14.70744680851064,14.726881720430107,0.1538461538461538,0.5,0.5384615384615384,0.1428571428571428,0.3516483516483517,0.5,0.5714285714285714,0.6875,0.0769230769230769,0.7142857142857143,0.8333333333333334,0.0879120879120879,0.3296703296703296,0.4,0.4,1.0,0.4666666666666667,0.4285714285714285,,,0.2,0.1034482758620689,0.3333333333333333,0.1724137931034483,0.2068965517241379,0.3333333333333333,0.5714285714285714,0.4,0.4930417582417582,0.5212166666666667,0.4790379310344827,0.0927835051546391,0.1525423728813559,0.1769911504424778,0.2743362831858407,7.218867924528302,25.75526315789474,0.3404255319148936,2026-01-15,22500584,NYK,2.0,,2.0,2.0,2.0,2.0,2.0,1.0,1.0,,1.0,,0.6666666666666666,0.4,0.25,0.25,1.0,,0.6666666666666666,1.0,0.4,,,,,,,,,,0.1428571428571428,,,,,2025-26,2026,Regular Season,1610612744,GSW
47:59,101,101,30,17.0,16,202,12,20,4.0,5.0,5.0,6.0,14,28,1.0,2,7,,1.0,13,37,5.0,4.0,13.0,27,50,16,44,14,116,7.0,9,5.0,5.0,22,8.0,14.0,4.0,14,6.0,34,30,24,36,12.0,6.0,37,13,7,,15,12,27,9,6,8.0,66,9,10,24,8,2.0,34,19,53,1.0,5,4.0,1.0,8,2.0,4.0,9,,4.0,,,17,1.0,5.0,8,22,5.0,23,,4.0,3.0,17,1.0,,6,3.0,3.0,1.0,3,2.0,94,34,30,,2.0,0.5555555555555556,0.625,0.75,0.3636363636363636,0.2857142857142857,0.3636363636363636,0.54,0.7777777777777778,0.5714285714285714,0.5425531914893617,0.6071428571428571,0.5,0.5686274509803921,0.6470588235294118,0.53125,0.4680851063829787,,0.14,0.15,0.1428571428571428,,0.4705882352941176,1.0,0.6153846153846154,0.4347826086956521,0.8571428571428571,0.3214285714285714,0.7804878048780488,0.3725490196078431,0.375,0.5,,0.2916666666666667,0.5,0.8333333333333334,0.6,,0.8333333333333334,1.0,0.0227272727272727,101.00000000000006,0.6666666666666666,14.468316831683149,14.046534653465349,13.40198019801978,13.810891089108912,0.2127659574468085,0.6,0.7058823529411765,0.5,0.2978723404255319,0.5,0.5833333333333334,0.5714285714285714,0.0212765957446808,0.5,0.5,0.0744680851063829,0.3936170212765957,0.3513513513513513,0.3513513513513513,0.6923076923076923,0.3571428571428571,0.8,,,0.3571428571428571,0.2142857142857142,0.8333333333333334,0.0357142857142857,0.4642857142857143,0.3076923076923077,0.6808510638297872,0.3513513513513513,0.5038510752688172,0.51805,0.5055759259259259,0.0606060606060606,0.109090909090909,0.1896551724137931,0.293103448275862,6.306,27.463636363636365,0.297029702970297,2026-01-17,22500599,CHA,3.0,,,1.0,1.0,3.0,1.0,2.0,,,2.0,,0.2,1.0,0.4285714285714285,0.4285714285714285,1.0,,0.2,1.0,,,,,,,,,,,,,,,,2025-26,2026,Regular Season,1610612744,GSW
48:00,106,106,22,21.0,18,212,19,27,4.0,8.0,7.0,7.0,7,24,,3,12,2.0,3.0,8,33,8.0,1.0,7.0,26,54,13,45,21,112,4.0,10,10.0,,17,8.0,11.0,2.0,10,5.0,27,34,18,39,,6.0,33,8,3,,17,13,30,8,13,4.0,73,10,13,22,13,1.0,36,23,59,4.0,6,5.0,1.0,11,5.0,4.0,8,,7.0,,1.0,19,2.0,3.0,9,18,1.0,17,1.0,1.0,,24,2.0,,10,1.0,2.0,,2,1.0,95,27,22,,1.0,0.6538461538461539,0.7391304347826086,1.0,0.2888888888888888,0.2,0.2888888888888888,0.4814814814814814,0.4,0.7272727272727273,0.4595959595959596,0.425,0.5238095238095238,0.5137614678899083,0.425,0.5869565217391305,0.4545454545454545,,0.0555555555555555,,0.125,,0.5789473684210527,1.0,0.6842105263157895,0.4642857142857143,0.8148148148148148,0.3125,0.7608695652173914,0.3833333333333333,0.75,0.2941176470588235,0.6666666666666666,0.24,0.5714285714285714,1.0,0.6363636363636364,0.6666666666666666,0.8333333333333334,0.6666666666666666,0.0701754385964912,106.0,0.5,12.660377358490566,14.50943396226415,11.914150943396228,14.1311320754717,0.2727272727272727,0.7037037037037037,0.7037037037037037,0.6842105263157895,0.2424242424242424,0.2916666666666667,0.3333333333333333,0.5714285714285714,0.0303030303030303,,,0.1212121212121212,0.3333333333333333,0.2424242424242424,0.2424242424242424,1.0,0.4,0.5,0.25,0.1,0.4,0.3333333333333333,1.0,0.1428571428571428,0.3333333333333333,0.1428571428571428,0.7272727272727273,0.2424242424242424,0.5369348484848485,0.545390909090909,0.5521309523809523,0.1111111111111111,0.1612903225806451,0.1517857142857142,0.2410714285714285,5.155555555555555,25.362222222222226,0.2075471698113207,2026-01-19,22500612,MIA,5.0,1.0,1.0,2.0,3.0,5.0,,1.0,,,2.0,,0.3,,0.4166666666666667,0.4166666666666667,1.0,0.5,0.25,1.0,0.3333333333333333,,1.0,2.0,,0.0434782608695652,1.0,,,,,,,,,2025-26,2026,Regular Season,1610612744,GSW
48:00,103,105,39,37.0,10,208,17,23,2.0,4.0,5.0,8.0,8,17,5.0,12,9,1.0,4.0,17,25,2.0,8.0,12.0,30,52,21,34,22,145,2.0,4,3.0,8.0,18,9.0,16.0,10.0,16,7.0,55,44,16,60,3.0,,25,17,1,,22,20,42,16,15,5.0,104,1,10,17,10,3.0,30,11,41,,7,5.0,2.0,7,3.0,7.0,10,3.0,,,,17,,7.0,13,22,,20,,,2.0,22,2.0,,10,2.0,3.0,2.0,3,,127,55,39,1.0,2.0,0.7333333333333333,0.7333333333333333,0.9523809523809524,0.6176470588235294,0.625,0.6176470588235294,0.5769230769230769,0.5,0.5625,0.7151162790697675,0.7142857142857143,0.75,0.7552083333333334,0.8181818181818182,0.7857142857142857,0.3953488372093023,,0.0192307692307692,,0.0588235294117647,,0.4117647058823529,0.75,0.5882352941176471,0.4545454545454545,0.6538461538461539,0.0769230769230769,0.627906976744186,0.3142857142857143,0.3333333333333333,0.3333333333333333,0.7142857142857143,0.125,,0.7272727272727273,0.3333333333333333,0.3333333333333333,0.7,0.5,,104.0,,13.941747572815531,13.752380952380951,13.444660194174755,12.898095238095236,0.2674418604651162,0.7391304347826086,0.7391304347826086,0.8823529411764706,0.1976744186046511,0.4705882352941176,0.5,0.625,0.1395348837209302,0.4166666666666667,0.4166666666666667,0.1046511627906976,0.2906976744186046,0.68,0.68,0.9411764705882352,0.5714285714285714,0.5,1.0,0.1428571428571428,0.2857142857142857,0.25,0.625,0.125,0.375,0.6666666666666666,0.6627906976744186,0.68,0.5313825581395349,0.584925,0.5584515625,0.1063829787234042,0.1666666666666666,0.1241379310344827,0.3793103448275862,8.080769230769231,25.673529411764704,0.3786407766990291,2026-01-20,22500618,TOR,4.0,,2.0,2.0,2.0,4.0,2.0,,4.0,,1.0,2.0,0.6666666666666666,0.4,0.4444444444444444,0.4444444444444444,1.0,,1.0,0.5,0.5,,,,,,,,,,,,,,,2025-26,2026,Regular Season,1610612744,GSW
48:00,106,108,55,7.0,14,214,21,31,3.0,4.0,12.0,18.0,7,14,2.0,6,13,3.0,7.0,6,23,2.0,1.0,8.0,30,51,13,36,24,123,6.0,8,5.0,3.0,24,15.0,25.0,5.0,15,10.0,55,26,34,36,3.0,6.0,23,6,6,1.0,13,12,25,5,9,2.0,62,10,5,28,18,,46,16,62,2.0,6,5.0,1.0,15,2.0,4.0,7,,11.0,1.0,,22,1.0,13.0,9,16,1.0,24,,3.0,2.0,30,2.0,,14,2.0,5.0,3.0,6,3.0,99,55,55,,1.0,0.4333333333333333,0.4814814814814814,0.9230769230769232,0.3611111111111111,0.3333333333333333,0.3611111111111111,0.5882352941176471,0.75,0.6,0.5689655172413793,0.8076923076923077,0.5625,0.6089108910891089,0.8,0.6111111111111112,0.4137931034482758,0.0277777777777777,0.1176470588235294,0.1612903225806451,0.0714285714285714,,0.6818181818181818,,0.8181818181818182,0.238095238095238,0.8484848484848485,0.4347826086956521,0.8363636363636363,0.3409090909090909,0.2,0.1428571428571428,0.5,0.4705882352941176,0.3333333333333333,0.6666666666666666,1.0,1.0,0.75,1.0,0.054054054054054,107.0,0.5,14.263207547169811,12.667592592592593,13.29245283018868,12.221296296296297,0.3563218390804598,0.6774193548387096,0.8076923076923077,0.4285714285714285,0.160919540229885,0.5,0.5384615384615384,0.2857142857142857,0.0689655172413793,0.3333333333333333,0.3333333333333333,0.1494252873563218,0.264367816091954,0.2608695652173913,0.2608695652173913,0.8333333333333334,0.3076923076923077,0.75,0.3333333333333333,0.2307692307692307,0.1538461538461538,0.45,0.6666666666666666,0.175,0.2,0.125,0.7701149425287356,0.2608695652173913,0.5699075581395349,0.5497833333333334,0.5761076923076923,0.1414141414141414,0.2222222222222222,0.1951219512195122,0.4471544715447154,5.478431372549019,24.457142857142856,0.5188679245283019,2026-01-22,22500630,DAL,7.0,2.0,4.0,1.0,3.0,7.0,2.0,1.0,,,2.0,1.0,0.6,1.0,0.5384615384615384,0.5833333333333334,1.0,0.6666666666666666,0.5,,0.5714285714285714,1.0,,,0.3333333333333333,,1.0,,0.0769230769230769,,,1.0,1.0,,,2025-26,2026,Regular Season,1610612744,GSW
48:00,103,104,23,21.0,11,207,7,13,,3.0,2.0,4.0,5,20,5.0,8,9,1.0,2.0,11,30,5.0,3.0,11.0,17,41,13,39,12,85,,4,6.0,1.0,10,4.0,11.0,3.0,13,3.0,20,12,22,30,9.0,,30,11,4,1.0,6,10,16,9,3,1.0,42,8,4,28,14,,42,13,55,5.0,6,3.0,3.0,20,2.0,12.0,6,1.0,8.0,,1.0,26,1.0,4.0,8,15,,20,,2.0,3.0,20,1.0,,8,1.0,3.0,3.0,5,2.0,75,20,23,,1.0,0.3529411764705882,0.3529411764705882,0.7692307692307693,0.3333333333333333,0.2307692307692307,0.3333333333333333,0.4146341463414634,,0.3636363636363636,0.45625,0.45,0.3541666666666667,0.4775280898876404,0.4545454545454545,0.3703703703703703,0.4875,0.0256410256410256,0.0975609756097561,0.0769230769230769,0.15,,0.7692307692307693,,0.7,0.1666666666666666,0.8235294117647058,0.32,0.7777777777777778,0.2448979591836734,0.1666666666666666,0.2,,0.2777777777777778,0.4285714285714285,0.625,0.6666666666666666,1.0,0.8620689655172413,0.6,0.1136363636363636,103.49999999999994,0.4,13.26019417475728,14.559615384615403,12.841747572815535,13.761538461538482,0.1625,0.5384615384615384,0.5833333333333334,0.4285714285714285,0.25,0.25,0.2941176470588235,0.2,0.1,0.625,0.625,0.1125,0.375,0.3666666666666666,0.3666666666666666,0.8181818181818182,0.3,,,0.1,0.5,0.1666666666666666,0.5,0.0833333333333333,0.4583333333333333,0.2727272727272727,0.65,0.3666666666666666,0.5311746835443039,0.5632699999999999,0.5201826086956521,0.1022727272727272,0.1666666666666666,0.1176470588235294,0.2352941176470588,8.524390243902438,25.12368421052632,0.2233009708737864,2026-01-25,22500644,MIN,2.0,1.0,,2.0,3.0,1.0,2.0,,2.0,,,1.0,0.5,0.4,0.2222222222222222,0.25,0.5,1.0,0.4,1.0,,1.0,,1.0,0.2,0.025,,,0.1111111111111111,,,2.0,1.0,1.0,,2025-26,2026,Regular Season,1610612744,GSW
47:59,105,107,22,21.0,9,212,15,28,2.0,4.0,4.0,6.0,7,16,1.0,2,10,,2.0,11,25,1.0,2.0,3.0,23,46,14,35,20,108,3.0,7,1.0,5.0,14,6.0,10.0,2.0,5,5.0,23,32,14,39,3.0,4.0,25,11,4,,16,13,29,10,11,4.0,71,3,6,21,26,1.0,48,10,58,2.0,12,4.0,8.0,13,2.0,5.0,9,3.0,8.0,,1.0,22,,4.0,6,15,1.0,19,,2.0,2.0,26,2.0,,11,3.0,8.0,5.0,10,5.0,94,23,22,,3.0,0.6956521739130435,0.7619047619047619,0.9285714285714286,0.4,0.4,0.4,0.5,0.4285714285714285,0.6,0.5432098765432098,0.5625,0.6,0.5806451612903226,0.7,0.6052631578947368,0.4320987654320987,,0.0869565217391304,0.1071428571428571,0.0625,,0.5909090909090909,1.0,0.8125,0.2608695652173913,0.7,0.1428571428571428,0.7580645161290323,0.2045454545454545,0.2307692307692307,0.3333333333333333,,0.1428571428571428,0.1428571428571428,0.7272727272727273,0.8333333333333334,1.0,0.7727272727272727,0.5,0.05,106.00000000000006,0.5,12.122857142857145,15.01962616822428,11.705714285714286,14.37102803738316,0.345679012345679,0.5357142857142857,0.6,0.7333333333333333,0.1975308641975308,0.4375,0.4666666666666667,0.5714285714285714,0.0246913580246913,0.5,0.5,0.1234567901234567,0.3086419753086419,0.44,0.44,0.9090909090909092,0.5,0.5,,,0.125,0.4,0.6666666666666666,0.1333333333333333,0.2,0.6666666666666666,0.7777777777777778,0.44,0.5613925925925926,0.5466571428571428,0.56732,0.1222222222222222,0.2,0.1296296296296296,0.2129629629629629,4.619565217391305,24.61142857142857,0.2095238095238095,2026-01-26,22500663,MIN,3.0,,,1.0,1.0,3.0,1.0,2.0,1.0,,3.0,,1.0,1.0,0.3,0.3,1.0,,1.0,1.0,,1.0,,,0.3333333333333333,,,,,,,2.0,1.0,1.0,,2025-26,2026,Regular Season,1610612744,GSW
48:00,106,107,17,37.0,12,213,18,23,6.0,6.0,6.0,7.0,10,22,1.0,7,11,1.0,1.0,10,28,3.0,2.0,4.0,29,52,15,39,21,124,7.0,7,4.0,2.0,22,6.0,8.0,3.0,5,7.0,28,48,10,42,3.0,2.0,28,10,6,2.0,24,14,38,9,15,8.0,90,6,6,22,6,1.0,29,12,41,3.0,16,10.0,6.0,15,,10.0,4,1.0,5.0,1.0,1.0,19,,2.0,12,22,1.0,16,,,1.0,24,1.0,1.0,9,1.0,3.0,2.0,3,2.0,102,28,17,2.0,1.0,0.8275862068965517,0.8571428571428571,0.9333333333333332,0.3846153846153846,0.6,0.3846153846153846,0.5576923076923077,1.0,0.75,0.5659340659340659,0.9090909090909092,0.8076923076923077,0.6089108910891089,0.9166666666666666,0.8235294117647058,0.4285714285714285,0.0512820512820512,0.1153846153846153,0.1739130434782608,0.0909090909090909,0.0357142857142857,0.7894736842105263,1.0,0.6666666666666666,0.2608695652173913,0.7096774193548387,0.2727272727272727,0.7,0.2666666666666666,0.6,0.25,,0.25,0.3333333333333333,0.3333333333333333,0.8,1.0,0.7368421052631579,0.6666666666666666,0.081081081081081,106.5,0.6666666666666666,12.982075471698112,14.055140186915889,12.562264150943395,13.749532710280372,0.2527472527472527,0.782608695652174,0.9473684210526316,0.8333333333333334,0.2417582417582417,0.4545454545454545,0.5,0.8,0.0769230769230769,0.1428571428571428,0.1428571428571428,0.1208791208791208,0.3076923076923077,0.3571428571428571,0.3703703703703703,0.9,0.5454545454545454,1.0,0.6666666666666666,0.0909090909090909,0.2727272727272727,0.5384615384615384,0.8571428571428571,0.0769230769230769,0.3076923076923077,0.5,0.6813186813186813,0.3571428571428571,0.5144811111111112,0.5577071428571428,0.5712153846153846,0.1,0.15,0.1774193548387097,0.2258064516129032,6.824999999999999,26.031578947368423,0.160377358490566,2026-01-28,22500678,UTA,5.0,1.0,1.0,1.0,2.0,5.0,1.0,,1.0,,1.0,,0.5,1.0,0.4545454545454545,0.5,1.0,1.0,0.3333333333333333,1.0,1.0,,,1.0,,0.025,1.0,1.0,0.0909090909090909,,,,,,,2025-26,2026,Regular Season,1610612744,GSW
48:00,111,112,24,30.0,13,223,23,37,4.0,10.0,3.0,3.0,12,30,1.0,2,4,,1.0,10,22,3.0,2.0,4.0,36,69,10,26,29,131,4.0,13,3.0,,14,6.0,8.0,2.0,5,8.0,26,42,30,30,,8.0,22,10,4,,21,10,31,10,15,6.0,72,3,13,26,11,4.0,41,16,57,3.0,13,9.0,4.0,10,2.0,7.0,6,1.0,3.0,,,16,,4.0,14,23,1.0,20,,1.0,,36,2.0,2.0,15,3.0,3.0,,3,3.0,117,26,23,4.0,2.0,0.5833333333333334,0.65625,1.0,0.3846153846153846,0.4,0.3846153846153846,0.5217391304347826,0.3076923076923077,0.75,0.5368421052631579,0.4375,0.6923076923076923,0.581081081081081,0.4375,0.6842105263157895,0.2736842105263158,,0.0579710144927536,0.1081081081081081,,,0.625,1.0,0.6875,0.40625,0.7647058823529411,0.1875,0.74,0.3333333333333333,0.3076923076923077,0.5,,0.25,,0.6666666666666666,0.75,0.5,0.8518518518518519,0.4285714285714285,0.0666666666666666,111.5,1.0,13.08918918918919,12.741964285714284,12.782882882882884,12.366071428571429,0.3894736842105263,0.6216216216216216,0.696969696969697,0.6521739130434783,0.3157894736842105,0.4,0.4,0.5,0.0210526315789473,0.5,0.5,0.0421052631578947,0.231578947368421,0.4545454545454545,0.4545454545454545,1.0,0.625,0.4,,,0.1875,0.2307692307692307,1.0,0.0769230769230769,0.3076923076923077,0.5,0.6631578947368421,0.4545454545454545,0.5448168421052632,0.6050307692307693,0.5040423076923077,0.1388888888888889,0.1829268292682926,0.1068702290076335,0.1984732824427481,5.0144927536231885,26.319230769230767,0.2162162162162162,2026-01-30,22500696,DET,,,,2.0,2.0,,,,5.0,,3.0,,0.6666666666666666,,,,,,0.6666666666666666,1.0,,,,,,,,,,,,,,,,2025-26,2026,Regular Season,1610612744,GSW
48:00,91,91,28,11.0,19,182,15,25,7.0,14.0,3.0,4.0,13,23,1.0,7,11,,5.0,9,27,4.0,3.0,5.0,29,55,13,38,16,113,9.0,17,4.0,2.0,20,8.0,14.0,6.0,10,2.0,36,22,36,36,3.0,12.0,27,9,3,3.0,11,12,23,8,5,6.0,58,14,11,22,9,,31,26,57,5.0,9,7.0,2.0,8,2.0,2.0,5,1.0,6.0,,,13,4.0,5.0,1,6,1.0,16,1.0,2.0,,21,,,7,2.0,2.0,,3,2.0,93,36,28,,2.0,0.3793103448275862,0.4782608695652174,0.9230769230769232,0.3421052631578947,0.6,0.3421052631578947,0.5272727272727272,0.5294117647058824,0.5714285714285714,0.521505376344086,0.4285714285714285,0.7083333333333334,0.5485436893203883,0.4545454545454545,0.6923076923076923,0.4086021505376344,0.0789473684210526,0.0545454545454545,0.04,0.0434782608695652,0.074074074074074,0.6153846153846154,,0.75,0.4230769230769231,0.7333333333333333,0.5833333333333334,0.7380952380952381,0.5,0.5,0.5,0.1666666666666666,0.7058823529411765,0.2857142857142857,0.6666666666666666,0.8571428571428571,0.5,0.7391304347826086,0.7142857142857143,0.1111111111111111,91.0,0.6666666666666666,16.715384615384615,14.932967032967031,15.586813186813185,14.2989010989011,0.2688172043010752,0.6,0.625,0.3333333333333333,0.2473118279569892,0.5652173913043478,0.5909090909090909,0.4615384615384615,0.075268817204301,0.1428571428571428,0.1666666666666666,0.1182795698924731,0.2903225806451613,0.3333333333333333,0.36,0.8888888888888888,0.6666666666666666,0.5,,,0.1904761904761904,0.1666666666666666,0.75,0.2083333333333333,0.2083333333333333,0.6,0.6774193548387096,0.3333333333333333,0.5322758064516129,0.5812208333333333,0.4910270833333333,0.0792079207920792,0.1129032258064516,0.1769911504424778,0.3185840707964602,6.047272727272728,25.121052631578948,0.3076923076923077,2026-02-03,22500724,PHI,4.0,,3.0,,,4.0,,,1.0,,2.0,,,,0.3636363636363636,0.4,1.0,,,,0.6,1.0,,1.0,0.5,0.0256410256410256,,,0.0909090909090909,,0.1428571428571428,1.0,1.0,,,2025-26,2026,Regular Season,1610612744,GSW
48:00,88,89,6,15.0,8,177,7,8,,,,,11,22,4.0,9,8,2.0,2.0,11,35,1.0,2.0,3.0,22,39,16,43,5,97,2.0,4,3.0,1.0,14,1.0,1.0,3.0,5,,11,18,26,39,9.0,2.0,35,11,3,1.0,9,13,22,8,5,3.0,57,5,3,26,5,2.0,33,8,41,,10,7.0,3.0,8,3.0,6.0,4,,2.0,,,12,1.0,,8,15,1.0,12,,1.0,1.0,6,2.0,,4,,,,1,,83,11,6,1.0,,0.4090909090909091,0.4285714285714285,0.8125,0.3720930232558139,0.6,0.3720930232558139,0.5641025641025641,0.5,1.0,0.5609756097560976,0.9285714285714286,0.9166666666666666,0.5773809523809523,1.0,0.9166666666666666,0.524390243902439,0.0232558139534883,0.0769230769230769,,0.0909090909090909,0.0285714285714285,0.6666666666666666,1.0,0.625,0.1764705882352941,0.7027027027027027,0.1851851851851851,0.6888888888888889,0.1818181818181818,,0.2727272727272727,,0.2083333333333333,,0.6666666666666666,0.6,,0.75,0.5555555555555556,,88.5,,15.919318181818182,16.619101123595506,15.385227272727274,15.53258426966292,0.0975609756097561,0.875,0.875,0.7142857142857143,0.2682926829268293,0.5,0.55,0.2727272727272727,0.1097560975609756,0.4444444444444444,0.5,0.0975609756097561,0.4268292682926829,0.3142857142857143,0.3235294117647059,0.7272727272727273,,,,0.2857142857142857,0.1428571428571428,,,0.3333333333333333,0.5,0.6666666666666666,0.6219512195121951,0.3142857142857143,0.4962271604938272,0.4212333333333333,0.5271833333333333,0.0476190476190476,0.0975609756097561,0.1443298969072164,0.1134020618556701,9.2,26.66744186046512,0.0681818181818181,2026-02-05,22500739,PHX,5.0,2.0,1.0,1.0,3.0,5.0,1.0,,,,,,1.0,0.25,0.625,0.625,1.0,1.0,1.0,1.0,0.5,,,,,,1.0,1.0,,,0.1111111111111111,1.0,,1.0,,2025-26,2026,Regular Season,1610612744,GSW
48:00,96,97,35,8.0,9,193,17,23,2.0,2.0,10.0,12.0,5,12,2.0,7,8,,5.0,7,19,2.0,,2.0,24,42,11,27,24,105,3.0,4,2.0,2.0,11,10.0,17.0,3.0,7,14.0,43,36,12,33,,,19,7,2,1.0,18,11,29,7,13,3.0,69,5,3,27,13,2.0,42,9,51,1.0,7,5.0,2.0,16,3.0,11.0,7,,5.0,,1.0,23,2.0,5.0,7,14,2.0,25,,3.0,1.0,30,5.0,1.0,13,4.0,9.0,8.0,10,7.0,94,43,35,,4.0,0.75,0.75,1.0,0.4074074074074074,0.4285714285714285,0.4074074074074074,0.5714285714285714,0.75,0.5882352941176471,0.5869565217391305,0.75,0.6041666666666666,0.6419753086419753,0.7857142857142857,0.65625,0.391304347826087,0.037037037037037,0.0476190476190476,0.0869565217391304,,,0.6956521739130435,1.0,0.8125,0.1666666666666666,0.7297297297297297,0.3125,0.7547169811320755,0.2352941176470588,0.3333333333333333,0.1428571428571428,,0.25,0.5,0.8,0.8,1.0,0.7419354838709677,0.6666666666666666,0.032258064516129,96.49999999999994,0.7,14.46250000000002,15.377319587628865,13.816666666666686,14.541237113402062,0.3333333333333333,0.7391304347826086,0.8095238095238095,0.7647058823529411,0.1739130434782608,0.4166666666666667,0.4166666666666667,0.6,0.1014492753623188,0.2857142857142857,0.2857142857142857,0.1159420289855072,0.2753623188405797,0.3684210526315789,0.3684210526315789,1.0,0.3333333333333333,1.0,1.0,,0.3333333333333333,0.5,0.8333333333333334,0.2083333333333333,0.0833333333333333,,0.7246376811594203,0.3684210526315789,0.538776811594203,0.536225,0.5588270833333333,0.1688311688311688,0.26,0.1047619047619047,0.4095238095238095,7.204761904761905,25.703703703703702,0.3645833333333333,2026-02-07,22500753,LAL,4.0,,3.0,1.0,1.0,4.0,2.0,,1.0,,1.0,,0.5,1.0,0.5,0.5714285714285714,1.0,,0.5,1.0,0.6,1.0,,,0.25,,,,0.125,,,1.0,1.0,,,2025-26,2026,Regular Season,1610612744,GSW
48:00,100,101,31,15.0,10,201,15,24,2.0,5.0,5.0,8.0,13,22,4.0,5,5,,2.0,9,29,1.0,5.0,13.0,32,51,10,34,19,113,4.0,7,1.0,2.0,10,7.0,14.0,5.0,15,6.0,35,40,24,18,12.0,2.0,29,9,1,,20,6,26,5,11,7.0,58,7,5,17,10,3.0,30,12,42,5.0,17,11.0,6.0,12,1.0,7.0,6,1.0,5.0,,1.0,18,1.0,4.0,9,18,,17,,1.0,1.0,24,3.0,,10,2.0,3.0,2.0,3,1.0,103,35,31,1.0,2.0,0.625,0.6451612903225806,0.6,0.2941176470588235,0.3333333333333333,0.2941176470588235,0.6274509803921569,0.5714285714285714,0.5,0.5529411764705883,0.5,0.5,0.5947368421052631,0.5555555555555556,0.5303030303030303,0.4,,0.0196078431372549,0.0416666666666666,,,0.6666666666666666,1.0,0.5882352941176471,0.2631578947368421,0.7727272727272727,0.3181818181818182,0.6923076923076923,0.2926829268292683,0.2222222222222222,0.3333333333333333,,0.2222222222222222,0.75,0.2857142857142857,0.8,,0.7368421052631579,1.0,0.125,100.5,0.3333333333333333,13.918,14.734653465346534,13.437,14.22970297029703,0.2823529411764706,0.625,0.6521739130434783,0.7333333333333333,0.2588235294117647,0.5909090909090909,0.5909090909090909,0.5384615384615384,0.0588235294117647,0.8,0.8,0.0588235294117647,0.3411764705882353,0.3103448275862069,0.3103448275862069,0.5555555555555556,0.625,0.4,0.5,,0.125,0.2758620689655172,0.625,0.0689655172413793,0.4482758620689655,0.3846153846153846,0.6823529411764706,0.3103448275862069,0.522383734939759,0.5132333333333333,0.5465703703703704,0.1182795698924731,0.1724137931034483,0.0884955752212389,0.3097345132743362,5.707843137254902,26.303125,0.31,2026-02-09,22500768,MEM,1.0,,,,,1.0,2.0,1.0,,,1.0,,,0.5,0.2,0.2,1.0,,,,,,,1.0,,0.0285714285714285,,,,,,,,,,2025-26,2026,Regular Season,1610612744,GSW
48:00,97,97,36,32.0,13,194,19,22,5.0,6.0,6.0,8.0,15,29,2.0,3,15,2.0,4.0,5,24,4.0,1.0,8.0,36,54,10,39,24,126,5.0,7,6.0,6.0,25,13.0,20.0,2.0,12,14.0,46,50,22,30,,6.0,24,5,1,,25,10,35,5,13,11.0,80,12,5,21,13,1.0,35,18,53,1.0,6,4.0,2.0,6,,3.0,4,2.0,3.0,,1.0,10,2.0,7.0,9,18,,24,,4.0,2.0,28,3.0,,11,3.0,4.0,2.0,5,4.0,101,46,36,1.0,3.0,0.6944444444444444,0.7575757575757576,1.0,0.2564102564102564,0.1666666666666666,0.2564102564102564,0.6666666666666666,0.7142857142857143,0.65,0.5483870967741935,0.7307692307692307,0.5,0.6,0.78125,0.5897435897435898,0.4193548387096774,,0.0185185185185185,,0.0344827586206896,,0.6,1.0,0.7647058823529411,0.2777777777777778,0.65625,0.4137931034482758,0.6938775510204082,0.3617021276595745,0.6666666666666666,0.1428571428571428,1.0,0.5789473684210527,0.1,0.8571428571428571,0.7777777777777778,,0.6190476190476191,0.7272727272727273,0.0217391304347826,97.0,0.8,14.01340206185567,15.677319587628867,12.937113402061854,15.124742268041238,0.2365591397849462,0.8636363636363636,0.8636363636363636,0.6842105263157895,0.3118279569892473,0.5172413793103449,0.5357142857142857,0.7333333333333333,0.032258064516129,0.6666666666666666,0.6666666666666666,0.1612903225806451,0.2580645161290322,0.2083333333333333,0.2083333333333333,1.0,0.4615384615384615,0.8333333333333334,0.4,0.1538461538461538,0.3076923076923077,0.25,0.75,0.125,0.25,0.125,0.6559139784946236,0.2083333333333333,0.5307435483870968,0.5109125,0.5169515625,0.1176470588235294,0.1774193548387097,0.1984126984126984,0.365079365079365,5.8388888888888895,25.31794871794872,0.3711340206185567,2026-02-11,22500788,SAS,5.0,2.0,1.0,1.0,3.0,5.0,1.0,,4.0,,2.0,1.0,0.5,0.5,0.3333333333333333,0.3333333333333333,1.0,1.0,0.25,1.0,0.25,1.0,,1.0,0.3333333333333333,0.025,1.0,,,,,1.0,,1.0,,2025-26,2026,Regular Season,1610612744,GSW
48:00,97,100,5,4.0,13,197,22,29,2.0,3.0,,,8,20,2.0,6,10,1.0,,12,30,4.0,1.0,2.0,32,55,17,40,6,121,3.0,6,5.0,,12,1.0,4.0,1.0,2,,5,38,26,51,,4.0,30,12,4,,19,17,36,12,12,5.0,89,5,9,28,14,2.0,44,14,58,1.0,7,6.0,1.0,8,2.0,5.0,5,1.0,3.0,,2.0,13,3.0,,4,6,,11,,,1.0,7,1.0,,4,,4.0,1.0,6,3.0,109,5,5,,,0.59375,0.6333333333333333,1.0,0.425,0.5,0.425,0.5818181818181818,0.5,0.25,0.6052631578947368,0.5454545454545454,0.4166666666666667,0.6173469387755102,0.5454545454545454,0.4166666666666667,0.4210526315789473,,0.0727272727272727,0.0344827586206896,0.15,,0.6153846153846154,1.0,0.7777777777777778,0.391304347826087,0.7777777777777778,0.217391304347826,0.7777777777777778,0.3043478260869565,0.4285714285714285,0.4166666666666667,0.25,0.1666666666666666,0.4,0.6666666666666666,0.7272727272727273,1.0,0.7857142857142857,0.75,0.0238095238095238,98.5,0.5,15.952577319587627,13.326,15.383505154639176,12.725,0.3052631578947368,0.7586206896551724,0.7857142857142857,0.5454545454545454,0.2105263157894736,0.4,0.4705882352941176,0.625,0.0631578947368421,0.3333333333333333,0.3333333333333333,0.1052631578947368,0.3157894736842105,0.4,0.4,1.0,0.2727272727272727,0.6666666666666666,,0.0909090909090909,0.3636363636363636,,,,0.3333333333333333,0.5,0.7263157894736842,0.4,0.5481739361702128,0.5177125,0.436625,0.0408163265306122,0.0689655172413793,0.0991735537190082,0.0413223140495867,5.885454545454545,26.0075,0.0515463917525773,2026-02-19,22500799,BOS,5.0,,,2.0,2.0,5.0,2.0,,,,3.0,,0.4,1.0,0.5,0.5,1.0,,0.5,1.0,,,,,,,,,,,,2.0,2.0,,,2025-26,2026,Regular Season,1610612744,GSW
48:00,105,105,44,12.0,14,210,20,29,4.0,6.0,6.0,8.0,12,25,2.0,6,7,1.0,1.0,6,25,3.0,1.0,8.0,34,60,8,32,25,117,5.0,9,4.0,6.0,22,14.0,20.0,2.0,9,17.0,51,34,34,24,,8.0,25,6,2,,17,8,25,6,12,5.0,58,7,9,24,9,1.0,34,16,50,6.0,13,11.0,2.0,14,2.0,11.0,3,1.0,3.0,,,17,,8.0,6,11,,24,,3.0,1.0,29,6.0,1.0,11,6.0,3.0,3.0,3,2.0,95,51,44,,6.0,0.5,0.5666666666666667,1.0,0.25,0.2222222222222222,0.25,0.5666666666666667,0.5555555555555556,0.7,0.5,0.6153846153846154,0.5862068965517241,0.5679611650485437,0.7333333333333333,0.6538461538461539,0.3478260869565217,,0.0333333333333333,0.0689655172413793,,,0.8235294117647058,1.0,0.6,0.3461538461538461,0.75,0.2916666666666667,0.7021276595744681,0.32,0.4444444444444444,0.3076923076923077,0.25,0.2631578947368421,0.4,0.6,0.6666666666666666,,0.7391304347826086,0.7777777777777778,0.125,105.0,0.6666666666666666,13.64095238095238,13.787619047619048,13.135238095238096,13.271428571428572,0.3152173913043478,0.6896551724137931,0.7407407407407407,0.6,0.2717391304347826,0.48,0.48,0.4166666666666667,0.0652173913043478,0.3333333333333333,0.3333333333333333,0.0760869565217391,0.2717391304347826,0.24,0.24,1.0,0.4615384615384615,0.6666666666666666,,0.0769230769230769,0.2307692307692307,0.2758620689655172,0.75,0.0344827586206896,0.2758620689655172,0.125,0.6630434782608695,0.24,0.5226956043956044,0.5064666666666667,0.5174428571428572,0.1134020618556701,0.1692307692307692,0.188034188034188,0.4358974358974359,6.721666666666667,26.01290322580645,0.419047619047619,2026-02-22,22500820,DEN,2.0,,1.0,2.0,2.0,2.0,,,1.0,,,,0.5,,0.2857142857142857,0.2857142857142857,1.0,,0.6666666666666666,1.0,1.0,,,,,,,,,,,,,,,2025-26,2026,Regular Season,1610612744,GSW
48:00,106,106,37,18.0,18,212,27,45,8.0,12.0,10.0,16.0,5,13,1.0,3,10,,4.0,5,30,1.0,1.0,8.0,33,61,10,40,17,113,9.0,17,1.0,2.0,20,12.0,22.0,3.0,12,8.0,41,24,42,24,6.0,14.0,30,5,3,3.0,12,8,20,3,12,,48,9,13,19,14,3.0,36,22,58,7.0,12,7.0,5.0,8,3.0,4.0,9,1.0,4.0,,3.0,17,1.0,3.0,9,19,,21,,,2.0,23,5.0,1.0,9,4.0,8.0,8.0,9,5.0,93,41,37,2.0,4.0,0.3636363636363636,0.4615384615384615,0.8,0.25,0.25,0.25,0.5409836065573771,0.5294117647058824,0.5454545454545454,0.4752475247524752,0.5,0.4852941176470588,0.5137614678899083,0.5,0.5394736842105263,0.396039603960396,0.075,0.0491803278688524,0.0666666666666666,,0.0666666666666666,0.4705882352941176,1.0,0.6086956521739131,0.4642857142857143,0.5757575757575758,0.3,0.5892857142857143,0.3793103448275862,0.5555555555555556,0.375,,0.28,0.4,0.6,0.5,0.75,0.5,0.8571428571428571,0.1346153846153846,106.0,0.5555555555555556,13.238679245283018,13.931132075471698,12.678301886792452,13.037735849056604,0.4455445544554455,0.6,0.6428571428571429,0.4444444444444444,0.1287128712871287,0.3846153846153846,0.3846153846153846,,0.0297029702970297,0.3333333333333333,0.3333333333333333,0.099009900990099,0.297029702970297,0.1666666666666666,0.1785714285714285,0.6,0.6666666666666666,0.6666666666666666,,,0.0555555555555555,0.4705882352941176,0.625,0.1176470588235294,0.2352941176470588,0.125,0.8415841584158416,0.1666666666666666,0.5797524752475247,0.54018,0.5734779411764706,0.0857142857142857,0.1384615384615384,0.1769911504424778,0.3628318584070796,3.622950819672131,25.325,0.3490566037735849,2026-02-24,22500838,NOP,5.0,,2.0,,,5.0,,1.0,,,,,,,0.5,0.5555555555555556,1.0,,,,0.5,,,,,,,1.0,0.1,,,1.0,1.0,,,2025-26,2026,Regular Season,1610612744,GSW
48:00,97,98,16,27.0,9,195,10,15,2.0,2.0,1.0,1.0,12,24,2.0,4,11,,2.0,13,30,5.0,3.0,7.0,24,43,17,41,13,112,4.0,5,5.0,,17,2.0,4.0,4.0,9,3.0,19,30,18,45,6.0,4.0,30,13,4,2.0,15,15,30,11,8,6.0,75,4,6,16,10,1.0,27,10,37,1.0,7,5.0,2.0,12,,8.0,4,,4.0,,1.0,16,,2.0,7,16,,21,1.0,,4.0,18,4.0,,11,,4.0,2.0,4,2.0,95,19,16,3.0,,0.625,0.6818181818181818,0.8823529411764706,0.4146341463414634,0.4444444444444444,0.4146341463414634,0.5581395348837209,0.8,0.5,0.5892857142857143,0.85,0.6153846153846154,0.6153846153846154,0.85,0.6333333333333333,0.4880952380952381,0.048780487804878,0.0930232558139534,0.1333333333333333,0.0833333333333333,0.0333333333333333,0.75,0.5,0.625,0.3157894736842105,0.5925925925925926,0.1666666666666666,0.6046511627906976,0.2325581395348837,0.4,0.25,0.5,0.1764705882352941,0.1428571428571428,0.5,0.6666666666666666,1.0,0.6190476190476191,0.5,0.027027027027027,97.5,0.5,13.670103092783505,15.857142857142858,13.36701030927835,15.214285714285714,0.1785714285714285,0.6666666666666666,0.7692307692307693,0.8,0.2857142857142857,0.5,0.5454545454545454,0.5,0.0476190476190476,0.5,0.5,0.1309523809523809,0.3571428571428571,0.4333333333333333,0.4482758620689655,0.8461538461538461,0.2,1.0,,,0.5,0.0769230769230769,1.0,0.1538461538461538,0.5384615384615384,0.4285714285714285,0.6666666666666666,0.4333333333333333,0.5182353658536586,0.5304714285714286,0.5144291666666666,0.1208791208791208,0.22,0.1517857142857142,0.1696428571428571,7.058139534883721,25.98780487804878,0.1649484536082474,2026-02-25,22500844,MEM,4.0,,1.0,3.0,3.0,4.0,1.0,1.0,3.0,1.0,1.0,,0.6,0.5,0.3636363636363636,0.4,1.0,,0.6,1.0,0.5,,,,,,,1.0,0.0909090909090909,,,,,,,2025-26,2026,Regular Season,1610612744,GSW
48:00,94,97,19,13.0,12,191,16,21,4.0,6.0,4.0,4.0,13,26,,2,14,3.0,2.0,12,28,1.0,1.0,3.0,29,49,19,42,14,129,5.0,7,4.0,2.0,12,8.0,11.0,2.0,5,6.0,28,30,28,42,15.0,4.0,28,12,4,,15,14,29,8,11,4.0,72,10,4,26,13,2.0,41,15,56,1.0,7,6.0,1.0,6,1.0,6.0,4,1.0,,,1.0,10,1.0,2.0,4,11,,19,1.0,4.0,,20,2.0,,8,3.0,5.0,4.0,5,3.0,117,28,19,,3.0,0.5172413793103449,0.5555555555555556,0.7368421052631579,0.4523809523809524,0.4,0.4523809523809524,0.5918367346938775,0.7142857142857143,0.7272727272727273,0.6318681318681318,0.4545454545454545,0.6875,0.645,0.4285714285714285,0.7368421052631579,0.4615384615384615,,0.0816326530612244,0.0952380952380952,0.0769230769230769,,0.6,1.0,0.7647058823529411,0.2,0.8125,0.4545454545454545,0.7959183673469388,0.3333333333333333,0.2,0.2307692307692307,,0.5333333333333333,0.2857142857142857,0.625,0.8333333333333334,1.0,0.8571428571428571,0.7272727272727273,0.0263157894736842,95.5,0.6,15.352127659574467,14.81340206185567,14.532978723404254,14.362886597938145,0.2307692307692307,0.7619047619047619,0.8421052631578947,0.6875,0.2857142857142857,0.5,0.5416666666666666,0.3076923076923077,0.0219780219780219,,,0.1538461538461538,0.3076923076923077,0.4285714285714285,0.4285714285714285,0.6666666666666666,0.5454545454545454,0.6666666666666666,0.5,0.2727272727272727,0.0909090909090909,0.25,1.0,0.125,0.1875,0.3333333333333333,0.6923076923076923,0.4285714285714285,0.5418838888888889,0.610225,0.51373125,0.0824742268041237,0.1454545454545454,0.0930232558139534,0.2170542635658914,5.66530612244898,25.670731707317078,0.202127659574468,2026-02-28,22500866,LAL,7.0,,1.0,,,6.0,,,,,1.0,,,,0.5,0.5,0.8571428571428571,,,,0.5,1.0,,,0.25,,,,,,,,,,,2025-26,2026,Regular Season,1610612744,GSW
48:00,93,95,9,18.0,14,188,15,24,2.0,6.0,2.0,3.0,17,28,1.0,2,6,1.0,,8,26,3.0,,2.0,33,54,9,32,21,114,5.0,10,4.0,6.0,19,4.0,6.0,,2,7.0,15,26,40,15,12.0,6.0,26,8,2,,13,5,18,4,5,7.0,41,5,13,22,15,4.0,41,18,59,6.0,9,7.0,2.0,7,2.0,3.0,7,,4.0,2.0,,14,,,7,17,,17,,,,23,1.0,,11,1.0,7.0,1.0,7,5.0,95,15,9,3.0,1.0,0.3939393939393939,0.4333333333333333,0.5555555555555556,0.28125,,0.28125,0.6111111111111112,0.5,0.6666666666666666,0.5406976744186046,0.4642857142857143,0.5,0.5876288659793815,0.5588235294117647,0.625,0.3720930232558139,,0.037037037037037,0.0416666666666666,0.0357142857142857,,0.5,1.0,0.625,0.6190476190476191,0.7096774193548387,0.217391304347826,0.6727272727272727,0.4090909090909091,0.6666666666666666,0.6363636363636364,,0.2777777777777778,,0.6666666666666666,0.5714285714285714,0.75,0.7272727272727273,0.6666666666666666,0.1428571428571428,94.0,0.7142857142857143,14.520430107526884,16.101052631578945,13.64516129032258,15.229473684210523,0.2790697674418604,0.625,0.6521739130434783,0.3333333333333333,0.3255813953488372,0.6071428571428571,0.6296296296296297,0.4117647058823529,0.0232558139534883,0.5,0.5,0.0697674418604651,0.3023255813953488,0.3076923076923077,0.3076923076923077,0.5,0.4285714285714285,0.3333333333333333,,0.0714285714285714,0.2142857142857142,0.375,0.6666666666666666,,0.25,,0.6511627906976745,0.3076923076923077,0.5173694117647059,0.53985,0.4971285714285715,0.1145833333333333,0.171875,0.1666666666666666,0.131578947368421,5.272222222222222,26.04516129032258,0.0967741935483871,2026-03-02,22500882,LAC,1.0,,,1.0,1.0,1.0,1.0,2.0,2.0,,6.0,1.0,0.25,1.0,0.1666666666666666,0.1666666666666666,1.0,,0.3333333333333333,1.0,,,,,,,,,,,,,,,,2025-26,2026,Regular Season,1610612744,GSW
53:00,95,98,23,17.0,18,193,11,19,2.0,5.0,3.0,5.0,13,31,6.0,12,9,1.0,2.0,9,25,5.0,3.0,5.0,30,62,14,34,11,113,4.0,11,6.0,3.0,23,7.0,14.0,3.0,7,6.0,29,26,34,39,3.0,4.0,25,9,5,,13,13,26,8,7,3.0,65,9,12,16,15,2.0,33,22,55,2.0,11,7.0,4.0,10,3.0,6.0,8,1.0,4.0,1.0,1.0,18,3.0,3.0,7,17,1.0,23,,3.0,3.0,15,1.0,1.0,4,2.0,2.0,,2,,90,28,22,2.0,1.0,0.4333333333333333,0.4642857142857143,0.9285714285714286,0.4117647058823529,0.4285714285714285,0.4117647058823529,0.4838709677419355,0.3636363636363636,0.5,0.53125,0.5882352941176471,0.5476190476190477,0.5490196078431373,0.6052631578947368,0.58,0.3541666666666667,,0.0806451612903225,0.1578947368421052,0.064516129032258,,0.5555555555555556,0.5,0.6,0.4,0.6666666666666666,0.45,0.6326530612244898,0.42,0.5714285714285714,0.3529411764705882,0.3333333333333333,0.5,0.25,0.3333333333333333,0.6875,0.6666666666666666,0.6666666666666666,0.6666666666666666,0.0434782608695652,87.39622641509433,,16.268421052631577,16.678571428571427,15.37157894736842,15.674489795918369,0.1979166666666666,0.5789473684210527,0.6875,0.6363636363636364,0.3229166666666667,0.4193548387096774,0.4482758620689655,0.2307692307692307,0.125,0.5,0.5,0.09375,0.2604166666666667,0.36,0.36,0.8888888888888888,0.2941176470588235,0.4,,0.0588235294117647,0.2941176470588235,0.238095238095238,0.6,0.0952380952380952,0.238095238095238,0.6,0.5520833333333334,0.36,0.4992255208333333,0.473815,0.4748238095238095,0.05,0.0615384615384615,0.2035398230088495,0.2566371681415929,8.812903225806451,25.179411764705883,0.2421052631578947,2026-03-05,22500902,HOU,5.0,,,4.0,4.0,5.0,3.0,,,1.0,1.0,,0.6666666666666666,0.5,0.5555555555555556,0.5555555555555556,1.0,,0.8,1.0,,1.0,,1.0,0.5,0.0285714285714285,,,,,,,,,1.0,2025-26,2026,Regular Season,1610612744,GSW
48:00,91,92,17,21.0,9,183,14,20,1.0,2.0,2.0,4.0,1,8,3.0,8,9,,1.0,11,34,2.0,3.0,7.0,18,36,15,43,23,104,1.0,4,2.0,2.0,7,2.0,6.0,3.0,8,6.0,19,24,12,36,9.0,2.0,34,11,2,1.0,12,12,24,8,9,1.0,60,9,1,23,11,3.0,37,10,47,,7,5.0,2.0,8,2.0,5.0,6,,3.0,,1.0,14,3.0,1.0,8,18,2.0,18,1.0,3.0,,24,2.0,,7,3.0,1.0,1.0,1,1.0,97,19,17,2.0,2.0,0.6666666666666666,0.7058823529411765,0.8,0.3488372093023256,0.375,0.3488372093023256,0.5,0.25,0.3333333333333333,0.5126582278481012,0.4166666666666667,0.4642857142857143,0.5842696629213483,0.5,0.5588235294117647,0.5443037974683544,0.0232558139534883,0.0555555555555555,0.1,,,0.5714285714285714,1.0,0.5238095238095238,0.0555555555555555,0.7666666666666667,0.3333333333333333,0.6666666666666666,0.2222222222222222,,0.1428571428571428,,0.2727272727272727,0.6,0.5555555555555556,0.5454545454545454,,0.782608695652174,0.7142857142857143,,91.5,1.0,15.123076923076924,16.34565217391304,14.496703296703297,15.76195652173913,0.2531645569620253,0.7,0.7777777777777778,0.6428571428571429,0.1012658227848101,0.125,0.125,1.0,0.1012658227848101,0.375,0.375,0.1139240506329113,0.430379746835443,0.3235294117647059,0.3235294117647059,0.7272727272727273,0.3333333333333333,0.5,,,0.3333333333333333,0.2857142857142857,0.5,0.0714285714285714,0.5,0.4285714285714285,0.7974683544303798,0.3235294117647059,0.5585730769230769,0.5149,0.5481499999999999,0.1046511627906976,0.1707317073170731,0.0673076923076923,0.1826923076923076,6.802777777777778,25.245238095238093,0.1868131868131868,2026-03-07,22500920,OKC,4.0,,,1.0,1.0,4.0,2.0,,2.0,,,1.0,0.5,0.6666666666666666,0.4444444444444444,0.5,1.0,,0.5,1.0,,,,2.0,,0.0444444444444444,,,0.1111111111111111,,,,,,,2025-26,2026,Regular Season,1610612744,GSW
48:00,98,97,25,17.0,13,195,10,13,3.0,4.0,2.0,2.0,14,28,4.0,8,7,1.0,2.0,8,27,1.0,4.0,9.0,28,49,12,34,27,119,5.0,10,2.0,6.0,22,5.0,7.0,6.0,11,10.0,38,38,18,30,6.0,4.0,27,8,2,,19,10,29,6,7,9.0,68,6,9,20,14,5.0,39,15,54,2.0,8,4.0,4.0,11,2.0,6.0,6,2.0,5.0,,1.0,17,,6.0,9,17,,20,,1.0,,29,2.0,,12,3.0,4.0,,4,3.0,97,38,25,2.0,3.0,0.6785714285714286,0.7307692307692307,0.8333333333333334,0.3529411764705882,0.5454545454545454,0.3529411764705882,0.5714285714285714,0.5,0.7142857142857143,0.5542168674698795,0.6666666666666666,0.7777777777777778,0.6197916666666666,0.7333333333333333,0.8636363636363636,0.4096385542168674,,0.0408163265306122,,0.0714285714285714,,0.6470588235294118,1.0,0.7,0.4285714285714285,0.6060606060606061,0.2857142857142857,0.6415094339622641,0.3571428571428571,,0.5,0.5,0.2222222222222222,0.6666666666666666,1.0,0.5,1.0,0.7,0.4615384615384615,0.05,97.5,0.75,14.537755102040816,15.003092783505156,13.721428571428572,14.15979381443299,0.1566265060240964,0.7692307692307693,0.7692307692307693,0.7,0.3373493975903614,0.5,0.5384615384615384,0.6428571428571429,0.0963855421686747,0.5,0.5,0.0843373493975903,0.3253012048192771,0.2962962962962963,0.2962962962962963,0.75,0.3333333333333333,0.75,,0.0833333333333333,0.0833333333333333,0.1111111111111111,1.0,0.1111111111111111,0.5,0.4444444444444444,0.5662650602409639,0.2962962962962963,0.5056614457831325,0.506575,0.5185111111111111,0.1397849462365591,0.2033898305084746,0.1848739495798319,0.3193277310924369,7.463265306122449,25.90294117647059,0.2551020408163265,2026-03-09,22500934,UTA,4.0,1.0,2.0,1.0,2.0,4.0,3.0,,1.0,1.0,3.0,,1.0,0.75,0.5714285714285714,0.5714285714285714,1.0,1.0,1.0,1.0,1.0,,1.0,1.0,,0.0294117647058823,1.0,,,,,,,,,2025-26,2026,Regular Season,1610612744,GSW
53:00,110,110,15,16.0,18,220,22,31,7.0,9.0,6.0,7.0,13,30,,4,15,2.0,3.0,9,32,8.0,,3.0,35,65,15,47,15,130,7.0,12,10.0,,20,7.0,12.0,,6,7.0,21,40,30,42,3.0,10.0,32,9,9,3.0,20,14,34,8,14,6.0,82,10,14,27,18,1.0,46,24,70,4.0,6,4.0,2.0,9,,4.0,5,1.0,5.0,,,14,2.0,,9,18,1.0,18,,2.0,2.0,18,1.0,,4,4.0,6.0,3.0,6,6.0,110,20,14,,3.0,0.5714285714285714,0.6666666666666666,0.9333333333333332,0.3191489361702128,,0.3191489361702128,0.5384615384615384,0.5833333333333334,0.5833333333333334,0.5133928571428571,0.4545454545454545,0.3888888888888889,0.5416666666666666,0.4545454545454545,0.4772727272727273,0.4196428571428571,0.0638297872340425,0.1384615384615384,0.1290322580645161,0.1666666666666666,0.09375,0.6428571428571429,1.0,0.6666666666666666,0.4666666666666667,0.7941176470588235,0.3125,0.7377049180327869,0.3870967741935484,0.5555555555555556,0.4117647058823529,0.5,0.3043478260869565,0.3333333333333333,0.6363636363636364,0.7142857142857143,0.5,0.7307692307692307,1.0,0.08,99.62264150943396,1.0,13.556363636363637,15.352727272727272,12.657272727272726,14.965454545454548,0.2767857142857143,0.7096774193548387,0.8148148148148148,0.6363636363636364,0.2678571428571428,0.4333333333333333,0.52,0.4615384615384615,0.0357142857142857,,,0.1339285714285714,0.2857142857142857,0.28125,0.3103448275862069,0.8888888888888888,0.4090909090909091,0.7777777777777778,0.2857142857142857,0.0909090909090909,0.3636363636363636,0.3888888888888889,0.8571428571428571,0.1666666666666666,0.1666666666666666,,0.6964285714285714,0.28125,0.532253125,0.5197035714285715,0.5496,0.043103448275862,0.0588235294117647,0.1538461538461538,0.1615384615384615,5.150769230769231,25.53617021276596,0.1363636363636363,2026-03-10,22500943,CHI,6.0,,,2.0,2.0,6.0,,1.0,1.0,,3.0,,0.2,,0.4,0.4,1.0,,0.25,1.0,,,,1.0,,0.0208333333333333,,,,,,,,,,2025-26,2026,Regular Season,1610612744,GSW
48:00,100,100,11,13.0,13,200,13,14,2.0,3.0,,1.0,17,30,4.0,8,6,2.0,,11,25,1.0,1.0,4.0,34,52,12,31,23,127,3.0,5,3.0,9.0,18,,3.0,1.0,4,6.0,9,32,36,27,9.0,4.0,25,11,1,,16,9,25,8,7,9.0,59,10,4,23,16,,39,14,53,3.0,6,4.0,2.0,8,2.0,4.0,9,3.0,4.0,1.0,,17,,3.0,10,19,,20,,3.0,2.0,26,,,11,2.0,4.0,,5,1.0,109,9,11,3.0,2.0,0.4705882352941176,0.5,0.75,0.3870967741935484,0.25,0.3870967741935484,0.6538461538461539,0.6,,0.6265060240963856,0.5625,0.2142857142857142,0.6614583333333334,0.6923076923076923,0.4090909090909091,0.3734939759036144,,0.0192307692307692,,,,0.4705882352941176,,0.64,0.2222222222222222,0.71875,0.5263157894736842,0.6842105263157895,0.3783783783783784,,0.2307692307692307,0.25,0.6428571428571429,0.2,,0.625,1.0,0.72,0.7142857142857143,0.0833333333333333,100.0,0.2,13.974,14.826,13.283,14.086,0.1686746987951807,0.9285714285714286,0.9285714285714286,0.5384615384615384,0.3614457831325301,0.5666666666666667,0.5666666666666667,0.5294117647058824,0.0963855421686747,0.5,0.5714285714285714,0.072289156626506,0.3012048192771084,0.44,0.44,0.7272727272727273,0.375,0.6666666666666666,,0.25,0.125,0.1428571428571428,,,0.5714285714285714,0.25,0.5421686746987951,0.44,0.5046329268292683,0.515275,0.50415,0.1170212765957446,0.1746031746031746,0.1417322834645669,0.0708661417322834,7.9557692307692305,25.586666666666662,0.11,2026-03-13,22500966,MIN,1.0,,,1.0,1.0,1.0,,,1.0,,4.0,,0.3333333333333333,,0.1666666666666666,0.1666666666666666,1.0,,1.0,,,,,,,,,,,1.0,0.125,1.0,1.0,,,2025-26,2026,Regular Season,1610612744,GSW
48:00,91,92,11,8.0,15,183,16,26,5.0,9.0,,4.0,9,18,4.0,8,9,,1.0,6,24,4.0,,3.0,29,52,10,33,22,110,6.0,12,4.0,3.0,18,,5.0,,4,4.0,4,30,28,24,6.0,6.0,24,6,5,1.0,15,8,23,4,9,4.0,54,6,14,17,11,1.0,29,20,49,1.0,9,7.0,2.0,9,1.0,8.0,6,2.0,1.0,,1.0,15,1.0,3.0,6,15,1.0,20,1.0,1.0,2.0,23,1.0,,10,2.0,5.0,3.0,6,2.0,92,2,10,1.0,1.0,0.5172413793103449,0.5769230769230769,0.8,0.303030303030303,,0.303030303030303,0.5576923076923077,0.5,,0.5176470588235295,0.46875,,0.5729166666666666,0.5,0.1818181818181818,0.388235294117647,0.0303030303030303,0.0961538461538461,0.1538461538461538,0.0555555555555555,,0.6,1.0,0.6111111111111112,0.6086956521739131,0.7083333333333334,0.2727272727272727,0.6666666666666666,0.4444444444444444,0.6,0.6666666666666666,0.5,0.2352941176470588,0.4,0.5,0.8,1.0,0.7777777777777778,0.5,0.0256410256410256,91.5,0.3333333333333333,15.48791208791209,15.984782608695651,14.727472527472528,15.22391304347826,0.3058823529411765,0.6153846153846154,0.7272727272727273,0.5625,0.2117647058823529,0.5,0.5294117647058824,0.4444444444444444,0.0941176470588235,0.5,0.5,0.1058823529411764,0.2823529411764706,0.25,0.25,0.6666666666666666,0.5625,0.5555555555555556,0.4,,0.25,0.4444444444444444,,0.1111111111111111,0.3333333333333333,,0.6941176470588235,0.25,0.5442607142857143,0.5997230769230769,0.52288125,0.1063829787234042,0.1639344262295081,0.1636363636363636,0.0363636363636363,6.759615384615385,24.93125,0.1208791208791208,2026-03-15,22500981,NYK,4.0,,,1.0,1.0,4.0,2.0,1.0,,,2.0,,0.25,0.5,0.4444444444444444,0.5,1.0,,0.25,1.0,,,,,,,,,0.1111111111111111,,,1.0,,1.0,,2025-26,2026,Regular Season,1610612744,GSW
48:00,101,103,30,29.0,10,204,19,22,4.0,5.0,4.0,5.0,4,16,4.0,6,7,,2.0,8,28,2.0,3.0,13.0,27,44,13,35,24,117,4.0,5,2.0,5.0,16,5.0,11.0,4.0,15,7.0,29,26,28,33,6.0,8.0,28,8,4,,13,11,24,6,9,4.0,59,5,6,15,12,2.0,29,11,40,1.0,7,3.0,4.0,13,1.0,10.0,8,2.0,3.0,,1.0,21,1.0,8.0,11,25,3.0,21,,1.0,1.0,29,2.0,1.0,13,2.0,2.0,2.0,2,1.0,101,29,30,2.0,2.0,0.4814814814814814,0.5652173913043478,0.8461538461538461,0.3714285714285714,0.2666666666666666,0.3714285714285714,0.6136363636363636,0.8,0.4545454545454545,0.5886075949367089,0.7857142857142857,0.4230769230769231,0.6358695652173914,0.8,0.4833333333333333,0.4430379746835443,,0.0909090909090909,0.0454545454545454,0.1875,,0.6190476190476191,1.0,0.5454545454545454,0.3529411764705882,0.6818181818181818,0.25,0.6136363636363636,0.2972972972972973,0.3333333333333333,0.4166666666666667,,0.2777777777777778,,0.4545454545454545,0.5714285714285714,0.75,0.6875,0.6666666666666666,0.0303030303030303,102.0,0.5,13.165346534653466,15.051456310679612,12.91782178217822,14.26019417475728,0.2784810126582278,0.8636363636363636,0.9047619047619048,0.4736842105263157,0.2025316455696202,0.25,0.3076923076923077,1.0,0.0759493670886076,0.6666666666666666,0.6666666666666666,0.0886075949367088,0.3544303797468354,0.2857142857142857,0.2857142857142857,0.75,0.7142857142857143,0.8,,,0.2857142857142857,0.1923076923076923,0.8,0.0769230769230769,0.5,0.2307692307692307,0.7215189873417721,0.2857142857142857,0.541276282051282,0.61695,0.52018,0.1444444444444444,0.2363636363636363,0.1367521367521367,0.2478632478632478,6.370454545454546,26.647058823529413,0.297029702970297,2026-03-16,22500984,WAS,5.0,,1.0,1.0,1.0,5.0,,,,,,,0.5,,0.7142857142857143,0.7142857142857143,1.0,,0.5,1.0,0.5,,,,,,,,,,,,,,,2025-26,2026,Regular Season,1610612744,GSW
48:00,97,98,29,33.0,15,195,12,18,3.0,7.0,4.0,4.0,15,29,3.0,6,5,2.0,1.0,12,34,3.0,2.0,9.0,30,53,14,39,18,120,3.0,9,5.0,2.0,17,9.0,14.0,3.0,10,9.0,36,26,34,27,15.0,6.0,34,12,3,,13,9,22,7,3,10.0,53,8,11,26,11,2.0,39,19,58,4.0,12,10.0,2.0,12,2.0,5.0,4,,7.0,1.0,,16,4.0,5.0,9,20,,16,,2.0,,19,2.0,,7,3.0,1.0,1.0,1,,103,36,29,4.0,3.0,0.4333333333333333,0.4814814814814814,0.6428571428571429,0.358974358974359,0.3,0.358974358974359,0.5660377358490566,0.3333333333333333,0.6428571428571429,0.5543478260869565,0.5357142857142857,0.5625,0.6,0.5666666666666667,0.6206896551724138,0.4239130434782608,,0.0566037735849056,0.0555555555555555,0.0689655172413793,,0.75,0.5,0.5238095238095238,0.5,0.7878787878787878,0.32,0.6851851851851852,0.4042553191489361,0.1666666666666666,0.6923076923076923,0.3333333333333333,0.2727272727272727,0.6666666666666666,,0.625,0.6,0.7666666666666667,1.0,0.0909090909090909,97.5,,14.552577319587629,14.983673469387757,13.913402061855669,14.342857142857143,0.1956521739130435,0.6666666666666666,0.7058823529411765,0.25,0.3152173913043478,0.5172413793103449,0.5555555555555556,0.6666666666666666,0.0652173913043478,0.5,0.5,0.0543478260869565,0.3695652173913043,0.3529411764705882,0.3529411764705882,0.5833333333333334,0.5,0.4285714285714285,,0.1428571428571428,0.2142857142857142,0.1666666666666666,1.0,0.0416666666666666,0.375,0.2222222222222222,0.6195652173913043,0.3529411764705882,0.5079163043478261,0.5855699999999999,0.5121270833333333,0.0721649484536082,0.1206896551724138,0.1416666666666666,0.3,6.790566037735848,25.933333333333334,0.2989690721649484,2026-03-18,22500999,BOS,2.0,,1.0,3.0,3.0,2.0,,,5.0,,,,0.6,,0.4,0.4,1.0,,1.0,1.0,1.0,,,,,,,,,,,,,,,2025-26,2026,Regular Season,1610612744,GSW
48:00,101,102,19,23.0,12,203,31,42,6.0,8.0,4.0,6.0,6,14,3.0,9,6,1.0,1.0,4,16,2.0,2.0,3.0,40,65,5,22,20,115,6.0,8,3.0,1.0,13,4.0,7.0,2.0,4,4.0,18,48,32,15,,8.0,16,4,6,,24,5,29,4,18,5.0,63,4,9,16,12,2.0,30,13,43,,16,13.0,3.0,6,1.0,2.0,9,1.0,4.0,,1.0,15,1.0,6.0,11,20,4.0,17,,,1.0,29,1.0,2.0,13,1.0,4.0,2.0,4,1.0,102,18,19,1.0,1.0,0.6,0.6666666666666666,1.0,0.2272727272727272,0.5,0.2272727272727272,0.6153846153846154,0.75,0.5714285714285714,0.5459770114942529,0.5454545454545454,0.6363636363636364,0.565,0.5416666666666666,0.6428571428571429,0.2528735632183908,,0.0923076923076923,0.0952380952380952,0.1428571428571428,,0.4,0.6666666666666666,0.631578947368421,0.375,0.7619047619047619,0.25,0.7,0.325,0.3,0.5,0.3333333333333333,0.3636363636363636,,0.6,0.625,1.0,0.8,0.6666666666666666,,101.5,0.25,14.551485148514852,13.826470588235294,14.105940594059406,13.397058823529411,0.4827586206896552,0.7380952380952381,0.8157894736842105,0.5806451612903226,0.160919540229885,0.4285714285714285,0.5,0.8333333333333334,0.1034482758620689,0.3333333333333333,0.3333333333333333,0.0689655172413793,0.1839080459770115,0.25,0.25,1.0,0.7272727272727273,0.75,0.3333333333333333,0.0909090909090909,0.1818181818181818,0.5454545454545454,0.6666666666666666,0.0909090909090909,0.2727272727272727,0.6666666666666666,0.735632183908046,0.25,0.5791133720930233,0.6632285714285714,0.5858590909090909,0.1313131313131313,0.1688311688311688,0.1130434782608695,0.1565217391304348,5.047692307692308,25.33809523809524,0.1881188118811881,2026-03-20,22501017,DET,1.0,,,,,1.0,1.0,,1.0,,2.0,,,0.3333333333333333,0.1666666666666666,0.1666666666666666,1.0,,,,,,,,,,,,,,,,,,,2025-26,2026,Regular Season,1610612744,GSW
48:00,101,102,30,12.0,13,203,27,35,6.0,7.0,8.0,10.0,6,12,2.0,2,6,1.0,4.0,11,34,2.0,1.0,9.0,35,49,13,40,17,126,7.0,8,3.0,3.0,23,10.0,13.0,1.0,13,6.0,29,32,38,36,3.0,6.0,34,11,2,,16,12,28,10,13,3.0,68,9,6,21,9,3.0,33,15,48,2.0,10,5.0,5.0,9,3.0,7.0,9,3.0,2.0,,2.0,18,2.0,5.0,6,17,,21,,3.0,2.0,20,3.0,,8,2.0,4.0,3.0,4,3.0,103,29,30,3.0,2.0,0.4571428571428571,0.5,0.9230769230769232,0.325,0.0769230769230769,0.325,0.7142857142857143,0.875,0.7692307692307693,0.6123595505617978,0.9090909090909092,0.4423076923076923,0.6494845360824743,0.9583333333333334,0.5,0.449438202247191,,0.0408163265306122,0.0571428571428571,,,0.5,1.0,0.6428571428571429,0.4285714285714285,0.75,0.3333333333333333,0.7142857142857143,0.3658536585365853,0.375,0.5,,0.3043478260869565,0.5,0.75,0.5,,0.6956521739130435,1.0,0.0512820512820512,101.5,0.75,13.810891089108912,14.559803921568626,13.314851485148516,14.33627450980392,0.3932584269662921,0.7714285714285715,0.8181818181818182,0.4814814814814814,0.1348314606741573,0.5,0.5,0.5,0.0224719101123595,1.0,1.0,0.0674157303370786,0.3820224719101123,0.3235294117647059,0.3235294117647059,0.9090909090909092,0.6363636363636364,0.8571428571428571,0.5,0.0909090909090909,0.1818181818181818,0.3846153846153846,0.8,0.1538461538461538,0.3461538461538461,0.1111111111111111,0.8426966292134831,0.3235294117647059,0.6060741573033708,0.6162,0.6101557692307693,0.0947368421052631,0.1481481481481481,0.1825396825396825,0.2301587301587301,4.036734693877551,25.192500000000003,0.297029702970297,2026-03-21,22501026,ATL,2.0,,,2.0,2.0,2.0,,1.0,2.0,,1.0,,0.6666666666666666,,0.3333333333333333,0.3333333333333333,1.0,,1.0,1.0,,,,1.0,,0.024390243902439,,,,,,,,,,2025-26,2026,Regular Season,1610612744,GSW
52:59,112,113,38,36.0,6,225,20,22,,1.0,6.0,6.0,12,19,3.0,10,4,,1.0,12,33,2.0,3.0,12.0,35,51,16,37,13,131,1.0,2,2.0,3.0,8,11.0,14.0,4.0,13,7.0,41,46,24,42,6.0,2.0,33,12,4,,23,14,37,11,15,6.0,88,4,4,14,12,1.0,27,8,35,2.0,13,8.0,5.0,16,,5.0,7,1.0,11.0,,3.0,23,1.0,9.0,11,23,1.0,25,1.0,4.0,1.0,20,2.0,,9,2.0,2.0,,3,2.0,123,41,38,2.0,2.0,0.6571428571428571,0.6764705882352942,0.875,0.4324324324324324,0.3076923076923077,0.4324324324324324,0.6862745098039216,0.5,0.7857142857142857,0.6704545454545454,0.625,0.6296296296296297,0.6752577319587629,0.6666666666666666,0.640625,0.4204545454545454,,0.0784313725490196,,0.1578947368421052,,0.6956521739130435,1.0,0.6,0.25,0.4666666666666667,0.1904761904761904,0.52,0.2162162162162162,0.5,0.1428571428571428,0.2857142857142857,0.1904761904761904,,0.7142857142857143,0.5454545454545454,0.5,0.4545454545454545,0.5,0.0606060606060606,101.88679245283024,0.6666666666666666,13.867857142857124,14.39646017699115,13.599107142857124,13.56637168141593,0.25,0.9090909090909092,0.9090909090909092,0.75,0.2159090909090909,0.631578947368421,0.75,0.5,0.1136363636363636,0.3,0.3333333333333333,0.0454545454545454,0.375,0.3636363636363636,0.3636363636363636,0.9166666666666666,0.25,,,,0.5,0.2222222222222222,1.0,0.037037037037037,0.4444444444444444,0.25,0.6704545454545454,0.3636363636363636,0.5457327586206896,0.560725,0.5437288461538462,0.0947368421052631,0.1551724137931034,0.0610687022900763,0.3129770992366412,7.021568627450981,25.375,0.3392857142857143,2026-03-23,22501044,DAL,4.0,,1.0,1.0,1.0,3.0,2.0,,1.0,,2.0,2.0,0.5,0.6666666666666666,1.0,1.0,0.75,,0.5,,1.0,,,,,,,,,,0.1,1.0,,1.0,,2025-26,2026,Regular Season,1610612744,GSW
48:00,101,101,32,39.0,6,202,18,28,2.0,2.0,5.0,7.0,7,17,2.0,3,11,,5.0,6,22,2.0,1.0,7.0,27,48,12,33,16,106,3.0,4,2.0,,6,8.0,12.0,5.0,12,6.0,37,26,28,33,3.0,2.0,22,6,2,1.0,13,11,24,6,9,3.0,59,3,4,13,9,2.0,24,7,31,2.0,17,12.0,5.0,11,2.0,4.0,6,,7.0,1.0,,17,1.0,4.0,12,30,2.0,22,,3.0,2.0,21,,,6,4.0,1.0,1.0,2,2.0,100,37,32,7.0,4.0,0.4814814814814814,0.5,0.9166666666666666,0.3636363636363636,0.4166666666666667,0.3636363636363636,0.5625,0.75,0.6666666666666666,0.5555555555555556,0.5,0.6458333333333334,0.5824175824175825,0.5,0.6607142857142857,0.4074074074074074,0.0303030303030303,0.0416666666666666,0.0357142857142857,0.0588235294117647,,0.6470588235294118,1.0,0.6428571428571429,0.1904761904761904,0.6842105263157895,0.1428571428571428,0.6666666666666666,0.1666666666666666,,0.4,,0.1875,,0.6666666666666666,0.4,1.0,0.6470588235294118,1.0,0.0512820512820512,101.0,1.0,14.14158415841584,14.373267326732671,13.676237623762376,13.65940594059406,0.345679012345679,0.6428571428571429,0.6666666666666666,0.5,0.2098765432098765,0.4117647058823529,0.4375,0.4285714285714285,0.037037037037037,0.6666666666666666,0.6666666666666666,0.1358024691358024,0.2716049382716049,0.2727272727272727,0.2727272727272727,1.0,0.3333333333333333,1.0,,,0.3333333333333333,0.2916666666666667,0.7142857142857143,0.2083333333333333,0.2916666666666667,0.1428571428571428,0.7530864197530864,0.2727272727272727,0.5516722222222222,0.5242875,0.5150875,0.0689655172413793,0.1111111111111111,0.0566037735849056,0.3490566037735849,5.054166666666666,25.551515151515154,0.3168316831683168,2026-03-25,22501060,BKN,6.0,,4.0,,,5.0,1.0,,2.0,,,,,0.5,0.5454545454545454,0.6,0.8333333333333334,,,,0.8,,,,,,,,0.0909090909090909,,,1.0,1.0,,,2025-26,2026,Regular Season,1610612744,GSW
48:00,104,104,9,46.0,8,208,19,25,1.0,1.0,1.0,2.0,10,20,3.0,8,5,1.0,,16,38,2.0,3.0,3.0,32,53,18,43,8,126,3.0,4,3.0,,12,1.0,3.0,3.0,3,2.0,13,30,34,42,12.0,,38,16,3,,15,14,29,12,10,5.0,72,6,3,22,10,2.0,34,9,43,1.0,5,5.0,,5,2.0,3.0,6,3.0,2.0,,1.0,11,,2.0,9,23,,14,,1.0,1.0,10,1.0,,3,1.0,3.0,3.0,3,3.0,114,13,9,5.0,1.0,0.46875,0.46875,0.7777777777777778,0.4186046511627907,1.0,0.4186046511627907,0.6037735849056604,0.75,0.3333333333333333,0.6145833333333334,0.8571428571428571,0.9166666666666666,0.63,0.8571428571428571,0.9285714285714286,0.4479166666666667,,0.0566037735849056,0.04,0.1,,0.4545454545454545,1.0,0.625,0.1428571428571428,0.88,0.24,0.7804878048780488,0.1956521739130435,0.1666666666666666,0.2,,0.2727272727272727,,0.9,0.2,,0.8695652173913043,1.0,0.0232558139534883,104.0,1.0,13.201923076923077,14.490384615384617,12.850961538461538,14.1125,0.2604166666666667,0.76,0.7916666666666666,0.5263157894736842,0.2083333333333333,0.5,0.5555555555555556,0.5,0.0833333333333333,0.375,0.375,0.0520833333333333,0.3958333333333333,0.4210526315789473,0.4210526315789473,0.75,0.1428571428571428,1.0,,0.1428571428571428,0.2857142857142857,0.3333333333333333,0.5,,0.5,1.0,0.7083333333333334,0.4210526315789473,0.5446421052631579,0.5838166666666667,0.5384416666666666,0.0404040404040404,0.0545454545454545,0.0952380952380952,0.1031746031746031,6.615094339622642,26.861904761904764,0.0865384615384615,2026-03-27,22501073,WAS,2.0,1.0,,1.0,2.0,2.0,,,,,,1.0,0.6666666666666666,,0.4,0.4,1.0,1.0,0.5,1.0,,,,1.0,,0.0227272727272727,1.0,,,,,,,,,2025-26,2026,Regular Season,1610612744,GSW
48:00,91,92,28,16.0,9,183,11,19,1.0,4.0,5.0,8.0,11,22,2.0,5,12,,3.0,11,29,3.0,2.0,8.0,24,46,19,41,11,116,3.0,6,3.0,4.0,16,11.0,16.0,5.0,11,1.0,38,28,20,51,6.0,2.0,29,11,2,,14,17,31,10,8,6.0,79,5,6,21,16,,37,11,48,1.0,11,8.0,3.0,9,1.0,8.0,3,,1.0,,,12,1.0,4.0,5,18,,18,,1.0,,12,4.0,1.0,6,1.0,4.0,2.0,4,1.0,100,38,28,1.0,,0.5833333333333334,0.6086956521739131,0.8947368421052632,0.4634146341463415,0.4545454545454545,0.4634146341463415,0.5217391304347826,0.5,0.6875,0.603448275862069,0.6666666666666666,0.6851851851851852,0.6388888888888888,0.8,0.7037037037037037,0.4712643678160919,,0.0434782608695652,0.1052631578947368,,,0.75,,0.8,0.2727272727272727,0.7241379310344828,0.2272727272727272,0.7551020408163265,0.25,0.25,0.3636363636363636,,0.1111111111111111,0.75,0.5,0.9090909090909092,1.0,0.7619047619047619,0.625,0.0238095238095238,91.5,0.25,15.017582417582416,16.45,14.478021978021978,15.928260869565218,0.2183908045977011,0.5789473684210527,0.6470588235294118,0.7272727272727273,0.2528735632183908,0.5,0.5,0.5454545454545454,0.057471264367816,0.4,0.4,0.1379310344827586,0.3333333333333333,0.3793103448275862,0.3793103448275862,0.9090909090909092,0.4444444444444444,0.25,1.0,,0.3333333333333333,0.2962962962962963,0.625,0.1111111111111111,0.2962962962962963,0.25,0.6896551724137931,0.3793103448275862,0.543093023255814,0.5840857142857142,0.5603653846153847,0.0786516853932584,0.125,0.1379310344827586,0.3275862068965517,7.121739130434783,25.49,0.3076923076923077,2026-03-29,22501090,DEN,8.0,,3.0,2.0,2.0,7.0,,1.0,,,2.0,,0.6666666666666666,,0.6666666666666666,0.6666666666666666,0.875,,0.6666666666666666,1.0,1.0,,1.0,1.0,,0.024390243902439,,,,,,,,,,2025-26,2026,Regular Season,1610612744,GSW
48:00,101,101,35,45.0,14,202,12,13,3.0,3.0,2.0,2.0,14,30,3.0,3,17,5.0,10.0,9,30,7.0,2.0,9.0,29,46,15,47,24,127,3.0,4,12.0,7.0,19,7.0,14.0,5.0,19,10.0,39,38,20,45,,6.0,30,9,2,1.0,19,15,34,9,7,10.0,83,13,6,19,15,2.0,36,21,57,1.0,8,4.0,4.0,6,5.0,2.0,9,1.0,4.0,,1.0,15,1.0,4.0,8,20,,24,,2.0,3.0,30,3.0,,10,5.0,6.0,1.0,6,1.0,108,39,35,2.0,3.0,0.6551724137931034,0.7307692307692307,1.0,0.3191489361702128,0.2631578947368421,0.3191489361702128,0.6304347826086957,0.75,0.5,0.553763440860215,0.375,0.4393939393939394,0.6047619047619047,0.5,0.5,0.5053763440860215,0.0212765957446808,0.0434782608695652,,0.0666666666666666,,0.4,1.0,0.6521739130434783,0.3529411764705882,0.95,0.40625,0.7906976744186046,0.3877551020408163,1.0,0.3125,,0.4761904761904761,0.2727272727272727,0.5,0.6666666666666666,0.6666666666666666,1.0,0.8333333333333334,0.0217391304347826,101.0,0.1666666666666666,14.135643564356435,14.379207920792078,13.046534653465349,13.864356435643565,0.1397849462365591,0.9230769230769232,0.9230769230769232,0.5833333333333334,0.3225806451612903,0.4666666666666667,0.5,0.7142857142857143,0.032258064516129,1.0,1.0,0.1827956989247312,0.3225806451612903,0.3,0.3,1.0,0.1875,1.0,,0.3125,0.4375,0.0606060606060606,1.0,0.303030303030303,0.2727272727272727,0.2222222222222222,0.6451612903225806,0.3,0.5272994623655913,0.5732,0.5298454545454545,0.11,0.1886792452830188,0.1496062992125984,0.3070866141732283,6.308695652173912,25.380851063829788,0.3465346534653465,2026-04-01,22501113,SAS,6.0,1.0,3.0,1.0,2.0,6.0,2.0,,1.0,,5.0,,0.1666666666666666,0.6666666666666666,0.3529411764705882,0.375,1.0,0.2,0.1428571428571428,1.0,0.3,2.0,1.0,1.0,0.4,0.0212765957446808,1.0,,0.0588235294117647,1.0,,,,,,2025-26,2026,Regular Season,1610612744,GSW
48:00,99,99,31,15.0,9,198,7,12,2.0,4.0,2.0,3.0,18,32,1.0,2,5,1.0,1.0,13,32,1.0,3.0,13.0,26,46,16,37,18,118,4.0,7,2.0,,11,8.0,14.0,4.0,14,8.0,36,34,18,33,15.0,2.0,32,13,4,1.0,17,11,28,8,6,11.0,67,4,7,27,11,1.0,39,11,50,2.0,7,5.0,2.0,11,2.0,11.0,4,,,2.0,,15,1.0,1.0,7,14,,20,1.0,3.0,,26,1.0,1.0,9,4.0,1.0,,1,,107,36,31,1.0,4.0,0.6538461538461539,0.68,0.6875,0.4324324324324324,0.2857142857142857,0.4324324324324324,0.5652173913043478,0.5714285714285714,0.5714285714285714,0.6024096385542169,0.6111111111111112,0.5,0.6157894736842106,0.6111111111111112,0.5625,0.4457831325301205,0.027027027027027,0.0869565217391304,0.0833333333333333,0.09375,0.03125,0.7333333333333333,1.0,0.5238095238095238,0.35,0.8181818181818182,0.1904761904761904,0.7037037037037037,0.2682926829268293,0.4,0.2857142857142857,1.0,0.2105263157894736,,,0.5294117647058824,1.0,0.8846153846153846,0.5714285714285714,0.0555555555555555,99.0,,13.877777777777778,15.213131313131312,13.35656565656566,14.5020202020202,0.144578313253012,0.5833333333333334,0.6363636363636364,0.8571428571428571,0.3855421686746988,0.5625,0.6206896551724138,0.6111111111111112,0.0240963855421686,0.5,0.5,0.0602409638554216,0.3855421686746988,0.40625,0.4193548387096774,0.6153846153846154,0.4444444444444444,0.5,0.5,0.1111111111111111,0.1111111111111111,0.1071428571428571,0.6666666666666666,0.0357142857142857,0.4642857142857143,0.2307692307692307,0.5903614457831325,0.40625,0.5037195121951219,0.5607214285714286,0.4837777777777777,0.0989010989010989,0.1666666666666666,0.0932203389830508,0.3050847457627119,6.48695652173913,26.797222222222224,0.3131313131313131,2026-04-02,22501117,CLE,3.0,1.0,1.0,,1.0,3.0,,,,,1.0,,0.5,,0.6,0.6,1.0,1.0,,,1.0,,,,,,1.0,,,,,,,,,2025-26,2026,Regular Season,1610612744,GSW
48:00,94,95,30,24.0,7,189,14,18,2.0,3.0,3.0,3.0,17,30,,3,6,,3.0,10,24,3.0,3.0,5.0,31,51,13,30,16,117,2.0,5,3.0,2.0,9,7.0,12.0,4.0,8,6.0,32,38,24,33,6.0,2.0,24,10,3,,19,11,30,8,10,9.0,71,5,5,18,13,1.0,32,10,42,2.0,4,,4.0,7,3.0,3.0,7,,4.0,,1.0,14,,7.0,9,16,1.0,19,,2.0,,19,3.0,1.0,7,3.0,6.0,1.0,7,6.0,108,32,30,2.0,3.0,0.6129032258064516,0.6333333333333333,0.8461538461538461,0.4333333333333333,0.5,0.4333333333333333,0.6078431372549019,0.4,0.5833333333333334,0.6234567901234568,0.4375,0.65,0.6590909090909091,0.5,0.6956521739130435,0.3703703703703703,,0.0588235294117647,0.0555555555555555,0.0666666666666666,,0.5,1.0,0.8125,0.25,0.6923076923076923,0.2941176470588235,0.7380952380952381,0.2702702702702703,0.5,0.1538461538461538,0.3333333333333333,0.3571428571428571,,0.6,1.0,0.6666666666666666,0.6363636363636364,1.0,0.0588235294117647,94.5,0.8571428571428571,15.227659574468086,15.248421052631578,14.737234042553194,14.688421052631575,0.2222222222222222,0.7777777777777778,0.8235294117647058,0.7142857142857143,0.3703703703703703,0.5666666666666667,0.6071428571428571,0.5294117647058824,0.037037037037037,,,0.074074074074074,0.2962962962962963,0.4166666666666667,0.4166666666666667,0.8,0.375,0.6666666666666666,,,0.375,0.15,1.0,0.15,0.25,0.6,0.5925925925925926,0.4166666666666667,0.524605625,0.4985125,0.5069,0.0941176470588235,0.1272727272727272,0.0769230769230769,0.2735042735042735,7.227450980392157,25.841379310344827,0.3191489361702128,2026-04-05,22501142,HOU,3.0,,1.0,1.0,1.0,3.0,,1.0,,1.0,4.0,1.0,0.3333333333333333,,0.5,0.5,1.0,,0.3333333333333333,1.0,0.3333333333333333,,1.0,1.0,,0.0333333333333333,,,,,,1.0,1.0,,,2025-26,2026,Regular Season,1610612744,GSW
48:00,94,96,9,22.0,13,190,12,19,4.0,6.0,1.0,2.0,16,32,2.0,5,6,1.0,,8,25,1.0,1.0,3.0,30,56,11,31,12,105,6.0,9,2.0,,15,3.0,4.0,1.0,3,3.0,12,26,34,27,6.0,6.0,25,8,5,,13,9,22,6,4,9.0,53,4,11,14,14,2.0,30,15,45,1.0,9,8.0,1.0,10,2.0,5.0,5,,5.0,,1.0,15,4.0,1.0,9,21,,15,,1.0,3.0,17,1.0,,7,2.0,6.0,5.0,6,3.0,90,12,9,3.0,2.0,0.4333333333333333,0.4814814814814814,0.8181818181818182,0.3548387096774194,0.3333333333333333,0.3548387096774194,0.5357142857142857,0.6666666666666666,0.75,0.5344827586206896,0.6818181818181818,0.6428571428571429,0.5526315789473685,0.6818181818181818,0.6666666666666666,0.3563218390804598,,0.0892857142857142,0.1578947368421052,0.0625,,0.6666666666666666,1.0,0.5833333333333334,0.4230769230769231,0.6666666666666666,0.2105263157894736,0.6222222222222222,0.3333333333333333,0.4285714285714285,0.4375,0.3333333333333333,0.25,,0.4166666666666667,0.6666666666666666,1.0,0.6,0.8333333333333334,0.025,95.0,0.5,15.291489361702128,15.027083333333332,14.75,14.466666666666669,0.2183908045977011,0.631578947368421,0.75,0.3333333333333333,0.367816091954023,0.5,0.5333333333333333,0.5625,0.057471264367816,0.4,0.4,0.0689655172413793,0.2873563218390804,0.32,0.32,0.75,0.5454545454545454,0.6666666666666666,,0.0909090909090909,0.0909090909090909,0.2857142857142857,0.5,,0.4285714285714285,0.3333333333333333,0.5747126436781609,0.32,0.5008103448275862,0.553665,0.4828285714285714,0.075268817204301,0.1129032258064516,0.1428571428571428,0.1142857142857142,6.664285714285714,26.287096774193547,0.0957446808510638,2026-04-07,22501154,SAC,3.0,,,1.0,1.0,3.0,,1.0,1.0,,1.0,,0.5,,0.5,0.5,1.0,,1.0,1.0,,,,,,,,,,,,,,,,2025-26,2026,Regular Season,1610612744,GSW
48:00,90,93,4,7.0,9,183,12,14,3.0,3.0,1.0,1.0,15,26,6.0,11,9,,1.0,12,20,1.0,1.0,1.0,33,51,16,29,5,119,4.0,6,1.0,2.0,10,1.0,3.0,1.0,2,,5,46,20,42,6.0,6.0,20,12,2,,23,14,37,10,8,10.0,88,2,7,13,12,,25,9,34,1.0,14,9.0,5.0,8,5.0,6.0,11,2.0,2.0,1.0,,19,3.0,1.0,4,12,1.0,6,,1.0,,8,2.0,2.0,4,,3.0,2.0,3,1.0,109,5,4,,,0.696969696969697,0.7666666666666667,0.875,0.5517241379310345,0.5,0.5517241379310345,0.6470588235294118,0.6666666666666666,0.3333333333333333,0.7125,0.5714285714285714,0.5,0.7134146341463414,0.625,0.5,0.3625,,0.0392156862745098,,0.0769230769230769,,0.4210526315789473,,0.631578947368421,0.4375,0.5909090909090909,0.1538461538461538,0.6097560975609756,0.3103448275862069,1.0,0.5,,0.125,0.2,0.5,0.6363636363636364,0.75,0.5789473684210527,0.6666666666666666,0.0357142857142857,91.5,0.3333333333333333,15.276666666666667,16.183870967741935,14.765555555555556,15.74731182795699,0.175,0.8571428571428571,0.8571428571428571,0.6666666666666666,0.325,0.5769230769230769,0.625,0.6666666666666666,0.1375,0.5454545454545454,0.5454545454545454,0.1125,0.25,0.6,0.6,0.8333333333333334,0.4285714285714285,1.0,,,0.1428571428571428,0.2,1.0,0.2,0.2,1.0,0.5375,0.6,0.5188937499999999,0.4874583333333333,0.54624,0.048780487804878,0.0754716981132075,0.0840336134453781,0.042016806722689,8.870588235294116,25.479310344827585,0.0444444444444444,2026-04-09,22501170,LAL,4.0,,,,,4.0,5.0,,,,1.0,1.0,,0.8333333333333334,0.4444444444444444,0.4444444444444444,1.0,,,,,,,,,,,1.0,,,,,,,,2025-26,2026,Regular Season,1610612744,GSW
48:00,101,102,22,45.0,16,203,8,9,4.0,5.0,2.0,2.0,14,31,2.0,5,7,,1.0,14,37,4.0,2.0,5.0,24,45,17,44,25,124,6.0,10,4.0,3.0,21,5.0,9.0,2.0,6,10.0,26,22,26,42,9.0,8.0,37,14,3,1.0,11,14,25,11,3,6.0,64,9,9,19,15,,34,18,52,3.0,10,8.0,2.0,12,1.0,7.0,4,1.0,5.0,,1.0,16,1.0,2.0,12,21,1.0,22,,,1.0,34,2.0,3.0,11,4.0,4.0,,6,4.0,103,26,22,2.0,3.0,0.4583333333333333,0.55,0.8235294117647058,0.3863636363636363,0.3333333333333333,0.3863636363636363,0.5333333333333333,0.6,0.5555555555555556,0.5561797752808989,0.6428571428571429,0.5333333333333333,0.5922330097087378,0.65625,0.65,0.4943820224719101,0.0227272727272727,0.0666666666666666,,0.0967741935483871,0.027027027027027,0.75,,0.75,0.4285714285714285,0.8636363636363636,0.3333333333333333,0.8095238095238095,0.375,1.0,0.4117647058823529,0.3333333333333333,0.3478260869565217,0.25,,0.7368421052631579,1.0,0.8571428571428571,1.0,0.0681818181818181,101.5,0.6666666666666666,14.394059405940594,13.98235294117647,13.65049504950495,13.659803921568628,0.1011235955056179,0.8888888888888888,0.8888888888888888,0.375,0.348314606741573,0.4516129032258064,0.5,0.4285714285714285,0.0561797752808988,0.4,0.4,0.0786516853932584,0.4157303370786517,0.3783783783783784,0.3888888888888889,0.7857142857142857,0.3571428571428571,0.8,,,0.2857142857142857,0.1333333333333333,1.0,0.0666666666666666,0.3333333333333333,0.4,0.5955056179775281,0.3783783783783784,0.4962955056179775,0.51728125,0.47073,0.1212121212121212,0.2037037037037037,0.1693548387096774,0.2096774193548387,8.068888888888889,26.997727272727275,0.2178217821782178,2026-04-10,22501184,SAC,3.0,,,2.0,2.0,3.0,2.0,,,,4.0,,0.5,1.0,0.4285714285714285,0.4285714285714285,1.0,,0.5,1.0,,,,1.0,,0.0222222222222222,,,,,,2.0,2.0,,,2025-26,2026,Regular Season,1610612744,GSW
48:00,92,94,22,30.0,14,186,22,29,5.0,9.0,4.0,5.0,6,17,,4,4,1.0,2.0,14,35,2.0,4.0,7.0,28,50,14,39,17,115,6.0,12,3.0,3.0,18,6.0,8.0,4.0,9,8.0,32,30,26,36,6.0,8.0,35,14,3,,15,12,27,12,11,4.0,66,7,8,18,14,3.0,35,16,51,,3,2.0,1.0,3,1.0,,7,2.0,3.0,,1.0,10,,1.0,11,24,1.0,21,,5.0,2.0,19,3.0,,8,3.0,4.0,1.0,4,2.0,97,32,22,4.0,3.0,0.5357142857142857,0.625,0.8571428571428571,0.358974358974359,0.4444444444444444,0.358974358974359,0.56,0.5,0.75,0.550561797752809,0.5,0.7058823529411765,0.5927835051546392,0.5625,0.7619047619047619,0.4382022471910112,,0.06,0.0344827586206896,0.1176470588235294,,0.3,1.0,0.6363636363636364,0.3636363636363636,0.6428571428571429,0.28,0.64,0.3191489361702128,0.2857142857142857,0.5454545454545454,,0.1904761904761904,0.75,0.7142857142857143,0.6,0.6,0.6666666666666666,0.5714285714285714,,93.0,0.5,15.485869565217392,15.48191489361702,14.518478260869566,14.896808510638298,0.3258426966292135,0.7586206896551724,0.7857142857142857,0.5,0.1910112359550561,0.3529411764705882,0.4,0.6666666666666666,0.0449438202247191,,,0.0449438202247191,0.3932584269662921,0.4,0.4,0.8571428571428571,0.6,0.5555555555555556,0.2,0.0666666666666666,0.1333333333333333,0.2941176470588235,0.8,0.1176470588235294,0.4117647058823529,0.5714285714285714,0.7640449438202247,0.4,0.5509,0.543625,0.5276411764705883,0.0851063829787234,0.1454545454545454,0.1565217391304348,0.2782608695652174,5.024,26.3,0.2391304347826087,2026-04-12,22501199,LAC,,,,1.0,1.0,,,2.0,3.0,,3.0,,0.3333333333333333,,,,,,0.5,,,1.0,,,0.5,,,,,,,,,,,2025-26,2026,Regular Season,1610612744,GSW
