Minutes,OffPoss,DefPoss,PenaltyOffPoss,PenaltyDefPoss,SecondChanceOffPoss,TotalPoss,AtRimFGM,AtRimFGA,SecondChanceAtRimFGM,SecondChanceAtRimFGA,ShortMidRangeFGM,ShortMidRangeFGA,LongMidRangeFGM,LongMidRangeFGA,Corner3FGM,Corner3FGA,SecondChanceCorner3FGM,SecondChanceCorner3FGA,Arc3FGM,Arc3FGA,SecondChanceArc3FGM,SecondChanceArc3FGA,PenaltyArc3FGM,PenaltyArc3FGA,FG2M,FG2A,FG3M,FG3A,FtPoints,Points,SecondChanceFG2M,SecondChanceFG2A,SecondChanceFG3M,SecondChanceFG3A,SecondChancePoints,PenaltyFG2M,PenaltyFG2A,PenaltyFG3M,PenaltyFG3A,PenaltyFtPoints,PenaltyPoints,PtsAssisted2s,PtsUnassisted2s,PtsAssisted3s,PtsUnassisted3s,PtsPutbacks,NonHeaveArc3FGA,NonHeaveArc3FGM,Fg2aBlocked,TwoPtAssists,ThreePtAssists,Assists,Arc3Assists,Corner3Assists,AtRimAssists,ShortMidRangeAssists,LongMidRangeAssists,AssistPoints,OffThreePtRebounds,OffTwoPtRebounds,DefThreePtRebounds,DefTwoPtRebounds,FTDefRebounds,DefRebounds,OffRebounds,Rebounds,SelfOReb,Steals,BadPassSteals,LostBallSteals,LiveBallTurnovers,BadPassOutOfBoundsTurnovers,BadPassTurnovers,DeadBallTurnovers,LostBallOutOfBoundsTurnovers,LostBallTurnovers,Travels,Turnovers,SecondChanceTurnovers,PenaltyTurnovers,ShootingFouls,Fouls,Loose Ball Fouls,FoulsDrawn,Charge Fouls Drawn,Loose Ball Fouls Drawn,Offensive Fouls Drawn,FTA,2pt And 1 Free Throw Trips,3pt And 1 Free Throw Trips,TwoPtShootingFoulsDrawn,ThreePtShootingFoulsDrawn,NonShootingFoulsDrawn,Blocked2s,BlockedAtRim,BlockedShortMidRange,Blocks,FirstChancePoints,PenaltyPointsExcludingTakeFouls,PenaltyOffPossExcludingTakeFouls,NonShootingPenaltyNonTakeFouls,NonShootingPenaltyNonTakeFoulsDrawn,Assisted2sPct,NonPutbacksAssisted2sPct,Assisted3sPct,Fg3Pct,SecondChanceFg3Pct,PenaltyFg3Pct,NonHeaveFg3Pct,Fg2Pct,SecondChanceFg2Pct,PenaltyFg2Pct,EfgPct,SecondChanceEfgPct,PenaltyEfgPct,TsPct,SecondChanceTsPct,PenaltyTsPct,FG3APct,FG2APctBlocked,AtRimPctBlocked,ShortMidRangePctBlocked,LongMidRangePctBlocked,LiveBallTurnoverPct,DefFTReboundPct,DefTwoPtReboundPct,OffTwoPtReboundPct,DefThreePtReboundPct,OffThreePtReboundPct,DefFGReboundPct,OffFGReboundPct,OffShortMidRangeReboundPct,OffLongMidRangeReboundPct,OffArc3ReboundPct,OffCorner3ReboundPct,DefAtRimReboundPct,DefShortMidRangeReboundPct,DefLongMidRangeReboundPct,DefArc3ReboundPct,DefCorner3ReboundPct,SelfORebPct,Pace,SecondsPerPossOff,SecondsPerPossDef,SecondsExcludingORebsPerPossOff,SecondsExcludingORebsPerPossDef,AtRimFrequency,AtRimAccuracy,UnblockedAtRimAccuracy,AtRimPctAssisted,ShortMidRangeFrequency,ShortMidRangeAccuracy,UnblockedShortMidRangeAccuracy,ShortMidRangePctAssisted,LongMidRangeFrequency,LongMidRangeAccuracy,UnblockedLongMidRangeAccuracy,LongMidRangePctAssisted,Corner3Frequency,Corner3Accuracy,UnblockedCorner3Accuracy,Corner3PctAssisted,Arc3Frequency,Arc3Accuracy,UnblockedArc3Accuracy,Arc3PctAssisted,SecondChanceAtRimFrequency,SecondChanceAtRimAccuracy,SecondChanceCorner3Frequency,SecondChanceCorner3Accuracy,SecondChanceCorner3PctAssisted,SecondChanceArc3Frequency,SecondChanceArc3Accuracy,SecondChanceArc3PctAssisted,PenaltyArc3Frequency,PenaltyArc3Accuracy,AtRimFG3AFrequency,NonHeaveArc3Accuracy,ShotQualityAvg,SecondChanceShotQualityAvg,PenaltyShotQualityAvg,ShootingFoulsDrawnPct,TwoPtShootingFoulsDrawnPct,ThreePtShootingFoulsDrawnPct,SecondChancePointsPct,PenaltyPointsPct,Avg2ptShotDistance,Avg3ptShotDistance,PenaltyOffPossPct,Date,GameId,Opponent,PenaltyAtRimFGM,PenaltyAtRimFGA,PenaltyCorner3FGM,PenaltyCorner3FGA,SecondChanceFtPoints,FTOffRebounds,Offensive Fouls,Technical Free Throw Trips,RecoveredBlocks,Defensive 3 Seconds Violations,OffFTReboundPct,OffAtRimReboundPct,BlocksRecoveredPct,PenaltyAtRimFrequency,PenaltyAtRimAccuracy,PenaltyCorner3Frequency,PenaltyCorner3Accuracy,Fg3aBlocked,DefensiveGoaltends,FG3APctBlocked,Corner3PctBlocked,SecondChanceAtRimPctAssisted,BlockedLongMidRange,Arc3PctBlocked,StepOutOfBoundsTurnovers,Blocked3s,BlockedArc3,OffensiveGoaltends,Charge Fouls,BlockedCorner3,Clear Path Fouls,Season,year,SeasonType,team_id,team
58:00,112,113,15.0,29,12,225,18,22,2.0,3.0,7,17,8.0,13,2.0,11,1.0,2.0,11,41,1.0,5.0,3.0,7.0,33,52,13,52,20,125,3.0,8.0,2.0,7.0,12.0,1.0,4.0,3.0,7.0,5.0,16.0,36,30,33,6.0,2.0,41,11,5,18,11,29,9,2.0,9,5.0,4.0,69,7.0,8,16,12,1.0,29,15,44,1.0,12,7.0,5.0,6,3.0,3.0,6,1.0,3.0,1.0,12,1.0,3.0,14,27,6.0,26,2.0,3.0,3.0,25,2.0,1.0,12,1.0,1.0,4.0,2.0,2.0,4.0,113,16.0,15.0,3.0,1.0,0.5454545454545454,0.5625,0.8461538461538461,0.25,0.2857142857142857,0.4285714285714285,0.25,0.6346153846153846,0.375,0.25,0.5048076923076923,0.4,0.5,0.5434782608695652,0.4,0.5714285714285714,0.5,0.0961538461538461,0.1363636363636363,0.0588235294117647,0.0769230769230769,0.5,1.0,0.5454545454545454,0.4444444444444444,0.5517241379310345,0.1842105263157894,0.5490196078431373,0.2678571428571428,0.6,0.5,0.1379310344827586,0.3333333333333333,0.2857142857142857,0.7142857142857143,0.625,0.5882352941176471,0.5,0.0196078431372549,93.10344827586202,13.916071428571428,17.003539823008868,12.886607142857144,15.77168141592922,0.2115384615384615,0.8181818181818182,0.9473684210526316,0.5,0.1634615384615384,0.4117647058823529,0.4375,0.7142857142857143,0.125,0.6153846153846154,0.6666666666666666,0.5,0.1057692307692307,0.1818181818181818,0.1818181818181818,1.0,0.3942307692307692,0.2682926829268293,0.2682926829268293,0.8181818181818182,0.2,0.6666666666666666,0.1333333333333333,0.5,1.0,0.3333333333333333,0.2,1.0,0.6363636363636364,0.4285714285714285,0.7115384615384616,0.2682926829268293,0.5355264423076923,0.456895,0.4645090909090909,0.1140350877192982,0.1935483870967742,0.0192307692307692,0.096,0.128,8.517307692307693,24.97307692307692,0.1339285714285714,2025-10-21,22500001,OKC,,,,,,,,,,,,,,,,,,,,,,,,,,,,,,,,2025-26,2026,Regular Season,1610612745,HOU
48:00,99,100,33.0,61,16,199,18,28,5.0,7.0,7,17,1.0,6,3.0,10,1.0,3.0,13,29,3.0,6.0,1.0,7.0,26,51,16,39,15,115,6.0,9.0,4.0,9.0,25.0,11.0,16.0,3.0,10.0,10.0,41.0,24,28,42,6.0,10.0,29,13,2,12,14,26,11,3.0,8,4.0,,66,7.0,11,6,26,5.0,37,19,56,3.0,6,2.0,4.0,14,1.0,10.0,4,,4.0,,18,,4.0,16,31,3.0,24,,5.0,2.0,23,,,4,1.0,5.0,11.0,3.0,8.0,11.0,90,39.0,32.0,7.0,4.0,0.4615384615384615,0.5714285714285714,0.875,0.4102564102564102,0.4444444444444444,0.3,0.4102564102564102,0.5098039215686274,0.6666666666666666,0.6875,0.5555555555555556,0.6666666666666666,0.5961538461538461,0.57,0.6578947368421053,0.625,0.4333333333333333,0.0392156862745098,0.0714285714285714,,,0.7777777777777778,0.8333333333333334,0.6666666666666666,0.44,0.6,0.3181818181818182,0.6530612244897959,0.3829787234042553,0.3,0.2,0.2,0.5714285714285714,0.6153846153846154,0.7619047619047619,0.4,0.6666666666666666,,0.0666666666666666,99.5,14.792929292929292,14.155,13.757575757575758,13.425,0.3111111111111111,0.6428571428571429,0.6923076923076923,0.4444444444444444,0.1888888888888888,0.4117647058823529,0.4117647058823529,0.5714285714285714,0.0666666666666666,0.1666666666666666,0.1666666666666666,,0.1111111111111111,0.3,0.3,1.0,0.3222222222222222,0.4482758620689655,0.4482758620689655,0.8461538461538461,0.3888888888888889,0.7142857142857143,0.1666666666666666,0.3333333333333333,1.0,0.3333333333333333,0.5,1.0,0.2692307692307692,0.1428571428571428,0.7444444444444445,0.4482758620689655,0.5336144444444445,0.5469625,0.5103173076923077,0.0526315789473684,0.0727272727272727,0.025,0.217391304347826,0.3565217391304348,6.137254901960785,25.97435897435897,0.3333333333333333,2025-10-24,22500093,DET,6.0,6.0,2.0,3.0,1.0,1.0,1.0,2.0,9.0,1.0,0.3333333333333333,0.7,0.8181818181818182,0.2307692307692307,1.0,0.1153846153846153,0.6666666666666666,,,,,,,,,,,,,,,2025-26,2026,Regular Season,1610612745,HOU
48:00,93,92,26.0,31,14,185,19,27,8.0,9.0,5,14,2.0,6,3.0,12,,1.0,12,30,1.0,3.0,2.0,9.0,26,47,15,42,12,109,8.0,10.0,1.0,4.0,23.0,7.0,11.0,2.0,12.0,8.0,28.0,18,34,39,6.0,12.0,30,12,3,9,13,22,10,3.0,6,2.0,1.0,57,7.0,8,10,12,1.0,23,16,39,1.0,3,1.0,2.0,10,,5.0,4,,5.0,,14,,3.0,10,24,5.0,22,,,2.0,18,3.0,,9,,2.0,,,,,86,28.0,26.0,5.0,1.0,0.3461538461538461,0.45,0.8666666666666667,0.3571428571428571,0.25,0.1666666666666666,0.3571428571428571,0.5531914893617021,0.8,0.6363636363636364,0.5449438202247191,0.6785714285714286,0.4347826086956521,0.5618556701030928,0.71875,0.5,0.4719101123595505,0.0638297872340425,0.1111111111111111,,,0.7142857142857143,0.5,0.6,0.3809523809523809,0.6666666666666666,0.3043478260869565,0.6285714285714286,0.3409090909090909,0.4444444444444444,0.5,0.2,0.5,0.4285714285714285,0.75,0.6,0.7,0.6,0.024390243902439,92.49999999999994,15.988172043010753,15.142391304347848,15.4,14.359782608695673,0.3033707865168539,0.7037037037037037,0.7916666666666666,0.3157894736842105,0.1573033707865168,0.3571428571428571,0.3571428571428571,0.4,0.0674157303370786,0.3333333333333333,0.3333333333333333,0.5,0.1348314606741573,0.25,0.2727272727272727,1.0,0.3370786516853932,0.4,0.4,0.8333333333333334,0.6428571428571429,0.8888888888888888,0.0714285714285714,,,0.2142857142857142,0.3333333333333333,1.0,0.391304347826087,0.2222222222222222,0.7752808988764045,0.4,0.5345488372093024,0.54538,0.5130619047619047,0.0947368421052631,0.1698113207547169,,0.2110091743119266,0.2568807339449541,5.859574468085106,24.925641025641028,0.2795698924731182,2025-10-27,22500116,BKN,4.0,5.0,,3.0,4.0,1.0,2.0,,,,0.3333333333333333,0.25,,0.217391304347826,0.8,0.1304347826086956,,1.0,1.0,0.0238095238095238,0.0833333333333333,0.125,,,,,,,,,,2025-26,2026,Regular Season,1610612745,HOU
48:00,99,101,17.0,43,5,200,11,18,1.0,1.0,8,22,3.0,5,4.0,10,,,17,31,3.0,3.0,3.0,6.0,22,45,21,41,14,121,1.0,2.0,3.0,3.0,11.0,3.0,11.0,4.0,8.0,2.0,20.0,24,20,51,12.0,2.0,31,17,7,12,17,29,14,3.0,8,3.0,1.0,75,2.0,4,8,10,1.0,19,6,25,2.0,6,2.0,4.0,9,,8.0,1,,1.0,,10,,1.0,11,26,2.0,16,,,1.0,19,1.0,,10,,,2.0,2.0,,2.0,110,20.0,17.0,7.0,,0.5454545454545454,0.5714285714285714,0.8095238095238095,0.5121951219512195,1.0,0.5,0.5121951219512195,0.4888888888888889,0.5,0.2727272727272727,0.622093023255814,1.1,0.4736842105263157,0.6368421052631579,1.1,0.5,0.4767441860465116,0.1555555555555555,0.2222222222222222,0.1363636363636363,,0.9,1.0,0.5,0.1739130434782608,0.4705882352941176,0.1,0.4864864864864865,0.1395348837209302,0.2142857142857142,,0.0714285714285714,0.1666666666666666,0.375,0.8,0.4285714285714285,0.4166666666666667,0.6,0.0571428571428571,100.0,13.733333333333333,15.053465346534654,13.48989898989899,14.363366336633664,0.2093023255813953,0.6111111111111112,0.7857142857142857,0.7272727272727273,0.2558139534883721,0.3636363636363636,0.4210526315789473,0.375,0.0581395348837209,0.6,0.6,0.3333333333333333,0.1162790697674418,0.4,0.4444444444444444,0.75,0.3604651162790697,0.5483870967741935,0.5483870967741935,0.8235294117647058,0.2,1.0,,,,0.6,1.0,1.0,0.3157894736842105,0.5,0.686046511627907,0.5483870967741935,0.5503388235294118,0.51454,0.5342194444444445,0.1052631578947368,0.1851851851851851,,0.0909090909090909,0.1652892561983471,7.095555555555555,25.555,0.1717171717171717,2025-10-29,22500131,TOR,3.0,4.0,1.0,2.0,,,1.0,,1.0,,,0.1428571428571428,0.5,0.2105263157894736,0.75,0.1052631578947368,0.5,1.0,,0.024390243902439,0.1,,,,,,,,,,,2025-26,2026,Regular Season,1610612745,HOU
48:00,96,98,4.0,29,15,194,17,28,3.0,7.0,7,21,2.0,10,6.0,13,2.0,4.0,8,32,1.0,2.0,,2.0,26,59,14,45,7,101,5.0,11.0,3.0,6.0,21.0,,1.0,,3.0,2.0,2.0,24,28,36,6.0,4.0,32,8,11,12,12,24,6,6.0,10,2.0,,60,13.0,6,8,12,4.0,24,19,43,,9,7.0,2.0,6,,5.0,4,,1.0,2.0,10,1.0,1.0,17,25,2.0,14,,,3.0,7,2.0,,4,,,2.0,,2.0,2.0,80,2.0,4.0,1.0,,0.4615384615384615,0.5,0.8571428571428571,0.3111111111111111,0.5,,0.3111111111111111,0.4406779661016949,0.4545454545454545,,0.4519230769230769,0.5588235294117647,,0.4716981132075472,0.5833333333333334,0.2,0.4326923076923077,0.1864406779661017,0.1785714285714285,0.238095238095238,0.1,0.6,1.0,0.5,0.1818181818181818,0.8,0.4482758620689655,0.5882352941176471,0.3064516129032258,0.2142857142857142,,0.5217391304347826,0.1666666666666666,0.6666666666666666,0.5,0.4,0.75,1.0,,96.99999999999994,15.754166666666686,13.955102040816326,14.542708333333351,13.487755102040817,0.2692307692307692,0.6071428571428571,0.7391304347826086,0.5882352941176471,0.2019230769230769,0.3333333333333333,0.4375,0.2857142857142857,0.0961538461538461,0.2,0.2222222222222222,,0.125,0.4615384615384615,0.4615384615384615,1.0,0.3076923076923077,0.25,0.25,0.75,0.4117647058823529,0.4285714285714285,0.2352941176470588,0.5,1.0,0.1176470588235294,0.5,,0.5,,0.7019230769230769,0.25,0.52865,0.4906583333333333,0.4404999999999999,0.0377358490566037,0.0655737704918032,,0.2079207920792079,0.0198019801980198,7.062711864406779,25.8,0.0416666666666666,2025-11-01,22500146,BOS,,,,1.0,2.0,,2.0,1.0,2.0,1.0,,0.2727272727272727,1.0,,,0.25,,,,,,0.3333333333333333,,,,,,,,,,2025-26,2026,Regular Season,1610612745,HOU
48:00,101,102,13.0,24,11,203,18,24,2.0,4.0,11,21,2.0,8,2.0,9,,2.0,7,28,,3.0,,3.0,31,53,9,37,13,102,2.0,4.0,,5.0,6.0,1.0,4.0,,5.0,3.0,5.0,42,20,27,,4.0,28,7,6,21,9,30,7,2.0,12,7.0,2.0,69,6.0,6,13,18,4.0,35,12,47,1.0,12,10.0,2.0,9,2.0,6.0,6,2.0,3.0,,15,2.0,4.0,13,25,3.0,17,,2.0,2.0,20,1.0,,9,1.0,,6.0,3.0,2.0,6.0,96,5.0,13.0,2.0,,0.6774193548387096,0.7241379310344828,1.0,0.2432432432432432,,,0.2432432432432432,0.5849056603773585,0.5,0.25,0.4944444444444444,0.2222222222222222,0.1111111111111111,0.5151515151515151,0.3,0.2272727272727272,0.4111111111111111,0.1132075471698113,0.125,0.1428571428571428,,0.6,0.6666666666666666,0.6666666666666666,0.2727272727272727,0.6190476190476191,0.2222222222222222,0.6458333333333334,0.2448979591836734,0.4,,0.25,0.1428571428571428,0.7,0.75,0.4,0.5294117647058824,1.0,0.0238095238095238,101.5,12.956435643564356,15.405882352941177,12.46138613861386,14.474509803921569,0.2666666666666666,0.75,0.8571428571428571,0.6666666666666666,0.2333333333333333,0.5238095238095238,0.6111111111111112,0.6363636363636364,0.0888888888888888,0.25,0.25,1.0,0.1,0.2222222222222222,0.2222222222222222,1.0,0.3111111111111111,0.25,0.2592592592592592,1.0,0.4444444444444444,0.5,0.2222222222222222,,,0.3333333333333333,,,0.3333333333333333,,0.6777777777777778,0.25,0.5501870786516854,0.5648,0.458475,0.101010101010101,0.1475409836065573,0.0263157894736842,0.0588235294117647,0.0490196078431372,6.945283018867925,25.09722222222222,0.1287128712871287,2025-11-03,22500160,DAL,,1.0,,2.0,2.0,,2.0,,6.0,1.0,,0.3333333333333333,1.0,0.1111111111111111,,0.2222222222222222,,1.0,,0.027027027027027,,,1.0,0.0357142857142857,,,,,,,,2025-26,2026,Regular Season,1610612745,HOU
48:00,103,105,30.0,23,14,208,12,20,3.0,7.0,5,25,4.0,5,1.0,8,,,12,31,1.0,1.0,3.0,13.0,21,50,13,39,28,109,5.0,11.0,1.0,1.0,21.0,6.0,9.0,3.0,17.0,10.0,31.0,26,16,36,3.0,4.0,31,12,3,13,12,25,11,1.0,8,3.0,2.0,62,7.0,9,12,22,3.0,37,16,53,3.0,10,6.0,4.0,9,4.0,5.0,6,2.0,4.0,,15,,2.0,9,19,2.0,21,,,1.0,35,2.0,,16,1.0,1.0,9.0,5.0,4.0,9.0,88,31.0,30.0,1.0,1.0,0.6190476190476191,0.6842105263157895,0.9230769230769232,0.3333333333333333,1.0,0.1764705882352941,0.3333333333333333,0.42,0.4545454545454545,0.6666666666666666,0.4550561797752809,0.5416666666666666,0.4038461538461538,0.5190476190476191,0.65625,0.484375,0.4382022471910112,0.06,0.05,0.08,,0.6,1.0,0.6285714285714286,0.3103448275862069,0.7058823529411765,0.28,0.6538461538461539,0.2962962962962963,0.2,1.0,0.2631578947368421,0.3333333333333333,0.5714285714285714,0.65,0.625,0.6666666666666666,0.8,0.0588235294117647,104.0,12.28640776699029,15.376190476190477,11.87378640776699,14.526666666666666,0.2247191011235955,0.6,0.631578947368421,0.6666666666666666,0.2808988764044944,0.2,0.217391304347826,0.6,0.0561797752808988,0.8,0.8,0.5,0.0898876404494382,0.125,0.125,1.0,0.348314606741573,0.3870967741935484,0.3870967741935484,0.9166666666666666,0.5833333333333334,0.4285714285714285,,,,0.0833333333333333,1.0,1.0,0.5,0.2307692307692307,0.6629213483146067,0.3870967741935484,0.5268876404494383,0.5046142857142858,0.4964173076923077,0.1634615384615384,0.25,0.025,0.1926605504587156,0.2844036697247706,6.696000000000001,25.243589743589745,0.2912621359223301,2025-11-05,22500176,MEM,2.0,2.0,,4.0,8.0,,,,6.0,,,0.5,0.6666666666666666,0.0769230769230769,1.0,0.1538461538461538,,,,,,0.3333333333333333,,,,,,,,,,2025-26,2026,Regular Season,1610612745,HOU
48:00,100,99,30.0,17,18,199,17,29,5.0,6.0,3,7,2.0,6,5.0,10,2.0,2.0,13,35,3.0,4.0,1.0,7.0,22,42,18,45,23,121,7.0,9.0,5.0,6.0,33.0,6.0,11.0,2.0,10.0,15.0,33.0,26,18,51,3.0,6.0,35,13,4,13,17,30,12,5.0,10,1.0,2.0,77,9.0,10,9,18,1.0,28,19,47,1.0,15,13.0,2.0,12,2.0,4.0,9,,8.0,2.0,21,2.0,7.0,10,19,,24,1.0,3.0,1.0,25,1.0,1.0,8,1.0,4.0,3.0,2.0,1.0,4.0,88,31.0,29.0,1.0,2.0,0.5909090909090909,0.6842105263157895,0.9444444444444444,0.4,0.8333333333333334,0.2,0.4,0.5238095238095238,0.7777777777777778,0.5454545454545454,0.5632183908045977,0.9666666666666668,0.4285714285714285,0.6122448979591837,0.9705882352941176,0.5892857142857143,0.5172413793103449,0.0952380952380952,0.1379310344827586,,,0.5714285714285714,1.0,0.5625,0.5,0.6428571428571429,0.3461538461538461,0.5869565217391305,0.4130434782608695,0.5,0.5,0.3809523809523809,0.2,0.4444444444444444,0.75,0.4545454545454545,0.6666666666666666,0.6,0.0238095238095238,99.5,13.804,15.147474747474746,13.177,14.568686868686868,0.3333333333333333,0.5862068965517241,0.68,0.5882352941176471,0.0804597701149425,0.4285714285714285,0.4285714285714285,0.3333333333333333,0.0689655172413793,0.3333333333333333,0.3333333333333333,1.0,0.1149425287356321,0.5,0.5,1.0,0.4022988505747126,0.3714285714285714,0.3714285714285714,0.9230769230769232,0.4,0.8333333333333334,0.1333333333333333,1.0,1.0,0.2666666666666666,0.75,1.0,0.3333333333333333,0.1428571428571428,0.8505747126436781,0.3714285714285714,0.5810270114942528,0.5877625,0.5627047619047619,0.0957446808510638,0.1632653061224489,0.0222222222222222,0.2727272727272727,0.2727272727272727,4.752380952380952,25.226666666666667,0.3,2025-11-07,22500032,SAS,5.0,7.0,1.0,3.0,4.0,,2.0,1.0,2.0,,,0.5,0.5,0.3333333333333333,0.7142857142857143,0.1428571428571428,0.3333333333333333,,,,,0.4,,,2.0,1.0,1.0,,,,,2025-26,2026,Regular Season,1610612745,HOU
48:00,97,95,23.0,11,8,192,22,30,3.0,3.0,4,8,5.0,12,2.0,6,,,11,24,,,2.0,5.0,31,50,13,30,14,115,4.0,4.0,,,10.0,5.0,10.0,2.0,5.0,4.0,20.0,26,36,36,3.0,6.0,24,11,3,13,12,25,10,2.0,10,2.0,1.0,62,5.0,3,10,10,1.0,21,8,29,,11,6.0,5.0,8,2.0,4.0,5,,4.0,,13,,4.0,10,20,,19,,,2.0,24,4.0,,12,,2.0,6.0,4.0,2.0,6.0,105,20.0,23.0,2.0,2.0,0.4193548387096774,0.4642857142857143,0.9230769230769232,0.4333333333333333,,0.4,0.4333333333333333,0.62,1.0,0.5,0.63125,1.0,0.5333333333333333,0.6388888888888888,0.7142857142857143,0.5263157894736842,0.375,0.06,0.0666666666666666,0.125,,0.6153846153846154,1.0,0.3846153846153846,0.1578947368421052,0.625,0.3125,0.4761904761904761,0.2285714285714285,,,0.3333333333333333,0.25,0.3,0.375,0.5,0.8,0.3333333333333333,,95.99999999999994,13.70618556701033,16.321052631578947,13.509278350515483,15.449473684210528,0.375,0.7333333333333333,0.7857142857142857,0.4545454545454545,0.1,0.5,0.5714285714285714,0.5,0.15,0.4166666666666667,0.4166666666666667,0.2,0.075,0.3333333333333333,0.3333333333333333,1.0,0.3,0.4583333333333333,0.4583333333333333,0.9090909090909092,0.75,1.0,,,,,,,0.3333333333333333,0.4,0.75,0.4583333333333333,0.5694335443037974,0.66935,0.51205,0.1363636363636363,0.2068965517241379,,0.0869565217391304,0.1739130434782608,6.207999999999999,25.97241379310345,0.2371134020618556,2025-11-09,22500191,MIL,4.0,4.0,,,2.0,,2.0,,2.0,,,0.375,0.3333333333333333,0.2666666666666666,1.0,,,,,,,,,,,,,1.0,,,,2025-26,2026,Regular Season,1610612745,HOU
48:00,99,99,35.0,32,12,198,20,23,7.0,7.0,7,27,,4,,5,,1.0,15,33,1.0,2.0,5.0,13.0,27,54,15,38,13,112,8.0,8.0,1.0,3.0,20.0,4.0,13.0,5.0,15.0,4.0,27.0,26,28,36,9.0,14.0,33,15,6,13,12,25,12,,11,2.0,,62,5.0,7,11,15,3.0,29,12,41,1.0,6,4.0,2.0,9,1.0,6.0,3,,3.0,,12,1.0,6.0,11,22,2.0,18,,1.0,,19,3.0,1.0,9,1.0,1.0,5.0,2.0,2.0,5.0,92,27.0,35.0,2.0,1.0,0.4814814814814814,0.65,0.8,0.3947368421052631,0.3333333333333333,0.3333333333333333,0.3947368421052631,0.5,1.0,0.3076923076923077,0.5380434782608695,0.8636363636363636,0.4107142857142857,0.5656565656565656,0.9090909090909092,0.4354838709677419,0.4130434782608695,0.1111111111111111,0.0434782608695652,0.1481481481481481,0.25,0.75,0.75,0.5555555555555556,0.28,0.6111111111111112,0.217391304347826,0.5777777777777777,0.25,0.3,,0.1666666666666666,0.4,0.3636363636363636,0.6666666666666666,1.0,0.6153846153846154,0.6,0.0232558139534883,99.0,13.12828282828283,15.962626262626262,12.82020202020202,15.35252525252525,0.25,0.8695652173913043,0.9090909090909092,0.55,0.2934782608695652,0.2592592592592592,0.3043478260869565,0.2857142857142857,0.0434782608695652,,,,0.0543478260869565,,,,0.358695652173913,0.4545454545454545,0.4545454545454545,0.8,0.6363636363636364,1.0,0.0909090909090909,,,0.1818181818181818,0.5,1.0,0.4642857142857143,0.3846153846153846,0.6630434782608695,0.4545454545454545,0.517191847826087,0.5331333333333333,0.480375,0.1020408163265306,0.15,0.0263157894736842,0.1785714285714285,0.2410714285714285,6.45,26.76315789473684,0.3535353535353535,2025-11-12,22500218,WAS,2.0,2.0,,2.0,1.0,,1.0,1.0,2.0,,,0.3333333333333333,0.4,0.0714285714285714,1.0,0.0714285714285714,,,,,,,1.0,,,,,,,,,2025-26,2026,Regular Season,1610612745,HOU
48:00,99,99,33.0,20,18,198,17,30,7.0,9.0,11,20,1.0,3,2.0,4,,,11,32,3.0,3.0,3.0,10.0,29,53,13,36,19,116,9.0,12.0,3.0,3.0,33.0,8.0,15.0,3.0,11.0,10.0,35.0,18,40,27,12.0,10.0,32,11,6,9,9,18,7,2.0,6,3.0,,45,6.0,13,20,12,1.0,33,19,52,6.0,4,1.0,3.0,16,1.0,9.0,4,1.0,7.0,1.0,20,1.0,9.0,8,18,2.0,22,,1.0,,27,6.0,,15,1.0,,2.0,1.0,1.0,2.0,83,35.0,33.0,3.0,,0.3103448275862069,0.375,0.6923076923076923,0.3611111111111111,1.0,0.2727272727272727,0.3611111111111111,0.5471698113207547,0.75,0.5333333333333333,0.5449438202247191,0.9,0.4807692307692308,0.5858585858585859,0.9166666666666666,0.5833333333333334,0.4044943820224719,0.1132075471698113,0.1333333333333333,0.1,,0.8,0.5,0.48,0.5652173913043478,0.7142857142857143,0.2608695652173913,0.6037735849056604,0.4130434782608695,0.625,,0.2857142857142857,,0.2727272727272727,0.6666666666666666,0.6,0.75,0.625,0.15,98.99999999999994,13.40909090909093,15.681818181818182,12.645454545454568,14.590909090909092,0.3370786516853932,0.5666666666666667,0.6538461538461539,0.3529411764705882,0.2247191011235955,0.55,0.6111111111111112,0.2727272727272727,0.0337078651685393,0.3333333333333333,0.3333333333333333,,0.0449438202247191,0.5,0.5,1.0,0.3595505617977528,0.34375,0.34375,0.6363636363636364,0.6,0.7777777777777778,,,,0.2,1.0,0.6666666666666666,0.3846153846153846,0.3,0.7415730337078652,0.34375,0.5324741573033708,0.5419875,0.5279807692307692,0.1616161616161616,0.2419354838709677,0.027027027027027,0.2844827586206896,0.3017241379310345,5.066037735849057,25.49722222222222,0.3333333333333333,2025-11-14,22500042,POR,6.0,7.0,,1.0,6.0,,,,1.0,,,0.6153846153846154,0.5,0.2692307692307692,0.8571428571428571,0.0384615384615384,,,,,,0.1428571428571428,,,,,,,1.0,,,2025-26,2026,Regular Season,1610612745,HOU
53:00,103,104,27.0,24,11,207,7,11,,,18,35,1.0,8,3.0,6,1.0,1.0,9,33,1.0,4.0,2.0,10.0,26,54,12,39,25,113,3.0,3.0,2.0,5.0,14.0,5.0,13.0,2.0,10.0,13.0,29.0,22,30,30,6.0,2.0,33,9,4,11,10,21,7,3.0,2,8.0,1.0,52,6.0,5,6,29,2.0,37,11,48,1.0,11,8.0,3.0,4,,2.0,4,1.0,2.0,1.0,8,2.0,,13,22,1.0,23,,5.0,1.0,34,3.0,,10,,8.0,8.0,,8.0,9.0,99,26.0,25.0,2.0,5.0,0.4230769230769231,0.44,0.8333333333333334,0.3076923076923077,0.4,0.2,0.3076923076923077,0.4814814814814814,1.0,0.3846153846153846,0.4731182795698925,0.75,0.3478260869565217,0.5231481481481481,0.7777777777777778,0.453125,0.4193548387096774,0.074074074074074,0.0909090909090909,0.0857142857142857,,0.5,1.0,0.6444444444444445,0.1785714285714285,0.5454545454545454,0.24,0.625,0.2075471698113207,0.2352941176470588,0.1428571428571428,0.2272727272727272,0.3333333333333333,0.4444444444444444,0.6774193548387096,0.8,0.5,1.0,0.0204081632653061,93.73584905660373,14.55631067961165,16.160576923076942,13.716504854368932,15.256730769230789,0.1182795698924731,0.6363636363636364,0.7,0.2857142857142857,0.3763440860215054,0.5142857142857142,0.5625,0.4444444444444444,0.086021505376344,0.125,0.125,1.0,0.064516129032258,0.5,0.5,1.0,0.3548387096774194,0.2727272727272727,0.2727272727272727,0.7777777777777778,,,0.125,1.0,1.0,0.5,0.25,1.0,0.4347826086956521,0.2,0.5376344086021505,0.2727272727272727,0.4882362637362637,0.48596,0.4604833333333333,0.1,0.1639344262295081,,0.1238938053097345,0.2566371681415929,7.872222222222223,25.71891891891892,0.2621359223300971,2025-11-16,22500236,ORL,1.0,2.0,,,2.0,,,1.0,8.0,,,,0.8888888888888888,0.0869565217391304,0.5,,,,1.0,,,,,,1.0,1.0,1.0,,1.0,,,2025-26,2026,Regular Season,1610612745,HOU
48:00,96,96,38.0,17,9,192,16,25,3.0,5.0,8,16,,1,3.0,8,,,9,31,,4.0,4.0,13.0,24,42,12,39,20,104,3.0,6.0,,4.0,6.0,7.0,16.0,5.0,16.0,8.0,37.0,22,26,27,9.0,6.0,31,9,4,11,9,20,6,3.0,7,4.0,,49,9.0,2,8,22,1.0,31,11,42,3.0,4,3.0,1.0,9,1.0,5.0,3,1.0,4.0,,12,1.0,5.0,8,18,,23,,2.0,1.0,32,2.0,,15,,2.0,5.0,1.0,2.0,5.0,98,37.0,38.0,4.0,2.0,0.4583333333333333,0.5238095238095238,0.75,0.3076923076923077,,0.3125,0.3076923076923077,0.5714285714285714,0.5,0.4375,0.5185185185185185,0.3,0.453125,0.5416666666666666,0.3,0.4868421052631579,0.4814814814814814,0.0952380952380952,0.12,0.0625,,0.75,1.0,0.6470588235294118,0.1111111111111111,0.5333333333333333,0.3333333333333333,0.6122448979591837,0.2444444444444444,0.25,,0.3636363636363636,0.2,0.4545454545454545,0.7692307692307693,0.7,0.875,0.1428571428571428,0.073170731707317,96.0,13.114583333333334,16.885416666666668,12.567708333333334,15.916666666666666,0.3086419753086419,0.64,0.7272727272727273,0.4375,0.1975308641975308,0.5,0.5333333333333333,0.5,0.0123456790123456,,,,0.0987654320987654,0.375,0.375,1.0,0.382716049382716,0.2903225806451613,0.2903225806451613,0.6666666666666666,0.5,0.6,,,,0.4,,,0.40625,0.3076923076923077,0.7901234567901234,0.2903225806451613,0.5773993827160494,0.5375333333333333,0.5691234375,0.1595744680851064,0.2727272727272727,,0.0576923076923076,0.3557692307692308,4.5285714285714285,25.502564102564104,0.3958333333333333,2025-11-19,22500255,CLE,5.0,10.0,1.0,3.0,,,1.0,,3.0,,,,0.6,0.3125,0.5,0.09375,0.3333333333333333,,,,,,2.0,,,,,,,,,2025-26,2026,Regular Season,1610612745,HOU
48:00,92,94,23.0,13,8,186,15,19,,2.0,7,16,7.0,12,,2,,,11,29,2.0,4.0,2.0,6.0,29,47,11,31,21,112,,5.0,2.0,4.0,9.0,7.0,14.0,2.0,6.0,10.0,30.0,40,18,24,9.0,,29,11,2,20,8,28,8,,10,5.0,5.0,64,8.0,5,13,16,3.0,32,13,45,1.0,8,6.0,2.0,8,3.0,4.0,7,,4.0,2.0,15,2.0,1.0,7,20,2.0,22,,4.0,,27,1.0,,8,,6.0,6.0,2.0,3.0,7.0,103,23.0,19.0,3.0,2.0,0.6896551724137931,0.6896551724137931,0.7272727272727273,0.3548387096774194,0.5,0.3333333333333333,0.3548387096774194,0.6170212765957447,,0.5,0.5833333333333334,0.3333333333333333,0.5,0.6153846153846154,0.4090909090909091,0.5769230769230769,0.3974358974358974,0.0425531914893617,,0.125,,0.5333333333333333,0.75,0.5333333333333333,0.2777777777777778,0.6190476190476191,0.4444444444444444,0.5686274509803921,0.3611111111111111,0.3333333333333333,,0.4375,0.5,0.625,0.4,0.5833333333333334,0.6,0.6363636363636364,0.0294117647058823,93.0,14.584782608695653,16.363829787234042,13.704347826086956,15.442553191489363,0.2435897435897435,0.7894736842105263,0.7894736842105263,0.6666666666666666,0.2051282051282051,0.4375,0.5,0.7142857142857143,0.1538461538461538,0.5833333333333334,0.5833333333333334,0.7142857142857143,0.0256410256410256,,,,0.3717948717948718,0.3793103448275862,0.3793103448275862,0.7272727272727273,0.2222222222222222,,,,,0.4444444444444444,0.5,1.0,0.3,0.3333333333333333,0.6410256410256411,0.3793103448275862,0.5424513157894737,0.5622375,0.5007894736842106,0.0941176470588235,0.1481481481481481,,0.0803571428571428,0.2678571428571428,8.514893617021276,25.162068965517243,0.25,2025-11-21,22500054,DEN,2.0,4.0,,,3.0,,,,4.0,1.0,,0.5,0.5714285714285714,0.2,0.5,,,,,,,,1.0,,,1.0,,,1.0,1.0,,2025-26,2026,Regular Season,1610612745,HOU
48:00,92,93,20.0,23,17,185,7,11,2.0,3.0,9,20,4.0,12,,6,,2.0,13,32,1.0,1.0,3.0,5.0,20,43,13,38,13,92,5.0,7.0,1.0,3.0,13.0,3.0,9.0,3.0,6.0,8.0,23.0,8,32,21,18.0,6.0,32,13,3,4,7,11,7,,2,2.0,,29,10.0,7,11,17,2.0,30,17,47,,9,4.0,5.0,13,2.0,8.0,8,2.0,5.0,,21,7.0,3.0,8,20,2.0,20,,2.0,3.0,19,1.0,,9,,1.0,4.0,2.0,2.0,4.0,79,23.0,20.0,1.0,1.0,0.2,0.2352941176470588,0.5384615384615384,0.3421052631578947,0.3333333333333333,0.5,0.3421052631578947,0.4651162790697674,0.7142857142857143,0.3333333333333333,0.4876543209876543,0.65,0.5,0.5111111111111111,0.65,0.6052631578947368,0.4691358024691358,0.0697674418604651,0.1818181818181818,0.05,,0.6190476190476191,1.0,0.6538461538461539,0.3043478260869565,0.6111111111111112,0.4347826086956521,0.6363636363636364,0.3695652173913043,0.3636363636363636,0.25,0.5294117647058824,0.1666666666666666,0.5,0.7142857142857143,0.75,0.5333333333333333,1.0,,92.5,14.372826086956543,16.749462365591377,13.495652173913063,15.723655913978472,0.1358024691358024,0.6363636363636364,0.7777777777777778,0.2857142857142857,0.2469135802469135,0.45,0.4736842105263157,0.2222222222222222,0.1481481481481481,0.3333333333333333,0.3333333333333333,,0.074074074074074,,,,0.3950617283950617,0.40625,0.4193548387096774,0.5384615384615384,0.3,0.6666666666666666,0.2,,,0.1,1.0,1.0,0.3333333333333333,0.6,0.6049382716049383,0.40625,0.500199375,0.53745,0.4574214285714286,0.1011235955056179,0.1764705882352941,,0.1413043478260869,0.25,9.213953488372091,26.44864864864865,0.217391304347826,2025-11-24,22500290,PHX,1.0,1.0,,1.0,,,3.0,,1.0,,,0.25,0.25,0.0666666666666666,1.0,0.0666666666666666,,1.0,,0.0263157894736842,,,,0.03125,1.0,,,,,,,2025-26,2026,Regular Season,1610612745,HOU
47:59,90,92,30.0,42,13,182,15,20,3.0,3.0,6,15,2.0,4,2.0,14,1.0,4.0,10,29,,2.0,2.0,8.0,23,39,12,43,18,100,5.0,7.0,1.0,6.0,17.0,11.0,17.0,4.0,15.0,4.0,38.0,32,14,27,9.0,6.0,29,10,2,16,9,25,7,2.0,10,5.0,1.0,59,12.0,6,17,14,3.0,34,18,52,1.0,8,5.0,3.0,7,3.0,6.0,9,3.0,1.0,,16,2.0,5.0,6,26,6.0,20,1.0,1.0,,21,1.0,,8,,3.0,4.0,1.0,3.0,5.0,83,38.0,30.0,7.0,2.0,0.6956521739130435,0.8,0.75,0.2790697674418604,0.1666666666666666,0.2666666666666666,0.2790697674418604,0.5897435897435898,0.7142857142857143,0.6470588235294118,0.5,0.5,0.53125,0.5434782608695652,0.5666666666666667,0.5428571428571428,0.524390243902439,0.0512820512820512,0.1,,,0.4375,0.6,0.4375,0.375,0.6071428571428571,0.3870967741935484,0.5166666666666667,0.3829787234042553,0.2222222222222222,0.5,0.3684210526315789,0.4166666666666667,0.6,0.4666666666666667,0.1428571428571428,0.5263157894736842,0.7777777777777778,0.0227272727272727,91.00000000000006,16.057777777777755,15.595652173913043,14.959999999999978,14.090217391304348,0.2439024390243902,0.75,0.8333333333333334,0.6666666666666666,0.1829268292682926,0.4,0.4,0.8333333333333334,0.048780487804878,0.5,0.5,0.5,0.1707317073170731,0.1428571428571428,0.1428571428571428,1.0,0.3536585365853658,0.3448275862068966,0.3571428571428571,0.7,0.2307692307692307,1.0,0.3076923076923077,0.25,1.0,0.1538461538461538,,,0.25,0.25,0.7682926829268293,0.3448275862068966,0.5271231707317073,0.4369699999999999,0.531621875,0.0898876404494382,0.1739130434782608,,0.17,0.38,6.158974358974358,25.44651162790698,0.3333333333333333,2025-11-26,22500066,GSW,9.0,12.0,2.0,7.0,4.0,,2.0,,3.0,,,0.6,0.6,0.375,0.75,0.21875,0.2857142857142857,1.0,,0.0232558139534883,,,,0.0344827586206896,,1.0,1.0,,1.0,,,2025-26,2026,Regular Season,1610612745,HOU
48:00,102,101,27.0,30,10,203,11,20,4.0,6.0,17,29,2.0,7,2.0,6,,,7,27,1.0,1.0,3.0,8.0,30,56,9,33,14,101,5.0,9.0,1.0,1.0,14.0,7.0,11.0,4.0,9.0,5.0,31.0,46,14,27,,4.0,27,7,6,23,9,32,7,2.0,8,13.0,2.0,73,5.0,6,12,11,4.0,27,11,38,1.0,8,3.0,5.0,14,,6.0,3,,8.0,1.0,17,1.0,5.0,13,23,1.0,18,,2.0,2.0,15,2.0,,7,1.0,,4.0,1.0,3.0,4.0,87,31.0,27.0,4.0,,0.7666666666666667,0.8214285714285714,1.0,0.2727272727272727,1.0,0.4444444444444444,0.2727272727272727,0.5357142857142857,0.5555555555555556,0.6363636363636364,0.4887640449438202,0.65,0.65,0.531578947368421,0.7,0.6739130434782609,0.3707865168539326,0.1071428571428571,0.15,0.1034482758620689,,0.8235294117647058,1.0,0.55,0.2307692307692307,0.6,0.217391304347826,0.575,0.2244897959183673,0.25,0.2,0.1578947368421052,0.5,0.6,0.5384615384615384,0.5,0.6875,0.25,0.0232558139534883,101.49999999999994,14.16078431372551,14.213861386138612,13.788235294117666,13.660396039603958,0.2247191011235955,0.55,0.6470588235294118,0.7272727272727273,0.3258426966292135,0.5862068965517241,0.6538461538461539,0.7647058823529411,0.0786516853932584,0.2857142857142857,0.2857142857142857,1.0,0.0674157303370786,0.3333333333333333,0.3333333333333333,1.0,0.3033707865168539,0.2592592592592592,0.2692307692307692,1.0,0.6,0.6666666666666666,,,,0.1,1.0,1.0,0.4,0.375,0.5955056179775281,0.2592592592592592,0.4976698863636363,0.5333416666666667,0.4959263157894736,0.0842105263157894,0.1147540983606557,0.0294117647058823,0.1386138613861386,0.3069306930693069,7.3875,25.365625,0.2647058823529412,2025-11-30,22500301,UTA,2.0,3.0,1.0,1.0,1.0,,1.0,,2.0,,,0.2222222222222222,0.5,0.15,0.6666666666666666,0.05,1.0,1.0,,0.0303030303030303,,0.5,,0.037037037037037,,,,,,,,2025-26,2026,Regular Season,1610612745,HOU
47:59,106,108,30.0,49,15,214,6,12,3.0,5.0,20,35,5.0,8,6.0,11,,,8,25,2.0,2.0,1.0,2.0,31,55,14,36,29,133,7.0,9.0,2.0,2.0,24.0,9.0,16.0,1.0,4.0,16.0,37.0,42,20,36,6.0,8.0,25,8,8,21,12,33,6,6.0,3,14.0,4.0,78,8.0,9,19,17,5.0,41,17,58,3.0,8,3.0,5.0,6,1.0,5.0,7,,1.0,1.0,13,1.0,3.0,19,31,2.0,26,,1.0,1.0,38,1.0,,11,,8.0,4.0,1.0,3.0,4.0,109,35.0,29.0,4.0,7.0,0.6774193548387096,0.7777777777777778,0.8571428571428571,0.3888888888888889,1.0,0.25,0.3888888888888889,0.5636363636363636,0.7777777777777778,0.5625,0.5714285714285714,0.9090909090909092,0.525,0.6055045871559633,0.8571428571428571,0.5967741935483871,0.3956043956043956,0.1454545454545454,0.0833333333333333,0.2,,0.4615384615384615,0.8333333333333334,0.6071428571428571,0.375,0.76,0.3636363636363636,0.6792452830188679,0.3695652173913043,0.4666666666666667,,0.4705882352941176,,0.4,0.7333333333333333,0.5,0.8,0.6,0.0789473684210526,107.00000000000006,13.262264150943375,13.65,12.966037735849037,13.08148148148148,0.1318681318681318,0.5,0.5454545454545454,0.5,0.3846153846153846,0.5714285714285714,0.7142857142857143,0.7,0.0879120879120879,0.625,0.625,0.8,0.1208791208791208,0.5454545454545454,0.5454545454545454,1.0,0.2747252747252747,0.32,0.32,0.75,0.4545454545454545,0.6,,,,0.1818181818181818,1.0,1.0,0.1,0.5,0.5274725274725275,0.32,0.5034333333333333,0.5677428571428572,0.4573724999999999,0.1089108910891089,0.1692307692307692,,0.1804511278195488,0.2781954887218045,7.150909090909091,24.774285714285718,0.2830188679245283,2025-12-01,22500316,UTA,1.0,1.0,,2.0,4.0,,4.0,1.0,3.0,1.0,,0.3333333333333333,0.75,0.05,1.0,0.1,,,,,,,,,,,,,,,,2025-26,2026,Regular Season,1610612745,HOU
48:00,99,101,6.0,18,14,200,10,13,3.0,3.0,15,34,5.0,16,,5,,,10,29,2.0,3.0,,3.0,30,63,10,34,5,95,5.0,9.0,2.0,3.0,16.0,2.0,3.0,,4.0,1.0,5.0,30,30,18,12.0,6.0,29,10,8,15,6,21,6,,5,8.0,2.0,48,5.0,10,8,13,1.0,22,15,37,2.0,10,9.0,1.0,10,1.0,6.0,3,,4.0,,13,3.0,,11,17,,10,1.0,1.0,,10,2.0,,6,,,7.0,3.0,4.0,7.0,79,5.0,6.0,1.0,,0.5,0.5555555555555556,0.6,0.2941176470588235,0.6666666666666666,,0.2941176470588235,0.4761904761904761,0.5555555555555556,0.6666666666666666,0.4639175257731959,0.6666666666666666,0.2857142857142857,0.4702970297029702,0.6666666666666666,0.3571428571428571,0.3505154639175257,0.1269841269841269,0.0769230769230769,0.1470588235294117,0.125,0.7692307692307693,1.0,0.4193548387096774,0.303030303030303,0.7272727272727273,0.217391304347826,0.5,0.2678571428571428,0.3684210526315789,0.1818181818181818,0.2777777777777778,,0.3076923076923077,0.4666666666666667,0.6666666666666666,0.7777777777777778,0.5,0.0416666666666666,100.0,14.709090909090907,14.097029702970296,13.85050505050505,13.285148514851484,0.134020618556701,0.7692307692307693,0.8333333333333334,0.5,0.3505154639175257,0.4411764705882353,0.5172413793103449,0.5333333333333333,0.1649484536082474,0.3125,0.3571428571428571,0.4,0.0515463917525773,,,,0.2989690721649484,0.3448275862068966,0.3448275862068966,0.6,0.25,1.0,,,,0.25,0.6666666666666666,1.0,0.4285714285714285,,0.4845360824742268,0.3448275862068966,0.4798685567010309,0.5329777777777778,0.4746642857142857,0.0594059405940594,0.0895522388059701,,0.1684210526315789,0.0526315789473684,9.452380952380953,26.826470588235296,0.0606060606060606,2025-12-03,22500330,SAC,,,,1.0,,,,,3.0,,,0.3333333333333333,0.4285714285714285,,,0.1428571428571428,,,,,,,,,1.0,,,,,,,2025-26,2026,Regular Season,1610612745,HOU
47:59,97,99,14.0,36,21,196,13,17,5.0,7.0,17,39,4.0,8,1.0,5,,1.0,4,32,2.0,3.0,1.0,4.0,34,64,5,37,15,98,10.0,15.0,2.0,4.0,29.0,7.0,12.0,1.0,4.0,1.0,18.0,20,48,12,3.0,8.0,32,4,6,10,4,14,3,1.0,6,3.0,1.0,32,10.0,13,4,17,1.0,22,23,45,7.0,12,8.0,4.0,9,,4.0,4,,5.0,1.0,13,2.0,1.0,8,23,4.0,19,,2.0,2.0,19,5.0,,12,,,2.0,1.0,1.0,2.0,69,18.0,14.0,3.0,,0.2941176470588235,0.3333333333333333,0.8,0.1351351351351351,0.5,0.25,0.1351351351351351,0.53125,0.6666666666666666,0.5833333333333334,0.4108910891089108,0.6842105263157895,0.53125,0.4537037037037037,0.6904761904761905,0.5294117647058824,0.3663366336633663,0.09375,0.1176470588235294,0.1025641025641025,,0.6923076923076923,1.0,0.7391304347826086,0.4333333333333333,0.5714285714285714,0.3225806451612903,0.7,0.3770491803278688,0.5,,0.2962962962962963,0.5,0.8,0.7692307692307693,0.6,0.5,1.0,0.1320754716981132,98.00000000000006,14.47319587628864,14.910101010101007,13.251546391752557,14.495959595959595,0.1683168316831683,0.7647058823529411,0.8666666666666667,0.4615384615384615,0.3861386138613861,0.4358974358974359,0.4857142857142857,0.1764705882352941,0.0792079207920792,0.5,0.5,0.25,0.0495049504950495,0.2,0.25,1.0,0.3168316831683168,0.125,0.1290322580645161,0.75,0.3684210526315789,0.7142857142857143,0.0526315789473684,,,0.1578947368421052,0.6666666666666666,1.0,0.25,0.25,0.5346534653465347,0.125,0.5070685,0.5087,0.5005933333333333,0.1111111111111111,0.1690140845070422,,0.2959183673469387,0.1836734693877551,8.515625,25.85,0.1443298969072164,2025-12-05,22500346,PHX,2.0,3.0,,,3.0,,1.0,,1.0,,,0.5,0.5,0.1875,0.6666666666666666,,,2.0,,0.054054054054054,0.2,0.4,,0.03125,,,,,1.0,,,2025-26,2026,Regular Season,1610612745,HOU
48:00,93,93,24.0,11,9,186,25,30,4.0,5.0,14,25,3.0,8,2.0,7,,,5,12,1.0,2.0,1.0,1.0,42,63,7,19,17,122,5.0,7.0,1.0,2.0,14.0,10.0,17.0,1.0,2.0,4.0,27.0,32,52,18,3.0,4.0,12,5,6,16,6,22,4,2.0,11,4.0,1.0,50,5.0,5,11,14,,25,10,35,,13,8.0,5.0,8,1.0,3.0,5,,5.0,,13,1.0,4.0,8,14,1.0,20,,1.0,2.0,20,2.0,1.0,9,1.0,1.0,4.0,2.0,2.0,4.0,108,27.0,24.0,,1.0,0.3809523809523809,0.4,0.8571428571428571,0.3684210526315789,0.5,0.5,0.3684210526315789,0.6666666666666666,0.7142857142857143,0.5882352941176471,0.6402439024390244,0.7222222222222222,0.6052631578947368,0.6777777777777778,0.7777777777777778,0.6428571428571429,0.2317073170731707,0.0952380952380952,0.1,0.12,,0.6153846153846154,,0.6086956521739131,0.238095238095238,0.5789473684210527,0.4166666666666667,0.5952380952380952,0.303030303030303,0.1818181818181818,0.2,0.5714285714285714,0.2,0.6666666666666666,0.6,0.5,0.5,0.6666666666666666,,93.0,14.93978494623656,16.02795698924731,14.29462365591398,15.081720430107524,0.3658536585365853,0.8333333333333334,0.925925925925926,0.44,0.3048780487804878,0.56,0.6363636363636364,0.2857142857142857,0.0975609756097561,0.375,0.375,0.3333333333333333,0.0853658536585365,0.2857142857142857,0.2857142857142857,1.0,0.1463414634146341,0.4166666666666667,0.4166666666666667,0.8,0.5555555555555556,0.8,,,,0.2222222222222222,0.5,,0.0526315789473684,1.0,0.5975609756097561,0.4166666666666667,0.5452231707317073,0.5344,0.4985894736842105,0.1123595505617977,0.1285714285714285,0.0526315789473684,0.1147540983606557,0.221311475409836,6.896825396825397,24.726315789473684,0.2580645161290322,2025-12-06,22500356,DAL,5.0,7.0,,1.0,1.0,,2.0,1.0,1.0,,,0.4,0.25,0.3684210526315789,0.7142857142857143,0.0526315789473684,,,,,,,,,,,,,,,,2025-26,2026,Regular Season,1610612745,HOU
48:00,94,95,31.0,20,8,189,16,20,3.0,4.0,8,18,1.0,2,5.0,12,,,9,26,1.0,2.0,2.0,6.0,25,40,14,38,21,113,3.0,5.0,1.0,2.0,12.0,11.0,15.0,5.0,11.0,7.0,44.0,28,22,33,9.0,6.0,26,9,1,14,11,25,6,5.0,12,1.0,1.0,61,4.0,5,12,11,1.0,24,9,33,1.0,15,5.0,10.0,9,2.0,3.0,6,1.0,6.0,1.0,15,,4.0,7,20,2.0,22,,2.0,1.0,26,4.0,1.0,13,1.0,1.0,5.0,1.0,3.0,5.0,101,44.0,31.0,3.0,1.0,0.56,0.6363636363636364,0.7857142857142857,0.3684210526315789,0.5,0.4545454545454545,0.3684210526315789,0.625,0.6,0.7333333333333333,0.5897435897435898,0.6428571428571429,0.7115384615384616,0.6420454545454546,0.6666666666666666,0.7096774193548387,0.4871794871794871,0.025,,0.0555555555555555,,0.6,1.0,0.3928571428571428,0.3333333333333333,0.5454545454545454,0.1666666666666666,0.46,0.2307692307692307,0.2,,0.1176470588235294,0.2857142857142857,0.3333333333333333,0.5,0.1666666666666666,0.5,0.6,0.0263157894736842,94.5,14.390425531914897,16.076842105263157,14.048936170212768,14.546315789473685,0.2564102564102564,0.8,0.8,0.75,0.2307692307692307,0.4444444444444444,0.4705882352941176,0.125,0.0256410256410256,0.5,0.5,1.0,0.1538461538461538,0.4166666666666667,0.4166666666666667,1.0,0.3333333333333333,0.3461538461538461,0.3461538461538461,0.6666666666666666,0.5714285714285714,0.75,,,,0.2857142857142857,0.5,1.0,0.2307692307692307,0.3333333333333333,0.7435897435897436,0.3461538461538461,0.5571551282051282,0.58858,0.5883365384615384,0.160919540229885,0.2653061224489796,0.0263157894736842,0.1061946902654867,0.3893805309734513,5.46,24.75263157894737,0.3297872340425531,2025-12-11,22501205,LAC,10.0,11.0,3.0,5.0,3.0,,1.0,1.0,1.0,,,0.75,0.2,0.4230769230769231,0.9090909090909092,0.1923076923076923,0.6,,,,,,1.0,,,,,,,,,2025-26,2026,Regular Season,1610612745,HOU
53:00,103,102,19.0,40,9,205,16,27,5.0,5.0,9,16,3.0,8,5.0,9,,,10,25,,,3.0,4.0,28,51,15,34,27,128,5.0,6.0,,,12.0,3.0,7.0,5.0,6.0,10.0,31.0,24,32,36,9.0,8.0,25,10,7,12,12,24,7,5.0,4,6.0,2.0,60,2.0,7,8,22,3.0,33,9,42,4.0,10,6.0,4.0,7,1.0,6.0,4,,1.0,,11,1.0,1.0,11,28,3.0,25,2.0,1.0,1.0,33,1.0,,7,2.0,5.0,4.0,1.0,3.0,4.0,116,31.0,19.0,2.0,5.0,0.4285714285714285,0.5,0.8,0.4411764705882353,,0.8333333333333334,0.4411764705882353,0.5490196078431373,0.8333333333333334,0.4285714285714285,0.5941176470588235,0.8333333333333334,0.8076923076923077,0.6377551020408163,0.8571428571428571,0.8055555555555556,0.4,0.1372549019607843,0.1481481481481481,0.125,0.125,0.6363636363636364,0.75,0.6666666666666666,0.3043478260869565,0.5714285714285714,0.1111111111111111,0.6382978723404256,0.2195121951219512,0.1428571428571428,,0.1428571428571428,,0.5,0.7692307692307693,0.7,0.5,1.0,0.1212121212121212,92.83018867924524,14.51747572815536,16.516666666666666,14.2349514563107,15.682352941176472,0.3176470588235294,0.5925925925925926,0.6956521739130435,0.25,0.188235294117647,0.5625,0.6428571428571429,0.6666666666666666,0.0941176470588235,0.375,0.4285714285714285,0.6666666666666666,0.1058823529411764,0.5555555555555556,0.5555555555555556,1.0,0.2941176470588235,0.4,0.4166666666666667,0.7,0.8333333333333334,1.0,,,,,,,0.3076923076923077,0.75,0.7176470588235294,0.4,0.5517829411764706,0.64942,0.5086192307692308,0.0967741935483871,0.1228070175438596,0.0555555555555555,0.09375,0.2421875,5.980392156862745,25.358823529411765,0.1844660194174757,2025-12-15,22501225,DEN,2.0,4.0,2.0,2.0,2.0,,2.0,3.0,2.0,2.0,,0.5454545454545454,0.5,0.3076923076923077,0.5,0.1538461538461538,1.0,1.0,,0.0294117647058823,,0.2,,0.04,,,,,,,,2025-26,2026,Regular Season,1610612745,HOU
53:00,107,108,19.0,33,12,215,25,44,4.0,7.0,7,13,6.0,13,5.0,10,2.0,3.0,6,19,,1.0,3.0,6.0,38,70,11,29,24,133,5.0,11.0,2.0,4.0,16.0,2.0,5.0,3.0,6.0,8.0,21.0,36,40,27,6.0,8.0,19,6,8,18,9,27,4,5.0,11,3.0,4.0,63,7.0,9,11,16,2.0,29,16,45,2.0,15,10.0,5.0,6,2.0,1.0,6,1.0,5.0,1.0,12,,4.0,11,24,2.0,21,,,,28,2.0,1.0,10,2.0,3.0,7.0,4.0,3.0,7.0,117,21.0,19.0,3.0,3.0,0.4736842105263157,0.5294117647058824,0.8181818181818182,0.3793103448275862,0.5,0.5,0.3793103448275862,0.5428571428571428,0.4545454545454545,0.4,0.5505050505050505,0.5333333333333333,0.5909090909090909,0.5990990990990991,0.5333333333333333,0.7,0.2929292929292929,0.1142857142857142,0.1590909090909091,0.0769230769230769,,0.5,0.6666666666666666,0.4705882352941176,0.28125,0.5238095238095238,0.4375,0.4909090909090909,0.3333333333333333,0.1666666666666666,0.1428571428571428,0.5454545454545454,0.2,0.1666666666666666,0.5882352941176471,0.8,0.5333333333333333,0.5,0.05,97.35849056603772,13.9392523364486,15.63425925925926,13.113084112149531,14.963888888888889,0.4444444444444444,0.5681818181818182,0.6756756756756757,0.44,0.1313131313131313,0.5384615384615384,0.5833333333333334,0.4285714285714285,0.1313131313131313,0.4615384615384615,0.4615384615384615,0.6666666666666666,0.101010101010101,0.5,0.5,1.0,0.1919191919191919,0.3157894736842105,0.3157894736842105,0.6666666666666666,0.4666666666666667,0.5714285714285714,0.2,0.6666666666666666,1.0,0.0666666666666666,,,0.5454545454545454,0.5,0.7373737373737373,0.3157894736842105,0.5654386597938145,0.5384249999999999,0.5530649999999999,0.1111111111111111,0.1282051282051282,0.0666666666666666,0.1203007518796992,0.1578947368421052,5.967142857142857,24.97037037037037,0.1775700934579439,2025-12-18,22500375,NOP,2.0,4.0,,,,,2.0,,3.0,,,0.3684210526315789,0.4285714285714285,0.3636363636363636,0.5,,,,,,,,,,,,,,,,,2025-26,2026,Regular Season,1610612745,HOU
48:00,97,98,20.0,25,14,195,16,25,4.0,4.0,10,23,3.0,15,3.0,9,,1.0,5,20,2.0,2.0,,3.0,29,63,8,29,19,101,6.0,12.0,2.0,3.0,19.0,6.0,13.0,,3.0,9.0,21.0,26,32,24,,10.0,20,5,8,13,8,21,5,3.0,7,4.0,2.0,50,6.0,9,14,13,3.0,30,15,45,3.0,9,5.0,4.0,6,3.0,3.0,5,,3.0,,11,,3.0,5,20,2.0,20,2.0,,2.0,23,4.0,1.0,9,2.0,2.0,2.0,1.0,1.0,2.0,82,21.0,20.0,4.0,2.0,0.4482758620689655,0.5416666666666666,1.0,0.2758620689655172,0.6666666666666666,,0.2758620689655172,0.4603174603174603,0.5,0.4615384615384615,0.4456521739130434,0.6,0.375,0.5,0.6333333333333333,0.5,0.3152173913043478,0.1269841269841269,0.12,0.1739130434782608,0.0666666666666666,0.5454545454545454,1.0,0.5909090909090909,0.2647058823529412,0.875,0.2857142857142857,0.7105263157894737,0.2727272727272727,0.3846153846153846,0.1666666666666666,0.3333333333333333,0.1666666666666666,0.5,0.625,0.625,0.9090909090909092,0.8,0.0638297872340425,97.5,14.20103092783505,15.331632653061224,13.5,15.128571428571428,0.2717391304347826,0.64,0.7272727272727273,0.4375,0.25,0.4347826086956521,0.5263157894736842,0.4,0.1630434782608695,0.2,0.2142857142857142,0.6666666666666666,0.0978260869565217,0.3333333333333333,0.3333333333333333,1.0,0.217391304347826,0.25,0.25,1.0,0.2666666666666666,1.0,0.0666666666666666,,,0.1333333333333333,1.0,1.0,0.1875,,0.5869565217391305,0.25,0.5436010869565218,0.4854949999999999,0.528884375,0.1122448979591836,0.1323529411764706,0.0666666666666666,0.1881188118811881,0.2079207920792079,7.81904761904762,24.96551724137931,0.2061855670103092,2025-12-20,22500386,DEN,4.0,5.0,,,1.0,,1.0,1.0,,,,0.2222222222222222,,0.3125,0.8,,,,,,,,,,,,,,1.0,,,2025-26,2026,Regular Season,1610612745,HOU
53:00,102,104,22.0,23,14,206,5,9,,4.0,20,35,7.0,19,2.0,3,,,10,31,2.0,4.0,2.0,7.0,32,63,12,34,25,125,2.0,12.0,2.0,4.0,12.0,6.0,12.0,3.0,8.0,5.0,26.0,38,26,30,6.0,,31,10,2,19,10,29,8,2.0,3,12.0,4.0,68,8.0,12,18,15,4.0,37,22,59,4.0,8,5.0,3.0,9,,8.0,3,1.0,1.0,1.0,12,3.0,1.0,11,21,1.0,20,,,1.0,36,1.0,,17,1.0,,5.0,,4.0,5.0,113,26.0,22.0,1.0,,0.59375,0.59375,0.8333333333333334,0.3529411764705882,0.5,0.375,0.3529411764705882,0.5079365079365079,0.1666666666666666,0.5,0.5154639175257731,0.3125,0.525,0.5482456140350878,0.3333333333333333,0.5416666666666666,0.3505154639175257,0.0317460317460317,,0.0571428571428571,,0.75,0.8,0.6,0.3870967741935484,0.8181818181818182,0.4,0.7021276595744681,0.392156862745098,0.5333333333333333,0.25,0.3684210526315789,1.0,0.5,0.5882352941176471,0.6666666666666666,0.8823529411764706,0.6,0.0816326530612244,93.28301886792453,14.575490196078432,16.28173076923077,13.617647058823527,15.576923076923077,0.0927835051546391,0.5555555555555556,0.5555555555555556,0.6,0.3608247422680412,0.5714285714285714,0.6060606060606061,0.6,0.1958762886597938,0.3684210526315789,0.3684210526315789,0.5714285714285714,0.0309278350515463,0.6666666666666666,0.6666666666666666,1.0,0.3195876288659793,0.3225806451612903,0.3225806451612903,0.8,0.25,,,,,0.25,0.5,1.0,0.35,0.2857142857142857,0.4432989690721649,0.3225806451612903,0.4857305263157894,0.507940909090909,0.4966416666666667,0.1578947368421052,0.2151898734177215,0.0285714285714285,0.096,0.208,9.909523809523808,27.109375,0.2156862745098039,2025-12-21,22500401,SAC,3.0,4.0,1.0,1.0,2.0,2.0,,,1.0,,0.2857142857142857,0.25,0.2,0.2,0.75,0.05,1.0,,,,,,1.0,,,,,,,,,2025-26,2026,Regular Season,1610612745,HOU
48:00,89,89,29.0,23,8,178,10,14,2.0,2.0,11,23,1.0,3,3.0,5,,,17,32,2.0,2.0,6.0,10.0,22,40,20,37,24,128,2.0,3.0,2.0,2.0,14.0,5.0,11.0,8.0,12.0,8.0,42.0,16,28,51,9.0,4.0,32,17,5,8,17,25,14,3.0,5,2.0,1.0,67,4.0,5,16,11,3.0,30,9,39,,7,3.0,4.0,5,1.0,5.0,5,,,1.0,10,1.0,6.0,12,19,,20,,,1.0,27,3.0,,11,2.0,1.0,4.0,1.0,3.0,4.0,114,42.0,29.0,,1.0,0.3636363636363636,0.4,0.85,0.5405405405405406,1.0,0.6666666666666666,0.5405405405405406,0.55,0.6666666666666666,0.4545454545454545,0.6753246753246753,1.0,0.7391304347826086,0.7272727272727273,1.0,0.7777777777777778,0.4805194805194805,0.125,0.0714285714285714,0.1739130434782608,,0.5,1.0,0.5,0.2777777777777778,0.7619047619047619,0.2352941176470588,0.627906976744186,0.2571428571428571,0.25,,0.2,0.5,0.6666666666666666,0.4375,0.6666666666666666,0.8125,0.6,,89.0,15.825842696629213,16.53370786516854,15.543820224719102,16.053932584269663,0.1818181818181818,0.7142857142857143,0.7692307692307693,0.5,0.2987012987012987,0.4782608695652174,0.5789473684210527,0.1818181818181818,0.0389610389610389,0.3333333333333333,0.3333333333333333,1.0,0.0649350649350649,0.6,0.6,1.0,0.4155844155844156,0.53125,0.5483870967741935,0.8235294117647058,0.4,1.0,,,,0.4,1.0,1.0,0.4347826086956521,0.6,0.6623376623376623,0.53125,0.5244292207792208,0.779,0.5192108695652174,0.1494252873563218,0.2291666666666666,0.0512820512820512,0.109375,0.328125,6.540000000000001,26.47567567567568,0.3258426966292135,2025-12-23,22500422,LAC,3.0,4.0,2.0,2.0,4.0,,1.0,,1.0,,,0.5,0.25,0.1739130434782608,0.75,0.0869565217391304,1.0,1.0,,0.027027027027027,,,,0.03125,,,,,,,,2025-26,2026,Regular Season,1610612745,HOU
48:00,89,90,10.0,23,6,179,17,25,4.0,5.0,10,19,1.0,3,5.0,10,,,6,20,,,1.0,3.0,28,47,11,30,7,96,5.0,8.0,,,10.0,3.0,5.0,2.0,4.0,,12.0,28,28,15,18.0,8.0,20,6,6,14,5,19,1,4.0,7,6.0,1.0,43,3.0,6,8,9,3.0,20,9,29,,7,4.0,3.0,10,2.0,7.0,6,2.0,3.0,,16,,3.0,8,17,1.0,13,2.0,,1.0,11,1.0,,6,,,4.0,1.0,3.0,5.0,86,12.0,10.0,2.0,,0.5,0.5833333333333334,0.4545454545454545,0.3666666666666666,,0.5,0.3666666666666666,0.5957446808510638,0.625,0.6,0.577922077922078,0.625,0.6666666666666666,0.5853658536585366,0.625,0.6666666666666666,0.3896103896103896,0.1276595744680851,0.12,0.1052631578947368,0.3333333333333333,0.625,1.0,0.3461538461538461,0.3157894736842105,0.4705882352941176,0.1578947368421052,0.3953488372093023,0.2368421052631578,0.3333333333333333,0.5,0.2142857142857142,,0.3333333333333333,0.3,0.4285714285714285,0.4615384615384615,0.5,,89.5,15.391011235955055,16.78,15.02696629213483,15.681111111111113,0.3246753246753247,0.68,0.7727272727272727,0.4117647058823529,0.2467532467532467,0.5263157894736842,0.5882352941176471,0.6,0.0389610389610389,0.3333333333333333,0.5,1.0,0.1298701298701298,0.5,0.5,0.8,0.2597402597402597,0.3,0.3,0.1666666666666666,0.625,0.8,,,,,,,0.3333333333333333,0.3333333333333333,0.7142857142857143,0.3,0.5293428571428571,0.5625333333333333,0.4494055555555555,0.073170731707317,0.1153846153846153,,0.1041666666666666,0.125,5.797872340425532,25.15333333333333,0.1123595505617977,2025-12-25,22500012,LAL,1.0,1.0,1.0,1.0,,,1.0,,2.0,,,0.25,0.4,0.1111111111111111,1.0,0.1111111111111111,1.0,,1.0,,,,,,1.0,1.0,1.0,,,,,2025-26,2026,Regular Season,1610612745,HOU
48:00,96,96,13.0,29,15,192,13,27,5.0,9.0,16,30,1.0,3,1.0,4,,,10,32,1.0,3.0,1.0,3.0,30,60,11,36,7,100,6.0,11.0,1.0,3.0,15.0,7.0,11.0,1.0,4.0,2.0,19.0,26,34,30,3.0,10.0,32,10,8,13,10,23,9,1.0,6,6.0,1.0,56,5.0,13,11,15,1.0,27,18,45,3.0,10,6.0,4.0,12,,5.0,3,1.0,7.0,,15,4.0,1.0,9,15,2.0,14,,,1.0,11,4.0,,7,,,5.0,,5.0,6.0,85,19.0,13.0,1.0,,0.4333333333333333,0.52,0.9090909090909092,0.3055555555555556,0.3333333333333333,0.25,0.3055555555555556,0.5,0.5454545454545454,0.6363636363636364,0.484375,0.5357142857142857,0.5666666666666667,0.5050505050505051,0.5357142857142857,0.59375,0.375,0.1333333333333333,0.2222222222222222,0.0666666666666666,,0.8,0.3333333333333333,0.5769230769230769,0.4333333333333333,0.55,0.2,0.5652173913043478,0.3272727272727272,0.2857142857142857,0.5,0.2272727272727272,,0.375,0.7142857142857143,0.5,0.5294117647058824,0.6666666666666666,0.0652173913043478,96.0,13.485416666666666,16.514583333333334,12.983333333333333,15.391666666666667,0.28125,0.4814814814814814,0.6190476190476191,0.4615384615384615,0.3125,0.5333333333333333,0.5714285714285714,0.375,0.03125,0.3333333333333333,0.3333333333333333,1.0,0.0416666666666666,0.25,0.25,1.0,0.3333333333333333,0.3125,0.3225806451612903,0.9,0.6428571428571429,0.5555555555555556,,,,0.2142857142857142,0.3333333333333333,1.0,0.2,0.3333333333333333,0.65625,0.3125,0.5263182291666667,0.5588136363636363,0.5182533333333333,0.0707070707070707,0.1111111111111111,,0.15,0.19,6.44,25.216666666666665,0.1354166666666666,2025-12-27,22500438,CLE,5.0,8.0,,1.0,,,,,5.0,,,0.5714285714285714,0.8333333333333334,0.5333333333333333,0.625,0.0666666666666666,,1.0,,0.0277777777777777,,,,0.03125,,1.0,1.0,1.0,,,,2025-26,2026,Regular Season,1610612745,HOU
48:00,97,98,19.0,44,5,195,11,20,1.0,2.0,14,27,1.0,7,5.0,10,,1.0,13,25,2.0,3.0,3.0,6.0,26,54,18,35,13,119,1.0,3.0,2.0,4.0,9.0,5.0,10.0,4.0,10.0,3.0,25.0,26,26,51,3.0,,25,13,6,13,17,30,12,5.0,6,6.0,1.0,77,3.0,4,7,12,5.0,24,8,32,,12,9.0,3.0,4,2.0,1.0,5,2.0,3.0,,9,1.0,2.0,10,22,1.0,17,,2.0,1.0,20,2.0,1.0,9,1.0,1.0,2.0,2.0,,3.0,110,25.0,19.0,2.0,1.0,0.5,0.5,0.9444444444444444,0.5142857142857142,0.5,0.4,0.5142857142857142,0.4814814814814814,0.3333333333333333,0.5,0.5955056179775281,0.5714285714285714,0.55,0.6134020618556701,0.6428571428571429,0.5952380952380952,0.3932584269662921,0.1111111111111111,0.15,0.074074074074074,0.1428571428571428,0.4444444444444444,0.8333333333333334,0.75,0.1428571428571428,0.4375,0.2,0.59375,0.1627906976744186,0.0769230769230769,0.1666666666666666,0.1818181818181818,0.25,0.5,1.0,0.5,0.4545454545454545,0.4,,97.5,12.314432989690722,17.198979591836736,11.881443298969073,16.79591836734694,0.2247191011235955,0.55,0.6470588235294118,0.5454545454545454,0.3033707865168539,0.5185185185185185,0.56,0.4285714285714285,0.0786516853932584,0.1428571428571428,0.1666666666666666,1.0,0.1123595505617977,0.5,0.5,1.0,0.2808988764044944,0.52,0.52,0.9230769230769232,0.2857142857142857,0.5,0.1428571428571428,,,0.4285714285714285,0.6666666666666666,1.0,0.3,0.5,0.6179775280898876,0.52,0.5257306818181818,0.4880799999999999,0.5146921052631579,0.1041666666666666,0.1475409836065573,0.0285714285714285,0.0756302521008403,0.2100840336134453,7.264814814814815,25.814705882352943,0.1958762886597938,2025-12-29,22500453,IND,2.0,3.0,1.0,4.0,1.0,1.0,1.0,,,,0.3333333333333333,0.2222222222222222,,0.15,0.6666666666666666,0.2,0.25,,1.0,,,1.0,,,,1.0,,,,1.0,,2025-26,2026,Regular Season,1610612745,HOU
48:00,89,91,26.0,20,11,180,18,32,3.0,5.0,5,12,1.0,2,2.0,6,,1.0,8,24,1.0,3.0,1.0,6.0,24,46,10,30,18,96,4.0,6.0,1.0,4.0,14.0,7.0,14.0,1.0,8.0,7.0,24.0,22,26,21,9.0,4.0,24,8,6,11,7,18,6,1.0,8,2.0,1.0,43,5.0,7,10,10,1.0,21,12,33,2.0,12,8.0,4.0,8,2.0,3.0,5,1.0,5.0,1.0,13,,6.0,9,17,1.0,22,,1.0,1.0,30,4.0,,12,1.0,3.0,2.0,2.0,,2.0,82,24.0,26.0,,2.0,0.4583333333333333,0.5,0.7,0.3333333333333333,0.25,0.125,0.3333333333333333,0.5217391304347826,0.6666666666666666,0.5,0.5131578947368421,0.55,0.3863636363636363,0.5454545454545454,0.5833333333333334,0.4444444444444444,0.3947368421052631,0.1304347826086956,0.15625,0.0833333333333333,,0.6153846153846154,1.0,0.625,0.3181818181818182,0.5882352941176471,0.25,0.6060606060606061,0.2857142857142857,,1.0,0.25,0.25,0.5,0.625,1.0,0.6666666666666666,0.4,0.0571428571428571,90.0,14.708988764044944,17.262637362637363,14.214606741573032,16.81758241758242,0.4210526315789473,0.5625,0.6666666666666666,0.4444444444444444,0.1578947368421052,0.4166666666666667,0.4545454545454545,0.4,0.0263157894736842,0.5,0.5,1.0,0.0789473684210526,0.3333333333333333,0.3333333333333333,0.5,0.3157894736842105,0.3333333333333333,0.3478260869565217,0.75,0.5,0.6,0.1,,,0.3,0.3333333333333333,1.0,0.2727272727272727,0.1666666666666666,0.8157894736842105,0.3333333333333333,0.5642092105263158,0.5962428571428572,0.5260704545454545,0.1428571428571428,0.2222222222222222,,0.1458333333333333,0.25,4.393478260869565,25.03666666666667,0.2921348314606741,2026-01-01,22500471,BKN,3.0,7.0,,2.0,3.0,,1.0,1.0,1.0,1.0,,0.4285714285714285,0.5,0.3181818181818182,0.4285714285714285,0.0909090909090909,,1.0,,0.0333333333333333,,0.3333333333333333,,0.0416666666666666,,,,,,,,2025-26,2026,Regular Season,1610612745,HOU
48:00,100,102,17.0,22,3,202,20,29,,,14,23,2.0,7,4.0,5,,1.0,4,18,,,,5.0,36,59,8,23,14,110,,,,1.0,,4.0,8.0,1.0,6.0,4.0,15.0,36,36,18,6.0,,18,4,7,18,6,24,2,4.0,11,6.0,1.0,54,3.0,2,19,26,1.0,46,5,51,2.0,6,5.0,1.0,13,2.0,10.0,3,,3.0,,16,1.0,2.0,6,15,3.0,17,,,1.0,18,5.0,,10,,1.0,10.0,8.0,2.0,10.0,110,15.0,17.0,1.0,1.0,0.5,0.5,0.75,0.3478260869565217,,0.1666666666666666,0.3478260869565217,0.6101694915254238,,0.5,0.5853658536585366,,0.3928571428571428,0.6193181818181818,,0.46875,0.2804878048780488,0.1186440677966101,0.1379310344827586,0.0869565217391304,0.1428571428571428,0.8125,1.0,0.7647058823529411,0.0869565217391304,0.6129032258064516,0.2,0.6923076923076923,0.131578947368421,0.2222222222222222,,0.2142857142857142,,0.6,0.8666666666666667,1.0,0.5714285714285714,0.7,0.064516129032258,101.0,13.071,15.42058823529412,12.998,14.38529411764706,0.3536585365853658,0.6896551724137931,0.8,0.55,0.2804878048780488,0.6086956521739131,0.6666666666666666,0.4285714285714285,0.0853658536585365,0.2857142857142857,0.3333333333333333,0.5,0.0609756097560975,0.8,0.8,1.0,0.2195121951219512,0.2222222222222222,0.2222222222222222,0.5,,,1.0,,,,,,0.3571428571428571,,0.6341463414634146,0.2222222222222222,0.541615625,0.5439,0.5418875,0.1149425287356321,0.15625,,,0.1363636363636363,6.301694915254237,25.03333333333333,0.17,2026-01-03,22500491,DAL,2.0,3.0,1.0,1.0,,,,1.0,7.0,,,,0.7,0.2142857142857142,0.6666666666666666,0.0714285714285714,1.0,,,,,,,,,,,,,,,2025-26,2026,Regular Season,1610612745,HOU
48:00,93,94,11.0,8,8,187,10,16,1.0,6.0,10,22,3.0,9,3.0,6,,1.0,11,35,1.0,3.0,2.0,4.0,23,47,14,41,9,97,1.0,7.0,1.0,4.0,5.0,2.0,4.0,3.0,5.0,2.0,15.0,24,22,33,9.0,,35,11,1,12,11,23,8,3.0,7,5.0,,57,6.0,4,14,14,3.0,31,11,42,2.0,11,9.0,2.0,5,3.0,2.0,8,1.0,3.0,1.0,13,1.0,3.0,11,14,2.0,11,,1.0,,12,,,5,,1.0,,,,,92,15.0,11.0,,1.0,0.5217391304347826,0.5217391304347826,0.7857142857142857,0.3414634146341463,0.25,0.6,0.3414634146341463,0.4893617021276595,0.1428571428571428,0.5,0.5,0.2272727272727272,0.7222222222222222,0.5159574468085106,0.2272727272727272,0.75,0.4659090909090909,0.0212765957446808,,0.0454545454545454,,0.3846153846153846,1.0,0.6666666666666666,0.1739130434782608,0.5384615384615384,0.25,0.5957446808510638,0.2127659574468085,0.0833333333333333,0.2,0.238095238095238,0.3333333333333333,0.8,0.5714285714285714,1.0,0.5,0.625,0.0434782608695652,93.5,14.26236559139785,16.527659574468085,13.46989247311828,15.268085106382976,0.1818181818181818,0.625,0.625,0.7,0.25,0.4545454545454545,0.4761904761904761,0.5,0.1022727272727272,0.3333333333333333,0.3333333333333333,,0.0681818181818181,0.5,0.5,1.0,0.3977272727272727,0.3142857142857143,0.3142857142857143,0.7272727272727273,0.5454545454545454,0.1666666666666666,0.0909090909090909,,,0.2727272727272727,0.3333333333333333,1.0,0.4444444444444444,0.5,0.6477272727272727,0.3142857142857143,0.5120357954545455,0.56837,0.5170722222222222,0.053763440860215,0.0961538461538461,,0.0515463917525773,0.1546391752577319,8.217021276595744,26.77317073170732,0.1182795698924731,2026-01-05,22500505,PHX,1.0,1.0,1.0,1.0,,1.0,,,,,1.0,0.3333333333333333,,0.1111111111111111,1.0,0.1111111111111111,1.0,,,,,1.0,,,,,,,,,,2025-26,2026,Regular Season,1610612745,HOU
48:00,96,95,32.0,29,9,191,17,27,3.0,5.0,3,7,4.0,9,2.0,7,,,10,33,1.0,2.0,2.0,8.0,24,43,12,40,19,103,3.0,5.0,1.0,2.0,9.0,11.0,15.0,4.0,12.0,11.0,45.0,20,28,33,3.0,4.0,33,10,6,10,11,21,9,2.0,7,1.0,2.0,53,4.0,3,15,17,3.0,35,9,44,,7,5.0,2.0,8,2.0,5.0,6,,3.0,1.0,14,2.0,3.0,14,21,3.0,26,,2.0,3.0,25,6.0,,13,,2.0,3.0,3.0,,3.0,94,45.0,32.0,1.0,2.0,0.4166666666666667,0.4545454545454545,0.9166666666666666,0.3,0.5,0.3333333333333333,0.3,0.5581395348837209,0.6,0.7333333333333333,0.5060240963855421,0.6428571428571429,0.6296296296296297,0.5543478260869565,0.6428571428571429,0.6875,0.4819277108433735,0.1395348837209302,0.1481481481481481,0.1428571428571428,0.1111111111111111,0.5714285714285714,0.75,0.5,0.1666666666666666,0.5357142857142857,0.1538461538461538,0.5161290322580645,0.1590909090909091,0.25,,0.1428571428571428,0.2,0.4615384615384615,0.5,0.5384615384615384,0.4444444444444444,0.7,,95.5,15.127083333333331,15.029473684210526,14.470833333333331,13.47157894736842,0.3253012048192771,0.6296296296296297,0.7391304347826086,0.4117647058823529,0.0843373493975903,0.4285714285714285,0.5,0.3333333333333333,0.108433734939759,0.4444444444444444,0.5,0.5,0.0843373493975903,0.2857142857142857,0.3333333333333333,1.0,0.3975903614457831,0.303030303030303,0.303030303030303,0.9,0.7142857142857143,0.6,,,,0.2857142857142857,0.5,1.0,0.2962962962962963,0.25,0.8072289156626506,0.303030303030303,0.5672801204819277,0.5863125,0.5546962962962964,0.1444444444444444,0.26,,0.087378640776699,0.4368932038834951,6.04186046511628,25.755000000000003,0.3333333333333333,2026-01-07,22500527,POR,6.0,8.0,2.0,4.0,,2.0,1.0,1.0,2.0,,1.0,0.2222222222222222,0.6666666666666666,0.2962962962962963,0.75,0.1481481481481481,0.5,1.0,,0.025,0.1428571428571428,,,,,,,,,,,2025-26,2026,Regular Season,1610612745,HOU
48:00,95,97,25.0,20,16,192,15,24,6.0,9.0,6,18,,3,3.0,8,,1.0,13,36,3.0,4.0,2.0,7.0,21,45,16,44,21,111,6.0,9.0,3.0,5.0,22.0,4.0,11.0,3.0,11.0,8.0,25.0,26,16,39,9.0,4.0,36,13,8,13,13,26,10,3.0,9,4.0,,65,9.0,8,19,13,3.0,35,17,52,1.0,9,7.0,2.0,8,2.0,5.0,5,1.0,3.0,,13,3.0,4.0,10,17,2.0,17,,2.0,1.0,23,2.0,,7,1.0,4.0,1.0,,1.0,3.0,89,23.0,24.0,2.0,3.0,0.6190476190476191,0.6842105263157895,0.8125,0.3636363636363636,0.6,0.2727272727272727,0.3636363636363636,0.4666666666666667,0.6666666666666666,0.3636363636363636,0.5056179775280899,0.75,0.3863636363636363,0.5606060606060606,0.7857142857142857,0.4629629629629629,0.4943820224719101,0.1777777777777777,0.125,0.2222222222222222,0.3333333333333333,0.6153846153846154,0.6,0.5909090909090909,0.3333333333333333,0.5588235294117647,0.3214285714285714,0.5714285714285714,0.3269230769230769,0.0833333333333333,0.3333333333333333,0.3478260869565217,0.2,0.6666666666666666,0.6,0.5555555555555556,0.6470588235294118,0.4705882352941176,0.0227272727272727,96.0,14.526315789473683,15.463917525773196,14.017894736842106,14.082474226804123,0.2696629213483146,0.625,0.7142857142857143,0.6,0.2022471910112359,0.3333333333333333,0.4285714285714285,0.6666666666666666,0.0337078651685393,,,,0.0898876404494382,0.375,0.375,1.0,0.4044943820224719,0.3611111111111111,0.3611111111111111,0.7692307692307693,0.6428571428571429,0.6666666666666666,0.0714285714285714,,,0.2857142857142857,0.75,1.0,0.3181818181818182,0.2857142857142857,0.7640449438202247,0.3611111111111111,0.5422837078651686,0.5983875,0.5440977272727273,0.0842105263157894,0.14,0.0222222222222222,0.1981981981981982,0.2252252252252252,5.464444444444444,25.31590909090909,0.2631578947368421,2026-01-09,22500540,POR,2.0,5.0,1.0,4.0,1.0,,,,1.0,,,0.6666666666666666,0.3333333333333333,0.2272727272727272,0.4,0.1818181818181818,0.25,,,,,0.5,,,1.0,2.0,,,,2.0,,2025-26,2026,Regular Season,1610612745,HOU
48:00,86,86,13.0,22,18,172,13,15,6.0,7.0,13,37,10.0,16,5.0,9,2.0,2.0,3,14,,,,,36,68,8,23,15,111,9.0,16.0,2.0,2.0,30.0,5.0,11.0,,2.0,5.0,15.0,34,38,24,,10.0,14,3,5,17,8,25,3,5.0,5,7.0,5.0,58,6.0,17,12,12,5.0,29,23,52,8.0,4,2.0,2.0,4,1.0,2.0,6,,2.0,2.0,10,1.0,2.0,13,22,2.0,16,1.0,1.0,2.0,20,2.0,,7,,3.0,1.0,1.0,,1.0,81,15.0,13.0,3.0,2.0,0.4722222222222222,0.5483870967741935,1.0,0.3478260869565217,1.0,,0.3478260869565217,0.5294117647058824,0.5625,0.4545454545454545,0.5274725274725275,0.6666666666666666,0.3846153846153846,0.5505050505050505,0.6818181818181818,0.4375,0.2527472527472527,0.0735294117647058,0.0666666666666666,0.1081081081081081,,0.4,1.0,0.5,0.53125,0.5217391304347826,0.4,0.5106382978723404,0.4893617021276595,0.625,,0.3636363636363636,0.5,0.375,0.5,0.6666666666666666,0.5294117647058824,0.5,0.1904761904761904,86.0,16.373255813953488,17.115116279069767,15.068604651162788,15.848837209302326,0.1648351648351648,0.8666666666666667,0.9285714285714286,0.3846153846153846,0.4065934065934066,0.3513513513513513,0.3939393939393939,0.5384615384615384,0.1758241758241758,0.625,0.625,0.5,0.0989010989010989,0.5555555555555556,0.5555555555555556,1.0,0.1538461538461538,0.2142857142857142,0.2142857142857142,1.0,0.3888888888888889,0.8571428571428571,0.1111111111111111,1.0,1.0,,,,,,0.4175824175824176,0.2142857142857142,0.4808368131868131,0.4928233333333333,0.4427038461538461,0.0729166666666666,0.0958904109589041,,0.2702702702702703,0.1351351351351351,8.64264705882353,25.77391304347826,0.1511627906976744,2026-01-11,22500557,SAC,1.0,1.0,,2.0,6.0,,1.0,2.0,,,,1.0,,0.0769230769230769,1.0,0.1538461538461538,,,,,,0.1666666666666666,,,1.0,,,,,,,2025-26,2026,Regular Season,1610612745,HOU
47:59,95,95,13.0,39,13,190,15,20,4.0,6.0,14,34,,3,3.0,7,,,9,30,,2.0,2.0,3.0,29,57,12,37,19,113,6.0,11.0,,2.0,17.0,3.0,9.0,2.0,3.0,5.0,17.0,32,26,24,12.0,6.0,30,9,2,16,8,24,5,3.0,9,7.0,,56,9.0,8,11,15,3.0,29,17,46,3.0,5,3.0,2.0,5,1.0,2.0,2,,3.0,1.0,7,1.0,,13,19,1.0,18,,1.0,2.0,23,1.0,,11,,1.0,3.0,2.0,1.0,3.0,96,17.0,13.0,1.0,1.0,0.5517241379310345,0.6153846153846154,0.6666666666666666,0.3243243243243243,,0.6666666666666666,0.3243243243243243,0.5087719298245614,0.5454545454545454,0.3333333333333333,0.5,0.4615384615384615,0.5,0.5380952380952381,0.53125,0.5666666666666667,0.3936170212765957,0.0350877192982456,0.05,0.0294117647058823,,0.7142857142857143,1.0,0.5769230769230769,0.2857142857142857,0.6470588235294118,0.36,0.6046511627906976,0.320754716981132,0.25,,0.3809523809523809,0.25,0.6666666666666666,0.5294117647058824,0.6666666666666666,0.6666666666666666,0.6,0.0588235294117647,95.00000000000006,15.217894736842084,15.097894736842104,14.502105263157874,13.99578947368421,0.2127659574468085,0.75,0.7894736842105263,0.6,0.3617021276595745,0.4117647058823529,0.4242424242424242,0.5,0.0319148936170212,,,,0.0744680851063829,0.4285714285714285,0.4285714285714285,1.0,0.3191489361702128,0.3,0.3,0.5555555555555556,0.4615384615384615,0.6666666666666666,,,,0.1538461538461538,,,0.25,0.6666666666666666,0.6063829787234043,0.3,0.4998898936170212,0.5415333333333333,0.4503583333333333,0.1057692307692307,0.1641791044776119,,0.1504424778761062,0.1504424778761062,5.935087719298246,25.30540540540541,0.1368421052631579,2026-01-13,22500565,CHI,2.0,2.0,,,5.0,,,,2.0,,,0.6,0.6666666666666666,0.1666666666666666,1.0,,,,,,,0.25,,,,,,,,,,2025-26,2026,Regular Season,1610612745,HOU
48:00,98,97,8.0,13,8,195,13,22,2.0,4.0,8,19,4.0,7,2.0,11,1.0,1.0,14,30,1.0,3.0,1.0,3.0,25,48,16,41,13,111,2.0,5.0,2.0,4.0,10.0,1.0,2.0,2.0,4.0,2.0,10.0,22,28,42,6.0,2.0,30,14,7,11,14,25,12,2.0,6,3.0,2.0,64,6.0,3,8,30,,38,9,47,2.0,9,2.0,7.0,10,,4.0,2,,6.0,,12,,1.0,8,16,2.0,12,,1.0,1.0,15,2.0,,8,,,12.0,3.0,8.0,12.0,101,10.0,8.0,1.0,,0.44,0.4583333333333333,0.875,0.3902439024390244,0.5,0.5,0.3902439024390244,0.5208333333333334,0.4,0.5,0.550561797752809,0.5555555555555556,0.6666666666666666,0.5789473684210527,0.5555555555555556,0.7142857142857143,0.4606741573033708,0.1458333333333333,0.1363636363636363,0.2105263157894736,,0.8333333333333334,,0.5882352941176471,0.1304347826086956,0.5,0.24,0.5671641791044776,0.1875,0.1818181818181818,,0.25,0.2222222222222222,0.7692307692307693,0.4814814814814814,0.6363636363636364,0.3636363636363636,0.8,0.048780487804878,97.5,13.10408163265306,16.451546391752576,12.53265306122449,14.711340206185566,0.247191011235955,0.5909090909090909,0.6842105263157895,0.4615384615384615,0.2134831460674157,0.4210526315789473,0.5333333333333333,0.375,0.0786516853932584,0.5714285714285714,0.5714285714285714,0.5,0.1235955056179775,0.1818181818181818,0.1818181818181818,1.0,0.3370786516853932,0.4666666666666667,0.4666666666666667,0.8571428571428571,0.4444444444444444,0.5,0.1111111111111111,1.0,1.0,0.3333333333333333,0.3333333333333333,1.0,0.5,0.3333333333333333,0.7078651685393258,0.4666666666666667,0.5469331460674157,0.5736375,0.477575,0.0842105263157894,0.1481481481481481,,0.09009009009009,0.09009009009009,7.304166666666667,25.26585365853659,0.0816326530612244,2026-01-15,22500581,OKC,,,1.0,1.0,,,1.0,1.0,5.0,,,0.1111111111111111,0.4166666666666667,,,0.1666666666666666,1.0,,2.0,,,,1.0,,,,,,,,,2025-26,2026,Regular Season,1610612745,HOU
48:00,96,98,28.0,34,12,194,11,21,3.0,4.0,12,24,3.0,5,3.0,5,,,8,27,,5.0,3.0,9.0,26,50,11,32,20,105,4.0,6.0,,5.0,12.0,5.0,12.0,3.0,9.0,7.0,26.0,26,26,24,9.0,4.0,27,8,5,13,8,21,6,2.0,7,6.0,,50,6.0,9,12,19,5.0,36,15,51,3.0,7,2.0,5.0,10,,5.0,6,1.0,5.0,1.0,16,1.0,6.0,13,27,1.0,23,,,1.0,35,1.0,,13,,4.0,6.0,2.0,2.0,7.0,93,26.0,28.0,5.0,4.0,0.5,0.5416666666666666,0.7272727272727273,0.34375,,0.3333333333333333,0.34375,0.52,0.6666666666666666,0.4166666666666667,0.5182926829268293,0.3636363636363636,0.4523809523809524,0.5255102040816326,0.3928571428571428,0.4642857142857143,0.3902439024390244,0.1,0.1428571428571428,0.0833333333333333,,0.625,0.8333333333333334,0.6551724137931034,0.391304347826087,0.8,0.3157894736842105,0.7045454545454546,0.3571428571428571,0.4545454545454545,0.5,0.2941176470588235,0.5,0.375,0.6923076923076923,0.875,0.7777777777777778,0.8333333333333334,0.0789473684210526,97.0,13.833333333333334,15.83673469387755,13.135416666666666,15.091836734693878,0.2560975609756097,0.5238095238095238,0.6111111111111112,0.6363636363636364,0.2926829268292683,0.5,0.5454545454545454,0.5,0.0609756097560975,0.6,0.6,,0.0609756097560975,0.6,0.6,0.6666666666666666,0.3292682926829268,0.2962962962962963,0.2962962962962963,0.75,0.3636363636363636,0.75,,,,0.4545454545454545,,,0.4285714285714285,0.3333333333333333,0.6463414634146342,0.2962962962962963,0.519610625,0.5219583333333333,0.4832315789473684,0.1382978723404255,0.2096774193548387,,0.1142857142857142,0.2476190476190476,6.417999999999999,27.21,0.2916666666666667,2026-01-16,22500591,MIN,2.0,3.0,,,4.0,,1.0,2.0,4.0,,,0.3,0.5714285714285714,0.1428571428571428,0.6666666666666666,,,,,,,,2.0,,,1.0,1.0,,1.0,,,2025-26,2026,Regular Season,1610612745,HOU
48:00,98,98,10.0,12,9,196,16,20,2.0,3.0,17,34,1.0,8,3.0,4,,,7,24,2.0,3.0,2.0,5.0,34,62,10,28,12,110,2.0,6.0,2.0,3.0,13.0,4.0,6.0,2.0,5.0,,14.0,38,30,24,6.0,4.0,24,7,4,19,8,27,5,3.0,9,9.0,1.0,62,4.0,7,15,13,2.0,30,11,41,1.0,10,7.0,3.0,9,2.0,6.0,5,2.0,3.0,,14,1.0,1.0,10,16,,12,,1.0,1.0,15,2.0,1.0,8,1.0,,3.0,1.0,2.0,5.0,97,14.0,10.0,1.0,,0.5588235294117647,0.59375,0.8,0.3571428571428571,0.6666666666666666,0.4,0.3571428571428571,0.5483870967741935,0.3333333333333333,0.6666666666666666,0.5444444444444444,0.5555555555555556,0.6363636363636364,0.5729166666666666,0.65,0.6363636363636364,0.3111111111111111,0.064516129032258,,0.1176470588235294,,0.6428571428571429,0.6666666666666666,0.5909090909090909,0.25,0.6521739130434783,0.25,0.6222222222222222,0.25,0.2352941176470588,0.2857142857142857,0.2,1.0,0.5,0.5384615384615384,1.0,0.7647058823529411,0.3333333333333333,0.025,98.0,13.127551020408164,16.260204081632654,12.39183673469388,15.58469387755102,0.2222222222222222,0.8,0.8,0.5625,0.3777777777777777,0.5,0.5666666666666667,0.5294117647058824,0.0888888888888888,0.125,0.125,1.0,0.0444444444444444,0.75,0.75,1.0,0.2666666666666666,0.2916666666666667,0.2916666666666667,0.7142857142857143,0.3333333333333333,0.6666666666666666,,,,0.3333333333333333,0.6666666666666666,0.5,0.4545454545454545,0.4,0.5333333333333333,0.2916666666666667,0.4891136363636363,0.5725833333333333,0.44652,0.09375,0.1176470588235294,0.0357142857142857,0.1181818181818181,0.1272727272727272,7.008064516129032,26.54615384615385,0.1020408163265306,2026-01-18,22500604,NOP,2.0,2.0,,,3.0,,,,3.0,,,0.25,0.6,0.1818181818181818,1.0,,,,1.0,,,,,,,2.0,1.0,,,1.0,,2025-26,2026,Regular Season,1610612745,HOU
48:00,97,97,7.0,19,20,194,14,17,5.0,5.0,9,26,4.0,12,4.0,12,1.0,2.0,10,39,1.0,6.0,,4.0,27,55,14,51,10,106,6.0,9.0,2.0,8.0,23.0,2.0,5.0,,5.0,,4.0,22,32,39,3.0,6.0,39,10,8,11,13,24,9,4.0,6,3.0,2.0,61,10.0,11,16,14,4.0,34,21,55,1.0,7,5.0,2.0,5,1.0,,4,2.0,5.0,,9,2.0,,10,16,,11,,1.0,1.0,10,1.0,,4,1.0,,5.0,4.0,1.0,5.0,83,4.0,7.0,,,0.4074074074074074,0.4583333333333333,0.9285714285714286,0.2745098039215686,0.25,,0.2745098039215686,0.4909090909090909,0.6666666666666666,0.4,0.4528301886792453,0.5294117647058824,0.2,0.4818181818181818,0.6052631578947368,0.2,0.4811320754716981,0.1454545454545454,0.1176470588235294,0.1923076923076923,0.0833333333333333,0.5555555555555556,1.0,0.6363636363636364,0.3928571428571428,0.9411764705882352,0.2857142857142857,0.7692307692307693,0.3333333333333333,0.3529411764705882,0.5,0.2592592592592592,0.375,0.5714285714285714,0.7,0.6,0.9333333333333332,1.0,0.0185185185185185,97.0,15.083505154639177,14.607216494845362,14.058762886597936,14.318556701030928,0.160377358490566,0.8235294117647058,0.9333333333333332,0.4285714285714285,0.2452830188679245,0.3461538461538461,0.4285714285714285,0.3333333333333333,0.1132075471698113,0.3333333333333333,0.3636363636363636,0.5,0.1132075471698113,0.3333333333333333,0.3636363636363636,1.0,0.3679245283018867,0.2564102564102564,0.2564102564102564,0.9,0.2941176470588235,1.0,0.1176470588235294,0.5,1.0,0.3529411764705882,0.1666666666666666,1.0,0.4,,0.6415094339622641,0.2564102564102564,0.5107271428571428,0.5318722222222223,0.4625149999999999,0.0454545454545454,0.0689655172413793,0.0192307692307692,0.2169811320754717,0.0377358490566037,7.998181818181818,25.528,0.0721649484536082,2026-01-20,22500615,SAS,1.0,1.0,,1.0,5.0,,,,3.0,1.0,,0.3333333333333333,0.6,0.1,1.0,0.1,,1.0,,0.0196078431372549,0.0833333333333333,0.4,,,,,,,,,,2025-26,2026,Regular Season,1610612745,HOU
52:59,103,104,18.0,38,10,207,26,35,5.0,6.0,7,12,5.0,10,5.0,11,,,6,21,,1.0,,,38,57,11,32,19,128,5.0,7.0,,1.0,10.0,9.0,11.0,2.0,2.0,6.0,30.0,60,16,33,,4.0,21,6,5,30,11,41,6,5.0,19,7.0,4.0,93,6.0,4,12,20,5.0,37,10,47,1.0,13,8.0,5.0,13,,7.0,2,1.0,6.0,,15,1.0,2.0,13,23,2.0,18,,,1.0,22,3.0,,8,1.0,2.0,3.0,2.0,1.0,4.0,118,28.0,17.0,2.0,1.0,0.7894736842105263,0.8333333333333334,1.0,0.34375,,1.0,0.34375,0.6666666666666666,0.7142857142857143,0.8181818181818182,0.6123595505617978,0.625,0.9230769230769232,0.6494845360824743,0.625,0.90625,0.3595505617977528,0.087719298245614,0.1142857142857142,,0.1,0.8666666666666667,0.625,0.6666666666666666,0.2105263157894736,0.5454545454545454,0.2857142857142857,0.6153846153846154,0.25,0.4,0.2,0.3333333333333333,0.1666666666666666,0.6,0.625,0.8571428571428571,0.625,0.3333333333333333,0.0285714285714285,93.73584905660384,14.429126213592234,16.286538461538445,13.977669902912622,14.574038461538445,0.3932584269662921,0.7428571428571429,0.8387096774193549,0.7307692307692307,0.1348314606741573,0.5833333333333334,0.5833333333333334,1.0,0.1123595505617977,0.5,0.5555555555555556,0.8,0.1235955056179775,0.4545454545454545,0.4545454545454545,1.0,0.2359550561797752,0.2857142857142857,0.2857142857142857,1.0,0.75,0.8333333333333334,,,,0.125,,,,,0.7528089887640449,0.2857142857142857,0.5689803370786517,0.5898666666666667,0.6352,0.0947368421052631,0.1290322580645161,0.0303030303030303,0.078125,0.234375,5.871929824561403,25.603125,0.174757281553398,2026-01-22,22500628,PHI,6.0,8.0,2.0,2.0,,,1.0,2.0,1.0,,,0.1111111111111111,0.25,0.6153846153846154,0.75,0.1538461538461538,1.0,,,,,0.6,,,,1.0,,,,1.0,,2025-26,2026,Regular Season,1610612745,HOU
48:00,98,98,29.0,31,12,196,25,35,2.0,3.0,5,13,3.0,4,4.0,9,2.0,2.0,3,23,1.0,2.0,,8.0,33,52,7,32,17,104,2.0,4.0,3.0,4.0,15.0,8.0,13.0,1.0,11.0,8.0,27.0,32,34,18,3.0,4.0,23,3,7,16,6,22,2,4.0,14,1.0,1.0,50,5.0,6,10,16,1.0,27,12,39,,9,7.0,2.0,11,1.0,4.0,6,1.0,7.0,,17,1.0,5.0,12,24,1.0,18,,1.0,2.0,24,3.0,,8,2.0,2.0,4.0,2.0,2.0,4.0,89,27.0,29.0,2.0,1.0,0.4848484848484848,0.5161290322580645,0.8571428571428571,0.21875,0.75,0.0909090909090909,0.21875,0.6346153846153846,0.5,0.6153846153846154,0.5178571428571429,0.8125,0.3958333333333333,0.5591397849462365,0.75,0.4821428571428571,0.3809523809523809,0.1346153846153846,0.1428571428571428,0.1538461538461538,,0.6470588235294118,1.0,0.6956521739130435,0.3157894736842105,0.5555555555555556,0.2083333333333333,0.6341463414634146,0.2558139534883721,0.25,,0.1578947368421052,0.4,0.6666666666666666,0.5555555555555556,1.0,0.625,,,98.0,13.741836734693878,15.64591836734694,13.112244897959185,15.073469387755102,0.4166666666666667,0.7142857142857143,0.8333333333333334,0.56,0.1547619047619047,0.3846153846153846,0.4545454545454545,0.2,0.0476190476190476,0.75,0.75,0.3333333333333333,0.1071428571428571,0.4444444444444444,0.4444444444444444,1.0,0.2738095238095238,0.1304347826086956,0.1304347826086956,0.6666666666666666,0.375,0.6666666666666666,0.25,1.0,1.0,0.25,0.5,,0.3333333333333333,,0.7976190476190477,0.1304347826086956,0.5516797619047619,0.5157700000000001,0.5453458333333333,0.1098901098901098,0.1403508771929824,0.0588235294117647,0.1442307692307692,0.2596153846153846,4.380769230769231,25.31875,0.2959183673469387,2026-01-23,22500635,DET,6.0,8.0,1.0,3.0,2.0,1.0,2.0,1.0,2.0,,0.3333333333333333,0.4,0.5,0.3333333333333333,0.75,0.125,0.3333333333333333,,,,,,,,,,,,1.0,,,2025-26,2026,Regular Season,1610612745,HOU
48:00,98,99,7.0,28,18,197,16,29,4.0,10.0,15,35,1.0,4,2.0,9,,,5,28,1.0,3.0,1.0,3.0,32,68,7,37,14,99,6.0,18.0,1.0,3.0,17.0,1.0,2.0,1.0,4.0,,5.0,38,26,21,,6.0,28,5,3,19,7,26,5,2.0,10,8.0,1.0,59,10.0,14,17,13,3.0,33,24,57,5.0,9,7.0,2.0,9,1.0,6.0,4,2.0,3.0,1.0,13,3.0,1.0,6,21,5.0,13,,1.0,1.0,17,3.0,,7,2.0,,5.0,,5.0,5.0,82,5.0,7.0,5.0,,0.59375,0.6551724137931034,1.0,0.1891891891891892,0.3333333333333333,0.25,0.1891891891891892,0.4705882352941176,0.3333333333333333,0.5,0.4047619047619047,0.3571428571428571,0.4166666666666667,0.4459459459459459,0.4047619047619047,0.4166666666666667,0.3523809523809524,0.0441176470588235,0.0689655172413793,,0.25,0.6923076923076923,1.0,0.52,0.3888888888888889,0.6296296296296297,0.3333333333333333,0.5769230769230769,0.3636363636363636,0.35,0.3333333333333333,0.391304347826087,0.1428571428571428,0.4285714285714285,0.5,0.75,0.6363636363636364,0.6,0.0793650793650793,98.49999999999994,13.75,15.479797979798,12.560204081632651,14.267676767676788,0.2761904761904762,0.5517241379310345,0.5925925925925926,0.625,0.3333333333333333,0.4285714285714285,0.4285714285714285,0.5333333333333333,0.0380952380952381,0.25,0.3333333333333333,1.0,0.0857142857142857,0.2222222222222222,0.2222222222222222,1.0,0.2666666666666666,0.1785714285714285,0.1785714285714285,1.0,0.4761904761904761,0.4,,,,0.1428571428571428,0.3333333333333333,1.0,0.5,0.3333333333333333,0.6285714285714286,0.1785714285714285,0.5175519047619048,0.5818192307692308,0.5146333333333334,0.0642201834862385,0.0972222222222222,,0.1717171717171717,0.0505050505050505,6.392647058823529,25.194594594594594,0.0714285714285714,2026-01-26,22500662,MEM,1.0,1.0,,1.0,2.0,,,,1.0,,,0.4615384615384615,0.2,0.1666666666666666,1.0,0.1666666666666666,,,,,,0.25,,,,,,,,,,2025-26,2026,Regular Season,1610612745,HOU
48:00,98,100,33.0,13,9,198,21,28,4.0,7.0,15,22,2.0,6,2.0,8,,,4,18,,1.0,1.0,9.0,38,56,6,26,17,111,5.0,8.0,,1.0,11.0,13.0,19.0,1.0,9.0,4.0,33.0,44,32,18,,2.0,18,4,8,22,6,28,4,2.0,12,10.0,,62,4.0,6,11,26,2.0,39,10,49,1.0,5,5.0,,12,1.0,7.0,3,,5.0,,15,,5.0,8,15,,18,,1.0,1.0,24,2.0,,12,,1.0,8.0,,6.0,8.0,100,33.0,33.0,1.0,1.0,0.5789473684210527,0.5945945945945946,1.0,0.2307692307692307,,0.1111111111111111,0.2307692307692307,0.6785714285714286,0.625,0.6842105263157895,0.573170731707317,0.5555555555555556,0.5178571428571429,0.5967741935483871,0.55,0.532258064516129,0.3170731707317073,0.1428571428571428,0.1428571428571428,0.1818181818181818,,0.8,0.6666666666666666,0.6190476190476191,0.3333333333333333,0.7857142857142857,0.2105263157894736,0.6607142857142857,0.2702702702702703,0.5714285714285714,,0.2307692307692307,0.1666666666666666,0.2857142857142857,0.6538461538461539,0.7777777777777778,0.8181818181818182,0.6666666666666666,0.0344827586206896,99.0,12.503061224489796,16.547,12.0234693877551,15.559,0.3414634146341463,0.75,0.875,0.5714285714285714,0.2682926829268293,0.6818181818181818,0.8333333333333334,0.6666666666666666,0.073170731707317,0.3333333333333333,0.3333333333333333,,0.0975609756097561,0.25,0.25,1.0,0.2195121951219512,0.2222222222222222,0.2222222222222222,1.0,0.7777777777777778,0.5714285714285714,,,,0.1111111111111111,,,0.3214285714285714,0.1111111111111111,0.6585365853658537,0.2222222222222222,0.5629036585365853,0.5890166666666666,0.5531589285714286,0.1304347826086956,0.1818181818181818,,0.0990990990990991,0.2972972972972973,6.221428571428571,24.923076923076923,0.336734693877551,2026-01-28,22500679,SAS,9.0,10.0,,,1.0,,2.0,,4.0,,,0.2857142857142857,0.5,0.3571428571428571,0.9,,,,,,,0.5,2.0,,,,,,,,,2025-26,2026,Regular Season,1610612745,HOU
48:00,90,90,3.0,20,17,180,12,33,4.0,8.0,9,19,1.0,2,2.0,12,,1.0,10,27,5.0,7.0,,,22,54,12,39,6,86,4.0,8.0,5.0,8.0,26.0,1.0,2.0,,,,2.0,20,24,27,9.0,6.0,27,10,12,10,9,19,7,2.0,5,5.0,,47,7.0,12,11,19,2.0,32,19,51,2.0,7,3.0,4.0,8,1.0,3.0,4,1.0,5.0,,12,2.0,,8,16,2.0,11,,1.0,,7,,,2,1.0,,5.0,3.0,2.0,5.0,60,2.0,3.0,2.0,,0.4545454545454545,0.5263157894736842,0.75,0.3076923076923077,0.625,,0.3076923076923077,0.4074074074074074,0.5,0.5,0.4301075268817204,0.71875,0.5,0.4479166666666667,0.7647058823529411,0.5,0.4193548387096774,0.2222222222222222,0.3333333333333333,0.0526315789473684,,0.6666666666666666,0.4,0.5588235294117647,0.375,0.6111111111111112,0.2592592592592592,0.5769230769230769,0.3220338983050847,0.5,,0.2941176470588235,0.2,0.4210526315789473,0.7142857142857143,0.75,0.5454545454545454,0.7142857142857143,0.0444444444444444,90.0,14.53888888888889,17.461111111111112,13.64,16.334444444444443,0.3548387096774194,0.3636363636363636,0.5454545454545454,0.4166666666666667,0.2043010752688172,0.4736842105263157,0.5,0.5555555555555556,0.021505376344086,0.5,0.5,,0.1290322580645161,0.1666666666666666,0.1666666666666666,1.0,0.2903225806451613,0.3703703703703703,0.4,0.7,0.5,0.5,0.0625,,,0.4375,0.7142857142857143,0.8,,,0.7741935483870968,0.3703703703703703,0.5659688172043011,0.5822961538461539,0.33945,0.03125,0.0357142857142857,0.025,0.3023255813953488,0.0232558139534883,5.020370370370371,24.81538461538461,0.0333333333333333,2026-01-29,22500682,ATL,,,,,3.0,,1.0,,2.0,,,0.3333333333333333,0.4,,,,,2.0,,0.0512820512820512,,0.25,,0.074074074074074,,,,,,,,2025-26,2026,Regular Season,1610612745,HOU
47:59,99,99,30.0,3,15,198,12,20,5.0,7.0,18,39,1.0,10,2.0,3,1.0,1.0,8,20,1.0,1.0,3.0,5.0,31,69,10,23,15,107,9.0,12.0,2.0,2.0,25.0,10.0,24.0,4.0,6.0,7.0,39.0,18,44,30,,10.0,20,8,6,9,10,19,8,2.0,5,4.0,,48,3.0,12,12,28,1.0,41,15,56,2.0,3,1.0,2.0,10,,4.0,1,1.0,6.0,,11,1.0,2.0,7,12,1.0,20,,4.0,,26,4.0,,13,,2.0,4.0,2.0,2.0,4.0,82,39.0,30.0,,2.0,0.2903225806451613,0.3461538461538461,1.0,0.4347826086956521,1.0,0.6666666666666666,0.4347826086956521,0.4492753623188406,0.75,0.4166666666666667,0.5,0.8571428571428571,0.5333333333333333,0.5194174757281553,0.8928571428571429,0.5735294117647058,0.25,0.0869565217391304,0.05,0.1282051282051282,,0.9090909090909092,0.5,0.6086956521739131,0.3333333333333333,0.75,0.2307692307692307,0.6451612903225806,0.3061224489795918,0.3809523809523809,0.3333333333333333,0.25,,0.2857142857142857,0.7333333333333333,0.4444444444444444,0.7272727272727273,0.8,0.0465116279069767,99.00000000000006,13.389898989898988,15.70101010101008,12.85252525252525,14.40101010101008,0.217391304347826,0.6,0.631578947368421,0.4166666666666667,0.4239130434782608,0.4615384615384615,0.5294117647058824,0.2222222222222222,0.108695652173913,0.1,0.1,,0.0326086956521739,0.6666666666666666,0.6666666666666666,1.0,0.217391304347826,0.4,0.4,1.0,0.5,0.7142857142857143,0.0714285714285714,1.0,1.0,0.0714285714285714,1.0,1.0,0.1666666666666666,0.6,0.4673913043478261,0.4,0.482020652173913,0.5485291666666666,0.469455,0.1287128712871287,0.1666666666666666,,0.2336448598130841,0.3644859813084112,6.940579710144927,25.44347826086957,0.303030303030303,2026-01-31,22500701,DAL,3.0,7.0,1.0,1.0,1.0,,,,2.0,,,0.1666666666666666,0.5,0.2333333333333333,0.4285714285714285,0.0333333333333333,1.0,,,,,,,,,,,,,,1.0,2025-26,2026,Regular Season,1610612745,HOU
48:00,97,98,28.0,47,7,195,12,19,2.0,4.0,15,31,4.0,11,1.0,1,,,11,26,,1.0,3.0,7.0,31,61,12,27,16,114,3.0,5.0,,1.0,8.0,10.0,19.0,3.0,7.0,3.0,32.0,42,20,36,,6.0,26,11,6,21,12,33,11,1.0,10,7.0,4.0,78,3.0,5,10,16,1.0,27,8,35,2.0,10,5.0,5.0,7,1.0,2.0,3,1.0,5.0,,10,1.0,3.0,18,27,1.0,17,,1.0,1.0,21,7.0,,13,,1.0,6.0,4.0,2.0,6.0,106,32.0,28.0,1.0,1.0,0.6774193548387096,0.75,1.0,0.4444444444444444,,0.4285714285714285,0.4444444444444444,0.5081967213114754,0.6,0.5263157894736842,0.5568181818181818,0.5,0.5576923076923077,0.6,0.5714285714285714,0.5925925925925926,0.3068181818181818,0.0983606557377049,0.1578947368421052,0.0967741935483871,,0.7,0.5,0.5,0.1666666666666666,0.7142857142857143,0.2142857142857142,0.5652173913043478,0.1818181818181818,0.1875,,0.2142857142857142,,0.4615384615384615,0.5833333333333334,0.4285714285714285,0.7692307692307693,,0.0526315789473684,97.5,12.54639175257732,16.96938775510204,12.463917525773196,16.206122448979592,0.2159090909090909,0.631578947368421,0.75,0.8333333333333334,0.3522727272727273,0.4838709677419355,0.5357142857142857,0.4666666666666667,0.125,0.3636363636363636,0.3636363636363636,1.0,0.0113636363636363,1.0,1.0,1.0,0.2954545454545454,0.4230769230769231,0.4230769230769231,1.0,0.6666666666666666,0.5,,,,0.1666666666666666,,,0.2692307692307692,0.4285714285714285,0.5227272727272727,0.4230769230769231,0.5097459770114943,0.64245,0.52607,0.1382978723404255,0.1940298507462686,,0.0701754385964912,0.2807017543859649,8.344262295081966,26.05,0.2886597938144329,2026-02-02,22500713,IND,5.0,7.0,,,2.0,,1.0,,3.0,,,0.2857142857142857,0.5,0.2692307692307692,0.7142857142857143,,,,,,,,,,,,,,,,,2025-26,2026,Regular Season,1610612745,HOU
48:00,89,90,18.0,18,17,179,8,11,4.0,4.0,11,22,1.0,6,3.0,9,,1.0,16,42,5.0,10.0,2.0,10.0,20,39,19,51,17,114,4.0,7.0,5.0,11.0,29.0,4.0,7.0,2.0,11.0,10.0,24.0,26,14,39,18.0,6.0,42,16,5,13,13,26,10,3.0,5,7.0,1.0,65,12.0,11,14,20,5.0,39,23,62,2.0,6,1.0,5.0,10,,4.0,5,2.0,6.0,,15,3.0,2.0,10,18,,17,,2.0,1.0,20,1.0,,7,,2.0,6.0,2.0,4.0,6.0,85,24.0,18.0,1.0,2.0,0.65,0.7647058823529411,0.6842105263157895,0.3725490196078431,0.4545454545454545,0.1818181818181818,0.3725490196078431,0.5128205128205128,0.5714285714285714,0.5714285714285714,0.5388888888888889,0.6388888888888888,0.3888888888888889,0.5714285714285714,0.675,0.5,0.5666666666666667,0.1282051282051282,0.1818181818181818,0.0909090909090909,0.1666666666666666,0.6666666666666666,1.0,0.6896551724137931,0.5789473684210527,0.7777777777777778,0.3870967741935484,0.723404255319149,0.46,0.6363636363636364,0.4,0.4,0.3333333333333333,0.6666666666666666,0.7142857142857143,0.5,0.75,1.0,0.0444444444444444,89.5,17.386516853932584,14.806666666666665,15.98876404494382,14.227777777777778,0.1222222222222222,0.7272727272727273,0.8888888888888888,0.625,0.2444444444444444,0.5,0.55,0.6363636363636364,0.0666666666666666,0.1666666666666666,0.2,1.0,0.1,0.3333333333333333,0.3333333333333333,1.0,0.4666666666666667,0.3809523809523809,0.3809523809523809,0.625,0.2222222222222222,1.0,0.0555555555555555,,,0.5555555555555556,0.5,0.8,0.5555555555555556,0.2,0.6888888888888889,0.3809523809523809,0.5039522222222222,0.50454,0.4682805555555556,0.0729166666666666,0.1555555555555555,,0.2543859649122807,0.2105263157894736,7.6923076923076925,26.266666666666666,0.2022471910112359,2026-02-04,22500728,BOS,,,,1.0,6.0,,1.0,3.0,5.0,,,0.6666666666666666,0.8333333333333334,,,0.0555555555555555,,,,,,0.25,,,,,,,,,,2025-26,2026,Regular Season,1610612745,HOU
48:00,95,95,14.0,18,17,190,9,15,4.0,6.0,8,20,2.0,9,7.0,11,1.0,3.0,10,32,2.0,6.0,,3.0,19,44,17,43,20,109,5.0,8.0,3.0,9.0,23.0,,5.0,,5.0,6.0,6.0,14,24,42,9.0,8.0,32,10,4,7,14,21,7,7.0,1,5.0,1.0,56,11.0,11,11,19,1.0,31,23,54,1.0,14,8.0,6.0,17,2.0,10.0,5,,7.0,,22,5.0,6.0,8,15,1.0,16,1.0,1.0,1.0,22,1.0,,10,1.0,,4.0,2.0,1.0,5.0,86,6.0,14.0,1.0,,0.3684210526315789,0.4666666666666667,0.8235294117647058,0.3953488372093023,0.3333333333333333,,0.3953488372093023,0.4318181818181818,0.625,,0.5114942528735632,0.5588235294117647,,0.5618556701030928,0.6052631578947368,0.2307692307692307,0.4942528735632184,0.0909090909090909,0.0666666666666666,0.1,0.1111111111111111,0.7727272727272727,1.0,0.6333333333333333,0.4583333333333333,0.7333333333333333,0.4230769230769231,0.6666666666666666,0.44,0.4166666666666667,0.3333333333333333,0.4545454545454545,0.25,0.5555555555555556,0.5625,1.0,0.7272727272727273,0.75,0.0217391304347826,95.0,16.721052631578946,13.594736842105265,15.623157894736842,12.961052631578946,0.1724137931034483,0.6,0.6428571428571429,0.1111111111111111,0.2298850574712643,0.4,0.4444444444444444,0.625,0.1034482758620689,0.2222222222222222,0.25,0.5,0.1264367816091954,0.6363636363636364,0.6363636363636364,1.0,0.367816091954023,0.3125,0.3225806451612903,0.7,0.3529411764705882,0.6666666666666666,0.1764705882352941,0.3333333333333333,1.0,0.3529411764705882,0.3333333333333333,1.0,0.3,,0.6666666666666666,0.3125,0.5306201149425287,0.5488357142857143,0.549145,0.1134020618556701,0.1886792452830188,0.0227272727272727,0.2110091743119266,0.055045871559633,8.536363636363637,25.37209302325581,0.1473684210526315,2026-02-05,22500737,CHA,,3.0,,2.0,4.0,1.0,,,2.0,,1.0,0.6666666666666666,0.4,0.3,,0.2,,1.0,,0.0232558139534883,,,1.0,0.03125,,1.0,,,1.0,1.0,,2025-26,2026,Regular Season,1610612745,HOU
48:00,95,97,37.0,14,15,192,20,32,4.0,5.0,2,9,1.0,5,2.0,10,1.0,2.0,12,26,3.0,6.0,4.0,10.0,23,46,14,36,18,106,4.0,6.0,4.0,8.0,21.0,3.0,14.0,4.0,14.0,8.0,26.0,26,20,36,6.0,4.0,26,12,4,13,12,25,10,2.0,11,1.0,1.0,62,7.0,7,21,9,3.0,33,16,49,1.0,10,8.0,2.0,12,2.0,6.0,5,,6.0,,17,1.0,7.0,10,20,,23,2.0,2.0,,28,1.0,,9,1.0,4.0,2.0,1.0,1.0,2.0,85,26.0,37.0,4.0,4.0,0.5652173913043478,0.6190476190476191,0.8571428571428571,0.3888888888888889,0.5,0.2857142857142857,0.3888888888888889,0.5,0.6666666666666666,0.2142857142857142,0.5365853658536586,0.7142857142857143,0.3214285714285714,0.5578947368421052,0.7,0.3714285714285714,0.4390243902439024,0.0869565217391304,0.09375,0.1111111111111111,,0.7058823529411765,1.0,0.5294117647058824,0.3181818181818182,0.7777777777777778,0.3181818181818182,0.6818181818181818,0.3181818181818182,0.2857142857142857,,0.3571428571428571,0.25,0.1666666666666666,0.6666666666666666,0.8,0.7333333333333333,0.8333333333333334,0.0256410256410256,96.0,13.774736842105265,16.2,13.042105263157897,15.394845360824744,0.3902439024390244,0.625,0.6896551724137931,0.55,0.1097560975609756,0.2222222222222222,0.25,0.5,0.0609756097560975,0.2,0.2,1.0,0.1219512195121951,0.2,0.2,1.0,0.3170731707317073,0.4615384615384615,0.48,0.8333333333333334,0.3571428571428571,0.8,0.1428571428571428,0.5,1.0,0.4285714285714285,0.5,0.6666666666666666,0.3571428571428571,0.4,0.8292682926829268,0.4615384615384615,0.575519512195122,0.5634857142857143,0.5422482142857142,0.1098901098901098,0.1666666666666666,0.027027027027027,0.1981132075471698,0.2452830188679245,4.708695652173913,25.34722222222222,0.3894736842105263,2026-02-07,22500748,OKC,3.0,8.0,,4.0,1.0,2.0,,,1.0,1.0,0.4,0.4166666666666667,0.5,0.2857142857142857,0.375,0.1428571428571428,,1.0,,0.0277777777777777,,0.25,,0.0384615384615384,,,,,1.0,,,2025-26,2026,Regular Season,1610612745,HOU
48:00,92,92,14.0,15,15,184,14,23,3.0,7.0,11,25,3.0,10,4.0,8,,,4,23,,1.0,,2.0,28,58,8,31,15,95,6.0,13.0,,1.0,17.0,6.0,9.0,1.0,3.0,3.0,18.0,32,24,24,,6.0,23,4,5,16,8,24,4,4.0,9,5.0,2.0,56,9.0,10,9,20,2.0,31,19,50,3.0,11,8.0,3.0,7,1.0,3.0,5,,4.0,,12,,3.0,8,18,1.0,15,,1.0,,23,3.0,,13,,,5.0,2.0,3.0,5.0,78,18.0,14.0,,,0.5714285714285714,0.64,1.0,0.2580645161290322,,0.3333333333333333,0.2580645161290322,0.4827586206896552,0.4615384615384615,0.6666666666666666,0.449438202247191,0.4285714285714285,0.625,0.4797979797979798,0.4722222222222222,0.6428571428571429,0.348314606741573,0.0862068965517241,,0.2,,0.5833333333333334,1.0,0.7142857142857143,0.3333333333333333,0.6,0.4090909090909091,0.6744186046511628,0.3653846153846153,0.2142857142857142,0.2857142857142857,0.4444444444444444,0.25,0.6,0.6875,0.8571428571428571,0.5384615384615384,1.0,0.0638297872340425,92.0,14.728260869565217,16.57608695652174,13.832608695652173,15.335869565217392,0.2584269662921348,0.6086956521739131,0.6086956521739131,0.6428571428571429,0.2808988764044944,0.44,0.55,0.4545454545454545,0.1123595505617977,0.3,0.3,0.6666666666666666,0.0898876404494382,0.5,0.5,1.0,0.2584269662921348,0.1739130434782608,0.1739130434782608,1.0,0.5,0.4285714285714285,,,,0.0714285714285714,,,0.1666666666666666,,0.6067415730337079,0.1739130434782608,0.5177585227272727,0.548175,0.5609727272727273,0.1313131313131313,0.1911764705882352,,0.1789473684210526,0.1894736842105263,7.393103448275863,26.03666666666667,0.1521739130434782,2026-02-10,22500772,LAC,4.0,5.0,1.0,1.0,5.0,,1.0,,1.0,,,0.5555555555555556,0.2,0.4166666666666667,0.8,0.0833333333333333,1.0,,,,,,,,,,,,,,,2025-26,2026,Regular Season,1610612745,HOU
48:00,93,91,21.0,12,9,184,15,20,1.0,2.0,9,23,1.0,6,4.0,8,,,7,21,,,,3.0,25,49,11,29,22,105,2.0,4.0,,,6.0,6.0,11.0,,5.0,10.0,22.0,22,28,30,3.0,,21,7,8,11,10,21,6,4.0,6,4.0,1.0,52,5.0,4,15,9,2.0,26,9,35,,13,9.0,4.0,3,3.0,2.0,8,,1.0,,11,3.0,1.0,8,15,1.0,17,,1.0,2.0,26,2.0,,12,,2.0,6.0,4.0,1.0,7.0,99,22.0,21.0,1.0,2.0,0.44,0.44,0.9090909090909092,0.3793103448275862,,,0.3793103448275862,0.5102040816326531,0.5,0.5454545454545454,0.532051282051282,0.5,0.375,0.5833333333333334,0.6,0.5238095238095238,0.3717948717948718,0.1632653061224489,0.1,0.2608695652173913,,0.2727272727272727,1.0,0.4736842105263157,0.1666666666666666,0.625,0.3125,0.5581395348837209,0.225,0.1428571428571428,,0.25,0.5,0.75,0.3636363636363636,0.5,0.7142857142857143,0.5,,92.0,14.501075268817203,16.82857142857143,14.14516129032258,15.971428571428572,0.2564102564102564,0.75,0.8333333333333334,0.4,0.2948717948717949,0.391304347826087,0.5294117647058824,0.4444444444444444,0.0769230769230769,0.1666666666666666,0.1666666666666666,1.0,0.1025641025641025,0.5,0.5,1.0,0.2692307692307692,0.3333333333333333,0.35,0.8571428571428571,0.5,0.5,,,,,,,0.1875,,0.6282051282051282,0.3333333333333333,0.5021577922077922,0.3904,0.4463333333333333,0.1363636363636363,0.2033898305084746,,0.0571428571428571,0.2095238095238095,7.261224489795919,25.89642857142857,0.2258064516129032,2026-02-11,22500782,LAC,1.0,2.0,,2.0,2.0,,,,3.0,,,0.4,0.4285714285714285,0.125,0.5,0.125,,1.0,1.0,0.0344827586206896,,1.0,1.0,0.0476190476190476,1.0,1.0,,,1.0,1.0,,2025-26,2026,Regular Season,1610612745,HOU
47:59,92,94,21.0,6,13,186,11,18,1.0,2.0,8,19,3.0,5,5.0,9,2.0,3.0,9,33,3.0,7.0,2.0,11.0,22,42,14,42,15,101,1.0,3.0,5.0,10.0,17.0,3.0,9.0,5.0,14.0,1.0,22.0,24,20,39,3.0,2.0,33,9,7,12,13,25,8,5.0,7,4.0,1.0,63,10.0,4,18,16,1.0,35,15,50,,7,4.0,3.0,15,1.0,10.0,1,,5.0,,16,2.0,3.0,6,11,,15,,1.0,2.0,18,1.0,,8,1.0,,2.0,1.0,1.0,2.0,84,22.0,21.0,1.0,,0.5454545454545454,0.5714285714285714,0.9285714285714286,0.3333333333333333,0.5,0.3571428571428571,0.3333333333333333,0.5238095238095238,0.3333333333333333,0.3333333333333333,0.5119047619047619,0.6538461538461539,0.4565217391304347,0.5489130434782609,0.6538461538461539,0.4583333333333333,0.5,0.1666666666666666,0.3333333333333333,0.0526315789473684,,0.9375,1.0,0.8,0.2,0.8181818181818182,0.3703703703703703,0.8095238095238095,0.2978723404255319,0.1818181818181818,,0.4347826086956521,,1.0,0.75,0.6666666666666666,0.875,0.6666666666666666,,93.00000000000006,16.553260869565197,14.437234042553191,15.644565217391284,14.245744680851065,0.2142857142857142,0.6111111111111112,0.9166666666666666,0.6363636363636364,0.2261904761904762,0.4210526315789473,0.4444444444444444,0.5,0.0595238095238095,0.6,0.6,0.3333333333333333,0.1071428571428571,0.5555555555555556,0.5555555555555556,1.0,0.3928571428571428,0.2727272727272727,0.28125,0.8888888888888888,0.1538461538461538,0.5,0.2307692307692307,0.6666666666666666,1.0,0.5384615384615384,0.4285714285714285,1.0,0.4782608695652174,0.1818181818181818,0.7142857142857143,0.2727272727272727,0.525902380952381,0.5661916666666666,0.4606413043478261,0.0978260869565217,0.1632653061224489,0.0232558139534883,0.1683168316831683,0.2178217821782178,7.661904761904762,26.354761904761908,0.2282608695652173,2026-02-19,22500792,CHA,1.0,3.0,3.0,3.0,,1.0,,,2.0,,0.5,0.2857142857142857,1.0,0.1304347826086956,0.3333333333333333,0.1304347826086956,1.0,1.0,,0.0238095238095238,,,,0.0303030303030303,,,,,,,,2025-26,2026,Regular Season,1610612745,HOU
48:00,94,95,11.0,25,9,189,22,33,5.0,7.0,4,12,6.0,14,6.0,11,1.0,1.0,4,16,,,1.0,3.0,32,59,10,27,14,108,5.0,7.0,1.0,1.0,15.0,,4.0,1.0,3.0,8.0,11.0,32,32,30,,6.0,16,4,6,16,10,26,4,6.0,13,1.0,2.0,62,5.0,5,13,11,,24,10,34,3.0,11,4.0,7.0,5,5.0,2.0,7,,3.0,,12,,3.0,8,19,2.0,20,2.0,1.0,2.0,16,1.0,,4,,4.0,,,,,93,8.0,9.0,4.0,2.0,0.5,0.5517241379310345,1.0,0.3703703703703703,1.0,0.3333333333333333,0.3703703703703703,0.5423728813559322,0.7142857142857143,,0.5465116279069767,0.8125,0.2142857142857142,0.5752688172043011,0.8333333333333334,0.4545454545454545,0.313953488372093,0.1016949152542373,0.1515151515151515,0.0833333333333333,,0.4166666666666667,,0.4782608695652174,0.1923076923076923,0.6842105263157895,0.2941176470588235,0.5714285714285714,0.2325581395348837,0.375,,0.4166666666666667,,0.7142857142857143,0.5555555555555556,0.1428571428571428,0.6923076923076923,0.6666666666666666,0.081081081081081,94.5,14.920212765957446,15.552631578947368,14.725531914893615,14.797894736842103,0.3837209302325581,0.6666666666666666,0.7857142857142857,0.5909090909090909,0.1395348837209302,0.3333333333333333,0.3636363636363636,0.25,0.1627906976744186,0.4285714285714285,0.4285714285714285,0.3333333333333333,0.127906976744186,0.5454545454545454,0.5454545454545454,1.0,0.1860465116279069,0.25,0.25,1.0,0.875,0.7142857142857143,0.125,1.0,1.0,,,,0.4285714285714285,0.3333333333333333,0.6976744186046512,0.25,0.584215294117647,0.69773,0.4672916666666666,0.0449438202247191,0.064516129032258,,0.1388888888888889,0.1018518518518518,6.538983050847458,24.65,0.1170212765957446,2026-02-21,22500816,NYK,,1.0,,,2.0,,1.0,1.0,,,,0.1818181818181818,,0.1428571428571428,,,,,,,,0.4,,,,,,,,,,2025-26,2026,Regular Season,1610612745,HOU
48:00,108,108,23.0,7,11,216,19,32,4.0,8.0,8,18,1.0,4,1.0,7,,1.0,7,38,1.0,5.0,,10.0,28,54,8,45,25,105,5.0,10.0,1.0,6.0,15.0,7.0,11.0,,12.0,6.0,20.0,36,20,15,9.0,6.0,38,7,7,18,5,23,4,1.0,11,6.0,1.0,51,10.0,6,14,12,1.0,27,16,43,,17,10.0,7.0,10,,4.0,2,,6.0,,12,,2.0,6,10,1.0,20,,2.0,1.0,30,4.0,,16,,1.0,3.0,,3.0,3.0,90,20.0,23.0,,1.0,0.6428571428571429,0.72,0.625,0.1777777777777777,0.1666666666666666,,0.1777777777777777,0.5185185185185185,0.5,0.6363636363636364,0.404040404040404,0.40625,0.3043478260869565,0.46875,0.46875,0.4,0.4545454545454545,0.1296296296296296,0.1875,0.0555555555555555,,0.8333333333333334,1.0,0.8,0.2307692307692307,0.6363636363636364,0.2857142857142857,0.7027027027027027,0.2622950819672131,0.2,0.3333333333333333,0.2758620689655172,0.3333333333333333,0.75,0.8333333333333334,0.8,0.5882352941176471,0.8,,108.0,13.346296296296297,13.32037037037037,12.820370370370371,12.937037037037037,0.3232323232323232,0.59375,0.7307692307692307,0.5789473684210527,0.1818181818181818,0.4444444444444444,0.4705882352941176,0.75,0.0404040404040404,0.25,0.25,1.0,0.0707070707070707,0.1428571428571428,0.1428571428571428,1.0,0.3838383838383838,0.1842105263157894,0.1891891891891892,0.5714285714285714,0.5,0.5,0.0625,,,0.3125,0.2,1.0,0.4347826086956521,,0.7777777777777778,0.1842105263157894,0.5463433673469388,0.5132714285714286,0.5633363636363636,0.1441441441441441,0.2424242424242424,,0.1428571428571428,0.1904761904761904,5.346296296296296,25.318181818181817,0.2129629629629629,2026-02-23,22500830,UTA,5.0,7.0,,2.0,2.0,,,,2.0,,,0.2307692307692307,0.6666666666666666,0.3043478260869565,0.7142857142857143,0.0869565217391304,,1.0,,0.0222222222222222,,0.25,,0.0263157894736842,1.0,,,,,,,2025-26,2026,Regular Season,1610612745,HOU
48:00,96,97,25.0,12,14,193,11,21,3.0,10.0,10,26,9.0,14,1.0,7,,1.0,6,25,,,2.0,10.0,30,61,7,32,16,97,4.0,13.0,,1.0,14.0,6.0,12.0,2.0,12.0,1.0,19.0,32,28,18,3.0,4.0,25,6,7,16,6,22,5,1.0,6,7.0,3.0,50,9.0,10,17,11,,28,19,47,3.0,9,6.0,3.0,6,4.0,3.0,6,,3.0,1.0,12,2.0,3.0,7,14,1.0,14,,2.0,,20,1.0,,8,1.0,1.0,2.0,1.0,1.0,2.0,83,19.0,25.0,1.0,1.0,0.5333333333333333,0.5714285714285714,0.8571428571428571,0.21875,,0.1666666666666666,0.21875,0.4918032786885246,0.3076923076923077,0.5,0.4354838709677419,0.2857142857142857,0.375,0.4754901960784313,0.4117647058823529,0.38,0.3440860215053763,0.1147540983606557,0.0952380952380952,0.1923076923076923,,0.5,,0.6875,0.3225806451612903,0.7727272727272727,0.375,0.7368421052631579,0.3454545454545454,0.25,0.4,0.3333333333333333,0.5,0.5,0.8333333333333334,1.0,0.7692307692307693,0.7777777777777778,0.0638297872340425,96.5,13.748958333333334,16.083505154639173,12.979166666666666,15.80721649484536,0.2258064516129032,0.5238095238095238,0.5789473684210527,0.5454545454545454,0.2795698924731182,0.3846153846153846,0.4761904761904761,0.7,0.1505376344086021,0.6428571428571429,0.6428571428571429,0.3333333333333333,0.075268817204301,0.1428571428571428,0.1428571428571428,1.0,0.2688172043010752,0.24,0.25,0.8333333333333334,0.7142857142857143,0.3,0.0714285714285714,,,,,,0.4166666666666667,0.2,0.5698924731182796,0.24,0.5089870967741935,0.5707333333333333,0.5354770833333333,0.0891089108910891,0.1176470588235294,0.0303030303030303,0.1443298969072164,0.1958762886597938,7.61311475409836,26.421875,0.2604166666666667,2026-02-25,22500845,SAC,1.0,4.0,,2.0,6.0,,1.0,,1.0,,,0.4,0.5,0.1666666666666666,0.25,0.0833333333333333,,1.0,,0.03125,,,,0.04,,,,,,,,2025-26,2026,Regular Season,1610612745,HOU
48:00,90,91,30.0,26,17,181,20,28,3.0,4.0,3,15,2.0,8,3.0,7,2.0,3.0,12,30,5.0,5.0,4.0,7.0,25,51,15,37,13,108,3.0,6.0,7.0,8.0,30.0,7.0,16.0,5.0,10.0,4.0,33.0,26,24,36,9.0,2.0,30,12,8,13,12,25,9,3.0,10,2.0,1.0,62,8.0,9,12,12,3.0,27,18,45,1.0,11,7.0,4.0,7,3.0,4.0,5,,3.0,,12,1.0,5.0,6,16,2.0,17,,2.0,,21,3.0,,10,,2.0,4.0,3.0,1.0,4.0,78,33.0,30.0,3.0,2.0,0.52,0.5416666666666666,0.8,0.4054054054054054,0.875,0.5,0.4054054054054054,0.4901960784313725,0.5,0.4375,0.5397727272727273,0.9642857142857144,0.5576923076923077,0.5567010309278351,0.8823529411764706,0.5689655172413793,0.4204545454545454,0.1568627450980392,0.2142857142857142,0.0666666666666666,0.125,0.5833333333333334,1.0,0.5714285714285714,0.3461538461538461,0.7058823529411765,0.4210526315789473,0.631578947368421,0.3777777777777777,0.3333333333333333,0.3333333333333333,0.4375,0.3333333333333333,0.5,0.6363636363636364,0.5,0.7777777777777778,0.625,0.0277777777777777,90.5,15.037777777777778,16.775824175824173,14.092222222222224,15.508791208791209,0.3181818181818182,0.7142857142857143,0.9090909090909092,0.5,0.1704545454545454,0.2,0.2142857142857142,0.6666666666666666,0.0909090909090909,0.25,0.2857142857142857,0.5,0.0795454545454545,0.4285714285714285,0.4285714285714285,1.0,0.3409090909090909,0.4,0.4137931034482758,0.75,0.2857142857142857,0.75,0.2142857142857142,0.6666666666666666,1.0,0.3571428571428571,1.0,0.6,0.2692307692307692,0.5714285714285714,0.7386363636363636,0.4,0.5341022727272727,0.5474388888888888,0.5042442307692308,0.1052631578947368,0.1724137931034483,,0.2777777777777778,0.3055555555555556,6.531372549019609,25.97567567567568,0.3333333333333333,2026-02-26,22500852,ORL,5.0,9.0,1.0,3.0,3.0,1.0,,,3.0,,0.25,0.375,0.75,0.3461538461538461,0.5555555555555556,0.1153846153846153,0.3333333333333333,1.0,,0.027027027027027,,0.6666666666666666,,0.0333333333333333,1.0,,,,,,,2025-26,2026,Regular Season,1610612745,HOU
48:00,97,98,10.0,25,12,195,24,33,6.0,11.0,8,22,2.0,4,1.0,2,,,10,29,1.0,2.0,,,34,59,11,31,14,115,6.0,12.0,1.0,2.0,15.0,3.0,8.0,,,5.0,11.0,26,42,27,6.0,10.0,29,10,2,13,9,22,8,1.0,7,5.0,1.0,53,8.0,8,15,19,3.0,37,16,53,4.0,3,,3.0,6,2.0,3.0,8,1.0,3.0,1.0,14,1.0,1.0,11,18,2.0,18,1.0,1.0,2.0,20,2.0,,8,,3.0,3.0,1.0,2.0,4.0,100,11.0,10.0,1.0,3.0,0.3823529411764705,0.4482758620689655,0.8181818181818182,0.3548387096774194,0.5,,0.3548387096774194,0.576271186440678,0.5,0.375,0.5611111111111111,0.5357142857142857,0.375,0.5808080808080808,0.5357142857142857,0.5,0.3444444444444444,0.0338983050847457,0.0303030303030303,0.0454545454545454,,0.4285714285714285,1.0,0.7037037037037037,0.32,0.5555555555555556,0.4,0.6296296296296297,0.3555555555555555,0.3571428571428571,,0.4210526315789473,,0.5,0.8125,0.6666666666666666,0.4736842105263157,0.75,0.0930232558139534,97.5,13.650515463917523,15.8765306122449,13.195876288659791,14.95714285714286,0.3666666666666666,0.7272727272727273,0.75,0.2916666666666667,0.2444444444444444,0.3636363636363636,0.3809523809523809,0.625,0.0444444444444444,0.5,0.5,0.5,0.0222222222222222,0.5,0.5,1.0,0.3222222222222222,0.3448275862068966,0.3448275862068966,0.8,0.7857142857142857,0.5454545454545454,,,,0.1428571428571428,0.5,1.0,,,0.7111111111111111,0.3448275862068966,0.5614438888888889,0.6242666666666667,0.5713125,0.0833333333333333,0.123076923076923,,0.1304347826086956,0.0956521739130434,4.635593220338983,25.45483870967742,0.1030927835051546,2026-02-28,22500864,MIA,2.0,5.0,,,,,1.0,,3.0,,,0.3333333333333333,0.75,0.625,0.4,,,,,,,,,,,1.0,1.0,,,,,2025-26,2026,Regular Season,1610612745,HOU
48:00,102,101,15.0,43,9,203,16,21,2.0,3.0,6,21,3.0,14,7.0,10,1.0,1.0,12,27,3.0,3.0,2.0,5.0,25,56,19,37,11,118,3.0,5.0,4.0,4.0,18.0,6.0,8.0,3.0,6.0,5.0,26.0,16,34,36,21.0,4.0,27,12,5,8,12,20,6,6.0,8,,,52,2.0,7,9,15,1.0,25,9,34,,15,9.0,6.0,10,,5.0,3,,5.0,,13,,1.0,14,24,,17,,2.0,3.0,14,1.0,,5,,2.0,4.0,,4.0,4.0,100,26.0,15.0,1.0,2.0,0.32,0.3478260869565217,0.631578947368421,0.5135135135135135,1.0,0.5,0.5135135135135135,0.4464285714285714,0.6,0.75,0.5752688172043011,1.0,0.75,0.5909090909090909,1.0,0.78125,0.3978494623655914,0.0892857142857142,0.0952380952380952,0.1428571428571428,,0.7692307692307693,0.5,0.4838709677419355,0.2258064516129032,0.5625,0.125,0.5106382978723404,0.1914893617021276,0.2666666666666666,0.1818181818181818,0.1538461538461538,,0.1111111111111111,0.6,0.7142857142857143,0.5555555555555556,0.5714285714285714,,101.49999999999994,12.758823529411766,15.62970297029705,12.494117647058824,15.06138613861388,0.2258064516129032,0.7619047619047619,0.8421052631578947,0.5,0.2258064516129032,0.2857142857142857,0.3333333333333333,,0.1505376344086021,0.2142857142857142,0.2142857142857142,,0.1075268817204301,0.7,0.7,0.8571428571428571,0.2903225806451613,0.4444444444444444,0.4444444444444444,0.5,0.3333333333333333,0.6666666666666666,0.1111111111111111,1.0,,0.3333333333333333,1.0,1.0,0.3571428571428571,0.4,0.6236559139784946,0.4444444444444444,0.5237357142857143,0.5448642857142857,0.5767846153846153,0.0515463917525773,0.0833333333333333,,0.1525423728813559,0.2203389830508474,8.741071428571429,25.81142857142857,0.1470588235294117,2026-03-02,22500879,WAS,5.0,6.0,1.0,1.0,,,1.0,1.0,3.0,,,0.2,0.75,0.4285714285714285,0.8333333333333334,0.0714285714285714,1.0,,,,,,,,,,,,,,,2025-26,2026,Regular Season,1610612745,HOU
53:00,98,95,17.0,23,17,193,21,27,5.0,8.0,9,25,1.0,4,4.0,10,,1.0,10,28,1.0,2.0,1.0,3.0,31,56,14,38,11,115,7.0,12.0,1.0,3.0,17.0,3.0,6.0,2.0,6.0,5.0,17.0,32,30,39,3.0,8.0,28,10,2,16,13,29,9,4.0,9,6.0,1.0,71,8.0,10,11,18,1.0,30,20,50,4.0,10,6.0,4.0,11,3.0,7.0,8,1.0,4.0,1.0,19,5.0,5.0,5,23,3.0,17,,,1.0,15,5.0,,7,,3.0,5.0,3.0,2.0,5.0,98,17.0,17.0,1.0,2.0,0.5161290322580645,0.5925925925925926,0.9285714285714286,0.3684210526315789,0.3333333333333333,0.3333333333333333,0.3684210526315789,0.5535714285714286,0.5833333333333334,0.5,0.5531914893617021,0.5666666666666667,0.5,0.5808080808080808,0.5666666666666667,0.6071428571428571,0.4042553191489361,0.0357142857142857,,0.04,0.25,0.5789473684210527,0.5,0.6,0.4,0.55,0.3333333333333333,0.58,0.3673469387755102,0.3125,0.3333333333333333,0.3333333333333333,0.3333333333333333,0.4285714285714285,0.6470588235294118,0.6666666666666666,0.5,0.75,0.0851063829787234,87.39622641509429,16.678571428571427,16.268421052631602,15.674489795918369,15.371578947368445,0.2872340425531915,0.7777777777777778,0.7777777777777778,0.4285714285714285,0.2659574468085106,0.36,0.375,0.6666666666666666,0.0425531914893617,0.25,0.3333333333333333,1.0,0.1063829787234042,0.4,0.4,1.0,0.2978723404255319,0.3571428571428571,0.3571428571428571,0.9,0.5333333333333333,0.625,0.0666666666666666,,,0.1333333333333333,0.5,1.0,0.25,0.3333333333333333,0.6914893617021277,0.3571428571428571,0.5115728723404256,0.51155,0.4513,0.0729166666666666,0.1206896551724138,,0.1478260869565217,0.1478260869565217,5.264285714285714,25.571052631578947,0.173469387755102,2026-03-05,22500902,GSW,2.0,2.0,1.0,3.0,,2.0,3.0,,,,0.5,0.6666666666666666,,0.1666666666666666,1.0,0.25,0.3333333333333333,,,,,0.2,,,,,,,,,,2025-26,2026,Regular Season,1610612745,HOU
48:00,98,99,28.0,38,15,197,14,22,3.0,4.0,7,21,,1,3.0,12,,,9,28,,3.0,3.0,11.0,21,44,12,40,21,99,5.0,8.0,,3.0,15.0,7.0,10.0,3.0,16.0,6.0,29.0,20,22,30,6.0,6.0,28,9,9,10,10,20,7,3.0,9,1.0,,50,10.0,7,10,16,3.0,29,18,47,,17,12.0,5.0,9,2.0,6.0,7,,3.0,,16,3.0,5.0,11,20,1.0,25,1.0,1.0,3.0,37,3.0,,18,,2.0,2.0,,2.0,2.0,84,29.0,28.0,4.0,2.0,0.4761904761904761,0.5555555555555556,0.8333333333333334,0.3,,0.1875,0.3,0.4772727272727273,0.625,0.7,0.4642857142857143,0.4545454545454545,0.4423076923076923,0.4900990099009901,0.5,0.453125,0.4761904761904761,0.2045454545454545,0.2272727272727272,0.1904761904761904,,0.5625,1.0,0.7619047619047619,0.3043478260869565,0.7142857142857143,0.3846153846153846,0.7428571428571429,0.3469387755102041,0.2142857142857142,,0.2352941176470588,0.6666666666666666,0.5,0.6363636363636364,1.0,0.6666666666666666,0.8,,98.5,14.261224489795918,14.973737373737375,13.529591836734692,14.56969696969697,0.2619047619047619,0.6363636363636364,0.8235294117647058,0.6428571428571429,0.25,0.3333333333333333,0.4117647058823529,0.1428571428571428,0.0119047619047619,,,,0.1428571428571428,0.25,0.25,1.0,0.3333333333333333,0.3214285714285714,0.3214285714285714,0.7777777777777778,0.3636363636363636,0.75,,,,0.2727272727272727,,,0.4230769230769231,0.2727272727272727,0.7380952380952381,0.3214285714285714,0.5267658536585366,0.4798199999999999,0.5457854166666667,0.1818181818181818,0.3050847457627119,,0.1515151515151515,0.2929292929292929,5.197727272727272,26.097435897435897,0.2857142857142857,2026-03-06,22500910,POR,5.0,6.0,,5.0,5.0,1.0,1.0,,2.0,,0.1111111111111111,0.5,1.0,0.2307692307692307,0.8333333333333334,0.1923076923076923,,,,,,,,,1.0,,,,,,,2025-26,2026,Regular Season,1610612745,HOU
47:59,101,100,49.0,36,7,201,21,29,1.0,2.0,8,14,1.0,5,3.0,8,,,18,33,2.0,2.0,10.0,18.0,30,48,21,41,22,145,2.0,4.0,2.0,2.0,12.0,13.0,20.0,12.0,22.0,5.0,67.0,36,24,60,3.0,2.0,33,18,5,18,20,38,17,3.0,12,5.0,1.0,96,3.0,4,14,18,2.0,34,7,41,4.0,4,2.0,2.0,5,1.0,4.0,3,,1.0,,8,,6.0,12,26,2.0,23,1.0,1.0,3.0,27,3.0,,10,2.0,2.0,6.0,3.0,3.0,6.0,133,67.0,49.0,5.0,2.0,0.6,0.6206896551724138,0.9523809523809524,0.5121951219512195,1.0,0.5454545454545454,0.5121951219512195,0.625,0.5,0.65,0.6910112359550562,0.8333333333333334,0.7380952380952381,0.725,0.8571428571428571,0.7282608695652174,0.4606741573033708,0.1041666666666666,0.1379310344827586,0.0714285714285714,,0.625,1.0,0.72,0.2222222222222222,0.7,0.1578947368421052,0.7111111111111111,0.1891891891891892,0.3333333333333333,0.25,0.1428571428571428,0.2,0.8888888888888888,0.5454545454545454,0.8,0.75,0.5,0.125,100.50000000000006,13.775247524752457,14.887,13.47128712871285,14.367,0.3258426966292135,0.7241379310344828,0.84,0.5714285714285714,0.1573033707865168,0.5714285714285714,0.6153846153846154,0.625,0.0561797752808988,0.2,0.2,1.0,0.0898876404494382,0.375,0.375,1.0,0.3707865168539326,0.5454545454545454,0.5454545454545454,0.9444444444444444,0.3333333333333333,0.5,,,,0.3333333333333333,1.0,1.0,0.4285714285714285,0.5555555555555556,0.7865168539325843,0.5454545454545454,0.5724965909090909,0.6472833333333333,0.5593963414634147,0.1224489795918367,0.1818181818181818,0.0465116279069767,0.0827586206896551,0.4620689655172413,5.070833333333334,25.57,0.4851485148514851,2026-03-08,22500927,SAS,10.0,12.0,2.0,4.0,2.0,,,,5.0,,,0.125,0.8333333333333334,0.2857142857142857,0.8333333333333334,0.0952380952380952,0.5,,,,,1.0,,,,,,,,,,2025-26,2026,Regular Season,1610612745,HOU
48:00,95,95,23.0,30,7,190,14,17,,1.0,6,16,5.0,9,3.0,8,,1.0,6,28,1.0,2.0,2.0,7.0,25,42,9,36,22,99,,3.0,1.0,3.0,5.0,7.0,9.0,3.0,9.0,7.0,30.0,24,26,27,,,28,6,4,12,9,21,6,3.0,9,2.0,1.0,51,6.0,2,12,13,2.0,27,8,35,1.0,10,4.0,6.0,8,,5.0,5,,3.0,1.0,13,1.0,2.0,14,23,,19,,,2.0,28,1.0,,12,,1.0,4.0,,3.0,4.0,94,30.0,23.0,2.0,1.0,0.48,0.48,1.0,0.25,0.3333333333333333,0.3333333333333333,0.25,0.5952380952380952,,0.7777777777777778,0.4935897435897436,0.25,0.6388888888888888,0.5388888888888889,0.3571428571428571,0.6363636363636364,0.4615384615384615,0.0952380952380952,0.1176470588235294,0.125,,0.6153846153846154,1.0,0.4814814814814814,0.1176470588235294,0.8571428571428571,0.2222222222222222,0.6097560975609756,0.1818181818181818,,,0.2727272727272727,,0.6666666666666666,0.3333333333333333,1.0,0.8333333333333334,1.0,0.025,95.0,14.348421052631576,15.967368421052631,13.958947368421052,15.535789473684211,0.2179487179487179,0.8235294117647058,0.9333333333333332,0.6428571428571429,0.2051282051282051,0.375,0.4285714285714285,0.3333333333333333,0.1153846153846153,0.5555555555555556,0.5555555555555556,0.2,0.1025641025641025,0.375,0.375,1.0,0.358974358974359,0.2142857142857142,0.2142857142857142,1.0,0.1666666666666666,,0.1666666666666666,,,0.3333333333333333,0.5,1.0,0.3888888888888889,0.2857142857142857,0.6794871794871795,0.2142857142857142,0.5447820512820513,0.48175,0.5243777777777778,0.1348314606741573,0.2264150943396226,,0.0505050505050505,0.303030303030303,8.047619047619047,24.975,0.2421052631578947,2026-03-10,22500940,TOR,3.0,3.0,1.0,2.0,2.0,,4.0,3.0,1.0,,,0.6666666666666666,0.25,0.1666666666666666,1.0,0.1111111111111111,0.5,,,,,,1.0,,,,,,,,,2025-26,2026,Regular Season,1610612745,HOU
48:00,98,100,19.0,10,9,198,16,22,2.0,4.0,12,25,3.0,8,3.0,4,1.0,2.0,14,28,1.0,1.0,4.0,4.0,31,55,17,32,16,129,3.0,6.0,2.0,3.0,12.0,3.0,9.0,5.0,5.0,10.0,31.0,42,20,45,6.0,4.0,28,14,6,21,15,36,12,3.0,10,9.0,2.0,87,2.0,7,20,14,3.0,37,9,46,,12,10.0,2.0,7,,3.0,3,,4.0,,10,,1.0,5,16,3.0,17,,1.0,,22,2.0,,11,,1.0,4.0,2.0,1.0,4.0,117,31.0,19.0,2.0,1.0,0.6774193548387096,0.7241379310344828,0.8823529411764706,0.53125,0.6666666666666666,1.0,0.53125,0.5636363636363636,0.5,0.3333333333333333,0.6494252873563219,0.6666666666666666,0.75,0.6649484536082474,0.6666666666666666,0.775,0.367816091954023,0.109090909090909,0.1818181818181818,0.08,,0.7,0.75,0.5384615384615384,0.2916666666666667,0.6896551724137931,0.1333333333333333,0.6181818181818182,0.2307692307692307,0.3846153846153846,0.2,0.1428571428571428,,0.4444444444444444,0.6153846153846154,0.5,0.6956521739130435,0.6666666666666666,,98.99999999999994,13.65408163265306,15.419000000000018,13.337755102040816,14.71200000000002,0.2528735632183908,0.7272727272727273,0.8888888888888888,0.625,0.2873563218390804,0.48,0.5217391304347826,0.75,0.0919540229885057,0.375,0.375,0.6666666666666666,0.0459770114942528,0.75,0.75,1.0,0.3218390804597701,0.5,0.5,0.8571428571428571,0.4444444444444444,0.5,0.2222222222222222,0.5,1.0,0.1111111111111111,1.0,1.0,0.2857142857142857,1.0,0.6206896551724138,0.5,0.5312896551724138,0.55945625,0.5099857142857143,0.1145833333333333,0.171875,,0.0930232558139534,0.2403100775193798,7.174545454545455,25.9375,0.1938775510204081,2026-03-11,22500950,DEN,2.0,3.0,1.0,1.0,,,1.0,,3.0,1.0,,0.1666666666666666,0.75,0.2142857142857142,0.6666666666666666,0.0714285714285714,1.0,,,,,,1.0,,,,,,1.0,,,2025-26,2026,Regular Season,1610612745,HOU
48:00,93,94,25.0,22,13,187,12,22,3.0,6.0,12,27,,3,3.0,6,,,10,26,2.0,5.0,1.0,3.0,24,52,13,32,18,105,4.0,8.0,2.0,5.0,18.0,4.0,11.0,2.0,5.0,9.0,23.0,18,30,30,9.0,6.0,26,10,7,9,10,19,7,3.0,5,4.0,,48,5.0,9,18,16,1.0,35,16,51,5.0,7,3.0,4.0,8,2.0,2.0,5,1.0,6.0,,13,,5.0,6,19,3.0,21,,1.0,1.0,26,4.0,,12,,3.0,6.0,4.0,2.0,6.0,87,22.0,24.0,1.0,2.0,0.375,0.4285714285714285,0.7692307692307693,0.40625,0.4,0.4,0.40625,0.4615384615384615,0.5,0.3636363636363636,0.5178571428571429,0.5384615384615384,0.4375,0.5526315789473685,0.5625,0.5227272727272727,0.3809523809523809,0.1346153846153846,0.0909090909090909,0.1851851851851851,,0.6153846153846154,0.5,0.5925925925925926,0.3214285714285714,0.6923076923076923,0.2777777777777778,0.6415094339622641,0.3043478260869565,0.2666666666666666,0.3333333333333333,0.2,0.6666666666666666,0.4,0.5555555555555556,0.875,0.6875,0.7,0.131578947368421,93.5,14.53978494623656,16.2531914893617,14.011827956989247,15.327659574468084,0.2619047619047619,0.5454545454545454,0.6,0.4166666666666667,0.3214285714285714,0.4444444444444444,0.5454545454545454,0.3333333333333333,0.0357142857142857,,,,0.0714285714285714,0.5,0.5,1.0,0.3095238095238095,0.3846153846153846,0.4,0.7,0.4615384615384615,0.5,,,,0.3846153846153846,0.4,1.0,0.1875,0.3333333333333333,0.6428571428571429,0.3846153846153846,0.5052744047619048,0.50143125,0.4742875,0.1304347826086956,0.2,,0.1714285714285714,0.219047619047619,6.021153846153847,26.096875,0.2688172043010752,2026-03-13,22500964,NOP,3.0,5.0,1.0,2.0,4.0,2.0,,,5.0,,0.3333333333333333,0.4,0.8333333333333334,0.3125,0.6,0.125,0.5,1.0,1.0,0.03125,,,,0.0384615384615384,2.0,,,,,,,2025-26,2026,Regular Season,1610612745,HOU
48:00,93,92,23.0,26,11,185,14,19,3.0,4.0,11,25,4.0,6,2.0,10,,,6,24,,3.0,3.0,8.0,29,50,8,34,18,100,4.0,7.0,,3.0,12.0,3.0,9.0,3.0,10.0,7.0,22.0,26,32,12,12.0,6.0,24,6,2,13,4,17,2,2.0,9,3.0,1.0,38,6.0,7,11,10,1.0,22,13,35,,14,11.0,3.0,9,,3.0,3,,6.0,1.0,12,1.0,5.0,5,18,4.0,18,1.0,1.0,1.0,22,1.0,,6,,5.0,2.0,1.0,1.0,2.0,88,22.0,23.0,3.0,4.0,0.4482758620689655,0.5,0.5,0.2352941176470588,,0.3,0.2352941176470588,0.58,0.5714285714285714,0.3333333333333333,0.4880952380952381,0.4,0.3947368421052631,0.526595744680851,0.4583333333333333,0.4565217391304347,0.4047619047619047,0.04,0.1052631578947368,,,0.75,1.0,0.5,0.3333333333333333,0.55,0.2608695652173913,0.525,0.2954545454545454,0.2857142857142857,,0.2352941176470588,0.3333333333333333,0.5,0.4444444444444444,0.5714285714285714,0.5,0.6666666666666666,,92.5,14.717204301075268,16.42717391304348,14.172043010752688,15.470652173913043,0.2261904761904762,0.7368421052631579,0.8235294117647058,0.6428571428571429,0.2976190476190476,0.44,0.44,0.2727272727272727,0.0714285714285714,0.6666666666666666,0.6666666666666666,0.25,0.119047619047619,0.2,0.2,1.0,0.2857142857142857,0.25,0.2608695652173913,0.3333333333333333,0.4,0.75,,,,0.3,,,0.4210526315789473,0.375,0.6309523809523809,0.25,0.5132880952380953,0.5231166666666667,0.4934131578947369,0.0674157303370786,0.109090909090909,,0.12,0.22,7.398,25.32058823529412,0.2473118279569892,2026-03-16,22500989,LAL,,2.0,,2.0,4.0,,1.0,1.0,,,,0.6,,0.1052631578947368,,0.1052631578947368,,1.0,,0.0294117647058823,,,,0.0416666666666666,,,,,,,,2025-26,2026,Regular Season,1610612745,HOU
48:00,95,97,22.0,21,6,192,21,23,3.0,4.0,10,18,,3,4.0,8,,,11,24,,,4.0,9.0,31,44,15,32,17,124,3.0,5.0,,,6.0,4.0,5.0,5.0,10.0,8.0,31.0,40,22,30,15.0,4.0,24,11,1,20,10,30,6,4.0,16,4.0,,70,3.0,4,14,15,1.0,30,7,37,,6,4.0,2.0,10,1.0,8.0,4,,2.0,,14,1.0,2.0,8,20,1.0,21,,1.0,1.0,27,2.0,,9,1.0,4.0,7.0,4.0,3.0,8.0,118,27.0,20.0,1.0,2.0,0.6451612903225806,0.6896551724137931,0.6666666666666666,0.46875,,0.5,0.46875,0.7045454545454546,0.6,0.8,0.7039473684210527,0.6,0.7666666666666667,0.7045454545454546,0.6,0.775,0.4210526315789473,0.0227272727272727,,0.0555555555555555,,0.7142857142857143,1.0,0.625,0.3076923076923077,0.7,0.1875,0.6590909090909091,0.2413793103448276,0.375,0.3333333333333333,0.1666666666666666,0.25,0.6,0.6666666666666666,0.6,0.7333333333333333,0.6,,96.0,14.982105263157894,15.017525773195876,14.84421052631579,14.207216494845362,0.3026315789473684,0.9130434782608696,0.9130434782608696,0.7619047619047619,0.2368421052631578,0.5555555555555556,0.5882352941176471,0.4,0.0394736842105263,,,,0.1052631578947368,0.5,0.5,1.0,0.3157894736842105,0.4583333333333333,0.4583333333333333,0.5454545454545454,0.8,0.75,,,,,,,0.6,0.4444444444444444,0.7236842105263158,0.4583333333333333,0.5656184210526316,0.5791000000000001,0.5381633333333333,0.119047619047619,0.1764705882352941,0.0303030303030303,0.0483870967741935,0.25,5.695454545454545,25.2,0.231578947368421,2026-03-18,22501007,LAL,2.0,2.0,1.0,1.0,,,2.0,,3.0,,,,0.375,0.1333333333333333,1.0,0.0666666666666666,1.0,,,,,,,,,1.0,1.0,,,,,2025-26,2026,Regular Season,1610612745,HOU
48:00,99,101,5.0,33,10,200,12,17,2.0,3.0,13,27,2.0,6,2.0,5,,,7,33,,1.0,,3.0,27,50,9,38,14,95,3.0,4.0,,1.0,7.0,,1.0,,3.0,2.0,2.0,26,28,27,,2.0,33,7,4,13,9,22,7,2.0,9,3.0,1.0,53,7.0,3,11,14,5.0,30,10,40,,13,8.0,5.0,11,3.0,6.0,7,1.0,5.0,1.0,18,5.0,2.0,12,21,3.0,13,,,1.0,17,3.0,,6,2.0,1.0,9.0,2.0,5.0,9.0,88,2.0,5.0,3.0,1.0,0.4814814814814814,0.5,1.0,0.2368421052631578,,,0.2368421052631578,0.54,0.75,,0.4602272727272727,0.6,,0.5053191489361702,0.7,0.2,0.4318181818181818,0.08,0.1176470588235294,0.074074074074074,,0.6111111111111112,1.0,0.56,0.1304347826086956,0.6875,0.2692307692307692,0.6097560975609756,0.2040816326530612,0.0714285714285714,0.25,0.3043478260869565,,,0.6,0.8333333333333334,0.6428571428571429,1.0,,100.0,13.39090909090909,15.389108910891087,12.906060606060606,14.337623762376236,0.1931818181818181,0.7058823529411765,0.8,0.75,0.3068181818181818,0.4814814814814814,0.52,0.2307692307692307,0.0681818181818181,0.3333333333333333,0.3333333333333333,0.5,0.0568181818181818,0.4,0.5,1.0,0.375,0.2121212121212121,0.2121212121212121,1.0,0.6,0.6666666666666666,,,,0.2,,,0.75,,0.625,0.2121212121212121,0.5309805882352941,0.6636,0.399,0.0760869565217391,0.1132075471698113,0.0256410256410256,0.0736842105263157,0.0210526315789473,7.018,25.62857142857143,0.0505050505050505,2026-03-20,22501018,ATL,,,,,1.0,,,,5.0,,,0.2,0.5555555555555556,,,,,1.0,,0.0263157894736842,0.2,,2.0,,,,,,,,,2025-26,2026,Regular Season,1610612745,HOU
48:00,93,94,18.0,20,13,187,14,18,3.0,4.0,15,29,2.0,4,4.0,12,1.0,2.0,12,30,1.0,3.0,4.0,7.0,31,51,16,42,12,122,5.0,8.0,2.0,5.0,17.0,7.0,10.0,6.0,11.0,2.0,34.0,34,28,42,6.0,6.0,30,12,3,17,14,31,10,4.0,9,7.0,1.0,76,10.0,5,12,16,2.0,30,15,45,,6,4.0,2.0,5,1.0,2.0,4,2.0,3.0,,9,1.0,,8,19,2.0,16,,1.0,1.0,16,4.0,,9,,1.0,1.0,,,1.0,105,34.0,18.0,4.0,1.0,0.5483870967741935,0.6071428571428571,0.875,0.3809523809523809,0.4,0.5454545454545454,0.3809523809523809,0.6078431372549019,0.625,0.7,0.5913978494623656,0.6153846153846154,0.7619047619047619,0.6161616161616161,0.6071428571428571,0.7727272727272727,0.4516129032258064,0.0588235294117647,0.0555555555555555,0.0689655172413793,,0.5555555555555556,0.6666666666666666,0.7272727272727273,0.25,0.631578947368421,0.4,0.6829268292682927,0.3333333333333333,0.1428571428571428,0.5,0.3529411764705882,0.5,0.6666666666666666,0.7272727272727273,0.75,0.7272727272727273,0.5,,93.5,13.875268817204304,16.91063829787234,12.853763440860217,16.086170212765957,0.1935483870967742,0.7777777777777778,0.8235294117647058,0.6428571428571429,0.3118279569892473,0.5172413793103449,0.5555555555555556,0.4666666666666667,0.043010752688172,0.5,0.5,0.5,0.1290322580645161,0.3333333333333333,0.3333333333333333,1.0,0.3225806451612903,0.4,0.4,0.8333333333333334,0.3076923076923077,0.75,0.1538461538461538,0.5,1.0,0.2307692307692307,0.3333333333333333,1.0,0.3333333333333333,0.5714285714285714,0.6451612903225806,0.4,0.5159771739130435,0.47605,0.5307075,0.0918367346938775,0.1607142857142857,,0.1393442622950819,0.2786885245901639,6.619607843137255,25.607317073170734,0.1935483870967742,2026-03-21,22501027,MIA,2.0,3.0,2.0,4.0,1.0,,,,,,,0.5,,0.1428571428571428,0.6666666666666666,0.1904761904761904,0.5,,,,,,1.0,,,,,,1.0,,,2025-26,2026,Regular Season,1610612745,HOU
48:00,107,108,21.0,34,8,215,16,37,2.0,5.0,10,14,,1,6.0,10,,1.0,13,29,2.0,2.0,3.0,7.0,26,52,19,39,23,132,2.0,5.0,2.0,3.0,12.0,6.0,11.0,4.0,8.0,10.0,34.0,26,26,51,6.0,2.0,29,13,7,13,17,30,11,6.0,8,5.0,,77,3.0,6,25,10,5.0,40,9,49,2.0,8,8.0,,8,4.0,5.0,8,1.0,3.0,1.0,16,,2.0,13,21,1.0,18,,2.0,1.0,28,2.0,,10,,4.0,3.0,3.0,,4.0,120,32.0,20.0,1.0,2.0,0.5,0.52,0.8947368421052632,0.4871794871794871,0.6666666666666666,0.5,0.4871794871794871,0.5,0.4,0.5454545454545454,0.5989010989010989,0.625,0.631578947368421,0.6310679611650486,0.6666666666666666,0.6666666666666666,0.4285714285714285,0.1346153846153846,0.1891891891891892,,,0.5,0.8333333333333334,0.7692307692307693,0.24,0.8333333333333334,0.1578947368421052,0.813953488372093,0.2045454545454545,0.25,,0.2,,0.7142857142857143,0.6666666666666666,1.0,0.8695652173913043,0.7142857142857143,0.054054054054054,107.5,13.159813084112148,13.628703703703705,12.814018691588783,13.471296296296297,0.4065934065934066,0.4324324324324324,0.5333333333333333,0.5,0.1538461538461538,0.7142857142857143,0.7142857142857143,0.5,0.0109890109890109,,,,0.1098901098901098,0.6,0.6,1.0,0.3186813186813186,0.4482758620689655,0.4482758620689655,0.8461538461538461,0.625,0.4,0.125,,,0.25,1.0,1.0,0.3684210526315789,0.4285714285714285,0.8351648351648352,0.4482758620689655,0.5973738888888889,0.619025,0.5739722222222222,0.101010101010101,0.1666666666666666,,0.0909090909090909,0.2575757575757575,3.569230769230769,25.03684210526316,0.1962616822429906,2026-03-23,22501042,CHI,4.0,7.0,1.0,1.0,2.0,,,2.0,3.0,,,0.25,0.75,0.3684210526315789,0.5714285714285714,0.0526315789473684,1.0,,,,,0.5,,,,1.0,,,,1.0,,2025-26,2026,Regular Season,1610612745,HOU
53:00,107,106,11.0,37,21,213,23,42,5.0,9.0,9,26,,3,4.0,7,1.0,3.0,9,30,1.0,3.0,1.0,5.0,32,71,13,37,7,110,6.0,11.0,2.0,6.0,21.0,2.0,6.0,1.0,5.0,1.0,8.0,32,32,33,6.0,8.0,30,9,10,16,11,27,7,4.0,14,2.0,,65,6.0,16,14,23,,37,22,59,2.0,11,6.0,5.0,6,5.0,4.0,11,,2.0,2.0,17,2.0,2.0,8,23,3.0,15,,,4.0,10,3.0,,6,,,11.0,8.0,3.0,12.0,89,8.0,11.0,3.0,,0.5,0.5714285714285714,0.8461538461538461,0.3513513513513513,0.3333333333333333,0.2,0.3513513513513513,0.4507042253521127,0.5454545454545454,0.3333333333333333,0.4768518518518518,0.5294117647058824,0.3181818181818182,0.4909909909909909,0.5833333333333334,0.3181818181818182,0.3425925925925926,0.1408450704225352,0.1666666666666666,0.1153846153846153,,0.3529411764705882,,0.6571428571428571,0.4210526315789473,0.7,0.25,0.6727272727272727,0.3548387096774194,0.375,,0.2857142857142857,,0.7058823529411765,0.6363636363636364,0.5714285714285714,0.7142857142857143,0.6666666666666666,0.0384615384615384,96.45283018867924,15.057009345794391,14.800943396226415,14.14766355140187,14.060377358490566,0.3888888888888889,0.5476190476190477,0.6571428571428571,0.6086956521739131,0.2407407407407407,0.3461538461538461,0.391304347826087,0.2222222222222222,0.0277777777777777,,,,0.0648148148148148,0.5714285714285714,0.5714285714285714,1.0,0.2777777777777778,0.3,0.3,0.7777777777777778,0.5294117647058824,0.5555555555555556,0.1764705882352941,0.3333333333333333,1.0,0.1764705882352941,0.3333333333333333,1.0,0.4545454545454545,0.2,0.7314814814814815,0.3,0.5433027777777778,0.566475,0.5701727272727273,0.054054054054054,0.081081081081081,,0.1909090909090909,0.0727272727272727,4.976056338028169,25.62162162162162,0.102803738317757,2026-03-25,22501058,MIN,2.0,5.0,,,3.0,,,1.0,9.0,,,0.5263157894736842,0.75,0.4545454545454545,0.4,,,,,,,0.2,,,,1.0,1.0,,1.0,,,2025-26,2026,Regular Season,1610612745,HOU
48:00,97,96,20.0,35,10,193,17,28,1.0,3.0,9,23,1.0,3,,4,,,13,34,2.0,5.0,1.0,4.0,27,54,13,38,16,109,1.0,7.0,2.0,5.0,9.0,6.0,12.0,1.0,7.0,7.0,22.0,30,24,39,,2.0,34,13,5,15,13,28,13,,9,5.0,1.0,69,5.0,9,15,12,,27,14,41,1.0,11,7.0,4.0,9,1.0,4.0,2,,5.0,,11,1.0,1.0,11,20,1.0,14,,1.0,1.0,18,1.0,,8,,1.0,3.0,,3.0,3.0,100,22.0,20.0,2.0,1.0,0.5555555555555556,0.5769230769230769,1.0,0.3421052631578947,0.4,0.1428571428571428,0.3421052631578947,0.5,0.1428571428571428,0.5,0.5054347826086957,0.3333333333333333,0.3947368421052631,0.54,0.3461538461538461,0.4782608695652174,0.4130434782608695,0.0925925925925925,0.0357142857142857,0.1739130434782608,,0.8181818181818182,,0.4285714285714285,0.3333333333333333,0.7142857142857143,0.2083333333333333,0.5510204081632653,0.2745098039215686,0.5,0.5,0.15,0.5,0.4615384615384615,0.3846153846153846,0.5,0.7857142857142857,0.5714285714285714,0.0222222222222222,96.5,13.540206185567012,16.318749999999998,12.525773195876289,15.479166666666666,0.3043478260869565,0.6071428571428571,0.6296296296296297,0.5294117647058824,0.25,0.391304347826087,0.4736842105263157,0.5555555555555556,0.0326086956521739,0.3333333333333333,0.3333333333333333,1.0,0.0434782608695652,,,,0.3695652173913043,0.3823529411764705,0.40625,1.0,0.25,0.3333333333333333,,,,0.4166666666666667,0.4,1.0,0.2105263157894736,0.25,0.717391304347826,0.3823529411764705,0.5679283333333333,0.52375,0.5731638888888889,0.0808080808080808,0.1311475409836065,,0.0825688073394495,0.2018348623853211,5.477777777777778,26.002702702702702,0.2061855670103092,2026-03-27,22501069,MEM,4.0,7.0,,3.0,1.0,,1.0,1.0,,,,0.0909090909090909,,0.3684210526315789,0.5714285714285714,0.1578947368421052,,2.0,,0.0526315789473684,,,,0.0588235294117647,,,,,,,,2025-26,2026,Regular Season,1610612745,HOU
48:00,99,99,21.0,29,8,198,24,36,3.0,6.0,3,19,1.0,2,4.0,7,1.0,1.0,5,22,,1.0,,3.0,28,57,9,29,19,102,3.0,6.0,1.0,2.0,10.0,6.0,15.0,,3.0,5.0,17.0,20,36,27,,6.0,22,5,6,10,9,19,5,4.0,10,,,47,3.0,6,17,15,1.0,33,9,42,2.0,4,3.0,1.0,9,1.0,3.0,2,,6.0,,11,1.0,3.0,7,18,,17,,2.0,,28,1.0,,10,,3.0,8.0,5.0,2.0,9.0,92,17.0,21.0,3.0,3.0,0.3571428571428571,0.4,1.0,0.3103448275862069,0.5,,0.3103448275862069,0.4912280701754385,0.5,0.4,0.4825581395348837,0.5625,0.3333333333333333,0.5051020408163265,0.5555555555555556,0.3571428571428571,0.3372093023255814,0.1052631578947368,0.0555555555555555,0.2105263157894736,,0.8181818181818182,1.0,0.5,0.2142857142857142,0.6538461538461539,0.1666666666666666,0.5714285714285714,0.1956521739130435,0.2666666666666666,,0.1333333333333333,0.3333333333333333,0.4615384615384615,0.5833333333333334,0.4,0.7,0.5,0.0512820512820512,99.0,13.315151515151516,15.775757575757575,13.14949494949495,14.7030303030303,0.4186046511627907,0.6666666666666666,0.7058823529411765,0.4166666666666667,0.2209302325581395,0.1578947368421052,0.2,,0.0232558139534883,0.5,0.5,,0.0813953488372093,0.5714285714285714,0.6666666666666666,1.0,0.2558139534883721,0.2272727272727272,0.238095238095238,1.0,0.75,0.5,0.125,1.0,1.0,0.125,,,0.1666666666666666,,0.7558139534883721,0.2272727272727272,0.5659697674418604,0.5505928571428572,0.5168750000000001,0.1052631578947368,0.1515151515151515,,0.0980392156862745,0.1666666666666666,4.064912280701754,25.2,0.2121212121212121,2026-03-29,22501088,NOP,4.0,6.0,,,1.0,,,3.0,4.0,1.0,,0.1666666666666666,0.4444444444444444,0.3333333333333333,0.6666666666666666,,,2.0,1.0,0.0689655172413793,0.1428571428571428,,1.0,0.0454545454545454,,1.0,1.0,,,,,2025-26,2026,Regular Season,1610612745,HOU
48:00,86,88,6.0,14,14,174,12,17,5.0,6.0,10,25,4.0,9,4.0,10,,,6,24,2.0,5.0,,3.0,26,51,10,34,12,94,8.0,12.0,2.0,5.0,23.0,3.0,5.0,,3.0,2.0,8.0,26,26,27,3.0,4.0,24,6,4,13,9,22,5,4.0,7,4.0,2.0,53,8.0,10,16,12,2.0,30,18,48,2.0,5,3.0,2.0,6,1.0,2.0,5,1.0,4.0,,11,,,6,16,1.0,17,,1.0,3.0,16,,,8,,,2.0,,2.0,2.0,71,8.0,6.0,2.0,,0.5,0.5416666666666666,0.9,0.2941176470588235,0.4,,0.2941176470588235,0.5098039215686274,0.6666666666666666,0.6,0.4823529411764706,0.6470588235294118,0.375,0.5053763440860215,0.6388888888888888,0.4444444444444444,0.4,0.0784313725490196,0.1176470588235294,0.08,,0.5454545454545454,1.0,0.75,0.4,0.8421052631578947,0.3333333333333333,0.8,0.3673469387755102,0.4,0.6,0.3888888888888889,0.1666666666666666,0.5,0.6666666666666666,1.0,0.8461538461538461,0.8333333333333334,0.0465116279069767,86.99999999999994,16.05697674418605,17.035227272727294,15.143023255813956,16.717045454545477,0.2,0.7058823529411765,0.8,0.5833333333333334,0.2941176470588235,0.4,0.4347826086956521,0.4,0.1058823529411764,0.4444444444444444,0.4444444444444444,0.5,0.1176470588235294,0.4,0.4444444444444444,1.0,0.2823529411764706,0.25,0.2608695652173913,0.8333333333333334,0.3529411764705882,0.8333333333333334,,,,0.2941176470588235,0.4,1.0,0.375,,0.6,0.25,0.5097358823529412,0.5296208333333333,0.53364375,0.086021505376344,0.135593220338983,,0.2446808510638297,0.0851063829787234,7.509803921568627,25.958823529411767,0.0697674418604651,2026-03-31,22501102,NYK,2.0,2.0,,,1.0,,1.0,,,,,0.2,,0.25,1.0,,,2.0,,0.0588235294117647,0.1,0.6,,0.0416666666666666,1.0,,,,,,,2025-26,2026,Regular Season,1610612745,HOU
48:00,93,92,13.0,5,15,185,12,18,2.0,3.0,10,23,3.0,8,4.0,6,1.0,2.0,13,34,1.0,2.0,1.0,5.0,25,49,17,40,12,113,5.0,9.0,2.0,4.0,19.0,5.0,6.0,2.0,6.0,5.0,21.0,12,38,45,6.0,6.0,34,13,4,6,15,21,12,3.0,3,2.0,1.0,57,11.0,7,15,16,1.0,32,18,50,2.0,3,2.0,1.0,7,4.0,4.0,8,,3.0,1.0,15,3.0,1.0,9,17,,12,,2.0,,16,1.0,,5,1.0,2.0,1.0,1.0,,1.0,94,21.0,13.0,1.0,2.0,0.24,0.2727272727272727,0.8823529411764706,0.425,0.5,0.3333333333333333,0.425,0.5102040816326531,0.5555555555555556,0.8333333333333334,0.5674157303370787,0.6153846153846154,0.6666666666666666,0.5885416666666666,0.6333333333333333,0.7,0.449438202247191,0.0816326530612244,0.0555555555555555,0.1304347826086956,,0.4666666666666667,1.0,0.7272727272727273,0.2916666666666667,0.6521739130434783,0.4782608695652174,0.6888888888888889,0.3829787234042553,0.3076923076923077,0.2,0.5238095238095238,,0.75,0.875,0.5,0.6666666666666666,0.625,0.0465116279069767,92.49999999999994,14.933333333333357,16.208695652173912,14.03440860215056,15.545652173913044,0.2022471910112359,0.6666666666666666,0.7058823529411765,0.25,0.2584269662921348,0.4347826086956521,0.5,0.2,0.0898876404494382,0.375,0.375,0.3333333333333333,0.0674157303370786,0.6666666666666666,0.6666666666666666,0.75,0.3820224719101123,0.3823529411764705,0.3823529411764705,0.9230769230769232,0.2307692307692307,0.6666666666666666,0.1538461538461538,0.5,1.0,0.1538461538461538,0.5,1.0,0.4166666666666667,0.2,0.651685393258427,0.3823529411764705,0.5058348314606742,0.5091,0.4534916666666667,0.0638297872340425,0.0943396226415094,0.024390243902439,0.168141592920354,0.1858407079646017,7.387755102040816,26.93,0.1397849462365591,2026-04-01,22501110,MIL,1.0,2.0,1.0,1.0,3.0,,1.0,,,,,0.3333333333333333,,0.1666666666666666,0.5,0.0833333333333333,1.0,,,,,,,,1.0,,,,,,,2025-26,2026,Regular Season,1610612745,HOU
48:00,101,101,12.0,24,15,202,20,27,4.0,6.0,12,32,6.0,10,2.0,9,1.0,1.0,3,20,,3.0,1.0,3.0,38,69,5,29,15,106,6.0,12.0,1.0,4.0,15.0,5.0,7.0,1.0,4.0,2.0,15.0,34,42,15,,6.0,20,3,4,17,5,22,3,2.0,12,4.0,1.0,49,7.0,11,10,17,4.0,31,18,49,1.0,7,6.0,1.0,8,3.0,5.0,5,,3.0,1.0,13,2.0,1.0,16,21,,18,,2.0,2.0,22,3.0,,10,1.0,1.0,4.0,2.0,2.0,4.0,91,15.0,12.0,,1.0,0.4473684210526316,0.4857142857142857,1.0,0.1724137931034483,0.25,0.25,0.1724137931034483,0.5507246376811594,0.5,0.7142857142857143,0.4642857142857143,0.46875,0.5909090909090909,0.4953271028037383,0.46875,0.5769230769230769,0.2959183673469387,0.0579710144927536,,0.125,,0.6153846153846154,1.0,0.7083333333333334,0.3548387096774194,0.5882352941176471,0.3333333333333333,0.6585365853658537,0.3461538461538461,0.25,0.5,0.2142857142857142,0.5714285714285714,0.6363636363636364,0.7777777777777778,0.75,0.6363636363636364,0.5,0.0208333333333333,100.99999999999994,13.023762376237643,15.49108910891089,12.194059405940614,14.857425742574256,0.2755102040816326,0.7407407407407407,0.7407407407407407,0.6,0.3265306122448979,0.375,0.4285714285714285,0.3333333333333333,0.1020408163265306,0.6,0.6,0.1666666666666666,0.0918367346938775,0.2222222222222222,0.2222222222222222,1.0,0.2040816326530612,0.15,0.1578947368421052,1.0,0.375,0.6666666666666666,0.0625,1.0,1.0,0.1875,,,0.2727272727272727,0.3333333333333333,0.5714285714285714,0.15,0.5376567708333333,0.5333545454545455,0.58344,0.1037735849056603,0.131578947368421,0.0333333333333333,0.1415094339622641,0.1415094339622641,7.428985507246377,25.20740740740741,0.1188118811881188,2026-04-03,22501124,UTA,4.0,6.0,,1.0,,,1.0,,1.0,,,0.5714285714285714,0.25,0.5454545454545454,0.6666666666666666,0.0909090909090909,,1.0,,0.0344827586206896,,,,0.05,,,,,,,,2025-26,2026,Regular Season,1610612745,HOU
48:00,94,95,24.0,30,10,189,21,26,1.0,1.0,6,14,1.0,4,2.0,6,,1.0,12,34,3.0,4.0,1.0,3.0,28,44,14,40,18,116,1.0,3.0,3.0,5.0,14.0,8.0,15.0,1.0,5.0,4.0,23.0,46,10,33,9.0,2.0,34,12,6,23,11,34,9,2.0,19,4.0,,79,8.0,3,12,15,1.0,28,11,39,,7,3.0,4.0,4,2.0,,6,2.0,4.0,2.0,10,,2.0,8,19,2.0,16,1.0,,1.0,20,3.0,,8,1.0,2.0,3.0,1.0,2.0,3.0,102,23.0,24.0,3.0,2.0,0.8214285714285714,0.8518518518518519,0.7857142857142857,0.35,0.6,0.2,0.35,0.6363636363636364,0.3333333333333333,0.5333333333333333,0.5833333333333334,0.6875,0.475,0.6304347826086957,0.7777777777777778,0.5227272727272727,0.4761904761904761,0.1363636363636363,0.0384615384615384,0.2857142857142857,0.25,0.4,1.0,0.75,0.1875,0.7058823529411765,0.3076923076923077,0.7297297297297297,0.2619047619047619,,0.3333333333333333,0.3636363636363636,,0.5,0.8461538461538461,0.6666666666666666,0.6428571428571429,1.0,,94.5,15.41063829787234,15.067368421052633,14.844680851063828,14.582105263157896,0.3095238095238095,0.8076923076923077,0.84,0.9047619047619048,0.1666666666666666,0.4285714285714285,0.6,0.6666666666666666,0.0476190476190476,0.25,0.3333333333333333,,0.0714285714285714,0.3333333333333333,0.3333333333333333,1.0,0.4047619047619047,0.3529411764705882,0.3636363636363636,0.75,0.125,1.0,0.125,,,0.5,0.75,0.6666666666666666,0.15,0.3333333333333333,0.7857142857142857,0.3529411764705882,0.5242029761904762,0.455075,0.5221,0.1,0.1632653061224489,0.024390243902439,0.1206896551724138,0.1982758620689655,5.479545454545455,26.5525,0.2553191489361702,2026-04-05,22501142,GSW,6.0,8.0,,2.0,3.0,,,,1.0,1.0,,0.4,0.3333333333333333,0.4,0.75,0.1,,1.0,,0.025,,,,0.0294117647058823,,,,,,,,2025-26,2026,Regular Season,1610612745,HOU
48:00,97,98,36.0,22,12,195,18,29,4.0,5.0,5,9,2.0,6,2.0,7,,1.0,5,24,1.0,2.0,2.0,9.0,25,44,7,31,34,105,5.0,7.0,1.0,3.0,17.0,7.0,13.0,2.0,12.0,18.0,38.0,20,30,15,6.0,4.0,24,5,3,10,5,15,3,2.0,8,2.0,,35,5.0,8,12,14,,26,13,39,,10,7.0,3.0,8,4.0,4.0,11,1.0,4.0,,19,1.0,6.0,6,20,1.0,30,,1.0,3.0,39,6.0,,17,,5.0,5.0,2.0,2.0,7.0,88,38.0,36.0,2.0,4.0,0.4,0.4347826086956521,0.7142857142857143,0.2258064516129032,0.3333333333333333,0.1666666666666666,0.2258064516129032,0.5681818181818182,0.7142857142857143,0.5384615384615384,0.4733333333333333,0.65,0.4,0.5714285714285714,0.7083333333333334,0.5588235294117647,0.4133333333333333,0.0681818181818181,0.1034482758620689,,,0.4210526315789473,,0.4827586206896552,0.4210526315789473,0.48,0.2083333333333333,0.4814814814814814,0.3023255813953488,0.25,0.75,0.2631578947368421,,0.625,0.4615384615384615,0.375,0.4117647058823529,0.625,,97.5,13.551546391752575,15.974489795918368,12.920618556701031,15.16734693877551,0.3866666666666666,0.6206896551724138,0.6923076923076923,0.4444444444444444,0.12,0.5555555555555556,0.5555555555555556,0.4,0.08,0.3333333333333333,0.3333333333333333,,0.0933333333333333,0.2857142857142857,0.2857142857142857,1.0,0.32,0.2083333333333333,0.2083333333333333,0.6,0.5,0.8,0.1,,,0.2,0.5,1.0,0.36,0.2222222222222222,0.8,0.2083333333333333,0.605564,0.5482642857142858,0.588588,0.1976744186046511,0.3090909090909091,,0.1619047619047619,0.3619047619047619,5.134090909090909,26.193548387096776,0.3711340206185567,2026-04-07,22501157,PHX,5.0,8.0,,3.0,4.0,,4.0,1.0,4.0,,,0.3636363636363636,0.5714285714285714,0.32,0.625,0.12,,,,,,0.25,1.0,,,2.0,,,,2.0,,2025-26,2026,Regular Season,1610612745,HOU
48:00,101,102,32.0,40,12,203,18,25,5.0,5.0,5,22,4.0,6,3.0,4,,,8,28,3.0,4.0,4.0,8.0,27,53,11,32,15,102,6.0,6.0,3.0,4.0,24.0,10.0,21.0,4.0,8.0,2.0,34.0,26,28,24,9.0,8.0,28,8,1,13,8,21,5,3.0,10,3.0,,50,3.0,9,13,19,5.0,37,12,49,3.0,10,2.0,8.0,12,,5.0,4,,7.0,1.0,16,,4.0,9,24,4.0,18,,2.0,1.0,23,,,10,,2.0,6.0,2.0,3.0,6.0,78,34.0,32.0,2.0,1.0,0.4814814814814814,0.5652173913043478,0.7272727272727273,0.34375,0.75,0.5,0.34375,0.5094339622641509,1.0,0.4761904761904761,0.5117647058823529,1.05,0.5517241379310345,0.5257731958762887,1.0,0.5483870967741935,0.3764705882352941,0.0188679245283018,,0.0454545454545454,,0.75,1.0,0.6333333333333333,0.3461538461538461,0.6190476190476191,0.1428571428571428,0.6274509803921569,0.2553191489361702,0.4117647058823529,0.5,0.15,,0.6,0.6470588235294118,0.6666666666666666,0.5454545454545454,0.7,0.0652173913043478,101.5,13.63861386138614,14.730392156862743,13.242574257425742,14.062745098039215,0.2941176470588235,0.72,0.72,0.5555555555555556,0.2588235294117647,0.2272727272727272,0.238095238095238,0.6,0.0705882352941176,0.6666666666666666,0.6666666666666666,,0.0470588235294117,0.75,0.75,1.0,0.3294117647058823,0.2857142857142857,0.2857142857142857,0.625,0.5,1.0,,,,0.4,0.75,0.6666666666666666,0.2758620689655172,0.5,0.6705882352941176,0.2857142857142857,0.5309941176470588,0.5527625,0.5058155172413793,0.1052631578947368,0.1587301587301587,,0.2352941176470588,0.3333333333333333,7.275471698113208,25.678125,0.3168316831683168,2026-04-09,22501169,PHI,6.0,9.0,,,3.0,,1.0,,6.0,,,0.1428571428571428,1.0,0.3103448275862069,0.6666666666666666,,,,,,,0.2,1.0,,2.0,,,,,,,2025-26,2026,Regular Season,1610612745,HOU
48:00,97,100,30.0,26,10,197,12,19,2.0,4.0,20,32,4.0,8,2.0,2,,,13,30,,1.0,5.0,11.0,36,59,15,32,19,136,6.0,9.0,,1.0,12.0,7.0,13.0,5.0,11.0,8.0,37.0,32,40,33,12.0,6.0,30,13,7,16,11,27,9,2.0,5,9.0,2.0,65,4.0,6,10,9,2.0,21,10,31,,7,6.0,1.0,4,1.0,2.0,4,,2.0,1.0,8,,5.0,12,21,,18,1.0,1.0,,25,1.0,,9,2.0,1.0,7.0,1.0,5.0,7.0,124,37.0,30.0,2.0,1.0,0.4444444444444444,0.4848484848484848,0.7333333333333333,0.46875,,0.4545454545454545,0.46875,0.6101694915254238,0.6666666666666666,0.5384615384615384,0.6428571428571429,0.6,0.6041666666666666,0.6666666666666666,0.6,0.6379310344827587,0.3516483516483517,0.1186440677966101,0.1052631578947368,0.15625,,0.5,1.0,0.4736842105263157,0.2608695652173913,0.7142857142857143,0.2857142857142857,0.5757575757575758,0.2702702702702703,0.25,0.25,0.2857142857142857,,0.6666666666666666,0.3,0.6666666666666666,0.5714285714285714,0.8571428571428571,,98.5,14.577319587628866,14.66,14.030927835051546,13.928,0.2087912087912088,0.631578947368421,0.7058823529411765,0.4166666666666667,0.3516483516483517,0.625,0.7407407407407407,0.45,0.0879120879120879,0.5,0.5,0.5,0.0219780219780219,1.0,1.0,1.0,0.3296703296703296,0.4333333333333333,0.4482758620689655,0.6923076923076923,0.4,0.5,,,,0.1,,,0.4583333333333333,0.4545454545454545,0.5604395604395604,0.4333333333333333,0.5101516853932584,0.4964375,0.4936104166666666,0.1089108910891089,0.1343283582089552,0.0588235294117647,0.088235294117647,0.2720588235294117,7.947457627118644,25.99,0.3092783505154639,2026-04-10,22501178,MIN,1.0,3.0,,,,,1.0,,3.0,,,0.2857142857142857,0.4285714285714285,0.125,0.3333333333333333,,,1.0,,0.03125,,,1.0,0.0333333333333333,,,,,,,,2025-26,2026,Regular Season,1610612745,HOU
48:00,103,103,,44,9,206,12,17,,2.0,13,23,1.0,6,2.0,8,,2.0,11,41,,1.0,,,26,46,13,49,10,101,3.0,6.0,,3.0,6.0,,,,,,,30,22,24,15.0,,41,11,6,15,8,23,6,2.0,8,6.0,1.0,54,7.0,3,21,10,3.0,34,10,44,1.0,8,1.0,7.0,10,2.0,4.0,3,,6.0,1.0,13,1.0,,15,24,2.0,10,1.0,,,10,1.0,,5,,,6.0,3.0,3.0,6.0,95,,,2.0,,0.5769230769230769,0.5769230769230769,0.6153846153846154,0.2653061224489796,,,0.2653061224489796,0.5652173913043478,0.5,,0.4789473684210526,0.3333333333333333,,0.5050505050505051,0.3333333333333333,,0.5157894736842106,0.1304347826086956,0.1176470588235294,0.1304347826086956,0.1666666666666666,0.7692307692307693,0.6,0.4545454545454545,0.1578947368421052,0.6,0.1944444444444444,0.543859649122807,0.1818181818181818,0.3,,0.2333333333333333,,0.4545454545454545,0.5,0.3333333333333333,0.5714285714285714,0.6428571428571429,0.0208333333333333,103.0,13.586407766990291,14.374757281553396,13.150485436893204,13.215533980582522,0.1789473684210526,0.7058823529411765,0.8,0.6666666666666666,0.2421052631578947,0.5652173913043478,0.65,0.4615384615384615,0.0631578947368421,0.1666666666666666,0.2,1.0,0.0842105263157894,0.25,0.25,1.0,0.431578947368421,0.2682926829268293,0.282051282051282,0.5454545454545454,0.2222222222222222,,0.2222222222222222,,,0.1111111111111111,,,,,0.6947368421052632,0.2682926829268293,0.5176878947368421,0.4858142857142857,,0.0505050505050505,0.1,,0.0594059405940594,,7.189130434782609,25.775510204081638,,2026-04-12,22501194,MEM,,,,,,,,1.0,3.0,,,,0.5,,,,,2.0,,0.0408163265306122,,,,0.048780487804878,,,,,,,,2025-26,2026,Regular Season,1610612745,HOU
48:00,92,94,18.0,40,3,186,10,14,1.0,2.0,12,22,8.0,11,2.0,3,,,8,16,,,,1.0,30,47,10,19,17,107,1.0,3.0,,,4.0,4.0,8.0,,1.0,11.0,19.0,42,18,24,6.0,2.0,16,8,3,21,8,29,6,2.0,6,9.0,6.0,66,,4,13,20,3.0,36,4,40,1.0,7,3.0,4.0,13,2.0,6.0,7,,7.0,1.0,20,,5.0,11,25,3.0,20,,2.0,,26,2.0,,7,,5.0,7.0,5.0,2.0,8.0,103,19.0,18.0,2.0,4.0,0.7,0.7241379310344828,0.8,0.5263157894736842,,,0.5263157894736842,0.6382978723404256,0.3333333333333333,0.5,0.6818181818181818,0.3333333333333333,0.4444444444444444,0.6973684210526315,0.5,0.6428571428571429,0.2878787878787879,0.0638297872340425,0.2142857142857142,,,0.65,0.75,0.5555555555555556,0.25,0.5909090909090909,,0.5689655172413793,0.16,0.2,,,,0.3125,0.6875,1.0,0.5263157894736842,1.0,0.0454545454545454,92.99999999999994,15.50108695652176,15.467021276595746,15.229347826086975,14.215957446808511,0.2121212121212121,0.7142857142857143,0.9090909090909092,0.6,0.3333333333333333,0.5454545454545454,0.5454545454545454,0.75,0.1666666666666666,0.7272727272727273,0.7272727272727273,0.75,0.0454545454545454,0.6666666666666666,0.6666666666666666,1.0,0.2424242424242424,0.5,0.5,0.75,0.6666666666666666,0.5,,,,,,,0.1111111111111111,,0.5,0.5,0.4965424242424242,0.5002333333333333,0.5587888888888889,0.0985915492957746,0.1346153846153846,,0.0373831775700934,0.1775700934579439,8.819148936170214,26.28421052631579,0.1956521739130435,2026-04-18,42500171,LAL,4.0,5.0,,,2.0,,1.0,2.0,2.0,,,0.5,0.25,0.5555555555555556,0.8,,,,,,,,,,,1.0,1.0,,,,,2025-26,2026,Playoffs,1610612745,HOU
48:00,89,90,24.0,19,12,179,14,17,2.0,2.0,3,19,3.0,8,3.0,6,1.0,1.0,10,22,1.0,1.0,,5.0,20,44,13,28,22,101,2.0,5.0,2.0,2.0,17.0,5.0,13.0,1.0,7.0,12.0,25.0,20,20,33,6.0,4.0,22,10,6,10,11,21,8,3.0,7,1.0,2.0,53,5.0,7,13,17,1.0,31,13,44,1.0,11,6.0,5.0,8,,4.0,7,1.0,4.0,,15,1.0,1.0,7,20,5.0,22,,1.0,1.0,28,2.0,,10,,5.0,5.0,,5.0,5.0,84,23.0,23.0,4.0,4.0,0.5,0.5555555555555556,0.8461538461538461,0.4642857142857143,1.0,0.1428571428571428,0.4642857142857143,0.4545454545454545,0.4,0.3846153846153846,0.5486111111111112,0.7142857142857143,0.325,0.5941176470588235,0.7727272727272727,0.4629629629629629,0.3888888888888889,0.1363636363636363,,0.2631578947368421,0.125,0.5333333333333333,0.5,0.5483870967741935,0.2916666666666667,0.5909090909090909,0.3333333333333333,0.5660377358490566,0.3076923076923077,0.375,0.2,0.4166666666666667,,0.1666666666666666,0.5909090909090909,1.0,0.5625,0.6666666666666666,0.0303030303030303,89.5,16.24494382022472,15.935555555555556,15.32696629213483,14.901111111111112,0.2361111111111111,0.8235294117647058,0.8235294117647058,0.5,0.2638888888888889,0.1578947368421052,0.2142857142857142,0.3333333333333333,0.1111111111111111,0.375,0.4285714285714285,0.6666666666666666,0.0833333333333333,0.5,0.5,1.0,0.3055555555555556,0.4545454545454545,0.4545454545454545,0.8,0.2857142857142857,1.0,0.1428571428571428,1.0,1.0,0.1428571428571428,1.0,1.0,0.25,,0.625,0.4545454545454545,0.5290451388888889,0.49526,0.4825275,0.125,0.1923076923076923,,0.1683168316831683,0.2475247524752475,6.8977272727272725,26.292857142857144,0.2696629213483146,2026-04-21,42500172,LAL,3.0,5.0,1.0,2.0,7.0,1.0,1.0,,3.0,,0.5,,0.6,0.25,0.6,0.1,0.5,,,,,,,,,,,,,,,2025-26,2026,Playoffs,1610612745,HOU
52:59,103,103,26.0,28,11,206,19,26,4.0,5.0,6,20,1.0,4,4.0,10,,,8,19,1.0,3.0,3.0,5.0,26,50,12,29,24,112,5.0,6.0,1.0,3.0,17.0,5.0,8.0,4.0,7.0,5.0,27.0,36,16,30,6.0,4.0,19,8,6,18,10,28,6,4.0,14,4.0,,66,6.0,6,20,17,2.0,39,12,51,,12,3.0,9.0,15,2.0,12.0,6,1.0,3.0,,21,1.0,8.0,9,23,2.0,19,,1.0,,32,1.0,,12,1.0,2.0,6.0,3.0,3.0,6.0,95,26.0,25.0,3.0,1.0,0.6923076923076923,0.75,0.8333333333333334,0.4137931034482758,0.3333333333333333,0.5714285714285714,0.4137931034482758,0.52,0.8333333333333334,0.625,0.5569620253164557,0.7222222222222222,0.7333333333333333,0.6021505376344086,0.7727272727272727,0.75,0.3670886075949367,0.12,0.0769230769230769,0.2,,0.7142857142857143,0.6666666666666666,0.5862068965517241,0.25,0.7407407407407407,0.4,0.6607142857142857,0.3076923076923077,0.2142857142857142,0.6666666666666666,0.5,0.2,0.5555555555555556,0.6470588235294118,0.3333333333333333,0.8888888888888888,0.4444444444444444,,93.28301886792458,15.586407766990291,15.28737864077668,14.96116504854369,14.499029126213571,0.3291139240506329,0.7307692307692307,0.7916666666666666,0.7368421052631579,0.2531645569620253,0.3,0.375,0.6666666666666666,0.050632911392405,0.25,0.25,,0.1265822784810126,0.4,0.4,1.0,0.240506329113924,0.4210526315789473,0.4210526315789473,0.75,0.5555555555555556,0.8,,,,0.3333333333333333,0.3333333333333333,,0.3333333333333333,0.6,0.6962025316455697,0.4210526315789473,0.5137708860759493,0.5153,0.5073866666666667,0.1428571428571428,0.1967213114754098,0.0333333333333333,0.1517857142857142,0.2410714285714285,6.238,25.07586206896552,0.2524271844660194,2026-04-24,42500173,LAL,3.0,5.0,1.0,2.0,4.0,,2.0,1.0,5.0,,,0.1428571428571428,0.8333333333333334,0.3333333333333333,0.6,0.1333333333333333,0.5,,,,,0.5,,,,,,,,,,2025-26,2026,Playoffs,1610612745,HOU
48:00,91,92,23.0,24,13,183,14,23,3.0,4.0,13,18,5.0,11,1.0,5,,1.0,4,18,1.0,2.0,1.0,7.0,32,52,5,23,17,96,4.0,6.0,1.0,3.0,13.0,6.0,11.0,1.0,8.0,6.0,21.0,38,26,12,3.0,4.0,18,4,4,19,4,23,3,1.0,8,8.0,3.0,50,6.0,8,9,18,3.0,30,14,44,,6,4.0,2.0,17,3.0,11.0,7,2.0,6.0,,24,4.0,7.0,13,20,2.0,21,1.0,4.0,,21,4.0,,10,,2.0,7.0,2.0,4.0,7.0,83,21.0,23.0,3.0,2.0,0.59375,0.6333333333333333,0.8,0.217391304347826,0.3333333333333333,0.125,0.217391304347826,0.6153846153846154,0.6666666666666666,0.5454545454545454,0.5266666666666666,0.6111111111111112,0.3947368421052631,0.5783132530120482,0.65,0.4565217391304347,0.3066666666666666,0.0769230769230769,0.1739130434782608,,,0.7083333333333334,1.0,0.75,0.4,0.5294117647058824,0.3529411764705882,0.6585365853658537,0.3783783783783784,0.4,0.1666666666666666,0.3076923076923077,0.5,0.75,0.8181818181818182,0.6,0.5714285714285714,0.3333333333333333,,91.5,15.863736263736262,15.61304347826087,14.952747252747251,14.917391304347827,0.3066666666666666,0.6086956521739131,0.7368421052631579,0.5714285714285714,0.24,0.7222222222222222,0.7222222222222222,0.6153846153846154,0.1466666666666666,0.4545454545454545,0.4545454545454545,0.6,0.0666666666666666,0.2,0.2,1.0,0.24,0.2222222222222222,0.2222222222222222,0.75,0.4444444444444444,0.75,0.1111111111111111,,,0.2222222222222222,0.5,1.0,0.3684210526315789,0.1428571428571428,0.6133333333333333,0.2222222222222222,0.5217020270270271,0.55955,0.5479722222222222,0.1234567901234567,0.1724137931034483,,0.1354166666666666,0.21875,7.246153846153846,25.74090909090909,0.2527472527472527,2026-04-26,42500174,LAL,4.0,8.0,,1.0,2.0,,,,4.0,,,0.5555555555555556,0.5714285714285714,0.4210526315789473,0.5,0.0526315789473684,,,,,,0.3333333333333333,1.0,,,,,,,,,2025-26,2026,Playoffs,1610612745,HOU
48:00,90,90,29.0,19,13,180,16,24,5.0,7.0,6,14,3.0,11,,1,,,7,26,,3.0,1.0,9.0,25,49,7,27,22,93,6.0,9.0,,3.0,13.0,12.0,17.0,1.0,9.0,6.0,33.0,30,20,12,9.0,8.0,26,7,4,15,4,19,4,,9,4.0,2.0,42,6.0,9,22,10,1.0,33,15,48,,5,5.0,,10,2.0,6.0,5,1.0,4.0,1.0,15,,4.0,8,20,2.0,22,,2.0,2.0,27,,,8,1.0,4.0,5.0,,4.0,5.0,80,33.0,29.0,3.0,3.0,0.6,0.7142857142857143,0.5714285714285714,0.2592592592592592,,0.1111111111111111,0.2592592592592592,0.5102040816326531,0.6666666666666666,0.7058823529411765,0.4671052631578947,0.5,0.5192307692307693,0.5224719101123596,0.5,0.55,0.3552631578947368,0.0816326530612244,0.0833333333333333,0.1428571428571428,,0.6666666666666666,1.0,0.6666666666666666,0.375,0.8461538461538461,0.3,0.7804878048780488,0.3409090909090909,0.625,0.375,0.3157894736842105,,0.5,0.6666666666666666,0.75,0.8125,0.9,,90.0,15.61888888888889,16.38111111111111,14.958888888888888,15.97111111111111,0.3157894736842105,0.6666666666666666,0.7272727272727273,0.5625,0.1842105263157894,0.4285714285714285,0.5,0.6666666666666666,0.1447368421052631,0.2727272727272727,0.2727272727272727,0.6666666666666666,0.0131578947368421,,,,0.3421052631578947,0.2692307692307692,0.2692307692307692,0.5714285714285714,0.5833333333333334,0.7142857142857143,,,,0.25,,,0.3461538461538461,0.1111111111111111,0.6710526315789473,0.2692307692307692,0.5174026315789474,0.50713125,0.5427269230769232,0.1058823529411764,0.1403508771929824,0.0357142857142857,0.1397849462365591,0.3548387096774194,6.479591836734694,26.75185185185185,0.3222222222222222,2026-04-29,42500175,LAL,11.0,13.0,,,1.0,,1.0,,2.0,,,0.125,0.4,0.5,0.8461538461538461,,,,2.0,,,0.2,1.0,,,,,,,,,2025-26,2026,Playoffs,1610612745,HOU
48:00,91,92,26.0,23,14,183,9,16,2.0,6.0,15,41,,4,4.0,7,,2.0,8,21,,2.0,5.0,12.0,24,61,12,28,14,98,3.0,12.0,,4.0,7.0,4.0,12.0,5.0,14.0,4.0,27.0,16,32,33,3.0,4.0,21,8,9,8,11,19,7,4.0,5,3.0,,49,6.0,13,17,21,5.0,43,19,62,2.0,4,2.0,2.0,6,,3.0,5,3.0,3.0,,11,2.0,2.0,12,19,1.0,23,3.0,3.0,,24,2.0,,12,,1.0,9.0,2.0,7.0,9.0,91,27.0,26.0,,1.0,0.3333333333333333,0.3636363636363636,0.9166666666666666,0.4285714285714285,,0.3571428571428571,0.4285714285714285,0.3934426229508196,0.25,0.3333333333333333,0.4719101123595505,0.1875,0.4423076923076923,0.49,0.2058823529411764,0.45,0.3146067415730337,0.1475409836065573,0.125,0.1463414634146341,0.25,0.5454545454545454,1.0,0.8076923076923077,0.3611111111111111,0.7391304347826086,0.375,0.7755102040816326,0.3653846153846153,0.4,,0.3846153846153846,0.3333333333333333,0.875,0.6923076923076923,1.0,0.6666666666666666,0.875,0.0465116279069767,91.5,16.665934065934064,14.819565217391306,15.419780219780218,14.390217391304349,0.1797752808988764,0.5625,0.6428571428571429,0.5555555555555556,0.4606741573033708,0.3658536585365853,0.4285714285714285,0.2,0.0449438202247191,,,,0.0786516853932584,0.5714285714285714,0.5714285714285714,1.0,0.2359550561797752,0.3809523809523809,0.3809523809523809,0.875,0.375,0.3333333333333333,0.125,,,0.125,,,0.4615384615384615,0.4166666666666667,0.4943820224719101,0.3809523809523809,0.4952730337078652,0.5352045454545454,0.4958403846153846,0.1212121212121212,0.1690140845070422,,0.0714285714285714,0.2755102040816326,7.059016393442623,25.232142857142858,0.2857142857142857,2026-05-01,42500176,LAL,2.0,3.0,,2.0,1.0,,1.0,,4.0,1.0,,0.4285714285714285,0.4444444444444444,0.1153846153846153,0.6666666666666666,0.0769230769230769,,,,,,,,,,,,,,,,2025-26,2026,Playoffs,1610612745,HOU
