Minutes,OffPoss,DefPoss,PenaltyOffPoss,PenaltyDefPoss,SecondChanceOffPoss,TotalPoss,AtRimFGM,AtRimFGA,SecondChanceAtRimFGM,SecondChanceAtRimFGA,PenaltyAtRimFGM,PenaltyAtRimFGA,ShortMidRangeFGM,ShortMidRangeFGA,LongMidRangeFGM,LongMidRangeFGA,Corner3FGM,Corner3FGA,SecondChanceCorner3FGM,SecondChanceCorner3FGA,PenaltyCorner3FGM,PenaltyCorner3FGA,Arc3FGM,Arc3FGA,SecondChanceArc3FGA,PenaltyArc3FGM,PenaltyArc3FGA,FG2M,FG2A,FG3M,FG3A,FtPoints,Points,SecondChanceFG2M,SecondChanceFG2A,SecondChanceFG3M,SecondChanceFG3A,SecondChanceFtPoints,SecondChancePoints,PenaltyFG2M,PenaltyFG2A,PenaltyFG3M,PenaltyFG3A,PenaltyFtPoints,PenaltyPoints,PtsAssisted2s,PtsUnassisted2s,PtsAssisted3s,PtsUnassisted3s,NonHeaveArc3FGA,NonHeaveArc3FGM,Fg2aBlocked,TwoPtAssists,ThreePtAssists,Assists,Arc3Assists,Corner3Assists,AtRimAssists,LongMidRangeAssists,AssistPoints,OffThreePtRebounds,OffTwoPtRebounds,DefThreePtRebounds,DefTwoPtRebounds,FTDefRebounds,DefRebounds,OffRebounds,Rebounds,SelfOReb,Steals,BadPassSteals,LostBallSteals,LiveBallTurnovers,BadPassOutOfBoundsTurnovers,BadPassTurnovers,DeadBallTurnovers,LostBallTurnovers,Travels,Turnovers,SecondChanceTurnovers,PenaltyTurnovers,ShootingFouls,Fouls,Loose Ball Fouls,Offensive Fouls,FoulsDrawn,Offensive Fouls Drawn,FTA,2pt And 1 Free Throw Trips,Technical Free Throw Trips,TwoPtShootingFoulsDrawn,ThreePtShootingFoulsDrawn,NonShootingFoulsDrawn,Blocked2s,BlockedAtRim,BlockedShortMidRange,Blocks,RecoveredBlocks,FirstChancePoints,PenaltyPointsExcludingTakeFouls,PenaltyOffPossExcludingTakeFouls,NonShootingPenaltyNonTakeFouls,NonShootingPenaltyNonTakeFoulsDrawn,Assisted2sPct,NonPutbacksAssisted2sPct,Assisted3sPct,Fg3Pct,SecondChanceFg3Pct,PenaltyFg3Pct,NonHeaveFg3Pct,Fg2Pct,SecondChanceFg2Pct,PenaltyFg2Pct,EfgPct,SecondChanceEfgPct,PenaltyEfgPct,TsPct,SecondChanceTsPct,PenaltyTsPct,FG3APct,FG2APctBlocked,AtRimPctBlocked,ShortMidRangePctBlocked,LongMidRangePctBlocked,LiveBallTurnoverPct,DefFTReboundPct,DefTwoPtReboundPct,OffTwoPtReboundPct,DefThreePtReboundPct,OffThreePtReboundPct,DefFGReboundPct,OffFGReboundPct,OffAtRimReboundPct,OffShortMidRangeReboundPct,OffLongMidRangeReboundPct,OffArc3ReboundPct,OffCorner3ReboundPct,DefAtRimReboundPct,DefShortMidRangeReboundPct,DefLongMidRangeReboundPct,DefArc3ReboundPct,DefCorner3ReboundPct,SelfORebPct,Pace,BlocksRecoveredPct,SecondsPerPossOff,SecondsPerPossDef,SecondsExcludingORebsPerPossOff,SecondsExcludingORebsPerPossDef,AtRimFrequency,AtRimAccuracy,UnblockedAtRimAccuracy,AtRimPctAssisted,ShortMidRangeFrequency,ShortMidRangeAccuracy,UnblockedShortMidRangeAccuracy,LongMidRangeFrequency,LongMidRangeAccuracy,UnblockedLongMidRangeAccuracy,LongMidRangePctAssisted,Corner3Frequency,Corner3Accuracy,UnblockedCorner3Accuracy,Corner3PctAssisted,Arc3Frequency,Arc3Accuracy,UnblockedArc3Accuracy,Arc3PctAssisted,SecondChanceAtRimFrequency,SecondChanceAtRimAccuracy,SecondChanceAtRimPctAssisted,SecondChanceCorner3Frequency,SecondChanceCorner3Accuracy,SecondChanceCorner3PctAssisted,SecondChanceArc3Frequency,PenaltyAtRimFrequency,PenaltyAtRimAccuracy,PenaltyCorner3Frequency,PenaltyCorner3Accuracy,PenaltyArc3Frequency,PenaltyArc3Accuracy,AtRimFG3AFrequency,NonHeaveArc3Accuracy,ShotQualityAvg,SecondChanceShotQualityAvg,PenaltyShotQualityAvg,ShootingFoulsDrawnPct,TwoPtShootingFoulsDrawnPct,ThreePtShootingFoulsDrawnPct,SecondChancePointsPct,PenaltyPointsPct,Avg2ptShotDistance,Avg3ptShotDistance,PenaltyOffPossPct,Date,GameId,Opponent,SecondChanceArc3FGM,Fg3aBlocked,Charge Fouls,Loose Ball Fouls Drawn,3pt And 1 Free Throw Trips,Blocked3s,BlockedCorner3,Defensive 3 Seconds Violations,FG3APctBlocked,Corner3PctBlocked,SecondChanceArc3Accuracy,SecondChanceArc3PctAssisted,PtsPutbacks,ShortMidRangeAssists,LostBallOutOfBoundsTurnovers,ShortMidRangePctAssisted,DefensiveGoaltends,Arc3PctBlocked,Charge Fouls Drawn,BlockedLongMidRange,StepOutOfBoundsTurnovers,FTOffRebounds,OffFTReboundPct,BlockedArc3,OffensiveGoaltends,Season,year,SeasonType,team_id
48:00,104,103,45,37,9,207,16,28,3.0,5,5.0,10.0,5,14,2.0,4,7,12,2.0,2.0,3.0,7.0,7,28,1.0,3.0,12.0,23,46,14,40,31,119,3.0,5,2.0,3,1.0,13,6.0,13,6.0,19,13.0,43,18,28,39,3.0,28,7,4.0,9,13,22,6,7,8,1.0,57,6.0,4,25,15,1.0,41,10,51,2.0,8,4,4.0,8,1.0,5,6,3.0,1.0,14,2.0,8.0,6,23,5.0,3.0,25,2.0,36,2.0,1.0,10,3.0,4.0,4.0,3.0,1.0,4.0,2.0,106,41,43,4.0,2.0,0.391304347826087,0.391304347826087,0.9285714285714286,0.35,0.6666666666666666,0.3157894736842105,0.35,0.5,0.6,0.4615384615384615,0.5116279069767442,0.75,0.46875,0.5841584158415841,0.7222222222222222,0.5384615384615384,0.4651162790697674,0.0869565217391304,0.0357142857142857,0.1428571428571428,0.25,0.5714285714285714,1.0,0.7894736842105263,0.1818181818181818,0.8928571428571429,0.24,0.851063829787234,0.2127659574468085,0.1818181818181818,0.1111111111111111,0.5,0.25,0.2,0.7777777777777778,0.8571428571428571,0.6666666666666666,0.8695652173913043,1.0,0.0465116279069767,103.5,0.5,14.517307692307693,13.302912621359225,14.046153846153846,13.059223300970874,0.3255813953488372,0.5714285714285714,0.5925925925925926,0.5,0.1627906976744186,0.3571428571428571,0.4166666666666667,0.0465116279069767,0.5,0.6666666666666666,0.5,0.1395348837209302,0.5833333333333334,0.5833333333333334,1.0,0.3255813953488372,0.25,0.25,0.8571428571428571,0.625,0.6,0.3333333333333333,0.25,1.0,1.0,0.125,0.3125,0.5,0.21875,0.4285714285714285,0.375,0.25,0.7906976744186046,0.25,0.5836034883720931,0.6628666666666666,0.5910515625,0.134020618556701,0.1851851851851851,0.0697674418604651,0.1092436974789916,0.361344537815126,5.095652173913043,25.08,0.4326923076923077,2025-10-22,22500003,CLE,,,,,,,,,,,,,,,,,,,,,,,,,,2025-26,2026,Regular Season,1610612752
48:00,92,94,27,14,16,186,12,24,2.0,6,6.0,9.0,3,13,1.0,4,4,12,1.0,3.0,1.0,3.0,13,33,7.0,4.0,9.0,16,41,17,45,22,105,2.0,7,3.0,10,8.0,21,7.0,13,5.0,12,12.0,41,16,16,45,6.0,33,13,5.0,8,15,23,11,4,8,,61,13.0,10,25,11,3.0,39,23,62,4.0,7,4,3.0,10,3.0,7,10,3.0,,20,2.0,4.0,9,17,1.0,1.0,25,2.0,25,2.0,,11,1.0,2.0,3.0,3.0,,4.0,4.0,84,41,27,,2.0,0.5,0.5,0.8823529411764706,0.3777777777777777,0.3,0.4166666666666667,0.3777777777777777,0.3902439024390244,0.2857142857142857,0.5384615384615384,0.4825581395348837,0.3823529411764705,0.58,0.5412371134020618,0.5,0.6612903225806451,0.5232558139534884,0.1219512195121951,0.125,0.1538461538461538,,0.5,0.75,0.6470588235294118,0.4166666666666667,0.8620689655172413,0.4814814814814814,0.782608695652174,0.4509803921568627,0.5833333333333334,0.2222222222222222,0.3333333333333333,0.55,0.2857142857142857,1.0,0.375,0.75,0.88,0.75,0.0869565217391304,93.0,1.0,16.395652173913046,14.591489361702129,15.183695652173911,14.044680851063829,0.2790697674418604,0.5,0.5714285714285714,0.6666666666666666,0.1511627906976744,0.2307692307692307,0.2727272727272727,0.0465116279069767,0.25,0.25,,0.1395348837209302,0.3333333333333333,0.4,1.0,0.3837209302325581,0.3939393939393939,0.3939393939393939,0.8461538461538461,0.3529411764705882,0.3333333333333333,1.0,0.1764705882352941,0.3333333333333333,1.0,0.4117647058823529,0.36,0.6666666666666666,0.12,0.3333333333333333,0.36,0.4444444444444444,0.8023255813953488,0.3939393939393939,0.5743209302325581,0.6184333333333334,0.5871999999999999,0.1263157894736842,0.22,0.0222222222222222,0.2,0.3904761904761905,5.217073170731707,25.531111111111112,0.2934782608695652,2025-10-24,22500018,BOS,2.0,2.0,1.0,2.0,1.0,1.0,1.0,1.0,0.0444444444444444,0.1666666666666666,0.2857142857142857,1.0,,,,,,,,,,,,,,2025-26,2026,Regular Season,1610612752
48:00,104,105,20,25,17,209,15,22,3.0,5,6.0,6.0,7,19,1.0,3,6,19,1.0,1.0,2.0,5.0,9,35,7.0,,3.0,23,44,15,54,16,107,4.0,8,3.0,8,4.0,21,7.0,9,2.0,8,2.0,22,24,22,33,12.0,35,9,1.0,12,11,23,5,6,7,,57,14.0,5,18,16,2.0,36,19,55,3.0,9,3,6.0,7,3.0,3,9,4.0,,16,1.0,4.0,15,24,,4.0,16,1.0,21,2.0,,9,1.0,1.0,3.0,2.0,1.0,3.0,1.0,86,22,20,1.0,1.0,0.5217391304347826,0.6,0.7333333333333333,0.2777777777777778,0.375,0.25,0.2777777777777778,0.5227272727272727,0.5,0.7777777777777778,0.4642857142857143,0.53125,0.5882352941176471,0.5,0.5833333333333334,0.6111111111111112,0.5510204081632653,0.0227272727272727,,0.0526315789473684,,0.4375,1.0,0.7619047619047619,0.238095238095238,0.72,0.358974358974359,0.7391304347826086,0.3166666666666666,,0.3333333333333333,0.5,0.4230769230769231,0.2307692307692307,0.8,0.5,1.0,0.6111111111111112,1.0,0.0508474576271186,104.49999999999994,0.3333333333333333,15.120192307692308,12.452380952380972,14.095192307692308,11.984761904761925,0.2244897959183673,0.6818181818181818,0.6818181818181818,0.4666666666666667,0.1938775510204081,0.3684210526315789,0.3888888888888889,0.0306122448979591,0.3333333333333333,0.3333333333333333,,0.1938775510204081,0.3157894736842105,0.3157894736842105,1.0,0.3571428571428571,0.2571428571428571,0.2571428571428571,0.5555555555555556,0.3125,0.6,,0.0625,1.0,1.0,0.4375,0.3529411764705882,1.0,0.2941176470588235,0.4,0.1764705882352941,,0.7755102040816326,0.2571428571428571,0.5489367346938776,0.5090375,0.5726588235294118,0.0857142857142857,0.1764705882352941,,0.1962616822429906,0.205607476635514,6.365909090909091,25.36296296296296,0.1923076923076923,2025-10-26,22500108,MIA,2.0,,,1.0,,,,,,,0.2857142857142857,0.5,6.0,5.0,1.0,0.7142857142857143,,,,,,,,,,2025-26,2026,Regular Season,1610612752
48:00,96,96,16,17,17,192,12,24,2.0,6,2.0,2.0,11,25,3.0,3,5,11,,,,,8,30,7.0,3.0,5.0,26,52,13,41,20,111,4.0,8,,7,2.0,10,6.0,9,3.0,5,4.0,25,22,30,39,,30,8,7.0,11,13,24,8,5,6,2.0,61,8.0,12,16,13,2.0,31,20,51,3.0,9,7,2.0,7,1.0,3,6,4.0,,13,3.0,2.0,12,21,2.0,2.0,21,3.0,23,4.0,,12,1.0,,2.0,1.0,1.0,2.0,1.0,101,25,16,1.0,,0.4230769230769231,0.4583333333333333,1.0,0.3170731707317073,,0.6,0.3170731707317073,0.5,0.5,0.6666666666666666,0.489247311827957,0.2666666666666666,0.75,0.5441176470588235,0.3125,0.78125,0.4408602150537634,0.1346153846153846,0.25,0.04,,0.5384615384615384,1.0,0.8125,0.4615384615384615,0.8,0.2857142857142857,0.8055555555555556,0.3703703703703703,0.5833333333333334,0.3571428571428571,,0.3181818181818182,0.1666666666666666,,0.8333333333333334,0.8888888888888888,0.8571428571428571,0.6666666666666666,0.0652173913043478,96.0,0.5,16.079166666666666,13.920833333333334,15.2125,13.285416666666668,0.2580645161290322,0.5,0.6666666666666666,0.5,0.2688172043010752,0.44,0.4583333333333333,0.032258064516129,1.0,1.0,0.6666666666666666,0.1182795698924731,0.4545454545454545,0.4545454545454545,1.0,0.3225806451612903,0.2666666666666666,0.2758620689655172,1.0,0.4,0.3333333333333333,0.5,,,,0.4666666666666667,0.1428571428571428,1.0,,,0.3571428571428571,0.6,0.6989247311827957,0.2666666666666666,0.5473125,0.5505363636363637,0.4944846153846154,0.1274509803921568,0.2,0.0238095238095238,0.09009009009009,0.2252252252252252,5.998076923076923,25.5925,0.1666666666666666,2025-10-28,22500125,MIL,,1.0,1.0,,,,,,0.024390243902439,,,,4.0,3.0,2.0,0.2727272727272727,1.0,0.0333333333333333,,,,,,,,2025-26,2026,Regular Season,1610612752
48:00,98,97,22,41,14,195,18,26,6.0,7,7.0,11.0,3,11,6.0,9,8,16,,2.0,1.0,5.0,10,29,1.0,1.0,6.0,27,46,18,45,17,125,6.0,7,1.0,3,5.0,20,8.0,12,2.0,11,6.0,28,22,32,48,6.0,29,10,5.0,11,16,27,8,8,8,1.0,70,7.0,7,16,11,2.0,29,14,43,1.0,3,1,2.0,8,,5,4,3.0,,12,2.0,2.0,13,25,2.0,,22,2.0,23,4.0,,12,1.0,,5.0,3.0,2.0,5.0,2.0,105,28,22,4.0,,0.4074074074074074,0.4583333333333333,0.8888888888888888,0.4,0.3333333333333333,0.1818181818181818,0.4,0.5869565217391305,0.8571428571428571,0.6666666666666666,0.5934065934065934,0.75,0.4782608695652174,0.625,0.8333333333333334,0.5384615384615384,0.4945054945054945,0.108695652173913,0.1538461538461538,0.0909090909090909,,0.6666666666666666,1.0,0.6111111111111112,0.3684210526315789,0.8,0.2692307692307692,0.7105263157894737,0.3111111111111111,0.375,0.375,0.3333333333333333,0.2222222222222222,0.375,0.6,0.5714285714285714,1.0,0.8666666666666667,0.6,0.0256410256410256,97.5,0.4,15.193877551020408,14.34020618556701,14.744897959183673,13.917525773195877,0.2857142857142857,0.6923076923076923,0.8181818181818182,0.4444444444444444,0.1208791208791208,0.2727272727272727,0.3,0.0989010989010989,0.6666666666666666,0.6666666666666666,0.1666666666666666,0.1758241758241758,0.5,0.5333333333333333,1.0,0.3186813186813186,0.3448275862068966,0.3448275862068966,0.8,0.7,0.8571428571428571,0.3333333333333333,0.2,,,0.1,0.4782608695652174,0.6363636363636364,0.217391304347826,0.2,0.2608695652173913,0.1666666666666666,0.7802197802197802,0.3448275862068966,0.5579571428571428,0.6793875,0.6159608695652173,0.13,0.2222222222222222,0.0217391304347826,0.16,0.224,6.819565217391304,25.153333333333336,0.2244897959183673,2025-10-31,22500023,CHI,1.0,1.0,,1.0,,,,,0.0222222222222222,0.0625,1.0,1.0,6.0,2.0,2.0,0.6666666666666666,,,2.0,,,,,,,2025-26,2026,Regular Season,1610612752
48:00,100,101,34,17,13,201,18,33,,7,5.0,7.0,3,14,2.0,6,6,14,1.0,2.0,4.0,6.0,14,28,5.0,5.0,9.0,23,53,20,42,22,128,,7,5.0,7,2.0,17,6.0,14,9.0,15,11.0,50,28,18,51,9.0,28,14,3.0,14,17,31,11,6,11,2.0,79,7.0,10,20,15,2.0,37,17,54,3.0,7,4,3.0,7,2.0,7,4,,2.0,11,1.0,3.0,6,12,,,20,1.0,22,2.0,,9,,3.0,5.0,5.0,,5.0,2.0,111,50,34,,3.0,0.6086956521739131,0.6086956521739131,0.85,0.4761904761904761,0.7142857142857143,0.6,0.4761904761904761,0.4339622641509434,,0.4285714285714285,0.5578947368421052,0.5357142857142857,0.6724137931034483,0.6095238095238096,0.5666666666666667,0.7352941176470589,0.4421052631578947,0.0566037735849056,0.0909090909090909,,,0.6363636363636364,1.0,0.6,0.3333333333333333,0.8695652173913043,0.3181818181818182,0.7291666666666666,0.3269230769230769,0.4666666666666667,0.2727272727272727,,0.5,,0.5789473684210527,0.75,0.5,0.9285714285714286,0.7777777777777778,0.0612244897959183,100.5,0.4,15.51,13.15841584158416,14.887,12.826732673267326,0.3473684210526316,0.5454545454545454,0.6,0.6111111111111112,0.1473684210526315,0.2142857142857142,0.2142857142857142,0.0631578947368421,0.3333333333333333,0.3333333333333333,1.0,0.1473684210526315,0.4285714285714285,0.4285714285714285,1.0,0.2947368421052631,0.5,0.5,0.7857142857142857,0.5,,,0.1428571428571428,0.5,1.0,0.3571428571428571,0.2413793103448276,0.7142857142857143,0.2068965517241379,0.6666666666666666,0.3103448275862069,0.5555555555555556,0.7894736842105263,0.5,0.5944368421052632,0.57698125,0.5889706896551724,0.088235294117647,0.15,,0.1328125,0.390625,5.00754716981132,25.054761904761904,0.34,2025-11-02,22500153,CHI,4.0,,,,,,,,,,0.8,1.0,,1.0,,0.3333333333333333,,,,,,,,,,2025-26,2026,Regular Season,1610612752
48:00,101,102,24,8,9,203,21,33,1.0,4,4.0,6.0,5,14,3.0,6,5,9,,,2.0,2.0,10,32,3.0,4.0,7.0,29,53,15,41,16,119,2.0,7,1.0,3,1.0,8,7.0,12,6.0,9,2.0,34,34,24,45,,32,10,5.0,17,15,32,10,5,13,,79,6.0,7,20,16,3.0,39,13,52,3.0,12,7,5.0,7,,5,5,2.0,1.0,12,2.0,2.0,9,16,,2.0,21,3.0,20,3.0,,7,3.0,1.0,4.0,3.0,1.0,4.0,3.0,111,34,24,,1.0,0.5862068965517241,0.6071428571428571,1.0,0.3658536585365853,0.3333333333333333,0.6666666666666666,0.3658536585365853,0.5471698113207547,0.2857142857142857,0.5833333333333334,0.5478723404255319,0.35,0.7619047619047619,0.5891089108910891,0.3636363636363636,0.7391304347826086,0.4361702127659574,0.0943396226415094,0.1515151515151515,,,0.5833333333333334,0.75,0.7619047619047619,0.2916666666666667,0.9090909090909092,0.2307692307692307,0.8372093023255814,0.26,0.25,0.4444444444444444,,0.2272727272727272,0.25,0.6666666666666666,0.75,1.0,0.8947368421052632,1.0,0.0666666666666666,101.5,0.75,15.169306930693068,13.21470588235294,14.222772277227724,12.790196078431372,0.351063829787234,0.6363636363636364,0.75,0.6190476190476191,0.1489361702127659,0.3571428571428571,0.3571428571428571,0.0638297872340425,0.5,0.5,,0.0957446808510638,0.5555555555555556,0.5555555555555556,1.0,0.3404255319148936,0.3125,0.3125,1.0,0.4,0.25,,,,,0.3,0.2857142857142857,0.6666666666666666,0.0952380952380952,1.0,0.3333333333333333,0.5714285714285714,0.7872340425531915,0.3125,0.5754851063829787,0.5982999999999999,0.573604761904762,0.1,0.1228070175438596,0.0697674418604651,0.0672268907563025,0.2857142857142857,5.305660377358491,25.553658536585367,0.2376237623762376,2025-11-03,22500159,WAS,1.0,,2.0,1.0,1.0,,,,,,0.3333333333333333,1.0,2.0,4.0,,0.8,,,1.0,,,,,,,2025-26,2026,Regular Season,1610612752
48:00,96,97,17,23,16,193,31,39,8.0,12,7.0,7.0,2,11,3.0,10,6,10,1.0,1.0,1.0,1.0,13,32,6.0,2.0,6.0,36,60,19,42,8,137,8.0,13,4.0,7,3.0,31,7.0,13,3.0,7,,23,36,36,42,15.0,32,13,2.0,18,14,32,8,6,16,1.0,78,10.0,13,17,15,,32,23,55,3.0,7,5,2.0,6,3.0,4,8,2.0,1.0,14,2.0,3.0,8,21,,2.0,14,3.0,9,3.0,,6,,,8.0,2.0,3.0,8.0,4.0,106,23,17,3.0,,0.5,0.6428571428571429,0.7368421052631579,0.4523809523809524,0.5714285714285714,0.4285714285714285,0.4523809523809524,0.6,0.6153846153846154,0.5384615384615384,0.6323529411764706,0.7,0.575,0.6523809523809524,0.7380952380952381,0.575,0.4117647058823529,0.0333333333333333,0.0256410256410256,0.0909090909090909,,0.4285714285714285,,0.6818181818181818,0.5416666666666666,0.8095238095238095,0.4545454545454545,0.7441860465116279,0.5,0.625,0.4444444444444444,0.5714285714285714,0.4444444444444444,0.5,0.6666666666666666,0.6666666666666666,0.7142857142857143,0.7894736842105263,1.0,0.0681818181818181,96.5,0.5,15.507291666666667,14.343298969072164,14.64375,13.920618556701031,0.3823529411764705,0.7948717948717948,0.8157894736842105,0.5161290322580645,0.1078431372549019,0.1818181818181818,0.2,0.0980392156862745,0.3,0.3,0.3333333333333333,0.0980392156862745,0.6,0.6,1.0,0.3137254901960784,0.40625,0.40625,0.6153846153846154,0.6,0.6666666666666666,,0.05,1.0,1.0,0.3,0.35,1.0,0.05,1.0,0.3,0.3333333333333333,0.7941176470588235,0.40625,0.5963348039215686,0.6001153846153846,0.536925,0.0571428571428571,0.0952380952380952,,0.2262773722627737,0.1678832116788321,5.45,25.178571428571427,0.1770833333333333,2025-11-05,22500175,MIN,3.0,,1.0,1.0,,,,,,,0.5,0.6666666666666666,16.0,1.0,,0.5,,,1.0,3.0,,,,,,2025-26,2026,Regular Season,1610612752
48:00,94,95,23,24,18,189,22,33,6.0,8,3.0,4.0,7,14,2.0,5,10,19,2.0,4.0,1.0,4.0,7,18,3.0,2.0,5.0,31,52,17,37,21,134,7.0,11,3.0,7,2.0,25,5.0,10,3.0,9,10.0,29,28,34,51,,18,7,7.0,14,17,31,7,10,11,1.0,79,7.0,12,21,11,1.0,33,19,52,3.0,9,6,3.0,5,4.0,2,9,3.0,,14,,3.0,8,25,1.0,4.0,24,1.0,26,2.0,2.0,8,1.0,4.0,3.0,,3.0,3.0,1.0,109,29,23,4.0,4.0,0.4516129032258064,0.5384615384615384,1.0,0.4594594594594595,0.4285714285714285,0.3333333333333333,0.4594594594594595,0.5961538461538461,0.6363636363636364,0.5,0.6348314606741573,0.6388888888888888,0.5,0.6666666666666666,0.6578947368421053,0.58,0.4157303370786517,0.1346153846153846,0.0909090909090909,0.2857142857142857,,0.3571428571428571,0.5,0.6111111111111112,0.5714285714285714,0.6774193548387096,0.35,0.6530612244897959,0.4634146341463415,0.6363636363636364,0.5714285714285714,0.3333333333333333,0.3636363636363636,0.3333333333333333,0.8,0.5,0.5555555555555556,0.6296296296296297,1.0,0.0909090909090909,94.5,0.3333333333333333,14.934042553191489,15.538947368421054,14.087234042553192,14.854736842105265,0.3707865168539326,0.6666666666666666,0.7333333333333333,0.5,0.1573033707865168,0.5,0.7,0.0561797752808988,0.4,0.4,0.5,0.2134831460674157,0.5263157894736842,0.5555555555555556,1.0,0.2022471910112359,0.3888888888888889,0.3888888888888889,1.0,0.4444444444444444,0.75,,0.2222222222222222,0.5,1.0,0.1666666666666666,0.2105263157894736,0.75,0.2105263157894736,0.25,0.2631578947368421,0.4,0.7865168539325843,0.3888888888888889,0.5778252808988764,0.5795192307692308,0.5298078947368421,0.0947368421052631,0.1379310344827586,0.027027027027027,0.1865671641791045,0.2164179104477611,5.032692307692307,24.78918918918919,0.2446808510638297,2025-11-09,22500192,BKN,1.0,1.0,,3.0,1.0,,,1.0,0.027027027027027,0.0526315789473684,0.3333333333333333,1.0,10.0,2.0,1.0,0.2857142857142857,,,1.0,,,,,,,2025-26,2026,Regular Season,1610612752
48:00,109,110,32,21,13,219,20,30,5.0,6,,4.0,5,8,,5,5,17,,1.0,2.0,3.0,17,39,3.0,5.0,15.0,25,43,22,56,17,133,5.0,7,2.0,4,2.0,18,2.0,8,7.0,18,6.0,31,32,18,57,9.0,39,17,3.0,16,19,35,14,5,14,,89,10.0,4,22,12,1.0,35,14,49,2.0,12,8,4.0,7,1.0,4,8,3.0,,15,1.0,6.0,13,21,2.0,2.0,20,,20,2.0,,9,,2.0,2.0,,1.0,2.0,2.0,115,31,32,,2.0,0.64,0.6956521739130435,0.8636363636363636,0.3928571428571428,0.5,0.3888888888888889,0.3928571428571428,0.5813953488372093,0.7142857142857143,0.25,0.5858585858585859,0.7272727272727273,0.4807692307692308,0.6157407407407407,0.75,0.5344827586206896,0.5656565656565656,0.0697674418604651,0.1,,,0.4666666666666667,0.5,0.7058823529411765,0.2222222222222222,0.9166666666666666,0.2941176470588235,0.8292682926829268,0.2692307692307692,0.1,0.3333333333333333,0.4,0.2727272727272727,0.3333333333333333,0.7777777777777778,0.6,0.6666666666666666,0.875,1.0,0.0408163265306122,109.49999999999991,1.0,14.855045871559652,11.46181818181818,14.386238532110111,11.338181818181818,0.303030303030303,0.6666666666666666,0.7407407407407407,0.7,0.0808080808080808,0.625,0.625,0.0505050505050505,,,,0.1717171717171717,0.2941176470588235,0.2941176470588235,1.0,0.3939393939393939,0.4358974358974359,0.4358974358974359,0.8235294117647058,0.5454545454545454,0.8333333333333334,0.2,0.0909090909090909,,,0.2727272727272727,0.1538461538461538,,0.1153846153846153,0.6666666666666666,0.5769230769230769,0.3333333333333333,0.8686868686868687,0.4358974358974359,0.5901275510204081,0.6732375,0.5286711538461538,0.0849056603773584,0.18,,0.1353383458646616,0.2330827067669172,5.116279069767442,25.19454545454545,0.2935779816513761,2025-11-11,22500208,MEM,2.0,,2.0,2.0,,,,1.0,,,0.6666666666666666,1.0,4.0,2.0,1.0,0.4,,,2.0,1.0,,,,,,2025-26,2026,Regular Season,1610612752
47:59,102,102,20,40,11,204,13,22,1.0,2,3.0,5.0,11,25,4.0,5,6,12,,2.0,,2.0,5,24,3.0,3.0,6.0,28,52,11,36,18,107,2.0,3,1.0,5,4.0,11,4.0,9,3.0,8,6.0,23,26,30,21,12.0,24,5,3.0,13,7,20,1,6,9,1.0,47,6.0,6,15,13,1.0,29,12,41,2.0,10,7,3.0,10,1.0,6,4,4.0,,14,1.0,2.0,11,25,3.0,1.0,21,1.0,23,2.0,,8,2.0,1.0,3.0,3.0,,3.0,1.0,96,23,20,5.0,1.0,0.4642857142857143,0.5,0.6363636363636364,0.3055555555555556,0.2,0.375,0.3055555555555556,0.5384615384615384,0.6666666666666666,0.4444444444444444,0.5056818181818182,0.4375,0.5,0.5515463917525774,0.55,0.575,0.4090909090909091,0.0576923076923076,0.0909090909090909,0.04,,0.7142857142857143,0.5,0.5652173913043478,0.25,0.6818181818181818,0.24,0.6222222222222222,0.2448979591836734,0.3333333333333333,0.2142857142857142,,0.2631578947368421,0.1666666666666666,0.5384615384615384,0.5,0.75,0.625,0.8333333333333334,0.0444444444444444,102.00000000000006,0.3333333333333333,14.058823529411764,14.176470588235274,13.371568627450982,13.37156862745096,0.25,0.5909090909090909,0.65,0.6923076923076923,0.2840909090909091,0.44,0.4583333333333333,0.0568181818181818,0.8,0.8,0.25,0.1363636363636363,0.5,0.5,1.0,0.2727272727272727,0.2083333333333333,0.217391304347826,0.2,0.25,0.5,,0.25,,,0.375,0.2941176470588235,0.6,0.1176470588235294,,0.3529411764705882,0.5,0.6590909090909091,0.2083333333333333,0.5532045454545454,0.5290600000000001,0.5510294117647059,0.1041666666666666,0.1379310344827586,0.0526315789473684,0.102803738317757,0.2149532710280373,6.7846153846153845,24.76944444444445,0.196078431372549,2025-11-12,22500215,ORL,1.0,1.0,,1.0,,,,,0.0277777777777777,,0.3333333333333333,,4.0,3.0,1.0,0.2727272727272727,,0.0416666666666666,3.0,,1.0,,,,,2025-26,2026,Regular Season,1610612752
48:00,100,101,34,31,13,201,18,31,3.0,7,6.0,10.0,7,15,2.0,5,8,17,1.0,3.0,2.0,4.0,13,37,6.0,5.0,12.0,27,51,21,54,23,140,3.0,11,3.0,9,5.0,20,10.0,17,7.0,16,12.0,53,24,30,60,3.0,37,13,2.0,12,20,32,13,7,9,1.0,84,12.0,12,17,14,4.0,35,24,59,3.0,9,6,3.0,4,1.0,2,4,2.0,1.0,8,,2.0,15,23,4.0,2.0,23,,29,3.0,,11,2.0,2.0,2.0,2.0,,2.0,1.0,120,53,34,3.0,2.0,0.4444444444444444,0.48,0.9523809523809524,0.3888888888888889,0.3333333333333333,0.4375,0.3888888888888889,0.5294117647058824,0.2727272727272727,0.5882352941176471,0.5571428571428572,0.375,0.6212121212121212,0.5982905982905983,0.4347826086956521,0.6625,0.5142857142857142,0.0392156862745098,,0.1333333333333333,,0.5,1.0,0.5384615384615384,0.5,0.68,0.375,0.6078431372549019,0.4285714285714285,0.4615384615384615,0.375,1.0,0.4782608695652174,0.1111111111111111,0.4444444444444444,0.8333333333333334,0.5,0.7647058823529411,0.5,0.0588235294117647,100.5,0.5,16.521,12.157425742574258,14.851,11.605940594059406,0.2952380952380952,0.5806451612903226,0.5806451612903226,0.5,0.1428571428571428,0.4666666666666667,0.5384615384615384,0.0476190476190476,0.4,0.4,0.5,0.1619047619047619,0.4705882352941176,0.4705882352941176,0.875,0.3523809523809524,0.3513513513513513,0.3823529411764705,1.0,0.35,0.4285714285714285,0.3333333333333333,0.15,0.3333333333333333,1.0,0.3,0.303030303030303,0.6,0.1212121212121212,0.5,0.3636363636363636,0.4166666666666667,0.8095238095238095,0.3513513513513513,0.5686778846153846,0.5557708333333333,0.543515625,0.1130434782608695,0.1864406779661017,0.0357142857142857,0.1428571428571428,0.3785714285714285,4.676470588235294,25.38490566037736,0.34,2025-11-14,22500039,MIA,2.0,3.0,,1.0,,,,,0.0555555555555555,,0.3333333333333333,1.0,4.0,2.0,,0.2857142857142857,1.0,0.081081081081081,,,,,,,,2025-26,2026,Regular Season,1610612752
48:00,104,104,25,20,11,208,26,39,4.0,5,4.0,6.0,6,15,2.0,4,1,7,,,,2.0,8,29,2.0,3.0,8.0,34,58,9,36,18,113,5.0,9,1.0,2,2.0,15,5.0,13,3.0,10,4.0,23,32,36,21,6.0,29,8,5.0,16,7,23,6,1,11,2.0,53,5.0,9,16,23,1.0,40,15,55,1.0,7,4,3.0,5,1.0,1,12,4.0,1.0,17,1.0,6.0,6,18,2.0,4.0,21,2.0,24,4.0,,11,,3.0,7.0,2.0,5.0,7.0,5.0,98,23,25,,3.0,0.4705882352941176,0.5161290322580645,0.7777777777777778,0.25,0.5,0.3,0.25,0.5862068965517241,0.5555555555555556,0.3846153846153846,0.5053191489361702,0.5909090909090909,0.4130434782608695,0.5432692307692307,0.5769230769230769,0.4423076923076923,0.3829787234042553,0.0862068965517241,0.1025641025641025,0.0666666666666666,,0.2941176470588235,1.0,0.696969696969697,0.375,0.7619047619047619,0.2,0.7222222222222222,0.2857142857142857,0.3846153846153846,0.3333333333333333,0.5,0.2105263157894736,0.1666666666666666,0.5714285714285714,0.7142857142857143,1.0,0.7647058823529411,0.75,0.0227272727272727,104.0,0.7142857142857143,14.102884615384616,13.589423076923076,13.53942307692308,13.041346153846153,0.4148936170212766,0.6666666666666666,0.7428571428571429,0.4230769230769231,0.1595744680851064,0.4,0.4285714285714285,0.0425531914893617,0.5,0.5,1.0,0.0744680851063829,0.1428571428571428,0.1428571428571428,1.0,0.3085106382978723,0.2758620689655172,0.2758620689655172,0.75,0.4545454545454545,0.8,0.25,,,,0.1818181818181818,0.2608695652173913,0.6666666666666666,0.0869565217391304,,0.3478260869565217,0.375,0.7978723404255319,0.2758620689655172,0.569170744680851,0.4750111111111111,0.4965978260869565,0.1089108910891089,0.1692307692307692,,0.1327433628318584,0.2035398230088495,4.506896551724138,25.605555555555554,0.2403846153846154,2025-11-17,22500244,MIA,1.0,,1.0,3.0,,,,,,,0.5,1.0,6.0,3.0,1.0,0.5,1.0,,,,2.0,1.0,0.3333333333333333,,,2025-26,2026,Regular Season,1610612752
48:00,100,101,25,34,17,201,13,15,2.0,2,3.0,3.0,10,23,6.0,13,6,17,1.0,2.0,1.0,2.0,6,27,4.0,3.0,12.0,29,51,12,44,19,113,3.0,7,3.0,6,6.0,21,8.0,10,4.0,14,4.0,32,32,26,33,3.0,27,6,5.0,16,11,27,5,6,9,3.0,65,11.0,8,21,14,1.0,36,19,55,5.0,8,5,3.0,6,,4,3,2.0,1.0,9,1.0,1.0,14,22,4.0,1.0,26,4.0,35,5.0,,17,,3.0,10.0,5.0,4.0,10.0,8.0,92,31,23,3.0,1.0,0.5517241379310345,0.5925925925925926,0.9166666666666666,0.2727272727272727,0.5,0.2857142857142857,0.2727272727272727,0.5686274509803921,0.4285714285714285,0.8,0.4947368421052631,0.5769230769230769,0.5833333333333334,0.5136363636363637,0.65625,0.5517241379310345,0.4631578947368421,0.0980392156862745,0.1333333333333333,0.1304347826086956,,0.6666666666666666,1.0,0.6363636363636364,0.3636363636363636,0.7777777777777778,0.3548387096774194,0.7142857142857143,0.3584905660377358,1.0,0.3076923076923077,0.2857142857142857,0.35,0.3636363636363636,0.4,0.8,1.0,0.6666666666666666,1.0,0.1041666666666666,100.5,0.8,14.397,14.26039603960396,13.81,13.65049504950495,0.1578947368421052,0.8666666666666667,1.0,0.6923076923076923,0.2421052631578947,0.4347826086956521,0.5,0.1368421052631579,0.4615384615384615,0.4615384615384615,0.5,0.1789473684210526,0.3529411764705882,0.3529411764705882,1.0,0.2842105263157894,0.2222222222222222,0.2222222222222222,0.8333333333333334,0.1538461538461538,1.0,,0.1538461538461538,0.5,1.0,0.3076923076923077,0.125,1.0,0.0833333333333333,0.5,0.5,0.25,0.6210526315789474,0.2222222222222222,0.5299903225806452,0.4878071428571428,0.5405477272727273,0.1588785046728972,0.2698412698412698,,0.1858407079646017,0.2831858407079646,8.013725490196078,24.56904761904762,0.25,2025-11-19,22500262,DAL,2.0,,,,,,,,,,0.5,1.0,4.0,4.0,1.0,0.4,,,,1.0,,,,,,2025-26,2026,Regular Season,1610612752
48:00,99,100,38,33,10,199,11,14,1.0,3,4.0,5.0,15,20,4.0,8,3,6,1.0,1.0,,1.0,10,33,2.0,2.0,11.0,30,42,13,39,22,121,2.0,4,3.0,3,3.0,16,14.0,17,2.0,12,8.0,42,34,26,33,6.0,33,10,1.0,17,11,28,8,3,10,1.0,67,7.0,4,12,14,2.0,28,11,39,1.0,5,4,1.0,5,2.0,4,12,1.0,1.0,17,2.0,9.0,14,28,2.0,2.0,26,4.0,28,2.0,1.0,11,1.0,3.0,3.0,1.0,2.0,4.0,2.0,105,42,38,2.0,3.0,0.5666666666666667,0.5666666666666667,0.8461538461538461,0.3333333333333333,1.0,0.1666666666666666,0.3333333333333333,0.7142857142857143,0.5,0.8235294117647058,0.6111111111111112,0.9285714285714286,0.5862068965517241,0.6451612903225806,1.0,0.6029411764705882,0.4814814814814814,0.0238095238095238,0.0714285714285714,,,0.2941176470588235,0.6666666666666666,0.7777777777777778,0.3333333333333333,0.6,0.2916666666666667,0.6842105263157895,0.3055555555555556,0.6666666666666666,0.2,0.25,0.238095238095238,0.6666666666666666,0.8333333333333334,0.7,1.0,0.6666666666666666,,0.0294117647058823,99.5,0.5,14.432323232323233,14.512,13.996969696969698,14.154000000000002,0.1728395061728395,0.7857142857142857,0.8461538461538461,0.9090909090909092,0.2469135802469135,0.75,0.75,0.0987654320987654,0.5,0.5,0.25,0.074074074074074,0.5,0.5,1.0,0.4074074074074074,0.303030303030303,0.3125,0.8,0.4285714285714285,0.3333333333333333,,0.1428571428571428,1.0,1.0,0.2857142857142857,0.1724137931034483,0.8,0.0344827586206896,,0.3793103448275862,0.1818181818181818,0.654320987654321,0.303030303030303,0.5290854430379747,0.632475,0.5230574074074075,0.1333333333333333,0.2156862745098039,0.0256410256410256,0.1322314049586777,0.3471074380165289,7.923809523809524,25.55135135135135,0.3838383838383838,2025-11-22,22500269,ORL,2.0,1.0,2.0,,1.0,1.0,,,0.0256410256410256,,1.0,1.0,,6.0,2.0,0.4,,0.0303030303030303,,,,,,1.0,1.0,2025-26,2026,Regular Season,1610612752
48:00,92,93,13,24,10,185,14,19,1.0,3,2.0,2.0,14,28,5.0,6,3,10,,1.0,1.0,1.0,9,26,2.0,1.0,4.0,33,53,12,36,11,113,4.0,6,1.0,3,,11,5.0,6,2.0,5,2.0,18,34,32,33,3.0,26,9,1.0,17,11,28,8,3,5,4.0,67,6.0,5,24,13,2.0,39,11,50,2.0,6,3,3.0,5,,3,3,2.0,1.0,8,,1.0,12,20,2.0,1.0,14,2.0,14,3.0,1.0,8,,,4.0,2.0,2.0,6.0,4.0,102,18,13,2.0,,0.5151515151515151,0.53125,0.9166666666666666,0.3333333333333333,0.3333333333333333,0.4,0.3333333333333333,0.6226415094339622,0.6666666666666666,0.8333333333333334,0.5730337078651685,0.6111111111111112,0.7272727272727273,0.5957446808510638,0.55,0.75,0.4044943820224719,0.0188679245283018,,0.0357142857142857,,0.625,1.0,0.65,0.25,0.6857142857142857,0.25,0.6727272727272727,0.25,0.4,0.2142857142857142,,0.2941176470588235,0.1428571428571428,0.5,0.7142857142857143,,0.6785714285714286,0.7142857142857143,0.0465116279069767,92.5,0.6666666666666666,15.07391304347826,16.055913978494623,14.56195652173913,15.18924731182796,0.2134831460674157,0.7368421052631579,0.7368421052631579,0.3571428571428571,0.3146067415730337,0.5,0.5185185185185185,0.0674157303370786,0.8333333333333334,0.8333333333333334,0.8,0.1123595505617977,0.3,0.3,1.0,0.2921348314606741,0.3461538461538461,0.3461538461538461,0.8888888888888888,0.3333333333333333,0.3333333333333333,,0.1111111111111111,,,0.2222222222222222,0.1818181818181818,1.0,0.0909090909090909,1.0,0.3636363636363636,0.25,0.6179775280898876,0.3461538461538461,0.5103852272727273,0.57637,0.513915,0.0851063829787234,0.1379310344827586,,0.0973451327433628,0.1592920353982301,6.535849056603773,25.68857142857143,0.1413043478260869,2025-11-24,22500285,BKN,1.0,,,,,2.0,2.0,1.0,,,0.5,1.0,2.0,8.0,,0.5714285714285714,,,,,,,,,,2025-26,2026,Regular Season,1610612752
48:00,97,97,20,26,9,194,17,21,1.0,2,3.0,3.0,16,30,4.0,12,4,8,1.0,2.0,2.0,4.0,9,18,2.0,3.0,4.0,37,63,13,26,16,129,3.0,6,3.0,4,2.0,17,8.0,13,5.0,8,1.0,32,30,44,33,6.0,18,9,3.0,15,11,26,7,4,8,2.0,63,2.0,9,20,16,3.0,39,11,50,1.0,12,10,2.0,5,2.0,5,10,,,15,,2.0,12,22,2.0,4.0,16,,18,4.0,2.0,10,,,4.0,1.0,3.0,4.0,2.0,112,32,20,1.0,,0.4054054054054054,0.4166666666666667,0.8461538461538461,0.5,0.75,0.625,0.5,0.5873015873015873,0.5,0.6153846153846154,0.6348314606741573,0.75,0.7380952380952381,0.6736842105263158,0.7727272727272727,0.7619047619047619,0.2921348314606741,0.0476190476190476,0.1428571428571428,,,0.3333333333333333,0.75,0.8,0.36,0.6666666666666666,0.1666666666666666,0.72,0.2972972972972973,0.5,0.4285714285714285,0.1428571428571428,0.125,0.25,0.6666666666666666,0.7857142857142857,1.0,0.625,0.8333333333333334,0.0294117647058823,97.0,0.5,14.3,15.390721649484536,13.78041237113402,14.561855670103093,0.2359550561797752,0.8095238095238095,0.9444444444444444,0.4705882352941176,0.3370786516853932,0.5333333333333333,0.5333333333333333,0.1348314606741573,0.3333333333333333,0.3333333333333333,0.5,0.0898876404494382,0.5,0.5,1.0,0.2022471910112359,0.5,0.5,0.7777777777777778,0.2,0.5,,0.2,0.5,1.0,0.2,0.1428571428571428,1.0,0.1904761904761904,0.5,0.1904761904761904,0.75,0.5280898876404494,0.5,0.51109375,0.50199375,0.5054047619047619,0.1052631578947368,0.144927536231884,,0.1317829457364341,0.2480620155038759,7.814285714285714,25.488000000000003,0.2061855670103092,2025-11-26,22500061,CHA,2.0,,,1.0,,,,,,,1.0,0.5,2.0,5.0,2.0,0.3125,,,,,1.0,,,,,2025-26,2026,Regular Season,1610612752
48:00,92,94,30,36,17,186,14,20,3.0,5,4.0,5.0,7,21,3.0,9,2,9,,1.0,1.0,2.0,12,26,5.0,4.0,8.0,24,50,14,35,28,118,3.0,5,4.0,6,4.0,22,8.0,17,5.0,10,13.0,44,26,22,36,6.0,26,12,4.0,13,12,25,10,2,9,,62,9.0,10,19,10,4.0,33,19,52,2.0,10,4,6.0,9,1.0,6,4,3.0,,13,3.0,4.0,10,21,,,26,2.0,33,5.0,1.0,14,1.0,3.0,2.0,2.0,,2.0,2.0,96,44,30,3.0,3.0,0.5416666666666666,0.5652173913043478,0.8571428571428571,0.4,0.6666666666666666,0.5,0.4,0.48,0.6,0.4705882352941176,0.5294117647058824,0.8181818181818182,0.5740740740740741,0.5969387755102041,0.7857142857142857,0.6666666666666666,0.4117647058823529,0.08,0.1,0.0952380952380952,,0.6923076923076923,1.0,0.9090909090909092,0.4,0.7916666666666666,0.4285714285714285,0.8285714285714286,0.4130434782608695,0.3333333333333333,0.5,0.2,0.3571428571428571,0.5714285714285714,0.8,1.0,1.0,0.7777777777777778,0.8333333333333334,0.0476190476190476,93.0,1.0,16.539130434782606,14.451063829787236,15.657608695652174,14.343617021276598,0.2352941176470588,0.7,0.7777777777777778,0.6428571428571429,0.2470588235294117,0.3333333333333333,0.3684210526315789,0.1058823529411764,0.3333333333333333,0.3333333333333333,,0.1058823529411764,0.2222222222222222,0.2222222222222222,1.0,0.3058823529411765,0.4615384615384615,0.4615384615384615,0.8333333333333334,0.4545454545454545,0.6,0.3333333333333333,0.0909090909090909,,,0.4545454545454545,0.1851851851851851,0.8,0.074074074074074,0.5,0.2962962962962963,0.5,0.6470588235294118,0.4615384615384615,0.5475476190476191,0.5909785714285715,0.5184730769230769,0.1578947368421052,0.2372881355932203,0.0277777777777777,0.1864406779661017,0.3728813559322034,7.026,25.21176470588236,0.3260869565217391,2025-11-28,22500074,MIL,4.0,,,2.0,,,,,,,0.8,0.75,2.0,4.0,2.0,0.5714285714285714,,,,,,,,,,2025-26,2026,Regular Season,1610612752
48:00,96,98,16,11,17,194,22,32,5.0,9,3.0,3.0,2,11,4.0,8,7,14,1.0,1.0,1.0,4.0,9,31,7.0,,1.0,28,51,16,45,12,116,6.0,10,3.0,8,1.0,22,5.0,5,1.0,5,4.0,17,24,32,45,3.0,31,9,6.0,12,15,27,8,7,11,1.0,69,11.0,13,14,20,4.0,38,25,63,3.0,9,6,3.0,9,2.0,4,9,5.0,1.0,18,4.0,7.0,10,15,2.0,2.0,15,1.0,16,3.0,1.0,7,,2.0,3.0,2.0,1.0,3.0,2.0,94,17,16,,2.0,0.4285714285714285,0.5217391304347826,0.9375,0.3555555555555555,0.375,0.2,0.3555555555555555,0.5490196078431373,0.6,1.0,0.5416666666666666,0.5833333333333334,0.65,0.5637254901960784,0.55,0.7083333333333334,0.46875,0.1176470588235294,0.15625,0.0909090909090909,,0.5,1.0,0.8,0.5652173913043478,0.56,0.3793103448275862,0.68,0.4615384615384615,0.8,0.3333333333333333,0.5,0.3636363636363636,0.4285714285714285,0.7692307692307693,0.875,0.75,0.631578947368421,0.3333333333333333,0.0652173913043478,97.0,0.6666666666666666,15.847916666666668,13.863265306122448,14.960416666666667,13.16938775510204,0.3333333333333333,0.6875,0.8148148148148148,0.5,0.1145833333333333,0.1818181818181818,0.2,0.0833333333333333,0.5,0.5,0.25,0.1458333333333333,0.5,0.5,1.0,0.3229166666666667,0.2903225806451613,0.2903225806451613,0.8888888888888888,0.5,0.5555555555555556,,0.0555555555555555,1.0,1.0,0.3888888888888889,0.3,1.0,0.4,0.25,0.1,,0.8020833333333334,0.2903225806451613,0.5894921875,0.5992708333333333,0.6494,0.07,0.1272727272727272,,0.1896551724137931,0.146551724137931,5.4490196078431365,24.862222222222226,0.1666666666666666,2025-11-30,22500303,TOR,2.0,,,,,,,,,,0.2857142857142857,1.0,10.0,,2.0,,,,1.0,,1.0,1.0,1.0,,,2025-26,2026,Regular Season,1610612752
48:00,89,91,15,23,12,180,14,15,3.0,4,3.0,3.0,6,18,4.0,8,3,9,,,,,16,38,4.0,2.0,9.0,24,41,19,47,12,117,3.0,6,2.0,4,4.0,16,4.0,7,2.0,9,4.0,18,26,22,48,9.0,38,16,3.0,13,16,29,13,3,8,2.0,74,8.0,5,17,7,2.0,26,13,39,,5,2,3.0,6,1.0,3,6,3.0,1.0,12,2.0,,7,15,4.0,,20,1.0,17,4.0,,6,2.0,2.0,2.0,,2.0,2.0,1.0,101,18,15,1.0,,0.5416666666666666,0.5652173913043478,0.8421052631578947,0.4042553191489361,0.5,0.2222222222222222,0.4042553191489361,0.5853658536585366,0.5,0.5714285714285714,0.5965909090909091,0.6,0.4375,0.6290322580645161,0.7272727272727273,0.4736842105263157,0.5340909090909091,0.073170731707317,0.0666666666666666,0.1111111111111111,,0.5,1.0,0.7,0.3125,0.6296296296296297,0.32,0.6486486486486487,0.3170731707317073,,0.2727272727272727,0.5,0.3684210526315789,0.1666666666666666,,0.6,0.8,0.6,1.0,,90.0,0.5,16.565168539325843,15.447252747252747,15.630337078651683,14.754945054945056,0.1704545454545454,0.9333333333333332,1.0,0.5714285714285714,0.2045454545454545,0.3333333333333333,0.375,0.0909090909090909,0.5,0.5,0.5,0.1022727272727272,0.3333333333333333,0.3333333333333333,1.0,0.4318181818181818,0.4210526315789473,0.4210526315789473,0.8125,0.4,0.75,0.6666666666666666,,,,0.4,0.1875,1.0,,,0.5625,0.2222222222222222,0.7045454545454546,0.4210526315789473,0.5162670588235294,0.5063583333333334,0.5334428571428572,0.0777777777777777,0.1395348837209302,0.0212765957446808,0.1367521367521367,0.1538461538461538,7.397560975609756,25.720454545454547,0.1685393258426966,2025-12-02,22500320,BOS,2.0,,,2.0,1.0,,,,,,0.5,1.0,2.0,3.0,,0.5,,,,,1.0,,,,,2025-26,2026,Regular Season,1610612752
48:00,92,94,21,27,14,186,23,34,5.0,6,6.0,8.0,4,8,3.0,8,3,9,1.0,1.0,,,9,29,4.0,2.0,4.0,30,50,12,38,23,119,6.0,7,5.0,5,3.0,30,10.0,14,2.0,4,3.0,29,34,26,33,3.0,29,9,7.0,17,11,28,8,3,14,1.0,67,5.0,10,21,13,1.0,35,15,50,1.0,9,4,5.0,4,1.0,3,5,1.0,,9,1.0,5.0,10,19,2.0,2.0,18,1.0,27,3.0,,12,2.0,,6.0,4.0,2.0,6.0,4.0,89,29,21,1.0,,0.5666666666666667,0.6071428571428571,0.9166666666666666,0.3157894736842105,1.0,0.5,0.3157894736842105,0.6,0.8571428571428571,0.7142857142857143,0.5454545454545454,1.125,0.7222222222222222,0.601010101010101,1.0714285714285714,0.7631578947368421,0.4318181818181818,0.14,0.2058823529411764,,,0.4444444444444444,1.0,0.52,0.5,0.7241379310344828,0.1923076923076923,0.6296296296296297,0.3260869565217391,0.6363636363636364,0.25,0.4,0.15,0.3333333333333333,0.4705882352941176,0.625,,0.75,0.6666666666666666,0.0256410256410256,93.0,0.6666666666666666,15.981521739130434,14.996808510638298,15.11195652173913,14.038297872340427,0.3863636363636363,0.6764705882352942,0.8518518518518519,0.6086956521739131,0.0909090909090909,0.5,0.5,0.0909090909090909,0.375,0.375,0.3333333333333333,0.1022727272727272,0.3333333333333333,0.3333333333333333,1.0,0.3295454545454545,0.3103448275862069,0.3103448275862069,0.8888888888888888,0.5,0.8333333333333334,0.2,0.0833333333333333,1.0,1.0,0.3333333333333333,0.4444444444444444,0.75,,,0.2222222222222222,0.5,0.8181818181818182,0.3103448275862069,0.5952176136363637,0.60203125,0.5555222222222223,0.1326530612244898,0.2033898305084746,0.0256410256410256,0.2521008403361344,0.2436974789915966,4.7,25.28421052631579,0.2282608695652173,2025-12-03,22500328,CHA,4.0,,,,,,,,,,1.0,0.75,4.0,2.0,,0.5,,,1.0,,,,,,,2025-26,2026,Regular Season,1610612752
48:00,102,101,24,25,10,203,20,23,4.0,5,4.0,5.0,9,21,1.0,5,5,12,,1.0,1.0,3.0,16,30,3.0,5.0,8.0,30,49,21,42,23,146,5.0,6,2.0,4,3.0,19,9.0,10,6.0,11,7.0,43,28,32,48,15.0,30,16,1.0,14,16,30,12,4,9,1.0,76,5.0,7,20,18,3.0,41,12,53,1.0,9,5,4.0,8,1.0,6,5,2.0,1.0,13,,3.0,16,22,2.0,1.0,18,1.0,26,3.0,,10,3.0,2.0,2.0,2.0,,2.0,2.0,127,43,24,2.0,2.0,0.4666666666666667,0.56,0.7619047619047619,0.5,0.5,0.5454545454545454,0.5,0.6122448979591837,0.8333333333333334,0.9,0.6758241758241759,0.8,0.8571428571428571,0.7227722772277227,0.8636363636363636,0.8958333333333334,0.4615384615384615,0.0204081632653061,,,0.2,0.6153846153846154,1.0,0.72,0.3684210526315789,0.7142857142857143,0.25,0.7169811320754716,0.3076923076923077,0.3333333333333333,0.25,0.75,0.1538461538461538,0.4285714285714285,0.7857142857142857,0.6,0.6666666666666666,0.7368421052631579,0.6666666666666666,0.0263157894736842,101.5,1.0,15.015686274509804,13.350495049504952,14.573529411764708,12.894059405940595,0.2527472527472527,0.8695652173913043,0.8695652173913043,0.45,0.2307692307692307,0.4285714285714285,0.4285714285714285,0.0549450549450549,0.2,0.25,1.0,0.1318681318681318,0.4166666666666667,0.4166666666666667,0.8,0.3296703296703296,0.5333333333333333,0.5333333333333333,0.75,0.5,0.8,,0.1,,,0.3,0.238095238095238,0.8,0.1428571428571428,0.3333333333333333,0.3809523809523809,0.625,0.7142857142857143,0.5333333333333333,0.560678021978022,0.6063285714285714,0.5594357142857144,0.1313131313131313,0.1785714285714285,0.0697674418604651,0.1301369863013698,0.2945205479452055,5.944897959183674,25.097619047619045,0.2352941176470588,2025-12-05,22500343,UTA,2.0,,,2.0,2.0,,,,,,0.6666666666666666,1.0,10.0,4.0,1.0,0.4444444444444444,,,,,,,,,,2025-26,2026,Regular Season,1610612752
48:00,95,95,20,30,12,190,15,24,4.0,6,4.0,6.0,10,25,3.0,7,6,12,,3.0,2.0,2.0,5,23,2.0,,5.0,28,56,11,35,17,106,4.0,8,1.0,5,1.0,12,6.0,10,2.0,7,7.0,25,26,30,33,,23,5,3.0,13,11,24,5,6,8,1.0,59,7.0,9,17,20,1.0,38,16,54,2.0,8,3,5.0,7,,3,4,4.0,3.0,11,2.0,2.0,8,21,6.0,,16,,20,1.0,1.0,9,,1.0,6.0,6.0,,7.0,2.0,94,25,20,4.0,1.0,0.4642857142857143,0.4814814814814814,1.0,0.3142857142857143,0.2,0.2857142857142857,0.3142857142857143,0.5,0.5,0.6,0.489010989010989,0.4230769230769231,0.5294117647058824,0.525,0.4285714285714285,0.5952380952380952,0.3846153846153846,0.0535714285714285,0.125,,,0.6363636363636364,0.3333333333333333,0.7142857142857143,0.3333333333333333,0.5862068965517241,0.2916666666666667,0.6491228070175439,0.3137254901960784,0.3333333333333333,0.3333333333333333,0.3333333333333333,0.3333333333333333,0.1666666666666666,0.5,0.9090909090909092,1.0,0.6818181818181818,0.2857142857142857,0.0425531914893617,95.0,0.2857142857142857,15.486315789473684,14.829473684210528,14.512631578947367,13.837894736842104,0.2637362637362637,0.625,0.7142857142857143,0.5333333333333333,0.2747252747252747,0.4,0.4,0.0769230769230769,0.4285714285714285,0.4285714285714285,0.3333333333333333,0.1318681318681318,0.5,0.5,1.0,0.2527472527472527,0.217391304347826,0.2272727272727272,1.0,0.4615384615384615,0.6666666666666666,0.5,0.2307692307692307,,,0.1538461538461538,0.3529411764705882,0.6666666666666666,0.1176470588235294,1.0,0.2941176470588235,,0.6483516483516484,0.217391304347826,0.557756043956044,0.6128833333333333,0.5613235294117648,0.0909090909090909,0.140625,,0.1132075471698113,0.2358490566037736,6.9125000000000005,25.02,0.2105263157894736,2025-12-07,22500357,ORL,1.0,1.0,,,,1.0,,,0.0285714285714285,,0.5,1.0,2.0,4.0,,0.4,1.0,0.0434782608695652,,,,,,1.0,,2025-26,2026,Regular Season,1610612752
48:00,92,93,20,16,11,185,11,18,4.0,7,4.0,8.0,9,17,6.0,10,3,12,1.0,1.0,,2.0,13,23,2.0,2.0,4.0,26,45,16,35,17,117,5.0,8,3.0,3,6.0,25,9.0,16,2.0,6,6.0,30,10,42,42,6.0,23,13,4.0,5,14,19,11,3,2,,52,5.0,8,17,15,4.0,36,15,51,2.0,9,8,1.0,9,1.0,6,5,3.0,1.0,14,,1.0,10,19,1.0,2.0,22,1.0,28,1.0,,10,1.0,3.0,7.0,6.0,1.0,7.0,5.0,92,30,20,1.0,1.0,0.1923076923076923,0.217391304347826,0.875,0.4571428571428571,1.0,0.3333333333333333,0.4571428571428571,0.5777777777777777,0.625,0.5625,0.625,0.8636363636363636,0.5454545454545454,0.6290322580645161,0.8333333333333334,0.5555555555555556,0.4375,0.0888888888888888,0.1111111111111111,0.1176470588235294,,0.6428571428571429,1.0,0.625,0.4210526315789473,0.6296296296296297,0.2631578947368421,0.6274509803921569,0.3421052631578947,0.7142857142857143,0.375,,0.1,0.4444444444444444,0.6666666666666666,0.625,0.5,0.6666666666666666,0.5,0.0588235294117647,92.5,0.7142857142857143,16.027173913043477,15.112903225806452,15.544565217391304,14.111827956989249,0.225,0.6111111111111112,0.6875,0.1818181818181818,0.2125,0.5294117647058824,0.6,0.125,0.6,0.6,,0.15,0.25,0.25,1.0,0.2875,0.5652173913043478,0.5652173913043478,0.8461538461538461,0.6363636363636364,0.5714285714285714,0.25,0.0909090909090909,1.0,1.0,0.1818181818181818,0.3636363636363636,0.5,0.0909090909090909,,0.1818181818181818,0.5,0.6625,0.5652173913043478,0.551374375,0.64575625,0.5656568181818181,0.1222222222222222,0.1851851851851851,0.0277777777777777,0.2136752136752136,0.2564102564102564,7.522222222222222,25.254285714285714,0.217391304347826,2025-12-09,22501202,TOR,2.0,,,,,,,,,,1.0,1.0,6.0,3.0,,0.3333333333333333,,,1.0,,,2.0,0.4,,,2025-26,2026,Regular Season,1610612752
48:00,102,105,39,33,8,207,14,18,2.0,3,5.0,8.0,25,36,5.0,10,4,6,,,,,3,14,1.0,3.0,5.0,44,64,7,20,23,132,3.0,4,1.0,1,4.0,13,17.0,25,3.0,5,12.0,55,44,44,18,3.0,14,3,3.0,22,6,28,2,4,9,2.0,62,3.0,5,20,14,2.0,36,8,44,1.0,9,4,5.0,9,2.0,4,3,5.0,,12,,5.0,9,23,1.0,,24,,31,2.0,1.0,14,,2.0,7.0,1.0,6.0,7.0,3.0,119,55,39,4.0,2.0,0.5,0.5116279069767442,0.8571428571428571,0.35,1.0,0.6,0.35,0.6875,0.75,0.68,0.6488095238095238,0.9,0.7166666666666667,0.6683673469387755,0.8125,0.7236842105263158,0.238095238095238,0.046875,,0.0833333333333333,,0.75,0.6666666666666666,0.6086956521739131,0.25,0.7142857142857143,0.2307692307692307,0.6666666666666666,0.2424242424242424,0.25,0.3636363636363636,,0.2727272727272727,,0.6666666666666666,0.5882352941176471,0.6666666666666666,0.7058823529411765,0.7272727272727273,0.0333333333333333,103.5,0.4285714285714285,14.367647058823527,13.471428571428572,14.188235294117648,12.582857142857144,0.2142857142857142,0.7777777777777778,0.7777777777777778,0.6428571428571429,0.4285714285714285,0.6944444444444444,0.7575757575757576,0.119047619047619,0.5,0.5,0.4,0.0714285714285714,0.6666666666666666,0.6666666666666666,1.0,0.1666666666666666,0.2142857142857142,0.2142857142857142,0.6666666666666666,0.6,0.6666666666666666,0.5,,,,0.2,0.2666666666666666,0.625,,,0.1666666666666666,0.6,0.4523809523809524,0.2142857142857142,0.4884738095238095,0.5530333333333334,0.4780083333333333,0.1458333333333333,0.1842105263157894,,0.0984848484848484,0.4166666666666667,8.0453125,25.31,0.3823529411764705,2025-12-13,22501229,ORL,1.0,,1.0,1.0,,,,,,,1.0,1.0,2.0,11.0,,0.44,,,1.0,,,,,,,2025-26,2026,Regular Season,1610612752
48:00,99,101,17,17,12,200,11,14,2.0,2,2.0,3.0,11,26,4.0,9,9,14,,1.0,2.0,2.0,8,29,2.0,4.0,6.0,26,49,17,43,11,114,4.0,6,,3,1.0,9,5.0,9,6.0,8,3.0,31,32,20,45,6.0,29,8,6.0,16,15,31,6,9,9,2.0,77,8.0,7,16,17,1.0,34,15,49,2.0,10,6,4.0,8,1.0,7,8,1.0,1.0,16,5.0,,10,19,,1.0,20,,19,4.0,,10,1.0,1.0,5.0,1.0,3.0,5.0,4.0,105,31,17,,,0.6153846153846154,0.6153846153846154,0.8823529411764706,0.3953488372093023,,0.75,0.3953488372093023,0.5306122448979592,0.6666666666666666,0.5555555555555556,0.5597826086956522,0.4444444444444444,0.8235294117647058,0.5757575757575758,0.45,0.8611111111111112,0.4673913043478261,0.1224489795918367,0.0714285714285714,0.1923076923076923,,0.5,1.0,0.6296296296296297,0.3181818181818182,0.7272727272727273,0.3076923076923077,0.673469387755102,0.3125,0.3333333333333333,0.2666666666666666,0.5,0.3333333333333333,0.2,0.375,0.7777777777777778,0.7,0.7647058823529411,0.6,0.0476190476190476,100.0,0.8,14.913131313131316,13.897029702970295,14.2989898989899,13.155445544554452,0.1521739130434782,0.7857142857142857,0.8461538461538461,0.8181818181818182,0.2826086956521739,0.4230769230769231,0.5238095238095238,0.0978260869565217,0.4444444444444444,0.4444444444444444,0.5,0.1521739130434782,0.6428571428571429,0.6428571428571429,1.0,0.3152173913043478,0.2758620689655172,0.2758620689655172,0.75,0.2222222222222222,1.0,1.0,0.1111111111111111,,,0.2222222222222222,0.1764705882352941,0.6666666666666666,0.1176470588235294,1.0,0.3529411764705882,0.6666666666666666,0.6195652173913043,0.2758620689655172,0.5181016304347825,0.65108,0.4905235294117647,0.1122448979591836,0.1818181818181818,0.0232558139534883,0.0789473684210526,0.2719298245614035,8.80408163265306,25.30465116279069,0.1717171717171717,2025-12-18,22500372,IND,,,1.0,2.0,1.0,,,,,,,,,5.0,3.0,0.4545454545454545,,,2.0,1.0,,,,,,2025-26,2026,Regular Season,1610612752
48:00,94,96,33,26,18,190,18,32,6.0,11,4.0,8.0,12,20,1.0,4,3,11,1.0,3.0,1.0,2.0,5,21,3.0,1.0,9.0,31,56,8,32,21,107,7.0,13,1.0,6,2.0,19,12.0,18,2.0,11,12.0,42,36,26,24,,21,5,7.0,18,8,26,5,3,11,,60,7.0,16,19,16,1.0,36,23,59,3.0,3,2,1.0,7,4.0,4,11,3.0,2.0,18,3.0,6.0,8,21,2.0,2.0,24,,25,3.0,1.0,10,1.0,3.0,2.0,,2.0,3.0,2.0,88,42,33,4.0,2.0,0.5806451612903226,0.6666666666666666,1.0,0.25,0.1666666666666666,0.1818181818181818,0.25,0.5535714285714286,0.5384615384615384,0.6666666666666666,0.4886363636363636,0.4473684210526316,0.5172413793103449,0.5459183673469388,0.475,0.6,0.3636363636363636,0.125,0.21875,,,0.3888888888888889,0.5,0.6956521739130435,0.64,0.7916666666666666,0.2916666666666667,0.7446808510638298,0.4693877551020408,0.6428571428571429,0.875,,0.3125,0.25,0.8,0.6153846153846154,,0.8235294117647058,0.7142857142857143,0.073170731707317,95.0,0.6666666666666666,15.535106382978723,14.788541666666667,14.641489361702128,13.905208333333334,0.3636363636363636,0.5625,0.72,0.6111111111111112,0.2272727272727272,0.6,0.6,0.0454545454545454,0.25,0.25,,0.125,0.2727272727272727,0.2727272727272727,1.0,0.2386363636363636,0.238095238095238,0.25,1.0,0.5789473684210527,0.5454545454545454,0.3333333333333333,0.1578947368421052,0.3333333333333333,1.0,0.1578947368421052,0.2758620689655172,0.5,0.0689655172413793,0.5,0.3103448275862069,0.1111111111111111,0.7272727272727273,0.238095238095238,0.56111875,0.5805714285714286,0.5405913793103448,0.1157894736842105,0.1587301587301587,0.03125,0.1775700934579439,0.3925233644859813,5.257142857142857,24.9625,0.351063829787234,2025-12-19,22500382,PHI,,1.0,1.0,,1.0,1.0,,,0.03125,,,,8.0,7.0,1.0,0.5833333333333334,,0.0476190476190476,,,,,,1.0,1.0,2025-26,2026,Regular Season,1610612752
48:00,101,100,8,41,6,201,13,21,,2,,,12,19,2.0,7,10,14,1.0,1.0,,1.0,10,24,,2.0,2.0,27,47,20,38,18,132,,2,1.0,1,4.0,7,1.0,3,2.0,3,4.0,12,26,28,45,15.0,24,10,1.0,13,15,28,6,9,9,2.0,71,3.0,3,13,18,3.0,34,6,40,,7,4,3.0,5,2.0,4,8,1.0,,13,,1.0,14,25,2.0,2.0,14,1.0,21,1.0,,6,2.0,2.0,3.0,2.0,1.0,3.0,2.0,125,10,7,3.0,1.0,0.4814814814814814,0.4814814814814814,0.75,0.5263157894736842,1.0,0.6666666666666666,0.5263157894736842,0.574468085106383,,0.3333333333333333,0.6705882352941176,0.5,0.6666666666666666,0.7021276595744681,0.7,0.75,0.4470588235294118,0.0212765957446808,0.0476190476190476,,,0.3846153846153846,1.0,0.6428571428571429,0.15,0.65,0.1666666666666666,0.6458333333333334,0.1578947368421052,0.25,,0.2,0.2142857142857142,,0.5384615384615384,0.6923076923076923,1.0,0.5625,1.0,,100.49999999999994,0.6666666666666666,15.3821782178218,13.264,15.232673267326753,12.652,0.2470588235294117,0.6190476190476191,0.65,0.6923076923076923,0.2235294117647059,0.631578947368421,0.631578947368421,0.0823529411764705,0.2857142857142857,0.2857142857142857,1.0,0.1647058823529411,0.7142857142857143,0.7142857142857143,0.9,0.2823529411764706,0.4166666666666667,0.4166666666666667,0.6,0.6666666666666666,,,0.3333333333333333,1.0,1.0,,,,0.1666666666666666,,0.3333333333333333,1.0,0.6941176470588235,0.4166666666666667,0.5551535294117647,0.6262,0.4015583333333333,0.0769230769230769,0.1153846153846153,0.0256410256410256,0.053030303030303,0.0909090909090909,7.008510638297872,24.78421052631579,0.0792079207920792,2025-12-21,22500398,MIA,,,,2.0,,,,,,,,,,2.0,3.0,0.1666666666666666,,,,,,,,,,2025-26,2026,Regular Season,1610612752
48:00,102,102,12,10,16,204,16,32,6.0,11,,2.0,12,31,2.0,6,2,5,1.0,2.0,1.0,1.0,9,25,5.0,1.0,3.0,30,69,11,30,11,104,8.0,15,3.0,7,,25,1.0,5,2.0,4,2.0,10,20,40,30,3.0,25,9,7.0,10,10,20,8,2,6,1.0,50,8.0,14,23,15,1.0,39,22,61,3.0,8,5,3.0,12,,9,7,3.0,,19,,2.0,10,21,1.0,5.0,15,1.0,15,3.0,1.0,5,1.0,2.0,2.0,2.0,,2.0,,79,10,12,,2.0,0.3333333333333333,0.4,0.9090909090909092,0.3666666666666666,0.4285714285714285,0.5,0.3666666666666666,0.4347826086956521,0.5333333333333333,0.2,0.4696969696969697,0.5681818181818182,0.4444444444444444,0.4951923076923077,0.5681818181818182,0.4545454545454545,0.303030303030303,0.1014492753623188,0.125,0.064516129032258,0.1666666666666666,0.631578947368421,0.5,0.75,0.3684210526315789,0.7419354838709677,0.4210526315789473,0.7450980392156863,0.3859649122807017,0.5,0.2631578947368421,0.3333333333333333,0.375,0.6666666666666666,0.5555555555555556,0.8571428571428571,1.0,0.7272727272727273,0.7777777777777778,0.0612244897959183,102.0,,14.761764705882351,13.473529411764703,13.85,12.766666666666667,0.3232323232323232,0.5,0.5714285714285714,0.375,0.3131313131313131,0.3870967741935484,0.4137931034482758,0.0606060606060606,0.3333333333333333,0.4,0.5,0.0505050505050505,0.4,0.5,1.0,0.2525252525252525,0.36,0.375,0.8888888888888888,0.5,0.5454545454545454,0.1666666666666666,0.0909090909090909,0.5,1.0,0.2272727272727272,0.2222222222222222,,0.1111111111111111,1.0,0.3333333333333333,0.3333333333333333,0.6262626262626263,0.36,0.5416484848484848,0.5650176470588235,0.5070777777777777,0.0588235294117647,0.0704225352112676,0.032258064516129,0.2403846153846154,0.0961538461538461,5.926086956521739,24.726666666666667,0.1176470588235294,2025-12-23,22500416,MIN,2.0,2.0,,2.0,,,,,0.0666666666666666,0.2,0.4,1.0,10.0,3.0,1.0,0.25,,0.04,,,,,,,,2025-26,2026,Regular Season,1610612752
48:00,103,101,20,26,12,204,14,21,2.0,4,4.0,6.0,8,24,1.0,5,9,16,,,1.0,2.0,12,29,5.0,2.0,3.0,23,50,21,45,17,126,3.0,7,2.0,5,2.0,14,5.0,10,3.0,5,5.0,24,22,24,51,12.0,29,12,,11,17,28,8,9,8,1.0,73,7.0,8,14,17,3.0,34,15,49,2.0,9,3,6.0,7,3.0,5,6,2.0,,13,1.0,3.0,10,17,1.0,1.0,22,4.0,22,2.0,1.0,5,2.0,4.0,4.0,2.0,1.0,4.0,2.0,112,23,19,2.0,3.0,0.4782608695652174,0.5,0.8095238095238095,0.4666666666666667,0.4,0.6,0.4666666666666667,0.46,0.4285714285714285,0.5,0.5736842105263158,0.5,0.6333333333333333,0.6116504854368932,0.5384615384615384,0.631578947368421,0.4736842105263157,,,,,0.5384615384615384,0.75,0.7727272727272727,0.2962962962962963,0.7,0.2916666666666667,0.7380952380952381,0.2941176470588235,0.4285714285714285,0.25,0.25,0.2941176470588235,0.2857142857142857,0.625,0.75,1.0,0.7333333333333333,0.6,0.0392156862745098,102.0,0.5,15.035922330097089,13.18118811881188,14.151456310679611,12.546534653465349,0.2210526315789473,0.6666666666666666,0.6666666666666666,0.5714285714285714,0.2526315789473684,0.3333333333333333,0.3333333333333333,0.0526315789473684,0.2,0.2,1.0,0.1684210526315789,0.5625,0.5625,1.0,0.3052631578947368,0.4137931034482758,0.4137931034482758,0.6666666666666666,0.3333333333333333,0.5,0.5,,,,0.4166666666666667,0.4,0.6666666666666666,0.1333333333333333,0.5,0.2,0.6666666666666666,0.6947368421052632,0.4137931034482758,0.5347851063829787,0.5741666666666666,0.5435142857142857,0.0707070707070707,0.0943396226415094,0.0434782608695652,0.1111111111111111,0.1904761904761904,6.69,24.856818181818184,0.1941747572815534,2025-12-25,22500009,CLE,2.0,,,2.0,1.0,,,,,,0.4,1.0,2.0,2.0,,0.25,,,,1.0,1.0,,,,,2025-26,2026,Regular Season,1610612752
48:00,102,103,42,42,21,205,18,28,4.0,7,7.0,9.0,8,16,2.0,8,3,9,1.0,2.0,2.0,3.0,12,35,2.0,5.0,16.0,28,52,15,44,27,128,5.0,10,2.0,4,7.0,23,14.0,23,7.0,19,7.0,56,30,26,36,9.0,35,12,3.0,15,12,27,9,3,13,,66,13.0,8,19,15,4.0,38,22,60,2.0,9,8,1.0,6,1.0,1,8,5.0,1.0,14,4.0,7.0,12,25,3.0,2.0,20,,32,4.0,,17,,1.0,4.0,2.0,2.0,4.0,4.0,105,54,41,3.0,,0.5357142857142857,0.6,0.8,0.3409090909090909,0.5,0.3684210526315789,0.3409090909090909,0.5384615384615384,0.5,0.6086956521739131,0.5260416666666666,0.5714285714285714,0.5833333333333334,0.5818181818181818,0.6388888888888888,0.6222222222222222,0.4583333333333333,0.0576923076923076,0.1071428571428571,,,0.4285714285714285,1.0,0.75,0.3478260869565217,0.7037037037037037,0.4482758620689655,0.723404255319149,0.4038461538461538,0.4,0.25,0.4,0.5217391304347826,0.1666666666666666,0.875,0.6,1.0,0.6842105263157895,0.75,0.0408163265306122,102.5,1.0,15.624509803921567,12.488349514563106,14.986274509803923,12.133009708737864,0.2916666666666667,0.6428571428571429,0.72,0.7222222222222222,0.1666666666666666,0.5,0.5,0.0833333333333333,0.25,0.25,,0.09375,0.3333333333333333,0.3333333333333333,1.0,0.3645833333333333,0.3428571428571428,0.3428571428571428,0.75,0.5,0.5714285714285714,0.25,0.1428571428571428,0.5,1.0,0.1428571428571428,0.2142857142857142,0.7777777777777778,0.0714285714285714,0.6666666666666666,0.3809523809523809,0.3125,0.75,0.3428571428571428,0.5706626315789474,0.6316416666666667,0.5366548780487804,0.1559633027522936,0.2615384615384615,,0.1796875,0.4375,6.1038461538461535,25.011627906976745,0.4117647058823529,2025-12-27,22500435,ATL,1.0,,,1.0,,,,,,,0.5,1.0,6.0,2.0,1.0,0.25,1.0,,,,,1.0,0.3333333333333333,,,2025-26,2026,Regular Season,1610612752
48:00,100,101,18,24,12,201,19,31,1.0,3,5.0,6.0,4,12,3.0,8,8,19,,1.0,2.0,2.0,12,25,4.0,1.0,3.0,26,51,20,44,18,130,2.0,7,3.0,5,,13,7.0,11,3.0,5,8.0,31,36,16,51,9.0,25,12,8.0,18,17,35,9,8,14,2.0,87,7.0,6,11,20,2.0,33,13,46,1.0,8,4,4.0,6,1.0,3,3,3.0,1.0,9,1.0,1.0,14,19,1.0,,15,,19,1.0,,7,,3.0,3.0,3.0,,4.0,2.0,117,31,18,1.0,3.0,0.6923076923076923,0.72,0.85,0.4545454545454545,0.6,0.6,0.4545454545454545,0.5098039215686274,0.2857142857142857,0.6363636363636364,0.5894736842105263,0.5416666666666666,0.71875,0.625,0.5416666666666666,0.775,0.4631578947368421,0.1568627450980392,0.1290322580645161,0.25,0.125,0.6666666666666666,1.0,0.6666666666666666,0.25,0.55,0.2916666666666667,0.62,0.2708333333333333,0.1666666666666666,0.4285714285714285,0.2,0.4615384615384615,0.0909090909090909,0.5294117647058824,0.8,1.0,0.625,0.25,0.024390243902439,100.5,0.5,14.447,14.21089108910891,13.735,13.616831683168316,0.3263157894736842,0.6129032258064516,0.7037037037037037,0.7368421052631579,0.1263157894736842,0.3333333333333333,0.4444444444444444,0.0842105263157894,0.375,0.4285714285714285,0.6666666666666666,0.2,0.4210526315789473,0.4210526315789473,1.0,0.2631578947368421,0.48,0.48,0.75,0.25,0.3333333333333333,,0.0833333333333333,,,0.3333333333333333,0.375,0.8333333333333334,0.125,1.0,0.1875,0.3333333333333333,0.7894736842105263,0.48,0.5660294736842105,0.4783416666666666,0.54819375,0.0693069306930693,0.1228070175438596,,0.1,0.2384615384615384,6.050980392156864,24.60909090909091,0.18,2025-12-29,22500454,NOP,3.0,,,,,1.0,,,,,0.75,1.0,2.0,2.0,,0.5,1.0,,1.0,,,,,1.0,,2025-26,2026,Regular Season,1610612752
48:00,101,101,27,37,9,202,15,19,2.0,5,5.0,7.0,5,14,4.0,11,8,17,,1.0,3.0,5.0,14,35,2.0,4.0,6.0,24,44,22,52,18,132,2.0,8,1.0,3,,7,7.0,14,7.0,11,3.0,38,28,20,54,12.0,35,14,3.0,14,18,32,11,7,12,,82,6.0,5,17,14,2.0,33,11,44,3.0,7,3,4.0,7,1.0,3,3,4.0,,10,,3.0,11,30,4.0,1.0,17,1.0,20,2.0,1.0,5,3.0,1.0,1.0,,1.0,2.0,1.0,125,38,27,4.0,1.0,0.5833333333333334,0.6086956521739131,0.8181818181818182,0.4230769230769231,0.3333333333333333,0.6363636363636364,0.4230769230769231,0.5454545454545454,0.25,0.5,0.59375,0.3181818181818182,0.7,0.6359223300970874,0.3181818181818182,0.7115384615384616,0.5416666666666666,0.0681818181818181,0.0526315789473684,0.0714285714285714,0.0909090909090909,0.7,0.5,0.6666666666666666,0.25,0.7083333333333334,0.2,0.6888888888888889,0.22,0.25,0.3333333333333333,0.1428571428571428,0.238095238095238,0.1111111111111111,0.6666666666666666,0.6,1.0,0.7894736842105263,0.4,0.0638297872340425,101.0,0.5,15.266336633663368,13.248514851485147,14.392079207920794,12.842574257425742,0.1979166666666666,0.7894736842105263,0.8333333333333334,0.8,0.1458333333333333,0.3571428571428571,0.3846153846153846,0.1145833333333333,0.3636363636363636,0.4,,0.1770833333333333,0.4705882352941176,0.4705882352941176,0.875,0.3645833333333333,0.4,0.4,0.7857142857142857,0.4545454545454545,0.4,0.5,0.0909090909090909,,,0.1818181818181818,0.28,0.7142857142857143,0.2,0.6,0.24,0.6666666666666666,0.7395833333333334,0.4,0.5471057291666667,0.52914,0.562438,0.0693069306930693,0.1063829787234042,0.037037037037037,0.053030303030303,0.2878787878787879,7.318181818181818,25.319230769230767,0.2673267326732673,2025-12-31,22500467,SAS,1.0,,,2.0,,1.0,,,,,0.5,,2.0,2.0,,0.4,,,1.0,,,,,1.0,,2025-26,2026,Regular Season,1610612752
48:00,104,104,32,19,13,208,16,25,,5,4.0,8.0,9,25,2.0,5,4,13,,,3.0,5.0,5,29,6.0,,6.0,27,55,9,42,18,99,2.0,9,2.0,6,2.0,12,7.0,18,3.0,11,6.0,29,36,18,27,,29,5,1.0,18,9,27,5,4,12,2.0,63,10.0,8,20,16,5.0,41,18,59,4.0,8,7,1.0,12,,8,3,4.0,1.0,15,2.0,4.0,11,17,2.0,,21,1.0,21,1.0,,11,,,6.0,5.0,,6.0,4.0,87,29,32,2.0,,0.6666666666666666,0.6923076923076923,1.0,0.2142857142857142,0.3333333333333333,0.2727272727272727,0.2142857142857142,0.4909090909090909,0.2222222222222222,0.3888888888888889,0.4175257731958763,0.3333333333333333,0.396551724137931,0.4626168224299065,0.375,0.453125,0.4329896907216495,0.0181818181818181,0.04,,,0.8,1.0,0.7272727272727273,0.3076923076923077,0.8333333333333334,0.303030303030303,0.782608695652174,0.3050847457627119,0.4444444444444444,0.2666666666666666,,0.25,0.4444444444444444,0.7142857142857143,0.625,0.8571428571428571,0.7777777777777778,1.0,0.0701754385964912,104.0,0.6666666666666666,14.574038461538462,13.118269230769233,13.631730769230767,12.71346153846154,0.2577319587628865,0.64,0.6666666666666666,0.75,0.2577319587628865,0.36,0.36,0.0515463917525773,0.4,0.4,1.0,0.134020618556701,0.3076923076923077,0.3076923076923077,1.0,0.2989690721649484,0.1724137931034483,0.1785714285714285,1.0,0.3333333333333333,,,,,,0.4,0.2758620689655172,0.5,0.1724137931034483,0.6,0.2068965517241379,,0.6907216494845361,0.1724137931034483,0.5520737113402062,0.52448125,0.5392103448275862,0.102803738317757,0.1692307692307692,,0.1212121212121212,0.2929292929292929,6.474545454545455,24.995238095238093,0.3076923076923077,2026-01-02,22500479,ATL,2.0,1.0,,2.0,,,,,0.0238095238095238,,0.3333333333333333,1.0,2.0,4.0,1.0,0.4444444444444444,,0.0344827586206896,1.0,1.0,,,,,,2025-26,2026,Regular Season,1610612752
48:00,102,103,31,26,16,205,11,27,4.0,7,2.0,4.0,8,14,3.0,8,10,16,2.0,3.0,6.0,7.0,6,24,2.0,1.0,9.0,22,49,16,40,27,119,5.0,8,3.0,5,3.0,22,4.0,9,7.0,16,11.0,40,14,30,48,,24,6,7.0,7,16,23,6,10,4,1.0,62,3.0,12,12,16,2.0,30,16,46,1.0,9,5,4.0,7,4.0,5,9,2.0,1.0,16,1.0,6.0,11,18,2.0,,23,2.0,32,5.0,,15,1.0,2.0,2.0,2.0,,2.0,2.0,97,40,31,1.0,2.0,0.3181818181818182,0.3888888888888889,1.0,0.4,0.6,0.4375,0.4,0.4489795918367347,0.625,0.4444444444444444,0.5168539325842697,0.7307692307692307,0.58,0.5833333333333334,0.7333333333333333,0.6451612903225806,0.449438202247191,0.1428571428571428,0.2222222222222222,0.0714285714285714,,0.4375,0.6666666666666666,0.7619047619047619,0.4444444444444444,0.7058823529411765,0.125,0.7368421052631579,0.2941176470588235,0.5625,0.1666666666666666,0.4,0.1666666666666666,,0.6666666666666666,0.8,1.0,0.8181818181818182,0.5,0.024390243902439,102.5,1.0,14.312745098039215,13.787378640776698,13.812745098039215,13.466990291262135,0.3033707865168539,0.4074074074074074,0.5238095238095238,0.3636363636363636,0.1573033707865168,0.5714285714285714,0.6153846153846154,0.0898876404494382,0.375,0.375,0.3333333333333333,0.1797752808988764,0.625,0.6666666666666666,1.0,0.2696629213483146,0.25,0.2727272727272727,1.0,0.5384615384615384,0.5714285714285714,,0.2307692307692307,0.6666666666666666,1.0,0.1538461538461538,0.16,0.5,0.28,0.8571428571428571,0.36,0.1111111111111111,0.7528089887640449,0.25,0.5546752808988764,0.58162,0.54064,0.16,0.2542372881355932,0.024390243902439,0.1848739495798319,0.3361344537815126,6.251020408163265,24.775,0.3039215686274509,2026-01-03,22500487,PHI,1.0,3.0,1.0,,,,,,0.075,0.0625,0.5,1.0,8.0,2.0,2.0,0.25,,0.0833333333333333,,,1.0,1.0,0.25,,,2025-26,2026,Regular Season,1610612752
48:00,91,94,9,12,9,185,6,11,1.0,2,1.0,2.0,12,33,1.0,2,3,7,,1.0,,,10,25,2.0,,3.0,19,46,13,32,13,90,2.0,7,2.0,3,1.0,11,2.0,4,,3,4.0,8,10,28,30,9.0,25,10,9.0,5,10,15,7,3,2,,40,3.0,9,7,15,3.0,25,12,37,,7,4,3.0,12,1.0,4,8,8.0,,20,1.0,2.0,9,17,1.0,6.0,15,2.0,14,,1.0,6,1.0,,3.0,,3.0,3.0,,79,8,9,,,0.2631578947368421,0.2777777777777778,0.7692307692307693,0.40625,0.6666666666666666,,0.40625,0.4130434782608695,0.2857142857142857,0.5,0.4935897435897436,0.5,0.2857142857142857,0.5297619047619048,0.55,0.4444444444444444,0.4102564102564102,0.1956521739130435,0.1818181818181818,0.2121212121212121,,0.6,1.0,0.625,0.3333333333333333,0.5,0.1666666666666666,0.5789473684210527,0.2666666666666666,0.4,0.3333333333333333,,0.1428571428571428,0.25,1.0,0.5294117647058824,0.5,0.6,0.25,,92.5,,15.721978021978025,15.418085106382978,14.885714285714288,14.49468085106383,0.141025641025641,0.5454545454545454,0.6666666666666666,0.3333333333333333,0.4230769230769231,0.3636363636363636,0.4615384615384615,0.0256410256410256,0.5,0.5,,0.0897435897435897,0.4285714285714285,0.5,1.0,0.3205128205128205,0.4,0.4166666666666667,0.7,0.2,0.5,,0.1,,,0.2,0.2857142857142857,0.5,,,0.4285714285714285,,0.5512820512820513,0.4,0.4914624999999999,0.4984555555555556,0.5255142857142857,0.0833333333333333,0.1153846153846153,0.03125,0.1222222222222222,0.0888888888888888,6.245652173913044,26.22,0.0989010989010989,2026-01-05,22500502,DET,2.0,2.0,,,1.0,,,,0.0625,0.1428571428571428,1.0,0.5,2.0,3.0,1.0,0.25,,0.04,,,,,,,,2025-26,2026,Regular Season,1610612752
48:00,91,92,16,13,17,183,21,34,2.0,7,5.0,6.0,7,19,5.0,8,7,16,3.0,4.0,,1.0,7,19,5.0,,3.0,33,61,14,35,15,123,4.0,10,5.0,9,2.0,25,8.0,12,,4,3.0,19,40,26,33,9.0,19,7,4.0,20,11,31,4,7,14,3.0,73,7.0,14,20,14,1.0,35,22,57,1.0,5,3,2.0,7,2.0,4,5,3.0,,12,2.0,2.0,10,17,,,16,1.0,17,5.0,,11,,,6.0,5.0,1.0,6.0,3.0,98,19,16,,,0.6060606060606061,0.625,0.7857142857142857,0.4,0.5555555555555556,,0.4,0.5409836065573771,0.4,0.6666666666666666,0.5625,0.6052631578947368,0.5,0.6029411764705882,0.625,0.5588235294117647,0.3645833333333333,0.0655737704918032,0.1176470588235294,,,0.5833333333333334,1.0,0.56,0.5,0.7407407407407407,0.3684210526315789,0.6538461538461539,0.4468085106382978,0.5384615384615384,0.5,0.3333333333333333,0.1,0.6666666666666666,0.3636363636363636,0.8,0.5,0.7857142857142857,0.6923076923076923,0.0238095238095238,91.5,0.5,15.990109890109888,15.48804347826087,15.021978021978022,14.780434782608696,0.3541666666666667,0.6176470588235294,0.7,0.6666666666666666,0.1979166666666666,0.3684210526315789,0.3684210526315789,0.0833333333333333,0.625,0.625,0.6,0.1666666666666666,0.4375,0.4375,1.0,0.1979166666666666,0.3684210526315789,0.3888888888888889,0.5714285714285714,0.3684210526315789,0.2857142857142857,,0.2105263157894736,0.75,1.0,0.2631578947368421,0.375,0.8333333333333334,0.0625,,0.1875,,0.71875,0.3684210526315789,0.5584946808510638,0.5295866666666667,0.5372678571428572,0.1078431372549019,0.1641791044776119,,0.2032520325203252,0.1544715447154471,5.373770491803279,24.91212121212121,0.1758241758241758,2026-01-07,22500522,LAC,2.0,1.0,1.0,2.0,,,,,0.0285714285714285,,0.4,1.0,2.0,3.0,,0.4285714285714285,,0.0526315789473684,,,,1.0,0.5,,,2025-26,2026,Regular Season,1610612752
47:59,92,93,44,28,13,185,12,17,2.0,4,7.0,8.0,6,17,3.0,7,3,8,,1.0,2.0,4.0,13,35,3.0,8.0,18.0,21,41,16,43,17,107,3.0,7,1.0,4,7.0,16,11.0,19,10.0,22,6.0,58,22,20,33,15.0,35,13,3.0,11,11,22,8,3,9,,55,11.0,6,16,18,1.0,35,17,52,1.0,3,2,1.0,4,5.0,3,14,1.0,1.0,18,3.0,9.0,8,23,1.0,3.0,21,,21,1.0,,6,2.0,2.0,,,,1.0,,91,58,44,2.0,2.0,0.5238095238095238,0.55,0.6875,0.3720930232558139,0.25,0.4545454545454545,0.3720930232558139,0.5121951219512195,0.4285714285714285,0.5789473684210527,0.5357142857142857,0.4090909090909091,0.6341463414634146,0.5752688172043011,0.5714285714285714,0.6590909090909091,0.5119047619047619,0.073170731707317,,0.1764705882352941,,0.2222222222222222,1.0,0.9,0.3157894736842105,0.64,0.44,0.7555555555555555,0.3863636363636363,,0.4545454545454545,0.3333333333333333,0.5,0.2,1.0,0.875,0.875,0.5555555555555556,0.8571428571428571,0.025,92.50000000000006,,15.876086956521718,15.26236559139785,15.13695652173911,14.380645161290325,0.2023809523809523,0.7058823529411765,0.7058823529411765,0.75,0.2023809523809523,0.3529411764705882,0.4285714285714285,0.0833333333333333,0.4285714285714285,0.4285714285714285,,0.0952380952380952,0.375,0.375,1.0,0.4166666666666667,0.3714285714285714,0.3823529411764705,0.6153846153846154,0.3636363636363636,0.5,,0.0909090909090909,,,0.2727272727272727,0.1951219512195122,0.875,0.0975609756097561,0.5,0.4390243902439024,0.4444444444444444,0.7142857142857143,0.3714285714285714,0.5241121951219513,0.5866,0.5281897435897436,0.0879120879120879,0.1304347826086956,0.0444444444444444,0.1495327102803738,0.5420560747663551,7.726829268292684,26.0,0.4782608695652174,2026-01-09,22500538,PHX,1.0,1.0,,1.0,,1.0,,,0.0232558139534883,,0.3333333333333333,1.0,2.0,2.0,1.0,0.3333333333333333,,0.0285714285714285,1.0,,2.0,,,1.0,,2025-26,2026,Regular Season,1610612752
48:00,99,101,2,28,14,200,21,29,6.0,8,1.0,1.0,8,13,4.0,11,8,18,,1.0,,,9,28,2.0,,1.0,33,53,17,46,6,123,8.0,10,,3,,16,1.0,1,,1,,2,36,30,42,9.0,28,9,5.0,18,14,32,6,8,12,1.0,78,8.0,8,20,12,2.0,34,16,50,,11,7,4.0,9,,6,3,3.0,,12,2.0,,14,18,2.0,1.0,8,1.0,8,1.0,1.0,4,,,6.0,4.0,1.0,7.0,4.0,107,2,2,,,0.5454545454545454,0.6428571428571429,0.8235294117647058,0.3695652173913043,,,0.3695652173913043,0.6226415094339622,0.8,1.0,0.5909090909090909,0.6153846153846154,0.5,0.6029411764705882,0.6153846153846154,0.5,0.4646464646464646,0.0943396226415094,0.1034482758620689,0.1538461538461538,,0.75,1.0,0.75,0.4,0.7692307692307693,0.2758620689655172,0.7619047619047619,0.3265306122448979,0.5,0.4,0.2857142857142857,0.2631578947368421,0.3,0.6666666666666666,0.8,1.0,0.7272727272727273,1.0,,100.0,0.5714285714285714,15.484848484848484,13.336633663366335,14.96868686868687,12.663366336633665,0.2929292929292929,0.7241379310344828,0.8076923076923077,0.5714285714285714,0.1313131313131313,0.6153846153846154,0.7272727272727273,0.1111111111111111,0.3636363636363636,0.3636363636363636,0.25,0.1818181818181818,0.4444444444444444,0.4705882352941176,1.0,0.2828282828282828,0.3214285714285714,0.3214285714285714,0.6666666666666666,0.6153846153846154,0.75,0.1666666666666666,0.0769230769230769,,,0.1538461538461538,0.5,1.0,,,0.5,,0.7575757575757576,0.3214285714285714,0.5707212121212121,0.587675,0.570525,0.0392156862745098,0.0714285714285714,,0.1300813008130081,0.016260162601626,6.49811320754717,24.969565217391303,0.0202020202020202,2026-01-11,22500551,POR,,1.0,,,,1.0,,,0.0217391304347826,0.0555555555555555,,,10.0,5.0,1.0,0.625,,,,1.0,,,,1.0,,2025-26,2026,Regular Season,1610612752
48:00,99,99,21,42,17,198,5,8,3.0,3,2.0,3.0,24,45,2.0,6,4,17,,3.0,1.0,4.0,4,24,2.0,2.0,4.0,31,59,8,41,15,101,8.0,11,,5,4.0,20,7.0,12,3.0,8,7.0,30,32,30,21,3.0,24,4,6.0,16,7,23,3,4,2,2.0,53,7.0,11,13,16,1.0,30,19,49,1.0,11,5,6.0,4,1.0,2,5,2.0,1.0,9,2.0,1.0,17,24,2.0,,21,1.0,23,2.0,1.0,9,,3.0,6.0,,6.0,6.0,3.0,81,30,21,2.0,,0.5161290322580645,0.5925925925925926,0.875,0.1951219512195122,,0.375,0.1951219512195122,0.5254237288135594,0.7272727272727273,0.5833333333333334,0.43,0.5,0.575,0.4590909090909091,0.5555555555555556,0.625,0.41,0.1016949152542373,0.125,0.1111111111111111,,0.4444444444444444,1.0,0.7272727272727273,0.4074074074074074,0.7647058823529411,0.2121212121212121,0.7435897435897436,0.3,0.5,0.4285714285714285,0.25,0.2,0.2307692307692307,1.0,0.625,1.0,0.7,0.8571428571428571,0.0185185185185185,98.99999999999994,0.5,13.816161616161637,15.274747474747477,12.809090909090928,14.817171717171718,0.08,0.625,0.7142857142857143,0.4,0.45,0.5333333333333333,0.6,0.06,0.3333333333333333,0.3333333333333333,1.0,0.17,0.2352941176470588,0.2352941176470588,1.0,0.24,0.1666666666666666,0.1666666666666666,0.75,0.1875,1.0,,0.1875,,,0.125,0.15,0.6666666666666666,0.2,0.25,0.2,0.5,0.49,0.1666666666666666,0.4845325,0.4817625,0.4874925,0.0841121495327102,0.1363636363636363,,0.198019801980198,0.297029702970297,7.679661016949153,25.375609756097564,0.2121212121212121,2026-01-14,22500576,SAC,,,,,,,,,,,,,8.0,12.0,2.0,0.5,,,,,,1.0,0.5,,,2025-26,2026,Regular Season,1610612752
48:00,94,93,32,17,13,187,7,14,3.0,7,1.0,3.0,16,32,5.0,7,2,8,,,2.0,5.0,12,30,3.0,2.0,6.0,28,53,14,38,15,113,6.0,12,2.0,3,2.0,20,7.0,18,4.0,11,5.0,31,28,28,42,,30,12,6.0,14,14,28,12,2,1,2.0,70,7.0,11,19,8,1.0,28,18,46,1.0,3,3,,7,1.0,5,5,2.0,,12,1.0,6.0,7,14,1.0,1.0,16,1.0,19,3.0,,9,,2.0,2.0,1.0,1.0,2.0,,93,31,32,1.0,1.0,0.5,0.5833333333333334,1.0,0.3684210526315789,0.6666666666666666,0.3636363636363636,0.3684210526315789,0.5283018867924528,0.5,0.3888888888888889,0.5384615384615384,0.6,0.4482758620689655,0.5707070707070707,0.625,0.484375,0.4175824175824176,0.1132075471698113,0.0714285714285714,0.125,0.1428571428571428,0.5833333333333334,1.0,0.5,0.44,0.7307692307692307,0.2916666666666667,0.6428571428571429,0.3673469387755102,0.4285714285714285,0.4375,0.5,0.1666666666666666,0.6666666666666666,,0.5454545454545454,0.6666666666666666,0.6875,0.8,0.0232558139534883,93.5,,15.513829787234044,15.287096774193548,14.70744680851064,14.726881720430107,0.1538461538461538,0.5,0.5384615384615384,0.1428571428571428,0.3516483516483517,0.5,0.5714285714285714,0.0769230769230769,0.7142857142857143,0.8333333333333334,0.4,0.0879120879120879,0.25,0.25,1.0,0.3296703296703296,0.4,0.4,1.0,0.4666666666666667,0.4285714285714285,,,,,0.2,0.1034482758620689,0.3333333333333333,0.1724137931034483,0.4,0.2068965517241379,0.3333333333333333,0.5714285714285714,0.4,0.4930417582417582,0.5212166666666667,0.4790379310344827,0.0927835051546391,0.1525423728813559,,0.1769911504424778,0.2743362831858407,7.218867924528302,25.75526315789474,0.3404255319148936,2026-01-15,22500584,GSW,2.0,,1.0,3.0,,,,,,,0.6666666666666666,1.0,8.0,11.0,,0.6875,,,,,,,,,,2025-26,2026,Regular Season,1610612752
48:00,91,93,18,17,15,184,12,23,3.0,8,1.0,1.0,5,11,2.0,4,4,13,1.0,2.0,1.0,5.0,10,32,2.0,,7.0,19,38,14,45,19,99,4.0,11,2.0,4,3.0,17,2.0,3,1.0,12,7.0,14,16,22,36,6.0,32,10,2.0,8,12,20,8,4,6,1.0,52,10.0,10,19,14,1.0,34,20,54,3.0,9,4,5.0,9,2.0,4,8,5.0,1.0,17,2.0,1.0,10,19,2.0,1.0,20,1.0,25,,,9,1.0,2.0,4.0,3.0,1.0,5.0,1.0,82,14,18,3.0,2.0,0.4210526315789473,0.4705882352941176,0.8571428571428571,0.3111111111111111,0.5,0.0833333333333333,0.3111111111111111,0.5,0.3636363636363636,0.6666666666666666,0.4819277108433735,0.4666666666666667,0.2333333333333333,0.5210526315789473,0.4722222222222222,0.35,0.5421686746987951,0.0526315789473684,0.0434782608695652,0.0909090909090909,,0.5294117647058824,1.0,0.6666666666666666,0.5263157894736842,0.7037037037037037,0.3333333333333333,0.6875,0.4081632653061224,0.5454545454545454,0.5,0.5,0.3333333333333333,0.3333333333333333,0.5555555555555556,0.8,0.7142857142857143,0.6666666666666666,0.8333333333333334,0.0638297872340425,92.0,0.2,15.726373626373626,15.57956989247312,14.665934065934064,14.740860215053765,0.2771084337349397,0.5217391304347826,0.5454545454545454,0.5,0.1325301204819277,0.4545454545454545,0.5,0.0481927710843373,0.5,0.5,0.5,0.1566265060240964,0.3076923076923077,0.3076923076923077,1.0,0.3855421686746988,0.3125,0.3125,0.8,0.5333333333333333,0.375,0.3333333333333333,0.1333333333333333,0.5,1.0,0.1333333333333333,0.0666666666666666,1.0,0.3333333333333333,0.2,0.4666666666666667,,0.8192771084337349,0.3125,0.5618335365853658,0.5535249999999999,0.5288533333333334,0.1075268817204301,0.1914893617021276,0.0217391304347826,0.1717171717171717,0.1414141414141414,5.152631578947369,25.06590909090909,0.1978021978021978,2026-01-17,22500596,PHX,1.0,,,1.0,,1.0,,,,,0.5,1.0,4.0,1.0,1.0,0.2,,,,,1.0,,,1.0,,2025-26,2026,Regular Season,1610612752
48:00,105,105,20,24,17,210,20,36,4.0,8,2.0,6.0,6,20,3.0,8,3,9,,,1.0,1.0,6,22,1.0,,2.0,29,64,9,31,12,97,5.0,12,,1,1.0,11,4.0,13,1.0,3,5.0,16,30,28,21,6.0,22,6,5.0,15,7,22,4,3,11,2.0,51,6.0,11,14,19,4.0,37,18,55,,10,8,2.0,9,,4,8,5.0,1.0,17,2.0,2.0,12,25,,1.0,21,2.0,20,3.0,,9,1.0,1.0,4.0,4.0,,5.0,4.0,86,16,20,1.0,1.0,0.5172413793103449,0.6,0.7777777777777778,0.2903225806451613,,0.3333333333333333,0.2903225806451613,0.453125,0.4166666666666667,0.3076923076923077,0.4473684210526316,0.3846153846153846,0.34375,0.470873786407767,0.3666666666666666,0.4,0.3263157894736842,0.078125,0.0833333333333333,0.1,,0.5294117647058824,1.0,0.76,0.3142857142857143,0.875,0.2727272727272727,0.8048780487804879,0.2982456140350877,0.375,0.2857142857142857,0.2,0.3125,0.1666666666666666,0.7142857142857143,0.8,0.75,1.0,0.7777777777777778,,105.0,0.8,13.845714285714283,13.582857142857144,13.504761904761905,13.401904761904762,0.3789473684210526,0.5555555555555556,0.6060606060606061,0.55,0.2105263157894736,0.3,0.3333333333333333,0.0842105263157894,0.375,0.375,0.6666666666666666,0.0947368421052631,0.3333333333333333,0.3333333333333333,1.0,0.231578947368421,0.2727272727272727,0.2727272727272727,0.6666666666666666,0.6153846153846154,0.5,,,,,0.0769230769230769,0.375,0.3333333333333333,0.0625,1.0,0.125,,0.7052631578947368,0.2727272727272727,0.5641110526315789,0.58204,0.520546875,0.0980392156862745,0.1285714285714285,0.03125,0.1134020618556701,0.1649484536082474,5.4953125,25.02258064516129,0.1904761904761904,2026-01-19,22500016,DAL,,,2.0,1.0,,1.0,1.0,,,,,,8.0,2.0,2.0,0.3333333333333333,,,2.0,,1.0,1.0,0.1666666666666666,,,2025-26,2026,Regular Season,1610612752
48:00,92,94,12,6,6,186,18,22,3.0,4,3.0,5.0,8,18,4.0,8,5,9,1.0,1.0,1.0,1.0,11,23,1.0,1.0,3.0,30,48,16,32,12,120,3.0,5,2.0,2,,12,4.0,8,2.0,4,2.0,16,30,30,39,9.0,23,11,4.0,15,13,28,8,5,10,1.0,69,3.0,5,26,22,2.0,50,8,58,3.0,10,5,5.0,5,1.0,4,7,1.0,1.0,12,1.0,,7,18,1.0,3.0,16,1.0,17,1.0,,8,,1.0,5.0,3.0,2.0,6.0,5.0,108,16,12,,1.0,0.5,0.5357142857142857,0.8125,0.5,1.0,0.5,0.5,0.625,0.6,0.5,0.675,0.8571428571428571,0.5833333333333334,0.6818181818181818,0.8571428571428571,0.5714285714285714,0.4,0.0833333333333333,0.0909090909090909,0.1111111111111111,,0.4166666666666667,1.0,0.8148148148148148,0.2777777777777778,0.9285714285714286,0.2,0.8727272727272727,0.2424242424242424,0.25,0.2,0.5,0.1818181818181818,0.25,1.0,0.7142857142857143,0.8333333333333334,0.9130434782608696,1.0,0.1034482758620689,93.0,0.8333333333333334,14.469565217391304,16.47659574468085,14.17608695652174,16.00212765957447,0.275,0.8181818181818182,0.9,0.5555555555555556,0.225,0.4444444444444444,0.5,0.1,0.5,0.5,0.25,0.1125,0.5555555555555556,0.5555555555555556,1.0,0.2875,0.4782608695652174,0.4782608695652174,0.7272727272727273,0.5714285714285714,0.75,,0.1428571428571428,1.0,1.0,0.1428571428571428,0.4166666666666667,0.6,0.0833333333333333,1.0,0.25,0.3333333333333333,0.675,0.4782608695652174,0.558881875,0.6937,0.5321625,0.0919540229885057,0.1454545454545454,,0.1,0.1333333333333333,6.564583333333334,25.009375,0.1304347826086956,2026-01-21,22500622,BKN,1.0,,1.0,1.0,,1.0,,,,,1.0,1.0,4.0,4.0,,0.5,,,,,1.0,,,1.0,,2025-26,2026,Regular Season,1610612752
48:00,96,97,30,30,18,193,21,30,4.0,5,6.0,10.0,2,11,3.0,8,9,17,3.0,3.0,4.0,10.0,6,27,6.0,,6.0,26,49,15,44,15,112,6.0,8,4.0,9,2.0,26,6.0,12,4.0,16,6.0,30,26,26,42,3.0,27,6,3.0,13,14,27,5,9,11,2.0,68,15.0,7,16,14,5.0,35,22,57,1.0,6,5,1.0,7,1.0,2,4,5.0,,11,2.0,4.0,14,22,2.0,1.0,21,2.0,27,2.0,,10,,4.0,5.0,4.0,1.0,5.0,4.0,86,29,28,2.0,2.0,0.5,0.5652173913043478,0.9333333333333332,0.3409090909090909,0.4444444444444444,0.25,0.3409090909090909,0.5306122448979592,0.75,0.5,0.521505376344086,0.7058823529411765,0.4285714285714285,0.5333333333333333,0.7222222222222222,0.4411764705882353,0.4731182795698925,0.0612244897959183,0.0666666666666666,0.0909090909090909,,0.6363636363636364,1.0,0.7777777777777778,0.3043478260869565,0.8,0.5172413793103449,0.7894736842105263,0.4230769230769231,0.4444444444444444,0.1111111111111111,0.4,0.4761904761904761,0.625,0.7142857142857143,0.8,0.8333333333333334,0.7142857142857143,1.0,0.0208333333333333,96.5,0.8,15.938541666666666,13.916494845360823,14.832291666666665,13.47216494845361,0.3225806451612903,0.7,0.75,0.5238095238095238,0.1182795698924731,0.1818181818181818,0.2,0.086021505376344,0.375,0.375,0.6666666666666666,0.1827956989247312,0.5294117647058824,0.5294117647058824,1.0,0.2903225806451613,0.2222222222222222,0.2307692307692307,0.8333333333333334,0.2941176470588235,0.8,0.25,0.1764705882352941,1.0,1.0,0.3529411764705882,0.3571428571428571,0.6,0.3571428571428571,0.4,0.2142857142857142,,0.7956989247311828,0.2222222222222222,0.564344623655914,0.5288642857142857,0.5807910714285713,0.099009900990099,0.175438596491228,,0.2321428571428571,0.2678571428571428,5.863265306122449,25.220454545454547,0.3125,2026-01-24,22500643,PHI,1.0,1.0,,,,,,,0.0227272727272727,,0.1666666666666666,1.0,6.0,,,,,0.037037037037037,,,1.0,,,,,2025-26,2026,Regular Season,1610612752
48:00,94,95,22,13,10,189,16,26,3.0,5,5.0,9.0,3,10,5.0,10,4,9,,,,1.0,9,24,4.0,1.0,4.0,24,46,13,33,16,103,4.0,7,1.0,4,1.0,12,5.0,13,1.0,5,4.0,17,24,24,36,3.0,24,9,3.0,12,12,24,8,4,11,,60,7.0,7,15,20,1.0,36,14,50,2.0,11,9,2.0,8,3.0,5,13,3.0,2.0,21,1.0,6.0,7,16,1.0,1.0,16,1.0,18,1.0,1.0,7,,2.0,1.0,,1.0,1.0,,91,17,22,1.0,2.0,0.5,0.6,0.9230769230769232,0.3939393939393939,0.25,0.2,0.3939393939393939,0.5217391304347826,0.5714285714285714,0.3846153846153846,0.5506329113924051,0.5,0.3611111111111111,0.5862068965517241,0.5,0.425,0.4177215189873418,0.0652173913043478,0.1153846153846153,,,0.3809523809523809,1.0,0.7407407407407407,0.3181818181818182,0.6521739130434783,0.35,0.7,0.3333333333333333,0.4,0.2857142857142857,0.2,0.3333333333333333,0.4,0.4285714285714285,0.8461538461538461,0.8571428571428571,0.6428571428571429,0.6666666666666666,0.0512820512820512,94.5,,15.454255319148936,15.02421052631579,14.972340425531916,14.381052631578948,0.3291139240506329,0.6153846153846154,0.6956521739130435,0.6875,0.1265822784810126,0.3,0.3,0.1265822784810126,0.5,0.5,,0.1139240506329113,0.4444444444444444,0.4444444444444444,1.0,0.3037974683544304,0.375,0.375,0.8888888888888888,0.4545454545454545,0.6,,,,,0.3636363636363636,0.5,0.5555555555555556,0.0555555555555555,,0.2222222222222222,0.25,0.7468354430379747,0.375,0.5719884615384615,0.6407583333333333,0.5795411764705882,0.0823529411764705,0.1346153846153846,,0.116504854368932,0.1650485436893204,6.591304347826087,24.81875,0.2340425531914893,2026-01-27,22500665,SAC,1.0,,2.0,1.0,,,,,,,0.25,,8.0,1.0,2.0,0.3333333333333333,,,,,,,,,,2025-26,2026,Regular Season,1610612752
48:00,100,101,19,33,13,201,26,34,3.0,6,4.0,5.0,5,16,,2,7,15,,1.0,1.0,2.0,7,23,2.0,,3.0,31,52,14,38,15,119,3.0,8,1.0,3,4.0,13,5.0,7,1.0,5,6.0,19,38,24,39,3.0,23,7,7.0,19,13,32,6,7,17,,77,8.0,7,17,17,2.0,36,15,51,2.0,12,10,2.0,9,1.0,6,9,3.0,,18,1.0,5.0,13,21,1.0,2.0,19,3.0,18,4.0,,9,,2.0,5.0,2.0,3.0,5.0,2.0,106,19,19,2.0,1.0,0.6129032258064516,0.6333333333333333,0.9285714285714286,0.3684210526315789,0.3333333333333333,0.2,0.3684210526315789,0.5961538461538461,0.375,0.7142857142857143,0.5777777777777777,0.4090909090909091,0.5416666666666666,0.6134020618556701,0.5,0.59375,0.4222222222222222,0.1346153846153846,0.1176470588235294,0.1875,,0.5,1.0,0.5666666666666667,0.3333333333333333,0.8947368421052632,0.3333333333333333,0.6938775510204082,0.3333333333333333,0.375,0.2727272727272727,0.5,0.25,0.5,0.4,0.5625,1.0,0.9166666666666666,0.8571428571428571,0.054054054054054,100.5,0.4,15.036,13.62772277227723,14.325,13.191089108910893,0.3777777777777777,0.7647058823529411,0.8666666666666667,0.6538461538461539,0.1777777777777777,0.3125,0.3846153846153846,0.0222222222222222,,,,0.1666666666666666,0.4666666666666667,0.5,1.0,0.2555555555555555,0.3043478260869565,0.3043478260869565,0.8571428571428571,0.5454545454545454,0.5,0.3333333333333333,0.0909090909090909,,,0.1818181818181818,0.4166666666666667,0.8,0.1666666666666666,0.5,0.25,,0.8,0.3043478260869565,0.5940816666666667,0.5837357142857142,0.6066291666666667,0.0947368421052631,0.1578947368421052,,0.1092436974789916,0.1596638655462184,4.323076923076924,25.210526315789476,0.19,2026-01-28,22500675,TOR,1.0,1.0,,1.0,,,,,0.0263157894736842,0.0666666666666666,0.5,1.0,2.0,2.0,2.0,0.4,,,,,,,,,,2025-26,2026,Regular Season,1610612752
48:00,99,100,3,20,17,199,18,30,5.0,8,1.0,2.0,7,18,4.0,6,3,13,,2.0,,,16,33,2.0,1.0,1.0,29,54,19,46,12,127,6.0,11,1.0,4,2.0,17,1.0,3,1.0,1,,5,30,28,42,15.0,33,16,5.0,15,14,29,11,3,11,,72,11.0,9,25,10,2.0,37,20,57,3.0,9,7,2.0,5,1.0,5,9,,1.0,14,3.0,,10,21,2.0,2.0,13,2.0,14,,,5,1.0,,3.0,1.0,2.0,3.0,2.0,110,5,3,1.0,,0.5172413793103449,0.5769230769230769,0.7368421052631579,0.4130434782608695,0.25,1.0,0.4130434782608695,0.5370370370370371,0.5454545454545454,0.3333333333333333,0.575,0.5,0.625,0.5990566037735849,0.53125,0.625,0.46,0.0925925925925925,0.1,0.1111111111111111,,0.3571428571428571,1.0,0.6666666666666666,0.36,0.8333333333333334,0.4074074074074074,0.7777777777777778,0.3846153846153846,0.5833333333333334,0.1818181818181818,,0.4705882352941176,0.3,0.5714285714285714,0.7142857142857143,1.0,0.8333333333333334,0.8333333333333334,0.0638297872340425,99.5,0.6666666666666666,15.45858585858586,13.496,14.411111111111111,12.928999999999998,0.3,0.6,0.6666666666666666,0.6111111111111112,0.18,0.3888888888888889,0.4375,0.06,0.6666666666666666,0.6666666666666666,,0.13,0.2307692307692307,0.2307692307692307,1.0,0.33,0.4848484848484848,0.4848484848484848,0.6875,0.5333333333333333,0.625,0.4,0.1333333333333333,,,0.1333333333333333,0.5,0.5,,,0.25,1.0,0.76,0.4848484848484848,0.5785469696969697,0.5322071428571429,0.5884875,0.0566037735849056,0.0847457627118644,0.0212765957446808,0.1338582677165354,0.0393700787401574,5.5814814814814815,24.788888888888888,0.0303030303030303,2026-01-30,22500690,POR,1.0,,1.0,,,,,,,,0.5,1.0,6.0,4.0,3.0,0.5714285714285714,,,1.0,,,,,,,2025-26,2026,Regular Season,1610612752
48:00,92,93,8,20,14,185,18,27,4.0,6,,1.0,6,19,1.0,3,9,20,1.0,2.0,,1.0,9,23,1.0,1.0,3.0,25,49,18,43,8,112,4.0,8,1.0,3,2.0,13,1.0,2,1.0,4,5.0,10,28,22,48,6.0,23,9,3.0,14,16,30,7,9,10,,76,8.0,8,21,12,2.0,35,16,51,3.0,7,6,1.0,5,1.0,2,5,3.0,,10,3.0,1.0,8,15,4.0,,14,,11,1.0,,6,,,2.0,2.0,,2.0,2.0,99,10,8,2.0,,0.56,0.6666666666666666,0.8888888888888888,0.4186046511627907,0.3333333333333333,0.25,0.4186046511627907,0.5102040816326531,0.5,0.5,0.5652173913043478,0.5,0.4166666666666667,0.5773195876288659,0.5416666666666666,0.5555555555555556,0.4673913043478261,0.0612244897959183,0.037037037037037,0.1052631578947368,,0.5,1.0,0.75,0.3333333333333333,0.75,0.32,0.75,0.3265306122448979,0.3333333333333333,0.3076923076923077,0.5,0.4285714285714285,0.1818181818181818,0.7142857142857143,0.8333333333333334,0.6666666666666666,0.875,0.5833333333333334,0.0652173913043478,92.5,1.0,16.32391304347826,14.819354838709678,15.615217391304348,14.307526881720433,0.2934782608695652,0.6666666666666666,0.6923076923076923,0.5555555555555556,0.2065217391304347,0.3157894736842105,0.3529411764705882,0.0326086956521739,0.3333333333333333,0.3333333333333333,,0.217391304347826,0.45,0.45,1.0,0.25,0.391304347826087,0.391304347826087,0.7777777777777778,0.5454545454545454,0.6666666666666666,,0.1818181818181818,0.5,1.0,0.0909090909090909,0.1666666666666666,,0.1666666666666666,,0.5,0.3333333333333333,0.7608695652173914,0.391304347826087,0.5736681318681319,0.5752,0.5514249999999999,0.0618556701030927,0.1111111111111111,,0.1160714285714285,0.0892857142857142,4.959183673469388,24.52142857142857,0.0869565217391304,2026-02-01,22500708,LAL,,,,1.0,,,,,,,,,8.0,4.0,,0.6666666666666666,,,1.0,,1.0,,,,,2025-26,2026,Regular Season,1610612752
48:00,100,102,35,35,9,202,17,20,1.0,1,3.0,5.0,10,25,3.0,8,6,12,1.0,2.0,3.0,5.0,11,25,1.0,4.0,9.0,30,53,17,37,21,132,2.0,4,1.0,3,2.0,9,6.0,19,7.0,14,9.0,42,36,24,48,3.0,25,11,3.0,18,16,34,10,6,12,2.0,84,5.0,4,15,22,5.0,42,9,51,,6,4,2.0,6,2.0,1,3,5.0,1.0,9,1.0,2.0,11,22,2.0,,22,,27,3.0,2.0,9,2.0,3.0,4.0,1.0,3.0,5.0,2.0,123,42,35,4.0,3.0,0.6,0.6206896551724138,0.9411764705882352,0.4594594594594595,0.3333333333333333,0.5,0.4594594594594595,0.5660377358490566,0.5,0.3157894736842105,0.6166666666666667,0.5,0.5,0.65,0.5625,0.5675675675675675,0.4111111111111111,0.0566037735849056,,0.12,,0.6666666666666666,0.8333333333333334,0.7096774193548387,0.1739130434782608,0.8333333333333334,0.2631578947368421,0.7551020408163265,0.2142857142857142,0.3333333333333333,0.1333333333333333,0.2,0.3076923076923077,0.1666666666666666,1.0,0.5714285714285714,1.0,0.8461538461538461,0.8,,101.0,0.4,14.543,13.977450980392158,13.991,13.463725490196078,0.2222222222222222,0.85,0.85,0.7058823529411765,0.2777777777777778,0.4,0.4545454545454545,0.0888888888888888,0.375,0.375,0.6666666666666666,0.1333333333333333,0.5,0.5,1.0,0.2777777777777778,0.44,0.44,0.9090909090909092,0.1428571428571428,1.0,,0.2857142857142857,0.5,1.0,0.1428571428571428,0.1515151515151515,0.6,0.1515151515151515,0.6,0.2727272727272727,0.4444444444444444,0.6333333333333333,0.44,0.5313111111111111,0.5490333333333334,0.521919696969697,0.1134020618556701,0.1525423728813559,0.0526315789473684,0.0681818181818181,0.3181818181818182,7.537735849056604,26.013513513513512,0.35,2026-02-03,22500718,WAS,,,,,1.0,1.0,1.0,1.0,,,,,2.0,4.0,,0.4,,,2.0,,,,,,,2025-26,2026,Regular Season,1610612752
58:00,108,110,13,15,11,218,20,26,7.0,8,1.0,2.0,6,13,6.0,11,10,21,,,,,8,30,2.0,1.0,7.0,32,50,18,51,16,134,8.0,10,,2,,16,1.0,4,1.0,7,6.0,11,26,38,45,9.0,30,8,3.0,13,15,28,5,10,11,2.0,71,5.0,8,22,14,1.0,37,13,50,2.0,4,2,2.0,8,,5,4,3.0,,12,,1.0,11,23,4.0,1.0,21,5.0,19,1.0,,9,,1.0,1.0,1.0,,2.0,,118,9,12,3.0,,0.40625,0.5,0.8333333333333334,0.3529411764705882,,0.1428571428571428,0.3529411764705882,0.64,0.8,0.25,0.5841584158415841,0.6666666666666666,0.2272727272727272,0.6090909090909091,0.6666666666666666,0.3928571428571428,0.504950495049505,0.06,0.0769230769230769,0.0769230769230769,,0.6666666666666666,1.0,0.6363636363636364,0.4444444444444444,0.6470588235294118,0.15625,0.6428571428571429,0.26,0.1666666666666666,0.7142857142857143,0.4,0.1818181818181818,0.1,0.5555555555555556,0.7777777777777778,0.5,0.6818181818181818,0.5833333333333334,0.0425531914893617,90.2068965517241,,15.582407407407407,16.337272727272744,15.11851851851852,15.35272727272729,0.2574257425742574,0.7692307692307693,0.8333333333333334,0.55,0.1287128712871287,0.4615384615384615,0.5,0.1089108910891089,0.5454545454545454,0.5454545454545454,0.3333333333333333,0.2079207920792079,0.4761904761904761,0.4761904761904761,1.0,0.297029702970297,0.2666666666666666,0.2666666666666666,0.625,0.6666666666666666,0.875,,,,,0.1666666666666666,0.1818181818181818,0.5,,,0.6363636363636364,0.1428571428571428,0.7623762376237624,0.2666666666666666,0.5551775,0.531475,0.53756,0.0825688073394495,0.1551724137931034,,0.1194029850746268,0.0820895522388059,6.852,24.688,0.1203703703703703,2026-02-04,22500726,DEN,,,,1.0,,1.0,1.0,,,,,,12.0,,1.0,,,,,,,,,,,2025-26,2026,Regular Season,1610612752
47:59,92,94,19,11,8,186,11,16,2.0,4,3.0,5.0,8,23,2.0,10,6,14,,,1.0,4.0,2,19,3.0,,5.0,21,49,8,33,14,80,3.0,7,,3,2.0,8,4.0,13,1.0,9,3.0,14,28,14,24,,19,2,5.0,14,8,22,2,6,10,1.0,52,6.0,6,18,12,1.0,31,12,43,3.0,6,4,2.0,10,2.0,6,5,4.0,,15,,1.0,8,15,,1.0,21,3.0,17,,,7,1.0,,1.0,,1.0,1.0,1.0,72,14,19,,,0.6666666666666666,0.7,1.0,0.2424242424242424,,0.1111111111111111,0.2424242424242424,0.4285714285714285,0.4285714285714285,0.3076923076923077,0.4024390243902439,0.3,0.25,0.4444444444444444,0.3636363636363636,0.2916666666666667,0.4024390243902439,0.1020408163265306,0.125,0.0869565217391304,0.1,0.6666666666666666,1.0,0.75,0.2142857142857142,0.782608695652174,0.2608695652173913,0.7692307692307693,0.2352941176470588,0.6,0.0666666666666666,0.25,0.1875,0.4285714285714285,0.6666666666666666,0.875,0.6,0.8125,0.7142857142857143,0.0666666666666666,93.00000000000006,1.0,16.292391304347827,14.692553191489342,15.922826086956524,14.086170212765936,0.1951219512195122,0.6875,0.7857142857142857,0.9090909090909092,0.2804878048780488,0.3478260869565217,0.3809523809523809,0.1219512195121951,0.2,0.2222222222222222,0.5,0.1707317073170731,0.4285714285714285,0.4615384615384615,1.0,0.2317073170731707,0.1052631578947368,0.1052631578947368,1.0,0.4,0.5,0.5,,,,0.3,0.2272727272727272,0.6,0.1818181818181818,0.25,0.2272727272727272,,0.5975609756097561,0.1052631578947368,0.5156853658536585,0.6284,0.527159090909091,0.0888888888888888,0.125,0.0294117647058823,0.1,0.175,8.857142857142858,25.03636363636364,0.2065217391304347,2026-02-06,22500742,DET,,1.0,,,,,,1.0,0.0303030303030303,0.0714285714285714,,,2.0,3.0,,0.375,,,1.0,,,,,,,2025-26,2026,Regular Season,1610612752
48:00,91,93,30,11,10,184,14,18,1.0,2,3.0,5.0,6,16,6.0,14,1,4,1.0,1.0,1.0,1.0,13,32,2.0,3.0,7.0,26,48,14,36,17,111,2.0,5,1.0,3,4.0,11,9.0,19,4.0,8,6.0,36,32,20,21,21.0,32,13,3.0,16,7,23,6,1,12,1.0,53,6.0,5,23,17,,40,11,51,1.0,5,2,3.0,4,1.0,3,4,1.0,,8,,4.0,8,17,2.0,1.0,21,2.0,24,1.0,,6,1.0,5.0,3.0,,2.0,3.0,2.0,100,36,30,,2.0,0.6153846153846154,0.64,0.5,0.3888888888888889,0.3333333333333333,0.5,0.3888888888888889,0.5416666666666666,0.4,0.4736842105263157,0.5595238095238095,0.4375,0.5555555555555556,0.5842105263157895,0.5,0.5454545454545454,0.4285714285714285,0.0625,,0.1875,,0.5,,0.7083333333333334,0.2272727272727272,0.6764705882352942,0.2857142857142857,0.6896551724137931,0.2558139534883721,0.5,0.3,,0.2777777777777778,0.3333333333333333,0.7142857142857143,0.7857142857142857,0.3333333333333333,0.6296296296296297,0.8571428571428571,0.025,92.0,0.6666666666666666,14.836263736263737,16.450537634408605,14.04285714285714,15.470967741935484,0.2142857142857142,0.7777777777777778,0.7777777777777778,0.8571428571428571,0.1904761904761904,0.375,0.4615384615384615,0.1666666666666666,0.4285714285714285,0.4285714285714285,0.1666666666666666,0.0476190476190476,0.25,0.25,1.0,0.3809523809523809,0.40625,0.40625,0.4615384615384615,0.25,0.5,,0.125,1.0,1.0,0.25,0.1851851851851851,0.6,0.037037037037037,1.0,0.2592592592592592,0.4285714285714285,0.6428571428571429,0.40625,0.5250831325301204,0.4921,0.504476923076923,0.0777777777777777,0.1132075471698113,0.027027027027027,0.0990990990990991,0.3243243243243243,8.358333333333333,25.97142857142857,0.3296703296703296,2026-02-08,22500757,BOS,,,1.0,2.0,,,,1.0,,,,,2.0,3.0,,0.5,,,,1.0,,,,,,2025-26,2026,Regular Season,1610612752
53:00,111,112,38,44,10,223,19,32,1.0,3,6.0,11.0,12,16,5.0,6,3,11,,,,4.0,11,35,2.0,5.0,13.0,36,54,14,46,20,134,3.0,5,,2,7.0,13,11.0,19,5.0,17,11.0,48,42,30,36,6.0,35,11,4.0,21,12,33,9,3,15,2.0,78,6.0,6,22,16,3.0,41,12,53,2.0,4,3,1.0,6,,5,6,1.0,,12,1.0,3.0,8,30,4.0,4.0,23,,27,4.0,,10,1.0,5.0,4.0,3.0,1.0,4.0,3.0,121,48,37,4.0,4.0,0.5833333333333334,0.6,0.8571428571428571,0.3043478260869565,,0.2941176470588235,0.3043478260869565,0.6666666666666666,0.6,0.5789473684210527,0.57,0.4285714285714285,0.5138888888888888,0.6036036036036037,0.5909090909090909,0.5581395348837209,0.46,0.074074074074074,0.125,,,0.5,1.0,0.8,0.3333333333333333,0.8148148148148148,0.1875,0.8085106382978723,0.24,0.3076923076923077,0.5,,0.1666666666666666,0.25,0.8571428571428571,0.7142857142857143,0.8333333333333334,0.8947368421052632,0.625,0.0434782608695652,100.98113207547168,0.75,14.542342342342344,13.980357142857144,14.164864864864864,13.504464285714286,0.32,0.59375,0.6785714285714286,0.7894736842105263,0.16,0.75,0.75,0.06,0.8333333333333334,0.8333333333333334,0.4,0.11,0.2727272727272727,0.2727272727272727,1.0,0.35,0.3142857142857143,0.3142857142857143,0.8181818181818182,0.4285714285714285,0.3333333333333333,,,,,0.2857142857142857,0.3055555555555556,0.5454545454545454,0.1111111111111111,,0.3611111111111111,0.3846153846153846,0.78,0.3142857142857143,0.5566645,0.48099,0.5370666666666666,0.1037735849056603,0.1666666666666666,0.0217391304347826,0.0970149253731343,0.3582089552238806,5.146296296296296,25.16304347826087,0.3423423423423423,2026-02-10,22500771,IND,,,1.0,2.0,1.0,,,,,,,,2.0,4.0,1.0,0.3333333333333333,,,1.0,,,,,,,2025-26,2026,Regular Season,1610612752
48:00,102,104,12,14,15,206,20,29,3.0,7,1.0,4.0,5,10,3.0,8,8,13,1.0,1.0,1.0,2.0,12,31,4.0,4.0,4.0,28,47,20,44,22,138,3.0,7,2.0,5,4.0,16,2.0,5,5.0,6,7.0,26,46,10,54,6.0,31,12,4.0,23,18,41,10,8,17,2.0,100,7.0,9,22,18,1.0,41,16,57,1.0,13,7,6.0,9,3.0,5,6,4.0,,15,1.0,,9,16,1.0,1.0,18,1.0,27,3.0,,10,2.0,2.0,6.0,2.0,4.0,6.0,4.0,122,26,12,1.0,,0.8214285714285714,0.92,0.9,0.4545454545454545,0.4,0.8333333333333334,0.4545454545454545,0.5957446808510638,0.4285714285714285,0.4,0.6373626373626373,0.5,0.8636363636363636,0.6764705882352942,0.5714285714285714,0.8666666666666667,0.4835164835164835,0.0851063829787234,0.1034482758620689,,0.125,0.6,1.0,0.6206896551724138,0.4736842105263157,0.8148148148148148,0.2916666666666667,0.7142857142857143,0.3720930232558139,0.6666666666666666,0.2,0.4,0.2631578947368421,0.4,0.4,0.7333333333333333,0.75,0.8181818181818182,0.8,0.027027027027027,103.0,0.6666666666666666,14.718627450980392,13.256730769230767,14.245098039215684,12.927884615384617,0.3186813186813186,0.6896551724137931,0.7692307692307693,0.85,0.1098901098901098,0.5,0.5,0.0879120879120879,0.375,0.4285714285714285,0.6666666666666666,0.1428571428571428,0.6153846153846154,0.6153846153846154,1.0,0.3406593406593406,0.3870967741935484,0.4137931034482758,0.8333333333333334,0.5833333333333334,0.4285714285714285,,0.0833333333333333,1.0,1.0,0.3333333333333333,0.3636363636363636,0.25,0.1818181818181818,0.5,0.3636363636363636,1.0,0.8021978021978022,0.3870967741935484,0.5957065934065934,0.656625,0.5845545454545454,0.12,0.1851851851851851,0.0434782608695652,0.1159420289855072,0.1884057971014492,5.514893617021277,25.443181818181817,0.1176470588235294,2026-02-11,22500780,PHI,1.0,2.0,,1.0,,,,,0.0454545454545454,,0.25,1.0,6.0,4.0,1.0,0.8,,0.064516129032258,,,1.0,,,,,2025-26,2026,Regular Season,1610612752
48:00,100,100,28,41,12,200,20,32,4.0,7,1.0,2.0,10,16,3.0,4,1,7,,,1.0,3.0,7,28,2.0,1.0,7.0,33,52,8,35,21,111,4.0,7,,2,1.0,9,7.0,10,2.0,10,9.0,29,36,30,18,6.0,28,7,6.0,18,6,24,5,1,13,1.0,54,5.0,8,14,14,2.0,30,13,43,1.0,9,6,3.0,9,,6,3,3.0,1.0,12,1.0,4.0,12,22,1.0,1.0,20,1.0,28,1.0,,12,1.0,2.0,6.0,5.0,1.0,7.0,5.0,102,29,28,,2.0,0.5454545454545454,0.6,0.75,0.2285714285714285,,0.2,0.2285714285714285,0.6346153846153846,0.5714285714285714,0.7,0.5172413793103449,0.4444444444444444,0.5,0.555,0.4090909090909091,0.58,0.4022988505747126,0.1153846153846153,0.15625,0.0625,,0.75,1.0,0.5,0.4210526315789473,0.875,0.1851851851851851,0.6363636363636364,0.2826086956521739,0.4166666666666667,0.5,,0.0952380952380952,0.5,0.4444444444444444,0.5714285714285714,0.6666666666666666,0.9090909090909092,0.8,0.0263157894736842,100.0,0.7142857142857143,14.443,14.357,14.032,13.578,0.367816091954023,0.625,0.7407407407407407,0.65,0.1839080459770115,0.625,0.6666666666666666,0.0459770114942528,0.75,0.75,0.3333333333333333,0.0804597701149425,0.1428571428571428,0.1428571428571428,1.0,0.3218390804597701,0.25,0.2692307692307692,0.7142857142857143,0.7777777777777778,0.5714285714285714,0.25,,,,0.2222222222222222,0.1,0.5,0.15,0.3333333333333333,0.35,0.1428571428571428,0.7701149425287356,0.25,0.5783132183908045,0.668975,0.490265,0.1326530612244898,0.1904761904761904,0.0285714285714285,0.081081081081081,0.2612612612612612,5.171153846153846,25.122857142857143,0.28,2026-02-19,22500796,DET,,2.0,1.0,1.0,1.0,1.0,,,0.0571428571428571,,,,6.0,4.0,,0.4,,0.0714285714285714,1.0,,,,,1.0,,2025-26,2026,Regular Season,1610612752
48:00,94,95,11,25,9,189,22,33,5.0,7,,1.0,4,12,6.0,14,6,11,1.0,1.0,,,4,16,,1.0,3.0,32,59,10,27,14,108,5.0,7,1.0,1,2.0,15,,4,1.0,3,8.0,11,32,32,30,,16,4,6.0,16,10,26,4,6,13,2.0,62,5.0,5,13,11,,24,10,34,3.0,11,4,7.0,5,5.0,2,7,3.0,,12,,3.0,8,19,2.0,1.0,20,2.0,16,1.0,1.0,4,,4.0,,,,,,93,8,9,4.0,2.0,0.5,0.5517241379310345,1.0,0.3703703703703703,1.0,0.3333333333333333,0.3703703703703703,0.5423728813559322,0.7142857142857143,,0.5465116279069767,0.8125,0.2142857142857142,0.5752688172043011,0.8333333333333334,0.4545454545454545,0.313953488372093,0.1016949152542373,0.1515151515151515,0.0833333333333333,,0.4166666666666667,,0.4782608695652174,0.1923076923076923,0.6842105263157895,0.2941176470588235,0.5714285714285714,0.2325581395348837,0.1818181818181818,0.375,,0.4166666666666667,,0.7142857142857143,0.5555555555555556,0.1428571428571428,0.6923076923076923,0.6666666666666666,0.081081081081081,94.5,,14.920212765957446,15.552631578947368,14.725531914893615,14.797894736842103,0.3837209302325581,0.6666666666666666,0.7857142857142857,0.5909090909090909,0.1395348837209302,0.3333333333333333,0.3636363636363636,0.1627906976744186,0.4285714285714285,0.4285714285714285,0.3333333333333333,0.127906976744186,0.5454545454545454,0.5454545454545454,1.0,0.1860465116279069,0.25,0.25,1.0,0.875,0.7142857142857143,0.4,0.125,1.0,1.0,,0.1428571428571428,,,,0.4285714285714285,0.3333333333333333,0.6976744186046512,0.25,0.584215294117647,0.69773,0.4672916666666666,0.0449438202247191,0.064516129032258,,0.1388888888888889,0.1018518518518518,6.538983050847458,24.65,0.1170212765957446,2026-02-21,22500816,HOU,,,,1.0,,,,,,,,,6.0,1.0,,0.25,,,2.0,,,,,,,2025-26,2026,Regular Season,1610612752
48:00,95,98,10,13,11,193,13,18,3.0,3,,,5,11,5.0,13,5,15,1.0,1.0,3.0,5.0,10,29,2.0,1.0,4.0,23,42,15,44,14,105,4.0,4,2.0,3,2.0,16,1.0,1,4.0,9,3.0,17,26,20,42,3.0,29,10,2.0,13,14,27,9,5,9,1.0,68,8.0,4,21,17,3.0,41,12,53,1.0,9,7,2.0,8,3.0,2,5,6.0,,13,3.0,1.0,12,17,,,17,1.0,21,,,7,1.0,2.0,4.0,3.0,,4.0,2.0,89,17,10,,2.0,0.5652173913043478,0.6190476190476191,0.9333333333333332,0.3409090909090909,0.6666666666666666,0.4444444444444444,0.3409090909090909,0.5476190476190477,1.0,1.0,0.5290697674418605,1.0,0.7,0.546875,0.8888888888888888,0.7083333333333334,0.5116279069767442,0.0476190476190476,0.0555555555555555,0.0909090909090909,,0.6153846153846154,1.0,0.7727272727272727,0.2105263157894736,0.7,0.2962962962962963,0.7307692307692307,0.2608695652173913,0.4,,0.25,0.4117647058823529,0.1,0.7142857142857143,0.8,1.0,0.8095238095238095,0.4444444444444444,0.0227272727272727,96.5,0.5,15.282105263157897,14.573469387755102,14.821052631578947,14.053061224489795,0.2093023255813953,0.7222222222222222,0.7647058823529411,0.6923076923076923,0.127906976744186,0.4545454545454545,0.5,0.1511627906976744,0.3846153846153846,0.3846153846153846,0.2,0.1744186046511628,0.3333333333333333,0.3333333333333333,1.0,0.3372093023255814,0.3448275862068966,0.3448275862068966,0.9,0.4285714285714285,1.0,,0.1428571428571428,1.0,1.0,0.2857142857142857,,,0.5,0.6,0.4,0.25,0.7209302325581395,0.3448275862068966,0.5551875000000001,0.5818666666666666,0.540785,0.0851063829787234,0.1428571428571428,0.0222222222222222,0.1523809523809524,0.1619047619047619,7.988095238095238,24.985714285714288,0.1052631578947368,2026-02-22,22500825,CHI,1.0,,1.0,1.0,,,,,,,0.5,1.0,4.0,3.0,,0.6,,,2.0,1.0,1.0,,,,,2025-26,2026,Regular Season,1610612752
48:00,94,95,32,31,14,189,14,23,6.0,8,5.0,7.0,10,20,1.0,6,4,11,,1.0,1.0,3.0,6,26,4.0,2.0,12.0,25,49,10,37,14,94,7.0,10,,5,1.0,15,7.0,16,3.0,15,1.0,24,28,22,27,3.0,26,6,5.0,14,9,23,5,4,8,,55,7.0,10,18,14,2.0,34,17,51,2.0,7,4,3.0,11,1.0,7,6,4.0,,17,,4.0,13,22,,1.0,18,,21,2.0,1.0,11,,,7.0,5.0,2.0,8.0,2.0,79,24,32,2.0,,0.56,0.7,0.9,0.2702702702702703,,0.2,0.2702702702702703,0.5102040816326531,0.7,0.4375,0.4651162790697674,0.4666666666666667,0.3709677419354839,0.4894736842105263,0.4411764705882353,0.3636363636363636,0.4302325581395348,0.1020408163265306,0.1304347826086956,0.1,,0.6470588235294118,1.0,0.5,0.4166666666666667,0.8571428571428571,0.28,0.6530612244897959,0.3469387755102041,0.5555555555555556,0.4,0.2,0.2222222222222222,0.4285714285714285,0.625,0.3333333333333333,0.3333333333333333,0.9411764705882352,0.5,0.0454545454545454,94.5,0.25,16.180851063829788,14.305263157894736,15.42659574468085,13.36842105263158,0.2674418604651162,0.6086956521739131,0.7,0.5714285714285714,0.2325581395348837,0.5,0.5555555555555556,0.0697674418604651,0.1666666666666666,0.1666666666666666,,0.127906976744186,0.3636363636363636,0.3636363636363636,1.0,0.3023255813953488,0.2307692307692307,0.24,0.8333333333333334,0.5333333333333333,0.75,0.3333333333333333,0.0666666666666666,,,0.2666666666666666,0.2258064516129032,0.7142857142857143,0.0967741935483871,0.3333333333333333,0.3870967741935484,0.1666666666666666,0.6976744186046512,0.2307692307692307,0.5432116279069767,0.5870363636363636,0.5237919354838709,0.1157894736842105,0.1896551724137931,,0.1595744680851064,0.2553191489361702,6.414285714285715,25.30540540540541,0.3404255319148936,2026-02-24,22500835,CLE,,1.0,,2.0,,1.0,,1.0,0.027027027027027,,,,10.0,6.0,2.0,0.6,,0.0384615384615384,,,1.0,,,1.0,,2025-26,2026,Regular Season,1610612752
48:00,97,99,8,24,9,196,8,16,2.0,3,1.0,1.0,9,21,8.0,9,8,11,,,,,13,31,3.0,1.0,1.0,25,46,21,42,14,127,3.0,4,1.0,3,2.0,11,3.0,4,1.0,1,4.0,13,26,24,60,3.0,31,13,3.0,13,20,33,12,8,6,3.0,86,5.0,4,22,17,2.0,41,9,50,2.0,7,3,4.0,5,2.0,3,6,2.0,1.0,11,1.0,1.0,9,20,1.0,1.0,16,2.0,16,,,7,,1.0,6.0,3.0,3.0,6.0,6.0,116,13,8,3.0,1.0,0.52,0.5416666666666666,0.9523809523809524,0.5,0.3333333333333333,1.0,0.5,0.5434782608695652,0.75,0.75,0.6420454545454546,0.6428571428571429,0.9,0.6614583333333334,0.6875,0.9285714285714286,0.4772727272727273,0.0652173913043478,0.125,0.0476190476190476,,0.4545454545454545,1.0,0.9444444444444444,0.1904761904761904,0.88,0.25,0.9069767441860463,0.2195121951219512,0.25,0.1666666666666666,,0.2941176470588235,,0.8,1.0,1.0,0.8421052631578947,1.0,0.0526315789473684,98.0,1.0,14.822680412371133,14.567676767676767,14.389690721649483,14.266666666666667,0.1818181818181818,0.5,0.5714285714285714,0.75,0.2386363636363636,0.4285714285714285,0.45,0.1022727272727272,0.8888888888888888,0.8888888888888888,0.375,0.125,0.7272727272727273,0.7272727272727273,1.0,0.3522727272727273,0.4193548387096774,0.4193548387096774,0.9230769230769232,0.4285714285714285,0.6666666666666666,0.5,,,,0.4285714285714285,0.2,1.0,,,0.2,1.0,0.6590909090909091,0.4193548387096774,0.5308908045977011,0.48995,0.50083,0.0736842105263157,0.1320754716981132,,0.0866141732283464,0.1023622047244094,7.76304347826087,26.1,0.0824742268041237,2026-02-27,22500860,MIL,1.0,,,,,,,,,,0.3333333333333333,1.0,2.0,4.0,1.0,0.4444444444444444,,,,,,,,,,2025-26,2026,Regular Season,1610612752
48:00,98,98,27,16,19,196,16,25,4.0,6,5.0,7.0,7,13,3.0,11,6,15,,,1.0,5.0,11,34,4.0,2.0,7.0,26,49,17,49,11,114,7.0,11,1.0,4,6.0,23,8.0,16,3.0,12,8.0,33,26,26,42,9.0,34,11,5.0,13,14,27,8,6,8,2.0,68,11.0,9,20,16,2.0,38,21,59,3.0,13,7,6.0,7,2.0,5,7,2.0,,14,2.0,3.0,9,19,2.0,3.0,21,1.0,19,3.0,,8,2.0,,3.0,3.0,,3.0,3.0,91,33,27,2.0,,0.5,0.5909090909090909,0.8235294117647058,0.3469387755102041,0.25,0.25,0.3469387755102041,0.5306122448979592,0.6363636363636364,0.5,0.5255102040816326,0.5666666666666667,0.4464285714285714,0.5428571428571428,0.6052631578947368,0.515625,0.5,0.1020408163265306,0.12,0.1538461538461538,,0.5,0.4,0.8,0.391304347826087,0.7692307692307693,0.34375,0.782608695652174,0.3636363636363636,0.4444444444444444,0.5,0.25,0.3478260869565217,0.3333333333333333,0.7777777777777778,0.75,0.8571428571428571,0.8235294117647058,0.6666666666666666,0.06,98.0,1.0,15.489795918367347,13.89795918367347,14.101020408163269,13.475510204081631,0.2551020408163265,0.64,0.7272727272727273,0.5,0.1326530612244898,0.5384615384615384,0.6363636363636364,0.1122448979591836,0.2727272727272727,0.2727272727272727,0.6666666666666666,0.1530612244897959,0.4,0.4,1.0,0.3469387755102041,0.3235294117647059,0.3235294117647059,0.7272727272727273,0.4,0.6666666666666666,,,,,0.2666666666666666,0.25,0.7142857142857143,0.1785714285714285,0.2,0.25,0.2857142857142857,0.7551020408163265,0.3235294117647059,0.5772067010309279,0.566365,0.5548314814814814,0.0865384615384615,0.1481481481481481,0.02,0.2017543859649122,0.2894736842105263,6.885714285714285,24.80625,0.2755102040816326,2026-03-01,22500868,SAS,1.0,,1.0,1.0,,,,,,,0.25,1.0,8.0,3.0,,0.4285714285714285,,,1.0,,,1.0,0.5,,,2025-26,2026,Regular Season,1610612752
47:59,92,95,11,25,9,187,15,19,,1,2.0,2.0,12,23,9.0,10,3,11,,1.0,2.0,2.0,7,18,2.0,,,36,52,10,29,9,111,3.0,5,1.0,3,3.0,12,3.0,4,2.0,2,,12,46,26,27,3.0,18,7,3.0,23,9,32,6,3,12,4.0,73,6.0,3,17,18,2.0,37,10,47,,10,6,4.0,8,4.0,2,10,6.0,,18,1.0,5.0,10,17,,1.0,15,,12,1.0,,4,1.0,1.0,4.0,2.0,1.0,4.0,3.0,99,12,11,1.0,1.0,0.6388888888888888,0.6388888888888888,0.9,0.3448275862068966,0.3333333333333333,1.0,0.3448275862068966,0.6923076923076923,0.6,0.75,0.6296296296296297,0.5625,1.0,0.6453488372093024,0.6666666666666666,0.8571428571428571,0.3580246913580246,0.0576923076923076,0.0526315789473684,0.0869565217391304,,0.4444444444444444,1.0,0.8181818181818182,0.1875,0.85,0.3529411764705882,0.8333333333333334,0.2727272727272727,,0.2727272727272727,,0.2222222222222222,0.5,1.0,0.8,0.7142857142857143,0.7692307692307693,1.0,,93.50000000000006,0.75,15.975,14.845263157894715,14.968478260869569,14.41894736842103,0.2345679012345679,0.7894736842105263,0.8333333333333334,0.8,0.2839506172839506,0.5217391304347826,0.5714285714285714,0.1234567901234567,0.9,0.9,0.4444444444444444,0.1358024691358024,0.2727272727272727,0.2727272727272727,1.0,0.2222222222222222,0.3888888888888889,0.3888888888888889,0.8571428571428571,0.125,,,0.125,,,0.25,0.3333333333333333,1.0,0.3333333333333333,1.0,,,0.5925925925925926,0.3888888888888889,0.557162962962963,0.46554,0.5075166666666667,0.0588235294117647,0.0727272727272727,0.0333333333333333,0.1081081081081081,0.1081081081081081,7.592307692307693,25.13103448275862,0.1195652173913043,2026-03-03,22500887,TOR,1.0,,,2.0,,,,,,,0.5,1.0,,7.0,1.0,0.5833333333333334,,,1.0,1.0,,1.0,1.0,,,2025-26,2026,Regular Season,1610612752
48:00,97,98,18,37,13,195,18,28,6.0,7,7.0,8.0,5,17,4.0,8,3,13,1.0,2.0,1.0,2.0,7,22,1.0,2.0,4.0,27,53,10,35,16,100,6.0,8,1.0,3,5.0,20,9.0,12,3.0,6,6.0,33,28,26,27,3.0,22,7,,14,9,23,6,3,10,3.0,55,6.0,8,22,13,2.0,37,14,51,,5,1,4.0,8,2.0,4,6,4.0,,14,,1.0,8,24,2.0,2.0,22,4.0,22,2.0,,11,,1.0,1.0,1.0,,3.0,1.0,80,33,18,4.0,,0.5185185185185185,0.6086956521739131,0.9,0.2857142857142857,0.3333333333333333,0.5,0.2857142857142857,0.5094339622641509,0.75,0.75,0.4772727272727273,0.6818181818181818,0.75,0.5102040816326531,0.7142857142857143,0.7857142857142857,0.3977272727272727,,,,,0.5714285714285714,1.0,0.9285714285714286,0.3076923076923077,0.8461538461538461,0.25,0.875,0.28,0.3,0.25,0.5,0.2142857142857142,0.3,0.8,1.0,1.0,0.8333333333333334,0.875,,97.5,0.3333333333333333,15.01237113402062,14.528571428571428,14.644329896907216,14.25204081632653,0.3181818181818182,0.6428571428571429,0.6428571428571429,0.5555555555555556,0.1931818181818181,0.2941176470588235,0.2941176470588235,0.0909090909090909,0.5,0.5,0.75,0.1477272727272727,0.2307692307692307,0.2307692307692307,1.0,0.25,0.3181818181818182,0.3181818181818182,0.8571428571428571,0.6363636363636364,0.8571428571428571,0.3333333333333333,0.1818181818181818,0.5,1.0,0.0909090909090909,0.4444444444444444,0.875,0.1111111111111111,0.5,0.2222222222222222,0.5,0.7159090909090909,0.3181818181818182,0.5594352272727273,0.6650666666666667,0.5888194444444445,0.1134020618556701,0.1774193548387097,,0.2,0.33,6.567924528301887,25.0,0.1855670103092783,2026-03-04,22500893,OKC,,,1.0,1.0,,2.0,1.0,,,,,,8.0,1.0,,0.2,1.0,,3.0,,,,,1.0,,2025-26,2026,Regular Season,1610612752
48:00,100,100,22,24,13,200,29,34,6.0,8,10.0,13.0,9,18,1.0,9,8,17,,1.0,2.0,4.0,8,17,2.0,1.0,5.0,39,61,16,34,16,142,7.0,11,,3,3.0,17,11.0,16,3.0,9,6.0,37,58,20,45,3.0,17,8,1.0,29,15,44,7,8,24,,103,8.0,7,27,9,2.0,38,15,53,2.0,11,7,4.0,6,1.0,5,5,1.0,,11,,1.0,16,25,,1.0,18,1.0,21,3.0,,9,,3.0,4.0,3.0,1.0,4.0,2.0,125,37,22,1.0,3.0,0.7435897435897436,0.7837837837837838,0.9375,0.4705882352941176,,0.3333333333333333,0.4705882352941176,0.639344262295082,0.6363636363636364,0.6875,0.6631578947368421,0.5,0.62,0.6826923076923077,0.5666666666666667,0.6607142857142857,0.3578947368421052,0.0163934426229508,0.0294117647058823,,,0.5454545454545454,1.0,0.6428571428571429,0.3181818181818182,0.84375,0.4705882352941176,0.782608695652174,0.3846153846153846,0.4,0.4444444444444444,0.125,0.375,0.5555555555555556,0.6666666666666666,0.5,1.0,0.8636363636363636,0.8,0.0526315789473684,100.0,0.5,14.07,14.73,13.447,14.318,0.3578947368421052,0.8529411764705882,0.8787878787878788,0.8275862068965517,0.1894736842105263,0.5,0.5,0.0947368421052631,0.1111111111111111,0.1111111111111111,,0.1789473684210526,0.4705882352941176,0.4705882352941176,1.0,0.1789473684210526,0.4705882352941176,0.4705882352941176,0.875,0.5714285714285714,0.75,0.6666666666666666,0.0714285714285714,,,0.1428571428571428,0.52,0.7692307692307693,0.16,0.5,0.2,0.2,0.7157894736842105,0.4705882352941176,0.58148,0.6459714285714285,0.616734,0.0891089108910891,0.1343283582089552,,0.1197183098591549,0.2605633802816901,6.062295081967213,24.66176470588235,0.22,2026-03-06,22500911,DEN,,,,,,,,,,,,,4.0,5.0,1.0,0.5555555555555556,,,1.0,,1.0,,,,,2025-26,2026,Regular Season,1610612752
48:00,97,97,18,27,12,194,16,26,2.0,5,2.0,4.0,8,16,3.0,6,1,5,,,,2.0,7,29,4.0,1.0,4.0,27,48,8,34,19,97,4.0,7,,4,1.0,9,3.0,7,1.0,6,4.0,13,34,20,18,6.0,29,7,5.0,17,6,23,5,1,10,2.0,52,7.0,7,22,12,4.0,38,14,52,1.0,7,2,5.0,10,2.0,7,9,3.0,1.0,19,2.0,5.0,12,23,1.0,,20,3.0,21,2.0,1.0,11,,,2.0,,2.0,2.0,1.0,88,13,18,3.0,,0.6296296296296297,0.68,0.75,0.2352941176470588,,0.1666666666666666,0.2352941176470588,0.5625,0.5714285714285714,0.4285714285714285,0.4756097560975609,0.3636363636363636,0.3461538461538461,0.5274725274725275,0.4090909090909091,0.4333333333333333,0.4146341463414634,0.1041666666666666,0.0769230769230769,0.1875,,0.5263157894736842,1.0,0.7058823529411765,0.35,0.7586206896551724,0.2692307692307692,0.7391304347826086,0.3043478260869565,0.4,0.4285714285714285,,0.1818181818181818,0.75,0.6,0.75,0.75,0.7727272727272727,0.7142857142857143,0.0238095238095238,96.99999999999994,0.5,13.920618556701031,15.770103092783527,13.318556701030928,15.425773195876308,0.3170731707317073,0.6153846153846154,0.6666666666666666,0.625,0.1951219512195122,0.5,0.6153846153846154,0.073170731707317,0.5,0.5,0.6666666666666666,0.0609756097560975,0.2,0.2,1.0,0.3536585365853658,0.2413793103448276,0.2413793103448276,0.7142857142857143,0.4545454545454545,0.4,,,,,0.3636363636363636,0.3076923076923077,0.5,0.1538461538461538,,0.3076923076923077,0.25,0.7317073170731707,0.2413793103448276,0.5451823170731707,0.5589583333333333,0.5324653846153846,0.1208791208791208,0.1929824561403508,,0.0927835051546391,0.134020618556701,5.68125,26.5,0.1855670103092783,2026-03-08,22500922,LAL,,,3.0,2.0,,,,,,,,,4.0,5.0,1.0,0.625,,,,,,,,,,2025-26,2026,Regular Season,1610612752
48:00,100,102,39,21,15,202,18,25,4.0,5,8.0,11.0,12,21,2.0,4,7,13,3.0,5.0,4.0,7.0,7,27,4.0,2.0,10.0,32,50,14,40,12,118,4.0,5,5.0,9,,23,16.0,24,6.0,17,3.0,53,36,28,42,,27,7,3.0,18,14,32,7,7,12,2.0,78,8.0,9,16,21,3.0,40,17,57,1.0,5,3,2.0,12,2.0,9,8,3.0,,20,2.0,6.0,9,23,1.0,1.0,19,1.0,16,4.0,,9,,1.0,1.0,,1.0,1.0,1.0,95,53,39,2.0,1.0,0.5625,0.6206896551724138,1.0,0.35,0.5555555555555556,0.3529411764705882,0.35,0.64,0.8,0.6666666666666666,0.5888888888888889,0.8214285714285714,0.6097560975609756,0.6145833333333334,0.8214285714285714,0.6162790697674418,0.4444444444444444,0.06,,0.1428571428571428,,0.6,1.0,0.7241379310344828,0.5,0.7619047619047619,0.3076923076923077,0.74,0.3863636363636363,0.4285714285714285,0.5555555555555556,0.5,0.3,0.3333333333333333,0.5555555555555556,0.7272727272727273,0.8888888888888888,0.75,0.8,0.025,101.0,1.0,14.462,14.05686274509804,13.849,13.72156862745098,0.2777777777777778,0.72,0.72,0.6666666666666666,0.2333333333333333,0.5714285714285714,0.6666666666666666,0.0444444444444444,0.5,0.5,1.0,0.1444444444444444,0.5384615384615384,0.5833333333333334,1.0,0.3,0.2592592592592592,0.2592592592592592,1.0,0.3571428571428571,0.8,0.25,0.3571428571428571,0.6,1.0,0.2857142857142857,0.2682926829268293,0.7272727272727273,0.1707317073170731,0.5714285714285714,0.2439024390243902,0.2,0.7222222222222222,0.2592592592592592,0.5420688888888889,0.59273125,0.5255317073170732,0.0947368421052631,0.1636363636363636,,0.1949152542372881,0.4491525423728814,6.212000000000001,25.4125,0.39,2026-03-09,22500935,LAC,2.0,1.0,1.0,2.0,,,,,0.025,0.0769230769230769,0.5,1.0,6.0,4.0,,0.3333333333333333,,,,,3.0,,,,,2025-26,2026,Regular Season,1610612752
48:00,97,97,13,19,12,194,17,23,4.0,4,1.0,1.0,8,20,6.0,9,3,9,,2.0,,,14,31,5.0,1.0,4.0,31,52,17,40,21,134,6.0,8,2.0,7,,18,3.0,5,1.0,4,7.0,16,44,18,45,6.0,31,14,4.0,22,15,37,12,3,13,4.0,89,8.0,8,12,18,1.0,31,16,47,4.0,10,5,5.0,7,2.0,6,5,1.0,,12,1.0,1.0,9,16,,1.0,20,2.0,22,2.0,,9,,3.0,2.0,1.0,1.0,3.0,2.0,116,16,13,1.0,2.0,0.7096774193548387,0.7857142857142857,0.8823529411764706,0.425,0.2857142857142857,0.25,0.425,0.5961538461538461,0.75,0.6,0.6141304347826086,0.6,0.5,0.6568627450980392,0.6,0.6666666666666666,0.4347826086956521,0.0769230769230769,0.1304347826086956,0.05,,0.5833333333333334,1.0,0.6666666666666666,0.3809523809523809,0.6666666666666666,0.3478260869565217,0.6666666666666666,0.3636363636363636,0.1666666666666666,0.5,0.3333333333333333,0.2352941176470588,0.6666666666666666,0.6,0.8,0.5714285714285714,0.625,1.0,0.1,97.0,0.6666666666666666,14.656701030927836,15.0340206185567,13.868041237113404,14.271134020618556,0.25,0.7391304347826086,0.85,0.7647058823529411,0.217391304347826,0.4,0.4210526315789473,0.0978260869565217,0.6666666666666666,0.6666666666666666,0.6666666666666666,0.0978260869565217,0.3333333333333333,0.3333333333333333,1.0,0.3369565217391304,0.4516129032258064,0.4516129032258064,0.8571428571428571,0.2666666666666666,1.0,0.25,0.1333333333333333,,,0.3333333333333333,0.1111111111111111,1.0,,,0.4444444444444444,0.25,0.6847826086956522,0.4516129032258064,0.5143967391304348,0.5688,0.4749555555555556,0.0909090909090909,0.1525423728813559,,0.1343283582089552,0.1194029850746268,7.717307692307693,25.205,0.134020618556701,2026-03-11,22500949,UTA,2.0,,,,,1.0,,,,,0.4,1.0,6.0,5.0,,0.625,,,,,,,,1.0,,2025-26,2026,Regular Season,1610612752
48:00,96,97,18,31,12,193,15,23,3.0,5,2.0,4.0,11,28,3.0,9,3,7,,,1.0,1.0,5,21,3.0,2.0,5.0,29,60,8,28,19,101,5.0,9,2.0,3,,16,3.0,7,3.0,6,8.0,23,24,34,24,,21,5,2.0,12,8,20,5,3,7,,48,5.0,7,24,18,1.0,43,13,56,1.0,4,4,,6,2.0,5,6,1.0,,12,1.0,4.0,5,22,4.0,2.0,21,3.0,25,5.0,1.0,11,1.0,2.0,4.0,3.0,1.0,4.0,1.0,85,21,17,4.0,1.0,0.4137931034482758,0.4615384615384615,1.0,0.2857142857142857,0.6666666666666666,0.5,0.2857142857142857,0.4833333333333333,0.5555555555555556,0.4285714285714285,0.4659090909090909,0.6666666666666666,0.5769230769230769,0.5154639175257731,0.6666666666666666,0.6764705882352942,0.3181818181818182,0.0333333333333333,0.0869565217391304,,,0.5,1.0,0.72,0.2258064516129032,0.8888888888888888,0.25,0.8076923076923077,0.2352941176470588,0.25,0.2352941176470588,0.1666666666666666,0.3125,,0.5,0.8461538461538461,0.6666666666666666,0.8421052631578947,1.0,0.0208333333333333,96.5,0.25,15.394791666666668,14.45463917525773,14.665625,14.124742268041237,0.2613636363636363,0.6521739130434783,0.7142857142857143,0.4666666666666667,0.3181818181818182,0.3928571428571428,0.3928571428571428,0.1022727272727272,0.3333333333333333,0.3333333333333333,,0.0795454545454545,0.4285714285714285,0.5,1.0,0.2386363636363636,0.238095238095238,0.238095238095238,1.0,0.4166666666666667,0.6,,,,,0.25,0.3076923076923077,0.5,0.0769230769230769,1.0,0.3846153846153846,0.4,0.5795454545454546,0.238095238095238,0.5251125,0.53613125,0.5191076923076923,0.1263157894736842,0.1666666666666666,0.0344827586206896,0.1584158415841584,0.2277227722772277,7.818333333333333,25.817857142857143,0.1875,2026-03-13,22500962,IND,2.0,1.0,,2.0,,,,,0.0357142857142857,0.1428571428571428,0.6666666666666666,1.0,6.0,5.0,,0.4545454545454545,,,,,,1.0,0.25,,1.0,2025-26,2026,Regular Season,1610612752
48:00,91,92,11,8,15,183,16,26,5.0,9,,4.0,9,18,4.0,8,4,9,,,,1.0,6,24,4.0,,3.0,29,52,10,33,22,110,6.0,12,1.0,4,3.0,18,,5,,4,4.0,4,30,28,24,6.0,24,6,5.0,15,8,23,4,4,9,2.0,54,6.0,14,17,11,1.0,29,20,49,1.0,9,7,2.0,9,1.0,8,6,1.0,1.0,15,1.0,3.0,6,15,,1.0,20,2.0,23,1.0,,10,,2.0,5.0,3.0,2.0,6.0,2.0,92,2,10,1.0,1.0,0.5172413793103449,0.5769230769230769,0.8,0.303030303030303,0.25,,0.303030303030303,0.5576923076923077,0.5,,0.5176470588235295,0.46875,,0.5729166666666666,0.5,0.1818181818181818,0.388235294117647,0.0961538461538461,0.1538461538461538,0.0555555555555555,,0.6,1.0,0.6111111111111112,0.6086956521739131,0.7083333333333334,0.2727272727272727,0.6666666666666666,0.4444444444444444,0.6,0.6666666666666666,0.5,0.2352941176470588,0.4,0.5,0.8,1.0,0.7777777777777778,0.5,0.0256410256410256,91.5,0.3333333333333333,15.48791208791209,15.984782608695651,14.727472527472528,15.22391304347826,0.3058823529411765,0.6153846153846154,0.7272727272727273,0.5625,0.2117647058823529,0.5,0.5294117647058824,0.0941176470588235,0.5,0.5,0.5,0.1058823529411764,0.4444444444444444,0.5,1.0,0.2823529411764706,0.25,0.25,0.6666666666666666,0.5625,0.5555555555555556,0.4,,,,0.25,0.4444444444444444,,0.1111111111111111,,0.3333333333333333,,0.6941176470588235,0.25,0.5442607142857143,0.5997230769230769,0.52288125,0.1063829787234042,0.1639344262295081,,0.1636363636363636,0.0363636363636363,6.759615384615385,24.93125,0.1208791208791208,2026-03-15,22500981,GSW,1.0,1.0,1.0,1.0,,1.0,1.0,,0.0303030303030303,0.1111111111111111,0.25,1.0,6.0,4.0,2.0,0.4444444444444444,,,1.0,,,,,,,2025-26,2026,Regular Season,1610612752
48:00,95,95,15,24,17,190,24,40,8.0,10,1.0,2.0,8,13,4.0,6,7,17,,2.0,2.0,2.0,11,24,2.0,2.0,4.0,36,59,18,41,10,136,9.0,12,,4,2.0,20,5.0,8,4.0,6,3.0,25,44,28,48,6.0,24,11,7.0,22,16,38,9,7,13,2.0,92,8.0,11,16,14,2.0,32,19,51,1.0,13,8,5.0,7,1.0,7,2,,1.0,9,2.0,,4,12,1.0,,15,2.0,13,3.0,,8,,,3.0,2.0,1.0,3.0,2.0,116,25,15,1.0,,0.6111111111111112,0.7333333333333333,0.8888888888888888,0.4390243902439024,,0.6666666666666666,0.4390243902439024,0.6101694915254238,0.75,0.625,0.63,0.5625,0.7857142857142857,0.6476190476190476,0.5882352941176471,0.78125,0.41,0.1186440677966101,0.175,,,0.7777777777777778,1.0,0.7,0.4782608695652174,0.7619047619047619,0.3636363636363636,0.7317073170731707,0.4222222222222222,0.4375,0.6,0.5,0.3333333333333333,0.4,0.4285714285714285,0.8333333333333334,1.0,0.7333333333333333,0.8333333333333334,0.0263157894736842,95.0,0.6666666666666666,15.626315789473685,14.689473684210526,14.92421052631579,14.094736842105265,0.4,0.6,0.7272727272727273,0.5416666666666666,0.13,0.6153846153846154,0.6153846153846154,0.06,0.6666666666666666,0.6666666666666666,0.5,0.17,0.4117647058823529,0.4117647058823529,1.0,0.24,0.4583333333333333,0.4583333333333333,0.8181818181818182,0.625,0.8,0.25,0.125,,,0.125,0.1428571428571428,0.5,0.1428571428571428,1.0,0.2857142857142857,0.5,0.81,0.4583333333333333,0.5826129999999999,0.5495599999999999,0.47705,0.0761904761904762,0.125,,0.1470588235294117,0.1838235294117647,4.642372881355932,24.700000000000003,0.1578947368421052,2026-03-17,22500994,IND,,,,1.0,,,,,,,,,12.0,7.0,,0.875,,,,,,,,,,2025-26,2026,Regular Season,1610612752
48:00,95,97,31,24,17,192,13,22,2.0,5,5.0,8.0,8,18,2.0,7,4,12,,2.0,3.0,3.0,4,18,3.0,,4.0,23,47,8,30,23,93,2.0,5,1.0,5,6.0,13,9.0,14,3.0,7,8.0,35,28,18,24,,18,4,6.0,14,8,22,4,4,11,,52,5.0,11,19,23,,42,17,59,2.0,10,4,6.0,8,2.0,7,14,1.0,1.0,22,4.0,7.0,5,15,1.0,2.0,28,2.0,32,2.0,,13,,4.0,5.0,2.0,2.0,5.0,5.0,80,35,31,,4.0,0.6086956521739131,0.6666666666666666,1.0,0.2666666666666666,0.2,0.4285714285714285,0.2666666666666666,0.4893617021276595,0.4,0.6428571428571429,0.4545454545454545,0.35,0.6428571428571429,0.5054347826086957,0.4642857142857143,0.603448275862069,0.3896103896103896,0.1276595744680851,0.1818181818181818,0.0555555555555555,0.1428571428571428,0.3636363636363636,,0.8214285714285714,0.4583333333333333,0.8260869565217391,0.25,0.8235294117647058,0.3636363636363636,0.3333333333333333,0.6,0.4,0.2307692307692307,0.2857142857142857,0.8461538461538461,0.75,1.0,0.8333333333333334,0.8,0.0526315789473684,96.0,1.0,15.758947368421053,14.256701030927836,14.94,13.895876288659794,0.2857142857142857,0.5909090909090909,0.7222222222222222,0.8461538461538461,0.2337662337662337,0.4444444444444444,0.4705882352941176,0.0909090909090909,0.2857142857142857,0.3333333333333333,,0.1558441558441558,0.3333333333333333,0.3333333333333333,1.0,0.2337662337662337,0.2222222222222222,0.2222222222222222,1.0,0.5,0.4,,0.2,,,0.3,0.3809523809523809,0.625,0.1428571428571428,1.0,0.1904761904761904,,0.6753246753246753,0.2222222222222222,0.5345782894736842,0.5772357142857143,0.5310625,0.1477272727272727,0.2241379310344827,,0.1397849462365591,0.3763440860215054,6.565957446808511,24.73793103448276,0.3263157894736842,2026-03-20,22501016,BKN,1.0,,,1.0,,,,,,,0.3333333333333333,1.0,4.0,3.0,3.0,0.375,2.0,,1.0,1.0,,1.0,0.1428571428571428,,,2025-26,2026,Regular Season,1610612752
48:00,99,101,22,13,14,200,20,28,8.0,10,6.0,8.0,13,26,5.0,8,4,8,2.0,3.0,1.0,1.0,13,24,2.0,1.0,4.0,38,62,17,32,18,145,8.0,10,3.0,5,1.0,26,8.0,15,2.0,5,6.0,28,46,30,27,24.0,24,13,4.0,23,9,32,6,3,12,2.0,73,4.0,13,23,12,1.0,36,17,53,1.0,6,2,4.0,12,1.0,7,2,5.0,,14,2.0,4.0,5,12,,,20,1.0,19,3.0,,9,,2.0,2.0,2.0,,2.0,1.0,119,28,22,1.0,2.0,0.6052631578947368,0.71875,0.5294117647058824,0.53125,0.6,0.4,0.53125,0.6129032258064516,0.8,0.5333333333333333,0.675531914893617,0.8333333333333334,0.55,0.7107843137254902,0.8666666666666667,0.6086956521739131,0.3404255319148936,0.064516129032258,0.1071428571428571,0.0384615384615384,,0.8571428571428571,1.0,0.75,0.5652173913043478,0.7666666666666667,0.2666666666666666,0.7608695652173914,0.4473684210526316,0.625,0.5833333333333334,0.3333333333333333,0.1818181818181818,0.5,0.625,1.0,0.8,0.7619047619047619,0.7777777777777778,0.0294117647058823,100.0,0.5,14.482828282828285,14.31881188118812,13.977777777777778,14.033663366336636,0.2978723404255319,0.7142857142857143,0.8,0.6,0.2765957446808511,0.5,0.52,0.0851063829787234,0.625,0.625,0.4,0.0851063829787234,0.5,0.5,0.75,0.2553191489361702,0.5416666666666666,0.5416666666666666,0.4615384615384615,0.6666666666666666,0.8,0.25,0.2,0.6666666666666666,0.5,0.1333333333333333,0.4,0.75,0.05,1.0,0.2,0.25,0.6382978723404256,0.5416666666666666,0.5471973404255319,0.6249125,0.536555,0.09,0.1323529411764706,,0.1793103448275862,0.193103448275862,7.264516129032257,25.215625,0.2222222222222222,2026-03-22,22501034,WAS,1.0,,,1.0,,,,1.0,,,0.5,1.0,12.0,9.0,,0.6923076923076923,,,1.0,,,,,,,2025-26,2026,Regular Season,1610612752
48:00,92,92,19,20,12,184,20,32,4.0,4,4.0,6.0,9,16,2.0,4,3,9,,1.0,1.0,2.0,10,24,3.0,3.0,4.0,31,52,13,33,20,121,4.0,4,2.0,4,,14,6.0,11,4.0,6,4.0,28,36,26,33,6.0,24,10,2.0,18,11,29,8,3,14,,69,5.0,7,16,18,1.0,35,12,47,,5,2,3.0,5,2.0,4,6,1.0,,11,3.0,2.0,8,18,1.0,1.0,19,1.0,22,2.0,1.0,7,1.0,3.0,4.0,3.0,1.0,4.0,2.0,107,25,17,,1.0,0.5806451612903226,0.6428571428571429,0.8461538461538461,0.3939393939393939,0.5,0.6666666666666666,0.3939393939393939,0.5961538461538461,1.0,0.5454545454545454,0.5941176470588235,0.875,0.7058823529411765,0.6382978723404256,0.875,0.7,0.388235294117647,0.0384615384615384,0.03125,0.0625,,0.4545454545454545,1.0,0.75,0.35,0.8421052631578947,0.25,0.7906976744186046,0.3,0.4545454545454545,0.1428571428571428,0.5,0.1428571428571428,0.5,0.6666666666666666,0.75,1.0,0.8571428571428571,0.8,,91.99999999999994,0.5,16.851086956521737,14.45326086956524,16.33913043478261,14.082608695652198,0.3764705882352941,0.625,0.6451612903225806,0.7,0.188235294117647,0.5625,0.6,0.0470588235294117,0.5,0.5,,0.1058823529411764,0.3333333333333333,0.375,1.0,0.2823529411764706,0.4166666666666667,0.4166666666666667,0.8,0.5,1.0,0.25,0.125,,,0.375,0.3529411764705882,0.6666666666666666,0.1176470588235294,0.5,0.2352941176470588,0.75,0.7647058823529411,0.4166666666666667,0.5645864705882353,0.58266,0.5637176470588235,0.0777777777777777,0.1228070175438596,,0.1157024793388429,0.2314049586776859,5.032692307692307,25.35151515151515,0.2065217391304347,2026-03-24,22501048,NOP,2.0,1.0,,3.0,,,,,0.0303030303030303,0.1111111111111111,0.6666666666666666,0.5,6.0,4.0,,0.4444444444444444,,,,,,,,,1.0,2025-26,2026,Regular Season,1610612752
48:00,89,88,16,29,7,177,15,18,2.0,2,1.0,1.0,14,26,2.0,9,2,9,,,,1.0,9,20,1.0,3.0,5.0,31,53,11,29,8,103,2.0,3,1.0,1,2.0,9,3.0,9,3.0,6,2.0,17,34,28,27,6.0,20,9,4.0,17,9,26,8,1,9,2.0,61,,6,13,7,1.0,21,7,28,1.0,8,4,4.0,5,4.0,2,5,3.0,,10,2.0,2.0,8,21,2.0,,19,6.0,9,2.0,,4,1.0,,2.0,,2.0,2.0,1.0,94,17,16,3.0,,0.5483870967741935,0.5666666666666667,0.8181818181818182,0.3793103448275862,1.0,0.5,0.3793103448275862,0.5849056603773585,0.6666666666666666,0.3333333333333333,0.5792682926829268,0.875,0.5,0.6058823529411764,0.9,0.53125,0.3536585365853658,0.0754716981132075,0.0555555555555555,0.1153846153846153,,0.5,0.5,0.6363636363636364,0.2857142857142857,0.52,,0.5555555555555556,0.1578947368421052,0.3333333333333333,0.3636363636363636,0.1428571428571428,,,1.0,0.5555555555555556,1.0,0.65,,0.0294117647058823,88.5,0.5,16.286516853932586,16.255681818181817,16.026966292134833,14.889772727272726,0.2195121951219512,0.8333333333333334,0.8823529411764706,0.6,0.3170731707317073,0.5384615384615384,0.6086956521739131,0.1097560975609756,0.2222222222222222,0.2222222222222222,1.0,0.1097560975609756,0.2222222222222222,0.2222222222222222,0.5,0.2439024390243902,0.45,0.45,0.8888888888888888,0.5,1.0,0.5,,,,0.25,0.0666666666666666,1.0,0.0666666666666666,,0.3333333333333333,0.6,0.573170731707317,0.45,0.5052280487804878,0.5841,0.4528133333333333,0.0588235294117647,0.0727272727272727,0.0333333333333333,0.087378640776699,0.1650485436893204,7.816981132075472,25.224137931034484,0.1797752808988764,2026-03-26,22501063,CHA,1.0,,,,,,,,,,1.0,1.0,2.0,6.0,1.0,0.4285714285714285,,,,,,1.0,1.0,,,2025-26,2026,Regular Season,1610612752
48:00,92,92,36,30,13,184,9,20,2.0,6,6.0,11.0,9,21,3.0,6,4,12,1.0,3.0,3.0,5.0,11,23,2.0,3.0,8.0,21,47,15,35,13,100,3.0,8,2.0,5,4.0,16,9.0,21,6.0,13,4.0,40,16,26,33,12.0,23,11,,8,11,19,7,4,3,,49,7.0,9,12,14,3.0,29,17,46,3.0,8,5,3.0,10,4.0,5,9,5.0,,19,1.0,8.0,15,25,2.0,2.0,22,1.0,17,1.0,,6,,3.0,3.0,1.0,1.0,3.0,2.0,84,40,36,3.0,2.0,0.3809523809523809,0.4210526315789473,0.7333333333333333,0.4285714285714285,0.4,0.4615384615384615,0.4285714285714285,0.4468085106382978,0.375,0.4285714285714285,0.5304878048780488,0.4615384615384615,0.5294117647058824,0.5555555555555556,0.5333333333333333,0.5405405405405406,0.4268292682926829,,,,,0.5263157894736842,0.75,0.6363636363636364,0.3461538461538461,0.631578947368421,0.3684210526315789,0.6341463414634146,0.3555555555555555,0.2727272727272727,0.5,,0.3636363636363636,0.375,0.3333333333333333,0.6666666666666666,0.75,0.6428571428571429,0.6,0.0666666666666666,92.0,0.6666666666666666,17.003260869565217,14.30108695652174,16.31195652173913,13.979347826086958,0.2439024390243902,0.45,0.45,0.3333333333333333,0.2560975609756097,0.4285714285714285,0.4285714285714285,0.073170731707317,0.5,0.5,,0.1463414634146341,0.3333333333333333,0.3333333333333333,1.0,0.2804878048780488,0.4782608695652174,0.4782608695652174,0.6363636363636364,0.4615384615384615,0.3333333333333333,,0.2307692307692307,0.3333333333333333,1.0,0.1538461538461538,0.3235294117647059,0.5454545454545454,0.1470588235294117,0.6,0.2352941176470588,0.375,0.6707317073170732,0.4782608695652174,0.5085164634146341,0.5145722222222222,0.4957308823529411,0.0689655172413793,0.1153846153846153,,0.16,0.4,6.780851063829787,25.285714285714285,0.391304347826087,2026-03-29,22501089,OKC,1.0,,,,,,,,,,0.5,,4.0,5.0,1.0,0.5555555555555556,,,1.0,1.0,,1.0,1.0,,,2025-26,2026,Regular Season,1610612752
48:00,86,88,6,14,14,174,12,17,5.0,6,2.0,2.0,10,25,4.0,9,4,10,,,,,6,24,5.0,,3.0,26,51,10,34,12,94,8.0,12,2.0,5,1.0,23,3.0,5,,3,2.0,8,26,26,27,3.0,24,6,4.0,13,9,22,5,4,7,2.0,53,8.0,10,16,12,2.0,30,18,48,2.0,5,3,2.0,6,1.0,2,5,4.0,,11,,,6,16,1.0,1.0,17,3.0,16,,,8,,,2.0,,2.0,2.0,,71,8,6,2.0,,0.5,0.5416666666666666,0.9,0.2941176470588235,0.4,,0.2941176470588235,0.5098039215686274,0.6666666666666666,0.6,0.4823529411764706,0.6470588235294118,0.375,0.5053763440860215,0.6388888888888888,0.4444444444444444,0.4,0.0784313725490196,0.1176470588235294,0.08,,0.5454545454545454,1.0,0.75,0.4,0.8421052631578947,0.3333333333333333,0.8,0.3673469387755102,0.2,0.4,0.6,0.3888888888888889,0.1666666666666666,0.5,0.6666666666666666,1.0,0.8461538461538461,0.8333333333333334,0.0465116279069767,87.0,,16.05697674418605,17.035227272727273,15.143023255813956,16.717045454545453,0.2,0.7058823529411765,0.8,0.5833333333333334,0.2941176470588235,0.4,0.4347826086956521,0.1058823529411764,0.4444444444444444,0.4444444444444444,0.5,0.1176470588235294,0.4,0.4444444444444444,1.0,0.2823529411764706,0.25,0.2608695652173913,0.8333333333333334,0.3529411764705882,0.8333333333333334,0.6,,,,0.2941176470588235,0.25,1.0,,,0.375,,0.6,0.25,0.5097358823529412,0.5296208333333333,0.53364375,0.086021505376344,0.135593220338983,,0.2446808510638297,0.0851063829787234,7.509803921568627,25.958823529411767,0.0697674418604651,2026-03-31,22501102,HOU,2.0,2.0,,1.0,,,,,0.0588235294117647,0.1,0.4,1.0,4.0,4.0,1.0,0.4,,0.0416666666666666,,,1.0,,,,,2025-26,2026,Regular Season,1610612752
48:00,94,94,22,22,19,188,22,30,6.0,8,5.0,8.0,12,23,1.0,2,7,14,,2.0,2.0,4.0,6,19,4.0,1.0,5.0,35,55,13,33,21,130,7.0,9,2.0,6,7.0,27,8.0,14,3.0,9,6.0,31,46,24,39,,19,6,4.0,23,13,36,6,7,14,,85,11.0,10,14,13,3.0,30,22,52,7.0,7,4,3.0,10,3.0,6,9,4.0,1.0,19,3.0,2.0,14,19,2.0,2.0,22,2.0,24,3.0,1.0,9,2.0,2.0,5.0,1.0,4.0,6.0,4.0,103,31,22,2.0,2.0,0.6571428571428571,0.7419354838709677,1.0,0.3939393939393939,0.3333333333333333,0.3333333333333333,0.3939393939393939,0.6363636363636364,0.7777777777777778,0.5714285714285714,0.6193181818181818,0.6666666666666666,0.5434782608695652,0.6649484536082474,0.7105263157894737,0.5961538461538461,0.375,0.0727272727272727,0.0666666666666666,0.0869565217391304,,0.5263157894736842,1.0,0.7647058823529411,0.5263157894736842,0.7368421052631579,0.5789473684210527,0.75,0.5526315789473685,0.7142857142857143,0.3636363636363636,1.0,0.6666666666666666,0.4285714285714285,1.0,0.8333333333333334,0.3333333333333333,0.6666666666666666,0.8571428571428571,0.2058823529411764,94.0,0.6666666666666666,16.395744680851063,14.24255319148936,15.869148936170212,13.9,0.3409090909090909,0.7333333333333333,0.7857142857142857,0.6363636363636364,0.2613636363636363,0.5217391304347826,0.5714285714285714,0.0227272727272727,0.5,0.5,,0.1590909090909091,0.5,0.5,1.0,0.2159090909090909,0.3157894736842105,0.3157894736842105,1.0,0.5333333333333333,0.75,0.1666666666666666,0.1333333333333333,,,0.2666666666666666,0.3478260869565217,0.625,0.1739130434782608,0.5,0.217391304347826,0.2,0.7159090909090909,0.3157894736842105,0.5301086206896551,0.595415,0.5012068181818182,0.1157894736842105,0.1475409836065573,0.0588235294117647,0.2076923076923077,0.2384615384615384,4.852727272727273,24.225,0.2340425531914893,2026-04-01,22501003,MEM,2.0,,,1.0,1.0,1.0,,,,,0.5,1.0,8.0,9.0,1.0,0.75,,,,,1.0,1.0,0.5,1.0,,2025-26,2026,Regular Season,1610612752
48:00,100,98,26,31,12,198,22,30,8.0,9,3.0,4.0,10,19,1.0,3,4,12,1.0,2.0,1.0,3.0,11,27,,2.0,5.0,33,52,15,39,25,136,9.0,11,1.0,2,1.0,22,8.0,11,3.0,8,12.0,37,36,30,36,9.0,27,11,2.0,18,12,30,8,4,12,,72,4.0,11,20,16,5.0,41,15,56,2.0,11,6,5.0,4,3.0,3,5,1.0,,9,,3.0,11,21,2.0,,23,1.0,28,,,11,,3.0,3.0,3.0,,3.0,1.0,114,37,26,3.0,3.0,0.5454545454545454,0.6428571428571429,0.8,0.3846153846153846,0.5,0.375,0.3846153846153846,0.6346153846153846,0.8181818181818182,0.7272727272727273,0.6098901098901099,0.8076923076923077,0.6578947368421053,0.6476190476190476,0.7857142857142857,0.74,0.4285714285714285,0.0384615384615384,0.0333333333333333,0.0526315789473684,,0.4444444444444444,0.8333333333333334,0.7272727272727273,0.5789473684210527,0.8333333333333334,0.1666666666666666,0.782608695652174,0.3488372093023256,0.625,0.5555555555555556,0.5,0.125,0.25,0.5714285714285714,1.0,1.0,0.8,0.8888888888888888,0.048780487804878,99.0,0.3333333333333333,15.374,13.7,14.935,13.18469387755102,0.3296703296703296,0.7333333333333333,0.7586206896551724,0.5454545454545454,0.2087912087912088,0.5263157894736842,0.5555555555555556,0.0329670329670329,0.3333333333333333,0.3333333333333333,,0.1318681318681318,0.3333333333333333,0.3333333333333333,1.0,0.2967032967032967,0.4074074074074074,0.4074074074074074,0.7272727272727273,0.6923076923076923,0.8888888888888888,0.25,0.1538461538461538,0.5,1.0,,0.2105263157894736,0.75,0.1578947368421052,0.3333333333333333,0.2631578947368421,0.4,0.7582417582417582,0.4074074074074074,0.560304945054945,0.616075,0.5197236842105264,0.1078431372549019,0.1746031746031746,,0.1617647058823529,0.2720588235294117,4.905769230769231,24.77435897435897,0.26,2026-04-03,22501123,CHI,,,,1.0,,,,,,,,,10.0,6.0,1.0,0.6,,,,,,,,,,2025-26,2026,Regular Season,1610612752
48:00,95,95,9,13,10,190,18,24,3.0,6,2.0,4.0,10,22,3.0,5,3,12,1.0,1.0,1.0,2.0,8,21,2.0,1.0,1.0,31,51,11,33,13,108,3.0,8,1.0,3,2.0,11,2.0,7,2.0,3,2.0,12,40,22,27,6.0,21,8,4.0,20,9,29,6,3,13,1.0,67,4.0,9,15,17,3.0,35,13,48,2.0,9,5,4.0,7,3.0,5,10,2.0,,17,1.0,1.0,8,14,1.0,3.0,18,2.0,17,3.0,,9,,1.0,5.0,5.0,,7.0,4.0,97,10,8,,,0.6451612903225806,0.7142857142857143,0.8181818181818182,0.3333333333333333,0.3333333333333333,0.6666666666666666,0.3333333333333333,0.6078431372549019,0.375,0.2857142857142857,0.5654761904761905,0.4090909090909091,0.5,0.5934065934065934,0.4583333333333333,0.5454545454545454,0.3928571428571428,0.0784313725490196,0.0416666666666666,0.1363636363636363,,0.4117647058823529,1.0,0.5666666666666667,0.45,0.5357142857142857,0.1818181818181818,0.5517241379310345,0.3095238095238095,0.5,0.5,,0.1538461538461538,0.2222222222222222,0.5333333333333333,0.8,0.2,0.5263157894736842,0.5555555555555556,0.0526315789473684,95.0,0.5714285714285714,14.84421052631579,15.47157894736842,14.141052631578948,14.474736842105262,0.2857142857142857,0.75,0.782608695652174,0.7222222222222222,0.2619047619047619,0.4545454545454545,0.5263157894736842,0.0595238095238095,0.6,0.6,0.3333333333333333,0.1428571428571428,0.25,0.25,1.0,0.25,0.3809523809523809,0.3809523809523809,0.75,0.5454545454545454,0.5,,0.0909090909090909,1.0,1.0,0.1818181818181818,0.4,0.5,0.2,0.5,0.1,1.0,0.6785714285714286,0.3809523809523809,0.5571119047619048,0.5078714285714285,0.52691,0.1,0.1578947368421052,,0.1018518518518518,0.1111111111111111,6.164705882352941,24.76969696969697,0.0947368421052631,2026-04-06,22501143,ATL,,,,,,2.0,,,,,,,6.0,6.0,2.0,0.6,,,,,,,,2.0,,2025-26,2026,Regular Season,1610612752
48:00,87,87,11,24,6,174,18,24,1.0,3,,3.0,5,12,5.0,9,5,11,,1.0,1.0,1.0,10,24,2.0,4.0,4.0,28,45,15,35,11,112,1.0,3,1.0,3,1.0,6,1.0,4,5.0,5,4.0,21,32,24,39,6.0,24,10,,16,13,29,8,5,13,2.0,71,1.0,6,19,12,,31,7,38,1.0,9,5,4.0,4,2.0,2,3,2.0,,7,,,9,17,2.0,1.0,16,,15,1.0,,7,,1.0,1.0,,1.0,2.0,1.0,106,21,11,,,0.5714285714285714,0.5714285714285714,0.8666666666666667,0.4285714285714285,0.3333333333333333,1.0,0.4285714285714285,0.6222222222222222,0.3333333333333333,0.25,0.63125,0.4166666666666667,0.9444444444444444,0.6436781609195402,0.4285714285714285,0.875,0.4375,,,,,0.5714285714285714,,0.6666666666666666,0.3529411764705882,0.6785714285714286,0.0526315789473684,0.6739130434782609,0.1944444444444444,0.3333333333333333,0.2857142857142857,0.5,,0.1666666666666666,0.6666666666666666,0.6666666666666666,0.6666666666666666,0.65,0.75,0.0285714285714285,87.0,0.5,15.451724137931034,17.651724137931033,14.96896551724138,16.880459770114943,0.3,0.75,0.75,0.7222222222222222,0.15,0.4166666666666667,0.4166666666666667,0.1125,0.5555555555555556,0.5555555555555556,0.4,0.1375,0.4545454545454545,0.5,1.0,0.3,0.4166666666666667,0.4166666666666667,0.8,0.5,0.3333333333333333,,0.1666666666666666,,,0.3333333333333333,0.3333333333333333,,0.1111111111111111,1.0,0.4444444444444444,1.0,0.7375,0.4166666666666667,0.561779375,0.59487,0.5091944444444444,0.0813953488372093,0.1372549019607843,,0.0535714285714285,0.1875,6.895555555555556,25.0,0.1264367816091954,2026-04-09,22501168,BOS,1.0,1.0,,2.0,,1.0,,,0.0285714285714285,0.0909090909090909,0.5,1.0,,1.0,,0.2,,,,,,,,1.0,,2025-26,2026,Regular Season,1610612752
48:00,92,91,23,22,6,183,23,26,2.0,2,6.0,6.0,7,12,3.0,6,1,8,,,,1.0,7,23,1.0,2.0,7.0,33,44,8,31,22,112,3.0,3,,1,3.0,9,7.0,9,2.0,8,8.0,28,34,32,21,3.0,23,7,,17,7,24,6,1,14,1.0,55,3.0,2,12,16,4.0,32,6,38,1.0,10,9,1.0,7,3.0,6,5,1.0,,12,,2.0,11,16,1.0,,24,4.0,27,2.0,1.0,11,,3.0,,,,,,103,28,23,,3.0,0.5151515151515151,0.53125,0.875,0.2580645161290322,,0.25,0.2580645161290322,0.75,1.0,0.7777777777777778,0.6,0.75,0.5882352941176471,0.6379310344827587,0.75,0.6363636363636364,0.4133333333333333,,,,,0.5833333333333334,1.0,0.7272727272727273,0.2,0.8,0.1363636363636363,0.7567567567567568,0.15625,0.3333333333333333,0.2,,0.2,,0.7142857142857143,0.7777777777777778,0.6666666666666666,0.9090909090909092,0.5,0.03125,91.5,,16.366304347826087,15.102197802197802,16.245652173913044,14.626373626373626,0.3466666666666667,0.8846153846153846,0.8846153846153846,0.6086956521739131,0.16,0.5833333333333334,0.5833333333333334,0.08,0.5,0.5,0.3333333333333333,0.1066666666666666,0.125,0.125,1.0,0.3066666666666666,0.3043478260869565,0.3043478260869565,0.8571428571428571,0.5,1.0,0.5,,,,0.25,0.3529411764705882,1.0,0.0588235294117647,,0.4117647058823529,0.2857142857142857,0.76,0.3043478260869565,0.58514,0.477425,0.6043264705882353,0.1309523809523809,0.2075471698113207,,0.0803571428571428,0.25,5.404545454545455,25.0258064516129,0.25,2026-04-10,22501176,TOR,,,,,,,,,,,,,2.0,2.0,,0.2857142857142857,,,1.0,,,1.0,0.5,,,2025-26,2026,Regular Season,1610612752
48:00,92,94,3,33,12,186,9,20,1.0,4,,1.0,12,23,5.0,7,2,9,,,,,11,32,3.0,1.0,2.0,26,50,13,41,5,96,5.0,8,,3,2.0,12,,1,1.0,2,,3,30,22,30,9.0,32,11,7.0,15,10,25,8,2,5,2.0,60,5.0,8,22,8,1.0,31,13,44,2.0,10,5,5.0,7,,5,4,2.0,,11,1.0,,7,25,5.0,3.0,13,2.0,8,2.0,,5,,,3.0,2.0,1.0,3.0,1.0,84,3,3,3.0,,0.5769230769230769,0.6521739130434783,0.7692307692307693,0.3170731707317073,,0.5,0.3170731707317073,0.52,0.625,,0.5,0.4545454545454545,0.5,0.5106382978723404,0.5,0.5,0.4505494505494505,0.14,0.2,0.1304347826086956,,0.6363636363636364,0.3333333333333333,0.6153846153846154,0.3333333333333333,0.6470588235294118,0.1851851851851851,0.6382978723404256,0.2549019607843137,0.1818181818181818,0.4545454545454545,0.5,0.2,0.1428571428571428,0.4,0.8333333333333334,0.5,0.6296296296296297,0.7142857142857143,0.0454545454545454,93.0,0.3333333333333333,15.231521739130434,15.730851063829787,14.644565217391303,14.867021276595745,0.2197802197802197,0.45,0.5625,0.5555555555555556,0.2527472527472527,0.5217391304347826,0.6,0.0769230769230769,0.7142857142857143,0.7142857142857143,0.4,0.0989010989010989,0.2222222222222222,0.2222222222222222,1.0,0.3516483516483517,0.34375,0.34375,0.7272727272727273,0.3636363636363636,0.25,,,,,0.2727272727272727,0.3333333333333333,,,,0.6666666666666666,0.5,0.6703296703296703,0.34375,0.5413416666666667,0.5755357142857143,0.70655,0.0531914893617021,0.0943396226415094,,0.125,0.03125,7.186,25.44,0.0326086956521739,2026-04-12,22501190,CHA,,,,2.0,,,,,,,,,6.0,8.0,,0.6666666666666666,,,,,,,,,,2025-26,2026,Regular Season,1610612752
48:00,97,98,24,40,7,195,17,29,2.0,4,4.0,6.0,7,21,2.0,5,4,4,,,,,8,21,2.0,,2.0,26,55,12,25,25,113,2.0,4,2.0,2,3.0,13,5.0,13,,2,14.0,24,28,24,24,12.0,21,8,3.0,14,8,22,5,3,11,1.0,52,2.0,6,16,22,5.0,43,8,51,1.0,7,4,3.0,5,2.0,3,6,2.0,,11,,3.0,8,24,5.0,3.0,21,,30,1.0,1.0,9,,6.0,5.0,2.0,3.0,5.0,5.0,100,24,24,2.0,4.0,0.5384615384615384,0.5833333333333334,0.6666666666666666,0.48,1.0,,0.48,0.4727272727272727,0.5,0.3846153846153846,0.55,0.8333333333333334,0.3333333333333333,0.5957446808510638,0.8125,0.5,0.3125,0.0545454545454545,0.0689655172413793,0.0476190476190476,,0.4545454545454545,1.0,0.8461538461538461,0.2068965517241379,0.6666666666666666,0.1538461538461538,0.76,0.1904761904761904,0.25,0.1428571428571428,0.3333333333333333,0.1538461538461538,,0.8571428571428571,0.8823529411764706,0.5,0.6842105263157895,0.6,0.0256410256410256,97.49999999999994,1.0,15.747422680412392,13.801020408163266,15.6175257731959,13.1234693877551,0.3625,0.5862068965517241,0.6296296296296297,0.6470588235294118,0.2625,0.3333333333333333,0.35,0.0625,0.4,0.4,0.5,0.05,1.0,1.0,0.75,0.2625,0.3809523809523809,0.3809523809523809,0.625,0.6666666666666666,0.5,,,,,0.3333333333333333,0.4,0.6666666666666666,,,0.1333333333333333,,0.675,0.3809523809523809,0.5587831249999999,0.521275,0.5604566666666667,0.1022727272727272,0.1428571428571428,,0.1150442477876106,0.2123893805309734,5.852727272727273,25.42,0.2474226804123711,2026-04-18,42500121,ATL,2.0,,,2.0,,,,,,,1.0,1.0,4.0,2.0,1.0,0.2857142857142857,,,,,,,,,,2025-26,2026,Playoffs,1610612752
48:00,92,93,42,22,18,185,21,34,9.0,13,8.0,14.0,7,16,,3,3,12,,2.0,1.0,3.0,8,22,2.0,4.0,12.0,28,53,11,34,17,106,10.0,16,1.0,4,1.0,24,11.0,23,5.0,15,8.0,45,26,30,27,6.0,22,8,7.0,13,9,22,6,3,9,,53,7.0,12,16,15,3.0,34,21,55,1.0,5,5,,9,1.0,5,5,4.0,,14,,5.0,11,21,3.0,2.0,26,3.0,27,1.0,,10,,4.0,3.0,,2.0,4.0,2.0,82,45,42,1.0,4.0,0.4642857142857143,0.5652173913043478,0.8181818181818182,0.3235294117647059,0.25,0.3333333333333333,0.3235294117647059,0.5283018867924528,0.625,0.4782608695652174,0.5114942528735632,0.575,0.4868421052631579,0.53,0.5714285714285714,0.5113636363636364,0.3908045977011494,0.1320754716981132,0.0588235294117647,0.25,0.3333333333333333,0.6428571428571429,0.75,0.7894736842105263,0.5,0.8,0.3181818181818182,0.7948717948717948,0.4130434782608695,0.6153846153846154,0.375,0.3333333333333333,0.2307692307692307,0.4444444444444444,0.6,0.7777777777777778,1.0,0.8461538461538461,0.7142857142857143,0.0256410256410256,92.5,0.5,17.17391304347826,13.978494623655914,16.13586956521739,13.35483870967742,0.3908045977011494,0.6176470588235294,0.65625,0.4285714285714285,0.1839080459770115,0.4375,0.5833333333333334,0.0344827586206896,,,,0.1379310344827586,0.25,0.25,1.0,0.2528735632183908,0.3636363636363636,0.3636363636363636,0.75,0.65,0.6923076923076923,0.2222222222222222,0.1,,,0.1,0.3684210526315789,0.5714285714285714,0.0789473684210526,0.3333333333333333,0.3157894736842105,0.3333333333333333,0.7816091954022989,0.3636363636363636,0.5696114942528735,0.58455,0.54235,0.1041666666666666,0.1612903225806451,,0.2264150943396226,0.4245283018867924,4.435849056603773,25.155882352941177,0.4565217391304347,2026-04-20,42500122,ATL,1.0,,,2.0,,1.0,1.0,,,,0.5,1.0,10.0,4.0,1.0,0.5714285714285714,,,,1.0,,2.0,0.3333333333333333,,,2025-26,2026,Playoffs,1610612752
47:59,101,100,22,19,15,201,23,38,4.0,7,5.0,10.0,7,18,,2,4,14,2.0,2.0,1.0,2.0,6,22,2.0,1.0,4.0,30,58,10,36,18,108,5.0,10,3.0,4,2.0,21,7.0,14,2.0,6,6.0,26,20,40,27,3.0,22,6,8.0,10,9,19,6,3,9,,47,7.0,11,13,19,3.0,35,18,53,1.0,10,4,6.0,10,2.0,5,8,5.0,1.0,18,2.0,6.0,11,17,1.0,,17,1.0,20,6.0,,12,,1.0,4.0,3.0,1.0,5.0,3.0,87,26,22,2.0,1.0,0.3333333333333333,0.3846153846153846,0.9,0.2777777777777778,0.75,0.3333333333333333,0.2777777777777778,0.5172413793103449,0.5,0.5,0.4787234042553192,0.6785714285714286,0.5,0.5346534653465347,0.7,0.5909090909090909,0.3829787234042553,0.1379310344827586,0.2105263157894736,,,0.5555555555555556,1.0,0.7037037037037037,0.4230769230769231,0.65,0.2692307692307692,0.6808510638297872,0.3461538461538461,0.4,0.5,,0.25,0.3,0.7692307692307693,0.8,0.25,0.7857142857142857,0.3333333333333333,0.0227272727272727,100.50000000000006,0.6,15.455445544554456,13.18999999999998,14.847524752475248,12.82899999999998,0.4042553191489361,0.6052631578947368,0.7666666666666667,0.391304347826087,0.1914893617021276,0.3888888888888889,0.3888888888888889,0.0212765957446808,,,,0.1489361702127659,0.2857142857142857,0.2857142857142857,0.75,0.2340425531914893,0.2727272727272727,0.2727272727272727,1.0,0.5,0.5714285714285714,,0.1428571428571428,1.0,0.5,0.1428571428571428,0.5,0.5,0.1,0.5,0.2,0.25,0.7872340425531915,0.2727272727272727,0.5991779569892474,0.5954833333333334,0.5875289473684211,0.12,0.1875,,0.1944444444444444,0.2407407407407407,4.072413793103448,24.42285714285714,0.2178217821782178,2026-04-23,42500123,ATL,1.0,,,1.0,,1.0,,,,,0.5,1.0,8.0,1.0,1.0,0.1428571428571428,,,,,1.0,,,1.0,,2025-26,2026,Playoffs,1610612752
48:00,94,94,46,25,16,188,18,31,4.0,6,7.0,14.0,7,17,2.0,4,2,6,,,,2.0,12,25,1.0,10.0,18.0,27,52,14,31,18,114,6.0,9,1.0,1,,15,11.0,22,10.0,20,9.0,61,24,30,33,9.0,25,12,5.0,12,11,23,9,2,9,,57,5.0,11,19,10,2.0,31,16,47,2.0,9,2,7.0,8,,4,7,4.0,,15,4.0,9.0,8,23,4.0,1.0,21,2.0,23,1.0,1.0,9,,3.0,3.0,1.0,2.0,3.0,1.0,99,61,46,4.0,3.0,0.4444444444444444,0.5217391304347826,0.7857142857142857,0.4516129032258064,1.0,0.5,0.4516129032258064,0.5192307692307693,0.6666666666666666,0.5,0.5783132530120482,0.75,0.6190476190476191,0.601063829787234,0.75,0.648936170212766,0.3734939759036144,0.0961538461538461,0.0967741935483871,0.1176470588235294,,0.5333333333333333,1.0,0.5555555555555556,0.44,0.6129032258064516,0.2941176470588235,0.5918367346938775,0.3809523809523809,0.6153846153846154,0.3,,0.3076923076923077,0.25,0.4444444444444444,0.5714285714285714,1.0,0.6363636363636364,0.5555555555555556,0.054054054054054,94.0,0.3333333333333333,16.76063829787234,13.877659574468083,16.142553191489363,13.17659574468085,0.3734939759036144,0.5806451612903226,0.6428571428571429,0.5,0.2048192771084337,0.4117647058823529,0.4666666666666667,0.0481927710843373,0.5,0.5,,0.072289156626506,0.3333333333333333,0.3333333333333333,1.0,0.3012048192771084,0.48,0.48,0.75,0.6,0.6666666666666666,,,,,0.1,0.3333333333333333,0.5,0.0476190476190476,,0.4285714285714285,0.5555555555555556,0.7469879518072289,0.48,0.5745126506024096,0.5520857142857143,0.5624047619047619,0.0989010989010989,0.15,,0.131578947368421,0.5350877192982456,4.705769230769231,25.11935483870968,0.4893617021276595,2026-04-25,42500124,ATL,1.0,,1.0,1.0,,,,,,,1.0,1.0,8.0,3.0,2.0,0.4285714285714285,,,,,2.0,,,,,2025-26,2026,Playoffs,1610612752
48:00,92,94,32,17,11,186,21,29,5.0,5,10.0,11.0,12,20,1.0,4,3,5,1.0,1.0,1.0,1.0,8,22,1.0,3.0,9.0,34,53,11,27,25,126,6.0,7,2.0,2,2.0,20,12.0,16,4.0,10,11.0,47,32,36,30,3.0,22,8,1.0,16,10,26,7,3,10,,62,5.0,7,25,13,4.0,42,13,55,3.0,6,3,3.0,7,,4,4,3.0,,11,2.0,3.0,7,23,5.0,4.0,26,,34,4.0,,10,2.0,6.0,4.0,,4.0,6.0,4.0,106,47,32,3.0,6.0,0.4705882352941176,0.5161290322580645,0.9090909090909092,0.4074074074074074,1.0,0.4,0.4074074074074074,0.6415094339622641,0.8571428571428571,0.75,0.63125,1.0,0.6923076923076923,0.6702127659574468,1.0,0.6714285714285714,0.3375,0.0188679245283018,0.0344827586206896,,,0.6363636363636364,1.0,0.7647058823529411,0.3684210526315789,0.8333333333333334,0.3125,0.8085106382978723,0.3428571428571428,0.375,0.25,0.6666666666666666,0.2857142857142857,0.5,1.0,0.7,0.8,0.7727272727272727,1.0,0.0909090909090909,93.0,0.6666666666666666,16.89782608695652,14.1,16.268478260869564,13.736170212765956,0.3625,0.7241379310344828,0.75,0.4761904761904761,0.25,0.6,0.6,0.05,0.25,0.25,,0.0625,0.6,0.6,1.0,0.275,0.3636363636363636,0.3809523809523809,0.875,0.5555555555555556,1.0,0.2,0.1111111111111111,1.0,1.0,0.1111111111111111,0.4230769230769231,0.9090909090909092,0.0384615384615384,1.0,0.3461538461538461,0.3333333333333333,0.7,0.3636363636363636,0.5642987341772152,0.56109375,0.58693,0.1363636363636363,0.1694915254237288,0.0689655172413793,0.1587301587301587,0.373015873015873,4.90566037735849,25.33076923076923,0.3478260869565217,2026-04-28,42500125,ATL,1.0,1.0,,2.0,,2.0,,,0.037037037037037,,1.0,1.0,6.0,6.0,,0.5,,0.0454545454545454,1.0,,,1.0,0.2,2.0,,2025-26,2026,Playoffs,1610612752
48:00,98,101,26,34,11,199,26,32,4.0,5,6.0,7.0,10,11,1.0,6,1,7,,,,1.0,12,29,2.0,3.0,8.0,37,49,13,36,27,140,5.0,6,1.0,2,4.0,17,7.0,10,3.0,9,16.0,39,46,28,30,9.0,29,12,3.0,23,10,33,9,1,18,,76,7.0,5,20,17,3.0,40,12,52,2.0,16,10,6.0,5,1.0,4,5,1.0,,10,1.0,3.0,11,22,1.0,2.0,22,,34,2.0,2.0,12,,5.0,5.0,4.0,1.0,6.0,6.0,123,39,26,1.0,5.0,0.6216216216216216,0.6764705882352942,0.7692307692307693,0.3611111111111111,0.5,0.3333333333333333,0.3611111111111111,0.7551020408163265,0.8333333333333334,0.7,0.6647058823529411,0.8125,0.6052631578947368,0.69,0.7727272727272727,0.7037037037037037,0.4235294117647059,0.0612244897959183,0.09375,,,0.5,1.0,0.68,0.4166666666666667,0.7407407407407407,0.3043478260869565,0.7115384615384616,0.3428571428571428,0.5,,0.4,0.2352941176470588,0.5,0.875,0.7142857142857143,,0.7222222222222222,0.7777777777777778,0.064516129032258,99.5,1.0,14.93469387755102,14.023762376237624,14.3734693877551,13.513861386138617,0.3764705882352941,0.8125,0.896551724137931,0.6923076923076923,0.1294117647058823,0.9090909090909092,0.9090909090909092,0.0705882352941176,0.1666666666666666,0.1666666666666666,,0.0823529411764705,0.1428571428571428,0.1428571428571428,1.0,0.3411764705882353,0.4137931034482758,0.4285714285714285,0.75,0.625,0.8,0.25,,,,0.25,0.3684210526315789,0.8571428571428571,0.0526315789473684,,0.4210526315789473,0.375,0.8,0.4137931034482758,0.6033505952380952,0.7203375,0.6052138888888889,0.1263157894736842,0.2033898305084746,,0.1214285714285714,0.2785714285714286,4.822448979591837,25.33333333333333,0.2653061224489796,2026-04-30,42500126,ATL,1.0,1.0,,3.0,,1.0,1.0,,0.0277777777777777,,0.5,1.0,6.0,5.0,,0.5,1.0,0.0344827586206896,,,,,,,,2025-26,2026,Playoffs,1610612752
48:00,97,97,26,35,9,194,22,29,3.0,3,3.0,3.0,9,13,3.0,5,5,11,1.0,1.0,2.0,2.0,14,26,2.0,5.0,7.0,34,47,19,37,12,137,4.0,5,3.0,3,1.0,18,10.0,12,7.0,9,8.0,49,40,28,42,15.0,26,14,1.0,20,14,34,9,5,16,1.0,82,4.0,5,16,16,3.0,35,9,44,1.0,10,6,4.0,6,5.0,3,9,3.0,1.0,15,1.0,1.0,12,25,2.0,,24,2.0,17,2.0,,4,1.0,4.0,6.0,4.0,2.0,6.0,4.0,119,49,26,6.0,2.0,0.5882352941176471,0.625,0.7368421052631579,0.5135135135135135,1.0,0.7777777777777778,0.5135135135135135,0.723404255319149,0.8,0.8333333333333334,0.7440476190476191,1.0625,0.9761904761904762,0.7527472527472527,1.125,0.9074074074074074,0.4404761904761904,0.0212765957446808,0.0344827586206896,,,0.4,1.0,0.6666666666666666,0.3846153846153846,0.8421052631578947,0.2352941176470588,0.7441860465116279,0.3,0.4285714285714285,,1.0,0.3636363636363636,,0.6666666666666666,0.625,0.7142857142857143,0.8666666666666667,0.75,0.0344827586206896,97.0,0.6666666666666666,14.68659793814433,15.004123711340208,14.32783505154639,14.31340206185567,0.3452380952380952,0.7586206896551724,0.7857142857142857,0.7272727272727273,0.1547619047619047,0.6923076923076923,0.6923076923076923,0.0595238095238095,0.6,0.6,0.3333333333333333,0.1309523809523809,0.4545454545454545,0.4545454545454545,1.0,0.3095238095238095,0.5384615384615384,0.5384615384615384,0.6428571428571429,0.375,1.0,0.3333333333333333,0.125,1.0,1.0,0.25,0.1428571428571428,1.0,0.0952380952380952,1.0,0.3333333333333333,0.7142857142857143,0.7857142857142857,0.5384615384615384,0.5726535714285714,0.46382,0.4915428571428571,0.057471264367816,0.0816326530612244,0.0263157894736842,0.1313868613138686,0.3576642335766423,5.680851063829787,24.808108108108108,0.268041237113402,2026-05-04,42500211,PHI,2.0,,,5.0,,,,,,,1.0,1.0,4.0,3.0,1.0,0.3333333333333333,,,1.0,,1.0,,,,,2025-26,2026,Playoffs,1610612752
48:00,93,95,25,28,7,188,20,32,2.0,4,3.0,8.0,9,14,4.0,7,2,12,,1.0,,1.0,5,14,2.0,2.0,5.0,33,53,7,26,21,108,4.0,7,1.0,3,,11,5.0,11,2.0,6,13.0,29,38,28,18,3.0,14,5,5.0,19,6,25,4,2,14,2.0,56,4.0,6,15,13,3.0,31,10,41,1.0,10,5,5.0,8,,3,5,5.0,2.0,13,,3.0,13,20,,2.0,23,3.0,25,1.0,,7,,6.0,2.0,1.0,1.0,2.0,1.0,97,28,24,1.0,4.0,0.5757575757575758,0.59375,0.8571428571428571,0.2692307692307692,0.3333333333333333,0.3333333333333333,0.2692307692307692,0.6226415094339622,0.5714285714285714,0.4545454545454545,0.5506329113924051,0.55,0.4705882352941176,0.5934065934065934,0.55,0.58,0.3291139240506329,0.0943396226415094,0.15625,,,0.6153846153846154,1.0,0.65,0.3157894736842105,0.75,0.2105263157894736,0.7,0.2631578947368421,0.4166666666666667,0.25,,0.1111111111111111,0.3,0.4285714285714285,0.75,0.8,0.7857142857142857,0.6666666666666666,0.03125,93.99999999999994,0.5,15.161290322580667,15.473684210526317,14.677419354838731,14.797894736842103,0.4050632911392405,0.625,0.7407407407407407,0.7,0.1772151898734177,0.6428571428571429,0.6428571428571429,0.0886075949367088,0.5714285714285714,0.5714285714285714,0.5,0.1518987341772152,0.1666666666666666,0.1818181818181818,1.0,0.1772151898734177,0.3571428571428571,0.3571428571428571,0.8,0.4,0.5,1.0,0.1,,,0.2,0.4705882352941176,0.375,0.0588235294117647,,0.2941176470588235,0.4,0.7341772151898734,0.3571428571428571,0.5738645569620253,0.5385833333333333,0.5810705882352941,0.0823529411764705,0.1186440677966101,,0.1018518518518518,0.2685185185185185,5.656603773584906,24.57307692307692,0.2688172043010752,2026-05-06,42500212,PHI,1.0,1.0,,2.0,,,,,0.0384615384615384,0.0833333333333333,0.5,1.0,2.0,3.0,1.0,0.3333333333333333,,,,,,,,,,2025-26,2026,Playoffs,1610612752
48:00,91,94,26,24,13,185,20,26,4.0,4,5.0,6.0,5,17,4.0,6,4,8,1.0,1.0,2.0,2.0,5,19,3.0,1.0,5.0,29,49,9,27,23,108,7.0,9,2.0,4,,20,6.0,13,3.0,7,11.0,32,32,26,27,,19,5,3.0,16,9,25,5,4,9,3.0,59,6.0,8,17,20,1.0,38,15,53,2.0,6,4,2.0,7,3.0,3,8,4.0,,15,1.0,4.0,5,21,2.0,2.0,25,2.0,32,2.0,,12,,5.0,4.0,2.0,1.0,4.0,2.0,88,32,26,2.0,2.0,0.5517241379310345,0.6153846153846154,1.0,0.3333333333333333,0.5,0.4285714285714285,0.3333333333333333,0.5918367346938775,0.7777777777777778,0.4615384615384615,0.5592105263157895,0.7692307692307693,0.525,0.5934065934065934,0.7142857142857143,0.5925925925925926,0.3552631578947368,0.0612244897959183,0.0384615384615384,0.1176470588235294,,0.4666666666666667,1.0,0.8,0.4,0.7727272727272727,0.3333333333333333,0.7872340425531915,0.3684210526315789,0.5,0.4166666666666667,,0.2857142857142857,0.5,0.8333333333333334,0.7692307692307693,0.8333333333333334,0.8333333333333334,0.5,0.0571428571428571,92.5,0.5,16.52967032967033,14.636170212765958,15.564835164835166,14.198936170212766,0.3421052631578947,0.7692307692307693,0.8,0.45,0.2236842105263158,0.2941176470588235,0.3333333333333333,0.0789473684210526,0.6666666666666666,0.6666666666666666,0.75,0.1052631578947368,0.5,0.5,1.0,0.25,0.2631578947368421,0.2631578947368421,1.0,0.3076923076923077,1.0,,0.0769230769230769,1.0,1.0,0.2307692307692307,0.3,0.8333333333333334,0.1,1.0,0.25,0.2,0.6973684210526315,0.2631578947368421,0.5483552631578947,0.5087875,0.5203525,0.1395348837209302,0.2033898305084746,,0.1851851851851851,0.2962962962962963,6.089795918367346,26.0962962962963,0.2857142857142857,2026-05-08,42500213,PHI,1.0,,,2.0,,,,,,,0.3333333333333333,1.0,6.0,4.0,1.0,0.8,1.0,,,1.0,,1.0,0.2,,,2025-26,2026,Playoffs,1610612752
48:00,96,98,22,37,12,194,15,21,1.0,3,2.0,3.0,7,21,2.0,5,8,13,,1.0,1.0,1.0,17,32,6.0,5.0,10.0,24,47,25,45,21,144,3.0,9,3.0,7,3.0,18,4.0,7,6.0,11,12.0,38,24,24,63,12.0,32,17,3.0,12,21,33,13,8,8,,87,6.0,11,20,12,3.0,35,18,53,1.0,6,5,1.0,5,2.0,3,6,2.0,,11,,2.0,13,22,5.0,,23,,29,1.0,1.0,8,1.0,5.0,4.0,1.0,3.0,4.0,4.0,126,38,22,3.0,4.0,0.5,0.5,0.84,0.5555555555555556,0.4285714285714285,0.5454545454545454,0.5555555555555556,0.5106382978723404,0.3333333333333333,0.5714285714285714,0.6684782608695652,0.46875,0.7222222222222222,0.680952380952381,0.5,0.74,0.4891304347826087,0.0638297872340425,,0.1428571428571428,,0.4545454545454545,0.6,0.75,0.5,0.7407407407407407,0.3333333333333333,0.7441860465116279,0.425,0.6666666666666666,0.5384615384615384,,0.2307692307692307,0.6,1.0,0.7,0.5,0.7391304347826086,0.75,0.027027027027027,97.0,1.0,15.832291666666668,13.878571428571428,14.738541666666668,13.541836734693875,0.2282608695652173,0.7142857142857143,0.7142857142857143,0.5333333333333333,0.2282608695652173,0.3333333333333333,0.3888888888888889,0.0543478260869565,0.4,0.4,,0.1413043478260869,0.6153846153846154,0.6153846153846154,1.0,0.3478260869565217,0.53125,0.53125,0.7647058823529411,0.1875,0.3333333333333333,,0.0625,,,0.375,0.1666666666666666,0.6666666666666666,0.0555555555555555,1.0,0.5555555555555556,0.5,0.717391304347826,0.53125,0.5376626373626374,0.4937041666666666,0.5018235294117648,0.09,0.1481481481481481,0.0217391304347826,0.125,0.2638888888888889,6.3255319148936175,25.797727272727272,0.2291666666666666,2026-05-10,42500214,PHI,3.0,,1.0,3.0,,,,,,,0.5,0.6666666666666666,,4.0,,0.5714285714285714,1.0,,,,1.0,1.0,0.25,,,2025-26,2026,Playoffs,1610612752
53:00,108,106,31,31,16,214,20,32,1.0,4,4.0,7.0,10,18,2.0,6,4,7,1.0,1.0,2.0,2.0,6,26,3.0,1.0,6.0,32,56,10,33,21,115,2.0,6,4.0,4,1.0,17,5.0,11,3.0,8,14.0,33,26,38,21,9.0,26,6,6.0,13,7,20,3,4,9,1.0,47,5.0,10,24,15,2.0,41,17,58,4.0,10,6,4.0,11,1.0,7,8,4.0,2.0,19,4.0,4.0,11,26,3.0,2.0,29,,32,,,9,,7.0,2.0,1.0,,2.0,1.0,98,33,31,2.0,5.0,0.40625,0.4193548387096774,0.7,0.303030303030303,1.0,0.375,0.303030303030303,0.5714285714285714,0.3333333333333333,0.4545454545454545,0.5280898876404494,0.8,0.5,0.5476190476190477,0.7083333333333334,0.532258064516129,0.3707865168539326,0.1071428571428571,0.125,0.1111111111111111,,0.5789473684210527,1.0,0.75,0.4166666666666667,0.7058823529411765,0.2272727272727272,0.7222222222222222,0.3260869565217391,0.3333333333333333,0.625,0.25,0.2105263157894736,0.3333333333333333,0.6,0.8333333333333334,1.0,0.7083333333333334,0.7,0.1,96.90566037735849,0.5,14.773148148148149,14.94811320754717,13.753703703703705,14.274528301886791,0.3595505617977528,0.625,0.7142857142857143,0.45,0.2022471910112359,0.5555555555555556,0.625,0.0674157303370786,0.3333333333333333,0.3333333333333333,0.5,0.0786516853932584,0.5714285714285714,0.5714285714285714,1.0,0.2921348314606741,0.2307692307692307,0.2307692307692307,0.5,0.4,0.25,,0.1,1.0,1.0,0.3,0.3684210526315789,0.5714285714285714,0.1052631578947368,1.0,0.3157894736842105,0.1666666666666666,0.7303370786516854,0.2307692307692307,0.5571693181818183,0.55435,0.5368999999999999,0.0918367346938775,0.1384615384615384,,0.1478260869565217,0.2869565217391304,5.4071428571428575,25.284375,0.287037037037037,2026-05-19,42500301,CLE,3.0,,1.0,6.0,,,,,,,1.0,0.3333333333333333,2.0,3.0,,0.3,1.0,,1.0,1.0,,2.0,0.4,,,2025-26,2026,Playoffs,1610612752
48:00,88,88,27,32,9,176,20,27,2.0,3,5.0,8.0,10,18,1.0,4,5,11,1.0,2.0,3.0,4.0,8,26,4.0,1.0,5.0,31,49,13,37,8,109,3.0,4,2.0,6,,12,11.0,17,4.0,9,4.0,38,38,24,39,,26,8,4.0,19,13,32,8,5,13,,77,8.0,4,24,9,5.0,38,13,51,2.0,5,4,1.0,4,,3,4,1.0,1.0,8,,3.0,10,22,2.0,,20,2.0,14,,,4,,3.0,4.0,3.0,1.0,5.0,3.0,97,38,27,6.0,3.0,0.6129032258064516,0.6333333333333333,1.0,0.3513513513513513,0.3333333333333333,0.4444444444444444,0.3513513513513513,0.6326530612244898,0.75,0.6470588235294118,0.5872093023255814,0.6,0.6538461538461539,0.5860215053763441,0.5454545454545454,0.6551724137931034,0.4302325581395348,0.0816326530612244,0.1111111111111111,0.0555555555555555,,0.5,1.0,0.391304347826087,0.2222222222222222,0.9230769230769232,0.3478260869565217,0.673469387755102,0.2926829268292683,0.1428571428571428,0.25,0.3333333333333333,0.3333333333333333,0.4,0.2,0.5454545454545454,0.5,0.9090909090909092,1.0,0.0555555555555555,88.0,0.6,17.657954545454547,15.06931818181818,16.73977272727273,14.409090909090908,0.313953488372093,0.7407407407407407,0.8333333333333334,0.65,0.2093023255813953,0.5555555555555556,0.5882352941176471,0.0465116279069767,0.25,0.25,,0.127906976744186,0.4545454545454545,0.4545454545454545,1.0,0.3023255813953488,0.3076923076923077,0.32,1.0,0.3,0.6666666666666666,0.5,0.2,0.5,1.0,0.4,0.3076923076923077,0.625,0.1538461538461538,0.75,0.1923076923076923,0.2,0.7441860465116279,0.3076923076923077,0.5567711764705883,0.503075,0.5256419999999999,0.0444444444444444,0.0754716981132075,,0.110091743119266,0.3486238532110092,5.410204081632654,25.227777777777774,0.3068181818181818,2026-05-21,42500302,CLE,1.0,1.0,,6.0,,1.0,,,0.027027027027027,,0.25,1.0,2.0,6.0,,0.6,1.0,0.0384615384615384,,,1.0,1.0,0.25,1.0,,2025-26,2026,Playoffs,1610612752
48:00,96,98,26,32,8,194,18,22,1.0,2,4.0,5.0,10,19,4.0,8,4,7,,1.0,2.0,4.0,7,21,1.0,1.0,3.0,32,49,11,28,24,121,2.0,4,1.0,2,3.0,10,7.0,12,3.0,7,9.0,32,32,32,33,,21,7,1.0,16,11,27,7,4,13,1.0,65,2.0,7,21,7,3.0,31,9,40,3.0,11,10,1.0,7,4.0,5,8,2.0,2.0,15,1.0,5.0,10,19,1.0,1.0,22,2.0,27,,,10,1.0,2.0,4.0,3.0,1.0,4.0,1.0,111,32,26,,2.0,0.5,0.5161290322580645,1.0,0.3928571428571428,0.5,0.4285714285714285,0.3928571428571428,0.6530612244897959,0.5,0.5833333333333334,0.6298701298701299,0.5833333333333334,0.6052631578947368,0.6722222222222223,0.625,0.6666666666666666,0.3636363636363636,0.0204081632653061,0.0454545454545454,,,0.4666666666666667,1.0,0.5833333333333334,0.4117647058823529,0.7777777777777778,0.1176470588235294,0.717948717948718,0.2647058823529412,0.25,0.3333333333333333,0.75,0.1428571428571428,,0.2,0.8571428571428571,,0.7272727272727273,1.0,0.0909090909090909,97.0,0.25,15.521875,14.18265306122449,15.166666666666666,13.556122448979592,0.2857142857142857,0.8181818181818182,0.8571428571428571,0.7222222222222222,0.2467532467532467,0.5263157894736842,0.5263157894736842,0.1038961038961039,0.5,0.5,0.25,0.0909090909090909,0.5714285714285714,0.5714285714285714,1.0,0.2727272727272727,0.3333333333333333,0.3333333333333333,1.0,0.3333333333333333,0.5,,0.1666666666666666,,,0.1666666666666666,0.2631578947368421,0.8,0.2105263157894736,0.5,0.1578947368421052,0.3333333333333333,0.6493506493506493,0.3333333333333333,0.5499,0.5694,0.5209078947368421,0.125,0.1694915254237288,0.0344827586206896,0.0826446280991735,0.2644628099173554,7.079591836734694,26.35,0.2708333333333333,2026-05-23,42500303,CLE,1.0,,,1.0,,,,,,,1.0,1.0,2.0,2.0,,0.2,1.0,,,,,,,,,2025-26,2026,Playoffs,1610612752
48:00,100,102,27,42,20,202,21,31,6.0,10,1.0,2.0,4,18,4.0,6,7,17,,1.0,,4.0,12,27,7.0,4.0,9.0,29,55,19,44,15,130,6.0,11,6.0,8,2.0,32,4.0,12,4.0,13,5.0,25,36,22,45,12.0,27,12,4.0,18,15,33,8,7,14,1.0,81,10.0,12,22,15,3.0,40,23,63,2.0,15,9,6.0,9,1.0,8,6,1.0,,15,3.0,5.0,9,20,,,18,,20,,,7,,3.0,2.0,2.0,,2.0,2.0,98,25,27,2.0,3.0,0.6206896551724138,0.75,0.7894736842105263,0.4318181818181818,0.75,0.3076923076923077,0.4318181818181818,0.5272727272727272,0.5454545454545454,0.3333333333333333,0.5808080808080808,0.7894736842105263,0.4,0.5963302752293578,0.8,0.4310344827586206,0.4444444444444444,0.0727272727272727,0.0967741935483871,0.0555555555555555,,0.6,1.0,0.9375,0.4615384615384615,0.7857142857142857,0.4166666666666667,0.8409090909090909,0.44,0.6,0.3571428571428571,0.5,0.3571428571428571,0.5,0.875,1.0,1.0,0.7391304347826086,1.0,0.0434782608695652,101.0,1.0,14.826,13.7,14.012,13.415686274509804,0.3131313131313131,0.6774193548387096,0.75,0.6666666666666666,0.1818181818181818,0.2222222222222222,0.2352941176470588,0.0606060606060606,0.6666666666666666,0.6666666666666666,0.25,0.1717171717171717,0.4117647058823529,0.4117647058823529,1.0,0.2727272727272727,0.4444444444444444,0.4444444444444444,0.6666666666666666,0.5263157894736842,0.6,0.1666666666666666,0.0526315789473684,,,0.3684210526315789,0.08,0.5,0.16,,0.36,0.4444444444444444,0.7575757575757576,0.4444444444444444,0.5890913265306122,0.6052961538461539,0.50146875,0.0660377358490566,0.1129032258064516,,0.2461538461538461,0.1923076923076923,5.658181818181818,25.13023255813953,0.27,2026-05-25,42500304,CLE,6.0,,,1.0,,,,,,,0.8571428571428571,0.6666666666666666,10.0,3.0,2.0,0.75,,,1.0,,,1.0,0.5,,,2025-26,2026,Playoffs,1610612752
48:00,99,100,22,52,16,199,19,29,6.0,10,4.0,5.0,6,18,3.0,11,8,13,2.0,2.0,2.0,2.0,3,24,,,7.0,28,58,11,37,16,105,7.0,11,2.0,2,3.0,23,7.0,10,2.0,9,10.0,30,20,36,30,3.0,24,3,2.0,10,10,20,3,7,8,,50,10.0,6,23,17,3.0,43,16,59,2.0,8,4,4.0,4,3.0,3,5,1.0,,9,1.0,2.0,11,23,1.0,1.0,23,2.0,18,3.0,,7,,4.0,4.0,1.0,3.0,4.0,1.0,82,28,21,2.0,3.0,0.3571428571428571,0.4166666666666667,0.9090909090909092,0.2972972972972973,1.0,0.2222222222222222,0.2972972972972973,0.4827586206896552,0.6363636363636364,0.7,0.4684210526315789,0.7692307692307693,0.5263157894736842,0.5097087378640777,0.8214285714285714,0.6521739130434783,0.3894736842105263,0.0344827586206896,0.0689655172413793,,,0.4444444444444444,1.0,0.68,0.2,0.7419354838709677,0.3846153846153846,0.7142857142857143,0.2857142857142857,0.2,0.3333333333333333,,0.4761904761904761,,0.625,0.6875,1.0,0.7391304347826086,0.75,0.0384615384615384,99.49999999999994,0.25,16.062626262626264,12.89800000000002,15.629292929292928,12.33800000000002,0.3052631578947368,0.6551724137931034,0.7037037037037037,0.4210526315789473,0.1894736842105263,0.3333333333333333,0.3333333333333333,0.1157894736842105,0.2727272727272727,0.2727272727272727,,0.1368421052631579,0.6153846153846154,0.6153846153846154,0.875,0.2526315789473684,0.125,0.1363636363636363,1.0,0.7692307692307693,0.6,0.1666666666666666,0.1538461538461538,1.0,1.0,,0.2631578947368421,0.8,0.1052631578947368,1.0,0.3684210526315789,,0.6947368421052632,0.125,0.5266436170212766,0.5822071428571428,0.5473555555555555,0.0707070707070707,0.1129032258064516,,0.219047619047619,0.2857142857142857,6.591379310344828,25.40833333333333,0.2222222222222222,2026-06-03,42500401,SAS,,2.0,,6.0,,,,,0.054054054054054,,,,8.0,2.0,,0.3333333333333333,,0.0833333333333333,,,,,,,,2025-26,2026,Playoffs,1610612752
47:59,97,97,14,42,15,194,14,25,4.0,5,2.0,2.0,7,18,1.0,8,7,15,,,1.0,1.0,8,23,4.0,,1.0,22,51,15,38,16,105,4.0,7,2.0,4,,14,3.0,8,1.0,2,4.0,13,30,14,42,3.0,23,8,7.0,15,14,29,7,7,10,,72,6.0,11,14,19,2.0,35,17,52,3.0,11,10,1.0,7,,4,8,3.0,,15,5.0,1.0,13,23,2.0,1.0,20,2.0,21,,,2,3.0,4.0,6.0,4.0,2.0,6.0,6.0,91,13,14,1.0,1.0,0.6818181818181818,0.7142857142857143,0.9333333333333332,0.3947368421052631,0.5,0.5,0.3947368421052631,0.4313725490196078,0.5714285714285714,0.375,0.5,0.6363636363636364,0.45,0.5357142857142857,0.6363636363636364,0.4642857142857143,0.4269662921348314,0.1372549019607843,0.16,0.1666666666666666,,0.4666666666666667,0.6666666666666666,0.9047619047619048,0.3793103448275862,0.7777777777777778,0.2608695652173913,0.8461538461538461,0.3269230769230769,0.3636363636363636,0.4545454545454545,0.2857142857142857,0.2,0.375,0.8333333333333334,1.0,1.0,0.7692307692307693,0.8,0.0666666666666666,97.00000000000006,1.0,16.302061855670104,13.388659793814412,15.679381443298968,13.07938144329895,0.2808988764044944,0.56,0.6666666666666666,0.7142857142857143,0.2022471910112359,0.3888888888888889,0.4666666666666667,0.0898876404494382,0.125,0.125,,0.1685393258426966,0.4666666666666667,0.4666666666666667,1.0,0.2584269662921348,0.3478260869565217,0.3478260869565217,0.875,0.4545454545454545,0.8,0.75,,,,0.3636363636363636,0.2,1.0,0.1,1.0,0.1,,0.7078651685393258,0.3478260869565217,0.5504039325842697,0.6782666666666667,0.507815,0.0531914893617021,0.0377358490566037,0.073170731707317,0.1333333333333333,0.1238095238095238,6.737254901960784,24.771052631578947,0.1443298969072164,2026-06-05,42500402,SAS,2.0,,,1.0,,,,,,,0.5,1.0,2.0,5.0,,0.7142857142857143,1.0,,1.0,,2.0,,,,,2025-26,2026,Playoffs,1610612752
48:00,91,94,27,36,12,185,16,24,6.0,9,7.0,10.0,7,19,4.0,8,5,17,,2.0,3.0,4.0,8,20,1.0,5.0,6.0,27,51,13,37,18,111,8.0,13,,3,5.0,21,8.0,16,8.0,10,6.0,46,14,40,33,6.0,20,8,5.0,7,11,18,6,5,4,2.0,47,8.0,10,16,16,4.0,36,18,54,2.0,4,2,2.0,7,4.0,5,6,2.0,,13,,3.0,10,23,3.0,1.0,21,1.0,22,2.0,,8,1.0,3.0,6.0,4.0,2.0,6.0,3.0,90,46,27,5.0,2.0,0.2592592592592592,0.3181818181818182,0.8461538461538461,0.3513513513513513,,0.8,0.3513513513513513,0.5294117647058824,0.6153846153846154,0.5,0.5284090909090909,0.5,0.7692307692307693,0.5663265306122449,0.5833333333333334,0.7666666666666667,0.4204545454545454,0.0980392156862745,0.2083333333333333,,,0.5384615384615384,1.0,0.6956521739130435,0.4166666666666667,0.7272727272727273,0.3478260869565217,0.7111111111111111,0.3829787234042553,0.625,0.4166666666666667,,0.4166666666666667,0.2727272727272727,0.5454545454545454,0.8181818181818182,1.0,0.6875,0.8333333333333334,0.05,92.5,0.5,16.78901098901099,14.385106382978725,16.126373626373628,13.915957446808513,0.2727272727272727,0.6666666666666666,0.8421052631578947,0.25,0.2159090909090909,0.3684210526315789,0.3684210526315789,0.0909090909090909,0.5,0.5,0.5,0.1931818181818181,0.2941176470588235,0.3125,1.0,0.2272727272727272,0.4,0.4210526315789473,0.75,0.5625,0.6666666666666666,0.1666666666666666,0.125,,,0.0625,0.3846153846153846,0.7,0.1538461538461538,0.75,0.2307692307692307,0.8333333333333334,0.6931818181818182,0.4,0.5386778409090909,0.5534818181818182,0.5430961538461538,0.0947368421052631,0.1403508771929824,0.0263157894736842,0.1891891891891892,0.4144144144144144,6.4490196078431365,24.543243243243243,0.2967032967032967,2026-06-08,42500403,SAS,,2.0,,4.0,,,,,0.054054054054054,0.0588235294117647,,,10.0,1.0,1.0,0.1428571428571428,,0.05,,,,,,,,2025-26,2026,Playoffs,1610612752
48:00,92,94,22,41,10,186,13,21,2.0,4,3.0,3.0,4,17,4.0,8,8,17,1.0,2.0,,3.0,7,15,4.0,1.0,4.0,21,46,15,32,20,107,2.0,4,3.0,6,1.0,14,5.0,9,1.0,7,9.0,22,16,26,45,,15,7,2.0,8,15,23,7,8,7,,61,4.0,7,23,11,2.0,36,12,48,2.0,6,6,,10,,6,5,4.0,,15,2.0,4.0,7,21,4.0,1.0,21,,28,3.0,1.0,10,,5.0,4.0,2.0,2.0,4.0,3.0,93,22,22,1.0,3.0,0.3809523809523809,0.4210526315789473,1.0,0.46875,0.5,0.1428571428571428,0.46875,0.4565217391304347,0.5,0.5555555555555556,0.5576923076923077,0.65,0.40625,0.5888888888888889,0.7,0.4565217391304347,0.4102564102564102,0.0434782608695652,0.0476190476190476,0.0588235294117647,,0.6666666666666666,1.0,0.4782608695652174,0.2916666666666667,0.8846153846153846,0.2352941176470588,0.6938775510204082,0.2682926829268293,0.5,0.1666666666666666,0.25,0.25,0.2222222222222222,0.4166666666666667,0.5714285714285714,0.5,0.9047619047619048,0.8,0.054054054054054,93.0,0.75,15.840217391304348,15.135106382978725,15.197826086956525,14.70744680851064,0.2692307692307692,0.6190476190476191,0.65,0.5384615384615384,0.2179487179487179,0.2352941176470588,0.25,0.1025641025641025,0.5,0.5,,0.2179487179487179,0.4705882352941176,0.5333333333333333,1.0,0.1923076923076923,0.4666666666666667,0.4666666666666667,1.0,0.4,0.5,,0.2,0.5,1.0,0.4,0.1875,1.0,0.1875,,0.25,0.25,0.6794871794871795,0.4666666666666667,0.5384557692307692,0.5266777777777778,0.535034375,0.1176470588235294,0.1886792452830188,,0.1308411214953271,0.205607476635514,7.397826086956522,24.51875,0.2391304347826087,2026-06-10,42500404,SAS,2.0,2.0,,2.0,,,,1.0,0.0625,0.1176470588235294,0.5,1.0,4.0,1.0,1.0,0.25,,,1.0,,,1.0,0.25,,,2025-26,2026,Playoffs,1610612752
48:00,89,90,23,22,16,179,9,24,2.0,7,2.0,7.0,7,17,3.0,9,2,10,,1.0,,2.0,10,27,2.0,2.0,5.0,19,50,12,37,20,94,2.0,9,1.0,3,7.0,14,5.0,14,2.0,7,9.0,25,10,28,27,9.0,27,10,5.0,5,9,14,7,2,2,,37,7.0,14,19,17,1.0,37,22,59,,8,3,5.0,6,1.0,3,8,3.0,,14,5.0,3.0,7,21,3.0,2.0,22,2.0,28,,,4,3.0,5.0,4.0,1.0,3.0,4.0,1.0,80,22,20,1.0,2.0,0.2631578947368421,0.2777777777777778,0.75,0.3243243243243243,0.3333333333333333,0.2857142857142857,0.3243243243243243,0.38,0.2222222222222222,0.3571428571428571,0.425287356321839,0.2916666666666667,0.3809523809523809,0.4747474747474747,0.4375,0.4629629629629629,0.425287356321839,0.1,0.125,0.1176470588235294,,0.4285714285714285,0.5,0.6296296296296297,0.4666666666666667,0.76,0.2916666666666667,0.6923076923076923,0.3888888888888889,0.3333333333333333,0.6,0.6,0.375,0.125,0.6363636363636364,0.5454545454545454,0.8,0.6,1.0,,89.5,0.25,17.59325842696629,14.602222222222222,16.117977528089888,13.510000000000002,0.2758620689655172,0.375,0.4285714285714285,0.2222222222222222,0.1954022988505747,0.4117647058823529,0.4666666666666667,0.1034482758620689,0.3333333333333333,0.3333333333333333,,0.1149425287356321,0.2,0.25,1.0,0.3103448275862069,0.3703703703703703,0.3703703703703703,0.7,0.5833333333333334,0.2857142857142857,0.5,0.0833333333333333,,,0.1666666666666666,0.3333333333333333,0.2857142857142857,0.0952380952380952,,0.238095238095238,0.4,0.7011494252873564,0.3703703703703703,0.5290074712643679,0.5234454545454545,0.5213071428571429,0.0744680851063829,0.074074074074074,0.075,0.1489361702127659,0.2659574468085106,7.11,25.46216216216216,0.2584269662921348,2026-06-13,42500405,SAS,1.0,2.0,,4.0,,,,,0.054054054054054,0.2,0.5,,2.0,3.0,1.0,0.4285714285714285,1.0,,,,,1.0,0.3333333333333333,,,2025-26,2026,Playoffs,1610612752
