Minutes,OffPoss,DefPoss,PenaltyOffPoss,PenaltyDefPoss,SecondChanceOffPoss,TotalPoss,AtRimFGM,AtRimFGA,SecondChanceAtRimFGM,SecondChanceAtRimFGA,PenaltyAtRimFGM,PenaltyAtRimFGA,ShortMidRangeFGM,ShortMidRangeFGA,LongMidRangeFGM,LongMidRangeFGA,Corner3FGM,Corner3FGA,PenaltyCorner3FGM,PenaltyCorner3FGA,Arc3FGM,Arc3FGA,SecondChanceArc3FGM,SecondChanceArc3FGA,PenaltyArc3FGM,PenaltyArc3FGA,FG2M,FG2A,FG3M,FG3A,FtPoints,Points,SecondChanceFG2M,SecondChanceFG2A,SecondChanceFG3M,SecondChanceFG3A,SecondChanceFtPoints,SecondChancePoints,PenaltyFG2M,PenaltyFG2A,PenaltyFG3M,PenaltyFG3A,PenaltyFtPoints,PenaltyPoints,PtsAssisted2s,PtsUnassisted2s,PtsAssisted3s,PtsUnassisted3s,PtsPutbacks,NonHeaveArc3FGA,NonHeaveArc3FGM,Fg2aBlocked,TwoPtAssists,ThreePtAssists,Assists,Arc3Assists,Corner3Assists,AtRimAssists,ShortMidRangeAssists,LongMidRangeAssists,AssistPoints,OffThreePtRebounds,OffTwoPtRebounds,DefThreePtRebounds,DefTwoPtRebounds,FTDefRebounds,DefRebounds,OffRebounds,Rebounds,SelfOReb,Steals,BadPassSteals,LostBallSteals,LiveBallTurnovers,BadPassOutOfBoundsTurnovers,BadPassTurnovers,DeadBallTurnovers,LostBallOutOfBoundsTurnovers,LostBallTurnovers,StepOutOfBoundsTurnovers,Turnovers,SecondChanceTurnovers,PenaltyTurnovers,ShootingFouls,Fouls,Loose Ball Fouls,Offensive Fouls,FoulsDrawn,Loose Ball Fouls Drawn,Offensive Fouls Drawn,FTA,2pt And 1 Free Throw Trips,3pt And 1 Free Throw Trips,TwoPtShootingFoulsDrawn,ThreePtShootingFoulsDrawn,Blocked2s,BlockedAtRim,BlockedShortMidRange,Blocks,RecoveredBlocks,DefensiveGoaltends,Defensive 3 Seconds Violations,FirstChancePoints,PenaltyPointsExcludingTakeFouls,PenaltyOffPossExcludingTakeFouls,NonShootingPenaltyNonTakeFouls,Assisted2sPct,NonPutbacksAssisted2sPct,Assisted3sPct,Fg3Pct,SecondChanceFg3Pct,PenaltyFg3Pct,NonHeaveFg3Pct,Fg2Pct,SecondChanceFg2Pct,PenaltyFg2Pct,EfgPct,SecondChanceEfgPct,PenaltyEfgPct,TsPct,SecondChanceTsPct,PenaltyTsPct,FG3APct,FG2APctBlocked,AtRimPctBlocked,ShortMidRangePctBlocked,LiveBallTurnoverPct,DefFTReboundPct,DefTwoPtReboundPct,OffTwoPtReboundPct,DefThreePtReboundPct,OffThreePtReboundPct,DefFGReboundPct,OffFGReboundPct,OffAtRimReboundPct,OffShortMidRangeReboundPct,OffLongMidRangeReboundPct,OffArc3ReboundPct,OffCorner3ReboundPct,DefAtRimReboundPct,DefShortMidRangeReboundPct,DefLongMidRangeReboundPct,DefArc3ReboundPct,DefCorner3ReboundPct,SelfORebPct,Pace,BlocksRecoveredPct,SecondsPerPossOff,SecondsPerPossDef,SecondsExcludingORebsPerPossOff,SecondsExcludingORebsPerPossDef,AtRimFrequency,AtRimAccuracy,UnblockedAtRimAccuracy,AtRimPctAssisted,ShortMidRangeFrequency,ShortMidRangeAccuracy,UnblockedShortMidRangeAccuracy,ShortMidRangePctAssisted,LongMidRangeFrequency,LongMidRangeAccuracy,UnblockedLongMidRangeAccuracy,LongMidRangePctAssisted,Corner3Frequency,Corner3Accuracy,UnblockedCorner3Accuracy,Corner3PctAssisted,Arc3Frequency,Arc3Accuracy,UnblockedArc3Accuracy,Arc3PctAssisted,SecondChanceAtRimFrequency,SecondChanceAtRimAccuracy,SecondChanceAtRimPctAssisted,SecondChanceArc3Frequency,SecondChanceArc3Accuracy,SecondChanceArc3PctAssisted,PenaltyAtRimFrequency,PenaltyAtRimAccuracy,PenaltyCorner3Frequency,PenaltyCorner3Accuracy,PenaltyArc3Frequency,PenaltyArc3Accuracy,AtRimFG3AFrequency,NonHeaveArc3Accuracy,ShotQualityAvg,SecondChanceShotQualityAvg,PenaltyShotQualityAvg,ShootingFoulsDrawnPct,TwoPtShootingFoulsDrawnPct,ThreePtShootingFoulsDrawnPct,SecondChancePointsPct,PenaltyPointsPct,Avg2ptShotDistance,Avg3ptShotDistance,PenaltyOffPossPct,Date,GameId,Opponent,SecondChanceCorner3FGA,Travels,Charge Fouls,Charge Fouls Drawn,Technical Free Throw Trips,NonShootingFoulsDrawn,Blocked3s,BlockedCorner3,NonShootingPenaltyNonTakeFoulsDrawn,SecondChanceCorner3Frequency,Fg3aBlocked,FTOffRebounds,FG3APctBlocked,Corner3PctBlocked,Arc3PctBlocked,OffFTReboundPct,SecondChanceCorner3FGM,BlockedArc3,SecondChanceCorner3Accuracy,SecondChanceCorner3PctAssisted,OffensiveGoaltends,LongMidRangePctBlocked,BlockedLongMidRange,Season,year,SeasonType,team_id,team
48:00,100,100,33,35,12,200,25,32,5.0,8.0,9.0,13.0,14,26,3.0,9.0,2.0,6,1.0,4.0,6,15,1.0,1.0,1.0,5.0,42,67,8,21,17,125,5,9,1.0,1.0,1.0,14,14.0,25.0,2.0,9.0,7.0,41.0,34,50,21,3.0,8.0,15,6,3.0,17,7,24,5,2.0,12,3,2.0,55,6,8,9,32,1.0,42,14,56,3.0,10,7,3.0,5,2.0,4.0,10,2.0,1.0,1.0,15,1.0,3.0,9,24,4.0,3.0,24,1.0,1.0,28,6.0,1.0,15,2.0,5,4.0,1.0,5,5.0,1.0,1.0,111,41.0,33,3.0,0.4047619047619047,0.4473684210526316,0.875,0.3809523809523809,1.0,0.2222222222222222,0.3809523809523809,0.6268656716417911,0.5555555555555556,0.56,0.6136363636363636,0.65,0.5,0.6377551020408163,0.5833333333333334,0.5256410256410257,0.2386363636363636,0.044776119402985,0.03125,0.0769230769230769,0.3333333333333333,0.5,0.8,0.32,0.75,0.4615384615384615,0.7884615384615384,0.3684210526315789,0.5714285714285714,0.25,0.1666666666666666,0.4444444444444444,0.5,0.8666666666666667,0.7692307692307693,0.75,0.875,0.5,0.0857142857142857,100.0,1.0,14.01,14.79,13.458,14.14,0.3636363636363636,0.78125,0.8064516129032258,0.48,0.2954545454545454,0.5384615384615384,0.5833333333333334,0.2142857142857142,0.1022727272727272,0.3333333333333333,0.3333333333333333,0.6666666666666666,0.0681818181818181,0.3333333333333333,0.3333333333333333,1.0,0.1704545454545454,0.4,0.4,0.8333333333333334,0.8,0.625,0.2,0.1,1.0,1.0,0.3823529411764705,0.6923076923076923,0.1176470588235294,0.25,0.1470588235294117,0.2,0.6022727272727273,0.4,0.5429080459770115,0.6543,0.5421848484848485,0.173469387755102,0.1973684210526315,0.0909090909090909,0.112,0.328,6.264179104477612,25.375,0.33,2025-10-22,22500004,SAS,,,,,,,,,,,,,,,,,,,,,,,,2025-26,2026,Regular Season,1610612742,DAL
48:00,107,108,18,46,9,215,16,25,1.0,5.0,2.0,5.0,6,18,4.0,11.0,5.0,8,1.0,1.0,10,28,1.0,3.0,1.0,2.0,26,54,15,36,20,117,1,5,1.0,4.0,,5,4.0,10.0,2.0,3.0,6.0,20.0,28,24,39,6.0,2.0,28,10,5.0,14,13,27,8,5.0,9,2,3.0,67,3,8,20,18,3.0,41,11,52,2.0,11,7,4.0,11,1.0,4.0,6,,7.0,,17,2.0,5.0,11,24,1.0,1.0,19,2.0,1.0,29,2.0,,8,2.0,7,6.0,1.0,8,7.0,,2.0,112,20.0,18,,0.5384615384615384,0.56,0.8666666666666667,0.4166666666666667,0.25,0.6666666666666666,0.4166666666666667,0.4814814814814814,0.2,0.4,0.5388888888888889,0.2777777777777778,0.5384615384615384,0.5679611650485437,0.2777777777777778,0.625,0.4,0.0925925925925925,0.16,0.0555555555555555,0.6470588235294118,1.0,0.6923076923076923,0.2962962962962963,0.8333333333333334,0.1428571428571428,0.76,0.2291666666666666,0.4444444444444444,0.1666666666666666,0.3333333333333333,0.1666666666666666,,0.6470588235294118,0.75,1.0,0.8,1.0,0.0465116279069767,107.5,0.875,12.32803738317757,14.45277777777778,12.089719626168224,13.978703703703705,0.2777777777777778,0.64,0.7619047619047619,0.5625,0.2,0.3333333333333333,0.3529411764705882,0.3333333333333333,0.1222222222222222,0.3636363636363636,0.3636363636363636,0.75,0.0888888888888888,0.625,0.625,1.0,0.3111111111111111,0.3571428571428571,0.3571428571428571,0.8,0.5555555555555556,0.2,,0.3333333333333333,0.3333333333333333,1.0,0.3846153846153846,0.4,0.0769230769230769,1.0,0.1538461538461538,0.5,0.6777777777777778,0.3571428571428571,0.5486455555555556,0.5942,0.5460692307692308,0.1020408163265306,0.1333333333333333,0.0526315789473684,0.0427350427350427,0.1709401709401709,7.45,25.477777777777774,0.1682242990654205,2025-10-24,22500096,WAS,1.0,1.0,1.0,1.0,1.0,5.0,1.0,1.0,3.0,0.1111111111111111,,,,,,,,,,,,,,2025-26,2026,Regular Season,1610612742,DAL
48:00,110,109,27,61,13,219,18,26,3.0,6.0,5.0,5.0,11,31,7.0,10.0,1.0,7,,2.0,12,27,1.0,3.0,5.0,8.0,36,67,13,34,18,129,4,10,1.0,4.0,,11,7.0,13.0,5.0,10.0,6.0,35.0,44,28,33,6.0,6.0,27,12,5.0,22,11,33,10,1.0,10,7,5.0,77,4,12,12,11,7.0,30,17,47,4.0,10,7,3.0,12,,8.0,4,,4.0,,16,1.0,1.0,17,28,,2.0,26,1.0,5.0,24,5.0,,13,,1,,1.0,1,,,,118,35.0,27,6.0,0.6111111111111112,0.6666666666666666,0.8461538461538461,0.3823529411764705,0.25,0.5,0.3823529411764705,0.5373134328358209,0.4,0.5384615384615384,0.5495049504950495,0.3928571428571428,0.6304347826086957,0.5818181818181818,0.3928571428571428,0.625,0.3366336633663366,0.0746268656716417,0.0384615384615384,0.1290322580645161,0.75,1.0,0.5789473684210527,0.4,0.75,0.2,0.6571428571428571,0.32,0.375,0.4,0.5,0.2857142857142857,,0.8333333333333334,0.2222222222222222,1.0,0.75,0.75,0.0930232558139534,109.49999999999984,,12.847272727272747,13.456880733944972,12.198181818181835,13.214678899082587,0.2574257425742574,0.6923076923076923,0.72,0.5555555555555556,0.3069306930693069,0.3548387096774194,0.4074074074074074,0.6363636363636364,0.099009900990099,0.7,0.7,0.7142857142857143,0.0693069306930693,0.1428571428571428,0.1666666666666666,1.0,0.2673267326732673,0.4444444444444444,0.4615384615384615,0.8333333333333334,0.4285714285714285,0.5,,0.2142857142857142,0.3333333333333333,1.0,0.217391304347826,1.0,0.0869565217391304,,0.3478260869565217,0.625,0.594059405940594,0.4444444444444444,0.542121,0.5525045454545454,0.5462454545454546,0.1192660550458715,0.1733333333333333,,0.0852713178294573,0.2713178294573643,6.591044776119404,25.01818181818182,0.2454545454545454,2025-10-26,22500111,TOR,1.0,,,,1.0,1.0,,,1.0,0.0714285714285714,2.0,1.0,0.0588235294117647,0.1428571428571428,0.037037037037037,0.25,,,,,,,,2025-26,2026,Regular Season,1610612742,DAL
48:00,97,98,15,37,11,195,22,27,1.0,1.0,4.0,4.0,13,28,1.0,5.0,1.0,7,,,5,23,,2.0,1.0,1.0,36,60,6,30,11,101,1,4,1.0,4.0,2.0,7,5.0,8.0,1.0,1.0,9.0,22.0,32,40,15,3.0,2.0,23,5,4.0,16,5,21,4,1.0,11,5,,47,8,5,25,19,4.0,48,13,61,1.0,5,2,3.0,6,2.0,5.0,7,,1.0,2.0,13,3.0,2.0,10,23,2.0,2.0,15,3.0,,13,1.0,,4,,4,1.0,3.0,5,3.0,,,94,22.0,15,2.0,0.4444444444444444,0.4571428571428571,0.8333333333333334,0.2,0.25,1.0,0.2,0.6,0.25,0.625,0.5,0.3125,0.7222222222222222,0.5260416666666666,0.3888888888888889,0.8461538461538461,0.3333333333333333,0.0666666666666666,,0.1428571428571428,0.4615384615384615,1.0,0.7037037037037037,0.2083333333333333,0.8928571428571429,0.3333333333333333,0.8,0.2708333333333333,0.2,0.2666666666666666,,0.3333333333333333,0.3333333333333333,0.4444444444444444,0.7,1.0,0.9047619047619048,0.8571428571428571,0.0227272727272727,97.5,0.6,14.857731958762889,14.681632653061223,14.186597938144333,14.23061224489796,0.3,0.8148148148148148,0.8148148148148148,0.5,0.3111111111111111,0.4642857142857143,0.5416666666666666,0.3846153846153846,0.0555555555555555,0.2,0.2,,0.0777777777777777,0.1428571428571428,0.1428571428571428,1.0,0.2555555555555555,0.217391304347826,0.217391304347826,0.8,0.125,1.0,,0.25,,,0.4444444444444444,1.0,,,0.1111111111111111,1.0,0.6333333333333333,0.217391304347826,0.5386888888888889,0.5713875,0.5426944444444444,0.043010752688172,0.0634920634920634,,0.0693069306930693,0.2178217821782178,5.895,25.006666666666668,0.1546391752577319,2025-10-27,22500119,OKC,2.0,1.0,,,,3.0,1.0,,3.0,0.25,,,,,,,1.0,1.0,0.5,1.0,,,,2025-26,2026,Regular Season,1610612742,DAL
48:00,104,105,31,42,19,209,14,26,6.0,11.0,3.0,10.0,7,26,3.0,9.0,1.0,6,,1.0,12,39,,4.0,1.0,6.0,24,61,13,45,18,105,9,16,,5.0,2.0,20,7.0,23.0,1.0,7.0,6.0,23.0,20,28,30,9.0,12.0,39,12,6.0,10,10,20,9,1.0,5,3,2.0,50,9,16,17,16,2.0,35,26,61,2.0,8,4,4.0,4,1.0,2.0,10,2.0,2.0,,14,3.0,8.0,15,29,3.0,2.0,22,1.0,2.0,28,3.0,1.0,11,2.0,7,4.0,3.0,7,5.0,,,85,22.0,30,5.0,0.4166666666666667,0.5555555555555556,0.7692307692307693,0.2888888888888888,,0.1428571428571428,0.2888888888888888,0.3934426229508196,0.5625,0.3043478260869565,0.410377358490566,0.4285714285714285,0.2833333333333333,0.4487179487179487,0.4545454545454545,0.3382352941176471,0.4245283018867924,0.0983606557377049,0.1538461538461538,0.0769230769230769,0.2857142857142857,1.0,0.6666666666666666,0.4444444444444444,0.8947368421052632,0.28125,0.7674418604651163,0.3676470588235294,0.5833333333333334,0.4210526315789473,0.2,0.2962962962962963,0.2,0.6,0.75,0.6666666666666666,0.8333333333333334,1.0,0.0327868852459016,104.5,0.7142857142857143,13.722115384615384,13.837142857142858,12.753846153846151,13.54,0.2452830188679245,0.5384615384615384,0.6363636363636364,0.3571428571428571,0.2452830188679245,0.2692307692307692,0.2916666666666667,0.4285714285714285,0.0849056603773584,0.3333333333333333,0.3333333333333333,0.6666666666666666,0.0566037735849056,0.1666666666666666,0.2,1.0,0.3679245283018867,0.3076923076923077,0.3076923076923077,0.75,0.5238095238095238,0.5454545454545454,,0.1904761904761904,,,0.3333333333333333,0.3,0.0333333333333333,,0.2,0.1666666666666666,0.6698113207547169,0.3076923076923077,0.5334306603773585,0.558409375,0.531835,0.1130434782608695,0.1594202898550724,0.0434782608695652,0.1904761904761904,0.219047619047619,6.70655737704918,25.582222222222224,0.2980769230769231,2025-10-29,22500133,IND,1.0,,1.0,,2.0,2.0,,,1.0,0.0476190476190476,1.0,1.0,0.0222222222222222,0.1666666666666666,,0.2,,,,,1.0,,,2025-26,2026,Regular Season,1610612742,DAL
48:00,101,102,41,35,13,203,26,36,6.0,9.0,8.0,12.0,10,28,,3.0,4.0,8,3.0,4.0,5,17,,1.0,1.0,5.0,36,67,9,25,23,122,6,10,,1.0,5.0,17,12.0,27.0,4.0,9.0,14.0,50.0,40,32,27,,12.0,17,5,3.0,20,9,29,5,4.0,15,5,,67,2,11,22,13,2.0,37,15,52,3.0,10,4,6.0,3,1.0,3.0,5,2.0,,,8,,6.0,13,22,2.0,,25,,,34,5.0,,15,1.0,4,1.0,3.0,4,3.0,,,105,50.0,41,2.0,0.5555555555555556,0.6666666666666666,1.0,0.36,,0.4444444444444444,0.36,0.5373134328358209,0.6,0.4444444444444444,0.5380434782608695,0.5454545454545454,0.5,0.5754716981132075,0.6071428571428571,0.5813953488372093,0.2717391304347826,0.044776119402985,0.0277777777777777,0.0714285714285714,0.375,1.0,0.7647058823529411,0.3548387096774194,0.7333333333333333,0.125,0.7446808510638298,0.2765957446808511,0.3,0.4444444444444444,,0.1666666666666666,,0.75,0.7,1.0,0.8125,0.6428571428571429,0.0681818181818181,101.5,0.75,14.217821782178218,14.15686274509804,13.92079207920792,13.58627450980392,0.391304347826087,0.7222222222222222,0.7428571428571429,0.5769230769230769,0.3043478260869565,0.3571428571428571,0.3846153846153846,0.5,0.0326086956521739,,,,0.0869565217391304,0.5,0.5,1.0,0.1847826086956521,0.2941176470588235,0.2941176470588235,1.0,0.8181818181818182,0.6666666666666666,,0.0909090909090909,,,0.3333333333333333,0.6666666666666666,0.1111111111111111,0.75,0.1388888888888889,0.2,0.6630434782608695,0.2941176470588235,0.5000010989010989,0.5588545454545455,0.4812828571428571,0.1553398058252427,0.1948051948051948,0.0384615384615384,0.1393442622950819,0.4098360655737705,5.056716417910448,25.579166666666666,0.4059405940594059,2025-11-01,22500147,DET,,1.0,,,,3.0,,,3.0,,,2.0,,,,0.2857142857142857,,,,,,,,2025-26,2026,Regular Season,1610612742,DAL
48:00,101,102,23,14,13,203,24,34,6.0,8.0,6.0,8.0,8,20,1.0,6.0,4.0,8,,2.0,4,23,,2.0,,7.0,33,60,8,31,20,110,7,12,1.0,3.0,1.0,18,6.0,9.0,,9.0,9.0,21.0,36,30,15,9.0,6.0,23,4,6.0,18,5,23,1,4.0,17,1,,51,8,9,21,16,3.0,40,19,59,,9,6,3.0,12,1.0,10.0,5,1.0,2.0,,17,2.0,4.0,10,17,2.0,2.0,25,3.0,2.0,30,3.0,,13,,6,3.0,3.0,7,4.0,,,92,20.0,22,,0.5454545454545454,0.6,0.625,0.2580645161290322,0.3333333333333333,,0.2580645161290322,0.55,0.5833333333333334,0.6666666666666666,0.4945054945054945,0.5666666666666667,0.3333333333333333,0.5240384615384616,0.5294117647058824,0.42,0.3406593406593406,0.1,0.088235294117647,0.1,0.7058823529411765,1.0,0.7272727272727273,0.3333333333333333,0.7777777777777778,0.3809523809523809,0.7551020408163265,0.3541666666666667,0.3,0.25,0.6,0.4705882352941176,,0.6666666666666666,0.6,1.0,0.75,0.8571428571428571,,101.5,0.5714285714285714,15.55841584158416,12.82941176470588,14.617821782178218,12.339215686274509,0.3736263736263736,0.7058823529411765,0.7741935483870968,0.7083333333333334,0.2197802197802197,0.4,0.4444444444444444,0.125,0.0659340659340659,0.1666666666666666,0.2,,0.0879120879120879,0.5,0.5,1.0,0.2527472527472527,0.1739130434782608,0.1739130434782608,0.25,0.5333333333333333,0.75,0.3333333333333333,0.1333333333333333,,,0.4444444444444444,0.75,0.1111111111111111,,0.3888888888888889,,0.7142857142857143,0.1739130434782608,0.5570898876404494,0.555425,0.607959375,0.1287128712871287,0.1857142857142857,,0.1636363636363636,0.1909090909090909,5.765,25.479310344827585,0.2277227722772277,2025-11-03,22500160,HOU,1.0,,,,1.0,3.0,1.0,,2.0,0.0666666666666666,,2.0,,,,0.3333333333333333,1.0,1.0,1.0,1.0,,0.1666666666666666,,2025-26,2026,Regular Season,1610612742,DAL
47:59,99,99,18,25,12,198,18,25,4.0,5.0,3.0,5.0,10,29,1.0,6.0,2.0,4,,,8,27,,3.0,1.0,4.0,29,60,10,31,13,101,5,8,,3.0,,10,5.0,11.0,1.0,4.0,3.0,16.0,24,34,18,12.0,8.0,27,8,6.0,12,6,18,4,2.0,10,1,1.0,42,5,9,18,22,2.0,42,14,56,3.0,10,6,4.0,11,2.0,6.0,5,,5.0,,16,2.0,3.0,12,18,1.0,,15,,2.0,16,2.0,,9,,3,,3.0,3,2.0,,,91,16.0,18,,0.4137931034482758,0.48,0.6,0.3225806451612903,,0.25,0.3225806451612903,0.4833333333333333,0.625,0.4545454545454545,0.4835164835164835,0.4545454545454545,0.4333333333333333,0.5153061224489796,0.4545454545454545,0.4705882352941176,0.3406593406593406,0.1,0.04,0.1379310344827586,0.6875,0.6666666666666666,0.7333333333333333,0.3103448275862069,0.782608695652174,0.25,0.7547169811320755,0.2857142857142857,0.5,0.2222222222222222,0.4,0.2777777777777778,,0.6666666666666666,0.7777777777777778,0.6666666666666666,0.7777777777777778,0.8,0.0714285714285714,99.00000000000006,0.6666666666666666,15.327272727272709,13.763636363636362,14.413131313131291,13.2030303030303,0.2747252747252747,0.72,0.75,0.5555555555555556,0.3186813186813186,0.3448275862068966,0.4,0.1,0.0659340659340659,0.1666666666666666,0.2,1.0,0.0439560439560439,0.5,0.5,1.0,0.2967032967032967,0.2962962962962963,0.3076923076923077,0.5,0.4545454545454545,0.8,,0.2727272727272727,,,0.3333333333333333,0.6,,,0.2666666666666666,0.25,0.6153846153846154,0.2962962962962963,0.5330697802197802,0.5776,0.48857,0.0918367346938775,0.1343283582089552,,0.099009900990099,0.1584158415841584,6.338333333333334,25.858064516129037,0.1818181818181818,2025-11-05,22500177,NOP,,,,,,,,,,,1.0,,0.032258064516129,,0.037037037037037,,,,,,,0.1666666666666666,,2025-26,2026,Regular Season,1610612742,DAL
48:00,100,99,28,27,10,199,9,18,1.0,2.0,3.0,8.0,15,23,4.0,9.0,2.0,4,,1.0,11,31,1.0,2.0,1.0,5.0,28,50,13,35,23,118,4,6,1.0,2.0,,11,6.0,13.0,1.0,6.0,3.0,18.0,30,26,36,3.0,2.0,31,11,5.0,15,12,27,10,2.0,5,8,2.0,66,4,4,23,11,2.0,36,10,46,1.0,8,5,3.0,7,3.0,7.0,8,,,,15,2.0,8.0,6,20,2.0,,20,,2.0,28,1.0,1.0,9,3.0,1,,1.0,1,1.0,1.0,,107,18.0,28,2.0,0.5357142857142857,0.5555555555555556,0.9230769230769232,0.3714285714285714,0.5,0.1666666666666666,0.3714285714285714,0.56,0.6666666666666666,0.4615384615384615,0.5588235294117647,0.6875,0.3947368421052631,0.6082474226804123,0.6875,0.4285714285714285,0.4117647058823529,0.1,0.1666666666666666,0.0869565217391304,0.4666666666666667,1.0,0.7333333333333333,0.1818181818181818,0.7931034482758621,0.2,0.7727272727272727,0.1904761904761904,0.1111111111111111,0.375,,0.2222222222222222,,1.0,0.7,,0.8333333333333334,0.7272727272727273,0.0277777777777777,99.5,1.0,15.121,13.817171717171718,14.618,13.275757575757575,0.2117647058823529,0.5,0.6,0.5555555555555556,0.2705882352941176,0.6521739130434783,0.7142857142857143,0.5333333333333333,0.1058823529411764,0.4444444444444444,0.4444444444444444,0.5,0.0470588235294117,0.5,0.5,1.0,0.3647058823529411,0.3548387096774194,0.3666666666666666,0.9090909090909092,0.25,0.5,,0.25,0.5,1.0,0.4210526315789473,0.375,0.0526315789473684,,0.2631578947368421,0.2,0.6235294117647059,0.3548387096774194,0.5349847058823529,0.48486,0.5232631578947369,0.1170212765957446,0.1551724137931034,0.0555555555555555,0.0932203389830508,0.1525423728813559,7.834,25.15714285714286,0.28,2025-11-07,22500034,MEM,,1.0,,,,2.0,,,1.0,,1.0,2.0,0.0285714285714285,,0.032258064516129,0.5,,,,,,,,2025-26,2026,Regular Season,1610612742,DAL
48:00,102,103,15,39,15,205,16,23,5.0,6.0,2.0,3.0,7,26,3.0,5.0,1.0,8,,,10,27,1.0,2.0,2.0,5.0,26,54,11,35,20,105,8,9,1.0,2.0,3.0,22,2.0,5.0,2.0,5.0,5.0,15.0,18,34,24,9.0,14.0,27,10,6.0,9,8,17,7,1.0,8,1,,42,5,10,12,21,3.0,36,15,51,4.0,7,3,4.0,15,1.0,9.0,3,1.0,6.0,,18,3.0,2.0,12,21,2.0,,17,1.0,,23,1.0,,9,1.0,7,2.0,5.0,7,6.0,1.0,,83,15.0,15,3.0,0.3461538461538461,0.4736842105263157,0.7272727272727273,0.3142857142857143,0.5,0.4,0.3142857142857143,0.4814814814814814,0.8888888888888888,0.4,0.4775280898876404,0.8636363636363636,0.5,0.5252525252525253,0.9166666666666666,0.5769230769230769,0.3932584269662921,0.1111111111111111,0.0434782608695652,0.1923076923076923,0.8333333333333334,0.75,0.6363636363636364,0.3703703703703703,0.7058823529411765,0.2083333333333333,0.66,0.2941176470588235,0.4285714285714285,0.3888888888888889,,0.1764705882352941,0.2857142857142857,0.375,0.6666666666666666,0.8571428571428571,0.7333333333333333,0.5,0.0888888888888888,102.5,0.8571428571428571,14.811764705882352,13.293203883495146,14.409803921568628,12.45631067961165,0.2584269662921348,0.6956521739130435,0.7272727272727273,0.5,0.2921348314606741,0.2692307692307692,0.3333333333333333,0.1428571428571428,0.0561797752808988,0.6,0.6,,0.0898876404494382,0.125,0.125,1.0,0.3033707865168539,0.3703703703703703,0.3703703703703703,0.7,0.5454545454545454,0.8333333333333334,,0.1818181818181818,0.5,1.0,0.3,0.6666666666666666,,,0.5,0.4,0.651685393258427,0.3703703703703703,0.5241151685393258,0.5274571428571428,0.506605,0.1020408163265306,0.1451612903225806,0.0277777777777777,0.2095238095238095,0.1428571428571428,5.9,25.77142857142857,0.1470588235294117,2025-11-08,22500183,WAS,,,,,1.0,1.0,,,1.0,,,,,,,,,,,,,,,2025-26,2026,Regular Season,1610612742,DAL
47:59,102,104,37,46,13,206,18,30,6.0,7.0,6.0,10.0,9,22,,3.0,5.0,9,2.0,4.0,9,27,,1.0,1.0,7.0,27,55,14,36,20,116,7,8,1.0,3.0,3.0,20,11.0,23.0,3.0,11.0,7.0,38.0,20,34,42,,6.0,27,9,8.0,10,14,24,9,5.0,6,4,,62,5,8,22,10,5.0,37,13,50,1.0,9,4,5.0,8,2.0,6.0,5,1.0,2.0,,13,1.0,5.0,19,26,,1.0,22,1.0,1.0,25,1.0,,11,,6,3.0,3.0,6,3.0,,,96,38.0,37,2.0,0.3703703703703703,0.4166666666666667,1.0,0.3888888888888889,0.3333333333333333,0.2727272727272727,0.3888888888888889,0.4909090909090909,0.875,0.4782608695652174,0.5274725274725275,0.7727272727272727,0.4558823529411764,0.5637254901960784,0.8333333333333334,0.4871794871794871,0.3956043956043956,0.1454545454545454,0.1666666666666666,0.1363636363636363,0.6153846153846154,0.8333333333333334,0.4545454545454545,0.2857142857142857,0.7586206896551724,0.2272727272727272,0.6274509803921569,0.26,0.25,0.3076923076923077,0.3333333333333333,0.1666666666666666,0.5,0.4,0.5,0.5,0.75,0.8,0.0238095238095238,103.00000000000006,0.5,14.526470588235297,13.445192307692288,14.036274509803922,12.841346153846134,0.3296703296703296,0.6,0.72,0.3333333333333333,0.2417582417582417,0.4090909090909091,0.4736842105263157,0.4444444444444444,0.0329670329670329,,,,0.0989010989010989,0.5555555555555556,0.5555555555555556,1.0,0.2967032967032967,0.3333333333333333,0.3333333333333333,1.0,0.6363636363636364,0.8571428571428571,,0.0909090909090909,,,0.2941176470588235,0.6,0.1176470588235294,0.5,0.2058823529411764,0.1428571428571428,0.7252747252747253,0.3333333333333333,0.5627686813186813,0.5719785714285714,0.5329132352941177,0.1089108910891089,0.1692307692307692,,0.1724137931034483,0.3275862068965517,5.096363636363637,24.916666666666668,0.3627450980392157,2025-11-10,22500203,MIL,2.0,1.0,,,1.0,1.0,,,1.0,0.1818181818181818,,,,,,,1.0,,0.5,1.0,,,,2025-26,2026,Regular Season,1610612742,DAL
48:00,104,106,18,45,12,210,16,24,4.0,7.0,3.0,4.0,12,30,2.0,6.0,3.0,10,1.0,3.0,11,26,,1.0,1.0,4.0,30,60,14,36,21,123,5,11,,1.0,,10,4.0,10.0,2.0,7.0,8.0,22.0,40,20,33,9.0,6.0,26,11,10.0,20,11,31,8,3.0,11,8,1.0,73,9,7,22,10,2.0,34,16,50,2.0,13,11,2.0,10,,5.0,2,,5.0,,12,2.0,1.0,7,20,1.0,,23,,2.0,26,2.0,,10,,2,1.0,1.0,3,2.0,,,113,20.0,17,2.0,0.6666666666666666,0.7407407407407407,0.7857142857142857,0.3888888888888889,,0.2857142857142857,0.3888888888888889,0.5,0.4545454545454545,0.4,0.53125,0.4166666666666667,0.4117647058823529,0.5694444444444444,0.3846153846153846,0.5,0.375,0.1666666666666666,0.125,0.2333333333333333,0.8333333333333334,1.0,0.7692307692307693,0.2333333333333333,0.7333333333333333,0.4090909090909091,0.7441860465116279,0.3076923076923077,0.125,0.3333333333333333,,0.4,0.4285714285714285,0.6,0.8571428571428571,1.0,0.6666666666666666,0.8,0.0476190476190476,105.0,0.6666666666666666,14.625,12.820754716981131,13.983653846153846,12.554716981132074,0.25,0.6666666666666666,0.7619047619047619,0.6875,0.3125,0.4,0.5217391304347826,0.6666666666666666,0.0625,0.3333333333333333,0.3333333333333333,0.5,0.1041666666666666,0.3,0.3,1.0,0.2708333333333333,0.4230769230769231,0.4230769230769231,0.7272727272727273,0.5833333333333334,0.5714285714285714,0.25,0.0833333333333333,,,0.2352941176470588,0.75,0.1764705882352941,0.3333333333333333,0.2352941176470588,0.25,0.625,0.4230769230769231,0.5330942105263158,0.4900285714285714,0.50415625,0.0961538461538461,0.1470588235294117,,0.08130081300813,0.1788617886178861,6.7,25.625714285714285,0.173076923076923,2025-11-12,22500221,PHX,,,,,,4.0,1.0,,2.0,,,,,,,,,1.0,,,,,,2025-26,2026,Regular Season,1610612742,DAL
58:00,122,123,37,31,8,245,20,27,2.0,2.0,4.0,6.0,10,20,2.0,6.0,3.0,12,3.0,5.0,10,31,,3.0,2.0,12.0,32,53,13,43,30,133,2,2,1.0,4.0,3.0,10,7.0,16.0,5.0,17.0,8.0,37.0,32,32,18,21.0,4.0,31,10,7.0,16,6,22,5,1.0,11,4,1.0,50,2,5,18,19,3.0,40,8,48,1.0,16,9,7.0,11,1.0,5.0,12,,6.0,,23,,7.0,16,32,4.0,3.0,25,2.0,,36,4.0,1.0,18,2.0,6,2.0,4.0,6,4.0,,,123,37.0,37,3.0,0.5,0.5333333333333333,0.4615384615384615,0.3023255813953488,0.25,0.2941176470588235,0.3023255813953488,0.6037735849056604,1.0,0.4375,0.5364583333333334,0.5833333333333334,0.4393939393939394,0.5990990990990991,0.625,0.5,0.4479166666666667,0.1320754716981132,0.1481481481481481,0.15,0.4782608695652174,1.0,0.6785714285714286,0.2631578947368421,0.6666666666666666,0.074074074074074,0.6727272727272727,0.1521739130434782,0.2857142857142857,0.3,,0.0526315789473684,0.125,0.3,0.8333333333333334,1.0,0.6818181818181818,0.6,0.0256410256410256,101.3793103448276,0.6666666666666666,14.824590163934426,13.588617886178865,14.30655737704918,13.23008130081301,0.28125,0.7407407407407407,0.8695652173913043,0.55,0.2083333333333333,0.5,0.5882352941176471,0.4,0.0625,0.3333333333333333,0.3333333333333333,0.5,0.125,0.25,0.25,0.3333333333333333,0.3229166666666667,0.3225806451612903,0.3225806451612903,0.5,0.3333333333333333,1.0,,0.5,,,0.1818181818181818,0.6666666666666666,0.1515151515151515,0.6,0.3636363636363636,0.1666666666666666,0.7291666666666666,0.3225806451612903,0.535268947368421,0.4988,0.4931375,0.1801801801801801,0.2686567164179104,0.0454545454545454,0.075187969924812,0.2781954887218045,5.590566037735849,24.95952380952381,0.3032786885245901,2025-11-14,22500046,LAC,1.0,3.0,1.0,,,,,,,0.1666666666666666,,1.0,,,,0.3333333333333333,1.0,,1.0,,,,,2025-26,2026,Regular Season,1610612742,DAL
53:00,110,111,24,48,22,221,24,36,7.0,11.0,5.0,7.0,6,22,2.0,8.0,3.0,11,,3.0,11,37,4.0,7.0,1.0,6.0,32,66,14,48,27,133,9,16,4.0,9.0,2.0,32,7.0,17.0,1.0,9.0,7.0,24.0,28,36,36,6.0,12.0,37,11,9.0,14,12,26,9,3.0,12,1,1.0,64,12,18,13,17,3.0,33,30,63,4.0,8,6,2.0,7,2.0,3.0,5,2.0,4.0,,12,2.0,3.0,17,32,1.0,,22,1.0,2.0,32,3.0,,16,1.0,5,3.0,2.0,5,2.0,,,101,24.0,24,3.0,0.4375,0.5384615384615384,0.8571428571428571,0.2916666666666667,0.4444444444444444,0.1111111111111111,0.2916666666666667,0.4848484848484848,0.5625,0.4117647058823529,0.4649122807017544,0.6,0.3269230769230769,0.51953125,0.6153846153846154,0.4,0.4210526315789473,0.1363636363636363,0.0833333333333333,0.2727272727272727,0.5833333333333334,1.0,0.6071428571428571,0.5294117647058824,0.65,0.3636363636363636,0.625,0.4477611940298507,0.5833333333333334,0.5625,0.3333333333333333,0.3076923076923077,0.5714285714285714,0.4444444444444444,0.6666666666666666,0.75,0.6428571428571429,0.6666666666666666,0.0689655172413793,100.0754716981132,0.4,14.587272727272726,14.192792792792794,13.31,13.48918918918919,0.3157894736842105,0.6666666666666666,0.7272727272727273,0.5,0.1929824561403508,0.2727272727272727,0.375,0.1666666666666666,0.0701754385964912,0.25,0.25,0.5,0.0964912280701754,0.2727272727272727,0.2727272727272727,1.0,0.3245614035087719,0.2972972972972973,0.2972972972972973,0.8181818181818182,0.44,0.6363636363636364,0.1428571428571428,0.28,0.5714285714285714,0.75,0.2692307692307692,0.7142857142857143,0.1153846153846153,,0.2307692307692307,0.1666666666666666,0.7368421052631579,0.2972972972972973,0.5460553097345133,0.5606441176470589,0.501306,0.1328125,0.2025316455696202,0.0204081632653061,0.2406015037593984,0.1804511278195488,5.181818181818182,25.087234042553188,0.2181818181818181,2025-11-16,22500238,POR,2.0,,,,,,,,,0.08,,,,,,,,,,,,,,2025-26,2026,Regular Season,1610612742,DAL
48:00,107,108,29,32,17,215,23,35,5.0,8.0,5.0,7.0,5,14,2.0,4.0,5.0,14,1.0,2.0,9,31,,4.0,4.0,9.0,30,53,14,45,18,120,5,9,,4.0,3.0,13,9.0,13.0,5.0,11.0,7.0,40.0,32,28,33,9.0,8.0,31,9,4.0,16,11,27,7,4.0,13,3,,65,10,8,18,23,5.0,46,19,65,3.0,16,11,5.0,7,7.0,5.0,10,1.0,2.0,,17,3.0,5.0,14,24,1.0,1.0,22,3.0,1.0,25,3.0,,12,,5,2.0,3.0,5,2.0,1.0,,107,40.0,29,4.0,0.5333333333333333,0.6153846153846154,0.7857142857142857,0.3111111111111111,,0.4545454545454545,0.3111111111111111,0.5660377358490566,0.5555555555555556,0.6923076923076923,0.5204081632653061,0.3846153846153846,0.6875,0.5504587155963303,0.4333333333333333,0.6896551724137931,0.4591836734693877,0.0754716981132075,0.0571428571428571,0.1428571428571428,0.4117647058823529,0.8333333333333334,0.7666666666666667,0.3478260869565217,0.8571428571428571,0.3333333333333333,0.803921568627451,0.3396226415094339,0.3333333333333333,0.4444444444444444,,0.2857142857142857,0.4444444444444444,0.6923076923076923,0.8333333333333334,0.8,0.8,1.0,0.0612244897959183,107.5,0.4,14.0607476635514,12.73611111111111,13.182242990654206,12.43611111111111,0.3571428571428571,0.6571428571428571,0.696969696969697,0.5652173913043478,0.1428571428571428,0.3571428571428571,0.4166666666666667,0.6,0.0408163265306122,0.5,0.5,,0.1428571428571428,0.3571428571428571,0.3571428571428571,0.8,0.3163265306122449,0.2903225806451613,0.2903225806451613,0.7777777777777778,0.6153846153846154,0.625,,0.3076923076923077,,,0.2916666666666667,0.7142857142857143,0.0833333333333333,0.5,0.375,0.4444444444444444,0.8163265306122449,0.2903225806451613,0.5900237113402063,0.5882875,0.5507195652173913,0.1121495327102803,0.1935483870967742,,0.1083333333333333,0.3333333333333333,4.415094339622642,24.56136363636364,0.2710280373831775,2025-11-17,22500246,MIN,,,,,,2.0,,,2.0,,,1.0,,,,0.3333333333333333,,,,,,,,2025-26,2026,Regular Season,1610612742,DAL
47:59,100,101,25,34,17,201,13,15,2.0,2.0,3.0,3.0,10,23,6.0,13.0,6.0,17,1.0,2.0,6,27,2.0,4.0,3.0,12.0,29,51,12,44,19,113,3,7,3.0,6.0,6.0,21,8.0,10.0,4.0,14.0,4.0,32.0,32,26,33,3.0,4.0,27,6,5.0,16,11,27,5,6.0,9,4,3.0,65,11,8,21,14,1.0,36,19,55,5.0,8,5,3.0,6,,4.0,3,1.0,2.0,,9,1.0,1.0,14,22,4.0,1.0,26,,4.0,35,5.0,,17,,10,5.0,4.0,10,8.0,,,92,31.0,23,3.0,0.5517241379310345,0.5925925925925926,0.9166666666666666,0.2727272727272727,0.5,0.2857142857142857,0.2727272727272727,0.5686274509803921,0.4285714285714285,0.8,0.4947368421052631,0.5769230769230769,0.5833333333333334,0.5136363636363637,0.65625,0.5517241379310345,0.4631578947368421,0.0980392156862745,0.1333333333333333,0.1304347826086956,0.6666666666666666,1.0,0.6363636363636364,0.3636363636363636,0.7777777777777778,0.3548387096774194,0.7142857142857143,0.3584905660377358,1.0,0.3076923076923077,0.2857142857142857,0.35,0.3636363636363636,0.4,0.8,1.0,0.6666666666666666,1.0,0.1041666666666666,100.50000000000006,0.8,14.39699999999998,14.26039603960396,13.80999999999998,13.65049504950495,0.1578947368421052,0.8666666666666667,1.0,0.6923076923076923,0.2421052631578947,0.4347826086956521,0.5,0.4,0.1368421052631579,0.4615384615384615,0.4615384615384615,0.5,0.1789473684210526,0.3529411764705882,0.3529411764705882,1.0,0.2842105263157894,0.2222222222222222,0.2222222222222222,0.8333333333333334,0.1538461538461538,1.0,,0.3076923076923077,0.5,1.0,0.125,1.0,0.0833333333333333,0.5,0.5,0.25,0.6210526315789474,0.2222222222222222,0.5299903225806452,0.4878071428571428,0.5405477272727273,0.1588785046728972,0.2698412698412698,,0.1858407079646017,0.2831858407079646,8.013725490196078,24.56904761904762,0.25,2025-11-19,22500262,NYK,2.0,1.0,,,,3.0,,,1.0,0.1538461538461538,,,,,,,1.0,,0.5,1.0,,,1.0,2025-26,2026,Regular Season,1610612742,DAL
48:00,104,104,11,14,12,208,18,27,2.0,3.0,2.0,2.0,14,28,3.0,9.0,2.0,7,,1.0,5,20,2.0,4.0,,3.0,35,64,7,27,24,115,4,6,2.0,5.0,1.0,15,2.0,5.0,,4.0,5.0,9.0,38,32,18,3.0,2.0,20,5,7.0,19,6,25,4,2.0,12,5,2.0,56,6,7,23,8,5.0,36,13,49,,15,8,7.0,9,3.0,7.0,4,,2.0,1.0,13,,1.0,9,19,1.0,,18,,1.0,31,4.0,,15,,2,1.0,1.0,4,3.0,,1.0,100,9.0,11,3.0,0.5428571428571428,0.5588235294117647,0.8571428571428571,0.2592592592592592,0.4,,0.2592592592592592,0.546875,0.6666666666666666,0.4,0.5,0.6363636363636364,0.2222222222222222,0.5485436893203883,0.625,0.3333333333333333,0.2967032967032967,0.109375,0.1481481481481481,0.1071428571428571,0.6923076923076923,1.0,0.4705882352941176,0.2413793103448276,0.8518518518518519,0.3,0.7045454545454546,0.2653061224489796,0.2222222222222222,0.1428571428571428,0.5,0.2666666666666666,0.4,0.5,0.25,0.6,0.9375,0.7272727272727273,,104.0,0.75,13.771153846153847,13.921153846153846,13.13846153846154,13.440384615384614,0.2967032967032967,0.6666666666666666,0.782608695652174,0.6666666666666666,0.3076923076923077,0.5,0.56,0.3571428571428571,0.0989010989010989,0.3333333333333333,0.3333333333333333,0.6666666666666666,0.0769230769230769,0.2857142857142857,0.2857142857142857,1.0,0.2197802197802197,0.25,0.2777777777777778,0.8,0.2727272727272727,0.6666666666666666,,0.3636363636363636,0.5,1.0,0.2222222222222222,1.0,0.1111111111111111,,0.3333333333333333,,0.5934065934065934,0.25,0.5242406593406593,0.47097,0.4608,0.1470588235294117,0.2,,0.1304347826086956,0.0782608695652174,6.4140625,25.75555555555556,0.1057692307692307,2025-11-21,22500052,NOP,1.0,,,,2.0,1.0,2.0,,1.0,0.0909090909090909,2.0,,0.074074074074074,,0.1,,,2.0,,,,,,2025-26,2026,Regular Season,1610612742,DAL
48:00,91,93,29,6,23,184,15,32,5.0,7.0,4.0,11.0,12,27,2.0,2.0,3.0,11,,4.0,5,20,,1.0,3.0,7.0,29,61,8,31,20,102,9,15,1.0,4.0,8.0,29,6.0,19.0,3.0,11.0,8.0,29.0,36,22,24,,8.0,20,5,9.0,18,8,26,5,3.0,8,9,1.0,60,12,12,21,19,1.0,41,25,66,1.0,5,3,2.0,4,2.0,3.0,9,,1.0,,13,2.0,4.0,8,18,1.0,4.0,21,2.0,1.0,24,2.0,,11,,5,5.0,,5,3.0,1.0,,73,26.0,27,,0.6206896551724138,0.72,1.0,0.2580645161290322,0.25,0.2727272727272727,0.2580645161290322,0.4754098360655737,0.6,0.3157894736842105,0.4456521739130434,0.5526315789473685,0.35,0.4951456310679611,0.6304347826086957,0.4142857142857143,0.3369565217391304,0.1475409836065573,0.21875,0.074074074074074,0.3076923076923077,1.0,0.6129032258064516,0.375,0.9130434782608696,0.5217391304347826,0.7407407407407407,0.4363636363636363,0.4117647058823529,0.3333333333333333,,0.6,0.375,0.4615384615384615,0.6923076923076923,0.8,0.9285714285714286,0.8888888888888888,0.0217391304347826,92.0,0.6,15.096703296703296,16.195698924731182,13.958241758241758,15.72258064516129,0.3478260869565217,0.46875,0.6,0.5333333333333333,0.2934782608695652,0.4444444444444444,0.48,0.75,0.0217391304347826,1.0,1.0,0.5,0.1195652173913043,0.2727272727272727,0.2727272727272727,1.0,0.217391304347826,0.25,0.25,1.0,0.3684210526315789,0.7142857142857143,0.2,0.0526315789473684,,,0.3666666666666666,0.3636363636363636,0.1333333333333333,,0.2333333333333333,0.4285714285714285,0.6847826086956522,0.25,0.5325032608695652,0.5272,0.5475516666666667,0.1089108910891089,0.1571428571428571,,0.284313725490196,0.284313725490196,5.591803278688525,24.806451612903224,0.3186813186813186,2025-11-22,22500273,MEM,3.0,,,,,2.0,,,,0.1578947368421052,,1.0,,,,0.5,1.0,,0.3333333333333333,1.0,,,,2025-26,2026,Regular Season,1610612742,DAL
48:00,100,102,25,17,12,202,14,27,2.0,8.0,5.0,8.0,19,33,4.0,7.0,2.0,8,,2.0,3,19,1.0,1.0,1.0,5.0,37,67,5,27,17,106,6,13,1.0,1.0,,15,10.0,17.0,1.0,7.0,3.0,26.0,34,40,15,,4.0,19,3,5.0,17,5,22,3,2.0,6,10,1.0,49,5,10,21,19,1.0,41,16,57,1.0,8,2,6.0,8,,5.0,6,1.0,3.0,,14,2.0,4.0,9,16,,1.0,19,1.0,3.0,24,3.0,,10,1.0,7,4.0,3.0,7,2.0,1.0,,91,24.0,24,1.0,0.4594594594594595,0.4857142857142857,1.0,0.1851851851851851,1.0,0.1428571428571428,0.1851851851851851,0.5522388059701493,0.4615384615384615,0.5882352941176471,0.4734042553191489,0.5357142857142857,0.4791666666666667,0.5048076923076923,0.5357142857142857,0.5,0.2872340425531915,0.0746268656716417,0.1481481481481481,0.0303030303030303,0.5714285714285714,0.5,0.6129032258064516,0.3333333333333333,0.7,0.238095238095238,0.6557377049180327,0.2941176470588235,0.3846153846153846,0.2142857142857142,0.6666666666666666,0.2666666666666666,0.1666666666666666,0.6363636363636364,0.5,1.0,0.72,0.6,0.0217391304347826,101.0,0.2857142857142857,13.582,14.919607843137255,13.001,13.90686274509804,0.2872340425531915,0.5185185185185185,0.6086956521739131,0.4285714285714285,0.351063829787234,0.5757575757575758,0.59375,0.5263157894736842,0.0744680851063829,0.5714285714285714,0.5714285714285714,0.25,0.0851063829787234,0.25,0.25,1.0,0.202127659574468,0.1578947368421052,0.1578947368421052,1.0,0.5714285714285714,0.25,0.5,0.0714285714285714,1.0,1.0,0.3333333333333333,0.625,0.0833333333333333,,0.2083333333333333,0.2,0.574468085106383,0.1578947368421052,0.540377659574468,0.51305,0.5206041666666666,0.1078431372549019,0.1351351351351351,0.0357142857142857,0.1415094339622641,0.2452830188679245,6.762686567164179,24.62222222222222,0.25,2025-11-24,22500286,MIA,,1.0,1.0,,1.0,2.0,,,,,,1.0,,,,0.25,,,,,1.0,,,2025-26,2026,Regular Season,1610612742,DAL
48:00,94,96,31,33,6,190,18,24,1.0,3.0,3.0,3.0,9,13,,4.0,7.0,12,3.0,5.0,11,23,,2.0,3.0,6.0,27,41,18,35,21,129,2,5,,2.0,,4,7.0,8.0,6.0,11.0,9.0,41.0,28,26,39,15.0,2.0,23,11,4.0,14,13,27,6,7.0,9,5,,67,3,6,14,15,3.0,32,9,41,,4,3,1.0,8,2.0,5.0,7,1.0,3.0,,15,1.0,8.0,10,20,2.0,1.0,23,,2.0,26,1.0,,11,1.0,4,1.0,2.0,4,2.0,,,125,41.0,31,,0.5185185185185185,0.5384615384615384,0.7222222222222222,0.5142857142857142,,0.5454545454545454,0.5142857142857142,0.6585365853658537,0.4,0.875,0.7105263157894737,0.2857142857142857,0.8421052631578947,0.7329545454545454,0.25,0.8541666666666666,0.4605263157894737,0.0975609756097561,0.125,0.0769230769230769,0.5333333333333333,1.0,0.5357142857142857,0.4285714285714285,0.7777777777777778,0.1764705882352941,0.6304347826086957,0.2903225806451613,0.6666666666666666,0.5,,0.25,,,0.7647058823529411,0.4,0.8,0.6666666666666666,,95.0,0.5,15.156382978723403,15.159375,14.56063829787234,14.947916666666666,0.3157894736842105,0.75,0.8571428571428571,0.5,0.1710526315789473,0.6923076923076923,0.75,0.5555555555555556,0.0526315789473684,,,,0.1578947368421052,0.5833333333333334,0.5833333333333334,1.0,0.3026315789473684,0.4782608695652174,0.4782608695652174,0.5454545454545454,0.4285714285714285,0.3333333333333333,,0.2857142857142857,,,0.1578947368421052,1.0,0.2631578947368421,0.6,0.3157894736842105,0.5,0.7763157894736842,0.4782608695652174,0.5377355263157895,0.48816,0.5180078947368422,0.1379310344827586,0.2156862745098039,0.0277777777777777,0.0310077519379844,0.3178294573643411,5.712195121951219,25.934285714285718,0.3297872340425531,2025-11-28,22500078,LAL,,1.0,,2.0,,1.0,,,1.0,,,,,,,,,,,,1.0,,1.0,2025-26,2026,Regular Season,1610612742,DAL
48:00,104,104,29,18,8,208,15,18,2.0,3.0,5.0,7.0,11,23,4.0,14.0,,4,,1.0,7,23,,2.0,1.0,7.0,30,55,7,27,29,110,2,4,,3.0,2.0,6,7.0,14.0,1.0,8.0,9.0,26.0,42,18,12,9.0,2.0,23,7,2.0,21,4,25,4,,13,5,3.0,54,5,5,25,17,2.0,44,10,54,2.0,5,1,4.0,15,1.0,9.0,3,1.0,6.0,,18,,6.0,11,21,2.0,1.0,19,3.0,,31,2.0,,10,3.0,5,2.0,3.0,6,3.0,,,104,26.0,29,3.0,0.7,0.7241379310344828,0.5714285714285714,0.2592592592592592,,0.125,0.2592592592592592,0.5454545454545454,0.5,0.5,0.4939024390243902,0.2857142857142857,0.3863636363636363,0.5789473684210527,0.375,0.5,0.3292682926829268,0.0363636363636363,,0.0869565217391304,0.8333333333333334,1.0,0.7727272727272727,0.2,0.8928571428571429,0.2631578947368421,0.84,0.2272727272727272,,0.3333333333333333,0.1,0.3333333333333333,,0.6666666666666666,0.75,1.0,0.8571428571428571,1.0,0.0476190476190476,104.0,0.5,13.653846153846152,14.038461538461538,13.317307692307692,13.567307692307692,0.2195121951219512,0.8333333333333334,0.8333333333333334,0.8666666666666667,0.2804878048780488,0.4782608695652174,0.5238095238095238,0.4545454545454545,0.1707317073170731,0.2857142857142857,0.2857142857142857,0.75,0.048780487804878,,,,0.2804878048780488,0.3043478260869565,0.3043478260869565,0.5714285714285714,0.4285714285714285,0.6666666666666666,0.5,0.2857142857142857,,,0.3181818181818182,0.7142857142857143,0.0454545454545454,,0.3181818181818182,0.1428571428571428,0.5487804878048781,0.3043478260869565,0.511789375,0.54665,0.5407880952380952,0.1397849462365591,0.1587301587301587,0.1,0.0545454545454545,0.2363636363636363,8.66,26.028,0.2788461538461538,2025-11-29,22500300,LAC,1.0,,,,,2.0,1.0,,2.0,0.1428571428571428,,,,,,,,1.0,,,,,,2025-26,2026,Regular Season,1610612742,DAL
48:00,101,101,20,15,10,202,23,37,3.0,8.0,4.0,6.0,7,16,5.0,9.0,5.0,12,,1.0,7,25,2.0,4.0,1.0,8.0,35,62,12,37,15,121,3,8,2.0,5.0,,12,5.0,8.0,1.0,9.0,6.0,19.0,58,12,24,12.0,4.0,25,7,4.0,29,8,37,3,5.0,20,5,4.0,82,3,10,13,21,3.0,37,13,50,3.0,5,3,2.0,4,1.0,4.0,4,1.0,,,8,,1.0,7,11,,,19,2.0,,18,3.0,,9,1.0,5,2.0,2.0,5,4.0,,1.0,109,19.0,20,,0.8285714285714286,0.8787878787878788,0.6666666666666666,0.3243243243243243,0.4,0.1111111111111111,0.3243243243243243,0.5645161290322581,0.375,0.625,0.5353535353535354,0.4615384615384615,0.3823529411764705,0.5707547169811321,0.4615384615384615,0.475,0.3737373737373737,0.064516129032258,0.054054054054054,0.125,0.5,1.0,0.7777777777777778,0.3846153846153846,0.9285714285714286,0.12,0.8292682926829268,0.2549019607843137,0.3571428571428571,0.5,0.25,0.1111111111111111,0.1428571428571428,0.6666666666666666,0.75,0.9,1.0,0.8,0.0638297872340425,101.0,0.8,13.635643564356435,14.879207920792078,13.252475247524751,14.609900990099009,0.3737373737373737,0.6216216216216216,0.6571428571428571,0.8695652173913043,0.1616161616161616,0.4375,0.5,0.7142857142857143,0.0909090909090909,0.5555555555555556,0.5555555555555556,0.8,0.1212121212121212,0.4166666666666667,0.4166666666666667,1.0,0.2525252525252525,0.28,0.28,0.4285714285714285,0.6153846153846154,0.375,0.3333333333333333,0.3076923076923077,0.5,0.5,0.3529411764705882,0.6666666666666666,0.0588235294117647,,0.4705882352941176,0.125,0.7474747474747475,0.28,0.5624262626262626,0.589795,0.5758529411764706,0.0943396226415094,0.1323529411764706,0.0263157894736842,0.0991735537190082,0.1570247933884297,5.738709677419355,24.79189189189189,0.198019801980198,2025-12-01,22500315,DEN,1.0,,1.0,,,,,,,0.0769230769230769,,,,,,,,,,,,,1.0,2025-26,2026,Regular Season,1610612742,DAL
48:00,100,100,4,9,17,200,18,29,6.0,9.0,,1.0,9,33,2.0,2.0,2.0,9,,,9,28,3.0,5.0,,,29,64,11,37,17,108,6,12,4.0,6.0,,24,,2.0,,,4.0,4.0,38,20,30,3.0,12.0,28,9,6.0,19,10,29,8,2.0,10,7,2.0,68,7,14,13,19,1.0,33,21,54,5.0,11,4,7.0,6,1.0,4.0,5,,2.0,,11,1.0,,7,13,1.0,,14,1.0,,18,2.0,,8,,5,4.0,1.0,5,1.0,1.0,,84,4.0,4,,0.6551724137931034,0.8260869565217391,0.9090909090909092,0.2972972972972973,0.6666666666666666,,0.2972972972972973,0.453125,0.5,,0.4504950495049505,0.6666666666666666,,0.4953703703703703,0.6666666666666666,0.5,0.3663366336633663,0.09375,0.1034482758620689,0.0909090909090909,0.5454545454545454,1.0,0.6551724137931034,0.4,0.8666666666666667,0.28,0.7272727272727273,0.35,0.3636363636363636,0.4166666666666667,,0.3333333333333333,0.1428571428571428,0.6363636363636364,0.5,0.875,0.8,1.0,0.0943396226415094,100.0,0.2,12.874,15.925999999999998,12.412,15.456,0.2871287128712871,0.6206896551724138,0.6923076923076923,0.5555555555555556,0.3267326732673267,0.2727272727272727,0.3,0.7777777777777778,0.0198019801980198,1.0,1.0,1.0,0.0891089108910891,0.2222222222222222,0.25,1.0,0.2772277227722772,0.3214285714285714,0.3214285714285714,0.8888888888888888,0.5,0.6666666666666666,,0.2777777777777778,0.6,0.6666666666666666,0.5,,,,,,0.6534653465346535,0.3214285714285714,0.5405989999999999,0.5530791666666667,0.34475,0.0747663551401869,0.1142857142857142,,0.2222222222222222,0.037037037037037,5.4703125,25.57027027027027,0.04,2025-12-03,22500332,MIA,1.0,1.0,1.0,,1.0,1.0,,,1.0,0.0555555555555555,1.0,,0.027027027027027,0.1111111111111111,,,1.0,,1.0,1.0,1.0,,,2025-26,2026,Regular Season,1610612742,DAL
48:00,96,99,10,31,7,195,23,30,3.0,6.0,2.0,2.0,8,18,4.0,6.0,6.0,14,1.0,1.0,6,16,,,,,35,54,12,30,26,132,3,6,1.0,1.0,,9,4.0,5.0,1.0,1.0,7.0,18.0,38,32,33,3.0,4.0,16,6,3.0,19,11,30,5,6.0,14,5,,71,2,5,18,16,4.0,38,7,45,1.0,5,5,,2,1.0,1.0,4,2.0,1.0,,6,,,6,21,,,17,,,28,2.0,,14,,3,2.0,1.0,3,1.0,,,123,18.0,10,4.0,0.5428571428571428,0.5757575757575758,0.9166666666666666,0.4,1.0,1.0,0.4,0.6481481481481481,0.5,0.8,0.6309523809523809,0.6428571428571429,0.9166666666666666,0.6804123711340206,0.6428571428571429,0.9,0.3571428571428571,0.0555555555555555,,0.1666666666666666,0.3333333333333333,1.0,0.6956521739130435,0.2631578947368421,0.8571428571428571,0.1111111111111111,0.7727272727272727,0.1891891891891892,0.1428571428571428,0.3,0.5,0.2,,0.25,0.9090909090909092,0.625,0.8571428571428571,0.8571428571428571,0.0294117647058823,97.49999999999994,0.3333333333333333,13.589583333333351,15.913131313131316,13.422916666666689,15.492929292929295,0.3571428571428571,0.7666666666666667,0.7666666666666667,0.6086956521739131,0.2142857142857142,0.4444444444444444,0.5333333333333333,0.625,0.0714285714285714,0.6666666666666666,0.6666666666666666,,0.1666666666666666,0.4285714285714285,0.4285714285714285,1.0,0.1904761904761904,0.375,0.375,0.8333333333333334,0.8571428571428571,0.5,0.3333333333333333,,,,0.3333333333333333,1.0,0.1666666666666666,1.0,,,0.7142857142857143,0.375,0.5682101190476191,0.65861,0.4947916666666667,0.1458333333333333,0.2121212121212121,,0.0681818181818181,0.1363636363636363,5.601851851851852,24.5,0.1041666666666666,2025-12-05,22500349,OKC,1.0,,,1.0,,1.0,,,1.0,0.1428571428571428,,,,,,,1.0,,1.0,1.0,,,,2025-26,2026,Regular Season,1610612742,DAL
48:00,92,94,10,25,15,186,13,20,6.0,8.0,1.0,2.0,16,31,5.0,7.0,1.0,10,,1.0,9,20,,,,1.0,34,58,10,30,11,109,8,14,,,1.0,17,4.0,6.0,,2.0,4.0,12.0,30,38,21,9.0,4.0,20,9,4.0,15,7,22,6,1.0,7,5,3.0,51,8,9,7,16,,23,18,41,2.0,8,3,5.0,13,1.0,8.0,7,,5.0,1.0,20,4.0,2.0,10,20,1.0,2.0,14,1.0,2.0,13,4.0,,7,1.0,6,3.0,3.0,6,3.0,,,92,12.0,10,1.0,0.4411764705882353,0.46875,0.7,0.3333333333333333,,,0.3333333333333333,0.5862068965517241,0.5714285714285714,0.6666666666666666,0.5568181818181818,0.5714285714285714,0.5,0.592391304347826,0.6071428571428571,0.6666666666666666,0.3409090909090909,0.0689655172413793,0.1,0.064516129032258,0.65,,0.7619047619047619,0.391304347826087,0.5833333333333334,0.4210526315789473,0.696969696969697,0.4047619047619047,0.3333333333333333,0.4,0.5,0.5,0.3333333333333333,0.6,0.8181818181818182,0.8,0.4285714285714285,0.8,0.0526315789473684,93.0,0.5,16.202173913043477,14.780851063829788,15.245652173913042,14.142553191489364,0.2272727272727272,0.65,0.7222222222222222,0.5384615384615384,0.3522727272727273,0.5161290322580645,0.5517241379310345,0.3125,0.0795454545454545,0.7142857142857143,0.7142857142857143,0.6,0.1136363636363636,0.1,0.1,1.0,0.2272727272727272,0.45,0.45,0.6666666666666666,0.5714285714285714,0.75,0.3333333333333333,,,,0.25,0.5,0.125,,0.125,,0.5681818181818182,0.45,0.5251454022988505,0.53798,0.5086,0.0869565217391304,0.1147540983606557,0.032258064516129,0.1559633027522936,0.110091743119266,7.470689655172414,24.81379310344828,0.108695652173913,2025-12-06,22500356,HOU,,1.0,,,,,,,,,,1.0,,,,1.0,,,,,,,,2025-26,2026,Regular Season,1610612742,DAL
48:00,102,102,19,23,8,204,15,23,1.0,3.0,2.0,3.0,7,21,,3.0,7.0,12,2.0,3.0,10,27,2.0,3.0,1.0,7.0,22,47,17,39,16,111,1,4,3.0,4.0,2.0,13,3.0,7.0,3.0,10.0,5.0,20.0,24,20,42,9.0,2.0,27,10,8.0,12,14,26,7,7.0,9,3,,66,6,4,13,20,2.0,35,10,45,1.0,8,6,2.0,10,1.0,9.0,7,,1.0,2.0,17,1.0,2.0,8,22,3.0,,20,1.0,1.0,19,,1.0,9,1.0,5,2.0,3.0,5,2.0,,3.0,98,20.0,19,3.0,0.5454545454545454,0.5714285714285714,0.8235294117647058,0.4358974358974359,0.75,0.3,0.4358974358974359,0.4680851063829787,0.25,0.4285714285714285,0.5523255813953488,0.6875,0.4411764705882353,0.5842105263157895,0.7222222222222222,0.5,0.4534883720930232,0.1702127659574468,0.1739130434782608,0.1904761904761904,0.5882352941176471,1.0,0.7142857142857143,0.16,0.65,0.2727272727272727,0.6875,0.2127659574468085,0.25,0.0714285714285714,0.3333333333333333,0.2941176470588235,0.2,0.6,0.8181818181818182,1.0,0.6666666666666666,0.6363636363636364,0.0256410256410256,102.0,0.4,13.984313725490196,14.250980392156862,13.540196078431372,13.82941176470588,0.2674418604651162,0.6521739130434783,0.7894736842105263,0.6,0.2441860465116279,0.3333333333333333,0.4117647058823529,0.4285714285714285,0.0348837209302325,,,,0.1395348837209302,0.5833333333333334,0.5833333333333334,1.0,0.313953488372093,0.3703703703703703,0.3703703703703703,0.7,0.375,0.3333333333333333,,0.375,0.6666666666666666,,0.1764705882352941,0.6666666666666666,0.1764705882352941,0.6666666666666666,0.4117647058823529,0.1428571428571428,0.7209302325581395,0.3703703703703703,0.5281511627906976,0.5443625,0.4880147058823529,0.1052631578947368,0.1607142857142857,0.0256410256410256,0.1171171171171171,0.1801801801801801,5.408510638297872,25.20769230769231,0.1862745098039215,2025-12-12,22501214,BKN,1.0,1.0,2.0,,,,,,,0.125,,,,,,,1.0,,1.0,1.0,,,,2025-26,2026,Regular Season,1610612742,DAL
52:59,114,116,42,38,8,230,21,25,4.0,4.0,5.0,7.0,13,30,3.0,6.0,6.0,10,3.0,4.0,7,26,,1.0,2.0,6.0,37,61,13,36,27,140,5,6,,1.0,,10,14.0,25.0,5.0,10.0,11.0,54.0,42,32,36,3.0,8.0,26,7,5.0,21,12,33,6,6.0,11,9,1.0,78,4,4,12,23,5.0,40,9,49,1.0,8,3,5.0,6,3.0,3.0,7,1.0,3.0,1.0,13,2.0,4.0,16,32,2.0,1.0,26,,3.0,33,6.0,1.0,14,2.0,4,1.0,3.0,4,2.0,,,130,54.0,42,5.0,0.5675675675675675,0.6363636363636364,0.9230769230769232,0.3611111111111111,,0.5,0.3611111111111111,0.6065573770491803,0.8333333333333334,0.56,0.5824742268041238,0.7142857142857143,0.6142857142857143,0.6376146788990825,0.7142857142857143,0.6923076923076923,0.3711340206185567,0.081967213114754,0.12,0.0666666666666666,0.4615384615384615,0.625,0.71875,0.1666666666666666,0.6666666666666666,0.1739130434782608,0.7,0.1702127659574468,0.25,0.1764705882352941,,0.1578947368421052,0.25,1.0,0.4666666666666667,0.8333333333333334,0.6666666666666666,0.6666666666666666,0.024390243902439,104.15094339622648,0.5,13.413157894736823,14.23189655172414,13.192982456140337,13.400862068965518,0.2577319587628865,0.84,0.9545454545454546,0.5238095238095238,0.3092783505154639,0.4333333333333333,0.4642857142857143,0.6923076923076923,0.0618556701030927,0.5,0.5,0.3333333333333333,0.1030927835051546,0.6,0.6,1.0,0.268041237113402,0.2692307692307692,0.28,0.8571428571428571,0.5714285714285714,1.0,,0.1428571428571428,,,0.2,0.7142857142857143,0.1142857142857142,0.75,0.1714285714285714,0.3333333333333333,0.6288659793814433,0.2692307692307692,0.5340716494845361,0.56796,0.51313,0.1509433962264151,0.2028985507246377,0.054054054054054,0.0714285714285714,0.3857142857142857,6.952459016393443,25.547222222222224,0.3684210526315789,2025-12-15,22501224,UTA,,,,,1.0,3.0,,,3.0,,1.0,1.0,0.0277777777777777,,0.0384615384615384,0.2,,,,,,,,2025-26,2026,Regular Season,1610612742,DAL
52:59,110,110,26,30,27,220,29,53,9.0,18.0,4.0,10.0,9,27,3.0,9.0,2.0,11,,3.0,4,22,1.0,4.0,1.0,4.0,41,89,6,33,14,114,11,20,2.0,6.0,2.0,30,7.0,19.0,1.0,7.0,5.0,22.0,42,40,15,3.0,12.0,22,4,13.0,21,5,26,3,2.0,15,5,1.0,57,5,26,18,17,3.0,38,32,70,4.0,11,4,7.0,4,1.0,3.0,8,1.0,1.0,2.0,12,4.0,3.0,13,27,,,21,1.0,2.0,20,3.0,,8,,4,2.0,2.0,4,3.0,,,84,22.0,26,4.0,0.5121951219512195,0.6,0.8333333333333334,0.1818181818181818,0.3333333333333333,0.1428571428571428,0.1818181818181818,0.4606741573033708,0.55,0.3684210526315789,0.4098360655737705,0.5384615384615384,0.3269230769230769,0.4346153846153846,0.5357142857142857,0.3666666666666666,0.2704918032786885,0.146067415730337,0.1698113207547169,0.1111111111111111,0.3333333333333333,1.0,0.6538461538461539,0.5531914893617021,0.8571428571428571,0.1851851851851851,0.7446808510638298,0.4189189189189189,0.5416666666666666,0.6111111111111112,0.4,0.1111111111111111,0.3333333333333333,0.5,0.6153846153846154,1.0,0.8823529411764706,0.75,0.0677966101694915,99.62264150943402,0.75,13.915454545454526,14.993636363636364,12.9881818181818,14.522727272727272,0.4344262295081967,0.5471698113207547,0.6590909090909091,0.5172413793103449,0.221311475409836,0.3333333333333333,0.375,0.5555555555555556,0.0737704918032786,0.3333333333333333,0.375,0.3333333333333333,0.0901639344262295,0.1818181818181818,0.2,1.0,0.180327868852459,0.1818181818181818,0.1904761904761904,0.75,0.6923076923076923,0.5,0.2222222222222222,0.1538461538461538,0.25,1.0,0.3846153846153846,0.4,0.1153846153846153,,0.1538461538461538,0.25,0.7049180327868853,0.1818181818181818,0.5643790983606557,0.5902363636363637,0.5251788461538461,0.0629921259842519,0.0851063829787234,,0.2631578947368421,0.1929824561403508,4.949438202247191,24.918181818181814,0.2363636363636363,2025-12-18,22500376,DET,2.0,,2.0,,1.0,3.0,,,3.0,0.0769230769230769,2.0,1.0,0.0606060606060606,0.0909090909090909,0.0454545454545454,1.0,1.0,,0.5,1.0,,0.1111111111111111,,2025-26,2026,Regular Season,1610612742,DAL
48:00,102,104,19,12,18,206,24,42,5.0,11.0,3.0,7.0,7,17,1.0,3.0,1.0,7,,1.0,11,33,1.0,3.0,3.0,7.0,32,62,12,40,21,121,6,12,1.0,4.0,4.0,19,6.0,13.0,3.0,8.0,9.0,30.0,32,32,33,3.0,6.0,33,11,7.0,16,11,27,10,1.0,12,4,,65,9,13,13,16,,29,22,51,1.0,11,7,4.0,5,1.0,3.0,5,,2.0,,10,3.0,1.0,10,13,,,22,1.0,,28,5.0,1.0,15,1.0,2,2.0,,2,1.0,,,102,28.0,18,1.0,0.5,0.5517241379310345,0.9166666666666666,0.3,0.25,0.375,0.3,0.5161290322580645,0.5,0.4615384615384615,0.4901960784313725,0.46875,0.5,0.5353982300884956,0.475,0.6,0.392156862745098,0.1129032258064516,0.119047619047619,0.1176470588235294,0.5,,0.6956521739130435,0.4482758620689655,0.8666666666666667,0.3214285714285714,0.7631578947368421,0.3859649122807017,0.4705882352941176,0.5,,0.3181818181818182,0.3333333333333333,0.6666666666666666,0.8571428571428571,0.5714285714285714,1.0,0.3333333333333333,0.0196078431372549,103.0,0.5,15.472549019607843,12.517307692307693,14.800980392156864,12.171153846153846,0.4117647058823529,0.5714285714285714,0.6486486486486487,0.5,0.1666666666666666,0.4117647058823529,0.4666666666666667,0.5714285714285714,0.0294117647058823,0.3333333333333333,0.3333333333333333,,0.0686274509803921,0.1428571428571428,0.1428571428571428,1.0,0.3235294117647059,0.3333333333333333,0.3333333333333333,0.9090909090909092,0.6875,0.4545454545454545,0.4,0.1875,0.3333333333333333,1.0,0.3333333333333333,0.4285714285714285,0.0476190476190476,,0.3333333333333333,0.4285714285714285,0.803921568627451,0.3333333333333333,0.5731019607843137,0.6362599999999999,0.5667428571428571,0.1428571428571428,0.2083333333333333,0.025,0.1570247933884297,0.2479338842975206,4.316129032258065,26.110000000000003,0.1862745098039215,2025-12-20,22500387,PHI,1.0,2.0,,2.0,,1.0,,,,0.0625,,,,,,,,,,,,,,2025-26,2026,Regular Season,1610612742,DAL
47:59,106,109,26,26,14,215,27,44,7.0,10.0,9.0,11.0,9,19,,,4.0,9,,1.0,4,26,1.0,1.0,,5.0,36,63,8,35,23,119,7,10,2.0,2.0,3.0,23,12.0,19.0,,6.0,8.0,32.0,42,30,21,3.0,4.0,26,4,5.0,21,7,28,4,3.0,15,6,,63,7,8,15,19,3.0,37,15,52,2.0,9,5,4.0,9,2.0,3.0,4,,6.0,,13,1.0,1.0,11,16,2.0,1.0,19,2.0,,27,2.0,,13,,2,1.0,1.0,2,,,,96,32.0,26,,0.5833333333333334,0.6176470588235294,0.875,0.2285714285714285,1.0,,0.2285714285714285,0.5714285714285714,0.7,0.631578947368421,0.4897959183673469,0.8333333333333334,0.48,0.5363636363636364,0.8214285714285714,0.5517241379310345,0.3571428571428571,0.0793650793650793,0.0909090909090909,0.0526315789473684,0.6923076923076923,1.0,0.5588235294117647,0.3076923076923077,0.6818181818181818,0.2692307692307692,0.6071428571428571,0.2884615384615384,0.375,0.2,,0.238095238095238,0.4,0.6153846153846154,0.5,0.6,0.625,0.8333333333333334,0.0416666666666666,107.50000000000006,,13.873584905660376,12.93027522935778,13.29811320754717,11.932110091743102,0.4489795918367347,0.6136363636363636,0.675,0.5555555555555556,0.1938775510204081,0.4736842105263157,0.5,0.6666666666666666,,,,,0.0918367346938775,0.4444444444444444,0.4444444444444444,0.75,0.2653061224489796,0.1538461538461538,0.1538461538461538,1.0,0.8333333333333334,0.7,0.4285714285714285,0.0833333333333333,1.0,1.0,0.44,0.8181818181818182,0.04,,0.2,,0.8061224489795918,0.1538461538461538,0.5694654639175257,0.50186,0.5172604166666667,0.1192660550458715,0.1756756756756756,,0.1932773109243697,0.2689075630252101,3.774603174603175,25.22647058823529,0.2452830188679245,2025-12-22,22500404,NOP,1.0,,,2.0,1.0,1.0,,,1.0,0.0833333333333333,,,,,,,1.0,,1.0,,,,,2025-26,2026,Regular Season,1610612742,DAL
48:00,98,98,8,20,8,196,19,26,3.0,5.0,1.0,1.0,8,14,3.0,6.0,4.0,13,,2.0,16,28,,,3.0,5.0,30,46,20,41,10,130,4,6,,,2.0,10,2.0,3.0,3.0,7.0,,13.0,42,18,54,6.0,6.0,28,16,2.0,21,18,39,14,4.0,13,6,2.0,96,4,4,12,15,1.0,28,8,36,,8,5,3.0,9,3.0,7.0,6,1.0,2.0,,15,,,9,16,,1.0,12,,,10,,,4,,1,1.0,,1,1.0,,,120,13.0,8,,0.7,0.7777777777777778,0.9,0.4878048780487805,,0.4285714285714285,0.4878048780487805,0.6521739130434783,0.6666666666666666,0.6666666666666666,0.6896551724137931,0.6666666666666666,0.65,0.7065217391304348,0.7142857142857143,0.65,0.4712643678160919,0.0434782608695652,0.0769230769230769,,0.6,1.0,0.625,0.25,0.7058823529411765,0.2105263157894736,0.6585365853658537,0.2285714285714285,0.1428571428571428,0.1666666666666666,0.6666666666666666,0.3636363636363636,,0.5714285714285714,0.5,0.8571428571428571,0.6666666666666666,0.75,,98.0,1.0,14.068367346938777,15.31938775510204,13.7765306122449,15.06326530612245,0.2988505747126437,0.7307692307692307,0.7916666666666666,0.6842105263157895,0.160919540229885,0.5714285714285714,0.5714285714285714,0.75,0.0689655172413793,0.5,0.5,0.6666666666666666,0.1494252873563218,0.3076923076923077,0.3076923076923077,1.0,0.3218390804597701,0.5714285714285714,0.5714285714285714,0.875,0.8333333333333334,0.6,0.3333333333333333,,,,0.1,1.0,0.2,,0.5,0.6,0.7701149425287356,0.5714285714285714,0.5614275862068966,0.572975,0.48671,0.0439560439560439,0.08,,0.0769230769230769,0.1,6.017391304347826,24.68536585365854,0.0816326530612244,2025-12-23,22500415,DEN,,,1.0,,,1.0,,,,,,,,,,,,,,,,,,2025-26,2026,Regular Season,1610612742,DAL
48:00,105,107,21,42,15,212,21,27,3.0,5.0,4.0,6.0,8,19,1.0,3.0,4.0,14,1.0,2.0,10,36,1.0,3.0,6.0,8.0,30,49,14,50,24,126,4,7,2.0,4.0,10.0,24,6.0,12.0,7.0,10.0,5.0,38.0,42,18,36,6.0,6.0,36,10,5.0,21,12,33,8,4.0,17,4,,78,10,7,10,24,4.0,38,17,55,1.0,9,7,2.0,5,1.0,5.0,6,,,1.0,11,1.0,1.0,10,22,2.0,2.0,16,,,26,1.0,,10,1.0,4,1.0,2.0,4,3.0,1.0,,102,38.0,21,1.0,0.7,0.7777777777777778,0.8571428571428571,0.28,0.5,0.7,0.28,0.6122448979591837,0.5714285714285714,0.5,0.5151515151515151,0.6363636363636364,0.75,0.5675675675675675,0.75,0.76,0.5050505050505051,0.1020408163265306,0.074074074074074,0.1578947368421052,0.4545454545454545,1.0,0.8,0.3684210526315789,0.9090909090909092,0.2777777777777778,0.8292682926829268,0.3090909090909091,0.1666666666666666,0.5454545454545454,,0.2307692307692307,0.4,1.0,0.7727272727272727,0.8333333333333334,0.9,1.0,0.02,106.0,0.75,14.893333333333333,12.300934579439252,14.299047619047618,12.214953271028037,0.2727272727272727,0.7777777777777778,0.84,0.8095238095238095,0.1919191919191919,0.4210526315789473,0.5,0.5,0.0303030303030303,0.3333333333333333,0.3333333333333333,,0.1414141414141414,0.2857142857142857,0.2857142857142857,1.0,0.3636363636363636,0.2777777777777778,0.2777777777777778,0.8,0.4545454545454545,0.6,,0.2727272727272727,0.3333333333333333,1.0,0.2727272727272727,0.6666666666666666,0.0909090909090909,0.5,0.3636363636363636,0.75,0.7777777777777778,0.2777777777777778,0.543240909090909,0.5477833333333334,0.5326704545454546,0.1009174311926605,0.1724137931034483,0.0196078431372549,0.1904761904761904,0.3015873015873015,4.981632653061224,25.676,0.2,2025-12-25,22500011,GSW,1.0,,1.0,,,2.0,,,2.0,0.0909090909090909,,,,,,,1.0,,1.0,1.0,,,1.0,2025-26,2026,Regular Season,1610612742,DAL
48:00,102,102,2,9,14,204,14,26,4.0,9.0,,,11,28,3.0,12.0,2.0,5,,,15,34,1.0,3.0,,,28,66,17,39,6,113,4,13,1.0,3.0,,11,,,,,2.0,2.0,32,24,48,3.0,4.0,34,15,7.0,16,16,32,14,2.0,9,7,,80,4,14,10,22,4.0,36,18,54,3.0,16,9,7.0,6,,3.0,5,,3.0,2.0,11,1.0,1.0,11,15,,1.0,11,,1.0,8,2.0,,4,,6,3.0,2.0,7,3.0,,,102,,1,,0.5714285714285714,0.6153846153846154,0.9411764705882352,0.4358974358974359,0.3333333333333333,,0.4358974358974359,0.4242424242424242,0.3076923076923077,,0.5095238095238095,0.34375,,0.5231481481481481,0.34375,1.0,0.3714285714285714,0.106060606060606,0.0769230769230769,0.1785714285714285,0.5454545454545454,1.0,0.6875,0.3684210526315789,0.7142857142857143,0.1818181818181818,0.6956521739130435,0.3,0.5,0.3529411764705882,0.2222222222222222,0.2105263157894736,,0.6666666666666666,0.6666666666666666,0.75,0.7777777777777778,0.6,0.0576923076923076,102.0,0.4285714285714285,14.803921568627452,13.431372549019608,14.05,12.707843137254905,0.2476190476190476,0.5384615384615384,0.5833333333333334,0.6428571428571429,0.2666666666666666,0.3928571428571428,0.4782608695652174,0.6363636363636364,0.1142857142857142,0.25,0.25,,0.0476190476190476,0.4,0.4,1.0,0.3238095238095238,0.4411764705882353,0.4545454545454545,0.9333333333333332,0.5625,0.4444444444444444,0.5,0.1875,0.3333333333333333,1.0,,,,,,,0.6190476190476191,0.4411764705882353,0.536389423076923,0.5359576923076923,,0.0373831775700934,0.0588235294117647,,0.0973451327433628,0.0176991150442477,7.462121212121212,25.360526315789475,0.0196078431372549,2025-12-27,22500432,SAC,,1.0,,1.0,,1.0,1.0,,,,1.0,,0.0256410256410256,,0.0294117647058823,,,1.0,,,,,1.0,2025-26,2026,Regular Season,1610612742,DAL
48:00,102,102,18,36,18,204,22,36,7.0,8.0,5.0,7.0,4,8,4.0,12.0,3.0,10,,2.0,13,32,3.0,6.0,2.0,6.0,30,56,16,42,17,125,8,12,3.0,7.0,1.0,26,5.0,10.0,2.0,8.0,4.0,20.0,28,32,39,9.0,10.0,32,13,6.0,14,13,27,10,3.0,12,1,1.0,67,10,12,16,17,1.0,34,22,56,2.0,3,2,1.0,6,2.0,5.0,10,1.0,1.0,,16,1.0,3.0,12,24,2.0,2.0,19,1.0,4.0,22,2.0,,11,,3,3.0,,3,3.0,,,99,18.0,17,1.0,0.4666666666666667,0.56,0.8125,0.3809523809523809,0.4285714285714285,0.25,0.3809523809523809,0.5357142857142857,0.6666666666666666,0.5,0.5510204081632653,0.6578947368421053,0.4444444444444444,0.5787037037037037,0.65,0.5,0.4285714285714285,0.1071428571428571,0.1111111111111111,0.25,0.375,1.0,0.7083333333333334,0.4615384615384615,0.7619047619047619,0.3846153846153846,0.7333333333333333,0.4230769230769231,0.6428571428571429,0.75,,0.4210526315789473,0.2857142857142857,0.75,0.75,0.5,0.9,0.6363636363636364,0.0444444444444444,102.0,1.0,14.84313725490196,13.392156862745098,13.948039215686276,12.929411764705884,0.3673469387755102,0.6111111111111112,0.6875,0.5454545454545454,0.0816326530612244,0.5,0.6666666666666666,0.25,0.1224489795918367,0.3333333333333333,0.3333333333333333,0.25,0.1020408163265306,0.3,0.3333333333333333,1.0,0.3265306122448979,0.40625,0.40625,0.7692307692307693,0.4210526315789473,0.875,0.4285714285714285,0.3157894736842105,0.5,1.0,0.3888888888888889,0.7142857142857143,0.1111111111111111,,0.3333333333333333,0.3333333333333333,0.7959183673469388,0.40625,0.5729742268041237,0.5505615384615384,0.5852916666666667,0.102803738317757,0.1692307692307692,,0.208,0.16,5.910714285714286,25.49512195121951,0.1764705882352941,2025-12-29,22500457,POR,1.0,1.0,1.0,,,1.0,,,,0.0526315789473684,1.0,,0.0238095238095238,0.1,,,,,,,,,,2025-26,2026,Regular Season,1610612742,DAL
48:00,101,101,16,16,7,202,20,27,1.0,1.0,3.0,4.0,9,18,6.0,9.0,4.0,13,1.0,1.0,9,23,,3.0,1.0,4.0,35,54,13,36,14,123,3,3,,3.0,4.0,10,6.0,9.0,2.0,5.0,8.0,26.0,22,48,33,6.0,6.0,23,9,1.0,11,11,22,7,4.0,9,1,1.0,55,4,4,15,20,2.0,37,8,45,3.0,10,5,5.0,8,1.0,4.0,4,,4.0,,12,,1.0,9,19,3.0,1.0,12,2.0,,16,2.0,,8,,7,4.0,3.0,7,4.0,1.0,,113,26.0,16,2.0,0.3142857142857143,0.34375,0.8461538461538461,0.3611111111111111,,0.4,0.3611111111111111,0.6481481481481481,1.0,0.6666666666666666,0.6055555555555555,0.5,0.6428571428571429,0.634020618556701,0.625,0.7222222222222222,0.4,0.0185185185185185,,0.0555555555555555,0.6666666666666666,1.0,0.6666666666666666,0.2105263157894736,0.7142857142857143,0.1739130434782608,0.6862745098039216,0.1904761904761904,0.2857142857142857,0.2222222222222222,,0.2142857142857142,0.1111111111111111,0.6666666666666666,0.6,0.75,0.7272727272727273,0.7,0.073170731707317,101.0,0.5714285714285714,14.343564356435644,14.171287128712873,14.016831683168316,13.549504950495049,0.3,0.7407407407407407,0.7407407407407407,0.45,0.2,0.5,0.5294117647058824,0.1111111111111111,0.1,0.6666666666666666,0.6666666666666666,0.1666666666666666,0.1444444444444444,0.3076923076923077,0.3076923076923077,1.0,0.2555555555555555,0.391304347826087,0.391304347826087,0.7777777777777778,0.1666666666666666,1.0,,0.5,,,0.2857142857142857,0.75,0.0714285714285714,1.0,0.2857142857142857,0.25,0.7,0.391304347826087,0.5487844444444444,0.5309625,0.5548535714285714,0.0833333333333333,0.1333333333333333,,0.08130081300813,0.2113821138211382,6.653703703703704,25.022222222222226,0.1584158415841584,2026-01-01,22500473,PHI,,1.0,,,,1.0,,,1.0,,,,,,,,,,,,,,,2025-26,2026,Regular Season,1610612742,DAL
48:00,101,101,21,18,13,202,18,33,4.0,10.0,4.0,6.0,9,24,4.0,8.0,3.0,13,,1.0,7,28,1.0,5.0,3.0,7.0,31,65,10,41,12,104,5,13,1.0,6.0,2.0,15,5.0,10.0,3.0,8.0,,19.0,32,30,24,6.0,8.0,28,7,10.0,16,8,24,5,3.0,9,4,3.0,56,12,8,12,21,4.0,37,20,57,1.0,13,10,3.0,6,1.0,5.0,3,1.0,1.0,,9,,4.0,10,17,,1.0,15,3.0,,15,1.0,,6,,7,4.0,2.0,7,6.0,,,89,19.0,21,1.0,0.5161290322580645,0.5925925925925926,0.8,0.2439024390243902,0.1666666666666666,0.375,0.2439024390243902,0.4769230769230769,0.3846153846153846,0.5,0.4339622641509434,0.3421052631578947,0.5277777777777778,0.4601769911504424,0.375,0.5,0.3867924528301887,0.1538461538461538,0.2424242424242424,0.0833333333333333,0.6666666666666666,1.0,0.9130434782608696,0.2352941176470588,0.8,0.3870967741935484,0.868421052631579,0.3076923076923077,0.4,0.1333333333333333,,0.4285714285714285,0.3,1.0,0.7777777777777778,1.0,0.7857142857142857,1.0,0.0181818181818181,101.0,0.8571428571428571,15.573267326732674,12.94158415841584,14.52772277227723,12.86930693069307,0.3113207547169811,0.5454545454545454,0.72,0.5,0.2264150943396226,0.375,0.4090909090909091,0.4444444444444444,0.0754716981132075,0.5,0.5,0.75,0.1226415094339622,0.2307692307692307,0.2307692307692307,1.0,0.2641509433962264,0.25,0.25,0.7142857142857143,0.5263157894736842,0.4,,0.2631578947368421,0.2,1.0,0.3333333333333333,0.6666666666666666,0.0555555555555555,,0.3888888888888889,0.4285714285714285,0.6981132075471698,0.25,0.5278952830188679,0.55853125,0.4949805555555555,0.054054054054054,0.0857142857142857,,0.1442307692307692,0.1826923076923076,6.756923076923076,25.4609756097561,0.2079207920792079,2026-01-03,22500491,HOU,1.0,,,,,2.0,,,1.0,0.0526315789473684,,,,,,,,,,,,,1.0,2025-26,2026,Regular Season,1610612742,DAL
48:00,99,101,4,35,11,200,19,25,1.0,2.0,1.0,1.0,8,22,3.0,14.0,2.0,5,1.0,1.0,7,26,,1.0,1.0,2.0,30,61,9,31,11,98,1,7,,1.0,3.0,5,1.0,2.0,2.0,3.0,,8.0,32,28,21,6.0,2.0,26,7,3.0,16,7,23,5,2.0,11,4,1.0,53,3,10,11,24,3.0,38,13,51,1.0,11,4,7.0,6,2.0,5.0,7,,1.0,1.0,13,2.0,,8,20,3.0,2.0,12,,2.0,17,1.0,,9,,5,2.0,3.0,6,3.0,,,93,8.0,4,3.0,0.5333333333333333,0.5517241379310345,0.7777777777777778,0.2903225806451613,,0.6666666666666666,0.2903225806451613,0.4918032786885246,0.1428571428571428,0.5,0.4728260869565217,0.125,0.8,0.49,0.2272727272727272,0.8,0.3369565217391304,0.0491803278688524,0.04,0.0909090909090909,0.4615384615384615,1.0,0.6486486486486487,0.3333333333333333,0.5789473684210527,0.1363636363636363,0.625,0.25,0.1666666666666666,0.5,0.2,0.1578947368421052,,0.6363636363636364,0.5294117647058824,0.8888888888888888,0.5454545454545454,0.625,0.0204081632653061,100.0,0.5,14.664646464646465,14.140594059405942,13.662626262626262,13.342574257425744,0.2717391304347826,0.76,0.7916666666666666,0.5789473684210527,0.2391304347826087,0.3636363636363636,0.4,0.5,0.1521739130434782,0.2142857142857142,0.2142857142857142,0.3333333333333333,0.0543478260869565,0.4,0.4,1.0,0.2826086956521739,0.2692307692307692,0.2692307692307692,0.7142857142857143,0.25,0.5,,0.125,,,0.2,1.0,0.2,1.0,0.4,0.5,0.6086956521739131,0.2692307692307692,0.5358690217391304,0.4427666666666667,0.55852,0.09,0.1304347826086956,,0.0510204081632653,0.0816326530612244,8.575409836065575,25.458064516129035,0.0404040404040404,2026-01-06,22500515,SAC,,,,,,,1.0,1.0,,,,,,,,,,,,,,,,2025-26,2026,Regular Season,1610612742,DAL
48:00,100,100,3,8,9,200,16,21,3.0,5.0,,,15,26,3.0,7.0,5.0,14,,,8,28,1.0,1.0,,1.0,34,54,13,42,9,116,4,6,1.0,3.0,2.0,13,,1.0,,1.0,,,40,28,36,3.0,6.0,28,8,1.0,20,12,32,7,5.0,10,8,2.0,76,4,6,17,13,2.0,32,10,42,1.0,11,6,5.0,4,2.0,1.0,5,,3.0,,9,,1.0,6,10,2.0,1.0,13,,1.0,14,2.0,,7,,3,2.0,1.0,3,2.0,,1.0,103,,3,,0.5882352941176471,0.6451612903225806,0.9230769230769232,0.3095238095238095,0.3333333333333333,,0.3095238095238095,0.6296296296296297,0.6666666666666666,,0.5572916666666666,0.6111111111111112,,0.5686274509803921,0.65,,0.4375,0.0185185185185185,0.0476190476190476,,0.4444444444444444,1.0,0.65,0.3,0.8095238095238095,0.1428571428571428,0.7317073170731707,0.2083333333333333,,0.4545454545454545,0.25,0.1052631578947368,0.2222222222222222,0.6666666666666666,0.75,0.4,0.875,0.6,0.0217391304347826,100.0,0.6666666666666666,14.461,14.339,14.181,13.788000000000002,0.21875,0.7619047619047619,0.8,0.625,0.2708333333333333,0.5769230769230769,0.5769230769230769,0.5333333333333333,0.0729166666666666,0.4285714285714285,0.4285714285714285,0.6666666666666666,0.1458333333333333,0.3571428571428571,0.3846153846153846,1.0,0.2916666666666667,0.2857142857142857,0.2857142857142857,0.875,0.5555555555555556,0.6,,0.1111111111111111,1.0,1.0,,,,,0.5,,0.65625,0.2857142857142857,0.5191510526315789,0.5765666666666667,0.3833,0.0693069306930693,0.1186440677966101,,0.1120689655172413,,6.5777777777777775,24.890243902439025,0.03,2026-01-08,22500531,UTA,2.0,1.0,,1.0,,1.0,,,1.0,0.2222222222222222,1.0,,0.0238095238095238,0.0714285714285714,,,,,,,,,,2025-26,2026,Regular Season,1610612742,DAL
48:00,104,106,17,36,9,210,27,34,3.0,4.0,6.0,8.0,8,16,,1.0,5.0,13,1.0,2.0,10,33,1.0,3.0,,4.0,35,51,15,46,10,125,4,6,1.0,3.0,1.0,12,7.0,9.0,1.0,6.0,6.0,23.0,34,36,42,3.0,6.0,33,10,6.0,17,14,31,9,5.0,13,4,,76,9,3,20,21,3.0,44,12,56,1.0,10,6,4.0,7,2.0,6.0,9,3.0,1.0,1.0,16,2.0,1.0,13,20,,,13,2.0,1.0,12,4.0,,7,,6,5.0,1.0,7,5.0,,,113,23.0,17,1.0,0.4857142857142857,0.53125,0.9333333333333332,0.3260869565217391,0.3333333333333333,0.1666666666666666,0.3260869565217391,0.6862745098039216,0.6666666666666666,0.7777777777777778,0.5927835051546392,0.6111111111111112,0.5666666666666667,0.615,0.6,0.65625,0.4742268041237113,0.1176470588235294,0.1470588235294117,0.0625,0.4375,1.0,0.7,0.1875,0.9090909090909092,0.2903225806451613,0.7884615384615384,0.2553191489361702,0.1428571428571428,0.25,,0.3043478260869565,0.25,0.5833333333333334,0.8333333333333334,0.6666666666666666,0.9333333333333332,0.8571428571428571,0.024390243902439,105.0,0.7142857142857143,13.5875,13.83867924528302,13.077884615384615,13.214150943396229,0.3505154639175257,0.7941176470588235,0.9310344827586208,0.4814814814814814,0.1649484536082474,0.5,0.5333333333333333,0.5,0.0103092783505154,,,,0.134020618556701,0.3846153846153846,0.3846153846153846,1.0,0.3402061855670103,0.303030303030303,0.303030303030303,0.9,0.4444444444444444,0.75,,0.3333333333333333,0.3333333333333333,1.0,0.5333333333333333,0.75,0.1333333333333333,0.5,0.2666666666666666,,0.8247422680412371,0.303030303030303,0.5996432989690721,0.7351,0.61148,0.07,0.1296296296296296,,0.096,0.184,3.976470588235294,25.167391304347827,0.1634615384615384,2026-01-10,22500546,CHI,,,1.0,,2.0,,1.0,,,,,,,,,,,1.0,,,,,,2025-26,2026,Regular Season,1610612742,DAL
48:00,95,96,12,22,13,191,20,30,6.0,10.0,3.0,6.0,8,16,2.0,3.0,2.0,11,,,7,26,,2.0,,2.0,30,49,9,37,18,105,6,10,,2.0,7.0,19,4.0,9.0,,2.0,2.0,10.0,30,30,24,3.0,6.0,26,7,3.0,15,8,23,6,2.0,9,4,2.0,54,8,9,15,14,1.0,30,18,48,2.0,5,2,3.0,9,1.0,6.0,8,2.0,3.0,,17,2.0,2.0,6,20,2.0,2.0,16,1.0,1.0,20,,,10,,8,4.0,4.0,8,4.0,1.0,,86,10.0,12,2.0,0.5,0.5555555555555556,0.8888888888888888,0.2432432432432432,,,0.2432432432432432,0.6122448979591837,0.6,0.4444444444444444,0.5058139534883721,0.5,0.3636363636363636,0.546875,0.59375,0.4166666666666667,0.4302325581395348,0.0612244897959183,0.0666666666666666,0.0625,0.5294117647058824,1.0,0.6363636363636364,0.4736842105263157,0.7894736842105263,0.2857142857142857,0.7073170731707317,0.3617021276595745,0.5,0.5,,0.2631578947368421,0.3333333333333333,0.625,0.75,,0.75,0.8571428571428571,0.0454545454545454,95.5,0.5,15.306315789473684,14.853125,14.52315789473684,14.439583333333331,0.3488372093023256,0.6666666666666666,0.7142857142857143,0.45,0.1860465116279069,0.5,0.5333333333333333,0.5,0.0348837209302325,0.6666666666666666,0.6666666666666666,1.0,0.127906976744186,0.1818181818181818,0.1818181818181818,1.0,0.3023255813953488,0.2692307692307692,0.2692307692307692,0.8571428571428571,0.8333333333333334,0.6,0.3333333333333333,0.1666666666666666,,,0.5454545454545454,0.5,,,0.1818181818181818,,0.7790697674418605,0.2692307692307692,0.5690226744186047,0.6823555555555556,0.5928772727272728,0.1041666666666666,0.1694915254237288,,0.1809523809523809,0.0952380952380952,4.706122448979592,24.82162162162162,0.1263157894736842,2026-01-12,22500561,BKN,,1.0,1.0,,,,,,,,,1.0,,,,0.5,,,,,,,,2025-26,2026,Regular Season,1610612742,DAL
48:00,95,97,18,29,9,192,9,11,,,4.0,4.0,14,27,3.0,9.0,5.0,8,1.0,2.0,11,30,1.0,2.0,,4.0,26,47,16,38,18,118,2,4,2.0,3.0,3.0,13,8.0,9.0,1.0,6.0,5.0,24.0,18,34,36,12.0,,30,11,3.0,9,12,21,7,5.0,4,5,,54,4,5,17,17,3.0,37,9,46,,4,2,2.0,6,,4.0,3,,2.0,,9,,1.0,18,25,3.0,1.0,20,1.0,1.0,22,4.0,,11,,1,1.0,,1,1.0,,,105,21.0,16,1.0,0.3461538461538461,0.3461538461538461,0.75,0.4210526315789473,0.6666666666666666,0.1666666666666666,0.4210526315789473,0.5531914893617021,0.5,0.8888888888888888,0.5882352941176471,0.7142857142857143,0.6333333333333333,0.6276595744680851,0.8125,0.6666666666666666,0.4470588235294118,0.0638297872340425,,0.1111111111111111,0.6666666666666666,0.75,0.7391304347826086,0.238095238095238,0.6071428571428571,0.1818181818181818,0.6666666666666666,0.2093023255813953,,0.2307692307692307,0.3333333333333333,0.2105263157894736,,1.0,0.7058823529411765,0.6666666666666666,0.6111111111111112,0.6,,96.0,1.0,16.769473684210524,13.267010309278351,16.159999999999997,11.956701030927835,0.1294117647058823,0.8181818181818182,0.8181818181818182,0.4444444444444444,0.3176470588235294,0.5185185185185185,0.5833333333333334,0.3571428571428571,0.1058823529411764,0.3333333333333333,0.3333333333333333,,0.0941176470588235,0.625,0.625,1.0,0.3529411764705882,0.3666666666666666,0.3666666666666666,0.6363636363636364,,,,0.2857142857142857,0.5,1.0,0.2666666666666666,1.0,0.1333333333333333,0.5,0.2666666666666666,,0.5764705882352941,0.3666666666666666,0.4863852941176471,0.48338,0.45408,0.1195652173913043,0.2037037037037037,,0.1101694915254237,0.2033898305084746,8.917021276595746,25.69210526315789,0.1894736842105263,2026-01-14,22500575,DEN,1.0,,2.0,,,2.0,,,,0.1428571428571428,,,,,,,1.0,,1.0,1.0,,,,2025-26,2026,Regular Season,1610612742,DAL
48:00,110,110,29,17,14,220,20,31,4.0,6.0,6.0,9.0,14,23,3.0,6.0,4.0,13,1.0,5.0,6,23,1.0,1.0,,6.0,37,60,10,36,18,122,5,8,2.0,2.0,2.0,18,7.0,13.0,1.0,11.0,4.0,21.0,48,26,27,3.0,6.0,23,6,7.0,24,9,33,5,4.0,15,6,3.0,75,6,8,20,11,1.0,32,14,46,2.0,9,7,2.0,13,,4.0,4,,9.0,1.0,17,2.0,6.0,10,14,1.0,,19,1.0,2.0,23,1.0,,11,,4,1.0,2.0,4,4.0,,,104,21.0,29,,0.6486486486486487,0.7058823529411765,0.9,0.2777777777777778,1.0,0.0909090909090909,0.2777777777777778,0.6166666666666667,0.625,0.5384615384615384,0.5416666666666666,0.8,0.3541666666666667,0.5700934579439252,0.75,0.4038461538461538,0.375,0.1166666666666666,0.1612903225806451,0.0869565217391304,0.7647058823529411,1.0,0.7333333333333333,0.3478260869565217,0.7407407407407407,0.24,0.7380952380952381,0.2916666666666667,0.3636363636363636,0.2222222222222222,0.6666666666666666,0.1875,0.3333333333333333,0.5,0.8333333333333334,0.8,0.6666666666666666,0.8333333333333334,0.048780487804878,110.0,1.0,13.412727272727274,12.769090909090908,13.220909090909092,12.463636363636365,0.3229166666666667,0.6451612903225806,0.7692307692307693,0.75,0.2395833333333333,0.6086956521739131,0.6666666666666666,0.4285714285714285,0.0625,0.5,0.5,1.0,0.1354166666666666,0.3076923076923077,0.3076923076923077,1.0,0.2395833333333333,0.2608695652173913,0.2608695652173913,0.8333333333333334,0.6,0.6666666666666666,0.5,0.1,1.0,1.0,0.375,0.6666666666666666,0.2083333333333333,0.2,0.25,,0.6979166666666666,0.2608695652173913,0.5587239583333333,0.5479571428571429,0.5865354166666666,0.1037735849056603,0.1571428571428571,,0.1475409836065573,0.1721311475409836,5.528333333333333,24.730555555555554,0.2636363636363636,2026-01-15,22500583,UTA,1.0,3.0,,,,1.0,,,1.0,0.1,,,,,,,1.0,,1.0,1.0,,,1.0,2025-26,2026,Regular Season,1610612742,DAL
48:00,101,102,27,48,13,203,15,17,3.0,3.0,6.0,7.0,15,27,8.0,14.0,1.0,10,,1.0,9,22,2.0,2.0,2.0,5.0,38,58,10,32,14,120,5,7,3.0,4.0,2.0,21,16.0,20.0,2.0,6.0,5.0,43.0,50,26,15,15.0,6.0,22,9,2.0,25,5,30,4,1.0,11,10,4.0,65,5,8,15,10,7.0,32,13,45,1.0,5,4,1.0,8,2.0,4.0,7,,4.0,,15,,1.0,14,27,2.0,4.0,18,,1.0,20,1.0,,7,1.0,3,1.0,2.0,3,1.0,1.0,,99,43.0,27,4.0,0.6578947368421053,0.7142857142857143,0.5,0.3125,0.75,0.3333333333333333,0.3125,0.6551724137931034,0.7142857142857143,0.8,0.5888888888888889,0.8636363636363636,0.7307692307692307,0.6060606060606061,0.875,0.7678571428571429,0.3555555555555555,0.0344827586206896,0.0588235294117647,,0.5333333333333333,1.0,0.5263157894736842,0.4,0.6521739130434783,0.2272727272727272,0.5952380952380952,0.3095238095238095,0.5,0.4166666666666667,0.3333333333333333,0.3846153846153846,,0.3333333333333333,0.6428571428571429,,0.5714285714285714,0.7777777777777778,0.025,101.5,0.3333333333333333,15.108910891089108,13.27450980392157,14.573267326732674,12.508823529411766,0.1888888888888888,0.8823529411764706,0.9375,0.7333333333333333,0.3,0.5555555555555556,0.5555555555555556,0.6666666666666666,0.1555555555555555,0.5714285714285714,0.6153846153846154,0.5,0.1111111111111111,0.1,0.1,1.0,0.2444444444444444,0.4090909090909091,0.4090909090909091,0.4444444444444444,0.2727272727272727,1.0,,0.1818181818181818,1.0,,0.2692307692307692,0.8571428571428571,0.0384615384615384,,0.1923076923076923,0.4,0.5444444444444444,0.4090909090909091,0.5151005617977528,0.5560285714285714,0.515892,0.0824742268041237,0.109375,0.0303030303030303,0.175,0.3583333333333333,8.705172413793104,25.216129032258067,0.2673267326732673,2026-01-17,22500593,UTA,2.0,1.0,,,,2.0,,,1.0,0.1818181818181818,,,,,,,1.0,,0.5,1.0,,0.0714285714285714,,2025-26,2026,Regular Season,1610612742,DAL
48:00,105,105,20,24,17,210,20,36,4.0,8.0,2.0,6.0,6,20,3.0,8.0,3.0,9,1.0,1.0,6,22,,1.0,,2.0,29,64,9,31,12,97,5,12,,1.0,1.0,11,4.0,13.0,1.0,3.0,5.0,16.0,30,28,21,6.0,8.0,22,6,5.0,15,7,22,4,3.0,11,2,2.0,51,6,11,14,19,4.0,37,18,55,,10,8,2.0,9,,4.0,8,2.0,5.0,1.0,17,2.0,2.0,12,25,,1.0,21,1.0,2.0,20,3.0,,9,1.0,4,4.0,,5,4.0,,,86,16.0,20,1.0,0.5172413793103449,0.6,0.7777777777777778,0.2903225806451613,,0.3333333333333333,0.2903225806451613,0.453125,0.4166666666666667,0.3076923076923077,0.4473684210526316,0.3846153846153846,0.34375,0.470873786407767,0.3666666666666666,0.4,0.3263157894736842,0.078125,0.0833333333333333,0.1,0.5294117647058824,1.0,0.76,0.3142857142857143,0.875,0.2727272727272727,0.8048780487804879,0.2982456140350877,0.375,0.2857142857142857,0.2,0.3125,0.1666666666666666,0.7142857142857143,0.8,0.75,1.0,0.7777777777777778,,105.0,0.8,13.845714285714283,13.582857142857144,13.504761904761905,13.401904761904762,0.3789473684210526,0.5555555555555556,0.6060606060606061,0.55,0.2105263157894736,0.3,0.3333333333333333,0.3333333333333333,0.0842105263157894,0.375,0.375,0.6666666666666666,0.0947368421052631,0.3333333333333333,0.3333333333333333,1.0,0.231578947368421,0.2727272727272727,0.2727272727272727,0.6666666666666666,0.6153846153846154,0.5,,0.0769230769230769,,,0.375,0.3333333333333333,0.0625,1.0,0.125,,0.7052631578947368,0.2727272727272727,0.5641110526315789,0.58204,0.520546875,0.0980392156862745,0.1285714285714285,0.03125,0.1134020618556701,0.1649484536082474,5.4953125,25.02258064516129,0.1904761904761904,2026-01-19,22500016,NYK,,1.0,2.0,2.0,,1.0,1.0,1.0,1.0,,,1.0,,,,0.1666666666666666,,,,,,,,2025-26,2026,Regular Season,1610612742,DAL
48:00,107,107,6,56,8,214,21,33,1.0,4.0,1.0,3.0,4,12,3.0,5.0,3.0,16,1.0,1.0,12,32,1.0,1.0,,3.0,28,50,15,48,14,115,1,4,1.0,2.0,,5,1.0,3.0,1.0,4.0,1.0,6.0,36,20,33,12.0,,32,12,5.0,18,11,29,8,3.0,14,3,1.0,69,5,4,13,16,2.0,31,9,40,2.0,15,4,11.0,6,2.0,5.0,4,,1.0,,10,1.0,,14,24,3.0,2.0,16,,1.0,18,2.0,,9,,6,5.0,1.0,7,3.0,,,110,6.0,6,1.0,0.6428571428571429,0.6428571428571429,0.7333333333333333,0.3125,0.5,0.25,0.3125,0.56,0.25,0.3333333333333333,0.5153061224489796,0.4166666666666667,0.3571428571428571,0.5428571428571428,0.4166666666666667,0.3571428571428571,0.4897959183673469,0.1,0.0909090909090909,0.1666666666666666,0.6,0.6666666666666666,0.7619047619047619,0.1818181818181818,0.5652173913043478,0.1515151515151515,0.6590909090909091,0.1636363636363636,0.3333333333333333,,,0.25,,0.8,0.8571428571428571,0.5,0.5294117647058824,0.6666666666666666,0.0408163265306122,107.0,0.4285714285714285,12.785981308411214,14.129906542056077,12.335514018691589,13.16822429906542,0.336734693877551,0.6363636363636364,0.7,0.6666666666666666,0.1224489795918367,0.3333333333333333,0.4,0.75,0.0510204081632653,0.6,0.6,0.3333333333333333,0.1632653061224489,0.1875,0.1875,1.0,0.3265306122448979,0.375,0.3870967741935484,0.6666666666666666,0.6666666666666666,0.25,1.0,0.1666666666666666,1.0,1.0,0.4285714285714285,0.3333333333333333,0.1428571428571428,1.0,0.4285714285714285,,0.826530612244898,0.375,0.5576546875,0.5885166666666667,0.53666,0.0857142857142857,0.1578947368421052,,0.0434782608695652,0.0521739130434782,5.367999999999999,25.160869565217396,0.0560747663551401,2026-01-22,22500630,GSW,1.0,,,1.0,1.0,,1.0,1.0,,0.1666666666666666,1.0,,0.0208333333333333,,0.03125,,,,,,,,,2025-26,2026,Regular Season,1610612742,DAL
48:00,103,104,35,19,14,207,17,30,3.0,8.0,9.0,10.0,7,22,2.0,4.0,5.0,12,2.0,3.0,9,23,,2.0,6.0,9.0,26,56,14,35,22,116,3,9,1.0,3.0,2.0,11,11.0,16.0,8.0,12.0,7.0,53.0,28,24,36,6.0,6.0,23,9,6.0,14,12,26,7,5.0,8,4,2.0,64,5,13,14,26,4.0,44,18,62,6.0,7,4,3.0,10,2.0,6.0,6,,4.0,,16,3.0,5.0,14,20,1.0,1.0,19,1.0,,29,1.0,1.0,11,2.0,8,2.0,6.0,8,5.0,,,105,53.0,35,2.0,0.5384615384615384,0.6086956521739131,0.8571428571428571,0.4,0.3333333333333333,0.6666666666666666,0.4,0.4642857142857143,0.3333333333333333,0.6875,0.5164835164835165,0.375,0.8214285714285714,0.5576923076923077,0.3928571428571428,0.803030303030303,0.3846153846153846,0.1071428571428571,0.1,0.1363636363636363,0.625,0.8,0.7222222222222222,0.4333333333333333,0.7368421052631579,0.238095238095238,0.7272727272727273,0.3529411764705882,0.6153846153846154,0.3333333333333333,,0.2142857142857142,0.2857142857142857,0.8571428571428571,0.68,0.75,0.6923076923076923,0.8333333333333334,0.1333333333333333,103.5,0.625,14.005825242718446,13.821153846153846,13.6747572815534,12.934615384615386,0.3296703296703296,0.5666666666666667,0.6296296296296297,0.4705882352941176,0.2417582417582417,0.3181818181818182,0.3684210526315789,0.5714285714285714,0.0439560439560439,0.5,0.5,1.0,0.1318681318681318,0.4166666666666667,0.4166666666666667,1.0,0.2527472527472527,0.391304347826087,0.391304347826087,0.7777777777777778,0.6666666666666666,0.375,,0.1666666666666666,,,0.3571428571428571,0.9,0.1071428571428571,0.6666666666666666,0.3214285714285714,0.6666666666666666,0.7142857142857143,0.391304347826087,0.5391722222222223,0.567761111111111,0.5445232142857143,0.1274509803921568,0.1666666666666666,0.0555555555555555,0.0948275862068965,0.4568965517241379,5.2196428571428575,25.08529411764706,0.3398058252427184,2026-01-24,22500648,LAL,1.0,1.0,,1.0,,2.0,,,2.0,0.0833333333333333,,,,,,,1.0,,1.0,1.0,,,,2025-26,2026,Regular Season,1610612742,DAL
47:59,104,105,34,46,12,209,15,25,3.0,4.0,6.0,9.0,11,24,5.0,11.0,2.0,7,1.0,3.0,10,27,2.0,5.0,1.0,8.0,31,60,12,34,20,118,5,7,2.0,5.0,5.0,21,13.0,20.0,2.0,11.0,9.0,41.0,28,34,36,,4.0,27,10,3.0,14,12,26,10,2.0,10,3,1.0,64,6,8,11,18,4.0,33,14,47,2.0,15,8,7.0,6,4.0,3.0,6,,3.0,,12,,2.0,18,25,2.0,,19,2.0,,27,3.0,,15,,6,4.0,2.0,6,2.0,,,97,41.0,34,2.0,0.4516129032258064,0.4827586206896552,1.0,0.3529411764705882,0.4,0.1818181818181818,0.3529411764705882,0.5166666666666667,0.7142857142857143,0.65,0.5212765957446809,0.6666666666666666,0.5161290322580645,0.5566037735849056,0.75,0.5694444444444444,0.3617021276595745,0.05,0.08,0.0416666666666666,0.5,0.8,0.6206896551724138,0.2758620689655172,0.6875,0.2857142857142857,0.6444444444444445,0.28,0.2,0.3076923076923077,0.3333333333333333,0.25,0.4,0.4545454545454545,0.8333333333333334,0.5,0.6666666666666666,0.75,0.0425531914893617,104.50000000000006,0.3333333333333333,14.509615384615364,13.057142857142855,13.960576923076903,12.337142857142858,0.2659574468085106,0.6,0.6521739130434783,0.6666666666666666,0.2553191489361702,0.4583333333333333,0.4782608695652174,0.2727272727272727,0.1170212765957446,0.4545454545454545,0.4545454545454545,0.2,0.0744680851063829,0.2857142857142857,0.2857142857142857,1.0,0.2872340425531915,0.3703703703703703,0.3703703703703703,1.0,0.3333333333333333,0.75,0.3333333333333333,0.4166666666666667,0.4,1.0,0.2903225806451613,0.6666666666666666,0.0967741935483871,0.3333333333333333,0.2580645161290322,0.125,0.6276595744680851,0.3703703703703703,0.5410170212765958,0.5529285714285714,0.5319758064516129,0.1415094339622641,0.2083333333333333,,0.1779661016949152,0.3474576271186441,7.166666666666667,25.41764705882353,0.3269230769230769,2026-01-28,22500677,MIN,,1.0,,,,,,,,,,,,,,,,,,,,,,2025-26,2026,Regular Season,1610612742,DAL
48:00,102,101,6,29,10,203,15,25,3.0,5.0,,,5,20,3.0,5.0,5.0,9,,,15,33,1.0,3.0,,1.0,23,50,20,42,17,123,3,5,1.0,3.0,,9,1.0,2.0,,1.0,2.0,4.0,24,22,48,12.0,2.0,33,15,7.0,12,16,28,11,5.0,9,2,1.0,72,7,4,17,21,2.0,40,11,51,3.0,4,3,1.0,7,2.0,6.0,3,,1.0,,10,1.0,2.0,9,17,3.0,,15,1.0,2.0,18,1.0,1.0,9,1.0,9,4.0,5.0,9,5.0,1.0,,114,4.0,6,1.0,0.5217391304347826,0.5454545454545454,0.8,0.4761904761904761,0.3333333333333333,,0.4761904761904761,0.46,0.6,0.5,0.5760869565217391,0.5625,0.3333333333333333,0.615,0.5625,0.5,0.4565217391304347,0.14,0.16,0.15,0.7,1.0,0.65625,0.1481481481481481,0.7727272727272727,0.3181818181818182,0.7037037037037037,0.2244897959183673,,0.2666666666666666,,0.2777777777777778,0.5,0.7,0.6666666666666666,0.5,0.7777777777777778,0.75,0.073170731707317,101.5,0.5555555555555556,14.669607843137255,13.7,14.324509803921568,12.865346534653469,0.2717391304347826,0.6,0.7142857142857143,0.6,0.217391304347826,0.25,0.2941176470588235,0.4,0.0543478260869565,0.6,0.6,0.3333333333333333,0.0978260869565217,0.5555555555555556,0.5555555555555556,1.0,0.358695652173913,0.4545454545454545,0.46875,0.7333333333333333,0.625,0.6,0.3333333333333333,0.375,0.3333333333333333,1.0,,,,,0.3333333333333333,,0.7282608695652174,0.4545454545454545,0.5469862637362638,0.5777,0.3813,0.1,0.1551724137931034,0.0238095238095238,0.073170731707317,0.032520325203252,5.3420000000000005,24.90487804878049,0.0588235294117647,2026-01-29,22500683,CHA,,1.0,,,,,,,,,1.0,,0.0238095238095238,,0.0303030303030303,,,,,,,,,2025-26,2026,Regular Season,1610612742,DAL
48:00,98,100,3,30,17,198,16,23,4.0,6.0,,,16,47,3.0,12.0,5.0,10,,,5,16,1.0,5.0,,2.0,35,82,10,26,11,111,5,12,1.0,6.0,4.0,17,,1.0,,2.0,,,46,24,30,,8.0,16,5,4.0,23,10,33,5,5.0,11,11,1.0,76,4,18,10,24,3.0,37,23,60,2.0,10,4,6.0,3,1.0,1.0,3,,2.0,,6,2.0,,13,20,4.0,,12,1.0,,15,1.0,,7,,6,1.0,5.0,6,3.0,,,94,,3,2.0,0.6571428571428571,0.7419354838709677,1.0,0.3846153846153846,0.1666666666666666,,0.3846153846153846,0.4268292682926829,0.4166666666666667,,0.4629629629629629,0.3611111111111111,,0.4826086956521739,0.425,,0.2407407407407407,0.048780487804878,0.0869565217391304,0.0425531914893617,0.5,1.0,0.6666666666666666,0.391304347826087,0.7692307692307693,0.25,0.6938775510204082,0.3548387096774194,0.7142857142857143,0.2666666666666666,0.5555555555555556,0.2727272727272727,0.2,0.8333333333333334,0.6190476190476191,0.6666666666666666,0.75,1.0,0.0344827586206896,99.0,0.5,15.86122448979592,13.255999999999998,14.54795918367347,12.723999999999998,0.2129629629629629,0.6956521739130435,0.7619047619047619,0.6875,0.4351851851851852,0.3404255319148936,0.3555555555555555,0.6875,0.1111111111111111,0.25,0.25,0.3333333333333333,0.0925925925925925,0.5,0.5,1.0,0.1481481481481481,0.3125,0.3125,1.0,0.3333333333333333,0.6666666666666666,,0.2777777777777778,0.2,1.0,,,,,0.6666666666666666,,0.4537037037037037,0.3125,0.4925953703703704,0.5012617647058824,0.4429,0.0614035087719298,0.0795454545454545,,0.1531531531531531,,8.102439024390243,24.86923076923077,0.0306122448979591,2026-01-31,22500701,HOU,1.0,,,,,1.0,,,,0.0555555555555555,,1.0,,,,0.5,,,,,,,,2025-26,2026,Regular Season,1610612742,DAL
48:00,95,94,9,25,12,189,16,24,3.0,6.0,,,13,21,5.0,12.0,2.0,9,1.0,1.0,11,30,3.0,4.0,3.0,7.0,34,57,13,39,3,110,4,7,3.0,6.0,,17,1.0,2.0,4.0,8.0,,14.0,30,38,36,3.0,4.0,30,11,4.0,15,12,27,10,2.0,9,3,3.0,66,2,11,20,17,2.0,39,14,53,2.0,7,4,3.0,4,2.0,3.0,6,1.0,1.0,,10,,,6,20,2.0,,11,,1.0,5,1.0,,3,,4,2.0,2.0,4,1.0,1.0,1.0,93,14.0,9,4.0,0.4411764705882353,0.46875,0.9230769230769232,0.3333333333333333,0.5,0.5,0.3333333333333333,0.5964912280701754,0.5714285714285714,0.5,0.5572916666666666,0.6538461538461539,0.7,0.5612244897959183,0.6538461538461539,0.7,0.40625,0.0701754385964912,0.0833333333333333,0.0952380952380952,0.4,1.0,0.5862068965517241,0.4782608695652174,0.8333333333333334,0.0769230769230769,0.6981132075471698,0.2653061224489796,0.625,0.5,0.2857142857142857,0.0526315789473684,0.1428571428571428,0.2,0.7272727272727273,0.875,0.8571428571428571,0.6666666666666666,0.0444444444444444,94.49999999999994,0.25,15.103157894736864,15.374468085106384,14.544210526315812,14.38404255319149,0.25,0.6666666666666666,0.7272727272727273,0.5625,0.21875,0.6190476190476191,0.6842105263157895,0.2307692307692307,0.125,0.4166666666666667,0.4166666666666667,0.6,0.09375,0.2222222222222222,0.2222222222222222,1.0,0.3125,0.3666666666666666,0.3666666666666666,0.9090909090909092,0.4615384615384615,0.5,0.3333333333333333,0.3076923076923077,0.75,1.0,,,0.1,1.0,0.7,0.4285714285714285,0.65625,0.3666666666666666,0.5322255208333333,0.5887583333333334,0.52083,0.0306122448979591,0.0508474576271186,,0.1545454545454545,0.1272727272727272,7.733333333333333,25.57435897435897,0.0947368421052631,2026-02-03,22500721,BOS,2.0,,,1.0,,,,,,0.1538461538461538,,1.0,,,,0.5,,,,,,,,2025-26,2026,Regular Season,1610612742,DAL
48:00,106,105,16,20,13,211,19,27,3.0,4.0,1.0,1.0,12,22,,5.0,7.0,17,1.0,4.0,10,24,1.0,3.0,1.0,2.0,31,54,17,41,22,135,3,5,3.0,6.0,1.0,16,1.0,5.0,2.0,6.0,9.0,17.0,34,28,51,,6.0,24,10,8.0,17,17,34,10,7.0,11,6,,85,8,5,16,24,3.0,43,13,56,2.0,7,5,2.0,9,,4.0,5,,5.0,,14,1.0,2.0,9,18,1.0,1.0,20,2.0,1.0,25,4.0,,11,1.0,7,5.0,2.0,7,5.0,,,119,17.0,16,2.0,0.5483870967741935,0.6071428571428571,1.0,0.4146341463414634,0.5,0.3333333333333333,0.4146341463414634,0.5740740740740741,0.6,0.2,0.5947368421052631,0.6818181818181818,0.3636363636363636,0.6428571428571429,0.6666666666666666,0.53125,0.431578947368421,0.1481481481481481,0.1481481481481481,0.0909090909090909,0.6428571428571429,1.0,0.7741935483870968,0.2272727272727272,0.8421052631578947,0.3333333333333333,0.8,0.2826086956521739,0.375,0.1,0.25,0.2142857142857142,0.5,0.6363636363636364,0.7857142857142857,1.0,0.875,0.6666666666666666,0.0512820512820512,105.5,0.7142857142857143,12.441509433962263,14.868571428571428,11.910377358490566,14.573333333333334,0.2842105263157894,0.7037037037037037,0.8260869565217391,0.5789473684210527,0.231578947368421,0.5454545454545454,0.6,0.5,0.0526315789473684,,,,0.1789473684210526,0.4117647058823529,0.4117647058823529,1.0,0.2526315789473684,0.4166666666666667,0.4166666666666667,1.0,0.3636363636363636,0.75,,0.2727272727272727,0.3333333333333333,1.0,0.0909090909090909,1.0,0.3636363636363636,0.25,0.1818181818181818,0.5,0.7157894736842105,0.4166666666666667,0.5630284210526315,0.5804083333333333,0.5301818181818182,0.116504854368932,0.180327868852459,0.0238095238095238,0.1185185185185185,0.1259259259259259,5.596296296296296,24.39512195121951,0.1509433962264151,2026-02-05,22500738,SAS,3.0,2.0,1.0,,,2.0,,,2.0,0.2727272727272727,,,,,,,2.0,,0.6666666666666666,1.0,,0.4,,2025-26,2026,Regular Season,1610612742,DAL
48:00,108,109,14,30,16,217,25,36,6.0,6.0,5.0,7.0,9,15,7.0,13.0,5.0,13,,,9,23,,1.0,1.0,2.0,41,64,14,36,14,138,8,12,,2.0,,16,6.0,10.0,1.0,2.0,4.0,19.0,40,42,42,,10.0,23,9,4.0,20,14,34,9,5.0,12,5,3.0,82,6,10,17,26,2.0,45,17,62,,5,3,2.0,10,4.0,6.0,8,,4.0,,18,3.0,3.0,12,17,1.0,1.0,16,2.0,,20,3.0,1.0,10,1.0,9,4.0,5.0,11,7.0,1.0,,122,19.0,14,,0.4878048780487805,0.5555555555555556,1.0,0.3888888888888889,,0.5,0.3888888888888889,0.640625,0.6666666666666666,0.6,0.62,0.5714285714285714,0.625,0.6388888888888888,0.5714285714285714,0.6333333333333333,0.36,0.0625,0.1111111111111111,,0.5555555555555556,1.0,0.7027027027027027,0.4347826086956521,0.8095238095238095,0.2857142857142857,0.7413793103448276,0.3636363636363636,0.4545454545454545,0.5,0.3333333333333333,0.3076923076923077,0.25,0.5,0.8235294117647058,0.8333333333333334,0.75,0.8888888888888888,,108.5,0.6363636363636364,11.983333333333334,14.548623853211009,11.226851851851851,13.914678899082569,0.36,0.6944444444444444,0.78125,0.48,0.15,0.6,0.6,0.5555555555555556,0.13,0.5384615384615384,0.5384615384615384,0.4285714285714285,0.13,0.3846153846153846,0.3846153846153846,1.0,0.23,0.391304347826087,0.391304347826087,1.0,0.4285714285714285,1.0,0.1666666666666666,0.0714285714285714,,,0.5833333333333334,0.7142857142857143,,,0.1666666666666666,0.5,0.72,0.391304347826087,0.6005212121212121,0.53154,0.6818545454545455,0.102803738317757,0.1408450704225352,0.0277777777777777,0.1159420289855072,0.1376811594202898,5.909375,24.65142857142857,0.1296296296296296,2026-02-07,22500749,SAS,1.0,1.0,,,,1.0,2.0,1.0,1.0,0.0714285714285714,,1.0,,,,0.25,,1.0,,,,,,2025-26,2026,Regular Season,1610612742,DAL
48:00,101,104,2,42,16,205,13,17,4.0,7.0,,,14,26,6.0,9.0,6.0,10,,,10,41,2.0,5.0,,1.0,33,52,16,51,6,120,7,11,3.0,7.0,1.0,24,1.0,2.0,,1.0,,2.0,38,28,39,9.0,6.0,41,10,5.0,19,13,32,8,5.0,9,7,3.0,77,11,7,13,17,4.0,34,19,53,2.0,8,4,4.0,7,3.0,3.0,7,,4.0,1.0,14,1.0,1.0,17,27,1.0,1.0,12,,5.0,9,1.0,,5,,3,1.0,2.0,3,3.0,1.0,,96,2.0,2,5.0,0.5757575757575758,0.6333333333333333,0.8125,0.3137254901960784,0.4285714285714285,,0.3137254901960784,0.6346153846153846,0.6363636363636364,0.5,0.5533980582524272,0.6388888888888888,0.3333333333333333,0.5607476635514018,0.6666666666666666,0.3333333333333333,0.4951456310679611,0.0961538461538461,0.1176470588235294,0.1153846153846153,0.5,0.8,0.7391304347826086,0.3684210526315789,0.8666666666666667,0.3235294117647059,0.7894736842105263,0.3396226415094339,0.5,0.4166666666666667,,0.3,0.5,0.5,0.7058823529411765,1.0,0.8,1.0,0.0416666666666666,102.5,1.0,15.664356435643564,12.479807692307691,14.709900990099008,12.383653846153846,0.1650485436893204,0.7647058823529411,0.8666666666666667,0.6923076923076923,0.2524271844660194,0.5384615384615384,0.6086956521739131,0.5,0.087378640776699,0.6666666666666666,0.6666666666666666,0.5,0.0970873786407767,0.6,0.6,0.8333333333333334,0.3980582524271844,0.2439024390243902,0.2439024390243902,0.8,0.3888888888888889,0.5714285714285714,0.25,0.2777777777777778,0.4,1.0,,,,,0.3333333333333333,,0.6601941747572816,0.2439024390243902,0.5218553921568627,0.5407714285714286,0.4060833333333333,0.0467289719626168,0.0892857142857142,,0.2,0.0166666666666666,8.440384615384614,26.18,0.0198019801980198,2026-02-10,22500773,PHX,2.0,,,1.0,,,,,,0.1111111111111111,,1.0,,,,1.0,1.0,,0.5,1.0,,,,2025-26,2026,Regular Season,1610612742,DAL
48:00,100,99,31,35,11,199,23,26,3.0,4.0,7.0,7.0,12,23,3.0,6.0,2.0,10,,3.0,8,22,1.0,1.0,2.0,8.0,38,55,10,32,18,124,3,5,1.0,2.0,,9,8.0,13.0,2.0,11.0,6.0,28.0,52,24,27,3.0,2.0,22,8,,26,9,35,7,2.0,15,8,3.0,79,8,3,17,16,2.0,35,11,46,1.0,8,6,2.0,7,1.0,5.0,6,3.0,2.0,,13,2.0,6.0,12,20,2.0,1.0,18,1.0,,21,3.0,,10,,2,,2.0,3,1.0,,,115,28.0,31,1.0,0.6842105263157895,0.7027027027027027,0.9,0.3125,0.5,0.1818181818181818,0.3125,0.6909090909090909,0.6,0.6153846153846154,0.6091954022988506,0.6428571428571429,0.4583333333333333,0.6458333333333334,0.6428571428571429,0.5185185185185185,0.367816091954023,,,,0.5384615384615384,1.0,0.7619047619047619,0.1764705882352941,0.85,0.3636363636363636,0.8048780487804879,0.282051282051282,,0.2727272727272727,,0.2142857142857142,0.625,1.0,0.7647058823529411,0.6666666666666666,0.8823529411764706,0.6666666666666666,0.0263157894736842,99.5,0.3333333333333333,15.22,13.717171717171718,14.949000000000002,13.434343434343434,0.2988505747126437,0.8846153846153846,0.8846153846153846,0.6521739130434783,0.264367816091954,0.5217391304347826,0.5217391304347826,0.6666666666666666,0.0689655172413793,0.5,0.5,1.0,0.1149425287356321,0.2,0.2,1.0,0.2528735632183908,0.3636363636363636,0.3809523809523809,0.875,0.5714285714285714,0.75,0.6666666666666666,0.1428571428571428,1.0,1.0,0.2916666666666667,1.0,0.125,,0.3333333333333333,0.25,0.6666666666666666,0.3636363636363636,0.538589534883721,0.6385,0.5413782608695652,0.1063829787234042,0.1612903225806451,,0.0725806451612903,0.2258064516129032,5.703636363636363,25.906451612903226,0.31,2026-02-12,22500791,LAL,1.0,,,,,2.0,1.0,1.0,2.0,0.1428571428571428,1.0,,0.03125,,0.0454545454545454,,,,,,,,,2025-26,2026,Regular Season,1610612742,DAL
48:00,106,104,16,33,19,210,20,32,5.0,7.0,3.0,9.0,10,20,1.0,5.0,3.0,10,,1.0,13,32,1.0,4.0,2.0,7.0,31,57,16,42,12,122,5,7,2.0,6.0,4.0,20,3.0,10.0,2.0,8.0,6.0,18.0,30,32,39,9.0,10.0,32,13,3.0,15,13,28,10,3.0,10,4,1.0,69,6,12,14,25,3.0,42,20,62,4.0,7,3,4.0,12,5.0,4.0,7,2.0,8.0,,19,4.0,,14,22,,,18,5.0,1.0,19,3.0,,9,,7,4.0,3.0,8,5.0,,,102,18.0,16,1.0,0.4838709677419355,0.5769230769230769,0.8125,0.3809523809523809,0.3333333333333333,0.25,0.3809523809523809,0.543859649122807,0.7142857142857143,0.3,0.5555555555555556,0.6153846153846154,0.3333333333333333,0.5700934579439252,0.625,0.4285714285714285,0.4242424242424242,0.0526315789473684,0.03125,0.1,0.631578947368421,1.0,0.6410256410256411,0.48,0.8235294117647058,0.24,0.6964285714285714,0.36,0.5833333333333334,0.4444444444444444,0.25,0.1666666666666666,0.4285714285714285,0.6666666666666666,0.6111111111111112,0.6666666666666666,1.0,0.4,0.0851063829787234,105.0,0.625,13.166981132075472,14.272115384615384,12.662264150943397,13.704807692307693,0.3232323232323232,0.625,0.6451612903225806,0.5,0.202020202020202,0.5,0.5555555555555556,0.4,0.0505050505050505,0.2,0.2,1.0,0.101010101010101,0.3,0.3,1.0,0.3232323232323232,0.40625,0.40625,0.7692307692307693,0.5384615384615384,0.7142857142857143,,0.3076923076923077,0.25,1.0,0.5,0.3333333333333333,0.0555555555555555,,0.3888888888888889,0.2857142857142857,0.7474747474747475,0.40625,0.545890404040404,0.5961,0.5324194444444444,0.0857142857142857,0.1428571428571428,,0.1639344262295081,0.1475409836065573,5.4298245614035086,24.63095238095238,0.1509433962264151,2026-02-20,22500806,MIN,2.0,,,,,2.0,1.0,,2.0,0.1538461538461538,,2.0,,,,0.4,1.0,1.0,0.5,1.0,,,,2025-26,2026,Regular Season,1610612742,DAL
48:00,107,107,27,34,11,214,12,22,2.0,5.0,3.0,8.0,12,23,3.0,7.0,5.0,9,3.0,6.0,15,34,2.0,3.0,2.0,8.0,27,52,20,43,16,130,3,6,2.0,3.0,,12,5.0,14.0,5.0,14.0,2.0,27.0,38,16,54,6.0,4.0,34,15,2.0,19,18,37,13,5.0,8,9,2.0,92,3,8,14,14,2.0,30,11,41,2.0,8,3,5.0,9,1.0,5.0,7,,4.0,,16,2.0,3.0,13,23,,1.0,13,,1.0,20,2.0,,9,,3,2.0,1.0,3,1.0,,,118,27.0,27,2.0,0.7037037037037037,0.76,0.9,0.4651162790697674,0.6666666666666666,0.3571428571428571,0.4651162790697674,0.5192307692307693,0.5,0.3571428571428571,0.6,0.6666666666666666,0.4464285714285714,0.6213592233009708,0.6666666666666666,0.4655172413793103,0.4526315789473684,0.0384615384615384,,0.0869565217391304,0.5625,1.0,0.5384615384615384,0.32,0.8235294117647058,0.1428571428571428,0.6511627906976745,0.2391304347826087,0.4,0.2727272727272727,0.25,0.1764705882352941,,0.4545454545454545,0.6363636363636364,0.5,0.8333333333333334,0.8,0.0454545454545454,107.0,0.3333333333333333,12.957943925233645,13.957943925233645,12.785981308411214,13.574766355140186,0.231578947368421,0.5454545454545454,0.5454545454545454,0.6666666666666666,0.2421052631578947,0.5217391304347826,0.5714285714285714,0.75,0.0736842105263157,0.4285714285714285,0.4285714285714285,0.6666666666666666,0.0947368421052631,0.5555555555555556,0.5555555555555556,1.0,0.3578947368421052,0.4411764705882353,0.4411764705882353,0.8666666666666667,0.5555555555555556,0.4,,0.3333333333333333,0.6666666666666666,1.0,0.2857142857142857,0.375,0.2142857142857142,0.5,0.2857142857142857,0.25,0.6842105263157895,0.4411764705882353,0.5265297872340425,0.5219285714285714,0.5225074074074074,0.088235294117647,0.1525423728813559,,0.0923076923076923,0.2076923076923077,6.411538461538461,25.68809523809524,0.2523364485981308,2026-02-22,22500821,IND,,3.0,1.0,,2.0,1.0,,,1.0,,,,,,,,,,,,,,,2025-26,2026,Regular Season,1610612742,DAL
47:59,98,99,16,35,6,197,18,26,1.0,1.0,3.0,3.0,8,16,2.0,6.0,3.0,8,,1.0,10,25,,,1.0,4.0,28,48,13,33,19,114,1,2,,,4.0,6,3.0,5.0,1.0,5.0,8.0,17.0,36,20,33,6.0,2.0,25,10,4.0,18,11,29,8,3.0,11,7,,69,2,4,12,12,3.0,27,7,34,1.0,11,6,5.0,5,1.0,3.0,6,,2.0,1.0,11,2.0,3.0,12,21,2.0,2.0,19,,1.0,27,2.0,,12,1.0,2,1.0,1.0,2,1.0,1.0,,108,17.0,16,1.0,0.6428571428571429,0.6666666666666666,0.8461538461538461,0.3939393939393939,,0.2,0.3939393939393939,0.5833333333333334,0.5,0.6,0.5864197530864198,0.5,0.45,0.6129032258064516,0.75,0.5666666666666667,0.4074074074074074,0.0833333333333333,0.1153846153846153,0.0625,0.4545454545454545,1.0,0.631578947368421,0.2,0.8,0.1,0.7058823529411765,0.15,0.25,0.25,,0.1333333333333333,,0.8571428571428571,0.6666666666666666,0.3333333333333333,0.75,0.8571428571428571,0.0277777777777777,98.50000000000006,0.5,13.745918367346938,15.483838383838364,13.428571428571429,14.726262626262606,0.3209876543209876,0.6923076923076923,0.782608695652174,0.6111111111111112,0.1975308641975308,0.5,0.5333333333333333,0.875,0.074074074074074,0.3333333333333333,0.3333333333333333,,0.0987654320987654,0.375,0.375,1.0,0.3086419753086419,0.4,0.4,0.8,0.5,1.0,,,,,0.3,1.0,0.1,,0.4,0.25,0.7283950617283951,0.4,0.5629356249999999,0.51695,0.5722333333333334,0.1413043478260869,0.2068965517241379,0.0294117647058823,0.0526315789473684,0.1491228070175438,5.795833333333333,25.0125,0.1632653061224489,2026-02-24,22500833,BKN,,,,,,1.0,,,1.0,,,1.0,,,,0.3333333333333333,,,,,1.0,,,2025-26,2026,Regular Season,1610612742,DAL
48:00,102,104,14,31,13,206,22,30,9.0,12.0,4.0,6.0,18,36,3.0,9.0,1.0,4,1.0,1.0,7,22,,,1.0,3.0,43,75,8,26,20,130,11,16,,,,22,8.0,13.0,2.0,4.0,1.0,23.0,46,40,18,6.0,18.0,22,7,3.0,23,6,29,5,1.0,12,10,1.0,64,2,15,8,18,5.0,31,17,48,2.0,11,9,2.0,4,,4.0,1,,,,5,1.0,,20,22,,,16,1.0,,25,1.0,,13,,4,1.0,3.0,4,2.0,,,108,23.0,14,,0.5348837209302325,0.6764705882352942,0.75,0.3076923076923077,,0.5,0.3076923076923077,0.5733333333333334,0.6875,0.6153846153846154,0.5445544554455446,0.6875,0.6470588235294118,0.5752212389380531,0.6875,0.6388888888888888,0.2574257425742574,0.04,0.0333333333333333,0.0555555555555555,0.8,0.7142857142857143,0.782608695652174,0.46875,0.6666666666666666,0.1111111111111111,0.7428571428571429,0.34,0.75,0.3888888888888889,0.3333333333333333,0.0666666666666666,0.3333333333333333,0.8571428571428571,0.75,0.75,0.6666666666666666,0.6666666666666666,0.0425531914893617,103.0,0.5,15.291176470588235,12.695192307692308,14.800980392156864,12.319230769230767,0.297029702970297,0.7333333333333333,0.7586206896551724,0.5454545454545454,0.3564356435643564,0.5,0.5294117647058824,0.5555555555555556,0.0891089108910891,0.3333333333333333,0.3333333333333333,0.3333333333333333,0.0396039603960396,0.25,0.25,1.0,0.2178217821782178,0.3181818181818182,0.3181818181818182,0.7142857142857143,0.75,0.75,,,,,0.3529411764705882,0.6666666666666666,0.0588235294117647,1.0,0.1764705882352941,0.3333333333333333,0.5544554455445545,0.3181818181818182,0.5145381188118812,0.5371333333333334,0.5026794117647059,0.1150442477876106,0.1494252873563218,,0.1692307692307692,0.1769230769230769,6.573333333333333,25.553846153846152,0.1372549019607843,2026-02-26,22500854,SAC,,,,1.0,,,,,,,,,,,,,,,,,,,,2025-26,2026,Regular Season,1610612742,DAL
48:00,101,102,13,44,11,203,17,20,2.0,2.0,4.0,4.0,14,31,4.0,10.0,5.0,9,,,7,23,,,1.0,3.0,35,61,12,32,18,124,6,8,1.0,2.0,3.0,18,4.0,7.0,1.0,3.0,4.0,15.0,40,30,27,9.0,8.0,23,7,4.0,20,9,29,4,5.0,14,4,2.0,67,4,8,15,14,5.0,34,12,46,3.0,13,6,7.0,4,5.0,3.0,7,1.0,1.0,,11,1.0,2.0,15,26,6.0,1.0,13,,2.0,21,1.0,1.0,9,2.0,5,3.0,2.0,7,3.0,,,106,15.0,13,4.0,0.5714285714285714,0.6451612903225806,0.75,0.375,0.5,0.3333333333333333,0.375,0.5737704918032787,0.75,0.5714285714285714,0.5698924731182796,0.75,0.55,0.6078431372549019,0.8181818181818182,0.625,0.3440860215053763,0.0655737704918032,0.1,0.064516129032258,0.3636363636363636,1.0,0.5,0.3076923076923077,0.625,0.2,0.5576923076923077,0.2608695652173913,,0.4117647058823529,0.1666666666666666,0.25,,0.5,0.4615384615384615,0.6666666666666666,0.631578947368421,0.6,0.0714285714285714,101.5,0.4285714285714285,13.504950495049505,14.862745098039216,13.065346534653465,13.841176470588234,0.2150537634408602,0.85,0.9444444444444444,0.8235294117647058,0.3333333333333333,0.4516129032258064,0.4827586206896552,0.2857142857142857,0.1075268817204301,0.4,0.4,0.5,0.0967741935483871,0.5555555555555556,0.5555555555555556,1.0,0.2473118279569892,0.3043478260869565,0.3043478260869565,0.5714285714285714,0.2,1.0,0.5,,,,0.4,1.0,,,0.3,0.3333333333333333,0.5591397849462365,0.3043478260869565,0.5405752688172043,0.528625,0.588355,0.1078431372549019,0.1304347826086956,0.0606060606060606,0.1451612903225806,0.1209677419354838,8.057377049180328,25.328125,0.1287128712871287,2026-02-27,22500861,MEM,2.0,,,,,,2.0,,,0.2,,,,,,,1.0,2.0,0.5,1.0,,,,2025-26,2026,Regular Season,1610612742,DAL
48:00,98,100,9,30,10,198,14,22,2.0,2.0,1.0,1.0,12,22,7.0,9.0,1.0,6,,2.0,7,33,2.0,3.0,,2.0,33,53,8,39,10,100,3,3,2.0,3.0,2.0,14,1.0,3.0,,4.0,3.0,5.0,32,34,18,6.0,6.0,33,7,1.0,16,6,22,5,1.0,6,7,3.0,50,6,4,17,23,2.0,42,10,52,,9,4,5.0,6,,4.0,3,,2.0,,9,2.0,,7,17,2.0,2.0,18,1.0,3.0,15,,,6,,7,3.0,4.0,8,7.0,,,86,5.0,9,1.0,0.4848484848484848,0.5333333333333333,0.75,0.2051282051282051,0.6666666666666666,,0.2051282051282051,0.6226415094339622,1.0,0.3333333333333333,0.4891304347826087,1.0,0.1428571428571428,0.5,0.875,0.25,0.4239130434782608,0.0188679245283018,0.0454545454545454,,0.6666666666666666,1.0,0.7666666666666667,0.2,0.7391304347826086,0.2,0.7547169811320755,0.2,0.25,0.2,,0.12,0.6,0.6666666666666666,0.8181818181818182,0.8,0.7222222222222222,0.8,,99.0,0.875,14.16938775510204,14.914,13.93469387755102,14.461000000000002,0.2391304347826087,0.6363636363636364,0.6666666666666666,0.4285714285714285,0.2391304347826087,0.5454545454545454,0.5454545454545454,0.5833333333333334,0.0978260869565217,0.7777777777777778,0.7777777777777778,0.4285714285714285,0.0652173913043478,0.1666666666666666,0.1666666666666666,1.0,0.358695652173913,0.2121212121212121,0.2121212121212121,0.7142857142857143,0.3333333333333333,1.0,,0.5,0.6666666666666666,1.0,0.1428571428571428,1.0,0.2857142857142857,,0.2857142857142857,,0.6630434782608695,0.2121212121212121,0.5481771739130434,0.6105333333333333,0.5330214285714285,0.0612244897959183,0.1016949152542373,,0.14,0.05,7.609433962264151,25.54102564102564,0.0918367346938775,2026-03-01,22500876,OKC,,,,,1.0,1.0,1.0,,1.0,,,,,,,,,1.0,,,,,,2025-26,2026,Regular Season,1610612742,DAL
48:00,98,98,24,56,14,196,13,19,3.0,3.0,4.0,5.0,8,17,1.0,1.0,5.0,12,,2.0,15,39,2.0,3.0,5.0,11.0,22,37,20,51,13,117,4,4,3.0,6.0,1.0,18,4.0,6.0,5.0,13.0,2.0,25.0,32,12,48,12.0,2.0,39,15,4.0,16,16,32,12,4.0,11,5,,80,8,5,13,20,5.0,38,14,52,1.0,11,7,4.0,7,2.0,4.0,8,,3.0,2.0,15,3.0,4.0,16,31,3.0,1.0,19,,2.0,19,3.0,,8,1.0,6,3.0,3.0,7,3.0,1.0,,99,25.0,24,4.0,0.7272727272727273,0.7619047619047619,0.8,0.392156862745098,0.5,0.3846153846153846,0.392156862745098,0.5945945945945946,1.0,0.6666666666666666,0.5909090909090909,0.85,0.6052631578947368,0.6105263157894737,0.9,0.5952380952380952,0.5795454545454546,0.1081081081081081,0.0526315789473684,0.1764705882352941,0.4666666666666667,1.0,0.7692307692307693,0.3333333333333333,0.7222222222222222,0.2580645161290322,0.75,0.2826086956521739,0.5,0.2222222222222222,,0.25,0.2857142857142857,0.7777777777777778,0.6923076923076923,1.0,0.6923076923076923,0.8,0.0238095238095238,98.0,0.4285714285714285,15.96122448979592,13.426530612244898,15.294897959183674,13.08265306122449,0.2159090909090909,0.6842105263157895,0.7222222222222222,0.8461538461538461,0.1931818181818181,0.4705882352941176,0.5714285714285714,0.625,0.0113636363636363,1.0,1.0,,0.1363636363636363,0.4166666666666667,0.4166666666666667,0.8,0.4431818181818182,0.3846153846153846,0.3846153846153846,0.8,0.3,1.0,0.6666666666666666,0.3,0.6666666666666666,1.0,0.2631578947368421,0.8,0.1052631578947368,,0.5789473684210527,0.4545454545454545,0.7954545454545454,0.3846153846153846,0.5524079545454545,0.5990625,0.5540368421052632,0.0957446808510638,0.1904761904761904,0.0192307692307692,0.1538461538461538,0.2136752136752136,4.670270270270271,25.97058823529412,0.2448979591836734,2026-03-03,22500883,CHA,3.0,,,,1.0,1.0,1.0,,1.0,0.3,,1.0,,,,0.2,1.0,1.0,0.3333333333333333,,1.0,,,2025-26,2026,Regular Season,1610612742,DAL
48:00,98,98,11,22,13,196,24,37,4.0,7.0,3.0,5.0,4,16,3.0,5.0,3.0,10,,1.0,10,30,1.0,4.0,2.0,4.0,31,58,13,40,14,115,5,9,1.0,6.0,1.0,14,3.0,6.0,2.0,5.0,2.0,14.0,42,20,30,9.0,10.0,30,10,9.0,21,10,31,7,3.0,16,2,3.0,72,6,11,13,20,4.0,37,17,54,3.0,10,6,4.0,6,4.0,3.0,6,,3.0,,12,1.0,1.0,11,21,2.0,,17,2.0,1.0,16,2.0,1.0,7,1.0,2,1.0,1.0,2,2.0,,,101,14.0,11,3.0,0.6774193548387096,0.8076923076923077,0.7692307692307693,0.325,0.1666666666666666,0.4,0.325,0.5344827586206896,0.5555555555555556,0.5,0.5153061224489796,0.4333333333333333,0.5454545454545454,0.5436893203883495,0.4375,0.5833333333333334,0.4081632653061224,0.1551724137931034,0.081081081081081,0.375,0.5,1.0,0.7142857142857143,0.4074074074074074,0.7222222222222222,0.2307692307692307,0.717391304347826,0.320754716981132,0.3076923076923077,0.5,0.5,0.2631578947368421,0.1428571428571428,0.6,0.7647058823529411,0.6666666666666666,0.6428571428571429,1.0,0.0681818181818181,98.0,1.0,14.69591836734694,14.691836734693878,13.568367346938777,14.06938775510204,0.3775510204081632,0.6486486486486487,0.7058823529411765,0.6666666666666666,0.1632653061224489,0.25,0.4,0.5,0.0510204081632653,0.6,0.6,1.0,0.1020408163265306,0.3,0.3,1.0,0.3061224489795918,0.3333333333333333,0.3333333333333333,0.7,0.4666666666666667,0.5714285714285714,,0.2666666666666666,0.25,1.0,0.4545454545454545,0.6,0.0909090909090909,,0.3636363636363636,0.5,0.7857142857142857,0.3333333333333333,0.5549840206185567,0.5310818181818182,0.5721045454545455,0.0776699029126213,0.1111111111111111,0.025,0.1217391304347826,0.1217391304347826,4.298275862068966,25.27692307692308,0.1122448979591836,2026-03-05,22500899,ORL,2.0,2.0,,1.0,3.0,,,,,0.1333333333333333,,,,,,,,,,,,,,2025-26,2026,Regular Season,1610612742,DAL
48:00,102,101,13,7,15,203,21,27,5.0,6.0,3.0,3.0,6,14,4.0,10.0,8.0,16,1.0,3.0,8,33,1.0,1.0,,3.0,31,51,16,49,10,120,5,8,3.0,4.0,2.0,21,5.0,7.0,1.0,6.0,1.0,14.0,30,32,42,6.0,6.0,33,8,5.0,15,14,29,7,7.0,11,4,,72,11,5,20,27,1.0,48,16,64,1.0,6,5,1.0,2,1.0,,8,2.0,2.0,,10,1.0,1.0,6,10,,1.0,16,3.0,2.0,15,5.0,,10,,10,2.0,6.0,10,9.0,,1.0,99,14.0,13,,0.4838709677419355,0.5357142857142857,0.875,0.3265306122448979,0.75,0.1666666666666666,0.3265306122448979,0.6078431372549019,0.625,0.7142857142857143,0.55,0.7916666666666666,0.5,0.5714285714285714,0.8076923076923077,0.5384615384615384,0.49,0.0980392156862745,0.074074074074074,0.2142857142857142,0.2,0.5,0.7941176470588235,0.25,0.9523809523809524,0.3333333333333333,0.8545454545454545,0.3018867924528302,0.5,0.125,0.1666666666666666,0.36,0.25,0.8888888888888888,0.6666666666666666,1.0,0.9411764705882352,1.0,0.0208333333333333,101.5,0.9,14.050980392156864,14.324752475247523,13.07843137254902,13.897029702970295,0.27,0.7777777777777778,0.84,0.5238095238095238,0.14,0.4285714285714285,0.5454545454545454,0.6666666666666666,0.1,0.4,0.4,,0.16,0.5,0.5,0.875,0.33,0.2424242424242424,0.2424242424242424,0.875,0.5,0.8333333333333334,,0.0833333333333333,1.0,1.0,0.2307692307692307,1.0,0.2307692307692307,0.3333333333333333,0.2307692307692307,,0.76,0.2424242424242424,0.5454888888888889,0.518525,0.5418958333333334,0.0952380952380952,0.1785714285714285,,0.175,0.1166666666666666,6.770588235294118,26.05625,0.1274509803921568,2026-03-06,22500908,BOS,3.0,1.0,,,,,,,,0.25,,,,,,,2.0,,0.6666666666666666,1.0,,,2.0,2025-26,2026,Regular Season,1610612742,DAL
48:00,100,100,20,23,14,200,23,29,4.0,5.0,3.0,4.0,11,25,4.0,5.0,4.0,11,,1.0,6,26,1.0,4.0,3.0,9.0,38,59,10,37,16,122,4,5,1.0,5.0,4.0,15,6.0,9.0,3.0,10.0,7.0,28.0,60,16,27,3.0,4.0,26,6,6.0,30,9,39,5,4.0,17,9,4.0,87,8,7,19,18,,37,15,52,1.0,11,4,7.0,5,1.0,3.0,3,,2.0,,8,,1.0,11,19,1.0,,20,2.0,1.0,22,3.0,,10,,4,1.0,3.0,4,1.0,,,107,28.0,20,1.0,0.7894736842105263,0.8333333333333334,0.9,0.2702702702702703,0.2,0.3,0.2702702702702703,0.6440677966101694,0.8,0.6666666666666666,0.5520833333333334,0.55,0.5526315789473685,0.5761904761904761,0.5769230769230769,0.6086956521739131,0.3854166666666667,0.1016949152542373,0.1034482758620689,0.12,0.625,,0.6428571428571429,0.3333333333333333,0.7307692307692307,0.2962962962962963,0.6851851851851852,0.3125,0.3333333333333333,0.3571428571428571,,0.25,0.4285714285714285,0.4444444444444444,0.6923076923076923,0.8333333333333334,0.7777777777777778,0.625,0.024390243902439,100.0,0.25,13.189,15.611,12.573000000000002,15.031999999999998,0.3020833333333333,0.7931034482758621,0.8846153846153846,0.7391304347826086,0.2604166666666667,0.44,0.5,0.8181818181818182,0.0520833333333333,0.8,0.8,1.0,0.1145833333333333,0.3636363636363636,0.4,1.0,0.2708333333333333,0.2307692307692307,0.2307692307692307,0.8333333333333334,0.5,0.8,0.5,0.4,0.25,1.0,0.2105263157894736,0.75,0.0526315789473684,,0.4736842105263157,0.3333333333333333,0.6875,0.2307692307692307,0.5808715789473684,0.6545928571428572,0.5620888888888889,0.0970873786407767,0.1515151515151515,,0.1229508196721311,0.2295081967213114,5.657627118644068,25.3,0.2,2026-03-08,22500924,TOR,1.0,,,,1.0,2.0,,,2.0,0.1,1.0,,0.027027027027027,0.0909090909090909,,,,,,,,,,2025-26,2026,Regular Season,1610612742,DAL
48:00,99,99,15,29,13,198,22,25,7.0,7.0,2.0,2.0,8,24,5.0,10.0,1.0,5,,,13,31,2.0,4.0,3.0,7.0,35,59,14,36,12,124,7,8,2.0,4.0,4.0,24,3.0,6.0,3.0,7.0,1.0,16.0,34,36,36,6.0,10.0,31,13,,17,12,29,11,1.0,12,4,1.0,70,5,9,16,15,4.0,35,14,49,1.0,8,5,3.0,6,2.0,3.0,4,,3.0,,10,,3.0,10,18,,,16,,,18,2.0,,10,,8,5.0,3.0,8,5.0,,,100,16.0,15,1.0,0.4857142857142857,0.5666666666666667,0.8571428571428571,0.3888888888888889,0.5,0.4285714285714285,0.3888888888888889,0.5932203389830508,0.875,0.5,0.5894736842105263,0.8333333333333334,0.5769230769230769,0.6019417475728155,0.8571428571428571,0.5714285714285714,0.3789473684210526,,,,0.6,1.0,0.5769230769230769,0.391304347826087,0.8421052631578947,0.2272727272727272,0.6888888888888889,0.3111111111111111,,0.5333333333333333,0.2,0.2222222222222222,0.25,0.5,0.5833333333333334,0.6666666666666666,0.8666666666666667,0.75,0.0222222222222222,99.0,0.625,13.525252525252526,15.565656565656566,12.956565656565656,14.983838383838386,0.2631578947368421,0.88,0.88,0.5454545454545454,0.2526315789473684,0.3333333333333333,0.3333333333333333,0.5,0.1052631578947368,0.5,0.5,0.2,0.0526315789473684,0.2,0.2,1.0,0.3263157894736842,0.4193548387096774,0.4193548387096774,0.8461538461538461,0.5833333333333334,1.0,0.1428571428571428,0.3333333333333333,0.5,0.5,0.1538461538461538,1.0,,,0.5384615384615384,0.4285714285714285,0.6421052631578947,0.4193548387096774,0.5599152631578947,0.5534857142857142,0.5363461538461538,0.0970873786407767,0.1492537313432835,,0.1935483870967742,0.1290322580645161,6.596610169491525,25.313888888888886,0.1515151515151515,2026-03-10,22500939,ATL,,1.0,,2.0,,,,,,,,,,,,,,,,,,,,2025-26,2026,Regular Season,1610612742,DAL
48:00,101,101,16,36,15,202,17,30,4.0,6.0,4.0,4.0,6,15,4.0,5.0,2.0,7,2.0,3.0,12,42,1.0,9.0,3.0,8.0,27,50,14,49,16,112,4,7,1.0,9.0,,11,5.0,5.0,5.0,11.0,4.0,29.0,28,26,36,6.0,8.0,42,12,8.0,14,12,26,10,2.0,10,2,2.0,64,8,7,13,12,2.0,27,17,44,1.0,10,7,3.0,8,2.0,5.0,2,,3.0,,10,,,9,18,3.0,,17,1.0,1.0,22,2.0,,10,1.0,5,4.0,1.0,5,2.0,,,101,29.0,16,3.0,0.5185185185185185,0.6086956521739131,0.8571428571428571,0.2857142857142857,0.1111111111111111,0.4545454545454545,0.2857142857142857,0.54,0.5714285714285714,1.0,0.4848484848484848,0.34375,0.78125,0.5138888888888888,0.3235294117647059,0.8055555555555556,0.494949494949495,0.16,0.2,0.0666666666666666,0.8,0.5,0.4615384615384615,0.3043478260869565,0.65,0.2352941176470588,0.5434782608695652,0.2631578947368421,0.3846153846153846,0.2222222222222222,,0.2758620689655172,,0.4,0.4,0.6666666666666666,0.6153846153846154,0.7142857142857143,0.0208333333333333,101.0,0.4,13.74950495049505,14.765346534653466,12.886138613861386,14.114851485148511,0.303030303030303,0.5666666666666667,0.7083333333333334,0.5882352941176471,0.1515151515151515,0.4,0.4285714285714285,0.3333333333333333,0.0505050505050505,0.8,1.0,0.5,0.0707070707070707,0.2857142857142857,0.2857142857142857,1.0,0.4242424242424242,0.2857142857142857,0.2926829268292683,0.8333333333333334,0.375,0.6666666666666666,,0.5625,0.1111111111111111,1.0,0.25,1.0,0.1875,0.6666666666666666,0.5,0.375,0.797979797979798,0.2857142857142857,0.5361933673469388,0.530285,0.5323733333333334,0.1018518518518518,0.1724137931034483,0.02,0.0982142857142857,0.2589285714285714,5.734,25.51875,0.1584158415841584,2026-03-12,22501111,MEM,,,,,1.0,,,,,,1.0,2.0,0.0204081632653061,,0.0238095238095238,0.6666666666666666,,,,,,0.2,,2025-26,2026,Regular Season,1610612742,DAL
48:00,100,101,3,39,10,201,25,31,7.0,7.0,1.0,2.0,12,20,1.0,2.0,5.0,8,,,13,31,1.0,3.0,,,38,53,18,39,8,138,7,7,1.0,3.0,,17,2.0,3.0,,,2.0,6.0,32,44,48,6.0,12.0,31,13,3.0,16,16,32,11,5.0,12,3,1.0,80,3,8,16,17,3.0,36,11,47,3.0,12,10,2.0,4,7.0,,10,,4.0,,14,,,12,22,2.0,2.0,14,,1.0,13,3.0,,8,,4,2.0,2.0,4,4.0,,,121,6.0,3,2.0,0.4210526315789473,0.5,0.8888888888888888,0.4615384615384615,0.3333333333333333,,0.4615384615384615,0.7169811320754716,1.0,0.6666666666666666,0.7065217391304348,0.85,0.6666666666666666,0.711340206185567,0.85,0.75,0.4239130434782608,0.0566037735849056,0.064516129032258,0.05,0.2857142857142857,1.0,0.68,0.5333333333333333,0.6666666666666666,0.1428571428571428,0.673469387755102,0.3055555555555556,0.6666666666666666,0.375,1.0,0.1666666666666666,,0.6666666666666666,0.7272727272727273,0.625,0.7222222222222222,0.5,0.0909090909090909,100.5,1.0,13.124,15.52079207920792,12.877,14.826732673267326,0.3369565217391304,0.8064516129032258,0.8620689655172413,0.48,0.217391304347826,0.6,0.631578947368421,0.25,0.0217391304347826,0.5,0.5,1.0,0.0869565217391304,0.625,0.625,1.0,0.3369565217391304,0.4193548387096774,0.4193548387096774,0.8461538461538461,0.7,1.0,0.1428571428571428,0.3,0.3333333333333333,1.0,0.6666666666666666,0.5,,,,,0.7608695652173914,0.4193548387096774,0.5655967032967033,0.5942125,0.4970666666666667,0.0824742268041237,0.1379310344827586,,0.1231884057971014,0.0434782608695652,4.871698113207547,25.289473684210527,0.03,2026-03-13,22500965,CLE,,1.0,,,,,,,,,,,,,,,,,,,,,,2025-26,2026,Regular Season,1610612742,DAL
48:00,100,102,32,31,8,202,21,27,3.0,4.0,8.0,9.0,7,16,1.0,4.0,6.0,13,3.0,3.0,10,29,1.0,3.0,1.0,8.0,29,47,16,42,14,120,3,5,1.0,5.0,,9,10.0,14.0,4.0,11.0,11.0,43.0,36,22,42,6.0,6.0,29,10,4.0,18,14,32,8,6.0,14,3,1.0,78,7,4,12,19,1.0,32,11,43,1.0,5,4,1.0,13,,8.0,3,1.0,5.0,,16,1.0,5.0,14,21,1.0,,21,2.0,1.0,21,6.0,,12,1.0,5,2.0,2.0,5,3.0,,,111,43.0,32,1.0,0.6206896551724138,0.6923076923076923,0.875,0.3809523809523809,0.2,0.3636363636363636,0.3809523809523809,0.6170212765957447,0.6,0.7142857142857143,0.5955056179775281,0.45,0.64,0.625,0.45,0.7413793103448276,0.4719101123595505,0.0851063829787234,0.1111111111111111,,0.8125,1.0,0.76,0.2222222222222222,0.8,0.28,0.775,0.2558139534883721,0.3333333333333333,0.2222222222222222,,0.2777777777777778,0.2857142857142857,0.75,0.7857142857142857,0.7142857142857143,0.7692307692307693,1.0,0.0263157894736842,101.0,0.6,14.323,14.19313725490196,13.723,14.001960784313724,0.3033707865168539,0.7777777777777778,0.875,0.6666666666666666,0.1797752808988764,0.4375,0.4375,0.4285714285714285,0.0449438202247191,0.25,0.3333333333333333,1.0,0.146067415730337,0.4615384615384615,0.4615384615384615,1.0,0.3258426966292135,0.3448275862068966,0.3571428571428571,0.8,0.4,0.75,,0.3,0.3333333333333333,1.0,0.36,0.8888888888888888,0.12,1.0,0.32,0.125,0.7752808988764045,0.3448275862068966,0.5767869318181819,0.58629,0.5971062500000001,0.1354166666666666,0.2264150943396226,0.0232558139534883,0.075,0.3583333333333333,4.98936170212766,24.929268292682927,0.32,2026-03-15,22500977,CLE,2.0,1.0,,,,,,,,0.2,1.0,,0.0238095238095238,,0.0344827586206896,,,,,,1.0,0.25,1.0,2025-26,2026,Regular Season,1610612742,DAL
48:00,108,108,35,12,15,216,29,41,6.0,7.0,5.0,10.0,8,16,,3.0,4.0,10,,1.0,7,25,,2.0,3.0,11.0,37,60,11,35,22,129,6,8,,3.0,4.0,16,8.0,18.0,3.0,12.0,9.0,34.0,44,30,27,6.0,6.0,25,7,2.0,22,9,31,5,4.0,19,3,,71,7,8,20,24,2.0,46,15,61,4.0,7,4,3.0,10,1.0,8.0,4,1.0,2.0,,14,,5.0,6,16,1.0,,22,,,34,6.0,,18,,11,6.0,5.0,12,8.0,,,113,34.0,35,1.0,0.5945945945945946,0.6470588235294118,0.8181818181818182,0.3142857142857143,,0.25,0.3142857142857143,0.6166666666666667,0.75,0.4444444444444444,0.5631578947368421,0.5454545454545454,0.4166666666666667,0.591743119266055,0.5333333333333333,0.4722222222222222,0.3684210526315789,0.0333333333333333,0.024390243902439,,0.7142857142857143,1.0,0.6857142857142857,0.3478260869565217,0.8333333333333334,0.2916666666666667,0.7457627118644068,0.3191489361702128,0.3333333333333333,0.5,,0.3888888888888889,,0.5833333333333334,0.7647058823529411,0.6666666666666666,0.8235294117647058,0.8571428571428571,0.0909090909090909,108.0,0.6666666666666666,13.498148148148148,13.16851851851852,12.757407407407406,12.682407407407409,0.431578947368421,0.7073170731707317,0.725,0.6551724137931034,0.1684210526315789,0.5,0.5,0.375,0.031578947368421,,,,0.1052631578947368,0.4,0.4,1.0,0.2631578947368421,0.28,0.2916666666666667,0.7142857142857143,0.6363636363636364,0.8571428571428571,0.3333333333333333,0.1818181818181818,,,0.3333333333333333,0.5,0.0333333333333333,,0.3666666666666666,0.2727272727272727,0.8,0.28,0.5977215789473684,0.59865,0.5720933333333333,0.1682242990654205,0.25,,0.1240310077519379,0.2635658914728682,3.975,25.542857142857144,0.324074074074074,2026-03-16,22500988,NOP,1.0,,2.0,,,2.0,1.0,,2.0,0.0909090909090909,1.0,,0.0285714285714285,,0.04,,,1.0,,,,0.3333333333333333,,2025-26,2026,Regular Season,1610612742,DAL
48:00,104,105,23,38,14,209,17,28,3.0,4.0,4.0,5.0,20,31,4.0,8.0,4.0,8,1.0,1.0,10,28,1.0,2.0,2.0,6.0,41,67,14,36,11,135,5,7,2.0,4.0,1.0,17,9.0,14.0,3.0,7.0,2.0,29.0,48,34,36,6.0,6.0,28,10,6.0,24,12,36,8,4.0,9,13,2.0,84,5,10,12,18,1.0,31,16,47,3.0,10,7,3.0,8,1.0,4.0,3,,4.0,,11,4.0,3.0,9,21,2.0,,12,,1.0,14,4.0,,8,,2,1.0,1.0,3,1.0,1.0,,118,29.0,23,5.0,0.5853658536585366,0.631578947368421,0.8571428571428571,0.3888888888888889,0.5,0.4285714285714285,0.3888888888888889,0.6119402985074627,0.7142857142857143,0.6428571428571429,0.6019417475728155,0.7272727272727273,0.6428571428571429,0.625,0.7727272727272727,0.6590909090909091,0.3495145631067961,0.0895522388059701,0.1071428571428571,0.0967741935483871,0.7272727272727273,0.5,0.6666666666666666,0.3846153846153846,0.7058823529411765,0.2272727272727272,0.6818181818181818,0.3125,0.3636363636363636,0.4545454545454545,0.25,0.2777777777777778,,0.5714285714285714,0.6153846153846154,0.8571428571428571,0.5833333333333334,1.0,0.0714285714285714,104.5,0.3333333333333333,13.602884615384616,13.955238095238094,13.140384615384615,13.411428571428573,0.2718446601941747,0.6071428571428571,0.68,0.5294117647058824,0.3009708737864077,0.6451612903225806,0.7142857142857143,0.65,0.0776699029126213,0.5,0.5,0.5,0.0776699029126213,0.5,0.5,1.0,0.2718446601941747,0.3571428571428571,0.3571428571428571,0.8,0.3636363636363636,0.75,,0.1818181818181818,0.5,,0.238095238095238,0.8,0.0476190476190476,1.0,0.2857142857142857,0.3333333333333333,0.6213592233009708,0.3571428571428571,0.5338168316831683,0.5693875,0.5125575,0.0747663551401869,0.1126760563380281,,0.1259259259259259,0.2148148148148148,6.474626865671642,26.84,0.2211538461538461,2026-03-18,22501006,ATL,2.0,2.0,,,,1.0,1.0,,1.0,0.1818181818181818,,1.0,,,,0.5,1.0,1.0,0.5,1.0,,,,2025-26,2026,Regular Season,1610612742,DAL
53:00,102,106,17,27,6,208,15,19,3.0,3.0,1.0,2.0,11,22,4.0,7.0,6.0,11,,1.0,15,33,2.0,3.0,2.0,7.0,30,48,21,44,15,138,3,3,3.0,4.0,,15,4.0,9.0,2.0,8.0,3.0,17.0,34,26,48,15.0,4.0,33,15,6.0,17,16,33,10,6.0,10,5,2.0,82,7,2,13,20,3.0,36,9,45,3.0,8,4,4.0,5,1.0,3.0,7,3.0,2.0,,12,,2.0,14,22,1.0,,16,1.0,,18,1.0,,8,,9,3.0,6.0,10,6.0,,,123,17.0,17,3.0,0.5666666666666667,0.6071428571428571,0.7619047619047619,0.4772727272727273,0.75,0.25,0.4772727272727273,0.625,1.0,0.4444444444444444,0.6684782608695652,1.0714285714285714,0.4117647058823529,0.69,1.0714285714285714,0.4722222222222222,0.4782608695652174,0.125,0.1578947368421052,0.1363636363636363,0.4166666666666667,1.0,0.6060606060606061,0.1111111111111111,0.6190476190476191,0.3043478260869565,0.6111111111111112,0.2195121951219512,0.25,0.0909090909090909,,0.3333333333333333,0.2,1.0,0.5238095238095238,0.5,0.8,0.1666666666666666,0.0857142857142857,94.188679245283,0.6,15.194117647058825,15.379245283018868,14.798039215686272,14.549056603773586,0.2065217391304347,0.7894736842105263,0.9375,0.6666666666666666,0.2391304347826087,0.5,0.5789473684210527,0.4545454545454545,0.0760869565217391,0.5714285714285714,0.5714285714285714,0.5,0.1195652173913043,0.5454545454545454,0.5454545454545454,1.0,0.358695652173913,0.4545454545454545,0.4545454545454545,0.6666666666666666,0.4285714285714285,1.0,,0.4285714285714285,0.6666666666666666,0.5,0.1176470588235294,0.5,0.0588235294117647,,0.4117647058823529,0.2857142857142857,0.6847826086956522,0.4545454545454545,0.5303083333333334,0.5474,0.479296875,0.0808080808080808,0.1454545454545454,,0.108695652173913,0.1231884057971014,7.41875,25.76666666666667,0.1666666666666666,2026-03-21,22501029,LAC,1.0,,,,,1.0,1.0,,1.0,0.1428571428571428,,,,,,,1.0,1.0,1.0,1.0,1.0,,,2025-26,2026,Regular Season,1610612742,DAL
52:59,112,113,35,39,18,225,24,31,8.0,10.0,6.0,8.0,8,19,2.0,4.0,7.0,15,,3.0,10,32,,1.0,1.0,8.0,34,54,17,47,18,137,10,15,,3.0,3.0,23,7.0,14.0,1.0,11.0,10.0,27.0,44,24,51,,8.0,32,10,2.0,22,17,39,10,7.0,17,3,2.0,95,16,8,17,12,5.0,34,24,58,1.0,16,5,11.0,13,5.0,8.0,11,1.0,5.0,,24,4.0,10.0,9,25,4.0,1.0,23,1.0,1.0,24,4.0,,11,,4,,3.0,4,3.0,,,114,26.0,34,2.0,0.6470588235294118,0.7333333333333333,1.0,0.3617021276595745,,0.0909090909090909,0.3617021276595745,0.6296296296296297,0.6666666666666666,0.5,0.5891089108910891,0.5555555555555556,0.34,0.6171171171171171,0.6052631578947368,0.421875,0.4653465346534653,0.037037037037037,,0.1052631578947368,0.5416666666666666,1.0,0.75,0.4,0.8095238095238095,0.5333333333333333,0.7837837837837838,0.48,0.2857142857142857,0.4545454545454545,0.5,0.5454545454545454,0.5,0.5,0.8571428571428571,0.7142857142857143,0.8095238095238095,,0.0212765957446808,101.88679245283024,0.75,14.525,13.745132743362817,13.6875,13.478761061946884,0.3069306930693069,0.7741935483870968,0.7741935483870968,0.7083333333333334,0.1881188118811881,0.4210526315789473,0.4705882352941176,0.375,0.0396039603960396,0.5,0.5,1.0,0.1485148514851485,0.4666666666666667,0.5,1.0,0.3168316831683168,0.3125,0.3125,1.0,0.5555555555555556,0.8,0.5,0.0555555555555555,,,0.32,0.75,0.12,,0.32,0.125,0.7722772277227723,0.3125,0.5697237623762376,0.6062714285714286,0.550736,0.1018518518518518,0.180327868852459,,0.1678832116788321,0.1970802919708029,5.022222222222222,24.785106382978725,0.3125,2026-03-23,22501044,GSW,2.0,2.0,1.0,,,3.0,,,2.0,0.1111111111111111,1.0,,0.0212765957446808,0.0666666666666666,,,,,,,,,1.0,2025-26,2026,Regular Season,1610612742,DAL
48:00,103,105,33,38,8,208,17,25,3.0,4.0,3.0,5.0,10,19,4.0,7.0,7.0,10,4.0,4.0,12,30,,1.0,4.0,9.0,31,51,19,40,23,142,4,6,,1.0,,8,7.0,14.0,8.0,13.0,14.0,52.0,42,20,45,12.0,6.0,30,12,3.0,21,15,36,8,7.0,11,7,3.0,87,3,6,21,17,4.0,42,9,51,3.0,1,1,,3,1.0,2.0,6,1.0,1.0,,9,1.0,3.0,15,27,1.0,1.0,22,2.0,1.0,29,3.0,,9,,1,,1.0,1,,,,134,49.0,31,5.0,0.6774193548387096,0.75,0.7894736842105263,0.475,,0.6153846153846154,0.475,0.6078431372549019,0.6666666666666666,0.5,0.6538461538461539,0.5714285714285714,0.7037037037037037,0.6826923076923077,0.5714285714285714,0.7428571428571429,0.4395604395604395,0.0588235294117647,0.04,0.0526315789473684,0.3333333333333333,1.0,0.6538461538461539,0.3,0.9130434782608696,0.1578947368421052,0.7755102040816326,0.2307692307692307,0.125,0.3333333333333333,0.6666666666666666,0.1875,,0.4285714285714285,0.6666666666666666,0.8571428571428571,0.9375,0.8571428571428571,0.0833333333333333,103.99999999999994,,14.256310679611651,13.443809523809543,13.886407766990294,12.948571428571448,0.2747252747252747,0.68,0.7083333333333334,0.6470588235294118,0.2087912087912088,0.5263157894736842,0.5555555555555556,0.7,0.0769230769230769,0.5714285714285714,0.6666666666666666,0.75,0.1098901098901098,0.7,0.7,1.0,0.3296703296703296,0.4,0.4,0.6666666666666666,0.5714285714285714,0.75,,0.1428571428571428,,,0.1851851851851851,0.6,0.1481481481481481,1.0,0.3333333333333333,0.4444444444444444,0.7142857142857143,0.4,0.5579977528089888,0.5010416666666667,0.521104,0.0927835051546391,0.1578947368421052,,0.056338028169014,0.3661971830985915,6.325490196078432,25.58157894736842,0.3203883495145631,2026-03-25,22501059,DEN,,,2.0,,,7.0,,,5.0,,,,,,,,,,,,,0.1428571428571428,,2025-26,2026,Regular Season,1610612742,DAL
48:00,103,103,24,44,13,206,14,29,2.0,6.0,6.0,9.0,7,18,2.0,2.0,3.0,8,,3.0,5,22,,1.0,,3.0,23,49,8,30,23,93,3,8,1.0,3.0,3.0,12,8.0,14.0,,6.0,6.0,22.0,20,26,18,6.0,4.0,22,5,4.0,10,6,16,3,3.0,8,2,,38,7,8,15,22,3.0,40,16,56,1.0,8,4,4.0,12,4.0,8.0,13,4.0,4.0,,25,2.0,5.0,12,23,1.0,,22,2.0,2.0,33,1.0,,17,,7,6.0,1.0,7,4.0,,1.0,81,22.0,24,,0.4347826086956521,0.4761904761904761,0.75,0.2666666666666666,0.3333333333333333,,0.2666666666666666,0.4693877551020408,0.375,0.5714285714285714,0.4430379746835443,0.4090909090909091,0.4,0.4894736842105263,0.4285714285714285,0.44,0.379746835443038,0.0816326530612244,0.0689655172413793,0.1111111111111111,0.48,0.75,0.7857142857142857,0.32,0.8823529411764706,0.3333333333333333,0.8222222222222222,0.3260869565217391,0.3571428571428571,0.2727272727272727,,0.375,0.2,0.7272727272727273,0.8181818181818182,0.8333333333333334,0.8333333333333334,1.0,0.024390243902439,103.0,0.5714285714285714,13.579611650485438,14.381553398058252,12.764077669902914,14.002912621359222,0.3670886075949367,0.4827586206896552,0.5185185185185185,0.5714285714285714,0.2278481012658227,0.3888888888888889,0.4375,0.2857142857142857,0.0253164556962025,1.0,1.0,,0.1012658227848101,0.375,0.375,1.0,0.2784810126582278,0.2272727272727272,0.238095238095238,0.6,0.5454545454545454,0.3333333333333333,,0.0909090909090909,,,0.45,0.6666666666666666,0.15,,0.15,,0.7468354430379747,0.2272727272727272,0.5558246835443038,0.53295,0.57105,0.1789473684210526,0.2615384615384615,,0.1290322580645161,0.2365591397849462,4.542857142857143,25.44333333333333,0.233009708737864,2026-03-27,22501074,POR,2.0,,,,,,,,,0.1818181818181818,1.0,1.0,0.0333333333333333,,0.0454545454545454,0.3333333333333333,1.0,,0.5,1.0,2.0,,,2025-26,2026,Regular Season,1610612742,DAL
48:00,102,103,17,36,9,205,29,35,4.0,6.0,3.0,5.0,6,22,2.0,8.0,5.0,8,1.0,1.0,9,24,,,1.0,2.0,37,65,14,32,8,124,4,7,,,2.0,10,4.0,11.0,2.0,3.0,4.0,18.0,42,32,36,6.0,8.0,24,9,3.0,21,12,33,8,4.0,16,4,1.0,78,4,6,14,27,5.0,46,10,56,1.0,8,6,2.0,6,2.0,1.0,5,,5.0,,11,,2.0,12,27,3.0,,14,1.0,1.0,12,5.0,,8,,6,4.0,2.0,6,3.0,,,114,18.0,17,6.0,0.5675675675675675,0.6363636363636364,0.8571428571428571,0.4375,,0.6666666666666666,0.4375,0.5692307692307692,0.5714285714285714,0.3636363636363636,0.5979381443298969,0.5714285714285714,0.5,0.615,0.625,0.5625,0.3298969072164948,0.0461538461538461,0.0857142857142857,,0.5454545454545454,0.8333333333333334,0.75,0.2142857142857142,0.6363636363636364,0.2222222222222222,0.7068965517241379,0.217391304347826,0.3333333333333333,0.25,,0.2666666666666666,,0.5555555555555556,0.7333333333333333,0.9166666666666666,0.65,0.5,0.0232558139534883,102.5,0.5,13.83529411764706,14.26019417475728,13.5,13.616504854368932,0.3608247422680412,0.8285714285714286,0.90625,0.5517241379310345,0.2268041237113402,0.2727272727272727,0.2727272727272727,0.6666666666666666,0.0824742268041237,0.25,0.25,0.5,0.0824742268041237,0.625,0.625,0.8,0.2474226804123711,0.375,0.375,0.8888888888888888,0.8571428571428571,0.6666666666666666,,,,,0.3571428571428571,0.6,0.0714285714285714,1.0,0.1428571428571428,0.5,0.6907216494845361,0.375,0.57785,0.53872,0.5247714285714286,0.08,0.1176470588235294,,0.0806451612903225,0.1451612903225806,6.041538461538462,24.887096774193548,0.1666666666666666,2026-03-30,22501095,MIN,,1.0,,,1.0,,,,,,,,,,,,,,,,,,,2025-26,2026,Regular Season,1610612742,DAL
48:00,109,109,17,35,12,218,14,21,2.0,5.0,3.0,4.0,6,13,1.0,4.0,6.0,14,,3.0,14,41,2.0,3.0,,7.0,21,38,20,55,21,123,2,6,2.0,4.0,2.0,12,3.0,4.0,,10.0,6.0,12.0,20,22,54,6.0,4.0,41,14,4.0,10,18,28,12,6.0,8,2,,74,9,5,18,29,4.0,51,14,65,,7,5,2.0,12,,9.0,6,3.0,3.0,,18,1.0,3.0,13,19,2.0,,19,1.0,1.0,26,3.0,,12,1.0,9,4.0,4.0,9,5.0,,,111,12.0,17,2.0,0.4761904761904761,0.5263157894736842,0.9,0.3636363636363636,0.5,,0.3636363636363636,0.5526315789473685,0.3333333333333333,0.75,0.5483870967741935,0.5,0.2142857142857142,0.5913461538461539,0.5,0.3333333333333333,0.5913978494623656,0.1052631578947368,0.0476190476190476,0.2307692307692307,0.6666666666666666,1.0,0.8055555555555556,0.2941176470588235,0.6923076923076923,0.2647058823529412,0.7580645161290323,0.2745098039215686,0.4285714285714285,0.1428571428571428,0.3333333333333333,0.3461538461538461,,0.8,0.8125,0.8,0.6842105263157895,0.7142857142857143,,109.0,0.5555555555555556,13.855963302752292,12.56605504587156,13.227522935779817,11.995412844036696,0.2258064516129032,0.6666666666666666,0.7,0.5714285714285714,0.1397849462365591,0.4615384615384615,0.6,0.3333333333333333,0.043010752688172,0.25,0.25,,0.1505376344086021,0.4285714285714285,0.4285714285714285,1.0,0.4408602150537634,0.3414634146341463,0.3414634146341463,0.8571428571428571,0.5,0.4,,0.3,0.6666666666666666,0.5,0.2857142857142857,0.75,0.2142857142857142,,0.5,,0.8172043010752689,0.3414634146341463,0.5583733695652174,0.594225,0.5765785714285715,0.1262135922330097,0.2553191489361702,0.0178571428571428,0.0975609756097561,0.0975609756097561,5.426315789473684,25.84444444444444,0.1559633027522936,2026-03-31,22500652,MIL,1.0,1.0,,1.0,,1.0,,,1.0,0.1,,,,,,,,,,,,,1.0,2025-26,2026,Regular Season,1610612742,DAL
48:00,107,109,30,36,8,216,17,26,1.0,4.0,5.0,7.0,11,25,5.0,7.0,5.0,10,1.0,1.0,9,16,,,3.0,4.0,33,58,14,26,30,138,2,6,,,2.0,6,10.0,15.0,4.0,5.0,15.0,47.0,46,20,36,6.0,2.0,16,9,5.0,23,12,35,7,5.0,13,7,3.0,82,2,8,22,14,2.0,38,10,48,,10,7,3.0,9,4.0,7.0,8,,2.0,,17,2.0,6.0,13,26,1.0,2.0,23,,1.0,37,3.0,,14,,1,,1.0,1,,,1.0,132,47.0,30,2.0,0.696969696969697,0.71875,0.8571428571428571,0.5384615384615384,,0.8,0.5384615384615384,0.5689655172413793,0.3333333333333333,0.6666666666666666,0.6428571428571429,0.3333333333333333,0.8,0.6818181818181818,0.4285714285714285,0.8518518518518519,0.3095238095238095,0.0862068965517241,0.1153846153846153,0.08,0.5294117647058824,1.0,0.6086956521739131,0.32,0.7857142857142857,0.1666666666666666,0.7058823529411765,0.2702702702702703,0.3333333333333333,0.3571428571428571,,,0.4,0.3333333333333333,0.7333333333333333,0.5,0.7391304347826086,1.0,,108.0,,13.509345794392525,13.160550458715596,13.17289719626168,12.658715596330277,0.3095238095238095,0.6538461538461539,0.7391304347826086,0.7647058823529411,0.2976190476190476,0.44,0.4782608695652174,0.6363636363636364,0.0833333333333333,0.7142857142857143,0.7142857142857143,0.6,0.119047619047619,0.5,0.5,1.0,0.1904761904761904,0.5625,0.5625,0.7777777777777778,0.6666666666666666,0.25,,,,,0.35,0.7142857142857143,0.05,1.0,0.2,0.75,0.6190476190476191,0.5625,0.5532714285714286,0.5935166666666667,0.5497375,0.1473684210526315,0.2028985507246377,,0.0434782608695652,0.3405797101449275,6.560344827586207,24.9,0.2803738317757009,2026-04-03,22501127,ORL,,1.0,,,4.0,4.0,,,4.0,,,,,,,,,,,,,,,2025-26,2026,Regular Season,1610612742,DAL
48:00,102,102,16,24,12,204,25,31,4.0,6.0,8.0,9.0,9,22,5.0,11.0,4.0,7,,2.0,4,20,1.0,1.0,,3.0,39,64,8,27,26,128,4,8,2.0,3.0,7.0,21,8.0,11.0,,5.0,6.0,22.0,58,20,21,3.0,4.0,20,4,5.0,29,7,36,3,4.0,20,6,3.0,79,7,8,18,16,4.0,38,15,53,1.0,6,3,3.0,11,,9.0,1,,2.0,,12,,1.0,14,23,,1.0,22,1.0,,33,3.0,,15,,1,,1.0,1,1.0,2.0,,107,21.0,15,3.0,0.7435897435897436,0.7837837837837838,0.875,0.2962962962962963,0.6666666666666666,,0.2962962962962963,0.609375,0.5,0.7272727272727273,0.5604395604395604,0.6363636363636364,0.5,0.6,0.7,0.55,0.2967032967032967,0.078125,0.032258064516129,0.1818181818181818,0.9166666666666666,0.8,0.6666666666666666,0.32,1.0,0.4117647058823529,0.8095238095238095,0.3571428571428571,0.6666666666666666,0.3076923076923077,,0.4,0.5,0.4285714285714285,0.7272727272727273,0.8333333333333334,1.0,1.0,0.027027027027027,102.0,1.0,15.516666666666667,12.718627450980392,14.665686274509804,12.483333333333333,0.3406593406593406,0.8064516129032258,0.8333333333333334,0.8,0.2417582417582417,0.4090909090909091,0.5,0.6666666666666666,0.1208791208791208,0.4545454545454545,0.4545454545454545,0.6,0.0769230769230769,0.5714285714285714,0.5714285714285714,1.0,0.2197802197802197,0.2,0.2,0.75,0.5454545454545454,0.6666666666666666,0.5,0.0909090909090909,1.0,,0.5625,0.8888888888888888,0.125,,0.1875,,0.6373626373626373,0.2,0.5334005494505495,0.5249285714285714,0.5743625,0.145631067961165,0.1973684210526315,,0.1640625,0.171875,6.7984375,25.548148148148147,0.1568627450980392,2026-04-05,22501140,LAL,2.0,,,1.0,2.0,2.0,,,1.0,0.1818181818181818,,,,,,,1.0,,0.5,1.0,,,,2025-26,2026,Regular Season,1610612742,DAL
48:00,105,106,22,27,12,211,15,28,4.0,8.0,1.0,4.0,11,22,1.0,5.0,3.0,7,1.0,1.0,11,30,,1.0,,6.0,27,55,14,37,20,116,4,9,,2.0,3.0,11,2.0,7.0,1.0,7.0,6.0,13.0,24,30,33,9.0,6.0,30,11,7.0,12,11,23,8,3.0,8,4,,57,6,7,18,28,,46,14,60,5.0,6,6,,9,2.0,2.0,6,,7.0,,15,,6.0,13,18,1.0,1.0,20,1.0,,28,3.0,1.0,13,1.0,8,7.0,1.0,9,6.0,,,105,13.0,22,1.0,0.4444444444444444,0.5,0.7857142857142857,0.3783783783783784,,0.1428571428571428,0.3783783783783784,0.4909090909090909,0.4444444444444444,0.2857142857142857,0.5217391304347826,0.3636363636363636,0.25,0.5576923076923077,0.4230769230769231,0.3421052631578947,0.4021739130434782,0.1272727272727272,0.1785714285714285,0.0454545454545454,0.6,,0.7368421052631579,0.2592592592592592,0.6666666666666666,0.2608695652173913,0.7076923076923077,0.26,0.3846153846153846,0.1818181818181818,,0.2631578947368421,0.25,0.75,0.5625,1.0,0.7,0.5714285714285714,0.1136363636363636,105.49999999999994,0.6666666666666666,13.873333333333331,13.427358490566055,13.371428571428572,12.784905660377378,0.3043478260869565,0.5357142857142857,0.6521739130434783,0.5333333333333333,0.2391304347826087,0.5,0.5238095238095238,0.3636363636363636,0.0543478260869565,0.2,0.25,,0.0760869565217391,0.4285714285714285,0.4285714285714285,1.0,0.3260869565217391,0.3666666666666666,0.3666666666666666,0.7272727272727273,0.7272727272727273,0.5,,0.0909090909090909,,,0.2857142857142857,0.25,0.0714285714285714,1.0,0.4285714285714285,,0.7065217391304348,0.3666666666666666,0.5537902173913044,0.6172357142857142,0.5429357142857143,0.1372549019607843,0.2,0.027027027027027,0.0948275862068965,0.1120689655172413,5.669090909090909,25.2972972972973,0.2095238095238095,2026-04-07,22501156,LAC,1.0,,,,,2.0,1.0,,2.0,0.0909090909090909,,1.0,,,,0.1666666666666666,,1.0,,,,0.2,,2025-26,2026,Regular Season,1610612742,DAL
48:00,94,96,14,25,12,190,14,26,2.0,8.0,2.0,3.0,8,20,6.0,10.0,3.0,9,,1.0,11,26,2.0,3.0,4.0,7.0,28,56,14,35,14,112,2,9,2.0,4.0,3.0,13,3.0,5.0,4.0,8.0,,18.0,18,38,33,9.0,4.0,26,11,5.0,9,11,20,8,3.0,5,3,1.0,51,7,8,17,18,1.0,36,15,51,1.0,5,2,3.0,4,3.0,3.0,6,1.0,1.0,,10,,1.0,9,16,2.0,,14,,1.0,17,5.0,,11,,8,6.0,2.0,8,5.0,,,99,18.0,14,2.0,0.3214285714285714,0.3461538461538461,0.7857142857142857,0.4,0.5,0.5,0.4,0.5,0.2222222222222222,0.6,0.5384615384615384,0.3846153846153846,0.6923076923076923,0.5773195876288659,0.4333333333333333,0.6923076923076923,0.3846153846153846,0.0892857142857142,0.1923076923076923,,0.4,1.0,0.6666666666666666,0.2857142857142857,0.8095238095238095,0.3333333333333333,0.7291666666666666,0.3061224489795918,0.4166666666666667,0.1666666666666666,0.25,0.4,0.1666666666666666,0.5625,0.6666666666666666,1.0,0.8823529411764706,0.5,0.0227272727272727,95.0,0.625,14.346808510638295,15.952083333333334,13.693617021276594,15.508333333333336,0.2857142857142857,0.5384615384615384,0.6666666666666666,0.3571428571428571,0.2197802197802197,0.4,0.4,0.375,0.1098901098901098,0.6,0.6,0.1666666666666666,0.0989010989010989,0.3333333333333333,0.3333333333333333,1.0,0.2857142857142857,0.4230769230769231,0.4230769230769231,0.7272727272727273,0.6153846153846154,0.25,,0.2307692307692307,0.6666666666666666,0.5,0.2307692307692307,0.6666666666666666,0.0769230769230769,,0.5384615384615384,0.5714285714285714,0.6703296703296703,0.4230769230769231,0.5673285714285714,0.6585583333333334,0.5557192307692308,0.1134020618556701,0.1774193548387097,,0.1160714285714285,0.1607142857142857,7.376785714285715,26.091428571428573,0.1489361702127659,2026-04-08,22501164,PHX,1.0,2.0,,,,,,,,0.0769230769230769,,,,,,,,,,,,,,2025-26,2026,Regular Season,1610612742,DAL
48:00,100,99,39,18,13,199,27,38,4.0,4.0,8.0,11.0,10,18,,4.0,1.0,5,,1.0,12,27,3.0,5.0,6.0,11.0,37,60,13,32,26,139,4,7,3.0,5.0,1.0,18,13.0,24.0,6.0,12.0,5.0,49.0,36,38,36,3.0,6.0,27,12,6.0,18,12,30,11,1.0,13,5,,72,7,8,21,17,2.0,40,15,55,1.0,4,2,2.0,7,2.0,4.0,4,1.0,3.0,,11,2.0,6.0,9,15,3.0,,19,,,27,4.0,,13,1.0,6,5.0,,6,5.0,,,121,49.0,39,1.0,0.4864864864864865,0.5294117647058824,0.9230769230769232,0.40625,0.6,0.5,0.40625,0.6166666666666667,0.5714285714285714,0.5416666666666666,0.6141304347826086,0.7083333333333334,0.6111111111111112,0.6747572815533981,0.6923076923076923,0.6282051282051282,0.3478260869565217,0.1,0.0789473684210526,0.1666666666666666,0.6363636363636364,1.0,0.6071428571428571,0.3636363636363636,0.84,0.3888888888888889,0.7169811320754716,0.375,0.3636363636363636,0.4285714285714285,0.25,0.2857142857142857,0.75,0.6153846153846154,0.6666666666666666,0.5,0.8421052631578947,0.8333333333333334,0.0294117647058823,99.49999999999994,0.8333333333333334,13.97,14.979797979798,13.16,14.424242424242443,0.4130434782608695,0.7105263157894737,0.7714285714285715,0.4814814814814814,0.1956521739130435,0.5555555555555556,0.6666666666666666,0.5,0.0434782608695652,,,,0.0543478260869565,0.2,0.2,1.0,0.2934782608695652,0.4444444444444444,0.4444444444444444,0.9166666666666666,0.3333333333333333,1.0,,0.4166666666666667,0.6,0.6666666666666666,0.3055555555555556,0.7272727272727273,0.0277777777777777,,0.3055555555555556,0.5454545454545454,0.7608695652173914,0.4444444444444444,0.5825483695652174,0.5414214285714286,0.5188347222222222,0.1372549019607843,0.1884057971014492,0.0303030303030303,0.1294964028776978,0.3525179856115107,4.5633333333333335,25.809375,0.39,2026-04-10,22501180,SAS,,,,,,1.0,,,1.0,,,,,,,,,,,,,,1.0,2025-26,2026,Regular Season,1610612742,DAL
48:00,112,111,29,24,15,223,32,42,5.0,7.0,15.0,16.0,8,20,2.0,6.0,,7,,1.0,10,33,1.0,2.0,1.0,11.0,42,68,10,40,14,128,5,7,1.0,4.0,2.0,15,16.0,18.0,1.0,12.0,7.0,42.0,40,44,30,,6.0,33,10,5.0,20,10,30,10,,15,4,1.0,70,12,4,18,11,4.0,33,16,49,2.0,12,7,5.0,10,2.0,7.0,3,,3.0,,13,3.0,1.0,14,20,1.0,,24,1.0,3.0,19,5.0,,9,1.0,2,2.0,,3,3.0,,,113,42.0,29,2.0,0.4761904761904761,0.5128205128205128,1.0,0.25,0.25,0.0833333333333333,0.25,0.6176470588235294,0.7142857142857143,0.8888888888888888,0.5277777777777778,0.5909090909090909,0.5833333333333334,0.5614035087719298,0.625,0.6363636363636364,0.3703703703703703,0.0735294117647058,0.0476190476190476,0.15,0.7692307692307693,1.0,0.5238095238095238,0.1538461538461538,0.6666666666666666,0.4137931034482758,0.6041666666666666,0.2909090909090909,0.2,0.1666666666666666,,0.5,0.1428571428571428,0.6363636363636364,0.375,0.5,0.6666666666666666,0.6666666666666666,0.04,111.5,1.0,12.120535714285714,13.716216216216216,11.453571428571427,13.346846846846846,0.3888888888888889,0.7619047619047619,0.8,0.46875,0.1851851851851851,0.4,0.4705882352941176,0.5,0.0555555555555555,0.3333333333333333,0.3333333333333333,0.5,0.0648148148148148,,,,0.3055555555555556,0.303030303030303,0.303030303030303,1.0,0.6363636363636364,0.7142857142857143,0.2,0.1818181818181818,0.5,1.0,0.5333333333333333,0.9375,0.0333333333333333,,0.3666666666666666,0.0909090909090909,0.7592592592592593,0.303030303030303,0.5875193396226416,0.55635,0.6781571428571428,0.0803571428571428,0.125,,0.1171875,0.328125,5.279411764705882,25.16578947368421,0.2589285714285714,2026-04-12,22501193,CHI,2.0,1.0,,2.0,,1.0,1.0,,1.0,0.1818181818181818,,,,,,,,1.0,,,,,,2025-26,2026,Regular Season,1610612742,DAL
