Minutes,OffPoss,DefPoss,PenaltyOffPoss,PenaltyDefPoss,SecondChanceOffPoss,TotalPoss,AtRimFGM,AtRimFGA,SecondChanceAtRimFGM,SecondChanceAtRimFGA,PenaltyAtRimFGM,PenaltyAtRimFGA,ShortMidRangeFGM,ShortMidRangeFGA,LongMidRangeFGM,LongMidRangeFGA,Corner3FGM,Corner3FGA,PenaltyCorner3FGA,Arc3FGM,Arc3FGA,SecondChanceArc3FGA,PenaltyArc3FGM,PenaltyArc3FGA,FG2M,FG2A,FG3M,FG3A,FtPoints,Points,SecondChanceFG2M,SecondChanceFG2A,SecondChanceFG3A,SecondChanceFtPoints,SecondChancePoints,PenaltyFG2M,PenaltyFG2A,PenaltyFG3M,PenaltyFG3A,PenaltyFtPoints,PenaltyPoints,PtsAssisted2s,PtsUnassisted2s,PtsAssisted3s,PtsUnassisted3s,PtsPutbacks,NonHeaveArc3FGA,NonHeaveArc3FGM,Fg2aBlocked,TwoPtAssists,ThreePtAssists,Assists,Arc3Assists,Corner3Assists,AtRimAssists,ShortMidRangeAssists,LongMidRangeAssists,AssistPoints,OffThreePtRebounds,OffTwoPtRebounds,FTOffRebounds,DefThreePtRebounds,DefTwoPtRebounds,FTDefRebounds,DefRebounds,OffRebounds,Rebounds,SelfOReb,Steals,BadPassSteals,LostBallSteals,LiveBallTurnovers,BadPassOutOfBoundsTurnovers,BadPassTurnovers,DeadBallTurnovers,LostBallTurnovers,Turnovers,SecondChanceTurnovers,PenaltyTurnovers,ShootingFouls,Fouls,Charge Fouls,Offensive Fouls,FoulsDrawn,Loose Ball Fouls Drawn,Offensive Fouls Drawn,FTA,2pt And 1 Free Throw Trips,TwoPtShootingFoulsDrawn,NonShootingFoulsDrawn,Blocked2s,Blocked3s,BlockedArc3,BlockedAtRim,BlockedShortMidRange,Blocks,RecoveredBlocks,FirstChancePoints,PenaltyPointsExcludingTakeFouls,PenaltyOffPossExcludingTakeFouls,NonShootingPenaltyNonTakeFouls,NonShootingPenaltyNonTakeFoulsDrawn,Assisted2sPct,NonPutbacksAssisted2sPct,Assisted3sPct,Fg3Pct,PenaltyFg3Pct,NonHeaveFg3Pct,Fg2Pct,SecondChanceFg2Pct,PenaltyFg2Pct,EfgPct,SecondChanceEfgPct,PenaltyEfgPct,TsPct,SecondChanceTsPct,PenaltyTsPct,FG3APct,FG2APctBlocked,AtRimPctBlocked,ShortMidRangePctBlocked,LiveBallTurnoverPct,DefFTReboundPct,OffFTReboundPct,DefTwoPtReboundPct,OffTwoPtReboundPct,DefThreePtReboundPct,OffThreePtReboundPct,DefFGReboundPct,OffFGReboundPct,OffAtRimReboundPct,OffShortMidRangeReboundPct,OffArc3ReboundPct,OffCorner3ReboundPct,DefAtRimReboundPct,DefShortMidRangeReboundPct,DefLongMidRangeReboundPct,DefArc3ReboundPct,DefCorner3ReboundPct,SelfORebPct,Pace,BlocksRecoveredPct,SecondsPerPossOff,SecondsPerPossDef,SecondsExcludingORebsPerPossOff,SecondsExcludingORebsPerPossDef,AtRimFrequency,AtRimAccuracy,UnblockedAtRimAccuracy,AtRimPctAssisted,ShortMidRangeFrequency,ShortMidRangeAccuracy,UnblockedShortMidRangeAccuracy,ShortMidRangePctAssisted,LongMidRangeFrequency,LongMidRangeAccuracy,UnblockedLongMidRangeAccuracy,LongMidRangePctAssisted,Corner3Frequency,Corner3Accuracy,UnblockedCorner3Accuracy,Corner3PctAssisted,Arc3Frequency,Arc3Accuracy,UnblockedArc3Accuracy,Arc3PctAssisted,SecondChanceAtRimFrequency,SecondChanceAtRimAccuracy,SecondChanceArc3Frequency,PenaltyAtRimFrequency,PenaltyAtRimAccuracy,PenaltyCorner3Frequency,PenaltyArc3Frequency,PenaltyArc3Accuracy,AtRimFG3AFrequency,NonHeaveArc3Accuracy,ShotQualityAvg,SecondChanceShotQualityAvg,PenaltyShotQualityAvg,ShootingFoulsDrawnPct,TwoPtShootingFoulsDrawnPct,SecondChancePointsPct,PenaltyPointsPct,Avg2ptShotDistance,Avg3ptShotDistance,PenaltyOffPossPct,Date,GameId,Opponent,SecondChanceCorner3FGM,SecondChanceCorner3FGA,PenaltyCorner3FGM,SecondChanceArc3FGM,SecondChanceFG3M,LostBallOutOfBoundsTurnovers,StepOutOfBoundsTurnovers,Loose Ball Fouls,Charge Fouls Drawn,DefensiveGoaltends,SecondChanceFg3Pct,OffLongMidRangeReboundPct,SecondChanceAtRimPctAssisted,SecondChanceCorner3Frequency,SecondChanceCorner3Accuracy,SecondChanceCorner3PctAssisted,SecondChanceArc3Accuracy,SecondChanceArc3PctAssisted,PenaltyCorner3Accuracy,ThreePtShootingFoulsDrawn,ThreePtShootingFoulsDrawnPct,Travels,Fg3aBlocked,BlockedLongMidRange,Defensive 3 Seconds Violations,FG3APctBlocked,Corner3PctBlocked,Arc3PctBlocked,BlockedCorner3,OffensiveGoaltends,Technical Free Throw Trips,LongMidRangePctBlocked,3pt And 1 Free Throw Trips,Season,year,SeasonType,team_id
48:00,106,109,21,34,6,215,26,34,2.0,2.0,3.0,6.0,4.0,12,2.0,8,7.0,14,2.0,11,30,2.0,2.0,9,32,54,18,44,15,133,2.0,2,2.0,4.0,8.0,5.0,10.0,2.0,11,6.0,22.0,28,36,51,3.0,4.0,30,11,4.0,14,17,31,10,7.0,11,1.0,2.0,79,4,3,1.0,19,20,3.0,42,8,50,1.0,8,6,2.0,5,1.0,3,3,2.0,8,1.0,1.0,8,22,1.0,1.0,19,3.0,1.0,19,3.0,8.0,3.0,5.0,1.0,1.0,2.0,3.0,6.0,4.0,125,22.0,21,2.0,1.0,0.4375,0.4666666666666667,0.9444444444444444,0.4090909090909091,0.1818181818181818,0.4090909090909091,0.5925925925925926,1.0,0.5,0.6020408163265306,0.5,0.3809523809523809,0.6273584905660378,0.6666666666666666,0.4583333333333333,0.4489795918367347,0.074074074074074,0.0294117647058823,0.25,0.625,0.6,0.25,0.7407407407407407,0.1363636363636363,0.7916666666666666,0.1538461538461538,0.7647058823529411,0.1458333333333333,0.25,0.125,0.1578947368421052,0.1428571428571428,0.6666666666666666,0.6923076923076923,1.0,0.8571428571428571,0.3333333333333333,0.0227272727272727,107.5,0.6666666666666666,14.049056603773586,12.759633027522936,13.823584905660375,12.16880733944954,0.3469387755102041,0.7647058823529411,0.7878787878787878,0.4230769230769231,0.1224489795918367,0.3333333333333333,0.4444444444444444,0.25,0.0816326530612244,0.25,0.25,1.0,0.1428571428571428,0.5,0.5,1.0,0.3061224489795918,0.3666666666666666,0.3666666666666666,0.9090909090909092,0.5,1.0,0.5,0.2857142857142857,0.5,0.0952380952380952,0.4285714285714285,0.2222222222222222,0.7959183673469388,0.3666666666666666,0.587761224489796,0.5744,0.5728285714285715,0.0776699029126213,0.135593220338983,0.0601503759398496,0.1654135338345864,5.383333333333333,25.404545454545453,0.1981132075471698,2025-10-22,22500086,WAS,,,,,,,,,,,,,,,,,,,,,,,,,,,,,,,,,,2025-26,2026,Regular Season,1610612749
48:00,102,103,33,31,14,205,23,32,3.0,9.0,6.0,9.0,4.0,8,6.0,10,3.0,11,6.0,11,29,3.0,2.0,7,33,50,14,40,14,122,4.0,11,6.0,,17.0,11.0,16.0,5.0,13,4.0,41.0,28,38,33,9.0,2.0,29,11,4.0,14,11,25,8,3.0,10,1.0,3.0,61,7,11,,12,19,7.0,38,18,56,2.0,9,8,1.0,10,3.0,5,9,5.0,19,2.0,5.0,16,24,,2.0,21,2.0,,25,1.0,10.0,3.0,5.0,,,2.0,3.0,5.0,3.0,105,41.0,33,2.0,3.0,0.4242424242424242,0.4375,0.7857142857142857,0.35,0.3846153846153846,0.35,0.66,0.3636363636363636,0.6875,0.6,0.5,0.6379310344827587,0.5980392156862745,0.5,0.6029411764705882,0.4444444444444444,0.08,0.0625,0.25,0.5263157894736842,0.875,,0.7037037037037037,0.6470588235294118,0.75,0.28,0.7209302325581395,0.4285714285714285,0.7777777777777778,0.5,0.3529411764705882,0.125,0.625,0.7058823529411765,1.0,0.6923076923076923,1.0,0.0526315789473684,102.5,0.6,14.382352941176473,13.718446601941748,13.499019607843138,13.377669902912622,0.3555555555555555,0.71875,0.7666666666666667,0.4347826086956521,0.0888888888888888,0.5,0.6666666666666666,0.25,0.1111111111111111,0.6,0.6,0.5,0.1222222222222222,0.2727272727272727,0.2727272727272727,1.0,0.3222222222222222,0.3793103448275862,0.3793103448275862,0.7272727272727273,0.5294117647058824,0.3333333333333333,0.1764705882352941,0.3103448275862069,0.6666666666666666,0.2068965517241379,0.2413793103448276,0.2857142857142857,0.8,0.3793103448275862,0.54253,0.5092181818181818,0.5366448275862069,0.101010101010101,0.1694915254237288,0.1393442622950819,0.3360655737704918,6.158,25.6075,0.3235294117647059,2025-10-24,22500092,TOR,1.0,3.0,3.0,2.0,3.0,2.0,1.0,1.0,1.0,1.0,0.5,0.5,0.3333333333333333,0.1764705882352941,0.3333333333333333,1.0,0.6666666666666666,1.0,0.5,,,,,,,,,,,,,,,2025-26,2026,Regular Season,1610612749
48:00,103,104,40,45,9,207,22,29,2.0,4.0,10.0,12.0,2.0,9,3.0,8,3.0,4,2.0,10,29,2.0,4.0,11,27,46,13,33,20,113,2.0,4,2.0,4.0,8.0,10.0,15.0,6.0,13,11.0,49.0,28,26,33,6.0,4.0,29,10,2.0,14,11,25,9,2.0,11,,3.0,61,4,4,1.0,20,11,1.0,32,9,41,1.0,12,10,2.0,10,1.0,8,8,2.0,18,1.0,5.0,9,26,,2.0,22,1.0,2.0,28,,9.0,3.0,6.0,,,6.0,,6.0,2.0,105,49.0,40,6.0,3.0,0.5185185185185185,0.56,0.8461538461538461,0.3939393939393939,0.4615384615384615,0.3939393939393939,0.5869565217391305,0.5,0.6666666666666666,0.5886075949367089,0.3333333333333333,0.6785714285714286,0.6141304347826086,0.5,0.6805555555555556,0.4177215189873418,0.0434782608695652,0.0689655172413793,,0.5555555555555556,1.0,0.1666666666666666,0.5789473684210527,0.2222222222222222,0.7407407407407407,0.2,0.6739130434782609,0.2105263157894736,0.1428571428571428,0.4285714285714285,0.2105263157894736,,0.375,0.7,1.0,0.75,0.7142857142857143,0.0277777777777777,103.5,0.3333333333333333,14.832038834951456,13.002884615384614,14.64757281553398,12.370192307692308,0.3670886075949367,0.7586206896551724,0.8148148148148148,0.5,0.1139240506329113,0.2222222222222222,0.2222222222222222,,0.1012658227848101,0.375,0.375,1.0,0.050632911392405,0.75,0.75,0.6666666666666666,0.3670886075949367,0.3448275862068966,0.3448275862068966,0.9,0.6666666666666666,0.5,0.3333333333333333,0.4285714285714285,0.8333333333333334,0.0714285714285714,0.3928571428571428,0.3636363636363636,0.7848101265822784,0.3448275862068966,0.5704556962025317,0.6425,0.5970642857142857,0.1123595505617977,0.1636363636363636,0.0707964601769911,0.4336283185840708,5.697826086956522,26.272727272727277,0.3883495145631068,2025-10-26,22500107,CLE,,,2.0,,,2.0,,2.0,,,,,,,,,,,1.0,1.0,0.0294117647058823,,,,,,,,,,,,,2025-26,2026,Regular Season,1610612749
48:00,95,97,16,17,6,192,20,21,1.0,1.0,2.0,2.0,5.0,11,4.0,13,5.0,11,2.0,9,23,1.0,1.0,6,29,45,14,34,21,121,1.0,3,2.0,1.0,6.0,4.0,4.0,2.0,8,7.0,21.0,28,30,39,3.0,2.0,23,9,2.0,14,13,27,8,5.0,11,1.0,2.0,67,4,3,,20,14,2.0,36,7,43,,7,3,4.0,9,,7,4,2.0,13,1.0,1.0,13,21,,3.0,21,2.0,2.0,24,3.0,11.0,1.0,7.0,1.0,1.0,6.0,1.0,8.0,3.0,115,21.0,16,,1.0,0.4827586206896552,0.5,0.9285714285714286,0.4117647058823529,0.25,0.4117647058823529,0.6444444444444445,0.3333333333333333,1.0,0.6329113924050633,0.5,0.5833333333333334,0.6797752808988764,0.5,0.6176470588235294,0.430379746835443,0.0444444444444444,0.0476190476190476,0.0909090909090909,0.6923076923076923,1.0,,0.5384615384615384,0.1875,0.7142857142857143,0.2,0.6296296296296297,0.1944444444444444,1.0,0.1666666666666666,0.1428571428571428,0.3333333333333333,0.4166666666666667,0.6428571428571429,,0.6818181818181818,0.8333333333333334,,96.0,0.375,14.067368421052633,15.913402061855669,13.425263157894738,15.055670103092782,0.2658227848101265,0.9523809523809524,1.0,0.55,0.1392405063291139,0.4545454545454545,0.5,0.2,0.1645569620253164,0.3076923076923077,0.3076923076923077,0.5,0.1392405063291139,0.4545454545454545,0.4545454545454545,1.0,0.2911392405063291,0.391304347826087,0.391304347826087,0.8888888888888888,0.2,1.0,0.2,0.1666666666666666,1.0,0.1666666666666666,0.5,0.1666666666666666,0.6962025316455697,0.391304347826087,0.5638120253164557,0.4585,0.5672916666666666,0.1363636363636363,0.2075471698113207,0.0495867768595041,0.1735537190082644,7.855555555555555,25.29705882352941,0.1684210526315789,2025-10-28,22500125,NYK,1.0,1.0,1.0,,1.0,,,,1.0,,0.5,0.1111111111111111,,0.2,1.0,1.0,,,0.5,1.0,0.0285714285714285,1.0,,,,,,,,,,,,2025-26,2026,Regular Season,1610612749
48:00,102,104,40,40,12,206,16,22,2.0,3.0,4.0,5.0,8.0,19,3.0,9,5.0,10,5.0,14,37,4.0,9.0,18,27,50,19,47,9,120,3.0,5,5.0,,12.0,9.0,16.0,12.0,23,,54.0,20,34,45,12.0,2.0,37,14,3.0,10,15,25,10,5.0,6,4.0,,65,6,7,,20,12,,32,13,45,,7,3,4.0,8,,5,8,3.0,16,4.0,7.0,9,22,,,17,2.0,2.0,13,2.0,6.0,,2.0,,,,1.0,2.0,1.0,108,54.0,40,4.0,,0.3703703703703703,0.3846153846153846,0.7894736842105263,0.4042553191489361,0.5217391304347826,0.4042553191489361,0.54,0.6,0.5625,0.5721649484536082,0.6,0.6923076923076923,0.5882352941176471,0.6,0.6923076923076923,0.4845360824742268,0.06,0.0454545454545454,0.1052631578947368,0.5,,,0.5217391304347826,0.3043478260869565,0.8695652173913043,0.24,0.6956521739130435,0.2708333333333333,0.1666666666666666,0.3636363636363636,0.3,,0.3333333333333333,0.5833333333333334,1.0,0.8823529411764706,0.8333333333333334,,103.0,0.5,14.454901960784314,13.515384615384615,13.82450980392157,13.04903846153846,0.2268041237113402,0.7272727272727273,0.7619047619047619,0.375,0.1958762886597938,0.4210526315789473,0.4705882352941176,0.5,0.0927835051546391,0.3333333333333333,0.3333333333333333,,0.1030927835051546,0.5,0.5555555555555556,1.0,0.3814432989690721,0.3783783783783784,0.4,0.7142857142857143,0.3,0.6666666666666666,0.4,0.1282051282051282,0.8,0.1282051282051282,0.4615384615384615,0.5,0.711340206185567,0.3783783783783784,0.5441666666666667,0.5430142857142857,0.5319565789473684,0.0686274509803921,0.1111111111111111,0.1,0.45,7.576,26.10652173913044,0.392156862745098,2025-10-30,22500139,GSW,1.0,1.0,3.0,1.0,2.0,3.0,,2.0,,,0.4,0.3333333333333333,0.5,0.1,1.0,1.0,0.25,1.0,0.6,1.0,0.0208333333333333,1.0,3.0,1.0,1.0,0.0638297872340425,0.1,0.054054054054054,,,,,,2025-26,2026,Regular Season,1610612749
48:00,98,99,20,35,7,197,16,19,3.0,3.0,3.0,3.0,11.0,19,7.0,12,5.0,12,3.0,10,20,,3.0,7,34,50,15,32,20,133,4.0,5,1.0,1.0,12.0,6.0,6.0,4.0,10,7.0,31.0,32,36,42,3.0,6.0,20,10,1.0,16,14,30,9,5.0,5,7.0,4.0,74,4,3,2.0,11,15,3.0,29,9,38,2.0,5,1,4.0,8,,5,3,3.0,11,1.0,2.0,16,26,,1.0,20,,1.0,31,2.0,14.0,2.0,2.0,,,1.0,1.0,2.0,1.0,121,31.0,20,3.0,2.0,0.4705882352941176,0.5161290322580645,0.9333333333333332,0.46875,0.4,0.46875,0.68,0.8,1.0,0.6890243902439024,0.9166666666666666,0.75,0.6927083333333334,0.8571428571428571,0.775,0.3902439024390244,0.02,,0.0526315789473684,0.7272727272727273,1.0,0.3333333333333333,0.625,0.1875,0.5789473684210527,0.2352941176470588,0.6046511627906976,0.2121212121212121,0.3333333333333333,0.125,0.2,0.2857142857142857,0.6666666666666666,0.6363636363636364,0.5714285714285714,0.6666666666666666,0.4285714285714285,0.0625,98.5,0.5,13.360204081632652,15.865656565656566,13.101020408163263,14.623232323232324,0.2317073170731707,0.8421052631578947,0.8421052631578947,0.3125,0.2317073170731707,0.5789473684210527,0.6111111111111112,0.6363636363636364,0.1463414634146341,0.5833333333333334,0.5833333333333334,0.5714285714285714,0.1463414634146341,0.4166666666666667,0.4166666666666667,1.0,0.2439024390243902,0.5,0.5,0.9,0.5,1.0,,0.1875,1.0,0.1875,0.4375,0.4285714285714285,0.6219512195121951,0.5,0.5364006097560976,0.54925,0.52753125,0.1489361702127659,0.2258064516129032,0.0902255639097744,0.2330827067669172,7.713999999999999,25.034375,0.2040816326530612,2025-11-01,22500142,SAC,1.0,1.0,1.0,,1.0,2.0,,1.0,,,1.0,0.2,,0.1666666666666666,1.0,1.0,,,0.3333333333333333,,,,,,,,,,,,,,,2025-26,2026,Regular Season,1610612749
47:59,103,103,29,37,11,206,13,16,4.0,6.0,3.0,3.0,7.0,18,2.0,7,8.0,13,6.0,12,35,,2.0,10,22,41,20,48,13,117,5.0,9,,4.0,14.0,6.0,13.0,4.0,16,6.0,30.0,18,26,45,15.0,8.0,35,12,4.0,9,15,24,7,8.0,7,2.0,,63,6,7,,15,19,3.0,37,13,50,3.0,6,3,3.0,8,4.0,4,10,4.0,18,1.0,3.0,19,29,,4.0,23,3.0,3.0,22,1.0,8.0,3.0,4.0,1.0,,2.0,2.0,5.0,4.0,103,30.0,29,1.0,2.0,0.4090909090909091,0.5,0.75,0.4166666666666667,0.25,0.4166666666666667,0.5365853658536586,0.5555555555555556,0.4615384615384615,0.5842696629213483,0.5555555555555556,0.4137931034482758,0.5909090909090909,0.5833333333333334,0.4545454545454545,0.5393258426966292,0.0975609756097561,,0.2222222222222222,0.4444444444444444,1.0,,0.76,0.3684210526315789,0.6,0.2222222222222222,0.68,0.2826086956521739,0.6666666666666666,0.4545454545454545,0.1363636363636363,0.6,0.75,0.6923076923076923,1.0,0.5882352941176471,0.625,0.0714285714285714,103.00000000000006,0.8,13.676699029126214,14.284466019417456,13.249514563106796,13.39999999999998,0.1797752808988764,0.8125,0.8125,0.5384615384615384,0.2022471910112359,0.3888888888888889,0.5,0.2857142857142857,0.0786516853932584,0.2857142857142857,0.2857142857142857,,0.146067415730337,0.6153846153846154,0.6153846153846154,1.0,0.3932584269662921,0.3428571428571428,0.3428571428571428,0.5833333333333334,0.6666666666666666,0.6666666666666666,,0.1034482758620689,1.0,0.2068965517241379,0.3448275862068966,0.2,0.7191011235955056,0.3428571428571428,0.5320977272727272,0.58196,0.4966571428571428,0.0833333333333333,0.1666666666666666,0.1196581196581196,0.2564102564102564,6.692682926829268,25.69787234042553,0.2815533980582524,2025-11-03,22500157,IND,,,2.0,,,2.0,,2.0,,,,,0.25,,,,,,0.3333333333333333,,,,,,,,,,1.0,,,,,2025-26,2026,Regular Season,1610612749
47:59,98,101,33,36,10,199,19,28,1.0,3.0,5.0,7.0,5.0,16,2.0,4,3.0,13,3.0,8,26,2.0,2.0,10,26,48,11,39,15,100,3.0,6,3.0,,9.0,7.0,13.0,2.0,13,10.0,30.0,30,22,33,,2.0,26,8,5.0,15,11,26,8,3.0,12,1.0,2.0,63,3,7,,13,20,2.0,35,10,45,1.0,5,2,3.0,8,,4,7,4.0,15,1.0,6.0,12,25,,3.0,23,1.0,1.0,21,5.0,8.0,5.0,4.0,,,2.0,2.0,4.0,3.0,91,30.0,33,4.0,5.0,0.5769230769230769,0.6,1.0,0.282051282051282,0.1538461538461538,0.282051282051282,0.5416666666666666,0.5,0.5384615384615384,0.4885057471264368,0.5,0.3846153846153846,0.5263157894736842,0.5,0.46875,0.4482758620689655,0.1041666666666666,0.1428571428571428,0.0625,0.5333333333333333,1.0,,0.7692307692307693,0.3181818181818182,0.6190476190476191,0.12,0.7021276595744681,0.2127659574468085,0.2222222222222222,0.4545454545454545,0.0666666666666666,0.2,1.0,0.625,1.0,0.5789473684210527,1.0,0.0238095238095238,99.50000000000006,0.75,14.490816326530592,14.454455445544555,14.041836734693858,13.809900990099012,0.3218390804597701,0.6785714285714286,0.7916666666666666,0.631578947368421,0.1839080459770115,0.3125,0.3333333333333333,0.2,0.0459770114942528,0.5,0.5,1.0,0.1494252873563218,0.2307692307692307,0.2307692307692307,1.0,0.2988505747126437,0.3076923076923077,0.32,1.0,0.3333333333333333,0.3333333333333333,0.2222222222222222,0.2692307692307692,0.7142857142857143,0.1153846153846153,0.3846153846153846,0.2,0.7701149425287356,0.3076923076923077,0.5670238372093023,0.5714833333333333,0.565834,0.0888888888888888,0.1568627450980392,0.09,0.3,5.54375,25.26842105263158,0.336734693877551,2025-11-04,22500165,TOR,,1.0,,1.0,1.0,,1.0,4.0,,,0.3333333333333333,,,0.1111111111111111,,,0.5,1.0,,,,,1.0,,,0.0256410256410256,,0.0384615384615384,,,,,,2025-26,2026,Regular Season,1610612749
48:00,103,104,29,12,14,207,24,39,8.0,11.0,8.0,12.0,5.0,16,3.0,9,5.0,9,6.0,11,31,2.0,3.0,6,32,64,16,40,14,126,8.0,13,2.0,1.0,20.0,9.0,17.0,6.0,12,6.0,42.0,24,40,45,3.0,16.0,31,11,3.0,12,15,27,10,5.0,11,1.0,,69,5,13,,18,20,1.0,39,18,57,9.0,10,5,5.0,9,,7,2,2.0,11,1.0,4.0,6,16,,1.0,19,1.0,,18,4.0,10.0,1.0,6.0,,,5.0,1.0,6.0,5.0,106,42.0,29,2.0,1.0,0.375,0.5,0.9375,0.4,0.5,0.4,0.5,0.6153846153846154,0.5294117647058824,0.5384615384615384,0.6333333333333333,0.6206896551724138,0.5675675675675675,0.625,0.65625,0.3846153846153846,0.046875,0.0769230769230769,,0.8181818181818182,1.0,,0.8695652173913043,0.40625,0.782608695652174,0.2083333333333333,0.8260869565217391,0.3214285714285714,0.4666666666666667,0.3636363636363636,0.2,0.25,0.7692307692307693,1.0,1.0,0.7368421052631579,1.0,0.1698113207547169,103.5,0.8333333333333334,14.806796116504854,13.027884615384616,14.261165048543688,12.7,0.375,0.6153846153846154,0.6666666666666666,0.4583333333333333,0.1538461538461538,0.3125,0.3125,0.2,0.0865384615384615,0.3333333333333333,0.3333333333333333,,0.0865384615384615,0.5555555555555556,0.5555555555555556,1.0,0.2980769230769231,0.3548387096774194,0.3548387096774194,0.9090909090909092,0.7333333333333333,0.7272727272727273,0.1333333333333333,0.4137931034482758,0.6666666666666666,0.2068965517241379,0.2068965517241379,0.5,0.7596153846153846,0.3548387096774194,0.5669456310679611,0.5428583333333333,0.5670758620689655,0.0909090909090909,0.1428571428571428,0.1587301587301587,0.3333333333333333,5.4875,25.8025641025641,0.2815533980582524,2025-11-07,22500035,CHI,,,3.0,1.0,1.0,1.0,,,,1.0,0.5,0.3333333333333333,,,,,0.5,1.0,0.5,,,,,,,,,,,,,,,2025-26,2026,Regular Season,1610612749
48:00,97,95,23,11,8,192,22,30,3.0,3.0,4.0,4.0,4.0,8,5.0,12,2.0,6,,11,24,,2.0,5,31,50,13,30,14,115,4.0,4,,2.0,10.0,5.0,10.0,2.0,5,4.0,20.0,26,36,36,3.0,6.0,24,11,3.0,13,12,25,10,2.0,10,2.0,1.0,62,5,3,,10,10,1.0,21,8,29,,11,6,5.0,8,2.0,4,5,4.0,13,,4.0,10,20,,2.0,19,,2.0,24,4.0,12.0,2.0,6.0,,,4.0,2.0,6.0,2.0,105,20.0,23,2.0,2.0,0.4193548387096774,0.4642857142857143,0.9230769230769232,0.4333333333333333,0.4,0.4333333333333333,0.62,1.0,0.5,0.63125,1.0,0.5333333333333333,0.6388888888888888,0.7142857142857143,0.5263157894736842,0.375,0.06,0.0666666666666666,0.125,0.6153846153846154,1.0,,0.3846153846153846,0.1578947368421052,0.625,0.3125,0.4761904761904761,0.2285714285714285,0.375,,0.3333333333333333,0.25,0.3,0.375,0.5,0.8,0.3333333333333333,,96.0,0.3333333333333333,13.706185567010309,16.321052631578947,13.509278350515466,15.449473684210528,0.375,0.7333333333333333,0.7857142857142857,0.4545454545454545,0.1,0.5,0.5714285714285714,0.5,0.15,0.4166666666666667,0.4166666666666667,0.2,0.075,0.3333333333333333,0.3333333333333333,1.0,0.3,0.4583333333333333,0.4583333333333333,0.9090909090909092,0.75,1.0,,0.2666666666666666,1.0,,0.3333333333333333,0.4,0.75,0.4583333333333333,0.5694335443037974,0.66935,0.51205,0.1363636363636363,0.2068965517241379,0.0869565217391304,0.1739130434782608,6.207999999999999,25.97241379310345,0.2371134020618556,2025-11-09,22500191,HOU,,,,,,,,,,,,,,,,,,,,,,,,,,,,,,1.0,,,,2025-26,2026,Regular Season,1610612749
48:00,102,104,37,46,13,206,18,30,6.0,7.0,6.0,10.0,9.0,22,,3,5.0,9,4.0,9,27,1.0,1.0,7,27,55,14,36,20,116,7.0,8,3.0,3.0,20.0,11.0,23.0,3.0,11,7.0,38.0,20,34,42,,6.0,27,9,8.0,10,14,24,9,5.0,6,4.0,,62,5,8,,22,10,5.0,37,13,50,1.0,9,4,5.0,8,2.0,6,5,2.0,13,1.0,5.0,19,26,,1.0,22,1.0,1.0,25,1.0,11.0,1.0,6.0,,,3.0,3.0,6.0,3.0,96,38.0,37,2.0,1.0,0.3703703703703703,0.4166666666666667,1.0,0.3888888888888889,0.2727272727272727,0.3888888888888889,0.4909090909090909,0.875,0.4782608695652174,0.5274725274725275,0.7727272727272727,0.4558823529411764,0.5637254901960784,0.8333333333333334,0.4871794871794871,0.3956043956043956,0.1454545454545454,0.1666666666666666,0.1363636363636363,0.6153846153846154,0.8333333333333334,,0.4545454545454545,0.2857142857142857,0.7586206896551724,0.2272727272727272,0.6274509803921569,0.26,0.25,0.3076923076923077,0.1666666666666666,0.5,0.4,0.5,0.5,0.75,0.8,0.0238095238095238,103.0,0.5,14.526470588235297,13.445192307692308,14.036274509803922,12.841346153846152,0.3296703296703296,0.6,0.72,0.3333333333333333,0.2417582417582417,0.4090909090909091,0.4736842105263157,0.4444444444444444,0.0329670329670329,,,,0.0989010989010989,0.5555555555555556,0.5555555555555556,1.0,0.2967032967032967,0.3333333333333333,0.3333333333333333,1.0,0.6363636363636364,0.8571428571428571,0.0909090909090909,0.2941176470588235,0.6,0.1176470588235294,0.2058823529411764,0.1428571428571428,0.7252747252747253,0.3333333333333333,0.5627686813186813,0.5719785714285714,0.5329132352941177,0.1089108910891089,0.1692307692307692,0.1724137931034483,0.3275862068965517,5.096363636363637,24.916666666666668,0.3627450980392157,2025-11-10,22500203,DAL,1.0,2.0,2.0,,1.0,1.0,,,,,0.3333333333333333,0.3333333333333333,,0.1818181818181818,0.5,1.0,,,0.5,,,1.0,,,,,,,,,1.0,,,2025-26,2026,Regular Season,1610612749
48:00,92,94,16,21,7,186,10,20,,4.0,3.0,3.0,16.0,29,2.0,9,,1,,12,29,3.0,5.0,9,28,58,12,30,8,100,1.0,7,3.0,,5.0,4.0,5.0,5.0,9,2.0,25.0,40,16,27,9.0,,29,12,5.0,20,9,29,9,,7,12.0,1.0,67,2,9,,15,10,1.0,26,11,37,,6,4,2.0,5,1.0,3,4,2.0,9,1.0,1.0,12,22,,2.0,15,1.0,1.0,13,1.0,6.0,1.0,6.0,,,3.0,3.0,6.0,2.0,95,25.0,16,2.0,1.0,0.7142857142857143,0.7142857142857143,0.75,0.4,0.5555555555555556,0.4,0.4827586206896552,0.1428571428571428,0.8,0.5227272727272727,0.25,0.8214285714285714,0.5319148936170213,0.25,0.8333333333333334,0.3409090909090909,0.0862068965517241,0.15,0.0689655172413793,0.5555555555555556,0.5,,0.5,0.3,0.5769230769230769,0.1111111111111111,0.5434782608695652,0.2291666666666666,0.3,0.3076923076923077,0.0588235294117647,1.0,0.5,0.5454545454545454,,0.5238095238095238,0.8,,93.0,0.3333333333333333,15.420652173913044,15.545744680851064,14.81195652173913,14.23191489361702,0.2272727272727272,0.5,0.5882352941176471,0.7,0.3295454545454545,0.5517241379310345,0.5925925925925926,0.75,0.1022727272727272,0.2222222222222222,0.2222222222222222,0.5,0.0113636363636363,,,,0.3295454545454545,0.4137931034482758,0.4137931034482758,0.75,0.4,,0.3,0.2142857142857142,1.0,,0.6428571428571429,0.5555555555555556,0.5681818181818182,0.4137931034482758,0.4971562499999999,0.5107333333333333,0.4931214285714285,0.064516129032258,0.0952380952380952,0.05,0.25,7.427586206896552,26.40333333333333,0.1739130434782608,2025-11-12,22500213,CHA,,,,1.0,1.0,,,2.0,1.0,,0.3333333333333333,0.2857142857142857,,,,,0.3333333333333333,1.0,,,,1.0,,,,,,,,,,,,2025-26,2026,Regular Season,1610612749
53:00,109,110,19,27,4,219,22,27,3.0,4.0,6.0,8.0,9.0,11,4.0,13,10.0,10,1.0,10,24,,,1,35,51,20,34,17,147,3.0,4,1.0,,9.0,8.0,13.0,1.0,2,8.0,27.0,36,34,57,3.0,6.0,24,10,1.0,18,19,37,9,10.0,13,5.0,,93,2,3,,21,14,1.0,36,5,41,1.0,10,7,3.0,11,4.0,5,11,6.0,22,,3.0,10,25,1.0,2.0,21,1.0,1.0,22,5.0,8.0,2.0,3.0,,,1.0,2.0,3.0,2.0,138,27.0,19,3.0,2.0,0.5142857142857142,0.5625,0.95,0.5882352941176471,0.5,0.5882352941176471,0.6862745098039216,0.75,0.6153846153846154,0.7647058823529411,0.9,0.6333333333333333,0.7934782608695652,0.9,0.75,0.4,0.0196078431372549,0.037037037037037,,0.5,1.0,,0.6086956521739131,0.1875,0.7241379310344828,0.1428571428571428,0.6730769230769231,0.1666666666666666,0.6,,0.1428571428571428,,0.5,0.7777777777777778,0.5,0.68,1.0,0.0344827586206896,99.16981132075472,0.6666666666666666,14.307339449541283,14.731818181818182,14.19724770642202,14.117272727272727,0.3176470588235294,0.8148148148148148,0.8461538461538461,0.5909090909090909,0.1294117647058823,0.8181818181818182,0.8181818181818182,0.5555555555555556,0.1529411764705882,0.3076923076923077,0.3076923076923077,,0.1176470588235294,1.0,1.0,1.0,0.2823529411764706,0.4166666666666667,0.4166666666666667,0.9,0.8,0.75,,0.5333333333333333,0.75,0.0666666666666666,0.0666666666666666,,0.7176470588235294,0.4166666666666667,0.5539194117647059,0.5302,0.5454433333333333,0.1111111111111111,0.1481481481481481,0.0612244897959183,0.1836734693877551,7.349019607843138,25.44117647058824,0.1743119266055046,2025-11-14,22500043,CHA,1.0,1.0,1.0,,1.0,3.0,,5.0,,,1.0,,,0.2,1.0,1.0,,,1.0,2.0,0.0555555555555555,1.0,,,,,,,,,1.0,,,2025-26,2026,Regular Season,1610612749
48:00,96,97,22,29,13,193,13,19,1.0,2.0,4.0,6.0,3.0,13,1.0,9,6.0,11,1.0,9,29,,,6,17,41,15,40,16,95,1.0,7,1.0,2.0,7.0,4.0,9.0,,7,6.0,14.0,16,18,36,9.0,2.0,29,9,3.0,8,12,20,6,6.0,6,2.0,,52,10,5,,14,13,,27,15,42,2.0,6,4,2.0,13,,12,4,1.0,17,3.0,5.0,16,23,1.0,1.0,20,1.0,2.0,24,,10.0,2.0,3.0,1.0,1.0,1.0,2.0,4.0,4.0,88,14.0,22,1.0,2.0,0.4705882352941176,0.5,0.8,0.375,,0.375,0.4146341463414634,0.1428571428571428,0.4444444444444444,0.4876543209876543,0.3125,0.25,0.510752688172043,0.35,0.3333333333333333,0.4938271604938271,0.073170731707317,,0.1538461538461538,0.7647058823529411,,,0.6842105263157895,0.2083333333333333,0.7,0.4,0.6923076923076923,0.3061224489795918,0.5,0.1,0.4,0.4,0.5,0.8,0.6666666666666666,0.625,1.0,0.0444444444444444,96.5,1.0,15.205208333333331,14.642268041237111,14.663541666666667,14.09381443298969,0.2345679012345679,0.6842105263157895,0.6842105263157895,0.4615384615384615,0.1604938271604938,0.2307692307692307,0.2727272727272727,0.6666666666666666,0.1111111111111111,0.1111111111111111,0.125,,0.1358024691358024,0.5454545454545454,0.5454545454545454,1.0,0.3580246913580246,0.3103448275862069,0.3214285714285714,0.6666666666666666,0.25,0.5,,0.375,0.6666666666666666,0.0625,0.375,,0.7283950617283951,0.3103448275862069,0.5553725,0.52942,0.5938033333333333,0.1098901098901098,0.196078431372549,0.0736842105263157,0.1473684210526315,7.270731707317074,25.453846153846158,0.2291666666666666,2025-11-15,22500231,LAL,1.0,1.0,,,1.0,,1.0,,,,1.0,0.125,,0.125,1.0,1.0,,,,,,1.0,1.0,,,0.025,,0.0344827586206896,,,,0.1111111111111111,,2025-26,2026,Regular Season,1610612749
48:00,100,101,12,16,12,201,14,31,2.0,4.0,2.0,3.0,6.0,17,2.0,9,5.0,12,1.0,12,24,4.0,,4,22,57,17,36,11,106,2.0,5,5.0,1.0,11.0,4.0,6.0,1.0,5,2.0,13.0,22,22,45,6.0,4.0,24,12,5.0,11,15,26,11,4.0,6,4.0,1.0,67,3,10,,16,11,3.0,30,13,43,1.0,9,5,4.0,7,,4,8,3.0,15,1.0,2.0,7,17,,1.0,17,1.0,2.0,15,2.0,6.0,2.0,,1.0,,,,1.0,1.0,95,13.0,12,3.0,2.0,0.5,0.55,0.8823529411764706,0.4722222222222222,0.2,0.4722222222222222,0.3859649122807017,0.4,0.6666666666666666,0.510752688172043,0.5,0.5,0.5303030303030303,0.4583333333333333,0.5,0.3870967741935484,0.087719298245614,0.1290322580645161,0.0588235294117647,0.4666666666666667,1.0,,0.7857142857142857,0.2941176470588235,0.8421052631578947,0.1666666666666666,0.8181818181818182,0.25,0.4117647058823529,0.2727272727272727,0.2727272727272727,,0.8,0.8,0.75,0.8125,1.0,0.0212765957446808,100.5,1.0,15.995,12.678217821782178,15.307,12.366336633663366,0.3333333333333333,0.4516129032258064,0.5185185185185185,0.4285714285714285,0.1827956989247312,0.3529411764705882,0.375,0.6666666666666666,0.0967741935483871,0.2222222222222222,0.2222222222222222,0.5,0.1290322580645161,0.4166666666666667,0.4166666666666667,0.8,0.2580645161290322,0.5,0.5,0.9166666666666666,0.4,0.5,0.4,0.2727272727272727,0.6666666666666666,0.0909090909090909,0.3636363636363636,,0.7204301075268817,0.5,0.5698639784946237,0.5649000000000001,0.5611,0.0618556701030927,0.0983606557377049,0.1037735849056603,0.1226415094339622,6.41578947368421,25.21388888888889,0.12,2025-11-17,22500241,CLE,1.0,1.0,1.0,1.0,2.0,1.0,,1.0,,,0.4,,,0.1,1.0,1.0,0.25,1.0,1.0,,,2.0,,,,,,,1.0,,1.0,,,2025-26,2026,Regular Season,1610612749
53:00,107,110,21,18,7,217,18,27,,1.0,4.0,8.0,7.0,17,6.0,12,6.0,10,2.0,8,27,2.0,,3,31,56,14,37,10,114,1.0,4,2.0,,2.0,6.0,16.0,,5,3.0,15.0,36,26,36,6.0,,27,8,6.0,18,12,30,6,6.0,11,4.0,3.0,72,3,4,,26,15,1.0,42,7,49,,7,4,3.0,9,3.0,2,5,7.0,14,,2.0,11,19,,1.0,15,3.0,1.0,13,1.0,7.0,,2.0,,,2.0,,2.0,2.0,112,15.0,21,,,0.5806451612903226,0.5806451612903226,0.8571428571428571,0.3783783783783784,,0.3783783783783784,0.5535714285714286,0.25,0.375,0.5591397849462365,0.1666666666666666,0.2857142857142857,0.5757575757575758,0.1666666666666666,0.3409090909090909,0.3978494623655914,0.1071428571428571,0.074074074074074,0.1176470588235294,0.6428571428571429,0.5,,0.75,0.16,0.7428571428571429,0.1363636363636363,0.7454545454545455,0.1489361702127659,0.3333333333333333,,0.1666666666666666,,0.9,0.8333333333333334,0.25,0.7777777777777778,0.625,,98.26415094339616,1.0,15.21214953271028,14.1118181818182,14.793457943925237,13.557272727272746,0.2903225806451613,0.6666666666666666,0.72,0.6111111111111112,0.1827956989247312,0.4117647058823529,0.4666666666666667,0.5714285714285714,0.1290322580645161,0.5,0.6,0.5,0.1075268817204301,0.6,0.6,1.0,0.2903225806451613,0.2962962962962963,0.2962962962962963,0.75,0.1666666666666666,,0.3333333333333333,0.3809523809523809,0.5,0.0952380952380952,0.1428571428571428,,0.6881720430107527,0.2962962962962963,0.5481418478260869,0.45193,0.5502452380952381,0.0707070707070707,0.1129032258064516,0.0175438596491228,0.131578947368421,7.698214285714286,25.700000000000003,0.1962616822429906,2025-11-20,22500266,PHI,,,,,,,,2.0,,,,0.1666666666666666,,,,,,,,,,,,,1.0,,,,,,,0.1666666666666666,,2025-26,2026,Regular Season,1610612749
48:00,98,99,19,28,8,197,14,20,1.0,2.0,3.0,4.0,6.0,13,3.0,8,3.0,5,,17,39,3.0,4.0,8,23,41,20,44,10,116,3.0,4,3.0,,6.0,4.0,7.0,4.0,8,3.0,23.0,22,24,54,6.0,2.0,39,17,5.0,11,18,29,15,3.0,8,2.0,1.0,76,4,6,,14,13,4.0,31,10,41,2.0,8,6,2.0,10,1.0,5,7,5.0,17,2.0,3.0,13,19,,2.0,17,3.0,1.0,12,2.0,6.0,1.0,7.0,,,3.0,4.0,7.0,5.0,110,23.0,19,1.0,1.0,0.4782608695652174,0.5,0.9,0.4545454545454545,0.5,0.4545454545454545,0.5609756097560976,0.75,0.5714285714285714,0.6235294117647059,0.4285714285714285,0.6666666666666666,0.6444444444444445,0.4285714285714285,0.6764705882352942,0.5176470588235295,0.1219512195121951,0.25,,0.5882352941176471,1.0,,0.8666666666666667,0.3333333333333333,1.0,0.1666666666666666,0.9310344827586208,0.238095238095238,0.5,0.1428571428571428,0.1818181818181818,,0.7142857142857143,1.0,,1.0,1.0,0.0555555555555555,98.5,0.7142857142857143,16.41938775510204,12.837373737373738,15.842857142857142,12.726262626262628,0.2352941176470588,0.7,0.9333333333333332,0.5714285714285714,0.1529411764705882,0.4615384615384615,0.4615384615384615,0.3333333333333333,0.0941176470588235,0.375,0.375,0.3333333333333333,0.0588235294117647,0.6,0.6,1.0,0.4588235294117647,0.4358974358974359,0.4473684210526316,0.8823529411764706,0.2857142857142857,0.5,0.4285714285714285,0.2666666666666666,0.75,,0.5333333333333333,0.5,0.7529411764705882,0.4358974358974359,0.5356630952380952,0.5246083333333333,0.521875,0.0674157303370786,0.1333333333333333,0.0517241379310344,0.1982758620689655,6.736585365853658,25.94186046511628,0.1938775510204081,2025-11-22,22500272,DET,,,,,,1.0,,,1.0,,,0.4,1.0,,,,,,,,,,1.0,,,0.0227272727272727,,0.0256410256410256,,1.0,,,,2025-26,2026,Regular Season,1610612749
48:00,97,98,26,27,9,195,10,17,1.0,2.0,4.0,4.0,8.0,19,7.0,13,1.0,6,2.0,12,32,5.0,2.0,8,25,49,13,38,14,103,1.0,4,5.0,1.0,12.0,7.0,14.0,3.0,10,4.0,27.0,18,32,39,,2.0,32,12,5.0,9,13,22,12,1.0,5,1.0,3.0,57,6,4,,16,12,5.0,33,10,43,1.0,10,6,4.0,8,2.0,5,4,3.0,12,1.0,3.0,13,26,,2.0,16,1.0,1.0,18,2.0,10.0,,5.0,,,2.0,3.0,5.0,3.0,91,27.0,26,4.0,,0.36,0.375,1.0,0.3421052631578947,0.3,0.3421052631578947,0.5102040816326531,0.25,0.5,0.5114942528735632,0.6111111111111112,0.4791666666666667,0.5421052631578948,0.6666666666666666,0.5192307692307693,0.4367816091954023,0.1020408163265306,0.1176470588235294,0.1052631578947368,0.6666666666666666,1.0,,0.6666666666666666,0.1666666666666666,0.6666666666666666,0.25,0.6666666666666666,0.2083333333333333,0.1428571428571428,0.1818181818181818,0.1578947368421052,0.6,0.5,0.7,1.0,0.75,0.25,0.024390243902439,97.5,0.6,14.96082474226804,14.579591836734693,14.35257731958763,13.53877551020408,0.1954022988505747,0.5882352941176471,0.6666666666666666,0.5,0.2183908045977011,0.4210526315789473,0.4705882352941176,0.125,0.1494252873563218,0.5384615384615384,0.5833333333333334,0.4285714285714285,0.0689655172413793,0.1666666666666666,0.1666666666666666,1.0,0.367816091954023,0.375,0.4137931034482758,1.0,0.2222222222222222,0.5,0.5555555555555556,0.1666666666666666,1.0,0.0833333333333333,0.3333333333333333,0.25,0.632183908045977,0.375,0.5326081395348837,0.5572625,0.5172021739130435,0.1052631578947368,0.175438596491228,0.116504854368932,0.2621359223300971,8.187755102040816,25.91891891891892,0.268041237113402,2025-11-24,22500288,POR,,,1.0,3.0,3.0,,,3.0,,,0.6,0.1666666666666666,,,,,0.6,1.0,0.5,,,,3.0,,,0.0789473684210526,,0.09375,,,,0.0769230769230769,,2025-26,2026,Regular Season,1610612749
48:00,100,100,8,8,13,200,13,18,1.0,3.0,,1.0,12.0,30,1.0,5,2.0,7,,12,35,3.0,,4,26,53,14,42,9,103,1.0,7,5.0,2.0,10.0,,4.0,,4,1.0,1.0,38,14,36,6.0,2.0,35,12,7.0,19,12,31,10,2.0,9,10.0,,74,7,6,1.0,19,17,1.0,37,14,51,2.0,7,4,3.0,9,,3,5,6.0,14,,2.0,9,15,1.0,2.0,10,1.0,,14,2.0,7.0,1.0,1.0,,,,1.0,1.0,1.0,93,1.0,8,,1.0,0.7307692307692307,0.76,0.8571428571428571,0.3333333333333333,,0.3333333333333333,0.490566037735849,0.1428571428571428,,0.4947368421052631,0.3333333333333333,,0.5099009900990099,0.3571428571428571,0.0555555555555555,0.4421052631578947,0.1320754716981132,0.2222222222222222,0.1,0.6428571428571429,1.0,0.5,0.85,0.2307692307692307,0.7307692307692307,0.2592592592592592,0.782608695652174,0.2452830188679245,0.25,0.2777777777777778,0.2727272727272727,0.2,1.0,0.7692307692307693,1.0,0.7333333333333333,0.7272727272727273,0.0425531914893617,100.0,1.0,16.24,12.56,15.65,12.039,0.1894736842105263,0.7222222222222222,0.9285714285714286,0.6923076923076923,0.3157894736842105,0.4,0.4444444444444444,0.8333333333333334,0.0526315789473684,0.2,0.2,,0.0736842105263157,0.2857142857142857,0.2857142857142857,1.0,0.3684210526315789,0.3428571428571428,0.3428571428571428,0.8333333333333334,0.25,0.3333333333333333,0.25,0.125,,,0.5,,0.631578947368421,0.3428571428571428,0.512541052631579,0.5309428571428572,0.4740875,0.07,0.1206896551724138,0.0970873786407767,0.0097087378640776,7.118867924528302,25.302380952380958,0.08,2025-11-26,22500062,MIA,1.0,2.0,,1.0,2.0,,,1.0,,,0.4,,,0.1666666666666666,0.5,1.0,0.3333333333333333,1.0,,,,1.0,,,,,,,,,,,,2025-26,2026,Regular Season,1610612749
48:00,93,93,35,31,6,186,17,22,2.0,3.0,6.0,9.0,1.0,5,1.0,3,5.0,11,2.0,13,31,,3.0,12,19,30,18,42,17,109,2.0,3,1.0,1.0,5.0,7.0,11.0,3.0,14,9.0,32.0,18,20,45,9.0,4.0,31,13,2.0,9,15,24,10,5.0,8,1.0,,63,5,1,,12,15,3.0,30,6,36,3.0,9,6,3.0,10,1.0,4,5,6.0,15,1.0,7.0,15,26,,2.0,21,,,25,2.0,9.0,3.0,4.0,,,2.0,2.0,4.0,2.0,104,32.0,35,3.0,3.0,0.4736842105263157,0.5294117647058824,0.8333333333333334,0.4285714285714285,0.2142857142857142,0.4285714285714285,0.6333333333333333,0.6666666666666666,0.6363636363636364,0.6388888888888888,0.5,0.46,0.6566265060240963,0.625,0.5161290322580645,0.5833333333333334,0.0666666666666666,0.0909090909090909,,0.6666666666666666,1.0,,0.6,0.0909090909090909,0.5714285714285714,0.2083333333333333,0.5869565217391305,0.1714285714285714,0.2,,0.2222222222222222,0.1666666666666666,0.6666666666666666,0.5,0.8,0.6428571428571429,0.4285714285714285,0.0909090909090909,93.0,0.5,14.606451612903228,16.361290322580643,14.497849462365592,15.489247311827956,0.3055555555555556,0.7727272727272727,0.85,0.4705882352941176,0.0694444444444444,0.2,0.2,1.0,0.0416666666666666,0.3333333333333333,0.3333333333333333,,0.1527777777777778,0.4545454545454545,0.4545454545454545,1.0,0.4305555555555556,0.4193548387096774,0.4193548387096774,0.7692307692307693,0.75,0.6666666666666666,,0.36,0.6666666666666666,0.08,0.48,0.25,0.8888888888888888,0.4193548387096774,0.5786232394366198,0.6162,0.57195,0.125,0.2432432432432432,0.0458715596330275,0.2935779816513761,4.453333333333333,25.47560975609756,0.3763440860215054,2025-11-28,22500074,NYK,,1.0,,,,1.0,,2.0,,,,,,0.25,,,,,,1.0,0.0232558139534883,1.0,,,1.0,,,,,,,,,2025-26,2026,Regular Season,1610612749
48:00,91,94,20,10,10,185,21,30,,3.0,3.0,5.0,3.0,8,4.0,7,8.0,15,2.0,8,25,3.0,,6,28,45,16,40,12,116,2.0,6,6.0,3.0,19.0,3.0,7.0,2.0,8,7.0,19.0,34,22,42,6.0,2.0,25,8,4.0,17,14,31,6,8.0,13,1.0,3.0,76,7,7,,18,11,2.0,31,14,45,3.0,13,6,7.0,4,2.0,2,10,2.0,14,,3.0,7,15,,3.0,16,,,17,3.0,8.0,2.0,1.0,1.0,1.0,1.0,,2.0,1.0,97,19.0,20,,2.0,0.6071428571428571,0.6296296296296297,0.875,0.4,0.25,0.4,0.6222222222222222,0.3333333333333333,0.4285714285714285,0.611764705882353,0.6666666666666666,0.4,0.6304347826086957,0.6785714285714286,0.5,0.4705882352941176,0.0888888888888888,0.1,0.125,0.2857142857142857,1.0,,0.7857142857142857,0.4117647058823529,0.72,0.3043478260869565,0.7435897435897436,0.35,0.5555555555555556,0.2,0.25,0.4285714285714285,1.0,0.25,1.0,0.6470588235294118,0.875,0.0833333333333333,92.5,0.5,15.413186813186812,15.717021276595746,14.731868131868133,15.186170212765957,0.3529411764705882,0.7,0.7777777777777778,0.6190476190476191,0.0941176470588235,0.375,0.4285714285714285,0.3333333333333333,0.0823529411764705,0.5714285714285714,0.5714285714285714,0.75,0.1764705882352941,0.5333333333333333,0.5333333333333333,1.0,0.2941176470588235,0.32,0.32,0.75,0.25,,0.25,0.3333333333333333,0.6,0.1333333333333333,0.4,,0.8235294117647058,0.32,0.5971333333333333,0.5154916666666667,0.6213266666666667,0.0888888888888888,0.16,0.1637931034482758,0.1637931034482758,5.733333333333333,25.415384615384617,0.2197802197802197,2025-11-29,22500297,BKN,2.0,3.0,2.0,2.0,4.0,,2.0,2.0,,,0.6666666666666666,0.3333333333333333,,0.25,0.6666666666666666,1.0,0.6666666666666666,0.5,1.0,,,1.0,,,,,,,,,,,,2025-26,2026,Regular Season,1610612749
48:00,100,101,24,10,9,201,13,17,1.0,2.0,6.0,7.0,5.0,16,7.0,13,7.0,8,2.0,14,32,,4.0,7,25,46,21,40,13,126,1.0,4,2.0,2.0,10.0,8.0,15.0,5.0,9,1.0,32.0,24,26,51,12.0,2.0,32,14,4.0,12,17,29,10,7.0,7,1.0,4.0,75,3,5,2.0,18,13,2.0,33,10,43,1.0,5,3,2.0,9,1.0,8,8,1.0,17,1.0,3.0,8,16,2.0,,17,1.0,1.0,21,2.0,9.0,1.0,4.0,,,1.0,3.0,4.0,1.0,116,32.0,24,,,0.48,0.5,0.8095238095238095,0.525,0.5555555555555556,0.525,0.5434782608695652,0.25,0.5333333333333333,0.6569767441860465,0.6666666666666666,0.6458333333333334,0.6578947368421053,0.5555555555555556,0.64,0.4651162790697674,0.0869565217391304,0.0588235294117647,0.1875,0.5294117647058824,1.0,0.5,0.5,0.25,0.782608695652174,0.1764705882352941,0.6326530612244898,0.2162162162162162,0.25,0.3636363636363636,0.1875,,0.375,0.5294117647058824,1.0,0.8947368421052632,0.25,0.0303030303030303,100.5,0.25,15.265,13.4009900990099,14.865,13.023762376237624,0.1976744186046511,0.7647058823529411,0.8125,0.5384615384615384,0.1860465116279069,0.3125,0.3846153846153846,0.2,0.1511627906976744,0.5384615384615384,0.5384615384615384,0.5714285714285714,0.0930232558139534,0.875,0.875,1.0,0.3720930232558139,0.4375,0.4375,0.7142857142857143,0.3333333333333333,0.5,,0.2916666666666667,0.8571428571428571,0.0833333333333333,0.2916666666666667,0.5714285714285714,0.6627906976744186,0.4375,0.5171571428571429,0.50149,0.5151454545454546,0.1063829787234042,0.1698113207547169,0.0793650793650793,0.2539682539682539,8.684782608695652,26.542105263157897,0.24,2025-12-01,22500311,WAS,2.0,2.0,1.0,,2.0,,,,,,1.0,,,0.3333333333333333,1.0,1.0,,,0.5,1.0,0.024390243902439,3.0,,,,,,,,,1.0,,,2025-26,2026,Regular Season,1610612749
48:00,96,96,18,23,11,192,18,22,1.0,1.0,5.0,5.0,5.0,11,4.0,5,6.0,14,2.0,7,31,5.0,1.0,3,27,38,13,45,20,113,2.0,3,6.0,1.0,14.0,6.0,7.0,2.0,5,12.0,30.0,30,24,39,,2.0,31,7,3.0,15,13,28,7,6.0,11,3.0,1.0,69,6,6,,19,17,2.0,38,12,50,2.0,6,5,1.0,8,2.0,3,8,5.0,16,2.0,2.0,12,20,1.0,1.0,18,3.0,,21,1.0,8.0,2.0,6.0,,,3.0,2.0,6.0,1.0,99,30.0,18,1.0,2.0,0.5555555555555556,0.5769230769230769,1.0,0.2888888888888888,0.4,0.2888888888888888,0.7105263157894737,0.6666666666666666,0.8571428571428571,0.5602409638554217,0.7222222222222222,0.75,0.6086956521739131,0.7777777777777778,0.8529411764705882,0.5421686746987951,0.0789473684210526,0.0454545454545454,0.1818181818181818,0.5,1.0,,0.6071428571428571,0.5454545454545454,0.6785714285714286,0.1935483870967742,0.6428571428571429,0.2857142857142857,1.0,0.1666666666666666,0.125,0.4285714285714285,0.6666666666666666,0.5,0.7142857142857143,0.6666666666666666,0.7142857142857143,0.0526315789473684,96.0,0.1666666666666666,14.561458333333334,15.438541666666666,13.905208333333334,14.407291666666666,0.2650602409638554,0.8181818181818182,0.8571428571428571,0.6111111111111112,0.1325301204819277,0.4545454545454545,0.5555555555555556,0.6,0.0602409638554216,0.8,0.8,0.25,0.1686746987951807,0.4285714285714285,0.4615384615384615,1.0,0.3734939759036144,0.2258064516129032,0.2333333333333333,1.0,0.1111111111111111,1.0,0.5555555555555556,0.4166666666666667,1.0,0.1666666666666666,0.25,0.3333333333333333,0.8072289156626506,0.2258064516129032,0.5718134146341464,0.5396666666666666,0.5823125,0.1,0.1777777777777777,0.1238938053097345,0.2654867256637168,6.052631578947368,25.59318181818181,0.1875,2025-12-03,22500331,DET,,1.0,1.0,3.0,3.0,1.0,,2.0,,,0.5,1.0,,0.1111111111111111,,,0.6,1.0,0.5,1.0,0.0222222222222222,2.0,2.0,1.0,2.0,0.0444444444444444,0.0714285714285714,0.032258064516129,,,1.0,,1.0,2025-26,2026,Regular Season,1610612749
48:00,99,99,37,32,9,198,14,20,,1.0,9.0,11.0,5.0,13,5.0,11,1.0,7,3.0,10,26,5.0,1.0,8,24,44,11,33,20,101,1.0,2,5.0,,5.0,12.0,17.0,2.0,11,13.0,43.0,32,16,30,3.0,,26,10,,16,10,26,9,1.0,9,4.0,3.0,62,4,5,,18,15,,33,9,42,2.0,8,4,4.0,12,1.0,7,6,5.0,18,1.0,4.0,11,21,1.0,1.0,24,,1.0,27,2.0,11.0,3.0,3.0,,,2.0,1.0,3.0,2.0,96,43.0,37,,3.0,0.6666666666666666,0.6666666666666666,0.9090909090909092,0.3333333333333333,0.1818181818181818,0.3333333333333333,0.5454545454545454,0.5,0.7058823529411765,0.525974025974026,0.3571428571428571,0.5357142857142857,0.5674157303370787,0.3571428571428571,0.6142857142857143,0.4285714285714285,,,,0.6666666666666666,,,0.75,0.25,0.72,0.1818181818181818,0.7333333333333333,0.2142857142857142,,0.5,0.1875,0.1666666666666666,0.7777777777777778,0.6666666666666666,1.0,0.625,0.8888888888888888,0.048780487804878,99.0,0.6666666666666666,13.903030303030304,15.187878787878788,13.513131313131314,14.716161616161616,0.2597402597402597,0.7,0.7,0.6428571428571429,0.1688311688311688,0.3846153846153846,0.3846153846153846,0.8,0.1428571428571428,0.4545454545454545,0.4545454545454545,0.6,0.0909090909090909,0.1428571428571428,0.1666666666666666,1.0,0.3376623376623376,0.3846153846153846,0.3846153846153846,0.9,0.1428571428571428,,0.7142857142857143,0.3928571428571428,0.8181818181818182,0.1071428571428571,0.2857142857142857,0.125,0.6883116883116883,0.3846153846153846,0.5551368421052632,0.5342,0.5950092592592592,0.1395348837209302,0.2075471698113207,0.0495049504950495,0.4257425742574257,7.929545454545454,25.44375,0.3737373737373737,2025-12-05,22500348,PHI,,,1.0,1.0,1.0,1.0,,1.0,,,0.2,0.1666666666666666,,,,,0.2,1.0,0.3333333333333333,1.0,0.0303030303030303,,1.0,,,0.0303030303030303,0.1428571428571428,,,,,,1.0,2025-26,2026,Regular Season,1610612749
48:00,96,96,33,32,13,192,10,16,1.0,3.0,6.0,7.0,10.0,22,1.0,8,5.0,9,1.0,11,29,2.0,4.0,11,21,46,16,38,22,112,2.0,7,3.0,2.0,12.0,10.0,16.0,5.0,12,12.0,47.0,24,18,36,12.0,4.0,29,11,4.0,12,12,24,7,5.0,6,5.0,1.0,60,3,8,3.0,16,9,3.0,28,14,42,3.0,11,8,3.0,5,1.0,1,7,4.0,12,2.0,5.0,15,26,,4.0,26,5.0,1.0,32,3.0,14.0,4.0,5.0,,,2.0,2.0,5.0,3.0,100,47.0,33,3.0,4.0,0.5714285714285714,0.631578947368421,0.75,0.4210526315789473,0.4166666666666667,0.4210526315789473,0.4565217391304347,0.2857142857142857,0.625,0.5357142857142857,0.5,0.625,0.5656565656565656,0.5,0.6351351351351351,0.4523809523809524,0.0869565217391304,0.1875,0.0454545454545454,0.4166666666666667,0.6,0.5,0.5,0.32,0.5925925925925926,0.1428571428571428,0.5555555555555556,0.2391304347826087,,0.5833333333333334,0.1176470588235294,0.25,0.4285714285714285,0.5,1.0,0.5555555555555556,0.6666666666666666,0.0714285714285714,96.0,0.6,14.664583333333333,15.335416666666667,13.976041666666667,14.49375,0.1904761904761904,0.625,0.7692307692307693,0.6,0.2619047619047619,0.4545454545454545,0.4761904761904761,0.5,0.0952380952380952,0.125,0.125,1.0,0.1071428571428571,0.5555555555555556,0.5555555555555556,1.0,0.3452380952380952,0.3793103448275862,0.3793103448275862,0.6363636363636364,0.3,0.3333333333333333,0.2,0.25,0.8571428571428571,0.0357142857142857,0.3928571428571428,0.3636363636363636,0.6428571428571429,0.3793103448275862,0.5259345238095238,0.516625,0.5383089285714285,0.1473684210526315,0.2456140350877192,0.1071428571428571,0.4196428571428571,7.4173913043478255,25.318421052631574,0.34375,2025-12-06,22500353,DET,1.0,1.0,1.0,1.0,2.0,1.0,,2.0,,,0.6666666666666666,0.1428571428571428,,0.1,1.0,1.0,0.5,1.0,1.0,,,1.0,,1.0,,,,,,,,,,2025-26,2026,Regular Season,1610612749
48:00,93,94,14,24,7,187,18,22,,,1.0,1.0,9.0,18,6.0,10,5.0,8,,8,22,3.0,2.0,4,33,50,13,30,11,116,3.0,3,4.0,1.0,13.0,3.0,7.0,2.0,4,2.0,14.0,34,32,33,6.0,2.0,22,8,1.0,17,11,28,6,5.0,12,2.0,3.0,67,6,2,,23,12,4.0,39,8,47,,5,3,2.0,7,4.0,3,9,4.0,16,,3.0,9,24,,3.0,15,4.0,1.0,14,2.0,6.0,2.0,5.0,,,1.0,4.0,5.0,3.0,103,14.0,14,3.0,2.0,0.5151515151515151,0.53125,0.8461538461538461,0.4333333333333333,0.5,0.4333333333333333,0.66,1.0,0.4285714285714285,0.65625,0.8571428571428571,0.5454545454545454,0.6744186046511628,0.8125,0.5384615384615384,0.375,0.02,,,0.4375,0.8,,0.631578947368421,0.1176470588235294,0.696969696969697,0.375,0.6730769230769231,0.2424242424242424,,0.1111111111111111,0.3076923076923077,0.6666666666666666,0.8333333333333334,0.7142857142857143,0.3333333333333333,0.6875,1.0,,93.5,0.6,14.482795698924733,16.309574468085106,13.966666666666669,15.217021276595744,0.275,0.8181818181818182,0.8181818181818182,0.6666666666666666,0.225,0.5,0.5,0.2222222222222222,0.125,0.6,0.6666666666666666,0.5,0.1,0.625,0.625,1.0,0.275,0.3636363636363636,0.3636363636363636,0.75,,,0.4285714285714285,0.0909090909090909,1.0,,0.3636363636363636,0.5,0.65,0.3636363636363636,0.5631632911392405,0.4979,0.493815,0.0714285714285714,0.1111111111111111,0.1120689655172413,0.1206896551724138,7.23,25.48275862068965,0.1505376344086021,2025-12-11,22501206,BOS,1.0,1.0,,1.0,2.0,1.0,,1.0,,1.0,0.5,0.25,,0.1428571428571428,1.0,1.0,0.3333333333333333,1.0,,,,,,,,,,,,,,0.1,,2025-26,2026,Regular Season,1610612749
47:59,98,100,11,31,9,198,16,20,3.0,4.0,3.0,4.0,7.0,21,,3,3.0,13,,5,22,1.0,1.0,2,23,44,8,35,12,82,3.0,5,2.0,1.0,10.0,4.0,9.0,1.0,2,2.0,13.0,24,22,24,,4.0,22,5,1.0,12,8,20,5,3.0,6,6.0,,48,2,7,,20,11,1.0,32,9,41,1.0,8,6,2.0,14,2.0,8,6,6.0,20,1.0,1.0,8,18,1.0,1.0,15,2.0,2.0,16,,8.0,,1.0,,,1.0,,1.0,1.0,72,13.0,11,1.0,,0.5217391304347826,0.5714285714285714,1.0,0.2285714285714285,0.5,0.2285714285714285,0.5227272727272727,0.6,0.4444444444444444,0.4430379746835443,0.6428571428571429,0.5,0.4712643678160919,0.625,0.5416666666666666,0.4430379746835443,0.0227272727272727,0.05,,0.7,1.0,,0.6875,0.3333333333333333,0.8695652173913043,0.074074074074074,0.7948717948717948,0.1875,,0.3571428571428571,0.1176470588235294,,0.625,0.75,,0.8235294117647058,1.0,0.0227272727272727,99.00000000000006,1.0,15.4,13.70799999999998,14.981632653061226,13.51799999999998,0.2531645569620253,0.8,0.8421052631578947,0.375,0.2658227848101265,0.3333333333333333,0.3333333333333333,0.8571428571428571,0.0379746835443038,,,,0.1645569620253164,0.2307692307692307,0.25,1.0,0.2784810126582278,0.2272727272727272,0.25,1.0,0.5714285714285714,0.75,0.1428571428571428,0.3636363636363636,0.75,,0.1818181818181818,0.5,0.6962025316455697,0.2272727272727272,0.5499132911392406,0.5872,0.5467,0.0919540229885057,0.1538461538461538,0.1219512195121951,0.1585365853658536,6.3113636363636365,24.68,0.1122448979591836,2025-12-14,22501219,BKN,,1.0,,1.0,1.0,,2.0,2.0,,,0.5,0.6666666666666666,0.3333333333333333,0.1428571428571428,,,1.0,1.0,,,,,3.0,,,0.0857142857142857,0.0769230769230769,0.0909090909090909,,,,,,2025-26,2026,Regular Season,1610612749
48:00,97,96,27,34,11,193,12,17,3.0,4.0,2.0,3.0,4.0,17,7.0,13,6.0,9,2.0,9,28,2.0,3.0,13,23,47,15,37,14,105,3.0,6,2.0,1.0,13.0,5.0,12.0,5.0,15,4.0,29.0,22,24,42,3.0,6.0,28,9,2.0,11,14,25,8,6.0,6,2.0,3.0,64,5,6,,14,12,5.0,31,11,42,1.0,10,7,3.0,9,2.0,4,7,5.0,16,1.0,2.0,9,19,,2.0,20,2.0,,16,2.0,8.0,1.0,2.0,,,,2.0,2.0,1.0,92,29.0,27,2.0,1.0,0.4782608695652174,0.55,0.9333333333333332,0.4054054054054054,0.3333333333333333,0.4054054054054054,0.4893617021276595,0.5,0.4166666666666667,0.5416666666666666,0.75,0.4629629629629629,0.5769230769230769,0.7222222222222222,0.5,0.4404761904761904,0.0425531914893617,,0.1176470588235294,0.5625,1.0,,0.6,0.25,0.6666666666666666,0.238095238095238,0.6341463414634146,0.2444444444444444,0.2,0.3076923076923077,0.2222222222222222,0.3333333333333333,0.5714285714285714,0.6666666666666666,0.5,0.6875,0.6,0.0232558139534883,96.49999999999994,0.5,15.717525773195876,14.11875000000002,15.346391752577318,13.55625000000002,0.2023809523809523,0.7058823529411765,0.7058823529411765,0.5,0.2023809523809523,0.2352941176470588,0.2666666666666666,0.5,0.1547619047619047,0.5384615384615384,0.5384615384615384,0.4285714285714285,0.1071428571428571,0.6666666666666666,0.6666666666666666,1.0,0.3333333333333333,0.3214285714285714,0.3214285714285714,0.8888888888888888,0.5,0.75,0.25,0.1111111111111111,0.6666666666666666,0.074074074074074,0.4814814814814814,0.2307692307692307,0.6428571428571429,0.3214285714285714,0.5275535714285715,0.53906,0.5105166666666667,0.0888888888888888,0.1509433962264151,0.1238095238095238,0.2761904761904762,8.593617021276595,25.57567567567568,0.2783505154639175,2025-12-18,22500374,TOR,,,2.0,2.0,2.0,1.0,1.0,2.0,1.0,,1.0,0.1666666666666666,,,,,1.0,1.0,1.0,,,,,,,,,,,,,,,2025-26,2026,Regular Season,1610612749
48:00,97,97,22,12,11,194,13,17,,1.0,1.0,1.0,7.0,18,2.0,7,3.0,10,,10,36,6.0,5.0,12,22,42,13,46,17,100,1.0,5,7.0,1.0,12.0,2.0,4.0,5.0,12,10.0,29.0,32,12,33,6.0,,36,10,3.0,16,11,27,8,3.0,10,5.0,1.0,65,8,8,,24,15,4.0,43,16,59,5.0,6,5,1.0,10,1.0,7,8,3.0,18,2.0,5.0,10,15,,,18,,1.0,20,2.0,6.0,4.0,2.0,,,,2.0,2.0,2.0,88,29.0,22,3.0,4.0,0.7272727272727273,0.7272727272727273,0.8461538461538461,0.2826086956521739,0.4166666666666667,0.2826086956521739,0.5238095238095238,0.2,0.5,0.4715909090909091,0.4583333333333333,0.59375,0.515625,0.5,0.6666666666666666,0.5227272727272727,0.0714285714285714,,0.1666666666666666,0.5555555555555556,1.0,,0.7894736842105263,0.4210526315789473,0.75,0.25,0.7647058823529411,0.3137254901960784,0.75,0.3636363636363636,0.32,,0.6,0.8888888888888888,0.8,0.72,0.8571428571428571,0.1063829787234042,97.0,1.0,15.329896907216495,14.360824742268042,14.463917525773196,14.01958762886598,0.1931818181818181,0.7647058823529411,0.7647058823529411,0.7692307692307693,0.2045454545454545,0.3888888888888889,0.4666666666666667,0.7142857142857143,0.0795454545454545,0.2857142857142857,0.2857142857142857,0.5,0.1136363636363636,0.3,0.3,1.0,0.4090909090909091,0.2777777777777778,0.2857142857142857,0.8,0.0833333333333333,,0.5,0.0625,1.0,,0.75,0.4166666666666667,0.7159090909090909,0.2777777777777778,0.5189247126436782,0.461375,0.472959375,0.0652173913043478,0.1304347826086956,0.12,0.29,7.383333333333334,24.80222222222222,0.2268041237113402,2025-12-21,22500400,MIN,1.0,1.0,,2.0,3.0,,5.0,,1.0,,0.4285714285714285,0.25,,0.0833333333333333,1.0,1.0,0.3333333333333333,0.5,,,,,1.0,,,0.0217391304347826,,0.0277777777777777,,,1.0,,,2025-26,2026,Regular Season,1610612749
48:00,97,100,23,34,10,197,12,15,3.0,4.0,3.0,3.0,15.0,28,5.0,9,6.0,16,1.0,4,14,,2.0,5,32,52,10,30,17,111,6.0,7,1.0,4.0,19.0,7.0,11.0,3.0,6,8.0,31.0,28,36,18,12.0,8.0,14,4,3.0,14,6,20,2,4.0,4,5.0,5.0,46,3,7,,19,17,7.0,43,10,53,1.0,6,4,2.0,7,2.0,4,8,3.0,15,,4.0,15,26,,4.0,21,1.0,1.0,24,3.0,11.0,2.0,7.0,,,3.0,4.0,7.0,4.0,92,31.0,23,1.0,2.0,0.4375,0.5,0.6,0.3333333333333333,0.5,0.3333333333333333,0.6153846153846154,0.8571428571428571,0.6363636363636364,0.573170731707317,0.9375,0.6764705882352942,0.5978260869565217,0.9,0.7045454545454546,0.3658536585365853,0.0576923076923076,0.0666666666666666,0.0714285714285714,0.4666666666666667,1.0,,0.68,0.35,0.8636363636363636,0.15,0.7659574468085106,0.25,0.3333333333333333,0.4615384615384615,,0.3,0.8,0.6666666666666666,0.6,0.8333333333333334,1.0,0.027027027027027,98.5,0.5714285714285714,15.522680412371134,13.743,14.977319587628866,13.065,0.1829268292682926,0.8,0.8571428571428571,0.3333333333333333,0.3414634146341463,0.5357142857142857,0.5769230769230769,0.3333333333333333,0.1097560975609756,0.5555555555555556,0.5555555555555556,1.0,0.1951219512195122,0.375,0.375,0.6666666666666666,0.1707317073170731,0.2857142857142857,0.2857142857142857,0.5,0.5,0.75,,0.1764705882352941,1.0,0.0588235294117647,0.2941176470588235,0.4,0.5487804878048781,0.2857142857142857,0.517880487804878,0.5833,0.5180588235294118,0.1222222222222222,0.1833333333333333,0.1711711711711711,0.2792792792792792,7.8961538461538465,25.05666666666667,0.2371134020618556,2025-12-23,22500413,IND,1.0,1.0,1.0,,1.0,,,,1.0,,1.0,,,0.125,1.0,,,,1.0,,,1.0,,,,,,,,,1.0,,,2025-26,2026,Regular Season,1610612749
48:00,99,100,32,34,18,199,8,17,2.0,5.0,1.0,1.0,7.0,19,7.0,9,3.0,10,2.0,11,30,4.0,6.0,14,22,45,14,40,18,104,4.0,8,5.0,2.0,19.0,6.0,8.0,6.0,16,4.0,34.0,12,32,36,6.0,8.0,30,11,9.0,6,12,18,9,3.0,2,1.0,3.0,48,9,8,1.0,15,16,2.0,33,18,51,3.0,11,5,6.0,12,4.0,6,10,6.0,22,3.0,9.0,12,25,,1.0,19,,,24,3.0,10.0,2.0,2.0,,,2.0,,2.0,1.0,85,34.0,32,4.0,2.0,0.2727272727272727,0.3333333333333333,0.8571428571428571,0.35,0.375,0.35,0.4888888888888889,0.5,0.75,0.5058823529411764,0.6538461538461539,0.625,0.5473684210526316,0.6785714285714286,0.6538461538461539,0.4705882352941176,0.2,0.2941176470588235,0.2105263157894736,0.5454545454545454,0.6666666666666666,0.2,0.7619047619047619,0.3478260869565217,0.7142857142857143,0.36,0.7380952380952381,0.3541666666666667,0.4444444444444444,0.3333333333333333,0.3888888888888889,0.2857142857142857,0.8,0.7333333333333333,1.0,0.7368421052631579,0.5,0.0769230769230769,99.5,0.5,14.833333333333334,14.115,14.064646464646463,13.305,0.2,0.4705882352941176,0.6666666666666666,0.25,0.2235294117647059,0.3684210526315789,0.4666666666666667,0.1428571428571428,0.1058823529411764,0.7777777777777778,0.7777777777777778,0.4285714285714285,0.1176470588235294,0.3,0.3,1.0,0.3529411764705882,0.3666666666666666,0.3666666666666666,0.8181818181818182,0.3846153846153846,0.4,0.3076923076923077,0.0416666666666666,1.0,0.0833333333333333,0.5833333333333334,0.4285714285714285,0.6705882352941176,0.3666666666666666,0.5300214285714285,0.5473583333333333,0.4854086956521739,0.1182795698924731,0.1923076923076923,0.1826923076923076,0.3269230769230769,7.211111111111111,25.32307692307692,0.3232323232323232,2025-12-26,22500428,MEM,1.0,1.0,,2.0,3.0,1.0,,1.0,,,0.6,,,0.0769230769230769,1.0,1.0,0.5,1.0,,1.0,0.024390243902439,3.0,,,1.0,,,,,,,,,2025-26,2026,Regular Season,1610612749
48:00,96,97,33,12,11,193,21,29,3.0,5.0,8.0,9.0,3.0,11,3.0,10,4.0,12,3.0,9,24,,2.0,10,27,50,13,36,19,112,5.0,10,,3.0,13.0,8.0,11.0,2.0,13,10.0,32.0,26,28,27,12.0,6.0,24,9,2.0,13,9,22,6,3.0,10,,3.0,53,6,6,1.0,20,15,2.0,37,13,50,1.0,12,6,6.0,5,,4,7,1.0,12,2.0,6.0,10,16,,3.0,18,2.0,,24,,7.0,5.0,3.0,,,3.0,,3.0,2.0,99,29.0,31,,3.0,0.4814814814814814,0.5416666666666666,0.6923076923076923,0.3611111111111111,0.1538461538461538,0.3611111111111111,0.54,0.5,0.7272727272727273,0.5406976744186046,0.5,0.4583333333333333,0.5714285714285714,0.5416666666666666,0.5161290322580645,0.4186046511627907,0.04,0.0344827586206896,0.0909090909090909,0.4166666666666667,1.0,0.2,0.5172413793103449,0.2727272727272727,0.7692307692307693,0.2608695652173913,0.6363636363636364,0.2666666666666666,0.5,0.125,0.2666666666666666,0.25,0.4666666666666667,0.5,1.0,0.8181818181818182,0.5,0.0232558139534883,96.5,0.6666666666666666,15.798958333333331,14.054639175257732,15.001041666666667,12.922680412371134,0.3372093023255814,0.7241379310344828,0.75,0.4761904761904761,0.127906976744186,0.2727272727272727,0.3,,0.1162790697674418,0.3,0.3,1.0,0.1395348837209302,0.3333333333333333,0.3333333333333333,0.75,0.2790697674418604,0.375,0.375,0.6666666666666666,0.5,0.6,,0.375,0.8888888888888888,0.125,0.4166666666666667,0.2,0.7558139534883721,0.375,0.5686209302325582,0.5229166666666667,0.5778875,0.075268817204301,0.1228070175438596,0.1160714285714285,0.2857142857142857,6.087999999999999,25.75555555555556,0.34375,2025-12-27,22500437,CHI,,,,,,,1.0,,,,,0.1666666666666666,,,,,,,,,,1.0,,,,,,,,,,,,2025-26,2026,Regular Season,1610612749
48:00,93,94,21,11,10,187,20,31,3.0,5.0,3.0,4.0,5.0,12,3.0,7,7.0,12,3.0,9,23,,2.0,5,28,50,16,35,19,123,4.0,6,,4.0,12.0,7.0,12.0,4.0,8,7.0,33.0,32,24,39,9.0,6.0,23,9,3.0,16,13,29,6,7.0,13,3.0,,71,2,8,,16,17,,33,10,43,,9,8,1.0,5,1.0,3,4,2.0,9,,1.0,9,17,,1.0,21,2.0,2.0,22,2.0,11.0,1.0,5.0,,,3.0,2.0,5.0,2.0,111,33.0,21,1.0,1.0,0.5714285714285714,0.64,0.8125,0.4571428571428571,0.5,0.4571428571428571,0.56,0.6666666666666666,0.5833333333333334,0.611764705882353,0.6666666666666666,0.65,0.6473684210526316,0.6666666666666666,0.6875,0.4117647058823529,0.06,0.0967741935483871,,0.5555555555555556,,,0.7083333333333334,0.3636363636363636,0.5517241379310345,0.1176470588235294,0.6226415094339622,0.2564102564102564,0.4545454545454545,0.2857142857142857,0.1666666666666666,,0.5454545454545454,0.8181818181818182,1.0,0.55,0.5555555555555556,,93.5,0.4,14.341935483870968,16.448936170212768,13.887096774193548,14.858510638297872,0.3647058823529411,0.6451612903225806,0.7142857142857143,0.65,0.1411764705882353,0.4166666666666667,0.4166666666666667,0.6,0.0823529411764705,0.4285714285714285,0.4285714285714285,,0.1411764705882353,0.5833333333333334,0.5833333333333334,1.0,0.2705882352941176,0.391304347826087,0.391304347826087,0.6666666666666666,0.8333333333333334,0.6,,0.2,0.75,0.15,0.25,0.4,0.7764705882352941,0.391304347826087,0.5457114457831325,0.5176666666666666,0.4973777777777777,0.1170212765957446,0.1864406779661017,0.0975609756097561,0.2682926829268293,5.394,25.008823529411764,0.2258064516129032,2025-12-29,22500447,CHA,,,2.0,,,,,,,,,0.25,0.3333333333333333,,,,,,0.6666666666666666,,,,,,,,,,,,,,,2025-26,2026,Regular Season,1610612749
48:00,98,98,32,19,15,196,19,32,3.0,6.0,6.0,12.0,1.0,7,5.0,11,5.0,11,2.0,11,28,3.0,4.0,10,25,50,16,39,15,113,3.0,6,6.0,2.0,17.0,8.0,20.0,4.0,12,7.0,35.0,18,32,45,3.0,4.0,28,11,7.0,9,15,24,10,5.0,8,,1.0,63,4,13,,16,22,2.0,40,17,57,3.0,2,1,1.0,8,3.0,4,7,4.0,15,2.0,4.0,10,14,,,18,1.0,,22,2.0,11.0,1.0,6.0,,,2.0,4.0,6.0,4.0,96,33.0,31,,,0.36,0.391304347826087,0.9375,0.4102564102564102,0.3333333333333333,0.4102564102564102,0.5,0.5,0.4,0.550561797752809,0.625,0.4375,0.5707070707070707,0.6538461538461539,0.4861111111111111,0.4382022471910112,0.14,0.15625,0.2857142857142857,0.5333333333333333,0.6666666666666666,,0.6666666666666666,0.52,0.8,0.1818181818181818,0.7169811320754716,0.3617021276595745,0.5384615384615384,0.6666666666666666,0.1875,0.1666666666666666,0.5833333333333334,0.75,0.6,0.7894736842105263,1.0,0.0769230769230769,98.0,0.6666666666666666,14.77142857142857,14.616326530612248,13.951020408163265,14.001020408163267,0.3595505617977528,0.59375,0.7037037037037037,0.4210526315789473,0.0786516853932584,0.1428571428571428,0.2,,0.1235955056179775,0.4545454545454545,0.4545454545454545,0.2,0.1235955056179775,0.4545454545454545,0.4545454545454545,1.0,0.3146067415730337,0.3928571428571428,0.4074074074074074,0.9090909090909092,0.5,0.5,0.25,0.375,0.5,0.0625,0.3125,0.4,0.797752808988764,0.3928571428571428,0.5626702247191011,0.5339954545454545,0.5156484375,0.1122448979591836,0.1864406779661017,0.1504424778761062,0.3097345132743362,5.772,25.656410256410258,0.3265306122448979,2025-12-31,22500469,WAS,2.0,3.0,,1.0,3.0,1.0,1.0,,,,0.5,0.3333333333333333,,0.25,0.6666666666666666,1.0,0.3333333333333333,1.0,,,,1.0,1.0,,,0.0256410256410256,,0.0357142857142857,,,,,,2025-26,2026,Regular Season,1610612749
48:00,96,97,27,35,9,193,18,22,3.0,4.0,6.0,6.0,7.0,17,4.0,11,6.0,12,3.0,10,26,1.0,3.0,9,29,50,16,38,16,122,5.0,7,2.0,,13.0,8.0,14.0,4.0,12,3.0,31.0,30,28,48,,4.0,26,10,3.0,15,16,31,10,6.0,9,4.0,2.0,78,5,6,,17,12,3.0,32,11,43,3.0,7,4,3.0,5,1.0,3,6,2.0,11,1.0,3.0,11,23,,2.0,18,,1.0,18,4.0,9.0,2.0,4.0,,,3.0,1.0,4.0,2.0,109,31.0,27,2.0,2.0,0.5172413793103449,0.5555555555555556,1.0,0.4210526315789473,0.3333333333333333,0.4210526315789473,0.58,0.7142857142857143,0.5714285714285714,0.6022727272727273,0.7222222222222222,0.5384615384615384,0.6421052631578947,0.7222222222222222,0.5535714285714286,0.4318181818181818,0.06,,0.1176470588235294,0.4545454545454545,1.0,,0.631578947368421,0.2857142857142857,0.8095238095238095,0.2272727272727272,0.725,0.2558139534883721,0.5,0.4,0.25,0.1666666666666666,0.6,0.625,0.6666666666666666,0.8666666666666667,0.6666666666666666,0.075,96.5,0.5,14.977083333333333,14.868041237113404,14.601041666666667,14.156701030927836,0.25,0.8181818181818182,0.8181818181818182,0.5,0.1931818181818181,0.4117647058823529,0.4666666666666667,0.5714285714285714,0.125,0.3636363636363636,0.4,0.5,0.1363636363636363,0.5,0.5,1.0,0.2954545454545454,0.3846153846153846,0.3846153846153846,1.0,0.4444444444444444,0.75,0.1111111111111111,0.2307692307692307,1.0,0.1153846153846153,0.3461538461538461,0.3333333333333333,0.6818181818181818,0.3846153846153846,0.5496261627906978,0.5276,0.541764,0.0967741935483871,0.1636363636363636,0.1065573770491803,0.2540983606557377,7.154,25.54594594594595,0.28125,2026-01-02,22500481,CHA,1.0,1.0,1.0,,1.0,3.0,,,,,0.5,,,0.1111111111111111,1.0,1.0,,,0.3333333333333333,,,,,,,,,,,,,0.0909090909090909,,2025-26,2026,Regular Season,1610612749
48:00,97,98,36,21,13,195,8,11,1.0,2.0,3.0,4.0,16.0,28,5.0,11,2.0,9,4.0,8,28,4.0,2.0,14,29,50,10,37,27,115,5.0,6,4.0,5.0,18.0,8.0,14.0,3.0,18,13.0,38.0,26,32,30,,4.0,28,8,6.0,13,10,23,8,2.0,4,6.0,3.0,56,9,6,,18,20,2.0,40,15,55,1.0,4,2,2.0,10,,5,3,5.0,13,1.0,7.0,14,21,,1.0,22,3.0,1.0,30,5.0,12.0,3.0,2.0,,,,2.0,2.0,2.0,97,38.0,36,1.0,3.0,0.4482758620689655,0.4814814814814814,1.0,0.2702702702702703,0.1666666666666666,0.2702702702702703,0.58,0.8333333333333334,0.5714285714285714,0.5057471264367817,0.65,0.390625,0.576530612244898,0.6923076923076923,0.4868421052631579,0.425287356321839,0.12,0.1818181818181818,0.1428571428571428,0.7692307692307693,0.6666666666666666,,0.7692307692307693,0.2857142857142857,0.8571428571428571,0.3333333333333333,0.8085106382978723,0.3125,1.0,0.1666666666666666,0.35,0.2857142857142857,,0.8,0.8888888888888888,0.8,1.0,0.024390243902439,97.5,1.0,16.218556701030927,13.33469387755102,15.375257731958763,12.83265306122449,0.1264367816091954,0.7272727272727273,0.8888888888888888,0.5,0.3218390804597701,0.5714285714285714,0.6666666666666666,0.375,0.1264367816091954,0.4545454545454545,0.4545454545454545,0.6,0.1034482758620689,0.2222222222222222,0.25,1.0,0.3218390804597701,0.2857142857142857,0.2857142857142857,1.0,0.2,0.5,0.4,0.125,0.75,0.125,0.4375,0.1428571428571428,0.5517241379310345,0.2857142857142857,0.4961310344827586,0.42794,0.4871625,0.1368421052631579,0.2105263157894736,0.1565217391304348,0.3304347826086956,8.396,25.013513513513512,0.3711340206185567,2026-01-04,22500500,SAC,,,1.0,1.0,1.0,1.0,,1.0,,,0.25,0.1666666666666666,,,,,0.25,1.0,0.25,1.0,0.0263157894736842,,1.0,,,0.027027027027027,0.1111111111111111,,,,2.0,,,2025-26,2026,Regular Season,1610612749
48:00,95,96,15,10,6,191,14,20,1.0,1.0,2.0,3.0,13.0,26,5.0,7,4.0,10,3.0,10,22,1.0,2.0,4,32,53,14,32,7,113,1.0,4,1.0,2.0,4.0,6.0,8.0,4.0,7,2.0,26.0,30,34,42,,2.0,22,10,2.0,15,14,29,10,4.0,8,6.0,1.0,72,2,4,,22,10,1.0,33,6,39,2.0,3,3,,6,1.0,3,6,3.0,12,,1.0,9,15,,,15,,,12,4.0,8.0,,3.0,,,2.0,1.0,3.0,2.0,109,26.0,15,,,0.46875,0.4838709677419355,1.0,0.4375,0.5714285714285714,0.4375,0.6037735849056604,0.25,0.75,0.6235294117647059,0.2,0.8,0.6348314606741573,0.3333333333333333,0.8666666666666667,0.3764705882352941,0.0377358490566037,0.05,0.0384615384615384,0.5,0.5,,0.6666666666666666,0.1904761904761904,0.7333333333333333,0.1111111111111111,0.7111111111111111,0.1538461538461538,0.5,0.0769230769230769,0.0833333333333333,0.1666666666666666,0.3333333333333333,0.75,0.75,0.7391304347826086,0.7142857142857143,0.054054054054054,95.5,0.6666666666666666,14.05684210526316,16.089583333333334,13.835789473684212,15.204166666666666,0.2352941176470588,0.7,0.7368421052631579,0.5714285714285714,0.3058823529411765,0.5,0.52,0.4615384615384615,0.0823529411764705,0.7142857142857143,0.7142857142857143,0.2,0.1176470588235294,0.4,0.4,1.0,0.2588235294117647,0.4545454545454545,0.4545454545454545,1.0,0.2,1.0,0.2,0.2,0.6666666666666666,0.2,0.2666666666666666,0.5,0.611764705882353,0.4545454545454545,0.5159311764705882,0.5222,0.5002666666666666,0.0898876404494382,0.1403508771929824,0.0353982300884955,0.2300884955752212,7.262264150943396,25.228125,0.1578947368421052,2026-01-07,22500526,GSW,,,2.0,,,,2.0,1.0,,,,,,,,,,,0.6666666666666666,,,,,,,,,,,,,,,2025-26,2026,Regular Season,1610612749
48:00,93,94,26,6,13,187,18,20,5.0,5.0,2.0,3.0,5.0,17,3.0,8,3.0,11,3.0,9,23,2.0,4.0,7,26,45,12,34,17,105,8.0,9,2.0,1.0,23.0,4.0,10.0,5.0,10,10.0,33.0,24,28,33,3.0,10.0,23,9,,12,11,23,8,3.0,7,3.0,2.0,57,6,7,,14,19,2.0,35,13,48,,10,4,6.0,9,1.0,6,8,3.0,17,1.0,4.0,8,16,1.0,3.0,20,,1.0,22,1.0,7.0,3.0,3.0,,,1.0,2.0,3.0,2.0,82,31.0,25,,2.0,0.4615384615384615,0.5714285714285714,0.9166666666666666,0.3529411764705882,0.5,0.3529411764705882,0.5777777777777777,0.8888888888888888,0.4,0.5569620253164557,1.0,0.575,0.5898876404494382,0.9583333333333334,0.6346153846153846,0.430379746835443,,,,0.5294117647058824,1.0,,0.6333333333333333,0.3684210526315789,0.6363636363636364,0.2727272727272727,0.6346153846153846,0.3170731707317073,0.5,0.4166666666666667,0.2857142857142857,0.25,0.8333333333333334,0.5789473684210527,0.6,0.6111111111111112,0.75,,93.5,0.6666666666666666,15.56559139784946,15.238297872340429,14.986021505376344,14.545744680851064,0.2531645569620253,0.9,0.9,0.3888888888888889,0.2151898734177215,0.2941176470588235,0.2941176470588235,0.6,0.1012658227848101,0.375,0.375,0.6666666666666666,0.1392405063291139,0.2727272727272727,0.2727272727272727,1.0,0.2911392405063291,0.391304347826087,0.391304347826087,0.8888888888888888,0.4545454545454545,1.0,0.1818181818181818,0.15,0.6666666666666666,0.15,0.35,0.5714285714285714,0.6835443037974683,0.391304347826087,0.5423424050632911,0.5723,0.51006,0.0930232558139534,0.1372549019607843,0.219047619047619,0.3142857142857143,6.593333333333333,25.87941176470588,0.2795698924731182,2026-01-09,22500541,LAL,,,1.0,2.0,2.0,1.0,1.0,,,1.0,1.0,0.2,,,,,1.0,0.5,0.3333333333333333,1.0,0.0285714285714285,,,,,,,,,,,,,2025-26,2026,Regular Season,1610612749
47:59,94,95,26,27,8,189,16,25,2.0,4.0,4.0,9.0,4.0,20,4.0,6,5.0,12,3.0,9,22,2.0,3.0,9,24,51,14,34,14,104,2.0,4,4.0,2.0,9.0,7.0,18.0,4.0,12,3.0,29.0,30,18,42,,4.0,22,9,3.0,15,14,29,9,5.0,10,3.0,2.0,72,5,5,1.0,19,17,3.0,39,11,50,4.0,5,1,4.0,5,1.0,2,6,3.0,11,1.0,2.0,13,19,,1.0,14,1.0,,20,1.0,10.0,,6.0,,,1.0,5.0,6.0,1.0,95,29.0,26,2.0,,0.625,0.6818181818181818,1.0,0.4117647058823529,0.3333333333333333,0.4117647058823529,0.4705882352941176,0.5,0.3888888888888889,0.5294117647058824,0.4375,0.4333333333333333,0.5531914893617021,0.5,0.453125,0.4,0.0588235294117647,0.04,0.1,0.4545454545454545,1.0,0.25,0.5483870967741935,0.2,0.9047619047619048,0.2631578947368421,0.6923076923076923,0.2272727272727272,0.125,0.2666666666666666,0.3333333333333333,0.1428571428571428,0.4285714285714285,0.4444444444444444,1.0,0.8571428571428571,1.0,0.0975609756097561,94.50000000000006,0.1666666666666666,14.518085106382957,15.950526315789473,14.119148936170191,15.08736842105263,0.2941176470588235,0.64,0.6666666666666666,0.625,0.2352941176470588,0.2,0.2222222222222222,0.75,0.0705882352941176,0.6666666666666666,0.6666666666666666,0.5,0.1411764705882353,0.4166666666666667,0.4166666666666667,1.0,0.2588235294117647,0.4090909090909091,0.45,1.0,0.5,0.5,0.25,0.3,0.4444444444444444,0.1,0.3,0.3333333333333333,0.6941176470588235,0.4090909090909091,0.5106582352941176,0.54402,0.4903133333333333,0.1063829787234042,0.1666666666666666,0.0865384615384615,0.2788461538461538,6.682352941176471,25.473529411764705,0.2765957446808511,2026-01-11,22500554,DEN,1.0,2.0,1.0,,1.0,,,1.0,,,0.25,,,0.25,0.5,1.0,,,0.3333333333333333,,,2.0,2.0,,1.0,0.0588235294117647,,0.0909090909090909,,,,,,2025-26,2026,Regular Season,1610612749
47:59,101,103,19,13,12,204,19,26,4.0,4.0,3.0,4.0,6.0,14,3.0,9,3.0,9,1.0,10,27,4.0,3.0,6,28,49,13,36,11,106,4.0,5,4.0,,11.0,4.0,7.0,3.0,7,2.0,19.0,32,24,39,,2.0,27,10,2.0,16,13,29,10,3.0,13,2.0,1.0,71,7,5,,14,9,3.0,26,12,38,2.0,12,5,7.0,9,5.0,5,11,4.0,20,2.0,3.0,7,14,,2.0,16,2.0,2.0,19,3.0,9.0,2.0,4.0,,,1.0,3.0,4.0,1.0,95,19.0,19,,2.0,0.5714285714285714,0.5925925925925926,1.0,0.3611111111111111,0.4285714285714285,0.3611111111111111,0.5714285714285714,0.8,0.5714285714285714,0.5588235294117647,0.6111111111111112,0.6071428571428571,0.5698924731182796,0.55,0.5588235294117647,0.4235294117647059,0.0408163265306122,,0.0714285714285714,0.45,1.0,,0.5294117647058824,0.238095238095238,0.7368421052631579,0.3043478260869565,0.6388888888888888,0.2727272727272727,0.5714285714285714,0.125,0.3529411764705882,0.1666666666666666,,0.6,1.0,0.7222222222222222,1.0,0.0476190476190476,102.00000000000006,0.25,14.15049504950495,14.085436893203862,13.640594059405942,13.56893203883493,0.3058823529411765,0.7307692307692307,0.7307692307692307,0.6842105263157895,0.1647058823529411,0.4285714285714285,0.4615384615384615,0.3333333333333333,0.1058823529411764,0.3333333333333333,0.375,0.3333333333333333,0.1058823529411764,0.3333333333333333,0.3333333333333333,1.0,0.3176470588235294,0.3703703703703703,0.3703703703703703,1.0,0.4444444444444444,1.0,0.4444444444444444,0.2857142857142857,0.75,0.0714285714285714,0.4285714285714285,0.5,0.7294117647058823,0.3703703703703703,0.5571535294117647,0.534,0.5664071428571429,0.0989010989010989,0.1636363636363636,0.1037735849056603,0.1792452830188679,6.130612244897959,25.73888888888889,0.1881188118811881,2026-01-13,22500566,MIN,,,,1.0,1.0,2.0,,2.0,,,0.25,,0.75,,,,0.25,1.0,,,,,,,,,,,,1.0,,0.1111111111111111,,2025-26,2026,Regular Season,1610612749
48:00,98,98,27,30,11,196,11,18,1.0,2.0,3.0,4.0,4.0,12,2.0,9,9.0,21,4.0,8,29,4.0,2.0,10,17,39,17,50,16,101,1.0,3,5.0,3.0,11.0,5.0,12.0,4.0,14,6.0,28.0,20,14,42,9.0,2.0,29,8,2.0,10,14,24,6,8.0,7,1.0,2.0,62,9,3,,17,13,,30,12,42,,6,5,1.0,7,3.0,6,6,1.0,13,2.0,4.0,10,21,1.0,,19,2.0,1.0,22,4.0,11.0,2.0,3.0,,,3.0,,3.0,2.0,90,28.0,27,2.0,1.0,0.5882352941176471,0.625,0.8235294117647058,0.34,0.2857142857142857,0.34,0.4358974358974359,0.3333333333333333,0.4166666666666667,0.4775280898876404,0.5,0.4230769230769231,0.5153061224489796,0.55,0.4827586206896552,0.5617977528089888,0.0512820512820512,0.1111111111111111,,0.5384615384615384,,,0.7222222222222222,0.1363636363636363,0.8095238095238095,0.2903225806451613,0.7692307692307693,0.2264150943396226,,0.25,0.3157894736842105,0.25,0.7777777777777778,0.6666666666666666,0.6666666666666666,0.7692307692307693,0.875,,98.0,0.6666666666666666,15.620408163265306,13.76734693877551,15.240816326530611,13.341836734693878,0.2022471910112359,0.6111111111111112,0.6875,0.6363636363636364,0.1348314606741573,0.3333333333333333,0.3333333333333333,0.25,0.1011235955056179,0.2222222222222222,0.2222222222222222,1.0,0.2359550561797752,0.4285714285714285,0.4285714285714285,0.8888888888888888,0.3258426966292135,0.2758620689655172,0.2758620689655172,0.75,0.25,0.5,0.5,0.1538461538461538,0.75,0.1538461538461538,0.3846153846153846,0.2,0.7640449438202247,0.2758620689655172,0.5593103448275861,0.5753166666666667,0.538414,0.1145833333333333,0.2391304347826087,0.1089108910891089,0.2772277227722772,7.502564102564103,24.74791666666667,0.2755102040816326,2026-01-15,22500582,SAS,1.0,1.0,2.0,1.0,2.0,,,1.0,,,0.4,0.1428571428571428,,0.125,1.0,1.0,0.25,,0.5,,,,,,1.0,,,,,,,,,2025-26,2026,Regular Season,1610612749
48:00,100,102,14,24,3,202,12,19,1.0,1.0,3.0,4.0,9.0,19,2.0,5,6.0,16,3.0,10,21,1.0,2.0,3,23,43,16,37,18,112,1.0,1,2.0,1.0,6.0,4.0,7.0,3.0,6,4.0,21.0,16,30,48,,,21,10,6.0,8,16,24,10,6.0,4,3.0,1.0,64,3,1,1.0,22,19,2.0,43,5,48,1.0,8,5,3.0,9,1.0,4,4,5.0,13,,1.0,11,20,,2.0,19,,1.0,25,1.0,10.0,3.0,6.0,,,4.0,1.0,6.0,4.0,106,18.0,12,1.0,1.0,0.3478260869565217,0.3478260869565217,1.0,0.4324324324324324,0.5,0.4324324324324324,0.5348837209302325,1.0,0.5714285714285714,0.5875,0.8333333333333334,0.6538461538461539,0.6086956521739131,0.75,0.6176470588235294,0.4625,0.1395348837209302,0.1578947368421052,0.1578947368421052,0.6923076923076923,1.0,0.5,0.7037037037037037,0.05,0.7096774193548387,0.1428571428571428,0.7068965517241379,0.0975609756097561,0.1428571428571428,,0.0909090909090909,0.2,0.6363636363636364,0.6923076923076923,1.0,0.7272727272727273,0.6666666666666666,0.0285714285714285,101.0,0.6666666666666666,14.108,14.403921568627451,14.007,13.715686274509803,0.2375,0.631578947368421,0.75,0.3333333333333333,0.2375,0.4736842105263157,0.5625,0.3333333333333333,0.0625,0.4,0.4,0.5,0.2,0.375,0.375,1.0,0.2625,0.4761904761904761,0.4761904761904761,1.0,0.3333333333333333,1.0,0.3333333333333333,0.3076923076923077,0.75,0.2307692307692307,0.2307692307692307,0.6666666666666666,0.7,0.4761904761904761,0.5633512658227848,0.60285,0.5678791666666666,0.1123595505617977,0.1923076923076923,0.0535714285714285,0.1875,6.553488372093024,24.544444444444444,0.14,2026-01-19,22500014,ATL,,1.0,1.0,1.0,1.0,1.0,,,,,0.5,,,0.3333333333333333,,,1.0,1.0,0.3333333333333333,,,,,1.0,,,,,,,,,,2025-26,2026,Regular Season,1610612749
48:00,95,97,22,17,5,192,14,22,2.0,3.0,1.0,6.0,7.0,12,3.0,6,7.0,17,2.0,9,25,,3.0,7,24,40,16,42,6,102,3.0,4,,1.0,7.0,4.0,11.0,3.0,9,1.0,18.0,30,18,45,3.0,4.0,25,9,3.0,15,15,30,9,6.0,8,4.0,3.0,75,1,5,,19,14,2.0,35,6,41,2.0,6,5,1.0,12,2.0,9,4,3.0,16,,4.0,7,19,1.0,1.0,11,,,9,2.0,4.0,1.0,,,,,,,,95,18.0,22,1.0,1.0,0.625,0.6818181818181818,0.9375,0.3809523809523809,0.3333333333333333,0.3809523809523809,0.6,0.75,0.3636363636363636,0.5853658536585366,0.75,0.425,0.5941176470588235,0.7,0.4285714285714285,0.5121951219512195,0.075,0.0909090909090909,0.0833333333333333,0.75,1.0,,0.7368421052631579,0.3125,0.8260869565217391,0.0384615384615384,0.7857142857142857,0.1428571428571428,0.5,,0.0625,,0.6666666666666666,0.7272727272727273,0.8,0.8095238095238095,1.0,0.0512820512820512,96.0,,14.41263157894737,15.575257731958764,14.18,15.070103092783503,0.2682926829268293,0.6363636363636364,0.7,0.5714285714285714,0.1463414634146341,0.5833333333333334,0.6363636363636364,0.5714285714285714,0.073170731707317,0.5,0.5,1.0,0.2073170731707317,0.4117647058823529,0.4117647058823529,0.8571428571428571,0.3048780487804878,0.36,0.36,1.0,0.75,0.6666666666666666,,0.3,0.1666666666666666,0.1,0.35,0.4285714285714285,0.7804878048780488,0.36,0.5639228395061728,0.629825,0.5516421052631578,0.0476190476190476,0.0952380952380952,0.0686274509803921,0.1764705882352941,6.14,24.646341463414632,0.231578947368421,2026-01-21,22500625,OKC,,,,,,,,1.0,,,,0.3333333333333333,0.5,,,,,,,,,,,,,,,,,,1.0,,,2025-26,2026,Regular Season,1610612749
48:00,94,95,24,28,8,189,13,16,2.0,2.0,5.0,6.0,7.0,22,2.0,8,5.0,14,4.0,7,26,4.0,2.0,7,22,46,12,40,20,100,2.0,6,4.0,2.0,9.0,7.0,14.0,3.0,11,9.0,32.0,28,16,30,6.0,2.0,26,7,3.0,14,10,24,5,5.0,8,4.0,2.0,58,4,8,2.0,28,13,1.0,42,14,56,3.0,7,3,4.0,8,,7,3,1.0,11,1.0,1.0,9,19,,1.0,19,1.0,,27,2.0,12.0,2.0,8.0,,,6.0,2.0,8.0,3.0,91,32.0,24,2.0,2.0,0.6363636363636364,0.6666666666666666,0.8333333333333334,0.3,0.2727272727272727,0.3,0.4782608695652174,0.3333333333333333,0.5,0.4651162790697674,0.35,0.46,0.5051020408163265,0.375,0.5517241379310345,0.4651162790697674,0.0652173913043478,0.0625,0.0909090909090909,0.7272727272727273,1.0,0.5,0.5909090909090909,0.3478260869565217,0.9655172413793104,0.1428571428571428,0.803921568627451,0.2352941176470588,0.3333333333333333,0.2666666666666666,0.1578947368421052,0.1111111111111111,0.4444444444444444,0.5714285714285714,0.8333333333333334,0.9583333333333334,1.0,0.0625,94.5,0.375,14.865957446808512,15.606315789473683,14.110638297872342,15.126315789473685,0.1860465116279069,0.8125,0.8666666666666667,0.6153846153846154,0.2558139534883721,0.3181818181818182,0.35,0.5714285714285714,0.0930232558139534,0.25,0.25,1.0,0.1627906976744186,0.3571428571428571,0.3571428571428571,1.0,0.3023255813953488,0.2692307692307692,0.2692307692307692,0.7142857142857143,0.2,1.0,0.4,0.24,0.8333333333333334,0.16,0.28,0.2857142857142857,0.6511627906976745,0.2692307692307692,0.5294741176470588,0.4830333333333333,0.5166458333333334,0.125,0.2142857142857142,0.09,0.32,7.943478260869565,25.107692307692307,0.2553191489361702,2026-01-23,22500640,DEN,,,1.0,1.0,1.0,,,1.0,,1.0,0.25,0.6,0.5,,,,0.25,1.0,0.25,,,,,,,,,,,,1.0,,,2025-26,2026,Regular Season,1610612749
48:00,98,98,33,2,11,196,20,31,3.0,4.0,9.0,11.0,7.0,15,2.0,6,2.0,8,3.0,13,27,4.0,2.0,7,29,52,15,35,19,122,4.0,5,4.0,2.0,16.0,9.0,16.0,2.0,10,10.0,34.0,30,28,42,3.0,4.0,27,13,5.0,15,14,29,12,2.0,10,4.0,1.0,72,3,10,,15,16,1.0,32,13,45,,4,2,2.0,7,2.0,2,5,5.0,12,1.0,4.0,8,12,1.0,,22,1.0,,27,3.0,9.0,3.0,4.0,,,2.0,2.0,4.0,2.0,106,34.0,33,,3.0,0.5172413793103449,0.5555555555555556,0.9333333333333332,0.4285714285714285,0.2,0.4285714285714285,0.5576923076923077,0.8,0.5625,0.5919540229885057,0.7777777777777778,0.4615384615384615,0.6224489795918368,0.8,0.53125,0.4022988505747126,0.0961538461538461,0.1290322580645161,0.0666666666666666,0.5833333333333334,0.5,,0.5714285714285714,0.4347826086956521,0.75,0.1578947368421052,0.6458333333333334,0.3095238095238095,0.4545454545454545,0.5,0.0769230769230769,0.3333333333333333,0.5,0.6428571428571429,0.5,0.7368421052631579,1.0,,98.0,0.5,13.793877551020408,15.593877551020409,13.339795918367347,14.920408163265307,0.3563218390804598,0.6451612903225806,0.7407407407407407,0.5,0.1724137931034483,0.4666666666666667,0.5,0.5714285714285714,0.0689655172413793,0.3333333333333333,0.3333333333333333,0.5,0.0919540229885057,0.25,0.25,1.0,0.3103448275862069,0.4814814814814814,0.4814814814814814,0.9230769230769232,0.4444444444444444,0.75,0.4444444444444444,0.4230769230769231,0.8181818181818182,0.1153846153846153,0.2692307692307692,0.2857142857142857,0.7586206896551724,0.4814814814814814,0.5662488372093023,0.5814285714285715,0.572788,0.1157894736842105,0.1551724137931034,0.1311475409836065,0.2786885245901639,5.517307692307692,25.641176470588235,0.336734693877551,2026-01-27,22500666,PHI,,,,2.0,2.0,,,2.0,,,0.5,0.25,,,,,0.5,1.0,,2.0,0.054054054054054,,,,,,,,,,,,,2025-26,2026,Regular Season,1610612749
48:00,102,101,9,26,9,203,21,31,4.0,5.0,6.0,6.0,7.0,18,3.0,11,5.0,14,,5,25,1.0,,2,31,60,10,39,7,99,4.0,7,2.0,2.0,13.0,6.0,8.0,,2,,12.0,32,30,27,3.0,8.0,25,5,7.0,16,9,25,4,5.0,13,,3.0,59,7,3,,20,18,2.0,40,10,50,,7,3,4.0,8,,4,1,4.0,9,,,11,20,,,11,,1.0,9,2.0,5.0,,9.0,,,3.0,5.0,9.0,4.0,86,12.0,9,3.0,,0.5161290322580645,0.5925925925925926,0.9,0.2564102564102564,,0.2564102564102564,0.5166666666666667,0.5714285714285714,0.75,0.4646464646464646,0.6111111111111112,0.6,0.4852941176470588,0.65,0.6,0.3939393939393939,0.1166666666666666,0.0967741935483871,0.1666666666666666,0.8888888888888888,1.0,,0.5806451612903226,0.1111111111111111,0.7407407407407407,0.25,0.6551724137931034,0.1818181818181818,0.1,0.1,0.2631578947368421,0.2222222222222222,0.5384615384615384,0.4545454545454545,0.8571428571428571,0.8,,,101.5,0.4444444444444444,14.599019607843136,13.771287128712872,14.31372549019608,12.801980198019802,0.3131313131313131,0.6774193548387096,0.75,0.6190476190476191,0.1818181818181818,0.3888888888888889,0.4666666666666667,,0.1111111111111111,0.2727272727272727,0.3,1.0,0.1414141414141414,0.3571428571428571,0.3571428571428571,1.0,0.2525252525252525,0.2,0.2,0.8,0.5555555555555556,0.8,0.1111111111111111,0.6,1.0,,0.2,,0.7070707070707071,0.2,0.5108525510204082,0.456475,0.481985,0.0490196078431372,0.0793650793650793,0.1313131313131313,0.1212121212121212,6.726666666666668,26.339473684210525,0.088235294117647,2026-01-29,22500681,WAS,1.0,1.0,,,1.0,1.0,,2.0,,1.0,0.5,0.1428571428571428,,0.1111111111111111,1.0,1.0,,,,,,,,1.0,1.0,,,,,,1.0,0.0909090909090909,,2025-26,2026,Regular Season,1610612749
48:00,84,86,14,12,13,170,6,14,3.0,4.0,,2.0,10.0,22,3.0,12,4.0,8,,6,26,4.0,,7,19,48,10,34,11,79,5.0,10,5.0,,13.0,2.0,6.0,,7,6.0,10.0,14,24,30,,6.0,26,6,2.0,7,10,17,6,4.0,2,4.0,1.0,44,5,10,1.0,16,13,3.0,32,16,48,,5,4,1.0,4,1.0,2,7,2.0,11,1.0,2.0,7,17,,2.0,16,3.0,1.0,15,,5.0,2.0,,,,,,,,66,10.0,14,,2.0,0.3684210526315789,0.4375,1.0,0.2941176470588235,,0.2941176470588235,0.3958333333333333,0.5,0.3333333333333333,0.4146341463414634,0.4333333333333333,0.1538461538461538,0.4382022471910112,0.4333333333333333,0.28125,0.4146341463414634,0.0416666666666666,0.1428571428571428,,0.3636363636363636,1.0,0.5,0.5652173913043478,0.3448275862068966,0.5925925925925926,0.2083333333333333,0.58,0.2830188679245283,0.25,0.4166666666666667,0.15,0.5,0.6,0.3,0.875,0.5416666666666666,1.0,,85.0,,15.686904761904762,18.16627906976744,14.664285714285716,16.590697674418603,0.1707317073170731,0.4285714285714285,0.5,0.3333333333333333,0.2682926829268293,0.4545454545454545,0.4545454545454545,0.4,0.1463414634146341,0.25,0.25,0.3333333333333333,0.0975609756097561,0.5,0.5,1.0,0.3170731707317073,0.2307692307692307,0.2307692307692307,1.0,0.2666666666666666,0.75,0.2666666666666666,0.1538461538461538,,,0.5384615384615384,,0.5853658536585366,0.2307692307692307,0.4998493902439024,0.4886124999999999,0.4714923076923077,0.057471264367816,0.0943396226415094,0.1645569620253164,0.1265822784810126,8.191666666666666,26.102941176470587,0.1666666666666666,2026-02-01,22500702,BOS,1.0,1.0,,,1.0,2.0,,4.0,,1.0,0.2,0.3333333333333333,,0.0666666666666666,1.0,1.0,,,,,,1.0,,,,,,,,,1.0,,,2025-26,2026,Regular Season,1610612749
48:00,100,102,9,35,13,202,15,27,1.0,6.0,3.0,7.0,10.0,22,2.0,10,8.0,11,1.0,15,27,3.0,,1,27,59,23,38,8,131,1.0,9,4.0,,11.0,4.0,10.0,1.0,2,1.0,12.0,28,26,57,12.0,2.0,27,15,10.0,14,19,33,11,8.0,9,3.0,2.0,85,3,14,,23,15,3.0,41,17,58,1.0,6,2,4.0,9,1.0,5,5,4.0,14,4.0,1.0,11,20,,1.0,14,1.0,1.0,15,3.0,9.0,,4.0,,,1.0,3.0,4.0,3.0,120,12.0,9,2.0,,0.5185185185185185,0.5384615384615384,0.8260869565217391,0.6052631578947368,0.5,0.6052631578947368,0.4576271186440678,0.1111111111111111,0.4,0.634020618556701,0.4230769230769231,0.4583333333333333,0.6359223300970874,0.4230769230769231,0.5,0.3917525773195876,0.1694915254237288,0.2222222222222222,0.1818181818181818,0.6428571428571429,1.0,,0.7894736842105263,0.4375,0.696969696969697,0.2,0.7307692307692307,0.3617021276595745,0.5833333333333334,0.4166666666666667,0.0833333333333333,0.6666666666666666,0.625,0.9,1.0,0.6785714285714286,0.8,0.0277777777777777,101.0,0.75,15.393,13.144117647058824,14.668,12.591176470588234,0.2783505154639175,0.5555555555555556,0.7142857142857143,0.6,0.2268041237113402,0.4545454545454545,0.5555555555555556,0.3,0.1030927835051546,0.2,0.2,1.0,0.1134020618556701,0.7272727272727273,0.7272727272727273,1.0,0.2783505154639175,0.5555555555555556,0.5769230769230769,0.7333333333333333,0.4615384615384615,0.1666666666666666,0.2307692307692307,0.5833333333333334,0.4285714285714285,0.0833333333333333,0.0833333333333333,,0.6701030927835051,0.5555555555555556,0.5481907216494846,0.5606423076923077,0.5905541666666666,0.087378640776699,0.1384615384615384,0.0839694656488549,0.0916030534351145,6.8338983050847455,25.905263157894737,0.09,2026-02-03,22500722,CHI,1.0,1.0,1.0,2.0,3.0,,,1.0,,1.0,0.75,0.25,,0.0769230769230769,1.0,1.0,0.6666666666666666,1.0,1.0,,,,1.0,,,0.0263157894736842,,0.037037037037037,,,,,,2025-26,2026,Regular Season,1610612749
53:00,103,104,7,20,7,207,24,27,2.0,2.0,,,7.0,11,4.0,7,7.0,15,1.0,14,33,3.0,2.0,3,35,45,21,48,8,141,2.0,2,4.0,,10.0,,,3.0,4,3.0,12.0,36,34,54,9.0,4.0,33,14,2.0,18,18,36,11,7.0,12,2.0,4.0,90,4,4,,16,22,3.0,41,8,49,3.0,5,2,3.0,9,3.0,8,6,1.0,15,2.0,1.0,16,18,,1.0,14,1.0,1.0,10,2.0,4.0,2.0,3.0,,,1.0,1.0,3.0,2.0,131,9.0,5,,,0.5142857142857142,0.5454545454545454,0.8571428571428571,0.4375,0.75,0.4375,0.7777777777777778,1.0,,0.7150537634408602,0.8333333333333334,1.125,0.7268041237113402,0.8333333333333334,1.0,0.5161290322580645,0.0444444444444444,0.037037037037037,0.0909090909090909,0.6,1.0,,0.8461538461538461,0.4,0.7272727272727273,0.1538461538461538,0.7916666666666666,0.2222222222222222,,0.5,0.1111111111111111,0.25,0.75,0.9090909090909092,0.8571428571428571,0.7142857142857143,0.75,0.088235294117647,93.73584905660375,0.6666666666666666,16.445631067961166,14.289423076923075,15.921359223300971,13.94326923076923,0.2903225806451613,0.8888888888888888,0.9230769230769232,0.5,0.1182795698924731,0.6363636363636364,0.7,0.2857142857142857,0.075268817204301,0.5714285714285714,0.5714285714285714,1.0,0.1612903225806451,0.4666666666666667,0.4666666666666667,1.0,0.3548387096774194,0.4242424242424242,0.4242424242424242,0.7857142857142857,0.3333333333333333,1.0,0.5,,,0.25,0.75,0.6666666666666666,0.8064516129032258,0.4242424242424242,0.5676836956521739,0.4896375,0.5195500000000001,0.0421052631578947,0.0851063829787234,0.0709219858156028,0.0851063829787234,5.7444444444444445,25.82340425531915,0.0679611650485436,2026-02-04,22500729,NOP,,1.0,1.0,2.0,2.0,,1.0,,1.0,,0.5,0.6666666666666666,,0.1666666666666666,,,0.6666666666666666,,1.0,,,,,1.0,,,,,,,,,,2025-26,2026,Regular Season,1610612749
48:00,91,93,5,19,15,184,16,21,3.0,4.0,2.0,2.0,10.0,16,5.0,15,2.0,10,1.0,11,33,6.0,,1,31,52,13,43,4,105,6.0,7,7.0,2.0,17.0,3.0,4.0,,2,1.0,7.0,32,30,30,9.0,4.0,33,11,3.0,16,10,26,8,2.0,8,5.0,3.0,62,10,8,,29,9,1.0,39,18,57,1.0,4,3,1.0,9,1.0,5,3,4.0,12,3.0,,9,16,,,12,2.0,,6,2.0,4.0,,2.0,,,1.0,1.0,2.0,2.0,88,7.0,5,1.0,,0.5161290322580645,0.5517241379310345,0.7692307692307693,0.3023255813953488,,0.3023255813953488,0.5961538461538461,0.8571428571428571,0.75,0.531578947368421,0.5357142857142857,0.5,0.5412371134020618,0.5666666666666667,0.5833333333333334,0.4526315789473684,0.0576923076923076,0.0476190476190476,0.125,0.75,0.5,,0.75,0.3809523809523809,0.935483870967742,0.3333333333333333,0.8837209302325582,0.3529411764705882,0.4,0.3333333333333333,0.2727272727272727,0.5,1.0,1.0,0.5,0.96,0.8333333333333334,0.0212765957446808,92.0,1.0,17.736263736263737,13.612903225806452,16.58131868131868,13.13548387096774,0.2210526315789473,0.7619047619047619,0.8,0.5,0.1684210526315789,0.625,0.7142857142857143,0.5,0.1578947368421052,0.3333333333333333,0.3333333333333333,0.6,0.1052631578947368,0.2,0.2222222222222222,1.0,0.3473684210526316,0.3333333333333333,0.3333333333333333,0.7272727272727273,0.2857142857142857,0.75,0.4285714285714285,0.3333333333333333,1.0,0.1666666666666666,0.1666666666666666,,0.6736842105263158,0.3333333333333333,0.5428015789473685,0.5722954545454546,0.550425,0.0412371134020618,0.074074074074074,0.1619047619047619,0.0666666666666666,8.732692307692307,26.23953488372093,0.0549450549450549,2026-02-06,22500743,IND,,1.0,,1.0,1.0,1.0,,1.0,,,0.1428571428571428,0.4,0.3333333333333333,0.0714285714285714,,,0.1666666666666666,1.0,,,,,1.0,,,0.0232558139534883,0.1,,,,,,,2025-26,2026,Regular Season,1610612749
48:00,98,98,15,27,8,196,11,18,2.0,3.0,1.0,3.0,7.0,14,6.0,12,5.0,7,3.0,7,26,2.0,2.0,3,24,44,12,33,15,99,2.0,4,2.0,,7.0,3.0,7.0,3.0,6,3.0,18.0,16,32,27,9.0,2.0,26,7,3.0,8,9,17,5,4.0,6,2.0,,43,4,4,,22,11,1.0,34,8,42,,7,5,2.0,14,1.0,9,6,5.0,20,2.0,3.0,13,21,,2.0,18,,,21,2.0,10.0,1.0,6.0,,,4.0,2.0,6.0,5.0,92,18.0,15,1.0,1.0,0.3333333333333333,0.3478260869565217,0.75,0.3636363636363636,0.5,0.3636363636363636,0.5454545454545454,0.5,0.4285714285714285,0.5454545454545454,0.5833333333333334,0.5769230769230769,0.5697674418604651,0.5833333333333334,0.6,0.4285714285714285,0.0681818181818181,0.1111111111111111,0.0714285714285714,0.7,1.0,,0.6470588235294118,0.2,0.7857142857142857,0.1904761904761904,0.7333333333333333,0.1951219512195122,0.1428571428571428,0.2857142857142857,0.1578947368421052,0.5,0.6,0.625,0.75,0.8125,0.75,,98.0,0.8333333333333334,15.229591836734691,14.158163265306122,14.943877551020408,13.831632653061224,0.2337662337662337,0.6111111111111112,0.6875,0.5454545454545454,0.1818181818181818,0.5,0.5384615384615384,0.2857142857142857,0.1558441558441558,0.5,0.5,,0.0909090909090909,0.7142857142857143,0.7142857142857143,0.8,0.3376623376623376,0.2692307692307692,0.2692307692307692,0.7142857142857143,0.5,0.6666666666666666,0.3333333333333333,0.2307692307692307,0.3333333333333333,0.2307692307692307,0.2307692307692307,0.6666666666666666,0.6623376623376623,0.2692307692307692,0.5107701298701299,0.5522,0.5152615384615384,0.1176470588235294,0.1923076923076923,0.0707070707070707,0.1818181818181818,8.397727272727273,25.42121212121212,0.1530612244897959,2026-02-09,22500764,ORL,,,1.0,1.0,1.0,1.0,,,,,0.5,0.1666666666666666,,,,,0.5,1.0,0.3333333333333333,,,1.0,,,1.0,,,,,,1.0,,,2025-26,2026,Regular Season,1610612749
48:00,91,93,33,17,13,184,14,21,2.0,2.0,6.0,6.0,8.0,18,3.0,6,3.0,13,4.0,11,23,4.0,6.0,9,25,45,14,36,24,116,2.0,3,8.0,2.0,9.0,8.0,11.0,6.0,13,15.0,49.0,26,24,27,15.0,4.0,23,11,5.0,13,9,22,6,3.0,10,3.0,,53,6,9,,23,15,2.0,40,15,55,,4,1,3.0,12,,6,4,6.0,16,4.0,6.0,9,14,,,24,4.0,,24,2.0,10.0,3.0,4.0,,,2.0,2.0,4.0,3.0,107,49.0,33,1.0,3.0,0.52,0.5652173913043478,0.6428571428571429,0.3888888888888889,0.4615384615384615,0.3888888888888889,0.5555555555555556,0.6666666666666666,0.7272727272727273,0.5679012345679012,0.3181818181818182,0.7083333333333334,0.6304347826086957,0.375,0.7903225806451613,0.4444444444444444,0.1111111111111111,0.1904761904761904,0.0555555555555555,0.75,1.0,,0.75,0.45,0.8846153846153846,0.3,0.8260869565217391,0.375,0.4285714285714285,0.4,0.2727272727272727,0.3333333333333333,0.6,0.8,0.8,0.8823529411764706,0.8888888888888888,,92.0,0.75,16.423076923076923,14.897849462365592,14.95054945054945,14.656989247311827,0.2592592592592592,0.6666666666666666,0.8235294117647058,0.7142857142857143,0.2222222222222222,0.4444444444444444,0.4705882352941176,0.375,0.074074074074074,0.5,0.5,,0.1604938271604938,0.2307692307692307,0.25,1.0,0.2839506172839506,0.4782608695652174,0.4782608695652174,0.5454545454545454,0.1818181818181818,1.0,0.3636363636363636,0.25,1.0,0.1666666666666666,0.375,0.6666666666666666,0.7037037037037037,0.4782608695652174,0.5259537037037036,0.5157214285714286,0.5197229166666667,0.1123595505617977,0.1886792452830188,0.0775862068965517,0.4224137931034483,7.562222222222222,25.369444444444444,0.3626373626373626,2026-02-11,22500777,ORL,,4.0,,1.0,1.0,,,,,,0.125,0.6666666666666666,,0.3636363636363636,,,0.25,1.0,,,,1.0,1.0,,1.0,0.0277777777777777,0.0769230769230769,,,,,,,2025-26,2026,Regular Season,1610612749
48:00,93,92,9,6,15,185,11,22,5.0,8.0,1.0,1.0,12.0,20,4.0,11,6.0,11,1.0,11,32,1.0,,3,27,53,17,43,5,110,7.0,11,2.0,2.0,19.0,4.0,4.0,1.0,4,1.0,12.0,20,34,45,6.0,8.0,32,11,6.0,10,15,25,10,5.0,5,4.0,1.0,65,7,10,,25,11,2.0,38,17,55,6.0,9,7,2.0,3,1.0,3,8,,11,2.0,1.0,11,17,1.0,5.0,8,,,7,3.0,5.0,,6.0,,,4.0,2.0,6.0,3.0,91,12.0,9,,,0.3703703703703703,0.4347826086956521,0.8823529411764706,0.3953488372093023,0.25,0.3953488372093023,0.5094339622641509,0.6363636363636364,1.0,0.546875,0.6538461538461539,0.6875,0.5612244897959183,0.6785714285714286,0.75,0.4479166666666667,0.1132075471698113,0.1363636363636363,0.1,0.2727272727272727,1.0,,0.5,0.3846153846153846,0.8333333333333334,0.28,0.6923076923076923,0.3333333333333333,0.4545454545454545,0.25,0.3,0.2,0.5454545454545454,0.3333333333333333,1.0,0.8,1.0,0.1333333333333333,92.5,0.5,17.048387096774192,14.070652173913045,16.298924731182794,13.504347826086958,0.2291666666666666,0.5,0.5789473684210527,0.4545454545454545,0.2083333333333333,0.6,0.6666666666666666,0.3333333333333333,0.1145833333333333,0.3636363636363636,0.4,0.25,0.1145833333333333,0.5454545454545454,0.5454545454545454,0.8333333333333334,0.3333333333333333,0.34375,0.34375,0.9090909090909092,0.6153846153846154,0.625,0.0769230769230769,0.125,1.0,0.125,0.375,,0.6770833333333334,0.34375,0.5256052631578947,0.57505,0.5106714285714286,0.0510204081632653,0.0909090909090909,0.1727272727272727,0.109090909090909,7.935849056603774,25.092857142857145,0.0967741935483871,2026-02-12,22500789,OKC,1.0,1.0,1.0,,1.0,,,,,,0.5,0.4285714285714285,0.2,0.0769230769230769,1.0,,,,1.0,,,,,,,,,,,,,0.0909090909090909,,2025-26,2026,Regular Season,1610612749
48:00,103,103,26,28,9,206,24,32,5.0,5.0,6.0,8.0,9.0,16,7.0,8,6.0,12,3.0,9,24,1.0,3.0,6,40,56,15,36,14,139,7.0,7,2.0,1.0,15.0,7.0,9.0,5.0,9,3.0,32.0,32,48,36,9.0,4.0,24,9,5.0,16,12,28,6,6.0,13,2.0,1.0,68,4,5,1.0,17,12,3.0,32,10,42,1.0,9,3,6.0,10,,3,5,7.0,15,1.0,7.0,15,17,,1.0,17,2.0,,18,3.0,8.0,1.0,8.0,,,6.0,2.0,8.0,6.0,124,32.0,26,,1.0,0.4,0.4210526315789473,0.8,0.4166666666666667,0.5555555555555556,0.4166666666666667,0.7142857142857143,1.0,0.7777777777777778,0.6793478260869565,0.7777777777777778,0.8055555555555556,0.702020202020202,0.8333333333333334,0.8,0.391304347826087,0.0892857142857142,0.09375,0.125,0.6666666666666666,0.75,0.5,0.631578947368421,0.3125,0.85,0.2,0.7435897435897436,0.25,0.375,0.2857142857142857,0.2142857142857142,0.1666666666666666,0.6666666666666666,0.6,,0.8125,1.0,0.032258064516129,103.0,0.75,14.800970873786408,13.16019417475728,14.393203883495143,12.902912621359222,0.3478260869565217,0.75,0.8275862068965517,0.5416666666666666,0.1739130434782608,0.5625,0.6428571428571429,0.2222222222222222,0.0869565217391304,0.875,0.875,0.1428571428571428,0.1304347826086956,0.5,0.5,1.0,0.2608695652173913,0.375,0.375,0.6666666666666666,0.5555555555555556,1.0,0.1111111111111111,0.4444444444444444,0.75,0.1666666666666666,0.3333333333333333,0.5,0.7391304347826086,0.375,0.5702098901098901,0.5982928571428571,0.5845277777777778,0.0918367346938775,0.1311475409836065,0.1079136690647482,0.2302158273381295,5.994642857142857,25.405555555555555,0.2524271844660194,2026-02-20,22500807,NOP,,1.0,2.0,,,2.0,,,,,,,0.4,0.1111111111111111,,,,,0.6666666666666666,1.0,0.027027027027027,,,,1.0,,,,,,,,,2025-26,2026,Regular Season,1610612749
48:00,94,95,30,4,13,189,12,16,2.0,3.0,7.0,9.0,11.0,20,3.0,17,3.0,8,1.0,6,24,2.0,1.0,8,26,53,9,32,15,94,5.0,9,4.0,1.0,11.0,11.0,22.0,1.0,9,6.0,31.0,24,28,18,9.0,2.0,24,6,3.0,12,6,18,3,3.0,6,5.0,1.0,42,6,10,1.0,17,16,2.0,35,17,52,2.0,4,2,2.0,11,2.0,8,8,3.0,19,3.0,5.0,10,16,,3.0,19,1.0,,19,3.0,10.0,1.0,4.0,,,,4.0,4.0,3.0,83,31.0,30,,1.0,0.4615384615384615,0.48,0.6666666666666666,0.28125,0.1111111111111111,0.28125,0.490566037735849,0.5555555555555556,0.5,0.4647058823529412,0.3846153846153846,0.4032258064516129,0.5053763440860215,0.4230769230769231,0.4558823529411764,0.3764705882352941,0.0566037735849056,0.0625,0.05,0.5789473684210527,1.0,0.5,0.8421052631578947,0.3846153846153846,0.5666666666666667,0.2727272727272727,0.673469387755102,0.3333333333333333,0.5,0.125,0.2352941176470588,0.4,,0.8571428571428571,1.0,0.6111111111111112,0.5,0.0444444444444444,94.5,0.75,15.831914893617022,14.650526315789474,14.930851063829786,13.675789473684212,0.188235294117647,0.75,0.8,0.5,0.2352941176470588,0.55,0.5789473684210527,0.4545454545454545,0.2,0.1764705882352941,0.1875,0.3333333333333333,0.0941176470588235,0.375,0.375,1.0,0.2823529411764706,0.25,0.25,0.5,0.2307692307692307,0.6666666666666666,0.1538461538461538,0.2903225806451613,0.7777777777777778,0.032258064516129,0.2580645161290322,0.125,0.5647058823529412,0.25,0.5244241176470589,0.50315,0.5371419354838709,0.108695652173913,0.1666666666666666,0.1170212765957446,0.3297872340425531,9.335849056603774,25.79375,0.3191489361702128,2026-02-22,22500819,TOR,,2.0,,,,1.0,,2.0,,,,0.5,0.5,0.1538461538461538,,,,,,,,,,,1.0,,,,,,,0.0588235294117647,,2025-26,2026,Regular Season,1610612749
48:00,104,105,28,32,11,209,17,24,2.0,3.0,6.0,9.0,8.0,18,7.0,16,5.0,16,4.0,11,23,5.0,1.0,3,32,58,16,39,16,128,3.0,6,6.0,,15.0,10.0,18.0,3.0,7,4.0,33.0,28,36,33,15.0,4.0,23,11,5.0,14,11,25,7,4.0,9,4.0,1.0,61,5,7,,22,13,4.0,39,12,51,1.0,10,5,5.0,8,1.0,7,3,1.0,11,,4.0,13,20,,,18,2.0,,19,2.0,8.0,2.0,2.0,1.0,1.0,,2.0,3.0,2.0,113,33.0,28,1.0,2.0,0.4375,0.4666666666666667,0.6875,0.4102564102564102,0.4285714285714285,0.4102564102564102,0.5517241379310345,0.5,0.5555555555555556,0.5773195876288659,0.625,0.58,0.6095238095238096,0.625,0.6111111111111112,0.4020618556701031,0.0862068965517241,0.0833333333333333,0.1111111111111111,0.7272727272727273,1.0,,0.5909090909090909,0.2692307692307692,0.6666666666666666,0.217391304347826,0.6363636363636364,0.2448979591836734,0.4285714285714285,0.3,0.1666666666666666,0.2727272727272727,0.4285714285714285,0.6923076923076923,0.5,0.625,0.7777777777777778,0.0227272727272727,104.5,0.6666666666666666,15.17403846153846,12.39904761904762,14.577884615384615,11.673333333333334,0.2474226804123711,0.7083333333333334,0.7727272727272727,0.5294117647058824,0.1855670103092783,0.4444444444444444,0.5,0.5,0.1649484536082474,0.4375,0.4666666666666667,0.1428571428571428,0.1649484536082474,0.3125,0.3125,0.8,0.2371134020618556,0.4782608695652174,0.4782608695652174,0.6363636363636364,0.25,0.6666666666666666,0.4166666666666667,0.36,0.6666666666666666,0.16,0.12,0.3333333333333333,0.6494845360824743,0.4782608695652174,0.5556716494845361,0.54218125,0.547336,0.087378640776699,0.125,0.1171875,0.2578125,8.132758620689655,25.53589743589744,0.2692307692307692,2026-02-24,22500837,MIA,,1.0,2.0,3.0,3.0,,1.0,2.0,,1.0,0.5,0.1111111111111111,,0.0833333333333333,,,0.6,0.6666666666666666,0.5,1.0,0.0256410256410256,,,,1.0,,,,,,,0.0625,1.0,2025-26,2026,Regular Season,1610612749
48:00,94,93,5,26,8,187,17,19,3.0,4.0,,,9.0,17,3.0,7,9.0,17,,10,28,,,3,29,43,19,45,3,118,3.0,5,2.0,,6.0,,,,3,,,24,34,48,9.0,4.0,28,10,2.0,12,16,28,7,9.0,9,3.0,,72,5,4,,16,11,4.0,31,9,40,1.0,7,4,3.0,7,3.0,3,6,4.0,13,2.0,2.0,12,20,,1.0,10,2.0,,5,1.0,3.0,,2.0,,,,2.0,2.0,1.0,112,,5,3.0,,0.4137931034482758,0.4444444444444444,0.8421052631578947,0.4222222222222222,,0.4222222222222222,0.6744186046511628,0.6,,0.6534090909090909,0.4285714285714285,,0.6555555555555556,0.4285714285714285,,0.5113636363636364,0.0465116279069767,0.0526315789473684,0.0588235294117647,0.5384615384615384,1.0,,0.6470588235294118,0.2857142857142857,0.5517241379310345,0.2083333333333333,0.5869565217391305,0.2368421052631578,0.5,0.375,0.25,0.125,0.5,0.6153846153846154,1.0,0.52,0.75,0.0277777777777777,93.5,0.5,14.682978723404256,16.126881720430106,14.363829787234042,15.106451612903223,0.2159090909090909,0.8947368421052632,0.9444444444444444,0.5294117647058824,0.1931818181818181,0.5294117647058824,0.5625,0.3333333333333333,0.0795454545454545,0.4285714285714285,0.4285714285714285,,0.1931818181818181,0.5294117647058824,0.5294117647058824,1.0,0.3181818181818182,0.3571428571428571,0.3571428571428571,0.7,0.5714285714285714,0.75,,,,,1.0,,0.7272727272727273,0.3571428571428571,0.5485187499999999,0.617725,0.43845,0.0333333333333333,0.0666666666666666,0.0508474576271186,,6.893023255813953,25.57333333333333,0.0531914893617021,2026-02-25,22500846,CLE,,2.0,,,,2.0,,,,,,,,0.2857142857142857,,,,,,,,,,,,,,,,,,,,2025-26,2026,Regular Season,1610612749
48:00,98,98,23,9,4,196,7,12,,1.0,1.0,1.0,5.0,15,5.0,8,7.0,13,,9,30,2.0,3.0,10,17,35,16,43,16,98,,2,2.0,,,3.0,5.0,3.0,10,8.0,23.0,18,16,45,3.0,,30,9,6.0,9,15,24,8,7.0,4,4.0,1.0,63,3,1,,15,17,2.0,34,4,38,,5,3,2.0,7,4.0,3,9,4.0,16,,4.0,7,16,,2.0,20,1.0,1.0,22,3.0,9.0,3.0,3.0,,,2.0,1.0,3.0,2.0,98,23.0,23,1.0,3.0,0.5294117647058824,0.5294117647058824,0.9375,0.3720930232558139,0.3,0.3720930232558139,0.4857142857142857,,0.6,0.5256410256410257,,0.5,0.5574712643678161,,0.575,0.5512820512820513,0.1714285714285714,0.25,0.2,0.4375,1.0,,0.8095238095238095,0.0555555555555555,0.75,0.12,0.7804878048780488,0.0930232558139534,0.2,,0.1578947368421052,,0.75,0.8333333333333334,1.0,0.7058823529411765,1.0,,98.0,0.6666666666666666,14.716326530612246,14.67142857142857,14.412244897959184,14.242857142857142,0.1538461538461538,0.5833333333333334,0.7777777777777778,0.5714285714285714,0.1923076923076923,0.3333333333333333,0.4166666666666667,0.8,0.1025641025641025,0.625,0.625,0.2,0.1666666666666666,0.5384615384615384,0.5384615384615384,1.0,0.3846153846153846,0.3,0.3,0.8888888888888888,0.25,,0.5,0.0666666666666666,1.0,,0.6666666666666666,0.3,0.7051282051282052,0.3,0.5245883116883118,0.5434,0.4826857142857143,0.1071428571428571,0.2195121951219512,,0.2346938775510204,8.522857142857143,26.04047619047619,0.2346938775510204,2026-02-27,22500860,NYK,,,,,,,,,,,,,,,,,,,,,,3.0,,,,,,,,,1.0,,,2025-26,2026,Regular Season,1610612749
48:00,105,105,8,23,13,210,9,19,,2.0,,1.0,5.0,14,8.0,16,5.0,16,,8,30,4.0,1.0,5,22,49,13,46,14,97,3.0,7,4.0,5.0,14.0,1.0,2.0,1.0,5,1.0,6.0,28,16,36,3.0,,30,8,5.0,14,12,26,8,4.0,7,4.0,3.0,64,7,8,,24,9,3.0,36,15,51,1.0,9,7,2.0,14,1.0,8,5,6.0,19,2.0,1.0,11,19,3.0,,14,,,17,3.0,8.0,,3.0,,,2.0,1.0,3.0,2.0,83,6.0,8,1.0,,0.6363636363636364,0.6363636363636364,0.9230769230769232,0.2826086956521739,0.2,0.2826086956521739,0.4489795918367347,0.4285714285714285,0.5,0.4368421052631579,0.4090909090909091,0.3571428571428571,0.4801980198019802,0.5384615384615384,0.4285714285714285,0.4842105263157895,0.1020408163265306,0.2105263157894736,0.0714285714285714,0.7368421052631579,0.75,,0.9,0.32,0.7741935483870968,0.2121212121212121,0.8048780487804879,0.2586206896551724,0.5,0.25,0.1818181818181818,0.2727272727272727,0.8,1.0,1.0,0.8095238095238095,0.7,0.02,105.0,0.6666666666666666,14.58190476190476,12.846666666666668,13.906666666666665,12.351428571428572,0.2,0.4736842105263157,0.6,0.7777777777777778,0.1473684210526315,0.3571428571428571,0.3846153846153846,0.8,0.1684210526315789,0.5,0.5,0.375,0.1684210526315789,0.3125,0.3333333333333333,0.8,0.3157894736842105,0.2666666666666666,0.2857142857142857,1.0,0.1818181818181818,,0.3636363636363636,0.1428571428571428,,,0.7142857142857143,0.2,0.6842105263157895,0.2666666666666666,0.5508826315789473,0.5264642857142857,0.5275214285714286,0.099009900990099,0.1481481481481481,0.1443298969072164,0.0618556701030927,8.655102040816328,25.069565217391304,0.0761904761904762,2026-03-01,22500870,CHI,,,,1.0,1.0,1.0,,,1.0,,0.25,0.1428571428571428,,,,,0.25,1.0,,2.0,0.0425531914893617,,3.0,,,0.0652173913043478,0.0625,0.0666666666666666,,,,,1.0,2025-26,2026,Regular Season,1610612749
48:00,88,90,8,10,9,178,11,19,1.0,4.0,,1.0,,7,3.0,12,6.0,11,1.0,7,26,,1.0,3,14,38,13,37,14,81,2.0,6,1.0,5.0,9.0,,2.0,1.0,4,2.0,5.0,10,18,39,,,26,7,3.0,5,13,18,7,6.0,2,,3.0,49,5,6,,22,11,1.0,34,11,45,2.0,7,4,3.0,7,3.0,2,9,5.0,16,1.0,2.0,5,13,,2.0,16,1.0,1.0,19,1.0,10.0,,3.0,,,2.0,1.0,3.0,2.0,72,5.0,8,,,0.3571428571428571,0.3571428571428571,1.0,0.3513513513513513,0.25,0.3513513513513513,0.3684210526315789,0.3333333333333333,,0.4466666666666666,0.2857142857142857,0.25,0.4821428571428571,0.45,0.3571428571428571,0.4933333333333333,0.0789473684210526,0.0526315789473684,0.2857142857142857,0.4375,1.0,,0.4583333333333333,0.25,0.7333333333333333,0.217391304347826,0.6111111111111112,0.2340425531914893,0.5,0.1428571428571428,0.2777777777777778,,0.25,0.4444444444444444,0.7142857142857143,0.7391304347826086,0.7142857142857143,0.048780487804878,89.0,0.6666666666666666,14.2375,18.078888888888887,13.3625,17.037777777777777,0.2533333333333333,0.5789473684210527,0.6111111111111112,0.1818181818181818,0.0933333333333333,,,,0.16,0.25,0.25,1.0,0.1466666666666666,0.5454545454545454,0.6666666666666666,1.0,0.3466666666666667,0.2692307692307692,0.28,1.0,0.5714285714285714,0.25,,0.1666666666666666,,0.1666666666666666,0.5,0.3333333333333333,0.7466666666666667,0.2692307692307692,0.5650560810810811,0.5932499999999999,0.53347,0.119047619047619,0.2127659574468085,0.1111111111111111,0.0617283950617283,7.321052631578947,25.6,0.0909090909090909,2026-03-02,22500880,BOS,,1.0,,,,,1.0,2.0,1.0,,,0.1111111111111111,,0.1428571428571428,,,,,,,,2.0,3.0,,,0.081081081081081,0.1818181818181818,0.0384615384615384,,,,,,2025-26,2026,Regular Season,1610612749
48:00,97,98,23,19,10,195,19,24,2.0,3.0,4.0,4.0,4.0,12,7.0,11,5.0,12,3.0,8,27,3.0,1.0,8,30,47,13,39,14,113,2.0,6,5.0,2.0,9.0,5.0,8.0,3.0,11,5.0,24.0,32,28,33,6.0,4.0,27,8,7.0,16,11,27,6,5.0,11,3.0,2.0,65,6,7,1.0,20,9,1.0,30,14,44,,8,7,1.0,9,3.0,3,6,6.0,15,2.0,4.0,8,15,,1.0,17,1.0,,20,2.0,9.0,2.0,2.0,,,1.0,1.0,2.0,1.0,104,24.0,23,,1.0,0.5333333333333333,0.5714285714285714,0.8461538461538461,0.3333333333333333,0.2727272727272727,0.3333333333333333,0.6382978723404256,0.3333333333333333,0.625,0.5755813953488372,0.3181818181818182,0.5,0.5947368421052631,0.375,0.5454545454545454,0.4534883720930232,0.1489361702127659,0.0833333333333333,0.3333333333333333,0.6,0.5,0.3333333333333333,0.5625,0.4117647058823529,0.7692307692307693,0.2307692307692307,0.6904761904761905,0.3023255813953488,0.4,0.375,0.2105263157894736,0.2857142857142857,0.5714285714285714,0.625,,0.7368421052631579,0.8571428571428571,,97.5,0.5,15.076288659793816,14.46530612244898,14.129896907216496,13.718367346938772,0.2790697674418604,0.7916666666666666,0.8636363636363636,0.5789473684210527,0.1395348837209302,0.3333333333333333,0.5,0.75,0.127906976744186,0.6363636363636364,0.7,0.2857142857142857,0.1395348837209302,0.4166666666666667,0.4166666666666667,1.0,0.313953488372093,0.2962962962962963,0.2962962962962963,0.75,0.2727272727272727,0.6666666666666666,0.2727272727272727,0.2105263157894736,1.0,0.1578947368421052,0.4210526315789473,0.125,0.7325581395348837,0.2962962962962963,0.5580325581395349,0.53795,0.5214052631578948,0.0967741935483871,0.1666666666666666,0.079646017699115,0.2123893805309734,6.829787234042553,25.74102564102564,0.2371134020618556,2026-03-04,22500897,ATL,1.0,2.0,2.0,,1.0,2.0,,1.0,,,0.2,0.5,,0.1818181818181818,0.5,1.0,,,0.6666666666666666,,,,,,,,,,,,,0.0909090909090909,,2025-26,2026,Regular Season,1610612749
48:00,98,99,28,30,10,197,17,22,2.0,3.0,2.0,5.0,6.0,13,3.0,6,6.0,18,5.0,9,26,2.0,1.0,6,26,41,15,44,16,113,3.0,6,2.0,1.0,13.0,3.0,10.0,5.0,11,7.0,28.0,36,16,45,,4.0,26,9,3.0,18,15,33,9,6.0,13,3.0,2.0,81,6,3,1.0,27,14,2.0,43,10,53,,7,1,6.0,7,,4,4,3.0,11,1.0,3.0,13,20,,1.0,19,2.0,1.0,28,4.0,15.0,1.0,5.0,,,2.0,3.0,5.0,2.0,100,28.0,28,2.0,1.0,0.6923076923076923,0.75,1.0,0.3409090909090909,0.4545454545454545,0.3409090909090909,0.6341463414634146,0.5,0.3,0.5705882352941176,0.75,0.5,0.5824742268041238,0.7222222222222222,0.5384615384615384,0.5176470588235295,0.073170731707317,0.0454545454545454,0.1538461538461538,0.6363636363636364,1.0,0.1428571428571428,0.6666666666666666,0.2,0.7714285714285715,0.2142857142857142,0.7321428571428571,0.2093023255813953,,0.2857142857142857,0.25,0.1666666666666666,0.625,0.5555555555555556,1.0,0.8181818181818182,0.6923076923076923,,98.5,0.4,14.087755102040816,15.145454545454546,13.720408163265304,14.166666666666666,0.2588235294117647,0.7727272727272727,0.8095238095238095,0.7647058823529411,0.1529411764705882,0.4615384615384615,0.5454545454545454,0.5,0.0705882352941176,0.5,0.5,0.6666666666666666,0.2117647058823529,0.3333333333333333,0.3333333333333333,1.0,0.3058823529411765,0.3461538461538461,0.3461538461538461,1.0,0.375,0.6666666666666666,0.25,0.238095238095238,0.4,0.238095238095238,0.2857142857142857,0.1666666666666666,0.7764705882352941,0.3461538461538461,0.5726941176470588,0.470475,0.5610380952380952,0.15625,0.2884615384615384,0.1150442477876106,0.247787610619469,5.880487804878048,25.21136363636364,0.2857142857142857,2026-03-07,22500919,UTA,,,4.0,2.0,2.0,1.0,,,,,1.0,0.3333333333333333,,,,,1.0,1.0,0.8,,,,,,,,,,,,,,,2025-26,2026,Regular Season,1610612749
48:00,96,96,17,34,11,192,12,13,2.0,2.0,,,7.0,15,4.0,12,2.0,10,3.0,11,35,2.0,3.0,9,23,40,13,45,6,91,3.0,4,3.0,,12.0,3.0,3.0,3.0,12,3.0,18.0,22,24,33,6.0,6.0,35,11,2.0,11,11,22,9,2.0,7,3.0,1.0,55,9,3,,12,10,5.0,27,12,39,1.0,10,7,3.0,11,1.0,6,6,5.0,17,2.0,1.0,17,23,,1.0,19,1.0,2.0,13,2.0,6.0,1.0,3.0,,,2.0,1.0,3.0,,79,18.0,17,2.0,1.0,0.4782608695652174,0.55,0.8461538461538461,0.2888888888888888,0.25,0.2888888888888888,0.575,0.75,1.0,0.5,0.8571428571428571,0.5,0.5055555555555555,0.75,0.5294117647058824,0.5294117647058824,0.05,,0.1333333333333333,0.6470588235294118,0.8333333333333334,,0.625,0.1764705882352941,0.631578947368421,0.2903225806451613,0.6285714285714286,0.25,,0.375,0.25,0.4285714285714285,0.25,0.7777777777777778,0.6666666666666666,0.625,0.6666666666666666,0.0217391304347826,96.0,,15.384375,14.615625,14.815625000000002,13.755208333333334,0.1529411764705882,0.9230769230769232,0.9230769230769232,0.5833333333333334,0.1764705882352941,0.4666666666666667,0.5384615384615384,0.4285714285714285,0.1411764705882353,0.3333333333333333,0.3333333333333333,0.25,0.1176470588235294,0.2,0.2,1.0,0.4117647058823529,0.3142857142857143,0.3142857142857143,0.8181818181818182,0.2857142857142857,1.0,0.2857142857142857,,,0.2,0.6,0.3333333333333333,0.6823529411764706,0.3142857142857143,0.5228547619047619,0.472825,0.4761035714285714,0.0786516853932584,0.1363636363636363,0.1318681318681318,0.1978021978021978,9.2875,26.13409090909091,0.1770833333333333,2026-03-08,22500926,ORL,,1.0,,2.0,2.0,1.0,,,,,0.6666666666666666,,,0.1428571428571428,,,1.0,1.0,,1.0,0.0222222222222222,,,,1.0,,,,,,,,1.0,2025-26,2026,Regular Season,1610612749
48:00,98,98,33,14,7,196,17,23,2.0,2.0,9.0,10.0,3.0,11,6.0,10,5.0,10,5.0,11,28,2.0,1.0,9,26,44,16,38,14,114,3.0,4,3.0,,9.0,10.0,12.0,4.0,14,6.0,38.0,20,32,48,,6.0,28,11,,10,16,26,11,5.0,7,2.0,1.0,68,4,5,,21,11,1.0,33,9,42,3.0,6,2,4.0,9,2.0,6,8,3.0,17,2.0,7.0,6,13,,2.0,19,,,20,2.0,10.0,,1.0,,,1.0,,1.0,1.0,105,38.0,33,,,0.3846153846153846,0.4347826086956521,1.0,0.4210526315789473,0.2857142857142857,0.4210526315789473,0.5909090909090909,0.75,0.8333333333333334,0.6097560975609756,0.6428571428571429,0.6153846153846154,0.6222222222222222,0.6428571428571429,0.6333333333333333,0.4634146341463415,,,,0.5294117647058824,1.0,,0.7857142857142857,0.2777777777777778,0.8076923076923077,0.1818181818181818,0.8,0.225,0.3333333333333333,0.375,0.2352941176470588,,0.5,1.0,1.0,0.8571428571428571,0.6,0.075,98.0,1.0,14.83673469387755,14.551020408163266,14.491836734693878,14.261224489795918,0.2804878048780488,0.7391304347826086,0.7391304347826086,0.4117647058823529,0.1341463414634146,0.2727272727272727,0.2727272727272727,0.6666666666666666,0.1219512195121951,0.6,0.6,0.1666666666666666,0.1219512195121951,0.5,0.5,1.0,0.3414634146341463,0.3928571428571428,0.3928571428571428,1.0,0.2857142857142857,1.0,0.2857142857142857,0.3846153846153846,0.9,0.1923076923076923,0.3461538461538461,0.1111111111111111,0.7439024390243902,0.3928571428571428,0.5564006097560976,0.47695,0.5825173076923077,0.1111111111111111,0.1923076923076923,0.0789473684210526,0.3333333333333333,6.465909090909091,25.557894736842105,0.336734693877551,2026-03-10,22500941,PHX,1.0,1.0,3.0,,1.0,1.0,,1.0,,,0.3333333333333333,,,0.1428571428571428,1.0,1.0,,,0.6,,,1.0,,,,,,,,,2.0,,,2025-26,2026,Regular Season,1610612749
48:00,101,101,20,42,5,202,18,25,1.0,2.0,2.0,2.0,9.0,20,5.0,12,5.0,10,4.0,4,16,1.0,1.0,4,32,57,9,26,14,105,2.0,4,1.0,,4.0,8.0,10.0,2.0,8,3.0,25.0,36,28,24,3.0,,16,4,2.0,18,8,26,3,5.0,9,5.0,4.0,60,2,3,,17,19,1.0,37,5,42,1.0,10,6,4.0,4,3.0,2,10,2.0,14,,1.0,10,30,2.0,3.0,13,1.0,,19,2.0,9.0,1.0,1.0,1.0,,,1.0,2.0,1.0,101,25.0,20,4.0,1.0,0.5625,0.5625,0.8888888888888888,0.3461538461538461,0.25,0.3461538461538461,0.5614035087719298,0.5,0.8,0.5481927710843374,0.4,0.6111111111111112,0.5769230769230769,0.4,0.6578947368421053,0.3132530120481928,0.0350877192982456,0.04,0.05,0.2857142857142857,1.0,,0.7037037037037037,0.12,0.6296296296296297,0.1176470588235294,0.6666666666666666,0.119047619047619,0.1428571428571428,0.1818181818181818,0.1666666666666666,,0.6666666666666666,0.6666666666666666,1.0,0.5882352941176471,0.7,0.025,101.0,0.5,13.904950495049508,14.609900990099009,13.617821782178218,14.084158415841584,0.3012048192771084,0.72,0.75,0.5,0.2409638554216867,0.45,0.4736842105263157,0.5555555555555556,0.144578313253012,0.4166666666666667,0.4166666666666667,0.8,0.1204819277108433,0.5,0.5,1.0,0.1927710843373494,0.25,0.25,0.75,0.4,0.5,0.2,0.1111111111111111,1.0,0.2222222222222222,0.2222222222222222,0.25,0.6144578313253012,0.25,0.5385668674698796,0.572975,0.4782416666666667,0.1,0.140625,0.0380952380952381,0.238095238095238,7.582456140350877,24.98076923076923,0.198019801980198,2026-03-12,22500957,MIA,,,1.0,,,,,1.0,,1.0,,,1.0,,,,,,0.25,,,2.0,,,,,,,1.0,,,,,2025-26,2026,Regular Season,1610612749
48:00,101,101,16,11,7,202,12,14,1.0,1.0,2.0,3.0,8.0,18,5.0,7,3.0,12,3.0,9,25,2.0,,4,25,39,12,37,13,99,1.0,3,2.0,2.0,7.0,3.0,7.0,1.0,7,2.0,11.0,26,24,33,3.0,2.0,25,9,1.0,13,11,24,8,3.0,7,4.0,2.0,59,4,4,,17,14,2.0,33,8,41,,5,3,2.0,10,4.0,5,13,5.0,23,1.0,1.0,8,17,,3.0,19,1.0,3.0,18,1.0,6.0,3.0,4.0,,,3.0,1.0,4.0,2.0,92,11.0,16,,3.0,0.52,0.5416666666666666,0.9166666666666666,0.3243243243243243,0.1428571428571428,0.3243243243243243,0.6410256410256411,0.3333333333333333,0.4285714285714285,0.5657894736842105,0.5,0.3214285714285714,0.5833333333333334,0.5,0.3235294117647059,0.4868421052631579,0.0256410256410256,,0.0555555555555555,0.4347826086956521,1.0,,0.5833333333333334,0.3076923076923077,0.7083333333333334,0.16,0.6458333333333334,0.2105263157894736,0.5,0.1111111111111111,0.125,0.2222222222222222,0.6363636363636364,0.5833333333333334,,0.7647058823529411,0.5714285714285714,,101.0,0.5,14.928712871287129,13.586138613861388,14.492079207920792,13.2,0.1842105263157894,0.8571428571428571,0.8571428571428571,0.5833333333333334,0.2368421052631578,0.4444444444444444,0.4705882352941176,0.5,0.0921052631578947,0.7142857142857143,0.7142857142857143,0.4,0.1578947368421052,0.25,0.25,1.0,0.3289473684210526,0.36,0.36,0.8888888888888888,0.2,1.0,0.4,0.2142857142857142,0.6666666666666666,0.2142857142857142,0.2857142857142857,,0.6710526315789473,0.36,0.5372967105263158,0.4962,0.51255,0.074074074074074,0.1363636363636363,0.0707070707070707,0.1111111111111111,8.051282051282051,24.82702702702703,0.1584158415841584,2026-03-14,22500970,ATL,,,1.0,1.0,1.0,,,3.0,,,0.5,1.0,,,,,0.5,1.0,0.3333333333333333,,,2.0,,,1.0,,,,,,1.0,,,2025-26,2026,Regular Season,1610612749
48:00,94,96,17,11,11,190,18,27,5.0,7.0,4.0,6.0,3.0,8,5.0,11,8.0,13,2.0,15,31,1.0,2.0,4,26,46,23,44,13,134,5.0,11,2.0,,16.0,6.0,9.0,4.0,6,3.0,27.0,18,34,66,3.0,4.0,31,15,6.0,9,22,31,14,8.0,7,1.0,1.0,84,3,11,,16,9,2.0,27,14,41,5.0,10,7,3.0,5,,3,4,2.0,9,1.0,,10,17,1.0,1.0,15,,,19,1.0,9.0,1.0,2.0,,,2.0,,2.0,,118,27.0,17,1.0,1.0,0.3461538461538461,0.375,0.9565217391304348,0.5227272727272727,0.6666666666666666,0.5227272727272727,0.5652173913043478,0.4545454545454545,0.6666666666666666,0.6722222222222223,0.6153846153846154,0.8,0.6767676767676768,0.6153846153846154,0.75,0.4888888888888889,0.1304347826086956,0.1481481481481481,0.25,0.5555555555555556,1.0,,0.5,0.55,0.7619047619047619,0.1428571428571428,0.6410256410256411,0.3414634146341463,0.7777777777777778,0.4,0.125,0.2,0.4,0.5,0.6666666666666666,0.7222222222222222,1.0,0.1428571428571428,95.0,,15.620212765957444,14.705208333333331,14.779787234042551,14.078125,0.3,0.6666666666666666,0.782608695652174,0.3888888888888889,0.0888888888888888,0.375,0.5,0.3333333333333333,0.1222222222222222,0.4545454545454545,0.4545454545454545,0.2,0.1444444444444444,0.6153846153846154,0.6153846153846154,1.0,0.3444444444444444,0.4838709677419355,0.4838709677419355,0.9333333333333332,0.5384615384615384,0.7142857142857143,0.0769230769230769,0.4,0.6666666666666666,0.1333333333333333,0.2666666666666666,0.5,0.7888888888888889,0.4838709677419355,0.5594972222222222,0.54502,0.56255,0.0918367346938775,0.1666666666666666,0.1194029850746268,0.2014925373134328,6.997826086956521,25.61818181818182,0.1808510638297872,2026-03-15,22500979,IND,1.0,1.0,2.0,1.0,2.0,,1.0,1.0,1.0,,1.0,0.3333333333333333,0.2,0.0769230769230769,1.0,1.0,1.0,1.0,1.0,,,,,,,,,,,,,,,2025-26,2026,Regular Season,1610612749
48:00,95,95,21,38,12,190,11,15,1.0,1.0,2.0,2.0,6.0,13,5.0,15,7.0,13,2.0,13,34,4.0,2.0,9,22,43,20,47,12,116,1.0,2,6.0,4.0,15.0,4.0,7.0,3.0,11,8.0,25.0,16,28,48,12.0,2.0,34,13,4.0,8,16,24,10,6.0,7,1.0,,64,7,4,1.0,16,15,3.0,34,12,46,2.0,3,1,2.0,3,,2,5,1.0,8,,,12,22,1.0,1.0,20,5.0,1.0,17,1.0,4.0,5.0,6.0,,,5.0,1.0,6.0,5.0,101,25.0,21,3.0,5.0,0.3636363636363636,0.3809523809523809,0.8,0.425531914893617,0.2727272727272727,0.425531914893617,0.5116279069767442,0.5,0.5714285714285714,0.5777777777777777,0.6875,0.4722222222222222,0.5918367346938775,0.75,0.5208333333333334,0.5222222222222223,0.0930232558139534,0.1333333333333333,0.1538461538461538,0.375,1.0,0.3333333333333333,0.75,0.1904761904761904,0.6666666666666666,0.2692307692307692,0.7045454545454546,0.2340425531914893,0.25,0.2857142857142857,0.35,,0.6666666666666666,0.75,1.0,0.75,0.25,0.0465116279069767,95.0,0.8333333333333334,15.76,14.55578947368421,15.389473684210529,13.713684210526315,0.1666666666666666,0.7333333333333333,0.8461538461538461,0.6363636363636364,0.1444444444444444,0.4615384615384615,0.5454545454545454,0.1666666666666666,0.1666666666666666,0.3333333333333333,0.3333333333333333,,0.1444444444444444,0.5384615384615384,0.5384615384615384,0.8571428571428571,0.3777777777777777,0.3823529411764705,0.3823529411764705,0.7692307692307693,0.125,1.0,0.5,0.1111111111111111,1.0,0.1111111111111111,0.5,0.2222222222222222,0.6888888888888889,0.3823529411764705,0.5166488636363636,0.50617,0.477975,0.043010752688172,0.0869565217391304,0.1293103448275862,0.2155172413793103,9.423255813953489,25.80888888888889,0.2210526315789473,2026-03-17,22500995,CLE,1.0,2.0,1.0,2.0,3.0,1.0,1.0,3.0,,,0.5,0.1,,0.25,0.5,1.0,0.5,0.5,0.5,,,,,,,,,,,,,,,2025-26,2026,Regular Season,1610612749
48:00,99,100,18,15,8,199,7,13,1.0,3.0,1.0,3.0,8.0,15,2.0,6,2.0,12,2.0,13,32,4.0,1.0,5,17,34,15,44,17,96,2.0,4,4.0,2.0,6.0,3.0,8.0,2.0,7,3.0,15.0,18,16,33,12.0,2.0,32,13,2.0,9,11,20,9,2.0,3,4.0,2.0,51,6,3,,19,7,2.0,28,9,37,1.0,9,5,4.0,10,4.0,5,10,5.0,20,,4.0,10,18,,2.0,18,,,23,1.0,10.0,,2.0,,,1.0,1.0,2.0,1.0,90,15.0,18,1.0,,0.5294117647058824,0.5625,0.7333333333333333,0.3409090909090909,0.2857142857142857,0.3409090909090909,0.5,0.5,0.375,0.5064102564102564,0.25,0.4,0.5397727272727273,0.3333333333333333,0.4411764705882353,0.5641025641025641,0.0588235294117647,0.0769230769230769,0.0666666666666666,0.5,0.6666666666666666,,0.7,0.1764705882352941,0.6551724137931034,0.2142857142857142,0.6666666666666666,0.2,0.1666666666666666,0.2857142857142857,0.2222222222222222,0.2,1.0,0.8333333333333334,0.3333333333333333,0.5833333333333334,1.0,0.0232558139534883,99.5,0.5,15.11111111111111,13.84,14.686868686868689,13.319,0.1666666666666666,0.5384615384615384,0.5833333333333334,0.4285714285714285,0.1923076923076923,0.5333333333333333,0.5714285714285714,0.5,0.0769230769230769,0.3333333333333333,0.3333333333333333,1.0,0.1538461538461538,0.1666666666666666,0.1666666666666666,1.0,0.4102564102564102,0.40625,0.40625,0.6923076923076923,0.375,0.3333333333333333,0.5,0.2,0.3333333333333333,0.1333333333333333,0.3333333333333333,0.2,0.7307692307692307,0.40625,0.5147660256410257,0.58855,0.4929733333333333,0.125,0.2325581395348837,0.0625,0.15625,7.75,25.30454545454546,0.1818181818181818,2026-03-19,22501014,UTA,,,1.0,,,2.0,,3.0,,,,,,,,,,,0.5,1.0,0.0222222222222222,1.0,,,1.0,,,,,,1.0,,,2025-26,2026,Regular Season,1610612749
47:59,91,92,36,17,11,183,14,19,1.0,1.0,4.0,6.0,7.0,14,2.0,6,5.0,13,3.0,11,27,5.0,4.0,11,23,39,16,40,14,108,2.0,3,6.0,3.0,16.0,8.0,14.0,6.0,14,5.0,39.0,14,32,39,9.0,,27,11,4.0,7,13,20,8,5.0,5,2.0,,53,4,7,,15,18,4.0,37,11,48,,6,3,3.0,7,4.0,3,10,4.0,17,1.0,9.0,10,17,,3.0,21,1.0,1.0,21,4.0,9.0,2.0,4.0,,,3.0,1.0,4.0,2.0,92,38.0,35,,1.0,0.3043478260869565,0.3043478260869565,0.8125,0.4,0.4285714285714285,0.4,0.5897435897435898,0.6666666666666666,0.5714285714285714,0.5949367088607594,0.7222222222222222,0.6071428571428571,0.6206896551724138,0.7272727272727273,0.6290322580645161,0.5063291139240507,0.1025641025641025,0.1052631578947368,0.1428571428571428,0.4117647058823529,0.8,,0.72,0.4375,0.625,0.1904761904761904,0.673469387755102,0.2972972972972973,0.4,0.4285714285714285,0.1428571428571428,0.2857142857142857,0.8571428571428571,0.75,0.6,0.7222222222222222,0.3333333333333333,,91.50953224294204,0.5,15.878021978021955,15.595652173913043,15.218681318681297,14.576086956521738,0.240506329113924,0.7368421052631579,0.8235294117647058,0.3571428571428571,0.1772151898734177,0.5,0.5833333333333334,0.2857142857142857,0.0759493670886076,0.3333333333333333,0.3333333333333333,,0.1645569620253164,0.3846153846153846,0.3846153846153846,1.0,0.3417721518987341,0.4074074074074074,0.4074074074074074,0.7272727272727273,0.1111111111111111,1.0,0.5555555555555556,0.2142857142857142,0.6666666666666666,0.1071428571428571,0.3928571428571428,0.3636363636363636,0.7468354430379747,0.4074074074074074,0.5800227272727272,0.5165583333333333,0.5706249999999999,0.1176470588235294,0.2045454545454545,0.1481481481481481,0.3611111111111111,7.361538461538462,26.27179487179487,0.3956043956043956,2026-03-21,22501031,PHX,1.0,1.0,2.0,2.0,3.0,,,1.0,,,0.5,0.5,1.0,0.1111111111111111,1.0,1.0,0.4,1.0,0.6666666666666666,1.0,0.024390243902439,1.0,,,,,,,,,,,,2025-26,2026,Regular Season,1610612749
48:00,96,98,19,27,14,194,12,15,2.0,3.0,2.0,3.0,3.0,15,6.0,13,5.0,10,5.0,11,32,4.0,3.0,7,21,43,16,42,6,96,3.0,6,5.0,2.0,11.0,3.0,5.0,7.0,12,3.0,30.0,28,14,45,3.0,2.0,32,11,6.0,14,15,29,11,4.0,8,2.0,4.0,73,11,5,,17,11,,28,16,44,1.0,6,5,1.0,13,2.0,7,10,6.0,23,2.0,3.0,10,17,,1.0,18,3.0,1.0,9,,,1.0,2.0,,,,2.0,2.0,,85,30.0,19,,1.0,0.6666666666666666,0.7,0.9375,0.3809523809523809,0.5833333333333334,0.3809523809523809,0.4883720930232558,0.5,0.6,0.5294117647058824,0.4090909090909091,0.7941176470588235,0.5397727272727273,0.4166666666666667,0.7894736842105263,0.4941176470588235,0.1395348837209302,0.2,0.2,0.5652173913043478,,,0.8461538461538461,0.2272727272727272,0.7727272727272727,0.4230769230769231,0.8,0.3333333333333333,,0.3333333333333333,0.3809523809523809,0.6,1.0,0.75,1.0,0.8,0.7142857142857143,0.0238095238095238,97.0,,15.859375,13.85204081632653,14.847916666666668,13.656122448979591,0.1764705882352941,0.8,1.0,0.6666666666666666,0.1764705882352941,0.2,0.25,0.6666666666666666,0.1529411764705882,0.4615384615384615,0.4615384615384615,0.6666666666666666,0.1176470588235294,0.5,0.5,0.8,0.3764705882352941,0.34375,0.34375,1.0,0.2727272727272727,0.6666666666666666,0.3636363636363636,0.1764705882352941,0.6666666666666666,0.2941176470588235,0.4117647058823529,0.4285714285714285,0.6705882352941176,0.34375,0.5139732142857143,0.5178833333333334,0.4845970588235294,0.0229885057471264,,0.1145833333333333,0.3125,8.299999999999999,25.902439024390244,0.1979166666666666,2026-03-23,22501046,LAC,,1.0,4.0,1.0,1.0,2.0,,1.0,,1.0,0.2,0.1428571428571428,,0.0909090909090909,,,0.25,1.0,0.8,2.0,0.0454545454545454,2.0,,,,,,,,,1.0,,,2025-26,2026,Regular Season,1610612749
48:00,98,100,13,30,15,198,12,15,1.0,2.0,,,8.0,21,2.0,8,4.0,10,,10,37,9.0,2.0,8,22,44,14,47,13,99,2.0,4,12.0,,10.0,1.0,3.0,2.0,8,2.0,10.0,22,22,33,9.0,,37,10,6.0,11,11,22,8,3.0,8,3.0,,55,9,8,1.0,11,11,2.0,24,18,42,1.0,12,9,3.0,11,1.0,7,6,4.0,17,2.0,3.0,13,25,,3.0,13,1.0,,20,,9.0,1.0,3.0,,,1.0,1.0,3.0,3.0,89,10.0,13,4.0,,0.5,0.5,0.7857142857142857,0.2978723404255319,0.25,0.2978723404255319,0.5,0.5,0.3333333333333333,0.4725274725274725,0.3125,0.3636363636363636,0.4900990099009901,0.3125,0.4166666666666667,0.5164835164835165,0.1363636363636363,0.0666666666666666,0.1904761904761904,0.6470588235294118,1.0,0.2,0.6875,0.3636363636363636,0.5,0.2903225806451613,0.5789473684210527,0.320754716981132,,0.4615384615384615,0.24,0.5,0.6,0.5714285714285714,1.0,0.5,0.5,0.0238095238095238,99.0,1.0,15.707142857142856,13.407,14.156122448979591,12.768,0.1648351648351648,0.8,0.8571428571428571,0.6666666666666666,0.2307692307692307,0.3809523809523809,0.4705882352941176,0.375,0.0879120879120879,0.25,0.2857142857142857,,0.1098901098901098,0.4,0.4,0.75,0.4065934065934066,0.2702702702702703,0.3125,0.8,0.125,0.5,0.5625,,,,0.7272727272727273,0.25,0.6813186813186813,0.2702702702702703,0.5147696629213483,0.5155916666666667,0.4806777777777778,0.09,0.1698113207547169,0.101010101010101,0.101010101010101,8.181818181818182,25.346666666666664,0.1326530612244898,2026-03-25,22501061,POR,,3.0,,2.0,2.0,,,2.0,,,0.1666666666666666,0.3333333333333333,1.0,0.1875,,,0.2222222222222222,1.0,,,,1.0,5.0,1.0,,0.1063829787234042,,0.1351351351351351,,,,0.125,,2025-26,2026,Regular Season,1610612749
48:00,97,97,5,25,10,194,10,13,2.0,3.0,1.0,2.0,5.0,12,9.0,16,6.0,16,2.0,8,30,2.0,,1,24,41,14,46,5,95,3.0,6,3.0,1.0,7.0,2.0,3.0,,3,1.0,5.0,20,28,36,6.0,4.0,30,8,2.0,10,12,22,7,5.0,5,3.0,2.0,56,6,6,,16,11,1.0,28,12,40,2.0,9,6,3.0,13,4.0,8,6,5.0,19,2.0,1.0,10,18,,,6,1.0,,6,1.0,3.0,,5.0,,,3.0,2.0,5.0,1.0,88,5.0,5,1.0,,0.4166666666666667,0.4545454545454545,0.8571428571428571,0.3043478260869565,,0.3043478260869565,0.5853658536585366,0.5,0.6666666666666666,0.5172413793103449,0.3333333333333333,0.3333333333333333,0.5280898876404494,0.3333333333333333,0.3333333333333333,0.5287356321839081,0.048780487804878,0.0769230769230769,0.0833333333333333,0.6842105263157895,1.0,,0.5789473684210527,0.3529411764705882,0.7272727272727273,0.1875,0.6585365853658537,0.2448979591836734,0.6666666666666666,0.2857142857142857,0.1363636363636363,0.3,0.5714285714285714,0.25,0.75,0.7857142857142857,0.625,0.0425531914893617,97.0,0.2,15.493814432989693,14.196907216494845,14.843298969072167,13.472164948453608,0.1494252873563218,0.7692307692307693,0.8333333333333334,0.5,0.1379310344827586,0.4166666666666667,0.4545454545454545,0.6,0.1839080459770115,0.5625,0.5625,0.2222222222222222,0.1839080459770115,0.375,0.375,0.8333333333333334,0.3448275862068966,0.2666666666666666,0.2666666666666666,0.875,0.3333333333333333,0.6666666666666666,0.2222222222222222,0.3333333333333333,0.5,0.3333333333333333,0.1666666666666666,,0.6781609195402298,0.2666666666666666,0.5293827586206896,0.48714,0.5149916666666666,0.0337078651685393,0.0697674418604651,0.0736842105263157,0.0526315789473684,10.05609756097561,25.11304347826087,0.0515463917525773,2026-03-28,22501076,SAS,,1.0,,,,,,1.0,,,,0.2857142857142857,,0.1111111111111111,,,,,,,,1.0,,,1.0,,,,,,1.0,,,2025-26,2026,Regular Season,1610612749
48:00,100,100,32,44,4,200,12,14,,,3.0,3.0,5.0,11,3.0,8,7.0,18,3.0,13,26,3.0,7.0,9,20,33,20,44,13,113,,1,3.0,1.0,7.0,6.0,11.0,8.0,12,9.0,45.0,18,22,42,18.0,,26,13,3.0,9,14,23,7,7.0,8,1.0,,60,4,1,,14,11,1.0,26,5,31,,13,4,9.0,14,5.0,10,8,4.0,22,1.0,5.0,8,30,,2.0,19,2.0,1.0,15,,3.0,3.0,1.0,,,1.0,,1.0,1.0,106,45.0,32,7.0,3.0,0.45,0.45,0.7,0.4545454545454545,0.6666666666666666,0.4545454545454545,0.6060606060606061,,0.5454545454545454,0.6493506493506493,0.75,0.782608695652174,0.6746987951807228,0.875,0.8035714285714286,0.5714285714285714,0.0909090909090909,0.1428571428571428,0.0909090909090909,0.6363636363636364,1.0,,0.7333333333333333,0.0833333333333333,0.8235294117647058,0.1666666666666666,0.78125,0.1388888888888889,,0.2,0.1538461538461538,0.1818181818181818,0.4285714285714285,1.0,1.0,0.8571428571428571,0.6666666666666666,,100.0,1.0,15.053,13.747,14.833,13.568,0.1818181818181818,0.8571428571428571,1.0,0.6666666666666666,0.1428571428571428,0.4545454545454545,0.5,0.2,0.1038961038961039,0.375,0.375,,0.2337662337662337,0.3888888888888889,0.4117647058823529,1.0,0.3376623376623376,0.5,0.5,0.5384615384615384,,,0.75,0.1304347826086956,1.0,0.1304347826086956,0.391304347826087,0.7777777777777778,0.7532467532467533,0.5,0.5414701298701299,0.346,0.4933869565217391,0.05,0.0833333333333333,0.0619469026548672,0.3982300884955752,8.457575757575759,25.38181818181818,0.32,2026-03-29,22501082,LAC,,,1.0,2.0,2.0,1.0,,,,,0.6666666666666666,,,,,,0.6666666666666666,1.0,0.3333333333333333,1.0,0.0227272727272727,,1.0,,,0.0227272727272727,0.0555555555555555,,,,2.0,,1.0,2025-26,2026,Regular Season,1610612749
48:00,109,109,17,35,12,218,14,21,2.0,5.0,3.0,4.0,6.0,13,1.0,4,6.0,14,3.0,14,41,3.0,,7,21,38,20,55,21,123,2.0,6,4.0,2.0,12.0,3.0,4.0,,10,6.0,12.0,20,22,54,6.0,4.0,41,14,4.0,10,18,28,12,6.0,8,2.0,,74,9,5,,18,29,4.0,51,14,65,,7,5,2.0,12,,9,6,3.0,18,1.0,3.0,13,19,,,19,1.0,1.0,26,3.0,12.0,1.0,9.0,,,4.0,4.0,9.0,5.0,111,12.0,17,2.0,1.0,0.4761904761904761,0.5263157894736842,0.9,0.3636363636363636,,0.3636363636363636,0.5526315789473685,0.3333333333333333,0.75,0.5483870967741935,0.5,0.2142857142857142,0.5913461538461539,0.5,0.3333333333333333,0.5913978494623656,0.1052631578947368,0.0476190476190476,0.2307692307692307,0.6666666666666666,1.0,,0.8055555555555556,0.2941176470588235,0.6923076923076923,0.2647058823529412,0.7580645161290323,0.2745098039215686,0.4285714285714285,0.1428571428571428,0.3461538461538461,,0.8,0.8125,0.8,0.6842105263157895,0.7142857142857143,,109.0,0.5555555555555556,13.855963302752292,12.56605504587156,13.227522935779817,11.995412844036696,0.2258064516129032,0.6666666666666666,0.7,0.5714285714285714,0.1397849462365591,0.4615384615384615,0.6,0.3333333333333333,0.043010752688172,0.25,0.25,,0.1505376344086021,0.4285714285714285,0.4285714285714285,1.0,0.4408602150537634,0.3414634146341463,0.3414634146341463,0.8571428571428571,0.5,0.4,0.3,0.2857142857142857,0.75,0.2142857142857142,0.5,,0.8172043010752689,0.3414634146341463,0.5583733695652174,0.594225,0.5765785714285715,0.1262135922330097,0.2553191489361702,0.0975609756097561,0.0975609756097561,5.426315789473684,25.84444444444444,0.1559633027522936,2026-03-31,22500652,DAL,,1.0,,2.0,2.0,3.0,,2.0,1.0,,0.5,0.3333333333333333,,0.1,,,0.6666666666666666,0.5,,1.0,0.0178571428571428,1.0,,1.0,,,,,,,,,,2025-26,2026,Regular Season,1610612749
47:59,93,92,13,5,15,185,12,18,2.0,3.0,1.0,2.0,10.0,23,3.0,8,4.0,6,1.0,13,34,2.0,1.0,5,25,49,17,40,12,113,5.0,9,4.0,3.0,19.0,5.0,6.0,2.0,6,5.0,21.0,12,38,45,6.0,6.0,34,13,4.0,6,15,21,12,3.0,3,2.0,1.0,57,11,7,,15,16,1.0,32,18,50,2.0,3,2,1.0,7,4.0,4,8,3.0,15,3.0,1.0,9,17,,1.0,12,2.0,,16,1.0,5.0,2.0,1.0,,,1.0,,1.0,,94,21.0,13,1.0,2.0,0.24,0.2727272727272727,0.8823529411764706,0.425,0.3333333333333333,0.425,0.5102040816326531,0.5555555555555556,0.8333333333333334,0.5674157303370787,0.6153846153846154,0.6666666666666666,0.5885416666666666,0.6333333333333333,0.7,0.449438202247191,0.0816326530612244,0.0555555555555555,0.1304347826086956,0.4666666666666667,1.0,,0.7272727272727273,0.2916666666666667,0.6521739130434783,0.4782608695652174,0.6888888888888889,0.3829787234042553,0.3333333333333333,0.3076923076923077,0.5238095238095238,,0.75,0.875,0.5,0.6666666666666666,0.625,0.0465116279069767,92.50000000000006,,14.933333333333334,16.20869565217389,14.034408602150538,15.54565217391302,0.2022471910112359,0.6666666666666666,0.7058823529411765,0.25,0.2584269662921348,0.4347826086956521,0.5,0.2,0.0898876404494382,0.375,0.375,0.3333333333333333,0.0674157303370786,0.6666666666666666,0.6666666666666666,0.75,0.3820224719101123,0.3823529411764705,0.3823529411764705,0.9230769230769232,0.2307692307692307,0.6666666666666666,0.1538461538461538,0.1666666666666666,0.5,0.0833333333333333,0.4166666666666667,0.2,0.651685393258427,0.3823529411764705,0.5058348314606742,0.5091,0.4534916666666667,0.0638297872340425,0.0943396226415094,0.168141592920354,0.1858407079646017,7.387755102040816,26.93,0.1397849462365591,2026-04-01,22501110,HOU,1.0,2.0,1.0,1.0,2.0,,1.0,,,,0.5,0.2,,0.1538461538461538,0.5,1.0,0.5,1.0,1.0,1.0,0.024390243902439,1.0,,,,,,,,,,,,2025-26,2026,Regular Season,1610612749
48:00,92,94,17,23,10,186,8,15,2.0,2.0,1.0,2.0,4.0,12,2.0,9,3.0,9,2.0,18,38,4.0,5.0,10,14,36,21,47,10,101,2.0,3,5.0,1.0,17.0,2.0,5.0,6.0,12,3.0,25.0,10,18,57,6.0,4.0,38,18,4.0,5,19,24,16,3.0,3,1.0,1.0,67,2,8,,11,12,1.0,24,10,34,2.0,5,4,1.0,7,2.0,6,6,1.0,13,1.0,,10,21,,3.0,13,2.0,,13,,5.0,1.0,4.0,,,2.0,2.0,4.0,1.0,84,25.0,17,,1.0,0.3571428571428571,0.4166666666666667,0.9047619047619048,0.4468085106382978,0.5,0.4468085106382978,0.3888888888888889,0.6666666666666666,0.4,0.5481927710843374,1.0,0.6470588235294118,0.5617977528089888,0.9444444444444444,0.6666666666666666,0.5662650602409639,0.1111111111111111,0.2,0.0833333333333333,0.5384615384615384,1.0,,0.631578947368421,0.3636363636363636,0.55,0.0769230769230769,0.5897435897435898,0.2083333333333333,0.1428571428571428,0.25,0.05,0.1666666666666666,0.5,0.6,0.8,0.5555555555555556,0.5,0.0454545454545454,93.0,0.25,15.432608695652174,15.53404255319149,14.932608695652174,14.837234042553192,0.180722891566265,0.5333333333333333,0.6666666666666666,0.375,0.144578313253012,0.3333333333333333,0.3636363636363636,0.25,0.108433734939759,0.2222222222222222,0.2222222222222222,0.5,0.108433734939759,0.3333333333333333,0.3333333333333333,1.0,0.4578313253012048,0.4736842105263157,0.4736842105263157,0.8888888888888888,0.25,1.0,0.5,0.1176470588235294,0.5,0.1176470588235294,0.5882352941176471,0.5,0.7469879518072289,0.4736842105263157,0.5312638554216867,0.5383714285714286,0.5365352941176471,0.0568181818181818,0.1219512195121951,0.1683168316831683,0.2475247524752475,8.18611111111111,25.5936170212766,0.1847826086956521,2026-04-03,22501126,BOS,1.0,1.0,1.0,3.0,4.0,,,1.0,,,0.8,0.7142857142857143,,0.125,1.0,1.0,0.75,1.0,0.5,,,,,,1.0,,,,,,1.0,,,2025-26,2026,Regular Season,1610612749
48:00,101,102,26,12,12,203,24,30,7.0,8.0,7.0,8.0,6.0,14,4.0,7,3.0,8,,13,24,1.0,5.0,7,34,51,16,32,15,131,9.0,11,1.0,2.0,23.0,8.0,9.0,5.0,7,8.0,39.0,40,28,30,18.0,8.0,24,13,1.0,20,10,30,8,2.0,18,1.0,1.0,70,6,5,2.0,18,18,2.0,38,13,51,1.0,11,8,3.0,13,4.0,10,7,3.0,20,,7.0,14,19,1.0,1.0,21,1.0,1.0,24,2.0,12.0,1.0,5.0,,,2.0,3.0,5.0,3.0,108,39.0,26,,1.0,0.5882352941176471,0.6666666666666666,0.625,0.5,0.7142857142857143,0.5,0.6666666666666666,0.8181818181818182,0.8888888888888888,0.6987951807228916,0.875,0.96875,0.6968085106382979,0.8846153846153846,0.9285714285714286,0.3855421686746988,0.0196078431372549,,0.0714285714285714,0.65,1.0,0.5,0.72,0.2941176470588235,0.6206896551724138,0.375,0.6666666666666666,0.3333333333333333,0.1666666666666666,0.375,0.4545454545454545,0.2,0.875,0.6363636363636364,0.6666666666666666,0.6071428571428571,1.0,0.03125,101.5,0.6,14.692079207920791,13.687254901960785,14.41980198019802,12.842156862745096,0.3614457831325301,0.8,0.8,0.75,0.1686746987951807,0.4285714285714285,0.4615384615384615,0.1666666666666666,0.0843373493975903,0.5714285714285714,0.5714285714285714,0.25,0.0963855421686747,0.375,0.375,0.6666666666666666,0.2891566265060241,0.5416666666666666,0.5416666666666666,0.6153846153846154,0.6666666666666666,0.875,0.0833333333333333,0.5,0.875,,0.4375,0.7142857142857143,0.7469879518072289,0.5416666666666666,0.5756620481927711,0.5595857142857142,0.572784375,0.1290322580645161,0.1967213114754098,0.1755725190839694,0.2977099236641221,5.468627450980391,25.45,0.2574257425742574,2026-04-05,22501135,MEM,,,,1.0,1.0,,1.0,,,1.0,1.0,0.3333333333333333,0.5714285714285714,,,,1.0,1.0,,,,,,,,,,,,,,,,2025-26,2026,Regular Season,1610612749
48:00,93,92,10,24,14,185,14,20,3.0,4.0,,,5.0,14,1.0,2,5.0,14,,10,32,4.0,,2,20,36,15,46,5,90,3.0,6,5.0,1.0,10.0,,2.0,,2,1.0,1.0,24,16,39,6.0,4.0,32,10,4.0,12,13,25,8,5.0,9,2.0,1.0,63,9,6,,14,20,1.0,35,15,50,2.0,6,2,4.0,11,3.0,9,9,2.0,20,2.0,4.0,10,20,,1.0,13,1.0,,8,,3.0,1.0,6.0,1.0,1.0,6.0,,7.0,2.0,80,1.0,10,2.0,1.0,0.6,0.6666666666666666,0.8666666666666667,0.3260869565217391,,0.3260869565217391,0.5555555555555556,0.5,,0.5182926829268293,0.4090909090909091,,0.5232558139534884,0.4166666666666667,0.1,0.5609756097560976,0.1111111111111111,0.15,0.0714285714285714,0.55,1.0,,0.8333333333333334,0.375,0.875,0.2903225806451613,0.85,0.3191489361702128,0.3333333333333333,0.4444444444444444,0.3636363636363636,0.1111111111111111,0.5,1.0,1.0,0.9166666666666666,0.75,0.0465116279069767,92.5,0.2857142857142857,15.456989247311828,15.679347826086955,14.29462365591398,15.480434782608697,0.2439024390243902,0.7,0.8235294117647058,0.6428571428571429,0.1707317073170731,0.3571428571428571,0.3846153846153846,0.4,0.024390243902439,0.5,0.5,1.0,0.1707317073170731,0.3571428571428571,0.3571428571428571,1.0,0.3902439024390244,0.3125,0.3125,0.8,0.3636363636363636,0.75,0.3636363636363636,,,,0.5,,0.8048780487804879,0.3125,0.555174074074074,0.6207333333333334,0.42965,0.0352941176470588,0.0769230769230769,0.1111111111111111,0.0111111111111111,5.344444444444445,24.966666666666665,0.1075268817204301,2026-04-07,22501150,BKN,,1.0,,1.0,1.0,,1.0,2.0,,,0.2,,0.3333333333333333,0.0909090909090909,,,0.25,1.0,,,,1.0,,,,,,,,,,,,2025-26,2026,Regular Season,1610612749
48:00,92,93,20,47,16,185,11,17,3.0,3.0,2.0,3.0,6.0,12,2.0,7,3.0,13,2.0,14,37,5.0,2.0,8,19,36,17,50,22,111,3.0,6,7.0,6.0,24.0,3.0,6.0,2.0,10,11.0,23.0,24,14,42,9.0,4.0,37,14,7.0,12,14,26,11,3.0,8,3.0,1.0,66,11,8,,10,9,2.0,21,19,40,1.0,5,3,2.0,9,,6,7,3.0,16,1.0,3.0,17,24,,1.0,21,1.0,3.0,28,1.0,9.0,3.0,4.0,,,3.0,1.0,4.0,2.0,87,23.0,20,,3.0,0.631578947368421,0.7058823529411765,0.8235294117647058,0.34,0.2,0.34,0.5277777777777778,0.5,0.5,0.5174418604651163,0.6923076923076923,0.375,0.5612244897959183,0.6666666666666666,0.5,0.5813953488372093,0.1944444444444444,0.1764705882352941,0.25,0.5625,1.0,,0.45,0.5333333333333333,0.625,0.34375,0.5277777777777778,0.4042553191489361,0.5,0.6,0.3181818181818182,0.4,0.5454545454545454,0.25,1.0,0.6363636363636364,0.6,0.0256410256410256,92.5,0.5,17.393478260869564,13.761290322580646,16.407608695652176,12.804301075268818,0.1976744186046511,0.6470588235294118,0.7857142857142857,0.7272727272727273,0.1395348837209302,0.5,0.6666666666666666,0.5,0.0813953488372093,0.2857142857142857,0.3333333333333333,0.5,0.1511627906976744,0.2307692307692307,0.2727272727272727,1.0,0.4302325581395348,0.3783783783783784,0.3888888888888889,0.7857142857142857,0.2307692307692307,1.0,0.3846153846153846,0.1875,0.6666666666666666,0.125,0.5,0.25,0.7790697674418605,0.3783783783783784,0.5184203488372093,0.54075,0.51018125,0.1157894736842105,0.2045454545454545,0.2162162162162162,0.2072072072072072,7.794444444444445,25.426,0.217391304347826,2026-04-08,22501160,DET,1.0,2.0,,3.0,4.0,2.0,,,,,0.5714285714285714,0.5,0.3333333333333333,0.1538461538461538,0.5,1.0,0.6,1.0,,2.0,0.0392156862745098,1.0,3.0,,,0.06,0.1538461538461538,0.027027027027027,,,1.0,0.1428571428571428,1.0,2025-26,2026,Regular Season,1610612749
48:00,95,97,8,23,8,192,16,21,1.0,2.0,1.0,1.0,4.0,7,1.0,5,10.0,17,,14,31,4.0,1.0,2,21,33,24,48,11,125,1.0,2,6.0,,11.0,1.0,1.0,1.0,2,2.0,7.0,32,10,60,12.0,2.0,31,14,2.0,16,20,36,11,9.0,13,2.0,1.0,92,5,4,,23,14,,37,9,46,,5,4,1.0,7,4.0,4,10,3.0,17,1.0,4.0,9,15,,1.0,13,,,16,2.0,6.0,2.0,7.0,,,5.0,2.0,7.0,4.0,114,7.0,8,,1.0,0.7619047619047619,0.8,0.8333333333333334,0.5,0.5,0.5,0.6363636363636364,0.5,1.0,0.7037037037037037,0.6875,0.8333333333333334,0.7102272727272727,0.6875,0.875,0.5925925925925926,0.0606060606060606,,0.2857142857142857,0.4117647058823529,,,0.7368421052631579,0.3333333333333333,0.8518518518518519,0.2083333333333333,0.8043478260869565,0.25,0.2,1.0,0.1764705882352941,0.2857142857142857,0.6666666666666666,0.6666666666666666,1.0,0.8947368421052632,0.75,,96.0,0.5714285714285714,13.201052631578946,16.761855670103095,12.622105263157891,16.45154639175258,0.2592592592592592,0.7619047619047619,0.7619047619047619,0.8125,0.0864197530864197,0.5714285714285714,0.8,0.5,0.0617283950617283,0.2,0.2,1.0,0.2098765432098765,0.5882352941176471,0.5882352941176471,0.9,0.382716049382716,0.4516129032258064,0.4516129032258064,0.7857142857142857,0.25,0.5,0.5,0.3333333333333333,1.0,,0.6666666666666666,0.5,0.8518518518518519,0.4516129032258064,0.5808525,0.63005,0.5817166666666667,0.0813953488372093,0.1621621621621621,0.088,0.056,5.478787878787879,25.3625,0.0842105263157894,2026-04-10,22501179,BKN,1.0,2.0,,2.0,3.0,3.0,,,,1.0,0.5,,,0.25,0.5,1.0,0.5,1.0,,1.0,0.0204081632653061,,,,,,,,,,,,,2025-26,2026,Regular Season,1610612749
48:00,103,103,29,23,12,206,17,26,4.0,6.0,5.0,8.0,9.0,13,,4,5.0,13,4.0,8,35,3.0,5.0,9,26,43,13,48,15,106,5.0,7,4.0,1.0,17.0,7.0,12.0,6.0,13,6.0,38.0,28,24,36,3.0,8.0,35,8,2.0,14,12,26,7,5.0,10,4.0,,64,3,10,1.0,20,12,3.0,35,14,49,3.0,8,6,2.0,13,2.0,9,6,4.0,19,3.0,4.0,12,15,,,19,,,22,5.0,11.0,2.0,2.0,,,1.0,1.0,2.0,2.0,89,38.0,29,,2.0,0.5384615384615384,0.6363636363636364,0.9230769230769232,0.2708333333333333,0.4615384615384615,0.2708333333333333,0.6046511627906976,0.7142857142857143,0.5833333333333334,0.5,0.7272727272727273,0.64,0.5353535353535354,0.7727272727272727,0.6551724137931034,0.5274725274725275,0.0465116279069767,0.0769230769230769,,0.6842105263157895,1.0,0.2,0.6666666666666666,0.625,0.8,0.088235294117647,0.7441860465116279,0.26,0.7777777777777778,0.5,0.1153846153846153,,0.5714285714285714,0.8571428571428571,0.5,0.8095238095238095,0.75,0.0625,103.0,1.0,14.933980582524272,13.027184466019415,14.624271844660194,12.79611650485437,0.2857142857142857,0.6538461538461539,0.7083333333333334,0.5882352941176471,0.1428571428571428,0.6923076923076923,0.6923076923076923,0.4444444444444444,0.0439560439560439,,,,0.1428571428571428,0.3846153846153846,0.3846153846153846,1.0,0.3846153846153846,0.2285714285714285,0.2285714285714285,0.875,0.5454545454545454,0.6666666666666666,0.2727272727272727,0.32,0.625,0.16,0.36,0.5555555555555556,0.8131868131868132,0.2285714285714285,0.5597183333333333,0.58785625,0.5588375,0.1237113402061855,0.2244897959183673,0.160377358490566,0.3584905660377358,4.918604651162791,25.73404255319149,0.2815533980582524,2026-04-12,22501191,PHI,1.0,1.0,1.0,1.0,2.0,,2.0,1.0,,,0.5,0.3333333333333333,,0.0909090909090909,1.0,1.0,0.3333333333333333,,0.25,1.0,0.0208333333333333,,,,,,,,,,,,1.0,2025-26,2026,Regular Season,1610612749
