PLAYER_ID,PLAYER_NAME,NICKNAME,TEAM_ID,TEAM_ABBREVIATION,AGE,GP,W,L,W_PCT,MIN,FGM,FGA,FG_PCT,FG3M,FG3A,FG3_PCT,FTM,FTA,FT_PCT,OREB,DREB,REB,AST,TOV,STL,BLK,BLKA,PF,PFD,PTS,PLUS_MINUS,NBA_FANTASY_PTS,DD2,TD3,WNBA_FANTASY_PTS,GP_RANK,W_RANK,L_RANK,W_PCT_RANK,MIN_RANK,FGM_RANK,FGA_RANK,FG_PCT_RANK,FG3M_RANK,FG3A_RANK,FG3_PCT_RANK,FTM_RANK,FTA_RANK,FT_PCT_RANK,OREB_RANK,DREB_RANK,REB_RANK,AST_RANK,TOV_RANK,STL_RANK,BLK_RANK,BLKA_RANK,PF_RANK,PFD_RANK,PTS_RANK,PLUS_MINUS_RANK,NBA_FANTASY_PTS_RANK,DD2_RANK,TD3_RANK,WNBA_FANTASY_PTS_RANK,TEAM_COUNT,team_poss,E_OFF_RATING,OFF_RATING,sp_work_OFF_RATING,E_DEF_RATING,DEF_RATING,sp_work_DEF_RATING,E_NET_RATING,NET_RATING,sp_work_NET_RATING,AST_PCT,AST_TO,AST_RATIO,OREB_PCT,DREB_PCT,REB_PCT,TM_TOV_PCT,E_TOV_PCT,EFG_PCT,TS_PCT,USG_PCT,E_USG_PCT,E_PACE,PACE,PACE_PER40,sp_work_PACE,PIE,POSS,FGM_PG,FGA_PG,E_OFF_RATING_RANK,OFF_RATING_RANK,sp_work_OFF_RATING_RANK,E_DEF_RATING_RANK,DEF_RATING_RANK,sp_work_DEF_RATING_RANK,E_NET_RATING_RANK,NET_RATING_RANK,sp_work_NET_RATING_RANK,AST_PCT_RANK,AST_TO_RANK,AST_RATIO_RANK,OREB_PCT_RANK,DREB_PCT_RANK,REB_PCT_RANK,TM_TOV_PCT_RANK,E_TOV_PCT_RANK,EFG_PCT_RANK,TS_PCT_RANK,USG_PCT_RANK,E_USG_PCT_RANK,E_PACE_RANK,PACE_RANK,sp_work_PACE_RANK,PIE_RANK,FGM_PG_RANK,FGA_PG_RANK,PASSES_MADE,PASSES_RECEIVED,FT_AST,SECONDARY_AST,POTENTIAL_AST,AST_PTS_CREATED,AST_ADJ,AST_TO_PASS_PCT,AST_TO_PASS_PCT_ADJ,DRIVES,DRIVE_FGM,DRIVE_FGA,DRIVE_FG_PCT,DRIVE_FTM,DRIVE_FTA,DRIVE_FT_PCT,DRIVE_PTS,DRIVE_PTS_PCT,DRIVE_PASSES,DRIVE_PASSES_PCT,DRIVE_AST,DRIVE_AST_PCT,DRIVE_TOV,DRIVE_TOV_PCT,DRIVE_PF,DRIVE_PF_PCT,POINTS,TOUCHES,FRONT_CT_TOUCHES,TIME_OF_POSS,AVG_SEC_PER_TOUCH,AVG_DRIB_PER_TOUCH,PTS_PER_TOUCH,ELBOW_TOUCHES,POST_TOUCHES,PAINT_TOUCHES,PTS_PER_ELBOW_TOUCH,PTS_PER_POST_TOUCH,PTS_PER_PAINT_TOUCH,OREB_CONTEST,OREB_UNCONTEST,OREB_CONTEST_PCT,OREB_CHANCES,OREB_CHANCE_PCT,OREB_CHANCE_DEFER,OREB_CHANCE_PCT_ADJ,AVG_OREB_DIST,DREB_CONTEST,DREB_UNCONTEST,DREB_CONTEST_PCT,DREB_CHANCES,DREB_CHANCE_PCT,DREB_CHANCE_DEFER,DREB_CHANCE_PCT_ADJ,AVG_DREB_DIST,REB_CONTEST,REB_UNCONTEST,REB_CONTEST_PCT,REB_CHANCES,REB_CHANCE_PCT,REB_CHANCE_DEFER,REB_CHANCE_PCT_ADJ,AVG_REB_DIST,G,very_tight_FGA_FREQUENCY,very_tight_FGM,very_tight_FGA,very_tight_FG_PCT,very_tight_EFG_PCT,very_tight_FG2A_FREQUENCY,very_tight_FG2M,very_tight_FG2A,very_tight_FG2_PCT,very_tight_FG3A_FREQUENCY,very_tight_FG3M,very_tight_FG3A,very_tight_FG3_PCT,tight_FGA_FREQUENCY,tight_FGM,tight_FGA,tight_FG_PCT,tight_EFG_PCT,tight_FG2A_FREQUENCY,tight_FG2M,tight_FG2A,tight_FG2_PCT,tight_FG3A_FREQUENCY,tight_FG3M,tight_FG3A,tight_FG3_PCT,open_FGA_FREQUENCY,open_FGM,open_FGA,open_FG_PCT,open_EFG_PCT,open_FG2A_FREQUENCY,open_FG2M,open_FG2A,open_FG2_PCT,open_FG3A_FREQUENCY,open_FG3M,open_FG3A,open_FG3_PCT,wide_open_FGA_FREQUENCY,wide_open_FGM,wide_open_FGA,wide_open_FG_PCT,wide_open_EFG_PCT,wide_open_FG2A_FREQUENCY,wide_open_FG2M,wide_open_FG2A,wide_open_FG2_PCT,wide_open_FG3A_FREQUENCY,wide_open_FG3M,wide_open_FG3A,wide_open_FG3_PCT,PULL_UP_FGM,PULL_UP_FGA,PULL_UP_FG_PCT,PULL_UP_PTS,PULL_UP_FG3M,PULL_UP_FG3A,PULL_UP_FG3_PCT,PULL_UP_EFG_PCT,CATCH_SHOOT_PTS,CATCH_SHOOT_FG_PCT,PAINT_TOUCH_PTS,PAINT_TOUCH_FG_PCT,POST_TOUCH_PTS,POST_TOUCH_FG_PCT,ELBOW_TOUCH_PTS,ELBOW_TOUCH_FG_PCT,EFF_FG_PCT,RA_FGM,RA_FGA,RA_FG_PCT,ITP_FGM,ITP_FGA,ITP_FG_PCT,MID_FGM,MID_FGA,MID_FG_PCT,LEFT_CORNER_3_FGM,LEFT_CORNER_3_FGA,LEFT_CORNER_3_FG_PCT,RIGHT_CORNER_3_FGM,RIGHT_CORNER_3_FGA,RIGHT_CORNER_3_FG_PCT,ABOVE_BREAK_3_FGM,ABOVE_BREAK_3_FGA,ABOVE_BREAK_3_FG_PCT,BACKCOURT_FGM,BACKCOURT_FGA,BACKCOURT_FG_PCT,CORNER_3_FGM,CORNER_3_FGA,CORNER_3_FG_PCT,TEAM_ABBR,FGM_LT_5,FGA_LT_5,FGP_LT_5,FGM_5_9,FGA_5_9,FGP_5_9,FGM_10_14,FGA_10_14,FGP_10_14,FGM_15_19,FGA_15_19,FGP_15_19,FGM_20_24,FGA_20_24,FGP_20_24,FGM_25_29,FGA_25_29,FGP_25_29,FGM_30_34,FGA_30_34,FGP_30_34,FGM_35_39,FGA_35_39,FGP_35_39,FGM_40_PLUS,FGA_40_PLUS,FGP_40_PLUS,CATCH_SHOOT_FGM,CATCH_SHOOT_FGA,CATCH_SHOOT_FG3M,CATCH_SHOOT_FG3A,CATCH_SHOOT_FG3_PCT,CATCH_SHOOT_EFG_PCT,overall_def_D_FGM,overall_def_D_FGA,overall_def_D_FG_PCT,overall_def_NORMAL_FG_PCT,overall_def_PCT_PLUSMINUS,three_pt_def_FG3M,three_pt_def_FG3A,three_pt_def_FG3_PCT,three_pt_def_NS_FG3_PCT,three_pt_def_PLUSMINUS,two_pt_def_FG2M,two_pt_def_FG2A,two_pt_def_FG2_PCT,two_pt_def_NS_FG2_PCT,two_pt_def_PLUSMINUS,less_6ft_def_FGM_LT_06,less_6ft_def_FGA_LT_06,less_6ft_def_LT_06_PCT,less_6ft_def_NS_LT_06_PCT,less_6ft_def_PLUSMINUS,less_10ft_def_FGM_LT_10,less_10ft_def_FGA_LT_10,less_10ft_def_LT_10_PCT,less_10ft_def_NS_LT_10_PCT,less_10ft_def_PLUSMINUS,more_15ft_def_FGM_GT_15,more_15ft_def_FGA_GT_15,more_15ft_def_GT_15_PCT,more_15ft_def_NS_GT_15_PCT,more_15ft_def_PLUSMINUS,hustle_CONTESTED_SHOTS,hustle_CONTESTED_SHOTS_2PT,hustle_CONTESTED_SHOTS_3PT,hustle_DEFLECTIONS,hustle_CHARGES_DRAWN,hustle_SCREEN_ASSISTS,hustle_SCREEN_AST_PTS,hustle_OFF_LOOSE_BALLS_RECOVERED,hustle_DEF_LOOSE_BALLS_RECOVERED,hustle_LOOSE_BALLS_RECOVERED,hustle_PCT_LOOSE_BALLS_RECOVERED_OFF,hustle_PCT_LOOSE_BALLS_RECOVERED_DEF,hustle_OFF_BOXOUTS,hustle_DEF_BOXOUTS,hustle_BOX_OUTS,hustle_BOX_OUT_PLAYER_TEAM_REBS,hustle_BOX_OUT_PLAYER_REBS,hustle_PCT_BOX_OUTS_OFF,hustle_PCT_BOX_OUTS_DEF,hustle_PCT_BOX_OUTS_TEAM_REB,hustle_PCT_BOX_OUTS_REB,POST_TOUCH_FGM,POST_TOUCH_FGA,POST_TOUCH_FTM,POST_TOUCH_FTA,POST_TOUCH_FT_PCT,POST_TOUCH_PTS_PCT,POST_TOUCH_PASSES,POST_TOUCH_PASSES_PCT,POST_TOUCH_AST,POST_TOUCH_AST_PCT,POST_TOUCH_TOV,POST_TOUCH_TOV_PCT,POST_TOUCH_FOULS,POST_TOUCH_FOULS_PCT,DIST_FEET,DIST_MILES,DIST_MILES_OFF,DIST_MILES_DEF,AVG_SPEED,AVG_SPEED_OFF,AVG_SPEED_DEF,year,date,playoffs
203518,Alex Abrines,Alex,1610612760,OKC,25.0,1,0,1,0.0,5.333333333333333,0,1,0.0,0,1,0.0,0,0,0.0,0,1,1,2,0,0,0,0,0,0,0,5,4.2,0,0,3.0,1,44,44,44,77,76,78,76,41,47,41,49,53,49,47,60,69,31,64,46,35,1,1,67,78,26,77,11,1,77,1,112.0,105.5,92.9,92.9,67.3,66.7,66.7,38.2,26.2,26.2,0.4,0.0,66.7,0.0,0.167,0.077,0.0,0.0,0.0,0.0,0.059,0.065,108.9,117.0,97.5,117.0,0.211,14,0.0,1.0,42,71,71,3,3,3,4,9,9,3,54,1,47,22,41,1,1,76,78,81,81,33,8,8,6,76,78,2,2,0,0,2,5,2,1.0,1.0,0,0,0,0.0,0,0,0.0,0,0.0,0,0.0,0,0.0,0,0.0,0,0.0,0,3,2,0.1,1.92,2.0,0.0,0,0,0,0.0,0.0,0.0,0.0,0.0,0.0,0.0,0.0,0.0,0.0,0.0,0.0,1.0,0.0,1.0,1.0,0.0,1.0,6.0,0.0,1.0,0.0,1.0,1.0,0.0,1.0,6.0,,,,,,,,,,,,,,,,,,,,,,,,,,,,,,,,,,,,,,,,,1.0,0.0,1.0,0.0,0.0,0.0,0.0,0.0,,1.0,0.0,1.0,0.0,0,0,,0,0.0,0.0,,,0,0.0,0,0.0,0,0.0,0,0.0,0.0,0,0,0.0,0,0,0.0,0.0,0.0,0.0,0.0,0.0,0.0,0.0,1.0,0.0,0.0,0.0,0.0,,,,0.0,1.0,0.0,OKC,0,0,0.0,0.0,0.0,0.0,0.0,0.0,0.0,0.0,0.0,0.0,0.0,1.0,0.0,0.0,0.0,0.0,,,,,,,,,,0,1,0.0,1.0,0.0,0.0,1.0,3.0,0.333,0.447,-0.113,0.0,1.0,0.0,0.427,-0.427,1.0,2.0,0.5,0.515,-0.015,1.0,1.0,1.0,0.529,0.471,1.0,2.0,0.5,0.585,-0.085,0.0,1.0,0.0,0.435,-0.435,2.0,2.0,0.0,0.0,0.0,0.0,0.0,0.0,0.0,0.0,0.0,0.0,0.0,0.0,0.0,0.0,0.0,0.0,0.0,0.0,0.0,0,0,0,0,0.0,0.0,0,0.0,0,0.0,0,0.0,0,0.0,2221,0.4,0.2,0.2,4.06,3.84,4.31,2019,20181021,False
203458,Alex Len,Alex,1610612737,ATL,26.0,1,1,0,1.0,32.35,7,12,0.583,0,1,0.0,2,2,1.0,2,9,11,4,1,0,4,0,3,4,16,19,46.2,1,0,39.0,1,1,1,1,21,11,22,23,41,47,41,27,30,1,13,4,4,10,34,46,1,1,45,13,20,2,5,1,1,13,1,106.0,128.5,131.4,131.4,101.9,105.8,105.8,26.6,25.6,25.6,0.154,4.0,22.2,0.067,0.237,0.162,5.6,5.6,0.583,0.621,0.179,0.181,106.27,103.12,85.94,103.12,0.158,70,7.0,12.0,6,5,5,30,37,37,10,10,10,29,4,24,22,12,6,25,25,35,32,43,46,40,54,54,19,11,22,55,44,0,0,4,10,4,0.073,0.073,3,2,3,0.667,0,0,0.0,4,1.333,0,0.0,0,0.0,0,0.0,0,0.0,16,69,51,1.7,1.52,0.45,0.232,6,3,10,0.333,0.0,0.8,2.0,0.0,1.0,9.0,0.222,0.0,0.222,3.1,3.0,6.0,0.333,14.0,0.643,1.0,0.692,3.1,5.0,6.0,0.455,22.0,0.5,1.0,0.524,3.1,1.0,0.25,3.0,3.0,1.0,1.0,0.25,3.0,3.0,1.0,0.0,0.0,0.0,,0.583,3.0,7.0,0.429,0.429,0.583,3.0,7.0,0.429,0.0,0.0,0.0,,0.083,1.0,1.0,1.0,1.0,0.083,1.0,1.0,1.0,0.0,0.0,0.0,,0.083,0.0,1.0,0.0,0.0,0.0,0.0,0.0,,0.083,0.0,1.0,0.0,0,0,,0,0.0,0.0,,,0,0.0,8,0.571,0,0.0,2,0.5,0.583,7,10,0.7,0,1,0.0,0.0,0.0,0.0,0.0,1.0,0.0,0.0,0.0,0.0,0.0,0.0,0.0,0.0,0.0,0.0,0.0,1.0,0.0,ATL,7,10,0.7,0.0,0.0,0.0,0.0,1.0,0.0,0.0,0.0,0.0,0.0,1.0,0.0,0.0,0.0,0.0,0.0,0.0,0.0,0.0,0.0,0.0,0.0,0.0,0.0,0,1,0.0,1.0,0.0,0.0,13.0,25.0,0.52,0.441,0.079,1.0,1.0,1.0,0.361,0.639,12.0,24.0,0.5,0.489,0.011,2.0,10.0,0.2,0.547,-0.347,4.0,12.0,0.333,0.504,-0.17,8.0,10.0,0.8,0.366,0.434,20.0,20.0,0.0,0.0,0.0,2.0,6.0,0.0,0.0,0.0,0.0,0.0,3.0,4.0,7.0,1.0,0.0,0.429,0.571,0.333,0.0,0,1,0,0,0.0,0.0,2,0.667,2,0.667,0,0.0,0,0.0,13220,2.5,1.3,1.2,4.33,4.6,4.09,2019,20181021,False
1627816,Alex Poythress,Alex,1610612737,ATL,25.0,1,1,0,1.0,23.793333333333333,1,3,0.333,0,1,0.0,1,2,0.5,1,4,5,4,1,0,0,0,3,2,3,6,14.0,0,0,12.0,1,1,1,1,42,64,67,59,41,47,41,38,30,37,22,22,23,10,34,46,35,1,45,31,69,20,60,11,1,60,1,106.0,117.0,120.8,120.8,104.7,107.4,107.4,12.3,13.3,13.3,0.2,4.0,44.4,0.034,0.138,0.086,11.1,11.3,0.333,0.387,0.082,0.082,111.08,107.93,89.94,107.93,0.044,53,1.0,3.0,21,18,18,39,41,41,28,23,23,17,4,3,36,33,37,51,52,64,66,78,78,24,34,34,66,64,67,39,24,0,0,6,11,4,0.103,0.103,0,0,0,0.0,0,0,0.0,0,0.0,0,0.0,0,0.0,0,0.0,0,0.0,3,45,25,0.9,1.26,0.13,0.067,2,0,2,0.0,0.0,1.0,0.0,1.0,0.0,6.0,0.167,1.0,0.2,17.7,0.0,4.0,0.0,7.0,0.571,0.0,0.571,3.7,0.0,5.0,0.0,12.0,0.417,1.0,0.455,6.5,1.0,0.333,0.0,1.0,0.0,0.0,0.333,0.0,1.0,0.0,0.0,0.0,0.0,,0.333,1.0,1.0,1.0,1.0,0.333,1.0,1.0,1.0,0.0,0.0,0.0,,,,,,,,,,,,,,,0.333,0.0,1.0,0.0,0.0,0.0,0.0,0.0,,0.333,0.0,1.0,0.0,0,0,,0,0.0,0.0,,,0,0.0,2,1.0,0,0.0,0,0.0,0.333,1,2,0.5,0,0,0.0,0.0,0.0,0.0,0.0,1.0,0.0,0.0,0.0,0.0,0.0,0.0,0.0,0.0,0.0,0.0,0.0,1.0,0.0,ATL,1,2,0.5,0.0,0.0,0.0,0.0,0.0,0.0,0.0,0.0,0.0,0.0,1.0,0.0,0.0,0.0,0.0,0.0,0.0,0.0,0.0,0.0,0.0,0.0,0.0,0.0,0,1,0.0,1.0,0.0,0.0,4.0,12.0,0.333,0.436,-0.103,1.0,1.0,1.0,0.324,0.676,3.0,11.0,0.273,0.464,-0.191,3.0,9.0,0.333,0.557,-0.224,3.0,11.0,0.273,0.509,-0.236,1.0,1.0,1.0,0.352,0.648,5.0,4.0,1.0,1.0,0.0,1.0,3.0,1.0,0.0,1.0,1.0,0.0,1.0,5.0,6.0,5.0,2.0,0.167,0.833,1.0,0.4,0,0,0,0,0.0,0.0,0,0.0,0,0.0,0,0.0,0,0.0,10113,1.9,1.0,0.9,4.44,4.57,4.31,2019,20181021,False
1628035,Alfonzo McKinnie,Alfonzo,1610612744,GSW,26.0,1,0,1,0.0,3.235,0,2,0.0,0,0,0.0,0,0,0.0,0,0,0,0,0,0,0,0,0,0,0,0,0.0,0,0,0.0,1,44,44,44,81,76,73,76,41,63,41,49,53,49,47,76,77,64,64,46,35,1,1,67,78,42,81,11,1,81,1,100.0,68.3,50.0,50.0,52.5,55.6,55.6,15.8,-5.6,-5.6,0.0,0.0,0.0,0.0,0.0,0.0,0.0,0.0,0.0,0.0,0.2,0.273,124.93,140.96,117.47,140.96,4.0,10,0.0,2.0,85,85,85,1,2,2,23,52,52,64,54,64,47,76,77,1,1,76,78,33,14,2,1,1,1,76,73,2,4,0,0,0,0,0,0.0,0.0,0,0,0,0.0,0,0,0.0,0,0.0,0,0.0,0,0.0,0,0.0,0,0.0,0,4,3,0.2,2.39,2.75,0.0,0,0,1,0.0,0.0,0.0,,,,,,,,,,,,,,,,,,,,,,,,,1.0,0.5,0.0,1.0,0.0,0.0,0.5,0.0,1.0,0.0,0.0,0.0,0.0,,,,,,,,,,,,,,,0.5,0.0,1.0,0.0,0.0,0.5,0.0,1.0,0.0,0.0,0.0,0.0,,,,,,,,,,,,,,,0,1,0.0,0,,,,0.0,0,0.0,0,0.0,0,0.0,0,0.0,0.0,0,1,0.0,0,0,0.0,0.0,1.0,0.0,0.0,0.0,0.0,,,,0.0,0.0,0.0,,,,0.0,0.0,0.0,GSW,0,1,0.0,0.0,0.0,0.0,0.0,0.0,0.0,0.0,0.0,0.0,0.0,1.0,0.0,0.0,0.0,0.0,,,,,,,,,,0,0,,,,,1.0,1.0,1.0,0.585,0.415,,,,,,1.0,1.0,1.0,0.594,0.406,1.0,1.0,1.0,0.674,0.326,1.0,1.0,1.0,0.62,0.38,,,,,,,,,,,,,,,,,,,,,,,,,,,0,0,0,0,0.0,0.0,0,0.0,0,0.0,0,0.0,0,0.0,1492,0.3,0.1,0.2,5.03,3.88,5.94,2019,20181021,False
2738,Andre Iguodala,Andre,1610612744,GSW,35.0,1,0,1,0.0,25.55,2,2,1.0,0,0,0.0,0,0,0.0,0,3,3,3,2,1,1,0,3,4,4,-5,16.1,0,0,14.0,1,44,44,44,37,54,73,1,41,63,41,49,53,49,47,33,45,22,13,14,10,1,45,13,61,58,54,11,1,56,1,100.0,92.4,92.5,92.5,100.6,100.0,100.0,-8.2,-7.5,-7.5,0.231,1.5,42.9,0.0,0.097,0.056,28.6,28.6,1.0,1.0,0.071,0.073,100.25,100.51,83.76,100.51,0.093,53,2.0,2.0,74,72,72,28,25,25,57,56,56,15,29,4,47,50,53,82,82,2,4,80,80,69,68,68,48,54,73,36,33,0,0,7,8,3,0.083,0.083,0,0,0,0.0,0,0,0.0,0,0.0,0,0.0,0,0.0,0,0.0,0,0.0,4,43,22,1.9,2.64,1.88,0.093,0,0,2,0.0,0.0,0.0,0.0,0.0,0.0,1.0,0.0,0.0,0.0,0.0,1.0,2.0,0.333,5.0,0.6,0.0,0.6,8.1,1.0,2.0,0.333,6.0,0.5,0.0,0.5,8.1,,,,,,,,,,,,,,,1.0,2.0,2.0,1.0,1.0,1.0,2.0,2.0,1.0,0.0,0.0,0.0,,,,,,,,,,,,,,,,,,,,,,,,,,,,0,0,,0,,,,,0,0.0,0,0.0,0,0.0,0,0.0,1.0,2,2,1.0,0,0,0.0,0.0,0.0,0.0,0.0,0.0,0.0,0.0,0.0,0.0,0.0,0.0,0.0,0.0,0.0,0.0,0.0,0.0,0.0,GSW,2,2,1.0,0.0,0.0,0.0,0.0,0.0,0.0,0.0,0.0,0.0,0.0,0.0,0.0,0.0,0.0,0.0,,,,0.0,0.0,0.0,0.0,0.0,0.0,0,0,,,,,6.0,12.0,0.5,0.468,0.032,1.0,3.0,0.333,0.349,-0.016,5.0,9.0,0.556,0.537,0.019,4.0,6.0,0.667,0.624,0.043,4.0,7.0,0.571,0.576,-0.004,2.0,5.0,0.4,0.35,0.05,9.0,6.0,3.0,1.0,1.0,1.0,2.0,1.0,1.0,2.0,0.5,0.5,0.0,5.0,5.0,2.0,0.0,0.0,1.0,0.667,0.0,0,0,0,0,0.0,0.0,0,0.0,0,0.0,0,0.0,0,0.0,10049,1.9,1.0,0.9,4.16,4.59,3.77,2019,20181021,False
1627790,Ante Zizic,Ante,1610612739,CLE,22.0,1,0,1,0.0,3.4166666666666665,2,4,0.5,0,0,0.0,0,0,0.0,2,1,3,0,2,0,0,0,1,1,4,-4,5.6,0,0,7.0,1,44,44,44,80,54,60,34,41,63,41,49,53,49,13,60,45,64,13,46,35,1,15,47,61,56,75,11,1,70,1,105.0,87.5,87.5,87.5,137.5,122.2,122.2,-50.0,-34.7,-34.7,0.0,0.0,0.0,0.4,0.25,0.333,33.3,33.3,0.5,0.5,0.545,0.545,112.39,119.41,99.51,119.41,0.067,8,2.0,4.0,78,76,76,83,65,65,84,78,78,64,54,64,1,7,1,83,83,43,50,1,1,21,5,5,56,54,60,3,3,0,0,1,0,0,0.0,0.0,0,0,0,0.0,0,0,0.0,0,0.0,0,0.0,0,0.0,0,0.0,0,0.0,4,7,5,0.2,1.62,0.29,0.571,2,1,3,1.0,0.0,0.0,1.0,1.0,0.5,3.0,0.667,0.0,0.667,3.3,0.0,1.0,0.0,1.0,1.0,0.0,1.0,8.1,1.0,2.0,0.333,4.0,0.75,0.0,0.75,4.9,,,,,,,,,,,,,,,0.75,1.0,3.0,0.333,0.333,0.75,1.0,3.0,0.333,0.0,0.0,0.0,,0.25,1.0,1.0,1.0,1.0,0.25,1.0,1.0,1.0,0.0,0.0,0.0,,,,,,,,,,,,,,,0,0,,0,,,,,0,0.0,0,0.0,0,0.0,2,1.0,0.5,2,4,0.5,0,0,0.0,0.0,0.0,0.0,0.0,0.0,0.0,0.0,0.0,0.0,0.0,0.0,0.0,,,,0.0,0.0,0.0,CLE,2,4,0.5,0.0,0.0,0.0,0.0,0.0,0.0,0.0,0.0,0.0,0.0,0.0,0.0,0.0,0.0,0.0,,,,0.0,0.0,0.0,,,,0,0,,,,,2.0,3.0,0.667,0.402,0.265,2.0,2.0,1.0,0.344,0.656,0.0,1.0,0.0,0.466,-0.466,0.0,1.0,0.0,0.49,-0.49,0.0,1.0,0.0,0.485,-0.485,2.0,2.0,1.0,0.353,0.647,2.0,1.0,1.0,0.0,0.0,0.0,0.0,0.0,0.0,0.0,0.0,0.0,1.0,0.0,1.0,1.0,1.0,1.0,0.0,1.0,1.0,0,0,0,0,0.0,0.0,0,0.0,0,0.0,1,1.0,0,0.0,1205,0.2,0.1,0.1,3.21,3.22,3.2,2019,20181021,False
202340,Avery Bradley,Avery,1610612763,MEM,28.0,1,1,0,1.0,24.128333333333334,2,5,0.4,0,1,0.0,0,0,0.0,0,1,1,3,0,1,0,1,3,0,4,-21,12.7,0,0,10.0,1,1,1,1,40,54,54,48,41,47,41,49,53,49,47,60,69,22,64,14,35,53,45,67,61,82,63,11,1,66,1,,99.2,98.0,98.0,132.8,138.0,138.0,-33.6,-40.0,-40.0,0.188,0.0,37.5,0.0,0.053,0.024,0.0,0.0,0.4,0.4,0.089,0.094,99.83,98.47,82.06,98.47,0.028,49,2.0,5.0,59,60,60,78,82,82,77,81,81,21,54,5,47,67,74,1,1,55,63,75,75,73,76,76,69,54,54,16,22,0,0,4,6,3,0.188,0.188,1,0,1,0.0,0,0,0.0,0,0.0,0,0.0,0,0.0,0,0.0,0,0.0,4,24,22,0.9,2.33,1.71,0.167,1,0,0,0.0,0.0,0.0,0.0,0.0,0.0,1.0,0.0,0.0,0.0,0.0,0.0,1.0,0.0,3.0,0.333,1.0,0.5,4.6,0.0,1.0,0.0,4.0,0.25,1.0,0.333,4.6,,,,,,,,,,,,,,,0.4,1.0,2.0,0.5,0.5,0.4,1.0,2.0,0.5,0.0,0.0,0.0,,,,,,,,,,,,,,,0.6,1.0,3.0,0.333,0.333,0.4,1.0,2.0,0.5,0.2,0.0,1.0,0.0,1,1,1.0,2,0.0,0.0,,1.0,0,0.0,0,0.0,0,0.0,0,0.0,0.4,1,2,0.5,0,0,0.0,1.0,2.0,0.5,0.0,0.0,0.0,0.0,0.0,0.0,0.0,1.0,0.0,0.0,0.0,0.0,0.0,0.0,0.0,MEM,1,2,0.5,0.0,0.0,0.0,0.0,0.0,0.0,1.0,2.0,0.5,0.0,0.0,0.0,0.0,1.0,0.0,0.0,0.0,0.0,,,,0.0,0.0,0.0,0,2,0.0,1.0,0.0,0.0,9.0,10.0,0.9,0.482,0.418,2.0,2.0,1.0,0.369,0.631,7.0,8.0,0.875,0.554,0.321,5.0,5.0,1.0,0.602,0.398,7.0,7.0,1.0,0.57,0.43,2.0,2.0,1.0,0.367,0.633,2.0,1.0,1.0,2.0,0.0,0.0,0.0,0.0,1.0,1.0,0.0,1.0,0.0,1.0,1.0,0.0,0.0,0.0,1.0,0.0,0.0,0,0,0,0,0.0,0.0,0,0.0,0,0.0,0,0.0,0,0.0,9289,1.8,0.9,0.8,4.23,4.04,3.93,2019,20181021,False
203463,Ben McLemore,Ben,1610612758,SAC,26.0,1,1,0,1.0,2.783333333333333,0,1,0.0,0,1,0.0,0,0,0.0,0,0,0,1,0,0,0,0,0,0,0,5,1.5,0,0,1.0,1,1,1,1,82,76,78,76,41,47,41,49,53,49,47,76,77,47,64,46,35,1,1,67,78,26,79,11,1,79,1,110.0,123.0,128.6,128.6,58.1,50.0,50.0,64.8,78.6,78.6,0.333,0.0,50.0,0.0,0.0,0.0,0.0,0.0,0.0,0.0,0.125,0.12,122.44,129.34,107.78,129.34,0.0,7,0.0,1.0,12,6,6,2,1,1,1,1,1,6,54,2,47,76,77,1,1,76,78,67,67,4,4,4,76,76,78,1,2,0,0,1,2,1,1.0,1.0,1,0,0,0.0,0,0,0.0,0,0.0,1,1.0,1,1.0,0,0.0,0,0.0,0,2,2,0.1,2.08,1.0,0.0,0,0,0,0.0,0.0,0.0,,,,,,,,,,,,,,,,,,,,,,,,,,,,,,,,,,,,,,,,,,,,,,,,,,,,,,,,,,,,,,,,,1.0,0.0,1.0,0.0,0.0,0.0,0.0,0.0,,1.0,0.0,1.0,0.0,0,0,,0,0.0,0.0,,,0,0.0,0,0.0,0,0.0,0,0.0,0.0,0,0,0.0,0,0,0.0,0.0,0.0,0.0,,,,,,,0.0,1.0,0.0,,,,,,,SAC,0,0,0.0,,,,0.0,0.0,0.0,0.0,0.0,0.0,0.0,0.0,0.0,0.0,1.0,0.0,,,,,,,,,,0,1,0.0,1.0,0.0,0.0,,,,,,,,,,,,,,,,,,,,,,,,,,,,,,,,,,,,,,,,,,,,,,,,,,,,0,0,0,0,0.0,0.0,0,0.0,0,0.0,0,0.0,0,0.0,1235,0.2,0.1,0.1,4.06,3.08,5.98,2019,20181021,False
1626246,Boban Marjanovic,Boban,1610612755,PHI,30.0,1,1,0,1.0,5.116666666666666,2,2,1.0,0,0,0.0,0,0,0.0,0,1,1,0,0,0,0,0,0,1,4,-6,5.2,0,0,5.0,1,1,1,1,78,54,73,1,41,63,41,49,53,49,47,60,69,64,64,46,35,1,1,47,61,62,76,11,1,76,1,,80.0,72.7,72.7,123.7,127.3,127.3,-43.7,-54.5,-54.5,0.0,0.0,0.0,0.0,0.167,0.1,0.0,0.0,1.0,1.0,0.182,0.2,100.0,103.19,85.99,103.19,0.238,11,2.0,2.0,83,84,84,65,74,74,82,84,84,64,54,64,47,22,25,1,1,2,4,42,39,72,53,53,3,54,73,9,8,0,0,0,0,0,0.0,0.0,0,0,0,0.0,0,0,0.0,0,0.0,0,0.0,0,0.0,0,0.0,0,0.0,4,11,8,0.3,1.55,0.64,0.364,2,2,3,1.0,1.0,1.333,0.0,0.0,0.0,1.0,0.0,0.0,0.0,0.0,1.0,0.0,1.0,2.0,0.5,1.0,1.0,9.8,1.0,0.0,1.0,3.0,0.333,1.0,0.5,9.8,1.0,1.0,2.0,2.0,1.0,1.0,1.0,2.0,2.0,1.0,0.0,0.0,0.0,,,,,,,,,,,,,,,,,,,,,,,,,,,,,,,,,,,,,,,,,0,0,,0,,,,,0,0.0,4,1.0,2,1.0,2,1.0,1.0,1,1,1.0,1,1,1.0,0.0,0.0,0.0,0.0,0.0,0.0,0.0,0.0,0.0,0.0,0.0,0.0,0.0,0.0,0.0,0.0,0.0,0.0,PHI,1,1,1.0,1.0,1.0,1.0,0.0,0.0,0.0,0.0,0.0,0.0,0.0,0.0,0.0,0.0,0.0,0.0,,,,,,,0.0,0.0,0.0,0,0,,,,,1.0,2.0,0.5,0.522,-0.022,0.0,1.0,0.0,0.328,-0.328,1.0,1.0,1.0,0.639,0.361,1.0,1.0,1.0,0.668,0.332,1.0,1.0,1.0,0.642,0.358,0.0,1.0,0.0,0.337,-0.337,4.0,3.0,1.0,0.0,0.0,0.0,0.0,0.0,0.0,0.0,0.0,0.0,0.0,2.0,2.0,1.0,0.0,0.0,1.0,1.0,0.0,1,1,0,0,0.0,1.0,1,0.5,0,0.0,0,0.0,0,0.0,1960,0.4,0.2,0.2,4.4,4.33,4.47,2019,20181021,False
1627741,Buddy Hield,Buddy,1610612758,SAC,26.0,1,1,0,1.0,23.406666666666666,6,11,0.545,2,4,0.5,3,3,1.0,0,5,5,2,2,0,0,1,3,4,17,8,24.0,0,0,26.0,1,1,1,1,46,21,27,31,12,26,13,16,24,1,47,16,23,31,13,46,35,53,45,13,17,16,33,11,1,26,1,110.0,120.0,119.6,119.6,102.4,109.3,109.3,17.6,10.4,10.4,0.1,1.0,12.5,0.0,0.152,0.094,12.5,12.3,0.636,0.69,0.237,0.243,116.32,112.79,93.99,112.79,0.133,56,6.0,11.0,15,19,19,31,47,47,19,28,28,44,33,46,47,28,31,55,57,28,26,19,22,11,20,20,29,21,27,24,29,0,0,3,5,2,0.083,0.083,3,3,3,1.0,0,0,0.0,6,2.0,0,0.0,0,0.0,0,0.0,0,0.0,17,41,24,2.4,3.44,2.34,0.415,1,0,0,0.0,0.0,0.0,0.0,0.0,0.0,2.0,0.0,0.0,0.0,0.0,0.0,5.0,0.0,9.0,0.556,0.0,0.556,9.3,0.0,5.0,0.0,11.0,0.455,0.0,0.455,9.3,1.0,0.182,2.0,2.0,1.0,1.0,0.182,2.0,2.0,1.0,0.0,0.0,0.0,,0.273,1.0,3.0,0.333,0.333,0.273,1.0,3.0,0.333,0.0,0.0,0.0,,0.182,1.0,2.0,0.5,0.5,0.091,1.0,1.0,1.0,0.091,0.0,1.0,0.0,0.364,2.0,4.0,0.5,0.75,0.091,0.0,1.0,0.0,0.273,2.0,3.0,0.667,1,5,0.2,2,0.0,2.0,0.0,0.2,6,1.0,0,0.0,0,0.0,0,0.0,0.636,2,3,0.667,2,3,0.667,0.0,1.0,0.0,0.0,0.0,0.0,1.0,2.0,0.5,1.0,2.0,0.5,0.0,0.0,0.0,1.0,2.0,0.5,SAC,3,4,0.75,0.0,0.0,0.0,1.0,2.0,0.5,0.0,1.0,0.0,2.0,4.0,0.5,0.0,0.0,0.0,0.0,0.0,0.0,,,,0.0,0.0,0.0,2,2,2.0,2.0,1.0,1.5,5.0,12.0,0.417,0.444,-0.027,1.0,4.0,0.25,0.37,-0.12,4.0,8.0,0.5,0.5,0.0,2.0,6.0,0.333,0.579,-0.246,2.0,6.0,0.333,0.548,-0.215,2.0,5.0,0.4,0.384,0.016,4.0,2.0,2.0,1.0,0.0,0.0,0.0,0.0,0.0,0.0,0.0,0.0,1.0,0.0,1.0,0.0,0.0,1.0,0.0,0.0,0.0,0,0,0,0,0.0,0.0,0,0.0,0,0.0,0,0.0,0,0.0,10335,2.0,1.1,0.9,4.8,4.95,4.65,2019,20181021,False
2546,Carmelo Anthony,Carmelo,1610612745,HOU,35.0,1,0,1,0.0,26.766666666666666,3,8,0.375,1,3,0.333,2,2,1.0,0,6,6,1,1,0,0,1,2,2,9,-18,16.7,0,0,17.0,1,44,44,44,29,43,35,55,22,32,25,27,30,1,47,9,15,47,34,46,35,53,32,31,41,80,52,11,1,47,1,100.0,101.8,100.0,100.0,132.9,132.2,132.2,-31.2,-32.2,-32.2,0.056,1.0,9.1,0.0,0.261,0.12,9.1,9.2,0.438,0.507,0.159,0.165,105.48,106.7,88.92,106.7,0.064,60,3.0,8.0,53,52,52,79,79,79,76,76,76,56,33,54,47,6,19,41,42,53,49,53,53,43,37,37,58,43,35,12,9,0,0,1,3,1,0.083,0.083,2,1,2,0.5,0,0,0.0,2,1.0,0,0.0,0,0.0,0,0.0,0,0.0,9,22,8,1.0,2.81,1.32,0.409,0,1,1,0.0,0.0,0.0,0.0,0.0,0.0,1.0,0.0,0.0,0.0,0.0,1.0,5.0,0.167,10.0,0.6,0.0,0.6,6.0,1.0,5.0,0.167,11.0,0.545,0.0,0.545,6.0,1.0,0.125,0.0,1.0,0.0,0.0,0.125,0.0,1.0,0.0,0.0,0.0,0.0,,0.375,2.0,3.0,0.667,0.667,0.375,2.0,3.0,0.667,0.0,0.0,0.0,,0.25,0.0,2.0,0.0,0.0,0.125,0.0,1.0,0.0,0.125,0.0,1.0,0.0,0.25,1.0,2.0,0.5,0.75,0.0,0.0,0.0,,0.25,1.0,2.0,0.5,0,3,0.0,0,0.0,1.0,0.0,0.0,3,0.5,0,0.0,0,0.0,0,0.0,0.438,2,3,0.667,0,1,0.0,0.0,1.0,0.0,0.0,0.0,0.0,0.0,1.0,0.0,1.0,2.0,0.5,0.0,0.0,0.0,0.0,1.0,0.0,HOU,2,3,0.667,0.0,1.0,0.0,0.0,0.0,0.0,0.0,0.0,0.0,0.0,3.0,0.0,1.0,1.0,1.0,0.0,0.0,0.0,0.0,0.0,0.0,0.0,0.0,0.0,1,2,1.0,2.0,0.5,0.75,7.0,13.0,0.538,0.458,0.081,2.0,7.0,0.286,0.388,-0.103,5.0,6.0,0.833,0.489,0.344,4.0,4.0,1.0,0.583,0.417,5.0,5.0,1.0,0.552,0.448,2.0,8.0,0.25,0.393,-0.143,6.0,1.0,5.0,0.0,0.0,0.0,0.0,1.0,0.0,1.0,1.0,0.0,0.0,1.0,1.0,0.0,0.0,0.0,1.0,0.0,0.0,0,1,0,0,0.0,0.0,0,0.0,0,0.0,0,0.0,0,0.0,9534,1.8,0.9,0.9,3.77,3.93,3.61,2019,20181021,False
1626224,Cedi Osman,Cedi,1610612739,CLE,24.0,1,0,1,0.0,39.2,5,15,0.333,2,6,0.333,0,0,0.0,0,3,3,4,5,1,1,1,2,2,12,-22,22.6,0,0,25.0,1,44,44,44,4,26,15,59,12,11,25,49,53,49,47,33,45,10,1,14,10,53,32,31,30,83,37,11,1,27,1,105.0,102.5,103.5,103.5,123.9,126.1,126.1,-21.4,-22.6,-22.6,0.125,0.8,16.7,0.0,0.075,0.035,20.8,20.8,0.4,0.4,0.196,0.198,108.02,106.53,88.78,106.53,0.02,86,5.0,15.0,51,46,46,68,71,71,68,68,68,36,47,36,47,60,71,75,76,55,63,38,40,35,38,38,70,26,15,47,54,0,0,8,9,4,0.085,0.085,6,1,4,0.25,0,0,0.0,2,0.333,1,0.167,0,0.0,1,0.167,0,0.0,12,72,46,3.4,2.83,1.58,0.167,4,0,0,0.5,0.0,0.0,0.0,0.0,0.0,1.0,0.0,0.0,0.0,0.0,0.0,3.0,0.0,5.0,0.6,0.0,0.6,7.6,0.0,3.0,0.0,6.0,0.5,0.0,0.5,7.6,1.0,0.067,0.0,1.0,0.0,0.0,0.067,0.0,1.0,0.0,0.0,0.0,0.0,,0.4,2.0,6.0,0.333,0.417,0.333,1.0,5.0,0.2,0.067,1.0,1.0,1.0,0.133,2.0,2.0,1.0,1.0,0.133,2.0,2.0,1.0,0.0,0.0,0.0,,0.4,1.0,6.0,0.167,0.25,0.067,0.0,1.0,0.0,0.333,1.0,5.0,0.2,2,4,0.5,5,1.0,1.0,1.0,0.625,3,0.2,0,0.0,0,0.0,2,0.5,0.4,2,6,0.333,0,0,0.0,1.0,3.0,0.333,0.0,0.0,0.0,0.0,1.0,0.0,2.0,5.0,0.4,0.0,0.0,0.0,0.0,1.0,0.0,CLE,2,6,0.333,0.0,0.0,0.0,0.0,0.0,0.0,1.0,3.0,0.333,0.0,1.0,0.0,2.0,4.0,0.5,0.0,1.0,0.0,0.0,0.0,0.0,0.0,0.0,0.0,1,5,1.0,5.0,0.2,0.3,6.0,18.0,0.333,0.439,-0.106,3.0,8.0,0.375,0.38,-0.005,3.0,10.0,0.3,0.499,-0.199,3.0,6.0,0.5,0.564,-0.064,3.0,6.0,0.5,0.528,-0.028,3.0,11.0,0.273,0.389,-0.116,11.0,7.0,4.0,3.0,0.0,0.0,0.0,0.0,0.0,0.0,0.0,0.0,1.0,1.0,2.0,1.0,0.0,0.5,0.5,0.5,0.0,0,0,0,0,0.0,0.0,0,0.0,0,0.0,0,0.0,0,0.0,15404,2.9,1.6,1.3,4.15,4.57,3.71,2019,20181021,False
203991,Clint Capela,Clint,1610612745,HOU,25.0,1,0,1,0.0,33.61833333333333,11,14,0.786,0,0,0.0,1,2,0.5,0,6,6,5,1,0,3,1,3,2,23,10,45.7,0,0,40.0,1,44,44,44,13,3,17,11,41,63,41,38,30,37,47,9,15,9,34,46,2,53,45,31,8,13,6,11,1,9,1,100.0,118.4,123.4,123.4,104.8,106.2,106.2,13.6,17.3,17.3,0.263,5.0,23.8,0.0,0.158,0.087,4.8,4.8,0.786,0.773,0.222,0.218,94.63,92.09,76.74,92.09,0.204,64,11.0,14.0,19,13,13,40,39,39,24,18,18,12,2,22,47,27,36,24,24,16,18,25,31,84,85,85,8,3,17,43,31,0,0,4,13,5,0.116,0.116,0,0,0,0.0,0,0,0.0,0,0.0,0,0.0,0,0.0,0,0.0,0,0.0,23,60,30,1.4,1.42,0.23,0.383,6,0,11,1.333,0.0,1.091,0.0,0.0,0.0,4.0,0.0,1.0,0.0,0.0,2.0,4.0,0.333,12.0,0.5,1.0,0.545,4.6,2.0,4.0,0.333,16.0,0.375,2.0,0.429,4.6,1.0,0.214,1.0,3.0,0.333,0.333,0.214,1.0,3.0,0.333,0.0,0.0,0.0,,0.714,9.0,10.0,0.9,0.9,0.714,9.0,10.0,0.9,0.0,0.0,0.0,,0.071,1.0,1.0,1.0,1.0,0.071,1.0,1.0,1.0,0.0,0.0,0.0,,,,,,,,,,,,,,,0,0,,0,,,,,0,0.0,12,0.667,0,0.0,8,0.8,0.786,10,12,0.833,1,2,0.5,0.0,0.0,0.0,0.0,0.0,0.0,0.0,0.0,0.0,0.0,0.0,0.0,0.0,0.0,0.0,0.0,0.0,0.0,HOU,11,13,0.846,0.0,1.0,0.0,0.0,0.0,0.0,0.0,0.0,0.0,0.0,0.0,0.0,0.0,0.0,0.0,0.0,0.0,0.0,0.0,0.0,0.0,0.0,0.0,0.0,0,0,,,,,8.0,18.0,0.444,0.466,-0.022,0.0,2.0,0.0,0.375,-0.375,8.0,16.0,0.5,0.491,0.009,3.0,6.0,0.5,0.573,-0.073,5.0,9.0,0.556,0.558,-0.002,1.0,5.0,0.2,0.397,-0.197,17.0,15.0,2.0,1.0,0.0,5.0,13.0,0.0,1.0,1.0,0.0,1.0,0.0,6.0,6.0,3.0,1.0,0.0,1.0,1.0,0.333,0,0,0,0,0.0,0.0,0,0.0,0,0.0,0,0.0,0,0.0,12587,2.4,1.2,1.2,4.08,4.41,3.79,2019,20181021,False
1629012,Collin Sexton,Collin,1610612739,CLE,20.0,1,0,1,0.0,27.55,2,11,0.182,0,1,0.0,0,0,0.0,1,1,2,2,2,0,0,1,4,0,4,-23,7.4,0,0,8.0,1,44,44,44,26,54,27,72,41,47,41,49,53,49,22,60,58,31,13,46,35,53,67,67,61,84,70,11,1,68,1,105.0,92.7,93.7,93.7,123.7,126.2,126.2,-31.0,-32.5,-32.5,0.087,1.0,13.3,0.029,0.034,0.032,13.3,13.3,0.182,0.182,0.178,0.181,113.18,111.51,92.92,111.51,-0.064,63,2.0,11.0,71,69,69,66,72,72,75,77,77,47,33,44,42,73,72,62,63,73,75,44,45,19,25,25,80,54,27,37,48,0,0,4,5,2,0.054,0.054,8,1,4,0.25,0,0,0.0,2,0.25,2,0.25,0,0.0,2,0.25,0,0.0,4,53,13,4.5,5.06,4.74,0.075,0,0,2,0.0,0.0,0.0,0.0,1.0,0.0,2.0,0.5,0.0,0.5,10.1,0.0,1.0,0.0,2.0,0.5,1.0,1.0,4.2,0.0,2.0,0.0,4.0,0.5,1.0,0.667,7.1,1.0,0.273,0.0,3.0,0.0,0.0,0.273,0.0,3.0,0.0,0.0,0.0,0.0,,0.273,1.0,3.0,0.333,0.333,0.273,1.0,3.0,0.333,0.0,0.0,0.0,,0.364,0.0,4.0,0.0,0.0,0.273,0.0,3.0,0.0,0.091,0.0,1.0,0.0,0.091,1.0,1.0,1.0,1.0,0.091,1.0,1.0,1.0,0.0,0.0,0.0,,2,7,0.286,4,0.0,1.0,0.0,0.286,0,0.0,0,0.0,0,0.0,0,0.0,0.182,0,4,0.0,0,0,0.0,2.0,6.0,0.333,0.0,0.0,0.0,0.0,0.0,0.0,0.0,1.0,0.0,0.0,0.0,0.0,0.0,0.0,0.0,CLE,0,4,0.0,0.0,0.0,0.0,0.0,1.0,0.0,2.0,5.0,0.4,0.0,0.0,0.0,0.0,1.0,0.0,0.0,0.0,0.0,0.0,0.0,0.0,0.0,0.0,0.0,0,0,0.0,0.0,,,10.0,16.0,0.625,0.431,0.194,3.0,6.0,0.5,0.324,0.176,7.0,10.0,0.7,0.498,0.202,6.0,8.0,0.75,0.555,0.195,6.0,8.0,0.75,0.526,0.224,3.0,6.0,0.5,0.32,0.18,6.0,3.0,3.0,0.0,0.0,2.0,4.0,1.0,0.0,1.0,1.0,0.0,1.0,0.0,1.0,1.0,0.0,1.0,0.0,1.0,0.0,0,0,0,0,0.0,0.0,0,0.0,0,0.0,0,0.0,0,0.0,11807,2.2,1.1,1.1,4.45,4.54,4.35,2019,20181021,False
1627745,Damian Jones,Damian,1610612744,GSW,24.0,1,0,1,0.0,18.951666666666668,4,5,0.8,0,0,0.0,0,2,0.0,1,1,2,1,1,0,1,1,5,1,8,0,13.9,0,0,13.0,1,44,44,44,58,34,54,9,41,63,41,49,30,49,22,60,58,47,34,46,10,53,81,47,46,42,61,11,1,59,1,100.0,103.2,102.6,102.6,96.4,97.6,97.6,6.8,5.0,5.0,0.071,1.0,12.5,0.056,0.043,0.049,12.5,12.7,0.8,0.68,0.167,0.169,101.61,101.31,84.43,101.31,0.028,39,4.0,5.0,48,50,50,21,23,23,35,37,37,50,33,46,27,71,60,55,59,13,28,50,52,61,62,62,68,34,54,7,14,0,0,1,2,1,0.143,0.143,0,0,0,0.0,0,0,0.0,0,0.0,0,0.0,0,0.0,0,0.0,0,0.0,8,16,15,0.2,0.93,0.13,0.5,2,1,7,1.0,0.0,0.857,1.0,0.0,1.0,4.0,0.25,0.0,0.25,2.8,0.0,1.0,0.0,6.0,0.167,0.0,0.167,2.9,1.0,1.0,0.5,10.0,0.2,0.0,0.2,2.8,1.0,0.4,1.0,2.0,0.5,0.5,0.4,1.0,2.0,0.5,0.0,0.0,0.0,,0.2,1.0,1.0,1.0,1.0,0.2,1.0,1.0,1.0,0.0,0.0,0.0,,0.2,1.0,1.0,1.0,1.0,0.2,1.0,1.0,1.0,0.0,0.0,0.0,,0.2,1.0,1.0,1.0,1.0,0.2,1.0,1.0,1.0,0.0,0.0,0.0,,0,0,,0,,,,,0,0.0,6,0.75,0,0.0,2,1.0,0.8,4,5,0.8,0,0,0.0,0.0,0.0,0.0,,,,0.0,0.0,0.0,0.0,0.0,0.0,0.0,0.0,0.0,0.0,0.0,0.0,GSW,4,5,0.8,0.0,0.0,0.0,0.0,0.0,0.0,0.0,0.0,0.0,0.0,0.0,0.0,0.0,0.0,0.0,,,,,,,0.0,0.0,0.0,0,0,,,,,5.0,11.0,0.455,0.472,-0.017,0.0,2.0,0.0,0.332,-0.332,5.0,9.0,0.556,0.523,0.032,3.0,6.0,0.5,0.587,-0.087,4.0,8.0,0.5,0.555,-0.055,1.0,3.0,0.333,0.346,-0.013,10.0,8.0,2.0,0.0,0.0,3.0,7.0,0.0,0.0,0.0,0.0,0.0,1.0,6.0,7.0,2.0,0.0,0.143,0.857,0.5,0.0,0,0,0,0,0.0,0.0,0,0.0,0,0.0,0,0.0,0,0.0,7428,1.4,0.7,0.7,4.24,5.0,3.67,2019,20181021,False
201568,Danilo Gallinari,Danilo,1610612746,LAC,30.0,1,1,0,1.0,32.43666666666667,7,19,0.368,1,7,0.143,5,5,1.0,3,6,9,4,2,0,1,1,3,8,20,6,37.8,0,0,36.0,1,1,1,1,18,11,6,57,22,9,39,6,12,1,6,9,9,10,13,46,10,53,45,2,14,20,17,11,1,16,1,100.0,112.6,116.7,116.7,110.0,107.6,107.6,2.6,9.1,9.1,0.2,2.0,14.8,0.091,0.207,0.145,7.4,7.4,0.395,0.472,0.299,0.304,98.32,97.67,81.39,97.67,0.111,66,7.0,19.0,26,24,24,50,42,42,41,31,31,17,17,40,14,17,14,34,35,58,55,6,7,80,79,79,40,11,6,48,48,0,0,6,8,4,0.083,0.083,5,2,4,0.5,0,0,0.0,4,0.8,1,0.2,1,0.2,0,0.0,0,0.0,20,72,50,3.1,2.57,1.4,0.278,1,3,3,0.0,0.0,1.667,2.0,1.0,0.667,6.0,0.5,1.0,0.6,9.0,2.0,4.0,0.333,7.0,0.857,0.0,0.857,4.2,4.0,5.0,0.444,12.0,0.75,1.0,0.818,5.8,1.0,0.211,1.0,4.0,0.25,0.25,0.158,1.0,3.0,0.333,0.053,0.0,1.0,0.0,0.211,3.0,4.0,0.75,0.75,0.211,3.0,4.0,0.75,0.0,0.0,0.0,,0.474,3.0,9.0,0.333,0.389,0.263,2.0,5.0,0.4,0.211,1.0,4.0,0.25,0.105,0.0,2.0,0.0,0.0,0.0,0.0,0.0,,0.105,0.0,2.0,0.0,1,4,0.25,2,0.0,3.0,0.0,0.25,3,0.167,5,1.0,0,0.0,0,0.0,0.395,4,7,0.571,1,2,0.5,1.0,3.0,0.333,1.0,1.0,1.0,0.0,0.0,0.0,0.0,6.0,0.0,0.0,0.0,0.0,1.0,1.0,1.0,LAC,4,8,0.5,1.0,1.0,1.0,1.0,1.0,1.0,0.0,2.0,0.0,1.0,1.0,1.0,0.0,6.0,0.0,0.0,0.0,0.0,0.0,0.0,0.0,0.0,0.0,0.0,1,6,1.0,4.0,0.25,0.25,6.0,16.0,0.375,0.444,-0.069,3.0,9.0,0.333,0.359,-0.025,3.0,7.0,0.429,0.532,-0.104,3.0,5.0,0.6,0.579,0.021,3.0,6.0,0.5,0.552,-0.052,3.0,10.0,0.3,0.361,-0.061,13.0,5.0,8.0,1.0,1.0,0.0,0.0,1.0,1.0,2.0,0.5,0.5,0.0,0.0,0.0,0.0,0.0,0.0,0.0,0.0,0.0,0,1,0,0,0.0,0.0,1,0.333,0,0.0,0,0.0,0,0.0,12395,2.3,1.4,1.0,4.03,4.65,3.69,2019,20181021,False
1628368,De'Aaron Fox,De'Aaron,1610612758,SAC,21.0,1,1,0,1.0,41.99666666666667,7,12,0.583,1,4,0.25,7,9,0.778,1,3,4,10,4,1,1,0,4,6,22,16,43.8,1,0,41.0,1,1,1,1,1,11,22,23,22,26,32,2,3,29,22,33,35,3,3,14,10,1,67,5,12,6,9,1,1,8,1,110.0,126.8,128.1,128.1,105.5,108.1,108.1,21.3,20.0,20.0,0.25,2.5,33.3,0.026,0.053,0.042,13.3,13.4,0.625,0.689,0.187,0.185,113.4,111.44,92.86,111.44,0.111,96,7.0,12.0,7,8,8,44,43,43,13,15,15,13,16,7,43,67,65,62,64,29,27,40,42,18,26,26,39,11,22,76,80,0,0,16,25,10,0.132,0.132,11,3,5,0.6,3,4,0.75,10,0.909,4,0.364,2,0.182,0,0.0,2,0.182,22,97,36,7.1,4.4,4.03,0.227,1,0,1,2.0,0.0,0.0,0.0,1.0,0.0,2.0,0.5,0.0,0.5,4.4,1.0,2.0,0.333,11.0,0.273,2.0,0.333,10.6,1.0,3.0,0.25,11.0,0.364,2.0,0.444,9.0,1.0,0.167,2.0,2.0,1.0,1.0,0.167,2.0,2.0,1.0,0.0,0.0,0.0,,0.167,1.0,2.0,0.5,0.5,0.167,1.0,2.0,0.5,0.0,0.0,0.0,,0.5,3.0,6.0,0.5,0.583,0.25,2.0,3.0,0.667,0.25,1.0,3.0,0.333,0.167,1.0,2.0,0.5,0.5,0.083,1.0,1.0,1.0,0.083,0.0,1.0,0.0,3,6,0.5,7,1.0,3.0,0.333,0.583,0,0.0,0,0.0,0,0.0,2,1.0,0.625,3,3,1.0,2,4,0.5,1.0,1.0,1.0,0.0,1.0,0.0,0.0,0.0,0.0,1.0,3.0,0.333,0.0,0.0,0.0,0.0,1.0,0.0,SAC,3,3,1.0,2.0,3.0,0.667,1.0,2.0,0.5,0.0,0.0,0.0,0.0,2.0,0.0,1.0,2.0,0.5,0.0,0.0,0.0,0.0,0.0,0.0,0.0,0.0,0.0,0,1,0.0,1.0,0.0,0.0,14.0,27.0,0.519,0.425,0.094,3.0,10.0,0.3,0.342,-0.042,11.0,17.0,0.647,0.48,0.167,10.0,14.0,0.714,0.564,0.15,10.0,14.0,0.714,0.532,0.182,3.0,11.0,0.273,0.356,-0.084,12.0,5.0,7.0,1.0,0.0,0.0,0.0,1.0,1.0,2.0,0.5,0.5,0.0,0.0,0.0,0.0,0.0,0.0,0.0,0.0,0.0,0,0,0,0,0.0,0.0,0,0.0,0,0.0,0,0.0,0,0.0,17113,3.2,1.8,1.5,4.26,4.61,4.14,2019,20181021,False
1627761,DeAndre' Bembry,DeAndre',1610612737,ATL,24.0,1,1,0,1.0,16.383333333333333,5,8,0.625,3,4,0.75,0,2,0.0,1,2,3,1,1,2,0,0,1,1,13,11,23.1,0,0,24.0,1,1,1,1,63,26,35,19,8,26,7,49,30,49,22,46,45,47,34,7,35,1,15,47,26,12,35,11,1,29,1,106.0,149.6,144.4,144.4,109.9,117.1,117.1,39.7,27.3,27.3,0.071,1.0,10.0,0.077,0.087,0.083,10.0,9.2,0.813,0.732,0.237,0.276,105.59,104.01,86.67,104.01,0.134,36,5.0,8.0,2,2,2,49,60,60,3,7,7,50,33,52,18,55,38,45,42,12,20,20,13,42,49,49,28,26,35,20,21,0,1,1,3,2,0.05,0.1,2,0,0,0.0,0,0,0.0,0,0.0,2,1.0,0,0.0,0,0.0,0,0.0,13,30,20,1.3,2.52,1.73,0.433,1,0,2,0.0,0.0,1.0,0.0,1.0,0.0,1.0,1.0,0.0,1.0,18.0,1.0,1.0,0.5,8.0,0.25,0.0,0.25,3.3,1.0,2.0,0.333,9.0,0.333,0.0,0.333,8.2,,,,,,,,,,,,,,,0.375,1.0,3.0,0.333,0.333,0.375,1.0,3.0,0.333,0.0,0.0,0.0,,0.625,4.0,5.0,0.8,1.1,0.125,1.0,1.0,1.0,0.5,3.0,4.0,0.75,,,,,,,,,,,,,,0,0,,0,0.0,0.0,,,9,0.75,2,0.5,0,0.0,0,0.0,0.813,2,2,1.0,0,1,0.0,0.0,1.0,0.0,0.0,1.0,0.0,1.0,1.0,1.0,2.0,2.0,1.0,0.0,0.0,0.0,1.0,2.0,0.5,ATL,2,2,1.0,0.0,1.0,0.0,0.0,1.0,0.0,0.0,0.0,0.0,2.0,3.0,0.667,1.0,1.0,1.0,0.0,0.0,0.0,0.0,0.0,0.0,0.0,0.0,0.0,3,4,3.0,4.0,0.75,1.125,6.0,9.0,0.667,0.453,0.213,3.0,4.0,0.75,0.339,0.412,3.0,5.0,0.6,0.504,0.096,2.0,4.0,0.5,0.588,-0.088,3.0,5.0,0.6,0.545,0.055,3.0,4.0,0.75,0.349,0.401,5.0,1.0,4.0,1.0,0.0,0.0,0.0,1.0,1.0,2.0,0.5,0.5,0.0,3.0,3.0,1.0,0.0,0.0,1.0,1.0,0.0,0,0,0,0,0.0,0.0,0,0.0,0,0.0,0,0.0,0,0.0,6819,1.3,0.7,0.6,4.38,4.88,3.91,2019,20181021,False
203471,Dennis Schröder,Dennis,1610612760,OKC,25.0,1,0,1,0.0,32.38333333333333,5,16,0.313,2,5,0.4,2,2,1.0,1,3,4,8,3,1,0,3,4,2,14,-5,30.8,0,0,30.0,1,44,44,44,20,26,11,64,12,18,22,27,30,1,22,33,35,4,7,14,35,82,67,31,24,58,21,11,1,21,1,112.0,97.7,100.0,100.0,113.0,109.2,109.2,-15.2,-9.2,-9.2,0.32,2.67,28.6,0.022,0.1,0.053,10.7,10.8,0.375,0.415,0.211,0.217,113.6,114.13,95.11,114.13,0.067,78,5.0,16.0,61,52,52,58,46,46,59,58,58,9,15,15,46,46,56,50,50,60,59,31,32,17,16,16,55,26,11,46,58,0,1,12,17,10,0.174,0.217,9,2,5,0.4,0,0,0.0,4,0.444,4,0.444,0,0.0,0,0.0,0,0.0,14,68,31,4.9,4.32,3.49,0.206,0,0,1,0.0,0.0,0.0,0.0,1.0,0.0,5.0,0.2,0.0,0.2,7.6,1.0,2.0,0.333,3.0,1.0,0.0,1.0,14.1,1.0,3.0,0.25,8.0,0.5,0.0,0.5,12.4,1.0,0.125,0.0,2.0,0.0,0.0,0.125,0.0,2.0,0.0,0.0,0.0,0.0,,0.375,3.0,6.0,0.5,0.5,0.375,3.0,6.0,0.5,0.0,0.0,0.0,,0.188,1.0,3.0,0.333,0.5,0.125,0.0,2.0,0.0,0.063,1.0,1.0,1.0,0.313,1.0,5.0,0.2,0.3,0.063,0.0,1.0,0.0,0.25,1.0,4.0,0.25,0,4,0.0,0,0.0,0.0,,0.0,6,0.4,0,0.0,0,0.0,0,0.0,0.375,3,7,0.429,0,2,0.0,0.0,2.0,0.0,0.0,0.0,0.0,0.0,1.0,0.0,2.0,4.0,0.5,0.0,0.0,0.0,0.0,1.0,0.0,OKC,3,7,0.429,0.0,1.0,0.0,0.0,3.0,0.0,0.0,0.0,0.0,0.0,1.0,0.0,2.0,4.0,0.5,0.0,0.0,0.0,0.0,0.0,0.0,0.0,0.0,0.0,2,5,2.0,5.0,0.4,0.6,9.0,14.0,0.643,0.473,0.17,1.0,2.0,0.5,0.36,0.14,8.0,12.0,0.667,0.51,0.156,5.0,6.0,0.833,0.601,0.232,7.0,9.0,0.778,0.556,0.221,1.0,2.0,0.5,0.364,0.137,3.0,2.0,1.0,1.0,1.0,0.0,0.0,2.0,0.0,2.0,1.0,0.0,0.0,0.0,0.0,0.0,0.0,0.0,0.0,0.0,0.0,0,0,0,0,0.0,0.0,0,0.0,0,0.0,0,0.0,0,0.0,13823,2.6,1.4,1.2,4.41,4.9,3.95,2019,20181021,False
1629126,Deonte Burton,Deonte,1610612760,OKC,25.0,1,0,1,0.0,6.903333333333333,2,4,0.5,1,2,0.5,0,0,0.0,0,1,1,0,0,0,1,0,0,0,5,-2,9.2,0,0,9.0,1,44,44,44,76,54,60,34,22,38,13,49,53,49,47,60,69,64,64,46,10,1,1,67,57,52,67,11,1,67,1,112.0,94.0,80.0,80.0,101.7,93.3,93.3,-7.7,-13.3,-13.3,0.0,0.0,0.0,0.0,0.077,0.05,0.0,0.0,0.625,0.625,0.235,0.271,92.2,104.3,86.91,104.3,0.25,15,2.0,4.0,66,80,80,29,16,16,56,61,61,64,54,64,47,59,59,1,1,29,31,21,16,85,47,47,2,54,60,6,7,0,0,0,0,0,0.0,0.0,2,1,2,0.5,0,0,0.0,2,1.0,0,0.0,0,0.0,0,0.0,0,0.0,5,10,6,0.3,2.03,1.3,0.5,0,0,0,0.0,0.0,0.0,0.0,0.0,0.0,1.0,0.0,0.0,0.0,0.0,1.0,0.0,1.0,1.0,1.0,0.0,1.0,1.3,1.0,0.0,1.0,2.0,0.5,0.0,0.5,1.3,1.0,0.25,1.0,1.0,1.0,1.0,0.25,1.0,1.0,1.0,0.0,0.0,0.0,,0.25,0.0,1.0,0.0,0.0,0.25,0.0,1.0,0.0,0.0,0.0,0.0,,,,,,,,,,,,,,,0.5,1.0,2.0,0.5,0.75,0.0,0.0,0.0,,0.5,1.0,2.0,0.5,0,1,0.0,0,0.0,1.0,0.0,0.0,3,1.0,0,0.0,0,0.0,0,0.0,0.625,1,2,0.5,0,0,0.0,0.0,0.0,0.0,0.0,0.0,0.0,0.0,1.0,0.0,1.0,1.0,1.0,0.0,0.0,0.0,0.0,1.0,0.0,OKC,1,2,0.5,0.0,0.0,0.0,0.0,0.0,0.0,0.0,0.0,0.0,0.0,1.0,0.0,1.0,1.0,1.0,,,,,,,0.0,0.0,0.0,1,1,1.0,1.0,1.0,1.5,2.0,5.0,0.4,0.47,-0.07,1.0,2.0,0.5,0.359,0.142,1.0,3.0,0.333,0.518,-0.185,1.0,3.0,0.333,0.609,-0.275,1.0,3.0,0.333,0.566,-0.233,1.0,2.0,0.5,0.372,0.128,3.0,2.0,1.0,0.0,0.0,0.0,0.0,0.0,0.0,0.0,0.0,0.0,0.0,0.0,0.0,0.0,0.0,0.0,0.0,0.0,0.0,0,0,0,0,0.0,0.0,0,0.0,0,0.0,0,0.0,0,0.0,2709,0.5,0.3,0.3,4.12,6.43,4.02,2019,20181021,False
203110,Draymond Green,Draymond,1610612744,GSW,29.0,1,0,1,0.0,33.24166666666667,1,4,0.25,0,1,0.0,2,4,0.5,1,4,5,4,3,1,0,0,5,4,4,4,16.0,0,0,15.0,1,44,44,44,15,64,60,66,41,47,41,27,17,37,22,22,23,10,7,14,35,1,81,13,61,31,55,11,1,54,1,100.0,92.5,97.0,97.0,90.3,89.7,89.7,2.2,7.3,7.3,0.16,1.33,30.8,0.033,0.103,0.072,23.1,23.5,0.25,0.347,0.122,0.118,99.52,97.47,81.22,97.47,0.006,67,1.0,4.0,72,64,64,10,11,11,43,34,34,25,32,12,37,44,45,80,80,66,68,68,68,75,81,81,75,64,60,57,37,0,0,8,9,4,0.07,0.07,0,0,0,0.0,0,0,0.0,0,0.0,0,0.0,0,0.0,0,0.0,0,0.0,4,68,34,2.1,1.84,0.85,0.059,2,2,6,0.0,0.0,0.167,1.0,0.0,1.0,2.0,0.5,1.0,1.0,6.4,1.0,3.0,0.25,11.0,0.364,1.0,0.4,6.2,2.0,3.0,0.4,13.0,0.385,2.0,0.455,6.2,,,,,,,,,,,,,,,0.5,0.0,2.0,0.0,0.0,0.5,0.0,2.0,0.0,0.0,0.0,0.0,,0.25,1.0,1.0,1.0,1.0,0.25,1.0,1.0,1.0,0.0,0.0,0.0,,0.25,0.0,1.0,0.0,0.0,0.0,0.0,0.0,,0.25,0.0,1.0,0.0,1,1,1.0,2,0.0,0.0,,1.0,0,0.0,1,0.0,0,0.0,0,0.0,0.25,0,0,0.0,1,2,0.5,0.0,1.0,0.0,0.0,0.0,0.0,0.0,0.0,0.0,0.0,1.0,0.0,0.0,0.0,0.0,0.0,0.0,0.0,GSW,0,0,0.0,0.0,1.0,0.0,1.0,1.0,1.0,0.0,1.0,0.0,0.0,0.0,0.0,0.0,1.0,0.0,,,,0.0,0.0,0.0,0.0,0.0,0.0,0,2,0.0,1.0,0.0,0.0,4.0,13.0,0.308,0.448,-0.141,0.0,6.0,0.0,0.305,-0.305,4.0,7.0,0.571,0.516,0.055,4.0,7.0,0.571,0.583,-0.012,4.0,7.0,0.571,0.551,0.02,0.0,6.0,0.0,0.326,-0.326,11.0,6.0,5.0,3.0,1.0,2.0,4.0,0.0,1.0,1.0,0.0,1.0,1.0,15.0,16.0,7.0,1.0,0.063,0.938,0.778,0.111,0,0,0,0,0.0,0.0,2,1.0,1,0.5,0,0.0,0,0.0,11397,2.2,1.1,1.0,3.75,4.19,3.09,2019,20181021,False
201569,Eric Gordon,Eric,1610612745,HOU,30.0,1,0,1,0.0,32.916666666666664,7,18,0.389,5,8,0.625,2,2,1.0,1,4,5,2,0,1,0,2,1,1,21,3,33.0,0,0,35.0,1,44,44,44,16,11,9,53,3,6,9,27,30,1,22,22,23,31,64,14,35,75,15,47,13,34,20,11,1,17,1,100.0,112.2,112.9,112.9,108.1,110.1,110.1,4.1,2.7,2.7,0.083,0.0,9.5,0.032,0.118,0.077,0.0,0.0,0.528,0.556,0.25,0.257,102.57,101.35,84.46,101.35,0.118,70,7.0,18.0,28,27,27,48,48,48,38,42,42,48,54,53,38,39,41,1,1,42,43,15,20,56,61,61,36,11,9,17,25,0,0,4,5,2,0.118,0.118,10,2,10,0.2,0,0,0.0,4,0.4,0,0.0,0,0.0,0,0.0,0,0.0,21,37,16,2.3,3.72,3.49,0.568,0,0,1,0.0,0.0,0.0,1.0,0.0,1.0,3.0,0.333,0.0,0.333,4.5,0.0,4.0,0.0,6.0,0.667,1.0,0.8,5.4,1.0,4.0,0.2,9.0,0.556,1.0,0.625,5.2,1.0,0.111,1.0,2.0,0.5,0.5,0.111,1.0,2.0,0.5,0.0,0.0,0.0,,0.556,1.0,10.0,0.1,0.15,0.389,0.0,7.0,0.0,0.167,1.0,3.0,0.333,0.167,3.0,3.0,1.0,1.333,0.056,1.0,1.0,1.0,0.111,2.0,2.0,1.0,0.167,2.0,3.0,0.667,1.0,0.0,0.0,0.0,,0.167,2.0,3.0,0.667,4,7,0.571,11,3.0,5.0,0.6,0.786,6,0.667,0,0.0,0,0.0,0,0.0,0.528,1,6,0.167,1,4,0.25,0.0,0.0,0.0,0.0,1.0,0.0,0.0,0.0,0.0,5.0,7.0,0.714,0.0,0.0,0.0,0.0,1.0,0.0,HOU,1,6,0.167,0.0,2.0,0.0,1.0,2.0,0.5,0.0,0.0,0.0,0.0,2.0,0.0,5.0,6.0,0.833,0.0,0.0,0.0,,,,0.0,0.0,0.0,2,3,2.0,3.0,0.667,1.0,2.0,7.0,0.286,0.503,-0.217,0.0,1.0,0.0,0.419,-0.419,2.0,6.0,0.333,0.538,-0.205,1.0,3.0,0.333,0.604,-0.27,2.0,5.0,0.4,0.551,-0.151,0.0,1.0,0.0,0.405,-0.405,8.0,7.0,1.0,1.0,0.0,1.0,2.0,2.0,0.0,2.0,1.0,0.0,0.0,3.0,3.0,1.0,0.0,0.0,1.0,1.0,0.0,0,0,0,0,0.0,0.0,0,0.0,0,0.0,0,0.0,0,0.0,11274,2.1,1.1,1.0,3.62,4.07,3.23,2019,20181021,False
1629109,Gary Clark,Gary,1610612745,HOU,24.0,1,0,1,0.0,2.5166666666666666,0,1,0.0,0,1,0.0,0,0,0.0,0,0,0,0,0,0,0,0,3,0,0,-6,0.0,0,0,0.0,1,44,44,44,83,76,78,76,41,47,41,49,53,49,47,76,77,64,64,46,35,1,45,67,78,62,81,11,1,81,1,100.0,82.0,80.0,80.0,177.3,166.7,166.7,-95.3,-86.7,-86.7,0.0,0.0,0.0,0.0,0.0,0.0,0.0,0.0,0.0,0.0,0.167,0.17,100.32,104.9,87.42,104.9,-0.381,5,0.0,1.0,81,80,80,85,85,85,85,85,85,64,54,64,47,76,77,1,1,76,78,50,51,67,44,44,85,76,78,1,1,0,0,0,0,0,0.0,0.0,0,0,0,0.0,0,0,0.0,0,0.0,0,0.0,0,0.0,0,0.0,0,0.0,0,2,1,0.0,1.16,1.0,0.0,0,0,0,0.0,0.0,0.0,,,,,,,,,,,,,,,,,,,,,,,,,,,,,,,,,,,,,,,,,,,,,,,,,,,,,,,,,,,,,,,,,1.0,0.0,1.0,0.0,0.0,0.0,0.0,0.0,,1.0,0.0,1.0,0.0,0,0,,0,0.0,0.0,,,0,0.0,0,0.0,0,0.0,0,0.0,0.0,0,0,0.0,0,0,0.0,0.0,0.0,0.0,,,,,,,0.0,1.0,0.0,,,,,,,HOU,0,0,0.0,0.0,0.0,0.0,,,,0.0,0.0,0.0,0.0,0.0,0.0,0.0,1.0,0.0,,,,0.0,0.0,0.0,,,,0,1,0.0,1.0,0.0,0.0,2.0,2.0,1.0,0.506,0.494,,,,,,2.0,2.0,1.0,0.527,0.473,2.0,2.0,1.0,0.621,0.38,2.0,2.0,1.0,0.561,0.44,,,,,,1.0,1.0,0.0,0.0,0.0,0.0,0.0,0.0,0.0,0.0,0.0,0.0,0.0,0.0,0.0,0.0,0.0,0.0,0.0,0.0,0.0,0,0,0,0,0.0,0.0,0,0.0,0,0.0,0,0.0,0,0.0,1010,0.2,0.1,0.1,4.4,3.96,4.94,2019,20181021,False
203914,Gary Harris,Gary,1610612743,DEN,24.0,1,1,0,1.0,34.861666666666665,11,20,0.55,2,9,0.222,4,7,0.571,1,2,3,1,0,2,1,0,3,4,28,13,42.1,0,0,40.0,1,1,1,1,10,3,5,30,12,4,34,10,6,36,22,46,45,47,64,7,10,1,45,13,6,10,12,11,1,9,1,101.0,101.2,100.0,100.0,84.1,86.1,86.1,17.1,13.9,13.9,0.063,0.0,4.2,0.024,0.056,0.039,0.0,0.0,0.6,0.607,0.267,0.278,101.75,101.2,84.33,101.2,0.192,75,11.0,20.0,56,52,52,8,8,8,20,21,21,54,54,63,45,66,68,1,1,32,35,11,12,60,63,63,10,3,5,24,43,0,1,3,2,2,0.042,0.083,7,2,4,0.5,1,2,0.5,5,0.714,1,0.143,0,0.0,0,0.0,1,0.143,28,51,41,2.0,2.32,1.9,0.549,1,0,1,2.0,0.0,2.0,1.0,0.0,1.0,3.0,0.333,0.0,0.333,7.9,0.0,2.0,0.0,3.0,0.667,0.0,0.667,18.8,1.0,2.0,0.333,6.0,0.5,0.0,0.5,15.1,1.0,0.15,2.0,3.0,0.667,0.667,0.15,2.0,3.0,0.667,0.0,0.0,0.0,,0.2,2.0,4.0,0.5,0.5,0.15,2.0,3.0,0.667,0.05,0.0,1.0,0.0,0.3,3.0,6.0,0.5,0.583,0.1,2.0,2.0,1.0,0.2,1.0,4.0,0.25,0.35,4.0,7.0,0.571,0.643,0.15,3.0,3.0,1.0,0.2,1.0,4.0,0.25,1,5,0.2,2,0.0,3.0,0.0,0.2,8,0.429,2,1.0,0,0.0,2,1.0,0.6,6,7,0.857,2,3,0.667,1.0,1.0,1.0,1.0,2.0,0.5,0.0,1.0,0.0,1.0,6.0,0.167,0.0,0.0,0.0,1.0,3.0,0.333,DEN,6,7,0.857,1.0,1.0,1.0,1.0,2.0,0.5,0.0,0.0,0.0,3.0,7.0,0.429,0.0,3.0,0.0,,,,,,,0.0,0.0,0.0,3,7,2.0,6.0,0.333,0.571,4.0,10.0,0.4,0.474,-0.074,0.0,2.0,0.0,0.417,-0.417,4.0,8.0,0.5,0.534,-0.034,2.0,3.0,0.667,0.69,-0.023,3.0,4.0,0.75,0.645,0.106,1.0,6.0,0.167,0.425,-0.258,5.0,4.0,1.0,3.0,0.0,0.0,0.0,2.0,1.0,3.0,0.667,0.333,0.0,1.0,1.0,1.0,0.0,0.0,1.0,1.0,0.0,0,0,0,0,0.0,0.0,0,0.0,0,0.0,0,0.0,0,0.0,14100,2.7,1.5,1.2,4.38,4.61,4.11,2019,20181021,False
201588,George Hill,George,1610612749,MIL,33.0,1,0,1,0.0,27.55,7,9,0.778,2,2,1.0,0,0,0.0,0,0,0,3,1,1,0,1,2,1,16,4,22.5,0,0,23.0,1,44,44,44,26,11,33,12,12,38,1,49,53,49,47,76,77,22,34,14,35,53,32,47,20,31,38,11,1,31,1,,119.5,125.9,125.9,119.5,119.0,119.0,0.0,6.9,6.9,0.125,3.0,23.1,0.0,0.0,0.0,7.7,7.7,0.889,0.889,0.139,0.137,103.49,101.05,84.21,101.05,0.113,58,7.0,9.0,18,11,11,61,61,61,47,35,35,36,9,23,47,76,77,36,37,9,10,62,62,54,64,64,38,11,33,47,50,0,0,7,6,3,0.064,0.064,5,0,2,0.0,0,0,0.0,0,0.0,3,0.6,0,0.0,0,0.0,0,0.0,16,59,23,3.6,3.71,2.93,0.271,1,2,2,2.0,0.0,1.0,,,,,,,,,,,,,,,,,,,,,,,,,,,,,,,,,,,,,,,0.444,2.0,4.0,0.5,0.5,0.444,2.0,4.0,0.5,0.0,0.0,0.0,,0.333,3.0,3.0,1.0,1.0,0.333,3.0,3.0,1.0,0.0,0.0,0.0,,0.222,2.0,2.0,1.0,1.5,0.0,0.0,0.0,,0.222,2.0,2.0,1.0,2,3,0.667,4,0.0,0.0,,0.667,8,1.0,2,1.0,0,0.0,2,1.0,0.889,2,3,0.667,0,1,0.0,3.0,3.0,1.0,2.0,2.0,1.0,0.0,0.0,0.0,0.0,0.0,0.0,0.0,0.0,0.0,2.0,2.0,1.0,MIL,2,3,0.667,0.0,0.0,0.0,1.0,2.0,0.5,2.0,2.0,1.0,2.0,2.0,1.0,0.0,0.0,0.0,0.0,0.0,0.0,0.0,0.0,0.0,0.0,0.0,0.0,3,3,2.0,2.0,1.0,1.333,4.0,10.0,0.4,0.437,-0.037,2.0,5.0,0.4,0.317,0.083,2.0,5.0,0.4,0.51,-0.11,2.0,4.0,0.5,0.566,-0.066,2.0,5.0,0.4,0.542,-0.142,2.0,5.0,0.4,0.313,0.087,7.0,3.0,4.0,1.0,0.0,0.0,0.0,0.0,0.0,0.0,0.0,0.0,0.0,3.0,3.0,1.0,0.0,0.0,1.0,0.5,0.0,0,0,0,0,0.0,0.0,2,1.0,2,1.0,0,0.0,0,0.0,11028,2.1,1.2,0.9,4.29,4.81,3.76,2019,20181021,False
101123,Gerald Green,Gerald,1610612745,HOU,33.0,1,0,1,0.0,21.343333333333334,4,8,0.5,2,6,0.333,1,1,1.0,2,2,4,1,2,0,0,0,1,1,11,-8,15.3,0,0,18.0,1,44,44,44,53,34,35,34,12,11,25,38,48,1,13,46,35,47,13,46,35,1,15,47,34,68,56,11,1,45,1,100.0,108.6,108.5,108.5,128.5,125.5,125.5,-19.9,-17.0,-17.0,0.071,0.5,9.1,0.083,0.111,0.095,18.2,17.5,0.625,0.652,0.192,0.209,104.44,105.7,88.08,105.7,0.08,47,4.0,8.0,36,35,35,74,70,70,66,64,64,50,48,54,16,40,28,72,72,29,30,39,36,49,41,41,51,34,35,22,20,0,1,1,3,2,0.045,0.091,3,1,1,1.0,0,0,0.0,2,0.667,1,0.333,0,0.0,1,0.333,0,0.0,11,32,27,1.0,1.83,0.72,0.344,0,0,1,0.0,0.0,0.0,1.0,1.0,0.5,3.0,0.667,0.0,0.667,8.7,0.0,2.0,0.0,3.0,0.667,0.0,0.667,7.9,1.0,3.0,0.25,6.0,0.667,0.0,0.667,8.3,,,,,,,,,,,,,,,0.375,1.0,3.0,0.333,0.333,0.125,1.0,1.0,1.0,0.25,0.0,2.0,0.0,0.25,1.0,2.0,0.5,0.5,0.125,1.0,1.0,1.0,0.125,0.0,1.0,0.0,0.375,2.0,3.0,0.667,1.0,0.0,0.0,0.0,,0.375,2.0,3.0,0.667,0,1,0.0,0,0.0,1.0,0.0,0.0,6,0.4,0,0.0,0,0.0,0,0.0,0.625,2,2,1.0,0,0,0.0,0.0,0.0,0.0,0.0,1.0,0.0,1.0,2.0,0.5,1.0,3.0,0.333,0.0,0.0,0.0,1.0,3.0,0.333,HOU,2,2,1.0,0.0,0.0,0.0,0.0,0.0,0.0,0.0,0.0,0.0,2.0,4.0,0.5,0.0,2.0,0.0,0.0,0.0,0.0,0.0,0.0,0.0,0.0,0.0,0.0,2,5,2.0,5.0,0.4,0.6,3.0,7.0,0.429,0.474,-0.045,1.0,1.0,1.0,0.333,0.667,2.0,6.0,0.333,0.508,-0.174,0.0,2.0,0.0,0.479,-0.479,0.0,3.0,0.0,0.549,-0.549,2.0,2.0,1.0,0.417,0.583,8.0,7.0,1.0,0.0,0.0,0.0,0.0,0.0,0.0,0.0,0.0,0.0,0.0,0.0,0.0,0.0,0.0,0.0,0.0,0.0,0.0,0,0,0,0,0.0,0.0,0,0.0,0,0.0,0,0.0,0,0.0,8596,1.6,0.9,0.7,4.18,4.55,3.77,2019,20181021,False
1628977,Hamidou Diallo,Hamidou,1610612760,OKC,20.0,1,0,1,0.0,21.09,5,7,0.714,1,2,0.5,0,0,0.0,1,0,1,2,1,2,0,0,3,1,11,0,20.2,0,0,19.0,1,44,44,44,54,26,42,14,22,38,13,49,53,49,22,76,69,31,34,7,35,1,45,47,34,42,43,11,1,43,1,112.0,112.6,108.5,108.5,111.5,110.9,110.9,1.1,-2.4,-2.4,0.143,2.0,20.0,0.04,0.0,0.02,10.0,10.0,0.786,0.786,0.138,0.147,103.56,105.83,88.19,105.83,0.127,47,5.0,7.0,27,35,35,55,50,50,45,48,48,34,17,29,30,76,75,45,48,16,17,63,61,53,40,40,31,26,42,12,14,1,0,4,7,3,0.167,0.25,0,0,0,0.0,0,0,0.0,0,0.0,0,0.0,0,0.0,0,0.0,0,0.0,11,20,14,0.7,1.98,1.4,0.55,0,0,1,0.0,0.0,0.0,0.0,1.0,0.0,1.0,1.0,0.0,1.0,19.4,0.0,0.0,0.0,1.0,0.0,0.0,0.0,0.0,0.0,1.0,0.0,2.0,0.5,0.0,0.5,19.4,,,,,,,,,,,,,,,0.429,3.0,3.0,1.0,1.0,0.429,3.0,3.0,1.0,0.0,0.0,0.0,,0.429,2.0,3.0,0.667,0.833,0.286,1.0,2.0,0.5,0.143,1.0,1.0,1.0,0.143,0.0,1.0,0.0,0.0,0.0,0.0,0.0,,0.143,0.0,1.0,0.0,0,0,,0,0.0,0.0,,,3,0.5,0,0.0,0,0.0,0,0.0,0.786,4,5,0.8,0,0,0.0,0.0,0.0,0.0,1.0,1.0,1.0,0.0,1.0,0.0,0.0,0.0,0.0,0.0,0.0,0.0,1.0,2.0,0.5,OKC,4,5,0.8,0.0,0.0,0.0,0.0,0.0,0.0,0.0,0.0,0.0,1.0,2.0,0.5,0.0,0.0,0.0,,,,,,,0.0,0.0,0.0,1,2,1.0,2.0,0.5,0.75,2.0,4.0,0.5,0.47,0.031,,,,,,2.0,4.0,0.5,0.498,0.003,,,,,,1.0,2.0,0.5,0.563,-0.063,,,,,,1.0,1.0,0.0,2.0,0.0,0.0,0.0,1.0,1.0,2.0,0.5,0.5,0.0,0.0,0.0,0.0,0.0,0.0,0.0,0.0,0.0,0,0,0,0,0.0,0.0,0,0.0,0,0.0,0,0.0,0,0.0,8638,1.6,0.9,0.8,4.22,4.78,4.18,2019,20181021,False
1628385,Harry Giles III,Harry,1610612758,SAC,21.0,1,1,0,1.0,16.766666666666666,4,10,0.4,0,0,0.0,0,0,0.0,1,5,6,2,1,1,2,0,4,2,8,2,26.2,0,0,22.0,1,1,1,1,61,34,30,48,41,63,41,49,53,49,22,16,15,31,34,14,5,1,67,31,46,36,27,11,1,35,1,110.0,107.4,110.0,110.0,93.9,102.4,102.4,13.5,7.6,7.6,0.154,2.0,15.4,0.071,0.192,0.15,7.7,7.7,0.4,0.4,0.262,0.256,122.64,115.94,96.62,115.94,0.099,40,4.0,10.0,39,32,32,16,30,30,25,33,33,29,17,38,21,19,12,36,37,55,63,13,21,3,12,12,41,34,30,25,25,0,0,4,5,2,0.08,0.08,1,0,1,0.0,0,0,0.0,0,0.0,0,0.0,0,0.0,0,0.0,0,0.0,8,38,26,1.4,2.16,0.68,0.211,9,5,6,0.444,0.0,0.333,1.0,0.0,1.0,2.0,0.5,0.0,0.5,2.0,1.0,4.0,0.2,11.0,0.455,1.0,0.5,9.5,2.0,4.0,0.333,13.0,0.462,1.0,0.5,8.2,1.0,0.2,1.0,2.0,0.5,0.5,0.2,1.0,2.0,0.5,0.0,0.0,0.0,,0.4,1.0,4.0,0.25,0.25,0.4,1.0,4.0,0.25,0.0,0.0,0.0,,0.3,1.0,3.0,0.333,0.333,0.3,1.0,3.0,0.333,0.0,0.0,0.0,,0.1,1.0,1.0,1.0,1.0,0.1,1.0,1.0,1.0,0.0,0.0,0.0,,1,3,0.333,2,,,,0.333,2,0.5,2,0.2,0,0.0,4,0.5,0.4,0,2,0.0,3,5,0.6,1.0,3.0,0.333,,,,0.0,0.0,0.0,0.0,0.0,0.0,0.0,0.0,0.0,0.0,0.0,0.0,SAC,0,2,0.0,3.0,3.0,1.0,1.0,5.0,0.2,0.0,0.0,0.0,0.0,0.0,0.0,0.0,0.0,0.0,0.0,0.0,0.0,,,,0.0,0.0,0.0,1,1,,,,1.0,2.0,5.0,0.4,0.563,-0.163,,,,,,2.0,5.0,0.4,0.575,-0.175,2.0,4.0,0.5,0.637,-0.137,2.0,4.0,0.5,0.608,-0.108,,,,,,5.0,5.0,0.0,0.0,0.0,2.0,4.0,0.0,1.0,1.0,0.0,1.0,0.0,7.0,7.0,6.0,1.0,0.0,1.0,1.0,0.167,0,3,0,0,0.0,0.0,2,0.4,1,0.2,0,0.0,0,0.0,6852,1.3,0.7,0.6,4.3,4.24,4.37,2019,20181021,False
202697,Iman Shumpert,Iman,1610612745,HOU,29.0,1,1,0,1.0,30.19333333333333,9,13,0.692,4,7,0.571,4,5,0.8,0,3,3,4,2,3,2,1,4,2,26,9,48.6,0,0,47.0,1,1,1,1,24,8,19,15,4,9,12,10,12,28,47,33,45,10,13,2,5,53,67,31,7,15,4,11,1,4,1,100.0,125.6,127.4,127.4,105.3,115.1,115.1,20.3,12.3,12.3,0.148,2.0,19.0,0.0,0.068,0.046,9.5,9.4,0.846,0.855,0.227,0.226,122.28,116.05,96.71,116.05,0.166,73,9.0,13.0,9,9,9,43,58,58,14,24,24,33,17,33,47,61,61,44,45,10,11,24,27,5,10,10,16,8,19,33,42,0,1,4,8,5,0.121,0.152,4,0,1,0.0,0,0,0.0,0,0.0,3,0.75,1,0.25,0,0.0,0,0.0,26,53,30,2.8,3.19,2.51,0.491,2,0,1,1.0,0.0,2.0,0.0,0.0,0.0,2.0,0.0,0.0,0.0,0.0,0.0,3.0,0.0,11.0,0.273,0.0,0.273,8.2,0.0,3.0,0.0,12.0,0.25,0.0,0.25,8.2,,,,,,,,,,,,,,,0.154,1.0,2.0,0.5,0.5,0.154,1.0,2.0,0.5,0.0,0.0,0.0,,0.462,4.0,6.0,0.667,0.833,0.154,2.0,2.0,1.0,0.308,2.0,4.0,0.5,0.385,4.0,5.0,0.8,1.0,0.154,2.0,2.0,1.0,0.231,2.0,3.0,0.667,5,6,0.833,12,2.0,3.0,0.667,1.0,6,0.5,2,1.0,0,0.0,2,1.0,0.846,2,3,0.667,0,0,0.0,3.0,3.0,1.0,0.0,0.0,0.0,1.0,1.0,1.0,3.0,6.0,0.5,0.0,0.0,0.0,1.0,1.0,1.0,HOU,2,3,0.667,0.0,0.0,0.0,1.0,1.0,1.0,2.0,2.0,1.0,3.0,5.0,0.6,1.0,2.0,0.5,0.0,0.0,0.0,0.0,0.0,0.0,0.0,0.0,0.0,2,4,2.0,4.0,0.5,0.75,5.0,10.0,0.5,0.439,0.061,0.0,2.0,0.0,0.316,-0.316,5.0,8.0,0.625,0.5,0.125,5.0,6.0,0.833,0.607,0.227,5.0,7.0,0.714,0.584,0.13,0.0,2.0,0.0,0.326,-0.326,6.0,5.0,1.0,4.0,0.0,0.0,0.0,0.0,1.0,1.0,0.0,1.0,0.0,4.0,4.0,2.0,0.0,0.0,1.0,1.0,0.0,0,0,0,0,0.0,0.0,0,0.0,0,0.0,0,0.0,0,0.0,13025,2.5,1.4,1.1,4.63,5.03,4.21,2019,20181021,False
1628392,Isaiah Hartenstein,Isaiah,1610612745,HOU,21.0,1,0,1,0.0,9.383333333333333,3,3,1.0,0,0,0.0,0,0,0.0,0,1,1,0,2,1,1,0,3,0,6,-7,11.2,0,0,11.0,1,44,44,44,75,43,67,1,41,63,41,49,53,49,47,60,69,64,13,14,10,1,45,67,53,66,65,11,1,64,1,100.0,109.5,104.5,104.5,125.2,130.4,130.4,-15.7,-25.9,-25.9,0.0,0.0,0.0,0.0,0.167,0.067,40.0,40.0,1.0,1.0,0.227,0.238,115.0,115.1,95.91,115.1,0.064,22,3.0,3.0,34,43,43,71,76,76,60,70,70,64,54,64,47,22,48,85,85,2,4,23,24,13,13,13,57,43,67,12,6,0,0,1,0,0,0.0,0.0,0,0,0,0.0,0,0,0.0,0,0.0,0,0.0,0,0.0,0,0.0,0,0.0,6,17,6,0.4,1.33,0.12,0.353,2,0,4,1.0,0.0,1.5,0.0,0.0,0.0,1.0,0.0,0.0,0.0,0.0,0.0,1.0,0.0,2.0,0.5,0.0,0.5,24.1,0.0,1.0,0.0,3.0,0.333,0.0,0.333,24.1,1.0,0.333,1.0,1.0,1.0,1.0,0.333,1.0,1.0,1.0,0.0,0.0,0.0,,0.333,1.0,1.0,1.0,1.0,0.333,1.0,1.0,1.0,0.0,0.0,0.0,,0.333,1.0,1.0,1.0,1.0,0.333,1.0,1.0,1.0,0.0,0.0,0.0,,,,,,,,,,,,,,,0,0,,0,,,,,0,0.0,6,1.0,0,0.0,2,1.0,1.0,3,3,1.0,0,0,0.0,0.0,0.0,0.0,,,,0.0,0.0,0.0,0.0,0.0,0.0,0.0,0.0,0.0,0.0,0.0,0.0,HOU,3,3,1.0,0.0,0.0,0.0,0.0,0.0,0.0,0.0,0.0,0.0,0.0,0.0,0.0,0.0,0.0,0.0,,,,,,,0.0,0.0,0.0,0,0,,,,,3.0,8.0,0.375,0.448,-0.073,0.0,3.0,0.0,0.393,-0.393,3.0,5.0,0.6,0.494,0.106,2.0,3.0,0.667,0.584,0.083,2.0,3.0,0.667,0.553,0.114,1.0,5.0,0.2,0.391,-0.191,7.0,4.0,3.0,0.0,0.0,2.0,4.0,1.0,1.0,2.0,0.5,0.5,1.0,2.0,3.0,0.0,0.0,0.333,0.667,0.0,0.0,0,0,0,0,0.0,0.0,0,0.0,0,0.0,0,0.0,0,0.0,4131,0.8,0.4,0.4,4.82,4.99,4.65,2019,20181021,False
1627750,Jamal Murray,Jamal,1610612743,DEN,22.0,1,1,0,1.0,26.4,0,9,0.0,0,5,0.0,3,4,0.75,0,2,2,2,0,0,0,0,5,3,3,-16,8.4,0,0,7.0,1,1,1,1,34,76,33,76,41,18,41,16,17,30,47,46,58,31,64,46,35,1,81,23,69,79,68,11,1,70,1,101.0,88.4,87.3,87.3,115.4,114.3,114.3,-27.0,-27.0,-27.0,0.143,0.0,15.4,0.0,0.1,0.038,0.0,0.0,0.0,0.139,0.169,0.175,99.82,100.91,84.09,100.91,-0.1,55,0.0,9.0,77,77,77,59,56,56,73,72,72,34,54,38,47,46,70,1,1,76,77,48,49,74,65,65,82,76,33,55,63,0,0,6,5,2,0.036,0.036,6,0,2,0.0,3,4,0.75,3,0.5,2,0.333,0,0.0,0,0.0,2,0.333,3,67,31,5.2,4.68,4.3,0.045,1,0,1,0.0,0.0,0.0,0.0,0.0,0.0,1.0,0.0,0.0,0.0,0.0,0.0,2.0,0.0,4.0,0.5,0.0,0.5,6.6,0.0,2.0,0.0,5.0,0.4,0.0,0.4,6.6,,,,,,,,,,,,,,,0.222,0.0,2.0,0.0,0.0,0.222,0.0,2.0,0.0,0.0,0.0,0.0,,0.333,0.0,3.0,0.0,0.0,0.111,0.0,1.0,0.0,0.222,0.0,2.0,0.0,0.444,0.0,4.0,0.0,0.0,0.111,0.0,1.0,0.0,0.333,0.0,3.0,0.0,0,4,0.0,0,0.0,3.0,0.0,0.0,0,0.0,0,0.0,0,0.0,0,0.0,0.0,0,1,0.0,0,2,0.0,0.0,1.0,0.0,0.0,0.0,0.0,0.0,0.0,0.0,0.0,5.0,0.0,0.0,0.0,0.0,0.0,0.0,0.0,DEN,0,2,0.0,0.0,1.0,0.0,0.0,0.0,0.0,0.0,1.0,0.0,0.0,2.0,0.0,0.0,3.0,0.0,,,,,,,0.0,0.0,0.0,0,2,0.0,2.0,0.0,0.0,4.0,8.0,0.5,0.464,0.036,4.0,7.0,0.571,0.423,0.148,0.0,1.0,0.0,0.524,-0.524,0.0,1.0,0.0,0.593,-0.593,0.0,1.0,0.0,0.57,-0.57,4.0,7.0,0.571,0.428,0.143,6.0,1.0,5.0,1.0,0.0,0.0,0.0,0.0,1.0,1.0,0.0,1.0,0.0,1.0,1.0,0.0,0.0,0.0,1.0,0.0,0.0,0,0,0,0,0.0,0.0,0,0.0,0,0.0,0,0.0,0,0.0,11094,2.1,1.2,0.9,4.5,4.6,4.37,2019,20181021,False
203516,James Ennis III,James,1610612755,PHI,28.0,1,0,1,0.0,22.85,2,5,0.4,2,4,0.5,0,0,0.0,2,1,3,1,1,0,0,0,4,0,6,13,10.1,0,0,12.0,1,44,44,44,49,54,54,48,12,26,13,49,53,49,13,60,45,47,34,46,35,1,67,67,53,10,66,11,1,60,1,,122.5,121.3,121.3,96.4,97.8,97.8,26.1,23.5,23.5,0.048,1.0,14.3,0.095,0.042,0.067,14.3,14.3,0.6,0.6,0.113,0.116,96.8,96.63,80.53,96.63,0.011,47,2.0,5.0,13,17,17,20,24,24,11,11,11,60,33,41,12,72,48,65,65,32,38,70,69,82,83,83,71,54,54,13,11,0,0,1,2,1,0.077,0.077,1,0,0,0.0,0,0,0.0,0,0.0,1,1.0,1,1.0,0,0.0,0,0.0,6,19,14,0.6,1.9,1.32,0.316,1,0,1,0.0,0.0,0.0,1.0,1.0,0.5,3.0,0.667,0.0,0.667,11.9,0.0,1.0,0.0,3.0,0.333,0.0,0.333,8.4,1.0,2.0,0.333,6.0,0.5,0.0,0.5,10.7,,,,,,,,,,,,,,,0.2,0.0,1.0,0.0,0.0,0.2,0.0,1.0,0.0,0.0,0.0,0.0,,0.2,1.0,1.0,1.0,1.5,0.0,0.0,0.0,,0.2,1.0,1.0,1.0,0.6,1.0,3.0,0.333,0.5,0.0,0.0,0.0,,0.6,1.0,3.0,0.333,0,0,,0,0.0,0.0,,,6,0.5,0,0.0,0,0.0,0,0.0,0.6,0,1,0.0,0,0,0.0,0.0,0.0,0.0,0.0,0.0,0.0,2.0,2.0,1.0,0.0,2.0,0.0,0.0,0.0,0.0,2.0,2.0,1.0,PHI,0,1,0.0,0.0,0.0,0.0,0.0,0.0,0.0,0.0,0.0,0.0,2.0,2.0,1.0,0.0,2.0,0.0,,,,,,,0.0,0.0,0.0,2,4,2.0,4.0,0.5,0.75,5.0,7.0,0.714,0.531,0.183,1.0,1.0,1.0,0.419,0.581,4.0,6.0,0.667,0.557,0.11,2.0,4.0,0.5,0.621,-0.121,4.0,6.0,0.667,0.589,0.078,1.0,1.0,1.0,0.405,0.595,4.0,3.0,1.0,1.0,0.0,0.0,0.0,2.0,0.0,2.0,1.0,0.0,0.0,3.0,3.0,3.0,0.0,0.0,1.0,1.0,0.0,0,0,0,0,0.0,0.0,0,0.0,0,0.0,0,0.0,0,0.0,8813,1.7,0.9,0.8,4.28,4.75,3.84,2019,20181021,False
201935,James Harden,James,1610612745,HOU,29.0,1,0,1,0.0,39.75,11,26,0.423,4,12,0.333,5,6,0.833,0,4,4,14,3,2,0,3,1,9,31,5,59.8,1,0,57.0,1,44,44,44,2,3,1,47,4,3,25,6,8,27,47,22,35,1,7,7,35,82,15,1,3,26,1,1,1,1,1,100.0,114.7,117.3,117.3,111.4,112.5,112.5,3.3,4.8,4.8,0.538,4.67,31.1,0.0,0.103,0.053,6.7,6.6,0.5,0.541,0.352,0.364,98.8,97.21,81.01,97.21,0.175,81,11.0,26.0,23,23,23,54,53,53,39,38,38,1,3,11,47,44,56,30,30,43,47,2,2,79,82,82,13,3,1,54,83,1,3,21,32,18,0.259,0.333,28,6,10,0.6,3,4,0.75,16,0.571,13,0.464,8,0.286,1,0.036,2,0.071,31,92,19,10.7,6.96,6.85,0.337,0,2,0,0.0,0.0,0.0,0.0,0.0,0.0,1.0,0.0,0.0,0.0,0.0,0.0,4.0,0.0,6.0,0.667,1.0,0.8,8.8,0.0,4.0,0.0,7.0,0.571,1.0,0.667,8.8,1.0,0.154,1.0,4.0,0.25,0.375,0.115,0.0,3.0,0.0,0.038,1.0,1.0,1.0,0.577,8.0,15.0,0.533,0.567,0.423,7.0,11.0,0.636,0.154,1.0,4.0,0.25,0.192,2.0,5.0,0.4,0.6,0.0,0.0,0.0,,0.192,2.0,5.0,0.4,0.077,0.0,2.0,0.0,0.0,0.0,0.0,0.0,,0.077,0.0,2.0,0.0,4,14,0.286,12,4.0,12.0,0.333,0.429,0,0.0,0,0.0,0,0.0,0,0.0,0.5,4,9,0.444,2,2,1.0,1.0,3.0,0.333,0.0,0.0,0.0,0.0,1.0,0.0,4.0,11.0,0.364,0.0,0.0,0.0,0.0,1.0,0.0,HOU,4,9,0.444,1.0,1.0,1.0,2.0,3.0,0.667,0.0,0.0,0.0,1.0,3.0,0.333,3.0,10.0,0.3,0.0,0.0,0.0,0.0,0.0,0.0,0.0,0.0,0.0,0,0,0.0,0.0,,,7.0,13.0,0.538,0.458,0.081,0.0,4.0,0.0,0.394,-0.394,7.0,9.0,0.778,0.49,0.288,7.0,8.0,0.875,0.567,0.309,7.0,8.0,0.875,0.529,0.346,0.0,5.0,0.0,0.405,-0.405,4.0,4.0,0.0,5.0,0.0,1.0,3.0,0.0,1.0,1.0,0.0,1.0,0.0,0.0,0.0,0.0,0.0,0.0,0.0,0.0,0.0,0,0,0,0,0.0,0.0,2,1.0,0,0.0,0,0.0,0,0.0,13349,2.5,1.4,1.2,3.58,4.19,3.3,2019,20181021,False
1629121,Jaylen Adams,Jaylen,1610612737,ATL,23.0,1,1,0,1.0,0.8966666666666666,0,0,0.0,0,0,0.0,0,0,0.0,0,0,0,0,0,0,0,0,0,0,0,1,0.0,0,0,0.0,1,1,1,1,85,76,84,76,41,63,41,49,53,49,47,76,77,64,64,46,35,1,1,67,78,38,81,11,1,81,1,106.0,150.0,100.0,100.0,100.0,100.0,100.0,50.0,0.0,0.0,0.0,0.0,0.0,0.0,0.0,0.0,0.0,0.0,0.0,0.0,0.0,0.0,107.06,133.83,111.52,133.83,0.0,3,0.0,0.0,1,52,52,26,25,25,2,44,44,64,54,64,47,76,77,1,1,76,78,85,85,39,2,2,76,76,84,2,2,0,0,0,0,0,0.0,0.0,0,0,0,0.0,0,0,0.0,0,0.0,0,0.0,0,0.0,0,0.0,0,0.0,0,2,0,0.2,5.18,4.5,0.0,0,0,0,0.0,0.0,0.0,,,,,,,,,,,,,,,,,,,,,,,,,,,,,,,,,,,,,,,,,,,,,,,,,,,,,,,,,,,,,,,,,,,,,,,,,,,,,,0,0,,0,,,,,0,0.0,0,0.0,0,0.0,0,0.0,0.0,0,0,0.0,0,0,0.0,,,,,,,,,,0.0,0.0,0.0,,,,,,,ATL,0,0,0.0,,,,,,,,,,,,,0.0,0.0,0.0,,,,,,,,,,0,0,,,,,1.0,2.0,0.5,0.492,0.009,0.0,1.0,0.0,0.402,-0.402,1.0,1.0,1.0,0.553,0.447,1.0,1.0,1.0,0.621,0.379,1.0,1.0,1.0,0.579,0.421,0.0,1.0,0.0,0.39,-0.39,1.0,0.0,1.0,0.0,0.0,0.0,0.0,0.0,0.0,0.0,0.0,0.0,0.0,0.0,0.0,0.0,0.0,0.0,0.0,0.0,0.0,0,0,0,0,0.0,0.0,0,0.0,0,0.0,0,0.0,0,0.0,335,0.1,0.0,0.0,5.89,0.0,0.0,2019,20181021,False
203924,Jerami Grant,Jerami,1610612760,OKC,25.0,1,0,1,0.0,27.783333333333335,3,12,0.25,0,5,0.0,1,2,0.5,2,1,3,1,1,1,2,2,3,2,7,-1,20.1,0,0,17.0,1,44,44,44,25,43,22,66,41,18,41,38,30,37,13,60,45,47,34,14,5,75,45,31,51,49,44,11,1,47,1,112.0,101.3,103.1,103.1,108.0,106.3,106.3,-6.7,-3.2,-3.2,0.043,1.0,6.7,0.059,0.032,0.046,6.7,6.7,0.25,0.272,0.177,0.185,109.88,109.71,91.42,109.71,-0.019,64,3.0,12.0,55,48,48,47,40,40,54,49,49,61,33,60,24,75,61,30,31,66,72,45,43,29,30,30,78,43,22,36,28,0,0,2,3,1,0.028,0.028,4,1,4,0.25,0,0,0.0,2,0.5,0,0.0,0,0.0,0,0.0,0,0.0,7,54,28,1.3,1.43,0.5,0.13,1,1,6,0.0,2.0,0.167,1.0,1.0,0.5,6.0,0.333,0.0,0.333,3.4,0.0,1.0,0.0,6.0,0.167,1.0,0.2,3.5,1.0,2.0,0.333,11.0,0.273,1.0,0.3,3.4,1.0,0.25,0.0,3.0,0.0,0.0,0.25,0.0,3.0,0.0,0.0,0.0,0.0,,0.333,3.0,4.0,0.75,0.75,0.333,3.0,4.0,0.75,0.0,0.0,0.0,,0.083,0.0,1.0,0.0,0.0,0.0,0.0,0.0,,0.083,0.0,1.0,0.0,0.333,0.0,4.0,0.0,0.0,0.0,0.0,0.0,,0.333,0.0,4.0,0.0,0,0,,0,0.0,0.0,,,0,0.0,1,0.0,2,1.0,0,0.0,0.25,3,7,0.429,0,0,0.0,0.0,0.0,0.0,0.0,0.0,0.0,0.0,2.0,0.0,0.0,3.0,0.0,0.0,0.0,0.0,0.0,2.0,0.0,OKC,3,7,0.429,0.0,0.0,0.0,0.0,0.0,0.0,0.0,0.0,0.0,0.0,3.0,0.0,0.0,2.0,0.0,0.0,0.0,0.0,0.0,0.0,0.0,0.0,0.0,0.0,0,5,0.0,5.0,0.0,0.0,4.0,10.0,0.4,0.483,-0.083,1.0,3.0,0.333,0.396,-0.062,3.0,7.0,0.429,0.535,-0.106,2.0,3.0,0.667,0.586,0.08,2.0,5.0,0.4,0.567,-0.167,1.0,4.0,0.25,0.389,-0.139,7.0,6.0,1.0,1.0,0.0,0.0,0.0,0.0,0.0,0.0,0.0,0.0,0.0,5.0,5.0,2.0,0.0,0.0,1.0,0.667,0.0,1,1,0,0,0.0,2.0,0,0.0,0,0.0,0,0.0,0,0.0,11291,2.1,1.1,1.0,4.18,4.68,3.75,2019,20181021,False
202391,Jeremy Lin,Jeremy,1610612761,TOR,30.0,1,1,0,1.0,9.688333333333333,0,4,0.0,0,1,0.0,0,0,0.0,0,1,1,0,1,0,0,0,1,1,0,6,0.2,0,0,1.0,1,1,1,1,74,76,60,76,41,47,41,49,53,49,47,60,69,64,34,46,35,1,15,47,78,20,80,11,1,79,1,,110.9,109.1,109.1,81.1,75.0,75.0,29.8,34.1,34.1,0.0,0.0,0.0,0.0,0.083,0.042,20.0,20.0,0.0,0.0,0.2,0.203,108.6,113.95,94.96,113.95,-0.167,22,0.0,4.0,32,33,33,7,5,5,9,4,4,64,54,64,47,56,66,73,74,76,78,33,38,34,18,18,83,76,60,14,18,0,0,3,0,0,0.0,0.0,6,0,3,0.0,0,0,0.0,0,0.0,3,0.5,0,0.0,0,0.0,0,0.0,0,20,9,1.2,3.61,3.45,0.0,0,0,0,0.0,0.0,0.0,0.0,0.0,0.0,0.0,0.0,0.0,0.0,0.0,0.0,1.0,0.0,2.0,0.5,0.0,0.5,5.8,0.0,1.0,0.0,2.0,0.5,0.0,0.5,5.8,1.0,0.5,0.0,2.0,0.0,0.0,0.5,0.0,2.0,0.0,0.0,0.0,0.0,,0.25,0.0,1.0,0.0,0.0,0.25,0.0,1.0,0.0,0.0,0.0,0.0,,,,,,,,,,,,,,,0.25,0.0,1.0,0.0,0.0,0.0,0.0,0.0,,0.25,0.0,1.0,0.0,0,0,,0,0.0,0.0,,,0,0.0,0,0.0,0,0.0,0,0.0,0.0,0,1,0.0,0,2,0.0,0.0,0.0,0.0,0.0,0.0,0.0,0.0,0.0,0.0,0.0,1.0,0.0,0.0,0.0,0.0,0.0,0.0,0.0,TOR,0,1,0.0,0.0,2.0,0.0,0.0,0.0,0.0,0.0,0.0,0.0,0.0,0.0,0.0,0.0,1.0,0.0,,,,,,,0.0,0.0,0.0,0,1,0.0,1.0,0.0,0.0,3.0,5.0,0.6,0.47,0.13,,,,,,3.0,5.0,0.6,0.52,0.08,3.0,5.0,0.6,0.606,-0.006,3.0,5.0,0.6,0.56,0.04,,,,,,1.0,1.0,0.0,1.0,0.0,0.0,0.0,0.0,0.0,0.0,0.0,0.0,0.0,0.0,0.0,0.0,0.0,0.0,0.0,0.0,0.0,0,0,0,0,0.0,0.0,0,0.0,0,0.0,0,0.0,0,0.0,4242,0.8,0.4,0.4,4.6,4.85,4.39,2019,20181021,False
201973,Jonas Jerebko,Jonas,1610612744,GSW,32.0,1,0,1,0.0,11.471666666666666,1,3,0.333,0,1,0.0,3,3,1.0,1,1,2,0,1,0,0,0,2,2,5,4,6.4,0,0,7.0,1,44,44,44,70,64,67,59,41,47,41,16,24,1,22,60,58,64,34,46,35,1,32,31,57,31,72,11,1,70,1,100.0,84.7,84.6,84.6,76.1,75.0,75.0,8.6,9.6,9.6,0.0,0.0,0.0,0.077,0.063,0.069,20.0,18.8,0.333,0.579,0.172,0.19,103.77,104.61,87.17,104.61,0.073,26,1.0,3.0,80,79,79,5,5,5,31,29,29,64,54,64,18,62,47,73,73,64,40,47,41,51,45,45,53,64,67,14,11,0,0,1,0,0,0.0,0.0,1,0,1,0.0,0,0,0.0,0,0.0,0,0.0,0,0.0,0,0.0,0,0.0,5,20,12,0.5,1.42,0.35,0.25,2,0,2,1.0,0.0,1.0,1.0,0.0,1.0,4.0,0.25,0.0,0.25,11.3,1.0,0.0,1.0,3.0,0.333,0.0,0.333,6.4,2.0,0.0,1.0,7.0,0.286,0.0,0.286,8.9,,,,,,,,,,,,,,,0.333,0.0,1.0,0.0,0.0,0.333,0.0,1.0,0.0,0.0,0.0,0.0,,,,,,,,,,,,,,,0.667,1.0,2.0,0.5,0.5,0.333,1.0,1.0,1.0,0.333,0.0,1.0,0.0,0,0,,0,0.0,0.0,,,2,0.5,2,1.0,0,0.0,2,1.0,0.333,0,1,0.0,0,0,0.0,1.0,1.0,1.0,0.0,0.0,0.0,0.0,0.0,0.0,0.0,1.0,0.0,0.0,0.0,0.0,0.0,0.0,0.0,GSW,0,1,0.0,0.0,0.0,0.0,0.0,0.0,0.0,1.0,1.0,1.0,0.0,0.0,0.0,0.0,1.0,0.0,,,,0.0,0.0,0.0,0.0,0.0,0.0,1,2,0.0,1.0,0.0,0.5,2.0,5.0,0.4,0.485,-0.085,0.0,2.0,0.0,0.308,-0.308,2.0,3.0,0.667,0.559,0.107,2.0,2.0,1.0,0.651,0.35,2.0,2.0,1.0,0.608,0.393,0.0,2.0,0.0,0.335,-0.335,3.0,2.0,1.0,0.0,0.0,0.0,0.0,1.0,0.0,1.0,1.0,0.0,0.0,3.0,3.0,1.0,0.0,0.0,1.0,1.0,0.0,0,0,0,0,0.0,0.0,0,0.0,0,0.0,0,0.0,0,0.0,4619,0.9,0.5,0.4,4.34,4.53,4.13,2019,20181021,False
1628395,Jordan Bell,Jordan,1610612744,GSW,24.0,1,0,1,0.0,3.4833333333333334,0,0,0.0,0,0,0.0,2,2,1.0,0,0,0,0,0,0,0,0,1,1,2,1,2.0,0,0,2.0,1,44,44,44,79,76,84,76,41,63,41,27,30,1,47,76,77,64,64,46,35,1,15,47,74,38,78,11,1,78,1,100.0,146.3,171.4,171.4,144.0,137.5,137.5,2.4,33.9,33.9,0.0,0.0,0.0,0.0,0.0,0.0,0.0,0.0,0.0,1.136,0.111,0.096,109.14,103.35,86.12,103.35,0.063,7,0.0,0.0,3,1,1,84,81,81,42,6,6,64,54,64,47,76,77,1,1,76,2,72,73,30,52,52,59,76,84,3,2,0,0,0,0,0,0.0,0.0,0,0,0,0.0,0,0,0.0,0,0.0,0,0.0,0,0.0,0,0.0,0,0.0,2,3,2,0.1,1.77,0.33,0.667,0,0,0,0.0,0.0,0.0,,,,,,,,,,,,,,,,,,,,,,,,,,,,,,,,,,,,,,,,,,,,,,,,,,,,,,,,,,,,,,,,,,,,,,,,,,,,,,0,0,,0,,,,,0,0.0,0,0.0,0,0.0,0,0.0,0.0,0,0,0.0,0,0,0.0,0.0,0.0,0.0,0.0,0.0,0.0,0.0,0.0,0.0,0.0,0.0,0.0,,,,0.0,0.0,0.0,GSW,0,0,0.0,0.0,0.0,0.0,0.0,0.0,0.0,0.0,0.0,0.0,0.0,0.0,0.0,,,,,,,,,,,,,0,0,,,,,,,,,,,,,,,,,,,,,,,,,,,,,,,,,,,,,,,,,,,,,,,,,,,,,,,,0,0,0,0,0.0,0.0,0,0.0,0,0.0,0,0.0,0,0.0,1463,0.3,0.1,0.1,4.85,3.16,3.31,2019,20181021,False
203903,Jordan Clarkson,Jordan,1610612739,CLE,27.0,1,0,1,0.0,23.033333333333335,7,12,0.583,3,5,0.6,2,3,0.667,0,3,3,2,1,0,0,0,2,4,19,-25,24.6,0,0,27.0,1,44,44,44,48,11,22,23,8,18,10,27,24,33,47,33,45,31,34,46,35,1,32,13,16,85,32,11,1,24,1,105.0,93.4,94.3,94.3,136.8,136.4,136.4,-43.3,-42.0,-42.0,0.167,2.0,12.5,0.0,0.12,0.055,6.3,6.1,0.708,0.713,0.222,0.237,112.91,112.53,93.78,112.53,0.146,53,7.0,12.0,68,68,68,82,80,80,81,82,82,24,17,46,47,38,54,26,27,20,22,25,25,20,22,22,23,11,22,16,26,0,0,6,5,2,0.125,0.125,6,2,4,0.5,1,2,0.5,5,0.833,1,0.167,1,0.167,0,0.0,1,0.167,19,34,26,1.9,3.34,2.68,0.559,0,0,0,0.0,0.0,0.0,0.0,0.0,0.0,0.0,0.0,0.0,0.0,0.0,1.0,2.0,0.333,7.0,0.429,1.0,0.5,6.6,1.0,2.0,0.333,7.0,0.429,1.0,0.5,6.6,1.0,0.083,1.0,1.0,1.0,1.0,0.083,1.0,1.0,1.0,0.0,0.0,0.0,,0.5,3.0,6.0,0.5,0.5,0.417,3.0,5.0,0.6,0.083,0.0,1.0,0.0,0.25,2.0,3.0,0.667,1.0,0.0,0.0,0.0,,0.25,2.0,3.0,0.667,0.167,1.0,2.0,0.5,0.75,0.083,0.0,1.0,0.0,0.083,1.0,1.0,1.0,4,7,0.571,10,2.0,4.0,0.5,0.714,3,1.0,0,0.0,0,0.0,0,0.0,0.708,1,1,1.0,2,4,0.5,1.0,2.0,0.5,1.0,1.0,1.0,0.0,0.0,0.0,2.0,4.0,0.5,0.0,0.0,0.0,1.0,1.0,1.0,CLE,1,1,1.0,2.0,3.0,0.667,0.0,1.0,0.0,1.0,2.0,0.5,2.0,2.0,1.0,1.0,3.0,0.333,0.0,0.0,0.0,0.0,0.0,0.0,0.0,0.0,0.0,1,1,1.0,1.0,1.0,1.5,4.0,7.0,0.571,0.436,0.136,3.0,4.0,0.75,0.329,0.422,1.0,3.0,0.333,0.52,-0.187,1.0,1.0,1.0,0.588,0.412,1.0,3.0,0.333,0.551,-0.218,3.0,4.0,0.75,0.336,0.414,5.0,2.0,3.0,1.0,0.0,0.0,0.0,0.0,0.0,0.0,0.0,0.0,1.0,7.0,8.0,4.0,1.0,0.125,0.875,0.667,0.167,0,0,0,0,0.0,0.0,0,0.0,0,0.0,0,0.0,0,0.0,9311,1.8,1.0,0.8,4.31,4.75,3.86,2019,20181021,False
1627823,Juancho Hernangomez,Juancho,1610612743,DEN,23.0,1,1,0,1.0,23.301666666666666,3,5,0.6,2,3,0.667,0,0,0.0,0,2,2,0,0,0,1,1,0,0,8,2,13.4,0,0,14.0,1,1,1,1,47,43,54,20,12,32,8,49,53,49,47,46,58,64,64,46,10,53,1,67,46,36,62,11,1,56,1,101.0,104.3,103.9,103.9,99.5,100.0,100.0,4.9,3.9,3.9,0.0,0.0,0.0,0.0,0.08,0.04,0.0,0.0,0.8,0.8,0.083,0.09,105.14,105.06,87.55,105.06,0.123,51,3.0,5.0,44,45,45,24,25,25,37,40,40,64,54,64,47,57,67,1,1,13,14,77,77,46,43,43,34,43,54,14,12,0,0,1,0,0,0.0,0.0,1,0,1,0.0,0,0,0.0,0,0.0,0,0.0,0,0.0,0,0.0,0,0.0,8,19,11,0.4,1.32,0.47,0.421,0,0,0,0.0,0.0,0.0,0.0,0.0,0.0,2.0,0.0,0.0,0.0,0.0,1.0,1.0,0.5,4.0,0.5,1.0,0.667,3.9,1.0,1.0,0.5,6.0,0.333,1.0,0.4,3.9,1.0,0.2,0.0,1.0,0.0,0.0,0.2,0.0,1.0,0.0,0.0,0.0,0.0,,0.2,1.0,1.0,1.0,1.0,0.2,1.0,1.0,1.0,0.0,0.0,0.0,,,,,,,,,,,,,,,0.6,2.0,3.0,0.667,1.0,0.0,0.0,0.0,,0.6,2.0,3.0,0.667,0,0,,0,0.0,0.0,,,6,0.667,0,0.0,0,0.0,0,0.0,0.8,1,1,1.0,0,1,0.0,0.0,0.0,0.0,0.0,0.0,0.0,1.0,2.0,0.5,1.0,1.0,1.0,0.0,0.0,0.0,1.0,2.0,0.5,DEN,1,1,1.0,0.0,1.0,0.0,0.0,0.0,0.0,0.0,0.0,0.0,1.0,2.0,0.5,1.0,1.0,1.0,,,,0.0,0.0,0.0,0.0,0.0,0.0,2,3,2.0,3.0,0.667,1.0,2.0,6.0,0.333,0.531,-0.198,1.0,2.0,0.5,0.396,0.105,1.0,4.0,0.25,0.605,-0.355,0.0,2.0,0.0,0.735,-0.735,0.0,2.0,0.0,0.709,-0.709,2.0,4.0,0.5,0.427,0.074,5.0,3.0,2.0,0.0,0.0,0.0,0.0,0.0,1.0,1.0,0.0,1.0,0.0,3.0,3.0,2.0,1.0,0.0,1.0,1.0,0.5,0,0,0,0,0.0,0.0,0,0.0,0,0.0,0,0.0,0,0.0,9441,1.8,0.9,0.8,4.29,4.24,3.86,2019,20181021,False
1628382,Justin Jackson,Justin,1610612742,DAL,24.0,1,1,0,1.0,26.433333333333334,4,6,0.667,1,2,0.5,2,2,1.0,0,5,5,3,1,0,0,0,1,1,11,-5,20.5,0,0,20.0,1,1,1,1,32,34,47,16,22,38,13,27,30,1,47,16,23,22,34,46,35,1,15,47,34,58,41,11,1,39,1,,101.8,100.0,100.0,106.2,104.8,104.8,-4.4,-4.8,-4.8,0.158,3.0,27.3,0.0,0.161,0.079,9.1,9.2,0.75,0.799,0.113,0.113,110.84,112.59,93.82,112.59,0.151,61,4.0,6.0,52,52,52,46,34,34,51,51,51,28,9,17,47,26,40,41,42,18,15,71,71,25,21,21,22,34,47,30,24,0,0,5,7,3,0.1,0.1,4,2,3,0.667,0,0,0.0,4,1.0,1,0.25,1,0.25,0,0.0,0,0.0,11,39,21,1.3,2.0,1.28,0.282,3,1,0,0.0,0.0,0.0,0.0,0.0,0.0,1.0,0.0,0.0,0.0,0.0,0.0,4.0,0.0,7.0,0.714,1.0,0.833,9.8,0.0,4.0,0.0,8.0,0.625,1.0,0.714,9.8,1.0,0.167,1.0,1.0,1.0,1.0,0.167,1.0,1.0,1.0,0.0,0.0,0.0,,0.5,2.0,3.0,0.667,0.667,0.5,2.0,3.0,0.667,0.0,0.0,0.0,,0.167,1.0,1.0,1.0,1.5,0.0,0.0,0.0,,0.167,1.0,1.0,1.0,0.167,0.0,1.0,0.0,0.0,0.0,0.0,0.0,,0.167,0.0,1.0,0.0,2,2,1.0,4,0.0,0.0,,1.0,3,0.5,0,0.0,0,0.0,0,0.0,0.75,0,0,0.0,3,3,1.0,0.0,1.0,0.0,1.0,1.0,1.0,0.0,1.0,0.0,0.0,0.0,0.0,0.0,0.0,0.0,1.0,2.0,0.5,DAL,0,0,0.0,1.0,2.0,0.5,2.0,2.0,1.0,0.0,0.0,0.0,1.0,2.0,0.5,0.0,0.0,0.0,0.0,0.0,0.0,0.0,0.0,0.0,0.0,0.0,0.0,1,2,1.0,2.0,0.5,0.75,5.0,11.0,0.455,0.432,0.022,0.0,4.0,0.0,0.356,-0.356,5.0,7.0,0.714,0.488,0.226,4.0,5.0,0.8,0.575,0.225,4.0,5.0,0.8,0.536,0.264,1.0,6.0,0.167,0.37,-0.203,6.0,5.0,1.0,0.0,0.0,0.0,0.0,0.0,1.0,1.0,0.0,1.0,0.0,1.0,1.0,0.0,0.0,0.0,1.0,0.0,0.0,0,0,0,0,0.0,0.0,1,1.0,0,0.0,0,0.0,0,0.0,11353,2.2,1.1,1.0,4.62,4.47,4.35,2019,20181021,False
203145,Kent Bazemore,Kent,1610612737,ATL,29.0,1,1,0,1.0,32.28333333333333,7,13,0.538,4,8,0.5,5,5,1.0,1,4,5,4,2,1,1,0,1,4,23,16,39.0,0,0,40.0,1,1,1,1,22,11,19,33,4,6,13,6,12,1,22,22,23,10,13,14,10,1,15,13,8,6,15,11,1,9,1,106.0,124.7,128.6,128.6,104.9,108.8,108.8,19.8,19.7,19.7,0.16,2.0,20.0,0.031,0.105,0.071,10.0,9.4,0.692,0.757,0.198,0.22,106.07,102.59,85.49,102.59,0.165,70,7.0,13.0,10,6,6,41,45,45,16,16,16,25,17,29,40,43,46,45,45,23,19,37,30,41,58,58,17,11,19,36,43,0,0,9,11,4,0.111,0.111,6,3,4,0.75,0,0,0.0,6,1.0,0,0.0,0,0.0,1,0.167,0,0.0,23,56,42,1.9,2.05,1.21,0.411,0,0,0,0.0,0.0,0.0,0.0,1.0,0.0,3.0,0.333,0.0,0.333,22.5,3.0,1.0,0.75,8.0,0.5,1.0,0.571,5.9,3.0,2.0,0.6,11.0,0.455,1.0,0.5,9.2,1.0,0.077,0.0,1.0,0.0,0.0,0.077,0.0,1.0,0.0,0.0,0.0,0.0,,0.231,2.0,3.0,0.667,0.667,0.231,2.0,3.0,0.667,0.0,0.0,0.0,,0.154,2.0,2.0,1.0,1.25,0.077,1.0,1.0,1.0,0.077,1.0,1.0,1.0,0.538,3.0,7.0,0.429,0.643,0.0,0.0,0.0,,0.538,3.0,7.0,0.429,3,4,0.75,9,3.0,4.0,0.75,1.125,3,0.25,0,0.0,0,0.0,0,0.0,0.692,3,5,0.6,0,0,0.0,0.0,0.0,0.0,0.0,0.0,0.0,0.0,0.0,0.0,4.0,8.0,0.5,0.0,0.0,0.0,0.0,0.0,0.0,ATL,3,5,0.6,0.0,0.0,0.0,0.0,0.0,0.0,0.0,0.0,0.0,0.0,1.0,0.0,4.0,7.0,0.571,0.0,0.0,0.0,0.0,0.0,0.0,0.0,0.0,0.0,1,4,1.0,4.0,0.25,0.375,9.0,19.0,0.474,0.434,0.04,3.0,5.0,0.6,0.344,0.256,6.0,14.0,0.429,0.479,-0.05,3.0,9.0,0.333,0.555,-0.222,3.0,9.0,0.333,0.52,-0.187,6.0,10.0,0.6,0.372,0.229,13.0,10.0,3.0,2.0,1.0,1.0,3.0,0.0,3.0,3.0,0.0,1.0,0.0,0.0,0.0,0.0,0.0,0.0,0.0,0.0,0.0,0,0,0,0,0.0,0.0,0,0.0,0,0.0,0,0.0,0,0.0,13065,2.5,1.3,1.2,4.34,4.52,4.17,2019,20181021,False
201142,Kevin Durant,Kevin,1610612744,GSW,30.0,1,0,1,0.0,38.61666666666667,7,19,0.368,0,4,0.0,6,7,0.857,0,11,11,7,4,1,1,2,2,5,20,0,45.7,1,0,42.0,1,44,44,44,5,11,6,57,41,26,41,3,6,26,47,1,4,6,3,14,10,75,32,8,14,42,6,1,1,7,1,100.0,101.3,102.5,102.5,103.4,102.5,102.5,-2.1,0.0,0.0,0.28,1.75,21.2,0.0,0.244,0.133,12.1,12.1,0.368,0.453,0.289,0.3,100.81,100.68,83.9,100.68,0.165,81,7.0,19.0,54,51,51,34,31,31,49,44,44,11,27,28,47,10,17,54,55,61,57,7,8,64,67,67,18,11,6,47,50,1,0,11,16,8,0.149,0.17,13,4,7,0.571,2,2,1.0,11,0.846,5,0.385,2,0.154,0,0.0,1,0.077,20,75,43,4.7,3.79,2.65,0.267,3,8,2,0.0,0.25,1.0,0.0,0.0,0.0,6.0,0.0,0.0,0.0,0.0,1.0,10.0,0.091,14.0,0.786,1.0,0.846,5.2,1.0,10.0,0.091,16.0,0.688,1.0,0.733,5.2,1.0,0.053,0.0,1.0,0.0,0.0,0.053,0.0,1.0,0.0,0.0,0.0,0.0,,0.632,4.0,12.0,0.333,0.333,0.474,4.0,9.0,0.444,0.158,0.0,3.0,0.0,0.316,3.0,6.0,0.5,0.5,0.263,3.0,5.0,0.6,0.053,0.0,1.0,0.0,,,,,,,,,,,,,,1,8,0.125,2,0.0,3.0,0.0,0.125,0,0.0,2,1.0,2,0.0,0,0.0,0.368,4,5,0.8,2,7,0.286,1.0,3.0,0.333,0.0,0.0,0.0,0.0,0.0,0.0,0.0,4.0,0.0,0.0,0.0,0.0,0.0,0.0,0.0,GSW,5,7,0.714,1.0,2.0,0.5,1.0,5.0,0.2,0.0,1.0,0.0,0.0,2.0,0.0,0.0,2.0,0.0,,,,0.0,0.0,0.0,0.0,0.0,0.0,0,2,0.0,1.0,0.0,0.0,1.0,6.0,0.167,0.453,-0.286,0.0,4.0,0.0,0.325,-0.325,1.0,2.0,0.5,0.56,-0.06,0.0,1.0,0.0,0.627,-0.627,1.0,2.0,0.5,0.591,-0.091,0.0,4.0,0.0,0.323,-0.323,7.0,4.0,3.0,1.0,0.0,0.0,0.0,0.0,1.0,1.0,0.0,1.0,0.0,3.0,3.0,1.0,0.0,0.0,1.0,1.0,0.0,0,1,2,2,1.0,0.25,6,0.75,1,0.125,0,0.0,1,0.125,14321,2.7,1.5,1.2,3.96,4.63,3.35,2019,20181021,False
1628989,Kevin Huerter,Kevin,1610612737,ATL,20.0,1,1,0,1.0,25.066666666666666,3,8,0.375,3,5,0.6,0,0,0.0,3,7,10,4,0,2,1,1,3,2,9,18,36.0,0,0,32.0,1,1,1,1,38,43,35,55,8,18,10,49,53,49,6,7,7,10,64,7,10,53,45,31,41,4,18,11,1,19,1,106.0,134.6,139.3,139.3,104.5,105.3,105.3,30.0,34.0,34.0,0.16,0.0,33.3,0.111,0.233,0.175,0.0,0.0,0.563,0.563,0.127,0.129,110.45,108.19,90.16,108.19,0.139,56,3.0,8.0,5,3,3,37,35,35,8,5,5,25,54,7,10,13,5,1,1,39,42,66,66,27,32,32,25,43,35,24,19,1,0,9,12,5,0.167,0.208,4,0,3,0.0,0,0,0.0,0,0.0,1,0.25,1,0.25,0,0.0,0,0.0,9,34,21,1.2,2.2,1.74,0.265,1,0,2,0.0,0.0,0.0,1.0,2.0,0.333,5.0,0.6,0.0,0.6,14.5,0.0,7.0,0.0,9.0,0.778,0.0,0.778,4.4,1.0,9.0,0.1,14.0,0.714,0.0,0.714,7.4,1.0,0.125,0.0,1.0,0.0,0.0,0.125,0.0,1.0,0.0,0.0,0.0,0.0,,0.25,0.0,2.0,0.0,0.0,0.25,0.0,2.0,0.0,0.0,0.0,0.0,,0.125,1.0,1.0,1.0,1.5,0.0,0.0,0.0,,0.125,1.0,1.0,1.0,0.5,2.0,4.0,0.5,0.75,0.0,0.0,0.0,,0.5,2.0,4.0,0.5,1,3,0.333,3,1.0,2.0,0.5,0.5,6,0.667,0,0.0,0,0.0,0,0.0,0.563,0,0,0.0,0,2,0.0,0.0,1.0,0.0,0.0,0.0,0.0,0.0,0.0,0.0,3.0,5.0,0.6,0.0,0.0,0.0,0.0,0.0,0.0,ATL,0,0,0.0,0.0,1.0,0.0,0.0,2.0,0.0,0.0,0.0,0.0,0.0,0.0,0.0,3.0,5.0,0.6,0.0,0.0,0.0,0.0,0.0,0.0,0.0,0.0,0.0,2,3,2.0,3.0,0.667,1.0,8.0,13.0,0.615,0.458,0.157,1.0,2.0,0.5,0.324,0.176,7.0,11.0,0.636,0.521,0.115,4.0,7.0,0.571,0.614,-0.043,4.0,7.0,0.571,0.57,0.002,3.0,4.0,0.75,0.35,0.4,7.0,6.0,1.0,1.0,0.0,0.0,0.0,1.0,2.0,3.0,0.333,0.667,1.0,0.0,1.0,0.0,0.0,1.0,0.0,0.0,0.0,0,0,0,0,0.0,0.0,0,0.0,0,0.0,0,0.0,0,0.0,10359,2.0,1.0,0.9,4.41,4.4,3.97,2019,20181021,False
201567,Kevin Love,Kevin,1610612739,CLE,30.0,1,0,1,0.0,33.516666666666666,6,19,0.316,1,8,0.125,3,4,0.75,6,11,17,3,3,1,0,3,3,3,16,-13,40.9,1,0,39.0,1,44,44,44,14,21,6,63,22,6,40,16,17,30,2,1,1,22,7,14,35,82,45,23,20,75,14,1,1,13,1,105.0,103.5,107.0,107.0,120.5,125.4,125.4,-17.0,-18.3,-18.3,0.115,1.0,11.5,0.158,0.314,0.233,11.5,11.2,0.342,0.385,0.271,0.278,105.43,101.68,84.73,101.68,0.095,71,6.0,19.0,47,40,40,62,69,69,62,65,65,41,33,50,6,2,2,53,51,63,67,10,11,45,60,60,45,21,6,44,34,1,1,6,7,5,0.068,0.114,1,0,1,0.0,0,0,0.0,0,0.0,0,0.0,0,0.0,0,0.0,0,0.0,16,68,41,2.4,2.08,0.69,0.235,1,12,6,0.0,0.167,0.667,4.0,1.0,0.667,10.0,0.6,0.0,0.6,7.0,2.0,9.0,0.182,16.0,0.688,2.0,0.786,4.3,6.0,10.0,0.353,26.0,0.654,2.0,0.708,5.1,1.0,0.211,2.0,4.0,0.5,0.5,0.211,2.0,4.0,0.5,0.0,0.0,0.0,,0.368,2.0,7.0,0.286,0.286,0.316,2.0,6.0,0.333,0.053,0.0,1.0,0.0,0.263,1.0,5.0,0.2,0.2,0.053,1.0,1.0,1.0,0.211,0.0,4.0,0.0,0.158,1.0,3.0,0.333,0.5,0.0,0.0,0.0,,0.158,1.0,3.0,0.333,1,2,0.5,3,1.0,2.0,0.5,0.75,0,0.0,4,0.4,2,0.333,0,0.0,0.342,4,8,0.5,1,3,0.333,0.0,0.0,0.0,0.0,1.0,0.0,0.0,0.0,0.0,1.0,7.0,0.143,0.0,0.0,0.0,0.0,1.0,0.0,CLE,4,8,0.5,1.0,3.0,0.333,0.0,0.0,0.0,0.0,0.0,0.0,0.0,1.0,0.0,1.0,6.0,0.167,0.0,1.0,0.0,0.0,0.0,0.0,0.0,0.0,0.0,0,6,0.0,6.0,0.0,0.0,8.0,14.0,0.571,0.426,0.146,4.0,7.0,0.571,0.357,0.215,4.0,7.0,0.571,0.494,0.077,3.0,6.0,0.5,0.558,-0.058,4.0,7.0,0.571,0.529,0.043,4.0,7.0,0.571,0.368,0.204,9.0,2.0,7.0,0.0,0.0,1.0,2.0,1.0,2.0,3.0,0.333,0.667,0.0,3.0,3.0,1.0,0.0,0.0,1.0,1.0,0.0,1,3,0,0,0.0,0.167,6,0.5,2,0.167,2,0.167,0,0.0,12127,2.3,1.2,1.1,3.87,4.05,3.68,2019,20181021,False
1626172,Kevon Looney,Kevon,1610612744,GSW,23.0,1,0,1,0.0,19.053333333333335,4,4,1.0,0,0,0.0,2,2,1.0,3,3,6,1,2,0,2,0,3,2,10,-8,22.7,0,0,21.0,1,44,44,44,57,34,60,1,41,63,41,27,30,1,6,33,15,47,13,46,5,1,45,31,39,68,36,11,1,37,1,100.0,92.4,95.2,95.2,110.7,111.6,111.6,-18.3,-16.4,-16.4,0.111,0.5,12.5,0.15,0.13,0.14,25.0,25.4,1.0,1.025,0.149,0.149,109.13,107.07,89.22,107.07,0.18,42,4.0,4.0,73,66,66,52,51,51,64,63,63,42,48,46,8,35,16,81,81,2,3,56,58,31,36,36,11,34,60,32,22,0,0,3,4,1,0.031,0.031,0,0,0,0.0,0,0,0.0,0,0.0,0,0.0,0,0.0,0,0.0,0,0.0,10,39,25,1.1,1.65,0.44,0.256,3,0,8,0.667,0.0,1.25,2.0,1.0,0.667,7.0,0.429,0.0,0.429,3.0,1.0,2.0,0.333,5.0,0.6,0.0,0.6,6.7,3.0,3.0,0.5,10.0,0.6,0.0,0.6,4.9,1.0,0.25,1.0,1.0,1.0,1.0,0.25,1.0,1.0,1.0,0.0,0.0,0.0,,0.75,3.0,3.0,1.0,1.0,0.75,3.0,3.0,1.0,0.0,0.0,0.0,,,,,,,,,,,,,,,,,,,,,,,,,,,,0,0,,0,,,,,0,0.0,10,1.0,0,0.0,2,0.0,1.0,4,4,1.0,0,0,0.0,0.0,0.0,0.0,0.0,0.0,0.0,0.0,0.0,0.0,0.0,0.0,0.0,0.0,0.0,0.0,0.0,0.0,0.0,GSW,4,4,1.0,0.0,0.0,0.0,0.0,0.0,0.0,0.0,0.0,0.0,0.0,0.0,0.0,0.0,0.0,0.0,,,,,,,0.0,0.0,0.0,0,0,,,,,8.0,14.0,0.571,0.502,0.07,1.0,1.0,1.0,0.366,0.634,7.0,13.0,0.538,0.549,-0.011,6.0,8.0,0.75,0.604,0.146,6.0,10.0,0.6,0.576,0.024,2.0,4.0,0.5,0.373,0.127,8.0,8.0,0.0,1.0,0.0,1.0,2.0,1.0,0.0,1.0,1.0,0.0,0.0,8.0,8.0,5.0,2.0,0.0,1.0,1.0,0.4,0,0,0,0,0.0,0.0,0,0.0,0,0.0,0,0.0,0,0.0,7527,1.4,0.8,0.7,4.12,4.71,4.13,2019,20181021,False
202691,Klay Thompson,Klay,1610612744,GSW,29.0,1,0,1,0.0,36.31666666666667,7,16,0.438,1,6,0.167,0,0,0.0,0,7,7,0,3,1,1,0,3,0,15,-1,26.4,0,0,27.0,1,44,44,44,8,11,11,44,22,11,35,49,53,49,47,7,12,64,7,14,10,1,45,67,23,49,25,11,1,24,1,100.0,97.3,98.6,98.6,99.1,97.4,97.4,-1.9,1.3,1.3,0.0,0.0,0.0,0.0,0.167,0.093,15.8,15.8,0.469,0.469,0.235,0.24,98.92,99.13,82.61,99.13,0.078,74,7.0,16.0,62,59,59,23,21,21,48,43,43,64,54,64,47,22,32,68,68,51,56,22,23,78,75,75,52,11,11,31,39,0,0,0,0,0,0.0,0.0,2,0,1,0.0,0,0,0.0,0,0.0,0,0.0,0,0.0,1,0.5,0,0.0,15,51,33,2.1,2.51,1.75,0.294,0,0,2,0.0,0.0,2.0,0.0,0.0,0.0,1.0,0.0,0.0,0.0,0.0,2.0,5.0,0.286,13.0,0.538,1.0,0.583,10.1,2.0,5.0,0.286,14.0,0.5,1.0,0.538,10.1,1.0,0.063,1.0,1.0,1.0,1.0,0.063,1.0,1.0,1.0,0.0,0.0,0.0,,0.375,3.0,6.0,0.5,0.5,0.375,3.0,6.0,0.5,0.0,0.0,0.0,,0.375,2.0,6.0,0.333,0.333,0.188,2.0,3.0,0.667,0.188,0.0,3.0,0.0,0.188,1.0,3.0,0.333,0.5,0.0,0.0,0.0,,0.188,1.0,3.0,0.333,2,6,0.333,4,0.0,1.0,0.0,0.333,5,0.333,4,1.0,0,0.0,0,0.0,0.469,2,2,1.0,1,1,1.0,3.0,7.0,0.429,0.0,0.0,0.0,1.0,1.0,1.0,0.0,5.0,0.0,0.0,0.0,0.0,1.0,1.0,1.0,GSW,2,2,1.0,1.0,2.0,0.5,0.0,0.0,0.0,3.0,4.0,0.75,1.0,6.0,0.167,0.0,2.0,0.0,,,,0.0,0.0,0.0,0.0,0.0,0.0,2,6,1.0,5.0,0.2,0.417,5.0,13.0,0.385,0.448,-0.063,2.0,5.0,0.4,0.342,0.058,3.0,8.0,0.375,0.511,-0.136,2.0,3.0,0.667,0.6,0.067,2.0,3.0,0.667,0.576,0.09,3.0,9.0,0.333,0.347,-0.014,5.0,2.0,3.0,5.0,0.0,1.0,2.0,0.0,2.0,2.0,0.0,1.0,0.0,2.0,2.0,0.0,0.0,0.0,1.0,0.0,0.0,0,0,0,0,0.0,0.0,0,0.0,0,0.0,0,0.0,0,0.0,14646,2.8,1.5,1.3,4.37,4.96,3.85,2019,20181021,False
1626204,Larry Nance Jr.,Larry,1610612739,CLE,26.0,1,0,1,0.0,17.3,3,6,0.5,0,0,0.0,3,5,0.6,2,2,4,4,1,0,0,0,3,5,9,-18,18.8,0,0,17.0,1,44,44,44,60,43,47,34,41,63,41,16,12,34,13,46,35,10,34,46,35,1,45,8,41,80,47,11,1,47,1,105.0,99.0,100.0,100.0,134.0,138.1,138.1,-35.0,-38.1,-38.1,0.333,4.0,30.8,0.095,0.111,0.103,7.7,7.6,0.5,0.549,0.2,0.212,116.09,113.76,94.8,113.76,0.086,40,3.0,6.0,60,52,52,80,83,83,78,80,80,6,4,12,12,40,23,36,36,43,44,33,35,12,19,19,50,43,47,26,20,0,0,3,11,4,0.154,0.154,0,0,0,0.0,0,0,0.0,0,0.0,0,0.0,0,0.0,0,0.0,0,0.0,9,35,21,0.8,1.44,0.46,0.257,1,2,8,0.0,2.0,0.375,1.0,1.0,0.5,5.0,0.4,0.0,0.4,5.5,0.0,2.0,0.0,3.0,0.667,1.0,1.0,6.6,1.0,3.0,0.25,8.0,0.5,1.0,0.571,6.0,1.0,0.167,1.0,1.0,1.0,1.0,0.167,1.0,1.0,1.0,0.0,0.0,0.0,,0.5,0.0,3.0,0.0,0.0,0.5,0.0,3.0,0.0,0.0,0.0,0.0,,0.333,2.0,2.0,1.0,1.0,0.333,2.0,2.0,1.0,0.0,0.0,0.0,,,,,,,,,,,,,,,1,1,1.0,2,,,,1.0,2,1.0,3,0.25,4,1.0,0,0.0,0.5,1,4,0.25,0,0,0.0,2.0,2.0,1.0,0.0,0.0,0.0,0.0,0.0,0.0,0.0,0.0,0.0,0.0,0.0,0.0,0.0,0.0,0.0,CLE,1,4,0.25,0.0,0.0,0.0,1.0,1.0,1.0,1.0,1.0,1.0,0.0,0.0,0.0,0.0,0.0,0.0,0.0,0.0,0.0,0.0,0.0,0.0,0.0,0.0,0.0,0,0,,,,,2.0,7.0,0.286,0.428,-0.142,2.0,5.0,0.4,0.347,0.053,0.0,2.0,0.0,0.478,-0.478,,,,,,0.0,1.0,0.0,0.489,-0.489,2.0,6.0,0.333,0.359,-0.026,7.0,2.0,5.0,1.0,0.0,4.0,10.0,0.0,1.0,1.0,0.0,1.0,1.0,9.0,10.0,1.0,1.0,0.1,0.9,0.5,0.5,2,2,0,0,0.0,2.0,0,0.0,0,0.0,0,0.0,0,0.0,7535,1.4,0.8,0.7,4.46,5.14,4.44,2019,20181021,False
101150,Lou Williams,Lou,1610612746,LAC,32.0,1,1,0,1.0,25.038333333333334,3,16,0.188,0,6,0.0,6,6,1.0,1,4,5,2,2,1,1,0,0,3,12,14,25.0,0,0,23.0,1,1,1,1,39,43,11,71,41,11,41,3,8,1,22,22,23,31,13,14,10,1,1,23,30,9,28,11,1,31,1,100.0,115.7,116.1,116.1,97.1,94.4,94.4,18.6,21.6,21.6,0.095,1.0,8.7,0.038,0.129,0.088,8.7,8.8,0.188,0.322,0.328,0.327,104.17,105.44,87.87,105.44,0.045,56,3.0,16.0,22,25,25,22,17,17,18,13,13,45,33,56,31,36,35,40,40,72,69,3,3,50,42,42,65,43,11,28,41,0,0,3,4,2,0.071,0.071,10,2,6,0.333,0,0,0.0,4,0.4,3,0.3,0,0.0,1,0.1,0,0.0,12,50,23,4.7,5.62,4.88,0.24,0,0,1,0.0,0.0,0.0,0.0,1.0,0.0,1.0,1.0,0.0,1.0,5.7,2.0,2.0,0.5,5.0,0.8,0.0,0.8,7.9,2.0,3.0,0.4,6.0,0.833,0.0,0.833,7.5,1.0,0.125,1.0,2.0,0.5,0.5,0.125,1.0,2.0,0.5,0.0,0.0,0.0,,0.313,1.0,5.0,0.2,0.2,0.313,1.0,5.0,0.2,0.0,0.0,0.0,,0.375,1.0,6.0,0.167,0.167,0.188,1.0,3.0,0.333,0.188,0.0,3.0,0.0,0.188,0.0,3.0,0.0,0.0,0.0,0.0,0.0,,0.188,0.0,3.0,0.0,1,9,0.111,2,0.0,3.0,0.0,0.111,0,0.0,0,0.0,0,0.0,0,0.0,0.188,2,3,0.667,0,2,0.0,1.0,5.0,0.2,0.0,0.0,0.0,0.0,0.0,0.0,0.0,6.0,0.0,0.0,0.0,0.0,0.0,0.0,0.0,LAC,2,3,0.667,0.0,1.0,0.0,0.0,3.0,0.0,1.0,1.0,1.0,0.0,3.0,0.0,0.0,5.0,0.0,,,,0.0,0.0,0.0,0.0,0.0,0.0,0,2,0.0,2.0,0.0,0.0,2.0,6.0,0.333,0.509,-0.176,1.0,3.0,0.333,0.35,-0.016,1.0,3.0,0.333,0.593,-0.259,1.0,3.0,0.333,0.628,-0.295,1.0,3.0,0.333,0.602,-0.269,1.0,3.0,0.333,0.352,-0.018,3.0,1.0,2.0,1.0,0.0,1.0,3.0,0.0,1.0,1.0,0.0,1.0,0.0,2.0,2.0,1.0,1.0,0.0,1.0,1.0,1.0,0,0,0,0,0.0,0.0,0,0.0,0,0.0,0,0.0,0,0.0,9129,1.7,1.0,0.7,3.85,4.23,3.42,2019,20181021,False
201601,Luc Mbah a Moute,Luc,1610612746,LAC,32.0,1,1,0,1.0,16.561666666666667,3,6,0.5,1,1,1.0,1,1,1.0,0,2,2,1,0,0,1,2,1,1,8,8,14.9,0,0,14.0,1,1,1,1,62,43,47,34,22,47,1,38,48,1,47,46,58,47,64,46,10,75,15,47,46,16,57,11,1,56,1,100.0,126.0,124.3,124.3,95.9,97.4,97.4,30.1,26.9,26.9,0.067,0.0,14.3,0.0,0.091,0.054,0.0,0.0,0.583,0.621,0.143,0.159,110.37,110.13,91.78,110.13,0.094,37,3.0,6.0,8,12,12,19,22,22,7,8,8,53,54,41,47,53,55,1,1,35,32,57,56,28,29,29,46,43,47,10,11,0,0,1,2,1,0.1,0.1,7,2,5,0.4,0,0,0.0,5,0.714,2,0.286,1,0.143,0,0.0,0,0.0,8,17,12,0.5,1.87,1.41,0.471,0,0,0,0.0,0.0,0.0,0.0,0.0,0.0,2.0,0.0,1.0,0.0,0.0,0.0,2.0,0.0,5.0,0.4,1.0,0.5,7.9,0.0,2.0,0.0,7.0,0.286,2.0,0.4,7.9,1.0,0.167,0.0,1.0,0.0,0.0,0.167,0.0,1.0,0.0,0.0,0.0,0.0,,0.5,1.0,3.0,0.333,0.333,0.5,1.0,3.0,0.333,0.0,0.0,0.0,,0.167,1.0,1.0,1.0,1.0,0.167,1.0,1.0,1.0,0.0,0.0,0.0,,0.167,1.0,1.0,1.0,1.5,0.0,0.0,0.0,,0.167,1.0,1.0,1.0,1,1,1.0,2,0.0,0.0,,1.0,3,1.0,0,0.0,0,0.0,0,0.0,0.583,0,3,0.0,1,1,1.0,1.0,1.0,1.0,0.0,0.0,0.0,0.0,0.0,0.0,1.0,1.0,1.0,0.0,0.0,0.0,0.0,0.0,0.0,LAC,0,3,0.0,1.0,1.0,1.0,0.0,0.0,0.0,1.0,1.0,1.0,0.0,0.0,0.0,1.0,1.0,1.0,,,,,,,0.0,0.0,0.0,1,1,1.0,1.0,1.0,1.5,4.0,8.0,0.5,0.466,0.035,2.0,3.0,0.667,0.359,0.308,2.0,5.0,0.4,0.552,-0.152,2.0,3.0,0.667,0.627,0.04,2.0,3.0,0.667,0.616,0.05,2.0,4.0,0.5,0.355,0.145,4.0,2.0,2.0,1.0,0.0,1.0,2.0,0.0,0.0,0.0,0.0,0.0,0.0,2.0,2.0,0.0,0.0,0.0,1.0,0.0,0.0,0,0,0,0,0.0,0.0,0,0.0,0,0.0,0,0.0,0,0.0,6443,1.2,0.7,0.5,4.1,4.74,3.45,2019,20181021,False
1627736,Malik Beasley,Malik,1610612743,DEN,22.0,1,1,0,1.0,11.246666666666666,1,2,0.5,0,0,0.0,0,0,0.0,1,1,2,0,1,1,0,1,1,0,2,-6,6.4,0,0,6.0,1,1,1,1,71,64,73,34,41,63,41,49,53,49,22,60,58,64,34,14,35,53,15,67,74,62,72,11,1,74,1,101.0,80.8,79.2,79.2,105.8,108.7,108.7,-25.0,-29.5,-29.5,0.0,0.0,0.0,0.067,0.091,0.077,33.3,33.3,0.5,0.5,0.1,0.109,100.64,100.3,83.58,100.3,0.053,24,1.0,2.0,82,83,83,45,44,44,71,74,74,64,54,64,22,53,41,83,83,43,50,73,72,65,69,69,62,64,73,11,9,0,1,1,0,1,0.0,0.091,1,0,1,0.0,0,0,0.0,0,0.0,0,0.0,0,0.0,0,0.0,0,0.0,2,14,9,0.6,2.47,1.21,0.143,0,0,0,0.0,0.0,0.0,0.0,1.0,0.0,2.0,0.5,1.0,1.0,11.2,0.0,1.0,0.0,1.0,1.0,0.0,1.0,3.7,0.0,2.0,0.0,3.0,0.667,1.0,1.0,7.5,,,,,,,,,,,,,,,1.0,1.0,2.0,0.5,0.5,1.0,1.0,2.0,0.5,0.0,0.0,0.0,,,,,,,,,,,,,,,,,,,,,,,,,,,,0,0,,0,,,,,0,0.0,0,0.0,0,0.0,0,0.0,0.5,1,1,1.0,0,1,0.0,0.0,0.0,0.0,,,,0.0,0.0,0.0,0.0,0.0,0.0,0.0,0.0,0.0,0.0,0.0,0.0,DEN,1,1,1.0,0.0,1.0,0.0,0.0,0.0,0.0,0.0,0.0,0.0,0.0,0.0,0.0,0.0,0.0,0.0,,,,0.0,0.0,0.0,0.0,0.0,0.0,0,0,,,,,2.0,3.0,0.667,0.495,0.172,1.0,1.0,1.0,0.411,0.589,1.0,2.0,0.5,0.613,-0.113,1.0,1.0,1.0,0.817,0.183,1.0,1.0,1.0,0.766,0.234,1.0,2.0,0.5,0.432,0.068,4.0,3.0,1.0,0.0,0.0,0.0,0.0,1.0,1.0,2.0,0.5,0.5,0.0,0.0,0.0,0.0,0.0,0.0,0.0,0.0,0.0,0,0,0,0,0.0,0.0,0,0.0,0,0.0,0,0.0,0,0.0,4577,0.9,0.5,0.4,4.47,4.56,4.36,2019,20181021,False
101162,Marcin Gortat,Marcin,1610612746,LAC,35.0,1,1,0,1.0,18.4,2,3,0.667,0,0,0.0,4,4,1.0,3,2,5,2,1,0,1,0,0,2,8,6,19.0,0,0,17.0,1,1,1,1,59,54,67,16,41,63,41,10,17,1,6,46,23,31,34,46,10,1,1,31,46,20,46,11,1,47,1,100.0,119.9,123.1,123.1,111.6,113.5,113.5,8.3,9.6,9.6,0.154,2.0,25.0,0.167,0.143,0.156,12.5,12.9,0.667,0.84,0.133,0.131,101.32,99.13,82.61,99.13,0.157,39,2.0,3.0,17,15,15,56,55,55,32,30,30,29,17,18,4,31,8,55,61,24,12,64,65,63,74,74,20,54,67,31,17,0,0,3,5,2,0.065,0.065,0,0,0,0.0,0,0,0.0,0,0.0,0,0.0,0,0.0,0,0.0,0,0.0,8,37,20,1.1,1.79,0.57,0.216,0,3,4,0.0,1.333,1.0,2.0,1.0,0.667,6.0,0.5,0.0,0.5,6.4,1.0,1.0,0.5,4.0,0.5,1.0,0.667,2.8,3.0,2.0,0.6,10.0,0.5,1.0,0.556,5.0,1.0,0.333,0.0,1.0,0.0,0.0,0.333,0.0,1.0,0.0,0.0,0.0,0.0,,0.667,2.0,2.0,1.0,1.0,0.667,2.0,2.0,1.0,0.0,0.0,0.0,,,,,,,,,,,,,,,,,,,,,,,,,,,,0,0,,0,,,,,0,0.0,4,0.0,4,0.5,0,0.0,0.667,1,1,1.0,0,1,0.0,1.0,1.0,1.0,0.0,0.0,0.0,0.0,0.0,0.0,0.0,0.0,0.0,0.0,0.0,0.0,0.0,0.0,0.0,LAC,1,1,1.0,1.0,2.0,0.5,0.0,0.0,0.0,0.0,0.0,0.0,0.0,0.0,0.0,0.0,0.0,0.0,0.0,0.0,0.0,0.0,0.0,0.0,0.0,0.0,0.0,0,0,,,,,5.0,8.0,0.625,0.515,0.111,0.0,1.0,0.0,0.369,-0.369,5.0,7.0,0.714,0.569,0.146,5.0,7.0,0.714,0.602,0.112,5.0,7.0,0.714,0.579,0.135,0.0,1.0,0.0,0.367,-0.367,9.0,8.0,1.0,0.0,0.0,1.0,2.0,0.0,0.0,0.0,0.0,0.0,2.0,5.0,7.0,3.0,1.0,0.286,0.714,0.5,0.167,1,2,2,2,1.0,1.333,0,0.0,0,0.0,0,0.0,1,0.333,7141,1.4,0.8,0.6,4.32,4.86,3.75,2019,20181021,False
1628963,Marvin Bagley III,Marvin,1610612758,SAC,20.0,1,1,0,1.0,23.733333333333334,5,13,0.385,0,0,0.0,3,6,0.5,5,2,7,0,4,1,0,2,3,6,13,6,20.4,0,0,22.0,1,1,1,1,44,26,19,54,41,63,41,16,8,37,3,46,12,64,3,14,35,75,45,5,26,20,42,11,1,35,1,110.0,106.7,105.7,105.7,93.3,90.9,90.9,13.4,14.8,14.8,0.0,0.0,0.0,0.179,0.061,0.115,21.1,20.4,0.385,0.416,0.302,0.314,107.27,109.21,91.01,109.21,0.007,53,5.0,13.0,41,42,42,14,12,12,26,20,20,64,54,64,3,63,22,76,75,59,58,5,5,37,31,31,72,26,19,19,25,0,0,0,0,0,0.0,0.0,0,0,0,0.0,0,0,0.0,0,0.0,0,0.0,0,0.0,0,0.0,0,0.0,13,39,27,1.1,1.73,0.62,0.333,5,5,11,0.4,0.4,1.0,3.0,2.0,0.6,11.0,0.455,0.0,0.455,5.0,0.0,2.0,0.0,5.0,0.4,0.0,0.4,13.6,3.0,4.0,0.429,16.0,0.438,0.0,0.438,7.4,1.0,0.308,2.0,4.0,0.5,0.5,0.308,2.0,4.0,0.5,0.0,0.0,0.0,,0.615,3.0,8.0,0.375,0.375,0.615,3.0,8.0,0.375,0.0,0.0,0.0,,0.077,0.0,1.0,0.0,0.0,0.077,0.0,1.0,0.0,0.0,0.0,0.0,,,,,,,,,,,,,,,0,1,0.0,0,,,,0.0,0,0.0,11,0.5,2,0.0,2,0.5,0.385,5,8,0.625,0,4,0.0,0.0,1.0,0.0,0.0,0.0,0.0,0.0,0.0,0.0,0.0,0.0,0.0,0.0,0.0,0.0,0.0,0.0,0.0,SAC,5,8,0.625,0.0,3.0,0.0,0.0,2.0,0.0,0.0,0.0,0.0,0.0,0.0,0.0,0.0,0.0,0.0,0.0,0.0,0.0,,,,0.0,0.0,0.0,0,1,,,,0.0,2.0,7.0,0.286,0.47,-0.184,0.0,3.0,0.0,0.338,-0.338,2.0,4.0,0.5,0.529,-0.029,2.0,2.0,1.0,0.688,0.312,2.0,3.0,0.667,0.615,0.051,0.0,4.0,0.0,0.356,-0.356,10.0,7.0,3.0,1.0,0.0,2.0,4.0,0.0,2.0,2.0,0.0,1.0,1.0,6.0,7.0,3.0,1.0,0.143,0.857,1.0,0.333,0,2,2,2,1.0,0.4,0,0.0,0,0.0,2,0.4,1,0.2,9871,1.9,1.0,0.9,4.47,4.51,4.43,2019,20181021,False
203486,Mason Plumlee,Mason,1610612743,DEN,29.0,1,1,0,1.0,15.613333333333333,4,6,0.667,0,0,0.0,3,5,0.6,1,1,2,2,2,1,0,0,3,5,11,6,17.4,0,0,17.0,1,1,1,1,64,34,47,16,41,63,41,16,12,34,22,60,58,31,13,14,35,1,45,8,34,20,51,11,1,47,1,101.0,103.2,97.1,97.1,78.6,82.4,82.4,24.6,14.8,14.8,0.222,1.0,16.7,0.059,0.059,0.059,16.7,16.4,0.667,0.671,0.25,0.284,105.45,106.06,88.39,106.06,0.171,35,4.0,6.0,49,62,62,6,7,7,12,19,19,16,33,36,24,64,52,69,69,24,29,15,10,44,39,39,15,34,47,24,29,0,0,3,4,2,0.083,0.083,1,1,1,1.0,0,0,0.0,3,3.0,0,0.0,0,0.0,0,0.0,0,0.0,11,37,27,1.4,2.32,1.38,0.297,4,4,2,0.5,0.5,1.0,1.0,0.0,1.0,5.0,0.2,0.0,0.2,0.6,1.0,0.0,1.0,5.0,0.2,1.0,0.25,1.7,2.0,0.0,1.0,10.0,0.2,1.0,0.222,1.1,1.0,0.333,2.0,2.0,1.0,1.0,0.333,2.0,2.0,1.0,0.0,0.0,0.0,,0.5,1.0,3.0,0.333,0.333,0.5,1.0,3.0,0.333,0.0,0.0,0.0,,,,,,,,,,,,,,,0.167,1.0,1.0,1.0,1.0,0.167,1.0,1.0,1.0,0.0,0.0,0.0,,0,0,,0,,,,,0,0.0,2,0.0,2,0.5,2,0.0,0.667,4,5,0.8,0,1,0.0,0.0,0.0,0.0,0.0,0.0,0.0,0.0,0.0,0.0,0.0,0.0,0.0,0.0,0.0,0.0,0.0,0.0,0.0,DEN,4,5,0.8,0.0,1.0,0.0,0.0,0.0,0.0,0.0,0.0,0.0,0.0,0.0,0.0,0.0,0.0,0.0,,,,0.0,0.0,0.0,0.0,0.0,0.0,0,0,,,,,6.0,9.0,0.667,0.518,0.148,0.0,2.0,0.0,0.375,-0.375,6.0,7.0,0.857,0.586,0.272,5.0,6.0,0.833,0.67,0.163,5.0,6.0,0.833,0.642,0.191,0.0,2.0,0.0,0.411,-0.411,2.0,1.0,1.0,1.0,0.0,0.0,0.0,0.0,0.0,0.0,0.0,0.0,4.0,0.0,4.0,2.0,1.0,1.0,0.0,0.5,0.25,1,2,0,0,0.0,0.5,2,0.5,1,0.25,0,0.0,0,0.0,6045,1.1,0.6,0.6,3.89,4.36,4.14,2019,20181021,False
203487,Michael Carter-Williams,Michael,1610612753,ORL,27.0,1,0,1,0.0,13.65,1,4,0.25,0,0,0.0,0,0,0.0,0,3,3,3,2,1,1,0,1,0,2,-15,14.1,0,0,12.0,1,44,44,44,66,64,60,66,41,63,41,49,53,49,47,33,45,22,13,14,10,1,15,67,74,78,58,11,1,60,1,,85.0,79.4,79.4,126.2,127.3,127.3,-41.2,-47.9,-47.9,0.333,1.5,33.3,0.0,0.25,0.1,22.2,22.2,0.25,0.25,0.167,0.178,114.36,117.8,98.17,117.8,0.054,34,1.0,4.0,79,82,82,73,74,74,80,83,83,6,29,7,47,7,25,78,78,66,73,50,48,15,7,7,61,64,60,23,23,0,1,3,7,4,0.13,0.174,7,1,4,0.25,0,0,0.0,2,0.286,3,0.429,1,0.143,0,0.0,0,0.0,2,30,8,2.2,4.36,4.03,0.067,0,0,0,0.0,0.0,0.0,0.0,0.0,0.0,1.0,0.0,0.0,0.0,0.0,0.0,3.0,0.0,5.0,0.6,0.0,0.6,6.7,0.0,3.0,0.0,6.0,0.5,0.0,0.5,6.7,1.0,0.5,1.0,2.0,0.5,0.5,0.5,1.0,2.0,0.5,0.0,0.0,0.0,,0.25,0.0,1.0,0.0,0.0,0.25,0.0,1.0,0.0,0.0,0.0,0.0,,0.25,0.0,1.0,0.0,0.0,0.25,0.0,1.0,0.0,0.0,0.0,0.0,,,,,,,,,,,,,,,1,3,0.333,2,,,,0.333,0,0.0,0,0.0,0,0.0,0,0.0,0.25,0,0,0.0,1,4,0.25,0.0,0.0,0.0,0.0,0.0,0.0,0.0,0.0,0.0,0.0,0.0,0.0,0.0,0.0,0.0,0.0,0.0,0.0,ORL,0,0,0.0,1.0,2.0,0.5,0.0,2.0,0.0,0.0,0.0,0.0,0.0,0.0,0.0,0.0,0.0,0.0,,,,0.0,0.0,0.0,0.0,0.0,0.0,0,0,,,,,3.0,8.0,0.375,0.491,-0.116,0.0,1.0,0.0,0.359,-0.359,3.0,7.0,0.429,0.526,-0.097,2.0,5.0,0.4,0.562,-0.162,3.0,6.0,0.5,0.559,-0.059,0.0,1.0,0.0,0.361,-0.361,5.0,5.0,0.0,1.0,0.0,0.0,0.0,0.0,0.0,0.0,0.0,0.0,0.0,1.0,1.0,1.0,0.0,0.0,1.0,1.0,0.0,0,0,0,0,0.0,0.0,0,0.0,0,0.0,0,0.0,0,0.0,5833,1.1,0.6,0.5,4.54,4.94,4.13,2019,20181021,False
203118,Mike Scott,Mike,1610612755,PHI,30.0,1,1,0,1.0,10.333333333333334,1,1,1.0,1,1,1.0,0,0,0.0,1,2,3,0,0,0,0,0,1,0,3,1,6.6,0,0,7.0,1,1,1,1,73,64,78,1,22,47,1,49,53,49,22,46,45,64,64,46,35,1,15,67,69,38,71,11,1,70,1,,112.1,108.3,108.3,105.2,96.2,96.2,6.9,12.2,12.2,0.0,0.0,0.0,0.091,0.143,0.12,0.0,0.0,1.5,1.5,0.037,0.038,109.07,116.13,96.77,116.13,0.096,24,1.0,1.0,29,38,38,42,18,18,34,25,25,64,54,64,14,31,19,1,1,1,1,82,82,32,9,9,44,64,78,9,5,0,0,0,0,0,0.0,0.0,0,0,0,0.0,0,0,0.0,0,0.0,0,0.0,0,0.0,0,0.0,0,0.0,3,10,6,0.2,1.14,0.2,0.3,0,0,0,0.0,0.0,0.0,0.0,1.0,0.0,2.0,0.5,0.0,0.5,10.6,0.0,2.0,0.0,4.0,0.5,0.0,0.5,6.2,0.0,3.0,0.0,5.0,0.6,0.0,0.6,7.7,,,,,,,,,,,,,,,,,,,,,,,,,,,,1.0,1.0,1.0,1.0,1.5,0.0,0.0,0.0,,1.0,1.0,1.0,1.0,,,,,,,,,,,,,,0,0,,0,0.0,0.0,,,3,1.0,0,0.0,0,0.0,0,0.0,1.5,0,0,0.0,0,0,0.0,0.0,0.0,0.0,0.0,0.0,0.0,0.0,0.0,0.0,1.0,1.0,1.0,0.0,0.0,0.0,0.0,0.0,0.0,PHI,0,0,0.0,0.0,0.0,0.0,0.0,0.0,0.0,0.0,0.0,0.0,0.0,0.0,0.0,1.0,1.0,1.0,,,,,,,0.0,0.0,0.0,1,1,1.0,1.0,1.0,1.5,1.0,1.0,1.0,0.416,0.584,1.0,1.0,1.0,0.369,0.631,,,,,,,,,,,,,,,,1.0,1.0,1.0,0.367,0.633,0.0,0.0,0.0,0.0,0.0,0.0,0.0,0.0,0.0,0.0,0.0,0.0,1.0,2.0,3.0,2.0,1.0,0.333,0.667,1.0,0.5,0,0,0,0,0.0,0.0,0,0.0,0,0.0,0,0.0,0,0.0,4513,0.9,0.5,0.4,4.94,5.28,4.57,2019,20181021,False
1628420,Monte Morris,Monte,1610612743,DEN,24.0,1,1,0,1.0,21.6,4,10,0.4,1,3,0.333,0,2,0.0,0,6,6,4,1,0,0,1,2,3,9,18,21.2,0,0,20.0,1,1,1,1,51,34,30,48,22,32,25,49,30,49,47,9,15,10,34,46,35,53,32,23,41,4,40,11,1,39,1,101.0,110.3,108.3,108.3,72.2,73.9,73.9,38.0,34.4,34.4,0.235,4.0,25.0,0.0,0.222,0.115,6.3,6.3,0.45,0.414,0.214,0.223,104.71,104.44,87.04,104.44,0.13,48,4.0,10.0,33,38,38,4,4,4,5,3,3,14,4,18,47,15,21,26,29,52,60,29,28,48,46,46,30,34,30,51,52,0,0,5,9,4,0.078,0.078,6,3,5,0.6,0,0,0.0,6,1.0,0,0.0,0,0.0,1,0.167,0,0.0,9,64,27,4.5,4.23,4.02,0.141,2,0,0,0.0,0.0,0.0,0.0,0.0,0.0,1.0,0.0,0.0,0.0,0.0,1.0,5.0,0.167,7.0,0.857,0.0,0.857,8.2,1.0,5.0,0.167,8.0,0.75,0.0,0.75,8.2,1.0,0.1,1.0,1.0,1.0,1.0,0.1,1.0,1.0,1.0,0.0,0.0,0.0,,0.3,1.0,3.0,0.333,0.333,0.3,1.0,3.0,0.333,0.0,0.0,0.0,,0.2,1.0,2.0,0.5,0.5,0.2,1.0,2.0,0.5,0.0,0.0,0.0,,0.4,1.0,4.0,0.25,0.375,0.1,0.0,1.0,0.0,0.3,1.0,3.0,0.333,0,2,0.0,0,0.0,0.0,,0.0,3,0.333,0,0.0,0,0.0,0,0.0,0.45,3,4,0.75,0,2,0.0,0.0,1.0,0.0,0.0,0.0,0.0,0.0,0.0,0.0,1.0,3.0,0.333,0.0,0.0,0.0,0.0,0.0,0.0,DEN,3,4,0.75,0.0,1.0,0.0,0.0,1.0,0.0,0.0,1.0,0.0,0.0,2.0,0.0,1.0,1.0,1.0,,,,0.0,0.0,0.0,0.0,0.0,0.0,1,3,1.0,3.0,0.333,0.5,2.0,10.0,0.2,0.496,-0.296,0.0,4.0,0.0,0.409,-0.409,2.0,6.0,0.333,0.583,-0.249,2.0,5.0,0.4,0.664,-0.264,2.0,5.0,0.4,0.631,-0.231,0.0,5.0,0.0,0.414,-0.414,4.0,1.0,3.0,1.0,1.0,0.0,0.0,0.0,0.0,0.0,0.0,0.0,0.0,1.0,1.0,0.0,0.0,0.0,1.0,0.0,0.0,0,0,0,0,0.0,0.0,0,0.0,0,0.0,0,0.0,0,0.0,9323,1.8,1.0,0.8,4.68,5.28,4.1,2019,20181021,False
1626149,Montrezl Harrell,Montrezl,1610612746,LAC,25.0,1,1,0,1.0,24.075,8,10,0.8,0,0,0.0,1,1,1.0,2,8,10,3,2,1,3,0,4,1,17,0,43.5,1,0,38.0,1,1,1,1,41,10,30,9,41,63,41,38,48,1,13,5,7,22,13,14,2,1,67,47,17,42,10,1,1,15,1,100.0,117.1,118.0,118.0,111.2,113.5,113.5,5.9,4.5,4.5,0.2,1.5,20.0,0.083,0.296,0.196,13.3,13.0,0.8,0.814,0.203,0.213,103.16,101.68,84.74,101.68,0.199,50,8.0,10.0,20,21,21,53,54,54,36,39,39,17,29,29,16,3,3,62,62,13,13,32,34,55,59,59,9,10,30,30,22,0,0,4,7,3,0.1,0.1,0,0,0,0.0,0,0,0.0,0,0.0,0,0.0,0,0.0,0,0.0,0,0.0,17,42,25,1.2,1.73,0.6,0.405,2,6,8,0.0,1.0,1.625,1.0,1.0,0.5,4.0,0.5,0.0,0.5,1.9,1.0,7.0,0.125,11.0,0.727,1.0,0.8,4.3,2.0,8.0,0.2,15.0,0.667,1.0,0.714,3.8,,,,,,,,,,,,,,,0.8,7.0,8.0,0.875,0.875,0.8,7.0,8.0,0.875,0.0,0.0,0.0,,0.1,0.0,1.0,0.0,0.0,0.1,0.0,1.0,0.0,0.0,0.0,0.0,,0.1,1.0,1.0,1.0,1.0,0.1,1.0,1.0,1.0,0.0,0.0,0.0,,0,1,0.0,0,,,,0.0,0,0.0,13,1.0,6,0.6,0,0.0,0.8,7,7,1.0,1,2,0.5,0.0,1.0,0.0,0.0,0.0,0.0,0.0,0.0,0.0,0.0,0.0,0.0,0.0,0.0,0.0,0.0,0.0,0.0,LAC,8,8,1.0,0.0,1.0,0.0,0.0,1.0,0.0,0.0,0.0,0.0,0.0,0.0,0.0,0.0,0.0,0.0,,,,,,,0.0,0.0,0.0,0,0,,,,,9.0,14.0,0.643,0.455,0.188,1.0,2.0,0.5,0.369,0.132,8.0,12.0,0.667,0.521,0.146,6.0,8.0,0.75,0.626,0.124,6.0,8.0,0.75,0.59,0.16,1.0,2.0,0.5,0.368,0.133,13.0,11.0,2.0,2.0,0.0,2.0,4.0,2.0,0.0,2.0,1.0,0.0,3.0,5.0,8.0,3.0,0.0,0.375,0.625,1.0,0.0,3,5,0,0,0.0,1.0,1,0.167,0,0.0,0,0.0,0,0.0,9461,1.8,1.0,0.8,4.26,4.49,4.0,2019,20181021,False
202357,Nemanja Bjelica,Nemanja,1610612758,SAC,31.0,1,1,0,1.0,30.72,5,6,0.833,2,2,1.0,0,0,0.0,0,5,5,4,1,3,1,1,2,1,12,10,35.0,0,0,31.0,1,1,1,1,23,26,47,7,12,38,1,49,53,49,47,16,23,10,34,2,10,53,32,47,30,13,19,11,1,20,1,110.0,135.7,138.6,138.6,115.4,120.8,120.8,20.3,17.7,17.7,0.121,4.0,36.4,0.0,0.128,0.083,9.1,9.1,1.0,1.0,0.093,0.092,114.72,110.94,92.45,110.94,0.125,70,5.0,6.0,4,4,4,60,63,63,15,17,17,39,4,6,47,37,38,41,41,2,4,74,76,14,27,27,32,26,47,49,35,0,1,5,8,5,0.082,0.102,4,1,2,0.5,0,0,0.0,2,0.5,2,0.5,1,0.25,0,0.0,0,0.0,12,58,31,1.7,1.75,0.81,0.207,0,1,1,0.0,0.0,2.0,0.0,0.0,0.0,2.0,0.0,1.0,0.0,0.0,2.0,3.0,0.4,13.0,0.385,2.0,0.455,8.3,2.0,3.0,0.4,14.0,0.357,3.0,0.455,8.3,,,,,,,,,,,,,,,0.333,1.0,2.0,0.5,0.5,0.333,1.0,2.0,0.5,0.0,0.0,0.0,,0.667,4.0,4.0,1.0,1.25,0.333,2.0,2.0,1.0,0.333,2.0,2.0,1.0,,,,,,,,,,,,,,0,0,,0,0.0,0.0,,,6,1.0,2,1.0,0,0.0,0,0.0,1.0,2,3,0.667,1,1,1.0,0.0,0.0,0.0,0.0,0.0,0.0,0.0,0.0,0.0,2.0,2.0,1.0,0.0,0.0,0.0,0.0,0.0,0.0,SAC,3,4,0.75,0.0,0.0,0.0,0.0,0.0,0.0,0.0,0.0,0.0,0.0,0.0,0.0,2.0,2.0,1.0,,,,0.0,0.0,0.0,0.0,0.0,0.0,2,2,2.0,2.0,1.0,1.5,7.0,19.0,0.368,0.449,-0.081,2.0,10.0,0.2,0.323,-0.123,5.0,9.0,0.556,0.522,0.033,4.0,7.0,0.571,0.6,-0.029,5.0,8.0,0.625,0.565,0.06,2.0,11.0,0.182,0.34,-0.158,17.0,9.0,8.0,3.0,0.0,1.0,3.0,0.0,2.0,2.0,0.0,1.0,0.0,2.0,2.0,1.0,1.0,0.0,1.0,1.0,1.0,0,0,0,0,0.0,0.0,0,0.0,0,0.0,0,0.0,0,0.0,12147,2.3,1.3,1.0,4.16,4.7,3.61,2019,20181021,False
203457,Nerlens Noel,Nerlens,1610612760,OKC,25.0,1,0,1,0.0,13.3,3,3,1.0,0,0,0.0,0,0,0.0,3,2,5,0,0,0,2,0,6,1,6,-3,18.0,0,0,15.0,1,44,44,44,67,43,67,1,41,63,41,49,53,49,6,46,23,64,64,46,5,1,85,47,53,54,49,11,1,54,1,112.0,93.0,89.3,89.3,100.1,96.6,96.6,-7.1,-7.3,-7.3,0.0,0.0,0.0,0.214,0.1,0.147,0.0,0.0,1.0,1.0,0.088,0.094,98.96,102.86,85.71,102.86,0.134,28,3.0,3.0,70,73,73,27,20,20,55,55,55,64,54,64,2,46,13,1,1,2,4,76,74,77,55,55,27,43,67,12,6,0,0,0,0,0,0.0,0.0,0,0,0,0.0,0,0,0.0,0,0.0,0,0.0,0,0.0,0,0.0,0,0.0,6,16,8,0.4,1.68,0.25,0.375,1,0,5,0.0,0.0,1.2,2.0,1.0,0.667,6.0,0.5,0.0,0.5,5.6,0.0,2.0,0.0,6.0,0.333,1.0,0.4,2.7,2.0,3.0,0.4,11.0,0.455,1.0,0.5,4.4,,,,,,,,,,,,,,,0.667,2.0,2.0,1.0,1.0,0.667,2.0,2.0,1.0,0.0,0.0,0.0,,,,,,,,,,,,,,,0.333,1.0,1.0,1.0,1.0,0.333,1.0,1.0,1.0,0.0,0.0,0.0,,0,0,,0,,,,,0,0.0,6,1.0,0,0.0,0,0.0,1.0,3,3,1.0,0,0,0.0,0.0,0.0,0.0,0.0,0.0,0.0,0.0,0.0,0.0,0.0,0.0,0.0,0.0,0.0,0.0,0.0,0.0,0.0,OKC,3,3,1.0,0.0,0.0,0.0,0.0,0.0,0.0,0.0,0.0,0.0,0.0,0.0,0.0,0.0,0.0,0.0,,,,,,,0.0,0.0,0.0,0,0,,,,,3.0,8.0,0.375,0.495,-0.12,0.0,1.0,0.0,0.355,-0.355,3.0,7.0,0.429,0.533,-0.105,2.0,5.0,0.4,0.614,-0.214,2.0,6.0,0.333,0.572,-0.238,1.0,2.0,0.5,0.372,0.128,6.0,6.0,0.0,2.0,1.0,0.0,0.0,1.0,0.0,1.0,1.0,0.0,1.0,2.0,3.0,2.0,1.0,0.333,0.667,0.667,0.333,0,0,0,0,0.0,0.0,0,0.0,0,0.0,0,0.0,0,0.0,5249,1.0,0.5,0.5,4.18,4.48,3.94,2019,20181021,False
203999,Nikola Jokić,Nikola,1610612743,DEN,24.0,1,1,0,1.0,32.38666666666666,7,14,0.5,0,1,0.0,9,12,0.75,3,8,11,6,2,0,0,2,2,8,23,-4,43.2,1,0,40.0,1,1,1,1,19,11,17,34,41,47,41,1,1,30,6,5,4,7,13,46,35,75,32,2,8,56,11,1,1,9,1,101.0,96.3,97.1,97.1,104.6,102.9,102.9,-8.3,-5.9,-5.9,0.4,3.0,22.2,0.073,0.267,0.155,7.4,7.3,0.5,0.596,0.259,0.271,100.37,100.78,83.99,100.78,0.237,68,7.0,14.0,65,63,63,38,32,32,58,53,53,3,9,24,20,5,10,34,34,43,39,14,15,66,66,66,4,11,17,72,63,0,0,12,12,6,0.083,0.083,2,1,1,1.0,0,0,0.0,2,1.0,1,0.5,0,0.0,0,0.0,0,0.0,23,94,61,4.4,2.8,1.28,0.245,12,15,6,0.417,0.333,1.0,3.0,0.0,1.0,12.0,0.25,0.0,0.25,4.2,2.0,6.0,0.25,15.0,0.533,0.0,0.533,3.6,5.0,6.0,0.455,24.0,0.458,0.0,0.458,3.8,1.0,0.071,0.0,1.0,0.0,0.0,0.071,0.0,1.0,0.0,0.0,0.0,0.0,,0.571,4.0,8.0,0.5,0.5,0.571,4.0,8.0,0.5,0.0,0.0,0.0,,0.286,2.0,4.0,0.5,0.5,0.214,2.0,3.0,0.667,0.071,0.0,1.0,0.0,0.071,1.0,1.0,1.0,1.0,0.071,1.0,1.0,1.0,0.0,0.0,0.0,,0,1,0.0,0,0.0,0.0,,0.0,4,0.667,6,0.6,5,0.25,5,0.667,0.5,3,7,0.429,2,3,0.667,2.0,3.0,0.667,0.0,0.0,0.0,0.0,0.0,0.0,0.0,1.0,0.0,0.0,0.0,0.0,0.0,0.0,0.0,DEN,4,9,0.444,1.0,1.0,1.0,0.0,0.0,0.0,2.0,3.0,0.667,0.0,1.0,0.0,0.0,0.0,0.0,,,,,,,0.0,0.0,0.0,1,2,0.0,1.0,0.0,0.5,5.0,13.0,0.385,0.526,-0.141,0.0,5.0,0.0,0.418,-0.418,5.0,8.0,0.625,0.608,0.018,5.0,5.0,1.0,0.734,0.266,5.0,5.0,1.0,0.702,0.298,0.0,6.0,0.0,0.424,-0.424,6.0,3.0,3.0,3.0,0.0,1.0,2.0,1.0,0.0,1.0,1.0,0.0,0.0,6.0,6.0,3.0,2.0,0.0,1.0,1.0,0.667,1,4,3,4,0.75,0.333,9,0.6,2,0.133,0,0.0,2,0.133,11914,2.3,1.3,1.0,4.06,4.16,3.92,2019,20181021,False
1629016,Omari Spellman,Omari,1610612737,ATL,21.0,1,1,0,1.0,23.75,6,8,0.75,4,5,0.8,1,2,0.5,0,1,1,1,2,0,0,0,4,2,17,15,17.7,0,0,23.0,1,1,1,1,43,21,35,13,4,18,6,38,30,37,47,60,69,47,13,46,35,1,67,31,17,8,50,11,1,31,1,106.0,111.0,114.3,114.3,91.6,92.5,92.5,19.5,21.8,21.8,0.056,0.5,8.3,0.0,0.033,0.017,16.7,16.8,1.0,0.957,0.169,0.171,112.33,110.15,91.79,110.15,0.114,56,6.0,8.0,31,26,26,12,14,14,17,12,12,56,48,57,47,74,76,69,71,2,9,48,50,22,28,28,37,21,35,35,29,0,2,2,3,3,0.029,0.086,1,0,1,0.0,0,0,0.0,0,0.0,0,0.0,0,0.0,0,0.0,0,0.0,17,45,28,1.1,1.42,0.47,0.378,3,0,4,0.667,0.0,1.25,0.0,0.0,0.0,2.0,0.0,1.0,0.0,0.0,1.0,0.0,1.0,4.0,0.25,1.0,0.333,1.7,1.0,0.0,1.0,6.0,0.167,2.0,0.25,1.7,,,,,,,,,,,,,,,0.25,1.0,2.0,0.5,0.5,0.25,1.0,2.0,0.5,0.0,0.0,0.0,,0.25,1.0,2.0,0.5,0.5,0.125,1.0,1.0,1.0,0.125,0.0,1.0,0.0,0.5,4.0,4.0,1.0,1.5,0.0,0.0,0.0,,0.5,4.0,4.0,1.0,0,0,,0,0.0,0.0,,,12,0.8,5,1.0,0,0.0,2,1.0,1.0,2,2,1.0,0,1,0.0,0.0,0.0,0.0,0.0,0.0,0.0,2.0,3.0,0.667,2.0,2.0,1.0,0.0,0.0,0.0,2.0,3.0,0.667,ATL,2,3,0.667,0.0,0.0,0.0,0.0,0.0,0.0,0.0,0.0,0.0,3.0,4.0,0.75,1.0,1.0,1.0,0.0,0.0,0.0,0.0,0.0,0.0,0.0,0.0,0.0,4,5,4.0,5.0,0.8,1.2,3.0,11.0,0.273,0.447,-0.174,0.0,5.0,0.0,0.341,-0.341,3.0,6.0,0.5,0.478,0.022,,,,,,1.0,2.0,0.5,0.542,-0.042,1.0,8.0,0.125,0.364,-0.239,8.0,4.0,4.0,0.0,0.0,1.0,2.0,1.0,1.0,2.0,0.5,0.5,1.0,5.0,6.0,2.0,0.0,0.167,0.833,0.667,0.0,0,0,0,0,0.0,0.0,0,0.0,0,0.0,0,0.0,0,0.0,10142,1.9,1.1,0.8,4.43,5.15,3.71,2019,20181021,False
200782,P.J. Tucker,P.J.,1610612745,HOU,34.0,1,0,1,0.0,37.205,1,2,0.5,1,1,1.0,0,2,0.0,1,2,3,1,0,1,1,0,4,1,3,8,14.1,0,0,12.0,1,44,44,44,7,64,73,34,22,47,1,49,30,49,22,46,45,47,64,14,10,1,67,47,69,16,58,11,1,60,1,100.0,109.0,109.0,109.0,99.8,100.0,100.0,9.2,9.0,9.0,0.03,0.0,25.0,0.026,0.05,0.038,0.0,0.0,0.75,0.521,0.035,0.035,100.06,99.99,83.32,99.99,0.006,78,1.0,2.0,35,34,34,25,25,25,30,32,32,63,54,18,44,70,69,1,1,18,48,84,84,71,72,72,74,64,73,25,13,0,0,2,4,1,0.04,0.04,1,0,1,0.0,0,0,0.0,0,0.0,0,0.0,0,0.0,0,0.0,0,0.0,3,28,12,0.7,1.47,0.46,0.107,0,0,1,0.0,0.0,0.0,1.0,0.0,1.0,1.0,1.0,0.0,1.0,1.9,1.0,1.0,0.5,6.0,0.333,1.0,0.4,5.3,2.0,1.0,0.667,7.0,0.429,1.0,0.5,4.1,,,,,,,,,,,,,,,0.5,0.0,1.0,0.0,0.0,0.5,0.0,1.0,0.0,0.0,0.0,0.0,,0.5,1.0,1.0,1.0,1.5,0.0,0.0,0.0,,0.5,1.0,1.0,1.0,,,,,,,,,,,,,,0,0,,0,0.0,0.0,,,3,1.0,0,0.0,0,0.0,0,0.0,0.75,0,1,0.0,0,0,0.0,0.0,0.0,0.0,0.0,0.0,0.0,1.0,1.0,1.0,0.0,0.0,0.0,0.0,0.0,0.0,1.0,1.0,1.0,HOU,0,1,0.0,0.0,0.0,0.0,0.0,0.0,0.0,0.0,0.0,0.0,1.0,1.0,1.0,0.0,0.0,0.0,,,,0.0,0.0,0.0,0.0,0.0,0.0,1,1,1.0,1.0,1.0,1.5,4.0,11.0,0.364,0.471,-0.107,1.0,5.0,0.2,0.396,-0.196,3.0,6.0,0.5,0.518,-0.018,2.0,5.0,0.4,0.572,-0.172,2.0,5.0,0.4,0.545,-0.145,2.0,6.0,0.333,0.392,-0.058,8.0,3.0,5.0,3.0,0.0,3.0,8.0,0.0,0.0,0.0,0.0,0.0,0.0,4.0,4.0,2.0,0.0,0.0,1.0,1.0,0.0,0,0,0,0,0.0,0.0,0,0.0,0,0.0,0,0.0,0,0.0,13206,2.5,1.2,1.3,3.83,3.92,3.75,2019,20181021,False
201976,Patrick Beverley,Patrick,1610612746,LAC,30.0,1,1,0,1.0,23.505,1,4,0.25,0,3,0.0,2,2,1.0,0,4,4,2,2,4,0,0,3,2,4,-13,21.8,0,0,18.0,1,1,1,1,45,64,60,66,41,32,41,27,30,1,47,22,35,31,13,1,35,1,45,31,61,75,39,11,1,45,1,100.0,103.6,104.2,104.2,128.7,131.3,131.3,-25.1,-27.1,-27.1,0.118,1.0,22.2,0.0,0.222,0.1,22.2,22.5,0.25,0.41,0.13,0.132,99.29,98.02,81.68,98.02,0.059,48,1.0,4.0,46,44,44,75,77,77,72,73,73,40,33,24,47,15,25,78,79,66,61,65,64,76,77,77,60,64,60,44,40,1,0,8,7,3,0.045,0.068,7,1,1,1.0,2,2,1.0,4,0.571,3,0.429,1,0.143,2,0.286,1,0.143,4,53,20,3.7,4.2,3.81,0.075,1,0,1,0.0,0.0,0.0,0.0,0.0,0.0,1.0,0.0,0.0,0.0,0.0,0.0,4.0,0.0,5.0,0.8,0.0,0.8,8.0,0.0,4.0,0.0,6.0,0.667,0.0,0.667,8.0,,,,,,,,,,,,,,,,,,,,,,,,,,,,0.25,0.0,1.0,0.0,0.0,0.0,0.0,0.0,,0.25,0.0,1.0,0.0,0.75,1.0,3.0,0.333,0.333,0.25,1.0,1.0,1.0,0.5,0.0,2.0,0.0,1,1,1.0,2,0.0,0.0,,1.0,0,0.0,0,0.0,0,0.0,0,0.0,0.25,0,0,0.0,1,1,1.0,0.0,0.0,0.0,0.0,0.0,0.0,0.0,0.0,0.0,0.0,3.0,0.0,0.0,0.0,0.0,0.0,0.0,0.0,LAC,0,0,0.0,1.0,1.0,1.0,0.0,0.0,0.0,0.0,0.0,0.0,0.0,1.0,0.0,0.0,2.0,0.0,0.0,0.0,0.0,0.0,0.0,0.0,0.0,0.0,0.0,0,3,0.0,3.0,0.0,0.0,2.0,6.0,0.333,0.464,-0.131,2.0,3.0,0.667,0.348,0.319,0.0,3.0,0.0,0.586,-0.586,0.0,3.0,0.0,0.62,-0.62,0.0,3.0,0.0,0.598,-0.598,2.0,3.0,0.667,0.35,0.317,4.0,1.0,3.0,3.0,0.0,0.0,0.0,0.0,2.0,2.0,0.0,1.0,0.0,1.0,1.0,1.0,0.0,0.0,1.0,1.0,0.0,0,0,0,0,0.0,0.0,0,0.0,0,0.0,0,0.0,0,0.0,9436,1.8,1.0,0.8,4.33,4.67,3.97,2019,20181021,False
202335,Patrick Patterson,Patrick,1610612760,OKC,30.0,1,0,1,0.0,12.571666666666667,1,6,0.167,1,6,0.167,1,1,1.0,0,2,2,0,0,1,1,0,0,1,4,-12,12.4,0,0,11.0,1,44,44,44,68,64,47,73,22,11,35,38,48,1,47,46,58,64,64,14,10,1,1,47,61,74,64,11,1,64,1,112.0,89.8,88.6,88.6,130.5,126.5,126.5,-40.7,-37.9,-37.9,0.0,0.0,0.0,0.0,0.182,0.061,0.0,0.0,0.25,0.311,0.143,0.163,128.82,131.72,109.77,131.72,0.038,35,1.0,6.0,76,74,74,76,73,73,79,79,79,64,54,64,47,20,51,1,1,66,70,57,54,1,3,3,67,64,47,13,6,0,0,0,0,0,0.0,0.0,0,0,0,0.0,0,0,0.0,0,0.0,0,0.0,0,0.0,0,0.0,0,0.0,4,19,6,0.3,0.9,0.0,0.211,0,0,0,0.0,0.0,0.0,0.0,0.0,0.0,0.0,0.0,0.0,0.0,0.0,1.0,1.0,0.5,2.0,1.0,0.0,1.0,3.8,1.0,1.0,0.5,2.0,1.0,0.0,1.0,3.8,,,,,,,,,,,,,,,,,,,,,,,,,,,,0.167,1.0,1.0,1.0,1.5,0.0,0.0,0.0,,0.167,1.0,1.0,1.0,0.833,0.0,5.0,0.0,0.0,0.0,0.0,0.0,,0.833,0.0,5.0,0.0,0,0,,0,0.0,0.0,,,3,0.167,0,0.0,0,0.0,0,0.0,0.25,0,0,0.0,0,0,0.0,0.0,0.0,0.0,0.0,0.0,0.0,0.0,1.0,0.0,1.0,5.0,0.2,0.0,0.0,0.0,0.0,1.0,0.0,OKC,0,0,0.0,0.0,0.0,0.0,0.0,0.0,0.0,0.0,0.0,0.0,1.0,3.0,0.333,0.0,3.0,0.0,0.0,0.0,0.0,,,,0.0,0.0,0.0,1,6,1.0,6.0,0.167,0.25,5.0,7.0,0.714,0.462,0.253,2.0,3.0,0.667,0.374,0.293,3.0,4.0,0.75,0.524,0.227,2.0,2.0,1.0,0.6,0.4,3.0,4.0,0.75,0.563,0.187,2.0,3.0,0.667,0.376,0.291,8.0,5.0,3.0,0.0,0.0,0.0,0.0,0.0,0.0,0.0,0.0,0.0,0.0,5.0,5.0,2.0,0.0,0.0,1.0,1.0,0.0,0,0,0,0,0.0,0.0,0,0.0,0,0.0,0,0.0,0,0.0,5322,1.0,0.5,0.5,4.62,4.64,4.6,2019,20181021,False
202331,Paul George,Paul,1610612760,OKC,29.0,1,0,1,0.0,32.61333333333334,10,18,0.556,3,9,0.333,6,6,1.0,0,6,6,2,4,3,0,0,5,5,29,-7,44.2,0,0,46.0,1,44,44,44,17,6,9,29,8,4,25,3,8,1,47,9,15,31,3,2,35,1,81,8,5,66,8,11,1,5,1,112.0,113.1,122.4,122.4,131.0,131.6,131.6,-17.9,-9.2,-9.2,0.077,0.5,7.7,0.0,0.273,0.092,15.4,15.0,0.639,0.703,0.25,0.259,116.71,111.86,93.21,111.86,0.136,76,10.0,18.0,24,16,16,77,78,78,63,58,58,49,48,58,47,4,33,67,67,27,24,15,18,9,23,23,26,6,9,40,43,1,0,10,5,3,0.05,0.075,8,3,4,0.75,2,2,1.0,9,1.125,1,0.125,0,0.0,2,0.25,1,0.125,29,64,42,2.9,2.76,1.78,0.453,3,0,4,0.667,0.0,0.5,0.0,0.0,0.0,3.0,0.0,1.0,0.0,0.0,2.0,4.0,0.333,7.0,0.857,1.0,1.0,6.0,2.0,4.0,0.333,8.0,0.75,2.0,1.0,6.0,,,,,,,,,,,,,,,0.222,3.0,4.0,0.75,0.75,0.167,3.0,3.0,1.0,0.056,0.0,1.0,0.0,0.5,6.0,9.0,0.667,0.778,0.333,4.0,6.0,0.667,0.167,2.0,3.0,0.667,0.278,1.0,5.0,0.2,0.3,0.0,0.0,0.0,,0.278,1.0,5.0,0.2,2,4,0.5,5,1.0,2.0,0.5,0.625,8,0.375,2,1.0,0,0.0,2,1.0,0.639,4,4,1.0,1,2,0.5,2.0,3.0,0.667,0.0,1.0,0.0,1.0,1.0,1.0,2.0,7.0,0.286,0.0,0.0,0.0,1.0,2.0,0.5,OKC,4,4,1.0,1.0,2.0,0.5,0.0,0.0,0.0,2.0,3.0,0.667,1.0,4.0,0.25,2.0,5.0,0.4,0.0,0.0,0.0,0.0,0.0,0.0,0.0,0.0,0.0,2,7,2.0,7.0,0.286,0.429,6.0,10.0,0.6,0.433,0.167,1.0,3.0,0.333,0.375,-0.042,5.0,7.0,0.714,0.485,0.23,4.0,6.0,0.667,0.598,0.069,5.0,7.0,0.714,0.572,0.142,1.0,3.0,0.333,0.378,-0.044,4.0,2.0,2.0,3.0,0.0,2.0,4.0,0.0,3.0,3.0,0.0,1.0,0.0,1.0,1.0,0.0,0.0,0.0,1.0,0.0,0.0,0,0,0,0,0.0,0.0,0,0.0,0,0.0,0,0.0,0,0.0,13487,2.6,1.4,1.1,4.44,4.78,3.76,2019,20181021,False
200794,Paul Millsap,Paul,1610612743,DEN,34.0,1,1,0,1.0,26.433333333333334,1,7,0.143,0,2,0.0,3,8,0.375,2,4,6,1,1,3,1,1,2,4,5,-3,24.7,0,0,20.0,1,1,1,1,32,64,42,74,41,38,41,16,4,48,13,22,15,47,34,2,10,53,32,13,57,54,31,11,1,39,1,101.0,90.6,87.9,87.9,95.4,96.4,96.4,-4.9,-8.5,-8.5,0.063,1.0,7.7,0.056,0.148,0.095,7.7,8.0,0.143,0.238,0.176,0.179,102.53,103.51,86.25,103.51,0.007,58,1.0,7.0,75,75,75,17,19,19,52,57,57,54,33,58,27,30,28,36,39,74,74,46,47,57,51,51,73,64,42,34,26,0,1,4,3,2,0.029,0.059,3,0,0,0.0,0,2,0.0,0,0.0,2,0.667,0,0.0,0,0.0,1,0.333,5,49,28,1.8,2.2,1.24,0.102,1,5,7,0.0,0.4,0.571,2.0,0.0,1.0,7.0,0.286,1.0,0.333,3.1,0.0,4.0,0.0,5.0,0.8,0.0,0.8,5.6,2.0,4.0,0.333,12.0,0.5,1.0,0.545,4.7,1.0,0.286,0.0,2.0,0.0,0.0,0.286,0.0,2.0,0.0,0.0,0.0,0.0,,0.143,1.0,1.0,1.0,1.0,0.143,1.0,1.0,1.0,0.0,0.0,0.0,,0.286,0.0,2.0,0.0,0.0,0.286,0.0,2.0,0.0,0.0,0.0,0.0,,0.286,0.0,2.0,0.0,0.0,0.0,0.0,0.0,,0.286,0.0,2.0,0.0,0,2,0.0,0,0.0,0.0,,0.0,0,0.0,4,0.25,2,0.0,0,0.0,0.143,0,1,0.0,1,2,0.5,0.0,2.0,0.0,0.0,0.0,0.0,0.0,1.0,0.0,0.0,1.0,0.0,0.0,0.0,0.0,0.0,1.0,0.0,DEN,1,3,0.333,0.0,0.0,0.0,0.0,2.0,0.0,0.0,0.0,0.0,0.0,1.0,0.0,0.0,1.0,0.0,,,,,,,0.0,0.0,0.0,0,2,0.0,2.0,0.0,0.0,12.0,15.0,0.8,0.529,0.271,1.0,3.0,0.333,0.372,-0.039,11.0,12.0,0.917,0.586,0.33,7.0,8.0,0.875,0.696,0.179,7.0,8.0,0.875,0.674,0.201,3.0,5.0,0.6,0.396,0.204,6.0,5.0,1.0,3.0,0.0,2.0,5.0,0.0,0.0,0.0,0.0,0.0,2.0,2.0,4.0,2.0,0.0,0.5,0.5,1.0,0.0,0,1,2,4,0.5,0.4,1,0.2,0,0.0,1,0.2,2,0.4,10454,2.0,1.1,0.9,4.28,4.25,4.33,2019,20181021,False
1626188,Quinn Cook,Quinn,1610612744,GSW,26.0,1,0,1,0.0,10.863333333333333,0,1,0.0,0,1,0.0,0,0,0.0,0,0,0,0,0,0,0,0,1,0,0,-8,0.0,0,0,0.0,1,44,44,44,72,76,78,76,41,47,41,49,53,49,47,76,77,64,64,46,35,1,15,67,78,68,81,11,1,81,1,100.0,79.4,87.0,87.0,126.1,116.7,116.7,-46.8,-29.7,-29.7,0.0,0.0,0.0,0.0,0.0,0.0,0.0,0.0,0.0,0.0,0.036,0.035,104.72,103.84,86.53,103.84,-0.068,23,0.0,1.0,84,78,78,72,59,59,83,75,75,64,54,64,47,76,77,1,1,76,78,83,83,47,50,50,81,76,78,16,16,0,0,2,0,0,0.0,0.0,0,0,0,0.0,0,0,0.0,0,0.0,0,0.0,0,0.0,0,0.0,0,0.0,0,17,10,0.9,3.2,3.12,0.0,0,0,0,0.0,0.0,0.0,,,,,,,,,,,,,,,,,,,,,,,,,,,,,,,,,,,,,,,,,,,,,,,,,,,,,,,,,,,,,,,,,1.0,0.0,1.0,0.0,0.0,0.0,0.0,0.0,,1.0,0.0,1.0,0.0,0,1,0.0,0,0.0,1.0,0.0,0.0,0,0.0,0,0.0,0,0.0,0,0.0,0.0,0,0,0.0,0,0,0.0,0.0,0.0,0.0,0.0,1.0,0.0,0.0,0.0,0.0,0.0,0.0,0.0,0.0,0.0,0.0,0.0,1.0,0.0,GSW,0,0,0.0,0.0,0.0,0.0,0.0,0.0,0.0,0.0,0.0,0.0,0.0,1.0,0.0,0.0,0.0,0.0,,,,,,,0.0,0.0,0.0,0,0,0.0,0.0,,,4.0,5.0,0.8,0.446,0.354,2.0,3.0,0.667,0.337,0.329,2.0,2.0,1.0,0.523,0.478,1.0,1.0,1.0,0.564,0.436,1.0,1.0,1.0,0.546,0.454,3.0,4.0,0.75,0.336,0.414,6.0,1.0,5.0,0.0,0.0,0.0,0.0,0.0,0.0,0.0,0.0,0.0,0.0,0.0,0.0,0.0,0.0,0.0,0.0,0.0,0.0,0,0,0,0,0.0,0.0,0,0.0,0,0.0,0,0.0,0,0.0,4534,0.9,0.4,0.4,4.6,3.96,4.24,2019,20181021,False
203918,Rodney Hood,Rodney,1610612757,POR,26.0,1,0,1,0.0,26.666666666666668,6,12,0.5,1,3,0.333,0,0,0.0,0,3,3,3,1,0,0,1,3,1,13,0,20.1,0,0,20.0,1,44,44,44,30,21,22,34,22,32,25,49,53,49,47,33,45,22,34,46,35,53,45,47,26,42,44,11,1,39,1,,104.4,106.9,106.9,104.0,110.7,110.7,0.4,-3.8,-3.8,0.15,3.0,18.8,0.0,0.094,0.053,6.3,6.3,0.542,0.542,0.2,0.205,107.14,102.6,85.5,102.6,0.088,58,6.0,12.0,43,41,41,35,49,49,46,50,50,32,9,34,47,52,56,26,28,41,46,33,37,38,57,57,49,21,22,26,31,0,0,7,7,3,0.115,0.115,10,3,5,0.6,0,0,0.0,6,0.6,5,0.5,2,0.2,0,0.0,0,0.0,13,39,23,1.9,2.85,2.1,0.333,0,0,0,0.0,0.0,0.0,0.0,0.0,0.0,1.0,0.0,0.0,0.0,0.0,1.0,2.0,0.333,7.0,0.429,1.0,0.5,9.6,1.0,2.0,0.333,8.0,0.375,1.0,0.429,9.6,,,,,,,,,,,,,,,0.583,2.0,7.0,0.286,0.286,0.5,2.0,6.0,0.333,0.083,0.0,1.0,0.0,0.333,4.0,4.0,1.0,1.125,0.25,3.0,3.0,1.0,0.083,1.0,1.0,1.0,0.083,0.0,1.0,0.0,0.0,0.0,0.0,0.0,,0.083,0.0,1.0,0.0,5,8,0.625,11,1.0,1.0,1.0,0.688,0,0.0,0,0.0,0,0.0,0,0.0,0.542,0,1,0.0,1,1,1.0,4.0,7.0,0.571,0.0,1.0,0.0,0.0,1.0,0.0,1.0,1.0,1.0,0.0,0.0,0.0,0.0,2.0,0.0,POR,0,1,0.0,1.0,1.0,1.0,0.0,1.0,0.0,3.0,5.0,0.6,1.0,3.0,0.333,1.0,1.0,1.0,0.0,0.0,0.0,0.0,0.0,0.0,0.0,0.0,0.0,0,2,0.0,2.0,0.0,0.0,6.0,9.0,0.667,0.424,0.243,2.0,5.0,0.4,0.341,0.059,4.0,4.0,1.0,0.485,0.516,4.0,4.0,1.0,0.571,0.429,4.0,4.0,1.0,0.53,0.471,2.0,5.0,0.4,0.349,0.051,6.0,2.0,4.0,1.0,0.0,0.0,0.0,0.0,1.0,1.0,0.0,1.0,0.0,3.0,3.0,2.0,0.0,0.0,1.0,1.0,0.0,0,0,0,0,0.0,0.0,0,0.0,0,0.0,0,0.0,0,0.0,10755,2.0,1.1,0.9,4.19,4.58,3.8,2019,20181021,False
201566,Russell Westbrook,Russell,1610612760,OKC,30.0,1,0,1,0.0,35.14333333333333,13,23,0.565,1,6,0.167,5,11,0.455,2,10,12,8,5,0,0,2,2,7,32,-13,53.4,1,0,53.0,1,44,44,44,9,1,2,27,22,11,35,6,2,47,13,3,3,4,1,46,35,75,32,4,2,75,3,1,1,3,1,112.0,100.5,108.4,108.4,120.8,122.6,122.6,-20.3,-14.2,-14.2,0.381,1.6,20.0,0.038,0.323,0.143,12.5,12.2,0.587,0.575,0.311,0.32,119.37,114.05,95.04,114.05,0.173,83,13.0,23.0,58,37,37,63,67,67,67,62,62,5,28,29,34,1,15,55,56,34,41,4,4,8,17,17,14,1,2,63,81,0,1,25,19,8,0.127,0.127,18,7,9,0.778,1,2,0.5,15,0.833,8,0.444,0,0.0,0,0.0,1,0.056,32,101,38,6.9,4.12,3.53,0.317,2,2,5,1.5,1.0,1.0,0.0,2.0,0.0,6.0,0.333,0.0,0.333,15.3,1.0,9.0,0.1,13.0,0.769,2.0,0.909,7.3,1.0,11.0,0.083,18.0,0.667,2.0,0.75,8.6,1.0,0.087,2.0,2.0,1.0,1.0,0.087,2.0,2.0,1.0,0.0,0.0,0.0,,0.522,9.0,12.0,0.75,0.75,0.522,9.0,12.0,0.75,0.0,0.0,0.0,,0.348,2.0,8.0,0.25,0.313,0.087,1.0,2.0,0.5,0.261,1.0,6.0,0.167,0.043,0.0,1.0,0.0,0.0,0.043,0.0,1.0,0.0,0.0,0.0,0.0,,2,6,0.333,4,0.0,2.0,0.0,0.333,3,0.25,5,1.0,2,1.0,3,1.0,0.587,10,13,0.769,1,3,0.333,1.0,1.0,1.0,0.0,0.0,0.0,0.0,0.0,0.0,1.0,6.0,0.167,0.0,0.0,0.0,0.0,0.0,0.0,OKC,10,13,0.769,0.0,1.0,0.0,2.0,3.0,0.667,0.0,0.0,0.0,1.0,5.0,0.2,0.0,1.0,0.0,0.0,0.0,0.0,0.0,0.0,0.0,0.0,0.0,0.0,1,4,1.0,4.0,0.25,0.375,5.0,11.0,0.455,0.427,0.027,1.0,4.0,0.25,0.377,-0.127,4.0,7.0,0.571,0.472,0.1,2.0,3.0,0.667,0.584,0.083,2.0,3.0,0.667,0.562,0.105,2.0,6.0,0.333,0.381,-0.048,5.0,2.0,3.0,2.0,0.0,0.0,0.0,1.0,2.0,3.0,0.333,0.667,0.0,0.0,0.0,0.0,0.0,0.0,0.0,0.0,0.0,1,1,0,0,0.0,1.0,1,0.5,0,0.0,0,0.0,0,0.0,13296,2.5,1.4,1.2,3.98,4.86,3.53,2019,20181021,False
1626155,Sam Dekker,Sam,1610612764,WAS,25.0,1,0,1,0.0,14.483333333333333,3,5,0.6,1,2,0.5,0,0,0.0,1,4,5,1,1,1,0,0,1,0,7,-9,16.5,0,0,16.0,1,44,44,44,65,43,54,20,22,38,13,49,53,49,22,22,23,47,34,14,35,1,15,67,51,72,53,11,1,53,1,,100.7,102.9,102.9,123.9,122.2,122.2,-23.2,-19.3,-19.3,0.091,1.0,14.3,0.059,0.25,0.152,14.3,14.3,0.7,0.7,0.154,0.159,116.46,116.0,96.66,116.0,0.152,34,3.0,5.0,57,49,49,67,65,65,69,66,66,46,33,41,24,7,11,65,65,21,25,54,57,10,11,11,21,43,54,19,12,0,0,3,2,1,0.053,0.053,0,0,0,0.0,0,0,0.0,0,0.0,0,0.0,0,0.0,0,0.0,0,0.0,7,25,12,0.7,1.76,1.0,0.28,0,0,1,0.0,0.0,0.0,0.0,0.0,0.0,1.0,1.0,0.0,1.0,0.0,1.0,3.0,0.25,6.0,0.667,0.0,0.667,4.8,1.0,3.0,0.2,7.0,0.714,0.0,0.714,4.8,,,,,,,,,,,,,,,0.2,1.0,1.0,1.0,1.0,0.2,1.0,1.0,1.0,0.0,0.0,0.0,,0.4,0.0,2.0,0.0,0.0,0.2,0.0,1.0,0.0,0.2,0.0,1.0,0.0,0.4,2.0,2.0,1.0,1.25,0.2,1.0,1.0,1.0,0.2,1.0,1.0,1.0,1,1,1.0,2,0.0,0.0,,1.0,3,0.5,0,0.0,0,0.0,0,0.0,0.7,1,2,0.5,0,0,0.0,1.0,1.0,1.0,0.0,1.0,0.0,0.0,0.0,0.0,1.0,1.0,1.0,0.0,0.0,0.0,0.0,1.0,0.0,WAS,1,2,0.5,0.0,0.0,0.0,0.0,0.0,0.0,1.0,1.0,1.0,0.0,1.0,0.0,1.0,1.0,1.0,0.0,0.0,0.0,0.0,0.0,0.0,0.0,0.0,0.0,1,2,1.0,2.0,0.5,0.75,3.0,7.0,0.429,0.421,0.008,1.0,3.0,0.333,0.346,-0.013,2.0,4.0,0.5,0.474,0.026,2.0,3.0,0.667,0.521,0.145,2.0,3.0,0.667,0.499,0.167,1.0,3.0,0.333,0.347,-0.014,4.0,2.0,2.0,1.0,0.0,2.0,5.0,1.0,1.0,2.0,0.5,0.5,0.0,2.0,2.0,1.0,1.0,0.0,1.0,1.0,1.0,0,0,0,0,0.0,0.0,0,0.0,0,0.0,0,0.0,0,0.0,6398,1.2,0.7,0.5,4.54,5.2,3.84,2019,20181021,False
1628983,Shai Gilgeous-Alexander,Shai,1610612746,LAC,20.0,1,1,0,1.0,25.571666666666665,4,8,0.5,0,1,0.0,4,4,1.0,1,4,5,4,2,1,0,1,0,2,12,21,25.0,0,0,23.0,1,1,1,1,36,34,35,34,41,47,41,10,17,1,22,22,23,10,13,14,35,53,1,31,30,1,28,11,1,31,1,100.0,123.4,123.2,123.2,90.4,87.3,87.3,33.0,35.9,35.9,0.2,2.0,25.0,0.038,0.133,0.089,12.5,12.7,0.5,0.615,0.185,0.184,102.3,104.18,86.81,104.18,0.142,56,4.0,8.0,11,14,14,11,10,10,6,2,2,17,17,18,31,34,34,55,59,43,34,41,44,59,48,48,24,34,35,37,41,0,0,6,10,4,0.108,0.108,11,4,6,0.667,2,2,1.0,10,0.909,3,0.273,2,0.182,1,0.091,1,0.091,12,50,22,3.4,4.1,3.8,0.24,0,0,0,0.0,0.0,0.0,0.0,1.0,0.0,3.0,0.333,1.0,0.5,20.4,2.0,2.0,0.5,6.0,0.667,1.0,0.8,4.7,2.0,3.0,0.4,9.0,0.556,2.0,0.714,7.9,1.0,0.25,0.0,2.0,0.0,0.0,0.25,0.0,2.0,0.0,0.0,0.0,0.0,,0.375,2.0,3.0,0.667,0.667,0.375,2.0,3.0,0.667,0.0,0.0,0.0,,0.125,1.0,1.0,1.0,1.0,0.125,1.0,1.0,1.0,0.0,0.0,0.0,,0.25,1.0,2.0,0.5,0.5,0.125,1.0,1.0,1.0,0.125,0.0,1.0,0.0,1,2,0.5,2,0.0,1.0,0.0,0.5,0,0.0,0,0.0,0,0.0,0,0.0,0.5,2,5,0.4,2,2,1.0,0.0,0.0,0.0,0.0,0.0,0.0,0.0,0.0,0.0,0.0,1.0,0.0,0.0,0.0,0.0,0.0,0.0,0.0,LAC,2,5,0.4,2.0,2.0,1.0,0.0,0.0,0.0,0.0,0.0,0.0,0.0,1.0,0.0,0.0,0.0,0.0,,,,0.0,0.0,0.0,0.0,0.0,0.0,0,0,0.0,0.0,,,5.0,14.0,0.357,0.439,-0.082,1.0,5.0,0.2,0.368,-0.168,4.0,9.0,0.444,0.499,-0.055,2.0,6.0,0.333,0.56,-0.226,3.0,8.0,0.375,0.533,-0.158,1.0,5.0,0.2,0.368,-0.168,8.0,3.0,5.0,1.0,0.0,0.0,0.0,2.0,0.0,2.0,1.0,0.0,0.0,1.0,1.0,1.0,0.0,0.0,1.0,1.0,0.0,0,0,0,0,0.0,0.0,0,0.0,0,0.0,0,0.0,0,0.0,10159,1.9,1.1,0.9,4.21,4.61,4.23,2019,20181021,False
1627746,Skal Labissiere,Skal,1610612757,POR,23.0,1,1,0,1.0,2.2133333333333334,0,1,0.0,0,0,0.0,0,0,0.0,0,0,0,0,0,0,0,1,0,0,0,-2,0.0,0,0,0.0,1,1,1,1,84,76,78,76,41,63,41,49,53,49,47,76,77,64,64,46,35,53,1,67,78,52,81,11,1,81,1,,103.1,100.0,100.0,123.0,120.0,120.0,-19.9,-20.0,-20.0,0.0,0.0,0.0,0.0,0.0,0.0,0.0,0.0,0.0,0.0,0.25,0.258,94.99,97.59,81.33,97.59,-0.2,4,0.0,1.0,50,52,52,64,62,62,65,67,67,64,54,64,47,76,77,1,1,76,78,15,19,83,80,80,84,76,78,2,3,0,0,0,0,0,0.0,0.0,1,0,1,0.0,0,0,0.0,0,0.0,0,0.0,0,0.0,0,0.0,0,0.0,0,3,3,0.1,1.17,0.33,0.0,0,0,0,0.0,0.0,0.0,,,,,,,,,,,,,,,,,,,,,,,,,1.0,1.0,0.0,1.0,0.0,0.0,1.0,0.0,1.0,0.0,0.0,0.0,0.0,,,,,,,,,,,,,,,,,,,,,,,,,,,,,,,,,,,,,,,,,0,0,,0,,,,,0,0.0,0,0.0,0,0.0,0,0.0,0.0,0,1,0.0,0,0,0.0,0.0,0.0,0.0,0.0,0.0,0.0,0.0,0.0,0.0,,,,,,,0.0,0.0,0.0,POR,0,1,0.0,0.0,0.0,0.0,0.0,0.0,0.0,0.0,0.0,0.0,0.0,0.0,0.0,,,,,,,,,,,,,0,0,,,,,,,,,,,,,,,,,,,,,,,,,,,,,,,,,,,1.0,1.0,0.0,0.0,0.0,0.0,0.0,0.0,0.0,0.0,0.0,0.0,0.0,0.0,0.0,0.0,0.0,0.0,0.0,0.0,0.0,0,0,0,0,0.0,0.0,0,0.0,0,0.0,0,0.0,0,0.0,782,0.1,0.1,0.1,2.42,6.78,3.76,2019,20181021,False
201939,Stephen Curry,Stephen,1610612744,GSW,31.0,1,0,1,0.0,39.21666666666667,10,23,0.435,6,16,0.375,4,4,1.0,0,4,4,6,2,0,0,1,4,3,30,3,41.8,0,0,46.0,1,44,44,44,3,6,2,45,1,1,24,10,17,1,47,22,35,7,13,46,35,53,67,23,4,34,13,11,1,5,1,100.0,96.7,96.4,96.4,93.5,92.9,92.9,3.1,3.6,3.6,0.3,3.0,18.8,0.0,0.08,0.045,6.3,6.1,0.565,0.606,0.289,0.305,102.32,102.81,85.68,102.81,0.176,84,10.0,23.0,64,65,65,15,15,15,40,41,41,10,9,34,47,57,63,26,26,38,36,7,6,58,56,56,12,6,2,55,72,0,1,8,12,7,0.109,0.127,5,2,3,0.667,0,0,0.0,4,0.8,2,0.4,1,0.2,0,0.0,0,0.0,30,84,37,5.7,4.06,3.74,0.357,1,0,1,3.0,0.0,0.0,0.0,0.0,0.0,1.0,0.0,0.0,0.0,0.0,0.0,4.0,0.0,8.0,0.5,0.0,0.5,10.3,0.0,4.0,0.0,9.0,0.444,0.0,0.444,10.3,1.0,0.043,1.0,1.0,1.0,1.0,0.043,1.0,1.0,1.0,0.0,0.0,0.0,,0.217,1.0,5.0,0.2,0.2,0.13,1.0,3.0,0.333,0.087,0.0,2.0,0.0,0.565,5.0,13.0,0.385,0.5,0.13,2.0,3.0,0.667,0.435,3.0,10.0,0.3,0.174,3.0,4.0,0.75,1.125,0.0,0.0,0.0,,0.174,3.0,4.0,0.75,4,11,0.364,10,2.0,9.0,0.222,0.455,12,0.571,0,0.0,0,0.0,3,0.0,0.565,1,4,0.25,1,1,1.0,2.0,2.0,1.0,1.0,1.0,1.0,1.0,3.0,0.333,4.0,12.0,0.333,0.0,0.0,0.0,2.0,4.0,0.5,GSW,2,5,0.4,0.0,0.0,0.0,1.0,1.0,1.0,1.0,1.0,1.0,3.0,8.0,0.375,3.0,8.0,0.375,,,,,,,0.0,0.0,0.0,4,7,4.0,7.0,0.571,0.857,1.0,6.0,0.167,0.446,-0.279,0.0,3.0,0.0,0.353,-0.353,1.0,3.0,0.333,0.51,-0.177,1.0,1.0,1.0,0.553,0.447,1.0,2.0,0.5,0.553,-0.053,0.0,3.0,0.0,0.364,-0.364,4.0,1.0,3.0,3.0,0.0,0.0,0.0,0.0,0.0,0.0,0.0,0.0,0.0,1.0,1.0,1.0,0.0,0.0,1.0,1.0,0.0,0,0,0,0,0.0,0.0,0,0.0,0,0.0,0,0.0,0,0.0,16003,3.0,1.6,1.5,4.31,5.02,3.98,2019,20181021,False
203500,Steven Adams,Steven,1610612760,OKC,25.0,1,0,1,0.0,33.821666666666665,3,7,0.429,0,0,0.0,4,8,0.5,8,6,14,0,3,2,3,0,4,6,10,-6,38.8,1,0,34.0,1,44,44,44,12,43,42,46,41,63,41,10,4,37,1,9,2,64,7,7,2,1,67,5,39,62,16,1,1,18,1,112.0,107.6,118.8,118.8,124.1,124.7,124.7,-16.6,-5.9,-5.9,0.0,0.0,0.0,0.157,0.24,0.184,21.4,22.2,0.429,0.475,0.14,0.133,120.41,114.25,95.21,114.25,0.05,80,3.0,7.0,38,20,20,69,68,68,61,54,54,64,54,64,7,11,4,77,77,54,54,61,63,6,15,15,63,43,42,36,18,0,0,2,0,0,0.0,0.0,0,0,0,0.0,0,0,0.0,0,0.0,0,0.0,0,0.0,0,0.0,0,0.0,10,46,22,0.9,1.16,0.3,0.217,2,3,14,0.0,0.333,0.286,4.0,3.0,0.5,17.0,0.471,0.0,0.471,7.9,0.0,6.0,0.0,12.0,0.5,2.0,0.6,9.0,4.0,9.0,0.286,28.0,0.5,2.0,0.538,8.4,1.0,0.429,0.0,3.0,0.0,0.0,0.429,0.0,3.0,0.0,0.0,0.0,0.0,,0.286,1.0,2.0,0.5,0.5,0.286,1.0,2.0,0.5,0.0,0.0,0.0,,0.286,2.0,2.0,1.0,1.0,0.286,2.0,2.0,1.0,0.0,0.0,0.0,,,,,,,,,,,,,,,0,0,,0,,,,,0,0.0,4,0.333,1,0.0,0,0.0,0.429,3,7,0.429,0,0,0.0,0.0,0.0,0.0,0.0,0.0,0.0,0.0,0.0,0.0,0.0,0.0,0.0,0.0,0.0,0.0,0.0,0.0,0.0,OKC,3,7,0.429,0.0,0.0,0.0,0.0,0.0,0.0,0.0,0.0,0.0,0.0,0.0,0.0,0.0,0.0,0.0,0.0,0.0,0.0,0.0,0.0,0.0,0.0,0.0,0.0,0,0,,,,,13.0,22.0,0.591,0.504,0.087,,,,,,13.0,22.0,0.591,0.521,0.07,6.0,10.0,0.6,0.612,-0.012,8.0,13.0,0.615,0.574,0.041,0.0,2.0,0.0,0.412,-0.412,16.0,16.0,0.0,2.0,0.0,1.0,2.0,0.0,3.0,3.0,0.0,1.0,12.0,7.0,19.0,8.0,4.0,0.632,0.368,1.0,0.5,0,0,1,2,0.5,0.333,1,0.333,0,0.0,0,0.0,1,0.333,13026,2.5,1.2,1.2,4.13,4.1,3.84,2019,20181021,False
1627752,Taurean Prince,Taurean,1610612737,ATL,25.0,1,1,0,1.0,25.803333333333335,5,16,0.313,1,6,0.167,3,3,1.0,1,5,6,1,2,2,1,0,3,3,14,7,29.7,0,0,28.0,1,1,1,1,35,26,11,64,22,11,35,16,24,1,22,16,15,47,13,7,10,1,45,23,24,19,22,11,1,23,1,106.0,103.6,103.3,103.3,93.1,91.7,91.7,10.5,11.7,11.7,0.056,0.5,5.0,0.032,0.179,0.102,10.0,9.8,0.344,0.404,0.275,0.285,110.61,111.61,93.01,111.61,0.071,60,5.0,16.0,45,47,47,13,13,13,29,26,26,56,48,62,38,21,24,45,47,62,62,9,9,26,24,24,54,26,11,24,29,0,0,1,2,1,0.042,0.042,6,2,3,0.667,0,0,0.0,4,0.667,3,0.5,0,0.0,0,0.0,0,0.0,14,45,31,1.9,2.54,1.51,0.311,0,0,0,0.0,0.0,0.0,0.0,2.0,0.0,1.0,1.0,0.0,1.0,30.1,3.0,1.0,0.6,6.0,0.833,0.0,0.833,5.2,3.0,3.0,0.5,7.0,0.857,0.0,0.857,10.2,,,,,,,,,,,,,,,0.313,2.0,5.0,0.4,0.4,0.25,2.0,4.0,0.5,0.063,0.0,1.0,0.0,0.625,3.0,10.0,0.3,0.35,0.375,2.0,6.0,0.333,0.25,1.0,4.0,0.25,0.063,0.0,1.0,0.0,0.0,0.0,0.0,0.0,,0.063,0.0,1.0,0.0,0,5,0.0,0,0.0,3.0,0.0,0.0,3,0.2,0,0.0,0,0.0,0,0.0,0.344,4,5,0.8,0,1,0.0,0.0,4.0,0.0,0.0,0.0,0.0,0.0,2.0,0.0,1.0,4.0,0.25,0.0,0.0,0.0,0.0,2.0,0.0,ATL,4,5,0.8,0.0,1.0,0.0,0.0,1.0,0.0,0.0,2.0,0.0,0.0,3.0,0.0,1.0,4.0,0.25,0.0,0.0,0.0,0.0,0.0,0.0,0.0,0.0,0.0,1,5,1.0,3.0,0.333,0.3,3.0,9.0,0.333,0.447,-0.114,0.0,3.0,0.0,0.354,-0.354,3.0,6.0,0.5,0.508,-0.008,1.0,2.0,0.5,0.545,-0.045,1.0,2.0,0.5,0.505,-0.005,1.0,5.0,0.2,0.358,-0.158,5.0,3.0,2.0,4.0,0.0,0.0,0.0,1.0,2.0,3.0,0.333,0.667,0.0,1.0,1.0,0.0,0.0,0.0,1.0,0.0,0.0,0,0,0,0,0.0,0.0,0,0.0,0,0.0,0,0.0,0,0.0,10028,1.9,0.9,1.0,4.15,4.01,4.29,2019,20181021,False
1628390,Terrance Ferguson,Terrance,1610612760,OKC,21.0,1,0,1,0.0,19.05666666666667,1,7,0.143,0,3,0.0,0,0,0.0,1,1,2,0,1,1,0,0,2,1,2,-11,6.4,0,0,6.0,1,44,44,44,56,64,42,74,41,32,41,49,53,49,22,60,58,64,34,14,35,1,32,47,74,73,72,11,1,74,1,112.0,93.6,97.9,97.9,124.3,121.3,121.3,-30.8,-23.4,-23.4,0.0,0.0,0.0,0.036,0.059,0.044,12.5,12.5,0.143,0.143,0.143,0.148,119.64,118.38,98.65,118.38,-0.051,47,1.0,7.0,67,61,61,70,64,64,74,69,69,64,54,64,35,64,64,55,58,74,76,57,60,7,6,6,79,64,42,11,14,0,1,2,0,1,0.0,0.091,2,0,0,0.0,0,0,0.0,0,0.0,1,0.5,0,0.0,1,0.5,0,0.0,2,19,16,0.3,0.99,0.58,0.105,1,0,4,0.0,0.0,0.5,0.0,1.0,0.0,2.0,0.5,0.0,0.5,15.7,1.0,0.0,1.0,2.0,0.5,0.0,0.5,3.7,1.0,1.0,0.5,4.0,0.5,0.0,0.5,9.7,,,,,,,,,,,,,,,0.429,0.0,3.0,0.0,0.0,0.429,0.0,3.0,0.0,0.0,0.0,0.0,,0.286,1.0,2.0,0.5,0.5,0.143,1.0,1.0,1.0,0.143,0.0,1.0,0.0,0.286,0.0,2.0,0.0,0.0,0.0,0.0,0.0,,0.286,0.0,2.0,0.0,0,0,,0,0.0,0.0,,,0,0.0,2,0.333,0,0.0,0,0.0,0.143,1,4,0.25,0,0,0.0,0.0,0.0,0.0,0.0,0.0,0.0,0.0,2.0,0.0,0.0,1.0,0.0,,,,0.0,2.0,0.0,OKC,1,4,0.25,0.0,0.0,0.0,0.0,0.0,0.0,0.0,0.0,0.0,0.0,2.0,0.0,0.0,1.0,0.0,0.0,0.0,0.0,,,,,,,0,3,0.0,3.0,0.0,0.0,4.0,5.0,0.8,0.417,0.383,2.0,2.0,1.0,0.349,0.651,2.0,3.0,0.667,0.48,0.187,1.0,1.0,1.0,0.588,0.412,1.0,1.0,1.0,0.552,0.448,3.0,3.0,1.0,0.349,0.651,5.0,3.0,2.0,1.0,0.0,0.0,0.0,0.0,1.0,1.0,0.0,1.0,1.0,1.0,2.0,2.0,0.0,0.5,0.5,1.0,0.0,0,0,0,0,0.0,0.0,0,0.0,0,0.0,0,0.0,0,0.0,8235,1.6,0.8,0.8,4.77,5.2,4.4,2019,20181021,False
202699,Tobias Harris,Tobias,1610612755,PHI,26.0,1,1,0,1.0,34.833333333333336,9,15,0.6,2,5,0.4,3,3,1.0,1,3,4,1,2,0,0,1,1,3,23,-1,27.3,0,0,30.0,1,1,1,1,11,8,15,20,12,18,22,16,24,1,22,33,35,47,13,46,35,53,15,23,8,49,24,11,1,21,1,,113.0,112.9,112.9,111.9,114.3,114.3,1.1,-1.4,-1.4,0.05,0.5,5.3,0.03,0.1,0.063,10.5,10.4,0.667,0.705,0.222,0.232,97.45,96.46,80.38,96.46,0.123,70,9.0,15.0,25,27,27,57,56,56,44,47,47,59,48,61,41,46,50,49,49,24,23,25,26,81,84,84,33,8,15,40,47,0,0,1,2,1,0.025,0.025,8,1,2,0.5,2,2,1.0,5,0.625,4,0.5,1,0.125,1,0.125,1,0.125,23,63,43,2.7,2.54,1.67,0.365,3,3,4,1.333,0.667,1.5,1.0,0.0,1.0,2.0,0.5,0.0,0.5,1.8,0.0,3.0,0.0,4.0,0.75,0.0,0.75,3.5,1.0,3.0,0.25,6.0,0.667,0.0,0.667,3.0,1.0,0.267,2.0,4.0,0.5,0.5,0.267,2.0,4.0,0.5,0.0,0.0,0.0,,0.4,5.0,6.0,0.833,0.833,0.4,5.0,6.0,0.833,0.0,0.0,0.0,,0.333,2.0,5.0,0.4,0.6,0.0,0.0,0.0,,0.333,2.0,5.0,0.4,,,,,,,,,,,,,,2,3,0.667,5,1.0,2.0,0.5,0.833,3,0.333,6,1.0,2,0.5,4,1.0,0.667,6,8,0.75,1,2,0.5,0.0,0.0,0.0,0.0,1.0,0.0,0.0,0.0,0.0,2.0,4.0,0.5,0.0,0.0,0.0,0.0,1.0,0.0,PHI,6,8,0.75,0.0,1.0,0.0,1.0,1.0,1.0,0.0,0.0,0.0,0.0,2.0,0.0,2.0,3.0,0.667,0.0,0.0,0.0,0.0,0.0,0.0,0.0,0.0,0.0,1,3,1.0,3.0,0.333,0.5,3.0,11.0,0.273,0.413,-0.141,2.0,6.0,0.333,0.348,-0.015,1.0,5.0,0.2,0.516,-0.316,1.0,4.0,0.25,0.56,-0.31,1.0,4.0,0.25,0.541,-0.291,2.0,6.0,0.333,0.349,-0.015,6.0,2.0,4.0,0.0,0.0,0.0,0.0,0.0,0.0,0.0,0.0,0.0,1.0,2.0,3.0,1.0,1.0,0.333,0.667,1.0,1.0,1,2,0,0,0.0,0.667,0,0.0,0,0.0,1,0.333,0,0.0,13595,2.6,1.5,1.1,4.24,4.73,3.72,2019,20181021,False
1628470,Torrey Craig,Torrey,1610612743,DEN,28.0,1,1,0,1.0,26.59,2,5,0.4,1,4,0.25,0,0,0.0,4,5,9,2,0,1,1,0,4,0,5,-5,24.8,0,0,21.0,1,1,1,1,31,54,54,48,22,26,32,49,53,49,4,16,9,31,64,14,10,1,67,67,57,58,30,11,1,37,1,101.0,97.1,94.6,94.6,102.7,105.5,105.5,-5.6,-10.8,-10.8,0.125,0.0,28.6,0.114,0.227,0.158,0.0,0.0,0.5,0.5,0.076,0.08,100.22,100.19,83.49,100.19,0.098,56,2.0,5.0,63,67,67,32,36,36,53,60,60,36,54,15,9,14,7,1,1,43,50,79,79,70,71,71,43,54,54,22,14,0,0,3,5,2,0.091,0.091,1,1,1,1.0,0,0,0.0,2,2.0,0,0.0,0,0.0,0,0.0,0,0.0,5,27,19,0.8,1.71,0.93,0.185,1,0,3,0.0,0.0,0.0,1.0,3.0,0.25,6.0,0.667,0.0,0.667,14.2,0.0,5.0,0.0,7.0,0.714,1.0,0.833,7.6,1.0,8.0,0.111,13.0,0.692,1.0,0.75,10.5,,,,,,,,,,,,,,,,,,,,,,,,,,,,0.4,1.0,2.0,0.5,0.5,0.2,1.0,1.0,1.0,0.2,0.0,1.0,0.0,0.6,1.0,3.0,0.333,0.5,0.0,0.0,0.0,,0.6,1.0,3.0,0.333,0,0,,0,0.0,0.0,,,3,0.25,0,0.0,0,0.0,0,0.0,0.5,0,0,0.0,0,0,0.0,1.0,1.0,1.0,0.0,0.0,0.0,1.0,2.0,0.5,0.0,2.0,0.0,0.0,0.0,0.0,1.0,2.0,0.5,DEN,0,0,0.0,1.0,1.0,1.0,0.0,0.0,0.0,0.0,0.0,0.0,1.0,3.0,0.333,0.0,1.0,0.0,,,,,,,0.0,0.0,0.0,1,4,1.0,4.0,0.25,0.375,0.0,4.0,0.0,0.507,-0.507,0.0,1.0,0.0,0.368,-0.368,0.0,3.0,0.0,0.557,-0.557,,,,,,,,,,,0.0,1.0,0.0,0.445,-0.445,5.0,4.0,1.0,0.0,0.0,0.0,0.0,2.0,1.0,3.0,0.667,0.333,0.0,0.0,0.0,0.0,0.0,0.0,0.0,0.0,0.0,0,0,0,0,0.0,0.0,0,0.0,0,0.0,0,0.0,0,0.0,11398,2.2,1.2,1.0,4.73,4.75,4.72,2019,20181021,False
1629027,Trae Young,Trae,1610612737,ATL,20.0,1,1,0,1.0,37.678333333333335,13,23,0.565,6,14,0.429,3,3,1.0,0,2,2,11,1,1,0,1,2,5,35,19,55.9,1,0,56.0,1,1,1,1,6,1,2,27,1,2,21,16,24,1,47,46,58,2,34,14,35,53,32,8,1,2,2,1,1,2,1,106.0,120.7,127.1,127.1,104.4,106.0,106.0,16.3,21.1,21.1,0.423,11.0,30.6,0.0,0.051,0.026,2.8,2.8,0.696,0.72,0.263,0.268,111.32,107.65,89.71,107.65,0.21,85,13.0,23.0,14,10,10,36,38,38,22,14,14,2,1,14,47,69,73,23,23,22,21,12,17,23,35,35,7,1,2,82,106,0,2,13,24,13,0.134,0.159,11,7,8,0.875,0,0,0.0,15,1.364,2,0.182,1,0.091,0,0.0,0,0.0,35,115,46,8.6,4.49,4.21,0.304,0,0,0,0.0,0.0,0.0,0.0,0.0,0.0,2.0,0.0,0.0,0.0,0.0,1.0,1.0,0.5,3.0,0.667,0.0,0.667,9.6,1.0,1.0,0.5,5.0,0.4,0.0,0.4,9.6,1.0,0.043,0.0,1.0,0.0,0.0,0.043,0.0,1.0,0.0,0.0,0.0,0.0,,0.217,5.0,5.0,1.0,1.0,0.217,5.0,5.0,1.0,0.0,0.0,0.0,,0.348,2.0,8.0,0.25,0.25,0.13,2.0,3.0,0.667,0.217,0.0,5.0,0.0,0.391,6.0,9.0,0.667,1.0,0.0,0.0,0.0,,0.391,6.0,9.0,0.667,4,10,0.4,11,3.0,9.0,0.333,0.55,9,0.6,0,0.0,0,0.0,0,0.0,0.696,6,8,0.75,1,1,1.0,0.0,0.0,0.0,0.0,0.0,0.0,0.0,0.0,0.0,6.0,14.0,0.429,0.0,0.0,0.0,0.0,0.0,0.0,ATL,6,8,0.75,0.0,0.0,0.0,1.0,1.0,1.0,0.0,0.0,0.0,0.0,0.0,0.0,2.0,5.0,0.4,3.0,6.0,0.5,1.0,3.0,0.333,0.0,0.0,0.0,3,5,3.0,5.0,0.6,0.9,2.0,12.0,0.167,0.446,-0.28,0.0,2.0,0.0,0.354,-0.354,2.0,10.0,0.2,0.47,-0.27,2.0,7.0,0.286,0.567,-0.281,2.0,7.0,0.286,0.526,-0.241,0.0,4.0,0.0,0.369,-0.369,4.0,3.0,1.0,2.0,0.0,0.0,0.0,0.0,1.0,1.0,0.0,1.0,0.0,0.0,0.0,0.0,0.0,0.0,0.0,0.0,0.0,0,0,0,0,0.0,0.0,0,0.0,0,0.0,0,0.0,0,0.0,15038,2.8,1.6,1.2,4.15,4.72,3.57,2019,20181021,False
1626168,Trey Lyles,Trey,1610612743,DEN,23.0,1,1,0,1.0,21.566666666666666,2,8,0.25,0,5,0.0,2,4,0.5,1,3,4,3,1,3,0,0,0,2,6,5,23.3,0,0,19.0,1,1,1,1,52,54,35,66,41,18,41,27,17,37,22,33,35,22,34,2,35,1,1,31,53,26,34,11,1,43,1,101.0,108.5,111.4,111.4,95.7,100.0,100.0,12.8,11.4,11.4,0.188,3.0,21.4,0.045,0.15,0.095,7.1,7.3,0.25,0.307,0.212,0.215,101.4,97.93,81.61,97.93,0.099,44,2.0,8.0,37,31,31,18,25,25,27,27,27,21,9,27,29,29,28,33,33,66,71,30,33,62,78,78,41,54,35,33,29,0,1,5,8,4,0.091,0.121,3,0,0,0.0,2,2,1.0,2,0.667,2,0.667,1,0.333,0,0.0,1,0.333,6,44,28,1.1,1.47,0.57,0.136,1,1,2,2.0,0.0,1.0,1.0,0.0,1.0,1.0,1.0,0.0,1.0,4.4,1.0,2.0,0.333,5.0,0.6,1.0,0.75,4.7,2.0,2.0,0.5,6.0,0.667,1.0,0.8,4.6,,,,,,,,,,,,,,,0.375,1.0,3.0,0.333,0.333,0.25,1.0,2.0,0.5,0.125,0.0,1.0,0.0,0.25,0.0,2.0,0.0,0.0,0.0,0.0,0.0,,0.25,0.0,2.0,0.0,0.375,1.0,3.0,0.333,0.333,0.125,1.0,1.0,1.0,0.25,0.0,2.0,0.0,0,0,,0,0.0,0.0,,,2,0.167,2,1.0,0,0.0,2,0.0,0.25,1,1,1.0,0,0,0.0,1.0,2.0,0.5,0.0,0.0,0.0,0.0,0.0,0.0,0.0,5.0,0.0,0.0,0.0,0.0,0.0,0.0,0.0,DEN,1,1,1.0,0.0,1.0,0.0,0.0,0.0,0.0,1.0,1.0,1.0,0.0,1.0,0.0,0.0,4.0,0.0,,,,0.0,0.0,0.0,0.0,0.0,0.0,1,6,0.0,5.0,0.0,0.167,3.0,11.0,0.273,0.479,-0.206,1.0,6.0,0.167,0.401,-0.234,2.0,5.0,0.4,0.558,-0.158,1.0,2.0,0.5,0.665,-0.165,1.0,2.0,0.5,0.613,-0.113,2.0,9.0,0.222,0.405,-0.182,10.0,4.0,6.0,1.0,0.0,3.0,6.0,0.0,2.0,2.0,0.0,1.0,1.0,3.0,4.0,3.0,2.0,0.25,0.75,1.0,0.667,0,1,0,0,0.0,0.0,0,0.0,0,0.0,0,0.0,0,0.0,7804,1.5,0.8,0.7,3.9,4.19,3.63,2019,20181021,False
202684,Tristan Thompson,Tristan,1610612739,CLE,28.0,1,0,1,0.0,27.283333333333335,5,6,0.833,0,0,0.0,1,2,0.5,3,6,9,1,1,1,1,0,4,4,11,0,28.3,0,0,25.0,1,44,44,44,28,26,47,7,41,63,41,38,30,37,6,9,9,47,34,14,10,1,67,13,34,42,23,11,1,27,1,105.0,107.1,112.3,112.3,110.2,112.3,112.3,-3.1,0.0,0.0,0.043,1.0,11.1,0.103,0.207,0.155,11.1,11.3,0.833,0.799,0.118,0.115,103.66,100.28,83.57,100.28,0.122,57,5.0,6.0,40,29,29,51,52,52,50,44,44,61,33,51,11,17,9,51,52,11,15,69,70,52,70,70,35,26,47,35,22,0,1,4,3,2,0.029,0.057,0,0,0,0.0,0,0,0.0,0,0.0,0,0.0,0,0.0,0,0.0,0,0.0,11,43,22,1.1,1.52,0.53,0.256,3,0,8,0.0,0.0,1.25,2.0,1.0,0.667,7.0,0.429,0.0,0.429,3.8,0.0,6.0,0.0,9.0,0.667,0.0,0.667,4.4,2.0,7.0,0.222,16.0,0.563,0.0,0.563,4.2,,,,,,,,,,,,,,,0.833,4.0,5.0,0.8,0.8,0.833,4.0,5.0,0.8,0.0,0.0,0.0,,0.167,1.0,1.0,1.0,1.0,0.167,1.0,1.0,1.0,0.0,0.0,0.0,,,,,,,,,,,,,,,0,0,,0,,,,,0,0.0,10,1.0,0,0.0,0,0.0,0.833,2,2,1.0,3,4,0.75,0.0,0.0,0.0,0.0,0.0,0.0,0.0,0.0,0.0,0.0,0.0,0.0,0.0,0.0,0.0,0.0,0.0,0.0,CLE,2,2,1.0,3.0,3.0,1.0,0.0,1.0,0.0,0.0,0.0,0.0,0.0,0.0,0.0,0.0,0.0,0.0,0.0,0.0,0.0,0.0,0.0,0.0,0.0,0.0,0.0,0,0,,,,,6.0,15.0,0.4,0.454,-0.054,2.0,6.0,0.333,0.324,0.009,4.0,9.0,0.444,0.534,-0.09,4.0,8.0,0.5,0.578,-0.078,4.0,8.0,0.5,0.56,-0.06,2.0,6.0,0.333,0.33,0.004,10.0,7.0,3.0,0.0,0.0,11.0,24.0,2.0,0.0,2.0,1.0,0.0,4.0,10.0,14.0,4.0,1.0,0.286,0.714,0.5,0.125,0,0,0,0,0.0,0.0,0,0.0,0,0.0,0,0.0,0,0.0,10881,2.1,1.1,1.0,4.34,4.5,4.17,2019,20181021,False
1713,Vince Carter,Vince,1610612737,ATL,42.0,1,1,0,1.0,12.306666666666667,1,3,0.333,1,2,0.5,0,0,0.0,0,0,0,2,1,1,0,0,0,1,3,-8,8.0,0,0,8.0,1,1,1,1,69,64,67,59,22,38,13,49,53,49,47,76,77,31,34,14,35,1,1,47,69,68,69,11,1,68,1,106.0,112.0,112.0,112.0,136.2,138.5,138.5,-24.2,-26.5,-26.5,0.182,2.0,33.3,0.0,0.0,0.0,16.7,16.7,0.5,0.5,0.143,0.148,100.32,99.46,82.88,99.46,0.047,25,1.0,3.0,30,30,30,81,84,84,70,71,71,23,17,7,47,76,77,69,70,43,50,57,59,68,73,73,64,64,67,18,14,0,0,3,6,2,0.111,0.111,0,0,0,0.0,0,0,0.0,0,0.0,0,0.0,0,0.0,0,0.0,0,0.0,3,22,14,0.6,1.63,0.59,0.136,1,0,1,0.0,0.0,0.0,,,,,,,,,,,,,,,,,,,,,,,,,,,,,,,,,,,,,,,,,,,,,,,,,,,,0.333,0.0,1.0,0.0,0.0,0.333,0.0,1.0,0.0,0.0,0.0,0.0,,0.667,1.0,2.0,0.5,0.75,0.0,0.0,0.0,,0.667,1.0,2.0,0.5,0,1,0.0,0,0.0,0.0,,0.0,3,0.5,0,0.0,0,0.0,0,0.0,0.5,0,0,0.0,0,0,0.0,0.0,1.0,0.0,,,,0.0,0.0,0.0,1.0,2.0,0.5,,,,0.0,0.0,0.0,ATL,0,0,0.0,0.0,0.0,0.0,0.0,0.0,0.0,0.0,0.0,0.0,0.0,1.0,0.0,1.0,1.0,1.0,0.0,1.0,0.0,,,,,,,1,2,1.0,2.0,0.5,0.75,2.0,5.0,0.4,0.43,-0.03,0.0,2.0,0.0,0.361,-0.361,2.0,3.0,0.667,0.487,0.18,0.0,1.0,0.0,0.5,-0.5,1.0,2.0,0.5,0.505,-0.005,1.0,3.0,0.333,0.33,0.003,2.0,1.0,1.0,2.0,0.0,2.0,6.0,1.0,0.0,1.0,1.0,0.0,0.0,1.0,1.0,0.0,0.0,0.0,1.0,0.0,0.0,0,0,0,0,0.0,0.0,0,0.0,0,0.0,0,0.0,0,0.0,4631,0.9,0.5,0.4,4.16,4.39,3.89,2019,20181021,False
1626161,Willie Cauley-Stein,Willie,1610612758,SAC,25.0,1,1,0,1.0,22.2,6,11,0.545,0,0,0.0,1,2,0.5,4,3,7,2,1,1,0,3,4,4,13,5,26.4,0,0,24.0,1,1,1,1,50,21,27,31,41,63,41,38,30,37,4,33,12,31,34,14,35,82,67,13,26,26,25,11,1,29,1,110.0,120.0,117.3,117.3,102.9,103.7,103.7,17.0,13.6,13.6,0.111,2.0,13.3,0.16,0.097,0.125,6.7,6.7,0.545,0.547,0.22,0.223,113.77,114.59,95.5,114.59,0.093,52,6.0,11.0,16,22,22,33,33,33,21,22,22,42,17,44,5,50,18,30,31,40,45,28,29,16,14,14,47,21,27,28,24,1,0,5,6,3,0.071,0.107,6,0,4,0.0,0,0,0.0,0,0.0,1,0.167,0,0.0,0,0.0,0,0.0,13,42,27,1.3,1.89,0.74,0.31,4,3,5,0.0,1.333,1.2,2.0,2.0,0.5,6.0,0.667,0.0,0.667,12.5,1.0,2.0,0.333,7.0,0.429,1.0,0.5,5.0,3.0,4.0,0.429,13.0,0.538,1.0,0.583,9.3,1.0,0.091,1.0,1.0,1.0,1.0,0.091,1.0,1.0,1.0,0.0,0.0,0.0,,0.818,4.0,9.0,0.444,0.444,0.818,4.0,9.0,0.444,0.0,0.0,0.0,,0.091,1.0,1.0,1.0,1.0,0.091,1.0,1.0,1.0,0.0,0.0,0.0,,,,,,,,,,,,,,,1,1,1.0,2,,,,1.0,0,0.0,6,1.0,4,1.0,0,0.0,0.545,6,11,0.545,0,0,0.0,0.0,0.0,0.0,0.0,0.0,0.0,0.0,0.0,0.0,0.0,0.0,0.0,0.0,0.0,0.0,0.0,0.0,0.0,SAC,6,11,0.545,0.0,0.0,0.0,0.0,0.0,0.0,0.0,0.0,0.0,0.0,0.0,0.0,0.0,0.0,0.0,0.0,0.0,0.0,0.0,0.0,0.0,0.0,0.0,0.0,0,0,,,,,4.0,9.0,0.444,0.452,-0.007,1.0,3.0,0.333,0.387,-0.054,3.0,6.0,0.5,0.501,-0.001,3.0,6.0,0.5,0.61,-0.11,3.0,6.0,0.5,0.575,-0.075,1.0,3.0,0.333,0.393,-0.059,7.0,6.0,1.0,1.0,0.0,0.0,0.0,1.0,1.0,2.0,0.5,0.5,0.0,8.0,8.0,5.0,0.0,0.0,1.0,1.0,0.0,2,2,0,0,0.0,1.333,1,0.333,0,0.0,0,0.0,0,0.0,9200,1.7,0.9,0.8,4.34,4.29,4.4,2019,20181021,False
1627812,Yogi Ferrell,Yogi,1610612758,SAC,26.0,1,1,0,1.0,19.553333333333335,4,7,0.571,0,2,0.0,1,1,1.0,1,3,4,0,1,1,1,0,1,3,9,1,18.8,0,0,17.0,1,1,1,1,55,34,42,26,41,38,41,38,48,1,22,33,35,64,34,14,10,1,15,23,41,38,47,11,1,47,1,110.0,93.4,93.0,93.0,86.4,86.7,86.7,7.0,6.4,6.4,0.0,0.0,0.0,0.038,0.111,0.075,12.5,11.8,0.571,0.605,0.154,0.163,108.01,108.01,90.01,108.01,0.222,43,4.0,7.0,69,70,70,9,9,9,33,36,36,64,54,64,31,40,44,55,54,37,37,54,55,36,33,33,5,34,42,30,28,0,0,4,0,0,0.0,0.0,2,1,1,1.0,0,0,0.0,2,1.0,1,0.5,0,0.0,0,0.0,0,0.0,9,38,13,3.1,4.87,4.11,0.237,0,0,1,0.0,0.0,3.0,0.0,1.0,0.0,3.0,0.333,1.0,0.5,8.4,0.0,3.0,0.0,7.0,0.429,0.0,0.429,10.8,0.0,4.0,0.0,9.0,0.444,1.0,0.5,10.2,1.0,0.143,1.0,1.0,1.0,1.0,0.143,1.0,1.0,1.0,0.0,0.0,0.0,,0.571,3.0,4.0,0.75,0.75,0.571,3.0,4.0,0.75,0.0,0.0,0.0,,0.143,0.0,1.0,0.0,0.0,0.0,0.0,0.0,,0.143,0.0,1.0,0.0,0.143,0.0,1.0,0.0,0.0,0.0,0.0,0.0,,0.143,0.0,1.0,0.0,1,2,0.5,2,0.0,0.0,,0.5,0,0.0,3,1.0,0,0.0,0,0.0,0.571,3,3,1.0,0,0,0.0,1.0,2.0,0.5,0.0,1.0,0.0,0.0,0.0,0.0,0.0,1.0,0.0,0.0,0.0,0.0,0.0,1.0,0.0,SAC,3,3,1.0,0.0,0.0,0.0,1.0,1.0,1.0,0.0,1.0,0.0,0.0,1.0,0.0,0.0,1.0,0.0,0.0,0.0,0.0,,,,0.0,0.0,0.0,0,2,0.0,2.0,0.0,0.0,6.0,10.0,0.6,0.451,0.15,1.0,2.0,0.5,0.231,0.27,5.0,8.0,0.625,0.505,0.12,4.0,5.0,0.8,0.622,0.178,5.0,7.0,0.714,0.562,0.153,1.0,2.0,0.5,0.254,0.247,3.0,1.0,2.0,1.0,0.0,0.0,0.0,0.0,0.0,0.0,0.0,0.0,0.0,2.0,2.0,2.0,0.0,0.0,1.0,1.0,0.0,0,0,0,0,0.0,0.0,0,0.0,0,0.0,0,0.0,0,0.0,8156,1.5,0.9,0.7,4.25,4.84,4.21,2019,20181021,False
