PLAYER_ID,PLAYER_NAME,NICKNAME,TEAM_ID,TEAM_ABBREVIATION,AGE,GP,W,L,W_PCT,MIN,FGM,FGA,FG_PCT,FG3M,FG3A,FG3_PCT,FTM,FTA,FT_PCT,OREB,DREB,REB,AST,TOV,STL,BLK,BLKA,PF,PFD,PTS,PLUS_MINUS,NBA_FANTASY_PTS,DD2,TD3,WNBA_FANTASY_PTS,GP_RANK,W_RANK,L_RANK,W_PCT_RANK,MIN_RANK,FGM_RANK,FGA_RANK,FG_PCT_RANK,FG3M_RANK,FG3A_RANK,FG3_PCT_RANK,FTM_RANK,FTA_RANK,FT_PCT_RANK,OREB_RANK,DREB_RANK,REB_RANK,AST_RANK,TOV_RANK,STL_RANK,BLK_RANK,BLKA_RANK,PF_RANK,PFD_RANK,PTS_RANK,PLUS_MINUS_RANK,NBA_FANTASY_PTS_RANK,DD2_RANK,TD3_RANK,WNBA_FANTASY_PTS_RANK,TEAM_COUNT,team_poss,E_OFF_RATING,OFF_RATING,sp_work_OFF_RATING,E_DEF_RATING,DEF_RATING,sp_work_DEF_RATING,E_NET_RATING,NET_RATING,sp_work_NET_RATING,AST_PCT,AST_TO,AST_RATIO,OREB_PCT,DREB_PCT,REB_PCT,TM_TOV_PCT,E_TOV_PCT,EFG_PCT,TS_PCT,USG_PCT,E_USG_PCT,E_PACE,PACE,PACE_PER40,sp_work_PACE,PIE,POSS,FGM_PG,FGA_PG,E_OFF_RATING_RANK,OFF_RATING_RANK,sp_work_OFF_RATING_RANK,E_DEF_RATING_RANK,DEF_RATING_RANK,sp_work_DEF_RATING_RANK,E_NET_RATING_RANK,NET_RATING_RANK,sp_work_NET_RATING_RANK,AST_PCT_RANK,AST_TO_RANK,AST_RATIO_RANK,OREB_PCT_RANK,DREB_PCT_RANK,REB_PCT_RANK,TM_TOV_PCT_RANK,E_TOV_PCT_RANK,EFG_PCT_RANK,TS_PCT_RANK,USG_PCT_RANK,E_USG_PCT_RANK,E_PACE_RANK,PACE_RANK,sp_work_PACE_RANK,PIE_RANK,FGM_PG_RANK,FGA_PG_RANK,PASSES_MADE,PASSES_RECEIVED,FT_AST,SECONDARY_AST,POTENTIAL_AST,AST_PTS_CREATED,AST_ADJ,AST_TO_PASS_PCT,AST_TO_PASS_PCT_ADJ,DRIVES,DRIVE_FGM,DRIVE_FGA,DRIVE_FG_PCT,DRIVE_FTM,DRIVE_FTA,DRIVE_FT_PCT,DRIVE_PTS,DRIVE_PTS_PCT,DRIVE_PASSES,DRIVE_PASSES_PCT,DRIVE_AST,DRIVE_AST_PCT,DRIVE_TOV,DRIVE_TOV_PCT,DRIVE_PF,DRIVE_PF_PCT,POINTS,TOUCHES,FRONT_CT_TOUCHES,TIME_OF_POSS,AVG_SEC_PER_TOUCH,AVG_DRIB_PER_TOUCH,PTS_PER_TOUCH,ELBOW_TOUCHES,POST_TOUCHES,PAINT_TOUCHES,PTS_PER_ELBOW_TOUCH,PTS_PER_POST_TOUCH,PTS_PER_PAINT_TOUCH,OREB_CONTEST,OREB_UNCONTEST,OREB_CONTEST_PCT,OREB_CHANCES,OREB_CHANCE_PCT,OREB_CHANCE_DEFER,OREB_CHANCE_PCT_ADJ,AVG_OREB_DIST,DREB_CONTEST,DREB_UNCONTEST,DREB_CONTEST_PCT,DREB_CHANCES,DREB_CHANCE_PCT,DREB_CHANCE_DEFER,DREB_CHANCE_PCT_ADJ,AVG_DREB_DIST,REB_CONTEST,REB_UNCONTEST,REB_CONTEST_PCT,REB_CHANCES,REB_CHANCE_PCT,REB_CHANCE_DEFER,REB_CHANCE_PCT_ADJ,AVG_REB_DIST,G,very_tight_FGA_FREQUENCY,very_tight_FGM,very_tight_FGA,very_tight_FG_PCT,very_tight_EFG_PCT,very_tight_FG2A_FREQUENCY,very_tight_FG2M,very_tight_FG2A,very_tight_FG2_PCT,very_tight_FG3A_FREQUENCY,very_tight_FG3M,very_tight_FG3A,very_tight_FG3_PCT,tight_FGA_FREQUENCY,tight_FGM,tight_FGA,tight_FG_PCT,tight_EFG_PCT,tight_FG2A_FREQUENCY,tight_FG2M,tight_FG2A,tight_FG2_PCT,tight_FG3A_FREQUENCY,tight_FG3M,tight_FG3A,tight_FG3_PCT,open_FGA_FREQUENCY,open_FGM,open_FGA,open_FG_PCT,open_EFG_PCT,open_FG2A_FREQUENCY,open_FG2M,open_FG2A,open_FG2_PCT,open_FG3A_FREQUENCY,open_FG3M,open_FG3A,open_FG3_PCT,wide_open_FGA_FREQUENCY,wide_open_FGM,wide_open_FGA,wide_open_FG_PCT,wide_open_EFG_PCT,wide_open_FG2A_FREQUENCY,wide_open_FG2M,wide_open_FG2A,wide_open_FG2_PCT,wide_open_FG3A_FREQUENCY,wide_open_FG3M,wide_open_FG3A,wide_open_FG3_PCT,PULL_UP_FGM,PULL_UP_FGA,PULL_UP_FG_PCT,PULL_UP_PTS,PULL_UP_FG3M,PULL_UP_FG3A,PULL_UP_FG3_PCT,PULL_UP_EFG_PCT,CATCH_SHOOT_PTS,CATCH_SHOOT_FG_PCT,PAINT_TOUCH_PTS,PAINT_TOUCH_FG_PCT,POST_TOUCH_PTS,POST_TOUCH_FG_PCT,ELBOW_TOUCH_PTS,ELBOW_TOUCH_FG_PCT,EFF_FG_PCT,RA_FGM,RA_FGA,RA_FG_PCT,ITP_FGM,ITP_FGA,ITP_FG_PCT,MID_FGM,MID_FGA,MID_FG_PCT,LEFT_CORNER_3_FGM,LEFT_CORNER_3_FGA,LEFT_CORNER_3_FG_PCT,RIGHT_CORNER_3_FGM,RIGHT_CORNER_3_FGA,RIGHT_CORNER_3_FG_PCT,ABOVE_BREAK_3_FGM,ABOVE_BREAK_3_FGA,ABOVE_BREAK_3_FG_PCT,BACKCOURT_FGM,BACKCOURT_FGA,BACKCOURT_FG_PCT,CORNER_3_FGM,CORNER_3_FGA,CORNER_3_FG_PCT,TEAM_ABBR,FGM_LT_5,FGA_LT_5,FGP_LT_5,FGM_5_9,FGA_5_9,FGP_5_9,FGM_10_14,FGA_10_14,FGP_10_14,FGM_15_19,FGA_15_19,FGP_15_19,FGM_20_24,FGA_20_24,FGP_20_24,FGM_25_29,FGA_25_29,FGP_25_29,FGM_30_34,FGA_30_34,FGP_30_34,FGM_35_39,FGA_35_39,FGP_35_39,FGM_40_PLUS,FGA_40_PLUS,FGP_40_PLUS,CATCH_SHOOT_FGM,CATCH_SHOOT_FGA,CATCH_SHOOT_FG3M,CATCH_SHOOT_FG3A,CATCH_SHOOT_FG3_PCT,CATCH_SHOOT_EFG_PCT,overall_def_D_FGM,overall_def_D_FGA,overall_def_D_FG_PCT,overall_def_NORMAL_FG_PCT,overall_def_PCT_PLUSMINUS,three_pt_def_FG3M,three_pt_def_FG3A,three_pt_def_FG3_PCT,three_pt_def_NS_FG3_PCT,three_pt_def_PLUSMINUS,two_pt_def_FG2M,two_pt_def_FG2A,two_pt_def_FG2_PCT,two_pt_def_NS_FG2_PCT,two_pt_def_PLUSMINUS,less_6ft_def_FGM_LT_06,less_6ft_def_FGA_LT_06,less_6ft_def_LT_06_PCT,less_6ft_def_NS_LT_06_PCT,less_6ft_def_PLUSMINUS,less_10ft_def_FGM_LT_10,less_10ft_def_FGA_LT_10,less_10ft_def_LT_10_PCT,less_10ft_def_NS_LT_10_PCT,less_10ft_def_PLUSMINUS,more_15ft_def_FGM_GT_15,more_15ft_def_FGA_GT_15,more_15ft_def_GT_15_PCT,more_15ft_def_NS_GT_15_PCT,more_15ft_def_PLUSMINUS,hustle_CONTESTED_SHOTS,hustle_CONTESTED_SHOTS_2PT,hustle_CONTESTED_SHOTS_3PT,hustle_DEFLECTIONS,hustle_CHARGES_DRAWN,hustle_SCREEN_ASSISTS,hustle_SCREEN_AST_PTS,hustle_OFF_LOOSE_BALLS_RECOVERED,hustle_DEF_LOOSE_BALLS_RECOVERED,hustle_LOOSE_BALLS_RECOVERED,hustle_PCT_LOOSE_BALLS_RECOVERED_OFF,hustle_PCT_LOOSE_BALLS_RECOVERED_DEF,hustle_OFF_BOXOUTS,hustle_DEF_BOXOUTS,hustle_BOX_OUTS,hustle_BOX_OUT_PLAYER_TEAM_REBS,hustle_BOX_OUT_PLAYER_REBS,hustle_PCT_BOX_OUTS_OFF,hustle_PCT_BOX_OUTS_DEF,hustle_PCT_BOX_OUTS_TEAM_REB,hustle_PCT_BOX_OUTS_REB,POST_TOUCH_FGM,POST_TOUCH_FGA,POST_TOUCH_FTM,POST_TOUCH_FTA,POST_TOUCH_FT_PCT,POST_TOUCH_PTS_PCT,POST_TOUCH_PASSES,POST_TOUCH_PASSES_PCT,POST_TOUCH_AST,POST_TOUCH_AST_PCT,POST_TOUCH_TOV,POST_TOUCH_TOV_PCT,POST_TOUCH_FOULS,POST_TOUCH_FOULS_PCT,DIST_FEET,DIST_MILES,DIST_MILES_OFF,DIST_MILES_DEF,AVG_SPEED,AVG_SPEED_OFF,AVG_SPEED_DEF,year,date,playoffs
203932,Aaron Gordon,Aaron,1610612753,ORL,23.0,1,0,1,0.0,33.38333333333333,8,13,0.615,0,4,0.0,2,2,1.0,2,8,10,3,2,2,2,0,1,3,18,3,44.5,1,0,39.0,1,93,93,93,38,15,34,32,104,49,104,50,61,1,18,13,17,42,38,10,6,1,29,37,33,66,12,1,2,16,1,98.0,116.5,112.5,112.5,109.8,109.9,109.9,6.7,2.6,2.6,0.12,1.5,15.8,0.061,0.258,0.156,10.5,10.6,0.615,0.648,0.2,0.21,101.05,102.81,85.67,102.81,0.164,72,8.0,13.0,53,71,71,109,108,108,75,83,83,93,45,85,51,24,33,113,113,57,52,73,69,90,73,73,29,15,34,44,27,0.0,1,6,8,4,0.068,0.091,3,2,2,1.0,0,0,0.0,4,1.333,1,0.333,0,0.0,0,0.0,0,0.0,18,61,29,1.8,1.81,0.92,0.295,2,1,4,1.0,0.0,2.0,1.0,1.0,0.5,3.0,0.667,0.0,0.667,3.3,0.0,8.0,0.0,9.0,0.889,0.0,0.889,9.6,1.0,9.0,0.1,12.0,0.833,0.0,0.833,8.4,1.0,0.077,1.0,1.0,1.0,1.0,0.077,1.0,1.0,1.0,0.0,0.0,0.0,,0.308,3.0,4.0,0.75,0.75,0.308,3.0,4.0,0.75,0.0,0.0,0.0,,0.385,3.0,5.0,0.6,0.6,0.231,3.0,3.0,1.0,0.154,0.0,2.0,0.0,0.231,1.0,3.0,0.333,0.333,0.077,1.0,1.0,1.0,0.154,0.0,2.0,0.0,1,2,0.5,2,0.0,0.0,,0.5,2,0.2,8,1.0,0,0.0,2,0.0,0.615,5.0,5.0,1.0,1.0,1.0,1.0,2.0,3.0,0.667,0.0,1.0,0.0,0.0,0.0,0.0,0.0,3.0,0.0,0.0,0.0,0.0,0.0,1.0,0.0,ORL,6.0,6.0,1.0,0.0,0.0,0.0,0.0,1.0,0.0,1.0,1.0,1.0,1.0,3.0,0.333,0.0,2.0,0.0,0.0,0.0,0.0,0.0,0.0,0.0,0.0,0.0,0.0,1,5,0.0,4.0,0.0,0.2,9.0,14.0,0.643,0.492,0.15,1.0,3.0,0.333,0.346,-0.013,8.0,11.0,0.727,0.542,0.186,6.0,8.0,0.75,0.666,0.084,6.0,8.0,0.75,0.605,0.145,1.0,4.0,0.25,0.355,-0.105,7.0,6.0,1.0,4.0,0.0,3.0,7.0,0.0,3.0,3.0,0.0,1.0,0.0,0.0,0.0,0.0,0.0,0.0,0.0,0.0,0.0,0,1,0,0,0.0,0.0,0,0.0,0,0.0,0,0.0,0,0.0,13411,2.5,1.4,1.1,4.22,4.72,3.72,2019,20181112,False
202692,Alec Burks,Alec,1610612758,SAC,27.0,1,1,0,1.0,22.816666666666666,3,12,0.25,1,4,0.25,3,3,1.0,1,3,4,2,0,1,0,2,1,4,10,-1,20.8,0,0,19.0,1,1,1,1,99,85,40,145,56,49,82,33,52,1,45,69,68,70,129,34,68,170,29,24,80,100,90,17,2,92,1,99.0,90.1,89.8,89.8,91.7,90.0,90.0,-1.6,-0.2,-0.2,0.154,0.0,13.3,0.034,0.125,0.075,0.0,0.0,0.292,0.375,0.224,0.239,103.0,104.13,86.78,104.13,0.097,49,3.0,12.0,159,155,155,37,32,32,105,96,96,69,101,98,84,80,85,1,1,151,140,52,48,67,59,59,83,85,40,27,34,0.0,0,5,5,2,0.074,0.074,11,0,4,0.0,2,2,1.0,2,0.182,4,0.364,1,0.091,1,0.091,1,0.091,10,44,25,2.4,3.24,2.84,0.227,0,0,1,0.0,0.0,3.0,1.0,0.0,1.0,5.0,0.2,0.0,0.2,3.6,1.0,2.0,0.333,6.0,0.5,0.0,0.5,4.0,2.0,2.0,0.5,10.0,0.4,0.0,0.4,3.9,1.0,0.167,1.0,2.0,0.5,0.5,0.167,1.0,2.0,0.5,0.0,0.0,0.0,,0.333,1.0,4.0,0.25,0.25,0.333,1.0,4.0,0.25,0.0,0.0,0.0,,0.25,0.0,3.0,0.0,0.0,0.167,0.0,2.0,0.0,0.083,0.0,1.0,0.0,0.25,1.0,3.0,0.333,0.5,0.0,0.0,0.0,,0.25,1.0,3.0,0.333,1,4,0.25,2,0.0,1.0,0.0,0.25,3,0.333,3,1.0,0,0.0,0,0.0,0.292,1.0,4.0,0.25,0.0,3.0,0.0,1.0,1.0,1.0,0.0,1.0,0.0,0.0,0.0,0.0,1.0,3.0,0.333,0.0,0.0,0.0,0.0,1.0,0.0,SAC,1.0,4.0,0.25,0.0,0.0,0.0,0.0,3.0,0.0,0.0,0.0,0.0,1.0,2.0,0.5,1.0,3.0,0.333,,,,,,,0.0,0.0,0.0,1,3,1.0,3.0,0.333,0.5,4.0,8.0,0.5,0.449,0.051,0.0,1.0,0.0,0.278,-0.278,4.0,7.0,0.571,0.506,0.066,3.0,4.0,0.75,0.613,0.137,3.0,4.0,0.75,0.556,0.194,1.0,3.0,0.333,0.304,0.03,7.0,6.0,1.0,2.0,0.0,1.0,2.0,0.0,0.0,0.0,0.0,0.0,0.0,1.0,1.0,0.0,0.0,0.0,1.0,0.0,0.0,0,0,0,0,0.0,0.0,0,0.0,0,0.0,0,0.0,0,0.0,9426,1.8,1.0,0.8,4.43,4.77,4.06,2019,20181112,False
203518,Alex Abrines,Alex,1610612760,OKC,25.0,1,1,0,1.0,20.183333333333334,2,6,0.333,2,6,0.333,2,2,1.0,0,2,2,2,1,2,1,0,4,4,8,-11,21.4,0,0,20.0,1,1,1,1,121,119,110,126,24,21,59,50,61,1,96,89,105,70,71,10,18,1,145,24,100,161,82,17,2,88,1,99.0,91.9,95.2,95.2,121.9,121.4,121.4,-30.0,-26.2,-26.2,0.167,2.0,20.0,0.0,0.125,0.051,10.0,10.1,0.5,0.581,0.163,0.166,101.5,99.88,83.24,99.88,0.077,42,2.0,6.0,148,140,140,149,145,145,170,165,165,60,25,61,96,80,117,103,105,79,77,110,115,84,103,103,102,119,110,17,17,0.0,0,3,5,2,0.118,0.118,2,0,0,0.0,2,2,1.0,2,1.0,1,0.5,0,0.0,0,0.0,1,0.5,8,26,20,0.8,1.86,0.69,0.308,0,0,0,0.0,0.0,0.0,0.0,0.0,0.0,1.0,0.0,0.0,0.0,0.0,0.0,2.0,0.0,2.0,1.0,0.0,1.0,4.7,0.0,2.0,0.0,3.0,0.667,0.0,0.667,4.7,,,,,,,,,,,,,,,0.167,1.0,1.0,1.0,1.5,0.0,0.0,0.0,,0.167,1.0,1.0,1.0,0.5,1.0,3.0,0.333,0.5,0.0,0.0,0.0,,0.5,1.0,3.0,0.333,0.333,0.0,2.0,0.0,0.0,0.0,0.0,0.0,,0.333,0.0,2.0,0.0,0,0,,0,0.0,0.0,,,6,0.333,0,0.0,0,0.0,0,0.0,0.5,0.0,0.0,0.0,0.0,0.0,0.0,0.0,0.0,0.0,0.0,0.0,0.0,0.0,0.0,0.0,2.0,6.0,0.333,0.0,0.0,0.0,0.0,0.0,0.0,OKC,0.0,0.0,0.0,0.0,0.0,0.0,0.0,0.0,0.0,0.0,0.0,0.0,0.0,1.0,0.0,2.0,5.0,0.4,,,,0.0,0.0,0.0,0.0,0.0,0.0,2,6,2.0,6.0,0.333,0.5,2.0,7.0,0.286,0.437,-0.151,0.0,3.0,0.0,0.333,-0.333,2.0,4.0,0.5,0.502,-0.002,1.0,2.0,0.5,0.625,-0.125,1.0,3.0,0.333,0.578,-0.245,1.0,4.0,0.25,0.362,-0.112,8.0,5.0,3.0,1.0,0.0,0.0,0.0,0.0,1.0,1.0,0.0,1.0,0.0,0.0,0.0,0.0,0.0,0.0,0.0,0.0,0.0,0,0,0,0,0.0,0.0,0,0.0,0,0.0,0,0.0,0,0.0,8497,1.6,0.9,0.8,4.31,4.75,4.39,2019,20181112,False
1628035,Alfonzo McKinnie,Alfonzo,1610612744,GSW,26.0,1,0,1,0.0,10.766666666666667,1,2,0.5,1,2,0.5,0,0,0.0,0,3,3,1,1,0,0,0,2,1,3,-5,7.1,0,0,8.0,1,93,93,93,163,145,161,59,56,92,31,108,113,108,96,69,85,100,71,95,68,1,78,102,146,128,161,17,2,147,1,112.0,99.2,100.0,100.0,103.3,111.5,111.5,-4.1,-11.5,-11.5,0.125,1.0,25.0,0.0,0.333,0.167,25.0,25.0,0.75,0.75,0.125,0.124,116.54,111.46,92.88,111.46,0.07,24,1.0,2.0,126,111,111,83,116,116,109,132,132,85,58,41,96,11,28,170,172,22,29,142,149,7,16,16,109,145,161,16,10,0.0,0,1,2,1,0.063,0.063,0,0,0,0.0,0,0,0.0,0,0.0,0,0.0,0,0.0,0,0.0,0,0.0,3,20,12,0.6,1.67,0.15,0.15,0,0,0,0.0,0.0,0.0,0.0,0.0,0.0,2.0,0.0,0.0,0.0,0.0,1.0,2.0,0.333,4.0,0.75,0.0,0.75,3.5,1.0,2.0,0.333,6.0,0.5,0.0,0.5,3.5,,,,,,,,,,,,,,,,,,,,,,,,,,,,,,,,,,,,,,,,,1.0,1.0,2.0,0.5,0.75,0.0,0.0,0.0,,1.0,1.0,2.0,0.5,0,0,,0,0.0,0.0,,,3,0.5,0,0.0,0,0.0,0,0.0,0.75,0.0,0.0,0.0,0.0,0.0,0.0,0.0,0.0,0.0,,,,0.0,0.0,0.0,1.0,2.0,0.5,,,,0.0,0.0,0.0,GSW,0.0,0.0,0.0,0.0,0.0,0.0,0.0,0.0,0.0,0.0,0.0,0.0,0.0,0.0,0.0,1.0,2.0,0.5,0.0,0.0,0.0,,,,,,,1,2,1.0,2.0,0.5,0.75,2.0,5.0,0.4,0.47,-0.07,0.0,2.0,0.0,0.359,-0.359,2.0,3.0,0.667,0.517,0.15,1.0,2.0,0.5,0.627,-0.127,1.0,2.0,0.5,0.596,-0.096,0.0,2.0,0.0,0.361,-0.361,3.0,1.0,2.0,2.0,0.0,0.0,0.0,0.0,1.0,1.0,0.0,1.0,1.0,0.0,1.0,0.0,0.0,1.0,0.0,0.0,0.0,0,0,0,0,0.0,0.0,0,0.0,0,0.0,0,0.0,0,0.0,4947,0.9,0.5,0.5,4.65,5.5,4.87,2019,20181112,False
203459,Allen Crabbe,Allen,1610612751,BKN,27.0,1,0,1,0.0,23.945,2,9,0.222,1,5,0.2,1,1,1.0,0,0,0,0,2,2,0,0,1,1,6,-4,10.0,0,0,11.0,1,93,93,93,93,119,67,160,56,33,94,82,105,1,96,155,166,137,38,10,68,1,29,102,119,123,140,17,2,135,1,104.0,102.4,101.9,101.9,107.2,109.3,109.3,-4.8,-7.4,-7.4,0.0,0.0,0.0,0.0,0.0,0.0,18.2,17.5,0.278,0.318,0.18,0.188,109.01,108.25,90.21,108.25,-0.024,54,2.0,9.0,108,106,106,97,107,107,111,118,118,137,101,137,96,155,166,145,142,152,153,96,90,26,28,28,176,119,67,19,26,0.0,0,1,0,0,0.0,0.0,2,1,2,0.5,0,0,0.0,2,1.0,0,0.0,0,0.0,0,0.0,0,0.0,6,30,26,0.7,1.32,0.8,0.2,0,0,0,0.0,0.0,0.0,,,,,,,,,,,,,,,,,,,,,,,,,,,,,,,,,,,,,,,0.222,0.0,2.0,0.0,0.0,0.111,0.0,1.0,0.0,0.111,0.0,1.0,0.0,0.556,2.0,5.0,0.4,0.5,0.333,1.0,3.0,0.333,0.222,1.0,2.0,0.5,0.222,0.0,2.0,0.0,0.0,0.0,0.0,0.0,,0.222,0.0,2.0,0.0,0,3,0.0,0,0.0,1.0,0.0,0.0,3,0.2,0,0.0,0,0.0,0,0.0,0.278,1.0,1.0,1.0,0.0,0.0,0.0,0.0,3.0,0.0,0.0,0.0,0.0,0.0,0.0,0.0,1.0,5.0,0.2,0.0,0.0,0.0,0.0,0.0,0.0,BKN,1.0,1.0,1.0,0.0,0.0,0.0,0.0,0.0,0.0,0.0,3.0,0.0,0.0,3.0,0.0,1.0,2.0,0.5,,,,0.0,0.0,0.0,0.0,0.0,0.0,1,5,1.0,4.0,0.25,0.3,1.0,3.0,0.333,0.435,-0.102,1.0,1.0,1.0,0.339,0.661,0.0,2.0,0.0,0.475,-0.475,0.0,1.0,0.0,0.602,-0.602,0.0,1.0,0.0,0.547,-0.547,1.0,2.0,0.5,0.351,0.149,4.0,3.0,1.0,1.0,0.0,0.0,0.0,0.0,1.0,1.0,0.0,1.0,0.0,0.0,0.0,0.0,0.0,0.0,0.0,0.0,0.0,0,0,0,0,0.0,0.0,0,0.0,0,0.0,0,0.0,0,0.0,9546,1.8,1.0,0.8,4.11,4.55,3.66,2019,20181112,False
101161,Amir Johnson,Amir,1610612755,PHI,32.0,1,1,0,1.0,2.0,0,1,0.0,0,0,0.0,0,0,0.0,0,0,0,1,0,0,0,0,1,0,0,2,1.5,0,0,1.0,1,1,1,1,180,166,172,166,104,144,104,108,113,108,96,155,166,100,129,95,68,1,29,135,171,72,179,17,2,180,1,99.0,82.0,80.0,80.0,50.0,50.0,50.0,32.0,30.0,30.0,1.0,0.0,50.0,0.0,0.0,0.0,0.0,0.0,0.0,0.0,0.2,0.205,106.56,108.0,90.0,108.0,-0.333,5,0.0,1.0,172,173,173,4,4,4,17,20,20,1,101,4,96,155,166,1,1,166,171,73,73,39,31,31,187,166,172,5,6,0.0,0,1,3,1,0.2,0.2,0,0,0,0.0,0,0,0.0,0,0.0,0,0.0,0,0.0,0,0.0,0,0.0,0,6,6,0.1,1.07,0.33,0.0,2,0,0,0.0,0.0,0.0,,,,,,,,,,,,,,,,,,,,,,,,,,,,,,,,,,,,,,,1.0,0.0,1.0,0.0,0.0,1.0,0.0,1.0,0.0,0.0,0.0,0.0,,,,,,,,,,,,,,,,,,,,,,,,,,,,0,0,,0,,,,,0,0.0,0,0.0,0,0.0,0,0.0,0.0,0.0,0.0,0.0,0.0,1.0,0.0,,,,0.0,0.0,0.0,0.0,0.0,0.0,0.0,0.0,0.0,0.0,0.0,0.0,0.0,0.0,0.0,PHI,0.0,0.0,0.0,0.0,1.0,0.0,0.0,0.0,0.0,,,,0.0,0.0,0.0,0.0,0.0,0.0,,,,,,,0.0,0.0,0.0,0,0,,,,,1.0,2.0,0.5,0.571,-0.071,0.0,1.0,0.0,0.125,-0.125,1.0,1.0,1.0,0.581,0.419,,,,,,1.0,1.0,1.0,0.612,0.388,0.0,1.0,0.0,0.298,-0.298,1.0,1.0,0.0,1.0,0.0,0.0,0.0,0.0,0.0,0.0,0.0,0.0,0.0,1.0,1.0,1.0,0.0,0.0,1.0,1.0,0.0,0,0,0,0,0.0,0.0,0,0.0,0,0.0,0,0.0,0,0.0,749,0.1,0.1,0.1,2.76,5.91,5.16,2019,20181112,False
2738,Andre Iguodala,Andre,1610612744,GSW,35.0,1,0,1,0.0,32.516666666666666,5,7,0.714,2,3,0.667,2,5,0.4,1,4,5,4,1,0,1,0,3,4,14,3,28.0,0,0,27.0,1,93,93,93,46,50,97,19,24,71,22,50,24,105,45,48,57,30,71,95,18,1,119,24,50,66,56,17,2,52,1,112.0,100.3,97.2,97.2,90.9,95.7,95.7,9.4,1.5,1.5,0.211,4.0,28.6,0.026,0.121,0.069,7.1,7.0,0.857,0.761,0.125,0.131,105.9,104.81,87.34,104.81,0.124,72,5.0,7.0,118,132,132,35,48,48,60,90,90,48,9,33,92,86,93,83,83,13,25,142,143,45,54,54,62,50,97,40,40,0.0,0,7,10,4,0.1,0.1,1,0,0,0.0,0,0,0.0,0,0.0,1,1.0,1,1.0,0,0.0,0,0.0,14,51,24,2.5,2.9,2.24,0.275,0,0,2,0.0,0.0,1.0,1.0,0.0,1.0,2.0,0.5,0.0,0.5,9.8,0.0,4.0,0.0,8.0,0.5,2.0,0.667,10.4,1.0,4.0,0.2,10.0,0.5,2.0,0.625,10.3,1.0,0.143,1.0,1.0,1.0,1.0,0.143,1.0,1.0,1.0,0.0,0.0,0.0,,0.286,1.0,2.0,0.5,0.5,0.286,1.0,2.0,0.5,0.0,0.0,0.0,,0.429,2.0,3.0,0.667,0.833,0.143,1.0,1.0,1.0,0.286,1.0,2.0,0.5,0.143,1.0,1.0,1.0,1.5,0.0,0.0,0.0,,0.143,1.0,1.0,1.0,0,1,0.0,0,0.0,1.0,0.0,0.0,6,1.0,2,1.0,0,0.0,0,0.0,0.857,3.0,4.0,0.75,0.0,0.0,0.0,0.0,0.0,0.0,0.0,0.0,0.0,1.0,1.0,1.0,1.0,2.0,0.5,0.0,0.0,0.0,1.0,1.0,1.0,GSW,3.0,4.0,0.75,0.0,0.0,0.0,0.0,0.0,0.0,0.0,0.0,0.0,1.0,1.0,1.0,1.0,2.0,0.5,0.0,0.0,0.0,,,,0.0,0.0,0.0,2,2,2.0,2.0,1.0,1.5,5.0,9.0,0.556,0.535,0.021,0.0,1.0,0.0,0.395,-0.395,5.0,8.0,0.625,0.569,0.057,4.0,5.0,0.8,0.683,0.117,5.0,6.0,0.833,0.622,0.212,0.0,2.0,0.0,0.379,-0.379,5.0,4.0,1.0,1.0,0.0,0.0,0.0,0.0,3.0,3.0,0.0,1.0,1.0,1.0,2.0,1.0,0.0,0.5,0.5,1.0,0.0,0,0,0,0,0.0,0.0,0,0.0,0,0.0,0,0.0,0,0.0,12847,2.4,1.2,1.2,4.11,4.3,3.94,2019,20181112,False
203952,Andrew Wiggins,Andrew,1610612750,MIN,24.0,1,1,0,1.0,37.49,5,12,0.417,2,3,0.667,1,2,0.5,1,5,6,3,2,1,1,1,2,2,13,7,28.7,0,0,28.0,1,1,1,1,13,50,40,107,24,71,22,82,61,79,45,36,40,42,38,34,18,118,78,69,61,41,53,17,2,50,1,105.0,120.4,123.2,123.2,112.6,114.6,114.6,7.8,8.5,8.5,0.1,1.5,16.7,0.037,0.104,0.08,11.1,11.2,0.5,0.505,0.163,0.164,107.14,104.99,87.49,104.99,0.063,82,5.0,12.0,39,38,38,120,126,126,67,64,64,108,45,77,81,97,80,114,117,79,104,111,116,34,52,52,119,50,40,25,25,0.0,1,3,6,4,0.12,0.16,5,0,1,0.0,0,0,0.0,0,0.0,4,0.8,1,0.2,0,0.0,0,0.0,13,39,26,2.4,3.74,2.56,0.333,1,2,3,2.0,2.0,0.0,1.0,0.0,1.0,4.0,0.25,2.0,0.5,2.4,1.0,4.0,0.2,9.0,0.556,0.0,0.556,7.3,2.0,4.0,0.333,13.0,0.462,2.0,0.545,6.5,1.0,0.25,2.0,3.0,0.667,0.667,0.25,2.0,3.0,0.667,0.0,0.0,0.0,,0.333,1.0,4.0,0.25,0.25,0.333,1.0,4.0,0.25,0.0,0.0,0.0,,0.25,1.0,3.0,0.333,0.5,0.167,0.0,2.0,0.0,0.083,1.0,1.0,1.0,0.167,1.0,2.0,0.5,0.75,0.0,0.0,0.0,,0.167,1.0,2.0,0.5,0,5,0.0,0,0.0,1.0,0.0,0.0,6,1.0,0,0.0,4,1.0,2,1.0,0.5,1.0,3.0,0.333,2.0,3.0,0.667,0.0,3.0,0.0,1.0,1.0,1.0,0.0,0.0,0.0,1.0,2.0,0.5,0.0,0.0,0.0,1.0,1.0,1.0,MIN,1.0,4.0,0.25,1.0,1.0,1.0,1.0,1.0,1.0,0.0,3.0,0.0,1.0,2.0,0.5,1.0,1.0,1.0,0.0,0.0,0.0,0.0,0.0,0.0,0.0,0.0,0.0,2,2,2.0,2.0,1.0,1.5,4.0,14.0,0.286,0.427,-0.142,2.0,8.0,0.25,0.374,-0.124,2.0,6.0,0.333,0.488,-0.154,2.0,4.0,0.5,0.54,-0.04,2.0,4.0,0.5,0.518,-0.018,2.0,10.0,0.2,0.37,-0.17,13.0,5.0,8.0,0.0,0.0,0.0,0.0,0.0,1.0,1.0,0.0,1.0,0.0,0.0,0.0,0.0,0.0,0.0,0.0,0.0,0.0,2,2,0,0,0.0,2.0,0,0.0,0,0.0,0,0.0,0,0.0,14472,2.7,1.4,1.4,3.97,4.45,3.83,2019,20181112,False
203076,Anthony Davis,Anthony,1610612740,NOP,26.0,1,1,0,1.0,39.71666666666667,11,20,0.55,1,2,0.5,2,2,1.0,8,12,20,6,4,0,2,1,4,8,25,17,60.0,1,0,56.0,1,1,1,1,6,4,5,53,56,92,31,50,61,1,1,7,2,10,4,95,6,118,145,4,9,10,2,1,2,4,1,101.0,120.9,125.0,125.0,99.3,104.8,104.8,21.6,20.2,20.2,0.176,1.5,19.4,0.186,0.245,0.217,12.9,13.0,0.575,0.599,0.253,0.252,106.01,101.52,84.6,101.52,0.18,84,11.0,20.0,36,27,27,70,88,88,31,34,34,57,45,67,7,30,13,127,127,67,72,38,39,44,88,88,23,4,5,48,42,0.0,0,6,13,6,0.125,0.125,5,0,0,0.0,0,0,0.0,0,0.0,4,0.8,2,0.4,1,0.2,0,0.0,25,77,48,2.6,2.01,0.81,0.325,4,4,10,0.0,0.0,1.4,5.0,3.0,0.625,9.0,0.889,0.0,0.889,8.0,7.0,5.0,0.583,17.0,0.706,1.0,0.75,3.9,12.0,8.0,0.6,26.0,0.769,1.0,0.8,5.5,1.0,0.3,2.0,6.0,0.333,0.333,0.3,2.0,6.0,0.333,0.0,0.0,0.0,,0.3,5.0,6.0,0.833,0.833,0.3,5.0,6.0,0.833,0.0,0.0,0.0,,0.25,2.0,5.0,0.4,0.4,0.25,2.0,5.0,0.4,0.0,0.0,0.0,,0.15,2.0,3.0,0.667,0.833,0.05,1.0,1.0,1.0,0.1,1.0,2.0,0.5,1,1,1.0,2,0.0,0.0,,1.0,3,0.2,14,0.778,0,0.0,0,0.0,0.575,9.0,12.0,0.75,0.0,2.0,0.0,1.0,4.0,0.25,0.0,0.0,0.0,0.0,0.0,0.0,1.0,2.0,0.5,0.0,0.0,0.0,0.0,0.0,0.0,NOP,9.0,12.0,0.75,0.0,3.0,0.0,0.0,1.0,0.0,0.0,0.0,0.0,1.0,2.0,0.5,1.0,2.0,0.5,,,,0.0,0.0,0.0,0.0,0.0,0.0,1,5,1.0,2.0,0.5,0.3,14.0,23.0,0.609,0.486,0.122,4.0,7.0,0.571,0.331,0.24,10.0,16.0,0.625,0.553,0.072,6.0,8.0,0.75,0.673,0.077,8.0,12.0,0.667,0.619,0.048,6.0,10.0,0.6,0.377,0.223,14.0,8.0,6.0,2.0,1.0,8.0,17.0,2.0,0.0,2.0,1.0,0.0,3.0,4.0,7.0,4.0,2.0,0.429,0.571,0.8,0.4,0,2,0,0,0.0,0.0,1,0.25,0,0.0,0,0.0,0,0.0,14177,2.7,1.4,1.3,3.82,3.86,3.77,2019,20181112,False
201229,Anthony Tolliver,Anthony,1610612750,MIN,34.0,1,1,0,1.0,14.783333333333333,1,4,0.25,1,4,0.25,0,0,0.0,2,4,6,1,1,0,0,0,1,0,3,-5,10.7,0,0,11.0,1,1,1,1,147,145,131,145,56,49,82,108,113,108,18,48,40,100,71,95,68,1,29,135,146,128,139,17,2,135,1,105.0,71.1,75.0,75.0,93.3,93.5,93.5,-22.2,-18.5,-18.5,0.125,1.0,16.7,0.118,0.174,0.15,16.7,16.7,0.375,0.375,0.135,0.136,105.26,102.28,85.23,102.28,0.129,32,1.0,4.0,179,176,176,41,42,42,155,144,144,85,58,77,18,51,35,138,138,132,141,135,137,52,80,80,58,145,131,27,16,0.0,0,0,2,1,0.037,0.037,0,0,0,0.0,0,0,0.0,0,0.0,0,0.0,0,0.0,0,0.0,0,0.0,3,32,18,0.5,0.9,0.06,0.094,1,0,1,0.0,0.0,0.0,1.0,1.0,0.5,2.0,1.0,0.0,1.0,26.3,1.0,3.0,0.25,7.0,0.571,0.0,0.571,8.3,2.0,4.0,0.333,9.0,0.667,0.0,0.667,14.3,,,,,,,,,,,,,,,,,,,,,,,,,,,,0.75,1.0,3.0,0.333,0.5,0.0,0.0,0.0,,0.75,1.0,3.0,0.333,0.25,0.0,1.0,0.0,0.0,0.0,0.0,0.0,,0.25,0.0,1.0,0.0,0,0,,0,0.0,0.0,,,3,0.25,0,0.0,0,0.0,0,0.0,0.375,0.0,0.0,0.0,0.0,0.0,0.0,0.0,0.0,0.0,,,,0.0,1.0,0.0,1.0,3.0,0.333,0.0,0.0,0.0,0.0,1.0,0.0,MIN,0.0,0.0,0.0,0.0,0.0,0.0,0.0,0.0,0.0,0.0,0.0,0.0,0.0,2.0,0.0,1.0,2.0,0.5,,,,,,,0.0,0.0,0.0,1,4,1.0,4.0,0.25,0.375,3.0,6.0,0.5,0.446,0.054,2.0,2.0,1.0,0.402,0.599,1.0,4.0,0.25,0.463,-0.213,1.0,3.0,0.333,0.563,-0.23,1.0,3.0,0.333,0.53,-0.197,2.0,3.0,0.667,0.394,0.273,2.0,1.0,1.0,0.0,0.0,0.0,0.0,1.0,0.0,1.0,1.0,0.0,2.0,3.0,5.0,2.0,2.0,0.4,0.6,1.0,1.0,0,0,0,0,0.0,0.0,0,0.0,0,0.0,0,0.0,0,0.0,6388,1.2,0.7,0.5,4.51,4.85,4.11,2019,20181112,False
1628469,Antonio Blakeney,Antonio,1610612741,CHI,22.0,1,0,1,0.0,18.658333333333335,3,7,0.429,1,1,1.0,2,2,1.0,1,0,1,0,2,1,0,2,2,2,9,-18,11.2,0,0,13.0,1,93,93,93,126,85,97,100,56,118,1,50,61,1,45,155,139,137,38,34,68,170,78,69,90,181,136,17,2,123,1,105.0,76.8,76.3,76.3,121.4,123.7,123.7,-44.6,-47.4,-47.4,0.0,0.0,0.0,0.048,0.0,0.029,20.0,20.2,0.5,0.571,0.244,0.242,98.38,97.76,81.46,97.76,0.042,38,3.0,7.0,177,175,175,146,150,150,180,182,182,137,101,137,67,155,147,152,158,79,79,42,46,127,132,132,141,85,97,6,15,0.0,0,1,0,0,0.0,0.0,7,2,4,0.5,0,0,0.0,4,0.571,2,0.286,0,0.0,1,0.143,0,0.0,9,17,14,1.1,3.79,3.18,0.529,0,0,1,0.0,0.0,0.0,1.0,0.0,1.0,2.0,0.5,0.0,0.5,3.6,0.0,0.0,0.0,0.0,0.0,0.0,0.0,0.0,1.0,0.0,1.0,2.0,0.5,0.0,0.5,3.6,,,,,,,,,,,,,,,0.429,2.0,3.0,0.667,0.667,0.429,2.0,3.0,0.667,0.0,0.0,0.0,,0.429,0.0,3.0,0.0,0.0,0.429,0.0,3.0,0.0,0.0,0.0,0.0,,0.143,1.0,1.0,1.0,1.5,0.0,0.0,0.0,,0.143,1.0,1.0,1.0,1,3,0.333,2,0.0,0.0,,0.333,3,1.0,0,0.0,0,0.0,0,0.0,0.5,1.0,3.0,0.333,1.0,2.0,0.5,0.0,1.0,0.0,1.0,1.0,1.0,0.0,0.0,0.0,0.0,0.0,0.0,0.0,0.0,0.0,1.0,1.0,1.0,CHI,1.0,3.0,0.333,0.0,0.0,0.0,1.0,2.0,0.5,0.0,1.0,0.0,1.0,1.0,1.0,0.0,0.0,0.0,,,,,,,0.0,0.0,0.0,1,1,1.0,1.0,1.0,1.5,2.0,4.0,0.5,0.417,0.083,2.0,3.0,0.667,0.32,0.347,0.0,1.0,0.0,0.479,-0.479,0.0,1.0,0.0,0.542,-0.542,0.0,1.0,0.0,0.479,-0.479,2.0,3.0,0.667,0.342,0.324,5.0,0.0,5.0,1.0,0.0,0.0,0.0,0.0,0.0,0.0,0.0,0.0,0.0,0.0,0.0,0.0,0.0,0.0,0.0,0.0,0.0,0,0,0,0,0.0,0.0,0,0.0,0,0.0,0,0.0,0,0.0,7338,1.4,0.7,0.7,4.21,4.74,3.79,2019,20181112,False
203085,Austin Rivers,Austin,1610612745,HOU,26.0,1,1,0,1.0,18.15,2,5,0.4,1,2,0.5,1,2,0.5,0,1,1,2,1,0,0,1,2,1,6,12,9.2,0,0,10.0,1,1,1,1,133,119,116,110,56,92,31,82,61,79,96,126,139,70,71,95,68,118,78,102,119,21,147,17,2,140,1,,132.9,134.3,134.3,99.1,102.9,102.9,33.8,31.3,31.3,0.167,2.0,22.2,0.0,0.059,0.031,11.1,11.3,0.5,0.51,0.163,0.17,93.46,91.24,76.03,91.24,0.034,35,2.0,5.0,14,12,12,68,77,77,14,17,17,60,25,55,96,129,142,114,118,79,98,112,111,166,178,178,146,119,116,27,26,0.0,0,5,6,2,0.074,0.074,7,1,3,0.333,0,0,0.0,2,0.286,4,0.571,0,0.0,0,0.0,0,0.0,6,33,19,2.2,4.0,3.79,0.182,0,0,0,0.0,0.0,0.0,0.0,0.0,0.0,1.0,0.0,0.0,0.0,0.0,0.0,1.0,0.0,3.0,0.333,0.0,0.333,18.5,0.0,1.0,0.0,4.0,0.25,0.0,0.25,18.5,,,,,,,,,,,,,,,0.4,1.0,2.0,0.5,0.5,0.4,1.0,2.0,0.5,0.0,0.0,0.0,,0.6,1.0,3.0,0.333,0.5,0.2,0.0,1.0,0.0,0.4,1.0,2.0,0.5,,,,,,,,,,,,,,0,1,0.0,0,0.0,0.0,,0.0,3,0.5,0,0.0,0,0.0,0,0.0,0.5,1.0,2.0,0.5,0.0,1.0,0.0,0.0,0.0,0.0,0.0,0.0,0.0,1.0,1.0,1.0,0.0,1.0,0.0,,,,1.0,1.0,1.0,HOU,1.0,2.0,0.5,0.0,1.0,0.0,0.0,0.0,0.0,0.0,0.0,0.0,1.0,1.0,1.0,0.0,1.0,0.0,,,,,,,,,,1,2,1.0,2.0,0.5,0.75,4.0,8.0,0.5,0.397,0.104,1.0,2.0,0.5,0.299,0.201,3.0,6.0,0.5,0.447,0.053,3.0,3.0,1.0,0.571,0.429,3.0,5.0,0.6,0.498,0.102,1.0,3.0,0.333,0.308,0.025,4.0,3.0,1.0,0.0,0.0,0.0,0.0,1.0,1.0,2.0,0.5,0.5,0.0,0.0,0.0,0.0,0.0,0.0,0.0,0.0,0.0,0,0,0,0,0.0,0.0,0,0.0,0,0.0,0,0.0,0,0.0,7154,1.4,0.7,0.6,4.27,4.45,3.51,2019,20181112,False
1628389,Bam Adebayo,Bam,1610612748,MIA,21.0,1,0,1,0.0,19.35,3,6,0.5,0,0,0.0,2,4,0.5,1,3,4,2,2,0,1,0,3,2,8,1,16.8,0,0,16.0,1,93,93,93,124,85,110,59,104,144,104,50,32,79,45,69,68,70,38,95,18,1,119,69,100,80,108,17,2,105,1,100.0,123.3,124.4,124.4,116.5,122.0,122.0,6.8,2.4,2.4,0.182,1.0,16.7,0.063,0.136,0.105,16.7,17.0,0.5,0.515,0.213,0.215,104.53,101.71,84.75,101.71,0.054,41,3.0,6.0,30,31,31,135,147,147,73,86,86,54,58,77,47,73,60,138,141,79,95,63,65,55,86,86,131,85,110,20,20,0.0,0,2,6,2,0.1,0.1,0,0,0,0.0,0,0,0.0,0,0.0,0,0.0,0,0.0,0,0.0,0,0.0,8,28,20,1.0,2.2,0.75,0.286,3,2,6,0.0,0.0,0.667,0.0,1.0,0.0,5.0,0.2,0.0,0.2,10.3,0.0,3.0,0.0,6.0,0.5,0.0,0.5,7.6,0.0,4.0,0.0,10.0,0.4,0.0,0.4,8.3,1.0,0.333,0.0,2.0,0.0,0.0,0.333,0.0,2.0,0.0,0.0,0.0,0.0,,0.333,2.0,2.0,1.0,1.0,0.333,2.0,2.0,1.0,0.0,0.0,0.0,,0.167,1.0,1.0,1.0,1.0,0.167,1.0,1.0,1.0,0.0,0.0,0.0,,0.167,0.0,1.0,0.0,0.0,0.167,0.0,1.0,0.0,0.0,0.0,0.0,,0,0,,0,,,,,2,0.5,4,0.5,0,0.0,0,0.0,0.5,2.0,3.0,0.667,0.0,1.0,0.0,1.0,2.0,0.5,0.0,0.0,0.0,0.0,0.0,0.0,0.0,0.0,0.0,0.0,0.0,0.0,0.0,0.0,0.0,MIA,2.0,3.0,0.667,1.0,2.0,0.5,0.0,0.0,0.0,0.0,1.0,0.0,0.0,0.0,0.0,0.0,0.0,0.0,0.0,0.0,0.0,,,,0.0,0.0,0.0,1,2,,,,0.5,5.0,9.0,0.556,0.467,0.089,1.0,2.0,0.5,0.307,0.193,4.0,7.0,0.571,0.509,0.062,2.0,4.0,0.5,0.63,-0.13,2.0,4.0,0.5,0.592,-0.092,2.0,4.0,0.5,0.349,0.152,8.0,6.0,2.0,2.0,0.0,3.0,9.0,2.0,0.0,2.0,1.0,0.0,0.0,11.0,11.0,7.0,2.0,0.0,1.0,1.0,0.286,0,1,0,0,0.0,0.0,1,0.5,0,0.0,0,0.0,0,0.0,7682,1.5,0.7,0.7,4.28,4.25,3.77,2019,20181112,False
1627732,Ben Simmons,Ben,1610612755,PHI,22.0,1,1,0,1.0,35.21666666666667,5,7,0.714,0,0,0.0,3,4,0.75,2,5,7,7,4,1,0,0,0,4,13,20,30.9,0,0,29.0,1,1,1,1,31,50,97,19,104,144,104,33,32,61,18,36,31,8,4,34,68,1,1,24,61,7,46,17,2,48,1,99.0,136.3,134.2,134.2,108.3,105.4,105.4,28.0,28.8,28.8,0.259,1.75,35.0,0.069,0.161,0.117,20.0,20.2,0.714,0.742,0.16,0.162,98.05,100.18,83.48,100.18,0.144,73,5.0,7.0,8,13,13,102,93,93,21,22,22,30,40,23,41,54,53,152,158,33,33,116,118,132,102,102,46,50,97,70,75,0.0,0,14,16,7,0.1,0.1,8,3,3,1.0,0,0,0.0,6,0.75,4,0.5,1,0.125,0,0.0,0,0.0,13,90,34,7.0,4.66,3.52,0.144,3,4,5,0.0,0.0,1.2,0.0,2.0,0.0,4.0,0.5,0.0,0.5,15.1,1.0,4.0,0.2,5.0,1.0,0.0,1.0,7.4,1.0,6.0,0.143,8.0,0.875,0.0,0.875,9.6,1.0,0.286,1.0,2.0,0.5,0.5,0.286,1.0,2.0,0.5,0.0,0.0,0.0,,0.571,4.0,4.0,1.0,1.0,0.571,4.0,4.0,1.0,0.0,0.0,0.0,,,,,,,,,,,,,,,0.143,0.0,1.0,0.0,0.0,0.143,0.0,1.0,0.0,0.0,0.0,0.0,,0,1,0.0,0,,,,0.0,0,0.0,6,1.0,0,0.0,0,0.0,0.714,4.0,4.0,1.0,1.0,1.0,1.0,0.0,2.0,0.0,0.0,0.0,0.0,0.0,0.0,0.0,0.0,0.0,0.0,0.0,0.0,0.0,0.0,0.0,0.0,PHI,4.0,4.0,1.0,1.0,1.0,1.0,0.0,1.0,0.0,0.0,1.0,0.0,0.0,0.0,0.0,0.0,0.0,0.0,0.0,0.0,0.0,0.0,0.0,0.0,0.0,0.0,0.0,0,0,,,,,6.0,9.0,0.667,0.421,0.246,2.0,4.0,0.5,0.362,0.138,4.0,5.0,0.8,0.486,0.314,3.0,4.0,0.75,0.585,0.165,3.0,4.0,0.75,0.537,0.213,2.0,4.0,0.5,0.369,0.131,5.0,2.0,3.0,2.0,0.0,2.0,4.0,2.0,2.0,4.0,0.5,0.5,0.0,2.0,2.0,2.0,0.0,0.0,1.0,1.0,0.0,0,1,0,0,0.0,0.0,2,0.5,0,0.0,0,0.0,0,0.0,13832,2.6,1.5,1.2,4.08,4.52,3.93,2019,20181112,False
203992,Bogdan Bogdanović,Bogdan,1610612758,SAC,26.0,1,1,0,1.0,24.716666666666665,9,17,0.529,3,7,0.429,1,1,1.0,0,1,1,3,1,0,0,1,2,0,22,-7,26.7,0,0,29.0,1,1,1,1,89,11,17,58,8,11,48,82,105,1,96,126,139,42,71,95,68,118,78,135,20,142,61,17,2,48,1,99.0,98.2,94.2,94.2,108.7,112.0,112.0,-10.5,-17.8,-17.8,0.231,3.0,14.3,0.0,0.037,0.02,4.8,4.7,0.618,0.631,0.31,0.336,98.46,99.04,82.54,99.04,0.153,52,9.0,17.0,128,145,145,105,117,117,129,143,143,42,16,90,96,146,160,66,67,56,59,9,6,123,114,114,36,11,17,33,46,0.0,1,6,6,4,0.091,0.121,7,2,4,0.5,0,0,0.0,4,0.571,3,0.429,1,0.143,0,0.0,0,0.0,22,53,33,3.1,3.54,2.79,0.415,0,1,2,0.0,0.0,1.0,0.0,0.0,0.0,1.0,0.0,0.0,0.0,0.0,0.0,1.0,0.0,3.0,0.333,1.0,0.5,22.1,0.0,1.0,0.0,4.0,0.25,1.0,0.333,22.1,1.0,0.059,1.0,1.0,1.0,1.0,0.059,1.0,1.0,1.0,0.0,0.0,0.0,,0.353,2.0,6.0,0.333,0.333,0.294,2.0,5.0,0.4,0.059,0.0,1.0,0.0,0.235,2.0,4.0,0.5,0.5,0.176,2.0,3.0,0.667,0.059,0.0,1.0,0.0,0.353,4.0,6.0,0.667,0.917,0.059,1.0,1.0,1.0,0.294,3.0,5.0,0.6,5,9,0.556,11,1.0,3.0,0.333,0.611,6,0.5,2,1.0,0,0.0,0,0.0,0.618,1.0,1.0,1.0,2.0,5.0,0.4,3.0,4.0,0.75,,,,0.0,0.0,0.0,3.0,6.0,0.5,0.0,1.0,0.0,0.0,0.0,0.0,SAC,2.0,2.0,1.0,0.0,3.0,0.0,2.0,2.0,1.0,0.0,0.0,0.0,3.0,5.0,0.6,2.0,4.0,0.5,,,,0.0,0.0,0.0,0.0,1.0,0.0,2,4,2.0,4.0,0.5,0.75,4.0,9.0,0.444,0.465,-0.021,1.0,4.0,0.25,0.418,-0.168,3.0,5.0,0.6,0.498,0.102,2.0,3.0,0.667,0.633,0.034,2.0,4.0,0.5,0.562,-0.062,2.0,5.0,0.4,0.429,-0.029,4.0,2.0,2.0,0.0,0.0,0.0,0.0,0.0,0.0,0.0,0.0,0.0,0.0,0.0,0.0,0.0,0.0,0.0,0.0,0.0,0.0,0,0,0,0,0.0,0.0,1,1.0,1,1.0,0,0.0,0,0.0,10188,1.9,1.1,0.8,4.36,4.87,3.82,2019,20181112,False
203078,Bradley Beal,Bradley,1610612764,WAS,26.0,1,1,0,1.0,37.281666666666666,8,20,0.4,2,10,0.2,3,4,0.75,1,7,8,4,3,2,1,0,3,3,21,4,42.6,0,0,41.0,1,1,1,1,14,15,5,110,24,3,94,33,32,61,45,18,22,30,18,10,18,1,119,37,23,55,17,17,2,14,1,97.0,114.5,119.0,119.0,115.6,111.1,111.1,-1.2,7.9,7.9,0.154,1.33,13.8,0.029,0.189,0.111,10.3,10.4,0.45,0.483,0.281,0.284,102.97,103.0,85.83,103.0,0.094,79,8.0,20.0,60,47,47,133,113,113,102,66,66,69,57,96,89,42,56,110,110,114,121,20,24,68,67,67,86,15,5,47,48,0.0,1,6,11,5,0.085,0.106,8,4,5,0.8,0,0,0.0,8,1.0,2,0.25,1,0.125,1,0.125,0,0.0,21,74,46,3.1,2.51,1.95,0.284,1,1,0,2.0,0.0,0.0,1.0,0.0,1.0,1.0,1.0,0.0,1.0,29.6,2.0,5.0,0.286,8.0,0.875,0.0,0.875,7.7,3.0,5.0,0.375,9.0,0.889,0.0,0.889,10.4,,,,,,,,,,,,,,,0.45,4.0,9.0,0.444,0.444,0.3,4.0,6.0,0.667,0.15,0.0,3.0,0.0,0.3,3.0,6.0,0.5,0.583,0.15,2.0,3.0,0.667,0.15,1.0,3.0,0.333,0.25,1.0,5.0,0.2,0.3,0.05,0.0,1.0,0.0,0.2,1.0,4.0,0.25,1,4,0.25,2,0.0,0.0,,0.25,6,0.2,0,0.0,0,0.0,2,1.0,0.45,3.0,4.0,0.75,3.0,3.0,1.0,0.0,3.0,0.0,0.0,0.0,0.0,0.0,0.0,0.0,2.0,10.0,0.2,0.0,0.0,0.0,0.0,0.0,0.0,WAS,3.0,4.0,0.75,3.0,3.0,1.0,0.0,2.0,0.0,0.0,1.0,0.0,0.0,0.0,0.0,2.0,10.0,0.2,0.0,0.0,0.0,0.0,0.0,0.0,0.0,0.0,0.0,2,10,2.0,10.0,0.2,0.3,9.0,20.0,0.45,0.44,0.01,2.0,6.0,0.333,0.372,-0.038,7.0,14.0,0.5,0.493,0.007,4.0,6.0,0.667,0.594,0.073,4.0,8.0,0.5,0.548,-0.048,4.0,9.0,0.444,0.386,0.058,11.0,7.0,4.0,1.0,0.0,0.0,0.0,1.0,4.0,5.0,0.2,0.8,0.0,1.0,1.0,1.0,1.0,0.0,1.0,1.0,1.0,0,0,0,0,0.0,0.0,1,1.0,0,0.0,0,0.0,0,0.0,14974,2.8,1.5,1.4,4.23,4.61,4.16,2019,20181112,False
1627854,Bryn Forbes,Bryn,1610612759,SAS,25.0,1,0,1,0.0,29.016666666666666,4,11,0.364,2,7,0.286,0,0,0.0,0,0,0,4,1,1,0,0,3,1,10,-11,18.0,0,0,18.0,1,93,93,93,62,65,51,120,24,11,77,108,113,108,96,155,166,30,71,34,68,1,119,102,80,161,102,17,2,99,1,97.0,99.3,101.7,101.7,122.4,120.7,120.7,-23.1,-19.0,-19.0,0.222,4.0,25.0,0.0,0.0,0.0,6.3,6.3,0.455,0.455,0.185,0.183,96.44,95.94,79.95,95.94,0.03,58,4.0,11.0,124,107,107,153,144,144,157,148,148,43,9,41,96,155,166,75,77,113,129,89,101,145,151,151,147,65,51,18,24,0.0,0,2,8,4,0.222,0.222,2,2,2,1.0,0,0,0.0,4,2.0,0,0.0,0,0.0,0,0.0,0,0.0,10,30,25,1.1,2.14,1.13,0.333,0,0,0,0.0,0.0,0.0,,,,,,,,,,,,,,,,,,,,,,,,,,,,,,,,,,,,,,,0.273,2.0,3.0,0.667,0.667,0.273,2.0,3.0,0.667,0.0,0.0,0.0,,0.364,0.0,4.0,0.0,0.0,0.091,0.0,1.0,0.0,0.273,0.0,3.0,0.0,0.364,2.0,4.0,0.5,0.75,0.0,0.0,0.0,,0.364,2.0,4.0,0.5,0,4,0.0,0,0.0,2.0,0.0,0.0,6,0.4,0,0.0,0,0.0,0,0.0,0.455,1.0,1.0,1.0,1.0,1.0,1.0,0.0,2.0,0.0,0.0,0.0,0.0,0.0,1.0,0.0,2.0,6.0,0.333,0.0,0.0,0.0,0.0,1.0,0.0,SAS,1.0,1.0,1.0,1.0,1.0,1.0,0.0,1.0,0.0,0.0,1.0,0.0,1.0,2.0,0.5,1.0,5.0,0.2,,,,0.0,0.0,0.0,0.0,0.0,0.0,2,5,2.0,5.0,0.4,0.6,7.0,11.0,0.636,0.459,0.178,3.0,5.0,0.6,0.414,0.186,4.0,6.0,0.667,0.5,0.167,2.0,3.0,0.667,0.601,0.066,2.0,3.0,0.667,0.567,0.1,4.0,6.0,0.667,0.415,0.252,6.0,3.0,3.0,2.0,0.0,0.0,0.0,1.0,1.0,2.0,0.5,0.5,0.0,3.0,3.0,1.0,0.0,0.0,1.0,1.0,0.0,0,0,0,0,0.0,0.0,0,0.0,0,0.0,0,0.0,0,0.0,11750,2.2,1.2,1.0,4.3,4.28,4.31,2019,20181112,False
1627741,Buddy Hield,Buddy,1610612758,SAC,26.0,1,1,0,1.0,25.85,5,13,0.385,2,5,0.4,2,4,0.5,1,1,2,4,1,2,0,0,1,2,14,7,27.4,0,0,26.0,1,1,1,1,85,50,34,117,24,33,52,50,32,79,45,126,105,30,71,10,68,1,29,69,50,41,57,17,2,59,1,99.0,108.8,105.6,105.6,93.6,94.3,94.3,15.1,11.2,11.2,0.235,4.0,20.0,0.042,0.037,0.039,5.0,5.1,0.462,0.474,0.286,0.29,98.23,99.34,82.79,99.34,0.091,54,5.0,13.0,83,93,93,43,43,43,48,57,57,41,9,61,76,146,133,68,68,111,123,15,19,129,111,111,90,50,34,18,28,0.0,0,5,10,4,0.222,0.222,2,0,0,0.0,0,2,0.0,0,0.0,1,0.5,0,0.0,0,0.0,1,0.5,14,35,27,1.2,2.02,1.8,0.4,1,0,0,0.0,0.0,0.0,0.0,1.0,0.0,3.0,0.333,0.0,0.333,17.1,0.0,1.0,0.0,3.0,0.333,0.0,0.333,7.2,0.0,2.0,0.0,6.0,0.333,0.0,0.333,12.2,1.0,0.077,0.0,1.0,0.0,0.0,0.077,0.0,1.0,0.0,0.0,0.0,0.0,,0.231,2.0,3.0,0.667,0.667,0.231,2.0,3.0,0.667,0.0,0.0,0.0,,0.308,1.0,4.0,0.25,0.375,0.154,0.0,2.0,0.0,0.154,1.0,2.0,0.5,0.385,2.0,5.0,0.4,0.5,0.154,1.0,2.0,0.5,0.231,1.0,3.0,0.333,3,8,0.375,7,1.0,2.0,0.5,0.438,5,0.5,0,0.0,0,0.0,0,0.0,0.462,0.0,1.0,0.0,1.0,1.0,1.0,2.0,6.0,0.333,0.0,0.0,0.0,0.0,0.0,0.0,2.0,5.0,0.4,0.0,0.0,0.0,0.0,0.0,0.0,SAC,0.0,1.0,0.0,0.0,0.0,0.0,1.0,1.0,1.0,2.0,6.0,0.333,0.0,1.0,0.0,2.0,4.0,0.5,,,,,,,0.0,0.0,0.0,2,4,1.0,3.0,0.333,0.625,2.0,8.0,0.25,0.475,-0.225,0.0,2.0,0.0,0.43,-0.43,2.0,6.0,0.333,0.505,-0.172,0.0,1.0,0.0,0.607,-0.607,1.0,2.0,0.5,0.556,-0.056,0.0,4.0,0.0,0.428,-0.428,7.0,4.0,3.0,1.0,0.0,0.0,0.0,0.0,1.0,1.0,0.0,1.0,0.0,0.0,0.0,0.0,0.0,0.0,0.0,0.0,0.0,0,0,0,0,0.0,0.0,0,0.0,0,0.0,0,0.0,0,0.0,11439,2.2,1.1,1.1,4.84,5.74,4.18,2019,20181112,False
203710,C.J. Williams,C.J.,1610612750,MIN,29.0,1,1,0,1.0,0.06166666666666667,0,0,0.0,0,0,0.0,0,0,0.0,0,0,0,0,0,0,0,0,0,0,0,0,0.0,0,0,0.0,1,1,1,1,187,166,179,166,104,144,104,108,113,108,96,155,166,137,129,95,68,1,1,135,171,89,181,17,2,181,1,105.0,0.0,0.0,0.0,0.0,0.0,0.0,0.0,0.0,0.0,0.0,0.0,0.0,0.0,0.0,0.0,0.0,0.0,0.0,0.0,0.0,0.0,0.0,389.19,324.32,389.19,0.0,0,0.0,0.0,187,187,187,1,1,1,99,91,91,137,101,137,96,155,166,1,1,166,171,181,181,187,1,1,158,166,179,0,0,,0,0,0,0,0.0,0.0,0,0,0,0.0,0,0,0.0,0,0.0,0,0.0,0,0.0,0,0.0,0,0.0,0,0,0,0.0,0.0,0.0,0.0,0,0,0,0.0,0.0,0.0,,,,,,,,,,,,,,,,,,,,,,,,,,,,,,,,,,,,,,,,,,,,,,,,,,,,,,,,,,,,,,,,,,,,,,,,,,,,,,0,0,,0,,,,,0,0.0,0,0.0,0,0.0,0,0.0,0.0,,,,,,,,,,,,,,,,,,,,,,,,,,,,,,,,,,,,,,,,,,,,,,,,,,,,,0,0,,,,,,,,,,,,,,,,,,,,,,,,,,,,,,,,,,,,,,,,,,,,,,,,,,,,,,,,0,0,0,0,0.0,0.0,0,0.0,0,0.0,0,0.0,0,0.0,56,0.0,,0.0,0.0,0.0,0.0,2019,20181112,False
101139,CJ Miles,CJ,1610612763,MEM,32.0,1,0,1,0.0,7.516666666666667,1,3,0.333,1,1,1.0,0,0,0.0,0,0,0,0,0,0,0,0,0,0,3,-2,3.0,0,0,4.0,1,93,93,93,168,145,152,126,56,118,1,108,113,108,96,155,166,137,129,95,68,1,1,135,146,105,175,17,2,168,1,96.0,90.6,94.4,94.4,105.6,105.6,105.6,-14.9,-11.1,-11.1,0.0,0.0,0.0,0.0,0.0,0.0,0.0,0.0,0.5,0.5,0.143,0.145,117.37,114.94,95.79,114.94,0.034,18,1.0,3.0,154,142,142,90,95,95,140,130,130,137,101,137,96,155,166,1,1,79,105,128,132,4,6,6,145,145,152,1,4,0.0,0,0,0,0,0.0,0.0,2,0,2,0.0,0,0,0.0,0,0.0,0,0.0,0,0.0,0,0.0,0,0.0,3,4,4,0.1,1.72,1.5,0.75,0,0,0,0.0,0.0,0.0,,,,,,,,,,,,,,,,,,,,,,,,,,,,,,,,,,,,,,,0.667,0.0,2.0,0.0,0.0,0.667,0.0,2.0,0.0,0.0,0.0,0.0,,,,,,,,,,,,,,,0.333,1.0,1.0,1.0,1.5,0.0,0.0,0.0,,0.333,1.0,1.0,1.0,0,0,,0,0.0,0.0,,,3,1.0,0,0.0,0,0.0,0,0.0,0.5,0.0,1.0,0.0,0.0,1.0,0.0,0.0,0.0,0.0,0.0,0.0,0.0,0.0,0.0,0.0,1.0,1.0,1.0,0.0,0.0,0.0,0.0,0.0,0.0,MEM,0.0,1.0,0.0,0.0,1.0,0.0,0.0,0.0,0.0,0.0,0.0,0.0,0.0,0.0,0.0,1.0,1.0,1.0,,,,0.0,0.0,0.0,0.0,0.0,0.0,1,1,1.0,1.0,1.0,1.5,0.0,2.0,0.0,0.39,-0.39,0.0,1.0,0.0,0.365,-0.365,0.0,1.0,0.0,0.467,-0.467,,,,,,0.0,1.0,0.0,0.606,-0.606,0.0,1.0,0.0,0.37,-0.37,3.0,2.0,1.0,0.0,0.0,0.0,0.0,0.0,0.0,0.0,0.0,0.0,0.0,0.0,0.0,0.0,0.0,0.0,0.0,0.0,0.0,0,0,0,0,0.0,0.0,0,0.0,0,0.0,0,0.0,0,0.0,3052,0.6,0.3,0.3,4.45,4.14,4.81,2019,20181112,False
1627747,Caris LeVert,Caris,1610612751,BKN,24.0,1,0,1,0.0,16.705,5,12,0.417,0,3,0.0,0,0,0.0,3,2,5,4,1,0,0,0,3,0,10,-2,21.0,0,0,19.0,1,93,93,93,138,50,40,107,104,71,104,108,113,108,10,89,57,30,71,95,68,1,119,135,80,105,88,17,2,92,1,104.0,116.0,116.2,116.2,114.2,118.4,118.4,1.8,-2.2,-2.2,0.333,4.0,23.5,0.12,0.133,0.125,5.9,5.9,0.417,0.417,0.289,0.288,109.88,107.75,89.79,107.75,0.076,37,5.0,12.0,56,55,55,129,141,141,94,103,103,15,9,51,17,75,44,72,73,125,136,13,20,21,35,35,105,50,40,27,32,0.0,1,9,10,5,0.148,0.185,6,1,2,0.5,0,0,0.0,2,0.333,3,0.5,1,0.167,1,0.167,0,0.0,10,40,27,2.1,3.19,2.83,0.25,2,0,5,0.0,0.0,0.8,1.0,2.0,0.333,4.0,0.75,0.0,0.75,14.2,0.0,2.0,0.0,3.0,0.667,1.0,1.0,4.5,1.0,4.0,0.2,7.0,0.714,1.0,0.833,10.3,1.0,0.167,2.0,2.0,1.0,1.0,0.167,2.0,2.0,1.0,0.0,0.0,0.0,,0.5,3.0,6.0,0.5,0.5,0.5,3.0,6.0,0.5,0.0,0.0,0.0,,0.167,0.0,2.0,0.0,0.0,0.0,0.0,0.0,,0.167,0.0,2.0,0.0,0.167,0.0,2.0,0.0,0.0,0.083,0.0,1.0,0.0,0.083,0.0,1.0,0.0,0,2,0.0,0,0.0,2.0,0.0,0.0,0,0.0,4,0.667,0,0.0,0,0.0,0.417,5.0,6.0,0.833,0.0,3.0,0.0,0.0,0.0,0.0,0.0,0.0,0.0,0.0,0.0,0.0,0.0,3.0,0.0,,,,0.0,0.0,0.0,BKN,5.0,7.0,0.714,0.0,2.0,0.0,0.0,0.0,0.0,0.0,0.0,0.0,0.0,2.0,0.0,0.0,1.0,0.0,0.0,0.0,0.0,,,,,,,0,2,0.0,1.0,0.0,0.0,2.0,6.0,0.333,0.476,-0.143,0.0,2.0,0.0,0.352,-0.352,2.0,4.0,0.5,0.514,-0.014,2.0,2.0,1.0,0.617,0.383,2.0,3.0,0.667,0.54,0.126,0.0,3.0,0.0,0.383,-0.383,4.0,2.0,2.0,2.0,0.0,0.0,0.0,0.0,0.0,0.0,0.0,0.0,0.0,1.0,1.0,1.0,0.0,0.0,1.0,1.0,0.0,0,0,0,0,0.0,0.0,0,0.0,0,0.0,0,0.0,0,0.0,7036,1.3,0.7,0.6,4.37,4.2,4.6,2019,20181112,False
1628990,Chandler Hutchison,Chandler,1610612741,CHI,23.0,1,0,1,0.0,18.433333333333334,4,7,0.571,1,1,1.0,0,0,0.0,1,8,9,0,1,1,0,0,1,0,9,-5,21.8,0,0,21.0,1,93,93,93,129,65,97,46,56,118,1,108,113,108,45,13,19,137,71,34,68,1,29,135,90,128,79,17,2,80,1,105.0,90.6,97.4,97.4,103.1,107.5,107.5,-12.5,-10.1,-10.1,0.0,0.0,0.0,0.045,0.4,0.214,12.5,12.5,0.643,0.643,0.19,0.186,108.95,102.86,85.71,102.86,0.211,39,4.0,7.0,156,130,130,81,101,101,133,125,125,137,101,137,68,6,14,121,122,45,55,83,92,28,72,72,12,65,97,36,16,0.0,0,1,0,0,0.0,0.0,3,0,2,0.0,0,0,0.0,0,0.0,0,0.0,0,0.0,1,0.333,0,0.0,9,44,15,1.5,1.99,1.18,0.205,0,0,1,0.0,0.0,2.0,0.0,1.0,0.0,2.0,0.5,0.0,0.5,23.3,3.0,5.0,0.375,10.0,0.8,0.0,0.8,5.4,3.0,6.0,0.333,11.0,0.818,0.0,0.818,7.4,,,,,,,,,,,,,,,0.857,3.0,6.0,0.5,0.5,0.857,3.0,6.0,0.5,0.0,0.0,0.0,,,,,,,,,,,,,,,0.143,1.0,1.0,1.0,1.5,0.0,0.0,0.0,,0.143,1.0,1.0,1.0,0,0,,0,0.0,0.0,,,3,1.0,2,1.0,0,0.0,0,0.0,0.643,2.0,5.0,0.4,1.0,1.0,1.0,0.0,0.0,0.0,0.0,0.0,0.0,0.0,0.0,0.0,1.0,1.0,1.0,0.0,0.0,0.0,0.0,0.0,0.0,CHI,2.0,5.0,0.4,1.0,1.0,1.0,0.0,0.0,0.0,0.0,0.0,0.0,0.0,0.0,0.0,1.0,1.0,1.0,,,,,,,0.0,0.0,0.0,1,1,1.0,1.0,1.0,1.5,4.0,8.0,0.5,0.425,0.075,1.0,2.0,0.5,0.359,0.142,3.0,6.0,0.5,0.47,0.03,2.0,2.0,1.0,0.594,0.407,2.0,4.0,0.5,0.521,-0.021,2.0,3.0,0.667,0.361,0.306,4.0,4.0,0.0,1.0,0.0,0.0,0.0,0.0,1.0,1.0,0.0,1.0,0.0,6.0,6.0,3.0,3.0,0.0,1.0,0.75,0.75,0,0,0,0,0.0,0.0,0,0.0,0,0.0,0,0.0,0,0.0,8077,1.5,0.8,0.7,4.54,5.66,3.71,2019,20181112,False
1627767,Cheick Diallo,Cheick,1610612740,NOP,22.0,1,1,0,1.0,19.433333333333334,4,8,0.5,0,0,0.0,0,0,0.0,2,4,6,0,1,0,1,1,3,0,8,2,17.2,0,0,16.0,1,1,1,1,123,65,84,59,104,144,104,108,113,108,18,48,40,137,71,95,18,118,119,135,100,72,104,17,2,105,1,101.0,104.4,100.0,100.0,96.0,95.7,95.7,8.4,4.3,4.3,0.0,0.0,0.0,0.095,0.138,0.12,11.1,11.1,0.5,0.5,0.17,0.18,111.05,113.62,94.68,113.62,0.069,46,4.0,8.0,102,111,111,52,46,46,65,75,75,137,101,137,26,72,48,114,115,79,105,105,103,16,10,10,111,65,84,18,14,0.0,0,2,0,0,0.0,0.0,0,0,0,0.0,0,0,0.0,0,0.0,0,0.0,0,0.0,0,0.0,0,0.0,8,29,16,0.6,1.16,0.17,0.276,5,0,9,0.4,0.0,0.889,2.0,0.0,1.0,5.0,0.4,0.0,0.4,3.3,1.0,3.0,0.25,8.0,0.5,0.0,0.5,2.6,3.0,3.0,0.5,13.0,0.462,0.0,0.462,2.8,1.0,0.5,2.0,4.0,0.5,0.5,0.5,2.0,4.0,0.5,0.0,0.0,0.0,,0.25,1.0,2.0,0.5,0.5,0.25,1.0,2.0,0.5,0.0,0.0,0.0,,0.25,1.0,2.0,0.5,0.5,0.25,1.0,2.0,0.5,0.0,0.0,0.0,,,,,,,,,,,,,,,0,0,,0,,,,,0,0.0,8,0.6,0,0.0,2,0.333,0.5,3.0,4.0,0.75,1.0,4.0,0.25,0.0,0.0,0.0,0.0,0.0,0.0,0.0,0.0,0.0,0.0,0.0,0.0,0.0,0.0,0.0,0.0,0.0,0.0,NOP,3.0,4.0,0.75,1.0,4.0,0.25,0.0,0.0,0.0,0.0,0.0,0.0,0.0,0.0,0.0,0.0,0.0,0.0,,,,0.0,0.0,0.0,0.0,0.0,0.0,0,0,,,,,3.0,13.0,0.231,0.47,-0.239,1.0,4.0,0.25,0.271,-0.021,2.0,9.0,0.222,0.515,-0.293,2.0,8.0,0.25,0.572,-0.322,2.0,8.0,0.25,0.534,-0.284,1.0,4.0,0.25,0.319,-0.069,7.0,6.0,1.0,1.0,0.0,5.0,12.0,0.0,0.0,0.0,0.0,0.0,1.0,7.0,8.0,4.0,1.0,0.125,0.875,1.0,0.25,0,0,0,0,0.0,0.0,0,0.0,0,0.0,0,0.0,0,0.0,8164,1.5,0.8,0.7,4.32,4.62,4.01,2019,20181112,False
1629002,Chimezie Metu,Chimezie,1610612759,SAS,22.0,1,0,1,0.0,0.785,0,0,0.0,0,0,0.0,0,0,0.0,0,0,0,0,0,0,0,0,0,0,0,4,0.0,0,0,0.0,1,93,93,93,186,166,179,166,104,144,104,108,113,108,96,155,166,137,129,95,68,1,1,135,171,55,181,17,2,181,1,97.0,300.0,300.0,300.0,200.0,100.0,100.0,100.0,200.0,200.0,0.0,0.0,0.0,0.0,0.0,0.0,0.0,0.0,0.0,0.0,0.0,0.0,91.72,122.29,101.91,122.29,0.0,2,0.0,0.0,1,1,1,184,59,59,1,1,1,137,101,137,96,155,166,1,1,166,171,181,181,176,2,2,158,166,179,0,0,,0,0,0,0,0.0,0.0,0,0,0,0.0,0,0,0.0,0,0.0,0,0.0,0,0.0,0,0.0,0,0.0,0,0,0,0.0,0.0,0.0,0.0,0,0,0,0.0,0.0,0.0,,,,,,,,,,,,,,,,,,,,,,,,,,,,,,,,,,,,,,,,,,,,,,,,,,,,,,,,,,,,,,,,,,,,,,,,,,,,,,0,0,,0,,,,,0,0.0,0,0.0,0,0.0,0,0.0,0.0,,,,,,,0.0,0.0,0.0,,,,,,,0.0,0.0,0.0,,,,,,,SAS,,,,,,,,,,,,,0.0,0.0,0.0,0.0,0.0,0.0,,,,0.0,0.0,0.0,,,,0,0,,,,,1.0,1.0,1.0,0.418,0.582,,,,,,1.0,1.0,1.0,0.462,0.538,,,,,,,,,,,1.0,1.0,1.0,0.373,0.627,1.0,1.0,0.0,0.0,0.0,0.0,0.0,0.0,0.0,0.0,0.0,0.0,0.0,0.0,0.0,0.0,0.0,0.0,0.0,0.0,0.0,0,0,0,0,0.0,0.0,0,0.0,0,0.0,0,0.0,0,0.0,304,0.1,0.0,0.0,6.7,0.0,0.0,2019,20181112,False
1626245,Cristiano Felicio,Cristiano,1610612741,CHI,26.0,1,0,1,0.0,2.81,0,0,0.0,0,0,0.0,0,0,0.0,0,0,0,0,0,0,0,0,1,0,0,-9,0.0,0,0,0.0,1,93,93,93,177,166,179,166,104,144,104,108,113,108,96,155,166,137,129,95,68,1,29,135,171,151,181,17,2,181,1,105.0,33.3,33.3,33.3,220.0,183.3,183.3,-186.7,-150.0,-150.0,0.0,0.0,0.0,0.0,0.0,0.0,0.0,0.0,0.0,0.0,0.0,0.0,93.95,102.49,85.41,102.49,-0.069,6,0.0,0.0,186,186,186,185,185,185,187,185,185,137,101,137,96,155,166,1,1,166,171,181,181,163,78,78,182,166,179,1,1,0.0,0,0,0,0,0.0,0.0,0,0,0,0.0,0,0,0.0,0,0.0,0,0.0,0,0.0,0,0.0,0,0.0,0,1,1,0.1,4.48,2.0,0.0,0,0,0,0.0,0.0,0.0,,,,,,,,,,,,,,,,,,,,,,,,,,,,,,,,,,,,,,,,,,,,,,,,,,,,,,,,,,,,,,,,,,,,,,,,,,,,,,0,0,,0,,,,,0,0.0,0,0.0,0,0.0,0,0.0,0.0,0.0,0.0,0.0,0.0,0.0,0.0,0.0,0.0,0.0,0.0,0.0,0.0,0.0,0.0,0.0,0.0,0.0,0.0,,,,0.0,0.0,0.0,CHI,0.0,0.0,0.0,0.0,0.0,0.0,0.0,0.0,0.0,0.0,0.0,0.0,0.0,0.0,0.0,0.0,0.0,0.0,,,,,,,,,,0,0,,,,,1.0,1.0,1.0,0.38,0.62,1.0,1.0,1.0,0.31,0.69,,,,,,,,,,,,,,,,1.0,1.0,1.0,0.309,0.691,1.0,0.0,1.0,0.0,0.0,0.0,0.0,0.0,0.0,0.0,0.0,0.0,0.0,1.0,1.0,0.0,0.0,0.0,1.0,0.0,0.0,0,0,0,0,0.0,0.0,0,0.0,0,0.0,0,0.0,0,0.0,1043,0.2,0.1,0.1,4.07,3.92,4.22,2019,20181112,False
1626156,D'Angelo Russell,D'Angelo,1610612751,BKN,23.0,1,0,1,0.0,32.666666666666664,10,22,0.455,9,15,0.6,2,5,0.4,0,2,2,6,3,2,0,0,1,5,31,-9,45.4,0,0,52.0,1,93,93,93,45,7,4,92,1,2,26,50,24,105,96,89,105,10,18,10,68,1,29,18,4,151,11,17,2,5,1,104.0,111.9,111.4,111.4,121.6,122.5,122.5,-9.7,-11.1,-11.1,0.333,2.0,18.2,0.0,0.083,0.029,9.1,9.0,0.659,0.64,0.318,0.325,103.8,103.59,86.33,103.59,0.141,70,10.0,22.0,70,76,76,148,148,148,124,129,129,15,25,73,96,109,147,97,97,44,57,7,8,61,63,63,48,7,4,46,71,0.0,0,12,13,6,0.13,0.13,16,1,4,0.25,2,4,0.5,4,0.25,8,0.5,1,0.063,1,0.063,2,0.125,31,75,39,5.9,4.75,4.47,0.413,0,1,0,0.0,0.0,0.0,0.0,0.0,0.0,0.0,0.0,0.0,0.0,0.0,1.0,1.0,0.5,5.0,0.4,0.0,0.4,4.5,1.0,1.0,0.5,5.0,0.4,0.0,0.4,4.5,1.0,0.136,1.0,3.0,0.333,0.333,0.136,1.0,3.0,0.333,0.0,0.0,0.0,,0.318,0.0,7.0,0.0,0.0,0.182,0.0,4.0,0.0,0.136,0.0,3.0,0.0,0.091,0.0,2.0,0.0,0.0,0.0,0.0,0.0,,0.091,0.0,2.0,0.0,0.455,9.0,10.0,0.9,1.35,0.0,0.0,0.0,,0.455,9.0,10.0,0.9,1,8,0.125,3,1.0,4.0,0.25,0.188,24,0.727,0,0.0,0,0.0,0,0.0,0.659,0.0,0.0,0.0,1.0,5.0,0.2,0.0,2.0,0.0,4.0,5.0,0.8,0.0,0.0,0.0,5.0,10.0,0.5,0.0,0.0,0.0,4.0,5.0,0.8,BKN,0.0,0.0,0.0,1.0,4.0,0.25,0.0,1.0,0.0,0.0,2.0,0.0,7.0,10.0,0.7,2.0,5.0,0.4,0.0,0.0,0.0,0.0,0.0,0.0,0.0,0.0,0.0,8,11,8.0,11.0,0.727,1.091,7.0,10.0,0.7,0.443,0.257,2.0,3.0,0.667,0.312,0.355,5.0,7.0,0.714,0.505,0.21,2.0,2.0,1.0,0.643,0.358,2.0,4.0,0.5,0.555,-0.055,3.0,4.0,0.75,0.342,0.409,6.0,4.0,2.0,2.0,0.0,1.0,2.0,1.0,0.0,1.0,1.0,0.0,0.0,0.0,0.0,0.0,0.0,0.0,0.0,0.0,0.0,0,1,0,0,0.0,0.0,0,0.0,0,0.0,0,0.0,0,0.0,12799,2.4,1.4,1.0,4.11,4.51,3.64,2019,20181112,False
201571,D.J. Augustin,D.J.,1610612753,ORL,31.0,1,0,1,0.0,31.35,6,10,0.6,3,5,0.6,0,1,0.0,0,1,1,4,1,0,0,0,3,3,15,-2,21.2,0,0,23.0,1,93,93,93,53,37,60,33,8,33,26,108,105,108,96,126,139,30,71,95,68,1,119,37,48,105,83,17,2,73,1,98.0,111.2,112.1,112.1,112.2,113.4,113.4,-1.0,-1.3,-1.3,0.167,4.0,26.7,0.0,0.033,0.016,6.7,6.5,0.75,0.718,0.149,0.158,102.77,101.82,84.85,101.82,0.077,66,6.0,10.0,75,73,73,119,123,123,100,99,99,60,9,39,96,150,163,79,78,22,38,126,123,72,84,84,103,37,60,50,61,0.0,2,6,8,6,0.08,0.12,8,2,3,0.667,0,0,0.0,4,0.5,4,0.5,1,0.125,1,0.125,0,0.0,15,64,19,6.3,5.93,5.86,0.234,0,0,0,0.0,0.0,0.0,0.0,0.0,0.0,4.0,0.0,1.0,0.0,0.0,0.0,1.0,0.0,6.0,0.167,1.0,0.2,15.1,0.0,1.0,0.0,10.0,0.1,2.0,0.125,15.1,,,,,,,,,,,,,,,0.4,2.0,4.0,0.5,0.5,0.4,2.0,4.0,0.5,0.0,0.0,0.0,,0.4,2.0,4.0,0.5,0.625,0.1,1.0,1.0,1.0,0.3,1.0,3.0,0.333,0.2,2.0,2.0,1.0,1.5,0.0,0.0,0.0,,0.2,2.0,2.0,1.0,2,4,0.5,5,1.0,3.0,0.333,0.625,6,1.0,0,0.0,0,0.0,0,0.0,0.75,2.0,3.0,0.667,0.0,1.0,0.0,1.0,1.0,1.0,1.0,1.0,1.0,0.0,0.0,0.0,2.0,3.0,0.667,0.0,1.0,0.0,1.0,1.0,1.0,ORL,2.0,3.0,0.667,0.0,1.0,0.0,0.0,0.0,0.0,1.0,1.0,1.0,1.0,1.0,1.0,1.0,2.0,0.5,1.0,1.0,1.0,0.0,0.0,0.0,0.0,1.0,0.0,2,2,2.0,2.0,1.0,1.5,4.0,9.0,0.444,0.467,-0.022,2.0,4.0,0.5,0.336,0.164,2.0,5.0,0.4,0.539,-0.139,2.0,3.0,0.667,0.637,0.03,2.0,4.0,0.5,0.587,-0.087,2.0,4.0,0.5,0.352,0.148,4.0,2.0,2.0,0.0,0.0,0.0,0.0,0.0,0.0,0.0,0.0,0.0,0.0,0.0,0.0,0.0,0.0,0.0,0.0,0.0,0.0,0,0,0,0,0.0,0.0,0,0.0,0,0.0,0,0.0,0,0.0,11414,2.2,1.3,0.9,3.97,4.72,3.23,2019,20181112,False
1627745,Damian Jones,Damian,1610612744,GSW,24.0,1,0,1,0.0,13.5,0,1,0.0,0,0,0.0,0,0,0.0,0,1,1,3,0,0,1,0,2,0,0,-8,8.7,0,0,6.0,1,93,93,93,151,166,172,166,104,144,104,108,113,108,96,126,139,42,129,95,18,1,78,135,171,146,150,17,2,161,1,112.0,100.0,100.0,100.0,128.7,132.0,132.0,-28.7,-32.0,-32.0,0.25,0.0,75.0,0.0,0.091,0.05,0.0,0.0,0.0,0.0,0.037,0.037,90.03,88.89,74.07,88.89,0.027,25,0.0,1.0,120,111,111,165,167,167,169,174,174,31,101,1,96,106,121,1,1,166,171,178,178,178,179,179,151,166,172,12,8,0.0,0,3,7,3,0.25,0.25,0,0,0,0.0,0,0,0.0,0,0.0,0,0.0,0,0.0,0,0.0,0,0.0,0,13,8,0.3,1.4,0.15,0.0,1,1,0,0.0,0.0,0.0,0.0,0.0,0.0,0.0,0.0,0.0,0.0,0.0,0.0,1.0,0.0,3.0,0.333,1.0,0.5,16.8,0.0,1.0,0.0,3.0,0.333,1.0,0.5,16.8,,,,,,,,,,,,,,,,,,,,,,,,,,,,,,,,,,,,,,,,,1.0,0.0,1.0,0.0,0.0,1.0,0.0,1.0,0.0,0.0,0.0,0.0,,0,0,,0,,,,,0,0.0,0,0.0,0,0.0,0,0.0,0.0,0.0,0.0,0.0,0.0,0.0,0.0,0.0,1.0,0.0,0.0,0.0,0.0,0.0,0.0,0.0,0.0,0.0,0.0,0.0,0.0,0.0,0.0,0.0,0.0,GSW,0.0,0.0,0.0,0.0,0.0,0.0,0.0,0.0,0.0,0.0,0.0,0.0,0.0,1.0,0.0,0.0,0.0,0.0,0.0,0.0,0.0,,,,0.0,0.0,0.0,0,1,,,,0.0,4.0,10.0,0.4,0.487,-0.087,,,,,,4.0,10.0,0.4,0.517,-0.117,2.0,5.0,0.4,0.591,-0.191,2.0,7.0,0.286,0.561,-0.275,0.0,1.0,0.0,0.421,-0.421,11.0,10.0,1.0,0.0,0.0,2.0,4.0,0.0,0.0,0.0,0.0,0.0,0.0,1.0,1.0,0.0,0.0,0.0,1.0,0.0,0.0,0,0,0,0,0.0,0.0,1,1.0,1,1.0,0,0.0,0,0.0,5261,1.0,0.5,0.5,4.31,4.66,3.99,2019,20181112,False
201568,Danilo Gallinari,Danilo,1610612746,LAC,30.0,1,1,0,1.0,36.916666666666664,3,12,0.25,2,6,0.333,6,7,0.857,1,6,7,1,1,0,0,1,2,5,14,-3,22.9,0,0,24.0,1,1,1,1,18,85,40,145,24,21,59,10,10,55,45,25,31,100,71,95,68,118,78,18,50,113,74,17,2,67,1,111.0,111.5,116.4,116.4,120.1,117.3,117.3,-8.6,-0.9,-0.9,0.037,1.0,5.9,0.029,0.182,0.104,5.9,5.9,0.333,0.464,0.195,0.196,97.2,96.22,80.18,96.22,0.052,73,3.0,12.0,73,51,51,145,138,138,117,97,97,133,58,132,88,46,62,72,72,141,125,77,85,140,145,145,134,85,40,45,38,0.0,0,2,2,1,0.022,0.022,7,0,4,0.0,4,4,1.0,4,0.571,0,0.0,0,0.0,1,0.143,2,0.286,14,62,40,2.9,2.78,1.45,0.226,1,1,1,0.0,1.0,3.0,1.0,0.0,1.0,2.0,0.5,0.0,0.5,2.2,1.0,5.0,0.167,7.0,0.857,1.0,1.0,6.6,2.0,5.0,0.286,9.0,0.778,1.0,0.875,6.0,1.0,0.25,1.0,3.0,0.333,0.333,0.25,1.0,3.0,0.333,0.0,0.0,0.0,,0.167,0.0,2.0,0.0,0.0,0.167,0.0,2.0,0.0,0.0,0.0,0.0,,0.5,1.0,6.0,0.167,0.25,0.083,0.0,1.0,0.0,0.417,1.0,5.0,0.2,0.083,1.0,1.0,1.0,1.5,0.0,0.0,0.0,,0.083,1.0,1.0,1.0,0,3,0.0,0,0.0,2.0,0.0,0.0,6,0.5,3,1.0,1,0.0,0,0.0,0.333,1.0,4.0,0.25,0.0,1.0,0.0,0.0,1.0,0.0,0.0,0.0,0.0,1.0,1.0,1.0,1.0,5.0,0.2,0.0,0.0,0.0,1.0,1.0,1.0,LAC,1.0,5.0,0.2,0.0,1.0,0.0,0.0,0.0,0.0,0.0,0.0,0.0,1.0,1.0,1.0,1.0,4.0,0.25,0.0,1.0,0.0,,,,0.0,0.0,0.0,2,4,2.0,4.0,0.5,0.75,7.0,16.0,0.438,0.49,-0.053,2.0,7.0,0.286,0.394,-0.108,5.0,9.0,0.556,0.543,0.013,2.0,5.0,0.4,0.668,-0.268,2.0,5.0,0.4,0.63,-0.23,4.0,10.0,0.4,0.434,-0.034,9.0,5.0,4.0,0.0,0.0,2.0,5.0,1.0,0.0,1.0,1.0,0.0,0.0,2.0,2.0,0.0,0.0,0.0,1.0,0.0,0.0,0,0,1,2,0.5,1.0,0,0.0,0,0.0,0,0.0,1,1.0,14542,2.8,1.6,1.2,4.3,4.54,4.02,2019,20181112,False
201980,Danny Green,Danny,1610612761,TOR,32.0,1,0,1,0.0,22.746666666666666,1,4,0.25,1,4,0.25,0,0,0.0,1,2,3,0,1,1,0,0,5,3,3,-2,8.6,0,0,9.0,1,93,93,93,100,145,131,145,56,49,82,108,113,108,45,89,85,137,71,34,68,1,171,37,146,105,152,17,2,146,1,101.0,120.9,128.9,128.9,128.6,130.4,130.4,-7.7,-1.5,-1.5,0.0,0.0,0.0,0.042,0.083,0.063,20.0,20.0,0.375,0.375,0.096,0.094,99.81,96.01,80.01,96.01,-0.023,45,1.0,4.0,35,22,22,163,163,163,116,100,100,137,101,137,76,109,102,152,154,132,141,163,165,104,148,148,175,145,131,16,11,0.0,0,1,0,0,0.0,0.0,1,0,0,0.0,0,0,0.0,0,0.0,0,0.0,0,0.0,0,0.0,0,0.0,3,23,11,0.6,1.59,1.04,0.13,0,0,0,0.0,0.0,0.0,1.0,0.0,1.0,1.0,1.0,0.0,1.0,17.4,0.0,2.0,0.0,2.0,1.0,0.0,1.0,7.1,1.0,2.0,0.333,3.0,1.0,0.0,1.0,10.5,,,,,,,,,,,,,,,0.5,0.0,2.0,0.0,0.0,0.0,0.0,0.0,,0.5,0.0,2.0,0.0,0.25,1.0,1.0,1.0,1.5,0.0,0.0,0.0,,0.25,1.0,1.0,1.0,0.25,0.0,1.0,0.0,0.0,0.0,0.0,0.0,,0.25,0.0,1.0,0.0,0,2,0.0,0,0.0,2.0,0.0,0.0,3,0.5,0,0.0,0,0.0,0,0.0,0.375,0.0,0.0,0.0,0.0,0.0,0.0,0.0,0.0,0.0,1.0,1.0,1.0,0.0,1.0,0.0,0.0,2.0,0.0,0.0,0.0,0.0,1.0,2.0,0.5,TOR,0.0,0.0,0.0,0.0,0.0,0.0,0.0,0.0,0.0,0.0,0.0,0.0,1.0,3.0,0.333,0.0,1.0,0.0,,,,,,,0.0,0.0,0.0,1,2,1.0,2.0,0.5,0.75,6.0,10.0,0.6,0.464,0.136,1.0,3.0,0.333,0.362,-0.029,5.0,7.0,0.714,0.522,0.192,5.0,6.0,0.833,0.638,0.196,5.0,7.0,0.714,0.579,0.135,1.0,3.0,0.333,0.355,-0.022,5.0,3.0,2.0,0.0,1.0,0.0,0.0,1.0,0.0,1.0,1.0,0.0,0.0,0.0,0.0,0.0,0.0,0.0,0.0,0.0,0.0,0,0,0,0,0.0,0.0,0,0.0,0,0.0,0,0.0,0,0.0,9774,1.9,1.0,0.9,4.69,5.23,4.2,2019,20181112,False
201967,Dante Cunningham,Dante,1610612759,SAS,32.0,1,0,1,0.0,29.116666666666667,4,7,0.571,1,1,1.0,0,0,0.0,4,3,7,0,1,1,0,0,3,0,9,-12,19.4,0,0,19.0,1,93,93,93,60,65,97,46,56,118,1,108,113,108,7,69,31,137,71,34,68,1,119,135,90,166,98,17,2,92,1,97.0,99.3,101.7,101.7,127.7,124.1,124.1,-28.3,-22.4,-22.4,0.0,0.0,0.0,0.133,0.13,0.132,12.5,12.5,0.643,0.643,0.118,0.119,96.27,96.44,80.37,96.44,0.059,59,4.0,7.0,123,108,108,161,156,156,166,155,155,137,101,137,15,76,43,121,122,45,55,150,152,146,143,143,125,65,97,32,13,0.0,0,4,0,0,0.0,0.0,1,0,0,0.0,0,0,0.0,0,0.0,0,0.0,0,0.0,1,1.0,0,0.0,9,40,22,1.0,1.52,0.38,0.225,1,0,5,0.0,0.0,0.8,3.0,1.0,0.75,5.0,0.8,0.0,0.8,6.1,0.0,3.0,0.0,5.0,0.6,1.0,0.75,12.2,3.0,4.0,0.429,10.0,0.7,1.0,0.778,8.7,1.0,0.286,1.0,2.0,0.5,0.5,0.286,1.0,2.0,0.5,0.0,0.0,0.0,,0.429,1.0,3.0,0.333,0.333,0.429,1.0,3.0,0.333,0.0,0.0,0.0,,0.143,1.0,1.0,1.0,1.0,0.143,1.0,1.0,1.0,0.0,0.0,0.0,,0.143,1.0,1.0,1.0,1.5,0.0,0.0,0.0,,0.143,1.0,1.0,1.0,0,0,,0,0.0,0.0,,,3,0.5,4,0.5,0,0.0,0,0.0,0.643,2.0,4.0,0.5,1.0,2.0,0.5,0.0,0.0,0.0,0.0,0.0,0.0,0.0,0.0,0.0,1.0,1.0,1.0,0.0,0.0,0.0,0.0,0.0,0.0,SAS,3.0,5.0,0.6,0.0,1.0,0.0,0.0,0.0,0.0,0.0,0.0,0.0,0.0,0.0,0.0,1.0,1.0,1.0,,,,,,,0.0,0.0,0.0,1,2,1.0,1.0,1.0,0.75,3.0,4.0,0.75,0.474,0.276,2.0,2.0,1.0,0.386,0.614,1.0,2.0,0.5,0.539,-0.039,1.0,1.0,1.0,0.587,0.413,1.0,2.0,0.5,0.563,-0.063,2.0,2.0,1.0,0.389,0.611,4.0,1.0,3.0,0.0,0.0,2.0,4.0,0.0,1.0,1.0,0.0,1.0,3.0,5.0,8.0,2.0,1.0,0.375,0.625,0.667,0.333,0,0,0,0,0.0,0.0,0,0.0,0,0.0,0,0.0,0,0.0,12717,2.4,1.4,1.0,4.71,4.83,4.55,2019,20181112,False
203957,Dante Exum,Dante,1610612762,UTA,23.0,1,1,0,1.0,20.508333333333333,3,7,0.429,1,4,0.25,2,4,0.5,0,0,0,1,1,0,0,1,2,2,9,2,9.5,0,0,11.0,1,1,1,1,120,85,97,100,56,49,82,50,32,79,96,155,166,100,71,95,68,118,78,69,90,72,145,17,2,135,1,97.0,101.2,97.7,97.7,94.5,93.2,93.2,6.8,4.5,4.5,0.1,1.0,9.1,0.0,0.0,0.0,9.1,9.3,0.5,0.514,0.192,0.201,100.5,102.98,85.82,102.98,0.016,44,3.0,7.0,113,129,129,46,41,41,74,73,73,108,58,117,96,155,166,97,101,79,97,81,78,94,68,68,155,85,97,20,29,0.0,0,1,2,1,0.05,0.05,6,1,1,1.0,2,4,0.5,4,0.667,2,0.333,1,0.167,1,0.167,2,0.333,9,32,18,1.5,2.84,2.28,0.281,0,0,0,0.0,0.0,0.0,,,,,,,,,,,,,,,,,,,,,,,,,1.0,0.143,0.0,1.0,0.0,0.0,0.143,0.0,1.0,0.0,0.0,0.0,0.0,,0.143,1.0,1.0,1.0,1.0,0.143,1.0,1.0,1.0,0.0,0.0,0.0,,0.143,1.0,1.0,1.0,1.0,0.143,1.0,1.0,1.0,0.0,0.0,0.0,,0.571,1.0,4.0,0.25,0.375,0.0,0.0,0.0,,0.571,1.0,4.0,0.25,0,0,,0,0.0,0.0,,,3,0.25,0,0.0,0,0.0,0,0.0,0.5,1.0,2.0,0.5,1.0,1.0,1.0,0.0,0.0,0.0,1.0,1.0,1.0,0.0,0.0,0.0,0.0,3.0,0.0,0.0,0.0,0.0,1.0,1.0,1.0,UTA,1.0,2.0,0.5,1.0,1.0,1.0,0.0,0.0,0.0,0.0,0.0,0.0,1.0,1.0,1.0,0.0,3.0,0.0,,,,,,,0.0,0.0,0.0,1,4,1.0,4.0,0.25,0.375,1.0,4.0,0.25,0.425,-0.175,1.0,4.0,0.25,0.355,-0.105,,,,,,,,,,,,,,,,1.0,4.0,0.25,0.356,-0.106,4.0,0.0,4.0,0.0,0.0,0.0,0.0,0.0,0.0,0.0,0.0,0.0,0.0,1.0,1.0,1.0,0.0,0.0,1.0,1.0,0.0,0,0,0,0,0.0,0.0,0,0.0,0,0.0,0,0.0,0,0.0,9103,1.7,0.8,0.9,4.61,4.84,4.42,2019,20181112,False
203121,Darius Miller,Darius,1610612740,NOP,29.0,1,1,0,1.0,22.463333333333335,2,8,0.25,2,7,0.286,0,0,0.0,0,3,3,1,2,0,1,0,1,1,6,6,12.1,0,0,14.0,1,1,1,1,103,119,84,145,24,11,77,108,113,108,96,69,85,100,38,95,18,1,29,102,119,46,131,17,2,120,1,101.0,111.1,107.8,107.8,94.5,92.5,92.5,16.5,15.4,15.4,0.048,0.5,9.1,0.0,0.097,0.057,18.2,18.2,0.375,0.375,0.169,0.177,108.29,111.11,92.6,111.11,0.017,51,2.0,8.0,76,87,87,47,40,40,41,44,44,129,85,117,96,102,108,145,147,132,141,106,105,33,19,19,154,119,84,17,21,0.0,0,2,2,1,0.059,0.059,2,0,0,0.0,0,0,0.0,0,0.0,2,1.0,1,0.5,0,0.0,0,0.0,6,27,19,0.8,1.78,0.89,0.222,1,0,0,0.0,0.0,0.0,0.0,0.0,0.0,0.0,0.0,0.0,0.0,0.0,2.0,1.0,0.667,6.0,0.5,0.0,0.5,9.0,2.0,1.0,0.667,6.0,0.5,0.0,0.5,9.0,,,,,,,,,,,,,,,0.5,1.0,4.0,0.25,0.375,0.125,0.0,1.0,0.0,0.375,1.0,3.0,0.333,0.375,1.0,3.0,0.333,0.5,0.0,0.0,0.0,,0.375,1.0,3.0,0.333,0.125,0.0,1.0,0.0,0.0,0.0,0.0,0.0,,0.125,0.0,1.0,0.0,0,2,0.0,0,0.0,2.0,0.0,0.0,6,0.4,0,0.0,0,0.0,0,0.0,0.375,0.0,0.0,0.0,0.0,1.0,0.0,0.0,0.0,0.0,0.0,1.0,0.0,1.0,1.0,1.0,1.0,5.0,0.2,0.0,0.0,0.0,1.0,2.0,0.5,NOP,0.0,0.0,0.0,0.0,1.0,0.0,0.0,0.0,0.0,0.0,0.0,0.0,2.0,4.0,0.5,0.0,3.0,0.0,,,,0.0,0.0,0.0,0.0,0.0,0.0,2,5,2.0,5.0,0.4,0.6,3.0,9.0,0.333,0.444,-0.111,1.0,3.0,0.333,0.301,0.032,2.0,6.0,0.333,0.517,-0.184,1.0,3.0,0.333,0.645,-0.312,1.0,4.0,0.25,0.545,-0.295,2.0,5.0,0.4,0.335,0.065,5.0,2.0,3.0,1.0,0.0,1.0,2.0,0.0,0.0,0.0,0.0,0.0,0.0,2.0,2.0,1.0,1.0,0.0,1.0,1.0,1.0,0,0,0,0,0.0,0.0,0,0.0,0,0.0,0,0.0,0,0.0,8254,1.6,0.8,0.7,3.97,4.02,3.43,2019,20181112,False
202722,Davis Bertans,Davis,1610612759,SAS,26.0,1,0,1,0.0,7.816666666666666,3,4,0.75,3,4,0.75,0,0,0.0,0,0,0,0,1,0,0,0,0,0,9,2,8.0,0,0,12.0,1,93,93,93,167,85,131,14,8,49,19,108,113,108,96,155,166,137,71,95,68,1,1,135,90,72,154,17,2,127,1,97.0,118.5,117.6,117.6,105.9,100.0,100.0,12.6,17.6,17.6,0.0,0.0,0.0,0.0,0.0,0.0,20.0,20.0,1.125,1.125,0.278,0.296,104.02,107.46,89.55,107.46,0.209,17,3.0,4.0,46,49,49,92,59,59,49,40,40,137,101,137,96,155,166,152,154,4,4,22,15,60,36,36,14,85,131,9,8,0.0,0,0,0,0,0.0,0.0,0,0,0,0.0,0,0,0.0,0,0.0,0,0.0,0,0.0,0,0.0,0,0.0,9,14,7,0.3,1.32,0.36,0.643,0,0,0,0.0,0.0,0.0,,,,,,,,,,,,,,,,,,,,,,,,,,,,,,,,,,,,,,,,,,,,,,,,,,,,,,,,,,,,,,,,,1.0,3.0,4.0,0.75,1.125,0.0,0.0,0.0,,1.0,3.0,4.0,0.75,0,0,,0,0.0,0.0,,,9,0.75,0,0.0,0,0.0,0,0.0,1.125,0.0,0.0,0.0,0.0,0.0,0.0,0.0,0.0,0.0,,,,1.0,1.0,1.0,2.0,3.0,0.667,0.0,0.0,0.0,1.0,1.0,1.0,SAS,0.0,0.0,0.0,0.0,0.0,0.0,0.0,0.0,0.0,0.0,0.0,0.0,1.0,1.0,1.0,2.0,3.0,0.667,,,,0.0,0.0,0.0,0.0,0.0,0.0,3,4,3.0,4.0,0.75,1.125,1.0,3.0,0.333,0.441,-0.108,,,,,,1.0,3.0,0.333,0.495,-0.162,,,,,,,,,,,1.0,3.0,0.333,0.369,-0.036,3.0,3.0,0.0,0.0,0.0,0.0,0.0,0.0,0.0,0.0,0.0,0.0,0.0,2.0,2.0,1.0,0.0,0.0,1.0,1.0,0.0,0,0,0,0,0.0,0.0,0,0.0,0,0.0,0,0.0,0,0.0,3100,0.6,0.3,0.3,4.24,4.69,3.87,2019,20181112,False
1628368,De'Aaron Fox,De'Aaron,1610612758,SAC,21.0,1,1,0,1.0,30.916666666666668,7,9,0.778,3,4,0.75,2,4,0.5,0,3,3,7,4,2,1,0,2,3,19,4,38.1,0,0,38.0,1,1,1,1,57,27,67,12,8,49,19,50,32,79,96,69,85,8,4,10,18,1,78,37,29,55,26,17,2,18,1,99.0,105.0,101.5,101.5,96.5,98.4,98.4,8.6,3.1,3.1,0.368,1.75,31.8,0.0,0.094,0.048,18.2,18.4,0.944,0.883,0.217,0.221,98.68,99.36,82.8,99.36,0.173,65,7.0,9.0,97,109,109,53,54,54,64,81,81,14,40,29,96,104,126,145,148,11,13,58,60,118,110,110,26,27,67,60,69,0.0,0,11,17,7,0.117,0.117,13,2,2,1.0,0,2,0.0,4,0.308,8,0.615,2,0.154,0,0.0,1,0.077,19,79,32,5.0,3.78,3.61,0.241,1,0,1,0.0,0.0,0.0,0.0,0.0,0.0,0.0,0.0,0.0,0.0,0.0,1.0,2.0,0.333,4.0,0.75,1.0,1.0,6.5,1.0,2.0,0.333,4.0,0.75,1.0,1.0,6.5,,,,,,,,,,,,,,,0.222,2.0,2.0,1.0,1.0,0.222,2.0,2.0,1.0,0.0,0.0,0.0,,0.333,2.0,3.0,0.667,0.833,0.222,1.0,2.0,0.5,0.111,1.0,1.0,1.0,0.444,3.0,4.0,0.75,1.0,0.111,1.0,1.0,1.0,0.333,2.0,3.0,0.667,3,5,0.6,6,0.0,1.0,0.0,0.6,9,1.0,0,0.0,0,0.0,0,0.0,0.944,0.0,0.0,0.0,1.0,1.0,1.0,3.0,4.0,0.75,0.0,0.0,0.0,1.0,1.0,1.0,2.0,3.0,0.667,0.0,0.0,0.0,1.0,1.0,1.0,SAC,0.0,0.0,0.0,0.0,0.0,0.0,1.0,1.0,1.0,3.0,4.0,0.75,3.0,3.0,1.0,0.0,1.0,0.0,,,,0.0,0.0,0.0,0.0,0.0,0.0,3,3,3.0,3.0,1.0,1.5,4.0,12.0,0.333,0.461,-0.128,1.0,6.0,0.167,0.372,-0.205,3.0,6.0,0.5,0.53,-0.03,2.0,2.0,1.0,0.61,0.391,3.0,3.0,1.0,0.58,0.42,1.0,7.0,0.143,0.394,-0.251,7.0,4.0,3.0,2.0,0.0,0.0,0.0,0.0,2.0,2.0,0.0,1.0,0.0,0.0,0.0,0.0,0.0,0.0,0.0,0.0,0.0,0,0,0,0,0.0,0.0,0,0.0,0,0.0,0,0.0,0,0.0,13109,2.5,1.3,1.2,4.58,5.27,4.02,2019,20181112,False
201599,DeAndre Jordan,DeAndre,1610612752,NYK,30.0,1,1,0,1.0,30.971666666666668,3,5,0.6,0,0,0.0,0,2,0.0,0,16,16,2,1,0,0,0,5,4,6,-12,27.2,0,0,24.0,1,1,1,1,56,85,116,33,104,144,104,108,61,108,96,2,5,70,71,95,68,1,171,24,119,166,59,17,2,67,1,,85.2,86.6,86.6,95.4,100.0,100.0,-10.2,-13.4,-13.4,0.111,2.0,22.2,0.0,0.432,0.222,11.1,11.3,0.6,0.51,0.096,0.096,109.57,106.16,88.47,106.16,0.143,67,3.0,5.0,167,164,164,50,59,59,127,137,137,95,25,55,96,4,11,114,118,60,98,165,164,24,43,43,47,85,116,50,29,0.0,0,3,4,2,0.04,0.04,0,0,0,0.0,0,0,0.0,0,0.0,0,0.0,0,0.0,0,0.0,0,0.0,6,58,26,1.3,1.37,0.16,0.103,7,0,8,0.0,0.0,0.75,0.0,0.0,0.0,8.0,0.0,1.0,0.0,0.0,5.0,11.0,0.313,18.0,0.889,1.0,0.941,4.5,5.0,11.0,0.313,26.0,0.615,2.0,0.667,4.5,,,,,,,,,,,,,,,0.6,1.0,3.0,0.333,0.333,0.6,1.0,3.0,0.333,0.0,0.0,0.0,,0.4,2.0,2.0,1.0,1.0,0.4,2.0,2.0,1.0,0.0,0.0,0.0,,,,,,,,,,,,,,,0,0,,0,,,,,0,0.0,6,0.6,0,0.0,0,0.0,0.6,3.0,5.0,0.6,0.0,0.0,0.0,0.0,0.0,0.0,0.0,0.0,0.0,0.0,0.0,0.0,0.0,0.0,0.0,0.0,0.0,0.0,0.0,0.0,0.0,NYK,3.0,5.0,0.6,0.0,0.0,0.0,0.0,0.0,0.0,0.0,0.0,0.0,0.0,0.0,0.0,0.0,0.0,0.0,,,,0.0,0.0,0.0,0.0,0.0,0.0,0,0,,,,,7.0,19.0,0.368,0.488,-0.119,0.0,5.0,0.0,0.232,-0.232,7.0,14.0,0.5,0.522,-0.022,3.0,6.0,0.5,0.638,-0.138,5.0,8.0,0.625,0.581,0.044,1.0,8.0,0.125,0.327,-0.202,5.0,3.0,2.0,0.0,0.0,4.0,10.0,0.0,0.0,0.0,0.0,0.0,0.0,6.0,6.0,4.0,4.0,0.0,1.0,1.0,1.0,0,0,0,0,0.0,0.0,0,0.0,0,0.0,0,0.0,0,0.0,11457,2.2,1.2,1.0,3.98,3.93,4.06,2019,20181112,False
201942,DeMar DeRozan,DeMar,1610612759,SAS,29.0,1,0,1,0.0,36.9,8,17,0.471,0,2,0.0,7,8,0.875,0,2,2,8,4,0,0,0,1,6,23,-6,33.4,0,0,33.0,1,93,93,93,19,15,17,89,104,92,104,7,7,53,96,89,105,7,4,95,68,1,29,11,16,134,40,17,2,34,1,97.0,95.9,97.4,97.4,108.3,105.3,105.3,-12.4,-7.9,-7.9,0.4,2.0,25.0,0.0,0.059,0.027,12.5,12.3,0.471,0.56,0.282,0.291,98.21,98.86,82.38,98.86,0.119,76,8.0,17.0,135,131,131,103,91,91,131,119,119,12,25,41,96,129,150,121,121,109,86,19,17,131,120,120,66,15,17,34,59,0.0,1,14,20,9,0.235,0.265,18,1,4,0.25,5,6,0.833,7,0.389,11,0.611,5,0.278,0,0.0,3,0.167,23,62,41,5.0,4.84,4.48,0.371,4,0,0,1.25,0.0,0.0,0.0,0.0,0.0,0.0,0.0,0.0,0.0,0.0,0.0,2.0,0.0,5.0,0.4,2.0,0.667,9.0,0.0,2.0,0.0,5.0,0.4,2.0,0.667,9.0,,,,,,,,,,,,,,,0.353,2.0,6.0,0.333,0.333,0.353,2.0,6.0,0.333,0.0,0.0,0.0,,0.588,6.0,10.0,0.6,0.6,0.529,6.0,9.0,0.667,0.059,0.0,1.0,0.0,0.059,0.0,1.0,0.0,0.0,0.0,0.0,0.0,,0.059,0.0,1.0,0.0,4,8,0.5,8,0.0,0.0,,0.5,2,0.333,0,0.0,0,0.0,5,0.667,0.471,2.0,3.0,0.667,3.0,6.0,0.5,3.0,6.0,0.5,0.0,1.0,0.0,0.0,1.0,0.0,0.0,0.0,0.0,0.0,0.0,0.0,0.0,2.0,0.0,SAS,2.0,3.0,0.667,3.0,5.0,0.6,0.0,1.0,0.0,3.0,5.0,0.6,0.0,3.0,0.0,0.0,0.0,0.0,,,,0.0,0.0,0.0,0.0,0.0,0.0,1,3,0.0,2.0,0.0,0.333,6.0,11.0,0.545,0.463,0.082,1.0,3.0,0.333,0.37,-0.037,5.0,8.0,0.625,0.507,0.118,3.0,5.0,0.6,0.618,-0.018,3.0,5.0,0.6,0.576,0.024,2.0,5.0,0.4,0.381,0.019,4.0,1.0,3.0,3.0,0.0,0.0,0.0,1.0,1.0,2.0,0.5,0.5,0.0,4.0,4.0,2.0,0.0,0.0,1.0,1.0,0.0,0,0,0,0,0.0,0.0,0,0.0,0,0.0,0,0.0,0,0.0,14947,2.8,1.6,1.2,4.31,4.54,4.05,2019,20181112,False
201960,DeMarre Carroll,DeMarre,1610612751,BKN,32.0,1,0,1,0.0,23.783333333333335,3,8,0.375,2,6,0.333,3,4,0.75,1,4,5,2,3,0,0,1,1,3,11,-13,17.0,0,0,20.0,1,93,93,93,95,85,84,118,24,21,59,33,32,61,45,48,57,70,18,95,68,118,29,37,74,169,106,17,2,88,1,104.0,94.7,94.4,94.4,111.3,116.4,116.4,-16.6,-21.9,-21.9,0.125,0.67,13.3,0.032,0.2,0.098,20.0,20.3,0.5,0.564,0.213,0.21,112.33,109.99,91.66,109.99,0.086,54,3.0,8.0,141,142,142,115,134,134,144,153,153,85,80,98,86,39,69,152,160,79,82,62,70,12,24,24,95,85,84,32,20,0.0,0,3,5,2,0.063,0.063,1,0,0,0.0,0,0,0.0,0,0.0,0,0.0,0,0.0,1,1.0,0,0.0,11,45,20,1.6,2.17,0.87,0.244,1,1,0,2.0,0.0,0.0,0.0,1.0,0.0,3.0,0.333,0.0,0.333,21.6,0.0,4.0,0.0,8.0,0.5,1.0,0.571,10.7,0.0,5.0,0.0,11.0,0.455,1.0,0.5,12.9,,,,,,,,,,,,,,,0.25,0.0,2.0,0.0,0.0,0.125,0.0,1.0,0.0,0.125,0.0,1.0,0.0,0.25,1.0,2.0,0.5,0.75,0.0,0.0,0.0,,0.25,1.0,2.0,0.5,0.5,2.0,4.0,0.5,0.625,0.125,1.0,1.0,1.0,0.375,1.0,3.0,0.333,0,2,0.0,0,0.0,1.0,0.0,0.0,6,0.4,0,0.0,0,0.0,2,0.0,0.5,1.0,1.0,1.0,0.0,0.0,0.0,0.0,1.0,0.0,0.0,0.0,0.0,0.0,1.0,0.0,2.0,5.0,0.4,0.0,0.0,0.0,0.0,1.0,0.0,BKN,1.0,1.0,1.0,0.0,0.0,0.0,0.0,0.0,0.0,0.0,0.0,0.0,0.0,4.0,0.0,2.0,3.0,0.667,,,,0.0,0.0,0.0,0.0,0.0,0.0,2,5,2.0,5.0,0.4,0.6,3.0,5.0,0.6,0.476,0.124,,,,,,3.0,5.0,0.6,0.5,0.1,3.0,4.0,0.75,0.589,0.161,3.0,4.0,0.75,0.549,0.201,0.0,1.0,0.0,0.351,-0.351,2.0,2.0,0.0,0.0,0.0,0.0,0.0,1.0,0.0,1.0,1.0,0.0,0.0,1.0,1.0,0.0,0.0,0.0,1.0,0.0,0.0,0,0,0,0,0.0,0.0,1,1.0,0,0.0,0,0.0,0,0.0,9713,1.8,1.0,0.9,4.03,4.56,3.95,2019,20181112,False
1629028,Deandre Ayton,Deandre,1610612756,PHX,20.0,1,0,1,0.0,34.583333333333336,6,10,0.6,0,0,0.0,2,2,1.0,2,5,7,2,5,0,1,1,4,1,14,-15,23.4,0,0,25.0,1,93,93,93,33,37,60,33,104,144,104,50,61,1,18,36,31,70,3,95,18,118,145,102,50,174,72,17,2,61,1,98.0,96.1,95.7,95.7,115.2,117.1,117.1,-19.1,-21.4,-21.4,0.105,0.4,11.1,0.071,0.161,0.119,27.8,28.0,0.6,0.643,0.211,0.213,97.77,97.16,80.96,97.16,0.072,70,6.0,10.0,133,139,139,132,136,136,149,151,151,102,95,111,36,54,51,177,178,60,53,65,67,137,137,137,106,37,60,42,35,0.0,0,1,5,2,0.048,0.048,0,0,0,0.0,0,0,0.0,0,0.0,0,0.0,0,0.0,0,0.0,0,0.0,14,57,34,1.9,2.03,0.58,0.246,8,5,10,0.25,0.8,1.0,2.0,0.0,1.0,4.0,0.5,0.0,0.5,3.7,3.0,2.0,0.6,10.0,0.5,1.0,0.556,6.8,5.0,2.0,0.714,14.0,0.5,1.0,0.538,5.9,1.0,0.1,1.0,1.0,1.0,1.0,0.1,1.0,1.0,1.0,0.0,0.0,0.0,,0.5,3.0,5.0,0.6,0.6,0.5,3.0,5.0,0.6,0.0,0.0,0.0,,0.3,2.0,3.0,0.667,0.667,0.3,2.0,3.0,0.667,0.0,0.0,0.0,,0.1,0.0,1.0,0.0,0.0,0.1,0.0,1.0,0.0,0.0,0.0,0.0,,0,1,0.0,0,,,,0.0,0,0.0,10,0.667,4,1.0,2,0.333,0.6,5.0,6.0,0.833,1.0,1.0,1.0,0.0,3.0,0.0,0.0,0.0,0.0,0.0,0.0,0.0,0.0,0.0,0.0,0.0,0.0,0.0,0.0,0.0,0.0,PHX,6.0,7.0,0.857,0.0,0.0,0.0,0.0,0.0,0.0,0.0,2.0,0.0,0.0,1.0,0.0,0.0,0.0,0.0,,,,0.0,0.0,0.0,0.0,0.0,0.0,0,2,,,,0.0,12.0,23.0,0.522,0.484,0.037,1.0,2.0,0.5,0.373,0.128,11.0,21.0,0.524,0.521,0.003,6.0,11.0,0.545,0.585,-0.04,7.0,14.0,0.5,0.559,-0.059,5.0,8.0,0.625,0.38,0.246,17.0,16.0,1.0,1.0,0.0,3.0,7.0,1.0,1.0,2.0,0.5,0.5,1.0,4.0,5.0,1.0,0.0,0.2,0.8,1.0,0.0,1,1,2,2,1.0,0.8,3,0.6,0,0.0,0,0.0,1,0.2,12331,2.3,1.3,1.0,3.74,4.08,3.37,2019,20181112,False
1626153,Delon Wright,Delon,1610612763,MEM,27.0,1,0,1,0.0,16.166666666666668,3,5,0.6,2,3,0.667,2,2,1.0,2,0,2,0,2,1,0,0,0,1,10,-3,13.4,0,0,16.0,1,93,93,93,140,85,116,33,24,71,22,50,61,1,18,155,105,137,38,34,68,1,1,102,80,113,125,17,2,105,1,96.0,90.6,89.5,89.5,103.1,100.0,100.0,-12.5,-10.5,-10.5,0.0,0.0,0.0,0.091,0.0,0.05,25.0,25.4,0.8,0.85,0.182,0.185,108.96,111.34,92.78,111.34,0.137,38,3.0,5.0,154,156,156,82,59,59,132,126,126,137,101,137,28,155,121,170,175,17,15,92,95,27,17,17,53,85,116,28,29,0.0,0,4,0,0,0.0,0.0,6,1,1,1.0,2,2,1.0,4,0.667,3,0.5,0,0.0,1,0.167,1,0.167,10,37,18,2.3,3.73,3.24,0.27,0,0,2,0.0,0.0,0.0,1.0,1.0,0.5,4.0,0.5,0.0,0.5,3.2,0.0,0.0,0.0,0.0,0.0,0.0,0.0,0.0,1.0,1.0,0.5,4.0,0.5,0.0,0.5,3.2,1.0,0.2,1.0,1.0,1.0,1.0,0.2,1.0,1.0,1.0,0.0,0.0,0.0,,0.2,0.0,1.0,0.0,0.0,0.2,0.0,1.0,0.0,0.0,0.0,0.0,,,,,,,,,,,,,,,0.6,2.0,3.0,0.667,1.0,0.0,0.0,0.0,,0.6,2.0,3.0,0.667,0,1,0.0,0,0.0,1.0,0.0,0.0,6,1.0,0,0.0,0,0.0,0,0.0,0.8,1.0,2.0,0.5,0.0,0.0,0.0,0.0,0.0,0.0,0.0,0.0,0.0,2.0,2.0,1.0,0.0,1.0,0.0,0.0,0.0,0.0,2.0,2.0,1.0,MEM,1.0,2.0,0.5,0.0,0.0,0.0,0.0,0.0,0.0,0.0,0.0,0.0,2.0,2.0,1.0,0.0,1.0,0.0,,,,0.0,0.0,0.0,0.0,0.0,0.0,2,2,2.0,2.0,1.0,1.5,3.0,8.0,0.375,0.467,-0.092,0.0,2.0,0.0,0.365,-0.365,3.0,6.0,0.5,0.529,-0.029,2.0,5.0,0.4,0.618,-0.218,3.0,6.0,0.5,0.579,-0.079,0.0,2.0,0.0,0.37,-0.37,5.0,2.0,3.0,2.0,0.0,0.0,0.0,0.0,0.0,0.0,0.0,0.0,0.0,0.0,0.0,0.0,0.0,0.0,0.0,0.0,0.0,0,0,0,0,0.0,0.0,0,0.0,0,0.0,0,0.0,0,0.0,7115,1.3,0.8,0.6,4.51,5.47,4.21,2019,20181112,False
203471,Dennis Schröder,Dennis,1610612760,OKC,25.0,1,1,0,1.0,35.63333333333333,6,19,0.316,2,2,1.0,6,6,1.0,0,5,5,9,1,4,0,2,2,5,20,20,50.5,0,0,44.0,1,1,1,1,27,37,9,139,24,92,1,10,15,1,96,36,57,6,71,1,68,170,78,18,26,7,6,17,2,10,1,99.0,118.6,124.3,124.3,101.6,98.6,98.6,16.9,25.7,25.7,0.321,9.0,28.1,0.0,0.161,0.075,3.1,3.2,0.368,0.462,0.256,0.261,99.98,99.01,82.51,99.01,0.145,74,6.0,19.0,44,32,32,77,56,56,38,27,27,21,2,35,96,54,89,61,61,137,126,35,36,101,115,115,44,37,9,60,69,0.0,0,18,20,8,0.15,0.133,20,2,11,0.182,4,4,1.0,8,0.4,5,0.25,2,0.1,1,0.05,2,0.1,20,86,24,8.1,5.64,5.12,0.233,2,0,0,0.0,0.0,0.0,0.0,0.0,0.0,4.0,0.0,0.0,0.0,0.0,0.0,4.0,0.0,7.0,0.714,1.0,0.833,7.7,0.0,4.0,0.0,11.0,0.455,1.0,0.5,7.7,1.0,0.105,0.0,2.0,0.0,0.0,0.105,0.0,2.0,0.0,0.0,0.0,0.0,,0.474,2.0,9.0,0.222,0.222,0.474,2.0,9.0,0.222,0.0,0.0,0.0,,0.316,2.0,6.0,0.333,0.5,0.211,0.0,4.0,0.0,0.105,2.0,2.0,1.0,0.105,2.0,2.0,1.0,1.0,0.105,2.0,2.0,1.0,0.0,0.0,0.0,,1,5,0.2,2,0.0,0.0,,0.2,6,1.0,0,0.0,0,0.0,0,0.0,0.368,3.0,12.0,0.25,0.0,2.0,0.0,1.0,3.0,0.333,0.0,0.0,0.0,0.0,0.0,0.0,2.0,2.0,1.0,0.0,0.0,0.0,0.0,0.0,0.0,OKC,3.0,12.0,0.25,0.0,1.0,0.0,0.0,2.0,0.0,1.0,2.0,0.5,0.0,0.0,0.0,2.0,2.0,1.0,,,,0.0,0.0,0.0,0.0,0.0,0.0,2,2,2.0,2.0,1.0,1.5,6.0,9.0,0.667,0.436,0.231,2.0,5.0,0.4,0.342,0.058,4.0,4.0,1.0,0.52,0.481,3.0,3.0,1.0,0.628,0.372,4.0,4.0,1.0,0.578,0.422,2.0,5.0,0.4,0.362,0.038,4.0,1.0,3.0,6.0,0.0,0.0,0.0,0.0,1.0,1.0,0.0,1.0,0.0,1.0,1.0,1.0,0.0,0.0,1.0,1.0,0.0,0,0,0,0,0.0,0.0,0,0.0,0,0.0,0,0.0,0,0.0,14305,2.7,1.4,1.3,4.29,4.69,3.93,2019,20181112,False
1628372,Dennis Smith Jr.,Dennis,1610612752,NYK,21.0,1,1,0,1.0,24.203333333333333,5,11,0.455,1,5,0.2,0,0,0.0,1,4,5,3,4,0,1,1,4,0,11,-16,20.5,0,0,22.0,1,1,1,1,92,50,51,92,56,33,94,108,113,108,45,48,57,42,4,95,18,118,145,135,74,179,93,17,2,74,1,,77.7,76.4,76.4,98.2,101.8,101.8,-20.5,-25.4,-25.4,0.333,0.75,16.7,0.034,0.148,0.089,22.2,22.2,0.5,0.5,0.254,0.263,112.13,111.06,92.55,111.06,0.07,55,5.0,11.0,176,174,174,61,72,72,152,162,162,15,75,77,84,62,73,164,164,79,105,37,35,13,20,20,107,50,51,50,51,0.0,0,4,6,3,0.06,0.06,6,0,2,0.0,0,0,0.0,0,0.0,3,0.5,1,0.167,1,0.167,0,0.0,11,64,23,4.8,4.46,4.2,0.172,0,0,1,0.0,0.0,0.0,0.0,1.0,0.0,3.0,0.333,0.0,0.333,41.5,1.0,3.0,0.25,7.0,0.571,0.0,0.571,9.5,1.0,4.0,0.2,10.0,0.5,0.0,0.5,15.9,1.0,0.091,0.0,1.0,0.0,0.0,0.091,0.0,1.0,0.0,0.0,0.0,0.0,,0.273,2.0,3.0,0.667,0.667,0.273,2.0,3.0,0.667,0.0,0.0,0.0,,0.364,2.0,4.0,0.5,0.5,0.182,2.0,2.0,1.0,0.182,0.0,2.0,0.0,0.273,1.0,3.0,0.333,0.5,0.0,0.0,0.0,,0.273,1.0,3.0,0.333,3,5,0.6,7,1.0,2.0,0.5,0.7,0,0.0,0,0.0,0,0.0,0,0.0,0.5,2.0,3.0,0.667,0.0,0.0,0.0,2.0,3.0,0.667,0.0,0.0,0.0,0.0,1.0,0.0,1.0,4.0,0.25,0.0,0.0,0.0,0.0,1.0,0.0,NYK,2.0,3.0,0.667,0.0,1.0,0.0,0.0,0.0,0.0,2.0,2.0,1.0,0.0,2.0,0.0,1.0,3.0,0.333,,,,0.0,0.0,0.0,0.0,0.0,0.0,0,3,0.0,3.0,0.0,0.0,6.0,10.0,0.6,0.454,0.146,1.0,4.0,0.25,0.365,-0.115,5.0,6.0,0.833,0.523,0.311,4.0,5.0,0.8,0.619,0.181,4.0,5.0,0.8,0.589,0.211,2.0,5.0,0.4,0.377,0.023,6.0,2.0,4.0,0.0,0.0,0.0,0.0,1.0,0.0,1.0,1.0,0.0,0.0,1.0,1.0,1.0,0.0,0.0,1.0,1.0,0.0,0,0,0,0,0.0,0.0,0,0.0,0,0.0,0,0.0,0,0.0,10536,2.0,1.2,0.8,4.61,4.97,4.16,2019,20181112,False
1629126,Deonte Burton,Deonte,1610612760,OKC,25.0,1,1,0,1.0,1.5333333333333334,0,0,0.0,0,0,0.0,0,0,0.0,0,0,0,0,0,0,0,0,0,0,0,-3,0.0,0,0,0.0,1,1,1,1,181,166,179,166,104,144,104,108,113,108,96,155,166,137,129,95,68,1,1,135,171,113,181,17,2,181,1,99.0,100.0,66.7,66.7,250.0,250.0,250.0,-150.0,-183.3,-183.3,0.0,0.0,0.0,0.0,0.0,0.0,0.0,0.0,0.0,0.0,0.0,0.0,62.61,78.26,65.22,78.26,0.0,3,0.0,0.0,120,179,179,186,186,186,185,186,186,137,101,137,96,155,166,1,1,166,171,181,181,185,185,185,158,166,179,1,1,0.0,0,0,0,0,0.0,0.0,0,0,0,0.0,0,0,0.0,0,0.0,0,0.0,0,0.0,0,0.0,0,0.0,0,1,1,0.0,1.72,2.0,0.0,0,0,0,0.0,0.0,0.0,,,,,,,,,,,,,,,,,,,,,,,,,,,,,,,,,,,,,,,,,,,,,,,,,,,,,,,,,,,,,,,,,,,,,,,,,,,,,,0,0,,0,,,,,0,0.0,0,0.0,0,0.0,0,0.0,0.0,0.0,0.0,0.0,0.0,0.0,0.0,,,,,,,,,,0.0,0.0,0.0,,,,,,,OKC,0.0,0.0,0.0,0.0,0.0,0.0,,,,,,,0.0,0.0,0.0,0.0,0.0,0.0,,,,,,,,,,0,0,,,,,0.0,1.0,0.0,0.397,-0.397,,,,,,0.0,1.0,0.0,0.453,-0.453,,,,,,0.0,1.0,0.0,0.415,-0.415,,,,,,,,,,,,,,,,,,,,,,,,,,,0,0,0,0,0.0,0.0,0,0.0,0,0.0,0,0.0,0,0.0,569,0.1,0.1,0.0,3.49,5.99,0.0,2019,20181112,False
202324,Derrick Favors,Derrick,1610612762,UTA,27.0,1,1,0,1.0,27.75,4,5,0.8,2,2,1.0,2,2,1.0,3,5,8,3,2,2,1,0,3,1,12,0,33.1,0,0,31.0,1,1,1,1,69,65,116,8,24,92,1,50,61,1,10,36,22,42,38,10,18,1,119,102,69,89,42,17,2,42,1,97.0,90.5,87.5,87.5,89.4,90.7,90.7,1.1,-3.2,-3.2,0.25,1.5,27.3,0.094,0.185,0.136,18.2,18.4,1.0,1.02,0.119,0.129,94.27,95.14,79.28,95.14,0.243,56,4.0,5.0,158,162,162,26,35,35,95,109,109,31,45,37,27,45,40,145,148,6,6,149,145,161,160,160,7,65,116,33,21,0.0,0,5,7,3,0.091,0.091,0,0,0,0.0,0,0,0.0,0,0.0,0,0.0,0,0.0,0,0.0,0,0.0,12,39,24,0.9,1.41,0.26,0.308,3,3,5,0.667,0.667,0.8,2.0,1.0,0.667,7.0,0.429,0.0,0.429,9.4,2.0,3.0,0.4,6.0,0.833,1.0,1.0,4.6,4.0,4.0,0.5,13.0,0.615,1.0,0.667,6.4,,,,,,,,,,,,,,,,,,,,,,,,,,,,0.8,3.0,4.0,0.75,0.875,0.6,2.0,3.0,0.667,0.2,1.0,1.0,1.0,0.2,1.0,1.0,1.0,1.5,0.0,0.0,0.0,,0.2,1.0,1.0,1.0,0,0,,0,0.0,0.0,,,8,0.75,4,1.0,2,0.0,2,1.0,1.0,1.0,1.0,1.0,1.0,1.0,1.0,0.0,1.0,0.0,2.0,2.0,1.0,0.0,0.0,0.0,0.0,0.0,0.0,0.0,0.0,0.0,2.0,2.0,1.0,UTA,1.0,1.0,1.0,0.0,0.0,0.0,1.0,1.0,1.0,0.0,1.0,0.0,2.0,2.0,1.0,0.0,0.0,0.0,,,,,,,0.0,0.0,0.0,3,3,2.0,2.0,1.0,1.333,7.0,15.0,0.467,0.445,0.022,0.0,3.0,0.0,0.357,-0.357,7.0,12.0,0.583,0.487,0.096,3.0,5.0,0.6,0.573,0.027,5.0,7.0,0.714,0.537,0.177,1.0,6.0,0.167,0.381,-0.214,15.0,13.0,2.0,2.0,0.0,1.0,2.0,1.0,0.0,1.0,1.0,0.0,1.0,5.0,6.0,4.0,0.0,0.167,0.833,0.8,0.0,0,1,2,2,1.0,0.667,1,0.333,0,0.0,0,0.0,1,0.333,11045,2.1,1.1,1.0,4.27,4.68,3.9,2019,20181112,False
1627884,Derrick Jones Jr.,Derrick,1610612748,MIA,22.0,1,0,1,0.0,10.05,2,4,0.5,0,2,0.0,0,0,0.0,1,1,2,2,0,0,1,0,1,0,4,-8,12.4,0,0,10.0,1,93,93,93,166,119,131,59,104,92,104,108,113,108,45,126,105,70,129,95,18,1,29,135,141,146,129,17,2,140,1,100.0,91.1,81.8,81.8,119.7,123.8,123.8,-28.6,-42.0,-42.0,0.5,0.0,33.3,0.111,0.083,0.095,0.0,0.0,0.5,0.5,0.16,0.184,99.06,102.69,85.57,102.69,0.156,22,2.0,4.0,153,170,170,143,152,152,167,178,178,3,101,24,21,109,70,1,1,79,105,117,100,113,75,75,31,119,131,15,7,0.0,0,2,6,2,0.133,0.133,0,0,0,0.0,0,0,0.0,0,0.0,0,0.0,0,0.0,0,0.0,0,0.0,4,19,7,0.5,1.46,0.26,0.211,0,0,2,0.0,0.0,2.0,0.0,1.0,0.0,2.0,0.5,0.0,0.5,2.2,1.0,0.0,1.0,5.0,0.2,1.0,0.25,4.2,1.0,1.0,0.5,7.0,0.286,1.0,0.333,3.2,,,,,,,,,,,,,,,0.5,1.0,2.0,0.5,0.5,0.25,1.0,1.0,1.0,0.25,0.0,1.0,0.0,0.25,1.0,1.0,1.0,1.0,0.25,1.0,1.0,1.0,0.0,0.0,0.0,,0.25,0.0,1.0,0.0,0.0,0.0,0.0,0.0,,0.25,0.0,1.0,0.0,0,1,0.0,0,0.0,1.0,0.0,0.0,0,0.0,4,1.0,0,0.0,0,0.0,0.5,1.0,1.0,1.0,1.0,1.0,1.0,0.0,0.0,0.0,0.0,0.0,0.0,0.0,0.0,0.0,0.0,1.0,0.0,0.0,1.0,0.0,0.0,0.0,0.0,MIA,2.0,2.0,1.0,0.0,0.0,0.0,0.0,0.0,0.0,0.0,0.0,0.0,0.0,1.0,0.0,0.0,0.0,0.0,,,,0.0,0.0,0.0,0.0,1.0,0.0,0,1,0.0,1.0,0.0,0.0,,,,,,,,,,,,,,,,,,,,,,,,,,,,,,,2.0,2.0,0.0,0.0,0.0,1.0,3.0,0.0,0.0,0.0,0.0,0.0,0.0,3.0,3.0,2.0,0.0,0.0,1.0,1.0,0.0,0,0,0,0,0.0,0.0,0,0.0,0,0.0,0,0.0,0,0.0,4129,0.8,0.4,0.4,4.39,4.68,4.13,2019,20181112,False
201565,Derrick Rose,Derrick,1610612750,MIN,30.0,1,1,0,1.0,38.943333333333335,8,18,0.444,3,5,0.6,4,4,1.0,0,2,2,6,3,1,1,1,0,2,23,3,37.4,0,0,38.0,1,1,1,1,9,15,12,94,8,33,26,23,32,1,96,89,105,10,18,34,18,118,1,69,16,66,28,17,2,18,1,105.0,105.0,107.1,107.1,106.0,104.8,104.8,-1.0,2.3,2.3,0.25,2.0,20.7,0.0,0.035,0.022,10.3,10.4,0.528,0.582,0.242,0.243,103.36,102.92,85.77,102.92,0.128,84,8.0,18.0,96,89,89,93,89,89,101,87,87,31,25,59,96,149,159,110,110,78,76,45,45,65,71,71,59,15,12,46,61,0.0,0,7,14,6,0.13,0.13,7,0,4,0.0,0,0,0.0,0,0.0,2,0.286,0,0.0,1,0.143,0,0.0,23,74,35,5.7,4.59,4.11,0.311,0,0,0,0.0,0.0,0.0,0.0,0.0,0.0,2.0,0.0,0.0,0.0,0.0,0.0,2.0,0.0,13.0,0.154,1.0,0.167,13.2,0.0,2.0,0.0,15.0,0.133,1.0,0.143,13.2,1.0,0.111,0.0,2.0,0.0,0.0,0.111,0.0,2.0,0.0,0.0,0.0,0.0,,0.333,3.0,6.0,0.5,0.5,0.333,3.0,6.0,0.5,0.0,0.0,0.0,,0.389,3.0,7.0,0.429,0.5,0.278,2.0,5.0,0.4,0.111,1.0,2.0,0.5,0.167,2.0,3.0,0.667,1.0,0.0,0.0,0.0,,0.167,2.0,3.0,0.667,2,5,0.4,4,0.0,0.0,,0.4,9,0.6,0,0.0,0,0.0,0,0.0,0.528,3.0,6.0,0.5,0.0,2.0,0.0,2.0,5.0,0.4,2.0,2.0,1.0,0.0,0.0,0.0,1.0,3.0,0.333,0.0,0.0,0.0,2.0,2.0,1.0,MIN,3.0,6.0,0.5,0.0,2.0,0.0,0.0,0.0,0.0,2.0,4.0,0.5,2.0,4.0,0.5,1.0,2.0,0.5,0.0,0.0,0.0,0.0,0.0,0.0,0.0,0.0,0.0,3,5,3.0,5.0,0.6,0.9,7.0,19.0,0.368,0.442,-0.074,3.0,8.0,0.375,0.37,0.005,4.0,11.0,0.364,0.495,-0.131,4.0,7.0,0.571,0.575,-0.004,4.0,9.0,0.444,0.547,-0.103,3.0,9.0,0.333,0.368,-0.035,6.0,4.0,2.0,2.0,0.0,0.0,0.0,0.0,1.0,1.0,0.0,1.0,0.0,0.0,0.0,0.0,0.0,0.0,0.0,0.0,0.0,0,0,0,0,0.0,0.0,0,0.0,0,0.0,0,0.0,0,0.0,15397,2.9,1.5,1.4,4.13,4.32,3.95,2019,20181112,False
1628401,Derrick White,Derrick,1610612759,SAS,24.0,1,0,1,0.0,26.183333333333334,4,10,0.4,1,3,0.333,2,2,1.0,0,0,0,5,1,1,0,1,0,2,11,-15,20.5,0,0,19.0,1,93,93,93,80,65,60,110,56,71,59,50,61,1,96,155,166,17,71,34,68,118,1,69,74,174,93,17,2,92,1,97.0,95.2,98.0,98.0,128.1,127.5,127.5,-32.9,-29.4,-29.4,0.313,5.0,29.4,0.0,0.0,0.0,5.9,5.9,0.45,0.506,0.203,0.203,94.67,93.49,77.91,93.49,0.083,51,4.0,10.0,139,128,128,162,159,159,172,170,170,22,4,32,96,155,166,72,74,114,103,71,76,159,169,169,97,65,60,53,63,0.0,0,3,11,5,0.094,0.094,10,2,4,0.5,2,2,1.0,6,0.6,5,0.5,1,0.1,0,0.0,1,0.1,11,67,24,6.2,5.57,5.57,0.164,0,0,0,0.0,0.0,0.0,,,,,,,,,,,,,,,,,,,,,,,,,1.0,0.1,1.0,1.0,1.0,1.0,0.1,1.0,1.0,1.0,0.0,0.0,0.0,,0.3,1.0,3.0,0.333,0.333,0.3,1.0,3.0,0.333,0.0,0.0,0.0,,0.3,0.0,3.0,0.0,0.0,0.2,0.0,2.0,0.0,0.1,0.0,1.0,0.0,0.3,2.0,3.0,0.667,0.833,0.1,1.0,1.0,1.0,0.2,1.0,2.0,0.5,1,4,0.25,2,0.0,1.0,0.0,0.25,3,0.5,0,0.0,0,0.0,0,0.0,0.45,1.0,2.0,0.5,1.0,2.0,0.5,1.0,3.0,0.333,0.0,0.0,0.0,0.0,0.0,0.0,1.0,3.0,0.333,0.0,0.0,0.0,0.0,0.0,0.0,SAS,1.0,2.0,0.5,1.0,2.0,0.5,0.0,0.0,0.0,0.0,2.0,0.0,1.0,2.0,0.5,1.0,2.0,0.5,,,,,,,0.0,0.0,0.0,1,2,1.0,2.0,0.5,0.75,6.0,17.0,0.353,0.453,-0.1,2.0,6.0,0.333,0.391,-0.058,4.0,11.0,0.364,0.486,-0.122,2.0,3.0,0.667,0.576,0.091,3.0,6.0,0.5,0.537,-0.037,3.0,10.0,0.3,0.406,-0.106,11.0,6.0,5.0,2.0,1.0,0.0,0.0,0.0,0.0,0.0,0.0,0.0,0.0,1.0,1.0,0.0,0.0,0.0,1.0,0.0,0.0,0,0,0,0,0.0,0.0,0,0.0,0,0.0,0,0.0,0,0.0,10615,2.0,1.2,0.8,4.39,4.59,4.11,2019,20181112,False
1626164,Devin Booker,Devin,1610612756,PHX,22.0,1,0,1,0.0,37.016666666666666,7,18,0.389,1,4,0.25,4,4,1.0,2,2,4,6,3,0,0,2,3,3,19,-32,29.8,0,0,30.0,1,93,93,93,17,27,12,115,56,49,82,23,32,1,18,89,68,10,18,95,68,170,119,37,29,187,47,17,2,46,1,98.0,91.1,89.3,89.3,124.6,130.3,130.3,-33.4,-40.9,-40.9,0.286,2.0,20.7,0.057,0.051,0.054,10.3,10.4,0.417,0.481,0.28,0.283,99.2,97.9,81.58,97.9,0.07,75,7.0,18.0,152,157,157,158,162,162,175,177,177,27,25,59,56,136,112,110,110,125,122,21,25,112,127,127,108,27,12,44,62,0.0,0,13,15,6,0.136,0.136,15,3,8,0.375,2,2,1.0,8,0.533,5,0.333,0,0.0,1,0.067,1,0.067,19,68,39,5.5,4.85,4.31,0.279,1,3,2,0.0,1.333,2.0,1.0,1.0,0.5,4.0,0.5,0.0,0.5,9.8,0.0,2.0,0.0,5.0,0.4,1.0,0.5,13.7,1.0,3.0,0.25,9.0,0.444,1.0,0.5,11.7,1.0,0.167,2.0,3.0,0.667,0.667,0.167,2.0,3.0,0.667,0.0,0.0,0.0,,0.444,2.0,8.0,0.25,0.25,0.444,2.0,8.0,0.25,0.0,0.0,0.0,,0.222,1.0,4.0,0.25,0.25,0.111,1.0,2.0,0.5,0.111,0.0,2.0,0.0,0.167,2.0,3.0,0.667,0.833,0.056,1.0,1.0,1.0,0.111,1.0,2.0,0.5,3,7,0.429,7,1.0,2.0,0.5,0.5,2,0.333,4,1.0,4,0.5,0,0.0,0.417,4.0,6.0,0.667,0.0,4.0,0.0,2.0,4.0,0.5,0.0,0.0,0.0,0.0,0.0,0.0,1.0,4.0,0.25,0.0,0.0,0.0,0.0,0.0,0.0,PHX,4.0,7.0,0.571,1.0,3.0,0.333,1.0,4.0,0.25,0.0,0.0,0.0,0.0,0.0,0.0,1.0,4.0,0.25,,,,0.0,0.0,0.0,0.0,0.0,0.0,1,3,0.0,2.0,0.0,0.333,8.0,16.0,0.5,0.461,0.039,1.0,3.0,0.333,0.362,-0.029,7.0,13.0,0.538,0.516,0.022,5.0,9.0,0.556,0.593,-0.037,5.0,11.0,0.455,0.545,-0.09,1.0,3.0,0.333,0.366,-0.033,6.0,4.0,2.0,1.0,0.0,1.0,2.0,1.0,0.0,1.0,1.0,0.0,0.0,2.0,2.0,0.0,0.0,0.0,1.0,0.0,0.0,1,2,2,2,1.0,1.333,0,0.0,0,0.0,0,0.0,1,0.333,13436,2.5,1.4,1.1,3.83,4.14,3.5,2019,20181112,False
2734,Devin Harris,Devin,1610612742,DAL,36.0,1,1,0,1.0,18.483333333333334,3,5,0.6,1,3,0.333,0,0,0.0,0,1,1,2,2,2,1,0,4,2,7,19,18.2,0,0,17.0,1,1,1,1,128,85,116,33,56,71,59,108,113,108,96,126,139,70,38,10,18,1,145,69,111,9,100,17,2,101,1,103.0,121.6,124.3,124.3,75.5,75.0,75.0,46.1,49.3,49.3,0.143,1.0,22.2,0.0,0.048,0.029,22.2,22.2,0.7,0.7,0.171,0.171,95.57,94.79,78.99,94.79,0.078,37,3.0,5.0,34,32,32,10,10,10,8,8,8,76,58,55,96,138,146,164,164,36,41,104,109,152,164,164,101,85,116,21,26,0.0,1,2,5,3,0.095,0.143,4,1,1,1.0,0,0,0.0,2,0.5,2,0.5,0,0.0,1,0.25,1,0.25,7,30,23,1.2,2.49,1.7,0.233,3,0,1,0.0,0.0,0.0,0.0,0.0,0.0,0.0,0.0,0.0,0.0,0.0,0.0,1.0,0.0,1.0,1.0,0.0,1.0,4.4,0.0,1.0,0.0,1.0,1.0,0.0,1.0,4.4,,,,,,,,,,,,,,,0.4,1.0,2.0,0.5,0.5,0.2,1.0,1.0,1.0,0.2,0.0,1.0,0.0,0.2,1.0,1.0,1.0,1.0,0.2,1.0,1.0,1.0,0.0,0.0,0.0,,0.4,1.0,2.0,0.5,0.75,0.0,0.0,0.0,,0.4,1.0,2.0,0.5,0,0,,0,0.0,0.0,,,3,0.333,0,0.0,0,0.0,0,0.0,0.7,2.0,2.0,1.0,0.0,0.0,0.0,0.0,0.0,0.0,1.0,1.0,1.0,0.0,0.0,0.0,0.0,2.0,0.0,0.0,0.0,0.0,1.0,1.0,1.0,DAL,2.0,2.0,1.0,0.0,0.0,0.0,0.0,0.0,0.0,0.0,0.0,0.0,1.0,1.0,1.0,0.0,2.0,0.0,,,,,,,0.0,0.0,0.0,1,3,1.0,3.0,0.333,0.5,0.0,5.0,0.0,0.436,-0.436,0.0,1.0,0.0,0.27,-0.27,0.0,4.0,0.0,0.47,-0.47,,,,,,0.0,2.0,0.0,0.562,-0.562,0.0,1.0,0.0,0.252,-0.252,1.0,1.0,0.0,2.0,0.0,0.0,0.0,0.0,1.0,1.0,0.0,1.0,0.0,0.0,0.0,0.0,0.0,0.0,0.0,0.0,0.0,0,0,0,0,0.0,0.0,0,0.0,0,0.0,0,0.0,0,0.0,6848,1.3,0.8,0.5,3.96,4.36,3.45,2019,20181112,False
1628378,Donovan Mitchell,Donovan,1610612762,UTA,22.0,1,1,0,1.0,36.3,3,14,0.214,0,2,0.0,6,6,1.0,0,1,1,4,1,1,0,3,3,4,12,15,21.2,0,0,19.0,1,1,1,1,20,85,28,162,104,92,104,10,15,1,96,126,139,30,71,34,68,184,119,24,69,12,83,17,2,92,1,97.0,104.8,105.4,105.4,84.7,85.1,85.1,20.1,20.3,20.3,0.182,4.0,18.2,0.0,0.026,0.012,4.5,4.6,0.214,0.361,0.205,0.209,98.38,97.85,81.54,97.85,0.03,74,3.0,14.0,100,94,94,19,22,22,33,33,33,54,9,73,96,153,165,64,66,164,147,70,71,126,130,130,148,85,28,46,63,0.0,1,12,11,5,0.087,0.109,22,2,8,0.25,6,6,1.0,10,0.455,11,0.5,1,0.045,0,0.0,3,0.136,12,66,41,5.0,4.56,4.14,0.182,0,0,1,0.0,0.0,0.0,0.0,0.0,0.0,2.0,0.0,0.0,0.0,0.0,0.0,1.0,0.0,4.0,0.25,0.0,0.25,3.7,0.0,1.0,0.0,6.0,0.167,0.0,0.167,3.7,1.0,0.214,1.0,3.0,0.333,0.333,0.214,1.0,3.0,0.333,0.0,0.0,0.0,,0.571,2.0,8.0,0.25,0.25,0.571,2.0,8.0,0.25,0.0,0.0,0.0,,0.143,0.0,2.0,0.0,0.0,0.071,0.0,1.0,0.0,0.071,0.0,1.0,0.0,0.071,0.0,1.0,0.0,0.0,0.0,0.0,0.0,,0.071,0.0,1.0,0.0,0,6,0.0,0,0.0,1.0,0.0,0.0,0,0.0,0,0.0,0,0.0,0,0.0,0.214,2.0,6.0,0.333,1.0,4.0,0.25,0.0,2.0,0.0,0.0,0.0,0.0,0.0,0.0,0.0,0.0,2.0,0.0,0.0,0.0,0.0,0.0,0.0,0.0,UTA,2.0,6.0,0.333,1.0,1.0,1.0,0.0,4.0,0.0,0.0,1.0,0.0,0.0,0.0,0.0,0.0,2.0,0.0,,,,,,,0.0,0.0,0.0,0,1,0.0,1.0,0.0,0.0,5.0,8.0,0.625,0.426,0.199,1.0,4.0,0.25,0.357,-0.107,4.0,4.0,1.0,0.476,0.524,3.0,3.0,1.0,0.637,0.363,3.0,3.0,1.0,0.57,0.43,1.0,4.0,0.25,0.367,-0.117,6.0,3.0,3.0,2.0,0.0,0.0,0.0,0.0,0.0,0.0,0.0,0.0,0.0,0.0,0.0,0.0,0.0,0.0,0.0,0.0,0.0,0,0,0,0,0.0,0.0,0,0.0,0,0.0,0,0.0,0,0.0,13855,2.6,1.5,1.1,4.0,4.65,3.36,2019,20181112,False
1627827,Dorian Finney-Smith,Dorian,1610612742,DAL,26.0,1,1,0,1.0,32.833333333333336,2,6,0.333,1,5,0.2,3,4,0.75,0,2,2,1,2,1,1,0,4,3,8,-8,15.9,0,0,16.0,1,1,1,1,43,119,110,126,56,33,94,33,32,61,96,89,105,100,38,34,18,1,145,37,100,146,114,17,2,105,1,103.0,88.9,90.4,90.4,94.4,98.7,98.7,-5.5,-8.3,-8.3,0.048,0.5,9.1,0.0,0.054,0.027,18.2,18.6,0.417,0.515,0.127,0.125,111.55,108.18,90.15,108.18,0.014,73,2.0,6.0,162,153,153,45,58,58,113,120,120,129,85,117,96,132,154,145,151,125,95,141,148,15,29,29,156,119,110,21,23,0.0,0,2,2,1,0.048,0.048,3,0,0,0.0,0,0,0.0,0,0.0,2,0.667,0,0.0,1,0.333,0,0.0,8,33,25,0.9,1.7,0.64,0.242,1,0,1,2.0,0.0,0.0,0.0,0.0,0.0,0.0,0.0,0.0,0.0,0.0,1.0,1.0,0.5,3.0,0.667,1.0,1.0,3.6,1.0,1.0,0.5,3.0,0.667,1.0,1.0,3.6,,,,,,,,,,,,,,,0.167,1.0,1.0,1.0,1.0,0.167,1.0,1.0,1.0,0.0,0.0,0.0,,0.167,0.0,1.0,0.0,0.0,0.0,0.0,0.0,,0.167,0.0,1.0,0.0,0.667,1.0,4.0,0.25,0.375,0.0,0.0,0.0,,0.667,1.0,4.0,0.25,0,1,0.0,0,0.0,1.0,0.0,0.0,3,0.25,0,0.0,0,0.0,2,0.0,0.417,1.0,1.0,1.0,0.0,0.0,0.0,0.0,1.0,0.0,0.0,0.0,0.0,0.0,0.0,0.0,1.0,4.0,0.25,0.0,0.0,0.0,0.0,0.0,0.0,DAL,1.0,1.0,1.0,0.0,0.0,0.0,0.0,0.0,0.0,0.0,0.0,0.0,0.0,2.0,0.0,1.0,3.0,0.333,,,,0.0,0.0,0.0,0.0,0.0,0.0,1,4,1.0,4.0,0.25,0.375,5.0,14.0,0.357,0.474,-0.117,0.0,3.0,0.0,0.354,-0.354,5.0,11.0,0.455,0.515,-0.06,4.0,6.0,0.667,0.621,0.045,4.0,6.0,0.667,0.578,0.089,1.0,7.0,0.143,0.364,-0.222,10.0,8.0,2.0,2.0,0.0,0.0,0.0,0.0,2.0,2.0,0.0,1.0,0.0,1.0,1.0,0.0,0.0,0.0,1.0,0.0,0.0,0,0,0,0,0.0,0.0,0,0.0,0,0.0,0,0.0,0,0.0,14151,2.7,1.4,1.2,4.59,4.29,4.59,2019,20181112,False
203110,Draymond Green,Draymond,1610612744,GSW,29.0,1,0,1,0.0,42.7,3,9,0.333,0,2,0.0,0,0,0.0,1,13,14,1,4,3,0,3,3,2,6,-2,29.3,0,0,27.0,1,93,93,93,2,85,67,126,104,92,104,108,113,108,45,4,7,100,4,5,68,184,119,69,119,105,51,17,2,52,1,112.0,102.6,100.0,100.0,100.4,104.6,104.6,2.3,-4.6,-4.6,0.031,0.25,7.1,0.023,0.31,0.163,28.6,28.6,0.333,0.333,0.131,0.134,99.71,98.92,82.44,98.92,0.064,89,3.0,9.0,106,111,111,74,87,87,91,112,112,136,100,124,94,17,31,178,179,141,150,139,139,106,119,119,117,85,67,77,46,0.0,1,7,3,2,0.013,0.026,3,0,1,0.0,0,0,0.0,0,0.0,1,0.333,0,0.0,1,0.333,0,0.0,6,94,36,3.4,2.17,1.19,0.064,3,5,2,0.0,0.0,0.0,1.0,0.0,1.0,4.0,0.25,0.0,0.25,6.6,2.0,11.0,0.154,22.0,0.591,1.0,0.619,5.8,3.0,11.0,0.214,26.0,0.538,1.0,0.56,5.8,1.0,0.111,0.0,1.0,0.0,0.0,0.111,0.0,1.0,0.0,0.0,0.0,0.0,,0.556,2.0,5.0,0.4,0.4,0.556,2.0,5.0,0.4,0.0,0.0,0.0,,,,,,,,,,,,,,,0.333,1.0,3.0,0.333,0.333,0.111,1.0,1.0,1.0,0.222,0.0,2.0,0.0,1,1,1.0,2,0.0,0.0,,1.0,0,0.0,0,0.0,0,0.0,0,0.0,0.333,2.0,4.0,0.5,1.0,3.0,0.333,0.0,0.0,0.0,0.0,0.0,0.0,0.0,0.0,0.0,0.0,2.0,0.0,0.0,0.0,0.0,0.0,0.0,0.0,GSW,2.0,5.0,0.4,0.0,1.0,0.0,1.0,1.0,1.0,0.0,0.0,0.0,0.0,0.0,0.0,0.0,2.0,0.0,0.0,0.0,0.0,,,,0.0,0.0,0.0,0,2,0.0,2.0,0.0,0.0,5.0,13.0,0.385,0.467,-0.082,3.0,6.0,0.5,0.394,0.106,2.0,7.0,0.286,0.499,-0.213,2.0,4.0,0.5,0.608,-0.108,2.0,5.0,0.4,0.538,-0.138,3.0,7.0,0.429,0.388,0.04,11.0,5.0,6.0,7.0,0.0,1.0,2.0,0.0,3.0,3.0,0.0,1.0,2.0,6.0,8.0,0.0,0.0,0.25,0.75,0.0,0.0,0,1,0,0,0.0,0.0,3,0.6,0,0.0,1,0.2,0,0.0,15579,3.0,1.4,1.5,3.98,4.09,3.64,2019,20181112,False
2730,Dwight Howard,Dwight,1610612764,WAS,33.0,1,1,0,1.0,28.9,6,9,0.667,0,0,0.0,5,7,0.714,2,6,8,0,1,2,1,2,3,7,17,-8,34.6,0,0,31.0,1,1,1,1,63,37,67,24,104,144,104,15,10,68,18,25,22,137,71,10,18,170,119,7,37,146,35,17,2,42,1,97.0,105.0,110.0,110.0,121.4,119.4,119.4,-16.4,-9.4,-9.4,0.0,0.0,0.0,0.065,0.214,0.136,7.7,7.6,0.667,0.704,0.188,0.193,102.81,101.31,84.43,101.31,0.13,60,6.0,9.0,97,79,79,147,143,143,143,123,123,137,101,137,46,37,40,86,86,41,40,84,86,70,89,89,57,37,67,31,18,0.0,0,1,0,0,0.0,0.0,0,0,0,0.0,0,0,0.0,0,0.0,0,0.0,0,0.0,0,0.0,0,0.0,17,42,18,0.9,1.3,0.43,0.405,4,2,8,1.0,0.0,1.375,0.0,2.0,0.0,8.0,0.25,0.0,0.25,2.0,1.0,5.0,0.167,7.0,0.857,0.0,0.857,4.2,1.0,7.0,0.125,14.0,0.571,0.0,0.571,3.6,1.0,0.556,4.0,5.0,0.8,0.8,0.556,4.0,5.0,0.8,0.0,0.0,0.0,,0.333,1.0,3.0,0.333,0.333,0.333,1.0,3.0,0.333,0.0,0.0,0.0,,,,,,,,,,,,,,,0.111,1.0,1.0,1.0,1.0,0.111,1.0,1.0,1.0,0.0,0.0,0.0,,0,0,,0,,,,,0,0.0,11,0.833,0,0.0,4,0.667,0.667,6.0,8.0,0.75,0.0,1.0,0.0,0.0,0.0,0.0,0.0,0.0,0.0,0.0,0.0,0.0,0.0,0.0,0.0,0.0,0.0,0.0,0.0,0.0,0.0,WAS,6.0,8.0,0.75,0.0,1.0,0.0,0.0,0.0,0.0,0.0,0.0,0.0,0.0,0.0,0.0,0.0,0.0,0.0,0.0,0.0,0.0,0.0,0.0,0.0,0.0,0.0,0.0,0,0,,,,,6.0,10.0,0.6,0.503,0.098,1.0,3.0,0.333,0.353,-0.02,5.0,7.0,0.714,0.529,0.185,3.0,3.0,1.0,0.591,0.409,4.0,4.0,1.0,0.565,0.436,2.0,4.0,0.5,0.391,0.109,9.0,6.0,3.0,2.0,0.0,2.0,4.0,0.0,0.0,0.0,0.0,0.0,1.0,0.0,1.0,0.0,0.0,1.0,0.0,0.0,0.0,0,1,0,0,0.0,0.0,1,0.5,0,0.0,0,0.0,0,0.0,10763,2.0,1.1,1.0,3.91,4.42,3.82,2019,20181112,False
203939,Dwight Powell,Dwight,1610612742,DAL,27.0,1,1,0,1.0,16.816666666666666,3,5,0.6,1,3,0.333,4,6,0.667,2,2,4,0,0,1,2,0,1,5,11,16,24.8,0,0,22.0,1,1,1,1,137,85,116,33,56,71,59,23,15,71,18,89,68,137,129,34,6,1,29,18,74,11,64,17,2,74,1,103.0,120.1,123.5,123.5,80.4,76.5,76.5,39.7,47.1,47.1,0.0,0.0,0.0,0.154,0.118,0.133,0.0,0.0,0.7,0.72,0.211,0.201,96.02,97.05,80.87,97.05,0.202,34,3.0,5.0,42,35,35,13,12,12,12,9,9,137,101,137,13,88,42,1,1,36,37,65,79,149,138,138,17,85,116,23,18,0.0,0,1,0,0,0.0,0.0,1,1,1,1.0,0,0,0.0,2,2.0,0,0.0,0,0.0,0,0.0,0,0.0,11,32,19,0.6,1.12,0.25,0.344,4,0,2,1.0,0.0,2.0,0.0,2.0,0.0,3.0,0.667,0.0,0.667,18.6,0.0,2.0,0.0,4.0,0.5,0.0,0.5,3.7,0.0,4.0,0.0,7.0,0.571,0.0,0.571,11.1,,,,,,,,,,,,,,,0.4,2.0,2.0,1.0,1.0,0.4,2.0,2.0,1.0,0.0,0.0,0.0,,,,,,,,,,,,,,,0.6,1.0,3.0,0.333,0.5,0.0,0.0,0.0,,0.6,1.0,3.0,0.333,0,0,,0,0.0,0.0,,,3,0.333,4,1.0,0,0.0,4,0.0,0.7,2.0,2.0,1.0,0.0,0.0,0.0,0.0,0.0,0.0,0.0,0.0,0.0,0.0,0.0,0.0,1.0,3.0,0.333,0.0,0.0,0.0,0.0,0.0,0.0,DAL,2.0,2.0,1.0,0.0,0.0,0.0,0.0,0.0,0.0,0.0,0.0,0.0,0.0,0.0,0.0,1.0,3.0,0.333,,,,,,,0.0,0.0,0.0,0,2,0.0,2.0,0.0,0.0,3.0,6.0,0.5,0.432,0.068,0.0,1.0,0.0,0.346,-0.346,3.0,5.0,0.6,0.487,0.113,3.0,3.0,1.0,0.583,0.417,3.0,4.0,0.75,0.53,0.22,0.0,2.0,0.0,0.362,-0.362,8.0,7.0,1.0,0.0,0.0,3.0,7.0,1.0,0.0,1.0,1.0,0.0,0.0,4.0,4.0,2.0,1.0,0.0,1.0,1.0,0.5,0,0,0,0,0.0,0.0,0,0.0,0,0.0,0,0.0,0,0.0,7023,1.3,0.8,0.6,4.35,4.81,4.53,2019,20181112,False
202734,E'Twaun Moore,E'Twaun,1610612740,NOP,30.0,1,1,0,1.0,35.9,13,18,0.722,3,5,0.6,1,2,0.5,0,2,2,3,2,1,0,0,1,1,30,21,37.9,0,0,40.0,1,1,1,1,23,1,12,18,8,33,26,82,61,79,96,89,105,42,38,34,68,1,29,102,6,4,27,17,2,15,1,101.0,130.0,134.7,134.7,105.2,108.1,108.1,24.7,26.6,26.6,0.103,1.5,12.5,0.0,0.048,0.026,8.3,8.4,0.806,0.794,0.247,0.246,102.79,99.61,83.01,99.61,0.163,75,13.0,18.0,18,11,11,88,104,104,26,25,25,107,45,105,96,138,156,92,94,16,22,40,44,71,108,108,30,1,12,32,47,0.0,0,4,7,3,0.094,0.094,13,7,8,0.875,1,2,0.5,15,1.154,4,0.308,2,0.154,0,0.0,1,0.077,30,56,45,2.4,2.54,1.93,0.536,4,0,5,1.0,0.0,0.8,0.0,0.0,0.0,2.0,0.0,0.0,0.0,0.0,0.0,2.0,0.0,2.0,1.0,0.0,1.0,16.2,0.0,2.0,0.0,3.0,0.667,0.0,0.667,16.2,1.0,0.111,2.0,2.0,1.0,1.0,0.111,2.0,2.0,1.0,0.0,0.0,0.0,,0.444,5.0,8.0,0.625,0.625,0.444,5.0,8.0,0.625,0.0,0.0,0.0,,0.278,4.0,5.0,0.8,1.1,0.056,1.0,1.0,1.0,0.222,3.0,4.0,0.75,0.167,2.0,3.0,0.667,0.667,0.111,2.0,2.0,1.0,0.056,0.0,1.0,0.0,4,4,1.0,9,1.0,1.0,1.0,1.125,6,0.5,4,0.5,0,0.0,4,0.667,0.806,3.0,3.0,1.0,5.0,8.0,0.625,2.0,2.0,1.0,1.0,2.0,0.5,0.0,1.0,0.0,2.0,2.0,1.0,0.0,0.0,0.0,1.0,3.0,0.333,NOP,3.0,3.0,1.0,2.0,5.0,0.4,4.0,4.0,1.0,1.0,1.0,1.0,2.0,4.0,0.5,1.0,1.0,1.0,,,,,,,0.0,0.0,0.0,2,4,2.0,4.0,0.5,0.75,3.0,10.0,0.3,0.465,-0.165,2.0,9.0,0.222,0.344,-0.122,1.0,1.0,1.0,0.574,0.426,1.0,1.0,1.0,0.628,0.372,1.0,1.0,1.0,0.588,0.412,2.0,9.0,0.222,0.371,-0.148,6.0,0.0,6.0,1.0,0.0,0.0,0.0,0.0,1.0,1.0,0.0,1.0,0.0,1.0,1.0,0.0,0.0,0.0,1.0,0.0,0.0,0,0,0,0,0.0,0.0,0,0.0,0,0.0,0,0.0,0,0.0,15374,2.9,1.6,1.3,4.53,4.74,4.3,2019,20181112,False
202334,Ed Davis,Ed,1610612751,BKN,30.0,1,0,1,0.0,21.3,2,4,0.5,0,0,0.0,3,4,0.75,8,6,14,2,0,1,0,0,4,2,7,1,29.8,0,0,25.0,1,93,93,93,112,119,131,59,104,144,104,33,32,61,1,25,7,70,129,34,68,1,145,69,111,80,47,17,2,61,1,104.0,102.5,104.3,104.3,98.2,100.0,100.0,4.2,4.3,4.3,0.143,0.0,25.0,0.267,0.273,0.269,0.0,0.0,0.5,0.608,0.107,0.101,106.68,104.79,87.32,104.79,0.205,46,2.0,4.0,107,96,96,62,59,59,86,75,75,76,101,41,4,21,3,1,1,79,69,156,161,36,55,55,15,119,131,28,14,0.0,0,4,6,2,0.071,0.071,0,0,0,0.0,0,0,0.0,0,0.0,0,0.0,0,0.0,0,0.0,0,0.0,7,36,20,0.8,1.37,0.39,0.194,3,1,9,0.0,1.0,0.778,7.0,1.0,0.875,11.0,0.727,0.0,0.727,4.5,1.0,5.0,0.167,9.0,0.667,0.0,0.667,4.7,8.0,6.0,0.571,20.0,0.7,0.0,0.7,4.6,1.0,0.25,0.0,1.0,0.0,0.0,0.25,0.0,1.0,0.0,0.0,0.0,0.0,,0.75,2.0,3.0,0.667,0.667,0.75,2.0,3.0,0.667,0.0,0.0,0.0,,,,,,,,,,,,,,,,,,,,,,,,,,,,0,0,,0,,,,,0,0.0,7,0.5,1,0.0,0,0.0,0.5,2.0,4.0,0.5,0.0,0.0,0.0,0.0,0.0,0.0,0.0,0.0,0.0,0.0,0.0,0.0,0.0,0.0,0.0,0.0,0.0,0.0,0.0,0.0,0.0,BKN,2.0,4.0,0.5,0.0,0.0,0.0,0.0,0.0,0.0,0.0,0.0,0.0,0.0,0.0,0.0,0.0,0.0,0.0,,,,0.0,0.0,0.0,0.0,0.0,0.0,0,0,,,,,7.0,12.0,0.583,0.473,0.11,1.0,2.0,0.5,0.367,0.134,6.0,10.0,0.6,0.51,0.09,3.0,3.0,1.0,0.562,0.438,4.0,5.0,0.8,0.519,0.281,3.0,6.0,0.5,0.4,0.1,10.0,8.0,2.0,1.0,0.0,3.0,8.0,1.0,1.0,2.0,0.5,0.5,1.0,4.0,5.0,3.0,2.0,0.2,0.8,1.0,0.667,0,0,1,2,0.5,1.0,0,0.0,0,0.0,0,0.0,1,1.0,8478,1.6,0.9,0.7,4.11,4.64,3.57,2019,20181112,False
202327,Ekpe Udoh,Ekpe,1610612762,UTA,32.0,1,1,0,1.0,1.2666666666666666,1,1,1.0,0,0,0.0,0,0,0.0,1,0,1,0,0,0,1,0,0,0,2,1,6.2,0,0,5.0,1,1,1,1,185,145,172,1,104,144,104,108,113,108,45,155,139,137,129,95,18,1,1,135,154,80,163,17,2,164,1,97.0,200.0,200.0,200.0,159.6,150.0,150.0,40.4,50.0,50.0,0.0,0.0,0.0,0.5,0.0,0.333,0.0,0.0,1.0,1.0,0.25,0.25,73.52,75.79,63.16,75.79,0.667,2,1.0,1.0,2,2,2,182,182,182,11,7,7,137,101,137,1,155,2,1,1,6,7,39,41,184,187,187,1,145,172,3,2,0.0,0,0,0,0,0.0,0.0,0,0,0,0.0,0,0,0.0,0,0.0,0,0.0,0,0.0,0,0.0,0,0.0,2,4,3,0.1,0.86,0.25,0.5,0,0,1,0.0,0.0,2.0,0.0,1.0,0.0,1.0,1.0,0.0,1.0,4.9,0.0,0.0,0.0,0.0,0.0,0.0,0.0,0.0,0.0,1.0,0.0,1.0,1.0,0.0,1.0,4.9,,,,,,,,,,,,,,,1.0,1.0,1.0,1.0,1.0,1.0,1.0,1.0,1.0,0.0,0.0,0.0,,,,,,,,,,,,,,,,,,,,,,,,,,,,0,0,,0,,,,,0,0.0,2,1.0,0,0.0,0,0.0,1.0,1.0,1.0,1.0,,,,0.0,0.0,0.0,0.0,0.0,0.0,,,,,,,,,,0.0,0.0,0.0,UTA,1.0,1.0,1.0,,,,0.0,0.0,0.0,,,,0.0,0.0,0.0,,,,,,,,,,,,,0,0,,,,,,,,,,,,,,,,,,,,,,,,,,,,,,,,,,,1.0,1.0,0.0,0.0,0.0,0.0,0.0,0.0,0.0,0.0,0.0,0.0,0.0,0.0,0.0,0.0,0.0,0.0,0.0,0.0,0.0,0,0,0,0,0.0,0.0,0,0.0,0,0.0,0,0.0,0,0.0,494,0.1,0.0,0.0,4.6,0.0,0.0,2019,20181112,False
1629059,Elie Okobo,Elie,1610612756,PHX,21.0,1,0,1,0.0,13.366666666666667,1,2,0.5,0,1,0.0,0,0,0.0,0,0,0,5,0,0,0,0,1,0,2,4,9.5,0,0,7.0,1,93,93,93,154,145,161,59,104,118,104,108,113,108,96,155,166,17,129,95,68,1,29,135,154,55,145,17,2,155,1,98.0,124.4,126.9,126.9,99.3,107.4,107.4,25.1,19.5,19.5,0.417,0.0,71.4,0.0,0.0,0.0,0.0,0.0,0.5,0.5,0.063,0.066,100.05,95.16,79.3,95.16,0.106,26,1.0,2.0,27,25,25,69,99,99,25,36,36,9,101,2,96,155,166,1,1,79,105,173,173,99,159,159,76,145,161,28,27,0.0,0,4,10,5,0.179,0.179,4,1,1,1.0,0,0,0.0,2,0.5,3,0.75,2,0.5,0,0.0,0,0.0,2,33,10,2.5,4.54,4.24,0.061,0,0,0,0.0,0.0,0.0,,,,,,,,,,,,,,,,,,,,,,,,,,,,,,,,,,,,,,,,,,,,,,,,,,,,0.5,1.0,1.0,1.0,1.0,0.5,1.0,1.0,1.0,0.0,0.0,0.0,,0.5,0.0,1.0,0.0,0.0,0.0,0.0,0.0,,0.5,0.0,1.0,0.0,0,1,0.0,0,0.0,1.0,0.0,0.0,0,0.0,0,0.0,0,0.0,0,0.0,0.5,0.0,0.0,0.0,1.0,1.0,1.0,0.0,0.0,0.0,0.0,0.0,0.0,0.0,0.0,0.0,0.0,1.0,0.0,0.0,0.0,0.0,0.0,0.0,0.0,PHX,0.0,0.0,0.0,1.0,1.0,1.0,0.0,0.0,0.0,0.0,0.0,0.0,0.0,0.0,0.0,0.0,1.0,0.0,,,,,,,0.0,0.0,0.0,0,0,0.0,0.0,,,3.0,4.0,0.75,0.496,0.254,,,,,,3.0,4.0,0.75,0.523,0.227,1.0,1.0,1.0,0.688,0.312,2.0,3.0,0.667,0.587,0.08,1.0,1.0,1.0,0.382,0.618,1.0,1.0,0.0,1.0,0.0,0.0,0.0,0.0,0.0,0.0,0.0,0.0,0.0,0.0,0.0,0.0,0.0,0.0,0.0,0.0,0.0,0,0,0,0,0.0,0.0,0,0.0,0,0.0,0,0.0,0,0.0,5803,1.1,0.6,0.5,4.36,4.79,3.95,2019,20181112,False
203095,Evan Fournier,Evan,1610612753,ORL,26.0,1,0,1,0.0,29.216666666666665,7,14,0.5,3,7,0.429,3,4,0.75,0,2,2,5,1,1,0,1,4,2,20,3,31.9,0,0,32.0,1,93,93,93,59,27,28,59,8,11,48,33,32,61,96,89,105,17,71,34,68,118,145,69,26,66,44,17,2,38,1,98.0,120.7,114.3,114.3,115.2,111.3,111.3,5.6,3.0,3.0,0.217,5.0,22.7,0.0,0.077,0.038,4.5,4.6,0.607,0.635,0.243,0.255,98.21,102.68,85.57,102.68,0.109,63,7.0,14.0,38,61,61,131,115,115,77,82,82,45,4,54,96,116,136,64,64,59,58,44,38,130,76,76,73,27,28,25,35,0.0,0,6,12,5,0.2,0.2,8,1,3,0.333,1,2,0.5,3,0.375,3,0.375,2,0.25,1,0.125,1,0.125,20,43,37,2.0,2.81,2.02,0.465,3,0,1,0.667,0.0,2.0,0.0,0.0,0.0,2.0,0.0,0.0,0.0,0.0,1.0,1.0,0.5,6.0,0.333,0.0,0.333,7.4,1.0,1.0,0.5,8.0,0.25,0.0,0.25,7.4,1.0,0.143,0.0,2.0,0.0,0.0,0.143,0.0,2.0,0.0,0.0,0.0,0.0,,0.357,4.0,5.0,0.8,0.9,0.214,3.0,3.0,1.0,0.143,1.0,2.0,0.5,0.429,2.0,6.0,0.333,0.417,0.143,1.0,2.0,0.5,0.286,1.0,4.0,0.25,0.071,1.0,1.0,1.0,1.5,0.0,0.0,0.0,,0.071,1.0,1.0,1.0,1,4,0.25,2,0.0,2.0,0.0,0.25,11,0.667,2,1.0,0,0.0,2,0.5,0.607,2.0,3.0,0.667,1.0,2.0,0.5,1.0,2.0,0.5,1.0,2.0,0.5,0.0,0.0,0.0,2.0,5.0,0.4,0.0,0.0,0.0,1.0,2.0,0.5,ORL,2.0,3.0,0.667,0.0,1.0,0.0,1.0,2.0,0.5,0.0,0.0,0.0,2.0,3.0,0.667,2.0,4.0,0.5,0.0,0.0,0.0,0.0,1.0,0.0,0.0,0.0,0.0,4,6,3.0,5.0,0.6,0.917,5.0,13.0,0.385,0.465,-0.08,1.0,4.0,0.25,0.347,-0.097,4.0,9.0,0.444,0.542,-0.097,3.0,6.0,0.5,0.628,-0.128,4.0,7.0,0.571,0.608,-0.037,1.0,5.0,0.2,0.363,-0.163,8.0,5.0,3.0,1.0,0.0,1.0,2.0,1.0,0.0,1.0,1.0,0.0,0.0,1.0,1.0,0.0,0.0,0.0,1.0,0.0,0.0,0,0,0,0,0.0,0.0,0,0.0,0,0.0,0,0.0,0,0.0,11706,2.2,1.3,0.9,4.27,4.91,3.58,2019,20181112,False
1628412,Frank Mason III,Frank,1610612758,SAC,25.0,1,1,0,1.0,17.083333333333332,2,3,0.667,0,1,0.0,0,0,0.0,1,1,2,5,0,1,1,0,0,1,4,1,19.9,0,0,15.0,1,1,1,1,135,119,152,24,104,118,104,108,113,108,45,126,105,17,129,34,18,1,1,102,141,80,96,17,2,112,1,99.0,110.3,111.8,111.8,103.5,105.7,105.7,6.9,6.1,6.1,0.333,0.0,62.5,0.067,0.053,0.059,0.0,0.0,0.667,0.667,0.079,0.08,98.62,96.94,80.78,96.94,0.154,34,2.0,3.0,77,75,75,84,96,96,72,70,70,15,101,3,42,135,106,1,1,41,49,169,169,119,140,140,34,119,152,34,32,0.0,0,7,12,5,0.147,0.147,5,2,2,1.0,0,0,0.0,4,0.8,3,0.6,0,0.0,0,0.0,0,0.0,4,37,12,2.8,4.54,4.22,0.108,0,0,0,0.0,0.0,0.0,0.0,1.0,0.0,1.0,1.0,0.0,1.0,27.0,0.0,1.0,0.0,7.0,0.143,2.0,0.2,2.8,0.0,2.0,0.0,8.0,0.25,2.0,0.333,14.9,,,,,,,,,,,,,,,,,,,,,,,,,,,,1.0,2.0,3.0,0.667,0.667,0.667,2.0,2.0,1.0,0.333,0.0,1.0,0.0,,,,,,,,,,,,,,1,2,0.5,2,0.0,1.0,0.0,0.5,0,0.0,0,0.0,0,0.0,0,0.0,0.667,1.0,1.0,1.0,1.0,1.0,1.0,0.0,0.0,0.0,,,,0.0,0.0,0.0,0.0,1.0,0.0,0.0,0.0,0.0,0.0,0.0,0.0,SAC,1.0,1.0,1.0,0.0,0.0,0.0,1.0,1.0,1.0,0.0,0.0,0.0,0.0,0.0,0.0,0.0,1.0,0.0,,,,,,,0.0,0.0,0.0,0,0,0.0,0.0,,,2.0,8.0,0.25,0.455,-0.205,1.0,4.0,0.25,0.386,-0.136,1.0,4.0,0.25,0.526,-0.276,,,,,,0.0,1.0,0.0,0.618,-0.618,2.0,6.0,0.333,0.39,-0.057,6.0,2.0,4.0,1.0,0.0,1.0,3.0,1.0,0.0,1.0,1.0,0.0,0.0,0.0,0.0,0.0,0.0,0.0,0.0,0.0,0.0,0,0,0,0,0.0,0.0,0,0.0,0,0.0,0,0.0,0,0.0,6824,1.3,0.6,0.7,4.35,4.06,4.63,2019,20181112,False
1627832,Fred VanVleet,Fred,1610612761,TOR,25.0,1,0,1,0.0,22.42,4,8,0.5,2,4,0.5,0,0,0.0,0,0,0,3,0,2,0,0,0,0,10,-12,20.5,0,0,19.0,1,93,93,93,104,65,84,59,24,49,31,108,113,108,96,155,166,42,129,10,68,1,1,135,80,166,93,17,2,92,1,101.0,98.6,96.2,96.2,119.0,119.2,119.2,-20.5,-23.1,-23.1,0.25,0.0,27.3,0.0,0.0,0.0,0.0,0.0,0.625,0.625,0.136,0.141,110.04,111.33,92.77,111.33,0.109,52,4.0,8.0,127,135,135,141,142,142,151,157,157,31,101,37,96,155,166,1,1,49,61,134,134,19,18,18,71,65,84,30,36,1.0,1,8,11,5,0.1,0.167,6,0,2,0.0,0,0,0.0,0,0.0,4,0.667,1,0.167,0,0.0,0,0.0,10,39,16,2.8,4.34,3.92,0.256,0,0,1,0.0,0.0,0.0,,,,,,,,,,,,,,,,,,,,,,,,,1.0,0.25,1.0,2.0,0.5,0.5,0.25,1.0,2.0,0.5,0.0,0.0,0.0,,0.5,1.0,4.0,0.25,0.25,0.25,1.0,2.0,0.5,0.25,0.0,2.0,0.0,,,,,,,,,,,,,,0.25,2.0,2.0,1.0,1.5,0.0,0.0,0.0,,0.25,2.0,2.0,1.0,1,4,0.25,2,0.0,2.0,0.0,0.25,6,1.0,0,0.0,0,0.0,0,0.0,0.625,1.0,1.0,1.0,0.0,1.0,0.0,1.0,2.0,0.5,0.0,0.0,0.0,0.0,0.0,0.0,2.0,4.0,0.5,0.0,0.0,0.0,0.0,0.0,0.0,TOR,1.0,2.0,0.5,0.0,0.0,0.0,0.0,1.0,0.0,1.0,1.0,1.0,0.0,0.0,0.0,2.0,4.0,0.5,,,,0.0,0.0,0.0,0.0,0.0,0.0,2,2,2.0,2.0,1.0,1.5,11.0,18.0,0.611,0.478,0.133,2.0,4.0,0.5,0.39,0.111,9.0,14.0,0.643,0.537,0.106,4.0,6.0,0.667,0.648,0.019,8.0,12.0,0.667,0.598,0.069,3.0,5.0,0.6,0.368,0.232,6.0,2.0,4.0,4.0,0.0,0.0,0.0,0.0,2.0,2.0,0.0,1.0,0.0,2.0,2.0,1.0,0.0,0.0,1.0,1.0,0.0,0,0,0,0,0.0,0.0,0,0.0,0,0.0,0,0.0,0,0.0,9795,1.9,1.0,0.9,4.75,5.08,4.43,2019,20181112,False
1627788,Furkan Korkmaz,Furkan,1610612755,PHI,21.0,1,1,0,1.0,22.416666666666668,5,9,0.556,3,6,0.5,3,3,1.0,1,3,4,0,0,1,0,0,5,4,16,7,23.8,0,0,25.0,1,1,1,1,105,50,67,50,8,21,31,33,52,1,45,69,68,137,129,34,68,1,171,24,44,41,69,17,2,61,1,99.0,136.8,135.6,135.6,119.9,114.9,114.9,16.9,20.7,20.7,0.0,0.0,0.0,0.053,0.176,0.111,0.0,0.0,0.722,0.775,0.2,0.212,95.97,98.5,82.08,98.5,0.12,45,5.0,9.0,7,9,9,144,128,128,39,32,32,137,101,137,60,49,56,1,1,31,23,73,68,150,123,123,65,50,67,16,17,0.0,0,0,0,0,0.0,0.0,1,1,1,1.0,0,0,0.0,2,2.0,0,0.0,0,0.0,0,0.0,0,0.0,16,25,18,0.7,1.67,0.88,0.64,0,0,0,0.0,0.0,0.0,0.0,1.0,0.0,4.0,0.25,0.0,0.25,22.5,0.0,3.0,0.0,4.0,0.75,0.0,0.75,7.6,0.0,4.0,0.0,7.0,0.571,0.0,0.571,11.3,,,,,,,,,,,,,,,0.333,2.0,3.0,0.667,0.833,0.222,1.0,2.0,0.5,0.111,1.0,1.0,1.0,0.556,3.0,5.0,0.6,0.8,0.111,1.0,1.0,1.0,0.444,2.0,4.0,0.5,0.111,0.0,1.0,0.0,0.0,0.0,0.0,0.0,,0.111,0.0,1.0,0.0,1,2,0.5,3,1.0,2.0,0.5,0.75,6,0.5,0,0.0,0,0.0,0,0.0,0.722,2.0,3.0,0.667,0.0,0.0,0.0,0.0,0.0,0.0,1.0,1.0,1.0,2.0,2.0,1.0,0.0,3.0,0.0,0.0,0.0,0.0,3.0,3.0,1.0,PHI,2.0,3.0,0.667,0.0,0.0,0.0,0.0,0.0,0.0,0.0,0.0,0.0,3.0,4.0,0.75,0.0,2.0,0.0,0.0,0.0,0.0,0.0,0.0,0.0,0.0,0.0,0.0,2,4,2.0,4.0,0.5,0.75,4.0,8.0,0.5,0.414,0.086,3.0,5.0,0.6,0.359,0.241,1.0,3.0,0.333,0.505,-0.172,,,,,,1.0,3.0,0.333,0.537,-0.204,3.0,5.0,0.6,0.364,0.236,5.0,1.0,4.0,3.0,1.0,0.0,0.0,2.0,1.0,3.0,0.667,0.333,0.0,0.0,0.0,0.0,0.0,0.0,0.0,0.0,0.0,0,0,0,0,0.0,0.0,0,0.0,0,0.0,0,0.0,0,0.0,9707,1.8,1.0,0.8,4.42,4.83,3.99,2019,20181112,False
202066,Garrett Temple,Garrett,1610612746,LAC,33.0,1,0,1,0.0,34.11666666666667,2,8,0.25,0,4,0.0,2,2,1.0,0,2,2,0,1,0,0,1,5,2,6,-22,7.4,0,0,8.0,1,93,93,93,34,119,84,145,104,49,104,50,61,1,96,89,105,137,71,95,68,118,171,69,119,185,157,17,2,147,1,111.0,81.4,82.1,82.1,113.8,113.2,113.2,-32.4,-31.1,-31.1,0.0,0.0,0.0,0.0,0.054,0.027,10.0,10.1,0.25,0.338,0.132,0.131,95.17,94.97,79.14,94.97,-0.043,67,2.0,8.0,174,169,169,124,122,122,171,173,173,137,101,137,96,132,154,103,105,156,149,138,144,154,161,161,179,119,84,25,29,0.0,1,1,0,1,0.0,0.04,6,0,2,0.0,2,2,1.0,2,0.333,1,0.167,0,0.0,2,0.333,1,0.167,6,37,27,1.6,2.61,1.65,0.162,0,0,1,0.0,0.0,2.0,0.0,0.0,0.0,2.0,0.0,1.0,0.0,0.0,0.0,2.0,0.0,4.0,0.5,0.0,0.5,7.8,0.0,2.0,0.0,6.0,0.333,1.0,0.4,7.8,,,,,,,,,,,,,,,0.375,1.0,3.0,0.333,0.333,0.375,1.0,3.0,0.333,0.0,0.0,0.0,,0.375,1.0,3.0,0.333,0.333,0.125,1.0,1.0,1.0,0.25,0.0,2.0,0.0,0.25,0.0,2.0,0.0,0.0,0.0,0.0,0.0,,0.25,0.0,2.0,0.0,0,1,0.0,0,0.0,1.0,0.0,0.0,0,0.0,2,1.0,0,0.0,0,0.0,0.25,2.0,3.0,0.667,0.0,1.0,0.0,0.0,0.0,0.0,0.0,0.0,0.0,0.0,1.0,0.0,0.0,3.0,0.0,0.0,0.0,0.0,0.0,1.0,0.0,LAC,2.0,3.0,0.667,0.0,1.0,0.0,0.0,0.0,0.0,0.0,0.0,0.0,0.0,1.0,0.0,0.0,3.0,0.0,,,,,,,0.0,0.0,0.0,0,3,0.0,3.0,0.0,0.0,5.0,8.0,0.625,0.48,0.146,1.0,3.0,0.333,0.37,-0.036,4.0,5.0,0.8,0.561,0.239,2.0,3.0,0.667,0.598,0.069,2.0,3.0,0.667,0.568,0.099,1.0,3.0,0.333,0.364,-0.031,2.0,0.0,2.0,1.0,1.0,0.0,0.0,0.0,0.0,0.0,0.0,0.0,0.0,0.0,0.0,0.0,0.0,0.0,0.0,0.0,0.0,0,0,0,0,0.0,0.0,0,0.0,0,0.0,0,0.0,0,0.0,12939,2.5,1.3,1.1,4.11,4.24,3.65,2019,20181112,False
1627777,Georges Niang,Georges,1610612762,UTA,26.0,1,1,0,1.0,7.516666666666667,1,2,0.5,0,1,0.0,0,0,0.0,0,2,2,0,1,0,0,0,1,0,2,-10,3.4,0,0,4.0,1,1,1,1,168,145,161,59,104,118,104,108,113,108,96,89,105,137,71,95,68,1,29,135,154,157,172,17,2,168,1,97.0,47.1,47.1,47.1,110.3,105.9,105.9,-63.2,-58.8,-58.8,0.0,0.0,0.0,0.0,0.286,0.118,33.3,33.3,0.5,0.5,0.167,0.176,106.39,108.56,90.47,108.56,0.061,17,1.0,2.0,185,185,185,110,97,97,184,184,184,137,101,137,96,19,52,183,183,79,105,107,106,41,26,26,122,145,161,14,9,0.0,0,1,0,0,0.0,0.0,2,1,1,1.0,0,0,0.0,2,1.0,0,0.0,0,0.0,1,0.5,0,0.0,2,17,9,0.3,1.11,0.24,0.118,0,0,0,0.0,0.0,0.0,0.0,0.0,0.0,0.0,0.0,0.0,0.0,0.0,0.0,2.0,0.0,3.0,0.667,0.0,0.667,9.0,0.0,2.0,0.0,3.0,0.667,0.0,0.667,9.0,,,,,,,,,,,,,,,0.5,1.0,1.0,1.0,1.0,0.5,1.0,1.0,1.0,0.0,0.0,0.0,,,,,,,,,,,,,,,0.5,0.0,1.0,0.0,0.0,0.0,0.0,0.0,,0.5,0.0,1.0,0.0,1,1,1.0,2,0.0,0.0,,1.0,0,0.0,0,0.0,0,0.0,0,0.0,0.5,0.0,0.0,0.0,0.0,0.0,0.0,1.0,1.0,1.0,0.0,0.0,0.0,0.0,0.0,0.0,0.0,1.0,0.0,0.0,0.0,0.0,0.0,0.0,0.0,UTA,0.0,0.0,0.0,1.0,1.0,1.0,0.0,0.0,0.0,0.0,0.0,0.0,0.0,0.0,0.0,0.0,1.0,0.0,,,,,,,0.0,0.0,0.0,0,1,0.0,1.0,0.0,0.0,1.0,2.0,0.5,0.428,0.072,1.0,2.0,0.5,0.297,0.203,,,,,,,,,,,,,,,,1.0,2.0,0.5,0.325,0.175,2.0,0.0,2.0,0.0,0.0,0.0,0.0,0.0,0.0,0.0,0.0,0.0,0.0,1.0,1.0,1.0,0.0,0.0,1.0,1.0,0.0,0,0,0,0,0.0,0.0,0,0.0,0,0.0,0,0.0,0,0.0,3376,0.6,0.4,0.3,4.54,5.63,4.9,2019,20181112,False
201609,Goran Dragic,Goran,1610612748,MIA,33.0,1,0,1,0.0,28.793333333333333,8,15,0.533,1,4,0.25,5,7,0.714,0,3,3,5,2,2,1,0,4,4,22,-14,40.1,0,0,37.0,1,93,93,93,64,15,24,56,56,49,82,15,10,68,96,69,85,17,38,10,18,1,145,24,20,171,22,17,2,24,1,100.0,112.3,109.5,109.5,137.3,136.1,136.1,-25.0,-26.5,-26.5,0.385,2.5,20.0,0.0,0.13,0.06,8.0,8.0,0.567,0.608,0.294,0.307,101.59,103.36,86.13,103.36,0.15,63,8.0,15.0,68,83,83,176,173,173,161,166,166,13,23,61,96,76,104,91,91,70,68,12,11,83,65,65,37,15,24,51,57,1.0,0,10,13,6,0.098,0.118,14,4,6,0.667,0,0,0.0,9,0.643,7,0.5,2,0.143,1,0.071,0,0.0,22,72,30,4.9,4.11,3.71,0.306,0,0,0,0.0,0.0,0.0,0.0,0.0,0.0,1.0,0.0,0.0,0.0,0.0,0.0,3.0,0.0,7.0,0.429,1.0,0.5,12.1,0.0,3.0,0.0,8.0,0.375,1.0,0.429,12.1,,,,,,,,,,,,,,,0.333,3.0,5.0,0.6,0.6,0.333,3.0,5.0,0.6,0.0,0.0,0.0,,0.467,4.0,7.0,0.571,0.571,0.4,4.0,6.0,0.667,0.067,0.0,1.0,0.0,0.2,1.0,3.0,0.333,0.5,0.0,0.0,0.0,,0.2,1.0,3.0,0.333,1,6,0.167,2,0.0,2.0,0.0,0.167,3,0.5,0,0.0,0,0.0,0,0.0,0.567,6.0,7.0,0.857,1.0,2.0,0.5,0.0,2.0,0.0,0.0,1.0,0.0,1.0,1.0,1.0,0.0,2.0,0.0,0.0,0.0,0.0,1.0,2.0,0.5,MIA,6.0,7.0,0.857,0.0,0.0,0.0,1.0,2.0,0.5,0.0,2.0,0.0,1.0,2.0,0.5,0.0,2.0,0.0,0.0,0.0,0.0,0.0,0.0,0.0,0.0,0.0,0.0,1,2,1.0,2.0,0.5,0.75,2.0,7.0,0.286,0.45,-0.165,1.0,3.0,0.333,0.336,-0.002,1.0,4.0,0.25,0.527,-0.277,0.0,1.0,0.0,0.649,-0.649,0.0,1.0,0.0,0.624,-0.624,1.0,4.0,0.25,0.329,-0.079,6.0,4.0,2.0,3.0,0.0,0.0,0.0,0.0,3.0,3.0,0.0,1.0,0.0,2.0,2.0,2.0,0.0,0.0,1.0,1.0,0.0,0,0,0,0,0.0,0.0,0,0.0,0,0.0,0,0.0,0,0.0,13060,2.5,1.3,1.1,4.79,5.28,3.99,2019,20181112,False
203476,Gorgui Dieng,Gorgui,1610612750,MIN,29.0,1,1,0,1.0,10.738333333333333,2,4,0.5,1,1,1.0,0,0,0.0,0,1,1,0,0,0,0,0,1,0,5,0,6.2,0,0,7.0,1,1,1,1,164,119,131,59,56,118,1,108,113,108,96,126,139,137,129,95,68,1,29,135,131,89,163,17,2,155,1,105.0,115.5,124.0,124.0,118.9,124.0,124.0,-3.4,0.0,0.0,0.0,0.0,0.0,0.0,0.111,0.053,0.0,0.0,0.625,0.625,0.143,0.144,118.28,111.75,93.12,111.75,0.067,25,2.0,4.0,57,34,34,140,154,154,107,91,91,137,101,137,96,91,116,1,1,49,61,128,133,2,14,14,112,119,131,20,13,0.0,0,1,0,0,0.0,0.0,0,0,0,0.0,0,0,0.0,0,0.0,0,0.0,0,0.0,0,0.0,0,0.0,5,24,12,0.7,1.74,0.83,0.208,1,1,1,0.0,0.0,0.0,0.0,0.0,0.0,1.0,0.0,0.0,0.0,0.0,0.0,1.0,0.0,2.0,0.5,0.0,0.5,9.2,0.0,1.0,0.0,3.0,0.333,0.0,0.333,9.2,,,,,,,,,,,,,,,0.25,0.0,1.0,0.0,0.0,0.25,0.0,1.0,0.0,0.0,0.0,0.0,,0.5,2.0,2.0,1.0,1.25,0.25,1.0,1.0,1.0,0.25,1.0,1.0,1.0,0.25,0.0,1.0,0.0,0.0,0.25,0.0,1.0,0.0,0.0,0.0,0.0,,1,2,0.5,2,0.0,0.0,,0.5,3,1.0,0,0.0,0,0.0,0,0.0,0.625,0.0,0.0,0.0,0.0,1.0,0.0,1.0,2.0,0.5,1.0,1.0,1.0,0.0,0.0,0.0,0.0,0.0,0.0,0.0,0.0,0.0,1.0,1.0,1.0,MIN,0.0,0.0,0.0,0.0,1.0,0.0,1.0,2.0,0.5,0.0,0.0,0.0,1.0,1.0,1.0,0.0,0.0,0.0,,,,0.0,0.0,0.0,0.0,0.0,0.0,1,1,1.0,1.0,1.0,1.5,2.0,7.0,0.286,0.464,-0.178,0.0,4.0,0.0,0.407,-0.407,2.0,3.0,0.667,0.534,0.133,1.0,2.0,0.5,0.589,-0.089,2.0,3.0,0.667,0.55,0.117,0.0,4.0,0.0,0.398,-0.398,4.0,2.0,2.0,1.0,0.0,2.0,4.0,1.0,0.0,1.0,1.0,0.0,0.0,2.0,2.0,2.0,0.0,0.0,1.0,1.0,0.0,0,1,0,0,0.0,0.0,0,0.0,0,0.0,0,0.0,0,0.0,4430,0.8,0.4,0.4,3.97,4.06,3.88,2019,20181112,False
202328,Greg Monroe,Greg,1610612755,PHI,29.0,1,0,1,0.0,1.5333333333333334,0,2,0.0,0,0,0.0,0,0,0.0,1,1,2,0,0,0,0,1,0,0,0,2,2.4,0,0,2.0,1,93,93,93,181,166,161,166,104,144,104,108,113,108,45,126,105,137,129,95,68,118,1,135,171,72,178,17,2,177,1,99.0,66.7,66.7,66.7,0.0,0.0,0.0,66.7,66.7,66.7,0.0,0.0,0.0,0.333,0.5,0.4,0.0,0.0,0.0,0.0,0.5,0.5,78.26,93.91,78.26,93.91,-0.25,3,0.0,2.0,182,179,179,1,1,1,3,3,3,137,101,137,2,2,1,1,1,166,171,1,1,182,165,165,186,166,161,1,1,0.0,0,0,0,0,0.0,0.0,0,0,0,0.0,0,0,0.0,0,0.0,0,0.0,0,0.0,0,0.0,0,0.0,0,3,2,0.1,1.27,0.33,0.0,0,0,2,0.0,0.0,0.0,1.0,0.0,1.0,1.0,1.0,0.0,1.0,1.4,0.0,1.0,0.0,1.0,1.0,0.0,1.0,2.2,1.0,1.0,0.5,2.0,1.0,0.0,1.0,1.8,1.0,0.5,0.0,1.0,0.0,0.0,0.5,0.0,1.0,0.0,0.0,0.0,0.0,,0.5,0.0,1.0,0.0,0.0,0.5,0.0,1.0,0.0,0.0,0.0,0.0,,,,,,,,,,,,,,,,,,,,,,,,,,,,0,0,,0,,,,,0,0.0,0,0.0,0,0.0,0,0.0,0.0,0.0,1.0,0.0,0.0,0.0,0.0,0.0,1.0,0.0,,,,,,,,,,,,,,,,PHI,0.0,1.0,0.0,0.0,1.0,0.0,,,,0.0,0.0,0.0,,,,,,,,,,,,,,,,0,0,,,,,0.0,1.0,0.0,0.62,-0.62,,,,,,0.0,1.0,0.0,0.625,-0.625,,,,,,0.0,1.0,0.0,0.702,-0.702,,,,,,1.0,1.0,0.0,0.0,0.0,0.0,0.0,0.0,0.0,0.0,0.0,0.0,0.0,1.0,1.0,1.0,0.0,0.0,1.0,1.0,0.0,0,0,0,0,0.0,0.0,0,0.0,0,0.0,0,0.0,0,0.0,542,0.1,0.1,0.1,3.73,8.26,6.8,2019,20181112,False
1628977,Hamidou Diallo,Hamidou,1610612760,OKC,20.0,1,1,0,1.0,13.983333333333333,3,7,0.429,0,1,0.0,3,3,1.0,0,1,1,0,2,1,0,0,2,3,9,-6,11.2,0,0,12.0,1,1,1,1,150,85,97,100,104,118,104,33,52,1,96,126,139,137,38,34,68,1,78,37,90,134,136,17,2,127,1,99.0,91.7,90.3,90.3,118.2,117.2,117.2,-26.5,-26.9,-26.9,0.0,0.0,0.0,0.0,0.071,0.03,20.0,19.4,0.429,0.541,0.27,0.299,101.74,102.98,85.82,102.98,0.06,31,3.0,7.0,150,154,154,138,137,137,163,167,167,137,101,137,96,123,145,152,152,123,93,27,14,81,69,69,123,85,97,0,9,,0,0,0,0,0.0,0.0,4,2,4,0.5,0,0,0.0,5,1.25,0,0.0,0,0.0,0,0.0,0,0.0,9,11,9,0.4,2.07,1.82,0.818,1,0,2,0.0,0.0,2.0,0.0,0.0,0.0,0.0,0.0,0.0,0.0,0.0,0.0,1.0,0.0,5.0,0.2,1.0,0.25,4.3,0.0,1.0,0.0,5.0,0.2,1.0,0.25,4.3,1.0,0.143,0.0,1.0,0.0,0.0,0.143,0.0,1.0,0.0,0.0,0.0,0.0,,0.571,3.0,4.0,0.75,0.75,0.571,3.0,4.0,0.75,0.0,0.0,0.0,,0.143,0.0,1.0,0.0,0.0,0.143,0.0,1.0,0.0,0.0,0.0,0.0,,0.143,0.0,1.0,0.0,0.0,0.0,0.0,0.0,,0.143,0.0,1.0,0.0,0,0,,0,0.0,0.0,,,0,0.0,4,1.0,0,0.0,0,0.0,0.429,3.0,6.0,0.5,0.0,0.0,0.0,0.0,0.0,0.0,,,,0.0,1.0,0.0,0.0,0.0,0.0,0.0,0.0,0.0,0.0,1.0,0.0,OKC,3.0,6.0,0.5,0.0,0.0,0.0,0.0,0.0,0.0,0.0,0.0,0.0,0.0,1.0,0.0,0.0,0.0,0.0,,,,,,,0.0,0.0,0.0,0,1,0.0,1.0,0.0,0.0,1.0,2.0,0.5,0.508,-0.008,0.0,1.0,0.0,0.335,-0.335,1.0,1.0,1.0,0.588,0.412,1.0,1.0,1.0,0.715,0.285,1.0,1.0,1.0,0.681,0.319,0.0,1.0,0.0,0.34,-0.34,1.0,0.0,1.0,1.0,0.0,0.0,0.0,0.0,1.0,1.0,0.0,1.0,0.0,0.0,0.0,0.0,0.0,0.0,0.0,0.0,0.0,0,0,0,0,0.0,0.0,0,0.0,0,0.0,0,0.0,0,0.0,5950,1.1,0.6,0.5,4.2,4.61,3.8,2019,20181112,False
203084,Harrison Barnes,Harrison,1610612758,SAC,27.0,1,1,0,1.0,32.69166666666667,7,16,0.438,1,6,0.167,8,9,0.889,0,5,5,1,2,4,0,0,0,6,23,-9,40.5,0,0,38.0,1,1,1,1,44,27,21,98,56,21,100,5,5,51,96,36,57,100,38,1,68,1,1,11,16,151,20,17,2,18,1,99.0,85.2,86.5,86.5,91.6,96.1,96.1,-6.4,-9.6,-9.6,0.067,0.5,4.3,0.0,0.125,0.065,8.7,8.7,0.469,0.576,0.275,0.278,113.64,110.12,91.77,110.12,0.211,74,7.0,16.0,168,165,165,36,49,49,114,124,124,121,85,136,96,80,97,95,95,110,78,24,27,8,23,23,11,27,21,30,44,0.0,0,1,2,1,0.033,0.033,8,4,5,0.8,0,0,0.0,8,1.0,1,0.125,0,0.0,1,0.125,0,0.0,23,58,45,2.7,2.79,1.5,0.397,0,6,2,0.0,0.5,1.0,0.0,0.0,0.0,0.0,0.0,0.0,0.0,0.0,1.0,4.0,0.2,7.0,0.714,0.0,0.714,7.1,1.0,4.0,0.2,7.0,0.714,0.0,0.714,7.1,,,,,,,,,,,,,,,0.5,5.0,8.0,0.625,0.625,0.5,5.0,8.0,0.625,0.0,0.0,0.0,,0.25,1.0,4.0,0.25,0.25,0.125,1.0,2.0,0.5,0.125,0.0,2.0,0.0,0.25,1.0,4.0,0.25,0.375,0.0,0.0,0.0,,0.25,1.0,4.0,0.25,3,7,0.429,6,0.0,2.0,0.0,0.429,3,0.25,2,1.0,3,0.0,0,0.0,0.469,2.0,2.0,1.0,2.0,4.0,0.5,2.0,4.0,0.5,0.0,0.0,0.0,1.0,2.0,0.5,0.0,4.0,0.0,0.0,0.0,0.0,1.0,2.0,0.5,SAC,3.0,3.0,1.0,0.0,2.0,0.0,1.0,1.0,1.0,2.0,4.0,0.5,1.0,5.0,0.2,0.0,1.0,0.0,,,,0.0,0.0,0.0,0.0,0.0,0.0,1,4,1.0,4.0,0.25,0.375,5.0,16.0,0.313,0.454,-0.141,1.0,8.0,0.125,0.351,-0.226,4.0,8.0,0.5,0.539,-0.039,2.0,4.0,0.5,0.604,-0.104,2.0,4.0,0.5,0.561,-0.061,2.0,11.0,0.182,0.355,-0.173,15.0,7.0,8.0,5.0,0.0,0.0,0.0,2.0,0.0,2.0,1.0,0.0,0.0,3.0,3.0,1.0,1.0,0.0,1.0,1.0,1.0,0,1,3,4,0.75,0.5,1,0.167,0,0.0,0,0.0,2,0.333,13975,2.6,1.6,1.1,4.45,4.8,4.37,2019,20181112,False
1628385,Harry Giles III,Harry,1610612758,SAC,21.0,1,1,0,1.0,15.816666666666666,6,10,0.6,0,0,0.0,0,0,0.0,2,4,6,1,3,1,0,0,5,1,12,-2,20.7,0,0,21.0,1,1,1,1,141,37,60,33,104,144,104,108,113,108,18,48,40,100,18,34,68,1,171,102,69,105,91,17,2,80,1,99.0,107.7,105.9,105.9,116.4,115.2,115.2,-8.8,-9.3,-9.3,0.1,0.33,7.1,0.133,0.25,0.194,21.4,21.4,0.6,0.6,0.342,0.357,100.27,101.66,84.72,101.66,0.099,34,6.0,10.0,91,92,92,134,132,132,119,122,122,108,96,124,15,27,18,163,163,60,70,3,3,96,87,87,81,37,60,15,16,0.0,0,0,2,1,0.067,0.067,2,0,2,0.0,0,0,0.0,0,0.0,0,0.0,0,0.0,0,0.0,0,0.0,12,29,18,0.8,1.56,0.52,0.414,5,1,5,0.4,2.0,0.8,2.0,0.0,1.0,4.0,0.5,0.0,0.5,3.3,1.0,3.0,0.25,5.0,0.8,0.0,0.8,4.4,3.0,3.0,0.5,8.0,0.75,0.0,0.75,4.0,1.0,0.2,1.0,2.0,0.5,0.5,0.2,1.0,2.0,0.5,0.0,0.0,0.0,,0.5,3.0,5.0,0.6,0.6,0.5,3.0,5.0,0.6,0.0,0.0,0.0,,0.1,1.0,1.0,1.0,1.0,0.1,1.0,1.0,1.0,0.0,0.0,0.0,,0.2,1.0,2.0,0.5,0.5,0.2,1.0,2.0,0.5,0.0,0.0,0.0,,0,0,,0,,,,,2,0.5,4,1.0,2,1.0,2,0.5,0.6,4.0,4.0,1.0,1.0,4.0,0.25,1.0,2.0,0.5,,,,0.0,0.0,0.0,0.0,0.0,0.0,0.0,0.0,0.0,0.0,0.0,0.0,SAC,4.0,5.0,0.8,1.0,3.0,0.333,0.0,0.0,0.0,0.0,1.0,0.0,1.0,1.0,1.0,0.0,0.0,0.0,,,,,,,0.0,0.0,0.0,1,2,,,,0.5,4.0,7.0,0.571,0.494,0.077,1.0,1.0,1.0,0.424,0.576,3.0,6.0,0.5,0.513,-0.013,1.0,2.0,0.5,0.66,-0.16,1.0,3.0,0.333,0.614,-0.281,2.0,3.0,0.667,0.412,0.255,5.0,4.0,1.0,1.0,0.0,4.0,10.0,1.0,0.0,1.0,1.0,0.0,0.0,7.0,7.0,2.0,0.0,0.0,1.0,0.667,0.0,1,1,0,0,0.0,2.0,0,0.0,0,0.0,0,0.0,0,0.0,6226,1.2,0.7,0.5,4.33,4.9,3.72,2019,20181112,False
202355,Hassan Whiteside,Hassan,1610612748,MIA,30.0,1,0,1,0.0,21.85,5,8,0.625,1,2,0.5,2,4,0.5,1,10,11,0,1,0,1,0,5,4,13,-15,28.2,1,0,27.0,1,93,93,93,108,50,84,30,56,92,31,50,32,79,45,10,13,137,71,95,18,1,171,24,61,174,55,1,2,52,1,100.0,106.4,104.4,104.4,139.8,131.9,131.9,-33.3,-27.5,-27.5,0.0,0.0,0.0,0.038,0.556,0.25,9.1,9.3,0.688,0.666,0.224,0.223,97.23,101.05,84.21,101.05,0.139,45,5.0,8.0,94,95,95,178,166,166,174,168,168,137,101,137,80,1,8,97,101,40,50,51,57,139,92,92,51,50,84,17,17,0.0,0,2,0,0,0.0,0.0,2,2,2,1.0,0,0,0.0,4,2.0,0,0.0,0,0.0,0,0.0,0,0.0,13,29,19,1.2,2.53,1.34,0.448,4,4,6,0.0,0.5,0.667,0.0,1.0,0.0,5.0,0.2,0.0,0.2,22.5,4.0,6.0,0.4,11.0,0.909,0.0,0.909,5.2,4.0,7.0,0.364,15.0,0.733,0.0,0.733,6.8,,,,,,,,,,,,,,,0.625,3.0,5.0,0.6,0.6,0.625,3.0,5.0,0.6,0.0,0.0,0.0,,,,,,,,,,,,,,,0.375,2.0,3.0,0.667,0.833,0.125,1.0,1.0,1.0,0.25,1.0,2.0,0.5,0,0,,0,0.0,0.0,,,5,0.667,4,0.5,2,0.333,0,0.0,0.688,1.0,1.0,1.0,2.0,4.0,0.5,1.0,1.0,1.0,0.0,0.0,0.0,1.0,1.0,1.0,0.0,1.0,0.0,0.0,0.0,0.0,1.0,1.0,1.0,MIA,1.0,1.0,1.0,2.0,4.0,0.5,0.0,0.0,0.0,0.0,0.0,0.0,2.0,2.0,1.0,0.0,1.0,0.0,0.0,0.0,0.0,0.0,0.0,0.0,0.0,0.0,0.0,2,3,1.0,2.0,0.5,0.833,3.0,7.0,0.429,0.47,-0.042,1.0,2.0,0.5,0.326,0.174,2.0,5.0,0.4,0.537,-0.137,,,,,,0.0,2.0,0.0,0.596,-0.596,3.0,5.0,0.6,0.331,0.269,5.0,4.0,1.0,1.0,0.0,1.0,2.0,0.0,0.0,0.0,0.0,0.0,0.0,5.0,5.0,5.0,3.0,0.0,1.0,1.0,0.6,1,3,0,0,0.0,0.5,0,0.0,0,0.0,0,0.0,0,0.0,7956,1.5,0.8,0.7,3.85,4.17,3.54,2019,20181112,False
203546,Ian Clark,Ian,1610612740,NOP,28.0,1,1,0,1.0,20.866666666666667,3,6,0.5,0,1,0.0,0,0,0.0,1,3,4,0,1,0,0,1,2,0,6,-1,9.8,0,0,10.0,1,1,1,1,115,85,110,59,104,118,104,108,113,108,45,69,68,137,71,95,68,118,78,135,119,100,142,17,2,140,1,101.0,113.6,108.5,108.5,108.7,110.6,110.6,4.9,-2.1,-2.1,0.0,0.0,0.0,0.045,0.125,0.087,14.3,14.3,0.5,0.5,0.125,0.132,106.64,108.12,90.1,108.12,0.038,47,3.0,6.0,61,86,86,105,111,111,80,102,102,137,101,137,68,80,75,132,133,79,105,142,141,37,30,30,144,85,110,13,15,0.0,0,1,0,0,0.0,0.0,3,1,3,0.333,0,0,0.0,2,0.667,0,0.0,0,0.0,0,0.0,0,0.0,6,21,10,1.4,3.87,3.38,0.286,1,0,1,2.0,0.0,2.0,1.0,0.0,1.0,2.0,0.5,0.0,0.5,10.2,0.0,3.0,0.0,7.0,0.429,2.0,0.6,13.5,1.0,3.0,0.25,9.0,0.444,2.0,0.571,12.7,,,,,,,,,,,,,,,0.5,3.0,3.0,1.0,1.0,0.5,3.0,3.0,1.0,0.0,0.0,0.0,,0.333,0.0,2.0,0.0,0.0,0.333,0.0,2.0,0.0,0.0,0.0,0.0,,0.167,0.0,1.0,0.0,0.0,0.0,0.0,0.0,,0.167,0.0,1.0,0.0,0,1,0.0,0,0.0,0.0,,0.0,0,0.0,2,1.0,0,0.0,2,1.0,0.5,1.0,1.0,1.0,2.0,4.0,0.5,0.0,0.0,0.0,0.0,0.0,0.0,0.0,0.0,0.0,0.0,1.0,0.0,0.0,0.0,0.0,0.0,0.0,0.0,NOP,1.0,2.0,0.5,2.0,3.0,0.667,0.0,0.0,0.0,0.0,0.0,0.0,0.0,0.0,0.0,0.0,1.0,0.0,,,,0.0,0.0,0.0,0.0,0.0,0.0,0,1,0.0,1.0,0.0,0.0,3.0,7.0,0.429,0.451,-0.022,,,,,,3.0,7.0,0.429,0.515,-0.086,2.0,3.0,0.667,0.638,0.029,2.0,4.0,0.5,0.591,-0.091,1.0,1.0,1.0,0.386,0.614,5.0,4.0,1.0,1.0,0.0,0.0,0.0,0.0,0.0,0.0,0.0,0.0,0.0,2.0,2.0,1.0,0.0,0.0,1.0,1.0,0.0,0,0,0,0,0.0,0.0,0,0.0,0,0.0,0,0.0,0,0.0,8505,1.6,0.9,0.7,4.33,4.59,4.04,2019,20181112,False
101133,Ian Mahinmi,Ian,1610612764,WAS,32.0,1,1,0,1.0,7.1,0,1,0.0,0,0,0.0,0,0,0.0,1,0,1,0,0,0,1,0,0,0,0,8,4.2,0,0,3.0,1,1,1,1,171,166,172,166,104,144,104,108,113,108,45,155,139,137,129,95,18,1,1,135,171,36,169,17,2,172,1,97.0,144.6,141.7,141.7,64.3,75.0,75.0,80.3,66.7,66.7,0.0,0.0,0.0,0.2,0.0,0.077,0.0,0.0,0.0,0.0,0.067,0.073,87.08,81.13,67.61,81.13,0.0,12,0.0,1.0,3,7,7,5,10,10,2,3,3,137,101,137,5,155,83,1,1,166,171,172,171,180,184,184,158,166,172,5,4,0.0,0,1,0,0,0.0,0.0,0,0,0,0.0,0,0,0.0,0,0.0,0,0.0,0,0.0,0,0.0,0,0.0,0,6,4,0.2,1.57,0.5,0.0,1,0,1,0.0,0.0,0.0,0.0,1.0,0.0,2.0,0.5,0.0,0.5,8.5,0.0,0.0,0.0,0.0,0.0,0.0,0.0,0.0,0.0,1.0,0.0,2.0,0.5,0.0,0.5,8.5,,,,,,,,,,,,,,,1.0,0.0,1.0,0.0,0.0,1.0,0.0,1.0,0.0,0.0,0.0,0.0,,,,,,,,,,,,,,,,,,,,,,,,,,,,0,0,,0,,,,,0,0.0,0,0.0,0,0.0,0,0.0,0.0,0.0,0.0,0.0,0.0,1.0,0.0,0.0,0.0,0.0,0.0,0.0,0.0,0.0,0.0,0.0,0.0,0.0,0.0,,,,0.0,0.0,0.0,WAS,0.0,0.0,0.0,0.0,1.0,0.0,0.0,0.0,0.0,0.0,0.0,0.0,0.0,0.0,0.0,0.0,0.0,0.0,,,,,,,,,,0,0,,,,,1.0,2.0,0.5,0.454,0.046,,,,,,1.0,2.0,0.5,0.52,-0.02,,,,,,,,,,,0.0,1.0,0.0,0.35,-0.35,6.0,6.0,0.0,0.0,0.0,1.0,2.0,0.0,0.0,0.0,0.0,0.0,1.0,1.0,2.0,1.0,1.0,0.5,0.5,1.0,1.0,0,0,0,0,0.0,0.0,0,0.0,0,0.0,0,0.0,0,0.0,2605,0.5,0.2,0.2,3.92,3.35,2.95,2019,20181112,False
202697,Iman Shumpert,Iman,1610612745,HOU,29.0,1,1,0,1.0,26.266666666666666,1,4,0.25,0,2,0.0,0,0,0.0,0,2,2,2,0,3,0,0,3,0,2,9,16.4,0,0,12.0,1,1,1,1,79,145,131,145,104,92,104,108,113,108,96,89,105,70,129,5,68,1,119,135,154,33,110,17,2,127,1,,108.6,103.6,103.6,88.4,90.7,90.7,20.2,12.8,12.8,0.091,0.0,33.3,0.0,0.074,0.038,0.0,0.0,0.25,0.25,0.069,0.072,99.41,100.51,83.76,100.51,0.029,56,1.0,4.0,85,99,99,25,35,35,32,51,51,113,101,24,96,120,134,1,1,156,162,171,172,111,99,99,149,145,131,22,17,0.0,0,2,5,2,0.091,0.091,1,0,1,0.0,0,0,0.0,0,0.0,0,0.0,0,0.0,0,0.0,0,0.0,2,26,15,1.1,2.51,1.69,0.077,0,0,0,0.0,0.0,0.0,0.0,0.0,0.0,1.0,0.0,0.0,0.0,0.0,1.0,1.0,0.5,3.0,0.667,0.0,0.667,4.8,1.0,1.0,0.5,4.0,0.5,0.0,0.5,4.8,1.0,0.25,0.0,1.0,0.0,0.0,0.25,0.0,1.0,0.0,0.0,0.0,0.0,,0.25,1.0,1.0,1.0,1.0,0.25,1.0,1.0,1.0,0.0,0.0,0.0,,0.5,0.0,2.0,0.0,0.0,0.0,0.0,0.0,,0.5,0.0,2.0,0.0,,,,,,,,,,,,,,1,1,1.0,2,0.0,0.0,,1.0,0,0.0,0,0.0,0,0.0,0,0.0,0.25,0.0,0.0,0.0,0.0,1.0,0.0,1.0,1.0,1.0,0.0,0.0,0.0,0.0,0.0,0.0,0.0,2.0,0.0,0.0,0.0,0.0,0.0,0.0,0.0,HOU,0.0,0.0,0.0,0.0,1.0,0.0,0.0,0.0,0.0,1.0,1.0,1.0,0.0,0.0,0.0,0.0,2.0,0.0,,,,0.0,0.0,0.0,0.0,0.0,0.0,0,2,0.0,2.0,0.0,0.0,4.0,8.0,0.5,0.482,0.018,1.0,4.0,0.25,0.303,-0.053,3.0,4.0,0.75,0.5,0.25,1.0,1.0,1.0,0.662,0.338,1.0,1.0,1.0,0.575,0.425,3.0,7.0,0.429,0.406,0.023,5.0,1.0,4.0,4.0,0.0,1.0,2.0,0.0,0.0,0.0,0.0,0.0,0.0,3.0,3.0,1.0,0.0,0.0,1.0,1.0,0.0,0,0,0,0,0.0,0.0,0,0.0,0,0.0,0,0.0,0,0.0,10318,2.0,1.0,1.0,4.31,4.86,3.87,2019,20181112,False
203477,Isaiah Canaan,Isaiah,1610612749,MIL,28.0,1,0,1,0.0,22.533333333333335,0,3,0.0,0,2,0.0,1,2,0.5,0,2,2,3,1,1,0,0,2,2,1,-14,9.9,0,0,8.0,1,93,93,93,102,166,152,166,104,92,104,82,61,79,96,89,105,42,71,34,68,1,78,69,168,171,141,17,2,147,1,,102.1,100.0,100.0,126.5,131.1,131.1,-24.4,-31.1,-31.1,0.176,3.0,37.5,0.0,0.105,0.054,12.5,12.7,0.0,0.129,0.106,0.106,96.62,95.86,79.88,95.86,0.0,45,0.0,3.0,110,111,111,159,164,164,159,172,172,57,16,17,96,96,112,121,125,166,169,157,158,144,152,152,158,166,152,33,35,0.0,0,5,7,3,0.091,0.091,4,0,1,0.0,1,2,0.5,1,0.25,1,0.25,1,0.25,1,0.25,1,0.25,1,39,9,3.3,5.12,5.67,0.026,0,0,0,0.0,0.0,0.0,0.0,0.0,0.0,0.0,0.0,0.0,0.0,0.0,1.0,1.0,0.5,4.0,0.5,1.0,0.667,8.8,1.0,1.0,0.5,4.0,0.5,1.0,0.667,8.8,,,,,,,,,,,,,,,0.333,0.0,1.0,0.0,0.0,0.333,0.0,1.0,0.0,0.0,0.0,0.0,,0.667,0.0,2.0,0.0,0.0,0.0,0.0,0.0,,0.667,0.0,2.0,0.0,,,,,,,,,,,,,,0,1,0.0,0,0.0,1.0,0.0,0.0,0,0.0,0,0.0,0,0.0,0,0.0,0.0,0.0,1.0,0.0,0.0,0.0,0.0,0.0,0.0,0.0,0.0,0.0,0.0,0.0,1.0,0.0,0.0,1.0,0.0,,,,0.0,1.0,0.0,MIL,0.0,1.0,0.0,0.0,0.0,0.0,0.0,0.0,0.0,0.0,0.0,0.0,0.0,2.0,0.0,0.0,0.0,0.0,,,,0.0,0.0,0.0,,,,0,1,0.0,1.0,0.0,0.0,6.0,11.0,0.545,0.455,0.091,2.0,4.0,0.5,0.355,0.145,4.0,7.0,0.571,0.511,0.061,4.0,6.0,0.667,0.559,0.108,4.0,7.0,0.571,0.524,0.047,2.0,4.0,0.5,0.37,0.13,3.0,0.0,3.0,2.0,0.0,1.0,2.0,0.0,1.0,1.0,0.0,1.0,0.0,0.0,0.0,0.0,0.0,0.0,0.0,0.0,0.0,0,0,0,0,0.0,0.0,0,0.0,0,0.0,0,0.0,0,0.0,8934,1.7,1.0,0.7,4.32,4.79,3.79,2019,20181112,False
200826,J.J. Barea,J.J.,1610612742,DAL,35.0,1,1,0,1.0,23.796666666666667,6,12,0.5,1,2,0.5,1,2,0.5,1,4,5,5,3,0,0,0,1,2,14,21,24.5,0,0,25.0,1,1,1,1,94,37,40,59,56,92,31,82,61,79,45,48,57,17,18,95,68,1,29,69,50,4,66,17,2,61,1,103.0,120.3,122.0,122.0,82.2,81.6,81.6,38.0,40.4,40.4,0.294,1.67,23.8,0.05,0.148,0.106,14.3,14.4,0.542,0.543,0.286,0.29,100.21,99.85,83.2,99.85,0.149,50,6.0,12.0,41,43,43,16,19,19,13,13,13,24,42,50,65,62,59,132,134,74,90,15,18,98,104,104,38,37,40,49,59,2.0,1,9,14,8,0.102,0.163,12,2,6,0.333,0,0,0.0,4,0.333,6,0.5,1,0.083,0,0.0,0,0.0,14,65,25,5.8,5.34,5.57,0.215,0,0,2,0.0,0.0,0.0,0.0,1.0,0.0,2.0,0.5,0.0,0.5,9.3,0.0,4.0,0.0,5.0,0.8,0.0,0.8,10.2,0.0,5.0,0.0,7.0,0.714,0.0,0.714,10.0,,,,,,,,,,,,,,,0.333,2.0,4.0,0.5,0.5,0.333,2.0,4.0,0.5,0.0,0.0,0.0,,0.417,2.0,5.0,0.4,0.5,0.333,1.0,4.0,0.25,0.083,1.0,1.0,1.0,0.25,2.0,3.0,0.667,0.667,0.167,2.0,2.0,1.0,0.083,0.0,1.0,0.0,4,6,0.667,9,1.0,2.0,0.5,0.75,0,0.0,0,0.0,0,0.0,0,0.0,0.542,1.0,3.0,0.333,1.0,4.0,0.25,3.0,3.0,1.0,0.0,0.0,0.0,0.0,0.0,0.0,1.0,2.0,0.5,0.0,0.0,0.0,0.0,0.0,0.0,DAL,1.0,3.0,0.333,1.0,3.0,0.333,0.0,1.0,0.0,1.0,1.0,1.0,2.0,2.0,1.0,1.0,2.0,0.5,,,,,,,0.0,0.0,0.0,0,0,0.0,0.0,,,2.0,6.0,0.333,0.441,-0.108,1.0,3.0,0.333,0.372,-0.039,1.0,3.0,0.333,0.488,-0.155,,,,,,,,,,,2.0,5.0,0.4,0.371,0.029,3.0,1.0,2.0,0.0,0.0,0.0,0.0,1.0,1.0,2.0,0.5,0.5,0.0,0.0,0.0,0.0,0.0,0.0,0.0,0.0,0.0,0,0,0,0,0.0,0.0,0,0.0,0,0.0,0,0.0,0,0.0,9718,1.8,1.1,0.7,4.25,4.69,3.7,2019,20181112,False
200755,JJ Redick,JJ,1610612755,PHI,35.0,1,1,0,1.0,30.985,11,20,0.55,3,9,0.333,0,0,0.0,0,1,1,3,1,0,0,0,4,3,25,11,29.7,0,0,32.0,1,1,1,1,55,4,5,53,8,7,59,108,113,108,96,126,139,42,71,95,68,1,145,37,9,26,49,17,2,38,1,99.0,124.2,125.8,125.8,111.8,108.1,108.1,12.4,17.7,17.7,0.188,3.0,12.5,0.0,0.033,0.017,4.2,4.2,0.625,0.625,0.304,0.305,95.06,96.05,80.04,96.05,0.131,62,11.0,20.0,29,26,26,117,103,103,50,39,39,52,16,105,96,150,161,62,63,49,61,11,12,155,147,147,56,4,5,32,49,0.0,0,7,9,3,0.094,0.094,5,2,3,0.667,0,0,0.0,4,0.8,0,0.0,0,0.0,0,0.0,0,0.0,25,54,50,1.8,1.96,1.24,0.463,1,0,0,0.0,0.0,0.0,0.0,0.0,0.0,0.0,0.0,0.0,0.0,0.0,0.0,1.0,0.0,1.0,1.0,0.0,1.0,14.1,0.0,1.0,0.0,1.0,1.0,0.0,1.0,14.1,,,,,,,,,,,,,,,0.45,5.0,9.0,0.556,0.556,0.35,5.0,7.0,0.714,0.1,0.0,2.0,0.0,0.25,4.0,5.0,0.8,1.0,0.1,2.0,2.0,1.0,0.15,2.0,3.0,0.667,0.3,2.0,6.0,0.333,0.417,0.1,1.0,2.0,0.5,0.2,1.0,4.0,0.25,5,10,0.5,10,0.0,3.0,0.0,0.5,15,0.667,0,0.0,0,0.0,0,0.0,0.625,1.0,2.0,0.5,1.0,1.0,1.0,6.0,8.0,0.75,1.0,2.0,0.5,1.0,1.0,1.0,1.0,6.0,0.167,0.0,0.0,0.0,2.0,3.0,0.667,PHI,1.0,2.0,0.5,0.0,0.0,0.0,1.0,2.0,0.5,2.0,2.0,1.0,6.0,9.0,0.667,1.0,5.0,0.2,0.0,0.0,0.0,0.0,0.0,0.0,0.0,0.0,0.0,6,9,3.0,6.0,0.5,0.833,4.0,8.0,0.5,0.426,0.074,2.0,3.0,0.667,0.361,0.306,2.0,5.0,0.4,0.49,-0.09,2.0,5.0,0.4,0.594,-0.194,2.0,5.0,0.4,0.537,-0.137,2.0,3.0,0.667,0.359,0.308,4.0,2.0,2.0,1.0,0.0,1.0,2.0,0.0,2.0,2.0,0.0,1.0,0.0,2.0,2.0,2.0,0.0,0.0,1.0,1.0,0.0,0,0,0,0,0.0,0.0,0,0.0,0,0.0,0,0.0,0,0.0,12870,2.4,1.3,1.1,4.28,4.52,4.04,2019,20181112,False
203953,Jabari Parker,Jabari,1610612764,WAS,24.0,1,0,1,0.0,29.495,6,17,0.353,0,4,0.0,4,4,1.0,2,4,6,2,1,0,0,2,6,4,16,-1,25.2,0,0,24.0,1,93,93,93,58,37,17,123,104,49,104,23,32,1,18,48,40,70,71,95,68,170,184,24,44,100,63,17,2,67,1,97.0,89.6,87.9,87.9,93.4,90.8,90.8,-3.8,-2.9,-2.9,0.133,2.0,9.5,0.061,0.143,0.098,4.8,4.6,0.353,0.426,0.257,0.276,104.06,106.59,88.83,106.59,0.056,66,6.0,17.0,161,160,160,42,37,37,108,108,108,82,25,116,51,66,68,66,64,139,135,34,29,58,41,41,129,37,17,50,36,0.0,0,4,5,2,0.04,0.04,5,3,4,0.75,0,0,0.0,7,1.4,1,0.2,0,0.0,0,0.0,0,0.0,16,71,30,2.5,2.14,1.42,0.225,1,4,3,0.0,0.0,0.667,2.0,0.0,1.0,6.0,0.333,1.0,0.4,5.7,1.0,3.0,0.25,6.0,0.667,0.0,0.667,6.4,3.0,3.0,0.5,11.0,0.545,1.0,0.6,6.2,1.0,0.176,1.0,3.0,0.333,0.333,0.176,1.0,3.0,0.333,0.0,0.0,0.0,,0.412,5.0,7.0,0.714,0.714,0.412,5.0,7.0,0.714,0.0,0.0,0.0,,0.118,0.0,2.0,0.0,0.0,0.118,0.0,2.0,0.0,0.0,0.0,0.0,,0.294,0.0,5.0,0.0,0.0,0.059,0.0,1.0,0.0,0.235,0.0,4.0,0.0,1,3,0.333,2,0.0,0.0,,0.333,0,0.0,2,0.5,0,0.0,0,0.0,0.353,5.0,6.0,0.833,0.0,3.0,0.0,1.0,4.0,0.25,0.0,1.0,0.0,0.0,1.0,0.0,0.0,2.0,0.0,0.0,0.0,0.0,0.0,2.0,0.0,WAS,5.0,8.0,0.625,0.0,0.0,0.0,0.0,1.0,0.0,1.0,2.0,0.5,0.0,5.0,0.0,0.0,1.0,0.0,,,,0.0,0.0,0.0,0.0,0.0,0.0,0,5,0.0,4.0,0.0,0.0,4.0,10.0,0.4,0.421,-0.021,1.0,5.0,0.2,0.363,-0.163,3.0,5.0,0.6,0.464,0.136,1.0,2.0,0.5,0.572,-0.072,2.0,3.0,0.667,0.518,0.148,2.0,7.0,0.286,0.36,-0.075,4.0,2.0,2.0,0.0,0.0,0.0,0.0,0.0,0.0,0.0,0.0,0.0,1.0,2.0,3.0,1.0,0.0,0.333,0.667,0.333,0.0,0,2,0,0,0.0,0.0,2,0.5,1,0.25,0,0.0,0,0.0,12448,2.4,1.2,1.1,4.57,5.04,3.83,2019,20181112,False
203109,Jae Crowder,Jae,1610612762,UTA,28.0,1,1,0,1.0,27.45,2,9,0.222,1,7,0.143,1,2,0.5,1,5,6,0,1,0,1,1,1,3,6,10,15.2,0,0,15.0,1,1,1,1,71,119,67,160,56,11,103,82,61,79,45,36,40,137,71,95,18,118,29,37,119,27,116,17,2,112,1,97.0,100.8,98.3,98.3,84.4,86.0,86.0,16.3,12.4,12.4,0.0,0.0,0.0,0.032,0.172,0.1,9.1,9.2,0.278,0.304,0.153,0.161,101.95,102.3,85.25,102.3,0.028,60,2.0,9.0,116,124,124,18,23,23,43,54,54,137,101,137,86,53,64,97,100,152,156,123,119,78,79,79,150,119,67,38,27,0.0,0,3,0,0,0.0,0.0,2,0,1,0.0,0,0,0.0,0,0.0,0,0.0,0,0.0,1,0.5,0,0.0,6,52,24,1.5,1.69,0.79,0.115,1,0,2,0.0,0.0,0.0,0.0,1.0,0.0,2.0,0.5,0.0,0.5,11.8,1.0,4.0,0.2,10.0,0.5,0.0,0.5,7.4,1.0,5.0,0.167,12.0,0.5,0.0,0.5,8.1,,,,,,,,,,,,,,,0.333,1.0,3.0,0.333,0.333,0.222,1.0,2.0,0.5,0.111,0.0,1.0,0.0,0.556,1.0,5.0,0.2,0.3,0.0,0.0,0.0,,0.556,1.0,5.0,0.2,0.111,0.0,1.0,0.0,0.0,0.0,0.0,0.0,,0.111,0.0,1.0,0.0,1,3,0.333,3,1.0,3.0,0.333,0.5,0,0.0,0,0.0,0,0.0,0,0.0,0.278,1.0,2.0,0.5,0.0,0.0,0.0,0.0,0.0,0.0,1.0,4.0,0.25,,,,0.0,3.0,0.0,0.0,0.0,0.0,1.0,4.0,0.25,UTA,1.0,2.0,0.5,0.0,0.0,0.0,0.0,0.0,0.0,0.0,0.0,0.0,1.0,4.0,0.25,0.0,3.0,0.0,,,,,,,0.0,0.0,0.0,0,4,0.0,4.0,0.0,0.0,3.0,6.0,0.5,0.508,-0.008,,,,,,3.0,6.0,0.5,0.55,-0.05,3.0,5.0,0.6,0.609,-0.009,3.0,5.0,0.6,0.578,0.022,0.0,1.0,0.0,0.39,-0.39,4.0,3.0,1.0,0.0,0.0,0.0,0.0,1.0,2.0,3.0,0.333,0.667,0.0,4.0,4.0,2.0,1.0,0.0,1.0,0.667,0.333,0,0,0,0,0.0,0.0,0,0.0,0,0.0,0,0.0,0,0.0,10937,2.1,1.2,0.9,4.25,4.88,3.63,2019,20181112,False
1627751,Jakob Poeltl,Jakob,1610612759,SAS,23.0,1,0,1,0.0,13.0,0,0,0.0,0,0,0.0,1,2,0.5,0,4,4,1,0,0,0,0,2,2,1,8,7.3,0,0,6.0,1,93,93,93,155,166,179,166,104,144,104,82,61,79,96,48,68,100,129,95,68,1,78,69,168,36,160,17,2,161,1,97.0,112.1,116.0,116.0,81.1,77.8,77.8,30.9,38.2,38.2,0.083,0.0,50.0,0.0,0.267,0.143,0.0,0.0,0.0,0.568,0.036,0.032,95.56,96.0,80.0,96.0,0.082,25,0.0,0.0,69,56,56,14,13,13,18,14,14,116,101,4,96,23,38,1,1,166,81,179,180,153,149,149,98,166,179,19,11,0.0,0,2,3,1,0.053,0.053,0,0,0,0.0,0,0,0.0,0,0.0,0,0.0,0,0.0,0,0.0,0,0.0,1,20,11,0.6,1.7,0.4,0.05,2,1,2,0.0,0.0,0.0,0.0,0.0,0.0,3.0,0.0,1.0,0.0,0.0,2.0,2.0,0.5,6.0,0.667,1.0,0.8,2.5,2.0,2.0,0.5,9.0,0.444,2.0,0.571,2.5,,,,,,,,,,,,,,,,,,,,,,,,,,,,,,,,,,,,,,,,,,,,,,,,,,,,,,0,0,,0,,,,,0,0.0,0,0.0,0,0.0,0,0.0,0.0,0.0,0.0,0.0,0.0,0.0,0.0,0.0,0.0,0.0,,,,0.0,0.0,0.0,0.0,0.0,0.0,0.0,0.0,0.0,0.0,0.0,0.0,SAS,0.0,0.0,0.0,0.0,0.0,0.0,0.0,0.0,0.0,0.0,0.0,0.0,0.0,0.0,0.0,0.0,0.0,0.0,,,,,,,0.0,0.0,0.0,0,0,,,,,5.0,9.0,0.556,0.502,0.054,1.0,1.0,1.0,0.36,0.64,4.0,8.0,0.5,0.532,-0.032,2.0,4.0,0.5,0.611,-0.111,3.0,5.0,0.6,0.579,0.021,2.0,4.0,0.5,0.343,0.157,8.0,6.0,2.0,0.0,0.0,0.0,0.0,0.0,0.0,0.0,0.0,0.0,0.0,2.0,2.0,1.0,1.0,0.0,1.0,1.0,1.0,0,0,0,0,0.0,0.0,1,1.0,0,0.0,0,0.0,0,0.0,5232,1.0,0.5,0.5,4.38,4.38,4.37,2019,20181112,False
1628973,Jalen Brunson,Jalen,1610612742,DAL,22.0,1,1,0,1.0,12.9,1,3,0.333,0,0,0.0,0,2,0.0,1,2,3,0,1,1,0,1,1,1,2,12,7.6,0,0,7.0,1,1,1,1,156,145,152,126,104,144,104,108,61,108,45,89,85,137,71,34,68,118,29,102,154,21,156,17,2,155,1,103.0,130.5,123.1,123.1,80.0,80.0,80.0,50.5,43.1,43.1,0.0,0.0,0.0,0.1,0.143,0.125,20.0,20.5,0.333,0.258,0.161,0.171,92.13,94.88,79.07,94.88,-0.011,26,1.0,3.0,16,39,39,11,15,15,6,12,12,137,101,137,23,66,44,152,161,141,160,113,110,172,163,163,172,145,152,15,12,1.0,1,1,2,2,0.0,0.133,6,1,3,0.333,0,0,0.0,2,0.333,2,0.333,0,0.0,1,0.167,0,0.0,2,20,14,1.1,3.43,2.55,0.1,2,0,1,0.0,0.0,0.0,0.0,1.0,0.0,1.0,1.0,0.0,1.0,9.1,0.0,2.0,0.0,4.0,0.5,0.0,0.5,5.6,0.0,3.0,0.0,4.0,0.75,0.0,0.75,6.7,1.0,0.333,0.0,1.0,0.0,0.0,0.333,0.0,1.0,0.0,0.0,0.0,0.0,,0.667,1.0,2.0,0.5,0.5,0.667,1.0,2.0,0.5,0.0,0.0,0.0,,,,,,,,,,,,,,,,,,,,,,,,,,,,0,1,0.0,0,,,,0.0,0,0.0,0,0.0,0,0.0,0,0.0,0.333,1.0,1.0,1.0,0.0,2.0,0.0,0.0,0.0,0.0,0.0,0.0,0.0,0.0,0.0,0.0,0.0,0.0,0.0,,,,0.0,0.0,0.0,DAL,1.0,1.0,1.0,0.0,1.0,0.0,0.0,1.0,0.0,0.0,0.0,0.0,0.0,0.0,0.0,0.0,0.0,0.0,,,,,,,,,,0,0,,,,,3.0,6.0,0.5,0.441,0.06,1.0,2.0,0.5,0.356,0.144,2.0,4.0,0.5,0.446,0.054,1.0,2.0,0.5,0.594,-0.094,1.0,2.0,0.5,0.56,-0.06,2.0,4.0,0.5,0.36,0.14,3.0,2.0,1.0,1.0,0.0,0.0,0.0,0.0,0.0,0.0,0.0,0.0,0.0,1.0,1.0,1.0,1.0,0.0,1.0,1.0,1.0,0,0,0,0,0.0,0.0,0,0.0,0,0.0,0,0.0,0,0.0,5476,1.0,0.6,0.5,4.38,5.2,4.42,2019,20181112,False
2037,Jamal Crawford,Jamal,1610612756,PHX,39.0,1,0,1,0.0,17.15,4,8,0.5,2,5,0.4,3,3,1.0,1,2,3,3,4,0,0,0,1,1,13,8,17.1,0,0,21.0,1,93,93,93,134,65,84,59,24,33,52,33,52,1,45,89,85,42,4,95,68,1,29,102,61,36,105,17,2,80,1,98.0,118.5,115.4,115.4,92.9,90.2,90.2,25.7,25.1,25.1,0.25,0.75,18.8,0.077,0.1,0.091,25.0,24.5,0.625,0.697,0.283,0.303,108.87,111.95,93.29,111.95,0.145,39,4.0,8.0,45,58,58,38,33,33,24,28,28,31,75,70,32,98,72,170,171,49,43,18,13,29,13,13,43,65,84,20,27,0.0,1,4,7,4,0.15,0.2,3,0,1,0.0,2,2,1.0,2,0.667,1,0.333,0,0.0,0,0.0,1,0.333,13,31,16,2.1,4.01,3.9,0.419,0,0,1,0.0,0.0,0.0,1.0,0.0,1.0,2.0,0.5,0.0,0.5,4.3,0.0,2.0,0.0,3.0,0.667,1.0,1.0,10.0,1.0,2.0,0.333,5.0,0.6,1.0,0.75,8.1,,,,,,,,,,,,,,,0.625,3.0,5.0,0.6,0.7,0.375,2.0,3.0,0.667,0.25,1.0,2.0,0.5,0.125,0.0,1.0,0.0,0.0,0.0,0.0,0.0,,0.125,0.0,1.0,0.0,0.25,1.0,2.0,0.5,0.75,0.0,0.0,0.0,,0.25,1.0,2.0,0.5,2,4,0.5,4,0.0,2.0,0.0,0.5,6,0.667,0,0.0,0,0.0,0,0.0,0.625,0.0,0.0,0.0,1.0,2.0,0.5,1.0,1.0,1.0,0.0,0.0,0.0,0.0,0.0,0.0,2.0,5.0,0.4,0.0,0.0,0.0,0.0,0.0,0.0,PHX,0.0,0.0,0.0,0.0,1.0,0.0,1.0,1.0,1.0,1.0,1.0,1.0,0.0,2.0,0.0,2.0,3.0,0.667,,,,0.0,0.0,0.0,0.0,0.0,0.0,2,3,2.0,3.0,0.667,1.0,0.0,2.0,0.0,0.378,-0.378,0.0,1.0,0.0,0.323,-0.323,0.0,1.0,0.0,0.468,-0.468,,,,,,,,,,,0.0,2.0,0.0,0.36,-0.36,2.0,1.0,1.0,0.0,0.0,0.0,0.0,0.0,0.0,0.0,0.0,0.0,0.0,0.0,0.0,0.0,0.0,0.0,0.0,0.0,0.0,0,0,0,0,0.0,0.0,0,0.0,0,0.0,0,0.0,0,0.0,6108,1.2,0.6,0.5,3.78,4.09,2.93,2019,20181112,False
201162,Jared Dudley,Jared,1610612751,BKN,33.0,1,0,1,0.0,28.416666666666668,3,9,0.333,2,5,0.4,0,0,0.0,1,3,4,4,0,1,1,2,5,1,8,8,24.8,0,0,22.0,1,93,93,93,67,85,67,126,24,33,52,108,113,108,45,69,68,30,129,34,18,170,171,102,100,36,64,17,2,74,1,104.0,125.8,127.6,127.6,114.0,110.0,110.0,11.8,17.6,17.6,0.174,0.0,30.8,0.026,0.143,0.067,0.0,0.0,0.444,0.444,0.12,0.12,98.61,99.66,83.05,99.66,0.046,58,3.0,9.0,25,23,23,127,109,109,53,41,41,59,101,30,92,66,95,1,1,116,132,148,151,120,107,107,138,85,67,47,27,0.0,1,8,11,5,0.085,0.106,7,0,2,0.0,0,0,0.0,0,0.0,5,0.714,1,0.143,0,0.0,0,0.0,8,56,28,1.2,1.3,0.46,0.143,3,0,2,0.667,0.0,1.0,0.0,1.0,0.0,7.0,0.143,1.0,0.167,6.8,1.0,2.0,0.333,8.0,0.375,1.0,0.429,4.9,1.0,3.0,0.25,15.0,0.267,2.0,0.308,5.4,1.0,0.111,0.0,1.0,0.0,0.0,0.111,0.0,1.0,0.0,0.0,0.0,0.0,,0.222,1.0,2.0,0.5,0.5,0.222,1.0,2.0,0.5,0.0,0.0,0.0,,0.556,1.0,5.0,0.2,0.3,0.111,0.0,1.0,0.0,0.444,1.0,4.0,0.25,0.111,1.0,1.0,1.0,1.5,0.0,0.0,0.0,,0.111,1.0,1.0,1.0,1,1,1.0,3,1.0,1.0,1.0,1.5,3,0.2,2,1.0,0,0.0,2,0.5,0.444,1.0,3.0,0.333,0.0,0.0,0.0,0.0,1.0,0.0,0.0,0.0,0.0,0.0,0.0,0.0,2.0,5.0,0.4,0.0,0.0,0.0,0.0,0.0,0.0,BKN,1.0,3.0,0.333,0.0,0.0,0.0,0.0,0.0,0.0,0.0,1.0,0.0,1.0,3.0,0.333,1.0,2.0,0.5,0.0,0.0,0.0,0.0,0.0,0.0,0.0,0.0,0.0,1,5,1.0,4.0,0.25,0.3,8.0,14.0,0.571,0.485,0.086,2.0,2.0,1.0,0.37,0.63,6.0,12.0,0.5,0.517,-0.017,4.0,6.0,0.667,0.611,0.056,5.0,8.0,0.625,0.573,0.052,2.0,4.0,0.5,0.391,0.109,6.0,5.0,1.0,1.0,0.0,2.0,4.0,0.0,0.0,0.0,0.0,0.0,0.0,7.0,7.0,3.0,0.0,0.0,1.0,0.75,0.0,0,0,0,0,0.0,0.0,0,0.0,0,0.0,0,0.0,0,0.0,11306,2.1,1.2,0.9,4.16,4.56,3.71,2019,20181112,False
1626185,Jarell Martin,Jarell,1610612753,ORL,25.0,1,0,1,0.0,14.616666666666667,1,3,0.333,0,1,0.0,0,0,0.0,1,1,2,1,2,0,0,1,2,0,2,-11,3.9,0,0,5.0,1,93,93,93,148,145,152,126,104,118,104,108,113,108,45,126,105,100,38,95,68,118,78,135,154,161,170,17,2,164,1,98.0,95.5,103.7,103.7,141.9,144.4,144.4,-46.4,-40.7,-40.7,0.111,0.5,16.7,0.067,0.1,0.08,33.3,33.3,0.333,0.333,0.156,0.16,93.26,88.67,73.89,88.67,-0.033,27,1.0,3.0,137,98,98,179,181,181,181,176,176,95,85,77,42,98,80,183,183,141,150,119,121,168,180,180,178,145,152,27,11,0.0,0,1,3,1,0.037,0.037,2,0,1,0.0,0,0,0.0,0,0.0,0,0.0,0,0.0,1,0.5,0,0.0,2,32,12,0.8,1.47,0.38,0.063,1,0,1,0.0,0.0,2.0,1.0,0.0,1.0,3.0,0.333,0.0,0.333,21.6,0.0,1.0,0.0,3.0,0.333,0.0,0.333,3.0,1.0,1.0,0.5,6.0,0.333,0.0,0.333,12.3,1.0,0.333,0.0,1.0,0.0,0.0,0.333,0.0,1.0,0.0,0.0,0.0,0.0,,0.333,1.0,1.0,1.0,1.0,0.333,1.0,1.0,1.0,0.0,0.0,0.0,,,,,,,,,,,,,,,0.333,0.0,1.0,0.0,0.0,0.0,0.0,0.0,,0.333,0.0,1.0,0.0,0,0,,0,0.0,0.0,,,0,0.0,2,1.0,0,0.0,0,0.0,0.333,1.0,1.0,1.0,0.0,1.0,0.0,0.0,0.0,0.0,0.0,1.0,0.0,0.0,0.0,0.0,0.0,0.0,0.0,,,,0.0,1.0,0.0,ORL,1.0,1.0,1.0,0.0,1.0,0.0,0.0,0.0,0.0,0.0,0.0,0.0,0.0,1.0,0.0,0.0,0.0,0.0,,,,,,,,,,0,1,0.0,1.0,0.0,0.0,3.0,4.0,0.75,0.462,0.288,2.0,3.0,0.667,0.35,0.316,1.0,1.0,1.0,0.479,0.521,1.0,1.0,1.0,0.574,0.426,1.0,1.0,1.0,0.542,0.458,2.0,3.0,0.667,0.364,0.303,3.0,1.0,2.0,2.0,0.0,1.0,2.0,0.0,0.0,0.0,0.0,0.0,0.0,0.0,0.0,0.0,0.0,0.0,0.0,0.0,0.0,0,0,0,0,0.0,0.0,0,0.0,0,0.0,0,0.0,0,0.0,6094,1.2,0.7,0.4,4.54,4.93,3.27,2019,20181112,False
1628991,Jaren Jackson Jr.,Jaren,1610612763,MEM,19.0,1,0,1,0.0,27.475,4,9,0.444,0,1,0.0,2,2,1.0,5,6,11,3,4,1,5,1,3,3,10,-6,41.7,1,0,36.0,1,93,93,93,70,65,67,94,104,118,104,50,61,1,5,25,13,42,4,34,1,118,119,37,80,134,18,1,2,26,1,96.0,93.1,92.9,92.9,102.0,101.8,101.8,-8.9,-8.9,-8.9,0.2,0.75,17.6,0.185,0.188,0.186,23.5,23.7,0.444,0.506,0.222,0.224,98.43,98.71,82.26,98.71,0.149,56,4.0,9.0,144,148,148,79,72,72,120,121,121,49,75,75,8,43,20,168,168,116,101,53,56,124,122,122,39,65,67,41,27,0.0,0,5,7,3,0.073,0.073,1,0,1,0.0,0,0,0.0,0,0.0,0,0.0,0,0.0,0,0.0,0,0.0,10,55,29,1.5,1.59,0.44,0.182,5,3,8,0.4,0.667,0.75,5.0,0.0,1.0,5.0,1.0,0.0,1.0,7.0,3.0,3.0,0.5,18.0,0.333,4.0,0.429,5.1,8.0,3.0,0.727,23.0,0.478,4.0,0.579,5.9,1.0,0.222,0.0,2.0,0.0,0.0,0.222,0.0,2.0,0.0,0.0,0.0,0.0,,0.556,4.0,5.0,0.8,0.8,0.556,4.0,5.0,0.8,0.0,0.0,0.0,,0.111,0.0,1.0,0.0,0.0,0.111,0.0,1.0,0.0,0.0,0.0,0.0,,0.111,0.0,1.0,0.0,0.0,0.0,0.0,0.0,,0.111,0.0,1.0,0.0,0,0,,0,0.0,0.0,,,0,0.0,6,0.6,2,0.5,2,0.5,0.444,2.0,5.0,0.4,2.0,3.0,0.667,0.0,0.0,0.0,0.0,1.0,0.0,0.0,0.0,0.0,0.0,0.0,0.0,0.0,0.0,0.0,0.0,1.0,0.0,MEM,2.0,5.0,0.4,2.0,2.0,1.0,0.0,1.0,0.0,0.0,0.0,0.0,0.0,1.0,0.0,0.0,0.0,0.0,,,,,,,0.0,0.0,0.0,0,2,0.0,1.0,0.0,0.0,7.0,12.0,0.583,0.524,0.06,3.0,3.0,1.0,0.268,0.732,4.0,9.0,0.444,0.554,-0.11,2.0,6.0,0.333,0.605,-0.271,3.0,7.0,0.429,0.58,-0.151,3.0,3.0,1.0,0.3,0.7,15.0,12.0,3.0,2.0,0.0,0.0,0.0,0.0,2.0,2.0,0.0,1.0,0.0,10.0,10.0,5.0,3.0,0.0,1.0,1.0,0.6,1,2,0,0,0.0,0.667,1,0.333,0,0.0,0,0.0,0,0.0,11551,2.2,1.2,1.0,4.52,4.84,4.18,2019,20181112,False
201145,Jeff Green,Jeff,1610612764,WAS,32.0,1,1,0,1.0,20.95,6,7,0.857,4,5,0.8,2,2,1.0,0,6,6,1,2,2,1,0,1,3,18,13,33.7,0,0,35.0,1,1,1,1,114,37,97,6,4,33,16,50,61,1,96,25,40,100,38,10,18,1,29,37,33,17,36,17,2,29,1,97.0,139.3,134.9,134.9,109.2,102.3,102.3,30.1,32.6,32.6,0.111,0.5,9.1,0.0,0.333,0.222,18.2,18.4,1.143,1.142,0.217,0.232,94.9,99.67,83.05,99.67,0.299,43,6.0,7.0,6,10,10,107,74,74,19,16,16,95,85,117,96,11,11,145,148,3,3,58,50,157,106,106,2,37,97,24,21,0.0,0,2,2,1,0.042,0.042,1,0,0,0.0,0,0,0.0,0,0.0,0,0.0,0,0.0,1,1.0,0,0.0,18,35,18,0.9,1.6,0.69,0.514,1,2,1,0.0,2.0,2.0,0.0,0.0,0.0,0.0,0.0,0.0,0.0,0.0,1.0,5.0,0.167,8.0,0.75,1.0,0.857,6.5,1.0,5.0,0.167,8.0,0.75,1.0,0.857,6.5,,,,,,,,,,,,,,,0.429,2.0,3.0,0.667,0.667,0.286,2.0,2.0,1.0,0.143,0.0,1.0,0.0,0.429,3.0,3.0,1.0,1.5,0.0,0.0,0.0,,0.429,3.0,3.0,1.0,0.143,1.0,1.0,1.0,1.5,0.0,0.0,0.0,,0.143,1.0,1.0,1.0,1,1,1.0,2,0.0,0.0,,1.0,12,0.8,2,1.0,4,1.0,0,0.0,1.143,1.0,1.0,1.0,0.0,0.0,0.0,1.0,1.0,1.0,0.0,0.0,0.0,1.0,1.0,1.0,3.0,4.0,0.75,0.0,0.0,0.0,1.0,1.0,1.0,WAS,1.0,1.0,1.0,0.0,0.0,0.0,0.0,0.0,0.0,1.0,1.0,1.0,1.0,1.0,1.0,3.0,4.0,0.75,,,,,,,0.0,0.0,0.0,4,5,4.0,5.0,0.8,1.2,4.0,6.0,0.667,0.43,0.237,1.0,2.0,0.5,0.345,0.156,3.0,4.0,0.75,0.497,0.253,3.0,3.0,1.0,0.59,0.41,3.0,3.0,1.0,0.561,0.439,1.0,3.0,0.333,0.372,-0.039,9.0,6.0,3.0,2.0,1.0,4.0,9.0,0.0,0.0,0.0,0.0,0.0,0.0,2.0,2.0,0.0,0.0,0.0,1.0,0.0,0.0,1,1,2,2,1.0,2.0,0,0.0,0,0.0,0,0.0,1,0.5,7198,1.4,0.7,0.7,3.68,3.83,3.53,2019,20181112,False
201952,Jeff Teague,Jeff,1610612750,MIN,31.0,1,1,0,1.0,34.6,8,14,0.571,0,3,0.0,8,9,0.889,0,1,1,11,4,3,0,0,2,6,24,10,46.7,1,0,42.0,1,1,1,1,32,15,28,46,104,71,104,5,5,51,96,126,139,2,4,5,68,1,78,11,14,27,9,1,2,12,1,105.0,130.7,128.9,128.9,114.7,117.3,117.3,16.0,11.6,11.6,0.44,2.75,33.3,0.0,0.023,0.015,12.1,12.1,0.571,0.668,0.262,0.268,105.24,104.74,87.28,104.74,0.148,76,8.0,14.0,15,21,21,130,138,138,45,55,55,6,22,24,96,154,164,120,120,68,48,33,33,54,57,57,41,15,28,37,56,1.0,1,12,30,13,0.297,0.351,19,6,9,0.667,2,2,1.0,15,0.789,6,0.316,3,0.158,0,0.0,1,0.053,24,65,21,5.2,4.82,4.69,0.369,0,0,0,0.0,0.0,0.0,0.0,0.0,0.0,1.0,0.0,0.0,0.0,0.0,0.0,1.0,0.0,5.0,0.2,1.0,0.25,18.3,0.0,1.0,0.0,6.0,0.167,1.0,0.2,18.3,1.0,0.071,1.0,1.0,1.0,1.0,0.071,1.0,1.0,1.0,0.0,0.0,0.0,,0.643,6.0,9.0,0.667,0.667,0.643,6.0,9.0,0.667,0.0,0.0,0.0,,0.071,1.0,1.0,1.0,1.0,0.071,1.0,1.0,1.0,0.0,0.0,0.0,,0.214,0.0,3.0,0.0,0.0,0.0,0.0,0.0,,0.214,0.0,3.0,0.0,0,2,0.0,0,0.0,2.0,0.0,0.0,0,0.0,0,0.0,0,0.0,0,0.0,0.571,6.0,7.0,0.857,1.0,3.0,0.333,1.0,1.0,1.0,0.0,0.0,0.0,0.0,0.0,0.0,0.0,3.0,0.0,0.0,0.0,0.0,0.0,0.0,0.0,MIN,6.0,7.0,0.857,1.0,3.0,0.333,1.0,1.0,1.0,0.0,0.0,0.0,0.0,2.0,0.0,0.0,1.0,0.0,0.0,0.0,0.0,0.0,0.0,0.0,0.0,0.0,0.0,0,1,0.0,1.0,0.0,0.0,5.0,9.0,0.556,0.423,0.133,1.0,1.0,1.0,0.366,0.634,4.0,8.0,0.5,0.477,0.024,4.0,4.0,1.0,0.525,0.476,4.0,4.0,1.0,0.496,0.505,1.0,2.0,0.5,0.382,0.118,6.0,4.0,2.0,4.0,1.0,0.0,0.0,1.0,0.0,1.0,1.0,0.0,0.0,0.0,0.0,0.0,0.0,0.0,0.0,0.0,0.0,0,0,0,0,0.0,0.0,0,0.0,0,0.0,0,0.0,0,0.0,12362,2.3,1.2,1.1,3.68,4.15,3.28,2019,20181112,False
203924,Jerami Grant,Jerami,1610612760,OKC,25.0,1,1,0,1.0,31.016666666666666,4,8,0.5,1,2,0.5,1,2,0.5,1,7,8,0,1,0,1,0,0,1,10,22,21.6,0,0,21.0,1,1,1,1,54,65,84,59,56,92,31,82,61,79,45,18,22,137,71,95,18,1,1,102,80,3,81,17,2,80,1,99.0,127.1,131.7,131.7,97.3,96.8,96.8,29.9,34.9,34.9,0.0,0.0,0.0,0.037,0.28,0.154,10.0,10.1,0.563,0.563,0.133,0.137,99.04,97.5,81.25,97.5,0.091,63,4.0,8.0,24,15,15,56,52,52,20,15,15,137,101,137,81,20,34,103,105,71,83,137,136,114,135,135,90,65,84,35,18,0.0,1,1,0,1,0.0,0.029,2,0,2,0.0,0,0,0.0,0,0.0,0,0.0,0,0.0,0,0.0,0,0.0,10,45,17,0.8,1.13,0.29,0.222,1,1,5,1.0,2.0,1.0,1.0,0.0,1.0,3.0,0.333,0.0,0.333,11.1,0.0,7.0,0.0,10.0,0.7,1.0,0.778,10.6,1.0,7.0,0.125,13.0,0.615,1.0,0.667,10.7,1.0,0.125,0.0,1.0,0.0,0.0,0.125,0.0,1.0,0.0,0.0,0.0,0.0,,0.375,1.0,3.0,0.333,0.333,0.375,1.0,3.0,0.333,0.0,0.0,0.0,,0.125,1.0,1.0,1.0,1.0,0.125,1.0,1.0,1.0,0.0,0.0,0.0,,0.375,2.0,3.0,0.667,0.833,0.125,1.0,1.0,1.0,0.25,1.0,2.0,0.5,0,0,,0,0.0,0.0,,,5,0.667,5,1.0,2,1.0,1,0.0,0.563,2.0,4.0,0.5,0.0,1.0,0.0,1.0,1.0,1.0,0.0,0.0,0.0,0.0,1.0,0.0,1.0,1.0,1.0,,,,0.0,1.0,0.0,OKC,2.0,5.0,0.4,0.0,0.0,0.0,1.0,1.0,1.0,0.0,0.0,0.0,0.0,1.0,0.0,1.0,1.0,1.0,,,,0.0,0.0,0.0,,,,2,3,1.0,2.0,0.5,0.833,6.0,8.0,0.75,0.483,0.268,1.0,3.0,0.333,0.362,-0.029,5.0,5.0,1.0,0.531,0.469,2.0,2.0,1.0,0.671,0.329,2.0,2.0,1.0,0.628,0.372,1.0,3.0,0.333,0.381,-0.048,4.0,2.0,2.0,0.0,0.0,1.0,3.0,1.0,2.0,3.0,0.333,0.667,0.0,2.0,2.0,0.0,0.0,0.0,1.0,0.0,0.0,1,1,0,0,0.0,2.0,0,0.0,0,0.0,0,0.0,0,0.0,12297,2.3,1.3,1.1,4.21,5.0,3.83,2019,20181112,False
1626170,Jerian Grant,Jerian,1610612753,ORL,26.0,1,0,1,0.0,16.65,1,3,0.333,1,1,1.0,0,0,0.0,1,0,1,3,0,1,0,0,2,1,3,-6,11.7,0,0,10.0,1,93,93,93,139,145,152,126,56,118,1,108,113,108,45,155,139,42,129,34,68,1,78,102,146,134,132,17,2,140,1,98.0,108.3,109.4,109.4,133.1,128.1,128.1,-24.8,-18.8,-18.8,0.25,0.0,50.0,0.071,0.0,0.04,0.0,0.0,0.5,0.5,0.081,0.087,90.98,92.25,76.88,92.25,0.064,32,1.0,3.0,88,84,84,171,160,160,160,146,146,31,101,4,36,155,132,1,1,79,105,168,167,177,174,174,118,145,152,28,29,0.0,0,5,7,3,0.107,0.107,4,0,1,0.0,0,0,0.0,0,0.0,3,0.75,0,0.0,0,0.0,0,0.0,3,33,8,4.0,7.32,7.61,0.091,0,0,0,0.0,0.0,0.0,0.0,1.0,0.0,4.0,0.25,0.0,0.25,26.5,0.0,0.0,0.0,1.0,0.0,0.0,0.0,0.0,0.0,1.0,0.0,5.0,0.2,0.0,0.2,26.5,,,,,,,,,,,,,,,,,,,,,,,,,,,,1.0,1.0,3.0,0.333,0.5,0.667,0.0,2.0,0.0,0.333,1.0,1.0,1.0,,,,,,,,,,,,,,0,2,0.0,0,0.0,0.0,,0.0,3,1.0,0,0.0,0,0.0,0,0.0,0.5,0.0,0.0,0.0,0.0,1.0,0.0,0.0,1.0,0.0,0.0,0.0,0.0,0.0,0.0,0.0,1.0,1.0,1.0,,,,0.0,0.0,0.0,ORL,0.0,0.0,0.0,0.0,1.0,0.0,0.0,0.0,0.0,0.0,1.0,0.0,0.0,0.0,0.0,1.0,1.0,1.0,,,,,,,,,,1,1,1.0,1.0,1.0,1.5,3.0,4.0,0.75,0.499,0.252,2.0,3.0,0.667,0.369,0.298,1.0,1.0,1.0,0.623,0.377,1.0,1.0,1.0,0.755,0.245,1.0,1.0,1.0,0.65,0.35,2.0,3.0,0.667,0.368,0.299,2.0,0.0,2.0,1.0,0.0,0.0,0.0,1.0,1.0,2.0,0.5,0.5,0.0,2.0,2.0,1.0,0.0,0.0,1.0,1.0,0.0,0,0,0,0,0.0,0.0,0,0.0,0,0.0,0,0.0,0,0.0,6310,1.2,0.7,0.5,3.98,4.3,3.59,2019,20181112,False
203925,Joe Harris,Joe,1610612751,BKN,27.0,1,0,1,0.0,33.85,3,15,0.2,2,9,0.222,0,0,0.0,2,4,6,1,0,0,0,2,3,0,8,-3,16.7,0,0,17.0,1,93,93,93,35,85,24,163,24,7,93,108,113,108,18,48,40,100,129,95,68,170,119,135,100,113,109,17,2,101,1,104.0,105.8,107.1,107.1,107.3,108.3,108.3,-1.5,-1.2,-1.2,0.045,0.0,6.3,0.045,0.154,0.086,0.0,0.0,0.267,0.267,0.174,0.175,101.84,100.68,83.9,100.68,-0.008,70,3.0,15.0,95,89,89,99,106,106,104,98,98,131,101,131,68,60,76,1,1,155,159,102,107,80,97,97,170,85,24,41,46,2.0,1,9,5,4,0.024,0.098,10,1,5,0.2,0,0,0.0,2,0.2,5,0.5,0,0.0,0,0.0,0,0.0,8,56,49,2.0,2.11,1.18,0.143,0,0,3,0.0,0.0,0.0,0.0,2.0,0.0,4.0,0.5,0.0,0.5,4.8,0.0,4.0,0.0,6.0,0.667,1.0,0.8,4.6,0.0,6.0,0.0,10.0,0.6,1.0,0.667,4.7,1.0,0.2,1.0,3.0,0.333,0.333,0.2,1.0,3.0,0.333,0.0,0.0,0.0,,0.133,0.0,2.0,0.0,0.0,0.067,0.0,1.0,0.0,0.067,0.0,1.0,0.0,0.4,0.0,6.0,0.0,0.0,0.133,0.0,2.0,0.0,0.267,0.0,4.0,0.0,0.267,2.0,4.0,0.5,0.75,0.0,0.0,0.0,,0.267,2.0,4.0,0.5,0,3,0.0,0,0.0,3.0,0.0,0.0,6,0.333,0,0.0,0,0.0,0,0.0,0.267,0.0,3.0,0.0,0.0,2.0,0.0,1.0,1.0,1.0,0.0,0.0,0.0,0.0,1.0,0.0,2.0,8.0,0.25,0.0,0.0,0.0,0.0,1.0,0.0,BKN,0.0,3.0,0.0,0.0,2.0,0.0,1.0,1.0,1.0,0.0,0.0,0.0,0.0,3.0,0.0,2.0,6.0,0.333,0.0,0.0,0.0,0.0,0.0,0.0,0.0,0.0,0.0,2,6,2.0,6.0,0.333,0.5,2.0,8.0,0.25,0.408,-0.158,1.0,4.0,0.25,0.319,-0.069,1.0,4.0,0.25,0.456,-0.206,1.0,3.0,0.333,0.546,-0.212,1.0,3.0,0.333,0.493,-0.16,1.0,5.0,0.2,0.348,-0.148,5.0,2.0,3.0,0.0,0.0,0.0,0.0,1.0,1.0,2.0,0.5,0.5,1.0,4.0,5.0,1.0,0.0,0.2,0.8,1.0,0.0,0,0,0,0,0.0,0.0,0,0.0,0,0.0,0,0.0,0,0.0,14966,2.8,1.6,1.2,4.54,5.21,3.88,2019,20181112,False
204060,Joe Ingles,Joe,1610612762,UTA,31.0,1,1,0,1.0,36.00833333333333,6,12,0.5,3,6,0.5,4,6,0.667,2,4,6,5,3,1,0,0,2,7,19,6,33.7,0,0,35.0,1,1,1,1,22,37,40,59,8,21,31,23,15,71,18,48,40,17,18,34,68,1,78,7,29,46,36,17,2,29,1,97.0,104.3,102.9,102.9,95.8,95.7,95.7,8.6,7.2,7.2,0.294,1.67,21.7,0.059,0.118,0.088,13.0,13.3,0.625,0.649,0.222,0.226,91.93,92.65,77.2,92.65,0.165,70,6.0,12.0,103,101,101,51,46,46,63,69,69,24,42,58,54,88,74,129,129,49,51,53,55,175,172,172,28,37,40,45,54,0.0,0,7,12,5,0.111,0.111,13,3,4,0.75,0,0,0.0,6,0.462,8,0.615,4,0.308,1,0.077,0,0.0,19,65,40,3.7,3.38,2.95,0.292,1,0,2,0.0,0.0,0.0,2.0,0.0,1.0,4.0,0.5,0.0,0.5,14.1,1.0,3.0,0.25,6.0,0.667,1.0,0.8,7.2,3.0,3.0,0.5,10.0,0.6,1.0,0.667,9.5,1.0,0.083,0.0,1.0,0.0,0.0,0.083,0.0,1.0,0.0,0.0,0.0,0.0,,0.333,3.0,4.0,0.75,0.75,0.333,3.0,4.0,0.75,0.0,0.0,0.0,,0.167,1.0,2.0,0.5,0.75,0.0,0.0,0.0,,0.167,1.0,2.0,0.5,0.417,2.0,5.0,0.4,0.6,0.083,0.0,1.0,0.0,0.333,2.0,4.0,0.5,2,5,0.4,5,1.0,2.0,0.5,0.5,6,0.5,0,0.0,0,0.0,0,0.0,0.625,2.0,3.0,0.667,1.0,2.0,0.5,0.0,1.0,0.0,0.0,1.0,0.0,0.0,0.0,0.0,3.0,4.0,0.75,0.0,1.0,0.0,0.0,1.0,0.0,UTA,2.0,3.0,0.667,1.0,2.0,0.5,0.0,0.0,0.0,0.0,1.0,0.0,0.0,1.0,0.0,3.0,4.0,0.75,,,,,,,0.0,1.0,0.0,2,4,2.0,4.0,0.5,0.75,2.0,9.0,0.222,0.463,-0.241,0.0,2.0,0.0,0.345,-0.345,2.0,7.0,0.286,0.533,-0.248,2.0,4.0,0.5,0.634,-0.134,2.0,6.0,0.333,0.574,-0.24,0.0,3.0,0.0,0.354,-0.354,3.0,2.0,1.0,1.0,0.0,0.0,0.0,1.0,1.0,2.0,0.5,0.5,0.0,0.0,0.0,0.0,0.0,0.0,0.0,0.0,0.0,0,0,0,0,0.0,0.0,0,0.0,0,0.0,0,0.0,0,0.0,13955,2.6,1.5,1.2,4.05,4.73,3.69,2019,20181112,False
203954,Joel Embiid,Joel,1610612755,PHI,25.0,1,1,0,1.0,35.666666666666664,8,15,0.533,3,4,0.75,16,20,0.8,6,12,18,3,2,0,0,3,1,10,35,12,59.1,1,0,59.0,1,1,1,1,25,15,24,56,8,49,19,1,1,59,3,7,3,42,38,95,68,184,29,2,1,21,3,1,2,2,1,99.0,129.6,125.0,125.0,113.0,112.2,112.2,16.6,12.8,12.8,0.13,1.5,10.0,0.171,0.333,0.254,6.7,6.9,0.633,0.735,0.31,0.313,98.78,100.93,84.11,100.93,0.254,76,8.0,15.0,20,27,27,122,118,118,40,50,50,83,45,114,10,11,6,79,82,48,36,9,10,117,94,94,4,15,24,80,61,0.0,0,9,9,3,0.038,0.038,6,2,2,1.0,3,4,0.75,7,1.167,1,0.167,0,0.0,0,0.0,2,0.333,35,107,65,3.5,1.95,0.99,0.327,5,7,8,0.8,0.714,0.375,3.0,3.0,0.5,12.0,0.5,0.0,0.5,10.6,7.0,5.0,0.583,16.0,0.75,1.0,0.8,5.8,10.0,8.0,0.556,28.0,0.643,1.0,0.667,7.4,1.0,0.067,0.0,1.0,0.0,0.0,0.067,0.0,1.0,0.0,0.0,0.0,0.0,,0.333,2.0,5.0,0.4,0.4,0.333,2.0,5.0,0.4,0.0,0.0,0.0,,0.333,3.0,5.0,0.6,0.7,0.267,2.0,4.0,0.5,0.067,1.0,1.0,1.0,0.267,3.0,4.0,0.75,1.0,0.067,1.0,1.0,1.0,0.2,2.0,3.0,0.667,2,4,0.5,5,1.0,1.0,1.0,0.625,10,0.8,3,0.0,5,0.333,4,0.667,0.633,1.0,4.0,0.25,2.0,3.0,0.667,2.0,4.0,0.5,0.0,0.0,0.0,0.0,0.0,0.0,3.0,4.0,0.75,0.0,0.0,0.0,0.0,0.0,0.0,PHI,1.0,4.0,0.25,1.0,2.0,0.5,1.0,1.0,1.0,1.0,3.0,0.333,1.0,1.0,1.0,3.0,4.0,0.75,0.0,0.0,0.0,0.0,0.0,0.0,0.0,0.0,0.0,4,5,2.0,3.0,0.667,1.0,8.0,17.0,0.471,0.486,-0.015,2.0,5.0,0.4,0.295,0.105,6.0,12.0,0.5,0.526,-0.026,4.0,7.0,0.571,0.611,-0.04,5.0,8.0,0.625,0.562,0.063,2.0,7.0,0.286,0.324,-0.039,11.0,8.0,3.0,1.0,0.0,3.0,6.0,4.0,2.0,6.0,0.667,0.333,0.0,17.0,17.0,10.0,5.0,0.0,1.0,1.0,0.5,1,3,5,6,0.833,0.714,0,0.0,0,0.0,1,0.143,3,0.429,13556,2.6,1.5,1.1,4.08,4.44,3.68,2019,20181112,False
202322,John Wall,John,1610612764,WAS,28.0,1,1,0,1.0,33.05,9,15,0.6,2,3,0.667,5,8,0.625,0,4,4,10,2,1,1,1,1,6,25,-3,48.8,1,0,45.0,1,1,1,1,41,11,24,33,24,71,22,15,7,75,96,48,68,4,38,34,18,118,29,11,9,113,7,1,2,9,1,97.0,111.4,109.9,109.9,116.5,112.5,112.5,-5.1,-2.6,-2.6,0.5,5.0,32.3,0.0,0.121,0.063,6.5,6.6,0.667,0.675,0.269,0.277,101.34,103.84,86.54,103.84,0.184,71,9.0,15.0,74,81,81,136,119,119,112,105,105,3,4,28,96,86,100,77,80,41,47,28,28,86,61,61,21,11,24,53,68,0.0,0,16,24,10,0.189,0.189,16,4,6,0.667,1,2,0.5,9,0.563,7,0.438,4,0.25,1,0.063,1,0.063,25,81,21,8.7,6.45,5.95,0.309,0,2,1,0.0,0.0,0.0,0.0,0.0,0.0,1.0,0.0,0.0,0.0,0.0,2.0,2.0,0.5,6.0,0.667,0.0,0.667,11.6,2.0,2.0,0.5,7.0,0.571,0.0,0.571,11.6,1.0,0.067,0.0,1.0,0.0,0.0,0.067,0.0,1.0,0.0,0.0,0.0,0.0,,0.4,4.0,6.0,0.667,0.667,0.4,4.0,6.0,0.667,0.0,0.0,0.0,,0.467,4.0,7.0,0.571,0.643,0.333,3.0,5.0,0.6,0.133,1.0,2.0,0.5,0.067,1.0,1.0,1.0,1.5,0.0,0.0,0.0,,0.067,1.0,1.0,1.0,2,4,0.5,4,0.0,1.0,0.0,0.5,6,1.0,0,0.0,0,0.0,0,0.0,0.667,5.0,8.0,0.625,1.0,2.0,0.5,1.0,2.0,0.5,0.0,0.0,0.0,0.0,0.0,0.0,2.0,3.0,0.667,0.0,0.0,0.0,0.0,0.0,0.0,WAS,5.0,8.0,0.625,0.0,0.0,0.0,1.0,2.0,0.5,1.0,2.0,0.5,0.0,0.0,0.0,2.0,3.0,0.667,0.0,0.0,0.0,0.0,0.0,0.0,0.0,0.0,0.0,2,2,2.0,2.0,1.0,1.5,4.0,8.0,0.5,0.435,0.065,2.0,4.0,0.5,0.346,0.155,2.0,4.0,0.5,0.489,0.011,2.0,3.0,0.667,0.554,0.112,2.0,4.0,0.5,0.525,-0.025,2.0,4.0,0.5,0.352,0.148,1.0,0.0,1.0,3.0,0.0,0.0,0.0,0.0,0.0,0.0,0.0,0.0,0.0,0.0,0.0,0.0,0.0,0.0,0.0,0.0,0.0,0,0,0,0,0.0,0.0,2,1.0,0,0.0,0,0.0,0,0.0,11616,2.2,1.1,1.1,3.76,3.81,3.71,2019,20181112,False
201973,Jonas Jerebko,Jonas,1610612744,GSW,32.0,1,0,1,0.0,12.366666666666667,1,1,1.0,1,1,1.0,0,0,0.0,1,0,1,1,0,0,1,0,0,1,3,-3,8.7,0,0,8.0,1,93,93,93,158,145,172,1,56,118,1,108,113,108,45,155,139,100,129,95,18,1,1,102,146,113,150,17,2,147,1,112.0,107.8,100.0,100.0,111.0,113.8,113.8,-3.3,-13.8,-13.8,0.111,0.0,50.0,0.071,0.0,0.042,0.0,0.0,1.5,1.5,0.031,0.034,111.71,114.5,95.42,114.5,0.098,30,1.0,1.0,90,111,111,114,124,124,106,139,139,95,101,4,36,155,129,1,1,1,1,180,179,14,7,7,82,145,172,15,8,0.0,0,1,3,1,0.067,0.067,0,0,0,0.0,0,0,0.0,0,0.0,0,0.0,0,0.0,0,0.0,0,0.0,3,19,10,0.3,1.06,0.16,0.158,1,0,1,0.0,0.0,0.0,0.0,1.0,0.0,1.0,1.0,0.0,1.0,2.5,0.0,0.0,0.0,3.0,0.0,1.0,0.0,0.0,0.0,1.0,0.0,4.0,0.25,1.0,0.333,2.5,,,,,,,,,,,,,,,,,,,,,,,,,,,,,,,,,,,,,,,,,1.0,1.0,1.0,1.0,1.5,0.0,0.0,0.0,,1.0,1.0,1.0,1.0,0,0,,0,0.0,0.0,,,3,1.0,0,0.0,0,0.0,0,0.0,1.5,0.0,0.0,0.0,0.0,0.0,0.0,0.0,0.0,0.0,0.0,0.0,0.0,1.0,1.0,1.0,0.0,0.0,0.0,0.0,0.0,0.0,1.0,1.0,1.0,GSW,0.0,0.0,0.0,0.0,0.0,0.0,0.0,0.0,0.0,0.0,0.0,0.0,1.0,1.0,1.0,0.0,0.0,0.0,0.0,0.0,0.0,,,,0.0,0.0,0.0,1,1,1.0,1.0,1.0,1.5,2.0,4.0,0.5,0.486,0.014,0.0,1.0,0.0,0.39,-0.39,2.0,3.0,0.667,0.504,0.162,2.0,3.0,0.667,0.532,0.134,2.0,3.0,0.667,0.506,0.161,0.0,1.0,0.0,0.421,-0.421,2.0,2.0,0.0,1.0,0.0,1.0,3.0,0.0,0.0,0.0,0.0,0.0,0.0,0.0,0.0,0.0,0.0,0.0,0.0,0.0,0.0,0,0,0,0,0.0,0.0,0,0.0,0,0.0,0,0.0,0,0.0,5624,1.1,0.6,0.5,4.98,5.0,4.95,2019,20181112,False
202685,Jonas Valanciunas,Jonas,1610612763,MEM,27.0,1,0,1,0.0,14.883333333333333,0,3,0.0,0,1,0.0,2,2,1.0,1,6,7,2,2,0,1,0,2,1,2,-5,14.4,0,0,13.0,1,93,93,93,146,166,152,166,104,118,104,50,61,1,45,25,31,70,38,95,18,1,78,102,154,128,121,17,2,123,1,96.0,90.1,91.4,91.4,106.1,102.8,102.8,-16.0,-11.3,-11.3,0.2,1.0,25.0,0.053,0.353,0.194,25.0,25.4,0.0,0.258,0.154,0.153,113.52,114.49,95.41,114.49,0.069,35,0.0,3.0,159,151,151,95,76,76,141,131,131,49,58,41,60,9,17,170,175,166,160,120,125,9,8,8,110,166,152,27,12,0.0,1,3,6,3,0.074,0.111,1,0,0,0.0,0,0,0.0,0,0.0,0,0.0,0,0.0,1,1.0,0,0.0,2,32,11,0.9,1.75,0.34,0.063,1,3,1,0.0,0.0,0.0,1.0,0.0,1.0,3.0,0.333,0.0,0.333,7.6,1.0,5.0,0.167,10.0,0.6,0.0,0.6,3.8,2.0,5.0,0.286,13.0,0.538,0.0,0.538,4.4,,,,,,,,,,,,,,,,,,,,,,,,,,,,0.667,0.0,2.0,0.0,0.0,0.667,0.0,2.0,0.0,0.0,0.0,0.0,,0.333,0.0,1.0,0.0,0.0,0.0,0.0,0.0,,0.333,0.0,1.0,0.0,0,1,0.0,0,0.0,0.0,,0.0,0,0.0,0,0.0,0,0.0,0,0.0,0.0,0.0,0.0,0.0,0.0,2.0,0.0,0.0,0.0,0.0,0.0,0.0,0.0,0.0,0.0,0.0,0.0,1.0,0.0,0.0,0.0,0.0,0.0,0.0,0.0,MEM,0.0,0.0,0.0,0.0,2.0,0.0,0.0,0.0,0.0,0.0,0.0,0.0,0.0,0.0,0.0,0.0,1.0,0.0,,,,0.0,0.0,0.0,0.0,0.0,0.0,0,1,0.0,1.0,0.0,0.0,3.0,8.0,0.375,0.532,-0.157,0.0,2.0,0.0,0.346,-0.346,3.0,6.0,0.5,0.598,-0.098,2.0,3.0,0.667,0.676,-0.009,3.0,6.0,0.5,0.67,-0.17,0.0,2.0,0.0,0.349,-0.349,11.0,11.0,0.0,0.0,0.0,2.0,4.0,0.0,0.0,0.0,0.0,0.0,1.0,2.0,3.0,2.0,2.0,0.333,0.667,0.667,0.667,0,1,0,0,0.0,0.0,2,0.667,1,0.333,0,0.0,0,0.0,5562,1.1,0.6,0.5,4.15,4.49,3.81,2019,20181112,False
203613,Jonathon Simmons,Jonathon,1610612755,PHI,29.0,1,0,1,0.0,26.716666666666665,2,10,0.2,1,2,0.5,0,0,0.0,0,3,3,2,3,0,2,2,1,5,5,-14,14.6,0,0,15.0,1,93,93,93,76,119,60,163,56,92,31,108,113,108,96,69,85,70,18,95,6,170,29,18,131,171,120,17,2,112,1,99.0,97.8,98.1,98.1,124.1,124.1,124.1,-26.3,-25.9,-25.9,0.111,0.67,13.3,0.0,0.143,0.065,20.0,20.0,0.25,0.25,0.217,0.231,97.2,97.02,80.85,97.02,-0.011,54,2.0,10.0,129,127,127,157,155,155,162,164,164,95,80,98,96,66,96,152,154,156,162,60,51,142,139,139,171,119,60,18,30,1.0,0,6,8,3,0.111,0.167,11,1,5,0.2,0,0,0.0,2,0.182,5,0.455,1,0.091,1,0.091,0,0.0,5,36,30,2.4,4.01,3.39,0.139,1,1,0,0.0,0.0,0.0,0.0,0.0,0.0,3.0,0.0,0.0,0.0,0.0,0.0,3.0,0.0,4.0,0.75,0.0,0.75,5.3,0.0,3.0,0.0,6.0,0.5,0.0,0.5,5.3,1.0,0.4,0.0,4.0,0.0,0.0,0.4,0.0,4.0,0.0,0.0,0.0,0.0,,0.3,1.0,3.0,0.333,0.333,0.2,1.0,2.0,0.5,0.1,0.0,1.0,0.0,0.1,0.0,1.0,0.0,0.0,0.1,0.0,1.0,0.0,0.0,0.0,0.0,,0.2,1.0,2.0,0.5,0.75,0.1,0.0,1.0,0.0,0.1,1.0,1.0,1.0,0,2,0.0,0,0.0,0.0,,0.0,3,0.5,0,0.0,0,0.0,0,0.0,0.25,0.0,1.0,0.0,1.0,4.0,0.25,0.0,3.0,0.0,0.0,1.0,0.0,0.0,0.0,0.0,1.0,1.0,1.0,0.0,0.0,0.0,0.0,1.0,0.0,PHI,0.0,1.0,0.0,1.0,4.0,0.25,0.0,2.0,0.0,0.0,1.0,0.0,0.0,1.0,0.0,1.0,1.0,1.0,,,,,,,0.0,0.0,0.0,1,2,1.0,2.0,0.5,0.75,4.0,8.0,0.5,0.486,0.014,0.0,2.0,0.0,0.342,-0.342,4.0,6.0,0.667,0.544,0.123,2.0,3.0,0.667,0.696,-0.029,2.0,4.0,0.5,0.602,-0.102,1.0,3.0,0.333,0.347,-0.013,5.0,3.0,2.0,1.0,0.0,0.0,0.0,0.0,0.0,0.0,0.0,0.0,0.0,0.0,0.0,0.0,0.0,0.0,0.0,0.0,0.0,0,1,0,0,0.0,0.0,0,0.0,0,0.0,0,0.0,0,0.0,11079,2.1,1.1,1.0,4.35,4.39,4.31,2019,20181112,False
1628395,Jordan Bell,Jordan,1610612744,GSW,24.0,1,0,1,0.0,2.1166666666666667,1,1,1.0,0,0,0.0,0,0,0.0,1,0,1,0,0,0,0,0,0,0,2,1,3.2,0,0,3.0,1,93,93,93,179,145,172,1,104,144,104,108,113,108,45,155,139,137,129,95,68,1,1,135,154,80,173,17,2,172,1,112.0,125.0,100.0,100.0,80.0,100.0,100.0,45.0,0.0,0.0,0.0,0.0,0.0,0.333,0.0,0.25,0.0,0.0,1.0,1.0,0.167,0.2,102.05,102.05,85.04,102.05,0.263,5,1.0,1.0,26,111,111,11,59,59,9,91,91,137,101,137,2,155,8,1,1,6,7,107,80,77,83,83,3,145,172,2,3,0.0,1,0,0,1,0.0,0.5,0,0,0,0.0,0,0,0.0,0,0.0,0,0.0,0,0.0,0,0.0,0,0.0,2,4,4,0.1,2.09,0.75,0.5,2,0,1,1.0,0.0,2.0,0.0,1.0,0.0,1.0,1.0,0.0,1.0,21.4,0.0,0.0,0.0,0.0,0.0,0.0,0.0,0.0,0.0,1.0,0.0,1.0,1.0,0.0,1.0,21.4,,,,,,,,,,,,,,,,,,,,,,,,,,,,1.0,1.0,1.0,1.0,1.0,1.0,1.0,1.0,1.0,0.0,0.0,0.0,,,,,,,,,,,,,,,0,0,,0,,,,,0,0.0,2,1.0,0,0.0,2,1.0,1.0,1.0,1.0,1.0,0.0,0.0,0.0,0.0,0.0,0.0,,,,,,,0.0,0.0,0.0,,,,,,,GSW,1.0,1.0,1.0,0.0,0.0,0.0,,,,0.0,0.0,0.0,0.0,0.0,0.0,0.0,0.0,0.0,0.0,0.0,0.0,,,,,,,0,0,,,,,1.0,1.0,1.0,0.48,0.52,,,,,,1.0,1.0,1.0,0.522,0.478,1.0,1.0,1.0,0.608,0.392,1.0,1.0,1.0,0.568,0.432,,,,,,1.0,1.0,0.0,0.0,0.0,0.0,0.0,1.0,0.0,1.0,1.0,0.0,0.0,0.0,0.0,0.0,0.0,0.0,0.0,0.0,0.0,0,0,0,0,0.0,0.0,0,0.0,0,0.0,0,0.0,0,0.0,870,0.2,0.1,0.1,5.29,5.25,5.34,2019,20181112,False
1628367,Josh Jackson,Josh,1610612756,PHX,22.0,1,0,1,0.0,7.333333333333333,1,4,0.25,0,2,0.0,0,2,0.0,0,1,1,0,0,0,0,0,0,1,2,-5,3.2,0,0,3.0,1,93,93,93,170,145,131,145,104,92,104,108,61,108,96,126,139,137,129,95,68,1,1,102,154,128,173,17,2,172,1,98.0,108.4,114.3,114.3,128.7,140.0,140.0,-20.3,-25.7,-25.7,0.0,0.0,0.0,0.0,0.111,0.056,0.0,0.0,0.25,0.205,0.278,0.275,101.72,94.91,79.09,94.91,-0.066,14,1.0,4.0,86,61,61,164,178,178,150,163,163,137,101,137,96,91,109,1,1,156,166,22,30,82,162,162,181,145,131,5,7,0.0,2,0,0,2,0.0,0.4,2,1,1,1.0,0,0,0.0,2,1.0,0,0.0,0,0.0,0,0.0,1,0.5,2,11,8,0.6,3.16,1.18,0.182,1,0,0,0.0,0.0,0.0,0.0,0.0,0.0,0.0,0.0,0.0,0.0,0.0,0.0,1.0,0.0,1.0,1.0,0.0,1.0,4.3,0.0,1.0,0.0,1.0,1.0,0.0,1.0,4.3,1.0,0.25,0.0,1.0,0.0,0.0,0.25,0.0,1.0,0.0,0.0,0.0,0.0,,0.25,1.0,1.0,1.0,1.0,0.25,1.0,1.0,1.0,0.0,0.0,0.0,,,,,,,,,,,,,,,0.5,0.0,2.0,0.0,0.0,0.0,0.0,0.0,,0.5,0.0,2.0,0.0,0,0,,0,0.0,0.0,,,0,0.0,0,0.0,0,0.0,0,0.0,0.25,1.0,2.0,0.5,0.0,0.0,0.0,0.0,0.0,0.0,0.0,1.0,0.0,0.0,0.0,0.0,0.0,1.0,0.0,0.0,0.0,0.0,0.0,1.0,0.0,PHX,1.0,2.0,0.5,0.0,0.0,0.0,0.0,0.0,0.0,0.0,0.0,0.0,0.0,1.0,0.0,0.0,1.0,0.0,,,,,,,0.0,0.0,0.0,0,2,0.0,2.0,0.0,0.0,2.0,3.0,0.667,0.444,0.222,1.0,2.0,0.5,0.381,0.119,1.0,1.0,1.0,0.507,0.493,1.0,1.0,1.0,0.56,0.44,1.0,1.0,1.0,0.519,0.481,1.0,2.0,0.5,0.389,0.111,3.0,0.0,3.0,0.0,0.0,0.0,0.0,0.0,0.0,0.0,0.0,0.0,0.0,0.0,0.0,0.0,0.0,0.0,0.0,0.0,0.0,0,0,0,0,0.0,0.0,0,0.0,0,0.0,0,0.0,0,0.0,3124,0.6,0.3,0.3,4.36,3.82,5.08,2019,20181112,False
1629006,Josh Okogie,Josh,1610612750,MIN,20.0,1,1,0,1.0,19.566666666666666,3,7,0.429,1,4,0.25,1,2,0.5,0,4,4,1,1,0,1,0,1,3,8,4,16.3,0,0,16.0,1,1,1,1,122,85,97,100,56,49,82,82,61,79,96,48,68,100,71,95,18,1,29,37,100,55,112,17,2,105,1,105.0,107.2,111.4,111.4,102.6,102.3,102.3,4.5,9.1,9.1,0.071,1.0,10.0,0.0,0.174,0.1,10.0,10.1,0.5,0.508,0.184,0.182,109.85,107.94,89.95,107.94,0.102,44,3.0,7.0,92,77,77,80,74,74,83,60,60,118,58,114,96,51,64,103,105,79,100,90,102,22,33,33,79,85,97,7,13,0.0,0,2,2,1,0.143,0.143,2,1,2,0.5,0,0,0.0,2,1.0,0,0.0,0,0.0,0,0.0,0,0.0,8,18,13,0.7,2.33,1.56,0.444,0,0,0,0.0,0.0,0.0,0.0,0.0,0.0,3.0,0.0,1.0,0.0,0.0,1.0,3.0,0.25,7.0,0.571,1.0,0.667,5.5,1.0,3.0,0.25,10.0,0.4,2.0,0.5,5.5,1.0,0.286,1.0,2.0,0.5,0.5,0.286,1.0,2.0,0.5,0.0,0.0,0.0,,,,,,,,,,,,,,,0.143,1.0,1.0,1.0,1.0,0.143,1.0,1.0,1.0,0.0,0.0,0.0,,0.571,1.0,4.0,0.25,0.375,0.0,0.0,0.0,,0.571,1.0,4.0,0.25,1,1,1.0,2,0.0,0.0,,1.0,3,0.25,0,0.0,0,0.0,0,0.0,0.5,1.0,2.0,0.5,0.0,0.0,0.0,1.0,1.0,1.0,0.0,0.0,0.0,0.0,2.0,0.0,1.0,2.0,0.5,0.0,0.0,0.0,0.0,2.0,0.0,MIN,1.0,2.0,0.5,0.0,0.0,0.0,1.0,1.0,1.0,0.0,0.0,0.0,0.0,2.0,0.0,1.0,1.0,1.0,,,,0.0,1.0,0.0,0.0,0.0,0.0,1,4,1.0,4.0,0.25,0.375,5.0,10.0,0.5,0.448,0.052,2.0,6.0,0.333,0.389,-0.056,3.0,4.0,0.75,0.527,0.224,1.0,2.0,0.5,0.577,-0.077,2.0,3.0,0.667,0.543,0.124,2.0,6.0,0.333,0.388,-0.055,9.0,1.0,8.0,2.0,1.0,0.0,0.0,1.0,0.0,1.0,1.0,0.0,0.0,0.0,0.0,0.0,0.0,0.0,0.0,0.0,0.0,0,0,0,0,0.0,0.0,0,0.0,0,0.0,0,0.0,0,0.0,8688,1.6,0.8,0.8,4.42,4.29,4.57,2019,20181112,False
1626196,Josh Richardson,Josh,1610612748,MIA,25.0,1,0,1,0.0,37.25666666666667,4,8,0.5,4,5,0.8,5,5,1.0,0,1,1,0,3,1,1,0,3,3,17,0,21.2,0,0,26.0,1,93,93,93,15,65,84,59,4,33,16,15,24,1,96,126,139,137,18,34,18,1,119,37,37,89,83,17,2,59,1,100.0,128.2,122.1,122.1,123.5,125.3,125.3,4.7,-3.3,-3.3,0.0,0.0,0.0,0.0,0.031,0.016,23.1,22.7,0.75,0.833,0.153,0.162,96.27,97.92,81.6,97.92,0.061,77,4.0,8.0,21,42,42,155,157,157,81,110,110,137,101,137,96,152,162,166,167,22,17,122,117,147,126,126,120,65,84,49,54,0.0,0,2,0,0,0.0,0.0,7,0,1,0.0,0,0,0.0,0,0.0,5,0.714,0,0.0,0,0.0,0,0.0,17,67,29,4.0,3.6,2.58,0.254,0,1,0,0.0,0.0,0.0,0.0,0.0,0.0,2.0,0.0,1.0,0.0,0.0,0.0,1.0,0.0,7.0,0.143,2.0,0.2,18.0,0.0,1.0,0.0,9.0,0.111,3.0,0.167,18.0,,,,,,,,,,,,,,,0.25,1.0,2.0,0.5,0.75,0.125,0.0,1.0,0.0,0.125,1.0,1.0,1.0,0.375,1.0,3.0,0.333,0.5,0.25,0.0,2.0,0.0,0.125,1.0,1.0,1.0,0.375,2.0,3.0,0.667,1.0,0.0,0.0,0.0,,0.375,2.0,3.0,0.667,0,2,0.0,0,0.0,0.0,,0.0,12,0.8,0,0.0,0,0.0,0,0.0,0.75,0.0,0.0,0.0,0.0,1.0,0.0,0.0,2.0,0.0,1.0,1.0,1.0,0.0,0.0,0.0,3.0,4.0,0.75,0.0,0.0,0.0,1.0,1.0,1.0,MIA,0.0,0.0,0.0,0.0,0.0,0.0,0.0,1.0,0.0,0.0,2.0,0.0,1.0,1.0,1.0,3.0,4.0,0.75,0.0,0.0,0.0,0.0,0.0,0.0,0.0,0.0,0.0,3,4,3.0,4.0,0.75,1.125,7.0,14.0,0.5,0.435,0.065,3.0,5.0,0.6,0.343,0.257,4.0,9.0,0.444,0.478,-0.034,3.0,4.0,0.75,0.609,0.141,3.0,4.0,0.75,0.575,0.175,3.0,7.0,0.429,0.373,0.055,10.0,6.0,4.0,5.0,0.0,0.0,0.0,1.0,0.0,1.0,1.0,0.0,0.0,6.0,6.0,2.0,0.0,0.0,1.0,1.0,0.0,0,0,0,0,0.0,0.0,1,1.0,0,0.0,0,0.0,0,0.0,15425,2.9,1.6,1.3,4.27,4.98,3.62,2019,20181112,False
201950,Jrue Holiday,Jrue,1610612740,NOP,29.0,1,1,0,1.0,38.68333333333333,12,19,0.632,3,7,0.429,2,4,0.5,0,3,3,14,1,1,0,1,2,7,29,15,55.6,1,0,51.0,1,1,1,1,10,3,9,29,8,11,48,50,32,79,96,69,85,1,71,34,68,118,78,7,7,12,4,1,2,7,1,101.0,127.8,130.5,130.5,109.5,115.0,115.0,18.3,15.5,15.5,0.424,14.0,40.0,0.0,0.067,0.036,2.9,2.8,0.711,0.698,0.216,0.227,104.08,100.51,83.76,100.51,0.192,82,12.0,19.0,22,18,18,108,129,129,36,43,43,8,1,16,96,124,140,60,60,35,42,61,53,57,98,98,19,3,9,84,88,0.0,0,21,32,14,0.167,0.167,16,6,8,0.75,1,2,0.5,14,0.875,6,0.375,3,0.188,0,0.0,1,0.063,29,107,41,8.3,4.68,4.3,0.271,0,0,3,0.0,0.0,0.667,0.0,0.0,0.0,0.0,0.0,0.0,0.0,0.0,1.0,2.0,0.333,6.0,0.5,0.0,0.5,3.6,1.0,2.0,0.333,6.0,0.5,0.0,0.5,3.6,1.0,0.053,1.0,1.0,1.0,1.0,0.053,1.0,1.0,1.0,0.0,0.0,0.0,,0.474,6.0,9.0,0.667,0.667,0.474,6.0,9.0,0.667,0.0,0.0,0.0,,0.211,3.0,4.0,0.75,1.0,0.053,1.0,1.0,1.0,0.158,2.0,3.0,0.667,0.263,2.0,5.0,0.4,0.5,0.053,1.0,1.0,1.0,0.211,1.0,4.0,0.25,5,7,0.714,13,3.0,5.0,0.6,0.929,0,0.0,2,0.5,0,0.0,0,0.0,0.711,5.0,7.0,0.714,1.0,2.0,0.5,3.0,3.0,1.0,0.0,1.0,0.0,0.0,0.0,0.0,3.0,6.0,0.5,0.0,0.0,0.0,0.0,1.0,0.0,NOP,5.0,7.0,0.714,0.0,1.0,0.0,3.0,3.0,1.0,1.0,1.0,1.0,1.0,3.0,0.333,2.0,4.0,0.5,,,,0.0,0.0,0.0,0.0,0.0,0.0,0,2,0.0,2.0,0.0,0.0,6.0,17.0,0.353,0.462,-0.109,1.0,8.0,0.125,0.373,-0.248,5.0,9.0,0.556,0.532,0.024,4.0,4.0,1.0,0.608,0.393,4.0,5.0,0.8,0.573,0.227,1.0,8.0,0.125,0.385,-0.26,10.0,5.0,5.0,5.0,1.0,0.0,0.0,0.0,0.0,0.0,0.0,0.0,0.0,2.0,2.0,1.0,0.0,0.0,1.0,1.0,0.0,0,0,0,0,0.0,0.0,0,0.0,0,0.0,0,0.0,0,0.0,15475,2.9,1.7,1.2,4.21,4.75,3.62,2019,20181112,False
203944,Julius Randle,Julius,1610612740,NOP,24.0,1,1,0,1.0,35.31666666666667,7,12,0.583,0,1,0.0,3,5,0.6,2,10,12,4,2,0,0,1,2,3,17,15,35.4,1,0,33.0,1,1,1,1,28,27,40,44,104,118,104,33,24,76,18,10,12,30,38,95,68,118,78,37,37,12,33,1,2,34,1,101.0,135.5,142.3,142.3,119.6,122.9,122.9,16.0,19.4,19.4,0.108,2.0,20.0,0.063,0.27,0.174,10.0,9.9,0.583,0.599,0.188,0.192,99.52,95.82,79.85,95.82,0.124,71,7.0,12.0,10,5,5,142,149,149,46,37,37,101,25,61,47,22,25,103,104,65,73,86,87,107,153,153,63,27,40,63,49,0.0,0,8,9,4,0.063,0.063,6,2,3,0.667,2,2,1.0,6,1.0,1,0.167,0,0.0,1,0.167,1,0.167,17,80,39,3.2,2.42,1.23,0.213,3,2,4,0.667,1.0,1.0,1.0,0.0,0.5,2.0,1.0,0.0,1.0,1.8,3.0,7.0,0.3,13.0,0.769,0.0,0.769,3.3,4.0,7.0,0.333,15.0,0.8,0.0,0.8,3.2,1.0,0.25,3.0,3.0,1.0,1.0,0.25,3.0,3.0,1.0,0.0,0.0,0.0,,0.5,3.0,6.0,0.5,0.5,0.5,3.0,6.0,0.5,0.0,0.0,0.0,,0.167,1.0,2.0,0.5,0.5,0.167,1.0,2.0,0.5,0.0,0.0,0.0,,0.083,0.0,1.0,0.0,0.0,0.0,0.0,0.0,,0.083,0.0,1.0,0.0,0,1,0.0,0,0.0,0.0,,0.0,2,0.5,4,0.667,2,0.5,2,0.0,0.583,5.0,5.0,1.0,1.0,4.0,0.25,1.0,2.0,0.5,0.0,0.0,0.0,0.0,0.0,0.0,0.0,1.0,0.0,0.0,0.0,0.0,0.0,0.0,0.0,NOP,5.0,5.0,1.0,1.0,3.0,0.333,1.0,2.0,0.5,0.0,1.0,0.0,0.0,0.0,0.0,0.0,1.0,0.0,,,,,,,0.0,0.0,0.0,1,2,0.0,1.0,0.0,0.5,11.0,20.0,0.55,0.491,0.059,3.0,11.0,0.273,0.343,-0.07,8.0,9.0,0.889,0.576,0.313,6.0,6.0,1.0,0.698,0.302,6.0,7.0,0.857,0.631,0.226,3.0,11.0,0.273,0.348,-0.076,11.0,3.0,8.0,2.0,0.0,3.0,6.0,0.0,2.0,2.0,0.0,1.0,1.0,9.0,10.0,6.0,4.0,0.1,0.9,1.0,0.667,1,2,0,0,0.0,1.0,0,0.0,0,0.0,0,0.0,0,0.0,13437,2.5,1.4,1.1,3.97,4.24,3.66,2019,20181112,False
203200,Justin Holiday,Justin,1610612763,MEM,30.0,1,0,1,0.0,36.205,5,9,0.556,3,7,0.429,1,1,1.0,0,3,3,0,1,2,0,0,3,2,14,13,22.6,0,0,24.0,1,93,93,93,21,50,67,50,8,11,48,82,105,1,96,69,85,137,71,10,68,1,119,69,50,17,77,17,2,67,1,96.0,99.2,102.4,102.4,87.4,88.8,88.8,11.8,13.7,13.7,0.0,0.0,0.0,0.0,0.073,0.038,10.0,9.6,0.722,0.742,0.114,0.116,109.99,107.39,89.49,107.39,0.094,82,5.0,9.0,125,102,102,21,28,28,54,47,47,137,101,137,96,122,139,103,103,31,34,152,153,20,37,37,87,50,67,16,20,0.0,0,3,0,0,0.0,0.0,2,1,1,1.0,0,0,0.0,3,1.5,1,0.5,0,0.0,0,0.0,0,0.0,14,26,21,0.5,1.2,0.38,0.538,1,0,0,0.0,0.0,0.0,0.0,0.0,0.0,1.0,0.0,0.0,0.0,0.0,0.0,3.0,0.0,6.0,0.5,1.0,0.6,5.8,0.0,3.0,0.0,6.0,0.5,1.0,0.6,5.8,1.0,0.111,1.0,1.0,1.0,1.0,0.111,1.0,1.0,1.0,0.0,0.0,0.0,,0.222,1.0,2.0,0.5,0.5,0.111,1.0,1.0,1.0,0.111,0.0,1.0,0.0,0.222,2.0,2.0,1.0,1.5,0.0,0.0,0.0,,0.222,2.0,2.0,1.0,0.444,1.0,4.0,0.25,0.375,0.0,0.0,0.0,,0.444,1.0,4.0,0.25,1,1,1.0,2,0.0,0.0,,1.0,9,0.429,0,0.0,0,0.0,0,0.0,0.722,1.0,1.0,1.0,0.0,0.0,0.0,1.0,1.0,1.0,0.0,2.0,0.0,0.0,1.0,0.0,3.0,4.0,0.75,0.0,0.0,0.0,0.0,3.0,0.0,MEM,1.0,1.0,1.0,0.0,0.0,0.0,0.0,0.0,0.0,1.0,1.0,1.0,3.0,7.0,0.429,0.0,0.0,0.0,,,,0.0,0.0,0.0,0.0,0.0,0.0,3,7,3.0,7.0,0.429,0.643,2.0,10.0,0.2,0.427,-0.227,1.0,7.0,0.143,0.322,-0.18,1.0,3.0,0.333,0.495,-0.162,,,,,,0.0,1.0,0.0,0.544,-0.544,2.0,8.0,0.25,0.331,-0.081,11.0,5.0,6.0,5.0,0.0,0.0,0.0,1.0,0.0,1.0,1.0,0.0,0.0,3.0,3.0,2.0,0.0,0.0,1.0,1.0,0.0,0,0,0,0,0.0,0.0,0,0.0,0,0.0,0,0.0,0,0.0,14941,2.8,1.4,1.4,4.33,4.99,3.82,2019,20181112,False
1628382,Justin Jackson,Justin,1610612742,DAL,24.0,1,1,0,1.0,19.166666666666668,0,2,0.0,0,0,0.0,0,0,0.0,0,4,4,2,0,1,0,0,1,0,0,1,10.8,0,0,8.0,1,1,1,1,125,166,161,166,104,144,104,108,113,108,96,48,68,70,129,34,68,1,29,135,171,80,138,17,2,147,1,103.0,113.2,115.8,115.8,108.1,113.2,113.2,5.0,2.6,2.6,0.105,0.0,50.0,0.0,0.19,0.1,0.0,0.0,0.0,0.0,0.045,0.046,98.47,95.17,79.3,95.17,0.048,38,0.0,2.0,64,57,57,101,121,121,79,84,84,102,101,4,96,41,64,1,1,166,171,176,176,122,158,158,136,166,161,18,12,0.0,0,3,5,2,0.111,0.111,1,0,1,0.0,0,0,0.0,0,0.0,0,0.0,0,0.0,0,0.0,0,0.0,0,21,14,0.8,2.24,1.52,0.0,1,0,0,0.0,0.0,0.0,0.0,0.0,0.0,0.0,0.0,0.0,0.0,0.0,0.0,4.0,0.0,5.0,0.8,1.0,1.0,8.6,0.0,4.0,0.0,5.0,0.8,1.0,1.0,8.6,,,,,,,,,,,,,,,0.5,0.0,1.0,0.0,0.0,0.5,0.0,1.0,0.0,0.0,0.0,0.0,,0.5,0.0,1.0,0.0,0.0,0.5,0.0,1.0,0.0,0.0,0.0,0.0,,,,,,,,,,,,,,,0,2,0.0,0,,,,0.0,0,0.0,0,0.0,0,0.0,0,0.0,0.0,0.0,0.0,0.0,0.0,0.0,0.0,0.0,2.0,0.0,,,,0.0,0.0,0.0,0.0,0.0,0.0,0.0,0.0,0.0,0.0,0.0,0.0,DAL,0.0,0.0,0.0,0.0,0.0,0.0,0.0,0.0,0.0,0.0,2.0,0.0,0.0,0.0,0.0,0.0,0.0,0.0,,,,,,,0.0,0.0,0.0,0,0,,,,,4.0,8.0,0.5,0.479,0.021,0.0,1.0,0.0,0.316,-0.316,4.0,7.0,0.571,0.493,0.079,2.0,4.0,0.5,0.611,-0.111,4.0,7.0,0.571,0.553,0.018,0.0,1.0,0.0,0.333,-0.333,5.0,4.0,1.0,1.0,0.0,0.0,0.0,1.0,2.0,3.0,0.333,0.667,0.0,0.0,0.0,0.0,0.0,0.0,0.0,0.0,0.0,0,0,0,0,0.0,0.0,0,0.0,0,0.0,0,0.0,0,0.0,7691,1.5,0.8,0.6,4.48,4.83,3.54,2019,20181112,False
1626159,Justise Winslow,Justise,1610612748,MIA,23.0,1,0,1,0.0,20.866666666666667,2,5,0.4,1,1,1.0,0,0,0.0,0,3,3,3,0,0,0,0,2,0,5,-18,13.1,0,0,12.0,1,93,93,93,115,119,116,110,56,118,1,108,113,108,96,69,85,42,129,95,68,1,78,135,131,181,127,17,2,127,1,100.0,104.9,102.2,102.2,144.7,142.2,142.2,-39.7,-40.0,-40.0,0.214,0.0,37.5,0.0,0.176,0.077,0.0,0.0,0.5,0.5,0.104,0.109,101.31,103.51,86.26,103.51,0.065,45,2.0,5.0,99,104,104,180,180,180,178,175,175,47,101,17,96,49,83,1,1,79,105,159,157,87,64,64,116,119,116,41,28,0.0,0,6,9,3,0.073,0.073,7,1,3,0.333,0,0,0.0,2,0.286,4,0.571,1,0.143,0,0.0,0,0.0,5,45,14,1.8,2.46,1.67,0.111,0,0,0,0.0,0.0,0.0,0.0,0.0,0.0,2.0,0.0,0.0,0.0,0.0,0.0,3.0,0.0,4.0,0.75,0.0,0.75,3.8,0.0,3.0,0.0,5.0,0.6,0.0,0.6,3.8,,,,,,,,,,,,,,,0.6,0.0,3.0,0.0,0.0,0.6,0.0,3.0,0.0,0.0,0.0,0.0,,0.2,1.0,1.0,1.0,1.0,0.2,1.0,1.0,1.0,0.0,0.0,0.0,,0.2,1.0,1.0,1.0,1.5,0.0,0.0,0.0,,0.2,1.0,1.0,1.0,0,0,,0,0.0,0.0,,,3,1.0,0,0.0,0,0.0,0,0.0,0.5,1.0,4.0,0.25,0.0,0.0,0.0,0.0,0.0,0.0,0.0,0.0,0.0,0.0,0.0,0.0,1.0,1.0,1.0,0.0,0.0,0.0,0.0,0.0,0.0,MIA,1.0,4.0,0.25,0.0,0.0,0.0,0.0,0.0,0.0,0.0,0.0,0.0,1.0,1.0,1.0,0.0,0.0,0.0,0.0,0.0,0.0,,,,0.0,0.0,0.0,1,1,1.0,1.0,1.0,1.5,5.0,10.0,0.5,0.484,0.016,2.0,5.0,0.4,0.358,0.042,3.0,5.0,0.6,0.557,0.043,1.0,1.0,1.0,0.662,0.338,2.0,3.0,0.667,0.61,0.057,3.0,7.0,0.429,0.337,0.091,5.0,2.0,3.0,1.0,0.0,0.0,0.0,0.0,0.0,0.0,0.0,0.0,0.0,4.0,4.0,1.0,1.0,0.0,1.0,1.0,1.0,0,0,0,0,0.0,0.0,0,0.0,0,0.0,0,0.0,0,0.0,8643,1.6,0.9,0.7,4.33,5.15,3.6,2019,20181112,False
1626157,Karl-Anthony Towns,Karl-Anthony,1610612750,MIN,23.0,1,1,0,1.0,37.2,9,11,0.818,2,2,1.0,5,6,0.833,2,19,21,3,10,1,2,0,5,12,25,7,53.7,1,0,57.0,1,1,1,1,16,11,51,7,24,92,1,15,15,57,18,1,1,42,1,34,6,1,171,1,9,41,5,1,2,3,1,105.0,110.1,111.3,111.3,104.3,103.8,103.8,5.8,7.5,7.5,0.13,0.3,11.5,0.071,0.345,0.253,38.5,37.5,0.909,0.916,0.256,0.266,102.84,102.58,85.48,102.58,0.211,80,9.0,11.0,78,78,78,85,84,84,76,67,67,83,99,110,36,10,7,186,186,12,10,35,34,69,77,77,10,11,51,59,45,0.0,1,5,8,4,0.051,0.068,1,0,1,0.0,0,0,0.0,0,0.0,0,0.0,0,0.0,0,0.0,0,0.0,25,81,41,2.2,1.65,0.37,0.309,5,17,9,0.0,0.765,0.778,2.0,0.0,1.0,8.0,0.25,0.0,0.25,5.6,6.0,13.0,0.316,25.0,0.76,0.0,0.76,5.3,8.0,13.0,0.381,32.0,0.656,0.0,0.656,5.4,1.0,0.273,3.0,3.0,1.0,1.0,0.273,3.0,3.0,1.0,0.0,0.0,0.0,,0.364,3.0,4.0,0.75,0.75,0.364,3.0,4.0,0.75,0.0,0.0,0.0,,0.182,2.0,2.0,1.0,1.25,0.091,1.0,1.0,1.0,0.091,1.0,1.0,1.0,0.182,1.0,2.0,0.5,0.75,0.091,0.0,1.0,0.0,0.091,1.0,1.0,1.0,0,2,0.0,0,0.0,0.0,,0.0,8,1.0,7,1.0,13,1.0,0,0.0,0.909,3.0,3.0,1.0,3.0,3.0,1.0,1.0,3.0,0.333,0.0,0.0,0.0,0.0,0.0,0.0,2.0,2.0,1.0,0.0,0.0,0.0,0.0,0.0,0.0,MIN,4.0,4.0,1.0,2.0,2.0,1.0,1.0,1.0,1.0,0.0,2.0,0.0,0.0,0.0,0.0,2.0,2.0,1.0,0.0,0.0,0.0,0.0,0.0,0.0,0.0,0.0,0.0,2,2,2.0,2.0,1.0,1.5,9.0,26.0,0.346,0.45,-0.104,5.0,13.0,0.385,0.375,0.009,4.0,13.0,0.308,0.488,-0.18,4.0,8.0,0.5,0.532,-0.032,4.0,10.0,0.4,0.516,-0.116,5.0,13.0,0.385,0.384,0.0,15.0,9.0,6.0,2.0,0.0,1.0,2.0,0.0,0.0,0.0,0.0,0.0,3.0,5.0,8.0,6.0,3.0,0.375,0.625,0.857,0.429,6,6,0,0,0.0,0.765,5,0.294,1,0.059,5,0.294,0,0.0,14204,2.7,1.4,1.3,4.03,4.3,3.79,2019,20181112,False
202695,Kawhi Leonard,Kawhi,1610612761,TOR,28.0,1,0,1,0.0,33.78333333333333,7,20,0.35,1,6,0.167,5,5,1.0,2,4,6,2,1,1,1,1,2,4,20,-15,35.2,0,0,33.0,1,93,93,93,36,27,5,124,56,21,100,15,24,1,18,48,40,70,71,34,18,118,78,24,26,174,34,17,2,34,1,101.0,109.6,114.7,114.7,131.3,136.8,136.8,-21.7,-22.1,-22.1,0.091,2.0,8.3,0.049,0.129,0.083,4.2,4.0,0.375,0.45,0.275,0.286,100.88,96.62,80.51,96.62,0.079,68,7.0,20.0,79,59,59,168,175,175,153,154,154,113,25,121,66,78,77,62,62,132,130,24,22,93,141,141,99,27,5,27,41,0.0,2,8,6,4,0.074,0.148,17,1,8,0.125,0,0,0.0,3,0.176,7,0.412,1,0.059,1,0.059,0,0.0,20,54,41,3.6,4.03,3.52,0.37,1,6,4,2.0,0.833,1.5,0.0,2.0,0.0,7.0,0.286,1.0,0.333,18.7,0.0,4.0,0.0,5.0,0.8,0.0,0.8,5.8,0.0,6.0,0.0,10.0,0.6,1.0,0.667,10.1,1.0,0.1,0.0,2.0,0.0,0.0,0.1,0.0,2.0,0.0,0.0,0.0,0.0,,0.35,2.0,7.0,0.286,0.286,0.35,2.0,7.0,0.286,0.0,0.0,0.0,,0.3,3.0,6.0,0.5,0.583,0.15,2.0,3.0,0.667,0.15,1.0,3.0,0.333,0.25,2.0,5.0,0.4,0.4,0.1,2.0,2.0,1.0,0.15,0.0,3.0,0.0,2,10,0.2,4,0.0,5.0,0.0,0.2,7,1.0,6,1.0,5,1.0,2,1.0,0.375,2.0,6.0,0.333,1.0,5.0,0.2,3.0,3.0,1.0,0.0,0.0,0.0,0.0,0.0,0.0,1.0,6.0,0.167,0.0,0.0,0.0,0.0,0.0,0.0,TOR,2.0,7.0,0.286,0.0,1.0,0.0,2.0,4.0,0.5,1.0,1.0,1.0,1.0,1.0,1.0,1.0,6.0,0.167,,,,,,,0.0,0.0,0.0,2,2,1.0,1.0,1.0,1.25,5.0,10.0,0.5,0.488,0.012,1.0,2.0,0.5,0.379,0.122,4.0,8.0,0.5,0.521,-0.021,3.0,4.0,0.75,0.688,0.062,3.0,4.0,0.75,0.635,0.116,2.0,5.0,0.4,0.347,0.053,8.0,7.0,1.0,3.0,0.0,0.0,0.0,2.0,0.0,2.0,1.0,0.0,0.0,2.0,2.0,2.0,0.0,0.0,1.0,1.0,0.0,1,1,2,2,1.0,0.833,2,0.333,1,0.167,0,0.0,1,0.167,13679,2.6,1.4,1.2,4.33,4.82,3.86,2019,20181112,False
203482,Kelly Olynyk,Kelly,1610612748,MIA,28.0,1,0,1,0.0,22.183333333333334,3,5,0.6,1,3,0.333,6,6,1.0,1,6,7,2,4,1,0,0,5,6,13,8,23.4,0,0,25.0,1,93,93,93,106,85,116,33,56,71,59,10,15,1,45,25,31,70,4,34,68,1,171,11,61,36,72,17,2,61,1,100.0,127.2,124.4,124.4,107.8,104.3,104.3,19.3,20.1,20.1,0.125,0.5,14.3,0.067,0.24,0.175,28.6,29.3,0.7,0.851,0.245,0.247,95.81,98.45,82.04,98.45,0.138,45,3.0,5.0,23,30,30,100,86,86,34,35,35,85,85,90,42,34,22,178,181,36,14,41,43,151,124,124,52,85,116,36,29,1.0,0,3,5,3,0.056,0.083,6,2,2,1.0,4,4,1.0,8,1.333,0,0.0,0,0.0,2,0.333,2,0.333,13,48,24,1.6,2.06,1.08,0.271,2,3,3,0.0,0.0,0.0,1.0,0.0,1.0,1.0,1.0,0.0,1.0,2.2,1.0,5.0,0.167,11.0,0.545,1.0,0.6,4.1,2.0,5.0,0.286,12.0,0.583,1.0,0.636,3.8,,,,,,,,,,,,,,,0.2,1.0,1.0,1.0,1.0,0.2,1.0,1.0,1.0,0.0,0.0,0.0,,0.4,2.0,2.0,1.0,1.25,0.2,1.0,1.0,1.0,0.2,1.0,1.0,1.0,0.4,0.0,2.0,0.0,0.0,0.0,0.0,0.0,,0.4,0.0,2.0,0.0,0,0,,0,0.0,0.0,,,3,0.333,0,0.0,0,0.0,0,0.0,0.7,1.0,1.0,1.0,1.0,1.0,1.0,0.0,0.0,0.0,0.0,1.0,0.0,1.0,1.0,1.0,0.0,1.0,0.0,0.0,0.0,0.0,1.0,2.0,0.5,MIA,1.0,1.0,1.0,1.0,1.0,1.0,0.0,0.0,0.0,0.0,0.0,0.0,1.0,2.0,0.5,0.0,1.0,0.0,0.0,0.0,0.0,0.0,0.0,0.0,0.0,0.0,0.0,1,3,1.0,3.0,0.333,0.5,6.0,10.0,0.6,0.426,0.174,3.0,3.0,1.0,0.358,0.642,3.0,7.0,0.429,0.487,-0.059,3.0,5.0,0.6,0.598,0.002,3.0,6.0,0.5,0.57,-0.07,3.0,4.0,0.75,0.364,0.387,7.0,5.0,2.0,3.0,0.0,1.0,2.0,0.0,1.0,1.0,0.0,1.0,1.0,3.0,4.0,1.0,0.0,0.25,0.75,1.0,0.0,0,0,0,0,0.0,0.0,2,0.667,1,0.333,0,0.0,0,0.0,8803,1.7,0.9,0.8,4.26,5.03,3.64,2019,20181112,False
1626162,Kelly Oubre Jr.,Kelly,1610612756,PHX,23.0,1,1,0,1.0,21.483333333333334,0,5,0.0,0,3,0.0,1,2,0.5,1,2,3,1,0,1,0,1,1,2,1,12,9.1,0,0,7.0,1,1,1,1,111,166,116,166,104,71,104,82,61,79,45,89,85,100,129,34,68,118,29,69,168,21,149,17,2,155,1,98.0,130.3,129.3,129.3,98.2,100.0,100.0,32.1,29.3,29.3,0.067,0.0,14.3,0.067,0.095,0.083,0.0,0.0,0.0,0.085,0.125,0.135,92.1,91.61,76.34,91.61,-0.022,41,0.0,5.0,17,19,19,60,59,59,16,21,21,121,101,90,42,103,77,1,1,166,170,142,138,173,177,177,174,166,116,14,11,0.0,0,3,3,1,0.071,0.071,3,0,1,0.0,1,2,0.5,1,0.333,1,0.333,1,0.333,0,0.0,1,0.333,1,22,13,0.7,1.83,1.0,0.045,0,0,1,0.0,0.0,0.0,0.0,1.0,0.0,3.0,0.333,0.0,0.333,11.9,1.0,1.0,0.5,3.0,0.667,0.0,0.667,2.7,1.0,2.0,0.333,6.0,0.5,0.0,0.5,5.8,,,,,,,,,,,,,,,0.4,0.0,2.0,0.0,0.0,0.4,0.0,2.0,0.0,0.0,0.0,0.0,,0.4,0.0,2.0,0.0,0.0,0.0,0.0,0.0,,0.4,0.0,2.0,0.0,0.2,0.0,1.0,0.0,0.0,0.0,0.0,0.0,,0.2,0.0,1.0,0.0,0,0,,0,0.0,0.0,,,0,0.0,0,0.0,0,0.0,0,0.0,0.0,0.0,2.0,0.0,0.0,0.0,0.0,0.0,0.0,0.0,0.0,1.0,0.0,0.0,2.0,0.0,0.0,0.0,0.0,0.0,0.0,0.0,0.0,3.0,0.0,PHX,0.0,2.0,0.0,0.0,0.0,0.0,0.0,0.0,0.0,0.0,0.0,0.0,0.0,3.0,0.0,0.0,0.0,0.0,,,,,,,0.0,0.0,0.0,0,3,0.0,3.0,0.0,0.0,3.0,8.0,0.375,0.427,-0.052,2.0,4.0,0.5,0.372,0.128,1.0,4.0,0.25,0.479,-0.229,,,,,,,,,,,3.0,8.0,0.375,0.388,-0.013,3.0,2.0,1.0,2.0,0.0,0.0,0.0,1.0,1.0,2.0,0.5,0.5,0.0,0.0,0.0,0.0,0.0,0.0,0.0,0.0,0.0,0,0,0,0,0.0,0.0,0,0.0,0,0.0,0,0.0,0,0.0,8414,1.6,0.8,0.8,4.11,4.01,4.21,2019,20181112,False
201142,Kevin Durant,Kevin,1610612744,GSW,30.0,1,0,1,0.0,39.016666666666666,10,24,0.417,2,4,0.5,11,13,0.846,1,10,11,10,4,1,2,1,6,9,33,4,66.2,1,1,62.0,1,93,93,93,8,7,2,107,24,49,31,3,3,56,45,10,13,4,4,34,6,118,184,3,2,55,1,1,1,1,1,112.0,117.0,113.9,113.9,105.9,110.3,110.3,11.1,3.7,3.7,0.417,2.5,23.3,0.029,0.256,0.149,9.3,9.1,0.458,0.555,0.388,0.407,97.29,96.57,80.48,96.57,0.183,79,10.0,24.0,52,66,66,91,110,110,57,79,79,9,23,52,89,25,36,102,99,112,88,2,2,138,142,142,22,7,2,54,71,0.0,1,14,23,11,0.185,0.204,20,4,7,0.571,6,6,1.0,15,0.75,7,0.35,3,0.15,1,0.05,3,0.15,33,92,43,7.1,4.6,3.79,0.359,2,3,1,0.0,0.0,0.0,0.0,1.0,0.0,5.0,0.2,1.0,0.25,29.2,2.0,8.0,0.2,18.0,0.556,2.0,0.625,5.3,2.0,9.0,0.182,21.0,0.524,3.0,0.611,7.4,1.0,0.083,1.0,2.0,0.5,0.5,0.083,1.0,2.0,0.5,0.0,0.0,0.0,,0.458,5.0,11.0,0.455,0.5,0.417,4.0,10.0,0.4,0.042,1.0,1.0,1.0,0.458,4.0,11.0,0.364,0.409,0.333,3.0,8.0,0.375,0.125,1.0,3.0,0.333,,,,,,,,,,,,,,6,15,0.4,13,1.0,3.0,0.333,0.433,3,1.0,0,0.0,0,0.0,0,0.0,0.458,2.0,6.0,0.333,2.0,5.0,0.4,4.0,9.0,0.444,0.0,0.0,0.0,0.0,0.0,0.0,2.0,4.0,0.5,0.0,0.0,0.0,0.0,0.0,0.0,GSW,2.0,6.0,0.333,2.0,4.0,0.5,1.0,2.0,0.5,3.0,8.0,0.375,0.0,1.0,0.0,2.0,2.0,1.0,0.0,1.0,0.0,,,,0.0,0.0,0.0,1,1,1.0,1.0,1.0,1.5,2.0,7.0,0.286,0.444,-0.158,1.0,3.0,0.333,0.409,-0.076,1.0,4.0,0.25,0.451,-0.201,1.0,3.0,0.333,0.522,-0.189,1.0,4.0,0.25,0.484,-0.234,1.0,3.0,0.333,0.41,-0.077,4.0,2.0,2.0,2.0,1.0,1.0,2.0,0.0,1.0,1.0,0.0,1.0,0.0,0.0,0.0,0.0,0.0,0.0,0.0,0.0,0.0,0,1,0,0,0.0,0.0,1,0.333,0,0.0,0,0.0,0,0.0,14900,2.8,1.5,1.3,4.08,4.72,3.53,2019,20181112,False
1626172,Kevon Looney,Kevon,1610612744,GSW,23.0,1,0,1,0.0,26.148333333333333,4,7,0.571,0,0,0.0,1,2,0.5,2,2,4,2,0,0,2,0,4,1,9,5,22.8,0,0,19.0,1,93,93,93,82,65,97,46,104,144,104,82,61,79,18,89,68,70,129,95,6,1,145,102,90,52,75,17,2,92,1,112.0,116.3,114.3,114.3,98.9,103.5,103.5,17.4,10.8,10.8,0.105,0.0,20.0,0.077,0.074,0.075,0.0,0.0,0.571,0.571,0.131,0.131,105.29,103.72,86.43,103.72,0.066,56,4.0,7.0,54,61,61,67,81,81,37,58,58,102,101,61,32,120,85,1,1,68,79,140,142,51,62,62,115,65,97,25,26,0.0,0,2,5,2,0.08,0.08,0,0,0,0.0,0,0,0.0,0,0.0,0,0.0,0,0.0,0,0.0,0,0.0,9,36,24,0.8,1.31,0.36,0.25,2,0,5,0.0,0.0,0.8,1.0,1.0,0.5,2.0,1.0,0.0,1.0,2.5,0.0,2.0,0.0,6.0,0.333,0.0,0.333,6.9,1.0,3.0,0.25,8.0,0.5,0.0,0.5,4.7,1.0,0.143,1.0,1.0,1.0,1.0,0.143,1.0,1.0,1.0,0.0,0.0,0.0,,0.571,1.0,4.0,0.25,0.25,0.571,1.0,4.0,0.25,0.0,0.0,0.0,,,,,,,,,,,,,,,0.286,2.0,2.0,1.0,1.0,0.286,2.0,2.0,1.0,0.0,0.0,0.0,,1,1,1.0,2,,,,1.0,0,0.0,4,0.5,0,0.0,0,0.0,0.571,3.0,6.0,0.5,0.0,0.0,0.0,1.0,1.0,1.0,0.0,0.0,0.0,0.0,0.0,0.0,0.0,0.0,0.0,0.0,0.0,0.0,0.0,0.0,0.0,GSW,3.0,6.0,0.5,0.0,0.0,0.0,0.0,0.0,0.0,1.0,1.0,1.0,0.0,0.0,0.0,0.0,0.0,0.0,0.0,0.0,0.0,,,,0.0,0.0,0.0,0,0,,,,,7.0,18.0,0.389,0.469,-0.08,0.0,2.0,0.0,0.375,-0.375,7.0,16.0,0.438,0.493,-0.055,3.0,9.0,0.333,0.594,-0.261,3.0,9.0,0.333,0.547,-0.214,3.0,7.0,0.429,0.383,0.045,13.0,11.0,2.0,0.0,0.0,1.0,3.0,1.0,0.0,1.0,1.0,0.0,1.0,4.0,5.0,2.0,0.0,0.2,0.8,1.0,0.0,0,0,0,0,0.0,0.0,0,0.0,0,0.0,0,0.0,0,0.0,10889,2.1,1.0,1.0,4.49,4.48,4.09,2019,20181112,False
203920,Khem Birch,Khem,1610612753,ORL,26.0,1,0,1,0.0,4.833333333333333,0,0,0.0,0,0,0.0,0,0,0.0,0,0,0,0,0,0,0,0,2,0,0,-1,0.0,0,0,0.0,1,93,93,93,174,166,179,166,104,144,104,108,113,108,96,155,166,137,129,95,68,1,78,135,171,100,181,17,2,181,1,98.0,122.2,122.2,122.2,157.1,150.0,150.0,-34.8,-27.8,-27.8,0.0,0.0,0.0,0.0,0.0,0.0,0.0,0.0,0.0,0.0,0.0,0.0,82.63,84.41,70.34,84.41,-0.121,9,0.0,0.0,33,41,41,181,182,182,177,169,169,137,101,137,96,155,166,1,1,166,171,181,181,181,182,182,184,166,179,2,1,0.0,0,0,0,0,0.0,0.0,0,0,0,0.0,0,0,0.0,0,0.0,0,0.0,0,0.0,0,0.0,0,0.0,0,2,1,0.1,2.3,1.0,0.0,1,0,0,0.0,0.0,0.0,,,,,,,,,,,,,,,,,,,,,,,,,,,,,,,,,,,,,,,,,,,,,,,,,,,,,,,,,,,,,,,,,,,,,,,,,,,,,,0,0,,0,,,,,0,0.0,0,0.0,0,0.0,0,0.0,0.0,0.0,0.0,0.0,0.0,0.0,0.0,0.0,0.0,0.0,0.0,0.0,0.0,,,,0.0,0.0,0.0,,,,0.0,0.0,0.0,ORL,0.0,0.0,0.0,0.0,0.0,0.0,0.0,0.0,0.0,0.0,0.0,0.0,0.0,0.0,0.0,0.0,0.0,0.0,,,,,,,,,,0,0,,,,,3.0,4.0,0.75,0.479,0.271,1.0,2.0,0.5,0.369,0.132,2.0,2.0,1.0,0.556,0.445,,,,,,,,,,,1.0,2.0,0.5,0.372,0.128,4.0,2.0,2.0,0.0,0.0,1.0,3.0,0.0,0.0,0.0,0.0,0.0,0.0,0.0,0.0,0.0,0.0,0.0,0.0,0.0,0.0,0,0,0,0,0.0,0.0,0,0.0,0,0.0,0,0.0,0,0.0,1934,0.4,0.2,0.1,4.61,4.06,2.66,2019,20181112,False
202691,Klay Thompson,Klay,1610612744,GSW,29.0,1,0,1,0.0,45.32833333333333,13,31,0.419,5,16,0.313,0,0,0.0,1,2,3,2,3,2,1,1,2,3,31,-4,43.6,0,0,47.0,1,93,93,93,1,1,1,106,3,1,75,108,113,108,45,89,85,70,18,10,18,118,78,37,4,123,14,17,2,8,1,112.0,100.9,99.0,99.0,98.7,104.2,104.2,2.2,-5.2,-5.2,0.08,0.67,5.6,0.022,0.043,0.032,8.3,8.3,0.5,0.5,0.318,0.323,104.03,102.19,85.16,102.19,0.088,97,13.0,31.0,115,122,122,66,85,85,92,114,114,117,80,135,95,145,141,92,93,79,105,6,9,59,81,81,94,1,1,24,48,0.0,0,3,4,2,0.083,0.083,2,0,0,0.0,0,0,0.0,0,0.0,2,1.0,1,0.5,0,0.0,0,0.0,31,58,42,1.9,2.0,1.22,0.534,2,5,1,0.0,1.2,0.0,1.0,0.0,1.0,2.0,0.5,0.0,0.5,1.9,0.0,2.0,0.0,7.0,0.286,2.0,0.4,9.8,1.0,2.0,0.333,8.0,0.375,2.0,0.5,7.2,1.0,0.032,0.0,1.0,0.0,0.0,0.032,0.0,1.0,0.0,0.0,0.0,0.0,,0.484,6.0,15.0,0.4,0.4,0.323,6.0,10.0,0.6,0.161,0.0,5.0,0.0,0.387,5.0,12.0,0.417,0.542,0.129,2.0,4.0,0.5,0.258,3.0,8.0,0.375,0.097,2.0,3.0,0.667,1.0,0.0,0.0,0.0,,0.097,2.0,3.0,0.667,5,8,0.625,11,1.0,1.0,1.0,0.688,16,0.3,0,0.0,6,0.75,0,0.0,0.5,2.0,4.0,0.5,0.0,0.0,0.0,6.0,11.0,0.545,0.0,0.0,0.0,1.0,3.0,0.333,4.0,13.0,0.308,0.0,0.0,0.0,1.0,3.0,0.333,GSW,2.0,4.0,0.5,0.0,0.0,0.0,2.0,3.0,0.667,3.0,7.0,0.429,3.0,8.0,0.375,3.0,9.0,0.333,0.0,0.0,0.0,,,,0.0,0.0,0.0,6,20,4.0,15.0,0.267,0.4,9.0,16.0,0.563,0.461,0.102,2.0,4.0,0.5,0.395,0.105,7.0,12.0,0.583,0.481,0.103,4.0,5.0,0.8,0.587,0.213,5.0,8.0,0.625,0.515,0.11,3.0,6.0,0.5,0.389,0.111,5.0,4.0,1.0,3.0,0.0,1.0,2.0,0.0,2.0,2.0,0.0,1.0,0.0,1.0,1.0,0.0,0.0,0.0,1.0,0.0,0.0,3,4,0,0,0.0,1.2,0,0.0,0,0.0,1,0.2,0,0.0,18166,3.4,1.8,1.7,4.24,4.97,3.86,2019,20181112,False
203937,Kyle Anderson,Kyle,1610612763,MEM,25.0,1,0,1,0.0,37.53333333333333,3,11,0.273,0,1,0.0,1,2,0.5,2,11,13,5,1,1,0,2,4,2,7,-6,32.1,0,0,27.0,1,93,93,93,12,85,51,142,104,118,104,82,61,79,18,9,10,17,71,34,68,170,145,69,111,134,43,17,2,52,1,96.0,87.2,88.9,88.9,97.1,94.6,94.6,-9.8,-5.7,-5.7,0.238,5.0,27.8,0.051,0.256,0.159,5.6,5.6,0.273,0.295,0.159,0.158,93.02,93.36,77.8,93.36,0.118,72,3.0,11.0,163,158,158,55,45,45,126,115,115,39,4,36,64,26,32,70,71,154,157,118,122,169,170,170,68,85,51,54,40,0.0,0,8,11,5,0.093,0.093,5,0,3,0.0,0,0,0.0,0,0.0,2,0.4,0,0.0,0,0.0,0,0.0,7,69,42,2.4,2.07,0.9,0.101,2,0,5,0.0,0.0,1.0,1.0,1.0,0.5,8.0,0.25,0.0,0.25,5.8,1.0,10.0,0.091,15.0,0.733,0.0,0.733,6.6,2.0,11.0,0.154,20.0,0.65,0.0,0.65,6.5,1.0,0.182,1.0,2.0,0.5,0.5,0.182,1.0,2.0,0.5,0.0,0.0,0.0,,0.273,1.0,3.0,0.333,0.333,0.273,1.0,3.0,0.333,0.0,0.0,0.0,,0.364,1.0,4.0,0.25,0.25,0.364,1.0,4.0,0.25,0.0,0.0,0.0,,0.182,0.0,2.0,0.0,0.0,0.091,0.0,1.0,0.0,0.091,0.0,1.0,0.0,0,1,0.0,0,0.0,0.0,,0.0,0,0.0,5,0.667,0,0.0,0,0.0,0.273,3.0,6.0,0.5,0.0,2.0,0.0,0.0,2.0,0.0,0.0,0.0,0.0,0.0,0.0,0.0,0.0,1.0,0.0,0.0,0.0,0.0,0.0,0.0,0.0,MEM,3.0,6.0,0.5,0.0,1.0,0.0,0.0,1.0,0.0,0.0,1.0,0.0,0.0,1.0,0.0,0.0,1.0,0.0,,,,,,,0.0,0.0,0.0,0,3,0.0,1.0,0.0,0.0,4.0,12.0,0.333,0.46,-0.127,0.0,5.0,0.0,0.333,-0.333,4.0,7.0,0.571,0.566,0.006,3.0,4.0,0.75,0.669,0.082,3.0,5.0,0.6,0.623,-0.023,0.0,5.0,0.0,0.338,-0.338,7.0,2.0,5.0,3.0,0.0,0.0,0.0,0.0,1.0,1.0,0.0,1.0,1.0,3.0,4.0,0.0,0.0,0.25,0.75,0.0,0.0,0,0,0,0,0.0,0.0,0,0.0,0,0.0,0,0.0,0,0.0,15200,2.9,1.5,1.4,4.32,4.42,4.22,2019,20181112,False
200768,Kyle Lowry,Kyle,1610612761,TOR,33.0,1,0,1,0.0,33.13333333333333,1,9,0.111,0,6,0.0,2,2,1.0,0,2,2,11,2,0,0,1,1,3,4,-17,20.9,0,0,17.0,1,93,93,93,40,145,67,165,104,21,104,50,61,1,96,89,105,2,38,95,68,118,29,37,141,180,89,17,2,101,1,101.0,108.3,113.4,113.4,131.3,136.8,136.8,-23.0,-23.3,-23.3,0.407,5.5,47.8,0.0,0.065,0.028,8.7,8.7,0.111,0.202,0.154,0.15,102.13,97.79,81.49,97.79,0.039,67,1.0,9.0,87,68,68,168,175,175,156,158,158,11,3,15,96,128,149,95,96,165,168,120,127,76,131,131,143,145,67,59,58,0.0,0,16,27,11,0.186,0.186,10,1,3,0.333,2,2,1.0,4,0.4,6,0.6,2,0.2,0,0.0,1,0.1,4,72,27,5.2,4.3,3.72,0.056,0,0,1,0.0,0.0,0.0,0.0,0.0,0.0,4.0,0.0,0.0,0.0,0.0,1.0,1.0,0.5,5.0,0.4,0.0,0.4,5.5,1.0,1.0,0.5,9.0,0.222,0.0,0.222,5.5,,,,,,,,,,,,,,,0.333,1.0,3.0,0.333,0.333,0.333,1.0,3.0,0.333,0.0,0.0,0.0,,0.333,0.0,3.0,0.0,0.0,0.0,0.0,0.0,,0.333,0.0,3.0,0.0,0.333,0.0,3.0,0.0,0.0,0.0,0.0,0.0,,0.333,0.0,3.0,0.0,0,2,0.0,0,0.0,2.0,0.0,0.0,0,0.0,0,0.0,0,0.0,0,0.0,0.111,1.0,2.0,0.5,0.0,1.0,0.0,0.0,0.0,0.0,0.0,1.0,0.0,0.0,0.0,0.0,0.0,5.0,0.0,0.0,0.0,0.0,0.0,1.0,0.0,TOR,1.0,2.0,0.5,0.0,1.0,0.0,0.0,0.0,0.0,0.0,0.0,0.0,0.0,1.0,0.0,0.0,5.0,0.0,,,,,,,0.0,0.0,0.0,0,4,0.0,4.0,0.0,0.0,6.0,10.0,0.6,0.459,0.141,2.0,4.0,0.5,0.327,0.173,4.0,6.0,0.667,0.531,0.136,2.0,4.0,0.5,0.646,-0.146,3.0,5.0,0.6,0.584,0.016,3.0,5.0,0.6,0.333,0.267,3.0,1.0,2.0,2.0,0.0,0.0,0.0,1.0,0.0,1.0,1.0,0.0,0.0,1.0,1.0,0.0,0.0,0.0,1.0,0.0,0.0,0,0,0,0,0.0,0.0,0,0.0,0,0.0,0,0.0,0,0.0,12514,2.4,1.2,1.1,4.06,4.22,3.59,2019,20181112,False
200746,LaMarcus Aldridge,LaMarcus,1610612759,SAS,33.0,1,0,1,0.0,33.766666666666666,6,12,0.5,0,0,0.0,2,2,1.0,3,15,18,0,4,0,3,0,1,3,14,-18,40.6,1,0,38.0,1,93,93,93,37,37,40,59,104,144,104,50,61,1,10,3,3,137,4,95,3,1,29,37,50,181,19,1,2,18,1,97.0,85.7,88.4,88.4,113.8,111.3,111.3,-28.1,-22.9,-22.9,0.0,0.0,0.0,0.079,0.484,0.261,23.5,23.7,0.5,0.543,0.218,0.216,99.9,99.51,82.92,99.51,0.146,69,6.0,12.0,165,159,159,126,114,114,165,156,156,137,101,137,31,3,4,168,168,79,90,57,64,102,109,109,42,37,40,49,35,0.0,1,1,0,1,0.0,0.02,3,1,2,0.5,0,0,0.0,2,0.667,0,0.0,0,0.0,1,0.333,0,0.0,14,67,38,2.3,2.04,0.87,0.209,4,12,6,1.0,0.5,0.667,3.0,0.0,1.0,7.0,0.429,0.0,0.429,2.8,2.0,13.0,0.133,17.0,0.882,1.0,0.938,4.3,5.0,13.0,0.278,22.0,0.818,1.0,0.857,4.1,1.0,0.167,0.0,2.0,0.0,0.0,0.167,0.0,2.0,0.0,0.0,0.0,0.0,,0.333,1.0,4.0,0.25,0.25,0.333,1.0,4.0,0.25,0.0,0.0,0.0,,0.417,4.0,5.0,0.8,0.8,0.417,4.0,5.0,0.8,0.0,0.0,0.0,,0.083,1.0,1.0,1.0,1.0,0.083,1.0,1.0,1.0,0.0,0.0,0.0,,3,6,0.5,6,,,,0.5,4,1.0,4,0.5,6,0.6,4,0.667,0.5,1.0,2.0,0.5,0.0,2.0,0.0,5.0,8.0,0.625,0.0,0.0,0.0,0.0,0.0,0.0,0.0,0.0,0.0,0.0,0.0,0.0,0.0,0.0,0.0,SAS,1.0,4.0,0.25,1.0,1.0,1.0,1.0,3.0,0.333,2.0,3.0,0.667,1.0,1.0,1.0,0.0,0.0,0.0,,,,,,,0.0,0.0,0.0,2,2,,,,1.0,11.0,20.0,0.55,0.504,0.046,1.0,1.0,1.0,0.36,0.64,10.0,19.0,0.526,0.523,0.004,4.0,10.0,0.4,0.615,-0.215,5.0,12.0,0.417,0.574,-0.158,4.0,6.0,0.667,0.388,0.278,15.0,15.0,0.0,1.0,0.0,2.0,4.0,0.0,0.0,0.0,0.0,0.0,1.0,3.0,4.0,1.0,1.0,0.25,0.75,1.0,1.0,3,5,0,0,0.0,0.5,4,0.333,0,0.0,3,0.25,0,0.0,13023,2.5,1.3,1.1,4.24,3.97,4.17,2019,20181112,False
1629013,Landry Shamet,Landry,1610612746,LAC,22.0,1,1,0,1.0,23.7,3,5,0.6,2,4,0.5,2,2,1.0,0,0,0,1,0,0,0,0,4,3,10,10,11.5,0,0,13.0,1,1,1,1,96,85,116,33,24,49,31,50,61,1,96,155,166,100,129,95,68,1,145,37,80,27,135,17,2,123,1,111.0,122.9,122.6,122.6,106.4,103.8,103.8,16.5,18.9,18.9,0.067,0.0,14.3,0.0,0.0,0.0,0.0,0.0,0.8,0.85,0.1,0.102,105.88,107.34,89.45,107.34,0.056,53,3.0,5.0,32,40,40,96,83,83,42,38,38,121,101,90,96,155,166,1,1,17,15,161,160,46,38,38,130,85,116,27,30,0.0,0,2,2,1,0.037,0.037,2,1,1,1.0,2,2,1.0,4,2.0,0,0.0,0,0.0,0,0.0,1,0.5,10,33,30,0.9,1.59,0.82,0.303,0,0,0,0.0,0.0,0.0,,,,,,,,,,,,,,,,,,,,,,,,,1.0,0.2,1.0,1.0,1.0,1.0,0.2,1.0,1.0,1.0,0.0,0.0,0.0,,,,,,,,,,,,,,,0.4,0.0,2.0,0.0,0.0,0.0,0.0,0.0,,0.4,0.0,2.0,0.0,0.4,2.0,2.0,1.0,1.5,0.0,0.0,0.0,,0.4,2.0,2.0,1.0,0,0,,0,0.0,0.0,,,6,0.5,0,0.0,0,0.0,0,0.0,0.8,1.0,1.0,1.0,0.0,0.0,0.0,0.0,0.0,0.0,1.0,1.0,1.0,0.0,1.0,0.0,1.0,2.0,0.5,0.0,0.0,0.0,1.0,2.0,0.5,LAC,1.0,1.0,1.0,0.0,0.0,0.0,0.0,0.0,0.0,0.0,0.0,0.0,1.0,3.0,0.333,1.0,1.0,1.0,0.0,0.0,0.0,0.0,0.0,0.0,0.0,0.0,0.0,2,4,2.0,4.0,0.5,0.75,2.0,8.0,0.25,0.421,-0.171,0.0,3.0,0.0,0.348,-0.348,2.0,5.0,0.4,0.461,-0.061,2.0,3.0,0.667,0.573,0.094,2.0,3.0,0.667,0.516,0.151,0.0,4.0,0.0,0.355,-0.355,7.0,5.0,2.0,0.0,0.0,2.0,4.0,0.0,0.0,0.0,0.0,0.0,0.0,0.0,0.0,0.0,0.0,0.0,0.0,0.0,0.0,0,0,0,0,0.0,0.0,0,0.0,0,0.0,0,0.0,0,0.0,11150,2.1,1.2,0.9,4.94,5.17,4.66,2019,20181112,False
203485,Lorenzo Brown,Lorenzo,1610612761,TOR,28.0,1,0,1,0.0,6.7,0,2,0.0,0,2,0.0,0,0,0.0,0,2,2,1,1,0,0,0,0,0,0,1,2.9,0,0,3.0,1,93,93,93,173,166,161,166,104,92,104,108,113,108,96,89,105,100,71,95,68,1,1,135,171,80,177,17,2,172,1,101.0,101.6,100.0,100.0,94.1,87.5,87.5,7.5,12.5,12.5,0.2,1.0,25.0,0.0,0.333,0.167,25.0,25.0,0.0,0.0,0.188,0.19,106.17,111.04,92.54,111.04,0.0,15,0.0,2.0,112,111,111,44,26,26,69,53,53,49,58,41,96,11,28,170,172,166,171,87,89,42,21,21,158,166,161,9,11,0.0,0,2,3,1,0.111,0.111,3,0,0,0.0,0,0,0.0,0,0.0,2,0.667,0,0.0,1,0.333,0,0.0,0,13,9,0.6,2.83,2.46,0.0,0,0,0,0.0,0.0,0.0,0.0,0.0,0.0,0.0,0.0,0.0,0.0,0.0,0.0,2.0,0.0,3.0,0.667,0.0,0.667,4.4,0.0,2.0,0.0,3.0,0.667,0.0,0.667,4.4,,,,,,,,,,,,,,,,,,,,,,,,,,,,,,,,,,,,,,,,,1.0,0.0,2.0,0.0,0.0,0.0,0.0,0.0,,1.0,0.0,2.0,0.0,0,0,,0,0.0,0.0,,,0,0.0,0,0.0,0,0.0,0,0.0,0.0,0.0,0.0,0.0,0.0,0.0,0.0,0.0,0.0,0.0,0.0,0.0,0.0,0.0,0.0,0.0,0.0,2.0,0.0,0.0,0.0,0.0,0.0,0.0,0.0,TOR,0.0,0.0,0.0,0.0,0.0,0.0,0.0,0.0,0.0,0.0,0.0,0.0,0.0,1.0,0.0,0.0,1.0,0.0,,,,,,,0.0,0.0,0.0,0,2,0.0,2.0,0.0,0.0,1.0,3.0,0.333,0.488,-0.154,1.0,1.0,1.0,0.365,0.635,0.0,2.0,0.0,0.564,-0.564,,,,,,0.0,1.0,0.0,0.702,-0.702,1.0,2.0,0.5,0.366,0.134,2.0,1.0,1.0,0.0,0.0,0.0,0.0,0.0,0.0,0.0,0.0,0.0,1.0,1.0,2.0,1.0,1.0,0.5,0.5,1.0,1.0,0,0,0,0,0.0,0.0,0,0.0,0,0.0,0,0.0,0,0.0,2772,0.5,0.3,0.2,4.17,5.68,2.98,2019,20181112,False
101150,Lou Williams,Lou,1610612746,LAC,32.0,1,1,0,1.0,31.738333333333333,5,18,0.278,1,5,0.2,14,14,1.0,0,2,2,6,2,2,0,1,1,7,25,0,40.4,0,0,38.0,1,1,1,1,52,50,12,141,56,33,94,2,2,1,96,89,105,10,38,10,68,118,29,7,9,89,21,17,2,18,1,111.0,92.3,95.9,95.9,100.9,98.6,98.6,-8.7,-2.7,-2.7,0.333,3.0,19.4,0.0,0.054,0.027,6.5,6.2,0.306,0.517,0.316,0.332,109.83,108.89,90.74,108.89,0.17,73,5.0,18.0,147,137,137,76,55,55,118,106,106,15,16,67,96,132,150,77,76,150,94,8,7,23,25,25,27,50,12,52,70,1.0,0,12,14,7,0.115,0.135,13,3,6,0.5,6,6,1.0,13,1.0,3,0.231,2,0.154,1,0.077,3,0.231,25,79,40,5.8,4.39,3.51,0.316,0,0,0,0.0,0.0,0.0,0.0,0.0,0.0,0.0,0.0,0.0,0.0,0.0,1.0,1.0,0.5,4.0,0.5,0.0,0.5,11.9,1.0,1.0,0.5,4.0,0.5,0.0,0.5,11.9,1.0,0.056,1.0,1.0,1.0,1.0,0.056,1.0,1.0,1.0,0.0,0.0,0.0,,0.389,3.0,7.0,0.429,0.429,0.389,3.0,7.0,0.429,0.0,0.0,0.0,,0.333,0.0,6.0,0.0,0.0,0.278,0.0,5.0,0.0,0.056,0.0,1.0,0.0,0.222,1.0,4.0,0.25,0.375,0.0,0.0,0.0,,0.222,1.0,4.0,0.25,2,10,0.2,4,0.0,2.0,0.0,0.2,3,0.333,0,0.0,0,0.0,0,0.0,0.306,2.0,4.0,0.5,1.0,1.0,1.0,1.0,8.0,0.125,0.0,1.0,0.0,0.0,0.0,0.0,1.0,4.0,0.25,0.0,0.0,0.0,0.0,1.0,0.0,LAC,2.0,4.0,0.5,0.0,0.0,0.0,1.0,4.0,0.25,0.0,2.0,0.0,1.0,4.0,0.25,1.0,2.0,0.5,0.0,2.0,0.0,,,,0.0,0.0,0.0,1,2,1.0,2.0,0.5,0.75,8.0,12.0,0.667,0.502,0.165,3.0,4.0,0.75,0.357,0.393,5.0,8.0,0.625,0.551,0.074,3.0,4.0,0.75,0.702,0.049,3.0,4.0,0.75,0.671,0.08,5.0,8.0,0.625,0.387,0.238,7.0,3.0,4.0,3.0,0.0,0.0,0.0,0.0,1.0,1.0,0.0,1.0,0.0,1.0,1.0,1.0,0.0,0.0,1.0,1.0,0.0,0,0,0,0,0.0,0.0,0,0.0,0,0.0,0,0.0,0,0.0,12115,2.3,1.3,0.9,4.04,4.26,3.42,2019,20181112,False
1629029,Luka Dončić,Luka,1610612742,DAL,20.0,1,1,0,1.0,31.783333333333335,3,12,0.25,2,7,0.286,3,4,0.75,2,4,6,3,3,1,0,1,1,3,11,-13,22.7,0,0,24.0,1,1,1,1,51,85,40,145,24,11,77,33,32,61,18,48,40,42,18,34,68,118,29,37,74,169,76,17,2,67,1,103.0,85.0,86.1,86.1,98.4,101.4,101.4,-13.3,-15.2,-15.2,0.158,1.0,15.0,0.054,0.111,0.082,15.0,15.2,0.333,0.4,0.221,0.221,112.63,110.25,91.87,110.25,0.058,72,3.0,12.0,169,166,166,63,71,71,134,140,140,68,58,88,58,91,79,136,136,141,139,55,61,11,22,22,127,85,40,49,51,1.0,0,12,11,4,0.061,0.082,9,0,4,0.0,0,0,0.0,0,0.0,4,0.444,0,0.0,1,0.111,0,0.0,11,70,42,4.7,4.02,3.56,0.157,6,0,1,0.333,0.0,2.0,1.0,1.0,0.5,3.0,0.667,0.0,0.667,24.6,1.0,3.0,0.25,5.0,0.8,0.0,0.8,3.9,2.0,4.0,0.333,8.0,0.75,0.0,0.75,10.8,1.0,0.167,0.0,2.0,0.0,0.0,0.167,0.0,2.0,0.0,0.0,0.0,0.0,,0.417,1.0,5.0,0.2,0.2,0.167,1.0,2.0,0.5,0.25,0.0,3.0,0.0,0.25,0.0,3.0,0.0,0.0,0.083,0.0,1.0,0.0,0.167,0.0,2.0,0.0,0.167,2.0,2.0,1.0,1.5,0.0,0.0,0.0,,0.167,2.0,2.0,1.0,3,7,0.429,8,2.0,5.0,0.4,0.571,0,0.0,2,0.0,0,0.0,2,0.0,0.333,0.0,1.0,0.0,0.0,2.0,0.0,1.0,2.0,0.5,0.0,2.0,0.0,0.0,0.0,0.0,2.0,5.0,0.4,0.0,0.0,0.0,0.0,2.0,0.0,DAL,0.0,1.0,0.0,0.0,1.0,0.0,0.0,2.0,0.0,1.0,1.0,1.0,0.0,2.0,0.0,2.0,5.0,0.4,,,,0.0,0.0,0.0,0.0,0.0,0.0,0,1,0.0,1.0,0.0,0.0,4.0,5.0,0.8,0.445,0.355,3.0,4.0,0.75,0.338,0.412,1.0,1.0,1.0,0.594,0.406,1.0,1.0,1.0,0.687,0.313,1.0,1.0,1.0,0.621,0.379,3.0,4.0,0.75,0.352,0.398,5.0,2.0,3.0,1.0,0.0,0.0,0.0,3.0,0.0,3.0,1.0,0.0,0.0,0.0,0.0,0.0,0.0,0.0,0.0,0.0,0.0,0,0,0,0,0.0,0.0,0,0.0,0,0.0,0,0.0,0,0.0,12871,2.4,1.4,1.0,4.21,4.3,4.1,2019,20181112,False
1627781,Malachi Richardson,Malachi,1610612761,TOR,23.0,1,0,1,0.0,1.5333333333333334,0,0,0.0,0,0,0.0,0,0,0.0,0,0,0,0,0,0,0,0,0,0,0,2,0.0,0,0,0.0,1,93,93,93,181,166,179,166,104,144,104,108,113,108,96,155,166,137,129,95,68,1,1,135,171,72,181,17,2,181,1,101.0,66.7,66.7,66.7,0.0,0.0,0.0,66.7,66.7,66.7,0.0,0.0,0.0,0.0,0.0,0.0,0.0,0.0,0.0,0.0,0.0,0.0,78.26,93.91,78.26,93.91,0.0,3,0.0,0.0,182,179,179,1,1,1,3,3,3,137,101,137,96,155,166,1,1,166,171,181,181,182,165,165,158,166,179,0,0,,0,0,0,0,0.0,0.0,0,0,0,0.0,0,0,0.0,0,0.0,0,0.0,0,0.0,0,0.0,0,0.0,0,0,0,0.0,0.0,0.0,0.0,0,0,0,0.0,0.0,0.0,,,,,,,,,,,,,,,,,,,,,,,,,,,,,,,,,,,,,,,,,,,,,,,,,,,,,,,,,,,,,,,,,,,,,,,,,,,,,,0,0,,0,,,,,0,0.0,0,0.0,0,0.0,0,0.0,0.0,0.0,0.0,0.0,0.0,0.0,0.0,0.0,0.0,0.0,,,,,,,,,,,,,,,,TOR,0.0,0.0,0.0,0.0,0.0,0.0,,,,0.0,0.0,0.0,,,,,,,,,,,,,,,,0,0,,,,,,,,,,,,,,,,,,,,,,,,,,,,,,,,,,,,,,,,,,,,,,,,,,,,,,,,0,0,0,0,0.0,0.0,0,0.0,0,0.0,0,0.0,0,0.0,494,0.1,0.0,0.0,3.73,0.0,0.0,2019,20181112,False
202705,MarShon Brooks,MarShon,1610612763,MEM,30.0,1,0,1,0.0,22.583333333333332,4,9,0.444,1,2,0.5,1,2,0.5,0,2,2,1,2,0,1,0,2,1,10,-6,14.9,0,0,16.0,1,93,93,93,101,65,67,94,56,92,31,82,61,79,96,89,105,100,38,95,18,1,78,102,80,134,118,17,2,105,1,96.0,78.3,80.4,80.4,92.9,91.5,91.5,-14.7,-11.1,-11.1,0.1,0.5,7.7,0.0,0.077,0.042,15.4,15.5,0.5,0.506,0.24,0.241,99.43,98.83,82.36,98.83,0.079,46,4.0,9.0,175,172,172,39,38,38,139,127,127,108,85,122,96,116,129,137,137,79,101,46,47,109,121,121,100,65,67,13,21,0.0,0,0,2,1,0.077,0.077,4,2,2,1.0,0,0,0.0,4,1.0,1,0.25,0,0.0,1,0.25,0,0.0,10,27,19,1.8,4.08,2.93,0.37,0,0,0,0.0,0.0,0.0,0.0,0.0,0.0,0.0,0.0,0.0,0.0,0.0,0.0,2.0,0.0,3.0,0.667,0.0,0.667,11.6,0.0,2.0,0.0,3.0,0.667,0.0,0.667,11.6,1.0,0.111,0.0,1.0,0.0,0.0,0.111,0.0,1.0,0.0,0.0,0.0,0.0,,0.111,1.0,1.0,1.0,1.0,0.111,1.0,1.0,1.0,0.0,0.0,0.0,,0.556,2.0,5.0,0.4,0.4,0.556,2.0,5.0,0.4,0.0,0.0,0.0,,0.222,1.0,2.0,0.5,0.75,0.0,0.0,0.0,,0.222,1.0,2.0,0.5,0,3,0.0,0,0.0,0.0,,0.0,3,0.5,0,0.0,0,0.0,0,0.0,0.5,2.0,2.0,1.0,1.0,3.0,0.333,0.0,2.0,0.0,0.0,0.0,0.0,0.0,0.0,0.0,1.0,2.0,0.5,0.0,0.0,0.0,0.0,0.0,0.0,MEM,2.0,2.0,1.0,1.0,2.0,0.5,0.0,1.0,0.0,0.0,1.0,0.0,0.0,1.0,0.0,1.0,2.0,0.5,,,,,,,0.0,0.0,0.0,1,2,1.0,2.0,0.5,0.75,4.0,15.0,0.267,0.437,-0.17,0.0,4.0,0.0,0.366,-0.366,4.0,11.0,0.364,0.475,-0.111,1.0,4.0,0.25,0.594,-0.344,2.0,5.0,0.4,0.541,-0.141,1.0,7.0,0.143,0.355,-0.212,7.0,5.0,2.0,2.0,0.0,0.0,0.0,0.0,1.0,1.0,0.0,1.0,0.0,0.0,0.0,0.0,0.0,0.0,0.0,0.0,0.0,0,0,0,0,0.0,0.0,0,0.0,0,0.0,0,0.0,0,0.0,8589,1.6,0.8,0.8,3.98,3.85,4.12,2019,20181112,False
201188,Marc Gasol,Marc,1610612761,TOR,34.0,1,0,1,0.0,35.225,7,13,0.538,0,4,0.0,2,4,0.5,0,5,5,3,2,1,2,0,4,5,16,-4,33.5,0,0,30.0,1,93,93,93,30,27,34,55,104,49,104,50,32,79,96,36,57,42,38,34,6,1,145,18,44,123,38,17,2,46,1,101.0,97.2,97.1,97.1,104.5,102.9,102.9,-7.3,-5.9,-5.9,0.167,1.5,15.0,0.0,0.147,0.075,10.0,10.1,0.538,0.542,0.227,0.227,91.93,92.66,77.22,92.66,0.119,68,7.0,13.0,131,133,133,86,77,77,115,116,116,60,45,88,96,64,89,103,105,75,92,50,54,174,171,171,66,27,34,56,52,1.0,0,4,7,4,0.054,0.071,5,3,3,1.0,0,0,0.0,6,1.2,2,0.4,0,0.0,0,0.0,0,0.0,16,74,49,1.9,1.55,0.51,0.216,6,7,3,0.833,0.571,0.667,0.0,0.0,0.0,0.0,0.0,0.0,0.0,0.0,1.0,4.0,0.2,13.0,0.385,5.0,0.625,5.7,1.0,4.0,0.2,13.0,0.385,5.0,0.625,5.7,,,,,,,,,,,,,,,0.538,5.0,7.0,0.714,0.714,0.538,5.0,7.0,0.714,0.0,0.0,0.0,,0.154,2.0,2.0,1.0,1.0,0.154,2.0,2.0,1.0,0.0,0.0,0.0,,0.308,0.0,4.0,0.0,0.0,0.0,0.0,0.0,,0.308,0.0,4.0,0.0,2,3,0.667,4,0.0,0.0,,0.667,0,0.0,2,1.0,4,0.5,5,1.0,0.538,2.0,2.0,1.0,4.0,5.0,0.8,1.0,2.0,0.5,0.0,0.0,0.0,0.0,0.0,0.0,0.0,4.0,0.0,0.0,0.0,0.0,0.0,0.0,0.0,TOR,2.0,2.0,1.0,2.0,3.0,0.667,2.0,3.0,0.667,1.0,1.0,1.0,0.0,0.0,0.0,0.0,4.0,0.0,,,,,,,0.0,0.0,0.0,0,4,0.0,4.0,0.0,0.0,4.0,15.0,0.267,0.453,-0.186,1.0,3.0,0.333,0.359,-0.025,3.0,12.0,0.25,0.502,-0.252,2.0,5.0,0.4,0.588,-0.188,3.0,6.0,0.5,0.541,-0.041,1.0,5.0,0.2,0.349,-0.149,4.0,4.0,0.0,1.0,0.0,4.0,10.0,0.0,1.0,1.0,0.0,1.0,0.0,10.0,10.0,7.0,3.0,0.0,1.0,0.875,0.375,2,4,0,0,0.0,0.571,3,0.429,1,0.143,0,0.0,0,0.0,12121,2.3,1.3,1.0,3.67,4.06,3.25,2019,20181112,False
101162,Marcin Gortat,Marcin,1610612746,LAC,35.0,1,1,0,1.0,20.55,4,5,0.8,0,0,0.0,4,4,1.0,2,4,6,1,0,1,0,0,2,3,12,9,23.7,0,0,21.0,1,1,1,1,119,65,116,8,104,144,104,23,32,1,18,48,40,100,129,34,68,1,78,37,69,33,70,17,2,80,1,111.0,124.3,133.3,133.3,112.2,107.5,107.5,12.1,25.8,25.8,0.067,0.0,12.5,0.111,0.25,0.176,0.0,0.0,0.8,0.888,0.152,0.147,93.62,92.26,76.89,92.26,0.174,39,4.0,5.0,28,14,14,118,101,101,52,26,26,121,101,105,21,27,21,1,1,17,12,124,128,164,173,173,25,65,116,34,23,0.0,1,1,3,2,0.029,0.059,0,0,0,0.0,0,0,0.0,0,0.0,0,0.0,0,0.0,0,0.0,0,0.0,12,41,23,1.1,1.64,0.51,0.293,1,4,7,0.0,1.0,1.429,1.0,1.0,0.5,5.0,0.4,0.0,0.4,6.3,2.0,2.0,0.5,5.0,0.8,1.0,1.0,2.8,3.0,3.0,0.5,10.0,0.6,1.0,0.667,4.0,1.0,0.2,0.0,1.0,0.0,0.0,0.2,0.0,1.0,0.0,0.0,0.0,0.0,,0.4,2.0,2.0,1.0,1.0,0.4,2.0,2.0,1.0,0.0,0.0,0.0,,0.2,1.0,1.0,1.0,1.0,0.2,1.0,1.0,1.0,0.0,0.0,0.0,,0.2,1.0,1.0,1.0,1.0,0.2,1.0,1.0,1.0,0.0,0.0,0.0,,2,2,1.0,4,,,,1.0,0,0.0,10,0.8,4,1.0,0,0.0,0.8,1.0,2.0,0.5,2.0,2.0,1.0,1.0,1.0,1.0,0.0,0.0,0.0,0.0,0.0,0.0,0.0,0.0,0.0,0.0,0.0,0.0,0.0,0.0,0.0,LAC,1.0,2.0,0.5,1.0,1.0,1.0,2.0,2.0,1.0,0.0,0.0,0.0,0.0,0.0,0.0,0.0,0.0,0.0,0.0,0.0,0.0,,,,0.0,0.0,0.0,0,0,,,,,6.0,11.0,0.545,0.544,0.002,,,,,,6.0,11.0,0.545,0.587,-0.042,2.0,3.0,0.667,0.678,-0.011,2.0,4.0,0.5,0.665,-0.165,3.0,6.0,0.5,0.434,0.067,7.0,7.0,0.0,2.0,1.0,2.0,4.0,1.0,0.0,1.0,1.0,0.0,1.0,9.0,10.0,5.0,3.0,0.1,0.9,1.0,0.6,1,1,2,2,1.0,1.0,2,0.5,0,0.0,0,0.0,1,0.25,7892,1.5,0.9,0.6,4.21,4.61,3.73,2019,20181112,False
201158,Marco Belinelli,Marco,1610612759,SAS,33.0,1,0,1,0.0,18.366666666666667,1,4,0.25,0,2,0.0,1,2,0.5,0,0,0,1,1,0,0,0,1,2,3,-1,3.5,0,0,4.0,1,93,93,93,131,145,131,145,104,92,104,82,61,79,96,155,166,100,71,95,68,1,29,69,146,100,171,17,2,168,1,97.0,101.0,95.0,95.0,97.8,100.0,100.0,3.2,-5.0,-5.0,0.071,1.0,14.3,0.0,0.0,0.0,14.3,14.5,0.25,0.307,0.136,0.145,101.3,103.23,86.03,103.23,-0.029,40,1.0,4.0,114,141,141,58,59,59,90,113,113,118,58,90,96,155,166,132,135,156,155,133,131,88,66,66,177,145,131,12,15,0.0,0,1,3,1,0.083,0.083,1,0,0,0.0,1,2,0.5,1,1.0,0,0.0,0,0.0,0,0.0,1,1.0,3,18,13,0.6,1.95,1.0,0.167,0,0,0,0.0,0.0,0.0,,,,,,,,,,,,,,,,,,,,,,,,,,,,,,,,,,,,,,,,,,,,,,,,,,,,0.75,1.0,3.0,0.333,0.333,0.25,1.0,1.0,1.0,0.5,0.0,2.0,0.0,0.25,0.0,1.0,0.0,0.0,0.25,0.0,1.0,0.0,0.0,0.0,0.0,,1,3,0.333,2,0.0,1.0,0.0,0.333,0,0.0,0,0.0,0,0.0,0,0.0,0.25,0.0,0.0,0.0,0.0,0.0,0.0,1.0,2.0,0.5,,,,0.0,0.0,0.0,0.0,2.0,0.0,0.0,0.0,0.0,0.0,0.0,0.0,SAS,0.0,0.0,0.0,0.0,0.0,0.0,0.0,0.0,0.0,0.0,1.0,0.0,1.0,1.0,1.0,0.0,2.0,0.0,,,,,,,0.0,0.0,0.0,0,1,0.0,1.0,0.0,0.0,5.0,10.0,0.5,0.465,0.035,1.0,3.0,0.333,0.344,-0.011,4.0,7.0,0.571,0.509,0.063,2.0,3.0,0.667,0.609,0.058,2.0,3.0,0.667,0.551,0.116,2.0,5.0,0.4,0.384,0.016,6.0,4.0,2.0,0.0,0.0,0.0,0.0,0.0,0.0,0.0,0.0,0.0,0.0,0.0,0.0,0.0,0.0,0.0,0.0,0.0,0.0,0,0,0,0,0.0,0.0,0,0.0,0,0.0,0,0.0,0,0.0,7839,1.5,0.7,0.7,4.68,4.49,4.25,2019,20181112,False
1628365,Markelle Fultz,Markelle,1610612753,ORL,21.0,1,1,0,1.0,24.983333333333334,2,8,0.25,0,0,0.0,1,3,0.333,0,2,2,5,0,0,0,2,2,2,5,-7,14.9,0,0,12.0,1,1,1,1,87,119,84,145,104,144,104,82,52,107,96,89,105,17,129,95,68,170,78,69,131,142,118,17,2,127,1,98.0,120.9,123.5,123.5,135.1,134.6,134.6,-14.3,-11.1,-11.1,0.294,0.0,35.7,0.0,0.08,0.038,0.0,0.0,0.25,0.268,0.15,0.16,99.83,98.95,82.45,98.95,0.018,51,2.0,8.0,37,35,35,174,171,171,137,128,128,24,101,22,96,114,136,1,1,156,158,125,120,103,118,118,153,119,84,49,52,1.0,0,8,16,6,0.102,0.122,13,2,7,0.286,1,2,0.5,5,0.385,5,0.385,0,0.0,0,0.0,1,0.077,5,59,21,5.1,5.21,5.22,0.085,1,0,1,0.0,0.0,0.0,0.0,0.0,0.0,5.0,0.0,1.0,0.0,0.0,0.0,2.0,0.0,6.0,0.333,1.0,0.4,5.1,0.0,2.0,0.0,11.0,0.182,2.0,0.222,5.1,1.0,0.25,1.0,2.0,0.5,0.5,0.25,1.0,2.0,0.5,0.0,0.0,0.0,,0.625,0.0,5.0,0.0,0.0,0.625,0.0,5.0,0.0,0.0,0.0,0.0,,0.125,1.0,1.0,1.0,1.0,0.125,1.0,1.0,1.0,0.0,0.0,0.0,,,,,,,,,,,,,,,1,4,0.25,2,,,,0.25,0,0.0,0,0.0,0,0.0,0,0.0,0.25,1.0,3.0,0.333,1.0,3.0,0.333,0.0,2.0,0.0,0.0,0.0,0.0,0.0,0.0,0.0,0.0,0.0,0.0,0.0,0.0,0.0,0.0,0.0,0.0,ORL,1.0,3.0,0.333,1.0,2.0,0.5,0.0,3.0,0.0,0.0,0.0,0.0,0.0,0.0,0.0,0.0,0.0,0.0,0.0,0.0,0.0,,,,0.0,0.0,0.0,0,0,,,,,4.0,6.0,0.667,0.458,0.209,0.0,2.0,0.0,0.361,-0.361,4.0,4.0,1.0,0.514,0.486,3.0,3.0,1.0,0.571,0.429,3.0,3.0,1.0,0.528,0.472,1.0,3.0,0.333,0.34,-0.007,6.0,2.0,4.0,1.0,0.0,1.0,3.0,1.0,0.0,1.0,1.0,0.0,0.0,0.0,0.0,0.0,0.0,0.0,0.0,0.0,0.0,0,0,0,0,0.0,0.0,0,0.0,0,0.0,0,0.0,0,0.0,11272,2.1,1.2,0.9,4.76,5.05,4.4,2019,20181112,False
202693,Markieff Morris,Markieff,1610612760,OKC,29.0,1,1,0,1.0,39.05,5,9,0.556,1,3,0.333,5,6,0.833,2,6,8,1,1,0,1,1,3,3,16,3,29.1,0,0,28.0,1,1,1,1,7,50,67,50,56,71,59,15,15,57,18,25,22,100,71,95,18,118,119,37,44,66,52,17,2,50,1,99.0,115.1,116.3,116.3,110.4,112.5,112.5,4.7,3.8,3.8,0.034,1.0,7.1,0.054,0.143,0.101,7.1,7.3,0.611,0.687,0.143,0.146,99.76,98.34,81.95,98.34,0.095,80,5.0,9.0,58,54,54,111,119,119,82,78,78,135,58,124,58,66,63,83,85,58,45,128,129,105,125,125,85,50,67,32,30,0.0,1,3,3,2,0.031,0.063,0,0,0,0.0,0,0,0.0,0,0.0,0,0.0,0,0.0,0,0.0,0,0.0,16,44,29,1.0,1.33,0.5,0.364,3,5,3,1.0,1.2,0.667,1.0,1.0,0.5,4.0,0.5,0.0,0.5,13.2,1.0,5.0,0.167,9.0,0.667,0.0,0.667,5.7,2.0,6.0,0.25,12.0,0.667,0.0,0.667,7.6,1.0,0.111,1.0,1.0,1.0,1.0,0.111,1.0,1.0,1.0,0.0,0.0,0.0,,0.222,1.0,2.0,0.5,0.5,0.222,1.0,2.0,0.5,0.0,0.0,0.0,,0.333,2.0,3.0,0.667,0.667,0.333,2.0,3.0,0.667,0.0,0.0,0.0,,0.333,1.0,3.0,0.333,0.5,0.0,0.0,0.0,,0.333,1.0,3.0,0.333,1,1,1.0,2,0.0,0.0,,1.0,7,0.6,2,0.5,6,0.667,3,1.0,0.611,1.0,1.0,1.0,1.0,3.0,0.333,2.0,2.0,1.0,0.0,0.0,0.0,0.0,0.0,0.0,1.0,3.0,0.333,0.0,0.0,0.0,0.0,0.0,0.0,OKC,1.0,3.0,0.333,1.0,1.0,1.0,1.0,1.0,1.0,1.0,1.0,1.0,1.0,1.0,1.0,0.0,2.0,0.0,0.0,0.0,0.0,0.0,0.0,0.0,0.0,0.0,0.0,3,5,1.0,3.0,0.333,0.7,9.0,19.0,0.474,0.461,0.013,3.0,5.0,0.6,0.336,0.264,6.0,14.0,0.429,0.523,-0.094,2.0,7.0,0.286,0.644,-0.358,3.0,9.0,0.333,0.617,-0.284,4.0,7.0,0.571,0.351,0.22,20.0,16.0,4.0,0.0,0.0,2.0,4.0,0.0,1.0,1.0,0.0,1.0,1.0,4.0,5.0,3.0,2.0,0.2,0.8,1.0,0.667,2,3,2,2,1.0,1.2,1,0.2,0,0.0,0,0.0,1,0.2,13610,2.6,1.3,1.2,3.75,3.77,3.44,2019,20181112,False
1628963,Marvin Bagley III,Marvin,1610612758,SAC,20.0,1,1,0,1.0,21.266666666666666,3,9,0.333,0,2,0.0,1,1,1.0,2,4,6,0,3,0,1,1,2,3,7,2,14.2,0,0,15.0,1,1,1,1,113,85,67,126,104,92,104,82,105,1,18,48,40,137,18,95,18,118,78,37,111,72,123,17,2,112,1,99.0,100.3,102.3,102.3,96.6,97.7,97.7,3.7,4.5,4.5,0.0,0.0,0.0,0.087,0.16,0.125,25.0,24.1,0.333,0.371,0.24,0.249,100.89,99.31,82.76,99.31,0.019,44,3.0,9.0,119,103,103,54,53,53,87,73,73,137,101,137,29,58,44,170,170,141,145,46,42,92,112,112,152,85,67,18,19,0.0,0,0,0,0,0.0,0.0,1,0,1,0.0,0,0,0.0,0,0.0,0,0.0,0,0.0,0,0.0,0,0.0,7,32,21,1.1,2.13,0.81,0.219,0,8,5,0.0,0.0,1.4,1.0,1.0,0.5,4.0,0.5,0.0,0.5,3.3,2.0,2.0,0.5,5.0,0.8,0.0,0.8,5.9,3.0,3.0,0.5,9.0,0.667,0.0,0.667,5.0,1.0,0.111,0.0,1.0,0.0,0.0,0.111,0.0,1.0,0.0,0.0,0.0,0.0,,0.556,2.0,5.0,0.4,0.4,0.556,2.0,5.0,0.4,0.0,0.0,0.0,,0.111,0.0,1.0,0.0,0.0,0.0,0.0,0.0,,0.111,0.0,1.0,0.0,0.222,1.0,2.0,0.5,0.5,0.111,1.0,1.0,1.0,0.111,0.0,1.0,0.0,0,2,0.0,0,0.0,1.0,0.0,0.0,0,0.0,7,0.75,0,0.0,0,0.0,0.333,3.0,5.0,0.6,0.0,2.0,0.0,0.0,0.0,0.0,,,,0.0,0.0,0.0,0.0,2.0,0.0,0.0,0.0,0.0,0.0,0.0,0.0,SAC,3.0,5.0,0.6,0.0,1.0,0.0,0.0,1.0,0.0,0.0,0.0,0.0,0.0,1.0,0.0,0.0,1.0,0.0,,,,,,,0.0,0.0,0.0,0,1,0.0,1.0,0.0,0.0,4.0,11.0,0.364,0.469,-0.106,2.0,5.0,0.4,0.402,-0.002,2.0,6.0,0.333,0.504,-0.17,0.0,2.0,0.0,0.641,-0.641,0.0,2.0,0.0,0.577,-0.577,4.0,9.0,0.444,0.422,0.023,12.0,7.0,5.0,0.0,0.0,1.0,3.0,1.0,0.0,1.0,1.0,0.0,1.0,2.0,3.0,2.0,1.0,0.333,0.667,1.0,0.5,0,2,0,0,0.0,0.0,1,0.125,0,0.0,3,0.375,0,0.0,9183,1.7,0.9,0.8,4.57,4.87,4.28,2019,20181112,False
1628467,Maxi Kleber,Maxi,1610612742,DAL,27.0,1,1,0,1.0,15.52,4,4,1.0,2,2,1.0,0,0,0.0,0,2,2,1,1,1,2,0,1,0,10,15,21.9,0,0,21.0,1,1,1,1,142,65,131,1,24,92,1,108,113,108,96,89,105,100,71,34,6,1,29,135,80,12,78,17,2,80,1,103.0,133.8,131.3,131.3,90.0,84.4,84.4,43.8,46.9,46.9,0.091,1.0,16.7,0.0,0.143,0.074,16.7,16.7,1.25,1.25,0.139,0.145,94.95,98.97,82.47,98.97,0.22,32,4.0,4.0,11,17,17,28,21,21,10,10,10,113,58,77,96,66,91,138,138,2,2,132,130,156,117,117,9,65,131,19,14,0.0,0,4,3,1,0.053,0.053,0,0,0,0.0,0,0,0.0,0,0.0,0,0.0,0,0.0,0,0.0,0,0.0,10,25,14,0.5,1.11,0.24,0.4,0,0,2,0.0,0.0,1.0,0.0,0.0,0.0,0.0,0.0,0.0,0.0,0.0,0.0,2.0,0.0,3.0,0.667,0.0,0.667,7.5,0.0,2.0,0.0,3.0,0.667,0.0,0.667,7.5,,,,,,,,,,,,,,,0.25,1.0,1.0,1.0,1.0,0.25,1.0,1.0,1.0,0.0,0.0,0.0,,,,,,,,,,,,,,,0.75,3.0,3.0,1.0,1.333,0.25,1.0,1.0,1.0,0.5,2.0,2.0,1.0,0,0,,0,0.0,0.0,,,8,1.0,2,1.0,0,0.0,0,0.0,1.25,1.0,1.0,1.0,0.0,0.0,0.0,1.0,1.0,1.0,1.0,1.0,1.0,0.0,0.0,0.0,1.0,1.0,1.0,0.0,0.0,0.0,1.0,1.0,1.0,DAL,1.0,1.0,1.0,0.0,0.0,0.0,0.0,0.0,0.0,0.0,0.0,0.0,2.0,2.0,1.0,1.0,1.0,1.0,,,,,,,0.0,0.0,0.0,3,3,2.0,2.0,1.0,1.333,3.0,9.0,0.333,0.468,-0.135,1.0,2.0,0.5,0.292,0.208,2.0,7.0,0.286,0.515,-0.23,1.0,5.0,0.2,0.634,-0.434,1.0,5.0,0.2,0.597,-0.397,1.0,2.0,0.5,0.298,0.203,7.0,6.0,1.0,1.0,0.0,1.0,3.0,0.0,0.0,0.0,0.0,0.0,0.0,1.0,1.0,0.0,0.0,0.0,1.0,0.0,0.0,0,0,0,0,0.0,0.0,0,0.0,0,0.0,0,0.0,0,0.0,5989,1.1,0.6,0.5,3.95,4.1,3.78,2019,20181112,False
1628969,Mikal Bridges,Mikal,1610612756,PHX,22.0,1,0,1,0.0,25.7,3,8,0.375,1,4,0.25,6,6,1.0,1,3,4,3,3,1,2,0,4,4,13,13,28.3,0,0,27.0,1,93,93,93,86,85,84,118,56,49,82,10,15,1,45,69,68,42,18,34,6,1,145,24,61,17,54,17,2,52,1,98.0,117.5,116.4,116.4,90.6,89.5,89.5,26.9,26.9,26.9,0.15,1.0,17.6,0.043,0.1,0.075,17.6,18.0,0.438,0.611,0.219,0.222,103.43,104.59,87.16,104.59,0.107,55,3.0,8.0,51,52,52,33,30,30,23,24,24,73,58,75,73,98,85,142,146,122,67,56,59,64,58,58,75,85,84,21,29,0.0,0,4,6,3,0.143,0.143,4,1,2,0.5,2,2,1.0,4,1.0,0,0.0,0,0.0,1,0.25,1,0.25,13,36,29,1.2,2.0,0.92,0.361,0,0,1,0.0,0.0,2.0,0.0,1.0,0.0,1.0,1.0,0.0,1.0,40.5,1.0,2.0,0.333,9.0,0.333,3.0,0.5,14.4,1.0,3.0,0.25,10.0,0.4,3.0,0.571,20.9,1.0,0.125,1.0,1.0,1.0,1.0,0.125,1.0,1.0,1.0,0.0,0.0,0.0,,0.375,1.0,3.0,0.333,0.333,0.375,1.0,3.0,0.333,0.0,0.0,0.0,,0.25,1.0,2.0,0.5,0.75,0.0,0.0,0.0,,0.25,1.0,2.0,0.5,0.25,0.0,2.0,0.0,0.0,0.0,0.0,0.0,,0.25,0.0,2.0,0.0,0,0,,0,0.0,0.0,,,3,0.25,2,1.0,0,0.0,0,0.0,0.438,2.0,3.0,0.667,0.0,1.0,0.0,0.0,0.0,0.0,1.0,1.0,1.0,0.0,0.0,0.0,0.0,3.0,0.0,0.0,0.0,0.0,1.0,1.0,1.0,PHX,2.0,3.0,0.667,0.0,1.0,0.0,0.0,0.0,0.0,0.0,0.0,0.0,1.0,2.0,0.5,0.0,2.0,0.0,,,,0.0,0.0,0.0,0.0,0.0,0.0,1,4,1.0,4.0,0.25,0.375,5.0,14.0,0.357,0.436,-0.079,2.0,4.0,0.5,0.338,0.163,3.0,10.0,0.3,0.504,-0.204,2.0,4.0,0.5,0.614,-0.114,2.0,5.0,0.4,0.561,-0.161,3.0,8.0,0.375,0.367,0.008,9.0,5.0,4.0,3.0,0.0,0.0,0.0,0.0,2.0,2.0,0.0,1.0,0.0,1.0,1.0,1.0,1.0,0.0,1.0,1.0,1.0,0,0,0,0,0.0,0.0,0,0.0,0,0.0,0,0.0,0,0.0,10302,2.0,1.0,0.9,4.16,4.23,3.69,2019,20181112,False
201144,Mike Conley,Mike,1610612763,MEM,31.0,1,0,1,0.0,35.71666666666667,7,16,0.438,3,8,0.375,7,7,1.0,0,4,4,3,2,0,0,0,4,8,24,0,31.3,0,0,34.0,1,93,93,93,24,27,21,98,8,9,58,7,10,1,96,48,68,42,38,95,68,1,145,4,14,89,45,17,2,31,1,96.0,100.7,98.6,98.6,98.6,96.1,96.1,2.1,2.6,2.6,0.15,1.5,12.5,0.0,0.1,0.053,8.3,8.3,0.531,0.629,0.263,0.269,98.43,100.79,83.99,100.79,0.139,74,7.0,16.0,117,123,123,64,49,49,93,85,85,73,45,105,96,98,115,92,92,77,60,32,32,125,96,96,50,27,21,58,76,0.0,1,8,6,4,0.052,0.069,13,3,6,0.5,3,4,0.75,10,0.769,4,0.308,0,0.0,1,0.077,2,0.154,24,81,33,6.6,4.92,4.86,0.296,2,0,1,1.0,0.0,0.0,0.0,0.0,0.0,4.0,0.0,0.0,0.0,0.0,0.0,4.0,0.0,8.0,0.5,0.0,0.5,9.6,0.0,4.0,0.0,12.0,0.333,0.0,0.333,9.6,1.0,0.125,0.0,2.0,0.0,0.0,0.125,0.0,2.0,0.0,0.0,0.0,0.0,,0.25,2.0,4.0,0.5,0.5,0.188,2.0,3.0,0.667,0.063,0.0,1.0,0.0,0.313,2.0,5.0,0.4,0.5,0.125,1.0,2.0,0.5,0.188,1.0,3.0,0.333,0.313,3.0,5.0,0.6,0.8,0.063,1.0,1.0,1.0,0.25,2.0,4.0,0.5,1,5,0.2,3,1.0,4.0,0.25,0.3,6,0.5,0,0.0,0,0.0,2,1.0,0.531,4.0,5.0,0.8,0.0,2.0,0.0,0.0,1.0,0.0,0.0,0.0,0.0,0.0,1.0,0.0,3.0,7.0,0.429,0.0,0.0,0.0,0.0,1.0,0.0,MEM,4.0,5.0,0.8,0.0,2.0,0.0,0.0,1.0,0.0,0.0,0.0,0.0,0.0,2.0,0.0,3.0,6.0,0.5,,,,,,,0.0,0.0,0.0,2,4,2.0,4.0,0.5,0.75,4.0,9.0,0.444,0.427,0.018,1.0,4.0,0.25,0.338,-0.088,3.0,5.0,0.6,0.469,0.131,3.0,4.0,0.75,0.569,0.182,3.0,5.0,0.6,0.519,0.081,1.0,4.0,0.25,0.348,-0.098,6.0,3.0,3.0,2.0,0.0,2.0,4.0,0.0,1.0,1.0,0.0,1.0,0.0,0.0,0.0,0.0,0.0,0.0,0.0,0.0,0.0,0,0,0,0,0.0,0.0,0,0.0,0,0.0,0,0.0,0,0.0,14586,2.8,1.5,1.2,4.39,4.73,3.73,2019,20181112,False
203488,Mike Muscala,Mike,1610612747,LAL,27.0,1,1,0,1.0,27.266666666666666,3,11,0.273,3,10,0.3,4,5,0.8,0,8,8,1,0,0,0,0,4,3,13,4,24.1,0,0,25.0,1,1,1,1,73,85,51,142,8,3,76,23,24,59,96,13,22,100,129,95,68,1,145,37,61,55,67,17,2,61,1,,112.7,113.6,113.6,108.4,105.0,105.0,4.3,8.6,8.6,0.067,0.0,7.1,0.0,0.333,0.143,0.0,0.0,0.409,0.492,0.188,0.199,103.48,104.74,87.29,104.74,0.097,59,3.0,11.0,65,67,67,104,90,90,85,63,63,121,101,124,96,11,38,1,1,129,119,84,83,62,56,56,84,85,51,51,39,0.0,0,4,2,1,0.02,0.02,1,0,0,0.0,0,0,0.0,0,0.0,1,1.0,0,0.0,0,0.0,0,0.0,13,66,35,1.3,1.22,0.21,0.197,2,0,0,0.0,0.0,0.0,0.0,0.0,0.0,2.0,0.0,0.0,0.0,0.0,2.0,5.0,0.25,10.0,0.8,1.0,0.889,4.4,2.0,5.0,0.25,12.0,0.667,1.0,0.727,4.4,,,,,,,,,,,,,,,0.182,1.0,2.0,0.5,0.75,0.0,0.0,0.0,,0.182,1.0,2.0,0.5,0.182,0.0,2.0,0.0,0.0,0.0,0.0,0.0,,0.182,0.0,2.0,0.0,0.636,2.0,7.0,0.286,0.429,0.091,0.0,1.0,0.0,0.545,2.0,6.0,0.333,0,0,,0,0.0,0.0,,,9,0.273,0,0.0,0,0.0,0,0.0,0.409,0.0,0.0,0.0,0.0,0.0,0.0,0.0,1.0,0.0,1.0,3.0,0.333,0.0,1.0,0.0,2.0,6.0,0.333,0.0,0.0,0.0,1.0,4.0,0.25,LAL,0.0,0.0,0.0,0.0,0.0,0.0,0.0,0.0,0.0,0.0,1.0,0.0,1.0,5.0,0.2,2.0,5.0,0.4,0.0,0.0,0.0,0.0,0.0,0.0,0.0,0.0,0.0,3,11,3.0,10.0,0.3,0.409,4.0,7.0,0.571,0.489,0.082,1.0,1.0,1.0,0.368,0.632,3.0,6.0,0.5,0.537,-0.037,2.0,3.0,0.667,0.612,0.055,3.0,6.0,0.5,0.567,-0.067,1.0,1.0,1.0,0.37,0.63,7.0,6.0,1.0,1.0,0.0,2.0,4.0,0.0,0.0,0.0,0.0,0.0,0.0,8.0,8.0,2.0,2.0,0.0,1.0,1.0,1.0,0,0,0,0,0.0,0.0,0,0.0,0,0.0,0,0.0,0,0.0,11769,2.2,1.2,1.0,4.47,4.51,4.43,2019,20181112,False
203118,Mike Scott,Mike,1610612755,PHI,30.0,1,1,0,1.0,16.933333333333334,3,5,0.6,0,1,0.0,0,0,0.0,0,7,7,0,0,1,0,0,1,0,6,6,17.4,0,0,15.0,1,1,1,1,136,85,116,33,104,118,104,108,113,108,96,18,31,137,129,34,68,1,29,135,119,46,103,17,2,112,1,99.0,82.3,87.8,87.8,75.3,73.2,73.2,7.0,14.6,14.6,0.0,0.0,0.0,0.0,0.318,0.175,0.0,0.0,0.6,0.6,0.114,0.114,118.43,116.22,96.85,116.22,0.247,41,3.0,5.0,171,161,161,9,9,9,71,45,45,137,101,137,96,16,22,1,1,60,70,152,154,1,5,5,6,85,116,24,15,0.0,0,1,0,0,0.0,0.0,1,1,1,1.0,0,0,0.0,2,2.0,0,0.0,0,0.0,0,0.0,0,0.0,6,29,15,0.9,1.77,1.48,0.207,2,0,1,1.0,0.0,2.0,0.0,0.0,0.0,3.0,0.0,0.0,0.0,0.0,2.0,5.0,0.286,8.0,0.875,1.0,1.0,4.7,2.0,5.0,0.286,9.0,0.778,1.0,0.875,4.7,,,,,,,,,,,,,,,0.6,3.0,3.0,1.0,1.0,0.6,3.0,3.0,1.0,0.0,0.0,0.0,,,,,,,,,,,,,,,0.4,0.0,2.0,0.0,0.0,0.2,0.0,1.0,0.0,0.2,0.0,1.0,0.0,2,2,1.0,4,0.0,0.0,,1.0,0,0.0,2,1.0,0,0.0,2,0.5,0.6,1.0,1.0,1.0,0.0,0.0,0.0,2.0,3.0,0.667,,,,0.0,0.0,0.0,0.0,1.0,0.0,0.0,0.0,0.0,0.0,0.0,0.0,PHI,1.0,1.0,1.0,0.0,0.0,0.0,0.0,0.0,0.0,2.0,3.0,0.667,0.0,0.0,0.0,0.0,1.0,0.0,0.0,0.0,0.0,,,,0.0,0.0,0.0,0,2,0.0,1.0,0.0,0.0,1.0,4.0,0.25,0.465,-0.215,0.0,1.0,0.0,0.411,-0.411,1.0,3.0,0.333,0.544,-0.211,1.0,2.0,0.5,0.657,-0.157,1.0,2.0,0.5,0.615,-0.115,0.0,2.0,0.0,0.419,-0.419,4.0,3.0,1.0,0.0,0.0,0.0,0.0,0.0,2.0,2.0,0.0,1.0,1.0,5.0,6.0,3.0,0.0,0.167,0.833,1.0,0.0,0,0,0,0,0.0,0.0,0,0.0,0,0.0,0,0.0,0,0.0,7371,1.4,0.8,0.6,4.61,5.24,3.98,2019,20181112,False
1628964,Mo Bamba,Mo,1610612753,ORL,21.0,1,0,1,0.0,11.116666666666667,0,1,0.0,0,0,0.0,0,0,0.0,0,0,0,1,0,0,1,0,5,0,0,-7,4.5,0,0,3.0,1,93,93,93,161,166,172,166,104,144,104,108,113,108,96,155,166,100,129,95,18,1,171,135,171,142,168,17,2,172,1,98.0,93.5,100.0,100.0,122.2,130.0,130.0,-28.7,-30.0,-30.0,0.143,0.0,50.0,0.0,0.0,0.0,0.0,0.0,0.0,0.0,0.048,0.049,89.81,84.2,70.16,84.2,-0.167,19,0.0,1.0,143,111,111,152,161,161,168,171,171,76,101,4,96,155,166,1,1,166,171,175,175,179,183,183,185,166,172,7,4,0.0,0,1,2,1,0.143,0.143,0,0,0,0.0,0,0,0.0,0,0.0,0,0.0,0,0.0,0,0.0,0,0.0,0,8,4,0.3,2.24,0.38,0.0,0,0,0,0.0,0.0,0.0,,,,,,,,,,,,,,,,,,,,,,,,,,,,,,,,,,,,,,,,,,,,,,,,,,,,,,,,,,,,,,,,,1.0,0.0,1.0,0.0,0.0,1.0,0.0,1.0,0.0,0.0,0.0,0.0,,0,0,,0,,,,,0,0.0,0,0.0,0,0.0,0,0.0,0.0,0.0,0.0,0.0,0.0,0.0,0.0,0.0,1.0,0.0,0.0,0.0,0.0,0.0,0.0,0.0,0.0,0.0,0.0,,,,0.0,0.0,0.0,ORL,0.0,0.0,0.0,0.0,0.0,0.0,0.0,0.0,0.0,0.0,1.0,0.0,0.0,0.0,0.0,0.0,0.0,0.0,,,,,,,,,,0,0,,,,,1.0,3.0,0.333,0.435,-0.102,,,,,,1.0,3.0,0.333,0.514,-0.181,1.0,2.0,0.5,0.56,-0.06,1.0,3.0,0.333,0.526,-0.193,,,,,,3.0,3.0,0.0,0.0,0.0,2.0,4.0,0.0,0.0,0.0,0.0,0.0,0.0,1.0,1.0,0.0,0.0,0.0,1.0,0.0,0.0,0,0,0,0,0.0,0.0,0,0.0,0,0.0,0,0.0,0,0.0,4183,0.8,0.4,0.4,3.95,4.04,3.84,2019,20181112,False
1626149,Montrezl Harrell,Montrezl,1610612746,LAC,25.0,1,1,0,1.0,32.45,10,13,0.769,0,0,0.0,3,5,0.6,2,6,8,1,2,1,4,1,4,6,23,-4,47.1,0,0,42.0,1,1,1,1,47,7,34,13,104,144,104,33,24,76,18,25,22,100,38,34,2,118,145,11,16,123,8,17,2,12,1,111.0,91.9,95.8,95.8,101.7,98.6,98.6,-9.8,-2.8,-2.8,0.071,0.5,5.9,0.061,0.158,0.113,11.8,11.0,0.769,0.757,0.208,0.223,108.66,107.98,89.98,107.98,0.2,72,10.0,13.0,149,138,138,78,57,57,125,107,107,118,85,132,51,59,55,119,114,21,27,67,58,31,32,32,18,7,34,38,35,0.0,0,1,2,1,0.026,0.026,0,0,0,0.0,0,0,0.0,0,0.0,0,0.0,0,0.0,0,0.0,0,0.0,23,54,37,1.6,1.77,0.76,0.426,1,8,7,2.0,0.875,1.714,1.0,1.0,0.5,9.0,0.222,0.0,0.222,10.4,2.0,4.0,0.333,9.0,0.667,1.0,0.75,5.3,3.0,5.0,0.375,17.0,0.471,1.0,0.5,6.5,1.0,0.615,6.0,8.0,0.75,0.75,0.615,6.0,8.0,0.75,0.0,0.0,0.0,,0.385,4.0,5.0,0.8,0.8,0.385,4.0,5.0,0.8,0.0,0.0,0.0,,,,,,,,,,,,,,,,,,,,,,,,,,,,1,1,1.0,2,,,,1.0,0,0.0,12,0.833,7,0.6,2,1.0,0.769,8.0,11.0,0.727,2.0,2.0,1.0,0.0,0.0,0.0,0.0,0.0,0.0,0.0,0.0,0.0,0.0,0.0,0.0,0.0,0.0,0.0,0.0,0.0,0.0,LAC,8.0,11.0,0.727,1.0,1.0,1.0,1.0,1.0,1.0,0.0,0.0,0.0,0.0,0.0,0.0,0.0,0.0,0.0,0.0,0.0,0.0,,,,0.0,0.0,0.0,0,0,,,,,3.0,12.0,0.25,0.507,-0.257,1.0,4.0,0.25,0.395,-0.145,2.0,8.0,0.25,0.593,-0.343,1.0,4.0,0.25,0.712,-0.462,1.0,5.0,0.2,0.684,-0.484,1.0,6.0,0.167,0.411,-0.244,14.0,9.0,5.0,1.0,0.0,3.0,7.0,1.0,2.0,3.0,0.333,0.667,0.0,9.0,9.0,5.0,1.0,0.0,1.0,1.0,0.2,3,5,0,0,0.0,0.875,2,0.25,0,0.0,0,0.0,0,0.0,12711,2.4,1.3,1.1,4.12,4.29,3.93,2019,20181112,False
202357,Nemanja Bjelica,Nemanja,1610612758,SAC,31.0,1,1,0,1.0,26.733333333333334,4,5,0.8,3,3,1.0,0,0,0.0,1,5,6,0,0,1,0,0,1,0,11,3,21.2,0,0,22.0,1,1,1,1,75,65,116,8,8,71,1,108,113,108,45,36,40,137,129,34,68,1,29,135,74,66,83,17,2,74,1,99.0,112.6,107.3,107.3,100.9,103.7,103.7,11.7,3.6,3.6,0.0,0.0,0.0,0.043,0.192,0.122,0.0,0.0,1.1,1.1,0.088,0.092,96.89,97.86,81.55,97.86,0.134,55,4.0,5.0,66,88,88,75,82,82,55,80,80,137,101,137,73,40,47,1,1,5,5,166,166,143,129,129,55,65,116,42,24,0.0,1,1,0,1,0.0,0.024,4,0,1,0.0,0,0,0.0,0,0.0,3,0.75,0,0.0,0,0.0,0,0.0,11,47,23,1.2,1.53,0.64,0.234,0,0,1,0.0,0.0,2.0,1.0,0.0,1.0,2.0,0.5,0.0,0.5,6.8,2.0,3.0,0.4,6.0,0.833,0.0,0.833,4.9,3.0,3.0,0.5,8.0,0.75,0.0,0.75,5.2,,,,,,,,,,,,,,,0.4,1.0,2.0,0.5,0.5,0.4,1.0,2.0,0.5,0.0,0.0,0.0,,0.2,1.0,1.0,1.0,1.5,0.0,0.0,0.0,,0.2,1.0,1.0,1.0,0.4,2.0,2.0,1.0,1.5,0.0,0.0,0.0,,0.4,2.0,2.0,1.0,1,1,1.0,3,1.0,1.0,1.0,1.5,6,1.0,2,1.0,0,0.0,0,0.0,1.1,1.0,1.0,1.0,0.0,1.0,0.0,0.0,0.0,0.0,1.0,1.0,1.0,0.0,0.0,0.0,2.0,2.0,1.0,0.0,0.0,0.0,1.0,1.0,1.0,SAC,1.0,1.0,1.0,0.0,1.0,0.0,0.0,0.0,0.0,0.0,0.0,0.0,1.0,1.0,1.0,2.0,2.0,1.0,,,,0.0,0.0,0.0,0.0,0.0,0.0,2,2,2.0,2.0,1.0,1.5,4.0,8.0,0.5,0.47,0.03,2.0,3.0,0.667,0.417,0.249,2.0,5.0,0.4,0.484,-0.084,2.0,3.0,0.667,0.623,0.044,2.0,3.0,0.667,0.553,0.114,2.0,3.0,0.667,0.432,0.235,7.0,4.0,3.0,2.0,0.0,0.0,0.0,0.0,0.0,0.0,0.0,0.0,1.0,2.0,3.0,1.0,1.0,0.333,0.667,0.5,0.5,0,0,0,0,0.0,0.0,0,0.0,0,0.0,0,0.0,0,0.0,10534,2.0,1.0,1.0,4.23,4.76,3.8,2019,20181112,False
203457,Nerlens Noel,Nerlens,1610612760,OKC,25.0,1,1,0,1.0,15.0,3,6,0.5,0,0,0.0,3,3,1.0,3,3,6,1,0,0,1,0,1,3,9,-6,20.7,0,0,18.0,1,1,1,1,145,85,110,59,104,144,104,33,52,1,10,69,40,100,129,95,18,1,29,37,90,134,91,17,2,99,1,99.0,107.9,109.7,109.7,135.0,133.3,133.3,-27.1,-23.7,-23.7,0.125,0.0,12.5,0.158,0.231,0.188,0.0,0.0,0.5,0.615,0.179,0.206,97.86,97.6,81.33,97.6,0.176,31,3.0,6.0,89,82,82,173,168,168,164,160,160,85,101,105,12,35,19,1,1,79,64,97,72,135,134,134,24,85,110,23,15,0.0,0,4,2,1,0.043,0.043,0,0,0,0.0,0,0,0.0,0,0.0,0,0.0,0,0.0,0,0.0,0,0.0,9,29,16,0.9,1.88,0.69,0.31,2,0,7,0.0,0.0,0.857,2.0,1.0,0.667,8.0,0.375,0.0,0.375,4.4,0.0,3.0,0.0,6.0,0.5,0.0,0.5,10.7,2.0,4.0,0.333,14.0,0.429,0.0,0.429,7.6,1.0,0.333,1.0,2.0,0.5,0.5,0.333,1.0,2.0,0.5,0.0,0.0,0.0,,0.333,1.0,2.0,0.5,0.5,0.333,1.0,2.0,0.5,0.0,0.0,0.0,,0.333,1.0,2.0,0.5,0.5,0.333,1.0,2.0,0.5,0.0,0.0,0.0,,,,,,,,,,,,,,,0,0,,0,,,,,0,0.0,6,0.75,0,0.0,0,0.0,0.5,2.0,3.0,0.667,1.0,3.0,0.333,0.0,0.0,0.0,,,,0.0,0.0,0.0,0.0,0.0,0.0,0.0,0.0,0.0,0.0,0.0,0.0,OKC,2.0,3.0,0.667,1.0,2.0,0.5,0.0,1.0,0.0,0.0,0.0,0.0,0.0,0.0,0.0,0.0,0.0,0.0,,,,,,,0.0,0.0,0.0,0,2,,,,0.0,8.0,12.0,0.667,0.499,0.167,0.0,1.0,0.0,0.295,-0.295,8.0,11.0,0.727,0.544,0.184,6.0,8.0,0.75,0.676,0.074,7.0,10.0,0.7,0.606,0.094,0.0,1.0,0.0,0.304,-0.304,8.0,7.0,1.0,0.0,0.0,0.0,0.0,0.0,0.0,0.0,0.0,0.0,1.0,5.0,6.0,4.0,2.0,0.167,0.833,1.0,0.5,0,0,0,0,0.0,0.0,0,0.0,0,0.0,0,0.0,0,0.0,5897,1.1,0.6,0.6,3.95,4.4,4.22,2019,20181112,False
202696,Nikola Vučević,Nikola,1610612753,ORL,28.0,1,0,1,0.0,32.05,8,17,0.471,1,3,0.333,0,0,0.0,4,7,11,3,2,1,0,2,2,0,17,0,35.7,1,0,34.0,1,93,93,93,49,15,17,89,56,71,59,108,113,108,7,18,13,42,38,34,68,170,78,135,37,89,32,1,2,31,1,98.0,113.6,112.9,112.9,113.5,114.5,114.5,0.1,-1.6,-1.6,0.125,1.5,13.6,0.118,0.241,0.175,9.1,9.1,0.5,0.5,0.244,0.252,104.18,104.09,86.74,104.09,0.11,70,8.0,17.0,61,70,70,123,125,125,98,101,101,85,45,97,18,31,24,97,98,79,105,43,40,56,60,60,69,15,17,50,41,0.0,0,6,8,3,0.06,0.06,2,0,1,0.0,0,0,0.0,0,0.0,0,0.0,0,0.0,1,0.5,0,0.0,17,71,44,1.9,1.62,0.54,0.239,4,5,12,0.0,0.8,0.833,2.0,2.0,0.5,9.0,0.444,0.0,0.444,11.4,1.0,6.0,0.143,9.0,0.778,1.0,0.875,6.4,3.0,8.0,0.273,17.0,0.647,1.0,0.688,8.3,1.0,0.471,3.0,8.0,0.375,0.375,0.471,3.0,8.0,0.375,0.0,0.0,0.0,,0.176,1.0,3.0,0.333,0.333,0.176,1.0,3.0,0.333,0.0,0.0,0.0,,0.176,2.0,3.0,0.667,0.667,0.118,2.0,2.0,1.0,0.059,0.0,1.0,0.0,0.176,2.0,3.0,0.667,0.833,0.059,1.0,1.0,1.0,0.118,1.0,2.0,0.5,1,2,0.5,2,0.0,0.0,,0.5,5,0.4,10,0.5,4,0.5,0,0.0,0.5,3.0,6.0,0.5,2.0,5.0,0.4,2.0,3.0,0.667,0.0,0.0,0.0,0.0,0.0,0.0,1.0,3.0,0.333,0.0,0.0,0.0,0.0,0.0,0.0,ORL,3.0,7.0,0.429,2.0,3.0,0.667,0.0,1.0,0.0,2.0,3.0,0.667,0.0,0.0,0.0,1.0,3.0,0.333,0.0,0.0,0.0,0.0,0.0,0.0,0.0,0.0,0.0,2,5,1.0,3.0,0.333,0.5,8.0,15.0,0.533,0.499,0.035,1.0,4.0,0.25,0.347,-0.097,7.0,11.0,0.636,0.561,0.075,5.0,8.0,0.625,0.697,-0.072,5.0,8.0,0.625,0.63,-0.005,2.0,5.0,0.4,0.355,0.045,11.0,9.0,2.0,2.0,0.0,6.0,13.0,0.0,1.0,1.0,0.0,1.0,0.0,6.0,6.0,4.0,0.0,0.0,1.0,1.0,0.0,2,4,0,0,0.0,0.8,1,0.2,0,0.0,0,0.0,0,0.0,11981,2.3,1.3,1.0,4.06,4.49,3.62,2019,20181112,False
1628384,OG Anunoby,OG,1610612761,TOR,21.0,1,0,1,0.0,24.233333333333334,6,13,0.462,2,8,0.25,3,5,0.6,0,2,2,0,1,3,0,0,2,3,17,-9,27.4,0,0,27.0,1,93,93,93,91,37,34,91,24,9,82,33,24,76,96,89,105,137,71,5,68,1,78,37,37,151,57,17,2,52,1,101.0,94.8,96.3,96.3,118.1,115.1,115.1,-23.3,-18.8,-18.8,0.0,0.0,0.0,0.0,0.083,0.038,6.3,6.2,0.538,0.559,0.267,0.271,105.45,105.97,88.31,105.97,0.104,54,6.0,13.0,140,134,134,137,131,131,158,147,147,137,101,137,96,109,136,75,75,75,87,29,31,50,44,44,77,37,34,15,18,0.0,0,1,0,0,0.0,0.0,2,1,1,1.0,0,0,0.0,2,1.0,1,0.5,0,0.0,0,0.0,0,0.0,17,30,17,0.9,1.85,0.87,0.567,1,1,0,2.0,0.0,0.0,0.0,0.0,0.0,1.0,0.0,0.0,0.0,0.0,0.0,2.0,0.0,4.0,0.5,0.0,0.5,3.2,0.0,2.0,0.0,4.0,0.5,0.0,0.5,3.2,1.0,0.077,1.0,1.0,1.0,1.0,0.077,1.0,1.0,1.0,0.0,0.0,0.0,,0.154,2.0,2.0,1.0,1.0,0.154,2.0,2.0,1.0,0.0,0.0,0.0,,0.077,0.0,1.0,0.0,0.0,0.077,0.0,1.0,0.0,0.0,0.0,0.0,,0.692,3.0,9.0,0.333,0.444,0.077,1.0,1.0,1.0,0.615,2.0,8.0,0.25,0,1,0.0,0,0.0,0.0,,0.0,6,0.25,0,0.0,0,0.0,2,0.0,0.538,4.0,4.0,1.0,0.0,0.0,0.0,0.0,1.0,0.0,2.0,5.0,0.4,0.0,1.0,0.0,0.0,2.0,0.0,0.0,0.0,0.0,2.0,6.0,0.333,TOR,4.0,4.0,1.0,0.0,0.0,0.0,0.0,0.0,0.0,0.0,1.0,0.0,2.0,6.0,0.333,0.0,2.0,0.0,,,,0.0,0.0,0.0,0.0,0.0,0.0,2,8,2.0,8.0,0.25,0.375,7.0,10.0,0.7,0.498,0.202,0.0,2.0,0.0,0.345,-0.345,7.0,8.0,0.875,0.546,0.329,5.0,6.0,0.833,0.69,0.143,5.0,6.0,0.833,0.619,0.215,1.0,3.0,0.333,0.354,-0.021,3.0,2.0,1.0,4.0,0.0,0.0,0.0,0.0,0.0,0.0,0.0,0.0,0.0,2.0,2.0,0.0,0.0,0.0,1.0,0.0,0.0,0,0,0,2,0.0,0.0,0,0.0,0,0.0,0,0.0,1,1.0,9807,1.9,1.0,0.9,4.41,4.84,4.0,2019,20181112,False
203490,Otto Porter Jr.,Otto,1610612741,CHI,26.0,1,1,0,1.0,21.7,2,4,0.5,2,4,0.5,0,0,0.0,0,1,1,4,0,0,1,0,3,1,6,-10,16.2,0,0,15.0,1,1,1,1,110,119,131,59,24,49,31,108,113,108,96,126,139,30,129,95,18,1,119,102,119,157,113,17,2,112,1,105.0,104.7,102.2,102.2,121.9,123.9,123.9,-17.2,-21.7,-21.7,0.222,0.0,50.0,0.0,0.043,0.023,0.0,0.0,0.75,0.75,0.082,0.085,101.35,101.75,84.79,101.75,0.06,46,2.0,4.0,101,105,105,150,153,153,146,152,152,43,101,4,96,143,158,1,1,22,29,167,168,85,85,85,124,119,131,13,15,0.0,0,4,10,4,0.308,0.308,1,0,0,0.0,0,0,0.0,0,0.0,0,0.0,0,0.0,0,0.0,0,0.0,6,18,15,0.6,1.88,1.17,0.333,0,0,1,0.0,0.0,0.0,0.0,0.0,0.0,2.0,0.0,0.0,0.0,0.0,1.0,0.0,1.0,3.0,0.333,0.0,0.333,4.2,1.0,0.0,1.0,5.0,0.2,0.0,0.2,4.2,,,,,,,,,,,,,,,,,,,,,,,,,,,,0.5,1.0,2.0,0.5,0.75,0.0,0.0,0.0,,0.5,1.0,2.0,0.5,0.5,1.0,2.0,0.5,0.75,0.0,0.0,0.0,,0.5,1.0,2.0,0.5,0,0,,0,0.0,0.0,,,6,0.5,0,0.0,0,0.0,0,0.0,0.75,0.0,0.0,0.0,0.0,0.0,0.0,0.0,0.0,0.0,1.0,2.0,0.5,0.0,1.0,0.0,1.0,1.0,1.0,0.0,0.0,0.0,1.0,3.0,0.333,CHI,0.0,0.0,0.0,0.0,0.0,0.0,0.0,0.0,0.0,0.0,0.0,0.0,1.0,3.0,0.333,1.0,1.0,1.0,0.0,0.0,0.0,0.0,0.0,0.0,0.0,0.0,0.0,2,4,2.0,4.0,0.5,0.75,8.0,12.0,0.667,0.436,0.231,4.0,5.0,0.8,0.384,0.416,4.0,7.0,0.571,0.474,0.098,3.0,4.0,0.75,0.56,0.19,3.0,5.0,0.6,0.503,0.097,4.0,5.0,0.8,0.389,0.411,6.0,3.0,3.0,1.0,0.0,0.0,0.0,0.0,0.0,0.0,0.0,0.0,0.0,0.0,0.0,0.0,0.0,0.0,0.0,0.0,0.0,0,0,0,0,0.0,0.0,0,0.0,0,0.0,0,0.0,0,0.0,8936,1.7,0.8,0.9,4.5,4.46,4.54,2019,20181112,False
1627783,Pascal Siakam,Pascal,1610612761,TOR,25.0,1,0,1,0.0,28.383333333333333,8,12,0.667,2,4,0.5,4,4,1.0,0,3,3,1,0,1,3,1,5,3,22,-10,39.1,0,0,36.0,1,93,93,93,68,15,40,24,24,49,31,23,32,1,96,69,85,100,129,34,3,118,171,37,20,157,24,17,2,26,1,101.0,117.5,123.2,123.2,131.5,138.6,138.6,-14.0,-15.4,-15.4,0.059,0.0,7.1,0.0,0.107,0.048,0.0,0.0,0.75,0.799,0.194,0.203,100.45,95.55,79.62,95.55,0.141,56,8.0,12.0,50,37,37,170,177,177,135,141,141,127,101,124,96,95,125,1,1,22,21,79,75,95,156,156,49,15,40,30,29,0.0,0,3,3,1,0.033,0.033,3,0,1,0.0,2,2,1.0,2,0.667,1,0.333,1,0.333,0,0.0,1,0.333,22,46,28,1.5,2.02,1.02,0.478,3,2,2,0.667,1.0,2.5,0.0,0.0,0.0,2.0,0.0,0.0,0.0,0.0,1.0,2.0,0.333,6.0,0.5,0.0,0.5,5.9,1.0,2.0,0.333,8.0,0.375,0.0,0.375,5.9,1.0,0.333,2.0,4.0,0.5,0.5,0.333,2.0,4.0,0.5,0.0,0.0,0.0,,0.167,2.0,2.0,1.0,1.0,0.167,2.0,2.0,1.0,0.0,0.0,0.0,,0.167,2.0,2.0,1.0,1.0,0.167,2.0,2.0,1.0,0.0,0.0,0.0,,0.333,2.0,4.0,0.5,0.75,0.0,0.0,0.0,,0.333,2.0,4.0,0.5,1,1,1.0,2,0.0,0.0,,1.0,6,0.5,5,1.0,2,0.5,2,1.0,0.75,3.0,4.0,0.75,2.0,3.0,0.667,1.0,1.0,1.0,0.0,2.0,0.0,1.0,1.0,1.0,1.0,1.0,1.0,0.0,0.0,0.0,1.0,3.0,0.333,TOR,3.0,4.0,0.75,1.0,2.0,0.5,1.0,1.0,1.0,1.0,1.0,1.0,2.0,4.0,0.5,0.0,0.0,0.0,,,,,,,0.0,0.0,0.0,2,4,2.0,4.0,0.5,0.75,8.0,17.0,0.471,0.505,-0.035,2.0,5.0,0.4,0.349,0.051,6.0,12.0,0.5,0.549,-0.049,5.0,6.0,0.833,0.663,0.171,5.0,10.0,0.5,0.609,-0.109,3.0,7.0,0.429,0.362,0.067,15.0,10.0,5.0,2.0,0.0,0.0,0.0,0.0,3.0,3.0,0.0,1.0,0.0,3.0,3.0,2.0,0.0,0.0,1.0,1.0,0.0,1,2,0,0,0.0,1.0,0,0.0,0,0.0,0,0.0,0,0.0,11388,2.2,1.2,1.0,4.35,4.83,3.88,2019,20181112,False
201976,Patrick Beverley,Patrick,1610612746,LAC,30.0,1,1,0,1.0,23.516666666666666,2,5,0.4,0,0,0.0,0,0,0.0,1,1,2,5,0,1,0,3,2,0,4,13,16.9,0,0,13.0,1,1,1,1,97,119,116,110,104,144,104,108,113,108,45,126,105,17,129,34,68,184,78,135,141,17,107,17,2,123,1,111.0,135.7,139.1,139.1,111.5,110.9,110.9,24.3,28.3,28.3,0.238,0.0,50.0,0.063,0.043,0.051,0.0,0.0,0.4,0.4,0.096,0.1,94.83,93.89,78.24,93.89,0.059,46,2.0,5.0,9,8,8,116,112,112,29,23,23,39,101,4,47,143,117,1,1,131,138,163,163,158,167,167,126,119,116,23,25,0.0,0,3,12,5,0.217,0.217,5,2,4,0.5,0,0,0.0,4,0.8,1,0.2,0,0.0,0,0.0,0,0.0,4,28,19,1.8,3.76,3.43,0.143,0,0,0,0.0,0.0,0.0,0.0,1.0,0.0,3.0,0.333,0.0,0.333,10.3,0.0,1.0,0.0,4.0,0.25,2.0,0.5,12.5,0.0,2.0,0.0,7.0,0.286,2.0,0.4,11.4,1.0,0.4,0.0,2.0,0.0,0.0,0.4,0.0,2.0,0.0,0.0,0.0,0.0,,0.4,1.0,2.0,0.5,0.5,0.4,1.0,2.0,0.5,0.0,0.0,0.0,,0.2,1.0,1.0,1.0,1.0,0.2,1.0,1.0,1.0,0.0,0.0,0.0,,,,,,,,,,,,,,,0,0,,0,,,,,0,0.0,0,0.0,0,0.0,0,0.0,0.4,2.0,3.0,0.667,0.0,2.0,0.0,0.0,0.0,0.0,0.0,0.0,0.0,0.0,0.0,0.0,0.0,0.0,0.0,0.0,0.0,0.0,0.0,0.0,0.0,LAC,2.0,3.0,0.667,0.0,2.0,0.0,0.0,0.0,0.0,0.0,0.0,0.0,0.0,0.0,0.0,0.0,0.0,0.0,0.0,0.0,0.0,,,,0.0,0.0,0.0,0,0,,,,,7.0,13.0,0.538,0.484,0.055,2.0,3.0,0.667,0.39,0.277,5.0,10.0,0.5,0.527,-0.027,1.0,4.0,0.25,0.685,-0.435,1.0,4.0,0.25,0.65,-0.4,6.0,8.0,0.75,0.41,0.341,4.0,3.0,1.0,1.0,0.0,1.0,2.0,0.0,1.0,1.0,0.0,1.0,0.0,1.0,1.0,0.0,0.0,0.0,1.0,0.0,0.0,0,0,0,0,0.0,0.0,0,0.0,0,0.0,0,0.0,0,0.0,9690,1.8,1.0,0.8,4.34,4.64,4.01,2019,20181112,False
202335,Patrick Patterson,Patrick,1610612760,OKC,30.0,1,1,0,1.0,15.45,2,3,0.667,1,2,0.5,0,0,0.0,1,0,1,1,0,0,0,0,0,0,5,-2,7.7,0,0,8.0,1,1,1,1,143,119,152,24,56,92,31,108,113,108,45,155,139,100,129,95,68,1,1,135,131,105,155,17,2,147,1,99.0,92.9,94.3,94.3,107.2,106.1,106.1,-14.3,-11.8,-11.8,0.111,0.0,25.0,0.045,0.0,0.026,0.0,0.0,0.833,0.833,0.071,0.076,105.88,105.63,88.03,105.63,0.1,35,2.0,3.0,145,144,144,98,98,98,138,134,134,95,101,41,68,155,157,1,1,14,17,170,170,47,47,47,80,119,152,22,10,0.0,0,1,3,1,0.045,0.045,0,0,0,0.0,0,0,0.0,0,0.0,0,0.0,0,0.0,0,0.0,0,0.0,5,26,11,0.6,1.44,0.19,0.192,0,0,2,0.0,0.0,1.0,1.0,0.0,1.0,2.0,0.5,0.0,0.5,3.6,0.0,0.0,0.0,2.0,0.0,0.0,0.0,0.0,1.0,0.0,1.0,4.0,0.25,0.0,0.25,3.6,1.0,0.333,1.0,1.0,1.0,1.0,0.333,1.0,1.0,1.0,0.0,0.0,0.0,,0.333,0.0,1.0,0.0,0.0,0.0,0.0,0.0,,0.333,0.0,1.0,0.0,,,,,,,,,,,,,,0.333,1.0,1.0,1.0,1.5,0.0,0.0,0.0,,0.333,1.0,1.0,1.0,0,0,,0,0.0,0.0,,,3,0.5,2,1.0,0,0.0,0,0.0,0.833,1.0,1.0,1.0,0.0,0.0,0.0,0.0,0.0,0.0,,,,0.0,1.0,0.0,1.0,1.0,1.0,0.0,0.0,0.0,0.0,1.0,0.0,OKC,1.0,1.0,1.0,0.0,0.0,0.0,0.0,0.0,0.0,0.0,0.0,0.0,0.0,1.0,0.0,1.0,1.0,1.0,,,,,,,0.0,0.0,0.0,1,2,1.0,2.0,0.5,0.75,3.0,5.0,0.6,0.429,0.171,0.0,2.0,0.0,0.33,-0.33,3.0,3.0,1.0,0.501,0.499,1.0,1.0,1.0,0.631,0.369,2.0,2.0,1.0,0.526,0.475,0.0,2.0,0.0,0.346,-0.346,4.0,2.0,2.0,0.0,0.0,1.0,3.0,0.0,0.0,0.0,0.0,0.0,1.0,2.0,3.0,2.0,1.0,0.333,0.667,1.0,0.5,0,0,0,0,0.0,0.0,0,0.0,0,0.0,0,0.0,0,0.0,6497,1.2,0.7,0.6,4.13,4.84,4.12,2019,20181112,False
201988,Patty Mills,Patty,1610612759,SAS,30.0,1,0,1,0.0,21.816666666666666,2,8,0.25,1,6,0.167,0,0,0.0,0,3,3,4,1,2,0,0,0,1,5,10,19.6,0,0,17.0,1,93,93,93,109,119,84,145,56,21,100,108,113,108,96,69,85,30,71,10,68,1,1,102,131,27,97,17,2,101,1,97.0,103.1,104.3,104.3,83.8,79.6,79.6,19.3,24.7,24.7,0.25,4.0,30.8,0.0,0.111,0.058,7.7,7.7,0.313,0.313,0.176,0.178,103.45,105.61,88.01,105.61,0.093,47,2.0,8.0,105,97,97,17,14,14,35,29,29,31,9,30,96,91,107,86,87,149,154,100,104,63,48,48,88,119,84,37,40,1.0,0,7,10,5,0.108,0.135,2,1,1,1.0,0,0,0.0,2,1.0,0,0.0,0,0.0,0,0.0,0,0.0,5,48,14,2.9,3.58,4.0,0.104,0,0,0,0.0,0.0,0.0,0.0,0.0,0.0,1.0,0.0,0.0,0.0,0.0,0.0,3.0,0.0,4.0,0.75,0.0,0.75,10.8,0.0,3.0,0.0,4.0,0.75,0.0,0.75,10.8,1.0,0.125,1.0,1.0,1.0,1.0,0.125,1.0,1.0,1.0,0.0,0.0,0.0,,0.125,0.0,1.0,0.0,0.0,0.0,0.0,0.0,,0.125,0.0,1.0,0.0,0.5,0.0,4.0,0.0,0.0,0.125,0.0,1.0,0.0,0.375,0.0,3.0,0.0,0.25,1.0,2.0,0.5,0.75,0.0,0.0,0.0,,0.25,1.0,2.0,0.5,1,3,0.333,3,1.0,3.0,0.333,0.5,0,0.0,0,0.0,0,0.0,0,0.0,0.313,1.0,1.0,1.0,0.0,0.0,0.0,0.0,1.0,0.0,,,,0.0,1.0,0.0,1.0,5.0,0.2,0.0,0.0,0.0,0.0,1.0,0.0,SAS,1.0,1.0,1.0,0.0,0.0,0.0,0.0,0.0,0.0,0.0,1.0,0.0,1.0,3.0,0.333,0.0,3.0,0.0,,,,0.0,0.0,0.0,0.0,0.0,0.0,0,4,0.0,3.0,0.0,0.0,3.0,7.0,0.429,0.455,-0.026,0.0,2.0,0.0,0.29,-0.29,3.0,5.0,0.6,0.501,0.099,3.0,4.0,0.75,0.575,0.176,3.0,5.0,0.6,0.538,0.062,0.0,2.0,0.0,0.327,-0.327,3.0,2.0,1.0,3.0,0.0,0.0,0.0,0.0,0.0,0.0,0.0,0.0,0.0,0.0,0.0,0.0,0.0,0.0,0.0,0.0,0.0,0,0,0,0,0.0,0.0,0,0.0,0,0.0,0,0.0,0,0.0,9623,1.8,1.0,0.8,4.63,5.3,4.0,2019,20181112,False
202331,Paul George,Paul,1610612760,OKC,29.0,1,1,0,1.0,35.65,11,19,0.579,6,10,0.6,4,4,1.0,1,7,8,6,4,0,0,0,3,2,32,21,46.6,0,0,52.0,1,1,1,1,26,4,9,45,2,3,26,23,32,1,45,18,22,10,4,95,68,1,119,69,3,4,10,17,2,5,1,99.0,118.0,125.0,125.0,95.0,94.5,94.5,22.9,30.5,30.5,0.261,1.5,19.4,0.029,0.219,0.119,12.9,13.0,0.737,0.771,0.287,0.294,100.23,97.62,81.35,97.62,0.21,72,11.0,19.0,47,27,27,49,44,44,30,18,18,29,45,67,89,36,50,127,128,29,24,14,16,97,133,133,13,4,9,26,41,0.0,0,7,15,6,0.231,0.231,8,0,2,0.0,0,0,0.0,0,0.0,4,0.5,1,0.125,2,0.25,0,0.0,32,53,33,3.6,4.05,3.19,0.604,1,0,2,0.0,0.0,1.0,0.0,1.0,0.0,1.0,1.0,0.0,1.0,2.8,1.0,6.0,0.143,9.0,0.778,0.0,0.778,4.9,1.0,7.0,0.125,10.0,0.8,0.0,0.8,4.6,1.0,0.053,0.0,1.0,0.0,0.0,0.053,0.0,1.0,0.0,0.0,0.0,0.0,,0.158,2.0,3.0,0.667,0.667,0.105,2.0,2.0,1.0,0.053,0.0,1.0,0.0,0.579,6.0,11.0,0.545,0.682,0.316,3.0,6.0,0.5,0.263,3.0,5.0,0.6,0.211,3.0,4.0,0.75,1.125,0.0,0.0,0.0,,0.211,3.0,4.0,0.75,6,12,0.5,14,2.0,4.0,0.5,0.583,12,0.667,2,0.5,0,0.0,0,0.0,0.737,1.0,1.0,1.0,0.0,1.0,0.0,4.0,7.0,0.571,1.0,1.0,1.0,1.0,2.0,0.5,4.0,7.0,0.571,,,,2.0,3.0,0.667,OKC,1.0,1.0,1.0,0.0,0.0,0.0,1.0,4.0,0.25,3.0,4.0,0.75,4.0,5.0,0.8,2.0,5.0,0.4,,,,0.0,0.0,0.0,,,,4,6,4.0,6.0,0.667,1.0,3.0,13.0,0.231,0.472,-0.241,0.0,3.0,0.0,0.329,-0.329,3.0,10.0,0.3,0.54,-0.24,2.0,5.0,0.4,0.647,-0.247,2.0,6.0,0.333,0.605,-0.272,0.0,4.0,0.0,0.372,-0.372,6.0,2.0,4.0,4.0,0.0,0.0,0.0,1.0,0.0,1.0,1.0,0.0,0.0,0.0,0.0,0.0,0.0,0.0,0.0,0.0,0.0,0,0,0,0,0.0,0.0,0,0.0,0,0.0,0,0.0,0,0.0,12983,2.5,1.4,1.1,3.94,4.61,3.33,2019,20181112,False
202347,Quincy Pondexter,Quincy,1610612759,SAS,31.0,1,0,1,0.0,2.565,0,2,0.0,0,1,0.0,0,0,0.0,0,0,0,2,0,0,0,1,0,0,0,4,3.0,0,0,2.0,1,93,93,93,178,166,161,166,104,118,104,108,113,108,96,155,166,70,129,95,68,118,1,135,171,55,175,17,2,177,1,97.0,133.3,160.0,160.0,100.0,66.7,66.7,33.3,93.3,93.3,0.667,0.0,50.0,0.0,0.0,0.0,0.0,0.0,0.0,0.0,0.286,0.286,93.57,102.92,85.77,102.92,0.0,5,0.0,2.0,12,3,3,72,5,5,15,2,2,2,101,4,96,155,166,1,1,166,171,15,23,165,70,70,158,166,161,5,5,0.0,0,2,6,2,0.4,0.4,0,0,0,0.0,0,0,0.0,0,0.0,0,0.0,0,0.0,0,0.0,0,0.0,0,7,4,0.2,1.67,0.43,0.0,0,0,0,0.0,0.0,0.0,,,,,,,,,,,,,,,,,,,,,,,,,,,,,,,,,,,,,,,0.5,0.0,1.0,0.0,0.0,0.5,0.0,1.0,0.0,0.0,0.0,0.0,,,,,,,,,,,,,,,0.5,0.0,1.0,0.0,0.0,0.0,0.0,0.0,,0.5,0.0,1.0,0.0,0,1,0.0,0,0.0,0.0,,0.0,0,0.0,0,0.0,0,0.0,0,0.0,0.0,0.0,1.0,0.0,0.0,0.0,0.0,0.0,0.0,0.0,,,,0.0,1.0,0.0,0.0,0.0,0.0,,,,0.0,1.0,0.0,SAS,0.0,1.0,0.0,0.0,0.0,0.0,0.0,0.0,0.0,0.0,0.0,0.0,0.0,1.0,0.0,0.0,0.0,0.0,,,,,,,,,,0,1,0.0,1.0,0.0,0.0,,,,,,,,,,,,,,,,,,,,,,,,,,,,,,,,,,,,,,,,,,,,,,,,,,,,0,0,0,0,0.0,0.0,0,0.0,0,0.0,0,0.0,0,0.0,1033,0.2,0.1,0.1,4.34,4.55,4.16,2019,20181112,False
1626188,Quinn Cook,Quinn,1610612744,GSW,26.0,1,0,1,0.0,22.051666666666666,3,7,0.429,1,3,0.333,0,0,0.0,1,0,1,3,2,1,0,0,1,0,7,-7,13.7,0,0,14.0,1,93,93,93,107,85,97,100,56,71,59,108,113,108,45,155,139,42,38,34,68,1,29,135,111,142,124,17,2,120,1,112.0,120.4,118.2,118.2,130.6,134.1,134.1,-10.3,-15.9,-15.9,0.167,1.5,25.0,0.053,0.0,0.027,16.7,16.7,0.5,0.5,0.184,0.187,96.17,95.78,79.81,95.78,0.043,44,3.0,7.0,40,48,48,167,170,170,128,142,142,60,45,41,60,155,152,138,138,79,105,90,91,148,154,154,140,85,97,35,39,0.0,0,8,8,3,0.086,0.086,2,0,1,0.0,0,0,0.0,0,0.0,0,0.0,0,0.0,1,0.5,0,0.0,7,45,28,2.6,3.4,3.67,0.156,1,0,1,0.0,0.0,0.0,0.0,1.0,0.0,1.0,1.0,0.0,1.0,17.8,0.0,0.0,0.0,2.0,0.0,0.0,0.0,0.0,0.0,1.0,0.0,3.0,0.333,0.0,0.333,17.8,1.0,0.143,0.0,1.0,0.0,0.0,0.143,0.0,1.0,0.0,0.0,0.0,0.0,,,,,,,,,,,,,,,0.143,1.0,1.0,1.0,1.0,0.143,1.0,1.0,1.0,0.0,0.0,0.0,,0.714,2.0,5.0,0.4,0.5,0.286,1.0,2.0,0.5,0.429,1.0,3.0,0.333,1,2,0.5,2,0.0,0.0,,0.5,5,0.5,0,0.0,0,0.0,0,0.0,0.5,0.0,0.0,0.0,0.0,1.0,0.0,2.0,3.0,0.667,1.0,2.0,0.5,0.0,0.0,0.0,0.0,1.0,0.0,0.0,0.0,0.0,1.0,2.0,0.5,GSW,0.0,0.0,0.0,0.0,1.0,0.0,0.0,1.0,0.0,1.0,1.0,1.0,2.0,3.0,0.667,0.0,1.0,0.0,0.0,0.0,0.0,,,,0.0,0.0,0.0,2,4,1.0,3.0,0.333,0.625,7.0,10.0,0.7,0.478,0.223,0.0,1.0,0.0,0.382,-0.382,7.0,9.0,0.778,0.499,0.279,4.0,5.0,0.8,0.561,0.239,5.0,6.0,0.833,0.523,0.311,2.0,4.0,0.5,0.41,0.09,5.0,4.0,1.0,1.0,0.0,0.0,0.0,0.0,0.0,0.0,0.0,0.0,0.0,0.0,0.0,0.0,0.0,0.0,0.0,0.0,0.0,0,0,0,0,0.0,0.0,0,0.0,0,0.0,0,0.0,0,0.0,9258,1.8,0.9,0.8,4.69,4.96,3.94,2019,20181112,False
101109,Raymond Felton,Raymond,1610612760,OKC,35.0,1,1,0,1.0,10.833333333333334,1,4,0.25,0,1,0.0,0,0,0.0,0,1,1,3,1,1,0,1,0,1,2,0,9.7,0,0,8.0,1,1,1,1,162,145,131,145,104,118,104,108,113,108,96,126,139,42,71,34,68,118,1,102,154,89,143,17,2,147,1,99.0,103.4,96.0,96.0,97.9,100.0,100.0,5.6,-4.0,-4.0,0.429,3.0,37.5,0.0,0.091,0.042,12.5,12.5,0.25,0.25,0.179,0.198,105.72,108.55,90.46,108.55,0.086,25,1.0,4.0,104,136,136,59,59,59,78,111,111,7,16,17,96,106,129,121,122,156,162,98,84,49,27,27,95,145,131,25,29,1.0,1,6,9,5,0.12,0.2,3,0,0,0.0,0,0,0.0,0,0.0,3,1.0,1,0.333,0,0.0,0,0.0,2,31,9,2.6,5.06,4.77,0.065,0,0,1,0.0,0.0,0.0,0.0,0.0,0.0,0.0,0.0,0.0,0.0,0.0,0.0,1.0,0.0,1.0,1.0,0.0,1.0,9.3,0.0,1.0,0.0,1.0,1.0,0.0,1.0,9.3,,,,,,,,,,,,,,,0.5,0.0,2.0,0.0,0.0,0.5,0.0,2.0,0.0,0.0,0.0,0.0,,0.5,1.0,2.0,0.5,0.5,0.25,1.0,1.0,1.0,0.25,0.0,1.0,0.0,,,,,,,,,,,,,,1,2,0.5,2,0.0,0.0,,0.5,0,0.0,0,0.0,0,0.0,0,0.0,0.25,0.0,1.0,0.0,0.0,0.0,0.0,1.0,2.0,0.5,,,,,,,0.0,1.0,0.0,0.0,0.0,0.0,,,,OKC,0.0,1.0,0.0,0.0,0.0,0.0,0.0,0.0,0.0,1.0,2.0,0.5,0.0,0.0,0.0,0.0,1.0,0.0,,,,,,,0.0,0.0,0.0,0,1,0.0,1.0,0.0,0.0,1.0,2.0,0.5,0.538,-0.038,,,,,,1.0,2.0,0.5,0.572,-0.072,1.0,1.0,1.0,0.704,0.296,1.0,1.0,1.0,0.64,0.36,,,,,,1.0,1.0,0.0,2.0,0.0,0.0,0.0,0.0,1.0,1.0,0.0,1.0,0.0,1.0,1.0,0.0,0.0,0.0,1.0,0.0,0.0,0,0,0,0,0.0,0.0,0,0.0,0,0.0,0,0.0,0,0.0,4565,0.9,0.5,0.4,4.32,4.73,3.9,2019,20181112,False
1626158,Richaun Holmes,Richaun,1610612756,PHX,25.0,1,0,1,0.0,13.416666666666666,4,5,0.8,0,0,0.0,0,0,0.0,3,4,7,0,0,0,0,1,4,2,8,-2,16.4,0,0,15.0,1,93,93,93,152,65,116,8,104,144,104,108,113,108,10,48,31,137,129,95,68,118,145,69,100,105,110,17,2,112,1,98.0,123.0,121.4,121.4,113.8,116.1,116.1,9.2,5.3,5.3,0.0,0.0,0.0,0.2,0.211,0.206,0.0,0.0,0.8,0.8,0.147,0.153,106.04,105.54,87.95,105.54,0.136,28,4.0,5.0,31,44,44,125,133,133,61,72,72,137,101,137,5,38,15,1,1,17,20,127,124,43,49,49,54,65,116,16,10,0.0,0,0,0,0,0.0,0.0,0,0,0,0.0,0,0,0.0,0,0.0,0,0.0,0,0.0,0,0.0,0,0.0,8,21,12,0.6,1.84,0.57,0.381,2,0,6,0.0,0.0,1.333,3.0,0.0,1.0,4.0,0.75,0.0,0.75,4.6,2.0,2.0,0.5,10.0,0.4,1.0,0.444,5.6,5.0,2.0,0.714,14.0,0.5,1.0,0.538,5.2,,,,,,,,,,,,,,,1.0,4.0,5.0,0.8,0.8,1.0,4.0,5.0,0.8,0.0,0.0,0.0,,,,,,,,,,,,,,,,,,,,,,,,,,,,0,0,,0,,,,,0,0.0,8,0.8,0,0.0,0,0.0,0.8,3.0,4.0,0.75,1.0,1.0,1.0,0.0,0.0,0.0,0.0,0.0,0.0,0.0,0.0,0.0,0.0,0.0,0.0,0.0,0.0,0.0,0.0,0.0,0.0,PHX,3.0,4.0,0.75,1.0,1.0,1.0,0.0,0.0,0.0,0.0,0.0,0.0,0.0,0.0,0.0,0.0,0.0,0.0,,,,,,,0.0,0.0,0.0,0,0,,,,,3.0,8.0,0.375,0.525,-0.15,0.0,1.0,0.0,0.319,-0.319,3.0,7.0,0.429,0.555,-0.127,2.0,3.0,0.667,0.645,0.021,3.0,4.0,0.75,0.614,0.136,0.0,3.0,0.0,0.348,-0.348,7.0,7.0,0.0,0.0,0.0,1.0,2.0,0.0,1.0,1.0,0.0,1.0,1.0,2.0,3.0,2.0,1.0,0.333,0.667,1.0,0.5,0,0,0,0,0.0,0.0,0,0.0,0,0.0,0,0.0,0,0.0,5387,1.0,0.5,0.5,3.97,3.94,4.01,2019,20181112,False
201937,Ricky Rubio,Ricky,1610612762,UTA,28.0,1,1,0,1.0,24.316666666666666,3,11,0.273,1,5,0.2,0,0,0.0,2,2,4,2,2,1,0,2,6,1,7,5,15.8,0,0,16.0,1,1,1,1,90,85,51,142,56,33,94,108,113,108,18,89,68,70,38,34,68,170,184,102,111,52,115,17,2,105,1,97.0,95.9,100.0,100.0,87.8,87.2,87.2,8.2,12.8,12.8,0.143,1.0,13.3,0.077,0.08,0.078,13.3,13.3,0.318,0.318,0.236,0.237,93.45,91.79,76.49,91.79,-0.055,46,3.0,11.0,134,111,111,23,25,25,66,52,52,76,58,98,32,114,82,130,130,148,152,48,49,167,175,175,180,85,51,49,49,0.0,1,6,6,3,0.041,0.061,9,0,1,0.0,0,0,0.0,0,0.0,7,0.778,0,0.0,1,0.111,0,0.0,7,64,34,4.1,3.87,3.38,0.109,1,0,0,0.0,0.0,0.0,1.0,1.0,0.5,4.0,0.5,0.0,0.5,18.6,0.0,2.0,0.0,2.0,1.0,0.0,1.0,9.6,1.0,3.0,0.25,6.0,0.667,0.0,0.667,14.1,1.0,0.091,1.0,1.0,1.0,1.0,0.091,1.0,1.0,1.0,0.0,0.0,0.0,,0.364,1.0,4.0,0.25,0.25,0.364,1.0,4.0,0.25,0.0,0.0,0.0,,0.091,0.0,1.0,0.0,0.0,0.091,0.0,1.0,0.0,0.0,0.0,0.0,,0.455,1.0,5.0,0.2,0.3,0.0,0.0,0.0,,0.455,1.0,5.0,0.2,1,5,0.2,2,0.0,1.0,0.0,0.2,3,0.25,0,0.0,0,0.0,0,0.0,0.318,1.0,2.0,0.5,0.0,2.0,0.0,1.0,2.0,0.5,0.0,1.0,0.0,0.0,0.0,0.0,1.0,4.0,0.25,0.0,0.0,0.0,0.0,1.0,0.0,UTA,1.0,2.0,0.5,0.0,2.0,0.0,1.0,1.0,1.0,0.0,1.0,0.0,0.0,1.0,0.0,1.0,4.0,0.25,,,,,,,0.0,0.0,0.0,1,4,1.0,4.0,0.25,0.375,6.0,11.0,0.545,0.455,0.09,1.0,3.0,0.333,0.361,-0.027,5.0,8.0,0.625,0.514,0.111,5.0,7.0,0.714,0.601,0.114,5.0,8.0,0.625,0.562,0.063,1.0,3.0,0.333,0.362,-0.028,4.0,1.0,3.0,1.0,0.0,0.0,0.0,3.0,0.0,3.0,1.0,0.0,0.0,0.0,0.0,0.0,0.0,0.0,0.0,0.0,0.0,0,0,0,0,0.0,0.0,0,0.0,0,0.0,0,0.0,0,0.0,9797,1.9,1.0,0.8,4.41,4.56,3.8,2019,20181112,False
201577,Robin Lopez,Robin,1610612741,CHI,31.0,1,0,1,0.0,18.391666666666666,2,4,0.5,0,1,0.0,1,1,1.0,1,1,2,2,1,0,1,0,1,3,5,-6,12.4,0,0,11.0,1,93,93,93,130,119,131,59,104,118,104,82,105,1,45,126,105,70,71,95,18,1,29,37,131,134,129,17,2,135,1,105.0,111.6,113.2,113.2,122.6,125.6,125.6,-11.0,-12.5,-12.5,0.154,2.0,28.6,0.053,0.05,0.051,14.3,13.4,0.5,0.563,0.122,0.134,102.41,100.48,83.73,100.48,0.061,38,2.0,4.0,72,69,69,154,158,158,130,135,135,69,25,33,60,137,117,132,131,79,83,147,140,74,100,100,121,119,131,6,9,0.0,0,2,4,2,0.333,0.333,0,0,0,0.0,0,0,0.0,0,0.0,0,0.0,0,0.0,0,0.0,0,0.0,5,12,10,0.3,1.58,0.67,0.417,0,3,3,0.0,0.0,1.667,1.0,0.0,1.0,1.0,1.0,0.0,1.0,3.7,0.0,1.0,0.0,5.0,0.2,2.0,0.333,3.3,1.0,1.0,0.5,6.0,0.333,2.0,0.5,3.5,1.0,0.25,1.0,1.0,1.0,1.0,0.25,1.0,1.0,1.0,0.0,0.0,0.0,,0.5,1.0,2.0,0.5,0.5,0.5,1.0,2.0,0.5,0.0,0.0,0.0,,,,,,,,,,,,,,,0.25,0.0,1.0,0.0,0.0,0.0,0.0,0.0,,0.25,0.0,1.0,0.0,0,1,0.0,0,0.0,0.0,,0.0,0,0.0,5,1.0,0,0.0,0,0.0,0.5,2.0,2.0,1.0,0.0,0.0,0.0,0.0,1.0,0.0,0.0,0.0,0.0,0.0,0.0,0.0,0.0,1.0,0.0,0.0,0.0,0.0,0.0,0.0,0.0,CHI,2.0,2.0,1.0,0.0,0.0,0.0,0.0,1.0,0.0,0.0,0.0,0.0,0.0,0.0,0.0,0.0,1.0,0.0,,,,,,,0.0,0.0,0.0,0,1,0.0,1.0,0.0,0.0,8.0,17.0,0.471,0.475,-0.005,2.0,5.0,0.4,0.309,0.091,6.0,12.0,0.5,0.508,-0.008,3.0,4.0,0.75,0.597,0.153,3.0,7.0,0.429,0.559,-0.13,5.0,8.0,0.625,0.324,0.301,10.0,8.0,2.0,0.0,0.0,2.0,6.0,0.0,0.0,0.0,0.0,0.0,1.0,12.0,13.0,4.0,0.0,0.077,0.923,0.8,0.0,0,1,0,0,0.0,0.0,1,0.333,0,0.0,0,0.0,0,0.0,7246,1.4,0.7,0.6,4.29,5.03,3.21,2019,20181112,False
203585,Rodney McGruder,Rodney,1610612746,LAC,27.0,1,0,1,0.0,26.1,2,4,0.5,0,0,0.0,2,2,1.0,1,1,2,2,1,1,0,0,2,2,6,-11,13.4,0,0,12.0,1,93,93,93,83,119,131,59,104,144,104,50,61,1,45,126,105,70,71,34,68,1,78,69,119,161,125,17,2,127,1,111.0,119.7,116.4,116.4,137.2,136.4,136.4,-17.5,-20.0,-20.0,0.1,2.0,25.0,0.045,0.048,0.047,12.5,12.7,0.5,0.615,0.103,0.104,99.46,101.15,84.29,101.15,0.048,55,2.0,4.0,43,52,52,175,174,174,148,149,149,108,25,41,68,138,127,121,125,79,64,160,159,108,90,90,136,119,131,24,23,0.0,0,5,5,2,0.083,0.083,6,0,1,0.0,2,2,1.0,2,0.333,2,0.333,0,0.0,2,0.333,1,0.167,6,33,20,1.6,2.82,2.45,0.182,0,0,3,0.0,0.0,0.0,1.0,0.0,1.0,1.0,1.0,0.0,1.0,3.1,0.0,1.0,0.0,5.0,0.2,3.0,0.5,3.3,1.0,1.0,0.5,6.0,0.333,3.0,0.667,3.2,1.0,0.25,0.0,1.0,0.0,0.0,0.25,0.0,1.0,0.0,0.0,0.0,0.0,,0.5,1.0,2.0,0.5,0.5,0.5,1.0,2.0,0.5,0.0,0.0,0.0,,0.25,1.0,1.0,1.0,1.0,0.25,1.0,1.0,1.0,0.0,0.0,0.0,,,,,,,,,,,,,,,0,0,,0,,,,,0,0.0,0,0.0,0,0.0,0,0.0,0.5,2.0,3.0,0.667,0.0,1.0,0.0,0.0,0.0,0.0,0.0,0.0,0.0,0.0,0.0,0.0,0.0,0.0,0.0,0.0,0.0,0.0,0.0,0.0,0.0,LAC,2.0,3.0,0.667,0.0,1.0,0.0,0.0,0.0,0.0,0.0,0.0,0.0,0.0,0.0,0.0,0.0,0.0,0.0,0.0,0.0,0.0,0.0,0.0,0.0,0.0,0.0,0.0,0,0,,,,,5.0,10.0,0.5,0.444,0.056,1.0,5.0,0.2,0.377,-0.177,4.0,5.0,0.8,0.514,0.286,1.0,2.0,0.5,0.616,-0.116,1.0,2.0,0.5,0.575,-0.075,4.0,8.0,0.5,0.406,0.094,7.0,1.0,6.0,1.0,0.0,0.0,0.0,0.0,0.0,0.0,0.0,0.0,0.0,2.0,2.0,1.0,0.0,0.0,1.0,1.0,0.0,0,0,0,0,0.0,0.0,0,0.0,0,0.0,0,0.0,0,0.0,12026,2.3,1.2,1.1,4.91,5.47,4.41,2019,20181112,False
1626178,Rondae Hollis-Jefferson,Rondae,1610612751,BKN,24.0,1,0,1,0.0,26.7,5,10,0.5,0,0,0.0,4,6,0.667,4,2,6,5,1,3,1,1,4,3,14,-8,39.7,0,0,33.0,1,93,93,93,77,50,60,59,104,144,104,23,15,71,7,89,40,17,71,5,18,118,145,37,50,146,23,17,2,34,1,104.0,112.4,112.1,112.1,122.1,123.7,123.7,-9.7,-11.7,-11.7,0.263,5.0,26.3,0.118,0.125,0.12,5.3,5.4,0.5,0.554,0.206,0.204,105.74,105.17,87.64,105.17,0.109,58,5.0,10.0,67,74,74,151,151,151,123,133,133,28,4,40,18,80,48,69,69,79,89,69,74,48,51,51,72,50,60,50,41,0.0,0,10,14,5,0.1,0.1,5,0,2,0.0,0,2,0.0,0,0.0,2,0.4,0,0.0,0,0.0,1,0.2,14,67,44,1.7,1.49,0.64,0.209,9,0,11,0.444,0.0,0.727,3.0,1.0,0.75,8.0,0.5,0.0,0.5,8.0,1.0,1.0,0.5,6.0,0.333,0.0,0.333,6.4,4.0,2.0,0.667,14.0,0.429,0.0,0.429,7.4,1.0,0.1,0.0,1.0,0.0,0.0,0.1,0.0,1.0,0.0,0.0,0.0,0.0,,0.6,3.0,6.0,0.5,0.5,0.6,3.0,6.0,0.5,0.0,0.0,0.0,,0.3,2.0,3.0,0.667,0.667,0.3,2.0,3.0,0.667,0.0,0.0,0.0,,,,,,,,,,,,,,,0,0,,0,,,,,0,0.0,8,0.75,0,0.0,4,0.5,0.5,5.0,9.0,0.556,0.0,1.0,0.0,0.0,0.0,0.0,0.0,0.0,0.0,0.0,0.0,0.0,0.0,0.0,0.0,0.0,0.0,0.0,0.0,0.0,0.0,BKN,5.0,9.0,0.556,0.0,0.0,0.0,0.0,1.0,0.0,0.0,0.0,0.0,0.0,0.0,0.0,0.0,0.0,0.0,0.0,0.0,0.0,0.0,0.0,0.0,0.0,0.0,0.0,0,1,,,,0.0,7.0,13.0,0.538,0.469,0.07,1.0,3.0,0.333,0.37,-0.036,6.0,10.0,0.6,0.501,0.099,3.0,5.0,0.6,0.565,0.035,5.0,8.0,0.625,0.528,0.097,2.0,5.0,0.4,0.392,0.008,10.0,8.0,2.0,2.0,0.0,3.0,7.0,1.0,1.0,2.0,0.5,0.5,0.0,9.0,9.0,4.0,1.0,0.0,1.0,1.0,0.25,0,0,0,0,0.0,0.0,0,0.0,0,0.0,0,0.0,0,0.0,10802,2.0,1.1,0.9,4.15,4.33,3.95,2019,20181112,False
1626220,Royce O'Neale,Royce,1610612762,UTA,26.0,1,1,0,1.0,4.05,1,2,0.5,0,1,0.0,0,0,0.0,0,1,1,0,1,1,0,0,2,0,2,-3,5.2,0,0,5.0,1,1,1,1,176,145,161,59,104,118,104,108,113,108,96,126,139,137,71,34,68,1,78,135,154,113,167,17,2,164,1,97.0,56.3,55.6,55.6,90.1,80.0,80.0,-33.8,-24.4,-24.4,0.0,0.0,0.0,0.0,0.25,0.111,33.3,33.3,0.5,0.5,0.333,0.338,105.24,112.59,93.83,112.59,0.0,9,1.0,2.0,184,184,184,30,15,15,176,161,161,137,101,137,96,27,56,183,183,79,105,5,5,53,12,12,158,145,161,4,5,0.0,0,0,0,0,0.0,0.0,1,0,0,0.0,0,0,0.0,0,0.0,0,0.0,0,0.0,1,1.0,0,0.0,2,7,5,0.2,2.05,2.0,0.286,0,0,1,0.0,0.0,2.0,0.0,0.0,0.0,0.0,0.0,0.0,0.0,0.0,0.0,1.0,0.0,1.0,1.0,0.0,1.0,4.4,0.0,1.0,0.0,1.0,1.0,0.0,1.0,4.4,,,,,,,,,,,,,,,0.5,1.0,1.0,1.0,1.0,0.5,1.0,1.0,1.0,0.0,0.0,0.0,,,,,,,,,,,,,,,0.5,0.0,1.0,0.0,0.0,0.0,0.0,0.0,,0.5,0.0,1.0,0.0,0,0,,0,0.0,0.0,,,0,0.0,2,1.0,0,0.0,0,0.0,0.5,1.0,1.0,1.0,0.0,0.0,0.0,0.0,0.0,0.0,,,,,,,0.0,1.0,0.0,0.0,0.0,0.0,,,,UTA,1.0,1.0,1.0,0.0,0.0,0.0,0.0,0.0,0.0,0.0,0.0,0.0,0.0,1.0,0.0,0.0,0.0,0.0,,,,,,,0.0,0.0,0.0,0,1,0.0,1.0,0.0,0.0,0.0,2.0,0.0,0.45,-0.45,,,,,,0.0,2.0,0.0,0.53,-0.53,0.0,1.0,0.0,0.717,-0.717,0.0,1.0,0.0,0.603,-0.603,0.0,1.0,0.0,0.289,-0.289,2.0,2.0,0.0,1.0,0.0,0.0,0.0,0.0,0.0,0.0,0.0,0.0,0.0,0.0,0.0,0.0,0.0,0.0,0.0,0.0,0.0,0,0,0,0,0.0,0.0,0,0.0,0,0.0,0,0.0,0,0.0,1735,0.3,0.2,0.1,4.22,5.76,2.74,2019,20181112,False
200752,Rudy Gay,Rudy,1610612759,SAS,32.0,1,0,1,0.0,20.666666666666668,6,12,0.5,2,5,0.4,0,0,0.0,2,7,9,0,1,0,1,1,1,3,14,10,26.8,0,0,27.0,1,93,93,93,118,37,40,59,24,33,52,108,113,108,18,18,19,137,71,95,18,118,29,37,50,27,60,17,2,52,1,97.0,94.0,91.1,91.1,69.6,67.4,67.4,24.3,23.7,23.7,0.0,0.0,0.0,0.087,0.241,0.173,7.7,7.7,0.583,0.583,0.265,0.279,102.38,105.68,88.06,105.68,0.252,45,6.0,12.0,142,152,152,6,6,6,28,30,30,137,101,137,29,31,26,86,87,65,75,31,26,75,45,45,5,37,40,30,25,0.0,0,2,0,0,0.0,0.0,3,1,2,0.5,0,0,0.0,2,0.667,1,0.333,0,0.0,0,0.0,0,0.0,14,45,24,2.3,3.13,1.89,0.311,0,5,1,0.0,1.2,0.0,1.0,1.0,0.5,3.0,0.667,0.0,0.667,15.1,2.0,5.0,0.286,9.0,0.778,0.0,0.778,3.9,3.0,6.0,0.333,12.0,0.75,0.0,0.75,6.4,,,,,,,,,,,,,,,0.333,1.0,4.0,0.25,0.25,0.25,1.0,3.0,0.333,0.083,0.0,1.0,0.0,0.5,3.0,6.0,0.5,0.5,0.333,3.0,4.0,0.75,0.167,0.0,2.0,0.0,0.167,2.0,2.0,1.0,1.5,0.0,0.0,0.0,,0.167,2.0,2.0,1.0,2,5,0.4,4,0.0,1.0,0.0,0.4,6,0.5,0,0.0,6,1.0,0,0.0,0.583,0.0,1.0,0.0,2.0,3.0,0.667,2.0,3.0,0.667,,,,0.0,0.0,0.0,2.0,5.0,0.4,0.0,0.0,0.0,0.0,0.0,0.0,SAS,0.0,1.0,0.0,1.0,1.0,1.0,2.0,3.0,0.667,1.0,2.0,0.5,1.0,2.0,0.5,1.0,3.0,0.333,,,,,,,0.0,0.0,0.0,2,4,2.0,4.0,0.5,0.75,1.0,5.0,0.2,0.486,-0.286,0.0,2.0,0.0,0.337,-0.337,1.0,3.0,0.333,0.537,-0.203,1.0,2.0,0.5,0.612,-0.112,1.0,2.0,0.5,0.571,-0.071,0.0,2.0,0.0,0.369,-0.369,3.0,3.0,0.0,1.0,0.0,2.0,5.0,0.0,0.0,0.0,0.0,0.0,0.0,3.0,3.0,1.0,0.0,0.0,1.0,0.5,0.0,3,3,0,0,0.0,1.2,2,0.4,0,0.0,0,0.0,0,0.0,8059,1.5,0.8,0.7,4.11,4.23,3.97,2019,20181112,False
203497,Rudy Gobert,Rudy,1610612762,UTA,27.0,1,1,0,1.0,32.016666666666666,5,7,0.714,0,0,0.0,5,7,0.714,3,13,16,2,3,0,3,0,4,6,15,15,43.2,1,0,39.0,1,1,1,1,50,50,97,19,104,144,104,15,10,68,10,4,5,70,18,95,3,1,145,11,48,12,15,1,2,16,1,97.0,114.9,112.5,112.5,90.2,89.1,89.1,24.6,23.4,23.4,0.105,0.67,13.3,0.097,0.406,0.254,20.0,19.9,0.714,0.744,0.181,0.185,94.33,95.95,79.96,95.95,0.224,64,5.0,7.0,59,71,71,31,29,29,27,31,31,102,80,98,25,5,5,152,153,33,32,95,99,160,150,150,8,50,97,41,27,0.0,0,3,4,2,0.049,0.049,0,0,0,0.0,0,0,0.0,0,0.0,0,0.0,0,0.0,0,0.0,0,0.0,15,53,30,1.0,1.16,0.23,0.283,5,0,12,1.0,0.0,1.0,3.0,0.0,1.0,6.0,0.5,0.0,0.5,3.4,6.0,7.0,0.462,15.0,0.867,0.0,0.867,3.7,9.0,7.0,0.563,20.0,0.8,0.0,0.8,3.7,1.0,0.429,1.0,3.0,0.333,0.333,0.429,1.0,3.0,0.333,0.0,0.0,0.0,,0.571,4.0,4.0,1.0,1.0,0.571,4.0,4.0,1.0,0.0,0.0,0.0,,,,,,,,,,,,,,,,,,,,,,,,,,,,0,0,,0,,,,,0,0.0,12,0.8,0,0.0,5,0.667,0.714,4.0,6.0,0.667,1.0,1.0,1.0,0.0,0.0,0.0,0.0,0.0,0.0,0.0,0.0,0.0,0.0,0.0,0.0,0.0,0.0,0.0,0.0,0.0,0.0,UTA,5.0,7.0,0.714,0.0,0.0,0.0,0.0,0.0,0.0,0.0,0.0,0.0,0.0,0.0,0.0,0.0,0.0,0.0,,,,,,,0.0,0.0,0.0,0,0,,,,,5.0,16.0,0.313,0.472,-0.16,0.0,4.0,0.0,0.364,-0.364,5.0,12.0,0.417,0.526,-0.109,4.0,8.0,0.5,0.61,-0.11,5.0,10.0,0.5,0.556,-0.056,0.0,5.0,0.0,0.357,-0.357,17.0,13.0,4.0,0.0,0.0,4.0,10.0,2.0,0.0,2.0,1.0,0.0,1.0,3.0,4.0,3.0,3.0,0.25,0.75,1.0,1.0,0,0,0,0,0.0,0.0,0,0.0,0,0.0,0,0.0,0,0.0,12628,2.4,1.3,1.1,4.19,4.61,3.8,2019,20181112,False
1627853,Ryan Arcidiacono,Ryan,1610612741,CHI,25.0,1,0,1,0.0,35.25,3,9,0.333,2,7,0.286,1,2,0.5,0,5,5,6,0,0,0,0,5,1,9,6,24.0,0,0,22.0,1,93,93,93,29,85,67,126,24,11,77,82,61,79,96,36,57,10,129,95,68,1,171,102,90,46,68,17,2,74,1,105.0,95.5,100.0,100.0,94.6,96.1,96.1,0.9,3.9,3.9,0.24,0.0,37.5,0.0,0.128,0.063,0.0,0.0,0.444,0.455,0.114,0.11,110.33,106.89,89.08,106.89,0.066,80,3.0,9.0,138,111,111,48,51,51,96,77,77,38,101,17,96,79,102,1,1,116,127,152,156,17,40,40,114,85,67,61,59,0.0,1,13,14,7,0.098,0.115,3,0,1,0.0,0,0,0.0,0,0.0,2,0.667,1,0.333,0,0.0,0,0.0,9,71,30,4.4,3.69,3.11,0.127,0,0,0,0.0,0.0,0.0,0.0,0.0,0.0,0.0,0.0,0.0,0.0,0.0,1.0,4.0,0.2,7.0,0.714,0.0,0.714,9.5,1.0,4.0,0.2,7.0,0.714,0.0,0.714,9.5,,,,,,,,,,,,,,,,,,,,,,,,,,,,0.444,1.0,4.0,0.25,0.375,0.111,0.0,1.0,0.0,0.333,1.0,3.0,0.333,0.556,2.0,5.0,0.4,0.5,0.111,1.0,1.0,1.0,0.444,1.0,4.0,0.25,0,2,0.0,0,0.0,1.0,0.0,0.0,8,0.429,0,0.0,0,0.0,0,0.0,0.444,0.0,0.0,0.0,0.0,1.0,0.0,1.0,1.0,1.0,0.0,0.0,0.0,0.0,1.0,0.0,2.0,6.0,0.333,0.0,0.0,0.0,0.0,1.0,0.0,CHI,0.0,0.0,0.0,0.0,1.0,0.0,1.0,1.0,1.0,0.0,0.0,0.0,0.0,2.0,0.0,2.0,5.0,0.4,,,,0.0,0.0,0.0,0.0,0.0,0.0,3,7,2.0,6.0,0.333,0.571,9.0,15.0,0.6,0.458,0.142,1.0,5.0,0.2,0.343,-0.143,8.0,10.0,0.8,0.507,0.293,5.0,5.0,1.0,0.602,0.398,5.0,5.0,1.0,0.563,0.437,4.0,8.0,0.5,0.345,0.155,11.0,7.0,4.0,2.0,0.0,0.0,0.0,0.0,0.0,0.0,0.0,0.0,0.0,0.0,0.0,0.0,0.0,0.0,0.0,0.0,0.0,0,0,0,0,0.0,0.0,0,0.0,0,0.0,0,0.0,0,0.0,15320,2.9,1.4,1.5,4.61,4.96,4.32,2019,20181112,False
201586,Serge Ibaka,Serge,1610612761,TOR,29.0,1,0,1,0.0,26.966666666666665,8,16,0.5,2,6,0.333,1,2,0.5,6,8,14,2,0,0,0,0,3,2,19,-10,38.8,1,0,37.0,1,93,93,93,74,15,21,59,24,21,59,82,61,79,3,13,7,70,129,95,68,1,119,69,29,157,25,1,2,24,1,101.0,113.5,120.4,120.4,127.5,133.9,133.9,-14.0,-13.6,-13.6,0.125,0.0,10.5,0.182,0.296,0.233,0.0,0.0,0.563,0.563,0.266,0.259,103.35,97.9,81.58,97.9,0.154,54,8.0,16.0,63,45,45,160,169,169,136,138,138,85,101,113,9,18,10,1,1,71,85,30,37,66,128,128,33,15,21,30,23,0.0,0,3,5,2,0.067,0.067,3,1,2,0.5,0,0,0.0,2,0.667,1,0.333,1,0.333,0,0.0,0,0.0,19,48,30,1.1,1.36,0.31,0.396,3,0,9,0.0,0.0,1.222,4.0,2.0,0.667,10.0,0.6,0.0,0.6,4.4,0.0,8.0,0.0,11.0,0.727,0.0,0.727,4.1,4.0,10.0,0.286,20.0,0.7,0.0,0.7,4.2,1.0,0.063,1.0,1.0,1.0,1.0,0.063,1.0,1.0,1.0,0.0,0.0,0.0,,0.375,3.0,6.0,0.5,0.5,0.313,3.0,5.0,0.6,0.063,0.0,1.0,0.0,0.25,2.0,4.0,0.5,0.5,0.188,2.0,3.0,0.667,0.063,0.0,1.0,0.0,0.313,2.0,5.0,0.4,0.6,0.063,0.0,1.0,0.0,0.25,2.0,4.0,0.5,0,0,,0,0.0,0.0,,,6,0.286,11,0.833,0,0.0,0,0.0,0.563,4.0,4.0,1.0,2.0,6.0,0.333,0.0,0.0,0.0,0.0,0.0,0.0,0.0,0.0,0.0,2.0,6.0,0.333,0.0,0.0,0.0,0.0,0.0,0.0,TOR,4.0,4.0,1.0,2.0,5.0,0.4,0.0,1.0,0.0,0.0,0.0,0.0,0.0,1.0,0.0,2.0,5.0,0.4,,,,,,,0.0,0.0,0.0,2,7,2.0,6.0,0.333,0.429,9.0,13.0,0.692,0.494,0.198,1.0,2.0,0.5,0.335,0.166,8.0,11.0,0.727,0.535,0.193,5.0,7.0,0.714,0.632,0.082,7.0,10.0,0.7,0.577,0.123,1.0,2.0,0.5,0.346,0.154,6.0,5.0,1.0,0.0,0.0,0.0,0.0,1.0,0.0,1.0,1.0,0.0,3.0,2.0,5.0,4.0,3.0,0.6,0.4,1.0,0.75,0,0,0,0,0.0,0.0,0,0.0,0,0.0,0,0.0,0,0.0,10323,2.0,1.0,0.9,4.15,4.35,3.57,2019,20181112,False
203894,Shabazz Napier,Shabazz,1610612751,BKN,27.0,1,0,1,0.0,4.2,2,2,1.0,0,0,0.0,0,0,0.0,0,0,0,1,0,0,0,0,1,0,4,-5,5.5,0,0,5.0,1,93,93,93,175,119,161,1,104,144,104,108,113,108,96,155,166,100,129,95,68,1,29,135,141,128,165,17,2,164,1,104.0,102.2,110.0,110.0,163.9,160.0,160.0,-61.7,-50.0,-50.0,0.5,0.0,33.3,0.0,0.0,0.0,0.0,0.0,1.0,1.0,0.2,0.186,117.26,114.29,95.24,114.29,0.19,10,2.0,2.0,109,79,79,183,184,184,183,183,183,3,101,24,96,155,166,1,1,6,7,73,94,5,9,9,20,119,161,9,11,0.0,0,2,3,1,0.111,0.111,2,2,2,1.0,0,0,0.0,4,2.0,0,0.0,0,0.0,0,0.0,0,0.0,4,11,3,1.1,5.99,5.09,0.364,0,0,0,0.0,0.0,0.0,,,,,,,,,,,,,,,,,,,,,,,,,,,,,,,,,,,,,,,1.0,2.0,2.0,1.0,1.0,1.0,2.0,2.0,1.0,0.0,0.0,0.0,,,,,,,,,,,,,,,,,,,,,,,,,,,,0,0,,0,,,,,0,0.0,0,0.0,0,0.0,0,0.0,1.0,1.0,1.0,1.0,1.0,1.0,1.0,0.0,0.0,0.0,0.0,0.0,0.0,,,,0.0,0.0,0.0,,,,0.0,0.0,0.0,BKN,2.0,2.0,1.0,0.0,0.0,0.0,0.0,0.0,0.0,0.0,0.0,0.0,0.0,0.0,0.0,0.0,0.0,0.0,,,,0.0,0.0,0.0,,,,0,0,,,,,3.0,3.0,1.0,0.445,0.555,,,,,,3.0,3.0,1.0,0.475,0.525,1.0,1.0,1.0,0.529,0.471,2.0,2.0,1.0,0.495,0.506,1.0,1.0,1.0,0.43,0.57,0.0,0.0,0.0,1.0,0.0,0.0,0.0,0.0,0.0,0.0,0.0,0.0,0.0,0.0,0.0,0.0,0.0,0.0,0.0,0.0,0.0,0,0,0,0,0.0,0.0,0,0.0,0,0.0,0,0.0,0,0.0,1732,0.3,0.2,0.1,3.69,4.37,2.82,2019,20181112,False
1628983,Shai Gilgeous-Alexander,Shai,1610612746,LAC,20.0,1,1,0,1.0,38.45,8,11,0.727,0,3,0.0,2,2,1.0,0,5,5,3,4,2,1,0,1,2,18,-3,33.5,0,0,32.0,1,1,1,1,11,15,51,17,104,71,104,50,61,1,96,36,57,42,4,10,18,1,29,69,33,113,38,17,2,38,1,111.0,109.0,114.5,114.5,118.5,116.9,116.9,-9.5,-2.4,-2.4,0.125,0.75,15.8,0.0,0.161,0.074,21.1,21.2,0.727,0.758,0.186,0.185,97.2,95.5,79.58,95.5,0.126,76,8.0,11.0,82,60,60,139,135,135,122,104,104,85,75,85,96,54,92,162,162,30,26,88,98,141,157,157,61,15,51,63,71,0.0,0,5,7,3,0.048,0.048,19,6,6,1.0,2,2,1.0,14,0.737,8,0.421,2,0.105,4,0.211,1,0.053,18,82,32,6.0,4.41,4.04,0.22,0,0,0,0.0,0.0,0.0,0.0,0.0,0.0,2.0,0.0,0.0,0.0,0.0,2.0,3.0,0.4,6.0,0.833,0.0,0.833,6.9,2.0,3.0,0.4,7.0,0.714,0.0,0.714,6.9,1.0,0.091,1.0,1.0,1.0,1.0,0.091,1.0,1.0,1.0,0.0,0.0,0.0,,0.182,2.0,2.0,1.0,1.0,0.182,2.0,2.0,1.0,0.0,0.0,0.0,,0.545,4.0,6.0,0.667,0.667,0.364,4.0,4.0,1.0,0.182,0.0,2.0,0.0,0.182,1.0,2.0,0.5,0.5,0.091,1.0,1.0,1.0,0.091,0.0,1.0,0.0,4,6,0.667,8,0.0,2.0,0.0,0.667,0,0.0,0,0.0,0,0.0,0,0.0,0.727,2.0,2.0,1.0,4.0,4.0,1.0,2.0,2.0,1.0,0.0,1.0,0.0,0.0,0.0,0.0,0.0,1.0,0.0,0.0,1.0,0.0,0.0,1.0,0.0,LAC,2.0,2.0,1.0,0.0,0.0,0.0,4.0,4.0,1.0,2.0,2.0,1.0,0.0,2.0,0.0,0.0,0.0,0.0,0.0,0.0,0.0,,,,0.0,1.0,0.0,0,1,0.0,1.0,0.0,0.0,3.0,9.0,0.333,0.474,-0.141,1.0,3.0,0.333,0.405,-0.072,2.0,6.0,0.333,0.552,-0.219,1.0,4.0,0.25,0.676,-0.426,1.0,5.0,0.2,0.625,-0.425,2.0,4.0,0.5,0.426,0.074,7.0,4.0,3.0,5.0,0.0,0.0,0.0,0.0,2.0,2.0,0.0,1.0,0.0,2.0,2.0,1.0,0.0,0.0,1.0,1.0,0.0,0,0,0,0,0.0,0.0,0,0.0,0,0.0,0,0.0,0,0.0,16046,3.0,1.6,1.4,4.45,4.37,4.54,2019,20181112,False
1627885,Shaquille Harrison,Shaquille,1610612741,CHI,25.0,1,0,1,0.0,12.853333333333333,1,4,0.25,1,3,0.333,0,0,0.0,0,4,4,0,1,2,0,1,2,0,3,-11,12.8,0,0,12.0,1,93,93,93,157,145,131,145,56,71,59,108,113,108,96,48,68,137,71,10,68,118,78,135,146,161,128,17,2,127,1,105.0,72.3,64.3,64.3,105.4,107.4,107.4,-33.0,-43.1,-43.1,0.0,0.0,0.0,0.0,0.4,0.167,20.0,20.0,0.375,0.375,0.161,0.186,97.84,102.7,85.58,102.7,0.09,28,1.0,4.0,178,183,183,89,99,99,173,180,180,137,101,137,96,6,28,152,154,132,141,113,93,136,74,74,92,145,131,20,17,0.0,0,2,0,0,0.0,0.0,0,0,0,0.0,0,0,0.0,0,0.0,0,0.0,0,0.0,0,0.0,0,0.0,3,25,7,1.5,3.59,3.44,0.12,0,0,0,0.0,0.0,0.0,0.0,0.0,0.0,1.0,0.0,0.0,0.0,0.0,0.0,4.0,0.0,5.0,0.8,0.0,0.8,7.9,0.0,4.0,0.0,6.0,0.667,0.0,0.667,7.9,1.0,0.25,0.0,1.0,0.0,0.0,0.25,0.0,1.0,0.0,0.0,0.0,0.0,,,,,,,,,,,,,,,,,,,,,,,,,,,,0.75,1.0,3.0,0.333,0.5,0.0,0.0,0.0,,0.75,1.0,3.0,0.333,1,2,0.5,3,1.0,2.0,0.5,0.75,0,0.0,0,0.0,0,0.0,0,0.0,0.375,0.0,0.0,0.0,0.0,1.0,0.0,0.0,0.0,0.0,0.0,0.0,0.0,0.0,0.0,0.0,1.0,2.0,0.5,0.0,1.0,0.0,0.0,0.0,0.0,CHI,0.0,1.0,0.0,0.0,0.0,0.0,0.0,0.0,0.0,0.0,0.0,0.0,0.0,0.0,0.0,1.0,2.0,0.5,,,,,,,0.0,1.0,0.0,0,1,0.0,1.0,0.0,0.0,3.0,3.0,1.0,0.465,0.535,,,,,,3.0,3.0,1.0,0.551,0.449,2.0,2.0,1.0,0.651,0.35,2.0,2.0,1.0,0.63,0.37,1.0,1.0,1.0,0.356,0.644,1.0,1.0,0.0,2.0,0.0,0.0,0.0,0.0,3.0,3.0,0.0,1.0,0.0,2.0,2.0,2.0,2.0,0.0,1.0,1.0,1.0,0,0,0,0,0.0,0.0,0,0.0,0,0.0,0,0.0,0,0.0,5789,1.1,0.5,0.6,4.79,5.01,4.61,2019,20181112,False
2733,Shaun Livingston,Shaun,1610612744,GSW,33.0,1,0,1,0.0,18.488333333333333,3,4,0.75,0,0,0.0,2,3,0.667,2,0,2,0,2,0,0,0,2,2,8,-9,8.4,0,0,10.0,1,93,93,93,127,85,131,14,104,144,104,50,52,71,18,155,105,137,38,95,68,1,78,69,100,151,153,17,2,140,1,112.0,81.9,81.4,81.4,98.7,100.0,100.0,-16.7,-18.6,-18.6,0.0,0.0,0.0,0.077,0.0,0.045,28.6,27.3,0.75,0.752,0.143,0.15,113.35,112.94,94.11,112.94,0.054,43,3.0,4.0,173,171,171,65,59,59,145,145,145,137,101,137,32,155,128,178,177,22,28,128,126,10,11,11,132,85,131,27,28,0.0,1,5,0,1,0.0,0.037,1,1,1,1.0,0,0,0.0,3,3.0,0,0.0,0,0.0,0,0.0,0,0.0,8,34,15,2.1,3.74,2.97,0.235,2,2,4,1.0,0.0,0.5,2.0,0.0,1.0,6.0,0.333,1.0,0.4,2.7,0.0,0.0,0.0,1.0,0.0,0.0,0.0,0.0,2.0,0.0,1.0,7.0,0.286,1.0,0.333,2.7,,,,,,,,,,,,,,,1.0,3.0,4.0,0.75,0.75,1.0,3.0,4.0,0.75,0.0,0.0,0.0,,,,,,,,,,,,,,,,,,,,,,,,,,,,1,1,1.0,2,,,,1.0,0,0.0,2,0.5,0,0.0,2,1.0,0.75,0.0,1.0,0.0,2.0,2.0,1.0,1.0,1.0,1.0,,,,0.0,0.0,0.0,0.0,0.0,0.0,0.0,0.0,0.0,0.0,0.0,0.0,GSW,0.0,1.0,0.0,2.0,2.0,1.0,1.0,1.0,1.0,0.0,0.0,0.0,0.0,0.0,0.0,0.0,0.0,0.0,0.0,0.0,0.0,,,,0.0,0.0,0.0,0,0,,,,,3.0,6.0,0.5,0.521,-0.021,,,,,,3.0,6.0,0.5,0.535,-0.035,1.0,3.0,0.333,0.641,-0.308,1.0,3.0,0.333,0.596,-0.262,1.0,1.0,1.0,0.396,0.604,4.0,4.0,0.0,0.0,0.0,0.0,0.0,0.0,0.0,0.0,0.0,0.0,0.0,0.0,0.0,0.0,0.0,0.0,0.0,0.0,0.0,0,0,0,0,0.0,0.0,2,1.0,0,0.0,0,0.0,0,0.0,7656,1.5,0.8,0.7,4.49,4.85,4.15,2019,20181112,False
202714,Shelvin Mack,Shelvin,1610612766,CHA,29.0,1,0,1,0.0,29.083333333333332,4,9,0.444,0,3,0.0,1,2,0.5,0,3,3,2,1,2,1,1,3,1,9,4,23.6,0,0,20.0,1,93,93,93,61,65,67,94,104,71,104,82,61,79,96,69,85,70,71,10,18,118,119,102,90,55,71,17,2,88,1,,95.6,98.3,98.3,88.0,88.3,88.3,7.7,9.9,9.9,0.105,2.0,15.4,0.0,0.094,0.05,7.7,7.8,0.444,0.455,0.175,0.174,98.89,97.38,81.15,97.38,0.089,58,4.0,9.0,136,125,125,24,27,27,68,59,59,102,25,87,96,104,121,86,90,116,127,101,108,116,136,136,93,65,67,45,45,1.0,0,8,5,3,0.044,0.067,8,1,3,0.333,1,2,0.5,3,0.375,3,0.375,0,0.0,1,0.125,1,0.125,9,57,22,5.0,5.22,5.56,0.158,0,0,0,0.0,0.0,0.0,0.0,0.0,0.0,1.0,0.0,0.0,0.0,0.0,0.0,3.0,0.0,5.0,0.6,0.0,0.6,5.1,0.0,3.0,0.0,6.0,0.5,0.0,0.5,5.1,1.0,0.333,1.0,3.0,0.333,0.333,0.333,1.0,3.0,0.333,0.0,0.0,0.0,,0.222,1.0,2.0,0.5,0.5,0.111,1.0,1.0,1.0,0.111,0.0,1.0,0.0,0.333,1.0,3.0,0.333,0.333,0.111,1.0,1.0,1.0,0.222,0.0,2.0,0.0,0.111,1.0,1.0,1.0,1.0,0.111,1.0,1.0,1.0,0.0,0.0,0.0,,2,5,0.4,4,0.0,3.0,0.0,0.4,0,0.0,0,0.0,0,0.0,0,0.0,0.444,2.0,3.0,0.667,1.0,2.0,0.5,1.0,1.0,1.0,0.0,1.0,0.0,0.0,0.0,0.0,0.0,2.0,0.0,0.0,0.0,0.0,0.0,1.0,0.0,CHA,2.0,3.0,0.667,1.0,2.0,0.5,0.0,0.0,0.0,0.0,0.0,0.0,1.0,2.0,0.5,0.0,2.0,0.0,,,,,,,0.0,0.0,0.0,0,0,0.0,0.0,,,4.0,10.0,0.4,0.419,-0.019,2.0,6.0,0.333,0.318,0.015,2.0,4.0,0.5,0.464,0.036,1.0,1.0,1.0,0.504,0.496,1.0,1.0,1.0,0.478,0.522,2.0,7.0,0.286,0.337,-0.052,10.0,5.0,5.0,3.0,0.0,0.0,0.0,1.0,0.0,1.0,1.0,0.0,0.0,0.0,0.0,0.0,0.0,0.0,0.0,0.0,0.0,0,0,0,0,0.0,0.0,0,0.0,0,0.0,0,0.0,0,0.0,12230,2.3,1.3,1.0,4.42,5.06,3.8,2019,20181112,False
1628414,Sindarius Thornwell,Sindarius,1610612746,LAC,24.0,1,1,0,1.0,10.111666666666666,0,0,0.0,0,0,0.0,0,0,0.0,0,2,2,0,1,0,0,0,5,0,0,2,1.4,0,0,2.0,1,1,1,1,165,166,179,166,104,144,104,108,113,108,96,89,105,137,71,95,68,1,171,135,171,72,180,17,2,177,1,111.0,91.3,92.0,92.0,87.6,80.8,80.8,3.6,11.2,11.2,0.0,0.0,0.0,0.0,0.182,0.1,100.0,100.0,0.0,0.0,0.038,0.04,116.68,121.05,100.87,121.05,-0.114,25,0.0,0.0,151,150,150,22,18,18,88,56,56,137,101,137,96,46,64,187,187,166,171,177,177,6,3,3,183,166,179,8,6,0.0,0,0,0,0,0.0,0.0,1,0,0,0.0,0,0,0.0,0,0.0,0,0.0,0,0.0,1,1.0,0,0.0,0,9,6,0.2,1.55,1.11,0.0,0,0,0,0.0,0.0,0.0,0.0,0.0,0.0,0.0,0.0,0.0,0.0,0.0,0.0,2.0,0.0,2.0,1.0,0.0,1.0,6.2,0.0,2.0,0.0,2.0,1.0,0.0,1.0,6.2,,,,,,,,,,,,,,,,,,,,,,,,,,,,,,,,,,,,,,,,,,,,,,,,,,,,,,0,0,,0,,,,,0,0.0,0,0.0,0,0.0,0,0.0,0.0,0.0,0.0,0.0,0.0,0.0,0.0,0.0,0.0,0.0,,,,0.0,0.0,0.0,0.0,0.0,0.0,0.0,0.0,0.0,0.0,0.0,0.0,LAC,0.0,0.0,0.0,0.0,0.0,0.0,0.0,0.0,0.0,0.0,0.0,0.0,0.0,0.0,0.0,0.0,0.0,0.0,0.0,0.0,0.0,,,,0.0,0.0,0.0,0,0,,,,,2.0,5.0,0.4,0.473,-0.073,1.0,3.0,0.333,0.411,-0.078,1.0,2.0,0.5,0.507,-0.007,1.0,1.0,1.0,0.642,0.358,1.0,1.0,1.0,0.612,0.388,1.0,4.0,0.25,0.419,-0.169,3.0,2.0,1.0,1.0,0.0,0.0,0.0,0.0,0.0,0.0,0.0,0.0,0.0,0.0,0.0,0.0,0.0,0.0,0.0,0.0,0.0,0,0,0,0,0.0,0.0,0,0.0,0,0.0,0,0.0,0,0.0,4745,0.9,0.5,0.4,4.99,5.49,4.48,2019,20181112,False
203915,Spencer Dinwiddie,Spencer,1610612751,BKN,26.0,1,0,1,0.0,28.433333333333334,5,10,0.5,2,7,0.286,2,2,1.0,0,0,0,3,3,1,0,0,6,2,14,0,18.5,0,0,21.0,1,93,93,93,66,50,60,59,24,11,77,50,61,1,96,155,166,42,18,34,68,1,184,69,50,89,99,17,2,80,1,104.0,101.8,103.2,103.2,97.5,103.2,103.2,4.3,0.0,0.0,0.167,1.0,18.8,0.0,0.0,0.0,18.8,17.8,0.6,0.643,0.178,0.191,110.17,106.35,88.63,106.35,0.04,63,5.0,10.0,111,100,100,57,79,79,84,91,91,60,58,70,96,155,166,151,145,60,53,99,88,18,42,42,142,50,60,42,53,0.0,0,9,9,3,0.071,0.071,8,3,3,1.0,0,0,0.0,8,1.0,4,0.5,0,0.0,1,0.125,0,0.0,14,56,22,4.0,4.32,3.82,0.25,0,0,0,0.0,0.0,0.0,,,,,,,,,,,,,,,,,,,,,,,,,1.0,0.1,1.0,1.0,1.0,1.0,0.1,1.0,1.0,1.0,0.0,0.0,0.0,,0.3,1.0,3.0,0.333,0.333,0.1,1.0,1.0,1.0,0.2,0.0,2.0,0.0,0.4,3.0,4.0,0.75,1.0,0.1,1.0,1.0,1.0,0.3,2.0,3.0,0.667,0.2,0.0,2.0,0.0,0.0,0.0,0.0,0.0,,0.2,0.0,2.0,0.0,2,4,0.5,5,1.0,3.0,0.333,0.625,3,0.25,0,0.0,0,0.0,0,0.0,0.6,1.0,1.0,1.0,2.0,2.0,1.0,0.0,0.0,0.0,0.0,1.0,0.0,0.0,0.0,0.0,2.0,6.0,0.333,0.0,0.0,0.0,0.0,1.0,0.0,BKN,1.0,1.0,1.0,0.0,0.0,0.0,2.0,2.0,1.0,0.0,0.0,0.0,0.0,3.0,0.0,2.0,4.0,0.5,,,,,,,0.0,0.0,0.0,1,4,1.0,4.0,0.25,0.375,6.0,10.0,0.6,0.452,0.148,2.0,3.0,0.667,0.342,0.325,4.0,7.0,0.571,0.491,0.081,3.0,4.0,0.75,0.587,0.163,3.0,5.0,0.6,0.537,0.063,2.0,4.0,0.5,0.377,0.124,8.0,5.0,3.0,3.0,0.0,0.0,0.0,0.0,0.0,0.0,0.0,0.0,0.0,1.0,1.0,1.0,0.0,0.0,1.0,1.0,0.0,0,0,0,0,0.0,0.0,0,0.0,0,0.0,0,0.0,0,0.0,11367,2.2,1.2,1.0,4.25,4.62,3.89,2019,20181112,False
203500,Steven Adams,Steven,1610612760,OKC,25.0,1,1,0,1.0,33.0,9,13,0.692,0,0,0.0,0,0,0.0,5,2,7,1,3,4,2,1,1,2,18,23,42.9,0,0,38.0,1,1,1,1,42,11,34,23,104,144,104,108,113,108,5,89,31,100,18,1,6,118,29,69,33,2,16,17,2,18,1,99.0,117.8,120.0,120.0,90.1,89.7,89.7,27.8,30.3,30.3,0.043,0.33,5.9,0.161,0.067,0.115,17.6,17.6,0.692,0.692,0.195,0.202,101.09,100.36,83.64,100.36,0.155,70,9.0,13.0,48,46,46,29,31,31,22,19,19,132,96,132,11,124,54,142,144,39,44,77,77,89,101,101,32,11,34,25,21,0.0,0,2,2,1,0.04,0.04,0,0,0,0.0,0,0,0.0,0,0.0,0,0.0,0,0.0,0,0.0,0,0.0,18,42,25,1.4,1.93,0.71,0.429,4,6,16,1.0,1.0,0.75,2.0,3.0,0.4,11.0,0.455,1.0,0.5,3.6,0.0,2.0,0.0,5.0,0.4,0.0,0.4,13.3,2.0,5.0,0.286,15.0,0.467,1.0,0.5,6.3,1.0,0.231,1.0,3.0,0.333,0.333,0.231,1.0,3.0,0.333,0.0,0.0,0.0,,0.692,7.0,9.0,0.778,0.778,0.692,7.0,9.0,0.778,0.0,0.0,0.0,,0.077,1.0,1.0,1.0,1.0,0.077,1.0,1.0,1.0,0.0,0.0,0.0,,,,,,,,,,,,,,,0,0,,0,,,,,0,0.0,12,0.6,6,0.75,4,1.0,0.692,8.0,12.0,0.667,1.0,1.0,1.0,0.0,0.0,0.0,0.0,0.0,0.0,0.0,0.0,0.0,0.0,0.0,0.0,0.0,0.0,0.0,0.0,0.0,0.0,OKC,9.0,13.0,0.692,0.0,0.0,0.0,0.0,0.0,0.0,0.0,0.0,0.0,0.0,0.0,0.0,0.0,0.0,0.0,,,,0.0,0.0,0.0,0.0,0.0,0.0,0,0,,,,,3.0,12.0,0.25,0.504,-0.254,1.0,3.0,0.333,0.36,-0.027,2.0,9.0,0.222,0.545,-0.322,1.0,5.0,0.2,0.57,-0.37,2.0,6.0,0.333,0.554,-0.221,1.0,6.0,0.167,0.355,-0.188,10.0,7.0,3.0,5.0,0.0,6.0,13.0,1.0,3.0,4.0,0.25,0.75,5.0,5.0,10.0,4.0,2.0,0.5,0.5,1.0,0.5,3,4,0,0,0.0,1.0,2,0.333,0,0.0,0,0.0,0,0.0,12039,2.3,1.2,1.1,3.91,4.22,3.63,2019,20181112,False
204456,T.J. McConnell,T.J.,1610612755,PHI,27.0,1,1,0,1.0,14.331666666666667,0,4,0.0,0,2,0.0,2,2,1.0,0,1,1,0,0,2,0,1,1,1,2,-15,9.2,0,0,7.0,1,1,1,1,149,166,131,166,104,92,104,50,61,1,96,126,139,137,129,10,68,118,29,102,154,174,147,17,2,155,1,99.0,83.6,84.4,84.4,133.8,131.3,131.3,-50.1,-46.9,-46.9,0.0,0.0,0.0,0.0,0.077,0.031,0.0,0.0,0.0,0.205,0.135,0.138,106.64,107.18,89.31,107.18,0.0,32,0.0,4.0,170,168,168,172,165,165,182,181,181,137,101,137,96,116,142,1,1,166,166,135,135,38,39,39,158,166,131,8,11,0.0,0,2,0,0,0.0,0.0,4,0,1,0.0,0,0,0.0,0,0.0,3,0.75,0,0.0,0,0.0,0,0.0,2,14,9,1.0,4.08,3.64,0.143,0,0,0,0.0,0.0,0.0,0.0,0.0,0.0,2.0,0.0,0.0,0.0,0.0,0.0,1.0,0.0,1.0,1.0,0.0,1.0,8.2,0.0,1.0,0.0,3.0,0.333,0.0,0.333,8.2,1.0,0.25,0.0,1.0,0.0,0.0,0.25,0.0,1.0,0.0,0.0,0.0,0.0,,0.5,0.0,2.0,0.0,0.0,0.25,0.0,1.0,0.0,0.25,0.0,1.0,0.0,,,,,,,,,,,,,,0.25,0.0,1.0,0.0,0.0,0.0,0.0,0.0,,0.25,0.0,1.0,0.0,0,2,0.0,0,0.0,1.0,0.0,0.0,0,0.0,0,0.0,0,0.0,0,0.0,0.0,0.0,1.0,0.0,0.0,0.0,0.0,0.0,1.0,0.0,0.0,1.0,0.0,0.0,0.0,0.0,0.0,1.0,0.0,0.0,0.0,0.0,0.0,1.0,0.0,PHI,0.0,1.0,0.0,0.0,0.0,0.0,0.0,0.0,0.0,0.0,1.0,0.0,0.0,1.0,0.0,0.0,0.0,0.0,0.0,1.0,0.0,0.0,0.0,0.0,0.0,0.0,0.0,0,1,0.0,1.0,0.0,0.0,1.0,5.0,0.2,0.422,-0.222,0.0,2.0,0.0,0.368,-0.368,1.0,3.0,0.333,0.507,-0.174,1.0,3.0,0.333,0.61,-0.277,1.0,3.0,0.333,0.562,-0.228,0.0,2.0,0.0,0.37,-0.37,0.0,0.0,0.0,3.0,0.0,0.0,0.0,0.0,1.0,1.0,0.0,1.0,0.0,1.0,1.0,1.0,0.0,0.0,1.0,1.0,0.0,0,0,0,0,0.0,0.0,0,0.0,0,0.0,0,0.0,0,0.0,6688,1.3,0.8,0.5,5.06,5.41,4.57,2019,20181112,False
203933,T.J. Warren,T.J.,1610612756,PHX,25.0,1,0,1,0.0,40.38333333333333,10,14,0.714,1,2,0.5,0,0,0.0,0,6,6,0,1,2,1,1,0,0,21,-20,36.2,0,0,34.0,1,93,93,93,5,7,28,19,56,92,31,108,113,108,96,25,40,137,71,10,18,118,1,135,23,184,30,17,2,31,1,98.0,96.7,94.1,94.1,112.7,117.6,117.6,-16.0,-23.5,-23.5,0.0,0.0,0.0,0.0,0.136,0.075,6.7,6.7,0.75,0.75,0.161,0.167,101.89,101.03,84.19,101.03,0.148,85,10.0,14.0,132,146,146,121,140,140,142,159,159,137,101,137,96,73,88,79,81,22,29,113,114,79,93,93,40,7,28,59,42,0.0,1,4,0,1,0.0,0.017,6,3,5,0.6,0,0,0.0,6,1.0,1,0.167,0,0.0,0,0.0,0,0.0,21,76,34,2.6,2.06,1.12,0.276,0,1,0,0.0,2.0,0.0,0.0,0.0,0.0,1.0,0.0,0.0,0.0,0.0,3.0,3.0,0.5,14.0,0.429,1.0,0.462,8.6,3.0,3.0,0.5,15.0,0.4,1.0,0.429,8.6,1.0,0.214,3.0,3.0,1.0,1.0,0.214,3.0,3.0,1.0,0.0,0.0,0.0,,0.5,4.0,7.0,0.571,0.571,0.5,4.0,7.0,0.571,0.0,0.0,0.0,,0.214,3.0,3.0,1.0,1.167,0.143,2.0,2.0,1.0,0.071,1.0,1.0,1.0,0.071,0.0,1.0,0.0,0.0,0.0,0.0,0.0,,0.071,0.0,1.0,0.0,4,6,0.667,8,0.0,1.0,0.0,0.667,3,1.0,0,0.0,2,1.0,0,0.0,0.75,4.0,5.0,0.8,3.0,3.0,1.0,2.0,4.0,0.5,1.0,1.0,1.0,0.0,0.0,0.0,0.0,1.0,0.0,0.0,0.0,0.0,1.0,1.0,1.0,PHX,5.0,6.0,0.833,0.0,0.0,0.0,4.0,5.0,0.8,0.0,1.0,0.0,1.0,1.0,1.0,0.0,1.0,0.0,,,,0.0,0.0,0.0,0.0,0.0,0.0,1,1,1.0,1.0,1.0,1.5,9.0,17.0,0.529,0.46,0.069,5.0,7.0,0.714,0.365,0.349,4.0,10.0,0.4,0.531,-0.131,4.0,8.0,0.5,0.582,-0.082,4.0,9.0,0.444,0.561,-0.117,5.0,8.0,0.625,0.376,0.249,15.0,9.0,6.0,1.0,0.0,0.0,0.0,1.0,2.0,3.0,0.333,0.667,0.0,9.0,9.0,2.0,0.0,0.0,1.0,1.0,0.0,1,1,0,0,0.0,2.0,0,0.0,0,0.0,0,0.0,0,0.0,16196,3.1,1.6,1.4,4.31,4.4,3.93,2019,20181112,False
201959,Taj Gibson,Taj,1610612750,MIN,34.0,1,1,0,1.0,33.21666666666667,5,8,0.625,0,0,0.0,7,8,0.875,3,6,9,1,2,1,1,0,4,4,17,12,33.3,0,0,31.0,1,1,1,1,39,50,84,30,104,144,104,7,7,53,10,25,19,100,38,34,18,1,145,24,37,21,41,17,2,42,1,105.0,129.9,131.5,131.5,114.1,115.1,115.1,15.8,16.4,16.4,0.036,0.5,6.7,0.143,0.146,0.145,13.3,13.8,0.625,0.738,0.173,0.169,106.56,105.49,87.91,105.49,0.103,73,5.0,8.0,19,16,16,128,130,130,47,42,42,134,85,130,14,65,37,130,132,49,35,103,112,40,50,50,78,50,84,31,25,0.0,0,4,3,1,0.032,0.032,0,0,0,0.0,0,0,0.0,0,0.0,0,0.0,0,0.0,0,0.0,0,0.0,17,47,27,1.1,1.35,0.72,0.362,4,1,11,0.0,0.0,0.818,2.0,1.0,0.667,6.0,0.5,0.0,0.5,7.1,2.0,4.0,0.333,10.0,0.6,0.0,0.6,3.7,4.0,5.0,0.444,14.0,0.643,0.0,0.643,4.8,1.0,0.25,1.0,2.0,0.5,0.5,0.25,1.0,2.0,0.5,0.0,0.0,0.0,,0.625,4.0,5.0,0.8,0.8,0.625,4.0,5.0,0.8,0.0,0.0,0.0,,0.125,0.0,1.0,0.0,0.0,0.125,0.0,1.0,0.0,0.0,0.0,0.0,,,,,,,,,,,,,,,0,0,,0,,,,,0,0.0,9,0.667,0,0.0,0,0.0,0.625,5.0,6.0,0.833,0.0,1.0,0.0,0.0,1.0,0.0,0.0,0.0,0.0,0.0,0.0,0.0,0.0,0.0,0.0,0.0,0.0,0.0,0.0,0.0,0.0,MIN,5.0,6.0,0.833,0.0,1.0,0.0,0.0,1.0,0.0,0.0,0.0,0.0,0.0,0.0,0.0,0.0,0.0,0.0,0.0,0.0,0.0,0.0,0.0,0.0,0.0,0.0,0.0,0,1,,,,0.0,6.0,16.0,0.375,0.421,-0.046,3.0,9.0,0.333,0.347,-0.013,3.0,7.0,0.429,0.491,-0.062,3.0,5.0,0.6,0.544,0.056,3.0,7.0,0.429,0.515,-0.087,3.0,9.0,0.333,0.354,-0.02,13.0,6.0,7.0,2.0,0.0,2.0,4.0,0.0,0.0,0.0,0.0,0.0,3.0,1.0,4.0,0.0,0.0,0.75,0.25,0.0,0.0,0,0,0,0,0.0,0.0,1,1.0,0,0.0,0,0.0,0,0.0,13395,2.5,1.3,1.2,4.13,4.64,3.68,2019,20181112,False
1628390,Terrance Ferguson,Terrance,1610612760,OKC,21.0,1,1,0,1.0,26.183333333333334,2,7,0.286,1,3,0.333,0,0,0.0,1,2,3,0,0,0,1,1,2,0,5,30,11.6,0,0,11.0,1,1,1,1,80,119,97,140,56,71,59,108,113,108,45,89,85,137,129,95,18,118,78,135,131,1,134,17,2,135,1,99.0,141.1,141.8,141.8,93.2,90.6,90.6,47.9,51.3,51.3,0.0,0.0,0.0,0.043,0.083,0.064,0.0,0.0,0.357,0.357,0.104,0.111,97.89,98.99,82.5,98.99,0.008,55,2.0,7.0,5,6,6,40,34,34,7,6,6,137,101,137,73,109,98,1,1,138,148,158,155,133,116,116,157,119,97,9,13,0.0,0,1,0,0,0.0,0.0,3,1,2,0.5,0,0,0.0,2,0.667,1,0.333,0,0.0,0,0.0,0,0.0,5,17,11,1.1,3.83,3.59,0.294,1,0,0,0.0,0.0,0.0,0.0,2.0,0.0,3.0,0.333,1.0,0.5,17.4,0.0,2.0,0.0,8.0,0.25,2.0,0.333,6.3,0.0,4.0,0.0,11.0,0.273,3.0,0.375,10.0,1.0,0.286,0.0,2.0,0.0,0.0,0.286,0.0,2.0,0.0,0.0,0.0,0.0,,0.143,1.0,1.0,1.0,1.0,0.143,1.0,1.0,1.0,0.0,0.0,0.0,,,,,,,,,,,,,,,0.571,1.0,4.0,0.25,0.375,0.143,0.0,1.0,0.0,0.429,1.0,3.0,0.333,0,0,,0,0.0,0.0,,,3,0.25,0,0.0,0,0.0,0,0.0,0.357,1.0,2.0,0.5,0.0,1.0,0.0,0.0,1.0,0.0,1.0,1.0,1.0,0.0,0.0,0.0,0.0,2.0,0.0,0.0,0.0,0.0,1.0,1.0,1.0,OKC,1.0,2.0,0.5,0.0,1.0,0.0,0.0,0.0,0.0,0.0,1.0,0.0,1.0,2.0,0.5,0.0,1.0,0.0,,,,0.0,0.0,0.0,0.0,0.0,0.0,1,4,1.0,3.0,0.333,0.375,5.0,12.0,0.417,0.436,-0.019,1.0,4.0,0.25,0.333,-0.083,4.0,8.0,0.5,0.516,-0.016,2.0,3.0,0.667,0.529,0.138,2.0,6.0,0.333,0.541,-0.208,1.0,4.0,0.25,0.345,-0.095,10.0,7.0,3.0,0.0,0.0,0.0,0.0,0.0,0.0,0.0,0.0,0.0,0.0,1.0,1.0,1.0,0.0,0.0,1.0,1.0,0.0,0,0,0,0,0.0,0.0,0,0.0,0,0.0,0,0.0,0,0.0,10047,1.9,1.0,0.9,4.08,4.57,3.66,2019,20181112,False
203082,Terrence Ross,Terrence,1610612753,ORL,28.0,1,0,1,0.0,24.866666666666667,7,14,0.5,4,5,0.8,3,3,1.0,0,3,3,2,1,0,1,0,4,1,21,-9,29.6,0,0,32.0,1,93,93,93,88,27,28,59,4,33,16,33,52,1,96,69,85,70,71,95,18,1,145,102,23,151,50,17,2,38,1,98.0,111.9,114.0,114.0,129.1,134.7,134.7,-17.3,-20.7,-20.7,0.154,2.0,11.1,0.0,0.15,0.064,5.6,5.5,0.643,0.685,0.271,0.287,98.52,95.55,79.62,95.55,0.153,50,7.0,14.0,71,65,65,166,172,172,147,150,150,69,25,111,96,61,98,70,70,45,46,26,21,121,155,155,35,27,28,16,26,0.0,1,6,5,3,0.125,0.188,5,0,2,0.0,0,0,0.0,0,0.0,2,0.4,1,0.2,1,0.2,0,0.0,21,32,29,1.3,2.35,1.19,0.656,3,0,1,0.667,0.0,0.0,0.0,0.0,0.0,4.0,0.0,2.0,0.0,0.0,1.0,2.0,0.333,7.0,0.429,0.0,0.429,6.6,1.0,2.0,0.333,11.0,0.273,2.0,0.333,6.6,1.0,0.071,0.0,1.0,0.0,0.0,0.071,0.0,1.0,0.0,0.0,0.0,0.0,,0.5,4.0,7.0,0.571,0.714,0.357,2.0,5.0,0.4,0.143,2.0,2.0,1.0,0.286,1.0,4.0,0.25,0.375,0.143,0.0,2.0,0.0,0.143,1.0,2.0,0.5,0.143,2.0,2.0,1.0,1.25,0.071,1.0,1.0,1.0,0.071,1.0,1.0,1.0,3,8,0.375,7,1.0,2.0,0.5,0.438,11,0.667,0,0.0,0,0.0,2,0.5,0.643,0.0,0.0,0.0,0.0,1.0,0.0,3.0,8.0,0.375,0.0,0.0,0.0,0.0,0.0,0.0,4.0,5.0,0.8,0.0,0.0,0.0,0.0,0.0,0.0,ORL,0.0,0.0,0.0,0.0,1.0,0.0,0.0,1.0,0.0,2.0,4.0,0.5,1.0,3.0,0.333,4.0,5.0,0.8,,,,,,,0.0,0.0,0.0,4,5,3.0,3.0,1.0,1.1,2.0,10.0,0.2,0.476,-0.276,1.0,6.0,0.167,0.337,-0.17,1.0,4.0,0.25,0.553,-0.303,1.0,4.0,0.25,0.643,-0.393,1.0,4.0,0.25,0.596,-0.346,1.0,6.0,0.167,0.359,-0.192,4.0,1.0,3.0,3.0,0.0,0.0,0.0,0.0,1.0,1.0,0.0,1.0,0.0,2.0,2.0,1.0,0.0,0.0,1.0,1.0,0.0,0,0,0,0,0.0,0.0,0,0.0,0,0.0,0,0.0,0,0.0,10034,1.9,1.1,0.8,4.22,4.87,3.57,2019,20181112,False
204025,Tim Frazier,Tim,1610612749,MIL,28.0,1,1,0,1.0,6.9,0,2,0.0,0,0,0.0,0,0,0.0,0,2,2,2,0,0,0,0,1,0,0,1,5.4,0,0,4.0,1,1,1,1,172,166,161,166,104,144,104,108,113,108,96,89,105,70,129,95,68,1,29,135,171,80,166,17,2,168,1,,92.9,92.9,92.9,81.3,80.0,80.0,11.6,12.9,12.9,0.333,0.0,50.0,0.0,0.182,0.105,0.0,0.0,0.0,0.0,0.118,0.125,100.03,100.87,84.06,100.87,0.053,14,0.0,2.0,146,148,148,15,15,15,56,49,49,15,101,4,96,46,60,1,1,166,171,150,147,100,95,95,133,166,161,15,11,0.0,0,5,4,2,0.133,0.133,2,0,1,0.0,0,0,0.0,0,0.0,1,0.5,1,0.5,0,0.0,0,0.0,0,17,6,1.4,5.07,4.71,0.0,0,0,1,0.0,0.0,0.0,0.0,0.0,0.0,0.0,0.0,0.0,0.0,0.0,0.0,2.0,0.0,3.0,0.667,0.0,0.667,8.8,0.0,2.0,0.0,3.0,0.667,0.0,0.667,8.8,1.0,0.5,0.0,1.0,0.0,0.0,0.5,0.0,1.0,0.0,0.0,0.0,0.0,,0.5,0.0,1.0,0.0,0.0,0.5,0.0,1.0,0.0,0.0,0.0,0.0,,,,,,,,,,,,,,,,,,,,,,,,,,,,0,1,0.0,0,,,,0.0,0,0.0,0,0.0,0,0.0,0,0.0,0.0,0.0,1.0,0.0,0.0,0.0,0.0,0.0,1.0,0.0,0.0,0.0,0.0,0.0,0.0,0.0,0.0,0.0,0.0,,,,0.0,0.0,0.0,MIL,0.0,1.0,0.0,0.0,0.0,0.0,0.0,0.0,0.0,0.0,1.0,0.0,0.0,0.0,0.0,0.0,0.0,0.0,,,,,,,,,,0,0,,,,,1.0,2.0,0.5,0.43,0.071,,,,,,1.0,2.0,0.5,0.504,-0.004,0.0,1.0,0.0,0.502,-0.502,1.0,2.0,0.5,0.529,-0.029,,,,,,,,,,,,,,,,,,,,,,,,,,,0,0,0,0,0.0,0.0,0,0.0,0,0.0,0,0.0,0,0.0,2858,0.5,0.3,0.3,4.09,5.19,4.65,2019,20181112,False
1627789,Timothe Luwawu-Cabarrot,Timothe,1610612741,CHI,24.0,1,1,0,1.0,1.5333333333333334,0,0,0.0,0,0,0.0,0,0,0.0,0,0,0,0,0,0,0,0,0,0,0,-3,0.0,0,0,0.0,1,1,1,1,181,166,179,166,104,144,104,108,113,108,96,155,166,137,129,95,68,1,1,135,171,113,181,17,2,181,1,105.0,100.0,66.7,66.7,250.0,250.0,250.0,-150.0,-183.3,-183.3,0.0,0.0,0.0,0.0,0.0,0.0,0.0,0.0,0.0,0.0,0.0,0.0,62.61,78.26,65.22,78.26,0.0,3,0.0,0.0,120,179,179,186,186,186,185,186,186,137,101,137,96,155,166,1,1,166,171,181,181,185,185,185,158,166,179,0,0,,0,0,0,0,0.0,0.0,0,0,0,0.0,0,0,0.0,0,0.0,0,0.0,0,0.0,0,0.0,0,0.0,0,0,0,0.0,0.0,0.0,0.0,0,0,0,0.0,0.0,0.0,,,,,,,,,,,,,,,,,,,,,,,,,,,,,,,,,,,,,,,,,,,,,,,,,,,,,,,,,,,,,,,,,,,,,,,,,,,,,,0,0,,0,,,,,0,0.0,0,0.0,0,0.0,0,0.0,0.0,0.0,0.0,0.0,0.0,0.0,0.0,,,,,,,,,,0.0,0.0,0.0,,,,,,,CHI,0.0,0.0,0.0,0.0,0.0,0.0,,,,,,,0.0,0.0,0.0,0.0,0.0,0.0,,,,,,,,,,0,0,,,,,1.0,1.0,1.0,0.401,0.599,1.0,1.0,1.0,0.336,0.664,,,,,,,,,,,,,,,,1.0,1.0,1.0,0.343,0.657,1.0,0.0,1.0,0.0,0.0,0.0,0.0,0.0,0.0,0.0,0.0,0.0,0.0,0.0,0.0,0.0,0.0,0.0,0.0,0.0,0.0,0,0,0,0,0.0,0.0,0,0.0,0,0.0,0,0.0,0,0.0,572,0.1,0.1,0.0,3.49,5.99,0.0,2019,20181112,False
202699,Tobias Harris,Tobias,1610612755,PHI,26.0,1,1,0,1.0,42.46666666666667,7,18,0.389,2,5,0.4,1,2,0.5,0,8,8,5,3,2,0,1,4,1,17,5,37.1,0,0,36.0,1,1,1,1,3,27,12,115,24,33,52,82,61,79,96,13,22,17,18,10,68,118,145,102,37,52,29,17,2,26,1,99.0,109.2,116.7,116.7,110.5,108.1,108.1,-1.3,8.5,8.5,0.185,1.67,18.5,0.0,0.186,0.095,11.1,11.2,0.444,0.45,0.232,0.228,98.29,96.08,80.06,96.08,0.077,84,7.0,18.0,81,50,50,112,105,105,103,65,65,53,42,72,96,44,70,114,116,116,131,49,52,128,146,146,103,27,12,46,51,0.0,0,4,11,5,0.109,0.109,14,4,10,0.4,0,0,0.0,8,0.571,3,0.214,1,0.071,1,0.071,0,0.0,17,70,47,3.3,2.87,1.96,0.243,0,1,1,0.0,0.0,0.0,0.0,0.0,0.0,1.0,0.0,0.0,0.0,0.0,5.0,3.0,0.625,12.0,0.667,2.0,0.8,5.8,5.0,3.0,0.625,13.0,0.615,2.0,0.727,5.8,1.0,0.222,0.0,4.0,0.0,0.0,0.222,0.0,4.0,0.0,0.0,0.0,0.0,,0.333,3.0,6.0,0.5,0.5,0.333,3.0,6.0,0.5,0.0,0.0,0.0,,0.278,3.0,5.0,0.6,0.7,0.111,2.0,2.0,1.0,0.167,1.0,3.0,0.333,0.167,1.0,3.0,0.333,0.5,0.056,0.0,1.0,0.0,0.111,1.0,2.0,0.5,2,7,0.286,5,1.0,3.0,0.333,0.357,3,0.5,0,0.0,0,0.0,0,0.0,0.444,2.0,4.0,0.5,2.0,6.0,0.333,1.0,3.0,0.333,0.0,1.0,0.0,0.0,1.0,0.0,2.0,3.0,0.667,0.0,0.0,0.0,0.0,2.0,0.0,PHI,3.0,7.0,0.429,1.0,3.0,0.333,0.0,0.0,0.0,1.0,3.0,0.333,0.0,2.0,0.0,2.0,3.0,0.667,0.0,0.0,0.0,,,,0.0,0.0,0.0,1,2,1.0,2.0,0.5,0.75,6.0,16.0,0.375,0.499,-0.124,2.0,7.0,0.286,0.351,-0.065,4.0,9.0,0.444,0.571,-0.127,2.0,4.0,0.5,0.684,-0.184,3.0,5.0,0.6,0.653,-0.053,3.0,9.0,0.333,0.395,-0.061,8.0,4.0,4.0,0.0,0.0,1.0,2.0,1.0,3.0,4.0,0.25,0.75,0.0,9.0,9.0,5.0,1.0,0.0,1.0,1.0,0.2,0,0,0,0,0.0,0.0,1,1.0,0,0.0,0,0.0,0,0.0,16881,3.2,1.9,1.3,4.25,4.73,3.7,2019,20181112,False
203107,Tomas Satoransky,Tomas,1610612764,WAS,27.0,1,1,0,1.0,12.335,2,4,0.5,1,3,0.333,2,2,1.0,0,1,1,1,0,0,0,0,0,2,7,9,9.7,0,0,10.0,1,1,1,1,159,119,131,59,56,71,59,50,61,1,96,126,139,100,129,95,68,1,1,69,111,33,143,17,2,140,1,97.0,142.3,145.5,145.5,90.8,100.0,100.0,51.5,45.5,45.5,0.167,0.0,16.7,0.0,0.077,0.05,0.0,0.0,0.625,0.717,0.192,0.199,93.0,87.56,72.96,87.56,0.203,22,2.0,4.0,4,4,4,34,59,59,5,11,11,60,101,77,96,116,121,1,1,49,39,81,82,170,181,181,16,119,131,21,26,1.0,0,2,4,2,0.048,0.095,3,1,1,1.0,0,0,0.0,2,0.667,2,0.667,1,0.333,0,0.0,0,0.0,7,29,14,2.2,4.62,4.83,0.241,0,0,1,0.0,0.0,2.0,0.0,0.0,0.0,1.0,0.0,0.0,0.0,0.0,0.0,1.0,0.0,3.0,0.333,0.0,0.333,6.4,0.0,1.0,0.0,4.0,0.25,0.0,0.25,6.4,,,,,,,,,,,,,,,0.25,1.0,1.0,1.0,1.0,0.25,1.0,1.0,1.0,0.0,0.0,0.0,,0.25,1.0,1.0,1.0,1.5,0.0,0.0,0.0,,0.25,1.0,1.0,1.0,0.5,0.0,2.0,0.0,0.0,0.0,0.0,0.0,,0.5,0.0,2.0,0.0,1,1,1.0,2,0.0,0.0,,1.0,3,0.333,2,0.0,0,0.0,0,0.0,0.625,0.0,0.0,0.0,1.0,1.0,1.0,0.0,0.0,0.0,0.0,1.0,0.0,1.0,1.0,1.0,0.0,1.0,0.0,,,,1.0,2.0,0.5,WAS,0.0,0.0,0.0,1.0,1.0,1.0,0.0,0.0,0.0,0.0,0.0,0.0,1.0,3.0,0.333,0.0,0.0,0.0,,,,,,,,,,1,3,1.0,3.0,0.333,0.5,0.0,2.0,0.0,0.418,-0.418,,,,,,0.0,2.0,0.0,0.486,-0.486,,,,,,,,,,,,,,,,0.0,0.0,0.0,1.0,0.0,0.0,0.0,0.0,0.0,0.0,0.0,0.0,0.0,1.0,1.0,0.0,0.0,0.0,1.0,0.0,0.0,0,0,0,0,0.0,0.0,0,0.0,0,0.0,0,0.0,0,0.0,4966,0.9,0.5,0.4,4.01,4.85,3.3,2019,20181112,False
2772,Trevor Ariza,Trevor,1610612764,WAS,33.0,1,0,1,0.0,28.516666666666666,3,9,0.333,2,6,0.333,0,0,0.0,1,2,3,3,1,1,1,1,2,1,8,-22,21.1,0,0,20.0,1,93,93,93,65,85,67,126,24,21,59,108,113,108,45,89,85,42,71,34,18,118,78,102,100,185,87,17,2,88,1,97.0,97.5,98.2,98.2,138.9,140.7,140.7,-41.4,-42.6,-42.6,0.167,3.0,23.1,0.037,0.087,0.06,7.7,7.7,0.444,0.444,0.167,0.168,92.68,91.74,76.45,91.74,0.049,55,3.0,9.0,130,126,126,177,179,179,179,179,179,60,16,53,81,108,104,86,87,116,132,107,113,171,176,176,135,85,67,34,28,0.0,0,5,6,3,0.088,0.088,1,0,1,0.0,0,0,0.0,0,0.0,0,0.0,0,0.0,0,0.0,0,0.0,8,45,31,1.5,2.03,0.91,0.178,0,1,2,0.0,0.0,1.0,0.0,0.0,0.0,2.0,0.5,0.0,0.5,0.0,1.0,2.0,0.5,5.0,0.4,1.0,0.5,5.7,1.0,2.0,0.333,7.0,0.429,1.0,0.5,5.7,,,,,,,,,,,,,,,0.333,1.0,3.0,0.333,0.333,0.333,1.0,3.0,0.333,0.0,0.0,0.0,,0.667,2.0,6.0,0.333,0.5,0.0,0.0,0.0,,0.667,2.0,6.0,0.333,,,,,,,,,,,,,,1,2,0.5,3,1.0,2.0,0.5,0.75,3,0.25,2,0.5,0,0.0,0,0.0,0.444,1.0,3.0,0.333,0.0,0.0,0.0,0.0,0.0,0.0,0.0,0.0,0.0,0.0,1.0,0.0,2.0,5.0,0.4,0.0,0.0,0.0,0.0,1.0,0.0,WAS,1.0,3.0,0.333,0.0,0.0,0.0,0.0,0.0,0.0,0.0,0.0,0.0,1.0,3.0,0.333,1.0,3.0,0.333,,,,0.0,0.0,0.0,0.0,0.0,0.0,1,4,1.0,4.0,0.25,0.375,5.0,8.0,0.625,0.44,0.185,3.0,3.0,1.0,0.362,0.638,2.0,5.0,0.4,0.509,-0.109,0.0,2.0,0.0,0.563,-0.563,0.0,2.0,0.0,0.539,-0.539,5.0,6.0,0.833,0.372,0.462,3.0,2.0,1.0,2.0,0.0,0.0,0.0,1.0,0.0,1.0,1.0,0.0,0.0,1.0,1.0,0.0,0.0,0.0,1.0,0.0,0.0,0,0,0,0,0.0,0.0,1,1.0,1,1.0,0,0.0,0,0.0,10011,1.9,1.1,0.8,3.72,3.89,3.51,2019,20181112,False
204020,Tyler Johnson,Tyler,1610612756,PHX,27.0,1,0,1,0.0,27.45,4,11,0.364,1,4,0.25,3,3,1.0,2,2,4,2,1,0,1,0,4,2,12,1,21.8,0,0,21.0,1,93,93,93,71,65,51,120,56,49,82,33,52,1,18,89,68,70,71,95,18,1,145,69,69,80,79,17,2,80,1,98.0,108.6,107.0,107.0,105.0,105.3,105.3,3.6,1.8,1.8,0.118,2.0,13.3,0.071,0.057,0.063,6.7,6.5,0.409,0.487,0.203,0.218,99.04,99.67,83.06,99.67,0.058,57,4.0,11.0,84,91,91,87,91,91,89,89,89,94,25,98,36,131,100,79,79,129,120,72,63,115,105,105,128,65,51,20,29,0.0,0,7,5,2,0.1,0.1,9,1,5,0.2,0,0,0.0,2,0.222,3,0.333,0,0.0,1,0.111,0,0.0,12,35,22,2.5,4.32,3.89,0.343,0,0,2,0.0,0.0,0.0,2.0,0.0,1.0,5.0,0.4,1.0,0.5,6.7,0.0,2.0,0.0,8.0,0.25,1.0,0.286,12.8,2.0,2.0,0.5,13.0,0.308,2.0,0.364,9.7,1.0,0.091,0.0,1.0,0.0,0.0,0.091,0.0,1.0,0.0,0.0,0.0,0.0,,0.273,2.0,3.0,0.667,0.667,0.273,2.0,3.0,0.667,0.0,0.0,0.0,,0.364,1.0,4.0,0.25,0.375,0.182,0.0,2.0,0.0,0.182,1.0,2.0,0.5,0.273,1.0,3.0,0.333,0.333,0.091,1.0,1.0,1.0,0.182,0.0,2.0,0.0,0,1,0.0,0,0.0,0.0,,0.0,3,0.25,0,0.0,0,0.0,0,0.0,0.409,2.0,4.0,0.5,0.0,2.0,0.0,1.0,1.0,1.0,0.0,0.0,0.0,0.0,0.0,0.0,1.0,4.0,0.25,0.0,0.0,0.0,0.0,0.0,0.0,PHX,2.0,4.0,0.5,1.0,2.0,0.5,0.0,1.0,0.0,0.0,0.0,0.0,1.0,2.0,0.5,0.0,2.0,0.0,0.0,0.0,0.0,0.0,0.0,0.0,0.0,0.0,0.0,1,4,1.0,4.0,0.25,0.375,4.0,9.0,0.444,0.435,0.01,3.0,7.0,0.429,0.394,0.035,1.0,2.0,0.5,0.512,-0.012,0.0,1.0,0.0,0.649,-0.649,0.0,1.0,0.0,0.603,-0.603,3.0,7.0,0.429,0.406,0.022,9.0,2.0,7.0,0.0,0.0,0.0,0.0,0.0,2.0,2.0,0.0,1.0,0.0,4.0,4.0,4.0,1.0,0.0,1.0,1.0,0.25,0,0,0,0,0.0,0.0,0,0.0,0,0.0,0,0.0,0,0.0,11499,2.2,1.1,1.1,4.57,4.75,4.41,2019,20181112,False
1627820,Tyrone Wallace,Tyrone,1610612746,LAC,25.0,1,1,0,1.0,11.866666666666667,1,4,0.25,0,0,0.0,0,0,0.0,0,2,2,1,2,1,0,1,1,1,2,0,6.9,0,0,7.0,1,1,1,1,160,145,131,145,104,144,104,108,113,108,96,89,105,100,38,34,68,118,29,102,154,89,162,17,2,155,1,111.0,69.8,72.4,72.4,74.5,72.4,72.4,-4.7,0.0,0.0,0.143,0.5,14.3,0.0,0.125,0.069,28.6,28.6,0.25,0.25,0.194,0.199,117.87,117.3,97.75,117.3,0.0,29,1.0,4.0,180,178,178,8,7,7,110,91,91,76,85,90,96,80,94,178,179,156,162,80,81,3,4,4,158,145,131,17,16,0.0,0,2,2,1,0.059,0.059,3,0,2,0.0,0,0,0.0,0,0.0,0,0.0,0,0.0,0,0.0,0,0.0,2,24,11,1.3,3.33,2.96,0.083,0,0,1,0.0,0.0,0.0,0.0,0.0,0.0,3.0,0.0,0.0,0.0,0.0,0.0,2.0,0.0,3.0,0.667,1.0,1.0,10.1,0.0,2.0,0.0,6.0,0.333,1.0,0.4,10.1,,,,,,,,,,,,,,,0.5,0.0,2.0,0.0,0.0,0.5,0.0,2.0,0.0,0.0,0.0,0.0,,,,,,,,,,,,,,,0.5,1.0,2.0,0.5,0.5,0.5,1.0,2.0,0.5,0.0,0.0,0.0,,0,0,,0,,,,,0,0.0,0,0.0,0,0.0,0,0.0,0.25,1.0,3.0,0.333,0.0,1.0,0.0,0.0,0.0,0.0,,,,0.0,0.0,0.0,0.0,0.0,0.0,0.0,0.0,0.0,0.0,0.0,0.0,LAC,1.0,3.0,0.333,0.0,1.0,0.0,0.0,0.0,0.0,0.0,0.0,0.0,0.0,0.0,0.0,0.0,0.0,0.0,0.0,0.0,0.0,,,,0.0,0.0,0.0,0,0,,,,,2.0,4.0,0.5,0.491,0.009,0.0,1.0,0.0,0.411,-0.411,2.0,3.0,0.667,0.598,0.068,1.0,2.0,0.5,0.817,-0.317,2.0,3.0,0.667,0.715,-0.048,0.0,1.0,0.0,0.419,-0.419,3.0,2.0,1.0,2.0,0.0,0.0,0.0,0.0,1.0,1.0,0.0,1.0,0.0,0.0,0.0,0.0,0.0,0.0,0.0,0.0,0.0,0,0,0,0,0.0,0.0,0,0.0,0,0.0,0,0.0,0,0.0,5385,1.0,0.6,0.4,4.73,5.6,3.83,2019,20181112,False
1626145,Tyus Jones,Tyus,1610612750,MIN,23.0,1,1,0,1.0,13.4,1,2,0.5,0,1,0.0,0,0,0.0,1,1,2,0,0,1,0,0,1,0,2,-3,7.4,0,0,6.0,1,1,1,1,153,145,161,59,104,118,104,108,113,108,45,126,105,137,129,34,68,1,29,135,154,113,157,17,2,161,1,105.0,67.4,73.3,73.3,89.4,86.2,86.2,-22.0,-12.9,-12.9,0.0,0.0,0.0,0.063,0.048,0.054,0.0,0.0,0.5,0.5,0.057,0.058,108.54,105.67,88.06,105.67,0.122,30,1.0,2.0,181,177,177,27,24,24,154,136,136,137,101,137,47,138,112,1,1,79,105,174,174,32,46,46,64,145,161,26,24,0.0,0,2,0,0,0.0,0.0,1,1,1,1.0,0,0,0.0,2,2.0,0,0.0,0,0.0,0,0.0,0,0.0,2,32,16,2.4,4.47,3.59,0.063,0,0,1,0.0,0.0,0.0,0.0,1.0,0.0,1.0,1.0,0.0,1.0,15.5,0.0,1.0,0.0,2.0,0.5,1.0,1.0,3.4,0.0,2.0,0.0,3.0,0.667,1.0,1.0,9.5,,,,,,,,,,,,,,,1.0,1.0,2.0,0.5,0.5,0.5,1.0,1.0,1.0,0.5,0.0,1.0,0.0,,,,,,,,,,,,,,,,,,,,,,,,,,,1,2,0.5,2,0.0,1.0,0.0,0.5,0,0.0,0,0.0,0,0.0,0,0.0,0.5,0.0,0.0,0.0,1.0,1.0,1.0,0.0,0.0,0.0,,,,0.0,0.0,0.0,0.0,1.0,0.0,0.0,0.0,0.0,0.0,0.0,0.0,MIN,0.0,0.0,0.0,1.0,1.0,1.0,0.0,0.0,0.0,0.0,0.0,0.0,0.0,1.0,0.0,0.0,0.0,0.0,,,,,,,0.0,0.0,0.0,0,0,0.0,0.0,,,0.0,3.0,0.0,0.493,-0.493,0.0,2.0,0.0,0.459,-0.459,0.0,1.0,0.0,0.529,-0.529,,,,,,0.0,1.0,0.0,0.544,-0.544,0.0,2.0,0.0,0.458,-0.458,2.0,0.0,2.0,0.0,0.0,0.0,0.0,1.0,0.0,1.0,1.0,0.0,0.0,0.0,0.0,0.0,0.0,0.0,0.0,0.0,0.0,0,0,0,0,0.0,0.0,0,0.0,0,0.0,0,0.0,0,0.0,5637,1.1,0.6,0.5,4.43,4.44,4.43,2019,20181112,False
201961,Wayne Ellington,Wayne,1610612765,DET,31.0,1,0,1,0.0,26.1,4,11,0.364,4,10,0.4,2,2,1.0,1,2,3,1,1,0,0,0,1,1,14,6,18.1,0,0,22.0,1,93,93,93,83,65,51,120,4,3,52,50,61,1,45,89,85,100,71,95,68,1,29,102,50,46,101,17,2,74,1,,116.3,114.3,114.3,106.1,105.5,105.5,10.2,8.8,8.8,0.056,1.0,7.1,0.04,0.067,0.055,7.1,7.2,0.545,0.589,0.206,0.215,100.89,102.07,85.06,102.07,0.091,56,4.0,11.0,54,61,61,94,94,94,58,62,62,128,58,124,78,124,111,83,84,73,74,68,66,91,82,82,89,65,51,16,25,0.0,0,3,3,1,0.063,0.063,2,0,1,0.0,2,2,1.0,2,1.0,0,0.0,0,0.0,0,0.0,1,0.5,14,30,24,0.8,1.56,1.07,0.467,1,0,1,0.0,0.0,0.0,0.0,1.0,0.0,1.0,1.0,0.0,1.0,8.8,0.0,2.0,0.0,4.0,0.5,1.0,0.667,27.0,0.0,3.0,0.0,5.0,0.6,1.0,0.75,20.9,,,,,,,,,,,,,,,0.364,1.0,4.0,0.25,0.375,0.091,0.0,1.0,0.0,0.273,1.0,3.0,0.333,0.364,2.0,4.0,0.5,0.75,0.0,0.0,0.0,,0.364,2.0,4.0,0.5,0.273,1.0,3.0,0.333,0.5,0.0,0.0,0.0,,0.273,1.0,3.0,0.333,2,3,0.667,6,2.0,3.0,0.667,1.0,6,0.286,0,0.0,0,0.0,0,0.0,0.545,0.0,0.0,0.0,0.0,1.0,0.0,0.0,0.0,0.0,0.0,1.0,0.0,1.0,2.0,0.5,3.0,7.0,0.429,0.0,0.0,0.0,1.0,3.0,0.333,DET,0.0,1.0,0.0,0.0,0.0,0.0,0.0,0.0,0.0,0.0,0.0,0.0,2.0,6.0,0.333,2.0,4.0,0.5,0.0,0.0,0.0,0.0,0.0,0.0,0.0,0.0,0.0,2,7,2.0,7.0,0.286,0.429,3.0,9.0,0.333,0.436,-0.103,0.0,3.0,0.0,0.361,-0.361,3.0,6.0,0.5,0.499,0.001,1.0,2.0,0.5,0.636,-0.136,1.0,2.0,0.5,0.596,-0.096,2.0,6.0,0.333,0.39,-0.057,5.0,2.0,3.0,0.0,0.0,0.0,0.0,0.0,2.0,2.0,0.0,1.0,0.0,0.0,0.0,0.0,0.0,0.0,0.0,0.0,0.0,0,0,0,0,0.0,0.0,0,0.0,0,0.0,0,0.0,0,0.0,10981,2.1,1.1,1.0,4.44,4.93,4.0,2019,20181112,False
1627782,Wayne Selden,Wayne,1610612741,CHI,24.0,1,0,1,0.0,18.266666666666666,2,4,0.5,0,1,0.0,2,2,1.0,1,1,2,2,3,2,0,1,3,3,6,0,14.4,0,0,14.0,1,93,93,93,132,119,131,59,104,118,104,50,61,1,45,126,105,70,18,10,68,118,119,37,119,89,121,17,2,120,1,105.0,86.7,85.7,85.7,86.0,83.7,83.7,0.7,2.0,2.0,0.182,0.67,20.0,0.056,0.048,0.051,30.0,30.4,0.5,0.615,0.182,0.185,109.52,111.68,93.07,111.68,0.067,42,2.0,4.0,164,167,167,20,20,20,97,88,88,54,80,61,57,138,117,182,182,79,64,92,95,25,15,15,113,119,131,11,13,0.0,0,2,5,2,0.182,0.182,4,1,2,0.5,2,2,1.0,4,1.0,0,0.0,0,0.0,1,0.25,1,0.25,6,20,12,1.0,3.04,2.45,0.3,0,0,0,0.0,0.0,0.0,0.0,1.0,0.0,3.0,0.333,0.0,0.333,9.5,0.0,1.0,0.0,2.0,0.5,1.0,1.0,5.3,0.0,2.0,0.0,5.0,0.4,1.0,0.5,7.4,,,,,,,,,,,,,,,0.5,1.0,2.0,0.5,0.5,0.5,1.0,2.0,0.5,0.0,0.0,0.0,,0.5,1.0,2.0,0.5,0.5,0.25,1.0,1.0,1.0,0.25,0.0,1.0,0.0,,,,,,,,,,,,,,0,1,0.0,0,0.0,1.0,0.0,0.0,0,0.0,0,0.0,0,0.0,0,0.0,0.5,1.0,2.0,0.5,1.0,1.0,1.0,0.0,0.0,0.0,0.0,0.0,0.0,,,,0.0,1.0,0.0,0.0,0.0,0.0,0.0,0.0,0.0,CHI,2.0,3.0,0.667,0.0,0.0,0.0,0.0,0.0,0.0,0.0,0.0,0.0,0.0,0.0,0.0,0.0,1.0,0.0,,,,,,,0.0,0.0,0.0,0,0,0.0,0.0,,,2.0,5.0,0.4,0.442,-0.042,1.0,3.0,0.333,0.342,-0.009,1.0,2.0,0.5,0.557,-0.057,1.0,2.0,0.5,0.61,-0.11,1.0,2.0,0.5,0.581,-0.081,1.0,3.0,0.333,0.339,-0.005,2.0,0.0,2.0,2.0,1.0,1.0,2.0,0.0,0.0,0.0,0.0,0.0,0.0,0.0,0.0,0.0,0.0,0.0,0.0,0.0,0.0,0,0,0,0,0.0,0.0,0,0.0,0,0.0,0,0.0,0,0.0,7302,1.4,0.7,0.6,4.29,4.1,3.86,2019,20181112,False
1628976,Wendell Carter Jr.,Wendell,1610612741,CHI,20.0,1,0,1,0.0,26.695,3,9,0.333,0,3,0.0,1,1,1.0,3,7,10,1,3,1,2,1,3,2,7,10,26.5,0,0,24.0,1,93,93,93,78,85,67,126,104,71,104,82,105,1,10,18,17,100,18,34,6,118,119,69,111,27,62,17,2,67,1,105.0,85.3,86.9,86.9,73.1,72.9,72.9,12.1,14.0,14.0,0.063,0.33,7.7,0.1,0.241,0.169,23.1,22.3,0.333,0.371,0.182,0.185,108.75,107.89,89.9,107.89,0.107,61,3.0,9.0,166,163,163,7,8,8,51,46,46,126,96,122,23,31,27,166,166,141,145,92,97,30,34,34,74,85,67,27,23,0.0,0,3,3,1,0.037,0.037,0,0,0,0.0,0,0,0.0,0,0.0,0,0.0,0,0.0,0,0.0,0,0.0,7,38,25,0.9,1.35,0.13,0.184,6,1,4,0.333,0.0,1.25,1.0,2.0,0.333,7.0,0.429,0.0,0.429,10.6,1.0,6.0,0.143,10.0,0.7,0.0,0.7,4.5,2.0,8.0,0.2,16.0,0.625,0.0,0.625,6.3,,,,,,,,,,,,,,,0.444,2.0,4.0,0.5,0.5,0.444,2.0,4.0,0.5,0.0,0.0,0.0,,0.111,0.0,1.0,0.0,0.0,0.111,0.0,1.0,0.0,0.0,0.0,0.0,,0.444,1.0,4.0,0.25,0.25,0.111,1.0,1.0,1.0,0.333,0.0,3.0,0.0,0,0,,0,0.0,0.0,,,2,0.2,5,1.0,0,0.0,2,0.5,0.333,2.0,2.0,1.0,0.0,2.0,0.0,1.0,2.0,0.5,0.0,1.0,0.0,0.0,0.0,0.0,0.0,2.0,0.0,0.0,0.0,0.0,0.0,1.0,0.0,CHI,2.0,2.0,1.0,0.0,2.0,0.0,0.0,1.0,0.0,0.0,0.0,0.0,1.0,4.0,0.25,0.0,0.0,0.0,,,,0.0,0.0,0.0,0.0,0.0,0.0,0,3,0.0,2.0,0.0,0.0,6.0,11.0,0.545,0.468,0.078,1.0,3.0,0.333,0.35,-0.016,5.0,8.0,0.625,0.518,0.108,3.0,5.0,0.6,0.614,-0.014,4.0,7.0,0.571,0.565,0.006,2.0,4.0,0.5,0.345,0.156,9.0,7.0,2.0,2.0,0.0,2.0,4.0,2.0,0.0,2.0,1.0,0.0,0.0,5.0,5.0,4.0,1.0,0.0,1.0,1.0,0.25,0,1,0,0,0.0,0.0,0,0.0,0,0.0,0,0.0,0,0.0,10603,2.0,1.0,1.0,4.17,4.64,3.8,2019,20181112,False
1628411,Wes Iwundu,Wes,1610612753,ORL,24.0,1,0,1,0.0,15.2,3,4,0.75,2,2,1.0,0,1,0.0,0,1,1,4,0,0,0,1,2,2,8,4,15.2,0,0,15.0,1,93,93,93,144,85,131,14,24,92,1,108,105,108,96,126,139,30,129,95,68,118,78,69,100,55,116,17,2,112,1,98.0,109.5,109.1,109.1,100.0,103.2,103.2,9.5,5.9,5.9,0.308,0.0,50.0,0.0,0.067,0.031,0.0,0.0,1.0,0.901,0.108,0.127,102.44,101.05,84.21,101.05,0.128,33,3.0,4.0,80,85,85,72,80,80,59,71,71,23,101,4,96,124,142,1,1,6,11,155,146,73,91,91,60,85,131,14,16,0.0,0,7,10,4,0.286,0.286,2,0,0,0.0,0,0,0.0,0,0.0,2,1.0,0,0.0,0,0.0,0,0.0,8,18,13,0.6,2.14,1.44,0.444,0,0,1,0.0,0.0,0.0,0.0,0.0,0.0,1.0,0.0,1.0,0.0,0.0,0.0,1.0,0.0,2.0,0.5,0.0,0.5,3.9,0.0,1.0,0.0,3.0,0.333,1.0,0.5,3.9,1.0,0.25,1.0,1.0,1.0,1.0,0.25,1.0,1.0,1.0,0.0,0.0,0.0,,0.25,0.0,1.0,0.0,0.0,0.25,0.0,1.0,0.0,0.0,0.0,0.0,,,,,,,,,,,,,,,0.5,2.0,2.0,1.0,1.5,0.0,0.0,0.0,,0.5,2.0,2.0,1.0,0,0,,0,0.0,0.0,,,6,1.0,0,0.0,0,0.0,0,0.0,1.0,1.0,2.0,0.5,0.0,0.0,0.0,0.0,0.0,0.0,0.0,0.0,0.0,1.0,1.0,1.0,1.0,1.0,1.0,0.0,0.0,0.0,1.0,1.0,1.0,ORL,1.0,2.0,0.5,0.0,0.0,0.0,0.0,0.0,0.0,0.0,0.0,0.0,1.0,1.0,1.0,1.0,1.0,1.0,0.0,0.0,0.0,0.0,0.0,0.0,0.0,0.0,0.0,2,2,2.0,2.0,1.0,1.5,3.0,5.0,0.6,0.463,0.137,3.0,5.0,0.6,0.375,0.225,,,,,,,,,,,,,,,,3.0,5.0,0.6,0.384,0.216,4.0,0.0,4.0,0.0,0.0,1.0,2.0,1.0,0.0,1.0,1.0,0.0,0.0,0.0,0.0,0.0,0.0,0.0,0.0,0.0,0.0,0,0,0,0,0.0,0.0,0,0.0,0,0.0,0,0.0,0,0.0,6372,1.2,0.7,0.5,4.56,5.19,3.9,2019,20181112,False
202325,Wesley Johnson,Wesley,1610612764,WAS,31.0,1,1,0,1.0,20.72,2,6,0.333,1,4,0.25,0,0,0.0,1,1,2,0,0,0,0,0,4,0,5,4,7.4,0,0,8.0,1,1,1,1,117,119,110,126,56,49,82,108,113,108,45,126,105,137,129,95,68,1,145,135,131,55,157,17,2,147,1,97.0,117.7,127.5,127.5,110.5,114.6,114.6,7.2,12.9,12.9,0.0,0.0,0.0,0.04,0.037,0.038,0.0,0.0,0.417,0.417,0.122,0.122,99.43,93.82,78.19,93.82,-0.016,40,2.0,6.0,49,24,24,113,126,126,70,48,48,137,101,137,78,146,134,1,1,125,136,146,150,110,168,168,173,119,110,15,18,0.0,0,1,0,0,0.0,0.0,0,0,0,0.0,0,0,0.0,0,0.0,0,0.0,0,0.0,0,0.0,0,0.0,5,22,17,0.5,1.32,0.64,0.227,0,0,1,0.0,0.0,0.0,0.0,1.0,0.0,2.0,0.5,0.0,0.5,9.8,0.0,1.0,0.0,2.0,0.5,0.0,0.5,5.9,0.0,2.0,0.0,4.0,0.5,0.0,0.5,7.9,,,,,,,,,,,,,,,0.667,2.0,4.0,0.5,0.625,0.167,1.0,1.0,1.0,0.5,1.0,3.0,0.333,0.333,0.0,2.0,0.0,0.0,0.167,0.0,1.0,0.0,0.167,0.0,1.0,0.0,,,,,,,,,,,,,,1,4,0.25,2,0.0,2.0,0.0,0.25,3,0.5,0,0.0,0,0.0,0,0.0,0.417,0.0,0.0,0.0,0.0,0.0,0.0,1.0,2.0,0.5,0.0,0.0,0.0,1.0,3.0,0.333,0.0,1.0,0.0,0.0,0.0,0.0,1.0,3.0,0.333,WAS,0.0,0.0,0.0,0.0,0.0,0.0,0.0,0.0,0.0,1.0,1.0,1.0,1.0,4.0,0.25,0.0,1.0,0.0,,,,,,,0.0,0.0,0.0,1,2,1.0,2.0,0.5,0.75,3.0,7.0,0.429,0.484,-0.055,1.0,3.0,0.333,0.352,-0.019,2.0,4.0,0.5,0.551,-0.051,0.0,1.0,0.0,0.675,-0.675,1.0,3.0,0.333,0.615,-0.281,2.0,4.0,0.5,0.392,0.108,4.0,1.0,3.0,2.0,0.0,0.0,0.0,0.0,0.0,0.0,0.0,0.0,0.0,3.0,3.0,0.0,0.0,0.0,1.0,0.0,0.0,0,0,0,0,0.0,0.0,0,0.0,0,0.0,0,0.0,0,0.0,8409,1.6,0.8,0.8,4.33,4.26,4.41,2019,20181112,False
1626161,Willie Cauley-Stein,Willie,1610612758,SAC,25.0,1,1,0,1.0,32.18333333333333,6,14,0.429,0,0,0.0,1,2,0.5,0,13,13,3,0,1,0,2,3,2,13,7,36.1,1,0,31.0,1,1,1,1,48,37,28,100,104,144,104,82,61,79,96,4,10,42,129,34,68,170,119,69,61,41,31,1,2,42,1,99.0,106.5,101.5,101.5,90.5,92.4,92.4,16.0,9.1,9.1,0.143,0.0,16.7,0.0,0.371,0.197,0.0,0.0,0.429,0.437,0.211,0.219,97.87,99.18,82.65,99.18,0.144,67,6.0,14.0,93,110,110,32,39,39,44,61,61,76,101,77,96,8,16,1,1,123,134,64,62,134,113,113,45,37,28,32,29,0.0,0,2,7,3,0.094,0.094,1,0,0,0.0,1,2,0.5,1,1.0,0,0.0,0,0.0,0,0.0,1,1.0,13,49,27,1.7,2.13,0.69,0.265,9,5,6,0.222,0.4,0.667,0.0,0.0,0.0,3.0,0.0,0.0,0.0,0.0,2.0,11.0,0.154,15.0,0.867,0.0,0.867,5.0,2.0,11.0,0.154,17.0,0.765,0.0,0.765,5.0,1.0,0.429,2.0,6.0,0.333,0.333,0.429,2.0,6.0,0.333,0.0,0.0,0.0,,0.357,3.0,5.0,0.6,0.6,0.357,3.0,5.0,0.6,0.0,0.0,0.0,,0.071,0.0,1.0,0.0,0.0,0.071,0.0,1.0,0.0,0.0,0.0,0.0,,0.143,1.0,2.0,0.5,0.5,0.143,1.0,2.0,0.5,0.0,0.0,0.0,,0,2,0.0,0,,,,0.0,2,1.0,4,0.5,2,0.25,2,0.5,0.429,5.0,10.0,0.5,0.0,1.0,0.0,1.0,3.0,0.333,0.0,0.0,0.0,0.0,0.0,0.0,0.0,0.0,0.0,0.0,0.0,0.0,0.0,0.0,0.0,SAC,5.0,10.0,0.5,0.0,1.0,0.0,1.0,1.0,1.0,0.0,2.0,0.0,0.0,0.0,0.0,0.0,0.0,0.0,,,,0.0,0.0,0.0,0.0,0.0,0.0,1,1,,,,1.0,7.0,15.0,0.467,0.494,-0.028,1.0,2.0,0.5,0.382,0.119,6.0,13.0,0.462,0.507,-0.045,1.0,2.0,0.5,0.603,-0.103,1.0,3.0,0.333,0.566,-0.233,3.0,8.0,0.375,0.405,-0.03,8.0,8.0,0.0,2.0,0.0,4.0,8.0,0.0,0.0,0.0,0.0,0.0,0.0,6.0,6.0,3.0,2.0,0.0,1.0,1.0,0.667,1,4,0,0,0.0,0.4,1,0.2,0,0.0,0,0.0,0,0.0,12186,2.3,1.2,1.1,4.06,4.77,3.49,2019,20181112,False
201163,Wilson Chandler,Wilson,1610612746,LAC,32.0,1,1,0,1.0,23.433333333333334,2,3,0.667,1,1,1.0,0,0,0.0,1,0,1,3,2,1,0,0,2,0,5,6,11.7,0,0,12.0,1,1,1,1,98,119,152,24,56,118,1,108,113,108,45,155,139,42,38,34,68,1,78,135,131,46,132,17,2,127,1,111.0,133.0,129.2,129.2,124.0,121.7,121.7,9.0,7.4,7.4,0.15,1.5,37.5,0.059,0.0,0.027,25.0,25.0,0.833,0.833,0.098,0.101,93.98,96.27,80.23,96.27,0.046,48,2.0,3.0,13,20,20,156,146,146,62,68,68,73,45,17,54,155,152,170,172,14,17,162,162,162,144,144,139,119,152,19,17,0.0,0,3,8,3,0.158,0.158,1,0,0,0.0,0,0,0.0,0,0.0,1,1.0,0,0.0,0,0.0,0,0.0,5,24,19,0.7,1.65,0.46,0.208,3,0,2,0.0,0.0,1.0,1.0,0.0,1.0,1.0,1.0,0.0,1.0,6.9,0.0,0.0,0.0,0.0,0.0,0.0,0.0,0.0,1.0,0.0,1.0,1.0,1.0,0.0,1.0,6.9,,,,,,,,,,,,,,,,,,,,,,,,,,,,0.667,1.0,2.0,0.5,0.5,0.667,1.0,2.0,0.5,0.0,0.0,0.0,,0.333,1.0,1.0,1.0,1.5,0.0,0.0,0.0,,0.333,1.0,1.0,1.0,0,1,0.0,0,0.0,0.0,,0.0,3,1.0,2,1.0,0,0.0,0,0.0,0.833,1.0,1.0,1.0,0.0,0.0,0.0,0.0,1.0,0.0,1.0,1.0,1.0,0.0,0.0,0.0,0.0,0.0,0.0,0.0,0.0,0.0,1.0,1.0,1.0,LAC,1.0,1.0,1.0,0.0,0.0,0.0,0.0,0.0,0.0,0.0,1.0,0.0,1.0,1.0,1.0,0.0,0.0,0.0,0.0,0.0,0.0,0.0,0.0,0.0,0.0,0.0,0.0,1,1,1.0,1.0,1.0,1.5,4.0,8.0,0.5,0.417,0.083,3.0,4.0,0.75,0.354,0.397,1.0,4.0,0.25,0.474,-0.224,1.0,2.0,0.5,0.591,-0.091,1.0,2.0,0.5,0.554,-0.054,3.0,6.0,0.5,0.358,0.142,7.0,3.0,4.0,1.0,0.0,0.0,0.0,1.0,0.0,1.0,1.0,0.0,1.0,1.0,2.0,1.0,1.0,0.5,0.5,1.0,1.0,0,0,0,0,0.0,0.0,0,0.0,0,0.0,0,0.0,0,0.0,9358,1.8,1.0,0.8,4.26,4.66,3.84,2019,20181112,False
203897,Zach LaVine,Zach,1610612741,CHI,24.0,1,0,1,0.0,41.208333333333336,8,23,0.348,0,6,0.0,10,11,0.909,0,5,5,5,7,4,0,1,2,8,26,-4,44.5,0,0,44.0,1,93,93,93,4,15,3,125,104,21,104,4,4,50,96,36,57,17,2,1,68,118,78,4,8,123,12,17,2,10,1,105.0,90.5,93.4,93.4,99.5,100.0,100.0,-9.0,-6.6,-6.6,0.217,0.71,12.8,0.0,0.114,0.055,17.9,17.6,0.348,0.467,0.337,0.342,106.79,104.83,87.36,104.83,0.109,91,8.0,23.0,157,147,147,71,59,59,121,117,117,45,79,104,96,90,110,144,143,140,124,4,4,35,53,53,70,15,3,41,68,0.0,2,13,13,7,0.122,0.171,14,4,6,0.667,5,6,0.833,13,0.929,2,0.143,1,0.071,2,0.143,3,0.214,26,81,42,6.1,4.51,4.02,0.321,0,1,0,0.0,0.0,0.0,0.0,0.0,0.0,4.0,0.0,0.0,0.0,0.0,0.0,5.0,0.0,8.0,0.625,1.0,0.714,7.8,0.0,5.0,0.0,11.0,0.455,1.0,0.5,7.8,1.0,0.087,1.0,2.0,0.5,0.5,0.087,1.0,2.0,0.5,0.0,0.0,0.0,,0.391,3.0,9.0,0.333,0.333,0.261,3.0,6.0,0.5,0.13,0.0,3.0,0.0,0.435,3.0,10.0,0.3,0.3,0.348,3.0,8.0,0.375,0.087,0.0,2.0,0.0,0.087,1.0,2.0,0.5,0.5,0.043,1.0,1.0,1.0,0.043,0.0,1.0,0.0,3,14,0.214,6,0.0,4.0,0.0,0.214,0,0.0,0,0.0,0,0.0,0,0.0,0.348,5.0,7.0,0.714,1.0,2.0,0.5,2.0,8.0,0.25,0.0,1.0,0.0,0.0,0.0,0.0,0.0,5.0,0.0,0.0,0.0,0.0,0.0,1.0,0.0,CHI,5.0,7.0,0.714,0.0,1.0,0.0,1.0,1.0,1.0,2.0,6.0,0.333,0.0,3.0,0.0,0.0,5.0,0.0,,,,0.0,0.0,0.0,0.0,0.0,0.0,0,2,0.0,2.0,0.0,0.0,4.0,7.0,0.571,0.426,0.146,1.0,3.0,0.333,0.311,0.022,3.0,4.0,0.75,0.521,0.23,2.0,2.0,1.0,0.58,0.42,2.0,3.0,0.667,0.53,0.137,2.0,4.0,0.5,0.32,0.18,3.0,2.0,1.0,3.0,0.0,0.0,0.0,0.0,1.0,1.0,0.0,1.0,0.0,2.0,2.0,2.0,0.0,0.0,1.0,1.0,0.0,0,1,0,0,0.0,0.0,0,0.0,0,0.0,0,0.0,0,0.0,17168,3.3,1.7,1.5,4.48,5.05,3.75,2019,20181112,False
