PLAYER_ID,PLAYER_NAME,NICKNAME,TEAM_ID,TEAM_ABBREVIATION,AGE,GP,W,L,W_PCT,MIN,FGM,FGA,FG_PCT,FG3M,FG3A,FG3_PCT,FTM,FTA,FT_PCT,OREB,DREB,REB,AST,TOV,STL,BLK,BLKA,PF,PFD,PTS,PLUS_MINUS,NBA_FANTASY_PTS,DD2,TD3,WNBA_FANTASY_PTS,GP_RANK,W_RANK,L_RANK,W_PCT_RANK,MIN_RANK,FGM_RANK,FGA_RANK,FG_PCT_RANK,FG3M_RANK,FG3A_RANK,FG3_PCT_RANK,FTM_RANK,FTA_RANK,FT_PCT_RANK,OREB_RANK,DREB_RANK,REB_RANK,AST_RANK,TOV_RANK,STL_RANK,BLK_RANK,BLKA_RANK,PF_RANK,PFD_RANK,PTS_RANK,PLUS_MINUS_RANK,NBA_FANTASY_PTS_RANK,DD2_RANK,TD3_RANK,WNBA_FANTASY_PTS_RANK,TEAM_COUNT,team_poss,E_OFF_RATING,OFF_RATING,sp_work_OFF_RATING,E_DEF_RATING,DEF_RATING,sp_work_DEF_RATING,E_NET_RATING,NET_RATING,sp_work_NET_RATING,AST_PCT,AST_TO,AST_RATIO,OREB_PCT,DREB_PCT,REB_PCT,TM_TOV_PCT,E_TOV_PCT,EFG_PCT,TS_PCT,USG_PCT,E_USG_PCT,E_PACE,PACE,PACE_PER40,sp_work_PACE,PIE,POSS,FGM_PG,FGA_PG,E_OFF_RATING_RANK,OFF_RATING_RANK,sp_work_OFF_RATING_RANK,E_DEF_RATING_RANK,DEF_RATING_RANK,sp_work_DEF_RATING_RANK,E_NET_RATING_RANK,NET_RATING_RANK,sp_work_NET_RATING_RANK,AST_PCT_RANK,AST_TO_RANK,AST_RATIO_RANK,OREB_PCT_RANK,DREB_PCT_RANK,REB_PCT_RANK,TM_TOV_PCT_RANK,E_TOV_PCT_RANK,EFG_PCT_RANK,TS_PCT_RANK,USG_PCT_RANK,E_USG_PCT_RANK,E_PACE_RANK,PACE_RANK,sp_work_PACE_RANK,PIE_RANK,FGM_PG_RANK,FGA_PG_RANK,PASSES_MADE,PASSES_RECEIVED,FT_AST,SECONDARY_AST,POTENTIAL_AST,AST_PTS_CREATED,AST_ADJ,AST_TO_PASS_PCT,AST_TO_PASS_PCT_ADJ,DRIVES,DRIVE_FGM,DRIVE_FGA,DRIVE_FG_PCT,DRIVE_FTM,DRIVE_FTA,DRIVE_FT_PCT,DRIVE_PTS,DRIVE_PTS_PCT,DRIVE_PASSES,DRIVE_PASSES_PCT,DRIVE_AST,DRIVE_AST_PCT,DRIVE_TOV,DRIVE_TOV_PCT,DRIVE_PF,DRIVE_PF_PCT,POINTS,TOUCHES,FRONT_CT_TOUCHES,TIME_OF_POSS,AVG_SEC_PER_TOUCH,AVG_DRIB_PER_TOUCH,PTS_PER_TOUCH,ELBOW_TOUCHES,POST_TOUCHES,PAINT_TOUCHES,PTS_PER_ELBOW_TOUCH,PTS_PER_POST_TOUCH,PTS_PER_PAINT_TOUCH,OREB_CONTEST,OREB_UNCONTEST,OREB_CONTEST_PCT,OREB_CHANCES,OREB_CHANCE_PCT,OREB_CHANCE_DEFER,OREB_CHANCE_PCT_ADJ,AVG_OREB_DIST,DREB_CONTEST,DREB_UNCONTEST,DREB_CONTEST_PCT,DREB_CHANCES,DREB_CHANCE_PCT,DREB_CHANCE_DEFER,DREB_CHANCE_PCT_ADJ,AVG_DREB_DIST,REB_CONTEST,REB_UNCONTEST,REB_CONTEST_PCT,REB_CHANCES,REB_CHANCE_PCT,REB_CHANCE_DEFER,REB_CHANCE_PCT_ADJ,AVG_REB_DIST,G,very_tight_FGA_FREQUENCY,very_tight_FGM,very_tight_FGA,very_tight_FG_PCT,very_tight_EFG_PCT,very_tight_FG2A_FREQUENCY,very_tight_FG2M,very_tight_FG2A,very_tight_FG2_PCT,very_tight_FG3A_FREQUENCY,very_tight_FG3M,very_tight_FG3A,very_tight_FG3_PCT,tight_FGA_FREQUENCY,tight_FGM,tight_FGA,tight_FG_PCT,tight_EFG_PCT,tight_FG2A_FREQUENCY,tight_FG2M,tight_FG2A,tight_FG2_PCT,tight_FG3A_FREQUENCY,tight_FG3M,tight_FG3A,tight_FG3_PCT,open_FGA_FREQUENCY,open_FGM,open_FGA,open_FG_PCT,open_EFG_PCT,open_FG2A_FREQUENCY,open_FG2M,open_FG2A,open_FG2_PCT,open_FG3A_FREQUENCY,open_FG3M,open_FG3A,open_FG3_PCT,wide_open_FGA_FREQUENCY,wide_open_FGM,wide_open_FGA,wide_open_FG_PCT,wide_open_EFG_PCT,wide_open_FG2A_FREQUENCY,wide_open_FG2M,wide_open_FG2A,wide_open_FG2_PCT,wide_open_FG3A_FREQUENCY,wide_open_FG3M,wide_open_FG3A,wide_open_FG3_PCT,PULL_UP_FGM,PULL_UP_FGA,PULL_UP_FG_PCT,PULL_UP_PTS,PULL_UP_FG3M,PULL_UP_FG3A,PULL_UP_FG3_PCT,PULL_UP_EFG_PCT,CATCH_SHOOT_PTS,CATCH_SHOOT_FG_PCT,PAINT_TOUCH_PTS,PAINT_TOUCH_FG_PCT,POST_TOUCH_PTS,POST_TOUCH_FG_PCT,ELBOW_TOUCH_PTS,ELBOW_TOUCH_FG_PCT,EFF_FG_PCT,RA_FGM,RA_FGA,RA_FG_PCT,ITP_FGM,ITP_FGA,ITP_FG_PCT,MID_FGM,MID_FGA,MID_FG_PCT,LEFT_CORNER_3_FGM,LEFT_CORNER_3_FGA,LEFT_CORNER_3_FG_PCT,RIGHT_CORNER_3_FGM,RIGHT_CORNER_3_FGA,RIGHT_CORNER_3_FG_PCT,ABOVE_BREAK_3_FGM,ABOVE_BREAK_3_FGA,ABOVE_BREAK_3_FG_PCT,BACKCOURT_FGM,BACKCOURT_FGA,BACKCOURT_FG_PCT,CORNER_3_FGM,CORNER_3_FGA,CORNER_3_FG_PCT,TEAM_ABBR,FGM_LT_5,FGA_LT_5,FGP_LT_5,FGM_5_9,FGA_5_9,FGP_5_9,FGM_10_14,FGA_10_14,FGP_10_14,FGM_15_19,FGA_15_19,FGP_15_19,FGM_20_24,FGA_20_24,FGP_20_24,FGM_25_29,FGA_25_29,FGP_25_29,FGM_30_34,FGA_30_34,FGP_30_34,FGM_35_39,FGA_35_39,FGP_35_39,FGM_40_PLUS,FGA_40_PLUS,FGP_40_PLUS,CATCH_SHOOT_FGM,CATCH_SHOOT_FGA,CATCH_SHOOT_FG3M,CATCH_SHOOT_FG3A,CATCH_SHOOT_FG3_PCT,CATCH_SHOOT_EFG_PCT,overall_def_D_FGM,overall_def_D_FGA,overall_def_D_FG_PCT,overall_def_NORMAL_FG_PCT,overall_def_PCT_PLUSMINUS,three_pt_def_FG3M,three_pt_def_FG3A,three_pt_def_FG3_PCT,three_pt_def_NS_FG3_PCT,three_pt_def_PLUSMINUS,two_pt_def_FG2M,two_pt_def_FG2A,two_pt_def_FG2_PCT,two_pt_def_NS_FG2_PCT,two_pt_def_PLUSMINUS,less_6ft_def_FGM_LT_06,less_6ft_def_FGA_LT_06,less_6ft_def_LT_06_PCT,less_6ft_def_NS_LT_06_PCT,less_6ft_def_PLUSMINUS,less_10ft_def_FGM_LT_10,less_10ft_def_FGA_LT_10,less_10ft_def_LT_10_PCT,less_10ft_def_NS_LT_10_PCT,less_10ft_def_PLUSMINUS,more_15ft_def_FGM_GT_15,more_15ft_def_FGA_GT_15,more_15ft_def_GT_15_PCT,more_15ft_def_NS_GT_15_PCT,more_15ft_def_PLUSMINUS,hustle_CONTESTED_SHOTS,hustle_CONTESTED_SHOTS_2PT,hustle_CONTESTED_SHOTS_3PT,hustle_DEFLECTIONS,hustle_CHARGES_DRAWN,hustle_SCREEN_ASSISTS,hustle_SCREEN_AST_PTS,hustle_OFF_LOOSE_BALLS_RECOVERED,hustle_DEF_LOOSE_BALLS_RECOVERED,hustle_LOOSE_BALLS_RECOVERED,hustle_PCT_LOOSE_BALLS_RECOVERED_OFF,hustle_PCT_LOOSE_BALLS_RECOVERED_DEF,hustle_OFF_BOXOUTS,hustle_DEF_BOXOUTS,hustle_BOX_OUTS,hustle_BOX_OUT_PLAYER_TEAM_REBS,hustle_BOX_OUT_PLAYER_REBS,hustle_PCT_BOX_OUTS_OFF,hustle_PCT_BOX_OUTS_DEF,hustle_PCT_BOX_OUTS_TEAM_REB,hustle_PCT_BOX_OUTS_REB,POST_TOUCH_FGM,POST_TOUCH_FGA,POST_TOUCH_FTM,POST_TOUCH_FTA,POST_TOUCH_FT_PCT,POST_TOUCH_PTS_PCT,POST_TOUCH_PASSES,POST_TOUCH_PASSES_PCT,POST_TOUCH_AST,POST_TOUCH_AST_PCT,POST_TOUCH_TOV,POST_TOUCH_TOV_PCT,POST_TOUCH_FOULS,POST_TOUCH_FOULS_PCT,DIST_FEET,DIST_MILES,DIST_MILES_OFF,DIST_MILES_DEF,AVG_SPEED,AVG_SPEED_OFF,AVG_SPEED_DEF,year,date,playoffs
202692,Alec Burks,Alec,1610612758,SAC,27.0,1,1,0,1.0,26.383333333333333,5,16,0.313,1,3,0.333,3,3,1.0,0,5,5,1,0,0,2,3,0,3,14,8,27.5,0,0,25.0,1,1,1,1,36,23,9,63,26,36,26,17,25,1,40,21,28,44,53,39,2,79,1,16,24,18,23,13,1,27,1,,95.5,100.0,100.0,86.6,87.3,87.3,8.9,12.7,12.7,0.056,0.0,5.9,0.0,0.135,0.07,0.0,0.0,0.344,0.404,0.242,0.256,103.74,100.97,84.14,100.97,0.101,56,5.0,16.0,59,54,54,9,10,10,26,22,22,57,47,61,40,30,40,1,1,61,61,16,14,42,57,57,33,23,9,29,34,0.0,1,6,2,2,0.034,0.069,7,2,5,0.4,0,0,0.0,6,0.857,2,0.286,0,0.0,0,0.0,0,0.0,14,46,32,2.3,3.02,2.5,0.304,2,1,1,1.5,0.0,3.0,0.0,0.0,0.0,4.0,0.0,0.0,0.0,0.0,1.0,4.0,0.2,8.0,0.625,1.0,0.714,8.2,1.0,4.0,0.2,12.0,0.417,1.0,0.455,8.2,1.0,0.188,2.0,3.0,0.667,0.667,0.188,2.0,3.0,0.667,0.0,0.0,0.0,,0.313,2.0,5.0,0.4,0.4,0.25,2.0,4.0,0.5,0.063,0.0,1.0,0.0,0.313,1.0,5.0,0.2,0.3,0.25,0.0,4.0,0.0,0.063,1.0,1.0,1.0,0.188,0.0,3.0,0.0,0.0,0.125,0.0,2.0,0.0,0.063,0.0,1.0,0.0,0,4,0.0,0,0.0,1.0,0.0,0.0,3,0.25,3,1.0,0,0.0,3,0.5,0.344,3.0,4.0,0.75,1.0,4.0,0.25,0.0,5.0,0.0,0.0,1.0,0.0,0.0,0.0,0.0,1,2,0.5,0.0,0.0,0.0,0.0,1.0,0.0,SAC,3.0,5.0,0.6,1.0,3.0,0.333,0.0,0.0,0.0,0.0,3.0,0.0,0.0,3.0,0.0,1.0,2.0,0.5,0.0,0.0,0.0,0.0,0.0,0.0,0.0,0.0,0.0,1,4,1.0,2.0,0.5,0.375,2.0,9.0,0.222,0.427,-0.205,0.0,3.0,0.0,0.348,-0.348,2.0,6.0,0.333,0.469,-0.135,2.0,4.0,0.5,0.528,-0.028,2.0,6.0,0.333,0.503,-0.169,0.0,3.0,0.0,0.367,-0.367,8.0,5.0,3.0,1.0,0.0,0.0,0.0,0.0,0.0,0.0,0.0,0.0,0.0,1.0,1.0,1.0,0.0,0.0,1.0,1.0,0.0,0,1,0,0,0.0,0.0,0,0.0,0,0.0,0,0.0,0,0.0,10640,2.0,1.1,0.9,4.29,4.39,4.15,2019,20181218,False
203458,Alex Len,Alex,1610612737,ATL,26.0,1,1,0,1.0,20.55,3,4,0.75,0,0,0.0,9,10,0.9,2,3,5,1,2,0,2,0,3,7,15,-7,26.5,0,0,25.0,1,1,1,1,52,46,60,6,46,66,46,2,3,14,8,32,28,44,16,39,2,1,55,5,21,60,27,13,1,27,1,104.0,107.8,106.5,106.5,121.7,119.1,119.1,-13.9,-12.6,-12.6,0.125,0.5,8.3,0.1,0.176,0.135,16.7,17.5,0.75,0.893,0.22,0.215,106.79,108.61,90.51,108.61,0.212,46,3.0,4.0,34,38,38,67,64,64,58,61,61,37,42,57,9,25,14,68,71,11,4,21,27,23,14,14,4,46,60,27,28,1.0,0,2,5,2,0.037,0.074,0,0,0,0.0,0,0,0.0,0,0.0,0,0.0,0,0.0,0,0.0,0,0.0,15,38,29,0.9,1.44,0.29,0.395,4,3,10,0.5,2.0,1.1,1.0,1.0,0.5,7.0,0.286,0.0,0.286,5.6,2.0,1.0,0.667,7.0,0.429,1.0,0.5,5.1,3.0,2.0,0.6,13.0,0.385,1.0,0.417,5.3,1.0,0.25,0.0,1.0,0.0,0.0,0.25,0.0,1.0,0.0,0.0,0.0,0.0,,0.5,2.0,2.0,1.0,1.0,0.5,2.0,2.0,1.0,0.0,0.0,0.0,,0.25,1.0,1.0,1.0,1.0,0.25,1.0,1.0,1.0,0.0,0.0,0.0,,,,,,,,,,,,,,,0,0,,0,,,,,0,0.0,11,0.75,6,0.0,2,0.0,0.75,3.0,4.0,0.75,0.0,0.0,0.0,0.0,0.0,0.0,0.0,0.0,0.0,0.0,0.0,0.0,0,0,0.0,0.0,0.0,0.0,0.0,0.0,0.0,ATL,3.0,4.0,0.75,0.0,0.0,0.0,0.0,0.0,0.0,0.0,0.0,0.0,0.0,0.0,0.0,0.0,0.0,0.0,0.0,0.0,0.0,,,,0.0,0.0,0.0,0,0,,,,,2.0,8.0,0.25,0.444,-0.194,0.0,2.0,0.0,0.341,-0.341,2.0,6.0,0.333,0.515,-0.182,1.0,5.0,0.2,0.581,-0.381,2.0,6.0,0.333,0.554,-0.221,0.0,2.0,0.0,0.346,-0.346,7.0,5.0,2.0,0.0,0.0,1.0,2.0,0.0,0.0,0.0,0.0,0.0,1.0,5.0,6.0,2.0,1.0,0.167,0.833,0.667,0.333,0,0,6,6,1.0,2.0,0,0.0,0,0.0,0,0.0,3,1.0,8451,1.6,0.9,0.7,4.28,4.55,3.98,2019,20181218,False
1627790,Ante Zizic,Ante,1610612739,CLE,22.0,1,1,0,1.0,13.893333333333333,1,3,0.333,0,0,0.0,0,0,0.0,1,3,4,2,1,0,1,1,0,0,2,16,11.8,0,0,10.0,1,1,1,1,66,61,65,55,46,66,46,44,47,44,20,32,34,31,27,39,8,57,1,60,68,3,56,13,1,59,1,94.0,118.9,122.2,122.2,59.1,56.7,56.7,59.8,65.6,65.6,0.167,2.0,33.3,0.091,0.115,0.108,16.7,16.7,0.333,0.333,0.138,0.134,97.64,98.46,82.05,98.46,0.102,27,1.0,3.0,18,13,13,2,2,2,5,3,3,26,16,9,13,38,23,68,68,62,64,61,62,66,64,64,32,61,65,11,8,0.0,0,2,6,2,0.182,0.182,1,0,0,0.0,0,0,0.0,0,0.0,0,0.0,0,0.0,1,1.0,0,0.0,2,15,9,0.5,2.0,0.93,0.133,1,2,6,0.0,0.0,0.333,1.0,0.0,1.0,2.0,0.5,0.0,0.5,1.2,2.0,1.0,0.667,7.0,0.429,2.0,0.6,3.3,3.0,1.0,0.75,9.0,0.444,2.0,0.571,2.8,,,,,,,,,,,,,,,1.0,1.0,3.0,0.333,0.333,1.0,1.0,3.0,0.333,0.0,0.0,0.0,,,,,,,,,,,,,,,,,,,,,,,,,,,,0,1,0.0,0,,,,0.0,0,0.0,2,0.333,0,0.0,0,0.0,0.333,1.0,1.0,1.0,0.0,1.0,0.0,0.0,1.0,0.0,0.0,0.0,0.0,0.0,0.0,0.0,0,0,0.0,0.0,0.0,0.0,0.0,0.0,0.0,CLE,1.0,2.0,0.5,0.0,0.0,0.0,0.0,0.0,0.0,0.0,1.0,0.0,0.0,0.0,0.0,0.0,0.0,0.0,0.0,0.0,0.0,,,,0.0,0.0,0.0,0,0,,,,,2.0,9.0,0.222,0.45,-0.227,1.0,2.0,0.5,0.385,0.115,1.0,7.0,0.143,0.481,-0.338,,,,,,0.0,1.0,0.0,0.528,-0.528,2.0,7.0,0.286,0.391,-0.105,3.0,2.0,1.0,0.0,0.0,2.0,4.0,0.0,0.0,0.0,0.0,0.0,1.0,7.0,8.0,7.0,3.0,0.125,0.875,1.0,0.429,0,1,0,0,0.0,0.0,0,0.0,1,0.5,0,0.0,0,0.0,5370,1.0,0.5,0.5,4.09,4.28,3.92,2019,20181218,False
202711,Bojan Bogdanovic,Bojan,1610612754,IND,30.0,1,0,1,0.0,34.48166666666667,5,14,0.357,0,4,0.0,4,4,1.0,2,1,3,1,0,0,0,1,0,2,14,9,19.1,0,0,18.0,1,41,41,41,16,23,14,53,46,21,46,12,15,1,8,51,44,44,53,39,24,57,1,28,24,14,44,13,1,44,1,95.0,102.9,101.4,101.4,88.3,91.0,91.0,14.6,10.4,10.4,0.04,0.0,5.9,0.047,0.026,0.037,0.0,0.0,0.357,0.444,0.198,0.199,95.44,94.66,78.88,94.66,0.067,69,5.0,14.0,47,52,52,14,15,15,20,24,24,60,47,61,23,64,59,1,1,60,54,32,32,75,71,71,48,23,14,23,33,0.0,0,2,2,1,0.043,0.043,8,2,5,0.4,0,0,0.0,4,0.5,2,0.25,1,0.125,0,0.0,0,0.0,14,40,33,1.4,2.05,1.18,0.35,1,0,3,2.0,0.0,1.333,2.0,0.0,1.0,3.0,0.667,0.0,0.667,1.7,0.0,1.0,0.0,4.0,0.25,2.0,0.5,5.9,2.0,1.0,0.667,7.0,0.429,2.0,0.6,3.1,1.0,0.214,1.0,3.0,0.333,0.333,0.214,1.0,3.0,0.333,0.0,0.0,0.0,,0.5,4.0,7.0,0.571,0.571,0.5,4.0,7.0,0.571,0.0,0.0,0.0,,0.071,0.0,1.0,0.0,0.0,0.0,0.0,0.0,,0.071,0.0,1.0,0.0,0.214,0.0,3.0,0.0,0.0,0.0,0.0,0.0,,0.214,0.0,3.0,0.0,0,0,,0,0.0,0.0,,,0,0.0,4,1.0,0,0.0,2,1.0,0.357,5.0,7.0,0.714,0.0,3.0,0.0,0.0,0.0,0.0,0.0,2.0,0.0,0.0,0.0,0.0,0,2,0.0,0.0,0.0,0.0,0.0,2.0,0.0,IND,5.0,8.0,0.625,0.0,2.0,0.0,0.0,0.0,0.0,0.0,0.0,0.0,0.0,2.0,0.0,0.0,2.0,0.0,,,,0.0,0.0,0.0,0.0,0.0,0.0,0,4,0.0,4.0,0.0,0.0,6.0,12.0,0.5,0.445,0.055,1.0,5.0,0.2,0.343,-0.143,5.0,7.0,0.714,0.487,0.227,5.0,7.0,0.714,0.583,0.132,5.0,7.0,0.714,0.54,0.175,1.0,5.0,0.2,0.344,-0.144,6.0,2.0,4.0,1.0,0.0,0.0,0.0,1.0,0.0,1.0,1.0,0.0,0.0,3.0,3.0,1.0,0.0,0.0,1.0,1.0,0.0,0,0,0,0,0.0,0.0,0,0.0,0,0.0,0,0.0,0,0.0,13245,2.5,1.3,1.2,4.1,4.48,3.74,2019,20181218,False
203078,Bradley Beal,Bradley,1610612764,WAS,26.0,1,0,1,0.0,39.88333333333333,11,17,0.647,2,4,0.5,5,7,0.714,3,7,10,3,4,2,0,1,3,8,29,0,47.5,1,0,48.0,1,41,41,41,4,3,7,12,13,21,10,7,8,24,6,12,7,21,5,4,24,57,55,3,4,38,7,1,1,4,1,105.0,105.2,105.7,105.7,105.4,106.9,106.9,-0.3,-1.2,-1.2,0.15,0.75,11.1,0.071,0.189,0.127,14.8,14.8,0.706,0.722,0.245,0.255,106.29,105.31,87.76,105.31,0.199,88,11.0,17.0,40,41,41,35,38,38,42,40,40,31,41,52,17,22,16,67,67,16,15,14,15,25,31,31,7,3,7,50,56,1.0,3,8,9,7,0.06,0.14,11,3,4,0.75,0,0,0.0,6,0.545,6,0.545,0,0.0,1,0.091,0,0.0,29,80,42,4.4,3.3,3.05,0.363,3,0,3,1.333,0.0,0.667,1.0,2.0,0.333,8.0,0.375,1.0,0.429,15.5,1.0,6.0,0.143,9.0,0.778,1.0,0.875,10.9,2.0,8.0,0.2,17.0,0.588,2.0,0.667,12.3,1.0,0.059,1.0,1.0,1.0,1.0,0.059,1.0,1.0,1.0,0.0,0.0,0.0,,0.412,6.0,7.0,0.857,0.929,0.353,5.0,6.0,0.833,0.059,1.0,1.0,1.0,0.353,4.0,6.0,0.667,0.75,0.294,3.0,5.0,0.6,0.059,1.0,1.0,1.0,0.176,0.0,3.0,0.0,0.0,0.059,0.0,1.0,0.0,0.118,0.0,2.0,0.0,2,4,0.5,5,1.0,1.0,1.0,0.625,3,0.333,2,1.0,0,0.0,4,1.0,0.706,7.0,9.0,0.778,1.0,2.0,0.5,1.0,2.0,0.5,0.0,0.0,0.0,1.0,1.0,1.0,1,3,0.333,0.0,0.0,0.0,1.0,1.0,1.0,WAS,7.0,9.0,0.778,0.0,1.0,0.0,1.0,1.0,1.0,1.0,2.0,0.5,2.0,3.0,0.667,0.0,1.0,0.0,0.0,0.0,0.0,0.0,0.0,0.0,0.0,0.0,0.0,1,3,1.0,3.0,0.333,0.5,5.0,13.0,0.385,0.465,-0.08,0.0,5.0,0.0,0.32,-0.32,5.0,8.0,0.625,0.533,0.092,5.0,7.0,0.714,0.616,0.098,5.0,7.0,0.714,0.575,0.139,0.0,6.0,0.0,0.331,-0.331,9.0,3.0,6.0,3.0,0.0,0.0,0.0,1.0,2.0,3.0,0.333,0.667,0.0,1.0,1.0,1.0,1.0,0.0,1.0,1.0,1.0,0,0,0,0,0.0,0.0,0,0.0,0,0.0,0,0.0,0,0.0,16540,3.1,1.6,1.5,4.29,4.72,3.92,2019,20181218,False
1629164,Brandon Goodwin,Brandon,1610612743,DEN,23.0,1,1,0,1.0,0.04833333333333333,0,0,0.0,0,0,0.0,0,0,0.0,0,0,0,0,0,0,0,0,0,0,0,0,0.0,0,0,0.0,1,1,1,1,80,72,78,72,46,66,46,44,47,44,40,65,69,63,53,39,24,1,1,60,73,38,77,13,1,77,1,101.0,0.0,0.0,0.0,0.0,0.0,0.0,0.0,0.0,0.0,0.0,0.0,0.0,0.0,0.0,0.0,0.0,0.0,0.0,0.0,0.0,0.0,496.55,496.55,413.79,496.55,0.0,0,0.0,0.0,80,80,80,1,1,1,41,36,36,63,47,63,40,65,69,1,1,72,73,78,78,1,1,1,66,72,78,0,0,,0,0,0,0,0.0,0.0,0,0,0,0.0,0,0,0.0,0,0.0,0,0.0,0,0.0,0,0.0,0,0.0,0,0,0,0.0,0.0,0.0,0.0,0,0,0,0.0,0.0,0.0,,,,,,,,,,,,,,,,,,,,,,,,,,,,,,,,,,,,,,,,,,,,,,,,,,,,,,,,,,,,,,,,,,,,,,,,,,,,,,0,0,,0,,,,,0,0.0,0,0.0,0,0.0,0,0.0,0.0,,,,,,,,,,,,,,,,0,0,0.0,,,,,,,DEN,,,,,,,,,,,,,,,,,,,,,,0.0,0.0,0.0,,,,0,0,,,,,0.0,1.0,0.0,0.38,-0.38,0.0,1.0,0.0,0.31,-0.31,,,,,,,,,,,,,,,,0.0,1.0,0.0,0.309,-0.309,1.0,0.0,1.0,0.0,0.0,0.0,0.0,0.0,0.0,0.0,0.0,0.0,0.0,0.0,0.0,0.0,0.0,0.0,0.0,0.0,0.0,0,0,0,0,0.0,0.0,0,0.0,0,0.0,0,0.0,0,0.0,57,0.0,,0.0,0.0,0.0,0.0,2019,20181218,False
1626224,Cedi Osman,Cedi,1610612739,CLE,24.0,1,1,0,1.0,40.345,6,14,0.429,1,6,0.167,0,0,0.0,1,6,7,1,1,0,0,1,1,0,13,-7,21.9,0,0,22.0,1,1,1,1,3,14,14,38,26,12,44,44,47,44,20,16,18,44,27,39,24,57,15,60,27,60,37,13,1,36,1,94.0,90.7,92.3,92.3,98.8,100.0,100.0,-8.2,-7.7,-7.7,0.04,1.0,6.3,0.023,0.12,0.074,6.3,6.3,0.464,0.464,0.167,0.166,94.77,93.39,77.83,93.39,0.08,78,6.0,14.0,66,67,67,22,24,24,54,55,55,60,29,60,39,36,36,35,35,46,52,44,44,77,75,75,44,14,14,46,42,0.0,1,7,2,2,0.022,0.043,5,0,2,0.0,0,0,0.0,0,0.0,3,0.6,0,0.0,0,0.0,0,0.0,13,64,40,2.5,2.32,1.2,0.203,1,0,3,2.0,0.0,0.667,1.0,0.0,1.0,3.0,0.333,0.0,0.333,1.6,0.0,6.0,0.0,8.0,0.75,1.0,0.857,4.4,1.0,6.0,0.143,9.0,0.778,1.0,0.875,4.0,1.0,0.214,1.0,3.0,0.333,0.333,0.214,1.0,3.0,0.333,0.0,0.0,0.0,,0.286,3.0,4.0,0.75,0.75,0.286,3.0,4.0,0.75,0.0,0.0,0.0,,0.214,1.0,3.0,0.333,0.333,0.071,1.0,1.0,1.0,0.143,0.0,2.0,0.0,0.286,1.0,4.0,0.25,0.375,0.0,0.0,0.0,,0.286,1.0,4.0,0.25,1,1,1.0,2,0.0,0.0,,1.0,3,0.167,2,0.5,0,0.0,2,1.0,0.464,4.0,5.0,0.8,0.0,2.0,0.0,1.0,1.0,1.0,1.0,1.0,1.0,0.0,1.0,0.0,0,4,0.0,0.0,0.0,0.0,1.0,2.0,0.5,CLE,4.0,6.0,0.667,0.0,1.0,0.0,0.0,0.0,0.0,1.0,1.0,1.0,1.0,2.0,0.5,0.0,4.0,0.0,,,,0.0,0.0,0.0,0.0,0.0,0.0,1,6,1.0,6.0,0.167,0.25,7.0,17.0,0.412,0.486,-0.075,1.0,6.0,0.167,0.377,-0.21,6.0,11.0,0.545,0.549,-0.003,6.0,9.0,0.667,0.652,0.014,6.0,9.0,0.667,0.602,0.065,1.0,7.0,0.143,0.396,-0.253,13.0,5.0,8.0,1.0,0.0,1.0,2.0,1.0,1.0,2.0,0.5,0.5,0.0,4.0,4.0,3.0,2.0,0.0,1.0,1.0,0.667,0,0,0,0,0.0,0.0,0,0.0,0,0.0,0,0.0,0,0.0,15242,2.9,1.6,1.3,4.07,4.3,3.81,2019,20181218,False
101112,Channing Frye,Channing,1610612739,CLE,36.0,1,1,0,1.0,6.071666666666666,1,3,0.333,0,2,0.0,0,0,0.0,0,0,0,0,0,0,0,0,3,0,2,-6,2.0,0,0,2.0,1,1,1,1,75,61,65,55,46,47,46,44,47,44,40,65,69,63,53,39,24,1,55,60,68,55,74,13,1,74,1,94.0,94.0,100.0,100.0,136.4,128.6,128.6,-42.3,-28.6,-28.6,0.0,0.0,0.0,0.0,0.0,0.0,0.0,0.0,0.333,0.333,0.25,0.235,102.61,102.77,85.64,102.77,-0.12,12,1.0,3.0,64,54,54,76,73,73,76,72,72,63,47,63,40,65,69,1,1,62,64,13,20,47,48,48,77,61,65,6,9,0.0,0,1,0,0,0.0,0.0,0,0,0,0.0,0,0,0.0,0,0.0,0,0.0,0,0.0,0,0.0,0,0.0,2,9,9,0.3,1.75,0.56,0.222,1,2,0,0.0,1.0,0.0,,,,,,,,,,,,,,,,,,,,,,,,,,,,,,,,,,,,,,,,,,,,,,,,,,,,0.667,1.0,2.0,0.5,0.5,0.333,1.0,1.0,1.0,0.333,0.0,1.0,0.0,0.333,0.0,1.0,0.0,0.0,0.0,0.0,0.0,,0.333,0.0,1.0,0.0,0,0,,0,0.0,0.0,,,2,0.333,0,0.0,2,1.0,0,0.0,0.333,0.0,0.0,0.0,0.0,0.0,0.0,1.0,1.0,1.0,,,,0.0,0.0,0.0,0,2,0.0,,,,0.0,0.0,0.0,CLE,0.0,0.0,0.0,0.0,0.0,0.0,0.0,0.0,0.0,1.0,1.0,1.0,0.0,0.0,0.0,0.0,2.0,0.0,,,,,,,0.0,0.0,0.0,0,2,0.0,2.0,0.0,0.0,4.0,7.0,0.571,0.513,0.058,,,,,,4.0,7.0,0.571,0.546,0.025,4.0,6.0,0.667,0.627,0.04,4.0,6.0,0.667,0.617,0.05,,,,,,5.0,5.0,0.0,0.0,0.0,0.0,0.0,0.0,0.0,0.0,0.0,0.0,0.0,0.0,0.0,0.0,0.0,0.0,0.0,0.0,0.0,1,1,0,0,0.0,1.0,1,0.5,0,0.0,0,0.0,0,0.0,2141,0.4,0.2,0.2,3.63,3.33,3.98,2019,20181218,False
1626184,Chasson Randle,Chasson,1610612764,WAS,26.0,1,0,1,0.0,16.116666666666667,1,3,0.333,1,3,0.333,4,4,1.0,0,1,1,3,1,2,0,0,2,2,7,3,17.7,0,0,16.0,1,41,41,41,60,61,65,55,26,36,26,12,15,1,40,51,58,21,27,4,24,1,29,28,50,27,47,13,1,48,1,105.0,123.8,113.5,113.5,118.5,108.3,108.3,5.4,5.2,5.2,0.25,3.0,33.3,0.0,0.1,0.038,11.1,11.4,0.5,0.735,0.14,0.148,99.53,108.71,90.59,108.71,0.13,37,1.0,3.0,14,25,25,64,43,43,29,31,31,16,9,9,40,47,57,50,52,35,14,59,54,58,13,13,24,61,65,27,28,0.0,0,4,6,3,0.111,0.111,3,0,0,0.0,2,2,1.0,2,0.667,1,0.333,0,0.0,0,0.0,1,0.333,7,34,14,2.8,4.88,4.41,0.206,0,0,0,0.0,0.0,0.0,0.0,0.0,0.0,1.0,0.0,0.0,0.0,0.0,0.0,1.0,0.0,2.0,0.5,0.0,0.5,8.7,0.0,1.0,0.0,3.0,0.333,0.0,0.333,8.7,,,,,,,,,,,,,,,,,,,,,,,,,,,,0.333,0.0,1.0,0.0,0.0,0.0,0.0,0.0,,0.333,0.0,1.0,0.0,0.667,1.0,2.0,0.5,0.75,0.0,0.0,0.0,,0.667,1.0,2.0,0.5,0,0,,0,0.0,0.0,,,3,0.333,0,0.0,0,0.0,0,0.0,0.5,0.0,0.0,0.0,0.0,0.0,0.0,0.0,0.0,0.0,0.0,1.0,0.0,0.0,0.0,0.0,1,2,0.5,0.0,0.0,0.0,0.0,1.0,0.0,WAS,0.0,0.0,0.0,0.0,0.0,0.0,0.0,0.0,0.0,0.0,0.0,0.0,0.0,1.0,0.0,1.0,2.0,0.5,0.0,0.0,0.0,,,,0.0,0.0,0.0,1,3,1.0,3.0,0.333,0.5,3.0,4.0,0.75,0.437,0.313,1.0,2.0,0.5,0.324,0.176,2.0,2.0,1.0,0.516,0.485,1.0,1.0,1.0,0.588,0.412,1.0,1.0,1.0,0.572,0.428,2.0,3.0,0.667,0.32,0.347,3.0,0.0,3.0,3.0,0.0,0.0,0.0,0.0,2.0,2.0,0.0,1.0,0.0,0.0,0.0,0.0,0.0,0.0,0.0,0.0,0.0,0,0,0,0,0.0,0.0,0,0.0,0,0.0,0,0.0,0,0.0,7176,1.4,0.7,0.6,4.82,4.72,4.22,2019,20181218,False
1629012,Collin Sexton,Collin,1610612739,CLE,20.0,1,1,0,1.0,32.44,6,13,0.462,0,1,0.0,0,0,0.0,1,0,1,0,2,0,0,2,1,1,12,-17,11.2,0,0,13.0,1,1,1,1,24,14,18,34,46,55,46,44,47,44,20,65,58,63,16,39,24,75,15,38,34,79,57,13,1,55,1,94.0,84.7,87.3,87.3,110.0,112.5,112.5,-25.3,-25.2,-25.2,0.0,0.0,0.0,0.025,0.0,0.014,13.3,13.3,0.462,0.462,0.205,0.203,96.5,93.96,78.3,93.96,0.022,63,6.0,13.0,74,71,71,47,51,51,68,68,68,63,47,63,36,65,68,63,64,47,53,27,31,71,74,74,63,14,18,42,56,0.0,0,4,0,0,0.0,0.0,8,2,2,1.0,0,0,0.0,4,0.5,5,0.625,0,0.0,0,0.0,0,0.0,12,61,28,4.9,4.84,4.46,0.197,1,0,0,2.0,0.0,0.0,0.0,1.0,0.0,2.0,0.5,0.0,0.5,19.6,0.0,0.0,0.0,1.0,0.0,1.0,0.0,0.0,0.0,1.0,0.0,3.0,0.333,1.0,0.5,19.6,1.0,0.077,0.0,1.0,0.0,0.0,0.077,0.0,1.0,0.0,0.0,0.0,0.0,,0.769,5.0,10.0,0.5,0.5,0.692,5.0,9.0,0.556,0.077,0.0,1.0,0.0,0.154,1.0,2.0,0.5,0.5,0.154,1.0,2.0,0.5,0.0,0.0,0.0,,,,,,,,,,,,,,,2,7,0.286,4,0.0,1.0,0.0,0.286,0,0.0,0,0.0,0,0.0,2,1.0,0.462,3.0,5.0,0.6,1.0,2.0,0.5,2.0,5.0,0.4,0.0,0.0,0.0,0.0,0.0,0.0,0,1,0.0,0.0,0.0,0.0,0.0,0.0,0.0,CLE,3.0,5.0,0.6,2.0,3.0,0.667,0.0,1.0,0.0,0.0,2.0,0.0,1.0,1.0,1.0,0.0,1.0,0.0,,,,0.0,0.0,0.0,0.0,0.0,0.0,0,0,0.0,0.0,,,4.0,7.0,0.571,0.464,0.108,1.0,3.0,0.333,0.395,-0.062,3.0,4.0,0.75,0.492,0.258,1.0,2.0,0.5,0.601,-0.101,1.0,2.0,0.5,0.571,-0.071,3.0,5.0,0.6,0.415,0.185,5.0,3.0,2.0,0.0,0.0,0.0,0.0,2.0,0.0,2.0,1.0,0.0,0.0,0.0,0.0,0.0,0.0,0.0,0.0,0.0,0.0,0,0,0,0,0.0,0.0,0,0.0,0,0.0,0,0.0,0,0.0,12698,2.4,1.4,1.0,4.17,4.51,3.79,2019,20181218,False
202709,Cory Joseph,Cory,1610612754,IND,27.0,1,0,1,0.0,20.701666666666668,1,6,0.167,0,3,0.0,0,0,0.0,0,9,9,2,1,0,1,0,0,0,2,-13,17.8,0,0,15.0,1,41,41,41,50,61,48,71,46,36,46,44,47,44,40,7,10,31,27,39,8,1,1,60,68,75,46,13,1,51,1,95.0,87.3,90.5,90.5,115.2,118.6,118.6,-27.9,-28.1,-28.1,0.154,2.0,22.2,0.0,0.474,0.184,11.1,11.1,0.167,0.167,0.132,0.136,101.79,98.54,82.12,98.54,0.096,42,1.0,6.0,71,69,69,59,63,63,70,71,71,28,16,23,40,1,6,50,50,71,72,62,61,50,62,62,38,61,48,44,41,0.0,0,7,5,2,0.045,0.045,5,1,3,0.333,0,0,0.0,2,0.4,2,0.4,0,0.0,0,0.0,0,0.0,2,53,20,3.5,3.94,3.57,0.038,0,0,0,0.0,0.0,0.0,0.0,0.0,0.0,0.0,0.0,0.0,0.0,0.0,0.0,9.0,0.0,11.0,0.818,0.0,0.818,9.4,0.0,9.0,0.0,11.0,0.818,0.0,0.818,9.4,,,,,,,,,,,,,,,,,,,,,,,,,,,,0.5,1.0,3.0,0.333,0.333,0.5,1.0,3.0,0.333,0.0,0.0,0.0,,0.5,0.0,3.0,0.0,0.0,0.0,0.0,0.0,,0.5,0.0,3.0,0.0,0,2,0.0,0,0.0,1.0,0.0,0.0,0,0.0,0,0.0,0,0.0,0,0.0,0.167,1.0,1.0,1.0,0.0,2.0,0.0,0.0,0.0,0.0,0.0,0.0,0.0,0.0,0.0,0.0,0,3,0.0,0.0,0.0,0.0,0.0,0.0,0.0,IND,1.0,1.0,1.0,0.0,1.0,0.0,0.0,1.0,0.0,0.0,0.0,0.0,0.0,0.0,0.0,0.0,3.0,0.0,0.0,0.0,0.0,,,,0.0,0.0,0.0,0,2,0.0,2.0,0.0,0.0,6.0,7.0,0.857,0.44,0.418,1.0,1.0,1.0,0.338,0.662,5.0,6.0,0.833,0.499,0.335,4.0,5.0,0.8,0.589,0.211,4.0,5.0,0.8,0.531,0.269,1.0,1.0,1.0,0.355,0.645,3.0,2.0,1.0,0.0,0.0,0.0,0.0,1.0,1.0,2.0,0.5,0.5,0.0,1.0,1.0,1.0,0.0,0.0,1.0,1.0,0.0,0,0,0,0,0.0,0.0,0,0.0,0,0.0,0,0.0,0,0.0,8556,1.6,0.9,0.7,4.34,4.91,3.79,2019,20181218,False
1626156,D'Angelo Russell,D'Angelo,1610612751,BKN,23.0,1,1,0,1.0,34.053333333333335,9,21,0.429,4,9,0.444,0,0,0.0,0,4,4,13,4,0,1,0,1,1,22,7,45.3,1,0,45.0,1,1,1,1,18,6,3,38,3,3,21,44,47,44,40,25,34,2,5,39,8,1,15,38,7,20,8,1,1,8,1,105.0,104.5,106.7,106.7,99.0,97.3,97.3,5.5,9.3,9.3,0.52,3.25,34.2,0.0,0.111,0.055,10.5,10.5,0.524,0.524,0.313,0.31,105.89,105.72,88.1,105.72,0.162,75,9.0,21.0,43,37,37,23,21,21,28,25,25,1,8,8,40,39,52,47,47,34,43,4,5,28,27,27,16,6,3,60,76,0.0,1,14,30,14,0.217,0.233,18,3,7,0.429,0,0,0.0,6,0.333,7,0.389,2,0.111,2,0.111,0,0.0,22,85,26,8.4,5.93,5.26,0.259,0,0,0,0.0,0.0,0.0,0.0,0.0,0.0,0.0,0.0,0.0,0.0,0.0,1.0,3.0,0.25,8.0,0.5,1.0,0.571,8.1,1.0,3.0,0.25,8.0,0.5,1.0,0.571,8.1,,,,,,,,,,,,,,,0.429,5.0,9.0,0.556,0.667,0.333,3.0,7.0,0.429,0.095,2.0,2.0,1.0,0.238,1.0,5.0,0.2,0.2,0.143,1.0,3.0,0.333,0.095,0.0,2.0,0.0,0.333,3.0,7.0,0.429,0.571,0.095,1.0,2.0,0.5,0.238,2.0,5.0,0.4,5,12,0.417,13,3.0,5.0,0.6,0.542,3,0.25,0,0.0,0,0.0,0,0.0,0.524,1.0,3.0,0.333,2.0,3.0,0.667,2.0,6.0,0.333,0.0,0.0,0.0,0.0,0.0,0.0,4,9,0.444,0.0,0.0,0.0,0.0,0.0,0.0,BKN,1.0,3.0,0.333,1.0,1.0,1.0,1.0,3.0,0.333,2.0,5.0,0.4,1.0,2.0,0.5,3.0,7.0,0.429,0.0,0.0,0.0,0.0,0.0,0.0,0.0,0.0,0.0,1,3,1.0,3.0,0.333,0.5,7.0,18.0,0.389,0.435,-0.046,1.0,8.0,0.125,0.325,-0.2,6.0,10.0,0.6,0.539,0.061,4.0,5.0,0.8,0.65,0.15,5.0,8.0,0.625,0.606,0.019,1.0,8.0,0.125,0.328,-0.203,9.0,1.0,8.0,1.0,0.0,0.0,0.0,0.0,2.0,2.0,0.0,1.0,0.0,0.0,0.0,0.0,0.0,0.0,0.0,0.0,0.0,0,0,0,0,0.0,0.0,0,0.0,0,0.0,0,0.0,0,0.0,13228,2.5,1.5,1.0,4.06,4.64,3.42,2019,20181218,False
1627772,Daniel Hamilton,Daniel,1610612737,ATL,23.0,1,1,0,1.0,7.616666666666666,0,1,0.0,0,1,0.0,0,0,0.0,0,0,0,1,0,0,0,0,0,0,0,-2,1.5,0,0,1.0,1,1,1,1,73,72,74,72,46,55,46,44,47,44,40,65,69,44,53,39,24,1,1,60,73,45,75,13,1,75,1,104.0,101.9,105.6,105.6,130.0,116.7,116.7,-28.0,-11.1,-11.1,0.2,0.0,50.0,0.0,0.0,0.0,0.0,0.0,0.0,0.0,0.05,0.051,109.65,113.44,94.53,113.44,0.0,18,0.0,1.0,50,42,42,70,59,59,71,59,59,20,47,1,40,65,69,1,1,72,73,77,77,7,6,6,66,72,74,8,7,0.0,0,2,3,1,0.125,0.125,2,0,0,0.0,0,0,0.0,0,0.0,2,1.0,0,0.0,0,0.0,0,0.0,0,9,5,0.4,2.44,2.11,0.0,0,0,0,0.0,0.0,0.0,,,,,,,,,,,,,,,,,,,,,,,,,,,,,,,,,,,,,,,,,,,,,,,,,,,,,,,,,,,,,,,,,1.0,0.0,1.0,0.0,0.0,0.0,0.0,0.0,,1.0,0.0,1.0,0.0,0,0,,0,0.0,0.0,,,0,0.0,0,0.0,0,0.0,0,0.0,0.0,0.0,0.0,0.0,0.0,0.0,0.0,0.0,0.0,0.0,0.0,0.0,0.0,0.0,0.0,0.0,0,1,0.0,,,,0.0,0.0,0.0,ATL,0.0,0.0,0.0,0.0,0.0,0.0,0.0,0.0,0.0,0.0,0.0,0.0,0.0,0.0,0.0,0.0,1.0,0.0,0.0,0.0,0.0,,,,,,,0,1,0.0,1.0,0.0,0.0,0.0,3.0,0.0,0.455,-0.455,0.0,1.0,0.0,0.302,-0.302,0.0,2.0,0.0,0.529,-0.529,0.0,1.0,0.0,0.578,-0.578,0.0,1.0,0.0,0.566,-0.566,0.0,1.0,0.0,0.335,-0.335,2.0,1.0,1.0,0.0,0.0,0.0,0.0,0.0,0.0,0.0,0.0,0.0,0.0,1.0,1.0,1.0,0.0,0.0,1.0,1.0,0.0,0,0,0,0,0.0,0.0,0,0.0,0,0.0,0,0.0,0,0.0,3756,0.7,0.4,0.3,4.98,5.19,4.73,2019,20181218,False
201954,Darren Collison,Darren,1610612754,IND,31.0,1,0,1,0.0,29.331666666666667,2,6,0.333,1,2,0.5,0,0,0.0,0,6,6,4,1,1,1,0,3,1,5,10,23.2,0,0,20.0,1,41,41,41,30,53,48,55,26,47,10,44,47,44,40,16,21,11,27,15,8,1,55,38,57,12,35,13,1,40,1,95.0,95.3,96.5,96.5,78.3,78.9,78.9,16.9,17.5,17.5,0.182,4.0,36.4,0.0,0.167,0.087,9.1,9.1,0.417,0.417,0.108,0.108,94.23,93.28,77.73,93.28,0.096,57,2.0,6.0,60,64,64,6,7,7,17,17,17,23,4,6,40,27,33,41,42,56,58,71,71,78,76,76,37,53,48,47,48,0.0,0,10,8,4,0.085,0.085,3,0,1,0.0,0,0,0.0,0,0.0,2,0.667,0,0.0,0,0.0,0,0.0,5,56,21,4.4,4.67,4.21,0.089,0,0,1,0.0,0.0,0.0,0.0,0.0,0.0,3.0,0.0,1.0,0.0,0.0,2.0,4.0,0.333,8.0,0.75,1.0,0.857,9.3,2.0,4.0,0.333,11.0,0.545,2.0,0.667,9.3,1.0,0.167,0.0,1.0,0.0,0.0,0.167,0.0,1.0,0.0,0.0,0.0,0.0,,0.167,1.0,1.0,1.0,1.0,0.167,1.0,1.0,1.0,0.0,0.0,0.0,,0.167,0.0,1.0,0.0,0.0,0.0,0.0,0.0,,0.167,0.0,1.0,0.0,0.5,1.0,3.0,0.333,0.5,0.333,0.0,2.0,0.0,0.167,1.0,1.0,1.0,2,4,0.5,5,1.0,1.0,1.0,0.625,0,0.0,0,0.0,0,0.0,0,0.0,0.417,0.0,1.0,0.0,0.0,0.0,0.0,1.0,3.0,0.333,0.0,0.0,0.0,0.0,0.0,0.0,1,2,0.5,0.0,0.0,0.0,0.0,0.0,0.0,IND,0.0,1.0,0.0,0.0,0.0,0.0,0.0,0.0,0.0,1.0,3.0,0.333,0.0,0.0,0.0,1.0,2.0,0.5,0.0,0.0,0.0,0.0,0.0,0.0,0.0,0.0,0.0,0,1,0.0,1.0,0.0,0.0,5.0,11.0,0.455,0.445,0.009,0.0,4.0,0.0,0.345,-0.345,5.0,7.0,0.714,0.458,0.256,2.0,2.0,1.0,0.598,0.403,3.0,4.0,0.75,0.519,0.231,1.0,6.0,0.167,0.361,-0.194,7.0,3.0,4.0,3.0,0.0,1.0,2.0,0.0,1.0,1.0,0.0,1.0,0.0,3.0,3.0,3.0,1.0,0.0,1.0,1.0,0.333,0,0,0,0,0.0,0.0,0,0.0,0,0.0,0,0.0,0,0.0,10896,2.1,1.0,1.1,4.06,4.25,3.9,2019,20181218,False
1628021,David Nwaba,David,1610612739,CLE,26.0,1,1,0,1.0,13.733333333333333,0,4,0.0,0,4,0.0,0,0,0.0,0,3,3,2,0,1,0,0,1,1,0,-8,9.6,0,0,7.0,1,1,1,1,67,72,60,72,46,21,46,44,47,44,40,32,44,31,53,15,24,1,15,38,73,64,62,13,1,64,1,94.0,77.3,80.0,80.0,107.4,107.7,107.7,-30.1,-27.7,-27.7,0.222,0.0,33.3,0.0,0.25,0.111,0.0,0.0,0.0,0.0,0.148,0.143,90.8,89.13,74.27,89.13,0.022,25,0.0,4.0,77,77,77,43,41,41,72,70,70,18,47,9,40,10,22,1,1,72,73,51,58,80,80,80,62,72,60,17,16,0.0,0,3,5,2,0.118,0.118,4,0,1,0.0,0,0,0.0,0,0.0,1,0.25,0,0.0,1,0.25,0,0.0,0,24,16,1.1,2.65,1.67,0.0,0,0,0,0.0,0.0,0.0,0.0,0.0,0.0,1.0,0.0,0.0,0.0,0.0,2.0,1.0,0.667,5.0,0.6,0.0,0.6,4.7,2.0,1.0,0.667,6.0,0.5,0.0,0.5,4.7,1.0,0.2,0.0,1.0,0.0,0.0,0.2,0.0,1.0,0.0,0.0,0.0,0.0,,0.2,0.0,1.0,0.0,0.0,0.0,0.0,0.0,,0.2,0.0,1.0,0.0,,,,,,,,,,,,,,0.6,0.0,3.0,0.0,0.0,0.0,0.0,0.0,,0.6,0.0,3.0,0.0,0,0,,0,0.0,0.0,,,0,0.0,0,0.0,0,0.0,0,0.0,0.0,0.0,0.0,0.0,0.0,0.0,0.0,0.0,0.0,0.0,0.0,1.0,0.0,0.0,3.0,0.0,0,0,0.0,,,,0.0,4.0,0.0,CLE,0.0,0.0,0.0,0.0,0.0,0.0,0.0,0.0,0.0,0.0,0.0,0.0,0.0,4.0,0.0,0.0,0.0,0.0,,,,,,,,,,0,4,0.0,4.0,0.0,0.0,2.0,6.0,0.333,0.499,-0.166,1.0,1.0,1.0,0.394,0.606,1.0,5.0,0.2,0.542,-0.342,0.0,3.0,0.0,0.622,-0.622,0.0,4.0,0.0,0.591,-0.591,2.0,2.0,1.0,0.388,0.612,3.0,3.0,0.0,1.0,0.0,0.0,0.0,1.0,0.0,1.0,1.0,0.0,0.0,3.0,3.0,2.0,0.0,0.0,1.0,0.667,0.0,0,0,0,0,0.0,0.0,0,0.0,0,0.0,0,0.0,0,0.0,5396,1.0,0.6,0.4,4.11,4.48,3.66,2019,20181218,False
201599,DeAndre Jordan,DeAndre,1610612752,NYK,30.0,1,0,1,0.0,26.8,4,6,0.667,0,0,0.0,3,6,0.5,2,10,12,1,2,2,0,0,6,5,11,18,30.9,1,0,28.0,1,41,41,41,33,34,48,10,46,66,46,17,10,30,8,4,5,44,16,4,24,1,78,10,41,1,20,1,1,22,1,,136.8,138.2,138.2,104.1,105.5,105.5,32.7,32.7,32.7,0.053,0.5,8.3,0.08,0.417,0.245,16.7,17.2,0.667,0.637,0.186,0.182,99.65,98.51,82.09,98.51,0.099,55,4.0,6.0,6,5,5,33,35,35,7,7,7,58,42,57,14,2,3,68,69,18,23,36,41,57,63,63,36,34,48,31,27,0.0,0,2,3,1,0.032,0.032,0,0,0,0.0,0,0,0.0,0,0.0,0,0.0,0,0.0,0,0.0,0,0.0,11,45,29,1.1,1.48,0.2,0.244,2,1,10,0.0,0.0,0.5,1.0,1.0,0.5,3.0,0.667,0.0,0.667,14.0,4.0,6.0,0.4,10.0,1.0,0.0,1.0,4.3,5.0,7.0,0.417,13.0,0.923,0.0,0.923,5.9,,,,,,,,,,,,,,,0.667,4.0,4.0,1.0,1.0,0.667,4.0,4.0,1.0,0.0,0.0,0.0,,0.333,0.0,2.0,0.0,0.0,0.333,0.0,2.0,0.0,0.0,0.0,0.0,,,,,,,,,,,,,,,0,0,,0,,,,,0,0.0,5,0.5,0,0.0,0,0.0,0.667,4.0,4.0,1.0,0.0,1.0,0.0,0.0,1.0,0.0,0.0,0.0,0.0,0.0,0.0,0.0,0,0,0.0,0.0,0.0,0.0,0.0,0.0,0.0,NYK,4.0,4.0,1.0,0.0,1.0,0.0,0.0,1.0,0.0,0.0,0.0,0.0,0.0,0.0,0.0,0.0,0.0,0.0,,,,,,,0.0,0.0,0.0,0,0,,,,,8.0,15.0,0.533,0.49,0.043,2.0,6.0,0.333,0.331,0.003,6.0,9.0,0.667,0.544,0.122,3.0,4.0,0.75,0.638,0.112,3.0,5.0,0.6,0.584,0.016,4.0,8.0,0.5,0.359,0.141,10.0,6.0,4.0,2.0,0.0,3.0,8.0,1.0,0.0,1.0,1.0,0.0,0.0,2.0,2.0,2.0,2.0,0.0,1.0,1.0,1.0,0,0,0,0,0.0,0.0,0,0.0,0,0.0,0,0.0,0,0.0,8994,1.7,0.9,0.8,3.61,3.8,3.43,2019,20181218,False
1627761,DeAndre' Bembry,DeAndre',1610612737,ATL,24.0,1,1,0,1.0,20.4,1,4,0.25,0,1,0.0,1,2,0.5,0,1,1,2,1,0,0,0,3,2,3,0,6.2,0,0,6.0,1,1,1,1,54,61,60,65,46,55,46,35,30,30,40,51,58,31,27,39,24,1,55,28,65,38,69,13,1,70,1,104.0,109.5,111.1,111.1,114.7,116.3,116.3,-5.2,-5.2,-5.2,0.154,2.0,25.0,0.0,0.059,0.024,12.5,12.7,0.25,0.307,0.111,0.112,105.04,103.53,86.27,103.53,-0.03,45,1.0,4.0,32,31,31,56,58,58,47,46,46,28,16,20,40,55,65,56,58,66,66,70,70,34,42,42,71,61,60,25,28,0.0,0,5,6,2,0.08,0.08,9,1,3,0.333,0,0,0.0,2,0.222,6,0.667,0,0.0,0,0.0,0,0.0,3,32,23,1.7,3.28,2.72,0.094,0,0,0,0.0,0.0,0.0,0.0,0.0,0.0,1.0,0.0,0.0,0.0,0.0,0.0,1.0,0.0,3.0,0.333,0.0,0.333,12.9,0.0,1.0,0.0,4.0,0.25,0.0,0.25,12.9,,,,,,,,,,,,,,,0.75,1.0,3.0,0.333,0.333,0.75,1.0,3.0,0.333,0.0,0.0,0.0,,,,,,,,,,,,,,,0.25,0.0,1.0,0.0,0.0,0.0,0.0,0.0,,0.25,0.0,1.0,0.0,0,0,,0,0.0,0.0,,,0,0.0,0,0.0,0,0.0,0,0.0,0.25,1.0,3.0,0.333,0.0,0.0,0.0,0.0,0.0,0.0,0.0,0.0,0.0,0.0,1.0,0.0,0,0,0.0,0.0,0.0,0.0,0.0,1.0,0.0,ATL,1.0,3.0,0.333,0.0,0.0,0.0,0.0,0.0,0.0,0.0,0.0,0.0,0.0,1.0,0.0,0.0,0.0,0.0,0.0,0.0,0.0,,,,0.0,0.0,0.0,0,1,0.0,1.0,0.0,0.0,2.0,6.0,0.333,0.463,-0.129,1.0,2.0,0.5,0.345,0.156,1.0,4.0,0.25,0.543,-0.293,1.0,3.0,0.333,0.646,-0.312,1.0,3.0,0.333,0.605,-0.271,1.0,3.0,0.333,0.364,-0.031,2.0,2.0,0.0,2.0,0.0,0.0,0.0,0.0,0.0,0.0,0.0,0.0,0.0,0.0,0.0,0.0,0.0,0.0,0.0,0.0,0.0,0,0,0,0,0.0,0.0,0,0.0,0,0.0,0,0.0,0,0.0,8274,1.6,0.8,0.7,4.27,4.03,3.96,2019,20181218,False
201960,DeMarre Carroll,DeMarre,1610612751,BKN,32.0,1,1,0,1.0,23.58,5,12,0.417,3,7,0.429,0,0,0.0,0,3,3,0,0,0,0,0,1,1,13,11,16.6,0,0,19.0,1,1,1,1,43,23,21,44,6,10,22,44,47,44,40,32,44,63,53,39,24,1,15,38,27,10,50,13,1,42,1,105.0,114.5,113.2,113.2,88.3,86.0,86.0,26.2,27.2,27.2,0.0,0.0,0.0,0.0,0.111,0.059,0.0,0.0,0.542,0.542,0.214,0.221,109.84,111.96,93.3,111.96,0.087,53,5.0,12.0,22,26,26,12,9,9,10,9,9,63,47,63,40,39,48,1,1,31,39,25,22,5,7,7,41,23,21,16,21,0.0,0,0,0,0,0.0,0.0,2,1,2,0.5,0,0,0.0,2,1.0,0,0.0,0,0.0,0,0.0,0,0.0,13,29,18,1.0,2.03,1.0,0.448,0,0,0,0.0,0.0,0.0,0.0,0.0,0.0,4.0,0.0,0.0,0.0,0.0,0.0,3.0,0.0,6.0,0.5,1.0,0.6,8.9,0.0,3.0,0.0,10.0,0.3,1.0,0.333,8.9,,,,,,,,,,,,,,,0.667,3.0,8.0,0.375,0.438,0.417,2.0,5.0,0.4,0.25,1.0,3.0,0.333,0.25,1.0,3.0,0.333,0.5,0.0,0.0,0.0,,0.25,1.0,3.0,0.333,0.083,1.0,1.0,1.0,1.5,0.0,0.0,0.0,,0.083,1.0,1.0,1.0,0,2,0.0,0,0.0,1.0,0.0,0.0,9,0.5,0,0.0,0,0.0,0,0.0,0.542,2.0,4.0,0.5,0.0,0.0,0.0,0.0,1.0,0.0,1.0,2.0,0.5,0.0,1.0,0.0,2,4,0.5,0.0,0.0,0.0,1.0,3.0,0.333,BKN,2.0,4.0,0.5,0.0,0.0,0.0,0.0,1.0,0.0,0.0,0.0,0.0,1.0,4.0,0.25,2.0,3.0,0.667,0.0,0.0,0.0,,,,0.0,0.0,0.0,3,6,3.0,6.0,0.5,0.75,5.0,8.0,0.625,0.455,0.17,1.0,3.0,0.333,0.34,-0.006,4.0,5.0,0.8,0.562,0.238,2.0,2.0,1.0,0.657,0.343,3.0,4.0,0.75,0.634,0.117,1.0,3.0,0.333,0.344,-0.011,4.0,1.0,3.0,0.0,0.0,0.0,0.0,0.0,0.0,0.0,0.0,0.0,0.0,3.0,3.0,2.0,1.0,0.0,1.0,1.0,0.5,0,0,0,0,0.0,0.0,0,0.0,0,0.0,0,0.0,0,0.0,9438,1.8,1.0,0.8,4.2,4.8,3.63,2019,20181218,False
2734,Devin Harris,Devin,1610612742,DAL,36.0,1,0,1,0.0,15.083333333333334,4,7,0.571,1,4,0.25,0,0,0.0,0,0,0,0,0,1,0,0,2,1,9,-14,12.0,0,0,12.0,1,41,41,41,63,34,42,17,26,21,37,44,47,44,40,65,69,63,53,15,24,1,29,38,46,76,55,13,1,57,1,102.0,94.8,97.0,97.0,137.7,135.3,135.3,-42.9,-38.3,-38.3,0.0,0.0,0.0,0.0,0.0,0.0,0.0,0.0,0.643,0.643,0.189,0.196,106.86,106.61,88.84,106.61,0.068,33,4.0,7.0,61,63,63,77,77,77,77,76,76,63,47,63,40,65,69,1,1,20,21,35,34,22,20,20,47,34,42,15,20,0.0,0,3,0,0,0.0,0.0,1,1,1,1.0,0,0,0.0,2,2.0,0,0.0,0,0.0,0,0.0,0,0.0,9,23,18,1.2,3.01,2.43,0.391,1,0,0,0.0,0.0,0.0,,,,,,,,,,,,,,,,,,,,,,,,,1.0,0.143,1.0,1.0,1.0,1.0,0.143,1.0,1.0,1.0,0.0,0.0,0.0,,0.571,2.0,4.0,0.5,0.5,0.286,2.0,2.0,1.0,0.286,0.0,2.0,0.0,,,,,,,,,,,,,,0.286,1.0,2.0,0.5,0.75,0.0,0.0,0.0,,0.286,1.0,2.0,0.5,1,2,0.5,3,1.0,2.0,0.5,0.75,0,0.0,0,0.0,0,0.0,0,0.0,0.643,2.0,2.0,1.0,1.0,1.0,1.0,0.0,0.0,0.0,0.0,1.0,0.0,0.0,0.0,0.0,1,3,0.333,,,,0.0,1.0,0.0,DAL,2.0,2.0,1.0,1.0,1.0,1.0,0.0,0.0,0.0,0.0,0.0,0.0,0.0,1.0,0.0,1.0,2.0,0.5,,,,0.0,1.0,0.0,,,,0,2,0.0,2.0,0.0,0.0,,,,,,,,,,,,,,,,,,,,,,,,,,,,,,,0.0,0.0,0.0,3.0,0.0,0.0,0.0,0.0,0.0,0.0,0.0,0.0,0.0,0.0,0.0,0.0,0.0,0.0,0.0,0.0,0.0,0,0,0,0,0.0,0.0,0,0.0,0,0.0,0,0.0,0,0.0,6002,1.1,0.6,0.5,4.04,4.05,4.03,2019,20181218,False
203473,Dewayne Dedmon,Dewayne,1610612737,ATL,29.0,1,1,0,1.0,27.45,5,6,0.833,1,1,1.0,2,3,0.667,2,8,10,2,4,0,1,0,1,3,13,15,27.0,1,0,28.0,1,1,1,1,31,23,48,4,26,55,1,24,25,25,8,8,7,31,5,39,8,1,15,16,27,4,25,1,1,22,1,104.0,111.8,115.0,115.0,91.8,90.0,90.0,20.0,25.0,25.0,0.095,0.5,15.4,0.077,0.222,0.161,30.8,30.0,0.917,0.888,0.153,0.158,105.41,104.92,87.43,104.92,0.175,60,5.0,6.0,30,24,24,18,13,13,12,11,11,46,42,38,15,14,8,78,78,5,5,49,49,32,35,35,13,23,48,34,25,0.0,0,3,4,2,0.059,0.059,0,0,0,0.0,0,0,0.0,0,0.0,0,0.0,0,0.0,0,0.0,0,0.0,13,47,28,1.3,1.7,0.7,0.277,3,2,7,0.667,2.0,0.857,2.0,0.0,1.0,8.0,0.25,1.0,0.286,3.1,3.0,5.0,0.375,12.0,0.667,1.0,0.727,4.6,5.0,5.0,0.5,19.0,0.526,2.0,0.588,4.3,,,,,,,,,,,,,,,0.667,3.0,4.0,0.75,0.75,0.667,3.0,4.0,0.75,0.0,0.0,0.0,,0.167,1.0,1.0,1.0,1.0,0.167,1.0,1.0,1.0,0.0,0.0,0.0,,0.167,1.0,1.0,1.0,1.5,0.0,0.0,0.0,,0.167,1.0,1.0,1.0,1,1,1.0,2,0.0,0.0,,1.0,3,1.0,6,0.75,4,1.0,2,1.0,0.917,3.0,4.0,0.75,0.0,0.0,0.0,1.0,1.0,1.0,0.0,0.0,0.0,0.0,0.0,0.0,1,1,1.0,0.0,0.0,0.0,0.0,0.0,0.0,ATL,3.0,4.0,0.75,1.0,1.0,1.0,0.0,0.0,0.0,0.0,0.0,0.0,0.0,0.0,0.0,1.0,1.0,1.0,0.0,0.0,0.0,0.0,0.0,0.0,0.0,0.0,0.0,1,1,1.0,1.0,1.0,1.5,5.0,11.0,0.455,0.483,-0.029,0.0,1.0,0.0,0.349,-0.349,5.0,10.0,0.5,0.556,-0.056,4.0,8.0,0.5,0.658,-0.158,4.0,8.0,0.5,0.623,-0.123,1.0,3.0,0.333,0.345,-0.012,4.0,3.0,1.0,3.0,0.0,4.0,9.0,2.0,0.0,2.0,1.0,0.0,3.0,7.0,10.0,5.0,1.0,0.3,0.7,0.833,0.167,2,2,0,0,0.0,2.0,0,0.0,0,0.0,0,0.0,0,0.0,11257,2.1,1.2,1.0,4.24,4.7,4.15,2019,20181218,False
1717,Dirk Nowitzki,Dirk,1610612742,DAL,41.0,1,0,1,0.0,7.216666666666667,1,2,0.5,1,1,1.0,0,0,0.0,0,1,1,1,0,0,0,0,0,0,3,-9,5.7,0,0,6.0,1,41,41,41,74,61,68,25,26,55,1,44,47,44,40,51,58,44,53,39,24,1,1,60,65,68,70,13,1,70,1,102.0,135.7,126.7,126.7,200.0,186.7,186.7,-64.3,-60.0,-60.0,0.143,0.0,33.3,0.0,0.333,0.125,0.0,0.0,0.75,0.75,0.125,0.133,93.12,99.77,83.14,99.77,0.071,15,1.0,2.0,7,10,10,80,80,80,79,78,78,32,47,9,40,5,17,1,1,11,12,65,63,79,59,59,46,61,68,15,9,0.0,0,1,3,1,0.067,0.067,0,0,0,0.0,0,0,0.0,0,0.0,0,0.0,0,0.0,0,0.0,0,0.0,3,17,9,0.4,1.26,0.12,0.176,0,1,0,0.0,0.0,0.0,0.0,0.0,0.0,0.0,0.0,0.0,0.0,0.0,0.0,1.0,0.0,3.0,0.333,0.0,0.333,5.1,0.0,1.0,0.0,3.0,0.333,0.0,0.333,5.1,1.0,0.5,0.0,1.0,0.0,0.0,0.5,0.0,1.0,0.0,0.0,0.0,0.0,,,,,,,,,,,,,,,0.5,1.0,1.0,1.0,1.5,0.0,0.0,0.0,,0.5,1.0,1.0,1.0,,,,,,,,,,,,,,0,0,,0,0.0,0.0,,,3,1.0,0,0.0,0,0.0,0,0.0,0.75,0.0,0.0,0.0,0.0,1.0,0.0,0.0,0.0,0.0,,,,,,,1,1,1.0,,,,,,,DAL,0.0,0.0,0.0,0.0,1.0,0.0,0.0,0.0,0.0,,,,1.0,1.0,1.0,0.0,0.0,0.0,,,,,,,,,,1,1,1.0,1.0,1.0,1.5,5.0,5.0,1.0,0.507,0.493,1.0,1.0,1.0,0.403,0.597,4.0,4.0,1.0,0.566,0.435,4.0,4.0,1.0,0.634,0.367,4.0,4.0,1.0,0.594,0.406,1.0,1.0,1.0,0.409,0.591,2.0,2.0,0.0,0.0,0.0,1.0,3.0,0.0,0.0,0.0,0.0,0.0,0.0,2.0,2.0,0.0,0.0,0.0,1.0,0.0,0.0,0,0,0,0,0.0,0.0,1,1.0,0,0.0,0,0.0,0,0.0,2524,0.5,0.3,0.2,3.87,4.09,3.58,2019,20181218,False
1627734,Domantas Sabonis,Domantas,1610612754,IND,23.0,1,0,1,0.0,24.283333333333335,7,9,0.778,0,0,0.0,3,3,1.0,7,1,8,3,1,2,0,0,2,4,17,-8,36.1,0,0,32.0,1,41,41,41,41,9,35,5,46,66,46,17,25,1,1,51,13,21,27,4,24,1,29,13,15,64,15,13,1,13,1,95.0,88.9,91.7,91.7,103.2,108.3,108.3,-14.3,-16.7,-16.7,0.3,3.0,21.4,0.212,0.042,0.14,7.1,7.0,0.778,0.824,0.183,0.193,98.75,94.88,79.07,94.88,0.244,48,7.0,9.0,70,68,68,28,43,43,60,62,62,12,9,25,2,60,13,38,38,10,8,38,36,61,70,70,1,9,35,52,38,0.0,0,6,6,3,0.058,0.058,1,0,0,0.0,0,0,0.0,0,0.0,1,1.0,0,0.0,0,0.0,0,0.0,17,63,42,1.9,1.81,0.71,0.27,9,6,9,0.0,0.833,1.111,5.0,2.0,0.714,9.0,0.778,0.0,0.778,7.0,0.0,1.0,0.0,4.0,0.25,2.0,0.5,10.2,5.0,3.0,0.625,13.0,0.615,2.0,0.727,7.4,1.0,0.222,2.0,2.0,1.0,1.0,0.222,2.0,2.0,1.0,0.0,0.0,0.0,,0.556,3.0,5.0,0.6,0.6,0.556,3.0,5.0,0.6,0.0,0.0,0.0,,0.222,2.0,2.0,1.0,1.0,0.222,2.0,2.0,1.0,0.0,0.0,0.0,,,,,,,,,,,,,,,0,0,,0,,,,,2,1.0,10,0.8,5,1.0,0,0.0,0.778,4.0,6.0,0.667,2.0,2.0,1.0,1.0,1.0,1.0,0.0,0.0,0.0,0.0,0.0,0.0,0,0,0.0,0.0,0.0,0.0,0.0,0.0,0.0,IND,4.0,6.0,0.667,2.0,2.0,1.0,0.0,0.0,0.0,1.0,1.0,1.0,0.0,0.0,0.0,0.0,0.0,0.0,0.0,0.0,0.0,0.0,0.0,0.0,0.0,0.0,0.0,1,1,,,,1.0,7.0,15.0,0.467,0.441,0.025,0.0,2.0,0.0,0.331,-0.331,7.0,13.0,0.538,0.483,0.056,4.0,5.0,0.8,0.622,0.178,4.0,6.0,0.667,0.587,0.08,2.0,7.0,0.286,0.346,-0.06,8.0,6.0,2.0,3.0,0.0,5.0,12.0,1.0,0.0,1.0,1.0,0.0,3.0,4.0,7.0,6.0,3.0,0.429,0.571,1.0,0.5,2,2,0,0,0.0,0.833,4,0.667,0,0.0,0,0.0,0,0.0,9698,1.8,1.0,0.9,4.19,4.67,4.2,2019,20181218,False
1627827,Dorian Finney-Smith,Dorian,1610612742,DAL,26.0,1,0,1,0.0,27.35,1,5,0.2,0,4,0.0,0,0,0.0,1,1,2,1,1,1,0,0,2,2,2,-1,7.9,0,0,7.0,1,41,41,41,32,61,54,67,46,21,46,44,47,44,20,51,51,44,27,15,24,1,29,28,68,42,64,13,1,64,1,102.0,113.7,109.7,109.7,117.0,116.9,116.9,-3.3,-7.3,-7.3,0.045,1.0,14.3,0.034,0.043,0.038,14.3,14.3,0.2,0.2,0.086,0.093,104.21,106.18,88.48,106.18,-0.012,62,1.0,5.0,23,33,33,62,60,60,45,54,54,59,29,40,29,59,57,66,66,69,71,73,72,41,23,23,70,61,54,27,24,0.0,0,2,3,1,0.037,0.037,5,1,1,1.0,0,0,0.0,2,0.4,2,0.4,0,0.0,1,0.2,0,0.0,2,35,25,1.1,1.8,0.66,0.057,0,0,0,0.0,0.0,0.0,0.0,1.0,0.0,2.0,0.5,0.0,0.5,10.6,0.0,1.0,0.0,4.0,0.25,2.0,0.5,4.7,0.0,2.0,0.0,5.0,0.4,2.0,0.667,7.6,,,,,,,,,,,,,,,,,,,,,,,,,,,,0.4,1.0,2.0,0.5,0.5,0.2,1.0,1.0,1.0,0.2,0.0,1.0,0.0,0.6,0.0,3.0,0.0,0.0,0.0,0.0,0.0,,0.6,0.0,3.0,0.0,0,1,0.0,0,0.0,1.0,0.0,0.0,0,0.0,0,0.0,0,0.0,0,0.0,0.2,1.0,1.0,1.0,0.0,0.0,0.0,0.0,0.0,0.0,0.0,0.0,0.0,0.0,1.0,0.0,0,3,0.0,0.0,0.0,0.0,0.0,1.0,0.0,DAL,1.0,1.0,1.0,0.0,0.0,0.0,0.0,0.0,0.0,0.0,0.0,0.0,0.0,1.0,0.0,0.0,3.0,0.0,,,,0.0,0.0,0.0,0.0,0.0,0.0,0,3,0.0,3.0,0.0,0.0,7.0,10.0,0.7,0.46,0.24,1.0,2.0,0.5,0.362,0.138,6.0,8.0,0.75,0.52,0.23,2.0,2.0,1.0,0.588,0.412,5.0,5.0,1.0,0.558,0.442,1.0,2.0,0.5,0.392,0.108,10.0,8.0,2.0,0.0,0.0,0.0,0.0,1.0,0.0,1.0,1.0,0.0,0.0,1.0,1.0,0.0,0.0,0.0,1.0,0.0,0.0,0,0,0,0,0.0,0.0,0,0.0,0,0.0,0,0.0,0,0.0,11295,2.1,1.1,1.0,4.24,4.42,4.06,2019,20181218,False
203926,Doug McDermott,Doug,1610612754,IND,27.0,1,0,1,0.0,20.991666666666667,4,9,0.444,2,4,0.5,2,3,0.667,0,0,0,0,1,1,0,0,1,1,12,-10,14.0,0,0,16.0,1,41,41,41,48,34,35,37,13,21,10,24,25,25,40,65,69,63,27,15,24,1,15,38,34,71,54,13,1,48,1,95.0,85.6,88.4,88.4,113.2,117.1,117.1,-27.6,-28.7,-28.7,0.0,0.0,0.0,0.0,0.0,0.0,9.1,8.8,0.556,0.581,0.208,0.22,99.24,96.04,80.03,96.04,0.064,43,4.0,9.0,72,70,70,54,61,61,69,73,73,63,47,63,40,65,69,41,41,30,30,26,24,59,68,68,53,34,35,19,24,0.0,0,2,0,0,0.0,0.0,1,1,1,1.0,0,0,0.0,2,2.0,0,0.0,0,0.0,0,0.0,0,0.0,12,31,26,0.6,1.18,0.45,0.387,0,0,0,0.0,0.0,0.0,,,,,,,,,,,,,,,,,,,,,,,,,1.0,0.111,0.0,1.0,0.0,0.0,0.111,0.0,1.0,0.0,0.0,0.0,0.0,,0.222,1.0,2.0,0.5,0.5,0.222,1.0,2.0,0.5,0.0,0.0,0.0,,0.333,2.0,3.0,0.667,0.833,0.222,1.0,2.0,0.5,0.111,1.0,1.0,1.0,0.333,1.0,3.0,0.333,0.5,0.0,0.0,0.0,,0.333,1.0,3.0,0.333,1,2,0.5,2,0.0,0.0,,0.5,6,0.5,0,0.0,0,0.0,0,0.0,0.556,1.0,3.0,0.333,0.0,0.0,0.0,1.0,2.0,0.5,1.0,1.0,1.0,1.0,2.0,0.5,0,1,0.0,0.0,0.0,0.0,2.0,3.0,0.667,IND,1.0,3.0,0.333,0.0,0.0,0.0,1.0,1.0,1.0,0.0,1.0,0.0,2.0,3.0,0.667,0.0,1.0,0.0,,,,,,,0.0,0.0,0.0,2,4,2.0,4.0,0.5,0.75,3.0,9.0,0.333,0.422,-0.089,0.0,3.0,0.0,0.316,-0.316,3.0,6.0,0.5,0.458,0.042,3.0,5.0,0.6,0.58,0.02,3.0,5.0,0.6,0.516,0.084,0.0,4.0,0.0,0.321,-0.321,6.0,4.0,2.0,1.0,0.0,0.0,0.0,0.0,0.0,0.0,0.0,0.0,0.0,0.0,0.0,0.0,0.0,0.0,0.0,0.0,0.0,0,0,0,0,0.0,0.0,0,0.0,0,0.0,0,0.0,0,0.0,9144,1.7,1.0,0.7,4.57,5.25,3.87,2019,20181218,False
203939,Dwight Powell,Dwight,1610612742,DAL,27.0,1,0,1,0.0,16.916666666666668,3,5,0.6,1,2,0.5,1,2,0.5,0,2,2,1,1,0,0,0,2,3,8,-27,10.9,0,0,12.0,1,41,41,41,59,46,54,16,26,47,10,35,30,30,40,48,51,44,27,39,24,1,29,16,47,80,59,13,1,57,1,102.0,88.9,83.3,83.3,161.9,158.3,158.3,-73.1,-75.0,-75.0,0.111,1.0,12.5,0.0,0.154,0.063,12.5,12.7,0.7,0.68,0.175,0.187,97.83,102.15,85.12,102.15,0.061,36,3.0,5.0,69,75,75,79,79,79,80,80,80,42,29,44,40,28,46,56,58,17,19,42,40,64,50,50,54,46,54,16,13,0.0,0,1,2,1,0.063,0.063,0,0,0,0.0,0,0,0.0,0,0.0,0,0.0,0,0.0,0,0.0,0,0.0,8,22,11,0.5,1.33,0.23,0.364,2,0,3,1.0,0.0,1.333,0.0,0.0,0.0,1.0,0.0,0.0,0.0,0.0,1.0,1.0,0.5,5.0,0.4,1.0,0.5,3.7,1.0,1.0,0.5,6.0,0.333,1.0,0.4,3.7,,,,,,,,,,,,,,,0.6,2.0,3.0,0.667,0.667,0.6,2.0,3.0,0.667,0.0,0.0,0.0,,,,,,,,,,,,,,,0.4,1.0,2.0,0.5,0.75,0.0,0.0,0.0,,0.4,1.0,2.0,0.5,0,0,,0,0.0,0.0,,,3,0.5,4,0.667,0,0.0,2,1.0,0.7,2.0,3.0,0.667,0.0,0.0,0.0,0.0,0.0,0.0,0.0,0.0,0.0,,,,1,2,0.5,0.0,0.0,0.0,0.0,0.0,0.0,DAL,2.0,3.0,0.667,0.0,0.0,0.0,0.0,0.0,0.0,0.0,0.0,0.0,1.0,2.0,0.5,0.0,0.0,0.0,,,,0.0,0.0,0.0,0.0,0.0,0.0,1,2,1.0,2.0,0.5,0.75,10.0,17.0,0.588,0.488,0.1,3.0,3.0,1.0,0.254,0.746,7.0,14.0,0.5,0.562,-0.062,7.0,13.0,0.538,0.622,-0.083,7.0,14.0,0.5,0.589,-0.089,3.0,3.0,1.0,0.278,0.722,10.0,7.0,3.0,2.0,0.0,0.0,0.0,1.0,0.0,1.0,1.0,0.0,0.0,3.0,3.0,1.0,0.0,0.0,1.0,1.0,0.0,0,0,0,0,0.0,0.0,0,0.0,0,0.0,0,0.0,0,0.0,6825,1.3,0.7,0.6,4.2,4.25,4.16,2019,20181218,False
202334,Ed Davis,Ed,1610612751,BKN,30.0,1,1,0,1.0,11.683333333333334,2,2,1.0,0,0,0.0,0,0,0.0,1,5,6,0,0,0,0,0,2,0,4,12,11.2,0,0,10.0,1,1,1,1,70,53,68,1,46,66,46,44,47,44,20,21,21,63,53,39,24,1,29,60,60,7,57,13,1,59,1,105.0,155.7,154.2,154.2,93.8,96.2,96.2,61.9,58.0,58.0,0.0,0.0,0.0,0.111,0.385,0.273,0.0,0.0,1.0,1.0,0.077,0.078,103.53,102.71,85.59,102.71,0.133,24,2.0,2.0,4,3,3,19,19,19,4,6,6,63,47,63,8,3,1,1,1,2,1,74,74,43,49,49,21,53,68,16,6,0.0,0,1,0,0,0.0,0.0,0,0,0,0.0,0,0,0.0,0,0.0,0,0.0,0,0.0,0,0.0,0,0.0,4,18,6,0.5,1.53,0.5,0.222,2,0,2,1.0,0.0,1.0,0.0,1.0,0.0,3.0,0.333,1.0,0.5,3.4,1.0,4.0,0.2,9.0,0.556,2.0,0.714,2.8,1.0,5.0,0.167,12.0,0.5,3.0,0.667,2.9,,,,,,,,,,,,,,,0.5,1.0,1.0,1.0,1.0,0.5,1.0,1.0,1.0,0.0,0.0,0.0,,0.5,1.0,1.0,1.0,1.0,0.5,1.0,1.0,1.0,0.0,0.0,0.0,,,,,,,,,,,,,,,0,0,,0,,,,,0,0.0,2,1.0,0,0.0,2,1.0,1.0,2.0,2.0,1.0,0.0,0.0,0.0,0.0,0.0,0.0,0.0,0.0,0.0,0.0,0.0,0.0,0,0,0.0,,,,0.0,0.0,0.0,BKN,2.0,2.0,1.0,0.0,0.0,0.0,0.0,0.0,0.0,0.0,0.0,0.0,0.0,0.0,0.0,0.0,0.0,0.0,,,,,,,,,,0,0,,,,,2.0,6.0,0.333,0.437,-0.103,2.0,3.0,0.667,0.332,0.335,0.0,3.0,0.0,0.515,-0.515,0.0,2.0,0.0,0.619,-0.619,0.0,2.0,0.0,0.566,-0.566,2.0,3.0,0.667,0.345,0.322,3.0,3.0,0.0,0.0,0.0,6.0,13.0,0.0,1.0,1.0,0.0,1.0,0.0,3.0,3.0,2.0,0.0,0.0,1.0,1.0,0.0,0,0,0,0,0.0,0.0,0,0.0,0,0.0,0,0.0,0,0.0,4754,0.9,0.5,0.4,4.35,5.3,3.55,2019,20181218,False
203084,Harrison Barnes,Harrison,1610612758,SAC,27.0,1,0,1,0.0,33.96666666666667,10,16,0.625,5,8,0.625,5,6,0.833,1,3,4,0,0,1,1,0,1,3,30,9,40.8,0,0,43.0,1,41,41,41,19,4,9,13,1,6,8,7,10,15,20,32,34,63,53,15,8,1,15,16,3,14,9,13,1,9,1,,129.8,125.0,125.0,115.1,115.7,115.7,14.8,9.3,9.3,0.0,0.0,0.0,0.032,0.097,0.065,0.0,0.0,0.781,0.805,0.231,0.251,98.72,100.33,83.61,100.33,0.177,72,10.0,16.0,8,11,11,58,57,57,19,26,26,63,47,63,30,49,45,1,1,9,10,18,16,62,58,58,10,4,9,52,41,0.0,0,2,0,0,0.0,0.0,5,3,4,0.75,0,0,0.0,6,1.2,1,0.2,0,0.0,0,0.0,0,0.0,30,69,37,2.0,1.73,0.57,0.435,2,1,3,0.0,0.0,0.667,1.0,0.0,1.0,1.0,1.0,0.0,1.0,2.8,0.0,3.0,0.0,8.0,0.375,1.0,0.429,4.9,1.0,3.0,0.25,9.0,0.444,1.0,0.5,4.4,1.0,0.063,1.0,1.0,1.0,1.0,0.063,1.0,1.0,1.0,0.0,0.0,0.0,,0.313,3.0,5.0,0.6,0.6,0.313,3.0,5.0,0.6,0.0,0.0,0.0,,0.125,1.0,2.0,0.5,0.5,0.063,1.0,1.0,1.0,0.063,0.0,1.0,0.0,0.5,5.0,8.0,0.625,0.938,0.063,0.0,1.0,0.0,0.438,5.0,7.0,0.714,0,1,0.0,0,0.0,0.0,,0.0,17,0.667,2,0.0,0,0.0,0,0.0,0.781,4.0,6.0,0.667,0.0,1.0,0.0,1.0,1.0,1.0,3.0,4.0,0.75,0.0,1.0,0.0,2,3,0.667,0.0,0.0,0.0,3.0,5.0,0.6,SAC,4.0,6.0,0.667,0.0,1.0,0.0,0.0,0.0,0.0,1.0,1.0,1.0,5.0,8.0,0.625,0.0,0.0,0.0,,,,0.0,0.0,0.0,0.0,0.0,0.0,6,9,5.0,8.0,0.625,0.944,6.0,10.0,0.6,0.498,0.102,1.0,3.0,0.333,0.373,-0.04,5.0,7.0,0.714,0.558,0.156,3.0,5.0,0.6,0.648,-0.048,4.0,6.0,0.667,0.605,0.062,2.0,4.0,0.5,0.393,0.107,12.0,9.0,3.0,2.0,0.0,1.0,3.0,0.0,2.0,2.0,0.0,1.0,0.0,7.0,7.0,4.0,1.0,0.0,1.0,1.0,0.25,0,0,0,0,0.0,0.0,1,1.0,0,0.0,0,0.0,0,0.0,13063,2.5,1.3,1.1,4.13,4.47,3.49,2019,20181218,False
101133,Ian Mahinmi,Ian,1610612764,WAS,32.0,1,0,1,0.0,16.033333333333335,0,2,0.0,0,0,0.0,2,4,0.5,1,3,4,1,1,0,0,0,5,2,2,-8,7.3,0,0,7.0,1,41,41,41,61,72,68,72,46,66,46,24,15,30,20,32,34,44,27,39,24,1,73,28,68,64,66,13,1,64,1,105.0,112.1,108.1,108.1,130.0,133.3,133.3,-17.9,-25.2,-25.2,0.091,1.0,16.7,0.053,0.214,0.121,16.7,17.4,0.0,0.266,0.119,0.12,108.67,109.27,91.06,109.27,-0.055,37,0.0,2.0,28,35,35,71,75,75,64,69,69,48,29,36,19,15,20,68,70,72,69,69,68,10,10,10,76,72,68,17,9,0.0,0,1,3,1,0.059,0.059,0,0,0,0.0,0,0,0.0,0,0.0,0,0.0,0,0.0,0,0.0,0,0.0,2,22,10,0.5,1.3,0.14,0.091,2,0,4,0.0,0.0,0.0,0.0,1.0,0.0,4.0,0.25,0.0,0.25,5.1,2.0,1.0,0.667,6.0,0.5,0.0,0.5,3.0,2.0,2.0,0.5,9.0,0.444,0.0,0.444,3.5,1.0,1.0,0.0,2.0,0.0,0.0,1.0,0.0,2.0,0.0,0.0,0.0,0.0,,,,,,,,,,,,,,,,,,,,,,,,,,,,,,,,,,,,,,,,,0,0,,0,,,,,0,0.0,0,0.0,0,0.0,0,0.0,0.0,0.0,2.0,0.0,0.0,0.0,0.0,0.0,0.0,0.0,0.0,0.0,0.0,0.0,0.0,0.0,0,0,0.0,0.0,0.0,0.0,0.0,0.0,0.0,WAS,0.0,2.0,0.0,0.0,0.0,0.0,0.0,0.0,0.0,0.0,0.0,0.0,0.0,0.0,0.0,0.0,0.0,0.0,0.0,0.0,0.0,,,,0.0,0.0,0.0,0,0,,,,,4.0,7.0,0.571,0.488,0.084,1.0,1.0,1.0,0.32,0.68,3.0,6.0,0.5,0.559,-0.059,3.0,6.0,0.5,0.622,-0.122,3.0,6.0,0.5,0.589,-0.089,1.0,1.0,1.0,0.338,0.662,9.0,8.0,1.0,2.0,0.0,2.0,4.0,0.0,0.0,0.0,0.0,0.0,0.0,9.0,9.0,3.0,1.0,0.0,1.0,1.0,0.333,0,0,0,0,0.0,0.0,0,0.0,0,0.0,0,0.0,0,0.0,6903,1.3,0.7,0.6,4.48,4.85,4.12,2019,20181218,False
1627826,Ivica Zubac,Ivica,1610612746,LAC,22.0,1,0,1,0.0,2.4166666666666665,0,1,0.0,0,0,0.0,0,0,0.0,0,0,0,1,0,0,1,0,2,0,0,3,4.5,0,0,3.0,1,41,41,41,77,72,74,72,46,66,46,44,47,44,40,65,69,44,53,39,8,1,29,60,73,27,73,13,1,73,1,,200.0,160.0,160.0,86.8,100.0,100.0,113.2,60.0,60.0,0.333,0.0,50.0,0.0,0.0,0.0,0.0,0.0,0.0,0.0,0.2,0.25,96.93,99.31,82.76,99.31,-0.12,5,0.0,1.0,3,2,2,10,24,24,3,4,4,7,47,1,40,65,69,1,1,72,73,30,17,70,60,60,77,72,74,2,2,0.0,0,0,3,1,0.5,0.5,0,0,0,0.0,0,0,0.0,0,0.0,0,0.0,0,0.0,0,0.0,0,0.0,0,3,2,0.1,1.68,0.33,0.0,2,0,0,0.0,0.0,0.0,,,,,,,,,,,,,,,,,,,,,,,,,,,,,,,,,,,,,,,,,,,,,,,,,,,,,,,,,,,,,,,,,1.0,0.0,1.0,0.0,0.0,1.0,0.0,1.0,0.0,0.0,0.0,0.0,,0,0,,0,,,,,0,0.0,0,0.0,0,0.0,0,0.0,0.0,0.0,0.0,0.0,0.0,0.0,0.0,0.0,1.0,0.0,,,,,,,0,0,0.0,,,,,,,LAC,0.0,0.0,0.0,0.0,0.0,0.0,0.0,0.0,0.0,0.0,1.0,0.0,0.0,0.0,0.0,0.0,0.0,0.0,,,,,,,,,,0,1,,,,0.0,,,,,,,,,,,,,,,,,,,,,,,,,,,,,,,3.0,3.0,0.0,0.0,0.0,1.0,3.0,0.0,0.0,0.0,0.0,0.0,0.0,0.0,0.0,0.0,0.0,0.0,0.0,0.0,0.0,0,0,0,0,0.0,0.0,0,0.0,0,0.0,0,0.0,0,0.0,992,0.2,0.1,0.1,4.73,5.75,4.02,2019,20181218,False
200826,J.J. Barea,J.J.,1610612742,DAL,35.0,1,0,1,0.0,20.6,4,11,0.364,0,3,0.0,2,2,1.0,1,3,4,5,1,0,0,0,0,3,10,-14,21.3,0,0,19.0,1,41,41,41,51,34,28,51,46,36,46,24,30,1,20,32,34,8,27,39,24,1,1,16,44,76,39,13,1,42,1,102.0,101.1,100.0,100.0,134.4,128.9,128.9,-33.3,-28.9,-28.9,0.385,5.0,27.8,0.038,0.2,0.098,5.6,5.6,0.364,0.421,0.255,0.265,100.99,103.69,86.41,103.69,0.115,44,4.0,11.0,52,54,54,75,74,74,73,74,74,5,2,17,27,18,29,33,33,59,57,12,10,52,40,40,27,34,28,45,52,0.0,0,6,11,5,0.111,0.111,7,3,6,0.5,0,0,0.0,6,0.857,1,0.143,0,0.0,0,0.0,0,0.0,10,62,27,4.5,4.36,4.05,0.161,0,0,0,0.0,0.0,0.0,0.0,1.0,0.0,1.0,1.0,0.0,1.0,21.7,1.0,2.0,0.333,4.0,0.75,0.0,0.75,14.9,1.0,3.0,0.25,5.0,0.8,0.0,0.8,16.6,1.0,0.091,0.0,1.0,0.0,0.0,0.091,0.0,1.0,0.0,0.0,0.0,0.0,,0.364,2.0,4.0,0.5,0.5,0.364,2.0,4.0,0.5,0.0,0.0,0.0,,0.182,1.0,2.0,0.5,0.5,0.182,1.0,2.0,0.5,0.0,0.0,0.0,,0.364,1.0,4.0,0.25,0.25,0.091,1.0,1.0,1.0,0.273,0.0,3.0,0.0,4,6,0.667,8,0.0,1.0,0.0,0.667,0,0.0,0,0.0,0,0.0,0,0.0,0.364,0.0,2.0,0.0,3.0,4.0,0.75,1.0,2.0,0.5,0.0,0.0,0.0,0.0,0.0,0.0,0,3,0.0,,,,0.0,0.0,0.0,DAL,0.0,2.0,0.0,3.0,4.0,0.75,1.0,2.0,0.5,0.0,0.0,0.0,0.0,2.0,0.0,0.0,1.0,0.0,,,,0.0,0.0,0.0,,,,0,2,0.0,2.0,0.0,0.0,3.0,4.0,0.75,0.466,0.284,2.0,3.0,0.667,0.387,0.28,1.0,1.0,1.0,0.52,0.48,,,,,,,,,,,2.0,3.0,0.667,0.399,0.267,2.0,0.0,2.0,0.0,0.0,0.0,0.0,1.0,0.0,1.0,1.0,0.0,0.0,0.0,0.0,0.0,0.0,0.0,0.0,0.0,0.0,0,0,0,0,0.0,0.0,0,0.0,0,0.0,0,0.0,0,0.0,8032,1.5,0.9,0.6,4.01,4.55,3.41,2019,20181218,False
1628973,Jalen Brunson,Jalen,1610612742,DAL,22.0,1,0,1,0.0,24.55,4,7,0.571,0,1,0.0,0,0,0.0,0,0,0,1,0,0,0,0,1,1,8,3,9.5,0,0,9.0,1,41,41,41,40,34,42,17,46,55,46,44,47,44,40,65,69,44,53,39,24,1,15,38,47,27,63,13,1,61,1,102.0,122.8,120.4,120.4,119.8,119.2,119.2,3.0,1.1,1.1,0.059,0.0,12.5,0.0,0.0,0.0,0.0,0.0,0.571,0.571,0.125,0.13,102.33,103.63,86.35,103.63,0.042,54,4.0,7.0,15,16,16,65,65,65,34,35,35,55,47,44,40,65,69,1,1,27,32,65,65,48,41,41,59,34,42,29,27,0.0,0,3,2,1,0.034,0.034,7,2,3,0.667,0,0,0.0,4,0.571,4,0.571,0,0.0,0,0.0,0,0.0,8,36,16,2.2,3.61,2.75,0.222,3,0,0,0.0,0.0,0.0,,,,,,,,,,,,,,,,,,,,,,,,,1.0,0.5,2.0,3.0,0.667,0.667,0.5,2.0,3.0,0.667,0.0,0.0,0.0,,0.167,1.0,1.0,1.0,1.0,0.167,1.0,1.0,1.0,0.0,0.0,0.0,,,,,,,,,,,,,,,0.333,0.0,2.0,0.0,0.0,0.167,0.0,1.0,0.0,0.167,0.0,1.0,0.0,0,1,0.0,0,0.0,0.0,,0.0,0,0.0,0,0.0,0,0.0,0,0.0,0.571,3.0,4.0,0.75,0.0,0.0,0.0,1.0,2.0,0.5,0.0,1.0,0.0,0.0,0.0,0.0,0,0,0.0,0.0,0.0,0.0,0.0,1.0,0.0,DAL,3.0,4.0,0.75,0.0,0.0,0.0,0.0,1.0,0.0,1.0,1.0,1.0,0.0,1.0,0.0,0.0,0.0,0.0,,,,0.0,0.0,0.0,0.0,0.0,0.0,0,1,0.0,1.0,0.0,0.0,6.0,11.0,0.545,0.472,0.073,0.0,2.0,0.0,0.357,-0.357,6.0,9.0,0.667,0.509,0.157,4.0,6.0,0.667,0.58,0.087,4.0,6.0,0.667,0.551,0.116,1.0,4.0,0.25,0.387,-0.137,1.0,1.0,0.0,0.0,0.0,0.0,0.0,0.0,0.0,0.0,0.0,0.0,0.0,1.0,1.0,1.0,0.0,0.0,1.0,1.0,0.0,0,0,0,0,0.0,0.0,0,0.0,0,0.0,0,0.0,0,0.0,9812,1.9,0.9,0.9,4.49,4.43,4.1,2019,20181218,False
1627750,Jamal Murray,Jamal,1610612743,DEN,22.0,1,1,0,1.0,39.43333333333333,10,18,0.556,1,4,0.25,1,2,0.5,1,6,7,15,5,1,1,0,2,1,22,-6,53.9,1,0,49.0,1,1,1,1,5,4,5,21,26,21,37,35,30,30,20,16,18,1,1,15,8,1,29,38,7,55,3,1,1,3,1,101.0,121.7,121.7,121.7,131.4,127.4,127.4,-9.6,-5.7,-5.7,0.469,3.0,39.5,0.029,0.171,0.101,13.2,12.9,0.583,0.583,0.245,0.257,100.06,101.64,84.7,101.64,0.142,83,10.0,18.0,16,14,14,73,72,72,55,47,47,4,9,5,31,26,27,62,60,26,29,15,13,56,53,53,18,4,5,76,85,1.0,0,19,38,16,0.197,0.211,9,3,5,0.6,0,0,0.0,6,0.667,0,0.0,2,0.222,2,0.222,0,0.0,22,100,36,7.6,4.53,3.96,0.22,1,1,1,0.0,0.0,0.0,1.0,0.0,1.0,2.0,0.5,0.0,0.5,3.5,2.0,4.0,0.333,8.0,0.75,0.0,0.75,8.3,3.0,4.0,0.429,9.0,0.778,0.0,0.778,7.6,,,,,,,,,,,,,,,0.222,2.0,4.0,0.5,0.5,0.222,2.0,4.0,0.5,0.0,0.0,0.0,,0.5,6.0,9.0,0.667,0.722,0.389,5.0,7.0,0.714,0.111,1.0,2.0,0.5,0.278,2.0,5.0,0.4,0.4,0.167,2.0,3.0,0.667,0.111,0.0,2.0,0.0,6,11,0.545,13,1.0,2.0,0.5,0.591,0,0.0,0,0.0,0,0.0,0,0.0,0.583,3.0,3.0,1.0,2.0,4.0,0.5,4.0,7.0,0.571,0.0,0.0,0.0,0.0,0.0,0.0,1,4,0.25,0.0,0.0,0.0,0.0,0.0,0.0,DEN,3.0,3.0,1.0,1.0,3.0,0.333,1.0,3.0,0.333,2.0,2.0,1.0,2.0,4.0,0.5,1.0,3.0,0.333,,,,0.0,0.0,0.0,0.0,0.0,0.0,0,2,0.0,2.0,0.0,0.0,6.0,15.0,0.4,0.439,-0.039,0.0,5.0,0.0,0.335,-0.335,6.0,10.0,0.6,0.512,0.089,5.0,6.0,0.833,0.612,0.222,5.0,9.0,0.556,0.563,-0.008,1.0,6.0,0.167,0.351,-0.185,13.0,8.0,5.0,1.0,0.0,1.0,2.0,0.0,1.0,1.0,0.0,1.0,0.0,0.0,0.0,0.0,0.0,0.0,0.0,0.0,0.0,0,1,0,0,0.0,0.0,0,0.0,0,0.0,0,0.0,0,0.0,15974,3.0,1.8,1.3,4.29,5.13,3.73,2019,20181218,False
201162,Jared Dudley,Jared,1610612751,BKN,33.0,1,1,0,1.0,24.081666666666667,6,8,0.75,1,3,0.333,0,0,0.0,2,3,5,2,1,1,0,0,1,0,13,3,24.0,0,0,23.0,1,1,1,1,42,14,38,6,26,36,26,44,47,44,8,32,28,31,27,15,24,1,15,60,27,27,33,13,1,32,1,105.0,106.3,103.8,103.8,102.7,98.1,98.1,3.7,5.7,5.7,0.133,2.0,18.2,0.077,0.12,0.098,9.1,9.1,0.813,0.813,0.158,0.162,102.01,105.64,88.03,105.64,0.188,53,6.0,8.0,38,48,48,27,22,22,33,30,30,36,16,33,15,36,28,41,42,7,9,47,45,49,28,28,9,14,38,38,27,0.0,0,1,5,2,0.053,0.053,4,3,3,1.0,0,0,0.0,6,1.5,1,0.25,0,0.0,0,0.0,0,0.0,13,47,29,1.1,1.36,0.49,0.277,0,0,3,0.0,0.0,0.667,0.0,2.0,0.0,3.0,0.667,0.0,0.667,1.6,2.0,1.0,0.667,6.0,0.5,0.0,0.5,6.4,2.0,3.0,0.4,9.0,0.556,0.0,0.556,4.5,1.0,0.25,2.0,2.0,1.0,1.0,0.25,2.0,2.0,1.0,0.0,0.0,0.0,,0.125,1.0,1.0,1.0,1.0,0.125,1.0,1.0,1.0,0.0,0.0,0.0,,0.375,2.0,3.0,0.667,0.667,0.25,2.0,2.0,1.0,0.125,0.0,1.0,0.0,0.25,1.0,2.0,0.5,0.75,0.0,0.0,0.0,,0.25,1.0,2.0,0.5,1,1,1.0,2,0.0,0.0,,1.0,3,0.333,2,1.0,0,0.0,0,0.0,0.813,4.0,4.0,1.0,0.0,0.0,0.0,1.0,1.0,1.0,0.0,1.0,0.0,0.0,0.0,0.0,1,2,0.5,0.0,0.0,0.0,0.0,1.0,0.0,BKN,4.0,4.0,1.0,0.0,0.0,0.0,0.0,0.0,0.0,0.0,0.0,0.0,1.0,2.0,0.5,1.0,2.0,0.5,0.0,0.0,0.0,0.0,0.0,0.0,0.0,0.0,0.0,1,3,1.0,3.0,0.333,0.5,4.0,8.0,0.5,0.442,0.058,3.0,5.0,0.6,0.323,0.277,1.0,3.0,0.333,0.526,-0.193,0.0,1.0,0.0,0.651,-0.651,0.0,2.0,0.0,0.595,-0.595,4.0,6.0,0.667,0.337,0.33,7.0,3.0,4.0,3.0,0.0,4.0,9.0,0.0,0.0,0.0,0.0,0.0,1.0,3.0,4.0,4.0,2.0,0.25,0.75,1.0,0.5,0,0,0,0,0.0,0.0,0,0.0,0,0.0,0,0.0,0,0.0,9573,1.8,1.1,0.8,4.04,4.43,4.06,2019,20181218,False
1628417,Jaron Blossomgame,Jaron,1610612739,CLE,25.0,1,1,0,1.0,22.866666666666667,3,6,0.5,0,3,0.0,1,2,0.5,2,6,8,1,0,1,1,0,2,2,7,12,24.1,0,0,20.0,1,1,1,1,45,46,48,25,46,36,46,35,30,30,8,16,13,44,53,15,8,1,29,28,50,7,32,13,1,40,1,94.0,113.4,115.9,115.9,83.0,84.8,84.8,30.4,31.1,31.1,0.059,0.0,12.5,0.1,0.188,0.154,0.0,0.0,0.5,0.509,0.146,0.141,96.48,94.46,78.72,94.46,0.134,44,3.0,6.0,24,22,22,8,8,8,9,8,8,55,47,44,9,23,9,1,1,35,45,54,59,72,72,72,20,46,48,21,10,0.0,1,1,3,2,0.048,0.095,1,0,0,0.0,0,0,0.0,0,0.0,0,0.0,1,1.0,0,0.0,0,0.0,7,28,11,0.6,1.33,0.5,0.25,1,0,1,0.0,0.0,2.0,0.0,2.0,0.0,3.0,0.667,0.0,0.667,9.8,3.0,3.0,0.5,8.0,0.75,1.0,0.857,4.8,3.0,5.0,0.375,11.0,0.727,1.0,0.8,6.1,,,,,,,,,,,,,,,0.333,2.0,2.0,1.0,1.0,0.333,2.0,2.0,1.0,0.0,0.0,0.0,,0.167,1.0,1.0,1.0,1.0,0.167,1.0,1.0,1.0,0.0,0.0,0.0,,0.5,0.0,3.0,0.0,0.0,0.0,0.0,0.0,,0.5,0.0,3.0,0.0,1,1,1.0,2,0.0,0.0,,1.0,0,0.0,2,1.0,0,0.0,0,0.0,0.5,2.0,2.0,1.0,0.0,0.0,0.0,1.0,1.0,1.0,0.0,2.0,0.0,0.0,0.0,0.0,0,1,0.0,0.0,0.0,0.0,0.0,2.0,0.0,CLE,2.0,2.0,1.0,0.0,0.0,0.0,1.0,1.0,1.0,0.0,0.0,0.0,0.0,2.0,0.0,0.0,1.0,0.0,0.0,0.0,0.0,,,,0.0,0.0,0.0,0,3,0.0,3.0,0.0,0.0,4.0,9.0,0.444,0.481,-0.037,0.0,1.0,0.0,0.394,-0.394,4.0,8.0,0.5,0.509,-0.009,4.0,8.0,0.5,0.58,-0.08,4.0,8.0,0.5,0.545,-0.045,0.0,1.0,0.0,0.39,-0.39,5.0,4.0,1.0,3.0,0.0,0.0,0.0,0.0,0.0,0.0,0.0,0.0,1.0,3.0,4.0,2.0,1.0,0.25,0.75,0.667,0.333,0,0,0,0,0.0,0.0,0,0.0,0,0.0,0,0.0,0,0.0,9228,1.7,0.9,0.8,4.21,4.51,3.93,2019,20181218,False
1628386,Jarrett Allen,Jarrett,1610612751,BKN,21.0,1,1,0,1.0,20.451666666666668,3,7,0.429,0,1,0.0,0,1,0.0,0,8,8,1,2,2,2,0,3,3,6,-2,27.1,0,0,23.0,1,1,1,1,53,46,42,38,46,55,46,44,45,44,40,8,13,44,16,4,2,1,55,16,53,45,24,13,1,32,1,105.0,94.7,100.0,100.0,104.9,106.5,106.5,-10.2,-6.5,-6.5,0.067,0.5,10.0,0.0,0.348,0.17,20.0,19.2,0.429,0.403,0.18,0.19,113.08,109.14,90.95,109.14,0.089,47,3.0,7.0,62,54,54,34,37,37,57,51,51,53,42,55,40,4,7,72,72,54,62,40,38,3,12,12,39,46,42,29,22,0.0,0,3,3,1,0.034,0.034,0,0,0,0.0,0,0,0.0,0,0.0,0,0.0,0,0.0,0,0.0,0,0.0,6,38,22,0.6,0.95,0.16,0.158,5,0,8,0.8,0.0,0.75,0.0,0.0,0.0,3.0,0.0,0.0,0.0,0.0,0.0,8.0,0.0,10.0,0.8,0.0,0.8,5.5,0.0,8.0,0.0,12.0,0.667,0.0,0.667,5.5,,,,,,,,,,,,,,,0.857,3.0,6.0,0.5,0.5,0.857,3.0,6.0,0.5,0.0,0.0,0.0,,,,,,,,,,,,,,,0.143,0.0,1.0,0.0,0.0,0.0,0.0,0.0,,0.143,0.0,1.0,0.0,0,0,,0,0.0,0.0,,,0,0.0,6,0.4,0,0.0,4,0.667,0.429,2.0,4.0,0.5,1.0,2.0,0.5,0.0,0.0,0.0,0.0,1.0,0.0,0.0,0.0,0.0,0,0,0.0,0.0,0.0,0.0,0.0,1.0,0.0,BKN,3.0,6.0,0.5,0.0,0.0,0.0,0.0,0.0,0.0,0.0,0.0,0.0,0.0,1.0,0.0,0.0,0.0,0.0,,,,,,,0.0,0.0,0.0,0,1,0.0,1.0,0.0,0.0,7.0,11.0,0.636,0.485,0.151,0.0,1.0,0.0,0.303,-0.303,7.0,10.0,0.7,0.556,0.144,4.0,4.0,1.0,0.645,0.356,5.0,5.0,1.0,0.609,0.391,1.0,3.0,0.333,0.32,0.014,12.0,12.0,0.0,2.0,0.0,4.0,10.0,0.0,0.0,0.0,0.0,0.0,0.0,4.0,4.0,2.0,1.0,0.0,1.0,1.0,0.5,0,0,0,0,0.0,0.0,0,0.0,0,0.0,0,0.0,0,0.0,9009,1.7,1.0,0.8,4.74,5.52,4.51,2019,20181218,False
201145,Jeff Green,Jeff,1610612764,WAS,32.0,1,0,1,0.0,37.766666666666666,4,11,0.364,2,8,0.25,2,2,1.0,0,7,7,2,2,1,0,1,2,2,12,1,24.4,0,0,25.0,1,41,41,41,9,34,28,51,13,6,37,24,30,1,40,12,18,31,16,15,24,57,29,28,34,34,31,13,1,27,1,105.0,104.0,104.8,104.8,103.2,104.9,104.9,0.8,-0.1,-0.1,0.077,1.0,12.5,0.0,0.194,0.092,12.5,12.6,0.455,0.505,0.151,0.155,106.13,104.85,87.38,104.85,0.085,83,4.0,11.0,45,45,45,29,33,33,40,38,38,50,29,44,40,19,32,56,57,51,46,50,51,26,36,36,43,34,28,43,35,1.0,0,4,8,3,0.047,0.07,3,0,1,0.0,0,0,0.0,0,0.0,2,0.667,0,0.0,0,0.0,0,0.0,12,58,31,1.2,1.29,0.36,0.207,1,2,1,2.0,0.0,2.0,0.0,0.0,0.0,3.0,0.0,0.0,0.0,0.0,2.0,5.0,0.286,12.0,0.583,0.0,0.583,8.6,2.0,5.0,0.286,14.0,0.5,0.0,0.5,8.6,,,,,,,,,,,,,,,0.2,1.0,2.0,0.5,0.5,0.2,1.0,2.0,0.5,0.0,0.0,0.0,,0.3,2.0,3.0,0.667,0.833,0.1,1.0,1.0,1.0,0.2,1.0,2.0,0.5,0.5,1.0,5.0,0.2,0.3,0.0,0.0,0.0,,0.5,1.0,5.0,0.2,0,1,0.0,0,0.0,0.0,,0.0,6,0.286,2,1.0,0,0.0,2,1.0,0.455,2.0,2.0,1.0,0.0,0.0,0.0,0.0,1.0,0.0,1.0,2.0,0.5,1.0,3.0,0.333,0,3,0.0,0.0,0.0,0.0,2.0,5.0,0.4,WAS,2.0,2.0,1.0,0.0,0.0,0.0,0.0,0.0,0.0,0.0,1.0,0.0,2.0,5.0,0.4,0.0,2.0,0.0,0.0,1.0,0.0,0.0,0.0,0.0,0.0,0.0,0.0,2,7,2.0,7.0,0.286,0.429,4.0,13.0,0.308,0.43,-0.122,2.0,7.0,0.286,0.369,-0.083,2.0,6.0,0.333,0.505,-0.171,2.0,5.0,0.4,0.569,-0.169,2.0,5.0,0.4,0.536,-0.136,2.0,7.0,0.286,0.37,-0.084,9.0,5.0,4.0,3.0,0.0,2.0,4.0,0.0,0.0,0.0,0.0,0.0,0.0,3.0,3.0,2.0,1.0,0.0,1.0,1.0,0.5,0,0,0,0,0.0,0.0,0,0.0,1,0.5,1,0.5,0,0.0,13888,2.6,1.3,1.3,3.83,4.07,3.6,2019,20181218,False
202391,Jeremy Lin,Jeremy,1610612761,TOR,30.0,1,1,0,1.0,23.566666666666666,6,12,0.5,0,3,0.0,4,4,1.0,0,3,3,4,2,0,0,0,4,6,16,1,23.6,0,0,23.0,1,1,1,1,44,14,21,25,46,36,46,12,15,1,40,32,44,11,16,39,24,1,65,7,18,34,34,13,1,32,1,,109.2,111.3,111.3,112.7,111.5,111.5,-3.5,-0.2,-0.2,0.267,2.0,20.0,0.0,0.143,0.07,10.0,10.1,0.5,0.581,0.262,0.262,107.46,106.93,89.11,106.93,0.132,53,6.0,12.0,33,30,30,52,49,49,46,39,39,15,16,27,40,29,41,45,46,35,30,10,11,17,19,19,23,14,21,42,61,0.0,1,4,9,5,0.095,0.119,11,5,7,0.714,0,0,0.0,10,0.909,1,0.091,1,0.091,1,0.091,0,0.0,16,65,32,4.6,4.2,3.8,0.246,0,1,0,0.0,0.0,0.0,0.0,0.0,0.0,0.0,0.0,0.0,0.0,0.0,1.0,2.0,0.333,4.0,0.75,0.0,0.75,10.5,1.0,2.0,0.333,4.0,0.75,0.0,0.75,10.5,1.0,0.083,1.0,1.0,1.0,1.0,0.083,1.0,1.0,1.0,0.0,0.0,0.0,,0.333,3.0,4.0,0.75,0.75,0.333,3.0,4.0,0.75,0.0,0.0,0.0,,0.333,2.0,4.0,0.5,0.5,0.333,2.0,4.0,0.5,0.0,0.0,0.0,,0.25,0.0,3.0,0.0,0.0,0.0,0.0,0.0,,0.25,0.0,3.0,0.0,1,4,0.25,2,0.0,1.0,0.0,0.25,0,0.0,0,0.0,0,0.0,0,0.0,0.5,5.0,5.0,1.0,0.0,2.0,0.0,1.0,2.0,0.5,0.0,0.0,0.0,0.0,1.0,0.0,0,2,0.0,0.0,0.0,0.0,0.0,1.0,0.0,TOR,5.0,5.0,1.0,0.0,1.0,0.0,0.0,1.0,0.0,1.0,2.0,0.5,0.0,2.0,0.0,0.0,1.0,0.0,0.0,0.0,0.0,0.0,0.0,0.0,0.0,0.0,0.0,0,2,0.0,2.0,0.0,0.0,4.0,12.0,0.333,0.455,-0.122,2.0,8.0,0.25,0.314,-0.064,2.0,4.0,0.5,0.539,-0.039,2.0,2.0,1.0,0.62,0.38,2.0,3.0,0.667,0.625,0.042,2.0,9.0,0.222,0.342,-0.12,11.0,3.0,8.0,1.0,1.0,0.0,0.0,1.0,2.0,3.0,0.333,0.667,0.0,1.0,1.0,0.0,0.0,0.0,1.0,0.0,0.0,0,0,0,0,0.0,0.0,0,0.0,0,0.0,0,0.0,0,0.0,10623,2.0,1.1,0.9,4.62,4.8,4.41,2019,20181218,False
203925,Joe Harris,Joe,1610612751,BKN,27.0,1,1,0,1.0,37.86666666666667,7,13,0.538,3,4,0.75,2,2,1.0,1,3,4,2,0,1,0,1,3,1,19,6,29.8,0,0,30.0,1,1,1,1,8,9,18,23,6,21,5,24,30,1,20,32,34,31,53,15,24,57,55,38,11,25,21,13,1,18,1,105.0,112.6,115.9,115.9,107.9,109.9,109.9,4.7,6.0,6.0,0.071,0.0,12.5,0.028,0.077,0.053,0.0,0.0,0.654,0.684,0.161,0.161,105.74,103.31,86.09,103.31,0.1,82,7.0,13.0,26,23,23,44,47,47,31,29,29,51,47,44,34,53,54,1,1,19,17,45,46,30,44,44,34,9,18,40,37,0.0,0,3,4,2,0.05,0.05,7,1,5,0.2,0,0,0.0,2,0.286,2,0.286,0,0.0,0,0.0,0,0.0,19,54,43,1.4,1.5,0.65,0.352,1,0,3,2.0,0.0,0.667,0.0,1.0,0.0,6.0,0.167,0.0,0.167,2.3,2.0,1.0,0.667,5.0,0.6,1.0,0.75,7.7,2.0,2.0,0.5,11.0,0.364,1.0,0.4,6.4,1.0,0.308,3.0,4.0,0.75,0.75,0.308,3.0,4.0,0.75,0.0,0.0,0.0,,0.308,0.0,4.0,0.0,0.0,0.308,0.0,4.0,0.0,0.0,0.0,0.0,,0.077,1.0,1.0,1.0,1.0,0.077,1.0,1.0,1.0,0.0,0.0,0.0,,0.308,3.0,4.0,0.75,1.125,0.0,0.0,0.0,,0.308,3.0,4.0,0.75,0,0,,0,0.0,0.0,,,11,0.8,2,0.5,0,0.0,2,1.0,0.654,2.0,7.0,0.286,1.0,1.0,1.0,1.0,1.0,1.0,0.0,0.0,0.0,0.0,0.0,0.0,3,4,0.75,0.0,0.0,0.0,0.0,0.0,0.0,BKN,3.0,8.0,0.375,0.0,0.0,0.0,0.0,0.0,0.0,1.0,1.0,1.0,1.0,1.0,1.0,2.0,3.0,0.667,0.0,0.0,0.0,0.0,0.0,0.0,0.0,0.0,0.0,4,5,3.0,4.0,0.75,1.1,3.0,7.0,0.429,0.435,-0.006,1.0,4.0,0.25,0.327,-0.077,2.0,3.0,0.667,0.522,0.145,2.0,2.0,1.0,0.655,0.345,2.0,2.0,1.0,0.615,0.385,1.0,4.0,0.25,0.333,-0.083,6.0,3.0,3.0,2.0,0.0,1.0,3.0,0.0,1.0,1.0,0.0,1.0,0.0,0.0,0.0,0.0,0.0,0.0,0.0,0.0,0.0,0,0,0,0,0.0,0.0,0,0.0,0,0.0,0,0.0,0,0.0,16120,3.1,1.8,1.2,4.59,5.0,3.8,2019,20181218,False
1628381,John Collins,John,1610612737,ATL,21.0,1,1,0,1.0,25.188333333333333,7,14,0.5,1,2,0.5,5,6,0.833,6,7,13,3,3,0,0,1,4,4,20,7,37.1,1,0,37.0,1,1,1,1,38,9,14,25,26,47,10,7,10,15,2,12,3,21,8,39,24,57,65,13,10,20,13,1,1,12,1,104.0,111.2,117.3,117.3,98.1,96.4,96.4,13.1,20.9,20.9,0.188,1.0,13.6,0.24,0.233,0.236,13.6,13.3,0.536,0.601,0.311,0.318,104.7,102.9,85.75,102.9,0.191,52,7.0,14.0,31,20,20,21,20,20,22,16,16,22,29,41,1,13,4,64,63,32,26,5,4,38,47,47,8,9,14,59,40,0.0,0,2,7,3,0.051,0.051,2,0,2,0.0,0,0,0.0,0,0.0,0,0.0,0,0.0,0,0.0,0,0.0,20,81,50,2.0,1.5,0.41,0.247,4,1,15,0.0,0.0,1.0,4.0,2.0,0.667,11.0,0.545,0.0,0.545,7.6,1.0,6.0,0.143,9.0,0.778,0.0,0.778,5.1,5.0,8.0,0.385,18.0,0.722,0.0,0.722,6.3,1.0,0.286,3.0,4.0,0.75,0.75,0.286,3.0,4.0,0.75,0.0,0.0,0.0,,0.357,1.0,5.0,0.2,0.2,0.357,1.0,5.0,0.2,0.0,0.0,0.0,,0.214,2.0,3.0,0.667,0.667,0.214,2.0,3.0,0.667,0.0,0.0,0.0,,0.143,1.0,2.0,0.5,0.75,0.0,0.0,0.0,,0.143,1.0,2.0,0.5,0,1,0.0,0,0.0,0.0,,0.0,3,0.333,15,0.75,0,0.0,0,0.0,0.536,5.0,8.0,0.625,1.0,3.0,0.333,0.0,1.0,0.0,0.0,0.0,0.0,0.0,0.0,0.0,1,2,0.5,0.0,0.0,0.0,0.0,0.0,0.0,ATL,6.0,9.0,0.667,0.0,1.0,0.0,0.0,1.0,0.0,0.0,1.0,0.0,0.0,0.0,0.0,1.0,2.0,0.5,0.0,0.0,0.0,0.0,0.0,0.0,0.0,0.0,0.0,1,3,1.0,2.0,0.5,0.5,4.0,10.0,0.4,0.464,-0.064,2.0,4.0,0.5,0.342,0.158,2.0,6.0,0.333,0.534,-0.2,2.0,5.0,0.4,0.637,-0.237,2.0,5.0,0.4,0.592,-0.192,2.0,4.0,0.5,0.348,0.152,5.0,2.0,3.0,1.0,0.0,3.0,6.0,1.0,0.0,1.0,1.0,0.0,4.0,1.0,5.0,3.0,2.0,0.8,0.2,0.75,0.5,0,0,0,0,0.0,0.0,0,0.0,1,1.0,0,0.0,0,0.0,10319,2.0,1.1,0.9,4.43,4.7,4.15,2019,20181218,False
202322,John Wall,John,1610612764,WAS,28.0,1,0,1,0.0,26.066666666666666,6,18,0.333,3,11,0.273,0,0,0.0,0,0,0,6,3,0,0,1,5,2,15,-12,21.0,0,0,24.0,1,41,41,41,37,14,5,55,6,1,36,44,47,44,40,65,69,5,8,39,24,57,73,28,21,73,41,13,1,30,1,105.0,94.5,98.2,98.2,111.6,120.0,120.0,-17.1,-21.8,-21.8,0.5,2.0,22.2,0.0,0.0,0.0,11.1,11.1,0.417,0.417,0.339,0.343,107.1,101.28,84.4,101.28,0.011,55,6.0,18.0,63,62,62,50,66,66,63,66,66,2,16,23,40,65,69,50,50,56,58,2,2,19,56,56,65,14,5,45,62,0.0,2,12,14,8,0.133,0.178,15,1,2,0.5,0,0,0.0,2,0.133,9,0.6,1,0.067,3,0.2,0,0.0,15,69,30,5.2,4.49,3.84,0.217,0,0,0,0.0,0.0,0.0,,,,,,,,,,,,,,,,,,,,,,,,,,,,,,,,,,,,,,,0.278,2.0,5.0,0.4,0.4,0.222,2.0,4.0,0.5,0.056,0.0,1.0,0.0,0.333,1.0,6.0,0.167,0.167,0.167,1.0,3.0,0.333,0.167,0.0,3.0,0.0,0.389,3.0,7.0,0.429,0.643,0.0,0.0,0.0,,0.389,3.0,7.0,0.429,2,7,0.286,4,0.0,2.0,0.0,0.286,9,0.333,0,0.0,0,0.0,0,0.0,0.417,1.0,2.0,0.5,0.0,0.0,0.0,2.0,5.0,0.4,0.0,1.0,0.0,1.0,1.0,1.0,2,9,0.222,0.0,0.0,0.0,1.0,2.0,0.5,WAS,1.0,2.0,0.5,0.0,0.0,0.0,0.0,0.0,0.0,2.0,5.0,0.4,2.0,6.0,0.333,1.0,5.0,0.2,0.0,0.0,0.0,0.0,0.0,0.0,0.0,0.0,0.0,3,9,3.0,9.0,0.333,0.5,7.0,12.0,0.583,0.459,0.125,2.0,4.0,0.5,0.344,0.156,5.0,8.0,0.625,0.533,0.092,5.0,5.0,1.0,0.634,0.366,5.0,5.0,1.0,0.591,0.409,2.0,6.0,0.333,0.34,-0.007,2.0,1.0,1.0,2.0,0.0,0.0,0.0,0.0,0.0,0.0,0.0,0.0,0.0,1.0,1.0,1.0,0.0,0.0,1.0,1.0,0.0,0,0,0,0,0.0,0.0,0,0.0,0,0.0,0,0.0,0,0.0,8931,1.7,0.9,0.8,3.58,3.99,3.21,2019,20181218,False
1628404,Josh Hart,Josh,1610612747,LAL,24.0,1,0,1,0.0,34.35666666666667,2,10,0.2,1,5,0.2,1,2,0.5,2,3,5,1,0,1,0,1,0,1,6,-5,16.5,0,0,15.0,1,41,41,41,17,53,32,67,26,17,42,35,30,30,8,32,28,44,53,15,24,57,1,38,53,53,51,13,1,51,1,106.0,98.9,98.7,98.7,106.2,105.3,105.3,-7.3,-6.7,-6.7,0.036,0.0,8.3,0.051,0.086,0.068,0.0,0.0,0.25,0.276,0.131,0.133,104.25,104.78,87.32,104.78,0.022,75,2.0,10.0,58,61,61,38,34,34,49,52,52,62,47,57,21,50,42,1,1,66,68,63,64,40,37,37,64,53,32,28,22,1.0,1,3,4,3,0.036,0.107,0,0,0,0.0,0,0,0.0,0,0.0,0,0.0,0,0.0,0,0.0,0,0.0,6,40,22,1.1,1.64,0.63,0.15,1,0,2,0.0,0.0,1.5,2.0,0.0,1.0,3.0,0.667,0.0,0.667,2.1,1.0,2.0,0.333,4.0,0.75,0.0,0.75,4.9,3.0,2.0,0.6,7.0,0.714,0.0,0.714,3.8,,,,,,,,,,,,,,,0.2,1.0,2.0,0.5,0.5,0.2,1.0,2.0,0.5,0.0,0.0,0.0,,0.5,0.0,5.0,0.0,0.0,0.2,0.0,2.0,0.0,0.3,0.0,3.0,0.0,0.3,1.0,3.0,0.333,0.5,0.1,0.0,1.0,0.0,0.2,1.0,2.0,0.5,0,2,0.0,0,0.0,0.0,,0.0,3,0.167,3,1.0,0,0.0,0,0.0,0.25,1.0,3.0,0.333,0.0,1.0,0.0,0.0,1.0,0.0,0.0,1.0,0.0,0.0,0.0,0.0,1,4,0.25,0.0,0.0,0.0,0.0,1.0,0.0,LAL,1.0,3.0,0.333,0.0,1.0,0.0,0.0,1.0,0.0,0.0,0.0,0.0,0.0,3.0,0.0,1.0,2.0,0.5,0.0,0.0,0.0,0.0,0.0,0.0,0.0,0.0,0.0,1,6,1.0,5.0,0.2,0.25,7.0,12.0,0.583,0.437,0.146,2.0,4.0,0.5,0.375,0.125,5.0,8.0,0.625,0.505,0.12,3.0,5.0,0.6,0.562,0.038,3.0,5.0,0.6,0.529,0.071,3.0,6.0,0.5,0.393,0.107,11.0,7.0,4.0,1.0,0.0,1.0,2.0,1.0,1.0,2.0,0.5,0.5,0.0,0.0,0.0,0.0,0.0,0.0,0.0,0.0,0.0,0,0,0,0,0.0,0.0,0,0.0,0,0.0,0,0.0,0,0.0,14402,2.7,1.3,1.4,4.39,4.48,4.3,2019,20181218,False
1627823,Juancho Hernangomez,Juancho,1610612743,DEN,23.0,1,1,0,1.0,30.466666666666665,3,8,0.375,1,4,0.25,5,6,0.833,3,3,6,0,0,0,1,0,2,5,12,9,22.2,0,0,21.0,1,1,1,1,29,46,38,50,26,21,37,7,10,15,6,32,21,63,53,39,8,1,29,10,34,14,36,13,1,38,1,101.0,128.0,129.7,129.7,117.8,113.8,113.8,10.2,15.8,15.8,0.0,0.0,0.0,0.125,0.107,0.115,0.0,0.0,0.438,0.564,0.139,0.146,100.55,101.62,84.68,101.62,0.064,64,3.0,8.0,10,7,7,63,53,53,25,19,19,63,47,63,5,42,21,1,1,52,35,60,56,53,54,54,51,46,38,17,14,0.0,0,1,0,0,0.0,0.0,3,1,3,0.333,0,0,0.0,2,0.667,0,0.0,0,0.0,0,0.0,0,0.0,12,28,18,0.8,1.74,0.71,0.429,0,0,2,0.0,0.0,2.5,0.0,3.0,0.0,3.0,1.0,0.0,1.0,5.3,0.0,3.0,0.0,5.0,0.6,0.0,0.6,5.6,0.0,6.0,0.0,8.0,0.75,0.0,0.75,5.5,,,,,,,,,,,,,,,0.5,2.0,4.0,0.5,0.5,0.375,2.0,3.0,0.667,0.125,0.0,1.0,0.0,0.25,0.0,2.0,0.0,0.0,0.125,0.0,1.0,0.0,0.125,0.0,1.0,0.0,0.25,1.0,2.0,0.5,0.75,0.0,0.0,0.0,,0.25,1.0,2.0,0.5,0,0,,0,0.0,0.0,,,3,0.25,5,1.0,0,0.0,0,0.0,0.438,2.0,3.0,0.667,0.0,1.0,0.0,0.0,0.0,0.0,1.0,1.0,1.0,0.0,0.0,0.0,0,3,0.0,0.0,0.0,0.0,1.0,1.0,1.0,DEN,2.0,3.0,0.667,0.0,1.0,0.0,0.0,0.0,0.0,0.0,0.0,0.0,1.0,3.0,0.333,0.0,1.0,0.0,,,,0.0,0.0,0.0,0.0,0.0,0.0,1,4,1.0,4.0,0.25,0.375,7.0,10.0,0.7,0.431,0.269,4.0,4.0,1.0,0.376,0.624,3.0,6.0,0.5,0.481,0.019,3.0,5.0,0.6,0.586,0.014,3.0,6.0,0.5,0.529,-0.029,4.0,4.0,1.0,0.373,0.627,9.0,6.0,3.0,2.0,0.0,1.0,2.0,0.0,1.0,1.0,0.0,1.0,0.0,0.0,0.0,0.0,0.0,0.0,0.0,0.0,0.0,0,0,0,0,0.0,0.0,0,0.0,0,0.0,0,0.0,0,0.0,12596,2.4,1.2,1.2,4.43,4.37,4.48,2019,20181218,False
1626147,Justin Anderson,Justin,1610612737,ATL,25.0,1,1,0,1.0,1.8333333333333333,0,0,0.0,0,0,0.0,0,0,0.0,0,0,0,0,0,0,0,0,2,0,0,7,0.0,0,0,0.0,1,1,1,1,78,72,78,72,46,66,46,44,47,44,40,65,69,63,53,39,24,1,29,60,73,20,77,13,1,77,1,104.0,204.9,200.0,200.0,82.4,75.0,75.0,122.5,125.0,125.0,0.0,0.0,0.0,0.0,0.0,0.0,0.0,0.0,0.0,0.0,0.0,0.0,111.53,117.82,98.18,117.82,-0.25,5,0.0,0.0,2,1,1,7,6,6,2,1,1,63,47,63,40,65,69,1,1,72,73,78,78,4,3,3,79,72,78,3,0,0.0,0,0,0,0,0.0,0.0,0,0,0,0.0,0,0,0.0,0,0.0,0,0.0,0,0.0,0,0.0,0,0.0,0,3,0,0.1,1.77,0.0,0.0,0,0,0,0.0,0.0,0.0,,,,,,,,,,,,,,,,,,,,,,,,,,,,,,,,,,,,,,,,,,,,,,,,,,,,,,,,,,,,,,,,,,,,,,,,,,,,,,0,0,,0,,,,,0,0.0,0,0.0,0,0.0,0,0.0,0.0,0.0,0.0,0.0,0.0,0.0,0.0,0.0,0.0,0.0,,,,,,,0,0,0.0,,,,,,,ATL,0.0,0.0,0.0,0.0,0.0,0.0,0.0,0.0,0.0,,,,,,,0.0,0.0,0.0,0.0,0.0,0.0,,,,,,,0,0,,,,,0.0,1.0,0.0,0.418,-0.418,,,,,,0.0,1.0,0.0,0.479,-0.479,,,,,,,,,,,0.0,1.0,0.0,0.333,-0.333,1.0,1.0,0.0,0.0,0.0,0.0,0.0,0.0,0.0,0.0,0.0,0.0,0.0,2.0,2.0,0.0,0.0,0.0,1.0,0.0,0.0,0,0,0,0,0.0,0.0,0,0.0,0,0.0,0,0.0,0,0.0,817,0.2,0.1,0.1,5.71,5.25,6.28,2019,20181218,False
203145,Kent Bazemore,Kent,1610612737,ATL,29.0,1,1,0,1.0,30.816666666666666,4,10,0.4,2,6,0.333,3,4,0.75,1,3,4,4,1,0,2,0,4,3,13,14,28.8,0,0,27.0,1,1,1,1,27,34,32,47,13,12,26,17,15,20,20,32,34,11,27,39,2,1,65,16,27,6,22,13,1,25,1,104.0,116.0,117.9,117.9,96.0,95.6,95.6,20.0,22.3,22.3,0.174,4.0,23.5,0.029,0.081,0.056,5.9,6.0,0.5,0.553,0.16,0.159,105.79,105.14,87.61,105.14,0.087,67,4.0,10.0,21,19,19,20,18,18,13,14,14,25,4,21,31,52,49,34,34,35,36,46,48,29,33,33,42,34,32,20,25,0.0,1,8,11,5,0.2,0.25,3,1,2,0.5,2,2,1.0,4,1.333,0,0.0,0,0.0,0,0.0,1,0.333,13,34,24,1.3,2.3,1.74,0.382,0,0,1,0.0,0.0,0.0,1.0,0.0,1.0,1.0,1.0,0.0,1.0,6.3,2.0,1.0,0.667,5.0,0.6,0.0,0.6,7.4,3.0,1.0,0.75,6.0,0.667,0.0,0.667,7.2,,,,,,,,,,,,,,,0.2,1.0,2.0,0.5,0.5,0.2,1.0,2.0,0.5,0.0,0.0,0.0,,0.3,1.0,3.0,0.333,0.333,0.2,1.0,2.0,0.5,0.1,0.0,1.0,0.0,0.5,2.0,5.0,0.4,0.6,0.0,0.0,0.0,,0.5,2.0,5.0,0.4,0,1,0.0,0,0.0,1.0,0.0,0.0,6,0.4,0,0.0,0,0.0,0,0.0,0.5,2.0,4.0,0.5,0.0,0.0,0.0,0.0,0.0,0.0,2.0,3.0,0.667,0.0,0.0,0.0,0,3,0.0,0.0,0.0,0.0,2.0,3.0,0.667,ATL,2.0,4.0,0.5,0.0,0.0,0.0,0.0,0.0,0.0,0.0,0.0,0.0,2.0,3.0,0.667,0.0,3.0,0.0,0.0,0.0,0.0,0.0,0.0,0.0,0.0,0.0,0.0,2,5,2.0,5.0,0.4,0.6,5.0,9.0,0.556,0.448,0.107,0.0,4.0,0.0,0.332,-0.332,5.0,5.0,1.0,0.534,0.466,3.0,3.0,1.0,0.613,0.387,4.0,4.0,1.0,0.591,0.409,0.0,4.0,0.0,0.349,-0.349,8.0,5.0,3.0,3.0,0.0,0.0,0.0,0.0,0.0,0.0,0.0,0.0,0.0,0.0,0.0,0.0,0.0,0.0,0.0,0.0,0.0,0,0,0,0,0.0,0.0,0,0.0,0,0.0,0,0.0,0,0.0,12551,2.4,1.2,1.2,4.33,4.33,4.34,2019,20181218,False
203484,Kentavious Caldwell-Pope,Kentavious,1610612747,LAL,26.0,1,0,1,0.0,37.5,3,7,0.429,0,4,0.0,0,0,0.0,1,4,5,2,1,1,0,0,3,1,6,1,17.0,0,0,15.0,1,41,41,41,11,46,42,38,46,21,46,44,47,44,20,25,28,31,27,15,24,1,55,38,53,34,49,13,1,51,1,106.0,104.8,103.6,103.6,103.8,103.7,103.7,1.1,0.0,0.0,0.069,2.0,20.0,0.026,0.105,0.066,10.0,10.0,0.429,0.429,0.089,0.092,104.93,105.6,88.0,105.6,0.039,83,3.0,7.0,42,49,49,32,28,28,39,37,37,52,16,27,35,43,43,45,45,54,56,72,73,35,29,29,60,46,42,32,25,1.0,0,6,8,3,0.063,0.094,1,0,0,0.0,0,0,0.0,0,0.0,1,1.0,0,0.0,0,0.0,0,0.0,6,40,19,1.2,1.77,1.0,0.15,0,0,2,0.0,0.0,1.0,0.0,1.0,0.0,2.0,0.5,0.0,0.5,5.6,1.0,3.0,0.25,7.0,0.571,1.0,0.667,7.9,1.0,4.0,0.2,9.0,0.556,1.0,0.625,7.5,,,,,,,,,,,,,,,0.286,2.0,2.0,1.0,1.0,0.286,2.0,2.0,1.0,0.0,0.0,0.0,,0.429,1.0,3.0,0.333,0.333,0.143,1.0,1.0,1.0,0.286,0.0,2.0,0.0,0.286,0.0,2.0,0.0,0.0,0.0,0.0,0.0,,0.286,0.0,2.0,0.0,1,2,0.5,2,0.0,1.0,0.0,0.5,0,0.0,2,1.0,0,0.0,0,0.0,0.429,2.0,2.0,1.0,0.0,0.0,0.0,1.0,1.0,1.0,0.0,1.0,0.0,0.0,0.0,0.0,0,3,0.0,0.0,0.0,0.0,0.0,1.0,0.0,LAL,2.0,2.0,1.0,0.0,0.0,0.0,0.0,0.0,0.0,1.0,1.0,1.0,0.0,1.0,0.0,0.0,3.0,0.0,0.0,0.0,0.0,0.0,0.0,0.0,0.0,0.0,0.0,0,3,0.0,3.0,0.0,0.0,5.0,13.0,0.385,0.43,-0.045,1.0,6.0,0.167,0.359,-0.192,4.0,7.0,0.571,0.484,0.088,3.0,4.0,0.75,0.514,0.237,3.0,5.0,0.6,0.498,0.102,1.0,6.0,0.167,0.363,-0.197,4.0,0.0,4.0,2.0,0.0,0.0,0.0,1.0,1.0,2.0,0.5,0.5,0.0,0.0,0.0,0.0,0.0,0.0,0.0,0.0,0.0,0,0,0,0,0.0,0.0,0,0.0,0,0.0,0,0.0,0,0.0,14985,2.8,1.4,1.4,4.08,4.32,3.87,2019,20181218,False
1628989,Kevin Huerter,Kevin,1610612737,ATL,20.0,1,1,0,1.0,35.166666666666664,4,12,0.333,3,8,0.375,2,2,1.0,0,4,4,2,2,1,0,0,2,1,13,9,21.8,0,0,24.0,1,1,1,1,13,34,21,55,6,6,24,24,30,1,40,25,34,31,16,15,24,1,29,38,27,14,38,13,1,30,1,104.0,111.9,111.7,111.7,100.6,100.0,100.0,11.3,11.7,11.7,0.087,1.0,11.8,0.0,0.098,0.06,11.8,11.8,0.458,0.505,0.179,0.18,104.72,105.1,87.58,105.1,0.064,77,4.0,12.0,29,29,29,25,24,24,24,23,23,49,29,50,40,48,47,54,54,49,47,41,42,37,34,34,52,34,21,33,40,0.0,1,5,4,3,0.061,0.091,4,0,1,0.0,2,2,1.0,2,0.5,1,0.25,1,0.25,0,0.0,1,0.25,13,48,40,2.1,2.67,2.08,0.271,0,1,0,0.0,0.0,0.0,0.0,0.0,0.0,1.0,0.0,0.0,0.0,0.0,0.0,4.0,0.0,7.0,0.571,0.0,0.571,10.5,0.0,4.0,0.0,7.0,0.571,0.0,0.571,10.5,,,,,,,,,,,,,,,0.25,1.0,3.0,0.333,0.333,0.25,1.0,3.0,0.333,0.0,0.0,0.0,,0.25,1.0,3.0,0.333,0.5,0.083,0.0,1.0,0.0,0.167,1.0,2.0,0.5,0.5,2.0,6.0,0.333,0.5,0.0,0.0,0.0,,0.5,2.0,6.0,0.333,0,3,0.0,0,0.0,3.0,0.0,0.0,9,0.6,0,0.0,0,0.0,0,0.0,0.458,1.0,4.0,0.25,0.0,0.0,0.0,0.0,0.0,0.0,1.0,2.0,0.5,0.0,0.0,0.0,2,6,0.333,0.0,0.0,0.0,1.0,2.0,0.5,ATL,1.0,4.0,0.25,0.0,0.0,0.0,0.0,0.0,0.0,0.0,0.0,0.0,1.0,2.0,0.5,2.0,6.0,0.333,0.0,0.0,0.0,0.0,0.0,0.0,0.0,0.0,0.0,3,5,3.0,5.0,0.6,0.9,7.0,13.0,0.538,0.432,0.106,5.0,9.0,0.556,0.353,0.203,2.0,4.0,0.5,0.516,-0.016,2.0,4.0,0.5,0.596,-0.096,2.0,4.0,0.5,0.563,-0.063,5.0,9.0,0.556,0.358,0.198,9.0,1.0,8.0,0.0,0.0,0.0,0.0,2.0,1.0,3.0,0.667,0.333,0.0,3.0,3.0,3.0,1.0,0.0,1.0,1.0,0.333,0,0,0,0,0.0,0.0,1,1.0,0,0.0,0,0.0,0,0.0,15140,2.9,1.6,1.3,4.59,4.87,4.28,2019,20181218,False
1628398,Kyle Kuzma,Kyle,1610612747,LAL,23.0,1,0,1,0.0,42.6,9,21,0.429,2,8,0.25,2,2,1.0,0,11,11,3,3,1,0,1,0,3,22,-1,39.7,1,0,40.0,1,41,41,41,1,6,3,38,13,6,37,24,30,1,40,2,6,21,8,15,24,57,1,16,7,42,10,1,1,11,1,106.0,107.2,106.3,106.3,105.9,108.5,108.5,1.3,-2.2,-2.2,0.1,1.0,10.7,0.0,0.25,0.125,10.7,10.8,0.476,0.503,0.24,0.246,107.38,106.48,88.73,106.48,0.121,95,9.0,21.0,35,39,39,36,45,45,38,42,42,44,29,54,40,10,17,49,49,44,48,17,19,18,21,21,25,6,3,32,39,0.0,0,6,7,3,0.094,0.094,11,4,8,0.5,0,0,0.0,8,0.727,1,0.091,0,0.0,1,0.091,0,0.0,22,60,32,2.5,2.5,1.68,0.367,2,2,2,1.0,0.0,2.0,0.0,0.0,0.0,4.0,0.0,0.0,0.0,0.0,4.0,7.0,0.364,13.0,0.846,0.0,0.846,5.5,4.0,7.0,0.364,16.0,0.688,0.0,0.688,5.5,1.0,0.048,0.0,1.0,0.0,0.0,0.048,0.0,1.0,0.0,0.0,0.0,0.0,,0.524,5.0,11.0,0.455,0.455,0.476,5.0,10.0,0.5,0.048,0.0,1.0,0.0,0.19,3.0,4.0,0.75,0.875,0.095,2.0,2.0,1.0,0.095,1.0,2.0,0.5,0.238,1.0,5.0,0.2,0.3,0.0,0.0,0.0,,0.238,1.0,5.0,0.2,2,3,0.667,4,0.0,1.0,0.0,0.667,6,0.25,4,1.0,0,0.0,2,1.0,0.476,2.0,5.0,0.4,3.0,5.0,0.6,2.0,3.0,0.667,0.0,2.0,0.0,0.0,2.0,0.0,2,4,0.5,0.0,0.0,0.0,0.0,4.0,0.0,LAL,3.0,6.0,0.5,2.0,5.0,0.4,2.0,2.0,1.0,0.0,0.0,0.0,1.0,5.0,0.2,1.0,2.0,0.5,0.0,1.0,0.0,0.0,0.0,0.0,0.0,0.0,0.0,2,8,2.0,7.0,0.286,0.375,6.0,13.0,0.462,0.434,0.028,2.0,4.0,0.5,0.34,0.161,4.0,9.0,0.444,0.492,-0.047,4.0,6.0,0.667,0.559,0.107,4.0,7.0,0.571,0.513,0.058,2.0,5.0,0.4,0.356,0.044,10.0,5.0,5.0,0.0,0.0,3.0,8.0,1.0,1.0,2.0,0.5,0.5,1.0,3.0,4.0,2.0,1.0,0.25,0.75,1.0,0.5,0,0,0,0,0.0,0.0,1,0.5,0,0.0,0,0.0,0,0.0,17818,3.4,1.7,1.7,4.45,4.78,4.17,2019,20181218,False
202362,Lance Stephenson,Lance,1610612747,LAL,28.0,1,0,1,0.0,11.878333333333334,3,7,0.429,2,4,0.5,0,0,0.0,0,3,3,0,1,0,0,1,2,1,8,-10,10.6,0,0,13.0,1,41,41,41,69,46,42,38,13,21,10,44,47,44,40,32,44,63,27,39,24,57,29,38,47,71,61,13,1,55,1,106.0,74.7,69.0,69.0,113.1,103.4,103.4,-38.4,-34.5,-34.5,0.0,0.0,0.0,0.0,0.214,0.107,12.5,12.5,0.571,0.571,0.258,0.288,107.65,117.19,97.66,117.19,0.118,29,3.0,7.0,79,79,79,53,27,27,75,75,75,63,47,63,40,15,24,56,56,27,32,11,7,16,4,4,26,46,42,9,12,0.0,0,2,0,0,0.0,0.0,1,0,1,0.0,0,0,0.0,0,0.0,0,0.0,0,0.0,0,0.0,0,0.0,8,20,9,1.2,3.47,2.6,0.4,1,1,0,0.0,3.0,0.0,0.0,0.0,0.0,2.0,0.0,0.0,0.0,0.0,1.0,2.0,0.333,3.0,1.0,0.0,1.0,11.9,1.0,2.0,0.333,5.0,0.6,0.0,0.6,11.9,1.0,0.143,0.0,1.0,0.0,0.0,0.143,0.0,1.0,0.0,0.0,0.0,0.0,,0.286,1.0,2.0,0.5,0.75,0.143,0.0,1.0,0.0,0.143,1.0,1.0,1.0,0.429,2.0,3.0,0.667,0.833,0.143,1.0,1.0,1.0,0.286,1.0,2.0,0.5,0.143,0.0,1.0,0.0,0.0,0.0,0.0,0.0,,0.143,0.0,1.0,0.0,2,4,0.5,5,1.0,3.0,0.333,0.625,3,1.0,0,0.0,3,1.0,0,0.0,0.571,0.0,2.0,0.0,0.0,0.0,0.0,1.0,1.0,1.0,0.0,0.0,0.0,1.0,1.0,1.0,1,3,0.333,0.0,0.0,0.0,1.0,1.0,1.0,LAL,0.0,2.0,0.0,0.0,0.0,0.0,0.0,0.0,0.0,0.0,0.0,0.0,2.0,2.0,1.0,1.0,3.0,0.333,0.0,0.0,0.0,,,,0.0,0.0,0.0,1,1,1.0,1.0,1.0,1.5,1.0,3.0,0.333,0.419,-0.085,1.0,3.0,0.333,0.347,-0.013,,,,,,,,,,,,,,,,1.0,3.0,0.333,0.353,-0.019,3.0,0.0,3.0,0.0,0.0,0.0,0.0,1.0,1.0,2.0,0.5,0.5,0.0,1.0,1.0,1.0,0.0,0.0,1.0,1.0,0.0,1,1,0,0,0.0,3.0,0,0.0,0,0.0,0,0.0,0,0.0,4659,0.9,0.5,0.4,4.03,4.55,3.52,2019,20181218,False
1626204,Larry Nance Jr.,Larry,1610612739,CLE,26.0,1,1,0,1.0,33.43333333333333,7,14,0.5,1,3,0.333,0,0,0.0,5,11,16,6,2,3,1,2,3,1,15,1,53.2,1,0,46.0,1,1,1,1,23,9,14,25,26,36,26,44,47,44,4,2,1,5,16,2,8,75,55,38,21,34,4,1,1,6,1,94.0,90.2,92.4,92.4,88.0,88.2,88.2,2.2,4.2,4.2,0.316,3.0,27.3,0.122,0.282,0.2,9.1,9.1,0.536,0.536,0.205,0.203,97.48,96.19,80.16,96.19,0.235,66,7.0,14.0,68,66,66,11,11,11,35,32,32,11,9,18,6,7,5,41,42,32,40,28,30,67,67,67,2,9,14,56,44,1.0,0,12,16,7,0.107,0.125,7,2,5,0.4,0,0,0.0,4,0.571,2,0.286,0,0.0,0,0.0,0,0.0,15,73,46,3.9,3.24,2.19,0.205,13,7,9,0.0,0.0,0.889,4.0,1.0,0.8,11.0,0.455,0.0,0.455,3.7,0.0,11.0,0.0,13.0,0.846,0.0,0.846,4.1,4.0,12.0,0.25,22.0,0.727,0.0,0.727,4.0,1.0,0.5,4.0,7.0,0.571,0.571,0.5,4.0,7.0,0.571,0.0,0.0,0.0,,0.214,1.0,3.0,0.333,0.333,0.143,1.0,2.0,0.5,0.071,0.0,1.0,0.0,0.071,1.0,1.0,1.0,1.0,0.071,1.0,1.0,1.0,0.0,0.0,0.0,,0.214,1.0,3.0,0.333,0.5,0.071,0.0,1.0,0.0,0.143,1.0,2.0,0.5,0,1,0.0,0,0.0,1.0,0.0,0.0,3,0.333,8,0.667,0,0.0,0,0.0,0.536,6.0,8.0,0.75,0.0,2.0,0.0,0.0,1.0,0.0,0.0,0.0,0.0,0.0,0.0,0.0,1,3,0.333,0.0,0.0,0.0,0.0,0.0,0.0,CLE,6.0,8.0,0.75,0.0,1.0,0.0,0.0,1.0,0.0,0.0,1.0,0.0,0.0,0.0,0.0,1.0,3.0,0.333,0.0,0.0,0.0,0.0,0.0,0.0,0.0,0.0,0.0,1,3,1.0,2.0,0.5,0.5,8.0,16.0,0.5,0.489,0.011,0.0,1.0,0.0,0.343,-0.343,8.0,15.0,0.533,0.528,0.006,4.0,7.0,0.571,0.644,-0.072,5.0,8.0,0.625,0.599,0.026,3.0,8.0,0.375,0.394,-0.019,16.0,15.0,1.0,3.0,0.0,1.0,2.0,1.0,3.0,4.0,0.25,0.75,0.0,7.0,7.0,6.0,3.0,0.0,1.0,1.0,0.5,0,0,0,0,0.0,0.0,5,0.714,2,0.286,0,0.0,0,0.0,12414,2.4,1.4,1.0,4.07,4.38,3.7,2019,20181218,False
2544,LeBron James,LeBron,1610612747,LAL,34.0,1,0,1,0.0,41.2,13,23,0.565,2,7,0.286,8,13,0.615,1,12,13,8,5,1,1,1,1,9,36,4,64.6,1,0,63.0,1,41,41,41,2,1,2,19,13,10,35,3,1,28,20,1,3,4,1,15,8,57,15,1,1,26,1,1,1,1,1,106.0,112.8,111.7,111.7,106.9,109.8,109.8,5.9,1.9,1.9,0.296,1.6,19.0,0.024,0.279,0.153,11.9,12.0,0.609,0.627,0.33,0.337,109.28,108.35,90.29,108.35,0.2,94,13.0,23.0,25,28,28,42,46,46,27,34,34,14,27,32,37,8,10,55,55,23,24,3,3,9,16,16,5,1,2,70,83,1.0,1,20,19,10,0.114,0.143,20,4,7,0.571,3,6,0.5,11,0.55,7,0.35,0,0.0,3,0.15,3,0.15,36,106,37,9.0,5.12,3.78,0.34,3,5,2,1.333,0.0,2.0,1.0,0.0,1.0,7.0,0.143,2.0,0.2,1.1,1.0,11.0,0.083,17.0,0.706,2.0,0.8,5.5,2.0,11.0,0.154,22.0,0.591,4.0,0.722,5.1,1.0,0.261,4.0,6.0,0.667,0.667,0.261,4.0,6.0,0.667,0.0,0.0,0.0,,0.435,6.0,10.0,0.6,0.65,0.348,5.0,8.0,0.625,0.087,1.0,2.0,0.5,0.261,3.0,6.0,0.5,0.583,0.087,2.0,2.0,1.0,0.174,1.0,4.0,0.25,0.043,0.0,1.0,0.0,0.0,0.0,0.0,0.0,,0.043,0.0,1.0,0.0,1,6,0.167,3,1.0,6.0,0.167,0.25,3,1.0,4,1.0,0,0.0,4,0.5,0.609,9.0,13.0,0.692,2.0,3.0,0.667,0.0,0.0,0.0,1.0,1.0,1.0,0.0,0.0,0.0,1,6,0.167,0.0,0.0,0.0,1.0,1.0,1.0,LAL,9.0,14.0,0.643,1.0,1.0,1.0,1.0,1.0,1.0,0.0,0.0,0.0,1.0,1.0,1.0,1.0,5.0,0.2,0.0,1.0,0.0,0.0,0.0,0.0,0.0,0.0,0.0,0,0,0.0,0.0,,,5.0,14.0,0.357,0.415,-0.058,2.0,5.0,0.4,0.283,0.117,3.0,9.0,0.333,0.464,-0.131,1.0,6.0,0.167,0.504,-0.337,1.0,6.0,0.167,0.481,-0.314,3.0,7.0,0.429,0.315,0.113,5.0,4.0,1.0,0.0,0.0,0.0,0.0,0.0,2.0,2.0,0.0,1.0,0.0,0.0,0.0,0.0,0.0,0.0,0.0,0.0,0.0,0,0,0,0,0.0,0.0,3,0.6,2,0.4,0,0.0,0,0.0,14760,2.8,1.5,1.3,3.77,4.25,3.33,2019,20181218,False
1628366,Lonzo Ball,Lonzo,1610612747,LAL,21.0,1,0,1,0.0,39.416666666666664,9,16,0.563,5,9,0.556,0,2,0.0,2,4,6,3,3,2,0,0,6,1,23,-8,37.7,0,0,41.0,1,41,41,41,6,6,9,20,1,3,9,44,30,44,8,25,21,21,8,4,24,1,78,38,5,64,12,13,1,10,1,106.0,104.2,106.0,106.0,110.5,114.3,114.3,-6.4,-8.3,-8.3,0.12,1.0,13.0,0.047,0.103,0.073,13.0,13.1,0.719,0.681,0.215,0.217,104.31,101.68,84.74,101.68,0.088,83,9.0,16.0,44,40,40,48,54,54,48,57,57,41,29,43,23,45,38,60,62,15,18,24,25,39,52,52,40,6,9,50,45,0.0,1,9,7,4,0.06,0.08,4,1,3,0.333,0,0,0.0,2,0.5,0,0.0,1,0.25,0,0.0,0,0.0,23,70,34,3.6,3.06,2.24,0.329,1,0,1,2.0,0.0,2.0,0.0,2.0,0.0,3.0,0.667,0.0,0.667,16.7,2.0,2.0,0.5,9.0,0.444,1.0,0.5,3.9,2.0,4.0,0.333,12.0,0.5,1.0,0.545,8.2,1.0,0.063,1.0,1.0,1.0,1.0,0.063,1.0,1.0,1.0,0.0,0.0,0.0,,0.125,1.0,2.0,0.5,0.75,0.063,0.0,1.0,0.0,0.063,1.0,1.0,1.0,0.438,3.0,7.0,0.429,0.5,0.25,2.0,4.0,0.5,0.188,1.0,3.0,0.333,0.375,4.0,6.0,0.667,0.917,0.063,1.0,1.0,1.0,0.313,3.0,5.0,0.6,4,7,0.571,11,3.0,5.0,0.6,0.786,6,0.5,2,1.0,0,0.0,2,1.0,0.719,3.0,4.0,0.75,0.0,2.0,0.0,1.0,1.0,1.0,0.0,1.0,0.0,0.0,1.0,0.0,5,7,0.714,0.0,0.0,0.0,0.0,2.0,0.0,LAL,3.0,4.0,0.75,0.0,0.0,0.0,0.0,2.0,0.0,0.0,0.0,0.0,3.0,6.0,0.5,3.0,4.0,0.75,0.0,0.0,0.0,0.0,0.0,0.0,0.0,0.0,0.0,2,4,2.0,4.0,0.5,0.75,12.0,17.0,0.706,0.47,0.235,4.0,4.0,1.0,0.34,0.66,8.0,13.0,0.615,0.523,0.092,6.0,10.0,0.6,0.584,0.016,6.0,10.0,0.6,0.554,0.046,4.0,5.0,0.8,0.358,0.442,7.0,1.0,6.0,5.0,0.0,1.0,2.0,1.0,0.0,1.0,1.0,0.0,0.0,0.0,0.0,0.0,0.0,0.0,0.0,0.0,0.0,0,0,0,0,0.0,0.0,0,0.0,0,0.0,0,0.0,0,0.0,15690,3.0,1.5,1.5,4.29,4.49,4.12,2019,20181218,False
1629029,Luka Dončić,Luka,1610612742,DAL,20.0,1,0,1,0.0,34.5,5,15,0.333,3,9,0.333,10,12,0.833,0,6,6,12,1,1,0,1,1,9,23,7,50.2,1,0,46.0,1,41,41,41,15,23,12,55,6,3,26,1,2,15,40,16,21,3,27,15,24,57,15,1,5,20,6,1,1,6,1,102.0,126.0,121.6,121.6,113.9,115.3,115.3,12.0,6.3,6.3,0.5,12.0,35.3,0.0,0.194,0.095,2.9,3.0,0.433,0.567,0.278,0.282,100.37,101.57,84.64,101.57,0.177,74,5.0,15.0,12,15,15,55,56,56,23,28,28,2,1,7,40,20,31,29,29,53,34,8,8,54,55,55,11,23,12,55,64,0.0,2,14,30,14,0.218,0.255,9,1,4,0.25,2,2,1.0,4,0.444,3,0.333,0,0.0,1,0.111,1,0.111,23,83,32,6.6,4.79,4.58,0.277,0,2,0,0.0,1.5,0.0,0.0,0.0,0.0,3.0,0.0,0.0,0.0,0.0,2.0,4.0,0.333,8.0,0.75,0.0,0.75,8.5,2.0,4.0,0.333,11.0,0.545,0.0,0.545,8.5,1.0,0.067,0.0,1.0,0.0,0.0,0.067,0.0,1.0,0.0,0.0,0.0,0.0,,0.267,1.0,4.0,0.25,0.25,0.133,1.0,2.0,0.5,0.133,0.0,2.0,0.0,0.667,4.0,10.0,0.4,0.55,0.2,1.0,3.0,0.333,0.467,3.0,7.0,0.429,,,,,,,,,,,,,,3,8,0.375,9,3.0,8.0,0.375,0.563,0,0.0,0,0.0,3,0.0,0,0.0,0.433,0.0,2.0,0.0,2.0,4.0,0.5,0.0,0.0,0.0,0.0,0.0,0.0,0.0,0.0,0.0,3,9,0.333,0.0,0.0,0.0,0.0,0.0,0.0,DAL,1.0,3.0,0.333,1.0,3.0,0.333,0.0,0.0,0.0,0.0,0.0,0.0,1.0,2.0,0.5,2.0,7.0,0.286,,,,0.0,0.0,0.0,0.0,0.0,0.0,0,1,0.0,1.0,0.0,0.0,1.0,9.0,0.111,0.445,-0.334,0.0,4.0,0.0,0.333,-0.333,1.0,5.0,0.2,0.525,-0.325,0.0,1.0,0.0,0.612,-0.612,0.0,2.0,0.0,0.561,-0.561,0.0,4.0,0.0,0.346,-0.346,9.0,4.0,5.0,2.0,0.0,0.0,0.0,1.0,2.0,3.0,0.333,0.667,0.0,0.0,0.0,0.0,0.0,0.0,0.0,0.0,0.0,0,0,3,4,0.75,1.5,0,0.0,0,0.0,0,0.0,2,1.0,12952,2.5,1.4,1.1,4.09,4.74,3.47,2019,20181218,False
1627736,Malik Beasley,Malik,1610612743,DEN,22.0,1,1,0,1.0,26.485,5,8,0.625,2,4,0.5,0,0,0.0,1,0,1,4,1,1,0,0,5,0,12,12,21.2,0,0,21.0,1,1,1,1,34,23,38,13,13,21,10,44,47,44,20,65,58,11,27,15,24,1,73,60,34,7,40,13,1,38,1,101.0,143.0,142.9,142.9,124.1,117.2,117.2,18.9,25.6,25.6,0.143,4.0,30.8,0.053,0.0,0.022,7.7,7.7,0.75,0.75,0.145,0.148,100.37,103.3,86.09,103.3,0.059,56,5.0,8.0,5,4,4,68,62,62,14,10,10,32,4,14,19,65,66,39,39,11,12,55,55,55,45,45,55,23,38,17,21,0.0,0,4,8,4,0.235,0.235,5,1,1,1.0,0,0,0.0,2,0.4,1,0.2,3,0.6,0,0.0,0,0.0,12,27,25,0.9,2.08,1.07,0.444,1,0,1,2.0,0.0,2.0,0.0,1.0,0.0,1.0,1.0,0.0,1.0,28.2,0.0,0.0,0.0,2.0,0.0,0.0,0.0,0.0,0.0,1.0,0.0,3.0,0.333,0.0,0.333,28.2,,,,,,,,,,,,,,,0.5,3.0,4.0,0.75,0.875,0.375,2.0,3.0,0.667,0.125,1.0,1.0,1.0,0.25,1.0,2.0,0.5,0.5,0.125,1.0,1.0,1.0,0.125,0.0,1.0,0.0,0.25,1.0,2.0,0.5,0.75,0.0,0.0,0.0,,0.25,1.0,2.0,0.5,1,3,0.333,2,0.0,1.0,0.0,0.333,6,0.667,2,1.0,0,0.0,2,1.0,0.75,2.0,2.0,1.0,0.0,0.0,0.0,1.0,2.0,0.5,0.0,0.0,0.0,0.0,0.0,0.0,2,4,0.5,0.0,0.0,0.0,0.0,0.0,0.0,DEN,2.0,2.0,1.0,0.0,0.0,0.0,0.0,1.0,0.0,1.0,1.0,1.0,0.0,1.0,0.0,2.0,3.0,0.667,,,,,,,0.0,0.0,0.0,2,3,2.0,3.0,0.667,1.0,5.0,9.0,0.556,0.421,0.134,3.0,4.0,0.75,0.357,0.393,2.0,5.0,0.4,0.493,-0.093,2.0,3.0,0.667,0.617,0.049,2.0,5.0,0.4,0.548,-0.148,3.0,4.0,0.75,0.358,0.392,6.0,2.0,4.0,1.0,0.0,0.0,0.0,1.0,0.0,1.0,1.0,0.0,0.0,0.0,0.0,0.0,0.0,0.0,0.0,0.0,0.0,0,0,0,0,0.0,0.0,0,0.0,0,0.0,0,0.0,0,0.0,10461,2.0,1.0,0.9,4.21,4.46,3.58,2019,20181218,False
202693,Markieff Morris,Markieff,1610612760,OKC,29.0,1,0,1,0.0,17.45,1,5,0.2,0,2,0.0,5,8,0.625,2,0,2,4,0,1,0,0,6,5,7,-4,18.4,0,0,15.0,1,41,41,41,56,61,54,67,46,47,46,7,5,27,8,65,51,11,53,15,24,1,78,10,50,52,45,13,1,51,1,,129.3,123.7,123.7,131.4,134.2,134.2,-2.2,-10.5,-10.5,0.333,0.0,30.8,0.133,0.0,0.074,0.0,0.0,0.2,0.411,0.22,0.216,103.37,104.53,87.11,104.53,0.0,38,1.0,5.0,9,12,12,74,76,76,43,58,58,7,47,14,4,65,37,1,1,69,60,22,26,44,39,39,66,61,54,18,15,0.0,1,4,11,5,0.222,0.278,0,0,0,0.0,0,0,0.0,0,0.0,0,0.0,0,0.0,0,0.0,0,0.0,7,24,17,0.6,1.43,0.5,0.292,1,4,4,0.0,0.0,0.75,0.0,2.0,0.0,3.0,0.667,0.0,0.667,3.0,0.0,0.0,0.0,1.0,0.0,1.0,0.0,0.0,0.0,2.0,0.0,4.0,0.5,1.0,0.667,3.0,,,,,,,,,,,,,,,0.6,1.0,3.0,0.333,0.333,0.6,1.0,3.0,0.333,0.0,0.0,0.0,,,,,,,,,,,,,,,0.4,0.0,2.0,0.0,0.0,0.0,0.0,0.0,,0.4,0.0,2.0,0.0,0,1,0.0,0,0.0,0.0,,0.0,0,0.0,3,1.0,0,0.0,0,0.0,0.2,1.0,1.0,1.0,0.0,1.0,0.0,0.0,1.0,0.0,0.0,0.0,0.0,0.0,0.0,0.0,0,2,0.0,0.0,0.0,0.0,0.0,0.0,0.0,OKC,1.0,1.0,1.0,0.0,0.0,0.0,0.0,2.0,0.0,0.0,0.0,0.0,0.0,0.0,0.0,0.0,2.0,0.0,0.0,0.0,0.0,,,,0.0,0.0,0.0,0,2,0.0,2.0,0.0,0.0,7.0,8.0,0.875,0.479,0.396,2.0,2.0,1.0,0.386,0.615,5.0,6.0,0.833,0.553,0.28,4.0,4.0,1.0,0.601,0.399,4.0,5.0,0.8,0.581,0.219,2.0,2.0,1.0,0.386,0.615,4.0,2.0,2.0,1.0,0.0,1.0,2.0,0.0,1.0,1.0,0.0,1.0,1.0,1.0,2.0,0.0,0.0,0.5,0.5,0.0,0.0,0,2,0,0,0.0,0.0,1,0.25,1,0.25,0,0.0,0,0.0,6677,1.3,0.7,0.6,4.07,4.59,3.61,2019,20181218,False
203486,Mason Plumlee,Mason,1610612743,DEN,29.0,1,1,0,1.0,33.946666666666665,5,8,0.625,0,0,0.0,1,2,0.5,1,8,9,3,1,0,0,1,4,1,11,-1,25.3,0,0,23.0,1,1,1,1,20,23,38,13,46,66,46,35,30,30,20,8,10,21,27,39,24,57,65,38,41,42,29,13,1,32,1,101.0,127.3,126.8,126.8,125.4,124.7,124.7,1.8,2.1,2.1,0.1,3.0,23.1,0.036,0.235,0.145,7.7,7.8,0.625,0.619,0.127,0.126,101.3,101.81,84.84,101.81,0.078,71,5.0,8.0,11,9,9,69,71,71,36,33,33,44,9,22,28,12,11,39,40,22,25,64,66,51,51,51,45,23,38,32,27,0.0,0,5,7,3,0.094,0.094,1,0,0,0.0,0,0,0.0,0,0.0,1,1.0,0,0.0,0,0.0,0,0.0,11,42,23,1.8,2.61,1.67,0.262,1,4,8,0.0,0.5,0.875,1.0,0.0,1.0,6.0,0.167,1.0,0.2,3.2,1.0,7.0,0.125,8.0,1.0,0.0,1.0,6.0,2.0,7.0,0.222,14.0,0.643,1.0,0.692,5.7,1.0,0.375,1.0,3.0,0.333,0.333,0.375,1.0,3.0,0.333,0.0,0.0,0.0,,0.625,4.0,5.0,0.8,0.8,0.625,4.0,5.0,0.8,0.0,0.0,0.0,,,,,,,,,,,,,,,,,,,,,,,,,,,,0,0,,0,,,,,0,0.0,7,0.6,2,0.333,0,0.0,0.625,4.0,7.0,0.571,1.0,1.0,1.0,0.0,0.0,0.0,0.0,0.0,0.0,0.0,0.0,0.0,0,0,0.0,0.0,0.0,0.0,0.0,0.0,0.0,DEN,5.0,8.0,0.625,0.0,0.0,0.0,0.0,0.0,0.0,0.0,0.0,0.0,0.0,0.0,0.0,0.0,0.0,0.0,,,,0.0,0.0,0.0,0.0,0.0,0.0,0,0,,,,,7.0,15.0,0.467,0.452,0.015,2.0,6.0,0.333,0.361,-0.028,5.0,9.0,0.556,0.52,0.035,3.0,3.0,1.0,0.615,0.385,3.0,5.0,0.6,0.586,0.014,3.0,8.0,0.375,0.359,0.016,7.0,2.0,5.0,4.0,0.0,2.0,4.0,0.0,0.0,0.0,0.0,0.0,1.0,0.0,1.0,1.0,1.0,1.0,0.0,1.0,1.0,1,3,0,0,0.0,0.5,1,0.25,0,0.0,0,0.0,0,0.0,13113,2.5,1.3,1.2,4.14,4.34,3.94,2019,20181218,False
203521,Matthew Dellavedova,Matthew,1610612739,CLE,28.0,1,1,0,1.0,15.55,4,6,0.667,2,4,0.5,0,0,0.0,0,1,1,4,3,0,0,0,1,0,10,18,14.2,0,0,17.0,1,1,1,1,62,34,48,10,13,21,10,44,47,44,40,51,58,11,8,39,24,1,15,60,44,1,53,13,1,47,1,94.0,116.5,119.4,119.4,59.8,59.4,59.4,56.7,60.0,60.0,0.364,1.33,30.8,0.0,0.037,0.025,23.1,23.1,0.833,0.833,0.265,0.259,98.04,97.23,81.03,97.23,0.176,31,4.0,6.0,20,18,18,3,3,3,6,5,5,6,28,14,40,61,64,76,76,6,7,9,12,63,65,65,12,34,48,27,35,0.0,0,5,8,4,0.148,0.148,5,2,2,1.0,0,0,0.0,4,0.8,0,0.0,2,0.4,1,0.2,0,0.0,10,36,13,3.4,5.71,5.69,0.278,0,0,0,0.0,0.0,0.0,0.0,0.0,0.0,0.0,0.0,0.0,0.0,0.0,0.0,1.0,0.0,5.0,0.2,1.0,0.25,4.8,0.0,1.0,0.0,5.0,0.2,1.0,0.25,4.8,,,,,,,,,,,,,,,0.167,1.0,1.0,1.0,1.0,0.167,1.0,1.0,1.0,0.0,0.0,0.0,,0.5,2.0,3.0,0.667,0.833,0.167,1.0,1.0,1.0,0.333,1.0,2.0,0.5,0.333,1.0,2.0,0.5,0.75,0.0,0.0,0.0,,0.333,1.0,2.0,0.5,0,2,0.0,0,0.0,2.0,0.0,0.0,6,1.0,0,0.0,0,0.0,0,0.0,0.833,1.0,1.0,1.0,1.0,1.0,1.0,0.0,0.0,0.0,0.0,0.0,0.0,0.0,0.0,0.0,2,4,0.5,0.0,0.0,0.0,0.0,0.0,0.0,CLE,1.0,1.0,1.0,1.0,1.0,1.0,0.0,0.0,0.0,0.0,0.0,0.0,0.0,0.0,0.0,2.0,4.0,0.5,0.0,0.0,0.0,,,,0.0,0.0,0.0,2,2,2.0,2.0,1.0,1.5,3.0,11.0,0.273,0.454,-0.181,0.0,2.0,0.0,0.328,-0.328,3.0,9.0,0.333,0.49,-0.157,2.0,6.0,0.333,0.573,-0.24,2.0,6.0,0.333,0.545,-0.212,1.0,5.0,0.2,0.37,-0.17,6.0,5.0,1.0,0.0,0.0,0.0,0.0,0.0,0.0,0.0,0.0,0.0,0.0,2.0,2.0,2.0,0.0,0.0,1.0,1.0,0.0,0,0,0,0,0.0,0.0,0,0.0,0,0.0,0,0.0,0,0.0,5882,1.1,0.6,0.5,4.02,4.44,3.61,2019,20181218,False
1628420,Monte Morris,Monte,1610612743,DEN,24.0,1,1,0,1.0,24.716666666666665,7,10,0.7,2,3,0.667,0,0,0.0,0,4,4,5,1,2,0,0,2,0,16,11,33.3,0,0,31.0,1,1,1,1,39,9,32,9,13,36,7,44,47,44,40,25,34,8,27,4,24,1,29,60,18,10,16,13,1,15,1,101.0,112.6,111.1,111.1,88.6,89.1,89.1,24.0,22.0,22.0,0.333,5.0,31.3,0.0,0.133,0.077,6.3,6.3,0.8,0.8,0.186,0.189,105.41,105.84,88.2,105.84,0.232,54,7.0,10.0,26,31,31,15,12,12,11,15,15,7,2,13,40,31,34,35,35,8,11,36,39,31,25,25,3,9,32,40,43,0.0,0,6,11,5,0.125,0.125,4,3,4,0.75,0,0,0.0,6,1.5,0,0.0,0,0.0,0,0.0,0,0.0,16,52,21,3.3,3.76,3.65,0.308,1,0,1,2.0,0.0,2.0,0.0,0.0,0.0,0.0,0.0,0.0,0.0,0.0,0.0,4.0,0.0,8.0,0.5,0.0,0.5,8.8,0.0,4.0,0.0,8.0,0.5,0.0,0.5,8.8,,,,,,,,,,,,,,,0.4,3.0,4.0,0.75,0.75,0.4,3.0,4.0,0.75,0.0,0.0,0.0,,0.3,1.0,3.0,0.333,0.333,0.2,1.0,2.0,0.5,0.1,0.0,1.0,0.0,0.3,3.0,3.0,1.0,1.333,0.1,1.0,1.0,1.0,0.2,2.0,2.0,1.0,2,3,0.667,4,0.0,0.0,,0.667,8,0.75,2,1.0,0,0.0,2,1.0,0.8,2.0,3.0,0.667,3.0,4.0,0.75,0.0,0.0,0.0,0.0,1.0,0.0,0.0,0.0,0.0,2,2,1.0,0.0,0.0,0.0,0.0,1.0,0.0,DEN,2.0,3.0,0.667,3.0,4.0,0.75,0.0,0.0,0.0,0.0,0.0,0.0,2.0,3.0,0.667,0.0,0.0,0.0,,,,0.0,0.0,0.0,0.0,0.0,0.0,3,4,2.0,3.0,0.667,1.0,6.0,11.0,0.545,0.45,0.095,1.0,3.0,0.333,0.333,0.0,5.0,8.0,0.625,0.494,0.131,2.0,3.0,0.667,0.607,0.059,2.0,5.0,0.4,0.512,-0.112,1.0,3.0,0.333,0.339,-0.006,6.0,4.0,2.0,5.0,0.0,0.0,0.0,0.0,1.0,1.0,0.0,1.0,0.0,1.0,1.0,1.0,0.0,0.0,1.0,1.0,0.0,0,0,0,0,0.0,0.0,0,0.0,0,0.0,0,0.0,0,0.0,9880,1.9,1.0,0.9,4.25,4.53,3.99,2019,20181218,False
1629021,Moritz Wagner,Moritz,1610612747,LAL,22.0,1,0,1,0.0,7.998333333333333,1,2,0.5,1,2,0.5,1,2,0.5,0,1,1,0,0,0,0,0,2,1,4,-9,5.2,0,0,6.0,1,41,41,41,72,61,68,25,26,47,10,35,30,30,40,51,58,63,53,39,24,1,29,38,60,68,72,13,1,70,1,106.0,85.3,84.2,84.2,144.3,147.1,147.1,-59.1,-62.8,-62.8,0.0,0.0,0.0,0.0,0.125,0.056,0.0,0.0,0.75,0.694,0.143,0.146,108.26,108.02,90.02,108.02,0.03,19,1.0,2.0,73,74,74,78,78,78,78,79,79,63,47,63,40,33,50,1,1,11,16,56,57,12,17,17,61,61,68,6,7,0.0,0,0,0,0,0.0,0.0,0,0,0,0.0,0,0,0.0,0,0.0,0,0.0,0,0.0,0,0.0,0,0.0,4,9,7,0.3,2.15,0.56,0.444,1,0,1,0.0,0.0,1.0,0.0,0.0,0.0,1.0,0.0,0.0,0.0,0.0,1.0,0.0,1.0,2.0,0.5,0.0,0.5,1.5,1.0,0.0,1.0,3.0,0.333,0.0,0.333,1.5,,,,,,,,,,,,,,,,,,,,,,,,,,,,0.5,0.0,1.0,0.0,0.0,0.0,0.0,0.0,,0.5,0.0,1.0,0.0,0.5,1.0,1.0,1.0,1.5,0.0,0.0,0.0,,0.5,1.0,1.0,1.0,0,0,,0,0.0,0.0,,,3,0.5,1,0.0,0,0.0,0,0.0,0.75,0.0,0.0,0.0,0.0,0.0,0.0,0.0,0.0,0.0,0.0,0.0,0.0,,,,1,2,0.5,,,,0.0,0.0,0.0,LAL,0.0,0.0,0.0,0.0,0.0,0.0,0.0,0.0,0.0,0.0,0.0,0.0,0.0,0.0,0.0,1.0,2.0,0.5,0.0,0.0,0.0,,,,,,,1,2,1.0,2.0,0.5,0.75,5.0,8.0,0.625,0.427,0.198,0.0,1.0,0.0,0.366,-0.366,5.0,7.0,0.714,0.484,0.23,3.0,3.0,1.0,0.566,0.434,3.0,3.0,1.0,0.527,0.473,0.0,3.0,0.0,0.367,-0.367,3.0,3.0,0.0,0.0,0.0,2.0,5.0,0.0,0.0,0.0,0.0,0.0,0.0,3.0,3.0,2.0,1.0,0.0,1.0,1.0,0.5,0,0,0,0,0.0,0.0,0,0.0,0,0.0,0,0.0,0,0.0,3243,0.6,0.4,0.3,4.2,5.13,4.62,2019,20181218,False
1626167,Myles Turner,Myles,1610612754,IND,23.0,1,0,1,0.0,30.56833333333333,6,12,0.5,0,2,0.0,0,1,0.0,0,10,10,2,1,0,4,0,2,3,12,-2,38.0,1,0,32.0,1,41,41,41,28,14,21,25,46,47,46,44,45,44,40,4,7,31,27,39,1,1,29,16,34,45,11,1,1,13,1,95.0,83.3,85.5,85.5,91.2,91.7,91.7,-7.8,-6.2,-6.2,0.125,2.0,13.3,0.0,0.27,0.132,6.7,6.5,0.5,0.482,0.181,0.19,97.29,95.79,79.82,95.79,0.166,62,6.0,12.0,75,72,72,17,16,16,53,50,50,37,16,42,40,9,15,37,37,35,51,39,37,68,69,69,14,14,21,39,31,0.0,0,4,4,2,0.051,0.051,0,0,0,0.0,0,0,0.0,0,0.0,0,0.0,0,0.0,0,0.0,0,0.0,12,53,30,1.2,1.38,0.38,0.226,6,4,6,1.0,0.5,1.0,0.0,0.0,0.0,1.0,0.0,0.0,0.0,0.0,4.0,6.0,0.4,18.0,0.556,3.0,0.667,5.4,4.0,6.0,0.4,19.0,0.526,3.0,0.625,5.4,1.0,0.25,3.0,3.0,1.0,1.0,0.25,3.0,3.0,1.0,0.0,0.0,0.0,,0.167,2.0,2.0,1.0,1.0,0.167,2.0,2.0,1.0,0.0,0.0,0.0,,0.333,0.0,4.0,0.0,0.0,0.25,0.0,3.0,0.0,0.083,0.0,1.0,0.0,0.25,1.0,3.0,0.333,0.333,0.167,1.0,2.0,0.5,0.083,0.0,1.0,0.0,0,3,0.0,0,0.0,1.0,0.0,0.0,2,0.25,6,0.75,2,0.5,6,0.6,0.5,4.0,4.0,1.0,0.0,1.0,0.0,2.0,5.0,0.4,0.0,0.0,0.0,0.0,0.0,0.0,0,2,0.0,0.0,0.0,0.0,0.0,0.0,0.0,IND,4.0,4.0,1.0,0.0,0.0,0.0,2.0,4.0,0.5,0.0,1.0,0.0,0.0,1.0,0.0,0.0,2.0,0.0,0.0,0.0,0.0,,,,0.0,0.0,0.0,0,3,0.0,1.0,0.0,0.0,11.0,24.0,0.458,0.468,-0.01,1.0,3.0,0.333,0.343,-0.01,10.0,21.0,0.476,0.512,-0.036,7.0,13.0,0.538,0.636,-0.097,7.0,14.0,0.5,0.582,-0.082,2.0,7.0,0.286,0.361,-0.076,16.0,13.0,3.0,4.0,0.0,3.0,6.0,0.0,0.0,0.0,0.0,0.0,0.0,2.0,2.0,1.0,1.0,0.0,1.0,1.0,1.0,1,2,0,0,0.0,0.5,0,0.0,0,0.0,1,0.25,0,0.0,11415,2.2,1.1,1.1,4.07,4.5,3.72,2019,20181218,False
201156,Nick Young,Nick,1610612743,DEN,34.0,1,1,0,1.0,8.583333333333334,0,1,0.0,0,1,0.0,0,0,0.0,0,0,0,1,0,0,0,0,2,0,0,-2,1.5,0,0,1.0,1,1,1,1,71,72,74,72,46,55,46,44,47,44,40,65,69,44,53,39,24,1,29,60,73,45,75,13,1,75,1,101.0,118.2,116.7,116.7,116.4,121.1,121.1,1.8,-4.4,-4.4,0.125,0.0,50.0,0.0,0.0,0.0,0.0,0.0,0.0,0.0,0.053,0.053,104.91,103.46,86.21,103.46,-0.049,18,0.0,1.0,19,21,21,60,68,68,37,45,45,37,47,1,40,65,69,1,1,72,73,76,76,36,43,43,74,72,74,4,4,0.0,0,0,2,1,0.25,0.25,0,0,0,0.0,0,0,0.0,0,0.0,0,0.0,0,0.0,0,0.0,0,0.0,0,5,4,0.1,0.9,0.2,0.0,0,0,0,0.0,0.0,0.0,,,,,,,,,,,,,,,,,,,,,,,,,,,,,,,,,,,,,,,,,,,,,,,,,,,,1.0,0.0,1.0,0.0,0.0,0.0,0.0,0.0,,1.0,0.0,1.0,0.0,,,,,,,,,,,,,,0,0,,0,0.0,0.0,,,0,0.0,0,0.0,0,0.0,0,0.0,0.0,0.0,0.0,0.0,0.0,0.0,0.0,0.0,0.0,0.0,0.0,0.0,0.0,0.0,0.0,0.0,0,1,0.0,,,,0.0,0.0,0.0,DEN,0.0,0.0,0.0,0.0,0.0,0.0,0.0,0.0,0.0,0.0,0.0,0.0,0.0,1.0,0.0,0.0,0.0,0.0,,,,0.0,0.0,0.0,,,,0,1,0.0,1.0,0.0,0.0,,,,,,,,,,,,,,,,,,,,,,,,,,,,,,,,,,,,,,,,,,,,,,,,,,,,0,0,0,0,0.0,0.0,0,0.0,0,0.0,0,0.0,0,0.0,3270,0.6,0.3,0.3,3.87,4.01,3.73,2019,20181218,False
203999,Nikola Jokić,Nikola,1610612743,DEN,24.0,1,1,0,1.0,34.935,13,25,0.52,2,6,0.333,4,4,1.0,6,10,16,4,5,3,1,0,4,8,32,15,64.2,1,0,62.0,1,1,1,1,14,1,1,24,13,12,26,12,15,1,2,4,1,11,1,2,8,1,65,3,2,4,2,1,1,2,1,101.0,123.9,127.0,127.0,106.9,103.9,103.9,17.1,23.1,23.1,0.154,0.8,11.1,0.207,0.303,0.258,13.9,14.0,0.56,0.598,0.376,0.37,102.88,103.05,85.87,103.05,0.2,74,13.0,25.0,13,8,8,41,29,29,16,12,12,28,39,52,3,6,2,65,65,29,28,1,1,46,46,46,5,1,1,81,71,0.0,2,9,10,6,0.049,0.074,6,3,3,1.0,0,0,0.0,6,1.0,0,0.0,0,0.0,2,0.333,0,0.0,32,121,73,5.1,2.52,1.31,0.264,5,15,11,0.4,0.267,0.909,6.0,0.0,1.0,10.0,0.6,0.0,0.6,3.0,5.0,5.0,0.5,12.0,0.833,0.0,0.833,3.7,11.0,5.0,0.688,22.0,0.727,0.0,0.727,3.5,1.0,0.16,2.0,4.0,0.5,0.5,0.16,2.0,4.0,0.5,0.0,0.0,0.0,,0.52,8.0,13.0,0.615,0.615,0.52,8.0,13.0,0.615,0.0,0.0,0.0,,0.12,1.0,3.0,0.333,0.333,0.08,1.0,2.0,0.5,0.04,0.0,1.0,0.0,0.2,2.0,5.0,0.4,0.6,0.0,0.0,0.0,,0.2,2.0,5.0,0.4,2,2,1.0,4,0.0,0.0,,1.0,6,0.286,10,0.444,4,0.4,2,0.0,0.56,6.0,11.0,0.545,4.0,7.0,0.571,1.0,1.0,1.0,0.0,0.0,0.0,0.0,0.0,0.0,2,6,0.333,0.0,0.0,0.0,0.0,0.0,0.0,DEN,8.0,15.0,0.533,1.0,2.0,0.5,1.0,1.0,1.0,0.0,0.0,0.0,2.0,4.0,0.5,1.0,3.0,0.333,,,,0.0,0.0,0.0,0.0,0.0,0.0,2,6,2.0,5.0,0.4,0.5,8.0,18.0,0.444,0.488,-0.044,3.0,7.0,0.429,0.326,0.103,5.0,11.0,0.455,0.566,-0.112,5.0,9.0,0.556,0.637,-0.082,5.0,10.0,0.5,0.597,-0.097,3.0,8.0,0.375,0.285,0.09,10.0,6.0,4.0,3.0,0.0,7.0,14.0,0.0,1.0,1.0,0.0,1.0,2.0,4.0,6.0,4.0,2.0,0.333,0.667,1.0,0.5,2,5,0,0,0.0,0.267,6,0.4,2,0.133,1,0.067,0,0.0,12879,2.4,1.4,1.1,3.85,4.41,3.59,2019,20181218,False
1629066,Rodions Kurucs,Rodions,1610612751,BKN,21.0,1,1,0,1.0,17.05,1,5,0.2,1,3,0.333,0,0,0.0,0,1,1,0,0,0,1,1,4,0,3,0,7.2,0,0,7.0,1,1,1,1,58,61,54,67,26,36,26,44,47,44,40,51,58,63,53,39,8,57,65,60,65,38,67,13,1,64,1,105.0,99.5,105.3,105.3,109.3,108.1,108.1,-9.8,-2.8,-2.8,0.0,0.0,0.0,0.0,0.056,0.026,0.0,0.0,0.3,0.3,0.125,0.124,108.11,105.57,87.98,105.57,-0.051,38,1.0,5.0,55,43,43,46,42,42,56,43,43,63,47,63,40,56,62,1,1,64,67,65,67,13,30,30,75,61,54,13,13,0.0,0,3,0,0,0.0,0.0,3,0,2,0.0,0,0,0.0,0,0.0,1,0.333,0,0.0,0,0.0,0,0.0,3,19,14,0.4,1.38,0.68,0.158,0,0,0,0.0,0.0,0.0,0.0,0.0,0.0,1.0,0.0,0.0,0.0,0.0,0.0,1.0,0.0,3.0,0.333,1.0,0.5,15.2,0.0,1.0,0.0,4.0,0.25,1.0,0.333,15.2,1.0,0.4,0.0,2.0,0.0,0.0,0.4,0.0,2.0,0.0,0.0,0.0,0.0,,,,,,,,,,,,,,,,,,,,,,,,,,,,0.6,1.0,3.0,0.333,0.5,0.0,0.0,0.0,,0.6,1.0,3.0,0.333,0,0,,0,0.0,0.0,,,3,0.333,0,0.0,0,0.0,0,0.0,0.3,0.0,2.0,0.0,0.0,0.0,0.0,0.0,0.0,0.0,0.0,1.0,0.0,0.0,0.0,0.0,1,2,0.5,0.0,0.0,0.0,0.0,1.0,0.0,BKN,0.0,2.0,0.0,0.0,0.0,0.0,0.0,0.0,0.0,0.0,0.0,0.0,0.0,1.0,0.0,1.0,2.0,0.5,,,,,,,0.0,0.0,0.0,1,3,1.0,3.0,0.333,0.5,2.0,5.0,0.4,0.44,-0.04,,,,,,2.0,5.0,0.4,0.528,-0.128,1.0,2.0,0.5,0.637,-0.137,2.0,5.0,0.4,0.582,-0.182,,,,,,3.0,3.0,0.0,0.0,0.0,0.0,0.0,1.0,0.0,1.0,1.0,0.0,0.0,1.0,1.0,0.0,0.0,0.0,1.0,0.0,0.0,0,0,0,0,0.0,0.0,0,0.0,0,0.0,0,0.0,0,0.0,8011,1.5,0.8,0.7,5.01,4.85,5.22,2019,20181218,False
203918,Rodney Hood,Rodney,1610612757,POR,26.0,1,1,0,1.0,35.28333333333333,5,12,0.417,1,5,0.2,6,8,0.75,2,4,6,2,0,2,0,0,4,4,17,-12,33.2,0,0,30.0,1,1,1,1,12,23,21,44,26,17,42,5,5,20,8,25,21,31,53,4,24,1,65,13,15,73,17,13,1,18,1,,90.2,92.6,92.6,106.4,110.3,110.3,-16.2,-17.6,-17.6,0.095,0.0,11.8,0.05,0.103,0.076,0.0,0.0,0.458,0.548,0.192,0.197,95.45,92.51,77.09,92.51,0.107,68,5.0,12.0,67,65,65,39,48,48,62,63,63,46,47,50,22,45,35,1,1,49,37,33,33,74,79,79,31,23,21,41,42,0.0,0,9,5,2,0.049,0.049,6,1,1,1.0,2,2,1.0,4,0.667,4,0.667,0,0.0,0,0.0,1,0.167,17,57,41,2.9,3.0,2.26,0.298,4,0,1,0.25,0.0,2.0,1.0,1.0,0.5,3.0,0.667,0.0,0.667,10.4,1.0,3.0,0.25,7.0,0.571,0.0,0.571,7.6,2.0,4.0,0.333,10.0,0.6,0.0,0.6,8.5,1.0,0.083,0.0,1.0,0.0,0.0,0.083,0.0,1.0,0.0,0.0,0.0,0.0,,0.667,4.0,8.0,0.5,0.563,0.417,3.0,5.0,0.6,0.25,1.0,3.0,0.333,0.167,1.0,2.0,0.5,0.5,0.083,1.0,1.0,1.0,0.083,0.0,1.0,0.0,0.083,0.0,1.0,0.0,0.0,0.0,0.0,0.0,,0.083,0.0,1.0,0.0,1,4,0.25,2,0.0,1.0,0.0,0.25,3,0.25,2,1.0,0,0.0,1,0.0,0.458,2.0,3.0,0.667,2.0,3.0,0.667,0.0,1.0,0.0,0.0,0.0,0.0,0.0,1.0,0.0,1,4,0.25,0.0,0.0,0.0,0.0,1.0,0.0,POR,3.0,4.0,0.75,0.0,0.0,0.0,1.0,2.0,0.5,0.0,0.0,0.0,0.0,2.0,0.0,1.0,4.0,0.25,,,,0.0,0.0,0.0,0.0,0.0,0.0,1,4,1.0,4.0,0.25,0.375,5.0,11.0,0.455,0.469,-0.014,0.0,2.0,0.0,0.381,-0.381,5.0,9.0,0.556,0.514,0.042,4.0,5.0,0.8,0.619,0.181,4.0,6.0,0.667,0.573,0.094,1.0,5.0,0.2,0.392,-0.192,7.0,6.0,1.0,4.0,0.0,0.0,0.0,0.0,0.0,0.0,0.0,0.0,1.0,2.0,3.0,2.0,1.0,0.333,0.667,1.0,0.5,0,0,0,0,0.0,0.0,0,0.0,0,0.0,0,0.0,0,0.0,13444,2.5,1.5,1.1,4.01,4.51,3.76,2019,20181218,False
1626178,Rondae Hollis-Jefferson,Rondae,1610612751,BKN,24.0,1,1,0,1.0,37.55,5,12,0.417,0,2,0.0,7,9,0.778,0,8,8,3,1,1,0,2,3,7,17,-6,33.1,0,0,30.0,1,1,1,1,10,23,21,44,46,47,46,4,4,19,40,8,13,21,27,15,24,75,55,5,15,55,18,13,1,18,1,105.0,103.9,104.8,104.8,111.6,111.9,111.9,-7.7,-7.1,-7.1,0.103,3.0,15.0,0.0,0.205,0.104,5.0,5.0,0.417,0.533,0.191,0.196,107.99,107.38,89.48,107.38,0.099,84,5.0,12.0,46,46,46,51,50,50,51,53,53,43,9,39,40,17,25,31,31,56,41,34,35,14,18,18,35,23,21,53,44,0.0,0,6,7,3,0.057,0.057,8,3,6,0.5,2,2,1.0,8,1.0,1,0.125,0,0.0,0,0.0,1,0.125,17,75,32,2.8,2.21,1.37,0.227,4,4,4,1.0,0.0,0.0,0.0,0.0,0.0,8.0,0.0,0.0,0.0,0.0,2.0,6.0,0.25,14.0,0.571,1.0,0.615,4.9,2.0,6.0,0.25,20.0,0.4,1.0,0.421,4.9,,,,,,,,,,,,,,,0.5,3.0,6.0,0.5,0.5,0.5,3.0,6.0,0.5,0.0,0.0,0.0,,0.333,2.0,4.0,0.5,0.5,0.333,2.0,4.0,0.5,0.0,0.0,0.0,,0.167,0.0,2.0,0.0,0.0,0.0,0.0,0.0,,0.167,0.0,2.0,0.0,2,3,0.667,4,0.0,0.0,,0.667,0,0.0,0,0.0,0,0.0,4,1.0,0.417,3.0,7.0,0.429,2.0,3.0,0.667,0.0,0.0,0.0,0.0,0.0,0.0,0.0,1.0,0.0,0,1,0.0,0.0,0.0,0.0,0.0,1.0,0.0,BKN,3.0,7.0,0.429,1.0,1.0,1.0,1.0,2.0,0.5,0.0,0.0,0.0,0.0,1.0,0.0,0.0,1.0,0.0,0.0,0.0,0.0,0.0,0.0,0.0,0.0,0.0,0.0,0,2,0.0,2.0,0.0,0.0,14.0,24.0,0.583,0.478,0.105,4.0,10.0,0.4,0.333,0.067,10.0,14.0,0.714,0.57,0.144,9.0,13.0,0.692,0.678,0.014,10.0,14.0,0.714,0.633,0.081,4.0,10.0,0.4,0.348,0.052,13.0,3.0,10.0,3.0,0.0,1.0,3.0,0.0,0.0,0.0,0.0,0.0,0.0,3.0,3.0,3.0,1.0,0.0,1.0,1.0,0.333,0,0,0,0,0.0,0.0,2,0.5,2,0.5,0,0.0,0,0.0,15259,2.9,1.6,1.3,4.28,4.47,4.07,2019,20181218,False
1629151,Ryan Broekhoff,Ryan,1610612742,DAL,28.0,1,0,1,0.0,1.0666666666666667,0,0,0.0,0,0,0.0,0,0,0.0,0,0,0,0,0,0,0,0,0,0,0,2,0.0,0,0,0.0,1,41,41,41,79,72,78,72,46,66,46,44,47,44,40,65,69,63,53,39,24,1,1,60,73,32,77,13,1,77,1,102.0,212.8,133.3,133.3,66.7,66.7,66.7,146.1,66.7,66.7,0.0,0.0,0.0,0.0,0.0,0.0,0.0,0.0,0.0,0.0,0.0,0.0,109.8,135.0,112.5,135.0,0.0,3,0.0,0.0,1,6,6,5,5,5,1,2,2,63,47,63,40,65,69,1,1,72,73,78,78,6,2,2,66,72,78,0,0,,0,0,0,0,0.0,0.0,0,0,0,0.0,0,0,0.0,0,0.0,0,0.0,0,0.0,0,0.0,0,0.0,0,0,0,0.0,0.0,0.0,0.0,0,0,0,0.0,0.0,0.0,,,,,,,,,,,,,,,,,,,,,,,,,,,,,,,,,,,,,,,,,,,,,,,,,,,,,,,,,,,,,,,,,,,,,,,,,,,,,,0,0,,0,,,,,0,0.0,0,0.0,0,0.0,0,0.0,0.0,0.0,0.0,0.0,,,,0.0,0.0,0.0,,,,,,,0,0,0.0,0.0,0.0,0.0,,,,DAL,0.0,0.0,0.0,,,,,,,0.0,0.0,0.0,,,,,,,,,,0.0,0.0,0.0,0.0,0.0,0.0,0,0,,,,,1.0,2.0,0.5,0.51,-0.01,,,,,,1.0,2.0,0.5,0.534,-0.034,0.0,1.0,0.0,0.674,-0.674,0.0,1.0,0.0,0.62,-0.62,1.0,1.0,1.0,0.392,0.608,1.0,1.0,0.0,0.0,0.0,0.0,0.0,0.0,0.0,0.0,0.0,0.0,0.0,0.0,0.0,0.0,0.0,0.0,0.0,0.0,0.0,0,0,0,0,0.0,0.0,0,0.0,0,0.0,0,0.0,0,0.0,344,0.1,0.0,0.0,4.93,0.0,0.0,2019,20181218,False
1626155,Sam Dekker,Sam,1610612764,WAS,25.0,1,0,1,0.0,13.066666666666666,2,4,0.5,0,0,0.0,0,0,0.0,1,0,1,0,1,1,0,1,0,1,4,-7,7.2,0,0,7.0,1,41,41,41,68,53,60,25,46,66,46,44,47,44,20,65,58,63,27,15,24,57,1,38,60,60,67,13,1,64,1,105.0,102.5,100.0,100.0,116.7,120.0,120.0,-14.2,-20.0,-20.0,0.0,0.0,0.0,0.071,0.0,0.036,20.0,20.0,0.5,0.5,0.156,0.16,108.59,108.37,90.31,108.37,0.057,29,2.0,4.0,49,54,54,61,66,66,59,64,64,63,47,63,17,65,60,72,73,35,49,48,47,11,15,15,56,53,60,9,9,0.0,0,1,0,0,0.0,0.0,1,0,0,0.0,0,0,0.0,0,0.0,0,0.0,0,0.0,1,1.0,0,0.0,4,14,10,0.5,2.21,1.0,0.286,0,0,4,0.0,0.0,0.5,1.0,0.0,1.0,3.0,0.333,0.0,0.333,5.7,0.0,0.0,0.0,4.0,0.0,0.0,0.0,0.0,1.0,0.0,1.0,7.0,0.143,0.0,0.143,5.7,,,,,,,,,,,,,,,0.75,1.0,3.0,0.333,0.333,0.75,1.0,3.0,0.333,0.0,0.0,0.0,,0.25,1.0,1.0,1.0,1.0,0.25,1.0,1.0,1.0,0.0,0.0,0.0,,,,,,,,,,,,,,,0,0,,0,,,,,0,0.0,2,0.333,0,0.0,0,0.0,0.5,2.0,4.0,0.5,0.0,0.0,0.0,0.0,0.0,0.0,0.0,0.0,0.0,0.0,0.0,0.0,0,0,0.0,0.0,0.0,0.0,0.0,0.0,0.0,WAS,2.0,4.0,0.5,0.0,0.0,0.0,0.0,0.0,0.0,0.0,0.0,0.0,0.0,0.0,0.0,0.0,0.0,0.0,0.0,0.0,0.0,,,,0.0,0.0,0.0,0,0,,,,,1.0,4.0,0.25,0.428,-0.178,,,,,,1.0,4.0,0.25,0.49,-0.24,1.0,4.0,0.25,0.575,-0.325,1.0,4.0,0.25,0.525,-0.275,,,,,,3.0,3.0,0.0,2.0,0.0,1.0,2.0,1.0,1.0,2.0,0.5,0.5,0.0,0.0,0.0,0.0,0.0,0.0,0.0,0.0,0.0,0,0,0,0,0.0,0.0,0,0.0,0,0.0,0,0.0,0,0.0,5774,1.1,0.6,0.5,4.6,4.97,4.23,2019,20181218,False
203915,Spencer Dinwiddie,Spencer,1610612751,BKN,26.0,1,1,0,1.0,33.68333333333333,6,11,0.545,2,5,0.4,4,7,0.571,0,1,1,6,3,0,0,0,0,6,18,-6,25.2,0,0,27.0,1,1,1,1,22,14,28,22,13,17,23,12,8,29,40,51,58,5,8,39,24,1,1,7,14,55,30,13,1,25,1,105.0,99.3,100.0,100.0,106.7,103.9,103.9,-7.4,-3.9,-3.9,0.3,2.0,26.1,0.0,0.029,0.014,13.0,13.0,0.636,0.639,0.215,0.22,105.11,106.17,88.47,106.17,0.113,73,6.0,11.0,56,54,54,40,29,29,50,44,44,12,16,19,40,63,67,60,61,21,22,23,23,33,24,24,28,14,28,41,60,0.0,2,13,16,8,0.146,0.195,17,5,6,0.833,4,6,0.667,15,0.882,7,0.412,0,0.0,1,0.059,3,0.176,18,62,26,6.4,6.15,5.73,0.29,0,0,0,0.0,0.0,0.0,0.0,0.0,0.0,0.0,0.0,0.0,0.0,0.0,0.0,1.0,0.0,1.0,1.0,0.0,1.0,12.1,0.0,1.0,0.0,1.0,1.0,0.0,1.0,12.1,1.0,0.182,1.0,2.0,0.5,0.5,0.182,1.0,2.0,0.5,0.0,0.0,0.0,,0.455,3.0,5.0,0.6,0.7,0.273,2.0,3.0,0.667,0.182,1.0,2.0,0.5,0.364,2.0,4.0,0.5,0.625,0.091,1.0,1.0,1.0,0.273,1.0,3.0,0.333,,,,,,,,,,,,,,3,5,0.6,8,2.0,4.0,0.5,0.8,0,0.0,0,0.0,0,0.0,0,0.0,0.636,2.0,4.0,0.5,2.0,2.0,1.0,0.0,0.0,0.0,0.0,0.0,0.0,1.0,1.0,1.0,1,4,0.25,0.0,0.0,0.0,1.0,1.0,1.0,BKN,2.0,4.0,0.5,1.0,1.0,1.0,1.0,1.0,1.0,0.0,0.0,0.0,1.0,2.0,0.5,1.0,3.0,0.333,0.0,0.0,0.0,0.0,0.0,0.0,0.0,0.0,0.0,0,1,0.0,1.0,0.0,0.0,2.0,8.0,0.25,0.426,-0.176,1.0,6.0,0.167,0.338,-0.171,1.0,2.0,0.5,0.507,-0.007,0.0,1.0,0.0,0.562,-0.562,0.0,1.0,0.0,0.533,-0.533,2.0,7.0,0.286,0.356,-0.07,8.0,2.0,6.0,3.0,0.0,0.0,0.0,0.0,0.0,0.0,0.0,0.0,0.0,1.0,1.0,0.0,0.0,0.0,1.0,0.0,0.0,0,0,0,0,0.0,0.0,0,0.0,0,0.0,0,0.0,0,0.0,13308,2.5,1.5,1.0,4.05,4.55,3.48,2019,20181218,False
1629004,Svi Mykhailiuk,Svi,1610612765,DET,22.0,1,0,1,0.0,5.5,0,1,0.0,0,1,0.0,0,0,0.0,0,0,0,0,1,0,0,0,1,0,0,3,-1.0,0,0,0.0,1,41,41,41,76,72,74,72,46,55,46,44,47,44,40,65,69,63,27,39,24,1,15,60,73,27,80,13,1,77,1,,93.5,84.6,84.6,62.7,61.5,61.5,30.8,23.1,23.1,0.0,0.0,0.0,0.0,0.0,0.0,50.0,50.0,0.0,0.0,0.143,0.157,107.0,113.45,94.55,113.45,-0.462,13,0.0,1.0,65,73,73,4,4,4,8,13,13,63,47,63,40,65,69,80,80,72,73,56,50,21,5,5,80,72,74,4,5,0.0,0,0,0,0,0.0,0.0,1,0,0,0.0,0,0,0.0,0,0.0,0,0.0,0,0.0,1,1.0,0,0.0,0,6,5,0.2,2.25,1.0,0.0,0,0,0,0.0,0.0,0.0,,,,,,,,,,,,,,,,,,,,,,,,,,,,,,,,,,,,,,,,,,,,,,,,,,,,,,,,,,,,,,,,,1.0,0.0,1.0,0.0,0.0,0.0,0.0,0.0,,1.0,0.0,1.0,0.0,0,0,,0,0.0,0.0,,,0,0.0,0,0.0,0,0.0,0,0.0,0.0,0.0,0.0,0.0,0.0,0.0,0.0,0.0,0.0,0.0,,,,,,,0,1,0.0,0.0,0.0,0.0,,,,DET,0.0,0.0,0.0,0.0,0.0,0.0,0.0,0.0,0.0,0.0,0.0,0.0,0.0,0.0,0.0,0.0,1.0,0.0,0.0,0.0,0.0,,,,0.0,0.0,0.0,0,1,0.0,1.0,0.0,0.0,0.0,2.0,0.0,0.436,-0.436,0.0,1.0,0.0,0.366,-0.366,0.0,1.0,0.0,0.524,-0.524,0.0,1.0,0.0,0.582,-0.582,0.0,1.0,0.0,0.54,-0.54,0.0,1.0,0.0,0.382,-0.382,2.0,1.0,1.0,0.0,0.0,0.0,0.0,0.0,0.0,0.0,0.0,0.0,0.0,1.0,1.0,1.0,0.0,0.0,1.0,1.0,0.0,0,0,0,0,0.0,0.0,0,0.0,0,0.0,0,0.0,0,0.0,2431,0.5,0.2,0.2,4.56,4.49,3.07,2019,20181218,False
201152,Thaddeus Young,Thaddeus,1610612754,IND,31.0,1,0,1,0.0,31.641666666666666,6,13,0.462,0,0,0.0,1,4,0.25,4,5,9,3,1,2,1,0,0,2,13,10,36.3,0,0,31.0,1,41,41,41,26,14,18,34,46,66,46,35,15,43,5,21,10,21,27,4,8,1,1,28,27,12,14,13,1,15,1,95.0,106.2,108.2,108.2,88.9,91.8,91.8,17.2,16.4,16.4,0.143,3.0,15.8,0.118,0.132,0.125,5.3,5.3,0.462,0.44,0.229,0.228,94.9,92.54,77.11,92.54,0.132,61,6.0,13.0,39,34,34,16,17,17,15,18,18,32,9,37,7,32,17,32,32,47,55,20,21,76,78,78,22,14,18,41,32,0.0,0,2,6,3,0.073,0.073,1,0,1,0.0,0,0,0.0,0,0.0,0,0.0,0,0.0,0,0.0,0,0.0,13,57,32,1.6,1.71,0.75,0.228,4,11,8,0.5,0.545,0.625,4.0,0.0,1.0,4.0,1.0,0.0,1.0,2.1,0.0,5.0,0.0,11.0,0.455,3.0,0.625,3.9,4.0,5.0,0.444,15.0,0.6,3.0,0.75,3.1,1.0,0.462,3.0,6.0,0.5,0.5,0.462,3.0,6.0,0.5,0.0,0.0,0.0,,0.385,2.0,5.0,0.4,0.4,0.385,2.0,5.0,0.4,0.0,0.0,0.0,,0.077,0.0,1.0,0.0,0.0,0.077,0.0,1.0,0.0,0.0,0.0,0.0,,0.077,1.0,1.0,1.0,1.0,0.077,1.0,1.0,1.0,0.0,0.0,0.0,,0,0,,0,,,,,0,0.0,5,0.5,6,0.429,2,1.0,0.462,5.0,10.0,0.5,1.0,3.0,0.333,0.0,0.0,0.0,0.0,0.0,0.0,0.0,0.0,0.0,0,0,0.0,0.0,0.0,0.0,0.0,0.0,0.0,IND,5.0,10.0,0.5,1.0,3.0,0.333,0.0,0.0,0.0,0.0,0.0,0.0,0.0,0.0,0.0,0.0,0.0,0.0,,,,0.0,0.0,0.0,0.0,0.0,0.0,0,0,,,,,3.0,13.0,0.231,0.434,-0.203,1.0,7.0,0.143,0.331,-0.188,2.0,6.0,0.333,0.452,-0.119,2.0,4.0,0.5,0.563,-0.063,2.0,4.0,0.5,0.515,-0.015,1.0,8.0,0.125,0.338,-0.213,14.0,7.0,7.0,6.0,0.0,1.0,2.0,1.0,0.0,1.0,1.0,0.0,0.0,2.0,2.0,0.0,0.0,0.0,1.0,0.0,0.0,3,7,0,0,0.0,0.545,4,0.364,0,0.0,0,0.0,0,0.0,12214,2.3,1.1,1.2,4.12,4.34,3.93,2019,20181218,False
1628418,Thomas Bryant,Thomas,1610612764,WAS,21.0,1,0,1,0.0,14.283333333333333,1,2,0.5,0,0,0.0,2,4,0.5,0,2,2,1,0,0,1,0,2,3,4,-7,10.9,0,0,9.0,1,41,41,41,64,61,68,25,46,66,46,24,15,30,40,48,51,44,53,39,8,1,29,16,60,60,59,13,1,61,1,105.0,78.8,82.1,82.1,103.6,107.1,107.1,-24.8,-25.0,-25.0,0.125,0.0,20.0,0.0,0.111,0.054,0.0,0.0,0.5,0.532,0.121,0.117,97.73,94.1,78.41,94.1,0.065,28,1.0,2.0,76,76,76,30,39,39,67,67,67,37,47,27,40,39,53,1,1,35,42,68,69,65,73,73,50,61,68,15,13,0.0,0,4,3,1,0.067,0.067,0,0,0,0.0,0,0,0.0,0,0.0,0,0.0,0,0.0,0,0.0,0,0.0,4,20,13,0.6,1.79,0.35,0.2,4,0,2,0.0,0.0,0.0,0.0,0.0,0.0,3.0,0.0,0.0,0.0,0.0,2.0,0.0,1.0,4.0,0.5,0.0,0.5,2.9,2.0,0.0,1.0,7.0,0.286,0.0,0.286,2.9,,,,,,,,,,,,,,,1.0,1.0,2.0,0.5,0.5,1.0,1.0,2.0,0.5,0.0,0.0,0.0,,,,,,,,,,,,,,,,,,,,,,,,,,,,0,0,,0,,,,,0,0.0,0,0.0,0,0.0,0,0.0,0.5,1.0,1.0,1.0,0.0,1.0,0.0,0.0,0.0,0.0,0.0,0.0,0.0,0.0,0.0,0.0,0,0,0.0,0.0,0.0,0.0,0.0,0.0,0.0,WAS,1.0,1.0,1.0,0.0,1.0,0.0,0.0,0.0,0.0,0.0,0.0,0.0,0.0,0.0,0.0,0.0,0.0,0.0,,,,0.0,0.0,0.0,0.0,0.0,0.0,0,0,,,,,3.0,10.0,0.3,0.466,-0.166,0.0,4.0,0.0,0.354,-0.354,3.0,6.0,0.5,0.56,-0.06,3.0,5.0,0.6,0.613,-0.013,3.0,5.0,0.6,0.58,0.02,0.0,5.0,0.0,0.351,-0.351,8.0,4.0,4.0,0.0,0.0,3.0,7.0,1.0,0.0,1.0,1.0,0.0,2.0,1.0,3.0,1.0,0.0,0.667,0.333,0.5,0.0,0,0,0,0,0.0,0.0,0,0.0,0,0.0,0,0.0,0,0.0,5726,1.1,0.6,0.5,4.3,4.75,3.85,2019,20181218,False
203107,Tomas Satoransky,Tomas,1610612764,WAS,27.0,1,0,1,0.0,21.2,4,4,1.0,1,1,1.0,2,4,0.5,1,1,2,2,2,1,0,0,5,3,11,-3,17.4,0,0,18.0,1,41,41,41,46,34,60,1,26,55,1,24,15,30,20,51,51,31,16,15,24,1,73,16,41,49,48,13,1,44,1,105.0,107.0,102.1,102.1,102.4,104.0,104.0,4.6,-1.9,-1.9,0.182,1.0,20.0,0.043,0.045,0.044,20.0,20.5,1.125,0.955,0.148,0.153,109.36,110.94,92.45,110.94,0.113,48,4.0,4.0,37,51,51,26,31,31,32,41,41,23,29,27,25,58,56,72,74,1,2,51,52,8,9,9,30,34,60,37,39,0.0,2,8,5,4,0.054,0.108,8,3,3,1.0,1,2,0.5,7,0.875,3,0.375,1,0.125,0,0.0,1,0.125,11,51,26,2.4,2.79,2.55,0.216,1,0,0,0.0,0.0,0.0,0.0,1.0,0.0,2.0,0.5,0.0,0.5,17.6,0.0,1.0,0.0,1.0,1.0,0.0,1.0,8.0,0.0,2.0,0.0,3.0,0.667,0.0,0.667,12.8,,,,,,,,,,,,,,,0.5,2.0,2.0,1.0,1.0,0.5,2.0,2.0,1.0,0.0,0.0,0.0,,0.5,2.0,2.0,1.0,1.25,0.25,1.0,1.0,1.0,0.25,1.0,1.0,1.0,,,,,,,,,,,,,,0,0,,0,0.0,0.0,,,3,1.0,0,0.0,0,0.0,0,0.0,1.125,3.0,3.0,1.0,0.0,0.0,0.0,0.0,0.0,0.0,1.0,1.0,1.0,0.0,0.0,0.0,0,0,0.0,0.0,0.0,0.0,1.0,1.0,1.0,WAS,3.0,3.0,1.0,0.0,0.0,0.0,0.0,0.0,0.0,0.0,0.0,0.0,1.0,1.0,1.0,0.0,0.0,0.0,0.0,0.0,0.0,0.0,0.0,0.0,0.0,0.0,0.0,1,1,1.0,1.0,1.0,1.5,4.0,10.0,0.4,0.469,-0.069,0.0,2.0,0.0,0.296,-0.296,4.0,8.0,0.5,0.537,-0.037,3.0,6.0,0.5,0.596,-0.096,3.0,6.0,0.5,0.559,-0.059,1.0,3.0,0.333,0.344,-0.011,4.0,2.0,2.0,4.0,0.0,1.0,3.0,1.0,0.0,1.0,1.0,0.0,0.0,1.0,1.0,0.0,0.0,0.0,1.0,0.0,0.0,0,0,0,0,0.0,0.0,0,0.0,0,0.0,0,0.0,0,0.0,9714,1.8,0.9,0.9,4.63,5.03,4.28,2019,20181218,False
1628470,Torrey Craig,Torrey,1610612743,DEN,28.0,1,1,0,1.0,20.3,2,5,0.4,1,3,0.333,0,0,0.0,0,1,1,1,2,0,0,0,5,0,5,-5,5.7,0,0,8.0,1,1,1,1,55,53,54,47,26,36,26,44,47,44,40,51,58,44,16,39,24,1,73,60,57,53,70,13,1,63,1,101.0,107.1,112.2,112.2,130.2,124.4,124.4,-23.2,-12.2,-12.2,0.067,0.5,12.5,0.0,0.053,0.026,25.0,25.0,0.5,0.5,0.143,0.14,97.09,96.95,80.79,96.95,-0.036,41,2.0,5.0,36,27,27,72,70,70,66,60,60,53,42,44,40,57,63,77,77,35,49,56,60,69,66,66,72,53,54,16,17,0.0,0,1,2,1,0.063,0.063,0,0,0,0.0,0,0,0.0,0,0.0,0,0.0,0,0.0,0,0.0,0,0.0,5,23,18,0.5,1.43,0.39,0.217,0,0,2,0.0,0.0,1.0,0.0,0.0,0.0,1.0,0.0,0.0,0.0,0.0,0.0,1.0,0.0,2.0,0.5,0.0,0.5,15.2,0.0,1.0,0.0,3.0,0.333,0.0,0.333,15.2,1.0,0.2,0.0,1.0,0.0,0.0,0.2,0.0,1.0,0.0,0.0,0.0,0.0,,,,,,,,,,,,,,,0.4,1.0,2.0,0.5,0.75,0.0,0.0,0.0,,0.4,1.0,2.0,0.5,0.4,1.0,2.0,0.5,0.5,0.2,1.0,1.0,1.0,0.2,0.0,1.0,0.0,0,0,,0,0.0,0.0,,,3,0.333,2,1.0,0,0.0,0,0.0,0.5,1.0,1.0,1.0,0.0,1.0,0.0,0.0,0.0,0.0,0.0,2.0,0.0,0.0,0.0,0.0,1,1,1.0,,,,0.0,2.0,0.0,DEN,1.0,2.0,0.5,0.0,0.0,0.0,0.0,0.0,0.0,0.0,0.0,0.0,0.0,2.0,0.0,1.0,1.0,1.0,,,,,,,,,,1,3,1.0,3.0,0.333,0.5,0.0,4.0,0.0,0.417,-0.417,0.0,3.0,0.0,0.317,-0.317,0.0,1.0,0.0,0.431,-0.431,0.0,1.0,0.0,0.551,-0.551,0.0,1.0,0.0,0.494,-0.494,0.0,3.0,0.0,0.343,-0.343,4.0,1.0,3.0,0.0,0.0,0.0,0.0,0.0,0.0,0.0,0.0,0.0,0.0,0.0,0.0,0.0,0.0,0.0,0.0,0.0,0.0,0,0,0,0,0.0,0.0,0,0.0,0,0.0,0,0.0,0,0.0,8428,1.6,0.8,0.8,4.44,4.3,4.59,2019,20181218,False
1629027,Trae Young,Trae,1610612737,ATL,20.0,1,1,0,1.0,26.433333333333334,5,11,0.455,3,6,0.5,6,8,0.75,0,3,3,4,5,1,0,0,2,6,19,2,26.6,0,0,31.0,1,1,1,1,35,23,28,36,6,12,10,5,5,20,40,32,44,11,1,15,24,1,29,7,11,32,26,13,1,15,1,104.0,105.0,107.0,107.0,100.0,98.3,98.3,5.0,8.7,8.7,0.333,0.8,17.4,0.0,0.083,0.049,21.7,21.3,0.591,0.654,0.292,0.3,106.34,106.23,88.52,106.23,0.141,57,5.0,11.0,41,36,36,24,23,23,30,27,27,7,39,34,40,51,55,75,75,25,20,6,6,24,22,22,19,23,28,49,65,1.0,0,10,12,5,0.082,0.102,12,1,2,0.5,2,2,1.0,4,0.333,4,0.333,3,0.25,1,0.083,1,0.083,19,72,23,6.8,5.67,5.72,0.264,1,0,1,0.0,0.0,0.0,0.0,0.0,0.0,2.0,0.0,0.0,0.0,0.0,0.0,3.0,0.0,3.0,1.0,0.0,1.0,9.8,0.0,3.0,0.0,4.0,0.75,0.0,0.75,9.8,,,,,,,,,,,,,,,0.455,3.0,5.0,0.6,0.7,0.364,2.0,4.0,0.5,0.091,1.0,1.0,1.0,0.273,0.0,3.0,0.0,0.0,0.091,0.0,1.0,0.0,0.182,0.0,2.0,0.0,0.273,2.0,3.0,0.667,1.0,0.0,0.0,0.0,,0.273,2.0,3.0,0.667,3,8,0.375,8,2.0,5.0,0.4,0.5,3,1.0,0,0.0,0,0.0,0,0.0,0.591,0.0,1.0,0.0,1.0,1.0,1.0,1.0,3.0,0.333,1.0,1.0,1.0,0.0,0.0,0.0,2,5,0.4,0.0,0.0,0.0,1.0,1.0,1.0,ATL,0.0,1.0,0.0,1.0,1.0,1.0,1.0,1.0,1.0,0.0,1.0,0.0,1.0,2.0,0.5,2.0,5.0,0.4,0.0,0.0,0.0,0.0,0.0,0.0,0.0,0.0,0.0,1,1,1.0,1.0,1.0,1.5,4.0,9.0,0.444,0.437,0.008,1.0,5.0,0.2,0.351,-0.151,3.0,4.0,0.75,0.51,0.24,1.0,1.0,1.0,0.613,0.387,1.0,1.0,1.0,0.55,0.45,3.0,8.0,0.375,0.348,0.027,9.0,5.0,4.0,2.0,0.0,0.0,0.0,1.0,0.0,1.0,1.0,0.0,0.0,0.0,0.0,0.0,0.0,0.0,0.0,0.0,0.0,0,0,0,0,0.0,0.0,0,0.0,0,0.0,0,0.0,0,0.0,10909,2.1,1.2,0.9,4.42,4.82,3.99,2019,20181218,False
2772,Trevor Ariza,Trevor,1610612764,WAS,33.0,1,0,1,0.0,38.13333333333333,6,17,0.353,4,11,0.364,3,3,1.0,1,7,8,4,1,6,0,1,2,1,19,-3,51.6,0,0,47.0,1,41,41,41,7,14,7,54,3,1,25,17,25,1,20,12,13,11,27,1,24,57,29,38,11,49,5,13,1,5,1,105.0,100.4,101.2,101.2,103.6,107.2,107.2,-3.3,-6.1,-6.1,0.167,4.0,17.4,0.023,0.179,0.098,4.3,4.3,0.471,0.519,0.2,0.211,107.97,105.73,88.11,105.73,0.164,85,6.0,17.0,54,53,53,31,40,40,44,49,49,26,4,34,38,24,29,30,30,45,44,30,28,15,26,26,15,14,7,50,45,0.0,1,6,8,5,0.08,0.1,4,0,2,0.0,0,0,0.0,0,0.0,2,0.5,0,0.0,0,0.0,0,0.0,19,69,49,2.0,1.73,0.86,0.275,0,0,2,0.0,0.0,0.0,0.0,1.0,0.0,6.0,0.167,0.0,0.167,2.6,3.0,4.0,0.429,12.0,0.583,0.0,0.583,6.0,3.0,5.0,0.375,16.0,0.5,0.0,0.5,5.6,1.0,0.059,0.0,1.0,0.0,0.0,0.059,0.0,1.0,0.0,0.0,0.0,0.0,,0.353,3.0,6.0,0.5,0.667,0.235,1.0,4.0,0.25,0.118,2.0,2.0,1.0,0.294,1.0,5.0,0.2,0.2,0.059,1.0,1.0,1.0,0.235,0.0,4.0,0.0,0.294,2.0,5.0,0.4,0.6,0.0,0.0,0.0,,0.294,2.0,5.0,0.4,1,2,0.5,2,0.0,1.0,0.0,0.5,12,0.4,0,0.0,0,0.0,0,0.0,0.471,1.0,5.0,0.2,0.0,0.0,0.0,1.0,1.0,1.0,1.0,1.0,1.0,2.0,6.0,0.333,1,4,0.25,0.0,0.0,0.0,3.0,7.0,0.429,WAS,1.0,5.0,0.2,0.0,0.0,0.0,0.0,0.0,0.0,1.0,1.0,1.0,3.0,9.0,0.333,1.0,2.0,0.5,0.0,0.0,0.0,0.0,0.0,0.0,0.0,0.0,0.0,4,10,4.0,10.0,0.4,0.6,3.0,7.0,0.429,0.435,-0.007,2.0,3.0,0.667,0.342,0.325,1.0,4.0,0.25,0.51,-0.26,0.0,3.0,0.0,0.597,-0.597,1.0,4.0,0.25,0.541,-0.291,2.0,3.0,0.667,0.352,0.314,5.0,2.0,3.0,7.0,0.0,1.0,2.0,0.0,1.0,1.0,0.0,1.0,0.0,2.0,2.0,1.0,1.0,0.0,1.0,1.0,1.0,0,0,0,0,0.0,0.0,0,0.0,0,0.0,0,0.0,0,0.0,14764,2.8,1.4,1.4,4.07,4.27,3.88,2019,20181218,False
1626168,Trey Lyles,Trey,1610612743,DEN,23.0,1,1,0,1.0,21.085,5,7,0.714,3,4,0.75,3,4,0.75,0,3,3,0,0,0,0,0,2,2,16,7,19.6,0,0,22.0,1,1,1,1,47,23,42,8,6,21,5,17,15,20,40,32,44,63,53,39,24,1,29,28,18,20,43,13,1,36,1,101.0,121.5,119.6,119.6,106.0,104.3,104.3,15.5,15.2,15.2,0.0,0.0,0.0,0.0,0.125,0.071,0.0,0.0,0.929,0.913,0.17,0.171,103.08,104.72,87.27,104.72,0.155,46,5.0,7.0,17,17,17,37,32,32,18,20,20,63,47,63,40,33,39,1,1,4,3,43,43,45,38,38,17,23,42,15,16,0.0,0,0,0,0,0.0,0.0,1,0,1,0.0,0,0,0.0,0,0.0,0,0.0,0,0.0,0,0.0,0,0.0,16,26,15,1.0,2.24,1.12,0.615,1,3,1,0.0,1.667,2.0,0.0,0.0,0.0,0.0,0.0,0.0,0.0,0.0,0.0,3.0,0.0,7.0,0.429,0.0,0.429,3.6,0.0,3.0,0.0,7.0,0.429,0.0,0.429,3.6,,,,,,,,,,,,,,,0.286,1.0,2.0,0.5,0.5,0.286,1.0,2.0,0.5,0.0,0.0,0.0,,0.143,0.0,1.0,0.0,0.0,0.0,0.0,0.0,,0.143,0.0,1.0,0.0,0.571,4.0,4.0,1.0,1.375,0.143,1.0,1.0,1.0,0.429,3.0,3.0,1.0,0,0,,0,0.0,0.0,,,9,0.75,2,1.0,5,1.0,0,0.0,0.929,1.0,2.0,0.5,1.0,1.0,1.0,0.0,0.0,0.0,0.0,0.0,0.0,0.0,0.0,0.0,3,4,0.75,,,,0.0,0.0,0.0,DEN,1.0,2.0,0.5,1.0,1.0,1.0,0.0,0.0,0.0,0.0,0.0,0.0,1.0,1.0,1.0,2.0,3.0,0.667,,,,0.0,0.0,0.0,,,,3,4,3.0,4.0,0.75,1.125,4.0,9.0,0.444,0.416,0.028,1.0,3.0,0.333,0.311,0.023,3.0,6.0,0.5,0.469,0.032,2.0,4.0,0.5,0.56,-0.06,2.0,4.0,0.5,0.511,-0.011,1.0,4.0,0.25,0.323,-0.073,5.0,4.0,1.0,0.0,0.0,0.0,0.0,0.0,0.0,0.0,0.0,0.0,0.0,2.0,2.0,1.0,0.0,0.0,1.0,1.0,0.0,1,1,4,5,0.8,1.667,0,0.0,0,0.0,0,0.0,2,0.667,7855,1.5,0.8,0.7,3.92,4.23,3.61,2019,20181218,False
201936,Tyreke Evans,Tyreke,1610612754,IND,29.0,1,0,1,0.0,14.283333333333333,2,9,0.222,0,1,0.0,0,0,0.0,1,1,2,1,0,0,0,3,2,0,4,-9,7.9,0,0,7.0,1,41,41,41,64,53,35,66,46,55,46,44,47,44,20,51,51,44,53,39,24,79,29,60,60,68,64,13,1,64,1,95.0,76.2,74.2,74.2,111.3,114.3,114.3,-35.1,-40.1,-40.1,0.143,0.0,10.0,0.043,0.077,0.056,0.0,0.0,0.222,0.222,0.231,0.249,99.07,99.14,82.61,99.14,-0.045,31,2.0,9.0,78,78,78,49,54,54,74,77,77,32,47,55,25,53,50,1,1,68,70,18,18,60,61,61,73,53,35,19,24,0.0,0,4,2,1,0.053,0.053,6,1,3,0.333,0,0,0.0,2,0.333,2,0.333,1,0.167,0,0.0,0,0.0,4,29,24,1.5,3.01,2.45,0.138,1,0,2,2.0,0.0,0.0,1.0,0.0,1.0,4.0,0.25,0.0,0.25,2.0,0.0,1.0,0.0,2.0,0.5,1.0,1.0,11.3,1.0,1.0,0.5,6.0,0.333,1.0,0.4,6.6,1.0,0.444,1.0,4.0,0.25,0.25,0.444,1.0,4.0,0.25,0.0,0.0,0.0,,0.333,1.0,3.0,0.333,0.333,0.333,1.0,3.0,0.333,0.0,0.0,0.0,,0.111,0.0,1.0,0.0,0.0,0.111,0.0,1.0,0.0,0.0,0.0,0.0,,0.111,0.0,1.0,0.0,0.0,0.0,0.0,0.0,,0.111,0.0,1.0,0.0,0,2,0.0,0,0.0,0.0,,0.0,0,0.0,0,0.0,0,0.0,2,1.0,0.222,2.0,5.0,0.4,0.0,1.0,0.0,0.0,2.0,0.0,0.0,0.0,0.0,0.0,0.0,0.0,0,1,0.0,0.0,0.0,0.0,0.0,0.0,0.0,IND,2.0,6.0,0.333,0.0,0.0,0.0,0.0,0.0,0.0,0.0,1.0,0.0,0.0,1.0,0.0,0.0,1.0,0.0,,,,,,,0.0,0.0,0.0,0,1,0.0,1.0,0.0,0.0,3.0,5.0,0.6,0.409,0.191,1.0,1.0,1.0,0.365,0.635,2.0,4.0,0.5,0.442,0.058,1.0,1.0,1.0,0.544,0.456,1.0,2.0,0.5,0.486,0.014,2.0,3.0,0.667,0.339,0.328,4.0,2.0,2.0,0.0,0.0,0.0,0.0,1.0,2.0,3.0,0.333,0.667,0.0,0.0,0.0,0.0,0.0,0.0,0.0,0.0,0.0,0,0,0,0,0.0,0.0,0,0.0,0,0.0,0,0.0,0,0.0,5476,1.0,0.6,0.5,3.97,4.56,4.16,2019,20181218,False
2199,Tyson Chandler,Tyson,1610612747,LAL,36.0,1,0,1,0.0,17.133333333333333,2,2,1.0,0,0,0.0,1,2,0.5,2,2,4,3,0,0,2,0,2,1,5,-3,20.3,0,0,16.0,1,41,41,41,57,53,68,1,46,66,46,35,30,30,8,48,34,21,53,39,2,1,29,38,57,49,42,13,1,48,1,106.0,101.0,105.1,105.1,108.8,112.8,112.8,-7.8,-7.7,-7.7,0.231,0.0,50.0,0.1,0.105,0.103,0.0,0.0,1.0,0.868,0.067,0.065,113.52,109.26,91.05,109.26,0.113,39,2.0,2.0,53,44,44,45,52,52,52,55,55,17,47,1,9,43,26,1,1,2,6,75,75,2,11,11,29,53,68,20,13,0.0,0,6,6,3,0.15,0.15,0,0,0,0.0,0,0,0.0,0,0.0,0,0.0,0,0.0,0,0.0,0,0.0,5,23,14,0.5,1.4,0.13,0.217,5,0,5,0.0,0.0,1.0,2.0,0.0,1.0,2.0,1.0,0.0,1.0,2.1,2.0,0.0,1.0,5.0,0.4,1.0,0.5,4.5,4.0,0.0,1.0,7.0,0.571,1.0,0.667,3.3,,,,,,,,,,,,,,,1.0,2.0,2.0,1.0,1.0,1.0,2.0,2.0,1.0,0.0,0.0,0.0,,,,,,,,,,,,,,,,,,,,,,,,,,,,0,0,,0,,,,,0,0.0,5,1.0,0,0.0,0,0.0,1.0,1.0,1.0,1.0,1.0,1.0,1.0,0.0,0.0,0.0,0.0,0.0,0.0,0.0,0.0,0.0,0,0,0.0,0.0,0.0,0.0,0.0,0.0,0.0,LAL,2.0,2.0,1.0,0.0,0.0,0.0,0.0,0.0,0.0,0.0,0.0,0.0,0.0,0.0,0.0,0.0,0.0,0.0,,,,,,,0.0,0.0,0.0,0,0,,,,,9.0,17.0,0.529,0.522,0.008,3.0,5.0,0.6,0.351,0.249,6.0,12.0,0.5,0.569,-0.069,5.0,11.0,0.455,0.619,-0.165,5.0,11.0,0.455,0.588,-0.134,4.0,6.0,0.667,0.358,0.309,7.0,6.0,1.0,0.0,0.0,3.0,6.0,0.0,0.0,0.0,0.0,0.0,0.0,3.0,3.0,1.0,1.0,0.0,1.0,1.0,1.0,0,0,0,0,0.0,0.0,0,0.0,0,0.0,0,0.0,0,0.0,6416,1.2,0.6,0.6,4.02,4.0,4.03,2019,20181218,False
203506,Victor Oladipo,Victor,1610612754,IND,27.0,1,0,1,0.0,33.71666666666667,4,15,0.267,1,6,0.167,3,6,0.5,0,5,5,5,3,1,2,1,2,3,12,8,31.5,0,0,29.0,1,41,41,41,21,34,12,64,26,12,44,17,10,30,40,21,28,8,8,15,2,57,29,16,34,18,19,13,1,21,1,95.0,101.4,104.6,104.6,88.3,90.9,90.9,13.1,13.7,13.7,0.208,1.67,19.2,0.0,0.125,0.065,11.5,11.7,0.3,0.34,0.28,0.275,96.09,93.25,77.71,93.25,0.046,65,4.0,15.0,51,47,47,13,14,14,21,21,21,19,26,31,40,33,44,53,53,64,63,7,9,73,77,77,58,34,12,43,56,0.0,1,8,11,6,0.116,0.14,8,0,1,0.0,1,2,0.5,1,0.125,2,0.25,2,0.25,2,0.25,1,0.125,12,65,40,3.4,3.13,2.14,0.185,0,0,1,0.0,0.0,0.0,0.0,0.0,0.0,2.0,0.0,0.0,0.0,0.0,0.0,5.0,0.0,9.0,0.556,2.0,0.714,7.7,0.0,5.0,0.0,11.0,0.455,2.0,0.556,7.7,1.0,0.133,0.0,2.0,0.0,0.0,0.133,0.0,2.0,0.0,0.0,0.0,0.0,,0.333,3.0,5.0,0.6,0.7,0.267,2.0,4.0,0.5,0.067,1.0,1.0,1.0,0.533,1.0,8.0,0.125,0.125,0.2,1.0,3.0,0.333,0.333,0.0,5.0,0.0,,,,,,,,,,,,,,3,9,0.333,7,1.0,4.0,0.25,0.389,0,0.0,0,0.0,0,0.0,0,0.0,0.3,1.0,3.0,0.333,0.0,1.0,0.0,2.0,5.0,0.4,0.0,1.0,0.0,0.0,0.0,0.0,1,5,0.2,0.0,0.0,0.0,0.0,1.0,0.0,IND,1.0,3.0,0.333,0.0,1.0,0.0,0.0,1.0,0.0,1.0,3.0,0.333,1.0,3.0,0.333,1.0,3.0,0.333,0.0,0.0,0.0,0.0,0.0,0.0,0.0,1.0,0.0,0,2,0.0,2.0,0.0,0.0,2.0,12.0,0.167,0.449,-0.283,1.0,5.0,0.2,0.367,-0.167,1.0,7.0,0.143,0.516,-0.373,1.0,4.0,0.25,0.638,-0.388,1.0,5.0,0.2,0.587,-0.387,1.0,6.0,0.167,0.383,-0.216,12.0,7.0,5.0,2.0,0.0,0.0,0.0,0.0,1.0,1.0,0.0,1.0,0.0,3.0,3.0,2.0,0.0,0.0,1.0,1.0,0.0,0,0,0,0,0.0,0.0,0,0.0,0,0.0,0,0.0,0,0.0,13106,2.5,1.2,1.2,4.19,4.42,3.68,2019,20181218,False
1713,Vince Carter,Vince,1610612737,ATL,42.0,1,1,0,1.0,20.97833333333333,2,5,0.4,2,4,0.5,0,0,0.0,2,4,6,0,3,2,0,0,4,0,6,-6,16.2,0,0,18.0,1,1,1,1,49,53,54,47,13,21,10,44,47,44,8,25,21,63,8,4,24,1,65,60,53,55,52,13,1,44,1,104.0,99.1,100.0,100.0,114.8,106.0,106.0,-15.7,-6.0,-6.0,0.0,0.0,0.0,0.095,0.19,0.143,37.5,37.5,0.6,0.6,0.148,0.15,107.08,110.97,92.48,110.97,0.047,47,2.0,5.0,57,54,54,57,36,36,61,48,48,63,47,63,12,21,12,79,79,24,27,51,53,20,8,8,57,53,54,39,20,0.0,0,2,0,0,0.0,0.0,3,0,1,0.0,0,0,0.0,0,0.0,2,0.667,0,0.0,0,0.0,0,0.0,6,46,23,1.3,1.73,0.48,0.13,1,0,1,0.0,0.0,0.0,1.0,1.0,0.5,3.0,0.667,0.0,0.667,13.3,1.0,3.0,0.25,5.0,0.8,0.0,0.8,5.3,2.0,4.0,0.333,8.0,0.75,0.0,0.75,8.0,,,,,,,,,,,,,,,0.2,0.0,1.0,0.0,0.0,0.2,0.0,1.0,0.0,0.0,0.0,0.0,,0.4,1.0,2.0,0.5,0.75,0.0,0.0,0.0,,0.4,1.0,2.0,0.5,0.4,1.0,2.0,0.5,0.75,0.0,0.0,0.0,,0.4,1.0,2.0,0.5,0,1,0.0,0,0.0,1.0,0.0,0.0,6,0.667,0,0.0,0,0.0,0,0.0,0.6,0.0,0.0,0.0,0.0,1.0,0.0,0.0,0.0,0.0,0.0,0.0,0.0,0.0,1.0,0.0,2,3,0.667,0.0,0.0,0.0,0.0,1.0,0.0,ATL,0.0,0.0,0.0,0.0,1.0,0.0,0.0,0.0,0.0,0.0,0.0,0.0,0.0,1.0,0.0,2.0,3.0,0.667,0.0,0.0,0.0,0.0,0.0,0.0,0.0,0.0,0.0,2,3,2.0,3.0,0.667,1.0,3.0,4.0,0.75,0.45,0.3,1.0,2.0,0.5,0.326,0.175,2.0,2.0,1.0,0.542,0.458,2.0,2.0,1.0,0.643,0.357,2.0,2.0,1.0,0.597,0.403,1.0,2.0,0.5,0.347,0.154,3.0,1.0,2.0,3.0,0.0,0.0,0.0,0.0,1.0,1.0,0.0,1.0,0.0,1.0,1.0,1.0,0.0,0.0,1.0,1.0,0.0,0,0,0,0,0.0,0.0,0,0.0,0,0.0,0,0.0,0,0.0,8029,1.5,0.9,0.6,3.91,4.49,3.27,2019,20181218,False
202083,Wesley Matthews,Wesley,1610612754,IND,32.0,1,0,1,0.0,31.95,4,12,0.333,4,5,0.8,2,2,1.0,1,1,2,4,2,2,0,2,2,1,14,-14,26.4,0,0,28.0,1,41,41,41,25,34,21,55,3,17,4,24,30,1,20,51,51,11,16,4,24,75,29,38,24,76,28,13,1,22,1,95.0,102.8,102.9,102.9,120.9,122.9,122.9,-18.1,-20.0,-20.0,0.19,2.0,21.1,0.029,0.036,0.032,10.5,10.6,0.5,0.543,0.203,0.209,106.07,105.16,87.64,105.16,0.067,70,4.0,12.0,48,50,50,66,69,69,65,64,64,21,16,26,31,62,61,47,48,35,38,29,29,27,32,32,48,34,21,24,31,1.0,0,7,8,4,0.167,0.167,3,0,0,0.0,2,2,1.0,2,0.667,2,0.667,0,0.0,0,0.0,1,0.333,14,41,31,1.4,1.99,1.07,0.341,2,3,3,0.5,0.0,0.333,1.0,0.0,1.0,4.0,0.25,0.0,0.25,1.5,0.0,1.0,0.0,2.0,0.5,0.0,0.5,9.9,1.0,1.0,0.5,6.0,0.333,0.0,0.333,5.7,,,,,,,,,,,,,,,0.583,1.0,7.0,0.143,0.214,0.5,0.0,6.0,0.0,0.083,1.0,1.0,1.0,0.25,1.0,3.0,0.333,0.5,0.083,0.0,1.0,0.0,0.167,1.0,2.0,0.5,0.167,2.0,2.0,1.0,1.5,0.0,0.0,0.0,,0.167,2.0,2.0,1.0,2,3,0.667,6,2.0,2.0,1.0,1.0,6,0.667,1,0.0,0,0.0,1,0.0,0.5,0.0,4.0,0.0,0.0,1.0,0.0,0.0,2.0,0.0,1.0,1.0,1.0,1.0,1.0,1.0,2,3,0.667,0.0,0.0,0.0,2.0,2.0,1.0,IND,0.0,4.0,0.0,0.0,2.0,0.0,0.0,0.0,0.0,0.0,0.0,0.0,3.0,4.0,0.75,1.0,2.0,0.5,,,,0.0,0.0,0.0,0.0,0.0,0.0,2,3,2.0,3.0,0.667,1.0,4.0,9.0,0.444,0.453,-0.008,1.0,4.0,0.25,0.376,-0.126,3.0,5.0,0.6,0.496,0.104,1.0,1.0,1.0,0.564,0.436,1.0,1.0,1.0,0.546,0.454,2.0,6.0,0.333,0.38,-0.046,5.0,1.0,4.0,5.0,1.0,0.0,0.0,1.0,1.0,2.0,0.5,0.5,0.0,1.0,1.0,1.0,0.0,0.0,1.0,1.0,0.0,0,3,0,0,0.0,0.0,0,0.0,0,0.0,0,0.0,0,0.0,12326,2.3,1.3,1.1,4.05,4.63,3.82,2019,20181218,False
