PLAYER_ID,PLAYER_NAME,NICKNAME,TEAM_ID,TEAM_ABBREVIATION,AGE,GP,W,L,W_PCT,MIN,FGM,FGA,FG_PCT,FG3M,FG3A,FG3_PCT,FTM,FTA,FT_PCT,OREB,DREB,REB,AST,TOV,STL,BLK,BLKA,PF,PFD,PTS,PLUS_MINUS,NBA_FANTASY_PTS,DD2,TD3,WNBA_FANTASY_PTS,GP_RANK,W_RANK,L_RANK,W_PCT_RANK,MIN_RANK,FGM_RANK,FGA_RANK,FG_PCT_RANK,FG3M_RANK,FG3A_RANK,FG3_PCT_RANK,FTM_RANK,FTA_RANK,FT_PCT_RANK,OREB_RANK,DREB_RANK,REB_RANK,AST_RANK,TOV_RANK,STL_RANK,BLK_RANK,BLKA_RANK,PF_RANK,PFD_RANK,PTS_RANK,PLUS_MINUS_RANK,NBA_FANTASY_PTS_RANK,DD2_RANK,TD3_RANK,WNBA_FANTASY_PTS_RANK,TEAM_COUNT,team_poss,E_OFF_RATING,OFF_RATING,sp_work_OFF_RATING,E_DEF_RATING,DEF_RATING,sp_work_DEF_RATING,E_NET_RATING,NET_RATING,sp_work_NET_RATING,AST_PCT,AST_TO,AST_RATIO,OREB_PCT,DREB_PCT,REB_PCT,TM_TOV_PCT,E_TOV_PCT,EFG_PCT,TS_PCT,USG_PCT,E_USG_PCT,E_PACE,PACE,PACE_PER40,sp_work_PACE,PIE,POSS,FGM_PG,FGA_PG,E_OFF_RATING_RANK,OFF_RATING_RANK,sp_work_OFF_RATING_RANK,E_DEF_RATING_RANK,DEF_RATING_RANK,sp_work_DEF_RATING_RANK,E_NET_RATING_RANK,NET_RATING_RANK,sp_work_NET_RATING_RANK,AST_PCT_RANK,AST_TO_RANK,AST_RATIO_RANK,OREB_PCT_RANK,DREB_PCT_RANK,REB_PCT_RANK,TM_TOV_PCT_RANK,E_TOV_PCT_RANK,EFG_PCT_RANK,TS_PCT_RANK,USG_PCT_RANK,E_USG_PCT_RANK,E_PACE_RANK,PACE_RANK,sp_work_PACE_RANK,PIE_RANK,FGM_PG_RANK,FGA_PG_RANK,PASSES_MADE,PASSES_RECEIVED,FT_AST,SECONDARY_AST,POTENTIAL_AST,AST_PTS_CREATED,AST_ADJ,AST_TO_PASS_PCT,AST_TO_PASS_PCT_ADJ,DRIVES,DRIVE_FGM,DRIVE_FGA,DRIVE_FG_PCT,DRIVE_FTM,DRIVE_FTA,DRIVE_FT_PCT,DRIVE_PTS,DRIVE_PTS_PCT,DRIVE_PASSES,DRIVE_PASSES_PCT,DRIVE_AST,DRIVE_AST_PCT,DRIVE_TOV,DRIVE_TOV_PCT,DRIVE_PF,DRIVE_PF_PCT,POINTS,TOUCHES,FRONT_CT_TOUCHES,TIME_OF_POSS,AVG_SEC_PER_TOUCH,AVG_DRIB_PER_TOUCH,PTS_PER_TOUCH,ELBOW_TOUCHES,POST_TOUCHES,PAINT_TOUCHES,PTS_PER_ELBOW_TOUCH,PTS_PER_POST_TOUCH,PTS_PER_PAINT_TOUCH,OREB_CONTEST,OREB_UNCONTEST,OREB_CONTEST_PCT,OREB_CHANCES,OREB_CHANCE_PCT,OREB_CHANCE_DEFER,OREB_CHANCE_PCT_ADJ,AVG_OREB_DIST,DREB_CONTEST,DREB_UNCONTEST,DREB_CONTEST_PCT,DREB_CHANCES,DREB_CHANCE_PCT,DREB_CHANCE_DEFER,DREB_CHANCE_PCT_ADJ,AVG_DREB_DIST,REB_CONTEST,REB_UNCONTEST,REB_CONTEST_PCT,REB_CHANCES,REB_CHANCE_PCT,REB_CHANCE_DEFER,REB_CHANCE_PCT_ADJ,AVG_REB_DIST,G,very_tight_FGA_FREQUENCY,very_tight_FGM,very_tight_FGA,very_tight_FG_PCT,very_tight_EFG_PCT,very_tight_FG2A_FREQUENCY,very_tight_FG2M,very_tight_FG2A,very_tight_FG2_PCT,very_tight_FG3A_FREQUENCY,very_tight_FG3M,very_tight_FG3A,very_tight_FG3_PCT,tight_FGA_FREQUENCY,tight_FGM,tight_FGA,tight_FG_PCT,tight_EFG_PCT,tight_FG2A_FREQUENCY,tight_FG2M,tight_FG2A,tight_FG2_PCT,tight_FG3A_FREQUENCY,tight_FG3M,tight_FG3A,tight_FG3_PCT,open_FGA_FREQUENCY,open_FGM,open_FGA,open_FG_PCT,open_EFG_PCT,open_FG2A_FREQUENCY,open_FG2M,open_FG2A,open_FG2_PCT,open_FG3A_FREQUENCY,open_FG3M,open_FG3A,open_FG3_PCT,wide_open_FGA_FREQUENCY,wide_open_FGM,wide_open_FGA,wide_open_FG_PCT,wide_open_EFG_PCT,wide_open_FG2A_FREQUENCY,wide_open_FG2M,wide_open_FG2A,wide_open_FG2_PCT,wide_open_FG3A_FREQUENCY,wide_open_FG3M,wide_open_FG3A,wide_open_FG3_PCT,PULL_UP_FGM,PULL_UP_FGA,PULL_UP_FG_PCT,PULL_UP_PTS,PULL_UP_FG3M,PULL_UP_FG3A,PULL_UP_FG3_PCT,PULL_UP_EFG_PCT,CATCH_SHOOT_PTS,CATCH_SHOOT_FG_PCT,PAINT_TOUCH_PTS,PAINT_TOUCH_FG_PCT,POST_TOUCH_PTS,POST_TOUCH_FG_PCT,ELBOW_TOUCH_PTS,ELBOW_TOUCH_FG_PCT,EFF_FG_PCT,RA_FGM,RA_FGA,RA_FG_PCT,ITP_FGM,ITP_FGA,ITP_FG_PCT,MID_FGM,MID_FGA,MID_FG_PCT,LEFT_CORNER_3_FGM,LEFT_CORNER_3_FGA,LEFT_CORNER_3_FG_PCT,RIGHT_CORNER_3_FGM,RIGHT_CORNER_3_FGA,RIGHT_CORNER_3_FG_PCT,ABOVE_BREAK_3_FGM,ABOVE_BREAK_3_FGA,ABOVE_BREAK_3_FG_PCT,BACKCOURT_FGM,BACKCOURT_FGA,BACKCOURT_FG_PCT,CORNER_3_FGM,CORNER_3_FGA,CORNER_3_FG_PCT,TEAM_ABBR,FGM_LT_5,FGA_LT_5,FGP_LT_5,FGM_5_9,FGA_5_9,FGP_5_9,FGM_10_14,FGA_10_14,FGP_10_14,FGM_15_19,FGA_15_19,FGP_15_19,FGM_20_24,FGA_20_24,FGP_20_24,FGM_25_29,FGA_25_29,FGP_25_29,FGM_30_34,FGA_30_34,FGP_30_34,FGM_35_39,FGA_35_39,FGP_35_39,FGM_40_PLUS,FGA_40_PLUS,FGP_40_PLUS,CATCH_SHOOT_FGM,CATCH_SHOOT_FGA,CATCH_SHOOT_FG3M,CATCH_SHOOT_FG3A,CATCH_SHOOT_FG3_PCT,CATCH_SHOOT_EFG_PCT,overall_def_D_FGM,overall_def_D_FGA,overall_def_D_FG_PCT,overall_def_NORMAL_FG_PCT,overall_def_PCT_PLUSMINUS,three_pt_def_FG3M,three_pt_def_FG3A,three_pt_def_FG3_PCT,three_pt_def_NS_FG3_PCT,three_pt_def_PLUSMINUS,two_pt_def_FG2M,two_pt_def_FG2A,two_pt_def_FG2_PCT,two_pt_def_NS_FG2_PCT,two_pt_def_PLUSMINUS,less_6ft_def_FGM_LT_06,less_6ft_def_FGA_LT_06,less_6ft_def_LT_06_PCT,less_6ft_def_NS_LT_06_PCT,less_6ft_def_PLUSMINUS,less_10ft_def_FGM_LT_10,less_10ft_def_FGA_LT_10,less_10ft_def_LT_10_PCT,less_10ft_def_NS_LT_10_PCT,less_10ft_def_PLUSMINUS,more_15ft_def_FGM_GT_15,more_15ft_def_FGA_GT_15,more_15ft_def_GT_15_PCT,more_15ft_def_NS_GT_15_PCT,more_15ft_def_PLUSMINUS,hustle_CONTESTED_SHOTS,hustle_CONTESTED_SHOTS_2PT,hustle_CONTESTED_SHOTS_3PT,hustle_DEFLECTIONS,hustle_CHARGES_DRAWN,hustle_SCREEN_ASSISTS,hustle_SCREEN_AST_PTS,hustle_OFF_LOOSE_BALLS_RECOVERED,hustle_DEF_LOOSE_BALLS_RECOVERED,hustle_LOOSE_BALLS_RECOVERED,hustle_PCT_LOOSE_BALLS_RECOVERED_OFF,hustle_PCT_LOOSE_BALLS_RECOVERED_DEF,hustle_OFF_BOXOUTS,hustle_DEF_BOXOUTS,hustle_BOX_OUTS,hustle_BOX_OUT_PLAYER_TEAM_REBS,hustle_BOX_OUT_PLAYER_REBS,hustle_PCT_BOX_OUTS_OFF,hustle_PCT_BOX_OUTS_DEF,hustle_PCT_BOX_OUTS_TEAM_REB,hustle_PCT_BOX_OUTS_REB,POST_TOUCH_FGM,POST_TOUCH_FGA,POST_TOUCH_FTM,POST_TOUCH_FTA,POST_TOUCH_FT_PCT,POST_TOUCH_PTS_PCT,POST_TOUCH_PASSES,POST_TOUCH_PASSES_PCT,POST_TOUCH_AST,POST_TOUCH_AST_PCT,POST_TOUCH_TOV,POST_TOUCH_TOV_PCT,POST_TOUCH_FOULS,POST_TOUCH_FOULS_PCT,DIST_FEET,DIST_MILES,DIST_MILES_OFF,DIST_MILES_DEF,AVG_SPEED,AVG_SPEED_OFF,AVG_SPEED_DEF,year,date,playoffs
203932,Aaron Gordon,Aaron,1610612753,ORL,23.0,1,0,1,0.0,32.45,7,12,0.583,1,4,0.25,5,5,1.0,0,3,3,4,3,1,0,2,3,5,20,-15,29.6,0,0,30.0,1,87,87,87,21,21,38,49,54,45,82,8,13,1,74,65,83,21,6,16,52,169,124,10,16,167,35,15,2,32,1,92,99.2,104.8,104.8,129.3,128.6,128.6,-30.1,-23.8,-23.8,0.2,1.33,19.0,0.0,0.1,0.049,14.3,14.2,0.625,0.704,0.23,0.234,95.53,93.19,77.66,93.19,0.118,63,7.0,12.0,124,110,110,157,158,158,156,150,150,46,53,72,74,102,116,143,144,60,50,54,54,162,159,159,64,21,38,32,36,0.0,1,9,9,5,0.125,0.156,10,0,2,0.0,2,2,1.0,2,0.2,5,0.5,1,0.1,2,0.2,1,0.1,20,52,36,2.4,2.77,1.79,0.385,3,3,2,0.0,1.333,2.0,0.0,0.0,0.0,1.0,0.0,0.0,0.0,0.0,0.0,3.0,0.0,4.0,0.75,0.0,0.75,5.5,0.0,3.0,0.0,5.0,0.6,0.0,0.6,5.5,,,,,,,,,,,,,,,0.333,2.0,4.0,0.5,0.5,0.333,2.0,4.0,0.5,0.0,0.0,0.0,,0.083,1.0,1.0,1.0,1.0,0.083,1.0,1.0,1.0,0.0,0.0,0.0,,0.583,4.0,7.0,0.571,0.643,0.25,3.0,3.0,1.0,0.333,1.0,4.0,0.25,1,1,1.0,2,0.0,0.0,,1.0,5,0.4,4,1.0,4,1.0,0,0.0,0.625,4,6,0.667,1.0,1.0,1.0,1.0,1.0,1.0,0.0,0.0,0.0,0.0,2.0,0.0,1,2,0.5,0.0,0.0,0.0,0.0,2.0,0.0,ORL,4,6,0.667,1.0,1.0,1.0,0.0,0.0,0.0,0.0,0.0,0.0,1.0,3.0,0.333,1.0,2.0,0.5,,,,0.0,0.0,0.0,0.0,0.0,0.0,1,4,1.0,4.0,0.25,0.375,9.0,16.0,0.563,0.46,0.103,2.0,5.0,0.4,0.364,0.036,7.0,11.0,0.636,0.518,0.119,6.0,8.0,0.75,0.584,0.166,7.0,10.0,0.7,0.552,0.148,2.0,6.0,0.333,0.356,-0.023,8.0,6.0,2.0,2.0,0.0,0.0,0.0,2.0,1.0,3.0,0.667,0.333,0.0,1.0,1.0,1.0,0.0,0.0,1.0,1.0,0.0,2,2,0,0,0.0,1.333,1,0.333,1,0.333,0,0.0,0,0.0,12824,2.4,1.4,1.1,4.22,5.1,3.73,2019,20190328,False
1628518,Amile Jefferson,Amile,1610612753,ORL,26.0,1,0,1,0.0,2.25,1,1,1.0,0,0,0.0,0,0,0.0,0,1,1,0,0,0,1,0,0,0,2,0,6.2,0,0,5.0,1,87,87,87,171,125,161,1,98,141,98,93,100,93,74,120,126,138,105,80,17,1,1,125,144,81,151,15,2,153,1,92,94.0,100.0,100.0,100.0,83.3,83.3,-6.0,16.7,16.7,0.0,0.0,0.0,0.0,0.333,0.167,0.0,0.0,1.0,1.0,0.2,0.188,110.08,117.33,97.78,117.33,0.35,5,1.0,1.0,138,122,122,50,20,20,105,43,43,138,91,138,74,12,27,1,1,8,9,77,89,27,11,11,5,125,161,2,2,0.0,0,1,0,0,0.0,0.0,0,0,0,0.0,0,0,0.0,0,0.0,0,0.0,0,0.0,0,0.0,0,0.0,2,3,2,0.2,3.41,2.67,0.667,2,0,1,1.0,0.0,0.0,0.0,0.0,0.0,1.0,0.0,0.0,0.0,0.0,1.0,0.0,1.0,1.0,1.0,0.0,1.0,4.6,1.0,0.0,1.0,2.0,0.5,0.0,0.5,4.6,,,,,,,,,,,,,,,1.0,1.0,1.0,1.0,1.0,1.0,1.0,1.0,1.0,0.0,0.0,0.0,,,,,,,,,,,,,,,,,,,,,,,,,,,,0,0,,0,,,,,0,0.0,0,0.0,0,0.0,2,1.0,1.0,1,1,1.0,0.0,0.0,0.0,0.0,0.0,0.0,0.0,0.0,0.0,,,,0,0,0.0,,,,0.0,0.0,0.0,ORL,1,1,1.0,0.0,0.0,0.0,0.0,0.0,0.0,,,,0.0,0.0,0.0,0.0,0.0,0.0,,,,,,,,,,0,0,,,,,0.0,1.0,0.0,0.408,-0.408,,,,,,0.0,1.0,0.0,0.442,-0.442,,,,,,,,,,,0.0,1.0,0.0,0.344,-0.344,2.0,2.0,0.0,0.0,0.0,0.0,0.0,0.0,0.0,0.0,0.0,0.0,0.0,0.0,0.0,0.0,0.0,0.0,0.0,0.0,0.0,0,0,0,0,0.0,0.0,0,0.0,0,0.0,0,0.0,0,0.0,901,0.2,0.1,0.1,4.89,6.21,4.03,2019,20190328,False
101161,Amir Johnson,Amir,1610612755,PHI,32.0,1,1,0,1.0,1.7166666666666666,0,2,0.0,0,2,0.0,0,0,0.0,0,0,0,0,0,0,0,0,0,0,0,2,0.0,0,0,0.0,1,1,1,1,174,151,151,151,98,83,98,93,100,93,74,152,160,138,105,80,52,1,1,125,160,63,174,15,2,174,1,103,66.7,66.7,66.7,0.0,0.0,0.0,66.7,66.7,66.7,0.0,0.0,0.0,0.0,0.0,0.0,0.0,0.0,0.0,0.0,0.667,0.667,69.9,83.88,69.9,83.88,-2.0,3,0.0,2.0,172,173,173,1,1,1,5,3,3,138,91,138,74,152,160,1,1,151,160,1,1,180,180,180,180,151,151,0,2,,0,0,0,0,0.0,0.0,0,0,0,0.0,0,0,0.0,0,0.0,0,0.0,0,0.0,0,0.0,0,0.0,0,2,2,0.0,1.4,0.0,0.0,0,0,0,0.0,0.0,0.0,,,,,,,,,,,,,,,,,,,,,,,,,,,,,,,,,,,,,,,0.5,0.0,1.0,0.0,0.0,0.0,0.0,0.0,,0.5,0.0,1.0,0.0,0.5,0.0,1.0,0.0,0.0,0.0,0.0,0.0,,0.5,0.0,1.0,0.0,,,,,,,,,,,,,,0,0,,0,0.0,0.0,,,0,0.0,0,0.0,0,0.0,0,0.0,0.0,0,0,0.0,0.0,0.0,0.0,,,,0.0,1.0,0.0,,,,0,1,0.0,,,,0.0,1.0,0.0,PHI,0,0,0.0,,,,,,,,,,0.0,1.0,0.0,0.0,1.0,0.0,,,,,,,,,,0,2,0.0,2.0,0.0,0.0,0.0,1.0,0.0,0.346,-0.346,0.0,1.0,0.0,0.283,-0.283,,,,,,,,,,,,,,,,0.0,1.0,0.0,0.281,-0.281,1.0,0.0,1.0,0.0,0.0,0.0,0.0,0.0,0.0,0.0,0.0,0.0,0.0,0.0,0.0,0.0,0.0,0.0,0.0,0.0,0.0,0,0,0,0,0.0,0.0,0,0.0,0,0.0,0,0.0,0,0.0,547,0.1,0.1,0.0,3.3,5.46,0.0,2019,20190328,False
203083,Andre Drummond,Andre,1610612765,DET,25.0,1,1,0,1.0,38.185,9,10,0.9,0,0,0.0,0,3,0.0,7,11,18,4,3,1,6,0,3,2,18,21,63.6,1,0,54.0,1,1,1,1,1,12,56,10,98,141,98,93,35,93,2,3,2,21,6,16,1,1,124,51,23,7,2,1,2,4,1,92,126.0,128.4,128.4,94.0,100.0,100.0,32.0,28.4,28.4,0.143,1.33,22.2,0.184,0.262,0.225,16.7,16.4,0.9,0.795,0.165,0.17,96.87,93.02,77.52,93.02,0.191,74,9.0,10.0,28,20,20,38,48,48,22,21,21,73,53,56,4,32,10,153,154,13,28,107,107,148,162,162,24,12,56,47,31,0.0,0,8,11,4,0.085,0.085,0,0,0,0.0,0,0,0.0,0,0.0,0,0.0,0,0.0,0,0.0,0,0.0,18,61,34,2.1,2.03,1.05,0.295,5,2,14,0.4,1.0,1.0,3.0,3.0,0.429,9.0,0.778,0.0,0.778,6.2,2.0,9.0,0.182,16.0,0.688,0.0,0.688,5.1,5.0,12.0,0.278,25.0,0.72,0.0,0.72,5.5,1.0,0.2,2.0,2.0,1.0,1.0,0.2,2.0,2.0,1.0,0.0,0.0,0.0,,0.6,5.0,6.0,0.833,0.833,0.6,5.0,6.0,0.833,0.0,0.0,0.0,,0.2,2.0,2.0,1.0,1.0,0.2,2.0,2.0,1.0,0.0,0.0,0.0,,,,,,,,,,,,,,,0,0,,0,,,,,0,0.0,14,0.875,2,1.0,2,1.0,0.9,7,8,0.875,2.0,2.0,1.0,0.0,0.0,0.0,0.0,0.0,0.0,0.0,0.0,0.0,0,0,0.0,0.0,0.0,0.0,0.0,0.0,0.0,DET,9,10,0.9,0.0,0.0,0.0,0.0,0.0,0.0,0.0,0.0,0.0,0.0,0.0,0.0,0.0,0.0,0.0,,,,0.0,0.0,0.0,0.0,0.0,0.0,0,0,,,,,5.0,19.0,0.263,0.483,-0.22,2.0,5.0,0.4,0.379,0.021,3.0,14.0,0.214,0.531,-0.317,2.0,7.0,0.286,0.625,-0.339,3.0,9.0,0.333,0.596,-0.263,2.0,10.0,0.2,0.383,-0.183,17.0,15.0,2.0,2.0,0.0,11.0,27.0,0.0,1.0,1.0,0.0,1.0,3.0,1.0,4.0,4.0,4.0,0.75,0.25,1.0,1.0,1,1,0,0,0.0,1.0,0,0.0,0,0.0,1,0.5,0,0.0,13959,2.6,1.4,1.3,3.87,3.98,4.06,2019,20190328,False
1629116,Angel Delgado,Angel,1610612746,LAC,24.0,1,0,1,0.0,1.1666666666666667,0,1,0.0,0,0,0.0,0,0,0.0,0,0,0,0,0,0,0,1,0,0,0,4,0.0,0,0,0.0,1,87,87,87,175,151,161,151,98,141,98,93,100,93,74,152,160,138,105,80,52,122,1,125,160,52,174,15,2,174,1,105,138.9,133.3,133.3,0.0,0.0,0.0,138.9,133.3,133.3,0.0,0.0,0.0,0.0,0.0,0.0,0.0,0.0,0.0,0.0,0.333,0.347,120.96,123.43,102.86,123.43,-0.286,3,0.0,1.0,11,12,12,1,1,1,1,1,1,138,91,138,74,152,160,1,1,151,160,14,15,1,3,3,178,151,161,0,1,,0,0,0,0,0.0,0.0,0,0,0,0.0,0,0,0.0,0,0.0,0,0.0,0,0.0,0,0.0,0,0.0,0,1,1,0.0,1.6,1.0,0.0,0,0,0,0.0,0.0,0.0,,,,,,,,,,,,,,,,,,,,,,,,,1.0,1.0,0.0,1.0,0.0,0.0,1.0,0.0,1.0,0.0,0.0,0.0,0.0,,,,,,,,,,,,,,,,,,,,,,,,,,,,,,,,,,,,,,,,,0,0,,0,,,,,0,0.0,0,0.0,0,0.0,0,0.0,0.0,0,0,0.0,0.0,1.0,0.0,0.0,0.0,0.0,,,,,,,0,0,0.0,,,,,,,LAC,0,1,0.0,,,,0.0,0.0,0.0,,,,,,,,,,,,,,,,0.0,0.0,0.0,0,0,,,,,,,,,,,,,,,,,,,,,,,,,,,,,,,,,,,,,,,,,,,,,,,,,,,,,,,,0,0,0,0,0.0,0.0,0,0.0,0,0.0,0,0.0,0,0.0,446,0.1,0.0,0.1,4.46,0.0,6.46,2019,20190328,False
203085,Austin Rivers,Austin,1610612745,HOU,26.0,1,1,0,1.0,28.733333333333334,6,10,0.6,3,7,0.429,0,1,0.0,0,1,1,3,0,1,1,0,2,1,15,34,26.7,0,0,26.0,1,1,1,1,52,33,56,39,12,13,57,93,90,93,74,120,126,42,105,16,17,1,86,76,40,1,49,15,2,44,1,96,134.2,130.5,130.5,71.3,75.4,75.4,62.9,55.1,55.1,0.158,0.0,23.1,0.0,0.028,0.016,0.0,0.0,0.75,0.718,0.154,0.165,98.26,96.89,80.74,96.89,0.136,59,6.0,10.0,16,17,17,7,8,8,6,5,5,64,91,54,74,151,157,1,1,32,46,114,111,128,131,131,50,33,56,18,23,0.0,1,3,8,4,0.167,0.222,4,3,3,1.0,0,1,0.0,6,1.5,1,0.25,0,0.0,0,0.0,0,0.0,15,28,15,1.5,3.3,2.39,0.536,1,0,0,0.0,0.0,0.0,0.0,0.0,0.0,0.0,0.0,0.0,0.0,0.0,0.0,1.0,0.0,4.0,0.25,1.0,0.333,9.7,0.0,1.0,0.0,4.0,0.25,1.0,0.333,9.7,1.0,0.1,1.0,1.0,1.0,1.0,0.1,1.0,1.0,1.0,0.0,0.0,0.0,,0.2,2.0,2.0,1.0,1.0,0.2,2.0,2.0,1.0,0.0,0.0,0.0,,0.2,0.0,2.0,0.0,0.0,0.0,0.0,0.0,,0.2,0.0,2.0,0.0,0.5,3.0,5.0,0.6,0.9,0.0,0.0,0.0,,0.5,3.0,5.0,0.6,0,2,0.0,0,0.0,2.0,0.0,0.0,9,0.6,0,0.0,0,0.0,0,0.0,0.75,0,0,0.0,3.0,3.0,1.0,0.0,0.0,0.0,1.0,3.0,0.333,1.0,1.0,1.0,1,3,0.333,0.0,0.0,0.0,2.0,4.0,0.5,HOU,0,0,0.0,3.0,3.0,1.0,0.0,0.0,0.0,0.0,0.0,0.0,2.0,4.0,0.5,1.0,2.0,0.5,0.0,0.0,0.0,0.0,0.0,0.0,0.0,1.0,0.0,3,4,3.0,4.0,0.75,1.125,3.0,10.0,0.3,0.435,-0.135,0.0,2.0,0.0,0.365,-0.365,3.0,8.0,0.375,0.489,-0.114,2.0,4.0,0.5,0.536,-0.036,2.0,5.0,0.4,0.503,-0.103,1.0,4.0,0.25,0.392,-0.142,4.0,2.0,2.0,1.0,0.0,0.0,0.0,0.0,1.0,1.0,0.0,1.0,0.0,1.0,1.0,0.0,0.0,0.0,1.0,0.0,0.0,0,0,0,0,0.0,0.0,0,0.0,0,0.0,0,0.0,0,0.0,11076,2.1,1.1,1.0,4.08,4.46,3.74,2019,20190328,False
1628389,Bam Adebayo,Bam,1610612748,MIA,21.0,1,1,0,1.0,29.383333333333333,5,9,0.556,0,0,0.0,1,2,0.5,3,13,16,3,2,0,0,1,2,1,11,9,32.7,1,0,30.0,1,1,1,1,49,50,68,56,98,141,98,73,50,75,8,1,3,42,22,80,52,122,86,76,67,33,29,1,2,32,1,102,101.3,101.5,101.5,89.6,87.7,87.7,11.7,13.8,13.8,0.15,1.5,20.0,0.103,0.371,0.25,13.3,13.4,0.556,0.557,0.176,0.174,105.17,106.18,88.49,106.18,0.186,65,5.0,9.0,117,121,121,28,27,27,51,51,51,71,43,61,25,6,6,137,138,73,85,95,102,55,49,49,28,50,68,33,25,0.0,0,3,7,3,0.091,0.091,1,0,1,0.0,0,0,0.0,0,0.0,0,0.0,0,0.0,0,0.0,0,0.0,11,47,21,1.5,1.89,0.74,0.234,2,3,9,0.0,0.0,1.111,3.0,0.0,1.0,8.0,0.375,0.0,0.375,2.8,5.0,8.0,0.385,15.0,0.867,0.0,0.867,4.9,8.0,8.0,0.5,21.0,0.762,0.0,0.762,4.5,1.0,0.222,1.0,2.0,0.5,0.5,0.222,1.0,2.0,0.5,0.0,0.0,0.0,,0.778,4.0,7.0,0.571,0.571,0.778,4.0,7.0,0.571,0.0,0.0,0.0,,,,,,,,,,,,,,,,,,,,,,,,,,,,0,0,,0,,,,,0,0.0,10,0.714,0,0.0,0,0.0,0.556,5,8,0.625,0.0,1.0,0.0,0.0,0.0,0.0,0.0,0.0,0.0,0.0,0.0,0.0,0,0,0.0,0.0,0.0,0.0,0.0,0.0,0.0,MIA,5,8,0.625,0.0,1.0,0.0,0.0,0.0,0.0,0.0,0.0,0.0,0.0,0.0,0.0,0.0,0.0,0.0,0.0,0.0,0.0,,,,0.0,0.0,0.0,0,0,,,,,5.0,10.0,0.5,0.459,0.042,2.0,6.0,0.333,0.319,0.015,3.0,4.0,0.75,0.513,0.237,1.0,1.0,1.0,0.737,0.263,1.0,1.0,1.0,0.73,0.27,4.0,9.0,0.444,0.334,0.11,9.0,5.0,4.0,1.0,0.0,2.0,4.0,1.0,0.0,1.0,1.0,0.0,0.0,7.0,7.0,5.0,3.0,0.0,1.0,1.0,0.6,0,0,0,0,0.0,0.0,2,0.667,0,0.0,1,0.333,0,0.0,11965,2.3,1.2,1.1,4.35,4.78,3.96,2019,20190328,False
1627732,Ben Simmons,Ben,1610612755,PHI,22.0,1,1,0,1.0,29.933333333333334,7,14,0.5,0,0,0.0,2,4,0.5,2,2,4,8,3,1,0,2,6,3,16,14,32.8,0,0,30.0,1,1,1,1,46,21,23,65,98,141,98,32,18,75,17,91,63,4,6,16,52,169,179,29,33,19,28,15,2,32,1,103,123.3,121.4,121.4,97.4,98.6,98.6,26.0,22.8,22.8,0.333,2.67,29.6,0.065,0.054,0.059,11.1,11.2,0.5,0.508,0.244,0.25,113.72,113.85,94.88,113.85,0.075,70,7.0,14.0,37,42,42,43,47,47,31,29,29,15,23,32,40,133,102,119,122,82,96,44,41,10,14,14,98,21,23,62,68,1.0,0,17,21,9,0.129,0.145,13,2,8,0.25,0,0,0.0,4,0.308,5,0.385,2,0.154,0,0.0,0,0.0,16,79,22,5.7,4.33,3.48,0.203,0,1,4,0.0,0.0,1.0,2.0,0.0,1.0,3.0,0.667,0.0,0.667,5.4,0.0,2.0,0.0,3.0,0.667,0.0,0.667,2.6,2.0,2.0,0.5,5.0,0.8,0.0,0.8,4.0,1.0,0.5,4.0,7.0,0.571,0.571,0.5,4.0,7.0,0.571,0.0,0.0,0.0,,0.357,2.0,5.0,0.4,0.4,0.357,2.0,5.0,0.4,0.0,0.0,0.0,,0.143,1.0,2.0,0.5,0.5,0.143,1.0,2.0,0.5,0.0,0.0,0.0,,,,,,,,,,,,,,,0,2,0.0,0,,,,0.0,0,0.0,4,0.667,0,0.0,0,0.0,0.5,7,9,0.778,0.0,4.0,0.0,0.0,1.0,0.0,0.0,0.0,0.0,0.0,0.0,0.0,0,0,0.0,0.0,0.0,0.0,0.0,0.0,0.0,PHI,7,9,0.778,0.0,3.0,0.0,0.0,1.0,0.0,0.0,1.0,0.0,0.0,0.0,0.0,0.0,0.0,0.0,,,,0.0,0.0,0.0,0.0,0.0,0.0,0,0,,,,,4.0,12.0,0.333,0.442,-0.109,1.0,6.0,0.167,0.377,-0.21,3.0,6.0,0.5,0.471,0.029,3.0,4.0,0.75,0.519,0.231,3.0,4.0,0.75,0.49,0.26,1.0,8.0,0.125,0.376,-0.251,3.0,1.0,2.0,1.0,0.0,5.0,13.0,1.0,0.0,1.0,1.0,0.0,1.0,1.0,2.0,2.0,2.0,0.5,0.5,1.0,1.0,0,0,0,0,0.0,0.0,1,1.0,1,1.0,0,0.0,0,0.0,12278,2.3,1.3,1.0,4.24,5.06,3.51,2019,20190328,False
201933,Blake Griffin,Blake,1610612765,DET,30.0,1,1,0,1.0,32.71666666666667,8,18,0.444,2,5,0.4,2,3,0.667,2,8,10,5,3,1,0,0,3,6,20,16,39.5,1,0,39.0,1,1,1,1,20,15,9,88,28,31,59,32,35,66,17,12,11,15,6,16,52,1,124,7,16,14,16,1,2,12,1,92,129.1,130.2,130.2,97.7,103.1,103.1,31.3,27.0,27.0,0.208,1.67,18.5,0.067,0.25,0.161,11.1,11.0,0.5,0.518,0.31,0.317,96.13,93.16,77.64,93.16,0.125,63,8.0,18.0,24,18,18,45,62,62,24,23,23,45,42,77,37,35,33,119,120,82,94,21,22,155,161,161,55,15,9,47,48,0.0,0,9,14,5,0.106,0.106,10,3,5,0.6,0,0,0.0,6,0.6,2,0.2,0,0.0,2,0.2,0,0.0,20,72,44,4.9,4.06,3.03,0.278,1,8,2,0.0,0.5,0.0,1.0,1.0,0.5,4.0,0.5,0.0,0.5,12.4,3.0,5.0,0.375,12.0,0.667,0.0,0.667,9.5,4.0,6.0,0.4,16.0,0.625,0.0,0.625,10.1,1.0,0.222,3.0,4.0,0.75,0.75,0.222,3.0,4.0,0.75,0.0,0.0,0.0,,0.389,2.0,7.0,0.286,0.286,0.389,2.0,7.0,0.286,0.0,0.0,0.0,,0.389,3.0,7.0,0.429,0.571,0.111,1.0,2.0,0.5,0.278,2.0,5.0,0.4,,,,,,,,,,,,,,1,3,0.333,3,1.0,1.0,1.0,0.5,3,0.25,0,0.0,4,0.5,0,0.0,0.5,5,9,0.556,1.0,3.0,0.333,0.0,1.0,0.0,0.0,0.0,0.0,0.0,0.0,0.0,2,5,0.4,0.0,0.0,0.0,0.0,0.0,0.0,DET,6,10,0.6,0.0,2.0,0.0,0.0,1.0,0.0,0.0,0.0,0.0,0.0,1.0,0.0,2.0,4.0,0.5,,,,0.0,0.0,0.0,0.0,0.0,0.0,1,4,1.0,4.0,0.25,0.375,7.0,14.0,0.5,0.47,0.03,0.0,2.0,0.0,0.351,-0.351,7.0,12.0,0.583,0.522,0.062,5.0,9.0,0.556,0.615,-0.06,5.0,10.0,0.5,0.587,-0.087,1.0,3.0,0.333,0.344,-0.011,4.0,4.0,0.0,1.0,1.0,1.0,3.0,0.0,1.0,1.0,0.0,1.0,0.0,5.0,5.0,3.0,3.0,0.0,1.0,1.0,1.0,2,4,0,0,0.0,0.5,4,0.5,1,0.125,0,0.0,0,0.0,11003,2.1,1.1,1.0,3.66,3.69,3.62,2019,20190328,False
1626246,Boban Marjanovic,Boban,1610612755,PHI,30.0,1,1,0,1.0,18.118333333333332,6,8,0.75,1,2,0.5,3,4,0.75,0,3,3,1,0,0,0,0,5,2,16,-1,21.1,0,0,21.0,1,1,1,1,120,33,83,15,54,83,33,21,18,58,74,65,83,92,105,80,52,1,175,51,33,96,70,15,2,71,1,103,122.4,118.9,118.9,120.7,121.6,121.6,1.7,-2.7,-2.7,0.1,0.0,9.1,0.0,0.176,0.086,0.0,0.0,0.813,0.82,0.244,0.244,97.02,98.02,81.69,98.02,0.148,37,6.0,8.0,39,53,53,131,137,137,84,93,93,94,91,120,74,63,77,1,1,24,25,43,46,146,120,120,41,33,83,22,24,0.0,0,1,3,1,0.045,0.045,0,0,0,0.0,0,0,0.0,0,0.0,0,0.0,0,0.0,0,0.0,0,0.0,16,33,24,1.1,1.93,0.58,0.485,7,4,3,0.857,1.75,2.0,0.0,0.0,0.0,3.0,0.0,0.0,0.0,0.0,1.0,2.0,0.333,5.0,0.6,1.0,0.75,6.4,1.0,2.0,0.333,8.0,0.375,1.0,0.429,6.4,1.0,0.125,1.0,1.0,1.0,1.0,0.125,1.0,1.0,1.0,0.0,0.0,0.0,,0.25,2.0,2.0,1.0,1.0,0.25,2.0,2.0,1.0,0.0,0.0,0.0,,,,,,,,,,,,,,,0.625,3.0,5.0,0.6,0.7,0.375,2.0,3.0,0.667,0.25,1.0,2.0,0.5,0,0,,0,0.0,0.0,,,9,0.667,6,1.0,7,1.0,6,1.0,0.813,1,1,1.0,3.0,3.0,1.0,1.0,2.0,0.5,0.0,0.0,0.0,0.0,1.0,0.0,1,1,1.0,0.0,0.0,0.0,0.0,1.0,0.0,PHI,1,1,1.0,2.0,2.0,1.0,1.0,1.0,1.0,1.0,1.0,1.0,0.0,2.0,0.0,1.0,1.0,1.0,,,,,,,0.0,0.0,0.0,4,5,1.0,2.0,0.5,0.9,8.0,14.0,0.571,0.44,0.132,1.0,2.0,0.5,0.386,0.114,7.0,12.0,0.583,0.472,0.112,5.0,7.0,0.714,0.533,0.182,5.0,8.0,0.625,0.506,0.119,2.0,3.0,0.667,0.378,0.289,10.0,9.0,1.0,0.0,0.0,4.0,8.0,0.0,0.0,0.0,0.0,0.0,0.0,3.0,3.0,3.0,0.0,0.0,1.0,1.0,0.0,2,2,3,4,0.75,1.75,0,0.0,0,0.0,0,0.0,2,0.5,6892,1.3,0.8,0.5,4.1,4.47,3.62,2019,20190328,False
203992,Bogdan Bogdanović,Bogdan,1610612758,SAC,26.0,1,0,1,0.0,18.716666666666665,6,10,0.6,2,2,1.0,0,0,0.0,1,0,1,3,1,0,1,1,3,0,14,-10,21.7,0,0,22.0,1,87,87,87,115,33,56,39,28,83,1,93,100,93,42,152,126,42,52,80,17,122,124,125,46,150,65,15,2,63,1,105,118.9,117.5,117.5,133.4,139.0,139.0,-14.5,-21.5,-21.5,0.273,3.0,21.4,0.063,0.0,0.029,7.1,7.1,0.7,0.7,0.25,0.253,105.45,103.86,86.55,103.86,0.1,40,6.0,10.0,53,56,56,162,172,172,129,146,146,28,16,58,42,152,144,93,94,45,52,39,40,54,64,64,83,33,56,19,26,0.0,1,4,7,4,0.158,0.211,6,2,5,0.4,0,0,0.0,4,0.667,0,0.0,0,0.0,1,0.167,0,0.0,14,30,22,1.7,3.42,2.33,0.467,1,0,1,0.0,0.0,2.0,0.0,1.0,0.0,2.0,0.5,0.0,0.5,13.6,0.0,0.0,0.0,2.0,0.0,0.0,0.0,0.0,0.0,1.0,0.0,4.0,0.25,0.0,0.25,13.6,1.0,0.1,1.0,1.0,1.0,1.0,0.1,1.0,1.0,1.0,0.0,0.0,0.0,,0.4,2.0,4.0,0.5,0.5,0.4,2.0,4.0,0.5,0.0,0.0,0.0,,0.3,1.0,3.0,0.333,0.5,0.2,0.0,2.0,0.0,0.1,1.0,1.0,1.0,0.2,2.0,2.0,1.0,1.25,0.1,1.0,1.0,1.0,0.1,1.0,1.0,1.0,1,3,0.333,2,0.0,0.0,,0.333,8,0.75,2,1.0,0,0.0,0,0.0,0.7,2,3,0.667,1.0,2.0,0.5,1.0,3.0,0.333,0.0,0.0,0.0,0.0,0.0,0.0,2,2,1.0,0.0,0.0,0.0,0.0,0.0,0.0,SAC,2,3,0.667,0.0,0.0,0.0,2.0,3.0,0.667,0.0,2.0,0.0,0.0,0.0,0.0,2.0,2.0,1.0,,,,,,,0.0,0.0,0.0,3,4,2.0,2.0,1.0,1.0,5.0,11.0,0.455,0.402,0.052,1.0,3.0,0.333,0.339,-0.006,4.0,8.0,0.5,0.483,0.017,1.0,2.0,0.5,0.648,-0.148,2.0,6.0,0.333,0.542,-0.209,2.0,4.0,0.5,0.327,0.173,5.0,4.0,1.0,0.0,0.0,0.0,0.0,1.0,0.0,1.0,1.0,0.0,0.0,0.0,0.0,0.0,0.0,0.0,0.0,0.0,0.0,0,0,0,0,0.0,0.0,0,0.0,0,0.0,0,0.0,0,0.0,7483,1.4,0.8,0.6,4.07,4.61,3.53,2019,20190328,False
1629045,Bonzie Colson,Bonzie,1610612749,MIL,23.0,1,1,0,1.0,1.1666666666666667,0,0,0.0,0,0,0.0,0,0,0.0,0,1,1,0,0,0,0,0,0,0,0,-4,1.2,0,0,1.0,1,1,1,1,175,151,172,151,98,141,98,93,100,93,74,120,126,138,105,80,52,1,1,125,160,117,170,15,2,170,1,105,0.0,0.0,0.0,138.9,133.3,133.3,-138.9,-133.3,-133.3,0.0,0.0,0.0,0.0,1.0,0.5,0.0,0.0,0.0,0.0,0.0,0.0,120.96,123.43,102.86,123.43,0.286,3,0.0,0.0,179,179,179,168,165,165,178,178,178,138,91,138,74,1,1,1,1,151,160,175,175,1,3,3,7,151,172,1,0,0.0,0,0,0,0,0.0,0.0,0,0,0,0.0,0,0,0.0,0,0.0,0,0.0,0,0.0,0,0.0,0,0.0,0,1,0,0.0,2.16,0.0,0.0,0,0,0,0.0,0.0,0.0,0.0,0.0,0.0,0.0,0.0,0.0,0.0,0.0,1.0,0.0,1.0,1.0,1.0,0.0,1.0,7.6,1.0,0.0,1.0,1.0,1.0,0.0,1.0,7.6,,,,,,,,,,,,,,,,,,,,,,,,,,,,,,,,,,,,,,,,,,,,,,,,,,,,,,0,0,,0,,,,,0,0.0,0,0.0,0,0.0,0,0.0,0.0,0,0,0.0,0.0,0.0,0.0,0.0,0.0,0.0,,,,,,,0,0,0.0,,,,,,,MIL,0,0,0.0,,,,0.0,0.0,0.0,,,,,,,,,,,,,,,,0.0,0.0,0.0,0,0,,,,,1.0,1.0,1.0,0.421,0.579,,,,,,1.0,1.0,1.0,0.441,0.559,1.0,1.0,1.0,0.451,0.549,1.0,1.0,1.0,0.433,0.567,,,,,,,,,,,,,,,,,,,,,,,,,,,0,0,0,0,0.0,0.0,0,0.0,0,0.0,0,0.0,0,0.0,447,0.1,0.0,0.0,4.46,0.0,0.0,2019,20190328,False
202688,Brandon Knight,Brandon,1610612739,CLE,27.0,1,0,1,0.0,31.883333333333333,6,9,0.667,2,2,1.0,0,0,0.0,0,1,1,2,3,1,0,1,2,1,14,-6,18.2,0,0,21.0,1,87,87,87,28,33,68,22,28,83,1,93,100,93,74,120,126,62,6,16,52,122,86,76,46,131,88,15,2,71,1,97,109.8,111.1,111.1,114.5,120.6,120.6,-4.7,-9.5,-9.5,0.087,0.67,14.3,0.0,0.034,0.018,21.4,21.4,0.778,0.778,0.167,0.172,97.98,94.85,79.04,94.85,0.073,63,6.0,9.0,90,82,82,111,133,133,99,115,115,107,82,98,74,145,155,168,168,30,32,103,105,135,142,142,99,33,68,25,32,1.0,1,6,7,4,0.08,0.16,9,1,4,0.25,0,0,0.0,2,0.222,4,0.444,1,0.111,1,0.111,0,0.0,14,37,17,2.7,4.45,4.49,0.378,0,0,0,0.0,0.0,0.0,0.0,0.0,0.0,3.0,0.0,2.0,0.0,0.0,1.0,0.0,1.0,4.0,0.25,3.0,1.0,1.9,1.0,0.0,1.0,7.0,0.143,5.0,0.5,1.9,1.0,0.111,1.0,1.0,1.0,1.0,0.111,1.0,1.0,1.0,0.0,0.0,0.0,,0.444,1.0,4.0,0.25,0.25,0.444,1.0,4.0,0.25,0.0,0.0,0.0,,0.222,2.0,2.0,1.0,1.25,0.111,1.0,1.0,1.0,0.111,1.0,1.0,1.0,0.222,2.0,2.0,1.0,1.25,0.111,1.0,1.0,1.0,0.111,1.0,1.0,1.0,1,2,0.5,3,1.0,1.0,1.0,0.75,3,1.0,0,0.0,0,0.0,0,0.0,0.778,3,4,0.75,1.0,3.0,0.333,0.0,0.0,0.0,0.0,0.0,0.0,0.0,0.0,0.0,2,2,1.0,0.0,0.0,0.0,0.0,0.0,0.0,CLE,3,4,0.75,1.0,3.0,0.333,0.0,0.0,0.0,0.0,0.0,0.0,1.0,1.0,1.0,1.0,1.0,1.0,,,,0.0,0.0,0.0,0.0,0.0,0.0,1,1,1.0,1.0,1.0,1.5,3.0,6.0,0.5,0.463,0.037,0.0,1.0,0.0,0.38,-0.38,3.0,5.0,0.6,0.498,0.102,2.0,2.0,1.0,0.618,0.382,3.0,3.0,1.0,0.543,0.457,0.0,1.0,0.0,0.375,-0.375,4.0,3.0,1.0,2.0,1.0,0.0,0.0,0.0,1.0,1.0,0.0,1.0,0.0,1.0,1.0,1.0,0.0,0.0,1.0,1.0,0.0,0,0,0,0,0.0,0.0,0,0.0,0,0.0,0,0.0,0,0.0,12201,2.3,1.2,1.1,4.12,4.32,3.92,2019,20190328,False
201572,Brook Lopez,Brook,1610612749,MIL,31.0,1,1,0,1.0,31.033333333333335,4,8,0.5,2,5,0.4,2,4,0.5,0,9,9,2,0,0,1,0,3,2,12,-3,28.8,0,0,27.0,1,1,1,1,36,63,83,65,28,31,59,32,18,75,74,8,16,62,105,80,17,1,124,51,59,108,37,15,2,43,1,105,120.0,118.8,118.8,122.7,123.2,123.2,-2.7,-4.3,-4.3,0.08,0.0,16.7,0.0,0.265,0.141,0.0,0.0,0.625,0.615,0.139,0.139,106.45,106.72,88.94,106.72,0.086,69,4.0,8.0,48,55,55,142,143,143,94,99,99,112,91,79,74,31,45,1,1,60,69,127,128,42,45,45,89,63,83,39,29,0.0,0,3,5,2,0.051,0.051,3,1,1,1.0,2,4,0.5,4,1.333,0,0.0,0,0.0,0,0.0,2,0.667,12,50,25,1.2,1.39,0.44,0.24,1,0,2,0.0,0.0,1.0,0.0,0.0,0.0,1.0,0.0,0.0,0.0,0.0,4.0,5.0,0.444,10.0,0.9,1.0,1.0,6.0,4.0,5.0,0.444,10.0,0.9,1.0,1.0,6.0,,,,,,,,,,,,,,,0.375,2.0,3.0,0.667,0.667,0.375,2.0,3.0,0.667,0.0,0.0,0.0,,0.375,2.0,3.0,0.667,1.0,0.0,0.0,0.0,,0.375,2.0,3.0,0.667,0.25,0.0,2.0,0.0,0.0,0.0,0.0,0.0,,0.25,0.0,2.0,0.0,0,0,,0,0.0,0.0,,,6,0.4,2,0.5,0,0.0,0,0.0,0.625,1,2,0.5,1.0,1.0,1.0,0.0,0.0,0.0,0.0,0.0,0.0,1.0,2.0,0.5,1,3,0.333,,,,1.0,2.0,0.5,MIL,1,2,0.5,1.0,1.0,1.0,0.0,0.0,0.0,0.0,0.0,0.0,1.0,2.0,0.5,1.0,3.0,0.333,,,,0.0,0.0,0.0,,,,2,5,2.0,5.0,0.4,0.6,11.0,26.0,0.423,0.507,-0.084,3.0,5.0,0.6,0.402,0.198,8.0,21.0,0.381,0.541,-0.16,7.0,13.0,0.538,0.612,-0.073,7.0,14.0,0.5,0.589,-0.089,4.0,8.0,0.5,0.391,0.109,23.0,19.0,4.0,0.0,0.0,3.0,8.0,0.0,0.0,0.0,0.0,0.0,0.0,5.0,5.0,3.0,3.0,0.0,1.0,1.0,1.0,0,0,0,0,0.0,0.0,0,0.0,0,0.0,0,0.0,0,0.0,11507,2.2,1.2,1.0,4.01,4.25,3.75,2019,20190328,False
1628971,Bruce Brown,Bruce,1610612765,DET,22.0,1,1,0,1.0,15.266666666666667,1,1,1.0,1,1,1.0,0,0,0.0,0,1,1,2,0,1,1,0,0,0,3,14,13.2,0,0,11.0,1,1,1,1,133,125,161,1,54,119,1,93,100,93,74,120,126,62,105,16,17,1,1,125,132,19,116,15,2,122,1,92,140.6,140.0,140.0,85.5,96.6,96.6,55.1,43.4,43.4,0.125,0.0,66.7,0.0,0.05,0.033,0.0,0.0,1.5,1.5,0.033,0.033,98.47,92.75,77.29,92.75,0.101,30,1.0,1.0,7,5,5,22,42,42,10,13,13,81,91,3,74,137,138,1,1,1,1,173,173,125,164,164,82,125,161,7,5,0.0,0,3,4,2,0.286,0.286,1,0,0,0.0,0,0,0.0,0,0.0,1,1.0,0,0.0,0,0.0,0,0.0,3,8,4,0.4,2.68,2.5,0.375,1,0,1,0.0,0.0,0.0,0.0,0.0,0.0,0.0,0.0,0.0,0.0,0.0,0.0,1.0,0.0,4.0,0.25,1.0,0.333,3.6,0.0,1.0,0.0,4.0,0.25,1.0,0.333,3.6,,,,,,,,,,,,,,,,,,,,,,,,,,,,,,,,,,,,,,,,,1.0,1.0,1.0,1.0,1.5,0.0,0.0,0.0,,1.0,1.0,1.0,1.0,0,0,,0,0.0,0.0,,,3,1.0,0,0.0,0,0.0,0,0.0,1.5,0,0,0.0,0.0,0.0,0.0,0.0,0.0,0.0,0.0,0.0,0.0,0.0,0.0,0.0,1,1,1.0,0.0,0.0,0.0,0.0,0.0,0.0,DET,0,0,0.0,0.0,0.0,0.0,0.0,0.0,0.0,0.0,0.0,0.0,0.0,0.0,0.0,1.0,1.0,1.0,,,,,,,0.0,0.0,0.0,1,1,1.0,1.0,1.0,1.5,2.0,5.0,0.4,0.453,-0.053,0.0,1.0,0.0,0.42,-0.42,2.0,4.0,0.5,0.509,-0.009,2.0,4.0,0.5,0.585,-0.085,2.0,4.0,0.5,0.556,-0.056,0.0,1.0,0.0,0.424,-0.424,4.0,2.0,2.0,2.0,0.0,0.0,0.0,0.0,0.0,0.0,0.0,0.0,0.0,1.0,1.0,1.0,0.0,0.0,1.0,1.0,0.0,0,0,0,0,0.0,0.0,0,0.0,0,0.0,0,0.0,0,0.0,5919,1.1,0.6,0.5,4.18,4.82,3.6,2019,20190328,False
1627854,Bryn Forbes,Bryn,1610612759,SAS,25.0,1,1,0,1.0,34.65,8,13,0.615,3,8,0.375,0,1,0.0,0,6,6,4,0,3,0,0,1,1,19,0,41.2,0,0,38.0,1,1,1,1,12,15,32,37,12,8,64,93,90,93,74,29,39,21,105,2,52,1,41,76,19,81,15,15,2,14,1,95,116.9,123.5,123.5,126.1,123.5,123.5,-9.1,0.0,0.0,0.148,0.0,23.5,0.0,0.25,0.107,0.0,0.0,0.731,0.707,0.173,0.177,95.92,94.2,78.5,94.2,0.153,68,8.0,13.0,63,31,31,152,145,145,117,80,80,72,91,52,74,35,64,1,1,40,49,98,101,158,151,151,37,15,32,37,31,0.0,0,7,9,4,0.108,0.108,6,2,2,1.0,0,0,0.0,4,0.667,4,0.667,2,0.333,0,0.0,0,0.0,19,50,33,2.6,3.11,2.32,0.38,0,0,1,0.0,0.0,2.0,0.0,0.0,0.0,0.0,0.0,0.0,0.0,0.0,0.0,6.0,0.0,10.0,0.6,0.0,0.6,7.9,0.0,6.0,0.0,10.0,0.6,0.0,0.6,7.9,,,,,,,,,,,,,,,0.308,3.0,4.0,0.75,0.75,0.231,3.0,3.0,1.0,0.077,0.0,1.0,0.0,0.385,4.0,5.0,0.8,1.0,0.154,2.0,2.0,1.0,0.231,2.0,3.0,0.667,0.308,1.0,4.0,0.25,0.375,0.0,0.0,0.0,,0.308,1.0,4.0,0.25,1,3,0.333,2,0.0,2.0,0.0,0.333,9,0.5,2,1.0,0,0.0,0,0.0,0.731,3,3,1.0,1.0,1.0,1.0,1.0,1.0,1.0,1.0,1.0,1.0,0.0,0.0,0.0,2,7,0.286,0.0,0.0,0.0,1.0,1.0,1.0,SAS,4,4,1.0,0.0,0.0,0.0,0.0,0.0,0.0,1.0,1.0,1.0,1.0,1.0,1.0,2.0,7.0,0.286,,,,,,,0.0,0.0,0.0,3,6,3.0,6.0,0.5,0.75,6.0,10.0,0.6,0.4,0.2,2.0,2.0,1.0,0.345,0.655,4.0,8.0,0.5,0.445,0.055,4.0,5.0,0.8,0.527,0.273,4.0,6.0,0.667,0.47,0.197,2.0,3.0,0.667,0.373,0.293,6.0,4.0,2.0,1.0,0.0,0.0,0.0,0.0,1.0,1.0,0.0,1.0,0.0,1.0,1.0,1.0,0.0,0.0,1.0,1.0,0.0,0,0,0,0,0.0,0.0,0,0.0,0,0.0,0,0.0,0,0.0,13755,2.6,1.5,1.1,4.27,4.94,3.6,2019,20190328,False
1627741,Buddy Hield,Buddy,1610612758,SAC,26.0,1,0,1,0.0,32.833333333333336,11,21,0.524,1,8,0.125,4,4,1.0,0,2,2,1,3,0,0,0,0,2,27,-8,27.9,0,0,31.0,1,87,87,87,18,4,5,64,54,8,97,14,18,1,74,91,104,92,6,80,52,1,1,51,7,139,43,15,2,28,1,105,101.9,100.0,100.0,111.4,113.5,113.5,-9.5,-13.5,-13.5,0.053,0.33,3.8,0.0,0.056,0.027,11.5,11.2,0.548,0.593,0.309,0.324,109.64,109.64,91.37,109.64,0.111,76,11.0,21.0,116,122,122,103,105,105,120,125,125,125,90,137,74,132,147,126,122,76,78,22,19,30,33,33,70,4,5,33,48,0.0,0,4,2,1,0.03,0.03,6,1,1,1.0,3,3,1.0,5,0.833,3,0.5,0,0.0,1,0.167,1,0.167,27,59,38,2.1,2.15,1.59,0.458,2,0,2,2.0,0.0,2.0,0.0,0.0,0.0,2.0,0.0,0.0,0.0,0.0,0.0,2.0,0.0,4.0,0.5,1.0,0.667,15.0,0.0,2.0,0.0,6.0,0.333,1.0,0.4,15.0,1.0,0.095,2.0,2.0,1.0,1.0,0.095,2.0,2.0,1.0,0.0,0.0,0.0,,0.238,3.0,5.0,0.6,0.6,0.238,3.0,5.0,0.6,0.0,0.0,0.0,,0.476,4.0,10.0,0.4,0.45,0.19,3.0,4.0,0.75,0.286,1.0,6.0,0.167,0.19,2.0,4.0,0.5,0.5,0.095,2.0,2.0,1.0,0.095,0.0,2.0,0.0,1,6,0.167,2,0.0,3.0,0.0,0.167,3,0.2,4,1.0,0,0.0,4,1.0,0.548,8,9,0.889,1.0,1.0,1.0,1.0,3.0,0.333,1.0,1.0,1.0,0.0,0.0,0.0,0,7,0.0,0.0,0.0,0.0,1.0,1.0,1.0,SAC,8,9,0.889,1.0,1.0,1.0,0.0,1.0,0.0,1.0,2.0,0.5,1.0,3.0,0.333,0.0,5.0,0.0,0.0,0.0,0.0,,,,0.0,0.0,0.0,1,5,1.0,5.0,0.2,0.3,3.0,10.0,0.3,0.436,-0.136,1.0,4.0,0.25,0.325,-0.075,2.0,6.0,0.333,0.519,-0.186,0.0,2.0,0.0,0.642,-0.642,1.0,5.0,0.2,0.57,-0.37,2.0,5.0,0.4,0.318,0.082,5.0,3.0,2.0,1.0,0.0,1.0,2.0,1.0,1.0,2.0,0.5,0.5,0.0,0.0,0.0,0.0,0.0,0.0,0.0,0.0,0.0,0,0,0,0,0.0,0.0,0,0.0,0,0.0,0,0.0,0,0.0,15398,2.9,1.6,1.3,4.97,5.76,4.25,2019,20190328,False
1627747,Caris LeVert,Caris,1610612751,BKN,24.0,1,0,1,0.0,28.316666666666666,6,14,0.429,2,4,0.5,4,6,0.667,1,3,4,3,1,1,1,2,0,4,18,2,32.3,0,0,31.0,1,87,87,87,57,33,23,92,28,45,33,14,10,66,42,65,63,42,52,16,17,169,1,19,23,63,30,15,2,28,1,104,111.7,114.8,114.8,118.2,115.3,115.3,-6.5,-0.5,-0.5,0.167,3.0,14.3,0.034,0.111,0.071,4.8,4.8,0.5,0.541,0.261,0.265,101.88,101.71,84.76,101.71,0.125,61,6.0,14.0,82,66,66,124,110,110,111,89,89,58,16,98,58,91,88,78,79,82,88,35,36,81,90,90,56,33,23,23,34,0.0,0,5,8,3,0.13,0.13,13,2,8,0.25,1,2,0.5,5,0.385,4,0.308,1,0.077,0,0.0,1,0.077,18,41,27,2.7,4.02,3.98,0.439,0,0,1,0.0,0.0,2.0,1.0,0.0,1.0,2.0,0.5,0.0,0.5,2.5,2.0,1.0,0.667,4.0,0.75,1.0,1.0,4.9,3.0,1.0,0.75,6.0,0.667,1.0,0.8,4.3,1.0,0.214,1.0,3.0,0.333,0.333,0.214,1.0,3.0,0.333,0.0,0.0,0.0,,0.357,2.0,5.0,0.4,0.4,0.357,2.0,5.0,0.4,0.0,0.0,0.0,,0.286,2.0,4.0,0.5,0.625,0.143,1.0,2.0,0.5,0.143,1.0,2.0,0.5,0.143,1.0,2.0,0.5,0.75,0.0,0.0,0.0,,0.143,1.0,2.0,0.5,2,5,0.4,6,2.0,4.0,0.5,0.6,0,0.0,2,1.0,0,0.0,0,0.0,0.5,4,7,0.571,0.0,3.0,0.0,0.0,0.0,0.0,0.0,0.0,0.0,0.0,0.0,0.0,2,4,0.5,0.0,0.0,0.0,0.0,0.0,0.0,BKN,4,8,0.5,0.0,2.0,0.0,0.0,0.0,0.0,0.0,0.0,0.0,0.0,0.0,0.0,2.0,4.0,0.5,,,,0.0,0.0,0.0,0.0,0.0,0.0,0,0,0.0,0.0,,,2.0,6.0,0.333,0.462,-0.129,,,,,,2.0,6.0,0.333,0.508,-0.174,1.0,2.0,0.5,0.548,-0.048,1.0,3.0,0.333,0.529,-0.195,0.0,1.0,0.0,0.422,-0.422,6.0,6.0,0.0,1.0,0.0,0.0,0.0,0.0,0.0,0.0,0.0,0.0,0.0,1.0,1.0,1.0,0.0,0.0,1.0,1.0,0.0,0,0,0,0,0.0,0.0,0,0.0,0,0.0,0,0.0,0,0.0,11225,2.1,1.2,1.0,4.17,4.82,3.92,2019,20190328,False
1626224,Cedi Osman,Cedi,1610612739,CLE,24.0,1,0,1,0.0,30.1,4,13,0.308,1,5,0.2,0,0,0.0,0,5,5,2,1,0,0,0,3,2,9,-14,17.0,0,0,17.0,1,87,87,87,44,63,32,122,54,31,89,93,100,93,74,37,46,62,52,80,52,1,124,51,84,165,98,15,2,91,1,97,103.7,105.1,105.1,121.8,126.7,126.7,-18.0,-21.6,-21.6,0.091,2.0,12.5,0.0,0.172,0.088,6.3,6.3,0.346,0.346,0.2,0.207,97.4,94.88,79.07,94.88,0.024,59,4.0,13.0,111,108,108,136,151,151,139,147,147,102,27,109,74,66,75,89,90,122,137,77,73,143,141,141,143,63,32,28,29,0.0,0,3,5,2,0.071,0.071,8,2,5,0.4,0,0,0.0,4,0.5,3,0.375,0,0.0,0,0.0,0,0.0,9,44,32,2.5,3.43,2.5,0.205,2,1,0,1.0,0.0,0.0,0.0,0.0,0.0,2.0,0.0,0.0,0.0,0.0,0.0,5.0,0.0,7.0,0.714,0.0,0.714,7.5,0.0,5.0,0.0,9.0,0.556,0.0,0.556,7.5,,,,,,,,,,,,,,,0.385,1.0,5.0,0.2,0.2,0.308,1.0,4.0,0.25,0.077,0.0,1.0,0.0,0.385,1.0,5.0,0.2,0.2,0.231,1.0,3.0,0.333,0.154,0.0,2.0,0.0,0.231,2.0,3.0,0.667,0.833,0.077,1.0,1.0,1.0,0.154,1.0,2.0,0.5,2,4,0.5,4,0.0,1.0,0.0,0.5,3,0.25,0,0.0,0,0.0,2,1.0,0.346,1,4,0.25,1.0,2.0,0.5,1.0,2.0,0.5,0.0,0.0,0.0,0.0,1.0,0.0,1,4,0.25,0.0,0.0,0.0,0.0,1.0,0.0,CLE,1,4,0.25,0.0,1.0,0.0,1.0,1.0,1.0,1.0,1.0,1.0,1.0,3.0,0.333,0.0,3.0,0.0,,,,,,,0.0,0.0,0.0,1,4,1.0,4.0,0.25,0.375,8.0,13.0,0.615,0.473,0.142,0.0,2.0,0.0,0.429,-0.429,8.0,11.0,0.727,0.493,0.234,5.0,6.0,0.833,0.638,0.196,6.0,7.0,0.857,0.563,0.294,2.0,5.0,0.4,0.403,-0.003,7.0,6.0,1.0,2.0,0.0,0.0,0.0,0.0,0.0,0.0,0.0,0.0,0.0,0.0,0.0,0.0,0.0,0.0,0.0,0.0,0.0,0,0,0,0,0.0,0.0,1,1.0,0,0.0,0,0.0,0,0.0,11430,2.2,1.2,1.0,4.14,4.37,3.87,2019,20190328,False
1627767,Cheick Diallo,Cheick,1610612740,NOP,22.0,1,1,0,1.0,15.703333333333333,3,4,0.75,0,0,0.0,1,1,1.0,1,3,4,1,1,0,0,0,2,1,7,2,12.3,0,0,12.0,1,1,1,1,128,82,117,15,98,141,98,73,90,1,42,65,63,92,52,80,52,1,86,76,98,63,120,15,2,117,1,105,125.9,121.2,121.2,115.6,115.2,115.2,10.4,6.1,6.1,0.071,1.0,16.7,0.083,0.214,0.154,16.7,15.5,0.75,0.788,0.143,0.161,98.79,100.87,84.06,100.87,0.095,33,3.0,4.0,29,43,43,118,109,109,53,69,69,115,58,79,31,45,39,153,152,32,29,122,113,121,100,100,85,82,117,18,12,0.0,0,2,2,1,0.056,0.056,1,0,0,0.0,0,0,0.0,0,0.0,0,0.0,0,0.0,1,1.0,0,0.0,7,24,12,0.6,1.51,0.79,0.292,1,3,5,0.0,1.0,0.8,1.0,0.0,1.0,2.0,0.5,0.0,0.5,2.5,2.0,1.0,0.667,4.0,0.75,0.0,0.75,6.3,3.0,1.0,0.75,6.0,0.667,0.0,0.667,5.3,1.0,0.25,1.0,1.0,1.0,1.0,0.25,1.0,1.0,1.0,0.0,0.0,0.0,,0.5,2.0,2.0,1.0,1.0,0.5,2.0,2.0,1.0,0.0,0.0,0.0,,,,,,,,,,,,,,,0.25,0.0,1.0,0.0,0.0,0.25,0.0,1.0,0.0,0.0,0.0,0.0,,0,1,0.0,0,,,,0.0,0,0.0,4,1.0,3,1.0,0,0.0,0.75,3,3,1.0,0.0,0.0,0.0,0.0,1.0,0.0,,,,0.0,0.0,0.0,0,0,0.0,0.0,0.0,0.0,0.0,0.0,0.0,NOP,3,3,1.0,0.0,0.0,0.0,0.0,0.0,0.0,0.0,1.0,0.0,0.0,0.0,0.0,0.0,0.0,0.0,,,,,,,0.0,0.0,0.0,0,0,,,,,5.0,9.0,0.556,0.47,0.086,1.0,1.0,1.0,0.395,0.605,4.0,8.0,0.5,0.503,-0.003,2.0,3.0,0.667,0.617,0.05,3.0,6.0,0.5,0.54,-0.04,1.0,2.0,0.5,0.383,0.118,5.0,4.0,1.0,0.0,0.0,1.0,2.0,0.0,1.0,1.0,0.0,1.0,0.0,5.0,5.0,2.0,1.0,0.0,1.0,1.0,0.5,1,1,1,1,1.0,1.0,1,0.333,0,0.0,0,0.0,0,0.0,6501,1.2,0.6,0.6,4.19,4.87,3.67,2019,20190328,False
1628449,Chris Boucher,Chris,1610612761,TOR,26.0,1,1,0,1.0,5.0,1,1,1.0,1,1,1.0,0,0,0.0,0,1,1,0,1,0,0,0,3,0,3,-3,3.2,0,0,5.0,1,1,1,1,161,125,161,1,54,119,1,93,100,93,74,120,126,138,52,80,52,1,124,125,132,108,162,15,2,153,1,101,151.8,141.7,141.7,167.2,181.8,181.8,-15.4,-40.2,-40.2,0.0,0.0,0.0,0.0,0.167,0.111,50.0,50.0,1.5,1.5,0.167,0.179,111.17,110.4,92.0,110.4,0.0,12,1.0,1.0,4,3,3,178,179,179,130,167,167,138,91,138,74,68,59,178,178,1,1,103,98,20,26,26,156,125,161,8,7,0.0,0,0,0,0,0.0,0.0,0,0,0,0.0,0,0,0.0,0,0.0,0,0.0,0,0.0,0,0.0,0,0.0,3,10,7,0.3,1.67,0.5,0.3,1,0,1,0.0,0.0,0.0,0.0,0.0,0.0,1.0,0.0,0.0,0.0,0.0,0.0,1.0,0.0,2.0,0.5,0.0,0.5,4.3,0.0,1.0,0.0,2.0,0.5,0.0,0.5,4.3,,,,,,,,,,,,,,,,,,,,,,,,,,,,1.0,1.0,1.0,1.0,1.5,0.0,0.0,0.0,,1.0,1.0,1.0,1.0,,,,,,,,,,,,,,0,0,,0,0.0,0.0,,,3,1.0,0,0.0,0,0.0,0,0.0,1.5,0,0,0.0,0.0,0.0,0.0,0.0,0.0,0.0,0.0,0.0,0.0,,,,1,1,1.0,,,,0.0,0.0,0.0,TOR,0,0,0.0,0.0,0.0,0.0,,,,0.0,0.0,0.0,0.0,0.0,0.0,1.0,1.0,1.0,,,,,,,,,,1,1,1.0,1.0,1.0,1.5,2.0,2.0,1.0,0.692,0.308,,,,,,2.0,2.0,1.0,0.692,0.308,2.0,2.0,1.0,0.7,0.3,2.0,2.0,1.0,0.696,0.304,,,,,,3.0,3.0,0.0,0.0,0.0,0.0,0.0,0.0,0.0,0.0,0.0,0.0,0.0,2.0,2.0,1.0,1.0,0.0,1.0,0.5,0.5,0,0,0,0,0.0,0.0,0,0.0,0,0.0,0,0.0,0,0.0,1898,0.4,0.2,0.2,4.51,4.43,4.6,2019,20190328,False
1629185,Chris Chiozza,Chris,1610612745,HOU,23.0,1,1,0,1.0,3.35,0,1,0.0,0,0,0.0,0,0,0.0,0,1,1,0,0,1,0,0,0,0,0,0,4.2,0,0,3.0,1,1,1,1,166,151,161,151,98,141,98,93,100,93,74,120,126,138,105,16,52,1,1,125,160,81,158,15,2,162,1,96,62.5,55.6,55.6,60.1,62.5,62.5,2.4,-6.9,-6.9,0.0,0.0,0.0,0.0,0.333,0.111,0.0,0.0,0.0,0.0,0.111,0.125,116.92,121.79,101.49,121.79,0.125,9,0.0,1.0,174,176,176,4,4,4,77,111,111,138,91,138,74,12,59,1,1,151,160,144,140,8,7,7,56,151,161,6,5,0.0,0,4,0,0,0.0,0.0,1,0,1,0.0,0,0,0.0,0,0.0,0,0.0,0,0.0,0,0.0,0,0.0,0,7,2,0.4,3.01,2.86,0.0,0,0,0,0.0,0.0,0.0,0.0,0.0,0.0,0.0,0.0,0.0,0.0,0.0,0.0,1.0,0.0,1.0,1.0,0.0,1.0,10.9,0.0,1.0,0.0,1.0,1.0,0.0,1.0,10.9,1.0,1.0,0.0,1.0,0.0,0.0,1.0,0.0,1.0,0.0,0.0,0.0,0.0,,,,,,,,,,,,,,,,,,,,,,,,,,,,,,,,,,,,,,,,,0,0,,0,,,,,0,0.0,0,0.0,0,0.0,0,0.0,0.0,0,1,0.0,,,,0.0,0.0,0.0,0.0,0.0,0.0,,,,0,0,0.0,,,,0.0,0.0,0.0,HOU,0,1,0.0,,,,0.0,0.0,0.0,0.0,0.0,0.0,0.0,0.0,0.0,0.0,0.0,0.0,0.0,0.0,0.0,,,,,,,0,0,,,,,0.0,1.0,0.0,0.481,-0.481,,,,,,0.0,1.0,0.0,0.52,-0.52,,,,,,,,,,,0.0,1.0,0.0,0.412,-0.412,1.0,1.0,0.0,1.0,0.0,0.0,0.0,0.0,0.0,0.0,0.0,0.0,0.0,0.0,0.0,0.0,0.0,0.0,0.0,0.0,0.0,0,0,0,0,0.0,0.0,0,0.0,0,0.0,0,0.0,0,0.0,1352,0.3,0.1,0.1,4.87,3.25,3.25,2019,20190328,False
101108,Chris Paul,Chris,1610612745,HOU,34.0,1,1,0,1.0,30.266666666666666,3,10,0.3,0,3,0.0,3,3,1.0,0,4,4,8,3,1,0,0,2,4,9,14,25.8,0,0,23.0,1,1,1,1,43,82,56,124,98,61,98,21,35,1,74,48,63,4,6,16,52,1,86,19,84,19,52,15,2,57,1,96,121.7,119.7,119.7,92.6,101.7,101.7,29.2,17.9,17.9,0.32,2.67,36.4,0.0,0.133,0.068,13.6,13.4,0.3,0.398,0.203,0.211,98.07,94.36,78.63,94.36,0.082,61,3.0,10.0,42,49,49,33,59,59,26,38,38,20,23,16,74,80,94,141,138,133,124,72,69,133,149,149,92,82,56,42,51,0.0,2,13,20,10,0.19,0.238,10,2,5,0.4,0,0,0.0,4,0.4,4,0.4,1,0.1,1,0.1,0,0.0,9,58,22,5.7,5.91,5.6,0.155,0,3,0,0.0,0.0,0.0,0.0,0.0,0.0,1.0,0.0,0.0,0.0,0.0,0.0,4.0,0.0,9.0,0.444,2.0,0.571,7.4,0.0,4.0,0.0,10.0,0.4,2.0,0.5,7.4,,,,,,,,,,,,,,,0.3,0.0,3.0,0.0,0.0,0.3,0.0,3.0,0.0,0.0,0.0,0.0,,0.7,3.0,7.0,0.429,0.429,0.4,3.0,4.0,0.75,0.3,0.0,3.0,0.0,,,,,,,,,,,,,,3,7,0.429,6,0.0,3.0,0.0,0.429,0,0.0,0,0.0,0,0.0,0,0.0,0.3,0,1,0.0,2.0,3.0,0.667,1.0,3.0,0.333,0.0,0.0,0.0,0.0,1.0,0.0,0,2,0.0,0.0,0.0,0.0,0.0,1.0,0.0,HOU,0,1,0.0,1.0,2.0,0.5,2.0,3.0,0.667,0.0,1.0,0.0,0.0,1.0,0.0,0.0,1.0,0.0,0.0,1.0,0.0,0.0,0.0,0.0,0.0,0.0,0.0,0,0,0.0,0.0,,,5.0,8.0,0.625,0.444,0.181,0.0,1.0,0.0,0.362,-0.362,5.0,7.0,0.714,0.491,0.223,4.0,4.0,1.0,0.571,0.429,4.0,5.0,0.8,0.536,0.264,1.0,3.0,0.333,0.373,-0.04,1.0,0.0,1.0,5.0,0.0,0.0,0.0,2.0,1.0,3.0,0.667,0.333,0.0,0.0,0.0,0.0,0.0,0.0,0.0,0.0,0.0,0,1,0,0,0.0,0.0,1,0.333,0,0.0,1,0.333,0,0.0,10575,2.0,1.1,0.9,3.73,4.02,3.44,2019,20190328,False
1626174,Christian Wood,Christian,1610612740,NOP,23.0,1,1,0,1.0,27.716666666666665,11,16,0.688,0,2,0.0,3,3,1.0,2,7,9,1,1,3,1,2,4,4,25,0,48.3,0,0,43.0,1,1,1,1,63,4,15,21,98,83,98,21,35,1,17,20,16,92,52,2,17,169,164,19,8,81,11,15,2,11,1,105,125.2,124.1,124.1,122.1,124.1,124.1,3.1,0.0,0.0,0.053,1.0,5.3,0.077,0.292,0.18,5.3,5.2,0.688,0.722,0.277,0.284,100.86,100.44,83.7,100.44,0.193,58,11.0,16.0,32,29,29,138,147,147,75,80,80,125,58,135,33,22,23,82,82,48,44,27,28,89,105,105,23,4,15,34,29,0.0,1,1,2,2,0.029,0.059,4,4,4,1.0,0,0,0.0,8,2.0,0,0.0,0,0.0,0,0.0,0,0.0,25,52,29,1.5,1.75,0.71,0.481,3,3,9,1.333,0.667,1.111,2.0,0.0,1.0,4.0,0.5,0.0,0.5,3.8,3.0,4.0,0.429,11.0,0.636,0.0,0.636,4.8,5.0,4.0,0.556,15.0,0.6,0.0,0.6,4.6,1.0,0.125,1.0,2.0,0.5,0.5,0.125,1.0,2.0,0.5,0.0,0.0,0.0,,0.688,9.0,11.0,0.818,0.818,0.688,9.0,11.0,0.818,0.0,0.0,0.0,,0.063,1.0,1.0,1.0,1.0,0.063,1.0,1.0,1.0,0.0,0.0,0.0,,0.125,0.0,2.0,0.0,0.0,0.0,0.0,0.0,,0.125,0.0,2.0,0.0,2,2,1.0,4,0.0,0.0,,1.0,2,0.333,10,0.833,2,0.5,4,1.0,0.688,7,9,0.778,3.0,4.0,0.75,1.0,1.0,1.0,0.0,0.0,0.0,0.0,1.0,0.0,0,1,0.0,0.0,0.0,0.0,0.0,1.0,0.0,NOP,7,9,0.778,3.0,4.0,0.75,1.0,1.0,1.0,0.0,0.0,0.0,0.0,1.0,0.0,0.0,1.0,0.0,,,,,,,0.0,0.0,0.0,0,2,0.0,2.0,0.0,0.0,8.0,13.0,0.615,0.458,0.157,3.0,4.0,0.75,0.386,0.365,5.0,9.0,0.556,0.5,0.055,3.0,3.0,1.0,0.587,0.413,4.0,5.0,0.8,0.533,0.267,3.0,6.0,0.5,0.383,0.117,12.0,10.0,2.0,1.0,0.0,1.0,3.0,2.0,1.0,3.0,0.667,0.333,0.0,11.0,11.0,5.0,1.0,0.0,1.0,1.0,0.2,1,2,0,0,0.0,0.667,1,0.333,0,0.0,0,0.0,0,0.0,10565,2.0,1.1,0.9,3.95,4.52,3.43,2019,20190328,False
203991,Clint Capela,Clint,1610612745,HOU,25.0,1,1,0,1.0,29.366666666666667,8,13,0.615,0,0,0.0,1,2,0.5,5,10,15,1,1,1,1,1,1,1,17,10,41.5,1,0,37.0,1,1,1,1,50,15,32,37,98,141,98,73,50,75,3,5,4,92,52,16,17,122,41,76,31,28,14,1,2,17,1,96,117.3,115.8,115.8,92.7,98.2,98.2,24.6,17.5,17.5,0.063,1.0,6.3,0.172,0.303,0.242,6.3,6.3,0.615,0.612,0.234,0.235,95.36,93.17,77.64,93.17,0.223,57,8.0,13.0,62,63,63,34,46,46,35,40,40,118,58,130,5,20,9,89,91,63,72,52,53,163,160,160,14,15,32,43,21,0.0,0,2,2,1,0.023,0.023,2,1,1,1.0,0,0,0.0,2,1.0,0,0.0,0,0.0,1,0.5,0,0.0,17,58,26,1.4,1.45,0.28,0.293,3,0,10,1.333,0.0,1.1,2.0,3.0,0.4,10.0,0.5,0.0,0.5,7.4,3.0,7.0,0.3,14.0,0.714,0.0,0.714,4.6,5.0,10.0,0.333,24.0,0.625,0.0,0.625,5.5,1.0,0.154,0.0,2.0,0.0,0.0,0.154,0.0,2.0,0.0,0.0,0.0,0.0,,0.692,6.0,9.0,0.667,0.667,0.692,6.0,9.0,0.667,0.0,0.0,0.0,,0.154,2.0,2.0,1.0,1.0,0.154,2.0,2.0,1.0,0.0,0.0,0.0,,,,,,,,,,,,,,,0,0,,0,,,,,0,0.0,11,0.625,0,0.0,4,0.667,0.615,8,13,0.615,0.0,0.0,0.0,0.0,0.0,0.0,0.0,0.0,0.0,0.0,0.0,0.0,0,0,0.0,0.0,0.0,0.0,0.0,0.0,0.0,HOU,8,13,0.615,0.0,0.0,0.0,0.0,0.0,0.0,0.0,0.0,0.0,0.0,0.0,0.0,0.0,0.0,0.0,0.0,0.0,0.0,0.0,0.0,0.0,0.0,0.0,0.0,0,0,,,,,7.0,21.0,0.333,0.476,-0.143,1.0,3.0,0.333,0.362,-0.028,6.0,18.0,0.333,0.528,-0.194,5.0,11.0,0.455,0.608,-0.154,5.0,14.0,0.357,0.561,-0.203,2.0,6.0,0.333,0.353,-0.02,14.0,12.0,2.0,1.0,0.0,2.0,5.0,1.0,0.0,1.0,1.0,0.0,2.0,1.0,3.0,2.0,1.0,0.667,0.333,1.0,0.5,0,0,0,0,0.0,0.0,0,0.0,0,0.0,0,0.0,0,0.0,10934,2.1,1.1,1.0,4.08,4.36,3.8,2019,20190328,False
1629012,Collin Sexton,Collin,1610612739,CLE,20.0,1,0,1,0.0,34.85,10,17,0.588,3,7,0.429,1,2,0.5,1,1,2,3,2,0,0,1,1,1,24,-12,28.9,0,0,32.0,1,87,87,87,10,8,12,48,12,13,57,73,50,75,42,120,104,42,22,80,52,122,41,76,12,156,36,15,2,25,1,97,110.8,111.6,111.6,123.3,129.0,129.0,-12.6,-17.4,-17.4,0.143,1.5,13.0,0.029,0.031,0.03,8.7,8.7,0.676,0.671,0.238,0.247,97.57,95.04,79.2,95.04,0.116,69,10.0,17.0,86,77,77,145,159,159,126,138,138,73,43,108,64,147,143,106,106,49,61,48,44,137,140,140,68,8,12,36,51,0.0,0,5,8,3,0.083,0.083,14,4,5,0.8,1,2,0.5,9,0.643,7,0.5,1,0.071,0,0.0,1,0.071,24,56,17,5.9,6.36,6.18,0.429,0,0,2,0.0,0.0,1.0,1.0,0.0,1.0,4.0,0.25,1.0,0.333,5.8,0.0,1.0,0.0,1.0,1.0,0.0,1.0,14.7,1.0,1.0,0.5,5.0,0.4,1.0,0.5,10.3,1.0,0.118,1.0,2.0,0.5,0.5,0.118,1.0,2.0,0.5,0.0,0.0,0.0,,0.529,5.0,9.0,0.556,0.611,0.353,4.0,6.0,0.667,0.176,1.0,3.0,0.333,0.176,1.0,3.0,0.333,0.5,0.0,0.0,0.0,,0.176,1.0,3.0,0.333,0.176,3.0,3.0,1.0,1.167,0.118,2.0,2.0,1.0,0.059,1.0,1.0,1.0,3,7,0.429,8,2.0,6.0,0.333,0.571,5,1.0,2,0.5,0,0.0,0,0.0,0.676,4,6,0.667,2.0,3.0,0.667,1.0,1.0,1.0,0.0,0.0,0.0,0.0,0.0,0.0,3,7,0.429,0.0,0.0,0.0,0.0,0.0,0.0,CLE,4,6,0.667,2.0,3.0,0.667,0.0,0.0,0.0,0.0,0.0,0.0,3.0,3.0,1.0,1.0,5.0,0.2,,,,,,,0.0,0.0,0.0,2,2,1.0,1.0,1.0,1.25,4.0,7.0,0.571,0.435,0.137,3.0,6.0,0.5,0.404,0.096,1.0,1.0,1.0,0.479,0.521,1.0,1.0,1.0,0.612,0.388,1.0,1.0,1.0,0.599,0.401,3.0,6.0,0.5,0.409,0.091,5.0,2.0,3.0,0.0,0.0,0.0,0.0,0.0,0.0,0.0,0.0,0.0,0.0,0.0,0.0,0.0,0.0,0.0,0.0,0.0,0.0,0,0,0,0,0.0,0.0,0,0.0,0,0.0,0,0.0,0,0.0,13271,2.5,1.4,1.1,4.05,4.39,3.68,2019,20190328,False
201147,Corey Brewer,Corey,1610612758,SAC,33.0,1,0,1,0.0,14.6,2,2,1.0,2,2,1.0,0,0,0.0,0,4,4,1,0,1,0,0,1,1,6,5,15.3,0,0,15.0,1,87,87,87,136,102,151,1,28,83,1,93,100,93,74,48,63,92,105,16,52,1,41,76,103,49,106,15,2,103,1,105,138.0,140.0,140.0,120.3,123.3,123.3,17.7,16.7,16.7,0.067,0.0,33.3,0.0,0.364,0.19,0.0,0.0,1.5,1.5,0.063,0.062,100.6,98.63,82.19,98.63,0.127,30,2.0,2.0,13,5,5,130,144,144,40,43,43,116,91,19,74,7,18,1,1,1,1,168,167,94,117,117,53,102,151,12,7,0.0,1,2,2,2,0.083,0.167,0,0,0,0.0,0,0,0.0,0,0.0,0,0.0,0,0.0,0,0.0,0,0.0,6,15,9,0.7,2.95,2.13,0.4,1,0,0,0.0,0.0,0.0,0.0,0.0,0.0,0.0,0.0,0.0,0.0,0.0,2.0,2.0,0.5,7.0,0.571,2.0,0.8,8.8,2.0,2.0,0.5,7.0,0.571,2.0,0.8,8.8,,,,,,,,,,,,,,,0.5,1.0,1.0,1.0,1.5,0.0,0.0,0.0,,0.5,1.0,1.0,1.0,0.5,1.0,1.0,1.0,1.5,0.0,0.0,0.0,,0.5,1.0,1.0,1.0,,,,,,,,,,,,,,0,0,,0,0.0,0.0,,,6,1.0,0,0.0,0,0.0,0,0.0,1.5,0,0,0.0,0.0,0.0,0.0,0.0,0.0,0.0,1.0,1.0,1.0,1.0,1.0,1.0,0,0,0.0,,,,2.0,2.0,1.0,SAC,0,0,0.0,0.0,0.0,0.0,0.0,0.0,0.0,0.0,0.0,0.0,1.0,1.0,1.0,1.0,1.0,1.0,,,,,,,,,,2,2,2.0,2.0,1.0,1.5,3.0,7.0,0.429,0.472,-0.044,0.0,2.0,0.0,0.333,-0.333,3.0,5.0,0.6,0.558,0.042,3.0,5.0,0.6,0.617,-0.017,3.0,5.0,0.6,0.603,-0.003,0.0,2.0,0.0,0.32,-0.32,2.0,0.0,2.0,3.0,0.0,0.0,0.0,0.0,2.0,2.0,0.0,1.0,0.0,0.0,0.0,0.0,0.0,0.0,0.0,0.0,0.0,0,0,0,0,0.0,0.0,0,0.0,0,0.0,0,0.0,0,0.0,6038,1.1,0.6,0.5,4.12,4.14,4.09,2019,20190328,False
201584,Courtney Lee,Courtney,1610612742,DAL,33.0,1,0,1,0.0,6.9,0,3,0.0,0,1,0.0,0,0,0.0,0,0,0,0,1,0,0,1,0,0,0,-9,-1.0,0,0,0.0,1,87,87,87,158,151,132,151,98,119,98,93,100,93,74,152,160,138,52,80,52,122,1,125,160,145,179,15,2,174,1,101,64.3,69.2,69.2,122.0,120.0,120.0,-57.7,-50.8,-50.8,0.0,0.0,0.0,0.0,0.0,0.0,25.0,25.0,0.0,0.0,0.235,0.235,100.03,97.39,81.16,97.39,-0.186,13,0.0,3.0,173,172,172,137,128,128,175,174,174,138,91,138,74,152,160,173,173,151,160,51,52,100,124,124,175,151,132,6,11,0.0,0,1,0,0,0.0,0.0,1,0,1,0.0,0,0,0.0,0,0.0,0,0.0,0,0.0,0,0.0,0,0.0,0,11,10,0.4,1.95,1.55,0.0,0,0,0,0.0,0.0,0.0,,,,,,,,,,,,,,,,,,,,,,,,,1.0,0.333,0.0,1.0,0.0,0.0,0.333,0.0,1.0,0.0,0.0,0.0,0.0,,0.333,0.0,1.0,0.0,0.0,0.0,0.0,0.0,,0.333,0.0,1.0,0.0,0.333,0.0,1.0,0.0,0.0,0.333,0.0,1.0,0.0,0.0,0.0,0.0,,,,,,,,,,,,,,,0,2,0.0,0,0.0,1.0,0.0,0.0,0,0.0,0,0.0,0,0.0,0,0.0,0.0,0,1,0.0,0.0,0.0,0.0,0.0,1.0,0.0,,,,,,,0,1,0.0,0.0,0.0,0.0,,,,DAL,0,1,0.0,0.0,0.0,0.0,0.0,0.0,0.0,0.0,1.0,0.0,0.0,0.0,0.0,0.0,1.0,0.0,,,,,,,0.0,0.0,0.0,0,0,0.0,0.0,,,0.0,2.0,0.0,0.433,-0.433,,,,,,0.0,2.0,0.0,0.472,-0.472,0.0,2.0,0.0,0.616,-0.616,0.0,2.0,0.0,0.542,-0.542,,,,,,2.0,2.0,0.0,0.0,0.0,0.0,0.0,0.0,0.0,0.0,0.0,0.0,0.0,0.0,0.0,0.0,0.0,0.0,0.0,0.0,0.0,0,0,0,0,0.0,0.0,0,0.0,0,0.0,0,0.0,0,0.0,2679,0.5,0.3,0.2,4.02,4.44,3.53,2019,20190328,False
1626156,D'Angelo Russell,D'Angelo,1610612751,BKN,23.0,1,0,1,0.0,27.533333333333335,6,19,0.316,1,5,0.2,0,2,0.0,2,2,4,8,7,1,0,0,0,2,13,-12,25.8,0,0,28.0,1,87,87,87,66,33,7,121,54,31,89,93,50,93,17,91,63,4,1,16,52,1,1,51,51,156,52,15,2,40,1,104,88.4,88.3,88.3,105.5,106.6,106.6,-17.1,-18.2,-18.2,0.5,1.14,22.9,0.059,0.061,0.06,20.0,20.1,0.342,0.327,0.391,0.396,105.96,105.47,87.89,105.47,0.029,60,6.0,19.0,155,153,153,76,75,75,138,140,140,4,57,55,45,131,101,159,163,123,141,8,9,46,53,53,139,33,7,38,61,0.0,0,11,19,8,0.211,0.211,10,2,8,0.25,0,0,0.0,4,0.4,0,0.0,0,0.0,2,0.2,0,0.0,13,69,24,5.3,4.58,3.93,0.188,1,1,3,0.0,0.0,0.667,0.0,2.0,0.0,2.0,1.0,0.0,1.0,6.5,0.0,2.0,0.0,4.0,0.5,1.0,0.667,9.6,0.0,4.0,0.0,6.0,0.667,1.0,0.8,8.1,1.0,0.105,0.0,2.0,0.0,0.0,0.053,0.0,1.0,0.0,0.053,0.0,1.0,0.0,0.316,3.0,6.0,0.5,0.5,0.316,3.0,6.0,0.5,0.0,0.0,0.0,,0.368,2.0,7.0,0.286,0.286,0.263,2.0,5.0,0.4,0.105,0.0,2.0,0.0,0.211,1.0,4.0,0.25,0.375,0.105,0.0,2.0,0.0,0.105,1.0,2.0,0.5,1,9,0.111,2,0.0,3.0,0.0,0.111,3,0.5,2,0.5,0,0.0,0,0.0,0.342,3,6,0.5,2.0,3.0,0.667,0.0,5.0,0.0,0.0,0.0,0.0,0.0,0.0,0.0,1,5,0.2,0.0,0.0,0.0,0.0,0.0,0.0,BKN,3,6,0.5,2.0,3.0,0.667,0.0,1.0,0.0,0.0,3.0,0.0,0.0,2.0,0.0,1.0,4.0,0.25,,,,0.0,0.0,0.0,0.0,0.0,0.0,1,2,1.0,2.0,0.5,0.75,4.0,11.0,0.364,0.464,-0.1,1.0,3.0,0.333,0.328,0.006,3.0,8.0,0.375,0.507,-0.132,2.0,2.0,1.0,0.556,0.445,2.0,4.0,0.5,0.57,-0.07,2.0,6.0,0.333,0.359,-0.026,8.0,4.0,4.0,2.0,0.0,0.0,0.0,0.0,1.0,1.0,0.0,1.0,0.0,1.0,1.0,1.0,0.0,0.0,1.0,1.0,0.0,0,0,0,0,0.0,0.0,1,1.0,1,1.0,0,0.0,0,0.0,10982,2.1,1.1,1.0,4.32,4.81,3.89,2019,20190328,False
201571,D.J. Augustin,D.J.,1610612753,ORL,31.0,1,0,1,0.0,31.283333333333335,7,12,0.583,2,4,0.5,2,3,0.667,1,3,4,4,3,1,1,1,1,2,18,-9,31.8,0,0,32.0,1,87,87,87,34,21,38,49,28,45,33,32,35,66,42,65,63,21,6,16,17,122,41,51,23,145,31,15,2,25,1,92,100.7,106.5,106.5,121.7,121.0,121.0,-20.9,-14.5,-14.5,0.2,1.33,20.0,0.034,0.103,0.069,15.0,14.8,0.667,0.676,0.222,0.228,97.55,95.13,79.28,95.13,0.122,62,7.0,12.0,119,104,104,134,135,135,146,129,129,46,53,61,58,100,91,150,149,51,59,57,56,138,139,139,62,21,38,42,51,0.0,2,10,9,6,0.095,0.143,10,3,5,0.6,1,2,0.5,7,0.7,4,0.4,1,0.1,0,0.0,1,0.1,18,60,14,6.4,6.36,6.97,0.3,0,0,0,0.0,0.0,0.0,0.0,1.0,0.0,1.0,1.0,0.0,1.0,14.9,0.0,3.0,0.0,3.0,1.0,0.0,1.0,12.3,0.0,4.0,0.0,4.0,1.0,0.0,1.0,12.9,,,,,,,,,,,,,,,0.667,5.0,8.0,0.625,0.688,0.5,4.0,6.0,0.667,0.167,1.0,2.0,0.5,0.25,1.0,3.0,0.333,0.333,0.167,1.0,2.0,0.5,0.083,0.0,1.0,0.0,0.083,1.0,1.0,1.0,1.5,0.0,0.0,0.0,,0.083,1.0,1.0,1.0,1,3,0.333,3,1.0,2.0,0.5,0.5,3,0.5,0,0.0,0,0.0,0,0.0,0.667,5,7,0.714,0.0,1.0,0.0,0.0,0.0,0.0,0.0,0.0,0.0,0.0,1.0,0.0,2,3,0.667,0.0,0.0,0.0,0.0,1.0,0.0,ORL,5,7,0.714,0.0,0.0,0.0,0.0,1.0,0.0,0.0,0.0,0.0,1.0,2.0,0.5,1.0,2.0,0.5,,,,0.0,0.0,0.0,0.0,0.0,0.0,1,2,1.0,2.0,0.5,0.75,7.0,14.0,0.5,0.42,0.08,5.0,11.0,0.455,0.359,0.095,2.0,3.0,0.667,0.531,0.136,2.0,3.0,0.667,0.582,0.084,2.0,3.0,0.667,0.556,0.11,5.0,11.0,0.455,0.368,0.087,10.0,1.0,9.0,0.0,0.0,0.0,0.0,0.0,0.0,0.0,0.0,0.0,0.0,0.0,0.0,0.0,0.0,0.0,0.0,0.0,0.0,0,0,0,0,0.0,0.0,0,0.0,0,0.0,0,0.0,0,0.0,12195,2.3,1.2,1.1,4.19,4.6,3.81,2019,20190328,False
1628391,D.J. Wilson,D.J.,1610612749,MIL,23.0,1,1,0,1.0,14.083333333333334,1,4,0.25,1,3,0.333,0,0,0.0,0,3,3,0,0,0,0,0,0,0,3,8,6.6,0,0,7.0,1,1,1,1,139,125,117,133,54,61,65,93,100,93,74,65,83,138,105,80,52,1,1,125,132,39,147,15,2,140,1,105,114.2,112.5,112.5,91.4,93.3,93.3,22.8,19.2,19.2,0.0,0.0,0.0,0.0,0.167,0.097,0.0,0.0,0.375,0.375,0.121,0.123,105.93,105.66,88.05,105.66,0.056,32,1.0,4.0,72,71,71,31,34,34,36,36,36,138,91,138,74,68,67,1,1,115,129,137,141,47,50,50,120,125,117,16,11,0.0,1,0,0,1,0.0,0.063,0,0,0,0.0,0,0,0.0,0,0.0,0,0.0,0,0.0,0,0.0,0,0.0,3,20,10,0.5,1.52,0.5,0.15,1,0,1,0.0,0.0,0.0,0.0,0.0,0.0,2.0,0.0,0.0,0.0,0.0,0.0,3.0,0.0,7.0,0.429,0.0,0.429,5.1,0.0,3.0,0.0,9.0,0.333,0.0,0.333,5.1,,,,,,,,,,,,,,,,,,,,,,,,,,,,0.25,0.0,1.0,0.0,0.0,0.25,0.0,1.0,0.0,0.0,0.0,0.0,,0.75,1.0,3.0,0.333,0.5,0.0,0.0,0.0,,0.75,1.0,3.0,0.333,1,1,1.0,3,1.0,1.0,1.0,1.5,0,0.0,0,0.0,0,0.0,0,0.0,0.375,0,0,0.0,0.0,1.0,0.0,0.0,0.0,0.0,0.0,0.0,0.0,0.0,1.0,0.0,1,2,0.5,0.0,0.0,0.0,0.0,1.0,0.0,MIL,0,1,0.0,0.0,0.0,0.0,0.0,0.0,0.0,0.0,0.0,0.0,0.0,1.0,0.0,1.0,2.0,0.5,0.0,0.0,0.0,,,,0.0,0.0,0.0,0,2,0.0,2.0,0.0,0.0,2.0,8.0,0.25,0.467,-0.217,0.0,2.0,0.0,0.417,-0.417,2.0,6.0,0.333,0.487,-0.154,1.0,5.0,0.2,0.508,-0.308,2.0,6.0,0.333,0.511,-0.178,0.0,2.0,0.0,0.426,-0.426,8.0,6.0,2.0,0.0,0.0,0.0,0.0,0.0,1.0,1.0,0.0,1.0,0.0,0.0,0.0,0.0,0.0,0.0,0.0,0.0,0.0,0,0,0,0,0.0,0.0,0,0.0,0,0.0,0,0.0,0,0.0,6191,1.2,0.6,0.6,4.7,4.69,4.71,2019,20190328,False
1629541,Dairis Bertans,Dairis,1610612740,NOP,29.0,1,1,0,1.0,7.916666666666667,0,0,0.0,0,0,0.0,0,0,0.0,0,0,0,2,0,0,0,0,1,0,0,-6,3.0,0,0,2.0,1,1,1,1,156,151,172,151,98,141,98,93,100,93,74,152,160,62,105,80,52,1,41,125,160,131,165,15,2,167,1,105,119.6,111.8,111.8,139.8,147.1,147.1,-20.2,-35.3,-35.3,0.25,0.0,100.0,0.0,0.0,0.0,0.0,0.0,0.0,0.0,0.0,0.0,102.35,103.07,85.89,103.07,0.022,17,0.0,0.0,49,76,76,172,175,175,143,161,161,30,91,1,74,152,160,1,1,151,160,175,175,76,75,75,148,151,172,5,5,0.0,0,1,4,2,0.4,0.4,0,0,0,0.0,0,0,0.0,0,0.0,0,0.0,0,0.0,0,0.0,0,0.0,0,5,5,0.1,0.85,0.6,0.0,0,0,0,0.0,0.0,0.0,,,,,,,,,,,,,,,,,,,,,,,,,,,,,,,,,,,,,,,,,,,,,,,,,,,,,,,,,,,,,,,,,,,,,,,,,,,,,,0,0,,0,,,,,0,0.0,0,0.0,0,0.0,0,0.0,0.0,0,0,0.0,0.0,0.0,0.0,0.0,0.0,0.0,,,,0.0,0.0,0.0,0,0,0.0,,,,0.0,0.0,0.0,NOP,0,0,0.0,0.0,0.0,0.0,0.0,0.0,0.0,0.0,0.0,0.0,0.0,0.0,0.0,0.0,0.0,0.0,,,,,,,,,,0,0,,,,,2.0,3.0,0.667,0.449,0.218,1.0,1.0,1.0,0.318,0.682,1.0,2.0,0.5,0.485,0.016,1.0,1.0,1.0,0.588,0.412,1.0,1.0,1.0,0.552,0.448,1.0,2.0,0.5,0.339,0.161,2.0,1.0,1.0,0.0,0.0,1.0,2.0,0.0,0.0,0.0,0.0,0.0,0.0,0.0,0.0,0.0,0.0,0.0,0.0,0.0,0.0,0,0,0,0,0.0,0.0,0,0.0,0,0.0,0,0.0,0,0.0,3541,0.7,0.3,0.4,4.69,5.64,4.17,2019,20190328,False
1628422,Damyean Dotson,Damyean,1610612752,NYK,25.0,1,0,1,0.0,29.405,3,9,0.333,1,5,0.2,2,2,1.0,0,5,5,0,1,0,0,1,3,1,9,-22,14.0,0,0,15.0,1,87,87,87,48,82,68,108,54,31,89,32,50,1,74,37,46,138,52,80,52,122,124,76,84,174,113,15,2,103,1,101,83.7,79.7,79.7,120.0,115.9,115.9,-36.3,-36.2,-36.2,0.0,0.0,0.0,0.0,0.156,0.076,10.0,9.2,0.389,0.455,0.139,0.16,99.38,103.66,86.38,103.66,0.04,64,3.0,9.0,158,165,165,129,116,116,160,163,163,138,91,138,74,71,84,112,111,113,115,127,115,111,67,67,131,82,68,38,36,0.0,1,8,0,1,0.0,0.026,7,1,2,0.5,1,1,1.0,3,0.429,5,0.714,0,0.0,0,0.0,0,0.0,9,49,32,2.0,2.43,1.78,0.184,0,0,0,0.0,0.0,0.0,0.0,0.0,0.0,1.0,0.0,0.0,0.0,0.0,2.0,3.0,0.4,7.0,0.714,1.0,0.833,7.6,2.0,3.0,0.4,8.0,0.625,1.0,0.714,7.6,,,,,,,,,,,,,,,0.556,2.0,5.0,0.4,0.4,0.444,2.0,4.0,0.5,0.111,0.0,1.0,0.0,0.222,0.0,2.0,0.0,0.0,0.0,0.0,0.0,,0.222,0.0,2.0,0.0,0.222,1.0,2.0,0.5,0.75,0.0,0.0,0.0,,0.222,1.0,2.0,0.5,0,2,0.0,0,0.0,1.0,0.0,0.0,3,0.25,0,0.0,0,0.0,0,0.0,0.389,2,3,0.667,0.0,0.0,0.0,0.0,1.0,0.0,0.0,1.0,0.0,1.0,1.0,1.0,0,3,0.0,0.0,0.0,0.0,1.0,2.0,0.5,NYK,2,3,0.667,0.0,0.0,0.0,0.0,0.0,0.0,0.0,0.0,0.0,1.0,3.0,0.333,0.0,3.0,0.0,,,,,,,0.0,0.0,0.0,1,4,1.0,4.0,0.25,0.375,8.0,13.0,0.615,0.479,0.136,3.0,5.0,0.6,0.359,0.241,5.0,8.0,0.625,0.537,0.088,5.0,7.0,0.714,0.616,0.098,5.0,8.0,0.625,0.58,0.046,3.0,5.0,0.6,0.363,0.237,5.0,1.0,4.0,0.0,0.0,0.0,0.0,0.0,1.0,1.0,0.0,1.0,1.0,2.0,3.0,1.0,1.0,0.333,0.667,0.5,0.5,0,0,0,0,0.0,0.0,0,0.0,0,0.0,0,0.0,0,0.0,13063,2.5,1.3,1.2,4.48,4.81,4.15,2019,20190328,False
201568,Danilo Gallinari,Danilo,1610612746,LAC,30.0,1,0,1,0.0,24.183333333333334,3,9,0.333,1,4,0.25,7,7,1.0,0,8,8,4,1,1,0,0,0,8,14,-5,31.6,0,0,29.0,1,87,87,87,82,82,68,108,54,45,82,4,5,1,74,12,24,21,52,16,52,1,1,3,46,126,32,15,2,38,1,105,112.2,108.8,108.8,118.1,119.6,119.6,-6.0,-10.9,-10.9,0.211,4.0,23.5,0.0,0.364,0.167,5.9,5.9,0.389,0.579,0.217,0.224,111.15,112.14,93.45,112.14,0.153,57,3.0,9.0,79,94,94,123,127,127,104,122,122,43,5,52,74,7,27,87,87,113,80,60,61,22,19,19,38,82,68,29,27,0.0,0,7,7,3,0.138,0.103,6,1,2,0.5,2,2,1.0,4,0.667,3,0.5,1,0.167,0,0.0,1,0.167,14,50,28,2.4,2.84,1.78,0.28,3,1,0,0.0,0.0,0.0,0.0,0.0,0.0,0.0,0.0,0.0,0.0,0.0,0.0,8.0,0.0,11.0,0.727,1.0,0.8,6.6,0.0,8.0,0.0,11.0,0.727,1.0,0.8,6.6,,,,,,,,,,,,,,,0.444,2.0,4.0,0.5,0.5,0.333,2.0,3.0,0.667,0.111,0.0,1.0,0.0,0.333,0.0,3.0,0.0,0.0,0.111,0.0,1.0,0.0,0.222,0.0,2.0,0.0,0.222,1.0,2.0,0.5,0.75,0.111,0.0,1.0,0.0,0.111,1.0,1.0,1.0,1,6,0.167,2,0.0,2.0,0.0,0.167,3,0.5,0,0.0,0,0.0,0,0.0,0.389,1,1,1.0,0.0,1.0,0.0,1.0,3.0,0.333,0.0,0.0,0.0,0.0,0.0,0.0,1,4,0.25,0.0,0.0,0.0,0.0,0.0,0.0,LAC,1,1,1.0,0.0,0.0,0.0,1.0,2.0,0.5,0.0,2.0,0.0,0.0,0.0,0.0,1.0,4.0,0.25,,,,,,,0.0,0.0,0.0,1,2,1.0,2.0,0.5,0.75,7.0,12.0,0.583,0.518,0.066,1.0,6.0,0.167,0.308,-0.142,6.0,6.0,1.0,0.599,0.401,6.0,6.0,1.0,0.699,0.301,6.0,6.0,1.0,0.65,0.35,1.0,6.0,0.167,0.323,-0.157,3.0,1.0,2.0,1.0,0.0,1.0,2.0,2.0,2.0,4.0,0.5,0.5,0.0,1.0,1.0,0.0,0.0,0.0,1.0,0.0,0.0,0,0,0,0,0.0,0.0,1,1.0,0,0.0,0,0.0,0,0.0,9715,1.8,1.0,0.8,4.16,4.7,3.63,2019,20190328,False
201980,Danny Green,Danny,1610612761,TOR,32.0,1,1,0,1.0,20.366666666666667,5,9,0.556,5,8,0.625,0,0,0.0,2,2,4,2,1,1,0,0,3,1,15,24,24.8,0,0,28.0,1,1,1,1,102,50,68,56,2,8,26,93,100,93,17,91,63,62,52,16,52,1,124,76,40,4,56,15,2,40,1,101,139.7,131.8,131.8,78.0,79.1,79.1,61.7,52.7,52.7,0.133,2.0,16.7,0.095,0.077,0.085,8.3,8.3,0.833,0.833,0.208,0.225,100.31,102.52,85.43,102.52,0.167,44,5.0,9.0,9,15,15,14,14,14,8,6,6,80,27,79,27,114,78,99,101,15,22,66,60,97,81,81,34,50,68,26,26,0.0,0,3,5,2,0.077,0.077,2,0,0,0.0,0,0,0.0,0,0.0,2,1.0,0,0.0,0,0.0,0,0.0,15,37,24,0.8,1.32,0.78,0.405,0,0,2,0.0,0.0,0.0,1.0,1.0,0.5,3.0,0.667,0.0,0.667,11.8,0.0,2.0,0.0,2.0,1.0,0.0,1.0,17.4,1.0,3.0,0.25,4.0,1.0,0.0,1.0,14.6,1.0,0.111,0.0,1.0,0.0,0.0,0.111,0.0,1.0,0.0,0.0,0.0,0.0,,0.111,1.0,1.0,1.0,1.5,0.0,0.0,0.0,,0.111,1.0,1.0,1.0,0.444,2.0,4.0,0.5,0.75,0.0,0.0,0.0,,0.444,2.0,4.0,0.5,0.333,2.0,3.0,0.667,1.0,0.0,0.0,0.0,,0.333,2.0,3.0,0.667,1,2,0.5,3,1.0,2.0,0.5,0.75,12,0.667,0,0.0,0,0.0,0,0.0,0.833,0,1,0.0,0.0,0.0,0.0,0.0,0.0,0.0,2.0,2.0,1.0,2.0,2.0,1.0,1,4,0.25,0.0,0.0,0.0,4.0,4.0,1.0,TOR,0,1,0.0,0.0,0.0,0.0,0.0,0.0,0.0,0.0,0.0,0.0,4.0,5.0,0.8,1.0,3.0,0.333,,,,,,,0.0,0.0,0.0,4,6,4.0,6.0,0.667,1.0,1.0,9.0,0.111,0.417,-0.306,1.0,5.0,0.2,0.328,-0.128,0.0,4.0,0.0,0.478,-0.478,0.0,1.0,0.0,0.514,-0.514,0.0,1.0,0.0,0.482,-0.482,1.0,7.0,0.143,0.357,-0.215,10.0,5.0,5.0,0.0,0.0,0.0,0.0,1.0,0.0,1.0,1.0,0.0,1.0,0.0,1.0,0.0,0.0,1.0,0.0,0.0,0.0,0,0,0,0,0.0,0.0,0,0.0,0,0.0,0,0.0,0,0.0,8989,1.7,0.9,0.8,4.74,5.02,4.46,2019,20190328,False
201967,Dante Cunningham,Dante,1610612759,SAS,32.0,1,1,0,1.0,4.166666666666667,0,3,0.0,0,1,0.0,0,0,0.0,1,0,1,0,0,0,0,0,0,0,0,-4,1.2,0,0,1.0,1,1,1,1,165,151,132,151,98,119,98,93,100,93,42,152,126,138,105,80,52,1,1,125,160,117,170,15,2,170,1,95,62.5,62.5,62.5,101.4,112.5,112.5,-38.9,-50.0,-50.0,0.0,0.0,0.0,0.167,0.0,0.111,0.0,0.0,0.0,0.0,0.333,0.333,97.23,92.16,76.8,92.16,-0.263,8,0.0,3.0,174,174,174,59,102,102,164,173,173,138,91,138,6,152,59,1,1,151,160,14,17,144,169,169,177,151,132,6,3,0.0,0,0,0,0,0.0,0.0,0,0,0,0.0,0,0,0.0,0,0.0,0,0.0,0,0.0,0,0.0,0,0.0,0,9,5,0.3,1.84,0.11,0.0,0,0,1,0.0,0.0,0.0,1.0,0.0,1.0,1.0,1.0,0.0,1.0,4.3,0.0,0.0,0.0,1.0,0.0,1.0,0.0,0.0,1.0,0.0,1.0,2.0,0.5,1.0,1.0,4.3,,,,,,,,,,,,,,,0.667,0.0,2.0,0.0,0.0,0.667,0.0,2.0,0.0,0.0,0.0,0.0,,,,,,,,,,,,,,,0.333,0.0,1.0,0.0,0.0,0.0,0.0,0.0,,0.333,0.0,1.0,0.0,0,0,,0,0.0,0.0,,,0,0.0,0,0.0,0,0.0,0,0.0,0.0,0,0,0.0,0.0,2.0,0.0,0.0,0.0,0.0,0.0,0.0,0.0,0.0,1.0,0.0,0,0,0.0,,,,0.0,1.0,0.0,SAS,0,0,0.0,0.0,2.0,0.0,,,,0.0,0.0,0.0,0.0,1.0,0.0,0.0,0.0,0.0,,,,,,,,,,0,1,0.0,1.0,0.0,0.0,0.0,1.0,0.0,0.385,-0.385,0.0,1.0,0.0,0.361,-0.361,,,,,,,,,,,,,,,,0.0,1.0,0.0,0.35,-0.35,,,,,,,,,,,,,,,,,,,,,,0,0,0,0,0.0,0.0,0,0.0,0,0.0,0,0.0,0,0.0,1903,0.4,0.2,0.2,5.38,5.01,5.81,2019,20190328,False
1627863,Danuel House Jr.,Danuel,1610612745,HOU,26.0,1,1,0,1.0,20.016666666666666,0,5,0.0,0,5,0.0,0,0,0.0,0,0,0,2,0,1,0,0,2,0,0,4,6.0,0,0,4.0,1,1,1,1,104,151,107,151,98,31,98,93,100,93,74,152,160,62,105,16,52,1,86,125,160,52,152,15,2,155,1,96,97.3,92.9,92.9,81.7,83.3,83.3,15.6,9.5,9.5,0.154,0.0,28.6,0.0,0.0,0.0,0.0,0.0,0.0,0.0,0.114,0.119,99.42,100.72,83.93,100.72,-0.071,42,0.0,5.0,130,145,145,19,20,20,48,58,58,69,91,33,74,152,160,1,1,151,160,142,142,110,101,101,172,151,107,12,12,0.0,0,3,6,2,0.167,0.167,2,0,0,0.0,0,0,0.0,0,0.0,2,1.0,0,0.0,0,0.0,0,0.0,0,17,11,0.6,1.95,0.94,0.0,0,0,0,0.0,0.0,0.0,,,,,,,,,,,,,,,,,,,,,,,,,,,,,,,,,,,,,,,,,,,,,,,,,,,,0.4,0.0,2.0,0.0,0.0,0.0,0.0,0.0,,0.4,0.0,2.0,0.0,0.6,0.0,3.0,0.0,0.0,0.0,0.0,0.0,,0.6,0.0,3.0,0.0,0,1,0.0,0,0.0,1.0,0.0,0.0,0,0.0,0,0.0,0,0.0,0,0.0,0.0,0,0,0.0,0.0,0.0,0.0,0.0,0.0,0.0,0.0,1.0,0.0,0.0,1.0,0.0,0,3,0.0,0.0,0.0,0.0,0.0,2.0,0.0,HOU,0,0,0.0,0.0,0.0,0.0,0.0,0.0,0.0,0.0,0.0,0.0,0.0,2.0,0.0,0.0,3.0,0.0,0.0,0.0,0.0,0.0,0.0,0.0,0.0,0.0,0.0,0,4,0.0,4.0,0.0,0.0,2.0,6.0,0.333,0.46,-0.126,1.0,3.0,0.333,0.283,0.05,1.0,3.0,0.333,0.523,-0.189,1.0,2.0,0.5,0.637,-0.137,1.0,2.0,0.5,0.592,-0.092,1.0,3.0,0.333,0.297,0.036,5.0,2.0,3.0,1.0,0.0,0.0,0.0,1.0,0.0,1.0,1.0,0.0,0.0,6.0,6.0,3.0,0.0,0.0,1.0,1.0,0.0,0,0,0,0,0.0,0.0,0,0.0,0,0.0,0,0.0,0,0.0,7962,1.5,0.8,0.7,4.2,4.46,3.94,2019,20190328,False
203121,Darius Miller,Darius,1610612740,NOP,29.0,1,1,0,1.0,16.333333333333332,2,3,0.667,1,2,0.5,1,1,1.0,0,1,1,1,1,0,0,0,0,2,6,5,7.7,0,0,9.0,1,1,1,1,127,102,132,22,54,83,33,73,90,1,74,120,126,92,52,80,52,1,1,51,103,49,143,15,2,129,1,105,117.8,120.0,120.0,108.6,108.8,108.8,9.3,11.2,11.2,0.067,1.0,20.0,0.0,0.077,0.032,20.0,18.4,0.833,0.872,0.095,0.107,102.45,101.39,84.49,101.39,0.078,35,2.0,3.0,59,48,48,91,86,86,59,56,56,116,58,61,74,114,139,159,159,15,16,156,154,74,97,97,96,102,132,20,20,0.0,0,5,2,1,0.05,0.05,3,1,1,1.0,0,0,0.0,2,0.667,2,0.667,0,0.0,0,0.0,0,0.0,6,23,20,0.9,2.43,1.13,0.261,0,0,0,0.0,0.0,0.0,0.0,0.0,0.0,0.0,0.0,0.0,0.0,0.0,0.0,1.0,0.0,1.0,1.0,0.0,1.0,15.5,0.0,1.0,0.0,1.0,1.0,0.0,1.0,15.5,,,,,,,,,,,,,,,0.667,2.0,2.0,1.0,1.25,0.333,1.0,1.0,1.0,0.333,1.0,1.0,1.0,0.333,0.0,1.0,0.0,0.0,0.0,0.0,0.0,,0.333,0.0,1.0,0.0,,,,,,,,,,,,,,0,1,0.0,0,0.0,1.0,0.0,0.0,3,1.0,0,0.0,0,0.0,0,0.0,0.833,1,1,1.0,0.0,0.0,0.0,0.0,0.0,0.0,0.0,0.0,0.0,0.0,0.0,0.0,1,2,0.5,0.0,0.0,0.0,0.0,0.0,0.0,NOP,1,1,1.0,0.0,0.0,0.0,0.0,0.0,0.0,0.0,0.0,0.0,0.0,0.0,0.0,1.0,2.0,0.5,0.0,0.0,0.0,,,,0.0,0.0,0.0,0,0,0.0,0.0,,,1.0,3.0,0.333,0.419,-0.085,,,,,,1.0,3.0,0.333,0.454,-0.121,1.0,2.0,0.5,0.53,-0.03,1.0,3.0,0.333,0.495,-0.162,,,,,,2.0,2.0,0.0,1.0,1.0,0.0,0.0,0.0,0.0,0.0,0.0,0.0,0.0,1.0,1.0,0.0,0.0,0.0,1.0,0.0,0.0,0,0,0,0,0.0,0.0,0,0.0,0,0.0,0,0.0,0,0.0,5887,1.1,0.6,0.5,3.8,4.06,3.53,2019,20190328,False
1628021,David Nwaba,David,1610612739,CLE,26.0,1,0,1,0.0,18.633333333333333,5,6,0.833,1,1,1.0,0,0,0.0,2,1,3,0,0,1,0,1,2,0,11,8,17.6,0,0,17.0,1,87,87,87,117,50,98,11,54,119,1,93,100,93,17,120,83,138,105,16,52,122,86,125,67,39,95,15,2,91,1,97,127.5,123.1,123.1,105.0,105.3,105.3,22.5,17.8,17.8,0.0,0.0,0.0,0.087,0.067,0.079,0.0,0.0,0.917,0.917,0.125,0.131,97.53,99.18,82.65,99.18,0.138,39,5.0,6.0,26,33,33,71,69,69,37,39,39,138,91,138,30,123,83,1,1,12,13,135,134,139,114,114,48,50,98,8,8,0.0,0,1,0,0,0.0,0.0,2,1,2,0.5,0,0,0.0,2,1.0,0,0.0,0,0.0,0,0.0,0,0.0,11,15,10,0.6,2.59,1.47,0.733,0,0,2,0.0,0.0,1.0,0.0,2.0,0.0,2.0,1.0,0.0,1.0,4.1,0.0,1.0,0.0,2.0,0.5,1.0,1.0,7.5,0.0,3.0,0.0,4.0,0.75,1.0,1.0,5.2,,,,,,,,,,,,,,,0.667,3.0,4.0,0.75,0.75,0.667,3.0,4.0,0.75,0.0,0.0,0.0,,0.167,1.0,1.0,1.0,1.0,0.167,1.0,1.0,1.0,0.0,0.0,0.0,,0.167,1.0,1.0,1.0,1.5,0.0,0.0,0.0,,0.167,1.0,1.0,1.0,1,1,1.0,2,0.0,0.0,,1.0,3,1.0,2,1.0,0,0.0,0,0.0,0.917,1,1,1.0,3.0,4.0,0.75,0.0,0.0,0.0,0.0,0.0,0.0,0.0,0.0,0.0,1,1,1.0,0.0,0.0,0.0,0.0,0.0,0.0,CLE,2,3,0.667,1.0,1.0,1.0,1.0,1.0,1.0,0.0,0.0,0.0,1.0,1.0,1.0,0.0,0.0,0.0,0.0,0.0,0.0,0.0,0.0,0.0,0.0,0.0,0.0,1,1,1.0,1.0,1.0,1.5,3.0,6.0,0.5,0.432,0.068,2.0,4.0,0.5,0.415,0.086,1.0,2.0,0.5,0.462,0.038,,,,,,,,,,,2.0,5.0,0.4,0.409,-0.009,4.0,1.0,3.0,2.0,0.0,1.0,2.0,0.0,1.0,1.0,0.0,1.0,0.0,1.0,1.0,0.0,0.0,0.0,1.0,0.0,0.0,0,0,0,0,0.0,0.0,0,0.0,0,0.0,0,0.0,0,0.0,7732,1.5,0.8,0.7,4.5,4.62,4.37,2019,20190328,False
202722,Davis Bertans,Davis,1610612759,SAS,26.0,1,1,0,1.0,15.683333333333334,3,5,0.6,3,5,0.6,0,0,0.0,0,4,4,3,2,0,0,0,3,1,9,-6,16.3,0,0,19.0,1,1,1,1,129,82,107,39,12,31,27,93,100,93,74,48,63,42,22,80,52,1,124,76,84,131,100,15,2,82,1,95,111.9,108.8,108.8,127.8,122.9,122.9,-16.0,-14.0,-14.0,0.273,1.5,30.0,0.0,0.211,0.129,20.0,20.0,0.9,0.9,0.206,0.212,102.1,105.59,87.99,105.59,0.125,34,3.0,5.0,80,93,93,155,140,140,133,127,127,28,43,31,74,47,51,159,160,13,14,68,66,78,51,51,56,82,107,16,16,0.0,0,4,6,3,0.188,0.188,2,0,0,0.0,0,0,0.0,0,0.0,1,0.5,0,0.0,1,0.5,0,0.0,9,25,16,0.6,1.45,0.76,0.36,0,0,0,0.0,0.0,0.0,0.0,0.0,0.0,0.0,0.0,0.0,0.0,0.0,0.0,4.0,0.0,6.0,0.667,0.0,0.667,12.4,0.0,4.0,0.0,6.0,0.667,0.0,0.667,12.4,,,,,,,,,,,,,,,,,,,,,,,,,,,,0.6,3.0,3.0,1.0,1.5,0.0,0.0,0.0,,0.6,3.0,3.0,1.0,0.4,0.0,2.0,0.0,0.0,0.0,0.0,0.0,,0.4,0.0,2.0,0.0,1,1,1.0,3,1.0,1.0,1.0,1.5,6,0.5,0,0.0,0,0.0,0,0.0,0.9,0,0,0.0,0.0,0.0,0.0,0.0,0.0,0.0,0.0,0.0,0.0,1.0,1.0,1.0,2,4,0.5,0.0,0.0,0.0,1.0,1.0,1.0,SAS,0,0,0.0,0.0,0.0,0.0,0.0,0.0,0.0,0.0,0.0,0.0,1.0,2.0,0.5,2.0,3.0,0.667,0.0,0.0,0.0,0.0,0.0,0.0,0.0,0.0,0.0,2,4,2.0,4.0,0.5,0.75,6.0,10.0,0.6,0.478,0.122,1.0,2.0,0.5,0.346,0.154,5.0,8.0,0.625,0.548,0.077,2.0,3.0,0.667,0.615,0.051,5.0,7.0,0.714,0.581,0.133,1.0,3.0,0.333,0.351,-0.018,12.0,9.0,3.0,0.0,0.0,0.0,0.0,1.0,0.0,1.0,1.0,0.0,0.0,0.0,0.0,0.0,0.0,0.0,0.0,0.0,0.0,0,0,0,0,0.0,0.0,0,0.0,0,0.0,0,0.0,0,0.0,6720,1.3,0.7,0.6,4.62,5.41,3.93,2019,20190328,False
1628368,De'Aaron Fox,De'Aaron,1610612758,SAC,21.0,1,0,1,0.0,37.13333333333333,11,22,0.5,1,3,0.333,2,3,0.667,1,4,5,12,2,3,1,2,5,5,25,2,59.0,1,0,51.0,1,87,87,87,3,4,3,65,54,61,65,32,35,66,42,48,46,1,22,2,17,169,175,10,8,63,3,1,2,6,1,105,107.7,108.4,108.4,105.5,106.0,106.0,2.1,2.4,2.4,0.48,6.0,32.4,0.024,0.103,0.062,5.4,5.4,0.523,0.536,0.281,0.283,107.94,107.29,89.41,107.29,0.15,83,11.0,22.0,102,97,97,75,72,72,81,75,75,5,1,27,73,101,100,83,83,81,91,26,29,35,41,41,40,4,3,71,82,0.0,0,15,27,12,0.169,0.169,18,4,10,0.4,1,2,0.5,9,0.5,3,0.167,1,0.056,1,0.056,2,0.111,25,100,25,8.2,4.9,4.42,0.25,0,1,2,0.0,0.0,1.0,1.0,0.0,1.0,5.0,0.2,0.0,0.2,3.3,0.0,4.0,0.0,9.0,0.444,2.0,0.571,11.4,1.0,4.0,0.2,14.0,0.357,2.0,0.417,9.8,1.0,0.136,2.0,3.0,0.667,0.667,0.136,2.0,3.0,0.667,0.0,0.0,0.0,,0.545,6.0,12.0,0.5,0.5,0.545,6.0,12.0,0.5,0.0,0.0,0.0,,0.227,2.0,5.0,0.4,0.4,0.182,2.0,4.0,0.5,0.045,0.0,1.0,0.0,0.091,1.0,2.0,0.5,0.75,0.0,0.0,0.0,,0.091,1.0,2.0,0.5,6,12,0.5,13,1.0,2.0,0.5,0.542,0,0.0,2,0.5,0,0.0,0,0.0,0.523,3,7,0.429,4.0,7.0,0.571,3.0,5.0,0.6,0.0,0.0,0.0,0.0,0.0,0.0,1,3,0.333,0.0,0.0,0.0,0.0,0.0,0.0,SAC,4,8,0.5,3.0,6.0,0.5,1.0,1.0,1.0,2.0,4.0,0.5,0.0,0.0,0.0,1.0,3.0,0.333,0.0,0.0,0.0,,,,0.0,0.0,0.0,0,1,0.0,1.0,0.0,0.0,14.0,21.0,0.667,0.466,0.201,2.0,5.0,0.4,0.323,0.077,12.0,16.0,0.75,0.52,0.23,9.0,12.0,0.75,0.576,0.174,12.0,16.0,0.75,0.537,0.213,2.0,5.0,0.4,0.327,0.073,7.0,6.0,1.0,7.0,0.0,0.0,0.0,0.0,2.0,2.0,0.0,1.0,0.0,1.0,1.0,1.0,0.0,0.0,1.0,1.0,0.0,0,0,0,0,0.0,0.0,1,1.0,0,0.0,0,0.0,0,0.0,15207,2.9,1.5,1.4,4.38,4.66,4.12,2019,20190328,False
201599,DeAndre Jordan,DeAndre,1610612752,NYK,30.0,1,0,1,0.0,19.716666666666665,0,2,0.0,0,0,0.0,3,4,0.75,0,7,7,4,2,0,0,1,2,3,3,-18,15.4,0,0,14.0,1,87,87,87,108,151,151,151,98,141,98,21,18,58,74,20,35,21,22,80,52,122,86,29,132,170,105,15,2,108,1,101,89.2,88.1,88.1,135.7,127.9,127.9,-46.5,-39.8,-39.8,0.364,2.0,40.0,0.0,0.35,0.189,20.0,20.5,0.0,0.399,0.13,0.129,99.81,103.47,86.22,103.47,0.09,42,0.0,2.0,154,154,154,165,156,156,170,166,166,13,27,10,74,10,19,159,164,151,123,134,138,104,69,69,87,151,151,36,31,0.0,0,3,9,4,0.111,0.111,0,0,0,0.0,0,0,0.0,0,0.0,0,0.0,0,0.0,0,0.0,0,0.0,3,44,29,1.1,1.55,0.34,0.068,4,2,5,0.5,0.0,0.6,0.0,0.0,0.0,2.0,0.0,0.0,0.0,0.0,1.0,6.0,0.143,9.0,0.778,0.0,0.778,4.3,1.0,6.0,0.143,11.0,0.636,0.0,0.636,4.3,,,,,,,,,,,,,,,1.0,0.0,2.0,0.0,0.0,1.0,0.0,2.0,0.0,0.0,0.0,0.0,,,,,,,,,,,,,,,,,,,,,,,,,,,,0,0,,0,,,,,0,0.0,3,0.0,0,0.0,2,0.0,0.0,0,0,0.0,0.0,2.0,0.0,0.0,0.0,0.0,0.0,0.0,0.0,0.0,0.0,0.0,0,0,0.0,0.0,0.0,0.0,0.0,0.0,0.0,NYK,0,0,0.0,0.0,2.0,0.0,0.0,0.0,0.0,0.0,0.0,0.0,0.0,0.0,0.0,0.0,0.0,0.0,,,,,,,0.0,0.0,0.0,0,0,,,,,1.0,7.0,0.143,0.462,-0.319,0.0,5.0,0.0,0.377,-0.377,1.0,2.0,0.5,0.535,-0.035,1.0,1.0,1.0,0.667,0.333,1.0,1.0,1.0,0.61,0.39,0.0,6.0,0.0,0.39,-0.39,2.0,0.0,2.0,1.0,0.0,4.0,8.0,0.0,1.0,1.0,0.0,1.0,1.0,3.0,4.0,1.0,0.0,0.25,0.75,0.5,0.0,0,0,0,0,0.0,0.0,2,1.0,1,0.5,0,0.0,0,0.0,7069,1.3,0.7,0.7,3.71,4.09,3.9,2019,20190328,False
201942,DeMar DeRozan,DeMar,1610612759,SAS,29.0,1,1,0,1.0,34.916666666666664,10,12,0.833,0,0,0.0,5,5,1.0,1,1,2,8,2,2,0,0,2,4,25,13,43.4,0,0,39.0,1,1,1,1,9,8,38,11,98,141,98,8,13,1,42,120,104,4,22,8,52,1,86,19,8,24,13,15,2,12,1,95,124.9,129.0,129.0,107.8,108.6,108.6,17.1,20.4,20.4,0.333,4.0,33.3,0.033,0.029,0.031,8.3,8.3,0.833,0.88,0.208,0.215,97.47,95.54,79.62,95.54,0.199,69,10.0,12.0,33,19,19,83,85,85,42,33,33,15,5,19,60,150,142,99,100,15,15,67,64,140,138,138,22,8,38,40,51,0.0,1,14,21,9,0.2,0.225,18,5,5,1.0,3,3,1.0,13,0.722,12,0.667,6,0.333,0,0.0,1,0.056,25,58,26,5.3,5.45,4.9,0.431,1,3,0,0.0,0.667,0.0,0.0,1.0,0.0,1.0,1.0,0.0,1.0,20.5,0.0,1.0,0.0,4.0,0.25,1.0,0.333,12.9,0.0,2.0,0.0,5.0,0.4,1.0,0.5,16.7,1.0,0.083,1.0,1.0,1.0,1.0,0.083,1.0,1.0,1.0,0.0,0.0,0.0,,0.417,4.0,5.0,0.8,0.8,0.417,4.0,5.0,0.8,0.0,0.0,0.0,,0.417,4.0,5.0,0.8,0.8,0.417,4.0,5.0,0.8,0.0,0.0,0.0,,0.083,1.0,1.0,1.0,1.0,0.083,1.0,1.0,1.0,0.0,0.0,0.0,,2,2,1.0,4,,,,1.0,2,0.5,0,0.0,2,1.0,0,0.0,0.833,6,7,0.857,1.0,1.0,1.0,3.0,4.0,0.75,0.0,0.0,0.0,0.0,0.0,0.0,0,0,0.0,0.0,0.0,0.0,0.0,0.0,0.0,SAS,6,7,0.857,1.0,1.0,1.0,0.0,0.0,0.0,2.0,3.0,0.667,1.0,1.0,1.0,0.0,0.0,0.0,,,,0.0,0.0,0.0,0.0,0.0,0.0,0,1,,,,0.0,6.0,14.0,0.429,0.434,-0.005,0.0,4.0,0.0,0.369,-0.369,6.0,10.0,0.6,0.486,0.114,2.0,3.0,0.667,0.591,0.075,5.0,6.0,0.833,0.514,0.32,0.0,5.0,0.0,0.364,-0.364,5.0,4.0,1.0,2.0,0.0,1.0,2.0,0.0,1.0,1.0,0.0,1.0,0.0,1.0,1.0,0.0,0.0,0.0,1.0,0.0,0.0,1,1,0,0,0.0,0.667,1,0.333,0,0.0,1,0.333,0,0.0,13678,2.6,1.4,1.2,4.2,4.77,3.68,2019,20190328,False
201960,DeMarre Carroll,DeMarre,1610612751,BKN,32.0,1,0,1,0.0,22.833333333333332,1,5,0.2,1,4,0.25,0,0,0.0,0,3,3,1,1,0,1,1,2,1,3,-16,10.1,0,0,10.0,1,87,87,87,90,125,107,145,54,45,82,93,100,93,74,65,83,92,52,80,17,122,86,76,132,168,130,15,2,127,1,104,89.3,92.2,92.2,120.8,123.5,123.5,-31.5,-31.4,-31.4,0.053,1.0,14.3,0.0,0.125,0.056,14.3,14.3,0.3,0.3,0.097,0.099,110.15,107.21,89.34,107.21,0.005,51,1.0,5.0,153,147,147,132,145,145,157,158,158,125,58,98,74,84,106,143,145,133,145,154,156,25,42,42,155,125,107,19,16,0.0,0,2,2,1,0.053,0.053,4,0,0,0.0,0,0,0.0,0,0.0,2,0.5,0,0.0,1,0.25,0,0.0,3,27,16,0.8,1.82,0.96,0.111,0,0,0,0.0,0.0,0.0,0.0,0.0,0.0,2.0,0.0,0.0,0.0,0.0,0.0,3.0,0.0,3.0,1.0,0.0,1.0,4.8,0.0,3.0,0.0,5.0,0.6,0.0,0.6,4.8,1.0,0.2,0.0,1.0,0.0,0.0,0.2,0.0,1.0,0.0,0.0,0.0,0.0,,,,,,,,,,,,,,,0.4,0.0,2.0,0.0,0.0,0.0,0.0,0.0,,0.4,0.0,2.0,0.0,0.4,1.0,2.0,0.5,0.75,0.0,0.0,0.0,,0.4,1.0,2.0,0.5,0,0,,0,0.0,0.0,,,3,0.25,0,0.0,0,0.0,0,0.0,0.3,0,1,0.0,0.0,0.0,0.0,0.0,0.0,0.0,0.0,0.0,0.0,0.0,1.0,0.0,1,3,0.333,0.0,0.0,0.0,0.0,1.0,0.0,BKN,0,1,0.0,0.0,0.0,0.0,0.0,0.0,0.0,0.0,0.0,0.0,0.0,1.0,0.0,1.0,3.0,0.333,,,,,,,0.0,0.0,0.0,1,4,1.0,4.0,0.25,0.375,4.0,9.0,0.444,0.469,-0.025,3.0,5.0,0.6,0.396,0.204,1.0,4.0,0.25,0.522,-0.272,1.0,1.0,1.0,0.608,0.392,1.0,3.0,0.333,0.533,-0.2,3.0,5.0,0.6,0.417,0.183,9.0,4.0,5.0,1.0,0.0,0.0,0.0,0.0,0.0,0.0,0.0,0.0,0.0,0.0,0.0,0.0,0.0,0.0,0.0,0.0,0.0,0,0,0,0,0.0,0.0,0,0.0,0,0.0,0,0.0,0,0.0,9340,1.8,1.0,0.8,4.38,4.68,4.05,2019,20190328,False
1628372,Dennis Smith Jr.,Dennis,1610612752,NYK,21.0,1,0,1,0.0,20.0,2,11,0.182,1,4,0.25,2,2,1.0,1,4,5,1,2,0,0,1,0,3,7,-13,12.5,0,0,14.0,1,87,87,87,105,102,47,147,54,45,82,32,50,1,42,48,46,92,22,80,52,122,1,29,98,160,118,15,2,108,1,101,73.8,69.8,69.8,101.1,102.4,102.4,-27.3,-32.6,-32.6,0.111,0.5,6.7,0.036,0.138,0.088,13.3,13.4,0.227,0.295,0.264,0.28,99.79,102.0,85.0,102.0,0.03,43,2.0,11.0,169,171,171,58,60,60,153,159,159,88,84,128,57,77,75,137,138,147,146,33,30,105,84,84,138,102,47,24,36,0.0,0,6,2,1,0.042,0.042,14,2,5,0.4,2,2,1.0,7,0.5,6,0.429,1,0.071,2,0.143,1,0.071,7,43,18,3.8,5.28,5.23,0.163,0,0,2,0.0,0.0,0.0,1.0,0.0,1.0,4.0,0.25,1.0,0.333,0.6,0.0,4.0,0.0,8.0,0.5,0.0,0.5,9.9,1.0,4.0,0.2,12.0,0.417,1.0,0.455,8.0,,,,,,,,,,,,,,,0.545,0.0,6.0,0.0,0.0,0.455,0.0,5.0,0.0,0.091,0.0,1.0,0.0,0.364,2.0,4.0,0.5,0.625,0.182,1.0,2.0,0.5,0.182,1.0,2.0,0.5,0.091,0.0,1.0,0.0,0.0,0.0,0.0,0.0,,0.091,0.0,1.0,0.0,2,5,0.4,5,1.0,1.0,1.0,0.5,0,0.0,0,0.0,0,0.0,0,0.0,0.227,0,2,0.0,0.0,2.0,0.0,1.0,3.0,0.333,1.0,2.0,0.5,0.0,0.0,0.0,0,2,0.0,,,,1.0,2.0,0.5,NYK,0,2,0.0,0.0,2.0,0.0,0.0,0.0,0.0,1.0,2.0,0.5,1.0,3.0,0.333,0.0,2.0,0.0,0.0,0.0,0.0,,,,,,,0,3,0.0,3.0,0.0,0.0,6.0,10.0,0.6,0.476,0.124,4.0,6.0,0.667,0.378,0.288,2.0,4.0,0.5,0.524,-0.024,0.0,2.0,0.0,0.539,-0.539,1.0,3.0,0.333,0.551,-0.218,5.0,7.0,0.714,0.388,0.327,8.0,4.0,4.0,0.0,0.0,0.0,0.0,0.0,2.0,2.0,0.0,1.0,0.0,3.0,3.0,2.0,0.0,0.0,1.0,1.0,0.0,0,0,0,0,0.0,0.0,0,0.0,0,0.0,0,0.0,0,0.0,8073,1.5,0.8,0.7,4.19,4.66,3.75,2019,20190328,False
1627884,Derrick Jones Jr.,Derrick,1610612748,MIA,22.0,1,1,0,1.0,17.503333333333334,3,6,0.5,0,3,0.0,3,3,1.0,0,4,4,1,1,1,1,0,2,2,9,6,20.3,0,0,18.0,1,1,1,1,123,82,98,65,98,61,98,21,35,1,74,48,63,92,52,16,17,1,86,51,84,42,75,15,2,85,1,102,108.9,102.3,102.3,92.8,88.4,88.4,16.1,14.0,14.0,0.077,1.0,11.1,0.0,0.2,0.108,11.1,10.7,0.5,0.615,0.182,0.201,111.56,117.92,98.27,117.92,0.118,43,3.0,6.0,96,120,120,35,28,28,47,50,50,113,58,114,74,50,63,119,119,82,69,87,80,19,10,10,63,82,98,13,13,0.0,0,1,3,1,0.077,0.077,0,0,0,0.0,0,0,0.0,0,0.0,0,0.0,0,0.0,0,0.0,0,0.0,9,21,13,0.4,1.12,0.48,0.429,2,0,3,1.0,0.0,2.333,0.0,0.0,0.0,0.0,0.0,0.0,0.0,0.0,1.0,3.0,0.25,6.0,0.667,1.0,0.8,4.8,1.0,3.0,0.25,6.0,0.667,1.0,0.8,4.8,,,,,,,,,,,,,,,0.333,2.0,2.0,1.0,1.0,0.333,2.0,2.0,1.0,0.0,0.0,0.0,,0.167,1.0,1.0,1.0,1.0,0.167,1.0,1.0,1.0,0.0,0.0,0.0,,0.5,0.0,3.0,0.0,0.0,0.0,0.0,0.0,,0.5,0.0,3.0,0.0,0,0,,0,0.0,0.0,,,0,0.0,7,1.0,0,0.0,2,0.0,0.5,3,3,1.0,0.0,0.0,0.0,0.0,0.0,0.0,0.0,1.0,0.0,0.0,1.0,0.0,0,1,0.0,0.0,0.0,0.0,0.0,2.0,0.0,MIA,3,3,1.0,0.0,0.0,0.0,0.0,0.0,0.0,0.0,0.0,0.0,0.0,2.0,0.0,0.0,1.0,0.0,0.0,0.0,0.0,,,,0.0,0.0,0.0,0,3,0.0,3.0,0.0,0.0,3.0,10.0,0.3,0.421,-0.121,1.0,4.0,0.25,0.329,-0.079,2.0,6.0,0.333,0.501,-0.168,1.0,3.0,0.333,0.641,-0.307,1.0,3.0,0.333,0.583,-0.249,1.0,5.0,0.2,0.345,-0.145,7.0,4.0,3.0,3.0,0.0,0.0,0.0,0.0,0.0,0.0,0.0,0.0,0.0,1.0,1.0,1.0,1.0,0.0,1.0,1.0,1.0,0,0,0,0,0.0,0.0,0,0.0,0,0.0,0,0.0,0,0.0,7431,1.4,0.7,0.7,4.44,5.08,3.94,2019,20190328,False
1628401,Derrick White,Derrick,1610612759,SAS,24.0,1,1,0,1.0,19.741666666666667,2,3,0.667,1,1,1.0,1,2,0.5,0,1,1,4,1,1,1,0,3,2,6,17,18.2,0,0,16.0,1,1,1,1,107,102,132,22,54,119,1,73,50,75,74,120,126,21,52,16,17,1,124,51,103,12,88,15,2,96,1,95,148.2,159.0,159.0,119.2,115.4,115.4,29.0,43.6,43.6,0.182,4.0,44.4,0.0,0.063,0.032,11.1,11.3,0.833,0.773,0.114,0.111,96.77,94.82,79.02,94.82,0.063,39,2.0,3.0,6,2,2,126,111,111,28,12,12,54,5,7,74,127,139,119,124,15,33,142,149,149,143,143,115,102,132,35,33,0.0,1,6,11,5,0.114,0.143,8,1,1,1.0,1,2,0.5,3,0.375,5,0.625,1,0.125,1,0.125,1,0.125,6,40,11,2.8,4.25,3.83,0.15,0,0,0,0.0,0.0,0.0,0.0,0.0,0.0,0.0,0.0,0.0,0.0,0.0,0.0,1.0,0.0,2.0,0.5,0.0,0.5,2.9,0.0,1.0,0.0,2.0,0.5,0.0,0.5,2.9,,,,,,,,,,,,,,,0.333,0.0,1.0,0.0,0.0,0.333,0.0,1.0,0.0,0.0,0.0,0.0,,0.333,1.0,1.0,1.0,1.0,0.333,1.0,1.0,1.0,0.0,0.0,0.0,,0.333,1.0,1.0,1.0,1.5,0.0,0.0,0.0,,0.333,1.0,1.0,1.0,1,2,0.5,2,0.0,0.0,,0.5,3,1.0,0,0.0,0,0.0,0,0.0,0.833,0,0,0.0,1.0,2.0,0.5,0.0,0.0,0.0,0.0,0.0,0.0,0.0,0.0,0.0,1,1,1.0,0.0,0.0,0.0,0.0,0.0,0.0,SAS,0,0,0.0,0.0,0.0,0.0,1.0,2.0,0.5,0.0,0.0,0.0,0.0,0.0,0.0,1.0,1.0,1.0,,,,,,,0.0,0.0,0.0,1,1,1.0,1.0,1.0,1.5,4.0,5.0,0.8,0.452,0.348,1.0,2.0,0.5,0.363,0.137,3.0,3.0,1.0,0.482,0.518,3.0,3.0,1.0,0.575,0.425,3.0,3.0,1.0,0.531,0.469,1.0,2.0,0.5,0.371,0.129,4.0,2.0,2.0,1.0,0.0,0.0,0.0,0.0,2.0,2.0,0.0,1.0,0.0,0.0,0.0,0.0,0.0,0.0,0.0,0.0,0.0,0,0,0,0,0.0,0.0,0,0.0,0,0.0,0,0.0,0,0.0,8090,1.5,0.9,0.7,4.34,5.38,3.91,2019,20190328,False
2734,Devin Harris,Devin,1610612742,DAL,36.0,1,0,1,0.0,9.166666666666666,1,3,0.333,0,2,0.0,2,3,0.667,1,0,1,2,0,0,0,0,3,2,4,10,8.2,0,0,7.0,1,87,87,87,149,125,132,108,98,83,98,32,35,66,42,152,126,62,105,80,52,1,124,51,122,28,139,15,2,140,1,101,122.0,123.8,123.8,74.3,76.2,76.2,47.6,47.6,47.6,0.222,0.0,33.3,0.091,0.0,0.042,0.0,0.0,0.333,0.463,0.182,0.194,112.16,109.96,91.64,109.96,0.013,21,1.0,3.0,41,30,30,9,9,9,13,9,9,40,91,19,29,152,127,1,1,124,111,87,86,15,30,30,151,125,132,14,17,0.0,0,4,6,2,0.143,0.143,1,0,0,0.0,0,0,0.0,0,0.0,1,1.0,1,1.0,0,0.0,0,0.0,4,18,8,0.8,2.61,2.22,0.222,1,0,1,0.0,0.0,2.0,0.0,1.0,0.0,1.0,1.0,0.0,1.0,26.4,0.0,0.0,0.0,0.0,0.0,0.0,0.0,0.0,0.0,1.0,0.0,1.0,1.0,0.0,1.0,26.4,1.0,0.333,1.0,1.0,1.0,1.0,0.333,1.0,1.0,1.0,0.0,0.0,0.0,,,,,,,,,,,,,,,0.333,0.0,1.0,0.0,0.0,0.0,0.0,0.0,,0.333,0.0,1.0,0.0,0.333,0.0,1.0,0.0,0.0,0.0,0.0,0.0,,0.333,0.0,1.0,0.0,0,2,0.0,0,0.0,2.0,0.0,0.0,0,0.0,2,1.0,0,0.0,0,0.0,0.333,1,1,1.0,0.0,0.0,0.0,0.0,0.0,0.0,0.0,0.0,0.0,0.0,0.0,0.0,0,2,0.0,,,,0.0,0.0,0.0,DAL,1,1,1.0,0.0,0.0,0.0,0.0,0.0,0.0,0.0,0.0,0.0,0.0,1.0,0.0,0.0,1.0,0.0,,,,,,,,,,0,0,0.0,0.0,,,3.0,6.0,0.5,0.425,0.076,0.0,2.0,0.0,0.354,-0.354,3.0,4.0,0.75,0.564,0.186,2.0,2.0,1.0,0.706,0.295,3.0,3.0,1.0,0.671,0.329,0.0,3.0,0.0,0.349,-0.349,2.0,1.0,1.0,1.0,1.0,0.0,0.0,1.0,0.0,1.0,1.0,0.0,0.0,0.0,0.0,0.0,0.0,0.0,0.0,0.0,0.0,0,0,0,0,0.0,0.0,0,0.0,0,0.0,0,0.0,0,0.0,3619,0.7,0.4,0.3,4.37,5.12,3.66,2019,20190328,False
203079,Dion Waiters,Dion,1610612748,MIA,27.0,1,1,0,1.0,33.766666666666666,6,17,0.353,3,10,0.3,2,3,0.667,0,2,2,1,1,0,0,0,4,2,17,6,19.9,0,0,23.0,1,1,1,1,15,33,12,107,12,3,80,32,35,66,74,91,104,92,52,80,52,1,164,51,31,42,77,15,2,57,1,102,96.9,95.9,95.9,87.1,87.7,87.7,9.8,8.2,8.2,0.053,1.0,5.0,0.0,0.05,0.025,5.0,4.9,0.441,0.464,0.238,0.244,103.57,103.77,86.48,103.77,0.028,73,6.0,17.0,131,138,138,25,26,26,55,60,60,125,58,136,74,137,150,80,80,106,110,50,48,63,66,66,140,33,12,35,40,0.0,0,4,3,1,0.029,0.029,16,3,6,0.5,2,3,0.667,8,0.5,8,0.5,1,0.063,1,0.063,1,0.063,17,54,22,3.8,4.18,3.11,0.315,0,0,0,0.0,0.0,0.0,0.0,0.0,0.0,0.0,0.0,0.0,0.0,0.0,0.0,2.0,0.0,5.0,0.4,2.0,0.667,8.9,0.0,2.0,0.0,5.0,0.4,2.0,0.667,8.9,1.0,0.059,0.0,1.0,0.0,0.0,0.059,0.0,1.0,0.0,0.0,0.0,0.0,,0.294,2.0,5.0,0.4,0.4,0.176,2.0,3.0,0.667,0.118,0.0,2.0,0.0,0.412,3.0,7.0,0.429,0.571,0.118,1.0,2.0,0.5,0.294,2.0,5.0,0.4,0.235,1.0,4.0,0.25,0.375,0.059,0.0,1.0,0.0,0.176,1.0,3.0,0.333,0,3,0.0,0,0.0,2.0,0.0,0.0,9,0.375,0,0.0,0,0.0,0,0.0,0.441,3,6,0.5,0.0,0.0,0.0,0.0,1.0,0.0,1.0,2.0,0.5,1.0,2.0,0.5,1,6,0.167,0.0,0.0,0.0,2.0,4.0,0.5,MIA,3,6,0.5,0.0,0.0,0.0,0.0,0.0,0.0,0.0,0.0,0.0,3.0,8.0,0.375,0.0,3.0,0.0,0.0,0.0,0.0,,,,0.0,0.0,0.0,3,8,3.0,8.0,0.375,0.563,6.0,11.0,0.545,0.443,0.103,3.0,5.0,0.6,0.33,0.27,3.0,6.0,0.5,0.555,-0.055,3.0,4.0,0.75,0.694,0.056,3.0,6.0,0.5,0.633,-0.133,3.0,5.0,0.6,0.342,0.258,5.0,2.0,3.0,1.0,0.0,0.0,0.0,0.0,0.0,0.0,0.0,0.0,0.0,2.0,2.0,2.0,0.0,0.0,1.0,1.0,0.0,0,0,0,0,0.0,0.0,0,0.0,0,0.0,0,0.0,0,0.0,12765,2.4,1.3,1.1,3.96,4.48,3.49,2019,20190328,False
1717,Dirk Nowitzki,Dirk,1610612742,DAL,41.0,1,0,1,0.0,27.615,5,13,0.385,3,9,0.333,0,0,0.0,0,3,3,1,0,0,0,0,1,0,13,-12,18.1,0,0,20.0,1,87,87,87,64,50,32,101,12,4,65,93,100,93,74,65,83,92,105,80,52,1,41,125,51,156,91,15,2,79,1,101,99.5,100.0,100.0,123.4,122.0,122.0,-23.8,-22.0,-22.0,0.063,0.0,7.1,0.0,0.107,0.05,0.0,0.0,0.5,0.5,0.2,0.202,103.11,103.42,86.19,103.42,0.067,60,5.0,13.0,121,122,122,146,138,138,150,148,148,118,91,127,74,98,114,1,1,82,98,77,79,67,71,71,108,50,32,33,39,0.0,0,2,3,1,0.03,0.03,0,0,0,0.0,0,0,0.0,0,0.0,0,0.0,0,0.0,0,0.0,0,0.0,13,47,39,0.7,0.95,0.15,0.277,0,0,0,0.0,0.0,0.0,0.0,0.0,0.0,1.0,0.0,0.0,0.0,0.0,0.0,3.0,0.0,3.0,1.0,0.0,1.0,3.6,0.0,3.0,0.0,4.0,0.75,0.0,0.75,3.6,,,,,,,,,,,,,,,0.231,1.0,3.0,0.333,0.333,0.231,1.0,3.0,0.333,0.0,0.0,0.0,,0.308,2.0,4.0,0.5,0.625,0.077,1.0,1.0,1.0,0.231,1.0,3.0,0.333,0.462,2.0,6.0,0.333,0.5,0.0,0.0,0.0,,0.462,2.0,6.0,0.333,1,1,1.0,2,0.0,0.0,,1.0,11,0.333,0,0.0,0,0.0,0,0.0,0.5,0,0,0.0,0.0,0.0,0.0,2.0,4.0,0.5,0.0,0.0,0.0,0.0,1.0,0.0,3,8,0.375,0.0,0.0,0.0,0.0,1.0,0.0,DAL,0,0,0.0,0.0,0.0,0.0,0.0,0.0,0.0,2.0,4.0,0.5,1.0,4.0,0.25,2.0,5.0,0.4,0.0,0.0,0.0,,,,0.0,0.0,0.0,4,12,3.0,9.0,0.333,0.458,6.0,11.0,0.545,0.503,0.042,0.0,1.0,0.0,0.33,-0.33,6.0,10.0,0.6,0.534,0.066,5.0,7.0,0.714,0.658,0.056,5.0,8.0,0.625,0.595,0.03,0.0,1.0,0.0,0.332,-0.332,6.0,5.0,1.0,0.0,0.0,0.0,0.0,0.0,0.0,0.0,0.0,0.0,0.0,4.0,4.0,2.0,1.0,0.0,1.0,0.667,0.333,0,0,0,0,0.0,0.0,0,0.0,0,0.0,0,0.0,0,0.0,9096,1.7,1.0,0.7,3.45,3.67,3.18,2019,20190328,False
1627827,Dorian Finney-Smith,Dorian,1610612742,DAL,26.0,1,0,1,0.0,4.945,1,3,0.333,0,1,0.0,0,0,0.0,1,0,1,1,0,1,0,0,1,0,2,1,7.7,0,0,6.0,1,87,87,87,163,125,132,108,98,119,98,93,100,93,42,152,126,92,105,16,52,1,41,125,144,72,143,15,2,149,1,101,83.3,83.3,83.3,73.8,69.2,69.2,9.6,14.1,14.1,0.25,0.0,25.0,0.143,0.0,0.071,0.0,0.0,0.333,0.333,0.25,0.231,117.45,121.33,101.11,121.33,0.086,12,1.0,3.0,159,157,157,8,6,6,58,49,49,30,91,43,11,152,88,1,1,124,139,39,55,7,9,9,90,125,132,5,3,0.0,1,1,2,2,0.2,0.4,0,0,0,0.0,0,0,0.0,0,0.0,0,0.0,0,0.0,0,0.0,0,0.0,2,8,4,0.2,1.75,0.25,0.25,0,0,1,0.0,0.0,2.0,1.0,0.0,1.0,2.0,0.5,0.0,0.5,1.3,0.0,0.0,0.0,2.0,0.0,1.0,0.0,0.0,1.0,0.0,1.0,4.0,0.25,1.0,0.333,1.3,1.0,0.333,1.0,1.0,1.0,1.0,0.333,1.0,1.0,1.0,0.0,0.0,0.0,,,,,,,,,,,,,,,,,,,,,,,,,,,,0.667,0.0,2.0,0.0,0.0,0.333,0.0,1.0,0.0,0.333,0.0,1.0,0.0,0,0,,0,0.0,0.0,,,0,0.0,2,1.0,0,0.0,0,0.0,0.333,1,1,1.0,0.0,0.0,0.0,0.0,1.0,0.0,0.0,0.0,0.0,,,,0,1,0.0,,,,0.0,0.0,0.0,DAL,1,1,1.0,0.0,0.0,0.0,,,,0.0,0.0,0.0,0.0,1.0,0.0,0.0,1.0,0.0,,,,,,,,,,0,2,0.0,1.0,0.0,0.0,,,,,,,,,,,,,,,,,,,,,,,,,,,,,,,0.0,0.0,0.0,0.0,0.0,0.0,0.0,0.0,0.0,0.0,0.0,0.0,0.0,1.0,1.0,0.0,0.0,0.0,1.0,0.0,0.0,0,0,0,0,0.0,0.0,0,0.0,0,0.0,0,0.0,0,0.0,2202,0.4,0.2,0.2,4.37,4.3,4.44,2019,20190328,False
1629130,Duncan Robinson,Duncan,1610612748,MIA,25.0,1,1,0,1.0,21.516666666666666,2,9,0.222,1,7,0.143,1,1,1.0,0,2,2,1,0,1,0,0,1,1,6,1,12.9,0,0,12.0,1,1,1,1,96,102,68,143,54,13,94,73,90,1,74,91,104,92,105,16,52,1,41,76,103,72,117,15,2,117,1,102,111.0,111.4,111.4,109.4,111.6,111.6,1.6,-0.3,-0.3,0.063,0.0,10.0,0.0,0.077,0.038,0.0,0.0,0.278,0.318,0.173,0.185,98.2,97.04,80.87,97.04,0.024,44,2.0,9.0,84,79,79,95,100,100,85,85,85,118,91,117,74,114,135,1,1,136,142,99,92,131,128,128,144,102,68,14,18,0.0,0,1,2,1,0.071,0.071,1,0,0,0.0,0,0,0.0,0,0.0,1,1.0,1,1.0,0,0.0,0,0.0,6,24,16,0.5,1.35,0.54,0.25,0,0,0,0.0,0.0,0.0,0.0,0.0,0.0,0.0,0.0,0.0,0.0,0.0,0.0,2.0,0.0,7.0,0.286,2.0,0.4,8.1,0.0,2.0,0.0,7.0,0.286,2.0,0.4,8.1,,,,,,,,,,,,,,,0.111,1.0,1.0,1.0,1.0,0.111,1.0,1.0,1.0,0.0,0.0,0.0,,0.444,1.0,4.0,0.25,0.375,0.0,0.0,0.0,,0.444,1.0,4.0,0.25,0.444,0.0,4.0,0.0,0.0,0.111,0.0,1.0,0.0,0.333,0.0,3.0,0.0,0,3,0.0,0,0.0,2.0,0.0,0.0,3,0.2,0,0.0,0,0.0,0,0.0,0.278,1,1,1.0,0.0,0.0,0.0,0.0,1.0,0.0,0.0,1.0,0.0,1.0,2.0,0.5,0,4,0.0,0.0,0.0,0.0,1.0,3.0,0.333,MIA,1,1,1.0,0.0,0.0,0.0,0.0,0.0,0.0,0.0,1.0,0.0,1.0,4.0,0.25,0.0,3.0,0.0,,,,,,,0.0,0.0,0.0,1,5,1.0,5.0,0.2,0.3,4.0,6.0,0.667,0.468,0.199,2.0,4.0,0.5,0.375,0.125,2.0,2.0,1.0,0.581,0.42,2.0,2.0,1.0,0.63,0.37,2.0,2.0,1.0,0.61,0.39,2.0,4.0,0.5,0.387,0.114,5.0,1.0,4.0,2.0,0.0,0.0,0.0,0.0,0.0,0.0,0.0,0.0,0.0,0.0,0.0,0.0,0.0,0.0,0.0,0.0,0.0,0,0,0,0,0.0,0.0,0,0.0,0,0.0,0,0.0,0,0.0,9418,1.8,0.9,0.9,4.69,4.86,4.55,2019,20190328,False
203939,Dwight Powell,Dwight,1610612742,DAL,27.0,1,0,1,0.0,31.816666666666666,4,10,0.4,1,3,0.333,2,2,1.0,2,7,9,2,0,0,1,1,1,4,11,-13,27.8,0,0,25.0,1,87,87,87,29,63,56,94,54,61,65,32,50,1,17,20,16,62,105,80,17,122,41,19,67,160,44,15,2,47,1,101,91.2,91.2,91.2,110.0,110.3,110.3,-18.8,-19.1,-19.1,0.105,0.0,15.4,0.049,0.233,0.127,0.0,0.0,0.45,0.506,0.149,0.147,102.68,102.59,85.49,102.59,0.116,68,4.0,10.0,148,149,149,97,93,93,140,142,142,91,91,93,50,41,52,1,1,105,97,120,125,71,80,80,66,63,56,37,32,0.0,1,4,5,3,0.054,0.081,0,0,0,0.0,0,0,0.0,0,0.0,0,0.0,0,0.0,0,0.0,0,0.0,11,48,30,0.9,1.18,0.38,0.229,8,0,8,0.25,0.0,0.5,2.0,0.0,1.0,5.0,0.4,1.0,0.5,12.2,1.0,6.0,0.143,8.0,0.875,0.0,0.875,6.6,3.0,6.0,0.333,13.0,0.692,1.0,0.75,7.8,1.0,0.2,0.0,2.0,0.0,0.0,0.2,0.0,2.0,0.0,0.0,0.0,0.0,,0.3,1.0,3.0,0.333,0.333,0.3,1.0,3.0,0.333,0.0,0.0,0.0,,0.1,1.0,1.0,1.0,1.0,0.1,1.0,1.0,1.0,0.0,0.0,0.0,,0.4,2.0,4.0,0.5,0.625,0.1,1.0,1.0,1.0,0.3,1.0,3.0,0.333,0,1,0.0,0,0.0,0.0,,0.0,3,0.25,4,0.5,0,0.0,2,0.25,0.45,3,5,0.6,0.0,1.0,0.0,0.0,1.0,0.0,0.0,1.0,0.0,0.0,0.0,0.0,1,2,0.5,0.0,0.0,0.0,0.0,1.0,0.0,DAL,3,5,0.6,0.0,0.0,0.0,0.0,1.0,0.0,0.0,1.0,0.0,0.0,1.0,0.0,1.0,2.0,0.5,0.0,0.0,0.0,,,,0.0,0.0,0.0,1,4,1.0,3.0,0.333,0.375,5.0,13.0,0.385,0.477,-0.093,2.0,5.0,0.4,0.351,0.049,3.0,8.0,0.375,0.539,-0.164,2.0,4.0,0.5,0.645,-0.145,2.0,5.0,0.4,0.6,-0.2,3.0,8.0,0.375,0.35,0.025,13.0,8.0,5.0,0.0,0.0,3.0,7.0,2.0,0.0,2.0,1.0,0.0,0.0,4.0,4.0,0.0,0.0,0.0,1.0,0.0,0.0,0,0,0,0,0.0,0.0,0,0.0,0,0.0,0,0.0,0,0.0,12786,2.4,1.3,1.1,4.21,4.38,4.03,2019,20190328,False
2548,Dwyane Wade,Dwyane,1610612748,MIA,37.0,1,1,0,1.0,28.15,4,14,0.286,1,3,0.333,2,2,1.0,0,2,2,2,1,4,0,0,2,1,11,0,27.4,0,0,24.0,1,1,1,1,61,63,23,129,54,61,65,32,50,1,74,91,104,62,52,1,52,1,86,76,67,81,47,15,2,51,1,102,93.0,91.7,91.7,92.8,93.2,93.2,0.2,-1.6,-1.6,0.118,2.0,11.1,0.0,0.051,0.027,5.6,5.6,0.321,0.37,0.242,0.248,100.98,101.46,84.55,101.46,0.068,60,4.0,14.0,143,148,148,36,33,33,88,91,91,85,27,114,74,136,148,84,85,131,132,46,43,86,94,94,105,63,23,29,41,0.0,1,8,5,3,0.069,0.103,8,1,4,0.25,0,0,0.0,2,0.25,4,0.5,1,0.125,0,0.0,0,0.0,11,48,29,2.9,3.63,2.73,0.229,2,3,2,0.0,0.0,0.0,0.0,0.0,0.0,1.0,0.0,0.0,0.0,0.0,0.0,2.0,0.0,2.0,1.0,0.0,1.0,2.7,0.0,2.0,0.0,3.0,0.667,0.0,0.667,2.7,1.0,0.214,1.0,3.0,0.333,0.333,0.214,1.0,3.0,0.333,0.0,0.0,0.0,,0.5,1.0,7.0,0.143,0.214,0.429,0.0,6.0,0.0,0.071,1.0,1.0,1.0,0.286,2.0,4.0,0.5,0.5,0.143,2.0,2.0,1.0,0.143,0.0,2.0,0.0,,,,,,,,,,,,,,2,5,0.4,5,1.0,3.0,0.333,0.5,0,0.0,0,0.0,0,0.0,0,0.0,0.321,2,5,0.4,0.0,3.0,0.0,1.0,3.0,0.333,1.0,2.0,0.5,0.0,0.0,0.0,0,1,0.0,0.0,0.0,0.0,1.0,2.0,0.5,MIA,2,6,0.333,0.0,2.0,0.0,0.0,0.0,0.0,0.0,1.0,0.0,2.0,5.0,0.4,0.0,0.0,0.0,,,,,,,0.0,0.0,0.0,0,1,0.0,0.0,,0.0,7.0,17.0,0.412,0.429,-0.017,4.0,11.0,0.364,0.347,0.017,3.0,6.0,0.5,0.528,-0.028,3.0,5.0,0.6,0.633,-0.033,3.0,5.0,0.6,0.597,0.003,4.0,12.0,0.333,0.357,-0.023,12.0,2.0,10.0,4.0,0.0,0.0,0.0,0.0,1.0,1.0,0.0,1.0,0.0,1.0,1.0,0.0,0.0,0.0,1.0,0.0,0.0,0,0,0,0,0.0,0.0,2,0.667,0,0.0,1,0.333,0,0.0,10055,1.9,1.0,0.9,3.73,4.0,3.46,2019,20190328,False
202334,Ed Davis,Ed,1610612751,BKN,30.0,1,0,1,0.0,13.066666666666666,3,3,1.0,0,0,0.0,0,0,0.0,2,6,8,2,0,0,0,0,3,1,6,-6,18.6,0,0,16.0,1,87,87,87,142,82,132,1,98,141,98,93,100,93,17,29,24,62,105,80,52,1,124,76,103,131,84,15,2,96,1,104,102.6,103.8,103.8,138.9,132.0,132.0,-36.3,-28.2,-28.2,0.286,0.0,40.0,0.125,0.6,0.308,0.0,0.0,1.0,1.0,0.094,0.102,91.98,93.67,78.06,93.67,0.212,26,3.0,3.0,112,114,114,168,164,164,161,154,154,24,91,10,15,3,4,1,1,8,9,157,155,176,153,153,16,82,132,23,8,0.0,0,1,5,2,0.087,0.087,0,0,0,0.0,0,0,0.0,0,0.0,0,0.0,0,0.0,0,0.0,0,0.0,6,26,9,0.6,1.35,0.38,0.231,0,0,4,0.0,0.0,1.5,2.0,0.0,1.0,3.0,0.667,1.0,1.0,2.1,0.0,6.0,0.0,8.0,0.75,1.0,0.857,5.6,2.0,6.0,0.25,11.0,0.727,2.0,0.889,4.7,1.0,0.333,1.0,1.0,1.0,1.0,0.333,1.0,1.0,1.0,0.0,0.0,0.0,,0.667,2.0,2.0,1.0,1.0,0.667,2.0,2.0,1.0,0.0,0.0,0.0,,,,,,,,,,,,,,,,,,,,,,,,,,,,0,0,,0,,,,,0,0.0,6,1.0,0,0.0,0,0.0,1.0,2,2,1.0,1.0,1.0,1.0,0.0,0.0,0.0,0.0,0.0,0.0,0.0,0.0,0.0,0,0,0.0,,,,0.0,0.0,0.0,BKN,2,2,1.0,1.0,1.0,1.0,0.0,0.0,0.0,0.0,0.0,0.0,0.0,0.0,0.0,0.0,0.0,0.0,,,,,,,,,,0,0,,,,,5.0,7.0,0.714,0.497,0.217,0.0,1.0,0.0,0.399,-0.399,5.0,6.0,0.833,0.54,0.293,5.0,5.0,1.0,0.654,0.346,5.0,5.0,1.0,0.606,0.394,0.0,1.0,0.0,0.422,-0.422,1.0,1.0,0.0,0.0,0.0,1.0,2.0,1.0,0.0,1.0,1.0,0.0,0.0,4.0,4.0,1.0,0.0,0.0,1.0,0.5,0.0,0,0,0,0,0.0,0.0,0,0.0,0,0.0,0,0.0,0,0.0,5258,1.0,0.6,0.4,4.21,4.72,3.62,2019,20190328,False
203901,Elfrid Payton,Elfrid,1610612740,NOP,25.0,1,1,0,1.0,36.35,7,14,0.5,0,4,0.0,2,2,1.0,0,4,4,9,3,0,1,0,0,3,16,-5,34.3,0,0,31.0,1,1,1,1,6,21,23,65,98,45,98,32,50,1,74,48,63,3,6,80,17,1,1,29,33,126,24,15,2,28,1,105,110.4,111.0,111.0,115.6,117.1,117.1,-5.2,-6.1,-6.1,0.3,3.0,33.3,0.0,0.1,0.053,11.1,11.2,0.5,0.538,0.202,0.205,109.23,108.28,90.23,108.28,0.105,82,7.0,14.0,88,83,83,119,121,121,102,108,108,22,16,19,74,102,110,119,121,82,89,76,77,32,36,36,77,21,23,79,91,0.0,1,16,22,10,0.114,0.127,17,4,7,0.571,0,0,0.0,8,0.471,10,0.588,3,0.176,0,0.0,0,0.0,16,103,41,6.9,4.04,3.52,0.155,0,2,3,0.0,0.0,0.667,0.0,0.0,0.0,1.0,0.0,0.0,0.0,0.0,1.0,3.0,0.25,6.0,0.667,1.0,0.8,12.0,1.0,3.0,0.25,7.0,0.571,1.0,0.667,12.0,1.0,0.143,1.0,2.0,0.5,0.5,0.143,1.0,2.0,0.5,0.0,0.0,0.0,,0.357,3.0,5.0,0.6,0.6,0.357,3.0,5.0,0.6,0.0,0.0,0.0,,0.286,3.0,4.0,0.75,0.75,0.214,3.0,3.0,1.0,0.071,0.0,1.0,0.0,0.214,0.0,3.0,0.0,0.0,0.0,0.0,0.0,,0.214,0.0,3.0,0.0,0,1,0.0,0,0.0,1.0,0.0,0.0,0,0.0,2,1.0,0,0.0,0,0.0,0.5,7,9,0.778,0.0,1.0,0.0,0.0,0.0,0.0,0.0,0.0,0.0,0.0,0.0,0.0,0,4,0.0,0.0,0.0,0.0,0.0,0.0,0.0,NOP,7,9,0.778,0.0,1.0,0.0,0.0,0.0,0.0,0.0,0.0,0.0,0.0,1.0,0.0,0.0,3.0,0.0,0.0,0.0,0.0,,,,0.0,0.0,0.0,0,2,0.0,2.0,0.0,0.0,11.0,20.0,0.55,0.465,0.085,1.0,4.0,0.25,0.383,-0.133,10.0,16.0,0.625,0.489,0.136,7.0,9.0,0.778,0.601,0.177,8.0,11.0,0.727,0.554,0.173,1.0,5.0,0.2,0.391,-0.191,8.0,6.0,2.0,2.0,0.0,1.0,3.0,1.0,2.0,3.0,0.333,0.667,0.0,2.0,2.0,1.0,0.0,0.0,1.0,1.0,0.0,0,1,0,0,0.0,0.0,1,0.5,0,0.0,0,0.0,0,0.0,15385,2.9,1.6,1.3,4.41,4.94,3.9,2019,20190328,False
1626144,Emmanuel Mudiay,Emmanuel,1610612752,NYK,23.0,1,0,1,0.0,25.316666666666666,4,12,0.333,0,2,0.0,3,4,0.75,2,2,4,1,2,0,0,1,2,2,11,-23,15.3,0,0,16.0,1,87,87,87,76,63,38,108,98,83,98,21,18,58,17,91,63,92,22,80,52,122,86,51,67,175,106,15,2,96,1,101,80.4,81.1,81.1,122.3,122.2,122.2,-41.9,-41.1,-41.1,0.1,0.5,5.9,0.065,0.069,0.067,11.8,11.9,0.333,0.4,0.258,0.256,101.85,101.44,84.53,101.44,0.023,53,4.0,12.0,161,163,163,139,139,139,168,169,169,94,84,132,40,122,96,127,128,124,122,36,39,82,96,96,146,63,38,49,59,0.0,2,7,2,3,0.02,0.061,9,1,1,1.0,2,2,1.0,4,0.444,6,0.667,0,0.0,1,0.111,1,0.111,11,68,30,4.4,3.9,3.15,0.162,0,0,2,0.0,0.0,1.0,2.0,0.0,1.0,3.0,0.667,0.0,0.667,7.1,0.0,2.0,0.0,6.0,0.333,3.0,0.667,10.4,2.0,2.0,0.5,9.0,0.444,3.0,0.667,8.8,,,,,,,,,,,,,,,0.417,2.0,5.0,0.4,0.4,0.417,2.0,5.0,0.4,0.0,0.0,0.0,,0.583,2.0,7.0,0.286,0.286,0.417,2.0,5.0,0.4,0.167,0.0,2.0,0.0,,,,,,,,,,,,,,2,7,0.286,4,0.0,1.0,0.0,0.286,2,0.5,2,1.0,0,0.0,0,0.0,0.333,1,3,0.333,1.0,1.0,1.0,2.0,6.0,0.333,0.0,0.0,0.0,0.0,0.0,0.0,0,2,0.0,0.0,0.0,0.0,0.0,0.0,0.0,NYK,1,3,0.333,0.0,1.0,0.0,2.0,2.0,1.0,1.0,3.0,0.333,0.0,1.0,0.0,0.0,2.0,0.0,0.0,0.0,0.0,,,,0.0,0.0,0.0,1,2,0.0,1.0,0.0,0.5,2.0,6.0,0.333,0.433,-0.099,1.0,4.0,0.25,0.357,-0.107,1.0,2.0,0.5,0.509,-0.009,1.0,2.0,0.5,0.585,-0.085,1.0,2.0,0.5,0.54,-0.04,1.0,4.0,0.25,0.362,-0.112,6.0,1.0,5.0,0.0,0.0,0.0,0.0,1.0,1.0,2.0,0.5,0.5,0.0,1.0,1.0,1.0,0.0,0.0,1.0,1.0,0.0,0,0,0,0,0.0,0.0,0,0.0,0,0.0,0,0.0,0,0.0,9665,1.8,1.0,0.8,4.42,5.03,3.82,2019,20190328,False
202339,Eric Bledsoe,Eric,1610612749,MIL,29.0,1,1,0,1.0,31.433333333333334,5,11,0.455,3,5,0.6,2,2,1.0,1,6,7,8,3,1,0,1,2,5,15,-4,35.4,0,0,35.0,1,1,1,1,33,50,47,85,12,31,27,32,50,1,42,29,35,4,6,16,52,122,86,10,40,117,22,15,2,20,1,105,118.6,114.3,114.3,123.7,120.0,120.0,-5.1,-5.7,-5.7,0.348,2.67,34.8,0.032,0.194,0.113,13.0,13.1,0.591,0.631,0.203,0.211,103.38,106.89,89.08,106.89,0.125,70,5.0,11.0,56,69,69,147,128,128,101,105,105,14,23,18,61,55,58,136,136,68,67,73,67,65,43,43,59,50,47,43,52,0.0,0,13,20,8,0.186,0.186,16,1,5,0.2,0,0,0.0,2,0.125,5,0.313,3,0.188,2,0.125,0,0.0,15,64,21,5.7,5.3,5.42,0.234,0,0,2,0.0,0.0,1.0,0.0,1.0,0.0,2.0,0.5,0.0,0.5,2.0,0.0,6.0,0.0,6.0,1.0,0.0,1.0,7.6,0.0,7.0,0.0,8.0,0.875,0.0,0.875,6.8,,,,,,,,,,,,,,,0.273,0.0,3.0,0.0,0.0,0.273,0.0,3.0,0.0,0.0,0.0,0.0,,0.364,3.0,4.0,0.75,0.875,0.182,2.0,2.0,1.0,0.182,1.0,2.0,0.5,0.364,2.0,4.0,0.5,0.75,0.091,0.0,1.0,0.0,0.273,2.0,3.0,0.667,2,3,0.667,6,2.0,3.0,0.667,1.0,3,0.5,2,1.0,0,0.0,0,0.0,0.591,2,6,0.333,0.0,0.0,0.0,0.0,0.0,0.0,0.0,0.0,0.0,0.0,0.0,0.0,3,5,0.6,0.0,0.0,0.0,0.0,0.0,0.0,MIL,2,6,0.333,0.0,0.0,0.0,0.0,0.0,0.0,0.0,0.0,0.0,0.0,0.0,0.0,3.0,5.0,0.6,,,,0.0,0.0,0.0,0.0,0.0,0.0,1,2,1.0,2.0,0.5,0.75,7.0,9.0,0.778,0.473,0.305,3.0,3.0,1.0,0.407,0.593,4.0,6.0,0.667,0.527,0.14,2.0,3.0,0.667,0.619,0.048,3.0,4.0,0.75,0.575,0.176,3.0,4.0,0.75,0.407,0.344,5.0,3.0,2.0,1.0,0.0,0.0,0.0,0.0,0.0,0.0,0.0,0.0,0.0,0.0,0.0,0.0,0.0,0.0,0.0,0.0,0.0,0,0,0,0,0.0,0.0,0,0.0,0,0.0,0,0.0,0,0.0,12935,2.4,1.3,1.1,4.3,4.52,4.06,2019,20190328,False
201569,Eric Gordon,Eric,1610612745,HOU,30.0,1,1,0,1.0,26.6,7,11,0.636,4,6,0.667,0,0,0.0,0,1,1,0,1,0,0,1,2,1,18,11,18.2,0,0,23.0,1,1,1,1,70,21,47,34,5,21,17,93,100,93,74,120,126,138,52,80,52,122,86,76,23,26,88,15,2,57,1,96,122.6,123.1,123.1,93.2,103.9,103.9,29.4,19.2,19.2,0.0,0.0,0.0,0.0,0.038,0.019,8.3,8.3,0.818,0.818,0.2,0.199,98.38,92.93,77.44,92.93,0.115,52,7.0,11.0,38,33,33,37,67,67,25,37,37,138,91,138,74,143,154,99,101,23,26,77,82,126,163,163,69,21,47,14,21,0.0,0,0,0,0,0.0,0.0,6,2,3,0.667,0,0,0.0,4,0.667,2,0.333,0,0.0,1,0.167,0,0.0,18,27,20,0.9,1.91,1.04,0.667,0,0,1,0.0,0.0,2.0,0.0,0.0,0.0,1.0,0.0,0.0,0.0,0.0,0.0,1.0,0.0,1.0,1.0,0.0,1.0,13.5,0.0,1.0,0.0,2.0,0.5,0.0,0.5,13.5,,,,,,,,,,,,,,,0.273,2.0,3.0,0.667,0.667,0.273,2.0,3.0,0.667,0.0,0.0,0.0,,0.273,1.0,3.0,0.333,0.333,0.182,1.0,2.0,0.5,0.091,0.0,1.0,0.0,0.455,4.0,5.0,0.8,1.2,0.0,0.0,0.0,,0.455,4.0,5.0,0.8,1,2,0.5,3,1.0,1.0,1.0,0.75,9,0.6,2,1.0,0,0.0,0,0.0,0.818,2,2,1.0,1.0,2.0,0.5,0.0,1.0,0.0,0.0,0.0,0.0,0.0,0.0,0.0,4,6,0.667,0.0,0.0,0.0,0.0,0.0,0.0,HOU,2,2,1.0,1.0,2.0,0.5,0.0,0.0,0.0,0.0,1.0,0.0,1.0,1.0,1.0,3.0,5.0,0.6,,,,0.0,0.0,0.0,0.0,0.0,0.0,3,5,3.0,5.0,0.6,0.9,1.0,7.0,0.143,0.453,-0.31,0.0,3.0,0.0,0.385,-0.385,1.0,4.0,0.25,0.509,-0.259,1.0,1.0,1.0,0.553,0.447,1.0,1.0,1.0,0.529,0.471,0.0,5.0,0.0,0.377,-0.377,3.0,1.0,2.0,0.0,0.0,0.0,0.0,0.0,0.0,0.0,0.0,0.0,0.0,0.0,0.0,0.0,0.0,0.0,0.0,0.0,0.0,0,0,0,0,0.0,0.0,0,0.0,0,0.0,0,0.0,0,0.0,9103,1.7,0.9,0.8,3.62,3.8,3.43,2019,20190328,False
101141,Ersan Ilyasova,Ersan,1610612749,MIL,32.0,1,1,0,1.0,21.81,0,2,0.0,0,1,0.0,2,2,1.0,0,2,2,1,1,0,2,0,3,1,2,20,10.9,0,0,9.0,1,1,1,1,94,151,151,151,98,119,98,32,50,1,74,91,104,92,52,80,4,1,124,76,144,8,127,15,2,129,1,105,139.5,134.0,134.0,96.3,91.5,91.5,43.2,42.6,42.6,0.048,1.0,20.0,0.0,0.077,0.043,20.0,20.5,0.0,0.347,0.08,0.081,98.82,103.44,86.2,103.44,0.0,47,0.0,2.0,10,11,11,42,31,31,16,14,14,132,58,61,74,114,122,159,164,151,135,162,164,119,70,70,156,151,151,16,13,0.0,0,2,3,1,0.063,0.063,0,0,0,0.0,0,0,0.0,0,0.0,0,0.0,0,0.0,0,0.0,0,0.0,2,19,12,0.4,1.36,0.26,0.105,0,1,0,0.0,0.0,0.0,0.0,0.0,0.0,0.0,0.0,0.0,0.0,0.0,0.0,2.0,0.0,3.0,0.667,0.0,0.667,7.0,0.0,2.0,0.0,3.0,0.667,0.0,0.667,7.0,,,,,,,,,,,,,,,0.5,0.0,1.0,0.0,0.0,0.5,0.0,1.0,0.0,0.0,0.0,0.0,,,,,,,,,,,,,,,0.5,0.0,1.0,0.0,0.0,0.0,0.0,0.0,,0.5,0.0,1.0,0.0,0,0,,0,0.0,0.0,,,0,0.0,0,0.0,0,0.0,0,0.0,0.0,0,0,0.0,0.0,1.0,0.0,0.0,0.0,0.0,0.0,0.0,0.0,0.0,0.0,0.0,0,1,0.0,0.0,0.0,0.0,0.0,0.0,0.0,MIL,0,0,0.0,0.0,1.0,0.0,0.0,0.0,0.0,0.0,0.0,0.0,0.0,0.0,0.0,0.0,1.0,0.0,0.0,0.0,0.0,,,,0.0,0.0,0.0,0,1,0.0,1.0,0.0,0.0,5.0,12.0,0.417,0.55,-0.134,1.0,2.0,0.5,0.391,0.11,4.0,10.0,0.4,0.593,-0.193,1.0,3.0,0.333,0.66,-0.327,3.0,6.0,0.5,0.618,-0.118,2.0,4.0,0.5,0.347,0.154,10.0,8.0,2.0,3.0,0.0,0.0,0.0,0.0,0.0,0.0,0.0,0.0,0.0,1.0,1.0,1.0,0.0,0.0,1.0,1.0,0.0,0,1,0,0,0.0,0.0,0,0.0,0,0.0,0,0.0,0,0.0,7890,1.5,0.8,0.7,3.83,4.1,3.57,2019,20190328,False
203095,Evan Fournier,Evan,1610612753,ORL,26.0,1,0,1,0.0,29.116666666666667,6,15,0.4,1,7,0.143,0,1,0.0,0,1,1,3,2,0,0,1,1,3,13,-26,16.7,0,0,18.0,1,87,87,87,51,33,18,94,54,13,94,93,90,93,74,120,126,42,22,80,52,122,41,29,51,178,99,15,2,85,1,92,85.2,94.4,94.4,136.2,137.5,137.5,-51.0,-43.1,-43.1,0.214,1.5,15.0,0.0,0.045,0.016,10.0,9.8,0.433,0.421,0.243,0.25,95.91,90.67,75.56,90.67,0.036,54,6.0,15.0,157,139,139,166,169,169,173,171,171,42,43,96,74,141,158,112,114,107,118,45,42,159,171,171,136,33,18,28,40,0.0,0,3,7,3,0.107,0.107,11,3,5,0.6,0,1,0.0,6,0.545,4,0.364,0,0.0,1,0.091,0,0.0,13,46,39,2.3,3.02,2.26,0.283,2,0,2,0.0,0.0,1.0,0.0,0.0,0.0,3.0,0.0,0.0,0.0,0.0,0.0,1.0,0.0,4.0,0.25,2.0,0.5,3.1,0.0,1.0,0.0,7.0,0.143,2.0,0.2,3.1,,,,,,,,,,,,,,,0.467,4.0,7.0,0.571,0.571,0.4,4.0,6.0,0.667,0.067,0.0,1.0,0.0,0.4,2.0,6.0,0.333,0.417,0.133,1.0,2.0,0.5,0.267,1.0,4.0,0.25,0.133,0.0,2.0,0.0,0.0,0.0,0.0,0.0,,0.133,0.0,2.0,0.0,2,6,0.333,5,1.0,3.0,0.333,0.417,0,0.0,2,1.0,0,0.0,0,0.0,0.433,4,4,1.0,0.0,1.0,0.0,1.0,3.0,0.333,0.0,2.0,0.0,0.0,0.0,0.0,1,5,0.2,0.0,0.0,0.0,0.0,2.0,0.0,ORL,4,5,0.8,1.0,1.0,1.0,0.0,1.0,0.0,0.0,0.0,0.0,0.0,3.0,0.0,1.0,5.0,0.2,,,,,,,0.0,0.0,0.0,0,4,0.0,4.0,0.0,0.0,4.0,9.0,0.444,0.432,0.013,1.0,2.0,0.5,0.37,0.13,3.0,7.0,0.429,0.473,-0.044,1.0,2.0,0.5,0.467,0.033,2.0,4.0,0.5,0.493,0.007,2.0,4.0,0.5,0.381,0.12,5.0,3.0,2.0,0.0,0.0,0.0,0.0,4.0,0.0,4.0,1.0,0.0,0.0,1.0,1.0,0.0,0.0,0.0,1.0,0.0,0.0,0,0,0,0,0.0,0.0,0,0.0,0,0.0,0,0.0,0,0.0,11436,2.2,1.2,1.0,4.32,4.56,4.06,2019,20190328,False
1627832,Fred VanVleet,Fred,1610612761,TOR,25.0,1,1,0,1.0,32.06666666666667,4,13,0.308,4,8,0.5,0,0,0.0,0,3,3,8,0,1,2,3,2,0,12,27,36.6,0,0,33.0,1,1,1,1,23,63,32,122,5,8,33,93,100,93,74,65,83,4,105,16,4,179,86,125,59,3,20,15,2,23,1,101,118.9,119.4,119.4,81.1,80.3,80.3,37.8,39.1,39.1,0.32,0.0,38.1,0.0,0.081,0.041,0.0,0.0,0.462,0.462,0.171,0.177,99.27,99.54,82.95,99.54,0.133,67,4.0,13.0,54,51,51,17,17,17,18,16,16,20,91,15,74,110,129,1,1,104,112,101,100,113,111,111,51,63,32,62,71,0.0,1,14,17,9,0.129,0.145,10,0,3,0.0,0,0,0.0,0,0.0,7,0.7,2,0.2,0,0.0,0,0.0,12,76,45,4.5,3.56,3.18,0.158,0,0,0,0.0,0.0,0.0,0.0,0.0,0.0,4.0,0.0,0.0,0.0,0.0,1.0,2.0,0.333,4.0,0.75,0.0,0.75,14.6,1.0,2.0,0.333,8.0,0.375,0.0,0.375,14.6,,,,,,,,,,,,,,,0.385,0.0,5.0,0.0,0.0,0.385,0.0,5.0,0.0,0.0,0.0,0.0,,0.154,1.0,2.0,0.5,0.75,0.0,0.0,0.0,,0.154,1.0,2.0,0.5,0.462,3.0,6.0,0.5,0.75,0.0,0.0,0.0,,0.462,3.0,6.0,0.5,1,3,0.333,3,1.0,3.0,0.333,0.5,9,0.6,0,0.0,0,0.0,0,0.0,0.462,0,5,0.0,0.0,0.0,0.0,0.0,0.0,0.0,0.0,0.0,0.0,0.0,0.0,0.0,4,8,0.5,0.0,0.0,0.0,0.0,0.0,0.0,TOR,0,5,0.0,0.0,0.0,0.0,0.0,0.0,0.0,0.0,0.0,0.0,1.0,2.0,0.5,3.0,6.0,0.5,0.0,0.0,0.0,,,,0.0,0.0,0.0,3,5,3.0,5.0,0.6,0.9,4.0,15.0,0.267,0.459,-0.192,0.0,3.0,0.0,0.33,-0.33,4.0,12.0,0.333,0.501,-0.168,2.0,4.0,0.5,0.64,-0.14,3.0,7.0,0.429,0.577,-0.149,0.0,6.0,0.0,0.357,-0.357,11.0,7.0,4.0,1.0,0.0,0.0,0.0,0.0,3.0,3.0,0.0,1.0,0.0,1.0,1.0,0.0,0.0,0.0,1.0,0.0,0.0,0,0,0,0,0.0,0.0,0,0.0,0,0.0,0,0.0,0,0.0,12852,2.4,1.4,1.1,4.22,4.81,3.95,2019,20190328,False
202066,Garrett Temple,Garrett,1610612746,LAC,33.0,1,0,1,0.0,36.43333333333333,0,6,0.0,0,3,0.0,0,0,0.0,1,4,5,5,1,1,0,0,2,1,0,-7,15.5,0,0,12.0,1,87,87,87,5,151,98,151,98,61,98,93,100,93,42,48,46,15,52,16,52,1,86,76,160,138,104,15,2,117,1,105,114.7,112.5,112.5,121.7,121.3,121.3,-7.1,-8.8,-8.8,0.156,5.0,41.7,0.024,0.121,0.068,8.3,8.3,0.0,0.0,0.08,0.081,104.19,105.4,87.83,105.4,0.008,80,0.0,6.0,69,71,71,135,136,136,112,114,114,68,3,9,72,89,95,99,101,151,160,163,163,59,54,54,153,151,98,34,30,0.0,0,6,14,5,0.147,0.147,5,0,2,0.0,0,0,0.0,0,0.0,3,0.6,1,0.2,0,0.0,0,0.0,0,42,23,2.6,3.72,3.07,0.0,2,0,0,0.0,0.0,0.0,0.0,1.0,0.0,2.0,0.5,0.0,0.5,16.2,0.0,4.0,0.0,5.0,0.8,0.0,0.8,12.5,0.0,5.0,0.0,6.0,0.833,0.0,0.833,13.3,,,,,,,,,,,,,,,0.5,0.0,3.0,0.0,0.0,0.5,0.0,3.0,0.0,0.0,0.0,0.0,,,,,,,,,,,,,,,0.5,0.0,3.0,0.0,0.0,0.0,0.0,0.0,,0.5,0.0,3.0,0.0,0,2,0.0,0,0.0,1.0,0.0,0.0,0,0.0,0,0.0,0,0.0,0,0.0,0.0,0,1,0.0,0.0,1.0,0.0,0.0,1.0,0.0,0.0,1.0,0.0,0.0,0.0,0.0,0,2,0.0,0.0,0.0,0.0,0.0,1.0,0.0,LAC,0,1,0.0,0.0,1.0,0.0,0.0,0.0,0.0,0.0,1.0,0.0,0.0,2.0,0.0,0.0,1.0,0.0,0.0,0.0,0.0,0.0,0.0,0.0,0.0,0.0,0.0,0,2,0.0,2.0,0.0,0.0,3.0,6.0,0.5,0.483,0.017,1.0,2.0,0.5,0.329,0.171,2.0,4.0,0.5,0.538,-0.038,1.0,2.0,0.5,0.65,-0.15,2.0,3.0,0.667,0.585,0.082,1.0,2.0,0.5,0.344,0.157,4.0,2.0,2.0,4.0,0.0,0.0,0.0,1.0,1.0,2.0,0.5,0.5,0.0,0.0,0.0,0.0,0.0,0.0,0.0,0.0,0.0,0,0,0,0,0.0,0.0,0,0.0,0,0.0,0,0.0,0,0.0,15163,2.9,1.6,1.3,4.45,4.92,3.99,2019,20190328,False
1629109,Gary Clark,Gary,1610612745,HOU,24.0,1,1,0,1.0,3.35,1,4,0.25,1,4,0.25,0,0,0.0,0,0,0,0,0,0,0,0,1,0,3,0,3.0,0,0,4.0,1,1,1,1,166,125,117,133,54,45,82,93,100,93,74,152,160,138,105,80,52,1,41,125,132,81,165,15,2,155,1,96,62.5,55.6,55.6,60.1,62.5,62.5,2.4,-6.9,-6.9,0.0,0.0,0.0,0.0,0.0,0.0,0.0,0.0,0.375,0.375,0.444,0.5,116.92,121.79,101.49,121.79,-0.125,9,1.0,4.0,174,176,176,4,4,4,77,111,111,138,91,138,74,152,160,1,1,115,129,6,5,8,7,7,173,125,117,3,6,0.0,1,0,0,1,0.0,0.333,0,0,0,0.0,0,0,0.0,0,0.0,0,0.0,0,0.0,0,0.0,0,0.0,3,7,5,0.2,1.59,0.71,0.429,0,0,0,0.0,0.0,0.0,,,,,,,,,,,,,,,,,,,,,,,,,,,,,,,,,,,,,,,,,,,,,,,,,,,,,,,,,,,,,,,,,1.0,1.0,4.0,0.25,0.375,0.0,0.0,0.0,,1.0,1.0,4.0,0.25,0,1,0.0,0,0.0,1.0,0.0,0.0,3,0.333,0,0.0,0,0.0,0,0.0,0.375,0,0,0.0,,,,0.0,0.0,0.0,0.0,1.0,0.0,,,,1,3,0.333,,,,0.0,1.0,0.0,HOU,0,0,0.0,,,,0.0,0.0,0.0,0.0,0.0,0.0,0.0,2.0,0.0,1.0,2.0,0.5,0.0,0.0,0.0,,,,,,,1,3,1.0,3.0,0.333,0.5,1.0,1.0,1.0,0.481,0.519,,,,,,1.0,1.0,1.0,0.52,0.48,1.0,1.0,1.0,0.564,0.436,1.0,1.0,1.0,0.546,0.454,,,,,,0.0,0.0,0.0,0.0,0.0,0.0,0.0,0.0,0.0,0.0,0.0,0.0,0.0,1.0,1.0,0.0,0.0,0.0,1.0,0.0,0.0,0,0,0,0,0.0,0.0,0,0.0,0,0.0,0,0.0,0,0.0,1373,0.3,0.1,0.1,4.88,3.26,3.25,2019,20190328,False
203914,Gary Harris,Gary,1610612743,DEN,24.0,1,0,1,0.0,28.566666666666666,4,11,0.364,3,5,0.6,0,0,0.0,0,2,2,3,2,0,0,0,3,1,11,-4,15.9,0,0,19.0,1,87,87,87,55,63,47,105,12,31,27,93,100,93,74,91,104,42,22,80,52,1,124,76,67,117,102,15,2,82,1,94,96.7,103.6,103.6,108.6,108.9,108.9,-11.9,-5.3,-5.3,0.158,1.5,18.8,0.0,0.071,0.034,12.5,12.5,0.5,0.5,0.21,0.206,96.72,93.26,77.71,93.26,0.037,55,4.0,11.0,133,116,116,92,87,87,124,102,102,64,43,73,74,120,137,129,131,82,98,63,74,150,157,157,134,63,47,16,27,0.0,2,0,6,5,0.188,0.313,5,1,4,0.25,0,0,0.0,2,0.4,1,0.2,1,0.2,0,0.0,0,0.0,11,30,24,1.1,2.23,2.0,0.367,0,0,0,0.0,0.0,0.0,0.0,0.0,0.0,0.0,0.0,0.0,0.0,0.0,0.0,2.0,0.0,4.0,0.5,0.0,0.5,18.0,0.0,2.0,0.0,4.0,0.5,0.0,0.5,18.0,,,,,,,,,,,,,,,0.273,1.0,3.0,0.333,0.333,0.273,1.0,3.0,0.333,0.0,0.0,0.0,,0.091,0.0,1.0,0.0,0.0,0.091,0.0,1.0,0.0,0.0,0.0,0.0,,0.636,3.0,7.0,0.429,0.643,0.182,0.0,2.0,0.0,0.455,3.0,5.0,0.6,0,4,0.0,0,0.0,1.0,0.0,0.0,9,0.75,0,0.0,0,0.0,0,0.0,0.5,0,2,0.0,1.0,1.0,1.0,0.0,3.0,0.0,1.0,1.0,1.0,1.0,1.0,1.0,1,3,0.333,0.0,0.0,0.0,2.0,2.0,1.0,DEN,0,2,0.0,1.0,1.0,1.0,0.0,1.0,0.0,0.0,1.0,0.0,2.0,3.0,0.667,1.0,3.0,0.333,0.0,0.0,0.0,0.0,0.0,0.0,0.0,0.0,0.0,3,4,3.0,4.0,0.75,1.125,5.0,9.0,0.556,0.441,0.115,3.0,5.0,0.6,0.378,0.222,2.0,4.0,0.5,0.532,-0.032,1.0,2.0,0.5,0.623,-0.123,2.0,3.0,0.667,0.569,0.098,3.0,5.0,0.6,0.378,0.222,2.0,0.0,2.0,0.0,0.0,0.0,0.0,0.0,3.0,3.0,0.0,1.0,0.0,1.0,1.0,1.0,0.0,0.0,1.0,1.0,0.0,0,0,0,0,0.0,0.0,0,0.0,0,0.0,0,0.0,0,0.0,10396,2.0,1.0,0.9,3.99,3.98,3.6,2019,20190328,False
201588,George Hill,George,1610612749,MIL,33.0,1,1,0,1.0,20.366666666666667,1,4,0.25,0,2,0.0,0,0,0.0,0,2,2,3,0,1,0,0,1,0,2,24,11.9,0,0,9.0,1,1,1,1,102,125,117,133,98,83,98,93,100,93,74,91,104,42,105,16,52,1,41,125,144,4,122,15,2,129,1,105,126.6,122.9,122.9,76.7,77.8,77.8,49.9,45.1,45.1,0.158,0.0,42.9,0.0,0.071,0.043,0.0,0.0,0.25,0.25,0.082,0.084,108.7,109.59,91.33,109.59,0.047,48,1.0,4.0,27,36,36,13,12,12,12,11,11,64,91,8,74,120,124,1,1,140,151,161,162,33,34,34,126,125,117,20,21,0.0,0,4,8,3,0.15,0.15,0,0,0,0.0,0,0,0.0,0,0.0,0,0.0,0,0.0,0,0.0,0,0.0,2,26,13,1.8,4.08,3.65,0.077,2,0,1,1.0,0.0,2.0,0.0,0.0,0.0,1.0,0.0,0.0,0.0,0.0,0.0,2.0,0.0,4.0,0.5,1.0,0.667,6.0,0.0,2.0,0.0,5.0,0.4,1.0,0.5,6.0,,,,,,,,,,,,,,,0.25,1.0,1.0,1.0,1.0,0.25,1.0,1.0,1.0,0.0,0.0,0.0,,0.5,0.0,2.0,0.0,0.0,0.25,0.0,1.0,0.0,0.25,0.0,1.0,0.0,0.25,0.0,1.0,0.0,0.0,0.0,0.0,0.0,,0.25,0.0,1.0,0.0,0,0,,0,0.0,0.0,,,0,0.0,2,1.0,0,0.0,2,0.5,0.25,1,2,0.5,0.0,0.0,0.0,0.0,0.0,0.0,0.0,0.0,0.0,0.0,0.0,0.0,0,2,0.0,0.0,0.0,0.0,0.0,0.0,0.0,MIL,1,2,0.5,0.0,0.0,0.0,0.0,0.0,0.0,0.0,0.0,0.0,0.0,0.0,0.0,0.0,2.0,0.0,0.0,0.0,0.0,,,,0.0,0.0,0.0,0,2,0.0,2.0,0.0,0.0,0.0,4.0,0.0,0.414,-0.414,0.0,2.0,0.0,0.37,-0.37,0.0,2.0,0.0,0.447,-0.447,0.0,2.0,0.0,0.479,-0.479,0.0,2.0,0.0,0.477,-0.477,0.0,2.0,0.0,0.381,-0.381,2.0,0.0,2.0,0.0,0.0,0.0,0.0,0.0,0.0,0.0,0.0,0.0,1.0,1.0,2.0,1.0,0.0,0.5,0.5,1.0,0.0,0,0,0,0,0.0,0.0,0,0.0,0,0.0,0,0.0,0,0.0,8301,1.6,0.8,0.8,4.37,4.44,4.3,2019,20190328,False
203507,Giannis Antetokounmpo,Giannis,1610612749,MIL,24.0,1,1,0,1.0,31.933333333333334,10,18,0.556,2,6,0.333,12,14,0.857,0,9,9,5,1,1,1,0,3,9,34,1,57.3,0,0,54.0,1,1,1,1,24,8,9,56,28,21,65,2,2,55,74,8,16,15,52,16,17,1,124,2,4,72,5,15,2,4,1,105,108.5,106.8,106.8,107.7,105.5,105.5,0.7,1.4,1.4,0.294,5.0,16.7,0.0,0.273,0.141,3.3,3.3,0.611,0.704,0.338,0.35,107.77,109.73,91.44,109.73,0.236,73,10.0,18.0,99,103,103,81,71,71,86,78,78,23,3,79,74,26,45,77,77,65,51,13,14,36,31,31,12,8,9,40,47,0.0,2,10,12,7,0.125,0.175,8,1,2,0.5,8,10,0.8,10,1.25,1,0.125,0,0.0,0,0.0,5,0.625,34,65,32,4.4,4.09,2.89,0.523,5,7,6,1.4,0.286,1.667,0.0,0.0,0.0,6.0,0.0,0.0,0.0,0.0,2.0,7.0,0.222,11.0,0.818,1.0,0.9,4.0,2.0,7.0,0.222,15.0,0.6,1.0,0.643,4.0,1.0,0.333,2.0,6.0,0.333,0.333,0.278,2.0,5.0,0.4,0.056,0.0,1.0,0.0,0.222,4.0,4.0,1.0,1.0,0.222,4.0,4.0,1.0,0.0,0.0,0.0,,0.167,1.0,3.0,0.333,0.333,0.111,1.0,2.0,0.5,0.056,0.0,1.0,0.0,0.278,3.0,5.0,0.6,0.8,0.056,1.0,1.0,1.0,0.222,2.0,4.0,0.5,2,6,0.333,6,2.0,6.0,0.333,0.5,0,0.0,10,0.8,2,0.5,7,0.6,0.611,8,10,0.8,0.0,2.0,0.0,0.0,0.0,0.0,0.0,0.0,0.0,0.0,0.0,0.0,2,6,0.333,,,,0.0,0.0,0.0,MIL,8,10,0.8,0.0,2.0,0.0,0.0,0.0,0.0,0.0,0.0,0.0,1.0,1.0,1.0,1.0,5.0,0.2,,,,0.0,0.0,0.0,,,,0,0,0.0,0.0,,,5.0,12.0,0.417,0.473,-0.057,2.0,5.0,0.4,0.388,0.012,3.0,7.0,0.429,0.514,-0.085,2.0,3.0,0.667,0.588,0.079,3.0,4.0,0.75,0.536,0.214,2.0,6.0,0.333,0.396,-0.062,7.0,3.0,4.0,2.0,0.0,0.0,0.0,0.0,1.0,1.0,0.0,1.0,0.0,5.0,5.0,4.0,2.0,0.0,1.0,1.0,0.5,1,2,0,0,0.0,0.286,4,0.571,1,0.143,0,0.0,0,0.0,13090,2.5,1.4,1.1,4.39,4.77,3.98,2019,20190328,False
201609,Goran Dragic,Goran,1610612748,MIA,33.0,1,1,0,1.0,37.495,9,17,0.529,0,2,0.0,5,7,0.714,3,9,12,11,3,1,1,0,4,4,23,10,56.9,1,1,50.0,1,1,1,1,2,12,12,63,98,83,98,8,5,64,8,8,6,2,6,16,17,1,164,19,13,28,6,1,1,8,1,102,109.0,109.1,109.1,95.2,97.4,97.4,13.8,11.7,11.7,0.478,3.67,32.4,0.079,0.196,0.143,8.8,8.8,0.529,0.573,0.274,0.275,99.06,97.93,81.61,97.93,0.207,77,9.0,17.0,93,92,92,41,45,45,49,55,55,6,15,28,32,53,44,108,108,80,82,29,33,114,122,122,18,12,12,57,62,0.0,0,20,26,11,0.193,0.193,26,8,9,0.889,0,1,0.0,16,0.615,13,0.5,6,0.231,3,0.115,0,0.0,23,81,26,7.1,5.29,4.91,0.284,3,0,2,0.0,0.0,0.0,0.0,3.0,0.0,4.0,0.75,1.0,1.0,15.4,0.0,9.0,0.0,14.0,0.643,1.0,0.692,10.8,0.0,12.0,0.0,17.0,0.706,2.0,0.8,12.0,1.0,0.353,4.0,6.0,0.667,0.667,0.353,4.0,6.0,0.667,0.0,0.0,0.0,,0.176,2.0,3.0,0.667,0.667,0.176,2.0,3.0,0.667,0.0,0.0,0.0,,0.471,3.0,8.0,0.375,0.375,0.353,3.0,6.0,0.5,0.118,0.0,2.0,0.0,,,,,,,,,,,,,,2,6,0.333,4,0.0,2.0,0.0,0.333,0,0.0,0,0.0,0,0.0,0,0.0,0.529,6,7,0.857,3.0,4.0,0.75,0.0,4.0,0.0,0.0,0.0,0.0,0.0,0.0,0.0,0,2,0.0,0.0,0.0,0.0,0.0,0.0,0.0,MIA,6,7,0.857,1.0,2.0,0.5,2.0,5.0,0.4,0.0,0.0,0.0,0.0,1.0,0.0,0.0,2.0,0.0,0.0,0.0,0.0,,,,0.0,0.0,0.0,0,2,0.0,0.0,,0.0,7.0,18.0,0.389,0.457,-0.068,2.0,6.0,0.333,0.321,0.012,5.0,12.0,0.417,0.549,-0.133,2.0,4.0,0.5,0.67,-0.17,3.0,7.0,0.429,0.614,-0.185,4.0,11.0,0.364,0.349,0.015,10.0,6.0,4.0,2.0,0.0,0.0,0.0,2.0,1.0,3.0,0.667,0.333,0.0,0.0,0.0,0.0,0.0,0.0,0.0,0.0,0.0,0,0,0,0,0.0,0.0,0,0.0,0,0.0,0,0.0,0,0.0,15464,2.9,1.5,1.4,4.33,4.82,3.9,2019,20190328,False
203084,Harrison Barnes,Harrison,1610612758,SAC,27.0,1,0,1,0.0,34.81666666666667,3,10,0.3,2,3,0.667,2,2,1.0,0,3,3,0,1,1,0,1,3,1,10,6,15.6,0,0,17.0,1,87,87,87,11,82,56,124,28,61,17,32,50,1,74,65,83,138,52,16,52,122,124,76,76,42,103,15,2,91,1,105,110.4,111.3,111.3,103.8,103.8,103.8,6.6,7.5,7.5,0.0,0.0,0.0,0.0,0.083,0.04,8.3,8.4,0.4,0.46,0.14,0.137,110.68,110.29,91.91,110.29,0.018,80,3.0,10.0,89,81,81,68,65,65,68,63,63,138,91,138,74,109,132,99,105,109,114,126,129,24,29,29,149,82,56,23,18,0.0,0,1,0,0,0.0,0.0,0,0,0,0.0,0,0,0.0,0,0.0,0,0.0,0,0.0,0,0.0,0,0.0,10,34,19,1.2,2.15,0.94,0.294,0,6,1,0.0,0.333,2.0,0.0,0.0,0.0,1.0,0.0,0.0,0.0,0.0,1.0,2.0,0.333,6.0,0.5,0.0,0.5,7.8,1.0,2.0,0.333,7.0,0.429,0.0,0.429,7.8,1.0,0.2,0.0,2.0,0.0,0.0,0.2,0.0,2.0,0.0,0.0,0.0,0.0,,0.3,0.0,3.0,0.0,0.0,0.3,0.0,3.0,0.0,0.0,0.0,0.0,,0.5,3.0,5.0,0.6,0.8,0.2,1.0,2.0,0.5,0.3,2.0,3.0,0.667,,,,,,,,,,,,,,0,2,0.0,0,0.0,0.0,,0.0,6,0.667,2,1.0,2,0.0,0,0.0,0.4,1,3,0.333,0.0,2.0,0.0,0.0,2.0,0.0,0.0,0.0,0.0,0.0,1.0,0.0,2,2,1.0,0.0,0.0,0.0,0.0,1.0,0.0,SAC,1,3,0.333,0.0,3.0,0.0,0.0,0.0,0.0,0.0,1.0,0.0,0.0,1.0,0.0,2.0,2.0,1.0,0.0,0.0,0.0,,,,0.0,0.0,0.0,1,2,1.0,2.0,0.5,0.75,6.0,15.0,0.4,0.482,-0.082,1.0,6.0,0.167,0.335,-0.168,5.0,9.0,0.556,0.556,-0.001,4.0,8.0,0.5,0.638,-0.138,5.0,9.0,0.556,0.576,-0.02,1.0,6.0,0.167,0.332,-0.166,10.0,4.0,6.0,1.0,0.0,1.0,3.0,0.0,1.0,1.0,0.0,1.0,0.0,4.0,4.0,2.0,0.0,0.0,1.0,1.0,0.0,0,5,2,2,1.0,0.333,0,0.0,0,0.0,0,0.0,1,0.167,14229,2.7,1.5,1.2,4.3,4.79,3.8,2019,20190328,False
202355,Hassan Whiteside,Hassan,1610612748,MIA,30.0,1,1,0,1.0,18.616666666666667,5,6,0.833,0,0,0.0,2,4,0.5,3,6,9,1,0,0,0,0,0,5,12,-3,24.3,0,0,22.0,1,1,1,1,118,50,98,11,98,141,98,32,18,75,8,29,16,92,105,80,52,1,1,10,59,108,57,15,2,63,1,102,106.2,105.4,105.4,108.0,110.5,110.5,-1.8,-5.1,-5.1,0.111,0.0,12.5,0.12,0.25,0.184,0.0,0.0,0.833,0.773,0.156,0.177,97.46,96.69,80.57,96.69,0.243,37,5.0,6.0,105,106,106,86,95,95,91,101,101,88,91,109,16,35,22,1,1,15,33,113,99,141,132,132,11,50,98,13,7,0.0,0,0,2,1,0.077,0.077,1,0,0,0.0,0,2,0.0,0,0.0,0,0.0,0,0.0,0,0.0,1,1.0,12,20,9,0.6,1.9,0.95,0.6,0,0,6,0.0,0.0,2.0,2.0,1.0,0.667,4.0,0.75,0.0,0.75,5.4,1.0,5.0,0.167,9.0,0.667,1.0,0.75,3.7,3.0,6.0,0.333,13.0,0.692,1.0,0.75,4.3,1.0,0.333,1.0,2.0,0.5,0.5,0.333,1.0,2.0,0.5,0.0,0.0,0.0,,0.5,3.0,3.0,1.0,1.0,0.5,3.0,3.0,1.0,0.0,0.0,0.0,,0.167,1.0,1.0,1.0,1.0,0.167,1.0,1.0,1.0,0.0,0.0,0.0,,,,,,,,,,,,,,,0,0,,0,,,,,2,1.0,12,0.833,0,0.0,0,0.0,0.833,4,5,0.8,1.0,1.0,1.0,0.0,0.0,0.0,0.0,0.0,0.0,0.0,0.0,0.0,0,0,0.0,0.0,0.0,0.0,0.0,0.0,0.0,MIA,4,5,0.8,1.0,1.0,1.0,0.0,0.0,0.0,0.0,0.0,0.0,0.0,0.0,0.0,0.0,0.0,0.0,,,,,,,0.0,0.0,0.0,1,1,,,,1.0,3.0,10.0,0.3,0.458,-0.158,2.0,4.0,0.5,0.338,0.162,1.0,6.0,0.167,0.503,-0.336,1.0,2.0,0.5,0.662,-0.162,1.0,2.0,0.5,0.62,-0.12,2.0,8.0,0.25,0.356,-0.106,2.0,2.0,0.0,0.0,0.0,3.0,6.0,0.0,0.0,0.0,0.0,0.0,1.0,1.0,2.0,1.0,0.0,0.5,0.5,0.5,0.0,0,0,0,0,0.0,0.0,0,0.0,0,0.0,0,0.0,0,0.0,7154,1.4,0.7,0.6,4.21,4.45,3.42,2019,20190328,False
1627740,Henry Ellenson,Henry,1610612752,NYK,22.0,1,0,1,0.0,8.85,1,4,0.25,0,1,0.0,1,1,1.0,0,0,0,1,0,1,0,1,0,1,3,4,7.5,0,0,6.0,1,87,87,87,150,125,117,133,98,119,98,73,90,1,74,152,160,92,105,16,52,122,1,76,132,52,145,15,2,149,1,101,131.0,136.8,136.8,114.6,115.8,115.8,16.5,21.1,21.1,0.143,0.0,20.0,0.0,0.0,0.0,0.0,0.0,0.25,0.338,0.182,0.203,105.87,103.05,85.88,103.05,0.044,19,1.0,4.0,21,9,9,113,114,114,44,31,31,73,91,61,74,152,160,1,1,140,138,87,78,48,76,76,128,125,117,9,7,1.0,0,2,3,2,0.111,0.222,0,0,0,0.0,0,0,0.0,0,0.0,0,0.0,0,0.0,0,0.0,0,0.0,3,13,6,0.4,1.87,1.23,0.231,0,2,1,0.0,1.5,0.0,,,,,,,,,,,,,,,,,,,,,,,,,1.0,0.5,0.0,2.0,0.0,0.0,0.5,0.0,2.0,0.0,0.0,0.0,0.0,,0.25,1.0,1.0,1.0,1.0,0.25,1.0,1.0,1.0,0.0,0.0,0.0,,0.25,0.0,1.0,0.0,0.0,0.0,0.0,0.0,,0.25,0.0,1.0,0.0,,,,,,,,,,,,,,0,0,,0,0.0,0.0,,,0,0.0,0,0.0,3,0.5,0,0.0,0.25,0,1,0.0,1.0,2.0,0.5,0.0,0.0,0.0,0.0,0.0,0.0,0.0,1.0,0.0,0,0,0.0,,,,0.0,1.0,0.0,NYK,1,2,0.5,0.0,1.0,0.0,0.0,0.0,0.0,0.0,0.0,0.0,0.0,1.0,0.0,0.0,0.0,0.0,,,,,,,,,,0,1,0.0,1.0,0.0,0.0,2.0,2.0,1.0,0.409,0.591,2.0,2.0,1.0,0.352,0.649,,,,,,,,,,,,,,,,2.0,2.0,1.0,0.379,0.621,2.0,0.0,2.0,0.0,0.0,1.0,3.0,0.0,1.0,1.0,0.0,1.0,0.0,1.0,1.0,1.0,0.0,0.0,1.0,1.0,0.0,1,2,1,1,1.0,1.5,0,0.0,0,0.0,0,0.0,0,0.0,3834,0.7,0.4,0.3,4.49,5.12,3.86,2019,20190328,False
203546,Ian Clark,Ian,1610612740,NOP,28.0,1,1,0,1.0,31.933333333333334,2,11,0.182,2,6,0.333,0,0,0.0,0,0,0,3,2,0,0,3,2,1,6,4,8.5,0,0,11.0,1,1,1,1,24,102,47,147,28,21,65,93,100,93,74,152,160,42,22,80,52,179,86,76,103,52,138,15,2,122,1,105,108.9,109.5,109.5,106.7,106.9,106.9,2.2,2.5,2.5,0.1,1.5,18.8,0.0,0.0,0.0,12.5,12.5,0.273,0.273,0.159,0.162,110.15,109.73,91.44,109.73,-0.026,74,2.0,11.0,97,90,90,78,77,77,80,74,74,94,43,73,74,152,160,129,131,138,149,109,112,26,31,31,166,102,47,33,38,0.0,1,4,6,4,0.091,0.121,4,0,3,0.0,0,0,0.0,0,0.0,1,0.25,1,0.25,0,0.0,0,0.0,6,48,33,1.9,2.33,1.6,0.125,2,0,1,0.0,0.0,0.0,,,,,,,,,,,,,,,,,,,,,,,,,1.0,0.091,0.0,1.0,0.0,0.0,0.091,0.0,1.0,0.0,0.0,0.0,0.0,,0.182,0.0,2.0,0.0,0.0,0.182,0.0,2.0,0.0,0.0,0.0,0.0,,0.182,0.0,2.0,0.0,0.0,0.182,0.0,2.0,0.0,0.0,0.0,0.0,,0.545,2.0,6.0,0.333,0.5,0.0,0.0,0.0,,0.545,2.0,6.0,0.333,0,0,,0,0.0,0.0,,,6,0.333,0,0.0,0,0.0,0,0.0,0.273,0,0,0.0,0.0,5.0,0.0,0.0,0.0,0.0,1.0,2.0,0.5,0.0,0.0,0.0,1,4,0.25,0.0,0.0,0.0,1.0,2.0,0.5,NOP,0,2,0.0,0.0,3.0,0.0,0.0,0.0,0.0,0.0,0.0,0.0,1.0,3.0,0.333,1.0,3.0,0.333,0.0,0.0,0.0,,,,0.0,0.0,0.0,2,6,2.0,6.0,0.333,0.5,6.0,12.0,0.5,0.448,0.052,0.0,2.0,0.0,0.427,-0.427,6.0,10.0,0.6,0.476,0.124,4.0,5.0,0.8,0.585,0.215,4.0,6.0,0.667,0.542,0.124,1.0,5.0,0.2,0.41,-0.21,6.0,3.0,3.0,0.0,0.0,2.0,4.0,0.0,0.0,0.0,0.0,0.0,0.0,2.0,2.0,2.0,0.0,0.0,1.0,1.0,0.0,0,0,0,0,0.0,0.0,0,0.0,0,0.0,0,0.0,0,0.0,13570,2.6,1.4,1.2,4.58,4.57,4.58,2019,20190328,False
202697,Iman Shumpert,Iman,1610612745,HOU,29.0,1,1,0,1.0,25.183333333333334,3,5,0.6,1,2,0.5,0,0,0.0,1,7,8,2,1,1,0,0,3,0,7,15,21.6,0,0,20.0,1,1,1,1,77,82,107,39,54,83,33,93,100,93,42,20,24,62,52,16,52,1,124,125,98,18,67,15,2,79,1,96,109.1,103.8,103.8,75.1,78.4,78.4,34.1,25.3,25.3,0.125,2.0,25.0,0.04,0.233,0.145,12.5,12.5,0.7,0.7,0.105,0.11,98.81,99.11,82.59,99.11,0.147,53,3.0,5.0,92,115,115,11,13,13,20,26,26,81,27,43,52,41,43,129,131,45,52,149,150,120,115,115,43,82,107,20,13,0.0,0,1,5,2,0.1,0.1,1,0,0,0.0,0,0,0.0,0,0.0,0,0.0,0,0.0,1,1.0,0,0.0,7,28,12,1.1,2.43,1.64,0.25,2,0,2,0.0,0.0,1.0,0.0,1.0,0.0,1.0,1.0,0.0,1.0,5.5,2.0,5.0,0.286,11.0,0.636,2.0,0.778,6.9,2.0,6.0,0.25,12.0,0.667,2.0,0.8,6.8,,,,,,,,,,,,,,,0.2,1.0,1.0,1.0,1.0,0.2,1.0,1.0,1.0,0.0,0.0,0.0,,0.2,1.0,1.0,1.0,1.0,0.2,1.0,1.0,1.0,0.0,0.0,0.0,,0.6,1.0,3.0,0.333,0.5,0.2,0.0,1.0,0.0,0.4,1.0,2.0,0.5,0,1,0.0,0,0.0,0.0,,0.0,3,0.5,2,0.5,0,0.0,0,0.0,0.7,2,2,1.0,0.0,0.0,0.0,0.0,1.0,0.0,0.0,0.0,0.0,0.0,1.0,0.0,1,1,1.0,0.0,0.0,0.0,0.0,1.0,0.0,HOU,2,2,1.0,0.0,0.0,0.0,0.0,1.0,0.0,0.0,0.0,0.0,0.0,1.0,0.0,1.0,1.0,1.0,0.0,0.0,0.0,0.0,0.0,0.0,0.0,0.0,0.0,1,2,1.0,2.0,0.5,0.75,3.0,8.0,0.375,0.452,-0.077,1.0,3.0,0.333,0.399,-0.066,2.0,5.0,0.4,0.499,-0.099,1.0,3.0,0.333,0.562,-0.229,1.0,3.0,0.333,0.532,-0.199,1.0,3.0,0.333,0.41,-0.077,5.0,3.0,2.0,0.0,0.0,1.0,3.0,0.0,0.0,0.0,0.0,0.0,0.0,3.0,3.0,3.0,0.0,0.0,1.0,1.0,0.0,0,0,0,0,0.0,0.0,0,0.0,0,0.0,0,0.0,0,0.0,9979,1.9,1.0,0.9,4.22,4.35,4.08,2019,20190328,False
202397,Ish Smith,Ish,1610612765,DET,30.0,1,1,0,1.0,28.216666666666665,7,14,0.5,1,3,0.333,0,0,0.0,0,4,4,6,1,0,0,2,3,1,15,-2,27.8,0,0,26.0,1,1,1,1,59,21,23,65,54,61,65,93,100,93,74,48,63,11,52,80,52,169,124,76,40,102,44,15,2,44,1,92,114.0,110.9,110.9,108.3,116.7,116.7,5.7,-5.8,-5.8,0.333,6.0,28.6,0.0,0.111,0.063,4.8,4.8,0.536,0.536,0.231,0.244,94.99,92.71,77.26,92.71,0.137,55,7.0,14.0,74,84,84,89,118,118,71,106,106,15,1,33,74,91,99,78,78,79,92,53,47,166,165,165,49,21,23,59,62,0.0,0,12,16,6,0.102,0.102,12,3,6,0.5,0,0,0.0,6,0.5,6,0.5,1,0.083,0,0.0,0,0.0,15,75,23,6.6,5.28,5.11,0.2,0,0,1,0.0,0.0,0.0,0.0,0.0,0.0,3.0,0.0,1.0,0.0,0.0,0.0,4.0,0.0,6.0,0.667,0.0,0.667,11.7,0.0,4.0,0.0,9.0,0.444,1.0,0.5,11.7,1.0,0.143,0.0,2.0,0.0,0.0,0.143,0.0,2.0,0.0,0.0,0.0,0.0,,0.286,1.0,4.0,0.25,0.25,0.286,1.0,4.0,0.25,0.0,0.0,0.0,,0.143,1.0,2.0,0.5,0.5,0.071,1.0,1.0,1.0,0.071,0.0,1.0,0.0,0.429,5.0,6.0,0.833,0.917,0.286,4.0,4.0,1.0,0.143,1.0,2.0,0.5,4,7,0.571,8,0.0,1.0,0.0,0.571,3,0.5,0,0.0,0,0.0,0,0.0,0.536,2,2,1.0,1.0,4.0,0.25,3.0,5.0,0.6,0.0,0.0,0.0,0.0,0.0,0.0,1,3,0.333,0.0,0.0,0.0,0.0,0.0,0.0,DET,2,2,1.0,0.0,3.0,0.0,1.0,3.0,0.333,3.0,3.0,1.0,0.0,0.0,0.0,1.0,3.0,0.333,,,,0.0,0.0,0.0,0.0,0.0,0.0,1,2,1.0,2.0,0.5,0.75,4.0,14.0,0.286,0.43,-0.144,0.0,2.0,0.0,0.379,-0.379,4.0,12.0,0.333,0.476,-0.143,4.0,8.0,0.5,0.57,-0.07,4.0,9.0,0.444,0.512,-0.067,0.0,4.0,0.0,0.392,-0.392,6.0,4.0,2.0,1.0,0.0,1.0,2.0,0.0,2.0,2.0,0.0,1.0,0.0,1.0,1.0,1.0,0.0,0.0,1.0,1.0,0.0,0,0,0,0,0.0,0.0,0,0.0,0,0.0,0,0.0,0,0.0,11634,2.2,1.3,0.9,4.39,4.93,3.78,2019,20190328,False
1627826,Ivica Zubac,Ivica,1610612746,LAC,22.0,1,0,1,0.0,17.75,5,8,0.625,0,0,0.0,0,0,0.0,2,4,6,1,1,1,0,2,3,0,10,3,20.7,0,0,19.0,1,87,87,87,121,50,83,36,98,141,98,93,100,93,17,48,39,92,52,16,52,169,124,125,76,59,72,15,2,82,1,105,113.2,114.6,114.6,104.9,107.3,107.3,8.3,7.3,7.3,0.083,1.0,10.0,0.111,0.235,0.171,10.0,10.0,0.625,0.625,0.209,0.207,112.87,110.87,92.39,110.87,0.109,41,5.0,8.0,76,67,67,70,79,79,64,64,64,109,58,117,22,39,25,112,115,60,68,64,72,14,24,24,75,50,83,31,23,0.0,1,2,3,2,0.032,0.065,0,0,0,0.0,0,0,0.0,0,0.0,0,0.0,0,0.0,0,0.0,0,0.0,10,39,22,0.9,1.4,0.41,0.256,1,0,7,0.0,0.0,1.143,1.0,1.0,0.5,4.0,0.5,0.0,0.5,2.3,1.0,3.0,0.25,5.0,0.8,0.0,0.8,5.4,2.0,4.0,0.333,9.0,0.667,0.0,0.667,4.3,1.0,0.25,0.0,2.0,0.0,0.0,0.25,0.0,2.0,0.0,0.0,0.0,0.0,,0.625,4.0,5.0,0.8,0.8,0.625,4.0,5.0,0.8,0.0,0.0,0.0,,,,,,,,,,,,,,,0.125,1.0,1.0,1.0,1.0,0.125,1.0,1.0,1.0,0.0,0.0,0.0,,0,0,,0,,,,,2,1.0,8,0.571,0,0.0,0,0.0,0.625,4,7,0.571,0.0,0.0,0.0,1.0,1.0,1.0,0.0,0.0,0.0,0.0,0.0,0.0,0,0,0.0,,,,0.0,0.0,0.0,LAC,4,7,0.571,0.0,0.0,0.0,0.0,0.0,0.0,1.0,1.0,1.0,0.0,0.0,0.0,0.0,0.0,0.0,,,,,,,,,,0,0,,,,,2.0,12.0,0.167,0.474,-0.307,0.0,4.0,0.0,0.343,-0.343,2.0,8.0,0.25,0.566,-0.316,1.0,6.0,0.167,0.645,-0.479,1.0,7.0,0.143,0.619,-0.476,1.0,5.0,0.2,0.358,-0.158,10.0,6.0,4.0,1.0,0.0,3.0,8.0,0.0,1.0,1.0,0.0,1.0,1.0,1.0,2.0,1.0,1.0,0.5,0.5,1.0,1.0,0,0,0,0,0.0,0.0,0,0.0,0,0.0,0,0.0,0,0.0,7455,1.4,0.7,0.7,4.45,4.61,4.31,2019,20190328,False
200755,JJ Redick,JJ,1610612755,PHI,35.0,1,1,0,1.0,30.383333333333333,6,12,0.5,4,9,0.444,2,2,1.0,0,3,3,3,1,1,0,1,2,1,18,20,28.1,0,0,30.0,1,1,1,1,42,33,38,65,5,4,56,32,50,1,74,65,83,42,52,16,52,122,86,76,23,8,41,15,2,32,1,103,123.4,121.1,121.1,91.6,91.7,91.7,31.8,29.5,29.5,0.125,3.0,18.8,0.0,0.079,0.043,6.3,5.9,0.667,0.699,0.165,0.183,111.95,112.96,94.13,112.96,0.126,71,6.0,12.0,36,44,44,32,32,32,23,19,19,81,16,73,74,113,122,89,88,51,55,108,93,18,17,17,54,33,38,27,30,0.0,0,3,7,3,0.111,0.111,0,0,0,0.0,0,0,0.0,0,0.0,0,0.0,0,0.0,0,0.0,0,0.0,18,41,31,1.0,1.49,0.51,0.439,0,0,0,0.0,0.0,0.0,0.0,0.0,0.0,0.0,0.0,0.0,0.0,0.0,1.0,2.0,0.333,6.0,0.5,0.0,0.5,9.1,1.0,2.0,0.333,6.0,0.5,0.0,0.5,9.1,,,,,,,,,,,,,,,0.25,1.0,3.0,0.333,0.333,0.083,1.0,1.0,1.0,0.167,0.0,2.0,0.0,0.417,3.0,5.0,0.6,0.8,0.167,1.0,2.0,0.5,0.25,2.0,3.0,0.667,0.333,2.0,4.0,0.5,0.75,0.0,0.0,0.0,,0.333,2.0,4.0,0.5,4,6,0.667,10,2.0,4.0,0.5,0.833,6,0.333,0,0.0,0,0.0,0,0.0,0.667,0,0,0.0,0.0,0.0,0.0,2.0,3.0,0.667,0.0,0.0,0.0,0.0,0.0,0.0,4,9,0.444,0.0,0.0,0.0,0.0,0.0,0.0,PHI,0,0,0.0,0.0,0.0,0.0,0.0,0.0,0.0,0.0,0.0,0.0,4.0,5.0,0.8,2.0,7.0,0.286,,,,0.0,0.0,0.0,0.0,0.0,0.0,2,6,2.0,5.0,0.4,0.5,5.0,10.0,0.5,0.465,0.035,1.0,2.0,0.5,0.398,0.103,4.0,8.0,0.5,0.513,-0.013,4.0,7.0,0.571,0.567,0.005,4.0,8.0,0.5,0.539,-0.039,1.0,2.0,0.5,0.397,0.103,6.0,1.0,5.0,2.0,0.0,4.0,8.0,0.0,0.0,0.0,0.0,0.0,0.0,2.0,2.0,2.0,1.0,0.0,1.0,1.0,0.5,0,0,0,0,0.0,0.0,0,0.0,0,0.0,0,0.0,0,0.0,12964,2.5,1.3,1.2,4.53,4.86,4.23,2019,20190328,False
203210,JaMychal Green,JaMychal,1610612746,LAC,29.0,1,0,1,0.0,24.4,6,16,0.375,4,8,0.5,0,0,0.0,2,6,8,2,0,0,0,0,4,0,16,-10,28.6,0,0,30.0,1,87,87,87,80,33,15,102,5,8,33,93,100,93,17,29,24,62,105,80,52,1,164,125,33,150,39,15,2,32,1,105,111.6,110.0,110.0,135.0,127.5,127.5,-23.4,-17.5,-17.5,0.154,0.0,11.1,0.074,0.273,0.163,0.0,0.0,0.5,0.5,0.291,0.295,95.84,99.34,82.79,99.34,0.101,50,6.0,16.0,83,87,87,164,153,153,149,139,139,69,91,114,35,26,32,1,1,82,98,25,26,160,112,112,81,33,15,43,33,0.0,0,2,6,2,0.047,0.047,7,0,4,0.0,0,0,0.0,0,0.0,3,0.429,1,0.143,0,0.0,0,0.0,16,60,35,1.6,1.58,0.67,0.267,1,0,3,2.0,0.0,1.333,2.0,0.0,1.0,6.0,0.333,0.0,0.333,1.7,0.0,6.0,0.0,9.0,0.667,3.0,1.0,5.0,2.0,6.0,0.25,13.0,0.615,3.0,0.8,4.2,1.0,0.063,0.0,1.0,0.0,0.0,0.063,0.0,1.0,0.0,0.0,0.0,0.0,,0.5,2.0,8.0,0.25,0.25,0.438,2.0,7.0,0.286,0.063,0.0,1.0,0.0,0.125,0.0,2.0,0.0,0.0,0.0,0.0,0.0,,0.125,0.0,2.0,0.0,0.313,4.0,5.0,0.8,1.2,0.0,0.0,0.0,,0.313,4.0,5.0,0.8,0,1,0.0,0,0.0,0.0,,0.0,12,0.5,4,0.667,0,0.0,2,1.0,0.5,2,6,0.333,0.0,1.0,0.0,0.0,1.0,0.0,0.0,0.0,0.0,1.0,1.0,1.0,3,7,0.429,,,,1.0,1.0,1.0,LAC,2,7,0.286,0.0,0.0,0.0,0.0,0.0,0.0,0.0,1.0,0.0,1.0,1.0,1.0,3.0,7.0,0.429,0.0,0.0,0.0,0.0,0.0,0.0,,,,4,8,4.0,8.0,0.5,0.75,7.0,15.0,0.467,0.485,-0.018,5.0,10.0,0.5,0.341,0.159,2.0,5.0,0.4,0.609,-0.209,2.0,4.0,0.5,0.686,-0.186,2.0,5.0,0.4,0.653,-0.253,5.0,10.0,0.5,0.346,0.154,10.0,3.0,7.0,0.0,0.0,1.0,2.0,0.0,0.0,0.0,0.0,0.0,0.0,7.0,7.0,2.0,2.0,0.0,1.0,1.0,1.0,0,0,0,0,0.0,0.0,0,0.0,0,0.0,0,0.0,0,0.0,10113,1.9,1.1,0.8,4.36,5.02,3.7,2019,20190328,False
1626143,Jahlil Okafor,Jahlil,1610612740,NOP,23.0,1,1,0,1.0,21.39666666666667,6,8,0.75,0,0,0.0,0,0,0.0,0,9,9,0,0,0,2,1,0,1,12,-6,28.8,0,0,25.0,1,1,1,1,98,33,83,15,98,141,98,93,100,93,74,8,16,138,105,80,4,122,1,76,59,131,37,15,2,47,1,105,96.8,100.0,100.0,113.1,114.3,114.3,-16.3,-14.3,-14.3,0.0,0.0,0.0,0.0,0.375,0.191,0.0,0.0,0.75,0.75,0.151,0.152,113.47,111.05,92.54,111.05,0.187,50,6.0,8.0,132,122,122,106,108,108,134,128,128,138,91,138,74,5,17,1,1,32,37,119,123,11,23,23,27,33,83,34,18,0.0,0,2,0,0,0.0,0.0,1,0,1,0.0,0,0,0.0,0,0.0,0,0.0,0,0.0,0,0.0,0,0.0,12,44,17,1.5,2.05,0.82,0.273,2,6,5,1.0,1.0,1.2,0.0,0.0,0.0,2.0,0.0,0.0,0.0,0.0,1.0,8.0,0.111,12.0,0.75,0.0,0.75,3.8,1.0,8.0,0.111,13.0,0.692,0.0,0.692,3.8,,,,,,,,,,,,,,,0.875,5.0,7.0,0.714,0.714,0.875,5.0,7.0,0.714,0.0,0.0,0.0,,0.125,1.0,1.0,1.0,1.0,0.125,1.0,1.0,1.0,0.0,0.0,0.0,,,,,,,,,,,,,,,0,0,,0,,,,,0,0.0,6,1.0,6,0.75,2,1.0,0.75,2,2,1.0,4.0,6.0,0.667,0.0,0.0,0.0,0.0,0.0,0.0,0.0,0.0,0.0,0,0,0.0,0.0,0.0,0.0,0.0,0.0,0.0,NOP,2,3,0.667,4.0,5.0,0.8,0.0,0.0,0.0,0.0,0.0,0.0,0.0,0.0,0.0,0.0,0.0,0.0,0.0,0.0,0.0,,,,0.0,0.0,0.0,0,0,,,,,6.0,9.0,0.667,0.51,0.156,,,,,,6.0,9.0,0.667,0.518,0.148,3.0,4.0,0.75,0.597,0.153,5.0,7.0,0.714,0.568,0.146,1.0,2.0,0.5,0.406,0.094,8.0,8.0,0.0,0.0,0.0,0.0,0.0,0.0,0.0,0.0,0.0,0.0,0.0,7.0,7.0,3.0,2.0,0.0,1.0,0.75,0.5,3,4,0,0,0.0,1.0,2,0.333,0,0.0,0,0.0,0,0.0,9058,1.7,0.9,0.8,4.5,4.5,4.5,2019,20190328,False
1627751,Jakob Poeltl,Jakob,1610612759,SAS,23.0,1,1,0,1.0,18.716666666666665,1,2,0.5,0,0,0.0,2,4,0.5,1,1,2,1,0,1,3,0,0,3,4,2,19.9,0,0,15.0,1,1,1,1,115,125,151,65,98,141,98,32,18,75,42,120,104,92,105,16,2,1,1,29,122,63,77,15,2,103,1,95,116.3,120.5,120.5,122.4,115.4,115.4,-6.1,5.1,5.1,0.063,0.0,20.0,0.056,0.048,0.051,0.0,0.0,0.5,0.532,0.098,0.091,98.94,100.02,83.35,100.02,0.071,39,1.0,2.0,65,45,45,140,111,111,108,70,70,118,91,61,47,140,112,1,1,82,93,152,161,116,109,109,101,125,151,22,13,0.0,0,2,2,1,0.045,0.045,0,0,0,0.0,0,0,0.0,0,0.0,0,0.0,0,0.0,0,0.0,0,0.0,4,26,12,0.5,1.2,0.27,0.154,3,0,4,0.0,0.0,1.0,1.0,0.0,1.0,2.0,0.5,0.0,0.5,3.7,0.0,1.0,0.0,2.0,0.5,0.0,0.5,3.8,1.0,1.0,0.5,4.0,0.5,0.0,0.5,3.8,,,,,,,,,,,,,,,0.5,0.0,1.0,0.0,0.0,0.5,0.0,1.0,0.0,0.0,0.0,0.0,,0.5,1.0,1.0,1.0,1.0,0.5,1.0,1.0,1.0,0.0,0.0,0.0,,,,,,,,,,,,,,,0,0,,0,,,,,0,0.0,4,0.5,0,0.0,0,0.0,0.5,1,2,0.5,0.0,0.0,0.0,0.0,0.0,0.0,0.0,0.0,0.0,0.0,0.0,0.0,0,0,0.0,0.0,0.0,0.0,0.0,0.0,0.0,SAS,1,2,0.5,0.0,0.0,0.0,0.0,0.0,0.0,0.0,0.0,0.0,0.0,0.0,0.0,0.0,0.0,0.0,0.0,0.0,0.0,,,,0.0,0.0,0.0,0,0,,,,,5.0,17.0,0.294,0.418,-0.124,0.0,3.0,0.0,0.306,-0.306,5.0,14.0,0.357,0.475,-0.117,2.0,8.0,0.25,0.539,-0.289,2.0,11.0,0.182,0.492,-0.31,2.0,5.0,0.4,0.33,0.07,17.0,14.0,3.0,1.0,0.0,1.0,3.0,0.0,0.0,0.0,0.0,0.0,0.0,2.0,2.0,0.0,0.0,0.0,1.0,0.0,0.0,0,0,0,0,0.0,0.0,0,0.0,0,0.0,0,0.0,0,0.0,8078,1.5,0.8,0.7,4.57,4.78,4.35,2019,20190328,False
1628973,Jalen Brunson,Jalen,1610612742,DAL,22.0,1,0,1,0.0,31.666666666666668,5,11,0.455,2,5,0.4,1,4,0.25,0,3,3,4,2,1,0,1,1,8,13,-6,23.6,0,0,24.0,1,87,87,87,32,50,47,85,28,31,59,73,18,90,74,65,83,21,22,16,52,122,41,3,51,131,59,15,2,51,1,101,90.5,89.9,89.9,101.4,100.0,100.0,-10.9,-10.1,-10.1,0.235,2.0,21.1,0.0,0.091,0.042,10.5,10.7,0.545,0.509,0.203,0.201,102.71,103.83,86.53,103.83,0.081,69,5.0,11.0,149,152,152,60,48,48,122,118,118,36,27,59,74,106,126,117,118,77,95,73,81,70,65,65,93,50,47,45,44,0.0,0,8,10,4,0.089,0.089,12,2,5,0.4,1,4,0.25,5,0.417,4,0.333,1,0.083,1,0.083,2,0.167,13,63,32,3.3,3.12,2.43,0.206,0,0,0,0.0,0.0,0.0,0.0,0.0,0.0,0.0,0.0,0.0,0.0,0.0,0.0,3.0,0.0,6.0,0.5,2.0,0.75,6.3,0.0,3.0,0.0,6.0,0.5,2.0,0.75,6.3,1.0,0.182,0.0,2.0,0.0,0.0,0.182,0.0,2.0,0.0,0.0,0.0,0.0,,0.273,2.0,3.0,0.667,0.667,0.273,2.0,3.0,0.667,0.0,0.0,0.0,,0.273,2.0,3.0,0.667,0.833,0.091,1.0,1.0,1.0,0.182,1.0,2.0,0.5,0.273,1.0,3.0,0.333,0.5,0.0,0.0,0.0,,0.273,1.0,3.0,0.333,3,7,0.429,8,2.0,5.0,0.4,0.571,0,0.0,0,0.0,0,0.0,0,0.0,0.545,2,2,1.0,1.0,3.0,0.333,0.0,1.0,0.0,1.0,1.0,1.0,0.0,0.0,0.0,1,4,0.25,0.0,0.0,0.0,1.0,1.0,1.0,DAL,2,3,0.667,0.0,1.0,0.0,1.0,1.0,1.0,0.0,1.0,0.0,2.0,3.0,0.667,0.0,2.0,0.0,0.0,0.0,0.0,,,,0.0,0.0,0.0,0,0,0.0,0.0,,,5.0,11.0,0.455,0.457,-0.003,0.0,3.0,0.0,0.367,-0.367,5.0,8.0,0.625,0.517,0.108,5.0,6.0,0.833,0.61,0.223,5.0,7.0,0.714,0.559,0.155,0.0,3.0,0.0,0.37,-0.37,5.0,2.0,3.0,1.0,0.0,0.0,0.0,0.0,1.0,1.0,0.0,1.0,0.0,0.0,0.0,0.0,0.0,0.0,0.0,0.0,0.0,0,0,0,0,0.0,0.0,0,0.0,0,0.0,0,0.0,0,0.0,13604,2.6,1.5,1.1,4.56,5.01,4.08,2019,20190328,False
1627750,Jamal Murray,Jamal,1610612743,DEN,22.0,1,0,1,0.0,26.35,7,14,0.5,0,2,0.0,6,7,0.857,1,3,4,3,0,2,0,1,1,6,20,-14,35.3,0,0,31.0,1,87,87,87,71,21,23,65,98,83,98,7,5,55,42,65,63,42,105,8,52,122,41,7,16,165,23,15,2,28,1,94,89.3,94.3,94.3,122.4,123.1,123.1,-33.1,-28.7,-28.7,0.231,0.0,15.8,0.037,0.13,0.08,0.0,0.0,0.5,0.585,0.267,0.29,98.59,95.64,79.7,95.64,0.188,53,7.0,14.0,152,142,142,141,142,142,158,155,155,38,91,91,54,81,82,1,1,82,79,32,27,124,136,136,26,21,23,47,55,0.0,0,8,6,3,0.064,0.064,8,3,5,0.6,0,0,0.0,6,0.75,3,0.375,0,0.0,0,0.0,0,0.0,20,65,28,4.6,4.25,3.8,0.308,0,0,2,0.0,0.0,2.5,0.0,1.0,0.0,4.0,0.25,0.0,0.25,18.6,3.0,0.0,1.0,4.0,0.75,0.0,0.75,6.0,3.0,1.0,0.75,8.0,0.5,0.0,0.5,9.1,1.0,0.071,0.0,1.0,0.0,0.0,0.071,0.0,1.0,0.0,0.0,0.0,0.0,,0.5,5.0,7.0,0.714,0.714,0.5,5.0,7.0,0.714,0.0,0.0,0.0,,0.286,2.0,4.0,0.5,0.5,0.286,2.0,4.0,0.5,0.0,0.0,0.0,,0.143,0.0,2.0,0.0,0.0,0.0,0.0,0.0,,0.143,0.0,2.0,0.0,1,5,0.2,2,0.0,2.0,0.0,0.2,0,0.0,5,1.0,0,0.0,0,0.0,0.5,5,5,1.0,1.0,4.0,0.25,1.0,3.0,0.333,0.0,0.0,0.0,0.0,0.0,0.0,0,2,0.0,0.0,0.0,0.0,0.0,0.0,0.0,DEN,5,5,1.0,1.0,4.0,0.25,0.0,1.0,0.0,1.0,2.0,0.5,0.0,0.0,0.0,0.0,2.0,0.0,0.0,0.0,0.0,0.0,0.0,0.0,0.0,0.0,0.0,0,0,0.0,0.0,,,4.0,6.0,0.667,0.437,0.23,2.0,3.0,0.667,0.356,0.31,2.0,3.0,0.667,0.527,0.139,2.0,3.0,0.667,0.598,0.069,2.0,3.0,0.667,0.563,0.104,2.0,3.0,0.667,0.355,0.311,2.0,2.0,0.0,1.0,0.0,1.0,3.0,2.0,2.0,4.0,0.5,0.5,0.0,0.0,0.0,0.0,0.0,0.0,0.0,0.0,0.0,0,0,0,0,0.0,0.0,0,0.0,0,0.0,0,0.0,0,0.0,10789,2.0,1.2,0.9,4.3,5.13,3.89,2019,20190328,False
201935,James Harden,James,1610612745,HOU,29.0,1,1,0,1.0,32.333333333333336,10,22,0.455,5,11,0.455,13,14,0.929,2,4,6,6,4,1,1,1,2,7,38,14,56.2,0,0,59.0,1,1,1,1,22,8,3,85,2,2,55,1,2,53,17,48,39,11,3,16,17,122,86,5,3,19,7,15,2,2,1,96,119.5,117.5,117.5,90.4,95.2,95.2,29.1,22.2,22.2,0.4,1.5,15.8,0.063,0.111,0.088,10.5,10.5,0.568,0.675,0.451,0.46,95.25,93.53,77.94,93.53,0.275,63,10.0,22.0,50,58,58,29,40,40,27,30,30,9,43,91,42,91,74,117,117,70,60,5,7,165,155,155,8,8,3,32,55,1.0,0,13,14,7,0.188,0.219,21,4,9,0.444,5,5,1.0,13,0.619,10,0.476,3,0.143,0,0.0,2,0.095,38,64,21,7.9,7.43,7.38,0.594,2,1,1,1.0,3.0,0.0,0.0,2.0,0.0,4.0,0.5,0.0,0.5,10.7,0.0,4.0,0.0,10.0,0.4,2.0,0.5,4.4,0.0,6.0,0.0,14.0,0.429,2.0,0.5,6.5,1.0,0.045,0.0,1.0,0.0,0.0,0.045,0.0,1.0,0.0,0.0,0.0,0.0,,0.545,7.0,12.0,0.583,0.667,0.364,5.0,8.0,0.625,0.182,2.0,4.0,0.5,0.318,3.0,7.0,0.429,0.643,0.091,0.0,2.0,0.0,0.227,3.0,5.0,0.6,0.091,0.0,2.0,0.0,0.0,0.0,0.0,0.0,,0.091,0.0,2.0,0.0,5,12,0.417,15,5.0,10.0,0.5,0.625,0,0.0,0,0.0,3,1.0,2,1.0,0.568,2,5,0.4,2.0,4.0,0.5,1.0,2.0,0.5,0.0,1.0,0.0,0.0,0.0,0.0,5,10,0.5,0.0,0.0,0.0,0.0,1.0,0.0,HOU,2,5,0.4,2.0,5.0,0.4,1.0,1.0,1.0,0.0,0.0,0.0,0.0,1.0,0.0,5.0,10.0,0.5,0.0,0.0,0.0,0.0,0.0,0.0,0.0,0.0,0.0,0,1,0.0,1.0,0.0,0.0,5.0,15.0,0.333,0.481,-0.147,0.0,4.0,0.0,0.335,-0.335,5.0,11.0,0.455,0.537,-0.082,5.0,7.0,0.714,0.611,0.103,5.0,9.0,0.556,0.57,-0.014,0.0,5.0,0.0,0.348,-0.348,9.0,5.0,4.0,3.0,0.0,0.0,0.0,1.0,0.0,1.0,1.0,0.0,0.0,1.0,1.0,1.0,0.0,0.0,1.0,1.0,0.0,1,1,1,1,1.0,3.0,0,0.0,0,0.0,0,0.0,0,0.0,10933,2.1,1.2,0.9,3.7,4.32,3.1,2019,20190328,False
201949,James Johnson,James,1610612748,MIA,32.0,1,1,0,1.0,29.6,3,5,0.6,2,3,0.667,1,2,0.5,1,2,3,2,1,0,2,0,4,2,9,0,20.6,0,0,20.0,1,1,1,1,47,82,107,39,28,61,17,73,50,75,42,91,83,62,52,80,4,1,164,51,84,81,73,15,2,79,1,102,101.0,100.0,100.0,100.8,103.3,103.3,0.3,-3.3,-3.3,0.1,2.0,22.2,0.028,0.053,0.041,11.1,11.3,0.8,0.765,0.097,0.098,99.63,98.92,82.43,98.92,0.066,62,3.0,5.0,118,122,122,56,63,63,87,94,94,94,27,56,68,134,129,119,124,25,36,153,157,106,116,116,110,82,107,31,28,1.0,0,7,6,3,0.065,0.097,6,1,2,0.5,1,2,0.5,3,0.5,3,0.5,0,0.0,0,0.0,1,0.167,9,38,18,2.3,3.69,3.13,0.237,0,0,1,0.0,0.0,0.0,0.0,1.0,0.0,1.0,1.0,0.0,1.0,3.7,0.0,2.0,0.0,2.0,1.0,0.0,1.0,6.8,0.0,3.0,0.0,3.0,1.0,0.0,1.0,5.8,1.0,0.2,1.0,1.0,1.0,1.0,0.2,1.0,1.0,1.0,0.0,0.0,0.0,,,,,,,,,,,,,,,0.4,0.0,2.0,0.0,0.0,0.2,0.0,1.0,0.0,0.2,0.0,1.0,0.0,0.4,2.0,2.0,1.0,1.5,0.0,0.0,0.0,,0.4,2.0,2.0,1.0,0,0,,0,0.0,0.0,,,6,0.667,0,0.0,0,0.0,0,0.0,0.8,1,1,1.0,0.0,1.0,0.0,0.0,0.0,0.0,0.0,0.0,0.0,1.0,1.0,1.0,1,2,0.5,0.0,0.0,0.0,1.0,1.0,1.0,MIA,1,1,1.0,0.0,1.0,0.0,0.0,0.0,0.0,0.0,0.0,0.0,1.0,1.0,1.0,1.0,2.0,0.5,,,,,,,0.0,0.0,0.0,2,3,2.0,3.0,0.667,1.0,3.0,10.0,0.3,0.444,-0.144,2.0,6.0,0.333,0.352,-0.018,1.0,4.0,0.25,0.552,-0.302,1.0,1.0,1.0,0.602,0.398,1.0,3.0,0.333,0.544,-0.211,2.0,6.0,0.333,0.362,-0.029,10.0,5.0,5.0,2.0,0.0,0.0,0.0,1.0,2.0,3.0,0.333,0.667,0.0,6.0,6.0,4.0,0.0,0.0,1.0,0.667,0.0,0,0,0,0,0.0,0.0,0,0.0,0,0.0,0,0.0,0,0.0,11602,2.2,1.2,1.0,4.11,4.51,3.73,2019,20190328,False
201162,Jared Dudley,Jared,1610612751,BKN,33.0,1,0,1,0.0,15.3,1,1,1.0,1,1,1.0,2,2,1.0,0,0,0,1,0,0,0,0,2,1,5,-9,6.5,0,0,7.0,1,87,87,87,130,125,161,1,54,119,1,32,50,1,74,152,160,92,105,80,52,1,86,76,114,145,148,15,2,140,1,104,102.6,103.2,103.2,143.2,136.7,136.7,-40.6,-33.4,-33.4,0.091,0.0,33.3,0.0,0.0,0.0,0.0,0.0,1.5,1.33,0.056,0.057,93.87,95.69,79.74,95.69,0.058,31,1.0,1.0,113,117,117,175,168,168,165,160,160,102,91,19,74,152,160,1,1,1,6,170,170,171,135,135,118,125,161,21,13,0.0,0,1,2,1,0.048,0.048,2,0,0,0.0,2,2,1.0,2,1.0,1,0.5,1,0.5,0,0.0,1,0.5,5,23,11,0.6,1.53,0.74,0.217,0,0,0,0.0,0.0,0.0,,,,,,,,,,,,,,,,,,,,,,,,,,,,,,,,,,,,,,,,,,,,,,,,,,,,,,,,,,,,,,,,,1.0,1.0,1.0,1.0,1.5,0.0,0.0,0.0,,1.0,1.0,1.0,1.0,0,0,,0,0.0,0.0,,,3,1.0,0,0.0,0,0.0,0,0.0,1.5,0,0,0.0,0.0,0.0,0.0,0.0,0.0,0.0,0.0,0.0,0.0,0.0,0.0,0.0,1,1,1.0,0.0,0.0,0.0,0.0,0.0,0.0,BKN,0,0,0.0,0.0,0.0,0.0,0.0,0.0,0.0,0.0,0.0,0.0,0.0,0.0,0.0,1.0,1.0,1.0,,,,,,,0.0,0.0,0.0,1,1,1.0,1.0,1.0,1.5,5.0,8.0,0.625,0.487,0.138,1.0,1.0,1.0,0.395,0.605,4.0,7.0,0.571,0.518,0.053,3.0,3.0,1.0,0.652,0.348,3.0,3.0,1.0,0.603,0.397,1.0,4.0,0.25,0.378,-0.128,4.0,3.0,1.0,0.0,0.0,0.0,0.0,0.0,0.0,0.0,0.0,0.0,0.0,3.0,3.0,1.0,0.0,0.0,1.0,1.0,0.0,0,0,0,0,0.0,0.0,0,0.0,0,0.0,0,0.0,0,0.0,5787,1.1,0.6,0.5,4.0,4.1,3.9,2019,20190328,False
1626185,Jarell Martin,Jarell,1610612753,ORL,25.0,1,0,1,0.0,2.25,0,0,0.0,0,0,0.0,0,0,0.0,0,1,1,0,0,0,0,0,0,0,0,0,1.2,0,0,1.0,1,87,87,87,171,151,172,151,98,141,98,93,100,93,74,120,126,138,105,80,52,1,1,125,160,81,170,15,2,170,1,92,94.0,100.0,100.0,100.0,83.3,83.3,-6.0,16.7,16.7,0.0,0.0,0.0,0.0,0.333,0.167,0.0,0.0,0.0,0.0,0.0,0.0,110.08,117.33,97.78,117.33,0.1,5,0.0,0.0,138,122,122,50,20,20,105,43,43,138,91,138,74,12,27,1,1,151,160,175,175,27,11,11,83,151,172,4,0,0.0,0,0,0,0,0.0,0.0,0,0,0,0.0,0,0,0.0,0,0.0,0,0.0,0,0.0,0,0.0,0,0.0,0,4,0,0.1,1.74,0.5,0.0,0,0,0,0.0,0.0,0.0,0.0,0.0,0.0,1.0,0.0,0.0,0.0,0.0,1.0,0.0,1.0,1.0,1.0,0.0,1.0,5.1,1.0,0.0,1.0,2.0,0.5,0.0,0.5,5.1,,,,,,,,,,,,,,,,,,,,,,,,,,,,,,,,,,,,,,,,,,,,,,,,,,,,,,0,0,,0,,,,,0,0.0,0,0.0,0,0.0,0,0.0,0.0,0,0,0.0,0.0,0.0,0.0,0.0,0.0,0.0,0.0,0.0,0.0,,,,0,0,0.0,,,,0.0,0.0,0.0,ORL,0,0,0.0,0.0,0.0,0.0,0.0,0.0,0.0,,,,0.0,0.0,0.0,0.0,0.0,0.0,,,,,,,,,,0,0,,,,,0.0,1.0,0.0,0.408,-0.408,,,,,,0.0,1.0,0.0,0.442,-0.442,0.0,1.0,0.0,0.524,-0.524,0.0,1.0,0.0,0.484,-0.484,,,,,,2.0,2.0,0.0,0.0,0.0,0.0,0.0,0.0,0.0,0.0,0.0,0.0,0.0,1.0,1.0,1.0,1.0,0.0,1.0,1.0,1.0,0,0,0,0,0.0,0.0,0,0.0,0,0.0,0,0.0,0,0.0,894,0.2,0.1,0.1,4.88,6.2,4.03,2019,20190328,False
1629020,Jarred Vanderbilt,Jarred,1610612743,DEN,20.0,1,0,1,0.0,5.083333333333333,0,2,0.0,0,0,0.0,0,0,0.0,1,2,3,0,0,0,0,0,0,0,0,-3,3.6,0,0,3.0,1,87,87,87,160,151,151,151,98,141,98,93,100,93,42,91,83,138,105,80,52,1,1,125,160,108,161,15,2,162,1,94,57.4,58.3,58.3,90.9,83.3,83.3,-33.5,-25.0,-25.0,0.0,0.0,0.0,0.143,0.286,0.214,0.0,0.0,0.0,0.0,0.154,0.152,109.53,113.31,94.43,113.31,0.04,12,0.0,2.0,177,175,175,30,20,20,159,151,151,138,91,138,11,23,14,1,1,151,160,114,124,31,15,15,132,151,151,6,3,0.0,0,1,0,0,0.0,0.0,0,0,0,0.0,0,0,0.0,0,0.0,0,0.0,0,0.0,0,0.0,0,0.0,0,8,4,0.2,1.58,0.25,0.0,0,0,3,0.0,0.0,0.0,1.0,0.0,1.0,4.0,0.25,0.0,0.25,0.6,0.0,2.0,0.0,3.0,0.667,1.0,1.0,3.5,1.0,2.0,0.333,7.0,0.429,1.0,0.5,2.5,1.0,0.5,0.0,1.0,0.0,0.0,0.5,0.0,1.0,0.0,0.0,0.0,0.0,,0.5,0.0,1.0,0.0,0.0,0.5,0.0,1.0,0.0,0.0,0.0,0.0,,,,,,,,,,,,,,,,,,,,,,,,,,,,0,0,,0,,,,,0,0.0,0,0.0,0,0.0,0,0.0,0.0,0,1,0.0,0.0,1.0,0.0,0.0,0.0,0.0,0.0,0.0,0.0,,,,0,0,0.0,,,,0.0,0.0,0.0,DEN,0,1,0.0,0.0,1.0,0.0,0.0,0.0,0.0,0.0,0.0,0.0,0.0,0.0,0.0,0.0,0.0,0.0,0.0,0.0,0.0,,,,0.0,0.0,0.0,0,0,,,,,1.0,2.0,0.5,0.439,0.061,1.0,2.0,0.5,0.368,0.132,,,,,,,,,,,,,,,,1.0,2.0,0.5,0.368,0.132,2.0,0.0,2.0,0.0,0.0,0.0,0.0,0.0,0.0,0.0,0.0,0.0,0.0,0.0,0.0,0.0,0.0,0.0,0.0,0.0,0.0,0,0,0,0,0.0,0.0,0,0.0,0,0.0,0,0.0,0,0.0,2219,0.4,0.2,0.2,4.39,4.28,4.5,2019,20190328,False
1628386,Jarrett Allen,Jarrett,1610612751,BKN,21.0,1,0,1,0.0,8.733333333333333,2,3,0.667,0,0,0.0,0,0,0.0,2,2,4,1,1,0,0,0,1,0,4,-13,9.3,0,0,9.0,1,87,87,87,152,102,132,22,98,141,98,93,100,93,17,91,63,92,52,80,52,1,41,125,122,160,133,15,2,129,1,104,78.9,83.3,83.3,150.2,147.4,147.4,-71.3,-64.0,-64.0,0.2,1.0,20.0,0.154,0.2,0.174,20.0,20.0,0.667,0.667,0.174,0.174,103.44,101.68,84.73,101.68,0.111,18,2.0,3.0,163,157,157,177,176,176,177,177,177,46,58,61,8,50,24,159,160,51,62,97,104,64,91,91,70,102,132,10,9,0.0,0,1,2,1,0.1,0.1,0,0,0,0.0,0,0,0.0,0,0.0,0,0.0,0,0.0,0,0.0,0,0.0,4,15,11,0.3,1.17,0.27,0.267,2,0,4,0.0,0.0,1.0,1.0,1.0,0.5,5.0,0.4,0.0,0.4,2.3,0.0,2.0,0.0,5.0,0.4,1.0,0.5,3.2,1.0,3.0,0.25,9.0,0.444,1.0,0.5,2.7,,,,,,,,,,,,,,,0.667,2.0,2.0,1.0,1.0,0.667,2.0,2.0,1.0,0.0,0.0,0.0,,,,,,,,,,,,,,,0.333,0.0,1.0,0.0,0.0,0.333,0.0,1.0,0.0,0.0,0.0,0.0,,0,0,,0,,,,,0,0.0,4,0.667,0,0.0,0,0.0,0.667,2,3,0.667,0.0,0.0,0.0,0.0,0.0,0.0,0.0,0.0,0.0,0.0,0.0,0.0,0,0,0.0,,,,0.0,0.0,0.0,BKN,2,3,0.667,0.0,0.0,0.0,0.0,0.0,0.0,0.0,0.0,0.0,0.0,0.0,0.0,0.0,0.0,0.0,,,,,,,,,,0,0,,,,,4.0,6.0,0.667,0.514,0.153,3.0,3.0,1.0,0.307,0.693,1.0,3.0,0.333,0.54,-0.207,1.0,3.0,0.333,0.653,-0.32,1.0,3.0,0.333,0.605,-0.272,3.0,3.0,1.0,0.371,0.629,7.0,4.0,3.0,0.0,0.0,4.0,9.0,0.0,0.0,0.0,0.0,0.0,0.0,3.0,3.0,1.0,1.0,0.0,1.0,0.5,0.5,0,0,0,0,0.0,0.0,0,0.0,0,0.0,0,0.0,0,0.0,3399,0.6,0.3,0.3,3.97,3.68,4.31,2019,20190328,False
202391,Jeremy Lin,Jeremy,1610612761,TOR,30.0,1,1,0,1.0,25.566666666666666,4,8,0.5,1,2,0.5,3,4,0.75,0,5,5,5,0,0,0,1,3,3,12,1,25.5,0,0,23.0,1,1,1,1,74,63,83,65,54,83,33,21,18,58,74,37,46,15,105,80,52,122,124,29,59,72,55,15,2,57,1,101,99.5,100.0,100.0,101.0,100.0,100.0,-1.5,0.0,0.0,0.333,0.0,33.3,0.0,0.172,0.085,0.0,0.0,0.563,0.615,0.167,0.167,102.1,102.32,85.27,102.32,0.164,55,4.0,8.0,122,122,122,57,48,48,90,80,80,15,91,19,74,66,79,1,1,72,69,103,110,79,82,82,36,63,83,39,43,0.0,0,4,13,5,0.128,0.128,14,1,3,0.333,4,5,0.8,5,0.357,8,0.571,3,0.214,0,0.0,2,0.143,12,53,26,3.5,3.91,3.47,0.226,1,0,2,2.0,0.0,0.0,0.0,0.0,0.0,1.0,0.0,0.0,0.0,0.0,1.0,4.0,0.2,7.0,0.714,1.0,0.833,7.0,1.0,4.0,0.2,8.0,0.625,1.0,0.714,7.0,,,,,,,,,,,,,,,0.75,3.0,6.0,0.5,0.5,0.75,3.0,6.0,0.5,0.0,0.0,0.0,,,,,,,,,,,,,,,0.25,1.0,2.0,0.5,0.75,0.0,0.0,0.0,,0.25,1.0,2.0,0.5,0,1,0.0,0,0.0,0.0,,0.0,3,0.5,0,0.0,0,0.0,2,1.0,0.563,3,5,0.6,0.0,0.0,0.0,0.0,1.0,0.0,0.0,1.0,0.0,0.0,0.0,0.0,1,1,1.0,0.0,0.0,0.0,0.0,1.0,0.0,TOR,3,5,0.6,0.0,0.0,0.0,0.0,0.0,0.0,0.0,0.0,0.0,0.0,2.0,0.0,1.0,1.0,1.0,,,,,,,0.0,0.0,0.0,1,2,1.0,2.0,0.5,0.75,4.0,11.0,0.364,0.439,-0.075,1.0,3.0,0.333,0.372,-0.039,3.0,8.0,0.375,0.449,-0.074,2.0,2.0,1.0,0.6,0.4,3.0,4.0,0.75,0.518,0.232,1.0,5.0,0.2,0.361,-0.161,6.0,4.0,2.0,1.0,0.0,0.0,0.0,0.0,2.0,2.0,0.0,1.0,0.0,0.0,0.0,0.0,0.0,0.0,0.0,0.0,0.0,0,0,0,0,0.0,0.0,0,0.0,0,0.0,0,0.0,0,0.0,10390,2.0,1.1,0.9,4.39,4.63,4.12,2019,20190328,False
1626170,Jerian Grant,Jerian,1610612753,ORL,26.0,1,0,1,0.0,2.25,0,3,0.0,0,2,0.0,0,0,0.0,0,0,0,1,0,0,0,0,0,0,0,0,1.5,0,0,1.0,1,87,87,87,171,151,132,151,98,83,98,93,100,93,74,152,160,92,105,80,52,1,1,125,160,81,169,15,2,170,1,92,94.0,100.0,100.0,100.0,83.3,83.3,-6.0,16.7,16.7,1.0,0.0,25.0,0.0,0.0,0.0,0.0,0.0,0.0,0.0,0.6,0.564,110.08,117.33,97.78,117.33,-0.2,5,0.0,3.0,138,122,122,50,20,20,105,43,43,1,91,43,74,152,160,1,1,151,160,3,4,27,11,11,176,151,132,3,6,0.0,0,1,2,1,0.333,0.333,0,0,0,0.0,0,0,0.0,0,0.0,0,0.0,0,0.0,0,0.0,0,0.0,0,6,2,0.5,4.67,5.17,0.0,0,0,0,0.0,0.0,0.0,,,,,,,,,,,,,,,,,,,,,,,,,,,,,,,,,,,,,,,0.333,0.0,1.0,0.0,0.0,0.0,0.0,0.0,,0.333,0.0,1.0,0.0,0.333,0.0,1.0,0.0,0.0,0.333,0.0,1.0,0.0,0.0,0.0,0.0,,0.333,0.0,1.0,0.0,0.0,0.0,0.0,0.0,,0.333,0.0,1.0,0.0,0,2,0.0,0,0.0,1.0,0.0,0.0,0,0.0,0,0.0,0,0.0,0,0.0,0.0,0,0,0.0,0.0,0.0,0.0,0.0,1.0,0.0,0.0,1.0,0.0,,,,0,1,0.0,,,,0.0,1.0,0.0,ORL,0,0,0.0,0.0,0.0,0.0,0.0,0.0,0.0,,,,0.0,2.0,0.0,0.0,1.0,0.0,,,,,,,,,,0,1,0.0,1.0,0.0,0.0,2.0,2.0,1.0,0.496,0.505,1.0,1.0,1.0,0.317,0.683,1.0,1.0,1.0,0.635,0.365,1.0,1.0,1.0,0.81,0.19,1.0,1.0,1.0,0.708,0.292,1.0,1.0,1.0,0.344,0.656,1.0,0.0,1.0,0.0,0.0,0.0,0.0,0.0,0.0,0.0,0.0,0.0,0.0,0.0,0.0,0.0,0.0,0.0,0.0,0.0,0.0,0,0,0,0,0.0,0.0,0,0.0,0,0.0,0,0.0,0,0.0,817,0.2,0.1,0.1,4.89,6.2,4.02,2019,20190328,False
1629010,Jerome Robinson,Jerome,1610612746,LAC,22.0,1,0,1,0.0,21.716666666666665,3,5,0.6,2,4,0.5,1,1,1.0,0,2,2,1,1,1,1,0,2,1,9,-3,17.9,0,0,18.0,1,87,87,87,95,82,107,39,28,45,33,73,90,1,74,91,104,92,52,16,17,1,86,76,84,108,93,15,2,85,1,105,118.1,119.1,119.1,125.4,122.9,122.9,-7.3,-3.8,-3.8,0.059,1.0,14.3,0.0,0.095,0.045,14.3,13.4,0.8,0.827,0.122,0.13,104.37,104.99,87.49,104.99,0.08,47,3.0,5.0,58,52,52,151,141,141,113,96,96,123,58,98,74,104,121,143,138,25,23,136,136,57,58,58,95,82,107,22,21,0.0,0,3,2,1,0.045,0.045,2,1,1,1.0,1,1,1.0,3,1.5,1,0.5,1,0.5,0,0.0,0,0.0,9,30,17,1.2,2.45,1.87,0.3,0,0,0,0.0,0.0,0.0,0.0,0.0,0.0,0.0,0.0,0.0,0.0,0.0,0.0,2.0,0.0,6.0,0.333,3.0,0.667,5.3,0.0,2.0,0.0,6.0,0.333,3.0,0.667,5.3,,,,,,,,,,,,,,,0.2,1.0,1.0,1.0,1.0,0.2,1.0,1.0,1.0,0.0,0.0,0.0,,0.2,1.0,1.0,1.0,1.5,0.0,0.0,0.0,,0.2,1.0,1.0,1.0,0.6,1.0,3.0,0.333,0.5,0.0,0.0,0.0,,0.6,1.0,3.0,0.333,2,2,1.0,5,1.0,1.0,1.0,1.25,3,0.333,0,0.0,0,0.0,0,0.0,0.8,0,0,0.0,1.0,1.0,1.0,0.0,0.0,0.0,0.0,0.0,0.0,0.0,0.0,0.0,2,4,0.5,,,,0.0,0.0,0.0,LAC,0,0,0.0,0.0,0.0,0.0,1.0,1.0,1.0,0.0,0.0,0.0,0.0,0.0,0.0,2.0,4.0,0.5,,,,0.0,0.0,0.0,0.0,0.0,0.0,1,3,1.0,3.0,0.333,0.5,2.0,8.0,0.25,0.443,-0.193,0.0,3.0,0.0,0.363,-0.363,2.0,5.0,0.4,0.48,-0.08,1.0,2.0,0.5,0.549,-0.049,2.0,5.0,0.4,0.52,-0.12,0.0,3.0,0.0,0.369,-0.369,7.0,4.0,3.0,1.0,0.0,0.0,0.0,0.0,1.0,1.0,0.0,1.0,0.0,1.0,1.0,1.0,0.0,0.0,1.0,1.0,0.0,0,0,0,0,0.0,0.0,0,0.0,0,0.0,0,0.0,0,0.0,9095,1.7,1.0,0.7,4.37,5.46,3.4,2019,20190328,False
202710,Jimmy Butler III,Jimmy,1610612755,PHI,29.0,1,1,0,1.0,36.75,3,10,0.3,1,1,1.0,2,2,1.0,2,5,7,3,1,3,1,0,4,3,9,4,32.9,0,0,28.0,1,1,1,1,4,82,56,124,54,119,1,32,50,1,17,37,35,42,52,2,17,1,164,29,84,52,27,15,2,40,1,103,114.2,115.0,115.0,108.2,110.0,110.0,6.0,5.0,5.0,0.1,3.0,20.0,0.051,0.128,0.09,6.7,6.7,0.35,0.414,0.133,0.134,105.72,104.49,87.07,104.49,0.063,80,3.0,10.0,73,65,65,88,91,91,70,71,71,94,16,61,48,83,73,92,92,120,119,130,130,51,60,60,113,82,56,41,36,0.0,0,9,7,3,0.073,0.073,14,1,4,0.25,0,0,0.0,2,0.143,9,0.643,1,0.071,1,0.071,0,0.0,9,55,29,4.8,5.23,4.18,0.164,3,0,4,0.0,0.0,0.5,1.0,1.0,0.5,2.0,1.0,0.0,1.0,3.4,3.0,2.0,0.6,8.0,0.625,0.0,0.625,6.0,4.0,3.0,0.571,10.0,0.7,0.0,0.7,5.3,,,,,,,,,,,,,,,0.5,1.0,5.0,0.2,0.2,0.5,1.0,5.0,0.2,0.0,0.0,0.0,,0.4,1.0,4.0,0.25,0.25,0.4,1.0,4.0,0.25,0.0,0.0,0.0,,0.1,1.0,1.0,1.0,1.5,0.0,0.0,0.0,,0.1,1.0,1.0,1.0,0,3,0.0,0,0.0,0.0,,0.0,3,0.5,2,0.5,0,0.0,0,0.0,0.35,2,4,0.5,0.0,2.0,0.0,0.0,3.0,0.0,0.0,0.0,0.0,0.0,0.0,0.0,1,1,1.0,0.0,0.0,0.0,0.0,0.0,0.0,PHI,2,4,0.5,0.0,1.0,0.0,0.0,2.0,0.0,0.0,2.0,0.0,0.0,0.0,0.0,1.0,1.0,1.0,,,,,,,0.0,0.0,0.0,1,2,1.0,1.0,1.0,0.75,4.0,15.0,0.267,0.424,-0.157,1.0,5.0,0.2,0.358,-0.158,3.0,10.0,0.3,0.476,-0.176,2.0,5.0,0.4,0.529,-0.129,3.0,8.0,0.375,0.502,-0.127,1.0,5.0,0.2,0.37,-0.17,10.0,6.0,4.0,5.0,0.0,0.0,0.0,0.0,0.0,0.0,0.0,0.0,0.0,2.0,2.0,2.0,2.0,0.0,1.0,1.0,1.0,0,0,0,0,0.0,0.0,0,0.0,0,0.0,0,0.0,0,0.0,15198,2.9,1.6,1.3,4.46,4.71,4.2,2019,20190328,False
201975,Jodie Meeks,Jodie,1610612761,TOR,31.0,1,1,0,1.0,5.0,2,3,0.667,1,2,0.5,1,1,1.0,0,1,1,3,0,0,0,0,1,0,6,-3,11.7,0,0,11.0,1,1,1,1,161,102,132,22,54,83,33,73,90,1,74,120,126,42,105,80,52,1,41,125,103,108,124,15,2,122,1,101,151.8,141.7,141.7,167.2,181.8,181.8,-15.4,-40.2,-40.2,1.0,0.0,50.0,0.0,0.167,0.111,0.0,0.0,0.833,0.872,0.25,0.307,111.17,110.4,92.0,110.4,0.219,12,2.0,3.0,4,3,3,178,179,179,130,167,167,1,91,4,74,68,59,1,1,15,16,39,23,20,26,26,15,102,132,7,9,0.0,0,3,8,3,0.429,0.429,1,1,1,1.0,0,0,0.0,2,2.0,0,0.0,0,0.0,0,0.0,0,0.0,6,10,9,0.2,1.24,0.9,0.6,0,0,0,0.0,0.0,0.0,0.0,0.0,0.0,0.0,0.0,0.0,0.0,0.0,0.0,1.0,0.0,1.0,1.0,0.0,1.0,11.0,0.0,1.0,0.0,1.0,1.0,0.0,1.0,11.0,,,,,,,,,,,,,,,0.333,1.0,1.0,1.0,1.0,0.333,1.0,1.0,1.0,0.0,0.0,0.0,,,,,,,,,,,,,,,0.667,1.0,2.0,0.5,0.75,0.0,0.0,0.0,,0.667,1.0,2.0,0.5,0,0,,0,0.0,0.0,,,3,0.5,0,0.0,0,0.0,0,0.0,0.833,1,1,1.0,0.0,0.0,0.0,0.0,0.0,0.0,0.0,1.0,0.0,,,,1,1,1.0,,,,0.0,1.0,0.0,TOR,1,1,1.0,0.0,0.0,0.0,,,,0.0,0.0,0.0,0.0,1.0,0.0,1.0,1.0,1.0,,,,,,,,,,1,2,1.0,2.0,0.5,0.75,,,,,,,,,,,,,,,,,,,,,,,,,,,,,,,0.0,0.0,0.0,0.0,0.0,0.0,0.0,0.0,0.0,0.0,0.0,0.0,0.0,1.0,1.0,0.0,0.0,0.0,1.0,0.0,0.0,0,0,0,0,0.0,0.0,0,0.0,0,0.0,0,0.0,0,0.0,2078,0.4,0.2,0.2,4.51,4.43,4.6,2019,20190328,False
203925,Joe Harris,Joe,1610612751,BKN,27.0,1,0,1,0.0,31.7,8,12,0.667,4,6,0.667,2,2,1.0,0,3,3,1,0,0,1,0,4,1,22,-5,30.1,0,0,32.0,1,87,87,87,31,15,38,22,5,21,17,32,50,1,74,65,83,92,105,80,17,1,164,76,14,126,34,15,2,25,1,104,100.6,102.7,102.7,109.6,109.5,109.5,-9.0,-6.8,-6.8,0.05,0.0,7.7,0.0,0.081,0.041,0.0,0.0,0.833,0.854,0.141,0.152,113.17,112.05,93.38,112.05,0.142,74,8.0,12.0,120,118,118,96,89,89,116,110,110,130,91,125,74,110,129,1,1,15,19,124,122,12,20,20,46,15,38,32,34,0.0,0,2,2,1,0.031,0.031,5,1,3,0.333,0,0,0.0,2,0.4,1,0.2,1,0.2,0,0.0,0,0.0,22,45,34,1.4,1.89,0.87,0.489,0,0,2,0.0,0.0,2.0,0.0,0.0,0.0,0.0,0.0,0.0,0.0,0.0,2.0,1.0,0.667,5.0,0.6,0.0,0.6,6.0,2.0,1.0,0.667,5.0,0.6,0.0,0.6,6.0,1.0,0.083,1.0,1.0,1.0,1.0,0.083,1.0,1.0,1.0,0.0,0.0,0.0,,0.25,2.0,3.0,0.667,0.833,0.167,1.0,2.0,0.5,0.083,1.0,1.0,1.0,0.333,3.0,4.0,0.75,0.875,0.25,2.0,3.0,0.667,0.083,1.0,1.0,1.0,0.333,2.0,4.0,0.5,0.75,0.0,0.0,0.0,,0.333,2.0,4.0,0.5,0,2,0.0,0,0.0,1.0,0.0,0.0,12,0.8,4,1.0,0,0.0,0,0.0,0.833,3,4,0.75,1.0,2.0,0.5,0.0,0.0,0.0,0.0,0.0,0.0,0.0,0.0,0.0,4,6,0.667,0.0,0.0,0.0,0.0,0.0,0.0,BKN,3,4,0.75,1.0,2.0,0.5,0.0,0.0,0.0,0.0,0.0,0.0,1.0,1.0,1.0,3.0,5.0,0.6,,,,0.0,0.0,0.0,0.0,0.0,0.0,4,5,4.0,5.0,0.8,1.2,4.0,11.0,0.364,0.502,-0.139,1.0,3.0,0.333,0.368,-0.035,3.0,8.0,0.375,0.548,-0.173,2.0,3.0,0.667,0.658,0.009,2.0,5.0,0.4,0.604,-0.204,1.0,4.0,0.25,0.398,-0.148,8.0,7.0,1.0,0.0,0.0,0.0,0.0,1.0,0.0,1.0,1.0,0.0,0.0,5.0,5.0,3.0,0.0,0.0,1.0,0.75,0.0,0,0,0,0,0.0,0.0,0,0.0,0,0.0,0,0.0,0,0.0,14385,2.7,1.5,1.2,4.79,5.43,4.17,2019,20190328,False
203954,Joel Embiid,Joel,1610612755,PHI,25.0,1,1,0,1.0,27.783333333333335,12,20,0.6,3,4,0.75,12,16,0.75,3,10,13,6,2,3,1,0,3,10,39,14,73.6,1,0,69.0,1,1,1,1,62,2,6,39,12,45,15,2,1,58,8,5,5,11,22,2,17,1,124,1,1,19,1,1,2,1,1,103,121.5,120.3,120.3,94.8,94.0,94.0,26.8,26.3,26.3,0.375,3.0,16.7,0.111,0.278,0.206,5.6,5.7,0.675,0.721,0.429,0.425,112.16,113.16,94.3,113.16,0.372,64,12.0,20.0,43,46,46,40,36,36,30,24,24,11,16,79,22,25,15,84,86,50,45,7,8,16,16,16,4,2,6,52,52,0.0,0,7,14,6,0.115,0.115,7,1,2,0.5,4,6,0.667,6,0.857,1,0.143,0,0.0,1,0.143,3,0.429,39,86,49,2.7,1.86,0.8,0.453,12,6,10,0.167,0.833,1.3,2.0,1.0,0.667,6.0,0.5,0.0,0.5,2.2,3.0,7.0,0.3,12.0,0.833,1.0,0.909,5.5,5.0,8.0,0.385,17.0,0.765,1.0,0.813,4.7,1.0,0.15,2.0,3.0,0.667,0.667,0.15,2.0,3.0,0.667,0.0,0.0,0.0,,0.35,4.0,7.0,0.571,0.571,0.35,4.0,7.0,0.571,0.0,0.0,0.0,,0.2,3.0,4.0,0.75,0.75,0.2,3.0,4.0,0.75,0.0,0.0,0.0,,0.3,3.0,6.0,0.5,0.75,0.1,0.0,2.0,0.0,0.2,3.0,4.0,0.75,3,5,0.6,8,2.0,2.0,1.0,0.8,3,0.2,13,0.667,5,1.0,2,0.0,0.675,8,9,0.889,1.0,3.0,0.333,0.0,4.0,0.0,1.0,1.0,1.0,0.0,0.0,0.0,2,3,0.667,0.0,0.0,0.0,1.0,1.0,1.0,PHI,8,9,0.889,1.0,3.0,0.333,0.0,0.0,0.0,0.0,3.0,0.0,1.0,2.0,0.5,2.0,3.0,0.667,,,,0.0,0.0,0.0,0.0,0.0,0.0,1,4,1.0,2.0,0.5,0.375,10.0,21.0,0.476,0.464,0.012,3.0,6.0,0.5,0.338,0.163,7.0,15.0,0.467,0.524,-0.057,6.0,13.0,0.462,0.568,-0.107,7.0,14.0,0.5,0.548,-0.048,3.0,6.0,0.5,0.343,0.157,7.0,5.0,2.0,3.0,0.0,1.0,3.0,0.0,1.0,1.0,0.0,1.0,0.0,3.0,3.0,3.0,1.0,0.0,1.0,1.0,0.333,1,1,3,4,0.75,0.833,2,0.333,1,0.167,0,0.0,2,0.333,10666,2.0,1.1,1.0,3.99,4.69,3.76,2019,20190328,False
203098,John Jenkins,John,1610612752,NYK,28.0,1,0,1,0.0,12.0,0,4,0.0,0,1,0.0,2,2,1.0,0,1,1,1,0,0,0,0,0,1,2,-2,4.7,0,0,4.0,1,87,87,87,144,151,117,151,98,119,98,32,50,1,74,120,126,92,105,80,52,1,1,76,144,102,157,15,2,155,1,101,108.4,112.0,112.0,114.5,115.4,115.4,-6.1,-3.4,-3.4,0.111,0.0,16.7,0.0,0.111,0.04,0.0,0.0,0.0,0.205,0.172,0.169,104.08,102.0,85.0,102.0,0.0,25,0.0,4.0,100,75,75,112,111,111,109,95,95,88,91,79,74,91,132,1,1,151,155,100,108,60,84,84,156,151,117,8,12,0.0,1,2,3,2,0.125,0.25,3,0,2,0.0,2,2,1.0,2,0.667,0,0.0,0,0.0,0,0.0,1,0.333,2,13,12,0.7,3.09,2.92,0.154,0,0,0,0.0,0.0,0.0,0.0,0.0,0.0,0.0,0.0,0.0,0.0,0.0,0.0,1.0,0.0,2.0,0.5,0.0,0.5,10.4,0.0,1.0,0.0,2.0,0.5,0.0,0.5,10.4,,,,,,,,,,,,,,,0.5,0.0,2.0,0.0,0.0,0.5,0.0,2.0,0.0,0.0,0.0,0.0,,0.25,0.0,1.0,0.0,0.0,0.25,0.0,1.0,0.0,0.0,0.0,0.0,,0.25,0.0,1.0,0.0,0.0,0.0,0.0,0.0,,0.25,0.0,1.0,0.0,0,4,0.0,0,0.0,1.0,0.0,0.0,0,0.0,0,0.0,0,0.0,0,0.0,0.0,0,0,0.0,0.0,0.0,0.0,0.0,3.0,0.0,0.0,0.0,0.0,0.0,0.0,0.0,0,1,0.0,,,,0.0,0.0,0.0,NYK,0,0,0.0,0.0,0.0,0.0,0.0,0.0,0.0,0.0,3.0,0.0,0.0,0.0,0.0,0.0,1.0,0.0,,,,,,,,,,0,0,0.0,0.0,,,2.0,2.0,1.0,0.481,0.519,,,,,,2.0,2.0,1.0,0.548,0.453,2.0,2.0,1.0,0.622,0.379,2.0,2.0,1.0,0.577,0.423,,,,,,2.0,1.0,1.0,0.0,0.0,0.0,0.0,1.0,0.0,1.0,1.0,0.0,0.0,0.0,0.0,0.0,0.0,0.0,0.0,0.0,0.0,0,0,0,0,0.0,0.0,0,0.0,0,0.0,0,0.0,0,0.0,4612,0.9,0.5,0.4,4.27,4.57,3.93,2019,20190328,False
1628405,Johnathan Motley,Johnathan,1610612746,LAC,24.0,1,0,1,0.0,1.1666666666666667,0,0,0.0,0,0,0.0,0,0,0.0,0,1,1,1,0,0,0,0,0,0,0,4,2.7,0,0,2.0,1,87,87,87,175,151,172,151,98,141,98,93,100,93,74,120,126,92,105,80,52,1,1,125,160,52,168,15,2,167,1,105,138.9,133.3,133.3,0.0,0.0,0.0,138.9,133.3,133.3,1.0,0.0,100.0,0.0,1.0,0.5,0.0,0.0,0.0,0.0,0.0,0.0,120.96,123.43,102.86,123.43,0.571,3,0.0,0.0,11,12,12,1,1,1,1,1,1,1,91,1,74,1,1,1,1,151,160,175,175,1,3,3,2,151,172,1,0,0.0,0,0,2,1,1.0,1.0,0,0,0,0.0,0,0,0.0,0,0.0,0,0.0,0,0.0,0,0.0,0,0.0,0,1,0,0.1,5.92,5.0,0.0,0,0,0,0.0,0.0,0.0,0.0,0.0,0.0,0.0,0.0,0.0,0.0,0.0,0.0,1.0,0.0,1.0,1.0,0.0,1.0,6.7,0.0,1.0,0.0,1.0,1.0,0.0,1.0,6.7,,,,,,,,,,,,,,,,,,,,,,,,,,,,,,,,,,,,,,,,,,,,,,,,,,,,,,0,0,,0,,,,,0,0.0,0,0.0,0,0.0,0,0.0,0.0,0,0,0.0,0.0,0.0,0.0,0.0,0.0,0.0,,,,,,,0,0,0.0,,,,,,,LAC,0,0,0.0,,,,0.0,0.0,0.0,,,,,,,,,,,,,,,,0.0,0.0,0.0,0,0,,,,,,,,,,,,,,,,,,,,,,,,,,,,,,,,,,,,,,,,,,,,,,,,,,,,,,,,0,0,0,0,0.0,0.0,0,0.0,0,0.0,0,0.0,0,0.0,375,0.1,0.0,0.0,4.46,0.0,0.0,2019,20190328,False
202720,Jon Leuer,Jon,1610612765,DET,30.0,1,1,0,1.0,0.5983333333333334,1,1,1.0,0,0,0.0,0,0,0.0,1,0,1,0,0,0,0,0,0,0,2,0,3.2,0,0,3.0,1,1,1,1,179,125,161,1,98,141,98,93,100,93,42,152,126,138,105,80,52,1,1,125,144,81,162,15,2,162,1,92,200.0,100.0,100.0,100.0,100.0,100.0,100.0,0.0,0.0,0.0,0.0,0.0,1.0,0.0,0.5,0.0,0.0,1.0,1.0,0.333,0.5,120.33,160.45,133.7,160.45,0.556,2,1.0,1.0,1,122,122,50,48,48,3,80,80,138,91,138,1,152,1,1,1,8,9,14,5,5,1,1,3,125,161,1,0,0.0,0,1,0,0,0.0,0.0,0,0,0,0.0,0,0,0.0,0,0.0,0,0.0,0,0.0,0,0.0,0,0.0,2,2,1,0.0,0.98,0.0,1.0,0,0,1,0.0,0.0,2.0,0.0,1.0,0.0,1.0,1.0,0.0,1.0,1.6,0.0,0.0,0.0,0.0,0.0,0.0,0.0,0.0,0.0,1.0,0.0,1.0,1.0,0.0,1.0,1.6,,,,,,,,,,,,,,,1.0,1.0,1.0,1.0,1.0,1.0,1.0,1.0,1.0,0.0,0.0,0.0,,,,,,,,,,,,,,,,,,,,,,,,,,,,0,0,,0,,,,,0,0.0,2,1.0,0,0.0,0,0.0,1.0,1,1,1.0,,,,0.0,0.0,0.0,,,,,,,0,0,0.0,,,,,,,DET,1,1,1.0,,,,0.0,0.0,0.0,,,,,,,0.0,0.0,0.0,,,,,,,,,,0,0,,,,,1.0,1.0,1.0,0.625,0.375,,,,,,1.0,1.0,1.0,0.625,0.375,1.0,1.0,1.0,0.714,0.286,1.0,1.0,1.0,0.625,0.375,,,,,,1.0,1.0,0.0,0.0,0.0,0.0,0.0,0.0,0.0,0.0,0.0,0.0,1.0,0.0,1.0,1.0,1.0,1.0,0.0,1.0,1.0,0,0,0,0,0.0,0.0,0,0.0,0,0.0,0,0.0,0,0.0,260,0.0,0.0,0.0,0.0,0.0,0.0,2019,20190328,False
1628371,Jonathan Isaac,Jonathan,1610612753,ORL,21.0,1,0,1,0.0,28.616666666666667,4,14,0.286,2,7,0.286,0,0,0.0,5,3,8,0,0,1,0,2,2,0,10,-21,22.6,0,0,22.0,1,87,87,87,54,63,23,129,28,13,81,93,100,93,3,65,24,138,105,16,52,169,86,125,76,173,61,15,2,63,1,92,90.4,100.0,100.0,136.8,139.6,139.6,-46.4,-39.6,-39.6,0.0,0.0,0.0,0.114,0.143,0.123,0.0,0.0,0.357,0.357,0.189,0.196,94.5,88.9,74.08,88.9,0.042,53,4.0,14.0,151,122,122,167,173,173,169,165,165,138,91,138,21,74,54,1,1,119,133,83,85,170,175,175,130,63,23,36,24,1.0,1,5,2,2,0.0,0.056,1,0,0,0.0,0,0,0.0,0,0.0,1,1.0,0,0.0,0,0.0,0,0.0,10,50,27,1.1,1.26,0.34,0.2,3,0,5,0.667,0.0,0.8,2.0,3.0,0.4,10.0,0.5,0.0,0.5,7.4,0.0,3.0,0.0,6.0,0.5,0.0,0.5,5.0,2.0,6.0,0.25,15.0,0.533,0.0,0.533,6.5,1.0,0.143,0.0,2.0,0.0,0.0,0.143,0.0,2.0,0.0,0.0,0.0,0.0,,0.286,2.0,4.0,0.5,0.5,0.286,2.0,4.0,0.5,0.0,0.0,0.0,,0.214,2.0,3.0,0.667,1.0,0.0,0.0,0.0,,0.214,2.0,3.0,0.667,0.357,0.0,5.0,0.0,0.0,0.071,0.0,1.0,0.0,0.286,0.0,4.0,0.0,1,2,0.5,3,1.0,1.0,1.0,0.75,3,0.167,4,0.5,0,0.0,2,0.5,0.357,2,6,0.333,0.0,0.0,0.0,0.0,1.0,0.0,1.0,3.0,0.333,0.0,1.0,0.0,1,3,0.333,0.0,0.0,0.0,1.0,4.0,0.25,ORL,2,6,0.333,0.0,0.0,0.0,0.0,0.0,0.0,0.0,0.0,0.0,1.0,5.0,0.2,1.0,3.0,0.333,,,,,,,0.0,0.0,0.0,1,6,1.0,6.0,0.167,0.25,6.0,8.0,0.75,0.4,0.35,3.0,5.0,0.6,0.336,0.264,3.0,3.0,1.0,0.467,0.533,1.0,1.0,1.0,0.524,0.476,2.0,2.0,1.0,0.517,0.483,4.0,6.0,0.667,0.348,0.319,5.0,2.0,3.0,1.0,0.0,1.0,2.0,0.0,0.0,0.0,0.0,0.0,0.0,1.0,1.0,0.0,0.0,0.0,1.0,0.0,0.0,0,0,0,0,0.0,0.0,0,0.0,0,0.0,0,0.0,0,0.0,11271,2.1,1.2,0.9,4.13,4.53,3.71,2019,20190328,False
203903,Jordan Clarkson,Jordan,1610612739,CLE,27.0,1,0,1,0.0,21.008333333333333,4,15,0.267,1,4,0.25,1,2,0.5,3,3,6,3,2,1,0,1,2,3,10,3,22.7,0,0,22.0,1,87,87,87,99,63,18,132,54,45,82,73,50,75,8,65,39,42,22,16,52,122,86,29,76,59,60,15,2,63,1,97,119.2,115.6,115.6,114.1,114.0,114.0,5.1,1.6,1.6,0.176,1.5,14.3,0.111,0.188,0.14,9.5,9.6,0.3,0.315,0.321,0.34,98.93,100.53,83.78,100.53,0.027,45,4.0,15.0,52,64,64,109,107,107,74,77,77,57,43,98,22,58,47,111,112,133,143,17,16,117,103,103,141,63,18,24,35,0.0,0,3,7,3,0.125,0.125,12,3,7,0.429,1,2,0.5,7,0.583,2,0.167,0,0.0,0,0.0,1,0.083,10,45,24,3.5,4.61,4.33,0.222,1,0,2,0.0,0.0,0.0,1.0,2.0,0.333,6.0,0.5,0.0,0.5,9.8,0.0,3.0,0.0,3.0,1.0,0.0,1.0,9.6,1.0,5.0,0.167,9.0,0.667,0.0,0.667,9.7,,,,,,,,,,,,,,,0.333,1.0,5.0,0.2,0.2,0.333,1.0,5.0,0.2,0.0,0.0,0.0,,0.467,3.0,7.0,0.429,0.5,0.333,2.0,5.0,0.4,0.133,1.0,2.0,0.5,0.2,0.0,3.0,0.0,0.0,0.067,0.0,1.0,0.0,0.133,0.0,2.0,0.0,2,5,0.4,5,1.0,2.0,0.5,0.5,0,0.0,0,0.0,0,0.0,0,0.0,0.3,1,5,0.2,1.0,3.0,0.333,1.0,3.0,0.333,0.0,0.0,0.0,0.0,3.0,0.0,1,1,1.0,0.0,0.0,0.0,0.0,3.0,0.0,CLE,1,5,0.2,1.0,3.0,0.333,1.0,1.0,1.0,0.0,2.0,0.0,0.0,3.0,0.0,1.0,1.0,1.0,0.0,0.0,0.0,0.0,0.0,0.0,0.0,0.0,0.0,0,4,0.0,2.0,0.0,0.0,2.0,4.0,0.5,0.413,0.087,0.0,1.0,0.0,0.38,-0.38,2.0,3.0,0.667,0.462,0.205,2.0,2.0,1.0,0.551,0.449,2.0,2.0,1.0,0.532,0.468,0.0,2.0,0.0,0.378,-0.378,3.0,2.0,1.0,2.0,0.0,0.0,0.0,1.0,0.0,1.0,1.0,0.0,1.0,0.0,1.0,0.0,0.0,1.0,0.0,0.0,0.0,0,0,0,0,0.0,0.0,0,0.0,0,0.0,0,0.0,0,0.0,8452,1.6,0.9,0.7,4.26,4.42,4.06,2019,20190328,False
1627823,Juancho Hernangomez,Juancho,1610612743,DEN,23.0,1,0,1,0.0,14.6,0,1,0.0,0,0,0.0,0,0,0.0,0,0,0,0,0,0,0,0,1,0,0,-10,0.0,0,0,0.0,1,87,87,87,136,151,161,151,98,141,98,93,100,93,74,152,160,138,105,80,52,1,41,125,160,150,174,15,2,174,1,94,71.1,75.9,75.9,108.0,106.7,106.7,-36.9,-30.8,-30.8,0.0,0.0,0.0,0.0,0.0,0.0,0.0,0.0,0.0,0.0,0.03,0.03,99.62,96.99,80.82,96.99,-0.054,29,0.0,1.0,170,168,168,85,76,76,162,156,156,138,91,138,74,152,160,1,1,151,160,174,174,108,129,129,169,151,161,13,6,0.0,0,0,0,0,0.0,0.0,0,0,0,0.0,0,0,0.0,0,0.0,0,0.0,0,0.0,0,0.0,0,0.0,0,15,7,0.4,1.62,0.2,0.0,0,0,1,0.0,0.0,0.0,,,,,,,,,,,,,,,,,,,,,,,,,,,,,,,,,,,,,,,1.0,0.0,1.0,0.0,0.0,1.0,0.0,1.0,0.0,0.0,0.0,0.0,,,,,,,,,,,,,,,,,,,,,,,,,,,,0,0,,0,,,,,0,0.0,0,0.0,0,0.0,0,0.0,0.0,0,1,0.0,0.0,0.0,0.0,0.0,0.0,0.0,0.0,0.0,0.0,0.0,0.0,0.0,0,0,0.0,,,,0.0,0.0,0.0,DEN,0,1,0.0,0.0,0.0,0.0,0.0,0.0,0.0,0.0,0.0,0.0,0.0,0.0,0.0,0.0,0.0,0.0,0.0,0.0,0.0,0.0,0.0,0.0,0.0,0.0,0.0,0,0,,,,,2.0,6.0,0.333,0.407,-0.074,0.0,2.0,0.0,0.314,-0.314,2.0,4.0,0.5,0.395,0.105,2.0,4.0,0.5,0.452,0.049,2.0,4.0,0.5,0.436,0.065,0.0,2.0,0.0,0.315,-0.315,3.0,1.0,2.0,0.0,0.0,0.0,0.0,0.0,0.0,0.0,0.0,0.0,0.0,0.0,0.0,0.0,0.0,0.0,0.0,0.0,0.0,0,0,0,0,0.0,0.0,0,0.0,0,0.0,0,0.0,0,0.0,6157,1.2,0.6,0.5,4.59,4.74,3.71,2019,20190328,False
203944,Julius Randle,Julius,1610612740,NOP,24.0,1,1,0,1.0,31.183333333333334,12,25,0.48,3,5,0.6,7,7,1.0,4,7,11,3,3,0,0,2,3,5,34,10,48.7,1,0,51.0,1,1,1,1,35,2,1,84,12,31,27,4,5,1,6,20,9,42,6,80,52,169,124,10,4,28,10,1,2,6,1,105,109.0,109.6,109.6,99.0,97.2,97.2,10.0,12.4,12.4,0.158,1.0,8.8,0.114,0.194,0.155,8.8,8.8,0.54,0.605,0.383,0.391,110.92,111.6,93.0,111.6,0.183,73,12.0,25.0,94,89,89,48,43,43,54,53,53,64,58,123,20,54,38,108,108,78,75,9,10,23,22,22,30,2,1,41,54,0.0,0,5,8,3,0.073,0.073,14,6,10,0.6,2,2,1.0,14,1.0,2,0.143,1,0.071,1,0.071,1,0.071,34,73,48,4.0,3.26,2.22,0.466,5,7,6,0.0,1.0,0.833,3.0,0.0,0.75,7.0,0.571,0.0,0.571,2.5,3.0,4.0,0.429,10.0,0.7,1.0,0.778,4.5,6.0,4.0,0.545,17.0,0.647,1.0,0.688,3.9,1.0,0.25,3.0,6.0,0.5,0.5,0.25,3.0,6.0,0.5,0.0,0.0,0.0,,0.458,5.0,11.0,0.455,0.455,0.458,5.0,11.0,0.455,0.0,0.0,0.0,,0.208,3.0,5.0,0.6,0.9,0.042,0.0,1.0,0.0,0.167,3.0,4.0,0.75,0.083,1.0,2.0,0.5,0.5,0.042,1.0,1.0,1.0,0.042,0.0,1.0,0.0,2,4,0.5,5,1.0,2.0,0.5,0.625,6,0.667,5,0.4,7,0.5,0,0.0,0.54,7,15,0.467,1.0,3.0,0.333,1.0,2.0,0.5,0.0,0.0,0.0,1.0,1.0,1.0,2,4,0.5,0.0,0.0,0.0,1.0,1.0,1.0,NOP,7,16,0.438,1.0,2.0,0.5,0.0,0.0,0.0,1.0,2.0,0.5,2.0,2.0,1.0,1.0,3.0,0.333,0.0,0.0,0.0,,,,0.0,0.0,0.0,2,3,2.0,3.0,0.667,1.0,6.0,18.0,0.333,0.478,-0.145,1.0,7.0,0.143,0.391,-0.248,5.0,11.0,0.455,0.508,-0.054,1.0,3.0,0.333,0.584,-0.25,2.0,6.0,0.333,0.549,-0.216,3.0,10.0,0.3,0.396,-0.096,14.0,8.0,6.0,0.0,0.0,0.0,0.0,0.0,0.0,0.0,0.0,0.0,0.0,6.0,6.0,4.0,0.0,0.0,1.0,1.0,0.0,1,2,6,6,1.0,1.0,2,0.286,0,0.0,0,0.0,2,0.286,11227,2.1,1.1,1.0,3.79,3.69,3.9,2019,20190328,False
1628382,Justin Jackson,Justin,1610612742,DAL,24.0,1,0,1,0.0,32.778333333333336,6,10,0.6,2,3,0.667,0,0,0.0,1,3,4,2,0,2,0,0,1,0,14,-2,27.8,0,0,26.0,1,87,87,87,19,33,56,39,28,61,17,93,100,93,42,65,63,62,105,8,52,1,41,125,46,102,44,15,2,44,1,101,90.5,90.0,90.0,94.6,94.2,94.2,-4.1,-4.2,-4.2,0.118,0.0,16.7,0.026,0.081,0.053,0.0,0.0,0.7,0.7,0.133,0.134,101.28,101.77,84.81,101.77,0.15,70,6.0,10.0,150,151,151,39,37,37,97,98,98,85,91,79,70,110,111,1,1,45,52,130,131,84,88,88,39,33,56,29,27,0.0,0,5,4,2,0.069,0.069,4,1,3,0.333,0,0,0.0,2,0.5,1,0.25,1,0.25,0,0.0,0,0.0,14,41,30,1.1,1.63,0.68,0.341,1,0,1,0.0,0.0,2.0,0.0,1.0,0.0,2.0,0.5,0.0,0.5,4.2,1.0,2.0,0.333,5.0,0.6,0.0,0.6,4.9,1.0,3.0,0.25,7.0,0.571,0.0,0.571,4.7,1.0,0.1,0.0,1.0,0.0,0.0,0.1,0.0,1.0,0.0,0.0,0.0,0.0,,0.5,3.0,5.0,0.6,0.6,0.5,3.0,5.0,0.6,0.0,0.0,0.0,,,,,,,,,,,,,,,0.4,3.0,4.0,0.75,1.0,0.1,1.0,1.0,1.0,0.3,2.0,3.0,0.667,1,1,1.0,2,0.0,0.0,,1.0,6,0.667,2,1.0,0,0.0,0,0.0,0.7,3,5,0.6,1.0,2.0,0.5,0.0,0.0,0.0,0.0,1.0,0.0,2.0,2.0,1.0,0,0,0.0,0.0,0.0,0.0,2.0,3.0,0.667,DAL,3,5,0.6,1.0,2.0,0.5,0.0,0.0,0.0,0.0,0.0,0.0,2.0,3.0,0.667,0.0,0.0,0.0,0.0,0.0,0.0,,,,0.0,0.0,0.0,2,3,2.0,3.0,0.667,1.0,4.0,14.0,0.286,0.423,-0.137,3.0,9.0,0.333,0.356,-0.023,1.0,5.0,0.2,0.498,-0.298,1.0,4.0,0.25,0.596,-0.346,1.0,4.0,0.25,0.556,-0.306,3.0,10.0,0.3,0.364,-0.064,9.0,2.0,7.0,2.0,0.0,0.0,0.0,0.0,0.0,0.0,0.0,0.0,0.0,1.0,1.0,1.0,1.0,0.0,1.0,1.0,1.0,0,0,0,0,0.0,0.0,0,0.0,0,0.0,0,0.0,0,0.0,13311,2.5,1.4,1.1,4.27,4.61,3.91,2019,20190328,False
1628443,Kadeem Allen,Kadeem,1610612752,NYK,26.0,1,0,1,0.0,18.811666666666667,6,9,0.667,1,2,0.5,5,5,1.0,0,1,1,2,4,0,1,0,4,2,18,7,21.2,0,0,24.0,1,87,87,87,114,33,68,22,54,83,33,8,13,1,74,120,126,62,3,80,17,1,164,51,23,41,69,15,2,51,1,101,113.0,117.5,117.5,103.3,100.0,100.0,9.7,17.5,17.5,0.2,0.5,11.8,0.0,0.05,0.025,23.5,23.3,0.722,0.804,0.319,0.326,102.47,102.06,85.05,102.06,0.148,40,6.0,9.0,77,56,56,66,48,48,57,41,41,46,84,113,74,137,151,172,171,42,27,19,18,73,83,83,42,33,68,28,39,0.0,1,2,4,3,0.071,0.107,16,5,7,0.714,2,2,1.0,12,0.75,5,0.313,1,0.063,3,0.188,1,0.063,18,43,19,3.2,4.52,4.28,0.419,0,0,0,0.0,0.0,0.0,0.0,0.0,0.0,3.0,0.0,0.0,0.0,0.0,0.0,1.0,0.0,3.0,0.333,0.0,0.333,10.8,0.0,1.0,0.0,6.0,0.167,0.0,0.167,10.8,1.0,0.111,1.0,1.0,1.0,1.0,0.111,1.0,1.0,1.0,0.0,0.0,0.0,,0.667,4.0,6.0,0.667,0.667,0.667,4.0,6.0,0.667,0.0,0.0,0.0,,0.111,1.0,1.0,1.0,1.5,0.0,0.0,0.0,,0.111,1.0,1.0,1.0,0.111,0.0,1.0,0.0,0.0,0.0,0.0,0.0,,0.111,0.0,1.0,0.0,1,3,0.333,2,0.0,0.0,,0.333,3,0.5,0,0.0,0,0.0,0,0.0,0.722,3,3,1.0,2.0,3.0,0.667,0.0,1.0,0.0,0.0,0.0,0.0,0.0,0.0,0.0,1,2,0.5,,,,0.0,0.0,0.0,NYK,3,3,1.0,2.0,3.0,0.667,0.0,0.0,0.0,0.0,1.0,0.0,1.0,1.0,1.0,0.0,1.0,0.0,,,,,,,,,,1,2,1.0,2.0,0.5,0.75,2.0,5.0,0.4,0.43,-0.03,0.0,2.0,0.0,0.349,-0.349,2.0,3.0,0.667,0.52,0.146,2.0,2.0,1.0,0.601,0.4,2.0,2.0,1.0,0.578,0.423,0.0,2.0,0.0,0.354,-0.354,5.0,3.0,2.0,1.0,0.0,0.0,0.0,0.0,0.0,0.0,0.0,0.0,1.0,2.0,3.0,2.0,0.0,0.333,0.667,0.667,0.0,0,0,0,0,0.0,0.0,0,0.0,0,0.0,0,0.0,0,0.0,7592,1.4,0.8,0.7,4.19,5.12,3.92,2019,20190328,False
203482,Kelly Olynyk,Kelly,1610612748,MIA,28.0,1,1,0,1.0,23.968333333333334,2,6,0.333,0,2,0.0,3,3,1.0,0,5,5,2,1,0,0,1,3,3,7,1,15.0,0,0,14.0,1,1,1,1,83,102,98,108,98,83,98,21,35,1,74,37,46,62,52,80,52,122,124,29,98,72,108,15,2,108,1,102,105.3,107.7,107.7,103.6,103.8,103.8,1.7,3.9,3.9,0.105,2.0,20.0,0.0,0.185,0.096,10.0,9.7,0.333,0.478,0.14,0.146,106.38,105.14,87.62,105.14,0.056,52,2.0,6.0,108,100,100,67,66,66,83,73,73,91,27,61,74,59,68,112,113,124,108,125,126,43,56,56,119,102,98,25,16,0.0,0,3,4,2,0.08,0.08,2,0,1,0.0,0,0,0.0,0,0.0,0,0.0,0,0.0,1,0.5,0,0.0,7,34,16,0.9,1.56,0.71,0.206,1,1,2,2.0,3.0,1.0,0.0,0.0,0.0,4.0,0.0,0.0,0.0,0.0,0.0,5.0,0.0,9.0,0.556,0.0,0.556,8.0,0.0,5.0,0.0,13.0,0.385,0.0,0.385,8.0,1.0,0.333,1.0,2.0,0.5,0.5,0.333,1.0,2.0,0.5,0.0,0.0,0.0,,0.167,0.0,1.0,0.0,0.0,0.167,0.0,1.0,0.0,0.0,0.0,0.0,,,,,,,,,,,,,,,0.5,1.0,3.0,0.333,0.333,0.167,1.0,1.0,1.0,0.333,0.0,2.0,0.0,0,0,,0,0.0,0.0,,,2,0.333,2,1.0,3,1.0,2,1.0,0.333,0,2,0.0,1.0,1.0,1.0,1.0,1.0,1.0,0.0,1.0,0.0,0.0,0.0,0.0,0,1,0.0,,,,0.0,1.0,0.0,MIA,0,2,0.0,1.0,1.0,1.0,0.0,0.0,0.0,1.0,1.0,1.0,0.0,2.0,0.0,0.0,0.0,0.0,0.0,0.0,0.0,,,,,,,1,3,0.0,2.0,0.0,0.333,5.0,12.0,0.417,0.451,-0.035,0.0,6.0,0.0,0.354,-0.354,5.0,6.0,0.833,0.549,0.285,4.0,4.0,1.0,0.699,0.302,4.0,4.0,1.0,0.676,0.324,1.0,8.0,0.125,0.37,-0.245,6.0,2.0,4.0,0.0,0.0,2.0,4.0,0.0,0.0,0.0,0.0,0.0,0.0,1.0,1.0,1.0,0.0,0.0,1.0,1.0,0.0,1,1,1,1,1.0,3.0,0,0.0,0,0.0,0,0.0,0,0.0,9796,1.9,1.0,0.9,4.49,5.17,3.91,2019,20190328,False
1629026,Kenrich Williams,Kenrich,1610612740,NOP,24.0,1,1,0,1.0,31.9,2,9,0.222,1,6,0.167,0,0,0.0,1,4,5,3,0,1,1,1,1,2,5,9,21.5,0,0,18.0,1,1,1,1,27,102,68,143,54,21,93,93,100,93,42,48,46,42,105,16,17,122,41,51,114,33,68,15,2,85,1,105,111.7,112.5,112.5,102.7,102.9,102.9,9.0,9.6,9.6,0.097,0.0,25.0,0.029,0.125,0.076,0.0,0.0,0.278,0.278,0.117,0.118,107.29,106.83,89.03,106.83,0.039,72,2.0,9.0,81,71,71,65,61,61,60,57,57,100,91,43,64,84,84,1,1,136,148,140,144,40,44,44,133,102,68,26,21,0.0,0,2,8,3,0.115,0.115,0,0,0,0.0,0,0,0.0,0,0.0,0,0.0,0,0.0,0,0.0,0,0.0,5,36,22,1.1,1.84,1.17,0.139,1,0,1,0.0,0.0,0.0,0.0,1.0,0.0,5.0,0.2,0.0,0.2,26.7,1.0,3.0,0.25,8.0,0.5,2.0,0.667,5.2,1.0,4.0,0.2,13.0,0.385,2.0,0.455,9.5,1.0,0.111,1.0,1.0,1.0,1.0,0.111,1.0,1.0,1.0,0.0,0.0,0.0,,0.222,0.0,2.0,0.0,0.0,0.222,0.0,2.0,0.0,0.0,0.0,0.0,,0.222,0.0,2.0,0.0,0.0,0.0,0.0,0.0,,0.222,0.0,2.0,0.0,0.444,1.0,4.0,0.25,0.375,0.0,0.0,0.0,,0.444,1.0,4.0,0.25,0,0,,0,0.0,0.0,,,3,0.167,0,0.0,0,0.0,0,0.0,0.278,1,3,0.333,0.0,0.0,0.0,0.0,0.0,0.0,0.0,1.0,0.0,0.0,1.0,0.0,1,4,0.25,0.0,0.0,0.0,0.0,2.0,0.0,NOP,1,3,0.333,0.0,0.0,0.0,0.0,0.0,0.0,0.0,0.0,0.0,0.0,4.0,0.0,1.0,2.0,0.5,,,,,,,0.0,0.0,0.0,1,6,1.0,6.0,0.167,0.25,6.0,13.0,0.462,0.439,0.022,3.0,4.0,0.75,0.376,0.375,3.0,9.0,0.333,0.467,-0.134,2.0,5.0,0.4,0.578,-0.178,2.0,5.0,0.4,0.529,-0.129,3.0,5.0,0.6,0.387,0.213,13.0,9.0,4.0,2.0,0.0,0.0,0.0,1.0,2.0,3.0,0.333,0.667,0.0,1.0,1.0,1.0,0.0,0.0,1.0,1.0,0.0,0,0,0,0,0.0,0.0,0,0.0,0,0.0,0,0.0,0,0.0,13560,2.6,1.4,1.2,4.58,4.61,4.55,2019,20190328,False
1628995,Kevin Knox II,Kevin,1610612752,NYK,19.0,1,0,1,0.0,26.916666666666668,3,10,0.3,2,5,0.4,1,4,0.25,1,2,3,1,2,1,2,1,2,3,9,-23,21.1,0,0,21.0,1,87,87,87,68,82,56,124,28,31,59,73,18,90,42,91,83,92,22,16,4,122,86,29,84,175,70,15,2,71,1,101,77.9,79.3,79.3,119.8,116.9,116.9,-41.9,-37.6,-37.6,0.077,0.5,6.7,0.029,0.067,0.046,13.3,13.6,0.4,0.383,0.206,0.205,104.0,104.32,86.93,104.32,0.005,58,3.0,10.0,165,166,166,127,120,120,167,164,164,113,84,128,67,123,120,137,143,109,126,68,75,62,62,62,154,82,56,22,23,0.0,1,3,3,2,0.045,0.091,7,1,2,0.5,0,2,0.0,2,0.286,3,0.429,0,0.0,1,0.143,1,0.143,9,36,30,1.1,1.9,0.97,0.25,0,1,0,0.0,0.0,0.0,1.0,0.0,1.0,1.0,1.0,0.0,1.0,22.0,1.0,1.0,0.5,6.0,0.333,1.0,0.4,4.3,2.0,1.0,0.667,7.0,0.429,1.0,0.5,10.2,1.0,0.2,0.0,2.0,0.0,0.0,0.1,0.0,1.0,0.0,0.1,0.0,1.0,0.0,0.3,1.0,3.0,0.333,0.333,0.3,1.0,3.0,0.333,0.0,0.0,0.0,,0.1,0.0,1.0,0.0,0.0,0.0,0.0,0.0,,0.1,0.0,1.0,0.0,0.4,2.0,4.0,0.5,0.75,0.1,0.0,1.0,0.0,0.3,2.0,3.0,0.667,1,4,0.25,2,0.0,0.0,,0.25,6,0.333,0,0.0,0,0.0,0,0.0,0.4,0,0,0.0,1.0,2.0,0.5,0.0,3.0,0.0,0.0,2.0,0.0,1.0,1.0,1.0,1,2,0.5,0.0,0.0,0.0,1.0,3.0,0.333,NYK,0,0,0.0,0.0,0.0,0.0,1.0,3.0,0.333,0.0,1.0,0.0,1.0,4.0,0.25,1.0,2.0,0.5,0.0,0.0,0.0,,,,0.0,0.0,0.0,2,5,2.0,4.0,0.5,0.6,4.0,7.0,0.571,0.472,0.099,3.0,3.0,1.0,0.399,0.601,1.0,4.0,0.25,0.52,-0.27,0.0,1.0,0.0,0.502,-0.502,1.0,3.0,0.333,0.573,-0.24,3.0,4.0,0.75,0.399,0.352,8.0,5.0,3.0,3.0,0.0,0.0,0.0,0.0,0.0,0.0,0.0,0.0,0.0,2.0,2.0,1.0,1.0,0.0,1.0,1.0,1.0,0,1,0,0,0.0,0.0,0,0.0,0,0.0,0,0.0,0,0.0,11029,2.1,1.1,1.0,4.42,4.68,4.17,2019,20190328,False
201567,Kevin Love,Kevin,1610612739,CLE,30.0,1,0,1,0.0,34.56666666666667,7,13,0.538,2,4,0.5,2,2,1.0,0,8,8,1,2,0,0,0,3,1,18,-13,27.1,0,0,29.0,1,87,87,87,13,21,32,61,28,45,33,32,50,1,74,12,24,92,22,80,52,1,124,76,23,160,48,15,2,38,1,97,109.5,108.7,108.7,125.0,131.3,131.3,-15.5,-22.6,-22.6,0.043,0.5,5.9,0.0,0.258,0.131,11.8,11.8,0.615,0.648,0.203,0.21,96.45,94.43,78.69,94.43,0.103,69,7.0,13.0,91,95,95,148,163,163,132,149,149,135,84,132,74,33,50,127,127,63,65,75,70,152,148,148,78,21,32,41,34,0.0,0,4,2,1,0.024,0.024,2,1,1,1.0,0,0,0.0,2,1.0,0,0.0,0,0.0,1,0.5,0,0.0,18,58,32,2.2,2.25,1.03,0.31,3,5,0,2.333,0.4,0.0,0.0,0.0,0.0,1.0,0.0,0.0,0.0,0.0,1.0,7.0,0.125,12.0,0.667,3.0,0.889,6.9,1.0,7.0,0.125,13.0,0.615,3.0,0.8,6.9,,,,,,,,,,,,,,,0.538,3.0,7.0,0.429,0.429,0.462,3.0,6.0,0.5,0.077,0.0,1.0,0.0,0.462,4.0,6.0,0.667,0.833,0.231,2.0,3.0,0.667,0.231,2.0,3.0,0.667,,,,,,,,,,,,,,2,3,0.667,5,1.0,1.0,1.0,0.833,3,0.2,0,0.0,2,0.333,7,1.0,0.615,3,3,1.0,1.0,2.0,0.5,1.0,4.0,0.25,1.0,2.0,0.5,0.0,0.0,0.0,1,2,0.5,0.0,0.0,0.0,1.0,2.0,0.5,CLE,3,3,1.0,1.0,2.0,0.5,1.0,2.0,0.5,0.0,2.0,0.0,1.0,2.0,0.5,1.0,2.0,0.5,,,,,,,0.0,0.0,0.0,1,3,1.0,3.0,0.333,0.5,4.0,11.0,0.364,0.495,-0.132,2.0,5.0,0.4,0.408,-0.008,2.0,6.0,0.333,0.542,-0.208,1.0,3.0,0.333,0.648,-0.315,2.0,5.0,0.4,0.599,-0.199,2.0,5.0,0.4,0.431,-0.031,6.0,3.0,3.0,0.0,0.0,1.0,2.0,0.0,1.0,1.0,0.0,1.0,0.0,1.0,1.0,1.0,1.0,0.0,1.0,1.0,1.0,1,3,0,0,0.0,0.4,2,0.4,1,0.2,0,0.0,0,0.0,12684,2.4,1.3,1.1,3.93,4.1,3.74,2019,20190328,False
203920,Khem Birch,Khem,1610612753,ORL,26.0,1,0,1,0.0,12.9,2,3,0.667,0,0,0.0,1,3,0.333,3,2,5,0,0,0,1,1,2,3,5,-4,14.0,0,0,12.0,1,87,87,87,143,102,132,22,98,141,98,73,35,89,8,91,46,138,105,80,17,122,86,29,114,117,113,15,2,117,1,92,92.3,108.7,108.7,113.1,116.0,116.0,-20.8,-7.3,-7.3,0.0,0.0,0.0,0.13,0.182,0.147,0.0,0.0,0.667,0.579,0.091,0.131,98.08,89.3,74.42,89.3,0.116,23,2.0,3.0,145,95,95,107,117,117,145,113,113,138,91,138,14,61,41,1,1,51,81,159,135,132,174,174,67,102,132,18,10,0.0,0,2,0,0,0.0,0.0,1,0,0,0.0,0,0,0.0,0,0.0,1,1.0,0,0.0,0,0.0,0,0.0,5,22,13,0.5,1.37,0.59,0.227,2,0,8,1.0,0.0,0.625,3.0,0.0,1.0,7.0,0.429,1.0,0.5,4.0,0.0,2.0,0.0,4.0,0.5,0.0,0.5,8.9,3.0,2.0,0.6,11.0,0.455,1.0,0.5,6.0,,,,,,,,,,,,,,,1.0,2.0,3.0,0.667,0.667,1.0,2.0,3.0,0.667,0.0,0.0,0.0,,,,,,,,,,,,,,,,,,,,,,,,,,,,0,0,,0,,,,,0,0.0,5,0.667,0,0.0,2,1.0,0.667,2,2,1.0,0.0,1.0,0.0,0.0,0.0,0.0,0.0,0.0,0.0,0.0,0.0,0.0,0,0,0.0,0.0,0.0,0.0,0.0,0.0,0.0,ORL,2,2,1.0,0.0,1.0,0.0,0.0,0.0,0.0,0.0,0.0,0.0,0.0,0.0,0.0,0.0,0.0,0.0,,,,,,,0.0,0.0,0.0,0,0,,,,,3.0,5.0,0.6,0.439,0.161,,,,,,3.0,5.0,0.6,0.47,0.13,1.0,1.0,1.0,0.589,0.411,1.0,1.0,1.0,0.559,0.441,1.0,3.0,0.333,0.368,-0.034,2.0,2.0,0.0,0.0,0.0,2.0,6.0,0.0,0.0,0.0,0.0,0.0,0.0,6.0,6.0,2.0,1.0,0.0,1.0,1.0,0.5,0,0,0,0,0.0,0.0,0,0.0,0,0.0,0,0.0,0,0.0,4843,0.9,0.5,0.4,3.92,4.26,3.57,2019,20190328,False
203114,Khris Middleton,Khris,1610612749,MIL,27.0,1,1,0,1.0,33.223333333333336,16,25,0.64,4,7,0.571,3,3,1.0,2,7,9,5,2,1,0,1,3,3,39,2,58.3,0,0,59.0,1,1,1,1,16,1,1,33,5,13,31,21,35,1,17,20,16,15,22,16,52,122,124,29,1,63,4,15,2,2,1,105,124.7,125.0,125.0,118.7,117.3,117.3,6.1,7.7,7.7,0.278,2.5,15.2,0.067,0.189,0.134,6.1,6.0,0.72,0.741,0.368,0.377,105.7,106.19,88.49,106.19,0.223,72,16.0,25.0,34,24,24,125,123,123,69,62,62,26,26,95,37,57,49,88,89,43,42,11,12,52,48,48,13,1,1,33,48,0.0,0,6,12,5,0.152,0.152,10,5,7,0.714,0,0,0.0,10,1.0,1,0.1,0,0.0,2,0.2,0,0.0,39,63,27,4.3,4.12,3.24,0.619,1,5,3,2.0,0.8,1.333,2.0,0.0,1.0,3.0,0.667,0.0,0.667,2.8,1.0,6.0,0.143,8.0,0.875,1.0,1.0,4.3,3.0,6.0,0.333,11.0,0.818,1.0,0.9,4.0,1.0,0.16,2.0,4.0,0.5,0.5,0.16,2.0,4.0,0.5,0.0,0.0,0.0,,0.24,4.0,6.0,0.667,0.667,0.24,4.0,6.0,0.667,0.0,0.0,0.0,,0.44,7.0,11.0,0.636,0.773,0.24,4.0,6.0,0.667,0.2,3.0,5.0,0.6,0.16,3.0,4.0,0.75,0.875,0.08,2.0,2.0,1.0,0.08,1.0,2.0,0.5,4,10,0.4,9,1.0,3.0,0.333,0.45,11,0.8,4,0.667,4,0.4,2,1.0,0.72,4,7,0.571,5.0,6.0,0.833,3.0,5.0,0.6,1.0,1.0,1.0,0.0,0.0,0.0,3,6,0.5,0.0,0.0,0.0,1.0,1.0,1.0,MIL,5,8,0.625,0.0,0.0,0.0,5.0,7.0,0.714,1.0,2.0,0.5,2.0,2.0,1.0,3.0,6.0,0.5,0.0,0.0,0.0,,,,0.0,0.0,0.0,2,3,2.0,3.0,0.667,1.0,7.0,10.0,0.7,0.448,0.253,4.0,4.0,1.0,0.382,0.618,3.0,6.0,0.5,0.485,0.015,2.0,2.0,1.0,0.565,0.435,2.0,3.0,0.667,0.564,0.103,5.0,7.0,0.714,0.398,0.316,7.0,4.0,3.0,1.0,0.0,0.0,0.0,2.0,0.0,2.0,1.0,0.0,0.0,1.0,1.0,0.0,0.0,0.0,1.0,0.0,0.0,2,5,0,0,0.0,0.8,0,0.0,0,0.0,0,0.0,0,0.0,13555,2.6,1.4,1.2,4.38,4.8,3.97,2019,20190328,False
1629017,Khyri Thomas,Khyri,1610612765,DET,23.0,1,1,0,1.0,0.5983333333333334,0,0,0.0,0,0,0.0,0,0,0.0,0,0,0,0,0,0,0,0,0,0,0,0,0.0,0,0,0.0,1,1,1,1,179,151,172,151,98,141,98,93,100,93,74,152,160,138,105,80,52,1,1,125,160,81,174,15,2,174,1,92,200.0,100.0,100.0,100.0,100.0,100.0,100.0,0.0,0.0,0.0,0.0,0.0,0.0,0.0,0.0,0.0,0.0,0.0,0.0,0.0,0.0,120.33,160.45,133.7,160.45,0.0,2,0.0,0.0,1,122,122,50,48,48,3,80,80,138,91,138,74,152,160,1,1,151,160,175,175,5,1,1,156,151,172,0,0,,0,0,0,0,0.0,0.0,0,0,0,0.0,0,0,0.0,0,0.0,0,0.0,0,0.0,0,0.0,0,0.0,0,0,0,0.0,0.0,0.0,0.0,0,0,0,0.0,0.0,0.0,,,,,,,,,,,,,,,,,,,,,,,,,,,,,,,,,,,,,,,,,,,,,,,,,,,,,,,,,,,,,,,,,,,,,,,,,,,,,,0,0,,0,,,,,0,0.0,0,0.0,0,0.0,0,0.0,0.0,0,0,0.0,,,,0.0,0.0,0.0,,,,,,,0,0,0.0,,,,,,,DET,0,0,0.0,,,,0.0,0.0,0.0,,,,,,,0.0,0.0,0.0,,,,,,,,,,0,0,,,,,,,,,,,,,,,,,,,,,,,,,,,,,,,,,,,,,,,,,,,,,,,,,,,,,,,,0,0,0,0,0.0,0.0,0,0.0,0,0.0,0,0.0,0,0.0,167,0.0,0.0,0.0,0.0,0.0,0.0,2019,20190328,False
201585,Kosta Koufos,Kosta,1610612758,SAC,30.0,1,0,1,0.0,13.466666666666667,1,4,0.25,0,0,0.0,0,0,0.0,2,4,6,2,1,0,3,0,1,0,2,-9,20.2,0,0,16.0,1,87,87,87,140,125,117,133,98,141,98,93,100,93,17,48,39,62,52,80,2,1,41,125,144,145,76,15,2,96,1,105,98.5,96.6,96.6,126.7,127.6,127.6,-28.3,-31.0,-31.0,0.2,2.0,28.6,0.143,0.308,0.222,14.3,14.3,0.25,0.25,0.152,0.154,102.72,103.37,86.14,103.37,0.082,29,1.0,4.0,128,136,136,153,154,154,155,157,157,46,27,33,11,18,11,143,145,140,151,117,118,69,72,72,91,125,117,20,15,0.0,0,3,6,2,0.1,0.1,0,0,0,0.0,0,0,0.0,0,0.0,0,0.0,0,0.0,0,0.0,0,0.0,2,28,15,0.8,1.68,0.32,0.071,4,0,6,0.0,0.0,0.333,0.0,2.0,0.0,4.0,0.5,0.0,0.5,10.7,2.0,2.0,0.5,4.0,1.0,0.0,1.0,4.1,2.0,4.0,0.333,8.0,0.75,0.0,0.75,6.3,,,,,,,,,,,,,,,1.0,1.0,4.0,0.25,0.25,1.0,1.0,4.0,0.25,0.0,0.0,0.0,,,,,,,,,,,,,,,,,,,,,,,,,,,,0,0,,0,,,,,0,0.0,2,0.333,0,0.0,0,0.0,0.25,1,3,0.333,0.0,1.0,0.0,0.0,0.0,0.0,,,,0.0,0.0,0.0,0,0,0.0,0.0,0.0,0.0,0.0,0.0,0.0,SAC,1,4,0.25,0.0,0.0,0.0,0.0,0.0,0.0,0.0,0.0,0.0,0.0,0.0,0.0,0.0,0.0,0.0,,,,,,,0.0,0.0,0.0,0,0,,,,,4.0,9.0,0.444,0.525,-0.081,0.0,1.0,0.0,0.346,-0.346,4.0,8.0,0.5,0.567,-0.067,2.0,4.0,0.5,0.653,-0.153,3.0,6.0,0.5,0.581,-0.081,0.0,2.0,0.0,0.395,-0.395,10.0,10.0,0.0,0.0,0.0,1.0,2.0,0.0,0.0,0.0,0.0,0.0,0.0,2.0,2.0,0.0,0.0,0.0,1.0,0.0,0.0,0,0,0,0,0.0,0.0,0,0.0,0,0.0,0,0.0,0,0.0,5446,1.0,0.6,0.5,4.09,4.52,4.48,2019,20190328,False
200768,Kyle Lowry,Kyle,1610612761,TOR,33.0,1,1,0,1.0,25.133333333333333,3,10,0.3,1,7,0.143,0,0,0.0,0,4,4,2,2,2,0,1,3,0,7,13,18.8,0,0,18.0,1,1,1,1,78,82,56,124,54,13,94,93,100,93,74,48,63,62,22,8,52,122,124,125,98,24,83,15,2,85,1,101,114.2,112.7,112.7,86.8,89.1,89.1,27.5,23.6,23.6,0.118,1.0,14.3,0.0,0.121,0.066,14.3,14.3,0.35,0.35,0.203,0.209,105.77,105.04,87.53,105.04,0.034,55,3.0,10.0,71,70,70,23,29,29,29,28,28,85,58,98,74,89,97,143,145,120,134,71,71,50,57,57,137,82,56,62,57,0.0,0,8,4,2,0.032,0.032,2,0,0,0.0,0,0,0.0,0,0.0,2,1.0,0,0.0,0,0.0,0,0.0,7,73,37,3.5,2.84,2.05,0.096,0,0,2,0.0,0.0,2.0,0.0,0.0,0.0,1.0,0.0,0.0,0.0,0.0,1.0,3.0,0.25,5.0,0.8,0.0,0.8,4.9,1.0,3.0,0.25,6.0,0.667,0.0,0.667,4.9,,,,,,,,,,,,,,,0.2,0.0,2.0,0.0,0.0,0.0,0.0,0.0,,0.2,0.0,2.0,0.0,0.5,2.0,5.0,0.4,0.5,0.2,1.0,2.0,0.5,0.3,1.0,3.0,0.333,0.3,1.0,3.0,0.333,0.333,0.1,1.0,1.0,1.0,0.2,0.0,2.0,0.0,0,2,0.0,0,0.0,2.0,0.0,0.0,3,0.167,4,1.0,0,0.0,0,0.0,0.35,2,2,1.0,0.0,0.0,0.0,0.0,1.0,0.0,1.0,1.0,1.0,0.0,1.0,0.0,0,5,0.0,0.0,0.0,0.0,1.0,2.0,0.5,TOR,2,2,1.0,0.0,0.0,0.0,0.0,0.0,0.0,0.0,0.0,0.0,1.0,3.0,0.333,0.0,4.0,0.0,0.0,1.0,0.0,,,,0.0,0.0,0.0,1,5,1.0,4.0,0.25,0.3,2.0,9.0,0.222,0.53,-0.308,0.0,1.0,0.0,0.364,-0.364,2.0,8.0,0.25,0.567,-0.317,2.0,5.0,0.4,0.635,-0.235,2.0,6.0,0.333,0.622,-0.288,0.0,2.0,0.0,0.384,-0.384,2.0,2.0,0.0,3.0,0.0,0.0,0.0,0.0,3.0,3.0,0.0,1.0,0.0,1.0,1.0,0.0,0.0,0.0,1.0,0.0,0.0,0,0,0,0,0.0,0.0,0,0.0,0,0.0,0,0.0,0,0.0,9317,1.8,1.0,0.7,4.06,4.38,3.25,2019,20190328,False
200746,LaMarcus Aldridge,LaMarcus,1610612759,SAS,33.0,1,1,0,1.0,35.9,6,15,0.4,0,1,0.0,2,3,0.667,1,2,3,1,1,0,2,1,2,5,14,1,24.1,0,0,22.0,1,1,1,1,7,33,18,94,98,119,98,32,35,66,42,91,83,92,52,80,4,122,86,10,46,72,58,15,2,63,1,95,114.6,120.3,120.3,114.7,113.9,113.9,0.0,6.4,6.4,0.037,1.0,5.6,0.031,0.065,0.048,5.6,5.5,0.4,0.429,0.224,0.227,96.21,94.26,78.55,94.26,0.036,69,6.0,15.0,70,47,47,115,106,106,89,67,67,137,58,134,62,126,118,84,84,109,117,56,58,154,150,150,135,33,18,28,30,0.0,0,2,2,1,0.036,0.036,0,0,0,0.0,0,0,0.0,0,0.0,0,0.0,0,0.0,0,0.0,0,0.0,14,46,30,1.7,2.28,0.96,0.304,2,12,7,1.0,0.5,1.143,1.0,0.0,1.0,4.0,0.25,0.0,0.25,2.1,2.0,0.0,1.0,5.0,0.4,1.0,0.5,5.2,3.0,0.0,1.0,9.0,0.333,1.0,0.375,4.1,1.0,0.267,0.0,4.0,0.0,0.0,0.267,0.0,4.0,0.0,0.0,0.0,0.0,,0.533,5.0,8.0,0.625,0.625,0.533,5.0,8.0,0.625,0.0,0.0,0.0,,0.067,1.0,1.0,1.0,1.0,0.067,1.0,1.0,1.0,0.0,0.0,0.0,,0.133,0.0,2.0,0.0,0.0,0.067,0.0,1.0,0.0,0.067,0.0,1.0,0.0,1,3,0.333,2,0.0,0.0,,0.333,0,0.0,8,0.5,6,0.429,2,0.0,0.4,2,3,0.667,3.0,9.0,0.333,1.0,2.0,0.5,0.0,0.0,0.0,0.0,0.0,0.0,0,1,0.0,0.0,0.0,0.0,0.0,0.0,0.0,SAS,2,3,0.667,3.0,7.0,0.429,1.0,3.0,0.333,0.0,0.0,0.0,0.0,2.0,0.0,0.0,0.0,0.0,,,,0.0,0.0,0.0,0.0,0.0,0.0,0,2,0.0,1.0,0.0,0.0,8.0,15.0,0.533,0.439,0.094,3.0,6.0,0.5,0.339,0.161,5.0,9.0,0.556,0.495,0.061,3.0,6.0,0.5,0.576,-0.076,4.0,8.0,0.5,0.533,-0.033,4.0,7.0,0.571,0.361,0.21,16.0,12.0,4.0,2.0,0.0,4.0,9.0,0.0,0.0,0.0,0.0,0.0,1.0,7.0,8.0,6.0,2.0,0.125,0.875,0.857,0.286,3,7,0,0,0.0,0.5,3,0.25,0,0.0,0,0.0,0,0.0,13099,2.5,1.3,1.2,3.92,4.26,3.61,2019,20190328,False
202498,Lance Thomas,Lance,1610612752,NYK,31.0,1,0,1,0.0,18.25,0,3,0.0,0,2,0.0,0,0,0.0,0,3,3,1,0,0,0,0,3,3,0,-3,5.1,0,0,4.0,1,87,87,87,119,151,132,151,98,83,98,93,100,93,74,65,83,92,105,80,52,1,124,29,160,108,153,15,2,155,1,101,77.6,75.0,75.0,86.9,84.6,84.6,-9.3,-9.6,-9.6,0.083,0.0,25.0,0.0,0.125,0.064,0.0,0.0,0.0,0.0,0.067,0.07,100.73,103.89,86.58,103.89,-0.047,40,0.0,3.0,166,169,169,24,25,25,119,116,116,109,91,43,74,84,98,1,1,151,160,166,166,92,63,63,167,151,132,19,11,0.0,0,2,3,1,0.053,0.053,1,0,0,0.0,0,0,0.0,0,0.0,0,0.0,0,0.0,0,0.0,0,0.0,0,23,9,0.5,1.38,0.57,0.0,0,0,0,0.0,0.0,0.0,0.0,0.0,0.0,2.0,0.0,0.0,0.0,0.0,1.0,2.0,0.333,4.0,0.75,1.0,1.0,5.0,1.0,2.0,0.333,5.0,0.6,1.0,0.75,5.0,,,,,,,,,,,,,,,,,,,,,,,,,,,,0.333,0.0,1.0,0.0,0.0,0.333,0.0,1.0,0.0,0.0,0.0,0.0,,0.667,0.0,2.0,0.0,0.0,0.0,0.0,0.0,,0.667,0.0,2.0,0.0,0,0,,0,0.0,0.0,,,0,0.0,0,0.0,0,0.0,0,0.0,0.0,0,0,0.0,0.0,1.0,0.0,0.0,0.0,0.0,0.0,1.0,0.0,0.0,0.0,0.0,0,1,0.0,0.0,0.0,0.0,0.0,1.0,0.0,NYK,0,0,0.0,0.0,1.0,0.0,0.0,0.0,0.0,0.0,0.0,0.0,0.0,1.0,0.0,0.0,1.0,0.0,0.0,0.0,0.0,,,,0.0,0.0,0.0,0,2,0.0,2.0,0.0,0.0,2.0,9.0,0.222,0.488,-0.265,0.0,2.0,0.0,0.389,-0.389,2.0,7.0,0.286,0.566,-0.28,1.0,2.0,0.5,0.672,-0.172,1.0,4.0,0.25,0.614,-0.364,0.0,3.0,0.0,0.372,-0.372,5.0,3.0,2.0,1.0,0.0,0.0,0.0,0.0,1.0,1.0,0.0,1.0,1.0,5.0,6.0,3.0,1.0,0.167,0.833,1.0,0.333,0,0,0,0,0.0,0.0,0,0.0,0,0.0,0,0.0,0,0.0,7781,1.5,0.8,0.7,4.63,5.2,4.12,2019,20190328,False
1629013,Landry Shamet,Landry,1610612746,LAC,22.0,1,0,1,0.0,30.633333333333333,4,9,0.444,4,6,0.667,1,1,1.0,0,1,1,4,1,0,0,1,3,2,13,-6,19.2,0,0,22.0,1,87,87,87,41,63,68,88,5,21,17,73,90,1,74,120,126,21,52,80,52,122,124,51,51,131,81,15,2,63,1,105,116.7,114.5,114.5,125.3,125.0,125.0,-8.6,-10.5,-10.5,0.167,4.0,28.6,0.0,0.036,0.016,7.1,6.9,0.667,0.689,0.133,0.142,106.21,107.33,89.45,107.33,0.054,69,4.0,9.0,64,68,68,150,150,150,114,121,121,58,5,33,74,144,158,93,93,51,57,130,127,45,40,40,123,63,68,19,27,0.0,0,4,10,4,0.211,0.211,4,0,1,0.0,0,0,0.0,0,0.0,2,0.5,1,0.25,1,0.25,0,0.0,13,30,19,1.1,2.14,1.6,0.433,1,0,1,0.0,0.0,0.0,0.0,0.0,0.0,2.0,0.0,0.0,0.0,0.0,0.0,1.0,0.0,2.0,0.5,1.0,1.0,6.6,0.0,1.0,0.0,4.0,0.25,1.0,0.333,6.6,1.0,0.111,0.0,1.0,0.0,0.0,0.111,0.0,1.0,0.0,0.0,0.0,0.0,,0.333,1.0,3.0,0.333,0.5,0.111,0.0,1.0,0.0,0.222,1.0,2.0,0.5,0.222,0.0,2.0,0.0,0.0,0.111,0.0,1.0,0.0,0.111,0.0,1.0,0.0,0.333,3.0,3.0,1.0,1.5,0.0,0.0,0.0,,0.333,3.0,3.0,1.0,2,3,0.667,6,2.0,2.0,1.0,1.0,6,0.5,0,0.0,0,0.0,0,0.0,0.667,0,2,0.0,0.0,0.0,0.0,0.0,1.0,0.0,1.0,1.0,1.0,0.0,0.0,0.0,3,5,0.6,0.0,0.0,0.0,1.0,1.0,1.0,LAC,0,2,0.0,0.0,0.0,0.0,0.0,1.0,0.0,0.0,0.0,0.0,1.0,1.0,1.0,3.0,5.0,0.6,0.0,0.0,0.0,,,,0.0,0.0,0.0,2,4,2.0,4.0,0.5,0.75,8.0,14.0,0.571,0.466,0.105,2.0,4.0,0.5,0.359,0.141,6.0,10.0,0.6,0.529,0.071,5.0,7.0,0.714,0.6,0.114,5.0,8.0,0.625,0.582,0.043,3.0,5.0,0.6,0.37,0.23,6.0,4.0,2.0,1.0,0.0,0.0,0.0,0.0,0.0,0.0,0.0,0.0,0.0,1.0,1.0,1.0,0.0,0.0,1.0,1.0,0.0,0,0,0,0,0.0,0.0,0,0.0,0,0.0,0,0.0,0,0.0,13262,2.5,1.4,1.1,4.57,5.16,3.97,2019,20190328,False
204038,Langston Galloway,Langston,1610612765,DET,27.0,1,1,0,1.0,28.216666666666665,4,9,0.444,2,5,0.4,2,2,1.0,0,0,0,2,0,1,0,1,3,1,12,-2,18.0,0,0,18.0,1,1,1,1,59,63,68,88,28,31,59,32,50,1,74,152,160,62,105,16,52,122,124,76,59,102,92,15,2,85,1,92,114.0,110.9,110.9,108.3,116.7,116.7,5.7,-5.8,-5.8,0.095,0.0,16.7,0.0,0.0,0.0,0.0,0.0,0.556,0.607,0.154,0.161,94.99,92.71,77.26,92.71,0.068,55,4.0,9.0,74,84,84,89,118,118,71,106,106,101,91,79,74,152,160,1,1,73,74,114,114,166,165,165,104,63,68,17,24,0.0,0,1,5,2,0.118,0.118,6,0,2,0.0,2,2,1.0,2,0.333,3,0.5,1,0.167,0,0.0,1,0.167,12,27,23,0.7,1.64,1.0,0.444,0,0,0,0.0,0.0,0.0,,,,,,,,,,,,,,,,,,,,,,,,,1.0,0.111,0.0,1.0,0.0,0.0,0.111,0.0,1.0,0.0,0.0,0.0,0.0,,0.222,0.0,2.0,0.0,0.0,0.111,0.0,1.0,0.0,0.111,0.0,1.0,0.0,0.444,3.0,4.0,0.75,0.875,0.222,2.0,2.0,1.0,0.222,1.0,2.0,0.5,0.222,1.0,2.0,0.5,0.75,0.0,0.0,0.0,,0.222,1.0,2.0,0.5,1,1,1.0,2,0.0,0.0,,1.0,8,0.5,0,0.0,0,0.0,0,0.0,0.556,0,1,0.0,0.0,1.0,0.0,2.0,2.0,1.0,2.0,2.0,1.0,0.0,1.0,0.0,0,2,0.0,0.0,0.0,0.0,2.0,3.0,0.667,DET,0,2,0.0,0.0,0.0,0.0,2.0,2.0,1.0,0.0,0.0,0.0,2.0,3.0,0.667,0.0,2.0,0.0,,,,0.0,0.0,0.0,0.0,0.0,0.0,3,6,2.0,5.0,0.4,0.667,5.0,12.0,0.417,0.429,-0.013,1.0,4.0,0.25,0.365,-0.115,4.0,8.0,0.5,0.483,0.017,3.0,3.0,1.0,0.609,0.391,4.0,5.0,0.8,0.557,0.243,1.0,7.0,0.143,0.387,-0.245,6.0,5.0,1.0,0.0,0.0,0.0,0.0,0.0,0.0,0.0,0.0,0.0,0.0,1.0,1.0,0.0,0.0,0.0,1.0,0.0,0.0,0,0,0,0,0.0,0.0,0,0.0,0,0.0,0,0.0,0,0.0,11424,2.2,1.1,1.0,4.39,4.18,4.21,2019,20190328,False
1626204,Larry Nance Jr.,Larry,1610612739,CLE,26.0,1,0,1,0.0,27.575,5,7,0.714,1,2,0.5,2,2,1.0,5,6,11,4,2,2,1,0,1,4,13,2,39.2,1,0,35.0,1,87,87,87,65,50,92,19,54,83,33,32,50,1,3,29,9,21,22,8,17,1,41,19,51,63,17,1,2,20,1,97,115.3,110.5,110.5,107.1,110.9,110.9,8.2,-0.4,-0.4,0.19,2.0,28.6,0.161,0.231,0.193,14.3,14.4,0.786,0.825,0.145,0.153,97.13,97.48,81.23,97.48,0.204,57,5.0,7.0,67,86,86,79,97,97,67,88,88,52,27,33,7,43,16,143,148,27,24,121,119,145,123,123,19,50,92,28,19,0.0,0,6,11,4,0.143,0.143,4,3,3,1.0,0,0,0.0,6,1.5,1,0.25,1,0.25,0,0.0,0,0.0,13,39,22,1.8,2.83,1.87,0.333,2,0,8,1.0,0.0,0.75,4.0,1.0,0.8,12.0,0.417,0.0,0.417,4.7,2.0,4.0,0.333,8.0,0.75,0.0,0.75,2.9,6.0,5.0,0.545,19.0,0.579,0.0,0.579,3.7,1.0,0.286,1.0,2.0,0.5,0.5,0.143,1.0,1.0,1.0,0.143,0.0,1.0,0.0,0.571,3.0,4.0,0.75,0.75,0.571,3.0,4.0,0.75,0.0,0.0,0.0,,,,,,,,,,,,,,,0.143,1.0,1.0,1.0,1.5,0.0,0.0,0.0,,0.143,1.0,1.0,1.0,1,1,1.0,3,1.0,1.0,1.0,1.5,0,0.0,6,0.667,0,0.0,2,1.0,0.786,3,4,0.75,1.0,1.0,1.0,0.0,0.0,0.0,0.0,0.0,0.0,0.0,0.0,0.0,1,1,1.0,0.0,1.0,0.0,0.0,0.0,0.0,CLE,3,4,0.75,1.0,1.0,1.0,0.0,0.0,0.0,0.0,0.0,0.0,0.0,0.0,0.0,1.0,1.0,1.0,0.0,0.0,0.0,0.0,0.0,0.0,0.0,1.0,0.0,0,1,0.0,1.0,0.0,0.0,7.0,15.0,0.467,0.475,-0.008,3.0,6.0,0.5,0.402,0.099,4.0,9.0,0.444,0.51,-0.065,2.0,4.0,0.5,0.64,-0.14,3.0,5.0,0.6,0.565,0.035,4.0,8.0,0.5,0.417,0.083,9.0,5.0,4.0,3.0,1.0,3.0,8.0,1.0,1.0,2.0,0.5,0.5,2.0,8.0,10.0,7.0,4.0,0.2,0.8,1.0,0.571,0,0,0,0,0.0,0.0,0,0.0,0,0.0,0,0.0,0,0.0,10970,2.1,1.1,0.9,4.18,4.3,3.66,2019,20190328,False
1629022,Lonnie Walker IV,Lonnie,1610612759,SAS,20.0,1,1,0,1.0,2.7,0,0,0.0,0,0,0.0,0,0,0.0,0,0,0,0,0,0,0,0,0,0,0,-1,0.0,0,0,0.0,1,1,1,1,170,151,172,151,98,141,98,93,100,93,74,152,160,138,105,80,52,1,1,125,160,96,174,15,2,174,1,95,80.0,80.0,80.0,100.0,100.0,100.0,-20.0,-20.0,-20.0,0.0,0.0,0.0,0.0,0.0,0.0,0.0,0.0,0.0,0.0,0.0,0.0,88.89,88.89,74.07,88.89,0.0,5,0.0,0.0,162,164,164,50,48,48,142,143,143,138,91,138,74,152,160,1,1,151,160,175,175,177,176,176,156,151,172,2,1,0.0,0,0,0,0,0.0,0.0,0,0,0,0.0,0,0,0.0,0,0.0,0,0.0,0,0.0,0,0.0,0,0.0,0,2,2,0.0,1.44,0.0,0.0,0,0,0,0.0,0.0,0.0,,,,,,,,,,,,,,,,,,,,,,,,,,,,,,,,,,,,,,,,,,,,,,,,,,,,,,,,,,,,,,,,,,,,,,,,,,,,,,0,0,,0,,,,,0,0.0,0,0.0,0,0.0,0,0.0,0.0,0,0,0.0,0.0,0.0,0.0,0.0,0.0,0.0,,,,,,,0,0,0.0,0.0,0.0,0.0,,,,SAS,0,0,0.0,0.0,0.0,0.0,0.0,0.0,0.0,,,,,,,0.0,0.0,0.0,,,,,,,0.0,0.0,0.0,0,0,,,,,0.0,1.0,0.0,0.426,-0.426,0.0,1.0,0.0,0.346,-0.346,,,,,,,,,,,,,,,,0.0,1.0,0.0,0.345,-0.345,1.0,0.0,1.0,0.0,0.0,0.0,0.0,0.0,0.0,0.0,0.0,0.0,0.0,0.0,0.0,0.0,0.0,0.0,0.0,0.0,0.0,0,0,0,0,0.0,0.0,0,0.0,0,0.0,0,0.0,0,0.0,1045,0.2,0.1,0.1,3.95,3.69,4.24,2019,20190328,False
1629029,Luka Dončić,Luka,1610612742,DAL,20.0,1,0,1,0.0,30.688333333333333,6,18,0.333,3,9,0.333,4,6,0.667,0,8,8,7,6,0,0,1,4,6,19,-8,33.1,0,0,37.0,1,87,87,87,40,33,9,108,12,4,65,14,10,66,74,12,24,10,2,80,52,122,164,7,19,139,26,15,2,17,1,101,95.0,93.9,93.9,111.6,109.4,109.4,-16.6,-15.4,-15.4,0.412,1.17,20.6,0.0,0.267,0.123,17.6,17.8,0.417,0.46,0.38,0.379,100.1,101.67,84.72,101.67,0.086,66,6.0,18.0,135,143,143,104,88,88,137,131,131,8,56,60,74,29,54,158,158,108,113,10,11,99,92,92,88,33,9,65,76,0.0,3,14,17,10,0.108,0.154,10,3,8,0.375,1,2,0.5,7,0.7,0,0.0,0,0.0,1,0.1,1,0.1,19,95,37,8.9,5.59,4.72,0.2,0,2,0,0.0,1.0,0.0,0.0,0.0,0.0,2.0,0.0,0.0,0.0,0.0,2.0,6.0,0.25,11.0,0.727,0.0,0.727,4.5,2.0,6.0,0.25,13.0,0.615,0.0,0.615,4.5,1.0,0.056,0.0,1.0,0.0,0.0,0.056,0.0,1.0,0.0,0.0,0.0,0.0,,0.333,2.0,6.0,0.333,0.333,0.333,2.0,6.0,0.333,0.0,0.0,0.0,,0.5,3.0,9.0,0.333,0.444,0.111,1.0,2.0,0.5,0.389,2.0,7.0,0.286,0.111,1.0,2.0,0.5,0.75,0.0,0.0,0.0,,0.111,1.0,2.0,0.5,2,8,0.25,6,2.0,7.0,0.286,0.375,3,0.5,0,0.0,2,0.0,0,0.0,0.417,3,4,0.75,0.0,4.0,0.0,0.0,1.0,0.0,0.0,0.0,0.0,0.0,0.0,0.0,3,9,0.333,0.0,0.0,0.0,0.0,0.0,0.0,DAL,3,6,0.5,0.0,2.0,0.0,0.0,1.0,0.0,0.0,0.0,0.0,0.0,1.0,0.0,3.0,8.0,0.375,0.0,0.0,0.0,,,,0.0,0.0,0.0,1,2,1.0,2.0,0.5,0.75,8.0,13.0,0.615,0.444,0.171,2.0,3.0,0.667,0.315,0.351,6.0,10.0,0.6,0.499,0.101,4.0,5.0,0.8,0.595,0.205,4.0,6.0,0.667,0.558,0.109,3.0,5.0,0.6,0.327,0.273,6.0,4.0,2.0,0.0,0.0,0.0,0.0,0.0,0.0,0.0,0.0,0.0,0.0,0.0,0.0,0.0,0.0,0.0,0.0,0.0,0.0,0,1,2,2,1.0,1.0,0,0.0,0,0.0,0,0.0,1,0.5,11418,2.2,1.3,0.9,3.97,4.4,3.47,2019,20190328,False
1628379,Luke Kennard,Luke,1610612765,DET,23.0,1,1,0,1.0,20.983333333333334,2,5,0.4,2,2,1.0,0,0,0.0,0,1,1,1,0,0,0,0,1,0,6,16,8.7,0,0,10.0,1,1,1,1,100,102,107,94,28,83,1,93,100,93,74,120,126,92,105,80,52,1,41,125,103,14,134,15,2,127,1,92,128.3,133.3,133.3,88.1,94.7,94.7,40.2,38.6,38.6,0.053,0.0,16.7,0.0,0.031,0.019,0.0,0.0,0.6,0.6,0.104,0.107,93.06,88.07,73.39,88.07,0.068,39,2.0,5.0,25,12,12,27,38,38,17,17,17,125,91,79,74,147,153,1,1,67,77,151,152,173,177,177,107,102,107,12,15,0.0,0,3,2,1,0.083,0.083,4,0,2,0.0,0,0,0.0,0,0.0,1,0.25,0,0.0,1,0.25,0,0.0,6,19,17,1.0,3.06,1.89,0.316,0,0,1,0.0,0.0,0.0,0.0,0.0,0.0,2.0,0.0,1.0,0.0,0.0,0.0,1.0,0.0,2.0,0.5,0.0,0.5,13.3,0.0,1.0,0.0,4.0,0.25,1.0,0.333,13.3,1.0,0.2,0.0,1.0,0.0,0.0,0.2,0.0,1.0,0.0,0.0,0.0,0.0,,0.2,0.0,1.0,0.0,0.0,0.2,0.0,1.0,0.0,0.0,0.0,0.0,,0.2,0.0,1.0,0.0,0.0,0.2,0.0,1.0,0.0,0.0,0.0,0.0,,0.4,2.0,2.0,1.0,1.5,0.0,0.0,0.0,,0.4,2.0,2.0,1.0,1,4,0.25,3,1.0,1.0,1.0,0.375,3,1.0,0,0.0,0,0.0,0,0.0,0.6,0,0,0.0,0.0,3.0,0.0,0.0,0.0,0.0,0.0,0.0,0.0,0.0,0.0,0.0,2,2,1.0,0.0,0.0,0.0,0.0,0.0,0.0,DET,0,1,0.0,0.0,1.0,0.0,0.0,1.0,0.0,0.0,0.0,0.0,0.0,0.0,0.0,2.0,2.0,1.0,,,,,,,0.0,0.0,0.0,1,1,1.0,1.0,1.0,1.5,4.0,9.0,0.444,0.436,0.008,1.0,4.0,0.25,0.344,-0.094,3.0,5.0,0.6,0.498,0.102,3.0,4.0,0.75,0.583,0.167,3.0,4.0,0.75,0.538,0.212,1.0,5.0,0.2,0.357,-0.157,3.0,0.0,3.0,0.0,0.0,0.0,0.0,0.0,1.0,1.0,0.0,1.0,0.0,1.0,1.0,1.0,0.0,0.0,1.0,1.0,0.0,0,0,0,0,0.0,0.0,0,0.0,0,0.0,0,0.0,0,0.0,8256,1.6,0.9,0.7,4.27,4.85,3.69,2019,20190328,False
1628436,Luke Kornet,Luke,1610612752,NYK,23.0,1,0,1,0.0,8.85,1,1,1.0,1,1,1.0,0,0,0.0,0,0,0,2,1,0,0,0,1,0,3,4,5.0,0,0,6.0,1,87,87,87,150,125,161,1,54,119,1,93,100,93,74,152,160,62,52,80,52,1,41,125,132,52,154,15,2,149,1,101,131.0,136.8,136.8,114.6,115.8,115.8,16.5,21.1,21.1,0.286,2.0,50.0,0.0,0.0,0.0,25.0,25.0,1.5,1.5,0.091,0.092,105.87,103.05,85.88,103.05,0.067,19,1.0,1.0,21,9,9,113,114,114,44,31,31,24,27,4,74,152,160,173,173,1,1,159,160,48,76,76,108,125,161,12,11,0.0,0,3,5,2,0.167,0.167,2,0,0,0.0,0,0,0.0,0,0.0,1,0.5,0,0.0,1,0.5,0,0.0,3,14,10,0.4,1.62,0.5,0.214,0,1,0,0.0,0.0,0.0,,,,,,,,,,,,,,,,,,,,,,,,,,,,,,,,,,,,,,,,,,,,,,,,,,,,,,,,,,,,,,,,,1.0,1.0,1.0,1.0,1.5,0.0,0.0,0.0,,1.0,1.0,1.0,1.0,0,0,,0,0.0,0.0,,,3,1.0,0,0.0,0,0.0,0,0.0,1.5,0,0,0.0,0.0,0.0,0.0,0.0,0.0,0.0,0.0,0.0,0.0,0.0,0.0,0.0,1,1,1.0,,,,0.0,0.0,0.0,NYK,0,0,0.0,0.0,0.0,0.0,0.0,0.0,0.0,0.0,0.0,0.0,0.0,0.0,0.0,1.0,1.0,1.0,,,,,,,,,,1,1,1.0,1.0,1.0,1.5,0.0,4.0,0.0,0.403,-0.403,0.0,3.0,0.0,0.379,-0.379,0.0,1.0,0.0,0.433,-0.433,,,,,,0.0,1.0,0.0,0.47,-0.47,0.0,3.0,0.0,0.376,-0.376,2.0,0.0,2.0,0.0,0.0,1.0,2.0,0.0,0.0,0.0,0.0,0.0,1.0,2.0,3.0,2.0,0.0,0.333,0.667,0.667,0.0,0,0,0,0,0.0,0.0,1,1.0,0,0.0,0,0.0,0,0.0,3743,0.7,0.4,0.3,4.49,5.12,3.86,2019,20190328,False
1626259,Malcolm Miller,Malcolm,1610612761,TOR,26.0,1,1,0,1.0,7.15,1,3,0.333,1,3,0.333,2,2,1.0,0,0,0,0,1,0,1,0,0,1,5,-4,7.0,0,0,8.0,1,1,1,1,157,125,132,108,54,61,65,32,50,1,74,152,160,138,52,80,17,1,1,76,114,117,146,15,2,136,1,101,131.6,125.0,125.0,142.5,150.0,150.0,-10.9,-25.0,-25.0,0.0,0.0,0.0,0.0,0.0,0.0,20.0,20.5,0.5,0.644,0.313,0.321,107.55,107.41,89.51,107.41,0.059,16,1.0,3.0,20,24,24,174,177,177,123,151,151,138,91,138,74,152,160,159,164,82,66,20,21,38,39,39,117,125,132,5,7,0.0,0,0,0,0,0.0,0.0,0,0,0,0.0,0,0,0.0,0,0.0,0,0.0,0,0.0,0,0.0,0,0.0,5,10,5,0.2,0.93,0.0,0.5,0,0,0,0.0,0.0,0.0,,,,,,,,,,,,,,,,,,,,,,,,,,,,,,,,,,,,,,,,,,,,,,,,,,,,,,,,,,,,,,,,,1.0,1.0,3.0,0.333,0.5,0.0,0.0,0.0,,1.0,1.0,3.0,0.333,0,0,,0,0.0,0.0,,,3,0.333,0,0.0,0,0.0,0,0.0,0.5,0,0,0.0,0.0,0.0,0.0,0.0,0.0,0.0,0.0,0.0,0.0,0.0,1.0,0.0,1,2,0.5,,,,0.0,1.0,0.0,TOR,0,0,0.0,0.0,0.0,0.0,0.0,0.0,0.0,0.0,0.0,0.0,0.0,1.0,0.0,1.0,2.0,0.5,,,,,,,,,,1,3,1.0,3.0,0.333,0.5,1.0,3.0,0.333,0.395,-0.062,1.0,2.0,0.5,0.366,0.134,0.0,1.0,0.0,0.386,-0.386,0.0,1.0,0.0,0.467,-0.467,0.0,1.0,0.0,0.4,-0.4,1.0,2.0,0.5,0.353,0.147,3.0,1.0,2.0,0.0,0.0,0.0,0.0,0.0,0.0,0.0,0.0,0.0,0.0,4.0,4.0,0.0,0.0,0.0,1.0,0.0,0.0,0,0,0,0,0.0,0.0,0,0.0,0,0.0,0,0.0,0,0.0,3414,0.6,0.4,0.3,4.74,6.36,4.72,2019,20190328,False
1627736,Malik Beasley,Malik,1610612743,DEN,22.0,1,0,1,0.0,23.35,1,9,0.111,0,7,0.0,2,2,1.0,0,2,2,0,3,1,0,0,1,1,4,-28,6.4,0,0,8.0,1,87,87,87,86,125,68,150,98,13,98,32,50,1,74,91,104,138,6,16,52,1,41,76,122,180,150,15,2,136,1,94,67.0,71.7,71.7,132.4,127.1,127.1,-65.4,-55.3,-55.3,0.0,0.0,0.0,0.0,0.087,0.039,23.1,23.3,0.111,0.202,0.25,0.246,98.01,96.62,80.51,96.62,-0.063,46,1.0,9.0,171,170,170,161,152,152,176,176,176,138,91,138,74,108,134,171,172,150,157,39,45,134,134,134,171,125,68,12,21,0.0,0,2,0,0,0.0,0.0,3,1,1,1.0,2,2,1.0,4,1.333,1,0.333,0,0.0,0,0.0,1,0.333,4,25,20,0.9,2.08,1.48,0.16,0,0,0,0.0,0.0,0.0,0.0,0.0,0.0,0.0,0.0,0.0,0.0,0.0,0.0,2.0,0.0,3.0,0.667,0.0,0.667,5.4,0.0,2.0,0.0,3.0,0.667,0.0,0.667,5.4,1.0,0.111,1.0,1.0,1.0,1.0,0.111,1.0,1.0,1.0,0.0,0.0,0.0,,0.222,0.0,2.0,0.0,0.0,0.111,0.0,1.0,0.0,0.111,0.0,1.0,0.0,0.222,0.0,2.0,0.0,0.0,0.0,0.0,0.0,,0.222,0.0,2.0,0.0,0.444,0.0,4.0,0.0,0.0,0.0,0.0,0.0,,0.444,0.0,4.0,0.0,0,1,0.0,0,0.0,1.0,0.0,0.0,0,0.0,0,0.0,0,0.0,0,0.0,0.111,1,1,1.0,0.0,0.0,0.0,0.0,1.0,0.0,0.0,2.0,0.0,0.0,0.0,0.0,0,5,0.0,,,,0.0,2.0,0.0,DEN,1,1,1.0,0.0,0.0,0.0,0.0,0.0,0.0,0.0,1.0,0.0,0.0,3.0,0.0,0.0,4.0,0.0,0.0,0.0,0.0,0.0,0.0,0.0,0.0,0.0,0.0,0,7,0.0,6.0,0.0,0.0,2.0,8.0,0.25,0.434,-0.184,2.0,5.0,0.4,0.335,0.065,0.0,3.0,0.0,0.546,-0.546,0.0,1.0,0.0,0.704,-0.704,0.0,1.0,0.0,0.632,-0.632,2.0,7.0,0.286,0.353,-0.067,2.0,0.0,2.0,3.0,0.0,0.0,0.0,0.0,0.0,0.0,0.0,0.0,0.0,0.0,0.0,0.0,0.0,0.0,0.0,0.0,0.0,0,0,0,0,0.0,0.0,0,0.0,0,0.0,0,0.0,0,0.0,9238,1.7,1.0,0.8,4.08,4.81,3.83,2019,20190328,False
201188,Marc Gasol,Marc,1610612761,TOR,34.0,1,1,0,1.0,23.183333333333334,0,4,0.0,0,2,0.0,2,2,1.0,0,5,5,4,1,1,0,0,5,3,2,22,16.0,0,0,13.0,1,1,1,1,87,151,117,151,98,83,98,32,50,1,74,37,46,21,52,16,52,1,175,29,144,6,101,15,2,115,1,101,125.7,122.0,122.0,80.4,81.3,81.3,45.3,40.8,40.8,0.19,4.0,40.0,0.0,0.179,0.091,10.0,10.1,0.0,0.205,0.107,0.112,100.42,101.45,84.54,101.45,0.025,50,0.0,4.0,30,39,39,16,19,19,15,15,15,52,5,10,74,62,71,112,116,151,155,148,148,95,95,95,142,151,117,46,36,0.0,2,7,11,6,0.087,0.13,0,0,0,0.0,0,0,0.0,0,0.0,0,0.0,0,0.0,0,0.0,0,0.0,2,52,36,1.2,1.43,0.38,0.038,4,7,4,0.5,0.0,0.0,0.0,0.0,0.0,2.0,0.0,0.0,0.0,0.0,1.0,4.0,0.2,7.0,0.714,1.0,0.833,5.4,1.0,4.0,0.2,8.0,0.625,1.0,0.714,5.4,1.0,0.25,0.0,1.0,0.0,0.0,0.25,0.0,1.0,0.0,0.0,0.0,0.0,,,,,,,,,,,,,,,,,,,,,,,,,,,,0.75,0.0,3.0,0.0,0.0,0.25,0.0,1.0,0.0,0.5,0.0,2.0,0.0,0,0,,0,0.0,0.0,,,0,0.0,0,0.0,0,0.0,2,0.0,0.0,0,0,0.0,0.0,1.0,0.0,0.0,1.0,0.0,0.0,0.0,0.0,0.0,0.0,0.0,0,2,0.0,0.0,0.0,0.0,0.0,0.0,0.0,TOR,0,0,0.0,0.0,1.0,0.0,0.0,0.0,0.0,0.0,1.0,0.0,0.0,0.0,0.0,0.0,2.0,0.0,0.0,0.0,0.0,,,,0.0,0.0,0.0,0,3,0.0,2.0,0.0,0.0,5.0,7.0,0.714,0.445,0.27,2.0,2.0,1.0,0.336,0.665,3.0,5.0,0.6,0.497,0.103,1.0,2.0,0.5,0.596,-0.096,1.0,2.0,0.5,0.569,-0.069,4.0,4.0,1.0,0.35,0.65,4.0,3.0,1.0,3.0,0.0,0.0,0.0,1.0,2.0,3.0,0.333,0.667,0.0,9.0,9.0,4.0,1.0,0.0,1.0,0.8,0.2,0,1,0,0,0.0,0.0,5,0.714,2,0.286,1,0.143,0,0.0,8092,1.5,0.9,0.7,3.65,4.25,3.51,2019,20190328,False
201158,Marco Belinelli,Marco,1610612759,SAS,33.0,1,1,0,1.0,22.683333333333334,7,11,0.636,2,4,0.5,0,0,0.0,0,2,2,2,2,1,0,0,2,1,16,0,22.4,0,0,24.0,1,1,1,1,91,21,47,34,28,45,33,93,100,93,74,91,104,62,22,16,52,1,86,76,33,81,62,15,2,51,1,95,115.3,117.4,117.4,113.4,110.2,110.2,1.9,7.2,7.2,0.167,1.0,13.3,0.0,0.063,0.042,13.3,13.3,0.727,0.727,0.277,0.278,99.96,100.51,83.76,100.51,0.141,46,7.0,11.0,68,59,59,108,92,92,82,65,65,58,58,107,74,127,127,137,137,41,43,28,31,102,104,104,47,21,47,20,28,1.0,2,2,8,5,0.1,0.25,5,3,3,1.0,0,0,0.0,6,1.2,1,0.2,0,0.0,1,0.2,0,0.0,16,33,26,1.2,2.17,1.33,0.485,1,0,1,0.0,0.0,0.0,0.0,0.0,0.0,0.0,0.0,0.0,0.0,0.0,1.0,1.0,0.5,7.0,0.286,2.0,0.4,3.7,1.0,1.0,0.5,7.0,0.286,2.0,0.4,3.7,1.0,0.091,1.0,1.0,1.0,1.0,0.091,1.0,1.0,1.0,0.0,0.0,0.0,,0.636,6.0,7.0,0.857,1.0,0.455,4.0,5.0,0.8,0.182,2.0,2.0,1.0,0.273,0.0,3.0,0.0,0.0,0.091,0.0,1.0,0.0,0.182,0.0,2.0,0.0,,,,,,,,,,,,,,0,3,0.0,0,0.0,1.0,0.0,0.0,6,0.667,0,0.0,0,0.0,0,0.0,0.727,3,3,1.0,2.0,3.0,0.667,0.0,1.0,0.0,1.0,1.0,1.0,0.0,0.0,0.0,1,3,0.333,0.0,0.0,0.0,1.0,1.0,1.0,SAS,3,3,1.0,2.0,2.0,1.0,0.0,2.0,0.0,0.0,0.0,0.0,1.0,2.0,0.5,1.0,2.0,0.5,0.0,0.0,0.0,0.0,0.0,0.0,0.0,0.0,0.0,2,3,2.0,3.0,0.667,1.0,4.0,6.0,0.667,0.442,0.225,1.0,2.0,0.5,0.374,0.126,3.0,4.0,0.75,0.493,0.258,0.0,1.0,0.0,0.585,-0.585,0.0,1.0,0.0,0.549,-0.549,2.0,3.0,0.667,0.375,0.292,2.0,0.0,2.0,0.0,0.0,0.0,0.0,0.0,0.0,0.0,0.0,0.0,0.0,0.0,0.0,0.0,0.0,0.0,0.0,0.0,0.0,0,0,0,0,0.0,0.0,0,0.0,0,0.0,0,0.0,0,0.0,9580,1.8,1.0,0.8,4.39,5.18,3.71,2019,20190328,False
1626209,Mario Hezonja,Mario,1610612752,NYK,24.0,1,0,1,0.0,20.9,3,8,0.375,0,3,0.0,2,2,1.0,1,3,4,2,2,0,0,0,2,5,8,-26,13.8,0,0,14.0,1,87,87,87,101,82,83,102,98,61,98,32,50,1,42,65,63,62,22,80,52,1,86,10,94,178,115,15,2,108,1,101,82.6,83.7,83.7,139.3,137.8,137.8,-56.7,-54.1,-54.1,0.25,1.0,15.4,0.04,0.13,0.083,15.4,15.5,0.375,0.45,0.212,0.211,101.19,101.05,84.21,101.05,0.055,43,3.0,8.0,160,156,156,171,170,170,174,175,175,30,58,93,52,81,80,152,152,115,116,62,68,85,99,99,122,82,83,29,23,2.0,0,5,8,4,0.069,0.138,6,0,0,0.0,2,2,1.0,2,0.333,3,0.5,1,0.167,1,0.167,1,0.167,8,43,19,1.7,2.42,1.49,0.186,1,1,2,2.0,2.0,1.0,0.0,1.0,0.0,1.0,1.0,0.0,1.0,21.8,0.0,3.0,0.0,7.0,0.429,2.0,0.6,5.7,0.0,4.0,0.0,8.0,0.5,2.0,0.667,9.7,,,,,,,,,,,,,,,0.625,3.0,5.0,0.6,0.6,0.625,3.0,5.0,0.6,0.0,0.0,0.0,,0.125,0.0,1.0,0.0,0.0,0.0,0.0,0.0,,0.125,0.0,1.0,0.0,0.25,0.0,2.0,0.0,0.0,0.0,0.0,0.0,,0.25,0.0,2.0,0.0,0,1,0.0,0,0.0,0.0,,0.0,0,0.0,2,0.5,2,1.0,2,1.0,0.375,3,3,1.0,0.0,1.0,0.0,0.0,1.0,0.0,0.0,1.0,0.0,0.0,0.0,0.0,0,2,0.0,0.0,0.0,0.0,0.0,1.0,0.0,NYK,3,4,0.75,0.0,0.0,0.0,0.0,1.0,0.0,0.0,0.0,0.0,0.0,1.0,0.0,0.0,2.0,0.0,,,,,,,0.0,0.0,0.0,0,3,0.0,3.0,0.0,0.0,5.0,9.0,0.556,0.462,0.094,3.0,4.0,0.75,0.405,0.346,2.0,5.0,0.4,0.542,-0.142,1.0,2.0,0.5,0.612,-0.112,1.0,4.0,0.25,0.567,-0.317,3.0,4.0,0.75,0.407,0.343,6.0,3.0,3.0,1.0,0.0,0.0,0.0,1.0,0.0,1.0,1.0,0.0,1.0,4.0,5.0,1.0,0.0,0.2,0.8,1.0,0.0,1,1,0,0,0.0,2.0,0,0.0,0,0.0,0,0.0,0,0.0,8492,1.6,0.9,0.7,4.31,4.93,3.71,2019,20190328,False
1627737,Marquese Chriss,Marquese,1610612739,CLE,21.0,1,0,1,0.0,11.383333333333333,0,3,0.0,0,1,0.0,2,2,1.0,0,3,3,0,0,1,0,1,2,1,2,5,8.6,0,0,7.0,1,87,87,87,146,151,132,151,98,119,98,32,50,1,74,65,83,138,105,16,52,122,86,76,144,49,136,15,2,140,1,97,132.6,122.2,122.2,107.4,107.7,107.7,25.3,14.5,14.5,0.0,0.0,0.0,0.0,0.273,0.12,0.0,0.0,0.0,0.258,0.121,0.13,107.44,111.74,93.12,111.74,0.017,27,0.0,3.0,18,38,38,80,80,80,33,48,48,138,91,138,74,26,56,1,1,151,150,137,137,39,21,21,150,151,132,7,4,0.0,0,0,0,0,0.0,0.0,2,0,1,0.0,0,0,0.0,0,0.0,1,0.5,0,0.0,0,0.0,0,0.0,2,12,4,0.4,1.79,0.67,0.167,0,0,0,0.0,0.0,0.0,0.0,0.0,0.0,2.0,0.0,0.0,0.0,0.0,2.0,1.0,0.667,4.0,0.75,0.0,0.75,4.7,2.0,1.0,0.667,5.0,0.6,0.0,0.6,4.7,1.0,0.667,0.0,2.0,0.0,0.0,0.667,0.0,2.0,0.0,0.0,0.0,0.0,,,,,,,,,,,,,,,,,,,,,,,,,,,,0.333,0.0,1.0,0.0,0.0,0.0,0.0,0.0,,0.333,0.0,1.0,0.0,0,0,,0,0.0,0.0,,,0,0.0,0,0.0,0,0.0,0,0.0,0.0,0,1,0.0,0.0,1.0,0.0,0.0,0.0,0.0,,,,0.0,1.0,0.0,0,0,0.0,0.0,0.0,0.0,0.0,1.0,0.0,CLE,0,1,0.0,0.0,1.0,0.0,0.0,0.0,0.0,0.0,0.0,0.0,0.0,1.0,0.0,0.0,0.0,0.0,0.0,0.0,0.0,,,,0.0,0.0,0.0,0,1,0.0,1.0,0.0,0.0,3.0,5.0,0.6,0.437,0.163,3.0,4.0,0.75,0.378,0.373,0.0,1.0,0.0,0.479,-0.479,,,,,,,,,,,3.0,5.0,0.6,0.39,0.21,3.0,0.0,3.0,1.0,0.0,1.0,2.0,0.0,1.0,1.0,0.0,1.0,1.0,4.0,5.0,3.0,1.0,0.2,0.8,1.0,0.333,0,0,0,0,0.0,0.0,0,0.0,0,0.0,0,0.0,0,0.0,5071,1.0,0.5,0.4,4.9,4.96,3.87,2019,20190328,False
1628963,Marvin Bagley III,Marvin,1610612758,SAC,20.0,1,0,1,0.0,28.333333333333332,4,12,0.333,0,1,0.0,2,3,0.667,2,6,8,1,2,1,2,1,2,2,10,-8,28.1,0,0,25.0,1,87,87,87,56,63,38,108,98,119,98,32,35,66,17,29,24,92,22,16,4,122,86,51,76,139,41,15,2,47,1,105,99.2,100.0,100.0,111.9,113.1,113.1,-12.8,-13.1,-13.1,0.048,0.5,6.3,0.067,0.214,0.138,12.5,12.3,0.333,0.375,0.224,0.227,104.32,103.34,86.12,103.34,0.056,61,4.0,12.0,125,122,122,105,104,104,128,124,124,132,84,130,37,45,48,129,130,124,128,55,57,58,73,73,120,63,38,27,22,0.0,0,2,2,1,0.037,0.037,4,1,3,0.333,0,0,0.0,2,0.5,0,0.0,0,0.0,1,0.25,0,0.0,10,44,22,1.6,2.16,0.95,0.227,2,5,4,1.0,0.8,0.5,1.0,1.0,0.5,6.0,0.333,1.0,0.4,6.6,1.0,5.0,0.167,9.0,0.667,1.0,0.75,4.8,2.0,6.0,0.25,15.0,0.533,2.0,0.615,5.2,1.0,0.333,1.0,4.0,0.25,0.25,0.333,1.0,4.0,0.25,0.0,0.0,0.0,,0.417,2.0,5.0,0.4,0.4,0.417,2.0,5.0,0.4,0.0,0.0,0.0,,0.167,1.0,2.0,0.5,0.5,0.167,1.0,2.0,0.5,0.0,0.0,0.0,,0.083,0.0,1.0,0.0,0.0,0.0,0.0,0.0,,0.083,0.0,1.0,0.0,1,4,0.25,2,0.0,0.0,,0.25,0,0.0,2,0.25,4,0.4,2,1.0,0.333,1,3,0.333,3.0,5.0,0.6,0.0,3.0,0.0,0.0,0.0,0.0,0.0,0.0,0.0,0,1,0.0,0.0,0.0,0.0,0.0,0.0,0.0,SAC,2,4,0.5,1.0,4.0,0.25,1.0,2.0,0.5,0.0,1.0,0.0,0.0,0.0,0.0,0.0,1.0,0.0,,,,,,,0.0,0.0,0.0,0,1,0.0,1.0,0.0,0.0,4.0,8.0,0.5,0.518,-0.018,1.0,1.0,1.0,0.288,0.712,3.0,7.0,0.429,0.576,-0.147,3.0,7.0,0.429,0.651,-0.223,3.0,7.0,0.429,0.6,-0.171,1.0,1.0,1.0,0.284,0.716,7.0,6.0,1.0,2.0,0.0,0.0,0.0,0.0,0.0,0.0,0.0,0.0,0.0,2.0,2.0,1.0,0.0,0.0,1.0,1.0,0.0,2,5,0,1,0.0,0.8,0,0.0,0,0.0,0,0.0,0,0.0,11178,2.1,1.2,1.0,4.15,4.99,3.76,2019,20190328,False
203486,Mason Plumlee,Mason,1610612743,DEN,29.0,1,0,1,0.0,23.1,1,4,0.25,0,0,0.0,2,2,1.0,1,7,8,2,1,1,0,1,1,3,4,-18,18.6,0,0,16.0,1,87,87,87,88,125,117,133,98,141,98,32,50,1,42,20,24,62,52,16,52,122,41,29,122,170,84,15,2,96,1,94,78.8,84.1,84.1,120.0,119.6,119.6,-41.2,-35.5,-35.5,0.167,2.0,25.0,0.037,0.304,0.16,12.5,12.7,0.25,0.41,0.12,0.118,96.42,93.51,77.92,93.51,0.123,44,1.0,4.0,164,155,155,128,126,126,166,162,162,58,27,43,54,19,35,129,135,140,120,139,143,153,156,156,61,125,117,40,27,0.0,0,8,5,2,0.05,0.05,2,0,1,0.0,0,0,0.0,0,0.0,1,0.5,0,0.0,0,0.0,0,0.0,4,47,24,1.7,2.19,0.85,0.085,2,2,6,0.0,0.0,0.667,0.0,1.0,0.0,6.0,0.167,0.0,0.167,3.5,1.0,6.0,0.143,11.0,0.636,0.0,0.636,10.5,1.0,7.0,0.125,17.0,0.471,0.0,0.471,9.6,,,,,,,,,,,,,,,1.0,1.0,4.0,0.25,0.25,1.0,1.0,4.0,0.25,0.0,0.0,0.0,,,,,,,,,,,,,,,,,,,,,,,,,,,,0,1,0.0,0,,,,0.0,0,0.0,4,0.5,0,0.0,0,0.0,0.25,1,1,1.0,0.0,2.0,0.0,0.0,1.0,0.0,0.0,0.0,0.0,0.0,0.0,0.0,0,0,0.0,,,,0.0,0.0,0.0,DEN,1,2,0.5,0.0,1.0,0.0,0.0,0.0,0.0,0.0,0.0,0.0,0.0,1.0,0.0,0.0,0.0,0.0,0.0,0.0,0.0,0.0,0.0,0.0,0.0,0.0,0.0,0,0,,,,,7.0,16.0,0.438,0.462,-0.024,3.0,6.0,0.5,0.358,0.142,4.0,10.0,0.4,0.529,-0.129,2.0,5.0,0.4,0.575,-0.175,2.0,6.0,0.333,0.571,-0.237,4.0,9.0,0.444,0.378,0.067,8.0,4.0,4.0,3.0,0.0,3.0,6.0,0.0,1.0,1.0,0.0,1.0,2.0,1.0,3.0,1.0,0.0,0.667,0.333,1.0,0.0,0,0,0,0,0.0,0.0,2,1.0,0,0.0,0,0.0,0,0.0,8670,1.6,0.9,0.8,3.88,4.43,3.82,2019,20190328,False
1628467,Maxi Kleber,Maxi,1610612742,DAL,27.0,1,0,1,0.0,18.866666666666667,1,2,0.5,1,2,0.5,2,2,1.0,2,8,10,1,1,0,0,0,3,1,5,9,17.5,0,0,17.0,1,87,87,87,113,125,151,65,54,83,33,32,50,1,17,12,11,92,52,80,52,1,124,76,114,33,96,15,2,91,1,101,105.5,105.4,105.4,80.0,76.9,76.9,25.6,28.5,28.5,0.083,1.0,20.0,0.095,0.32,0.217,20.0,20.5,0.75,0.868,0.093,0.092,94.74,96.68,80.57,96.68,0.2,37,1.0,2.0,107,106,106,15,11,11,32,20,20,109,58,61,27,17,13,159,164,32,18,158,159,169,133,133,20,125,151,29,17,0.0,0,4,3,1,0.034,0.034,0,0,0,0.0,0,0,0.0,0,0.0,0,0.0,0,0.0,0,0.0,0,0.0,5,33,19,0.7,1.28,0.27,0.152,0,0,2,0.0,0.0,0.0,0.0,2.0,0.0,3.0,0.667,0.0,0.667,5.0,1.0,7.0,0.125,10.0,0.8,0.0,0.8,4.9,1.0,9.0,0.1,11.0,0.909,0.0,0.909,5.0,,,,,,,,,,,,,,,,,,,,,,,,,,,,0.5,1.0,1.0,1.0,1.5,0.0,0.0,0.0,,0.5,1.0,1.0,1.0,0.5,0.0,1.0,0.0,0.0,0.0,0.0,0.0,,0.5,0.0,1.0,0.0,0,0,,0,0.0,0.0,,,3,0.5,0,0.0,0,0.0,0,0.0,0.75,0,0,0.0,0.0,0.0,0.0,0.0,0.0,0.0,0.0,1.0,0.0,0.0,0.0,0.0,1,1,1.0,0.0,0.0,0.0,0.0,1.0,0.0,DAL,0,0,0.0,0.0,0.0,0.0,0.0,0.0,0.0,0.0,0.0,0.0,0.0,1.0,0.0,1.0,1.0,1.0,,,,,,,0.0,0.0,0.0,1,2,1.0,2.0,0.5,0.75,4.0,11.0,0.364,0.433,-0.069,0.0,3.0,0.0,0.317,-0.317,4.0,8.0,0.5,0.503,-0.003,3.0,4.0,0.75,0.566,0.184,4.0,6.0,0.667,0.519,0.148,0.0,4.0,0.0,0.315,-0.315,5.0,4.0,1.0,1.0,0.0,1.0,3.0,1.0,0.0,1.0,1.0,0.0,1.0,4.0,5.0,2.0,2.0,0.2,0.8,1.0,1.0,0,0,0,0,0.0,0.0,0,0.0,0,0.0,0,0.0,0,0.0,7018,1.3,0.8,0.6,3.87,4.61,3.7,2019,20190328,False
203487,Michael Carter-Williams,Michael,1610612753,ORL,27.0,1,0,1,0.0,14.466666666666667,0,6,0.0,0,1,0.0,0,0,0.0,4,0,4,2,0,0,1,2,1,1,0,-8,10.8,0,0,8.0,1,87,87,87,138,151,98,151,98,119,98,93,100,93,6,152,63,62,105,80,17,169,41,76,160,139,128,15,2,136,1,92,93.2,108.0,108.0,131.4,134.6,134.6,-38.1,-26.6,-26.6,0.222,0.0,25.0,0.148,0.0,0.103,0.0,0.0,0.0,0.0,0.158,0.158,92.24,84.61,70.51,84.61,-0.063,25,0.0,6.0,142,99,99,160,167,167,163,153,153,40,91,43,10,152,65,1,1,151,160,110,116,175,179,179,170,151,98,35,37,0.0,0,11,6,2,0.057,0.057,8,0,3,0.0,0,0,0.0,0,0.0,4,0.5,0,0.0,0,0.0,0,0.0,0,43,21,3.3,4.62,3.95,0.0,0,1,1,0.0,0.0,0.0,1.0,3.0,0.25,7.0,0.571,0.0,0.571,14.7,0.0,0.0,0.0,1.0,0.0,0.0,0.0,0.0,1.0,3.0,0.25,8.0,0.5,0.0,0.5,14.7,,,,,,,,,,,,,,,0.833,0.0,5.0,0.0,0.0,0.833,0.0,5.0,0.0,0.0,0.0,0.0,,,,,,,,,,,,,,,0.167,0.0,1.0,0.0,0.0,0.0,0.0,0.0,,0.167,0.0,1.0,0.0,0,1,0.0,0,0.0,0.0,,0.0,0,0.0,0,0.0,0,0.0,0,0.0,0.0,0,3,0.0,0.0,1.0,0.0,0.0,1.0,0.0,0.0,0.0,0.0,0.0,1.0,0.0,0,0,0.0,0.0,0.0,0.0,0.0,1.0,0.0,ORL,0,4,0.0,0.0,0.0,0.0,0.0,0.0,0.0,0.0,1.0,0.0,0.0,1.0,0.0,0.0,0.0,0.0,,,,,,,0.0,0.0,0.0,0,0,0.0,0.0,,,2.0,3.0,0.667,0.408,0.259,,,,,,2.0,3.0,0.667,0.442,0.225,,,,,,0.0,1.0,0.0,0.484,-0.484,1.0,1.0,1.0,0.344,0.656,4.0,4.0,0.0,0.0,0.0,0.0,0.0,1.0,0.0,1.0,1.0,0.0,0.0,0.0,0.0,0.0,0.0,0.0,0.0,0.0,0.0,0,0,0,0,0.0,0.0,1,1.0,0,0.0,0,0.0,0,0.0,5943,1.1,0.6,0.5,4.29,4.35,4.22,2019,20190328,False
203118,Mike Scott,Mike,1610612755,PHI,30.0,1,1,0,1.0,28.283333333333335,4,7,0.571,3,3,1.0,0,0,0.0,0,2,2,1,0,0,0,0,1,0,11,0,14.9,0,0,17.0,1,1,1,1,58,63,92,52,12,61,1,93,100,93,74,91,104,92,105,80,52,1,41,125,67,81,110,15,2,91,1,103,125.4,124.6,124.6,116.8,120.3,120.3,8.7,4.2,4.2,0.048,0.0,12.5,0.0,0.067,0.037,0.0,0.0,0.786,0.786,0.115,0.117,99.62,98.43,82.03,98.43,0.078,57,4.0,7.0,31,28,28,120,131,131,62,72,72,132,91,109,74,123,136,1,1,27,30,141,145,107,119,119,97,63,92,22,19,0.0,0,1,2,1,0.045,0.045,1,0,0,0.0,0,0,0.0,0,0.0,0,0.0,0,0.0,1,1.0,0,0.0,11,33,18,0.9,1.61,0.58,0.333,3,0,2,0.667,0.0,1.0,0.0,0.0,0.0,0.0,0.0,0.0,0.0,0.0,1.0,1.0,0.5,2.0,1.0,0.0,1.0,8.9,1.0,1.0,0.5,2.0,1.0,0.0,1.0,8.9,,,,,,,,,,,,,,,0.286,1.0,2.0,0.5,0.5,0.286,1.0,2.0,0.5,0.0,0.0,0.0,,0.571,3.0,4.0,0.75,1.125,0.143,0.0,1.0,0.0,0.429,3.0,3.0,1.0,0.143,0.0,1.0,0.0,0.0,0.143,0.0,1.0,0.0,0.0,0.0,0.0,,1,2,0.5,2,0.0,0.0,,0.5,9,0.75,2,0.5,0,0.0,2,0.333,0.786,0,1,0.0,1.0,1.0,1.0,0.0,2.0,0.0,0.0,0.0,0.0,0.0,0.0,0.0,3,3,1.0,0.0,0.0,0.0,0.0,0.0,0.0,PHI,0,1,0.0,1.0,1.0,1.0,0.0,0.0,0.0,0.0,0.0,0.0,0.0,2.0,0.0,3.0,3.0,1.0,,,,0.0,0.0,0.0,0.0,0.0,0.0,3,4,3.0,3.0,1.0,1.125,3.0,8.0,0.375,0.424,-0.049,1.0,4.0,0.25,0.332,-0.082,2.0,4.0,0.5,0.481,0.019,2.0,2.0,1.0,0.531,0.47,2.0,2.0,1.0,0.5,0.5,1.0,5.0,0.2,0.347,-0.147,3.0,2.0,1.0,0.0,0.0,0.0,0.0,1.0,1.0,2.0,0.5,0.5,0.0,5.0,5.0,2.0,0.0,0.0,1.0,1.0,0.0,0,0,0,0,0.0,0.0,0,0.0,0,0.0,0,0.0,0,0.0,11313,2.1,1.2,1.0,4.16,4.7,4.0,2019,20190328,False
1629011,Mitchell Robinson,Mitchell,1610612752,NYK,21.0,1,0,1,0.0,30.983333333333334,8,12,0.667,0,0,0.0,3,6,0.5,9,12,21,0,0,1,2,0,3,4,19,-10,53.2,1,0,46.0,1,87,87,87,37,15,38,22,98,141,98,21,10,75,1,2,1,138,105,16,4,1,124,19,19,150,8,1,2,10,1,101,91.6,92.3,92.3,104.2,106.1,106.1,-12.6,-13.8,-13.8,0.0,0.0,0.0,0.22,0.324,0.269,0.0,0.0,0.667,0.649,0.192,0.191,102.74,101.47,84.56,101.47,0.27,65,8.0,12.0,147,146,146,69,73,73,127,126,126,138,91,138,2,16,5,1,1,51,64,82,87,68,93,93,9,15,38,28,14,0.0,0,2,0,0,0.0,0.0,0,0,0,0.0,0,0,0.0,0,0.0,0,0.0,0,0.0,0,0.0,0,0.0,19,42,23,0.8,1.09,0.1,0.452,3,2,17,0.0,1.0,1.0,8.0,1.0,0.889,14.0,0.643,0.0,0.643,3.7,0.0,12.0,0.0,15.0,0.8,1.0,0.857,5.9,8.0,13.0,0.381,26.0,0.808,1.0,0.84,5.0,1.0,0.167,0.0,2.0,0.0,0.0,0.167,0.0,2.0,0.0,0.0,0.0,0.0,,0.75,7.0,9.0,0.778,0.778,0.75,7.0,9.0,0.778,0.0,0.0,0.0,,0.083,1.0,1.0,1.0,1.0,0.083,1.0,1.0,1.0,0.0,0.0,0.0,,,,,,,,,,,,,,,0,0,,0,,,,,0,0.0,17,0.667,2,1.0,0,0.0,0.667,8,11,0.727,0.0,1.0,0.0,0.0,0.0,0.0,0.0,0.0,0.0,0.0,0.0,0.0,0,0,0.0,0.0,0.0,0.0,0.0,0.0,0.0,NYK,8,12,0.667,0.0,0.0,0.0,0.0,0.0,0.0,0.0,0.0,0.0,0.0,0.0,0.0,0.0,0.0,0.0,0.0,0.0,0.0,,,,0.0,0.0,0.0,0,0,,,,,6.0,18.0,0.333,0.453,-0.119,4.0,10.0,0.4,0.349,0.051,2.0,8.0,0.25,0.547,-0.297,2.0,5.0,0.4,0.64,-0.24,2.0,7.0,0.286,0.597,-0.312,4.0,11.0,0.364,0.36,0.004,22.0,13.0,9.0,1.0,0.0,3.0,6.0,1.0,1.0,2.0,0.5,0.5,5.0,4.0,9.0,5.0,2.0,0.556,0.444,1.0,0.4,1,1,1,3,0.333,1.0,0,0.0,0,0.0,0,0.0,1,0.5,11843,2.2,1.1,1.1,3.99,4.11,3.89,2019,20190328,False
1628420,Monte Morris,Monte,1610612743,DEN,24.0,1,0,1,0.0,26.683333333333334,5,9,0.556,1,3,0.333,5,5,1.0,1,2,3,4,0,0,0,0,2,4,16,-23,25.6,0,0,24.0,1,87,87,87,69,50,68,56,54,61,65,8,13,1,42,91,83,21,105,80,52,1,86,19,33,175,54,15,2,51,1,94,74.6,77.8,77.8,122.7,120.4,120.4,-48.1,-42.6,-42.6,0.444,0.0,26.7,0.031,0.074,0.051,0.0,0.0,0.611,0.714,0.18,0.186,98.25,97.14,80.95,97.14,0.181,54,5.0,9.0,168,167,167,143,132,132,172,170,170,7,91,40,62,119,113,1,1,65,47,90,91,129,127,127,31,50,68,48,52,0.0,0,9,9,4,0.083,0.083,6,1,2,0.5,1,1,1.0,3,0.5,4,0.667,1,0.167,0,0.0,0,0.0,16,59,23,5.2,5.25,5.41,0.271,0,1,1,0.0,0.0,2.0,0.0,1.0,0.0,2.0,0.5,0.0,0.5,10.1,0.0,2.0,0.0,3.0,0.667,0.0,0.667,12.5,0.0,3.0,0.0,5.0,0.6,0.0,0.6,11.7,1.0,0.111,1.0,1.0,1.0,1.0,0.111,1.0,1.0,1.0,0.0,0.0,0.0,,0.333,1.0,3.0,0.333,0.333,0.333,1.0,3.0,0.333,0.0,0.0,0.0,,0.333,2.0,3.0,0.667,0.667,0.222,2.0,2.0,1.0,0.111,0.0,1.0,0.0,0.222,1.0,2.0,0.5,0.75,0.0,0.0,0.0,,0.222,1.0,2.0,0.5,2,6,0.333,5,1.0,3.0,0.333,0.417,0,0.0,2,1.0,0,0.0,0,0.0,0.611,3,3,1.0,0.0,1.0,0.0,1.0,2.0,0.5,0.0,0.0,0.0,0.0,0.0,0.0,1,3,0.333,,,,0.0,0.0,0.0,DEN,3,3,1.0,0.0,0.0,0.0,0.0,1.0,0.0,1.0,2.0,0.5,0.0,1.0,0.0,1.0,2.0,0.5,0.0,0.0,0.0,0.0,0.0,0.0,0.0,0.0,0.0,0,0,0.0,0.0,,,4.0,7.0,0.571,0.414,0.157,1.0,3.0,0.333,0.357,-0.024,3.0,4.0,0.75,0.5,0.25,1.0,1.0,1.0,0.548,0.452,2.0,2.0,1.0,0.528,0.472,1.0,4.0,0.25,0.363,-0.113,4.0,2.0,2.0,1.0,0.0,0.0,0.0,0.0,2.0,2.0,0.0,1.0,0.0,0.0,0.0,0.0,0.0,0.0,0.0,0.0,0.0,0,1,0,0,0.0,0.0,0,0.0,0,0.0,0,0.0,0,0.0,10525,2.0,1.1,0.9,4.2,4.62,3.79,2019,20190328,False
1626149,Montrezl Harrell,Montrezl,1610612746,LAC,25.0,1,0,1,0.0,19.6,6,12,0.5,0,0,0.0,1,4,0.25,2,3,5,3,3,0,0,1,1,4,13,-20,20.5,0,0,21.0,1,87,87,87,109,33,38,65,98,141,98,73,18,90,17,65,46,42,6,80,52,122,41,19,51,172,74,15,2,71,1,105,86.1,83.3,83.3,133.6,131.0,131.0,-47.5,-47.6,-47.6,0.375,1.0,15.0,0.077,0.176,0.116,15.0,15.2,0.5,0.472,0.362,0.367,100.16,102.86,85.71,102.86,0.092,42,6.0,12.0,156,157,157,163,162,162,171,172,172,11,58,96,33,63,57,150,151,82,109,12,13,98,79,79,86,33,38,29,33,0.0,0,5,9,3,0.103,0.103,1,0,1,0.0,0,0,0.0,0,0.0,0,0.0,0,0.0,0,0.0,0,0.0,13,45,35,1.8,2.37,1.2,0.289,2,8,5,0.0,0.0,1.4,1.0,1.0,0.5,3.0,0.667,0.0,0.667,1.9,1.0,2.0,0.333,3.0,1.0,0.0,1.0,6.0,2.0,3.0,0.4,6.0,0.833,0.0,0.833,4.3,1.0,0.083,0.0,1.0,0.0,0.0,0.083,0.0,1.0,0.0,0.0,0.0,0.0,,0.667,4.0,8.0,0.5,0.5,0.667,4.0,8.0,0.5,0.0,0.0,0.0,,0.167,1.0,2.0,0.5,0.5,0.167,1.0,2.0,0.5,0.0,0.0,0.0,,0.083,1.0,1.0,1.0,1.0,0.083,1.0,1.0,1.0,0.0,0.0,0.0,,0,2,0.0,0,,,,0.0,2,1.0,7,0.75,0,0.0,0,0.0,0.5,5,6,0.833,0.0,4.0,0.0,1.0,2.0,0.5,0.0,0.0,0.0,0.0,0.0,0.0,0,0,0.0,0.0,0.0,0.0,0.0,0.0,0.0,LAC,5,8,0.625,0.0,2.0,0.0,0.0,0.0,0.0,1.0,2.0,0.5,0.0,0.0,0.0,0.0,0.0,0.0,0.0,0.0,0.0,0.0,0.0,0.0,0.0,0.0,0.0,1,1,,,,1.0,5.0,7.0,0.714,0.437,0.277,3.0,4.0,0.75,0.357,0.394,2.0,3.0,0.667,0.526,0.141,,,,,,1.0,2.0,0.5,0.62,-0.12,4.0,5.0,0.8,0.361,0.439,3.0,1.0,2.0,0.0,0.0,2.0,4.0,0.0,0.0,0.0,0.0,0.0,1.0,4.0,5.0,1.0,0.0,0.2,0.8,1.0,0.0,0,4,0,2,0.0,0.0,2,0.25,0,0.0,0,0.0,1,0.125,7182,1.4,0.8,0.6,3.97,4.29,3.62,2019,20190328,False
202357,Nemanja Bjelica,Nemanja,1610612758,SAC,31.0,1,0,1,0.0,8.033333333333333,0,1,0.0,0,1,0.0,0,0,0.0,0,1,1,0,0,0,1,0,0,0,0,-1,4.2,0,0,3.0,1,87,87,87,155,151,161,151,98,119,98,93,100,93,74,120,126,138,105,80,17,1,1,125,160,96,158,15,2,162,1,105,105.6,105.6,105.6,111.1,111.1,111.1,-5.6,-5.6,-5.6,0.0,0.0,0.0,0.0,0.111,0.056,0.0,0.0,0.0,0.0,0.056,0.056,107.55,107.55,89.63,107.55,0.011,18,0.0,1.0,106,105,105,101,98,98,103,104,104,138,91,138,74,91,106,1,1,151,160,170,171,37,37,37,152,151,161,10,8,0.0,1,0,0,1,0.0,0.1,0,0,0,0.0,0,0,0.0,0,0.0,0,0.0,0,0.0,0,0.0,0,0.0,0,11,7,0.3,1.48,0.27,0.0,0,0,0,0.0,0.0,0.0,0.0,0.0,0.0,0.0,0.0,0.0,0.0,0.0,0.0,1.0,0.0,1.0,1.0,0.0,1.0,2.8,0.0,1.0,0.0,1.0,1.0,0.0,1.0,2.8,,,,,,,,,,,,,,,,,,,,,,,,,,,,,,,,,,,,,,,,,1.0,0.0,1.0,0.0,0.0,0.0,0.0,0.0,,1.0,0.0,1.0,0.0,0,0,,0,0.0,0.0,,,0,0.0,0,0.0,0,0.0,0,0.0,0.0,0,0,0.0,0.0,0.0,0.0,0.0,0.0,0.0,,,,0.0,0.0,0.0,0,1,0.0,0.0,0.0,0.0,0.0,0.0,0.0,SAC,0,0,0.0,0.0,0.0,0.0,0.0,0.0,0.0,0.0,0.0,0.0,0.0,0.0,0.0,0.0,1.0,0.0,0.0,0.0,0.0,,,,0.0,0.0,0.0,0,1,0.0,1.0,0.0,0.0,4.0,7.0,0.571,0.52,0.051,2.0,3.0,0.667,0.344,0.323,2.0,4.0,0.5,0.549,-0.049,2.0,3.0,0.667,0.596,0.07,2.0,4.0,0.5,0.566,-0.066,2.0,3.0,0.667,0.349,0.318,6.0,4.0,2.0,1.0,0.0,1.0,2.0,0.0,0.0,0.0,0.0,0.0,0.0,0.0,0.0,0.0,0.0,0.0,0.0,0.0,0.0,0,0,0,0,0.0,0.0,0,0.0,0,0.0,0,0.0,0,0.0,2916,0.6,0.3,0.3,4.36,4.29,4.42,2019,20190328,False
2403,Nene,ene,1610612745,HOU,36.0,1,1,0,1.0,15.283333333333333,1,4,0.25,0,0,0.0,0,0,0.0,2,3,5,0,0,0,0,0,3,1,2,17,8.0,0,0,7.0,1,1,1,1,131,125,117,133,98,141,98,93,100,93,17,65,46,138,105,80,52,1,124,76,144,12,141,15,2,140,1,96,134.3,128.1,128.1,74.8,80.0,80.0,59.5,48.1,48.1,0.0,0.0,0.0,0.154,0.176,0.167,0.0,0.0,0.25,0.25,0.111,0.116,98.3,97.36,81.13,97.36,0.0,32,1.0,4.0,15,21,21,10,15,15,9,8,8,138,91,138,8,63,27,1,1,140,151,144,146,127,125,125,156,125,117,20,13,0.0,0,1,0,0,0.0,0.0,0,0,0,0.0,0,0,0.0,0,0.0,0,0.0,0,0.0,0,0.0,0,0.0,2,25,14,0.8,1.84,0.48,0.08,4,1,4,0.5,0.0,0.0,2.0,0.0,1.0,4.0,0.5,0.0,0.5,2.0,1.0,2.0,0.333,3.0,1.0,0.0,1.0,6.4,3.0,2.0,0.6,7.0,0.714,0.0,0.714,4.6,,,,,,,,,,,,,,,0.5,0.0,2.0,0.0,0.0,0.5,0.0,2.0,0.0,0.0,0.0,0.0,,0.5,1.0,2.0,0.5,0.5,0.5,1.0,2.0,0.5,0.0,0.0,0.0,,,,,,,,,,,,,,,0,0,,0,,,,,2,0.5,0,0.0,0,0.0,2,0.5,0.25,0,0,0.0,0.0,2.0,0.0,1.0,2.0,0.5,0.0,0.0,0.0,0.0,0.0,0.0,0,0,0.0,,,,0.0,0.0,0.0,HOU,0,1,0.0,0.0,1.0,0.0,0.0,1.0,0.0,1.0,1.0,1.0,0.0,0.0,0.0,0.0,0.0,0.0,,,,0.0,0.0,0.0,0.0,0.0,0.0,1,2,,,,0.5,3.0,8.0,0.375,0.472,-0.097,0.0,1.0,0.0,0.392,-0.392,3.0,7.0,0.429,0.516,-0.087,2.0,5.0,0.4,0.57,-0.17,2.0,5.0,0.4,0.54,-0.14,1.0,3.0,0.333,0.337,-0.004,5.0,4.0,1.0,1.0,0.0,2.0,5.0,1.0,0.0,1.0,1.0,0.0,2.0,3.0,5.0,3.0,2.0,0.4,0.6,0.75,0.5,0,1,0,0,0.0,0.0,0,0.0,0,0.0,0,0.0,0,0.0,5710,1.1,0.6,0.5,4.0,4.22,3.76,2019,20190328,False
203917,Nik Stauskas,Nik,1610612739,CLE,25.0,1,0,1,0.0,8.483333333333333,2,5,0.4,1,3,0.333,0,0,0.0,0,3,3,0,0,0,0,0,1,0,5,1,8.6,0,0,9.0,1,87,87,87,153,102,107,94,54,61,65,93,100,93,74,65,83,138,105,80,52,1,41,125,114,72,136,15,2,129,1,97,117.4,105.0,105.0,109.2,111.1,111.1,8.3,-6.1,-6.1,0.0,0.0,0.0,0.0,0.333,0.158,0.0,0.0,0.5,0.5,0.217,0.239,102.41,107.5,89.59,107.5,0.107,20,2.0,5.0,60,109,109,94,98,98,65,109,109,138,91,138,74,12,37,1,1,82,98,59,50,75,38,38,76,102,107,10,8,0.0,0,0,0,0,0.0,0.0,3,1,2,0.5,0,0,0.0,2,0.667,1,0.333,0,0.0,0,0.0,0,0.0,5,15,7,0.9,3.45,2.47,0.333,0,0,0,0.0,0.0,0.0,0.0,0.0,0.0,0.0,0.0,0.0,0.0,0.0,0.0,3.0,0.0,4.0,0.75,1.0,1.0,6.9,0.0,3.0,0.0,4.0,0.75,1.0,1.0,6.9,,,,,,,,,,,,,,,0.2,0.0,1.0,0.0,0.0,0.2,0.0,1.0,0.0,0.0,0.0,0.0,,0.6,2.0,3.0,0.667,0.833,0.2,1.0,1.0,1.0,0.4,1.0,2.0,0.5,0.2,0.0,1.0,0.0,0.0,0.0,0.0,0.0,,0.2,0.0,1.0,0.0,1,3,0.333,2,0.0,2.0,0.0,0.333,3,1.0,0,0.0,0,0.0,0,0.0,0.5,0,1,0.0,1.0,1.0,1.0,0.0,0.0,0.0,,,,0.0,0.0,0.0,1,3,0.333,,,,0.0,0.0,0.0,CLE,0,1,0.0,1.0,1.0,1.0,0.0,0.0,0.0,0.0,0.0,0.0,0.0,1.0,0.0,1.0,2.0,0.5,0.0,0.0,0.0,,,,,,,1,1,1.0,1.0,1.0,1.5,1.0,2.0,0.5,0.411,0.089,0.0,1.0,0.0,0.373,-0.373,1.0,1.0,1.0,0.462,0.538,1.0,1.0,1.0,0.551,0.449,1.0,1.0,1.0,0.532,0.468,0.0,1.0,0.0,0.38,-0.38,2.0,1.0,1.0,0.0,0.0,0.0,0.0,0.0,0.0,0.0,0.0,0.0,0.0,0.0,0.0,0.0,0.0,0.0,0.0,0.0,0.0,0,0,0,0,0.0,0.0,0,0.0,0,0.0,0,0.0,0,0.0,3689,0.7,0.4,0.3,4.63,4.94,4.28,2019,20190328,False
203999,Nikola Jokić,Nikola,1610612743,DEN,24.0,1,0,1,0.0,24.866666666666667,7,14,0.5,0,0,0.0,2,2,1.0,3,5,8,6,2,0,2,0,3,3,16,-1,38.6,0,0,34.0,1,87,87,87,79,21,23,65,98,141,98,32,50,1,8,37,24,11,22,80,4,1,124,29,33,96,18,15,2,22,1,94,98.8,104.0,104.0,110.8,108.2,108.2,-12.0,-4.2,-4.2,0.4,3.0,26.1,0.115,0.208,0.16,8.7,8.7,0.5,0.538,0.298,0.298,96.98,95.55,79.62,95.55,0.184,50,7.0,14.0,127,113,113,100,83,83,125,97,97,9,16,42,19,48,35,106,106,82,89,23,24,147,137,137,29,21,23,57,51,0.0,2,8,15,8,0.105,0.14,5,1,2,0.5,0,0,0.0,2,0.4,2,0.4,1,0.2,1,0.2,0,0.0,16,76,52,2.9,2.25,0.91,0.211,9,9,6,0.667,0.0,1.0,2.0,1.0,0.667,8.0,0.375,0.0,0.375,1.9,1.0,4.0,0.2,11.0,0.455,1.0,0.5,5.4,3.0,5.0,0.375,18.0,0.444,1.0,0.471,4.1,1.0,0.071,0.0,1.0,0.0,0.0,0.071,0.0,1.0,0.0,0.0,0.0,0.0,,0.786,6.0,11.0,0.545,0.545,0.786,6.0,11.0,0.545,0.0,0.0,0.0,,0.143,1.0,2.0,0.5,0.5,0.143,1.0,2.0,0.5,0.0,0.0,0.0,,,,,,,,,,,,,,,0,0,,0,,,,,4,0.5,6,0.75,0,0.0,6,0.667,0.5,5,6,0.833,1.0,5.0,0.2,1.0,3.0,0.333,0.0,0.0,0.0,0.0,0.0,0.0,0,0,0.0,0.0,0.0,0.0,0.0,0.0,0.0,DEN,5,6,0.833,0.0,4.0,0.0,1.0,1.0,1.0,1.0,3.0,0.333,0.0,0.0,0.0,0.0,0.0,0.0,,,,0.0,0.0,0.0,0.0,0.0,0.0,2,3,,,,0.667,8.0,20.0,0.4,0.522,-0.122,1.0,3.0,0.333,0.376,-0.043,7.0,17.0,0.412,0.573,-0.161,5.0,12.0,0.417,0.636,-0.219,6.0,13.0,0.462,0.607,-0.145,1.0,3.0,0.333,0.378,-0.044,13.0,9.0,4.0,0.0,0.0,3.0,6.0,0.0,1.0,1.0,0.0,1.0,1.0,6.0,7.0,3.0,1.0,0.143,0.857,0.6,0.2,0,4,0,0,0.0,0.0,4,0.444,3,0.333,1,0.111,0,0.0,8989,1.7,0.9,0.8,3.89,4.02,3.76,2019,20190328,False
202696,Nikola Vučević,Nikola,1610612753,ORL,28.0,1,0,1,0.0,33.166666666666664,5,15,0.333,0,2,0.0,2,2,1.0,1,11,12,4,4,1,0,0,3,1,12,-13,31.4,1,0,30.0,1,87,87,87,17,50,18,108,98,83,98,32,50,1,42,3,6,21,3,16,52,1,124,76,59,160,33,1,2,32,1,92,99.4,104.6,104.6,127.3,124.6,124.6,-27.9,-20.0,-20.0,0.182,1.0,16.7,0.029,0.355,0.185,16.7,16.8,0.333,0.378,0.256,0.257,95.55,94.07,78.39,94.07,0.08,65,5.0,15.0,123,112,112,154,149,149,154,143,143,54,58,79,64,9,21,153,157,124,127,37,37,161,152,152,94,50,18,55,43,0.0,0,7,10,4,0.073,0.073,1,0,0,0.0,0,0,0.0,0,0.0,0,0.0,0,0.0,1,1.0,0,0.0,12,74,44,1.9,1.5,0.51,0.162,8,6,13,0.5,0.333,0.769,1.0,0.0,1.0,4.0,0.25,0.0,0.25,5.0,4.0,7.0,0.364,17.0,0.647,1.0,0.688,5.5,5.0,7.0,0.417,20.0,0.6,1.0,0.632,5.4,,,,,,,,,,,,,,,0.667,5.0,10.0,0.5,0.5,0.667,5.0,10.0,0.5,0.0,0.0,0.0,,0.2,0.0,3.0,0.0,0.0,0.2,0.0,3.0,0.0,0.0,0.0,0.0,,0.133,0.0,2.0,0.0,0.0,0.0,0.0,0.0,,0.133,0.0,2.0,0.0,0,0,,0,0.0,0.0,,,0,0.0,10,0.556,2,0.333,4,0.333,0.333,4,6,0.667,1.0,4.0,0.25,0.0,3.0,0.0,0.0,0.0,0.0,0.0,0.0,0.0,0,2,0.0,0.0,0.0,0.0,0.0,0.0,0.0,ORL,4,6,0.667,1.0,4.0,0.25,0.0,0.0,0.0,0.0,3.0,0.0,0.0,0.0,0.0,0.0,2.0,0.0,,,,0.0,0.0,0.0,0.0,0.0,0.0,0,5,0.0,2.0,0.0,0.0,11.0,16.0,0.688,0.46,0.227,1.0,2.0,0.5,0.387,0.114,10.0,14.0,0.714,0.506,0.209,6.0,8.0,0.75,0.581,0.169,7.0,10.0,0.7,0.544,0.157,3.0,4.0,0.75,0.378,0.372,11.0,11.0,0.0,3.0,0.0,5.0,11.0,0.0,0.0,0.0,0.0,0.0,0.0,8.0,8.0,1.0,0.0,0.0,1.0,1.0,0.0,1,3,0,0,0.0,0.333,3,0.5,1,0.167,0,0.0,0,0.0,11895,2.3,1.2,1.0,3.99,4.26,3.4,2019,20190328,False
1626181,Norman Powell,Norman,1610612761,TOR,26.0,1,1,0,1.0,22.516666666666666,3,7,0.429,3,4,0.75,2,2,1.0,0,3,3,0,1,2,0,0,2,3,11,9,19.6,0,0,21.0,1,1,1,1,92,82,92,92,12,45,15,32,50,1,74,65,83,138,52,8,52,1,86,29,67,33,79,15,2,71,1,101,98.0,97.9,97.9,81.7,80.9,80.9,16.3,17.1,17.1,0.0,0.0,0.0,0.0,0.125,0.059,11.1,11.3,0.643,0.698,0.17,0.174,100.7,101.26,84.38,101.26,0.145,48,3.0,7.0,129,135,135,18,18,18,46,42,42,138,91,138,74,84,102,119,124,58,56,102,103,93,98,98,45,82,92,16,18,0.0,1,4,0,1,0.0,0.063,5,0,3,0.0,0,0,0.0,0,0.0,0,0.0,0,0.0,1,0.2,0,0.0,11,26,18,0.9,2.12,1.5,0.423,0,0,0,0.0,0.0,0.0,0.0,0.0,0.0,2.0,0.0,0.0,0.0,0.0,0.0,2.0,0.0,3.0,1.0,0.0,1.0,7.5,0.0,2.0,0.0,5.0,0.6,0.0,0.6,7.5,1.0,0.286,0.0,2.0,0.0,0.0,0.286,0.0,2.0,0.0,0.0,0.0,0.0,,0.143,0.0,1.0,0.0,0.0,0.143,0.0,1.0,0.0,0.0,0.0,0.0,,,,,,,,,,,,,,,0.571,3.0,4.0,0.75,1.125,0.0,0.0,0.0,,0.571,3.0,4.0,0.75,1,1,1.0,3,1.0,1.0,1.0,1.5,6,0.667,0,0.0,0,0.0,0,0.0,0.643,0,3,0.0,0.0,0.0,0.0,1.0,1.0,1.0,1.0,1.0,1.0,0.0,0.0,0.0,1,2,0.5,0.0,0.0,0.0,1.0,1.0,1.0,TOR,0,3,0.0,0.0,0.0,0.0,0.0,0.0,0.0,0.0,0.0,0.0,3.0,3.0,1.0,0.0,1.0,0.0,,,,,,,0.0,0.0,0.0,2,3,2.0,3.0,0.667,1.0,4.0,8.0,0.5,0.447,0.053,1.0,4.0,0.25,0.408,-0.158,3.0,4.0,0.75,0.508,0.242,1.0,2.0,0.5,0.63,-0.13,1.0,2.0,0.5,0.614,-0.114,2.0,5.0,0.4,0.389,0.011,7.0,4.0,3.0,1.0,0.0,0.0,0.0,0.0,1.0,1.0,0.0,1.0,0.0,2.0,2.0,1.0,0.0,0.0,1.0,1.0,0.0,0,0,0,0,0.0,0.0,0,0.0,0,0.0,0,0.0,0,0.0,9140,1.7,0.9,0.8,4.24,4.38,4.1,2019,20190328,False
200782,P.J. Tucker,P.J.,1610612745,HOU,34.0,1,1,0,1.0,25.516666666666666,1,2,0.5,1,2,0.5,0,0,0.0,1,4,5,0,0,1,0,0,1,2,3,16,12.0,0,0,11.0,1,1,1,1,75,125,151,65,54,83,33,93,100,93,42,48,46,138,105,16,52,1,41,51,132,14,121,15,2,122,1,96,123.8,122.0,122.0,87.3,93.8,93.8,36.4,28.3,28.3,0.0,0.0,0.0,0.037,0.148,0.093,0.0,0.0,0.75,0.75,0.034,0.035,94.81,92.18,76.81,92.18,0.07,50,1.0,2.0,35,39,39,26,35,35,19,22,22,138,91,138,54,72,70,1,1,32,37,172,172,168,168,168,103,125,151,22,12,0.0,0,2,0,0,0.0,0.0,2,0,0,0.0,0,0,0.0,0,0.0,2,1.0,0,0.0,0,0.0,0,0.0,3,24,14,0.6,1.47,0.92,0.125,0,0,1,0.0,0.0,0.0,1.0,0.0,1.0,3.0,0.333,0.0,0.333,5.0,1.0,3.0,0.25,8.0,0.5,1.0,0.571,10.7,2.0,3.0,0.4,11.0,0.455,1.0,0.5,9.6,,,,,,,,,,,,,,,,,,,,,,,,,,,,,,,,,,,,,,,,,1.0,1.0,2.0,0.5,0.75,0.0,0.0,0.0,,1.0,1.0,2.0,0.5,0,0,,0,0.0,0.0,,,3,0.5,0,0.0,0,0.0,0,0.0,0.75,0,0,0.0,0.0,0.0,0.0,0.0,0.0,0.0,0.0,0.0,0.0,1.0,2.0,0.5,0,0,0.0,0.0,0.0,0.0,1.0,2.0,0.5,HOU,0,0,0.0,0.0,0.0,0.0,0.0,0.0,0.0,0.0,0.0,0.0,1.0,2.0,0.5,0.0,0.0,0.0,0.0,0.0,0.0,0.0,0.0,0.0,0.0,0.0,0.0,1,2,1.0,2.0,0.5,0.75,9.0,12.0,0.75,0.465,0.285,1.0,2.0,0.5,0.352,0.149,8.0,10.0,0.8,0.526,0.274,6.0,7.0,0.857,0.59,0.268,7.0,9.0,0.778,0.56,0.218,1.0,2.0,0.5,0.364,0.136,5.0,3.0,2.0,1.0,1.0,1.0,2.0,0.0,2.0,2.0,0.0,1.0,0.0,3.0,3.0,2.0,0.0,0.0,1.0,1.0,0.0,0,0,0,0,0.0,0.0,0,0.0,0,0.0,0,0.0,0,0.0,9468,1.8,1.0,0.8,4.0,4.45,3.55,2019,20190328,False
1627783,Pascal Siakam,Pascal,1610612761,TOR,25.0,1,1,0,1.0,30.833333333333332,11,19,0.579,2,6,0.333,7,8,0.875,2,3,5,5,0,1,1,0,4,5,31,31,50.5,0,0,47.0,1,1,1,1,39,4,7,51,28,21,65,4,4,54,17,65,46,15,105,16,17,1,164,10,6,2,9,15,2,9,1,101,121.5,123.1,123.1,76.0,76.6,76.6,45.5,46.5,46.5,0.278,0.0,17.9,0.061,0.077,0.069,0.0,0.0,0.632,0.688,0.319,0.322,101.44,100.41,83.68,100.41,0.269,65,11.0,19.0,44,33,33,12,10,10,14,10,10,26,91,78,44,114,90,1,1,59,58,18,20,83,106,106,10,4,7,44,55,0.0,1,10,14,6,0.114,0.136,10,2,4,0.5,6,6,1.0,10,1.0,3,0.3,0,0.0,0,0.0,3,0.3,31,71,53,2.8,2.34,1.28,0.437,3,5,8,1.333,0.8,1.0,0.0,2.0,0.0,2.0,1.0,0.0,1.0,6.5,0.0,3.0,0.0,6.0,0.5,1.0,0.6,7.5,0.0,5.0,0.0,8.0,0.625,1.0,0.714,7.1,1.0,0.053,1.0,1.0,1.0,1.0,0.053,1.0,1.0,1.0,0.0,0.0,0.0,,0.368,4.0,7.0,0.571,0.571,0.368,4.0,7.0,0.571,0.0,0.0,0.0,,0.316,4.0,6.0,0.667,0.75,0.211,3.0,4.0,0.75,0.105,1.0,2.0,0.5,0.263,2.0,5.0,0.4,0.5,0.053,1.0,1.0,1.0,0.211,1.0,4.0,0.25,2,3,0.667,4,0.0,1.0,0.0,0.667,6,0.4,8,0.667,4,1.0,4,0.667,0.632,7,7,1.0,0.0,3.0,0.0,2.0,3.0,0.667,0.0,3.0,0.0,0.0,0.0,0.0,2,3,0.667,0.0,0.0,0.0,0.0,3.0,0.0,TOR,7,7,1.0,1.0,4.0,0.25,1.0,2.0,0.5,0.0,0.0,0.0,2.0,6.0,0.333,0.0,0.0,0.0,0.0,0.0,0.0,,,,0.0,0.0,0.0,2,5,2.0,5.0,0.4,0.6,3.0,12.0,0.25,0.438,-0.188,0.0,6.0,0.0,0.301,-0.301,3.0,6.0,0.5,0.501,-0.001,3.0,4.0,0.75,0.562,0.188,3.0,4.0,0.75,0.54,0.211,0.0,7.0,0.0,0.342,-0.342,8.0,3.0,5.0,2.0,0.0,0.0,0.0,0.0,1.0,1.0,0.0,1.0,0.0,7.0,7.0,3.0,0.0,0.0,1.0,1.0,0.0,2,2,0,0,0.0,0.8,2,0.4,0,0.0,0,0.0,0,0.0,13065,2.5,1.4,1.1,4.6,5.12,4.06,2019,20190328,False
1626192,Pat Connaughton,Pat,1610612749,MIL,26.0,1,1,0,1.0,30.083333333333332,2,3,0.667,1,2,0.5,1,2,0.5,0,5,5,0,0,1,0,0,0,1,6,20,15.0,0,0,14.0,1,1,1,1,45,102,132,22,54,83,33,73,50,75,74,37,46,138,105,16,52,1,1,76,103,8,108,15,2,108,1,105,140.5,131.8,131.8,107.8,106.3,106.3,32.7,25.5,25.5,0.0,0.0,0.0,0.0,0.135,0.082,0.0,0.0,0.833,0.773,0.059,0.061,98.99,102.91,85.76,102.91,0.066,66,2.0,3.0,8,15,15,84,74,74,21,25,25,138,91,138,74,79,81,1,1,15,33,169,169,115,78,78,111,102,132,32,17,0.0,0,1,0,0,0.0,0.0,3,1,1,1.0,1,2,0.5,3,1.0,1,0.333,0,0.0,0,0.0,1,0.333,6,36,19,1.4,2.29,1.11,0.167,0,0,0,0.0,0.0,0.0,0.0,0.0,0.0,0.0,0.0,0.0,0.0,0.0,1.0,4.0,0.2,7.0,0.714,1.0,0.833,4.3,1.0,4.0,0.2,7.0,0.714,1.0,0.833,4.3,,,,,,,,,,,,,,,0.333,0.0,1.0,0.0,0.0,0.0,0.0,0.0,,0.333,0.0,1.0,0.0,0.667,2.0,2.0,1.0,1.25,0.333,1.0,1.0,1.0,0.333,1.0,1.0,1.0,,,,,,,,,,,,,,0,0,,0,0.0,0.0,,,3,0.5,0,0.0,0,0.0,0,0.0,0.833,1,1,1.0,0.0,0.0,0.0,0.0,0.0,0.0,0.0,0.0,0.0,0.0,0.0,0.0,1,2,0.5,,,,0.0,0.0,0.0,MIL,1,1,1.0,0.0,0.0,0.0,0.0,0.0,0.0,0.0,0.0,0.0,0.0,0.0,0.0,0.0,1.0,0.0,1.0,1.0,1.0,0.0,0.0,0.0,0.0,0.0,0.0,1,2,1.0,2.0,0.5,0.75,6.0,14.0,0.429,0.47,-0.041,2.0,5.0,0.4,0.364,0.036,4.0,9.0,0.444,0.517,-0.072,3.0,5.0,0.6,0.593,0.007,4.0,6.0,0.667,0.553,0.114,2.0,5.0,0.4,0.374,0.026,6.0,2.0,4.0,1.0,0.0,2.0,6.0,0.0,1.0,1.0,0.0,1.0,0.0,0.0,0.0,0.0,0.0,0.0,0.0,0.0,0.0,0,0,0,0,0.0,0.0,0,0.0,0,0.0,0,0.0,0,0.0,11473,2.2,1.1,1.0,4.09,4.14,3.67,2019,20190328,False
1627775,Patrick McCaw,Patrick,1610612761,TOR,23.0,1,1,0,1.0,18.883333333333333,1,3,0.333,1,2,0.5,0,0,0.0,0,3,3,2,0,0,0,0,1,1,3,-3,9.6,0,0,9.0,1,1,1,1,112,125,132,108,54,83,33,93,100,93,74,65,83,62,105,80,52,1,41,76,132,108,132,15,2,129,1,101,104.3,102.4,102.4,108.2,107.1,107.1,-3.9,-4.7,-4.7,0.167,0.0,40.0,0.0,0.136,0.068,0.0,0.0,0.5,0.5,0.07,0.071,104.07,105.49,87.91,105.49,0.072,41,1.0,3.0,110,119,119,87,78,78,96,100,100,58,91,10,74,78,93,1,1,82,98,165,165,61,52,52,100,125,132,27,21,0.0,0,3,6,2,0.074,0.074,2,0,1,0.0,0,0,0.0,0,0.0,1,0.5,0,0.0,0,0.0,0,0.0,3,32,19,0.8,1.55,0.88,0.094,0,0,0,0.0,0.0,0.0,0.0,0.0,0.0,2.0,0.0,0.0,0.0,0.0,0.0,3.0,0.0,4.0,0.75,0.0,0.75,9.8,0.0,3.0,0.0,6.0,0.5,0.0,0.5,9.8,,,,,,,,,,,,,,,0.333,0.0,1.0,0.0,0.0,0.333,0.0,1.0,0.0,0.0,0.0,0.0,,,,,,,,,,,,,,,0.667,1.0,2.0,0.5,0.75,0.0,0.0,0.0,,0.667,1.0,2.0,0.5,0,0,,0,0.0,0.0,,,3,0.5,0,0.0,0,0.0,0,0.0,0.5,0,1,0.0,0.0,0.0,0.0,0.0,0.0,0.0,0.0,0.0,0.0,1.0,1.0,1.0,0,1,0.0,0.0,0.0,0.0,1.0,1.0,1.0,TOR,0,1,0.0,0.0,0.0,0.0,0.0,0.0,0.0,0.0,0.0,0.0,1.0,1.0,1.0,0.0,1.0,0.0,,,,,,,0.0,0.0,0.0,1,2,1.0,2.0,0.5,0.75,2.0,6.0,0.333,0.448,-0.115,0.0,2.0,0.0,0.364,-0.364,2.0,4.0,0.5,0.491,0.009,2.0,2.0,1.0,0.513,0.487,2.0,3.0,0.667,0.533,0.134,0.0,3.0,0.0,0.353,-0.353,4.0,2.0,2.0,1.0,0.0,0.0,0.0,1.0,0.0,1.0,1.0,0.0,0.0,1.0,1.0,0.0,0.0,0.0,1.0,0.0,0.0,0,0,0,0,0.0,0.0,0,0.0,0,0.0,0,0.0,0,0.0,7940,1.5,0.8,0.7,4.47,4.49,4.44,2019,20190328,False
201988,Patty Mills,Patty,1610612759,SAS,30.0,1,1,0,1.0,23.358333333333334,4,11,0.364,3,9,0.333,0,0,0.0,0,4,4,3,2,0,0,0,0,2,11,-8,18.3,0,0,21.0,1,1,1,1,85,63,47,105,12,4,65,93,100,93,74,48,63,42,22,80,52,1,1,51,67,139,87,15,2,71,1,95,92.5,93.8,93.8,109.0,103.9,103.9,-16.4,-10.2,-10.2,0.231,1.5,18.8,0.0,0.148,0.074,12.5,12.5,0.5,0.5,0.255,0.257,99.95,101.72,84.77,101.72,0.102,48,4.0,11.0,144,144,144,93,67,67,135,119,119,38,43,73,74,72,86,129,131,82,98,38,38,103,89,89,80,63,47,31,39,0.0,0,5,7,3,0.097,0.097,2,1,1,1.0,0,0,0.0,2,1.0,1,0.5,0,0.0,0,0.0,0,0.0,11,46,20,2.9,3.76,3.93,0.239,0,0,0,0.0,0.0,0.0,0.0,0.0,0.0,2.0,0.0,0.0,0.0,0.0,0.0,4.0,0.0,5.0,0.8,0.0,0.8,13.1,0.0,4.0,0.0,6.0,0.667,0.0,0.667,13.1,,,,,,,,,,,,,,,0.091,1.0,1.0,1.0,1.0,0.091,1.0,1.0,1.0,0.0,0.0,0.0,,0.091,1.0,1.0,1.0,1.5,0.0,0.0,0.0,,0.091,1.0,1.0,1.0,0.818,2.0,9.0,0.222,0.333,0.091,0.0,1.0,0.0,0.727,2.0,8.0,0.25,1,3,0.333,3,1.0,2.0,0.5,0.5,6,0.286,0,0.0,0,0.0,0,0.0,0.5,1,1,1.0,0.0,0.0,0.0,0.0,1.0,0.0,1.0,2.0,0.5,1.0,1.0,1.0,1,6,0.167,0.0,0.0,0.0,2.0,3.0,0.667,SAS,1,1,1.0,0.0,0.0,0.0,0.0,0.0,0.0,0.0,1.0,0.0,2.0,6.0,0.333,1.0,3.0,0.333,0.0,0.0,0.0,,,,0.0,0.0,0.0,2,7,2.0,7.0,0.286,0.429,5.0,7.0,0.714,0.435,0.279,2.0,2.0,1.0,0.349,0.651,3.0,5.0,0.6,0.468,0.132,2.0,2.0,1.0,0.515,0.485,2.0,3.0,0.667,0.478,0.188,3.0,4.0,0.75,0.346,0.404,3.0,3.0,0.0,0.0,0.0,1.0,2.0,1.0,2.0,3.0,0.333,0.667,0.0,1.0,1.0,1.0,0.0,0.0,1.0,1.0,0.0,0,0,0,0,0.0,0.0,0,0.0,0,0.0,0,0.0,0,0.0,9661,1.8,1.0,0.8,4.3,4.9,3.73,2019,20190328,False
200794,Paul Millsap,Paul,1610612743,DEN,34.0,1,0,1,0.0,22.3,4,7,0.571,0,1,0.0,0,0,0.0,0,2,2,0,2,2,1,1,2,0,8,-9,17.4,0,0,16.0,1,87,87,87,93,63,92,52,98,119,98,93,100,93,74,91,104,138,22,8,17,122,86,125,94,145,97,15,2,96,1,94,99.1,104.7,104.7,123.2,120.0,120.0,-24.1,-15.3,-15.3,0.0,0.0,0.0,0.0,0.105,0.05,22.2,22.2,0.571,0.571,0.18,0.182,96.04,94.71,78.92,94.71,0.064,43,4.0,7.0,126,111,111,144,128,128,151,130,130,138,91,138,74,99,114,169,169,69,83,91,95,156,144,144,112,63,92,16,12,0.0,0,0,0,0,0.0,0.0,1,0,0,0.0,0,0,0.0,0,0.0,0,0.0,0,0.0,1,1.0,0,0.0,8,25,12,0.8,1.91,0.84,0.32,2,3,3,1.0,1.333,0.667,0.0,0.0,0.0,3.0,0.0,1.0,0.0,0.0,1.0,1.0,0.5,3.0,0.667,0.0,0.667,3.2,1.0,1.0,0.5,6.0,0.333,1.0,0.4,3.2,1.0,0.143,1.0,1.0,1.0,1.0,0.143,1.0,1.0,1.0,0.0,0.0,0.0,,0.286,1.0,2.0,0.5,0.5,0.286,1.0,2.0,0.5,0.0,0.0,0.0,,0.286,1.0,2.0,0.5,0.5,0.286,1.0,2.0,0.5,0.0,0.0,0.0,,0.286,1.0,2.0,0.5,0.5,0.143,1.0,1.0,1.0,0.143,0.0,1.0,0.0,0,0,,0,0.0,0.0,,,0,0.0,2,0.333,4,0.667,2,0.5,0.571,4,4,1.0,0.0,2.0,0.0,0.0,0.0,0.0,0.0,0.0,0.0,0.0,0.0,0.0,0,1,0.0,0.0,0.0,0.0,0.0,0.0,0.0,DEN,4,4,1.0,0.0,2.0,0.0,0.0,0.0,0.0,0.0,0.0,0.0,0.0,0.0,0.0,0.0,1.0,0.0,0.0,0.0,0.0,0.0,0.0,0.0,0.0,0.0,0.0,0,2,0.0,1.0,0.0,0.0,4.0,11.0,0.364,0.47,-0.107,0.0,5.0,0.0,0.359,-0.359,4.0,6.0,0.667,0.561,0.106,4.0,6.0,0.667,0.596,0.071,4.0,6.0,0.667,0.575,0.092,0.0,5.0,0.0,0.37,-0.37,4.0,2.0,2.0,3.0,0.0,0.0,0.0,0.0,1.0,1.0,0.0,1.0,0.0,2.0,2.0,1.0,1.0,0.0,1.0,1.0,1.0,2,3,0,0,0.0,1.333,0,0.0,0,0.0,0,0.0,0,0.0,8352,1.6,0.8,0.8,4.05,4.1,4.01,2019,20190328,False
202704,Reggie Jackson,Reggie,1610612765,DET,29.0,1,1,0,1.0,19.783333333333335,2,8,0.25,0,3,0.0,1,2,0.5,0,1,1,4,1,1,0,0,1,1,5,19,14.2,0,0,12.0,1,1,1,1,106,102,83,133,98,61,98,73,50,75,74,120,126,21,52,16,52,1,41,76,114,11,112,15,2,117,1,92,135.8,138.5,138.5,84.1,89.7,89.7,51.8,48.7,48.7,0.211,4.0,28.6,0.0,0.043,0.026,7.1,7.2,0.25,0.282,0.238,0.237,98.75,94.63,78.85,94.63,0.023,39,2.0,8.0,14,7,7,20,30,30,11,7,7,43,5,33,74,142,149,93,95,140,147,48,51,122,146,146,145,102,83,31,35,0.0,0,5,11,4,0.129,0.129,3,1,3,0.333,0,0,0.0,2,0.667,0,0.0,0,0.0,0,0.0,0,0.0,5,42,12,3.7,5.27,4.81,0.119,0,0,0,0.0,0.0,0.0,0.0,0.0,0.0,1.0,0.0,0.0,0.0,0.0,0.0,1.0,0.0,3.0,0.333,0.0,0.333,5.3,0.0,1.0,0.0,4.0,0.25,0.0,0.25,5.3,1.0,0.125,0.0,1.0,0.0,0.0,0.125,0.0,1.0,0.0,0.0,0.0,0.0,,0.375,2.0,3.0,0.667,0.667,0.375,2.0,3.0,0.667,0.0,0.0,0.0,,0.375,0.0,3.0,0.0,0.0,0.125,0.0,1.0,0.0,0.25,0.0,2.0,0.0,0.125,0.0,1.0,0.0,0.0,0.0,0.0,0.0,,0.125,0.0,1.0,0.0,1,4,0.25,2,0.0,2.0,0.0,0.25,0,0.0,0,0.0,0,0.0,0,0.0,0.25,1,3,0.333,1.0,1.0,1.0,0.0,1.0,0.0,0.0,0.0,0.0,0.0,0.0,0.0,0,3,0.0,0.0,0.0,0.0,0.0,0.0,0.0,DET,1,3,0.333,0.0,0.0,0.0,1.0,2.0,0.5,0.0,0.0,0.0,0.0,0.0,0.0,0.0,3.0,0.0,,,,,,,0.0,0.0,0.0,0,1,0.0,1.0,0.0,0.0,3.0,6.0,0.5,0.443,0.057,2.0,4.0,0.5,0.343,0.157,1.0,2.0,0.5,0.53,-0.03,1.0,1.0,1.0,0.568,0.432,1.0,2.0,0.5,0.565,-0.065,2.0,4.0,0.5,0.345,0.155,6.0,1.0,5.0,2.0,0.0,0.0,0.0,0.0,0.0,0.0,0.0,0.0,0.0,0.0,0.0,0.0,0.0,0.0,0.0,0.0,0.0,0,0,0,0,0.0,0.0,0,0.0,0,0.0,0,0.0,0,0.0,7296,1.4,0.8,0.6,4.05,4.76,3.39,2019,20190328,False
1629066,Rodions Kurucs,Rodions,1610612751,BKN,21.0,1,0,1,0.0,23.083333333333332,0,3,0.0,0,2,0.0,0,4,0.0,0,5,5,1,1,0,0,0,3,2,0,-10,6.5,0,0,6.0,1,87,87,87,89,151,132,151,98,83,98,93,18,93,74,37,46,92,52,80,52,1,124,51,160,150,148,15,2,149,1,104,94.7,94.4,94.4,111.3,113.0,113.0,-16.6,-18.5,-18.5,0.05,1.0,14.3,0.0,0.192,0.091,14.3,14.8,0.0,0.0,0.097,0.095,112.95,112.29,93.57,112.29,-0.052,54,0.0,3.0,136,139,139,102,103,103,136,141,141,130,58,98,74,56,71,143,150,151,160,154,158,13,18,18,168,151,132,27,10,0.0,0,2,2,1,0.037,0.037,2,0,0,0.0,0,2,0.0,0,0.0,1,0.5,1,0.5,0,0.0,1,0.5,0,32,8,0.7,1.33,0.56,0.0,0,0,1,0.0,0.0,0.0,0.0,0.0,0.0,1.0,0.0,0.0,0.0,0.0,1.0,4.0,0.2,7.0,0.714,0.0,0.714,5.1,1.0,4.0,0.2,7.0,0.714,0.0,0.714,5.1,,,,,,,,,,,,,,,0.333,0.0,1.0,0.0,0.0,0.333,0.0,1.0,0.0,0.0,0.0,0.0,,,,,,,,,,,,,,,0.667,0.0,2.0,0.0,0.0,0.0,0.0,0.0,,0.667,0.0,2.0,0.0,0,0,,0,0.0,0.0,,,0,0.0,0,0.0,0,0.0,0,0.0,0.0,0,1,0.0,0.0,0.0,0.0,0.0,0.0,0.0,0.0,0.0,0.0,0.0,1.0,0.0,0,1,0.0,0.0,0.0,0.0,0.0,1.0,0.0,BKN,0,1,0.0,0.0,0.0,0.0,0.0,0.0,0.0,0.0,0.0,0.0,0.0,1.0,0.0,0.0,1.0,0.0,,,,0.0,0.0,0.0,0.0,0.0,0.0,0,2,0.0,2.0,0.0,0.0,7.0,11.0,0.636,0.498,0.139,2.0,3.0,0.667,0.395,0.272,5.0,8.0,0.625,0.537,0.088,4.0,5.0,0.8,0.654,0.146,4.0,6.0,0.667,0.61,0.057,2.0,3.0,0.667,0.413,0.254,6.0,5.0,1.0,2.0,0.0,2.0,5.0,0.0,0.0,0.0,0.0,0.0,0.0,3.0,3.0,1.0,0.0,0.0,1.0,1.0,0.0,0,0,0,0,0.0,0.0,0,0.0,0,0.0,0,0.0,0,0.0,10347,2.0,1.1,0.9,4.87,5.55,4.23,2019,20190328,False
1626178,Rondae Hollis-Jefferson,Rondae,1610612751,BKN,24.0,1,0,1,0.0,26.2,7,14,0.5,0,0,0.0,5,7,0.714,3,7,10,2,1,1,0,0,2,7,19,6,36.0,1,0,33.0,1,87,87,87,72,21,23,65,98,141,98,8,5,64,8,20,11,62,52,16,52,1,86,5,19,42,21,1,2,23,1,104,110.7,111.5,111.5,101.8,103.3,103.3,8.9,8.1,8.1,0.125,2.0,10.0,0.12,0.25,0.189,5.0,5.0,0.5,0.556,0.273,0.276,112.09,110.84,92.37,110.84,0.188,61,7.0,14.0,87,78,78,62,63,63,61,61,61,81,27,117,16,35,20,80,81,82,86,30,32,17,25,25,25,21,23,37,32,0.0,0,6,5,2,0.054,0.054,7,2,4,0.5,1,2,0.5,5,0.714,2,0.286,1,0.143,0,0.0,1,0.143,19,56,32,1.6,1.74,0.84,0.339,5,0,5,1.6,0.0,0.4,2.0,1.0,0.667,6.0,0.5,0.0,0.5,1.3,2.0,5.0,0.286,11.0,0.636,0.0,0.636,4.4,4.0,6.0,0.4,17.0,0.588,0.0,0.588,3.5,1.0,0.143,0.0,2.0,0.0,0.0,0.143,0.0,2.0,0.0,0.0,0.0,0.0,,0.5,3.0,7.0,0.429,0.429,0.5,3.0,7.0,0.429,0.0,0.0,0.0,,0.286,3.0,4.0,0.75,0.75,0.286,3.0,4.0,0.75,0.0,0.0,0.0,,0.071,1.0,1.0,1.0,1.0,0.071,1.0,1.0,1.0,0.0,0.0,0.0,,1,2,0.5,2,,,,0.5,0,0.0,2,0.25,0,0.0,8,1.0,0.5,5,10,0.5,1.0,2.0,0.5,1.0,2.0,0.5,0.0,0.0,0.0,0.0,0.0,0.0,0,0,0.0,0.0,0.0,0.0,0.0,0.0,0.0,BKN,5,11,0.455,1.0,1.0,1.0,0.0,0.0,0.0,1.0,2.0,0.5,0.0,0.0,0.0,0.0,0.0,0.0,,,,0.0,0.0,0.0,0.0,0.0,0.0,0,0,,,,,12.0,21.0,0.571,0.516,0.055,1.0,4.0,0.25,0.346,-0.096,11.0,17.0,0.647,0.553,0.094,7.0,8.0,0.875,0.655,0.221,8.0,9.0,0.889,0.608,0.281,2.0,9.0,0.222,0.388,-0.166,14.0,13.0,1.0,1.0,1.0,6.0,15.0,0.0,0.0,0.0,0.0,0.0,0.0,8.0,8.0,5.0,3.0,0.0,1.0,0.625,0.375,0,0,0,0,0.0,0.0,0,0.0,0,0.0,0,0.0,0,0.0,10619,2.0,1.1,0.9,4.28,5.14,3.55,2019,20190328,False
200752,Rudy Gay,Rudy,1610612759,SAS,32.0,1,1,0,1.0,27.483333333333334,4,10,0.4,2,4,0.5,2,2,1.0,0,8,8,1,1,0,0,0,1,1,12,16,22.1,0,0,23.0,1,1,1,1,67,63,56,94,28,45,33,32,50,1,74,12,24,92,52,80,52,1,41,76,59,14,64,15,2,57,1,95,120.5,127.3,127.3,98.2,96.4,96.4,22.3,30.8,30.8,0.042,1.0,7.7,0.0,0.267,0.148,7.7,7.8,0.5,0.551,0.197,0.198,98.75,96.93,80.78,96.93,0.111,55,4.0,10.0,47,23,23,46,41,41,38,18,18,136,58,125,74,29,40,96,98,82,87,81,84,123,130,130,73,63,56,29,21,0.0,0,4,2,1,0.034,0.034,6,2,4,0.5,0,0,0.0,4,0.667,2,0.333,0,0.0,0,0.0,0,0.0,12,42,22,2.2,3.15,1.81,0.286,1,2,0,0.0,0.0,0.0,0.0,0.0,0.0,2.0,0.0,0.0,0.0,0.0,2.0,6.0,0.25,8.0,1.0,0.0,1.0,3.8,2.0,6.0,0.25,10.0,0.8,0.0,0.8,3.8,1.0,0.1,0.0,1.0,0.0,0.0,0.1,0.0,1.0,0.0,0.0,0.0,0.0,,0.2,1.0,2.0,0.5,0.5,0.2,1.0,2.0,0.5,0.0,0.0,0.0,,0.5,2.0,5.0,0.4,0.5,0.3,1.0,3.0,0.333,0.2,1.0,2.0,0.5,0.2,1.0,2.0,0.5,0.75,0.0,0.0,0.0,,0.2,1.0,2.0,0.5,0,4,0.0,0,0.0,0.0,,0.0,6,0.5,0,0.0,0,0.0,0,0.0,0.5,1,1,1.0,1.0,2.0,0.5,0.0,3.0,0.0,1.0,1.0,1.0,0.0,1.0,0.0,1,2,0.5,0.0,0.0,0.0,1.0,2.0,0.5,SAS,1,1,1.0,1.0,1.0,1.0,0.0,3.0,0.0,0.0,1.0,0.0,1.0,2.0,0.5,1.0,2.0,0.5,0.0,0.0,0.0,0.0,0.0,0.0,0.0,0.0,0.0,2,4,2.0,4.0,0.5,0.75,4.0,10.0,0.4,0.415,-0.015,2.0,3.0,0.667,0.402,0.265,2.0,7.0,0.286,0.46,-0.174,1.0,2.0,0.5,0.548,-0.048,2.0,5.0,0.4,0.498,-0.098,2.0,4.0,0.5,0.381,0.12,8.0,5.0,3.0,2.0,0.0,0.0,0.0,0.0,0.0,0.0,0.0,0.0,0.0,4.0,4.0,1.0,1.0,0.0,1.0,1.0,1.0,0,1,0,0,0.0,0.0,1,0.5,0,0.0,0,0.0,0,0.0,10032,1.9,1.0,0.9,3.88,4.31,3.5,2019,20190328,False
1629151,Ryan Broekhoff,Ryan,1610612742,DAL,28.0,1,0,1,0.0,14.655,3,6,0.5,3,6,0.5,0,0,0.0,0,1,1,0,2,0,1,0,1,0,9,-2,11.2,0,0,15.0,1,87,87,87,135,82,98,65,12,21,33,93,100,93,74,120,126,138,22,80,17,1,41,125,84,102,125,15,2,103,1,101,112.9,116.1,116.1,117.7,118.8,118.8,-4.8,-2.6,-2.6,0.0,0.0,0.0,0.0,0.063,0.028,25.0,25.0,0.75,0.75,0.216,0.217,105.07,103.17,85.98,103.17,0.068,31,3.0,6.0,78,62,62,122,125,125,100,92,92,138,91,138,74,127,145,173,173,32,37,61,63,56,74,74,105,82,98,21,25,0.0,0,4,0,0,0.0,0.0,3,0,0,0.0,0,0,0.0,0,0.0,2,0.667,0,0.0,0,0.0,0,0.0,9,31,25,0.7,1.37,0.52,0.29,0,0,0,0.0,0.0,0.0,0.0,0.0,0.0,2.0,0.0,1.0,0.0,0.0,0.0,1.0,0.0,5.0,0.2,2.0,0.333,6.3,0.0,1.0,0.0,6.0,0.167,3.0,0.333,6.3,,,,,,,,,,,,,,,,,,,,,,,,,,,,0.333,1.0,2.0,0.5,0.75,0.0,0.0,0.0,,0.333,1.0,2.0,0.5,0.667,2.0,4.0,0.5,0.75,0.0,0.0,0.0,,0.667,2.0,4.0,0.5,0,0,,0,0.0,0.0,,,9,0.5,0,0.0,0,0.0,0,0.0,0.75,0,0,0.0,0.0,0.0,0.0,0.0,0.0,0.0,1.0,1.0,1.0,1.0,1.0,1.0,1,4,0.25,0.0,0.0,0.0,2.0,2.0,1.0,DAL,0,0,0.0,0.0,0.0,0.0,0.0,0.0,0.0,0.0,0.0,0.0,3.0,4.0,0.75,0.0,2.0,0.0,,,,,,,0.0,0.0,0.0,3,6,3.0,6.0,0.5,0.75,3.0,4.0,0.75,0.475,0.275,,,,,,3.0,4.0,0.75,0.532,0.218,3.0,4.0,0.75,0.647,0.104,3.0,4.0,0.75,0.587,0.164,,,,,,2.0,2.0,0.0,0.0,0.0,0.0,0.0,0.0,0.0,0.0,0.0,0.0,0.0,4.0,4.0,2.0,0.0,0.0,1.0,0.5,0.0,0,0,0,0,0.0,0.0,0,0.0,0,0.0,0,0.0,0,0.0,6381,1.2,0.7,0.5,4.51,4.91,4.05,2019,20190328,False
1626257,Salah Mejri,Salah,1610612742,DAL,33.0,1,0,1,0.0,13.433333333333334,2,5,0.4,0,2,0.0,0,0,0.0,2,7,9,2,0,0,0,0,4,1,4,3,17.8,0,0,15.0,1,87,87,87,141,102,107,94,98,83,98,93,100,93,17,20,16,62,105,80,52,1,164,76,122,59,94,15,2,103,1,101,93.9,96.4,96.4,84.2,80.0,80.0,9.7,16.4,16.4,0.25,0.0,28.6,0.118,0.35,0.243,0.0,0.0,0.4,0.4,0.152,0.153,102.34,103.62,86.35,103.62,0.171,28,2.0,5.0,141,137,137,21,15,15,56,47,47,30,91,33,18,10,8,1,1,109,121,117,120,77,68,68,32,102,107,25,15,0.0,0,3,5,2,0.08,0.08,0,0,0,0.0,0,0,0.0,0,0.0,0,0.0,0,0.0,0,0.0,0,0.0,4,30,17,0.6,1.17,0.17,0.133,2,1,6,0.0,0.0,0.667,0.0,2.0,0.0,5.0,0.4,0.0,0.4,7.0,2.0,5.0,0.286,12.0,0.583,1.0,0.636,3.3,2.0,7.0,0.222,16.0,0.563,1.0,0.6,4.1,1.0,0.2,1.0,1.0,1.0,1.0,0.2,1.0,1.0,1.0,0.0,0.0,0.0,,0.2,0.0,1.0,0.0,0.0,0.2,0.0,1.0,0.0,0.0,0.0,0.0,,,,,,,,,,,,,,,0.6,1.0,3.0,0.333,0.333,0.2,1.0,1.0,1.0,0.4,0.0,2.0,0.0,0,0,,0,0.0,0.0,,,0,0.0,4,1.0,0,0.0,0,0.0,0.4,2,3,0.667,0.0,0.0,0.0,0.0,0.0,0.0,0.0,0.0,0.0,0.0,0.0,0.0,0,2,0.0,0.0,0.0,0.0,0.0,0.0,0.0,DAL,2,3,0.667,0.0,0.0,0.0,0.0,0.0,0.0,0.0,0.0,0.0,0.0,1.0,0.0,0.0,1.0,0.0,,,,,,,0.0,0.0,0.0,0,2,0.0,2.0,0.0,0.0,4.0,8.0,0.5,0.477,0.023,0.0,1.0,0.0,0.286,-0.286,4.0,7.0,0.571,0.522,0.049,3.0,5.0,0.6,0.625,-0.025,3.0,6.0,0.5,0.561,-0.061,0.0,1.0,0.0,0.308,-0.308,7.0,7.0,0.0,1.0,0.0,0.0,0.0,1.0,0.0,1.0,1.0,0.0,0.0,2.0,2.0,2.0,1.0,0.0,1.0,1.0,0.5,0,1,0,0,0.0,0.0,0,0.0,0,0.0,0,0.0,0,0.0,5538,1.0,0.6,0.5,4.12,4.84,4.22,2019,20190328,False
201586,Serge Ibaka,Serge,1610612761,TOR,29.0,1,1,0,1.0,24.3,5,9,0.556,0,2,0.0,0,3,0.0,2,8,10,1,1,0,2,0,1,5,10,11,28.5,1,0,25.0,1,1,1,1,81,50,68,56,98,83,98,93,35,93,17,12,11,92,52,80,4,1,41,10,76,26,40,1,2,47,1,101,92.3,90.2,90.2,70.5,70.0,70.0,21.8,20.2,20.2,0.091,1.0,8.3,0.069,0.258,0.167,8.3,8.1,0.556,0.484,0.204,0.218,98.25,99.75,83.13,99.75,0.212,51,5.0,9.0,146,150,150,6,7,7,39,34,34,102,58,124,36,33,27,99,99,73,107,70,62,130,110,110,16,50,68,44,36,0.0,1,5,3,2,0.023,0.045,1,1,1,1.0,0,1,0.0,2,2.0,0,0.0,0,0.0,0,0.0,0,0.0,10,59,38,1.6,1.67,0.24,0.169,2,8,10,0.0,0.25,0.6,1.0,1.0,0.5,3.0,0.667,0.0,0.667,6.2,2.0,6.0,0.25,11.0,0.727,0.0,0.727,3.4,3.0,7.0,0.3,14.0,0.714,0.0,0.714,4.0,,,,,,,,,,,,,,,0.556,3.0,5.0,0.6,0.6,0.556,3.0,5.0,0.6,0.0,0.0,0.0,,0.222,2.0,2.0,1.0,1.0,0.222,2.0,2.0,1.0,0.0,0.0,0.0,,0.222,0.0,2.0,0.0,0.0,0.0,0.0,0.0,,0.222,0.0,2.0,0.0,0,0,,0,0.0,0.0,,,2,0.25,6,0.75,2,0.5,0,0.0,0.556,3,3,1.0,1.0,2.0,0.5,1.0,2.0,0.5,0.0,0.0,0.0,0.0,1.0,0.0,0,1,0.0,0.0,0.0,0.0,0.0,1.0,0.0,TOR,3,3,1.0,1.0,2.0,0.5,0.0,1.0,0.0,0.0,0.0,0.0,1.0,2.0,0.5,0.0,1.0,0.0,0.0,0.0,0.0,,,,0.0,0.0,0.0,0,2,0.0,2.0,0.0,0.0,6.0,12.0,0.5,0.562,-0.062,,,,,,6.0,12.0,0.5,0.579,-0.079,6.0,10.0,0.6,0.636,-0.036,6.0,10.0,0.6,0.621,-0.021,0.0,1.0,0.0,0.368,-0.368,6.0,6.0,0.0,2.0,0.0,1.0,3.0,0.0,0.0,0.0,0.0,0.0,1.0,8.0,9.0,5.0,2.0,0.111,0.889,0.833,0.333,1,2,0,2,0.0,0.25,5,0.625,1,0.125,0,0.0,1,0.125,8776,1.7,0.9,0.7,3.96,4.04,3.38,2019,20190328,False
203894,Shabazz Napier,Shabazz,1610612751,BKN,27.0,1,0,1,0.0,11.25,1,4,0.25,0,2,0.0,0,0,0.0,1,0,1,1,1,0,0,0,0,0,2,3,3.7,0,0,4.0,1,87,87,87,147,125,117,133,98,83,98,93,100,93,42,152,126,92,52,80,52,1,1,125,144,59,160,15,2,155,1,104,132.5,128.0,128.0,129.5,120.8,120.8,3.0,7.2,7.2,0.143,1.0,16.7,0.1,0.0,0.056,16.7,16.7,0.25,0.25,0.179,0.199,99.33,104.53,87.11,104.53,-0.01,25,1.0,4.0,19,22,22,158,134,134,76,66,66,73,58,79,26,152,106,153,155,140,151,93,83,112,59,59,165,125,117,14,16,0.0,1,1,2,2,0.071,0.143,1,0,1,0.0,0,0,0.0,0,0.0,0,0.0,0,0.0,0,0.0,0,0.0,2,19,10,1.4,4.32,3.95,0.105,0,0,1,0.0,0.0,0.0,0.0,1.0,0.0,1.0,1.0,0.0,1.0,5.6,0.0,0.0,0.0,0.0,0.0,0.0,0.0,0.0,0.0,1.0,0.0,1.0,1.0,0.0,1.0,5.6,,,,,,,,,,,,,,,0.5,0.0,2.0,0.0,0.0,0.25,0.0,1.0,0.0,0.25,0.0,1.0,0.0,,,,,,,,,,,,,,0.5,1.0,2.0,0.5,0.5,0.25,1.0,1.0,1.0,0.25,0.0,1.0,0.0,1,3,0.333,2,0.0,1.0,0.0,0.333,0,0.0,0,0.0,0,0.0,0,0.0,0.25,0,0,0.0,0.0,0.0,0.0,1.0,2.0,0.5,0.0,1.0,0.0,,,,0,1,0.0,0.0,0.0,0.0,0.0,1.0,0.0,BKN,0,0,0.0,0.0,0.0,0.0,0.0,0.0,0.0,1.0,2.0,0.5,0.0,1.0,0.0,0.0,1.0,0.0,,,,,,,0.0,0.0,0.0,0,1,0.0,1.0,0.0,0.0,1.0,1.0,1.0,0.459,0.541,,,,,,1.0,1.0,1.0,0.494,0.506,1.0,1.0,1.0,0.633,0.367,1.0,1.0,1.0,0.589,0.411,,,,,,1.0,0.0,1.0,0.0,0.0,0.0,0.0,0.0,0.0,0.0,0.0,0.0,0.0,0.0,0.0,0.0,0.0,0.0,0.0,0.0,0.0,0,0,0,0,0.0,0.0,0,0.0,0,0.0,0,0.0,0,0.0,4378,0.8,0.4,0.4,3.98,4.33,3.7,2019,20190328,False
1628983,Shai Gilgeous-Alexander,Shai,1610612746,LAC,20.0,1,0,1,0.0,31.756666666666668,8,15,0.533,1,2,0.5,4,5,0.8,1,5,6,2,3,1,2,0,2,3,21,-16,37.2,0,0,36.0,1,87,87,87,30,15,18,62,54,83,33,14,13,57,42,37,39,62,6,16,4,1,86,29,15,168,19,15,2,19,1,105,107.6,107.1,107.1,129.9,128.2,128.2,-22.4,-21.0,-21.0,0.105,0.67,9.1,0.028,0.185,0.095,13.6,13.5,0.567,0.61,0.263,0.267,105.62,106.56,88.8,106.56,0.11,70,8.0,15.0,103,101,101,159,157,157,147,145,145,91,82,120,68,59,69,141,142,71,73,34,34,53,46,46,74,15,18,52,60,0.0,1,7,4,3,0.038,0.058,18,4,7,0.571,1,1,1.0,9,0.5,10,0.556,2,0.111,1,0.056,0,0.0,21,74,21,6.5,5.25,4.85,0.284,0,0,0,0.0,0.0,0.0,0.0,1.0,0.0,1.0,1.0,0.0,1.0,24.1,1.0,4.0,0.2,9.0,0.556,2.0,0.714,7.4,1.0,5.0,0.167,10.0,0.6,2.0,0.75,10.1,1.0,0.133,2.0,2.0,1.0,1.0,0.133,2.0,2.0,1.0,0.0,0.0,0.0,,0.333,3.0,5.0,0.6,0.6,0.333,3.0,5.0,0.6,0.0,0.0,0.0,,0.2,1.0,3.0,0.333,0.333,0.2,1.0,3.0,0.333,0.0,0.0,0.0,,0.333,2.0,5.0,0.4,0.5,0.2,1.0,3.0,0.333,0.133,1.0,2.0,0.5,2,7,0.286,4,0.0,0.0,,0.286,3,0.5,0,0.0,0,0.0,0,0.0,0.567,4,5,0.8,1.0,3.0,0.333,2.0,5.0,0.4,0.0,1.0,0.0,0.0,0.0,0.0,1,1,1.0,0.0,0.0,0.0,0.0,1.0,0.0,LAC,4,5,0.8,1.0,1.0,1.0,1.0,3.0,0.333,1.0,4.0,0.25,0.0,1.0,0.0,1.0,1.0,1.0,0.0,0.0,0.0,,,,0.0,0.0,0.0,1,2,1.0,2.0,0.5,0.75,9.0,13.0,0.692,0.462,0.23,2.0,2.0,1.0,0.361,0.639,7.0,11.0,0.636,0.539,0.097,6.0,9.0,0.667,0.638,0.028,6.0,10.0,0.6,0.585,0.015,2.0,2.0,1.0,0.369,0.632,10.0,7.0,3.0,3.0,0.0,0.0,0.0,1.0,0.0,1.0,1.0,0.0,0.0,0.0,0.0,0.0,0.0,0.0,0.0,0.0,0.0,0,0,0,0,0.0,0.0,0,0.0,0,0.0,0,0.0,0,0.0,13095,2.5,1.3,1.1,4.39,4.48,3.95,2019,20190328,False
1629003,Shake Milton,Shake,1610612755,PHI,22.0,1,1,0,1.0,16.783333333333335,2,3,0.667,0,1,0.0,0,0,0.0,0,1,1,0,1,1,1,0,1,0,4,6,10.2,0,0,9.0,1,1,1,1,126,102,132,22,98,119,98,93,100,93,74,120,126,138,52,16,17,1,41,125,122,42,129,15,2,129,1,103,129.9,125.0,125.0,105.2,105.4,105.4,24.7,19.6,19.6,0.0,0.0,0.0,0.0,0.053,0.031,25.0,25.0,0.667,0.667,0.108,0.112,102.56,104.39,86.99,104.39,0.044,36,2.0,3.0,23,24,24,74,70,70,34,35,35,138,91,138,74,134,141,173,173,51,62,147,147,72,61,61,129,102,132,8,5,0.0,0,0,0,0,0.0,0.0,0,0,0,0.0,0,0,0.0,0,0.0,0,0.0,0,0.0,0,0.0,0,0.0,4,12,5,0.3,1.44,0.67,0.333,0,0,1,0.0,0.0,2.0,0.0,0.0,0.0,0.0,0.0,0.0,0.0,0.0,0.0,1.0,0.0,3.0,0.333,1.0,0.5,7.4,0.0,1.0,0.0,3.0,0.333,1.0,0.5,7.4,1.0,0.333,1.0,1.0,1.0,1.0,0.333,1.0,1.0,1.0,0.0,0.0,0.0,,,,,,,,,,,,,,,0.333,1.0,1.0,1.0,1.0,0.333,1.0,1.0,1.0,0.0,0.0,0.0,,0.333,0.0,1.0,0.0,0.0,0.0,0.0,0.0,,0.333,0.0,1.0,0.0,0,0,,0,0.0,0.0,,,0,0.0,2,1.0,0,0.0,0,0.0,0.667,2,2,1.0,0.0,0.0,0.0,0.0,0.0,0.0,0.0,0.0,0.0,0.0,0.0,0.0,0,1,0.0,0.0,0.0,0.0,0.0,0.0,0.0,PHI,2,2,1.0,0.0,0.0,0.0,0.0,0.0,0.0,0.0,0.0,0.0,0.0,0.0,0.0,0.0,1.0,0.0,,,,0.0,0.0,0.0,0.0,0.0,0.0,0,1,0.0,1.0,0.0,0.0,2.0,6.0,0.333,0.428,-0.094,0.0,1.0,0.0,0.366,-0.366,2.0,5.0,0.4,0.478,-0.078,2.0,3.0,0.667,0.548,0.119,2.0,4.0,0.5,0.525,-0.025,0.0,1.0,0.0,0.382,-0.382,3.0,3.0,0.0,0.0,0.0,0.0,0.0,0.0,1.0,1.0,0.0,1.0,0.0,1.0,1.0,1.0,0.0,0.0,1.0,1.0,0.0,0,0,0,0,0.0,0.0,0,0.0,0,0.0,0,0.0,0,0.0,7020,1.3,0.7,0.7,4.3,4.85,4.42,2019,20190328,False
1628414,Sindarius Thornwell,Sindarius,1610612746,LAC,24.0,1,0,1,0.0,5.7,0,0,0.0,0,0,0.0,3,4,0.75,0,1,1,1,0,1,0,0,1,2,3,9,8.7,0,0,7.0,1,87,87,87,159,151,172,151,98,141,98,21,18,58,74,120,126,92,105,16,52,1,41,51,132,33,134,15,2,140,1,105,172.4,169.2,169.2,110.5,108.3,108.3,61.9,60.9,60.9,0.143,0.0,50.0,0.0,0.2,0.1,0.0,0.0,0.0,0.852,0.071,0.128,103.24,105.26,87.72,105.26,0.111,13,0.0,0.0,3,1,1,98,84,84,7,4,4,73,91,4,74,50,66,1,1,151,20,164,139,66,55,55,70,151,172,3,3,0.0,0,0,3,1,0.333,0.333,0,0,0,0.0,0,0,0.0,0,0.0,0,0.0,0,0.0,0,0.0,0,0.0,3,5,3,0.2,2.54,2.6,0.6,0,0,0,0.0,0.0,0.0,0.0,0.0,0.0,0.0,0.0,0.0,0.0,0.0,0.0,1.0,0.0,1.0,1.0,0.0,1.0,5.7,0.0,1.0,0.0,1.0,1.0,0.0,1.0,5.7,,,,,,,,,,,,,,,,,,,,,,,,,,,,,,,,,,,,,,,,,,,,,,,,,,,,,,0,0,,0,,,,,0,0.0,0,0.0,0,0.0,0,0.0,0.0,0,0,0.0,0.0,0.0,0.0,0.0,0.0,0.0,,,,0.0,0.0,0.0,0,0,0.0,,,,0.0,0.0,0.0,LAC,0,0,0.0,0.0,0.0,0.0,0.0,0.0,0.0,0.0,0.0,0.0,0.0,0.0,0.0,0.0,0.0,0.0,,,,,,,0.0,0.0,0.0,0,0,,,,,2.0,4.0,0.5,0.437,0.063,1.0,1.0,1.0,0.387,0.613,1.0,3.0,0.333,0.474,-0.141,,,,,,1.0,1.0,1.0,0.512,0.488,1.0,3.0,0.333,0.393,-0.06,4.0,3.0,1.0,1.0,0.0,1.0,3.0,0.0,0.0,0.0,0.0,0.0,0.0,0.0,0.0,0.0,0.0,0.0,0.0,0.0,0.0,0,0,0,0,0.0,0.0,0,0.0,0,0.0,0,0.0,0,0.0,2160,0.4,0.2,0.2,3.91,4.4,3.52,2019,20190328,False
203915,Spencer Dinwiddie,Spencer,1610612751,BKN,26.0,1,0,1,0.0,26.15,4,9,0.444,1,5,0.2,4,4,1.0,0,2,2,4,2,1,0,0,5,3,13,-5,22.4,0,0,22.0,1,87,87,87,73,63,68,88,54,31,89,14,18,1,74,91,104,21,22,16,52,1,175,29,51,126,62,15,2,63,1,104,120.5,123.2,123.2,140.4,139.6,139.6,-19.8,-16.4,-16.4,0.2,2.0,25.0,0.0,0.095,0.043,12.5,11.9,0.5,0.604,0.185,0.205,100.92,100.04,83.37,100.04,0.063,56,4.0,9.0,46,32,32,173,173,173,141,133,133,46,27,43,74,104,124,129,128,82,76,86,76,88,108,108,114,63,68,33,41,2.0,0,10,11,6,0.121,0.182,14,3,4,0.75,4,4,1.0,10,0.714,7,0.5,1,0.071,2,0.143,1,0.071,13,45,19,4.6,6.19,5.69,0.289,0,0,0,0.0,0.0,0.0,0.0,0.0,0.0,0.0,0.0,0.0,0.0,0.0,2.0,0.0,1.0,2.0,1.0,0.0,1.0,3.1,2.0,0.0,1.0,2.0,1.0,0.0,1.0,3.1,1.0,0.111,1.0,1.0,1.0,1.0,0.111,1.0,1.0,1.0,0.0,0.0,0.0,,0.444,1.0,4.0,0.25,0.25,0.222,1.0,2.0,0.5,0.222,0.0,2.0,0.0,0.222,1.0,2.0,0.5,0.5,0.111,1.0,1.0,1.0,0.111,0.0,1.0,0.0,0.222,1.0,2.0,0.5,0.75,0.0,0.0,0.0,,0.222,1.0,2.0,0.5,1,4,0.25,3,1.0,4.0,0.25,0.375,0,0.0,0,0.0,0,0.0,0,0.0,0.5,2,3,0.667,1.0,1.0,1.0,0.0,0.0,0.0,0.0,0.0,0.0,0.0,0.0,0.0,1,5,0.2,0.0,0.0,0.0,0.0,0.0,0.0,BKN,2,3,0.667,1.0,1.0,1.0,0.0,0.0,0.0,0.0,0.0,0.0,0.0,0.0,0.0,1.0,5.0,0.2,,,,,,,0.0,0.0,0.0,0,1,0.0,1.0,0.0,0.0,3.0,4.0,0.75,0.491,0.259,,,,,,3.0,4.0,0.75,0.529,0.221,2.0,2.0,1.0,0.635,0.365,2.0,2.0,1.0,0.589,0.411,1.0,2.0,0.5,0.373,0.127,2.0,2.0,0.0,0.0,0.0,0.0,0.0,0.0,0.0,0.0,0.0,0.0,0.0,2.0,2.0,2.0,1.0,0.0,1.0,1.0,0.5,0,0,0,0,0.0,0.0,0,0.0,0,0.0,0,0.0,0,0.0,9978,1.9,1.1,0.8,4.05,4.65,3.45,2019,20190328,False
1626169,Stanley Johnson,Stanley,1610612740,NOP,23.0,1,1,0,1.0,19.566666666666666,4,7,0.571,2,3,0.667,0,0,0.0,0,2,2,4,1,2,1,1,3,0,10,2,26.4,0,0,24.0,1,1,1,1,110,63,92,52,28,61,17,93,100,93,74,91,104,21,52,8,17,122,124,125,76,63,50,15,2,51,1,105,120.6,116.7,116.7,115.0,117.5,117.5,5.6,-0.8,-0.8,0.25,4.0,33.3,0.0,0.111,0.057,8.3,8.3,0.714,0.714,0.178,0.183,99.99,100.58,83.82,100.58,0.117,42,4.0,7.0,45,61,61,116,124,124,73,90,90,30,5,19,74,91,105,99,101,44,47,94,94,101,102,102,65,63,92,37,39,0.0,1,3,11,5,0.108,0.135,4,1,2,0.5,0,0,0.0,2,0.5,2,0.5,1,0.25,0,0.0,0,0.0,10,46,21,2.5,3.22,2.35,0.217,1,0,1,0.0,0.0,0.0,0.0,0.0,0.0,2.0,0.0,0.0,0.0,0.0,0.0,2.0,0.0,3.0,0.667,0.0,0.667,12.2,0.0,2.0,0.0,5.0,0.4,0.0,0.4,12.2,1.0,0.143,0.0,1.0,0.0,0.0,0.143,0.0,1.0,0.0,0.0,0.0,0.0,,0.429,2.0,3.0,0.667,0.667,0.429,2.0,3.0,0.667,0.0,0.0,0.0,,,,,,,,,,,,,,,0.429,2.0,3.0,0.667,1.0,0.0,0.0,0.0,,0.429,2.0,3.0,0.667,1,1,1.0,2,0.0,0.0,,1.0,6,0.667,0,0.0,0,0.0,0,0.0,0.714,0,2,0.0,1.0,1.0,1.0,1.0,1.0,1.0,,,,0.0,0.0,0.0,2,3,0.667,0.0,0.0,0.0,0.0,0.0,0.0,NOP,0,2,0.0,1.0,1.0,1.0,1.0,1.0,1.0,0.0,0.0,0.0,1.0,1.0,1.0,1.0,2.0,0.5,,,,,,,0.0,0.0,0.0,1,2,1.0,2.0,0.5,0.75,3.0,6.0,0.5,0.454,0.046,1.0,1.0,1.0,0.362,0.638,2.0,5.0,0.4,0.484,-0.084,2.0,3.0,0.667,0.563,0.104,2.0,3.0,0.667,0.519,0.147,1.0,2.0,0.5,0.381,0.12,5.0,4.0,1.0,2.0,0.0,0.0,0.0,0.0,2.0,2.0,0.0,1.0,0.0,0.0,0.0,0.0,0.0,0.0,0.0,0.0,0.0,0,0,0,0,0.0,0.0,0,0.0,0,0.0,0,0.0,0,0.0,7967,1.5,0.8,0.7,4.23,4.93,3.65,2019,20190328,False
1628425,Sterling Brown,Sterling,1610612749,MIL,24.0,1,1,0,1.0,23.7,6,10,0.6,3,6,0.5,0,0,0.0,0,0,0,1,0,0,1,1,6,0,15,-10,19.5,0,0,21.0,1,1,1,1,84,33,56,39,12,21,33,93,100,93,74,152,160,92,105,80,17,122,179,125,40,150,80,15,2,71,1,105,122.0,122.6,122.6,145.0,138.9,138.9,-23.0,-16.2,-16.2,0.059,0.0,9.1,0.0,0.0,0.0,0.0,0.0,0.75,0.75,0.185,0.188,106.33,108.35,90.3,108.35,0.046,53,6.0,10.0,40,37,37,176,171,171,148,132,132,123,91,120,74,152,160,1,1,32,37,85,90,44,35,35,127,33,56,27,26,0.0,0,2,3,1,0.037,0.037,3,2,2,1.0,0,0,0.0,4,1.333,1,0.333,0,0.0,0,0.0,0,0.0,15,37,24,1.2,1.96,1.24,0.405,0,0,2,0.0,0.0,1.0,,,,,,,,,,,,,,,,,,,,,,,,,,,,,,,,,,,,,,,0.6,3.0,6.0,0.5,0.5,0.4,3.0,4.0,0.75,0.2,0.0,2.0,0.0,,,,,,,,,,,,,,0.4,3.0,4.0,0.75,1.125,0.0,0.0,0.0,,0.4,3.0,4.0,0.75,1,2,0.5,3,1.0,2.0,0.5,0.75,6,0.5,2,0.5,0,0.0,0,0.0,0.75,3,4,0.75,0.0,0.0,0.0,0.0,0.0,0.0,0.0,0.0,0.0,2.0,2.0,1.0,1,4,0.25,,,,2.0,2.0,1.0,MIL,3,4,0.75,0.0,0.0,0.0,0.0,0.0,0.0,0.0,0.0,0.0,1.0,1.0,1.0,2.0,5.0,0.4,,,,0.0,0.0,0.0,0.0,0.0,0.0,2,4,2.0,4.0,0.5,0.75,5.0,7.0,0.714,0.462,0.252,2.0,3.0,0.667,0.395,0.271,3.0,4.0,0.75,0.512,0.239,1.0,2.0,0.5,0.589,-0.089,1.0,2.0,0.5,0.563,-0.063,2.0,3.0,0.667,0.397,0.27,3.0,1.0,2.0,3.0,0.0,1.0,3.0,0.0,0.0,0.0,0.0,0.0,0.0,1.0,1.0,0.0,0.0,0.0,1.0,0.0,0.0,0,0,0,0,0.0,0.0,0,0.0,0,0.0,0,0.0,0,0.0,10405,2.0,1.0,1.0,4.68,4.48,4.91,2019,20190328,False
204456,T.J. McConnell,T.J.,1610612755,PHI,27.0,1,1,0,1.0,14.883333333333333,2,6,0.333,0,1,0.0,0,0,0.0,0,2,2,1,0,0,0,0,0,0,4,-3,7.9,0,0,7.0,1,1,1,1,134,102,98,108,98,119,98,93,100,93,74,91,104,92,105,80,52,1,1,125,122,108,142,15,2,140,1,103,108.2,106.9,106.9,117.4,117.2,117.2,-9.2,-10.3,-10.3,0.1,0.0,14.3,0.0,0.143,0.069,0.0,0.0,0.333,0.333,0.188,0.19,92.88,93.53,77.94,93.53,0.052,29,2.0,6.0,101,102,102,121,122,122,118,120,120,94,91,98,74,74,91,1,1,124,139,84,88,174,154,154,124,102,98,23,27,0.0,0,4,3,1,0.043,0.043,6,2,4,0.5,0,0,0.0,4,0.667,2,0.333,0,0.0,0,0.0,0,0.0,4,29,8,2.8,5.69,6.07,0.138,0,0,2,0.0,0.0,0.0,0.0,0.0,0.0,1.0,0.0,0.0,0.0,0.0,1.0,1.0,0.5,2.0,1.0,0.0,1.0,6.6,1.0,1.0,0.5,3.0,0.667,0.0,0.667,6.6,,,,,,,,,,,,,,,0.667,2.0,4.0,0.5,0.5,0.667,2.0,4.0,0.5,0.0,0.0,0.0,,0.167,0.0,1.0,0.0,0.0,0.167,0.0,1.0,0.0,0.0,0.0,0.0,,0.167,0.0,1.0,0.0,0.0,0.0,0.0,0.0,,0.167,0.0,1.0,0.0,1,1,1.0,2,0.0,0.0,,1.0,0,0.0,0,0.0,0,0.0,0,0.0,0.333,1,1,1.0,1.0,2.0,0.5,0.0,2.0,0.0,,,,0.0,1.0,0.0,0,0,0.0,0.0,0.0,0.0,0.0,1.0,0.0,PHI,1,1,1.0,1.0,4.0,0.25,0.0,0.0,0.0,0.0,0.0,0.0,0.0,1.0,0.0,0.0,0.0,0.0,,,,,,,0.0,0.0,0.0,0,2,0.0,1.0,0.0,0.0,4.0,4.0,1.0,0.434,0.567,,,,,,4.0,4.0,1.0,0.481,0.519,3.0,3.0,1.0,0.548,0.452,3.0,3.0,1.0,0.522,0.478,,,,,,0.0,0.0,0.0,0.0,0.0,0.0,0.0,0.0,0.0,0.0,0.0,0.0,0.0,1.0,1.0,1.0,1.0,0.0,1.0,1.0,1.0,0,0,0,0,0.0,0.0,0,0.0,0,0.0,0,0.0,0,0.0,6296,1.2,0.7,0.5,4.67,4.81,4.5,2019,20190328,False
203082,Terrence Ross,Terrence,1610612753,ORL,28.0,1,0,1,0.0,31.916666666666668,3,11,0.273,0,2,0.0,4,4,1.0,1,1,2,2,0,1,0,0,1,2,10,1,18.4,0,0,16.0,1,87,87,87,26,82,47,131,98,83,98,14,18,1,42,120,104,62,105,16,52,1,41,51,76,72,86,15,2,96,1,92,104.3,111.3,111.3,110.7,109.7,109.7,-6.5,1.6,1.6,0.087,0.0,14.3,0.026,0.03,0.028,0.0,0.0,0.273,0.392,0.158,0.168,95.92,93.24,77.7,93.24,0.05,62,3.0,11.0,109,80,80,99,90,90,110,76,76,107,91,98,70,149,145,1,1,138,125,110,109,157,158,158,125,82,47,14,21,0.0,1,3,4,3,0.143,0.214,3,2,3,0.667,0,0,0.0,4,1.333,0,0.0,0,0.0,0,0.0,0,0.0,10,27,20,1.0,2.19,1.26,0.37,1,0,0,0.0,0.0,0.0,0.0,1.0,0.0,2.0,0.5,0.0,0.5,27.3,0.0,1.0,0.0,5.0,0.2,1.0,0.25,4.3,0.0,2.0,0.0,7.0,0.286,1.0,0.333,15.8,1.0,0.091,0.0,1.0,0.0,0.0,0.091,0.0,1.0,0.0,0.0,0.0,0.0,,0.545,1.0,6.0,0.167,0.167,0.455,1.0,5.0,0.2,0.091,0.0,1.0,0.0,0.091,1.0,1.0,1.0,1.0,0.091,1.0,1.0,1.0,0.0,0.0,0.0,,0.273,1.0,3.0,0.333,0.333,0.182,1.0,2.0,0.5,0.091,0.0,1.0,0.0,0,3,0.0,0,0.0,0.0,,0.0,0,0.0,0,0.0,0,0.0,0,0.0,0.273,2,2,1.0,1.0,2.0,0.5,0.0,5.0,0.0,0.0,0.0,0.0,0.0,0.0,0.0,0,2,0.0,0.0,0.0,0.0,0.0,0.0,0.0,ORL,2,2,1.0,1.0,1.0,1.0,0.0,2.0,0.0,0.0,3.0,0.0,0.0,1.0,0.0,0.0,2.0,0.0,,,,0.0,0.0,0.0,0.0,0.0,0.0,0,4,0.0,2.0,0.0,0.0,5.0,10.0,0.5,0.4,0.1,3.0,5.0,0.6,0.344,0.256,2.0,5.0,0.4,0.461,-0.061,0.0,3.0,0.0,0.526,-0.526,0.0,3.0,0.0,0.487,-0.487,5.0,7.0,0.714,0.365,0.349,6.0,2.0,4.0,1.0,0.0,0.0,0.0,0.0,0.0,0.0,0.0,0.0,0.0,1.0,1.0,1.0,0.0,0.0,1.0,1.0,0.0,0,0,0,0,0.0,0.0,0,0.0,0,0.0,0,0.0,0,0.0,12646,2.4,1.2,1.2,4.23,4.44,4.04,2019,20190328,False
1629033,Theo Pinson,Theo,1610612751,BKN,23.0,1,0,1,0.0,2.9166666666666665,1,3,0.333,1,3,0.333,0,0,0.0,0,0,0,0,0,0,0,0,0,0,3,0,3.0,0,0,4.0,1,87,87,87,168,125,132,108,54,61,65,93,100,93,74,152,160,138,105,80,52,1,1,125,132,81,165,15,2,155,1,104,102.5,83.3,83.3,105.0,100.0,100.0,-2.6,-16.7,-16.7,0.0,0.0,0.0,0.0,0.0,0.0,0.0,0.0,0.5,0.5,0.5,0.615,79.32,90.51,75.43,90.51,0.2,6,1.0,3.0,114,157,157,71,48,48,92,134,134,138,91,138,74,152,160,1,1,82,98,4,3,178,172,172,20,125,132,5,9,0.0,0,0,0,0,0.0,0.0,0,0,0,0.0,0,0,0.0,0,0.0,0,0.0,0,0.0,0,0.0,0,0.0,3,9,9,0.3,1.7,0.89,0.333,0,0,1,0.0,0.0,0.0,,,,,,,,,,,,,,,,,,,,,,,,,,,,,,,,,,,,,,,,,,,,,,,,,,,,0.333,0.0,1.0,0.0,0.0,0.0,0.0,0.0,,0.333,0.0,1.0,0.0,0.667,1.0,2.0,0.5,0.75,0.0,0.0,0.0,,0.667,1.0,2.0,0.5,1,2,0.5,3,1.0,2.0,0.5,0.75,0,0.0,0,0.0,0,0.0,0,0.0,0.5,0,0,0.0,0.0,0.0,0.0,0.0,0.0,0.0,0.0,0.0,0.0,,,,1,3,0.333,,,,0.0,0.0,0.0,BKN,0,0,0.0,0.0,0.0,0.0,0.0,0.0,0.0,,,,0.0,0.0,0.0,1.0,3.0,0.333,,,,,,,,,,0,1,0.0,1.0,0.0,0.0,0.0,1.0,0.0,0.51,-0.51,0.0,1.0,0.0,0.278,-0.278,,,,,,,,,,,,,,,,0.0,1.0,0.0,0.289,-0.289,1.0,0.0,1.0,0.0,0.0,0.0,0.0,0.0,0.0,0.0,0.0,0.0,0.0,0.0,0.0,0.0,0.0,0.0,0.0,0.0,0.0,0,0,0,0,0.0,0.0,0,0.0,0,0.0,0,0.0,0,0.0,1117,0.2,0.1,0.1,3.82,4.1,3.55,2019,20190328,False
1627748,Thon Maker,Thon,1610612765,DET,22.0,1,1,0,1.0,15.283333333333333,3,4,0.75,2,3,0.667,0,0,0.0,0,6,6,1,1,0,2,0,0,1,8,1,21.7,0,0,21.0,1,1,1,1,131,82,117,15,28,61,17,93,100,93,74,29,39,92,52,80,4,1,1,76,94,72,65,15,2,71,1,92,110.9,110.0,110.0,99.1,110.3,110.3,11.8,-0.3,-0.3,0.091,1.0,16.7,0.0,0.222,0.146,16.7,16.7,1.0,1.0,0.143,0.153,97.42,92.65,77.21,92.65,0.308,30,3.0,4.0,85,87,87,49,94,94,50,87,87,102,58,79,74,44,42,153,155,8,9,122,120,142,167,167,6,82,117,20,11,0.0,0,0,2,1,0.05,0.05,1,1,1,1.0,0,0,0.0,2,2.0,0,0.0,0,0.0,0,0.0,0,0.0,8,26,8,0.7,1.6,0.42,0.308,0,0,1,0.0,0.0,0.0,0.0,0.0,0.0,1.0,0.0,0.0,0.0,0.0,0.0,6.0,0.0,8.0,0.75,0.0,0.75,5.7,0.0,6.0,0.0,8.0,0.75,0.0,0.75,5.7,,,,,,,,,,,,,,,,,,,,,,,,,,,,0.5,1.0,2.0,0.5,0.5,0.25,1.0,1.0,1.0,0.25,0.0,1.0,0.0,0.5,2.0,2.0,1.0,1.5,0.0,0.0,0.0,,0.5,2.0,2.0,1.0,0,0,,0,0.0,0.0,,,6,0.667,0,0.0,0,0.0,0,0.0,1.0,1,1,1.0,0.0,0.0,0.0,0.0,0.0,0.0,0.0,0.0,0.0,1.0,1.0,1.0,1,2,0.5,0.0,0.0,0.0,1.0,1.0,1.0,DET,1,1,1.0,0.0,0.0,0.0,0.0,0.0,0.0,0.0,0.0,0.0,1.0,1.0,1.0,1.0,2.0,0.5,,,,,,,0.0,0.0,0.0,2,3,2.0,3.0,0.667,1.0,1.0,7.0,0.143,0.418,-0.275,1.0,5.0,0.2,0.319,-0.119,0.0,2.0,0.0,0.467,-0.467,0.0,2.0,0.0,0.577,-0.577,0.0,2.0,0.0,0.533,-0.533,1.0,5.0,0.2,0.33,-0.13,5.0,2.0,3.0,0.0,0.0,1.0,2.0,0.0,0.0,0.0,0.0,0.0,0.0,5.0,5.0,3.0,1.0,0.0,1.0,0.75,0.25,0,0,0,0,0.0,0.0,0,0.0,0,0.0,0,0.0,0,0.0,5820,1.1,0.6,0.5,4.04,4.48,3.61,2019,20190328,False
204025,Tim Frazier,Tim,1610612749,MIL,28.0,1,1,0,1.0,1.1666666666666667,0,1,0.0,0,0,0.0,0,0,0.0,0,0,0,0,1,0,0,0,0,0,0,-4,-1.0,0,0,0.0,1,1,1,1,175,151,161,151,98,141,98,93,100,93,74,152,160,138,52,80,52,1,1,125,160,117,179,15,2,174,1,105,0.0,0.0,0.0,138.9,133.3,133.3,-138.9,-133.3,-133.3,0.0,0.0,0.0,0.0,0.0,0.0,50.0,50.0,0.0,0.0,0.667,0.667,120.96,123.43,102.86,123.43,-0.571,3,0.0,1.0,179,179,179,168,165,165,178,178,178,138,91,138,74,152,160,178,178,151,160,1,1,1,3,3,179,151,161,0,3,,0,0,0,0,0.0,0.0,2,0,1,0.0,0,0,0.0,0,0.0,0,0.0,0,0.0,1,0.5,0,0.0,0,3,1,0.6,11.44,5.33,0.0,0,0,0,0.0,0.0,0.0,,,,,,,,,,,,,,,,,,,,,,,,,,,,,,,,,,,,,,,1.0,0.0,1.0,0.0,0.0,1.0,0.0,1.0,0.0,0.0,0.0,0.0,,,,,,,,,,,,,,,,,,,,,,,,,,,,0,0,,0,,,,,0,0.0,0,0.0,0,0.0,0,0.0,0.0,0,1,0.0,0.0,0.0,0.0,0.0,0.0,0.0,,,,,,,0,0,0.0,,,,,,,MIL,0,1,0.0,,,,0.0,0.0,0.0,,,,,,,,,,,,,,,,0.0,0.0,0.0,0,0,,,,,,,,,,,,,,,,,,,,,,,,,,,,,,,,,,,,,,,,,,,,,,,,,,,,,,,,0,0,0,0,0.0,0.0,0,0.0,0,0.0,0,0.0,0,0.0,447,0.1,0.1,0.0,4.46,6.45,0.0,2019,20190328,False
202699,Tobias Harris,Tobias,1610612755,PHI,26.0,1,1,0,1.0,35.365,3,8,0.375,0,2,0.0,0,0,0.0,2,8,10,4,1,1,0,0,1,3,6,9,26.0,0,0,22.0,1,1,1,1,8,82,83,102,98,83,98,93,100,93,17,12,11,21,52,16,52,1,41,29,103,33,51,15,2,63,1,103,109.0,109.3,109.3,97.4,97.3,97.3,11.5,12.0,12.0,0.143,4.0,30.8,0.05,0.205,0.127,7.7,7.7,0.375,0.375,0.105,0.107,101.9,101.8,84.83,101.8,0.103,75,3.0,8.0,95,91,91,44,44,44,52,54,54,73,5,29,49,49,53,96,96,115,129,150,153,80,87,87,79,82,83,24,18,0.0,0,6,9,4,0.167,0.167,5,3,3,1.0,0,0,0.0,6,1.2,2,0.4,1,0.2,0,0.0,0,0.0,6,36,17,2.1,3.51,2.44,0.167,1,3,1,0.0,0.0,0.0,1.0,1.0,0.5,5.0,0.4,0.0,0.4,11.2,1.0,7.0,0.125,10.0,0.8,1.0,0.889,3.5,2.0,8.0,0.2,13.0,0.769,1.0,0.833,5.0,1.0,0.125,0.0,1.0,0.0,0.0,0.125,0.0,1.0,0.0,0.0,0.0,0.0,,0.75,3.0,6.0,0.5,0.5,0.625,3.0,5.0,0.6,0.125,0.0,1.0,0.0,0.125,0.0,1.0,0.0,0.0,0.0,0.0,0.0,,0.125,0.0,1.0,0.0,,,,,,,,,,,,,,0,2,0.0,0,0.0,0.0,,0.0,0,0.0,0,0.0,0,0.0,0,0.0,0.375,3,3,1.0,0.0,3.0,0.0,0.0,0.0,0.0,0.0,1.0,0.0,0.0,0.0,0.0,0,1,0.0,0.0,0.0,0.0,0.0,1.0,0.0,PHI,3,4,0.75,0.0,1.0,0.0,0.0,1.0,0.0,0.0,0.0,0.0,0.0,1.0,0.0,0.0,1.0,0.0,,,,,,,0.0,0.0,0.0,0,2,0.0,2.0,0.0,0.0,6.0,10.0,0.6,0.461,0.14,3.0,4.0,0.75,0.365,0.385,3.0,6.0,0.5,0.517,-0.017,2.0,5.0,0.4,0.576,-0.176,3.0,6.0,0.5,0.533,-0.033,3.0,4.0,0.75,0.36,0.39,5.0,2.0,3.0,1.0,0.0,0.0,0.0,1.0,0.0,1.0,1.0,0.0,1.0,3.0,4.0,3.0,1.0,0.25,0.75,0.75,0.25,0,2,0,0,0.0,0.0,1,0.333,0,0.0,0,0.0,0,0.0,13217,2.5,1.4,1.1,4.0,4.27,3.71,2019,20190328,False
1628470,Torrey Craig,Torrey,1610612743,DEN,28.0,1,0,1,0.0,4.383333333333334,0,2,0.0,0,1,0.0,2,2,1.0,0,0,0,0,0,1,0,0,1,1,2,-12,5.0,0,0,4.0,1,87,87,87,164,151,151,151,98,119,98,32,50,1,74,152,160,138,105,16,52,1,41,76,144,156,154,15,2,155,1,94,40.5,44.4,44.4,200.0,177.8,177.8,-159.5,-133.3,-133.3,0.0,0.0,0.0,0.0,0.0,0.0,0.0,0.0,0.0,0.347,0.273,0.265,97.9,98.56,82.13,98.56,0.0,9,0.0,2.0,178,178,178,180,178,178,180,178,178,138,91,138,74,152,160,1,1,151,135,30,35,136,118,118,156,151,151,0,2,,0,0,0,0,0.0,0.0,1,0,1,0.0,0,0,0.0,0,0.0,0,0.0,0,0.0,0,0.0,0,0.0,2,3,2,0.1,1.96,1.33,0.667,0,0,0,0.0,0.0,0.0,,,,,,,,,,,,,,,,,,,,,,,,,,,,,,,,,,,,,,,,,,,,,,,,,,,,0.5,0.0,1.0,0.0,0.0,0.5,0.0,1.0,0.0,0.0,0.0,0.0,,0.5,0.0,1.0,0.0,0.0,0.0,0.0,0.0,,0.5,0.0,1.0,0.0,0,1,0.0,0,0.0,0.0,,0.0,0,0.0,0,0.0,0,0.0,0,0.0,0.0,0,0,0.0,0.0,0.0,0.0,0.0,1.0,0.0,0.0,0.0,0.0,0.0,1.0,0.0,0,0,0.0,,,,0.0,1.0,0.0,DEN,0,0,0.0,0.0,0.0,0.0,0.0,0.0,0.0,0.0,1.0,0.0,0.0,1.0,0.0,0.0,0.0,0.0,,,,,,,0.0,0.0,0.0,0,1,0.0,1.0,0.0,0.0,1.0,1.0,1.0,0.409,0.591,1.0,1.0,1.0,0.331,0.669,,,,,,,,,,,,,,,,1.0,1.0,1.0,0.332,0.668,1.0,0.0,1.0,2.0,0.0,0.0,0.0,0.0,1.0,1.0,0.0,1.0,0.0,0.0,0.0,0.0,0.0,0.0,0.0,0.0,0.0,0,0,0,0,0.0,0.0,0,0.0,0,0.0,0,0.0,0,0.0,1916,0.4,0.2,0.2,4.95,4.41,5.64,2019,20190328,False
1626203,Treveon Graham,Treveon,1610612751,BKN,25.0,1,0,1,0.0,2.9166666666666665,0,0,0.0,0,0,0.0,2,2,1.0,0,1,1,0,0,0,0,0,0,1,2,0,3.2,0,0,3.0,1,87,87,87,168,151,172,151,98,141,98,32,50,1,74,120,126,138,105,80,52,1,1,76,144,81,162,15,2,162,1,104,102.5,83.3,83.3,105.0,100.0,100.0,-2.6,-16.7,-16.7,0.0,0.0,0.0,0.0,0.5,0.25,0.0,0.0,0.0,1.136,0.167,0.18,79.32,90.51,75.43,90.51,0.6,6,0.0,0.0,114,157,157,71,48,48,92,134,134,138,91,138,74,4,6,1,1,151,7,103,96,178,172,172,1,151,172,3,2,0.0,0,0,0,0,0.0,0.0,1,0,0,0.0,2,2,1.0,2,2.0,0,0.0,0,0.0,0,0.0,1,1.0,2,4,2,0.2,2.45,1.5,0.5,0,0,0,0.0,0.0,0.0,0.0,0.0,0.0,0.0,0.0,0.0,0.0,0.0,0.0,1.0,0.0,1.0,1.0,0.0,1.0,6.3,0.0,1.0,0.0,1.0,1.0,0.0,1.0,6.3,,,,,,,,,,,,,,,,,,,,,,,,,,,,,,,,,,,,,,,,,,,,,,,,,,,,,,0,0,,0,,,,,0,0.0,0,0.0,0,0.0,0,0.0,0.0,0,0,0.0,0.0,0.0,0.0,0.0,0.0,0.0,0.0,0.0,0.0,,,,0,0,0.0,,,,0.0,0.0,0.0,BKN,0,0,0.0,0.0,0.0,0.0,0.0,0.0,0.0,,,,0.0,0.0,0.0,0.0,0.0,0.0,,,,,,,,,,0,0,,,,,,,,,,,,,,,,,,,,,,,,,,,,,,,,,,,,,,,,,,,,,,,,,,,,,,,,0,0,0,0,0.0,0.0,0,0.0,0,0.0,0,0.0,0,0.0,976,0.2,0.1,0.1,3.82,4.11,3.57,2019,20190328,False
203504,Trey Burke,Trey,1610612742,DAL,26.0,1,0,1,0.0,17.468333333333334,2,8,0.25,1,4,0.25,0,0,0.0,1,0,1,4,1,0,0,0,1,0,5,-1,11.2,0,0,11.0,1,87,87,87,124,102,83,133,54,45,82,93,100,93,42,152,126,21,52,80,52,1,41,125,114,96,125,15,2,122,1,101,108.7,108.3,108.3,106.4,108.1,108.1,2.3,0.2,0.2,0.333,4.0,30.8,0.043,0.0,0.022,7.7,7.7,0.313,0.313,0.209,0.215,100.96,100.3,83.58,100.3,0.022,36,2.0,8.0,98,98,98,77,82,82,79,79,79,15,5,29,51,152,152,96,96,132,144,64,65,87,107,107,147,102,83,43,46,0.0,0,6,11,4,0.093,0.093,5,1,1,1.0,0,0,0.0,2,0.4,4,0.8,1,0.2,0,0.0,0,0.0,5,52,27,3.2,3.72,3.27,0.096,1,0,0,0.0,0.0,0.0,0.0,1.0,0.0,1.0,1.0,0.0,1.0,21.5,0.0,0.0,0.0,0.0,0.0,0.0,0.0,0.0,0.0,1.0,0.0,1.0,1.0,0.0,1.0,21.5,1.0,0.125,1.0,1.0,1.0,1.0,0.125,1.0,1.0,1.0,0.0,0.0,0.0,,0.125,0.0,1.0,0.0,0.0,0.125,0.0,1.0,0.0,0.0,0.0,0.0,,0.625,1.0,5.0,0.2,0.3,0.125,0.0,1.0,0.0,0.5,1.0,4.0,0.25,0.125,0.0,1.0,0.0,0.0,0.125,0.0,1.0,0.0,0.0,0.0,0.0,,0,4,0.0,0,0.0,1.0,0.0,0.0,3,0.333,0,0.0,0,0.0,0,0.0,0.313,1,1,1.0,0.0,0.0,0.0,0.0,3.0,0.0,1.0,2.0,0.5,0.0,0.0,0.0,0,2,0.0,0.0,0.0,0.0,1.0,2.0,0.5,DAL,1,1,1.0,0.0,0.0,0.0,0.0,1.0,0.0,0.0,2.0,0.0,1.0,2.0,0.5,0.0,2.0,0.0,,,,,,,0.0,0.0,0.0,1,2,1.0,2.0,0.5,0.75,3.0,7.0,0.429,0.406,0.022,0.0,3.0,0.0,0.286,-0.286,3.0,4.0,0.75,0.459,0.292,2.0,3.0,0.667,0.575,0.092,3.0,4.0,0.75,0.515,0.235,0.0,3.0,0.0,0.308,-0.308,6.0,3.0,3.0,0.0,0.0,0.0,0.0,0.0,0.0,0.0,0.0,0.0,0.0,0.0,0.0,0.0,0.0,0.0,0.0,0.0,0.0,0,0,0,0,0.0,0.0,0,0.0,0,0.0,0,0.0,0,0.0,7119,1.3,0.7,0.6,4.15,4.24,4.04,2019,20190328,False
1626168,Trey Lyles,Trey,1610612743,DEN,23.0,1,0,1,0.0,12.0,1,5,0.2,0,3,0.0,0,0,0.0,0,5,5,0,3,0,0,0,0,0,2,-5,5.0,0,0,7.0,1,87,87,87,144,125,107,145,98,61,98,93,100,93,74,37,46,138,6,80,52,1,1,125,144,126,154,15,2,140,1,94,77.0,83.3,83.3,102.3,100.0,100.0,-25.2,-16.7,-16.7,0.0,0.0,0.0,0.0,0.294,0.161,37.5,37.5,0.2,0.2,0.296,0.297,100.8,98.0,81.67,98.0,0.0,24,1.0,5.0,167,157,157,64,48,48,152,134,134,138,91,138,74,21,33,177,177,148,158,24,25,90,121,121,156,125,107,8,9,0.0,0,0,0,0,0.0,0.0,2,1,1,1.0,0,0,0.0,2,1.0,0,0.0,0,0.0,1,0.5,0,0.0,2,15,9,0.8,3.26,1.8,0.133,0,1,0,0.0,0.0,0.0,0.0,0.0,0.0,1.0,0.0,0.0,0.0,0.0,2.0,3.0,0.4,6.0,0.833,0.0,0.833,6.1,2.0,3.0,0.4,7.0,0.714,0.0,0.714,6.1,,,,,,,,,,,,,,,,,,,,,,,,,,,,0.4,1.0,2.0,0.5,0.5,0.4,1.0,2.0,0.5,0.0,0.0,0.0,,0.6,0.0,3.0,0.0,0.0,0.0,0.0,0.0,,0.6,0.0,3.0,0.0,1,2,0.5,2,0.0,1.0,0.0,0.5,0,0.0,0,0.0,0,0.0,0,0.0,0.2,0,0,0.0,1.0,1.0,1.0,0.0,1.0,0.0,0.0,0.0,0.0,0.0,0.0,0.0,0,3,0.0,,,,0.0,0.0,0.0,DEN,0,0,0.0,0.0,0.0,0.0,1.0,2.0,0.5,0.0,0.0,0.0,0.0,0.0,0.0,0.0,3.0,0.0,0.0,0.0,0.0,,,,0.0,0.0,0.0,0,1,0.0,1.0,0.0,0.0,1.0,5.0,0.2,0.4,-0.2,1.0,5.0,0.2,0.354,-0.154,,,,,,,,,,,,,,,,1.0,5.0,0.2,0.358,-0.158,6.0,1.0,5.0,0.0,0.0,0.0,0.0,0.0,0.0,0.0,0.0,0.0,0.0,2.0,2.0,2.0,1.0,0.0,1.0,1.0,0.5,0,1,0,0,0.0,0.0,0,0.0,0,0.0,0,0.0,0,0.0,4606,0.9,0.5,0.4,4.18,4.89,3.53,2019,20190328,False
202684,Tristan Thompson,Tristan,1610612739,CLE,28.0,1,0,1,0.0,21.516666666666666,2,4,0.5,0,0,0.0,0,0,0.0,3,4,7,3,2,0,0,1,3,1,4,-4,14.9,0,0,14.0,1,87,87,87,96,102,117,65,98,141,98,93,100,93,8,48,35,42,22,80,52,122,124,76,122,117,110,15,2,108,1,97,117.3,119.5,119.5,121.4,129.3,129.3,-4.1,-9.8,-9.8,0.167,1.5,33.3,0.2,0.235,0.219,22.2,22.2,0.5,0.5,0.133,0.134,95.26,91.46,76.22,91.46,0.059,41,2.0,4.0,61,50,50,133,160,160,98,117,117,58,43,19,3,39,12,169,169,82,98,130,131,164,170,170,116,102,117,31,18,0.0,0,3,6,3,0.097,0.097,1,0,0,0.0,0,0,0.0,0,0.0,0,0.0,0,0.0,1,1.0,0,0.0,4,38,17,1.2,1.88,0.74,0.105,4,1,6,0.0,2.0,0.333,2.0,1.0,0.667,5.0,0.6,0.0,0.6,4.1,0.0,4.0,0.0,6.0,0.667,0.0,0.667,3.7,2.0,5.0,0.286,10.0,0.7,0.0,0.7,3.9,,,,,,,,,,,,,,,1.0,2.0,4.0,0.5,0.5,1.0,2.0,4.0,0.5,0.0,0.0,0.0,,,,,,,,,,,,,,,,,,,,,,,,,,,,0,0,,0,,,,,0,0.0,2,0.5,2,1.0,0,0.0,0.5,1,2,0.5,1.0,2.0,0.5,0.0,0.0,0.0,0.0,0.0,0.0,0.0,0.0,0.0,0,0,0.0,,,,0.0,0.0,0.0,CLE,1,2,0.5,1.0,2.0,0.5,0.0,0.0,0.0,0.0,0.0,0.0,0.0,0.0,0.0,0.0,0.0,0.0,,,,0.0,0.0,0.0,,,,0,0,,,,,9.0,16.0,0.563,0.497,0.066,1.0,3.0,0.333,0.368,-0.035,8.0,13.0,0.615,0.516,0.099,5.0,6.0,0.833,0.636,0.197,5.0,9.0,0.556,0.596,-0.04,2.0,5.0,0.4,0.423,-0.023,11.0,8.0,3.0,0.0,0.0,1.0,2.0,1.0,1.0,2.0,0.5,0.5,0.0,1.0,1.0,1.0,0.0,0.0,1.0,1.0,0.0,1,1,0,0,0.0,2.0,0,0.0,0,0.0,0,0.0,0,0.0,8059,1.5,0.8,0.7,3.97,4.03,3.91,2019,20190328,False
1627820,Tyrone Wallace,Tyrone,1610612746,LAC,25.0,1,0,1,0.0,8.05,2,4,0.5,0,0,0.0,0,0,0.0,0,1,1,1,0,1,0,0,1,0,4,-1,9.7,0,0,8.0,1,87,87,87,154,102,117,65,98,141,98,93,100,93,74,120,126,92,105,16,52,1,41,125,122,96,131,15,2,136,1,105,95.7,94.4,94.4,98.9,94.7,94.7,-3.2,-0.3,-0.3,0.25,0.0,20.0,0.0,0.125,0.059,0.0,0.0,0.5,0.5,0.222,0.225,107.21,110.31,91.93,110.31,0.123,18,2.0,4.0,134,139,139,47,38,38,95,86,86,30,91,61,74,84,102,1,1,82,98,57,59,41,28,28,60,102,117,15,17,0.0,0,2,2,1,0.067,0.067,5,2,3,0.667,0,0,0.0,4,0.8,2,0.4,0,0.0,0,0.0,0,0.0,4,22,8,1.3,3.66,3.91,0.182,0,1,1,0.0,0.0,0.0,0.0,0.0,0.0,0.0,0.0,0.0,0.0,0.0,0.0,1.0,0.0,1.0,1.0,0.0,1.0,7.6,0.0,1.0,0.0,1.0,1.0,0.0,1.0,7.6,1.0,0.25,1.0,1.0,1.0,1.0,0.25,1.0,1.0,1.0,0.0,0.0,0.0,,0.5,1.0,2.0,0.5,0.5,0.5,1.0,2.0,0.5,0.0,0.0,0.0,,0.25,0.0,1.0,0.0,0.0,0.25,0.0,1.0,0.0,0.0,0.0,0.0,,,,,,,,,,,,,,,0,1,0.0,0,,,,0.0,0,0.0,0,0.0,0,0.0,0,0.0,0.5,0,0,0.0,2.0,4.0,0.5,0.0,0.0,0.0,,,,0.0,0.0,0.0,0,0,0.0,,,,0.0,0.0,0.0,LAC,0,1,0.0,1.0,1.0,1.0,1.0,2.0,0.5,0.0,0.0,0.0,0.0,0.0,0.0,0.0,0.0,0.0,,,,,,,0.0,0.0,0.0,0,0,,,,,1.0,2.0,0.5,0.455,0.046,0.0,1.0,0.0,0.338,-0.338,1.0,1.0,1.0,0.474,0.526,1.0,1.0,1.0,0.549,0.451,1.0,1.0,1.0,0.512,0.488,0.0,1.0,0.0,0.354,-0.354,3.0,1.0,2.0,0.0,0.0,0.0,0.0,0.0,0.0,0.0,0.0,0.0,0.0,0.0,0.0,0.0,0.0,0.0,0.0,0.0,0.0,0,1,0,0,0.0,0.0,0,0.0,0,0.0,0,0.0,0,0.0,3498,0.7,0.4,0.3,4.77,6.0,3.75,2019,20190328,False
201961,Wayne Ellington,Wayne,1610612765,DET,31.0,1,1,0,1.0,30.935,9,16,0.563,7,13,0.538,0,0,0.0,0,0,0,0,0,3,0,1,1,0,25,6,34.0,0,0,38.0,1,1,1,1,38,12,15,55,1,1,32,93,100,93,74,152,160,138,105,2,52,122,41,125,8,42,25,15,2,14,1,92,118.4,121.7,121.7,101.8,108.1,108.1,16.7,13.6,13.6,0.0,0.0,0.0,0.0,0.0,0.0,0.0,0.0,0.781,0.781,0.242,0.24,98.9,94.65,78.88,94.65,0.145,60,9.0,16.0,57,41,41,61,81,81,43,52,52,138,91,138,74,152,160,1,1,29,31,46,49,118,145,145,44,12,15,18,28,0.0,1,1,0,1,0.0,0.056,4,1,1,1.0,0,0,0.0,2,0.5,3,0.75,0,0.0,0,0.0,0,0.0,25,35,27,1.0,1.67,0.97,0.714,1,0,0,0.0,0.0,0.0,,,,,,,,,,,,,,,,,,,,,,,,,1.0,0.188,1.0,3.0,0.333,0.5,0.063,0.0,1.0,0.0,0.125,1.0,2.0,0.5,0.5,5.0,8.0,0.625,0.875,0.063,1.0,1.0,1.0,0.438,4.0,7.0,0.571,0.188,2.0,3.0,0.667,0.833,0.063,1.0,1.0,1.0,0.125,1.0,2.0,0.5,0.125,1.0,2.0,0.5,0.75,0.0,0.0,0.0,,0.125,1.0,2.0,0.5,2,3,0.667,5,1.0,2.0,0.5,0.833,18,0.545,0,0.0,0,0.0,0,0.0,0.781,0,0,0.0,2.0,3.0,0.667,0.0,0.0,0.0,1.0,2.0,0.5,0.0,1.0,0.0,6,10,0.6,0.0,0.0,0.0,1.0,3.0,0.333,DET,1,1,1.0,0.0,1.0,0.0,1.0,1.0,1.0,0.0,0.0,0.0,3.0,5.0,0.6,4.0,8.0,0.5,,,,0.0,0.0,0.0,0.0,0.0,0.0,6,11,6.0,11.0,0.545,0.818,4.0,10.0,0.4,0.439,-0.039,0.0,3.0,0.0,0.34,-0.34,4.0,7.0,0.571,0.506,0.066,3.0,5.0,0.6,0.581,0.019,3.0,5.0,0.6,0.549,0.051,0.0,4.0,0.0,0.368,-0.368,2.0,1.0,1.0,5.0,0.0,0.0,0.0,0.0,0.0,0.0,0.0,0.0,0.0,0.0,0.0,0.0,0.0,0.0,0.0,0.0,0.0,0,0,0,0,0.0,0.0,0,0.0,0,0.0,0,0.0,0,0.0,12372,2.3,1.3,1.1,4.25,4.57,4.27,2019,20190328,False
1628411,Wes Iwundu,Wes,1610612753,ORL,24.0,1,0,1,0.0,19.333333333333332,2,2,1.0,2,2,1.0,2,2,1.0,0,2,2,1,0,0,0,0,0,1,8,10,11.9,0,0,13.0,1,87,87,87,111,102,151,1,28,83,1,32,50,1,74,91,104,92,105,80,52,1,1,76,94,28,122,15,2,115,1,92,119.2,125.0,125.0,102.0,100.0,100.0,17.1,25.0,25.0,0.063,0.0,25.0,0.0,0.091,0.049,0.0,0.0,1.5,1.389,0.064,0.061,100.75,99.31,82.76,99.31,0.132,40,2.0,2.0,51,24,24,63,48,48,41,27,27,118,91,43,74,106,117,1,1,1,5,167,168,91,113,113,52,102,151,11,10,0.0,0,2,2,1,0.091,0.091,0,0,0,0.0,0,0,0.0,0,0.0,0,0.0,0,0.0,0,0.0,0,0.0,8,15,10,0.5,2.13,1.2,0.533,1,0,1,0.0,0.0,0.0,0.0,0.0,0.0,1.0,0.0,0.0,0.0,0.0,0.0,2.0,0.0,3.0,0.667,1.0,1.0,4.3,0.0,2.0,0.0,3.0,0.667,1.0,1.0,4.3,,,,,,,,,,,,,,,,,,,,,,,,,,,,,,,,,,,,,,,,,1.0,2.0,2.0,1.0,1.5,0.0,0.0,0.0,,1.0,2.0,2.0,1.0,0,0,,0,0.0,0.0,,,6,1.0,0,0.0,0,0.0,0,0.0,1.5,0,0,0.0,0.0,0.0,0.0,0.0,0.0,0.0,0.0,0.0,0.0,0.0,0.0,0.0,2,2,1.0,0.0,0.0,0.0,0.0,0.0,0.0,ORL,0,0,0.0,0.0,0.0,0.0,0.0,0.0,0.0,0.0,0.0,0.0,0.0,0.0,0.0,2.0,2.0,1.0,,,,0.0,0.0,0.0,0.0,0.0,0.0,2,2,2.0,2.0,1.0,1.5,0.0,5.0,0.0,0.422,-0.422,0.0,3.0,0.0,0.368,-0.368,0.0,2.0,0.0,0.523,-0.523,0.0,1.0,0.0,0.609,-0.609,0.0,2.0,0.0,0.564,-0.564,0.0,3.0,0.0,0.37,-0.37,5.0,2.0,3.0,0.0,0.0,0.0,0.0,0.0,0.0,0.0,0.0,0.0,0.0,0.0,0.0,0.0,0.0,0.0,0.0,0.0,0.0,0,0,0,0,0.0,0.0,0,0.0,0,0.0,0,0.0,0,0.0,7732,1.5,0.7,0.8,4.36,4.51,4.24,2019,20190328,False
203115,Will Barton,Will,1610612743,DEN,28.0,1,0,1,0.0,28.716666666666665,1,6,0.167,0,2,0.0,0,0,0.0,0,1,1,4,1,0,0,0,2,0,2,-8,8.2,0,0,7.0,1,87,87,87,53,125,98,149,98,83,98,93,100,93,74,120,126,21,52,80,52,1,86,125,144,139,139,15,2,140,1,94,94.1,100.0,100.0,114.4,112.3,112.3,-20.4,-12.3,-12.3,0.182,4.0,36.4,0.0,0.034,0.017,9.1,9.1,0.167,0.167,0.109,0.108,96.48,94.44,78.7,94.44,-0.01,56,1.0,6.0,137,122,122,110,101,101,144,123,123,54,5,16,74,145,156,110,110,149,159,146,151,151,147,147,164,125,98,36,34,0.0,1,4,8,5,0.111,0.139,3,1,3,0.333,0,0,0.0,2,0.667,0,0.0,0,0.0,0,0.0,0,0.0,2,44,28,2.4,3.3,2.41,0.045,1,0,0,0.0,0.0,0.0,0.0,0.0,0.0,0.0,0.0,0.0,0.0,0.0,0.0,1.0,0.0,3.0,0.333,0.0,0.333,6.0,0.0,1.0,0.0,3.0,0.333,0.0,0.333,6.0,1.0,0.333,0.0,2.0,0.0,0.0,0.333,0.0,2.0,0.0,0.0,0.0,0.0,,0.333,1.0,2.0,0.5,0.5,0.333,1.0,2.0,0.5,0.0,0.0,0.0,,0.167,0.0,1.0,0.0,0.0,0.0,0.0,0.0,,0.167,0.0,1.0,0.0,0.167,0.0,1.0,0.0,0.0,0.0,0.0,0.0,,0.167,0.0,1.0,0.0,0,1,0.0,0,0.0,1.0,0.0,0.0,0,0.0,0,0.0,0,0.0,0,0.0,0.167,0,2,0.0,1.0,2.0,0.5,0.0,0.0,0.0,0.0,0.0,0.0,0.0,1.0,0.0,0,1,0.0,0.0,0.0,0.0,0.0,1.0,0.0,DEN,0,2,0.0,0.0,1.0,0.0,1.0,1.0,1.0,0.0,0.0,0.0,0.0,1.0,0.0,0.0,1.0,0.0,0.0,0.0,0.0,0.0,0.0,0.0,0.0,0.0,0.0,0,1,0.0,1.0,0.0,0.0,3.0,4.0,0.75,0.483,0.267,,,,,,3.0,4.0,0.75,0.546,0.204,2.0,3.0,0.667,0.592,0.075,3.0,4.0,0.75,0.562,0.188,,,,,,2.0,1.0,1.0,0.0,0.0,0.0,0.0,0.0,0.0,0.0,0.0,0.0,0.0,1.0,1.0,0.0,0.0,0.0,1.0,0.0,0.0,0,0,0,0,0.0,0.0,0,0.0,0,0.0,0,0.0,0,0.0,10180,1.9,1.0,0.9,3.75,3.85,3.66,2019,20190328,False
1626161,Willie Cauley-Stein,Willie,1610612758,SAC,25.0,1,0,1,0.0,34.53333333333333,7,9,0.778,0,0,0.0,4,4,1.0,2,10,12,4,0,0,2,1,3,3,18,6,44.4,1,0,38.0,1,87,87,87,14,21,68,14,98,141,98,14,18,1,17,5,6,21,105,80,4,122,124,29,23,42,12,1,2,14,1,105,116.0,116.9,116.9,107.7,110.5,110.5,8.2,6.4,6.4,0.138,0.0,26.7,0.057,0.286,0.171,0.0,0.0,0.778,0.836,0.136,0.132,108.11,106.33,88.61,106.33,0.17,77,7.0,9.0,66,60,60,82,95,95,66,68,68,79,91,40,46,23,25,1,1,30,21,129,133,34,47,47,33,21,68,40,28,0.0,1,2,8,5,0.1,0.125,0,0,0,0.0,0,0,0.0,0,0.0,0,0.0,0,0.0,0,0.0,0,0.0,18,51,26,1.6,1.87,0.55,0.353,4,3,7,1.5,0.667,1.429,2.0,0.0,1.0,5.0,0.4,0.0,0.4,2.6,7.0,3.0,0.7,17.0,0.588,4.0,0.769,4.5,9.0,3.0,0.75,22.0,0.545,4.0,0.667,4.2,1.0,0.222,0.0,2.0,0.0,0.0,0.222,0.0,2.0,0.0,0.0,0.0,0.0,,0.667,6.0,6.0,1.0,1.0,0.667,6.0,6.0,1.0,0.0,0.0,0.0,,0.111,1.0,1.0,1.0,1.0,0.111,1.0,1.0,1.0,0.0,0.0,0.0,,,,,,,,,,,,,,,1,1,1.0,2,,,,1.0,0,0.0,10,1.0,2,0.0,6,1.0,0.778,5,6,0.833,2.0,3.0,0.667,0.0,0.0,0.0,0.0,0.0,0.0,0.0,0.0,0.0,0,0,0.0,0.0,0.0,0.0,0.0,0.0,0.0,SAC,5,6,0.833,1.0,2.0,0.5,1.0,1.0,1.0,0.0,0.0,0.0,0.0,0.0,0.0,0.0,0.0,0.0,0.0,0.0,0.0,,,,0.0,0.0,0.0,0,0,,,,,9.0,17.0,0.529,0.536,-0.007,0.0,2.0,0.0,0.33,-0.33,9.0,15.0,0.6,0.574,0.026,3.0,4.0,0.75,0.642,0.108,6.0,11.0,0.545,0.595,-0.049,2.0,5.0,0.4,0.361,0.039,14.0,14.0,0.0,0.0,0.0,8.0,17.0,0.0,1.0,1.0,0.0,1.0,0.0,5.0,5.0,3.0,1.0,0.0,1.0,1.0,0.333,0,2,2,2,1.0,0.667,0,0.0,0,0.0,0,0.0,1,0.333,13301,2.5,1.3,1.2,4.05,4.38,3.74,2019,20190328,False
201163,Wilson Chandler,Wilson,1610612746,LAC,32.0,1,0,1,0.0,17.44333333333333,5,7,0.714,5,6,0.833,0,0,0.0,0,2,2,1,0,0,0,0,2,0,15,-2,18.9,0,0,23.0,1,87,87,87,125,50,92,19,2,21,14,93,100,93,74,91,104,92,105,80,52,1,86,125,40,102,82,15,2,57,1,105,118.7,118.9,118.9,128.3,124.3,124.3,-9.7,-5.4,-5.4,0.091,0.0,12.5,0.0,0.111,0.056,0.0,0.0,1.071,1.071,0.179,0.179,100.33,101.82,84.85,101.82,0.165,37,5.0,7.0,55,53,53,156,148,148,121,103,103,102,91,109,74,91,106,1,1,7,8,92,97,96,86,86,35,50,92,10,13,0.0,0,1,3,1,0.1,0.1,4,0,1,0.0,0,0,0.0,0,0.0,3,0.75,1,0.25,0,0.0,0,0.0,15,17,12,0.7,2.43,1.35,0.882,0,0,0,0.0,0.0,0.0,0.0,0.0,0.0,0.0,0.0,0.0,0.0,0.0,2.0,0.0,1.0,3.0,0.667,0.0,0.667,5.4,2.0,0.0,1.0,3.0,0.667,0.0,0.667,5.4,,,,,,,,,,,,,,,0.143,1.0,1.0,1.0,1.5,0.0,0.0,0.0,,0.143,1.0,1.0,1.0,0.571,3.0,4.0,0.75,1.125,0.143,0.0,1.0,0.0,0.429,3.0,3.0,1.0,0.286,1.0,2.0,0.5,0.75,0.0,0.0,0.0,,0.286,1.0,2.0,0.5,1,2,0.5,3,1.0,1.0,1.0,0.75,12,0.8,0,0.0,0,0.0,0,0.0,1.071,0,0,0.0,0.0,1.0,0.0,0.0,0.0,0.0,,,,0.0,0.0,0.0,5,6,0.833,,,,0.0,0.0,0.0,LAC,0,0,0.0,0.0,0.0,0.0,0.0,1.0,0.0,0.0,0.0,0.0,0.0,0.0,0.0,5.0,6.0,0.833,,,,0.0,0.0,0.0,,,,4,5,4.0,5.0,0.8,1.2,2.0,3.0,0.667,0.528,0.138,1.0,2.0,0.5,0.314,0.186,1.0,1.0,1.0,0.624,0.376,1.0,1.0,1.0,0.722,0.278,1.0,1.0,1.0,0.674,0.326,1.0,2.0,0.5,0.329,0.172,2.0,0.0,2.0,0.0,0.0,0.0,0.0,0.0,0.0,0.0,0.0,0.0,0.0,4.0,4.0,2.0,2.0,0.0,1.0,1.0,1.0,0,0,0,0,0.0,0.0,0,0.0,0,0.0,0,0.0,0,0.0,6830,1.3,0.7,0.6,4.22,4.68,3.79,2019,20190328,False
1627812,Yogi Ferrell,Yogi,1610612758,SAC,26.0,1,0,1,0.0,17.533333333333335,2,4,0.5,2,3,0.667,0,0,0.0,0,2,2,4,2,0,0,0,1,2,6,2,12.4,0,0,14.0,1,87,87,87,122,102,117,65,28,61,17,93,100,93,74,91,104,21,22,80,52,1,41,51,103,63,119,15,2,108,1,105,133.8,137.1,137.1,125.1,127.8,127.8,8.6,9.4,9.4,0.235,2.0,40.0,0.0,0.143,0.074,20.0,20.0,0.75,0.75,0.158,0.154,99.43,97.19,80.99,97.19,0.07,35,2.0,4.0,17,8,8,149,155,155,63,59,59,36,27,10,74,74,86,159,160,32,37,110,117,109,126,126,102,102,117,28,29,0.0,0,5,10,4,0.143,0.143,2,0,0,0.0,0,0,0.0,0,0.0,2,1.0,0,0.0,0,0.0,0,0.0,6,36,18,2.6,4.34,3.53,0.167,0,0,0,0.0,0.0,0.0,0.0,0.0,0.0,0.0,0.0,0.0,0.0,0.0,0.0,2.0,0.0,4.0,0.5,0.0,0.5,15.1,0.0,2.0,0.0,4.0,0.5,0.0,0.5,15.1,,,,,,,,,,,,,,,,,,,,,,,,,,,,0.5,2.0,2.0,1.0,1.5,0.0,0.0,0.0,,0.5,2.0,2.0,1.0,0.5,0.0,2.0,0.0,0.0,0.25,0.0,1.0,0.0,0.25,0.0,1.0,0.0,1,2,0.5,3,1.0,1.0,1.0,0.75,3,0.5,0,0.0,0,0.0,0,0.0,0.75,0,0,0.0,0.0,0.0,0.0,0.0,1.0,0.0,0.0,0.0,0.0,0.0,1.0,0.0,2,2,1.0,,,,0.0,1.0,0.0,SAC,0,0,0.0,0.0,0.0,0.0,0.0,0.0,0.0,0.0,0.0,0.0,0.0,2.0,0.0,2.0,2.0,1.0,,,,,,,,,,1,2,1.0,2.0,0.5,0.75,1.0,1.0,1.0,0.434,0.566,,,,,,1.0,1.0,1.0,0.476,0.524,1.0,1.0,1.0,0.505,0.495,1.0,1.0,1.0,0.478,0.522,,,,,,1.0,0.0,1.0,1.0,0.0,2.0,4.0,1.0,0.0,1.0,1.0,0.0,0.0,0.0,0.0,0.0,0.0,0.0,0.0,0.0,0.0,0,0,0,0,0.0,0.0,0,0.0,0,0.0,0,0.0,0,0.0,7587,1.4,0.8,0.6,4.39,4.52,4.24,2019,20190328,False
2585,Zaza Pachulia,Zaza,1610612765,DET,35.0,1,1,0,1.0,9.216666666666667,0,0,0.0,0,0,0.0,1,2,0.5,0,1,1,0,2,0,0,0,3,2,1,-4,0.2,0,0,2.0,1,1,1,1,148,151,172,151,98,141,98,73,50,75,74,120,126,138,22,80,52,1,124,51,159,117,173,15,2,167,1,92,106.6,112.5,112.5,115.3,129.4,129.4,-8.7,-16.9,-16.9,0.0,0.0,0.0,0.0,0.063,0.048,66.7,69.4,0.0,0.568,0.176,0.171,93.64,85.93,71.61,85.93,-0.16,16,0.0,0.0,104,71,71,117,161,161,115,137,137,138,91,138,74,127,118,180,180,151,84,95,106,172,178,178,174,151,172,5,5,0.0,0,0,0,0,0.0,0.0,1,0,0,0.0,1,2,0.5,1,1.0,0,0.0,0,0.0,0,0.0,1,1.0,1,8,4,0.4,2.87,2.13,0.125,1,1,0,0.0,0.0,0.0,0.0,0.0,0.0,1.0,0.0,0.0,0.0,0.0,1.0,0.0,1.0,3.0,0.333,1.0,0.5,2.6,1.0,0.0,1.0,4.0,0.25,1.0,0.333,2.6,,,,,,,,,,,,,,,,,,,,,,,,,,,,,,,,,,,,,,,,,,,,,,,,,,,,,,0,0,,0,,,,,0,0.0,0,0.0,0,0.0,0,0.0,0.0,0,0,0.0,0.0,0.0,0.0,0.0,0.0,0.0,,,,0.0,0.0,0.0,0,0,0.0,0.0,0.0,0.0,0.0,0.0,0.0,DET,0,0,0.0,0.0,0.0,0.0,0.0,0.0,0.0,0.0,0.0,0.0,0.0,0.0,0.0,0.0,0.0,0.0,,,,,,,0.0,0.0,0.0,0,0,,,,,2.0,5.0,0.4,0.469,-0.069,1.0,2.0,0.5,0.299,0.201,1.0,3.0,0.333,0.542,-0.209,1.0,1.0,1.0,0.652,0.348,1.0,1.0,1.0,0.625,0.375,1.0,4.0,0.25,0.348,-0.098,4.0,2.0,2.0,1.0,0.0,3.0,6.0,0.0,0.0,0.0,0.0,0.0,0.0,5.0,5.0,4.0,0.0,0.0,1.0,0.8,0.0,0,0,0,0,0.0,0.0,0,0.0,0,0.0,1,1.0,0,0.0,3329,0.6,0.3,0.3,3.67,4.0,3.4,2019,20190328,False
