PLAYER_ID,PLAYER_NAME,NICKNAME,TEAM_ID,TEAM_ABBREVIATION,AGE,GP,W,L,W_PCT,MIN,FGM,FGA,FG_PCT,FG3M,FG3A,FG3_PCT,FTM,FTA,FT_PCT,OREB,DREB,REB,AST,TOV,STL,BLK,BLKA,PF,PFD,PTS,PLUS_MINUS,NBA_FANTASY_PTS,DD2,TD3,WNBA_FANTASY_PTS,GP_RANK,W_RANK,L_RANK,W_PCT_RANK,MIN_RANK,FGM_RANK,FGA_RANK,FG_PCT_RANK,FG3M_RANK,FG3A_RANK,FG3_PCT_RANK,FTM_RANK,FTA_RANK,FT_PCT_RANK,OREB_RANK,DREB_RANK,REB_RANK,AST_RANK,TOV_RANK,STL_RANK,BLK_RANK,BLKA_RANK,PF_RANK,PFD_RANK,PTS_RANK,PLUS_MINUS_RANK,NBA_FANTASY_PTS_RANK,DD2_RANK,TD3_RANK,WNBA_FANTASY_PTS_RANK,TEAM_COUNT,REB_PCT_RANK,FGA_PG_RANK,TS_PCT_RANK,E_TOV_PCT,E_USG_PCT,DEF_RATING_RANK,AST_TO,E_OFF_RATING,NET_RATING_RANK,DREB_PCT_RANK,USG_PCT,E_USG_PCT_RANK,NET_RATING,sp_work_OFF_RATING_RANK,E_DEF_RATING_RANK,sp_work_DEF_RATING,sp_work_OFF_RATING,PACE_PER40,AST_TO_RANK,DREB_PCT,POSS,DEF_RATING,E_NET_RATING,sp_work_PACE_RANK,AST_PCT,OREB_PCT_RANK,sp_work_PACE,TM_TOV_PCT,USG_PCT_RANK,PIE,FGA_PG,OFF_RATING,EFG_PCT_RANK,sp_work_NET_RATING_RANK,PACE_RANK,AST_RATIO,FGM_PG,REB_PCT,OREB_PCT,E_OFF_RATING_RANK,sp_work_DEF_RATING_RANK,EFG_PCT,PACE,AST_PCT_RANK,AST_RATIO_RANK,PIE_RANK,E_NET_RATING_RANK,TS_PCT,OFF_RATING_RANK,E_PACE_RANK,E_PACE,E_DEF_RATING,TM_TOV_PCT_RANK,E_TOV_PCT_RANK,FGM_PG_RANK,sp_work_NET_RATING,MID_FGM,CORNER_3_FGM,ABOVE_BREAK_3_FG_PCT,LEFT_CORNER_3_FG_PCT,BACKCOURT_FGA,ITP_FGM,ABOVE_BREAK_3_FGA,RIGHT_CORNER_3_FGM,MID_FG_PCT,LEFT_CORNER_3_FGA,MID_FGA,ITP_FG_PCT,ITP_FGA,ABOVE_BREAK_3_FGM,RIGHT_CORNER_3_FGA,CORNER_3_FGA,RA_FGM,RA_FG_PCT,BACKCOURT_FG_PCT,BACKCOURT_FGM,CORNER_3_FG_PCT,RIGHT_CORNER_3_FG_PCT,RA_FGA,LEFT_CORNER_3_FGM,FGP_20_24,FGP_25_29,FGA_40_PLUS,FGA_10_14,FGM_10_14,FGM_20_24,FGM_5_9,FGP_15_19,FGP_30_34,FGA_25_29,FGP_LT_5,FGA_15_19,FGP_40_PLUS,FGA_35_39,FGA_30_34,FGM_40_PLUS,FGM_35_39,FGA_20_24,FGP_35_39,FGM_15_19,FGM_LT_5,TEAM_ABBR,FGA_5_9,FGM_30_34,FGA_LT_5,FGM_25_29,FGP_5_9,FGP_10_14,COLLEGE,PLAYER_WEIGHT,DRAFT_ROUND,PLAYER_HEIGHT_INCHES,DRAFT_NUMBER,COUNTRY,DRAFT_YEAR,year
920,A.C. Green,A.C.,1610612742,DAL,35.0,50,19,31,0.38,923.3383333333334,108,256,0.422,0,8,0.0,30,52,0.577,82,146,228,25,19,28,8,17,69,1,246,-82,646.1,4,0,571.0,1,185,404,309,193,191,191,225,255,219,255,252,228,340,75,104,92,258,303,184,216,269,213,45,211,375,200,79,12,206,1,85,227,354,5.9,0.148,354,1.32,98.6,305,86,0.144,344,-5.0,192,348,103.4,98.5,75.57,165,0.163,1747,103.4,-5.6,313,0.043,101,90.69,5.9,344,0.08,5.1,98.5,311,305,313,7.8,2.2,0.123,0.086,207,354,0.422,90.69,366,326,245,305,0.441,192,320,90.34,104.1,22,21,231,-5.0,62,0.0,0.0,0.0,1.0,7.0,5.0,0.0,0.392,2.0,158,0.467,15.0,0.0,0.0,2.0,39,0.52,0.0,0.0,0.0,0.0,75,0.0,0.294,0.0,2.0,31.0,8.0,5.0,5.0,0.44,0.0,4.0,0.513,116.0,0.0,0.0,0.0,0.0,0.0,17.0,0.0,51.0,39,DAL,10.0,0.0,76,0.0,0.5,0.258,Oregon State,225,1,81.0,23,USA,1985,1999
243,Aaron McKie,Aaron,1610612755,PHI,26.0,50,28,22,0.56,958.865,95,237,0.401,6,31,0.194,44,62,0.71,27,113,140,100,57,63,3,6,90,0,240,-66,699.0,0,0,618.0,1,76,294,155,184,209,200,284,172,153,228,209,209,234,215,152,170,105,159,41,291,130,262,130,217,356,184,174,12,193,1,210,242,330,13.5,0.152,147,1.75,95.5,264,178,0.148,333,-2.6,333,152,96.2,93.6,78.55,96,0.12,1874,96.2,-2.0,138,0.183,278,94.26,13.4,332,0.09,4.7,93.6,330,264,138,23.6,1.9,0.075,0.029,308,147,0.414,94.26,114,83,190,243,0.454,333,170,92.72,97.5,291,294,251,-2.6,65,2.0,0.167,0.0,1.0,3.0,24.0,2.0,0.419,1.0,155,0.143,21.0,4.0,5.0,6.0,21,0.7,0.0,0.0,0.333,0.4,30,0.0,0.404,0.235,1.0,34.0,6.0,19.0,5.0,0.46,0.0,17.0,0.6,87.0,0.0,0.0,0.0,0.0,0.0,47.0,0.0,40.0,21,PHI,16.0,0.0,35,4.0,0.313,0.176,Temple,209,1,77.0,17,USA,1994,1999
1425,Aaron Williams,Aaron,1610612760,SEA,27.0,40,19,21,0.475,458.9716666666667,52,123,0.423,0,1,0.0,54,74,0.73,54,74,128,22,30,14,24,11,75,0,158,-98,428.6,0,0,384.0,215,185,277,257,274,275,280,221,255,288,255,185,196,201,120,226,193,276,252,268,86,208,224,130,266,390,248,174,12,252,1,52,311,187,14.5,0.18,236,0.73,91.4,366,77,0.174,253,-9.6,373,317,99.6,90.0,80.35,291,0.168,917,99.6,-11.2,87,0.094,38,96.42,14.4,260,0.092,3.1,90.0,307,366,87,10.5,1.3,0.139,0.112,369,236,0.423,96.42,231,257,179,378,0.508,373,104,94.22,102.6,319,321,310,-9.6,5,0.0,0.0,0.0,1.0,11.0,0.0,0.0,0.217,0.0,23,0.314,35.0,0.0,0.0,0.0,36,0.563,0.0,0.0,0.0,0.0,64,0.0,0.5,0.0,1.0,12.0,2.0,1.0,7.0,0.333,0.0,0.0,0.534,9.0,0.0,,0.0,0.0,,2.0,,3.0,39,SEA,26.0,0.0,73,0.0,0.269,0.167,Xavier,225,Undrafted,81.0,Undrafted,USA,Undrafted,1999
228,Adam Keefe,Adam,1610612762,UTA,29.0,44,32,12,0.727,642.5083333333333,56,124,0.452,0,4,0.0,62,89,0.697,51,91,142,28,33,16,12,18,63,0,174,52,437.4,0,0,400.0,177,42,123,39,242,270,277,137,255,250,255,170,162,256,129,190,166,249,240,254,163,276,194,130,255,95,247,174,12,249,1,107,327,119,14.7,0.142,127,0.85,100.4,88,131,0.142,360,5.2,126,118,95.7,100.9,75.3,261,0.141,1204,95.7,4.1,328,0.074,84,90.36,14.6,350,0.089,2.8,100.9,215,88,328,12.4,1.3,0.117,0.089,152,127,0.452,90.36,287,212,193,103,0.533,126,319,90.35,96.3,329,332,312,5.2,12,0.0,0.0,0.0,0.0,7.0,3.0,0.0,0.375,0.0,32,0.35,20.0,0.0,0.0,0.0,37,0.536,0.0,0.0,0.0,0.0,69,0.0,0.167,0.0,0.0,6.0,3.0,1.0,4.0,0.409,0.0,2.0,0.534,22.0,0.0,0.0,0.0,0.0,0.0,6.0,0.0,9.0,39,UTA,15.0,0.0,73,0.0,0.267,0.5,Stanford,230,1,81.0,10,USA,1992,1999
1502,Adonal Foyle,Adonal,1610612744,GSW,24.0,44,16,28,0.364,611.5233333333333,52,121,0.43,0,0,0.0,25,51,0.49,79,115,194,18,31,15,43,16,90,0,129,-43,531.8,1,0,457.0,177,225,381,323,246,275,283,200,255,339,255,271,230,385,78,143,112,291,249,261,42,261,262,130,278,316,222,125,12,228,1,28,332,337,16.1,0.126,75,0.58,91.1,290,44,0.121,397,-3.9,378,93,93.4,89.5,78.43,326,0.181,1201,93.4,-4.2,144,0.049,28,94.11,16.0,401,0.081,2.8,89.5,285,290,144,9.3,1.2,0.149,0.118,372,75,0.43,94.11,345,285,242,288,0.45,378,193,92.32,95.3,361,363,323,-3.9,1,0.0,0.0,0.0,0.0,9.0,0.0,0.0,0.143,0.0,7,0.237,38.0,0.0,0.0,0.0,42,0.553,0.0,0.0,0.0,0.0,76,0.0,0.0,0.0,0.0,4.0,0.0,0.0,4.0,0.0,0.0,0.0,0.516,2.0,0.0,0.0,0.0,0.0,0.0,0.0,0.0,0.0,48,GSW,22.0,0.0,93,0.0,0.182,0.0,Colgate,250,1,82.0,8,St. Vincent & Grenadines,1997,1999
1817,Adonis Jordan,Adonis,1610612749,MIL,28.0,4,2,2,0.5,18.583333333333332,2,4,0.5,0,2,0.0,2,4,0.5,0,0,0,3,2,3,0,0,0,0,6,-16,17.5,0,0,15.0,402,392,25,219,411,404,417,46,255,269,255,388,380,366,415,423,427,367,400,358,376,1,1,130,405,262,400,174,12,403,1,401,412,153,18.6,0.185,433,1.5,87.9,431,408,0.19,237,-40.0,395,429,127.5,87.5,86.1,131,0.0,40,127.5,-36.4,23,0.273,403,103.32,18.2,200,0.079,1.0,87.5,87,431,23,27.3,0.5,0.0,0.0,398,433,0.5,103.32,56,53,248,430,0.521,395,15,104.45,124.3,386,390,392,-40.0,2,0.0,0.0,0.0,,0.0,1.0,0.0,1.0,0.0,2,0.0,0.0,0.0,1.0,1.0,0,0.0,,,0.0,0.0,0,0.0,0.333,0.0,,0.0,0.0,1.0,0.0,1.0,0.0,0.0,0.0,1.0,,0.0,0.0,,0.0,3.0,0.0,1.0,0,MIL,0.0,0.0,0,0.0,0.0,0.0,Kansas,170,2,71.0,42,USA,1993,1999
1733,Al Harrington,Al,1610612754,IND,19.0,21,11,10,0.524,159.01833333333335,18,56,0.321,0,5,0.0,9,15,0.6,20,19,39,5,11,4,2,9,26,0,45,-25,106.3,0,0,101.0,329,279,106,200,351,342,332,392,255,236,255,336,337,332,257,338,324,352,343,346,318,175,109,130,346,281,349,174,12,351,1,83,339,402,14.0,0.21,191,0.45,93.2,337,136,0.2,149,-7.3,369,293,98.0,90.7,76.34,356,0.137,302,98.0,-8.3,259,0.06,32,91.61,13.9,158,0.008,2.7,90.7,399,337,259,6.3,0.9,0.125,0.115,351,191,0.321,91.61,316,355,399,344,0.359,369,379,88.84,101.5,306,306,357,-7.3,4,0.0,0.0,0.0,0.0,4.0,4.0,0.0,0.286,1.0,14,0.364,11.0,0.0,0.0,1.0,10,0.385,0.0,0.0,0.0,0.0,26,0.0,0.5,0.0,0.0,12.0,2.0,1.0,4.0,0.5,,4.0,0.385,2.0,0.0,0.0,,0.0,0.0,2.0,0.0,1.0,10,IND,10.0,,26,0.0,0.4,0.167,None,230,1,81.0,25,USA,1998,1999
673,Alan Henderson,Alan,1610612737,ATL,26.0,38,22,16,0.579,1141.6483333333333,187,423,0.442,0,1,0.0,100,149,0.671,100,150,250,27,58,33,19,48,96,0,474,-69,912.5,4,0,855.0,227,152,192,145,145,92,94,163,255,288,255,97,87,290,53,100,80,252,154,159,104,420,281,130,106,362,132,79,12,134,1,123,68,263,10.1,0.224,248,0.47,96.3,276,149,0.22,105,-3.1,261,222,99.9,96.8,73.63,354,0.133,2100,99.9,-3.1,400,0.048,89,88.36,10.1,99,0.102,11.1,96.8,246,276,400,4.7,4.9,0.11,0.088,287,248,0.442,88.36,348,383,135,266,0.485,261,380,88.78,99.4,102,108,67,-3.1,55,0.0,0.0,0.0,0.0,27.0,1.0,0.0,0.369,0.0,149,0.267,101.0,0.0,0.0,0.0,105,0.61,0.0,0.0,0.0,0.0,172,0.0,0.0,0.0,0.0,92.0,30.0,0.0,39.0,0.289,0.0,0.0,0.583,45.0,0.0,0.0,0.0,0.0,0.0,1.0,0.0,13.0,105,ATL,105.0,0.0,180,0.0,0.371,0.326,Indiana,235,1,81.0,16,USA,1995,1999
275,Allan Houston,Allan,1610612752,NYK,28.0,50,27,23,0.54,1814.39,294,703,0.418,57,140,0.407,168,195,0.862,20,132,152,137,130,35,9,38,115,0,813,58,1202.9,0,0,1247.0,1,87,315,180,18,31,26,238,39,51,35,35,46,44,257,120,151,63,27,144,204,396,339,130,28,88,76,174,12,58,1,357,32,170,12.3,0.241,82,1.05,95.0,154,351,0.235,67,2.0,286,61,93.7,95.7,74.68,207,0.07,3382,93.7,1.8,355,0.152,383,89.62,12.4,67,0.096,14.1,95.7,198,154,355,13.0,5.9,0.042,0.012,316,82,0.459,89.62,142,197,163,154,0.515,286,328,90.17,93.3,228,227,40,2.0,152,8.0,0.441,0.222,1.0,18.0,111.0,4.0,0.41,18.0,371,0.254,71.0,49.0,10.0,28.0,67,0.554,0.0,0.0,0.286,0.4,121,4.0,0.42,0.37,1.0,118.0,47.0,66.0,17.0,0.417,0.0,46.0,0.535,187.0,0.0,0.0,1.0,0.0,0.0,157.0,0.0,78.0,69,NYK,64.0,0.0,129,17.0,0.266,0.398,Tennessee,200,1,78.0,11,USA,1993,1999
947,Allen Iverson,Allen,1610612755,PHI,24.0,48,28,20,0.583,1991.19,435,1056,0.412,58,199,0.291,356,474,0.751,66,170,236,223,167,110,7,55,98,0,1284,187,2085.7,4,0,2035.0,114,76,262,137,6,2,1,255,36,21,161,3,3,169,95,82,90,25,3,6,232,430,287,130,2,32,10,79,12,5,1,269,1,188,10.1,0.323,90,1.34,98.1,100,274,0.318,10,4.4,183,79,94.3,98.7,76.34,162,0.089,3810,94.3,3.6,262,0.234,259,91.6,10.1,11,0.154,22.0,98.7,253,100,262,13.5,9.1,0.06,0.033,224,90,0.439,91.6,74,189,24,112,0.508,183,226,91.83,94.5,107,106,2,4.4,166,21.0,0.233,0.609,0.0,26.0,159.0,7.0,0.385,23.0,431,0.22,118.0,37.0,17.0,40.0,185,0.601,0.0,0.0,0.525,0.412,308,14.0,0.364,0.245,4.0,136.0,50.0,51.0,17.0,0.397,0.2,106.0,0.574,252.0,0.0,1.0,5.0,0.0,0.0,140.0,0.0,100.0,190,PHI,81.0,1.0,331,26.0,0.21,0.368,Georgetown,165,1,72.0,1,USA,1996,1999
297,Alonzo Mourning,Alonzo,1610612748,MIA,29.0,46,32,14,0.696,1755.415,324,633,0.512,0,2,0.0,276,423,0.652,166,341,507,74,139,34,180,42,161,2,924,340,2146.4,29,0,1933.0,158,42,160,54,32,18,35,38,255,269,255,6,5,299,8,11,8,140,18,152,1,408,424,15,15,3,7,5,12,10,1,23,35,54,13.5,0.27,76,0.53,103.5,26,34,0.268,40,10.9,50,53,93.4,104.3,71.87,336,0.193,3152,93.4,10.7,436,0.086,44,86.24,13.4,35,0.17,13.8,104.3,67,26,436,7.1,7.0,0.153,0.108,69,76,0.512,86.24,256,339,11,26,0.564,50,426,86.82,92.9,287,292,21,10.9,92,0.0,0.0,0.0,0.0,58.0,2.0,0.0,0.397,0.0,232,0.417,139.0,0.0,0.0,0.0,174,0.669,0.0,0.0,0.0,0.0,260,0.0,0.375,0.0,0.0,121.0,49.0,3.0,50.0,0.333,0.0,2.0,0.647,99.0,0.0,0.0,0.0,0.0,0.0,8.0,0.0,33.0,189,MIA,111.0,0.0,292,0.0,0.45,0.405,Georgetown,261,1,82.0,2,USA,1992,1999
1591,Alvin Sims,Alvin,1610612756,PHX,24.0,4,2,2,0.5,25.226666666666667,4,10,0.4,1,1,1.0,2,5,0.4,3,1,4,5,6,2,0,2,2,0,11,-12,23.3,0,0,25.0,402,392,25,219,405,390,396,287,215,288,1,388,378,399,371,409,404,352,371,370,376,62,20,130,390,239,394,174,12,391,1,230,342,335,25.9,0.272,428,0.83,87.3,421,401,0.261,37,-23.5,347,425,115.7,92.2,80.87,264,0.034,51,115.7,-30.0,72,0.333,52,97.04,26.1,41,0.047,2.5,92.2,217,421,72,21.7,1.0,0.069,0.103,403,428,0.45,97.04,21,95,343,426,0.451,347,26,99.06,117.3,423,422,339,-23.5,0,0.0,1.0,0.0,0.0,1.0,1.0,0.0,0.0,0.0,1,0.25,4.0,1.0,0.0,0.0,2,0.5,0.0,0.0,0.0,0.0,4,0.0,0.0,1.0,0.0,0.0,0.0,0.0,0.0,0.0,,1.0,0.5,0.0,0.0,,,0.0,,1.0,,0.0,3,PHX,2.0,,6,1.0,0.0,0.0,Louisville,235,Undrafted,76.0,Undrafted,USA,Undrafted,1999
1541,Alvin Williams,Alvin,1610612761,TOR,24.0,50,23,27,0.46,1051.24,95,237,0.401,14,42,0.333,44,52,0.846,19,63,82,130,56,51,12,10,94,1,248,-71,674.4,0,0,600.0,1,138,367,264,166,209,200,284,127,133,112,209,228,55,265,241,257,66,161,65,163,188,275,45,209,368,190,174,12,199,1,378,242,277,12.6,0.137,198,2.32,95.6,279,379,0.134,375,-3.3,300,191,98.4,95.1,76.42,43,0.059,2006,98.4,-3.1,253,0.207,351,91.71,12.5,372,0.069,4.7,95.1,281,279,253,29.1,1.9,0.038,0.018,303,198,0.43,91.71,86,42,284,264,0.477,300,261,91.28,98.7,235,235,251,-3.3,41,2.0,0.429,0.143,0.0,8.0,28.0,1.0,0.376,7.0,109,0.348,23.0,12.0,7.0,14.0,32,0.508,0.0,0.0,0.143,0.143,63,1.0,0.323,0.692,0.0,30.0,11.0,20.0,6.0,0.348,0.0,13.0,0.493,46.0,0.0,0.0,1.0,0.0,0.0,62.0,0.0,16.0,33,TOR,18.0,0.0,67,9.0,0.333,0.367,Villanova,185,2,77.0,47,USA,1997,1999
1754,Andrae Patterson,Andrae,1610612750,MIN,23.0,35,17,18,0.486,283.7733333333333,43,97,0.443,0,5,0.0,28,36,0.778,30,35,65,15,22,19,7,8,62,0,114,-20,270.5,0,0,246.0,258,214,231,252,321,292,296,161,255,236,255,259,273,137,202,302,284,304,282,238,232,156,191,130,296,272,293,174,12,296,1,128,331,196,14.7,0.205,100,0.68,95.7,238,175,0.197,161,-1.4,335,142,94.8,93.5,80.84,307,0.122,567,94.8,-1.4,74,0.094,70,97.01,14.8,169,0.073,2.8,93.5,242,238,74,10.1,1.2,0.108,0.094,302,100,0.443,97.01,234,266,268,222,0.505,335,83,94.79,97.0,337,330,319,-1.4,9,0.0,0.0,0.0,0.0,8.0,4.0,0.0,0.281,1.0,32,0.381,21.0,0.0,0.0,1.0,26,0.667,0.0,0.0,0.0,0.0,39,0.0,0.3,0.0,0.0,8.0,2.0,3.0,5.0,0.278,0.0,1.0,0.683,18.0,0.0,,0.0,0.0,,10.0,,5.0,28,MIN,19.0,0.0,41,0.0,0.263,0.25,Indiana,238,2,81.0,46,USA,1998,1999
692,Andrew DeClercq,Andrew,1610612739,CLE,26.0,47,20,27,0.426,1101.7833333333333,138,276,0.5,0,0,0.0,95,141,0.674,104,151,255,31,54,50,29,25,161,0,371,-49,906.5,2,0,815.0,140,173,367,283,156,159,178,46,255,339,255,101,96,284,50,97,77,236,168,67,66,326,424,130,156,332,134,102,12,142,2,93,206,78,12.8,0.166,264,0.57,97.6,253,112,0.163,300,-2.0,196,249,100.3,98.3,75.41,329,0.149,2073,100.3,-2.5,324,0.049,68,90.49,12.7,300,0.085,5.9,98.3,87,253,324,7.3,2.9,0.121,0.096,238,264,0.5,90.49,346,334,217,250,0.549,196,286,90.95,100.0,250,249,179,-2.0,5,0.0,0.0,0.0,0.0,21.0,0.0,0.0,0.208,0.0,24,0.404,52.0,0.0,0.0,0.0,112,0.56,0.0,0.0,0.0,0.0,200,0.0,0.0,0.0,0.0,15.0,6.0,0.0,11.0,0.2,0.0,0.0,0.541,10.0,0.0,0.0,0.0,0.0,0.0,0.0,0.0,2.0,119,CLE,31.0,0.0,220,0.0,0.355,0.4,Florida,230,2,82.0,34,USA,1995,1999
1845,Andrew Gaze,Andrew,1610612759,SAS,33.0,19,16,3,0.842,56.22666666666667,8,25,0.32,5,16,0.313,0,0,0.0,2,3,5,6,4,2,1,0,7,0,21,32,41.0,0,0,43.0,337,225,46,11,384,368,366,393,180,190,132,411,415,411,391,393,397,349,382,370,339,1,55,130,371,123,381,174,12,377,1,380,404,370,11.4,0.206,12,1.5,108.1,5,396,0.197,157,29.2,28,10,76.6,105.8,86.79,131,0.042,120,76.6,27.4,20,0.182,266,104.15,11.4,170,0.043,1.3,105.8,317,5,20,17.1,0.4,0.037,0.032,19,12,0.42,104.15,116,139,354,6,0.42,28,23,100.34,80.8,176,176,408,29.2,1,2.0,0.214,1.0,,1.0,14.0,0.0,0.143,2.0,7,1.0,1.0,3.0,0.0,2.0,1,1.0,,,1.0,0.0,1,2.0,0.4,0.111,,0.0,0.0,4.0,1.0,0.25,,9.0,1.0,4.0,,,,,,10.0,,1.0,1,SAS,1.0,,1,1.0,1.0,0.0,Seton Hall,205,Undrafted,79.0,Undrafted,USA,Undrafted,1999
457,Andrew Lang,Andrew,1610612741,CHI,33.0,21,6,15,0.286,385.9583333333333,32,99,0.323,0,0,0.0,16,23,0.696,33,60,93,13,17,5,12,12,43,0,80,-56,245.1,1,0,220.0,329,348,172,360,293,314,295,390,255,339,255,310,308,260,188,248,239,313,310,328,163,223,151,130,318,342,303,125,12,307,1,86,244,400,12.2,0.155,293,0.76,93.4,323,76,0.154,321,-6.4,309,269,101.0,94.5,72.7,282,0.168,696,101.0,-7.3,427,0.058,111,87.24,12.1,316,0.047,4.7,94.5,398,323,427,9.3,1.5,0.123,0.083,347,293,0.323,87.24,320,284,345,330,0.367,309,400,87.91,100.7,211,219,288,-6.4,11,0.0,0.0,0.0,0.0,10.0,0.0,0.0,0.297,0.0,37,0.333,30.0,0.0,0.0,0.0,11,0.344,0.0,0.0,0.0,0.0,32,0.0,0.0,0.0,0.0,19.0,4.0,0.0,9.0,0.421,0.0,0.0,0.333,19.0,0.0,,0.0,0.0,,0.0,,8.0,11,CHI,28.0,0.0,33,0.0,0.321,0.211,Arkansas,245,2,83.0,28,USA,1988,1999
358,Anfernee Hardaway,Anfernee,1610612753,ORL,27.0,50,33,17,0.66,1946.3883333333333,301,717,0.42,40,140,0.286,149,211,0.706,74,210,284,266,150,111,23,27,111,0,791,128,1782.8,9,0,1649.0,1,22,209,79,8,28,24,232,62,51,165,47,41,241,84,53,62,22,10,5,88,345,323,130,29,45,20,43,12,19,1,213,30,249,12.2,0.224,121,1.77,97.2,126,202,0.22,104,3.1,187,90,95.5,98.7,75.49,91,0.113,3680,95.5,1.9,320,0.248,239,90.59,12.3,98,0.123,14.3,98.7,226,126,320,21.7,6.0,0.074,0.037,254,121,0.448,90.59,68,96,68,149,0.488,187,252,91.42,95.3,222,224,36,3.1,80,8.0,0.264,0.571,3.0,36.0,121.0,4.0,0.34,7.0,235,0.333,108.0,32.0,9.0,16.0,145,0.62,0.0,0.0,0.5,0.444,234,4.0,0.303,0.263,5.0,73.0,25.0,37.0,26.0,0.372,0.333,57.0,0.585,121.0,0.0,0.0,3.0,0.0,0.0,122.0,0.0,45.0,152,ORL,76.0,1.0,260,15.0,0.342,0.342,Memphis State,215,1,79.0,3,USA,1993,1999
1712,Antawn Jamison,Antawn,1610612744,GSW,23.0,47,21,26,0.447,1058.385,178,394,0.452,3,10,0.3,90,153,0.588,131,170,301,34,68,38,16,35,102,0,449,-48,955.2,7,0,895.0,140,161,358,271,162,104,113,136,197,208,152,104,82,336,24,82,55,227,126,128,124,385,302,130,123,329,122,51,12,123,1,68,116,256,12.1,0.216,110,0.5,93.8,260,94,0.21,130,-2.4,342,128,95.2,92.8,77.72,343,0.158,2057,95.2,-2.9,174,0.058,47,93.27,12.0,131,0.112,8.4,92.8,203,260,174,6.0,3.8,0.131,0.107,339,110,0.456,93.27,321,363,98,257,0.487,342,206,92.09,96.6,204,208,117,-2.4,27,0.0,0.429,0.0,0.0,45.0,7.0,0.0,0.278,0.0,97,0.381,118.0,3.0,3.0,3.0,103,0.609,0.0,0.0,0.0,0.0,169,0.0,0.3,0.4,0.0,52.0,14.0,3.0,32.0,0.256,0.0,5.0,0.574,39.0,0.0,0.0,1.0,0.0,0.0,10.0,0.0,10.0,117,GSW,83.0,0.0,204,2.0,0.386,0.269,North Carolina,223,1,81.0,4,USA,1998,1999
138,Anthony Avent,Anthony,1610612762,UTA,29.0,5,4,1,0.8,44.708333333333336,4,13,0.308,0,0,0.0,1,2,0.5,8,4,12,1,7,2,0,3,6,0,9,9,23.9,0,0,26.0,399,370,9,14,387,390,388,396,255,339,255,403,396,366,330,389,373,385,364,370,376,89,48,130,396,160,391,174,12,390,1,401,340,409,32.0,0.202,13,0.14,86.2,64,294,0.2,169,6.5,401,11,80.0,86.5,77.84,397,0.085,89,80.0,4.6,170,0.043,403,93.41,31.8,158,-0.034,2.6,86.5,402,64,170,4.5,0.8,0.0,0.0,411,13,0.308,93.41,364,385,415,93,0.324,401,173,92.68,81.6,432,432,363,6.5,1,0.0,0.0,0.0,,1.0,0.0,0.0,0.333,0.0,3,0.2,5.0,0.0,0.0,0.0,2,0.4,,,0.0,0.0,5,0.0,0.0,0.0,,2.0,1.0,0.0,1.0,0.0,,0.0,0.333,1.0,,,,,,0.0,,0.0,2,UTA,4.0,,6,0.0,0.25,0.5,Seton Hall,235,1,81.0,15,USA,1991,1999
1533,Anthony Johnson,Anthony,1610612737,ATL,24.0,49,31,18,0.633,886.0816666666667,91,225,0.404,5,19,0.263,57,82,0.695,16,59,75,107,65,35,7,13,67,1,244,-42,555.5,0,0,515.0,84,50,231,102,196,214,205,276,180,181,189,178,177,262,283,252,268,95,138,144,232,235,210,45,213,315,218,174,12,217,1,355,250,300,15.0,0.177,117,1.65,93.8,267,359,0.172,266,-2.7,344,102,95.5,92.7,73.65,110,0.066,1633,95.5,-1.8,398,0.249,343,88.38,14.9,270,0.082,4.6,92.7,327,267,398,24.6,1.9,0.043,0.018,336,117,0.416,88.38,67,74,238,240,0.467,344,404,87.76,95.7,340,341,256,-2.7,40,1.0,0.222,1.0,1.0,19.0,18.0,0.0,0.381,1.0,105,0.388,49.0,4.0,0.0,1.0,27,0.529,0.0,0.0,1.0,0.0,51,1.0,0.529,0.0,2.0,48.0,22.0,9.0,10.0,0.356,0.0,11.0,0.537,59.0,0.0,0.0,1.0,0.0,0.0,17.0,0.0,21.0,29,ATL,33.0,0.0,54,0.0,0.303,0.458,College of Charleston,190,2,75.0,39,USA,1997,1999
292,Anthony Miller,Anthony,1610612745,HOU,27.0,29,18,11,0.621,247.53,28,60,0.467,0,1,0.0,14,22,0.636,26,41,67,7,9,7,5,5,34,0,70,27,187.9,0,0,168.0,293,201,113,113,330,327,328,104,255,288,255,316,313,312,223,286,280,347,353,316,264,118,130,130,326,128,325,174,12,328,1,58,363,208,10.5,0.142,185,0.78,106.3,72,107,0.135,361,6.0,61,205,97.8,103.8,80.72,279,0.152,498,97.8,7.3,79,0.044,31,96.86,10.6,369,0.076,2.1,103.8,179,72,79,8.2,1.0,0.135,0.115,33,185,0.467,96.86,363,316,258,49,0.502,61,76,95.15,99.0,129,126,348,6.0,3,0.0,0.0,0.0,0.0,1.0,1.0,0.0,0.375,0.0,8,0.167,6.0,0.0,0.0,0.0,24,0.533,0.0,0.0,0.0,0.0,45,0.0,0.0,0.0,0.0,4.0,0.0,0.0,2.0,0.667,0.0,0.0,0.511,3.0,0.0,1.0,0.0,0.0,0.0,0.0,0.0,2.0,24,HOU,5.0,0.0,47,0.0,0.4,0.0,Michigan State,255,2,81.0,39,USA,1994,1999
1515,Anthony Parker,Anthony,1610612755,PHI,24.0,2,2,0,1.0,2.868333333333333,1,1,1.0,0,0,0.0,0,0,0.0,0,0,0,0,0,0,0,0,0,0,2,1,2.0,0,0,2.0,418,392,1,1,437,413,427,1,255,339,255,411,415,411,415,423,427,408,426,401,376,1,1,130,421,185,431,174,12,432,1,401,432,3,0.0,0.177,3,0.0,107.8,12,408,0.125,265,14.3,429,3,57.1,71.4,97.62,404,0.0,7,57.1,38.3,7,0.0,403,117.14,0.0,394,-0.667,0.5,71.4,2,12,7,0.0,0.5,0.0,0.0,24,3,1.0,117.14,408,408,438,4,1.0,429,424,87.02,69.4,1,1,392,14.3,1,,0.0,,,0.0,0.0,,1.0,,1,0.0,0.0,0.0,,,0,0.0,,,,,0,,,0.0,,1.0,1.0,,,0.0,,0.0,0.0,0.0,,,,,,,,0.0,0,PHI,,,0,0.0,,1.0,Bradley,215,1,78.0,21,USA,1997,1999
324,Anthony Peeler,Anthony,1610612750,MIN,29.0,28,14,14,0.5,808.5833333333334,103,272,0.379,34,114,0.298,30,41,0.732,30,54,84,78,38,35,6,11,60,0,270,51,572.8,0,0,548.0,296,245,160,219,210,196,180,326,75,66,154,252,259,199,202,263,251,130,219,144,251,208,183,130,201,97,215,174,12,212,1,324,88,303,9.4,0.173,232,2.05,102.3,110,355,0.171,282,3.7,80,201,99.4,103.1,80.56,66,0.068,1624,99.4,3.4,82,0.139,253,96.67,9.3,272,0.065,9.7,103.1,248,110,82,19.2,3.7,0.05,0.034,102,232,0.441,96.67,154,119,300,115,0.465,80,39,97.35,98.9,69,70,124,3.7,46,5.0,0.326,0.2,0.0,4.0,86.0,2.0,0.447,15.0,103,0.222,18.0,28.0,12.0,27.0,20,0.526,0.0,0.0,0.185,0.167,38,3.0,0.337,0.281,0.0,18.0,5.0,30.0,3.0,0.509,0.0,57.0,0.526,57.0,0.0,0.0,0.0,0.0,0.0,89.0,0.0,29.0,20,MIN,13.0,0.0,38,16.0,0.231,0.278,Missouri,208,1,76.0,15,USA,1992,1999
156,Antoine Carr,Antoine,1610612745,HOU,37.0,18,10,8,0.556,152.00333333333333,21,52,0.404,0,1,0.0,5,7,0.714,9,22,31,9,9,1,10,3,31,0,47,-11,121.7,0,0,109.0,342,289,85,164,353,336,337,278,255,288,255,362,368,225,321,331,336,339,353,385,191,89,123,130,343,237,344,174,12,347,1,166,322,365,12.3,0.198,42,1.0,89.3,261,157,0.19,187,-2.5,388,114,91.0,88.6,78.68,212,0.129,297,91.0,-6.8,132,0.107,185,94.42,12.5,201,0.038,2.9,88.6,346,261,132,12.5,1.2,0.095,0.058,388,42,0.404,94.42,204,208,361,325,0.427,388,245,91.48,96.1,230,228,324,-2.5,14,0.0,0.0,0.0,0.0,5.0,0.0,0.0,0.438,1.0,32,0.357,14.0,0.0,0.0,1.0,2,0.4,0.0,0.0,0.0,0.0,5,0.0,0.25,0.0,0.0,11.0,5.0,1.0,4.0,0.444,0.0,0.0,0.5,18.0,0.0,,0.0,0.0,,4.0,,8.0,3,HOU,13.0,0.0,6,0.0,0.308,0.455,Wichita State,270,1,81.0,8,USA,1983,1999
952,Antoine Walker,Antoine,1610612738,BOS,22.0,42,16,26,0.381,1550.3766666666668,303,735,0.412,65,176,0.369,113,202,0.559,106,253,359,130,119,63,28,52,142,3,784,-199,1563.8,14,0,1520.0,197,225,358,308,63,26,21,253,28,26,80,79,45,350,47,27,32,66,35,41,68,426,391,6,31,421,37,23,12,29,1,110,11,284,11.1,0.273,363,1.09,97.0,320,66,0.27,36,-6.3,222,332,103.9,97.5,77.58,200,0.171,3003,103.9,-6.2,184,0.152,171,93.1,11.1,32,0.107,17.5,97.5,201,320,184,12.1,7.2,0.115,0.065,264,363,0.456,93.1,141,219,121,314,0.476,222,121,93.65,103.2,163,160,19,-6.3,30,12.0,0.351,0.5,0.0,59.0,151.0,7.0,0.246,10.0,122,0.36,164.0,53.0,14.0,24.0,149,0.544,0.0,0.0,0.5,0.5,274,5.0,0.394,0.382,0.0,49.0,9.0,43.0,50.0,0.241,0.0,76.0,0.503,58.0,0.0,1.0,1.0,0.0,0.0,109.0,0.0,14.0,158,BOS,127.0,0.0,314,29.0,0.394,0.184,Kentucky,245,1,81.0,6,USA,1996,1999
1498,Antonio Daniels,Antonio,1610612759,SAS,24.0,47,36,11,0.766,613.6816666666666,83,183,0.454,5,17,0.294,49,65,0.754,13,41,54,106,44,30,6,10,39,0,220,105,507.8,0,0,457.0,140,8,113,19,245,222,235,131,180,187,156,198,207,162,303,286,295,97,204,170,251,188,139,130,227,53,226,174,12,228,1,354,278,157,12.2,0.192,30,2.41,99.5,40,372,0.187,209,9.7,190,27,88.9,98.5,76.42,39,0.062,1168,88.9,9.9,254,0.31,322,91.71,12.2,214,0.134,3.9,98.5,178,40,254,29.3,1.8,0.043,0.022,177,30,0.467,91.71,35,39,43,30,0.52,190,292,90.87,89.6,213,214,267,9.7,28,1.0,0.25,1.0,0.0,14.0,16.0,0.0,0.4,1.0,70,0.424,33.0,4.0,0.0,1.0,36,0.571,0.0,0.0,1.0,0.0,63,1.0,0.5,0.25,0.0,23.0,11.0,9.0,9.0,0.317,0.0,12.0,0.576,41.0,0.0,0.0,0.0,0.0,0.0,18.0,0.0,13.0,38,SAS,23.0,0.0,66,3.0,0.391,0.478,Bowling Green,200,1,76.0,4,USA,1997,1999
213,Antonio Davis,Antonio,1610612754,IND,30.0,49,33,16,0.673,1270.505,164,348,0.471,0,0,0.0,135,192,0.703,116,228,344,33,50,22,42,38,136,1,463,6,1067.3,4,0,968.0,84,22,192,67,111,129,137,99,255,339,255,59,49,246,35,42,44,229,179,217,46,396,381,45,111,170,99,79,12,104,1,46,169,115,9.7,0.181,272,0.66,101.9,172,35,0.177,250,1.2,109,270,100.5,101.7,74.47,309,0.191,2355,100.5,1.2,372,0.049,69,89.37,9.7,251,0.114,7.1,101.7,167,172,372,6.4,3.3,0.142,0.095,116,272,0.471,89.37,343,353,94,169,0.535,109,364,89.16,100.7,87,87,152,1.2,46,0.0,0.0,0.0,0.0,23.0,0.0,0.0,0.374,0.0,123,0.343,67.0,0.0,0.0,0.0,95,0.601,0.0,0.0,0.0,0.0,158,0.0,0.25,0.0,0.0,50.0,16.0,1.0,23.0,0.442,0.0,0.0,0.571,52.0,0.0,0.0,0.0,0.0,0.0,4.0,0.0,23.0,101,IND,65.0,0.0,177,0.0,0.354,0.32,Texas-El Paso,230,2,81.0,45,USA,1990,1999
226,Antonio Lang,Antonio,1610612739,CLE,27.0,10,5,5,0.5,65.14333333333333,4,6,0.667,0,0,0.0,5,9,0.556,6,10,16,1,4,2,1,1,13,0,13,-29,38.7,0,0,36.0,377,360,66,219,379,390,410,6,255,339,255,362,361,351,348,368,364,385,382,370,339,41,72,130,384,288,382,174,12,382,1,30,431,10,26.7,0.113,420,0.25,88.9,422,70,0.105,412,-25.1,408,422,110.1,85.0,73.38,381,0.169,120,110.1,-23.9,413,0.029,22,88.05,26.7,419,0.04,0.6,85.0,6,422,413,6.7,0.4,0.148,0.122,392,420,0.667,88.05,386,347,358,419,0.653,408,434,85.08,112.8,425,426,409,-25.1,0,0.0,0.0,0.0,,0.0,0.0,0.0,0.0,0.0,0,0.0,0.0,0.0,0.0,0.0,4,0.667,,,0.0,0.0,6,0.0,0.0,0.0,,0.0,0.0,0.0,0.0,0.0,,0.0,0.667,0.0,,,,,,0.0,,0.0,4,CLE,0.0,,6,0.0,0.0,0.0,Duke,205,2,80.0,29,USA,1994,1999
686,Antonio McDyess,Antonio,1610612743,DEN,24.0,50,14,36,0.28,1937.425,415,882,0.471,1,9,0.111,230,338,0.68,168,369,537,82,138,73,115,49,175,1,1061,-252,2254.4,28,0,2057.0,1,245,421,367,9,4,7,100,215,216,247,13,10,278,6,6,5,122,20,29,9,423,433,45,7,429,4,7,12,4,1,50,9,171,11.0,0.273,410,0.59,100.5,321,26,0.271,35,-6.4,112,388,107.8,101.5,77.03,323,0.2,3724,107.8,-6.0,220,0.085,106,92.44,11.0,31,0.132,17.6,101.5,168,321,220,6.5,8.3,0.14,0.084,150,410,0.471,92.44,260,351,47,311,0.515,112,130,93.5,106.4,157,156,6,-6.4,179,0.0,0.111,0.0,0.0,48.0,9.0,0.0,0.387,0.0,463,0.432,111.0,1.0,0.0,0.0,187,0.625,0.0,0.0,0.0,0.0,299,0.0,0.333,0.125,0.0,169.0,66.0,18.0,42.0,0.398,0.0,8.0,0.61,241.0,0.0,0.0,0.0,0.0,0.0,54.0,0.0,96.0,192,DEN,95.0,0.0,315,1.0,0.442,0.391,Alabama,220,1,81.0,2,USA,1995,1999
288,Armen Gilliam,Armen,1610612749,MIL,35.0,34,17,17,0.5,669.16,101,223,0.453,0,1,0.0,79,101,0.782,33,93,126,19,36,22,12,13,48,0,281,-23,526.7,0,0,494.0,265,214,209,219,238,199,206,134,255,288,255,129,143,135,188,185,195,286,227,217,163,235,161,130,193,278,224,174,12,220,1,146,185,145,11.2,0.222,203,0.53,97.7,243,122,0.22,109,-1.5,249,202,98.5,97.0,73.88,338,0.145,1234,98.5,-1.2,391,0.053,194,88.66,11.0,100,0.109,6.6,97.0,213,243,391,5.8,3.0,0.1,0.054,236,203,0.453,88.66,334,369,109,216,0.525,249,395,88.17,98.9,159,165,173,-1.5,31,0.0,0.0,0.0,0.0,33.0,1.0,0.0,0.443,0.0,70,0.402,82.0,0.0,0.0,0.0,37,0.529,0.0,0.0,0.0,0.0,70,0.0,0.0,0.0,0.0,48.0,23.0,0.0,24.0,0.318,0.0,1.0,0.5,22.0,0.0,,0.0,0.0,,0.0,,7.0,47,MIL,58.0,0.0,94,0.0,0.414,0.479,UNLV,260,1,81.0,2,USA,1987,1999
717,Arvydas Sabonis,Arvydas,1610612757,POR,34.0,50,35,15,0.7,1348.9316666666666,232,478,0.485,7,24,0.292,135,175,0.771,88,305,393,119,85,34,63,32,147,0,606,159,1462.1,15,0,1319.0,1,13,172,50,96,59,74,67,165,171,160,59,59,145,67,14,19,77,79,152,21,375,400,130,66,38,45,22,12,48,1,26,93,87,11.2,0.219,155,1.4,100.9,73,8,0.217,118,5.9,91,124,96.6,102.5,74.92,152,0.228,2531,96.6,4.3,346,0.156,154,89.9,11.2,104,0.154,9.6,102.5,110,73,346,15.7,4.6,0.149,0.068,138,155,0.493,89.9,140,154,25,98,0.546,91,304,90.69,96.5,168,168,75,5.9,64,0.0,0.304,0.0,0.0,58.0,23.0,0.0,0.454,0.0,141,0.457,127.0,7.0,1.0,1.0,103,0.554,0.0,0.0,0.0,0.0,186,0.0,0.463,0.222,0.0,27.0,8.0,38.0,53.0,0.394,0.0,9.0,0.551,33.0,0.0,0.0,0.0,0.0,0.0,82.0,0.0,13.0,118,POR,113.0,0.0,214,2.0,0.469,0.296,None,292,1,87.0,24,Lithuania,1986,1999
1506,Austin Croshere,Austin,1610612754,IND,24.0,27,21,6,0.778,249.77166666666668,32,75,0.427,8,29,0.276,20,23,0.87,16,29,45,10,23,7,8,7,32,0,92,-59,183.0,0,0,185.0,300,161,73,17,328,314,319,215,157,160,182,291,308,36,283,317,312,333,278,316,216,144,128,130,308,345,329,174,12,323,1,149,330,104,19.5,0.208,355,0.43,93.0,394,142,0.203,154,-12.5,364,370,103.4,90.9,74.23,358,0.135,463,103.4,-12.5,382,0.075,163,89.07,19.3,153,0.073,2.8,90.9,140,394,382,8.4,1.2,0.099,0.066,353,355,0.48,89.07,281,312,266,391,0.54,364,419,87.18,105.6,395,396,322,-12.5,8,5.0,0.25,0.375,0.0,1.0,12.0,2.0,0.421,8.0,19,0.5,2.0,3.0,9.0,17.0,15,0.6,0.0,0.0,0.294,0.222,25,3.0,0.346,0.3,0.0,3.0,0.0,9.0,0.0,0.5,,10.0,0.615,8.0,0.0,0.0,,0.0,0.0,26.0,0.0,4.0,16,IND,2.0,,26,3.0,0.0,0.0,Providence,235,1,81.0,12,USA,1997,1999
422,Avery Johnson,Avery,1610612759,SAS,34.0,50,37,13,0.74,1673.37,218,461,0.473,1,12,0.083,50,88,0.568,22,96,118,369,112,51,11,24,101,0,487,299,1256.1,8,0,1099.0,1,1,134,27,41,68,80,94,215,203,252,196,166,346,248,179,201,7,40,65,176,316,298,130,100,10,67,48,12,78,1,387,103,253,11.4,0.171,86,3.29,102.8,31,386,0.169,288,10.0,58,56,93.9,103.9,75.33,8,0.053,3143,93.9,9.8,327,0.362,371,90.4,11.4,284,0.106,9.2,103.9,160,31,327,37.7,4.4,0.035,0.014,91,86,0.474,90.4,16,10,126,34,0.487,58,255,91.35,93.0,176,175,88,10.0,76,1.0,0.0,0.0,1.0,34.0,5.0,1.0,0.422,3.0,180,0.415,82.0,0.0,3.0,6.0,107,0.572,0.0,0.0,0.167,0.333,187,0.0,0.28,0.0,1.0,30.0,11.0,7.0,25.0,0.44,0.0,2.0,0.563,134.0,0.0,0.0,0.0,0.0,0.0,25.0,0.0,59.0,116,SAS,63.0,0.0,206,0.0,0.397,0.367,Southern,180,Undrafted,71.0,Undrafted,USA,Undrafted,1999
769,B.J. Armstrong,B.J.,1610612753,ORL,31.0,32,18,14,0.563,356.09,40,88,0.455,7,15,0.467,18,21,0.857,2,37,39,61,25,12,0,2,31,0,105,-31,254.3,0,0,236.0,275,201,160,153,300,296,305,127,165,192,13,301,317,49,391,299,324,164,273,275,376,62,123,130,300,295,300,174,12,297,2,300,332,105,13.6,0.16,131,2.44,92.7,298,243,0.153,313,-4.2,356,164,95.8,91.6,77.4,34,0.098,688,95.8,-5.3,194,0.305,399,92.88,13.7,320,0.11,2.8,91.6,107,298,194,33.5,1.3,0.054,0.006,359,131,0.494,92.88,41,21,104,303,0.54,356,260,91.29,98.0,301,297,316,-4.2,23,3.0,0.4,1.0,0.0,2.0,10.0,0.0,0.46,3.0,50,0.333,6.0,4.0,2.0,5.0,8,0.471,0.0,0.0,0.6,0.0,17,3.0,0.5,0.5,0.0,14.0,6.0,11.0,1.0,0.423,0.0,4.0,0.5,26.0,0.0,,0.0,0.0,,22.0,,11.0,9,ORL,4.0,0.0,18,2.0,0.25,0.429,Iowa,185,1,74.0,18,USA,1989,1999
989,Ben Davis,Ben,1610612752,NYK,26.0,8,5,3,0.625,20.278333333333332,7,17,0.412,0,0,0.0,3,6,0.5,9,2,11,3,1,0,0,1,4,0,17,7,33.7,0,0,31.0,382,360,46,109,408,371,381,256,255,339,255,378,372,366,321,398,375,367,410,401,376,41,36,130,375,169,386,174,12,385,1,1,359,361,4.2,0.341,23,3.0,110.3,15,146,0.318,6,13.0,150,66,87.0,100.0,91.72,12,0.133,47,87.0,16.6,13,0.25,1,110.07,4.2,10,0.135,2.1,100.0,332,15,13,12.5,0.9,0.224,0.265,13,23,0.412,110.07,64,208,41,13,0.433,150,20,100.93,93.7,17,17,354,13.0,1,0.0,0.0,0.0,,1.0,0.0,,0.25,0.0,4,1.0,1.0,0.0,,0.0,5,0.417,,,0.0,,12,0.0,0.0,0.0,,1.0,0.0,0.0,0.0,0.333,,0.0,0.462,3.0,,,,,,0.0,,1.0,6,NYK,0.0,,13,0.0,0.0,0.0,Arizona,240,2,81.0,43,USA,1996,1999
1112,Ben Wallace,Ben,1610612764,WAS,24.0,46,17,29,0.37,1230.225,114,198,0.576,0,0,0.0,47,132,0.356,136,247,383,18,36,50,90,20,111,0,275,12,1145.6,6,0,956.0,158,214,392,321,121,183,226,14,255,339,255,202,105,404,22,31,22,291,227,67,11,291,323,130,196,151,85,58,12,107,1,20,258,111,11.6,0.11,180,0.5,99.9,152,27,0.109,417,2.1,157,165,97.7,99.8,76.26,343,0.2,2327,97.7,1.9,266,0.023,37,91.51,11.5,416,0.108,4.3,99.8,16,152,266,5.8,2.5,0.157,0.112,167,180,0.576,91.51,398,370,116,151,0.537,157,259,91.3,98.0,181,185,206,2.1,2,0.0,0.0,0.0,0.0,5.0,0.0,0.0,0.222,0.0,9,0.333,15.0,0.0,0.0,0.0,107,0.615,0.0,0.0,0.0,0.0,174,0.0,0.0,0.0,0.0,4.0,1.0,0.0,2.0,0.5,0.0,0.0,0.608,2.0,0.0,0.0,0.0,0.0,0.0,0.0,0.0,1.0,110,WAS,11.0,0.0,181,0.0,0.182,0.25,Virginia Union,240,Undrafted,81.0,Undrafted,USA,Undrafted,1999
104,Benoit Benjamin,Benoit,1610612755,PHI,34.0,6,2,4,0.333,34.015,2,7,0.286,0,0,0.0,0,0,0.0,3,5,8,1,3,0,0,0,6,0,4,-1,12.1,0,0,13.0,393,392,55,337,397,404,405,401,255,339,255,411,415,411,371,382,384,385,390,401,376,1,48,130,410,194,409,174,12,408,1,94,409,416,27.3,0.132,51,0.33,89.3,203,79,0.128,386,-0.1,348,31,92.2,92.1,74.67,369,0.167,63,92.2,-1.8,356,0.043,110,89.61,27.3,385,-0.033,1.2,92.1,404,203,356,9.1,0.3,0.121,0.083,389,51,0.286,89.61,364,291,414,238,0.286,348,241,91.55,91.0,427,427,412,-0.1,1,0.0,0.0,0.0,,0.0,0.0,0.0,1.0,0.0,1,0.0,5.0,0.0,0.0,0.0,1,1.0,,,0.0,0.0,1,0.0,0.0,0.0,0.0,1.0,1.0,0.0,0.0,0.0,,0.0,0.333,0.0,0.0,,,0.0,,0.0,,0.0,1,PHI,3.0,,3,0.0,0.0,1.0,Creighton,250,1,84.0,3,USA,1985,1999
223,Bill Curley,Bill,1610612750,MIN,27.0,35,20,15,0.571,373.0516666666667,29,72,0.403,1,5,0.2,19,22,0.864,20,31,51,14,10,17,9,3,83,1,78,64,228.2,0,0,196.0,258,173,172,149,297,325,321,281,215,236,217,294,313,41,257,314,304,310,348,247,204,89,252,45,320,85,310,174,12,316,1,238,364,275,9.5,0.107,106,1.4,102.6,44,269,0.106,421,9.1,52,130,95.1,104.2,79.99,152,0.089,744,95.1,5.9,97,0.05,204,95.99,9.4,418,0.013,2.1,104.2,338,44,97,13.2,0.8,0.068,0.05,95,106,0.41,95.99,341,194,398,74,0.477,52,58,95.86,96.7,76,79,361,9.1,11,0.0,0.25,0.0,1.0,4.0,4.0,0.0,0.355,0.0,31,0.364,11.0,1.0,0.0,0.0,13,0.52,0.0,0.0,0.0,0.0,25,0.0,0.75,0.0,1.0,7.0,1.0,6.0,0.0,0.3,,3.0,0.533,20.0,0.0,,,0.0,,8.0,,6.0,16,MIN,3.0,,30,0.0,0.0,0.143,Boston College,220,1,81.0,22,USA,1994,1999
82,Bill Wennington,Bill,1610612741,CHI,36.0,38,10,28,0.263,449.6116666666667,62,178,0.348,1,1,1.0,18,22,0.818,20,59,79,18,17,13,12,7,79,0,143,-83,322.8,0,0,291.0,227,289,381,375,277,261,240,376,215,288,1,301,313,93,257,252,263,291,310,269,163,144,236,130,272,377,276,174,12,277,1,188,246,393,7.6,0.218,87,1.06,87.3,346,144,0.212,122,-8.5,405,89,93.9,85.5,75.89,206,0.134,847,93.9,-7.9,289,0.085,227,91.07,7.6,125,0.03,4.7,85.5,385,346,289,8.0,1.6,0.086,0.042,402,87,0.351,91.07,259,322,372,338,0.381,405,352,89.49,95.2,34,35,279,-8.5,49,0.0,1.0,0.0,0.0,5.0,1.0,0.0,0.35,0.0,140,0.263,19.0,1.0,0.0,0.0,7,0.389,0.0,0.0,0.0,0.0,18,0.0,0.5,1.0,0.0,28.0,2.0,6.0,3.0,0.408,0.0,1.0,0.364,103.0,0.0,0.0,0.0,0.0,0.0,12.0,0.0,42.0,8,CHI,12.0,0.0,22,1.0,0.25,0.071,St. John's (NY),277,1,84.0,16,Canada,1985,1999
182,Billy Owens,Billy,1610612760,SEA,30.0,21,9,12,0.429,450.7366666666667,65,165,0.394,5,11,0.455,28,35,0.8,35,45,80,38,33,12,4,13,37,0,163,-25,331.0,0,0,318.0,329,304,123,281,276,255,251,303,180,206,15,259,275,116,179,279,261,217,240,275,277,235,135,130,262,281,273,174,12,272,1,178,139,332,13.1,0.21,379,1.15,102.4,265,206,0.204,147,-2.6,98,358,104.8,102.2,76.94,187,0.111,866,104.8,-2.2,223,0.133,131,92.33,13.1,150,0.068,7.9,102.2,339,265,223,15.1,3.1,0.092,0.076,97,379,0.409,92.33,160,162,286,246,0.452,98,195,92.3,104.7,273,271,165,-2.6,18,0.0,0.5,0.0,0.0,5.0,10.0,0.0,0.269,1.0,67,0.217,23.0,5.0,0.0,1.0,37,0.578,0.0,0.0,0.0,0.0,64,0.0,0.2,0.5,0.0,10.0,2.0,3.0,4.0,0.333,0.0,6.0,0.528,45.0,0.0,0.0,0.0,0.0,0.0,15.0,0.0,15.0,38,SEA,17.0,0.0,72,3.0,0.235,0.2,Syracuse,220,1,80.0,3,USA,1991,1999
902,Bimbo Coles,Bimbo,1610612744,GSW,31.0,48,19,29,0.396,1273.9933333333333,183,414,0.442,6,25,0.24,83,101,0.822,21,96,117,222,82,45,11,24,113,0,455,-41,1014.4,1,0,912.0,114,185,392,301,109,99,99,164,172,168,204,120,143,90,250,179,202,26,85,91,176,316,331,130,115,313,113,125,12,119,1,353,113,226,10.8,0.187,209,2.71,97.0,250,339,0.182,230,-1.9,255,232,98.8,96.9,77.55,27,0.074,2473,98.8,-2.7,186,0.286,366,93.06,10.8,233,0.107,8.6,96.9,220,250,186,29.2,3.8,0.044,0.015,260,209,0.449,93.06,49,40,119,253,0.496,255,176,92.58,99.7,140,136,111,-1.9,108,1.0,0.278,0.25,2.0,27.0,18.0,0.0,0.448,4.0,241,0.397,68.0,5.0,1.0,5.0,42,0.525,0.0,0.0,0.2,0.0,80,1.0,0.444,0.364,5.0,84.0,36.0,16.0,15.0,0.456,0.0,11.0,0.5,149.0,0.0,1.0,0.0,0.0,0.0,36.0,0.0,68.0,44,GSW,40.0,0.0,88,4.0,0.375,0.429,Virginia Tech,182,2,74.0,40,USA,1990,1999
183,Bison Dele,Bison,1610612765,DET,30.0,49,29,20,0.592,1178.415,216,431,0.501,0,1,0.0,81,118,0.686,92,180,272,71,111,38,40,31,181,0,513,100,1068.9,3,0,1012.0,84,68,262,132,136,71,92,45,255,288,255,122,118,272,62,74,70,145,41,128,49,369,437,130,89,57,97,92,12,95,1,73,111,124,16.7,0.243,162,0.64,100.5,97,71,0.239,64,4.6,111,176,96.9,101.5,73.4,315,0.169,2163,96.9,2.1,409,0.115,91,88.08,16.7,60,0.094,8.8,101.5,85,97,409,10.7,4.4,0.128,0.087,147,162,0.501,88.08,183,251,168,142,0.531,111,402,87.8,98.4,375,373,85,4.6,50,0.0,0.0,0.0,,38.0,0.0,0.0,0.357,1.0,140,0.392,97.0,0.0,0.0,1.0,128,0.663,,,0.0,0.0,193,0.0,0.0,0.0,0.0,100.0,38.0,0.0,44.0,0.167,0.0,0.0,0.657,24.0,0.0,0.0,0.0,0.0,0.0,1.0,0.0,4.0,130,DET,108.0,0.0,198,0.0,0.407,0.38,Arizona,260,1,83.0,10,USA,1991,1999
898,Blue Edwards,Blue,1610612748,MIA,33.0,24,17,7,0.708,285.345,32,72,0.444,4,10,0.4,9,13,0.692,7,26,33,30,21,17,5,2,23,0,77,-13,206.6,0,0,188.0,315,214,81,47,320,314,321,156,190,208,38,336,345,264,336,324,334,240,287,247,264,62,99,130,323,247,318,174,12,320,1,286,312,229,16.3,0.168,113,1.43,94.1,228,307,0.162,296,-1.0,316,88,95.3,94.3,74.02,147,0.082,524,95.3,-1.1,388,0.19,288,88.82,16.5,301,0.094,3.0,94.3,164,228,388,23.6,1.3,0.057,0.027,331,113,0.472,88.82,107,81,173,214,0.495,316,373,88.96,95.2,371,366,305,-1.0,14,1.0,0.429,0.0,0.0,1.0,7.0,1.0,0.359,1.0,39,0.167,6.0,3.0,1.0,2.0,13,0.722,0.0,0.0,0.5,1.0,18,0.0,0.529,0.25,2.0,5.0,1.0,9.0,0.0,0.273,0.0,4.0,0.667,22.0,0.5,0.0,0.0,1.0,0.0,17.0,0.0,6.0,14,MIA,1.0,0.0,21,1.0,0.0,0.2,East Carolina,200,1,76.0,21,USA,1989,1999
448,Bo Outlaw,Bo,1610612753,ORL,28.0,31,19,12,0.613,850.0933333333334,84,154,0.545,0,3,0.0,35,81,0.432,54,113,167,56,58,40,43,18,79,1,203,-1,678.4,2,0,592.0,280,185,123,124,203,221,256,21,255,257,255,236,178,396,120,152,135,176,154,117,42,276,236,45,241,194,187,102,12,203,1,145,232,116,19.1,0.136,64,0.97,92.4,182,132,0.132,379,0.9,328,54,92.9,93.8,74.91,233,0.139,1584,92.9,-0.5,347,0.111,174,89.89,19.3,376,0.09,5.0,93.8,27,182,347,18.7,2.7,0.101,0.064,361,64,0.545,89.89,194,123,191,202,0.535,328,307,90.59,92.9,396,394,191,0.9,1,0.0,0.0,0.0,0.0,5.0,3.0,0.0,0.111,0.0,9,0.179,28.0,0.0,0.0,0.0,78,0.684,0.0,0.0,0.0,0.0,114,0.0,0.0,0.0,1.0,3.0,0.0,0.0,2.0,0.143,0.0,1.0,0.669,7.0,0.0,,0.0,0.0,,1.0,,1.0,81,ORL,20.0,0.0,121,0.0,0.1,0.0,Houston,210,Undrafted,80.0,Undrafted,USA,Undrafted,1999
682,Bob Sura,Bob,1610612739,CLE,26.0,50,22,28,0.44,840.69,70,210,0.333,9,45,0.2,65,103,0.631,21,81,102,152,67,46,14,17,98,0,214,-88,677.4,0,0,597.0,1,152,381,272,205,247,214,379,152,129,217,162,139,315,250,216,221,54,129,82,140,269,287,130,229,381,188,174,12,200,1,245,263,371,14.1,0.194,139,2.27,91.7,311,226,0.188,203,-5.3,370,103,96.0,90.7,72.87,48,0.103,1528,96.0,-4.0,423,0.361,283,87.44,14.1,209,0.087,4.2,90.7,383,311,423,32.0,1.4,0.066,0.028,366,139,0.355,87.44,17,28,211,285,0.419,370,421,87.1,95.7,309,310,297,-5.3,8,2.0,0.179,0.333,1.0,1.0,39.0,1.0,0.216,3.0,37,0.059,17.0,7.0,2.0,5.0,52,0.468,0.0,0.0,0.4,0.5,111,1.0,0.188,0.167,1.0,8.0,3.0,6.0,0.0,0.238,0.0,24.0,0.452,21.0,0.0,0.0,0.0,0.0,0.0,32.0,0.0,5.0,52,CLE,9.0,0.0,115,4.0,0.0,0.375,Florida State,200,1,77.0,17,USA,1995,1999
1517,Bobby Jackson,Bobby,1610612750,MIN,26.0,50,25,25,0.5,938.6383333333333,141,348,0.405,10,27,0.37,61,79,0.772,43,92,135,167,75,39,3,16,75,0,353,-41,816.5,0,0,749.0,1,113,347,219,189,151,137,272,149,165,79,173,184,142,148,187,181,53,105,122,291,261,224,130,164,313,155,174,12,163,1,229,174,317,12.0,0.217,178,2.23,97.0,231,238,0.211,127,-1.2,266,187,97.6,96.4,77.6,51,0.1,1811,97.6,-1.7,182,0.305,228,93.12,12.0,128,0.112,7.0,96.4,319,231,182,26.8,2.8,0.069,0.042,263,178,0.42,93.12,38,58,100,237,0.461,266,194,92.32,98.7,202,204,183,-1.2,60,0.0,0.4,0.0,0.0,17.0,25.0,0.0,0.347,1.0,173,0.386,44.0,10.0,1.0,2.0,54,0.519,0.0,0.0,0.0,0.0,104,0.0,0.25,0.467,0.0,37.0,15.0,11.0,11.0,0.391,0.0,15.0,0.509,110.0,0.0,1.0,3.0,0.0,0.0,44.0,0.0,43.0,54,MIN,32.0,0.0,106,7.0,0.344,0.405,Minnesota,185,1,73.0,23,USA,1997,1999
184,Bobby Phills,Bobby,1610612766,CHH,29.0,43,24,19,0.558,1575.675,215,497,0.433,68,172,0.395,115,168,0.685,39,135,174,149,92,60,25,30,124,1,613,66,1208.3,0,0,1174.0,188,128,245,163,55,72,68,188,25,27,46,75,66,273,158,118,127,56,67,47,84,366,359,45,63,83,75,174,12,66,1,283,64,112,11.3,0.2,241,1.62,102.4,143,297,0.197,179,2.5,97,204,99.7,102.2,76.91,114,0.084,3025,99.7,3.4,229,0.168,287,92.29,11.3,172,0.088,11.6,102.2,86,143,229,18.3,5.0,0.058,0.028,98,241,0.501,92.29,130,130,201,114,0.537,97,181,92.55,99.0,171,172,62,2.5,56,30.0,0.362,0.509,0.0,15.0,105.0,2.0,0.35,55.0,160,0.319,47.0,38.0,12.0,67.0,76,0.644,0.0,0.0,0.448,0.167,118,28.0,0.399,0.396,0.0,36.0,11.0,67.0,14.0,0.348,0.0,53.0,0.608,66.0,0.0,0.0,1.0,0.0,0.0,168.0,0.0,23.0,79,CHH,43.0,0.0,130,21.0,0.326,0.306,Southern,226,2,77.0,45,USA,1991,1999
1719,Bonzi Wells,Bonzi,1610612757,POR,22.0,7,6,1,0.857,35.766666666666666,11,20,0.55,1,3,0.333,8,18,0.444,4,5,9,3,6,1,1,2,5,0,31,-9,46.3,0,0,48.0,389,348,9,10,392,361,373,20,215,257,112,341,324,393,364,382,383,367,371,385,339,62,43,130,361,229,375,174,12,374,1,401,323,66,16.3,0.389,148,0.5,87.0,400,408,0.376,3,-13.3,414,84,96.3,82.9,90.59,343,0.0,82,96.3,-8.0,15,0.231,40,108.7,15.8,2,0.137,2.9,82.9,18,400,15,7.9,1.6,0.0,0.111,406,148,0.575,108.7,76,324,35,341,0.555,414,9,106.91,94.9,357,365,284,-13.3,2,1.0,0.0,1.0,0.0,1.0,2.0,0.0,0.4,1.0,5,1.0,1.0,0.0,0.0,1.0,7,0.636,0.0,0.0,1.0,0.0,11,1.0,0.333,0.0,0.0,0.0,0.0,1.0,1.0,0.667,,1.0,0.636,3.0,0.0,1.0,,0.0,0.0,3.0,0.0,2.0,7,POR,1.0,,11,0.0,1.0,0.0,Ball State,210,1,77.0,11,USA,1998,1999
1802,Brad Miller,Brad,1610612766,CHH,23.0,38,20,18,0.526,466.57166666666666,78,138,0.565,1,2,0.5,81,102,0.794,35,82,117,22,32,9,18,26,65,0,238,58,460.4,2,0,432.0,227,173,231,198,271,231,266,16,215,269,9,122,141,125,179,211,202,276,245,297,109,337,201,130,218,88,237,102,12,237,1,61,290,11,13.5,0.214,159,0.69,106.1,55,55,0.208,140,7.6,47,224,96.8,104.4,78.32,305,0.174,908,96.8,6.7,148,0.081,103,93.98,13.4,137,0.143,3.6,104.4,20,55,148,9.2,2.1,0.133,0.086,34,159,0.569,93.98,268,286,29,58,0.651,47,217,91.99,99.4,292,293,240,7.6,7,0.0,1.0,0.0,0.0,3.0,1.0,0.0,0.292,0.0,24,0.2,15.0,1.0,1.0,1.0,67,0.691,0.0,0.0,0.0,0.0,97,0.0,0.0,1.0,0.0,10.0,3.0,0.0,3.0,0.286,0.0,1.0,0.663,14.0,0.0,,0.0,0.0,,1.0,,4.0,67,CHH,11.0,0.0,101,1.0,0.273,0.3,Purdue,250,Undrafted,83.0,Undrafted,USA,Undrafted,1999
1585,Brandon Williams,Brandon,1610612759,SAS,24.0,3,3,0,1.0,3.6416666666666666,0,0,0.0,0,0,0.0,2,4,0.5,1,0,1,0,0,0,0,0,0,0,2,-4,3.2,0,0,3.0,409,382,1,1,434,428,438,428,255,339,255,388,380,366,403,423,417,408,426,401,376,1,1,130,421,215,428,174,12,429,1,401,438,47,0.0,0.187,418,0.0,83.3,427,408,0.2,228,-32.2,422,427,110.0,77.8,104.35,404,0.0,9,110.0,-38.9,3,0.0,403,125.22,0.0,158,0.1,0.0,77.8,428,427,3,0.0,0.0,0.0,0.0,421,418,0.0,125.22,408,408,146,431,0.568,422,6,114.67,122.2,1,1,428,-32.2,0,,0.0,,,0.0,0.0,,0.0,,0,0.0,0.0,0.0,,,0,0.0,,,,,0,,0.0,,,0.0,0.0,0.0,0.0,0.0,,,0.0,0.0,,,,,,0.0,,0.0,0,SAS,0.0,,0,,0.0,0.0,Davidson,215,Undrafted,78.0,Undrafted,USA,Undrafted,1999
699,Brent Barry,Brent,1610612741,CHI,27.0,37,10,27,0.27,1181.0866666666666,141,356,0.396,52,172,0.302,78,101,0.772,39,105,144,116,72,42,11,12,98,0,412,-252,845.8,1,0,830.0,238,289,367,372,134,151,133,296,48,27,150,133,143,141,158,162,162,83,115,108,176,223,287,130,136,429,147,125,12,139,1,259,92,172,12.2,0.186,334,1.61,90.7,384,247,0.181,235,-11.7,367,304,102.5,90.9,75.49,116,0.097,2233,102.5,-11.2,321,0.193,267,90.59,12.3,237,0.089,9.6,90.9,172,384,321,19.8,3.8,0.062,0.032,377,334,0.469,90.59,102,109,194,376,0.514,367,288,90.91,101.9,225,223,113,-11.7,27,8.0,0.319,0.25,1.0,8.0,138.0,4.0,0.375,16.0,72,0.276,29.0,44.0,16.0,32.0,54,0.643,0.0,0.0,0.25,0.25,84,4.0,0.388,0.273,1.0,22.0,5.0,45.0,5.0,0.344,0.0,77.0,0.635,32.0,0.0,0.0,2.0,0.0,0.0,116.0,0.0,11.0,54,CHI,21.0,0.0,85,21.0,0.238,0.227,Oregon State,195,1,78.0,15,USA,1995,1999
85,Brent Price,Brent,1610612745,HOU,30.0,40,26,14,0.65,812.7483333333333,100,207,0.483,46,112,0.411,46,61,0.754,18,60,78,113,65,33,1,8,90,0,292,22,592.1,0,0,597.0,215,106,160,92,208,200,217,72,56,67,33,205,210,161,270,248,265,88,138,159,339,156,262,130,190,137,213,174,12,200,1,323,225,14,15.8,0.17,310,1.74,103.3,174,343,0.165,290,1.1,88,301,101.7,102.8,77.51,98,0.073,1577,101.7,1.5,190,0.227,306,93.02,15.8,293,0.093,5.2,102.8,12,174,190,27.4,2.5,0.05,0.024,77,310,0.594,93.02,79,52,176,158,0.624,88,167,92.73,101.8,356,356,203,1.1,13,9.0,0.407,0.667,0.0,3.0,91.0,3.0,0.342,9.0,38,0.429,7.0,37.0,12.0,21.0,38,0.76,0.0,0.0,0.429,0.25,50,6.0,0.432,0.383,1.0,9.0,3.0,32.0,2.0,0.273,0.0,47.0,0.76,22.0,1.0,0.0,0.0,1.0,0.0,74.0,0.0,6.0,38,HOU,4.0,0.0,50,18.0,0.5,0.333,Oklahoma,185,2,73.0,32,USA,1992,1999
1510,Brevin Knight,Brevin,1610612739,CLE,23.0,39,20,19,0.513,1188.9316666666666,134,315,0.425,0,5,0.0,105,141,0.745,16,115,131,302,105,70,7,24,115,0,373,39,1109.2,5,0,960.0,218,173,245,214,129,164,156,217,255,236,255,89,96,187,283,143,190,15,50,31,232,316,339,130,154,111,90,69,12,106,1,276,131,230,13.4,0.19,205,2.88,99.4,160,234,0.189,215,1.6,145,170,98.6,100.2,75.92,16,0.101,2258,98.6,1.1,288,0.442,370,91.1,13.3,204,0.129,8.1,100.2,298,160,288,38.2,3.4,0.059,0.015,182,205,0.425,91.1,5,9,53,173,0.495,145,236,91.63,98.3,280,282,142,1.6,63,0.0,0.0,0.0,0.0,22.0,5.0,0.0,0.426,0.0,148,0.373,59.0,0.0,0.0,0.0,49,0.476,0.0,0.0,0.0,0.0,103,0.0,0.538,0.0,0.0,54.0,23.0,7.0,10.0,0.426,0.0,4.0,0.459,101.0,0.0,1.0,0.0,0.0,0.0,13.0,0.0,43.0,51,CLE,31.0,0.0,111,0.0,0.323,0.426,Stanford,173,1,70.0,16,USA,1997,1999
967,Brian Evans,Brian,1610612750,MIN,25.0,16,3,13,0.188,142.30833333333334,13,44,0.295,4,13,0.308,4,4,1.0,6,13,19,15,2,5,3,1,8,0,34,11,101.3,0,0,88.0,350,382,134,397,356,354,346,397,190,200,139,371,380,1,348,355,358,304,400,328,291,41,58,130,359,153,354,174,12,356,2,277,332,397,3.2,0.135,15,7.5,85.2,127,276,0.133,380,3.1,403,18,82.4,85.6,83.48,1,0.088,298,82.4,-2.5,33,0.188,251,100.18,3.2,374,0.106,2.8,85.6,388,127,33,23.8,0.8,0.059,0.034,416,15,0.341,100.18,109,80,124,252,0.372,403,40,97.35,87.8,16,16,362,3.1,7,0.0,0.444,0.0,1.0,0.0,9.0,0.0,0.28,1.0,25,0.0,0.0,4.0,2.0,3.0,2,0.333,0.0,0.0,0.0,0.0,6,0.0,0.214,0.429,1.0,3.0,1.0,3.0,0.0,0.333,,7.0,0.333,12.0,0.0,0.0,,0.0,0.0,14.0,0.0,4.0,2,MIN,1.0,,6,3.0,0.0,0.333,Indiana,220,1,80.0,27,USA,1996,1999
258,Brian Grant,Brian,1610612757,POR,27.0,48,34,14,0.708,1523.835,183,382,0.479,0,0,0.0,184,226,0.814,173,297,470,67,96,21,34,43,136,0,550,260,1283.5,17,0,1197.0,114,17,160,47,66,99,120,80,255,339,255,27,36,100,5,16,13,150,61,224,61,413,381,130,80,11,61,20,12,61,1,17,136,44,14.9,0.174,122,0.7,103.8,39,30,0.172,278,9.7,34,91,95.6,105.4,74.94,301,0.198,2846,95.6,8.5,344,0.073,27,89.93,14.8,269,0.127,8.0,105.4,147,39,344,10.3,3.8,0.159,0.119,59,122,0.479,89.93,288,259,58,43,0.571,34,299,90.75,95.3,338,339,111,9.7,36,0.0,0.0,0.0,0.0,14.0,1.0,0.0,0.36,0.0,100,0.206,68.0,0.0,0.0,0.0,133,0.624,0.0,0.0,0.0,0.0,213,0.0,0.462,0.0,0.0,23.0,6.0,6.0,19.0,0.327,,0.0,0.59,52.0,0.0,1.0,,0.0,0.0,13.0,0.0,17.0,135,POR,64.0,,229,0.0,0.297,0.261,Xavier,254,1,81.0,8,USA,1994,1999
216,Brian Shaw,Brian,1610612757,POR,33.0,1,1,0,1.0,4.6,0,1,0.0,0,0,0.0,0,0,0.0,0,1,1,1,1,0,0,0,1,0,0,-3,1.7,0,0,2.0,431,408,1,1,430,428,427,428,255,339,255,411,415,411,415,409,417,385,410,401,376,1,13,130,432,211,432,174,12,432,1,401,412,432,33.3,0.154,36,1.0,66.7,420,408,0.154,326,-23.3,433,161,90.0,66.7,82.61,212,0.0,9,90.0,-31.2,45,0.333,403,99.13,33.3,317,-0.154,1.0,66.7,428,420,45,33.3,0.0,0.0,0.0,434,36,0.0,99.13,21,22,429,427,0.0,433,82,94.96,97.8,433,433,428,-23.3,0,,0.0,,,0.0,0.0,,0.0,,0,0.0,0.0,0.0,,,0,0.0,,,,,1,,0.0,0.0,,0.0,0.0,0.0,0.0,,,0.0,0.0,,,,,,,0.0,,,0,POR,0.0,,1,0.0,0.0,0.0,California-Santa Barbara,200,1,78.0,24,USA,1988,1999
1730,Brian Skinner,Brian,1610612746,LAC,23.0,21,2,19,0.095,255.825,33,71,0.465,0,0,0.0,20,33,0.606,20,33,53,1,19,10,13,10,20,0,86,6,201.1,0,0,186.0,329,392,245,421,326,311,323,107,255,339,255,291,281,330,257,307,301,385,303,291,153,188,89,130,312,170,322,174,12,321,1,139,298,206,18.0,0.182,104,0.05,97.9,142,145,0.178,247,2.5,230,138,94.9,97.4,79.04,403,0.134,502,94.9,0.9,118,0.007,138,94.85,17.9,249,0.082,3.4,97.4,183,142,118,0.9,1.6,0.103,0.074,230,104,0.465,94.85,407,407,237,179,0.503,230,123,93.62,97.0,383,384,284,2.5,3,0.0,0.0,0.0,,8.0,0.0,0.0,0.214,0.0,14,0.333,24.0,0.0,0.0,0.0,22,0.667,,,0.0,0.0,33,0.0,0.0,0.0,0.0,9.0,2.0,0.0,8.0,0.5,0.0,0.0,0.595,2.0,0.0,0.0,0.0,0.0,0.0,0.0,0.0,1.0,22,LAC,23.0,0.0,37,0.0,0.348,0.222,Baylor,255,1,81.0,22,USA,1998,1999
1477,Bruce Bowen,Bruce,1610612738,BOS,28.0,30,10,20,0.333,496.9,26,93,0.28,7,26,0.269,11,24,0.458,15,37,52,28,13,21,9,10,51,0,70,-52,251.4,0,0,217.0,287,289,262,337,266,330,300,408,165,166,187,328,306,389,290,299,302,249,328,224,204,188,167,130,326,337,301,174,12,309,1,326,309,407,9.0,0.104,158,2.15,93.7,294,337,0.1,423,-4.0,345,153,96.7,92.6,79.25,53,0.075,978,96.7,-3.9,113,0.092,289,95.1,9.0,423,0.019,3.1,92.6,400,294,113,19.4,0.9,0.05,0.027,341,158,0.317,95.1,241,114,389,282,0.338,345,106,94.15,97.5,57,57,356,-4.0,5,3.0,0.308,0.2,0.0,5.0,13.0,1.0,0.185,10.0,27,0.263,19.0,4.0,3.0,13.0,9,0.429,0.0,0.0,0.231,0.333,21,2.0,0.318,0.143,0.0,8.0,1.0,7.0,3.0,0.211,,7.0,0.4,19.0,0.0,0.0,,0.0,0.0,22.0,0.0,4.0,10,BOS,12.0,,25,1.0,0.25,0.125,California State-Fullerton,200,Undrafted,79.0,Undrafted,USA,Undrafted,1999
1743,Bruno Sundov,Bruno,1610612742,DAL,19.0,3,1,2,0.333,10.833333333333334,2,7,0.286,0,0,0.0,0,0,0.0,0,0,0,1,1,0,0,1,4,0,4,-13,4.5,0,0,5.0,409,408,25,337,423,404,405,401,255,339,255,411,415,411,415,423,427,385,410,401,376,41,36,130,410,247,422,174,12,421,1,401,349,416,11.1,0.287,431,1.0,80.4,433,408,0.276,22,-46.9,421,437,126.9,80.0,94.15,212,0.0,25,126.9,-64.9,10,0.143,403,112.98,11.1,25,-0.125,2.3,80.0,404,433,10,11.1,0.7,0.0,0.0,424,431,0.286,112.98,150,242,428,438,0.286,421,11,105.45,145.2,164,161,374,-46.9,2,0.0,0.0,0.0,,0.0,0.0,0.0,0.333,0.0,6,0.0,0.0,0.0,0.0,0.0,0,0.0,,,0.0,0.0,1,0.0,0.0,0.0,,1.0,0.0,0.0,0.0,0.667,,0.0,0.0,3.0,,,,,,2.0,,2.0,0,DAL,0.0,,1,0.0,0.0,0.0,None,220,2,86.0,35,Croatia,1998,1999
735,Bryant Reeves,Bryant,1610612763,VAN,26.0,25,5,20,0.2,702.935,102,251,0.406,0,1,0.0,67,116,0.578,50,88,138,37,47,13,8,35,103,2,271,-165,508.1,1,0,488.0,311,360,262,391,233,197,194,270,255,288,255,156,121,339,132,198,175,221,190,269,216,385,304,15,200,415,225,125,12,223,1,141,87,339,12.2,0.228,399,0.79,94.5,391,148,0.226,92,-12.4,313,391,106.8,94.5,76.88,276,0.133,1352,106.8,-12.2,230,0.099,143,92.25,12.1,87,0.044,10.0,94.5,342,391,230,9.5,4.1,0.102,0.073,324,399,0.406,92.25,223,274,351,383,0.449,313,197,92.29,106.7,208,215,100,-12.4,30,0.0,0.0,0.0,0.0,23.0,1.0,0.0,0.313,0.0,96,0.288,80.0,0.0,0.0,0.0,49,0.662,0.0,0.0,0.0,0.0,74,0.0,0.333,0.0,1.0,55.0,13.0,1.0,21.0,0.378,0.0,0.0,0.576,37.0,0.0,0.0,0.0,0.0,0.0,3.0,0.0,14.0,53,VAN,63.0,0.0,92,0.0,0.333,0.236,Oklahoma State,275,1,84.0,6,USA,1995,1999
179,Bryant Stith,Bryant,1610612743,DEN,28.0,46,13,33,0.283,1194.3816666666667,114,290,0.393,31,106,0.292,61,71,0.859,30,77,107,82,45,28,15,10,65,0,320,-231,655.4,0,0,626.0,158,264,416,365,127,183,169,304,85,70,158,173,200,47,202,223,215,122,197,184,135,188,201,130,177,426,194,174,12,190,1,345,193,222,10.0,0.139,416,1.82,99.1,373,358,0.136,367,-10.3,165,404,109.6,99.3,77.48,83,0.067,2317,109.6,-9.3,191,0.113,305,92.98,10.1,367,0.059,6.3,99.3,230,373,191,18.4,2.5,0.045,0.024,189,416,0.447,92.98,189,128,318,354,0.498,165,122,93.63,108.3,110,99,206,-10.3,45,17.0,0.286,0.316,0.0,7.0,49.0,11.0,0.402,19.0,112,0.368,19.0,14.0,37.0,56.0,31,0.574,0.0,0.0,0.304,0.297,54,6.0,0.353,0.31,0.0,25.0,9.0,36.0,5.0,0.361,0.0,29.0,0.579,61.0,0.0,0.0,1.0,0.0,0.0,102.0,0.0,22.0,33,DEN,15.0,0.0,57,9.0,0.333,0.36,Virginia,208,1,77.0,13,USA,1992,1999
1724,Bryce Drew,Bryce,1610612745,HOU,24.0,34,19,15,0.559,440.39,47,129,0.364,16,49,0.327,8,8,1.0,3,29,32,52,31,12,4,3,61,0,118,-10,251.4,0,0,250.0,265,185,172,162,280,287,273,359,118,125,122,341,362,1,371,317,335,188,249,275,277,89,187,130,289,233,301,174,12,293,1,386,284,347,14.4,0.171,235,1.68,98.9,221,368,0.168,286,-0.8,185,253,99.5,98.7,77.98,105,0.064,857,99.5,-1.3,167,0.193,398,93.57,14.4,286,0.03,3.8,98.7,295,221,167,24.2,1.4,0.036,0.007,198,235,0.426,93.57,100,75,373,219,0.445,185,145,93.23,100.1,320,319,298,-0.8,9,3.0,0.31,0.5,0.0,8.0,42.0,1.0,0.237,4.0,38,0.4,20.0,13.0,3.0,7.0,14,0.636,0.0,0.0,0.429,0.333,22,2.0,0.361,0.211,0.0,13.0,5.0,13.0,4.0,0.316,0.0,19.0,0.6,19.0,0.0,1.0,0.0,0.0,0.0,36.0,0.0,6.0,15,HOU,16.0,0.0,25,4.0,0.25,0.385,Valparaiso,185,1,75.0,16,USA,1998,1999
935,Bryon Russell,Bryon,1610612762,UTA,28.0,50,37,13,0.74,1766.9183333333333,217,468,0.464,52,147,0.354,136,171,0.795,65,201,266,74,76,76,15,21,154,0,622,312,1249.2,1,0,1196.0,1,1,134,27,26,69,77,109,48,43,97,58,63,124,99,59,71,140,102,26,135,298,413,130,61,7,69,125,12,63,1,200,97,43,11.0,0.17,103,0.97,103.8,37,198,0.169,292,9.8,43,75,94.9,104.6,73.6,231,0.114,3248,94.9,9.6,402,0.072,222,88.32,10.9,283,0.101,9.4,104.6,55,37,402,10.6,4.3,0.081,0.043,60,103,0.519,88.32,290,254,139,37,0.572,43,371,89.0,94.2,151,153,90,9.8,45,13.0,0.345,0.429,0.0,11.0,113.0,7.0,0.375,14.0,120,0.379,29.0,39.0,19.0,33.0,109,0.63,0.0,0.0,0.394,0.368,173,6.0,0.374,0.408,0.0,20.0,8.0,52.0,6.0,0.317,0.0,49.0,0.627,63.0,0.0,,1.0,0.0,,139.0,,20.0,111,UTA,19.0,0.0,177,20.0,0.316,0.4,Long Beach State,225,2,79.0,45,USA,1993,1999
384,Calbert Cheaney,Calbert,1610612764,WAS,27.0,50,18,32,0.36,1266.455,172,415,0.414,8,37,0.216,33,67,0.493,33,108,141,73,42,39,16,16,146,0,385,-44,786.7,0,0,717.0,1,201,412,329,113,111,98,247,157,141,210,246,205,384,188,156,169,142,209,122,124,261,399,130,151,318,162,174,12,176,1,282,119,360,7.5,0.179,233,1.74,98.9,216,268,0.175,261,-0.5,178,252,99.5,98.9,77.08,99,0.09,2425,99.5,-1.3,217,0.096,292,92.5,7.5,258,0.044,8.3,98.9,303,216,217,13.1,3.4,0.058,0.027,197,233,0.424,92.5,228,195,350,218,0.433,178,200,92.22,100.1,33,33,140,-0.5,97,4.0,0.174,0.5,0.0,20.0,23.0,1.0,0.401,6.0,242,0.313,64.0,4.0,7.0,13.0,47,0.644,0.0,0.0,0.308,0.143,73,3.0,0.383,0.083,0.0,66.0,29.0,23.0,14.0,0.399,0.0,12.0,0.617,138.0,0.0,0.0,0.0,0.0,0.0,60.0,0.0,55.0,50,WAS,58.0,0.0,81,1.0,0.241,0.439,Indiana,215,1,79.0,6,USA,1993,1999
61,Carl Herrera,Carl,1610612743,DEN,32.0,28,10,18,0.357,305.35333333333335,30,76,0.395,0,1,0.0,5,11,0.455,25,37,62,4,16,12,7,2,41,0,65,-33,186.4,0,0,169.0,296,289,231,332,315,322,317,301,255,288,255,362,353,390,230,299,287,358,314,275,232,62,142,130,329,300,326,174,12,327,2,157,336,386,15.9,0.143,163,0.25,90.6,312,164,0.14,357,-5.6,358,172,97.0,91.4,77.68,381,0.126,593,97.0,-7.7,177,0.025,144,93.22,15.8,355,0.032,2.7,91.4,357,312,177,4.0,1.1,0.097,0.072,379,163,0.395,93.22,391,392,369,335,0.402,358,158,92.97,98.3,359,358,331,-5.6,15,0.0,0.0,0.0,0.0,3.0,1.0,0.0,0.441,0.0,34,0.125,24.0,0.0,0.0,0.0,12,0.706,0.0,0.0,0.0,0.0,17,0.0,0.0,0.0,0.0,23.0,8.0,0.0,2.0,0.538,0.0,1.0,0.65,13.0,0.0,0.0,0.0,0.0,0.0,1.0,0.0,7.0,13,DEN,18.0,0.0,20,0.0,0.111,0.348,Houston,225,2,81.0,30,Venezuela,1990,1999
435,Carlos Rogers,Carlos,1610612757,POR,28.0,2,2,0,1.0,8.133333333333333,2,2,1.0,0,0,0.0,1,4,0.25,0,1,1,1,0,0,0,0,2,0,5,3,7.7,0,0,7.0,418,392,1,1,424,404,422,1,255,339,255,403,380,410,415,409,417,385,426,401,376,1,20,130,407,179,415,174,12,415,1,401,412,9,0.0,0.229,390,0.0,129.9,225,408,0.2,88,-1.0,38,361,106.3,105.3,86.07,404,0.0,19,106.3,24.9,24,0.2,403,103.28,0.0,158,0.068,1.0,105.3,2,225,24,20.0,1.0,0.0,0.0,3,390,1.0,103.28,92,108,287,10,0.665,38,139,93.25,104.9,1,1,339,-1.0,1,0.0,0.0,0.0,,0.0,0.0,0.0,1.0,0.0,1,0.0,0.0,0.0,0.0,0.0,1,1.0,,,0.0,0.0,1,0.0,1.0,0.0,,,,1.0,0.0,0.0,,0.0,1.0,0.0,,,,,,1.0,,0.0,1,POR,0.0,,1,0.0,0.0,,Tennessee State,220,1,83.0,11,USA,1994,1999
1745,Casey Shaw,Casey,1610612755,PHI,23.0,9,7,2,0.778,13.905,1,8,0.125,0,0,0.0,0,0,0.0,3,0,3,0,2,0,0,2,2,0,2,-5,3.6,0,0,5.0,379,333,25,17,417,413,399,426,255,339,255,411,415,411,371,423,408,408,400,401,376,62,20,130,421,220,426,174,12,421,1,401,426,430,20.0,0.286,6,0.0,63.4,377,408,0.25,23,-10.8,437,5,66.7,55.9,100.68,404,0.0,34,66.7,-10.7,5,0.0,403,120.82,20.0,50,-0.3,0.9,55.9,426,377,5,0.0,0.1,0.0,0.0,436,6,0.125,120.82,408,408,436,371,0.125,437,8,107.63,74.1,401,401,427,-10.8,0,0.0,0.0,0.0,,0.0,0.0,,0.0,0.0,1,0.0,4.0,0.0,,0.0,1,0.333,,,0.0,,3,0.0,0.0,0.0,,1.0,0.0,0.0,0.0,0.0,0.0,0.0,0.25,0.0,,,0.0,,,0.0,,0.0,1,PHI,3.0,0.0,4,0.0,0.0,0.0,Toledo,260,2,83.0,37,USA,1998,1999
76,Cedric Ceballos,Cedric,1610612742,DAL,29.0,13,4,9,0.308,351.695,59,140,0.421,11,28,0.393,34,49,0.694,23,62,85,12,28,7,5,10,23,0,163,-56,291.0,2,0,295.0,365,370,94,352,302,265,263,226,143,163,49,237,237,263,242,245,248,322,262,316,264,188,99,130,262,342,287,102,12,275,1,121,75,200,13.9,0.244,246,0.43,91.1,347,67,0.241,61,-8.5,359,236,99.9,91.3,77.11,360,0.171,679,99.9,-8.6,212,0.074,180,92.53,13.8,57,0.118,10.8,91.3,195,347,212,5.9,4.5,0.113,0.059,375,246,0.461,92.53,284,366,82,350,0.504,359,172,92.68,99.8,304,304,80,-8.5,12,4.0,0.368,0.143,0.0,2.0,19.0,3.0,0.286,7.0,42,0.154,13.0,7.0,4.0,11.0,34,0.618,0.0,0.0,0.364,0.75,55,1.0,0.37,0.455,1.0,9.0,2.0,10.0,1.0,0.24,0.0,11.0,0.614,25.0,0.0,0.0,1.0,0.0,0.0,27.0,0.0,6.0,35,DAL,9.0,0.0,57,5.0,0.111,0.222,California State-Fullerton,190,2,78.0,48,USA,1990,1999
1538,Cedric Henderson,Cedric,1610612739,CLE,24.0,50,22,28,0.44,1520.1983333333333,189,453,0.417,2,12,0.167,74,91,0.813,45,152,197,113,97,58,24,32,136,0,454,-98,1008.9,1,0,930.0,1,152,381,272,68,90,84,240,203,203,229,142,158,101,144,96,109,88,60,52,86,375,381,130,118,390,114,125,12,117,1,228,107,320,13.8,0.186,311,1.16,97.6,282,222,0.183,233,-3.5,202,275,101.7,98.2,74.63,184,0.105,2837,101.7,-3.3,361,0.137,262,89.56,13.7,231,0.067,9.1,98.2,320,282,361,16.0,3.8,0.07,0.032,237,311,0.419,89.56,155,148,292,268,0.46,202,329,90.17,100.9,303,303,118,-3.5,74,0.0,0.143,0.0,1.0,14.0,7.0,0.0,0.335,4.0,221,0.246,57.0,1.0,0.0,4.0,99,0.607,1.0,1.0,0.0,0.0,163,0.0,0.048,0.25,2.0,84.0,26.0,1.0,13.0,0.381,0.0,4.0,0.582,126.0,0.5,0.0,0.0,1.0,0.0,21.0,0.0,48.0,99,CLE,46.0,0.0,170,1.0,0.283,0.31,Memphis,225,2,79.0,44,USA,1997,1999
787,Charles Barkley,Charles,1610612745,HOU,36.0,42,27,15,0.643,1522.6616666666666,240,502,0.478,4,25,0.16,192,267,0.719,167,349,516,192,100,43,13,54,89,0,676,134,1651.2,29,0,1500.0,197,87,172,97,67,56,67,82,190,168,239,24,21,218,7,9,7,37,53,103,153,429,260,130,49,42,25,5,12,31,1,4,58,88,11.0,0.225,343,1.92,107.1,92,4,0.223,102,4.9,19,312,102.7,107.6,74.66,77,0.233,2840,102.7,4.6,358,0.216,17,89.59,10.9,91,0.166,12.0,107.6,135,92,358,20.9,5.7,0.182,0.124,28,343,0.482,89.59,83,101,16,92,0.546,19,340,89.95,102.4,149,154,45,4.9,57,2.0,0.118,0.667,1.0,39.0,17.0,0.0,0.348,3.0,164,0.433,90.0,2.0,5.0,8.0,140,0.631,0.0,0.0,0.25,0.0,222,2.0,0.294,0.111,1.0,84.0,26.0,5.0,38.0,0.387,0.0,9.0,0.611,62.0,0.0,2.0,1.0,0.0,0.0,17.0,0.0,24.0,146,HOU,87.0,0.0,239,1.0,0.437,0.31,Auburn,252,1,78.0,5,USA,1984,1999
1525,Charles O'Bannon,Charles,1610612765,DET,24.0,18,11,7,0.611,163.12,24,56,0.429,0,1,0.0,8,8,1.0,18,16,34,12,8,2,3,4,22,0,56,26,121.8,0,0,112.0,342,279,81,125,348,331,332,205,255,288,255,341,362,1,270,345,330,322,362,370,291,104,93,130,335,129,343,174,12,344,1,161,308,297,10.1,0.191,32,1.5,102.2,45,289,0.182,213,8.9,195,32,89.5,98.3,74.42,131,0.086,303,89.5,11.1,375,0.126,49,89.31,10.0,234,0.082,3.1,98.3,288,45,375,15.0,1.3,0.096,0.105,105,32,0.429,89.31,172,164,240,24,0.47,195,427,86.8,91.1,96,101,305,8.9,10,0.0,0.0,0.0,,2.0,1.0,0.0,0.345,0.0,29,0.286,7.0,0.0,0.0,0.0,12,0.632,,,0.0,0.0,19,0.0,0.333,0.0,0.0,7.0,3.0,1.0,2.0,0.353,0.0,1.0,0.6,17.0,0.0,0.0,0.0,0.0,0.0,3.0,0.0,6.0,12,DET,8.0,0.0,20,0.0,0.25,0.429,UCLA,209,2,77.0,31,USA,1997,1999
891,Charles Oakley,Charles,1610612761,TOR,35.0,50,23,27,0.46,1633.8466666666666,140,327,0.428,1,5,0.2,67,83,0.807,96,278,374,168,96,46,21,13,182,2,348,-5,1153.8,0,0,1025.0,1,138,367,264,46,156,151,210,215,236,217,156,175,112,57,19,26,52,61,82,98,235,438,15,167,220,83,174,12,93,1,104,186,274,15.3,0.129,225,1.75,98.1,204,46,0.127,393,-0.2,175,178,99.2,99.1,75.06,97,0.18,3066,99.2,-0.4,340,0.171,179,90.07,15.3,388,0.088,6.5,99.1,286,204,340,26.8,2.8,0.118,0.059,223,225,0.43,90.07,126,59,204,199,0.479,175,295,90.85,98.5,351,349,186,-0.2,111,0.0,0.2,0.0,0.0,2.0,5.0,0.0,0.437,0.0,254,0.143,14.0,1.0,0.0,0.0,26,0.481,0.0,0.0,0.0,0.0,54,0.0,0.466,0.0,0.0,30.0,6.0,27.0,1.0,0.471,0.0,2.0,0.456,170.0,0.0,0.0,0.0,0.0,0.0,58.0,0.0,80.0,26,TOR,10.0,0.0,57,0.0,0.1,0.2,Virginia Union,245,1,81.0,9,USA,1985,1999
1869,Charles R. Jones,Charles R.,1610612741,CHI,23.0,29,5,24,0.172,476.37833333333333,39,123,0.317,19,61,0.311,11,22,0.5,9,33,42,41,29,18,5,8,30,0,108,-116,259.9,0,0,256.0,293,360,337,404,269,297,280,394,112,112,134,328,313,366,321,307,319,209,256,242,264,156,118,130,298,402,296,174,12,290,1,340,261,378,14.3,0.163,353,1.41,90.7,385,333,0.161,308,-11.7,354,326,103.3,91.6,74.9,149,0.076,886,103.3,-12.2,348,0.156,339,89.88,14.2,306,0.039,4.2,91.6,358,385,348,20.1,1.3,0.046,0.019,378,353,0.394,89.88,139,107,359,385,0.407,354,313,90.52,102.9,315,317,304,-11.7,8,1.0,0.333,0.0,0.0,2.0,54.0,1.0,0.286,3.0,28,0.154,13.0,18.0,4.0,7.0,10,0.476,0.0,0.0,0.143,0.25,21,0.0,0.265,0.387,1.0,4.0,0.0,9.0,3.0,0.333,0.0,31.0,0.4,15.0,0.0,0.0,1.0,0.0,0.0,34.0,0.0,5.0,10,CHI,12.0,0.0,25,12.0,0.25,0.0,Long Island-Brooklyn,180,Undrafted,75.0,Undrafted,USA,Undrafted,1999
1593,Charles Shackleford,Charles,1610612766,CHH,33.0,32,19,13,0.594,363.13,44,90,0.489,0,0,0.0,19,29,0.655,41,88,129,13,27,5,13,4,66,0,107,-45,308.3,2,0,285.0,275,185,134,128,299,290,303,63,255,339,255,294,295,298,153,198,192,313,265,328,153,104,205,130,299,321,279,102,12,280,1,5,328,155,18.9,0.169,69,0.48,89.3,314,6,0.165,294,-5.8,397,78,93.3,87.5,78.43,351,0.23,710,93.3,-5.2,143,0.07,19,94.12,18.8,294,0.1,2.8,87.5,117,314,143,9.0,1.4,0.18,0.123,390,69,0.489,94.12,299,297,149,301,0.521,397,179,92.57,94.5,392,392,299,-5.8,1,0.0,0.0,0.0,,20.0,0.0,0.0,0.167,0.0,6,0.417,48.0,0.0,0.0,0.0,23,0.639,,,0.0,0.0,36,0.0,0.0,0.0,0.0,2.0,0.0,0.0,14.0,0.0,0.0,0.0,0.566,0.0,0.0,0.0,0.0,0.0,0.0,0.0,0.0,0.0,30,CHH,35.0,0.0,53,0.0,0.4,0.0,North Carolina State,245,2,83.0,32,USA,1988,1999
1520,Charles Smith,Charles,1610612746,LAC,23.0,23,3,20,0.13,315.5933333333333,35,97,0.361,7,33,0.212,7,16,0.438,7,17,24,13,20,17,14,7,35,0,84,-82,205.3,0,0,190.0,323,382,262,416,311,307,296,366,165,149,213,351,335,394,336,341,346,313,296,247,140,144,132,130,313,375,321,174,12,318,1,372,262,385,14.6,0.178,346,0.65,88.5,402,374,0.175,263,-13.5,379,342,102.9,89.4,77.63,311,0.061,613,102.9,-15.4,180,0.071,325,93.16,14.5,255,0.017,4.2,89.4,355,402,180,9.4,1.5,0.04,0.021,394,346,0.397,93.16,294,279,394,402,0.404,379,141,93.24,103.9,324,327,289,-13.5,13,2.0,0.192,0.5,0.0,2.0,26.0,1.0,0.382,2.0,34,0.25,8.0,5.0,5.0,7.0,13,0.591,0.0,0.0,0.286,0.2,22,1.0,0.28,0.133,0.0,7.0,3.0,7.0,0.0,0.455,,15.0,0.591,22.0,0.0,,,0.0,,25.0,,10.0,13,LAC,6.0,,22,2.0,0.0,0.429,New Mexico,194,1,76.0,26,USA,1997,1999
369,Charlie Ward,Charlie,1610612752,NYK,28.0,50,27,23,0.54,1553.3866666666668,135,334,0.404,53,149,0.356,55,78,0.705,23,149,172,271,131,103,8,13,105,0,378,77,1192.9,1,0,1096.0,1,87,315,180,60,163,146,277,43,40,96,182,189,243,242,102,130,21,24,9,216,235,308,130,153,76,78,125,12,79,1,289,181,175,17.0,0.152,83,2.07,96.1,144,255,0.148,334,2.4,276,63,93.8,96.2,75.62,65,0.095,2940,93.8,2.7,310,0.289,362,90.74,17.0,331,0.107,6.7,96.2,128,144,310,35.2,2.7,0.057,0.016,292,83,0.484,90.74,48,14,123,127,0.513,276,287,90.92,93.4,378,379,192,2.4,19,10.0,0.358,0.583,1.0,17.0,120.0,3.0,0.333,12.0,57,0.436,39.0,43.0,16.0,28.0,46,0.517,0.0,0.0,0.357,0.188,89,7.0,0.375,0.356,5.0,12.0,4.0,39.0,12.0,0.379,0.0,59.0,0.495,29.0,0.2,0.0,0.0,1.0,0.0,104.0,0.0,11.0,47,NYK,30.0,0.0,95,21.0,0.4,0.333,Florida State,190,1,74.0,26,USA,1994,1999
1497,Chauncey Billups,Chauncey,1610612743,DEN,22.0,45,14,31,0.311,1490.8183333333334,191,495,0.386,85,235,0.362,157,172,0.913,24,72,96,173,98,58,14,40,115,1,624,-191,1116.7,0,0,1122.0,170,245,404,351,72,88,70,314,9,9,87,43,62,20,238,229,233,47,59,52,140,402,339,45,60,418,89,174,12,72,1,388,71,82,11.6,0.202,425,1.77,104.7,325,388,0.2,168,-6.5,33,418,111.9,105.4,77.8,94,0.052,2898,111.9,-6.1,171,0.192,359,93.36,11.6,164,0.081,11.0,105.4,165,325,171,20.5,4.2,0.033,0.016,47,425,0.472,93.36,103,106,243,312,0.547,33,108,94.09,110.8,188,186,96,-6.5,38,21.0,0.339,0.37,0.0,7.0,186.0,11.0,0.396,27.0,96,0.25,28.0,63.0,20.0,47.0,62,0.449,0.0,0.0,0.447,0.55,138,10.0,0.431,0.315,0.0,25.0,7.0,56.0,7.0,0.354,1.0,127.0,0.446,48.0,0.0,0.0,2.0,0.0,0.0,130.0,0.0,17.0,62,DEN,24.0,2.0,139,40.0,0.292,0.28,Colorado,202,1,75.0,3,USA,1997,1999
685,Cherokee Parks,Cherokee,1610612763,VAN,26.0,48,7,41,0.146,1116.24,118,275,0.429,0,1,0.0,30,55,0.545,75,168,243,36,49,28,28,10,114,0,266,-258,730.6,2,0,657.0,114,333,434,412,151,179,179,204,255,288,255,252,223,355,83,85,84,223,180,184,68,188,335,130,203,431,179,102,12,184,1,115,210,350,12.8,0.144,364,0.73,91.5,387,85,0.142,354,-11.9,349,346,103.9,92.0,75.72,290,0.164,2110,103.9,-12.4,303,0.057,153,90.86,12.7,349,0.062,5.7,92.0,287,387,303,9.4,2.5,0.114,0.068,367,364,0.429,90.86,323,281,309,386,0.445,349,277,91.08,103.9,249,247,208,-11.9,63,0.0,0.0,0.0,0.0,9.0,1.0,0.0,0.377,0.0,167,0.31,29.0,0.0,0.0,0.0,46,0.59,0.0,0.0,0.0,0.0,78,0.0,0.4,0.0,0.0,22.0,12.0,12.0,5.0,0.359,0.0,1.0,0.573,117.0,0.0,0.0,0.0,0.0,0.0,30.0,0.0,42.0,47,VAN,23.0,0.0,82,0.0,0.217,0.545,Duke,240,1,83.0,12,USA,1995,1999
1512,Chris Anstey,Chris,1610612742,DAL,24.0,41,15,26,0.366,470.3616666666667,50,139,0.36,0,7,0.0,34,48,0.708,35,62,97,27,26,18,13,7,98,1,134,-69,357.9,0,0,320.0,210,237,358,322,270,280,264,369,255,222,255,237,238,238,179,245,231,252,269,242,153,144,287,45,274,362,268,174,12,271,1,137,296,373,12.2,0.18,299,1.04,97.2,322,138,0.174,254,-6.4,304,316,101.2,94.8,80.41,209,0.136,941,101.2,-5.5,83,0.093,141,96.49,12.1,261,0.029,3.4,94.8,380,322,83,12.6,1.2,0.104,0.073,253,299,0.36,96.49,239,206,376,304,0.418,304,90,94.61,102.6,212,217,320,-6.4,23,0.0,0.0,0.0,1.0,4.0,5.0,0.0,0.319,1.0,72,0.333,12.0,0.0,0.0,1.0,23,0.479,0.0,0.0,0.0,0.0,48,0.0,0.294,0.0,1.0,11.0,0.0,5.0,5.0,0.37,0.0,2.0,0.46,46.0,0.0,1.0,0.0,0.0,0.0,17.0,0.0,17.0,23,DAL,11.0,0.0,50,0.0,0.455,0.0,None,249,1,84.0,18,Australia,1997,1999
713,Chris Carr,Chris,1610612751,NJN,25.0,39,20,19,0.513,445.6566666666667,76,205,0.371,28,75,0.373,27,40,0.675,23,48,71,23,28,8,2,11,45,0,207,-60,328.7,0,0,349.0,218,173,245,214,279,236,219,346,90,96,77,266,261,281,242,272,275,268,262,309,318,208,155,130,237,347,274,174,12,264,2,205,224,304,10.2,0.247,308,0.82,97.3,319,211,0.236,56,-6.2,291,336,101.5,95.3,81.14,269,0.11,902,101.5,-6.1,69,0.102,210,97.37,10.3,65,0.064,5.3,95.3,255,319,69,8.4,1.9,0.077,0.047,247,308,0.439,97.37,214,311,302,313,0.465,291,67,95.49,103.4,119,117,247,-6.2,21,7.0,0.339,0.444,0.0,8.0,62.0,3.0,0.3,9.0,70,0.348,23.0,21.0,4.0,13.0,19,0.514,0.0,0.0,0.538,0.75,37,4.0,0.389,0.294,0.0,16.0,7.0,21.0,5.0,0.333,0.0,34.0,0.487,42.0,0.0,0.0,0.0,0.0,0.0,54.0,0.0,14.0,19,NJN,20.0,0.0,39,10.0,0.25,0.438,Southern Illinois,220,2,78.0,56,USA,1995,1999
164,Chris Childs,Chris,1610612752,NYK,31.0,48,25,23,0.521,1298.3633333333332,114,267,0.427,36,94,0.383,64,78,0.821,18,115,133,193,85,44,1,10,156,1,328,10,827.1,0,0,780.0,114,113,315,204,104,183,183,214,71,84,65,165,189,91,270,143,185,34,79,96,339,188,415,45,175,156,152,174,12,153,1,302,215,93,14.7,0.145,171,2.27,97.9,191,287,0.142,351,0.3,220,122,97.3,97.6,73.38,47,0.087,2384,97.3,1.5,411,0.267,364,88.06,14.7,348,0.089,5.6,97.6,106,191,411,33.3,2.4,0.053,0.015,226,171,0.494,88.06,59,22,197,159,0.544,220,393,88.29,96.4,333,329,214,0.3,46,3.0,0.372,0.4,1.0,5.0,86.0,1.0,0.442,5.0,104,0.313,16.0,32.0,2.0,7.0,27,0.509,1.0,1.0,0.429,0.5,53,2.0,0.5,0.264,3.0,19.0,4.0,31.0,5.0,0.5,0.0,53.0,0.491,64.0,0.333,0.0,0.0,1.0,0.0,62.0,0.0,32.0,27,NYK,11.0,0.0,55,14.0,0.455,0.211,Boise State,195,Undrafted,75.0,Undrafted,USA,Undrafted,1999
1544,Chris Crawford,Chris,1610612737,ATL,24.0,42,27,15,0.643,783.2466666666667,110,255,0.431,11,33,0.333,57,70,0.814,36,53,89,24,48,10,13,22,106,0,288,25,451.8,0,0,458.0,197,87,172,97,215,189,192,195,143,149,112,178,202,99,165,266,244,263,186,291,153,304,311,130,191,131,239,174,12,227,1,280,197,203,13.4,0.205,143,0.5,96.6,176,356,0.2,162,1.0,242,111,96.1,97.1,72.19,343,0.068,1419,96.1,0.5,432,0.059,209,86.62,13.4,157,0.044,6.1,97.1,212,176,432,6.7,2.6,0.058,0.048,275,143,0.453,86.62,318,346,352,185,0.504,242,425,86.86,96.1,288,286,197,1.0,30,1.0,0.345,0.333,0.0,12.0,29.0,0.0,0.37,3.0,81,0.255,47.0,10.0,1.0,4.0,57,0.606,0.0,0.0,0.25,0.0,94,1.0,0.348,0.438,0.0,33.0,12.0,8.0,12.0,0.379,0.0,16.0,0.566,29.0,0.0,,0.0,0.0,,23.0,,11.0,60,ATL,48.0,0.0,106,7.0,0.25,0.364,Marquette,235,2,81.0,50,USA,1997,1999
201,Chris Dudley,Chris,1610612752,NYK,34.0,46,24,22,0.522,685.56,48,109,0.44,0,0,0.0,19,40,0.475,79,114,193,7,24,13,38,9,116,2,115,50,486.1,0,0,417.0,158,128,294,203,237,286,289,169,255,339,255,294,261,387,78,149,114,347,276,269,53,175,344,15,294,101,229,174,12,245,1,35,348,329,15.2,0.107,28,0.29,95.6,82,82,0.104,422,5.6,321,21,88.6,94.2,73.46,380,0.166,1248,88.6,7.4,406,0.017,18,88.15,15.2,421,0.053,2.4,94.2,251,82,406,4.4,1.0,0.146,0.124,305,28,0.44,88.15,402,387,329,48,0.454,321,406,87.69,88.2,347,345,336,5.6,1,0.0,0.0,0.0,0.0,11.0,0.0,0.0,0.25,0.0,4,0.44,25.0,0.0,0.0,0.0,36,0.45,0.0,0.0,0.0,0.0,80,0.0,0.0,0.0,0.0,3.0,1.0,0.0,8.0,0.0,,0.0,0.453,0.0,0.0,0.0,,0.0,0.0,0.0,0.0,0.0,39,NYK,20.0,,86,0.0,0.4,0.333,Yale,260,4,83.0,75,USA,1987,1999
423,Chris Gatling,Chris,1610612749,MIL,31.0,48,18,30,0.375,776.9833333333333,117,265,0.442,1,8,0.125,37,93,0.398,52,127,179,32,62,32,10,9,118,4,272,-48,598.8,2,0,568.0,114,201,399,315,217,181,185,165,215,219,244,229,156,400,127,124,124,234,144,164,191,175,347,1,199,329,210,102,12,207,2,98,217,349,15.5,0.223,197,0.52,97.0,278,68,0.217,107,-3.2,298,255,98.3,95.1,76.91,340,0.171,1494,98.3,-3.2,227,0.077,151,92.3,15.5,106,0.052,5.5,95.1,241,278,227,8.0,2.4,0.12,0.07,265,197,0.443,92.3,278,323,331,267,0.445,298,309,90.57,100.2,352,352,210,-3.2,36,1.0,0.0,0.0,1.0,24.0,3.0,1.0,0.346,2.0,104,0.375,64.0,0.0,2.0,4.0,56,0.629,0.0,0.0,0.25,0.5,89,0.0,0.364,0.0,1.0,46.0,12.0,4.0,23.0,0.356,0.0,3.0,0.579,45.0,0.0,0.0,0.0,0.0,0.0,11.0,0.0,16.0,62,MIL,52.0,0.0,107,0.0,0.442,0.261,Old Dominion,230,1,82.0,16,USA,1991,1999
12,Chris King,Chris,1610612762,UTA,29.0,8,6,2,0.75,40.928333333333335,2,7,0.286,0,0,0.0,0,4,0.0,1,10,11,1,4,2,1,1,8,0,4,-14,23.7,0,0,22.0,382,348,25,21,390,404,405,401,255,339,255,411,380,411,403,368,375,385,382,370,339,41,58,130,410,251,393,174,12,394,1,401,427,421,29.1,0.14,303,0.25,83.7,412,11,0.138,364,-18.5,415,244,101.3,82.7,78.67,381,0.217,81,101.3,-16.3,133,0.048,403,94.41,28.6,361,-0.032,0.9,82.7,404,412,133,7.1,0.3,0.0,0.0,420,303,0.286,94.41,351,336,412,405,0.228,415,94,94.46,100.0,430,430,419,-18.5,1,0.0,0.0,0.0,,1.0,0.0,0.0,0.333,0.0,3,0.5,2.0,0.0,0.0,0.0,0,0.0,,,0.0,0.0,2,0.0,0.0,0.0,,0.0,0.0,0.0,1.0,0.5,,0.0,0.0,2.0,,0.0,,,0.0,1.0,0.0,1.0,0,UTA,1.0,,3,0.0,1.0,0.0,Wake Forest,215,2,80.0,45,USA,1992,1999
168,Chris Mills,Chris,1610612744,GSW,29.0,47,19,28,0.404,1396.0816666666667,186,453,0.411,32,115,0.278,79,96,0.823,49,188,237,103,58,39,14,14,125,1,483,-91,1022.9,2,0,961.0,140,185,381,295,85,96,84,264,81,65,179,129,154,87,136,69,88,100,154,122,140,246,360,45,103,386,111,102,12,105,1,199,91,252,8.8,0.18,190,1.78,94.9,288,153,0.173,255,-3.7,317,216,98.0,94.2,76.96,90,0.131,2691,98.0,-4.4,222,0.13,252,92.35,8.9,264,0.098,9.6,94.2,233,288,222,15.8,4.0,0.082,0.034,317,190,0.446,92.35,165,151,153,294,0.488,317,249,91.46,99.3,54,52,105,-3.7,84,12.0,0.253,0.357,1.0,21.0,79.0,7.0,0.422,14.0,199,0.382,55.0,20.0,21.0,35.0,49,0.583,0.0,0.0,0.343,0.333,84,5.0,0.351,0.283,5.0,46.0,19.0,33.0,12.0,0.423,0.0,46.0,0.589,123.0,0.2,1.0,2.0,1.0,0.0,94.0,0.0,52.0,56,GSW,41.0,0.0,95,13.0,0.293,0.413,Arizona,216,1,79.0,22,USA,1993,1999
356,Chris Morris,Chris,1610612756,PHX,33.0,44,23,21,0.523,535.8416666666667,64,149,0.43,16,56,0.286,40,46,0.87,54,67,121,23,21,16,11,8,54,0,184,36,423.7,0,0,398.0,177,138,277,202,260,256,260,202,118,118,165,219,246,36,120,238,199,268,287,254,176,156,174,130,249,118,250,174,12,250,1,118,297,95,9.8,0.16,174,1.1,102.6,114,151,0.156,314,3.6,124,196,97.4,101.0,77.08,197,0.131,1032,97.4,3.9,218,0.073,63,92.49,9.8,314,0.1,3.4,101.0,129,114,218,10.7,1.5,0.114,0.099,94,174,0.483,92.49,289,249,148,107,0.544,124,276,91.08,98.8,92,90,294,3.6,4,6.0,0.278,0.364,0.0,3.0,36.0,2.0,0.286,11.0,14,0.3,10.0,10.0,9.0,20.0,41,0.594,0.0,0.0,0.3,0.222,69,4.0,0.27,0.3,0.0,4.0,2.0,10.0,3.0,0.167,0.0,20.0,0.568,6.0,0.0,1.0,1.0,0.0,0.0,37.0,0.0,1.0,42,PHX,6.0,0.0,74,6.0,0.5,0.5,Auburn,228,1,80.0,4,USA,1988,1999
904,Chris Mullin,Chris,1610612754,IND,35.0,50,33,17,0.66,1177.49,177,371,0.477,73,157,0.465,80,92,0.87,25,135,160,81,60,47,13,23,101,1,507,128,940.5,1,0,941.0,1,22,209,79,137,105,124,84,17,36,14,127,157,36,230,118,144,125,150,78,153,310,298,45,91,45,126,125,12,112,1,218,154,16,10.9,0.195,356,1.35,109.2,66,203,0.192,200,6.3,11,325,103.6,109.9,73.19,160,0.112,2151,103.6,6.2,417,0.112,310,87.83,10.9,193,0.108,7.4,109.9,17,66,417,14.7,3.5,0.071,0.024,14,356,0.575,87.83,192,171,113,68,0.616,11,391,88.37,102.9,148,142,134,6.3,56,27.0,0.441,0.515,0.0,9.0,102.0,10.0,0.427,33.0,131,0.36,25.0,45.0,21.0,54.0,40,0.678,0.0,0.0,0.5,0.476,59,17.0,0.449,0.478,0.0,35.0,16.0,48.0,4.0,0.438,0.0,69.0,0.661,80.0,0.0,0.0,1.0,0.0,0.0,107.0,0.0,35.0,41,IND,17.0,0.0,62,33.0,0.235,0.457,St. John's (NY),215,1,79.0,7,USA,1985,1999
185,Chris Webber,Chris,1610612758,SAC,26.0,42,22,20,0.524,1721.7083333333333,378,778,0.486,4,34,0.118,79,174,0.454,149,396,545,173,148,60,89,20,144,0,839,37,2051.5,36,1,1859.0,197,152,262,200,35,11,14,66,190,148,245,129,61,391,15,3,4,47,12,47,12,291,396,130,23,116,12,2,3,13,1,31,3,239,12.6,0.249,257,1.17,100.2,173,17,0.246,54,1.1,118,200,100.1,101.2,81.65,180,0.209,3513,100.1,1.3,60,0.171,109,97.98,12.6,53,0.14,18.5,101.2,118,173,60,14.7,9.0,0.148,0.083,159,257,0.488,97.98,125,170,32,162,0.491,118,25,99.08,98.9,243,238,3,1.1,95,0.0,0.118,0.0,0.0,98.0,34.0,0.0,0.336,0.0,283,0.469,209.0,4.0,0.0,0.0,181,0.718,0.0,0.0,0.0,0.0,252,0.0,0.24,0.143,0.0,103.0,34.0,6.0,81.0,0.335,0.0,21.0,0.702,167.0,0.0,0.0,0.0,0.0,0.0,25.0,0.0,56.0,198,SAC,180.0,0.0,282,3.0,0.45,0.33,Michigan,245,1,82.0,1,USA,1993,1999
43,Chris Whitney,Chris,1610612764,WAS,27.0,39,14,25,0.359,440.335,64,156,0.41,32,95,0.337,27,31,0.871,8,39,47,69,36,18,2,7,49,0,187,4,370.9,0,0,375.0,218,245,347,331,281,256,254,265,81,82,108,266,290,35,330,294,309,147,227,242,318,144,163,130,247,176,265,174,12,256,1,305,272,75,13.1,0.214,128,1.92,100.3,162,273,0.206,137,1.5,237,210,95.7,97.3,80.3,78,0.089,879,95.7,1.1,89,0.276,353,96.36,13.0,143,0.109,4.0,97.3,65,162,89,25.0,1.6,0.053,0.018,156,128,0.513,96.36,54,67,108,174,0.551,237,144,93.23,99.2,267,270,278,1.5,8,3.0,0.354,0.333,0.0,7.0,82.0,2.0,0.348,3.0,23,0.5,14.0,29.0,10.0,13.0,17,0.708,0.0,0.0,0.231,0.2,24,1.0,0.275,0.35,0.0,3.0,0.0,11.0,6.0,0.429,0.667,60.0,0.72,14.0,0.0,0.0,3.0,0.0,0.0,40.0,0.0,6.0,18,WAS,11.0,2.0,25,21.0,0.545,0.0,Clemson,175,2,72.0,47,USA,1993,1999
363,Christian Laettner,Christian,1610612765,DET,29.0,16,13,3,0.813,335.695,38,106,0.358,1,3,0.333,44,57,0.772,21,33,54,24,19,15,12,6,30,0,121,15,283.8,0,0,254.0,350,264,46,13,306,300,291,372,215,257,112,209,220,143,250,307,295,263,303,261,163,130,118,130,284,146,289,174,12,292,1,194,182,313,10.9,0.207,132,1.26,99.7,121,223,0.206,156,3.2,174,141,95.8,99.1,76.74,171,0.105,641,95.8,2.7,240,0.14,172,92.08,10.7,142,0.087,6.6,99.1,378,121,240,13.6,2.4,0.085,0.065,173,132,0.363,92.08,152,188,207,126,0.462,174,265,91.22,97.0,136,147,214,3.2,15,0.0,0.333,0.0,0.0,5.0,3.0,0.0,0.3,0.0,50,0.278,18.0,1.0,0.0,0.0,17,0.486,0.0,0.0,0.0,0.0,35,0.0,0.25,0.333,0.0,20.0,6.0,1.0,5.0,0.269,0.0,3.0,0.486,26.0,0.0,0.0,0.0,0.0,0.0,4.0,0.0,7.0,18,DET,16.0,0.0,37,1.0,0.313,0.3,Duke,245,1,83.0,3,USA,1992,1999
456,Chuck Person,Chuck,1610612766,CHH,35.0,50,26,24,0.52,992.0033333333333,112,289,0.388,55,157,0.35,24,32,0.75,17,115,132,60,41,20,8,8,90,1,303,-15,594.4,0,0,606.0,1,106,337,207,178,188,171,313,41,36,99,274,283,170,280,143,187,166,211,230,216,156,262,45,185,256,211,174,12,196,1,232,208,215,10.1,0.163,239,1.46,98.8,223,199,0.16,307,-0.9,186,256,99.6,98.7,76.31,141,0.114,1894,99.6,-1.3,263,0.107,342,91.57,10.1,308,0.067,5.8,98.7,132,223,263,14.9,2.2,0.068,0.019,200,239,0.483,91.57,206,168,291,220,0.5,186,263,91.27,100.2,114,110,224,-0.9,29,26.0,0.279,0.68,1.0,3.0,104.0,9.0,0.345,25.0,84,0.25,12.0,29.0,27.0,52.0,25,0.694,0.0,0.0,0.5,0.333,36,17.0,0.405,0.288,1.0,20.0,4.0,45.0,3.0,0.381,0.2,59.0,0.667,42.0,0.0,2.0,5.0,0.0,0.0,111.0,0.0,16.0,26,CHH,10.0,1.0,39,17.0,0.3,0.2,Auburn,235,1,80.0,4,USA,1986,1999
359,Chucky Brown,Chucky,1610612766,CHH,31.0,48,25,23,0.521,1193.8383333333334,176,373,0.472,15,40,0.375,40,59,0.678,36,138,174,57,38,16,19,8,106,1,407,-3,768.3,0,0,723.0,114,113,315,204,128,107,122,96,124,137,73,219,217,280,165,112,127,173,219,254,104,156,311,45,141,211,167,174,12,172,1,206,142,182,7.7,0.175,256,1.5,100.6,194,188,0.17,277,0.0,149,225,100.0,100.0,77.15,131,0.117,2301,100.0,1.2,208,0.086,258,92.58,7.7,277,0.076,7.8,100.0,112,194,208,11.6,3.7,0.077,0.033,146,256,0.492,92.58,257,232,257,168,0.51,149,177,92.57,99.5,38,36,126,0.0,106,1.0,0.412,0.333,0.0,8.0,34.0,0.0,0.433,3.0,245,0.32,25.0,14.0,3.0,6.0,47,0.746,0.0,0.0,0.167,0.0,63,1.0,0.385,0.333,1.0,55.0,25.0,25.0,10.0,0.42,0.0,15.0,0.727,150.0,0.0,0.0,0.0,0.0,0.0,65.0,0.0,63.0,48,CHH,21.0,0.0,66,5.0,0.476,0.455,North Carolina State,215,2,80.0,43,USA,1989,1999
221,Clar. Weatherspoon,Clar.,1610612748,MIA,28.0,49,33,16,0.673,1039.8383333333334,141,264,0.534,0,0,0.0,115,143,0.804,72,171,243,34,61,28,17,27,107,0,397,47,813.6,1,0,764.0,84,22,192,67,169,151,186,26,255,339,255,75,94,113,88,81,84,227,146,184,117,345,313,130,148,105,159,125,12,159,1,75,222,18,14.5,0.19,137,0.56,100.1,123,72,0.186,218,3.2,172,151,96.0,99.1,71.95,333,0.169,1864,96.0,2.6,435,0.065,115,86.34,14.4,218,0.131,5.4,99.1,40,123,435,8.0,2.9,0.128,0.081,163,137,0.534,86.34,308,321,50,128,0.607,172,432,85.28,97.4,321,322,181,3.2,36,0.0,0.0,0.0,0.0,26.0,0.0,0.0,0.48,0.0,75,0.388,67.0,0.0,0.0,0.0,79,0.648,0.0,0.0,0.0,0.0,122,0.0,0.667,0.0,0.0,49.0,21.0,2.0,19.0,0.548,0.0,0.0,0.631,31.0,0.0,0.0,0.0,0.0,0.0,3.0,0.0,17.0,82,MIA,51.0,0.0,130,0.0,0.373,0.429,Southern Mississippi,265,1,79.0,9,USA,1992,1999
361,Clifford Robinson,Clifford,1610612756,PHX,32.0,50,27,23,0.54,1740.6533333333334,299,629,0.475,58,139,0.417,163,234,0.697,68,158,226,128,88,75,59,34,152,2,819,166,1596.2,1,0,1499.0,1,87,315,180,34,30,37,91,36,53,27,38,32,258,94,89,93,68,74,28,24,381,408,15,27,35,31,125,12,32,1,241,50,59,9.3,0.218,227,1.45,104.8,95,261,0.215,119,4.8,55,183,99.3,104.1,77.32,144,0.093,3367,99.3,6.2,197,0.128,230,92.78,9.3,108,0.108,12.6,104.1,50,95,197,13.5,6.0,0.067,0.041,44,227,0.521,92.78,170,190,112,69,0.559,55,163,92.81,98.6,64,64,37,4.8,67,10.0,0.407,0.455,0.0,57.0,118.0,5.0,0.394,11.0,170,0.41,139.0,48.0,10.0,21.0,117,0.646,0.0,0.0,0.476,0.5,181,5.0,0.388,0.453,1.0,79.0,28.0,40.0,37.0,0.466,0.0,53.0,0.626,88.0,0.0,0.0,0.0,0.0,0.0,103.0,0.0,41.0,129,PHX,99.0,0.0,206,24.0,0.374,0.354,Connecticut,225,2,82.0,36,USA,1989,1999
1133,Corey Beck,Corey,1610612766,CHH,28.0,24,18,6,0.75,179.12666666666667,18,39,0.462,1,1,1.0,8,15,0.533,6,22,28,20,13,9,2,2,26,0,45,10,128.6,0,0,116.0,315,201,73,21,346,342,350,115,215,288,1,341,337,361,348,331,339,283,328,297,318,62,109,130,346,156,340,174,12,342,2,190,388,234,16.5,0.159,324,1.54,108.8,153,161,0.152,317,2.1,54,344,102.1,104.1,75.14,128,0.128,338,102.1,4.9,335,0.183,237,90.17,16.5,321,0.06,1.6,104.1,159,153,335,25.3,0.8,0.085,0.038,17,324,0.474,90.17,113,66,316,84,0.493,54,413,87.43,103.9,369,369,368,2.1,9,0.0,1.0,0.0,,2.0,1.0,0.0,0.375,0.0,24,0.4,5.0,1.0,0.0,0.0,6,0.667,,,0.0,0.0,9,0.0,0.667,0.0,0.0,6.0,3.0,2.0,2.0,0.357,0.0,0.0,0.667,14.0,0.0,,0.0,0.0,,3.0,,5.0,6,CHH,7.0,0.0,9,0.0,0.286,0.5,Arkansas,200,Undrafted,75.0,Undrafted,USA,Undrafted,1999
1736,Corey Benjamin,Corey,1610612741,CHI,21.0,31,8,23,0.258,318.055,44,117,0.376,3,14,0.214,27,40,0.675,15,25,40,10,21,11,8,11,46,0,118,-110,217.0,0,0,209.0,280,321,315,378,310,290,285,336,197,196,211,266,261,281,290,325,322,333,287,286,216,208,156,130,289,395,313,174,12,310,1,250,286,356,12.7,0.227,292,0.48,85.7,407,301,0.221,97,-16.5,410,306,101.0,84.4,78.79,352,0.083,623,101.0,-16.4,128,0.065,206,94.55,12.6,95,0.026,3.8,84.4,360,407,128,6.0,1.4,0.066,0.049,414,292,0.389,94.55,309,365,380,406,0.438,410,134,93.38,102.0,240,244,296,-16.5,15,1.0,0.154,1.0,,2.0,13.0,0.0,0.306,1.0,49,0.182,11.0,2.0,0.0,1.0,24,0.558,,,1.0,0.0,43,1.0,0.25,0.2,2.0,13.0,8.0,3.0,1.0,0.241,0.0,5.0,0.533,29.0,0.0,1.0,0.0,0.0,0.0,12.0,0.0,7.0,24,CHI,10.0,0.0,45,1.0,0.1,0.615,Oregon State,200,1,78.0,28,USA,1998,1999
916,Corie Blount,Corie,1610612739,CLE,30.0,34,20,14,0.588,531.0316666666666,36,100,0.36,0,1,0.0,28,54,0.519,58,93,151,12,21,19,16,11,74,0,100,37,383.2,1,0,333.0,265,173,160,134,261,303,294,368,255,288,255,259,226,363,113,185,153,322,287,238,124,208,221,130,302,116,260,125,12,267,2,44,319,382,13.4,0.126,44,0.57,96.4,101,56,0.124,396,4.3,289,65,91.3,95.6,76.27,330,0.174,1009,91.3,2.8,265,0.037,39,91.52,13.3,396,0.056,2.9,95.6,379,101,265,7.6,1.1,0.143,0.111,280,44,0.36,91.52,377,329,322,122,0.404,289,338,90.02,93.6,280,283,333,4.3,5,0.0,0.0,0.0,0.0,4.0,1.0,0.0,0.278,0.0,18,0.333,12.0,0.0,0.0,0.0,27,0.391,0.0,0.0,0.0,0.0,69,0.0,0.0,0.0,0.0,8.0,2.0,0.0,5.0,0.111,0.0,1.0,0.389,9.0,0.0,0.0,0.0,0.0,0.0,0.0,0.0,1.0,28,CLE,10.0,0.0,72,0.0,0.5,0.25,Cincinnati,242,1,82.0,25,USA,1993,1999
722,Corliss Williamson,Corliss,1610612758,SAC,25.0,50,27,23,0.54,1375.4633333333334,269,555,0.485,1,5,0.2,120,188,0.638,85,121,206,66,75,30,8,50,118,0,659,-64,1044.2,0,0,1008.0,1,87,315,180,91,38,54,69,215,236,217,72,53,311,71,136,106,153,105,170,216,425,347,130,53,352,104,174,12,96,1,236,69,167,9.6,0.216,295,0.88,98.5,255,322,0.214,128,-2.1,177,241,101.1,99.0,83.26,253,0.078,2861,101.1,-1.5,38,0.076,184,99.91,9.6,112,0.079,11.1,99.0,124,255,38,8.5,5.4,0.068,0.058,209,295,0.486,99.91,279,309,247,229,0.517,177,21,100.72,100.0,83,84,50,-2.1,35,1.0,0.0,0.5,1.0,84.0,2.0,0.0,0.285,2.0,123,0.435,193.0,0.0,0.0,2.0,149,0.637,0.0,0.0,0.5,0.0,234,1.0,0.222,0.0,1.0,59.0,17.0,2.0,70.0,0.328,0.0,1.0,0.608,58.0,0.0,0.0,0.0,0.0,0.0,9.0,0.0,19.0,161,SAC,162.0,0.0,265,0.0,0.432,0.288,Arkansas,245,1,79.0,13,USA,1995,1999
724,Cory Alexander,Cory,1610612743,DEN,26.0,36,9,27,0.25,773.575,97,260,0.373,30,105,0.286,37,44,0.841,7,67,74,119,69,35,5,14,77,0,261,-9,579.3,1,0,564.0,246,304,367,381,219,204,189,342,88,72,165,229,253,60,336,238,272,77,123,144,264,246,231,130,204,229,214,125,12,209,1,336,165,301,14.8,0.2,240,1.72,98.8,214,272,0.196,182,-0.5,173,240,99.7,99.1,77.95,101,0.089,1507,99.7,-1.1,169,0.275,392,93.54,14.7,178,0.078,7.2,99.1,279,214,169,25.4,2.7,0.047,0.009,203,240,0.431,93.54,55,65,250,215,0.467,173,125,93.57,99.9,335,334,194,-0.5,36,5.0,0.272,0.333,0.0,16.0,92.0,3.0,0.379,6.0,95,0.593,27.0,25.0,6.0,12.0,15,0.441,0.0,0.0,0.417,0.5,34,2.0,0.339,0.279,1.0,22.0,8.0,19.0,15.0,0.353,0.0,68.0,0.415,51.0,0.0,1.0,0.0,0.0,1.0,56.0,1.0,18.0,17,DEN,20.0,0.0,41,19.0,0.75,0.364,Virginia,190,1,73.0,29,USA,1995,1999
1757,Cory Carr,Cory,1610612741,CHI,23.0,42,9,33,0.214,620.88,71,216,0.329,5,30,0.167,24,32,0.75,8,41,49,66,46,21,7,19,66,0,171,-151,366.8,0,0,347.0,197,304,416,389,244,245,212,387,180,156,229,274,283,170,330,286,307,153,194,224,232,281,205,130,256,412,266,174,12,265,1,361,226,396,13.4,0.21,217,1.43,86.0,392,346,0.206,150,-12.4,400,243,99.0,86.6,76.76,146,0.072,1190,99.0,-14.0,236,0.206,377,92.11,13.4,140,0.025,5.1,86.6,389,392,236,19.2,1.7,0.041,0.013,413,217,0.34,92.11,89,117,381,397,0.372,400,219,91.97,100.0,289,289,274,-12.4,30,0.0,0.179,0.0,0.0,12.0,28.0,0.0,0.286,2.0,105,0.387,31.0,5.0,0.0,2.0,24,0.48,0.0,0.0,0.0,0.0,50,0.0,0.333,0.167,2.0,36.0,13.0,13.0,9.0,0.191,0.0,12.0,0.472,47.0,0.0,1.0,0.0,0.0,0.0,39.0,0.0,9.0,25,CHI,26.0,0.0,53,2.0,0.346,0.361,Texas Tech,210,2,76.0,49,USA,1998,1999
1749,Cuttino Mobley,Cuttino,1610612745,HOU,23.0,49,31,18,0.633,1456.53,172,405,0.425,53,148,0.358,90,110,0.818,22,89,111,121,79,44,23,26,98,0,487,99,923.7,0,0,906.0,84,50,231,102,76,111,107,218,43,41,94,104,129,93,248,193,210,74,97,96,88,337,287,130,100,59,130,174,12,120,1,370,122,109,12.1,0.174,273,1.53,104.2,120,377,0.168,280,3.3,59,265,100.6,103.9,75.81,130,0.059,2764,100.6,3.7,298,0.137,356,90.97,12.2,287,0.071,8.3,103.9,115,120,298,18.7,3.5,0.04,0.017,52,273,0.49,90.97,156,121,275,109,0.537,59,294,90.86,100.6,218,209,137,3.3,46,2.0,0.376,0.143,1.0,8.0,133.0,1.0,0.411,7.0,112,0.235,34.0,50.0,7.0,14.0,65,0.586,1.0,1.0,0.143,0.143,111,1.0,0.398,0.293,2.0,35.0,11.0,53.0,8.0,0.429,0.0,41.0,0.574,49.0,0.5,0.0,0.0,1.0,0.0,133.0,0.0,21.0,66,HOU,30.0,0.0,115,12.0,0.267,0.314,Rhode Island,190,2,76.0,41,USA,1998,1999
905,Dale Davis,Dale,1610612754,IND,30.0,50,33,17,0.66,1375.1416666666667,161,302,0.533,0,0,0.0,76,123,0.618,155,261,416,22,43,20,57,29,115,0,398,148,1118.2,6,0,990.0,1,22,209,79,92,133,162,27,255,339,255,136,111,322,13,23,16,276,207,230,27,357,339,130,147,39,88,58,12,97,1,22,200,62,10.2,0.138,325,0.51,108.5,65,43,0.136,373,6.3,16,299,102.1,108.4,74.77,341,0.182,2564,102.1,6.8,352,0.025,21,89.72,10.2,365,0.103,6.0,108.4,41,65,352,5.2,3.2,0.154,0.123,18,325,0.533,89.72,392,375,133,57,0.559,16,343,89.86,101.7,117,115,157,6.3,13,0.0,0.0,0.0,0.0,16.0,0.0,0.0,0.302,0.0,43,0.291,55.0,0.0,0.0,0.0,132,0.647,0.0,0.0,0.0,0.0,204,0.0,0.0,0.0,0.0,32.0,10.0,0.0,16.0,0.25,0.0,0.0,0.606,4.0,0.0,0.0,0.0,0.0,0.0,0.0,0.0,1.0,134,IND,45.0,0.0,221,0.0,0.356,0.313,Clemson,230,1,83.0,13,USA,1991,1999
107,Dale Ellis,Dale,1610612760,SEA,38.0,48,23,25,0.479,1233.8333333333333,174,395,0.441,94,217,0.433,53,70,0.757,25,90,115,38,45,25,3,12,77,1,495,26,729.0,0,0,798.0,114,138,347,254,120,108,112,168,6,15,22,187,202,156,230,191,206,217,197,203,291,223,231,45,97,129,180,174,12,148,1,335,125,30,8.8,0.175,360,0.84,104.3,201,338,0.17,275,-0.1,63,363,103.8,103.7,76.66,263,0.074,2378,103.8,-0.7,244,0.055,329,91.99,8.8,275,0.083,8.2,103.7,23,201,244,7.5,3.6,0.047,0.021,51,360,0.559,91.99,332,333,235,207,0.581,63,268,91.17,105.0,52,53,128,-0.1,46,30.0,0.441,0.409,0.0,3.0,145.0,12.0,0.38,44.0,121,0.333,9.0,64.0,27.0,71.0,31,0.633,0.0,0.0,0.423,0.444,49,18.0,0.435,0.438,0.0,12.0,6.0,60.0,3.0,0.354,0.0,105.0,0.596,79.0,0.0,0.0,0.0,0.0,0.0,138.0,0.0,28.0,31,SEA,9.0,0.0,52,46.0,0.333,0.5,Tennessee,205,1,79.0,9,USA,1983,1999
1800,Damon Jones,Damon,1610612738,BOS,22.0,24,7,17,0.292,344.34833333333336,43,119,0.361,25,62,0.403,14,17,0.824,6,38,44,42,17,13,0,6,23,0,125,-4,262.8,0,0,262.0,315,333,209,358,304,292,284,364,97,110,36,316,330,80,348,296,314,208,310,269,376,130,99,130,283,215,295,174,12,288,2,268,234,232,9.2,0.183,70,2.47,93.8,212,215,0.179,243,-0.4,340,137,93.3,92.9,81.6,33,0.109,702,93.3,-3.1,61,0.209,361,97.92,9.1,247,0.111,5.0,92.9,180,212,61,22.6,1.8,0.06,0.016,333,70,0.466,97.92,85,89,101,265,0.494,340,64,95.58,96.9,60,60,264,-0.4,10,6.0,0.396,0.5,0.0,1.0,48.0,1.0,0.345,10.0,29,0.167,6.0,19.0,4.0,14.0,7,0.318,0.0,0.0,0.429,0.25,22,5.0,0.511,0.217,1.0,4.0,1.0,23.0,0.0,0.278,1.0,23.0,0.333,18.0,0.0,0.0,1.0,0.0,0.0,45.0,0.0,5.0,8,BOS,3.0,1.0,24,5.0,0.0,0.25,Houston,185,Undrafted,75.0,Undrafted,USA,Undrafted,1999
757,Damon Stoudamire,Damon,1610612757,POR,25.0,50,35,15,0.7,1674.525,249,629,0.396,44,142,0.31,89,122,0.73,41,126,167,312,110,49,4,40,81,0,631,86,1348.4,0,0,1260.0,1,13,172,50,40,50,37,298,59,48,136,107,112,202,153,129,135,13,43,71,277,402,243,130,58,72,54,174,12,55,1,322,50,311,10.0,0.215,220,2.84,100.4,146,335,0.21,133,2.3,114,179,99.1,101.4,76.4,18,0.075,3205,99.1,1.9,256,0.322,301,91.68,10.0,130,0.107,12.6,101.4,278,146,256,28.3,5.0,0.05,0.025,151,220,0.431,91.68,29,46,120,150,0.462,114,191,92.39,98.5,95,93,64,2.3,96,3.0,0.318,0.5,1.0,34.0,129.0,1.0,0.381,4.0,252,0.37,92.0,41.0,7.0,11.0,75,0.521,0.0,0.0,0.273,0.143,144,2.0,0.406,0.234,4.0,57.0,21.0,84.0,20.0,0.351,0.0,47.0,0.51,97.0,0.0,0.0,0.0,0.0,0.0,207.0,0.0,34.0,79,POR,62.0,0.0,155,11.0,0.323,0.368,Arizona,171,1,70.0,7,USA,1995,1999
105,Dan Majerle,Dan,1610612748,MIA,33.0,48,32,16,0.667,1625.0233333333333,118,298,0.396,68,203,0.335,33,46,0.717,21,187,208,150,55,38,7,8,100,1,337,230,891.6,0,0,853.0,114,42,192,73,50,179,164,297,25,19,111,246,246,220,250,70,104,55,165,128,232,156,294,45,172,16,136,174,12,135,1,235,196,127,10.5,0.113,150,2.73,103.8,59,191,0.111,411,7.2,69,98,96.3,103.5,72.87,22,0.116,2969,96.3,8.2,422,0.151,368,87.45,10.5,412,0.084,6.2,103.5,71,59,422,28.6,2.5,0.068,0.015,61,150,0.51,87.45,143,45,227,46,0.529,69,407,87.65,95.6,125,127,208,7.2,11,20.0,0.336,0.292,0.0,4.0,137.0,13.0,0.407,24.0,27,0.4,10.0,46.0,40.0,64.0,37,0.617,0.0,0.0,0.313,0.325,60,7.0,0.354,0.302,0.0,8.0,4.0,45.0,2.0,0.444,0.0,86.0,0.597,9.0,0.0,0.0,1.0,0.0,0.0,127.0,0.0,4.0,37,MIA,5.0,0.0,62,26.0,0.4,0.5,Central Michigan,220,1,78.0,14,USA,1988,1999
7,Dan Schayes,Dan,1610612753,ORL,40.0,19,11,8,0.579,143.81833333333333,11,29,0.379,0,0,0.0,6,8,0.75,3,11,14,4,8,1,2,2,23,0,28,23,51.8,0,0,52.0,337,279,85,145,355,361,363,324,255,339,255,357,362,170,371,364,368,358,362,385,318,62,99,130,365,136,373,174,12,371,1,317,396,363,18.0,0.131,61,0.5,98.4,63,310,0.126,387,6.5,167,33,92.7,99.3,73.43,343,0.081,267,92.7,7.2,407,0.044,324,88.11,18.2,390,-0.013,1.5,99.3,369,63,407,9.1,0.6,0.051,0.022,211,61,0.379,88.11,360,291,408,50,0.431,167,363,89.26,91.1,386,383,383,6.5,7,0.0,0.0,0.0,0.0,1.0,0.0,0.0,0.35,0.0,20,0.5,2.0,0.0,0.0,0.0,3,0.429,0.0,0.0,0.0,0.0,7,0.0,0.0,0.0,0.0,1.0,1.0,0.0,0.0,0.353,,0.0,0.444,17.0,0.0,,,0.0,,1.0,,6.0,4,ORL,1.0,,9,0.0,0.0,1.0,Syracuse,260,1,83.0,13,USA,1981,1999
344,Dana Barros,Dana,1610612738,BOS,32.0,50,19,31,0.38,1157.14,168,371,0.453,64,160,0.4,64,73,0.877,16,89,105,208,88,52,5,10,64,0,464,24,985.0,2,0,955.0,1,185,404,309,140,121,124,135,31,34,38,165,198,33,283,193,217,30,74,62,264,188,199,130,110,133,119,102,12,109,1,344,154,38,12.6,0.192,179,2.36,98.9,190,318,0.187,211,0.4,203,186,97.6,98.0,78.59,41,0.078,2281,97.6,0.3,137,0.3,374,94.31,12.6,213,0.135,7.4,98.0,35,190,137,29.7,3.4,0.045,0.014,193,179,0.539,94.31,45,36,42,190,0.576,203,133,93.41,98.6,239,237,151,0.4,56,7.0,0.393,0.25,0.0,7.0,145.0,5.0,0.479,8.0,117,0.368,19.0,57.0,7.0,15.0,41,0.547,0.0,0.0,0.467,0.714,75,2.0,0.508,0.408,0.0,22.0,6.0,63.0,4.0,0.383,0.0,76.0,0.526,60.0,0.0,1.0,0.0,0.0,0.0,124.0,0.0,23.0,41,BOS,10.0,0.0,78,31.0,0.4,0.273,Boston College,163,1,71.0,16,USA,1989,1999
198,Danny Ferry,Danny,1610612739,CLE,32.0,50,22,28,0.44,1053.6566666666668,141,296,0.476,38,97,0.392,29,33,0.879,16,86,102,53,39,23,10,5,113,2,349,-21,610.9,0,0,608.0,1,152,381,272,165,151,167,89,66,77,53,256,281,32,283,206,221,184,216,211,191,118,331,15,166,275,206,174,12,195,1,296,204,57,9.7,0.169,176,1.36,97.4,222,271,0.163,295,-0.9,263,173,97.6,96.7,73.15,157,0.089,1925,97.6,-1.0,418,0.101,344,87.79,9.8,299,0.077,5.9,96.7,34,222,418,13.3,2.8,0.055,0.018,245,176,0.541,87.79,217,193,253,210,0.562,263,422,87.08,98.4,89,86,183,-0.9,83,15.0,0.369,0.429,0.0,17.0,65.0,12.0,0.494,7.0,168,0.708,24.0,24.0,26.0,33.0,2,0.333,0.0,0.0,0.455,0.462,6,3.0,0.518,0.263,0.0,39.0,19.0,44.0,14.0,0.5,0.0,38.0,0.375,102.0,0.0,0.0,0.0,0.0,0.0,85.0,0.0,51.0,3,CLE,24.0,0.0,8,10.0,0.583,0.487,Duke,235,1,82.0,2,USA,1989,1999
1504,Danny Fortson,Danny,1610612743,DEN,23.0,50,14,36,0.28,1421.7066666666667,191,386,0.495,0,3,0.0,168,231,0.727,210,371,581,32,77,31,22,64,212,2,550,-192,1377.2,24,0,1269.0,1,245,421,367,80,88,116,58,255,257,255,35,33,204,1,5,2,234,100,168,93,434,440,15,80,419,52,11,12,54,1,2,145,55,12.9,0.179,414,0.42,101.7,331,2,0.178,258,-6.8,99,406,108.9,102.1,76.68,363,0.277,2722,108.9,-7.1,242,0.038,9,92.02,12.8,250,0.119,7.7,102.1,104,331,242,5.3,3.8,0.208,0.145,119,414,0.495,92.02,374,373,77,328,0.564,99,202,92.22,108.8,254,258,109,-6.8,17,0.0,0.0,0.0,1.0,33.0,2.0,0.0,0.283,0.0,60,0.465,71.0,0.0,0.0,0.0,141,0.56,0.0,0.0,0.0,0.0,252,0.0,0.0,0.0,1.0,28.0,11.0,0.0,22.0,0.281,0.0,1.0,0.56,32.0,0.0,,1.0,0.0,,0.0,,9.0,149,DEN,57.0,0.0,266,0.0,0.386,0.393,Cincinnati,260,1,79.0,10,USA,1997,1999
330,Danny Manning,Danny,1610612756,PHX,33.0,50,27,23,0.54,1184.4866666666667,187,386,0.484,1,9,0.111,78,112,0.696,62,157,219,113,69,36,38,13,129,0,453,52,1038.3,1,0,934.0,1,87,315,180,131,92,116,70,215,216,247,133,126,259,105,92,97,88,123,138,53,235,371,130,122,95,106,125,12,115,1,154,145,156,11.2,0.2,249,1.64,103.2,145,140,0.197,176,2.3,94,219,100.0,102.3,76.34,112,0.135,2260,100.0,3.9,261,0.168,187,91.6,11.1,171,0.106,7.7,102.3,123,145,261,18.2,3.7,0.097,0.057,82,249,0.486,91.6,131,131,127,106,0.52,94,242,91.53,99.3,166,166,120,2.3,77,0.0,0.143,0.0,1.0,39.0,7.0,0.0,0.421,1.0,183,0.47,83.0,1.0,0.0,1.0,70,0.631,0.0,0.0,0.0,0.0,111,0.0,0.391,0.0,1.0,63.0,30.0,9.0,31.0,0.373,0.0,3.0,0.632,102.0,0.0,0.0,0.0,0.0,0.0,23.0,0.0,38.0,79,PHX,69.0,0.0,125,0.0,0.449,0.476,Kansas,244,1,82.0,1,USA,1988,1999
353,Darrell Armstrong,Darrell,1610612753,ORL,31.0,50,33,17,0.66,1503.51,230,522,0.441,69,189,0.365,161,178,0.904,53,127,180,335,158,108,4,28,90,0,690,191,1586.5,7,0,1498.0,1,22,209,79,71,61,61,167,22,23,84,40,57,22,125,124,122,10,7,8,277,353,262,130,45,30,33,51,12,33,1,267,81,40,14.5,0.225,109,2.12,99.6,78,279,0.217,101,5.7,128,85,95.2,100.9,76.34,56,0.088,2883,95.2,4.7,260,0.401,249,91.61,14.6,105,0.171,10.4,100.9,77,78,260,31.0,4.6,0.06,0.034,176,109,0.507,91.61,11,32,10,91,0.575,128,192,92.33,94.9,331,320,77,5.7,63,9.0,0.373,0.333,3.0,18.0,161.0,4.0,0.396,15.0,159,0.45,40.0,60.0,10.0,25.0,80,0.597,0.0,0.0,0.36,0.4,134,5.0,0.358,0.403,8.0,43.0,21.0,49.0,12.0,0.418,0.0,67.0,0.588,98.0,0.0,2.0,1.0,0.0,0.0,137.0,0.0,41.0,80,ORL,30.0,0.0,136,27.0,0.4,0.488,Fayetteville State,180,Undrafted,73.0,Undrafted,USA,Undrafted,1999
239,Darrick Martin,Darrick,1610612746,LAC,28.0,37,6,31,0.162,942.45,102,278,0.367,31,106,0.292,61,76,0.803,5,43,48,144,67,43,4,12,82,0,296,-197,643.6,2,0,613.0,238,348,404,407,187,197,175,351,85,70,158,173,192,114,357,283,308,61,129,103,277,223,246,130,188,420,201,102,12,194,1,397,149,286,12.8,0.184,408,2.15,96.0,380,389,0.179,242,-11.4,270,395,107.7,96.3,77.33,54,0.05,1827,107.7,-11.2,196,0.257,400,92.8,12.9,246,0.068,7.5,96.3,308,380,196,27.8,2.8,0.027,0.005,294,408,0.423,92.8,60,49,290,377,0.475,270,148,93.15,107.2,260,252,190,-11.4,13,4.0,0.274,1.0,1.0,5.0,95.0,2.0,0.325,2.0,40,0.172,29.0,26.0,7.0,9.0,54,0.519,0.0,0.0,0.444,0.286,104,2.0,0.349,0.293,1.0,4.0,0.0,15.0,4.0,0.261,0.0,75.0,0.509,23.0,0.0,0.0,1.0,0.0,0.0,43.0,0.0,6.0,55,LAC,23.0,0.0,108,22.0,0.174,0.0,UCLA,170,Undrafted,71.0,Undrafted,USA,Undrafted,1999
764,David Robinson,David,1610612759,SAS,33.0,49,36,13,0.735,1552.755,268,527,0.509,0,1,0.0,239,363,0.658,148,344,492,103,108,69,119,26,143,2,775,331,1975.9,23,0,1746.0,84,8,134,35,62,40,59,41,255,288,255,12,8,296,16,10,10,100,47,32,8,337,393,15,33,5,14,12,12,15,1,18,76,52,12.0,0.24,46,0.95,102.2,21,20,0.239,70,12.0,73,30,91.5,103.4,75.08,238,0.207,2905,91.5,11.2,339,0.12,57,90.1,11.9,59,0.179,10.8,103.4,74,21,339,11.4,5.5,0.157,0.101,106,46,0.509,90.1,177,234,8,22,0.564,73,293,90.87,91.0,199,205,48,12.0,84,0.0,0.0,0.0,0.0,13.0,1.0,0.0,0.38,0.0,221,0.228,57.0,0.0,0.0,0.0,171,0.69,0.0,0.0,0.0,0.0,248,0.0,0.0,0.0,0.0,91.0,36.0,0.0,10.0,0.366,0.0,1.0,0.678,123.0,0.0,,0.0,0.0,,0.0,,45.0,177,SAS,51.0,0.0,261,0.0,0.196,0.396,Navy,250,1,85.0,1,USA,1987,1999
710,David Vaughn,David,1610612751,NJN,26.0,11,4,7,0.364,104.40333333333334,14,25,0.56,0,0,0.0,10,12,0.833,13,21,34,1,11,2,8,1,22,0,38,-1,99.3,0,0,93.0,373,370,81,323,365,351,366,17,255,339,255,333,349,68,303,333,330,385,343,370,216,41,93,130,354,194,355,174,12,355,1,24,354,13,26.0,0.178,170,0.09,103.5,198,64,0.169,264,0.0,238,282,97.3,97.2,83.71,401,0.172,218,97.3,2.5,31,0.015,12,100.46,25.6,282,0.084,2.3,97.2,22,198,31,2.3,1.3,0.153,0.13,70,170,0.56,100.46,403,404,225,130,0.627,238,66,95.53,101.1,422,423,312,0.0,2,0.0,0.0,0.0,0.0,1.0,0.0,0.0,0.4,0.0,5,0.333,3.0,0.0,0.0,0.0,11,0.647,0.0,0.0,0.0,0.0,17,0.0,0.0,0.0,0.0,1.0,0.0,0.0,2.0,0.333,0.0,0.0,0.611,3.0,0.0,0.0,0.0,0.0,0.0,1.0,0.0,1.0,11,NJN,2.0,0.0,18,0.0,1.0,0.0,Memphis,240,1,81.0,25,USA,1995,1999
133,David Wesley,David,1610612766,CHH,28.0,50,26,24,0.52,1843.52,243,545,0.446,61,170,0.359,159,191,0.832,23,138,161,322,142,100,10,18,130,0,706,50,1570.2,9,0,1470.0,1,106,337,207,15,54,57,151,33,29,92,41,50,74,242,112,142,12,16,10,191,276,372,130,42,101,35,43,12,37,1,342,74,58,13.0,0.198,213,2.27,100.8,156,336,0.194,189,2.0,130,185,98.9,100.9,76.91,49,0.075,3534,98.9,2.2,228,0.312,373,92.29,13.0,182,0.118,10.9,100.9,84,156,228,29.5,4.9,0.046,0.014,140,213,0.502,92.29,34,37,81,140,0.561,130,187,92.44,98.6,266,263,71,2.0,89,8.0,0.356,0.556,1.0,13.0,149.0,3.0,0.436,9.0,204,0.361,36.0,53.0,12.0,21.0,80,0.597,0.0,0.0,0.381,0.25,134,5.0,0.413,0.405,1.0,37.0,18.0,66.0,4.0,0.361,0.0,74.0,0.587,122.0,0.0,0.0,0.0,0.0,0.0,160.0,0.0,44.0,81,CHH,13.0,0.0,138,30.0,0.308,0.486,Baylor,202,Undrafted,73.0,Undrafted,USA,Undrafted,1999
766,David Wingate,David,1610612752,NYK,35.0,20,14,6,0.7,89.57333333333334,7,16,0.438,0,0,0.0,0,0,0.0,3,5,8,5,6,4,0,0,10,0,14,16,37.1,0,0,35.0,333,245,73,50,370,371,383,176,255,339,255,411,415,411,371,382,384,352,371,346,376,1,64,130,381,144,383,174,12,383,1,332,428,357,22.2,0.11,20,0.83,102.2,22,371,0.104,416,11.7,243,17,85.4,97.1,78.37,264,0.063,173,85.4,14.4,147,0.086,250,94.05,22.2,420,0.021,0.8,97.1,260,22,147,18.5,0.4,0.048,0.034,109,20,0.438,94.05,255,126,386,15,0.438,243,315,90.49,87.7,411,411,411,11.7,1,0.0,0.0,0.0,,2.0,0.0,0.0,0.167,0.0,6,0.5,4.0,0.0,0.0,0.0,4,0.667,,,0.0,0.0,6,0.0,0.0,0.0,0.0,3.0,1.0,0.0,1.0,0.25,,0.0,0.667,4.0,0.0,,,0.0,,1.0,,1.0,4,NYK,2.0,,6,0.0,0.5,0.333,Georgetown,187,2,77.0,44,USA,1986,1999
1545,DeJuan Wheat,DeJuan,1610612763,VAN,25.0,46,8,38,0.174,590.195,73,193,0.378,22,60,0.367,40,55,0.727,11,34,45,101,48,26,2,8,59,0,208,-79,449.5,0,0,432.0,158,321,429,403,250,241,228,329,104,114,82,219,223,204,316,304,312,102,186,197,318,156,181,130,235,374,242,174,12,237,1,373,264,272,13.1,0.206,275,2.1,93.8,333,361,0.202,160,-7.0,332,338,100.6,93.6,75.47,60,0.065,1113,100.6,-9.9,323,0.329,354,90.56,13.0,154,0.085,4.2,93.6,266,333,323,27.4,1.6,0.039,0.018,338,275,0.435,90.56,26,51,218,367,0.479,332,367,89.15,103.7,267,269,283,-7.0,28,4.0,0.333,0.75,1.0,2.0,54.0,1.0,0.394,4.0,71,0.1,20.0,18.0,1.0,5.0,21,0.5,0.0,0.0,0.8,1.0,42,3.0,0.415,0.375,1.0,13.0,2.0,17.0,2.0,0.409,0.0,32.0,0.468,44.0,0.0,1.0,1.0,0.0,0.0,41.0,0.0,18.0,22,VAN,13.0,0.0,47,12.0,0.154,0.154,Louisville,165,2,72.0,51,USA,1997,1999
1051,Dean Garrett,Dean,1610612750,MIN,32.0,49,24,25,0.49,1056.16,116,231,0.502,0,0,0.0,38,51,0.745,99,158,257,28,29,30,45,20,113,0,270,-90,816.4,1,0,705.0,84,128,347,248,163,182,203,44,255,339,255,227,230,186,56,89,75,249,256,170,39,291,331,130,201,385,156,125,12,178,1,99,244,122,9.3,0.12,261,0.97,95.9,289,102,0.118,405,-3.8,267,213,100.2,96.4,77.2,233,0.155,2032,100.2,-3.3,206,0.04,88,92.65,9.4,403,0.087,4.7,96.4,83,289,206,9.0,2.4,0.12,0.088,299,261,0.502,92.65,372,296,208,271,0.533,267,136,93.35,99.2,72,68,217,-3.8,53,0.0,0.0,0.0,0.0,20.0,0.0,0.0,0.453,0.0,117,0.513,39.0,0.0,0.0,0.0,43,0.573,0.0,0.0,0.0,0.0,75,0.0,0.0,0.0,0.0,67.0,32.0,0.0,18.0,0.444,0.0,0.0,0.568,45.0,0.0,,0.0,0.0,,0.0,,20.0,46,MIN,38.0,0.0,81,0.0,0.474,0.478,Indiana,250,2,83.0,38,USA,1988,1999
244,Dee Brown,Dee,1610612761,TOR,30.0,49,23,26,0.469,1379.8833333333334,187,495,0.378,135,349,0.387,40,55,0.727,15,88,103,143,80,56,8,7,76,0,549,-30,999.1,0,0,1058.0,84,138,358,258,89,92,70,331,1,1,62,219,223,204,290,198,219,62,90,58,216,144,227,130,82,290,116,174,12,87,1,379,86,131,10.8,0.194,348,1.79,101.5,249,360,0.189,202,-1.8,115,314,103.0,101.3,77.53,87,0.065,2683,103.0,-1.0,189,0.187,388,93.03,10.8,202,0.089,10.1,101.3,63,249,189,19.3,3.8,0.037,0.011,127,348,0.514,93.03,111,116,192,211,0.529,115,150,93.12,102.6,139,137,110,-1.8,30,34.0,0.387,0.368,0.0,1.0,261.0,20.0,0.291,38.0,103,0.167,6.0,101.0,50.0,88.0,21,0.568,0.0,0.0,0.386,0.4,37,14.0,0.38,0.386,0.0,14.0,2.0,103.0,0.0,0.3,0.0,127.0,0.553,40.0,0.0,0.0,2.0,0.0,0.0,271.0,0.0,12.0,21,TOR,3.0,0.0,38,49.0,0.0,0.143,Jacksonville,185,1,74.0,19,USA,1990,1999
209,Dell Curry,Dell,1610612749,MIL,35.0,42,23,19,0.548,865.2283333333334,163,336,0.485,69,145,0.476,28,34,0.824,18,67,85,48,45,36,3,9,42,0,423,48,669.0,0,0,703.0,197,138,245,174,199,131,144,68,22,45,12,259,279,80,270,238,248,194,197,138,291,175,148,130,131,104,192,174,12,179,1,316,133,20,10.1,0.222,304,1.07,103.6,170,331,0.215,110,1.2,93,295,101.3,102.5,74.15,205,0.076,1618,101.3,2.0,383,0.105,317,88.98,10.2,109,0.129,8.0,102.5,13,170,383,10.8,3.9,0.051,0.023,68,304,0.588,88.98,210,247,54,145,0.603,93,392,88.35,101.6,115,109,107,1.2,71,22.0,0.54,0.393,0.0,8.0,87.0,11.0,0.514,28.0,138,0.348,23.0,47.0,30.0,58.0,15,0.5,0.0,0.0,0.379,0.367,30,11.0,0.456,0.534,0.0,30.0,16.0,52.0,5.0,0.518,0.0,58.0,0.455,85.0,0.0,0.0,1.0,0.0,0.0,114.0,0.0,44.0,15,MIL,15.0,0.0,33,31.0,0.333,0.533,Virginia Tech,205,1,77.0,15,USA,1986,1999
23,Dennis Rodman,Dennis,1610612747,LAL,38.0,23,17,6,0.739,659.645,16,46,0.348,0,2,0.0,17,39,0.436,62,196,258,30,31,10,12,4,71,3,49,-14,438.6,0,0,381.0,323,214,73,34,239,345,345,377,255,269,255,306,265,395,105,62,74,240,249,291,163,104,215,6,340,251,246,174,12,254,1,3,366,391,25.0,0.064,395,0.97,103.8,227,1,0.064,437,-1.0,32,367,106.5,105.4,76.92,232,0.306,1268,106.5,-1.5,226,0.063,66,92.3,24.8,437,0.085,2.0,105.4,386,227,226,24.0,0.7,0.201,0.096,58,395,0.348,92.3,312,76,221,233,0.388,32,128,93.52,105.3,416,416,373,-1.0,0,0.0,0.0,0.0,1.0,2.0,1.0,0.0,0.0,1.0,4,0.5,4.0,0.0,0.0,1.0,14,0.4,0.0,0.0,0.0,0.0,35,0.0,0.0,0.0,1.0,0.0,0.0,0.0,1.0,0.0,0.0,1.0,0.417,3.0,0.0,0.0,0.0,0.0,0.0,2.0,0.0,0.0,15,LAL,3.0,0.0,36,0.0,0.333,0.0,Southeastern Oklahoma State,210,2,79.0,27,USA,1986,1999
192,Dennis Scott,Dennis,1610612750,MIN,30.0,36,18,18,0.5,740.2433333333333,87,213,0.408,37,97,0.381,23,31,0.742,8,50,58,40,19,15,3,4,49,0,234,8,398.6,0,0,405.0,246,201,231,219,223,218,213,267,69,77,68,276,290,188,330,269,290,213,303,261,291,104,163,130,220,165,257,174,12,248,2,367,205,169,6.7,0.158,146,2.11,96.8,184,349,0.154,319,0.8,253,134,96.2,96.9,75.84,59,0.071,1402,96.2,-0.1,293,0.091,387,91.01,6.7,318,0.07,5.9,96.9,100,184,293,14.0,2.4,0.04,0.011,268,146,0.495,91.01,245,178,281,194,0.516,253,301,90.73,96.9,25,26,211,0.8,35,8.0,0.408,0.294,0.0,8.0,71.0,3.0,0.398,17.0,88,0.571,14.0,29.0,9.0,26.0,7,0.5,0.0,0.0,0.308,0.333,14,5.0,0.4,0.37,0.0,22.0,7.0,28.0,9.0,0.413,,46.0,0.5,46.0,0.0,0.0,,0.0,0.0,70.0,0.0,19.0,7,MIN,15.0,,14,17.0,0.6,0.318,Georgia Tech,229,1,80.0,4,USA,1990,1999
1507,Derek Anderson,Derek,1610612739,CLE,24.0,38,16,22,0.421,980.425,125,314,0.398,21,69,0.304,138,165,0.836,20,89,109,145,82,48,4,11,73,0,409,-30,831.3,2,0,788.0,227,225,294,284,181,172,157,291,106,101,147,56,68,65,257,193,212,60,85,74,277,208,217,130,139,290,151,102,12,149,1,260,123,129,13.4,0.235,169,1.77,95.2,252,236,0.23,74,-1.9,295,129,97.2,95.3,74.03,93,0.1,1817,97.2,-1.5,387,0.305,316,88.83,13.4,76,0.135,8.3,95.3,274,252,387,23.6,3.3,0.062,0.023,313,169,0.432,88.83,42,82,40,235,0.529,295,368,89.11,96.7,283,279,154,-1.9,50,4.0,0.283,0.429,1.0,8.0,60.0,1.0,0.37,7.0,135,0.348,23.0,17.0,1.0,8.0,46,0.529,0.0,0.0,0.5,1.0,87,3.0,0.397,0.333,3.0,38.0,16.0,23.0,1.0,0.346,0.0,36.0,0.523,78.0,0.0,1.0,0.0,0.0,0.0,58.0,0.0,27.0,46,CLE,12.0,0.0,88,12.0,0.083,0.421,Kentucky,195,1,77.0,13,USA,1997,1999
965,Derek Fisher,Derek,1610612747,LAL,24.0,50,31,19,0.62,1130.8766666666668,99,263,0.376,38,97,0.392,60,79,0.759,21,70,91,197,77,61,1,22,95,0,296,215,809.7,0,0,746.0,1,50,245,114,147,202,187,335,66,77,53,176,184,152,250,234,242,33,100,46,339,304,279,130,188,21,161,174,12,166,1,358,223,224,13.5,0.149,161,2.56,105.4,42,365,0.147,343,9.2,25,127,96.9,106.1,78.49,31,0.064,2224,96.9,8.8,141,0.256,333,94.19,13.5,336,0.086,5.3,106.1,223,42,141,34.5,2.0,0.042,0.02,40,161,0.449,94.19,61,16,216,40,0.497,25,89,94.61,96.6,293,291,245,9.2,24,6.0,0.4,0.5,2.0,12.0,80.0,4.0,0.343,4.0,70,0.387,31.0,32.0,11.0,15.0,25,0.385,0.0,0.0,0.4,0.364,65,2.0,0.356,0.426,2.0,11.0,3.0,21.0,12.0,0.351,0.5,54.0,0.371,37.0,0.0,0.0,2.0,0.0,0.0,59.0,0.0,13.0,26,LAL,28.0,1.0,70,23.0,0.429,0.273,Arkansas-Little Rock,200,1,73.0,24,USA,1996,1999
157,Derek Harper,Derek,1610612747,LAL,37.0,45,29,16,0.644,1120.2166666666667,120,291,0.412,43,117,0.368,26,32,0.813,13,54,67,187,52,44,4,6,66,0,309,-75,761.9,0,0,702.0,170,68,192,96,148,177,168,252,60,64,81,270,283,102,303,263,280,40,176,96,277,130,205,130,181,371,169,174,12,180,1,394,189,194,9.6,0.143,396,3.6,103.2,275,394,0.142,355,-3.0,67,373,106.6,103.6,78.06,4,0.045,2182,106.6,-2.5,163,0.255,382,93.67,9.5,351,0.088,6.5,103.6,122,275,163,34.3,2.7,0.029,0.012,81,396,0.486,93.67,63,17,206,251,0.506,67,103,94.22,105.7,81,82,195,-3.0,38,7.0,0.371,0.231,0.0,4.0,97.0,4.0,0.388,13.0,98,0.267,15.0,36.0,8.0,21.0,35,0.583,0.0,0.0,0.333,0.5,60,3.0,0.382,0.364,0.0,18.0,6.0,29.0,2.0,0.367,0.5,66.0,0.571,60.0,0.0,1.0,2.0,0.0,0.0,76.0,0.0,22.0,36,LAL,5.0,1.0,63,24.0,0.4,0.333,Illinois,206,1,76.0,11,USA,1983,1999
400,Derek Strong,Derek,1610612753,ORL,31.0,44,28,16,0.636,700.1433333333333,76,180,0.422,0,2,0.0,71,99,0.717,66,95,161,17,37,15,7,25,64,0,223,67,470.7,1,0,445.0,177,76,192,101,235,236,238,223,255,269,255,148,151,221,95,182,142,300,223,261,232,326,199,130,224,80,233,125,12,235,1,101,270,220,13.3,0.165,68,0.46,95.9,104,104,0.164,301,4.1,234,64,93.2,97.3,75.64,355,0.154,1331,93.2,2.4,307,0.042,78,90.77,13.2,295,0.083,4.1,97.3,310,104,307,6.1,1.7,0.12,0.091,300,68,0.422,90.77,370,361,232,133,0.499,234,257,91.31,93.5,277,277,270,4.1,25,0.0,0.0,0.0,0.0,4.0,3.0,0.0,0.313,0.0,80,0.211,19.0,0.0,0.0,0.0,47,0.603,0.0,0.0,0.0,0.0,78,0.0,0.182,0.0,1.0,15.0,5.0,2.0,3.0,0.358,0.0,0.0,0.566,53.0,0.0,,2.0,0.0,,11.0,,19.0,47,ORL,15.0,0.0,83,0.0,0.2,0.333,Xavier,240,2,81.0,47,USA,1990,1999
934,Derrick Coleman,Derrick,1610612766,CHH,32.0,37,15,22,0.405,1178.8716666666667,168,406,0.414,7,33,0.212,143,190,0.753,76,252,328,78,90,24,42,48,96,0,486,-94,1104.6,13,0,1031.0,238,237,294,294,135,121,106,250,165,149,213,50,52,165,82,28,50,130,71,207,46,420,281,130,102,387,93,28,12,92,1,37,73,225,13.7,0.235,294,0.87,97.0,293,14,0.231,76,-4.0,244,285,101.1,97.1,75.72,256,0.215,2229,101.1,-4.1,304,0.128,148,90.86,13.6,73,0.122,11.0,97.1,309,293,304,11.8,4.5,0.145,0.07,262,294,0.422,90.86,171,227,69,287,0.496,244,291,90.87,101.1,298,299,79,-4.0,44,0.0,0.233,0.0,2.0,35.0,30.0,0.0,0.306,1.0,144,0.365,96.0,7.0,0.0,1.0,82,0.617,0.0,0.0,0.0,0.0,133,0.0,0.185,0.313,2.0,86.0,29.0,5.0,31.0,0.311,0.0,16.0,0.596,45.0,0.0,0.0,0.0,0.0,0.0,27.0,0.0,14.0,84,CHH,89.0,0.0,141,5.0,0.348,0.337,Syracuse,260,1,82.0,1,USA,1990,1999
365,Derrick McKey,Derrick,1610612754,IND,32.0,13,9,4,0.692,244.15666666666667,23,52,0.442,0,1,0.0,14,17,0.824,18,23,41,13,12,12,4,5,24,1,60,34,164.7,0,0,146.0,365,304,55,58,332,332,337,162,255,288,255,316,330,80,270,328,321,313,335,275,277,118,103,45,333,120,332,174,12,334,1,169,272,201,14.2,0.148,108,1.08,106.9,36,213,0.145,345,9.8,42,74,95.2,104.9,70.28,202,0.11,425,95.2,12.8,440,0.094,118,84.34,14.1,341,0.083,4.0,104.9,243,36,440,15.3,1.8,0.095,0.081,29,108,0.442,84.34,235,158,233,18,0.504,42,435,84.06,94.1,310,313,265,9.8,9,0.0,0.0,0.0,0.0,1.0,0.0,0.0,0.409,1.0,22,0.2,5.0,0.0,0.0,1.0,13,0.542,0.0,0.0,0.0,0.0,24,0.0,0.5,0.0,0.0,8.0,2.0,2.0,0.0,0.625,0.0,0.0,0.538,8.0,0.0,,0.0,0.0,,4.0,,5.0,14,IND,6.0,0.0,26,0.0,0.0,0.25,Alabama,225,1,82.0,9,USA,1987,1999
96,Detlef Schrempf,Detlef,1610612760,SEA,36.0,50,25,25,0.5,1764.6033333333332,259,549,0.472,34,86,0.395,200,243,0.823,77,293,370,184,103,41,26,21,152,0,752,87,1570.0,14,0,1474.0,1,113,347,219,27,46,56,97,75,89,46,20,26,85,81,17,28,44,51,114,79,298,408,130,36,71,36,23,12,36,1,135,72,42,10.9,0.196,316,1.79,103.9,135,75,0.194,193,2.7,44,296,101.8,104.6,75.98,88,0.169,3350,101.8,2.3,283,0.177,220,91.18,10.9,184,0.136,11.0,104.6,82,135,283,19.4,5.2,0.105,0.043,56,316,0.503,91.18,119,115,39,135,0.573,44,238,91.56,101.6,147,149,59,2.7,83,3.0,0.39,0.4,0.0,44.0,77.0,1.0,0.423,5.0,196,0.37,119.0,30.0,3.0,8.0,99,0.664,0.0,0.0,0.375,0.333,149,2.0,0.391,0.367,0.0,75.0,27.0,25.0,32.0,0.477,0.0,49.0,0.606,107.0,0.0,0.0,0.0,0.0,0.0,64.0,0.0,51.0,106,SEA,79.0,0.0,175,18.0,0.405,0.36,Washington,235,1,82.0,8,Germany,1985,1999
54,Dickey Simpkins,Dickey,1610612741,CHI,27.0,50,13,37,0.26,1447.6633333333334,150,324,0.463,0,1,0.0,154,240,0.642,110,229,339,65,72,36,13,46,128,0,454,-282,1033.3,7,0,956.0,1,264,426,376,77,141,152,111,255,288,255,45,27,306,43,41,46,158,115,138,153,417,366,130,118,434,107,51,12,107,1,88,188,132,12.7,0.162,289,0.9,90.1,369,53,0.162,309,-9.9,363,245,100.9,91.0,75.14,247,0.175,2713,100.9,-9.9,336,0.082,135,90.17,12.6,303,0.092,6.5,91.0,185,369,336,11.4,3.0,0.122,0.075,382,289,0.463,90.17,264,236,177,366,0.528,363,280,91.01,100.0,241,246,169,-9.9,6,0.0,0.0,0.0,0.0,22.0,1.0,0.0,0.182,0.0,33,0.278,79.0,0.0,0.0,0.0,122,0.578,0.0,0.0,0.0,0.0,211,0.0,0.0,0.0,0.0,26.0,6.0,0.0,18.0,0.182,0.0,1.0,0.561,11.0,0.0,,0.0,0.0,,0.0,,2.0,124,CHI,65.0,0.0,221,0.0,0.277,0.231,Providence,264,1,81.0,21,USA,1994,1999
87,Dikembe Mutombo,Dikembe,1610612737,ATL,33.0,50,31,19,0.62,1827.7816666666668,173,338,0.512,0,0,0.0,195,285,0.684,192,418,610,57,94,16,147,24,145,1,541,225,1753.5,26,0,1534.0,1,50,245,114,17,110,143,39,255,339,255,22,14,274,2,1,1,173,65,254,4,316,397,45,85,18,22,8,12,27,1,9,176,28,15.3,0.144,80,0.61,98.5,67,9,0.143,353,6.3,155,45,93.7,99.9,72.32,322,0.228,3314,93.7,6.0,430,0.056,46,86.78,15.1,347,0.157,6.8,99.9,68,67,430,9.2,3.5,0.168,0.107,210,80,0.512,86.78,328,289,20,72,0.584,155,399,87.96,92.5,344,350,139,6.3,7,0.0,0.0,0.0,0.0,45.0,0.0,0.0,0.241,0.0,29,0.405,111.0,0.0,0.0,0.0,121,0.611,0.0,0.0,0.0,0.0,198,0.0,0.0,0.0,0.0,20.0,5.0,0.0,37.0,0.0,0.0,0.0,0.593,4.0,0.0,0.0,0.0,0.0,0.0,0.0,0.0,0.0,131,ATL,93.0,0.0,221,0.0,0.398,0.25,Georgetown,261,1,86.0,4,Democratic Republic of the Congo,1991,1999
1717,Dirk Nowitzki,Dirk,1610612742,DAL,21.0,47,17,30,0.362,959.2183333333334,136,336,0.405,14,68,0.206,99,128,0.773,41,121,162,47,73,29,27,22,105,0,385,-17,744.9,2,0,720.0,140,214,399,327,183,161,144,275,127,102,215,98,108,140,153,136,139,198,112,179,75,304,308,130,151,266,176,102,12,175,1,189,167,241,14.2,0.224,319,0.64,101.4,219,169,0.219,106,-0.6,116,324,101.9,101.2,77.75,313,0.124,1862,101.9,-1.5,172,0.082,213,93.3,14.3,103,0.07,7.1,101.2,297,219,172,9.2,2.9,0.086,0.045,129,319,0.426,93.3,265,288,280,231,0.491,116,168,92.72,102.9,317,315,180,-0.6,57,1.0,0.213,0.0,0.0,17.0,61.0,1.0,0.377,3.0,151,0.472,36.0,13.0,5.0,8.0,48,0.6,0.0,0.0,0.125,0.2,80,0.0,0.296,0.147,2.0,48.0,19.0,16.0,14.0,0.381,0.0,34.0,0.595,84.0,0.0,0.0,0.0,0.0,0.0,54.0,0.0,32.0,50,DAL,30.0,0.0,84,5.0,0.467,0.396,None,237,1,84.0,9,Germany,1998,1999
1122,Dominique Wilkins,Dominique,1610612753,ORL,39.0,27,16,11,0.593,250.29166666666666,50,132,0.379,5,19,0.263,29,42,0.69,30,41,71,16,23,4,1,16,19,1,134,10,235.2,0,0,236.0,300,225,113,129,327,280,271,325,180,181,189,256,254,269,202,286,275,301,278,346,339,261,87,45,274,156,306,174,12,297,1,56,235,346,12.1,0.301,96,0.7,94.2,208,92,0.292,15,-0.3,315,99,94.7,94.4,78.63,302,0.16,498,94.7,-1.4,135,0.131,36,94.35,12.2,14,0.107,4.9,94.4,354,208,135,8.5,1.9,0.136,0.113,329,96,0.398,94.35,164,308,118,224,0.445,315,113,93.97,95.6,215,213,257,-0.3,18,2.0,0.231,0.667,0.0,5.0,13.0,0.0,0.375,3.0,48,0.25,20.0,3.0,3.0,6.0,22,0.489,0.0,0.0,0.333,0.0,45,2.0,0.222,0.5,0.0,16.0,5.0,4.0,4.0,0.462,0.0,4.0,0.442,26.0,0.0,0.0,0.0,0.0,0.0,18.0,0.0,12.0,23,ORL,16.0,0.0,52,2.0,0.25,0.313,Georgia,230,1,80.0,3,USA,1982,1999
931,Don MacLean,Don,1610612760,SEA,29.0,17,9,8,0.529,364.77166666666665,63,159,0.396,9,33,0.273,50,80,0.625,18,47,65,16,25,5,5,13,34,0,185,-56,292.0,2,0,295.0,346,304,85,195,298,259,253,295,152,149,184,196,179,317,270,274,284,301,273,328,264,235,130,130,248,342,285,102,12,275,1,184,99,282,10.6,0.271,424,0.64,101.7,342,160,0.268,38,-8.1,89,416,110.8,102.8,79.17,314,0.129,723,110.8,-8.6,115,0.078,205,95.01,10.5,36,0.066,9.4,102.8,301,342,115,6.8,3.7,0.089,0.049,121,424,0.425,95.01,272,344,295,349,0.476,89,59,95.74,110.3,128,133,123,-8.1,21,1.0,0.308,0.5,0.0,13.0,26.0,0.0,0.333,2.0,63,0.464,28.0,8.0,4.0,6.0,20,0.556,0.0,0.0,0.167,0.0,36,1.0,0.24,0.385,0.0,32.0,7.0,6.0,11.0,0.545,0.0,13.0,0.524,22.0,0.0,,1.0,0.0,,25.0,,12.0,22,SEA,24.0,0.0,42,5.0,0.458,0.219,UCLA,235,1,82.0,19,USA,1992,1999
690,Don Reid,Don,1610612765,DET,25.0,47,27,20,0.574,935.6916666666667,97,174,0.557,0,0,0.0,48,79,0.608,66,104,170,33,36,27,43,22,156,1,242,109,669.5,0,0,585.0,140,87,262,147,191,204,243,19,255,339,255,199,184,329,95,166,133,229,227,192,42,304,415,45,215,51,191,174,12,204,1,156,288,31,13.0,0.123,119,0.92,102.4,50,179,0.122,401,8.0,70,133,95.5,103.5,74.6,245,0.12,1730,95.5,5.6,365,0.057,136,89.52,12.9,400,0.059,3.7,103.5,24,50,365,11.8,2.1,0.097,0.074,99,119,0.557,89.52,325,225,319,78,0.58,70,354,89.38,96.8,258,260,237,8.0,5,0.0,0.0,0.0,0.0,8.0,0.0,0.0,0.227,0.0,22,0.32,25.0,0.0,0.0,0.0,84,0.661,0.0,0.0,0.0,0.0,127,0.0,0.0,0.0,0.0,15.0,4.0,0.0,7.0,0.0,0.0,0.0,0.647,6.0,0.0,0.0,0.0,0.0,0.0,0.0,0.0,0.0,86,DET,20.0,0.0,133,0.0,0.35,0.267,Georgetown,250,2,80.0,58,USA,1995,1999
923,Donyell Marshall,Donyell,1610612744,GSW,26.0,48,20,28,0.417,1249.4683333333332,208,494,0.421,26,72,0.361,88,121,0.727,115,227,342,66,80,47,37,33,123,1,530,-18,1211.4,10,0,1132.0,114,173,381,288,115,79,72,228,94,99,89,110,114,204,36,43,45,153,90,78,55,379,358,45,86,268,73,38,12,71,1,74,83,264,11.5,0.218,184,0.83,98.2,213,54,0.212,125,-0.5,233,214,97.8,97.3,78.31,268,0.175,2443,97.8,-1.1,149,0.093,107,93.97,11.5,123,0.119,10.3,97.3,227,213,149,9.5,4.3,0.128,0.084,221,184,0.447,93.97,236,275,79,212,0.484,233,162,92.87,99.2,183,182,91,-0.5,57,7.0,0.413,0.444,1.0,30.0,46.0,3.0,0.329,9.0,173,0.316,95.0,19.0,16.0,25.0,95,0.617,0.0,0.0,0.28,0.188,154,4.0,0.37,0.378,1.0,39.0,12.0,27.0,25.0,0.301,0.0,37.0,0.586,93.0,0.0,1.0,0.0,0.0,0.0,73.0,0.0,28.0,102,GSW,76.0,0.0,174,14.0,0.329,0.308,Connecticut,230,1,81.0,4,USA,1994,1999
57,Doug Christie,Doug,1610612761,TOR,29.0,50,23,27,0.46,1767.75,252,650,0.388,49,161,0.304,207,246,0.841,59,148,207,187,119,113,26,66,111,3,760,-111,1586.9,1,0,1481.0,1,138,367,264,25,48,32,312,51,33,147,18,25,59,110,103,105,40,35,4,79,436,323,6,35,397,32,125,12,35,1,270,46,210,11.2,0.226,277,1.57,97.0,273,281,0.222,98,-3.0,216,260,100.7,97.7,76.06,122,0.088,3356,100.7,-3.3,280,0.198,255,91.28,11.2,92,0.113,13.0,97.7,299,273,280,17.6,5.0,0.06,0.034,266,277,0.425,91.28,97,134,97,270,0.501,216,227,91.8,100.3,169,167,61,-3.0,100,17.0,0.33,0.242,2.0,17.0,97.0,9.0,0.407,33.0,246,0.246,69.0,32.0,29.0,62.0,86,0.494,0.0,0.0,0.274,0.31,174,8.0,0.364,0.277,4.0,76.0,28.0,52.0,12.0,0.41,0.0,47.0,0.481,144.0,0.0,0.0,0.0,0.0,0.0,143.0,0.0,59.0,88,TOR,53.0,0.0,183,13.0,0.226,0.368,Pepperdine,205,1,78.0,17,USA,1992,1999
77,Doug Overton,Doug,1610612755,PHI,29.0,24,9,15,0.375,245.095,36,84,0.429,2,7,0.286,18,20,0.9,7,14,21,23,20,5,1,8,18,0,92,-18,149.7,0,0,150.0,315,304,172,315,331,303,309,205,203,222,165,301,321,26,336,354,352,268,296,328,339,156,84,130,308,268,334,174,12,332,3,371,295,227,14.7,0.198,112,1.15,92.7,307,382,0.192,188,-5.0,371,155,95.2,90.2,79.56,188,0.057,491,95.2,-4.9,109,0.174,302,95.47,14.7,195,0.076,3.5,90.2,250,307,109,16.9,1.5,0.04,0.025,358,112,0.44,95.47,121,140,254,297,0.496,371,154,93.04,97.6,334,333,291,-5.0,23,0.0,0.333,0.0,1.0,0.0,6.0,0.0,0.489,0.0,47,0.0,6.0,2.0,0.0,0.0,11,0.458,0.0,0.0,0.0,0.0,24,0.0,0.529,0.5,1.0,6.0,2.0,9.0,1.0,0.478,0.0,4.0,0.458,23.0,0.0,,1.0,0.0,,17.0,,11.0,11,PHI,8.0,0.0,24,2.0,0.125,0.333,La Salle,190,2,75.0,40,USA,1991,1999
28,Doug West,Doug,1610612763,VAN,32.0,14,3,11,0.214,293.2866666666667,31,65,0.477,0,2,0.0,19,25,0.76,5,20,25,19,12,16,7,5,38,0,81,-33,196.5,0,0,171.0,362,382,113,389,317,318,324,85,255,269,255,294,303,151,357,336,342,286,335,254,232,118,136,130,317,300,324,174,12,325,1,339,247,120,11.2,0.136,332,1.58,96.7,301,334,0.135,378,-4.7,215,334,102.4,97.7,78.15,119,0.075,570,102.4,-6.7,160,0.109,350,93.78,11.2,370,0.063,4.6,97.7,152,301,160,17.8,2.2,0.046,0.018,272,332,0.477,93.78,201,132,308,324,0.533,215,116,93.88,103.3,170,169,225,-4.7,17,0.0,0.0,0.0,0.0,3.0,1.0,0.0,0.415,0.0,41,1.0,3.0,0.0,1.0,1.0,11,0.579,0.0,0.0,0.0,0.0,19,0.0,0.5,0.0,0.0,8.0,5.0,4.0,0.0,0.333,,1.0,0.619,27.0,0.0,,,0.0,,8.0,,9.0,13,VAN,0.0,,21,0.0,0.0,0.625,Villanova,200,2,78.0,38,USA,1989,1999
1003,Drew Barry,Drew,1610612760,SEA,26.0,17,7,10,0.412,183.51333333333332,10,32,0.313,8,24,0.333,9,13,0.692,3,17,20,29,12,7,1,3,24,0,37,11,116.5,0,0,110.0,346,333,106,292,345,365,358,395,157,171,112,336,345,264,371,341,356,247,335,316,339,89,103,130,356,153,346,174,12,346,1,312,374,243,15.2,0.12,81,2.42,98.4,151,301,0.115,404,2.1,284,158,93.7,95.8,83.15,38,0.083,383,93.7,0.7,39,0.238,357,99.79,15.2,407,0.06,1.9,95.8,260,151,39,36.7,0.6,0.052,0.017,212,81,0.438,99.79,73,11,315,182,0.49,284,48,96.43,97.7,347,346,381,2.1,2,0.0,0.381,0.0,0.0,0.0,21.0,0.0,0.333,2.0,6,0.0,1.0,8.0,1.0,3.0,0,0.0,0.0,0.0,0.0,0.0,1,0.0,0.308,0.333,0.0,2.0,0.0,4.0,0.0,0.667,,12.0,0.0,3.0,0.0,,,0.0,,13.0,,2.0,0,SEA,1.0,,1,4.0,0.0,0.0,Georgia Tech,191,2,77.0,57,USA,1996,1999
190,Duane Causwell,Duane,1610612748,MIA,31.0,19,15,4,0.789,137.74,20,35,0.571,0,0,0.0,4,12,0.333,14,21,35,2,18,0,11,2,32,0,44,-60,104.0,0,0,103.0,337,237,55,15,359,338,355,15,255,339,255,371,349,407,296,333,328,375,307,401,176,62,128,130,348,347,352,174,12,349,1,76,378,85,29.9,0.2,352,0.11,85.5,416,121,0.187,181,-20.3,413,378,103.3,83.0,79.13,399,0.145,270,103.3,-20.5,116,0.029,45,94.96,30.0,212,0.018,1.8,83.0,19,416,116,3.3,1.1,0.127,0.108,415,352,0.571,94.96,386,396,391,414,0.546,413,196,92.29,106.0,431,431,334,-20.3,1,0.0,0.0,0.0,,9.0,0.0,0.0,0.125,0.0,8,0.75,12.0,0.0,0.0,0.0,10,0.667,,,0.0,0.0,15,0.0,0.0,0.0,0.0,6.0,1.0,0.0,7.0,0.0,,0.0,0.706,2.0,0.0,0.0,,0.0,0.0,0.0,0.0,0.0,12,MIA,10.0,,17,0.0,0.7,0.167,Temple,255,1,84.0,18,USA,1990,1999
273,Duane Ferrell,Duane,1610612744,GSW,34.0,8,3,5,0.375,44.53333333333333,1,14,0.071,0,0,0.0,3,4,0.75,5,1,6,0,1,1,1,3,4,0,5,18,17.2,0,0,15.0,382,382,66,315,388,413,385,427,255,339,255,378,380,170,357,409,392,408,410,385,339,89,36,130,407,143,401,174,12,403,1,295,382,428,6.0,0.149,10,0.0,96.2,10,407,0.143,340,19.0,336,6,74.4,93.4,81.29,404,0.02,91,74.4,21.3,66,0.0,97,97.54,5.9,346,-0.098,1.8,93.4,427,10,66,0.0,0.1,0.056,0.086,291,10,0.071,97.54,408,408,425,11,0.159,336,57,95.91,74.8,21,22,426,19.0,0,0.0,0.0,0.0,,0.0,0.0,0.0,0.0,0.0,6,0.0,1.0,0.0,0.0,0.0,1,0.143,,,0.0,0.0,7,0.0,0.0,0.0,,1.0,0.0,0.0,0.0,0.0,,0.0,0.143,5.0,,0.0,,,0.0,0.0,0.0,0.0,1,GSW,1.0,,7,0.0,0.0,0.0,Georgia Tech,215,Undrafted,79.0,Undrafted,USA,Undrafted,1999
368,Dwayne Schintzius,Dwayne,1610612738,BOS,30.0,16,7,9,0.438,66.24,4,16,0.25,0,0,0.0,3,4,0.75,7,12,19,8,10,0,3,1,17,0,11,-46,44.8,0,0,44.0,350,333,94,276,378,390,383,411,255,339,255,378,380,170,336,358,358,342,348,401,291,41,81,130,390,323,376,174,12,376,1,90,412,412,28.0,0.175,338,0.8,77.5,423,108,0.17,273,-26.6,426,392,102.7,76.1,88.16,272,0.152,142,102.7,-29.2,18,0.2,79,105.8,27.8,279,-0.02,1.0,76.1,413,423,18,22.2,0.3,0.122,0.091,427,338,0.25,105.8,92,93,411,425,0.31,426,17,102.78,106.7,428,428,419,-26.6,1,0.0,0.0,0.0,0.0,2.0,0.0,0.0,0.25,0.0,4,0.25,8.0,0.0,0.0,0.0,1,0.25,0.0,0.0,0.0,0.0,4,0.0,0.0,0.0,0.0,7.0,2.0,0.0,1.0,0.0,,0.0,0.2,0.0,0.0,,,0.0,,0.0,,0.0,1,BOS,4.0,,5,0.0,0.25,0.286,Florida,285,1,86.0,24,USA,1990,1999
1863,Earl Boykins,Earl,1610612739,CLE,23.0,22,8,14,0.364,220.465,30,79,0.38,3,18,0.167,2,3,0.667,7,10,17,33,20,6,0,2,20,0,65,-43,132.9,0,0,130.0,326,321,160,323,334,322,314,322,197,184,229,388,394,292,336,368,361,229,296,324,376,62,89,130,329,316,339,174,12,338,2,363,292,379,15.0,0.22,126,1.65,87.8,360,390,0.21,114,-9.2,402,184,95.7,86.5,75.57,108,0.049,414,95.7,-10.8,315,0.303,260,90.68,15.0,133,0.049,3.6,86.5,352,360,315,24.8,1.4,0.041,0.033,399,126,0.399,90.68,43,72,336,373,0.405,402,383,88.65,98.6,343,340,302,-9.2,14,1.0,0.133,0.0,0.0,5.0,15.0,1.0,0.467,0.0,30,0.294,17.0,2.0,3.0,3.0,8,0.571,0.0,0.0,0.333,0.333,14,0.0,0.273,0.143,1.0,15.0,7.0,3.0,2.0,0.5,0.0,7.0,0.533,18.0,0.0,,1.0,0.0,,11.0,,9.0,8,CLE,11.0,0.0,15,1.0,0.182,0.467,Eastern Michigan,145,Undrafted,65.0,Undrafted,USA,Undrafted,1999
1516,Ed Gray,Ed,1610612737,ATL,23.0,30,17,13,0.567,337.2916666666667,53,182,0.291,12,42,0.286,28,37,0.757,7,21,28,12,29,12,1,13,30,0,146,-66,207.6,0,0,224.0,287,214,134,152,305,273,236,400,136,133,165,259,271,158,336,333,339,322,256,275,339,235,118,130,269,356,315,174,12,305,1,374,198,399,12.1,0.304,173,0.41,86.8,359,363,0.293,14,-9.2,391,217,97.3,88.2,75.54,364,0.065,633,97.3,-12.5,316,0.083,352,90.65,12.2,13,-0.003,6.1,88.2,397,359,316,5.0,1.8,0.039,0.018,409,173,0.324,90.65,263,377,406,387,0.368,391,317,90.46,99.3,217,210,266,-9.2,13,0.0,0.3,0.0,,3.0,40.0,0.0,0.183,2.0,71,0.143,21.0,12.0,0.0,2.0,25,0.521,,,0.0,0.0,48,0.0,0.24,0.259,0.0,30.0,7.0,6.0,3.0,0.156,0.0,27.0,0.51,32.0,0.0,1.0,0.0,0.0,0.0,25.0,0.0,5.0,25,ATL,18.0,0.0,49,7.0,0.167,0.233,California,210,1,75.0,22,USA,1997,1999
698,Eddie Johnson,Eddie,1610612745,HOU,40.0,3,1,2,0.333,18.1,6,13,0.462,0,1,0.0,0,0,0.0,0,2,2,1,2,0,0,1,3,0,12,-8,13.9,0,0,15.0,409,408,25,337,412,375,388,115,255,288,255,411,415,411,415,398,413,385,400,401,376,41,30,130,388,227,406,174,12,403,1,401,255,314,12.5,0.292,435,0.5,118.9,386,167,0.288,19,-11.9,5,434,131.9,120.0,101.66,343,0.125,45,131.9,-20.8,4,0.063,403,121.99,12.5,17,0.03,4.3,120.0,192,386,4,6.3,2.0,0.0,0.0,8,435,0.462,121.99,312,358,375,415,0.462,5,3,119.02,139.8,230,231,242,-11.9,3,0.0,0.0,0.0,,0.0,0.0,0.0,0.429,1.0,7,0.0,2.0,0.0,0.0,1.0,3,1.0,,,0.0,0.0,3,0.0,0.5,0.0,,3.0,0.0,1.0,0.0,0.5,,0.0,1.0,4.0,,,,,,2.0,,2.0,3,HOU,1.0,,3,0.0,0.0,0.0,Illinois, ,2,,29,USA,1981,1999
224,Eddie Jones,Eddie,1610612766,CHH,27.0,50,33,17,0.66,1878.8633333333332,260,595,0.437,48,142,0.338,212,271,0.782,50,144,194,186,93,125,58,37,128,0,780,198,1747.8,0,0,1574.0,1,22,209,79,13,44,47,177,54,48,106,16,18,134,132,105,112,42,66,2,25,392,366,130,32,25,23,174,12,23,2,304,59,86,9.4,0.199,228,2.0,104.6,76,332,0.197,184,5.7,40,193,99.3,105.1,77.22,71,0.076,3622,99.3,5.9,205,0.17,280,92.66,9.3,174,0.116,11.9,105.1,151,76,205,18.7,5.2,0.053,0.028,49,228,0.477,92.66,129,122,88,75,0.546,40,149,93.14,98.7,70,71,56,5.7,61,16.0,0.34,0.345,0.0,12.0,94.0,6.0,0.335,29.0,182,0.316,38.0,32.0,18.0,47.0,139,0.594,0.0,0.0,0.34,0.333,234,10.0,0.377,0.328,0.0,61.0,19.0,43.0,15.0,0.299,0.0,58.0,0.578,77.0,0.0,0.0,0.0,0.0,0.0,114.0,0.0,23.0,141,CHH,41.0,0.0,244,19.0,0.366,0.311,Temple,200,1,78.0,10,USA,1994,1999
922,Elden Campbell,Elden,1610612766,CHH,30.0,49,31,18,0.633,1458.7316666666666,222,465,0.477,0,1,0.0,172,269,0.639,126,271,397,69,80,39,73,40,159,2,616,2,1451.9,14,0,1306.0,84,50,231,102,75,67,78,83,255,288,255,34,19,309,29,20,18,147,90,122,17,402,418,15,62,183,48,23,12,50,2,48,96,133,10.9,0.214,212,0.86,99.9,186,38,0.213,135,0.6,160,180,98.9,99.5,76.86,258,0.188,2795,98.9,1.3,231,0.091,75,92.23,10.8,118,0.119,9.5,99.5,150,186,231,9.3,4.5,0.141,0.092,170,212,0.477,92.23,244,283,78,163,0.528,160,201,92.22,98.5,138,150,81,0.6,63,0.0,0.0,0.0,0.0,62.0,1.0,0.0,0.438,0.0,144,0.425,146.0,0.0,0.0,0.0,97,0.557,0.0,0.0,0.0,0.0,174,0.0,0.0,0.0,0.0,86.0,43.0,0.0,63.0,0.333,0.0,1.0,0.549,27.0,0.0,0.0,0.0,0.0,0.0,0.0,0.0,9.0,107,CHH,156.0,0.0,195,0.0,0.404,0.5,Clemson,255,1,84.0,27,USA,1990,1999
695,Eldridge Recasner,Eldridge,1610612766,CHH,31.0,44,22,22,0.5,709.0666666666667,82,184,0.446,24,60,0.4,34,39,0.872,20,57,77,91,58,17,1,10,66,0,222,-53,446.9,0,0,450.0,177,152,294,219,231,224,233,154,100,114,38,237,265,34,257,256,267,113,154,247,339,188,205,130,225,340,244,174,12,232,1,287,266,73,16.6,0.172,265,1.57,97.9,274,304,0.168,284,-3.0,236,302,100.3,97.3,77.06,124,0.082,1360,100.3,-3.9,219,0.232,272,92.47,16.5,285,0.083,4.2,97.3,69,274,219,25.9,1.9,0.057,0.03,228,265,0.511,92.47,75,61,236,283,0.552,236,243,91.51,101.8,370,370,255,-3.0,23,3.0,0.375,0.5,0.0,5.0,56.0,2.0,0.329,2.0,70,0.357,14.0,21.0,2.0,4.0,30,0.75,0.0,0.0,0.75,1.0,40,1.0,0.356,0.393,0.0,23.0,6.0,16.0,4.0,0.395,0.0,28.0,0.732,38.0,0.0,1.0,0.0,0.0,0.0,45.0,0.0,15.0,30,CHH,8.0,0.0,41,11.0,0.5,0.261,Washington,190,,76.0,,USA,1992,1999
386,Elliot Perry,Elliot,1610612751,NJN,30.0,35,16,19,0.457,293.0516666666667,39,103,0.379,10,24,0.417,10,14,0.714,7,27,34,47,34,20,0,10,25,0,98,-53,235.3,0,0,229.0,258,225,245,268,318,297,292,327,149,171,28,333,339,225,336,320,330,198,233,230,376,188,108,130,303,340,305,174,12,303,2,311,318,338,17.9,0.21,134,1.38,91.8,332,290,0.199,148,-6.9,384,223,95.8,88.9,84.56,154,0.086,614,95.8,-7.7,27,0.305,327,101.47,17.9,165,0.084,2.9,88.9,293,332,27,24.7,1.1,0.052,0.021,365,134,0.427,101.47,39,73,228,334,0.449,384,30,98.07,99.4,382,381,326,-6.9,12,1.0,0.45,0.333,0.0,3.0,20.0,0.0,0.245,3.0,49,0.429,7.0,9.0,1.0,4.0,14,0.609,0.0,0.0,0.25,0.0,23,1.0,0.35,0.412,0.0,14.0,2.0,7.0,0.0,0.346,0.0,17.0,0.609,26.0,0.0,0.0,0.0,0.0,0.0,20.0,0.0,9.0,14,NJN,3.0,0.0,23,7.0,0.0,0.143,Memphis,152,2,72.0,37,USA,1991,1999
376,Eric Montross,Eric,1610612765,DET,27.0,46,25,21,0.543,575.015,42,80,0.525,0,1,0.0,11,32,0.344,45,94,139,14,16,12,27,5,107,1,95,-12,383.8,0,0,326.0,158,113,277,176,252,295,312,30,255,288,255,328,283,406,144,183,173,310,314,275,75,118,313,45,306,239,259,174,12,269,1,66,386,198,12.9,0.094,154,0.88,100.1,183,61,0.091,428,0.8,231,163,96.6,97.4,74.54,255,0.173,1061,96.6,2.3,367,0.042,90,89.44,12.8,428,0.046,1.7,97.4,46,183,367,11.2,0.9,0.131,0.088,160,154,0.525,89.44,370,239,346,136,0.505,231,408,87.63,97.8,253,256,351,0.8,8,0.0,0.0,0.0,1.0,6.0,0.0,0.0,0.348,0.0,23,0.375,16.0,0.0,0.0,0.0,28,0.7,0.0,0.0,0.0,0.0,40,0.0,0.0,0.0,1.0,15.0,5.0,0.0,5.0,0.571,0.0,0.0,0.683,7.0,0.0,0.0,0.0,0.0,0.0,0.0,0.0,4.0,28,DET,16.0,0.0,41,0.0,0.313,0.333,North Carolina,270,1,84.0,9,USA,1994,1999
785,Eric Murdock,Eric,1610612751,NJN,31.0,15,2,13,0.133,401.23,45,114,0.395,8,22,0.364,21,26,0.808,3,32,35,66,29,22,2,6,35,0,119,-22,303.0,0,0,276.0,358,392,134,414,289,289,287,301,157,178,86,282,299,111,371,311,328,153,256,217,318,130,132,130,286,276,281,174,12,286,1,359,147,287,13.2,0.171,49,2.28,88.6,291,317,0.166,289,-3.9,392,38,91.9,88.0,80.8,45,0.078,816,91.9,-3.3,75,0.289,396,96.96,13.1,290,0.102,7.6,88.0,284,291,75,29.9,3.0,0.042,0.007,393,49,0.43,96.96,47,34,136,269,0.474,392,44,96.58,92.0,272,273,169,-3.9,11,2.0,0.353,0.0,1.0,9.0,17.0,2.0,0.275,1.0,40,0.409,22.0,6.0,3.0,4.0,17,0.567,0.0,0.0,0.5,0.667,30,0.0,0.316,0.444,1.0,16.0,5.0,6.0,6.0,0.313,0.0,9.0,0.576,16.0,0.0,0.0,0.0,0.0,0.0,19.0,0.0,5.0,19,NJN,20.0,0.0,33,4.0,0.3,0.313,Providence,190,1,73.0,21,USA,1991,1999
15,Eric Piatkowski,Eric,1610612746,LAC,28.0,49,9,40,0.184,1240.2983333333334,180,417,0.432,65,165,0.394,88,102,0.863,39,101,140,53,53,44,6,19,86,0,513,-210,857.5,0,0,871.0,84,304,433,399,117,103,97,193,28,31,48,110,141,42,158,171,170,184,171,96,251,281,254,130,89,424,145,174,12,128,1,279,114,65,9.3,0.188,397,1.0,97.3,349,282,0.183,221,-8.7,208,383,106.7,98.0,77.26,212,0.088,2395,106.7,-9.0,200,0.074,270,92.71,9.4,228,0.091,8.5,98.0,72,349,200,9.4,3.7,0.058,0.031,250,397,0.51,92.71,283,278,183,352,0.555,208,146,93.22,106.3,78,67,125,-8.7,47,16.0,0.386,0.55,0.0,17.0,127.0,5.0,0.379,20.0,124,0.386,44.0,49.0,18.0,38.0,51,0.607,0.0,0.0,0.421,0.278,84,11.0,0.408,0.39,0.0,41.0,18.0,42.0,10.0,0.352,0.0,100.0,0.605,54.0,0.0,0.0,1.0,0.0,0.0,103.0,0.0,19.0,52,LAC,32.0,0.0,86,39.0,0.313,0.439,Nebraska,215,1,79.0,15,USA,1994,1999
35,Eric Riley,Eric,1610612738,BOS,29.0,35,13,22,0.371,332.83666666666664,28,54,0.519,0,0,0.0,22,31,0.71,36,63,99,13,26,9,26,4,73,0,78,12,295.3,0,0,260.0,258,264,294,319,307,327,334,34,255,339,255,278,290,234,165,241,227,313,269,297,79,104,217,130,320,151,283,174,12,289,1,44,394,35,24.4,0.126,39,0.5,95.4,113,45,0.123,398,3.6,319,47,90.6,94.2,79.62,343,0.18,656,90.6,2.8,108,0.06,50,95.54,24.3,398,0.066,1.5,94.2,56,113,108,12.1,0.8,0.143,0.105,309,39,0.519,95.54,315,218,296,121,0.577,319,115,93.92,92.6,413,414,363,3.6,1,0.0,0.0,0.0,0.0,5.0,0.0,0.0,0.2,0.0,5,0.455,11.0,0.0,0.0,0.0,22,0.579,0.0,0.0,0.0,0.0,38,0.0,0.0,0.0,0.0,4.0,1.0,0.0,4.0,0.5,0.0,0.0,0.564,2.0,0.0,,0.0,0.0,,0.0,,1.0,22,BOS,9.0,0.0,39,0.0,0.444,0.25,Michigan,245,2,84.0,33,USA,1993,1999
727,Eric Snow,Eric,1610612755,PHI,26.0,48,28,20,0.583,1716.9933333333333,149,348,0.428,5,21,0.238,110,150,0.733,25,137,162,301,111,100,1,25,149,0,413,128,1250.9,4,0,1083.0,114,76,262,137,37,142,137,209,180,179,205,83,84,197,230,114,139,16,41,10,339,326,404,130,135,45,68,79,12,83,1,329,163,219,13.4,0.14,67,2.71,96.7,105,300,0.138,366,4.0,239,55,93.2,97.2,75.83,26,0.084,3253,93.2,3.7,294,0.296,369,91.0,13.4,362,0.106,7.3,97.2,264,105,294,36.3,3.1,0.049,0.015,271,67,0.435,91.0,46,12,128,108,0.499,239,258,91.31,93.0,286,288,163,4.0,42,0.0,0.25,0.0,0.0,19.0,20.0,0.0,0.359,1.0,117,0.25,76.0,5.0,0.0,1.0,83,0.619,0.0,0.0,0.0,0.0,134,0.0,0.133,0.286,0.0,40.0,15.0,2.0,8.0,0.405,0.5,14.0,0.574,84.0,0.0,0.0,2.0,0.0,0.0,15.0,0.0,34.0,85,PHI,45.0,1.0,148,4.0,0.178,0.375,Michigan State,204,2,75.0,43,USA,1995,1999
1540,Eric Washington,Eric,1610612743,DEN,25.0,38,12,26,0.316,762.285,73,184,0.397,37,97,0.381,22,32,0.688,35,54,89,30,34,25,18,12,87,0,205,-111,451.8,0,0,447.0,227,272,358,349,221,241,233,294,69,77,68,278,283,271,179,263,244,240,233,203,109,223,255,130,239,397,239,174,12,234,1,288,238,163,13.0,0.139,372,0.88,97.3,339,347,0.136,369,-7.5,247,337,104.5,97.0,76.4,252,0.071,1455,104.5,-6.4,257,0.069,219,91.68,13.0,364,0.046,4.8,97.0,98,339,257,11.5,1.9,0.057,0.043,249,372,0.497,91.68,300,233,348,319,0.517,247,216,91.99,103.6,263,262,249,-7.5,14,22.0,0.283,0.364,0.0,5.0,46.0,14.0,0.286,22.0,49,0.556,9.0,13.0,27.0,49.0,19,0.613,0.0,0.0,0.449,0.519,31,8.0,0.41,0.321,1.0,11.0,1.0,32.0,4.0,0.292,0.0,28.0,0.625,24.0,0.0,1.0,0.0,0.0,0.0,78.0,0.0,7.0,20,DEN,9.0,0.0,32,9.0,0.444,0.091,Alabama,190,2,76.0,46,USA,1997,1999
677,Eric Williams,Eric,1610612743,DEN,26.0,38,11,27,0.289,775.5266666666666,80,219,0.365,6,26,0.231,111,139,0.799,34,47,81,37,49,27,8,23,76,0,277,-157,485.7,0,0,471.0,227,279,367,359,218,228,208,355,172,166,207,81,100,120,184,274,259,221,180,192,216,310,227,130,195,413,230,174,12,226,1,307,209,231,13.4,0.196,369,0.76,94.4,374,366,0.193,195,-10.5,326,351,104.4,93.9,76.83,285,0.064,1489,104.4,-9.8,232,0.094,225,92.19,13.3,190,0.055,5.8,93.9,370,374,232,10.0,2.1,0.053,0.043,325,369,0.379,92.19,232,267,323,363,0.494,326,208,92.06,104.1,279,281,235,-10.5,15,5.0,0.071,0.375,0.0,22.0,14.0,2.0,0.263,8.0,57,0.349,63.0,1.0,4.0,12.0,37,0.507,0.0,0.0,0.417,0.5,73,3.0,0.333,0.125,0.0,28.0,12.0,6.0,19.0,0.097,0.0,8.0,0.47,31.0,0.0,0.0,1.0,0.0,0.0,18.0,0.0,3.0,39,DEN,50.0,0.0,83,1.0,0.38,0.429,Providence,220,1,80.0,14,USA,1995,1999
956,Erick Dampier,Erick,1610612744,GSW,23.0,50,21,29,0.42,1415.3083333333334,161,414,0.389,0,0,0.0,120,204,0.588,164,218,382,54,92,26,58,63,165,0,442,-106,1141.4,10,0,1046.0,1,161,392,285,82,133,99,311,255,339,255,72,44,336,10,48,23,183,67,197,25,433,428,130,126,394,86,38,12,90,1,64,120,355,14.2,0.193,202,0.59,95.2,281,103,0.191,205,-3.5,302,188,98.5,95.0,74.98,325,0.155,2646,98.5,-3.5,343,0.064,41,89.98,14.0,197,0.064,8.3,95.0,360,281,343,8.2,3.2,0.132,0.11,311,202,0.389,89.98,311,317,303,275,0.439,302,345,89.77,98.7,307,311,157,-3.5,18,0.0,0.0,0.0,0.0,47.0,0.0,0.0,0.261,0.0,69,0.273,172.0,0.0,0.0,0.0,96,0.555,0.0,0.0,0.0,0.0,173,0.0,0.0,0.0,0.0,56.0,17.0,0.0,31.0,0.111,0.0,0.0,0.507,9.0,0.0,0.0,0.0,0.0,0.0,0.0,0.0,1.0,112,GSW,128.0,0.0,221,0.0,0.242,0.304,Mississippi State,265,1,83.0,10,USA,1996,1999
1065,Erick Strickland,Erick,1610612742,DAL,25.0,33,10,23,0.303,567.1366666666667,89,221,0.403,18,59,0.305,53,65,0.815,12,71,83,64,36,40,2,15,44,0,249,-20,534.6,0,0,498.0,271,289,315,354,253,216,207,282,114,116,146,187,207,98,311,231,253,160,227,117,318,253,153,130,208,272,220,174,12,219,1,225,180,218,10.3,0.221,215,1.78,97.8,268,163,0.214,111,-2.8,277,273,98.9,96.2,80.26,89,0.127,1144,98.9,-3.0,91,0.2,336,96.32,10.3,113,0.126,6.7,96.2,240,268,91,18.3,2.7,0.07,0.019,234,215,0.443,96.32,92,129,62,261,0.499,277,87,94.64,100.8,121,120,193,-2.8,34,7.0,0.262,0.571,0.0,7.0,42.0,3.0,0.382,7.0,89,0.269,26.0,11.0,10.0,17.0,30,0.638,0.0,0.0,0.412,0.3,47,4.0,0.333,0.333,0.0,29.0,9.0,15.0,6.0,0.357,0.0,27.0,0.625,56.0,0.0,1.0,0.0,0.0,0.0,45.0,0.0,20.0,30,DAL,15.0,0.0,48,9.0,0.4,0.31,Nebraska,210,Undrafted,75.0,Undrafted,USA,Undrafted,1999
911,Ervin Johnson,Ervin,1610612749,MIL,31.0,50,28,22,0.56,1026.8833333333334,96,189,0.508,0,0,0.0,64,105,0.61,120,200,320,19,47,29,57,15,151,0,256,-40,879.5,1,0,767.0,1,76,294,155,172,207,231,43,255,339,255,165,134,328,30,60,52,286,190,179,27,253,407,130,206,308,138,125,12,158,1,15,285,94,15.6,0.13,221,0.4,99.2,246,29,0.126,392,-1.6,225,227,99.1,97.5,75.24,365,0.198,1927,99.1,-0.3,332,0.031,24,90.28,15.6,392,0.093,3.8,97.5,75,246,332,6.3,1.9,0.16,0.121,186,221,0.508,90.28,385,356,174,197,0.544,225,360,89.3,99.6,353,354,250,-1.6,9,0.0,0.0,0.0,0.0,10.0,0.0,0.0,0.281,0.0,32,0.333,30.0,0.0,0.0,0.0,77,0.606,0.0,0.0,0.0,0.0,127,0.0,0.0,0.0,0.0,18.0,7.0,0.0,6.0,0.375,0.0,0.0,0.588,8.0,0.0,0.0,0.0,0.0,0.0,1.0,0.0,3.0,80,MIL,26.0,0.0,136,0.0,0.231,0.389,New Orleans,245,1,83.0,23,USA,1993,1999
1564,Etdrick Bohannon,Etdrick,1610612764,WAS,26.0,2,0,2,0.0,3.575,0,0,0.0,0,0,0.0,0,0,0.0,0,0,0,0,0,0,0,0,0,0,0,0,0.0,0,0,0.0,418,423,25,423,435,428,438,428,255,339,255,411,415,411,415,423,427,408,426,401,376,1,1,130,432,189,436,174,12,436,1,401,438,432,0.0,0.0,4,0.0,74.2,13,408,0.0,439,14.1,422,24,63.6,77.8,111.89,404,0.0,9,63.6,-14.7,1,0.0,403,134.27,0.0,439,0.0,0.0,77.8,428,13,1,0.0,0.0,0.0,0.0,429,4,0.0,134.27,408,408,403,400,0.0,422,5,116.27,88.8,1,1,428,14.1,0,,0.0,,,0.0,0.0,,0.0,,0,0.0,0.0,0.0,,,0,0.0,,,,,0,,0.0,0.0,,,,0.0,0.0,0.0,,0.0,0.0,0.0,,,,,,0.0,,0.0,0,WAS,0.0,,0,0.0,0.0,,Auburn-Montgomery,220,Undrafted,81.0,Undrafted,USA,Undrafted,1999
1732,Felipe Lopez,Felipe,1610612763,VAN,24.0,47,6,41,0.128,1221.2616666666668,169,379,0.446,12,44,0.273,87,135,0.644,69,97,166,62,82,49,14,37,128,0,437,-222,836.2,1,0,803.0,140,348,434,419,122,119,121,150,136,131,184,114,103,304,92,177,137,163,85,71,140,392,366,130,127,425,150,125,12,144,1,219,132,221,14.1,0.196,387,0.76,96.5,357,293,0.193,194,-9.1,258,369,105.9,96.8,76.15,284,0.085,2320,105.9,-9.1,273,0.093,183,91.38,14.0,188,0.06,8.1,96.8,191,357,273,10.6,3.6,0.071,0.058,279,387,0.462,91.38,237,255,314,353,0.498,258,231,91.71,105.5,308,309,130,-9.1,28,7.0,0.217,0.25,0.0,5.0,23.0,6.0,0.318,4.0,88,0.109,46.0,5.0,17.0,21.0,124,0.617,0.0,0.0,0.333,0.353,201,1.0,0.313,0.364,1.0,15.0,4.0,15.0,5.0,0.304,0.0,11.0,0.564,56.0,0.0,0.0,1.0,0.0,0.0,48.0,0.0,17.0,124,VAN,27.0,0.0,220,4.0,0.185,0.267,St. John's (NY),195,1,78.0,24,Dominican Republic,1998,1999
280,Felton Spencer,Felton,1610612744,GSW,31.0,26,10,16,0.385,161.13833333333332,15,33,0.455,0,0,0.0,12,26,0.462,18,28,46,0,9,5,10,4,41,1,42,-2,133.2,0,0,118.0,307,289,192,307,350,346,356,127,255,339,255,325,299,388,270,319,311,408,353,328,191,104,142,45,351,204,338,174,12,341,1,79,405,291,16.8,0.139,25,0.0,89.5,122,95,0.139,368,3.2,360,52,88.0,91.2,80.92,404,0.158,319,88.0,-3.4,71,0.0,67,97.11,16.7,358,0.02,1.3,91.2,206,122,71,0.0,0.6,0.126,0.096,387,25,0.455,97.11,408,408,388,272,0.473,360,69,95.42,92.9,372,376,385,3.2,2,0.0,0.0,0.0,0.0,4.0,0.0,0.0,0.286,0.0,7,0.444,9.0,0.0,0.0,0.0,9,0.529,0.0,0.0,0.0,0.0,17,0.0,0.0,0.0,0.0,5.0,1.0,0.0,4.0,1.0,,0.0,0.474,1.0,0.0,,,0.0,,0.0,,1.0,9,GSW,8.0,,19,0.0,0.5,0.2,Louisville,265,1,84.0,6,USA,1990,1999
697,Fred Hoiberg,Fred,1610612754,IND,26.0,12,7,5,0.583,86.75166666666667,6,21,0.286,1,9,0.111,6,6,1.0,2,9,11,4,3,0,0,3,11,0,19,-1,35.2,0,0,35.0,368,333,66,137,372,375,370,401,215,216,247,357,372,1,391,373,375,358,390,401,376,89,67,130,374,194,384,174,12,383,1,234,382,387,9.8,0.144,378,1.33,106.8,233,192,0.138,352,-1.2,64,379,104.8,103.6,76.77,163,0.115,167,104.8,0.8,235,0.077,309,92.13,9.7,360,0.018,1.8,103.6,401,233,235,12.9,0.5,0.068,0.024,30,378,0.31,92.13,275,200,393,180,0.402,64,327,90.18,106.1,85,88,392,-1.2,4,0.0,0.0,0.0,1.0,0.0,8.0,0.0,0.5,0.0,8,0.0,0.0,0.0,0.0,0.0,1,0.25,1.0,1.0,0.0,0.0,4,0.0,0.0,0.0,1.0,0.0,0.0,0.0,1.0,0.5,,6.0,0.25,6.0,1.0,,,1.0,,3.0,,3.0,1,IND,1.0,,4,0.0,1.0,0.0,Iowa State,203,2,76.0,52,USA,1995,1999
202,Gary Grant,Gary,1610612757,POR,34.0,2,1,1,0.5,7.383333333333334,0,1,0.0,0,0,0.0,0,0,0.0,0,0,0,3,0,1,0,0,0,0,0,8,7.5,0,0,5.0,418,408,9,219,425,428,427,428,255,339,255,411,415,411,415,423,427,367,426,385,376,1,1,130,432,165,416,174,12,421,1,401,432,432,0.0,0.073,7,0.0,142.4,3,408,0.067,435,57.1,2,7,71.4,128.6,75.85,404,0.0,14,71.4,66.6,292,0.5,403,91.02,0.0,435,0.128,0.5,128.6,428,3,292,75.0,0.0,0.0,0.0,2,7,0.0,91.02,3,1,56,2,0.0,2,436,83.99,75.8,1,1,428,57.1,0,,0.0,,,0.0,0.0,,0.0,,1,0.0,0.0,0.0,,,0,0.0,,,,,0,,0.0,0.0,,0.0,0.0,0.0,0.0,0.0,,0.0,0.0,1.0,,,,,,0.0,,0.0,0,POR,0.0,,0,0.0,0.0,0.0,Michigan,185,1,75.0,15,USA,1988,1999
56,Gary Payton,Gary,1610612760,SEA,30.0,50,25,25,0.5,2009.785,401,923,0.434,83,281,0.295,199,276,0.721,62,182,244,436,154,109,12,43,115,1,1084,29,2239.8,19,1,2089.0,1,113,347,219,5,6,2,185,11,4,155,21,16,217,105,73,82,3,9,7,163,413,339,45,5,127,5,17,3,3,1,264,4,161,9.4,0.269,374,2.83,103.7,185,256,0.266,42,0.7,37,340,104.6,105.3,75.97,20,0.095,3818,104.6,-0.1,284,0.398,274,91.16,9.4,39,0.156,18.5,105.3,144,185,284,26.7,8.0,0.061,0.03,65,374,0.479,91.16,12,60,23,195,0.519,37,204,92.18,103.8,74,77,8,0.7,45,22.0,0.279,0.319,2.0,49.0,219.0,7.0,0.29,47.0,155,0.329,149.0,61.0,13.0,60.0,224,0.663,0.0,0.0,0.367,0.538,338,15.0,0.329,0.268,3.0,60.0,12.0,48.0,37.0,0.321,0.0,149.0,0.636,81.0,0.0,0.0,0.0,0.0,0.0,146.0,0.0,26.0,238,SEA,110.0,0.0,374,40.0,0.336,0.2,Oregon State,180,1,76.0,2,USA,1990,1999
718,Gary Trent,Gary,1610612742,DAL,24.0,45,18,27,0.4,1360.295,287,602,0.477,0,5,0.0,145,235,0.617,127,224,351,77,66,29,23,47,122,1,719,-40,1345.7,14,0,1251.0,170,201,367,296,95,33,46,86,255,236,255,48,30,323,28,46,37,133,132,179,88,419,355,45,40,308,55,23,12,57,1,69,43,183,7.8,0.261,357,1.17,101.6,248,80,0.256,47,-1.8,105,328,103.6,101.8,75.76,182,0.167,2579,103.6,-1.4,301,0.106,72,90.92,7.8,46,0.127,13.4,101.8,153,248,301,9.1,6.4,0.13,0.094,125,357,0.477,90.92,208,295,59,225,0.51,105,262,91.28,103.0,39,39,28,-1.8,86,0.0,0.0,0.0,1.0,62.0,3.0,0.0,0.361,1.0,238,0.446,139.0,0.0,1.0,2.0,139,0.635,0.0,0.0,0.0,0.0,219,0.0,0.143,0.0,2.0,122.0,44.0,2.0,59.0,0.36,0.0,0.0,0.615,111.0,0.0,2.0,0.0,0.0,0.0,14.0,0.0,40.0,142,DAL,120.0,0.0,231,0.0,0.492,0.361,Ohio,250,1,80.0,11,USA,1995,1999
248,George Lynch,George,1610612755,PHI,28.0,43,23,20,0.535,1314.8616666666667,147,349,0.421,9,23,0.391,53,84,0.631,110,169,279,76,79,85,22,31,142,0,356,109,1046.8,5,0,934.0,188,138,262,190,100,145,136,227,152,175,55,187,172,316,43,84,65,136,97,16,93,369,391,130,161,51,102,69,12,115,1,129,129,315,14.6,0.16,52,0.96,97.6,87,150,0.157,315,5.3,223,42,92.2,97.5,75.63,236,0.132,2474,92.2,5.3,308,0.1,108,90.75,14.6,312,0.089,8.1,97.5,270,87,308,14.0,3.4,0.107,0.084,239,52,0.434,90.75,219,179,198,82,0.461,223,302,90.72,92.3,328,328,145,5.3,48,4.0,0.385,0.4,0.0,13.0,13.0,2.0,0.318,5.0,151,0.25,52.0,5.0,5.0,10.0,77,0.626,0.0,0.0,0.4,0.4,123,2.0,0.36,0.455,0.0,56.0,18.0,9.0,11.0,0.312,0.0,11.0,0.584,77.0,0.0,0.0,0.0,0.0,0.0,25.0,0.0,24.0,80,PHI,43.0,0.0,137,5.0,0.256,0.321,North Carolina,228,1,80.0,12,USA,1993,1999
45,George McCloud,George,1610612756,PHX,32.0,48,25,23,0.521,1242.5916666666667,142,324,0.438,69,166,0.416,75,87,0.862,34,128,162,79,49,45,14,11,128,0,428,14,868.9,0,0,856.0,114,113,315,204,116,150,152,174,22,30,29,139,168,43,184,123,139,129,180,91,140,208,366,130,128,148,141,174,12,133,1,242,178,24,10.0,0.153,314,1.61,102.8,192,219,0.149,331,0.2,101,291,101.8,102.0,77.61,115,0.106,2416,101.8,1.4,181,0.101,282,93.13,10.0,330,0.084,6.8,102.0,29,192,181,16.2,3.0,0.067,0.028,88,314,0.545,93.13,218,145,223,160,0.591,101,160,92.94,101.4,100,97,175,0.2,35,18.0,0.418,0.444,0.0,6.0,122.0,6.0,0.361,27.0,97,0.375,16.0,51.0,16.0,43.0,32,0.696,0.0,0.0,0.419,0.375,46,12.0,0.389,0.419,0.0,18.0,5.0,61.0,4.0,0.458,0.0,43.0,0.681,48.0,0.0,1.0,0.0,0.0,0.0,157.0,0.0,22.0,32,PHX,10.0,0.0,47,18.0,0.4,0.278,Florida State,225,1,80.0,7,USA,1989,1999
1871,Gerald Brown,Gerald,1610612756,PHX,23.0,33,17,16,0.515,237.61333333333334,33,89,0.371,3,10,0.3,11,14,0.786,5,17,22,31,22,5,1,8,21,0,80,-67,148.9,0,0,148.0,271,214,192,213,333,311,304,345,197,208,152,328,339,132,357,341,349,236,282,328,339,156,91,130,318,360,335,174,12,333,1,349,338,369,14.8,0.225,361,1.41,94.5,403,353,0.212,99,-13.6,372,394,103.8,90.2,79.2,151,0.068,469,103.8,-12.5,114,0.23,328,95.05,15.0,122,0.047,2.7,90.2,362,403,114,21.1,1.0,0.045,0.021,323,361,0.388,95.05,78,98,341,389,0.42,372,250,91.45,107.0,341,338,339,-13.6,14,0.0,0.375,0.0,,4.0,8.0,0.0,0.333,1.0,42,0.267,15.0,3.0,1.0,2.0,12,0.545,,,0.0,0.0,22,0.0,0.357,0.25,0.0,10.0,3.0,5.0,3.0,0.333,0.0,4.0,0.522,27.0,0.0,0.0,0.0,0.0,0.0,14.0,0.0,9.0,12,PHX,11.0,0.0,23,1.0,0.273,0.3,Pepperdine,210,Undrafted,76.0,Undrafted,USA,Undrafted,1999
786,Gerald Wilkins,Gerald,1610612753,ORL,35.0,3,1,2,0.333,28.623333333333335,0,9,0.0,0,0,0.0,2,2,1.0,0,1,1,1,3,0,0,2,3,0,2,1,1.7,0,0,4.0,409,408,25,337,401,428,398,428,255,339,255,388,396,1,415,409,417,385,390,401,376,62,30,130,421,185,432,174,12,425,1,401,312,431,21.6,0.192,17,0.33,85.1,118,408,0.191,212,3.4,398,15,83.6,87.0,76.16,369,0.0,54,83.6,-2.0,272,0.067,403,91.39,21.4,198,-0.232,3.0,87.0,428,118,272,7.1,0.0,0.0,0.0,417,17,0.0,91.39,302,336,433,244,0.101,398,308,90.59,87.1,409,410,428,3.4,0,0.0,0.0,,,0.0,0.0,0.0,0.0,,5,0.0,3.0,0.0,0.0,0.0,0,0.0,,,0.0,0.0,1,,0.0,0.0,,1.0,0.0,0.0,0.0,0.0,,0.0,0.0,2.0,,,,,,2.0,,0.0,0,ORL,3.0,,1,0.0,0.0,0.0,Tennessee-Chattanooga,185,2,78.0,47,USA,1985,1999
1562,Gerard King,Gerard,1610612759,SAS,26.0,19,12,7,0.632,60.406666666666666,6,14,0.429,0,0,0.0,11,18,0.611,6,8,14,4,4,2,1,1,12,1,23,4,50.8,0,0,47.0,337,272,81,107,381,375,385,205,255,339,255,328,324,325,348,375,368,358,382,370,339,41,69,45,370,176,374,174,12,375,1,165,429,146,13.4,0.174,41,1.0,102.0,81,241,0.17,279,5.6,268,119,90.8,96.4,92.04,212,0.099,137,90.8,5.7,11,0.103,79,110.45,12.9,278,0.054,0.7,96.4,288,81,11,12.9,0.3,0.095,0.091,112,41,0.429,110.45,213,200,325,76,0.525,268,16,104.21,96.3,258,280,417,5.6,2,0.0,0.0,0.0,,0.0,0.0,0.0,0.25,0.0,8,0.0,1.0,0.0,0.0,0.0,4,0.8,,,0.0,0.0,5,0.0,0.0,0.0,,5.0,2.0,0.0,0.0,0.0,0.0,0.0,0.8,1.0,,,0.0,,,0.0,,0.0,4,SAS,3.0,0.0,5,0.0,0.0,0.4,Nicholls State,230,Undrafted,81.0,Undrafted,USA,Undrafted,1999
49,Gheorghe Muresan,Gheorghe,1610612751,NJN,28.0,1,1,0,1.0,1.15,0,1,0.0,0,0,0.0,0,0,0.0,0,0,0,0,1,0,0,0,0,0,0,-4,-1.0,0,0,0.0,431,408,1,1,440,428,427,428,255,339,255,411,415,411,415,423,427,408,410,401,376,1,1,130,432,215,439,174,12,436,1,401,412,432,50.0,1.0,440,0.0,0.0,440,408,0.667,1,-200.0,440,440,200.0,0.0,86.96,404,0.0,3,200.0,-200.0,19,0.0,403,104.35,50.0,1,-0.4,1.0,0.0,428,440,19,0.0,0.0,0.0,0.0,440,440,0.0,104.35,408,408,437,440,0.0,440,439,83.48,200.0,438,438,428,-200.0,0,,,,,,,,0.0,,1,,,,,,0,0.0,,,,,0,,,,,1.0,0.0,,,0.0,,,0.0,0.0,,,,,,,,0.0,0,NJN,,,0,,,0.0,None,303,2,91.0,30,Romania,1993,1999
779,Glen Rice,Glen,1610612747,LAL,32.0,27,16,11,0.593,985.2683333333333,171,396,0.432,53,135,0.393,77,90,0.856,9,90,99,71,45,17,6,15,67,0,472,55,721.3,1,0,741.0,300,225,113,129,180,115,111,192,43,57,50,135,161,51,321,191,227,145,197,247,251,253,210,130,107,92,181,125,12,168,1,309,27,100,8.2,0.224,331,1.58,105.1,119,262,0.221,103,3.3,29,280,102.4,105.7,78.05,121,0.093,1918,102.4,4.1,164,0.118,390,93.66,8.2,94,0.101,14.7,105.7,97,119,164,12.9,6.3,0.052,0.01,42,331,0.499,93.66,179,202,138,102,0.542,29,91,94.57,101.0,45,46,29,3.3,72,8.0,0.388,0.455,1.0,13.0,116.0,3.0,0.45,11.0,160,0.295,44.0,45.0,7.0,18.0,33,0.579,0.0,0.0,0.444,0.429,57,5.0,0.487,0.379,1.0,46.0,19.0,55.0,10.0,0.372,0.0,66.0,0.559,78.0,0.0,0.0,1.0,0.0,0.0,113.0,0.0,29.0,33,LAL,32.0,0.0,59,25.0,0.313,0.413,Michigan,220,1,80.0,4,USA,1989,1999
299,Glenn Robinson,Glenn,1610612749,MIL,26.0,47,26,21,0.553,1576.795,347,756,0.459,31,79,0.392,140,161,0.87,73,203,276,100,106,46,41,38,114,2,865,148,1501.2,3,0,1446.0,140,106,277,166,54,15,17,120,85,93,51,54,72,36,86,56,68,105,49,82,48,396,335,15,19,39,41,92,12,39,1,170,17,149,10.3,0.283,259,0.94,105.4,77,141,0.28,25,5.7,27,230,100.1,105.9,74.06,239,0.135,2910,100.1,5.7,384,0.118,200,88.87,10.3,22,0.131,16.1,105.9,143,77,384,9.7,7.4,0.095,0.052,41,259,0.479,88.87,180,273,49,77,0.523,27,357,89.32,99.6,120,119,17,5.7,198,11.0,0.385,0.667,0.0,31.0,52.0,3.0,0.438,12.0,452,0.419,74.0,20.0,14.0,26.0,87,0.572,0.0,0.0,0.423,0.214,152,8.0,0.433,0.395,0.0,201.0,91.0,26.0,28.0,0.413,0.0,43.0,0.556,218.0,0.0,,1.0,0.0,,60.0,,90.0,95,MIL,62.0,0.0,171,17.0,0.452,0.453,Purdue,230,1,79.0,1,USA,1994,1999
255,Grant Hill,Grant,1610612765,DET,26.0,50,29,21,0.58,1849.5883333333334,384,802,0.479,0,14,0.0,285,379,0.752,65,290,355,300,184,80,27,53,114,0,1053,192,2066.0,10,1,1922.0,1,68,277,142,14,10,11,81,255,196,255,5,7,167,99,18,35,17,2,20,75,428,335,130,8,29,11,38,3,12,1,136,19,96,12.7,0.295,207,1.63,103.5,80,69,0.291,17,5.6,49,206,98.7,104.3,74.5,113,0.17,3444,98.7,4.4,369,0.324,235,89.4,12.7,16,0.179,16.0,104.3,148,80,369,20.7,7.7,0.105,0.039,71,207,0.479,89.4,27,103,9,95,0.543,49,349,89.59,99.1,247,243,13,5.6,165,0.0,0.0,0.0,2.0,45.0,11.0,0.0,0.415,1.0,398,0.421,107.0,0.0,0.0,1.0,174,0.615,0.0,0.0,0.0,0.0,283,0.0,0.368,0.0,2.0,178.0,80.0,7.0,33.0,0.389,0.0,7.0,0.611,211.0,0.0,0.0,1.0,0.0,0.0,19.0,0.0,82.0,182,DET,86.0,0.0,298,0.0,0.384,0.449,Duke,225,1,80.0,3,USA,1994,1999
3,Grant Long,Grant,1610612737,ATL,33.0,50,31,19,0.62,1380.1783333333333,151,359,0.421,3,18,0.167,184,235,0.783,100,196,296,53,74,57,16,25,143,2,489,205,1068.7,5,0,987.0,1,50,245,114,88,140,130,230,197,184,229,27,30,133,53,62,57,184,109,55,124,326,393,15,99,23,98,69,12,99,1,127,166,130,12.6,0.186,31,0.72,96.3,51,128,0.184,231,7.9,251,20,89.0,97.0,72.11,293,0.142,2492,89.0,8.3,433,0.078,140,86.53,12.4,222,0.125,7.2,97.0,300,51,433,8.9,3.0,0.108,0.074,286,31,0.425,86.53,274,299,65,45,0.529,251,417,87.28,88.0,229,233,168,7.9,62,1.0,0.143,0.333,0.0,19.0,14.0,0.0,0.367,3.0,169,0.352,54.0,2.0,1.0,4.0,67,0.568,0.0,0.0,0.25,0.0,118,1.0,0.263,0.1,0.0,66.0,20.0,5.0,16.0,0.398,0.0,10.0,0.567,93.0,0.0,0.0,0.0,0.0,0.0,19.0,0.0,37.0,72,ATL,44.0,0.0,127,1.0,0.364,0.303,Eastern Michigan,248,2,81.0,33,USA,1988,1999
21,Greg Anthony,Greg,1610612757,POR,31.0,50,35,15,0.7,805.8966666666666,104,251,0.414,49,125,0.392,62,89,0.697,14,49,63,100,55,66,3,10,75,1,319,184,696.6,0,0,669.0,1,13,172,50,211,195,194,248,51,60,52,170,162,256,296,270,286,105,165,37,291,188,224,45,178,33,185,174,12,183,1,368,230,76,12.4,0.199,37,1.82,102.8,19,373,0.194,185,12.2,95,28,90.2,102.3,76.54,84,0.061,1540,90.2,12.9,248,0.223,346,91.84,12.3,183,0.121,5.0,102.3,66,19,248,22.4,2.1,0.04,0.018,87,37,0.512,91.84,81,91,72,17,0.55,95,229,91.75,89.9,227,229,236,12.2,21,12.0,0.37,0.556,0.0,5.0,100.0,7.0,0.333,9.0,63,0.417,12.0,37.0,16.0,25.0,29,0.569,0.0,0.0,0.48,0.438,51,5.0,0.4,0.333,0.0,23.0,5.0,42.0,5.0,0.409,0.0,36.0,0.556,22.0,0.0,2.0,0.0,0.0,1.0,105.0,0.5,9.0,30,POR,9.0,0.0,54,12.0,0.556,0.217,UNLV,180,1,73.0,12,USA,1991,1999
323,Greg Foster,Greg,1610612762,UTA,30.0,42,29,13,0.69,457.6933333333333,52,138,0.377,1,4,0.25,13,21,0.619,28,55,83,25,24,6,8,9,63,2,118,-77,273.1,0,0,255.0,197,68,134,59,275,275,266,334,215,250,199,322,317,321,212,261,253,258,276,324,216,175,194,15,289,373,291,174,12,291,1,160,301,388,12.2,0.18,223,1.04,93.1,344,174,0.173,256,-8.3,368,233,99.2,90.9,74.81,208,0.122,853,99.2,-6.6,350,0.103,159,89.77,12.2,263,0.036,3.3,90.9,368,344,350,12.7,1.2,0.096,0.067,352,223,0.38,89.77,212,204,365,323,0.401,368,387,88.47,99.7,216,221,318,-8.3,32,0.0,0.25,0.0,0.0,2.0,4.0,0.0,0.348,0.0,92,0.118,17.0,1.0,0.0,0.0,17,0.68,0.0,0.0,0.0,0.0,25,0.0,0.407,0.0,0.0,16.0,6.0,11.0,1.0,0.321,0.0,2.0,0.68,53.0,0.0,0.0,0.0,0.0,0.0,27.0,0.0,17.0,17,UTA,15.0,0.0,25,0.0,0.067,0.375,Texas-El Paso,250,2,83.0,35,USA,1990,1999
65,Greg Minor,Greg,1610612738,BOS,27.0,44,19,25,0.432,765.0966666666667,85,204,0.417,8,28,0.286,36,48,0.75,31,86,117,50,38,20,6,20,69,0,214,103,469.4,0,0,441.0,177,185,347,280,220,219,220,241,157,163,165,233,238,170,199,206,202,190,219,230,251,291,213,130,229,55,234,174,12,236,1,212,248,285,12.1,0.152,45,1.32,100.0,61,207,0.148,332,6.9,199,58,91.4,98.3,79.75,165,0.111,1524,91.4,7.0,104,0.101,236,95.71,12.1,333,0.071,4.6,98.3,263,61,104,15.9,1.9,0.074,0.038,164,45,0.436,95.71,215,149,274,55,0.475,199,112,93.98,93.1,206,212,248,6.9,35,2.0,0.286,0.25,0.0,13.0,21.0,1.0,0.38,4.0,92,0.382,34.0,6.0,3.0,7.0,29,0.58,0.0,0.0,0.286,0.333,50,1.0,0.4,0.273,1.0,40.0,19.0,12.0,5.0,0.34,0.0,11.0,0.577,47.0,0.0,0.0,0.0,0.0,0.0,30.0,0.0,16.0,30,BOS,23.0,0.0,52,3.0,0.217,0.475,Louisville,210,1,78.0,25,USA,1994,1999
731,Greg Ostertag,Greg,1610612762,UTA,26.0,48,35,13,0.729,1342.1833333333334,99,208,0.476,0,0,0.0,75,121,0.62,105,243,348,23,45,12,131,38,140,1,273,319,1109.1,4,0,930.0,114,13,134,38,99,202,215,90,255,339,255,139,114,320,49,34,42,268,197,275,5,396,388,45,198,6,91,79,12,117,1,51,255,150,13.7,0.11,78,0.51,105.7,14,50,0.11,418,13.4,22,57,93.5,106.9,73.28,342,0.177,2454,93.5,12.6,415,0.027,73,87.94,13.6,413,0.086,4.3,106.9,156,14,415,6.9,2.1,0.139,0.093,37,78,0.476,87.94,388,342,215,19,0.523,22,385,88.63,93.1,297,298,238,13.4,4,0.0,0.0,0.0,0.0,9.0,0.0,0.0,0.235,0.0,17,0.225,40.0,0.0,0.0,0.0,86,0.57,0.0,0.0,0.0,0.0,151,0.0,0.0,0.0,0.0,18.0,4.0,0.0,5.0,0.333,0.0,0.0,0.553,3.0,0.0,0.0,0.0,0.0,0.0,1.0,0.0,1.0,89,UTA,25.0,0.0,161,0.0,0.2,0.222,Kansas,280,1,86.0,28,USA,1995,1999
165,Hakeem Olajuwon,Hakeem,1610612745,HOU,36.0,50,31,19,0.62,1784.4383333333333,373,725,0.514,4,13,0.308,195,272,0.717,106,372,478,88,139,82,123,32,160,1,945,62,2126.6,25,0,1925.0,1,50,245,114,22,13,23,36,190,200,139,22,17,222,47,4,12,121,18,17,7,375,423,45,14,87,9,9,12,11,1,53,29,60,13.0,0.262,216,0.63,100.7,148,23,0.259,46,2.3,119,189,99.0,101.2,75.52,316,0.203,3362,99.0,2.0,317,0.097,170,90.62,12.9,43,0.156,14.5,101.2,57,148,317,8.1,7.5,0.138,0.065,144,216,0.517,90.62,226,318,22,147,0.559,119,283,90.98,98.7,256,261,15,2.3,144,0.0,0.4,0.0,0.0,83.0,10.0,0.0,0.45,0.0,320,0.426,195.0,4.0,3.0,3.0,142,0.721,0.0,0.0,0.0,0.0,197,0.0,0.357,0.5,0.0,155.0,67.0,5.0,72.0,0.465,0.0,6.0,0.691,144.0,0.0,0.0,1.0,0.0,0.0,14.0,0.0,67.0,159,HOU,175.0,0.0,230,3.0,0.411,0.432,Houston,255,1,84.0,1,Nigeria,1984,1999
265,Harvey Grant,Harvey,1610612755,PHI,33.0,47,27,20,0.574,793.9783333333334,62,168,0.369,1,6,0.167,21,29,0.724,36,74,110,23,21,20,16,2,73,1,146,68,399.5,0,0,352.0,140,87,262,147,212,261,250,349,215,230,229,282,295,211,165,226,211,268,287,230,124,62,217,45,269,79,256,174,12,262,1,220,293,384,9.3,0.117,71,1.1,98.3,99,245,0.114,408,4.4,211,81,93.3,97.8,76.25,197,0.098,1514,93.3,3.5,269,0.048,212,91.5,9.3,408,0.039,3.6,97.8,377,99,269,10.2,1.3,0.071,0.045,216,71,0.372,91.5,350,264,360,113,0.404,211,312,90.53,94.8,67,69,309,4.4,39,0.0,0.2,0.0,0.0,7.0,5.0,0.0,0.312,1.0,125,0.368,19.0,1.0,0.0,1.0,15,0.833,0.0,0.0,0.0,0.0,18,0.0,0.214,0.0,0.0,27.0,10.0,6.0,6.0,0.32,0.0,3.0,0.762,75.0,0.0,0.0,0.0,0.0,0.0,28.0,0.0,24.0,16,PHI,14.0,0.0,21,0.0,0.429,0.37,Oklahoma,225,1,81.0,12,USA,1988,1999
906,Haywoode Workman,Haywoode,1610612749,MIL,33.0,29,16,13,0.552,813.835,73,170,0.429,17,47,0.362,37,47,0.787,14,88,102,172,63,32,1,7,53,0,200,51,616.4,1,0,557.0,293,225,134,169,206,241,248,203,116,126,87,229,245,131,296,198,221,49,142,164,339,144,173,130,243,97,205,125,12,211,1,240,207,147,14.8,0.147,270,2.73,103.8,111,204,0.145,348,3.7,56,229,100.4,104.0,75.52,21,0.112,1534,100.4,4.2,318,0.323,334,90.62,14.8,340,0.115,5.9,104.0,145,111,318,40.3,2.5,0.068,0.02,62,270,0.479,90.62,28,5,90,100,0.524,56,275,91.09,99.6,336,335,202,3.7,29,4.0,0.371,0.286,0.0,3.0,35.0,2.0,0.397,7.0,73,0.25,12.0,13.0,5.0,12.0,24,0.632,0.0,0.0,0.333,0.4,38,2.0,0.382,0.435,1.0,12.0,4.0,13.0,2.0,0.385,0.0,23.0,0.6,52.0,0.0,0.0,0.0,0.0,0.0,34.0,0.0,20.0,24,MIL,8.0,0.0,40,10.0,0.25,0.333,Oral Roberts,180,2,75.0,49,USA,1989,1999
1006,Herb Williams,Herb,1610612752,NYK,41.0,6,3,3,0.5,34.17166666666667,4,8,0.5,0,0,0.0,2,2,1.0,3,3,6,0,2,0,2,0,2,0,10,0,21.2,0,0,20.0,393,382,46,219,396,390,399,46,255,339,255,388,396,1,371,393,392,408,400,401,318,1,20,130,394,189,397,174,12,397,1,196,401,56,18.4,0.138,19,0.0,90.9,235,277,0.131,372,-1.2,411,23,85.3,84.1,80.18,404,0.088,69,85.3,2.3,94,0.0,117,96.22,18.2,378,0.112,1.3,84.1,87,235,94,0.0,0.7,0.085,0.081,376,19,0.5,96.22,408,408,99,137,0.563,411,297,90.77,88.6,386,387,374,-1.2,1,0.0,0.0,0.0,,2.0,0.0,0.0,0.25,0.0,4,0.667,3.0,0.0,0.0,0.0,1,1.0,,,0.0,0.0,1,0.0,0.0,0.0,,2.0,0.0,0.0,2.0,0.5,,0.0,1.0,2.0,,,,,,0.0,,1.0,1,NYK,3.0,,1,0.0,0.667,0.0,Ohio State,260,1,83.0,14,USA,1981,1999
765,Hersey Hawkins,Hersey,1610612760,SEA,32.0,50,25,25,0.5,1644.6766666666667,171,408,0.419,55,180,0.306,119,132,0.902,51,150,201,123,80,80,18,17,90,0,516,102,1155.7,1,0,1091.0,1,113,347,219,44,115,104,236,41,24,144,74,105,25,129,100,108,71,90,20,109,269,262,130,88,56,82,125,12,82,1,263,128,69,12.0,0.15,307,1.54,103.3,130,259,0.146,337,3.0,46,294,101.4,104.4,76.4,129,0.094,3145,101.4,1.7,255,0.119,271,91.68,12.0,338,0.097,8.2,104.4,121,130,255,18.5,3.4,0.062,0.031,79,307,0.487,91.68,178,127,159,155,0.554,46,205,92.15,101.5,203,202,144,3.0,42,12.0,0.321,0.2,0.0,24.0,134.0,8.0,0.42,20.0,100,0.444,54.0,43.0,26.0,46.0,50,0.676,0.0,0.0,0.261,0.308,74,4.0,0.336,0.284,0.0,28.0,12.0,40.0,17.0,0.413,0.0,88.0,0.652,46.0,0.0,0.0,0.0,0.0,0.0,119.0,0.0,19.0,58,SEA,38.0,0.0,89,25.0,0.447,0.429,Bradley,200,1,75.0,6,USA,1988,1999
270,Horace Grant,Horace,1610612753,ORL,33.0,50,33,17,0.66,1655.3583333333333,198,456,0.434,0,2,0.0,47,70,0.671,117,234,351,90,44,46,60,17,99,1,443,42,1273.2,8,0,1096.0,1,22,209,79,43,84,83,186,255,269,255,202,202,288,33,39,37,116,204,82,22,269,293,45,125,109,62,48,12,79,1,130,106,327,7.1,0.147,140,2.05,95.9,165,119,0.146,347,1.5,224,96,96.0,97.5,74.98,67,0.146,3101,96.0,0.4,342,0.095,152,89.98,7.1,339,0.101,9.1,97.5,269,165,342,14.4,4.0,0.107,0.07,296,140,0.434,89.98,229,174,142,188,0.455,224,285,90.96,95.5,29,30,104,1.5,136,0.0,0.0,0.0,1.0,6.0,1.0,0.0,0.413,0.0,329,0.231,26.0,0.0,0.0,0.0,56,0.566,0.0,0.0,0.0,0.0,99,0.0,0.344,0.0,1.0,27.0,8.0,11.0,4.0,0.438,0.0,0.0,0.523,272.0,0.0,0.0,0.0,0.0,0.0,32.0,0.0,119.0,56,ORL,17.0,0.0,107,0.0,0.235,0.296,Clemson,245,1,82.0,10,USA,1987,1999
73,Hot Rod Williams,Hot Rod,1610612742,DAL,36.0,25,7,18,0.28,402.4316666666667,11,33,0.333,0,0,0.0,7,10,0.7,36,47,83,15,13,13,18,5,49,0,29,-88,231.1,0,0,189.0,311,333,231,367,288,361,356,379,255,339,255,351,356,250,165,274,253,304,328,269,109,118,163,130,364,381,308,174,12,319,1,144,403,392,19.9,0.057,309,1.15,91.3,376,182,0.056,438,-10.8,366,327,101.6,90.9,78.67,185,0.118,790,101.6,-11.6,134,0.057,98,94.41,19.7,438,0.036,1.3,90.9,390,376,134,22.7,0.4,0.101,0.086,371,309,0.333,94.41,326,87,364,380,0.388,366,124,93.59,103.0,400,399,406,-10.8,0,0.0,0.0,0.0,0.0,2.0,0.0,0.0,0.0,0.0,5,0.286,7.0,0.0,0.0,0.0,9,0.429,0.0,0.0,0.0,0.0,21,0.0,0.0,0.0,0.0,3.0,1.0,0.0,1.0,0.0,0.0,0.0,0.409,5.0,0.0,0.0,0.0,0.0,0.0,0.0,0.0,0.0,9,DAL,3.0,0.0,22,0.0,0.333,0.333,Tulane,245,2,83.0,45,USA,1985,1999
458,Howard Eisley,Howard,1610612762,UTA,26.0,50,37,13,0.74,1038.455,140,314,0.446,21,50,0.42,67,80,0.838,12,82,94,185,109,30,2,17,122,1,368,39,745.3,1,0,732.0,1,1,134,27,170,156,157,152,106,121,24,156,179,64,311,211,237,43,46,170,318,269,355,45,158,111,175,125,12,170,1,330,194,138,16.9,0.212,105,1.7,97.7,158,314,0.205,144,1.9,254,87,95.0,96.9,74.38,103,0.08,1932,95.0,2.6,376,0.35,375,89.26,17.0,145,0.097,6.3,96.9,146,158,376,28.9,2.8,0.048,0.013,235,105,0.479,89.26,18,44,156,129,0.527,254,381,88.78,95.2,379,378,186,1.9,51,4.0,0.378,1.0,0.0,24.0,45.0,1.0,0.418,3.0,122,0.375,64.0,17.0,2.0,5.0,44,0.564,0.0,0.0,0.8,0.5,78,3.0,0.534,0.333,0.0,41.0,21.0,31.0,10.0,0.377,0.0,18.0,0.548,69.0,0.0,1.0,2.0,0.0,0.0,58.0,0.0,26.0,46,UTA,41.0,0.0,84,6.0,0.244,0.512,Boston College,180,2,74.0,30,USA,1994,1999
93,Hubert Davis,Hubert,1610612742,DAL,29.0,50,19,31,0.38,1374.8266666666666,174,397,0.438,65,144,0.451,44,50,0.88,3,83,86,89,57,21,3,11,76,2,457,-52,708.7,0,0,745.0,1,185,404,309,93,108,110,173,28,46,16,209,232,30,371,209,247,117,159,224,291,208,227,15,114,337,183,174,12,167,1,390,137,89,10.1,0.162,362,1.56,102.2,254,370,0.156,310,-2.0,106,350,103.8,101.8,76.24,125,0.063,2621,103.8,-1.9,270,0.108,402,91.49,10.1,315,0.07,7.9,101.8,53,254,270,15.8,3.5,0.032,0.002,107,362,0.52,91.49,202,150,279,241,0.545,106,267,91.18,104.1,113,105,138,-2.0,81,5.0,0.444,1.0,0.0,16.0,133.0,4.0,0.424,1.0,191,0.485,33.0,59.0,9.0,10.0,13,0.433,0.0,0.0,0.5,0.444,30,1.0,0.449,0.406,0.0,20.0,8.0,71.0,15.0,0.432,0.0,69.0,0.412,88.0,0.0,0.0,0.0,0.0,0.0,158.0,0.0,38.0,14,DAL,28.0,0.0,34,28.0,0.536,0.4,North Carolina,183,1,77.0,20,USA,1992,1999
1134,Ike Austin,Ike,1610612753,ORL,29.0,49,33,16,0.673,1257.355,185,453,0.408,2,7,0.286,105,157,0.669,83,154,237,89,114,47,35,29,125,0,477,-15,1026.9,1,0,969.0,84,22,192,67,114,98,84,268,203,222,165,89,76,291,72,95,88,117,38,78,59,357,360,130,105,256,110,125,12,103,1,172,101,325,15.7,0.234,125,0.78,93.8,217,172,0.232,79,-0.6,299,94,95.7,95.1,75.09,277,0.123,2360,95.7,-1.5,337,0.128,166,90.11,15.7,72,0.072,9.2,95.1,335,217,337,12.2,3.8,0.094,0.066,335,125,0.411,90.11,168,216,271,232,0.457,299,290,90.87,95.3,354,355,119,-0.6,76,1.0,0.167,0.0,0.0,27.0,6.0,1.0,0.342,0.0,222,0.36,75.0,1.0,1.0,1.0,80,0.537,0.0,0.0,1.0,1.0,149,0.0,0.111,0.25,0.0,85.0,32.0,1.0,17.0,0.359,0.0,4.0,0.521,131.0,0.0,0.0,0.0,0.0,0.0,9.0,0.0,47.0,87,ORL,57.0,0.0,167,1.0,0.298,0.376,Arizona State,270,2,82.0,48,USA,1991,1999
375,Isaiah Rider,Isaiah,1610612757,POR,28.0,47,32,15,0.681,1382.58,249,605,0.412,42,111,0.378,111,147,0.755,59,137,196,104,95,25,9,30,100,1,651,19,1049.2,1,0,1061.0,140,42,172,65,87,50,41,258,61,68,71,81,90,160,110,114,110,98,63,203,204,366,294,45,55,142,101,125,12,86,1,221,48,261,10.9,0.253,243,1.09,99.6,189,244,0.247,52,0.4,147,211,99.8,100.2,76.15,199,0.098,2636,99.8,0.4,274,0.141,223,91.38,11.0,52,0.088,12.9,100.2,232,189,274,12.0,5.3,0.071,0.043,175,243,0.446,91.38,151,221,205,187,0.486,147,222,91.89,99.2,156,151,53,0.4,102,5.0,0.363,0.75,1.0,26.0,102.0,2.0,0.342,4.0,298,0.321,81.0,37.0,4.0,8.0,79,0.687,0.0,0.0,0.625,0.5,115,3.0,0.407,0.293,1.0,80.0,27.0,61.0,16.0,0.328,0.0,41.0,0.669,134.0,0.0,0.0,1.0,0.0,0.0,150.0,0.0,44.0,89,POR,65.0,0.0,133,12.0,0.246,0.338,UNLV,215,1,77.0,5,USA,1993,1999
1764,J.R. Henderson,J.R.,1610612763,VAN,22.0,31,4,27,0.129,332.47,35,96,0.365,2,5,0.4,25,45,0.556,20,27,47,22,18,9,4,15,29,1,97,-47,207.4,0,0,194.0,280,370,367,417,308,307,298,357,203,236,38,271,250,351,257,320,309,276,307,297,277,253,116,45,305,326,316,174,12,317,1,217,310,372,11.6,0.189,285,1.22,93.6,341,288,0.186,219,-8.0,341,262,100.8,92.8,73.87,174,0.087,615,100.8,-6.9,392,0.128,178,88.65,11.4,219,0.047,3.1,92.8,372,341,392,13.9,1.1,0.073,0.06,342,285,0.375,88.65,169,180,342,327,0.419,341,389,88.44,100.5,174,183,325,-8.0,3,0.0,0.4,0.0,0.0,5.0,5.0,0.0,0.2,0.0,15,0.278,18.0,2.0,0.0,0.0,25,0.431,0.0,0.0,0.0,0.0,58,0.0,0.333,0.5,0.0,5.0,2.0,2.0,1.0,0.25,0.0,2.0,0.422,8.0,0.0,0.0,0.0,0.0,0.0,6.0,0.0,2.0,27,VAN,11.0,0.0,64,1.0,0.091,0.4,UCLA,233,2,80.0,56,USA,1998,1999
462,J.R. Reid,J.R.,1610612747,LAL,31.0,41,17,24,0.415,1031.2783333333334,132,277,0.477,0,1,0.0,105,137,0.766,45,167,212,48,51,37,10,10,135,0,369,-36,785.4,3,0,723.0,210,214,337,291,171,166,176,88,255,288,255,89,101,146,144,86,100,194,178,131,191,188,378,130,157,304,163,92,12,172,2,133,177,81,11.7,0.18,234,0.94,98.9,229,99,0.179,257,-1.1,194,226,99.5,98.4,77.55,240,0.157,1992,99.5,-0.6,185,0.081,207,93.07,11.5,245,0.096,6.8,98.4,154,229,185,10.8,3.2,0.106,0.048,199,234,0.477,93.07,269,247,164,205,0.547,194,161,92.89,99.5,184,189,159,-1.1,79,0.0,0.0,0.0,0.0,23.0,1.0,0.0,0.42,0.0,188,0.5,46.0,0.0,0.0,0.0,30,0.714,0.0,0.0,0.0,0.0,42,0.0,0.419,0.0,0.0,51.0,20.0,13.0,20.0,0.438,0.0,1.0,0.717,105.0,0.0,0.0,0.0,0.0,0.0,31.0,0.0,46.0,33,LAL,43.0,0.0,46,0.0,0.465,0.392,North Carolina,247,1,82.0,5,USA,1989,1999
1521,Jacque Vaughn,Jacque,1610612762,UTA,24.0,19,15,4,0.789,86.42166666666667,11,30,0.367,2,8,0.25,20,24,0.833,1,10,11,12,14,5,0,1,14,0,44,-40,76.2,0,0,79.0,337,237,55,15,373,361,362,352,203,219,199,291,306,68,403,368,375,322,322,328,376,41,75,130,348,308,361,174,12,360,1,258,393,99,21.0,0.276,341,0.86,87.3,418,200,0.264,30,-21.4,418,398,102.7,81.3,84.47,259,0.114,182,102.7,-20.1,28,0.316,384,101.36,20.6,40,0.091,1.6,81.3,348,418,28,17.6,0.6,0.063,0.011,401,341,0.4,101.36,32,133,182,411,0.542,418,62,95.65,107.5,406,407,383,-21.4,6,1.0,0.2,0.333,,0.0,5.0,0.0,0.375,3.0,16,0.0,0.0,1.0,0.0,3.0,3,0.5,,,0.333,0.0,6,1.0,0.6,0.0,1.0,1.0,0.0,6.0,0.0,0.2,0.0,2.0,0.5,10.0,0.0,0.0,0.0,0.0,0.0,10.0,0.0,2.0,3,UTA,0.0,0.0,6,0.0,0.0,0.0,Kansas,190,1,73.0,27,USA,1997,1999
1751,Jahidi White,Jahidi,1610612764,WAS,23.0,20,6,14,0.3,190.355,17,32,0.531,0,0,0.0,15,35,0.429,23,35,58,1,16,3,11,0,39,1,49,-12,146.1,0,0,136.0,333,348,160,355,340,344,358,29,255,339,255,314,275,397,242,302,290,385,314,358,176,1,139,45,340,239,337,174,12,336,1,42,392,165,24.8,0.147,206,0.06,96.6,247,57,0.141,349,-1.6,245,281,98.7,97.1,79.01,402,0.173,373,98.7,-4.4,121,0.008,35,94.81,25.0,352,0.031,1.6,97.1,44,247,121,1.6,0.9,0.143,0.113,274,206,0.531,94.81,406,406,371,293,0.517,245,114,93.92,101.0,417,415,358,-1.6,0,0.0,0.0,0.0,0.0,1.0,0.0,0.0,0.0,0.0,1,0.2,5.0,0.0,0.0,0.0,16,0.615,0.0,0.0,0.0,0.0,26,0.0,0.0,0.0,0.0,1.0,0.0,0.0,1.0,0.0,0.0,0.0,0.552,0.0,0.0,0.0,0.0,0.0,0.0,0.0,0.0,0.0,16,WAS,2.0,0.0,29,0.0,0.5,0.0,Georgetown,290,2,81.0,43,USA,1998,1999
147,Jalen Rose,Jalen,1610612754,IND,26.0,49,33,16,0.673,1238.805,200,496,0.403,17,65,0.262,125,158,0.791,34,120,154,93,72,50,15,27,128,1,542,104,989.3,0,0,936.0,84,22,192,67,118,82,69,280,116,108,192,68,75,127,184,139,149,111,115,67,135,345,366,45,84,54,118,174,12,114,1,253,85,271,9.9,0.244,194,1.29,103.4,94,230,0.24,60,4.8,83,182,98.2,103.0,75.4,167,0.102,2331,98.2,4.8,325,0.147,279,90.47,9.8,58,0.09,10.1,103.0,315,94,325,12.6,4.1,0.065,0.029,76,194,0.42,90.47,148,205,186,88,0.479,83,331,90.15,98.6,90,91,99,4.8,91,6.0,0.262,0.2,1.0,37.0,42.0,4.0,0.391,10.0,233,0.394,94.0,11.0,12.0,22.0,55,0.529,0.0,0.0,0.273,0.333,104,2.0,0.314,0.25,2.0,88.0,35.0,16.0,30.0,0.4,0.0,32.0,0.521,125.0,0.0,0.0,0.0,0.0,0.0,51.0,0.0,50.0,61,IND,81.0,0.0,117,8.0,0.37,0.398,Michigan,210,1,80.0,13,USA,1994,1999
469,Jamal Mashburn,Jamal,1610612748,MIA,26.0,24,15,9,0.625,853.625,134,297,0.451,13,30,0.433,75,104,0.721,24,122,146,75,60,20,3,19,58,0,356,94,652.7,1,0,636.0,315,237,94,109,201,164,165,139,132,156,20,139,138,216,238,135,158,138,150,230,291,281,177,130,161,64,196,125,12,188,1,181,52,159,12.6,0.234,142,1.25,102.9,68,126,0.229,78,6.2,96,105,96.1,102.3,72.73,172,0.143,1551,96.1,7.1,426,0.164,261,87.27,12.6,80,0.115,12.4,102.3,163,68,426,15.7,5.6,0.092,0.032,86,142,0.473,87.27,134,153,93,53,0.519,96,420,87.13,95.8,237,234,47,6.2,46,6.0,0.5,0.667,,17.0,14.0,4.0,0.397,3.0,116,0.333,51.0,7.0,13.0,16.0,58,0.58,,,0.375,0.308,100,2.0,0.438,0.375,0.0,31.0,11.0,21.0,13.0,0.387,0.0,8.0,0.564,62.0,0.0,,0.0,0.0,,48.0,,24.0,62,MIA,38.0,0.0,110,3.0,0.342,0.355,Kentucky,241,1,80.0,4,USA,1993,1999
1526,James Cotton,James,1610612760,SEA,23.0,10,5,5,0.5,56.785,6,18,0.333,0,3,0.0,13,18,0.722,2,8,10,0,3,3,0,3,6,0,25,-46,43.0,0,0,41.0,377,360,66,219,383,375,378,379,255,257,255,322,324,212,391,375,380,408,390,358,376,89,48,130,367,323,379,174,12,379,1,216,381,267,10.4,0.214,427,0.0,84.6,430,196,0.211,136,-34.1,419,426,115.4,81.3,90.87,404,0.114,128,115.4,-34.0,14,0.0,273,109.04,10.0,126,0.061,1.8,81.3,390,430,14,0.0,0.6,0.074,0.03,419,427,0.333,109.04,408,408,311,429,0.482,419,12,105.43,118.6,96,122,380,-34.1,2,0.0,0.0,,,1.0,3.0,0.0,0.4,,5,0.333,3.0,0.0,0.0,0.0,3,0.429,,,0.0,0.0,7,,0.5,0.0,,2.0,0.0,1.0,0.0,1.0,,3.0,0.444,1.0,,,,,,2.0,,1.0,4,SEA,1.0,,9,0.0,0.0,0.0,Long Beach State,220,2,77.0,32,USA,1997,1999
381,James Robinson,James,1610612750,MIN,28.0,31,4,27,0.129,509.915,67,185,0.362,21,74,0.284,28,41,0.683,18,44,62,56,44,22,8,9,60,0,183,-59,387.4,0,0,382.0,280,370,367,417,264,250,232,362,106,97,178,259,259,276,270,280,287,176,204,217,216,175,183,130,250,345,258,174,12,253,2,266,203,336,14.5,0.213,322,1.27,95.1,318,251,0.207,142,-6.2,283,357,102.0,95.8,77.35,169,0.096,987,102.0,-9.6,195,0.204,263,92.82,14.6,139,0.063,6.0,95.8,322,318,195,18.5,2.2,0.061,0.032,315,322,0.419,92.82,90,125,306,356,0.451,283,211,92.05,104.6,327,324,229,-6.2,11,6.0,0.246,0.333,0.0,7.0,61.0,4.0,0.224,6.0,49,0.583,12.0,15.0,6.0,12.0,28,0.549,0.0,0.0,0.5,0.667,51,2.0,0.39,0.208,0.0,14.0,5.0,16.0,4.0,0.174,0.0,48.0,0.549,23.0,0.0,0.0,0.0,0.0,0.0,41.0,0.0,4.0,28,MIN,8.0,0.0,51,10.0,0.5,0.357,Alabama,180,1,74.0,21,USA,1993,1999
994,Jamie Feick,Jamie,1610612751,NJN,24.0,28,14,14,0.5,850.2683333333333,67,134,0.5,0,0,0.0,43,60,0.717,112,176,288,24,34,25,18,15,73,0,177,8,653.6,6,0,575.0,296,245,160,219,202,250,269,46,255,339,255,213,215,223,42,77,59,263,233,203,109,253,217,130,254,165,195,58,12,205,2,6,241,74,15.6,0.101,381,0.71,105.6,187,10,0.098,425,0.6,31,380,105.0,105.6,78.23,297,0.227,1662,105.0,-0.5,152,0.042,15,93.88,15.7,425,0.096,4.8,105.6,87,187,152,11.1,2.4,0.173,0.125,38,381,0.5,93.88,368,242,161,203,0.552,31,135,93.36,106.2,355,353,213,0.6,10,0.0,0.0,0.0,0.0,1.0,0.0,0.0,0.333,0.0,30,0.2,5.0,0.0,0.0,0.0,56,0.566,0.0,0.0,0.0,0.0,99,0.0,0.0,0.0,0.0,2.0,1.0,0.0,1.0,0.346,0.0,0.0,0.566,26.0,0.0,0.0,0.0,0.0,0.0,2.0,0.0,9.0,56,NJN,5.0,0.0,99,0.0,0.2,0.5,Michigan State,255,2,80.0,48,USA,1996,1999
320,Jamie Watson,Jamie,1610612748,MIA,27.0,3,2,1,0.667,17.55,1,2,0.5,0,0,0.0,0,0,0.0,0,1,1,1,1,0,0,0,1,0,2,9,3.7,0,0,4.0,409,392,9,73,414,413,422,46,255,339,255,411,415,411,415,409,417,385,410,401,376,1,13,130,421,160,425,174,12,425,1,401,430,211,25.0,0.087,11,1.0,121.4,4,408,0.079,433,30.0,30,13,75.7,105.7,82.05,212,0.0,35,75.7,37.9,53,0.1,403,98.46,25.0,433,0.02,0.7,105.7,87,4,53,25.0,0.3,0.0,0.0,6,11,0.5,98.46,220,67,387,5,0.5,30,410,87.52,83.5,417,417,412,30.0,0,0.0,0.0,0.0,,0.0,0.0,0.0,0.0,0.0,0,0.0,1.0,0.0,0.0,0.0,1,1.0,,,0.0,0.0,1,0.0,0.0,0.0,0.0,1.0,0.0,0.0,0.0,0.0,,0.0,1.0,0.0,0.0,,,0.0,,0.0,,0.0,1,MIA,0.0,,1,0.0,0.0,0.0,South Carolina,190,2,79.0,47,USA,1994,1999
1114,Jaren Jackson,Jaren,1610612759,SAS,31.0,47,34,13,0.723,862.4233333333333,108,284,0.38,53,147,0.361,32,39,0.821,21,78,99,49,37,41,9,11,63,0,301,196,606.3,0,0,602.0,140,17,134,42,200,191,172,321,43,43,90,248,265,91,250,221,227,192,223,114,204,208,194,130,187,27,207,174,12,197,1,291,199,216,9.6,0.181,24,1.32,100.3,17,296,0.176,249,12.7,156,19,87.1,99.8,77.13,164,0.084,1655,87.1,12.4,210,0.099,299,92.56,9.6,254,0.089,6.0,99.8,161,17,210,12.7,2.3,0.056,0.025,153,24,0.474,92.56,224,203,199,20,0.5,156,223,91.88,88.0,82,81,221,12.7,40,18.0,0.318,0.52,2.0,1.0,110.0,5.0,0.404,25.0,99,0.083,12.0,35.0,10.0,35.0,14,0.538,0.0,0.0,0.514,0.5,26,13.0,0.396,0.328,2.0,15.0,3.0,40.0,0.0,0.425,0.0,58.0,0.536,73.0,0.0,0.0,1.0,0.0,0.0,101.0,0.0,31.0,15,SAS,6.0,0.0,28,19.0,0.0,0.2,Georgetown,215,Undrafted,78.0,Undrafted,USA,Undrafted,1999
679,Jason Caffey,Jason,1610612744,GSW,26.0,35,14,21,0.4,874.8783333333333,123,277,0.444,0,1,0.0,62,98,0.633,79,126,205,18,75,24,9,41,113,0,308,-71,605.0,6,0,597.0,258,245,277,296,197,175,176,159,255,288,255,170,152,313,78,129,107,291,105,207,204,407,331,130,182,368,208,58,12,200,1,113,138,269,18.2,0.208,166,0.24,93.5,297,118,0.203,153,-4.2,339,177,97.1,92.9,74.64,387,0.146,1631,97.1,-5.0,359,0.037,104,89.57,18.1,152,0.06,7.9,92.9,239,297,359,4.3,3.5,0.115,0.085,345,166,0.444,89.57,378,388,313,300,0.481,339,384,88.65,98.5,385,386,136,-4.2,25,0.0,0.0,0.0,0.0,21.0,1.0,0.0,0.305,0.0,82,0.304,69.0,0.0,0.0,0.0,77,0.616,0.0,0.0,0.0,0.0,125,0.0,0.0,0.0,0.0,54.0,15.0,0.0,19.0,0.421,0.0,1.0,0.579,19.0,0.0,0.0,0.0,0.0,0.0,0.0,0.0,8.0,81,GSW,63.0,0.0,140,0.0,0.302,0.278,Alabama,256,1,80.0,20,USA,1995,1999
467,Jason Kidd,Jason,1610612756,PHX,26.0,50,27,23,0.54,2063.266666666667,310,698,0.444,45,123,0.366,181,239,0.757,87,252,339,539,150,114,19,25,108,0,846,214,2310.3,30,7,2035.0,1,87,315,180,1,22,27,157,57,61,83,29,28,155,69,28,46,1,10,3,104,326,319,130,22,22,3,3,1,5,1,192,34,141,10.1,0.213,263,3.59,105.0,91,165,0.21,143,5.0,36,181,100.3,105.3,76.74,5,0.126,3966,100.3,6.5,239,0.431,217,92.09,10.1,132,0.164,14.0,105.3,155,91,239,36.2,6.2,0.085,0.044,43,263,0.476,92.09,7,13,18,61,0.527,36,156,93.01,98.5,103,100,32,5.0,101,7.0,0.37,0.333,0.0,30.0,100.0,3.0,0.375,12.0,269,0.345,87.0,37.0,10.0,22.0,135,0.614,0.0,0.0,0.318,0.3,220,4.0,0.374,0.372,0.0,93.0,29.0,46.0,28.0,0.386,0.0,43.0,0.608,145.0,0.0,0.0,3.0,0.0,0.0,123.0,0.0,56.0,135,PHX,69.0,0.0,222,16.0,0.406,0.312,California,212,1,76.0,2,USA,1994,1999
987,Jason Sasser,Jason,1610612763,VAN,25.0,6,3,3,0.5,39.28333333333333,5,11,0.455,0,0,0.0,1,2,0.5,2,5,7,2,2,2,0,3,4,0,11,-7,26.4,0,0,24.0,393,382,46,219,391,381,394,127,255,339,255,403,396,366,391,382,388,375,400,370,376,89,36,130,390,224,389,174,12,392,1,138,379,307,12.6,0.177,97,1.0,87.0,361,90,0.175,268,-9.3,406,149,94.7,85.3,76.37,212,0.161,75,94.7,-10.4,258,0.1,193,91.64,12.5,256,0.072,1.8,85.3,206,361,258,12.5,0.8,0.103,0.054,406,97,0.455,91.64,220,208,269,370,0.463,406,351,89.52,97.4,230,239,359,-9.3,2,0.0,0.0,0.0,,2.0,0.0,0.0,0.4,0.0,5,0.667,3.0,0.0,0.0,0.0,1,0.333,,,0.0,0.0,3,0.0,0.0,0.0,0.0,3.0,1.0,0.0,2.0,0.5,,0.0,0.333,2.0,0.0,,,0.0,,0.0,,1.0,1,VAN,3.0,,3,0.0,0.667,0.333,Texas Tech,225,2,79.0,41,USA,1996,1999
1715,Jason Williams,Jason,1610612758,SAC,23.0,50,27,23,0.54,1806.1966666666667,231,617,0.374,100,323,0.31,79,105,0.752,14,139,153,299,143,95,1,11,91,0,641,-44,1418.1,5,0,1385.0,1,87,315,180,19,60,39,340,4,2,137,129,134,166,296,110,150,18,15,14,339,208,270,130,56,318,50,69,12,43,1,375,53,265,12.9,0.186,315,2.09,99.5,245,350,0.183,232,-1.6,144,274,101.8,100.2,83.11,62,0.07,3761,101.8,-1.4,40,0.243,395,99.74,13.0,229,0.086,12.3,100.2,204,245,40,27.2,4.6,0.039,0.007,179,315,0.455,99.74,72,57,214,221,0.483,144,22,100.6,100.9,265,259,76,-1.6,52,5.0,0.318,0.333,3.0,18.0,296.0,0.0,0.342,15.0,152,0.391,46.0,94.0,8.0,23.0,62,0.639,0.0,0.0,0.217,0.0,97,5.0,0.344,0.298,3.0,38.0,16.0,44.0,9.0,0.361,0.333,228.0,0.624,83.0,0.0,1.0,3.0,0.0,0.0,128.0,0.0,30.0,63,SAC,32.0,1.0,101,68.0,0.281,0.421,Florida,190,1,73.0,7,USA,1998,1999
420,Jayson Williams,Jayson,1610612751,NJN,31.0,30,6,24,0.2,1020.9416666666667,97,218,0.445,0,2,0.0,48,85,0.565,147,213,360,33,46,24,60,12,126,1,242,-111,929.5,10,0,803.0,287,348,337,391,174,204,210,155,255,269,255,199,170,348,17,51,31,229,194,207,22,223,363,45,215,397,128,38,12,144,1,8,161,288,13.8,0.13,208,0.72,93.4,303,18,0.129,390,-4.9,329,209,98.7,93.8,78.12,292,0.209,1987,98.7,-5.7,161,0.054,11,93.75,13.7,383,0.1,7.3,93.8,236,303,161,9.9,3.2,0.169,0.132,346,208,0.445,93.75,333,270,143,306,0.474,329,120,93.74,99.1,300,300,156,-4.9,23,0.0,0.0,0.0,0.0,15.0,2.0,0.0,0.383,0.0,60,0.395,38.0,0.0,0.0,0.0,59,0.5,0.0,0.0,0.0,0.0,118,0.0,0.0,0.0,2.0,26.0,9.0,0.0,9.0,0.467,0.0,0.0,0.5,30.0,0.0,0.0,0.0,0.0,0.0,4.0,0.0,14.0,65,NJN,26.0,0.0,130,0.0,0.346,0.346,St. John's (NY),240,1,81.0,21,USA,1990,1999
204,Jeff Hornacek,Jeff,1610612762,UTA,36.0,48,36,12,0.75,1435.1933333333334,214,449,0.477,34,81,0.42,125,140,0.893,33,127,160,192,82,52,14,23,95,1,587,334,1183.0,0,0,1105.0,114,8,123,21,78,75,87,87,75,91,25,68,98,28,188,124,144,37,85,62,140,310,279,45,71,4,80,174,12,76,1,272,98,39,10.5,0.196,151,2.34,107.5,18,280,0.188,196,12.4,14,106,96.3,108.8,74.47,42,0.088,2673,96.3,11.6,373,0.231,291,89.36,10.7,207,0.128,9.4,108.8,61,18,373,25.0,4.5,0.06,0.027,26,151,0.514,89.36,76,67,57,21,0.575,14,333,90.13,95.8,135,124,83,12.4,91,11.0,0.344,0.8,0.0,33.0,64.0,7.0,0.448,5.0,203,0.429,77.0,22.0,11.0,16.0,57,0.64,0.0,0.0,0.688,0.636,89,4.0,0.505,0.37,0.0,47.0,22.0,55.0,23.0,0.404,0.0,27.0,0.612,109.0,0.0,0.0,1.0,0.0,0.0,109.0,0.0,44.0,60,UTA,58.0,0.0,98,10.0,0.397,0.468,Iowa State,190,2,76.0,46,USA,1986,1999
976,Jeff McInnis,Jeff,1610612764,WAS,24.0,35,12,23,0.343,424.9433333333333,50,134,0.373,9,35,0.257,21,28,0.75,9,12,21,73,30,19,1,6,36,0,130,-69,294.7,0,0,273.0,258,272,315,335,283,280,269,341,152,144,196,282,298,170,321,358,352,142,252,238,339,130,134,130,277,362,284,174,12,287,1,398,282,351,12.0,0.193,204,2.43,92.9,334,402,0.188,206,-7.1,357,287,98.6,91.5,77.7,35,0.03,820,98.6,-8.4,176,0.317,330,93.25,12.0,208,0.072,3.8,91.5,341,334,176,29.1,1.4,0.025,0.02,356,204,0.407,93.25,30,41,272,346,0.444,357,264,91.26,101.3,201,206,295,-7.1,22,0.0,0.257,0.0,0.0,10.0,35.0,0.0,0.355,0.0,62,0.5,20.0,9.0,0.0,0.0,9,0.529,0.0,0.0,0.0,0.0,17,0.0,0.273,0.259,0.0,34.0,14.0,3.0,5.0,0.429,0.0,27.0,0.529,28.0,0.0,1.0,1.0,0.0,0.0,11.0,0.0,12.0,9,WAS,15.0,0.0,17,7.0,0.333,0.412,North Carolina,190,2,76.0,37,USA,1996,1999
1852,Jeff Sheppard,Jeff,1610612737,ATL,24.0,17,9,8,0.529,183.7,15,39,0.385,2,7,0.286,8,13,0.615,6,16,22,16,7,3,0,4,12,0,40,-4,92.4,0,0,86.0,346,304,85,195,344,346,350,315,203,222,165,341,345,324,348,345,349,301,364,358,376,104,69,130,353,215,356,174,12,357,1,275,353,342,10.3,0.13,40,2.29,91.1,230,285,0.126,391,-1.1,377,73,90.7,89.6,77.3,44,0.087,355,90.7,-2.9,199,0.157,268,92.76,10.3,391,0.064,2.3,89.6,336,230,199,23.5,0.9,0.059,0.031,374,40,0.41,92.76,137,84,301,259,0.447,377,321,90.34,94.0,122,121,353,-1.1,2,1.0,0.2,0.0,0.0,1.0,5.0,1.0,0.182,1.0,11,0.333,3.0,1.0,1.0,2.0,10,0.556,0.0,0.0,0.5,1.0,18,0.0,0.5,0.0,0.0,2.0,1.0,2.0,1.0,0.111,,3.0,0.556,9.0,0.0,,,0.0,,4.0,,1.0,10,ATL,3.0,,18,0.0,0.333,0.5,Kentucky,190,Undrafted,75.0,Undrafted,USA,Undrafted,1999
1741,Jelani McCoy,Jelani,1610612760,SEA,21.0,26,14,12,0.538,328.055,56,76,0.737,0,0,0.0,21,42,0.5,27,52,79,4,10,11,20,8,42,0,133,-69,316.8,0,0,278.0,307,245,123,189,309,270,317,5,255,339,255,282,254,366,215,267,263,358,348,286,101,156,148,130,276,362,278,174,12,285,1,100,320,4,9.2,0.147,400,0.4,100.3,371,110,0.14,346,-10.0,259,393,106.8,96.8,80.05,366,0.152,655,106.8,-6.6,96,0.023,98,96.06,9.2,356,0.125,2.9,96.8,5,371,96,3.7,2.2,0.12,0.086,155,400,0.737,96.06,399,393,64,322,0.704,259,101,94.36,106.9,62,63,232,-10.0,4,0.0,0.0,0.0,,12.0,0.0,0.0,0.5,0.0,8,0.6,20.0,0.0,0.0,0.0,40,0.833,,,0.0,0.0,48,0.0,0.0,0.0,,2.0,1.0,0.0,9.0,0.667,0.0,0.0,0.83,3.0,,0.0,0.0,,0.0,1.0,0.0,2.0,44,SEA,17.0,0.0,53,0.0,0.529,0.5,UCLA,245,2,82.0,33,USA,1998,1999
1532,Jerald Honeycutt,Jerald,1610612755,PHI,24.0,16,7,9,0.438,100.82166666666667,9,32,0.281,5,17,0.294,7,10,0.7,3,9,12,3,9,5,2,4,16,0,30,-30,60.9,0,0,64.0,350,333,94,276,366,366,358,407,180,187,156,351,356,250,371,373,373,367,353,328,318,104,79,130,363,290,369,174,12,363,2,297,366,374,18.6,0.2,192,0.33,88.9,396,277,0.192,177,-12.8,407,242,98.1,85.3,81.73,369,0.088,204,98.1,-11.1,59,0.067,294,98.07,18.4,194,-0.006,2.0,85.3,381,396,59,6.1,0.6,0.055,0.026,391,192,0.359,98.07,302,359,407,375,0.412,407,75,95.17,100.0,391,391,388,-12.8,3,1.0,0.333,0.0,,1.0,12.0,1.0,0.333,4.0,9,0.2,5.0,4.0,1.0,5.0,0,0.0,,,0.2,1.0,1,0.0,0.25,0.4,,4.0,3.0,2.0,0.0,0.0,0.0,10.0,0.0,5.0,,,0.0,,,8.0,,0.0,0,PHI,1.0,0.0,4,4.0,0.0,0.75,Tulane,254,2,81.0,38,USA,1997,1999
979,Jermaine O'Neal,Jermaine,1610612757,POR,20.0,36,27,9,0.75,309.33666666666664,36,83,0.434,0,1,0.0,18,35,0.514,42,55,97,13,14,4,14,11,41,0,90,-48,265.9,0,0,236.0,246,87,94,21,314,303,310,187,255,288,255,301,275,364,151,261,231,313,322,346,140,208,142,130,310,329,294,174,12,297,1,29,352,324,11.2,0.164,266,0.93,96.5,326,74,0.159,305,-6.5,327,354,100.3,93.8,80.3,243,0.169,617,100.3,-7.7,90,0.07,13,96.36,11.0,309,0.08,2.3,93.8,271,326,90,10.2,1.0,0.148,0.128,276,266,0.434,96.36,297,262,244,336,0.457,327,147,93.21,104.2,161,164,339,-6.5,8,0.0,0.0,0.0,0.0,3.0,0.0,0.0,0.381,0.0,21,0.176,17.0,0.0,1.0,1.0,25,0.568,0.0,0.0,0.0,0.0,44,0.0,0.25,0.0,0.0,12.0,5.0,1.0,2.0,0.5,,0.0,0.543,6.0,0.0,0.0,,0.0,0.0,4.0,0.0,3.0,25,POR,15.0,,46,0.0,0.133,0.417,None,226,1,83.0,17,USA,1996,1999
1744,Jerome James,Jerome,1610612758,SAC,23.0,16,8,8,0.5,41.855,9,24,0.375,0,0,0.0,6,12,0.5,6,11,17,1,9,2,6,4,11,0,24,-16,60.9,0,0,58.0,350,321,85,219,389,366,368,337,255,339,255,357,349,366,348,364,361,385,353,370,251,104,67,130,369,262,369,174,12,369,1,16,397,375,22.9,0.338,58,0.11,76.5,411,7,0.325,7,-18.4,427,139,92.6,74.2,91.75,399,0.229,97,92.6,-20.5,12,0.053,55,110.09,23.1,8,0.038,1.5,74.2,372,411,12,2.6,0.6,0.159,0.102,428,58,0.375,110.09,336,402,363,413,0.41,427,10,105.99,97.0,412,412,388,-18.4,3,0.0,0.0,0.0,0.0,3.0,0.0,0.0,0.429,0.0,7,0.25,12.0,0.0,0.0,0.0,3,0.6,0.0,0.0,0.0,0.0,5,0.0,0.0,0.0,0.0,3.0,3.0,0.0,3.0,0.0,0.0,0.0,0.429,2.0,0.0,,0.0,0.0,,0.0,,0.0,3,SAC,12.0,0.0,7,0.0,0.25,1.0,Florida A&M,300,2,85.0,36,USA,1998,1999
760,Jerome Kersey,Jerome,1610612759,SAS,37.0,45,33,12,0.733,701.835,68,200,0.34,3,14,0.214,6,14,0.429,42,88,130,41,30,37,14,10,92,0,145,95,485.5,0,0,421.0,170,22,123,37,234,248,223,378,197,196,211,357,339,397,151,198,191,209,252,131,140,188,273,130,271,63,231,174,12,244,1,180,252,404,10.8,0.157,27,1.37,95.8,48,176,0.154,320,8.1,274,22,88.2,96.2,74.35,156,0.121,1299,88.2,7.5,378,0.099,176,89.22,10.8,319,0.046,4.4,96.2,387,48,378,14.7,1.5,0.092,0.061,301,27,0.348,89.22,225,169,347,47,0.352,274,358,89.32,88.3,141,139,290,8.1,57,0.0,0.25,0.0,1.0,1.0,12.0,0.0,0.38,0.0,150,0.083,12.0,3.0,1.0,1.0,7,0.292,0.0,0.0,0.0,0.0,24,0.0,0.364,0.25,2.0,16.0,3.0,12.0,1.0,0.41,0.0,8.0,0.259,105.0,0.0,1.0,0.0,0.0,0.0,33.0,0.0,43.0,7,SAS,8.0,0.0,27,2.0,0.125,0.188,Longwood,225,2,79.0,46,USA,1984,1999
966,Jerome Williams,Jerome,1610612765,DET,26.0,50,29,21,0.58,1156.2083333333333,124,248,0.5,0,0,0.0,107,159,0.673,158,191,349,23,41,63,7,27,108,1,355,39,977.3,7,0,867.0,1,68,277,142,141,174,197,46,255,339,255,86,74,286,12,67,41,268,211,41,232,345,319,45,163,111,120,51,12,130,1,12,233,63,10.7,0.149,188,0.56,101.8,129,41,0.144,341,3.0,127,195,97.9,100.9,72.88,331,0.185,2094,97.9,3.0,421,0.036,8,87.45,10.8,343,0.126,5.0,100.9,87,129,421,6.0,2.5,0.165,0.146,117,188,0.5,87.45,380,362,60,118,0.558,127,429,86.67,98.8,137,135,204,3.0,10,0.0,0.0,0.0,0.0,10.0,0.0,0.0,0.294,0.0,34,0.286,35.0,0.0,0.0,0.0,104,0.581,0.0,0.0,0.0,0.0,179,0.0,0.0,0.0,0.0,28.0,6.0,0.0,4.0,0.467,0.0,0.0,0.578,15.0,0.0,0.0,0.0,0.0,0.0,0.0,0.0,7.0,107,DET,20.0,0.0,185,0.0,0.2,0.214,Georgetown,206,1,81.0,26,USA,1996,1999
711,Jerry Stackhouse,Jerry,1610612765,DET,24.0,42,24,18,0.571,1188.8633333333332,181,488,0.371,35,126,0.278,210,247,0.85,26,81,107,118,121,34,19,40,79,1,607,21,950.4,1,0,973.0,197,128,231,149,130,102,73,344,72,59,180,17,23,53,223,216,215,80,31,152,104,402,236,45,65,140,124,125,12,101,1,332,62,185,14.5,0.279,181,0.98,98.9,178,345,0.273,28,1.0,184,171,97.8,98.7,76.26,229,0.072,2266,97.8,0.6,268,0.198,315,91.51,14.4,27,0.1,11.6,98.7,340,178,268,14.1,4.3,0.048,0.023,195,181,0.407,91.51,96,177,144,184,0.509,184,266,91.18,98.3,322,323,92,1.0,44,8.0,0.273,0.267,0.0,16.0,99.0,4.0,0.299,15.0,147,0.286,56.0,27.0,12.0,27.0,86,0.541,0.0,0.0,0.296,0.333,159,4.0,0.262,0.27,1.0,56.0,20.0,16.0,11.0,0.292,0.0,74.0,0.537,89.0,0.0,3.0,2.0,0.0,1.0,61.0,0.333,26.0,87,DET,40.0,0.0,162,20.0,0.275,0.357,North Carolina,218,1,78.0,3,USA,1995,1999
754,Jim Jackson,Jim,1610612757,POR,28.0,49,34,15,0.694,1176.525,152,370,0.411,25,90,0.278,85,101,0.842,36,123,159,128,82,43,6,19,80,1,414,230,861.8,0,0,824.0,84,17,172,56,138,139,126,262,97,86,180,116,143,58,165,133,146,68,85,103,251,281,241,45,134,16,143,174,12,141,1,231,148,217,13.1,0.192,60,1.56,101.9,38,224,0.187,207,9.8,92,41,92.7,102.5,76.7,126,0.105,2261,92.7,9.7,241,0.188,265,92.04,13.2,215,0.107,7.6,102.5,238,38,241,20.7,3.1,0.069,0.032,115,60,0.445,92.04,108,102,117,36,0.499,92,183,92.51,92.3,278,272,164,9.8,62,12.0,0.255,0.267,1.0,13.0,51.0,8.0,0.388,15.0,160,0.371,35.0,13.0,23.0,38.0,52,0.612,0.0,0.0,0.316,0.348,85,4.0,0.321,0.429,4.0,52.0,21.0,35.0,15.0,0.321,0.0,21.0,0.614,56.0,0.0,1.0,0.0,0.0,0.0,109.0,0.0,18.0,54,POR,39.0,0.0,88,9.0,0.385,0.404,Ohio State,220,1,78.0,4,USA,1992,1999
29,Jim McIlvaine,Jim,1610612751,NJN,26.0,22,4,18,0.182,268.36333333333334,22,51,0.431,0,0,0.0,4,6,0.667,31,23,54,2,13,9,32,4,59,0,48,-14,225.8,0,0,186.0,326,370,231,400,323,333,341,195,255,339,255,371,372,292,199,328,295,375,328,297,63,104,181,130,342,251,311,174,12,321,1,177,351,341,18.9,0.107,35,0.15,90.1,202,298,0.102,420,-0.1,375,70,89.7,89.6,81.75,396,0.084,541,89.7,-3.7,57,0.013,59,98.11,19.4,422,0.016,2.3,89.6,275,202,57,3.0,1.0,0.093,0.1,381,35,0.431,98.11,404,400,396,279,0.447,375,60,95.71,93.8,397,393,339,-0.1,7,0.0,0.0,0.0,0.0,3.0,0.0,0.0,0.5,0.0,14,0.3,10.0,0.0,0.0,0.0,12,0.444,0.0,0.0,0.0,0.0,27,0.0,0.0,0.0,0.0,8.0,3.0,0.0,4.0,0.75,0.0,0.0,0.414,4.0,0.0,,0.0,0.0,,0.0,,3.0,12,NJN,10.0,0.0,29,0.0,0.4,0.375,Marquette,240,2,85.0,32,USA,1994,1999
1429,Jimmy Oliver,Jimmy,1610612756,PHX,29.0,2,0,2,0.0,10.9,1,3,0.333,1,1,1.0,0,0,0.0,0,0,0,0,0,0,0,0,2,0,3,0,3.0,0,0,4.0,418,423,25,423,422,413,420,379,215,288,1,411,415,411,415,423,427,408,426,401,376,1,20,130,419,189,429,174,12,425,1,401,397,211,0.0,0.131,432,0.0,127.5,195,408,0.13,388,0.0,3,430,127.3,127.3,80.73,404,0.0,22,127.3,2.1,78,0.0,403,96.88,0.0,379,-0.019,1.5,127.3,87,195,78,0.0,0.5,0.0,0.0,4,432,0.5,96.88,408,408,410,143,0.5,3,37,97.5,125.4,1,1,392,0.0,0,,1.0,,,0.0,1.0,,0.0,,2,0.0,0.0,1.0,,,0,0.0,,,,,0,,0.5,0.0,0.0,0.0,0.0,1.0,0.0,0.0,,0.0,0.0,1.0,0.0,,,0.0,,2.0,,0.0,0,PHX,0.0,,0,0.0,0.0,0.0,Purdue,205,2,77.0,39,USA,1991,1999
247,Joe Dumars,Joe,1610612765,DET,36.0,38,23,15,0.605,1119.7866666666666,144,350,0.411,89,221,0.403,51,61,0.836,12,56,68,134,53,23,2,6,51,0,428,100,732.6,0,0,769.0,227,138,172,127,150,149,135,259,7,12,37,194,210,66,311,259,278,64,171,211,318,130,167,130,128,57,178,174,12,157,1,389,104,48,9.4,0.186,219,2.53,103.8,98,385,0.181,236,4.6,65,238,99.0,103.6,73.55,32,0.055,2062,99.0,4.0,403,0.2,381,88.26,9.4,238,0.096,9.2,103.6,37,98,403,23.8,3.8,0.033,0.012,63,219,0.539,88.26,95,79,162,105,0.568,65,401,87.84,99.8,75,75,116,4.6,45,10.0,0.395,0.529,0.0,7.0,200.0,1.0,0.391,17.0,115,0.7,10.0,79.0,4.0,21.0,3,0.75,0.0,0.0,0.476,0.25,4,9.0,0.383,0.4,0.0,49.0,19.0,36.0,7.0,0.44,0.0,140.0,0.8,50.0,0.0,1.0,1.0,0.0,0.0,94.0,0.0,22.0,4,DET,10.0,0.0,5,56.0,0.7,0.388,McNeese State,195,1,75.0,18,USA,1985,1999
170,Joe Kleine,Joe,1610612756,PHX,37.0,31,16,15,0.516,373.81166666666667,30,74,0.405,0,2,0.0,8,12,0.667,27,40,67,12,10,8,1,6,46,0,68,-64,183.4,0,0,165.0,280,225,172,212,296,322,320,271,255,269,255,341,349,292,215,291,280,322,348,309,339,130,156,130,328,352,328,174,12,330,1,164,347,364,9.9,0.113,421,1.2,102.5,358,190,0.111,410,-9.2,123,414,110.2,101.0,74.48,176,0.116,696,110.2,-7.8,370,0.05,134,89.37,9.8,411,0.03,2.4,101.0,343,358,370,11.8,1.0,0.095,0.075,96,421,0.405,89.37,342,228,374,337,0.429,123,382,88.73,110.2,91,92,347,-9.2,22,0.0,0.0,0.0,,4.0,2.0,0.0,0.458,0.0,48,0.333,12.0,0.0,0.0,0.0,4,0.333,,,0.0,0.0,12,0.0,0.333,0.0,,17.0,7.0,2.0,4.0,0.481,,0.0,0.286,27.0,,0.0,,,0.0,6.0,0.0,13.0,4,PHX,10.0,,14,0.0,0.4,0.412,Arkansas,271,1,84.0,6,USA,1985,1999
693,Joe Smith,Joe,1610612750,MIN,23.0,43,20,23,0.465,1419.6433333333334,223,522,0.427,0,3,0.0,142,188,0.755,154,200,354,68,66,32,66,60,147,0,588,24,1342.8,11,0,1206.0,188,173,315,262,81,66,61,213,255,257,255,51,53,159,14,60,36,149,132,164,19,432,400,130,69,133,56,33,12,60,1,105,54,260,8.9,0.206,175,1.03,97.8,157,130,0.204,158,1.9,161,135,97.5,99.5,77.71,210,0.141,2743,97.5,1.0,175,0.079,65,93.25,8.9,149,0.104,12.1,99.5,292,157,175,9.2,5.2,0.118,0.097,232,175,0.427,93.25,271,287,131,177,0.486,161,100,94.36,96.9,55,55,58,1.9,101,0.0,0.0,0.0,1.0,28.0,2.0,0.0,0.416,0.0,243,0.292,96.0,0.0,0.0,0.0,94,0.522,0.0,0.0,0.0,0.0,180,0.0,0.406,0.0,1.0,57.0,17.0,13.0,26.0,0.48,0.0,2.0,0.495,148.0,0.0,0.0,0.0,0.0,0.0,32.0,0.0,71.0,96,MIN,88.0,0.0,194,0.0,0.295,0.298,Maryland,225,1,82.0,1,USA,1995,1999
341,Joe Wolf,Joe,1610612766,CHH,34.0,3,1,2,0.333,11.361666666666666,0,1,0.0,0,0,0.0,0,2,0.0,0,1,1,0,0,0,0,0,6,0,0,-17,1.2,0,0,1.0,409,408,25,337,421,428,427,428,255,339,255,411,396,411,415,409,417,408,426,401,376,1,48,130,432,266,434,174,12,434,1,401,437,432,0.0,0.088,436,0.0,87.0,439,408,0.077,432,-67.9,430,433,137.5,69.6,82.73,404,0.0,23,137.5,-49.0,43,0.0,403,99.28,0.0,434,-0.239,0.3,69.6,428,439,43,0.0,0.0,0.0,0.0,406,436,0.0,99.28,408,408,434,435,0.0,430,330,90.16,135.9,1,1,428,-67.9,0,,0.0,,,0.0,0.0,,0.0,,0,0.0,1.0,0.0,,,0,0.0,,,,,0,,0.0,,,1.0,0.0,0.0,0.0,0.0,0.0,,0.0,0.0,,,0.0,,,0.0,,0.0,0,CHH,0.0,0.0,0,,0.0,0.0,North Carolina,230,1,83.0,13,USA,1987,1999
715,John Coker,John,1610612764,WAS,27.0,14,4,10,0.286,99.51666666666667,13,31,0.419,0,0,0.0,5,6,0.833,7,15,22,0,2,1,2,4,17,0,31,-44,64.4,0,0,59.0,362,370,106,360,367,354,361,234,255,339,255,362,372,68,336,350,349,408,400,385,318,104,81,130,361,318,366,174,12,367,1,140,356,318,5.6,0.15,390,0.0,86.0,417,63,0.143,336,-20.7,404,421,106.3,85.5,83.4,404,0.172,207,106.3,-25.5,35,0.0,192,100.08,5.7,345,0.041,2.2,85.5,321,417,35,0.0,0.9,0.102,0.055,412,390,0.419,100.08,408,408,356,420,0.461,404,38,97.46,111.5,20,20,350,-20.7,4,0.0,0.0,0.0,,2.0,0.0,0.0,0.308,0.0,13,0.286,7.0,0.0,0.0,0.0,7,0.636,,,0.0,0.0,11,0.0,0.0,0.0,,7.0,3.0,0.0,1.0,0.25,0.0,0.0,0.533,4.0,,,0.0,,,0.0,,1.0,8,WAS,5.0,0.0,15,0.0,0.2,0.429,Boise State,253,Undrafted,84.0,Undrafted,USA,Undrafted,1999
180,John Crotty,John,1610612760,SEA,29.0,27,14,13,0.519,383.7033333333333,51,124,0.411,14,36,0.389,43,50,0.86,8,23,31,63,33,11,0,11,31,1,159,-65,290.7,0,0,289.0,300,245,134,210,294,278,277,260,127,142,56,213,232,46,330,328,336,161,240,286,376,208,123,45,265,354,288,174,12,278,2,356,249,92,13.6,0.212,375,1.91,98.4,356,375,0.204,146,-9.0,290,384,104.6,95.6,81.83,79,0.06,788,104.6,-7.9,56,0.283,319,98.2,13.5,151,0.097,4.6,95.6,177,356,56,25.8,1.9,0.042,0.023,214,375,0.468,98.2,51,62,158,340,0.545,290,55,96.0,106.3,295,296,253,-9.0,16,0.0,0.4,0.0,0.0,1.0,35.0,0.0,0.39,1.0,41,0.083,12.0,14.0,0.0,1.0,20,0.571,0.0,0.0,0.0,0.0,35,0.0,0.52,0.368,1.0,6.0,1.0,13.0,1.0,0.346,0.0,19.0,0.526,26.0,0.0,0.0,0.0,0.0,0.0,25.0,0.0,9.0,20,SEA,9.0,0.0,38,7.0,0.111,0.167,Virginia,194,Undrafted,74.0,Undrafted,USA,Undrafted,1999
317,John Starks,John,1610612744,GSW,33.0,50,21,29,0.42,1685.3066666666666,269,728,0.37,78,269,0.29,74,100,0.74,33,130,163,235,83,69,5,26,135,3,690,-83,1377.1,3,0,1314.0,1,161,392,285,39,38,22,348,13,7,162,142,150,190,188,122,138,23,82,32,264,337,378,6,45,377,53,92,12,49,1,338,28,343,7.6,0.225,245,2.83,97.3,262,328,0.222,100,-2.5,232,254,99.8,97.3,76.46,19,0.077,3220,99.8,-2.9,252,0.245,349,91.75,7.6,93,0.092,14.6,97.3,306,262,252,21.5,5.4,0.046,0.018,251,245,0.423,91.75,71,97,181,258,0.447,232,234,91.64,100.1,35,34,50,-2.5,136,22.0,0.263,0.292,0.0,16.0,205.0,15.0,0.395,24.0,344,0.4,40.0,54.0,38.0,62.0,41,0.532,0.0,0.0,0.355,0.395,77,7.0,0.382,0.218,2.0,44.0,17.0,116.0,14.0,0.37,0.0,119.0,0.506,146.0,0.0,0.0,0.0,0.0,0.0,304.0,0.0,54.0,42,GSW,30.0,0.0,83,26.0,0.467,0.386,Oklahoma State,185,Undrafted,77.0,Undrafted,USA,Undrafted,1999
304,John Stockton,John,1610612762,UTA,37.0,50,37,13,0.74,1407.9166666666667,200,410,0.488,16,50,0.32,137,169,0.811,31,115,146,374,110,81,13,23,107,0,553,303,1461.2,9,0,1277.0,1,1,134,27,84,82,103,64,118,121,125,57,64,107,199,143,158,6,43,19,153,310,313,130,79,8,46,43,12,52,1,292,126,45,11.4,0.202,116,3.4,106.5,20,311,0.198,172,12.1,20,92,95.4,107.5,74.54,6,0.081,2617,95.4,11.2,368,0.457,295,89.44,11.4,168,0.169,8.2,107.5,76,20,368,38.8,4.0,0.056,0.026,31,116,0.507,89.44,4,7,13,23,0.571,20,341,89.91,95.3,175,173,102,12.1,78,2.0,0.273,0.0,1.0,16.0,44.0,2.0,0.446,1.0,175,0.372,43.0,12.0,2.0,3.0,92,0.639,0.0,0.0,0.667,1.0,144,0.0,0.475,0.25,1.0,57.0,25.0,29.0,11.0,0.4,0.0,24.0,0.628,90.0,0.0,0.0,0.0,0.0,0.0,61.0,0.0,36.0,93,UTA,29.0,0.0,148,6.0,0.379,0.439,Gonzaga,175,1,73.0,16,USA,1984,1999
1519,John Thomas,John,1610612761,TOR,23.0,39,18,21,0.462,590.8666666666667,71,123,0.577,0,1,0.0,27,48,0.563,65,69,134,15,21,17,9,11,82,0,169,51,409.3,1,0,370.0,218,201,277,263,249,245,280,12,255,288,255,266,238,349,99,235,183,304,287,247,204,208,246,130,257,97,254,125,12,258,1,119,307,26,11.7,0.127,102,0.71,102.1,71,195,0.124,395,6.0,129,109,94.9,100.9,77.11,294,0.114,1130,94.9,6.1,213,0.042,34,92.53,11.6,395,0.074,3.2,100.9,14,71,213,8.3,1.8,0.114,0.114,111,102,0.577,92.53,369,314,264,70,0.586,129,247,91.47,95.9,186,187,259,6.0,9,0.0,0.0,0.0,1.0,12.0,0.0,0.0,0.429,0.0,21,0.5,24.0,0.0,0.0,0.0,50,0.649,0.0,0.0,0.0,0.0,77,0.0,1.0,0.0,1.0,13.0,5.0,1.0,10.0,0.167,0.0,0.0,0.659,6.0,0.0,0.0,0.0,0.0,0.0,1.0,0.0,1.0,54,TOR,20.0,0.0,82,0.0,0.5,0.385,Minnesota,265,1,81.0,25,USA,1997,1999
961,John Wallace,John,1610612761,TOR,25.0,48,21,27,0.438,811.6366666666667,153,354,0.432,0,0,0.0,105,150,0.7,54,117,171,46,70,12,43,39,92,1,411,-70,780.2,1,0,738.0,114,161,367,276,209,138,134,190,255,339,255,89,84,250,120,142,132,200,121,275,42,401,273,45,138,367,164,125,12,169,1,134,158,245,13.1,0.276,349,0.66,100.5,286,127,0.269,31,-3.7,162,360,103.1,99.4,77.23,310,0.143,1561,103.1,-4.3,204,0.113,156,92.67,13.0,33,0.092,7.4,99.4,273,286,204,8.5,3.2,0.106,0.067,149,349,0.432,92.67,188,306,178,291,0.489,162,253,91.41,104.8,264,268,162,-3.7,46,0.0,0.0,0.0,0.0,38.0,0.0,0.0,0.359,0.0,128,0.38,100.0,0.0,0.0,0.0,69,0.548,0.0,0.0,0.0,0.0,126,0.0,0.0,0.0,0.0,95.0,39.0,0.0,26.0,0.386,0.0,0.0,0.522,44.0,0.0,,0.0,0.0,,1.0,,17.0,71,TOR,78.0,0.0,136,0.0,0.333,0.411,Syracuse,225,1,81.0,18,USA,1996,1999
271,Johnny Newman,Johnny,1610612739,CLE,35.0,50,22,28,0.44,950.01,106,251,0.422,23,61,0.377,68,84,0.81,15,60,75,41,41,28,12,19,126,1,303,-31,533.5,0,0,522.0,1,152,381,272,185,194,194,222,103,112,72,154,172,108,290,248,268,209,211,184,163,281,363,45,185,295,221,174,12,216,1,347,230,142,11.1,0.176,152,1.0,94.8,241,352,0.171,269,-1.5,301,107,96.5,95.0,72.36,212,0.07,1716,96.5,-1.1,429,0.087,341,86.83,11.1,273,0.054,5.0,95.0,175,241,429,11.1,2.1,0.045,0.019,320,152,0.468,86.83,250,241,326,213,0.526,301,418,87.22,95.9,167,159,233,-1.5,39,4.0,0.413,0.0,0.0,6.0,46.0,4.0,0.379,6.0,103,0.4,15.0,19.0,9.0,15.0,38,0.528,0.0,0.0,0.267,0.444,72,0.0,0.351,0.533,0.0,31.0,11.0,20.0,6.0,0.361,0.0,15.0,0.513,61.0,0.0,0.0,0.0,0.0,0.0,57.0,0.0,22.0,39,CLE,11.0,0.0,76,8.0,0.545,0.355,Richmond,210,2,79.0,29,USA,1986,1999
1511,Johnny Taylor,Johnny,1610612743,DEN,25.0,36,10,26,0.278,723.7316666666667,82,198,0.414,26,68,0.382,17,23,0.739,30,71,101,24,34,28,17,12,97,1,207,-72,465.2,0,0,448.0,246,289,358,371,228,224,226,249,94,102,66,306,308,192,202,231,225,263,233,184,117,223,284,45,237,370,235,174,12,233,1,226,218,223,12.8,0.154,388,0.71,101.3,309,233,0.149,328,-5.2,131,366,106.0,100.8,76.96,297,0.101,1393,106.0,-3.9,221,0.055,231,92.35,12.9,327,0.044,5.5,100.8,142,309,221,9.1,2.3,0.07,0.04,134,388,0.48,92.35,331,291,353,284,0.497,131,185,92.45,105.3,257,250,222,-5.2,29,10.0,0.364,0.333,0.0,2.0,44.0,8.0,0.377,6.0,77,0.2,10.0,16.0,18.0,24.0,25,0.581,0.0,0.0,0.417,0.444,43,2.0,0.322,0.48,0.0,11.0,3.0,19.0,1.0,0.429,0.0,25.0,0.578,49.0,0.0,1.0,1.0,0.0,0.0,59.0,0.0,21.0,26,DEN,7.0,0.0,45,12.0,0.143,0.273,Tennessee-Chattanooga,220,1,81.0,17,USA,1997,1999
468,Jon Barry,Jon,1610612758,SAC,29.0,43,23,20,0.535,736.9016666666666,59,138,0.428,24,79,0.304,71,84,0.845,25,71,96,112,47,53,5,1,61,1,213,80,623.2,0,0,561.0,188,138,262,190,224,265,266,212,100,93,149,148,172,56,230,231,233,92,190,60,264,41,187,45,231,74,204,174,12,210,1,262,304,17,14.1,0.133,183,2.38,103.7,86,283,0.127,385,5.3,81,159,97.8,103.1,80.8,40,0.088,1489,97.8,6.0,76,0.226,254,96.96,14.2,387,0.117,3.2,103.1,60,86,76,33.9,1.4,0.062,0.034,66,183,0.514,96.96,80,18,85,73,0.609,81,43,96.71,97.7,316,308,300,5.3,11,5.0,0.311,0.2,0.0,2.0,61.0,2.0,0.407,15.0,27,0.4,5.0,19.0,3.0,18.0,22,0.815,0.0,0.0,0.278,0.667,27,3.0,0.358,0.233,0.0,10.0,2.0,19.0,0.0,0.467,1.0,30.0,0.821,15.0,0.0,0.0,1.0,0.0,0.0,53.0,0.0,7.0,23,SAC,1.0,1.0,28,7.0,0.0,0.2,Georgia Tech,210,1,77.0,21,USA,1992,1999
1801,Jonathan Kerner,Jonathan,1610612753,ORL,25.0,1,0,1,0.0,4.533333333333333,0,1,0.0,0,0,0.0,0,0,0.0,0,0,0,0,0,0,0,0,2,0,0,2,0.0,0,0,0.0,431,423,9,423,431,428,427,428,255,339,255,411,415,411,415,423,427,408,426,401,376,1,20,130,432,183,436,174,12,436,1,401,412,432,0.0,0.093,249,0.0,112.7,9,408,0.091,429,22.2,4,420,100.0,122.2,79.41,404,0.0,9,100.0,1.3,110,0.0,403,95.29,0.0,429,-0.273,1.0,122.2,428,9,110,0.0,0.0,0.0,0.0,11,249,0.0,95.29,408,408,435,164,0.0,4,95,94.45,111.4,1,1,428,22.2,0,,,,,0.0,,,0.0,,1,0.0,0.0,,,,0,0.0,,,,,0,,0.0,,,0.0,0.0,0.0,0.0,0.0,,,0.0,1.0,,,,,,0.0,,0.0,0,ORL,0.0,,0,,0.0,0.0,East Carolina,245,Undrafted,83.0,Undrafted,USA,Undrafted,1999
146,Jud Buechler,Jud,1610612765,DET,31.0,50,29,21,0.58,1055.8766666666668,100,240,0.417,61,148,0.412,13,18,0.722,29,104,133,57,21,37,13,4,83,0,274,67,648.1,0,0,625.0,1,68,277,142,164,200,199,241,33,41,30,322,324,212,210,166,185,173,287,131,153,104,252,130,197,80,197,174,12,191,1,252,239,71,6.4,0.119,94,2.71,98.1,125,221,0.116,407,3.1,214,121,94.6,97.7,74.99,25,0.106,1982,94.6,1.8,341,0.097,285,89.99,6.4,405,0.09,4.8,97.7,30,125,341,17.5,2.0,0.066,0.028,222,94,0.544,89.99,227,135,188,152,0.553,214,372,88.99,96.3,24,24,242,3.1,24,18.0,0.398,0.357,0.0,1.0,108.0,13.0,0.348,14.0,69,0.333,3.0,43.0,26.0,40.0,14,0.7,0.0,0.0,0.45,0.5,20,5.0,0.455,0.388,1.0,11.0,3.0,40.0,1.0,0.281,0.0,85.0,0.7,32.0,0.0,0.0,1.0,0.0,0.0,88.0,0.0,9.0,14,DET,2.0,0.0,20,33.0,0.5,0.273,Arizona,228,2,78.0,38,USA,1990,1999
436,Juwan Howard,Juwan,1610612764,WAS,26.0,36,14,22,0.389,1434.0066666666667,287,605,0.474,0,3,0.0,110,146,0.753,91,203,294,107,95,42,14,28,130,2,684,-83,1270.3,11,0,1197.0,246,245,294,303,79,33,41,92,255,257,255,83,91,163,64,56,58,95,63,108,140,353,372,15,48,377,64,33,12,61,1,131,15,179,10.9,0.249,283,1.13,97.3,271,114,0.245,55,-2.9,209,235,100.8,97.9,76.09,195,0.148,2726,100.8,-2.5,276,0.144,165,91.31,10.9,54,0.125,16.8,97.9,158,271,276,12.3,8.0,0.107,0.066,248,283,0.474,91.31,149,215,66,248,0.511,209,210,92.05,99.8,152,145,9,-2.9,146,0.0,0.0,0.0,1.0,42.0,2.0,0.0,0.438,0.0,333,0.359,117.0,0.0,0.0,0.0,99,0.651,0.0,0.0,0.0,0.0,152,0.0,0.4,0.0,1.0,202.0,87.0,2.0,39.0,0.491,0.0,2.0,0.63,112.0,0.0,0.0,0.0,0.0,0.0,5.0,0.0,55.0,104,WAS,118.0,0.0,165,0.0,0.331,0.431,Michigan,250,1,81.0,5,USA,1994,1999
252,Karl Malone,Karl,1610612762,UTA,35.0,49,36,13,0.735,1831.605,393,797,0.493,0,1,0.0,378,480,0.788,107,356,463,201,162,62,28,45,134,2,1164,354,2129.1,21,1,2008.0,84,8,134,35,16,7,12,61,255,288,255,1,2,130,46,8,14,32,5,45,68,416,375,15,3,2,8,13,3,7,1,55,16,34,11.8,0.306,165,1.24,106.4,29,33,0.303,12,10.3,21,126,97.0,107.3,74.58,173,0.193,3416,97.0,9.9,366,0.221,150,89.5,11.8,12,0.196,16.3,107.3,109,29,366,14.7,8.0,0.137,0.07,32,165,0.493,89.5,82,172,6,31,0.577,21,332,90.13,96.5,197,197,7,10.3,172,0.0,0.0,0.0,0.0,28.0,1.0,0.0,0.409,0.0,421,0.364,77.0,0.0,0.0,0.0,193,0.648,0.0,0.0,0.0,0.0,298,0.0,0.41,0.0,0.0,128.0,51.0,16.0,16.0,0.414,0.0,0.0,0.633,266.0,0.0,0.0,0.0,0.0,0.0,39.0,0.0,110.0,200,UTA,48.0,0.0,316,0.0,0.333,0.398,Louisiana Tech,256,1,81.0,13,USA,1985,1999
173,Keith Askins,Keith,1610612748,MIA,31.0,33,20,13,0.606,414.59,20,62,0.323,8,29,0.276,5,8,0.625,10,34,44,10,13,17,3,3,58,0,53,84,167.8,0,0,155.0,271,173,134,126,284,338,326,391,157,160,182,362,362,317,318,304,314,333,328,247,291,89,177,130,337,73,330,174,12,331,1,299,375,380,14.7,0.092,38,0.77,101.8,23,306,0.09,430,11.7,104,43,90.2,101.8,73.37,280,0.082,758,90.2,9.5,414,0.038,297,88.05,14.6,430,0.004,1.9,101.8,363,23,414,11.2,0.6,0.055,0.026,118,38,0.387,88.05,376,237,402,38,0.404,104,423,87.06,92.3,330,331,379,11.7,7,5.0,0.375,0.167,0.0,0.0,8.0,4.0,0.269,6.0,26,0.0,1.0,3.0,14.0,20.0,5,0.714,0.0,0.0,0.25,0.286,7,1.0,0.257,0.429,0.0,0.0,0.0,9.0,0.0,0.25,0.0,7.0,0.714,12.0,0.0,,0.0,0.0,,35.0,,3.0,5,MIA,1.0,0.0,7,3.0,0.0,0.0,Alabama,215,Undrafted,80.0,Undrafted,USA,Undrafted,1999
1522,Keith Booth,Keith,1610612741,CHI,24.0,39,9,30,0.231,429.23,49,151,0.325,1,10,0.1,21,42,0.5,25,68,93,38,39,22,11,26,60,1,120,-148,348.6,0,0,318.0,218,304,399,386,282,284,258,389,215,208,250,282,254,366,230,237,239,217,216,217,176,337,183,45,285,410,270,174,12,272,1,126,279,403,15.8,0.227,291,0.97,84.8,408,73,0.219,96,-17.4,412,335,101.0,83.6,78.37,230,0.169,840,101.0,-18.5,146,0.172,190,94.05,15.8,102,0.038,3.9,83.6,396,408,146,15.4,1.3,0.109,0.055,418,291,0.328,94.05,123,156,362,407,0.354,412,198,92.27,103.3,357,357,315,-17.4,17,1.0,0.0,1.0,0.0,4.0,9.0,0.0,0.293,1.0,58,0.174,23.0,0.0,0.0,1.0,27,0.45,0.0,0.0,1.0,0.0,60,1.0,0.333,0.25,1.0,22.0,7.0,4.0,1.0,0.276,0.0,4.0,0.424,29.0,0.0,1.0,0.0,0.0,0.0,12.0,0.0,8.0,28,CHI,16.0,0.0,66,1.0,0.063,0.318,Maryland,226,1,78.0,28,USA,1997,1999
1569,Keith Closs,Keith,1610612746,LAC,23.0,15,2,13,0.133,85.79333333333334,12,23,0.522,0,1,0.0,8,10,0.8,5,20,25,0,6,3,9,0,14,0,32,-10,92.0,0,0,81.0,358,392,134,414,374,359,369,31,255,288,255,341,356,116,357,336,342,408,371,358,204,1,75,130,360,233,357,174,12,359,1,32,395,27,18.0,0.17,392,0.0,101.4,308,3,0.169,291,-5.1,120,419,106.3,101.1,81.36,404,0.241,174,106.3,-9.8,65,0.0,186,97.63,17.6,281,0.115,1.5,101.1,48,308,65,0.0,0.8,0.147,0.057,132,392,0.522,97.63,408,408,91,364,0.584,120,70,95.39,111.1,381,382,363,-5.1,0,0.0,0.0,0.0,,3.0,0.0,0.0,0.0,1.0,7,0.75,4.0,0.0,0.0,1.0,9,0.818,,,0.0,0.0,11,0.0,0.0,0.0,,4.0,0.0,0.0,2.0,0.0,,0.0,0.833,2.0,,,,,,1.0,,0.0,10,LAC,4.0,,12,0.0,0.5,0.0,Central Connecticut State,212,Undrafted,87.0,Undrafted,USA,Undrafted,1999
1496,Keith Van Horn,Keith,1610612751,NJN,23.0,42,14,28,0.333,1575.0916666666667,322,752,0.428,16,53,0.302,256,298,0.859,114,244,358,65,133,43,53,89,134,2,916,-114,1598.1,13,0,1547.0,197,245,381,337,56,19,18,208,118,119,151,8,11,48,39,33,33,158,23,103,33,439,375,15,17,401,30,28,12,25,1,122,7,162,12.3,0.283,267,0.49,95.9,285,97,0.28,24,-3.7,264,248,100.3,96.6,78.55,350,0.158,3093,100.3,-4.1,139,0.082,158,94.26,12.3,21,0.133,17.9,96.6,256,285,139,6.0,7.7,0.11,0.067,297,267,0.439,94.26,266,364,44,286,0.519,264,85,94.76,100.0,223,226,14,-3.7,94,1.0,0.319,0.167,0.0,52.0,47.0,0.0,0.349,6.0,269,0.315,165.0,15.0,0.0,6.0,160,0.604,0.0,0.0,0.167,0.0,265,1.0,0.352,0.259,0.0,79.0,27.0,38.0,44.0,0.396,1.0,27.0,0.576,96.0,0.0,0.0,1.0,0.0,0.0,108.0,0.0,38.0,167,NJN,151.0,1.0,290,7.0,0.291,0.342,Utah,250,1,82.0,2,USA,1997,1999
1820,Kelly McCarty,Kelly,1610612743,DEN,23.0,2,1,1,0.5,4.233333333333333,2,3,0.667,0,0,0.0,0,0,0.0,2,1,3,0,2,0,0,0,0,0,4,1,5.6,0,0,7.0,418,408,9,219,432,404,420,6,255,339,255,411,415,411,391,409,408,408,400,401,376,1,1,130,410,185,420,174,12,415,1,401,397,8,40.0,0.388,2,0.0,60.7,32,408,0.357,4,10.0,436,2,50.0,60.0,94.49,404,0.0,10,50.0,6.4,9,0.0,2,113.39,40.0,3,3.0,1.5,60.0,6,32,9,0.0,1.0,0.0,0.25,437,2,0.667,113.39,408,408,2,64,0.667,436,7,108.17,54.3,436,436,339,10.0,0,,0.0,,,0.0,0.0,,0.0,,1,0.0,0.0,0.0,,,2,1.0,,,,,2,,0.0,0.0,,0.0,0.0,0.0,0.0,0.0,,0.0,1.0,1.0,,,,,,0.0,,0.0,2,DEN,0.0,,2,0.0,0.0,0.0,Southern Mississippi,200,Undrafted,79.0,Undrafted,USA,Undrafted,1999
1509,Kelvin Cato,Kelvin,1610612757,POR,24.0,43,29,14,0.674,545.6783333333333,58,129,0.45,1,1,1.0,34,67,0.507,49,101,150,19,27,23,56,9,100,1,151,66,569.5,0,0,479.0,188,68,160,66,256,269,273,144,215,288,1,237,205,365,136,171,156,286,265,211,29,175,294,45,268,83,216,174,12,224,1,63,312,281,13.2,0.154,34,0.7,99.0,56,60,0.149,327,7.3,248,29,89.7,97.0,79.79,300,0.173,1081,89.7,8.6,102,0.059,86,95.75,13.0,326,0.083,3.0,97.0,210,56,102,9.2,1.3,0.132,0.089,190,34,0.453,95.75,317,289,234,42,0.476,248,97,94.42,90.4,267,274,303,7.3,6,0.0,0.5,0.0,0.0,8.0,2.0,0.0,0.182,0.0,33,0.32,25.0,1.0,0.0,0.0,43,0.623,0.0,0.0,0.0,0.0,69,0.0,0.5,0.0,0.0,9.0,2.0,3.0,7.0,0.118,0.0,0.0,0.603,17.0,0.0,1.0,0.0,0.0,0.0,6.0,0.0,2.0,44,POR,23.0,0.0,73,0.0,0.304,0.222,Iowa State,255,1,83.0,15,USA,1997,1999
383,Kendall Gill,Kendall,1610612751,NJN,31.0,50,16,34,0.32,1607.6083333333333,236,593,0.398,2,17,0.118,114,167,0.683,61,183,244,123,71,134,26,52,162,2,588,-141,1474.3,2,1,1277.0,1,225,420,348,52,58,48,292,203,187,245,77,67,277,108,72,82,71,118,1,79,426,426,15,69,408,43,102,3,52,1,215,60,353,8.3,0.201,301,1.73,96.4,299,187,0.198,173,-4.2,250,298,101.2,97.0,78.61,100,0.117,3156,101.2,-5.3,136,0.136,244,94.34,8.2,167,0.09,11.9,97.0,351,299,136,14.3,4.7,0.074,0.035,282,301,0.4,94.34,157,175,189,302,0.441,250,99,94.37,101.7,48,48,73,-4.2,123,1.0,0.071,0.0,0.0,8.0,14.0,1.0,0.349,1.0,352,0.211,38.0,1.0,2.0,3.0,103,0.554,0.0,0.0,0.333,0.5,186,0.0,0.305,0.167,0.0,65.0,17.0,29.0,5.0,0.389,0.0,6.0,0.545,208.0,0.0,0.0,0.0,0.0,0.0,95.0,0.0,81.0,103,NJN,30.0,0.0,189,1.0,0.167,0.262,Illinois,216,1,77.0,5,USA,1990,1999
72,Kenny Anderson,Kenny,1610612738,BOS,28.0,34,12,22,0.353,1009.02,161,357,0.451,6,24,0.25,84,101,0.832,24,79,103,193,71,33,2,26,78,0,412,-125,859.1,1,0,784.0,265,272,294,333,176,133,132,140,172,171,199,118,143,76,238,219,219,34,118,159,318,337,234,130,136,404,144,125,12,152,1,320,80,174,10.7,0.205,366,2.72,97.4,327,308,0.201,164,-6.5,221,339,104.1,97.5,78.95,24,0.082,1994,104.1,-6.4,125,0.316,320,94.74,10.7,156,0.117,10.5,97.5,196,327,125,29.0,4.7,0.051,0.022,246,366,0.459,94.74,31,43,84,321,0.513,221,81,94.96,103.8,134,134,72,-6.5,54,0.0,0.273,0.0,0.0,25.0,22.0,0.0,0.38,1.0,142,0.403,62.0,6.0,1.0,2.0,76,0.589,0.0,0.0,0.0,0.0,129,0.0,0.212,0.364,0.0,56.0,21.0,7.0,11.0,0.47,0.0,11.0,0.585,83.0,0.0,0.0,0.0,0.0,0.0,33.0,0.0,39.0,79,BOS,39.0,0.0,135,4.0,0.282,0.375,Georgia Tech,168,1,73.0,2,USA,1991,1999
1721,Keon Clark,Keon,1610612743,DEN,24.0,28,8,20,0.286,409.16833333333335,36,80,0.45,0,1,0.0,21,37,0.568,36,60,96,10,21,10,31,9,52,0,93,-47,325.2,0,0,281.0,296,321,262,360,287,303,312,143,255,288,255,282,271,347,165,248,233,333,287,291,64,175,169,130,307,326,275,174,12,283,1,91,323,266,16.5,0.133,318,0.48,99.1,306,108,0.129,384,-5.0,257,309,101.9,96.9,78.16,352,0.152,796,101.9,-3.0,159,0.044,76,93.79,16.4,381,0.066,2.9,96.9,217,306,159,7.8,1.3,0.122,0.091,188,318,0.45,93.79,360,325,297,260,0.483,257,175,92.6,102.1,367,368,311,-5.0,1,0.0,0.0,0.0,1.0,3.0,0.0,0.0,0.083,0.0,12,0.3,10.0,0.0,0.0,0.0,32,0.561,0.0,0.0,0.0,0.0,57,0.0,0.0,0.0,1.0,6.0,1.0,0.0,3.0,0.0,0.0,0.0,0.542,6.0,0.0,,0.0,0.0,,0.0,,0.0,32,DEN,8.0,0.0,59,0.0,0.375,0.167,UNLV,220,1,83.0,13,USA,1998,1999
954,Kerry Kittles,Kerry,1610612751,NJN,25.0,46,14,32,0.304,1572.8183333333334,227,613,0.37,50,158,0.316,88,114,0.772,52,139,191,116,66,79,26,42,82,0,592,-262,1244.2,2,0,1159.0,158,245,412,353,57,64,40,347,50,35,130,110,123,143,127,110,115,83,132,22,79,408,246,130,68,432,70,102,12,69,1,278,44,344,7.8,0.203,326,1.76,93.8,343,265,0.199,167,-8.1,322,315,102.2,94.1,79.64,95,0.091,3127,102.2,-8.8,107,0.13,276,95.57,7.8,166,0.085,13.3,94.1,334,343,107,13.7,4.9,0.058,0.03,334,326,0.411,95.57,166,185,222,351,0.446,322,68,95.48,102.6,41,40,66,-8.1,66,6.0,0.317,0.25,2.0,17.0,139.0,5.0,0.295,4.0,224,0.288,59.0,44.0,13.0,17.0,94,0.547,0.0,0.0,0.353,0.385,172,1.0,0.357,0.275,3.0,69.0,19.0,41.0,10.0,0.315,0.0,80.0,0.53,124.0,0.0,1.0,0.0,0.0,0.0,115.0,0.0,39.0,96,NJN,40.0,0.0,181,22.0,0.25,0.275,Villanova,179,1,77.0,8,USA,1996,1999
708,Kevin Garnett,Kevin,1610612750,MIN,23.0,47,24,23,0.511,1778.9916666666666,414,900,0.46,4,14,0.286,145,206,0.704,166,323,489,202,135,78,83,29,152,1,977,76,2214.8,25,0,1994.0,140,128,315,216,23,5,3,119,190,196,165,48,42,245,8,13,11,31,22,23,13,357,408,45,13,77,6,9,12,8,1,60,2,236,10.2,0.278,210,1.5,99.9,147,40,0.276,29,2.3,121,157,98.8,101.1,77.99,139,0.186,3467,98.8,2.3,166,0.206,100,93.59,10.1,26,0.156,19.1,101.1,189,147,166,15.2,8.8,0.133,0.086,166,210,0.462,93.59,88,161,21,138,0.493,121,86,94.7,97.7,112,112,4,2.3,207,0.0,0.364,0.0,3.0,73.0,11.0,0.0,0.419,0.0,494,0.424,172.0,4.0,0.0,0.0,130,0.591,0.0,0.0,0.0,0.0,220,0.0,0.489,0.429,3.0,196.0,80.0,22.0,61.0,0.419,0.0,7.0,0.601,265.0,0.0,0.0,0.0,0.0,0.0,45.0,0.0,111.0,137,MIN,156.0,0.0,228,3.0,0.391,0.408,None,220,1,83.0,5,USA,1995,1999
1563,Kevin Ollie,Kevin,1610612753,ORL,26.0,8,4,4,0.5,72.14666666666666,4,14,0.286,0,0,0.0,5,7,0.714,0,7,7,3,3,3,1,2,9,0,13,-11,34.9,0,0,31.0,382,370,55,219,375,390,385,401,255,339,255,362,368,225,415,379,388,367,390,358,339,62,61,130,384,237,385,174,12,385,2,341,382,395,13.0,0.12,189,1.0,92.9,351,249,0.113,403,-8.8,382,277,97.9,89.2,81.5,212,0.096,148,97.9,-8.0,64,0.065,403,97.8,13.0,409,0.014,1.8,89.2,404,351,64,13.0,0.5,0.046,0.0,355,189,0.286,97.8,306,196,397,342,0.381,382,98,94.38,100.9,267,264,392,-8.8,1,0.0,0.0,0.0,0.0,0.0,0.0,0.0,0.167,0.0,6,0.0,1.0,0.0,0.0,0.0,3,0.429,0.0,0.0,0.0,0.0,7,0.0,0.0,0.0,0.0,2.0,0.0,0.0,0.0,0.333,,0.0,0.429,3.0,0.0,,,0.0,,2.0,,1.0,3,ORL,0.0,,7,0.0,0.0,0.0,Connecticut,195,Undrafted,76.0,Undrafted,USA,Undrafted,1999
788,Kevin Willis,Kevin,1610612761,TOR,36.0,42,18,24,0.429,1217.0783333333334,187,447,0.418,0,2,0.0,130,155,0.839,109,241,350,67,86,28,28,25,134,3,504,-75,1106.5,16,0,1033.0,197,201,337,281,124,92,88,237,255,269,255,64,79,63,45,35,39,150,78,184,68,326,375,6,92,371,92,21,12,91,1,39,79,246,12.9,0.228,238,0.78,95.9,283,24,0.226,91,-3.5,280,228,99.6,96.1,75.16,278,0.203,2290,99.6,-3.7,334,0.107,85,90.2,12.8,85,0.116,10.6,96.1,323,283,334,9.9,4.5,0.145,0.089,298,238,0.418,90.2,203,269,89,280,0.489,280,323,90.29,99.6,251,253,84,-3.5,53,0.0,0.0,0.0,1.0,38.0,1.0,0.0,0.298,0.0,178,0.392,97.0,0.0,0.0,0.0,96,0.565,0.0,0.0,0.0,0.0,170,0.0,1.0,0.0,1.0,113.0,36.0,1.0,39.0,0.236,0.0,0.0,0.538,55.0,0.0,0.0,1.0,0.0,0.0,1.0,0.0,13.0,98,TOR,94.0,0.0,182,0.0,0.415,0.319,Michigan State,245,1,84.0,11,USA,1984,1999
234,Khalid Reeves,Khalid,1610612765,DET,26.0,11,6,5,0.545,111.64166666666667,8,21,0.381,1,3,0.333,8,14,0.571,3,4,7,11,7,4,0,2,13,0,25,11,54.9,0,0,52.0,373,348,66,175,364,368,370,318,215,257,112,341,339,341,371,389,388,330,364,346,376,62,72,130,367,153,372,174,12,371,1,391,373,321,15.5,0.137,89,1.57,97.2,131,398,0.136,377,2.9,240,136,94.3,97.2,75.78,122,0.041,214,94.3,0.3,300,0.18,308,90.93,15.2,366,0.025,1.9,97.2,345,131,300,23.9,0.7,0.032,0.024,252,89,0.405,90.93,117,77,382,189,0.46,240,346,89.72,96.9,350,351,370,2.9,1,1.0,0.0,0.0,,1.0,2.0,1.0,0.167,0.0,6,0.2,5.0,0.0,1.0,1.0,5,0.714,,,1.0,1.0,7,0.0,0.5,0.0,,3.0,1.0,1.0,0.0,0.25,0.0,2.0,0.714,4.0,,,0.0,,,2.0,,1.0,5,DET,3.0,0.0,7,0.0,0.0,0.333,Arizona,199,1,75.0,12,USA,1994,1999
977,Kobe Bryant,Kobe,1610612747,LAL,20.0,50,31,19,0.62,1894.2566666666667,362,779,0.465,27,101,0.267,245,292,0.839,53,211,264,190,157,72,50,38,153,0,996,92,1806.8,9,0,1721.0,1,50,245,114,11,14,13,108,92,76,188,11,13,62,125,52,72,39,8,30,36,396,411,130,11,67,16,43,12,16,1,223,21,77,12.5,0.254,336,1.21,104.1,140,209,0.249,50,2.6,39,290,102.6,105.2,77.65,175,0.111,3676,102.6,2.7,178,0.176,277,93.17,12.6,51,0.131,15.6,105.2,136,140,178,15.3,7.2,0.071,0.029,53,336,0.482,93.17,120,159,48,125,0.549,39,105,94.21,101.4,244,232,18,2.6,135,2.0,0.26,0.0,1.0,46.0,96.0,2.0,0.382,0.0,353,0.407,113.0,25.0,4.0,4.0,154,0.726,0.0,0.0,0.5,0.5,212,0.0,0.345,0.239,1.0,136.0,56.0,30.0,38.0,0.364,0.333,71.0,0.707,173.0,0.0,2.0,3.0,0.0,0.0,87.0,0.0,63.0,157,LAL,84.0,1.0,222,17.0,0.452,0.412,None,215,1,79.0,13,USA,1996,1999
1748,Korleone Young,Korleone,1610612765,DET,20.0,3,0,3,0.0,15.756666666666666,5,10,0.5,1,4,0.25,2,2,1.0,2,2,4,1,1,0,0,0,3,0,13,9,18.3,0,0,19.0,409,423,46,423,415,381,396,46,215,250,199,388,396,1,391,398,404,385,410,401,376,1,30,130,384,160,398,174,12,398,1,81,299,21,7.8,0.341,5,1.0,97.1,6,146,0.333,5,29.0,334,4,64.5,93.5,78.7,212,0.133,31,64.5,26.9,131,0.125,29,94.44,7.7,4,0.203,3.3,93.5,25,6,131,7.7,1.7,0.125,0.118,259,5,0.55,94.44,173,328,5,7,0.597,334,374,88.95,70.1,36,37,276,29.0,0,1.0,0.0,1.0,,0.0,2.0,0.0,0.0,1.0,1,0.0,0.0,0.0,1.0,2.0,4,0.8,,,0.5,0.0,5,1.0,0.5,0.0,,1.0,0.0,1.0,0.0,0.0,0.0,1.0,0.8,0.0,,,1.0,,,2.0,,0.0,4,DET,0.0,0.0,5,0.0,0.0,0.0,None,213,2,79.0,40,USA,1998,1999
1600,Kornel David,Kornel,1610612741,CHI,27.0,50,13,37,0.26,901.5483333333333,109,243,0.449,0,1,0.0,90,111,0.811,70,103,173,40,48,23,17,15,88,0,308,-244,647.6,2,0,601.0,1,264,426,376,194,190,198,146,255,288,255,104,128,106,91,168,129,213,186,211,117,253,257,130,182,428,198,102,12,198,1,151,237,134,12.6,0.175,281,0.83,87.0,397,170,0.171,276,-12.8,393,310,100.7,87.9,77.16,264,0.124,1728,100.7,-15.2,207,0.087,137,92.59,12.7,274,0.092,4.9,87.9,224,397,207,10.6,2.2,0.097,0.074,405,281,0.449,92.59,252,256,180,401,0.528,393,188,92.44,102.1,246,241,227,-12.8,42,0.0,0.0,0.0,0.0,6.0,1.0,0.0,0.393,0.0,107,0.24,25.0,0.0,0.0,0.0,61,0.555,0.0,0.0,0.0,0.0,110,0.0,0.222,0.0,0.0,20.0,8.0,2.0,5.0,0.395,0.0,0.0,0.544,81.0,0.0,1.0,0.0,0.0,0.0,9.0,0.0,32.0,62,CHI,18.0,0.0,114,0.0,0.278,0.4,None,235,Undrafted,81.0,Undrafted,USA,Undrafted,1999
703,Kurt Thomas,Kurt,1610612752,NYK,26.0,50,27,23,0.54,1181.8033333333333,170,368,0.462,0,1,0.0,66,108,0.611,82,204,286,55,73,45,17,25,159,4,406,-16,944.7,3,0,871.0,1,87,315,180,133,117,128,114,255,288,255,160,131,325,75,54,61,181,112,91,117,326,418,1,143,262,125,92,12,128,1,72,159,248,13.4,0.2,50,0.75,91.5,206,49,0.196,178,-0.2,351,39,92.0,91.8,74.63,286,0.179,2199,92.0,-0.7,362,0.091,130,89.56,13.4,175,0.094,7.4,91.8,190,206,362,10.1,3.4,0.129,0.076,368,50,0.462,89.56,247,265,170,206,0.489,351,347,89.64,92.1,290,287,147,-0.2,71,0.0,0.0,0.0,0.0,25.0,1.0,0.0,0.415,0.0,171,0.298,84.0,0.0,0.0,0.0,74,0.661,0.0,0.0,0.0,0.0,112,0.0,0.333,0.0,0.0,86.0,32.0,1.0,33.0,0.368,0.0,0.0,0.617,68.0,0.0,0.0,0.0,0.0,0.0,3.0,0.0,25.0,79,NYK,83.0,0.0,128,0.0,0.398,0.372,TCU,230,1,81.0,10,USA,1995,1999
111,LaPhonso Ellis,LaPhonso,1610612737,ATL,29.0,20,11,9,0.55,540.22,80,190,0.421,1,5,0.2,43,61,0.705,25,84,109,18,34,8,7,16,48,0,204,-1,372.8,1,0,362.0,333,279,94,172,258,228,229,228,215,236,217,213,210,244,230,208,212,291,233,309,232,261,161,130,240,194,264,125,12,259,1,150,95,298,12.6,0.216,107,0.53,94.4,197,105,0.213,129,0.0,297,59,95.1,95.1,74.38,337,0.153,1004,95.1,1.2,377,0.065,214,89.25,12.5,117,0.088,9.5,95.1,305,197,377,6.6,4.0,0.099,0.045,326,107,0.424,89.25,305,350,200,167,0.47,297,310,90.56,93.1,236,242,102,0.0,41,0.0,0.25,0.0,1.0,11.0,4.0,0.0,0.363,0.0,113,0.355,31.0,1.0,0.0,0.0,27,0.659,0.0,0.0,0.0,0.0,41,0.0,0.526,0.333,1.0,34.0,14.0,10.0,6.0,0.317,0.0,3.0,0.617,63.0,0.0,0.0,0.0,0.0,0.0,19.0,0.0,20.0,29,ATL,23.0,0.0,47,1.0,0.261,0.412,Notre Dame,240,1,80.0,5,USA,1992,1999
441,Lamond Murray,Lamond,1610612746,LAC,26.0,50,9,41,0.18,1314.605,226,578,0.391,34,103,0.33,126,157,0.803,59,136,195,61,99,58,20,29,107,0,612,-301,1072.5,1,0,1058.0,1,304,434,401,101,65,49,308,75,73,120,66,76,115,110,117,111,164,55,52,101,357,313,130,64,436,95,125,12,87,1,207,63,290,12.3,0.254,409,0.62,94.8,395,194,0.25,51,-12.6,296,403,107.8,95.2,77.24,320,0.115,2548,107.8,-13.3,203,0.089,221,92.69,12.2,49,0.086,11.6,95.2,314,395,203,7.5,4.5,0.076,0.043,319,409,0.42,92.69,249,332,213,393,0.473,296,165,92.76,108.1,220,225,82,-12.6,94,11.0,0.324,0.214,1.0,17.0,71.0,8.0,0.332,14.0,283,0.309,55.0,23.0,17.0,31.0,81,0.591,0.0,0.0,0.355,0.471,137,3.0,0.395,0.302,1.0,67.0,18.0,49.0,11.0,0.34,0.0,53.0,0.569,144.0,0.0,2.0,1.0,0.0,1.0,124.0,0.5,49.0,82,LAC,42.0,0.0,144,16.0,0.262,0.269,California,236,1,79.0,7,USA,1994,1999
1716,Larry Hughes,Larry,1610612755,PHI,20.0,50,28,22,0.56,988.2616666666667,170,414,0.411,8,52,0.154,107,151,0.709,83,106,189,77,68,44,14,48,97,0,455,14,903.3,1,0,845.0,1,76,294,155,179,117,99,263,157,120,240,86,83,237,72,160,116,133,126,96,140,420,284,130,115,148,135,125,12,136,1,173,120,289,10.9,0.246,91,1.13,97.1,180,217,0.239,57,0.9,294,113,94.4,95.3,78.97,194,0.108,1949,94.4,1.0,124,0.15,116,94.76,10.8,61,0.109,8.3,95.3,316,180,124,12.2,3.4,0.094,0.081,256,91,0.42,94.76,144,217,111,175,0.474,294,155,93.01,96.1,143,143,147,0.9,50,0.0,0.178,0.0,1.0,18.0,45.0,0.0,0.35,2.0,143,0.243,74.0,8.0,4.0,6.0,94,0.648,0.0,0.0,0.0,0.0,145,0.0,0.231,0.152,4.0,68.0,26.0,6.0,15.0,0.339,0.0,33.0,0.595,62.0,0.0,2.0,0.0,0.0,0.0,26.0,0.0,21.0,97,PHI,56.0,0.0,163,5.0,0.268,0.382,St. Louis,185,1,77.0,8,USA,1998,1999
913,Larry Johnson,Larry,1610612752,NYK,30.0,49,26,23,0.531,1639.3166666666666,210,458,0.459,33,92,0.359,134,164,0.817,91,193,284,119,89,34,10,37,147,0,587,113,1149.3,3,0,1111.0,84,106,315,194,45,78,82,122,79,85,93,61,70,97,64,65,62,77,72,152,191,392,400,130,71,50,84,92,12,74,1,182,100,68,12.1,0.182,77,1.34,96.8,103,193,0.18,246,4.1,219,51,93.5,97.6,73.8,161,0.115,3018,93.5,4.0,394,0.135,175,88.56,12.1,243,0.11,9.3,97.6,105,103,394,16.1,4.3,0.09,0.061,269,77,0.495,88.56,158,146,107,104,0.554,219,359,89.3,92.8,205,207,94,4.1,24,15.0,0.333,0.308,1.0,16.0,54.0,11.0,0.296,13.0,81,0.327,49.0,18.0,24.0,37.0,137,0.581,0.0,0.0,0.405,0.458,236,4.0,0.367,0.344,1.0,46.0,12.0,22.0,12.0,0.419,0.0,32.0,0.558,31.0,0.0,0.0,0.0,0.0,0.0,60.0,0.0,13.0,140,NYK,37.0,0.0,251,11.0,0.324,0.261,UNLV,235,1,79.0,1,USA,1991,1999
84,Latrell Sprewell,Latrell,1610612752,NYK,28.0,37,18,19,0.486,1236.735,215,518,0.415,21,77,0.273,155,191,0.812,41,115,156,91,79,46,2,30,65,0,606,-50,994.7,0,0,970.0,238,201,245,251,119,72,64,246,106,95,184,44,50,104,153,143,147,113,97,82,318,366,201,130,66,333,117,174,12,102,1,249,33,204,10.2,0.263,306,1.15,99.4,256,252,0.259,45,-2.2,168,278,101.4,99.2,74.03,186,0.096,2289,101.4,-1.5,386,0.148,242,88.84,10.2,42,0.12,14.0,99.2,265,256,386,11.7,5.8,0.066,0.035,181,306,0.435,88.84,147,229,74,234,0.503,168,375,88.95,100.9,116,116,43,-2.2,105,4.0,0.258,0.4,0.0,29.0,66.0,2.0,0.395,5.0,266,0.382,76.0,17.0,6.0,11.0,60,0.606,0.0,0.0,0.364,0.333,99,2.0,0.318,0.297,1.0,95.0,33.0,21.0,29.0,0.453,0.0,37.0,0.558,128.0,0.0,1.0,0.0,0.0,0.0,66.0,0.0,58.0,63,NYK,77.0,0.0,113,11.0,0.377,0.347,Alabama,190,1,77.0,24,USA,1992,1999
1444,Lawrence Funderburke,Lawrence,1610612758,SAC,28.0,47,25,22,0.532,937.29,167,299,0.559,1,5,0.2,85,120,0.708,101,121,222,30,52,22,23,23,77,0,420,-110,814.4,3,0,763.0,140,113,294,193,190,125,163,18,215,236,217,116,116,238,52,136,95,240,176,217,88,310,231,130,132,395,157,92,12,160,1,111,191,22,12.0,0.189,368,0.58,98.4,313,162,0.184,220,-5.6,188,353,104.3,98.6,80.19,327,0.127,1877,104.3,-5.8,93,0.057,51,96.23,12.1,227,0.119,6.4,98.6,21,313,93,7.0,3.6,0.115,0.104,213,368,0.56,96.23,324,341,76,308,0.597,188,52,96.36,104.2,207,203,133,-5.6,36,0.0,0.333,0.0,1.0,10.0,3.0,0.0,0.383,1.0,94,0.313,32.0,1.0,0.0,1.0,120,0.714,0.0,0.0,0.0,0.0,168,0.0,0.143,0.5,2.0,29.0,10.0,1.0,7.0,0.433,0.0,2.0,0.682,60.0,0.0,0.0,0.0,0.0,0.0,7.0,0.0,26.0,122,SAC,20.0,0.0,179,1.0,0.35,0.345,Ohio State,230,2,81.0,51,USA,1994,1999
195,Lee Mayberry,Lee,1610612763,VAN,29.0,9,0,9,0.0,126.91666666666667,7,19,0.368,2,10,0.2,4,5,0.8,0,3,3,23,11,7,0,0,13,1,20,-13,68.1,0,0,62.0,379,423,94,423,361,371,377,350,203,208,217,371,378,116,415,393,408,268,343,316,376,1,72,45,373,247,365,174,12,365,1,400,362,293,19.9,0.115,200,2.09,93.0,292,405,0.112,409,-4.0,314,321,98.4,94.4,79.89,62,0.024,252,98.4,-9.9,101,0.28,403,95.87,20.0,410,0.049,2.1,94.4,313,292,101,41.8,0.8,0.012,0.0,354,200,0.421,95.87,52,4,338,365,0.472,314,92,94.55,102.9,401,400,366,-4.0,1,0.0,0.222,0.0,,3.0,9.0,0.0,0.333,0.0,3,1.0,3.0,2.0,1.0,1.0,1,0.333,,,0.0,0.0,3,0.0,0.333,0.0,,0.0,0.0,3.0,3.0,0.0,0.0,3.0,0.333,1.0,,,0.0,,,9.0,,0.0,1,VAN,3.0,0.0,3,0.0,1.0,0.0,Arkansas,172,1,73.0,23,USA,1992,1999
283,Lindsey Hunter,Lindsey,1610612765,DET,28.0,49,29,20,0.592,1754.1716666666666,228,524,0.435,59,153,0.386,67,89,0.753,26,142,168,193,92,86,8,19,126,2,582,177,1263.1,1,0,1190.0,84,68,262,132,33,63,60,181,35,38,63,156,162,164,223,106,134,34,67,15,216,281,363,15,73,34,66,125,12,65,1,310,78,166,10.8,0.179,177,2.1,103.0,75,275,0.176,259,5.8,75,166,97.6,103.4,73.39,61,0.088,3214,97.6,5.0,410,0.191,358,88.07,10.8,253,0.096,10.7,103.4,114,75,410,22.8,4.7,0.052,0.016,85,177,0.491,88.07,105,86,160,83,0.517,75,397,88.01,98.1,145,141,74,5.8,108,14.0,0.366,0.474,0.0,17.0,123.0,5.0,0.476,19.0,227,0.327,52.0,45.0,11.0,30.0,44,0.478,0.0,0.0,0.467,0.455,92,9.0,0.447,0.366,0.0,74.0,31.0,42.0,14.0,0.48,0.0,93.0,0.484,127.0,0.0,0.0,2.0,0.0,0.0,94.0,0.0,61.0,46,DET,39.0,0.0,95,34.0,0.359,0.419,Jackson State,195,1,74.0,10,USA,1993,1999
1036,Litterial Green,Litterial,1610612739,CLE,29.0,1,0,1,0.0,1.65,0,1,0.0,0,0,0.0,0,0,0.0,0,0,0,0,0,0,0,0,0,0,0,-1,0.0,0,0,0.0,431,423,9,423,438,428,427,428,255,339,255,411,415,411,415,423,427,408,426,401,376,1,1,130,432,194,436,174,12,436,1,401,412,432,0.0,0.333,249,0.0,66.7,428,408,0.333,8,-33.3,433,405,100.0,66.7,72.73,404,0.0,3,100.0,-42.0,425,0.0,403,87.27,0.0,4,-0.667,1.0,66.7,428,428,425,0.0,0.0,0.0,0.0,434,249,0.0,87.27,408,408,438,432,0.0,433,437,83.78,108.7,1,1,428,-33.3,0,,0.0,,,0.0,0.0,,0.0,,1,0.0,0.0,0.0,,,0,0.0,,,,,0,,,0.0,,1.0,0.0,,0.0,,,0.0,0.0,,,,,,,,,,0,CLE,0.0,,0,0.0,0.0,0.0,Georgia,185,2,73.0,39,USA,1992,1999
684,Loren Meyer,Loren,1610612743,DEN,26.0,14,4,10,0.286,70.25666666666666,7,28,0.25,1,5,0.2,1,2,0.5,4,12,16,1,4,0,3,2,22,0,16,-2,41.7,0,0,40.0,362,370,106,360,376,371,364,411,215,236,217,403,396,366,364,358,364,385,382,401,291,62,93,130,377,204,380,174,12,380,1,159,366,418,11.8,0.195,48,0.25,91.4,263,134,0.189,199,-2.6,380,101,91.9,89.3,84.83,381,0.138,150,91.9,-4.3,26,0.026,202,101.8,11.8,206,-0.1,2.0,89.3,411,263,26,2.9,0.5,0.096,0.05,370,48,0.268,101.8,389,401,426,290,0.277,380,29,98.68,95.6,195,196,392,-2.6,2,0.0,0.2,0.0,,0.0,5.0,0.0,0.143,0.0,14,0.0,3.0,1.0,0.0,0.0,4,0.667,,,0.0,0.0,6,0.0,0.0,0.25,0.0,6.0,1.0,0.0,1.0,0.0,0.0,4.0,0.667,7.0,0.0,,0.0,0.0,,1.0,,0.0,4,DEN,4.0,0.0,6,1.0,0.25,0.167,Iowa State,260,1,82.0,24,USA,1995,1999
953,Lorenzen Wright,Lorenzen,1610612746,LAC,23.0,48,9,39,0.188,1134.405,119,260,0.458,0,1,0.0,81,117,0.692,142,219,361,33,48,26,36,34,162,0,319,-167,939.7,6,0,837.0,114,304,430,397,146,178,189,124,255,288,255,122,120,264,18,47,30,229,186,197,57,381,426,130,178,416,127,58,12,137,1,13,221,178,12.2,0.143,383,0.69,97.5,338,21,0.139,359,-7.4,218,368,105.1,97.7,76.75,305,0.206,2174,105.1,-8.0,238,0.049,20,92.09,12.3,359,0.094,5.4,97.7,200,338,238,8.4,2.5,0.163,0.123,241,383,0.458,92.09,344,310,171,343,0.512,218,215,92.01,105.5,224,221,205,-7.4,22,0.0,0.0,0.0,0.0,17.0,1.0,0.0,0.355,0.0,62,0.25,68.0,0.0,0.0,0.0,80,0.62,0.0,0.0,0.0,0.0,129,0.0,0.0,0.0,0.0,34.0,12.0,0.0,13.0,0.333,0.0,0.0,0.596,30.0,0.0,0.0,1.0,0.0,0.0,1.0,0.0,10.0,84,LAC,53.0,0.0,141,0.0,0.245,0.353,Memphis,262,1,83.0,7,USA,1996,1999
919,Loy Vaught,Loy,1610612765,DET,31.0,37,21,16,0.568,481.99833333333333,59,155,0.381,0,1,0.0,9,14,0.643,36,110,146,11,17,15,6,6,54,0,127,-2,364.7,0,0,326.0,238,161,192,151,268,265,255,319,255,288,255,336,339,305,165,154,158,330,310,261,251,130,174,130,279,204,267,174,12,269,1,19,265,390,9.0,0.181,92,0.65,94.6,220,5,0.176,251,-0.7,330,86,94.5,93.8,73.53,312,0.23,888,94.5,-0.6,404,0.043,121,88.23,9.0,252,0.087,4.2,93.8,367,220,404,5.8,1.6,0.157,0.08,322,92,0.381,88.23,367,368,209,204,0.394,330,409,87.57,95.1,56,56,282,-0.7,37,0.0,0.0,0.0,0.0,5.0,1.0,0.0,0.327,0.0,113,0.455,11.0,0.0,0.0,0.0,17,0.567,0.0,0.0,0.0,0.0,30,0.0,0.0,0.0,0.0,27.0,13.0,0.0,2.0,0.314,0.0,0.0,0.531,86.0,0.0,,0.0,0.0,,4.0,,27.0,17,DET,6.0,0.0,32,0.0,0.333,0.481,Michigan,240,1,81.0,13,USA,1990,1999
26,Luc Longley,Luc,1610612756,PHX,30.0,39,19,20,0.487,930.4583333333334,140,290,0.483,0,0,0.0,59,76,0.776,60,162,222,45,53,23,21,27,119,0,339,51,751.9,4,0,694.0,218,185,262,250,192,156,169,73,255,339,255,177,192,138,109,87,95,202,171,211,98,345,350,130,171,97,172,79,12,181,1,97,153,148,12.6,0.188,187,0.85,101.6,128,51,0.184,224,3.1,125,131,97.9,101.0,76.82,260,0.176,1785,97.9,4.8,233,0.082,169,92.19,12.6,225,0.091,7.4,101.0,130,128,233,10.7,3.6,0.121,0.065,124,187,0.483,92.19,267,252,185,87,0.524,125,189,92.43,96.7,238,236,131,3.1,61,0.0,0.0,0.0,0.0,23.0,0.0,0.0,0.452,0.0,135,0.411,56.0,0.0,0.0,0.0,56,0.566,0.0,0.0,0.0,0.0,99,0.0,0.0,0.0,0.0,70.0,32.0,0.0,12.0,0.478,,0.0,0.571,67.0,0.0,,,0.0,,1.0,,32.0,64,PHX,40.0,,112,0.0,0.3,0.457,New Mexico,260,1,86.0,7,Australia,1991,1999
446,Lucious Harris,Lucious,1610612751,NJN,28.0,36,13,23,0.361,601.5866666666667,73,181,0.403,11,50,0.22,36,48,0.75,21,46,67,31,18,18,7,12,52,0,193,46,376.9,0,0,352.0,246,264,315,328,248,241,237,279,143,121,209,233,238,170,250,278,280,236,307,242,232,223,169,130,244,107,261,174,12,262,1,293,229,276,7.2,0.167,138,1.72,102.1,107,323,0.16,299,4.0,150,146,96.0,100.0,78.29,102,0.078,1177,96.0,4.9,150,0.091,248,93.95,7.1,307,0.066,5.0,100.0,272,107,150,12.3,2.0,0.056,0.034,110,138,0.434,93.95,243,214,298,85,0.477,150,190,92.43,97.2,31,31,241,4.0,36,2.0,0.25,0.0,0.0,2.0,32.0,2.0,0.429,5.0,84,0.286,7.0,8.0,12.0,17.0,25,0.61,0.0,0.0,0.118,0.167,41,0.0,0.317,0.316,0.0,11.0,3.0,19.0,1.0,0.442,0.0,19.0,0.61,43.0,0.0,1.0,1.0,0.0,0.0,60.0,0.0,19.0,25,NJN,5.0,0.0,41,6.0,0.2,0.273,Long Beach State,205,2,77.0,28,USA,1993,1999
1823,Makhtar N'diaye,Makhtar,1610612763,VAN,25.0,4,0,4,0.0,26.908333333333335,1,4,0.25,0,0,0.0,3,4,0.75,3,2,5,1,1,0,1,0,9,0,5,-2,14.5,0,0,13.0,402,423,55,423,402,413,417,411,255,339,255,378,380,170,371,398,397,385,410,401,339,1,61,130,407,204,405,174,12,408,1,401,412,359,12.9,0.111,429,1.0,107.8,350,408,0.115,415,-8.8,10,428,118.8,110.0,72.84,212,0.0,50,118.8,-15.7,424,0.05,60,87.41,12.5,406,-0.049,1.0,110.0,413,350,424,12.5,0.3,0.0,0.1,24,429,0.25,87.41,339,208,418,403,0.434,10,428,86.69,123.5,230,255,419,-8.8,0,0.0,0.0,0.0,,0.0,0.0,0.0,0.0,0.0,2,0.0,1.0,0.0,0.0,0.0,1,1.0,,,0.0,0.0,1,0.0,0.0,0.0,,2.0,0.0,0.0,0.0,0.0,,0.0,1.0,0.0,,0.0,,,0.0,0.0,0.0,0.0,1,VAN,1.0,,1,0.0,0.0,0.0,North Carolina,245,Undrafted,80.0,Undrafted,Senegal,Undrafted,1999
990,Malik Rose,Malik,1610612759,SAS,24.0,47,36,11,0.766,606.05,93,201,0.463,0,1,0.0,98,146,0.671,90,92,182,29,56,40,22,27,120,1,284,79,675.9,0,0,619.0,140,8,113,19,247,212,221,112,255,288,255,100,91,289,66,187,119,247,161,117,93,345,351,45,192,75,189,174,12,192,1,33,260,114,16.0,0.24,55,0.52,101.0,54,125,0.233,69,7.9,141,71,92.5,100.3,76.79,339,0.144,1157,92.5,7.1,234,0.091,6,92.15,16.0,70,0.107,4.3,100.3,187,54,234,8.3,2.0,0.146,0.149,137,55,0.463,92.15,246,315,122,54,0.535,141,269,91.17,93.9,362,362,246,7.9,10,0.0,0.0,0.0,0.0,8.0,0.0,0.0,0.256,0.0,39,0.222,36.0,0.0,1.0,1.0,75,0.6,0.0,0.0,0.0,0.0,125,0.0,0.0,0.0,0.0,15.0,3.0,0.0,9.0,0.3,0.0,0.0,0.581,20.0,0.0,0.0,0.0,0.0,0.0,4.0,0.0,6.0,75,SAS,33.0,0.0,129,0.0,0.273,0.2,Drexel,250,2,79.0,44,USA,1996,1999
907,Malik Sealy,Malik,1610612750,MIN,29.0,31,15,16,0.484,731.5916666666667,95,231,0.411,6,23,0.261,55,61,0.902,23,69,92,36,33,30,5,16,68,0,251,-51,487.4,0,0,455.0,280,237,192,253,226,209,203,261,172,175,193,182,210,24,242,235,241,223,240,170,264,261,212,130,207,335,228,174,12,230,1,271,152,255,10.1,0.176,160,1.09,94.0,270,248,0.172,270,-2.8,323,140,96.9,94.0,78.21,201,0.096,1425,96.9,-3.1,154,0.084,281,93.86,10.1,268,0.076,7.5,94.0,302,270,154,11.0,3.1,0.06,0.028,332,160,0.424,93.86,261,244,259,262,0.487,323,118,93.82,97.0,104,107,166,-2.8,50,4.0,0.2,0.333,0.0,8.0,10.0,2.0,0.397,6.0,126,0.421,19.0,2.0,7.0,13.0,31,0.492,0.0,0.0,0.308,0.286,63,2.0,0.433,0.167,0.0,34.0,16.0,13.0,6.0,0.342,0.0,6.0,0.492,79.0,0.0,1.0,0.0,0.0,0.0,30.0,0.0,27.0,32,MIN,16.0,0.0,65,1.0,0.375,0.471,St. John's (NY),200,1,80.0,14,USA,1992,1999
948,Marcus Camby,Marcus,1610612752,NYK,25.0,46,27,19,0.587,946.335,136,261,0.521,0,0,0.0,57,103,0.553,102,151,253,12,39,29,74,12,131,0,329,-39,920.6,4,0,800.0,158,87,245,135,186,161,188,32,255,339,255,178,139,353,51,97,79,322,216,179,16,223,374,130,174,307,131,79,12,146,1,47,211,110,10.9,0.181,196,0.31,98.7,234,89,0.175,252,-1.2,246,167,98.3,97.0,73.38,377,0.162,1727,98.3,0.6,412,0.025,26,88.05,11.0,257,0.111,5.7,97.0,51,234,412,3.4,3.0,0.142,0.119,206,196,0.521,88.05,393,395,102,183,0.537,246,414,87.43,98.1,155,148,176,-1.2,5,0.0,0.0,0.0,0.0,14.0,0.0,0.0,0.192,0.0,26,0.333,42.0,0.0,0.0,0.0,117,0.606,0.0,0.0,0.0,0.0,193,0.0,0.0,0.0,0.0,17.0,2.0,0.0,12.0,0.333,0.0,0.0,0.598,9.0,0.0,0.0,0.0,0.0,0.0,1.0,0.0,3.0,119,NYK,35.0,0.0,199,0.0,0.343,0.118,Massachusetts,225,1,83.0,2,USA,1996,1999
712,Mario Bennett,Mario,1610612741,CHI,25.0,3,1,2,0.333,18.733333333333334,2,6,0.333,0,0,0.0,3,4,0.75,2,3,5,0,1,1,0,2,4,0,7,-10,15.0,0,0,14.0,409,408,25,337,409,404,410,379,255,339,255,378,380,170,391,393,397,408,410,385,376,62,36,130,404,233,403,174,12,406,1,401,366,334,11.4,0.192,339,0.0,72.7,426,408,0.196,208,-29.0,428,375,102.7,73.7,80.07,404,0.0,38,102.7,-33.1,95,0.0,145,96.09,11.1,180,0.05,2.0,73.7,390,426,95,0.0,0.7,0.0,0.071,430,339,0.333,96.09,408,408,335,428,0.451,428,72,95.37,105.8,164,174,374,-29.0,0,0.0,0.0,,,0.0,0.0,0.0,0.0,,0,0.0,1.0,0.0,0.0,0.0,2,0.4,,,0.0,0.0,5,,0.0,0.0,0.0,0.0,0.0,0.0,0.0,0.0,,0.0,0.4,0.0,0.0,,,0.0,,0.0,,0.0,2,CHI,1.0,,5,0.0,0.0,0.0,Arizona State,235,1,78.0,27,USA,1995,1999
53,Mario Elie,Mario,1610612759,SAS,35.0,47,34,13,0.723,1291.8033333333333,156,331,0.471,40,107,0.374,103,119,0.866,36,101,137,89,61,46,12,21,91,1,455,252,865.9,0,0,837.0,140,17,134,42,106,136,148,98,62,69,76,94,117,40,165,171,178,117,146,82,163,298,270,45,115,12,142,174,12,137,1,306,172,23,11.4,0.161,84,1.46,103.3,33,344,0.157,312,10.0,62,60,93.8,103.7,75.21,142,0.072,2434,93.8,10.0,333,0.112,275,90.26,11.5,313,0.098,7.0,103.7,43,33,333,16.8,3.3,0.053,0.03,80,84,0.532,90.26,190,142,154,29,0.593,62,300,90.74,93.2,182,178,153,10.0,20,14.0,0.338,0.5,0.0,13.0,77.0,2.0,0.364,24.0,55,0.351,37.0,26.0,6.0,30.0,83,0.629,0.0,0.0,0.467,0.333,132,12.0,0.439,0.184,0.0,13.0,4.0,43.0,11.0,0.455,0.0,38.0,0.623,11.0,0.0,,1.0,0.0,,98.0,,5.0,86,SAS,32.0,0.0,138,7.0,0.344,0.308,American International,210,7,77.0,160,USA,1985,1999
1858,Mark Baker,Mark,1610612761,TOR,29.0,1,0,1,0.0,1.5833333333333333,0,1,0.0,0,0,0.0,0,0,0.0,0,0,0,0,1,0,0,0,0,0,0,-1,-1.0,0,0,0.0,431,423,9,423,439,428,427,428,255,339,255,411,415,411,415,423,427,408,410,401,376,1,1,130,432,194,439,174,12,436,1,401,412,432,50.0,0.4,249,0.0,40.0,434,408,0.333,2,-50.0,438,352,100.0,50.0,88.42,404,0.0,4,100.0,-64.2,17,0.0,403,106.11,50.0,4,4.0,1.0,50.0,428,434,17,0.0,0.0,0.0,0.0,439,249,0.0,106.11,408,408,1,437,0.0,438,2,119.44,104.2,438,438,428,-50.0,0,,,,,,,,0.0,,0,,,,,,0,0.0,,,,,1,,,,,0.0,0.0,,,0.0,,,0.0,0.0,,,,,,,,0.0,0,TOR,,,1,,,0.0,Ohio State,175,Undrafted,73.0,Undrafted,USA,Undrafted,1999
95,Mark Bryant,Mark,1610612741,CHI,34.0,45,12,33,0.267,1204.11,168,348,0.483,0,1,0.0,71,110,0.645,92,140,232,48,68,34,16,29,149,2,407,-289,839.4,0,0,787.0,170,272,416,373,125,121,137,73,255,288,255,148,129,303,62,109,91,194,126,152,124,357,404,15,141,435,148,174,12,150,1,143,144,173,13.3,0.184,282,0.71,88.1,390,154,0.182,241,-12.3,389,272,100.8,88.5,74.33,297,0.131,2230,100.8,-12.7,380,0.085,132,89.19,13.2,236,0.079,7.7,88.5,130,390,380,9.3,3.7,0.101,0.076,397,282,0.483,89.19,258,282,249,392,0.513,389,353,89.39,100.8,276,275,121,-12.3,55,0.0,0.0,0.0,,53.0,1.0,0.0,0.423,0.0,130,0.442,120.0,0.0,0.0,0.0,60,0.619,,,0.0,0.0,97,0.0,0.0,0.0,0.0,87.0,38.0,0.0,54.0,0.323,0.0,1.0,0.579,31.0,0.0,0.0,0.0,0.0,0.0,2.0,0.0,10.0,66,CHI,113.0,0.0,114,0.0,0.478,0.437,Seton Hall,245,1,81.0,21,USA,1988,1999
707,Mark Davis,Mark,1610612748,MIA,26.0,4,2,2,0.5,35.315,2,6,0.333,0,0,0.0,5,6,0.833,2,5,7,1,7,1,0,1,12,1,9,-9,14.9,0,0,19.0,402,392,25,219,393,404,410,379,255,339,255,362,372,68,391,382,388,385,364,385,376,41,69,45,396,229,404,174,12,398,1,401,397,153,42.1,0.205,367,0.14,99.5,393,181,0.195,163,-12.5,352,343,104.2,91.7,81.55,397,0.119,72,104.2,-4.4,62,0.059,403,97.86,41.2,181,-0.077,1.5,91.7,390,393,62,5.9,0.5,0.0,0.0,178,367,0.333,97.86,319,367,423,292,0.521,352,107,94.14,103.9,437,437,392,-12.5,0,0.0,0.0,0.0,,0.0,0.0,0.0,0.0,0.0,1,0.0,1.0,0.0,0.0,0.0,2,0.5,,,0.0,0.0,4,0.0,0.0,0.0,,0.0,0.0,0.0,0.0,0.0,,0.0,0.5,1.0,,,,,,0.0,,0.0,2,MIA,1.0,,4,0.0,0.0,0.0,Texas Tech,210,2,79.0,48,USA,1995,1999
971,Mark Hendrickson,Mark,1610612751,NJN,25.0,22,10,12,0.455,394.225,38,87,0.437,0,1,0.0,40,48,0.833,27,41,68,13,15,12,1,10,39,0,116,-26,241.1,1,0,223.0,326,289,123,269,290,300,306,179,255,288,255,219,238,68,215,286,278,313,321,275,339,188,139,130,293,283,304,125,12,306,1,183,276,113,11.0,0.141,377,0.87,102.8,266,197,0.14,362,-2.7,102,382,104.6,101.9,78.38,256,0.114,770,104.6,-3.4,145,0.053,157,94.06,10.8,357,0.067,4.0,101.9,262,266,145,9.4,1.7,0.089,0.067,90,377,0.437,94.06,335,280,293,274,0.536,102,159,92.96,106.2,141,155,270,-2.7,22,0.0,0.0,0.0,0.0,0.0,0.0,0.0,0.431,0.0,51,0.0,2.0,0.0,1.0,1.0,16,0.485,0.0,0.0,0.0,0.0,33,0.0,0.273,0.0,0.0,4.0,0.0,3.0,0.0,0.528,0.0,0.0,0.471,36.0,0.0,0.0,0.0,0.0,0.0,11.0,0.0,19.0,16,NJN,2.0,0.0,34,0.0,0.0,0.0,Washington State,220,2,81.0,31,USA,1996,1999
349,Mark Jackson,Mark,1610612754,IND,34.0,49,32,17,0.653,1379.8616666666667,138,329,0.419,32,103,0.311,65,79,0.823,33,151,184,386,99,42,3,23,58,0,373,197,1208.8,3,1,1065.0,84,42,209,90,90,159,150,233,81,73,135,162,184,88,188,97,118,5,55,108,291,310,177,130,154,26,74,92,3,85,1,239,179,177,11.7,0.159,320,3.9,108.1,57,218,0.158,316,7.3,13,286,101.9,109.2,73.78,3,0.106,2550,101.9,6.8,395,0.423,296,88.53,11.7,311,0.136,6.7,109.2,176,57,395,45.5,2.8,0.068,0.026,21,320,0.468,88.53,8,3,37,56,0.513,13,361,89.28,101.2,189,188,185,7.3,19,3.0,0.312,0.5,1.0,42.0,93.0,1.0,0.404,4.0,47,0.396,106.0,29.0,5.0,9.0,45,0.616,0.0,0.0,0.333,0.2,73,2.0,0.404,0.304,3.0,19.0,5.0,19.0,37.0,0.375,0.0,56.0,0.6,16.0,0.0,0.0,3.0,0.0,0.0,47.0,0.0,6.0,54,IND,95.0,0.0,90,17.0,0.389,0.263,St. John's (NY),185,1,75.0,18,USA,1987,1999
1855,Mark Macon,Mark,1610612765,DET,30.0,7,2,5,0.286,69.845,4,20,0.2,1,3,0.333,0,0,0.0,3,2,5,4,6,5,1,0,6,0,9,9,33.0,0,0,31.0,389,392,66,360,377,390,373,418,215,257,112,411,415,411,371,398,397,358,371,328,339,1,48,130,396,160,387,174,12,385,1,381,323,423,20.0,0.165,29,0.67,98.3,46,403,0.161,303,8.3,241,37,88.8,97.1,81.04,308,0.029,140,88.8,6.4,70,0.078,215,97.24,20.0,304,-0.032,2.9,97.1,418,46,70,13.3,0.6,0.037,0.044,215,29,0.225,97.24,272,192,413,65,0.225,241,79,94.99,91.9,401,401,387,8.3,1,0.0,0.333,0.0,0.0,0.0,3.0,0.0,0.1,0.0,10,0.0,2.0,1.0,0.0,0.0,2,0.4,0.0,0.0,0.0,0.0,5,0.0,0.0,0.333,0.0,0.0,0.0,0.0,0.0,0.111,0.0,3.0,0.4,9.0,0.0,,0.0,0.0,,1.0,,1.0,2,DET,2.0,0.0,5,1.0,0.0,0.0,Temple,185,1,76.0,8,USA,1991,1999
998,Mark Pope,Mark,1610612754,IND,26.0,4,3,1,0.75,25.245,1,7,0.143,0,4,0.0,0,1,0.0,2,2,4,0,1,0,0,0,6,0,2,-1,5.8,0,0,6.0,402,382,9,21,404,413,405,424,255,250,255,411,414,411,391,398,404,408,410,401,376,1,48,130,421,194,419,174,12,419,1,401,382,429,11.8,0.143,26,0.0,89.7,161,286,0.131,356,1.6,376,112,88.0,89.6,77.64,404,0.087,48,88.0,-6.3,179,0.0,403,93.17,12.5,377,-0.217,1.8,89.6,424,161,179,0.0,0.3,0.0,0.0,385,26,0.143,93.17,408,408,432,318,0.134,376,369,89.1,96.1,230,198,419,1.6,0,0.0,0.0,0.0,,0.0,2.0,0.0,0.0,1.0,0,0.0,0.0,0.0,1.0,2.0,1,0.333,,,0.0,0.0,3,0.0,0.0,0.0,,0.0,0.0,0.0,0.0,0.0,0.0,2.0,0.333,0.0,,,0.0,,,2.0,,0.0,1,IND,0.0,0.0,3,0.0,0.0,0.0,Kentucky,235,2,82.0,52,USA,1996,1999
1110,Mark Strickland,Mark,1610612748,MIA,28.0,32,22,10,0.688,355.43,50,101,0.495,0,1,0.0,19,26,0.731,26,52,78,9,13,7,8,9,28,0,119,0,258.1,0,0,236.0,275,152,106,60,301,280,293,57,255,288,255,294,299,200,223,267,265,339,328,316,216,175,111,130,286,189,298,174,12,297,1,117,306,128,9.7,0.172,118,0.69,97.8,188,115,0.166,283,0.4,282,145,95.5,95.9,74.67,304,0.147,662,95.5,0.7,357,0.048,123,89.6,9.7,291,0.108,3.2,95.9,103,188,357,6.7,1.6,0.114,0.079,233,118,0.495,89.6,349,345,114,181,0.529,282,398,87.98,97.1,86,85,286,0.4,4,0.0,0.0,0.0,,4.0,1.0,0.0,0.174,0.0,23,0.286,14.0,0.0,0.0,0.0,42,0.667,,,0.0,0.0,63,0.0,0.25,0.0,0.0,8.0,2.0,1.0,3.0,0.1,0.0,1.0,0.662,10.0,0.0,0.0,0.0,0.0,0.0,4.0,0.0,1.0,43,MIA,13.0,0.0,65,0.0,0.231,0.25,Temple,220,Undrafted,82.0,Undrafted,USA,Undrafted,1999
770,Mark West,Mark,1610612737,ATL,38.0,49,31,18,0.633,494.16333333333336,22,59,0.373,0,0,0.0,16,45,0.356,49,76,125,13,16,4,22,8,80,0,60,-63,291.5,0,0,250.0,84,50,231,102,267,333,330,343,255,339,255,310,250,405,136,225,197,313,314,346,93,156,241,130,333,350,286,174,12,293,1,92,408,394,14.8,0.09,172,0.81,92.6,317,106,0.089,431,-6.2,361,199,97.3,91.2,75.28,271,0.153,927,97.3,-6.2,329,0.046,74,90.33,14.5,431,0.023,1.2,91.2,376,317,329,11.8,0.4,0.121,0.092,360,172,0.373,90.33,356,226,384,315,0.381,361,376,88.92,98.9,326,337,404,-6.2,2,0.0,0.0,0.0,0.0,5.0,0.0,0.0,0.25,0.0,8,0.294,17.0,0.0,0.0,0.0,15,0.441,0.0,0.0,0.0,0.0,34,0.0,0.0,0.0,0.0,2.0,0.0,0.0,6.0,1.0,0.0,0.0,0.395,1.0,0.0,0.0,0.0,0.0,0.0,0.0,0.0,1.0,15,ATL,18.0,0.0,38,0.0,0.333,0.0,Old Dominion,246,2,82.0,30,USA,1983,1999
1527,Marko Milic,Marko,1610612756,PHX,22.0,11,8,3,0.727,52.733333333333334,8,20,0.4,0,1,0.0,0,0,0.0,3,2,5,2,6,3,1,2,7,0,16,-19,31.0,0,0,31.0,373,321,46,39,385,368,373,287,255,288,255,411,415,411,371,398,397,375,371,358,339,62,55,130,377,271,388,174,12,385,1,346,380,389,21.4,0.219,317,0.33,89.7,405,399,0.205,117,-14.4,395,408,101.9,87.5,80.4,369,0.039,104,101.9,-19.5,84,0.074,202,96.49,21.4,148,0.0,1.8,87.5,348,405,84,7.1,0.7,0.045,0.05,386,317,0.4,96.49,284,336,403,408,0.4,395,209,92.06,109.1,409,409,370,-14.4,0,0.0,0.0,0.0,0.0,1.0,0.0,0.0,0.0,0.0,3,0.333,3.0,0.0,1.0,1.0,7,0.538,0.0,0.0,0.0,0.0,13,0.0,0.0,0.0,0.0,2.0,0.0,0.0,0.0,0.0,,0.0,0.571,0.0,0.0,,,0.0,,2.0,,0.0,8,PHX,2.0,,14,0.0,0.0,0.0,None,235,2,78.0,33,Slovenia,1997,1999
1831,Marlon Garnett,Marlon,1610612738,BOS,23.0,24,9,15,0.375,204.56166666666667,15,51,0.294,6,23,0.261,15,20,0.75,3,18,21,18,12,5,1,5,18,0,51,-32,109.2,0,0,108.0,315,304,172,315,335,346,341,398,172,175,193,314,321,170,371,340,352,291,335,328,339,118,84,130,338,299,348,174,12,348,1,352,359,366,13.4,0.15,22,1.5,79.7,352,327,0.147,338,-8.8,422,25,86.6,77.8,83.79,131,0.077,432,86.6,-9.5,30,0.171,379,100.55,13.2,334,0.049,2.1,77.8,384,352,30,19.8,0.6,0.044,0.012,425,22,0.353,100.55,124,110,337,355,0.426,422,32,97.9,89.1,275,278,377,-8.8,4,2.0,0.25,0.5,1.0,1.0,16.0,1.0,0.267,2.0,15,1.0,1.0,4.0,4.0,6.0,4,0.333,0.0,0.0,0.333,0.25,12,1.0,0.389,0.125,1.0,2.0,0.0,7.0,0.0,0.222,0.0,8.0,0.385,9.0,0.0,0.0,0.0,0.0,0.0,18.0,0.0,2.0,5,BOS,0.0,0.0,13,1.0,0.0,0.0,Santa Clara,186,Undrafted,74.0,Undrafted,USA,Undrafted,1999
55,Marty Conlon,Marty,1610612748,MIA,31.0,7,5,2,0.714,34.74,3,13,0.231,0,0,0.0,2,2,1.0,1,4,5,1,3,0,1,1,6,0,8,-2,15.5,0,0,16.0,389,360,25,44,394,398,388,417,255,339,255,388,396,1,403,389,397,385,390,401,339,41,48,130,400,204,402,174,12,402,1,265,377,415,16.8,0.204,66,0.33,88.3,240,246,0.2,166,-1.5,352,207,93.2,91.7,83.48,369,0.098,72,93.2,-10.7,34,0.045,306,100.17,16.7,158,-0.058,1.9,91.7,417,240,34,5.6,0.4,0.061,0.024,395,66,0.231,100.17,357,372,419,372,0.288,352,27,99.04,99.1,372,375,407,-1.5,2,0.0,0.0,0.0,,0.0,0.0,0.0,0.222,0.0,9,0.0,1.0,0.0,0.0,0.0,1,0.333,,,0.0,0.0,3,0.0,0.0,0.0,0.0,1.0,0.0,0.0,0.0,0.286,0.0,0.0,0.333,7.0,0.0,,0.0,0.0,,1.0,,2.0,1,MIA,1.0,0.0,3,0.0,0.0,0.0,Providence,224,Undrafted,82.0,Undrafted,USA,Undrafted,1999
672,Matt Bullard,Matt,1610612745,HOU,32.0,41,24,17,0.585,411.74666666666667,43,114,0.377,24,62,0.387,7,10,0.7,9,33,42,18,14,13,4,7,28,0,117,-3,231.4,0,0,235.0,210,128,209,136,286,292,287,332,100,110,60,351,356,250,321,307,319,291,322,269,277,144,111,130,292,211,307,174,12,301,1,313,329,233,9.3,0.149,328,1.29,103.8,171,320,0.144,342,1.2,74,372,102.2,103.4,78.01,168,0.078,797,102.2,-1.8,165,0.067,318,93.61,9.3,342,0.054,2.8,103.4,134,171,165,12.0,1.0,0.051,0.023,57,328,0.482,93.61,302,222,328,239,0.494,74,224,91.87,105.7,67,65,335,1.2,9,4.0,0.392,0.5,,2.0,51.0,1.0,0.29,6.0,31,0.286,7.0,20.0,5.0,11.0,8,0.571,,,0.364,0.2,14,3.0,0.381,0.357,0.0,3.0,1.0,16.0,1.0,0.318,0.0,28.0,0.5,22.0,0.0,0.0,0.0,0.0,0.0,42.0,0.0,7.0,8,HOU,3.0,0.0,16,10.0,0.333,0.333,Iowa,235,Undrafted,82.0,Undrafted,USA,Undrafted,1999
761,Matt Geiger,Matt,1610612755,PHI,29.0,50,28,22,0.56,1539.4166666666667,266,555,0.479,1,5,0.2,141,177,0.797,137,225,362,58,101,39,40,31,157,3,674,164,1331.4,7,0,1253.0,1,76,294,155,64,41,54,79,215,236,217,53,58,123,21,45,29,168,52,122,49,369,417,6,50,36,57,51,12,56,1,96,69,123,12.8,0.217,57,0.57,98.2,79,111,0.214,126,5.6,201,62,92.6,98.2,76.07,328,0.151,2927,92.6,4.8,279,0.071,82,91.28,12.7,114,0.121,11.1,98.2,138,79,279,7.3,5.3,0.121,0.091,218,57,0.48,91.28,296,335,73,89,0.532,201,296,90.83,93.4,248,248,52,5.6,98,0.0,0.25,0.0,1.0,37.0,4.0,0.0,0.392,0.0,250,0.37,100.0,1.0,0.0,0.0,130,0.65,0.0,0.0,0.0,0.0,200,0.0,0.0,0.333,1.0,143.0,61.0,0.0,41.0,0.326,0.0,3.0,0.613,92.0,0.0,0.0,0.0,0.0,0.0,2.0,0.0,30.0,133,PHI,97.0,0.0,217,1.0,0.423,0.427,Georgia Tech,248,2,85.0,42,USA,1992,1999
1723,Matt Harpring,Matt,1610612753,ORL,23.0,50,33,17,0.66,1115.03,148,320,0.463,10,25,0.4,102,143,0.713,88,126,214,45,73,30,6,29,112,2,408,-3,767.3,1,0,749.0,1,22,209,79,152,143,154,113,149,168,38,96,94,230,67,129,98,202,112,170,251,357,329,15,140,211,168,125,12,163,1,148,190,121,14.6,0.184,186,0.62,97.5,193,173,0.181,240,0.1,206,160,97.8,98.0,76.09,319,0.123,2118,97.8,-0.4,277,0.072,127,91.31,14.5,239,0.082,6.4,98.0,149,193,277,9.0,3.0,0.099,0.077,242,186,0.478,91.31,292,298,239,198,0.533,206,239,91.56,97.8,325,326,174,0.1,43,1.0,0.391,1.0,0.0,12.0,23.0,0.0,0.35,1.0,123,0.3,40.0,9.0,1.0,2.0,83,0.629,0.0,0.0,0.5,0.0,132,1.0,0.346,0.4,1.0,41.0,15.0,9.0,7.0,0.372,0.0,10.0,0.604,78.0,0.0,,0.0,0.0,,26.0,,29.0,84,ORL,25.0,0.0,139,4.0,0.28,0.366,Georgia Tech,231,1,79.0,15,USA,1998,1999
1074,Matt Maloney,Matt,1610612745,HOU,27.0,15,7,8,0.467,186.62166666666667,5,28,0.179,1,15,0.067,10,11,0.909,2,8,10,21,14,4,0,0,7,0,21,-12,62.5,0,0,61.0,358,333,85,260,343,381,364,422,215,192,253,333,353,21,391,375,380,281,322,346,376,1,55,130,371,239,368,174,12,366,1,396,376,410,20.6,0.112,345,1.5,99.2,258,397,0.109,413,-2.2,136,319,102.8,100.6,76.52,131,0.041,355,102.8,-3.6,249,0.159,386,91.82,20.9,415,0.017,1.9,100.6,422,258,249,31.3,0.3,0.027,0.011,187,345,0.196,91.82,136,30,395,277,0.32,136,186,92.44,102.8,407,406,412,-2.2,2,0.0,0.077,0.0,,1.0,13.0,0.0,0.222,2.0,9,1.0,1.0,1.0,0.0,2.0,1,0.333,,,0.0,0.0,3,0.0,0.182,0.167,,0.0,0.0,2.0,1.0,0.0,0.0,6.0,0.333,7.0,,0.0,0.0,,0.0,11.0,0.0,0.0,1,HOU,1.0,0.0,3,1.0,1.0,0.0,Pennsylvania,192,Undrafted,75.0,Undrafted,USA,Undrafted,1999
1508,Maurice Taylor,Maurice,1610612746,LAC,22.0,46,9,37,0.196,1505.64,311,675,0.461,1,6,0.167,150,206,0.728,100,142,242,67,120,16,29,55,179,3,773,-322,1178.9,5,0,1173.0,158,304,426,395,70,21,28,118,215,230,229,46,42,203,53,106,86,150,34,254,66,430,435,6,34,438,81,69,12,67,1,191,26,199,12.6,0.27,417,0.56,97.4,379,220,0.266,41,-11.3,191,410,109.8,98.5,76.13,332,0.106,2866,109.8,-12.2,275,0.087,164,91.35,12.6,38,0.075,14.7,98.5,194,379,275,7.0,6.8,0.085,0.066,243,417,0.461,91.35,253,340,261,382,0.505,191,221,91.94,109.6,242,240,23,-11.3,112,0.0,0.2,0.0,0.0,77.0,5.0,0.0,0.413,0.0,271,0.397,194.0,1.0,1.0,1.0,121,0.593,0.0,0.0,0.0,0.0,204,0.0,0.5,0.333,1.0,120.0,45.0,11.0,66.0,0.416,0.0,3.0,0.577,137.0,0.0,1.0,0.0,0.0,0.0,22.0,0.0,57.0,131,LAC,164.0,0.0,227,1.0,0.402,0.375,Michigan,260,1,81.0,14,USA,1997,1999
688,Michael Curry,Michael,1610612749,MIL,30.0,50,28,22,0.56,1142.5466666666666,90,206,0.437,1,15,0.067,63,79,0.797,19,89,108,78,37,42,7,7,135,1,244,-30,600.6,0,0,529.0,1,76,294,155,144,215,218,178,215,192,253,168,184,122,265,193,214,130,223,108,232,144,378,45,213,290,209,174,12,215,1,321,268,192,10.4,0.12,211,2.11,101.0,218,326,0.116,406,-0.6,200,208,98.9,98.2,75.81,58,0.078,2157,98.9,2.0,297,0.113,337,90.98,10.4,404,0.051,4.1,98.2,254,218,297,21.8,1.8,0.05,0.019,136,211,0.439,90.98,187,94,333,148,0.507,200,348,89.61,99.1,124,123,263,-0.6,52,0.0,0.1,0.0,0.0,5.0,10.0,0.0,0.409,2.0,127,0.625,8.0,1.0,2.0,4.0,32,0.561,0.0,0.0,0.0,0.0,57,0.0,0.345,0.0,0.0,29.0,9.0,10.0,5.0,0.413,0.0,6.0,0.583,75.0,0.0,0.0,0.0,0.0,0.0,29.0,0.0,31.0,35,MIL,7.0,0.0,60,0.0,0.714,0.31,Georgia Southern,227,Undrafted,77.0,Undrafted,USA,Undrafted,1999
1722,Michael Dickerson,Michael,1610612745,HOU,24.0,50,31,19,0.62,1556.3683333333333,215,462,0.465,71,164,0.433,46,72,0.639,26,57,83,95,66,27,11,36,90,1,547,138,837.1,0,0,872.0,1,50,245,114,59,72,79,105,20,32,23,205,199,310,223,256,253,109,132,192,176,388,262,45,83,41,149,174,12,127,1,395,102,67,10.1,0.169,218,1.44,103.3,93,400,0.166,293,4.8,60,194,99.0,103.9,75.93,145,0.035,2952,99.0,4.5,287,0.101,338,91.12,10.1,289,0.063,9.2,103.9,32,93,287,14.5,4.3,0.027,0.019,78,218,0.542,91.12,216,173,305,94,0.554,60,244,91.49,98.8,104,103,93,4.8,39,15.0,0.455,0.412,0.0,8.0,121.0,8.0,0.379,17.0,103,0.216,37.0,55.0,25.0,42.0,98,0.616,0.0,0.0,0.357,0.32,159,7.0,0.419,0.439,0.0,25.0,8.0,54.0,5.0,0.379,0.0,57.0,0.598,58.0,0.0,0.0,0.0,0.0,0.0,129.0,0.0,22.0,101,HOU,24.0,0.0,169,25.0,0.208,0.32,Arizona,190,1,77.0,14,USA,1998,1999
1720,Michael Doleac,Michael,1610612753,ORL,22.0,49,32,17,0.653,779.4333333333333,125,267,0.468,0,0,0.0,54,80,0.675,66,82,148,20,26,19,17,15,117,0,304,129,593.6,0,0,544.0,84,42,209,90,216,172,183,103,255,339,255,185,179,281,95,211,157,283,269,238,117,253,345,130,184,44,212,174,12,213,1,155,219,205,7.5,0.186,120,0.77,102.7,52,201,0.182,234,7.9,72,148,95.5,103.5,77.08,280,0.113,1507,95.5,5.4,216,0.044,113,92.5,7.4,232,0.07,5.4,103.5,174,52,216,5.7,2.6,0.097,0.082,93,120,0.468,92.5,362,371,283,81,0.503,72,213,92.02,97.3,32,32,201,7.9,66,0.0,0.0,0.0,0.0,14.0,0.0,0.0,0.41,0.0,161,0.35,40.0,0.0,0.0,0.0,45,0.682,0.0,0.0,0.0,0.0,66,0.0,0.125,0.0,0.0,62.0,22.0,1.0,12.0,0.46,0.0,0.0,0.667,87.0,0.0,,0.0,0.0,,8.0,,40.0,50,ORL,35.0,0.0,75,0.0,0.343,0.355,Utah,262,1,83.0,12,USA,1998,1999
714,Michael Finley,Michael,1610612742,DAL,26.0,50,19,31,0.38,2055.2433333333333,389,876,0.444,45,136,0.331,186,226,0.823,69,194,263,218,107,66,15,35,96,0,1009,-62,1787.6,6,0,1697.0,1,185,404,309,2,8,8,158,57,55,119,26,36,86,92,64,73,28,48,37,135,385,281,130,10,349,19,58,12,17,1,254,10,164,8.2,0.242,347,2.04,100.3,257,254,0.238,65,-2.2,133,318,103.0,100.7,75.94,68,0.095,3914,103.0,-2.4,286,0.193,256,91.13,8.2,62,0.126,17.5,100.7,171,257,286,16.7,7.8,0.064,0.033,154,347,0.47,91.13,101,143,61,247,0.517,133,251,91.43,102.7,46,47,10,-2.2,140,15.0,0.313,0.393,2.0,60.0,96.0,4.0,0.383,28.0,366,0.426,141.0,30.0,11.0,39.0,144,0.621,0.0,0.0,0.385,0.364,232,11.0,0.4,0.317,3.0,114.0,45.0,52.0,41.0,0.379,0.0,63.0,0.609,219.0,0.0,2.0,3.0,0.0,0.0,130.0,0.0,83.0,148,DAL,99.0,0.0,243,20.0,0.414,0.395,Wisconsin,215,1,79.0,21,USA,1995,1999
1138,Michael Hawkins,Michael,1610612758,SAC,26.0,24,12,12,0.5,203.56166666666667,14,40,0.35,5,19,0.263,3,3,1.0,10,15,25,27,13,3,1,2,14,0,36,-8,105.5,0,0,101.0,315,272,123,219,336,351,348,375,180,181,189,378,394,1,318,350,342,252,328,358,339,62,75,130,358,227,350,174,12,351,1,256,387,358,16.0,0.123,249,2.08,103.4,195,340,0.118,400,0.0,150,333,100.0,100.0,80.57,64,0.074,406,100.0,0.1,81,0.203,199,96.68,16.0,402,0.051,1.7,100.0,331,195,81,33.3,0.6,0.063,0.052,75,249,0.413,96.68,91,22,332,192,0.436,150,126,93.56,103.3,365,361,382,0.0,3,1.0,0.267,0.333,0.0,0.0,15.0,0.0,0.273,3.0,11,0.0,1.0,4.0,1.0,4.0,6,0.667,0.0,0.0,0.25,0.0,9,1.0,0.364,0.222,1.0,2.0,1.0,4.0,0.0,0.143,0.0,9.0,0.667,7.0,0.0,,0.0,0.0,,11.0,,1.0,6,SAC,1.0,0.0,9,2.0,0.0,0.5,Xavier,178,Undrafted,72.0,Undrafted,USA,Undrafted,1999
1709,Michael Olowokandi,Michael,1610612746,LAC,24.0,45,9,36,0.2,1281.125,172,399,0.431,0,0,0.0,57,118,0.483,120,237,357,25,85,27,55,42,137,1,401,-277,1027.9,7,0,947.0,170,304,421,391,108,111,109,197,255,339,255,178,118,386,30,38,34,258,79,192,30,408,384,45,145,433,109,51,12,111,1,27,110,348,15.2,0.194,404,0.29,95.2,378,15,0.191,204,-10.9,275,397,107.1,96.2,76.03,379,0.212,2429,107.1,-12.1,281,0.034,71,91.23,15.2,196,0.07,8.9,96.2,276,378,281,4.5,3.8,0.149,0.094,312,404,0.431,91.23,381,386,277,381,0.445,275,233,91.64,107.3,345,344,108,-10.9,25,0.0,0.0,0.0,0.0,61.0,0.0,0.0,0.316,0.0,79,0.341,179.0,0.0,0.0,0.0,86,0.61,0.0,0.0,0.0,0.0,141,0.0,0.0,0.0,0.0,42.0,12.0,0.0,64.0,0.167,0.0,0.0,0.601,6.0,0.0,0.0,0.0,0.0,0.0,0.0,0.0,1.0,95,LAC,193.0,0.0,158,0.0,0.332,0.286,Pacific,269,1,84.0,1,Nigeria,1998,1999
63,Michael Smith,Michael,1610612763,VAN,27.0,48,7,41,0.146,1098.4633333333334,77,144,0.535,0,1,0.0,76,128,0.594,135,215,350,48,60,46,18,20,107,1,230,-147,854.0,4,0,756.0,114,333,434,412,157,235,262,25,255,288,255,136,108,335,23,50,39,194,150,82,109,291,313,45,222,409,146,79,12,162,1,10,312,41,19.5,0.11,384,0.8,97.8,330,16,0.11,419,-6.6,180,356,105.4,98.8,74.25,272,0.209,2033,105.4,-6.8,381,0.074,14,89.1,19.2,414,0.105,3.0,98.8,39,330,381,15.4,1.6,0.167,0.127,231,384,0.535,89.1,286,156,130,326,0.574,180,342,89.88,104.6,394,395,281,-6.6,1,0.0,0.0,0.0,0.0,8.0,1.0,0.0,0.083,0.0,12,0.308,26.0,0.0,0.0,0.0,68,0.648,0.0,0.0,0.0,0.0,105,0.0,0.0,0.0,0.0,6.0,1.0,0.0,6.0,0.0,0.0,0.0,0.625,2.0,0.0,1.0,0.0,0.0,0.0,0.0,0.0,0.0,70,VAN,23.0,0.0,112,0.0,0.261,0.167,Providence,230,2,80.0,35,USA,1994,1999
1565,Michael Stewart,Michael,1610612761,TOR,24.0,42,19,23,0.452,392.055,22,53,0.415,0,0,0.0,17,25,0.68,43,56,99,5,12,4,28,5,76,0,61,-26,271.3,0,0,229.0,197,185,315,270,291,333,336,245,255,339,255,306,303,279,148,259,227,352,335,346,68,118,227,130,332,283,292,174,12,303,1,84,406,279,14.8,0.085,153,0.42,96.3,236,113,0.083,434,-1.3,292,198,96.6,95.3,79.02,362,0.149,766,96.6,-2.5,119,0.021,58,94.82,14.6,432,0.033,1.3,95.3,328,236,119,6.1,0.5,0.123,0.101,285,153,0.415,94.82,401,360,368,249,0.477,292,140,93.24,98.8,332,336,391,-1.3,3,0.0,0.0,0.0,0.0,1.0,0.0,0.0,0.231,0.0,13,0.167,6.0,0.0,0.0,0.0,18,0.529,0.0,0.0,0.0,0.0,34,0.0,0.0,0.0,0.0,4.0,1.0,0.0,2.0,0.2,0.0,0.0,0.529,5.0,0.0,0.0,0.0,0.0,0.0,1.0,0.0,1.0,18,TOR,9.0,0.0,34,0.0,0.222,0.25,California,230,Undrafted,82.0,Undrafted,USA,Undrafted,1999
52,Micheal Williams,Micheal,1610612761,TOR,32.0,2,0,2,0.0,14.955,1,5,0.2,0,0,0.0,0,0,0.0,1,0,1,0,1,0,0,1,1,0,2,-4,2.2,0,0,3.0,418,423,25,423,416,413,414,418,255,339,255,411,415,411,403,423,417,408,410,401,376,41,13,130,421,215,430,174,12,429,1,369,342,424,16.7,0.202,405,0.0,89.8,414,408,0.188,170,-18.8,385,415,107.7,88.9,70.88,404,0.0,27,107.7,-20.4,439,0.0,160,85.06,16.7,210,-0.106,2.5,88.9,419,414,439,0.0,0.5,0.04,0.067,383,405,0.2,85.06,408,408,427,412,0.2,385,438,83.64,110.2,372,372,392,-18.8,1,0.0,0.0,0.0,,0.0,0.0,,0.25,0.0,4,0.0,0.0,0.0,,0.0,0,0.0,,,0.0,,1,0.0,1.0,0.0,,3.0,0.0,1.0,0.0,0.0,,0.0,0.0,0.0,,,,,,1.0,,0.0,0,TOR,0.0,,1,0.0,0.0,0.0,Baylor,175,2,74.0,48,USA,1988,1999
1710,Mike Bibby,Mike,1610612763,VAN,21.0,50,8,42,0.16,1755.8416666666667,260,605,0.43,15,74,0.203,127,169,0.751,30,106,136,325,146,78,5,25,122,0,662,-340,1415.7,6,0,1304.0,1,321,439,408,31,44,41,200,124,97,216,65,64,168,202,160,179,11,13,23,264,326,355,130,52,439,51,58,12,51,1,364,55,254,12.7,0.215,398,2.23,96.3,365,369,0.214,132,-9.5,235,376,106.8,97.3,76.48,52,0.064,3347,106.8,-9.6,251,0.343,355,91.77,12.6,116,0.1,12.1,97.3,245,365,251,28.1,5.2,0.041,0.018,284,398,0.442,91.77,19,47,147,358,0.487,235,174,92.6,105.9,245,245,56,-9.5,147,1.0,0.219,0.2,3.0,28.0,64.0,0.0,0.452,5.0,325,0.292,96.0,14.0,1.0,6.0,70,0.631,0.0,0.0,0.167,0.0,111,1.0,0.449,0.14,4.0,62.0,26.0,44.0,17.0,0.452,0.5,43.0,0.585,208.0,0.0,1.0,2.0,0.0,0.0,98.0,0.0,94.0,72,VAN,64.0,1.0,123,6.0,0.266,0.419,Arizona,190,1,74.0,2,USA,1998,1999
1630,Mikki Moore,Mikki,1610612765,DET,23.0,2,0,2,0.0,5.266666666666667,1,1,1.0,0,0,0.0,2,2,1.0,0,1,1,0,0,0,0,0,0,0,4,9,5.2,0,0,5.0,418,423,25,423,428,413,427,1,255,339,255,388,396,1,415,409,417,408,426,401,376,1,1,130,410,160,421,174,12,421,1,401,432,1,0.0,0.158,1,0.0,121.5,1,408,0.167,318,92.7,5,1,27.3,120.0,79.75,404,0.0,10,27.3,89.7,105,0.0,403,95.7,0.0,288,0.37,0.5,120.0,2,1,105,0.0,0.5,0.0,0.0,5,1,1.0,95.7,408,408,3,1,1.064,5,396,88.04,31.8,1,1,392,92.7,1,0.0,0.0,,,0.0,0.0,0.0,1.0,,1,0.0,0.0,0.0,0.0,0.0,0,0.0,,,0.0,0.0,0,,0.0,0.0,,1.0,1.0,0.0,0.0,0.0,,0.0,0.0,0.0,,,,,,0.0,,0.0,0,DET,0.0,,0,0.0,0.0,1.0,Nebraska,230,Undrafted,84.0,Undrafted,USA,Undrafted,1999
1750,Miles Simon,Miles,1610612753,ORL,23.0,5,5,0,1.0,18.615,1,5,0.2,0,2,0.0,0,0,0.0,1,1,2,0,3,1,0,1,1,0,2,-12,4.4,0,0,6.0,399,360,1,1,410,413,414,418,255,269,255,411,415,411,403,409,413,408,390,385,376,41,13,130,421,239,424,174,12,419,1,314,412,424,37.5,0.208,249,0.0,71.4,428,393,0.186,151,-33.3,433,266,100.0,66.7,82.73,404,0.048,39,100.0,-29.2,44,0.0,189,99.27,37.5,217,-0.059,1.0,66.7,419,428,44,0.0,0.2,0.051,0.056,431,249,0.2,99.27,408,408,420,424,0.2,433,63,95.61,100.6,435,435,424,-33.3,0,,0.0,,,0.0,2.0,,0.0,,2,0.0,0.0,0.0,,,1,1.0,,,,,1,,0.0,0.0,,0.0,0.0,0.0,0.0,0.0,0.0,1.0,1.0,1.0,,,0.0,,,1.0,,0.0,1,ORL,1.0,0.0,1,0.0,0.0,0.0,Arizona,202,2,75.0,42,USA,1998,1999
782,Mitch Richmond,Mitch,1610612764,WAS,33.0,50,18,32,0.36,1912.365,331,803,0.412,70,221,0.317,251,293,0.857,30,142,172,122,136,64,10,43,121,1,983,-101,1458.4,1,0,1495.0,1,201,412,329,10,17,10,254,21,12,129,9,12,50,202,106,130,73,21,39,191,413,352,45,12,392,47,125,12,34,1,337,18,136,11.4,0.258,335,0.9,99.0,269,325,0.253,48,-2.8,159,297,102.6,99.8,75.85,249,0.078,3627,102.6,-2.7,291,0.114,360,91.02,11.5,47,0.099,16.1,99.8,202,269,291,10.3,6.6,0.047,0.016,192,335,0.456,91.02,186,260,151,255,0.527,159,228,91.79,101.7,180,177,24,-2.8,129,15.0,0.324,0.143,0.0,25.0,173.0,12.0,0.396,21.0,326,0.362,69.0,56.0,27.0,48.0,106,0.567,0.0,0.0,0.313,0.444,187,3.0,0.338,0.352,0.0,69.0,31.0,50.0,17.0,0.391,0.0,122.0,0.534,202.0,0.0,1.0,2.0,0.0,0.0,148.0,0.0,79.0,111,WAS,51.0,0.0,208,43.0,0.333,0.449,Kansas State,220,1,77.0,5,USA,1988,1999
348,Mitchell Butler,Mitchell,1610612739,CLE,28.0,31,12,19,0.387,414.47,67,139,0.482,11,29,0.379,23,32,0.719,13,31,44,22,29,15,4,14,41,0,168,6,281.8,0,0,283.0,280,272,245,306,285,250,264,75,143,160,70,276,283,219,303,314,314,276,256,261,277,246,142,130,259,170,290,174,12,282,1,274,251,79,14.2,0.221,145,0.76,97.5,167,313,0.216,113,1.3,227,174,96.1,97.4,72.09,283,0.08,745,96.1,-0.9,434,0.116,240,86.51,14.1,107,0.089,4.5,97.4,49,167,434,10.7,2.2,0.059,0.036,240,145,0.522,86.51,182,250,196,208,0.549,227,431,85.48,98.4,312,314,229,1.3,17,9.0,0.4,0.364,3.0,6.0,5.0,5.0,0.395,11.0,43,0.316,19.0,2.0,10.0,21.0,33,0.688,0.0,0.0,0.429,0.5,48,4.0,0.438,0.0,3.0,8.0,3.0,14.0,6.0,0.407,,1.0,0.66,27.0,0.0,,,0.0,,32.0,,11.0,33,CLE,18.0,,50,0.0,0.333,0.375,UCLA,227,Undrafted,77.0,Undrafted,USA,Undrafted,1999
42,Monty Williams,Monty,1610612743,DEN,27.0,1,0,1,0.0,5.483333333333333,0,2,0.0,0,0,0.0,1,2,0.5,0,0,0,0,0,0,0,0,0,0,1,-2,1.0,0,0,1.0,431,423,9,423,426,428,422,428,255,339,255,403,396,366,415,423,427,408,426,401,376,1,1,130,431,204,435,174,12,434,1,401,366,426,0.0,0.201,249,0.0,79.5,410,408,0.2,175,-18.2,417,283,100.0,81.8,80.24,404,0.0,11,100.0,-21.6,92,0.0,403,96.29,0.0,158,-0.16,2.0,81.8,428,410,92,0.0,0.0,0.0,0.0,426,249,0.0,96.29,408,408,430,418,0.174,417,41,97.17,101.1,1,1,428,-18.2,0,0.0,0.0,0.0,,0.0,0.0,0.0,0.0,0.0,1,0.0,1.0,0.0,0.0,0.0,0,0.0,,,0.0,0.0,0,0.0,0.0,0.0,,0.0,0.0,0.0,0.0,0.0,,0.0,0.0,1.0,,0.0,,,0.0,0.0,0.0,0.0,0,DEN,1.0,,0,0.0,0.0,0.0,Notre Dame,225,1,80.0,24,USA,1994,1999
983,Moochie Norris,Moochie,1610612760,SEA,25.0,12,8,4,0.667,138.98,13,40,0.325,6,15,0.4,6,16,0.375,4,16,20,24,16,7,0,2,17,0,38,-22,103.0,0,0,102.0,368,321,55,73,358,354,348,388,172,192,38,357,335,402,364,345,356,263,314,316,376,62,81,130,354,276,353,174,12,350,1,237,299,383,18.4,0.201,73,1.5,86.4,348,205,0.196,174,-8.6,409,115,93.3,84.7,82.46,131,0.111,288,93.3,-9.7,47,0.316,290,98.95,18.2,179,0.049,3.3,84.7,348,348,47,27.3,1.1,0.068,0.027,410,73,0.4,98.95,32,53,339,360,0.404,409,47,96.52,96.2,386,387,329,-8.6,0,0.0,0.5,0.0,,2.0,12.0,0.0,0.0,0.0,6,0.222,9.0,6.0,3.0,3.0,5,0.5,,,0.0,0.0,10,0.0,0.4,0.4,0.0,5.0,1.0,4.0,1.0,0.0,0.0,5.0,0.417,2.0,0.0,,0.0,0.0,,10.0,,0.0,5,SEA,6.0,0.0,12,2.0,0.167,0.2,West Florida,188,2,74.0,33,USA,1996,1999
302,Mookie Blaylock,Mookie,1610612737,ATL,32.0,48,30,18,0.625,1762.2833333333333,247,651,0.379,77,251,0.307,69,91,0.758,45,179,224,278,115,99,9,24,61,0,640,220,1534.8,5,1,1435.0,114,64,231,109,28,52,31,323,14,8,143,153,158,154,144,75,94,20,37,12,204,316,187,130,57,20,38,69,3,41,1,255,39,306,10.6,0.214,79,2.42,98.8,69,229,0.209,138,6.1,158,46,93.7,99.8,72.91,37,0.102,3224,93.7,6.2,420,0.308,298,87.49,10.6,135,0.143,13.6,99.8,257,69,420,25.6,5.1,0.063,0.025,204,79,0.439,87.49,36,64,30,66,0.463,158,388,88.46,92.5,132,132,60,6.1,95,13.0,0.289,0.5,3.0,13.0,218.0,2.0,0.38,22.0,250,0.325,40.0,63.0,6.0,28.0,63,0.563,0.0,0.0,0.464,0.333,112,11.0,0.399,0.263,6.0,53.0,16.0,71.0,6.0,0.403,0.0,137.0,0.542,134.0,0.0,1.0,3.0,0.0,0.0,178.0,0.0,54.0,64,ATL,21.0,0.0,118,36.0,0.286,0.302,Oklahoma,185,1,73.0,12,USA,1989,1999
177,Muggsy Bogues,Muggsy,1610612744,GSW,34.0,36,15,21,0.417,715.0283333333333,76,154,0.494,0,6,0.0,31,36,0.861,16,57,73,134,47,43,1,3,44,0,183,-12,556.6,0,0,478.0,246,237,277,288,229,236,256,60,255,230,255,250,273,45,283,256,273,64,190,103,339,89,153,130,250,239,217,174,12,225,1,319,259,107,13.4,0.138,74,2.85,93.4,224,309,0.132,371,-1.0,346,97,93.3,92.4,75.61,17,0.082,1352,93.3,-2.2,312,0.339,323,90.73,13.5,375,0.142,4.3,92.4,108,224,312,38.5,2.1,0.051,0.022,348,74,0.494,90.73,20,8,31,245,0.539,346,366,89.16,95.6,294,284,234,-1.0,57,0.0,0.0,0.0,0.0,6.0,6.0,0.0,0.528,0.0,108,0.286,21.0,0.0,0.0,0.0,13,0.684,0.0,0.0,0.0,0.0,19,0.0,0.727,0.0,1.0,24.0,12.0,8.0,2.0,0.494,0.0,2.0,0.636,81.0,0.0,1.0,1.0,0.0,0.0,11.0,0.0,40.0,14,GSW,11.0,0.0,22,0.0,0.182,0.5,Wake Forest,141,1,63.0,12,USA,1987,1999
1737,Nazr Mohammed,Nazr,1610612755,PHI,21.0,26,17,9,0.654,120.32833333333333,15,42,0.357,0,0,0.0,12,21,0.571,18,19,37,2,12,5,4,8,22,0,42,31,104.4,0,0,99.0,307,214,94,89,363,346,347,373,255,339,255,325,317,341,270,338,326,375,335,328,277,156,93,130,351,124,351,174,12,353,1,41,391,375,18.4,0.228,16,0.17,102.8,16,137,0.214,93,12.7,279,14,83.4,96.1,85.77,393,0.136,257,83.4,16.6,25,0.031,5,102.92,18.2,111,0.032,1.6,96.1,382,16,25,3.0,0.6,0.143,0.153,89,16,0.357,102.92,383,399,370,14,0.41,279,34,97.86,86.2,386,389,385,12.7,1,0.0,0.0,0.0,0.0,2.0,0.0,0.0,0.1,0.0,10,0.182,11.0,0.0,0.0,0.0,12,0.571,0.0,0.0,0.0,0.0,21,0.0,0.0,0.0,0.0,5.0,1.0,0.0,1.0,0.333,0.0,0.0,0.522,3.0,0.0,,0.0,0.0,,0.0,,1.0,12,PHI,11.0,0.0,23,0.0,0.091,0.2,Kentucky,240,1,82.0,29,USA,1998,1999
1861,Negele Knight,Negele,1610612761,TOR,32.0,6,3,3,0.5,57.545,3,8,0.375,0,1,0.0,2,4,0.5,1,5,6,8,7,1,0,1,5,0,8,-14,23.2,0,0,24.0,393,382,46,219,382,398,399,337,255,288,255,388,380,366,403,382,392,342,364,385,376,41,43,130,400,251,395,174,12,392,1,273,401,375,28.3,0.137,411,1.14,100.7,401,216,0.13,376,-13.3,307,409,108.0,94.7,78.2,190,0.109,113,108.0,-8.6,155,0.25,347,93.84,28.0,380,0.018,1.3,94.7,372,401,155,32.0,0.5,0.059,0.018,143,411,0.375,93.84,64,28,392,348,0.41,307,316,90.49,109.3,429,429,392,-13.3,3,0.0,0.0,0.0,,0.0,1.0,0.0,0.5,0.0,6,0.0,0.0,0.0,0.0,0.0,0,0.0,,,0.0,0.0,1,0.0,0.5,0.0,,0.0,0.0,2.0,0.0,0.333,,0.0,0.0,3.0,,,,,,4.0,,1.0,0,TOR,0.0,,1,0.0,0.0,0.0,Dayton,175,2,73.0,31,USA,1990,1999
98,Nick Anderson,Nick,1610612753,ORL,31.0,47,30,17,0.638,1579.5733333333333,253,640,0.395,96,277,0.347,99,162,0.611,51,226,277,91,83,64,15,28,72,0,701,88,1323.9,5,0,1323.0,140,64,209,99,53,47,34,300,5,5,100,98,71,325,129,44,67,113,82,39,135,353,216,130,43,69,58,69,12,47,1,185,38,237,9.4,0.23,115,1.1,97.0,141,120,0.228,86,2.6,204,82,95.4,98.0,75.62,196,0.145,2992,95.4,2.1,311,0.107,264,90.74,9.3,82,0.113,13.6,98.0,169,141,311,10.2,5.4,0.088,0.032,261,115,0.47,90.74,207,263,96,141,0.493,204,248,91.46,94.9,66,73,49,2.6,51,18.0,0.341,0.469,3.0,32.0,229.0,3.0,0.381,32.0,134,0.308,104.0,78.0,13.0,45.0,74,0.592,0.0,0.0,0.4,0.231,125,15.0,0.372,0.325,3.0,50.0,18.0,68.0,22.0,0.456,0.0,120.0,0.537,57.0,0.0,0.0,1.0,0.0,0.0,183.0,0.0,26.0,80,ORL,77.0,0.0,149,39.0,0.286,0.36,Illinois,228,1,78.0,11,USA,1989,1999
89,Nick Van Exel,Nick,1610612743,DEN,27.0,50,14,36,0.28,1801.6716666666666,306,769,0.398,72,234,0.308,142,175,0.811,14,99,113,368,121,40,3,26,90,1,826,-306,1521.6,10,0,1465.0,1,245,421,367,20,24,15,293,18,10,139,51,59,105,296,176,209,8,31,117,291,337,262,45,26,437,39,38,12,38,1,392,22,250,9.1,0.243,422,3.04,100.8,355,381,0.238,63,-9.0,117,407,110.3,101.2,77.58,11,0.057,3499,110.3,-8.3,183,0.375,394,93.1,9.1,63,0.106,15.4,101.2,237,355,183,27.6,6.1,0.031,0.007,141,422,0.445,93.1,15,50,125,345,0.488,117,119,93.81,109.1,58,58,33,-9.0,94,9.0,0.303,0.333,1.0,62.0,208.0,6.0,0.384,9.0,245,0.437,142.0,63.0,16.0,25.0,78,0.527,0.0,0.0,0.36,0.375,148,3.0,0.345,0.288,2.0,101.0,46.0,40.0,45.0,0.381,0.0,156.0,0.521,113.0,0.0,,2.0,0.0,,116.0,,43.0,87,DEN,112.0,0.0,167,45.0,0.402,0.455,Cincinnati,190,2,73.0,37,USA,1993,1999
178,Olden Polynice,Olden,1610612760,SEA,34.0,48,23,25,0.479,1479.5716666666667,169,358,0.472,1,1,1.0,29,94,0.309,184,241,425,43,49,20,30,19,150,1,368,-104,1043.5,11,0,937.0,114,138,347,254,73,119,131,95,215,288,1,256,155,408,4,35,15,205,180,230,65,281,406,45,158,393,105,33,12,113,1,38,151,319,10.0,0.139,371,0.88,100.8,272,62,0.136,370,-2.9,110,345,104.5,101.6,74.86,254,0.173,2758,104.5,-3.1,349,0.047,25,89.83,10.0,363,0.071,7.5,101.6,162,272,349,8.7,3.5,0.145,0.12,139,371,0.473,89.83,353,300,276,263,0.461,110,318,90.41,103.9,93,94,135,-2.9,35,0.0,0.5,0.0,0.0,43.0,2.0,0.0,0.35,0.0,100,0.41,105.0,1.0,0.0,0.0,90,0.596,0.0,0.0,0.0,0.0,151,0.0,0.0,0.5,0.0,56.0,17.0,0.0,28.0,0.5,0.0,2.0,0.575,40.0,0.0,0.0,0.0,0.0,0.0,1.0,0.0,20.0,103,SEA,80.0,0.0,179,1.0,0.35,0.304,Virginia,250,1,84.0,8,Haiti,1987,1999
932,Oliver Miller,Oliver,1610612758,SAC,29.0,4,2,2,0.5,34.51,5,11,0.455,0,0,0.0,0,0,0.0,7,1,8,0,4,0,2,2,3,0,10,-13,21.6,0,0,22.0,402,392,25,219,395,381,394,127,255,339,255,411,415,411,336,409,384,408,382,401,318,62,30,130,394,247,396,174,12,394,1,132,332,328,26.7,0.177,412,0.0,90.2,415,403,0.17,267,-19.6,385,417,108.5,88.9,82.87,404,0.029,72,108.5,-20.1,42,0.0,4,99.45,26.7,276,0.023,2.8,88.9,206,415,42,0.0,1.3,0.107,0.171,380,412,0.455,99.45,408,408,385,410,0.455,385,33,97.86,110.3,425,425,316,-19.6,2,0.0,0.0,0.0,,2.0,0.0,,1.0,0.0,2,0.667,3.0,0.0,,0.0,1,0.167,,,0.0,,6,0.0,0.0,0.0,0.0,0.0,0.0,0.0,2.0,1.0,0.0,0.0,0.167,2.0,0.0,,0.0,0.0,,0.0,,2.0,1,SAC,3.0,0.0,6,0.0,0.667,0.0,Arkansas,325,1,81.0,22,USA,1992,1999
970,Othella Harrington,Othella,1610612745,HOU,25.0,41,28,13,0.683,901.345,156,304,0.513,0,0,0.0,88,122,0.721,72,174,246,15,61,6,25,34,103,0,400,50,749.7,5,0,723.0,210,76,134,64,195,136,161,37,255,339,255,110,112,214,88,78,81,304,146,324,84,381,304,130,146,101,174,69,12,172,1,54,156,61,14.1,0.218,135,0.25,99.4,115,48,0.212,123,3.5,164,120,95.8,99.4,76.57,386,0.179,1720,95.8,3.1,246,0.031,87,91.89,14.1,124,0.115,7.4,99.4,64,115,246,3.5,3.8,0.138,0.089,183,135,0.513,91.89,384,394,92,117,0.559,164,235,91.64,96.3,311,307,114,3.5,19,0.0,0.0,0.0,0.0,49.0,0.0,0.0,0.292,0.0,65,0.454,108.0,0.0,0.0,0.0,88,0.672,0.0,0.0,0.0,0.0,131,0.0,0.25,0.0,0.0,32.0,9.0,1.0,41.0,0.292,0.0,0.0,0.628,24.0,0.0,0.0,0.0,0.0,0.0,4.0,0.0,7.0,98,HOU,88.0,0.0,156,0.0,0.466,0.281,Georgetown,235,2,81.0,30,USA,1996,1999
901,Otis Thorpe,Otis,1610612764,WAS,36.0,49,17,32,0.347,1538.7216666666666,240,440,0.545,0,2,0.0,74,106,0.698,96,238,334,101,88,42,19,21,196,0,554,-95,1201.3,6,0,1111.0,84,214,412,334,65,56,89,21,255,269,255,142,133,255,57,37,48,102,74,108,104,298,439,130,78,388,77,58,12,74,1,109,109,46,13.0,0.175,365,1.15,100.3,280,84,0.172,274,-3.4,135,349,104.0,100.7,75.82,189,0.165,2918,104.0,-3.9,296,0.111,162,90.98,13.1,271,0.101,9.0,100.7,27,280,296,15.0,4.9,0.116,0.067,157,365,0.545,90.98,195,165,140,281,0.569,135,272,91.14,104.1,271,265,69,-3.4,73,0.0,0.0,0.0,1.0,42.0,1.0,0.0,0.451,0.0,162,0.433,97.0,0.0,0.0,0.0,125,0.698,0.0,0.0,0.0,0.0,179,0.0,0.333,0.0,1.0,58.0,27.0,1.0,31.0,0.468,0.0,1.0,0.662,94.0,0.0,0.0,0.0,0.0,0.0,3.0,0.0,44.0,137,WAS,76.0,0.0,207,0.0,0.408,0.466,Providence,246,1,82.0,9,USA,1984,1999
136,P.J. Brown,P.J.,1610612748,MIA,29.0,50,33,17,0.66,1611.8783333333333,229,477,0.48,0,0,0.0,113,146,0.774,115,231,346,66,69,46,48,31,166,0,571,202,1298.2,7,0,1171.0,1,22,209,79,51,62,75,77,255,339,255,79,91,139,36,40,43,153,123,82,38,369,429,130,74,24,60,51,12,68,1,114,94,135,10.2,0.187,149,0.96,104.0,53,123,0.185,229,7.9,53,104,96.3,104.2,72.51,237,0.145,2908,96.3,8.3,428,0.075,119,87.01,10.1,220,0.106,9.5,104.2,139,53,428,9.7,4.6,0.114,0.081,55,149,0.48,87.01,282,272,129,44,0.527,53,416,87.32,95.7,111,113,78,7.9,121,0.0,0.0,0.0,0.0,31.0,0.0,0.0,0.448,0.0,270,0.437,71.0,0.0,0.0,0.0,77,0.566,0.0,0.0,0.0,0.0,136,0.0,0.545,0.0,0.0,106.0,48.0,6.0,22.0,0.44,0.0,0.0,0.556,166.0,0.0,0.0,0.0,0.0,0.0,11.0,0.0,73.0,80,MIA,50.0,0.0,144,0.0,0.44,0.453,Louisiana Tech,240,2,83.0,29,USA,1992,1999
1727,Pat Garrity,Pat,1610612756,PHX,22.0,39,24,15,0.615,540.1316666666667,85,170,0.5,7,18,0.389,40,56,0.714,26,49,75,18,20,8,3,12,62,0,217,39,347.0,0,0,339.0,218,128,172,122,259,219,248,46,165,184,56,219,222,225,223,270,268,291,296,309,291,223,191,130,228,111,271,174,12,266,1,214,253,64,8.6,0.185,260,0.9,103.4,134,256,0.181,239,2.8,85,259,100.2,103.0,77.09,248,0.095,1046,100.2,3.2,215,0.055,196,92.51,8.6,240,0.073,4.4,103.0,52,134,215,7.7,2.2,0.074,0.052,72,260,0.521,92.51,330,327,267,116,0.557,85,199,92.26,100.3,49,50,228,2.8,39,5.0,0.182,0.75,,5.0,11.0,2.0,0.453,4.0,86,0.333,15.0,2.0,3.0,7.0,34,0.667,,,0.714,0.667,51,3.0,0.382,0.0,0.0,25.0,16.0,13.0,4.0,0.429,0.0,2.0,0.667,42.0,0.0,0.0,1.0,0.0,0.0,34.0,0.0,18.0,34,PHX,15.0,0.0,51,0.0,0.267,0.64,Notre Dame,238,1,81.0,19,USA,1998,1999
121,Patrick Ewing,Patrick,1610612752,NYK,36.0,38,20,18,0.526,1300.4183333333333,247,568,0.435,0,2,0.0,163,231,0.706,74,303,377,43,99,30,100,36,105,1,657,47,1464.9,18,0,1337.0,227,173,231,198,103,52,52,184,255,269,255,38,33,242,84,15,25,205,55,170,10,388,308,45,54,105,44,18,12,46,1,43,25,242,12.2,0.28,99,0.43,95.6,150,13,0.278,27,2.2,252,68,94.7,96.9,74.61,359,0.217,2422,94.7,1.8,364,0.068,177,89.53,12.2,24,0.149,14.9,96.9,268,150,364,5.3,6.5,0.143,0.06,306,99,0.435,89.53,301,374,28,153,0.491,252,305,90.64,93.7,214,216,26,2.2,73,0.0,0.0,0.0,0.0,71.0,2.0,0.0,0.354,0.0,206,0.376,189.0,0.0,0.0,0.0,103,0.602,0.0,0.0,0.0,0.0,171,0.0,0.0,0.0,0.0,122.0,48.0,0.0,61.0,0.379,0.0,1.0,0.577,66.0,0.0,1.0,0.0,0.0,0.0,2.0,0.0,25.0,113,NYK,180.0,0.0,196,0.0,0.339,0.393,Georgetown,255,1,84.0,1,Jamaica,1985,1999
1514,Paul Grant,Paul,1610612749,MIL,25.0,6,5,1,0.833,12.958333333333334,2,6,0.333,0,0,0.0,0,0,0.0,1,0,1,0,2,1,0,2,4,0,4,-15,6.2,0,0,7.0,393,360,9,12,418,404,410,379,255,339,255,411,415,411,403,423,417,408,400,385,376,62,36,130,410,256,418,174,12,415,2,401,412,408,25.0,0.23,434,0.0,100.5,432,408,0.205,87,-40.3,390,431,128.6,88.2,106.5,404,0.0,34,128.6,-28.8,2,0.0,403,127.79,25.0,146,-0.08,1.0,88.2,390,432,2,0.0,0.3,0.0,0.0,148,434,0.333,127.79,408,408,424,423,0.333,390,1,119.72,129.3,417,417,412,-40.3,0,0.0,0.0,0.0,,1.0,0.0,0.0,0.0,0.0,3,0.5,2.0,0.0,0.0,0.0,1,1.0,,,0.0,0.0,1,0.0,0.0,0.0,,3.0,0.0,0.0,1.0,0.0,,0.0,1.0,0.0,,,,,,0.0,,0.0,1,MIL,2.0,,1,0.0,0.5,0.0,Wisconsin,245,1,84.0,20,USA,1997,1999
1718,Paul Pierce,Paul,1610612738,BOS,21.0,48,19,29,0.396,1630.3683333333333,284,647,0.439,84,204,0.412,139,195,0.713,117,192,309,115,113,82,50,49,139,1,791,-65,1617.3,3,0,1563.0,114,185,392,301,48,35,33,170,10,18,31,55,46,231,33,66,54,85,39,17,36,423,386,45,29,354,27,92,12,24,1,168,40,106,11.8,0.232,300,1.02,99.0,251,177,0.229,83,-1.9,166,279,101.2,99.3,78.19,211,0.121,3185,101.2,-2.0,156,0.121,147,93.83,11.7,81,0.116,13.5,99.3,81,251,156,11.9,5.9,0.095,0.07,191,300,0.504,93.83,175,224,87,242,0.54,166,110,94.07,101.0,194,193,38,-1.9,49,36.0,0.358,0.538,0.0,24.0,134.0,8.0,0.38,52.0,129,0.333,72.0,48.0,16.0,68.0,127,0.52,0.0,0.0,0.529,0.5,244,28.0,0.447,0.321,1.0,55.0,19.0,72.0,17.0,0.455,0.0,53.0,0.511,55.0,0.0,0.0,1.0,0.0,0.0,161.0,0.0,25.0,134,BOS,59.0,0.0,262,17.0,0.288,0.345,Kansas,220,1,79.0,10,USA,1998,1999
978,Peja Stojakovic,Peja,1610612758,SAC,22.0,48,26,22,0.542,1025.2283333333332,141,373,0.378,57,178,0.32,63,74,0.851,43,100,143,72,53,41,7,18,43,0,402,35,772.6,0,0,770.0,114,106,294,179,173,151,122,330,39,25,124,168,196,52,148,175,163,144,171,114,232,276,151,130,144,119,165,174,12,156,1,244,142,228,10.0,0.195,278,1.36,101.3,175,258,0.191,198,1.1,107,250,100.7,101.8,79.92,158,0.094,2055,100.7,1.3,99,0.115,232,95.91,10.0,199,0.094,7.8,101.8,209,175,99,13.6,2.9,0.067,0.04,133,278,0.454,95.91,184,187,169,166,0.496,107,50,96.41,100.1,101,96,178,1.1,28,22.0,0.324,0.387,2.0,8.0,111.0,10.0,0.341,31.0,82,0.276,29.0,36.0,35.0,66.0,47,0.566,0.0,0.0,0.333,0.286,83,12.0,0.353,0.258,2.0,16.0,8.0,47.0,8.0,0.318,0.0,62.0,0.533,44.0,0.0,1.0,1.0,0.0,0.0,133.0,0.0,14.0,48,SAC,24.0,0.0,90,16.0,0.333,0.5,None,229,1,81.0,14,Serbia,1996,1999
432,Pete Chilcutt,Pete,1610612763,VAN,30.0,46,7,39,0.152,692.035,63,172,0.366,26,68,0.382,14,17,0.824,29,88,117,30,28,22,12,1,52,0,166,-69,425.4,0,0,407.0,158,333,430,411,236,259,247,353,94,102,66,316,330,80,210,198,202,240,262,217,163,41,169,130,260,362,249,174,12,247,1,187,287,310,11.8,0.138,370,1.07,98.7,324,152,0.134,374,-6.5,205,362,104.4,98.0,77.13,204,0.131,1343,104.4,-6.3,209,0.072,224,92.56,11.8,371,0.068,3.7,98.0,247,324,209,12.6,1.4,0.087,0.043,205,370,0.442,92.56,293,207,289,316,0.462,205,218,91.97,105.0,195,195,301,-6.5,26,1.0,0.403,0.0,0.0,2.0,62.0,1.0,0.313,1.0,83,0.222,9.0,25.0,4.0,5.0,9,0.692,0.0,0.0,0.2,0.25,13,0.0,0.412,0.366,0.0,8.0,3.0,21.0,1.0,0.26,0.0,41.0,0.667,50.0,0.0,0.0,0.0,0.0,0.0,51.0,0.0,13.0,10,VAN,7.0,0.0,15,15.0,0.143,0.375,North Carolina,240,1,82.0,27,USA,1991,1999
1824,Peter Aluma,Peter,1610612758,SAC,26.0,2,1,1,0.5,5.416666666666667,1,2,0.5,0,0,0.0,0,0,0.0,1,1,2,0,2,1,1,0,4,0,2,-7,8.4,0,0,8.0,418,408,9,219,427,413,422,46,255,339,255,411,415,411,403,409,413,408,400,385,339,1,36,130,421,224,414,174,12,413,1,401,412,211,50.0,0.218,405,0.0,48.9,437,408,0.211,121,-57.7,438,424,107.7,50.0,99.69,404,0.0,14,107.7,-65.1,6,0.0,79,119.63,50.0,129,-0.667,1.0,50.0,87,437,6,0.0,0.5,0.0,0.091,438,405,0.5,119.63,408,408,438,439,0.5,438,4,117.86,114.0,438,438,392,-57.7,0,0.0,0.0,0.0,0.0,0.0,0.0,,0.0,0.0,0,0.0,0.0,0.0,,0.0,1,0.5,0.0,0.0,0.0,,2,0.0,0.0,,0.0,,,0.0,0.0,0.0,,,0.5,0.0,0.0,,,0.0,,0.0,,0.0,1,SAC,0.0,,2,,0.0,,Liberty,260,Undrafted,82.0,Undrafted,USA,Undrafted,1999
71,Pooh Richardson,Pooh,1610612746,LAC,33.0,11,1,10,0.091,131.84166666666667,12,36,0.333,0,6,0.0,4,4,1.0,1,12,13,30,9,4,0,0,5,0,28,-28,91.6,0,0,79.0,373,408,106,422,360,359,353,379,255,230,255,371,380,1,403,358,371,240,353,346,376,1,43,130,365,286,358,174,12,360,1,327,302,398,11.7,0.155,386,3.33,93.5,382,230,0.151,323,-11.6,324,400,105.7,94.0,80.85,7,0.102,268,105.7,-14.1,73,0.395,397,97.03,11.7,325,0.095,3.3,94.0,390,382,73,39.0,1.1,0.049,0.007,343,386,0.333,97.03,13,6,167,398,0.371,324,51,96.39,107.6,190,191,328,-11.6,4,0.0,0.0,0.0,,3.0,6.0,0.0,0.222,0.0,18,0.5,6.0,0.0,0.0,0.0,5,0.833,,,0.0,0.0,6,0.0,0.0,0.0,,7.0,2.0,0.0,3.0,0.182,0.0,3.0,0.833,11.0,,,1.0,,,4.0,,2.0,5,LAC,4.0,0.0,6,0.0,0.75,0.286,UCLA,180,1,73.0,10,USA,1989,1999
461,Popeye Jones,Popeye,1610612738,BOS,29.0,18,6,12,0.333,203.48,20,51,0.392,0,1,0.0,14,17,0.824,28,24,52,15,7,5,0,3,31,1,54,39,146.9,0,0,131.0,342,348,123,337,337,338,341,307,255,288,255,316,330,80,212,326,302,304,364,328,376,89,123,45,336,111,336,174,12,337,1,102,326,312,8.7,0.133,129,2.14,106.1,30,183,0.128,383,10.2,26,288,95.7,106.0,82.56,55,0.118,418,95.7,4.8,46,0.105,23,99.08,8.8,385,0.068,2.8,106.0,359,30,46,18.8,1.1,0.12,0.121,35,129,0.392,99.08,211,120,288,90,0.462,26,53,96.28,101.3,51,51,327,10.2,3,0.0,0.0,0.0,0.0,1.0,1.0,0.0,0.188,0.0,16,0.167,6.0,0.0,0.0,0.0,16,0.571,0.0,0.0,0.0,0.0,28,0.0,0.0,0.0,0.0,4.0,1.0,0.0,0.0,0.2,,0.0,0.548,10.0,0.0,,,0.0,,3.0,,2.0,17,BOS,3.0,,31,0.0,0.0,0.25,Murray State,243,2,80.0,41,USA,1992,1999
1711,Raef LaFrentz,Raef,1610612743,DEN,23.0,12,3,9,0.25,388.28333333333336,59,129,0.457,12,31,0.387,36,48,0.75,33,58,91,8,9,9,17,12,38,0,166,-66,356.2,3,0,329.0,368,382,94,381,292,265,273,125,136,153,60,233,238,170,188,254,242,342,353,297,117,223,136,130,260,356,269,92,12,268,1,108,77,70,5.4,0.182,423,0.89,102.0,340,96,0.18,245,-7.5,79,413,110.6,103.1,79.01,250,0.158,763,110.6,-7.9,120,0.038,122,94.82,5.3,242,0.11,10.8,103.1,80,340,120,4.7,4.9,0.116,0.08,113,423,0.504,94.82,375,381,106,339,0.553,79,61,95.69,109.9,19,19,68,-7.5,11,2.0,0.4,1.0,0.0,4.0,25.0,0.0,0.355,2.0,31,0.267,15.0,10.0,4.0,6.0,32,0.615,0.0,0.0,0.333,0.0,52,2.0,0.267,0.471,0.0,15.0,3.0,4.0,4.0,0.444,0.0,17.0,0.604,18.0,0.0,,0.0,0.0,,15.0,,8.0,32,DEN,11.0,0.0,53,8.0,0.364,0.2,Kansas,240,1,83.0,3,USA,1998,1999
1872,Randell Jackson,Randell,1610612764,WAS,23.0,27,10,17,0.37,268.39166666666665,46,108,0.426,1,7,0.143,21,32,0.656,30,24,54,8,26,3,11,10,29,0,114,-50,206.8,0,0,205.0,300,289,209,320,322,288,290,216,215,222,241,282,283,297,202,326,295,342,269,358,176,188,116,130,296,333,317,174,12,312,1,167,272,302,16.7,0.238,297,0.31,92.2,372,270,0.227,72,-10.2,365,303,101.1,90.9,81.52,377,0.089,550,101.1,-9.6,63,0.056,60,97.83,16.9,84,0.051,4.0,90.9,280,372,63,5.2,1.7,0.095,0.1,363,297,0.431,97.83,329,376,334,357,0.467,365,42,96.79,101.8,377,371,272,-10.2,16,1.0,0.0,0.5,,5.0,4.0,0.0,0.32,2.0,50,0.278,18.0,0.0,1.0,3.0,24,0.727,,,0.333,0.0,33,1.0,0.167,0.0,0.0,15.0,4.0,2.0,4.0,0.357,0.0,2.0,0.722,28.0,0.0,0.0,0.0,0.0,0.0,12.0,0.0,10.0,26,WAS,15.0,0.0,36,0.0,0.267,0.267,Florida State,215,,83.0,,USA,1999,1999
753,Randy Brown,Randy,1610612741,CHI,31.0,39,10,29,0.256,1144.1816666666666,132,319,0.414,0,10,0.0,80,105,0.762,27,105,132,149,80,68,8,24,94,1,344,-240,873.9,2,0,777.0,218,289,392,380,143,166,155,250,255,208,255,127,134,149,215,162,187,56,90,35,216,316,275,45,170,427,139,102,12,154,1,285,127,296,13.5,0.182,199,1.86,87.4,375,249,0.18,248,-10.5,394,143,98.4,87.9,75.74,80,0.096,2160,98.4,-9.6,302,0.256,321,90.89,13.4,241,0.097,8.2,87.9,329,375,302,24.9,3.4,0.057,0.022,400,199,0.414,90.89,62,71,157,359,0.471,394,230,91.72,97.1,285,290,149,-10.5,75,0.0,0.0,0.0,0.0,4.0,10.0,0.0,0.405,0.0,185,0.182,22.0,0.0,0.0,0.0,53,0.52,0.0,0.0,0.0,0.0,102,0.0,0.436,0.0,0.0,36.0,12.0,17.0,4.0,0.404,0.0,6.0,0.505,114.0,0.0,0.0,0.0,0.0,0.0,39.0,0.0,46.0,53,CHI,19.0,0.0,105,0.0,0.211,0.333,New Mexico State,191,2,74.0,31,USA,1991,1999
988,Randy Livingston,Randy,1610612756,PHX,24.0,1,1,0,1.0,22.266666666666666,5,8,0.625,0,0,0.0,2,2,1.0,0,2,2,3,1,2,0,0,1,0,12,6,23.9,0,0,21.0,431,408,1,1,407,381,399,9,255,339,255,388,396,1,415,398,413,367,410,370,376,1,13,130,388,170,391,174,12,396,1,332,133,7,7.8,0.22,124,3.0,113.8,11,301,0.213,115,15.5,7,144,95.7,111.1,81.74,12,0.083,45,95.7,16.8,58,0.25,403,98.08,7.7,119,0.169,8.0,111.1,9,11,58,23.1,5.0,0.048,0.0,9,124,0.625,98.08,64,85,14,12,0.676,7,54,96.19,97.1,36,37,62,15.5,2,0.0,0.0,,,3.0,0.0,0.0,0.5,,4,1.0,3.0,0.0,0.0,0.0,0,0.0,,,0.0,0.0,1,,0.0,0.0,0.0,1.0,1.0,0.0,1.0,0.667,,0.0,0.5,3.0,0.0,,,0.0,,1.0,,2.0,1,PHX,1.0,,2,0.0,1.0,1.0,Louisiana State,209,2,76.0,42,USA,1996,1999
1740,Rashard Lewis,Rashard,1610612760,SEA,19.0,20,11,9,0.55,147.58166666666668,19,52,0.365,1,6,0.167,8,14,0.571,13,12,25,4,20,8,1,8,19,0,47,-52,90.0,0,0,95.0,333,279,94,172,354,341,337,354,215,230,229,341,339,341,303,358,342,358,296,309,339,156,87,130,343,337,359,174,12,354,1,208,340,381,24.3,0.22,302,0.2,88.3,406,342,0.214,116,-14.5,399,307,101.2,86.7,86.46,389,0.073,316,101.2,-13.7,21,0.047,129,103.75,24.4,115,0.0,2.6,86.7,372,406,21,4.9,1.0,0.075,0.077,396,302,0.375,103.75,355,379,403,395,0.404,399,18,102.44,102.0,414,413,349,-14.5,1,0.0,0.333,0.0,,4.0,3.0,0.0,0.071,2.0,14,0.333,12.0,1.0,0.0,2.0,13,0.619,,,0.0,0.0,21,0.0,0.25,0.0,0.0,4.0,0.0,1.0,4.0,0.0,0.0,2.0,0.609,6.0,0.0,,0.0,0.0,,4.0,,0.0,14,SEA,13.0,0.0,23,0.0,0.308,0.0,None,215,2,82.0,32,USA,1998,1999
739,Rasheed Wallace,Rasheed,1610612757,POR,24.0,49,34,15,0.694,1414.1183333333333,242,476,0.508,13,31,0.419,131,179,0.732,57,184,241,60,80,48,54,25,175,1,628,300,1233.2,4,0,1146.0,84,17,172,56,83,55,76,42,132,153,26,63,56,198,114,71,87,166,90,74,32,326,433,45,59,9,72,79,12,70,1,186,88,49,11.5,0.206,43,0.75,102.2,24,158,0.202,159,11.5,87,35,91.3,102.8,77.31,287,0.129,2725,91.3,10.5,198,0.076,226,92.77,11.5,155,0.114,9.7,102.8,47,24,198,8.6,4.9,0.087,0.042,104,43,0.522,92.77,280,304,95,27,0.566,87,164,92.81,91.7,179,180,65,11.5,91,3.0,0.385,0.0,0.0,44.0,26.0,3.0,0.427,2.0,213,0.427,103.0,10.0,3.0,5.0,94,0.729,0.0,0.0,0.6,1.0,129,0.0,0.462,0.353,1.0,74.0,35.0,24.0,47.0,0.37,0.0,17.0,0.712,81.0,1.0,0.0,0.0,1.0,0.0,52.0,0.0,30.0,99,POR,112.0,0.0,139,6.0,0.42,0.473,North Carolina,225,1,83.0,4,USA,1995,1999
1725,Rasho Nesterovic,Rasho,1610612750,MIN,23.0,2,0,2,0.0,30.183333333333334,3,12,0.25,0,0,0.0,2,2,1.0,3,5,8,1,1,0,0,0,5,0,8,1,18.1,0,0,17.0,418,423,25,423,399,398,393,411,255,339,255,388,396,1,371,382,384,385,410,401,376,1,43,130,400,185,399,174,12,400,1,401,201,411,6.7,0.187,351,1.0,108.1,89,19,0.189,225,5.0,17,365,103.2,108.2,82.16,212,0.208,61,103.2,2.9,51,0.045,403,98.6,6.7,203,0.004,6.0,108.2,413,89,51,6.7,1.5,0.0,0.0,20,351,0.25,98.6,357,347,401,120,0.311,17,35,97.68,105.2,25,27,291,5.0,0,0.0,0.0,,,1.0,0.0,0.0,0.0,,4,0.2,5.0,0.0,0.0,0.0,2,0.667,,,0.0,0.0,3,,0.0,0.0,0.0,4.0,1.0,0.0,0.0,0.0,,0.0,0.667,3.0,0.0,,,0.0,,0.0,,0.0,2,MIN,2.0,,3,0.0,0.0,0.25,None,248,1,84.0,17,Slovenia,1998,1999
951,Ray Allen,Ray,1610612749,MIL,23.0,50,28,22,0.56,1718.8033333333333,303,673,0.45,74,208,0.356,176,195,0.903,57,155,212,178,122,53,7,29,117,2,856,120,1435.4,1,0,1440.0,1,76,294,155,36,26,29,142,16,17,95,31,46,23,114,94,100,45,29,60,232,357,345,15,21,48,49,125,12,40,1,251,41,53,11.5,0.241,247,1.46,103.7,109,253,0.236,66,3.7,66,220,99.9,103.6,75.26,142,0.096,3234,99.9,4.4,331,0.183,241,90.31,11.5,66,0.125,13.5,103.6,78,109,331,16.8,6.1,0.066,0.035,64,247,0.505,90.31,115,141,63,96,0.564,66,314,90.5,99.3,185,181,34,3.7,91,26.0,0.324,0.394,2.0,32.0,145.0,13.0,0.387,33.0,235,0.478,67.0,47.0,27.0,60.0,107,0.652,0.0,0.0,0.433,0.481,164,13.0,0.369,0.346,5.0,100.0,40.0,41.0,25.0,0.393,0.0,104.0,0.649,122.0,0.0,2.0,0.0,0.0,0.0,111.0,0.0,48.0,113,MIL,55.0,0.0,174,36.0,0.455,0.4,Connecticut,205,1,77.0,5,USA,1996,1999
674,Reggie Jordan,Reggie,1610612750,MIN,31.0,27,14,13,0.519,293.3466666666667,15,54,0.278,0,0,0.0,21,38,0.553,27,32,59,41,14,12,5,9,38,0,51,8,220.3,0,0,185.0,300,245,134,210,316,346,334,409,255,339,255,282,268,354,215,311,289,209,322,275,264,175,136,130,338,165,312,174,12,323,1,158,366,401,11.1,0.124,195,2.93,102.2,133,186,0.123,399,2.8,122,215,98.3,101.1,77.45,14,0.117,564,98.3,3.0,193,0.194,120,92.94,10.9,397,0.055,2.0,101.1,409,133,193,32.0,0.6,0.097,0.08,103,195,0.278,92.94,99,27,324,119,0.361,122,220,91.94,99.2,154,163,390,2.8,0,0.0,0.0,0.0,0.0,0.0,0.0,0.0,0.0,0.0,5,0.0,6.0,0.0,0.0,0.0,15,0.349,0.0,0.0,0.0,0.0,43,0.0,0.0,0.0,0.0,3.0,0.0,0.0,0.0,0.0,0.0,0.0,0.341,2.0,0.0,,0.0,0.0,,0.0,,0.0,15,MIN,5.0,0.0,44,0.0,0.0,0.0,New Mexico State,195,Undrafted,76.0,Undrafted,USA,Undrafted,1999
397,Reggie Miller,Reggie,1610612754,IND,33.0,50,33,17,0.66,1788.1433333333334,294,671,0.438,106,275,0.385,226,247,0.915,25,110,135,112,76,37,9,21,101,4,920,188,1312.0,1,0,1365.0,1,22,209,79,21,31,30,175,3,6,64,14,23,19,230,154,181,92,102,131,204,298,298,1,16,31,59,125,12,45,1,376,42,25,7.9,0.227,337,1.47,108.0,74,376,0.224,94,5.9,15,308,102.7,108.6,74.64,140,0.06,3332,102.7,6.0,360,0.109,365,89.56,7.9,90,0.11,13.4,108.6,58,74,360,11.6,5.9,0.039,0.015,22,337,0.517,89.56,198,230,105,71,0.59,15,336,90.07,102.0,42,42,40,5.9,120,33.0,0.365,0.463,3.0,14.0,200.0,8.0,0.438,54.0,274,0.35,40.0,73.0,18.0,72.0,54,0.659,0.0,0.0,0.458,0.444,82,25.0,0.438,0.374,6.0,76.0,28.0,88.0,13.0,0.452,1.0,139.0,0.618,124.0,0.0,1.0,2.0,0.0,0.0,201.0,0.0,56.0,55,IND,33.0,2.0,89,52.0,0.394,0.368,UCLA,185,1,79.0,11,USA,1987,1999
1073,Reggie Slater,Reggie,1610612761,TOR,28.0,30,9,21,0.3,265.74833333333333,31,81,0.383,0,0,0.0,53,85,0.624,36,34,70,5,25,3,3,14,50,0,115,-36,199.5,0,0,202.0,287,304,277,355,324,318,311,317,255,339,255,187,170,319,165,304,277,352,273,358,291,246,166,130,294,304,323,174,12,313,1,70,337,262,16.8,0.235,380,0.2,100.7,336,143,0.232,75,-7.2,212,402,104.9,97.7,79.77,389,0.134,531,104.9,-7.1,103,0.037,16,95.73,16.3,71,0.027,2.7,97.7,366,336,103,3.3,1.0,0.129,0.125,145,380,0.383,95.73,378,398,379,329,0.486,212,153,93.05,107.8,366,377,337,-7.2,4,0.0,0.0,0.0,0.0,5.0,0.0,0.0,0.222,0.0,18,0.385,13.0,0.0,0.0,0.0,22,0.44,0.0,0.0,0.0,0.0,50,0.0,0.0,0.0,0.0,10.0,2.0,0.0,3.0,0.333,0.0,0.0,0.451,9.0,0.0,0.0,0.0,0.0,0.0,0.0,0.0,3.0,23,TOR,11.0,0.0,51,0.0,0.273,0.2,Wyoming,255,Undrafted,79.0,Undrafted,USA,Undrafted,1999
364,Rex Chapman,Rex,1610612756,PHX,31.0,38,21,17,0.553,1182.8633333333332,165,459,0.359,53,151,0.351,76,91,0.835,12,92,104,109,54,34,9,8,46,2,459,98,822.3,0,0,811.0,227,161,209,167,132,128,81,370,43,39,98,136,158,67,311,187,218,94,168,152,204,156,156,15,112,61,153,174,12,143,1,348,57,322,8.2,0.215,258,2.02,104.1,117,315,0.208,134,3.4,68,231,100.1,103.6,77.73,70,0.079,2308,100.1,4.4,173,0.149,389,93.27,8.2,138,0.076,12.1,103.6,324,117,173,16.6,4.3,0.045,0.01,54,258,0.417,93.27,145,144,260,97,0.46,68,138,93.26,99.7,47,45,89,3.4,64,14.0,0.36,0.346,0.0,13.0,111.0,5.0,0.312,26.0,205,0.302,43.0,40.0,15.0,41.0,34,0.576,0.0,0.0,0.341,0.333,59,9.0,0.363,0.34,0.0,51.0,19.0,57.0,10.0,0.257,,53.0,0.565,101.0,0.0,1.0,,0.0,0.0,157.0,0.0,26.0,35,PHX,34.0,,62,18.0,0.294,0.373,Kentucky,195,1,76.0,8,USA,1988,1999
777,Rex Walters,Rex,1610612748,MIA,29.0,33,24,9,0.727,506.495,35,96,0.365,12,38,0.316,19,23,0.826,10,40,50,58,32,10,3,10,63,0,101,31,255.0,0,0,247.0,271,128,94,39,265,307,298,357,136,139,131,294,308,78,318,291,305,168,245,291,291,188,194,130,301,124,299,174,12,295,1,303,321,283,16.3,0.134,114,1.81,100.1,132,324,0.129,381,2.9,198,125,95.4,98.3,74.0,85,0.078,939,95.4,3.6,389,0.191,313,88.8,16.4,382,0.04,2.9,98.3,294,132,389,29.7,1.1,0.053,0.023,161,114,0.427,88.8,104,35,357,111,0.476,198,412,87.47,96.5,368,367,332,2.9,11,3.0,0.31,0.167,0.0,1.0,29.0,2.0,0.324,6.0,34,0.25,4.0,9.0,3.0,9.0,11,0.55,0.0,0.0,0.333,0.667,20,1.0,0.382,0.364,0.0,6.0,1.0,13.0,0.0,0.182,0.0,22.0,0.55,11.0,0.0,0.0,1.0,0.0,0.0,34.0,0.0,2.0,11,MIA,2.0,0.0,20,8.0,0.0,0.167,Kansas,195,1,76.0,16,USA,1993,1999
1594,Rick Brunson,Rick,1610612752,NYK,27.0,17,11,6,0.647,90.68666666666667,6,21,0.286,0,5,0.0,5,18,0.278,3,7,10,19,12,9,0,1,8,0,17,16,72.5,0,0,64.0,346,279,73,94,369,375,370,401,255,236,255,362,324,409,371,379,380,286,335,297,376,41,58,130,375,144,363,174,12,363,1,290,407,414,20.0,0.2,14,1.58,96.6,35,284,0.193,180,9.9,355,12,81.8,91.6,79.39,119,0.088,179,81.8,13.5,112,0.333,268,95.27,19.7,189,0.029,1.2,91.6,404,35,112,31.1,0.4,0.057,0.031,273,14,0.286,95.27,21,31,377,16,0.294,355,212,92.02,83.1,399,403,410,9.9,1,0.0,0.0,0.0,,0.0,3.0,0.0,0.25,0.0,4,0.0,0.0,0.0,2.0,2.0,5,0.417,,,0.0,0.0,12,0.0,0.0,0.0,0.0,3.0,1.0,0.0,0.0,0.0,,2.0,0.417,0.0,0.0,,,0.0,,4.0,,0.0,5,NYK,0.0,,12,0.0,0.0,0.333,Temple,190,Undrafted,76.0,Undrafted,USA,Undrafted,1999
296,Rick Fox,Rick,1610612747,LAL,29.0,44,27,17,0.614,939.695,148,330,0.448,32,95,0.337,66,89,0.742,26,63,89,89,56,28,10,22,114,0,394,94,692.3,0,0,680.0,177,87,209,123,188,143,149,147,81,82,108,160,162,189,223,241,244,117,161,184,191,304,335,130,149,64,186,174,12,182,1,331,150,117,10.9,0.202,230,1.59,104.7,90,354,0.197,171,5.0,45,263,99.4,104.4,79.69,118,0.068,1872,99.4,4.2,106,0.16,286,95.62,10.9,173,0.079,7.5,104.4,99,90,106,17.3,3.4,0.048,0.028,48,230,0.497,95.62,135,137,246,101,0.534,45,78,95.0,100.5,150,144,150,5.0,50,12.0,0.313,0.176,0.0,15.0,64.0,9.0,0.455,17.0,110,0.366,41.0,20.0,13.0,30.0,51,0.6,0.0,0.0,0.4,0.692,85,3.0,0.474,0.3,1.0,30.0,13.0,37.0,13.0,0.375,0.0,40.0,0.598,56.0,0.0,0.0,2.0,0.0,0.0,78.0,0.0,21.0,52,LAL,36.0,0.0,87,12.0,0.361,0.433,North Carolina,242,1,79.0,24,Canada,1991,1999
328,Rick Mahorn,Rick,1610612755,PHI,40.0,16,11,5,0.688,126.44166666666666,5,18,0.278,0,0,0.0,3,8,0.375,7,16,23,2,6,5,1,2,22,0,13,-35,55.6,0,0,50.0,350,279,66,60,362,381,378,409,255,339,255,378,362,402,336,345,348,375,371,328,339,62,93,130,384,303,371,174,12,373,1,152,410,413,20.3,0.099,298,0.33,94.3,388,124,0.095,426,-12.0,383,389,101.1,89.1,82.25,369,0.144,258,101.1,-12.2,49,0.024,188,98.7,20.0,427,-0.016,1.1,89.1,409,388,49,6.7,0.3,0.097,0.056,327,298,0.278,98.7,396,347,409,384,0.302,383,127,93.52,106.5,401,405,418,-12.0,2,0.0,0.0,0.0,,2.0,0.0,0.0,0.222,0.0,9,0.286,7.0,0.0,0.0,0.0,1,0.5,,,0.0,0.0,2,0.0,0.0,0.0,0.0,5.0,1.0,0.0,2.0,0.0,0.0,0.0,0.5,3.0,0.0,0.0,0.0,0.0,0.0,1.0,0.0,0.0,2,PHI,5.0,0.0,4,0.0,0.4,0.2,Hampton,260,2,82.0,35,USA,1980,1999
1729,Ricky Davis,Ricky,1610612766,CHH,19.0,46,25,21,0.543,560.2333333333333,81,200,0.405,2,12,0.167,45,59,0.763,40,44,84,58,54,30,7,14,46,1,209,-16,453.8,0,0,427.0,158,113,277,176,255,227,223,274,203,203,229,208,217,148,157,280,251,168,168,170,232,246,156,45,234,262,238,174,12,241,1,204,254,309,16.0,0.233,164,1.07,97.9,205,319,0.226,82,-0.2,260,154,97.0,96.8,77.97,203,0.078,1085,97.0,0.3,168,0.186,124,93.56,16.0,86,0.084,4.3,96.8,337,205,168,17.2,1.8,0.078,0.079,229,164,0.41,93.56,112,138,224,191,0.462,260,166,92.76,97.6,360,360,269,-0.2,31,0.0,0.167,0.0,0.0,0.0,12.0,0.0,0.323,0.0,96,0.0,9.0,2.0,0.0,0.0,48,0.578,0.0,0.0,0.0,0.0,83,0.0,0.3,0.0,2.0,32.0,12.0,3.0,1.0,0.298,0.0,6.0,0.565,57.0,0.0,0.0,0.0,0.0,0.0,10.0,0.0,17.0,48,CHH,8.0,0.0,85,0.0,0.125,0.375,Iowa,195,1,79.0,21,USA,1998,1999
22,Rik Smits,Rik,1610612754,IND,32.0,49,33,16,0.673,1272.44,310,633,0.49,0,2,0.0,108,132,0.818,73,202,275,52,75,18,52,27,159,1,728,194,1271.0,2,0,1195.0,84,22,192,67,110,22,35,62,255,269,255,85,105,93,86,58,69,188,105,242,34,345,418,45,38,28,63,102,12,64,1,116,47,140,9.2,0.288,327,0.69,109.1,49,93,0.286,21,8.0,9,313,102.2,110.3,73.76,303,0.159,2349,102.2,6.6,396,0.077,173,88.52,9.1,19,0.119,12.9,110.3,116,49,396,6.3,6.3,0.114,0.064,16,327,0.49,88.52,277,354,80,60,0.527,9,378,88.85,102.5,61,61,30,8.0,160,0.0,0.0,0.0,0.0,85.0,1.0,0.0,0.461,1.0,347,0.459,185.0,0.0,0.0,1.0,65,0.657,0.0,0.0,0.0,0.0,99,0.0,0.417,0.0,0.0,158.0,74.0,5.0,91.0,0.448,0.0,1.0,0.605,145.0,0.0,0.0,0.0,0.0,0.0,12.0,0.0,65.0,75,IND,193.0,0.0,124,0.0,0.472,0.468,Marist,265,1,88.0,2,Netherlands,1988,1999
109,Robert Horry,Robert,1610612747,LAL,28.0,38,24,14,0.632,745.84,67,146,0.459,20,45,0.444,34,46,0.739,55,96,151,56,49,36,39,6,103,1,188,117,629.2,2,0,565.0,227,128,160,107,222,250,261,121,111,129,17,237,246,192,118,179,153,176,180,138,51,130,304,45,246,49,203,102,12,208,1,142,280,51,18.1,0.131,144,1.14,105.6,43,171,0.129,389,9.2,35,123,96.1,105.3,79.4,190,0.124,1471,96.1,9.1,111,0.112,125,95.28,18.0,384,0.085,3.8,105.3,45,43,111,20.6,1.8,0.102,0.078,39,144,0.527,95.28,191,105,220,39,0.565,35,80,94.97,96.5,384,385,268,9.2,5,4.0,0.485,0.333,0.0,5.0,33.0,1.0,0.185,9.0,27,0.333,15.0,16.0,3.0,12.0,37,0.627,0.0,0.0,0.333,0.333,59,3.0,0.296,0.5,0.0,10.0,2.0,8.0,3.0,0.308,0.0,24.0,0.613,13.0,0.0,0.0,0.0,0.0,0.0,27.0,0.0,4.0,38,LAL,10.0,0.0,62,12.0,0.3,0.2,Alabama,235,1,82.0,11,USA,1992,1999
123,Robert Pack,Robert,1610612742,DAL,30.0,25,10,15,0.4,466.0933333333333,75,174,0.431,0,4,0.0,72,88,0.818,9,27,36,81,49,20,1,20,41,0,222,-88,400.7,0,0,381.0,311,289,172,296,272,239,243,198,255,250,255,146,166,93,321,320,327,125,180,230,339,291,142,130,225,381,255,174,12,254,1,382,174,152,14.3,0.252,323,1.65,93.8,354,384,0.242,53,-8.9,337,311,102.1,93.2,78.22,107,0.055,908,102.1,-8.5,153,0.333,345,93.87,14.5,56,0.117,7.0,93.2,277,354,153,23.9,3.0,0.037,0.018,337,323,0.431,93.87,21,78,86,347,0.522,337,131,93.48,102.3,323,316,169,-8.9,31,0.0,0.0,0.0,0.0,3.0,3.0,0.0,0.383,1.0,81,0.3,10.0,0.0,0.0,1.0,41,0.519,0.0,0.0,0.0,0.0,79,0.0,0.35,0.0,0.0,14.0,6.0,7.0,4.0,0.362,0.0,2.0,0.513,47.0,0.0,0.0,0.0,0.0,0.0,20.0,0.0,17.0,41,DAL,11.0,0.0,80,0.0,0.364,0.429,Southern California,190,Undrafted,74.0,Undrafted,USA,Undrafted,1999
1714,Robert Traylor,Robert,1610612749,MIL,22.0,49,27,22,0.551,785.55,108,201,0.537,0,1,0.0,43,80,0.538,80,102,182,38,42,44,44,24,140,1,259,67,756.4,0,0,655.0,84,87,294,170,214,191,221,24,255,288,255,213,179,360,77,169,119,217,209,96,41,316,388,45,205,80,170,174,12,185,1,78,269,80,13.3,0.167,290,0.9,107.3,84,133,0.163,298,5.4,24,271,100.9,106.4,75.49,246,0.138,1476,100.9,6.6,322,0.072,32,90.59,13.3,297,0.078,4.1,106.4,38,84,322,12.0,2.2,0.127,0.115,27,290,0.537,90.59,291,220,251,59,0.548,24,324,90.27,100.7,280,276,226,5.4,4,0.0,0.0,0.0,0.0,14.0,1.0,0.0,0.174,0.0,23,0.326,43.0,0.0,0.0,0.0,90,0.672,0.0,0.0,0.0,0.0,134,0.0,1.0,0.0,0.0,16.0,5.0,1.0,6.0,0.0,0.0,1.0,0.649,7.0,0.0,0.0,0.0,0.0,0.0,1.0,0.0,0.0,96,MIL,28.0,0.0,148,0.0,0.214,0.313,Michigan,284,1,80.0,6,USA,1998,1999
393,Rod Strickland,Rod,1610612764,WAS,32.0,44,16,28,0.364,1633.7066666666667,251,603,0.416,12,42,0.286,176,236,0.746,56,156,212,434,142,76,5,34,91,0,690,-20,1696.4,21,1,1510.0,177,225,381,323,47,49,45,244,136,133,165,31,29,185,117,93,100,4,16,26,264,381,270,130,45,272,24,13,3,30,1,247,36,251,11.1,0.236,305,3.06,99.5,226,242,0.235,73,-1.0,140,284,101.4,100.3,77.13,10,0.099,3156,101.4,-1.7,211,0.438,247,92.55,11.0,68,0.149,13.7,100.3,296,226,211,33.7,5.7,0.066,0.035,180,305,0.426,92.55,6,19,27,236,0.488,140,151,93.07,101.1,160,158,46,-1.0,123,0.0,0.286,0.0,0.0,30.0,42.0,0.0,0.403,0.0,305,0.303,99.0,12.0,0.0,0.0,86,0.548,0.0,0.0,0.0,0.0,157,0.0,0.463,0.313,0.0,130.0,49.0,19.0,27.0,0.397,0.0,32.0,0.506,146.0,0.0,1.0,0.0,0.0,0.0,41.0,0.0,58.0,88,WAS,79.0,0.0,174,10.0,0.342,0.377,DePaul,185,1,75.0,19,USA,1988,1999
915,Rodney Rogers,Rodney,1610612746,LAC,28.0,47,8,39,0.17,968.7033333333334,131,297,0.441,18,63,0.286,68,101,0.673,65,114,179,77,66,47,22,28,140,1,348,-208,819.3,1,0,760.0,140,321,430,405,182,169,165,166,114,109,165,154,143,285,99,149,124,133,132,78,93,353,388,45,167,423,154,125,12,161,1,163,192,184,13.6,0.192,393,1.17,95.1,383,159,0.189,210,-11.7,306,390,106.4,94.7,75.5,182,0.129,1831,106.4,-11.5,319,0.148,168,90.6,13.6,205,0.083,6.3,94.7,166,383,319,15.8,2.8,0.095,0.065,314,393,0.471,90.6,146,152,231,379,0.51,306,322,90.29,106.6,296,295,188,-11.7,18,6.0,0.235,1.0,0.0,27.0,51.0,4.0,0.353,2.0,51,0.509,53.0,12.0,11.0,13.0,68,0.527,0.0,0.0,0.462,0.364,129,2.0,0.387,0.189,1.0,25.0,8.0,12.0,23.0,0.474,0.0,37.0,0.533,19.0,0.0,0.0,0.0,0.0,0.0,31.0,0.0,9.0,72,LAC,49.0,0.0,135,7.0,0.469,0.32,Wake Forest,255,1,79.0,9,USA,1993,1999
1518,Rodrick Rhodes,Rodrick,1610612763,VAN,25.0,13,2,11,0.154,156.04666666666665,13,52,0.25,1,7,0.143,16,25,0.64,9,8,17,11,20,5,2,8,21,0,43,-85,80.9,0,0,86.0,365,392,113,410,352,354,337,411,215,222,241,310,303,307,321,375,361,330,296,328,318,156,91,130,350,380,360,174,12,357,2,308,272,406,21.3,0.234,413,0.55,81.3,425,387,0.229,77,-28.5,420,411,108.6,80.1,78.18,335,0.053,306,108.6,-28.6,157,0.164,198,93.82,21.1,79,-0.042,4.0,80.1,412,425,157,11.6,1.0,0.053,0.052,422,413,0.26,93.82,132,231,417,422,0.341,420,178,92.57,109.9,408,408,339,-28.5,3,0.0,0.167,0.0,,1.0,6.0,0.0,0.15,1.0,20,0.5,2.0,1.0,0.0,1.0,8,0.348,,,0.0,0.0,23,0.0,0.429,0.0,,3.0,0.0,3.0,1.0,0.077,0.0,4.0,0.348,13.0,,0.0,0.0,,0.0,7.0,0.0,1.0,8,VAN,2.0,0.0,23,0.0,0.5,0.0,Southern California,225,1,78.0,24,USA,1997,1999
166,Ron Harper,Ron,1610612741,CHI,35.0,35,9,26,0.257,1106.8383333333334,147,390,0.377,27,85,0.318,71,101,0.703,49,131,180,115,65,60,35,25,79,2,392,-96,1000.5,1,0,904.0,258,304,358,379,154,145,114,333,92,90,128,148,143,247,136,121,122,85,138,47,59,326,236,15,150,389,115,125,12,122,1,195,66,333,10.6,0.214,222,1.77,93.4,304,156,0.213,141,-4.9,318,168,99.2,94.2,73.71,92,0.13,2042,99.2,-4.8,397,0.197,216,88.45,10.5,121,0.103,11.1,94.2,333,304,397,18.6,4.2,0.085,0.044,349,222,0.412,88.45,98,124,132,296,0.451,318,362,89.28,98.2,126,130,97,-4.9,37,10.0,0.321,0.4,0.0,26.0,53.0,4.0,0.325,15.0,114,0.394,66.0,17.0,17.0,32.0,57,0.456,0.0,0.0,0.313,0.235,125,6.0,0.27,0.364,0.0,58.0,20.0,17.0,17.0,0.377,0.0,33.0,0.459,53.0,0.0,0.0,1.0,0.0,0.0,63.0,0.0,20.0,61,CHI,49.0,0.0,133,12.0,0.347,0.345,Miami (Ohio),216,1,78.0,8,USA,1986,1999
1500,Ron Mercer,Ron,1610612738,BOS,23.0,41,14,27,0.341,1552.9266666666667,305,707,0.431,5,30,0.167,83,105,0.79,37,118,155,104,89,67,12,27,81,0,698,-177,1188.0,1,0,1120.0,210,245,367,336,61,25,25,194,180,156,229,120,134,128,162,140,148,98,72,36,163,345,243,130,44,417,79,125,12,73,1,318,12,305,9.4,0.246,359,1.17,97.1,315,312,0.243,58,-6.0,213,330,103.8,97.7,77.25,181,0.081,3001,103.8,-5.9,201,0.12,312,92.7,9.4,55,0.086,17.2,97.7,267,315,201,11.0,7.4,0.051,0.023,255,359,0.435,92.7,176,245,212,310,0.463,213,137,93.29,103.1,73,76,16,-6.0,166,3.0,0.182,0.0,3.0,31.0,11.0,3.0,0.405,6.0,410,0.337,92.0,2.0,10.0,16.0,103,0.589,0.0,0.0,0.188,0.3,175,0.0,0.423,0.0,3.0,105.0,41.0,41.0,16.0,0.393,0.0,4.0,0.578,252.0,0.0,0.0,0.0,0.0,0.0,97.0,0.0,99.0,108,BOS,59.0,0.0,187,0.0,0.271,0.39,Kentucky,210,1,79.0,6,USA,1997,1999
938,Rony Seikaly,Rony,1610612751,NJN,34.0,9,1,8,0.111,89.52166666666666,4,20,0.2,0,0,0.0,7,18,0.389,5,16,21,2,10,4,6,2,15,0,15,-51,63.2,0,0,58.0,379,408,85,420,371,390,373,418,255,339,255,351,324,401,357,345,352,375,348,346,251,62,78,130,379,335,367,174,12,369,1,125,355,419,25.1,0.188,88,0.2,69.9,424,36,0.183,223,-26.8,432,132,94.1,67.2,82.21,389,0.19,183,94.1,-26.9,50,0.049,211,98.66,24.4,230,-0.063,2.2,67.2,419,424,50,4.9,0.4,0.109,0.046,433,88,0.2,98.66,347,379,421,421,0.269,432,71,95.39,96.8,414,419,405,-26.8,2,0.0,0.0,0.0,,0.0,0.0,0.0,0.222,0.0,9,0.0,4.0,0.0,0.0,0.0,2,0.286,,,0.0,0.0,7,0.0,0.0,0.0,0.0,5.0,1.0,0.0,0.0,0.5,0.0,0.0,0.25,2.0,0.0,0.0,0.0,0.0,0.0,0.0,0.0,1.0,2,NJN,5.0,0.0,8,0.0,0.0,0.2,Syracuse,253,1,83.0,9,Lebanon,1988,1999
1728,Roshown McLeod,Roshown,1610612737,ATL,23.0,34,21,13,0.618,349.9816666666667,62,163,0.38,1,10,0.1,37,45,0.822,12,38,50,14,23,2,1,14,24,0,162,-23,229.0,0,0,233.0,265,161,134,121,303,261,252,320,215,208,250,229,250,89,311,296,305,310,278,370,339,246,103,130,264,278,309,174,12,302,1,209,240,352,10.5,0.276,214,0.61,95.6,302,185,0.268,32,-4.8,320,292,98.9,94.2,75.95,321,0.117,669,98.9,-5.9,285,0.09,246,91.14,10.4,34,0.071,4.8,94.2,365,302,285,6.3,1.8,0.075,0.035,307,214,0.383,91.14,248,357,273,309,0.443,320,355,89.35,101.4,123,125,258,-4.8,28,0.0,0.1,0.0,,16.0,10.0,0.0,0.359,0.0,78,0.39,41.0,1.0,0.0,0.0,17,0.5,,,0.0,0.0,34,0.0,0.4,0.0,0.0,29.0,5.0,6.0,14.0,0.472,0.0,5.0,0.476,36.0,0.0,0.0,0.0,0.0,0.0,15.0,0.0,17.0,20,ATL,36.0,0.0,42,0.0,0.389,0.172,Duke,220,1,80.0,20,USA,1998,1999
1739,Ruben Patterson,Ruben,1610612747,LAL,23.0,24,14,10,0.583,142.25,21,51,0.412,1,6,0.167,22,31,0.71,17,13,30,2,12,5,3,5,16,0,65,-26,116.0,0,0,114.0,315,245,106,137,357,336,341,256,215,230,229,278,290,234,280,355,338,375,335,328,291,118,79,130,329,283,347,174,12,343,1,147,359,207,15.3,0.229,382,0.17,102.0,362,267,0.213,89,-9.4,287,371,105.0,95.7,84.08,393,0.09,300,105.0,-3.6,29,0.024,42,100.89,15.2,120,0.064,2.1,95.7,312,362,29,2.5,0.9,0.1,0.109,114,382,0.422,100.89,394,403,304,276,0.503,287,36,97.5,105.6,347,347,354,-9.4,0,0.0,0.333,0.0,0.0,4.0,3.0,0.0,0.0,3.0,2,0.364,11.0,1.0,0.0,3.0,16,0.5,0.0,0.0,0.0,0.0,32,0.0,0.0,0.5,0.0,0.0,0.0,0.0,4.0,0.0,,2.0,0.485,1.0,0.0,0.0,,0.0,0.0,4.0,0.0,0.0,16,LAL,11.0,,33,1.0,0.364,0.0,Cincinnati,227,2,78.0,31,USA,1998,1999
1601,Rusty LaRue,Rusty,1610612741,CHI,25.0,43,10,33,0.233,730.7933333333333,78,217,0.359,30,89,0.337,17,17,1.0,9,47,56,63,34,33,3,7,66,0,203,-128,438.7,0,0,424.0,188,289,416,385,227,231,211,371,88,88,107,306,330,1,321,274,293,161,233,159,291,144,205,130,241,405,245,174,12,242,1,366,228,331,10.6,0.168,344,1.85,92.9,370,348,0.163,297,-10.0,343,323,102.8,92.7,75.62,81,0.071,1387,102.8,-10.0,309,0.157,379,90.74,10.6,298,0.053,5.0,92.7,288,370,309,19.6,1.8,0.04,0.012,357,344,0.429,90.74,138,111,330,368,0.452,343,306,90.6,102.9,131,129,260,-10.0,35,3.0,0.342,0.25,1.0,1.0,79.0,2.0,0.357,4.0,98,0.143,7.0,27.0,5.0,9.0,12,0.522,0.0,0.0,0.333,0.4,23,1.0,0.378,0.386,2.0,11.0,4.0,31.0,0.0,0.277,0.0,44.0,0.542,47.0,0.0,0.0,1.0,0.0,0.0,82.0,0.0,13.0,13,CHI,6.0,0.0,24,17.0,0.0,0.364,Wake Forest,190,Undrafted,75.0,Undrafted,USA,Undrafted,1999
1756,Ryan Stack,Ryan,1610612739,CLE,23.0,18,4,14,0.222,200.81833333333333,14,37,0.378,0,0,0.0,19,20,0.95,19,15,34,5,9,2,11,6,31,0,47,-66,125.3,0,0,112.0,342,370,160,387,338,351,352,328,255,339,255,294,321,17,265,350,330,352,353,370,176,130,123,130,343,356,341,174,12,344,1,176,365,176,15.1,0.14,419,0.56,93.7,409,305,0.135,363,-18.2,350,423,110.1,91.9,71.21,334,0.082,357,110.1,-19.7,438,0.045,54,85.45,15.0,368,0.035,2.1,91.9,371,409,438,8.3,0.8,0.093,0.103,340,419,0.378,85.45,359,313,366,409,0.513,350,440,83.35,113.4,342,342,366,-18.2,8,0.0,0.0,0.0,,0.0,0.0,0.0,0.5,0.0,16,0.0,6.0,0.0,0.0,0.0,6,0.4,,,0.0,0.0,15,0.0,0.5,0.0,0.0,5.0,2.0,1.0,1.0,0.5,0.0,0.0,0.353,8.0,0.0,,0.0,0.0,,2.0,,4.0,6,CLE,5.0,0.0,17,0.0,0.2,0.4,South Carolina,215,2,83.0,48,USA,1998,1999
208,Sam Cassell,Sam,1610612749,MIL,29.0,8,2,6,0.25,199.41666666666666,39,93,0.419,2,10,0.2,47,50,0.94,5,10,15,36,20,9,0,5,22,0,127,40,206.0,0,0,198.0,382,392,73,381,339,297,300,234,203,208,217,202,232,18,357,368,367,223,296,297,376,118,93,130,279,110,319,174,12,315,2,384,61,72,11.7,0.296,63,1.8,103.7,34,391,0.288,16,9.9,90,72,92.8,102.7,81.24,86,0.048,405,92.8,9.7,68,0.33,304,97.48,11.7,17,0.164,11.6,102.7,282,34,68,21.1,4.9,0.037,0.025,67,63,0.43,97.48,25,100,19,35,0.552,90,49,96.42,94.0,191,190,70,9.9,17,0.0,0.222,0.0,0.0,8.0,9.0,0.0,0.362,1.0,47,0.5,16.0,2.0,0.0,1.0,12,0.6,0.0,0.0,0.0,0.0,20,0.0,0.417,0.333,0.0,19.0,8.0,5.0,5.0,0.25,0.0,6.0,0.583,20.0,0.0,,0.0,0.0,,12.0,,5.0,14,MIL,12.0,0.0,24,2.0,0.417,0.421,Florida State,185,1,75.0,24,USA,1993,1999
1734,Sam Jacobson,Sam,1610612747,LAL,23.0,2,1,1,0.5,12.05,3,5,0.6,0,1,0.0,2,2,1.0,0,3,3,0,1,0,0,1,2,0,8,6,10.6,0,0,11.0,418,408,9,219,420,398,414,11,255,288,255,388,396,1,415,393,408,408,410,401,376,41,20,130,400,170,410,174,12,410,1,401,342,6,14.5,0.24,18,0.0,113.3,8,408,0.233,71,23.1,18,16,84.6,107.7,86.31,404,0.0,26,84.6,26.0,22,0.0,403,103.57,14.3,69,0.164,2.5,107.7,11,8,22,0.0,1.5,0.0,0.0,10,18,0.6,103.57,408,408,17,9,0.68,18,24,99.43,87.3,318,325,291,23.1,1,,0.0,,,0.0,1.0,,1.0,,1,0.0,1.0,0.0,,,2,1.0,,,,,2,,0.5,0.0,,0.0,0.0,1.0,0.0,0.0,,0.0,1.0,0.0,,,,,,2.0,,0.0,2,LAL,1.0,,2,0.0,0.0,0.0,Minnesota,215,1,76.0,26,USA,1998,1999
694,Sam Mack,Sam,1610612745,HOU,29.0,44,18,26,0.409,1083.77,167,384,0.435,87,219,0.397,51,58,0.879,14,81,95,55,33,35,4,17,94,0,472,-45,752.5,0,0,787.0,177,201,358,293,159,125,119,182,8,14,45,194,219,31,296,216,236,181,240,144,277,269,275,130,107,321,171,174,12,150,2,351,112,37,6.6,0.19,287,1.67,98.2,259,329,0.184,217,-2.4,193,276,100.8,98.4,76.07,106,0.077,2063,100.8,-2.7,278,0.094,376,91.28,6.7,224,0.095,8.7,98.4,26,259,278,11.2,3.8,0.045,0.013,219,287,0.548,91.28,233,240,166,254,0.576,193,254,91.35,100.9,27,25,115,-2.4,40,21.0,0.41,0.4,0.0,10.0,156.0,9.0,0.444,30.0,90,0.345,29.0,64.0,30.0,60.0,32,0.653,0.0,0.0,0.35,0.3,49,12.0,0.421,0.343,1.0,28.0,14.0,69.0,3.0,0.49,0.0,70.0,0.615,51.0,0.0,0.0,0.0,0.0,0.0,164.0,0.0,25.0,32,HOU,18.0,0.0,52,24.0,0.167,0.5,Houston,220,Undrafted,79.0,Undrafted,USA,Undrafted,1999
417,Sam Mitchell,Sam,1610612750,MIN,35.0,50,25,25,0.5,1345.535,213,522,0.408,9,38,0.237,126,165,0.764,55,127,182,98,34,35,16,21,111,0,561,-5,1045.4,0,0,952.0,1,113,347,219,97,76,61,269,152,139,206,66,68,147,118,124,119,108,233,144,124,298,323,130,75,220,103,174,12,110,1,246,81,292,4.7,0.208,224,2.88,98.9,207,239,0.205,152,-0.3,179,221,99.2,98.9,77.53,15,0.099,2609,99.2,-0.4,188,0.124,238,93.04,4.7,147,0.09,10.4,98.9,325,207,188,13.4,4.3,0.066,0.038,194,224,0.417,93.04,174,191,187,201,0.472,179,157,92.98,99.3,18,18,95,-0.3,138,6.0,0.167,0.111,0.0,28.0,18.0,5.0,0.409,9.0,337,0.384,73.0,3.0,11.0,20.0,38,0.514,0.0,0.0,0.3,0.455,74,1.0,0.376,0.25,0.0,58.0,17.0,32.0,21.0,0.433,0.0,12.0,0.482,231.0,0.0,0.0,0.0,0.0,0.0,85.0,0.0,100.0,40,MIN,53.0,0.0,83,3.0,0.396,0.293,Mercer,215,3,79.0,54,USA,1985,1999
64,Sam Perkins,Sam,1610612754,IND,38.0,48,31,17,0.646,788.7733333333333,80,200,0.4,35,90,0.389,43,60,0.717,36,102,138,25,22,15,14,8,74,0,238,22,506.1,1,0,494.0,114,50,209,95,213,228,223,287,72,86,56,213,215,223,165,169,175,258,282,261,140,156,221,130,218,137,227,125,12,220,1,174,267,144,8.0,0.154,193,1.14,100.8,155,129,0.152,324,2.0,148,175,98.1,100.1,73.25,192,0.142,1441,98.1,2.3,416,0.057,208,87.9,8.0,322,0.084,4.2,100.1,119,155,416,9.1,1.7,0.094,0.048,142,193,0.488,87.9,322,291,229,134,0.526,148,411,87.51,98.4,43,44,276,2.0,19,7.0,0.424,0.5,0.0,6.0,66.0,4.0,0.404,6.0,47,0.25,24.0,28.0,18.0,24.0,20,0.513,0.0,0.0,0.292,0.222,39,3.0,0.413,0.37,0.0,13.0,6.0,26.0,4.0,0.333,0.0,46.0,0.5,15.0,0.0,0.0,0.0,0.0,0.0,63.0,0.0,5.0,22,IND,19.0,0.0,44,17.0,0.211,0.462,North Carolina,260,1,81.0,4,USA,1984,1999
955,Samaki Walker,Samaki,1610612742,DAL,23.0,39,11,28,0.282,566.9533333333334,88,190,0.463,0,1,0.0,53,98,0.541,46,97,143,6,37,9,16,16,87,0,229,-137,447.6,1,0,428.0,218,279,381,366,254,217,229,110,255,288,255,187,152,356,143,177,163,349,223,297,124,261,255,130,223,407,243,125,12,239,1,89,236,238,13.4,0.221,350,0.16,92.0,389,81,0.215,112,-12.0,362,355,103.1,91.1,76.51,395,0.166,1081,103.1,-12.5,250,0.021,126,91.82,13.4,110,0.07,4.9,91.1,184,389,250,2.2,2.3,0.122,0.078,364,350,0.463,91.82,400,405,278,390,0.491,362,303,90.72,104.6,284,285,223,-12.0,27,0.0,0.0,0.0,1.0,31.0,0.0,0.0,0.391,0.0,69,0.477,65.0,0.0,0.0,0.0,30,0.545,0.0,0.0,0.0,0.0,55,0.0,1.0,0.0,1.0,39.0,13.0,1.0,33.0,0.389,0.0,0.0,0.54,18.0,0.0,0.0,0.0,0.0,0.0,1.0,0.0,7.0,34,DAL,68.0,0.0,63,0.0,0.485,0.333,Louisville,258,1,81.0,9,USA,1996,1999
1513,Scot Pollard,Scot,1610612758,SAC,24.0,16,10,6,0.625,259.75166666666667,33,61,0.541,0,0,0.0,16,23,0.696,38,44,82,4,5,8,18,3,41,0,82,55,259.4,4,0,220.0,350,289,73,109,325,311,327,23,255,339,255,310,308,260,161,280,257,358,379,309,109,89,142,130,315,92,297,79,12,307,1,34,283,36,6.2,0.123,53,0.8,103.4,27,98,0.122,402,10.9,77,48,92.3,103.2,81.85,272,0.158,530,92.3,10.8,55,0.024,10,98.22,6.2,399,0.111,3.8,103.2,33,27,55,4.9,2.1,0.146,0.135,74,53,0.541,98.22,395,378,103,25,0.576,77,31,97.98,92.6,23,23,238,10.9,3,0.0,0.0,0.0,0.0,4.0,0.0,0.0,0.333,0.0,9,0.5,8.0,0.0,0.0,0.0,26,0.591,0.0,0.0,0.0,0.0,44,0.0,0.0,0.0,0.0,4.0,3.0,0.0,3.0,0.0,0.0,0.0,0.574,4.0,0.0,0.0,0.0,0.0,0.0,0.0,0.0,0.0,27,SAC,6.0,0.0,47,0.0,0.5,0.75,Kansas,265,1,83.0,19,USA,1997,1999
197,Scott Burrell,Scott,1610612751,NJN,28.0,32,7,25,0.219,707.0066666666667,75,208,0.361,28,72,0.389,34,42,0.81,32,87,119,45,23,40,11,9,82,0,212,-15,552.3,0,0,506.0,275,333,347,388,232,239,215,367,90,99,56,237,254,108,197,205,200,202,278,117,176,175,246,130,232,256,219,174,12,218,1,202,187,299,7.8,0.155,111,1.96,94.2,232,168,0.151,322,-1.2,325,100,95.2,94.0,78.81,73,0.125,1394,95.2,-1.4,127,0.111,229,94.57,7.8,323,0.087,6.5,94.0,291,232,127,15.3,2.3,0.081,0.041,330,111,0.428,94.57,193,160,210,227,0.468,325,102,94.25,95.6,40,41,218,-1.2,22,10.0,0.327,0.5,1.0,3.0,55.0,7.0,0.265,6.0,83,0.273,11.0,18.0,11.0,17.0,22,0.537,0.0,0.0,0.588,0.636,41,3.0,0.403,0.276,1.0,11.0,2.0,29.0,2.0,0.273,0.0,29.0,0.512,44.0,0.0,0.0,0.0,0.0,0.0,72.0,0.0,12.0,22,NJN,8.0,0.0,43,8.0,0.25,0.182,Connecticut,218,1,79.0,20,USA,1993,1999
281,Scott Williams,Scott,1610612749,MIL,31.0,7,5,2,0.714,46.45666666666666,5,17,0.294,0,0,0.0,4,7,0.571,3,11,14,1,4,3,2,0,9,0,14,-18,43.3,0,0,39.0,389,360,25,44,386,381,381,398,255,339,255,371,368,341,371,364,368,385,382,358,318,1,61,130,381,268,378,174,12,381,2,401,346,405,15.9,0.243,296,0.25,87.0,413,22,0.231,62,-18.7,416,329,101.1,82.4,78.78,381,0.204,91,101.1,-16.1,129,0.048,403,94.54,16.0,75,0.035,2.4,82.4,403,413,129,4.0,0.7,0.0,0.0,404,296,0.294,94.54,351,390,367,404,0.349,416,271,91.15,103.1,362,359,372,-18.7,3,0.0,0.0,0.0,,0.0,0.0,0.0,0.3,0.0,10,0.0,4.0,0.0,0.0,0.0,2,0.667,,,0.0,0.0,3,0.0,0.0,0.0,,5.0,0.0,0.0,1.0,0.4,0.0,0.0,0.5,5.0,,,0.0,,,0.0,,2.0,2,MIL,3.0,0.0,4,0.0,0.333,0.0,North Carolina,230,Undrafted,82.0,Undrafted,USA,Undrafted,1999
937,Scottie Pippen,Scottie,1610612745,HOU,33.0,50,31,19,0.62,2013.23,261,604,0.432,72,212,0.34,132,183,0.721,63,260,323,293,159,98,37,29,118,1,726,63,1799.1,9,2,1684.0,1,50,245,114,4,43,44,191,18,16,104,62,55,214,104,24,51,19,6,13,55,357,347,45,39,86,17,43,2,18,1,197,56,126,14.0,0.198,280,1.84,101.6,168,166,0.196,186,1.3,100,251,100.7,102.0,75.57,82,0.126,3810,100.7,1.6,314,0.248,243,90.68,13.9,176,0.12,12.1,102.0,113,168,314,25.7,5.2,0.084,0.035,122,280,0.492,90.68,69,63,75,157,0.53,100,270,91.17,100.1,305,305,55,1.3,46,19.0,0.303,0.579,2.0,21.0,175.0,8.0,0.331,19.0,139,0.296,71.0,53.0,16.0,35.0,122,0.67,0.0,0.0,0.543,0.5,182,11.0,0.377,0.304,4.0,41.0,14.0,58.0,13.0,0.286,0.0,79.0,0.658,70.0,0.25,2.0,3.0,1.0,0.0,154.0,0.0,20.0,131,HOU,52.0,0.0,199,24.0,0.25,0.341,Central Arkansas,228,1,79.0,5,USA,1987,1999
251,Sean Elliott,Sean,1610612759,SAS,31.0,50,37,13,0.74,1511.295,208,507,0.41,39,119,0.328,106,140,0.757,35,178,213,117,71,26,17,36,104,0,561,160,1050.1,0,0,1016.0,1,1,134,27,69,79,65,265,64,62,121,88,98,156,179,76,99,82,118,197,117,388,307,130,75,37,100,174,12,94,1,227,84,235,9.4,0.198,123,1.65,101.1,70,214,0.196,190,6.0,108,83,95.6,101.7,75.79,109,0.109,2857,95.6,6.2,299,0.132,303,90.95,9.4,177,0.088,10.1,101.7,222,70,299,15.4,4.2,0.07,0.025,135,123,0.449,90.95,161,155,202,67,0.493,108,240,91.56,94.9,71,74,98,6.0,71,33.0,0.171,0.422,0.0,22.0,35.0,14.0,0.372,45.0,191,0.4,55.0,6.0,39.0,84.0,76,0.535,0.0,0.0,0.393,0.359,142,19.0,0.404,0.059,2.0,32.0,11.0,57.0,15.0,0.35,0.0,17.0,0.54,123.0,0.0,,0.0,0.0,,141.0,,43.0,81,SAS,42.0,0.0,150,1.0,0.357,0.344,Arizona,220,1,80.0,3,USA,1989,1999
1752,Sean Marks,Sean,1610612761,TOR,23.0,8,4,4,0.5,25.785,5,8,0.625,0,0,0.0,1,2,0.5,0,1,1,0,3,1,0,0,3,0,11,-30,12.2,0,0,14.0,382,370,55,219,403,381,399,9,255,339,255,403,396,366,415,409,417,408,390,385,376,1,30,130,390,290,408,174,12,406,1,401,412,15,25.3,0.204,437,0.0,101.6,435,408,0.188,165,-51.7,303,436,146.6,94.8,89.97,404,0.0,58,146.6,-42.6,16,0.0,403,107.97,25.0,210,0.025,1.0,94.8,9,435,16,0.0,0.6,0.0,0.0,123,437,0.625,107.97,408,408,383,433,0.619,303,13,105.21,144.3,417,420,377,-51.7,2,0.0,0.0,0.0,,1.0,0.0,,0.5,0.0,4,1.0,1.0,0.0,,0.0,2,0.667,,,0.0,,3,0.0,0.0,0.0,,2.0,1.0,0.0,1.0,0.5,,0.0,0.667,2.0,,,,,,0.0,,1.0,2,TOR,1.0,,3,0.0,1.0,0.5,California,250,2,82.0,44,New Zealand,1998,1999
399,Sean Rooks,Sean,1610612747,LAL,29.0,36,21,15,0.583,314.1933333333333,32,79,0.405,0,2,0.0,34,48,0.708,33,39,72,9,21,2,9,13,61,0,98,-46,209.9,0,0,201.0,246,161,172,137,312,314,314,273,255,269,255,237,238,238,188,294,274,339,287,370,204,235,187,130,303,323,314,174,12,314,1,112,357,244,16.1,0.171,358,0.43,98.3,345,139,0.166,285,-8.3,293,374,103.6,95.3,80.78,360,0.135,638,103.6,-7.5,77,0.05,64,96.93,16.0,292,0.028,2.2,95.3,344,345,77,6.9,0.9,0.115,0.098,217,358,0.405,96.93,338,343,378,332,0.489,293,93,94.49,105.8,364,364,352,-8.3,3,0.0,0.0,0.0,0.0,10.0,2.0,0.0,0.273,0.0,11,0.323,31.0,0.0,0.0,0.0,19,0.543,0.0,0.0,0.0,0.0,35,0.0,0.0,0.0,0.0,10.0,2.0,0.0,9.0,0.333,0.0,1.0,0.488,3.0,0.0,0.0,1.0,0.0,0.0,0.0,0.0,1.0,20,LAL,23.0,0.0,41,0.0,0.391,0.2,Arizona,260,2,82.0,30,USA,1992,1999
1742,Shammond Williams,Shammond,1610612737,ATL,24.0,2,2,0,1.0,4.2,0,1,0.0,0,0,0.0,3,4,0.75,0,0,0,1,0,0,0,0,0,0,3,-6,4.5,0,0,4.0,418,392,1,1,433,428,427,428,255,339,255,378,380,170,415,423,427,385,426,401,376,1,1,130,419,223,422,174,12,425,1,401,432,96,0.0,0.294,439,0.0,119.0,438,408,0.273,18,-60.0,150,439,160.0,100.0,95.24,404,0.0,10,160.0,-42.9,8,1.0,403,114.29,0.0,28,0.093,0.5,100.0,428,438,8,25.0,0.0,0.0,0.0,7,439,0.0,114.29,1,67,175,434,0.543,150,14,104.46,161.9,1,1,428,-60.0,0,,0.0,,,0.0,0.0,,0.0,,1,0.0,0.0,0.0,,,0,0.0,,,,,0,,0.0,0.0,,0.0,0.0,0.0,0.0,0.0,,0.0,0.0,1.0,,,,,,0.0,,0.0,0,ATL,0.0,,0,0.0,0.0,0.0,North Carolina,201,2,73.0,34,USA,1998,1999
1000,Shandon Anderson,Shandon,1610612762,UTA,25.0,50,37,13,0.74,1070.725,162,363,0.446,14,41,0.341,89,125,0.712,49,83,132,56,66,39,10,37,89,0,427,33,750.4,0,0,727.0,1,1,134,27,160,132,129,149,127,136,103,107,110,232,136,209,187,176,132,122,191,392,260,130,130,122,173,174,12,171,1,248,162,180,12.2,0.215,167,0.85,98.2,159,316,0.211,131,1.7,182,116,97.1,98.8,73.63,261,0.079,1971,97.1,2.0,399,0.105,197,88.36,12.2,127,0.094,7.3,98.8,181,159,399,10.4,3.2,0.066,0.052,220,167,0.466,88.36,209,258,172,146,0.511,182,370,89.05,96.2,221,220,155,1.7,28,3.0,0.333,0.0,2.0,8.0,33.0,3.0,0.257,1.0,109,0.235,34.0,11.0,5.0,6.0,112,0.626,0.0,0.0,0.5,0.6,179,0.0,0.353,0.2,3.0,28.0,5.0,18.0,11.0,0.25,0.0,10.0,0.61,48.0,0.0,0.0,0.0,0.0,0.0,51.0,0.0,12.0,114,UTA,36.0,0.0,187,2.0,0.306,0.179,Georgia,210,2,78.0,54,USA,1996,1999
406,Shaquille O'Neal,Shaquille,1610612747,LAL,27.0,49,31,18,0.633,1702.8683333333333,510,885,0.576,0,1,0.0,269,498,0.54,187,338,525,114,122,36,82,24,155,0,1289,225,2322.0,30,0,2164.0,84,50,231,102,38,1,5,13,255,288,255,7,1,357,3,12,6,87,29,138,14,316,414,130,1,18,1,3,12,1,1,14,5,29,9.1,0.325,340,0.93,107.8,60,28,0.323,9,7.0,12,289,102.7,109.7,77.25,241,0.199,3286,102.7,6.4,202,0.132,30,92.7,9.1,9,0.192,18.1,109.7,15,60,202,8.5,10.4,0.16,0.117,23,340,0.576,92.7,162,305,7,62,0.584,12,109,94.09,101.4,59,59,1,7.0,17,0.0,0.0,0.0,1.0,171.0,0.0,0.0,0.266,0.0,64,0.462,370.0,0.0,0.0,0.0,322,0.716,0.0,0.0,0.0,0.0,450,0.0,0.0,0.0,1.0,42.0,12.0,0.0,138.0,0.0,0.0,0.0,0.695,0.0,0.0,0.0,0.0,0.0,0.0,0.0,0.0,0.0,360,LAL,324.0,0.0,518,0.0,0.426,0.286,Louisiana State,315,1,85.0,1,USA,1992,1999
949,Shareef Abdur-Rahim,Shareef,1610612763,VAN,22.0,50,8,42,0.16,2019.8233333333333,386,893,0.432,11,36,0.306,369,439,0.841,114,260,374,172,186,69,55,106,137,2,1152,-361,2044.8,11,0,1957.0,1,321,439,408,3,9,4,189,143,142,144,2,4,61,39,24,26,49,1,32,30,440,384,15,4,440,13,33,12,9,1,153,8,125,12.9,0.288,401,0.92,96.4,364,134,0.282,20,-9.5,228,381,106.9,97.4,76.03,244,0.138,3840,106.9,-9.7,282,0.174,181,91.23,13.0,20,0.138,17.9,97.4,258,364,282,12.0,7.7,0.097,0.058,281,401,0.438,91.23,122,223,34,361,0.53,228,214,92.02,106.2,262,254,11,-9.5,99,9.0,0.25,0.286,1.0,78.0,8.0,7.0,0.361,7.0,274,0.342,228.0,2.0,20.0,27.0,198,0.558,0.0,0.0,0.333,0.35,355,2.0,0.403,0.333,1.0,100.0,37.0,27.0,69.0,0.319,0.0,6.0,0.535,113.0,0.0,0.0,1.0,0.0,0.0,67.0,0.0,36.0,215,VAN,203.0,0.0,402,2.0,0.34,0.37,California,230,1,81.0,3,USA,1996,1999
762,Shawn Bradley,Shawn,1610612742,DAL,27.0,49,19,30,0.388,1295.0233333333333,167,348,0.48,0,4,0.0,86,115,0.748,130,262,392,40,56,35,159,24,153,1,420,134,1476.4,12,0,1240.0,84,185,399,305,105,125,137,78,255,250,255,115,122,184,27,22,20,213,161,144,2,316,411,45,132,42,42,31,12,59,1,25,169,139,11.3,0.164,182,0.71,103.1,83,25,0.161,306,5.5,76,156,97.8,103.3,74.33,294,0.201,2407,97.8,5.4,379,0.051,56,89.2,11.3,305,0.123,7.1,103.3,141,83,379,8.1,3.4,0.152,0.101,84,182,0.48,89.2,337,320,67,80,0.527,76,356,89.35,97.6,172,171,146,5.5,41,0.0,0.0,0.0,1.0,25.0,4.0,0.0,0.39,0.0,105,0.373,67.0,0.0,0.0,0.0,101,0.591,0.0,0.0,0.0,0.0,171,0.0,0.0,0.0,2.0,51.0,22.0,0.0,25.0,0.391,0.0,1.0,0.576,46.0,0.0,0.0,1.0,0.0,0.0,2.0,0.0,18.0,102,DAL,68.0,0.0,177,0.0,0.368,0.431,Brigham Young,263,1,90.0,2,USA,1993,1999
431,Shawn Kemp,Shawn,1610612739,CLE,29.0,42,21,21,0.5,1471.1966666666667,277,575,0.482,1,2,0.5,307,389,0.789,131,257,388,101,127,48,45,88,159,2,862,25,1631.1,20,0,1538.0,197,161,277,219,74,36,50,76,215,269,9,4,6,129,24,26,21,102,28,74,39,438,418,15,20,131,26,15,12,26,1,40,37,33,13.0,0.281,229,0.8,99.3,166,37,0.279,26,1.4,134,197,99.3,100.7,75.08,275,0.188,2755,99.3,0.5,338,0.14,62,90.1,12.9,23,0.166,13.7,100.7,133,166,338,10.3,6.6,0.144,0.099,184,229,0.483,90.1,153,261,15,186,0.578,134,281,91.0,98.8,261,266,25,1.4,61,0.0,0.5,0.0,0.0,29.0,2.0,0.0,0.389,0.0,157,0.363,80.0,1.0,0.0,0.0,186,0.554,0.0,0.0,0.0,0.0,336,0.0,0.471,0.0,0.0,51.0,18.0,8.0,22.0,0.4,0.0,0.0,0.548,85.0,0.0,0.0,0.0,0.0,0.0,17.0,0.0,34.0,195,CLE,66.0,0.0,356,0.0,0.333,0.353,Concord HS (IN),280,1,82.0,17,USA,1989,1999
704,Shawn Respert,Shawn,1610612756,PHX,27.0,12,6,6,0.5,96.45,13,36,0.361,4,13,0.308,7,10,0.7,2,11,13,8,5,5,0,1,10,0,37,-9,74.6,0,0,72.0,368,348,73,219,368,354,353,365,190,200,139,351,356,250,391,364,371,342,379,328,376,41,64,130,356,229,362,174,12,362,1,257,312,323,9.4,0.218,130,1.6,92.4,335,227,0.205,124,-7.1,387,69,95.7,88.6,79.0,117,0.103,193,95.7,-1.4,122,0.17,331,94.81,9.4,144,0.082,3.0,88.6,325,335,122,15.1,1.1,0.063,0.02,362,130,0.417,94.81,128,163,241,223,0.458,387,117,93.85,93.8,76,71,329,-7.1,4,1.0,0.273,1.0,1.0,2.0,11.0,0.0,0.286,1.0,14,0.4,5.0,3.0,0.0,1.0,3,0.75,0.0,0.0,1.0,0.0,4,1.0,0.364,0.286,2.0,2.0,1.0,4.0,0.0,0.286,0.0,7.0,0.667,7.0,0.0,,0.0,0.0,,11.0,,2.0,4,PHX,1.0,0.0,6,2.0,0.0,0.5,Michigan State,195,1,73.0,8,USA,1995,1999
428,Sherman Douglas,Sherman,1610612746,LAC,32.0,30,6,24,0.2,843.9933333333333,96,219,0.438,0,11,0.0,55,87,0.632,16,42,58,124,61,27,3,19,54,0,247,-134,531.6,0,0,489.0,287,348,337,391,204,207,208,172,255,206,255,182,168,314,283,285,290,70,146,192,291,281,174,130,210,406,223,174,12,222,1,385,160,270,13.8,0.171,407,2.03,96.9,363,383,0.17,287,-9.4,197,396,107.7,98.3,74.79,69,0.056,1585,107.7,-10.4,351,0.248,340,89.74,13.7,280,0.076,7.3,98.3,259,363,351,27.9,3.2,0.036,0.019,267,407,0.438,89.74,70,48,255,369,0.48,197,311,90.55,107.3,302,302,161,-9.4,24,0.0,0.0,0.0,0.0,15.0,10.0,0.0,0.296,0.0,81,0.441,34.0,0.0,1.0,1.0,57,0.613,0.0,0.0,0.0,0.0,93,0.0,0.172,0.0,0.0,19.0,8.0,5.0,12.0,0.3,0.0,7.0,0.602,40.0,0.0,1.0,0.0,0.0,0.0,29.0,0.0,12.0,59,LAC,25.0,0.0,98,0.0,0.48,0.421,Syracuse,195,2,73.0,28,USA,1989,1999
278,Stacey Augmon,Stacey,1610612757,POR,30.0,48,33,15,0.688,868.4166666666666,78,174,0.448,0,2,0.0,52,76,0.684,47,78,125,58,30,57,18,13,81,1,208,93,640.0,0,0,541.0,114,22,172,60,198,231,243,148,255,269,255,192,192,274,142,221,197,168,252,55,109,235,243,45,235,66,202,174,12,214,1,211,291,209,10.2,0.128,47,1.93,99.9,58,266,0.126,394,7.3,171,34,91.8,99.1,75.89,76,0.09,1633,91.8,8.7,290,0.109,182,91.06,10.1,393,0.088,3.6,99.1,225,58,290,19.5,1.6,0.075,0.058,171,47,0.448,91.06,199,113,203,41,0.501,171,278,91.06,91.2,108,111,280,7.3,31,0.0,0.0,0.0,1.0,9.0,1.0,0.0,0.388,0.0,80,0.45,20.0,0.0,0.0,0.0,38,0.528,0.0,0.0,0.0,0.0,72,0.0,0.278,0.0,1.0,15.0,7.0,5.0,6.0,0.417,0.0,0.0,0.526,48.0,0.0,0.0,0.0,0.0,0.0,18.0,0.0,20.0,40,POR,16.0,0.0,76,0.0,0.375,0.467,UNLV,205,1,80.0,9,USA,1991,1999
914,Stanley Roberts,Stanley,1610612745,HOU,29.0,6,4,2,0.667,32.0,5,13,0.385,0,0,0.0,4,8,0.5,4,7,11,0,4,0,1,2,2,0,14,15,26.2,0,0,27.0,393,370,25,73,398,381,388,315,255,339,255,371,362,366,364,379,375,408,382,401,339,62,20,130,381,146,390,174,12,389,1,11,358,368,19.5,0.304,9,0.0,105.8,7,47,0.292,13,25.8,150,8,74.2,100.0,81.25,404,0.179,64,74.2,26.5,67,0.0,7,97.5,19.0,15,0.075,2.2,100.0,364,7,67,0.0,0.8,0.167,0.148,36,9,0.385,97.5,408,408,262,8,0.424,150,232,91.71,79.3,393,397,359,25.8,1,0.0,0.0,0.0,0.0,0.0,0.0,0.0,1.0,0.0,1,0.0,6.0,0.0,0.0,0.0,4,0.667,0.0,0.0,0.0,0.0,6,0.0,0.0,0.0,0.0,1.0,1.0,0.0,0.0,0.0,,0.0,0.571,0.0,0.0,0.0,,0.0,0.0,0.0,0.0,0.0,4,HOU,5.0,,7,0.0,0.0,1.0,Louisiana State,290,1,84.0,23,USA,1991,1999
950,Stephon Marbury,Stephon,1610612751,NJN,22.0,49,25,24,0.51,1893.78,378,883,0.428,66,197,0.335,222,278,0.799,37,105,142,437,164,59,8,68,125,1,1044,88,1906.9,18,0,1823.0,84,113,337,217,12,11,6,211,27,22,110,15,15,120,162,162,166,2,4,50,216,437,360,45,9,69,15,18,12,14,2,383,6,160,10.2,0.271,271,2.66,102.2,136,380,0.267,39,2.7,82,237,100.4,103.1,78.27,29,0.057,3700,100.4,2.4,151,0.411,348,93.92,10.2,37,0.137,18.0,103.1,182,136,151,27.2,7.7,0.037,0.018,108,271,0.465,93.92,9,55,36,131,0.519,82,88,94.63,99.8,118,114,12,2.7,122,6.0,0.335,0.455,1.0,30.0,179.0,1.0,0.397,11.0,307,0.361,83.0,60.0,6.0,17.0,160,0.541,0.0,0.0,0.353,0.167,296,5.0,0.378,0.333,2.0,63.0,22.0,65.0,21.0,0.448,1.0,105.0,0.53,163.0,0.0,2.0,2.0,0.0,0.0,172.0,0.0,73.0,160,NJN,72.0,2.0,302,35.0,0.292,0.349,Georgia Tech,180,1,74.0,4,USA,1996,1999
1667,Steve Henson,Steve,1610612765,DET,31.0,4,0,4,0.0,22.816666666666666,1,2,0.5,0,0,0.0,2,2,1.0,0,0,0,3,3,1,0,0,1,0,4,3,8.5,0,0,9.0,402,423,55,423,406,413,422,46,255,339,255,388,396,1,415,423,427,367,390,385,376,1,13,130,410,179,413,174,12,412,1,401,432,5,33.8,0.111,8,1.0,80.6,124,408,0.107,414,3.2,425,9,73.9,77.1,82.4,212,0.0,48,73.9,1.0,48,0.3,403,98.88,33.3,417,0.091,0.5,77.1,87,124,48,33.3,0.3,0.0,0.0,423,8,0.5,98.88,44,22,184,176,0.694,425,142,93.24,79.6,433,434,419,3.2,1,0.0,0.0,,,0.0,0.0,0.0,0.5,,2,0.0,0.0,0.0,0.0,0.0,0,0.0,,,0.0,0.0,0,,0.0,0.0,,0.0,0.0,0.0,0.0,0.5,,0.0,0.0,2.0,,,,,,0.0,,1.0,0,DET,0.0,,0,0.0,0.0,0.0,Kansas State,177,2,71.0,44,USA,1990,1999
70,Steve Kerr,Steve,1610612759,SAS,33.0,44,31,13,0.705,731.8816666666667,68,174,0.391,25,80,0.313,31,35,0.886,6,38,44,49,22,23,3,3,28,0,192,73,374.3,0,0,362.0,177,50,134,49,225,248,243,309,97,92,132,250,275,29,348,296,314,192,282,211,291,89,111,130,245,78,262,174,12,259,1,393,276,189,8.4,0.134,54,2.23,98.9,85,392,0.127,382,5.4,210,44,92.4,97.8,76.54,50,0.048,1399,92.4,6.4,247,0.111,393,91.85,8.6,389,0.076,4.0,97.8,188,85,247,19.2,1.5,0.029,0.008,196,54,0.463,91.85,197,118,256,63,0.507,210,256,91.32,92.4,50,49,287,5.4,34,7.0,0.29,0.364,0.0,7.0,62.0,3.0,0.479,11.0,71,0.389,18.0,18.0,7.0,18.0,2,0.4,0.0,0.0,0.389,0.429,5,4.0,0.382,0.192,0.0,13.0,7.0,26.0,5.0,0.469,0.0,26.0,0.4,49.0,0.0,0.0,0.0,0.0,0.0,68.0,0.0,23.0,2,SAS,13.0,0.0,5,5.0,0.385,0.538,Arizona,181,2,75.0,50,USA,1988,1999
959,Steve Nash,Steve,1610612742,DAL,25.0,40,13,27,0.325,1269.9833333333333,114,314,0.363,49,131,0.374,38,46,0.826,32,82,114,219,83,37,2,14,98,0,315,-10,814.3,0,0,775.0,215,264,367,347,112,183,157,361,51,58,75,227,246,78,197,211,208,27,82,131,318,246,287,130,180,233,158,174,12,155,1,350,141,294,13.0,0.151,274,2.64,99.3,210,362,0.147,335,-0.3,143,257,100.6,100.3,75.28,30,0.065,2389,100.6,-0.9,330,0.269,300,90.33,13.2,337,0.074,7.9,100.3,249,210,330,34.7,2.9,0.045,0.025,185,274,0.441,90.33,57,15,263,209,0.471,143,282,90.98,100.2,274,267,182,-0.3,42,5.0,0.389,0.444,0.0,7.0,113.0,1.0,0.353,9.0,119,0.333,21.0,44.0,9.0,18.0,16,0.372,0.0,0.0,0.278,0.111,43,4.0,0.38,0.348,0.0,36.0,12.0,30.0,6.0,0.371,0.0,69.0,0.372,70.0,0.0,0.0,0.0,0.0,0.0,79.0,0.0,26.0,16,DAL,17.0,0.0,43,24.0,0.353,0.333,Santa Clara,195,1,75.0,15,Canada,1996,1999
120,Steven Smith,Steven,1610612737,ATL,30.0,36,25,11,0.694,1312.855,217,540,0.402,47,139,0.338,191,225,0.849,50,101,151,118,99,36,11,25,100,4,672,234,1072.2,1,0,1082.0,246,113,113,55,102,69,58,283,55,53,105,25,38,54,132,171,153,80,55,138,176,326,294,1,51,14,96,125,12,84,1,284,24,143,11.6,0.264,72,1.19,102.4,41,341,0.258,43,9.5,86,49,93.3,102.9,73.61,177,0.073,2418,93.3,9.8,401,0.178,233,88.33,11.6,44,0.122,15.0,102.9,235,41,401,13.8,6.0,0.058,0.04,100,72,0.445,88.33,118,181,70,33,0.526,86,377,88.9,92.6,187,184,35,9.5,85,1.0,0.377,0.125,3.0,14.0,122.0,0.0,0.392,8.0,217,0.269,52.0,46.0,5.0,13.0,71,0.534,0.0,0.0,0.077,0.0,133,1.0,0.27,0.405,4.0,93.0,37.0,24.0,12.0,0.447,0.0,74.0,0.514,94.0,0.0,1.0,0.0,0.0,0.0,89.0,0.0,42.0,72,ATL,45.0,0.0,140,30.0,0.267,0.398,Michigan State,215,1,80.0,5,USA,1991,1999
1037,Stojko Vrankovic,Stojko,1610612746,LAC,35.0,2,0,2,0.0,12.246666666666666,1,4,0.25,0,0,0.0,0,0,0.0,4,2,6,0,0,0,0,0,2,0,2,-15,9.2,0,0,8.0,418,423,25,423,419,413,417,411,255,339,255,411,415,411,364,398,392,408,426,401,376,1,20,130,421,256,412,174,12,413,1,401,366,420,0.0,0.14,438,0.0,101.5,436,408,0.133,365,-54.0,281,438,150.0,96.0,83.29,404,0.0,25,150.0,-56.2,37,0.0,403,99.95,0.0,373,0.019,2.0,96.0,413,436,37,0.0,0.5,0.0,0.0,128,438,0.25,99.95,408,408,390,436,0.25,281,84,94.77,157.8,1,1,392,-54.0,0,,0.0,,,1.0,0.0,,0.0,,0,1.0,1.0,0.0,,,0,0.0,,,,,3,,0.0,0.0,,0.0,0.0,0.0,1.0,0.0,,0.0,0.0,0.0,,,,,,0.0,,0.0,0,LAC,1.0,,3,0.0,1.0,0.0,None,260,Undrafted,86.0,Undrafted,Croatia,Undrafted,1999
1505,Tariq Abdul-Wahad,Tariq,1610612758,SAC,24.0,49,27,22,0.551,1200.5883333333334,177,407,0.435,6,21,0.286,94,136,0.691,72,114,186,50,70,50,16,31,121,1,454,-112,880.2,0,0,828.0,84,87,294,170,126,105,105,183,172,179,165,102,102,268,88,149,117,190,121,67,124,369,352,45,118,400,137,174,12,140,1,222,118,259,11.9,0.187,321,0.71,97.9,295,291,0.184,226,-4.1,207,267,102.0,98.0,83.53,294,0.086,2502,102.0,-2.7,32,0.062,191,100.23,11.9,223,0.059,8.3,98.0,244,295,32,8.5,3.6,0.071,0.055,227,321,0.442,100.23,314,307,317,256,0.486,207,19,100.96,100.6,200,201,129,-4.1,49,1.0,0.278,0.0,1.0,17.0,18.0,1.0,0.304,0.0,161,0.321,53.0,5.0,2.0,2.0,105,0.61,0.0,0.0,0.5,0.5,172,0.0,0.354,0.0,1.0,36.0,11.0,23.0,12.0,0.311,0.0,6.0,0.59,74.0,0.0,0.0,0.0,0.0,0.0,65.0,0.0,23.0,108,SAC,42.0,0.0,183,0.0,0.286,0.306,San Jose State,223,1,78.0,11,France,1997,1999
210,Terrell Brandon,Terrell,1610612750,MIN,29.0,36,20,16,0.556,1218.79,212,507,0.418,12,47,0.255,65,78,0.833,27,107,134,309,74,63,10,15,82,0,501,34,1270.3,13,0,1102.0,246,173,192,164,123,77,65,239,136,126,198,162,189,68,215,158,183,14,109,41,191,253,246,130,95,120,64,28,12,77,2,294,31,308,8.0,0.229,269,4.18,101.4,163,260,0.224,90,1.5,103,246,100.4,101.9,76.93,2,0.094,2343,100.4,1.4,225,0.411,326,92.31,8.0,89,0.136,14.1,101.9,283,163,225,33.6,5.9,0.056,0.021,131,269,0.43,92.31,10,20,38,161,0.463,103,169,92.72,100.0,44,43,39,1.5,135,0.0,0.286,0.0,1.0,10.0,42.0,0.0,0.395,1.0,342,0.294,34.0,12.0,3.0,4.0,55,0.655,0.0,0.0,0.0,0.0,84,0.0,0.337,0.3,3.0,51.0,17.0,34.0,5.0,0.423,0.0,30.0,0.644,215.0,0.0,0.0,0.0,0.0,0.0,101.0,0.0,91.0,56,MIN,20.0,0.0,87,9.0,0.25,0.333,Oregon,173,1,71.0,11,USA,1991,1999
187,Terry Cummings,Terry,1610612744,GSW,38.0,50,21,29,0.42,1009.2183333333334,186,424,0.439,1,1,1.0,81,114,0.711,95,160,255,58,58,46,10,29,168,0,454,-12,957.0,4,0,880.0,1,161,392,285,175,96,93,171,215,288,1,122,123,233,60,88,77,168,154,82,191,357,431,130,118,239,121,79,12,126,1,95,115,273,9.8,0.231,136,1.0,95.6,239,91,0.226,85,-1.4,310,258,95.9,94.5,78.46,212,0.161,1988,95.9,-4.6,142,0.107,102,94.15,9.7,88,0.102,8.5,94.5,252,239,142,9.7,3.7,0.121,0.086,304,136,0.44,94.15,205,271,137,295,0.479,310,237,91.61,100.2,88,89,122,-1.4,101,0.0,1.0,0.0,0.0,31.0,1.0,0.0,0.414,0.0,244,0.397,78.0,1.0,0.0,0.0,53,0.525,0.0,0.0,0.0,0.0,101,0.0,0.462,0.0,0.0,111.0,44.0,6.0,25.0,0.432,0.0,0.0,0.491,125.0,0.0,0.0,0.0,0.0,0.0,13.0,0.0,54.0,57,GSW,59.0,0.0,116,0.0,0.424,0.396,DePaul,250,1,81.0,2,USA,1982,1999
426,Terry Davis,Terry,1610612764,WAS,32.0,37,14,23,0.378,578.4483333333334,49,92,0.533,0,0,0.0,28,38,0.737,50,89,139,10,16,11,3,5,79,1,126,-24,333.8,0,0,303.0,238,245,315,314,251,284,302,28,255,339,255,259,268,194,132,193,173,333,314,286,291,118,236,45,282,280,272,174,12,274,1,65,345,32,11.9,0.102,268,0.63,98.5,244,52,0.099,424,-1.6,181,247,100.4,98.8,74.92,317,0.176,1080,100.4,-1.5,345,0.026,83,89.91,12.1,424,0.066,2.5,98.8,42,244,345,7.6,1.3,0.132,0.091,208,268,0.533,89.91,390,330,294,230,0.579,181,326,90.18,100.0,209,199,308,-1.6,3,0.0,0.0,0.0,,8.0,0.0,0.0,0.375,0.0,8,0.4,20.0,0.0,0.0,0.0,38,0.594,,,0.0,0.0,64,0.0,0.0,0.0,,3.0,2.0,0.0,8.0,0.25,,0.0,0.543,4.0,,,,,,0.0,,1.0,38,WAS,15.0,,70,0.0,0.533,0.667,Virginia Union,225,Undrafted,81.0,Undrafted,USA,Undrafted,1999
143,Terry Dehere,Terry,1610612763,VAN,27.0,26,5,21,0.192,289.015,31,85,0.365,16,39,0.41,5,7,0.714,7,17,24,27,16,7,3,6,30,1,83,-63,166.3,0,0,170.0,307,360,277,396,319,318,308,356,118,138,34,362,368,225,336,341,346,252,314,316,291,130,118,45,314,350,331,174,12,326,2,362,303,295,12.2,0.165,373,1.69,93.5,381,378,0.162,302,-11.5,338,377,104.6,93.1,75.71,104,0.059,547,104.6,-12.5,306,0.171,314,90.85,12.2,302,0.047,3.3,93.1,197,381,306,20.6,1.2,0.041,0.023,344,373,0.459,90.85,127,104,344,388,0.471,338,337,90.05,105.9,219,218,321,-11.5,7,7.0,0.391,1.0,0.0,1.0,23.0,5.0,0.212,2.0,33,0.25,4.0,9.0,14.0,16.0,7,0.778,0.0,0.0,0.438,0.357,9,2.0,0.317,0.429,0.0,4.0,0.0,13.0,1.0,0.308,,14.0,0.778,13.0,0.0,0.0,,0.0,0.0,41.0,0.0,4.0,7,VAN,4.0,,9,6.0,0.25,0.0,Seton Hall,190,1,76.0,13,USA,1993,1999
371,Terry Mills,Terry,1610612748,MIA,31.0,1,0,1,0.0,29.473333333333333,3,8,0.375,2,4,0.5,1,2,0.5,3,1,4,0,3,1,0,1,3,0,9,-7,13.8,0,0,17.0,431,423,9,423,400,398,399,337,203,250,9,403,396,366,371,409,404,408,390,385,376,41,30,130,396,224,407,174,12,400,1,401,133,191,25.3,0.191,415,0.0,95.9,404,395,0.185,214,-14.2,305,412,108.9,94.7,76.68,404,0.043,57,108.9,-13.9,243,0.0,403,92.02,25.0,221,0.005,8.0,94.7,87,404,243,0.0,3.0,0.0,0.0,295,415,0.5,92.02,408,408,400,396,0.507,305,279,91.04,109.9,417,420,169,-14.2,1,0.0,1.0,0.0,,0.0,2.0,0.0,1.0,1.0,1,0.0,1.0,2.0,1.0,2.0,0,0.0,,,0.0,0.0,2,0.0,0.333,1.0,,1.0,1.0,1.0,0.0,0.0,,1.0,0.0,0.0,,,,,,3.0,,0.0,0,MIA,0.0,,3,1.0,0.0,1.0,Michigan,230,1,82.0,16,USA,1990,1999
345,Terry Porter,Terry,1610612748,MIA,36.0,50,33,17,0.66,1366.265,172,370,0.465,58,141,0.411,123,148,0.831,13,127,140,146,74,48,11,11,97,1,525,99,1015.0,1,0,987.0,1,22,209,79,94,111,126,106,36,50,32,70,89,77,303,124,170,59,109,74,176,208,284,45,87,59,112,125,12,99,1,298,157,19,11.3,0.187,168,1.97,101.7,102,264,0.182,227,4.3,113,150,97.1,101.4,72.21,72,0.092,2463,97.1,4.3,431,0.212,385,86.65,11.3,235,0.133,7.4,101.4,31,102,431,22.3,3.4,0.055,0.011,120,168,0.543,86.65,84,92,45,99,0.603,113,430,86.39,97.4,173,170,140,4.3,43,22.0,0.376,0.524,0.0,14.0,93.0,11.0,0.417,21.0,103,0.5,28.0,35.0,26.0,47.0,58,0.586,0.0,0.0,0.468,0.423,99,11.0,0.485,0.393,1.0,38.0,15.0,49.0,7.0,0.392,0.0,56.0,0.584,51.0,0.0,2.0,3.0,0.0,0.0,101.0,0.0,20.0,59,MIA,17.0,0.0,101,22.0,0.412,0.395,Wisconsin-Stevens Point,195,1,75.0,24,USA,1985,1999
689,Theo Ratliff,Theo,1610612755,PHI,26.0,50,28,22,0.56,1626.335,197,419,0.47,0,0,0.0,166,229,0.725,139,268,407,30,92,45,149,31,180,2,560,55,1583.4,11,0,1385.0,1,76,294,155,49,87,96,102,255,339,255,37,35,210,20,21,17,240,67,91,3,369,436,15,77,92,34,33,12,43,1,71,117,108,14.3,0.173,95,0.33,96.3,149,65,0.173,281,2.2,256,76,94.6,96.9,74.61,376,0.172,3027,94.6,2.0,363,0.033,92,89.53,14.2,266,0.117,8.4,96.9,170,149,363,4.6,3.9,0.129,0.087,288,95,0.47,89.53,382,384,83,144,0.539,256,339,89.98,94.3,313,318,106,2.2,63,0.0,0.0,0.0,0.0,38.0,0.0,0.0,0.389,0.0,162,0.358,106.0,0.0,0.0,0.0,96,0.636,0.0,0.0,0.0,0.0,151,0.0,0.0,0.0,0.0,92.0,32.0,0.0,40.0,0.393,0.0,0.0,0.602,56.0,0.0,0.0,0.0,0.0,0.0,2.0,0.0,22.0,103,PHI,98.0,0.0,171,0.0,0.408,0.348,Wyoming,225,1,82.0,18,USA,1995,1999
1847,Thurl Bailey,Thurl,1610612762,UTA,38.0,43,32,11,0.744,545.425,78,175,0.446,0,2,0.0,25,34,0.735,36,58,94,26,27,9,28,12,78,0,181,21,416.8,0,0,375.0,188,42,113,26,257,231,242,153,255,269,255,271,279,196,165,254,237,257,265,297,68,223,234,130,252,140,253,174,12,256,1,179,271,280,11.1,0.19,59,0.96,96.5,112,212,0.187,216,3.6,269,67,92.7,96.3,74.77,235,0.11,1011,92.7,2.8,353,0.093,142,89.72,11.1,216,0.072,4.1,96.3,234,112,353,10.7,1.8,0.092,0.073,277,59,0.446,89.72,240,253,270,124,0.476,269,365,89.16,93.7,162,162,260,3.6,31,0.0,0.0,0.0,0.0,14.0,1.0,0.0,0.463,0.0,67,0.304,46.0,0.0,1.0,1.0,33,0.55,0.0,0.0,0.0,0.0,60,0.0,0.333,0.0,0.0,19.0,8.0,5.0,11.0,0.556,0.0,1.0,0.54,36.0,0.0,0.0,0.0,0.0,0.0,15.0,0.0,20.0,34,UTA,41.0,0.0,63,0.0,0.268,0.421,North Carolina State,247,1,83.0,7,USA,1983,1999
1495,Tim Duncan,Tim,1610612759,SAS,23.0,50,37,13,0.74,1963.2883333333334,418,845,0.495,1,7,0.143,247,358,0.69,159,412,571,121,146,45,126,65,147,0,1084,371,2317.7,37,0,2119.0,1,1,134,27,7,3,9,59,215,222,241,10,9,270,11,2,3,74,13,91,6,435,400,130,5,1,2,1,12,2,1,36,14,102,11.5,0.274,56,0.83,102.3,28,31,0.272,34,10.7,78,40,92.5,103.2,75.34,267,0.197,3686,92.5,10.1,326,0.117,93,90.41,11.5,30,0.17,16.9,103.2,101,28,326,9.5,8.4,0.146,0.087,101,56,0.495,90.41,181,276,12,28,0.541,78,284,90.96,92.2,178,179,5,10.7,110,1.0,0.0,1.0,2.0,108.0,4.0,0.0,0.378,1.0,291,0.441,245.0,0.0,0.0,1.0,199,0.659,0.0,0.0,1.0,0.0,302,1.0,0.778,0.0,2.0,156.0,50.0,7.0,96.0,0.421,0.0,2.0,0.625,95.0,0.0,0.0,1.0,0.0,0.0,9.0,0.0,40.0,225,SAS,220.0,0.0,360,0.0,0.436,0.321,Wake Forest,248,1,84.0,1,US Virgin Islands,1997,1999
896,Tim Hardaway,Tim,1610612748,MIA,32.0,48,32,16,0.667,1768.1033333333332,301,752,0.4,112,311,0.36,121,149,0.812,15,137,152,352,131,57,6,17,102,0,835,235,1603.4,5,0,1577.0,114,42,192,73,24,28,18,286,2,3,91,71,87,103,290,114,151,9,24,55,251,269,302,130,24,13,29,69,12,22,1,343,20,181,10.1,0.263,141,2.69,103.1,62,321,0.257,44,6.9,84,110,96.1,103.0,73.14,28,0.078,3239,96.1,7.1,419,0.383,391,87.77,10.1,45,0.139,15.7,103.0,157,62,419,27.2,6.3,0.046,0.009,83,141,0.475,87.77,14,56,33,52,0.511,84,405,87.71,96.0,109,102,31,6.9,96,7.0,0.355,0.429,2.0,28.0,287.0,4.0,0.387,7.0,248,0.378,74.0,102.0,10.0,17.0,68,0.548,0.0,0.0,0.412,0.4,124,3.0,0.376,0.372,2.0,43.0,15.0,83.0,18.0,0.4,0.2,172.0,0.537,120.0,0.0,0.0,5.0,0.0,0.0,221.0,0.0,48.0,72,MIA,55.0,1.0,134,64.0,0.327,0.349,Texas-El Paso,195,1,72.0,14,USA,1989,1999
100,Tim Legler,Tim,1610612764,WAS,32.0,30,8,22,0.267,376.9716666666667,51,115,0.443,14,35,0.4,3,6,0.5,8,32,40,21,14,4,3,8,42,0,119,6,205.5,0,0,208.0,287,321,294,373,295,278,286,160,127,144,38,378,372,366,330,311,322,281,322,346,291,156,148,130,286,170,320,174,12,311,1,314,281,195,9.2,0.153,93,1.5,94.8,200,292,0.149,330,-0.1,311,203,94.6,94.5,80.59,131,0.086,763,94.6,-4.2,80,0.091,332,96.71,9.2,329,0.056,3.8,94.5,79,200,80,13.8,1.7,0.051,0.02,321,93,0.504,96.71,242,182,321,289,0.506,311,96,94.44,99.0,63,62,273,-0.1,22,2.0,0.429,0.0,0.0,3.0,28.0,2.0,0.423,3.0,52,0.75,4.0,12.0,4.0,7.0,12,0.5,0.0,0.0,0.286,0.5,24,0.0,0.421,0.364,0.0,11.0,6.0,8.0,3.0,0.382,0.0,22.0,0.52,34.0,0.0,0.0,0.0,0.0,0.0,19.0,0.0,13.0,13,WAS,4.0,0.0,25,8.0,0.75,0.545,La Salle,220,Undrafted,76.0,Undrafted,USA,Undrafted,1999
1501,Tim Thomas,Tim,1610612749,MIL,22.0,50,26,24,0.52,813.2666666666667,132,279,0.473,21,68,0.309,73,112,0.652,49,77,126,46,46,26,12,22,107,0,358,-28,646.2,0,0,627.0,1,106,337,207,207,166,174,93,106,102,138,145,126,300,136,223,195,200,194,197,163,304,313,130,160,286,199,174,12,189,2,193,214,90,10.9,0.212,342,1.0,99.7,284,225,0.209,145,-3.6,169,331,102.7,99.2,76.26,212,0.104,1564,102.7,-3.4,267,0.1,167,91.51,10.8,136,0.084,5.6,99.2,70,284,267,10.8,2.6,0.085,0.065,174,342,0.511,91.51,222,246,226,273,0.545,169,273,91.12,103.1,145,152,196,-3.6,23,4.0,0.327,0.286,0.0,13.0,52.0,2.0,0.365,7.0,63,0.406,32.0,17.0,9.0,16.0,75,0.647,0.0,0.0,0.25,0.222,116,2.0,0.258,0.342,2.0,25.0,11.0,8.0,12.0,0.387,0.0,38.0,0.623,31.0,0.0,1.0,0.0,0.0,0.0,31.0,0.0,12.0,76,MIL,29.0,0.0,122,13.0,0.414,0.44,Villanova,230,1,82.0,7,USA,1997,1999
1753,Toby Bailey,Toby,1610612756,PHX,23.0,27,16,11,0.593,248.685,34,86,0.395,1,5,0.2,9,13,0.692,24,30,54,13,11,9,2,6,24,0,78,-36,184.3,0,0,168.0,300,225,113,129,329,310,307,299,215,236,217,336,345,264,238,316,295,313,343,297,318,130,103,130,320,304,327,174,12,328,1,124,305,367,9.5,0.185,329,1.18,97.4,329,155,0.179,238,-6.6,288,359,102.3,95.7,78.17,178,0.13,484,102.3,-7.3,158,0.083,77,93.81,9.5,244,0.062,3.2,95.7,347,329,158,11.2,1.3,0.11,0.091,244,329,0.401,93.81,262,238,310,331,0.425,288,225,91.84,104.7,80,80,314,-6.6,11,0.0,0.25,0.0,,1.0,4.0,0.0,0.324,0.0,34,0.1,10.0,1.0,1.0,1.0,21,0.568,,,0.0,0.0,37,0.0,0.222,0.0,,10.0,3.0,2.0,0.0,0.364,0.0,1.0,0.568,22.0,,,0.0,,,9.0,,8.0,21,PHX,7.0,0.0,37,0.0,0.0,0.3,UCLA,213,2,78.0,45,USA,1998,1999
957,Todd Fuller,Todd,1610612762,UTA,24.0,42,30,12,0.714,464.3183333333333,56,124,0.452,0,0,0.0,30,50,0.6,28,73,101,6,27,6,14,16,60,0,142,-15,305.2,0,0,289.0,197,64,123,44,273,270,277,137,255,339,255,252,232,332,212,228,225,349,265,324,140,261,183,130,273,256,280,174,12,278,1,120,317,258,15.1,0.175,157,0.22,96.4,211,100,0.173,272,-0.4,273,162,96.6,96.2,76.24,388,0.156,879,96.6,-1.5,271,0.023,160,91.49,14.9,265,0.06,3.0,96.2,215,211,271,3.3,1.3,0.114,0.067,283,157,0.452,91.49,397,397,312,228,0.486,273,289,90.87,97.8,339,343,305,-0.4,18,0.0,0.0,0.0,0.0,3.0,0.0,0.0,0.383,0.0,47,0.167,18.0,0.0,0.0,0.0,35,0.593,0.0,0.0,0.0,0.0,59,0.0,0.875,0.0,0.0,18.0,6.0,7.0,4.0,0.182,0.0,0.0,0.565,22.0,0.0,0.0,0.0,0.0,0.0,8.0,0.0,4.0,35,UTA,14.0,0.0,62,0.0,0.286,0.333,North Carolina State,255,1,83.0,11,USA,1996,1999
339,Tom Gugliotta,Tom,1610612756,PHX,29.0,43,23,20,0.535,1562.02,277,573,0.483,2,7,0.286,173,218,0.794,131,250,381,121,88,59,21,42,111,2,729,96,1519.7,14,0,1393.0,188,138,262,190,58,36,51,71,203,222,165,33,39,126,24,30,24,74,74,50,98,408,323,15,37,62,40,23,12,42,1,82,45,91,10.0,0.223,286,1.38,104.7,116,88,0.22,108,3.5,51,239,100.8,104.3,77.48,155,0.163,3021,100.8,4.9,192,0.134,96,92.97,10.0,97,0.133,13.3,104.3,125,116,192,13.7,6.4,0.125,0.086,46,286,0.485,92.97,159,186,46,86,0.545,51,143,93.23,99.9,94,98,27,3.5,112,1.0,0.25,1.0,2.0,29.0,4.0,0.0,0.412,1.0,272,0.341,85.0,1.0,0.0,1.0,134,0.641,0.0,0.0,1.0,0.0,209,1.0,0.556,0.0,2.0,106.0,43.0,10.0,24.0,0.403,0.0,2.0,0.617,149.0,0.0,0.0,0.0,0.0,0.0,18.0,0.0,60.0,140,PHX,69.0,0.0,227,0.0,0.348,0.406,North Carolina State,240,1,82.0,6,USA,1992,1999
67,Tom Hammonds,Tom,1610612750,MIN,32.0,49,25,24,0.51,713.935,82,179,0.458,0,0,0.0,48,75,0.64,54,82,136,20,32,8,7,19,88,3,212,-1,418.2,0,0,398.0,84,113,337,217,230,224,239,123,255,339,255,199,195,307,120,211,179,283,245,309,232,281,257,6,232,194,252,174,12,250,1,171,289,211,12.1,0.154,133,0.63,96.0,199,180,0.149,329,-0.1,285,147,95.8,95.8,76.59,317,0.12,1367,95.8,-1.2,245,0.047,146,91.91,12.1,328,0.056,3.7,95.8,199,199,245,7.6,1.7,0.094,0.071,293,133,0.458,91.91,354,330,320,217,0.5,285,274,91.09,97.3,209,211,275,-0.1,14,0.0,0.0,0.0,0.0,24.0,0.0,0.0,0.359,0.0,39,0.393,61.0,0.0,0.0,0.0,44,0.557,0.0,0.0,0.0,0.0,79,0.0,0.0,0.0,0.0,24.0,10.0,0.0,19.0,0.267,0.0,0.0,0.563,15.0,0.0,0.0,0.0,0.0,0.0,1.0,0.0,4.0,49,MIN,52.0,0.0,87,0.0,0.365,0.417,Georgia Tech,225,1,81.0,9,USA,1989,1999
389,Toni Kukoc,Toni,1610612741,CHI,30.0,44,13,31,0.295,1656.2733333333333,315,749,0.421,39,136,0.287,159,215,0.74,65,245,310,235,121,49,11,42,82,0,828,-160,1611.5,12,0,1532.0,177,264,404,357,42,20,20,231,64,55,164,41,40,191,99,32,53,23,31,71,176,408,246,130,25,414,28,31,12,28,1,162,13,240,10.1,0.275,242,1.94,93.3,310,101,0.272,33,-5.3,312,169,99.8,94.5,74.05,75,0.156,3067,99.8,-5.0,385,0.305,234,88.85,10.1,29,0.152,17.0,94.5,229,310,385,19.6,7.2,0.096,0.039,350,242,0.447,88.85,39,112,26,299,0.491,312,335,90.1,98.3,104,104,20,-5.3,120,9.0,0.259,0.5,0.0,34.0,116.0,5.0,0.366,8.0,328,0.351,97.0,30.0,12.0,20.0,122,0.649,0.0,0.0,0.45,0.417,188,4.0,0.401,0.167,1.0,108.0,31.0,61.0,34.0,0.371,0.0,54.0,0.633,151.0,0.0,0.0,0.0,0.0,0.0,152.0,0.0,56.0,124,CHI,87.0,0.0,196,9.0,0.391,0.287,None,232,2,83.0,29,Croatia,1990,1999
1499,Tony Battie,Tony,1610612738,BOS,23.0,50,19,31,0.38,1119.8033333333333,147,283,0.519,0,3,0.0,41,61,0.672,96,204,300,53,45,29,71,8,159,1,335,10,1029.5,5,0,888.0,1,185,404,309,149,145,173,33,255,257,255,218,210,287,57,54,56,184,197,179,18,156,418,45,173,156,108,69,12,125,1,59,212,103,11.0,0.143,98,1.18,96.7,164,42,0.14,358,1.5,272,95,94.7,96.3,78.85,179,0.184,2195,94.7,1.3,126,0.077,105,94.62,11.0,354,0.108,5.7,96.3,54,164,126,13.0,2.9,0.134,0.084,270,98,0.519,94.62,275,199,115,165,0.541,272,111,94.06,95.4,158,157,177,1.5,53,0.0,0.0,0.0,0.0,18.0,3.0,0.0,0.427,0.0,124,0.353,51.0,0.0,0.0,0.0,76,0.724,0.0,0.0,0.0,0.0,105,0.0,0.0,0.0,0.0,79.0,32.0,0.0,21.0,0.432,,3.0,0.703,37.0,0.0,0.0,,0.0,0.0,2.0,0.0,16.0,78,BOS,51.0,,111,0.0,0.412,0.405,Texas Tech,240,1,83.0,5,USA,1997,1999
960,Tony Delk,Tony,1610612744,GSW,25.0,36,15,21,0.417,630.1366666666667,92,253,0.364,16,66,0.242,46,71,0.648,11,43,54,95,45,16,6,13,47,0,246,-116,474.3,0,0,455.0,246,237,277,288,243,213,193,360,118,106,203,205,200,302,316,283,295,109,197,254,251,235,160,130,211,402,232,174,12,230,1,377,173,362,10.6,0.227,237,2.11,91.1,367,364,0.219,95,-9.7,374,305,99.6,89.9,79.0,57,0.064,1247,99.6,-10.9,123,0.276,367,94.8,10.6,101,0.077,7.0,89.9,356,367,123,22.4,2.6,0.039,0.015,373,237,0.395,94.8,53,90,252,374,0.433,374,152,93.05,102.0,133,131,200,-9.7,43,1.0,0.259,0.0,3.0,10.0,58.0,1.0,0.406,2.0,106,0.357,28.0,15.0,3.0,5.0,23,0.434,0.0,0.0,0.2,0.333,53,0.0,0.364,0.182,3.0,31.0,11.0,16.0,7.0,0.409,0.0,33.0,0.439,66.0,0.0,0.0,0.0,0.0,0.0,44.0,0.0,27.0,25,GSW,19.0,0.0,57,6.0,0.368,0.355,Kentucky,192,1,74.0,16,USA,1996,1999
763,Tony Massenburg,Tony,1610612763,VAN,31.0,43,7,36,0.163,1147.295,189,388,0.487,0,2,0.0,103,155,0.665,83,174,257,23,64,26,39,36,108,0,481,-204,954.9,2,0,891.0,188,333,421,406,142,90,115,65,255,269,255,94,79,295,72,78,75,268,141,197,51,388,319,130,104,422,123,102,12,124,1,103,108,137,11.8,0.208,389,0.36,95.4,368,87,0.206,155,-9.7,265,364,106.2,96.4,76.3,368,0.163,2193,106.2,-9.7,264,0.039,133,91.56,11.7,141,0.097,9.0,96.4,120,368,264,4.2,4.4,0.118,0.075,310,389,0.487,91.56,373,389,155,362,0.527,265,180,92.55,105.1,193,194,87,-9.7,35,0.0,0.0,0.0,0.0,47.0,2.0,0.0,0.34,0.0,103,0.427,110.0,0.0,0.0,0.0,107,0.618,0.0,0.0,0.0,0.0,173,0.0,0.0,0.0,0.0,53.0,19.0,0.0,46.0,0.308,0.0,0.0,0.593,39.0,0.0,1.0,0.0,0.0,0.0,1.0,0.0,12.0,112,VAN,105.0,0.0,189,0.0,0.438,0.358,Maryland,250,2,81.0,43,USA,1990,1999
1503,Tracy McGrady,Tracy,1610612761,TOR,20.0,49,23,26,0.469,1102.8283333333334,168,385,0.436,8,35,0.229,114,157,0.726,120,158,278,113,80,52,66,26,94,0,458,-29,1235.1,6,0,1093.0,84,138,358,258,155,121,118,180,157,144,208,77,76,209,30,89,66,88,90,62,19,337,275,130,113,288,71,58,12,81,1,80,139,202,12.4,0.214,312,1.41,101.4,237,116,0.209,139,-1.3,139,320,101.7,100.4,78.11,150,0.147,2153,101.7,-1.4,162,0.187,48,93.73,12.3,134,0.13,7.9,100.4,228,237,162,17.4,3.4,0.126,0.106,130,312,0.447,93.73,110,136,51,226,0.504,139,171,92.71,102.8,226,230,143,-1.3,35,4.0,0.167,0.5,1.0,24.0,24.0,3.0,0.361,2.0,97,0.358,67.0,4.0,8.0,10.0,101,0.543,0.0,0.0,0.4,0.375,186,1.0,0.361,0.25,3.0,31.0,10.0,13.0,22.0,0.381,0.0,12.0,0.52,42.0,0.0,2.0,2.0,0.0,0.0,36.0,0.0,16.0,104,TOR,57.0,0.0,200,3.0,0.386,0.323,None,210,1,80.0,9,USA,1997,1999
145,Tracy Murray,Tracy,1610612764,WAS,27.0,36,14,22,0.389,651.9833333333333,83,237,0.35,33,103,0.32,34,42,0.81,18,63,81,27,29,21,6,10,65,0,233,-40,422.7,0,0,428.0,246,245,294,303,241,222,200,374,79,73,123,237,254,108,270,241,259,252,256,224,251,188,201,130,221,308,251,174,12,239,1,261,183,326,9.3,0.197,288,0.93,97.1,300,232,0.192,191,-4.7,278,322,100.9,96.2,79.05,242,0.102,1299,100.9,-5.8,117,0.07,293,94.86,9.3,191,0.054,6.6,96.2,318,300,117,8.7,2.3,0.062,0.026,257,288,0.42,94.86,298,303,327,307,0.456,278,132,93.47,102.9,65,66,219,-4.7,33,12.0,0.309,0.429,0.0,3.0,68.0,6.0,0.32,14.0,103,0.333,9.0,21.0,20.0,34.0,14,0.609,0.0,0.0,0.353,0.3,23,6.0,0.357,0.32,0.0,16.0,3.0,25.0,5.0,0.292,0.0,50.0,0.577,65.0,0.0,0.0,0.0,0.0,0.0,70.0,0.0,19.0,15,WAS,10.0,0.0,26,16.0,0.5,0.188,UCLA,228,1,79.0,18,USA,1992,1999
696,Travis Best,Travis,1610612754,IND,26.0,49,33,16,0.673,1043.8966666666668,127,305,0.416,22,59,0.373,70,83,0.843,19,61,80,169,62,42,4,18,111,1,346,0,771.5,0,0,709.0,84,22,192,67,168,171,160,243,104,116,78,152,175,57,265,247,261,51,144,108,277,276,323,45,169,189,166,174,12,177,1,360,195,193,10.8,0.188,244,2.73,101.6,177,367,0.184,222,1.0,132,218,99.8,100.8,73.9,23,0.064,1919,99.8,2.2,390,0.308,335,88.68,10.8,226,0.099,6.2,100.8,214,177,390,29.4,2.6,0.041,0.019,126,244,0.452,88.68,37,38,150,139,0.507,132,386,88.54,99.3,144,140,198,1.0,65,0.0,0.407,0.0,0.0,7.0,54.0,0.0,0.414,4.0,157,0.28,25.0,22.0,1.0,5.0,33,0.516,0.0,0.0,0.0,0.0,64,0.0,0.458,0.412,2.0,30.0,12.0,27.0,4.0,0.378,,34.0,0.522,90.0,0.0,0.0,,0.0,0.0,59.0,0.0,34.0,36,IND,21.0,,69,14.0,0.19,0.4,Georgia Tech,182,1,71.0,23,USA,1995,1999
969,Travis Knight,Travis,1610612747,LAL,24.0,37,24,13,0.649,528.5766666666667,67,130,0.515,0,1,0.0,22,29,0.759,34,94,128,31,35,21,27,2,108,0,156,13,465.1,1,0,411.0,238,128,134,93,262,250,272,35,255,288,255,278,295,153,184,183,193,236,232,224,75,62,319,130,267,150,236,125,12,246,1,87,294,83,16.8,0.15,313,0.89,104.7,138,58,0.147,339,2.6,48,341,101.8,104.4,80.37,251,0.173,1055,101.8,0.9,86,0.087,155,96.44,16.8,335,0.07,3.5,104.4,59,138,86,14.9,1.8,0.123,0.068,45,313,0.515,96.44,251,166,282,178,0.546,48,73,95.3,103.8,376,374,262,2.6,28,0.0,0.0,0.0,0.0,2.0,1.0,0.0,0.394,0.0,71,0.286,7.0,0.0,0.0,0.0,37,0.725,0.0,0.0,0.0,0.0,51,0.0,0.471,0.0,1.0,15.0,7.0,8.0,1.0,0.341,0.0,0.0,0.725,41.0,0.0,0.0,0.0,0.0,0.0,17.0,0.0,14.0,37,LAL,5.0,0.0,51,0.0,0.2,0.467,Connecticut,235,1,84.0,29,USA,1996,1999
1576,Travis Williams,Travis,1610612766,CHH,30.0,8,0,8,0.0,63.105,6,13,0.462,0,0,0.0,3,4,0.75,6,13,19,2,6,2,1,2,10,0,15,-31,43.8,0,0,42.0,382,423,85,423,380,375,388,115,255,339,255,378,380,170,348,355,358,375,371,370,339,62,64,130,379,295,377,174,12,378,1,57,388,186,26.4,0.146,32,0.33,70.8,419,32,0.141,350,-21.8,431,36,89.5,67.7,83.35,369,0.194,130,89.5,-21.0,36,0.071,114,100.02,26.1,353,0.084,1.6,67.7,192,419,36,8.7,0.8,0.136,0.082,432,32,0.462,100.02,294,302,230,416,0.508,431,45,96.54,91.8,423,424,368,-21.8,0,0.0,0.0,,,1.0,0.0,0.0,0.0,,3,0.5,2.0,0.0,0.0,0.0,5,0.625,,,0.0,0.0,8,,0.0,0.0,,3.0,1.0,0.0,0.0,0.0,0.0,0.0,0.625,1.0,,,0.0,,,0.0,,0.0,5,CHH,1.0,0.0,8,0.0,0.0,0.333,South Carolina State,215,Undrafted,78.0,Undrafted,USA,Undrafted,1999
1868,Trevor Winter,Trevor,1610612750,MIN,25.0,1,0,1,0.0,4.9,0,0,0.0,0,0,0.0,0,0,0.0,1,2,3,0,0,0,0,0,5,0,0,-2,3.6,0,0,3.0,431,423,9,423,429,428,438,428,255,339,255,411,415,411,403,398,408,408,426,401,376,1,43,130,432,204,426,174,12,429,1,401,438,432,0.0,0.0,430,0.0,112.6,353,408,0.0,439,-8.9,7,432,120.0,111.1,77.55,404,0.0,9,120.0,-21.3,187,0.0,403,93.06,0.0,439,-0.167,0.0,111.1,428,353,187,0.0,0.0,0.0,0.0,12,430,0.0,93.06,408,408,431,417,0.0,7,415,87.38,133.9,1,1,428,-8.9,0,,0.0,,,0.0,0.0,,0.0,,0,0.0,0.0,0.0,,,0,0.0,,,,,0,,0.0,0.0,,0.0,0.0,0.0,0.0,0.0,,0.0,0.0,0.0,,,,,,0.0,,0.0,0,MIN,0.0,,0,0.0,0.0,0.0,Minnesota,275,Undrafted,84.0,Undrafted,USA,Undrafted,1999
1607,Troy Hudson,Troy,1610612746,LAC,23.0,25,6,19,0.24,524.0766666666667,60,150,0.4,15,47,0.319,34,38,0.895,15,40,55,92,38,11,2,10,28,0,169,-68,374.0,2,0,357.0,311,348,245,384,263,264,259,287,124,126,127,237,268,27,290,291,294,112,219,286,318,188,111,130,257,361,263,102,12,261,1,301,201,190,12.8,0.176,385,2.42,98.8,328,299,0.173,271,-6.5,176,385,105.6,99.0,76.94,36,0.084,1007,105.6,-7.5,224,0.286,284,92.32,12.8,267,0.101,6.0,99.0,217,328,224,31.0,2.4,0.054,0.028,202,385,0.45,92.32,50,33,141,333,0.507,176,207,92.08,106.3,252,251,212,-6.5,17,1.0,0.318,1.0,2.0,5.0,44.0,0.0,0.405,1.0,42,0.294,17.0,14.0,0.0,1.0,23,0.523,0.0,0.0,1.0,0.0,44,1.0,0.545,0.303,5.0,8.0,1.0,12.0,4.0,0.417,0.0,33.0,0.511,24.0,0.0,0.0,1.0,0.0,0.0,22.0,0.0,10.0,23,LAC,12.0,0.0,45,10.0,0.333,0.125,Southern Illinois,170,Undrafted,73.0,Undrafted,USA,Undrafted,1999
895,Tyrone Corbin,Tyrone,1610612737,ATL,36.0,47,30,17,0.638,1069.1266666666668,131,334,0.392,38,119,0.319,52,80,0.65,37,108,145,43,43,31,7,7,74,0,352,90,661.5,0,0,654.0,140,64,209,99,161,169,146,306,66,62,126,192,179,301,162,156,161,205,207,168,232,144,221,130,165,68,193,174,12,186,1,243,168,278,9.4,0.179,62,1.0,96.3,106,228,0.174,260,4.0,262,50,92.7,96.7,73.41,212,0.103,1968,92.7,3.7,408,0.08,257,88.09,9.5,262,0.085,7.1,96.7,221,106,408,9.5,2.8,0.067,0.033,290,62,0.449,88.09,270,277,219,110,0.477,262,390,88.38,92.6,79,78,188,4.0,50,1.0,0.33,0.0,0.0,8.0,112.0,1.0,0.35,2.0,143,0.471,17.0,37.0,5.0,7.0,35,0.636,0.0,0.0,0.143,0.2,55,0.0,0.348,0.364,1.0,19.0,6.0,31.0,4.0,0.345,0.0,66.0,0.621,87.0,0.0,1.0,0.0,0.0,0.0,89.0,0.0,30.0,36,ATL,13.0,0.0,58,24.0,0.308,0.316,DePaul,225,2,78.0,35,USA,1985,1999
238,Tyrone Hill,Tyrone,1610612755,PHI,31.0,38,21,17,0.553,1108.6583333333333,122,268,0.455,0,0,0.0,81,150,0.54,115,172,287,35,59,34,16,24,145,0,325,-31,812.9,8,0,747.0,227,161,209,167,153,176,182,126,255,339,255,122,84,358,36,80,60,226,153,152,124,316,397,130,176,295,160,48,12,165,2,62,171,257,13.8,0.165,156,0.59,96.3,209,83,0.164,304,-0.3,271,117,96.6,96.3,74.45,324,0.166,2051,96.6,0.0,374,0.056,53,89.34,13.7,296,0.074,7.1,96.3,205,209,374,8.1,3.2,0.133,0.103,289,156,0.455,89.34,327,319,265,193,0.487,271,350,89.52,96.3,299,301,160,-0.3,16,0.0,0.0,0.0,0.0,21.0,0.0,0.0,0.291,0.0,55,0.339,62.0,0.0,0.0,0.0,85,0.563,0.0,0.0,0.0,0.0,151,0.0,0.0,0.0,0.0,33.0,10.0,0.0,18.0,0.263,0.0,0.0,0.527,19.0,0.0,0.0,0.0,0.0,0.0,0.0,0.0,5.0,89,PHI,47.0,0.0,169,0.0,0.383,0.303,Xavier,250,1,81.0,11,USA,1990,1999
1838,Tyrone Nesby,Tyrone,1610612746,LAC,23.0,50,9,41,0.18,1286.4283333333333,182,405,0.449,35,96,0.365,104,133,0.782,57,118,175,82,53,77,20,20,143,0,503,-149,1074.0,2,0,989.0,1,304,434,401,107,101,107,145,72,81,85,93,104,136,114,140,126,122,171,25,101,291,393,130,93,411,94,102,12,98,1,224,130,98,8.9,0.183,394,1.55,100.0,316,237,0.178,244,-6.2,146,386,106.4,100.2,76.76,127,0.1,2470,106.4,-6.4,237,0.109,218,92.11,8.9,248,0.095,8.1,100.2,111,316,237,13.8,3.6,0.07,0.044,165,394,0.493,92.11,200,184,165,320,0.543,146,203,92.2,106.4,53,54,127,-6.2,43,8.0,0.342,0.571,0.0,20.0,79.0,4.0,0.347,7.0,124,0.465,43.0,27.0,10.0,17.0,84,0.592,0.0,0.0,0.471,0.4,142,4.0,0.364,0.339,0.0,29.0,7.0,28.0,18.0,0.407,1.0,56.0,0.596,54.0,0.0,0.0,1.0,0.0,0.0,77.0,0.0,22.0,87,LAC,42.0,1.0,146,19.0,0.429,0.241,UNLV,225,Undrafted,78.0,Undrafted,USA,Undrafted,1999
1731,Tyronn Lue,Tyronn,1610612747,LAL,22.0,15,7,8,0.467,189.98166666666665,28,65,0.431,7,16,0.438,12,21,0.571,1,4,5,25,11,5,0,6,28,0,75,-1,122.5,0,0,122.0,358,333,85,260,341,327,324,199,165,190,18,325,317,341,403,389,397,258,343,328,376,130,111,130,325,194,342,174,12,340,1,399,255,197,10.0,0.199,403,2.27,109.2,215,406,0.192,183,-0.5,23,399,107.1,106.5,80.32,46,0.021,382,107.1,1.7,88,0.207,401,96.39,10.0,191,0.042,4.3,106.5,126,215,88,22.7,1.9,0.013,0.005,15,403,0.485,96.39,87,87,355,156,0.505,23,77,95.05,107.5,96,95,254,-0.5,6,1.0,0.462,0.0,1.0,1.0,13.0,1.0,0.353,1.0,17,0.143,7.0,6.0,1.0,2.0,14,0.56,0.0,0.0,0.5,1.0,25,0.0,0.267,0.667,1.0,3.0,0.0,4.0,1.0,0.5,,6.0,0.538,10.0,0.0,0.0,,0.0,0.0,15.0,0.0,5.0,14,LAL,4.0,,26,4.0,0.25,0.0,Nebraska,175,1,72.0,23,USA,1998,1999
1755,Tyson Wheeler,Tyson,1610612743,DEN,23.0,1,0,1,0.0,3.1333333333333333,1,1,1.0,1,1,1.0,1,2,0.5,0,0,0,2,0,0,0,0,1,0,4,4,7.0,0,0,7.0,431,423,9,423,436,413,427,1,215,288,1,403,396,366,415,423,427,375,426,401,376,1,13,130,410,176,417,174,12,415,1,401,412,1,0.0,0.32,426,0.0,204.1,2,408,0.333,11,85.7,1,435,114.3,200.0,82.98,404,0.0,6,114.3,62.2,41,0.667,403,99.57,0.0,4,0.229,1.0,200.0,1,2,41,50.0,1.0,0.0,0.0,1,426,1.5,99.57,2,2,4,3,1.064,1,394,88.24,141.8,1,1,339,85.7,0,1.0,0.0,1.0,,0.0,0.0,,0.0,1.0,0,0.0,0.0,0.0,,1.0,0,0.0,,,1.0,,0,1.0,1.0,,,,,1.0,0.0,0.0,,,0.0,0.0,,,,,,1.0,,0.0,0,DEN,0.0,,0,,0.0,,Rhode Island,165,2,70.0,47,USA,1998,1999
137,Vernon Maxwell,Vernon,1610612758,SAC,33.0,46,25,21,0.543,1008.1566666666666,164,421,0.39,80,231,0.346,84,114,0.737,13,72,85,76,67,30,3,9,112,4,492,56,740.0,0,0,799.0,158,113,277,176,177,129,95,310,12,11,101,118,123,194,303,229,248,136,129,170,291,175,329,1,98,90,177,174,12,147,1,365,105,151,10.9,0.234,284,1.13,103.4,137,357,0.23,80,2.7,71,268,100.8,103.5,80.38,193,0.068,2027,100.8,2.8,85,0.129,378,96.46,10.9,78,0.069,9.2,103.5,127,137,85,12.4,3.6,0.04,0.013,73,284,0.485,96.46,167,213,285,123,0.522,71,46,96.53,100.7,153,146,132,2.7,18,22.0,0.354,0.233,0.0,9.0,164.0,15.0,0.321,30.0,56,0.29,31.0,58.0,37.0,67.0,57,0.553,0.0,0.0,0.328,0.405,103,7.0,0.307,0.39,1.0,13.0,4.0,43.0,6.0,0.412,0.0,100.0,0.527,34.0,0.0,1.0,1.0,0.0,0.0,140.0,0.0,14.0,58,SAC,21.0,0.0,110,39.0,0.286,0.308,Florida,190,2,76.0,47,USA,1988,1999
452,Vin Baker,Vin,1610612760,SEA,27.0,34,18,16,0.529,1162.2583333333334,198,437,0.453,0,3,0.0,72,160,0.45,86,125,211,56,76,32,34,33,121,3,468,56,927.2,4,0,867.0,265,201,192,195,139,84,90,132,255,257,255,146,73,392,70,132,103,176,102,164,61,379,352,6,109,90,129,79,12,130,1,175,49,316,11.9,0.233,262,0.74,102.8,108,208,0.231,81,3.7,57,261,100.2,103.9,74.48,289,0.111,2152,100.2,2.4,371,0.086,128,89.37,11.8,74,0.063,12.9,103.9,211,108,371,8.7,5.8,0.094,0.077,92,262,0.453,89.37,254,301,307,132,0.461,57,344,89.84,100.3,198,200,42,3.7,69,0.0,0.0,0.0,1.0,21.0,2.0,0.0,0.401,0.0,172,0.212,99.0,0.0,0.0,0.0,108,0.663,0.0,0.0,0.0,0.0,163,0.0,0.579,0.0,1.0,45.0,12.0,11.0,20.0,0.386,0.0,1.0,0.597,114.0,0.0,0.0,1.0,0.0,0.0,19.0,0.0,44.0,111,SEA,70.0,0.0,186,0.0,0.286,0.267,Hartford,250,1,83.0,8,USA,1993,1999
1713,Vince Carter,Vince,1610612761,TOR,22.0,50,23,27,0.46,1760.9483333333333,345,766,0.45,19,66,0.288,204,268,0.761,94,189,283,149,110,55,77,40,139,1,913,45,1762.1,6,0,1628.0,1,138,367,264,29,16,16,141,112,106,163,19,20,150,61,68,64,56,43,59,15,402,386,45,18,108,21,58,12,21,1,201,23,168,9.6,0.257,226,1.35,99.9,169,210,0.253,49,1.2,138,192,99.2,100.4,75.82,159,0.111,3340,99.2,1.2,295,0.164,195,90.99,9.6,48,0.128,15.3,100.4,186,169,295,13.0,6.9,0.081,0.053,169,226,0.463,90.99,133,198,55,171,0.516,138,246,91.48,98.7,83,83,22,1.2,125,3.0,0.291,0.286,2.0,63.0,55.0,1.0,0.374,7.0,334,0.467,135.0,16.0,2.0,9.0,138,0.597,0.0,0.0,0.333,0.5,231,2.0,0.458,0.258,3.0,136.0,45.0,27.0,62.0,0.361,0.0,31.0,0.588,155.0,0.0,0.0,2.0,0.0,0.0,59.0,0.0,56.0,147,TOR,130.0,0.0,250,8.0,0.477,0.331,North Carolina,215,1,79.0,5,USA,1998,1999
219,Vinny Del Negro,Vinny,1610612749,MIL,32.0,48,27,21,0.563,1096.3366666666666,114,270,0.422,13,30,0.433,40,50,0.8,14,88,102,174,55,33,3,5,62,0,281,-14,717.4,0,0,642.0,114,87,277,153,158,183,181,223,132,156,20,219,232,116,296,198,221,46,165,159,291,118,191,130,193,251,182,174,12,187,1,325,213,268,10.6,0.154,279,3.16,100.2,242,295,0.151,325,-1.5,170,264,100.7,99.2,73.5,9,0.085,2023,100.7,-0.3,405,0.269,372,88.2,10.5,324,0.1,5.6,99.2,231,242,405,33.3,2.4,0.05,0.014,158,279,0.446,88.2,58,22,145,196,0.481,170,403,87.8,100.5,127,128,214,-1.5,72,1.0,0.462,0.333,0.0,11.0,26.0,0.0,0.421,3.0,171,0.355,31.0,12.0,1.0,4.0,18,0.474,0.0,0.0,0.25,0.0,38,1.0,0.472,0.444,0.0,67.0,26.0,17.0,6.0,0.429,0.0,18.0,0.474,91.0,0.0,0.0,0.0,0.0,0.0,36.0,0.0,39.0,18,MIL,20.0,0.0,38,8.0,0.3,0.388,North Carolina State,185,2,76.0,29,USA,1988,1999
958,Vitaly Potapenko,Vitaly,1610612738,BOS,24.0,50,20,30,0.4,1394.8666666666666,204,412,0.495,0,1,0.0,91,155,0.587,114,218,332,75,100,35,36,32,169,1,499,3,1122.9,6,0,1048.0,1,173,399,296,86,81,102,56,255,288,255,103,79,338,39,48,49,138,53,144,57,375,432,45,96,179,87,58,12,89,2,77,124,158,15.3,0.195,201,0.75,98.8,179,78,0.193,197,0.9,163,212,98.5,99.4,75.71,287,0.168,2629,98.5,-0.4,305,0.095,94,90.85,15.2,187,0.089,8.2,99.4,102,179,305,11.4,4.1,0.127,0.087,201,201,0.495,90.85,230,235,195,200,0.52,163,298,90.75,99.2,346,348,100,0.9,45,0.0,0.0,0.0,0.0,49.0,1.0,0.0,0.417,0.0,108,0.485,101.0,0.0,0.0,0.0,110,0.545,0.0,0.0,0.0,0.0,202,0.0,0.333,0.0,0.0,80.0,34.0,1.0,38.0,0.393,0.0,0.0,0.513,28.0,0.0,0.0,1.0,0.0,0.0,3.0,0.0,11.0,120,BOS,66.0,0.0,234,0.0,0.576,0.425,Wright State,280,1,82.0,12,Ukraine,1996,1999
124,Vlade Divac,Vlade,1610612758,SAC,31.0,50,27,23,0.54,1756.225,262,557,0.47,11,43,0.256,179,255,0.702,140,361,501,215,131,44,51,46,166,2,714,24,1791.7,20,1,1631.0,1,87,315,180,30,42,53,101,143,132,197,30,22,248,19,7,9,29,24,96,35,417,429,15,41,133,18,15,3,20,1,67,67,118,12.9,0.194,231,1.64,99.9,181,39,0.193,201,0.9,142,190,99.4,100.3,81.95,111,0.187,3594,99.4,1.2,54,0.19,138,98.34,12.8,185,0.129,11.1,100.3,137,181,54,21.1,5.2,0.131,0.074,168,231,0.48,98.34,106,99,52,170,0.533,142,28,98.91,98.7,255,257,54,0.9,61,1.0,0.25,0.333,1.0,47.0,36.0,0.0,0.377,3.0,162,0.409,115.0,9.0,2.0,5.0,144,0.605,0.0,0.0,0.2,0.0,238,1.0,0.373,0.217,1.0,34.0,13.0,19.0,36.0,0.363,0.0,23.0,0.58,91.0,0.0,0.0,0.0,0.0,0.0,51.0,0.0,33.0,156,SAC,88.0,0.0,269,5.0,0.409,0.382,None,260,1,85.0,26,Serbia,1989,1999
1735,Vladimir Stepania,Vladimir,1610612760,SEA,23.0,23,11,12,0.478,311.0566666666667,53,125,0.424,0,3,0.0,21,40,0.525,27,48,75,12,32,10,23,7,58,2,127,-33,302.0,1,0,280.0,323,279,123,256,313,273,276,219,255,257,255,282,261,362,215,272,268,322,245,291,88,144,177,15,279,300,282,125,12,284,1,106,220,345,17.1,0.244,376,0.38,100.1,296,117,0.238,59,-4.2,137,387,104.6,100.5,79.92,367,0.146,618,104.6,-6.3,100,0.065,95,95.91,17.1,64,0.045,5.4,100.5,304,296,100,6.4,2.3,0.117,0.087,162,376,0.424,95.91,306,352,349,317,0.445,137,74,95.27,106.4,380,380,220,-4.2,21,0.0,0.0,0.0,,4.0,3.0,0.0,0.344,0.0,61,0.182,22.0,0.0,0.0,0.0,28,0.718,,,0.0,0.0,39,0.0,0.25,0.0,0.0,11.0,3.0,4.0,3.0,0.361,,1.0,0.682,36.0,0.0,,,0.0,,16.0,,13.0,30,SEA,17.0,,44,0.0,0.176,0.273,None,236,1,84.0,27,Georgia,1998,1999
702,Voshon Lenard,Voshon,1610612748,MIA,26.0,12,8,4,0.667,188.17333333333335,31,79,0.392,12,35,0.343,8,11,0.727,4,12,16,10,7,3,1,4,18,0,82,-40,121.2,0,0,128.0,368,321,55,73,342,318,314,305,136,144,102,341,353,204,364,358,364,333,364,358,339,104,84,130,315,308,345,174,12,339,1,328,183,247,6.9,0.241,402,1.43,94.3,398,330,0.23,68,-13.1,331,401,106.9,93.8,71.42,147,0.076,338,106.9,-13.5,437,0.115,311,85.71,7.0,77,0.065,6.6,93.8,173,398,437,10.0,2.6,0.049,0.024,328,402,0.468,85.71,185,268,299,394,0.489,331,433,85.14,107.8,28,28,199,-13.1,17,4.0,0.364,0.286,,0.0,22.0,2.0,0.486,7.0,35,0.0,2.0,8.0,6.0,13.0,2,0.286,,,0.308,0.333,7,2.0,0.342,0.538,,7.0,2.0,13.0,0.0,0.5,,13.0,0.286,14.0,,,,,,38.0,,7.0,2,MIA,0.0,,7,7.0,0.0,0.286,Minnesota,205,2,76.0,46,USA,1994,1999
1005,Walt Williams,Walt,1610612757,POR,29.0,48,33,15,0.688,1048.7233333333334,147,347,0.424,63,144,0.438,89,107,0.832,36,107,143,80,63,37,28,10,101,2,446,231,869.6,0,0,862.0,114,22,172,60,167,145,142,220,32,46,18,107,132,75,165,158,163,127,142,131,68,188,298,15,124,15,140,174,12,132,1,233,164,50,11.7,0.196,85,1.27,104.4,25,235,0.193,192,11.1,41,80,93.9,105.0,77.1,170,0.101,2025,93.9,9.8,214,0.132,245,92.52,11.7,186,0.109,7.2,105.0,62,25,214,14.9,3.1,0.068,0.035,50,85,0.514,92.52,163,167,110,32,0.566,41,184,92.51,94.5,192,192,167,11.1,45,32.0,0.383,0.464,0.0,4.0,81.0,19.0,0.417,28.0,108,0.154,26.0,31.0,34.0,62.0,35,0.5,0.0,0.0,0.516,0.559,70,13.0,0.471,0.281,0.0,21.0,6.0,72.0,3.0,0.429,0.0,32.0,0.493,49.0,0.0,0.0,1.0,0.0,0.0,153.0,0.0,21.0,36,POR,18.0,0.0,73,9.0,0.167,0.286,Maryland,230,1,80.0,7,USA,1992,1999
962,Walter McCarty,Walter,1610612738,BOS,25.0,32,10,22,0.313,659.0,64,177,0.362,13,50,0.26,40,57,0.702,36,79,115,40,40,24,13,11,88,0,181,30,450.0,1,0,423.0,275,289,294,350,240,256,241,363,132,121,195,219,220,249,165,219,206,213,215,207,153,208,257,130,252,126,241,125,12,243,1,198,216,340,14.2,0.161,101,1.0,97.1,139,189,0.159,311,2.6,229,108,94.8,97.4,79.94,212,0.116,1315,94.8,1.2,98,0.093,201,95.93,14.2,310,0.049,5.5,97.4,353,139,98,14.2,2.0,0.083,0.051,258,101,0.398,95.93,238,176,340,172,0.448,229,65,95.57,95.9,314,312,242,2.6,22,4.0,0.346,0.214,0.0,6.0,26.0,1.0,0.367,14.0,60,0.286,21.0,9.0,9.0,23.0,23,0.489,0.0,0.0,0.174,0.111,47,3.0,0.184,0.429,0.0,27.0,9.0,7.0,8.0,0.4,0.0,14.0,0.471,25.0,0.0,1.0,0.0,0.0,0.0,38.0,0.0,10.0,24,BOS,21.0,0.0,51,6.0,0.381,0.333,Kentucky,230,1,82.0,19,USA,1996,1999
445,Wesley Person,Wesley,1610612739,CLE,28.0,45,22,23,0.489,1343.14,198,437,0.453,75,200,0.375,32,53,0.604,19,123,142,80,41,37,16,19,52,0,503,-89,911.4,0,0,906.0,170,152,315,249,98,84,90,132,15,20,73,248,227,331,265,133,166,127,211,131,124,281,169,130,93,384,133,174,12,120,1,281,90,84,7.1,0.178,330,1.95,98.1,287,240,0.174,262,-3.7,189,300,102.3,98.6,74.69,74,0.099,2510,102.3,-3.7,354,0.111,363,89.63,7.1,259,0.103,9.7,98.6,36,287,354,13.8,4.4,0.058,0.016,225,330,0.539,89.63,196,183,134,278,0.546,189,334,90.12,101.7,30,29,86,-3.7,69,24.0,0.349,0.4,0.0,14.0,146.0,12.0,0.466,30.0,148,0.378,37.0,51.0,24.0,54.0,40,0.769,0.0,0.0,0.444,0.5,52,12.0,0.381,0.364,0.0,44.0,27.0,56.0,7.0,0.46,0.0,77.0,0.727,87.0,0.0,0.0,0.0,0.0,0.0,147.0,0.0,40.0,40,CLE,27.0,0.0,55,28.0,0.259,0.614,Auburn,195,1,78.0,23,USA,1994,1999
781,Will Perdue,Will,1610612759,SAS,33.0,37,33,4,0.892,446.34166666666664,38,60,0.633,0,0,0.0,14,26,0.538,33,105,138,18,22,9,10,9,63,1,90,22,317.6,0,0,284.0,238,22,55,9,278,300,328,8,255,339,255,316,299,359,188,162,175,291,282,297,191,175,194,45,310,137,277,174,12,281,1,21,390,12,19.7,0.098,65,0.82,99.8,96,12,0.095,427,4.7,217,77,93.0,97.7,78.5,270,0.217,866,93.0,5.4,140,0.064,112,94.21,19.6,426,0.099,1.6,97.7,8,96,140,16.1,1.0,0.156,0.083,172,65,0.633,94.21,310,147,152,79,0.63,217,182,92.53,94.4,398,398,338,4.7,0,0.0,0.0,0.0,0.0,0.0,0.0,0.0,0.0,0.0,0,0.0,6.0,0.0,0.0,0.0,38,0.704,0.0,0.0,0.0,0.0,54,0.0,0.0,0.0,0.0,1.0,0.0,0.0,0.0,0.0,0.0,0.0,0.704,0.0,0.0,0.0,0.0,0.0,0.0,0.0,0.0,0.0,38,SAS,5.0,0.0,54,0.0,0.0,0.0,Vanderbilt,240,1,84.0,11,USA,1988,1999
1061,William Cunningham,William,1610612751,NJN,25.0,16,7,9,0.438,162.81833333333333,3,18,0.167,0,0,0.0,0,2,0.0,13,15,28,1,5,1,11,2,30,1,6,-47,72.1,0,0,59.0,350,333,94,276,349,398,378,423,255,339,255,411,396,411,303,350,339,385,379,385,176,62,118,45,405,326,364,174,12,367,2,203,410,427,20.1,0.067,333,0.2,89.8,399,263,0.065,436,-13.2,381,347,102.5,89.3,78.74,389,0.093,318,102.5,-14.3,130,0.009,149,94.49,20.0,436,-0.036,1.1,89.3,423,399,130,4.0,0.2,0.081,0.07,384,333,0.167,94.49,405,390,416,399,0.159,381,129,93.51,104.1,401,404,425,-13.2,1,0.0,0.0,0.0,,0.0,0.0,0.0,0.125,0.0,8,0.0,3.0,0.0,0.0,0.0,2,0.286,,,0.0,0.0,7,0.0,0.0,0.0,,4.0,1.0,0.0,0.0,0.0,,0.0,0.25,2.0,,,,,,0.0,,0.0,2,NJN,4.0,,8,0.0,0.0,0.25,Temple,240,Undrafted,83.0,Undrafted,USA,Undrafted,1999
416,Willie Burton,Willie,1610612766,CHH,31.0,3,1,2,0.333,18.033333333333335,1,7,0.143,0,1,0.0,2,4,0.5,4,2,6,0,1,0,0,3,2,0,4,3,10.2,0,0,10.0,409,408,25,337,413,413,405,424,255,288,255,388,380,366,364,398,392,408,410,401,376,89,20,130,410,179,411,174,12,411,1,7,349,421,10.2,0.231,21,0.0,96.5,47,183,0.227,84,8.1,308,26,86.5,94.6,82.07,404,0.118,37,86.5,7.2,52,0.0,3,98.48,10.0,83,-0.071,2.3,94.6,424,47,52,0.0,0.3,0.171,0.222,278,21,0.143,98.48,408,408,422,51,0.228,308,56,95.98,89.3,96,118,412,8.1,0,0.0,0.0,0.0,,0.0,0.0,0.0,0.0,1.0,1,0.0,3.0,0.0,0.0,1.0,1,0.5,,,0.0,0.0,2,0.0,0.0,0.0,,1.0,0.0,0.0,0.0,0.0,,0.0,0.333,0.0,,,,,,1.0,,0.0,1,CHH,2.0,,3,0.0,0.0,0.0,Minnesota,210,1,80.0,9,USA,1990,1999
980,Zydrunas Ilgauskas,Zydrunas,1610612739,CLE,24.0,5,2,3,0.4,170.62333333333333,29,57,0.509,0,0,0.0,18,30,0.6,17,27,44,4,9,4,7,4,24,0,76,-12,158.8,2,0,146.0,399,392,46,296,347,325,331,40,255,339,255,301,294,332,280,320,314,358,353,346,232,104,103,130,324,239,333,102,12,334,1,49,65,101,10.8,0.218,276,0.44,94.8,277,59,0.221,120,-3.2,226,234,100.6,97.5,73.85,357,0.173,314,100.6,-4.9,393,0.05,42,88.62,10.6,96,0.122,11.4,97.5,73,277,393,4.7,5.8,0.141,0.109,318,276,0.509,88.62,339,382,71,298,0.541,226,325,90.23,99.7,129,138,44,-3.2,7,0.0,0.0,0.0,0.0,4.0,0.0,0.0,0.412,0.0,17,0.308,13.0,0.0,0.0,0.0,18,0.667,0.0,0.0,0.0,0.0,27,0.0,0.0,0.0,0.0,13.0,7.0,0.0,1.0,0.167,0.0,0.0,0.645,6.0,0.0,0.0,0.0,0.0,0.0,0.0,0.0,1.0,20,CLE,7.0,0.0,31,0.0,0.143,0.538,None,260,1,87.0,20,Lithuania,1996,1999
