PLAYER_ID,PLAYER_NAME,NICKNAME,TEAM_ID,TEAM_ABBREVIATION,AGE,GP,W,L,W_PCT,MIN,FGM,FGA,FG_PCT,FG3M,FG3A,FG3_PCT,FTM,FTA,FT_PCT,OREB,DREB,REB,AST,TOV,STL,BLK,BLKA,PF,PFD,PTS,PLUS_MINUS,NBA_FANTASY_PTS,DD2,TD3,WNBA_FANTASY_PTS,GP_RANK,W_RANK,L_RANK,W_PCT_RANK,MIN_RANK,FGM_RANK,FGA_RANK,FG_PCT_RANK,FG3M_RANK,FG3A_RANK,FG3_PCT_RANK,FTM_RANK,FTA_RANK,FT_PCT_RANK,OREB_RANK,DREB_RANK,REB_RANK,AST_RANK,TOV_RANK,STL_RANK,BLK_RANK,BLKA_RANK,PF_RANK,PFD_RANK,PTS_RANK,PLUS_MINUS_RANK,NBA_FANTASY_PTS_RANK,DD2_RANK,TD3_RANK,WNBA_FANTASY_PTS_RANK,TEAM_COUNT,REB_PCT_RANK,FGA_PG_RANK,TS_PCT_RANK,E_TOV_PCT,E_USG_PCT,DEF_RATING_RANK,AST_TO,E_OFF_RATING,NET_RATING_RANK,DREB_PCT_RANK,USG_PCT,E_USG_PCT_RANK,NET_RATING,sp_work_OFF_RATING_RANK,E_DEF_RATING_RANK,sp_work_DEF_RATING,sp_work_OFF_RATING,PACE_PER40,AST_TO_RANK,DREB_PCT,POSS,DEF_RATING,E_NET_RATING,sp_work_PACE_RANK,AST_PCT,OREB_PCT_RANK,sp_work_PACE,TM_TOV_PCT,USG_PCT_RANK,PIE,FGA_PG,OFF_RATING,EFG_PCT_RANK,sp_work_NET_RATING_RANK,PACE_RANK,AST_RATIO,FGM_PG,REB_PCT,OREB_PCT,E_OFF_RATING_RANK,sp_work_DEF_RATING_RANK,EFG_PCT,PACE,AST_PCT_RANK,AST_RATIO_RANK,PIE_RANK,E_NET_RATING_RANK,TS_PCT,OFF_RATING_RANK,E_PACE_RANK,E_PACE,E_DEF_RATING,TM_TOV_PCT_RANK,E_TOV_PCT_RANK,FGM_PG_RANK,sp_work_NET_RATING,MID_FGM,CORNER_3_FGM,ABOVE_BREAK_3_FG_PCT,LEFT_CORNER_3_FG_PCT,BACKCOURT_FGA,ITP_FGM,ABOVE_BREAK_3_FGA,RIGHT_CORNER_3_FGM,MID_FG_PCT,LEFT_CORNER_3_FGA,MID_FGA,ITP_FG_PCT,ITP_FGA,ABOVE_BREAK_3_FGM,RIGHT_CORNER_3_FGA,CORNER_3_FGA,RA_FGM,RA_FG_PCT,BACKCOURT_FG_PCT,BACKCOURT_FGM,CORNER_3_FG_PCT,RIGHT_CORNER_3_FG_PCT,RA_FGA,LEFT_CORNER_3_FGM,FGP_20_24,FGP_25_29,FGA_40_PLUS,FGA_10_14,FGM_10_14,FGM_20_24,FGM_5_9,FGP_15_19,FGP_30_34,FGA_25_29,FGP_LT_5,FGA_15_19,FGP_40_PLUS,FGA_35_39,FGA_30_34,FGM_40_PLUS,FGM_35_39,FGA_20_24,FGP_35_39,FGM_15_19,FGM_LT_5,TEAM_ABBR,FGA_5_9,FGM_30_34,FGA_LT_5,FGM_25_29,FGP_5_9,FGP_10_14,COLLEGE,PLAYER_WEIGHT,DRAFT_ROUND,PLAYER_HEIGHT_INCHES,DRAFT_NUMBER,COUNTRY,DRAFT_YEAR,year
243,Aaron McKie,Aaron,1610612755,PHI,31.0,75,30,45,0.4,2116.925,265,577,0.459,75,172,0.436,84,111,0.757,45,208,253,195,103,85,23,52,142,0,689,-42,1506.1,0,0,1428.0,120,191,388,310,110,125,133,138,66,86,24,178,186,194,221,138,168,91,131,65,137,375,266,79,127,269,124,235,19,124,1,292,146,58,11.1,0.163,143,1.89,95.6,218,261,0.159,293,-1.3,284,112,97.6,96.3,74.42,99,0.102,3943,97.6,-1.8,406,0.169,324,89.3,11.2,291,0.106,7.7,96.3,37,218,406,21.1,3.5,0.062,0.022,329,143,0.524,89.3,125,99,114,227,0.55,284,370,89.82,97.3,180,177,140,-1.3,86,45.0,0.39,0.414,0.0,24,77.0,21.0,0.406,58.0,212,0.444,54,30.0,37.0,95.0,80,0.576,0.0,0.0,0.474,0.568,139,24.0,0.503,0.32,0.0,77.0,32.0,74,16.0,0.373,0.0,50.0,0.576,118,0.0,0.0,0.0,0.0,0.0,147,0.0,44,83,PHI,41.0,0.0,144,16.0,0.39,0.416,Temple,209,1,77,17,USA,1994,2004
1425,Aaron Williams,Aaron,1610612751,NJN,32.0,72,39,33,0.542,1335.8466666666666,172,342,0.503,1,3,0.333,105,155,0.677,101,193,294,81,89,34,46,20,187,0,450,-50,1075.3,1,0,986.0,147,105,273,151,202,190,216,37,258,286,138,148,138,302,97,153,131,200,158,216,76,219,352,79,192,287,189,178,19,194,1,123,245,63,15.3,0.175,94,0.91,94.6,220,125,0.171,257,-1.4,335,110,95.8,94.4,77.03,277,0.151,2565,95.8,-2.7,251,0.109,113,92.44,15.4,254,0.089,4.8,94.4,72,220,251,14.0,2.4,0.114,0.078,351,94,0.504,92.44,205,205,194,253,0.549,335,273,91.67,97.3,375,373,214,-1.4,30,0.0,0.333,0.0,0.0,30,3.0,0.0,0.357,0.0,84,0.341,88,1.0,0.0,0.0,111,0.665,0.0,0.0,0.0,0.0,167,0.0,0.0,0.5,1.0,28.0,10.0,0,20.0,0.441,0.0,2.0,0.653,59,0.0,0.0,0.0,0.0,0.0,4,0.0,26,115,NJN,72.0,0.0,176,1.0,0.278,0.357,Xavier,240,Undrafted,81,Undrafted,USA,Undrafted,2004
1502,Adonal Foyle,Adonal,1610612744,GSW,29.0,44,21,23,0.477,574.5683333333334,59,130,0.454,0,0,0.0,19,35,0.543,54,113,167,17,21,6,46,11,68,0,137,-83,497.9,2,0,425.0,298,276,157,228,310,319,325,149,289,361,289,333,312,388,190,243,231,338,337,362,76,142,146,79,325,337,287,146,19,297,1,31,341,323,11.5,0.135,332,0.81,96.8,359,37,0.132,382,-6.9,294,299,102.7,95.9,75.88,306,0.197,1086,102.7,-5.3,338,0.05,58,91.06,11.5,383,0.083,3.0,95.9,248,359,338,9.3,1.3,0.145,0.094,283,332,0.454,91.06,385,319,229,317,0.471,294,316,90.88,102.1,203,199,319,-6.9,5,0.0,0.0,0.0,0.0,17,0.0,0.0,0.2,0.0,25,0.395,43,0.0,0.0,0.0,37,0.597,0.0,0.0,0.0,0.0,62,0.0,1.0,0.0,0.0,9.0,2.0,1,11.0,0.071,0.0,0.0,0.564,14,0.0,0.0,0.0,0.0,0.0,1,0.0,1,44,GSW,28.0,0.0,78,0.0,0.393,0.222,Colgate,265,1,82,8,St. Vincent & Grenadines,1997,2004
1559,Adrian Griffin,Adrian,1610612745,HOU,29.0,19,13,6,0.684,122.095,5,18,0.278,1,2,0.5,0,4,0.0,1,18,19,10,3,7,2,0,17,0,11,-47,72.8,0,0,59.0,373,337,49,53,386,405,400,421,258,305,5,425,400,425,413,375,380,368,405,355,356,1,63,79,410,281,386,235,19,388,1,223,428,431,9.2,0.093,388,3.33,96.1,418,144,0.087,436,-15.5,383,367,105.3,89.8,78.95,10,0.143,236,105.3,-8.5,121,0.132,412,94.75,9.1,436,0.027,0.9,89.8,419,418,121,30.3,0.3,0.079,0.009,306,388,0.306,94.75,170,32,399,370,0.278,383,251,92.07,104.6,73,74,432,-15.5,1,0.0,1.0,0.0,,1,1.0,0.0,0.1,1.0,10,0.333,3,1.0,0.0,1.0,2,0.667,,,0.0,0.0,3,0.0,0.0,1.0,,3.0,1.0,0,0.0,0.125,0.0,1.0,0.667,8,,0.0,0.0,,0.0,2,0.0,1,2,HOU,1.0,0.0,3,1.0,0.0,0.333,Seton Hall,230,Undrafted,77,Undrafted,USA,Undrafted,2004
1733,Al Harrington,Al,1610612754,IND,24.0,79,58,21,0.734,2440.8633333333332,421,909,0.463,21,77,0.273,185,252,0.734,163,345,508,131,163,80,22,80,250,0,1048,71,1997.1,12,0,1912.0,77,4,141,28,77,56,64,128,146,140,214,76,73,245,43,50,45,141,59,80,139,422,423,79,68,93,85,47,19,81,1,132,79,174,12.4,0.231,161,0.8,99.7,146,111,0.225,88,1.5,194,125,98.0,99.6,74.15,308,0.155,4525,98.0,1.9,413,0.107,150,88.98,12.4,90,0.105,11.5,99.6,184,146,413,10.0,5.3,0.111,0.07,181,161,0.475,88.98,210,305,119,135,0.514,194,401,89.02,97.8,258,255,69,1.5,186,9.0,0.267,0.25,3.0,35,45.0,4.0,0.462,20.0,403,0.318,110,12.0,9.0,29.0,179,0.561,0.0,0.0,0.31,0.444,319,5.0,0.397,0.29,5.0,159.0,72.0,29,27.0,0.466,0.0,31.0,0.547,219,0.2,0.0,0.0,1.0,0.0,73,0.0,102,181,IND,91.0,0.0,331,9.0,0.297,0.453,None,250,1,81,25,USA,1998,2004
673,Alan Henderson,Alan,1610612737,ATL,31.0,6,2,4,0.333,68.07833333333333,10,21,0.476,0,0,0.0,4,6,0.667,11,10,21,2,3,1,2,2,1,0,24,-29,58.2,0,0,53.0,413,413,30,357,402,390,397,87,289,361,289,386,384,309,346,385,379,402,405,403,356,45,4,79,392,248,391,235,19,391,1,16,301,209,10.5,0.188,431,0.67,90.5,427,150,0.185,202,-21.8,392,426,110.1,88.3,75.5,335,0.141,128,110.1,-19.6,353,0.056,1,90.6,10.3,196,0.13,3.5,88.3,174,427,353,6.9,1.7,0.16,0.183,394,431,0.476,90.6,364,380,39,424,0.508,392,381,89.49,110.1,135,143,283,-21.8,4,0.0,0.0,0.0,,0,0.0,0.0,0.571,0.0,7,0.0,4,0.0,0.0,0.0,6,0.6,,,0.0,0.0,10,0.0,0.0,0.0,,4.0,2.0,0,0.0,0.667,,0.0,0.6,3,,,,,,0,,2,6,ATL,4.0,,10,0.0,0.0,0.5,Indiana,240,1,81,16,USA,1995,2004
2682,Alex Garcia,Alex,1610612759,SAS,24.0,2,2,0,1.0,12.678333333333333,1,7,0.143,0,0,0.0,1,2,0.5,0,0,0,0,1,2,0,1,0,0,3,3,8.0,0,0,7.0,432,413,1,1,435,427,420,435,289,361,289,413,412,390,427,437,439,426,426,390,398,27,1,79,430,172,430,235,19,432,1,423,301,435,11.3,0.282,7,0.0,89.7,30,424,0.265,19,8.6,414,6,76.0,84.6,80.45,423,0.0,26,76.0,11.9,46,0.0,420,96.54,11.1,25,-0.133,3.5,84.6,435,30,46,0.0,0.5,0.0,0.0,399,7,0.143,96.54,426,426,439,13,0.19,414,214,92.61,77.9,176,185,409,8.6,1,0.0,0.0,0.0,,0,0.0,,0.5,0.0,2,0.0,1,0.0,,0.0,0,0.0,,,0.0,,4,0.0,0.0,0.0,,0.0,0.0,0,0.0,1.0,,0.0,0.0,1,,,,,,1,,1,0,SAS,0.0,,5,0.0,0.0,0.0,None,195,Undrafted,75,Undrafted,Brazil,Undrafted,2004
275,Allan Houston,Allan,1610612752,NYK,33.0,50,24,26,0.48,1794.1733333333334,340,781,0.435,87,202,0.431,157,172,0.913,20,101,121,99,102,38,2,30,105,0,924,-30,1235.7,0,0,1311.0,282,244,194,222,147,88,86,198,47,71,28,94,122,17,311,254,279,183,135,200,356,280,208,79,81,253,168,235,19,139,1,413,31,89,9.6,0.25,260,0.97,100.4,195,409,0.244,51,-0.7,175,228,100.7,100.1,76.99,262,0.056,3450,100.7,-0.1,252,0.101,400,92.39,9.7,53,0.09,15.6,100.1,113,195,252,9.4,6.8,0.035,0.012,143,260,0.491,92.39,229,315,188,180,0.539,175,231,92.4,100.4,94,89,27,-0.7,218,27.0,0.42,0.586,1.0,27,143.0,10.0,0.446,29.0,489,0.474,57,60.0,29.0,58.0,8,0.242,0.0,0.0,0.466,0.345,33,17.0,0.462,0.32,1.0,137.0,65.0,96,24.0,0.446,0.0,75.0,0.286,271,0.0,0.0,0.0,0.0,0.0,208,0.0,121,10,NYK,54.0,0.0,35,24.0,0.444,0.474,Tennessee,200,1,78,11,USA,1993,2004
947,Allen Iverson,Allen,1610612755,PHI,29.0,48,19,29,0.396,2046.8416666666667,435,1125,0.387,57,199,0.286,339,455,0.745,34,144,178,324,209,115,5,69,87,0,1266,-91,2116.6,8,0,2065.0,287,294,233,320,120,50,32,338,89,75,199,25,19,226,261,199,215,38,19,21,313,408,173,79,43,343,75,71,19,65,1,380,1,299,11.2,0.343,255,1.55,97.1,256,383,0.339,2,-2.5,234,175,100.6,98.1,76.77,145,0.069,3933,100.6,-2.1,267,0.325,357,92.13,11.2,2,0.127,23.4,98.1,347,256,267,17.4,9.1,0.043,0.017,279,255,0.412,92.13,18,140,42,232,0.478,234,180,93.19,99.3,184,183,3,-2.5,164,4.0,0.293,0.267,0.0,44,181.0,0.0,0.355,15.0,462,0.324,136,53.0,3.0,18.0,170,0.518,0.0,0.0,0.222,0.0,328,4.0,0.338,0.281,1.0,102.0,32.0,48,35.0,0.35,0.0,128.0,0.507,311,0.0,0.0,1.0,0.0,0.0,142,0.0,109,175,PHI,95.0,0.0,345,36.0,0.368,0.314,Georgetown,165,1,72,1,USA,1996,2004
297,Alonzo Mourning,Alonzo,1610612751,NJN,34.0,12,5,7,0.417,215.87666666666667,33,71,0.465,0,0,0.0,30,34,0.882,8,19,27,8,10,2,6,8,32,1,96,-23,154.4,0,0,147.0,393,388,58,296,366,353,360,125,289,361,289,299,316,25,363,373,373,375,370,390,299,117,79,21,348,235,365,235,19,364,1,291,204,46,9.6,0.21,104,0.8,92.0,329,325,0.201,143,-5.5,374,102,96.4,90.8,76.9,309,0.084,415,96.4,-5.0,259,0.073,246,92.27,9.6,148,0.088,5.9,90.8,216,329,259,7.7,2.8,0.062,0.038,381,104,0.465,92.27,319,362,201,314,0.558,374,286,91.42,97.0,88,87,182,-5.5,7,0.0,0.0,0.0,0.0,9,0.0,0.0,0.226,0.0,31,0.692,13,0.0,0.0,0.0,17,0.63,0.0,0.0,0.0,0.0,27,0.0,0.5,0.0,0.0,10.0,3.0,1,8.0,0.176,,0.0,0.643,17,0.0,,,0.0,,2,,3,18,NJN,14.0,,28,0.0,0.571,0.3,Georgetown,261,1,82,2,USA,1992,2004
2228,Alton Ford,Alton,1610612745,HOU,23.0,9,4,5,0.444,40.41166666666667,6,11,0.545,0,0,0.0,3,6,0.5,3,8,11,3,3,0,1,1,9,0,15,1,32.7,0,0,31.0,403,394,36,263,409,403,411,8,289,361,289,394,384,390,392,395,393,396,405,419,378,27,43,79,400,174,404,235,19,405,1,46,419,60,15.3,0.192,28,1.0,93.8,100,22,0.178,186,3.7,353,52,89.7,93.4,76.22,248,0.211,76,89.7,0.5,311,0.158,128,91.46,15.8,233,0.08,1.2,93.4,17,100,311,15.8,0.7,0.139,0.073,365,28,0.545,91.46,135,171,248,166,0.55,353,382,89.49,93.3,382,372,399,3.7,2,0.0,0.0,0.0,,1,0.0,0.0,0.5,0.0,4,0.333,3,0.0,0.0,0.0,3,0.75,,,0.0,0.0,4,0.0,0.0,0.0,,1.0,1.0,0,0.0,0.5,,0.0,0.6,4,,,,,,0,,2,3,HOU,1.0,,5,0.0,0.0,1.0,Houston,280,2,81,50,USA,2001,2004
1541,Alvin Williams,Alvin,1610612761,TOR,29.0,56,25,31,0.446,1736.96,201,496,0.405,26,89,0.292,66,85,0.776,18,132,150,224,78,55,10,17,114,1,494,-197,1127.0,0,0,1024.0,248,228,255,258,153,167,155,280,139,131,194,211,225,157,318,212,246,73,182,152,254,199,224,21,178,412,182,235,19,185,1,373,121,330,9.3,0.171,238,2.87,93.6,353,351,0.168,270,-6.5,348,188,100.1,93.7,74.14,22,0.078,3225,100.1,-5.8,414,0.237,408,88.97,9.3,264,0.084,8.9,93.7,307,353,414,26.8,3.6,0.044,0.011,368,238,0.431,88.97,74,55,223,327,0.463,348,387,89.28,99.5,78,78,138,-6.5,118,10.0,0.271,0.6,2.0,25,59.0,7.0,0.399,5.0,296,0.463,54,16.0,23.0,28.0,32,0.561,0.0,0.0,0.357,0.304,57,3.0,0.367,0.31,3.0,44.0,16.0,51,16.0,0.418,0.0,29.0,0.556,177,0.0,2.0,2.0,0.0,0.0,139,0.0,74,35,TOR,37.0,0.0,63,9.0,0.432,0.364,Villanova,185,2,77,47,USA,1997,2004
1043,Amal McCaskill,Amal,1610612755,PHI,30.0,59,25,34,0.424,634.025,47,117,0.402,0,1,0.0,19,27,0.704,48,85,133,20,25,12,20,12,89,0,113,-59,373.6,0,0,330.0,232,228,284,288,299,334,332,293,289,323,289,333,333,281,208,280,264,324,322,325,152,153,178,79,339,300,318,235,19,325,1,139,399,369,14.4,0.118,133,0.8,96.3,288,169,0.112,414,-3.7,349,226,97.4,93.7,76.18,309,0.135,1200,97.4,-4.1,316,0.055,103,91.42,14.4,417,0.04,2.0,93.7,357,288,316,11.5,0.8,0.108,0.08,294,133,0.402,91.42,366,259,384,289,0.438,349,409,88.77,100.4,346,346,390,-3.7,10,0.0,0.0,0.0,0.0,3,1.0,0.0,0.244,0.0,41,0.214,14,0.0,0.0,0.0,34,0.557,0.0,0.0,0.0,0.0,61,0.0,0.0,0.0,0.0,17.0,6.0,0,3.0,0.125,0.0,0.0,0.538,24,0.0,1.0,0.0,0.0,0.0,1,0.0,3,35,PHI,9.0,0.0,65,0.0,0.333,0.353,Marquette,235,2,83,49,USA,1996,2004
2405,Amar'e Stoudemire,Amar'e,1610612756,PHX,21.0,55,22,33,0.4,2025.02,411,865,0.475,1,5,0.2,310,435,0.713,157,339,496,78,177,64,89,81,188,0,1133,-127,2127.2,19,0,2014.0,261,261,273,310,125,59,71,94,258,263,253,31,24,273,48,53,50,202,48,118,33,424,356,79,56,375,72,31,19,70,1,91,29,99,13.5,0.274,376,0.44,100.8,267,84,0.273,27,-2.9,105,343,104.7,101.8,78.36,394,0.167,3961,104.7,-2.8,156,0.07,111,94.03,13.4,20,0.123,15.7,101.8,178,267,156,5.9,7.5,0.123,0.079,135,376,0.476,94.03,326,405,51,257,0.536,105,94,95.03,103.6,310,314,21,-2.9,68,0.0,0.25,0.0,1.0,111,4.0,0.0,0.322,0.0,211,0.413,269,1.0,0.0,0.0,231,0.608,0.0,0.0,0.0,0.0,380,0.0,0.3,0.0,1.0,113.0,41.0,3,83.0,0.313,0.0,2.0,0.604,112,0.0,0.0,0.0,0.0,0.0,10,0.0,35,249,PHX,215.0,0.0,412,0.0,0.386,0.363,None,245,1,82,9,USA,2002,2004
1889,Andre Miller,Andre,1610612743,DEN,28.0,82,43,39,0.524,2847.3233333333333,430,941,0.457,12,65,0.185,342,411,0.832,127,239,366,501,215,142,25,81,194,0,1214,163,2690.7,11,1,2427.0,3,67,326,171,32,52,58,142,173,151,263,23,30,81,70,108,89,7,13,7,128,424,366,79,46,53,31,53,7,39,1,269,80,80,11.7,0.206,276,2.33,102.9,114,321,0.204,149,3.0,53,227,101.1,104.0,79.46,64,0.085,5654,101.1,2.5,88,0.283,217,95.35,11.7,142,0.127,11.5,104.0,220,114,88,27.2,5.2,0.065,0.045,67,276,0.463,95.35,31,52,43,120,0.541,53,41,96.2,100.4,219,217,73,3.0,110,2.0,0.204,0.143,6.0,92,49.0,1.0,0.362,7.0,304,0.422,218,10.0,3.0,10.0,216,0.61,0.0,0.0,0.2,0.333,354,1.0,0.2,0.25,8.0,174.0,72.0,7,66.0,0.333,0.5,32.0,0.599,168,0.0,1.0,2.0,0.0,0.0,35,0.0,56,220,DEN,154.0,1.0,367,8.0,0.429,0.414,Utah,200,1,74,8,USA,1999,2004
1905,Andrei Kirilenko,Andrei,1610612762,UTA,23.0,78,42,36,0.538,2905.9166666666665,412,931,0.443,68,201,0.338,392,496,0.79,226,403,629,244,215,148,215,81,174,0,1284,86,3278.8,25,0,2951.0,91,74,297,152,28,58,60,177,77,74,133,9,10,140,17,31,27,62,13,5,3,424,323,79,42,79,6,24,19,11,1,113,72,45,13.4,0.218,254,1.13,101.0,141,122,0.215,123,1.8,90,201,100.6,102.4,73.89,222,0.152,5363,100.6,1.2,422,0.152,92,88.67,13.4,114,0.163,11.9,102.4,156,141,422,15.2,5.3,0.117,0.083,128,254,0.479,88.67,145,183,4,150,0.559,90,376,89.63,99.8,307,308,71,1.8,43,8.0,0.33,0.286,1.0,19,182.0,6.0,0.242,7.0,178,0.328,58,60.0,10.0,17.0,282,0.57,0.0,0.0,0.471,0.6,495,2.0,0.348,0.268,1.0,39.0,5.0,63,21.0,0.241,0.0,71.0,0.56,87,0.0,0.0,0.0,0.0,0.0,181,0.0,21,283,UTA,47.0,0.0,505,19.0,0.447,0.128,None,225,1,81,24,Russia,1999,2004
692,Andrew DeClercq,Andrew,1610612753,ORL,31.0,71,17,54,0.239,1209.1766666666667,93,195,0.477,0,0,0.0,44,54,0.815,131,186,317,44,54,47,32,40,217,0,230,-101,859.4,1,0,749.0,160,311,432,417,217,269,288,86,289,361,289,264,276,101,67,159,116,266,231,177,104,324,396,79,274,357,224,178,19,228,1,64,357,138,17.0,0.103,345,0.81,100.3,278,101,0.101,428,-3.3,164,352,103.6,100.3,77.34,304,0.158,2326,103.6,-3.6,229,0.054,28,92.81,17.0,431,0.054,2.7,100.3,171,278,229,13.9,1.3,0.132,0.108,145,345,0.477,92.81,369,208,352,277,0.526,164,206,92.69,103.9,397,397,322,-3.3,7,0.0,0.0,0.0,0.0,15,0.0,0.0,0.368,0.0,19,0.349,43,0.0,0.0,0.0,71,0.534,0.0,0.0,0.0,0.0,133,0.0,1.0,0.0,0.0,14.0,5.0,1,10.0,0.333,0.0,0.0,0.532,6,0.0,0.0,0.0,0.0,0.0,1,0.0,2,75,ORL,33.0,0.0,141,0.0,0.303,0.357,Florida,255,2,82,34,USA,1995,2004
358,Anfernee Hardaway,Anfernee,1610612752,NYK,32.0,76,33,43,0.434,2095.278333333333,279,679,0.411,30,79,0.38,111,138,0.804,69,218,287,176,107,70,20,32,146,0,699,-79,1470.4,1,0,1372.0,111,163,374,275,112,115,109,264,132,138,65,138,154,119,148,126,133,99,122,94,152,294,274,79,124,334,129,178,19,132,2,260,119,313,10.5,0.185,241,1.64,99.1,243,249,0.18,217,-2.2,232,216,100.3,98.1,78.28,128,0.105,4106,100.3,-1.1,161,0.141,266,93.94,10.4,215,0.083,8.9,98.1,304,243,161,17.2,3.7,0.069,0.033,209,241,0.433,93.94,158,144,230,209,0.472,232,165,93.54,100.2,142,141,133,-2.2,143,9.0,0.375,0.571,0.0,45,56.0,5.0,0.389,7.0,368,0.429,105,21.0,16.0,23.0,61,0.48,0.0,0.0,0.391,0.313,127,4.0,0.379,0.364,0.0,80.0,34.0,58,31.0,0.402,0.0,22.0,0.475,204,0.0,0.0,0.0,0.0,0.0,153,0.0,82,66,NYK,81.0,0.0,139,8.0,0.383,0.425,Memphis State,215,1,79,3,USA,1993,2004
1738,Ansu Sesay,Ansu,1610612760,SEA,27.0,57,25,32,0.439,575.33,81,178,0.455,6,21,0.286,32,46,0.696,43,49,92,19,23,19,20,13,66,0,200,-18,432.9,1,0,395.0,244,228,266,269,308,282,295,145,203,210,200,293,289,288,230,326,309,329,329,289,152,161,142,79,293,220,306,178,19,306,1,221,328,220,9.6,0.176,198,0.83,100.2,224,315,0.168,247,-1.6,242,203,99.2,97.6,79.47,301,0.087,1143,99.2,0.4,86,0.057,127,95.36,9.6,266,0.07,3.1,97.6,196,224,86,7.9,1.4,0.08,0.073,152,198,0.472,95.36,362,356,294,171,0.504,242,151,93.85,99.8,89,86,310,-1.6,25,3.0,0.231,0.429,0.0,7,13.0,0.0,0.347,7.0,72,0.368,19,3.0,1.0,8.0,43,0.652,0.0,0.0,0.375,0.0,66,3.0,0.4,0.286,0.0,10.0,3.0,16,4.0,0.316,0.0,7.0,0.638,38,0.0,0.0,1.0,0.0,0.0,40,0.0,12,44,SEA,13.0,0.0,69,2.0,0.308,0.3,Mississippi,225,2,81,30,USA,1998,2004
1712,Antawn Jamison,Antawn,1610612742,DAL,28.0,82,52,30,0.634,2378.895,488,913,0.535,16,40,0.4,220,294,0.748,233,287,520,70,81,83,30,60,174,0,1212,277,2199.0,9,0,2044.0,3,29,247,95,81,34,63,13,164,177,40,58,55,219,13,76,42,216,175,74,108,390,323,79,47,32,64,68,19,67,1,144,83,23,6.8,0.206,370,0.86,110.4,72,206,0.203,150,5.6,11,360,104.4,110.0,79.43,287,0.121,4730,104.4,6.2,90,0.047,60,95.32,6.8,144,0.12,11.1,110.0,19,72,90,5.8,6.0,0.107,0.093,10,370,0.543,95.32,392,408,58,62,0.581,11,78,95.23,104.2,18,18,52,5.6,86,6.0,0.385,0.667,0.0,122,26.0,2.0,0.386,6.0,223,0.455,268,10.0,8.0,14.0,264,0.691,0.0,0.0,0.429,0.25,382,4.0,0.284,0.6,1.0,83.0,34.0,19,105.0,0.396,0.0,15.0,0.675,91,0.0,0.0,0.0,0.0,0.0,67,0.0,36,285,DAL,234.0,0.0,422,9.0,0.449,0.41,North Carolina,225,1,81,4,USA,1998,2004
1853,Anthony Carter,Anthony,1610612759,SAS,29.0,5,3,2,0.6,87.21666666666667,11,37,0.297,0,3,0.0,0,0,0.0,2,9,11,12,12,4,0,0,9,0,22,1,53.2,0,0,53.0,418,404,11,117,393,386,379,415,289,286,289,425,429,425,400,388,393,360,364,377,398,1,43,79,393,174,394,235,19,391,1,318,157,429,19.7,0.253,11,1.0,84.3,165,322,0.247,47,0.6,420,8,83.2,83.8,79.34,248,0.085,173,83.2,3.8,93,0.279,327,95.21,19.7,48,0.006,7.4,83.8,421,165,93,19.7,2.2,0.055,0.022,423,11,0.297,95.21,34,118,415,93,0.297,420,30,96.55,80.5,417,416,229,0.6,6,0.0,0.0,0.0,1.0,1,1.0,0.0,0.286,0.0,21,0.2,5,0.0,1.0,1.0,4,0.5,0.0,0.0,0.0,0.0,8,0.0,0.4,0.0,1.0,4.0,1.0,2,0.0,0.267,,0.0,0.444,15,0.0,,,0.0,,5,,4,4,SAS,3.0,,9,0.0,0.0,0.25,Hawaii,195,Undrafted,74,Undrafted,USA,Undrafted,2004
924,Anthony Goldwire,Anthony,1610612751,NJN,32.0,11,8,3,0.727,83.49,7,22,0.318,2,8,0.25,1,1,1.0,1,6,7,11,3,5,0,0,5,0,17,1,53.9,0,0,47.0,395,377,21,32,396,396,396,410,236,249,228,413,425,1,413,401,405,364,405,369,398,1,29,79,398,174,392,235,19,398,2,377,392,406,8.2,0.146,140,3.67,104.2,179,356,0.134,356,0.0,247,152,97.5,97.5,77.37,4,0.077,162,97.5,5.6,224,0.216,399,92.85,8.3,376,0.071,2.0,97.5,395,179,224,30.6,0.6,0.043,0.012,53,140,0.364,92.85,92,30,291,67,0.379,247,385,89.4,98.5,44,43,405,0.0,4,0.0,0.286,0.0,0.0,1,7.0,0.0,0.4,0.0,10,0.333,3,2.0,1.0,1.0,0,0.0,0.0,0.0,0.0,0.0,1,0.0,0.333,0.333,0.0,1.0,0.0,2,0.0,0.4,,6.0,0.5,5,0.0,,,0.0,,6,,2,1,NJN,2.0,,2,2.0,0.0,0.0,Houston,182,2,74,52,USA,1994,2004
1533,Anthony Johnson,Anthony,1610612754,IND,29.0,73,53,20,0.726,1603.4183333333333,167,411,0.406,41,122,0.336,75,94,0.798,28,102,130,202,75,64,8,20,138,0,450,-2,1050.0,0,0,967.0,135,27,132,34,167,193,181,275,117,114,137,194,210,127,277,253,268,87,193,118,273,219,260,79,192,183,196,235,19,200,1,382,212,246,10.3,0.158,174,2.69,98.7,202,385,0.152,310,-0.8,244,176,98.4,97.6,74.15,32,0.069,2984,98.4,-0.6,412,0.231,347,88.98,10.4,318,0.08,5.6,97.6,240,202,412,27.9,2.3,0.043,0.018,226,174,0.456,88.98,77,43,250,195,0.497,244,421,88.15,99.3,137,133,225,-0.8,85,23.0,0.273,0.517,0.0,14,66.0,8.0,0.445,29.0,191,0.35,40,18.0,27.0,56.0,27,0.466,0.0,0.0,0.411,0.296,58,15.0,0.45,0.217,0.0,39.0,17.0,49,6.0,0.439,0.0,46.0,0.45,132,0.0,0.0,0.0,0.0,0.0,109,0.0,58,27,IND,25.0,0.0,60,10.0,0.24,0.436,College of Charleston,190,2,75,39,USA,1997,2004
324,Anthony Peeler,Anthony,1610612758,SAC,34.0,75,50,25,0.667,1383.4033333333334,156,348,0.448,68,141,0.482,51,61,0.836,31,122,153,120,77,56,10,22,103,0,431,129,915.6,0,0,904.0,120,34,182,67,195,204,213,157,77,101,13,251,261,69,267,226,243,156,186,147,254,232,206,79,199,60,215,235,19,205,1,323,248,31,13.5,0.147,186,1.56,103.5,83,323,0.143,353,4.6,71,154,98.9,103.5,78.66,143,0.085,2722,98.9,4.9,144,0.139,320,94.39,13.5,353,0.084,4.6,103.5,16,83,144,21.0,2.1,0.054,0.022,59,186,0.546,94.39,162,103,224,80,0.575,71,119,94.53,98.6,314,311,245,4.6,59,24.0,0.463,0.5,0.0,9,95.0,14.0,0.407,20.0,145,0.409,22,44.0,24.0,44.0,20,0.476,0.0,0.0,0.545,0.583,42,10.0,0.5,0.426,0.0,20.0,10.0,70,5.0,0.38,0.0,47.0,0.467,79,0.0,0.0,0.0,0.0,0.0,140,0.0,30,21,SAC,17.0,0.0,45,20.0,0.294,0.5,Missouri,208,1,76,15,USA,1992,2004
952,Antoine Walker,Antoine,1610612742,DAL,27.0,82,52,30,0.634,2837.135,483,1129,0.428,82,305,0.269,103,186,0.554,198,486,684,369,202,65,65,89,212,0,1151,134,2713.3,27,2,2546.0,3,29,247,95,34,37,30,216,52,30,219,152,106,384,25,19,19,27,25,112,50,434,387,79,53,58,28,21,3,30,1,114,50,303,11.3,0.217,405,1.83,108.1,135,76,0.213,126,2.1,19,383,106.5,108.6,79.71,105,0.17,5662,106.5,2.6,74,0.195,161,95.66,11.4,121,0.099,13.8,108.6,217,135,74,20.7,5.9,0.117,0.066,18,405,0.464,95.66,104,106,146,115,0.475,19,35,96.28,105.5,195,191,54,2.1,26,15.0,0.265,0.317,0.0,101,253.0,2.0,0.268,41.0,97,0.395,256,67.0,11.0,52.0,274,0.582,0.0,0.0,0.288,0.182,471,13.0,0.277,0.27,1.0,62.0,20.0,52,80.0,0.158,0.0,126.0,0.569,38,0.0,3.0,0.0,0.0,0.0,188,0.0,6,291,DAL,200.0,0.0,511,34.0,0.4,0.323,Kentucky,245,1,81,6,USA,1996,2004
1498,Antonio Daniels,Antonio,1610612760,SEA,29.0,71,29,42,0.408,1515.8183333333334,187,398,0.47,42,116,0.362,155,184,0.842,23,119,142,298,61,45,6,18,64,0,571,43,1280.4,6,0,1155.0,160,195,365,304,177,177,188,113,116,118,101,96,109,65,299,233,256,46,219,180,299,210,139,79,155,112,160,86,19,166,1,359,213,16,7.3,0.166,399,4.89,106.7,156,347,0.161,281,1.2,21,373,106.1,107.2,76.17,1,0.079,2891,106.1,1.7,318,0.324,368,91.4,7.3,287,0.14,5.6,107.2,39,156,318,35.9,2.6,0.048,0.016,24,399,0.523,91.4,19,12,19,138,0.596,21,254,92.06,105.1,30,29,193,1.2,39,8.0,0.354,0.375,0.0,32,96.0,5.0,0.358,8.0,109,0.471,68,34.0,12.0,20.0,74,0.705,0.0,0.0,0.4,0.417,105,3.0,0.397,0.368,0.0,28.0,13.0,27,20.0,0.333,0.0,68.0,0.672,60,0.0,2.0,0.0,0.0,0.0,68,0.0,20,82,SEA,50.0,0.0,122,25.0,0.4,0.464,Bowling Green,205,1,76,4,USA,1997,2004
213,Antonio Davis,Antonio,1610612741,CHI,35.0,80,27,53,0.338,2578.5616666666665,266,660,0.403,0,0,0.0,176,230,0.765,207,464,671,137,114,37,65,81,206,0,708,-309,1910.7,17,0,1720.0,61,216,424,355,62,123,111,288,289,361,289,81,84,180,22,21,20,133,112,202,50,424,381,79,122,436,92,38,19,100,2,80,133,327,11.3,0.155,228,1.2,92.9,340,63,0.155,322,-5.8,343,170,100.0,94.2,76.0,210,0.18,4886,100.0,-6.2,325,0.093,117,91.2,11.2,308,0.094,8.3,94.2,354,340,325,13.4,3.3,0.127,0.076,376,228,0.403,91.2,258,216,173,335,0.465,343,237,92.24,99.1,182,186,152,-5.8,111,0.0,0.0,0.0,0.0,47,0.0,0.0,0.351,0.0,316,0.431,109,0.0,0.0,0.0,108,0.46,0.0,0.0,0.0,0.0,235,0.0,0.429,0.0,0.0,123.0,44.0,3,38.0,0.361,0.0,0.0,0.461,194,0.0,0.0,0.0,0.0,0.0,7,0.0,70,111,CHI,95.0,0.0,241,0.0,0.4,0.358,Texas-El Paso,230,2,81,45,USA,1990,2004
686,Antonio McDyess,Antonio,1610612756,PHX,29.0,42,18,24,0.429,930.2016666666667,126,268,0.47,0,0,0.0,38,69,0.551,70,187,257,36,57,37,24,10,117,0,290,-16,778.4,7,0,705.0,305,303,169,281,248,234,246,111,289,361,289,278,250,386,147,158,164,279,225,202,131,133,229,79,243,212,235,78,19,238,2,43,189,276,14.6,0.176,146,0.63,97.7,185,34,0.173,248,-0.1,246,131,97.7,97.6,77.75,346,0.199,1801,97.7,-0.3,197,0.066,104,93.3,14.5,249,0.092,6.4,97.6,201,185,197,9.2,3.0,0.142,0.08,261,146,0.47,93.3,339,323,181,187,0.486,246,183,93.1,98.0,355,355,167,-0.1,58,0.0,0.0,0.0,0.0,15,0.0,0.0,0.382,0.0,152,0.395,38,0.0,0.0,0.0,53,0.679,0.0,0.0,0.0,0.0,78,0.0,0.5,0.0,0.0,54.0,19.0,3,11.0,0.404,0.0,0.0,0.654,99,0.0,0.0,0.0,0.0,0.0,6,0.0,40,53,PHX,28.0,0.0,81,0.0,0.393,0.352,Alabama,245,1,81,2,USA,1995,2004
1506,Austin Croshere,Austin,1610612754,IND,29.0,77,57,20,0.74,1043.445,119,307,0.388,56,144,0.389,93,104,0.894,60,183,243,52,55,24,14,28,101,0,387,51,815.6,2,0,814.0,102,7,132,22,229,239,229,335,91,99,56,170,195,21,174,160,174,250,228,263,209,263,199,79,213,106,231,146,19,220,1,84,283,62,12.0,0.191,72,0.95,98.6,133,55,0.183,197,2.2,276,81,94.4,96.6,74.79,270,0.185,1955,94.4,2.8,386,0.096,173,89.75,12.0,204,0.117,4.0,96.6,157,133,386,11.4,1.5,0.125,0.063,232,72,0.479,89.75,246,262,67,112,0.549,276,420,88.18,95.7,240,235,295,2.2,17,25.0,0.36,0.382,0.0,5,86.0,12.0,0.288,34.0,59,0.313,16,31.0,24.0,58.0,41,0.466,0.0,0.0,0.431,0.5,88,13.0,0.4,0.34,0.0,13.0,1.0,40,3.0,0.375,0.0,53.0,0.467,40,0.0,0.0,0.0,0.0,0.0,100,0.0,15,42,IND,11.0,0.0,90,18.0,0.273,0.077,Providence,242,1,82,12,USA,1997,2004
422,Avery Johnson,Avery,1610612744,GSW,39.0,46,22,24,0.478,636.9633333333334,80,199,0.402,0,3,0.0,52,78,0.667,3,30,33,111,51,26,3,14,34,0,212,-61,454.1,1,0,414.0,292,261,169,225,298,285,280,292,289,286,289,249,237,309,392,360,368,170,242,249,342,172,85,79,287,306,299,178,19,300,1,418,265,346,12.9,0.213,287,2.18,98.2,331,418,0.207,136,-5.6,299,261,101.4,95.8,76.68,76,0.048,1225,101.4,-2.7,276,0.311,418,92.01,12.9,137,0.081,4.3,95.8,356,331,276,28.0,1.7,0.027,0.005,244,287,0.402,92.01,22,42,245,252,0.454,299,312,91.03,101.0,286,287,277,-5.6,12,0.0,0.0,0.0,2.0,14,1.0,0.0,0.267,0.0,45,0.326,43,0.0,0.0,0.0,54,0.5,0.0,0.0,0.0,0.0,108,0.0,0.0,0.0,2.0,13.0,2.0,0,8.0,0.344,0.0,0.0,0.492,32,0.0,0.0,0.0,0.0,0.0,4,0.0,11,59,GSW,28.0,0.0,120,0.0,0.286,0.154,Southern,185,Undrafted,71,Undrafted,USA,Undrafted,2004
1884,Baron Davis,Baron,1610612740,NOH,25.0,67,36,31,0.537,2686.9766666666665,554,1402,0.395,187,582,0.321,237,352,0.673,66,221,287,501,215,158,27,64,178,0,1532,172,2967.9,22,0,2877.0,191,133,255,157,52,19,8,312,2,1,159,50,36,305,158,119,133,7,13,2,119,401,335,79,16,48,17,28,19,12,1,331,4,264,9.5,0.298,189,2.33,101.0,102,326,0.295,10,3.5,89,141,98.9,102.5,75.94,64,0.084,5097,98.9,2.8,334,0.363,312,91.12,9.5,9,0.136,20.9,102.5,226,102,334,22.1,8.3,0.053,0.024,129,189,0.462,91.12,10,87,31,113,0.492,89,248,92.14,98.2,82,82,6,3.5,122,24.0,0.325,0.371,3.0,24,502.0,11.0,0.378,35.0,323,0.267,90,163.0,42.0,77.0,221,0.543,0.0,0.0,0.312,0.262,407,13.0,0.369,0.279,6.0,91.0,31.0,148,21.0,0.35,0.0,247.0,0.536,177,0.0,0.0,2.0,0.0,0.0,401,0.0,62,223,NOH,62.0,0.0,416,69.0,0.339,0.341,UCLA,223,1,75,3,USA,1999,2004
1052,Ben Handlogten,Ben,1610612762,UTA,30.0,17,9,8,0.529,171.47833333333332,25,47,0.532,0,0,0.0,18,27,0.667,22,33,55,6,10,3,4,6,32,0,68,-13,154.0,0,0,143.0,377,368,66,164,372,361,374,16,289,361,289,338,333,309,305,351,343,385,370,383,328,94,79,79,361,206,366,235,19,365,1,6,356,29,13.4,0.187,415,0.6,105.3,230,17,0.181,207,-1.7,34,424,107.4,105.7,74.53,353,0.214,316,107.4,-4.7,401,0.063,7,89.43,13.5,211,0.109,2.8,105.7,28,230,401,8.1,1.5,0.175,0.138,36,415,0.532,89.43,345,345,104,304,0.577,34,415,88.56,110.0,317,306,303,-1.7,1,0.0,0.0,0.0,,1,0.0,0.0,0.333,0.0,3,0.333,3,0.0,0.0,0.0,23,0.561,,,0.0,0.0,41,0.0,0.0,0.0,,2.0,0.0,0,1.0,0.5,0.0,0.0,0.548,2,,,0.0,,,0,,1,23,UTA,1.0,0.0,42,0.0,1.0,0.0,Western Michigan,240,Undrafted,82,Undrafted,USA,Undrafted,2004
1112,Ben Wallace,Ben,1610612765,DET,29.0,81,54,27,0.667,3059.3366666666666,315,748,0.421,1,8,0.125,142,290,0.49,324,682,1006,138,123,143,246,58,162,0,773,440,3231.2,34,0,2696.0,43,22,209,67,15,103,93,235,258,249,281,106,57,408,2,2,2,131,100,6,2,384,302,79,112,10,8,13,19,21,1,10,115,363,10.8,0.152,55,1.12,99.6,42,13,0.15,332,7.3,159,32,93.2,100.4,74.7,225,0.222,5726,93.2,7.8,394,0.075,29,89.64,10.8,325,0.134,9.2,100.4,330,42,394,12.1,3.9,0.166,0.108,185,55,0.422,89.64,314,244,33,39,0.441,159,330,90.65,91.8,157,160,121,7.3,42,0.0,0.2,0.0,2.0,21,5.0,0.0,0.253,1.0,166,0.196,107,1.0,0.0,1.0,251,0.537,0.0,0.0,0.0,0.0,467,0.0,0.125,0.333,2.0,79.0,18.0,1,18.0,0.299,0.0,3.0,0.525,77,0.0,1.0,0.0,0.0,0.0,8,0.0,23,254,DET,94.0,0.0,484,1.0,0.191,0.228,Virginia Union,240,Undrafted,81,Undrafted,USA,Undrafted,2004
902,Bimbo Coles,Bimbo,1610612748,MIA,36.0,22,6,16,0.273,168.16166666666666,12,34,0.353,0,0,0.0,4,6,0.667,2,8,10,15,9,3,0,1,27,0,28,-49,62.5,0,0,59.0,360,387,112,403,374,384,384,387,289,361,289,386,384,309,400,395,399,346,375,383,398,27,75,79,387,285,389,235,19,388,1,415,407,405,14.8,0.131,307,1.67,90.1,421,417,0.124,389,-16.4,407,357,101.9,85.5,75.28,124,0.052,318,101.9,-14.1,359,0.163,403,90.34,14.8,397,-0.013,1.5,85.5,401,421,359,24.6,0.5,0.031,0.012,395,307,0.353,90.34,129,73,428,413,0.382,407,430,87.09,104.1,361,361,408,-16.4,5,0.0,0.0,0.0,0.0,1,0.0,0.0,0.2,0.0,25,1.0,1,0.0,0.0,0.0,6,0.75,0.0,0.0,0.0,0.0,8,0.0,0.167,0.0,0.0,3.0,0.0,1,1.0,0.25,,0.0,0.75,16,0.0,,,0.0,,6,,4,6,MIA,1.0,,8,0.0,1.0,0.0,Virginia Tech,182,2,74,40,USA,1990,2004
448,Bo Outlaw,Bo,1610612763,MEM,33.0,82,50,32,0.61,1613.8516666666667,159,312,0.51,0,4,0.0,61,116,0.526,125,217,342,90,69,73,70,30,170,1,379,189,1284.4,1,0,1097.0,3,34,266,110,165,200,227,29,289,274,289,226,180,389,73,127,102,190,200,87,46,280,318,21,218,45,159,178,19,176,1,151,290,146,13.2,0.123,34,1.3,97.8,61,173,0.121,406,6.1,261,30,91.0,97.2,76.9,187,0.133,3102,91.0,6.4,258,0.093,115,92.28,13.2,406,0.096,3.8,97.2,61,61,258,17.2,1.9,0.105,0.077,255,34,0.51,92.28,256,145,163,59,0.522,261,267,91.79,91.4,298,299,254,6.1,4,0.0,0.0,0.0,2.0,26,2.0,0.0,0.143,0.0,28,0.377,69,0.0,0.0,0.0,129,0.611,0.0,0.0,0.0,0.0,211,0.0,0.0,0.0,2.0,9.0,2.0,0,21.0,0.176,0.0,1.0,0.61,17,0.0,0.0,1.0,0.0,0.0,2,0.0,3,133,MEM,62.0,0.0,218,0.0,0.339,0.222,Houston,220,Undrafted,80,Undrafted,USA,Undrafted,2004
682,Bob Sura,Bob,1610612737,ATL,31.0,80,42,38,0.525,1657.3133333333333,202,485,0.416,21,79,0.266,171,226,0.757,100,226,326,233,105,62,14,29,158,0,596,-7,1459.7,12,2,1328.0,61,74,318,170,159,166,156,252,146,138,222,84,85,195,99,117,109,66,128,126,209,276,293,79,148,191,132,47,3,136,2,169,199,197,11.4,0.191,267,2.22,102.7,172,161,0.187,195,0.3,122,296,100.9,101.2,77.72,73,0.138,3212,100.9,0.7,199,0.24,178,93.26,11.3,193,0.117,6.1,101.2,291,172,199,25.1,2.5,0.1,0.061,74,267,0.438,93.26,71,68,65,161,0.51,122,250,92.08,102.0,188,197,203,0.3,44,7.0,0.292,0.278,1.0,8,48.0,2.0,0.4,18.0,110,0.222,36,14.0,12.0,30.0,129,0.496,0.0,0.0,0.233,0.167,260,5.0,0.324,0.314,1.0,26.0,6.0,22,8.0,0.413,0.0,35.0,0.485,63,0.0,1.0,0.0,0.0,0.0,68,0.0,26,129,ATL,25.0,0.0,266,11.0,0.32,0.231,Florida State,200,1,77,17,USA,1995,2004
1517,Bobby Jackson,Bobby,1610612758,SAC,31.0,50,35,15,0.7,1189.105,263,592,0.444,81,219,0.37,82,109,0.752,55,119,174,105,63,49,8,27,106,0,689,120,1163.3,1,0,1163.0,282,139,101,44,221,126,127,171,54,59,87,181,190,207,187,233,222,177,213,171,273,256,211,79,127,63,179,178,19,165,1,254,74,91,7.8,0.265,221,1.67,105.2,62,273,0.259,35,6.1,32,230,99.9,106.0,78.16,124,0.098,2313,99.9,4.7,166,0.171,216,93.79,7.8,32,0.128,11.8,106.0,57,62,166,13.1,5.3,0.071,0.045,42,221,0.513,93.79,123,226,41,83,0.538,32,148,93.88,100.4,37,36,72,6.1,72,32.0,0.336,0.414,3.0,16,146.0,20.0,0.402,29.0,179,0.333,48,49.0,41.0,70.0,94,0.644,0.0,0.0,0.457,0.488,146,12.0,0.402,0.319,5.0,26.0,12.0,84,14.0,0.391,0.0,69.0,0.621,92,0.0,0.0,1.0,0.0,0.0,209,0.0,36,95,SAC,37.0,0.0,153,22.0,0.378,0.462,Minnesota,185,1,73,23,USA,1997,2004
2250,Bobby Simmons,Bobby,1610612746,LAC,24.0,56,20,36,0.357,1373.5166666666667,147,373,0.394,2,12,0.167,141,169,0.834,115,147,262,96,73,51,17,43,169,0,437,-59,1026.4,2,0,933.0,248,286,297,343,199,215,202,314,236,232,269,108,125,73,83,196,157,188,197,162,184,336,315,79,197,300,203,146,19,204,1,182,180,273,11.8,0.168,315,1.32,99.7,219,230,0.166,277,-1.3,129,336,102.2,100.9,77.61,184,0.111,2653,102.2,-3.6,208,0.117,96,93.13,11.8,274,0.075,6.7,100.9,367,219,208,15.6,2.6,0.096,0.082,183,315,0.397,93.13,188,175,282,278,0.488,129,178,93.22,103.3,229,228,194,-1.3,62,2.0,0.0,0.25,0.0,12,5.0,1.0,0.358,4.0,173,0.255,47,0.0,3.0,7.0,71,0.504,0.0,0.0,0.286,0.333,141,1.0,0.356,0.0,0.0,33.0,9.0,16,10.0,0.362,0.0,2.0,0.5,105,0.0,0.0,0.0,0.0,0.0,45,0.0,38,74,LAC,40.0,0.0,148,0.0,0.25,0.273,DePaul,235,2,78,41,USA,2001,2004
1719,Bonzi Wells,Bonzi,1610612763,MEM,27.0,72,45,27,0.625,1871.8633333333332,363,850,0.427,22,69,0.319,138,183,0.754,78,182,260,139,161,91,19,50,197,1,886,19,1575.5,0,0,1527.0,147,59,209,100,139,82,72,218,144,145,162,111,111,201,134,163,161,128,61,54,166,370,371,21,90,141,116,235,19,113,2,257,75,301,13.1,0.263,223,0.86,99.7,168,268,0.259,36,0.5,162,191,99.9,100.4,76.74,290,0.099,3592,99.9,0.1,271,0.136,228,92.08,13.1,33,0.08,11.8,100.4,282,168,271,11.3,5.0,0.07,0.042,180,223,0.44,92.08,165,266,249,176,0.476,162,218,92.57,99.5,292,296,78,0.5,124,14.0,0.308,0.4,2.0,36,26.0,8.0,0.332,15.0,373,0.367,98,8.0,26.0,41.0,181,0.584,0.0,0.0,0.341,0.308,310,6.0,0.362,0.25,3.0,84.0,27.0,42,28.0,0.335,0.0,16.0,0.574,239,0.0,0.0,0.0,0.0,0.0,116,0.0,80,182,MEM,75.0,0.0,317,4.0,0.373,0.321,Ball State,210,1,77,11,USA,1998,2004
2564,Boris Diaw,Boris,1610612737,ATL,22.0,76,28,48,0.368,1915.235,140,313,0.447,6,26,0.231,56,93,0.602,111,231,342,182,126,59,37,15,191,0,342,-243,1187.4,1,0,1064.0,111,206,409,338,135,224,226,160,203,202,243,241,214,359,87,114,102,98,95,138,92,184,361,79,232,429,175,178,19,180,1,189,273,289,19.0,0.114,284,1.44,96.3,344,203,0.112,419,-5.9,311,300,101.4,95.5,78.51,156,0.122,3748,101.4,-5.9,148,0.154,182,94.21,18.9,419,0.063,4.1,95.5,239,344,148,27.4,1.8,0.091,0.06,295,284,0.457,94.21,141,50,324,329,0.483,311,167,93.42,102.2,411,409,265,-5.9,43,3.0,0.2,0.5,1.0,9,15.0,0.0,0.43,6.0,100,0.237,38,3.0,4.0,10.0,82,0.55,0.0,0.0,0.3,0.0,149,3.0,0.441,0.125,1.0,37.0,14.0,15,4.0,0.392,0.0,8.0,0.551,51,0.0,0.0,0.0,0.0,0.0,34,0.0,20,86,ATL,26.0,0.0,156,1.0,0.154,0.378,None,215,1,80,21,France,2003,2004
2411,Bostjan Nachbar,Bostjan,1610612745,HOU,23.0,45,25,20,0.556,507.50166666666667,47,132,0.356,23,63,0.365,21,29,0.724,8,62,70,30,23,14,14,8,72,0,138,25,328.0,0,0,317.0,295,228,132,141,322,334,324,383,142,154,95,325,327,258,363,312,326,290,329,313,209,117,152,79,324,132,332,235,19,328,1,253,344,300,11.6,0.159,69,1.3,99.1,103,210,0.153,307,3.4,252,100,94.0,97.4,76.81,187,0.119,970,94.0,2.1,266,0.103,354,92.17,11.6,314,0.049,2.9,97.4,272,103,266,15.1,1.0,0.072,0.018,210,69,0.443,92.17,225,186,367,127,0.477,252,367,90.0,96.9,212,213,360,3.4,4,4.0,0.422,0.273,0.0,0,45.0,1.0,0.154,11.0,26,0.0,5,19.0,7.0,18.0,20,0.526,0.0,0.0,0.222,0.143,38,3.0,0.325,0.364,0.0,2.0,1.0,13,0.0,0.077,0.0,33.0,0.526,13,0.0,0.0,0.0,0.0,0.0,40,0.0,1,20,HOU,6.0,0.0,38,12.0,0.0,0.5,None,221,1,81,15,Slovenia,2002,2004
1802,Brad Miller,Brad,1610612758,SAC,28.0,72,49,23,0.681,2626.555,373,731,0.51,12,38,0.316,256,329,0.778,191,552,743,312,144,68,86,68,247,3,1014,499,2691.6,32,2,2389.0,147,43,157,57,57,74,96,28,173,184,165,41,46,154,30,11,13,41,78,97,34,405,417,2,73,5,30,17,3,44,1,35,96,25,10.8,0.176,269,2.17,109.6,18,29,0.173,249,9.9,10,248,100.9,110.8,79.05,79,0.203,5184,100.9,8.9,116,0.179,114,94.86,10.8,246,0.132,10.2,110.8,47,18,116,23.5,5.2,0.143,0.078,13,269,0.518,94.86,117,76,35,25,0.579,10,65,95.54,100.7,163,158,74,9.9,138,1.0,0.344,0.0,6.0,34,32.0,1.0,0.445,0.0,310,0.324,105,11.0,1.0,1.0,189,0.682,0.0,0.0,1.0,1.0,277,0.0,0.34,0.313,7.0,64.0,23.0,16,16.0,0.514,0.0,16.0,0.664,220,0.0,0.0,0.0,0.0,0.0,47,0.0,113,200,SAC,76.0,0.0,301,5.0,0.211,0.359,Purdue,261,Undrafted,84,Undrafted,USA,Undrafted,2004
2220,Brandon Armstrong,Brandon,1610612751,NJN,24.0,56,31,25,0.554,426.49333333333334,65,175,0.371,19,52,0.365,2,4,0.5,12,31,43,14,24,12,2,6,49,0,151,-122,241.6,0,0,255.0,248,183,182,142,335,313,296,367,154,162,93,403,400,390,341,355,355,348,324,325,356,94,113,79,320,372,348,235,19,345,1,320,326,384,11.2,0.229,371,0.58,93.4,413,340,0.216,92,-14.7,384,403,104.5,89.8,76.53,362,0.081,815,104.5,-14.0,287,0.065,280,91.84,11.2,110,0.024,3.1,89.8,323,413,287,6.5,1.2,0.055,0.03,372,371,0.426,91.84,343,394,404,412,0.427,384,408,88.83,107.4,179,179,341,-14.7,32,7.0,0.387,0.429,0.0,2,31.0,4.0,0.348,7.0,92,0.222,9,12.0,14.0,21.0,12,0.545,0.0,0.0,0.333,0.286,22,3.0,0.379,0.353,0.0,14.0,7.0,22,0.0,0.3,,17.0,0.545,60,0.0,0.0,,0.0,0.0,58,0.0,18,12,NJN,4.0,,22,6.0,0.0,0.5,Pepperdine,185,1,77,23,USA,2001,2004
2599,Brandon Hunter,Brandon,1610612738,BOS,23.0,36,14,22,0.389,404.8016666666667,53,116,0.457,0,3,0.0,19,43,0.442,50,68,118,19,22,13,1,16,40,0,125,-4,315.1,1,0,290.0,329,329,149,325,341,325,334,143,289,286,289,333,298,415,202,308,282,329,332,320,378,192,96,79,332,187,335,178,19,335,1,42,317,329,12.5,0.168,102,0.86,96.4,177,82,0.163,279,0.1,280,108,96.4,96.5,81.08,288,0.169,818,96.4,-0.7,31,0.077,18,97.29,12.6,283,0.084,3.2,96.5,238,177,31,10.9,1.5,0.142,0.116,290,102,0.457,97.29,306,276,228,200,0.463,280,19,96.89,97.2,270,261,302,0.1,2,0.0,0.0,0.0,2.0,6,1.0,0.0,0.154,0.0,13,0.3,20,0.0,0.0,0.0,45,0.563,0.0,0.0,0.0,0.0,80,0.0,0.0,0.0,3.0,5.0,2.0,0,3.0,0.125,0.0,0.0,0.553,8,0.0,,0.0,0.0,,1,,1,47,BOS,14.0,0.0,85,0.0,0.214,0.4,Ohio,260,2,79,56,USA,2003,2004
2217,Brendan Haywood,Brendan,1610612764,WAS,24.0,77,24,53,0.312,1493.1783333333333,200,388,0.515,0,1,0.0,137,234,0.585,186,201,387,43,80,32,100,24,154,0,537,-75,1381.9,3,0,1231.0,102,244,424,373,183,168,193,26,289,323,289,113,81,373,34,144,81,268,177,225,30,241,288,79,167,327,144,124,19,152,1,72,233,68,13.0,0.17,218,0.54,96.3,253,153,0.168,273,-2.5,256,165,99.8,97.3,76.92,369,0.141,2870,99.8,-2.7,256,0.051,17,92.31,13.0,267,0.098,5.0,97.3,51,253,256,7.0,2.6,0.129,0.118,298,218,0.515,92.31,381,378,151,251,0.547,256,182,93.15,99.0,289,292,196,-2.5,16,0.0,0.0,0.0,,44,1.0,0.0,0.296,0.0,54,0.361,122,0.0,0.0,0.0,140,0.664,,,0.0,0.0,211,0.0,0.0,0.0,0.0,41.0,9.0,0,28.0,0.471,0.0,1.0,0.638,17,0.0,0.0,0.0,0.0,0.0,0,0.0,8,155,WAS,86.0,0.0,243,0.0,0.326,0.22,North Carolina,268,1,84,20,USA,2001,2004
699,Brent Barry,Brent,1610612760,SEA,32.0,59,30,29,0.508,1802.4833333333333,215,427,0.504,114,252,0.452,91,110,0.827,21,183,204,342,139,85,16,17,121,1,635,41,1556.8,6,0,1497.0,232,191,233,188,144,151,178,36,29,47,17,171,188,89,307,160,193,33,82,65,193,199,234,21,137,114,122,86,19,118,1,303,163,4,14.5,0.156,409,2.46,106.7,169,253,0.152,318,0.4,22,384,106.8,107.2,77.68,51,0.104,3513,106.8,1.2,204,0.29,398,93.22,14.6,317,0.124,7.2,107.2,4,169,204,36.0,3.6,0.059,0.012,23,409,0.637,93.22,26,11,48,151,0.668,22,146,93.96,105.6,357,352,134,0.4,25,9.0,0.479,0.25,1.0,11,219.0,6.0,0.472,12.0,53,0.5,22,105.0,20.0,32.0,65,0.65,0.0,0.0,0.281,0.3,100,3.0,0.5,0.439,2.0,7.0,3.0,58,9.0,0.318,0.0,157.0,0.645,22,0.0,0.0,0.0,0.0,0.0,116,0.0,7,69,SEA,16.0,0.0,107,69.0,0.563,0.429,Oregon State,203,1,78,15,USA,1995,2004
1510,Brevin Knight,Brevin,1610612749,MIL,28.0,56,18,38,0.321,1033.295,105,246,0.427,2,8,0.25,49,65,0.754,14,98,112,204,72,84,1,13,107,0,261,-115,884.4,1,0,749.0,248,303,318,366,234,256,255,219,236,249,228,254,256,202,334,262,288,86,199,68,378,161,212,79,257,363,220,178,19,228,3,314,260,304,13.1,0.156,242,2.83,95.0,327,264,0.153,317,-5.5,326,183,100.3,94.8,77.75,24,0.101,2006,100.3,-4.3,196,0.343,381,93.3,13.0,313,0.105,4.4,94.8,312,327,196,37.0,1.9,0.057,0.014,341,242,0.431,93.3,13,9,121,295,0.475,326,163,93.61,99.4,291,295,262,-5.5,64,0.0,0.333,0.0,0.0,13,6.0,0.0,0.408,1.0,157,0.382,34,2.0,1.0,2.0,26,0.553,0.0,0.0,0.0,0.0,47,0.0,0.52,0.2,1.0,32.0,11.0,13,8.0,0.391,0.0,5.0,0.538,110,1.0,0.0,0.0,1.0,0.0,25,0.0,43,28,MIL,21.0,0.0,52,1.0,0.381,0.344,Stanford,170,1,70,16,USA,1997,2004
2073,Brian Cardinal,Brian,1610612744,GSW,27.0,76,32,44,0.421,1631.355,220,466,0.472,55,124,0.444,238,271,0.878,100,217,317,103,84,66,20,40,206,1,733,141,1441.9,4,0,1380.0,111,177,381,289,162,150,165,104,92,113,21,49,64,28,99,127,116,179,167,108,152,324,381,21,117,57,135,111,19,130,1,165,194,6,10.9,0.189,250,1.23,104.6,88,158,0.183,199,4.3,48,260,100.5,104.7,76.45,207,0.138,3122,100.5,3.7,292,0.106,171,91.74,11.0,200,0.121,6.1,104.7,30,88,292,13.5,2.9,0.1,0.063,49,250,0.531,91.74,213,215,55,95,0.626,48,278,91.57,101.0,169,166,176,4.3,71,29.0,0.431,0.4,4.0,22,58.0,19.0,0.461,25.0,154,0.31,71,25.0,37.0,62.0,72,0.615,0.25,1.0,0.468,0.514,117,10.0,0.436,0.475,4.0,36.0,15.0,48,14.0,0.511,0.0,40.0,0.559,92,0.25,1.0,2.0,1.0,0.0,110,0.0,47,76,GSW,45.0,0.0,136,19.0,0.311,0.417,Purdue,245,2,80,44,USA,2000,2004
2567,Brian Cook,Brian,1610612747,LAL,23.0,35,23,12,0.657,437.77166666666665,67,141,0.475,0,5,0.0,21,28,0.75,31,70,101,20,17,16,16,4,64,0,155,-7,385.2,1,0,340.0,332,253,86,79,334,307,317,93,289,263,289,325,329,209,267,302,300,324,348,303,193,64,139,79,318,191,315,178,19,320,1,128,279,215,8.9,0.172,163,1.18,98.1,227,74,0.166,266,-1.7,281,242,98.1,96.4,81.05,213,0.172,891,98.1,-2.5,32,0.079,170,97.26,8.9,271,0.089,4.0,96.4,181,227,32,10.5,1.9,0.113,0.063,247,163,0.475,97.26,299,285,196,245,0.505,281,80,95.2,100.6,67,67,257,-1.7,39,0.0,0.0,0.0,0.0,7,4.0,0.0,0.453,0.0,86,0.368,19,0.0,1.0,1.0,21,0.677,0.0,0.0,0.0,0.0,31,0.0,0.313,0.0,0.0,19.0,9.0,5,2.0,0.468,0.0,2.0,0.688,62,0.0,0.0,0.0,0.0,0.0,16,0.0,29,22,LAL,10.0,0.0,32,0.0,0.2,0.474,Illinois,234,1,81,24,USA,2003,2004
258,Brian Grant,Brian,1610612748,MIA,32.0,76,40,36,0.526,2302.23,289,613,0.471,0,1,0.0,86,110,0.782,174,350,524,69,82,51,35,47,254,1,664,32,1572.3,10,0,1429.0,111,95,297,169,90,112,120,107,289,323,289,176,188,152,41,48,39,219,172,162,96,353,427,21,134,122,118,61,19,123,1,107,139,228,10.1,0.151,215,0.84,99.6,160,95,0.15,334,1.0,137,185,99.7,100.8,75.07,299,0.162,4314,99.7,0.1,373,0.051,118,90.08,10.1,323,0.082,8.1,100.8,198,160,373,8.5,3.8,0.118,0.076,189,215,0.471,90.08,379,337,239,175,0.502,137,323,90.79,99.4,116,120,128,1.0,165,0.0,0.0,0.0,1.0,12,0.0,0.0,0.444,0.0,372,0.261,46,0.0,0.0,0.0,112,0.577,0.0,0.0,0.0,0.0,194,0.0,0.406,0.0,1.0,50.0,21.0,13,11.0,0.455,0.0,0.0,0.545,286,0.0,0.0,0.0,0.0,0.0,32,0.0,130,114,MIA,35.0,0.0,209,0.0,0.314,0.42,Xavier,254,1,81,8,USA,1994,2004
2243,Brian Scalabrine,Brian,1610612751,NJN,26.0,69,43,26,0.623,917.0016666666667,86,218,0.394,10,41,0.244,58,70,0.829,42,131,173,65,42,21,14,9,113,0,240,-29,608.1,0,0,558.0,177,67,194,103,252,278,266,313,181,175,238,235,249,86,233,214,225,227,270,279,209,122,223,79,269,248,263,235,19,264,1,180,322,291,11.8,0.152,76,1.55,95.1,232,135,0.147,330,-1.8,358,82,94.5,92.8,76.47,146,0.145,1754,94.5,-0.7,291,0.123,207,91.76,11.7,340,0.075,3.2,92.8,334,232,291,18.2,1.2,0.097,0.047,338,76,0.417,91.76,177,134,279,198,0.482,358,364,90.02,95.8,222,224,331,-1.8,39,5.0,0.172,0.333,0.0,10,29.0,4.0,0.386,3.0,101,0.5,20,5.0,9.0,12.0,27,0.482,0.0,0.0,0.417,0.444,56,1.0,0.388,0.158,0.0,15.0,6.0,19,4.0,0.387,0.0,19.0,0.492,62,0.0,0.0,0.0,0.0,0.0,49,0.0,24,30,NJN,12.0,0.0,61,3.0,0.333,0.4,Southern California,240,2,81,34,USA,2001,2004
1730,Brian Skinner,Brian,1610612749,MIL,28.0,56,29,27,0.518,1579.975,255,513,0.497,0,0,0.0,79,138,0.572,119,292,411,49,78,30,61,44,165,0,589,-50,1350.7,11,0,1231.0,248,195,209,182,173,133,150,47,289,361,289,186,154,380,77,73,72,256,182,233,56,339,308,79,150,287,148,53,19,152,1,67,116,177,11.1,0.189,383,0.63,102.8,221,51,0.187,200,-1.4,70,369,105.0,103.6,76.86,347,0.187,3033,105.0,-1.9,261,0.052,116,92.23,11.1,187,0.09,9.2,103.6,89,221,261,7.0,4.6,0.132,0.076,68,383,0.497,92.23,378,379,189,228,0.513,70,207,92.69,104.7,174,175,96,-1.4,49,0.0,0.0,0.0,0.0,63,0.0,0.0,0.331,0.0,148,0.488,129,0.0,0.0,0.0,143,0.606,0.0,0.0,0.0,0.0,236,0.0,0.5,0.0,0.0,95.0,34.0,1,54.0,0.318,0.0,0.0,0.585,44,0.0,0.0,0.0,0.0,0.0,2,0.0,14,152,MIL,112.0,0.0,260,0.0,0.482,0.358,Baylor,265,1,81,22,USA,1998,2004
2639,Britton Johnsen,Britton,1610612753,ORL,24.0,20,4,16,0.2,291.81166666666667,17,59,0.288,1,12,0.083,7,16,0.438,15,30,45,12,14,7,1,6,28,0,42,-92,124.0,0,0,116.0,369,394,112,424,355,371,366,419,258,232,288,375,365,416,331,360,353,360,359,355,378,94,76,79,377,345,371,235,19,372,1,237,342,422,15.2,0.126,359,0.86,89.1,419,231,0.124,400,-15.7,393,382,104.0,88.3,75.25,292,0.11,546,104.0,-16.4,361,0.072,212,90.3,15.1,400,0.008,3.0,88.3,422,419,361,12.9,0.9,0.075,0.046,403,359,0.297,90.3,320,228,414,422,0.318,393,389,89.23,105.5,367,368,380,-15.7,3,0.0,0.1,0.0,,0,10.0,0.0,0.143,1.0,21,0.0,3,1.0,1.0,2.0,13,0.565,,,0.0,0.0,23,0.0,0.154,0.0,0.0,2.0,1.0,2,0.0,0.1,,8.0,0.542,10,0.0,,,0.0,,13,,1,13,ORL,2.0,,24,0.0,0.0,0.5,Utah,210,Undrafted,82,Undrafted,USA,Undrafted,2004
1477,Bruce Bowen,Bruce,1610612759,SAS,33.0,82,57,25,0.695,2627.1866666666665,211,502,0.42,77,212,0.363,66,114,0.579,45,208,253,113,90,84,33,32,166,1,565,394,1299.1,0,0,1242.0,3,7,182,46,56,154,153,238,61,64,98,211,183,377,221,138,168,164,155,68,100,294,312,21,157,18,154,235,19,150,1,358,195,186,11.9,0.115,35,1.26,99.1,33,354,0.113,418,8.3,197,26,91.2,99.5,75.23,201,0.077,4933,91.2,8.7,364,0.068,353,90.27,11.9,416,0.057,6.1,99.5,91,33,364,15.0,2.6,0.048,0.018,206,35,0.497,90.27,332,187,346,27,0.512,197,322,90.82,90.4,233,233,199,8.3,52,67.0,0.323,0.388,0.0,23,31.0,27.0,0.426,103.0,122,0.354,65,10.0,78.0,181.0,59,0.573,0.0,0.0,0.37,0.346,103,40.0,0.374,0.375,0.0,49.0,17.0,80,21.0,0.464,0.0,16.0,0.535,56,0.0,0.0,0.0,0.0,0.0,214,0.0,26,61,SAS,53.0,0.0,114,6.0,0.396,0.347,California State-Fullerton,200,Undrafted,79,Undrafted,USA,Undrafted,2004
1743,Bruno Sundov,Bruno,1610612752,NYK,24.0,5,1,4,0.2,30.72,4,10,0.4,0,0,0.0,3,6,0.5,2,8,10,1,3,0,0,0,9,0,11,-9,21.5,0,0,22.0,418,424,30,424,417,409,413,300,289,361,289,394,384,390,400,395,399,413,405,419,398,1,43,79,410,196,413,235,19,411,2,27,392,375,18.0,0.24,14,0.33,74.3,417,5,0.229,67,-15.3,436,12,84.7,69.5,76.82,410,0.242,59,84.7,-9.9,265,0.091,191,92.19,17.6,83,0.0,2.0,69.5,361,417,265,5.9,0.8,0.147,0.057,435,14,0.4,92.19,263,406,419,389,0.435,436,383,89.47,84.2,400,403,387,-15.3,2,0.0,0.0,0.0,,1,0.0,0.0,0.5,0.0,4,0.5,2,0.0,0.0,0.0,1,0.25,,,0.0,0.0,4,0.0,0.0,0.0,,0.0,0.0,0,1.0,0.667,,0.0,0.25,3,,,,,,1,,2,1,NYK,2.0,,4,0.0,0.5,0.0,None,246,2,86,35,Croatia,1998,2004
1724,Bryce Drew,Bryce,1610612740,NOH,29.0,15,9,6,0.6,76.06333333333333,4,18,0.222,1,7,0.143,3,3,1.0,0,6,6,13,8,4,0,0,1,0,12,-22,42.7,0,0,40.0,389,368,49,117,399,409,400,429,258,256,278,394,409,1,427,401,411,356,379,377,398,1,4,79,408,232,402,235,19,402,1,393,420,427,19.8,0.16,320,1.63,94.1,416,301,0.147,303,-15.2,400,411,102.5,87.3,85.98,132,0.09,165,102.5,-14.1,12,0.26,420,103.18,20.0,337,0.045,1.2,87.3,429,416,12,32.5,0.3,0.041,0.0,361,320,0.25,103.18,51,21,377,414,0.311,400,28,96.65,108.2,419,419,431,-15.2,1,0.0,0.25,0.0,,0,4.0,0.0,0.125,3.0,8,0.0,1,1.0,0.0,3.0,2,1.0,,,0.0,0.0,2,0.0,0.1,0.0,,2.0,0.0,1,0.0,0.25,,0.0,1.0,4,,,,,,10,,1,2,NOH,0.0,,2,0.0,0.0,0.0,Valparaiso,184,1,75,16,USA,1998,2004
935,Bryon Russell,Bryon,1610612747,LAL,33.0,72,46,26,0.639,934.9216666666666,98,244,0.402,43,112,0.384,50,65,0.769,32,114,146,71,37,32,12,5,110,0,289,36,665.7,0,0,637.0,147,56,194,92,247,265,257,294,112,120,60,253,256,166,265,242,249,212,284,225,231,75,218,79,244,119,251,235,19,246,1,231,307,116,9.7,0.15,162,1.92,100.9,134,197,0.146,343,2.1,170,192,98.0,100.2,79.75,97,0.124,1862,98.0,1.4,73,0.122,269,95.7,9.7,341,0.08,3.4,100.2,117,134,73,18.5,1.4,0.077,0.033,130,162,0.49,95.7,181,129,251,144,0.53,170,114,94.6,99.5,91,94,317,2.1,36,15.0,0.373,0.353,1.0,3,75.0,9.0,0.391,17.0,92,0.273,11,28.0,19.0,36.0,16,0.552,0.0,0.0,0.417,0.474,29,6.0,0.396,0.378,1.0,10.0,3.0,42,3.0,0.405,0.0,45.0,0.552,42,0.0,0.0,0.0,0.0,0.0,106,0.0,17,16,LAL,11.0,0.0,29,17.0,0.273,0.3,Long Beach State,225,2,79,45,USA,1993,2004
384,Calbert Cheaney,Calbert,1610612744,GSW,32.0,79,37,42,0.468,2061.8416666666667,278,578,0.481,0,10,0.0,47,77,0.61,77,183,260,136,85,60,12,34,184,0,603,7,1250.0,2,0,1143.0,77,123,365,233,119,116,132,76,289,240,289,259,241,356,140,160,161,136,165,135,231,298,345,79,147,164,163,146,19,168,1,267,161,258,10.2,0.158,288,1.6,101.9,167,296,0.156,311,0.5,101,254,101.5,101.9,75.87,135,0.092,3905,101.5,1.1,339,0.112,240,91.05,10.2,302,0.068,7.3,101.9,146,167,339,16.3,3.5,0.065,0.039,92,288,0.481,91.05,200,164,306,152,0.493,101,291,91.35,100.8,126,125,142,0.5,137,0.0,0.0,0.0,2.0,52,3.0,0.0,0.399,2.0,343,0.531,98,0.0,3.0,5.0,89,0.701,0.0,0.0,0.0,0.0,127,0.0,0.3,0.0,2.0,89.0,34.0,9,37.0,0.413,0.0,2.0,0.662,242,0.0,0.0,0.0,0.0,0.0,30,0.0,100,98,GSW,65.0,0.0,148,0.0,0.569,0.382,Indiana,217,1,79,6,USA,1993,2004
1916,Calvin Booth,Calvin,1610612760,SEA,28.0,71,31,40,0.437,1197.7283333333332,135,290,0.466,0,2,0.0,75,94,0.798,86,194,280,28,45,17,101,29,150,0,345,-65,1032.0,0,0,889.0,160,183,338,274,220,228,238,122,289,305,289,194,210,127,125,151,139,295,258,296,28,276,284,79,230,312,201,235,19,209,1,121,274,153,11.1,0.144,361,0.62,101.4,246,106,0.142,360,-2.3,109,348,104.1,101.8,78.03,348,0.156,2331,104.1,-2.4,176,0.037,136,93.64,11.1,358,0.078,4.1,101.8,213,246,176,6.9,1.9,0.115,0.071,116,361,0.466,93.64,407,380,265,241,0.521,109,150,93.87,103.9,175,174,260,-2.3,44,0.0,0.0,0.0,0.0,9,1.0,0.0,0.358,1.0,123,0.209,43,0.0,0.0,1.0,82,0.672,0.0,0.0,0.0,0.0,122,0.0,0.308,0.0,0.0,46.0,14.0,4,9.0,0.342,0.0,1.0,0.634,73,0.0,0.0,0.0,0.0,0.0,13,0.0,25,83,SEA,26.0,0.0,131,0.0,0.346,0.304,Penn State,231,2,83,35,USA,1999,2004
2306,Carlos Arroyo,Carlos,1610612762,UTA,24.0,71,35,36,0.493,2002.5216666666668,339,768,0.441,38,117,0.325,181,225,0.804,41,144,185,355,156,63,5,48,165,0,897,-19,1699.5,4,0,1611.0,160,139,297,214,129,89,88,179,121,117,155,79,86,118,240,199,212,30,64,123,313,363,308,79,88,225,108,111,19,109,1,349,88,164,11.3,0.236,343,2.28,101.2,204,343,0.233,77,-0.9,88,313,103.5,102.5,73.44,68,0.079,3684,103.5,-1.4,431,0.329,328,88.12,11.3,68,0.122,10.8,102.5,212,204,431,25.7,4.8,0.05,0.021,122,343,0.466,88.12,16,64,52,218,0.517,88,399,89.08,102.6,189,189,87,-0.9,182,10.0,0.3,0.462,2.0,32,90.0,4.0,0.447,13.0,407,0.451,71,27.0,9.0,22.0,88,0.5,0.0,0.0,0.455,0.444,176,6.0,0.451,0.31,2.0,82.0,40.0,92,7.0,0.414,0.0,29.0,0.495,239,0.0,2.0,1.0,0.0,1.0,204,0.5,99,91,UTA,25.0,0.0,184,9.0,0.28,0.488,Florida International,202,Undrafted,74,Undrafted,Puerto Rico,Undrafted,2004
2430,Carlos Boozer,Carlos,1610612739,CLE,22.0,75,34,41,0.453,2597.6033333333335,471,900,0.523,1,6,0.167,219,285,0.768,230,627,857,148,134,74,55,67,199,0,1162,33,2665.4,41,0,2426.0,120,158,353,246,59,40,66,21,258,260,269,59,60,173,14,4,5,123,87,86,63,404,373,79,51,121,34,8,19,40,1,14,70,38,10.2,0.198,317,1.1,101.7,162,6,0.196,166,0.8,80,271,102.3,103.2,77.52,228,0.238,5030,102.3,0.5,216,0.098,78,93.02,10.3,161,0.154,12.0,103.2,38,162,216,11.3,6.3,0.162,0.087,103,317,0.524,93.02,238,263,9,165,0.567,80,135,94.21,101.2,129,129,45,0.8,135,0.0,0.167,0.0,0.0,41,6.0,0.0,0.402,0.0,336,0.325,126,1.0,0.0,0.0,294,0.681,0.0,0.0,0.0,0.0,432,0.0,0.444,0.0,0.0,144.0,66.0,4,29.0,0.381,0.0,4.0,0.661,194,0.0,0.0,0.0,0.0,0.0,9,0.0,74,298,CLE,98.0,0.0,451,0.0,0.296,0.458,Duke,258,2,81,34,USA,2002,2004
2546,Carmelo Anthony,Carmelo,1610612743,DEN,20.0,82,43,39,0.524,2991.2316666666666,624,1465,0.426,69,214,0.322,408,525,0.777,183,315,498,227,247,97,41,138,225,1,1725,65,2830.1,11,0,2795.0,3,67,326,171,20,6,5,221,74,63,157,5,7,156,35,61,49,69,5,37,82,441,404,21,6,96,20,53,19,16,1,211,13,207,11.4,0.283,325,0.92,102.2,158,240,0.282,18,1.1,65,284,102.5,103.6,79.77,273,0.108,5965,102.5,0.6,72,0.134,180,95.72,11.3,14,0.105,17.9,103.6,256,158,72,10.4,7.6,0.084,0.061,87,325,0.449,95.72,166,290,118,163,0.509,65,21,96.86,101.6,194,196,18,1.1,172,6.0,0.323,0.222,0.0,21,195.0,4.0,0.354,9.0,486,0.221,95,63.0,10.0,19.0,362,0.54,0.0,0.0,0.316,0.4,670,2.0,0.366,0.33,1.0,59.0,21.0,89,14.0,0.338,0.0,97.0,0.534,302,0.0,3.0,3.0,0.0,0.0,243,0.0,102,366,DEN,72.0,0.0,685,32.0,0.194,0.356,Syracuse,220,1,80,3,USA,2003,2004
2406,Caron Butler,Caron,1610612748,MIA,24.0,68,39,29,0.574,2025.6733333333334,240,631,0.38,10,42,0.238,133,176,0.756,92,234,326,126,91,75,13,58,162,0,623,85,1376.2,5,0,1261.0,186,105,233,131,123,138,116,352,181,172,240,121,117,199,114,112,109,144,153,85,222,384,302,79,140,80,145,100,19,146,1,214,114,365,9.8,0.185,193,1.38,100.2,144,207,0.183,212,1.7,144,143,99.0,100.7,75.11,164,0.121,3814,99.0,1.9,372,0.106,210,90.13,9.8,201,0.072,9.3,100.7,381,144,372,13.6,3.5,0.083,0.046,154,193,0.388,90.13,215,214,290,133,0.44,144,328,90.72,98.3,104,109,141,1.7,106,2.0,0.259,0.333,9.0,18,27.0,1.0,0.342,3.0,310,0.269,67,7.0,2.0,5.0,107,0.502,0.0,0.0,0.4,0.5,213,1.0,0.307,0.429,10.0,49.0,15.0,35,15.0,0.351,0.0,14.0,0.495,171,0.0,1.0,1.0,0.0,0.0,114,0.0,60,109,MIA,51.0,0.0,220,6.0,0.294,0.306,Connecticut,217,1,79,10,USA,2002,2004
2418,Casey Jacobsen,Casey,1610612756,PHX,23.0,78,25,53,0.321,1831.1916666666666,150,360,0.417,75,180,0.417,91,111,0.82,42,159,201,98,68,48,9,25,144,0,466,-94,957.2,0,0,954.0,91,228,424,368,142,210,205,248,66,84,30,171,186,94,233,184,198,184,202,173,262,247,268,79,186,350,211,235,19,202,1,321,251,35,11.8,0.118,217,1.44,96.9,260,320,0.116,413,-2.6,263,212,99.8,97.1,79.31,157,0.086,3632,99.8,-3.1,94,0.084,314,95.18,11.8,410,0.066,4.6,97.1,43,260,94,17.0,1.9,0.055,0.023,282,217,0.521,95.18,280,149,314,266,0.57,263,83,95.17,100.0,228,227,255,-2.6,22,36.0,0.402,0.394,0.0,1,97.0,23.0,0.319,33.0,69,0.111,9,39.0,50.0,83.0,52,0.51,0.0,0.0,0.434,0.46,102,13.0,0.419,0.429,0.0,10.0,1.0,57,1.0,0.293,0.0,63.0,0.495,41,0.0,0.0,0.0,0.0,0.0,136,0.0,12,52,PHX,5.0,0.0,105,27.0,0.2,0.1,Stanford,215,1,78,22,USA,2002,2004
2456,Cezary Trybanski,Cezary,1610612752,NYK,24.0,7,2,5,0.286,12.811666666666667,0,4,0.0,0,0,0.0,1,2,0.5,0,1,1,0,2,1,1,0,3,0,1,-13,6.2,0,0,6.0,407,413,36,391,434,438,429,438,289,361,289,413,412,390,427,427,433,426,418,403,378,1,22,79,438,206,431,235,19,434,2,404,436,438,29.1,0.258,98,0.0,46.8,438,267,0.233,41,-50.0,441,247,96.2,46.2,81.18,423,0.1,26,96.2,-53.8,30,0.0,420,97.41,28.6,69,-0.325,0.6,46.2,438,438,30,0.0,0.0,0.038,0.0,441,98,0.0,97.41,426,426,441,438,0.102,441,116,94.56,100.6,433,435,438,-50.0,0,0.0,0.0,0.0,,0,0.0,,0.0,0.0,4,0.0,0,0.0,,0.0,0,0.0,,,0.0,,0,0.0,0.0,0.0,,1.0,0.0,0,0.0,0.0,,0.0,0.0,1,,,,,,0,,0,0,NYK,2.0,,0,0.0,0.0,0.0,None,240,Undrafted,86,Undrafted,Poland,Undrafted,2004
891,Charles Oakley,Charles,1610612745,HOU,40.0,7,2,5,0.286,23.706666666666667,2,6,0.333,0,0,0.0,5,6,0.833,0,5,5,2,1,0,0,1,8,0,9,4,17.0,0,0,16.0,407,413,36,391,423,420,423,399,289,361,289,381,384,74,427,408,414,402,426,419,398,27,40,79,413,169,418,235,19,420,1,423,431,151,8.6,0.165,393,2.0,115.9,23,31,0.161,287,9.4,5,434,105.5,114.8,91.96,90,0.2,54,105.5,-7.9,3,0.1,420,110.35,8.3,286,0.025,0.9,114.8,408,23,3,16.7,0.3,0.0,0.0,5,393,0.333,110.35,232,157,402,365,0.521,5,7,101.56,123.8,44,53,429,9.4,1,0.0,0.0,0.0,0.0,0,0.0,0.0,0.25,0.0,4,0.0,0,0.0,0.0,0.0,1,0.5,0.0,0.0,0.0,0.0,2,0.0,0.0,0.0,0.0,1.0,1.0,0,0.0,0.0,,0.0,0.5,3,0.0,,,0.0,,0,,0,1,HOU,0.0,,2,0.0,0.0,1.0,Virginia Union,245,1,81,9,USA,1985,2004
369,Charlie Ward,Charlie,1610612759,SAS,33.0,71,38,33,0.535,1252.805,160,390,0.41,84,206,0.408,20,27,0.741,12,132,144,215,96,64,11,14,107,0,424,-71,1048.3,1,0,1017.0,160,114,273,158,210,199,192,267,49,69,32,328,333,232,341,212,253,77,148,118,243,172,212,79,201,322,198,178,19,186,2,312,217,127,13.5,0.184,106,2.24,94.3,250,247,0.18,220,-2.4,344,93,96.5,94.1,77.36,70,0.105,2416,96.5,-2.5,227,0.303,411,92.83,13.5,222,0.114,5.5,94.1,48,250,227,30.2,2.3,0.057,0.01,356,106,0.518,92.83,24,33,78,243,0.528,344,217,92.59,96.8,312,312,227,-2.4,23,15.0,0.416,0.353,2.0,15,166.0,9.0,0.338,17.0,68,0.395,38,69.0,20.0,37.0,38,0.481,0.0,0.0,0.405,0.45,79,6.0,0.372,0.461,2.0,24.0,11.0,55,9.0,0.4,0.0,76.0,0.449,25,0.0,1.0,1.0,0.0,0.0,148,0.0,10,40,SAS,24.0,0.0,89,35.0,0.375,0.458,Florida State,185,1,74,26,USA,1994,2004
1497,Chauncey Billups,Chauncey,1610612765,DET,27.0,78,51,27,0.654,2772.2966666666666,392,996,0.394,130,335,0.388,404,460,0.878,35,241,276,446,189,84,8,62,177,0,1318,413,2405.2,5,1,2354.0,91,32,209,82,43,66,47,316,22,25,57,6,15,27,256,105,143,15,35,68,273,395,332,79,39,13,51,100,7,45,1,341,58,59,10.3,0.233,64,2.36,100.7,43,311,0.229,84,7.3,123,46,93.8,101.1,75.06,61,0.087,5220,93.8,7.6,377,0.289,388,90.07,10.3,82,0.137,12.8,101.1,233,43,377,24.3,5.0,0.051,0.013,139,64,0.459,90.07,27,74,29,44,0.55,123,332,90.61,93.1,132,135,79,7.3,122,28.0,0.368,0.45,0.0,24,277.0,10.0,0.357,40.0,342,0.338,71,102.0,18.0,58.0,116,0.468,0.0,0.0,0.483,0.556,248,18.0,0.441,0.345,0.0,97.0,34.0,94,13.0,0.342,0.0,200.0,0.462,190,0.0,1.0,1.0,0.0,0.0,213,0.0,65,117,DET,41.0,0.0,253,69.0,0.317,0.351,Colorado,202,1,75,3,USA,1997,2004
685,Cherokee Parks,Cherokee,1610612744,GSW,31.0,12,7,5,0.583,58.37,4,10,0.4,0,0,0.0,4,6,0.667,4,6,10,1,2,0,3,1,7,0,12,-20,32.5,0,0,29.0,393,383,36,124,406,409,413,300,289,361,289,386,384,309,385,401,399,413,418,419,342,27,36,79,408,227,405,235,19,407,1,193,432,305,12.8,0.12,79,0.5,83.7,411,233,0.118,409,-14.4,426,89,95.1,80.7,82.58,374,0.109,119,95.1,-12.6,22,0.03,136,99.09,12.5,408,0.033,0.8,80.7,361,411,22,6.3,0.3,0.09,0.071,424,79,0.4,99.09,415,397,392,404,0.475,426,27,96.66,96.3,261,279,426,-14.4,2,0.0,0.0,0.0,0.0,0,0.0,0.0,0.5,0.0,4,0.0,0,0.0,0.0,0.0,2,0.333,0.0,0.0,0.0,0.0,6,0.0,0.0,0.0,0.0,1.0,1.0,0,0.0,0.333,,0.0,0.333,3,0.0,0.0,,0.0,0.0,0,0.0,1,2,GSW,0.0,,6,0.0,0.0,1.0,Duke,240,1,83,12,USA,1995,2004
2365,Chris Andersen,Chris,1610612743,DEN,25.0,71,39,32,0.549,1028.5183333333334,90,203,0.443,0,1,0.0,63,107,0.589,89,209,298,35,48,34,114,18,119,0,243,-15,1049.1,2,0,872.0,160,105,266,144,235,271,275,173,289,323,289,223,191,372,120,137,127,282,247,216,22,210,232,79,268,210,197,146,19,215,1,52,347,278,14.4,0.128,126,0.73,98.1,171,44,0.126,398,0.3,253,119,97.1,97.4,80.97,322,0.191,2071,97.1,0.5,33,0.053,95,97.17,14.2,393,0.096,2.9,97.4,271,171,33,10.4,1.3,0.137,0.082,248,126,0.443,97.17,373,292,162,167,0.486,253,29,96.57,97.6,341,348,329,0.3,21,0.0,0.5,0.0,0.0,2,2.0,0.0,0.328,0.0,64,0.143,14,1.0,0.0,0.0,66,0.537,0.0,0.0,0.0,0.0,123,0.0,0.308,0.0,1.0,13.0,4.0,4,2.0,0.333,0.0,0.0,0.537,42,0.0,0.0,0.0,0.0,0.0,13,0.0,14,66,DEN,11.0,0.0,123,0.0,0.182,0.308,Blinn J.C.,220,Undrafted,82,Undrafted,USA,Undrafted,2004
2547,Chris Bosh,Chris,1610612761,TOR,20.0,75,29,46,0.387,2516.485,327,712,0.459,5,14,0.357,202,288,0.701,191,366,557,78,107,59,106,64,215,0,861,-162,2034.4,13,0,1831.0,120,195,394,328,67,97,103,139,211,224,107,66,59,284,30,40,36,202,122,138,23,401,392,79,93,398,82,46,19,91,1,116,106,178,10.5,0.182,185,0.73,95.6,273,119,0.18,234,-3.2,305,166,98.8,95.6,74.76,323,0.152,4696,98.8,-3.4,389,0.056,110,89.71,10.4,220,0.1,9.5,95.6,222,273,389,7.6,4.4,0.115,0.079,321,185,0.463,89.71,363,369,144,273,0.513,305,379,89.6,99.0,138,140,101,-3.2,128,2.0,0.273,0.0,0.0,40,11.0,2.0,0.375,0.0,341,0.388,103,3.0,3.0,3.0,154,0.606,0.0,0.0,0.667,0.667,254,0.0,0.353,0.25,0.0,150.0,60.0,6,30.0,0.359,0.0,4.0,0.594,184,0.0,0.0,2.0,0.0,0.0,17,0.0,66,164,TOR,79.0,0.0,276,1.0,0.38,0.4,Georgia Tech,210,1,82,4,USA,2003,2004
1544,Chris Crawford,Chris,1610612737,ATL,29.0,56,18,38,0.321,1209.41,211,471,0.448,44,113,0.389,103,119,0.866,58,117,175,45,55,37,20,30,131,0,569,-100,962.5,0,0,947.0,248,303,318,366,216,154,161,158,111,119,55,152,174,39,180,238,220,263,228,202,152,280,247,79,156,355,208,235,19,203,1,242,131,75,8.8,0.214,401,0.82,101.7,308,260,0.211,133,-4.4,110,398,106.1,101.7,78.72,303,0.102,2382,106.1,-5.2,139,0.068,206,94.46,8.8,126,0.087,8.4,101.7,98,308,139,7.2,3.8,0.074,0.048,102,401,0.495,94.46,330,375,210,316,0.544,110,143,94.06,107.0,61,61,130,-4.4,66,11.0,0.375,0.625,0.0,20,88.0,6.0,0.373,8.0,177,0.385,52,33.0,17.0,25.0,81,0.628,0.0,0.0,0.44,0.353,129,5.0,0.489,0.333,0.0,41.0,13.0,44,15.0,0.34,,63.0,0.62,97,0.0,0.0,,0.0,0.0,90,0.0,33,85,ATL,43.0,,137,21.0,0.349,0.317,Marquette,235,2,81,50,USA,1997,2004
2423,Chris Jefferies,Chris,1610612741,CHI,24.0,21,5,16,0.238,197.58,27,72,0.375,17,42,0.405,13,20,0.65,5,24,29,7,19,4,7,6,36,0,84,26,143.3,0,0,159.0,365,388,112,418,368,357,359,362,163,172,34,357,355,333,377,369,371,377,341,377,288,94,87,79,358,129,368,235,19,362,2,250,306,154,17.8,0.219,109,0.37,103.3,63,199,0.214,116,6.1,86,122,96.6,102.7,83.11,407,0.122,411,96.6,5.6,16,0.058,307,99.73,17.8,120,0.03,3.4,102.7,104,63,16,6.5,1.3,0.072,0.024,63,109,0.493,99.73,360,392,397,68,0.52,86,9,98.88,97.7,403,401,324,6.1,3,6.0,0.379,0.667,1.0,0,29.0,2.0,0.2,6.0,15,0.0,4,11.0,6.0,12.0,7,0.636,0.0,0.0,0.5,0.333,11,4.0,0.536,0.188,1.0,4.0,0.0,15,0.0,0.2,0.0,16.0,0.636,10,0.0,0.0,0.0,0.0,0.0,28,0.0,2,7,CHI,2.0,0.0,11,3.0,0.0,0.0,Fresno State,230,1,80,27,USA,2002,2004
2549,Chris Kaman,Chris,1610612746,LAC,22.0,82,28,54,0.341,1850.2966666666666,200,435,0.46,0,2,0.0,99,142,0.697,126,335,461,85,155,23,73,61,211,0,499,-212,1312.7,6,0,1237.0,3,206,432,352,140,168,175,135,289,305,289,162,148,287,71,54,58,196,67,268,40,392,386,79,174,420,152,86,19,151,1,78,226,229,21.0,0.16,395,0.55,98.6,335,60,0.158,304,-5.7,179,390,105.6,99.9,76.77,364,0.183,3546,105.6,-7.4,268,0.078,147,92.12,20.9,297,0.068,5.3,99.9,231,335,268,11.5,2.4,0.127,0.07,230,395,0.46,92.12,301,260,303,361,0.502,179,221,92.5,106.0,426,426,212,-5.7,20,0.0,0.0,0.0,1.0,51,1.0,0.0,0.267,0.0,75,0.418,122,0.0,0.0,0.0,129,0.547,0.0,0.0,0.0,0.0,236,0.0,0.0,0.0,1.0,51.0,16.0,0,40.0,0.265,0.0,1.0,0.529,34,0.0,0.0,0.0,0.0,0.0,0,0.0,9,135,LAC,93.0,0.0,255,0.0,0.43,0.314,Central Michigan,268,1,84,6,USA,2003,2004
2036,Chris Mihm,Chris,1610612738,BOS,24.0,76,27,49,0.355,1327.845,186,381,0.488,0,0,0.0,110,166,0.663,156,257,413,21,90,37,63,43,208,1,482,-99,1219.1,3,0,1116.0,111,216,412,345,203,180,197,61,289,361,289,140,128,322,49,91,71,321,155,202,53,336,384,21,180,354,171,124,19,173,2,18,235,115,15.9,0.184,180,0.23,96.7,258,47,0.181,218,-2.6,290,168,98.6,96.0,79.65,420,0.19,2628,98.6,-2.5,78,0.029,16,95.58,15.8,212,0.093,5.0,96.0,126,258,78,3.7,2.4,0.155,0.119,287,180,0.488,95.58,417,422,177,244,0.531,290,96,94.98,99.1,382,384,209,-2.6,22,0.0,0.0,0.0,0.0,35,0.0,0.0,0.265,0.0,83,0.443,79,0.0,0.0,0.0,129,0.589,0.0,0.0,0.0,0.0,219,0.0,0.125,0.0,0.0,30.0,8.0,1,31.0,0.273,0.0,0.0,0.573,44,0.0,0.0,0.0,0.0,0.0,8,0.0,12,134,BOS,65.0,0.0,234,0.0,0.477,0.267,Texas,265,1,84,7,USA,2000,2004
185,Chris Webber,Chris,1610612758,SAC,31.0,23,11,12,0.478,832.9016666666666,174,421,0.413,1,5,0.2,81,114,0.711,48,152,200,105,60,31,20,28,76,0,430,-11,920.5,8,0,838.0,358,355,86,225,264,188,179,258,258,263,253,183,183,276,208,194,199,177,220,230,152,263,160,79,200,203,214,71,19,218,1,101,9,342,9.4,0.289,329,1.75,101.6,201,64,0.286,14,-0.8,104,302,102.7,101.9,79.58,113,0.18,1658,102.7,-0.6,82,0.227,189,95.49,9.4,12,0.112,18.3,101.9,342,201,82,16.4,7.6,0.119,0.058,108,329,0.414,95.49,81,162,87,196,0.456,104,55,95.87,102.2,79,80,19,-0.8,73,0.0,0.2,0.0,0.0,36,5.0,0.0,0.361,0.0,202,0.346,104,1.0,0.0,0.0,64,0.582,0.0,0.0,0.0,0.0,110,0.0,0.333,0.0,0.0,32.0,10.0,7,30.0,0.378,,2.0,0.535,156,0.0,0.0,,0.0,0.0,21,0.0,59,68,SAC,83.0,,127,0.0,0.361,0.313,Michigan,245,1,82,1,USA,1993,2004
43,Chris Whitney,Chris,1610612764,WAS,32.0,16,3,13,0.188,183.465,17,45,0.378,8,18,0.444,5,5,1.0,3,12,15,14,6,6,2,1,6,0,47,-58,104.0,0,0,100.0,383,404,95,426,369,371,376,356,194,216,18,381,398,1,392,384,387,348,388,362,356,27,31,79,372,298,376,235,19,375,1,403,352,243,8.9,0.128,366,2.33,86.6,425,390,0.124,397,-17.9,404,315,104.2,86.4,77.62,63,0.068,359,104.2,-16.0,207,0.146,379,93.14,9.0,401,0.08,2.8,86.4,209,425,207,20.9,1.1,0.039,0.014,415,366,0.467,93.14,150,104,252,421,0.498,404,156,93.75,102.6,68,66,356,-17.9,6,1.0,0.538,0.25,,0,13.0,0.0,0.286,4.0,21,0.0,2,7.0,1.0,5.0,3,0.75,,,0.2,0.0,4,1.0,0.4,0.5,,3.0,1.0,10,0.0,0.111,,4.0,0.75,9,,,,,,25,,1,3,WAS,0.0,,4,2.0,0.0,0.333,Clemson,175,2,72,47,USA,1993,2004
2404,Chris Wilcox,Chris,1610612746,LAC,21.0,65,25,40,0.385,1339.685,227,436,0.521,0,1,0.0,105,150,0.7,125,180,305,51,80,29,20,28,183,0,559,-100,1068.5,3,0,1013.0,204,228,338,330,201,147,174,25,289,323,289,148,142,285,73,166,125,251,177,239,152,263,343,79,159,355,191,124,19,188,1,122,179,50,12.6,0.192,368,0.64,100.3,268,154,0.189,191,-3.0,117,375,104.4,101.4,78.05,345,0.14,2603,104.4,-4.8,175,0.067,70,93.66,12.6,181,0.09,6.7,101.4,44,268,175,8.1,3.5,0.114,0.091,144,368,0.521,93.66,334,351,191,305,0.557,117,153,93.82,105.1,269,269,144,-3.0,23,0.0,0.0,0.0,0.0,44,1.0,0.0,0.271,0.0,85,0.436,101,0.0,0.0,0.0,160,0.643,0.0,0.0,0.0,0.0,249,0.0,0.5,0.0,1.0,41.0,11.0,1,44.0,0.25,0.0,0.0,0.631,20,0.0,0.0,0.0,0.0,0.0,2,0.0,5,166,LAC,109.0,0.0,263,0.0,0.404,0.268,Maryland,229,1,82,8,USA,2002,2004
363,Christian Laettner,Christian,1610612764,WAS,34.0,48,11,37,0.229,983.1783333333333,119,256,0.465,6,21,0.286,40,50,0.8,50,182,232,89,42,37,28,10,102,1,284,-165,848.9,3,0,741.0,287,355,313,419,241,239,250,124,203,210,200,274,283,122,202,163,180,192,270,202,111,133,202,21,248,399,226,124,19,231,1,111,224,190,10.3,0.147,331,2.12,94.3,379,50,0.144,351,-8.3,336,331,102.7,94.4,79.07,81,0.188,1942,102.7,-8.9,115,0.155,205,94.88,10.3,351,0.11,5.3,94.4,173,379,115,21.9,2.5,0.117,0.05,357,331,0.477,94.88,139,89,102,377,0.511,336,111,94.74,103.2,133,131,205,-8.3,62,0.0,0.316,0.0,1.0,5,19.0,0.0,0.422,0.0,147,0.313,16,6.0,1.0,1.0,46,0.639,0.0,0.0,0.0,0.0,72,0.0,0.469,0.273,1.0,19.0,6.0,15,1.0,0.435,0.0,11.0,0.635,108,0.0,0.0,0.0,0.0,0.0,32,0.0,47,47,WAS,11.0,0.0,74,3.0,0.091,0.316,Duke,245,1,83,3,USA,1992,2004
1088,Chucky Atkins,Chucky,1610612738,BOS,29.0,64,37,27,0.578,1539.02,192,484,0.397,81,241,0.336,73,97,0.753,9,84,93,223,92,45,2,16,102,0,538,75,1033.1,1,0,1029.0,214,123,209,130,175,175,157,308,54,53,136,199,207,205,355,281,307,75,152,180,356,192,202,79,166,88,200,178,19,184,2,416,152,191,10.9,0.185,120,2.42,99.5,129,415,0.18,216,2.3,203,114,96.9,99.2,77.4,55,0.053,2982,96.9,2.1,221,0.248,417,92.88,11.0,219,0.089,7.6,99.2,148,129,221,26.5,3.0,0.03,0.006,194,120,0.48,92.88,65,57,192,128,0.511,203,219,92.56,97.3,167,167,167,2.3,60,17.0,0.352,0.367,4.0,7,182.0,6.0,0.465,30.0,129,0.318,22,64.0,25.0,55.0,44,0.478,0.0,0.0,0.309,0.24,92,11.0,0.388,0.364,7.0,21.0,7.0,57,4.0,0.459,0.0,121.0,0.469,74,0.0,3.0,0.0,0.0,0.0,147,0.0,34,46,BOS,13.0,0.0,98,44.0,0.308,0.333,South Florida,160,Undrafted,71,Undrafted,USA,Undrafted,2004
221,Clar. Weatherspoon,Clar.,1610612745,HOU,33.0,52,24,28,0.462,872.5016666666667,104,211,0.493,0,1,0.0,53,72,0.736,74,130,204,30,35,30,15,26,75,0,261,-81,650.8,1,0,585.0,277,244,225,239,257,257,269,53,289,323,289,246,245,239,142,218,193,290,289,233,204,253,158,79,257,335,253,178,19,259,2,92,277,95,11.4,0.152,192,0.86,95.6,294,116,0.148,329,-3.9,317,233,99.0,95.1,76.03,292,0.153,1650,99.0,-4.9,323,0.063,63,91.24,11.3,330,0.103,4.1,95.1,105,294,323,9.7,2.0,0.123,0.092,324,192,0.493,91.24,346,308,132,311,0.538,317,346,90.3,100.5,192,194,250,-3.9,37,0.0,0.0,0.0,0.0,9,0.0,0.0,0.481,1.0,77,0.273,33,0.0,0.0,1.0,58,0.58,0.0,0.0,0.0,0.0,100,0.0,0.167,0.0,0.0,24.0,10.0,1,8.0,0.542,0.0,0.0,0.551,48,0.0,0.0,0.0,0.0,0.0,6,0.0,26,59,HOU,26.0,0.0,107,0.0,0.308,0.417,Southern Mississippi,270,1,79,9,USA,1992,2004
361,Clifford Robinson,Clifford,1610612744,GSW,37.0,82,37,45,0.451,2841.806666666667,366,945,0.387,112,314,0.357,123,173,0.711,54,268,322,271,173,68,73,43,237,1,967,-83,2009.9,3,0,1954.0,3,123,388,252,33,80,57,336,30,29,109,126,121,275,190,85,113,55,53,97,40,336,415,21,79,337,84,124,19,77,1,306,77,308,11.8,0.194,322,1.57,100.1,228,282,0.192,177,-1.7,136,298,102.5,100.8,76.32,142,0.096,5427,102.5,-1.9,303,0.16,341,91.59,11.8,170,0.067,11.5,100.8,264,228,303,18.5,4.5,0.058,0.019,157,322,0.447,91.59,133,131,311,229,0.473,136,249,92.11,102.0,227,225,100,-1.7,115,11.0,0.369,0.267,1.0,64,274.0,7.0,0.338,15.0,340,0.376,170,101.0,23.0,38.0,75,0.615,0.0,0.0,0.289,0.304,122,4.0,0.355,0.372,1.0,84.0,30.0,70,48.0,0.327,0.5,183.0,0.564,199,0.0,2.0,2.0,0.0,0.0,197,0.0,65,84,GSW,128.0,1.0,149,68.0,0.375,0.357,Connecticut,240,2,82,36,USA,1989,2004
1894,Corey Maggette,Corey,1610612746,LAC,24.0,73,25,48,0.342,2629.8816666666667,453,1013,0.447,76,231,0.329,526,620,0.848,96,334,430,224,207,65,16,83,217,1,1508,-167,2396.0,5,0,2400.0,135,228,409,350,55,45,45,162,64,57,152,1,3,59,107,55,66,73,22,112,193,429,396,21,18,401,52,100,19,42,1,213,48,19,12.1,0.251,404,1.08,101.9,272,184,0.248,49,-3.1,74,392,106.5,103.4,78.09,235,0.13,5130,106.5,-4.2,172,0.154,250,93.71,12.1,47,0.13,13.9,103.4,132,272,172,13.1,6.2,0.083,0.037,93,404,0.485,93.71,142,225,38,292,0.586,74,120,94.52,106.1,243,241,48,-3.1,108,6.0,0.335,0.3,2.0,28,209.0,3.0,0.332,10.0,325,0.322,87,70.0,10.0,20.0,241,0.651,0.0,0.0,0.3,0.3,370,3.0,0.332,0.336,2.0,52.0,24.0,77,14.0,0.32,0.0,134.0,0.639,153,0.0,1.0,0.0,0.0,0.0,232,0.0,49,244,LAC,57.0,0.0,382,45.0,0.246,0.462,Duke,228,1,78,13,USA,1999,2004
916,Corie Blount,Corie,1610612761,TOR,35.0,62,18,44,0.29,1042.8116666666667,115,253,0.455,0,3,0.0,15,27,0.556,98,177,275,55,43,49,24,9,135,0,245,-10,833.5,1,0,721.0,216,303,381,388,230,244,253,146,289,286,289,349,333,383,104,168,144,245,268,171,131,122,255,79,267,200,229,178,19,234,2,65,275,332,11.8,0.135,112,1.28,97.4,192,83,0.132,380,-0.3,283,130,96.7,96.4,78.44,195,0.168,2043,96.7,-0.5,152,0.084,51,94.13,11.8,382,0.085,4.1,96.4,245,192,152,15.2,1.9,0.132,0.096,266,112,0.455,94.13,281,185,219,192,0.462,283,186,93.03,97.9,230,231,263,-0.3,75,0.0,0.0,0.0,0.0,9,3.0,0.0,0.444,0.0,169,0.409,22,0.0,0.0,0.0,31,0.525,0.0,0.0,0.0,0.0,59,0.0,0.333,0.0,0.0,42.0,21.0,4,4.0,0.429,0.0,0.0,0.516,126,0.0,0.0,1.0,0.0,0.0,12,0.0,54,32,TOR,10.0,0.0,62,0.0,0.4,0.5,Cincinnati,242,1,82,25,USA,1993,2004
722,Corliss Williamson,Corliss,1610612765,DET,30.0,79,52,27,0.658,1574.2066666666667,304,602,0.505,0,0,0.0,144,197,0.731,88,168,256,57,113,30,20,42,204,1,752,181,1181.7,1,0,1165.0,77,29,209,78,174,108,124,34,289,361,289,104,100,252,121,176,166,240,113,233,152,332,380,21,114,47,177,178,19,163,1,205,149,69,13.2,0.24,54,0.5,99.1,65,238,0.234,70,6.0,208,51,93.1,99.1,74.86,373,0.108,2948,93.1,5.8,382,0.072,179,89.83,13.2,66,0.098,7.6,99.1,71,65,382,6.7,3.8,0.085,0.061,211,54,0.505,89.83,321,391,153,66,0.546,208,372,89.76,93.3,300,297,125,6.0,59,0.0,0.0,0.0,0.0,67,0.0,0.0,0.366,0.0,161,0.406,165,0.0,0.0,0.0,178,0.645,0.0,0.0,0.0,0.0,276,0.0,0.333,0.0,0.0,91.0,32.0,1,62.0,0.377,0.0,0.0,0.622,53,0.0,0.0,0.0,0.0,0.0,3,0.0,20,189,DET,151.0,0.0,304,0.0,0.411,0.352,Arkansas,245,1,79,13,USA,1995,2004
2414,Curtis Borchardt,Curtis,1610612762,UTA,23.0,16,8,8,0.5,257.4716666666667,22,56,0.393,0,1,0.0,14,18,0.778,13,41,54,15,18,4,14,6,40,0,58,-29,181.3,0,0,163.0,383,377,66,194,362,363,367,318,289,323,289,352,361,155,337,340,346,346,344,377,209,94,96,79,364,248,360,235,19,360,1,103,301,347,18.6,0.149,328,0.83,98.3,334,62,0.144,348,-5.7,268,362,102.6,97.0,76.67,300,0.18,493,102.6,-6.2,277,0.097,190,92.0,18.6,350,0.053,3.5,97.0,371,334,277,15.5,1.4,0.119,0.057,241,328,0.393,92.0,243,179,357,333,0.454,268,333,90.59,104.4,408,407,316,-5.7,8,0.0,0.0,0.0,0.0,2,1.0,0.0,0.32,0.0,25,0.182,11,0.0,0.0,0.0,12,0.632,0.0,0.0,0.0,0.0,19,0.0,0.0,0.0,0.0,12.0,5.0,0,0.0,0.286,,1.0,0.619,14,0.0,0.0,,0.0,0.0,2,0.0,4,13,UTA,6.0,,21,0.0,0.0,0.417,Stanford,240,1,84,18,USA,2002,2004
1749,Cuttino Mobley,Cuttino,1610612745,HOU,28.0,80,44,36,0.55,3235.806666666667,460,1081,0.426,164,420,0.39,176,217,0.811,40,322,362,258,180,107,33,47,179,0,1260,114,2321.4,1,0,2324.0,61,62,297,143,4,44,36,222,6,11,53,81,92,107,243,58,90,59,43,27,100,353,336,79,44,66,58,178,19,47,1,304,52,103,11.1,0.2,155,1.43,98.6,143,270,0.197,162,1.7,189,97,97.9,99.7,74.56,158,0.099,6037,97.9,1.8,399,0.144,384,89.47,11.1,158,0.104,13.5,99.7,78,143,399,16.0,5.8,0.058,0.014,229,155,0.501,89.47,151,168,130,137,0.535,189,342,90.45,96.8,178,176,59,1.7,116,42.0,0.408,0.322,3.0,48,299.0,23.0,0.377,59.0,308,0.375,128,122.0,58.0,117.0,132,0.584,0.0,0.0,0.359,0.397,226,19.0,0.405,0.408,3.0,91.0,25.0,118,30.0,0.388,0.0,196.0,0.58,178,0.0,2.0,0.0,0.0,0.0,291,0.0,69,138,HOU,82.0,0.0,238,80.0,0.366,0.275,Rhode Island,215,2,76,41,USA,1998,2004
2563,Dahntay Jones,Dahntay,1610612763,MEM,23.0,20,13,7,0.65,154.38666666666666,15,53,0.283,1,4,0.25,5,11,0.455,7,16,23,12,12,5,6,5,23,0,36,-44,102.6,0,0,94.0,369,337,58,85,378,378,369,420,258,274,228,381,376,413,370,378,377,360,364,369,299,75,70,79,381,271,377,235,19,380,1,243,361,426,14.7,0.211,281,1.0,90.5,410,254,0.199,142,-13.9,398,304,101.3,87.5,78.76,248,0.104,303,101.3,-11.7,133,0.138,218,94.52,14.6,154,-0.008,2.7,87.5,423,410,133,14.6,0.8,0.074,0.045,393,281,0.292,94.52,163,193,425,399,0.311,398,225,92.48,102.3,358,358,393,-13.9,2,1.0,0.0,0.0,,3,2.0,1.0,0.091,0.0,22,0.3,10,0.0,2.0,2.0,9,0.529,,,0.5,0.5,17,0.0,0.222,0.0,0.0,6.0,0.0,2,3.0,0.083,0.0,2.0,0.529,12,0.0,0.0,0.0,0.0,0.0,9,0.0,1,9,MEM,7.0,0.0,17,0.0,0.429,0.0,Duke,210,1,78,20,USA,2003,2004
2402,Dajuan Wagner,Dajuan,1610612739,CLE,21.0,44,23,21,0.523,709.89,112,306,0.366,31,86,0.36,32,47,0.681,9,49,58,51,41,26,7,24,89,0,287,-93,491.1,0,0,493.0,298,253,141,176,288,248,230,377,130,134,103,293,287,299,355,326,340,251,274,249,288,241,178,79,246,347,290,235,19,283,1,401,171,367,9.8,0.232,353,1.24,95.6,360,388,0.23,86,-6.9,269,340,103.8,96.9,76.38,204,0.068,1356,103.8,-7.9,300,0.131,402,91.65,9.8,80,0.038,7.0,96.9,335,360,300,12.1,2.5,0.039,0.012,326,353,0.417,91.65,171,242,385,364,0.439,269,226,92.47,103.4,101,103,202,-6.9,21,2.0,0.392,0.167,0.0,26,74.0,1.0,0.318,6.0,66,0.406,64,29.0,6.0,12.0,34,0.378,0.0,0.0,0.167,0.167,90,1.0,0.313,0.424,0.0,34.0,10.0,21,24.0,0.308,0.0,33.0,0.371,13,0.0,1.0,0.0,0.0,0.0,67,0.0,4,39,CLE,53.0,0.0,105,14.0,0.453,0.294,Memphis,200,1,74,6,USA,2002,2004
905,Dale Davis,Dale,1610612757,POR,35.0,76,36,40,0.474,1684.0566666666666,133,281,0.473,0,0,0.0,65,106,0.613,158,240,398,72,40,43,62,31,154,1,331,-148,1191.6,2,0,1011.0,111,133,338,231,156,230,242,99,289,361,289,217,193,354,47,107,79,208,276,188,55,287,288,21,237,389,174,146,19,190,1,94,295,216,9.1,0.103,375,1.8,99.2,322,127,0.103,430,-4.9,183,358,104.7,99.8,73.19,111,0.15,3083,104.7,-4.9,434,0.067,50,87.83,9.0,428,0.078,3.7,99.8,191,322,434,16.3,1.8,0.123,0.096,203,375,0.473,87.83,335,165,263,312,0.505,183,419,88.32,104.1,70,73,274,-4.9,41,0.0,0.0,0.0,0.0,9,0.0,0.0,0.39,0.0,105,0.273,33,0.0,0.0,0.0,83,0.58,0.0,0.0,0.0,0.0,143,0.0,0.0,0.0,0.0,54.0,25.0,0,6.0,0.346,0.0,0.0,0.575,52,0.0,0.0,0.0,0.0,0.0,0,0.0,18,84,POR,29.0,0.0,146,0.0,0.207,0.463,Clemson,252,1,83,13,USA,1991,2004
1800,Damon Jones,Damon,1610612749,MIL,27.0,82,41,41,0.5,2009.1516666666666,210,524,0.401,98,273,0.359,55,72,0.764,15,155,170,478,103,30,4,15,92,0,573,13,1493.0,8,0,1387.0,3,84,353,194,127,157,146,297,38,40,105,242,245,184,331,191,228,12,131,233,328,184,187,79,153,150,125,71,19,128,1,385,188,171,9.1,0.147,379,4.64,105.2,180,360,0.145,349,0.0,47,374,104.9,104.9,79.48,2,0.077,3998,104.9,0.1,85,0.363,415,95.37,9.0,347,0.105,6.4,104.9,102,180,85,42.0,2.6,0.042,0.008,40,379,0.494,95.37,9,1,124,177,0.516,47,82,95.18,105.1,72,71,201,0.0,69,26.0,0.373,0.389,0.0,8,193.0,12.0,0.401,36.0,172,0.364,22,72.0,43.0,79.0,35,0.603,0.0,0.0,0.329,0.279,58,14.0,0.405,0.353,1.0,34.0,14.0,70,4.0,0.353,0.0,139.0,0.597,102,0.0,0.0,0.0,0.0,0.0,173,0.0,36,37,MIL,13.0,0.0,62,49.0,0.308,0.412,Houston,185,Undrafted,75,Undrafted,USA,Undrafted,2004
757,Damon Stoudamire,Damon,1610612757,POR,30.0,82,41,41,0.5,3122.8483333333334,408,1018,0.401,156,427,0.365,127,145,0.876,52,256,308,500,180,99,9,38,173,0,1099,-118,2362.6,7,0,2279.0,3,84,353,194,10,62,43,296,9,8,94,123,145,31,196,93,122,9,43,35,262,318,322,79,61,369,53,78,19,50,1,335,64,208,10.2,0.192,341,2.78,100.1,244,316,0.187,190,-2.2,121,317,103.4,101.2,73.17,27,0.086,5717,103.4,-2.6,435,0.268,355,87.8,10.3,184,0.101,12.4,101.2,167,244,435,28.6,5.0,0.052,0.017,159,341,0.477,87.8,46,37,138,248,0.508,121,413,88.59,102.7,130,126,81,-2.2,136,17.0,0.379,0.182,1.0,36,367.0,13.0,0.404,22.0,337,0.375,96,139.0,35.0,57.0,80,0.5,0.0,0.0,0.298,0.371,160,4.0,0.395,0.357,3.0,90.0,34.0,162,25.0,0.421,0.0,140.0,0.488,133,0.0,1.0,3.0,0.0,0.0,410,0.0,56,81,POR,72.0,0.0,166,50.0,0.347,0.378,Arizona,171,1,70,7,USA,1995,2004
2245,Damone Brown,Damone,1610612751,NJN,25.0,3,2,1,0.667,16.165,1,10,0.1,0,0,0.0,1,2,0.5,3,2,5,0,1,2,0,3,2,0,3,-31,14.0,0,0,12.0,429,413,4,67,431,427,413,436,289,361,289,413,412,390,392,423,414,426,426,390,398,59,13,79,430,254,423,235,19,424,1,423,311,437,8.4,0.325,441,0.0,45.9,442,424,0.3,4,-89.9,442,440,132.4,42.4,82.9,423,0.0,33,132.4,-90.2,19,0.0,11,99.47,8.3,5,-0.099,3.3,42.4,436,442,19,0.0,0.3,0.0,0.125,442,441,0.1,99.47,426,426,436,442,0.138,442,125,94.43,136.0,44,46,426,-89.9,0,0.0,0.0,0.0,,0,0.0,0.0,0.0,0.0,2,0.0,2,0.0,0.0,0.0,1,0.167,,,0.0,0.0,6,0.0,0.0,0.0,,0.0,0.0,0,0.0,0.0,,0.0,0.167,0,,,,,,2,,0,1,NJN,2.0,,6,0.0,0.0,0.0,Syracuse,202,2,80,36,USA,2001,2004
2424,Dan Dickau,Dan,1610612757,POR,25.0,43,16,27,0.372,291.10333333333335,37,98,0.378,10,30,0.333,11,14,0.786,7,19,26,38,26,17,0,4,44,0,95,-18,208.2,0,0,203.0,301,319,209,337,356,347,344,357,181,197,138,365,367,146,370,373,374,276,319,296,398,64,104,79,352,220,354,235,19,355,2,374,382,343,15.5,0.198,154,1.46,95.5,286,395,0.193,167,-3.6,339,273,97.9,94.3,79.63,154,0.067,581,97.9,-5.7,81,0.226,313,95.55,15.4,168,0.047,2.3,94.3,314,286,81,22.5,0.9,0.044,0.023,330,154,0.429,95.55,84,83,373,325,0.456,339,168,93.41,101.2,376,377,379,-3.6,9,2.0,0.32,1.0,0.0,3,25.0,0.0,0.29,2.0,31,0.273,11,8.0,3.0,5.0,15,0.577,0.0,0.0,0.4,0.0,26,2.0,0.4,0.222,0.0,5.0,1.0,12,3.0,0.267,,9.0,0.536,15,0.0,0.0,,0.0,0.0,30,0.0,4,15,POR,11.0,,28,2.0,0.273,0.2,Gonzaga,190,1,72,28,USA,2002,2004
2429,Dan Gadzuric,Dan,1610612749,MIL,26.0,75,36,39,0.48,1251.71,183,349,0.524,0,1,0.0,58,118,0.492,126,220,346,28,45,51,105,17,186,0,424,60,1304.2,2,0,1110.0,120,133,326,222,211,182,212,20,289,323,289,235,176,407,71,121,98,295,258,162,25,199,350,79,201,100,153,146,19,174,1,45,247,121,9.5,0.16,248,0.62,103.1,106,65,0.156,300,3.3,60,264,100.4,103.8,79.0,348,0.179,2461,100.4,2.1,119,0.037,40,94.8,9.5,301,0.096,4.7,103.8,36,106,119,5.9,2.4,0.139,0.1,65,248,0.524,94.8,408,403,164,129,0.529,60,104,94.81,101.1,84,83,211,3.3,19,0.0,0.0,0.0,1.0,32,0.0,0.0,0.388,0.0,49,0.39,82,0.0,0.0,0.0,132,0.608,0.0,0.0,0.0,0.0,217,0.0,0.0,0.0,1.0,40.0,11.0,0,28.0,0.417,0.0,0.0,0.599,12,0.0,0.0,0.0,0.0,0.0,0,0.0,5,139,MIL,64.0,0.0,232,0.0,0.438,0.275,UCLA,240,2,83,33,Netherlands,2002,2004
2061,Dan Langhi,Dan,1610612749,MIL,26.0,6,4,2,0.667,35.025,5,14,0.357,1,2,0.5,2,2,1.0,0,4,4,0,2,0,0,0,7,0,13,11,15.8,0,0,18.0,413,394,11,67,413,405,406,382,258,305,5,403,412,1,427,412,419,426,418,419,398,1,36,79,404,155,422,235,19,418,2,284,378,372,11.8,0.224,10,0.0,99.3,9,193,0.21,105,14.0,333,11,80.6,94.5,82.8,423,0.125,73,80.6,15.7,21,0.0,420,99.36,11.8,129,-0.012,2.3,94.5,371,9,21,0.0,0.8,0.063,0.0,200,10,0.393,99.36,426,426,426,8,0.437,333,89,95.14,83.6,225,229,383,14.0,2,1.0,0.0,1.0,0.0,2,0.0,0.0,0.2,1.0,10,1.0,2,0.0,1.0,2.0,0,0.0,0.0,0.0,0.5,0.0,0,1.0,0.25,0.0,0.0,8.0,3.0,1,0.0,0.5,0.0,0.0,0.0,2,0.0,,0.0,0.0,,4,,1,0,MIL,0.0,0.0,0,0.0,0.0,0.375,Vanderbilt,220,2,83,31,USA,2000,2004
344,Dana Barros,Dana,1610612738,BOS,37.0,1,1,0,1.0,10.918333333333333,2,3,0.667,0,0,0.0,2,2,1.0,0,0,0,0,0,0,0,0,2,0,6,-17,6.0,0,0,6.0,440,424,1,1,438,420,432,2,289,361,289,403,412,1,427,437,439,426,434,419,398,1,13,79,423,216,432,235,19,434,1,423,334,2,0.0,0.146,442,0.0,97.3,441,424,0.148,355,-68.0,367,442,160.0,92.0,91.59,423,0.0,25,160.0,-58.2,4,0.0,420,109.91,0.0,328,0.058,3.0,92.0,2,441,4,0.0,2.0,0.0,0.0,270,442,0.667,109.91,426,426,342,439,0.773,367,2,108.5,155.5,1,1,250,-68.0,2,0.0,0.0,0.0,,0,0.0,0.0,0.667,0.0,3,0.0,0,0.0,0.0,0.0,0,0.0,,,0.0,0.0,0,0.0,1.0,0.0,,0.0,0.0,1,0.0,0.5,,0.0,0.0,2,,,,,,1,,1,0,BOS,0.0,,0,0.0,0.0,0.0,Boston College,165,1,71,16,USA,1989,2004
2091,Daniel Santiago,Daniel,1610612749,MIL,28.0,54,28,26,0.519,708.7516666666667,78,163,0.479,0,0,0.0,61,90,0.678,35,97,132,24,32,19,21,25,98,0,217,29,499.4,0,0,453.0,268,206,194,180,289,291,304,80,289,361,289,226,219,301,256,266,266,307,300,289,145,247,195,79,283,125,286,235,19,290,1,181,333,102,12.4,0.153,205,0.75,102.5,120,152,0.151,327,2.7,96,190,99.5,102.2,78.73,315,0.141,1391,99.5,2.9,138,0.052,202,94.48,12.4,322,0.059,3.0,102.2,158,120,138,9.3,1.4,0.096,0.052,78,205,0.479,94.48,376,320,337,108,0.536,96,129,94.32,99.5,254,252,307,2.7,9,0.0,0.0,0.0,0.0,20,0.0,0.0,0.273,0.0,33,0.5,40,0.0,0.0,0.0,49,0.544,0.0,0.0,0.0,0.0,90,0.0,0.5,0.0,0.0,19.0,5.0,1,15.0,0.333,0.0,0.0,0.563,9,0.0,0.0,0.0,0.0,0.0,2,0.0,3,54,MIL,37.0,0.0,96,0.0,0.405,0.263,St. Vincent,260,Undrafted,85,Undrafted,Puerto Rico,Undrafted,2004
1504,Danny Fortson,Danny,1610612742,DAL,28.0,56,34,22,0.607,620.41,71,139,0.511,0,0,0.0,75,92,0.815,114,136,250,9,37,12,11,23,148,3,217,56,562.5,1,0,522.0,248,158,149,114,301,299,320,27,289,361,289,194,215,99,84,209,170,372,284,325,243,237,279,2,283,102,275,178,19,276,1,2,371,13,16.4,0.15,377,0.24,110.0,87,11,0.146,337,4.3,16,354,104.8,109.1,79.91,419,0.223,1241,104.8,6.0,63,0.02,2,95.9,16.4,343,0.075,2.5,109.1,60,87,63,4.0,1.3,0.198,0.175,12,377,0.511,95.9,422,421,278,64,0.605,16,53,95.9,104.0,391,392,328,4.3,4,0.0,0.0,0.0,0.0,3,0.0,0.0,0.333,0.0,12,0.188,16,0.0,0.0,0.0,64,0.577,0.0,0.0,0.0,0.0,111,0.0,0.0,0.0,0.0,4.0,0.0,0,2.0,0.429,0.0,0.0,0.579,7,0.0,,0.0,0.0,,1,,3,66,DAL,13.0,0.0,114,0.0,0.154,0.0,Cincinnati,260,1,80,10,USA,1997,2004
2032,Darius Miles,Darius,1610612757,POR,22.0,79,35,44,0.443,2080.1983333333333,365,753,0.485,7,40,0.175,124,193,0.642,112,247,359,162,130,67,61,47,168,0,861,-125,1788.8,3,0,1645.0,77,139,381,265,115,81,92,67,199,177,266,124,102,340,85,100,91,112,90,104,56,353,313,79,93,374,105,124,19,104,2,202,104,175,11.5,0.218,246,1.25,97.2,262,219,0.215,117,-2.7,241,214,100.4,97.7,75.21,203,0.116,3902,100.4,-2.9,365,0.142,193,90.26,11.5,113,0.104,9.5,97.7,119,262,365,14.4,4.6,0.087,0.056,276,246,0.489,90.26,157,198,126,261,0.514,241,331,90.62,100.1,207,205,94,-2.7,97,2.0,0.185,0.167,1.0,50,27.0,1.0,0.38,6.0,255,0.505,99,5.0,6.0,12.0,211,0.588,0.0,0.0,0.167,0.167,359,1.0,0.303,0.167,2.0,65.0,27.0,20,36.0,0.388,0.0,12.0,0.577,152,0.0,0.0,0.0,0.0,0.0,66,0.0,59,221,POR,73.0,0.0,383,2.0,0.493,0.415,None,210,1,81,3,USA,2000,2004
2443,Darius Songaila,Darius,1610612758,SAC,26.0,73,49,24,0.671,973.665,133,273,0.487,0,0,0.0,71,88,0.807,91,134,225,48,43,42,12,37,126,0,337,119,798.0,4,0,718.0,135,43,169,64,242,230,245,64,289,361,289,203,223,115,116,210,187,258,268,191,231,310,239,79,236,64,234,111,19,236,1,117,292,84,10.7,0.164,249,1.12,107.9,58,168,0.16,291,6.5,24,257,100.5,107.0,79.25,227,0.135,1926,100.5,7.0,101,0.077,57,95.1,10.6,289,0.089,3.7,107.0,127,58,101,11.9,1.8,0.115,0.095,19,249,0.487,95.1,307,248,198,50,0.541,24,121,94.48,100.9,152,150,267,6.5,26,0.0,0.0,0.0,0.0,18,0.0,0.0,0.361,0.0,72,0.353,51,0.0,0.0,0.0,89,0.593,0.0,0.0,0.0,0.0,150,0.0,0.5,0.0,0.0,11.0,4.0,5,13.0,0.377,,0.0,0.562,53,0.0,0.0,,0.0,0.0,10,0.0,20,91,SAC,37.0,,162,0.0,0.351,0.364,Wake Forest,248,2,81,49,Lithuania,2002,2004
2545,Darko Milicic,Darko,1610612765,DET,19.0,34,29,5,0.853,159.595,17,65,0.262,0,1,0.0,14,24,0.583,11,32,43,7,13,7,15,10,33,0,48,-45,163.1,0,0,142.0,335,195,36,5,376,371,364,425,289,323,289,352,345,374,346,352,355,377,361,355,204,133,84,79,371,276,362,235,19,366,1,60,400,423,13.6,0.271,84,0.54,85.5,414,40,0.254,28,-14.9,427,138,95.4,80.5,77.07,366,0.195,308,95.4,-12.6,249,0.095,143,92.48,13.5,39,0.008,1.9,80.5,427,414,249,7.3,0.5,0.135,0.071,419,84,0.262,92.48,252,374,413,405,0.318,427,418,88.49,98.2,318,319,409,-14.9,2,0.0,0.0,0.0,,6,1.0,0.0,0.077,0.0,26,0.353,17,0.0,0.0,0.0,9,0.429,,,0.0,0.0,21,0.0,0.0,0.0,0.0,11.0,1.0,0,7.0,0.0,,1.0,0.429,10,0.0,0.0,,0.0,0.0,2,0.0,0,9,DET,20.0,,21,0.0,0.35,0.091,None,245,1,84,2,Serbia,2003,2004
353,Darrell Armstrong,Darrell,1610612740,NOH,36.0,79,39,40,0.494,2244.615,291,736,0.395,135,429,0.315,123,144,0.854,63,163,226,311,155,133,16,28,148,0,840,104,1869.7,2,0,1810.0,77,105,338,212,96,110,95,311,19,7,166,126,146,49,168,181,184,42,67,12,193,263,279,79,99,72,95,146,19,92,1,346,112,139,12.2,0.191,166,2.01,99.7,125,364,0.187,196,2.5,151,136,98.2,100.6,77.07,89,0.076,4324,98.2,1.6,248,0.244,293,92.49,12.3,190,0.11,9.3,100.6,128,125,248,24.7,3.7,0.05,0.027,175,166,0.487,92.49,67,72,101,140,0.525,151,194,92.93,98.1,249,248,132,2.5,67,29.0,0.315,0.311,4.0,9,333.0,10.0,0.447,61.0,150,0.321,28,105.0,31.0,92.0,80,0.62,0.25,1.0,0.315,0.323,129,19.0,0.323,0.299,4.0,24.0,9.0,104,4.0,0.52,0.0,134.0,0.618,100,0.25,2.0,2.0,1.0,0.0,322,0.0,52,81,NOH,17.0,0.0,131,40.0,0.235,0.375,Fayetteville State,180,Undrafted,73,Undrafted,USA,Undrafted,2004
239,Darrick Martin,Darrick,1610612750,MIN,33.0,16,14,2,0.875,173.76333333333332,20,67,0.299,6,26,0.231,9,9,1.0,2,5,7,23,7,2,1,4,23,0,55,14,99.9,0,0,97.0,383,329,11,4,371,367,363,414,203,202,243,371,378,1,400,408,405,314,381,390,378,64,70,79,365,148,379,235,19,378,1,422,271,403,6.9,0.205,17,3.29,91.4,91,421,0.197,151,4.2,386,15,85.5,89.6,77.58,12,0.027,337,85.5,5.2,213,0.258,407,93.09,6.9,157,0.023,4.2,89.6,403,91,213,22.8,1.3,0.019,0.011,388,17,0.343,93.09,54,79,405,74,0.388,386,266,91.8,86.2,22,23,330,4.2,2,0.0,0.286,0.0,2.0,5,21.0,0.0,0.125,0.0,16,0.625,8,6.0,3.0,3.0,7,0.412,0.0,0.0,0.0,0.0,17,0.0,0.263,0.25,2.0,6.0,0.0,5,5.0,0.167,0.0,8.0,0.389,6,0.0,1.0,1.0,0.0,0.0,19,0.0,1,7,MIN,6.0,0.0,18,2.0,0.833,0.0,UCLA,170,Undrafted,71,Undrafted,USA,Undrafted,2004
1032,Darvin Ham,Darvin,1610612765,DET,30.0,54,40,14,0.741,471.07666666666665,37,75,0.493,1,2,0.5,21,35,0.6,47,46,93,16,31,13,8,3,63,0,96,-26,263.6,0,0,248.0,268,95,98,21,328,347,357,52,258,305,5,325,312,360,214,335,307,343,303,320,273,59,137,79,348,244,346,235,19,346,1,177,414,113,22.6,0.121,20,0.52,91.9,164,280,0.114,408,0.6,397,19,87.2,87.8,78.88,371,0.096,911,87.2,2.5,127,0.062,46,94.66,22.5,414,0.049,1.4,87.8,79,164,127,11.6,0.7,0.097,0.098,382,20,0.5,94.66,350,256,366,121,0.531,397,287,91.41,89.4,430,429,397,0.6,9,0.0,0.5,0.0,0.0,0,2.0,0.0,0.45,0.0,20,0.0,5,1.0,0.0,0.0,27,0.563,0.0,0.0,0.0,0.0,48,0.0,1.0,0.0,0.0,0.0,0.0,2,0.0,0.421,0.0,1.0,0.563,19,0.0,0.0,0.0,0.0,0.0,2,0.0,8,27,DET,5.0,0.0,48,0.0,0.0,0.0,Texas Tech,240,Undrafted,79,Undrafted,USA,Undrafted,2004
133,David Wesley,David,1610612740,NOH,33.0,61,31,30,0.508,2006.2866666666666,311,800,0.389,92,285,0.323,137,182,0.753,28,106,134,175,100,71,14,37,147,0,851,-42,1429.3,0,0,1422.0,221,183,247,189,128,105,83,328,44,36,156,113,113,204,277,248,262,100,141,90,209,310,277,79,95,269,140,235,19,125,1,414,55,288,8.7,0.222,225,1.75,97.8,212,414,0.219,111,-1.2,216,172,99.9,98.7,76.17,113,0.054,3822,99.9,-1.4,317,0.159,385,91.4,8.7,104,0.073,13.1,98.7,265,212,317,15.2,5.1,0.033,0.014,257,225,0.446,91.4,134,184,287,221,0.483,216,243,92.2,99.2,56,55,76,-1.2,149,28.0,0.337,0.314,3.0,6,190.0,17.0,0.398,35.0,374,0.24,25,64.0,57.0,92.0,64,0.552,0.0,0.0,0.304,0.298,116,11.0,0.375,0.307,3.0,36.0,11.0,136,2.0,0.387,0.0,75.0,0.552,194,0.0,0.0,0.0,0.0,0.0,363,0.0,75,64,NOH,13.0,0.0,116,23.0,0.154,0.306,Baylor,203,Undrafted,73,Undrafted,USA,Undrafted,2004
2561,David West,David,1610612740,NOH,23.0,71,35,36,0.493,929.0383333333333,108,228,0.474,0,2,0.0,57,80,0.713,117,180,297,60,48,27,28,27,117,0,273,-93,836.4,2,0,740.0,160,139,297,214,249,250,263,96,289,305,289,239,233,274,80,166,129,232,247,245,111,256,229,79,253,347,228,146,19,232,1,15,318,159,12.9,0.151,171,1.25,94.9,299,21,0.147,336,-4.1,341,208,98.4,94.3,77.2,202,0.212,1783,98.4,-5.1,241,0.12,15,92.64,12.9,336,0.118,3.2,94.3,187,299,241,16.2,1.5,0.162,0.119,342,171,0.474,92.64,185,166,60,315,0.519,341,274,91.61,100.0,288,288,296,-4.1,9,0.0,0.0,0.0,0.0,9,2.0,0.0,0.273,0.0,33,0.36,25,0.0,0.0,0.0,90,0.536,0.0,0.0,0.0,0.0,168,0.0,0.5,0.0,0.0,15.0,2.0,1,7.0,0.353,0.0,1.0,0.526,17,0.0,0.0,0.0,0.0,0.0,2,0.0,6,92,NOH,18.0,0.0,175,0.0,0.389,0.133,Xavier,240,1,81,18,USA,2003,2004
2205,DeSagana Diop,DeSagana,1610612739,CLE,22.0,56,21,35,0.375,721.9733333333334,57,147,0.388,0,0,0.0,12,20,0.6,72,127,199,34,29,26,51,7,116,0,126,-63,617.8,0,0,513.0,248,276,290,334,283,320,314,332,289,361,289,362,355,360,143,222,201,283,306,249,70,106,227,79,331,308,261,235,19,278,1,62,364,393,13.3,0.118,105,1.17,92.7,283,75,0.115,412,-3.5,357,104,96.4,93.0,76.01,216,0.171,1364,96.4,-4.3,324,0.078,53,91.22,13.2,411,0.063,2.6,93.0,382,283,324,15.5,1.0,0.133,0.095,379,105,0.388,91.22,303,177,322,293,0.404,357,310,91.03,97.1,304,301,363,-3.5,27,0.0,0.0,0.0,0.0,12,0.0,0.0,0.346,0.0,78,0.387,31,0.0,0.0,0.0,18,0.474,0.0,0.0,0.0,0.0,38,0.0,0.5,0.0,0.0,32.0,15.0,1,5.0,0.321,0.0,0.0,0.432,53,0.0,0.0,0.0,0.0,0.0,2,0.0,17,19,CLE,16.0,0.0,44,0.0,0.313,0.469,None,300,1,84,8,Senegal,2001,2004
2052,DeShawn Stevenson,DeShawn,1610612753,ORL,23.0,80,33,47,0.413,2444.41,376,871,0.432,19,71,0.268,138,204,0.676,79,219,298,158,120,52,17,53,140,1,909,-229,1590.6,1,0,1522.0,61,163,404,300,75,73,69,205,154,143,220,111,97,303,132,123,127,114,101,159,184,376,263,21,86,424,115,178,19,115,2,279,85,310,9.7,0.202,381,1.32,98.8,316,288,0.2,155,-4.6,161,364,105.0,100.4,75.4,183,0.094,4599,105.0,-5.7,355,0.114,267,90.48,9.7,151,0.077,10.9,100.4,275,316,355,12.7,4.7,0.063,0.033,218,381,0.443,90.48,198,233,269,323,0.473,161,290,91.39,104.5,93,93,91,-4.6,226,8.0,0.256,0.385,0.0,11,43.0,3.0,0.438,13.0,516,0.262,42,11.0,15.0,28.0,120,0.496,0.0,0.0,0.286,0.2,242,5.0,0.45,0.278,2.0,27.0,7.0,130,8.0,0.407,0.5,18.0,0.486,253,0.0,1.0,2.0,0.0,0.0,289,0.0,103,122,ORL,28.0,1.0,251,5.0,0.286,0.259,None,210,1,77,23,USA,2000,2004
2035,DerMarr Johnson,DerMarr,1610612752,NYK,24.0,21,11,10,0.524,283.30833333333334,36,97,0.371,13,36,0.361,28,31,0.903,5,34,39,11,16,8,7,7,32,0,113,-29,205.3,0,0,206.0,365,355,76,174,357,349,346,371,168,186,102,304,320,19,377,350,360,364,353,351,288,106,79,79,339,248,356,235,19,354,1,252,249,193,11.6,0.207,411,0.69,102.2,326,192,0.203,146,-5.4,115,416,106.9,101.5,75.96,331,0.126,538,106.9,-6.4,332,0.071,346,91.15,11.5,143,0.07,4.6,101.5,291,326,332,7.9,1.7,0.072,0.018,88,411,0.438,91.15,324,357,295,340,0.511,115,356,90.14,108.6,206,212,278,-5.4,6,6.0,0.35,0.429,0.0,3,20.0,3.0,0.286,7.0,21,0.231,13,7.0,9.0,16.0,14,0.519,0.0,0.0,0.375,0.333,27,3.0,0.333,0.417,1.0,7.0,3.0,8,2.0,0.286,,12.0,0.483,14,0.0,,,0.0,,24,,4,14,NYK,10.0,,29,5.0,0.2,0.429,Cincinnati,201,1,81,6,USA,2000,2004
1507,Derek Anderson,Derek,1610612757,POR,29.0,51,26,25,0.51,1812.8316666666667,230,612,0.376,79,259,0.305,155,188,0.824,26,156,182,228,90,66,3,14,79,0,694,80,1371.4,0,0,1321.0,280,223,182,187,143,144,121,360,59,44,178,96,105,91,286,188,214,68,155,108,342,172,164,79,126,84,146,235,19,137,1,332,70,238,8.9,0.206,216,2.53,101.5,131,310,0.202,147,2.2,99,180,99.8,102.0,74.08,44,0.088,3360,99.8,2.2,416,0.211,372,88.9,8.9,146,0.101,12.0,102.0,281,131,416,22.5,4.5,0.052,0.015,112,216,0.44,88.9,96,82,134,125,0.499,99,386,89.3,99.3,65,65,97,2.2,91,22.0,0.286,0.25,1.0,11,196.0,17.0,0.391,20.0,233,0.367,30,56.0,41.0,61.0,50,0.549,0.0,0.0,0.361,0.415,91,5.0,0.344,0.307,1.0,43.0,15.0,90,4.0,0.39,0.0,75.0,0.538,123,0.0,2.0,2.0,0.0,0.0,262,0.0,48,50,POR,11.0,0.0,93,23.0,0.364,0.349,Kentucky,195,1,77,13,USA,1997,2004
965,Derek Fisher,Derek,1610612747,LAL,29.0,82,56,26,0.683,1759.4316666666666,203,576,0.352,52,179,0.291,122,153,0.797,30,122,152,187,79,103,4,20,115,1,580,105,1284.9,0,0,1185.0,3,14,194,54,151,163,134,388,96,85,197,129,141,130,269,226,244,94,180,28,328,219,226,21,151,70,157,235,19,159,1,381,169,349,8.7,0.186,125,2.37,99.5,130,374,0.18,208,2.2,202,103,97.0,99.3,77.85,60,0.072,3439,97.0,2.5,184,0.175,362,93.43,8.7,216,0.083,7.0,99.3,366,130,184,20.7,2.5,0.043,0.016,193,125,0.398,93.43,121,107,233,116,0.451,202,170,93.33,97.0,58,56,207,2.2,98,20.0,0.305,0.289,1.0,9,105.0,7.0,0.354,45.0,277,0.25,36,32.0,28.0,73.0,44,0.524,0.0,0.0,0.274,0.25,84,13.0,0.326,0.296,3.0,34.0,7.0,62,6.0,0.373,1.0,71.0,0.524,166,0.0,0.0,1.0,0.0,0.0,190,0.0,62,44,LAL,27.0,1.0,84,21.0,0.222,0.206,Arkansas-Little Rock,205,1,73,24,USA,1996,2004
934,Derrick Coleman,Derrick,1610612755,PHI,37.0,34,13,21,0.382,845.7116666666667,107,259,0.413,8,36,0.222,49,65,0.754,45,147,192,46,57,23,26,34,79,0,271,-71,660.4,2,0,615.0,335,337,141,331,262,252,247,259,194,186,246,254,256,202,221,196,204,261,225,268,123,298,164,79,254,322,252,146,19,255,1,88,150,322,14.6,0.192,240,0.81,94.8,305,46,0.189,185,-4.3,292,215,100.3,96.0,74.85,307,0.19,1581,100.3,-5.4,383,0.095,188,89.82,14.6,180,0.089,7.6,96.0,314,305,383,11.8,3.1,0.124,0.058,346,240,0.429,89.82,248,250,197,318,0.471,292,343,90.43,100.1,356,356,161,-4.3,35,2.0,0.207,0.2,,15,29.0,1.0,0.35,5.0,100,0.357,42,6.0,2.0,7.0,49,0.605,,,0.286,0.5,81,1.0,0.25,0.273,0.0,42.0,13.0,7,13.0,0.37,0.0,22.0,0.6,46,0.0,0.0,0.0,0.0,0.0,28,0.0,17,51,PHI,36.0,0.0,85,6.0,0.361,0.31,Syracuse,270,1,82,1,USA,1990,2004
1760,Derrick Dial,Derrick,1610612753,ORL,28.0,9,2,7,0.222,82.74333333333334,9,28,0.321,2,9,0.222,6,8,0.75,5,8,13,2,1,6,0,2,6,0,26,13,61.6,0,0,55.0,403,413,58,421,397,393,387,409,236,244,246,378,380,209,377,395,392,402,426,362,398,45,31,79,389,150,390,235,19,390,1,265,329,389,2.9,0.174,23,2.0,98.0,36,334,0.169,261,8.1,303,21,87.6,95.7,77.83,90,0.082,161,87.6,8.4,187,0.042,201,93.4,2.9,261,0.086,3.1,95.7,399,36,187,5.7,1.0,0.067,0.052,250,23,0.357,93.4,400,409,211,31,0.412,303,304,91.17,89.7,10,10,364,8.1,4,0.0,0.286,0.0,0.0,1,7.0,0.0,0.333,0.0,12,0.5,2,2.0,2.0,2.0,2,0.4,0.0,0.0,0.0,0.0,5,0.0,0.111,0.25,0.0,1.0,1.0,1,1.0,0.429,,4.0,0.4,7,0.0,0.0,,0.0,0.0,9,0.0,3,2,ORL,2.0,,5,1.0,0.5,1.0,Eastern Michigan,184,2,76,52,USA,1998,2004
2724,Desmond Ferguson,Desmond,1610612757,POR,26.0,7,2,5,0.286,30.71,5,12,0.417,3,8,0.375,0,2,0.0,0,4,4,1,1,0,0,0,0,0,13,9,18.3,0,0,21.0,407,413,36,391,418,405,408,248,228,249,73,425,412,425,427,412,419,413,426,419,398,1,1,79,404,157,417,235,19,412,1,423,402,218,6.7,0.239,6,1.0,96.1,7,424,0.23,73,19.4,361,5,73.2,92.6,71.64,248,0.0,54,73.2,20.5,439,0.071,420,85.97,6.7,81,0.131,1.7,92.6,20,7,439,6.7,0.7,0.0,0.0,305,6,0.542,85.97,323,386,36,6,0.505,361,439,83.09,75.5,16,17,396,19.4,0,0.0,0.5,0.0,0.0,0,6.0,0.0,0.0,0.0,2,0.0,0,3.0,2.0,2.0,2,1.0,0.0,0.0,0.0,0.0,2,0.0,0.6,0.0,0.0,0.0,0.0,3,0.0,0.0,,3.0,1.0,2,0.0,,,0.0,,5,,0,2,POR,0.0,,2,0.0,0.0,0.0,Detroit,210,Undrafted,79,Undrafted,USA,Undrafted,2004
2046,Desmond Mason,Desmond,1610612749,MIL,26.0,82,41,41,0.5,2534.4333333333334,409,867,0.472,9,39,0.231,356,463,0.769,93,266,359,152,148,60,24,47,191,0,1183,168,1945.8,5,0,1871.0,3,84,353,194,65,61,70,105,187,180,243,17,14,171,112,87,91,120,76,135,131,353,361,79,50,50,87,100,19,86,1,249,90,53,10.8,0.218,295,1.03,104.7,105,244,0.217,120,3.4,46,285,101.6,105.0,78.74,246,0.106,4988,101.6,3.1,136,0.103,247,94.49,10.7,109,0.099,10.6,105.0,170,105,136,11.0,5.0,0.072,0.038,48,295,0.477,94.49,223,275,148,103,0.552,46,113,94.64,101.6,153,156,80,3.4,157,6.0,0.2,0.125,1.0,49,15.0,5.0,0.418,8.0,376,0.426,115,3.0,15.0,23.0,194,0.576,0.0,0.0,0.261,0.333,337,1.0,0.407,0.143,2.0,112.0,42.0,44,41.0,0.432,0.0,7.0,0.561,183,0.0,0.0,0.0,0.0,0.0,108,0.0,79,202,MIL,95.0,0.0,360,1.0,0.432,0.375,Oklahoma State,222,1,77,17,USA,2000,2004
2667,Desmond Penigar,Desmond,1610612753,ORL,22.0,10,4,6,0.4,86.35666666666667,14,28,0.5,0,0,0.0,4,4,1.0,6,18,24,3,6,2,2,4,14,0,32,20,71.3,0,0,67.0,397,394,49,310,394,381,387,39,289,361,289,386,400,1,373,375,376,396,388,390,356,64,57,79,383,139,387,235,19,384,1,37,353,96,15.5,0.183,51,0.5,104.8,15,12,0.179,223,10.6,72,101,92.9,103.5,78.74,374,0.222,171,92.9,7.8,135,0.053,153,94.49,15.4,226,0.096,2.8,103.5,79,15,135,7.7,1.4,0.143,0.069,47,51,0.5,94.49,374,362,160,38,0.538,72,257,91.96,96.9,376,379,314,10.6,5,0.0,0.0,0.0,,3,0.0,0.0,0.455,0.0,11,0.5,6,0.0,0.0,0.0,6,0.545,,,0.0,0.0,11,0.0,0.0,0.0,,4.0,2.0,0,3.0,0.429,0.0,0.0,0.5,7,,,0.0,,,0,,3,6,ORL,5.0,0.0,12,0.0,0.6,0.5,Utah State,245,Undrafted,79,Undrafted,USA,Undrafted,2004
1904,Devean George,Devean,1610612747,LAL,26.0,82,56,26,0.683,1952.775,233,571,0.408,65,186,0.349,73,96,0.76,87,245,332,112,88,81,38,20,189,0,604,166,1439.4,3,0,1351.0,3,14,194,54,132,142,135,272,81,80,117,199,208,190,123,103,106,167,159,77,91,219,358,79,146,51,138,124,19,134,1,208,170,261,10.8,0.16,139,1.27,101.6,86,196,0.158,299,4.4,103,99,97.5,101.9,79.09,197,0.124,3859,97.5,4.7,112,0.089,219,94.9,10.8,296,0.076,7.0,101.9,215,86,112,13.8,2.8,0.084,0.044,106,139,0.465,94.9,271,212,274,85,0.492,103,73,95.36,96.9,161,159,178,4.4,78,16.0,0.346,0.313,1.0,15,136.0,6.0,0.375,32.0,208,0.254,59,47.0,16.0,48.0,76,0.639,1.0,1.0,0.333,0.375,119,10.0,0.333,0.352,3.0,42.0,15.0,43,10.0,0.38,0.0,91.0,0.621,142,0.333,2.0,0.0,1.0,1.0,129,0.5,54,77,LAL,38.0,0.0,124,32.0,0.263,0.357,Augsburg,240,1,80,23,USA,1999,2004
2484,Devin Brown,Devin,1610612759,SAS,25.0,58,43,15,0.741,619.3083333333333,85,196,0.434,4,14,0.286,60,74,0.811,38,92,130,33,38,15,4,18,61,0,234,30,458.5,0,0,439.0,238,67,101,20,302,279,285,203,217,224,200,229,244,109,247,271,268,284,279,309,328,210,133,79,271,124,297,235,19,294,1,156,308,184,12.7,0.195,81,0.87,99.1,152,129,0.187,175,1.3,278,106,95.2,96.5,78.89,286,0.149,1229,95.2,2.0,124,0.095,185,94.67,12.7,192,0.098,3.4,96.5,269,152,124,11.0,1.5,0.103,0.059,208,81,0.444,94.67,253,274,149,131,0.512,278,224,92.48,97.1,272,274,305,1.3,35,4.0,0.0,0.4,1.0,16,2.0,0.0,0.361,10.0,97,0.552,29,0.0,1.0,11.0,30,0.536,0.0,0.0,0.364,0.0,56,4.0,0.423,0.0,1.0,23.0,12.0,11,9.0,0.348,0.0,2.0,0.517,66,0.0,0.0,0.0,0.0,0.0,26,0.0,23,30,SAS,20.0,0.0,58,0.0,0.45,0.522,Texas-San Antonio,235,Undrafted,77,Undrafted,USA,Undrafted,2004
87,Dikembe Mutombo,Dikembe,1610612752,NYK,38.0,65,29,36,0.446,1499.1466666666668,141,295,0.478,0,0,0.0,81,119,0.681,145,292,437,25,54,17,123,24,141,0,363,-39,1290.9,7,0,1105.0,204,195,297,260,182,222,235,83,289,361,289,183,174,300,57,73,63,305,231,296,18,241,265,79,222,266,156,78,19,175,1,25,254,142,12.7,0.124,243,0.46,98.6,213,43,0.122,405,-1.2,207,209,100.3,99.1,76.59,386,0.191,2868,100.3,-1.4,281,0.026,36,91.91,12.6,404,0.094,4.5,99.1,163,213,281,5.9,2.2,0.148,0.102,227,243,0.478,91.91,419,407,174,219,0.523,207,235,92.28,100.0,271,273,234,-1.2,23,0.0,0.0,0.0,0.0,36,0.0,0.0,0.39,0.0,59,0.356,101,0.0,0.0,0.0,82,0.607,0.0,0.0,0.0,0.0,135,0.0,0.0,0.0,0.0,35.0,15.0,0,32.0,0.188,0.0,0.0,0.595,16,0.0,0.0,0.0,0.0,0.0,1,0.0,3,91,NYK,90.0,0.0,153,0.0,0.356,0.429,Georgetown,265,1,86,4,Democratic Republic of the Congo,1991,2004
1901,Dion Glover,Dion,1610612761,TOR,25.0,69,23,46,0.333,1642.4483333333333,230,589,0.39,40,119,0.336,120,156,0.769,58,208,266,130,102,50,19,57,123,0,620,-118,1239.2,0,0,1194.0,177,253,394,357,161,144,128,325,119,116,135,130,137,166,180,138,152,142,135,169,166,383,236,79,142,369,166,235,19,157,2,219,128,318,11.5,0.212,204,1.27,95.7,290,193,0.208,139,-3.7,298,235,99.5,95.8,77.58,196,0.125,3186,99.5,-4.9,212,0.138,253,93.1,11.5,135,0.086,8.5,95.8,327,290,212,14.6,3.3,0.081,0.036,318,204,0.424,93.1,164,194,216,309,0.471,298,208,92.66,100.5,202,203,151,-3.7,60,21.0,0.238,0.409,0.0,10,80.0,12.0,0.314,22.0,191,0.182,55,19.0,17.0,39.0,120,0.536,0.0,0.0,0.538,0.706,224,9.0,0.391,0.226,0.0,65.0,16.0,36,5.0,0.336,0.0,53.0,0.515,116,0.0,,1.0,0.0,,92,,39,122,TOR,25.0,0.0,237,12.0,0.2,0.246,Georgia Tech,225,1,77,20,USA,1999,2004
1717,Dirk Nowitzki,Dirk,1610612742,DAL,26.0,77,49,28,0.636,2919.845,605,1310,0.462,99,290,0.341,371,423,0.877,90,580,670,207,135,92,104,34,216,0,1680,408,3247.5,31,0,3048.0,102,43,225,93,27,11,15,130,36,33,125,12,28,29,119,9,21,82,85,50,26,298,394,79,7,14,7,18,19,7,1,124,18,44,7.3,0.246,391,1.53,111.3,54,35,0.242,59,6.7,7,356,105.4,112.1,79.21,149,0.199,5792,105.4,7.3,104,0.11,279,95.05,7.4,57,0.14,17.0,112.1,85,54,104,11.3,7.9,0.114,0.03,7,391,0.5,95.05,203,265,18,45,0.561,7,50,95.99,104.1,31,31,14,6.7,301,11.0,0.346,0.143,3.0,69,254.0,10.0,0.46,7.0,655,0.434,159,88.0,26.0,33.0,136,0.66,0.0,0.0,0.333,0.385,206,1.0,0.399,0.317,3.0,155.0,73.0,115,38.0,0.464,0.0,101.0,0.636,450,0.0,0.0,0.0,0.0,0.0,288,0.0,209,138,DAL,96.0,0.0,217,32.0,0.396,0.471,None,245,1,84,9,Germany,1998,2004
2051,Donnell Harvey,Donnell,1610612756,PHX,23.0,60,17,43,0.283,789.015,89,201,0.443,0,3,0.0,61,83,0.735,48,116,164,21,45,24,27,18,129,2,239,-108,575.3,0,0,526.0,229,311,374,396,267,274,279,175,289,286,289,226,228,243,208,239,234,321,258,263,119,210,242,6,270,361,270,235,19,273,2,157,310,225,14.8,0.162,299,0.47,96.2,321,143,0.16,294,-4.9,271,312,101.6,96.8,79.09,385,0.143,1544,101.6,-6.2,113,0.045,176,94.9,14.7,290,0.058,3.4,96.8,274,321,113,6.9,1.5,0.103,0.062,301,299,0.443,94.9,395,384,344,336,0.503,271,107,94.78,102.5,359,360,301,-4.9,11,0.0,0.0,0.0,1.0,21,1.0,0.0,0.282,0.0,39,0.339,62,0.0,1.0,1.0,57,0.588,0.0,0.0,0.0,0.0,97,0.0,0.25,0.0,2.0,14.0,4.0,1,13.0,0.308,0.0,0.0,0.578,26,0.0,0.0,0.0,0.0,0.0,4,0.0,8,63,PHX,46.0,0.0,109,0.0,0.283,0.286,Florida,220,1,80,22,USA,2000,2004
923,Donyell Marshall,Donyell,1610612761,TOR,31.0,82,29,53,0.354,2982.055,470,1020,0.461,131,325,0.403,134,182,0.736,210,598,808,122,117,93,124,34,247,0,1205,-130,2891.6,38,0,2700.0,3,195,424,347,22,41,42,132,21,28,36,119,113,238,21,7,8,149,108,45,17,298,417,79,48,378,19,10,19,20,2,48,63,64,8.7,0.195,280,1.04,98.2,249,27,0.192,176,-2.3,212,236,101.3,99.0,75.06,244,0.204,5596,101.3,-2.3,375,0.075,129,90.07,8.8,171,0.137,12.4,99.0,35,249,375,9.1,5.7,0.139,0.073,243,280,0.525,90.07,315,324,28,237,0.548,212,327,90.74,100.5,59,60,60,-2.3,78,68.0,0.382,0.456,1.0,46,165.0,37.0,0.311,68.0,251,0.451,102,63.0,91.0,159.0,215,0.629,0.0,0.0,0.428,0.407,342,31.0,0.385,0.379,1.0,50.0,12.0,120,38.0,0.357,0.0,87.0,0.625,126,0.0,0.0,0.0,0.0,0.0,312,0.0,45,222,TOR,89.0,0.0,355,33.0,0.427,0.24,Connecticut,230,1,81,4,USA,1994,2004
57,Doug Christie,Doug,1610612758,SAC,34.0,82,55,27,0.671,2782.8866666666668,317,688,0.461,49,142,0.345,148,172,0.86,69,260,329,347,155,151,41,21,186,0,831,372,2167.3,3,0,1940.0,3,19,209,65,41,101,108,133,105,100,121,100,122,44,148,89,107,32,67,4,82,226,350,79,103,20,68,124,19,80,1,294,132,71,12.2,0.149,338,2.24,109.5,53,293,0.147,346,6.7,12,325,103.2,109.9,79.93,71,0.093,5561,103.2,6.7,62,0.178,296,95.92,12.2,332,0.087,8.4,109.9,93,53,62,27.3,3.9,0.061,0.026,14,338,0.496,95.92,118,51,206,55,0.544,12,37,96.26,102.9,245,247,123,6.7,113,22.0,0.321,0.394,2.0,11,84.0,9.0,0.386,33.0,293,0.256,43,27.0,23.0,56.0,144,0.686,0.0,0.0,0.393,0.391,210,13.0,0.402,0.281,3.0,25.0,11.0,99,5.0,0.356,0.0,32.0,0.667,132,0.0,2.0,0.0,0.0,0.0,246,0.0,47,146,SAC,29.0,0.0,219,9.0,0.172,0.44,Pepperdine,205,1,78,17,USA,1992,2004
77,Doug Overton,Doug,1610612746,LAC,34.0,61,22,39,0.361,1036.11,99,245,0.404,3,23,0.13,23,31,0.742,16,70,86,138,58,26,2,5,89,0,224,-98,560.2,0,0,507.0,221,261,326,339,231,263,256,282,228,206,280,314,320,230,325,302,314,131,224,249,356,75,178,79,276,353,276,235,19,279,2,388,281,378,12.8,0.139,386,2.38,99.5,315,394,0.135,373,-4.6,149,381,105.2,100.7,76.42,57,0.067,1976,105.2,-5.9,296,0.215,363,91.7,12.8,371,0.053,4.0,100.7,351,315,296,30.5,1.6,0.042,0.016,192,386,0.41,91.7,93,31,356,330,0.433,149,245,92.15,105.4,283,278,290,-4.6,77,0.0,0.143,0.0,0.0,6,21.0,0.0,0.445,1.0,173,0.316,19,3.0,1.0,2.0,13,0.433,0.0,0.0,0.0,0.0,30,0.0,0.488,0.143,0.0,24.0,6.0,21,2.0,0.443,0.0,14.0,0.438,122,0.0,1.0,0.0,0.0,0.0,43,0.0,54,14,LAC,9.0,0.0,32,2.0,0.222,0.25,La Salle,190,2,75,40,USA,1991,2004
2400,Drew Gooden,Drew,1610612753,ORL,22.0,79,20,59,0.253,2137.3866666666668,369,829,0.445,9,42,0.214,167,262,0.637,160,356,516,89,126,62,72,63,196,0,914,-484,1942.7,18,0,1796.0,77,286,440,413,108,76,75,169,187,172,251,89,68,343,44,44,44,192,95,126,44,398,369,79,84,442,89,35,19,94,1,97,92,286,10.9,0.226,432,0.71,97.3,402,71,0.224,99,-12.0,228,425,110.2,98.2,77.13,327,0.175,4126,110.2,-12.8,244,0.076,133,92.56,10.8,93,0.096,10.5,98.2,254,402,244,7.6,4.7,0.121,0.072,272,432,0.451,92.56,309,367,161,406,0.484,228,185,93.08,110.0,162,165,92,-12.0,144,3.0,0.207,0.2,2.0,78,29.0,2.0,0.402,5.0,358,0.459,170,6.0,6.0,11.0,138,0.533,0.0,0.0,0.273,0.333,259,1.0,0.316,0.313,2.0,130.0,46.0,18,73.0,0.414,0.0,16.0,0.534,186,0.0,0.0,2.0,0.0,0.0,57,0.0,77,150,ORL,155.0,0.0,281,5.0,0.471,0.354,Kansas,242,1,82,4,USA,2002,2004
2548,Dwyane Wade,Dwyane,1610612748,MIA,22.0,61,34,27,0.557,2135.85,371,798,0.465,16,53,0.302,233,312,0.747,85,162,247,275,196,86,34,71,140,0,991,89,1863.9,1,0,1769.0,221,158,209,139,109,75,84,123,164,161,182,53,50,222,127,182,171,51,30,61,98,412,263,79,76,75,96,178,19,96,1,298,56,118,13.9,0.246,190,1.4,100.2,132,352,0.242,58,2.2,120,145,98.9,101.2,75.71,160,0.078,4042,98.9,1.9,346,0.241,232,90.85,13.9,58,0.118,13.1,101.2,182,132,346,19.5,6.1,0.059,0.04,148,190,0.475,90.85,70,119,61,132,0.53,120,277,91.58,98.3,330,329,50,2.2,60,10.0,0.214,0.333,2.0,65,28.0,7.0,0.308,9.0,195,0.422,154,6.0,14.0,23.0,230,0.581,0.0,0.0,0.435,0.5,396,3.0,0.333,0.0,5.0,66.0,21.0,22,58.0,0.287,0.0,6.0,0.563,115,0.0,1.0,0.0,0.0,0.0,66,0.0,33,237,MIA,118.0,0.0,421,0.0,0.492,0.318,Marquette,212,1,76,5,USA,2003,2004
1863,Earl Boykins,Earl,1610612743,DEN,28.0,82,43,39,0.524,1838.3316666666667,321,766,0.419,55,171,0.322,142,162,0.877,42,101,143,295,100,51,3,31,84,0,839,8,1515.1,1,0,1440.0,3,67,326,171,141,99,89,240,92,88,158,106,131,30,233,254,254,47,141,162,342,287,171,79,100,159,123,178,19,122,1,405,110,232,8.1,0.224,256,2.95,100.5,187,413,0.219,101,-0.1,158,244,100.6,100.5,79.82,16,0.055,3675,100.6,-0.1,65,0.285,323,95.79,8.1,105,0.117,9.3,100.5,242,187,65,24.0,3.9,0.038,0.022,140,256,0.455,95.79,29,75,66,181,0.501,158,58,95.76,100.6,40,41,119,-0.1,152,6.0,0.318,0.429,0.0,55,154.0,3.0,0.42,7.0,362,0.433,127,49.0,10.0,17.0,59,0.557,0.0,0.0,0.353,0.3,106,3.0,0.366,0.324,4.0,106.0,38.0,53,33.0,0.441,0.0,74.0,0.558,247,0.25,1.0,1.0,1.0,0.0,145,0.0,109,63,DEN,75.0,0.0,113,24.0,0.44,0.358,Eastern Michigan,133,Undrafted,65,Undrafted,USA,Undrafted,2004
2248,Earl Watson,Earl,1610612763,MEM,25.0,81,50,31,0.617,1673.0,172,464,0.371,26,106,0.245,90,138,0.652,49,129,178,402,146,91,19,28,175,0,460,197,1460.6,2,0,1286.0,43,34,255,106,158,190,166,372,139,124,237,173,154,329,205,219,215,24,77,54,166,263,325,79,188,42,131,146,19,144,1,324,211,370,13.6,0.185,46,2.75,99.7,57,348,0.181,214,6.5,206,44,92.6,99.2,76.58,30,0.079,3197,92.6,6.7,283,0.393,282,91.9,13.6,210,0.1,5.7,99.2,365,57,283,37.4,2.1,0.054,0.03,178,46,0.399,91.9,3,7,143,54,0.438,206,284,91.44,93.0,321,320,236,6.5,43,1.0,0.268,0.143,7.0,15,82.0,0.0,0.316,7.0,136,0.234,64,22.0,7.0,14.0,90,0.559,0.143,1.0,0.071,0.0,161,1.0,0.379,0.217,9.0,27.0,9.0,36,7.0,0.219,0.0,46.0,0.547,73,0.111,1.0,2.0,1.0,0.0,95,0.0,16,93,MEM,41.0,0.0,170,10.0,0.171,0.333,UCLA,190,2,73,39,USA,2001,2004
2109,Eddie Gill,Eddie,1610612757,POR,25.0,22,12,10,0.545,153.23166666666665,15,36,0.417,3,8,0.375,17,20,0.85,4,13,17,16,12,9,1,2,16,0,50,-24,112.4,0,0,106.0,360,350,76,148,379,378,380,248,228,249,73,339,355,56,385,382,383,343,364,346,378,45,61,79,367,238,375,235,19,374,1,270,404,48,16.5,0.191,302,1.33,97.6,395,283,0.176,194,-10.2,370,258,101.8,91.5,73.48,174,0.096,284,101.8,-3.4,430,0.219,273,88.18,16.7,241,0.092,1.6,91.5,235,395,430,22.2,0.7,0.065,0.032,263,302,0.458,88.18,88,84,182,272,0.558,370,436,85.81,100.9,395,393,398,-10.2,7,2.0,0.167,1.0,0.0,2,6.0,0.0,0.389,2.0,18,0.333,6,1.0,0.0,2.0,3,0.75,0.0,0.0,1.0,0.0,4,2.0,0.333,0.333,0.0,5.0,4.0,3,2.0,0.25,,3.0,0.6,8,0.0,,,0.0,,9,,2,3,POR,6.0,,5,1.0,0.333,0.8,Weber State,190,Undrafted,72,Undrafted,USA,Undrafted,2004
2067,Eddie House,Eddie,1610612746,LAC,26.0,60,16,44,0.267,1181.215,161,449,0.359,51,136,0.375,36,45,0.8,28,110,138,148,63,65,4,15,92,0,409,-200,940.6,1,0,884.0,229,319,381,407,222,196,170,380,99,107,73,282,293,122,277,245,259,123,213,112,328,184,187,79,205,415,212,178,19,211,1,302,154,373,9.3,0.202,408,2.35,97.8,381,272,0.198,156,-8.6,233,401,106.7,98.1,77.39,62,0.098,2284,106.7,-9.4,222,0.228,316,92.87,9.3,156,0.082,7.5,98.1,339,381,222,21.8,2.7,0.059,0.023,256,408,0.415,92.87,80,90,243,382,0.436,233,198,92.8,107.2,77,75,188,-8.6,75,11.0,0.385,0.333,3.0,11,104.0,5.0,0.349,18.0,215,0.324,34,40.0,10.0,28.0,24,0.369,0.0,0.0,0.393,0.5,65,6.0,0.419,0.365,5.0,40.0,11.0,49,8.0,0.328,0.0,74.0,0.364,125,0.2,2.0,0.0,1.0,0.0,117,0.0,41,24,LAC,20.0,0.0,66,27.0,0.4,0.275,Arizona State,175,2,73,37,USA,2000,2004
224,Eddie Jones,Eddie,1610612748,MIA,32.0,81,42,39,0.519,3000.98,473,1156,0.409,177,479,0.37,278,333,0.835,38,270,308,258,129,92,34,42,226,1,1401,85,2406.6,1,0,2396.0,43,74,326,180,19,39,29,269,3,5,90,37,43,71,247,83,122,59,91,50,98,332,406,21,26,80,50,178,19,43,1,329,42,94,7.6,0.225,210,2.0,100.2,148,286,0.219,100,1.5,127,160,99.6,101.1,74.86,90,0.095,5618,99.6,1.3,381,0.16,389,89.83,7.7,106,0.112,14.3,101.1,129,148,381,15.5,5.8,0.053,0.013,151,210,0.486,89.83,132,178,88,148,0.538,127,334,90.54,98.9,34,33,56,1.5,157,68.0,0.353,0.444,0.0,38,309.0,24.0,0.389,99.0,404,0.352,108,109.0,71.0,170.0,101,0.612,0.0,0.0,0.4,0.338,165,44.0,0.37,0.349,0.0,106.0,31.0,173,36.0,0.433,0.0,109.0,0.598,210,0.0,0.0,1.0,0.0,0.0,468,0.0,91,104,MIA,88.0,0.0,174,38.0,0.409,0.292,Temple,200,1,78,10,USA,1994,2004
1944,Eddie Robinson,Eddie,1610612741,CHI,28.0,51,15,36,0.294,1022.5866666666667,157,326,0.482,1,5,0.2,28,43,0.651,27,77,104,58,45,33,10,5,57,0,343,-73,638.8,0,0,592.0,280,326,297,384,237,202,221,74,258,263,253,304,298,332,284,289,295,238,258,219,254,75,126,79,231,325,255,235,19,258,1,347,187,249,10.0,0.171,251,1.29,97.2,275,366,0.168,268,-3.2,255,224,100.5,97.3,79.07,194,0.074,2017,100.5,-3.2,114,0.097,298,94.89,10.1,268,0.079,6.4,97.3,140,275,114,13.0,3.1,0.05,0.026,278,251,0.483,94.89,241,227,256,268,0.497,255,93,95.03,100.4,119,117,163,-3.2,110,0.0,0.25,0.0,0.0,13,4.0,0.0,0.462,0.0,238,0.394,33,1.0,1.0,1.0,33,0.66,0.0,0.0,0.0,0.0,50,0.0,0.385,0.5,0.0,42.0,23.0,15,8.0,0.453,0.0,2.0,0.623,170,0.0,2.0,0.0,0.0,0.0,39,0.0,77,33,CHI,18.0,0.0,53,1.0,0.444,0.548,Central Oklahoma,210,Undrafted,81,Undrafted,USA,Undrafted,2004
2201,Eddy Curry,Eddy,1610612741,CHI,21.0,73,20,53,0.274,2158.2633333333333,417,840,0.496,1,1,1.0,235,350,0.671,143,308,451,68,177,24,83,97,258,3,1070,-296,1857.2,10,0,1804.0,135,286,424,402,104,57,74,48,258,323,1,52,38,306,60,63,60,222,48,263,35,437,430,2,67,433,97,61,19,93,1,160,78,92,14.3,0.246,327,0.38,95.2,351,162,0.244,55,-6.3,285,282,102.6,96.3,77.84,404,0.138,4184,102.6,-6.3,185,0.061,160,93.41,14.3,52,0.092,11.5,96.3,90,351,185,5.5,5.7,0.103,0.067,337,327,0.497,93.41,352,410,184,337,0.538,285,123,94.46,101.5,343,340,61,-6.3,41,0.0,1.0,0.0,0.0,105,1.0,0.0,0.311,0.0,132,0.417,252,1.0,0.0,0.0,270,0.593,0.0,0.0,0.0,0.0,455,0.0,0.0,0.0,1.0,89.0,27.0,0,92.0,0.25,0.0,0.0,0.579,32,1.0,0.0,0.0,1.0,0.0,2,0.0,8,289,CHI,217.0,0.0,499,0.0,0.424,0.303,None,285,1,83,4,USA,2001,2004
2059,Eduardo Najera,Eduardo,1610612742,DAL,27.0,58,35,23,0.603,720.04,72,162,0.444,2,4,0.5,30,46,0.652,67,89,156,25,29,35,19,16,90,0,176,49,533.7,1,0,467.0,238,139,157,116,285,296,305,170,236,274,5,299,289,329,155,275,238,305,306,213,166,192,182,79,306,108,281,178,19,288,1,158,355,290,12.3,0.129,236,0.86,106.2,97,202,0.125,396,3.8,57,245,100.1,103.8,79.69,291,0.122,1432,100.1,5.5,76,0.051,82,95.63,12.2,396,0.06,2.8,103.8,252,97,76,10.5,1.2,0.103,0.085,28,236,0.451,95.63,380,284,333,69,0.483,57,131,94.31,100.6,247,249,333,3.8,18,0.0,0.667,0.0,1.0,4,3.0,0.0,0.383,0.0,47,0.267,15,2.0,0.0,0.0,48,0.5,0.0,0.0,0.0,0.0,96,0.0,0.375,0.0,1.0,17.0,6.0,3,3.0,0.4,0.0,0.0,0.495,30,0.0,0.0,0.0,0.0,0.0,8,0.0,12,48,DAL,9.0,0.0,97,0.0,0.333,0.353,Oklahoma,235,2,80,38,Mexico,2000,2004
922,Elden Campbell,Elden,1610612765,DET,35.0,65,42,23,0.646,898.415,138,314,0.439,0,0,0.0,85,124,0.685,52,157,209,45,63,21,50,25,137,0,361,77,829.3,0,0,757.0,204,74,157,88,255,226,224,187,289,361,289,177,172,292,196,187,191,263,213,279,72,247,257,79,225,86,230,235,19,226,1,96,241,269,13.2,0.228,83,0.71,99.9,77,67,0.226,93,4.9,166,68,95.4,100.3,75.07,325,0.178,1683,95.4,5.0,374,0.089,172,90.08,13.1,89,0.084,4.8,100.3,285,77,374,9.4,2.1,0.122,0.063,168,83,0.439,90.08,270,318,227,79,0.49,166,338,90.49,94.9,296,300,237,4.9,64,0.0,0.0,0.0,0.0,27,0.0,0.0,0.41,0.0,156,0.466,58,0.0,0.0,0.0,47,0.47,0.0,0.0,0.0,0.0,100,0.0,0.0,0.0,0.0,90.0,42.0,0,22.0,0.367,,0.0,0.473,60,0.0,0.0,,0.0,0.0,1,0.0,22,52,DET,53.0,,110,0.0,0.415,0.467,Clemson,279,1,84,27,USA,1990,2004
1882,Elton Brand,Elton,1610612746,LAC,25.0,69,22,47,0.319,2675.2166666666667,484,982,0.493,0,1,0.0,411,532,0.773,269,445,714,227,193,64,154,62,229,2,1379,-222,3037.3,40,0,2756.0,177,261,404,370,53,36,48,54,289,323,289,4,6,162,4,25,17,69,33,118,13,395,411,6,30,422,14,9,19,18,1,58,44,37,11.8,0.232,417,1.18,101.5,309,78,0.23,85,-4.4,82,399,107.4,103.1,77.61,215,0.17,5193,107.4,-5.5,209,0.157,39,93.13,11.8,78,0.148,14.2,103.1,106,309,209,13.8,7.0,0.135,0.101,115,417,0.493,93.13,136,209,13,321,0.567,82,142,94.07,107.0,224,223,26,-4.4,120,0.0,0.0,0.0,0.0,116,1.0,0.0,0.383,0.0,313,0.423,274,0.0,0.0,0.0,248,0.629,0.0,0.0,0.0,0.0,394,0.0,0.0,0.0,0.0,188.0,79.0,0,93.0,0.316,0.0,1.0,0.614,152,0.0,0.0,0.0,0.0,0.0,4,0.0,48,264,LAC,207.0,0.0,430,0.0,0.449,0.42,Duke,265,1,80,1,USA,1999,2004
15,Eric Piatkowski,Eric,1610612745,HOU,33.0,49,22,27,0.449,702.0833333333334,72,191,0.377,43,122,0.352,14,16,0.875,10,63,73,26,29,16,5,6,42,0,201,-14,361.6,0,0,385.0,284,261,209,256,290,296,289,359,112,114,112,352,365,32,349,311,322,303,306,303,313,94,100,79,292,209,322,235,19,309,1,334,287,210,11.5,0.156,74,0.9,93.7,229,304,0.15,321,-1.7,360,69,94.4,92.7,73.98,281,0.089,1303,94.4,-1.2,420,0.069,377,88.78,11.5,324,0.068,3.9,92.7,118,229,420,10.3,1.5,0.052,0.014,367,74,0.49,88.78,329,294,307,213,0.507,360,423,88.09,94.9,204,201,304,-1.7,13,20.0,0.319,0.44,0.0,2,72.0,9.0,0.333,25.0,39,0.333,6,23.0,24.0,49.0,14,0.56,0.0,0.0,0.408,0.375,25,11.0,0.365,0.32,0.0,13.0,5.0,31,2.0,0.308,0.0,50.0,0.56,13,0.0,0.0,0.0,0.0,0.0,85,0.0,4,14,HOU,5.0,0.0,25,16.0,0.4,0.385,Nebraska,215,1,79,15,USA,1994,2004
727,Eric Snow,Eric,1610612755,PHI,31.0,82,33,49,0.402,2976.185,295,715,0.413,2,18,0.111,252,316,0.797,62,219,281,563,187,97,6,61,213,0,844,-117,2147.7,10,0,1896.0,3,163,412,307,23,109,100,260,236,216,284,42,49,129,169,123,138,5,37,37,299,392,391,79,96,364,70,61,19,82,1,348,125,256,11.7,0.165,219,3.01,96.5,236,356,0.163,286,-2.0,239,179,99.8,97.8,74.67,13,0.077,5552,99.8,-2.8,395,0.323,321,89.6,11.6,282,0.1,8.7,97.8,343,236,395,35.1,3.6,0.05,0.022,289,219,0.414,89.6,20,14,139,256,0.494,239,341,90.47,99.3,215,214,137,-2.0,113,0.0,0.133,0.0,1.0,46,15.0,0.0,0.363,1.0,311,0.338,136,2.0,1.0,2.0,134,0.536,0.0,0.0,0.0,0.0,250,0.0,0.333,0.125,3.0,138.0,51.0,12,25.0,0.357,0.0,8.0,0.531,196,0.0,0.0,1.0,0.0,0.0,36,0.0,70,136,PHI,77.0,0.0,256,1.0,0.325,0.37,Michigan State,204,2,75,43,USA,1995,2004
677,Eric Williams,Eric,1610612739,CLE,31.0,71,38,33,0.535,1881.35,231,598,0.386,35,127,0.276,215,283,0.76,65,221,286,120,88,70,9,45,180,0,712,89,1384.2,2,0,1311.0,160,114,273,158,138,143,125,341,125,111,213,61,61,191,160,119,135,156,159,94,262,342,338,79,120,75,143,146,19,139,2,246,130,259,9.5,0.194,201,1.36,101.5,118,226,0.191,181,2.8,94,155,99.5,102.3,77.83,169,0.112,3653,99.5,2.8,188,0.105,265,93.39,9.4,176,0.078,8.4,102.3,338,118,188,12.9,3.3,0.073,0.033,109,201,0.416,93.39,217,229,261,111,0.493,94,140,94.1,98.7,81,81,155,2.8,65,7.0,0.292,0.143,4.0,63,96.0,6.0,0.422,7.0,154,0.377,167,28.0,21.0,28.0,68,0.456,0.0,0.0,0.25,0.286,149,1.0,0.273,0.347,4.0,85.0,38.0,24,48.0,0.435,0.0,49.0,0.44,69,0.0,0.0,0.0,0.0,0.0,88,0.0,30,74,CLE,135.0,0.0,168,17.0,0.356,0.447,Providence,220,1,80,14,USA,1995,2004
956,Erick Dampier,Erick,1610612744,GSW,28.0,74,33,41,0.446,2407.9933333333333,348,650,0.535,0,2,0.0,217,332,0.654,344,543,887,60,131,33,137,59,227,0,913,-49,2446.4,42,0,2200.0,131,163,353,262,78,85,113,12,289,305,289,60,44,328,1,12,3,232,89,219,15,387,407,79,85,285,47,7,19,56,1,3,123,33,13.3,0.178,262,0.46,99.4,207,10,0.177,245,-1.0,186,202,100.8,99.8,75.72,387,0.224,4557,100.8,-0.4,345,0.044,4,90.87,13.2,239,0.138,8.8,99.8,24,207,345,6.0,4.7,0.184,0.144,198,262,0.535,90.87,396,401,22,190,0.573,186,281,91.5,99.8,297,302,90,-1.0,19,0.0,0.0,0.0,2.0,54,0.0,0.0,0.352,0.0,54,0.331,163,0.0,0.0,0.0,275,0.638,0.0,0.0,0.0,0.0,431,0.0,0.5,0.0,2.0,39.0,11.0,1,35.0,0.5,0.0,0.0,0.598,14,0.0,0.0,0.0,0.0,0.0,2,0.0,7,294,GSW,101.0,0.0,492,0.0,0.347,0.282,Mississippi State,265,1,83,10,USA,1996,2004
1065,Erick Strickland,Erick,1610612749,MIL,30.0,43,21,22,0.488,572.96,79,196,0.403,29,66,0.439,44,51,0.863,13,58,71,90,54,26,2,10,63,0,231,52,481.2,0,0,477.0,301,276,149,218,311,289,285,287,134,148,23,264,281,43,337,317,324,190,231,249,356,133,137,79,273,104,293,235,19,286,1,282,252,122,14.9,0.215,304,1.67,106.3,81,263,0.209,131,4.6,27,294,101.8,106.5,79.69,124,0.102,1141,101.8,4.4,75,0.248,315,95.63,15.0,132,0.091,4.6,106.5,169,81,75,24.9,1.8,0.063,0.023,27,304,0.477,95.63,64,70,185,90,0.529,27,59,95.7,101.9,366,364,266,4.6,20,4.0,0.481,0.333,0.0,9,52.0,2.0,0.313,6.0,64,0.409,22,25.0,8.0,14.0,21,0.477,0.0,0.0,0.286,0.25,44,2.0,0.357,0.514,0.0,21.0,9.0,15,4.0,0.3,0.0,35.0,0.457,40,0.0,0.0,0.0,0.0,0.0,42,0.0,12,21,MIL,12.0,0.0,46,18.0,0.333,0.429,Nebraska,210,Undrafted,75,Undrafted,USA,Undrafted,2004
911,Ervin Johnson,Ervin,1610612750,MIN,36.0,66,49,17,0.742,969.4683333333334,55,103,0.534,0,1,0.0,17,28,0.607,61,171,232,24,30,27,43,11,156,1,127,103,621.4,0,0,523.0,198,43,116,19,243,322,338,14,289,323,289,339,329,358,170,173,180,307,305,245,78,142,290,21,330,73,260,235,19,275,1,87,406,57,17.7,0.072,97,0.8,101.9,67,79,0.071,439,5.8,102,71,96.1,101.9,76.08,309,0.169,1842,96.1,7.0,322,0.033,141,91.3,17.6,438,0.049,1.6,101.9,26,67,322,14.1,0.8,0.124,0.071,97,97,0.534,91.3,411,203,364,49,0.551,102,263,91.86,94.9,400,400,383,5.8,5,0.0,0.0,0.0,0.0,11,1.0,0.0,0.357,0.0,14,0.379,29,0.0,0.0,0.0,39,0.661,0.0,0.0,0.0,0.0,59,0.0,0.0,0.0,0.0,15.0,5.0,0,7.0,0.0,0.0,1.0,0.642,4,0.0,0.0,0.0,0.0,0.0,0,0.0,0,43,MIN,16.0,0.0,67,0.0,0.438,0.333,New Orleans,255,1,83,23,USA,1993,2004
2041,Etan Thomas,Etan,1610612764,WAS,26.0,79,25,54,0.316,1899.7533333333333,257,526,0.489,0,0,0.0,191,295,0.647,183,345,528,68,113,36,123,63,219,2,705,-303,1804.6,12,0,1619.0,77,228,432,372,136,131,145,60,289,361,289,71,53,335,35,50,38,222,113,209,18,398,398,6,123,435,103,47,19,108,1,49,181,97,13.5,0.178,330,0.6,94.2,376,54,0.177,244,-8.1,331,323,102.7,94.6,79.51,352,0.185,3777,102.7,-8.6,83,0.066,61,95.41,13.4,240,0.105,6.7,94.6,125,376,83,8.1,3.3,0.138,0.093,359,330,0.489,95.41,340,351,122,372,0.538,331,66,95.54,102.8,308,315,156,-8.1,24,0.0,0.0,0.0,0.0,52,0.0,0.0,0.343,0.0,70,0.359,145,0.0,0.0,0.0,181,0.582,0.0,0.0,0.0,0.0,311,0.0,0.0,0.0,0.0,43.0,16.0,0,40.0,0.214,0.0,0.0,0.567,28,0.0,0.0,0.0,0.0,0.0,0,0.0,6,195,WAS,111.0,0.0,344,0.0,0.36,0.372,Syracuse,260,1,82,12,USA,2000,2004
2436,Flip Murray,Flip,1610612760,SEA,24.0,82,37,45,0.451,2025.1033333333332,389,915,0.425,67,229,0.293,168,235,0.715,45,159,204,205,149,81,28,70,158,0,1013,-143,1743.3,2,0,1707.0,3,123,388,252,124,68,61,223,79,58,193,87,80,268,221,184,193,85,74,77,111,410,293,79,74,387,106,146,19,101,1,339,82,247,10.9,0.266,382,1.38,101.1,295,345,0.262,34,-4.0,128,368,105.0,101.0,78.02,165,0.079,3957,105.0,-3.7,178,0.185,318,93.62,10.8,31,0.092,11.2,101.0,227,295,178,14.9,4.7,0.051,0.023,126,382,0.462,93.62,109,189,183,279,0.497,128,157,93.73,104.7,160,163,89,-4.0,127,30.0,0.262,0.317,9.0,44,141.0,17.0,0.394,41.0,322,0.44,100,37.0,38.0,79.0,151,0.572,0.0,0.0,0.38,0.447,264,13.0,0.368,0.26,9.0,94.0,41.0,63,30.0,0.376,0.0,100.0,0.556,189,0.0,1.0,4.0,0.0,0.0,171,0.0,71,158,SEA,63.0,0.0,284,26.0,0.476,0.436,Shaw,190,2,76,41,USA,2002,2004
1922,Francisco Elson,Francisco,1610612743,DEN,28.0,62,36,26,0.581,876.2216666666667,94,199,0.472,0,1,0.0,30,45,0.667,65,138,203,32,35,35,39,17,145,0,218,-39,696.6,1,0,601.0,216,133,194,127,256,268,280,102,289,323,289,299,293,309,160,207,196,287,289,213,89,199,273,79,281,266,248,178,19,257,1,126,319,241,12.2,0.13,108,0.91,95.3,206,109,0.127,393,-1.0,308,92,96.5,95.6,78.86,276,0.155,1716,96.5,-1.3,128,0.06,134,94.63,12.2,390,0.071,3.2,95.6,195,206,128,11.2,1.5,0.113,0.072,334,108,0.472,94.63,353,269,293,215,0.498,308,110,94.75,96.6,248,246,298,-1.0,34,0.0,0.0,0.0,1.0,12,0.0,0.0,0.37,0.0,92,0.429,28,0.0,0.0,0.0,48,0.615,0.0,0.0,0.0,0.0,78,0.0,0.375,0.0,1.0,24.0,6.0,3,11.0,0.417,0.0,0.0,0.613,60,0.0,0.0,0.0,0.0,0.0,8,0.0,25,49,DEN,26.0,0.0,80,0.0,0.423,0.25,California,235,2,84,41,Netherlands,1999,2004
2421,Frank Williams,Frank,1610612752,NYK,24.0,56,26,30,0.464,712.6433333333333,80,208,0.385,18,60,0.3,41,48,0.854,8,45,53,121,63,25,6,17,58,0,219,62,494.1,0,0,473.0,248,223,247,236,287,285,272,345,160,158,183,272,285,49,363,336,347,154,213,258,299,199,129,79,279,99,288,235,19,287,1,399,293,298,15.2,0.198,65,1.92,100.2,70,403,0.196,164,5.7,195,79,93.8,99.5,75.24,96,0.062,1333,93.8,4.6,363,0.277,392,90.29,15.1,159,0.079,3.7,99.5,319,70,363,29.1,1.4,0.039,0.013,155,65,0.428,90.29,37,35,253,86,0.478,195,391,89.2,95.5,369,371,308,5.7,13,4.0,0.326,0.231,0.0,7,43.0,1.0,0.25,13.0,52,0.389,18,14.0,4.0,17.0,42,0.538,0.0,0.0,0.235,0.25,78,3.0,0.378,0.231,0.0,15.0,4.0,17,4.0,0.2,0.0,26.0,0.538,30,0.0,1.0,0.0,0.0,0.0,45,0.0,6,43,NYK,11.0,0.0,80,6.0,0.364,0.267,Illinois,212,1,75,25,USA,2002,2004
697,Fred Hoiberg,Fred,1610612750,MIN,31.0,79,57,22,0.722,1795.6933333333334,178,383,0.465,76,172,0.442,98,116,0.845,21,247,268,109,44,66,10,10,136,0,530,132,1199.1,0,0,1135.0,77,7,149,35,146,184,196,126,64,86,22,164,180,62,307,100,150,172,264,108,254,133,256,79,169,59,173,235,19,170,1,234,240,10,7.5,0.126,135,2.48,101.9,107,164,0.121,403,3.2,154,113,97.4,100.6,76.57,49,0.137,3448,97.4,4.5,284,0.095,397,91.89,7.5,405,0.106,4.8,100.6,12,107,284,18.6,2.3,0.076,0.012,98,135,0.564,91.89,251,127,113,88,0.611,154,293,91.34,97.3,32,32,228,3.2,62,20.0,0.448,0.24,0.0,3,125.0,14.0,0.431,25.0,144,0.25,12,56.0,22.0,47.0,37,0.673,0.0,0.0,0.426,0.636,55,6.0,0.463,0.379,0.0,10.0,3.0,81,2.0,0.429,0.0,58.0,0.673,77,0.0,0.0,0.0,0.0,0.0,175,0.0,33,37,MIN,8.0,0.0,55,22.0,0.25,0.3,Iowa State,210,2,77,52,USA,1995,2004
2410,Fred Jones,Fred,1610612754,IND,25.0,81,61,20,0.753,1499.8766666666668,123,311,0.395,27,89,0.303,124,149,0.832,25,101,126,173,73,65,18,20,132,0,397,27,983.7,0,0,889.0,43,1,132,14,181,236,228,310,136,131,179,124,143,80,290,254,274,104,197,112,174,219,248,79,208,128,206,235,19,209,1,369,288,131,11.7,0.145,90,2.37,99.1,145,375,0.141,358,1.6,259,94,95.6,97.3,74.94,59,0.072,2800,95.6,2.3,378,0.203,349,89.93,11.7,359,0.081,3.8,97.3,287,145,378,27.6,1.5,0.045,0.018,207,90,0.439,89.93,100,48,246,124,0.527,259,417,88.52,96.8,218,219,297,1.6,28,8.0,0.297,0.308,1.0,8,64.0,4.0,0.295,13.0,95,0.333,24,19.0,11.0,24.0,60,0.583,0.0,0.0,0.333,0.364,103,4.0,0.327,0.319,5.0,19.0,1.0,17,9.0,0.333,0.0,47.0,0.575,60,0.0,0.0,1.0,0.0,0.0,52,0.0,20,61,IND,21.0,0.0,106,15.0,0.429,0.053,Oregon,218,1,74,14,USA,2002,2004
56,Gary Payton,Gary,1610612747,LAL,35.0,82,56,26,0.683,2836.045,482,1024,0.471,55,165,0.333,180,252,0.714,72,270,342,449,151,96,19,65,169,2,1199,329,2476.9,6,1,2275.0,3,14,194,54,35,38,41,109,92,91,138,80,73,269,143,83,102,14,72,40,166,403,315,6,49,26,45,86,7,51,1,300,62,124,8.7,0.202,222,2.97,104.6,73,297,0.2,157,5.4,40,159,99.9,105.2,79.13,15,0.092,5624,99.9,5.8,108,0.259,303,94.96,8.7,152,0.121,12.5,105.2,88,73,108,25.8,5.9,0.059,0.025,50,222,0.498,94.96,53,62,56,65,0.528,40,57,95.76,98.8,55,58,55,5.4,88,13.0,0.331,0.36,3.0,76,130.0,4.0,0.359,25.0,245,0.427,178,43.0,8.0,33.0,262,0.602,0.0,0.0,0.394,0.5,435,9.0,0.345,0.329,4.0,119.0,42.0,40,55.0,0.381,0.0,70.0,0.598,134,0.0,1.0,2.0,0.0,0.0,116,0.0,51,271,LAL,125.0,0.0,453,23.0,0.44,0.353,Oregon State,180,1,76,2,USA,1990,2004
718,Gary Trent,Gary,1610612750,MIN,29.0,68,45,23,0.662,1022.24,155,328,0.473,0,6,0.0,69,91,0.758,83,133,216,49,54,12,17,30,129,0,379,-93,744.7,2,0,702.0,186,59,157,76,238,206,218,101,289,260,289,207,218,192,129,211,189,256,231,325,184,280,242,79,218,347,242,146,19,239,1,142,242,173,11.5,0.194,340,0.91,99.4,319,180,0.187,178,-4.6,219,345,103.4,98.7,76.69,278,0.131,1959,103.4,-4.3,275,0.081,90,92.03,11.5,183,0.076,4.8,98.7,193,319,275,10.5,2.3,0.108,0.084,195,340,0.473,92.03,297,287,273,294,0.515,219,280,91.54,103.7,208,202,226,-4.6,27,0.0,0.0,0.0,0.0,39,6.0,0.0,0.278,0.0,97,0.443,88,0.0,0.0,0.0,89,0.65,0.0,0.0,0.0,0.0,137,0.0,0.0,0.0,3.0,53.0,19.0,0,31.0,0.261,0.0,2.0,0.637,46,0.0,1.0,0.0,0.0,0.0,2,0.0,12,93,MIN,75.0,0.0,146,0.0,0.413,0.358,Ohio,250,1,80,11,USA,1995,2004
248,George Lynch,George,1610612740,NOH,33.0,78,39,39,0.5,1690.7916666666667,149,375,0.397,43,139,0.309,34,51,0.667,96,216,312,117,64,48,18,25,159,0,375,-130,1058.9,1,0,979.0,91,105,326,194,155,212,201,307,112,103,171,288,281,309,107,131,120,160,211,173,174,247,295,79,220,378,194,178,19,196,1,188,243,316,11.1,0.126,228,1.83,97.2,264,176,0.124,401,-2.8,262,207,100.0,97.2,76.0,104,0.132,3193,100.0,-2.8,327,0.114,195,91.2,11.1,398,0.068,4.8,97.2,243,264,327,20.2,1.9,0.093,0.055,274,228,0.455,91.2,197,109,308,255,0.472,262,299,91.2,100.0,172,172,259,-2.8,41,27.0,0.25,0.361,0.0,11,64.0,14.0,0.387,36.0,106,0.44,25,16.0,38.0,74.0,54,0.509,0.0,0.0,0.365,0.368,106,13.0,0.351,0.276,1.0,18.0,7.0,46,9.0,0.39,0.0,29.0,0.5,59,0.0,0.0,0.0,0.0,0.0,131,0.0,23,56,NOH,25.0,0.0,112,8.0,0.36,0.389,North Carolina,235,1,80,12,USA,1993,2004
2222,Gerald Wallace,Gerald,1610612758,SAC,21.0,37,24,13,0.649,335.7266666666667,32,89,0.36,0,2,0.0,11,24,0.458,35,39,74,19,8,14,14,9,37,0,75,-32,268.3,1,0,224.0,327,244,95,87,351,355,350,379,289,305,289,365,345,412,256,343,321,329,379,313,209,122,89,79,359,255,344,178,19,349,1,148,374,407,6.3,0.142,175,2.38,96.0,301,218,0.138,366,-4.1,338,153,98.5,94.4,78.46,58,0.116,656,98.5,-2.6,151,0.09,52,94.15,6.3,366,0.059,2.4,94.4,397,301,151,15.0,0.9,0.105,0.096,308,175,0.36,94.15,264,188,339,247,0.377,338,174,93.27,98.6,15,15,377,-4.1,14,0.0,0.0,0.0,0.0,2,1.0,0.0,0.333,1.0,42,0.286,7,0.0,0.0,1.0,16,0.421,0.0,0.0,0.0,0.0,38,0.0,0.538,0.0,0.0,5.0,2.0,7,1.0,0.192,,0.0,0.415,26,0.0,0.0,,0.0,0.0,13,0.0,5,17,SAC,4.0,,41,0.0,0.25,0.4,Alabama,215,1,79,25,USA,2001,2004
2240,Gilbert Arenas,Gilbert,1610612764,WAS,22.0,55,17,38,0.309,2066.5116666666668,358,914,0.392,125,333,0.375,237,317,0.748,55,199,254,275,226,103,12,46,176,0,1078,-197,1914.3,7,3,1962.0,261,311,318,378,118,84,62,322,25,27,72,50,48,221,187,148,167,51,9,28,231,346,327,79,65,412,91,78,2,76,1,296,21,185,14.5,0.268,364,1.22,98.3,318,277,0.265,30,-4.6,199,349,104.1,99.5,79.35,208,0.097,4096,104.1,-5.5,91,0.244,300,95.22,14.5,26,0.1,16.6,99.5,230,318,91,17.7,6.5,0.06,0.025,239,364,0.46,95.22,68,137,145,322,0.512,199,54,95.87,103.9,354,354,39,-4.6,93,16.0,0.384,0.333,0.0,21,284.0,7.0,0.35,27.0,266,0.219,96,109.0,22.0,49.0,119,0.543,0.0,0.0,0.327,0.318,219,9.0,0.374,0.385,1.0,66.0,26.0,74,13.0,0.318,1.0,213.0,0.488,132,0.0,0.0,2.0,0.0,0.0,198,0.0,42,119,WAS,58.0,2.0,244,82.0,0.224,0.394,Arizona,191,2,75,30,USA,2001,2004
779,Glen Rice,Glen,1610612746,LAC,37.0,18,7,11,0.389,260.50666666666666,22,76,0.289,5,28,0.179,17,17,1.0,9,32,41,24,13,6,0,2,22,0,66,25,156.2,0,0,148.0,375,383,80,325,361,363,356,418,211,201,265,339,363,1,355,352,357,307,361,362,398,45,68,79,362,132,363,235,19,363,1,230,269,397,10.8,0.165,103,1.85,99.2,96,215,0.163,284,3.8,168,142,96.4,100.2,76.31,102,0.117,500,96.4,0.9,306,0.151,257,91.58,10.7,281,0.062,4.2,100.2,417,96,306,19.8,1.2,0.077,0.035,204,103,0.322,91.58,148,116,329,157,0.395,168,303,91.17,98.2,155,154,335,3.8,10,1.0,0.174,0.5,0.0,3,23.0,0.0,0.357,2.0,28,0.214,14,4.0,3.0,5.0,4,0.667,0.0,0.0,0.2,0.0,6,1.0,0.2,0.182,0.0,13.0,2.0,5,3.0,0.462,0.0,11.0,0.571,13,0.0,0.0,0.0,0.0,0.0,25,0.0,6,4,LAC,7.0,0.0,7,2.0,0.429,0.154,Michigan,228,1,80,4,USA,1989,2004
299,Glenn Robinson,Glenn,1610612755,PHI,31.0,42,13,29,0.31,1344.84,275,614,0.448,34,100,0.34,114,137,0.832,46,143,189,57,106,42,9,24,96,0,698,-117,1057.3,2,0,1080.0,305,337,233,376,200,118,119,159,127,127,128,132,158,81,215,201,206,240,127,191,262,241,191,79,125,364,195,146,19,178,1,248,37,163,12.7,0.267,321,0.54,96.4,312,237,0.262,31,-4.5,235,316,102.5,98.0,76.43,368,0.108,2569,102.5,-6.2,294,0.085,252,91.71,12.8,30,0.098,14.6,98.0,179,312,294,6.9,6.5,0.073,0.036,291,321,0.476,91.71,279,383,154,334,0.518,235,232,92.38,102.6,281,271,35,-4.5,153,10.0,0.312,0.538,1.0,46,77.0,3.0,0.468,13.0,327,0.407,113,24.0,10.0,23.0,42,0.575,0.0,0.0,0.435,0.3,73,7.0,0.41,0.279,1.0,168.0,68.0,34,39.0,0.475,0.0,43.0,0.554,160,0.0,0.0,0.0,0.0,0.0,83,0.0,76,46,PHI,76.0,0.0,83,12.0,0.513,0.405,Purdue,240,1,79,1,USA,1994,2004
1921,Gordan Giricek,Gordan,1610612762,UTA,27.0,73,30,43,0.411,2041.4566666666667,316,724,0.436,60,152,0.395,135,158,0.854,51,175,226,122,103,56,15,40,144,0,827,-78,1391.2,1,0,1377.0,135,191,374,303,122,102,97,195,87,94,49,117,134,48,201,170,184,149,131,147,204,324,268,79,106,332,142,178,19,131,2,315,98,149,10.1,0.201,360,1.18,101.5,247,303,0.196,160,-2.3,111,346,104.0,101.7,77.31,211,0.089,3952,104.0,-2.3,232,0.104,301,92.77,10.1,162,0.083,9.9,101.7,165,247,232,12.0,4.3,0.057,0.025,114,360,0.478,92.77,220,246,231,239,0.521,111,190,92.98,103.8,123,122,103,-2.3,133,25.0,0.393,0.462,1.0,39,89.0,13.0,0.402,26.0,331,0.429,91,35.0,36.0,62.0,84,0.56,0.0,0.0,0.403,0.361,150,12.0,0.394,0.386,1.0,75.0,28.0,84,27.0,0.401,0.0,44.0,0.561,182,0.0,0.0,0.0,0.0,0.0,213,0.0,73,87,UTA,54.0,0.0,155,17.0,0.5,0.373,None,210,2,77,40,Croatia,1999,2004
1761,Greg Buckner,Greg,1610612755,PHI,27.0,53,21,32,0.396,697.27,66,175,0.377,12,44,0.273,20,27,0.741,28,75,103,45,34,21,4,9,77,0,164,-64,396.1,1,0,374.0,272,276,266,319,291,311,296,358,173,168,214,328,333,232,277,293,297,263,291,279,328,122,163,79,313,311,313,178,19,314,1,240,314,368,12.8,0.15,121,1.32,95.1,271,245,0.146,342,-3.0,345,109,97.0,93.9,76.5,180,0.106,1321,97.0,-2.1,288,0.115,229,91.8,12.7,342,0.051,3.3,93.9,349,271,288,16.9,1.2,0.075,0.041,340,121,0.411,91.8,194,154,362,233,0.439,345,306,91.12,97.2,278,279,332,-3.0,24,6.0,0.3,0.25,0.0,7,20.0,4.0,0.4,8.0,60,0.28,25,6.0,15.0,23.0,23,0.489,0.0,0.0,0.261,0.267,47,2.0,0.278,0.3,0.0,23.0,8.0,10,4.0,0.515,0.0,10.0,0.49,33,0.0,0.0,0.0,0.0,0.0,36,0.0,17,24,PHI,24.0,0.0,49,3.0,0.167,0.348,Clemson,210,2,76,53,USA,1998,2004
731,Greg Ostertag,Greg,1610612762,UTA,31.0,78,39,39,0.5,2153.2366666666667,208,437,0.476,0,1,0.0,113,195,0.579,221,357,578,123,99,30,139,61,228,1,529,13,1815.1,11,0,1568.0,91,105,326,194,106,159,173,91,289,323,289,136,101,376,18,42,34,148,143,233,14,392,410,21,170,150,102,53,19,111,1,36,214,214,13.3,0.134,194,1.24,98.5,154,70,0.133,385,1.2,167,169,99.1,100.3,73.75,205,0.176,3953,99.1,-0.6,426,0.096,25,88.5,13.2,380,0.1,5.6,100.3,177,154,426,16.4,2.7,0.143,0.11,234,194,0.476,88.5,247,161,140,197,0.506,167,388,89.25,99.1,302,304,189,1.2,15,0.0,0.0,0.0,0.0,15,1.0,0.0,0.221,0.0,68,0.268,56,0.0,0.0,0.0,178,0.571,0.0,0.0,0.0,0.0,312,0.0,0.25,0.0,0.0,38.0,7.0,1,13.0,0.222,0.0,0.0,0.563,36,0.0,0.0,0.0,0.0,0.0,4,0.0,8,179,UTA,41.0,0.0,318,0.0,0.317,0.184,Kansas,280,1,86,28,USA,1995,2004
2045,Hedo Turkoglu,Hedo,1610612759,SAS,25.0,80,56,24,0.7,2079.9866666666667,262,645,0.406,101,241,0.419,114,161,0.708,52,306,358,154,94,80,32,21,165,0,739,466,1641.6,2,0,1576.0,61,14,169,44,116,127,114,276,35,53,29,132,132,277,196,65,95,118,151,80,104,226,308,79,116,7,111,146,19,110,1,203,140,167,9.8,0.181,32,1.64,102.5,12,134,0.177,235,11.7,100,23,90.2,102.0,75.85,129,0.145,3946,90.2,12.7,341,0.122,302,91.02,9.7,236,0.111,8.1,102.0,134,12,341,16.0,3.3,0.086,0.025,76,32,0.484,91.02,178,169,94,10,0.516,100,313,91.0,89.8,99,99,154,11.7,81,43.0,0.382,0.458,1.0,14,152.0,21.0,0.36,48.0,225,0.25,56,58.0,39.0,87.0,66,0.532,0.0,0.0,0.494,0.538,124,22.0,0.408,0.411,1.0,50.0,18.0,106,9.0,0.369,0.0,56.0,0.519,103,0.0,0.0,0.0,0.0,0.0,260,0.0,38,68,SAS,44.0,0.0,131,23.0,0.205,0.36,None,220,1,82,16,Turkey,2000,2004
2673,Hiram Fuller,Hiram,1610612737,ATL,23.0,4,1,3,0.25,42.526666666666664,3,8,0.375,0,0,0.0,2,6,0.333,4,7,11,2,4,0,1,1,5,0,8,3,23.2,0,0,23.0,422,424,21,414,408,414,419,362,289,361,289,403,384,420,385,400,393,402,400,419,378,27,29,79,415,172,410,235,19,409,1,171,392,408,24.0,0.147,8,0.5,81.9,119,177,0.144,352,2.7,425,7,78.0,80.7,77.6,374,0.132,83,78.0,3.0,210,0.095,153,93.12,23.5,349,0.021,2.0,80.7,389,119,210,11.8,0.8,0.099,0.069,429,8,0.375,93.12,250,252,407,104,0.376,425,258,91.94,78.9,431,431,393,2.7,0,0.0,0.0,0.0,,1,0.0,0.0,0.0,0.0,1,0.5,2,0.0,0.0,0.0,2,0.4,,,0.0,0.0,5,0.0,0.0,0.0,,3.0,1.0,0,0.0,0.0,0.0,0.0,0.4,0,,,0.0,,,0,,0,2,ATL,0.0,0.0,5,0.0,0.0,0.333,Fresno State,240,Undrafted,81,Undrafted,USA,Undrafted,2004
270,Horace Grant,Horace,1610612747,LAL,38.0,55,37,18,0.673,1109.6766666666667,92,224,0.411,0,1,0.0,39,54,0.722,79,154,233,71,29,24,21,10,70,0,223,5,715.1,1,0,617.0,261,123,124,63,227,270,264,266,289,323,289,276,276,261,132,192,179,212,306,263,145,133,148,79,278,168,246,178,19,253,1,138,276,350,8.3,0.115,292,2.45,102.4,173,124,0.113,417,0.3,106,255,101.5,101.8,76.94,52,0.151,2134,101.5,1.6,255,0.098,146,92.33,8.3,415,0.083,4.1,101.8,350,173,255,20.3,1.7,0.108,0.07,80,292,0.411,92.33,240,108,237,141,0.45,106,230,92.4,100.8,43,44,282,0.3,43,0.0,0.0,0.0,0.0,8,1.0,0.0,0.333,0.0,129,0.381,21,0.0,0.0,0.0,41,0.562,0.0,0.0,0.0,0.0,73,0.0,0.5,0.0,0.0,27.0,5.0,10,6.0,0.326,0.0,0.0,0.554,92,0.0,0.0,0.0,0.0,0.0,20,0.0,30,41,LAL,11.0,0.0,74,0.0,0.545,0.185,Clemson,245,1,82,10,USA,1987,2004
458,Howard Eisley,Howard,1610612756,PHX,31.0,67,24,43,0.358,1459.4183333333333,166,451,0.368,52,163,0.319,76,89,0.854,20,109,129,273,98,56,5,30,137,0,460,-182,1109.3,2,0,1036.0,191,244,374,342,187,194,169,376,96,92,161,192,221,52,311,246,271,53,144,147,313,280,257,79,188,407,185,146,19,183,2,367,176,324,11.4,0.187,324,2.79,96.4,342,363,0.184,206,-5.8,272,303,102.5,96.8,77.2,26,0.076,2807,102.5,-5.8,242,0.31,378,92.63,11.4,198,0.086,6.7,96.8,322,342,242,31.7,2.5,0.045,0.014,293,324,0.426,92.63,23,25,214,328,0.469,272,192,92.95,102.2,196,195,206,-5.8,49,12.0,0.308,0.5,4.0,21,130.0,6.0,0.336,12.0,146,0.525,40,40.0,17.0,29.0,44,0.431,0.0,0.0,0.414,0.353,102,6.0,0.364,0.229,5.0,36.0,11.0,47,14.0,0.432,0.0,70.0,0.434,74,0.0,1.0,1.0,0.0,0.0,129,0.0,32,46,PHX,29.0,0.0,106,16.0,0.483,0.306,Boston College,180,2,74,30,USA,1994,2004
93,Hubert Davis,Hubert,1610612751,NJN,34.0,17,12,5,0.706,76.53666666666666,1,11,0.091,0,1,0.0,2,2,1.0,2,6,8,4,3,2,0,1,12,0,4,7,22.6,0,0,20.0,377,350,36,40,398,427,411,437,289,323,289,403,412,1,400,401,402,389,405,390,398,27,53,79,426,164,412,235,19,415,2,328,435,436,15.9,0.097,16,1.33,94.8,99,356,0.09,434,3.7,389,25,85.2,88.9,74.74,174,0.077,144,85.2,4.6,393,0.083,289,89.68,15.8,435,-0.048,0.6,88.9,437,99,393,21.1,0.1,0.053,0.028,343,16,0.091,89.68,283,102,430,87,0.168,389,437,84.35,90.3,382,383,437,3.7,0,0.0,0.0,0.0,,0,1.0,0.0,0.0,0.0,5,0.0,1,0.0,0.0,0.0,1,0.25,,,0.0,0.0,4,0.0,0.0,0.0,,1.0,0.0,0,0.0,0.0,,1.0,0.25,3,,,,,,2,,0,1,NJN,0.0,,4,0.0,0.0,0.0,North Carolina,183,1,77,20,USA,1992,2004
2137,Ime Udoka,Ime,1610612747,LAL,26.0,4,1,3,0.25,28.016666666666666,3,9,0.333,0,1,0.0,2,4,0.5,1,4,5,2,3,2,1,0,3,0,8,-4,23.0,0,0,21.0,422,424,21,414,420,414,417,399,289,323,289,403,400,390,413,412,414,402,405,390,378,1,22,79,415,187,411,235,19,412,1,423,385,410,19.0,0.245,158,0.67,88.0,375,424,0.246,61,-8.0,381,386,98.0,90.0,71.39,335,0.0,50,98.0,-17.6,441,0.154,420,85.66,18.8,50,0.042,2.3,90.0,408,375,441,12.5,0.8,0.0,0.0,408,158,0.333,85.66,142,237,381,423,0.372,381,438,83.57,105.6,409,409,393,-8.0,0,0.0,0.0,0.0,,0,1.0,0.0,0.0,0.0,5,0.0,0,0.0,0.0,0.0,3,1.0,,,0.0,0.0,3,0.0,0.0,0.0,,2.0,0.0,0,0.0,0.0,,1.0,1.0,3,,,,,,0,,0,3,LAL,0.0,,3,0.0,0.0,0.0,Portland State,215,Undrafted,77,Undrafted,USA,Undrafted,2004
1956,Ira Newble,Ira,1610612739,CLE,29.0,64,28,36,0.438,1245.415,108,276,0.391,2,19,0.105,36,46,0.783,65,90,155,72,54,25,19,13,109,0,254,-134,626.0,1,0,571.0,214,206,297,271,213,250,244,323,236,215,286,282,289,151,160,273,240,208,231,258,166,161,216,79,264,383,257,178,19,261,1,288,267,381,12.8,0.127,373,1.33,98.5,330,369,0.125,399,-5.6,211,333,104.6,99.0,76.7,174,0.073,2388,104.6,-4.7,273,0.09,200,92.04,12.8,395,0.035,4.3,99.0,370,330,273,17.1,1.7,0.062,0.052,233,373,0.395,92.04,265,147,388,302,0.429,211,195,92.9,103.2,282,281,279,-5.6,63,2.0,0.0,0.0,0.0,4,6.0,2.0,0.399,5.0,158,0.267,15,0.0,8.0,13.0,39,0.464,0.0,0.0,0.154,0.25,84,0.0,0.394,0.0,0.0,30.0,9.0,13,4.0,0.374,0.0,2.0,0.464,115,0.0,1.0,1.0,0.0,0.0,33,0.0,43,39,CLE,10.0,0.0,84,0.0,0.4,0.3,Miami (Ohio),220,Undrafted,79,Undrafted,USA,Undrafted,2004
2452,J.R. Bremer,J.R.,1610612744,GSW,23.0,36,11,25,0.306,438.3183333333333,43,158,0.272,19,74,0.257,13,20,0.65,9,27,36,51,24,18,4,9,32,0,118,-54,279.7,0,0,268.0,329,355,182,380,333,339,307,423,154,142,225,357,355,333,355,368,365,251,324,293,328,122,79,79,336,291,341,235,19,340,2,402,261,413,9.9,0.191,176,2.13,91.5,328,402,0.187,193,-5.5,356,268,98.5,93.0,78.16,80,0.062,853,98.5,-9.6,165,0.193,345,93.79,9.9,189,0.033,4.4,93.0,414,328,165,21.1,1.2,0.039,0.018,387,176,0.332,93.79,105,101,394,385,0.354,356,172,93.31,101.1,111,112,337,-5.5,11,12.0,0.149,0.438,0.0,3,47.0,5.0,0.275,16.0,40,0.231,13,7.0,11.0,27.0,10,0.323,0.0,0.0,0.444,0.455,31,7.0,0.306,0.143,2.0,3.0,0.0,19,1.0,0.296,0.0,21.0,0.343,27,0.0,0.0,0.0,0.0,0.0,62,0.0,8,12,GSW,8.0,0.0,35,3.0,0.125,0.0,St. Bonaventure,185,Undrafted,74,Undrafted,USA,Undrafted,2004
2074,Jabari Smith,Jabari,1610612758,SAC,27.0,31,22,9,0.71,170.05166666666668,26,70,0.371,0,3,0.0,12,20,0.6,11,20,31,11,7,2,6,6,25,0,64,-45,134.7,0,0,122.0,344,261,70,37,373,360,361,367,289,286,289,362,355,360,346,372,369,364,381,390,299,94,73,79,363,276,369,235,19,369,1,204,384,392,7.2,0.224,148,1.57,88.8,405,221,0.213,107,-12.3,408,277,97.7,85.4,82.33,141,0.114,349,97.7,-12.6,24,0.133,186,98.79,7.2,122,0.043,2.3,85.4,393,405,24,11.3,0.8,0.086,0.059,404,148,0.371,98.79,168,264,379,403,0.406,408,90,95.13,101.4,26,26,382,-12.3,16,0.0,0.0,0.0,,1,2.0,0.0,0.356,1.0,45,0.167,6,0.0,0.0,1.0,9,0.563,,,0.0,0.0,16,0.0,0.125,0.0,0.0,4.0,0.0,1,1.0,0.441,0.0,1.0,0.563,34,0.0,,0.0,0.0,,8,,15,9,SAC,7.0,0.0,16,0.0,0.143,0.0,Louisiana State,240,2,83,45,USA,2000,2004
1521,Jacque Vaughn,Jacque,1610612737,ATL,29.0,71,21,50,0.296,1265.0566666666666,107,277,0.386,3,20,0.15,53,68,0.779,12,104,116,195,84,44,2,12,126,1,270,-248,755.7,0,0,676.0,160,276,418,383,207,252,243,342,228,213,276,246,252,153,341,251,286,91,167,184,356,153,239,21,255,430,240,235,19,242,1,361,286,364,14.3,0.143,298,2.32,93.4,389,331,0.137,361,-9.3,365,332,101.6,92.3,78.32,66,0.083,2468,101.6,-9.8,158,0.256,410,93.98,14.4,369,0.061,3.9,92.3,375,389,158,33.5,1.5,0.047,0.01,371,298,0.392,93.98,59,17,331,386,0.44,365,203,92.75,103.2,349,342,299,-9.3,76,3.0,0.0,0.429,0.0,6,13.0,0.0,0.396,7.0,192,0.375,16,0.0,0.0,7.0,22,0.449,0.0,0.0,0.429,0.0,49,3.0,0.512,0.0,1.0,25.0,8.0,21,3.0,0.368,0.0,7.0,0.431,144,0.0,0.0,0.0,0.0,0.0,41,0.0,53,22,ATL,8.0,0.0,51,0.0,0.375,0.32,Kansas,190,1,73,27,USA,1997,2004
1751,Jahidi White,Jahidi,1610612756,PHX,28.0,62,21,41,0.339,867.875,99,190,0.521,0,0,0.0,63,126,0.5,97,164,261,7,66,25,51,28,176,0,261,-119,746.7,2,0,681.0,216,276,353,353,259,263,290,24,289,361,289,223,171,390,105,179,159,377,206,258,70,263,327,79,257,371,241,146,19,240,2,26,331,112,20.7,0.161,270,0.11,95.5,341,59,0.159,296,-5.8,315,256,101.0,95.2,79.23,422,0.183,1709,101.0,-5.4,102,0.013,21,95.07,20.6,292,0.053,3.1,95.2,42,341,102,2.2,1.6,0.148,0.111,331,270,0.521,95.07,425,425,355,319,0.532,315,95,95.0,100.9,423,424,291,-5.8,2,0.0,0.0,0.0,0.0,8,0.0,0.0,0.286,0.0,7,0.348,23,0.0,0.0,0.0,89,0.556,0.0,0.0,0.0,0.0,160,0.0,0.0,0.0,0.0,7.0,2.0,0,7.0,0.5,0.0,0.0,0.553,2,0.0,0.0,0.0,0.0,0.0,0,0.0,1,89,PHX,20.0,0.0,161,0.0,0.35,0.286,Georgetown,290,2,81,43,USA,1998,2004
2054,Jake Tsakalidis,Jake,1610612763,MEM,25.0,40,25,15,0.625,531.66,67,133,0.504,0,0,0.0,36,61,0.59,37,91,128,18,23,9,22,12,79,1,170,-23,420.6,0,0,378.0,318,228,101,100,316,307,323,35,289,361,289,282,261,370,252,272,272,335,329,346,139,153,164,21,311,235,309,235,19,311,1,83,313,111,11.5,0.155,369,0.78,101.6,266,57,0.152,323,-2.9,113,350,104.4,101.5,78.81,313,0.184,1051,104.4,-2.3,132,0.054,142,94.57,11.4,316,0.069,3.3,101.5,73,266,132,8.9,1.7,0.126,0.071,105,369,0.504,94.57,369,332,298,238,0.532,113,106,94.8,103.9,197,200,281,-2.9,10,0.0,0.0,0.0,0.0,17,0.0,0.0,0.345,0.0,29,0.415,41,0.0,0.0,0.0,40,0.635,0.0,0.0,0.0,0.0,63,0.0,0.4,0.0,0.0,9.0,3.0,2,14.0,0.333,0.0,0.0,0.575,18,0.0,,0.0,0.0,,5,,6,42,MEM,28.0,0.0,73,0.0,0.5,0.333,None,290,1,86,25,Greece,2000,2004
2063,Jake Voskuhl,Jake,1610612756,PHX,26.0,66,22,44,0.333,1598.65,152,300,0.507,0,0,0.0,134,181,0.74,123,220,343,57,77,42,25,47,258,1,438,-56,1059.1,1,0,972.0,198,261,381,357,168,209,232,30,289,361,289,119,116,235,76,121,100,240,186,191,128,353,430,21,196,295,193,178,19,199,1,143,253,30,15.0,0.129,263,0.74,99.7,190,151,0.128,394,-0.2,152,251,100.8,100.6,79.29,318,0.141,3144,100.8,-1.0,99,0.053,119,95.15,14.9,388,0.058,4.5,100.6,67,190,99,11.0,2.3,0.108,0.076,177,263,0.507,95.15,371,273,343,207,0.577,152,61,95.64,100.7,365,365,223,-0.2,19,0.0,0.0,0.0,0.0,17,0.0,0.0,0.297,0.0,64,0.436,39,0.0,0.0,0.0,116,0.589,0.0,0.0,0.0,0.0,197,0.0,0.0,0.0,0.0,28.0,10.0,0,14.0,0.263,0.0,0.0,0.59,38,0.0,,0.0,0.0,,0,,10,118,PHX,34.0,0.0,200,0.0,0.412,0.357,Connecticut,245,2,83,33,USA,2000,2004
147,Jalen Rose,Jalen,1610612761,TOR,31.0,66,26,40,0.394,2511.9466666666667,383,952,0.402,69,202,0.342,187,231,0.81,34,232,266,329,208,51,22,39,184,0,1022,-123,1845.7,2,0,1832.0,198,223,338,321,68,69,53,290,74,71,124,75,83,111,261,113,152,36,21,162,139,321,345,79,72,373,100,146,19,90,2,327,39,282,13.1,0.235,253,1.58,97.3,259,294,0.232,80,-2.6,238,198,100.5,97.9,76.32,139,0.093,4794,100.5,-2.5,305,0.236,383,91.58,13.1,71,0.089,14.4,97.9,289,259,305,20.8,5.8,0.054,0.014,271,253,0.439,91.58,75,105,200,242,0.485,238,239,92.22,99.8,295,294,57,-2.6,171,34.0,0.294,0.5,0.0,60,119.0,14.0,0.37,40.0,462,0.42,143,35.0,43.0,83.0,83,0.572,0.0,0.0,0.41,0.326,145,20.0,0.397,0.218,1.0,170.0,75.0,75,47.0,0.351,0.0,55.0,0.554,248,0.0,1.0,2.0,0.0,0.0,189,0.0,87,87,TOR,129.0,0.0,157,12.0,0.364,0.441,Michigan,217,1,80,13,USA,1994,2004
2048,Jamaal Magloire,Jamaal,1610612740,NOH,26.0,82,41,41,0.5,2794.2483333333334,383,809,0.473,0,1,0.0,353,470,0.751,268,579,847,86,201,43,101,87,278,6,1119,-44,2495.4,45,0,2340.0,3,84,353,194,37,69,81,97,289,323,289,19,11,208,5,10,7,195,27,188,28,432,438,1,60,271,43,3,19,46,1,21,100,56,15.4,0.201,274,0.43,98.9,193,18,0.201,159,-0.5,153,223,101.1,100.6,75.15,398,0.214,5240,101.1,-1.4,368,0.055,56,90.19,15.3,149,0.116,9.9,100.6,189,193,368,6.5,4.7,0.153,0.095,215,274,0.473,90.19,367,393,70,220,0.551,153,296,91.27,100.4,373,376,93,-0.5,40,0.0,0.0,0.0,0.0,98,1.0,0.0,0.29,0.0,138,0.38,258,0.0,0.0,0.0,245,0.595,0.0,0.0,0.0,0.0,412,0.0,0.5,0.0,0.0,50.0,11.0,2,80.0,0.375,0.0,1.0,0.578,64,0.0,0.0,0.0,0.0,0.0,4,0.0,24,266,NOH,230.0,0.0,460,0.0,0.348,0.22,Kentucky,259,1,83,19,Canada,2000,2004
2224,Jamaal Tinsley,Jamaal,1610612754,IND,26.0,52,40,12,0.769,1376.065,153,370,0.414,77,207,0.372,49,67,0.731,28,108,136,303,110,84,17,10,132,1,432,337,1242.7,4,0,1150.0,277,95,86,11,198,207,203,257,61,67,80,254,254,251,277,247,260,45,118,68,184,133,248,21,198,24,165,111,19,167,1,337,167,83,13.5,0.172,47,2.75,105.3,10,333,0.17,265,12.6,38,33,92.8,105.5,76.1,29,0.082,2621,92.8,13.5,320,0.356,332,91.32,13.5,259,0.113,7.1,105.5,49,10,320,37.2,2.9,0.051,0.021,34,47,0.518,91.32,11,8,83,9,0.541,38,262,91.87,91.8,315,316,173,12.6,20,25.0,0.394,0.366,0.0,14,132.0,10.0,0.351,41.0,57,0.412,34,52.0,34.0,75.0,42,0.583,0.0,0.0,0.333,0.294,72,15.0,0.314,0.463,1.0,16.0,6.0,43,13.0,0.333,0.0,82.0,0.558,30,0.0,0.0,0.0,0.0,0.0,137,0.0,10,43,IND,27.0,0.0,77,38.0,0.481,0.375,Iowa State,195,1,75,27,USA,2001,2004
2037,Jamal Crawford,Jamal,1610612741,CHI,24.0,80,23,57,0.288,2813.71,509,1318,0.386,165,521,0.317,200,240,0.833,46,237,283,405,193,111,29,46,161,0,1383,-324,2557.1,2,0,2516.0,61,253,438,390,36,30,14,343,5,3,164,68,79,74,215,109,137,23,33,25,109,346,299,79,28,438,39,146,19,34,1,357,23,279,9.5,0.257,301,2.1,94.8,339,330,0.252,42,-5.7,293,243,101.7,95.9,77.83,83,0.083,5469,101.7,-5.8,189,0.27,373,93.39,9.6,40,0.111,16.5,95.9,259,339,189,20.2,6.4,0.048,0.015,344,301,0.449,93.39,43,110,98,326,0.486,293,126,94.42,100.6,87,85,43,-5.7,186,24.0,0.341,0.197,5.0,63,411.0,9.0,0.406,76.0,458,0.423,149,140.0,29.0,105.0,95,0.5,0.2,1.0,0.229,0.31,190,15.0,0.387,0.321,14.0,110.0,36.0,132,40.0,0.412,0.0,265.0,0.502,277,0.071,4.0,7.0,1.0,0.0,341,0.0,114,101,CHI,99.0,0.0,201,85.0,0.404,0.327,Michigan,190,1,77,8,USA,2000,2004
469,Jamal Mashburn,Jamal,1610612740,NOH,31.0,19,8,11,0.421,729.6833333333333,156,398,0.392,19,67,0.284,65,80,0.813,19,98,117,47,37,14,5,31,42,0,396,28,626.9,3,0,617.0,373,377,80,289,281,204,188,321,154,147,206,217,233,105,315,262,283,260,284,313,313,287,100,79,210,126,256,124,19,253,1,225,3,340,7.2,0.293,294,1.27,102.3,142,181,0.289,12,1.8,75,279,101.6,103.4,76.33,199,0.13,1394,101.6,0.9,302,0.123,297,91.6,7.2,11,0.098,20.9,103.4,337,142,302,9.1,8.2,0.079,0.026,84,294,0.416,91.6,176,325,156,158,0.457,75,246,92.15,101.4,24,24,8,1.8,94,2.0,0.293,0.2,0.0,22,58.0,1.0,0.427,5.0,220,0.393,56,17.0,4.0,9.0,21,0.382,0.0,0.0,0.222,0.25,55,1.0,0.271,0.333,0.0,104.0,42.0,16,11.0,0.47,0.0,27.0,0.397,117,0.0,,0.0,0.0,,59,,55,23,NOH,33.0,0.0,58,9.0,0.333,0.404,Kentucky,247,1,80,4,USA,1993,2004
2441,Jamal Sampson,Jamal,1610612747,LAL,21.0,10,5,5,0.5,130.67833333333334,11,23,0.478,0,0,0.0,7,12,0.583,23,29,52,7,6,2,4,1,16,0,29,-24,113.9,0,0,100.0,397,388,36,194,385,386,392,81,289,361,289,375,371,374,299,363,350,377,388,390,328,27,61,79,386,238,374,235,19,375,1,4,379,179,14.5,0.116,92,1.17,88.2,384,9,0.115,416,-9.1,402,75,95.7,86.6,77.6,218,0.225,253,95.7,-7.2,211,0.093,3,93.11,14.3,412,0.114,2.3,86.6,160,384,211,16.7,1.1,0.181,0.145,407,92,0.478,93.11,254,157,81,357,0.513,402,229,92.42,95.4,343,353,350,-9.1,2,0.0,0.0,0.0,0.0,4,0.0,0.0,0.333,0.0,6,0.8,5,0.0,0.0,0.0,5,0.417,0.0,0.0,0.0,0.0,12,0.0,0.0,0.0,0.0,6.0,3.0,0,1.0,1.0,0.0,0.0,0.462,1,0.0,,0.0,0.0,,1,,1,6,LAL,2.0,0.0,13,0.0,0.5,0.5,California,235,2,83,46,USA,2002,2004
2592,James Jones,James,1610612754,IND,23.0,6,3,3,0.5,26.015,2,9,0.222,1,4,0.25,2,2,1.0,0,2,2,0,0,1,0,2,1,0,7,-3,12.4,0,0,12.0,413,404,21,194,421,420,417,429,258,274,228,403,412,1,427,423,429,426,434,403,398,45,4,79,421,185,425,235,19,424,1,423,408,412,0.0,0.194,96,0.0,89.9,408,424,0.182,179,-12.9,421,206,95.9,83.0,78.42,423,0.0,53,95.9,-10.0,153,0.0,420,94.1,0.0,207,0.032,1.5,83.0,425,408,153,0.0,0.3,0.0,0.0,397,96,0.278,94.1,426,426,395,390,0.354,421,416,88.53,99.9,1,1,426,-12.9,1,0.0,0.25,0.0,,0,4.0,,0.2,0.0,5,0.0,0,1.0,,0.0,0,0.0,,,0.0,,0,0.0,0.5,0.25,0.0,1.0,0.0,1,0.0,0.0,,4.0,0.0,2,0.0,0.0,,0.0,0.0,2,0.0,0,0,IND,0.0,,0,1.0,0.0,0.0,Miami,215,2,80,49,USA,2003,2004
1899,James Posey,James,1610612763,MEM,27.0,82,50,32,0.61,2442.6966666666667,368,770,0.478,112,290,0.386,278,335,0.83,92,311,403,122,112,137,40,54,248,0,1126,151,2211.6,5,0,2117.0,3,34,266,110,76,77,87,84,30,33,58,37,40,83,114,62,76,149,115,10,87,379,421,79,58,55,63,100,19,60,1,207,109,9,9.7,0.192,259,1.09,103.5,110,174,0.187,189,3.1,59,200,100.7,103.8,77.32,234,0.133,4723,100.7,3.7,230,0.083,242,92.78,9.8,186,0.122,9.4,103.8,14,110,230,10.7,4.5,0.085,0.038,58,259,0.551,92.78,282,281,53,94,0.614,59,171,93.32,99.8,105,96,98,3.1,33,47.0,0.387,0.407,0.0,36,168.0,14.0,0.32,81.0,103,0.419,86,65.0,41.0,122.0,187,0.643,0.0,0.0,0.385,0.341,291,33.0,0.383,0.396,0.0,35.0,10.0,82,26.0,0.333,0.5,96.0,0.634,57,0.0,0.0,2.0,0.0,0.0,214,0.0,19,192,MEM,63.0,1.0,303,38.0,0.413,0.286,Xavier,215,1,80,18,USA,1999,2004
2249,Jamison Brewer,Jamison,1610612754,IND,23.0,13,10,3,0.769,162.28666666666666,13,35,0.371,5,14,0.357,1,6,0.167,2,9,11,17,10,7,0,5,9,0,32,21,81.7,0,0,79.0,392,365,21,11,375,382,382,367,211,224,107,413,384,424,400,388,393,338,370,355,398,75,43,79,383,138,383,235,19,382,1,409,360,386,15.5,0.141,12,1.7,94.7,60,407,0.134,368,6.2,377,13,84.1,90.4,76.41,121,0.06,311,84.1,8.7,297,0.179,390,91.69,15.4,375,0.052,2.7,90.4,273,60,297,26.2,1.0,0.036,0.013,347,12,0.443,91.69,116,59,358,26,0.425,377,412,88.61,86.0,376,378,364,6.2,2,0.0,0.556,0.0,1.0,0,9.0,0.0,0.25,1.0,8,0.0,3,5.0,3.0,4.0,6,0.6,0.0,0.0,0.0,0.0,10,0.0,0.5,0.2,1.0,0.0,0.0,5,0.0,0.167,,5.0,0.545,6,0.0,,,0.0,,10,,1,6,IND,2.0,,11,1.0,0.0,0.0,Auburn,184,2,76,40,USA,2001,2004
2457,Jannero Pargo,Jannero,1610612741,CHI,24.0,31,14,17,0.452,477.21166666666664,81,199,0.407,22,62,0.355,23,27,0.852,8,29,37,70,47,13,6,7,50,0,207,-62,366.4,0,0,374.0,344,329,116,250,327,282,280,273,144,155,110,314,333,53,363,363,363,216,254,320,299,106,115,79,288,307,321,235,19,314,3,406,186,266,14.3,0.237,273,1.49,94.6,348,405,0.232,74,-6.2,323,311,101.0,94.9,81.56,152,0.061,972,101.0,-7.8,28,0.268,364,97.87,14.4,72,0.077,6.4,94.9,223,348,28,21.5,2.6,0.038,0.016,349,273,0.462,97.87,44,96,268,363,0.491,323,16,97.33,102.4,348,341,195,-6.2,49,5.0,0.333,0.571,0.0,4,51.0,1.0,0.467,7.0,105,0.222,18,17.0,4.0,11.0,6,0.429,0.0,0.0,0.455,0.25,14,4.0,0.456,0.355,0.0,24.0,11.0,26,2.0,0.403,0.0,31.0,0.4,62,0.0,1.0,0.0,0.0,0.0,57,0.0,25,6,CHI,9.0,0.0,15,11.0,0.222,0.458,Arkansas,175,Undrafted,73,Undrafted,USA,Undrafted,2004
2407,Jared Jeffries,Jared,1610612764,WAS,22.0,82,25,57,0.305,1917.2016666666666,178,470,0.379,6,31,0.194,105,171,0.614,180,244,424,93,107,48,28,47,212,0,467,-172,1236.3,4,0,1142.0,3,228,438,381,134,184,162,354,203,196,261,148,124,353,37,104,68,189,122,173,111,353,387,79,185,403,167,111,19,169,1,140,210,382,14.4,0.149,214,0.87,95.7,303,182,0.146,347,-4.2,309,199,99.7,95.5,78.85,285,0.13,3772,99.7,-4.1,129,0.083,76,94.63,14.3,344,0.05,5.7,95.5,384,303,129,12.4,2.2,0.108,0.088,319,214,0.385,94.63,290,239,363,290,0.428,309,118,94.53,99.8,345,343,233,-4.2,36,0.0,0.222,0.0,0.0,24,27.0,0.0,0.29,2.0,124,0.222,108,6.0,2.0,4.0,112,0.541,0.0,0.0,0.0,0.0,207,0.0,0.314,0.2,0.0,47.0,12.0,11,18.0,0.242,0.0,20.0,0.522,66,0.0,1.0,0.0,0.0,0.0,35,0.0,16,117,WAS,77.0,0.0,224,4.0,0.234,0.255,Indiana,230,1,83,11,USA,2002,2004
2260,Jarron Collins,Jarron,1610612762,UTA,25.0,81,41,40,0.506,1731.1233333333332,147,295,0.498,0,1,0.0,188,262,0.718,117,199,316,77,79,26,18,35,255,2,482,-131,1029.7,0,0,963.0,43,84,338,192,154,215,235,44,289,323,289,74,68,267,80,148,119,205,180,249,174,304,428,6,180,381,202,235,19,201,1,167,298,18,14.0,0.132,265,0.97,96.8,280,175,0.131,388,-3.4,249,275,100.9,97.5,74.59,259,0.132,3217,100.9,-4.5,398,0.078,144,89.5,13.8,384,0.069,3.6,97.5,86,280,398,13.4,1.8,0.1,0.071,284,265,0.498,89.5,300,217,299,299,0.587,249,378,89.62,101.3,324,330,268,-3.4,32,0.0,0.0,0.0,1.0,16,0.0,0.0,0.36,0.0,89,0.41,39,0.0,0.0,0.0,99,0.596,0.0,0.0,0.0,0.0,166,0.0,0.0,0.0,1.0,33.0,8.0,0,12.0,0.397,0.0,0.0,0.588,68,0.0,0.0,0.0,0.0,0.0,3,0.0,27,100,UTA,20.0,0.0,170,0.0,0.6,0.242,Stanford,255,2,83,52,USA,2001,2004
2553,Jarvis Hayes,Jarvis,1610612764,WAS,22.0,70,23,47,0.329,2043.9633333333334,278,695,0.4,40,131,0.305,77,98,0.786,71,193,264,106,110,71,11,45,157,0,673,-296,1284.8,2,0,1247.0,173,253,404,362,121,116,107,300,119,109,176,190,202,146,146,153,155,176,118,90,243,342,292,79,131,433,158,146,19,149,1,273,97,344,11.5,0.186,279,0.96,94.2,358,279,0.182,209,-6.8,337,278,101.2,94.4,79.02,266,0.096,4028,101.2,-7.2,118,0.092,263,94.83,11.5,206,0.061,9.9,94.4,313,358,118,11.1,4.0,0.064,0.033,358,279,0.429,94.83,261,270,332,355,0.456,337,105,94.8,101.4,211,207,116,-6.8,107,19.0,0.266,0.345,0.0,25,79.0,9.0,0.369,29.0,290,0.269,93,21.0,23.0,52.0,106,0.586,0.0,0.0,0.365,0.391,181,10.0,0.389,0.268,1.0,77.0,28.0,49,20.0,0.356,0.0,56.0,0.54,160,0.0,0.0,0.0,0.0,0.0,126,0.0,57,109,WAS,73.0,0.0,202,15.0,0.274,0.364,Georgia,220,1,79,10,USA,2003,2004
2044,Jason Collier,Jason,1610612737,ATL,26.0,20,8,12,0.4,546.4766666666667,79,165,0.479,1,4,0.25,67,85,0.788,36,75,111,17,31,11,11,11,71,0,226,26,419.7,1,0,399.0,369,377,86,310,314,289,302,79,258,274,228,209,225,142,255,293,291,338,303,337,243,142,151,79,275,129,310,178,19,305,1,153,133,47,12.4,0.192,351,0.55,107.2,112,163,0.189,187,3.1,25,378,103.8,106.9,79.31,364,0.138,1080,103.8,2.0,95,0.051,157,95.17,12.3,178,0.079,8.3,106.9,144,112,95,6.7,4.0,0.103,0.068,22,351,0.482,95.17,383,385,257,130,0.558,25,127,94.37,105.2,249,254,118,3.1,34,0.0,0.333,0.0,0.0,6,3.0,0.0,0.486,1.0,70,0.214,28,1.0,0.0,1.0,38,0.603,0.0,0.0,0.0,0.0,63,0.0,0.333,1.0,0.0,10.0,3.0,5,7.0,0.524,,1.0,0.547,42,0.0,0.0,,0.0,0.0,15,0.0,22,41,ATL,22.0,,75,1.0,0.318,0.3,Georgia Tech,260,1,84,15,USA,2000,2004
2215,Jason Collins,Jason,1610612751,NJN,25.0,78,44,34,0.564,2224.675,163,384,0.424,0,2,0.0,136,184,0.739,143,257,400,153,97,67,56,47,251,0,462,266,1443.5,3,0,1261.0,91,62,284,136,99,195,194,229,289,305,289,116,109,237,60,91,78,119,147,104,62,353,424,79,187,33,134,124,19,146,1,183,238,250,13.6,0.12,63,1.58,100.0,56,204,0.118,410,6.6,163,48,93.8,100.4,75.8,140,0.121,4210,93.8,6.8,342,0.105,156,90.95,13.5,407,0.062,4.9,100.4,326,56,342,21.3,2.1,0.095,0.069,166,63,0.424,90.95,218,97,327,52,0.497,163,285,91.44,93.2,316,317,244,6.6,48,0.0,0.0,0.0,0.0,19,2.0,0.0,0.348,0.0,138,0.306,62,0.0,0.0,0.0,96,0.527,0.0,0.0,0.0,0.0,182,0.0,0.222,0.0,0.0,61.0,23.0,2,7.0,0.364,0.0,1.0,0.513,88,0.0,1.0,0.0,0.0,0.0,9,0.0,32,99,NJN,31.0,0.0,193,0.0,0.226,0.377,Stanford,260,1,84,18,USA,2001,2004
2078,Jason Hart,Jason,1610612759,SAS,26.0,53,42,11,0.792,662.7616666666667,71,159,0.447,2,9,0.222,33,43,0.767,10,69,79,81,29,28,5,13,59,0,177,129,463.3,0,0,405.0,272,74,80,9,295,299,306,166,236,244,246,289,298,174,349,305,318,200,306,242,313,161,131,79,305,60,296,235,19,303,1,305,334,245,10.1,0.147,18,2.79,98.0,21,285,0.14,350,9.6,313,16,85.8,95.4,77.43,25,0.095,1286,85.8,10.9,218,0.211,369,92.92,10.1,360,0.105,3.0,95.4,250,21,218,28.1,1.3,0.058,0.016,253,18,0.453,92.92,95,40,120,15,0.497,313,314,90.97,87.1,118,118,320,9.6,37,0.0,0.4,0.0,1.0,7,5.0,0.0,0.416,2.0,89,0.333,21,2.0,1.0,3.0,25,0.625,0.0,0.0,0.0,0.0,40,0.0,0.278,0.5,1.0,23.0,10.0,5,5.0,0.421,0.0,2.0,0.605,57,0.0,0.0,0.0,0.0,0.0,18,0.0,24,26,SAS,15.0,0.0,43,1.0,0.333,0.435,Syracuse,185,2,75,49,USA,2000,2004
2574,Jason Kapono,Jason,1610612739,CLE,23.0,41,16,25,0.39,423.325,52,129,0.403,21,44,0.477,20,24,0.833,19,36,55,14,21,13,2,4,41,0,145,-60,256.0,0,0,265.0,313,319,182,324,336,329,327,285,146,168,15,328,345,74,315,346,343,348,337,320,356,64,98,79,322,303,347,235,19,341,1,281,323,155,12.0,0.17,127,0.67,91.5,371,328,0.165,274,-7.5,387,163,97.2,89.6,79.84,335,0.083,847,97.2,-7.5,64,0.06,222,95.81,12.0,275,0.063,3.1,89.6,134,371,64,8.0,1.3,0.063,0.043,386,127,0.484,95.81,355,353,325,362,0.519,387,147,93.92,99.0,237,240,327,-7.5,21,8.0,0.542,0.429,,1,24.0,5.0,0.356,7.0,59,0.091,11,13.0,13.0,20.0,9,0.6,,,0.4,0.385,15,3.0,0.391,0.4,0.0,15.0,3.0,18,0.0,0.444,,10.0,0.588,36,0.0,1.0,,0.0,1.0,46,1.0,16,10,CLE,4.0,,17,4.0,0.0,0.2,UCLA,213,2,80,31,USA,2003,2004
467,Jason Kidd,Jason,1610612751,NJN,31.0,67,41,26,0.612,2463.9533333333334,368,959,0.384,94,293,0.321,206,249,0.827,85,343,428,618,214,122,14,41,110,0,1036,362,2670.6,34,9,2448.0,191,84,194,108,72,77,51,348,40,32,160,64,76,88,127,52,67,3,16,18,209,330,218,79,70,22,33,13,1,37,1,195,41,283,11.3,0.24,66,2.89,100.9,38,141,0.235,68,7.8,112,45,93.9,101.6,77.42,20,0.143,4765,93.9,7.8,220,0.422,255,92.9,11.3,62,0.157,14.3,101.6,306,38,220,32.7,5.5,0.089,0.035,132,66,0.433,92.9,1,20,6,40,0.485,112,161,93.63,93.1,190,184,67,7.8,154,13.0,0.32,0.286,9.0,19,247.0,9.0,0.389,14.0,396,0.288,66,79.0,20.0,34.0,101,0.488,0.222,2.0,0.382,0.45,207,4.0,0.352,0.261,13.0,89.0,30.0,101,14.0,0.427,0.0,92.0,0.479,225,0.154,0.0,2.0,2.0,0.0,287,0.0,96,101,NJN,40.0,0.0,211,24.0,0.35,0.337,California,212,1,76,2,USA,1994,2004
2202,Jason Richardson,Jason,1610612744,GSW,23.0,78,35,43,0.449,2940.483333333333,563,1284,0.438,77,273,0.282,258,377,0.684,124,400,524,226,196,86,41,80,182,0,1461,0,2613.8,11,0,2542.0,91,139,374,257,25,16,17,190,61,40,207,40,34,293,75,32,39,71,30,61,82,422,341,79,21,180,36,53,19,31,1,196,24,223,10.5,0.256,305,1.15,100.8,196,166,0.252,44,-0.7,119,266,101.9,101.2,76.47,221,0.136,5640,101.9,-0.3,289,0.143,226,91.76,10.5,41,0.113,16.5,101.2,206,196,289,12.1,7.2,0.089,0.042,136,305,0.468,91.76,154,243,82,188,0.504,119,233,92.31,101.1,143,142,24,-0.7,132,16.0,0.292,0.294,3.0,80,209.0,6.0,0.357,34.0,370,0.365,219,61.0,27.0,61.0,274,0.649,0.0,0.0,0.262,0.222,422,10.0,0.324,0.246,4.0,117.0,38.0,61,45.0,0.383,0.0,126.0,0.621,230,0.0,2.0,2.0,0.0,0.0,188,0.0,88,300,GSW,132.0,0.0,483,31.0,0.341,0.325,Michigan State,225,1,78,5,USA,2001,2004
1891,Jason Terry,Jason,1610612737,ATL,26.0,81,27,54,0.333,3013.2483333333334,499,1196,0.417,146,421,0.347,215,260,0.827,49,287,336,437,229,124,16,50,192,0,1359,-223,2608.7,5,0,2558.0,43,216,432,357,17,33,22,244,13,10,120,61,71,90,205,76,105,17,8,17,193,370,364,79,36,423,37,100,19,29,1,317,36,160,11.6,0.231,374,1.91,100.2,300,289,0.226,87,-4.1,155,359,104.7,100.6,77.91,98,0.094,5878,104.7,-4.0,181,0.261,360,93.49,11.6,88,0.111,14.8,100.6,160,300,181,22.2,6.2,0.056,0.017,149,374,0.478,93.49,50,85,99,287,0.519,155,149,93.87,104.2,214,210,49,-4.1,199,44.0,0.345,0.333,1.0,66,296.0,20.0,0.433,72.0,460,0.455,145,102.0,52.0,124.0,88,0.518,0.0,0.0,0.355,0.385,170,24.0,0.381,0.332,2.0,144.0,56.0,104,54.0,0.451,0.0,196.0,0.511,277,0.0,2.0,0.0,0.0,1.0,273,0.5,125,94,ATL,118.0,0.0,184,65.0,0.458,0.389,Arizona,180,1,74,10,USA,1999,2004
1715,Jason Williams,Jason,1610612763,MEM,28.0,72,42,30,0.583,2111.235,290,713,0.407,120,364,0.33,82,98,0.837,25,122,147,492,136,92,5,13,97,0,782,-2,1851.4,14,0,1735.0,147,74,247,124,111,111,102,274,26,21,151,181,202,67,290,226,248,11,84,50,313,161,193,79,111,183,98,44,19,99,1,410,99,166,9.8,0.187,389,3.62,104.2,183,408,0.183,204,-0.1,41,361,105.3,105.2,79.28,6,0.058,4185,105.3,-0.2,100,0.365,401,95.14,9.9,203,0.115,9.9,105.2,114,183,100,35.8,4.0,0.035,0.012,52,389,0.491,95.14,7,13,72,185,0.517,41,46,96.05,104.4,109,108,113,-0.1,70,8.0,0.331,0.5,6.0,17,335.0,3.0,0.402,10.0,174,0.459,37,111.0,13.0,23.0,83,0.601,0.167,1.0,0.348,0.231,138,5.0,0.392,0.31,9.0,29.0,16.0,74,8.0,0.37,1.0,239.0,0.597,81,0.111,0.0,1.0,1.0,0.0,189,0.0,30,86,MEM,21.0,1.0,144,74.0,0.381,0.552,Florida,190,1,73,7,USA,1998,2004
1902,Jeff Foster,Jeff,1610612754,IND,27.0,82,61,21,0.744,1953.2133333333334,197,362,0.544,0,4,0.0,103,154,0.669,248,362,610,64,60,71,27,42,189,1,497,449,1559.0,8,0,1367.0,3,1,141,18,131,172,204,9,289,274,289,152,140,308,8,41,31,228,220,90,119,332,358,21,176,8,121,71,19,133,1,13,258,27,10.8,0.117,41,1.07,103.5,11,42,0.115,415,12.5,54,29,91.6,104.0,75.14,239,0.194,3665,91.6,12.6,370,0.051,8,90.17,10.9,413,0.113,4.4,104.0,18,11,370,11.6,2.4,0.163,0.132,57,41,0.544,90.17,382,256,84,11,0.578,54,329,90.68,90.9,164,162,213,12.5,18,0.0,0.0,0.0,0.0,9,4.0,0.0,0.273,0.0,66,0.375,24,0.0,0.0,0.0,170,0.634,0.0,0.0,0.0,0.0,268,0.0,1.0,0.0,1.0,18.0,2.0,1,7.0,0.277,0.0,2.0,0.633,47,0.0,0.0,1.0,0.0,0.0,1,0.0,13,174,IND,17.0,0.0,275,0.0,0.412,0.111,Southwest Texas State,242,1,83,21,USA,1999,2004
976,Jeff McInnis,Jeff,1610612739,CLE,29.0,70,37,33,0.529,2377.4366666666665,334,747,0.447,46,127,0.362,114,143,0.797,33,143,176,430,120,72,6,38,163,0,828,4,1798.2,7,0,1636.0,173,123,273,166,82,92,94,164,109,111,100,132,147,131,264,201,219,19,101,88,299,318,305,79,105,169,104,78,19,106,2,407,89,188,8.8,0.179,355,3.58,102.8,188,404,0.176,242,-0.1,61,335,103.9,103.8,75.73,7,0.062,4506,103.9,-0.5,344,0.29,380,90.87,8.8,242,0.097,10.7,103.8,164,188,344,31.7,4.8,0.038,0.014,71,355,0.478,90.87,25,24,158,191,0.511,61,275,91.6,103.2,63,62,88,-0.1,159,11.0,0.35,0.5,3.0,58,100.0,6.0,0.465,10.0,342,0.426,136,35.0,14.0,24.0,71,0.5,0.0,0.0,0.458,0.429,142,5.0,0.442,0.26,3.0,148.0,73.0,46,45.0,0.468,0.0,50.0,0.484,173,0.0,0.0,2.0,0.0,0.0,104,0.0,81,76,CLE,110.0,0.0,157,13.0,0.409,0.493,North Carolina,179,2,76,37,USA,1996,2004
2244,Jeff Trepagnier,Jeff,1610612743,DEN,24.0,11,5,6,0.455,96.71333333333334,10,38,0.263,2,4,0.5,3,6,0.5,6,9,15,4,6,3,0,5,7,0,25,-24,52.0,0,0,52.0,395,388,49,242,390,390,378,424,236,274,5,394,384,390,373,388,387,389,388,383,398,75,36,79,390,238,396,235,19,394,1,251,305,428,11.8,0.215,88,0.67,86.5,399,290,0.204,132,-11.5,419,231,95.5,84.0,82.93,335,0.094,200,95.5,-13.9,17,0.075,199,99.51,11.8,141,0.0,3.5,84.0,424,399,17,7.8,0.9,0.072,0.054,416,88,0.289,99.51,312,360,419,411,0.308,419,63,95.61,100.4,225,229,374,-11.5,3,1.0,0.333,1.0,,0,3.0,0.0,0.214,1.0,14,0.0,4,1.0,0.0,1.0,5,0.313,,,1.0,0.0,16,1.0,0.667,0.0,,3.0,0.0,2,0.0,0.273,,2.0,0.294,11,,,,,,3,,3,5,DEN,2.0,,17,0.0,0.0,0.0,Southern California,200,2,76,35,USA,2001,2004
1741,Jelani McCoy,Jelani,1610612739,CLE,26.0,2,0,2,0.0,13.25,0,0,0.0,0,0,0.0,0,0,0.0,1,3,4,0,1,0,0,0,4,0,0,-9,3.8,0,0,4.0,432,431,11,431,432,438,441,438,289,361,289,425,429,425,413,416,419,426,426,419,398,1,28,79,439,196,436,235,19,437,1,49,441,439,100.0,0.03,19,0.0,52.6,432,31,0.029,442,-31.8,438,28,86.7,54.8,92.08,423,0.2,31,86.7,-38.3,2,0.0,136,110.49,100.0,442,-0.071,0.0,54.8,438,432,2,0.0,0.0,0.138,0.071,439,19,0.0,110.49,426,426,433,433,0.0,438,1,110.35,90.9,442,442,438,-31.8,0,0.0,0.0,0.0,0.0,0,0.0,,0.0,0.0,0,0.0,0,0.0,,0.0,0,0.0,0.0,0.0,0.0,,0,0.0,0.0,0.0,0.0,0.0,0.0,0,0.0,0.0,,0.0,0.0,0,0.0,,,0.0,,0,,0,0,CLE,0.0,,0,0.0,0.0,0.0,UCLA,245,2,82,33,USA,1998,2004
979,Jermaine O'Neal,Jermaine,1610612754,IND,25.0,78,57,21,0.731,2788.9583333333335,608,1400,0.434,2,18,0.111,348,460,0.757,193,585,778,164,181,59,199,162,248,1,1566,445,3338.6,44,0,3026.0,91,7,141,30,38,9,9,202,236,216,284,21,15,196,29,8,9,108,42,138,5,442,421,21,13,9,4,4,19,8,1,30,12,272,9.3,0.3,85,0.91,102.4,35,14,0.298,7,8.1,67,60,95.5,103.6,74.16,279,0.221,5183,95.5,8.3,411,0.119,139,88.99,9.2,7,0.149,17.9,103.6,297,35,411,8.4,7.8,0.146,0.071,81,85,0.435,88.99,186,340,12,33,0.489,67,355,90.17,94.1,76,77,15,8.1,250,1.0,0.083,0.333,2.0,145,12.0,0.0,0.393,3.0,636,0.391,371,1.0,2.0,5.0,211,0.564,0.0,0.0,0.2,0.0,374,1.0,0.333,0.0,2.0,315.0,124.0,11,127.0,0.406,0.0,6.0,0.547,281,0.0,1.0,0.0,0.0,0.0,33,0.0,114,232,IND,338.0,0.0,424,0.0,0.376,0.394,None,242,1,83,17,USA,1996,2004
2602,Jerome Beasley,Jerome,1610612748,MIA,24.0,2,0,2,0.0,5.116666666666666,1,3,0.333,0,0,0.0,0,0,0.0,0,1,1,0,0,0,0,1,0,0,2,4,3.2,0,0,3.0,432,431,11,431,440,427,432,399,289,361,289,425,429,425,427,427,433,426,434,419,398,27,1,79,433,169,438,235,19,439,1,423,408,418,0.0,0.279,2,0.0,102.2,2,424,0.25,22,33.3,368,2,58.3,91.7,93.81,423,0.0,12,58.3,40.4,1,0.0,420,112.57,0.0,44,0.074,1.5,91.7,408,2,1,0.0,0.5,0.0,0.0,86,2,0.333,112.57,426,426,283,2,0.333,368,3,103.57,61.8,1,1,409,33.3,1,,0.0,,,0,0.0,,1.0,,1,0.0,0,0.0,,,0,0.0,,,,,2,,0.0,0.0,,0.0,0.0,0,0.0,1.0,,0.0,0.0,1,,,,,,0,,1,0,MIA,0.0,,2,0.0,0.0,0.0,North Dakota,237,2,81,33,USA,2003,2004
1744,Jerome James,Jerome,1610612760,SEA,28.0,65,32,33,0.492,992.1883333333334,129,259,0.498,0,0,0.0,66,100,0.66,78,152,230,32,82,20,60,18,180,0,324,48,806.0,0,0,746.0,204,177,273,217,239,232,247,45,289,361,289,211,200,325,134,194,183,287,172,285,58,210,338,79,240,109,232,235,19,230,1,104,284,105,19.7,0.184,282,0.39,104.1,122,117,0.18,222,2.5,56,267,101.3,103.9,75.91,401,0.153,1883,101.3,3.0,336,0.053,94,91.1,19.7,218,0.055,4.0,103.9,87,122,336,7.7,2.0,0.119,0.083,54,282,0.498,91.1,372,365,350,105,0.535,56,308,91.07,101.1,416,415,252,2.5,14,0.0,0.0,0.0,0.0,27,0.0,0.0,0.311,0.0,45,0.355,76,0.0,0.0,0.0,88,0.638,0.0,0.0,0.0,0.0,138,0.0,0.0,0.0,0.0,36.0,13.0,0,22.0,0.333,0.0,0.0,0.605,6,0.0,0.0,0.0,0.0,0.0,0,0.0,2,92,SEA,65.0,0.0,152,0.0,0.338,0.361,Florida A&M,272,2,85,36,USA,1998,2004
2040,Jerome Moiso,Jerome,1610612761,TOR,26.0,35,15,20,0.429,415.1983333333333,40,84,0.476,0,1,0.0,22,38,0.579,41,72,113,8,25,17,12,5,42,0,102,-25,311.6,2,0,281.0,332,326,132,281,338,342,353,87,289,323,289,320,307,377,240,300,287,375,322,296,231,75,100,79,346,241,338,146,19,337,1,53,375,212,18.7,0.15,26,0.32,88.7,279,73,0.145,341,-3.4,405,35,89.3,86.0,74.04,414,0.174,769,89.3,-3.3,418,0.037,43,88.84,18.5,346,0.104,2.4,86.0,174,279,418,5.9,1.1,0.136,0.099,405,26,0.476,88.84,406,404,128,270,0.506,405,435,86.19,92.0,406,408,346,-3.4,6,0.0,0.0,0.0,0.0,9,1.0,0.0,0.316,0.0,19,0.36,25,0.0,0.0,0.0,25,0.641,0.0,0.0,0.0,0.0,39,0.0,0.0,0.0,0.0,11.0,2.0,0,10.0,0.286,0.0,0.0,0.634,7,0.0,0.0,1.0,0.0,0.0,0,0.0,2,26,TOR,24.0,0.0,41,0.0,0.417,0.182,UCLA,235,1,82,11,France,2000,2004
966,Jerome Williams,Jerome,1610612741,CHI,31.0,68,22,46,0.324,1623.8283333333334,158,336,0.47,0,8,0.0,106,155,0.684,177,298,475,72,74,90,8,30,134,1,422,-212,1320.0,8,0,1165.0,186,261,394,365,163,201,217,110,289,249,289,146,138,294,40,70,52,208,195,56,273,280,252,21,203,420,151,71,19,163,2,28,237,145,13.4,0.135,224,0.97,92.9,347,41,0.133,381,-6.1,346,195,99.9,93.8,75.56,261,0.195,3055,99.9,-6.7,349,0.076,33,90.67,13.5,381,0.112,4.9,93.8,199,347,349,13.1,2.3,0.147,0.104,375,224,0.47,90.67,308,223,90,346,0.522,346,298,91.2,99.6,313,309,220,-6.1,30,0.0,0.0,0.0,0.0,15,5.0,0.0,0.337,0.0,89,0.405,37,0.0,3.0,3.0,113,0.559,0.0,0.0,0.0,0.0,202,0.0,0.071,0.0,1.0,32.0,9.0,1,10.0,0.434,0.0,0.0,0.556,53,0.0,1.0,0.0,0.0,0.0,14,0.0,23,115,CHI,28.0,0.0,207,0.0,0.357,0.281,Georgetown,206,1,81,26,USA,1996,2004
711,Jerry Stackhouse,Jerry,1610612764,WAS,29.0,26,8,18,0.308,774.885,128,321,0.399,23,65,0.354,83,103,0.806,16,78,94,103,88,24,3,22,49,0,362,-148,622.3,1,0,636.0,352,377,124,379,271,233,223,304,142,151,111,179,197,116,325,288,306,179,159,263,342,232,113,79,223,389,259,178,19,247,1,290,66,257,15.8,0.256,433,1.17,100.0,394,251,0.25,43,-10.2,173,422,110.3,100.1,80.27,217,0.105,1560,110.3,-9.4,53,0.24,335,96.32,15.9,43,0.085,12.3,100.1,301,394,53,18.6,4.9,0.062,0.021,163,433,0.435,96.32,72,128,220,380,0.494,173,26,96.71,109.4,385,381,82,-10.2,51,10.0,0.283,0.417,0.0,11,46.0,5.0,0.354,12.0,144,0.262,42,13.0,7.0,19.0,43,0.614,0.0,0.0,0.526,0.714,70,5.0,0.362,0.313,0.0,48.0,14.0,17,7.0,0.387,0.0,32.0,0.564,93,0.0,0.0,1.0,0.0,0.0,47,0.0,36,44,WAS,22.0,0.0,78,10.0,0.318,0.292,North Carolina,218,1,78,3,USA,1995,2004
754,Jim Jackson,Jim,1610612745,HOU,33.0,80,43,37,0.538,3119.5516666666667,382,900,0.424,162,405,0.4,107,127,0.843,52,435,487,226,175,86,23,37,227,0,1033,148,2108.4,5,0,2126.0,61,67,313,156,11,71,66,230,7,12,40,144,167,64,196,26,51,71,50,61,137,310,407,79,71,56,76,100,19,59,1,222,81,85,12.9,0.171,124,1.29,98.6,126,167,0.166,267,2.4,200,86,97.0,99.5,75.32,193,0.136,5877,97.0,2.5,358,0.126,348,90.39,13.1,272,0.098,11.3,99.5,52,126,358,16.9,4.8,0.08,0.018,228,124,0.514,90.39,173,153,157,117,0.54,200,300,91.18,96.1,293,286,86,2.4,145,82.0,0.402,0.422,3.0,34,199.0,36.0,0.471,109.0,308,0.41,83,80.0,94.0,203.0,41,0.394,0.0,0.0,0.404,0.383,104,46.0,0.406,0.411,4.0,80.0,38.0,143,29.0,0.504,0.0,141.0,0.398,137,0.0,0.0,0.0,0.0,0.0,352,0.0,69,45,HOU,73.0,0.0,113,58.0,0.397,0.475,Ohio State,220,1,78,4,USA,1992,2004
2412,Jiri Welsch,Jiri,1610612738,BOS,24.0,81,35,46,0.432,2185.285,262,612,0.428,69,181,0.381,153,206,0.743,60,236,296,183,129,101,7,46,176,0,746,-104,1570.7,1,0,1510.0,43,139,394,277,102,127,121,215,74,83,64,98,96,228,174,111,130,97,91,32,288,346,327,79,115,360,119,178,19,117,1,261,153,114,12.7,0.173,271,1.42,99.3,242,241,0.17,263,-2.1,214,250,101.0,98.9,79.77,159,0.107,4352,101.0,-1.3,70,0.14,285,95.72,12.7,258,0.087,7.6,98.9,136,242,70,18.0,3.2,0.069,0.028,199,271,0.484,95.72,159,135,205,216,0.531,214,60,95.65,100.7,275,275,158,-2.1,87,28.0,0.369,0.4,1.0,13,111.0,16.0,0.414,30.0,210,0.228,57,41.0,39.0,69.0,93,0.567,0.0,0.0,0.406,0.41,164,12.0,0.436,0.415,2.0,42.0,10.0,82,8.0,0.389,0.0,53.0,0.549,113,0.0,0.0,0.0,0.0,0.0,188,0.0,44,96,BOS,39.0,0.0,175,22.0,0.205,0.238,None,208,1,79,16,Czech Republic,2002,2004
2207,Joe Johnson,Joe,1610612756,PHX,23.0,82,29,53,0.354,3333.8683333333333,555,1291,0.43,83,272,0.305,174,232,0.75,80,305,385,362,199,93,26,74,177,0,1367,-234,2530.0,4,0,2435.0,3,195,424,347,1,17,16,211,50,42,177,83,82,209,131,67,82,28,28,45,123,417,332,79,35,426,41,111,19,38,1,308,28,267,10.2,0.216,354,1.82,99.7,274,299,0.214,128,-3.2,140,314,103.9,100.7,78.38,106,0.091,6519,103.9,-2.9,155,0.187,309,94.05,10.2,118,0.095,15.7,100.7,225,274,155,18.5,6.8,0.058,0.024,179,354,0.462,94.05,107,130,167,262,0.491,140,88,95.14,102.6,125,124,29,-3.2,189,50.0,0.216,0.383,6.0,100,153.0,27.0,0.387,60.0,489,0.469,213,33.0,52.0,112.0,183,0.575,0.0,0.0,0.446,0.519,318,23.0,0.394,0.183,8.0,139.0,46.0,98,73.0,0.403,0.0,93.0,0.577,305,0.0,3.0,7.0,0.0,0.0,249,0.0,123,198,PHX,144.0,0.0,343,17.0,0.507,0.331,Arkansas,235,1,79,10,USA,2001,2004
693,Joe Smith,Joe,1610612749,MIL,28.0,76,38,38,0.5,2258.6033333333335,311,708,0.439,1,5,0.2,207,241,0.859,230,413,643,78,82,47,94,62,209,0,830,52,2059.6,20,0,1834.0,111,114,318,194,94,105,105,188,258,263,253,63,78,45,14,30,24,202,172,177,32,395,385,79,104,104,79,30,19,89,1,38,113,199,8.4,0.179,312,0.95,102.9,149,58,0.177,240,1.4,69,289,102.1,103.6,77.67,268,0.183,4380,102.1,1.1,205,0.055,37,93.2,8.4,235,0.107,9.3,103.6,283,149,205,8.0,4.1,0.142,0.102,66,312,0.44,93.2,365,355,110,153,0.51,69,160,93.67,101.8,48,47,111,1.4,136,0.0,0.2,0.0,0.0,37,5.0,0.0,0.393,0.0,346,0.349,106,1.0,0.0,0.0,137,0.546,0.0,0.0,0.0,0.0,251,0.0,0.423,0.0,0.0,130.0,53.0,11,26.0,0.388,0.0,2.0,0.528,206,0.0,1.0,0.0,0.0,0.0,26,0.0,80,141,MIL,76.0,0.0,267,0.0,0.342,0.408,Maryland,225,1,82,1,USA,1995,2004
2038,Joel Przybilla,Joel,1610612737,ATL,24.0,17,5,12,0.294,345.3183333333333,18,50,0.36,0,0,0.0,13,31,0.419,32,79,111,7,18,5,17,7,53,0,49,-69,240.7,0,0,211.0,377,388,86,384,350,369,372,378,289,361,289,357,320,418,265,286,291,377,344,369,184,106,123,79,369,320,349,235,19,352,2,22,343,404,20.3,0.105,367,0.39,94.4,382,8,0.104,427,-8.8,310,365,104.3,95.5,80.27,402,0.225,689,104.3,-10.1,52,0.032,89,96.33,20.2,425,0.041,2.9,95.5,396,382,52,7.9,1.1,0.152,0.085,353,367,0.36,96.33,414,359,383,392,0.385,310,23,96.8,104.5,422,421,358,-8.8,5,0.0,0.0,0.0,,1,0.0,0.0,0.455,0.0,11,0.125,8,0.0,0.0,0.0,12,0.387,,,0.0,0.0,31,0.0,0.0,0.0,,5.0,1.0,0,0.0,0.667,,0.0,0.382,6,,,,,,0,,4,13,ATL,5.0,,34,0.0,0.0,0.2,Minnesota,255,1,85,9,USA,2000,2004
2422,John Salmons,John,1610612755,PHI,24.0,77,32,45,0.416,1588.6,161,416,0.387,50,147,0.34,71,92,0.772,38,158,196,134,77,62,16,23,122,0,443,-97,1036.2,1,0,979.0,102,177,388,297,170,196,180,337,102,98,127,203,215,163,247,186,202,138,186,126,193,237,235,79,195,352,199,178,19,196,1,276,223,280,11.5,0.161,138,1.74,95.9,269,259,0.156,297,-3.0,334,140,97.5,94.5,75.16,116,0.103,2981,97.5,-2.2,367,0.155,305,90.19,11.5,304,0.078,5.4,94.5,263,269,367,20.0,2.1,0.064,0.025,310,138,0.447,90.19,137,112,262,235,0.485,334,393,89.17,98.2,205,208,243,-3.0,47,24.0,0.371,0.333,0.0,5,70.0,7.0,0.333,51.0,141,0.185,27,26.0,26.0,77.0,59,0.584,0.0,0.0,0.312,0.269,101,17.0,0.342,0.353,2.0,40.0,14.0,38,3.0,0.326,0.0,51.0,0.573,89,0.0,0.0,0.0,0.0,0.0,111,0.0,29,59,PHI,20.0,0.0,103,18.0,0.15,0.35,Miami,210,1,79,26,USA,2002,2004
961,John Wallace,John,1610612748,MIA,30.0,37,16,21,0.432,364.77666666666664,61,145,0.421,5,13,0.385,31,40,0.775,12,47,59,14,24,5,8,8,38,0,158,-66,264.8,0,0,262.0,327,319,141,276,348,318,315,237,211,228,59,295,303,159,341,333,338,348,324,369,273,117,92,79,316,315,345,235,19,343,1,215,285,277,12.0,0.24,195,0.58,91.9,386,170,0.23,65,-9.2,382,269,99.1,89.9,76.21,362,0.135,694,99.1,-9.3,312,0.083,270,91.45,12.0,79,0.083,3.9,89.9,294,386,312,7.0,1.6,0.082,0.033,383,195,0.438,91.45,283,377,235,379,0.486,382,380,89.57,101.1,237,236,287,-9.2,25,1.0,0.4,0.0,0.0,14,10.0,1.0,0.321,0.0,78,0.538,26,4.0,3.0,3.0,17,0.607,0.0,0.0,0.333,0.333,28,0.0,0.353,0.5,0.0,36.0,15.0,6,5.0,0.319,0.0,4.0,0.621,47,0.0,0.0,0.0,0.0,0.0,17,0.0,15,18,MIA,12.0,0.0,29,2.0,0.417,0.417,Syracuse,225,1,81,18,USA,1996,2004
468,Jon Barry,Jon,1610612743,DEN,34.0,57,31,26,0.544,1090.2716666666668,120,297,0.404,51,138,0.37,60,71,0.845,25,98,123,147,53,57,8,7,66,0,351,20,861.1,1,0,802.0,244,183,194,150,228,238,234,283,99,104,88,229,247,61,290,262,277,126,238,144,273,106,142,79,229,139,223,178,19,221,1,322,229,104,10.0,0.152,182,2.77,99.2,181,305,0.147,331,0.0,218,162,98.8,98.7,80.48,28,0.089,2204,98.8,0.2,44,0.217,329,96.57,10.1,333,0.108,5.2,98.7,115,181,44,27.9,2.1,0.054,0.021,205,182,0.49,96.57,90,44,106,174,0.535,218,36,96.28,98.9,115,116,239,0.0,33,9.0,0.376,0.286,0.0,6,109.0,3.0,0.351,21.0,94,0.316,19,41.0,8.0,29.0,31,0.674,0.0,0.0,0.31,0.375,46,6.0,0.355,0.375,1.0,17.0,10.0,43,5.0,0.271,0.0,48.0,0.674,48,0.0,0.0,0.0,0.0,0.0,121,0.0,13,31,DEN,16.0,0.0,46,18.0,0.313,0.588,Georgia Tech,210,1,77,21,USA,1992,2004
1886,Jonathan Bender,Jonathan,1610612754,IND,23.0,21,17,4,0.81,269.0466666666667,50,106,0.472,9,22,0.409,39,47,0.83,9,31,40,9,33,5,11,6,23,0,148,-18,224.5,0,0,238.0,365,311,30,8,359,331,336,106,187,208,31,276,287,84,355,355,359,372,296,369,243,94,70,79,321,220,352,235,19,347,1,216,232,22,19.6,0.288,333,0.27,100.4,306,211,0.28,15,-4.3,223,297,102.8,98.4,75.53,416,0.119,510,102.8,-1.6,352,0.076,235,90.63,19.4,16,0.104,5.0,98.4,53,306,352,5.3,2.4,0.082,0.04,142,333,0.514,90.63,310,411,125,224,0.584,223,359,90.09,102.0,414,414,215,-4.3,6,0.0,0.474,0.0,0.0,5,19.0,0.0,0.222,2.0,27,0.385,13,9.0,1.0,3.0,30,0.682,0.0,0.0,0.0,0.0,44,0.0,0.385,0.4,0.0,10.0,4.0,5,1.0,0.2,0.0,15.0,0.66,15,0.0,0.0,0.0,0.0,0.0,13,0.0,3,31,IND,6.0,0.0,47,6.0,0.167,0.4,None,219,1,84,5,USA,1999,2004
2668,Josh Davis,Josh,1610612737,ATL,23.0,4,2,2,0.5,22.348333333333333,2,5,0.4,0,2,0.0,1,1,1.0,1,4,5,0,2,0,0,0,3,0,5,-7,9.0,0,0,10.0,422,413,11,194,424,420,426,300,289,305,289,413,425,1,413,412,414,426,418,419,398,1,22,79,425,191,427,235,19,426,1,423,418,335,26.9,0.135,228,0.0,87.5,378,424,0.127,384,-8.3,368,429,100.0,91.7,88.6,423,0.0,48,100.0,-24.3,8,0.0,420,106.32,28.6,389,0.019,1.3,91.7,361,378,8,0.0,0.5,0.0,0.0,413,228,0.4,106.32,426,426,408,427,0.46,368,6,102.97,111.8,433,433,409,-8.3,0,0.0,0.0,,,0,2.0,0.0,0.0,,1,0.0,0,0.0,0.0,0.0,2,1.0,,,0.0,0.0,2,,0.0,0.0,,1.0,0.0,0,0.0,0.0,,1.0,1.0,0,,0.0,,,0.0,1,0.0,0,2,ATL,0.0,,2,0.0,0.0,0.0,Wyoming,240,Undrafted,80,Undrafted,USA,Undrafted,2004
2572,Josh Howard,Josh,1610612742,DAL,24.0,67,40,27,0.597,1586.435,229,532,0.43,20,66,0.303,97,138,0.703,149,219,368,97,67,69,54,38,168,0,575,215,1464.1,4,0,1306.0,191,95,209,121,172,146,144,209,150,148,180,166,154,282,53,123,87,187,204,96,64,318,313,79,152,40,130,111,19,141,1,120,143,281,8.9,0.181,387,1.45,113.0,45,157,0.178,237,7.2,6,370,105.3,112.5,79.69,155,0.139,3155,105.3,8.2,77,0.085,67,95.63,8.8,234,0.082,7.9,112.5,257,45,77,12.8,3.4,0.115,0.091,6,387,0.449,95.63,277,230,242,35,0.485,6,62,95.63,104.8,62,63,148,7.2,46,3.0,0.362,0.0,2.0,35,47.0,3.0,0.289,8.0,159,0.327,107,17.0,9.0,17.0,128,0.64,0.0,0.0,0.176,0.333,200,0.0,0.261,0.364,2.0,51.0,17.0,18,21.0,0.333,,22.0,0.611,90,0.0,0.0,,0.0,0.0,69,0.0,30,135,DAL,77.0,,221,8.0,0.273,0.333,Wake Forest,210,1,79,29,USA,2003,2004
2413,Juan Dixon,Juan,1610612764,WAS,25.0,71,20,51,0.282,1474.9433333333334,247,637,0.388,59,198,0.298,111,139,0.799,30,118,148,137,104,82,4,34,111,0,664,-205,1201.1,0,0,1180.0,160,286,422,398,185,135,115,332,88,77,188,138,152,126,269,236,247,133,130,75,328,298,222,79,134,418,172,235,19,162,1,344,118,302,11.1,0.242,334,1.32,95.8,363,327,0.236,63,-7.1,296,329,102.8,95.8,79.2,182,0.083,2921,102.8,-7.3,105,0.176,339,95.04,11.1,60,0.085,9.0,95.8,302,363,105,14.6,3.5,0.05,0.02,316,334,0.434,95.04,119,195,222,359,0.476,296,98,94.94,103.1,173,173,147,-7.1,94,24.0,0.255,0.4,1.0,23,137.0,4.0,0.366,50.0,257,0.365,63,35.0,10.0,60.0,71,0.597,0.0,0.0,0.4,0.4,119,20.0,0.377,0.217,3.0,75.0,27.0,60,21.0,0.363,0.0,92.0,0.556,124,0.0,2.0,1.0,0.0,0.0,159,0.0,45,74,WAS,48.0,0.0,133,20.0,0.438,0.36,Maryland,164,1,75,17,USA,2002,2004
1908,Jumaine Jones,Jumaine,1610612738,BOS,25.0,42,18,24,0.429,371.2133333333333,33,96,0.344,13,44,0.295,14,23,0.609,24,44,68,14,19,12,9,4,48,0,93,-55,239.6,0,0,230.0,305,303,169,281,345,353,347,394,168,168,190,352,350,357,293,337,329,348,341,325,262,64,112,79,353,294,350,235,19,348,1,197,381,371,13.7,0.15,173,0.74,94.3,332,217,0.147,338,-5.7,359,178,98.4,92.7,80.87,319,0.116,744,98.4,-5.0,37,0.065,175,97.04,13.6,339,0.037,2.3,92.7,348,332,37,10.0,0.8,0.089,0.063,354,173,0.411,97.04,343,301,387,313,0.438,359,56,95.81,99.3,320,321,391,-5.7,8,4.0,0.3,0.0,0.0,3,30.0,4.0,0.32,5.0,25,0.429,7,9.0,9.0,14.0,9,0.45,0.0,0.0,0.286,0.444,20,0.0,0.233,0.412,1.0,4.0,2.0,7,2.0,0.278,0.0,17.0,0.455,18,0.0,0.0,0.0,0.0,0.0,30,0.0,5,10,BOS,4.0,0.0,22,7.0,0.5,0.5,Georgia,218,1,80,27,USA,1999,2004
436,Juwan Howard,Juwan,1610612753,ORL,31.0,81,21,60,0.259,2883.7733333333335,529,1169,0.453,0,1,0.0,318,393,0.809,171,399,570,158,178,54,22,104,284,1,1376,-353,2347.0,16,0,2256.0,43,276,442,410,29,25,26,152,289,323,289,30,32,113,42,33,35,114,47,155,139,438,440,21,31,440,54,39,19,53,1,166,38,180,10.6,0.239,424,0.89,101.2,349,139,0.237,72,-6.2,85,409,109.1,102.9,77.25,283,0.144,5566,109.1,-7.0,239,0.098,187,92.7,10.6,59,0.093,14.4,102.9,251,349,239,9.4,6.5,0.1,0.059,120,424,0.453,92.7,237,317,175,349,0.513,85,154,93.82,108.2,148,148,37,-6.2,218,0.0,0.0,0.0,0.0,150,1.0,0.0,0.422,0.0,516,0.416,361,0.0,0.0,0.0,161,0.553,0.0,0.0,0.0,0.0,291,0.0,0.333,0.0,0.0,280.0,116.0,2,126.0,0.437,0.0,0.0,0.526,261,0.0,1.0,0.0,0.0,0.0,6,0.0,114,171,ORL,296.0,0.0,325,0.0,0.426,0.414,Michigan,230,1,81,5,USA,1994,2004
2079,Kaniel Dickens,Kaniel,1610612757,POR,25.0,3,2,1,0.667,13.133333333333333,3,3,1.0,0,0,0.0,1,2,0.5,2,0,2,0,1,0,0,0,3,0,7,-3,8.4,0,0,9.0,429,413,4,67,433,414,432,1,289,361,289,413,412,390,400,437,429,426,426,419,398,1,22,79,421,185,428,235,19,427,1,423,423,1,20.5,0.151,435,0.0,102.6,397,424,0.143,333,-11.1,62,436,114.8,103.7,82.23,423,0.0,27,114.8,-23.2,26,0.0,420,98.68,20.0,354,0.066,1.0,103.7,1,397,26,0.0,1.0,0.0,0.0,75,435,1.0,98.68,426,426,313,426,0.902,62,101,94.88,125.8,419,423,364,-11.1,1,0.0,0.0,0.0,,0,0.0,,1.0,0.0,1,0.0,0,0.0,,0.0,2,1.0,,,0.0,,2,0.0,1.0,0.0,,0.0,0.0,1,0.0,0.0,,0.0,1.0,0,,,,,,1,,0,2,POR,0.0,,2,0.0,0.0,0.0,Idaho,215,2,80,50,USA,2000,2004
2416,Kareem Rush,Kareem,1610612747,LAL,23.0,72,50,22,0.694,1248.3783333333333,190,432,0.44,48,138,0.348,31,52,0.596,20,77,97,59,48,33,20,14,109,0,459,-25,774.9,0,0,769.0,147,34,149,48,212,176,176,185,107,104,119,295,279,365,311,289,304,236,247,219,152,172,216,79,190,241,236,235,19,225,1,397,201,219,8.5,0.185,275,1.23,100.0,225,398,0.18,215,-1.6,198,270,101.1,99.5,77.89,206,0.065,2438,101.1,-1.1,182,0.08,367,93.47,8.6,221,0.06,6.0,99.5,94,225,182,10.5,2.6,0.04,0.016,162,275,0.495,93.47,298,286,334,210,0.505,198,181,93.16,101.2,51,51,191,-1.6,77,9.0,0.348,0.429,2.0,18,112.0,3.0,0.433,14.0,178,0.462,39,39.0,10.0,24.0,47,0.61,0.0,0.0,0.375,0.3,77,6.0,0.438,0.3,2.0,42.0,19.0,57,7.0,0.4,1.0,60.0,0.595,95,0.0,0.0,1.0,0.0,0.0,130,0.0,38,50,LAL,18.0,1.0,84,18.0,0.389,0.452,Missouri,215,1,78,20,USA,2002,2004
252,Karl Malone,Karl,1610612747,LAL,40.0,42,33,9,0.786,1379.5566666666666,193,400,0.483,0,1,0.0,168,225,0.747,61,306,367,163,103,50,20,17,116,1,554,216,1345.9,15,1,1224.0,305,163,70,10,196,173,187,72,289,323,289,87,86,223,170,65,88,109,131,169,152,199,227,21,160,39,150,40,7,155,1,70,105,51,13.5,0.193,167,1.58,104.9,39,24,0.192,183,7.6,33,95,98.2,105.8,80.69,138,0.209,2785,98.2,8.0,38,0.185,211,96.83,13.4,173,0.14,9.5,105.8,143,39,38,21.2,4.6,0.131,0.046,46,167,0.483,96.83,110,98,20,36,0.555,33,11,97.94,96.8,309,310,95,7.6,87,0.0,0.0,0.0,0.0,15,1.0,0.0,0.38,0.0,229,0.417,36,0.0,0.0,0.0,91,0.679,0.0,0.0,0.0,0.0,134,0.0,0.313,0.0,0.0,59.0,23.0,5,11.0,0.384,0.0,0.0,0.659,164,0.0,0.0,0.0,0.0,0.0,16,0.0,63,91,LAL,23.0,0.0,138,0.0,0.478,0.39,Louisiana Tech,259,1,81,13,USA,1985,2004
2208,Kedrick Brown,Kedrick,1610612739,CLE,23.0,55,23,32,0.418,968.93,117,254,0.461,38,99,0.384,17,27,0.63,41,105,146,64,29,30,7,11,80,0,289,43,642.2,0,0,611.0,261,253,266,294,244,243,252,134,121,129,61,339,333,347,240,249,249,228,306,233,288,142,167,79,244,112,254,235,19,256,2,235,250,76,8.1,0.14,237,2.21,102.7,108,242,0.137,370,3.2,76,182,100.1,103.3,76.97,74,0.107,1856,100.1,3.3,254,0.106,221,92.37,8.1,370,0.083,4.6,103.3,23,108,254,17.9,2.1,0.075,0.043,73,237,0.535,92.37,211,136,236,100,0.543,76,189,92.99,99.4,38,40,235,3.2,18,25.0,0.333,0.448,0.0,9,39.0,12.0,0.34,29.0,53,0.45,20,13.0,31.0,60.0,52,0.634,0.0,0.0,0.417,0.387,82,13.0,0.388,0.4,0.0,9.0,2.0,33,8.0,0.351,0.0,20.0,0.631,37,0.0,0.0,0.0,0.0,0.0,85,0.0,13,53,CLE,19.0,0.0,84,8.0,0.421,0.222,Northwest Florida State,222,1,79,11,USA,2001,2004
2586,Keith Bogans,Keith,1610612753,ORL,24.0,73,19,54,0.26,1786.045,183,454,0.403,67,187,0.358,65,103,0.631,106,211,317,98,75,46,10,32,128,1,498,-336,1118.4,2,0,1092.0,135,294,432,409,148,182,168,286,79,79,106,217,197,346,91,132,116,184,193,179,254,294,241,21,175,439,184,146,19,177,1,199,192,239,11.2,0.145,423,1.31,98.8,390,201,0.142,359,-9.6,196,419,109.1,99.5,77.69,186,0.122,3467,109.1,-10.2,203,0.087,192,93.23,11.1,356,0.068,6.2,99.5,172,390,203,14.6,2.5,0.088,0.057,220,423,0.477,93.23,276,196,304,393,0.499,196,162,93.63,109.0,177,178,204,-9.6,44,38.0,0.296,0.489,0.0,8,98.0,16.0,0.344,45.0,128,0.364,22,29.0,44.0,89.0,64,0.547,0.0,0.0,0.427,0.364,117,22.0,0.367,0.368,1.0,29.0,11.0,61,7.0,0.3,0.0,57.0,0.542,60,0.0,1.0,0.0,0.0,0.0,166,0.0,18,65,ORL,20.0,0.0,120,21.0,0.35,0.379,Kentucky,215,2,77,43,USA,2003,2004
2693,Keith McLeod,Keith,1610612750,MIN,24.0,33,22,11,0.667,385.295,27,82,0.329,1,10,0.1,33,43,0.767,5,29,34,59,29,16,1,3,39,0,88,-65,239.3,0,0,216.0,337,261,80,67,344,357,354,405,258,240,287,289,298,174,377,363,367,236,306,303,378,59,95,79,357,312,351,235,19,351,1,372,370,374,15.4,0.164,91,2.03,91.7,368,370,0.158,290,-7.4,394,144,95.6,88.2,77.86,88,0.073,745,95.6,-6.6,183,0.258,382,93.43,15.2,298,0.059,2.5,88.2,407,368,183,30.9,0.8,0.045,0.014,384,91,0.335,93.43,57,27,338,342,0.436,394,344,90.39,98.3,370,375,385,-7.4,13,0.0,0.111,0.0,0.0,5,9.0,0.0,0.289,1.0,45,0.556,9,1.0,0.0,1.0,8,0.444,0.0,0.0,0.0,0.0,18,0.0,0.3,0.0,1.0,10.0,4.0,6,1.0,0.292,0.0,3.0,0.474,24,0.0,1.0,1.0,0.0,0.0,20,0.0,7,9,MIN,3.0,0.0,19,0.0,0.333,0.4,Bowling Green,190,Undrafted,74,Undrafted,USA,Undrafted,2004
1496,Keith Van Horn,Keith,1610612749,MIL,28.0,72,33,39,0.458,2342.03,410,903,0.454,93,233,0.399,249,290,0.859,149,352,501,120,169,68,33,71,215,1,1162,8,2077.2,15,0,2078.0,147,163,326,240,84,60,65,148,42,55,45,43,57,46,53,47,48,156,57,97,100,412,392,21,51,159,77,40,19,64,2,134,60,43,12.8,0.237,300,0.71,101.9,163,128,0.234,76,0.7,92,281,101.7,102.3,77.37,326,0.15,4519,101.7,0.4,226,0.091,159,92.84,12.8,67,0.116,12.5,102.3,68,163,226,9.1,5.7,0.11,0.067,94,300,0.506,92.84,262,328,68,169,0.564,92,184,93.09,101.5,280,283,63,0.7,94,33.0,0.4,0.393,0.0,56,150.0,9.0,0.372,61.0,253,0.434,129,60.0,22.0,83.0,167,0.58,0.0,0.0,0.398,0.409,288,24.0,0.38,0.422,1.0,101.0,37.0,70,46.0,0.391,0.0,83.0,0.572,110,0.0,0.0,0.0,0.0,0.0,184,0.0,43,179,MIL,111.0,0.0,313,35.0,0.414,0.366,Utah,240,1,82,2,USA,1997,2004
1509,Kelvin Cato,Kelvin,1610612745,HOU,29.0,69,40,29,0.58,1746.4733333333334,161,360,0.447,0,0,0.0,96,142,0.676,153,319,472,72,84,52,96,36,203,0,418,72,1452.4,7,0,1258.0,177,95,233,128,152,196,205,161,289,361,289,167,148,304,52,59,55,208,167,159,31,309,377,79,204,90,133,78,19,148,1,47,228,255,14.5,0.139,77,0.86,97.3,117,66,0.137,371,2.9,237,63,95.0,97.9,74.5,292,0.178,3242,95.0,3.1,402,0.069,54,89.41,14.5,367,0.091,5.2,97.9,261,117,402,12.4,2.3,0.139,0.095,269,77,0.447,89.41,327,238,186,102,0.495,237,361,90.07,94.2,352,349,218,2.9,22,0.0,0.0,0.0,0.0,16,0.0,0.0,0.242,0.0,91,0.235,68,0.0,0.0,0.0,123,0.612,0.0,0.0,0.0,0.0,201,0.0,0.333,0.0,0.0,47.0,13.0,1,10.0,0.2,0.0,0.0,0.602,50,0.0,0.0,0.0,0.0,0.0,3,0.0,10,127,HOU,49.0,0.0,211,0.0,0.204,0.277,Iowa State,275,1,83,15,USA,1997,2004
383,Kendall Gill,Kendall,1610612741,CHI,36.0,56,15,41,0.268,1408.7683333333334,215,548,0.392,9,38,0.237,100,136,0.735,61,129,190,89,83,65,16,31,107,0,539,-258,1060.5,1,0,989.0,248,326,353,406,192,151,140,320,187,184,242,160,159,242,170,219,205,192,170,112,193,287,212,79,164,432,192,178,19,193,1,274,102,361,10.6,0.219,203,1.07,89.3,385,302,0.216,114,-9.2,378,171,99.5,90.3,78.15,237,0.089,2750,99.5,-9.8,167,0.122,233,93.78,10.6,111,0.073,9.8,90.3,360,385,167,11.4,3.8,0.064,0.04,402,203,0.401,93.78,180,261,285,388,0.443,378,124,94.45,99.2,150,149,126,-9.2,124,8.0,0.1,0.385,0.0,16,20.0,3.0,0.382,13.0,325,0.302,53,2.0,6.0,19.0,65,0.496,0.0,0.0,0.421,0.5,131,5.0,0.37,0.0,2.0,67.0,21.0,40,10.0,0.409,0.0,7.0,0.489,193,0.0,1.0,1.0,0.0,0.0,108,0.0,79,65,CHI,36.0,0.0,133,0.0,0.278,0.313,Illinois,216,1,77,5,USA,1990,2004
2570,Kendrick Perkins,Kendrick,1610612738,BOS,19.0,10,4,6,0.4,35.208333333333336,8,15,0.533,0,0,0.0,6,9,0.667,5,9,14,3,5,0,2,1,6,0,22,18,44.3,0,0,43.0,397,394,49,310,412,395,404,15,289,361,289,378,378,309,377,388,391,396,397,419,356,27,31,79,393,143,400,235,19,401,1,1,408,24,18.5,0.281,134,0.6,129.0,3,2,0.27,20,28.7,2,406,97.4,126.0,84.64,353,0.265,73,97.4,21.3,13,0.115,6,101.57,18.5,23,0.125,1.5,126.0,27,3,13,11.1,0.8,0.203,0.143,2,134,0.533,101.57,191,271,45,5,0.58,2,71,95.43,107.7,406,406,387,28.7,1,0.0,0.0,0.0,,2,0.0,0.0,0.333,0.0,3,0.333,6,0.0,0.0,0.0,5,0.833,,,0.0,0.0,6,0.0,0.0,0.0,,2.0,0.0,0,3.0,0.0,,0.0,0.625,0,,,,,,0,,0,5,BOS,5.0,,8,0.0,0.6,0.0,None,280,1,82,27,USA,2003,2004
72,Kenny Anderson,Kenny,1610612754,IND,33.0,44,33,11,0.75,909.9733333333334,113,256,0.441,1,4,0.25,35,48,0.729,19,62,81,125,50,26,5,15,73,0,262,87,589.7,0,0,531.0,298,163,80,15,253,247,250,179,258,274,228,286,285,253,315,312,316,145,246,249,313,184,154,79,256,78,267,235,19,271,1,365,206,312,11.1,0.166,95,2.5,98.4,95,372,0.164,282,3.9,188,77,95.9,99.8,74.64,45,0.072,1709,95.9,2.9,396,0.229,331,89.57,11.0,279,0.076,5.8,99.8,270,95,396,27.6,2.6,0.046,0.021,237,95,0.443,89.57,79,49,271,110,0.473,188,345,90.35,95.5,171,171,200,3.9,45,1.0,0.0,0.333,0.0,17,0.0,0.0,0.357,3.0,126,0.459,37,0.0,1.0,4.0,50,0.562,0.0,0.0,0.25,0.0,89,1.0,0.154,0.0,0.0,30.0,9.0,2,11.0,0.402,0.0,0.0,0.565,97,0.0,0.0,0.0,0.0,0.0,13,0.0,39,52,IND,24.0,0.0,92,0.0,0.458,0.3,Georgia Tech,168,1,73,2,USA,1991,2004
1903,Kenny Thomas,Kenny,1610612755,PHI,26.0,74,31,43,0.419,2703.9983333333334,381,813,0.469,1,5,0.2,243,323,0.752,261,489,750,111,172,82,33,71,219,1,1006,-155,2245.5,34,0,2098.0,131,183,374,293,47,72,78,117,258,263,253,45,47,206,6,18,12,170,55,75,100,412,398,21,75,393,61,13,19,61,1,32,84,133,13.9,0.197,244,0.65,95.9,277,49,0.194,171,-3.3,266,174,100.3,97.1,74.04,343,0.188,5009,100.3,-3.3,417,0.077,35,88.85,13.9,164,0.122,11.0,97.1,203,277,417,8.9,5.1,0.145,0.102,314,244,0.469,88.85,305,330,54,271,0.527,266,369,89.89,99.2,327,327,75,-3.3,92,0.0,0.25,0.0,1.0,58,4.0,0.0,0.359,0.0,256,0.403,144,1.0,0.0,0.0,230,0.564,0.0,0.0,0.0,0.0,408,0.0,0.542,0.25,1.0,71.0,14.0,13,48.0,0.418,0.0,4.0,0.552,158,0.0,0.0,0.0,0.0,0.0,24,0.0,66,239,PHI,122.0,0.0,433,1.0,0.393,0.197,New Mexico,245,1,79,22,USA,1999,2004
2030,Kenyon Martin,Kenyon,1610612751,NJN,26.0,65,41,24,0.631,2258.721666666667,439,900,0.488,7,25,0.28,201,294,0.684,133,484,617,160,168,95,82,63,230,1,1086,197,2429.4,27,0,2224.0,204,84,169,98,93,49,66,63,199,205,210,67,55,295,65,20,29,113,58,43,36,398,412,21,64,42,48,21,19,54,1,44,49,128,12.4,0.249,68,0.95,98.4,76,15,0.246,52,4.9,215,50,93.9,98.9,76.37,267,0.217,4304,93.9,5.1,301,0.134,177,91.64,12.4,49,0.145,13.8,98.9,109,76,301,11.8,6.8,0.14,0.061,238,68,0.492,91.64,167,252,15,76,0.528,215,247,92.15,93.3,253,253,31,4.9,102,3.0,0.2,1.0,1.0,79,20.0,2.0,0.355,1.0,287,0.378,209,4.0,3.0,4.0,251,0.662,0.0,0.0,0.75,0.667,379,1.0,0.426,0.167,2.0,80.0,23.0,23,77.0,0.363,0.0,12.0,0.639,157,0.0,1.0,0.0,0.0,0.0,54,0.0,57,257,NJN,192.0,0.0,402,2.0,0.401,0.288,Cincinnati,234,1,81,1,USA,2000,2004
1721,Keon Clark,Keon,1610612762,UTA,29.0,2,2,0,1.0,28.083333333333332,2,6,0.333,0,0,0.0,0,0,0.0,1,6,7,1,0,1,0,0,1,0,4,14,16.9,0,0,14.0,432,413,1,1,419,420,423,399,289,361,289,425,429,425,413,401,405,413,434,403,398,1,4,79,426,148,419,235,19,422,1,105,334,418,0.0,0.102,1,0.0,82.8,5,31,0.102,432,26.3,416,1,58.0,84.3,71.93,423,0.2,51,58.0,24.6,438,0.063,260,86.31,0.0,429,0.17,3.0,84.3,408,5,438,14.3,1.0,0.119,0.034,426,1,0.333,86.31,347,199,3,3,0.333,416,432,87.03,58.1,1,1,364,26.3,0,0.0,0.0,0.0,,1,0.0,,0.0,0.0,3,1.0,1,0.0,,0.0,1,0.5,,,0.0,,2,0.0,0.0,0.0,,1.0,0.0,0,1.0,0.0,,0.0,0.5,2,,,,,,0,,0,1,UTA,1.0,,2,0.0,1.0,0.0,UNLV,221,1,83,13,USA,1998,2004
954,Kerry Kittles,Kerry,1610612751,NJN,30.0,82,47,35,0.573,2847.3983333333335,434,959,0.453,97,276,0.351,107,136,0.787,56,271,327,206,95,125,40,28,144,0,1072,238,2173.4,0,0,2032.0,3,54,290,132,31,51,51,151,39,38,114,144,159,144,185,82,108,83,150,16,87,263,268,79,66,37,67,235,19,68,1,297,76,135,7.2,0.182,89,2.17,99.4,93,276,0.178,232,4.0,191,67,95.6,99.6,76.83,77,0.097,5479,95.6,4.5,264,0.126,336,92.19,7.2,228,0.106,11.7,99.6,75,93,264,15.6,5.3,0.059,0.02,197,89,0.503,92.19,174,174,115,89,0.526,191,211,92.62,94.9,25,25,70,4.0,137,11.0,0.357,0.4,2.0,22,241.0,5.0,0.396,15.0,346,0.349,63,86.0,18.0,33.0,178,0.65,0.0,0.0,0.333,0.278,274,6.0,0.359,0.347,3.0,70.0,26.0,85,12.0,0.428,0.0,101.0,0.638,229,0.0,2.0,2.0,0.0,0.0,237,0.0,98,178,NJN,36.0,0.0,279,35.0,0.333,0.371,Villanova,180,1,77,8,USA,1996,2004
708,Kevin Garnett,Kevin,1610612750,MIN,28.0,82,58,24,0.707,3235.055,804,1611,0.499,11,43,0.256,368,465,0.791,245,894,1139,409,212,120,178,44,202,0,1987,614,4649.3,71,2,4142.0,3,4,169,38,5,1,1,43,176,171,227,13,13,137,10,1,1,22,17,19,9,339,376,79,1,1,1,1,3,1,1,5,6,65,8.7,0.294,111,1.93,105.9,22,1,0.291,11,9.6,29,78,96.7,106.3,75.9,95,0.265,6150,96.7,10.4,337,0.233,98,91.08,8.7,10,0.222,19.6,106.3,76,22,337,16.7,9.8,0.179,0.082,30,111,0.502,91.08,76,156,1,17,0.547,29,268,91.78,95.5,57,57,1,9.6,397,0.0,0.262,0.0,1.0,140,42.0,0.0,0.443,0.0,896,0.484,289,11.0,0.0,0.0,256,0.668,0.0,0.0,0.0,0.0,383,0.0,0.486,0.286,2.0,306.0,152.0,72,101.0,0.408,0.0,28.0,0.657,461,0.0,0.0,1.0,0.0,0.0,148,0.0,188,283,MIN,234.0,0.0,431,8.0,0.432,0.497,None,240,1,83,5,USA,1995,2004
1563,Kevin Ollie,Kevin,1610612739,CLE,31.0,82,35,47,0.427,1390.5316666666668,95,257,0.37,4,9,0.444,147,176,0.835,23,147,170,234,81,51,8,22,119,0,341,-32,992.0,0,0,867.0,3,139,404,286,193,267,249,373,217,244,18,101,117,70,299,196,228,65,175,162,273,232,232,79,233,255,204,235,19,217,1,295,324,198,12.5,0.138,160,2.89,97.2,199,257,0.134,376,-0.7,257,135,98.0,97.3,76.3,19,0.103,2646,98.0,-0.9,307,0.276,361,91.56,12.5,378,0.098,3.1,97.3,388,199,307,36.1,1.2,0.06,0.017,275,160,0.377,91.56,39,10,150,205,0.51,257,276,91.58,98.1,261,259,342,-0.7,44,0.0,0.444,0.0,0.0,11,9.0,0.0,0.352,0.0,125,0.256,43,4.0,0.0,0.0,36,0.45,0.0,0.0,0.0,0.0,80,0.0,0.375,0.667,0.0,43.0,12.0,9,6.0,0.346,0.0,3.0,0.437,81,0.0,0.0,0.0,0.0,0.0,24,0.0,28,38,CLE,19.0,0.0,87,2.0,0.316,0.279,Connecticut,195,Undrafted,74,Undrafted,USA,Undrafted,2004
788,Kevin Willis,Kevin,1610612759,SAS,41.0,48,32,16,0.667,370.36333333333334,70,150,0.467,0,1,0.0,24,39,0.615,37,61,98,11,32,21,9,7,61,0,164,-33,356.1,0,0,333.0,287,177,112,67,347,302,313,120,289,323,289,311,304,352,252,315,303,364,300,279,262,106,133,79,313,257,324,235,19,323,1,71,326,268,15.2,0.244,181,0.34,98.5,287,91,0.235,62,-3.7,319,173,98.7,95.0,80.35,409,0.164,741,98.7,-0.7,50,0.059,49,96.42,15.1,64,0.086,3.1,95.0,209,287,50,5.2,1.5,0.13,0.097,236,181,0.467,96.42,359,415,215,199,0.491,319,122,94.46,99.2,368,369,306,-3.7,25,0.0,0.0,0.0,0.0,7,1.0,0.0,0.329,0.0,76,0.35,20,0.0,0.0,0.0,38,0.717,0.0,0.0,0.0,0.0,53,0.0,0.333,0.0,0.0,29.0,9.0,1,9.0,0.343,,1.0,0.672,35,0.0,,,0.0,,3,,12,39,SAS,24.0,,58,0.0,0.375,0.31,Michigan State,245,1,84,11,USA,1984,2004
2039,Keyon Dooling,Keyon,1610612746,LAC,24.0,58,16,42,0.276,1131.7366666666667,137,352,0.389,8,46,0.174,78,94,0.83,17,62,79,130,65,45,6,14,108,0,360,-161,737.8,1,0,679.0,238,319,365,400,224,227,209,327,194,166,267,188,210,84,323,312,318,142,207,180,299,172,215,79,226,397,243,178,19,241,1,412,198,339,11.0,0.181,384,2.0,97.6,361,412,0.179,236,-6.9,229,391,105.1,98.2,78.89,90,0.055,2229,105.1,-8.5,125,0.198,376,94.67,11.0,227,0.056,6.1,98.2,359,361,125,22.0,2.4,0.035,0.015,262,384,0.401,94.67,102,88,347,371,0.458,229,117,94.56,106.1,170,170,216,-6.9,58,1.0,0.189,0.2,1.0,23,37.0,0.0,0.335,5.0,173,0.46,50,7.0,3.0,8.0,48,0.578,0.0,0.0,0.125,0.0,83,1.0,0.344,0.192,1.0,35.0,14.0,21,11.0,0.315,0.0,26.0,0.586,111,0.0,0.0,2.0,0.0,0.0,61,0.0,35,51,LAC,29.0,0.0,87,5.0,0.379,0.4,Missouri,190,1,75,10,USA,2000,2004
2550,Kirk Hinrich,Kirk,1610612741,CHI,23.0,76,20,56,0.263,2709.2683333333334,318,823,0.386,144,369,0.39,135,168,0.804,42,217,259,517,204,101,21,50,276,0,915,-253,2163.3,14,1,2079.0,111,286,437,408,46,100,77,340,16,19,54,117,127,120,233,127,163,6,23,32,145,370,436,79,82,431,69,44,7,62,1,364,87,196,12.6,0.183,264,2.53,95.1,304,346,0.182,227,-4.3,277,197,100.8,96.5,77.52,43,0.079,5236,100.8,-4.6,215,0.32,375,93.02,12.6,205,0.093,10.8,96.5,186,304,215,31.9,4.2,0.046,0.015,339,264,0.474,93.02,21,23,178,301,0.51,277,134,94.25,99.7,268,268,107,-4.3,65,30.0,0.385,0.383,1.0,36,296.0,12.0,0.322,47.0,202,0.468,77,114.0,24.0,71.0,73,0.415,0.0,0.0,0.423,0.5,176,18.0,0.409,0.384,5.0,54.0,20.0,92,25.0,0.294,0.0,177.0,0.404,126,0.0,0.0,1.0,0.0,0.0,225,0.0,37,76,CHI,47.0,0.0,188,68.0,0.532,0.37,Kansas,190,1,75,7,USA,2003,2004
2632,Kirk Penney,Kirk,1610612748,MIA,23.0,2,0,2,0.0,17.113333333333333,1,6,0.167,1,3,0.333,0,0,0.0,0,1,1,1,3,1,0,0,1,0,3,-1,5.7,0,0,8.0,432,431,11,431,430,427,423,434,258,286,138,425,429,425,427,427,433,413,405,403,398,1,4,79,430,182,433,235,19,429,1,423,334,433,30.0,0.218,9,0.33,78.3,257,424,0.214,122,-2.6,433,17,79.5,76.9,91.16,410,0.0,39,79.5,-9.0,5,0.083,420,109.39,30.0,115,-0.06,3.0,76.9,429,257,5,10.0,0.5,0.0,0.0,433,9,0.25,109.39,283,301,432,378,0.25,433,4,103.55,87.3,437,437,409,-2.6,0,1.0,0.0,1.0,,0,1.0,0.0,0.0,1.0,3,0.0,0,0.0,1.0,2.0,0,0.0,,,0.5,0.0,0,1.0,0.2,0.0,,0.0,0.0,1,0.0,0.0,,0.0,0.0,1,,,,,,5,,0,0,MIA,0.0,,0,0.0,0.0,0.0,Wisconsin,220,Undrafted,77,Undrafted,USA,Undrafted,2004
977,Kobe Bryant,Kobe,1610612747,LAL,25.0,65,48,17,0.738,2447.4416666666666,516,1178,0.438,71,217,0.327,454,533,0.852,103,256,359,330,171,112,28,69,176,0,1557,309,2731.8,10,1,2597.0,204,50,116,25,74,28,24,192,73,60,154,3,5,54,94,93,91,35,56,23,111,408,327,79,14,27,26,61,7,26,1,247,11,55,8.9,0.286,227,1.93,105.1,64,256,0.281,16,6.1,31,161,100.0,106.1,79.2,94,0.104,4853,100.0,6.2,106,0.237,227,95.04,9.0,15,0.156,18.1,106.1,207,64,106,17.3,7.9,0.073,0.042,43,227,0.468,95.04,73,141,8,61,0.551,31,49,96.0,98.9,69,68,12,6.1,151,10.0,0.345,0.267,7.0,61,177.0,6.0,0.383,15.0,394,0.345,177,61.0,19.0,34.0,233,0.599,0.0,0.0,0.294,0.316,389,4.0,0.366,0.333,9.0,124.0,47.0,56,48.0,0.386,0.0,132.0,0.587,210,0.0,1.0,0.0,0.0,0.0,153,0.0,81,240,LAL,140.0,0.0,409,44.0,0.343,0.379,None,220,1,78,13,USA,1996,2004
703,Kurt Thomas,Kurt,1610612752,NYK,31.0,80,38,42,0.475,2542.445,392,829,0.473,0,3,0.0,106,127,0.835,145,517,662,149,132,56,80,37,298,1,890,-34,2183.9,23,0,1973.0,61,114,365,229,64,66,75,100,289,286,289,146,167,72,57,16,22,122,88,147,37,310,441,21,89,258,65,27,19,73,1,63,93,227,11.3,0.185,272,1.13,100.9,184,30,0.183,213,-0.1,132,274,101.0,100.9,77.3,224,0.201,4899,101.0,-0.4,236,0.098,184,92.75,11.3,199,0.104,10.4,100.9,192,184,236,12.7,4.9,0.133,0.06,133,272,0.473,92.75,235,234,131,189,0.503,132,210,92.65,101.3,187,190,83,-0.1,246,0.0,0.0,0.0,0.0,69,3.0,0.0,0.456,0.0,539,0.473,146,0.0,0.0,0.0,77,0.546,0.0,0.0,0.0,0.0,141,0.0,0.5,0.0,0.0,198.0,87.0,7,52.0,0.464,0.0,3.0,0.552,347,0.0,0.0,0.0,0.0,0.0,14,0.0,161,85,NYK,113.0,0.0,154,0.0,0.46,0.439,TCU,235,1,81,10,USA,1995,2004
2198,Kwame Brown,Kwame,1610612764,WAS,22.0,74,24,50,0.324,2230.0916666666667,288,589,0.489,1,2,0.5,228,334,0.683,178,372,550,112,140,66,52,45,144,0,805,-187,1847.0,18,0,1704.0,131,244,418,364,98,113,128,58,258,305,5,56,42,296,38,39,37,167,81,108,67,342,268,79,107,409,99,35,19,102,1,86,142,67,14.2,0.175,337,0.8,98.0,314,81,0.173,254,-4.6,225,301,102.9,98.4,78.62,309,0.169,4390,102.9,-4.2,145,0.087,101,94.35,14.1,247,0.112,8.0,98.4,116,314,145,11.3,3.9,0.125,0.081,252,337,0.49,94.35,275,267,92,291,0.547,225,100,94.89,102.2,335,337,120,-4.6,26,0.0,1.0,0.0,0.0,55,1.0,0.0,0.277,1.0,94,0.34,162,1.0,0.0,1.0,206,0.622,0.0,0.0,0.0,0.0,331,0.0,0.0,1.0,0.0,73.0,16.0,0,49.0,0.28,0.0,1.0,0.592,25,0.0,0.0,0.0,0.0,0.0,1,0.0,7,215,WAS,126.0,0.0,363,1.0,0.389,0.219,None,248,1,83,1,USA,2001,2004
2594,Kyle Korver,Kyle,1610612755,PHI,23.0,74,28,46,0.378,861.7716666666666,115,327,0.352,81,207,0.391,19,24,0.792,30,81,111,40,41,25,8,16,102,0,330,8,581.2,0,0,628.0,131,206,394,333,260,244,219,389,54,67,52,333,345,136,269,283,291,272,274,258,273,192,202,79,238,159,268,235,19,249,1,271,257,271,9.8,0.201,107,0.98,96.7,203,284,0.194,158,-0.9,307,158,96.5,95.6,78.21,258,0.095,1697,96.5,-2.0,162,0.088,259,93.85,9.8,167,0.057,4.4,95.6,180,203,162,9.6,1.6,0.065,0.035,285,107,0.476,93.85,274,311,345,231,0.489,307,242,92.2,98.8,107,104,294,-0.9,23,31.0,0.391,0.441,1.0,3,128.0,16.0,0.256,34.0,90,0.3,10,50.0,44.0,78.0,8,0.4,0.0,0.0,0.397,0.364,20,15.0,0.393,0.38,1.0,19.0,6.0,57,1.0,0.224,0.0,79.0,0.4,58,0.0,1.0,1.0,0.0,0.0,145,0.0,13,8,PHI,3.0,0.0,20,30.0,0.333,0.316,Creighton,210,2,79,51,USA,2003,2004
1885,Lamar Odom,Lamar,1610612748,MIA,24.0,80,41,39,0.513,3001.9566666666665,485,1127,0.43,61,205,0.298,340,458,0.742,160,616,776,327,236,85,71,89,273,0,1371,60,3024.7,37,1,2847.0,61,84,326,183,18,35,31,210,86,70,189,24,18,229,44,5,10,37,7,65,45,434,433,79,34,100,15,11,7,14,1,61,47,169,12.5,0.246,220,1.39,100.1,153,19,0.243,57,1.2,126,194,99.9,101.1,74.76,163,0.213,5607,99.9,0.5,388,0.203,196,89.71,12.5,56,0.143,14.1,101.1,237,153,388,17.3,6.1,0.133,0.054,160,220,0.457,89.71,99,143,16,168,0.516,126,347,90.27,99.6,259,260,51,1.2,69,10.0,0.28,0.375,1.0,104,182.0,7.0,0.329,8.0,210,0.43,242,51.0,14.0,22.0,251,0.534,0.0,0.0,0.455,0.5,470,3.0,0.329,0.241,1.0,77.0,25.0,50,91.0,0.355,0.0,79.0,0.525,93,0.0,1.0,1.0,0.0,0.0,152,0.0,33,267,MIA,214.0,0.0,509,19.0,0.425,0.325,Rhode Island,225,1,82,4,USA,1999,2004
441,Lamond Murray,Lamond,1610612761,TOR,31.0,33,13,20,0.394,521.325,76,215,0.353,21,60,0.35,24,35,0.686,14,76,90,28,38,15,7,7,47,0,197,-74,375.0,0,0,380.0,337,337,132,321,317,292,268,386,146,158,115,311,312,291,334,292,310,295,279,309,288,106,109,79,296,326,317,235,19,310,1,194,183,383,12.8,0.25,67,0.74,85.3,383,105,0.243,50,-9.1,412,61,93.9,84.8,73.27,319,0.157,962,93.9,-8.9,432,0.121,292,87.93,12.8,55,0.079,6.5,84.8,355,383,432,9.5,2.3,0.09,0.027,420,67,0.402,87.93,183,314,258,375,0.428,412,426,87.58,94.1,285,285,223,-9.1,30,11.0,0.333,0.5,0.0,5,30.0,4.0,0.283,14.0,106,0.417,12,10.0,16.0,30.0,20,0.541,0.0,0.0,0.367,0.25,37,7.0,0.354,0.25,0.0,18.0,5.0,29,4.0,0.263,0.0,8.0,0.553,57,0.0,0.0,0.0,0.0,0.0,82,0.0,15,21,TOR,12.0,0.0,38,2.0,0.333,0.278,California,236,1,79,7,USA,1994,2004
1716,Larry Hughes,Larry,1610612764,WAS,25.0,61,19,42,0.311,2067.365,401,1009,0.397,79,232,0.341,267,335,0.797,96,230,326,148,152,95,26,75,147,0,1148,-195,1972.2,3,0,1943.0,221,294,365,374,117,63,46,306,59,56,126,39,40,132,107,115,109,123,71,43,123,418,277,79,54,411,86,124,19,79,1,229,22,252,10.4,0.277,278,0.97,95.3,323,224,0.273,24,-4.9,287,252,101.1,96.2,78.74,260,0.113,4072,101.1,-5.5,137,0.144,220,94.49,10.4,19,0.112,16.5,96.2,295,323,137,10.1,6.6,0.077,0.044,335,278,0.437,94.49,152,297,86,320,0.496,287,87,95.14,100.7,140,137,34,-4.9,132,14.0,0.337,0.5,0.0,45,193.0,2.0,0.347,24.0,380,0.338,133,65.0,14.0,38.0,145,0.547,0.0,0.0,0.368,0.143,265,12.0,0.369,0.333,0.0,92.0,37.0,76,25.0,0.325,0.333,141.0,0.51,197,0.0,1.0,3.0,0.0,0.0,206,0.0,64,151,WAS,73.0,1.0,296,47.0,0.342,0.402,St. Louis,184,1,77,8,USA,1998,2004
84,Latrell Sprewell,Latrell,1610612750,MIN,33.0,82,58,24,0.707,3100.6683333333335,518,1266,0.409,99,299,0.331,240,295,0.814,56,254,310,286,158,88,21,58,101,1,1375,408,2345.0,0,0,2288.0,3,4,169,38,12,27,19,270,36,31,149,46,53,103,185,96,121,49,63,57,145,384,199,21,32,14,55,235,19,49,1,340,32,260,8.6,0.236,153,1.81,104.2,59,344,0.232,79,6.4,49,91,97.9,104.3,76.24,108,0.079,5925,97.9,7.7,309,0.152,343,91.49,8.6,73,0.1,15.4,104.3,260,59,309,15.5,6.3,0.051,0.019,51,153,0.448,91.49,146,176,142,42,0.493,49,241,92.2,96.5,53,52,44,6.4,249,40.0,0.311,0.338,2.0,63,183.0,16.0,0.412,71.0,605,0.391,161,57.0,41.0,112.0,109,0.537,0.0,0.0,0.357,0.39,203,24.0,0.358,0.264,4.0,203.0,85.0,100,40.0,0.429,0.0,91.0,0.523,359,0.25,1.0,1.0,1.0,0.0,279,0.0,154,114,MIN,110.0,0.0,218,24.0,0.364,0.419,Alabama,195,1,77,24,USA,1992,2004
2544,LeBron James,LeBron,1610612739,CLE,19.0,79,33,46,0.418,3126.865,622,1492,0.417,63,217,0.29,347,460,0.754,99,333,432,465,273,130,58,76,149,0,1654,-144,3160.9,12,0,2990.0,77,163,394,295,9,7,4,247,83,60,198,22,15,200,103,56,65,13,3,14,59,419,282,79,8,388,10,47,19,9,1,262,7,274,11.2,0.28,342,1.7,99.7,237,255,0.276,21,-2.0,118,307,103.4,101.4,77.56,120,0.104,6053,103.4,-2.6,214,0.268,276,93.07,11.3,18,0.123,18.9,101.4,293,237,214,19.2,7.9,0.067,0.031,182,342,0.438,93.07,45,121,49,249,0.488,118,128,94.37,102.3,186,182,13,-2.0,183,20.0,0.287,0.323,3.0,80,150.0,10.0,0.332,31.0,551,0.383,209,43.0,33.0,64.0,296,0.575,0.0,0.0,0.313,0.303,515,10.0,0.382,0.226,4.0,189.0,60.0,89,58.0,0.315,0.0,84.0,0.565,257,0.0,3.0,2.0,0.0,0.0,233,0.0,81,315,CLE,162.0,0.0,558,19.0,0.358,0.317,None,240,1,80,1,USA,2003,2004
2571,Leandro Barbosa,Leandro,1610612756,PHX,21.0,70,25,45,0.357,1500.565,210,470,0.447,83,210,0.395,47,61,0.77,23,100,123,165,120,93,7,35,184,0,550,-110,1125.1,0,0,1121.0,173,228,388,343,180,157,162,165,50,65,48,259,261,165,299,260,277,107,101,45,288,304,345,79,161,362,183,235,19,172,1,391,177,52,15.3,0.183,348,1.38,99.6,265,391,0.181,225,-2.9,138,342,103.6,100.8,80.12,166,0.067,2994,103.6,-3.9,57,0.175,371,96.14,15.4,214,0.07,6.7,100.8,25,265,57,21.1,3.0,0.041,0.015,184,348,0.535,96.14,120,100,296,286,0.553,138,25,96.71,103.6,374,374,167,-2.9,10,21.0,0.4,0.37,0.0,5,155.0,11.0,0.192,27.0,52,0.192,26,62.0,28.0,55.0,112,0.615,0.0,0.0,0.382,0.393,182,10.0,0.446,0.284,0.0,18.0,3.0,62,2.0,0.25,0.0,88.0,0.604,20,0.0,0.0,0.0,0.0,0.0,139,0.0,5,113,PHX,18.0,0.0,187,25.0,0.111,0.167,None,176,1,75,28,Brazil,2003,2004
1924,Lee Nailon,Lee,1610612739,CLE,29.0,57,22,35,0.386,778.8716666666667,147,327,0.45,0,3,0.0,47,58,0.81,64,79,143,38,45,15,8,16,93,0,341,-186,593.6,0,0,568.0,244,261,290,329,270,215,219,154,289,286,289,259,270,110,165,286,254,276,258,309,273,192,189,79,233,408,266,235,19,262,3,187,209,287,10.3,0.228,416,0.84,94.3,407,239,0.222,95,-12.4,320,420,107.4,95.0,78.09,297,0.108,1522,107.4,-14.7,173,0.09,106,93.7,10.3,98,0.076,5.7,95.0,255,407,173,8.7,2.6,0.093,0.08,355,416,0.45,93.7,268,334,276,417,0.484,320,169,93.4,109.0,135,136,198,-12.4,61,0.0,0.0,0.0,1.0,33,0.0,0.0,0.396,1.0,154,0.413,80,0.0,1.0,2.0,53,0.589,0.0,0.0,0.0,0.0,90,0.0,0.333,0.0,1.0,61.0,26.0,2,29.0,0.352,0.0,0.0,0.562,88,0.0,0.0,0.0,0.0,0.0,6,0.0,31,59,CLE,66.0,0.0,105,0.0,0.439,0.426,TCU,238,2,81,43,USA,1999,2004
1910,Leon Smith,Leon,1610612760,SEA,23.0,1,0,1,0.0,3.55,1,2,0.5,0,0,0.0,0,0,0.0,1,1,2,0,0,0,0,0,1,0,2,1,4.4,0,0,4.0,440,431,4,431,441,427,437,39,289,361,289,425,429,425,413,427,429,426,434,419,398,1,4,79,433,174,435,235,19,437,1,423,392,237,0.0,0.286,4,0.0,100.0,4,424,0.286,17,28.6,176,10,71.4,100.0,73.24,423,0.0,6,71.4,16.7,433,0.0,420,87.89,0.0,12,0.125,2.0,100.0,79,4,433,0.0,1.0,0.0,0.0,165,4,0.5,87.89,426,426,45,7,0.5,176,440,81.13,83.3,1,1,364,28.6,0,0.0,,0.0,,0,,,0.0,0.0,0,0.0,1,,,0.0,1,1.0,,,0.0,,1,0.0,0.0,,,,,0,0.0,0.0,,,1.0,0,,,,,,0,,0,1,SEA,1.0,,1,,0.0,,None,235,1,82,29,USA,1999,2004
283,Lindsey Hunter,Lindsey,1610612765,DET,33.0,33,24,9,0.727,653.2883333333333,49,143,0.343,14,50,0.28,5,8,0.625,13,54,67,85,34,39,6,5,45,0,117,116,425.9,0,0,373.0,337,244,70,32,297,333,316,395,167,163,210,381,380,350,337,321,332,196,291,197,299,75,106,79,338,65,307,235,19,316,1,333,264,396,12.8,0.13,15,2.5,96.3,20,337,0.125,392,9.7,329,14,84.9,94.6,77.42,45,0.081,1261,84.9,10.2,219,0.216,330,92.91,12.8,394,0.078,4.3,94.6,376,20,219,32.1,1.5,0.052,0.021,296,15,0.392,92.91,91,22,266,20,0.399,329,282,91.49,86.1,284,282,300,9.7,18,10.0,0.174,0.333,0.0,3,23.0,4.0,0.333,18.0,54,0.375,8,4.0,9.0,27.0,14,0.452,0.0,0.0,0.37,0.444,31,6.0,0.349,0.176,0.0,14.0,5.0,15,1.0,0.333,0.0,17.0,0.452,33,0.0,0.0,0.0,0.0,0.0,43,0.0,11,14,DET,5.0,0.0,31,3.0,0.2,0.357,Jackson State,195,1,74,10,USA,1993,2004
2669,Linton Johnson,Linton,1610612741,CHI,24.0,41,12,29,0.293,732.4466666666667,72,203,0.355,7,33,0.212,22,37,0.595,59,124,183,27,37,37,32,12,90,0,173,-151,603.1,2,0,528.0,313,350,233,387,280,296,275,384,199,192,252,320,309,367,178,224,213,300,284,202,104,153,182,79,308,391,265,146,19,272,1,118,236,399,13.1,0.154,157,0.73,87.9,391,85,0.15,325,-9.8,395,139,98.0,88.1,80.2,321,0.166,1465,98.0,-10.3,54,0.065,145,96.24,13.1,326,0.064,5.0,88.1,392,391,54,9.6,1.8,0.115,0.07,409,157,0.372,96.24,342,312,320,395,0.394,395,38,96.26,98.2,294,293,273,-9.8,24,3.0,0.211,0.2,1.0,2,19.0,2.0,0.273,5.0,88,0.125,16,4.0,8.0,13.0,39,0.591,0.0,0.0,0.231,0.25,66,1.0,0.395,0.083,1.0,13.0,0.0,17,2.0,0.255,0.0,12.0,0.591,51,0.0,0.0,0.0,0.0,0.0,43,0.0,13,39,CHI,17.0,0.0,66,1.0,0.118,0.0,Tulane,205,Undrafted,80,Undrafted,USA,Undrafted,2004
2437,Lonny Baxter,Lonny,1610612764,WAS,25.0,62,21,41,0.339,764.0633333333334,103,209,0.493,1,3,0.333,44,76,0.579,64,123,187,20,38,17,29,27,123,0,251,-95,605.4,1,0,551.0,216,276,353,353,274,260,271,56,258,286,138,264,242,377,165,225,209,324,279,296,109,256,236,79,265,351,264,178,19,265,3,95,309,162,12.6,0.174,118,0.53,92.3,336,99,0.168,259,-5.7,372,177,96.8,91.1,77.11,370,0.159,1467,96.8,-7.0,246,0.05,84,92.54,12.7,263,0.076,3.4,91.1,95,336,246,6.7,1.7,0.123,0.085,380,118,0.495,92.54,386,386,275,351,0.518,372,320,90.82,99.3,272,270,284,-5.7,15,1.0,0.0,0.0,0.0,14,1.0,1.0,0.341,1.0,44,0.389,36,0.0,1.0,2.0,73,0.579,0.0,0.0,0.5,1.0,126,0.0,0.5,0.0,0.0,13.0,2.0,2,12.0,0.429,0.0,0.0,0.568,28,0.0,0.0,0.0,0.0,0.0,4,0.0,12,75,WAS,32.0,0.0,132,0.0,0.375,0.154,Maryland,260,2,80,43,USA,2002,2004
2254,Loren Woods,Loren,1610612748,MIA,26.0,38,13,25,0.342,502.09166666666664,44,96,0.458,0,0,0.0,33,55,0.6,65,69,134,10,26,11,19,15,52,0,121,-23,360.8,0,0,325.0,323,337,182,351,325,338,347,141,289,361,289,289,275,360,160,305,262,368,319,337,166,184,121,79,334,235,323,235,19,327,1,51,368,224,16.6,0.139,115,0.38,94.8,270,130,0.135,372,-3.0,347,151,96.7,93.7,73.65,403,0.149,927,96.7,-3.7,429,0.036,10,88.38,16.5,373,0.081,2.5,93.7,235,270,429,6.3,1.2,0.137,0.127,345,115,0.458,88.38,409,396,247,281,0.503,347,429,87.09,98.5,392,396,343,-3.0,2,0.0,0.0,0.0,0.0,5,0.0,0.0,0.111,0.0,18,0.357,14,0.0,0.0,0.0,37,0.578,0.0,0.0,0.0,0.0,64,0.0,0.0,0.0,0.0,6.0,1.0,0,4.0,0.167,0.0,0.0,0.578,12,0.0,0.0,0.0,0.0,0.0,1,0.0,2,37,MIA,13.0,0.0,64,0.0,0.308,0.167,Arizona,261,2,86,45,USA,2001,2004
953,Lorenzen Wright,Lorenzen,1610612763,MEM,28.0,65,38,27,0.585,1677.1533333333334,257,586,0.439,0,5,0.0,96,131,0.733,144,301,445,71,77,45,58,47,192,0,610,9,1482.5,10,0,1332.0,204,114,209,123,157,131,131,189,289,263,289,167,163,248,59,69,61,212,186,180,59,353,364,79,144,157,127,61,19,135,1,59,117,307,9.7,0.197,247,0.92,100.7,175,52,0.194,170,0.2,147,205,100.4,100.7,76.88,271,0.186,3224,100.4,0.8,260,0.072,81,92.26,9.7,165,0.095,9.0,100.7,288,175,260,8.9,4.0,0.135,0.086,137,247,0.439,92.26,322,331,170,159,0.474,147,223,92.48,99.9,95,95,117,0.2,82,0.0,0.0,0.0,1.0,58,4.0,0.0,0.337,0.0,243,0.446,130,0.0,0.0,0.0,117,0.563,0.0,0.0,0.0,0.0,208,0.0,0.333,0.0,2.0,106.0,38.0,3,48.0,0.35,0.0,1.0,0.548,137,0.0,0.0,0.0,0.0,0.0,9,0.0,48,120,MEM,112.0,0.0,219,0.0,0.429,0.358,Memphis,240,1,83,7,USA,1996,2004
446,Lucious Harris,Lucious,1610612751,NJN,33.0,69,42,27,0.609,1504.525,187,463,0.404,38,101,0.376,66,78,0.846,39,101,140,135,53,41,2,17,74,0,478,72,924.5,1,0,877.0,177,74,209,112,179,177,167,284,121,126,70,211,237,60,244,254,257,137,238,194,356,199,156,79,183,90,213,178,19,214,1,353,178,294,7.7,0.175,78,2.55,98.5,123,387,0.17,255,2.5,243,80,95.1,97.6,76.18,41,0.069,2865,95.1,2.9,314,0.154,288,91.42,7.8,257,0.085,6.7,97.6,268,123,314,19.8,2.7,0.049,0.028,235,78,0.445,91.42,140,117,221,109,0.481,243,325,90.79,95.6,35,35,186,2.5,98,11.0,0.365,0.667,0.0,13,74.0,5.0,0.356,9.0,275,0.448,29,27.0,18.0,27.0,38,0.655,0.0,0.0,0.407,0.278,58,6.0,0.395,0.31,0.0,38.0,13.0,62,9.0,0.357,0.0,29.0,0.619,154,0.0,0.0,1.0,0.0,0.0,157,0.0,55,39,NJN,21.0,0.0,63,9.0,0.429,0.342,Long Beach State,205,2,77,28,USA,1993,2004
2557,Luke Ridnour,Luke,1610612760,SEA,23.0,69,29,40,0.42,1112.7166666666667,145,350,0.414,27,80,0.338,65,79,0.823,35,73,108,163,80,52,7,22,105,0,382,-153,853.1,1,0,798.0,177,195,338,291,226,218,210,255,136,137,134,217,236,92,256,296,294,109,177,159,288,232,208,79,214,392,225,178,19,222,1,350,230,251,12.7,0.193,344,2.04,96.6,370,377,0.187,184,-7.5,291,347,103.5,96.0,77.38,87,0.07,2157,103.5,-7.2,223,0.266,278,92.85,12.7,188,0.087,5.1,96.0,249,370,223,26.0,2.1,0.049,0.03,288,344,0.453,92.85,47,61,204,356,0.496,291,228,92.43,103.8,279,277,240,-7.5,58,10.0,0.279,0.143,1.0,10,61.0,9.0,0.387,7.0,150,0.256,39,17.0,11.0,18.0,50,0.617,0.0,0.0,0.556,0.818,81,1.0,0.373,0.275,1.0,25.0,7.0,28,7.0,0.419,0.0,40.0,0.576,93,0.0,0.0,0.0,0.0,0.0,75,0.0,39,53,SEA,24.0,0.0,92,11.0,0.292,0.28,Oregon,175,1,74,14,USA,2003,2004
2575,Luke Walton,Luke,1610612747,LAL,24.0,72,50,22,0.694,717.955,65,153,0.425,13,39,0.333,31,44,0.705,39,88,127,113,44,28,8,9,70,0,174,40,559.9,0,0,499.0,147,34,149,48,286,313,310,227,168,180,138,295,295,280,244,277,273,164,264,242,273,122,148,79,307,116,278,235,19,281,1,190,389,217,13.4,0.139,151,2.57,101.4,109,183,0.135,375,3.2,124,210,97.9,101.1,78.03,37,0.13,1398,97.9,1.4,177,0.246,197,93.63,13.3,372,0.099,2.1,101.1,208,109,177,34.2,0.9,0.091,0.054,117,151,0.467,93.63,66,16,147,143,0.505,124,227,92.46,100.0,305,307,375,3.2,16,4.0,0.346,0.4,1.0,7,26.0,0.0,0.34,10.0,47,0.467,15,9.0,2.0,12.0,29,0.558,0.0,0.0,0.333,0.0,52,4.0,0.4,0.333,1.0,14.0,8.0,12,4.0,0.241,0.0,15.0,0.558,29,0.0,0.0,0.0,0.0,0.0,30,0.0,7,29,LAL,12.0,0.0,52,5.0,0.333,0.571,Arizona,235,2,80,32,USA,2003,2004
2573,Maciej Lampe,Maciej,1610612756,PHX,19.0,21,9,12,0.429,224.92166666666665,43,88,0.489,0,4,0.0,10,13,0.769,9,35,44,9,15,3,3,2,28,0,96,-57,165.3,0,0,161.0,365,368,86,281,365,339,351,59,289,274,289,367,369,166,355,347,354,372,356,383,342,45,76,79,348,296,361,235,19,361,1,170,270,182,12.7,0.218,427,0.6,98.7,403,123,0.214,118,-12.2,245,428,109.7,97.6,80.38,353,0.152,451,109.7,-11.8,48,0.069,224,96.46,12.7,117,0.077,4.2,97.6,124,403,48,7.6,2.0,0.1,0.043,225,427,0.489,96.46,328,368,270,401,0.512,245,64,95.57,110.5,276,276,247,-12.2,26,0.0,0.0,0.0,0.0,5,2.0,0.0,0.491,2.0,53,0.455,11,0.0,0.0,2.0,12,0.6,0.0,0.0,0.0,0.0,20,0.0,0.556,0.0,0.0,11.0,3.0,5,4.0,0.474,,1.0,0.591,38,0.0,0.0,,0.0,0.0,9,0.0,18,13,PHX,7.0,,22,0.0,0.571,0.273,None,240,2,83,30,Poland,2003,2004
2124,Malik Allen,Malik,1610612748,MIA,26.0,45,20,25,0.444,615.7333333333333,83,198,0.419,0,0,0.0,25,33,0.758,42,77,119,16,27,12,28,10,81,0,191,-60,450.8,0,0,406.0,295,286,182,263,303,280,283,239,289,361,289,309,317,193,233,289,280,343,317,325,111,133,168,79,300,303,302,235,19,302,1,174,259,351,10.6,0.187,252,0.59,97.1,337,187,0.18,205,-5.7,325,240,100.5,94.8,75.16,358,0.127,1160,100.5,-3.5,366,0.049,151,90.19,10.5,217,0.058,4.4,94.8,332,337,366,6.2,1.8,0.098,0.07,281,252,0.419,90.19,389,398,341,275,0.449,325,396,89.11,100.6,145,147,264,-5.7,55,0.0,0.0,0.0,0.0,16,0.0,0.0,0.396,0.0,139,0.457,35,0.0,0.0,0.0,12,0.5,0.0,0.0,0.0,0.0,24,0.0,0.5,0.0,0.0,34.0,14.0,6,9.0,0.389,0.0,0.0,0.515,95,0.0,0.0,0.0,0.0,0.0,12,0.0,37,17,MIA,24.0,0.0,33,0.0,0.375,0.412,Villanova,255,Undrafted,82,Undrafted,USA,Undrafted,2004
990,Malik Rose,Malik,1610612759,SAS,29.0,67,44,23,0.657,1253.625,173,404,0.428,0,3,0.0,183,225,0.813,110,210,320,69,112,36,24,40,164,1,529,105,1084.5,6,0,1038.0,191,62,157,80,209,189,186,214,289,286,289,77,86,104,88,135,114,219,115,209,131,324,306,21,170,70,187,86,19,182,1,75,200,136,16.4,0.224,60,0.62,98.9,79,89,0.219,103,4.7,230,57,93.4,98.1,77.71,350,0.165,2430,93.4,5.2,201,0.1,71,93.25,16.3,103,0.106,6.0,98.1,318,79,201,10.1,2.6,0.128,0.089,217,60,0.428,93.25,234,299,112,75,0.526,230,204,92.71,93.8,389,389,197,4.7,54,0.0,0.0,0.0,1.0,21,2.0,0.0,0.331,0.0,163,0.356,59,0.0,0.0,0.0,98,0.547,0.0,0.0,0.0,0.0,179,0.0,0.333,0.0,1.0,39.0,10.0,5,16.0,0.372,0.0,2.0,0.529,113,0.0,0.0,0.0,0.0,0.0,15,0.0,42,100,SAS,45.0,0.0,189,0.0,0.356,0.256,Drexel,255,2,79,44,USA,1996,2004
2055,Mamadou N'diaye,Mamadou,1610612737,ATL,29.0,28,11,17,0.393,370.7183333333333,27,69,0.391,0,0,0.0,44,59,0.746,43,69,112,0,18,8,25,12,59,0,98,-46,313.4,0,0,276.0,349,355,116,323,346,357,362,323,289,361,289,264,269,225,230,305,288,426,344,351,128,153,131,79,347,279,337,235,19,338,2,29,372,168,15.9,0.137,394,0.0,103.5,338,61,0.133,377,-5.7,180,396,105.6,99.9,79.31,423,0.183,733,105.6,-3.2,97,0.0,23,95.17,15.7,379,0.065,2.5,99.9,377,338,97,0.0,1.0,0.146,0.11,60,394,0.391,95.17,426,426,317,269,0.516,180,187,93.02,106.7,381,385,371,-5.7,1,0.0,0.0,0.0,,1,0.0,0.0,0.111,0.0,9,0.071,14,0.0,0.0,0.0,25,0.543,,,0.0,0.0,46,0.0,0.0,0.0,0.0,4.0,0.0,0,1.0,0.25,0.0,0.0,0.532,4,0.0,0.0,0.0,0.0,0.0,1,0.0,1,25,ATL,13.0,0.0,47,0.0,0.077,0.0,Auburn,255,1,84,26,Senegal,2000,2004
1938,Manu Ginobili,Manu,1610612759,SAS,26.0,77,53,24,0.688,2254.65,330,789,0.418,88,245,0.359,239,298,0.802,86,258,344,291,161,136,16,46,181,0,987,406,2131.3,3,0,2014.0,102,27,169,52,95,94,85,241,46,50,104,48,51,121,125,90,99,48,61,11,193,346,340,79,77,16,71,124,19,70,1,233,94,98,11.7,0.217,50,1.81,101.5,28,223,0.211,124,8.9,108,41,92.9,101.8,77.06,109,0.114,4353,92.9,8.7,250,0.218,243,92.47,11.9,127,0.136,10.2,101.8,185,28,250,21.5,4.3,0.076,0.038,110,50,0.474,92.47,89,95,30,28,0.536,108,213,92.61,92.8,231,220,105,8.9,51,26.0,0.369,0.391,6.0,30,168.0,8.0,0.329,46.0,155,0.303,99,62.0,25.0,71.0,161,0.555,0.0,0.0,0.366,0.32,290,18.0,0.372,0.31,8.0,50.0,15.0,73,22.0,0.388,0.0,71.0,0.544,67,0.0,1.0,0.0,0.0,0.0,196,0.0,26,172,SAS,80.0,0.0,316,22.0,0.275,0.3,None,210,2,78,57,Argentina,1999,2004
1531,Marc Jackson,Marc,1610612755,PHI,29.0,22,10,12,0.455,597.125,71,171,0.415,0,1,0.0,64,81,0.79,45,81,126,18,24,12,6,20,45,0,206,-38,414.2,1,0,386.0,360,365,86,242,305,299,300,254,289,323,289,222,231,141,221,283,274,335,324,325,299,219,106,79,289,261,311,178,19,308,1,137,145,240,9.7,0.182,209,0.75,95.6,240,132,0.181,233,-2.1,250,196,99.6,97.5,74.39,315,0.146,1103,99.6,-4.1,407,0.054,124,89.27,9.6,213,0.09,7.8,97.5,340,240,407,7.2,3.2,0.109,0.074,323,209,0.415,89.27,368,376,187,288,0.498,250,362,90.06,99.7,85,90,159,-2.1,23,0.0,0.0,0.0,1.0,6,0.0,0.0,0.365,0.0,63,0.25,24,0.0,0.0,0.0,42,0.506,0.0,0.0,0.0,0.0,83,0.0,0.333,0.0,1.0,29.0,9.0,1,1.0,0.424,0.0,0.0,0.495,33,0.0,0.0,0.0,0.0,0.0,3,0.0,14,46,PHI,12.0,0.0,93,0.0,0.083,0.31,Temple,253,2,82,37,USA,1997,2004
2556,Marcus Banks,Marcus,1610612738,BOS,22.0,81,35,46,0.432,1377.5166666666667,177,442,0.4,27,86,0.314,99,131,0.756,30,103,133,175,125,88,13,42,171,0,480,-117,1080.1,0,0,1017.0,43,139,394,277,197,186,172,299,136,134,167,162,163,198,269,252,264,100,97,57,222,332,319,79,182,364,188,235,19,186,1,354,218,295,15.6,0.206,196,1.4,97.5,291,368,0.2,148,-3.8,314,217,99.2,95.4,80.54,161,0.073,2767,99.2,-2.7,41,0.226,319,96.64,15.5,150,0.069,5.5,95.4,311,291,41,21.8,2.2,0.049,0.023,265,196,0.431,96.64,82,91,302,250,0.48,314,86,95.15,100.2,380,380,230,-3.8,50,4.0,0.303,0.667,0.0,18,76.0,0.0,0.357,6.0,140,0.353,51,23.0,4.0,10.0,82,0.497,0.0,0.0,0.4,0.0,165,4.0,0.367,0.319,1.0,31.0,12.0,29,12.0,0.342,0.0,47.0,0.48,79,0.0,0.0,2.0,0.0,0.0,79,0.0,27,82,BOS,32.0,0.0,171,15.0,0.375,0.387,UNLV,200,1,74,13,USA,2003,2004
948,Marcus Camby,Marcus,1610612743,DEN,30.0,72,36,36,0.5,2164.3983333333335,262,549,0.477,0,2,0.0,98,136,0.721,211,516,727,132,98,86,187,23,239,1,622,71,2413.4,19,0,2027.0,147,133,297,194,103,127,138,85,289,305,289,164,159,263,20,17,16,140,144,61,7,237,416,21,141,93,49,31,19,69,1,8,148,189,11.7,0.143,297,1.35,102.8,124,4,0.142,362,2.5,51,263,101.6,104.1,79.29,172,0.244,4273,101.6,1.8,98,0.092,47,95.15,11.7,357,0.124,7.6,104.1,168,124,98,15.7,3.6,0.169,0.097,70,297,0.477,95.15,259,173,47,136,0.511,51,45,96.06,101.0,217,215,135,2.5,78,0.0,0.0,0.0,0.0,31,2.0,0.0,0.363,0.0,215,0.419,74,0.0,0.0,0.0,153,0.593,0.0,0.0,0.0,0.0,258,0.0,0.368,0.0,0.0,58.0,21.0,7,16.0,0.373,0.0,1.0,0.591,158,0.0,1.0,0.0,0.0,0.0,19,0.0,59,159,DEN,43.0,0.0,269,0.0,0.372,0.362,Massachusetts,225,1,83,2,USA,1996,2004
2033,Marcus Fizer,Marcus,1610612741,CHI,25.0,46,13,33,0.283,741.3,134,350,0.383,2,17,0.118,90,120,0.75,61,141,202,43,51,16,8,17,97,0,360,-86,687.9,4,0,655.0,292,337,273,397,279,229,210,349,236,220,283,173,173,209,170,204,197,268,242,303,273,199,193,79,226,342,249,111,19,244,1,69,151,354,10.3,0.266,296,0.84,95.7,345,36,0.264,33,-5.9,301,305,101.6,95.7,80.91,298,0.198,1501,101.6,-6.5,35,0.106,125,97.09,10.2,28,0.089,7.6,95.7,383,345,35,8.6,2.9,0.131,0.074,317,296,0.386,97.09,212,335,193,341,0.447,301,24,96.74,102.3,126,130,174,-5.9,40,0.0,0.143,0.0,1.0,23,14.0,0.0,0.286,1.0,140,0.383,60,2.0,1.0,2.0,69,0.519,0.0,0.0,0.0,0.0,133,0.0,0.077,0.286,2.0,52.0,12.0,1,22.0,0.308,0.0,7.0,0.51,78,0.0,2.0,0.0,0.0,0.0,13,0.0,24,73,CHI,53.0,0.0,143,2.0,0.415,0.231,Iowa State,260,1,80,4,USA,2000,2004
2409,Marcus Haislip,Marcus,1610612749,MIL,23.0,31,14,17,0.452,262.12166666666667,36,74,0.486,1,2,0.5,20,28,0.714,21,32,53,4,9,6,12,4,25,0,93,22,207.6,0,0,187.0,344,329,116,250,360,349,358,65,258,305,5,328,329,269,307,352,347,389,375,362,231,64,73,79,353,136,355,235,19,357,1,173,376,90,9.1,0.16,245,0.44,105.6,80,220,0.156,301,4.7,45,338,100.4,105.0,82.18,390,0.116,537,100.4,2.2,27,0.024,102,98.61,9.1,305,0.079,2.4,105.0,103,80,27,4.0,1.2,0.099,0.08,33,245,0.493,98.61,421,420,254,126,0.539,45,18,96.89,103.4,73,72,340,4.7,8,1.0,0.0,0.0,,3,1.0,1.0,0.333,0.0,24,0.25,12,0.0,1.0,1.0,24,0.667,,,1.0,1.0,36,0.0,1.0,0.0,0.0,12.0,3.0,1,5.0,0.333,,1.0,0.649,9,0.0,0.0,,0.0,0.0,1,0.0,3,24,MIL,14.0,,37,0.0,0.357,0.25,Tennessee,230,1,82,13,USA,2002,2004
1548,Mark Blount,Mark,1610612738,BOS,28.0,82,36,46,0.439,2405.115,342,604,0.566,0,0,0.0,159,221,0.719,207,382,589,75,150,80,106,44,253,0,843,-38,2070.3,19,0,1879.0,3,133,394,267,79,87,123,7,289,361,289,92,90,264,22,36,33,207,73,80,23,339,425,79,97,261,78,31,19,85,1,90,158,14,16.2,0.161,291,0.5,100.9,197,104,0.159,295,-0.7,133,238,101.5,100.9,79.18,374,0.157,4758,101.5,0.4,107,0.053,74,95.02,16.2,295,0.105,7.4,100.9,11,197,107,8.1,4.2,0.124,0.089,131,291,0.566,95.02,375,349,123,172,0.601,133,70,95.46,100.6,386,388,108,-0.7,83,0.0,0.0,0.0,0.0,45,0.0,0.0,0.474,0.0,175,0.464,97,0.0,0.0,0.0,214,0.645,0.0,0.0,0.0,0.0,332,0.0,0.6,0.0,0.0,76.0,35.0,3,34.0,0.489,0.0,0.0,0.635,94,0.0,0.0,0.0,0.0,0.0,5,0.0,46,224,BOS,76.0,0.0,353,0.0,0.447,0.461,Pittsburgh,250,2,84,54,USA,1997,2004
349,Mark Jackson,Mark,1610612745,HOU,39.0,42,22,20,0.524,578.8766666666667,34,100,0.34,7,41,0.171,28,39,0.718,10,60,70,119,53,17,1,5,41,0,103,8,366.5,0,0,335.0,305,261,132,174,307,351,340,396,199,175,268,304,304,265,349,316,326,159,238,296,378,75,98,79,345,159,320,235,19,322,1,266,377,366,18.3,0.142,114,2.25,97.7,191,233,0.139,367,-0.2,279,132,96.7,96.5,76.18,69,0.109,1108,96.7,-0.3,315,0.336,340,91.42,18.2,365,0.078,2.4,96.5,389,191,315,40.9,0.8,0.066,0.019,260,114,0.375,91.42,14,2,259,186,0.44,279,348,90.27,98.0,404,404,386,-0.2,5,1.0,0.182,0.2,0.0,8,33.0,0.0,0.333,5.0,15,0.471,17,6.0,3.0,8.0,14,0.519,0.0,0.0,0.125,0.0,27,1.0,0.118,0.217,2.0,4.0,0.0,2,7.0,0.556,0.0,23.0,0.536,9,0.0,,1.0,0.0,,17,,5,15,HOU,16.0,0.0,28,5.0,0.438,0.0,St. John's (NY),195,1,75,18,USA,1987,2004
2058,Mark Madsen,Mark,1610612750,MIN,28.0,72,50,22,0.694,1242.8566666666666,101,204,0.495,0,6,0.0,57,118,0.483,134,138,272,28,47,33,18,28,175,1,259,154,733.4,0,0,661.0,147,34,149,48,214,261,274,49,289,260,289,239,176,410,64,207,145,295,254,219,174,263,325,21,260,54,244,235,19,243,1,135,350,213,14.2,0.113,86,0.6,102.8,52,227,0.112,421,6.7,95,84,95.5,102.2,75.92,357,0.112,2357,95.5,6.8,335,0.034,31,91.11,14.0,418,0.042,2.8,102.2,96,52,335,8.3,1.4,0.11,0.107,69,86,0.495,91.11,410,342,382,53,0.506,95,335,90.54,96.1,333,339,313,6.7,3,0.0,0.0,0.0,3.0,13,3.0,0.0,0.158,0.0,19,0.283,46,0.0,0.0,0.0,85,0.639,0.0,0.0,0.0,0.0,133,0.0,0.0,0.0,3.0,12.0,2.0,0,10.0,0.4,0.0,1.0,0.617,5,0.0,1.0,0.0,0.0,0.0,3,0.0,2,87,MIN,38.0,0.0,141,0.0,0.263,0.167,Stanford,245,1,81,29,USA,2000,2004
998,Mark Pope,Mark,1610612743,DEN,31.0,4,3,1,0.75,19.948333333333334,1,2,0.5,0,0,0.0,0,1,0.0,0,3,3,0,3,1,0,0,8,0,2,-20,5.6,0,0,7.0,422,404,4,15,426,427,437,39,289,361,289,425,425,425,427,416,425,426,405,403,398,1,40,79,433,227,434,235,19,432,1,423,438,391,55.1,0.119,149,0.0,55.2,436,424,0.104,411,-45.5,439,400,97.7,52.3,88.23,423,0.0,44,97.7,-51.9,10,0.0,420,105.87,60.0,424,-0.184,0.5,52.3,79,436,10,0.0,0.3,0.0,0.0,438,149,0.5,105.87,426,426,440,437,0.41,439,10,98.37,107.2,440,440,433,-45.5,0,0.0,0.0,,,0,0.0,0.0,0.0,,0,0.0,1,0.0,0.0,0.0,1,1.0,,,0.0,0.0,1,,0.0,0.0,,0.0,0.0,0,0.0,0.0,,0.0,1.0,0,,,,,,0,,0,1,DEN,1.0,,1,0.0,0.0,0.0,Kentucky,235,2,82,52,USA,1996,2004
2060,Marko Jaric,Marko,1610612746,LAC,25.0,58,25,33,0.431,1760.2383333333332,185,477,0.388,51,150,0.34,74,101,0.733,44,131,175,281,115,93,20,21,132,0,495,-92,1350.5,1,0,1228.0,238,228,273,279,150,181,159,331,99,96,128,198,199,249,226,214,220,50,111,45,152,226,248,79,177,345,149,178,19,154,1,342,136,306,12.5,0.159,397,2.44,101.2,261,353,0.157,309,-2.7,81,388,105.8,103.1,77.74,53,0.078,3421,105.8,-4.5,198,0.258,304,93.29,12.5,300,0.083,8.2,103.1,279,261,198,30.6,3.2,0.051,0.025,121,397,0.441,93.29,56,29,234,300,0.475,81,136,94.14,105.8,264,263,160,-2.7,50,4.0,0.351,0.2,3.0,14,134.0,2.0,0.333,10.0,150,0.452,31,47.0,3.0,13.0,70,0.479,0.0,0.0,0.308,0.667,146,2.0,0.361,0.371,3.0,27.0,12.0,44,4.0,0.25,0.0,89.0,0.487,64,0.0,2.0,1.0,0.0,1.0,122,0.5,16,75,LAC,15.0,0.0,154,33.0,0.267,0.444,None,217,2,77,30,Serbia,2000,2004
2605,Marquis Daniels,Marquis,1610612742,DAL,23.0,56,32,24,0.571,1033.9666666666667,203,411,0.494,11,36,0.306,60,78,0.769,66,80,146,116,44,53,12,28,51,0,477,13,977.2,0,0,880.0,248,177,169,134,233,163,181,51,176,186,174,229,237,166,158,285,249,161,264,158,231,263,119,79,184,150,207,235,19,213,1,255,159,101,7.3,0.208,421,2.64,110.6,174,350,0.203,145,0.3,18,410,108.7,108.9,80.37,35,0.078,2081,108.7,2.4,49,0.168,167,96.44,7.2,145,0.11,7.3,108.9,65,174,49,19.1,3.6,0.071,0.063,8,421,0.507,96.44,127,122,103,123,0.536,18,52,95.92,108.2,28,28,136,0.3,34,2.0,0.346,0.25,1.0,41,26.0,1.0,0.382,4.0,89,0.41,100,9.0,5.0,9.0,117,0.629,0.0,0.0,0.222,0.2,186,1.0,0.405,0.125,1.0,51.0,19.0,17,24.0,0.349,0.0,8.0,0.623,43,0.0,1.0,1.0,0.0,0.0,42,0.0,15,127,DAL,60.0,0.0,204,1.0,0.4,0.373,Auburn,200,Undrafted,78,Undrafted,USA,Undrafted,2004
2043,Mateen Cleaves,Mateen,1610612739,CLE,26.0,4,0,4,0.0,91.35666666666667,7,23,0.304,0,1,0.0,1,2,0.5,1,6,7,19,5,4,2,2,13,0,15,-17,64.9,0,0,53.0,422,431,30,431,392,396,392,413,289,323,289,413,412,390,413,401,405,329,397,377,356,45,54,79,400,216,388,235,19,391,1,400,208,425,10.4,0.136,436,3.8,103.4,393,384,0.137,378,-10.0,30,431,116.1,106.1,79.03,3,0.069,181,116.1,-11.7,117,0.257,406,94.84,10.4,368,0.031,5.8,106.1,420,393,117,39.6,1.8,0.039,0.011,61,436,0.304,94.84,58,3,396,400,0.314,30,33,96.42,115.2,139,138,274,-10.0,4,0.0,0.0,0.0,1.0,1,0.0,0.0,0.286,0.0,14,0.333,3,0.0,0.0,0.0,2,0.4,0.0,0.0,0.0,0.0,5,0.0,0.0,0.0,1.0,4.0,0.0,0,1.0,0.364,0.0,0.0,0.333,11,0.0,,0.0,0.0,,0,,4,2,CLE,1.0,0.0,6,0.0,1.0,0.0,Michigan State,210,1,74,14,USA,2000,2004
2440,Matt Barnes,Matt,1610612746,LAC,24.0,38,11,27,0.289,720.3866666666667,63,138,0.457,2,13,0.154,43,61,0.705,53,98,151,48,44,27,3,9,76,0,171,-203,470.2,1,0,432.0,323,355,209,389,284,316,322,144,236,228,273,269,261,279,194,262,245,258,264,245,342,122,160,79,309,417,295,178,19,295,1,149,299,158,17.1,0.129,420,1.09,94.5,409,148,0.126,395,-13.0,316,408,108.2,95.2,78.49,232,0.141,1404,108.2,-13.6,150,0.116,135,94.18,17.1,391,0.075,3.6,95.2,219,409,150,18.7,1.7,0.105,0.072,352,420,0.464,94.18,189,126,280,410,0.519,316,115,94.59,108.0,398,398,285,-13.0,9,2.0,0.0,0.25,0.0,13,5.0,1.0,0.474,4.0,19,0.433,30,0.0,4.0,8.0,39,0.513,0.0,0.0,0.25,0.25,76,1.0,0.364,0.0,0.0,4.0,1.0,4,11.0,0.5,0.0,4.0,0.494,14,0.0,0.0,0.0,0.0,0.0,11,0.0,7,40,LAC,24.0,0.0,81,0.0,0.458,0.25,UCLA,235,2,79,45,USA,2002,2004
2679,Matt Carroll,Matt,1610612759,SAS,23.0,16,7,9,0.438,65.97166666666666,7,16,0.438,1,3,0.333,4,6,0.667,1,5,6,2,6,1,0,1,8,0,19,-9,26.2,0,0,30.0,383,383,70,271,403,396,403,194,258,286,138,386,384,309,413,408,411,402,388,403,398,27,40,79,397,196,408,235,19,406,2,393,423,201,22.5,0.156,29,0.33,90.0,254,381,0.152,319,-2.5,399,337,89.9,87.4,88.52,410,0.069,143,89.9,-13.3,9,0.05,386,106.23,22.2,320,0.013,1.0,87.4,204,254,9,7.4,0.4,0.041,0.013,396,29,0.469,106.23,384,371,409,408,0.51,399,14,97.73,103.3,427,428,418,-2.5,3,1.0,0.0,0.333,,1,0.0,0.0,0.429,3.0,7,0.333,3,0.0,0.0,3.0,2,0.667,,,0.333,0.0,3,1.0,0.5,0.0,0.0,1.0,0.0,3,1.0,0.25,,0.0,0.667,4,0.0,,,0.0,,6,,1,2,SAS,2.0,,3,0.0,0.5,0.0,Notre Dame,212,Undrafted,78,Undrafted,USA,Undrafted,2004
1723,Matt Harpring,Matt,1610612762,UTA,28.0,31,17,14,0.548,1130.855,193,410,0.471,8,33,0.242,108,157,0.688,91,156,247,63,65,22,2,39,102,0,502,17,899.9,6,0,868.0,344,311,98,146,225,173,183,108,194,192,239,142,135,290,116,188,171,230,207,273,356,321,202,79,173,145,219,86,19,216,1,108,54,140,10.7,0.223,323,0.97,102.1,155,131,0.22,108,1.2,63,265,102.5,103.7,73.84,263,0.148,2084,102.5,1.0,423,0.102,77,88.61,10.7,100,0.111,13.2,103.7,147,155,423,10.4,6.2,0.118,0.087,90,323,0.48,88.61,227,291,97,154,0.524,63,368,89.93,101.1,154,151,47,1.2,51,1.0,0.259,0.0,0.0,28,27.0,1.0,0.336,5.0,152,0.549,51,7.0,1.0,6.0,106,0.609,0.0,0.0,0.167,1.0,174,0.0,0.311,0.273,0.0,58.0,27.0,14,13.0,0.307,0.0,11.0,0.602,88,0.0,0.0,0.0,0.0,0.0,45,0.0,27,109,UTA,27.0,0.0,181,3.0,0.481,0.466,Georgia Tech,231,1,79,15,USA,1998,2004
2466,Maurice Carter,Maurice,1610612740,NOH,27.0,10,4,6,0.4,109.0,11,35,0.314,4,11,0.364,16,20,0.8,2,9,11,4,9,0,0,4,10,0,42,8,52.2,0,0,61.0,397,394,49,310,388,386,382,411,217,238,96,344,355,122,400,388,393,389,375,419,398,64,49,79,377,159,395,235,19,387,2,351,301,296,15.8,0.222,40,0.44,96.3,71,336,0.22,112,5.6,265,66,91.5,97.1,76.7,390,0.081,207,91.5,1.6,274,0.07,351,92.04,15.5,99,0.034,3.5,97.1,393,71,274,6.9,1.1,0.049,0.018,297,40,0.371,92.04,325,380,391,139,0.479,265,318,90.86,94.7,379,382,350,5.6,4,1.0,0.429,0.5,,0,7.0,0.0,0.235,2.0,17,0.0,1,3.0,2.0,4.0,3,0.5,,,0.25,0.0,6,1.0,0.222,0.429,0.0,3.0,0.0,2,0.0,0.333,,7.0,0.429,9,0.0,,,0.0,,9,,3,3,NOH,0.0,,7,3.0,0.0,0.0,Louisiana State,210,Undrafted,77,Undrafted,USA,Undrafted,2004
1508,Maurice Taylor,Maurice,1610612745,HOU,27.0,75,41,34,0.547,2081.1383333333333,367,765,0.48,0,2,0.0,128,174,0.736,131,253,384,107,149,43,47,49,253,2,862,-46,1604.3,3,0,1533.0,120,84,284,147,114,79,90,78,289,305,289,122,119,241,67,98,84,174,74,188,75,367,425,6,92,279,114,124,19,112,1,176,95,183,13.6,0.231,144,0.72,96.1,222,198,0.226,89,-1.5,288,116,97.7,96.1,74.16,324,0.123,3865,97.7,-1.3,410,0.105,155,88.99,13.5,87,0.089,10.2,96.1,151,222,410,9.7,4.9,0.097,0.069,307,144,0.48,88.99,219,307,195,217,0.512,288,394,89.16,97.4,319,318,84,-1.5,168,0.0,0.0,0.0,0.0,64,2.0,0.0,0.433,0.0,388,0.454,141,0.0,0.0,0.0,135,0.577,0.0,0.0,0.0,0.0,234,0.0,0.543,0.0,0.0,117.0,50.0,25,51.0,0.406,0.0,2.0,0.575,234,0.0,0.0,0.0,0.0,0.0,46,0.0,95,146,HOU,112.0,0.0,254,0.0,0.455,0.427,Michigan,255,1,81,14,USA,1997,2004
2246,Mehmet Okur,Mehmet,1610612765,DET,25.0,71,48,23,0.676,1588.025,251,542,0.463,18,48,0.375,162,209,0.775,160,261,421,69,101,36,63,37,138,0,682,258,1486.7,6,0,1388.0,160,50,157,62,171,134,142,129,160,164,73,91,95,158,44,88,69,219,138,209,53,310,260,79,129,35,126,86,19,127,1,54,147,93,12.6,0.214,39,0.68,99.5,32,80,0.21,135,8.4,187,31,91.4,99.8,75.46,332,0.169,3000,91.4,7.7,354,0.081,34,90.56,12.5,128,0.134,7.6,99.8,152,32,354,8.5,3.5,0.135,0.102,190,39,0.48,90.56,295,336,32,41,0.538,187,339,90.47,91.8,261,265,139,8.4,87,2.0,0.41,0.2,1.0,40,39.0,1.0,0.414,5.0,210,0.465,86,16.0,3.0,8.0,106,0.535,0.0,0.0,0.25,0.333,198,1.0,0.303,0.375,1.0,89.0,43.0,10,33.0,0.404,0.0,32.0,0.548,94,0.0,1.0,0.0,0.0,0.0,33,0.0,38,115,DET,82.0,0.0,210,12.0,0.402,0.483,None,249,2,83,37,Turkey,2001,2004
2408,Melvin Ely,Melvin,1610612746,LAC,26.0,42,13,29,0.31,507.525,66,153,0.431,0,1,0.0,25,42,0.595,48,53,101,22,20,9,17,7,68,0,157,18,369.2,0,0,332.0,305,337,233,376,321,311,310,207,289,323,289,309,302,366,208,323,300,319,339,346,184,106,146,79,317,143,319,235,19,324,1,175,297,338,9.4,0.17,150,1.1,99.0,137,248,0.166,272,2.0,185,204,97.7,99.8,76.92,230,0.105,975,97.7,-0.8,257,0.075,66,92.31,9.4,273,0.056,3.6,99.8,308,137,257,10.3,1.6,0.098,0.091,212,150,0.431,92.31,317,293,349,202,0.458,185,272,91.69,99.9,79,79,292,2.0,8,0.0,0.0,0.0,0.0,28,1.0,0.0,0.267,0.0,30,0.412,68,0.0,0.0,0.0,30,0.556,0.0,0.0,0.0,0.0,54,0.0,0.0,0.0,0.0,23.0,6.0,0,20.0,0.385,0.0,1.0,0.53,13,0.0,0.0,0.0,0.0,0.0,0,0.0,5,35,LAC,50.0,0.0,66,0.0,0.4,0.261,Fresno State,261,1,82,12,USA,2002,2004
2370,Mengke Bateer,Mengke,1610612761,TOR,28.0,7,2,5,0.286,39.11,4,7,0.571,0,0,0.0,0,0,0.0,5,3,8,1,2,1,0,1,10,0,8,-11,20.1,0,0,19.0,407,413,36,391,410,409,420,6,289,361,289,425,429,425,377,416,402,413,418,403,398,27,49,79,415,203,414,235,19,416,1,133,423,34,20.0,0.111,390,0.5,98.6,412,308,0.101,424,-14.7,375,414,105.3,90.7,76.71,374,0.088,75,105.3,-9.8,272,0.045,9,92.05,20.0,432,0.004,1.0,90.7,9,412,272,10.0,0.6,0.111,0.132,231,390,0.571,92.05,393,301,417,387,0.571,375,431,87.04,108.4,419,420,407,-14.7,2,0.0,0.0,0.0,,1,0.0,0.0,0.667,0.0,3,0.5,2,0.0,0.0,0.0,1,0.5,,,0.0,0.0,2,0.0,1.0,0.0,,1.0,0.0,1,1.0,1.0,,0.0,0.333,1,,0.0,,,0.0,1,0.0,1,1,TOR,1.0,,3,0.0,1.0,0.0,None,290,Undrafted,83,Undrafted,China,Undrafted,2004
1897,Metta World Peace,Metta,1610612754,IND,24.0,73,54,19,0.74,2715.45,468,1112,0.421,75,242,0.31,322,439,0.733,100,285,385,272,202,152,50,86,194,2,1333,485,2607.0,4,0,2469.0,135,22,130,23,45,42,35,236,66,52,170,29,22,246,99,78,82,54,25,3,72,431,366,6,38,6,38,111,19,36,1,241,34,192,11.4,0.26,71,1.35,102.1,26,229,0.258,38,9.1,78,56,94.1,103.3,74.59,173,0.112,5075,94.1,8.4,397,0.184,244,89.51,11.3,35,0.12,15.2,103.3,244,26,397,15.3,6.4,0.074,0.038,91,71,0.455,89.51,111,181,57,32,0.511,78,351,90.22,93.7,193,193,42,9.1,115,25.0,0.301,0.31,0.0,49,166.0,16.0,0.356,29.0,323,0.368,133,50.0,47.0,76.0,229,0.553,0.0,0.0,0.329,0.34,414,9.0,0.349,0.301,4.0,103.0,33.0,58,38.0,0.346,0.0,113.0,0.544,185,0.0,1.0,2.0,0.0,0.0,166,0.0,64,241,IND,95.0,0.0,443,34.0,0.4,0.32,St. John's (NY),246,1,79,16,USA,1999,2004
2214,Michael Bradley,Michael,1610612737,ATL,25.0,16,4,12,0.25,98.21,7,15,0.467,0,0,0.0,1,2,0.5,6,17,23,1,7,3,0,0,14,0,15,-16,46.1,0,0,45.0,383,394,86,414,389,396,404,120,289,361,289,413,412,390,373,377,377,413,381,383,398,1,57,79,400,212,399,235,19,399,2,82,429,315,29.3,0.114,136,0.14,94.2,324,48,0.11,420,-4.9,362,272,97.4,92.5,77.18,421,0.189,186,97.4,-7.0,243,0.019,164,92.62,29.2,421,0.035,0.9,92.5,209,324,243,4.2,0.4,0.126,0.065,360,136,0.467,92.62,423,419,389,350,0.472,362,365,90.01,101.2,436,436,418,-4.9,0,0.0,0.0,0.0,,0,0.0,0.0,0.0,0.0,6,0.0,0,0.0,0.0,0.0,7,0.778,,,0.0,0.0,9,0.0,0.0,0.0,,2.0,0.0,0,0.0,0.0,,0.0,0.778,4,,,,,,0,,0,7,ATL,0.0,,9,0.0,0.0,0.0,Villanova,225,1,82,17,USA,2001,2004
688,Michael Curry,Michael,1610612761,TOR,35.0,70,29,41,0.414,1222.9883333333332,76,196,0.388,3,15,0.2,49,58,0.845,22,65,87,53,48,23,5,13,153,0,204,-166,423.9,0,0,403.0,173,195,353,299,215,292,285,332,228,222,253,254,270,62,305,309,312,247,247,268,313,161,287,79,290,400,308,235,19,304,1,408,353,334,14.9,0.111,49,1.1,87.4,362,416,0.108,423,-7.0,406,53,92.8,85.8,73.79,229,0.053,2252,92.8,-6.0,424,0.083,342,88.54,14.8,422,0.01,2.8,85.8,369,362,424,16.4,1.1,0.037,0.019,414,49,0.395,88.54,283,163,411,331,0.46,406,428,87.42,93.4,363,363,353,-7.0,42,3.0,0.0,0.0,0.0,6,5.0,3.0,0.336,2.0,125,0.462,13,0.0,8.0,10.0,25,0.581,0.0,0.0,0.3,0.375,43,0.0,0.373,0.0,0.0,18.0,3.0,19,4.0,0.343,0.0,3.0,0.578,70,0.0,0.0,0.0,0.0,0.0,51,0.0,24,26,TOR,9.0,0.0,45,0.0,0.444,0.167,Georgia Southern,210,Undrafted,77,Undrafted,USA,Undrafted,2004
1720,Michael Doleac,Michael,1610612743,DEN,27.0,72,34,38,0.472,1024.7666666666667,140,322,0.435,0,0,0.0,45,52,0.865,88,177,265,44,48,23,36,17,142,1,325,-117,838.0,0,0,752.0,147,158,318,232,236,224,222,200,289,361,289,262,279,40,121,168,154,266,247,268,95,199,266,21,239,364,227,235,19,227,2,76,256,321,11.0,0.176,137,0.92,93.0,325,72,0.172,252,-5.0,364,129,97.4,92.4,78.11,275,0.175,1992,97.4,-4.8,171,0.078,93,93.73,10.9,251,0.086,4.5,92.4,298,325,171,10.0,1.9,0.128,0.083,374,137,0.435,93.73,304,300,213,306,0.471,364,179,93.22,97.8,166,168,253,-5.0,89,0.0,0.0,0.0,0.0,19,0.0,0.0,0.414,0.0,215,0.487,39,0.0,0.0,0.0,32,0.471,0.0,0.0,0.0,0.0,68,0.0,0.333,0.0,0.0,43.0,21.0,6,13.0,0.422,0.0,0.0,0.438,154,0.0,0.0,0.0,0.0,0.0,18,0.0,65,35,DEN,27.0,0.0,80,0.0,0.481,0.488,Utah,262,1,83,12,USA,1998,2004
714,Michael Finley,Michael,1610612742,DAL,31.0,72,49,23,0.681,2782.21,514,1159,0.443,150,370,0.405,164,193,0.85,78,247,325,212,83,84,39,32,118,0,1342,264,2336.0,3,0,2275.0,147,43,157,57,42,29,28,172,10,18,33,90,102,57,134,100,112,80,170,68,89,294,231,79,37,34,56,124,19,51,1,313,26,88,5.4,0.211,372,2.55,109.1,78,307,0.208,141,4.8,15,353,104.6,109.4,78.94,40,0.089,5490,104.6,5.2,123,0.117,294,94.72,5.4,134,0.104,16.1,109.4,64,78,123,13.8,7.1,0.057,0.027,16,372,0.508,94.72,187,211,127,72,0.539,15,85,95.15,103.9,12,12,25,4.8,219,43.0,0.399,0.397,3.0,59,268.0,20.0,0.42,58.0,522,0.437,135,107.0,41.0,99.0,86,0.652,0.0,0.0,0.434,0.488,132,23.0,0.439,0.367,7.0,116.0,56.0,169,32.0,0.391,1.0,109.0,0.628,317,0.143,1.0,1.0,1.0,0.0,385,0.0,124,91,DAL,78.0,1.0,145,40.0,0.41,0.483,Wisconsin,225,1,79,21,USA,1995,2004
1709,Michael Olowokandi,Michael,1610612750,MIN,29.0,43,28,15,0.651,924.4833333333333,121,285,0.425,0,0,0.0,36,61,0.59,78,167,245,24,54,16,68,21,137,1,278,164,806.0,3,0,715.0,301,206,101,84,250,237,240,228,289,361,289,282,261,370,134,178,173,307,231,303,48,226,257,21,252,52,232,124,19,237,1,68,182,357,13.9,0.192,57,0.44,103.4,17,96,0.189,188,10.1,77,43,93.2,103.3,73.9,390,0.162,1704,93.2,10.3,421,0.041,59,88.68,13.8,179,0.065,6.6,103.3,325,17,421,6.1,2.8,0.131,0.093,62,57,0.425,88.68,401,399,318,18,0.446,77,410,88.73,93.0,326,325,179,10.1,43,0.0,0.0,0.0,0.0,52,0.0,0.0,0.384,0.0,112,0.423,123,0.0,0.0,0.0,26,0.52,0.0,0.0,0.0,0.0,50,0.0,0.0,0.0,0.0,85.0,29.0,0,56.0,0.333,0.0,0.0,0.538,3,0.0,0.0,0.0,0.0,0.0,0,0.0,1,35,MIN,132.0,0.0,65,0.0,0.424,0.341,Pacific,270,1,84,1,Nigeria,1998,2004
2072,Michael Redd,Michael,1610612749,MIL,24.0,82,41,41,0.5,3020.2966666666666,633,1439,0.44,127,363,0.35,383,441,0.868,118,289,407,185,116,81,6,70,152,1,1776,-60,2686.9,2,0,2669.0,3,84,353,194,16,5,7,184,23,22,116,10,21,37,78,75,74,95,109,77,299,410,285,21,5,303,32,146,19,22,1,264,14,72,6.0,0.26,378,1.59,103.2,216,281,0.254,39,-1.3,68,363,104.9,103.6,78.66,136,0.096,5947,104.9,-1.3,143,0.112,239,94.39,6.0,37,0.123,17.5,103.6,138,216,143,9.6,7.7,0.067,0.039,64,378,0.484,94.39,199,310,50,214,0.544,68,109,94.77,104.4,14,14,16,-1.3,204,41.0,0.347,0.362,2.0,82,248.0,24.0,0.394,47.0,518,0.441,186,86.0,66.0,113.0,220,0.591,0.0,0.0,0.363,0.364,372,17.0,0.335,0.355,2.0,229.0,96.0,76,65.0,0.398,1.0,186.0,0.588,249,0.0,0.0,1.0,0.0,0.0,227,0.0,99,230,MIL,154.0,1.0,391,66.0,0.422,0.419,Ohio State,215,2,78,43,USA,2000,2004
1913,Michael Ruffin,Michael,1610612762,UTA,27.0,41,18,23,0.439,729.455,38,117,0.325,0,0,0.0,16,38,0.421,78,129,207,41,42,22,21,27,103,0,92,-39,488.9,0,0,426.0,313,303,157,267,282,345,332,408,289,361,289,344,307,417,134,219,192,271,270,273,145,256,206,79,355,266,291,235,19,296,1,19,348,415,19.4,0.112,286,0.98,96.2,263,25,0.111,422,-2.8,221,295,101.4,98.5,71.4,257,0.208,1301,101.4,-5.7,440,0.092,26,85.67,19.3,420,0.048,2.9,98.5,415,263,440,18.8,0.9,0.154,0.108,300,286,0.325,85.67,260,125,369,324,0.344,221,433,86.47,101.9,413,412,373,-2.8,2,0.0,0.0,0.0,0.0,4,0.0,0.0,0.111,0.0,18,0.16,25,0.0,0.0,0.0,32,0.432,0.0,0.0,0.0,0.0,74,0.0,0.0,0.0,0.0,12.0,3.0,0,2.0,0.0,0.0,0.0,0.413,10,0.0,0.0,0.0,0.0,0.0,0,0.0,0,33,UTA,15.0,0.0,80,0.0,0.133,0.25,Tulsa,246,2,80,32,USA,1999,2004
1565,Michael Stewart,Michael,1610612738,BOS,29.0,25,8,17,0.32,147.76166666666666,5,12,0.417,0,0,0.0,3,4,0.75,8,21,29,0,3,2,10,2,34,0,13,-54,80.8,0,0,66.0,356,377,116,369,381,405,408,248,289,361,289,394,400,209,363,370,371,426,405,390,254,45,85,79,404,291,384,235,19,385,2,172,439,314,17.9,0.05,335,0.0,89.7,422,120,0.048,441,-16.5,403,385,102.9,86.4,84.05,423,0.152,309,102.9,-15.9,14,0.0,203,100.87,17.6,441,0.0,0.5,86.4,335,422,14,0.0,0.2,0.099,0.051,400,335,0.417,100.87,426,426,419,419,0.472,403,13,97.75,105.6,400,402,435,-16.5,2,0.0,0.0,0.0,0.0,0,0.0,0.0,0.667,0.0,3,0.0,1,0.0,0.0,0.0,3,0.375,0.0,0.0,0.0,0.0,8,0.0,0.0,0.0,0.0,3.0,2.0,0,0.0,0.0,,0.0,0.375,0,0.0,0.0,,0.0,0.0,0,0.0,0,3,BOS,1.0,,8,0.0,0.0,0.667,California,230,Undrafted,82,Undrafted,USA,Undrafted,2004
2552,Michael Sweetney,Michael,1610612752,NYK,21.0,42,19,23,0.452,496.695,69,140,0.493,0,1,0.0,42,58,0.724,68,89,157,14,32,18,12,14,57,0,180,31,447.4,1,0,411.0,305,294,157,248,326,305,318,55,289,323,289,271,270,258,153,275,237,348,300,293,231,172,126,79,304,123,303,178,19,301,1,11,311,74,15.1,0.184,132,0.44,101.1,98,56,0.178,221,3.7,125,133,97.3,101.1,75.38,395,0.184,934,97.3,3.2,356,0.049,5,90.45,15.2,230,0.12,3.3,101.1,107,98,356,6.7,1.6,0.164,0.143,125,132,0.493,90.45,390,386,59,101,0.544,125,357,90.13,98.0,371,367,288,3.7,9,0.0,0.0,0.0,1.0,10,0.0,0.0,0.29,0.0,31,0.323,31,0.0,0.0,0.0,50,0.649,0.0,0.0,0.0,0.0,77,0.0,0.0,0.0,1.0,10.0,4.0,0,6.0,0.35,,0.0,0.627,20,0.0,0.0,,0.0,0.0,1,0.0,7,52,NYK,25.0,,83,0.0,0.24,0.4,Georgetown,260,1,80,9,USA,2003,2004
2554,Mickael Pietrus,Mickael,1610612744,GSW,22.0,53,24,29,0.453,752.4333333333333,96,231,0.416,35,105,0.333,52,75,0.693,48,71,119,27,40,32,12,12,100,0,279,72,554.3,0,0,548.0,272,244,233,247,278,266,262,253,125,125,138,249,243,289,208,301,280,300,276,225,231,153,197,79,250,90,280,235,19,266,1,226,263,123,12.1,0.184,87,0.68,101.9,82,291,0.179,219,4.6,171,76,95.5,100.1,77.93,333,0.094,1468,95.5,6.4,180,0.06,174,93.52,12.0,223,0.064,4.4,100.1,112,82,180,8.1,1.8,0.078,0.063,99,87,0.491,93.52,354,344,319,58,0.528,171,201,92.76,95.4,242,243,269,4.6,7,22.0,0.277,0.273,1.0,6,47.0,16.0,0.233,22.0,30,0.4,15,13.0,35.0,57.0,48,0.593,0.0,0.0,0.386,0.457,81,6.0,0.392,0.25,1.0,12.0,1.0,29,4.0,0.267,0.0,32.0,0.588,15,0.0,2.0,0.0,0.0,0.0,74,0.0,4,50,GSW,10.0,0.0,85,8.0,0.4,0.083,None,210,1,78,11,France,2003,2004
1710,Mike Bibby,Mike,1610612758,SAC,26.0,82,55,27,0.671,2982.3783333333336,527,1170,0.45,148,378,0.392,304,373,0.815,67,210,277,444,175,112,18,48,146,0,1506,332,2719.4,5,0,2635.0,3,19,209,65,21,26,25,153,11,15,50,32,35,100,155,135,142,16,50,23,174,363,274,79,19,25,27,100,19,25,1,360,43,42,9.0,0.229,357,2.54,109.2,66,382,0.227,90,5.9,13,344,103.9,109.8,79.77,42,0.069,5939,103.9,5.5,71,0.241,311,95.72,8.9,85,0.115,14.3,109.8,55,66,71,22.7,6.4,0.047,0.024,15,357,0.514,95.72,69,80,71,70,0.564,13,47,96.04,103.7,66,69,41,5.9,187,50.0,0.389,0.388,0.0,30,252.0,17.0,0.433,85.0,432,0.39,77,98.0,40.0,125.0,162,0.57,0.0,0.0,0.4,0.425,284,33.0,0.416,0.333,0.0,49.0,20.0,147,24.0,0.451,1.0,129.0,0.558,275,0.0,1.0,1.0,0.0,0.0,353,0.0,124,168,SAC,61.0,1.0,301,43.0,0.393,0.408,Arizona,190,1,73,2,USA,1998,2004
2399,Mike Dunleavy,Mike,1610612744,GSW,23.0,75,35,40,0.467,2340.8483333333334,323,720,0.449,94,254,0.37,137,185,0.741,87,355,442,220,143,68,13,31,169,0,877,-159,1837.4,10,0,1795.0,120,139,338,234,85,98,99,156,40,46,86,113,107,234,123,45,62,76,79,97,222,287,315,79,91,396,101,61,19,95,1,185,103,66,12.3,0.183,318,1.54,98.0,310,118,0.179,224,-4.4,236,293,102.4,97.9,77.3,147,0.152,4544,102.4,-3.9,235,0.161,249,92.76,12.3,224,0.111,9.6,97.9,54,310,235,19.0,4.3,0.094,0.037,254,318,0.514,92.76,130,124,96,285,0.547,236,193,92.93,101.9,252,250,104,-4.4,91,30.0,0.348,0.5,0.0,22,181.0,15.0,0.425,30.0,214,0.289,76,63.0,42.0,72.0,117,0.661,0.0,0.0,0.417,0.357,177,15.0,0.39,0.328,2.0,47.0,22.0,62,14.0,0.442,0.0,128.0,0.626,138,0.0,1.0,2.0,0.0,0.0,159,0.0,61,122,GSW,48.0,0.0,195,42.0,0.292,0.468,Duke,230,1,81,3,USA,2002,2004
2229,Mike James,Mike,1610612765,DET,29.0,81,43,38,0.531,2196.608333333333,272,657,0.414,106,281,0.377,103,127,0.811,28,206,234,339,124,96,3,35,156,0,753,36,1715.3,0,0,1630.0,43,67,318,161,101,119,112,256,32,37,68,152,167,108,277,142,178,34,98,40,342,304,290,79,113,119,107,235,19,107,2,325,138,125,10.5,0.175,188,2.73,100.3,157,292,0.171,256,1.2,172,124,98.9,100.1,78.89,31,0.093,4325,98.9,2.5,126,0.254,387,94.66,10.5,252,0.106,8.1,100.1,99,157,126,28.8,3.4,0.054,0.013,147,188,0.495,94.66,60,36,116,119,0.528,172,91,95.12,97.8,146,146,149,1.2,68,30.0,0.364,0.421,0.0,24,209.0,14.0,0.395,38.0,172,0.381,63,76.0,34.0,72.0,74,0.525,0.0,0.0,0.417,0.412,141,16.0,0.401,0.364,0.0,39.0,16.0,81,16.0,0.382,0.0,118.0,0.517,102,0.0,1.0,2.0,0.0,0.0,202,0.0,39,77,DET,44.0,0.0,149,43.0,0.364,0.41,Duquesne,188,Undrafted,74,Undrafted,USA,Undrafted,2004
2034,Mike Miller,Mike,1610612763,MEM,24.0,65,39,26,0.6,1764.545,270,616,0.438,80,215,0.372,102,141,0.723,42,174,216,232,107,59,14,34,162,0,722,111,1441.2,3,0,1396.0,204,105,194,117,149,120,118,191,57,62,79,157,150,260,233,171,189,67,122,138,209,298,302,79,119,68,136,124,19,126,1,287,107,110,10.5,0.199,319,2.17,105.2,111,262,0.195,163,3.1,37,292,102.4,105.5,78.76,78,0.102,3476,102.4,3.4,134,0.21,310,94.52,10.5,163,0.094,9.5,105.5,74,111,134,22.9,4.2,0.062,0.024,38,319,0.503,94.52,97,78,171,98,0.532,37,99,94.92,101.8,147,145,109,3.1,71,4.0,0.402,0.222,0.0,14,189.0,2.0,0.399,9.0,178,0.304,46,76.0,17.0,26.0,105,0.593,0.0,0.0,0.154,0.118,177,2.0,0.438,0.367,0.0,20.0,4.0,84,11.0,0.279,0.0,120.0,0.59,68,0.0,0.0,0.0,0.0,0.0,192,0.0,19,108,MEM,33.0,0.0,183,44.0,0.333,0.2,Florida,218,1,80,5,USA,2000,2004
2366,Mike Wilks,Mike,1610612745,HOU,25.0,26,14,12,0.538,140.25,17,36,0.472,6,10,0.6,10,12,0.833,3,13,16,17,7,3,0,5,15,0,50,19,96.7,0,0,95.0,352,329,86,152,382,371,380,103,203,240,4,367,371,74,392,382,385,338,381,383,398,75,60,79,367,141,380,235,19,379,1,309,415,12,10.7,0.176,22,2.43,99.6,25,341,0.168,251,9.1,275,47,87.5,96.6,76.43,54,0.08,265,87.5,6.5,293,0.224,298,91.72,10.6,265,0.115,1.4,96.6,13,25,293,25.8,0.7,0.058,0.026,187,22,0.556,91.72,86,63,74,57,0.606,275,427,87.53,93.1,149,152,404,9.1,3,1.0,0.625,1.0,0.0,2,8.0,0.0,0.3,1.0,10,0.5,4,5.0,1.0,2.0,6,0.5,0.0,0.0,0.5,0.0,12,1.0,0.556,0.5,0.0,3.0,1.0,5,1.0,0.25,0.0,4.0,0.538,4,0.0,,0.0,0.0,,9,,1,7,HOU,3.0,0.0,13,2.0,0.333,0.333,Rice,180,Undrafted,71,Undrafted,USA,Undrafted,2004
1630,Mikki Moore,Mikki,1610612762,UTA,28.0,32,18,14,0.563,394.74333333333334,50,99,0.505,0,0,0.0,30,35,0.857,29,55,84,19,22,7,13,11,65,0,130,-13,297.3,1,0,273.0,342,303,98,137,342,331,342,33,289,361,289,299,312,47,275,319,315,329,332,355,222,142,141,79,329,206,339,178,19,339,2,127,330,36,14.2,0.161,42,0.86,90.6,223,115,0.157,298,-1.5,376,54,92.1,90.6,74.38,288,0.153,733,92.1,-3.0,408,0.097,120,89.25,14.1,299,0.108,3.1,90.6,70,223,408,12.2,1.6,0.113,0.075,392,42,0.505,89.25,242,240,108,264,0.568,376,414,88.56,93.6,337,336,293,-1.5,11,0.0,0.0,0.0,0.0,9,0.0,0.0,0.314,0.0,35,0.429,21,0.0,0.0,0.0,30,0.698,0.0,0.0,0.0,0.0,43,0.0,0.2,0.0,0.0,13.0,3.0,1,8.0,0.35,,0.0,0.674,20,0.0,0.0,,0.0,0.0,5,0.0,7,31,UTA,15.0,,46,0.0,0.533,0.231,Nebraska,225,Undrafted,84,Undrafted,USA,Undrafted,2004
1960,Milt Palacio,Milt,1610612761,TOR,26.0,59,22,37,0.373,1207.1883333333333,104,298,0.349,4,26,0.154,45,68,0.662,15,87,102,184,87,41,11,31,90,0,257,-173,724.4,0,0,651.0,232,261,313,336,218,257,233,392,217,202,273,262,252,323,331,279,298,96,163,194,243,287,182,79,262,404,245,235,19,245,1,375,231,402,14.5,0.169,101,2.11,89.6,365,365,0.164,276,-7.2,388,96,96.3,89.2,73.68,82,0.074,2216,96.3,-7.2,428,0.285,391,88.41,14.5,277,0.062,5.1,89.2,400,365,428,30.7,1.8,0.044,0.013,401,101,0.356,88.41,30,28,326,358,0.392,388,425,87.96,96.8,353,350,271,-7.2,34,3.0,0.077,0.182,1.0,6,13.0,1.0,0.296,11.0,115,0.24,25,1.0,1.0,12.0,60,0.455,0.0,0.0,0.25,1.0,132,2.0,0.387,0.0,3.0,33.0,8.0,12,2.0,0.288,0.0,6.0,0.452,73,0.0,1.0,1.0,0.0,0.0,31,0.0,21,61,TOR,15.0,0.0,135,0.0,0.133,0.242,Colorado State,195,Undrafted,75,Undrafted,Belize,Undrafted,2004
348,Mitchell Butler,Mitchell,1610612764,WAS,33.0,41,11,30,0.268,554.4716666666667,54,124,0.435,11,30,0.367,15,24,0.625,24,47,71,32,24,22,4,13,54,0,134,17,321.2,0,0,300.0,313,355,247,405,312,323,329,197,176,197,92,349,345,350,293,333,324,287,324,273,328,161,124,79,327,145,333,235,19,334,1,286,332,242,12.6,0.126,145,1.33,101.3,138,335,0.122,402,2.0,190,184,97.7,99.6,80.69,174,0.081,1116,97.7,1.9,39,0.093,223,96.83,12.6,403,0.054,3.0,99.6,150,138,39,16.8,1.3,0.062,0.043,119,145,0.48,96.83,257,155,351,134,0.498,190,79,95.21,99.4,267,266,321,2.0,14,2.0,0.429,0.0,,1,21.0,2.0,0.368,3.0,38,0.091,11,9.0,6.0,9.0,28,0.622,,,0.222,0.333,45,0.0,0.37,0.417,1.0,9.0,3.0,10,1.0,0.368,0.0,12.0,0.56,19,0.0,0.0,0.0,0.0,0.0,27,0.0,7,28,WAS,6.0,0.0,50,5.0,0.167,0.333,UCLA,210,Undrafted,77,Undrafted,USA,Undrafted,2004
2590,Mo Williams,Mo,1610612762,UTA,21.0,57,25,32,0.439,772.9516666666667,115,303,0.38,10,39,0.256,44,56,0.786,23,49,72,76,51,28,2,25,87,0,284,-76,523.4,0,0,502.0,244,228,266,269,272,244,231,353,181,180,226,264,274,146,299,326,323,206,242,242,356,247,173,79,248,328,283,235,19,280,1,355,225,377,11.2,0.224,168,1.49,93.8,317,379,0.218,104,-4.6,351,232,98.2,93.6,76.38,151,0.07,1472,98.2,-6.6,299,0.196,281,91.66,11.2,107,0.059,5.3,93.6,368,317,299,16.7,2.0,0.049,0.03,364,168,0.396,91.66,103,157,336,344,0.433,351,336,90.52,100.5,181,181,249,-4.6,59,2.0,0.296,0.4,2.0,11,27.0,0.0,0.364,5.0,162,0.478,23,8.0,5.0,10.0,35,0.443,0.0,0.0,0.2,0.0,79,2.0,0.325,0.25,4.0,13.0,6.0,26,8.0,0.378,0.0,8.0,0.439,98,0.0,0.0,0.0,0.0,0.0,80,0.0,37,36,UTA,18.0,0.0,82,2.0,0.444,0.462,Alabama,185,2,73,47,USA,2003,2004
983,Moochie Norris,Moochie,1610612752,NYK,30.0,66,35,31,0.53,844.2783333333333,80,217,0.369,20,58,0.345,54,71,0.761,10,55,65,121,64,44,5,12,51,0,234,-26,576.5,0,0,538.0,198,139,255,162,263,285,267,375,150,160,122,244,247,189,349,319,333,154,211,184,313,153,119,79,271,244,269,235,19,268,2,392,315,320,14.8,0.178,129,1.89,95.9,234,378,0.173,243,-1.8,312,126,97.2,95.4,74.48,100,0.07,1573,97.2,-1.9,403,0.258,394,89.37,14.7,248,0.087,3.3,95.4,341,234,403,27.9,1.2,0.041,0.013,313,129,0.415,89.37,55,45,207,230,0.471,312,405,88.88,97.8,360,359,336,-1.8,28,9.0,0.275,0.667,3.0,7,40.0,3.0,0.354,9.0,79,0.259,27,11.0,6.0,15.0,25,0.472,0.0,0.0,0.6,0.5,53,6.0,0.407,0.294,6.0,13.0,3.0,22,6.0,0.373,,17.0,0.463,51,0.0,,,0.0,,54,,19,25,NYK,22.0,,54,5.0,0.273,0.231,West Florida,188,2,74,33,USA,1996,2004
2050,Morris Peterson,Morris,1610612761,TOR,26.0,82,33,49,0.402,2139.3616666666667,238,587,0.405,126,340,0.371,76,94,0.809,35,226,261,113,69,88,14,17,206,0,678,-54,1397.7,0,0,1382.0,3,163,412,307,107,139,130,279,24,24,85,192,210,114,256,117,159,164,200,57,209,199,381,79,130,291,141,235,19,129,1,285,165,86,8.5,0.158,100,1.64,95.6,217,236,0.154,313,-1.3,318,105,96.3,95.0,74.76,130,0.108,3997,96.3,-1.5,387,0.095,358,89.71,8.6,311,0.085,7.2,95.0,56,217,387,14.0,2.9,0.062,0.017,327,100,0.513,89.71,249,204,217,223,0.539,318,398,89.09,97.1,50,48,175,-1.3,45,83.0,0.316,0.426,1.0,8,136.0,34.0,0.402,115.0,112,0.267,30,43.0,88.0,203.0,59,0.562,0.0,0.0,0.409,0.386,105,49.0,0.393,0.379,4.0,19.0,5.0,119,9.0,0.362,0.0,66.0,0.562,58,0.0,2.0,1.0,0.0,0.0,303,0.0,21,59,TOR,29.0,0.0,105,25.0,0.31,0.263,Michigan State,215,1,79,21,USA,2000,2004
1737,Nazr Mohammed,Nazr,1610612752,NYK,26.0,80,31,49,0.388,1610.74,246,472,0.521,0,0,0.0,100,169,0.592,178,296,474,36,96,55,52,47,195,0,592,-199,1439.8,6,0,1316.0,61,183,412,327,166,136,160,23,289,361,289,160,125,369,38,72,53,279,148,152,67,353,368,79,149,414,137,86,19,138,2,23,205,79,14.2,0.182,257,0.38,95.4,343,45,0.178,230,-5.9,328,288,100.6,94.8,77.79,406,0.19,3125,100.6,-6.3,191,0.039,19,93.35,14.1,230,0.107,5.9,94.8,41,343,191,5.3,3.1,0.151,0.113,332,257,0.521,93.35,404,411,111,338,0.542,328,222,92.5,101.7,339,335,165,-5.9,41,0.0,0.0,0.0,0.0,65,0.0,0.0,0.38,0.0,108,0.458,142,0.0,0.0,0.0,140,0.631,0.0,0.0,0.0,0.0,222,0.0,0.0,0.0,0.0,75.0,34.0,0,51.0,0.278,0.0,0.0,0.599,36,0.0,0.0,0.0,0.0,0.0,0,0.0,10,151,NYK,109.0,0.0,252,0.0,0.468,0.453,Kentucky,250,1,82,29,USA,1998,2004
2569,Ndudi Ebi,Ndudi,1610612750,MIN,20.0,17,14,3,0.824,31.525,6,14,0.429,0,0,0.0,1,4,0.25,2,1,3,3,3,0,4,0,6,0,13,-9,30.1,0,0,27.0,377,329,21,7,416,403,406,212,289,361,289,413,400,423,400,427,425,396,405,419,328,1,31,79,404,196,407,235,19,408,1,384,433,389,13.8,0.298,293,1.0,100.1,423,422,0.257,9,-16.7,411,430,101.6,84.8,82.47,248,0.026,66,101.6,-12.8,23,0.2,165,98.97,13.6,36,0.0,0.8,84.8,314,423,23,13.6,0.4,0.043,0.065,156,293,0.429,98.97,101,213,419,407,0.412,411,434,86.39,112.9,322,322,424,-16.7,2,0.0,0.0,0.0,0.0,0,0.0,0.0,0.286,0.0,7,0.0,0,0.0,0.0,0.0,4,0.571,0.0,0.0,0.0,0.0,7,0.0,0.0,0.0,0.0,2.0,1.0,0,0.0,0.333,,0.0,0.571,3,0.0,,,0.0,,2,,1,4,MIN,0.0,,7,0.0,0.0,0.5,None,200,1,81,26,USA,2003,2004
2403,Nene,ene,1610612743,DEN,21.0,77,40,37,0.519,2511.225,334,630,0.53,0,2,0.0,240,352,0.682,154,349,503,168,183,116,41,68,280,2,908,280,2051.6,12,0,1893.0,102,95,313,179,69,92,117,17,289,305,289,46,36,298,51,49,47,106,40,20,82,405,439,6,87,30,80,47,19,83,1,155,137,26,16.1,0.171,170,0.92,102.5,69,146,0.169,271,5.7,52,121,98.3,104.1,79.31,274,0.142,4976,98.3,4.8,96,0.104,166,95.17,16.2,262,0.094,8.2,104.1,31,69,96,14.8,4.3,0.103,0.064,77,170,0.53,95.17,221,190,172,81,0.578,52,39,96.24,97.7,387,387,102,5.7,41,0.0,0.0,0.0,1.0,31,1.0,0.0,0.293,0.0,140,0.313,99,0.0,0.0,0.0,262,0.674,0.0,0.0,0.0,0.0,389,0.0,0.333,0.0,2.0,50.0,10.0,1,24.0,0.337,0.0,0.0,0.663,89,0.0,0.0,0.0,0.0,0.0,3,0.0,30,269,DEN,80.0,0.0,406,0.0,0.3,0.2,None,260,1,83,7,Brazil,2002,2004
89,Nick Van Exel,Nick,1610612744,GSW,32.0,39,14,25,0.359,1257.1866666666667,187,479,0.39,46,150,0.307,70,99,0.707,16,88,104,206,78,20,2,18,57,0,490,-156,911.8,3,0,890.0,320,329,182,340,208,177,158,326,109,96,173,205,201,278,325,277,295,83,182,285,356,210,126,79,179,394,216,124,19,208,1,390,68,325,9.7,0.219,418,2.64,100.3,364,373,0.215,115,-7.1,165,404,107.5,100.3,77.3,34,0.072,2438,107.5,-7.2,234,0.281,396,92.76,9.7,112,0.085,12.3,100.3,290,364,234,25.5,4.8,0.042,0.013,146,418,0.438,92.76,32,67,218,354,0.469,165,202,92.76,107.5,92,91,85,-7.1,51,7.0,0.315,0.444,1.0,54,124.0,3.0,0.372,9.0,137,0.412,131,39.0,16.0,25.0,36,0.59,0.0,0.0,0.28,0.188,61,4.0,0.323,0.323,2.0,64.0,25.0,21,39.0,0.381,0.0,99.0,0.608,63,0.5,0.0,0.0,1.0,0.0,65,0.0,24,45,GSW,112.0,0.0,74,32.0,0.348,0.391,Cincinnati,195,2,73,37,USA,1993,2004
2401,Nikoloz Tskitishvili,Nikoloz,1610612743,DEN,21.0,39,21,18,0.538,305.73333333333335,40,122,0.328,3,11,0.273,23,29,0.793,24,39,63,10,17,6,8,4,50,1,106,-44,221.6,0,0,210.0,320,276,124,152,354,342,331,406,228,238,214,314,327,135,293,343,335,368,348,362,273,64,115,21,342,271,353,235,19,353,1,179,325,401,10.5,0.215,179,0.59,95.2,367,178,0.206,129,-7.2,371,291,98.6,91.3,81.31,360,0.132,622,98.6,-6.6,29,0.057,158,97.58,10.4,139,0.024,3.1,91.3,404,367,29,6.1,1.0,0.097,0.068,336,179,0.34,97.58,361,400,403,343,0.393,371,144,94.02,101.8,141,144,361,-7.2,21,0.0,0.3,0.0,,5,10.0,0.0,0.284,0.0,74,0.357,14,3.0,2.0,2.0,11,0.5,,,0.0,0.0,22,0.0,0.226,0.0,0.0,3.0,1.0,7,6.0,0.292,,2.0,0.522,48,0.0,,,0.0,,31,,14,12,DEN,15.0,,23,0.0,0.4,0.333,None,225,1,84,5,Georgia,2002,2004
178,Olden Polynice,Olden,1610612746,LAC,39.0,2,1,1,0.5,11.0,0,0,0.0,0,0,0.0,0,0,0.0,1,1,2,1,4,1,0,0,2,0,0,1,2.9,0,0,5.0,432,424,4,194,437,438,441,438,289,361,289,425,429,425,413,427,429,413,400,403,398,1,13,79,439,174,440,235,19,436,1,423,441,439,80.0,0.164,5,0.25,72.9,84,424,0.174,288,4.5,431,4,72.7,77.3,80.0,417,0.0,22,72.7,-1.5,61,0.143,420,96.0,80.0,244,-0.109,0.0,77.3,438,84,61,20.0,0.0,0.0,0.0,436,5,0.0,96.0,155,113,437,222,0.0,431,12,97.83,74.3,441,441,438,4.5,0,,0.0,,,0,0.0,,0.0,,0,0.0,0,0.0,,,0,0.0,,,,,0,,0.0,0.0,,0.0,0.0,0,0.0,0.0,,0.0,0.0,0,,,,,,0,,0,0,LAC,0.0,,0,0.0,0.0,0.0,Virginia,250,1,82,8,Haiti,1987,2004
932,Oliver Miller,Oliver,1610612750,MIN,34.0,48,35,13,0.729,504.9066666666667,53,100,0.53,0,1,0.0,15,23,0.652,46,84,130,36,33,19,26,14,91,0,121,-8,433.0,0,0,377.0,287,139,95,31,324,325,340,18,289,323,289,349,350,329,215,281,268,279,296,289,123,172,185,79,334,194,305,235,19,313,1,66,390,61,18.4,0.135,99,1.09,98.0,194,97,0.13,383,-0.6,302,111,96.3,95.7,78.67,232,0.162,992,96.3,0.7,142,0.115,45,94.4,18.4,387,0.075,2.1,95.7,32,194,142,20.1,1.1,0.132,0.098,251,99,0.53,94.4,196,111,281,160,0.549,302,200,92.76,97.3,405,405,349,-0.6,2,0.0,0.0,0.0,1.0,4,0.0,0.0,0.167,0.0,12,0.5,8,0.0,0.0,0.0,47,0.595,0.0,0.0,0.0,0.0,79,0.0,0.0,0.0,1.0,4.0,1.0,0,0.0,0.111,0.0,0.0,0.614,9,0.0,0.0,0.0,0.0,0.0,0,0.0,1,51,MIN,3.0,0.0,83,0.0,0.0,0.25,Arkansas,315,1,81,22,USA,1992,2004
2241,Omar Cook,Omar,1610612757,POR,22.0,17,12,5,0.706,138.145,7,27,0.259,0,1,0.0,0,0,0.0,3,3,6,24,10,10,0,2,14,0,14,-25,77.2,0,0,64.0,377,350,36,40,383,396,389,426,289,323,289,425,429,425,392,416,411,307,370,342,398,45,57,79,403,241,385,235,19,386,1,420,405,432,16.4,0.123,261,2.4,92.8,396,423,0.118,407,-10.5,380,286,100.8,90.2,76.59,56,0.024,266,100.8,-8.9,282,0.286,326,91.9,16.4,409,0.023,1.6,90.2,428,396,282,39.3,0.4,0.023,0.022,378,261,0.259,91.9,28,4,406,376,0.259,380,350,90.22,101.7,390,391,422,-10.5,6,0.0,0.0,0.0,,0,1.0,0.0,0.3,0.0,20,0.0,1,0.0,0.0,0.0,1,0.2,,,0.0,0.0,5,0.0,0.556,0.0,0.0,2.0,0.0,5,0.0,0.111,,1.0,0.2,9,0.0,,,0.0,,9,,1,1,POR,1.0,,5,0.0,0.0,0.0,St. John's (NY),190,2,73,31,USA,2001,2004
970,Othella Harrington,Othella,1610612752,NYK,30.0,56,27,29,0.482,871.035,100,202,0.495,0,0,0.0,58,78,0.744,58,119,177,29,65,12,14,14,134,1,258,-59,526.9,2,0,516.0,248,216,233,220,258,262,278,50,289,361,289,235,237,227,180,233,217,292,207,325,209,172,252,21,261,300,282,146,19,277,1,145,300,70,19.7,0.163,184,0.45,95.6,297,145,0.159,292,-4.0,327,211,98.8,94.8,76.0,389,0.143,1659,98.8,-4.4,326,0.059,149,91.2,19.7,293,0.056,3.6,94.8,97,297,326,8.8,1.8,0.106,0.07,320,184,0.495,91.2,358,333,348,298,0.546,327,352,90.21,100.0,418,417,270,-4.0,27,0.0,0.0,0.0,0.0,19,0.0,0.0,0.351,0.0,77,0.373,51,0.0,0.0,0.0,54,0.73,0.0,0.0,0.0,0.0,74,0.0,0.0,0.0,0.0,51.0,17.0,0,16.0,0.3,0.0,0.0,0.667,30,0.0,0.0,0.0,0.0,0.0,0,0.0,9,58,NYK,34.0,0.0,87,0.0,0.471,0.333,Georgetown,235,2,81,30,USA,1996,2004
136,P.J. Brown,P.J.,1610612740,NOH,34.0,80,40,40,0.5,2757.1583333333333,339,712,0.476,0,1,0.0,158,185,0.854,237,453,690,155,101,78,73,56,203,0,836,79,2248.5,24,0,1983.0,61,95,338,194,44,89,103,89,289,323,289,93,107,51,12,22,18,117,138,84,40,382,377,79,102,85,60,25,19,72,1,85,120,132,9.6,0.149,191,1.53,99.8,139,86,0.147,345,2.0,130,147,99.0,100.9,75.85,148,0.166,5217,99.0,1.4,340,0.097,88,91.02,9.6,335,0.116,8.9,100.9,176,139,340,14.7,4.2,0.125,0.085,174,191,0.476,91.02,245,192,69,145,0.527,130,264,91.82,98.4,86,88,106,2.0,170,0.0,0.0,0.0,0.0,34,1.0,0.0,0.453,0.0,375,0.351,97,0.0,0.0,0.0,135,0.565,0.0,0.0,0.0,0.0,239,0.0,0.429,0.0,0.0,137.0,61.0,3,19.0,0.45,0.0,1.0,0.552,260,0.0,0.0,0.0,0.0,0.0,7,0.0,117,139,NOH,55.0,0.0,252,0.0,0.345,0.445,Louisiana Tech,239,2,83,29,USA,1992,2004
1727,Pat Garrity,Pat,1610612753,ORL,27.0,2,0,2,0.0,21.25,1,3,0.333,0,0,0.0,0,0,0.0,0,0,0,1,0,0,0,0,2,0,2,-15,3.5,0,0,3.0,432,431,11,431,425,427,432,399,289,361,289,425,429,425,427,437,439,413,434,419,398,1,13,79,433,210,437,235,19,439,1,423,408,418,0.0,0.067,440,0.0,87.9,435,424,0.068,440,-41.8,385,438,131.6,89.7,72.47,423,0.0,39,131.6,-38.7,436,0.083,420,86.96,0.0,440,-0.015,1.5,89.7,408,435,436,25.0,0.5,0.0,0.0,410,440,0.333,86.96,283,69,429,434,0.333,385,377,89.63,126.5,1,1,409,-41.8,1,0.0,0.0,0.0,0.0,0,0.0,0.0,0.333,0.0,3,0.0,0,0.0,0.0,0.0,0,0.0,0.0,0.0,0.0,0.0,0,0.0,0.0,0.0,0.0,0.0,0.0,0,0.0,0.5,,0.0,0.0,2,0.0,,,0.0,,1,,1,0,ORL,0.0,,0,0.0,0.0,0.0,Notre Dame,238,1,81,19,USA,1998,2004
2200,Pau Gasol,Pau,1610612763,MEM,23.0,78,49,29,0.628,2451.6133333333332,506,1049,0.482,4,15,0.267,365,511,0.714,206,394,600,198,187,44,132,132,185,1,1381,113,2739.0,24,0,2535.0,91,43,233,99,73,31,39,73,217,222,221,14,8,269,24,34,32,89,37,184,16,440,348,21,29,67,25,25,19,32,1,89,53,78,11.3,0.267,346,1.06,105.2,136,94,0.264,32,2.1,35,324,103.6,105.7,78.57,242,0.163,4822,103.6,2.4,146,0.143,83,94.28,11.2,27,0.137,13.4,105.7,137,136,146,11.9,6.5,0.124,0.085,39,346,0.484,94.28,153,249,26,122,0.542,35,103,94.87,102.8,183,187,40,2.1,88,2.0,0.2,0.4,0.0,150,10.0,0.0,0.365,5.0,241,0.416,361,2.0,0.0,5.0,264,0.611,0.0,0.0,0.4,0.0,432,2.0,0.417,0.0,1.0,84.0,28.0,10,124.0,0.414,0.0,5.0,0.601,128,0.0,0.0,0.0,0.0,0.0,24,0.0,53,291,MEM,323.0,0.0,484,0.0,0.384,0.333,None,240,1,84,3,Spain,2001,2004
1514,Paul Grant,Paul,1610612762,UTA,30.0,10,4,6,0.4,96.33833333333334,11,23,0.478,0,0,0.0,3,8,0.375,7,10,17,3,7,1,1,2,17,0,25,-21,48.9,0,0,49.0,397,394,49,310,391,386,392,81,289,361,289,394,380,419,370,385,383,396,381,403,378,45,63,79,390,231,398,235,19,396,1,186,379,319,19.2,0.165,61,0.43,85.5,388,222,0.163,283,-9.3,415,241,93.7,84.4,78.06,397,0.114,186,93.7,-15.1,174,0.063,122,93.67,18.9,285,0.009,2.3,84.4,160,388,174,8.1,1.1,0.094,0.075,418,61,0.478,93.67,347,345,412,418,0.471,415,371,89.81,100.6,410,411,350,-9.3,4,0.0,0.0,0.0,0.0,3,0.0,0.0,0.444,0.0,9,0.5,6,0.0,0.0,0.0,4,0.5,0.0,0.0,0.0,0.0,8,0.0,0.0,0.0,0.0,3.0,1.0,0,3.0,0.429,,0.0,0.5,7,0.0,0.0,,0.0,0.0,0,0.0,3,4,UTA,5.0,,8,0.0,0.6,0.333,Wisconsin,245,1,84,20,USA,1997,2004
1718,Paul Pierce,Paul,1610612738,BOS,26.0,80,35,45,0.438,3099.795,602,1497,0.402,115,384,0.299,517,631,0.819,69,453,522,410,303,131,52,77,234,1,1836,-68,3323.4,19,1,3249.0,61,139,388,271,13,12,3,291,28,14,187,2,2,95,148,22,41,21,1,13,67,421,414,21,4,319,5,31,7,2,1,209,8,165,12.2,0.304,311,1.35,100.1,211,140,0.299,6,-1.2,135,219,102.0,100.8,79.1,171,0.144,6131,102.0,-0.1,110,0.249,317,94.91,12.2,6,0.137,18.7,100.8,280,211,110,16.5,7.5,0.084,0.023,158,311,0.441,94.91,63,160,27,183,0.517,135,43,96.1,100.2,246,245,20,-1.2,253,7.0,0.315,0.235,3.0,48,343.0,3.0,0.404,17.0,627,0.345,139,108.0,20.0,37.0,186,0.534,0.0,0.0,0.189,0.15,348,4.0,0.348,0.286,5.0,167.0,69.0,100,24.0,0.408,0.0,199.0,0.519,404,0.0,1.0,2.0,0.0,0.0,287,0.0,165,187,BOS,72.0,0.0,360,57.0,0.333,0.413,Kansas,230,1,78,10,USA,1998,2004
2321,Paul Shirley,Paul,1610612741,CHI,26.0,7,1,6,0.143,83.97166666666666,10,23,0.435,0,1,0.0,1,3,0.333,8,8,16,4,9,1,1,2,9,0,21,-29,43.2,0,0,45.0,407,424,49,427,395,390,392,200,289,323,289,413,409,420,363,395,385,389,375,403,378,45,43,79,396,248,401,235,19,399,1,178,316,379,24.1,0.179,51,0.44,79.9,420,265,0.17,241,-15.8,432,59,92.9,77.1,79.79,390,0.101,166,92.9,-14.2,67,0.098,62,95.75,24.3,256,0.026,3.3,77.1,298,420,67,10.8,1.4,0.097,0.093,430,51,0.435,95.75,239,279,401,415,0.432,432,166,93.53,94.0,432,432,308,-15.8,3,0.0,0.0,0.0,0.0,1,0.0,0.0,0.273,0.0,11,0.333,3,0.0,1.0,1.0,6,0.75,0.0,0.0,0.0,0.0,8,0.0,0.0,0.0,0.0,0.0,0.0,0,1.0,0.286,,0.0,0.7,7,0.0,,,0.0,,3,,2,7,CHI,3.0,,10,0.0,0.333,0.0,Iowa State,230,Undrafted,82,Undrafted,USA,Undrafted,2004
978,Peja Stojakovic,Peja,1610612758,SAC,27.0,81,55,26,0.679,3268.9883333333332,665,1386,0.48,240,554,0.433,394,425,0.927,91,417,508,173,153,108,14,55,159,0,1964,428,3046.1,9,0,3129.0,43,19,194,59,2,2,10,77,1,2,26,8,27,15,116,29,45,104,70,26,209,380,295,79,2,12,13,68,19,3,1,224,16,7,8.1,0.24,336,1.13,108.9,51,190,0.234,71,6.7,14,319,102.9,109.6,79.13,223,0.126,6464,102.9,6.2,109,0.09,283,94.95,8.1,65,0.138,17.1,109.6,10,51,109,9.2,8.2,0.079,0.029,17,336,0.566,94.95,266,322,21,63,0.624,14,72,95.36,102.7,41,39,9,6.7,171,71.0,0.448,0.424,1.0,43,377.0,32.0,0.421,92.0,406,0.391,110,169.0,84.0,176.0,211,0.668,0.0,0.0,0.403,0.381,316,39.0,0.436,0.461,4.0,93.0,36.0,206,27.0,0.419,0.0,165.0,0.643,248,0.0,1.0,2.0,0.0,0.0,472,0.0,104,216,SAC,65.0,0.0,336,76.0,0.415,0.387,None,229,1,82,14,Serbia,1996,2004
461,Popeye Jones,Popeye,1610612744,GSW,34.0,5,3,2,0.6,9.986666666666666,0,2,0.0,0,0,0.0,0,0,0.0,1,0,1,0,0,0,0,0,2,0,0,-10,1.2,0,0,1.0,418,404,11,117,439,438,437,438,289,361,289,425,429,425,413,437,433,426,434,419,398,1,13,79,439,200,441,235,19,441,1,423,440,439,0.0,0.088,437,0.0,91.6,433,424,0.08,437,-39.9,423,435,121.7,81.8,90.12,423,0.0,22,121.7,-34.0,6,0.0,420,108.14,0.0,437,-0.119,0.4,81.8,438,433,6,0.0,0.0,0.0,0.0,385,437,0.0,108.14,426,426,438,432,0.0,423,8,100.74,125.7,1,1,438,-39.9,0,0.0,0.0,,,0,0.0,0.0,0.0,,1,0.0,0,0.0,0.0,0.0,0,0.0,,,0.0,0.0,1,,0.0,0.0,,1.0,0.0,0,0.0,0.0,,0.0,0.0,0,,,,,,0,,0,0,GSW,0.0,,1,0.0,0.0,0.0,Murray State,265,2,80,41,USA,1992,2004
1542,Predrag Drobnjak,Predrag,1610612746,LAC,28.0,61,20,41,0.328,952.2133333333334,149,379,0.393,11,36,0.306,73,86,0.849,54,142,196,39,48,22,24,17,85,0,382,-230,765.7,4,0,720.0,221,286,353,363,245,212,199,317,176,186,174,199,224,58,190,203,202,275,247,273,131,199,172,79,214,425,238,111,19,235,1,159,193,337,9.5,0.217,413,0.81,94.6,404,103,0.214,125,-12.3,321,407,107.2,94.9,78.11,305,0.157,1859,107.2,-13.4,170,0.078,198,93.74,9.5,116,0.082,6.2,94.9,352,404,170,7.7,2.4,0.103,0.054,350,413,0.408,93.74,302,362,240,409,0.458,321,164,93.58,107.9,83,84,210,-12.3,63,0.0,0.333,0.0,0.0,34,33.0,0.0,0.346,1.0,182,0.415,82,11.0,2.0,3.0,41,0.519,0.0,0.0,0.0,0.0,79,0.0,0.325,0.333,0.0,50.0,16.0,13,21.0,0.361,0.0,21.0,0.522,122,0.0,0.0,1.0,0.0,0.0,40,0.0,44,48,LAC,53.0,0.0,92,7.0,0.396,0.32,None,272,2,83,48,Serbia,1997,2004
2056,Primoz Brezec,Primoz,1610612754,IND,24.0,18,11,7,0.611,69.91166666666666,12,26,0.462,0,0,0.0,4,6,0.667,5,10,15,3,6,0,3,5,13,0,28,-16,53.5,0,0,52.0,375,355,58,109,400,384,390,131,289,361,289,386,384,309,377,385,387,396,388,419,342,75,54,79,387,212,393,235,19,394,1,112,412,270,15.9,0.246,53,0.5,89.8,401,113,0.217,60,-11.9,424,237,92.9,81.0,80.96,374,0.154,142,92.9,-10.8,34,0.1,108,97.15,16.2,108,0.049,1.4,81.0,228,401,34,8.1,0.7,0.117,0.079,398,53,0.462,97.15,232,345,368,396,0.489,424,411,88.69,100.6,388,386,399,-11.9,1,0.0,0.0,0.0,,2,0.0,0.0,0.2,0.0,5,0.667,3,0.0,0.0,0.0,9,0.5,,,0.0,0.0,18,0.0,0.0,0.0,0.0,2.0,0.0,0,2.0,0.5,,0.0,0.474,2,0.0,,,0.0,,0,,1,9,IND,3.0,,19,0.0,0.667,0.0,None,252,1,85,27,Slovenia,2000,2004
2047,Quentin Richardson,Quentin,1610612746,LAC,24.0,65,26,39,0.4,2339.7283333333335,425,1068,0.398,120,341,0.352,151,204,0.74,146,268,414,139,141,67,19,68,130,0,1121,-168,1943.3,11,0,1966.0,204,223,326,310,86,53,37,305,26,23,113,99,97,236,56,85,70,128,80,104,166,405,245,79,59,402,88,53,19,74,1,201,25,285,9.8,0.24,406,0.99,101.6,293,214,0.236,69,-3.9,87,394,106.5,102.7,78.85,256,0.117,4617,106.5,-4.9,130,0.108,183,94.62,9.8,61,0.093,16.4,102.7,246,293,130,9.7,6.5,0.088,0.06,107,406,0.454,94.62,208,309,176,308,0.484,87,81,95.19,106.4,106,106,36,-3.9,66,17.0,0.358,0.412,1.0,40,288.0,10.0,0.281,17.0,235,0.364,110,103.0,35.0,52.0,199,0.521,0.0,0.0,0.327,0.286,382,7.0,0.345,0.356,2.0,60.0,13.0,61,33.0,0.305,0.0,208.0,0.516,131,0.0,3.0,0.0,0.0,0.0,177,0.0,40,204,LAC,92.0,0.0,395,74.0,0.359,0.217,DePaul,238,1,77,18,USA,2000,2004
1900,Quincy Lewis,Quincy,1610612750,MIN,27.0,14,9,5,0.643,63.485,7,20,0.35,2,5,0.4,0,0,0.0,1,6,7,2,3,2,2,2,10,0,16,-38,36.4,0,0,35.0,391,368,36,89,404,396,398,390,236,263,40,425,429,425,413,401,405,402,405,390,356,45,49,79,399,261,403,235,19,404,1,330,413,395,12.0,0.175,228,0.67,78.1,429,313,0.164,253,-26.0,435,395,100.0,74.0,83.8,335,0.087,131,100.0,-28.4,15,0.067,366,100.56,12.0,278,0.01,1.4,74.0,361,429,15,8.0,0.5,0.053,0.016,434,228,0.4,100.56,336,353,410,430,0.4,435,102,94.87,106.5,237,239,409,-26.0,3,2.0,0.0,1.0,1.0,0,2.0,1.0,0.333,1.0,9,0.0,2,0.0,1.0,2.0,2,0.5,0.0,0.0,1.0,1.0,4,1.0,0.5,0.0,1.0,4.0,1.0,2,0.0,0.286,,0.0,0.5,7,0.0,0.0,,0.0,0.0,4,0.0,2,2,MIN,0.0,,4,0.0,0.0,0.25,Minnesota,215,1,79,19,USA,1999,2004
2417,Qyntel Woods,Qyntel,1610612757,POR,23.0,62,31,31,0.5,665.25,88,237,0.371,10,29,0.345,38,60,0.633,46,90,136,46,52,20,14,24,88,0,224,-85,506.2,0,0,484.0,216,183,255,194,294,276,259,370,181,200,122,278,267,344,215,273,260,261,241,285,209,241,177,79,276,340,284,235,19,284,1,146,289,385,14.4,0.22,266,0.88,95.6,352,136,0.212,113,-6.3,332,318,100.9,94.5,76.15,284,0.145,1264,100.9,-7.1,319,0.121,152,91.38,14.4,124,0.052,3.8,94.5,374,352,319,12.7,1.4,0.106,0.069,328,266,0.392,91.38,182,232,359,353,0.425,332,360,90.09,102.7,347,347,311,-6.3,33,5.0,0.313,0.556,1.0,7,16.0,0.0,0.33,9.0,100,0.28,25,5.0,3.0,12.0,38,0.458,0.0,0.0,0.417,0.0,83,5.0,0.368,0.2,1.0,15.0,6.0,21,6.0,0.341,0.0,10.0,0.447,44,0.0,0.0,1.0,0.0,0.0,57,0.0,15,38,POR,24.0,0.0,85,2.0,0.25,0.4,Northeast Mississippi CC,221,1,80,21,USA,2002,2004
1711,Raef LaFrentz,Raef,1610612738,BOS,28.0,17,9,8,0.529,330.20666666666665,57,124,0.46,8,40,0.2,10,13,0.769,30,49,79,24,11,8,13,3,47,0,132,65,314.8,0,0,285.0,377,368,66,164,352,320,329,136,194,177,253,367,369,166,269,326,318,307,368,351,222,59,109,79,328,96,336,235,19,336,1,115,162,204,6.7,0.19,75,2.18,106.0,16,149,0.186,198,10.5,44,73,94.5,105.1,79.22,75,0.141,652,94.5,10.7,103,0.115,71,95.07,6.7,195,0.108,7.3,105.1,108,16,103,14.5,3.4,0.116,0.089,29,75,0.492,95.07,191,197,107,16,0.509,44,132,94.28,95.2,16,16,150,10.5,22,3.0,0.192,0.333,0.0,3,26.0,2.0,0.564,3.0,39,0.5,6,5.0,11.0,14.0,24,0.615,0.0,0.0,0.214,0.182,39,1.0,0.306,0.111,0.0,5.0,3.0,11,2.0,0.7,0.0,18.0,0.61,20,0.0,0.0,0.0,0.0,0.0,36,0.0,14,25,BOS,4.0,0.0,41,2.0,0.5,0.6,Kansas,245,1,83,3,USA,1998,2004
1747,Rafer Alston,Rafer,1610612748,MIA,27.0,82,42,40,0.512,2584.78,287,764,0.376,161,434,0.371,103,134,0.769,26,200,226,372,128,114,18,16,212,0,838,67,1935.2,1,0,1861.0,3,74,338,184,60,114,91,361,8,6,84,152,162,172,286,147,184,25,93,22,174,192,387,79,101,95,90,178,19,87,1,370,111,203,9.7,0.174,183,2.91,99.7,151,338,0.171,260,1.3,174,149,98.8,100.1,74.91,17,0.081,4843,98.8,1.3,379,0.252,409,89.89,9.7,253,0.096,9.3,100.1,145,151,379,28.1,3.5,0.045,0.01,176,183,0.481,89.89,61,41,159,149,0.509,174,354,90.18,98.5,90,92,143,1.3,38,21.0,0.379,0.366,3.0,20,367.0,6.0,0.286,41.0,133,0.333,60,139.0,20.0,61.0,69,0.493,0.0,0.0,0.344,0.3,140,15.0,0.385,0.351,4.0,23.0,3.0,120,15.0,0.307,0.0,151.0,0.497,75,0.0,0.0,0.0,0.0,0.0,312,0.0,23,73,MIA,52.0,0.0,147,53.0,0.288,0.13,Fresno State,175,2,74,39,USA,1998,2004
1952,Raja Bell,Raja,1610612762,UTA,27.0,82,42,40,0.512,2020.905,329,805,0.409,62,166,0.373,195,248,0.786,60,181,241,107,111,63,13,60,262,1,915,-67,1481.7,0,0,1477.0,3,74,338,184,126,95,82,271,84,90,78,70,77,145,174,165,175,174,117,123,222,390,432,21,82,317,128,235,19,120,1,272,101,234,9.8,0.236,235,0.96,97.1,226,271,0.233,78,-1.6,224,218,100.0,98.4,74.75,265,0.098,3774,100.0,-3.1,391,0.107,275,89.7,9.8,70,0.082,9.8,98.4,262,226,391,9.4,4.0,0.064,0.031,280,235,0.447,89.7,209,316,241,265,0.5,224,353,90.19,100.2,100,105,114,-1.6,170,28.0,0.378,0.378,0.0,21,90.0,14.0,0.39,37.0,436,0.362,58,34.0,36.0,73.0,76,0.514,0.0,0.0,0.384,0.389,148,14.0,0.392,0.379,0.0,68.0,28.0,118,12.0,0.384,0.0,29.0,0.51,216,0.0,1.0,0.0,0.0,0.0,301,0.0,83,77,UTA,39.0,0.0,151,11.0,0.308,0.412,Florida International,210,Undrafted,77,Undrafted,US Virgin Islands,Undrafted,2004
988,Randy Livingston,Randy,1610612746,LAC,29.0,4,0,4,0.0,48.25,2,10,0.2,0,3,0.0,4,6,0.667,2,5,7,4,4,2,0,2,7,0,8,-26,24.4,0,0,23.0,422,431,30,431,407,420,413,432,289,286,289,386,384,309,400,408,405,389,400,390,398,45,36,79,415,244,409,235,19,409,1,301,369,424,19.4,0.157,403,1.0,78.5,431,317,0.156,315,-28.0,429,405,106.5,78.5,77.1,248,0.086,93,106.5,-29.2,247,0.182,268,92.52,19.0,303,-0.008,2.5,78.5,433,431,247,19.0,0.5,0.059,0.033,431,403,0.2,92.52,112,123,424,431,0.316,429,256,91.96,107.7,412,412,409,-28.0,1,0.0,0.0,0.0,,1,3.0,0.0,0.25,0.0,4,1.0,1,0.0,0.0,0.0,0,0.0,,,0.0,0.0,2,0.0,0.0,0.0,0.0,0.0,0.0,0,1.0,0.333,,2.0,0.0,3,0.0,,,0.0,,1,,1,0,LAC,2.0,,2,0.0,0.5,0.0,Louisiana State,209,2,76,42,USA,1996,2004
1740,Rashard Lewis,Rashard,1610612760,SEA,24.0,80,37,43,0.463,2933.645,535,1229,0.435,145,386,0.376,206,270,0.763,133,385,518,175,135,99,54,48,233,1,1421,-4,2629.1,6,0,2565.0,61,123,374,238,26,22,21,199,14,13,71,64,66,185,65,35,43,100,85,35,64,363,413,21,25,187,35,86,19,28,1,192,33,130,8.1,0.233,402,1.3,105.2,170,172,0.231,83,0.3,26,380,106.3,106.6,76.55,192,0.133,5604,106.3,-0.2,286,0.105,208,91.86,8.2,77,0.108,15.4,106.6,101,170,286,10.6,6.7,0.09,0.047,41,402,0.494,91.86,216,283,109,184,0.527,26,196,92.88,105.4,42,42,33,0.3,135,60.0,0.347,0.429,2.0,93,245.0,27.0,0.342,77.0,395,0.456,204,85.0,61.0,138.0,162,0.661,0.0,0.0,0.435,0.443,245,33.0,0.384,0.366,2.0,123.0,45.0,111,80.0,0.321,0.0,161.0,0.626,190,0.0,1.0,0.0,0.0,0.0,289,0.0,61,179,SEA,177.0,0.0,286,59.0,0.452,0.366,None,215,2,82,32,USA,1998,2004
739,Rasheed Wallace,Rasheed,1610612765,DET,29.0,68,40,28,0.588,2393.4666666666667,425,974,0.436,82,248,0.331,156,212,0.736,102,357,459,156,119,61,122,27,190,0,1088,189,2302.8,10,0,2151.0,186,95,225,122,80,53,49,196,52,49,150,95,94,240,95,42,59,116,105,131,20,256,360,79,63,45,59,61,19,58,3,164,40,200,8.9,0.234,187,1.31,102.3,89,112,0.231,82,4.2,79,146,98.9,103.2,73.99,185,0.154,4428,98.9,4.0,419,0.115,213,88.79,8.9,75,0.114,14.3,103.2,159,89,419,11.6,6.3,0.101,0.045,85,187,0.478,88.79,195,255,77,92,0.51,79,384,89.44,98.3,64,64,46,4.2,144,10.0,0.346,0.235,2.0,85,208.0,6.0,0.4,17.0,360,0.478,178,72.0,21.0,38.0,114,0.606,0.0,0.0,0.263,0.286,188,4.0,0.371,0.303,4.0,160.0,80.0,69,69.0,0.338,0.0,109.0,0.591,139,0.0,0.0,0.0,0.0,0.0,186,0.0,47,127,DET,161.0,0.0,215,33.0,0.429,0.5,North Carolina,230,1,83,4,USA,1995,2004
1725,Rasho Nesterovic,Rasho,1610612759,SAS,28.0,82,57,25,0.695,2359.355,328,700,0.469,0,0,0.0,54,114,0.474,257,376,633,114,107,51,165,41,247,0,710,278,2181.6,15,0,1889.0,3,7,182,46,83,96,106,118,289,361,289,244,183,411,7,37,26,163,122,162,11,330,417,79,121,31,66,40,19,84,1,56,127,309,11.0,0.17,44,1.07,98.7,55,102,0.167,275,6.6,210,36,92.4,99.0,75.61,240,0.158,4452,92.4,6.6,348,0.082,20,90.74,11.0,269,0.101,8.5,99.0,205,55,348,11.7,4.0,0.135,0.111,224,44,0.469,90.74,292,254,137,56,0.473,210,307,91.08,92.0,168,169,115,6.6,103,0.0,0.0,0.0,0.0,68,0.0,0.0,0.389,0.0,265,0.393,173,0.0,0.0,0.0,157,0.599,0.0,0.0,0.0,0.0,262,0.0,0.286,0.0,0.0,103.0,41.0,2,54.0,0.413,0.0,0.0,0.58,155,0.0,0.0,0.0,0.0,0.0,7,0.0,64,167,SAS,147.0,0.0,288,0.0,0.367,0.398,None,248,1,84,17,Slovenia,1998,2004
2446,Rasual Butler,Rasual,1610612748,MIA,25.0,45,28,17,0.622,675.315,119,250,0.476,50,108,0.463,16,21,0.762,4,57,61,23,28,10,13,5,72,0,304,44,452.7,0,0,484.0,295,206,116,105,293,239,254,90,102,121,16,344,353,187,385,318,336,314,315,342,222,75,152,79,241,110,300,235,19,284,1,368,216,20,9.0,0.203,131,0.82,101.1,121,332,0.196,154,2.6,178,128,97.3,99.9,77.12,302,0.082,1307,97.3,3.3,245,0.066,416,92.54,9.0,160,0.087,5.6,99.9,7,121,245,7.4,2.6,0.045,0.006,124,131,0.576,92.54,337,370,209,99,0.586,178,270,91.73,97.8,71,70,190,2.6,46,22.0,0.389,0.625,0.0,3,72.0,12.0,0.438,16.0,105,0.273,11,28.0,19.0,35.0,20,0.741,0.0,0.0,0.629,0.632,27,10.0,0.54,0.406,0.0,25.0,6.0,54,3.0,0.397,0.0,32.0,0.741,58,0.0,0.0,0.0,0.0,0.0,100,0.0,23,20,MIA,8.0,0.0,27,13.0,0.375,0.24,La Salle,205,2,79,52,USA,2002,2004
2221,Raul Lopez,Raul,1610612762,UTA,24.0,82,42,40,0.512,1622.225,223,517,0.431,25,85,0.294,101,117,0.863,24,131,155,305,174,62,2,27,200,0,572,-45,1233.5,1,0,1185.0,3,74,338,184,164,149,149,208,141,136,191,158,179,42,293,214,240,44,52,126,356,256,374,79,154,276,169,178,19,159,1,336,190,226,16.6,0.215,141,1.75,95.4,210,309,0.21,130,-1.1,282,120,97.5,96.4,74.43,112,0.088,3013,97.5,-2.3,405,0.364,365,89.31,16.7,130,0.102,6.3,96.4,241,210,405,29.3,2.7,0.052,0.016,333,141,0.456,89.31,8,34,133,236,0.503,282,375,89.73,97.6,396,395,185,-1.1,111,1.0,0.308,0.333,1.0,20,78.0,0.0,0.468,3.0,237,0.339,59,24.0,1.0,4.0,67,0.486,0.0,0.0,0.25,0.0,138,1.0,0.44,0.267,1.0,48.0,17.0,62,12.0,0.483,0.0,30.0,0.476,116,0.0,3.0,0.0,0.0,0.0,141,0.0,56,68,UTA,35.0,0.0,143,8.0,0.343,0.354,None,160,1,72,24,Spain,2001,2004
951,Ray Allen,Ray,1610612760,SEA,28.0,56,25,31,0.446,2156.6666666666665,447,1017,0.44,148,378,0.392,245,271,0.904,69,217,286,268,156,71,11,46,132,0,1287,89,2122.2,6,1,2153.0,248,228,255,258,105,47,44,186,11,15,50,44,64,18,148,127,135,56,64,90,243,346,248,79,41,75,74,86,7,57,1,259,10,40,10.0,0.278,407,1.72,107.5,128,250,0.273,23,2.4,17,389,106.6,109.0,75.97,119,0.105,4092,106.6,1.6,331,0.223,264,91.16,10.1,21,0.137,18.2,109.0,58,128,331,17.3,8.0,0.069,0.033,20,407,0.512,91.16,87,142,25,142,0.566,17,253,92.06,105.9,117,115,11,2.4,115,38.0,0.381,0.426,3.0,47,289.0,18.0,0.375,47.0,307,0.395,119,110.0,39.0,86.0,137,0.643,0.0,0.0,0.442,0.462,213,20.0,0.407,0.4,3.0,120.0,47.0,98,37.0,0.367,0.5,175.0,0.61,150,0.0,1.0,2.0,0.0,0.0,241,0.0,55,139,SEA,97.0,1.0,228,70.0,0.381,0.392,Connecticut,205,1,77,5,USA,1996,2004
2558,Reece Gaines,Reece,1610612753,ORL,23.0,38,4,34,0.105,354.62666666666667,25,86,0.291,3,10,0.3,16,25,0.64,8,31,39,40,18,11,2,5,22,0,69,-22,196.8,0,0,177.0,323,394,284,430,349,361,352,417,228,240,183,344,344,342,363,355,360,272,344,337,356,75,68,79,360,232,359,235,19,359,1,326,383,411,11.6,0.15,119,2.22,96.1,214,319,0.147,340,-1.2,306,167,96.9,95.6,78.17,72,0.086,686,96.9,-3.0,164,0.185,322,93.8,11.5,334,0.045,2.3,95.6,418,214,164,25.6,0.7,0.054,0.022,303,119,0.308,93.8,108,66,376,263,0.356,306,220,92.51,99.1,208,211,403,-1.2,16,1.0,0.286,0.5,0.0,1,7.0,0.0,0.296,2.0,54,0.2,5,2.0,1.0,3.0,5,0.294,0.0,0.0,0.333,0.0,17,1.0,0.357,0.0,0.0,5.0,2.0,10,0.0,0.267,,5.0,0.278,30,0.0,0.0,,0.0,0.0,28,0.0,8,5,ORL,0.0,,18,0.0,0.0,0.4,Louisville,205,1,78,15,USA,2003,2004
2501,Reggie Evans,Reggie,1610612760,SEA,24.0,75,33,42,0.44,1286.1333333333334,67,165,0.406,0,3,0.0,83,148,0.561,156,252,408,33,65,54,10,28,176,2,217,-103,883.1,0,0,786.0,120,163,365,266,206,307,302,278,289,286,289,179,144,382,49,99,73,284,207,155,254,263,327,6,283,359,221,235,19,224,1,9,386,317,19.8,0.107,363,0.51,99.5,289,16,0.106,426,-3.7,160,328,104.1,100.4,75.28,372,0.215,2414,104.1,-3.5,360,0.04,14,90.34,19.6,423,0.063,2.2,100.4,353,289,360,10.0,0.9,0.166,0.122,191,363,0.406,90.34,403,306,323,276,0.471,160,301,91.18,103.0,415,418,376,-3.7,4,0.0,0.0,0.0,1.0,1,2.0,0.0,0.19,0.0,21,0.053,19,0.0,0.0,0.0,62,0.508,0.0,0.0,0.0,0.0,122,0.0,0.0,0.0,1.0,8.0,1.0,0,2.0,0.182,0.0,2.0,0.488,11,0.0,0.0,0.0,0.0,0.0,1,0.0,2,62,SEA,15.0,0.0,127,0.0,0.133,0.125,Iowa,245,Undrafted,80,Undrafted,USA,Undrafted,2004
397,Reggie Miller,Reggie,1610612754,IND,38.0,80,59,21,0.738,2267.28,260,594,0.438,134,334,0.401,146,165,0.885,18,170,188,249,68,65,11,9,96,0,800,504,1559.1,0,0,1523.0,61,3,141,26,91,130,126,193,20,26,39,102,129,23,318,174,207,61,202,112,243,122,191,79,108,4,120,235,19,114,1,386,155,15,6.9,0.149,48,3.66,102.7,14,349,0.144,344,10.8,66,39,92.8,103.6,75.54,5,0.078,4303,92.8,10.1,350,0.181,414,90.65,7.0,348,0.115,7.4,103.6,15,14,350,25.7,3.3,0.042,0.008,72,48,0.551,90.65,114,65,73,21,0.6,66,305,91.12,92.7,23,21,157,10.8,74,45.0,0.379,0.457,1.0,10,235.0,13.0,0.407,70.0,182,0.5,20,89.0,28.0,98.0,42,0.724,0.0,0.0,0.459,0.464,58,32.0,0.41,0.388,1.0,26.0,12.0,87,7.0,0.423,0.333,178.0,0.717,97,0.0,0.0,3.0,0.0,0.0,212,0.0,41,43,IND,17.0,1.0,60,69.0,0.412,0.462,UCLA,195,1,79,11,USA,1987,2004
1888,Richard Hamilton,Richard,1610612765,DET,26.0,78,50,28,0.641,2784.8483333333334,530,1166,0.455,18,68,0.265,297,342,0.868,78,201,279,310,210,103,17,85,222,0,1375,394,2324.8,2,0,2222.0,91,34,225,90,40,24,27,146,160,146,223,35,39,38,134,144,141,43,18,28,184,430,400,79,32,18,57,146,19,55,1,338,35,144,11.4,0.253,73,1.48,100.8,46,371,0.248,46,7.0,116,58,94.4,101.4,75.7,153,0.072,5283,94.4,6.9,347,0.212,284,90.84,11.5,46,0.114,14.9,101.4,224,46,347,16.9,6.8,0.051,0.029,134,73,0.462,90.84,94,150,76,51,0.522,116,288,91.4,93.9,200,198,28,7.0,220,11.0,0.189,0.444,0.0,94,37.0,3.0,0.397,18.0,554,0.437,215,7.0,13.0,31.0,198,0.602,0.0,0.0,0.355,0.231,329,8.0,0.356,0.185,1.0,233.0,111.0,31,62.0,0.369,0.0,27.0,0.598,309,0.0,0.0,0.0,0.0,0.0,87,0.0,114,207,DET,163.0,0.0,346,5.0,0.38,0.476,Connecticut,193,1,79,7,USA,1999,2004
2210,Richard Jefferson,Richard,1610612751,NJN,24.0,82,47,35,0.573,3136.165,555,1115,0.498,48,132,0.364,357,468,0.763,109,355,464,315,198,92,28,71,224,2,1515,303,2706.3,9,0,2582.0,3,54,290,132,8,17,34,46,107,108,96,16,12,186,89,45,56,40,29,50,111,412,403,6,17,28,29,68,19,27,1,228,51,32,10.8,0.227,93,1.59,100.1,75,212,0.225,96,5.0,142,74,95.8,100.7,76.42,137,0.118,5995,95.8,4.8,295,0.18,251,91.71,10.8,91,0.129,13.6,100.7,45,75,295,17.1,6.8,0.078,0.037,161,93,0.519,91.71,115,146,40,82,0.573,142,238,92.24,95.3,156,155,29,5.0,146,23.0,0.317,0.471,0.0,53,82.0,15.0,0.4,17.0,365,0.379,140,26.0,35.0,52.0,307,0.645,0.0,0.0,0.442,0.429,476,8.0,0.413,0.238,1.0,81.0,36.0,69,27.0,0.414,1.0,42.0,0.631,237,1.0,1.0,1.0,1.0,0.0,167,0.0,98,313,NJN,89.0,1.0,496,10.0,0.303,0.444,Arizona,222,1,79,13,USA,2001,2004
2499,Richie Frahm,Richie,1610612760,SEA,26.0,54,23,31,0.426,458.67,63,139,0.453,34,92,0.37,23,26,0.885,12,44,56,24,7,16,4,8,50,0,183,77,339.2,0,0,337.0,268,253,255,287,331,316,320,150,127,130,88,314,343,24,341,337,342,307,381,303,328,117,115,79,302,86,329,235,19,321,1,289,366,11,3.9,0.155,164,3.43,106.6,44,274,0.148,324,7.2,39,187,98.1,105.3,82.28,8,0.098,948,98.1,7.1,25,0.081,295,98.74,3.9,331,0.089,2.6,105.3,8,44,25,13.4,1.2,0.062,0.027,26,164,0.576,98.74,296,218,199,47,0.608,39,15,97.43,99.5,11,11,338,7.2,11,17.0,0.304,0.545,0.0,1,56.0,5.0,0.55,22.0,20,0.25,4,17.0,14.0,36.0,17,0.739,0.0,0.0,0.472,0.357,23,12.0,0.455,0.258,1.0,3.0,2.0,30,0.0,0.545,0.0,31.0,0.708,11,0.0,1.0,0.0,0.0,0.0,66,0.0,6,17,SEA,2.0,0.0,24,8.0,0.0,0.667,Gonzaga,210,Undrafted,77,Undrafted,USA,Undrafted,2004
1594,Rick Brunson,Rick,1610612741,CHI,32.0,40,11,29,0.275,406.9766666666667,40,105,0.381,11,23,0.478,27,31,0.871,9,28,37,82,33,25,3,5,44,0,118,-57,336.4,0,0,304.0,318,355,233,401,340,342,337,350,176,206,14,307,320,34,355,366,363,199,296,258,342,75,104,79,336,296,330,235,19,333,2,363,364,248,14.1,0.164,277,2.48,95.9,350,361,0.16,289,-6.2,324,351,101.1,94.9,80.5,48,0.077,816,101.1,-8.0,43,0.331,333,96.6,14.1,288,0.092,2.6,94.9,303,350,43,35.0,1.0,0.047,0.021,315,277,0.433,96.6,15,15,180,367,0.497,324,108,94.78,103.9,337,334,364,-6.2,18,6.0,0.5,0.333,0.0,4,10.0,5.0,0.316,3.0,57,1.0,4,5.0,10.0,13.0,7,0.333,0.0,0.0,0.462,0.5,21,1.0,0.448,0.333,0.0,10.0,5.0,13,2.0,0.297,,6.0,0.333,37,0.0,0.0,,0.0,0.0,29,0.0,11,7,CHI,2.0,,21,2.0,1.0,0.5,Temple,190,Undrafted,76,Undrafted,USA,Undrafted,2004
296,Rick Fox,Rick,1610612747,LAL,34.0,38,28,10,0.737,846.22,73,186,0.392,15,61,0.246,22,30,0.733,29,73,102,98,48,29,4,15,99,0,183,73,503.4,0,0,464.0,323,206,76,27,261,295,292,319,166,156,236,320,325,247,275,296,298,184,247,239,328,184,196,79,302,89,285,235,19,289,1,293,239,336,13.9,0.133,268,2.04,105.3,90,318,0.131,387,4.2,43,213,100.9,105.1,78.3,86,0.086,1658,100.9,5.2,160,0.161,256,93.96,13.9,385,0.046,4.9,105.1,305,90,160,28.4,1.9,0.061,0.035,35,268,0.433,93.96,131,38,374,73,0.459,43,133,94.28,100.1,329,328,256,4.2,12,1.0,0.304,0.0,0.0,12,46.0,1.0,0.3,6.0,40,0.545,22,14.0,9.0,15.0,34,0.54,0.0,0.0,0.067,0.111,63,0.0,0.269,0.276,0.0,13.0,7.0,14,9.0,0.091,0.0,29.0,0.523,11,0.0,0.0,0.0,0.0,0.0,52,0.0,1,34,LAL,16.0,0.0,65,8.0,0.563,0.538,North Carolina,235,1,79,24,Canada,1991,2004
1729,Ricky Davis,Ricky,1610612738,BOS,24.0,79,30,49,0.38,2474.3133333333335,446,950,0.469,52,140,0.371,196,273,0.718,77,281,358,259,189,96,22,49,171,0,1140,-211,2123.1,1,0,2045.0,77,191,412,332,70,48,54,115,96,102,81,69,62,265,140,80,95,58,35,40,139,367,319,79,55,419,73,178,19,66,2,245,69,109,12.4,0.228,350,1.37,99.9,302,228,0.224,94,-4.1,192,320,103.7,99.6,80.1,168,0.112,4952,103.7,-2.9,58,0.188,272,96.12,12.4,92,0.112,12.0,99.6,92,302,58,17.0,5.6,0.073,0.032,171,350,0.497,96.12,106,148,93,260,0.533,192,32,96.44,102.8,257,257,64,-4.1,180,28.0,0.32,0.522,4.0,42,75.0,16.0,0.399,23.0,451,0.389,108,24.0,38.0,61.0,172,0.685,0.0,0.0,0.459,0.421,251,12.0,0.378,0.375,4.0,146.0,61.0,59,22.0,0.415,0.5,40.0,0.665,277,0.0,0.0,2.0,0.0,0.0,156,0.0,115,173,BOS,65.0,1.0,260,15.0,0.338,0.418,Iowa,195,1,79,21,USA,1998,2004
2425,Robert Archibald,Robert,1610612761,TOR,24.0,32,9,23,0.281,252.46666666666667,9,33,0.273,0,0,0.0,14,31,0.452,21,31,52,13,10,14,3,2,50,0,32,-18,154.9,0,0,131.0,342,368,157,399,363,393,385,422,289,361,289,352,320,414,307,355,350,356,370,313,342,45,115,79,383,220,364,235,19,368,3,168,421,416,14.4,0.103,21,1.3,86.1,251,185,0.103,429,-2.4,413,18,87.2,84.8,77.71,190,0.128,487,87.2,-2.4,200,0.089,122,93.26,14.1,427,0.002,1.0,84.8,426,251,200,18.3,0.3,0.1,0.075,417,21,0.273,93.26,272,132,418,240,0.343,413,261,91.89,88.5,336,344,430,-2.4,1,0.0,0.0,0.0,0.0,2,0.0,0.0,0.167,0.0,6,0.4,5,0.0,0.0,0.0,6,0.273,0.0,0.0,0.0,0.0,22,0.0,0.0,0.0,0.0,3.0,0.0,0,1.0,0.333,0.0,0.0,0.304,3,0.0,0.0,0.0,0.0,0.0,1,0.0,1,7,TOR,3.0,0.0,23,0.0,0.333,0.0,Illinois,250,2,83,31,Scotland,2002,2004
109,Robert Horry,Robert,1610612759,SAS,33.0,81,56,25,0.691,1288.4483333333333,141,348,0.405,41,108,0.38,69,107,0.645,108,164,272,101,55,48,49,14,165,0,392,234,1105.9,0,0,1000.0,43,14,182,51,205,222,213,281,117,121,66,207,191,337,90,179,145,181,228,173,74,172,308,79,211,38,186,235,19,191,1,162,268,253,10.0,0.159,30,1.84,99.0,29,189,0.156,308,8.7,220,27,90.0,98.6,76.76,103,0.126,2483,90.0,8.5,270,0.13,107,92.11,9.9,306,0.095,4.3,98.6,218,29,270,18.3,1.7,0.102,0.079,213,30,0.464,92.11,172,133,165,29,0.496,220,271,91.7,90.5,113,114,276,8.7,27,10.0,0.337,0.6,0.0,10,92.0,1.0,0.29,15.0,93,0.278,36,31.0,1.0,16.0,63,0.568,0.0,0.0,0.625,1.0,111,9.0,0.338,0.381,0.0,33.0,11.0,27,8.0,0.292,0.0,42.0,0.565,48,0.0,0.0,0.0,0.0,0.0,80,0.0,14,65,SAS,30.0,0.0,115,16.0,0.267,0.333,Alabama,208,1,82,11,USA,1992,2004
123,Robert Pack,Robert,1610612751,NJN,35.0,26,17,9,0.654,214.885,22,52,0.423,0,0,0.0,5,6,0.833,4,14,18,27,16,12,1,6,20,1,49,-63,134.1,0,0,120.0,352,311,70,82,367,363,371,232,289,361,289,381,384,74,385,380,381,300,353,325,378,94,66,21,369,308,370,235,19,370,1,379,392,352,16.4,0.159,45,1.69,78.4,424,392,0.151,306,-16.8,434,65,92.6,75.8,76.23,122,0.067,413,92.6,-16.0,310,0.262,343,91.47,16.5,321,0.076,2.0,75.8,329,424,310,27.8,0.8,0.043,0.019,432,45,0.423,91.47,49,46,272,420,0.448,434,400,89.04,94.4,393,390,381,-16.8,6,0.0,0.0,0.0,0.0,4,0.0,0.0,0.2,0.0,30,1.0,4,0.0,0.0,0.0,12,0.667,0.0,0.0,0.0,0.0,18,0.0,0.0,0.0,0.0,3.0,2.0,0,2.0,0.24,,0.0,0.667,25,0.0,,,0.0,,4,,6,12,NJN,2.0,,18,0.0,1.0,0.667,Southern California,190,Undrafted,74,Undrafted,USA,Undrafted,2004
1714,Robert Traylor,Robert,1610612740,NOH,27.0,71,35,36,0.493,938.8283333333334,145,287,0.505,2,5,0.4,70,128,0.547,106,156,262,43,62,39,37,26,161,0,362,25,906.9,5,0,821.0,160,139,297,214,246,218,239,32,236,263,40,205,166,387,91,188,157,268,218,197,92,253,299,79,223,132,218,100,19,219,1,40,278,129,13.8,0.196,169,0.69,101.9,127,68,0.193,172,2.4,141,239,98.3,100.7,77.31,328,0.176,1805,98.3,1.4,231,0.082,22,92.77,13.7,169,0.09,4.0,100.7,63,127,231,9.5,2.0,0.142,0.111,95,169,0.509,92.77,294,313,190,146,0.527,141,302,91.18,100.6,323,324,248,2.4,23,0.0,0.5,0.0,1.0,35,4.0,0.0,0.28,0.0,82,0.515,68,2.0,0.0,0.0,85,0.644,0.0,0.0,0.0,0.0,132,0.0,0.25,0.5,1.0,27.0,7.0,3,26.0,0.296,0.0,2.0,0.657,54,0.0,0.0,0.0,0.0,0.0,12,0.0,16,92,NOH,51.0,0.0,140,1.0,0.51,0.259,Michigan,284,1,80,6,USA,1998,2004
393,Rod Strickland,Rod,1610612761,TOR,37.0,61,19,42,0.311,1201.61,150,353,0.425,10,36,0.278,72,98,0.735,34,121,155,244,85,35,11,12,76,0,382,-141,987.0,3,0,883.0,221,294,365,374,219,210,208,225,181,186,212,202,202,244,261,231,240,62,165,213,243,153,160,79,214,386,205,124,19,212,2,268,207,292,11.7,0.183,400,2.87,100.2,354,246,0.179,228,-6.5,193,397,106.1,99.6,77.78,23,0.105,2342,106.1,-6.7,193,0.326,291,93.33,11.6,225,0.106,5.8,99.6,286,354,193,33.4,2.5,0.065,0.028,150,400,0.439,93.33,17,18,117,345,0.482,193,205,92.7,106.9,215,218,208,-6.5,74,3.0,0.25,0.429,0.0,15,28.0,0.0,0.385,7.0,192,0.385,39,7.0,1.0,8.0,51,0.593,0.0,0.0,0.375,0.0,86,3.0,0.292,0.429,1.0,51.0,17.0,14,14.0,0.41,0.0,14.0,0.586,117,0.0,1.0,1.0,0.0,0.0,48,0.0,48,51,TOR,33.0,0.0,87,6.0,0.424,0.333,DePaul,185,1,75,19,USA,1988,2004
1934,Rodney Buford,Rodney,1610612758,SAC,26.0,22,14,8,0.636,138.085,19,56,0.339,0,2,0.0,3,6,0.5,6,9,15,7,4,6,1,5,9,0,41,-77,86.5,0,0,77.0,360,329,66,93,384,368,367,398,289,305,289,394,384,390,373,388,387,377,400,362,378,75,43,79,379,329,382,235,19,383,1,343,367,414,5.7,0.201,414,1.75,83.2,430,400,0.191,161,-26.9,428,421,107.3,80.4,82.85,113,0.063,286,107.3,-26.2,20,0.097,241,99.42,5.7,175,0.03,2.5,80.4,406,430,20,10.0,0.9,0.051,0.039,425,414,0.339,99.42,244,301,398,428,0.35,428,22,96.82,109.4,13,13,378,-26.9,13,0.0,0.0,0.0,,1,2.0,0.0,0.394,0.0,33,0.143,7,0.0,0.0,0.0,5,0.357,,,0.0,0.0,14,0.0,0.455,0.0,0.0,5.0,1.0,5,1.0,0.35,,0.0,0.333,20,0.0,,,0.0,,11,,7,5,SAC,5.0,,15,0.0,0.2,0.2,Creighton,195,2,77,53,USA,1999,2004
915,Rodney Rogers,Rodney,1610612751,NJN,33.0,69,40,29,0.58,1413.865,207,505,0.41,50,152,0.329,75,98,0.765,100,207,307,137,98,59,27,37,183,0,539,64,1272.9,5,0,1205.0,177,95,233,128,191,161,152,268,102,94,153,194,202,179,99,141,124,133,144,138,119,310,343,79,164,98,161,100,19,156,1,125,160,265,12.5,0.212,82,1.4,98.7,140,109,0.206,140,1.9,258,85,95.3,97.3,77.76,162,0.155,2754,95.3,2.6,195,0.173,131,93.31,12.5,138,0.098,7.3,97.3,232,140,195,17.5,3.0,0.113,0.072,222,82,0.459,93.31,122,139,152,114,0.492,258,236,92.27,96.1,260,262,167,1.9,31,12.0,0.295,0.556,0.0,11,129.0,7.0,0.313,9.0,99,0.355,31,38.0,14.0,23.0,115,0.516,0.0,0.0,0.522,0.5,223,5.0,0.331,0.259,0.0,18.0,7.0,41,8.0,0.322,0.0,54.0,0.515,59,0.0,0.0,0.0,0.0,0.0,124,0.0,19,118,NJN,21.0,0.0,229,14.0,0.381,0.389,Wake Forest,255,1,79,9,USA,1993,2004
2206,Rodney White,Rodney,1610612743,DEN,24.0,72,38,34,0.528,987.11,215,468,0.459,33,87,0.379,78,104,0.75,44,121,165,60,78,32,20,28,105,0,541,40,907.0,0,0,903.0,147,114,284,167,240,151,164,137,129,133,67,188,195,209,226,231,233,232,182,225,152,263,208,79,163,116,217,235,19,206,1,218,184,134,12.0,0.261,116,0.77,98.9,147,208,0.254,37,1.5,227,148,96.8,98.3,80.88,314,0.12,2001,96.8,0.5,36,0.115,225,97.06,12.0,38,0.111,6.5,98.3,100,147,36,9.2,3.0,0.081,0.043,216,116,0.495,97.06,191,321,100,164,0.527,227,51,95.97,98.4,236,237,171,1.5,91,3.0,0.395,0.5,1.0,20,76.0,1.0,0.41,4.0,222,0.426,47,30.0,6.0,10.0,71,0.634,0.0,0.0,0.3,0.167,112,2.0,0.427,0.4,1.0,32.0,12.0,56,13.0,0.417,0.0,35.0,0.615,108,0.0,1.0,1.0,0.0,0.0,131,0.0,45,75,DEN,37.0,0.0,122,14.0,0.351,0.375,North Carolina-Charlotte,230,1,81,9,USA,2001,2004
2427,Roger Mason Jr.,Roger,1610612761,TOR,23.0,26,7,19,0.269,324.50166666666667,32,98,0.327,13,39,0.333,19,22,0.864,1,30,31,26,20,11,6,9,36,0,96,-47,203.2,0,0,200.0,352,383,130,404,353,355,344,407,168,180,138,333,352,41,413,360,369,303,339,337,299,122,87,79,348,281,357,235,19,356,2,352,291,356,13.0,0.191,37,1.3,84.6,366,266,0.186,192,-7.2,418,62,91.2,84.0,75.75,190,0.1,613,91.2,-9.6,343,0.164,419,90.9,13.0,194,0.053,3.8,84.0,371,366,343,16.9,1.2,0.049,0.003,422,37,0.393,90.9,128,151,354,384,0.446,418,392,89.18,94.2,289,291,334,-7.2,5,8.0,0.208,0.714,0.0,2,24.0,3.0,0.185,7.0,27,0.4,5,5.0,8.0,15.0,12,0.444,0.0,0.0,0.533,0.375,27,5.0,0.385,0.1,0.0,4.0,1.0,15,1.0,0.143,0.0,10.0,0.444,14,0.0,0.0,0.0,0.0,0.0,39,0.0,2,12,TOR,4.0,0.0,27,1.0,0.25,0.25,Virginia,200,2,77,30,USA,2002,2004
1500,Ron Mercer,Ron,1610612759,SAS,28.0,39,24,15,0.615,518.775,90,211,0.427,2,7,0.286,13,17,0.765,10,39,49,22,26,14,5,7,37,0,195,-11,317.8,0,0,306.0,320,244,101,107,318,271,269,220,236,256,200,357,363,182,349,343,352,319,319,313,313,106,89,79,298,203,334,235,19,332,1,378,222,355,9.8,0.216,25,0.85,88.4,215,386,0.208,127,-1.3,401,20,88.2,86.9,77.8,296,0.069,1010,88.2,-1.0,190,0.093,352,93.36,9.8,133,0.074,5.4,86.9,310,215,190,8.3,2.3,0.043,0.018,406,25,0.431,93.36,255,343,284,208,0.446,401,259,91.94,89.4,102,100,221,-1.3,62,0.0,0.4,0.0,0.0,6,5.0,0.0,0.413,1.0,150,0.316,19,2.0,1.0,2.0,20,0.571,0.0,0.0,0.0,0.0,35,0.0,0.414,0.4,0.0,30.0,13.0,12,4.0,0.402,0.0,5.0,0.541,97,0.0,0.0,0.0,0.0,0.0,29,0.0,39,20,SAS,13.0,0.0,37,2.0,0.308,0.433,Kentucky,210,1,79,6,USA,1997,2004
2648,Ronald Dupree,Ronald,1610612741,CHI,23.0,47,12,35,0.255,901.7766666666666,111,282,0.394,4,9,0.444,66,105,0.629,55,112,167,55,51,32,18,30,134,0,292,-128,673.9,0,0,618.0,291,350,290,412,254,249,241,315,217,244,18,211,194,349,187,244,231,245,242,225,174,280,252,79,242,376,250,235,19,252,1,200,201,358,11.7,0.183,226,1.08,93.9,333,200,0.181,226,-5.7,342,249,99.9,94.3,80.33,236,0.122,1798,99.9,-6.7,51,0.103,194,96.4,11.7,209,0.051,6.0,94.3,358,333,51,12.6,2.4,0.088,0.056,363,226,0.401,96.4,224,236,360,347,0.445,342,40,96.23,100.7,220,221,217,-5.7,36,4.0,0.0,0.5,0.0,16,1.0,2.0,0.271,4.0,133,0.485,33,0.0,4.0,8.0,55,0.514,0.0,0.0,0.5,0.5,107,2.0,0.367,0.0,0.0,32.0,12.0,11,12.0,0.244,0.0,0.0,0.505,86,0.0,0.0,0.0,0.0,0.0,30,0.0,21,55,CHI,25.0,0.0,109,0.0,0.48,0.375,Louisiana State,209,Undrafted,79,Undrafted,USA,Undrafted,2004
2257,Ruben Boumtje-Boumtje,Ruben,1610612757,POR,26.0,9,3,6,0.333,24.975,1,5,0.2,0,0,0.0,2,2,1.0,0,1,1,1,0,0,1,1,2,0,4,-18,9.7,0,0,8.0,403,404,49,357,422,427,426,432,289,361,289,403,412,1,427,427,433,413,434,419,378,27,13,79,426,220,426,235,19,429,1,421,437,417,0.0,0.108,439,0.0,90.7,434,410,0.102,425,-40.2,416,439,124.5,84.3,80.08,423,0.056,51,124.5,-44.7,59,0.063,420,96.1,0.0,429,0.005,0.6,84.3,433,434,59,14.3,0.1,0.022,0.0,390,439,0.2,96.1,347,199,416,436,0.34,416,407,88.83,135.4,1,1,436,-40.2,0,0.0,0.0,0.0,,1,0.0,,0.0,0.0,0,0.333,3,0.0,,0.0,0,0.0,,,0.0,,2,0.0,0.0,0.0,,1.0,0.0,0,0.0,0.0,,0.0,0.333,0,,,,,,0,,0,1,POR,1.0,,3,0.0,0.0,0.0,Georgetown,257,2,84,49,USA,2001,2004
1739,Ruben Patterson,Ruben,1610612757,POR,28.0,73,35,38,0.479,1651.8066666666666,200,395,0.506,2,12,0.167,105,190,0.553,129,139,268,139,105,84,21,40,152,0,507,-84,1247.1,1,0,1126.0,135,139,318,224,160,168,191,31,236,232,269,148,104,385,69,206,150,128,128,68,145,324,285,79,172,339,164,178,19,171,1,210,221,119,14.5,0.167,289,1.32,99.9,248,314,0.163,280,-2.3,204,229,101.5,99.2,74.11,179,0.087,3054,101.5,-0.6,415,0.148,97,88.94,14.5,284,0.083,5.4,99.2,62,248,415,19.2,2.7,0.084,0.082,169,289,0.509,88.94,149,120,232,194,0.53,204,397,89.1,100.4,351,351,183,-2.3,17,0.0,0.2,0.0,0.0,9,10.0,0.0,0.258,1.0,66,0.22,41,2.0,1.0,2.0,172,0.623,0.0,0.0,0.0,0.0,276,0.0,0.333,0.0,2.0,18.0,5.0,4,8.0,0.233,0.0,1.0,0.611,43,0.0,1.0,1.0,0.0,0.0,12,0.0,10,173,POR,34.0,0.0,283,0.0,0.235,0.278,Cincinnati,224,2,77,31,USA,1998,2004
1601,Rusty LaRue,Rusty,1610612744,GSW,30.0,4,0,4,0.0,19.05666666666667,1,3,0.333,1,1,1.0,1,2,0.5,0,3,3,2,4,2,0,0,2,0,4,-17,12.6,0,0,14.0,422,431,30,431,427,427,432,399,258,323,1,413,412,390,427,416,425,402,400,390,398,1,13,79,426,216,424,235,19,422,1,423,434,172,40.5,0.18,438,0.5,82.1,437,424,0.17,238,-45.6,430,433,123.1,77.5,82.91,374,0.0,40,123.1,-40.5,18,0.154,420,99.49,40.0,255,0.034,0.8,77.5,79,437,18,20.0,0.3,0.0,0.0,428,438,0.5,99.49,142,113,390,435,0.515,430,20,96.87,122.6,438,438,433,-45.6,0,1.0,0.0,1.0,0.0,0,0.0,,0.0,1.0,2,0.0,0,0.0,,1.0,0,0.0,0.0,0.0,1.0,,0,1.0,0.5,0.0,0.0,1.0,0.0,1,0.0,0.0,,0.0,0.0,0,0.0,,,0.0,,2,,0,0,GSW,0.0,,0,0.0,0.0,0.0,Wake Forest,185,Undrafted,75,Undrafted,USA,Undrafted,2004
1763,Ryan Bowen,Ryan,1610612743,DEN,28.0,52,28,24,0.538,388.68,18,53,0.34,0,0,0.0,10,12,0.833,39,48,87,18,6,18,16,7,47,0,46,-19,273.4,0,0,219.0,277,206,169,152,343,369,369,397,289,361,289,367,371,74,244,331,312,335,388,293,193,106,109,79,374,225,343,235,19,350,1,163,422,398,7.3,0.073,36,3.0,92.8,205,205,0.07,438,-0.9,379,42,91.2,90.3,79.09,14,0.121,762,91.2,0.0,111,0.075,86,94.91,7.2,439,0.066,1.0,90.3,405,205,111,21.7,0.3,0.102,0.085,377,36,0.34,94.91,316,92,315,179,0.395,379,199,92.78,92.9,27,30,425,-0.9,2,0.0,0.0,0.0,,0,0.0,0.0,0.1,0.0,20,0.0,2,0.0,0.0,0.0,16,0.516,,,0.0,0.0,31,0.0,0.0,0.0,0.0,1.0,0.0,0,0.0,0.133,0.0,0.0,0.516,15,0.0,,0.0,0.0,,3,,2,16,DEN,3.0,0.0,31,0.0,0.0,0.0,Iowa,220,2,81,55,USA,1998,2004
2415,Ryan Humphrey,Ryan,1610612763,MEM,24.0,2,0,2,0.0,11.683333333333334,1,4,0.25,0,1,0.0,0,0,0.0,2,1,3,1,2,1,0,0,3,0,2,22,8.1,0,0,8.0,432,431,11,431,436,427,429,427,289,323,289,425,429,425,400,427,425,413,418,403,398,1,22,79,433,136,429,235,19,429,1,423,392,433,28.6,0.226,2,0.5,159.9,1,424,0.222,98,98.2,1,3,58.3,156.5,80.46,374,0.0,23,58.3,94.8,45,0.083,420,96.55,28.6,96,-0.048,2.0,156.5,429,1,45,14.3,0.5,0.0,0.0,1,2,0.25,96.55,283,199,431,1,0.25,1,340,90.47,65.1,433,434,409,98.2,1,0.0,0.0,,,0,1.0,0.0,0.5,,2,0.0,0,0.0,0.0,0.0,0,0.0,,,0.0,0.0,1,,0.0,0.0,,0.0,0.0,0,0.0,0.5,,1.0,0.0,2,,0.0,,,0.0,0,0.0,1,0,MEM,0.0,,1,0.0,0.0,0.0,Notre Dame,235,1,80,19,USA,2002,2004
208,Sam Cassell,Sam,1610612750,MIN,34.0,81,57,24,0.704,2847.9966666666664,620,1270,0.488,74,186,0.398,289,331,0.873,44,227,271,592,220,102,18,35,247,1,1603,536,2956.2,18,1,2780.0,43,7,169,42,30,8,18,61,70,80,47,36,45,33,226,116,147,4,12,31,174,304,417,21,12,3,18,35,7,17,1,356,30,41,9.9,0.269,130,2.69,106.6,19,356,0.264,29,9.8,23,90,97.3,107.1,75.97,33,0.077,5412,97.3,10.2,330,0.354,359,91.16,9.9,29,0.151,15.7,107.1,50,19,330,26.7,7.7,0.048,0.017,25,130,0.517,91.16,12,56,11,19,0.566,23,269,91.77,96.4,110,110,17,9.8,361,14.0,0.403,0.4,2.0,100,149.0,2.0,0.473,30.0,764,0.552,181,60.0,5.0,35.0,85,0.612,0.0,0.0,0.4,0.4,139,12.0,0.454,0.342,3.0,252.0,121.0,93,54.0,0.478,0.0,79.0,0.617,487,0.0,0.0,0.0,0.0,0.0,205,0.0,233,92,MIN,95.0,0.0,149,27.0,0.568,0.48,Florida State,185,1,75,24,USA,1993,2004
955,Samaki Walker,Samaki,1610612748,MIA,28.0,33,16,17,0.485,416.17333333333335,38,99,0.384,0,2,0.0,29,44,0.659,42,70,112,6,15,9,11,10,54,0,105,-28,293.4,0,0,263.0,337,319,116,219,337,345,342,347,289,305,289,303,295,326,233,302,288,385,356,346,243,133,124,79,344,247,340,235,19,342,1,74,334,360,10.8,0.15,110,0.4,93.7,307,92,0.146,339,-4.3,366,98,96.6,92.3,76.55,400,0.164,800,96.6,-3.1,285,0.029,55,91.87,10.6,345,0.07,3.0,92.3,385,307,285,4.3,1.2,0.129,0.095,366,110,0.384,91.87,416,418,297,267,0.444,366,311,91.03,96.8,151,153,345,-4.3,7,0.0,0.0,0.0,2.0,10,0.0,0.0,0.269,0.0,26,0.357,28,0.0,0.0,0.0,21,0.488,0.0,0.0,0.0,0.0,43,0.0,0.5,0.0,2.0,14.0,5.0,1,7.0,0.182,,0.0,0.479,11,0.0,,,0.0,,2,,2,23,MIA,22.0,,48,0.0,0.318,0.357,Louisville,260,1,81,9,USA,1996,2004
2223,Samuel Dalembert,Samuel,1610612755,PHI,24.0,82,33,49,0.402,2203.4683333333332,270,499,0.541,0,1,0.0,112,174,0.644,194,432,626,21,86,44,189,35,273,0,652,-48,2047.7,15,0,1765.0,3,163,412,307,100,120,154,10,289,323,289,137,119,339,28,27,28,321,164,184,6,304,433,79,136,284,81,40,19,97,1,33,197,39,12.6,0.142,142,0.24,96.4,198,38,0.14,365,-0.7,270,118,97.6,96.9,74.82,418,0.196,4112,97.6,-1.1,385,0.017,65,89.78,12.5,361,0.109,6.1,96.9,21,198,385,3.1,3.3,0.145,0.092,292,142,0.541,89.78,424,424,105,212,0.566,270,366,90.01,97.5,265,267,153,-0.7,44,0.0,0.0,0.0,0.0,36,1.0,0.0,0.427,0.0,103,0.391,92,0.0,0.0,0.0,190,0.627,0.0,0.0,0.0,0.0,303,0.0,0.0,0.0,0.0,83.0,33.0,0,34.0,0.5,0.0,0.0,0.625,16,0.0,0.0,1.0,0.0,0.0,0,0.0,8,195,PHI,87.0,0.0,312,0.0,0.391,0.398,Seton Hall,250,1,83,26,Haiti,2001,2004
2562,Sasha Pavlovic,Sasha,1610612762,UTA,20.0,79,39,40,0.494,1136.5083333333334,149,376,0.396,19,70,0.271,65,84,0.774,44,115,159,60,67,41,16,37,187,0,382,-72,766.8,0,0,734.0,77,105,338,212,223,212,200,309,154,144,217,217,227,161,226,241,236,232,204,194,193,310,352,79,214,324,237,235,19,233,1,232,244,331,12.4,0.198,158,0.9,95.6,245,225,0.194,168,-2.3,300,234,98.0,95.7,75.25,282,0.113,2126,98.0,-4.9,362,0.098,230,90.3,12.4,166,0.046,4.8,95.7,331,245,362,11.1,1.9,0.076,0.041,322,158,0.422,90.3,236,272,375,310,0.463,300,390,89.21,100.5,255,256,261,-2.3,44,8.0,0.239,0.294,0.0,11,46.0,3.0,0.314,17.0,140,0.306,36,11.0,7.0,24.0,75,0.577,0.0,0.0,0.333,0.429,130,5.0,0.347,0.158,1.0,19.0,6.0,35,6.0,0.273,0.0,19.0,0.561,77,0.0,0.0,0.0,0.0,0.0,101,0.0,21,78,UTA,20.0,0.0,139,3.0,0.3,0.316,None,210,1,79,19,Montenegro,2003,2004
1513,Scot Pollard,Scot,1610612754,IND,29.0,61,46,15,0.754,679.1966666666667,47,114,0.412,0,0,0.0,12,21,0.571,67,97,164,10,22,23,26,22,110,0,106,-78,442.8,0,0,378.0,221,56,101,13,292,334,335,261,289,361,289,362,353,381,155,266,234,368,332,268,123,232,218,79,342,332,304,235,19,311,1,77,401,380,14.2,0.103,80,0.45,90.6,355,108,0.098,431,-6.7,391,117,95.1,88.4,75.94,388,0.156,1294,95.1,-6.8,333,0.027,41,91.13,14.2,433,0.042,1.9,88.4,346,355,333,6.5,0.8,0.127,0.1,391,80,0.412,91.13,418,395,380,348,0.43,391,404,88.91,97.4,340,338,392,-6.7,8,0.0,0.0,0.0,0.0,1,0.0,0.0,0.364,0.0,22,0.071,14,0.0,0.0,0.0,38,0.487,0.0,0.0,0.0,0.0,78,0.0,0.0,0.0,0.0,11.0,1.0,0,2.0,0.6,0.0,0.0,0.475,10,0.0,0.0,0.0,0.0,0.0,0,0.0,6,38,IND,13.0,0.0,80,0.0,0.154,0.091,Kansas,265,1,83,19,USA,1997,2004
1909,Scott Padgett,Scott,1610612745,HOU,28.0,58,27,31,0.466,549.0083333333333,74,167,0.443,28,65,0.431,24,32,0.75,46,93,139,23,22,12,13,11,73,0,200,83,454.3,1,0,440.0,238,216,255,235,313,294,301,174,135,151,27,311,319,209,215,270,258,314,332,325,222,142,154,79,293,82,298,178,19,293,1,93,345,54,9.7,0.172,38,1.05,99.6,48,100,0.165,264,6.9,231,64,91.3,98.1,77.96,243,0.158,1075,91.3,5.4,179,0.075,87,93.55,9.7,276,0.104,2.9,98.1,34,48,179,10.2,1.3,0.123,0.085,186,38,0.527,93.55,313,296,129,71,0.552,231,289,91.39,94.2,97,97,325,6.9,18,9.0,0.388,0.556,0.0,1,49.0,4.0,0.429,9.0,42,0.125,8,19.0,7.0,16.0,27,0.519,0.0,0.0,0.563,0.571,52,5.0,0.45,0.389,0.0,11.0,5.0,18,0.0,0.409,0.0,36.0,0.519,22,0.0,0.0,1.0,0.0,0.0,40,0.0,9,28,HOU,3.0,0.0,54,14.0,0.0,0.455,Kentucky,240,1,81,28,USA,1999,2004
281,Scott Williams,Scott,1610612742,DAL,36.0,43,23,20,0.535,535.2533333333333,90,186,0.484,2,3,0.667,16,27,0.593,38,94,132,17,16,20,16,11,95,0,198,44,473.9,0,0,421.0,301,253,132,160,315,271,292,70,236,286,3,344,333,368,247,269,266,338,353,285,193,142,190,79,295,110,294,235,19,299,2,79,266,235,6.9,0.18,228,1.06,105.1,74,53,0.177,239,5.2,42,283,100.0,105.2,79.78,241,0.185,1062,100.0,3.5,69,0.047,140,95.73,6.9,238,0.071,4.3,105.2,120,74,69,7.3,2.1,0.127,0.071,44,228,0.489,95.73,391,373,292,97,0.5,42,92,95.05,101.5,21,22,242,5.2,61,1.0,1.0,0.0,0.0,7,1.0,1.0,0.513,1.0,119,0.318,22,1.0,1.0,2.0,20,0.476,0.0,0.0,0.5,1.0,42,0.0,0.4,1.0,0.0,30.0,14.0,2,5.0,0.516,,1.0,0.488,91,0.0,,,0.0,,5,,47,21,DAL,16.0,,43,1.0,0.313,0.467,North Carolina,260,Undrafted,82,Undrafted,USA,Undrafted,2004
937,Scottie Pippen,Scottie,1610612741,CHI,38.0,23,3,20,0.13,411.1166666666667,53,140,0.379,13,48,0.271,17,27,0.63,20,48,68,50,29,21,9,7,38,0,136,-181,353.6,0,0,327.0,358,404,132,428,339,325,318,355,168,164,218,339,333,347,311,331,329,255,306,279,262,106,92,79,326,406,325,235,19,326,1,220,196,353,12.6,0.195,412,1.72,85.2,426,209,0.192,174,-21.7,409,402,107.0,85.3,80.17,118,0.12,823,107.0,-22.0,56,0.226,214,96.21,12.6,172,0.087,6.1,85.3,324,426,56,21.6,2.3,0.081,0.045,421,412,0.425,96.21,83,93,208,425,0.448,409,42,96.15,107.2,266,264,222,-21.7,19,2.0,0.275,0.167,0.0,3,40.0,1.0,0.373,6.0,51,0.3,10,11.0,2.0,8.0,18,0.581,0.0,0.0,0.25,0.5,31,1.0,0.406,0.217,0.0,15.0,6.0,13,2.0,0.29,0.0,23.0,0.563,31,0.0,1.0,0.0,0.0,0.0,32,0.0,9,18,CHI,6.0,0.0,32,5.0,0.333,0.4,Central Arkansas,228,1,80,5,USA,1987,2004
2253,Sean Lampley,Sean,1610612744,GSW,24.0,10,3,7,0.3,61.223333333333336,13,20,0.65,0,0,0.0,8,12,0.667,2,9,11,2,3,0,1,3,2,0,34,24,50.2,0,0,49.0,397,404,58,382,405,382,398,3,289,361,289,373,371,309,400,388,393,402,405,419,378,59,13,79,382,135,397,235,19,396,1,184,392,3,9.9,0.213,228,0.67,124.1,8,165,0.201,137,18.7,4,308,100.0,118.7,80.03,335,0.136,123,100.0,21.8,60,0.043,234,96.04,10.0,147,0.141,2.0,118.7,3,8,60,6.7,1.3,0.095,0.04,4,228,0.65,96.04,397,386,17,4,0.672,4,197,92.87,102.3,114,111,323,18.7,3,0.0,0.0,0.0,0.0,3,0.0,0.0,0.6,0.0,5,0.6,5,0.0,0.0,0.0,7,0.7,0.0,0.0,0.0,0.0,10,0.0,0.0,0.0,0.0,4.0,2.0,0,2.0,1.0,,0.0,0.667,1,0.0,,,0.0,,0,,1,8,GSW,3.0,,12,0.0,0.667,0.5,California,213,2,78,44,USA,2001,2004
399,Sean Rooks,Sean,1610612753,ORL,34.0,55,22,33,0.4,588.16,54,151,0.358,0,1,0.0,33,37,0.892,24,73,97,29,22,14,10,6,89,1,141,-38,350.9,0,0,315.0,261,261,273,310,306,323,312,381,289,323,289,289,309,22,293,296,304,292,332,313,254,94,178,21,323,261,328,235,19,330,2,217,358,387,10.1,0.143,313,1.32,98.8,276,186,0.139,363,-3.2,213,341,102.1,98.9,79.64,181,0.128,1171,102.1,-4.7,79,0.076,237,95.57,10.1,362,0.033,2.7,98.9,398,276,79,13.3,1.0,0.082,0.039,219,313,0.358,95.57,311,220,393,303,0.421,213,97,94.95,103.5,120,119,370,-3.2,44,0.0,0.0,0.0,0.0,4,1.0,0.0,0.383,0.0,115,0.25,16,0.0,0.0,0.0,6,0.316,0.0,0.0,0.0,0.0,19,0.0,0.241,0.0,0.0,15.0,5.0,7,2.0,0.442,0.0,1.0,0.316,77,0.0,0.0,0.0,0.0,0.0,29,0.0,34,6,ORL,10.0,0.0,19,0.0,0.2,0.333,Arizona,260,2,82,30,USA,1992,2004
1742,Shammond Williams,Shammond,1610612740,NOH,29.0,53,19,34,0.358,760.6216666666667,87,232,0.375,30,100,0.3,51,58,0.879,9,51,60,116,47,37,2,13,62,1,255,-130,571.0,1,0,539.0,272,294,284,341,277,277,261,362,132,127,183,251,270,26,355,324,337,161,254,202,356,161,136,21,263,378,272,178,19,267,2,398,262,254,11.2,0.185,316,2.47,95.9,369,389,0.178,211,-7.4,322,355,102.3,94.9,78.54,50,0.068,1484,102.3,-8.1,147,0.279,404,94.25,11.2,229,0.088,4.4,94.9,284,369,147,27.8,1.6,0.039,0.012,311,316,0.44,94.25,35,47,203,369,0.495,322,191,92.96,104.0,185,180,289,-7.4,22,3.0,0.314,0.2,0.0,6,86.0,1.0,0.344,10.0,64,0.316,19,27.0,4.0,14.0,29,0.592,0.0,0.0,0.214,0.25,49,2.0,0.386,0.279,0.0,14.0,5.0,22,3.0,0.273,0.0,61.0,0.585,33,0.0,0.0,0.0,0.0,0.0,57,0.0,9,31,NOH,14.0,0.0,53,17.0,0.214,0.357,North Carolina,201,2,73,34,USA,1998,2004
1000,Shandon Anderson,Shandon,1610612752,NYK,30.0,80,38,42,0.475,1966.2366666666667,238,564,0.422,36,128,0.281,123,161,0.764,53,169,222,122,118,68,17,39,182,0,635,-200,1221.4,0,0,1185.0,61,114,365,229,130,139,137,234,124,110,208,126,132,183,194,175,188,149,107,97,184,321,341,79,137,415,170,235,19,159,1,311,168,236,13.5,0.177,308,1.03,97.4,311,324,0.174,246,-4.5,251,290,101.9,97.4,77.66,245,0.085,3803,101.9,-4.4,206,0.103,287,93.19,13.5,245,0.062,7.1,97.4,247,311,206,13.9,3.0,0.057,0.028,267,308,0.454,93.19,222,206,327,297,0.5,251,177,93.25,101.8,311,313,172,-4.5,55,21.0,0.294,0.148,0.0,29,51.0,17.0,0.348,27.0,158,0.372,78,15.0,50.0,77.0,118,0.59,0.0,0.0,0.273,0.34,200,4.0,0.248,0.308,1.0,59.0,20.0,30,26.0,0.422,0.0,26.0,0.572,83,0.0,0.0,0.0,0.0,0.0,121,0.0,35,119,NYK,66.0,0.0,208,8.0,0.394,0.339,Georgia,210,2,78,54,USA,1996,2004
2203,Shane Battier,Shane,1610612763,MEM,25.0,79,48,31,0.608,1948.0966666666666,242,543,0.446,65,186,0.349,120,164,0.732,102,201,303,101,56,101,58,19,187,0,669,170,1605.1,4,0,1456.0,77,50,255,113,133,137,141,168,81,80,117,130,130,250,95,144,126,181,227,32,59,217,352,79,133,49,113,111,19,121,1,238,173,73,7.3,0.152,147,1.8,101.9,92,269,0.148,328,4.1,107,123,97.7,101.8,79.64,110,0.099,3884,97.7,4.2,80,0.085,204,95.56,7.3,329,0.098,6.9,101.8,69,92,80,13.1,3.1,0.075,0.05,96,147,0.506,95.56,278,222,155,91,0.544,107,67,95.51,97.7,29,27,166,4.1,82,45.0,0.333,0.28,2.0,16,60.0,22.0,0.48,82.0,171,0.262,61,20.0,41.0,123.0,79,0.627,0.0,0.0,0.366,0.537,126,23.0,0.399,0.2,2.0,55.0,24.0,61,13.0,0.496,0.0,35.0,0.606,115,0.0,2.0,2.0,0.0,0.0,153,0.0,57,80,MEM,47.0,0.0,132,7.0,0.277,0.436,Duke,220,1,80,6,USA,2001,2004
1049,Shane Heal,Shane,1610612759,SAS,33.0,6,3,3,0.5,68.865,7,24,0.292,4,18,0.222,4,5,0.8,1,3,4,5,5,1,0,1,2,0,22,16,32.3,0,0,37.0,413,404,21,194,401,396,391,416,217,216,246,386,398,122,413,416,419,388,397,403,398,27,13,79,393,147,406,235,19,403,1,419,282,388,13.8,0.198,13,1.0,94.6,24,419,0.187,165,9.2,352,9,84.2,93.4,78.41,248,0.038,137,84.2,11.9,154,0.139,393,94.1,13.9,191,0.045,4.0,93.4,389,24,154,13.9,1.2,0.025,0.013,348,13,0.375,94.1,161,207,378,12,0.42,352,130,94.32,82.7,328,323,338,9.2,3,0.0,0.25,0.0,0.0,0,16.0,0.0,0.5,1.0,6,0.0,0,4.0,1.0,2.0,0,0.0,0.0,0.0,0.0,0.0,0,0.0,0.364,0.182,0.0,0.0,0.0,4,0.0,0.5,,11.0,0.0,2,0.0,,,0.0,,11,,1,0,SAS,0.0,,0,2.0,0.0,0.0,None,180,Undrafted,72,Undrafted,Australia,Undrafted,2004
406,Shaquille O'Neal,Shaquille,1610612747,LAL,32.0,67,49,18,0.731,2465.4416666666666,554,948,0.584,0,0,0.0,331,676,0.49,246,523,769,196,195,34,166,28,225,0,1439,440,3060.8,43,0,2804.0,191,43,124,29,71,19,55,5,289,361,289,28,1,409,9,15,11,90,32,216,10,263,404,79,23,10,12,5,19,15,1,20,45,28,11.9,0.26,172,1.01,105.7,27,28,0.258,40,9.0,20,115,98.4,107.5,78.34,247,0.203,4830,98.4,8.3,157,0.14,38,94.01,11.9,34,0.156,14.1,107.5,6,27,157,12.0,8.3,0.154,0.101,32,172,0.584,94.01,160,247,7,34,0.578,20,75,95.3,97.4,232,232,6,9.0,19,0.0,0.0,0.0,0.0,122,0.0,0.0,0.253,0.0,75,0.404,302,0.0,0.0,0.0,413,0.723,0.0,0.0,0.0,0.0,571,0.0,0.0,0.0,0.0,51.0,10.0,0,109.0,0.0,0.0,0.0,0.707,4,0.0,0.0,0.0,0.0,0.0,0,0.0,0,435,LAL,278.0,0.0,615,0.0,0.392,0.196,Louisiana State,340,1,85,1,USA,1992,2004
949,Shareef Abdur-Rahim,Shareef,1610612757,POR,27.0,85,35,50,0.412,2690.3216666666667,501,1054,0.475,9,34,0.265,373,429,0.869,189,450,639,174,184,68,37,94,222,1,1384,-117,2542.8,28,0,2416.0,1,139,418,301,50,32,38,92,187,191,223,11,26,36,32,24,25,103,39,97,92,436,400,21,27,364,40,19,19,41,2,100,65,49,11.5,0.248,212,0.95,97.2,252,93,0.244,54,-2.4,260,181,99.7,97.2,75.99,269,0.163,5115,99.7,-2.2,328,0.126,126,91.19,11.5,54,0.145,12.4,97.2,153,252,328,10.8,5.9,0.12,0.074,273,212,0.48,91.19,175,277,14,234,0.557,260,294,91.34,99.4,201,204,53,-2.4,139,3.0,0.222,0.333,0.0,119,27.0,2.0,0.421,3.0,330,0.412,289,6.0,4.0,7.0,234,0.584,0.0,0.0,0.429,0.5,401,1.0,0.288,0.294,0.0,96.0,43.0,17,98.0,0.429,0.0,17.0,0.577,170,0.0,0.0,0.0,0.0,0.0,59,0.0,73,265,POR,253.0,0.0,459,5.0,0.387,0.448,California,245,1,81,3,USA,1996,2004
762,Shawn Bradley,Shawn,1610612742,DAL,32.0,66,40,26,0.606,762.5766666666667,89,188,0.473,0,1,0.0,41,49,0.837,72,101,173,20,17,33,74,14,130,0,219,41,760.6,0,0,626.0,198,95,194,115,275,274,291,98,289,323,289,272,284,67,143,254,225,324,348,219,39,172,245,79,279,114,239,235,19,250,1,129,349,141,6.9,0.134,239,1.18,105.7,101,171,0.13,386,3.5,64,246,100.1,103.7,78.68,213,0.134,1494,100.1,5.1,141,0.038,68,94.42,6.9,386,0.073,2.8,103.7,190,101,141,8.1,1.3,0.112,0.091,31,239,0.473,94.42,405,348,286,77,0.523,64,176,93.27,100.6,20,20,318,3.5,34,0.0,0.0,0.0,1.0,9,0.0,0.0,0.386,0.0,88,0.346,26,0.0,0.0,0.0,46,0.63,0.0,0.0,0.0,0.0,73,0.0,0.25,0.0,1.0,10.0,4.0,2,8.0,0.394,0.0,0.0,0.598,66,0.0,0.0,0.0,0.0,0.0,8,0.0,26,49,DAL,21.0,0.0,82,0.0,0.381,0.4,Brigham Young,275,1,90,2,USA,1993,2004
1890,Shawn Marion,Shawn,1610612756,PHX,26.0,79,28,51,0.354,3209.87,590,1341,0.44,90,265,0.34,228,268,0.851,212,525,737,214,156,167,104,49,203,0,1498,-234,3360.4,35,0,3081.0,77,206,422,346,6,15,13,183,45,43,130,56,67,55,19,14,14,78,64,1,26,367,377,79,20,426,3,12,19,6,1,119,19,176,8.5,0.227,358,1.37,99.4,282,88,0.223,97,-3.4,157,306,103.9,100.5,78.5,167,0.165,6290,103.9,-2.8,149,0.116,162,94.19,8.6,94,0.137,17.0,100.5,188,282,149,11.8,7.5,0.115,0.066,196,358,0.474,94.19,190,251,24,259,0.513,157,68,95.47,102.3,54,50,22,-3.4,140,51.0,0.262,0.453,1.0,116,149.0,27.0,0.326,53.0,429,0.455,255,39.0,62.0,115.0,244,0.622,0.0,0.0,0.443,0.435,392,24.0,0.386,0.218,2.0,235.0,78.0,86,88.0,0.303,0.0,78.0,0.622,228,0.0,0.0,1.0,0.0,0.0,223,0.0,69,252,PHX,169.0,0.0,405,17.0,0.521,0.332,UNLV,215,1,79,9,USA,1999,2004
2098,Slava Medvedenko,Slava,1610612747,LAL,25.0,68,46,22,0.676,1448.9116666666666,237,537,0.441,0,3,0.0,89,116,0.767,148,195,343,57,59,38,18,29,191,1,563,-38,1169.1,6,0,1075.0,186,56,149,61,188,141,143,181,289,286,289,175,180,176,55,150,100,240,222,200,174,276,361,21,158,261,178,86,19,179,1,102,144,297,8.4,0.203,206,0.97,98.7,208,156,0.199,153,-1.0,222,193,99.5,98.5,77.29,264,0.139,2795,99.5,-0.9,237,0.068,42,92.74,8.4,153,0.083,7.9,98.5,278,208,237,8.1,3.5,0.119,0.1,223,206,0.441,92.74,333,350,238,203,0.479,222,216,92.6,99.6,47,45,145,-1.0,107,0.0,0.0,0.0,1.0,37,1.0,0.0,0.398,1.0,269,0.381,97,0.0,0.0,1.0,93,0.554,0.0,0.0,0.0,0.0,168,0.0,0.419,0.0,1.0,78.0,34.0,18,22.0,0.377,0.0,0.0,0.551,175,0.0,0.0,0.0,0.0,0.0,43,0.0,66,97,LAL,64.0,0.0,176,0.0,0.344,0.436,None,250,Undrafted,82,Undrafted,Ukraine,Undrafted,2004
2582,Slavko Vranes,Slavko,1610612757,POR,21.0,1,0,1,0.0,2.75,0,1,0.0,0,0,0.0,0,0,0.0,0,0,0,0,0,0,0,0,1,0,0,1,0.0,0,0,0.0,440,431,4,431,442,438,440,438,289,361,289,425,429,425,427,437,439,426,434,419,398,1,4,79,439,174,442,235,19,442,1,423,423,439,0.0,0.145,228,0.0,128.9,6,424,0.143,357,25.0,3,441,100.0,125.0,58.18,423,0.0,4,100.0,-10.0,442,0.0,420,69.82,0.0,354,-0.4,1.0,125.0,438,6,442,0.0,0.0,0.0,0.0,3,228,0.0,69.82,426,426,442,391,0.0,3,442,59.0,138.9,1,1,438,25.0,0,,0.0,,,0,0.0,,0.0,,1,0.0,0,0.0,,,0,0.0,,,,,0,,0.0,0.0,,,,0,,0.0,,0.0,0.0,1,,,,,,0,,0,0,POR,,,0,0.0,,,None,275,2,89,39,Montenegro,2003,2004
2049,Speedy Claxton,Speedy,1610612744,GSW,26.0,60,27,33,0.45,1594.5216666666668,224,524,0.427,4,22,0.182,182,224,0.813,38,118,156,267,102,97,9,51,146,0,634,111,1437.7,2,0,1273.0,229,216,273,255,169,148,146,217,217,208,264,78,89,105,247,236,238,57,135,37,262,373,274,79,139,68,139,146,19,145,1,345,124,202,10.3,0.209,211,2.62,102.4,104,355,0.205,144,3.4,83,186,99.6,103.0,76.32,36,0.077,3046,99.6,3.0,304,0.28,308,91.59,10.3,140,0.112,8.7,103.0,309,104,304,27.0,3.7,0.05,0.024,79,211,0.431,91.59,33,53,89,107,0.509,83,260,91.92,99.5,131,134,131,3.4,84,0.0,0.2,0.0,1.0,34,20.0,0.0,0.387,0.0,217,0.337,101,4.0,1.0,1.0,102,0.554,0.0,0.0,0.0,0.0,184,0.0,0.302,0.2,3.0,47.0,15.0,16,20.0,0.423,0.0,15.0,0.531,142,0.0,0.0,1.0,0.0,0.0,53,0.0,60,110,GSW,56.0,0.0,207,3.0,0.357,0.319,Hofstra,170,1,71,20,USA,2000,2004
278,Stacey Augmon,Stacey,1610612740,NOH,35.0,69,33,36,0.478,1418.63,143,347,0.412,1,7,0.143,110,139,0.791,52,122,174,85,76,55,15,26,114,0,397,-69,867.3,0,0,797.0,177,163,297,225,190,220,215,262,258,256,278,140,152,138,196,226,222,196,192,152,204,253,224,79,208,320,222,235,19,223,1,280,234,275,13.4,0.158,177,1.12,97.5,231,306,0.155,312,-1.7,273,150,98.5,96.7,76.61,226,0.089,2706,98.5,-0.9,279,0.106,248,91.93,13.2,307,0.066,5.0,96.7,344,231,279,14.8,2.1,0.063,0.037,264,177,0.414,91.93,214,191,312,206,0.486,273,279,91.56,98.5,303,305,246,-1.7,48,0.0,0.25,0.0,1.0,20,4.0,0.0,0.32,1.0,150,0.345,58,1.0,1.0,2.0,74,0.561,0.0,0.0,0.0,0.0,132,0.0,0.333,0.0,2.0,64.0,21.0,4,13.0,0.317,0.0,0.0,0.552,82,0.0,1.0,0.0,0.0,0.0,12,0.0,26,79,NOH,43.0,0.0,143,0.0,0.302,0.328,UNLV,213,1,80,9,USA,1991,2004
1536,Stephen Jackson,Stephen,1610612737,ATL,26.0,80,27,53,0.338,2943.2266666666665,536,1261,0.425,145,427,0.34,233,297,0.785,97,273,370,244,223,142,20,51,216,0,1450,-236,2523.0,4,0,2533.0,61,216,424,355,24,21,20,224,14,8,131,53,52,149,105,81,86,62,11,7,152,373,394,79,22,428,42,111,19,33,1,283,27,150,12.0,0.249,356,1.09,99.6,298,300,0.245,53,-4.1,181,339,103.9,99.8,78.14,231,0.09,5748,103.9,-3.8,168,0.155,262,93.77,12.0,51,0.1,15.8,99.8,142,298,168,13.1,6.7,0.063,0.034,188,356,0.483,93.77,138,224,141,282,0.521,181,141,94.09,103.4,235,238,32,-4.1,124,47.0,0.337,0.413,0.0,34,291.0,14.0,0.347,80.0,357,0.362,94,98.0,56.0,136.0,233,0.608,0.0,0.0,0.346,0.25,383,33.0,0.336,0.342,1.0,108.0,37.0,103,20.0,0.374,0.0,196.0,0.598,190,0.0,0.0,0.0,0.0,0.0,307,0.0,71,238,ATL,61.0,0.0,398,67.0,0.328,0.343,Butler C.C. (KS),218,2,80,42,USA,1997,2004
950,Stephon Marbury,Stephon,1610612752,NYK,27.0,81,37,44,0.457,3254.5433333333335,598,1386,0.431,87,274,0.318,356,436,0.817,58,205,263,719,249,129,9,46,172,0,1639,-91,3198.1,26,0,2984.0,43,123,381,241,3,13,10,206,47,39,163,17,23,97,180,143,156,1,4,15,262,346,321,79,10,343,9,23,19,10,2,395,16,156,9.8,0.255,352,2.89,101.5,233,401,0.251,45,-1.8,98,310,103.8,102.0,77.7,21,0.063,6332,103.8,-0.9,202,0.385,350,93.24,9.8,42,0.137,17.1,102.0,221,233,202,28.3,7.4,0.04,0.018,113,352,0.463,93.24,4,39,23,204,0.519,98,137,94.13,102.4,103,101,23,-1.8,215,3.0,0.326,0.333,5.0,52,258.0,0.0,0.384,9.0,560,0.437,119,84.0,2.0,11.0,244,0.564,0.0,0.0,0.273,0.0,433,3.0,0.368,0.327,11.0,97.0,42.0,96,37.0,0.369,0.667,159.0,0.553,314,0.091,3.0,6.0,1.0,0.0,261,0.0,116,250,NYK,83.0,4.0,452,52.0,0.446,0.433,Georgia Tech,205,1,74,4,USA,1996,2004
2581,Steve Blake,Steve,1610612764,WAS,24.0,75,22,53,0.293,1387.2433333333333,157,407,0.386,75,202,0.371,55,67,0.821,18,99,117,209,128,57,7,11,100,0,444,-101,961.9,1,0,973.0,120,261,424,386,194,202,185,344,66,71,83,242,254,93,318,261,283,81,93,144,288,142,197,79,194,357,209,178,19,198,1,387,219,206,16.5,0.182,200,1.63,95.9,285,367,0.178,231,-3.6,304,220,99.2,95.6,79.44,131,0.074,2754,99.2,-4.4,89,0.26,395,95.33,16.5,232,0.078,5.4,95.6,166,285,89,27.0,2.1,0.042,0.013,312,200,0.478,95.33,52,54,264,296,0.509,304,112,94.72,100.3,394,394,241,-3.6,48,19.0,0.348,0.5,1.0,11,161.0,8.0,0.364,22.0,132,0.355,31,56.0,18.0,40.0,23,0.548,0.0,0.0,0.475,0.444,42,11.0,0.402,0.371,4.0,17.0,8.0,51,6.0,0.342,0.0,116.0,0.5,73,0.0,0.0,2.0,0.0,0.0,127,0.0,25,24,WAS,20.0,0.0,48,43.0,0.3,0.471,Maryland,172,2,75,38,USA,2003,2004
1883,Steve Francis,Steve,1610612745,HOU,27.0,79,44,35,0.557,3196.4216666666666,450,1117,0.403,73,250,0.292,337,435,0.775,116,317,433,493,294,139,35,48,257,1,1310,196,2797.1,11,0,2657.0,77,62,290,140,7,46,33,289,71,48,195,26,24,160,82,60,64,10,2,9,96,363,429,21,40,44,23,53,19,23,1,258,46,233,14.0,0.237,123,1.68,99.0,113,275,0.235,75,3.0,177,83,97.0,100.0,74.89,123,0.097,5993,97.0,3.0,380,0.276,236,89.87,14.0,63,0.111,14.1,100.0,296,113,380,23.4,5.7,0.07,0.039,214,123,0.436,89.87,38,77,95,106,0.501,177,324,90.79,96.0,332,332,62,3.0,173,12.0,0.297,0.182,9.0,23,202.0,8.0,0.387,22.0,447,0.24,96,60.0,16.0,38.0,182,0.56,0.0,0.0,0.316,0.5,325,4.0,0.36,0.276,14.0,82.0,27.0,80,19.0,0.405,0.167,127.0,0.546,257,0.0,2.0,6.0,0.0,0.0,222,0.0,104,184,HOU,70.0,1.0,337,35.0,0.271,0.329,Maryland,200,1,75,2,USA,1999,2004
959,Steve Nash,Steve,1610612742,DAL,30.0,78,50,28,0.641,2615.365,397,845,0.47,104,257,0.405,230,251,0.916,59,173,232,687,209,67,8,27,139,0,1128,245,2452.9,28,1,2301.0,91,34,225,90,58,64,73,114,34,45,35,55,75,16,178,172,180,2,19,104,273,256,262,79,57,36,46,19,7,48,1,376,86,17,11.3,0.193,410,3.29,110.4,85,397,0.188,182,4.5,8,387,106.9,111.4,80.2,11,0.066,5247,106.9,4.7,55,0.37,325,96.23,11.4,182,0.126,10.8,111.4,29,85,55,37.5,5.1,0.044,0.022,9,410,0.531,96.23,6,6,44,84,0.59,8,17,97.14,105.7,198,188,77,4.5,120,8.0,0.4,0.333,2.0,67,240.0,7.0,0.476,3.0,252,0.482,139,96.0,12.0,15.0,106,0.538,0.0,0.0,0.533,0.583,197,1.0,0.476,0.314,2.0,87.0,42.0,110,43.0,0.447,0.0,86.0,0.536,141,0.0,0.0,0.0,0.0,0.0,231,0.0,63,112,DAL,89.0,0.0,209,27.0,0.483,0.483,Santa Clara,195,1,75,15,Canada,1996,2004
2212,Steven Hunter,Steven,1610612753,ORL,22.0,59,13,46,0.22,790.2116666666667,82,155,0.529,0,0,0.0,23,69,0.333,54,116,170,12,29,5,73,21,101,0,187,-188,614.0,0,0,525.0,232,337,394,422,266,281,309,19,289,361,289,314,250,420,190,239,228,360,306,369,40,226,199,79,301,410,262,235,19,274,1,154,363,222,12.8,0.125,419,0.41,96.1,398,147,0.123,404,-11.1,274,417,107.8,96.7,77.25,399,0.142,1517,107.8,-12.5,240,0.025,163,92.69,12.7,402,0.053,2.6,96.7,33,398,240,5.3,1.4,0.103,0.065,304,419,0.529,92.69,420,413,353,402,0.504,274,209,92.65,108.6,277,284,315,-11.1,0,0.0,0.0,0.0,0.0,8,0.0,0.0,0.0,0.0,12,0.333,24,0.0,0.0,0.0,74,0.622,0.0,0.0,0.0,0.0,119,0.0,0.0,0.0,0.0,6.0,1.0,0,6.0,0.0,0.0,0.0,0.605,5,0.0,0.0,0.0,0.0,0.0,0,0.0,0,75,ORL,20.0,0.0,124,0.0,0.3,0.167,DePaul,240,1,84,15,USA,2001,2004
120,Steven Smith,Steven,1610612740,NOH,35.0,71,32,39,0.451,922.2866666666666,119,293,0.406,43,107,0.402,77,83,0.928,27,54,81,56,42,15,6,9,91,0,358,-20,560.2,0,0,580.0,160,177,326,254,251,239,237,277,112,123,38,190,228,14,284,321,316,244,270,309,299,122,185,79,228,227,276,235,19,260,1,366,272,77,9.8,0.183,326,1.33,100.7,239,396,0.177,229,-2.0,156,366,102.6,100.6,76.98,174,0.066,1783,102.6,-3.8,253,0.109,286,92.38,9.9,237,0.068,4.1,100.6,154,239,253,13.2,1.7,0.046,0.028,138,326,0.48,92.38,204,221,305,283,0.543,156,283,91.46,104.5,108,107,280,-2.0,26,21.0,0.355,0.391,0.0,20,62.0,12.0,0.321,23.0,81,0.426,47,22.0,22.0,45.0,30,0.517,0.0,0.0,0.467,0.545,58,9.0,0.464,0.267,0.0,35.0,11.0,39,14.0,0.319,0.0,30.0,0.516,47,0.0,1.0,0.0,0.0,0.0,84,0.0,15,32,NOH,34.0,0.0,62,8.0,0.412,0.314,Michigan State,221,1,80,5,USA,1991,2004
2031,Stromile Swift,Stromile,1610612763,MEM,24.0,77,48,29,0.623,1530.045,268,571,0.469,1,4,0.25,190,262,0.725,141,237,378,38,88,56,118,37,188,0,727,82,1671.6,6,0,1492.0,102,50,233,102,176,122,135,116,258,274,228,73,68,257,62,109,85,276,159,147,21,310,356,79,118,83,110,86,19,119,1,98,156,120,10.8,0.223,156,0.43,100.5,116,114,0.219,109,2.9,134,134,98.0,100.9,79.34,396,0.153,3032,98.0,2.5,92,0.043,73,95.21,10.8,102,0.118,7.4,100.9,200,116,92,4.7,3.5,0.121,0.089,141,156,0.47,95.21,399,417,62,118,0.53,134,74,95.35,98.0,158,161,146,2.9,78,1.0,0.0,1.0,1.0,49,2.0,0.0,0.417,1.0,187,0.402,122,0.0,0.0,1.0,140,0.543,0.0,0.0,1.0,0.0,258,1.0,0.8,0.0,2.0,43.0,9.0,8,45.0,0.443,0.0,1.0,0.534,131,0.0,0.0,0.0,0.0,0.0,10,0.0,58,148,MEM,107.0,0.0,277,0.0,0.421,0.209,Louisiana State,230,1,81,2,USA,2000,2004
2551,T.J. Ford,T.J.,1610612749,MIL,21.0,55,29,26,0.527,1484.0883333333334,153,398,0.384,5,21,0.238,80,98,0.816,37,140,177,356,139,60,3,29,123,0,391,7,1187.4,3,0,1055.0,261,195,194,168,184,207,188,346,211,210,240,185,202,98,252,205,217,29,82,135,342,276,236,79,212,164,175,124,19,181,1,299,164,362,14.8,0.176,258,2.56,100.2,176,287,0.174,250,0.2,130,222,100.7,100.9,77.79,38,0.094,2886,100.7,-0.1,192,0.375,306,93.34,14.8,243,0.093,7.2,100.9,378,176,192,37.9,2.8,0.059,0.024,153,258,0.391,93.34,5,5,179,182,0.443,130,152,93.83,100.3,362,362,180,0.2,54,2.0,0.188,0.667,1.0,17,16.0,0.0,0.351,3.0,154,0.283,60,3.0,1.0,4.0,77,0.472,0.0,0.0,0.5,0.0,163,2.0,0.348,0.222,4.0,48.0,17.0,8,12.0,0.36,0.0,9.0,0.462,100,0.0,2.0,1.0,0.0,0.0,23,0.0,36,78,MIL,42.0,0.0,169,2.0,0.286,0.354,Texas,165,1,72,8,USA,2003,2004
2447,Tamar Slay,Tamar,1610612751,NJN,24.0,22,11,11,0.5,158.82666666666665,21,60,0.35,4,12,0.333,7,14,0.5,10,15,25,14,11,7,1,5,20,0,53,-52,117.0,0,0,112.0,360,355,80,194,377,366,365,390,217,232,138,375,367,390,349,379,375,348,368,355,378,75,66,79,366,290,373,235,19,373,1,212,359,394,12.1,0.223,398,1.27,94.1,415,243,0.214,110,-15.0,373,412,106.0,91.0,78.95,197,0.106,311,106.0,-14.2,122,0.169,169,94.74,12.0,119,0.038,2.7,91.0,386,415,122,15.2,1.0,0.084,0.063,362,398,0.383,94.74,126,182,386,416,0.401,373,244,92.19,108.3,234,242,372,-15.0,7,4.0,0.0,0.5,1.0,1,4.0,3.0,0.292,2.0,24,0.125,8,0.0,5.0,7.0,9,0.563,0.0,0.0,0.571,0.6,16,1.0,0.5,0.0,2.0,5.0,1.0,9,0.0,0.167,,1.0,0.563,12,0.0,,,0.0,,18,,2,9,NJN,6.0,,16,0.0,0.0,0.2,Marshall,215,2,80,53,USA,2002,2004
2419,Tayshaun Prince,Tayshaun,1610612765,DET,24.0,82,54,28,0.659,2696.6666666666665,338,723,0.467,57,157,0.363,108,141,0.766,93,297,390,191,119,63,69,40,149,0,841,364,1872.5,2,0,1743.0,3,22,225,77,49,91,98,119,89,93,99,142,150,178,112,71,80,93,105,123,47,324,282,79,98,21,94,146,19,98,1,244,122,100,10.9,0.156,62,1.61,100.0,47,232,0.153,320,7.0,150,40,93.7,100.7,75.14,134,0.11,5072,93.7,7.2,369,0.122,254,90.17,10.9,315,0.101,8.8,100.7,66,47,369,17.5,4.1,0.073,0.036,164,62,0.507,90.17,179,138,135,46,0.536,150,317,90.88,92.8,165,164,110,7.0,97,33.0,0.261,0.586,0.0,34,92.0,16.0,0.418,29.0,232,0.351,97,24.0,36.0,65.0,150,0.633,0.0,0.0,0.508,0.444,237,17.0,0.415,0.333,0.0,64.0,30.0,49,32.0,0.38,0.0,69.0,0.622,129,0.0,0.0,0.0,0.0,0.0,118,0.0,49,155,DET,94.0,0.0,249,23.0,0.34,0.469,Kentucky,215,1,81,23,USA,2002,2004
689,Theo Ratliff,Theo,1610612757,POR,31.0,85,35,50,0.412,2661.69,266,549,0.485,0,0,0.0,140,217,0.645,195,419,614,71,120,54,307,31,300,2,672,-51,2478.3,8,0,2079.0,1,139,418,301,54,123,138,69,289,361,289,109,92,336,27,28,30,212,101,155,1,287,442,6,132,289,44,71,19,62,2,110,185,147,14.4,0.136,202,0.59,98.3,200,121,0.135,379,-0.7,217,157,99.5,98.7,74.75,359,0.152,4967,99.5,-0.5,390,0.043,109,89.7,14.3,374,0.084,6.5,98.7,133,200,390,8.4,3.1,0.118,0.079,240,202,0.485,89.7,398,339,226,193,0.521,217,349,90.23,98.8,342,345,162,-0.7,59,0.0,0.0,0.0,0.0,50,0.0,0.0,0.317,0.0,186,0.376,133,0.0,0.0,0.0,157,0.683,0.0,0.0,0.0,0.0,230,0.0,0.333,0.0,0.0,112.0,34.0,1,34.0,0.369,0.0,0.0,0.675,84,0.0,0.0,0.0,0.0,0.0,3,0.0,31,166,POR,104.0,0.0,246,0.0,0.327,0.304,Wyoming,235,1,82,18,USA,1995,2004
2604,Theron Smith,Theron,1610612763,MEM,23.0,20,13,7,0.65,178.94,16,43,0.372,6,12,0.5,6,8,0.75,13,28,41,7,14,5,5,5,18,0,44,0,119.7,0,0,118.0,369,337,58,85,370,376,377,365,203,232,5,378,380,209,337,366,357,377,359,369,313,75,65,79,375,180,372,235,19,371,1,131,388,311,20.7,0.153,56,0.5,96.1,159,126,0.147,326,1.1,340,72,93.2,94.3,78.69,374,0.151,350,93.2,1.0,140,0.065,132,94.42,20.9,338,0.065,2.2,94.3,276,159,140,10.4,0.8,0.112,0.072,302,56,0.442,94.42,341,289,316,156,0.473,340,215,92.6,95.1,425,425,387,1.1,1,3.0,0.6,0.6,0.0,1,5.0,0.0,0.091,5.0,11,0.333,3,3.0,2.0,7.0,8,0.471,0.0,0.0,0.429,0.0,17,3.0,0.4,0.5,0.0,0.0,0.0,6,0.0,0.0,0.0,2.0,0.45,6,0.0,,0.0,0.0,,15,,0,9,MEM,0.0,0.0,20,1.0,0.0,0.0,Ball State,225,Undrafted,80,Undrafted,USA,Undrafted,2004
2357,Tierre Brown,Tierre,1610612740,NOH,25.0,3,0,3,0.0,18.276666666666667,2,4,0.5,0,0,0.0,2,4,0.5,0,1,1,2,7,0,0,0,1,0,6,-20,3.2,0,0,9.0,429,431,21,431,429,420,429,39,289,361,289,403,400,390,427,427,433,402,381,419,398,1,4,79,423,227,438,235,19,427,1,417,416,151,47.4,0.378,425,0.29,52.0,440,410,0.351,1,-60.6,440,432,109.1,48.5,72.22,415,0.056,33,109.1,-66.7,437,0.4,420,86.67,46.7,1,-0.072,1.3,48.5,79,440,437,13.3,0.7,0.029,0.0,440,425,0.5,86.67,2,219,434,441,0.521,440,441,80.21,118.7,439,439,399,-60.6,0,0.0,0.0,,,0,0.0,0.0,0.0,,2,0.0,0,0.0,0.0,0.0,2,1.0,,,0.0,0.0,2,,0.0,0.0,,1.0,0.0,0,0.0,0.0,,0.0,1.0,0,,,,,,1,,0,2,NOH,0.0,,2,0.0,0.0,0.0,McNeese State,189,Undrafted,74,Undrafted,USA,Undrafted,2004
1495,Tim Duncan,Tim,1610612759,SAS,28.0,69,51,18,0.739,2524.8766666666666,592,1181,0.501,2,12,0.167,352,588,0.599,227,632,859,213,183,62,185,87,164,0,1538,545,3446.3,56,0,3106.0,177,32,124,24,66,14,23,38,236,232,269,20,4,364,16,3,4,79,40,126,8,432,306,79,15,2,2,2,19,4,1,7,15,106,10.0,0.3,31,1.16,101.0,13,3,0.296,8,11.4,114,22,90.1,101.5,75.06,220,0.247,4741,90.1,11.3,376,0.17,64,90.07,9.9,8,0.212,17.1,101.5,77,13,376,11.6,8.6,0.171,0.092,127,31,0.502,90.07,124,258,2,14,0.534,114,337,90.52,89.7,112,113,4,11.4,163,0.0,0.167,0.0,0.0,121,12.0,0.0,0.395,0.0,413,0.377,321,2.0,0.0,0.0,306,0.703,0.0,0.0,0.0,0.0,435,0.0,0.333,0.2,0.0,201.0,75.0,9,106.0,0.391,0.0,5.0,0.681,179,0.0,0.0,2.0,0.0,0.0,27,0.0,70,331,SAS,281.0,0.0,486,1.0,0.377,0.373,Wake Forest,260,1,84,1,US Virgin Islands,1997,2004
1501,Tim Thomas,Tim,1610612752,NYK,27.0,66,35,31,0.53,2089.1266666666666,363,813,0.446,73,194,0.376,171,218,0.784,64,256,320,124,116,64,20,53,196,0,970,28,1676.0,3,0,1655.0,198,139,255,162,113,82,78,167,71,78,69,84,91,150,165,93,114,146,109,118,152,376,369,79,78,126,109,124,19,103,2,227,67,107,10.1,0.224,303,1.07,102.3,166,188,0.219,106,0.5,91,287,101.8,102.4,76.86,238,0.127,4017,101.8,0.7,262,0.102,277,92.23,10.1,101,0.095,12.3,102.4,111,166,262,10.8,5.5,0.078,0.03,83,303,0.491,92.23,228,278,166,162,0.534,91,234,92.31,101.7,121,121,66,0.5,106,18.0,0.401,0.333,3.0,64,137.0,8.0,0.4,30.0,265,0.464,138,55.0,23.0,53.0,120,0.553,0.0,0.0,0.34,0.348,217,10.0,0.4,0.375,4.0,139.0,54.0,46,56.0,0.376,0.0,88.0,0.561,117,0.0,1.0,0.0,0.0,1.0,115,1.0,44,129,NYK,119.0,0.0,230,33.0,0.471,0.388,Villanova,240,1,82,7,USA,1997,2004
339,Tom Gugliotta,Tom,1610612762,UTA,34.0,55,25,30,0.455,818.4833333333333,70,203,0.345,1,4,0.25,20,28,0.714,65,122,187,63,39,31,12,16,81,0,161,-132,569.9,0,0,498.0,261,228,247,242,265,302,275,393,258,274,228,328,329,269,160,226,209,230,278,230,231,192,168,79,315,382,273,235,19,282,2,99,296,409,12.3,0.146,290,1.62,93.3,377,87,0.143,354,-8.2,354,276,101.5,93.3,74.75,133,0.165,1526,101.5,-8.0,392,0.132,105,89.7,12.3,352,0.069,3.7,93.3,402,377,392,19.9,1.3,0.12,0.08,373,290,0.347,89.7,169,115,301,368,0.374,354,374,89.74,101.4,251,251,326,-8.2,36,0.0,0.5,0.0,1.0,5,2.0,0.0,0.3,0.0,120,0.263,19,1.0,1.0,1.0,28,0.467,0.0,0.0,0.0,0.0,60,0.0,0.292,0.0,2.0,18.0,5.0,7,3.0,0.3,1.0,0.0,0.469,80,0.0,0.0,1.0,0.0,0.0,24,0.0,24,30,UTA,14.0,1.0,64,0.0,0.214,0.278,North Carolina State,250,1,82,6,USA,1992,2004
389,Toni Kukoc,Toni,1610612749,MIL,35.0,73,37,36,0.507,1514.6716666666666,211,506,0.417,49,168,0.292,145,199,0.729,60,211,271,200,110,59,21,20,110,2,616,50,1371.2,2,0,1296.0,135,123,297,190,178,154,151,245,105,89,196,103,99,254,174,132,147,88,118,138,145,219,218,6,143,107,147,146,19,142,1,191,172,157,12.2,0.214,314,1.82,104.1,150,155,0.209,134,1.3,73,321,102.2,103.5,78.21,107,0.14,2967,102.2,1.3,163,0.23,231,93.85,12.2,131,0.118,6.9,103.5,214,150,163,22.1,2.9,0.091,0.041,55,314,0.465,93.85,78,86,64,147,0.519,73,173,93.31,102.8,244,244,177,1.3,35,4.0,0.313,0.214,2.0,14,144.0,1.0,0.31,14.0,113,0.326,43,45.0,8.0,22.0,113,0.621,0.0,0.0,0.182,0.125,182,3.0,0.26,0.327,3.0,33.0,10.0,20,12.0,0.297,0.0,107.0,0.618,64,0.0,2.0,0.0,0.0,0.0,77,0.0,19,115,MIL,34.0,0.0,186,35.0,0.353,0.303,None,235,2,83,29,Croatia,1990,2004
1499,Tony Battie,Tony,1610612739,CLE,28.0,73,37,36,0.507,1474.7316666666666,170,384,0.443,2,9,0.222,66,89,0.742,118,241,359,58,63,26,67,21,159,2,408,-67,1141.8,3,0,1013.0,135,123,297,190,186,192,194,176,236,244,246,211,221,231,78,105,91,238,213,249,49,226,295,6,206,317,180,124,19,188,2,109,227,293,11.6,0.151,207,0.92,96.2,238,107,0.149,335,-2.0,248,164,99.5,97.5,75.97,272,0.156,2796,99.5,-2.8,329,0.068,112,91.17,11.5,327,0.086,5.3,97.5,267,238,329,10.6,2.3,0.118,0.078,299,207,0.445,91.17,331,282,212,254,0.482,248,255,92.01,99.0,208,209,219,-2.0,74,1.0,0.143,0.0,1.0,29,7.0,1.0,0.374,0.0,198,0.414,70,1.0,1.0,1.0,65,0.607,0.0,0.0,1.0,1.0,107,0.0,0.333,0.0,3.0,76.0,37.0,5,25.0,0.34,0.0,3.0,0.568,106,0.0,0.0,0.0,0.0,0.0,15,0.0,36,67,CLE,63.0,0.0,118,0.0,0.397,0.487,Texas Tech,240,1,83,5,USA,1997,2004
960,Tony Delk,Tony,1610612742,DAL,30.0,33,18,15,0.545,514.6833333333333,70,184,0.38,20,66,0.303,37,44,0.841,16,43,59,28,17,27,7,13,46,0,197,-44,394.8,0,0,372.0,337,303,101,148,319,302,294,351,150,148,180,281,295,66,325,339,338,295,348,245,288,161,108,79,296,271,314,235,19,317,1,319,215,284,6.8,0.188,385,1.65,102.1,313,312,0.183,203,-4.5,148,371,105.2,100.7,80.55,127,0.087,1038,105.2,-2.8,40,0.088,289,96.67,6.8,202,0.069,5.6,100.7,298,313,40,11.2,2.1,0.055,0.028,89,385,0.435,96.67,273,268,300,258,0.484,148,44,96.1,105.0,19,19,238,-4.5,16,6.0,0.311,0.333,1.0,8,45.0,3.0,0.302,9.0,53,0.471,17,14.0,11.0,20.0,26,0.542,0.0,0.0,0.3,0.273,48,3.0,0.305,0.3,1.0,10.0,4.0,18,4.0,0.303,0.0,20.0,0.538,33,0.0,0.0,0.0,0.0,0.0,59,0.0,10,28,DAL,9.0,0.0,52,6.0,0.444,0.4,Kentucky,189,1,74,16,USA,1996,2004
763,Tony Massenburg,Tony,1610612758,SAC,36.0,59,44,15,0.746,783.0133333333333,104,219,0.475,0,1,0.0,43,63,0.683,57,131,188,29,45,14,18,15,144,0,251,-129,571.1,0,0,532.0,232,62,101,17,269,257,265,95,289,323,289,269,260,297,184,214,207,292,258,313,174,184,268,79,265,377,271,235,19,270,1,106,294,205,14.0,0.171,362,0.64,96.7,373,77,0.167,269,-7.7,286,379,104.1,96.3,77.78,344,0.17,1517,104.1,-8.6,194,0.066,148,93.33,14.1,270,0.06,3.7,96.3,183,373,194,9.1,1.8,0.118,0.07,286,362,0.475,93.33,338,329,335,373,0.509,286,212,92.62,105.3,334,333,271,-7.7,26,0.0,0.0,0.0,1.0,38,0.0,0.0,0.356,0.0,73,0.481,79,0.0,0.0,0.0,40,0.606,0.0,0.0,0.0,0.0,66,0.0,1.0,0.0,1.0,39.0,15.0,1,30.0,0.342,0.0,0.0,0.608,38,0.0,0.0,0.0,0.0,0.0,1,0.0,13,45,SAC,66.0,0.0,74,0.0,0.455,0.385,Maryland,250,2,81,43,USA,1990,2004
2225,Tony Parker,Tony,1610612759,SAS,22.0,75,54,21,0.72,2578.985,423,946,0.447,62,199,0.312,191,272,0.702,43,194,237,411,179,61,7,45,148,0,1099,395,2024.9,7,0,1945.0,120,22,141,36,61,55,56,163,84,75,168,71,63,283,230,151,177,20,45,131,288,342,279,79,61,17,83,78,19,78,1,362,59,170,10.8,0.224,70,2.3,101.7,34,362,0.222,102,8.3,93,49,94.1,102.3,75.53,67,0.076,4866,94.1,8.5,351,0.278,356,90.64,10.8,95,0.115,12.6,102.3,149,34,351,24.8,5.6,0.047,0.017,104,70,0.48,90.64,36,71,75,30,0.516,93,292,91.34,93.2,159,157,65,8.3,110,13.0,0.31,0.273,1.0,56,158.0,7.0,0.374,22.0,294,0.384,146,49.0,18.0,40.0,195,0.635,0.0,0.0,0.325,0.389,307,6.0,0.409,0.276,3.0,34.0,16.0,79,38.0,0.326,0.0,87.0,0.616,187,0.0,1.0,0.0,0.0,0.0,193,0.0,61,205,SAS,108.0,0.0,333,24.0,0.352,0.471,None,180,1,74,28,France,2001,2004
1765,Torraye Braggs,Torraye,1610612764,WAS,28.0,15,10,5,0.667,149.80833333333334,16,33,0.485,0,0,0.0,8,12,0.667,18,21,39,7,13,4,2,5,29,0,40,26,102.3,0,0,98.0,389,365,36,67,380,376,385,66,289,361,289,373,371,309,318,370,360,377,361,377,356,75,78,79,380,129,378,235,19,377,2,57,386,143,22.3,0.16,43,0.54,101.3,31,137,0.152,305,8.4,145,37,92.3,100.7,76.1,366,0.145,286,92.3,9.1,321,0.083,11,91.32,22.4,319,0.051,2.2,100.7,131,31,321,12.1,1.1,0.135,0.125,118,43,0.485,91.32,283,245,361,23,0.522,145,309,91.05,92.2,429,427,355,8.4,5,0.0,0.0,0.0,0.0,2,0.0,0.0,0.5,0.0,10,0.333,6,0.0,0.0,0.0,9,0.529,0.0,0.0,0.0,0.0,17,0.0,0.0,0.0,0.0,4.0,2.0,0,2.0,0.5,,0.0,0.5,6,0.0,0.0,,0.0,0.0,0,0.0,3,9,WAS,5.0,,18,0.0,0.4,0.5,Xavier,245,2,80,57,USA,1998,2004
1503,Tracy McGrady,Tracy,1610612753,ORL,25.0,67,19,48,0.284,2687.2383333333332,653,1566,0.417,174,513,0.339,398,500,0.796,95,307,402,370,179,93,42,55,129,0,1878,-313,3141.4,12,0,3094.0,191,294,409,395,51,4,2,246,4,4,132,7,9,133,110,64,77,26,45,45,80,380,242,79,3,437,11,47,19,5,1,239,2,137,7.7,0.33,429,2.07,101.8,346,216,0.325,3,-6.0,58,418,109.8,103.8,77.31,84,0.117,5193,109.8,-7.1,233,0.272,261,92.77,7.7,3,0.153,23.4,103.8,194,346,233,15.9,9.7,0.075,0.034,101,429,0.473,92.77,42,170,10,352,0.526,58,139,94.11,108.9,33,34,2,-6.0,286,9.0,0.337,0.357,0.0,18,487.0,4.0,0.416,14.0,687,0.31,58,164.0,10.0,24.0,176,0.568,0.0,0.0,0.375,0.4,310,5.0,0.407,0.334,4.0,60.0,25.0,151,14.0,0.4,0.5,341.0,0.563,420,0.0,2.0,2.0,0.0,0.0,371,0.0,168,180,ORL,46.0,1.0,320,114.0,0.304,0.417,None,210,1,80,9,USA,1997,2004
145,Tracy Murray,Tracy,1610612757,POR,32.0,7,4,3,0.571,35.00666666666667,3,12,0.25,2,5,0.4,0,1,0.0,3,2,5,1,2,1,0,1,3,0,8,-5,16.5,0,0,18.0,407,394,21,134,414,414,408,427,236,263,40,425,425,425,392,423,414,413,418,403,398,27,22,79,415,190,420,235,19,418,1,423,402,421,13.0,0.196,426,0.5,97.4,406,424,0.184,173,-12.4,267,413,109.4,97.0,74.84,374,0.0,67,109.4,-10.9,384,0.045,91,89.81,13.3,197,-0.013,1.7,97.0,408,406,384,6.7,0.4,0.0,0.083,268,426,0.333,89.81,393,386,427,397,0.322,267,363,90.03,108.4,305,289,420,-12.4,0,0.0,0.5,0.0,,0,4.0,0.0,0.0,0.0,3,0.0,2,2.0,1.0,1.0,1,0.5,,,0.0,0.0,2,0.0,0.0,0.667,,2.0,0.0,0,0.0,0.0,,3.0,0.5,1,,,,,,3,,0,1,POR,1.0,,2,2.0,0.0,0.0,UCLA,230,1,79,18,USA,1992,2004
696,Travis Best,Travis,1610612742,DAL,31.0,61,38,23,0.623,762.1766666666666,64,172,0.372,3,20,0.15,40,46,0.87,17,51,68,112,33,31,4,5,66,0,171,121,492.6,0,0,424.0,221,114,157,104,276,315,299,365,228,213,276,274,289,35,323,324,329,167,296,230,328,75,142,79,309,62,289,235,19,298,1,383,351,359,9.8,0.131,113,3.39,107.3,41,393,0.126,391,7.5,50,137,96.7,104.2,79.8,9,0.067,1524,96.7,9.1,66,0.209,334,95.76,9.7,392,0.067,2.8,104.2,387,41,66,33.0,1.0,0.043,0.021,21,113,0.381,95.76,98,19,310,22,0.445,50,159,93.68,98.1,97,102,359,7.5,27,1.0,0.133,1.0,4.0,3,15.0,0.0,0.31,1.0,87,0.214,14,2.0,0.0,1.0,31,0.608,0.0,0.0,1.0,0.0,51,1.0,0.283,0.25,4.0,10.0,1.0,13,3.0,0.366,0.0,4.0,0.596,41,0.0,0.0,1.0,0.0,0.0,46,0.0,15,31,DAL,14.0,0.0,52,1.0,0.214,0.1,Georgia Tech,185,1,71,23,USA,1995,2004
2580,Travis Hansen,Travis,1610612737,ATL,26.0,41,13,28,0.317,509.5516666666667,46,130,0.354,9,30,0.3,22,27,0.815,30,40,70,19,15,10,9,11,67,0,123,-10,277.5,0,0,259.0,313,337,225,371,320,337,325,385,187,197,183,320,333,101,269,342,326,329,356,342,262,142,145,79,333,200,342,235,19,344,1,256,321,376,8.5,0.139,213,1.27,102.3,178,339,0.134,374,0.1,184,330,99.7,99.8,80.5,200,0.081,1020,99.7,-0.8,42,0.059,181,96.6,8.5,377,0.026,3.2,99.8,380,178,42,10.7,1.1,0.071,0.06,82,213,0.388,96.6,357,280,400,201,0.433,184,155,93.79,103.2,49,49,347,0.1,14,4.0,0.278,0.333,0.0,3,18.0,3.0,0.264,3.0,53,0.3,10,5.0,9.0,12.0,20,0.541,0.0,0.0,0.333,0.333,37,1.0,0.314,0.3,0.0,14.0,2.0,11,2.0,0.304,0.0,10.0,0.553,23,0.0,0.0,0.0,0.0,0.0,35,0.0,7,21,ATL,10.0,0.0,38,3.0,0.2,0.143,Brigham Young,205,2,78,37,USA,2003,2004
2566,Travis Outlaw,Travis,1610612757,POR,19.0,8,1,7,0.125,18.738333333333333,3,7,0.429,0,0,0.0,2,4,0.5,2,2,4,1,1,1,0,1,1,0,8,-22,16.3,0,0,15.0,406,424,58,429,428,414,420,212,289,361,289,403,400,390,400,423,419,413,426,403,398,27,4,79,415,232,421,235,19,421,1,161,430,341,9.3,0.246,434,1.0,66.4,439,213,0.222,56,-52.4,437,437,111.9,59.5,89.66,248,0.118,42,111.9,-59.5,7,0.143,69,107.59,9.1,96,0.073,0.9,59.5,314,439,7,9.1,0.4,0.103,0.091,437,434,0.429,107.59,155,327,288,440,0.457,437,48,96.01,125.9,73,76,423,-52.4,1,0.0,0.0,0.0,,0,0.0,0.0,0.25,0.0,4,0.0,1,0.0,0.0,0.0,2,1.0,,,0.0,0.0,2,0.0,1.0,0.0,,2.0,0.0,1,0.0,0.0,,0.0,0.667,1,,,,,,1,,0,2,POR,0.0,,3,0.0,0.0,0.0,None,210,1,81,23,USA,2003,2004
1762,Tremaine Fowlkes,Tremaine,1610612765,DET,28.0,36,21,15,0.583,251.135,15,48,0.313,1,8,0.125,13,18,0.722,18,35,53,14,12,9,3,8,37,0,44,-44,152.6,0,0,136.0,329,276,101,124,364,378,373,412,258,249,281,357,361,261,318,347,347,348,364,346,342,117,89,79,375,271,367,235,19,367,1,147,416,400,14.6,0.131,27,1.17,87.6,356,159,0.124,390,-6.7,422,55,89.3,82.6,78.13,218,0.138,484,89.3,-6.0,169,0.109,130,93.75,14.5,399,0.047,1.3,82.6,416,356,169,16.9,0.4,0.106,0.073,412,27,0.323,93.75,207,152,372,332,0.393,422,403,88.95,93.6,350,357,421,-6.7,6,1.0,0.0,1.0,0.0,0,6.0,0.0,0.316,1.0,19,0.0,3,0.0,1.0,2.0,8,0.444,0.0,0.0,0.5,0.0,18,1.0,0.333,0.0,0.0,2.0,1.0,2,0.0,0.286,0.0,3.0,0.421,14,0.0,0.0,2.0,0.0,0.0,6,0.0,4,8,DET,2.0,0.0,19,0.0,0.0,0.5,Fresno State,212,2,78,54,USA,1998,2004
2239,Trenton Hassell,Trenton,1610612750,MIN,25.0,81,57,24,0.704,2263.2116666666666,177,381,0.465,4,13,0.308,48,61,0.787,68,189,257,133,46,36,54,14,200,1,406,287,1137.9,1,0,980.0,43,7,169,42,92,186,197,127,217,228,172,258,261,143,153,155,164,139,257,209,64,172,374,21,207,29,181,178,19,195,1,310,246,244,7.8,0.095,128,2.89,104.0,50,342,0.093,435,6.8,55,88,97.2,104.0,76.18,18,0.08,4308,97.2,7.7,313,0.082,271,91.42,7.8,434,0.049,4.7,104.0,202,50,313,22.6,2.2,0.058,0.032,56,128,0.47,91.42,293,81,365,43,0.498,55,265,91.81,96.3,36,37,230,6.8,117,3.0,0.111,1.0,1.0,12,9.0,2.0,0.445,1.0,263,0.414,29,1.0,2.0,3.0,44,0.579,0.0,0.0,1.0,1.0,76,1.0,0.471,0.167,1.0,48.0,18.0,24,8.0,0.455,0.0,6.0,0.561,176,0.0,0.0,0.0,0.0,0.0,51,0.0,80,46,MIN,17.0,0.0,82,1.0,0.471,0.375,Austin Peay,200,2,77,29,USA,2001,2004
2559,Troy Bell,Troy,1610612763,MEM,23.0,6,5,1,0.833,34.9,4,18,0.222,0,4,0.0,3,3,1.0,3,1,4,4,6,1,0,4,6,0,11,7,18.8,0,0,21.0,413,388,4,6,415,409,400,429,289,274,289,394,409,1,392,427,419,389,388,403,398,64,31,79,410,164,416,235,19,412,1,316,334,430,20.5,0.293,24,0.67,98.1,37,420,0.278,13,7.9,289,24,88.2,96.1,87.68,335,0.028,77,88.2,8.0,11,0.182,80,105.21,20.7,17,-0.074,3.0,96.1,432,37,11,13.8,0.7,0.056,0.086,246,24,0.222,105.21,112,210,435,37,0.285,289,5,103.04,90.1,424,422,399,7.9,2,0.0,0.0,0.0,,1,4.0,0.0,0.333,0.0,6,0.5,2,0.0,0.0,0.0,1,0.167,,,0.0,0.0,6,0.0,0.2,0.0,,0.0,0.0,1,0.0,0.5,,3.0,0.286,2,,0.0,,,0.0,5,0.0,1,2,MEM,1.0,,7,0.0,0.0,0.0,Boston College,180,1,73,16,USA,2003,2004
1607,Troy Hudson,Troy,1610612750,MIN,28.0,29,19,10,0.655,505.46,80,207,0.386,31,77,0.403,27,33,0.818,4,31,35,70,34,7,0,9,32,0,218,-47,352.0,0,0,368.0,348,294,76,81,323,285,273,339,130,140,37,307,317,96,385,355,366,216,291,355,398,122,79,79,281,281,326,235,19,318,1,411,166,263,10.4,0.24,310,2.06,98.0,320,406,0.232,64,-4.8,264,326,102.0,97.1,76.76,85,0.06,970,102.0,-4.8,269,0.252,413,92.11,10.5,74,0.082,7.1,97.1,229,320,269,21.6,2.8,0.035,0.008,249,310,0.461,92.11,62,94,244,307,0.492,264,297,91.27,102.9,144,139,181,-4.8,35,8.0,0.365,0.667,0.0,3,63.0,2.0,0.368,9.0,95,0.3,10,23.0,5.0,14.0,11,0.44,0.0,0.0,0.571,0.4,25,6.0,0.47,0.326,2.0,15.0,4.0,31,4.0,0.341,0.0,43.0,0.462,44,0.0,,1.0,0.0,,66,,15,12,MIN,10.0,0.0,26,14.0,0.4,0.267,Southern Illinois,170,Undrafted,73,Undrafted,USA,Undrafted,2004
2211,Troy Murphy,Troy,1610612744,GSW,24.0,28,13,15,0.464,612.4866666666667,107,243,0.44,5,17,0.294,60,80,0.75,48,125,173,20,34,12,17,18,58,0,279,-37,569.6,4,0,535.0,349,337,101,236,304,252,258,182,211,220,191,229,233,209,208,223,225,324,291,325,184,210,129,79,250,259,274,111,19,269,1,34,126,230,10.2,0.235,285,0.59,97.8,296,26,0.231,81,-4.0,254,221,101.4,97.4,76.61,360,0.207,1178,101.4,-2.6,280,0.06,100,91.93,10.2,76,0.118,8.7,97.4,252,296,280,6.0,3.8,0.144,0.081,258,285,0.451,91.93,356,402,63,246,0.501,254,240,92.22,100.3,128,128,127,-4.0,55,3.0,0.222,0.429,0.0,8,9.0,0.0,0.444,7.0,124,0.296,27,2.0,1.0,8.0,39,0.52,0.0,0.0,0.375,0.0,75,3.0,0.419,0.333,0.0,12.0,3.0,18,4.0,0.459,0.0,6.0,0.494,85,0.0,,0.0,0.0,,43,,39,41,GSW,14.0,0.0,83,2.0,0.286,0.25,Notre Dame,245,1,83,14,USA,2001,2004
238,Tyrone Hill,Tyrone,1610612748,MIA,36.0,5,0,5,0.0,37.29,3,5,0.6,0,0,0.0,3,4,0.75,5,3,8,0,2,0,1,1,10,0,9,-16,19.6,0,0,19.0,418,431,36,431,411,414,426,4,289,361,289,394,400,209,377,416,402,426,418,419,378,27,49,79,413,212,415,235,19,416,1,150,423,5,22.8,0.101,428,0.0,82.5,428,328,0.103,433,-24.6,410,427,109.7,85.1,78.31,423,0.083,74,109.7,-27.9,159,0.0,11,93.97,22.2,426,0.0,1.0,85.1,5,428,159,0.0,0.6,0.105,0.125,427,428,0.6,93.97,426,426,419,429,0.666,410,84,95.15,110.5,427,430,406,-24.6,1,0.0,0.0,,,0,0.0,0.0,1.0,,1,0.0,0,0.0,0.0,0.0,2,0.5,,,0.0,0.0,4,,0.0,0.0,,1.0,1.0,0,0.0,0.0,,0.0,0.5,0,,,,,,0,,0,2,MIA,0.0,,4,0.0,0.0,1.0,Xavier,250,1,81,11,USA,1990,2004
1731,Tyronn Lue,Tyronn,1610612753,ORL,27.0,76,17,59,0.224,2336.0583333333334,309,714,0.433,80,209,0.383,101,131,0.771,26,161,187,317,124,61,5,28,185,0,799,-418,1572.9,2,0,1515.0,111,311,440,420,87,107,101,204,57,66,62,158,163,164,286,183,209,39,98,131,313,263,348,79,110,441,117,146,19,116,1,396,108,161,10.2,0.174,430,2.56,99.3,387,376,0.17,258,-9.3,143,423,110.0,100.7,77.37,39,0.071,4519,110.0,-10.2,225,0.225,405,92.84,10.3,260,0.079,9.4,100.7,123,387,225,26.4,4.1,0.04,0.011,201,430,0.489,92.84,85,58,255,394,0.518,143,158,93.72,109.5,134,127,112,-9.3,143,12.0,0.38,0.421,0.0,36,179.0,4.0,0.458,19.0,312,0.387,93,68.0,11.0,30.0,50,0.5,0.0,0.0,0.4,0.364,100,8.0,0.441,0.357,0.0,73.0,32.0,75,26.0,0.435,1.0,112.0,0.481,193,0.0,2.0,1.0,0.0,0.0,170,0.0,84,51,ORL,57.0,1.0,106,40.0,0.456,0.438,Nebraska,178,1,72,23,USA,1998,2004
2199,Tyson Chandler,Tyson,1610612741,CHI,21.0,35,9,26,0.257,786.7116666666667,67,158,0.424,0,1,0.0,79,118,0.669,82,188,270,23,38,17,43,19,87,0,213,-156,713.5,6,0,626.0,332,368,194,411,268,307,307,231,289,323,289,186,176,307,130,156,149,314,279,296,78,217,173,79,286,394,247,86,19,250,1,12,255,211,14.0,0.141,152,0.61,87.7,392,7,0.139,369,-10.0,396,107,97.9,87.9,78.99,351,0.235,1553,97.9,-9.5,120,0.052,48,94.78,14.0,364,0.114,4.5,87.9,328,392,120,8.5,1.9,0.164,0.097,411,152,0.424,94.78,377,338,80,383,0.507,396,76,95.25,97.2,331,331,257,-10.0,13,0.0,0.0,0.0,1.0,12,0.0,0.0,0.382,0.0,34,0.3,40,0.0,0.0,0.0,42,0.506,0.0,0.0,0.0,0.0,83,0.0,0.0,0.0,1.0,10.0,2.0,0,9.0,0.429,0.0,0.0,0.5,28,0.0,0.0,0.0,0.0,0.0,0,0.0,12,44,CHI,31.0,0.0,88,0.0,0.29,0.2,None,235,1,85,2,USA,2001,2004
2617,Udonis Haslem,Udonis,1610612748,MIA,24.0,75,39,36,0.52,1796.5316666666668,205,447,0.459,0,3,0.0,140,183,0.765,189,284,473,51,74,33,24,59,197,2,550,-17,1291.1,11,0,1188.0,120,105,297,178,145,162,171,140,289,286,289,109,111,181,32,79,54,251,195,219,131,387,371,6,161,216,155,53,19,158,1,55,203,148,11.3,0.157,197,0.69,98.8,189,90,0.154,316,-0.2,209,156,99.2,99.0,75.37,329,0.165,3379,99.2,0.0,357,0.049,32,90.44,11.3,310,0.095,6.0,99.0,234,189,357,7.8,2.7,0.135,0.107,221,197,0.459,90.44,387,361,168,178,0.521,209,326,90.76,98.8,191,192,184,-0.2,60,0.0,0.0,0.0,1.0,26,1.0,0.0,0.353,1.0,170,0.371,70,0.0,0.0,1.0,119,0.583,0.0,0.0,0.0,0.0,204,0.0,0.25,0.0,1.0,50.0,14.0,1,19.0,0.379,0.0,0.0,0.569,124,0.0,0.0,0.0,0.0,0.0,4,0.0,47,124,MIA,50.0,0.0,218,0.0,0.38,0.28,Florida,228,Undrafted,80,Undrafted,USA,Undrafted,2004
452,Vin Baker,Vin,1610612752,NYK,32.0,54,26,28,0.481,1321.2266666666667,208,432,0.481,1,3,0.333,114,157,0.726,112,168,280,66,77,29,32,59,160,0,531,-77,1072.0,5,0,1000.0,268,223,225,221,204,159,176,75,258,286,138,132,135,256,85,176,139,225,186,239,104,387,298,79,168,329,190,100,19,191,2,141,141,117,12.0,0.204,309,0.86,99.8,241,191,0.199,152,-2.1,182,280,102.0,99.8,77.28,292,0.126,2541,102.0,-1.7,238,0.09,75,92.73,12.0,155,0.088,8.0,99.8,141,241,238,10.3,3.9,0.108,0.089,173,309,0.483,92.73,267,295,202,226,0.53,182,188,93.0,101.4,241,234,124,-2.1,60,0.0,0.333,0.0,0.0,41,3.0,0.0,0.451,0.0,133,0.398,103,1.0,0.0,0.0,106,0.549,0.0,0.0,0.0,0.0,193,0.0,0.5,0.5,1.0,46.0,18.0,3,37.0,0.452,0.0,2.0,0.539,84,0.0,0.0,0.0,0.0,0.0,6,0.0,38,111,NYK,87.0,0.0,206,1.0,0.425,0.391,Hartford,250,1,83,8,USA,1993,2004
1713,Vince Carter,Vince,1610612761,TOR,27.0,73,33,40,0.452,2786.52,608,1457,0.417,93,243,0.383,336,417,0.806,95,254,349,348,224,88,65,53,212,0,1645,-8,2820.8,7,0,2741.0,135,163,338,249,39,9,6,243,42,51,63,27,29,117,110,96,97,31,10,57,50,376,387,79,9,194,22,78,19,19,1,278,5,231,10.1,0.321,178,1.55,98.2,186,298,0.315,5,-0.1,226,127,98.5,98.4,74.45,144,0.092,5186,98.5,0.4,404,0.262,258,89.34,10.1,4,0.131,20.0,98.4,258,186,404,15.8,8.3,0.063,0.035,245,178,0.449,89.34,48,172,37,170,0.501,226,373,89.75,97.8,122,123,5,-0.1,266,27.0,0.367,0.533,3.0,76,180.0,11.0,0.366,30.0,727,0.406,187,66.0,30.0,60.0,173,0.577,0.0,0.0,0.45,0.367,300,16.0,0.416,0.303,4.0,177.0,58.0,122,71.0,0.375,0.0,89.0,0.564,397,0.25,0.0,2.0,1.0,0.0,293,0.0,149,180,TOR,176.0,0.0,319,27.0,0.403,0.328,North Carolina,225,1,78,5,USA,1998,2004
958,Vitaly Potapenko,Vitaly,1610612760,SEA,29.0,65,29,36,0.446,1422.4266666666667,200,409,0.489,0,0,0.0,59,92,0.641,101,188,289,53,77,22,28,23,161,1,459,-85,958.3,3,0,901.0,204,195,297,260,189,168,184,57,289,361,289,233,215,341,97,156,132,247,186,273,111,237,299,21,190,340,210,124,19,207,1,136,191,194,13.3,0.174,422,0.69,105.1,255,142,0.173,262,-2.5,28,415,108.9,106.3,75.11,330,0.143,2663,108.9,-3.4,371,0.061,121,90.13,13.2,250,0.064,6.3,106.3,121,255,371,9.1,3.1,0.109,0.075,45,422,0.489,90.13,351,326,321,274,0.511,28,319,90.85,108.5,301,303,164,-2.5,66,0.0,0.0,0.0,0.0,58,0.0,0.0,0.434,0.0,152,0.479,121,0.0,0.0,0.0,76,0.559,0.0,0.0,0.0,0.0,136,0.0,0.5,0.0,0.0,99.0,51.0,1,34.0,0.439,0.0,0.0,0.531,66,0.0,0.0,0.0,0.0,0.0,2,0.0,29,85,SEA,82.0,0.0,160,0.0,0.415,0.515,Wright State,285,1,82,12,Ukraine,1996,2004
124,Vlade Divac,Vlade,1610612758,SAC,36.0,81,54,27,0.667,2313.24,314,668,0.47,2,13,0.154,170,260,0.654,136,327,463,432,173,57,77,72,222,1,800,350,2232.6,8,1,1965.0,43,22,209,67,89,104,110,112,236,228,273,86,71,327,63,57,57,18,53,144,38,416,400,21,108,23,62,71,7,75,1,152,135,187,12.5,0.188,349,2.5,110.3,40,138,0.187,201,7.5,9,334,103.7,111.2,78.84,47,0.144,4563,103.7,7.1,131,0.273,168,94.61,12.4,185,0.101,8.2,111.2,197,40,131,31.0,3.9,0.105,0.063,11,349,0.472,94.61,41,26,136,48,0.511,9,77,95.23,103.2,256,258,122,7.5,87,0.0,0.167,0.0,0.0,49,12.0,0.0,0.399,0.0,218,0.325,151,2.0,1.0,1.0,176,0.615,0.0,0.0,0.0,0.0,286,0.0,0.343,0.333,0.0,43.0,12.0,12,31.0,0.432,0.0,6.0,0.597,146,0.0,0.0,0.0,0.0,0.0,35,0.0,63,194,SAC,113.0,0.0,325,2.0,0.274,0.279,None,260,1,85,26,Serbia,1989,2004
2209,Vladimir Radmanovic,Vladimir,1610612760,SEA,23.0,77,35,42,0.455,2322.54,345,812,0.425,140,377,0.371,95,127,0.748,104,302,406,142,109,80,42,47,187,0,925,12,1882.2,6,0,1857.0,102,139,365,242,88,86,80,226,17,17,82,169,167,220,93,68,75,127,121,80,80,353,352,79,80,154,93,86,19,88,1,198,91,108,9.7,0.194,396,1.3,105.3,182,179,0.191,180,0.0,36,372,105.7,105.6,77.35,189,0.132,4498,105.7,0.3,228,0.102,209,92.83,9.7,174,0.095,10.5,105.6,59,182,228,12.7,4.5,0.089,0.046,37,396,0.511,92.83,226,235,169,173,0.533,36,175,93.27,105.0,96,98,99,0.0,72,41.0,0.387,0.365,2.0,22,253.0,22.0,0.377,52.0,191,0.373,59,98.0,68.0,120.0,112,0.599,0.0,0.0,0.342,0.324,187,19.0,0.411,0.362,2.0,40.0,14.0,111,15.0,0.312,0.0,177.0,0.582,77,0.0,2.0,0.0,0.0,0.0,270,0.0,24,117,SEA,43.0,0.0,201,64.0,0.349,0.35,None,234,1,82,12,Serbia,2001,2004
1735,Vladimir Stepania,Vladimir,1610612757,POR,28.0,42,17,25,0.405,453.53333333333336,43,103,0.417,0,0,0.0,22,36,0.611,50,75,125,23,19,11,15,11,61,0,108,40,351.5,0,0,308.0,305,311,182,306,332,339,338,242,289,361,289,320,311,355,202,293,276,314,341,337,204,142,133,79,341,116,327,235,19,331,1,41,373,345,11.8,0.142,59,1.21,100.0,68,68,0.139,364,5.8,205,70,93.4,99.2,74.22,209,0.176,837,93.4,5.0,409,0.082,24,89.06,11.7,363,0.075,2.5,99.2,333,68,409,14.2,1.0,0.142,0.11,167,59,0.417,89.06,291,202,277,78,0.454,205,424,87.99,94.9,221,226,362,5.8,8,0.0,0.0,0.0,0.0,3,0.0,0.0,0.25,0.0,32,0.214,14,0.0,0.0,0.0,32,0.561,0.0,0.0,0.0,0.0,57,0.0,0.0,0.0,0.0,7.0,1.0,0,2.0,0.318,0.0,0.0,0.55,22,0.0,0.0,0.0,0.0,0.0,3,0.0,7,33,POR,11.0,0.0,60,0.0,0.182,0.143,None,255,1,85,27,Georgia,1998,2004
702,Voshon Lenard,Voshon,1610612743,DEN,31.0,73,38,35,0.521,2244.425,394,933,0.422,106,289,0.367,144,182,0.791,46,154,200,151,101,61,12,46,177,0,1038,53,1622.5,0,0,1641.0,135,114,290,177,97,65,59,233,32,35,91,104,113,139,215,192,199,121,138,131,231,346,332,79,69,103,112,235,19,105,1,371,57,181,8.0,0.218,306,1.5,101.8,161,380,0.211,119,1.0,84,253,101.9,102.9,79.48,150,0.07,4463,101.9,1.0,84,0.111,337,95.37,8.1,125,0.078,12.8,102.9,155,161,84,12.1,5.4,0.045,0.02,100,306,0.479,95.37,201,241,260,155,0.512,84,34,96.42,100.8,39,38,68,1.0,156,47.0,0.335,0.234,1.0,23,176.0,36.0,0.384,47.0,406,0.343,67,59.0,65.0,112.0,109,0.637,0.0,0.0,0.42,0.554,171,11.0,0.407,0.296,1.0,73.0,28.0,118,19.0,0.365,0.5,98.0,0.621,244,0.0,0.0,2.0,0.0,0.0,290,0.0,89,110,DEN,48.0,1.0,177,29.0,0.396,0.384,Minnesota,205,2,76,46,USA,1994,2004
1887,Wally Szczerbiak,Wally,1610612750,MIN,27.0,28,19,9,0.679,623.6766666666666,106,236,0.449,20,46,0.435,53,64,0.828,24,64,88,33,28,12,1,13,42,0,285,93,451.1,0,0,452.0,349,294,70,60,300,255,260,155,150,166,25,246,259,87,293,310,311,284,315,325,378,161,100,79,247,74,301,235,19,291,1,263,129,87,8.6,0.218,58,1.18,101.5,49,295,0.213,121,6.8,169,38,93.3,100.2,76.26,212,0.092,1195,93.3,9.0,308,0.1,238,91.51,8.6,123,0.114,8.4,100.2,110,49,308,10.1,3.8,0.067,0.039,111,58,0.492,91.51,231,298,79,24,0.539,169,295,91.3,92.5,52,54,129,6.8,55,8.0,0.462,0.385,0.0,16,26.0,3.0,0.433,13.0,127,0.5,32,12.0,7.0,20.0,15,0.484,0.0,0.0,0.4,0.429,31,5.0,0.477,0.2,0.0,30.0,15.0,31,10.0,0.405,0.0,10.0,0.474,74,0.0,0.0,0.0,0.0,0.0,65,0.0,30,18,MIN,19.0,0.0,38,2.0,0.526,0.5,Miami (Ohio),235,1,79,6,USA,1999,2004
962,Walter McCarty,Walter,1610612738,BOS,30.0,77,33,44,0.429,1898.575,203,523,0.388,137,366,0.374,62,82,0.756,28,211,239,124,91,72,22,14,179,0,605,-82,1268.8,1,0,1293.0,102,163,381,281,137,163,148,330,18,20,77,225,230,197,277,132,176,146,153,88,139,172,336,79,145,336,162,178,19,143,1,275,174,81,11.8,0.157,283,1.36,99.9,235,235,0.154,314,-1.9,201,262,101.3,99.4,80.42,170,0.109,3813,101.3,-1.1,47,0.109,370,96.5,11.7,309,0.072,6.8,99.4,46,235,47,16.0,2.6,0.064,0.016,172,283,0.519,96.5,206,167,289,211,0.541,201,31,96.45,101.0,223,222,192,-1.9,25,55.0,0.346,0.42,0.0,6,237.0,21.0,0.316,81.0,79,0.222,27,82.0,48.0,129.0,35,0.686,0.0,0.0,0.426,0.438,51,34.0,0.397,0.333,1.0,22.0,8.0,89,4.0,0.327,0.0,153.0,0.66,49,0.0,1.0,1.0,0.0,0.0,224,0.0,16,35,BOS,19.0,0.0,53,51.0,0.211,0.364,Kentucky,230,1,82,19,USA,1996,2004
1917,Wang Zhi-zhi,Wang,1610612748,MIA,26.0,16,9,7,0.563,114.29333333333334,17,46,0.37,4,14,0.286,9,10,0.9,4,14,18,2,6,3,5,6,13,0,47,11,89.6,0,0,87.0,383,368,58,137,387,371,375,374,217,224,200,371,377,20,385,380,381,402,388,383,313,94,54,79,372,155,381,235,19,381,2,236,346,326,10.3,0.24,33,0.33,98.3,115,252,0.227,66,2.9,350,34,90.7,93.7,76.47,410,0.104,221,90.7,6.3,290,0.033,245,91.76,10.2,86,0.077,2.9,93.7,345,115,290,3.4,1.1,0.075,0.038,242,33,0.413,91.76,412,423,267,60,0.466,350,402,89.01,91.9,124,132,356,2.9,4,1.0,0.231,1.0,,2,13.0,0.0,0.5,1.0,8,0.286,7,3.0,0.0,1.0,7,0.412,,,1.0,0.0,17,1.0,0.364,0.167,,3.0,1.0,4,1.0,1.0,0.0,6.0,0.421,2,,0.0,0.0,,0.0,11,0.0,2,8,MIA,5.0,0.0,19,1.0,0.2,0.333,None,284,2,85,36,China,1999,2004
445,Wesley Person,Wesley,1610612737,ATL,33.0,58,25,33,0.431,1034.7716666666668,126,314,0.401,55,138,0.399,31,39,0.795,16,101,117,66,38,19,9,6,38,0,338,-134,623.4,1,0,632.0,238,228,273,279,232,234,224,295,92,104,46,295,304,134,325,254,283,225,279,289,262,94,92,79,235,383,258,178,19,248,3,307,220,195,8.7,0.165,347,1.74,97.2,374,258,0.159,285,-7.8,295,376,103.6,95.8,76.85,117,0.103,1999,103.6,-8.0,263,0.11,374,92.22,8.8,294,0.084,5.4,95.8,122,374,263,15.3,2.2,0.058,0.015,277,347,0.489,92.22,202,180,225,366,0.51,295,315,90.91,105.1,60,59,232,-7.8,54,17.0,0.404,0.308,0.0,13,94.0,9.0,0.383,26.0,141,0.481,27,38.0,18.0,44.0,4,0.5,0.0,0.0,0.386,0.5,8,8.0,0.433,0.362,0.0,22.0,8.0,58,9.0,0.326,0.0,47.0,0.556,89,0.0,0.0,0.0,0.0,0.0,134,0.0,29,5,ATL,13.0,0.0,9,17.0,0.692,0.364,Auburn,200,1,78,23,USA,1994,2004
2584,Willie Green,Willie,1610612755,PHI,22.0,53,22,31,0.415,767.5016666666667,143,357,0.401,19,61,0.311,59,81,0.728,16,49,65,53,59,26,5,24,83,0,364,-63,555.5,0,0,563.0,272,261,255,298,273,220,207,298,154,156,169,233,231,255,325,326,333,247,222,249,313,241,170,79,221,308,279,235,19,263,1,389,175,328,11.7,0.275,165,0.9,95.6,284,399,0.266,26,-3.5,330,189,98.1,94.6,76.61,280,0.064,1464,98.1,-3.9,278,0.151,338,91.93,11.6,24,0.062,6.7,94.6,320,284,278,10.5,2.7,0.042,0.02,325,165,0.427,91.93,147,288,330,284,0.464,330,321,90.82,99.5,213,216,187,-3.5,54,0.0,0.345,0.0,2.0,17,55.0,0.0,0.429,3.0,126,0.274,62,19.0,1.0,4.0,53,0.491,0.0,0.0,0.0,0.0,108,0.0,0.362,0.333,3.0,34.0,11.0,17,13.0,0.452,0.0,30.0,0.478,84,0.0,3.0,1.0,0.0,0.0,47,0.0,38,54,PHI,42.0,0.0,113,10.0,0.31,0.324,Detroit Mercy,200,2,76,41,USA,2003,2004
2397,Yao Ming,ao Ming,1610612745,HOU,23.0,82,45,37,0.549,2701.445,535,1025,0.522,0,2,0.0,361,446,0.809,197,538,735,122,204,22,156,76,273,0,1431,209,2826.0,33,0,2644.0,3,59,313,145,48,22,40,22,289,305,289,15,20,112,26,13,15,149,23,273,12,419,433,79,24,41,21,16,19,24,1,39,61,21,13.2,0.252,117,0.6,99.9,94,39,0.249,48,3.9,139,87,96.8,100.8,74.53,356,0.196,5039,96.8,3.6,400,0.09,99,89.44,13.2,45,0.158,12.5,100.8,40,94,400,7.9,6.5,0.142,0.082,170,117,0.522,89.44,269,358,5,96,0.586,139,358,90.1,96.2,299,298,38,3.9,161,0.0,0.0,0.0,0.0,127,2.0,0.0,0.444,0.0,363,0.398,319,0.0,0.0,0.0,247,0.724,0.0,0.0,0.0,0.0,341,0.0,0.452,0.0,0.0,199.0,88.0,14,129.0,0.414,0.0,2.0,0.698,87,0.0,0.0,0.0,0.0,0.0,31,0.0,36,268,HOU,322.0,0.0,384,0.0,0.401,0.442,None,310,1,90,1,China,2002,2004
2216,Zach Randolph,Zach,1610612757,POR,22.0,81,41,40,0.506,3072.2383333333332,663,1368,0.485,1,5,0.2,299,393,0.761,242,609,851,163,247,68,41,121,227,2,1626,-58,2971.7,43,0,2859.0,43,84,338,192,14,3,12,68,258,263,253,34,32,188,11,6,6,109,5,97,82,439,407,6,11,298,16,5,19,13,1,24,20,126,12.7,0.276,339,0.66,101.2,209,23,0.272,25,-1.1,97,322,103.2,102.2,73.76,342,0.21,5667,103.2,-1.6,425,0.101,85,88.51,12.7,22,0.133,16.9,102.2,130,209,425,8.4,8.2,0.148,0.085,123,339,0.485,88.51,230,341,34,225,0.528,97,395,89.15,102.8,272,272,10,-1.1,200,0.0,0.333,0.0,1.0,152,3.0,0.0,0.417,0.0,480,0.431,353,1.0,1.0,1.0,310,0.585,0.0,0.0,0.0,0.0,530,0.0,0.357,0.0,1.0,173.0,71.0,15,129.0,0.405,0.0,1.0,0.573,262,0.0,0.0,1.0,0.0,0.0,42,0.0,106,342,POR,291.0,0.0,597,0.0,0.443,0.41,Michigan State,270,1,81,19,USA,2001,2004
2560,Zarko Cabarkapa,Zarko,1610612756,PHX,23.0,49,20,29,0.408,574.5916666666667,81,197,0.411,6,32,0.188,35,53,0.66,26,73,99,40,54,10,13,15,75,0,203,-140,396.8,0,0,394.0,284,286,233,305,309,282,284,263,203,194,262,286,278,324,286,296,302,272,231,342,222,184,158,79,291,385,312,235,19,307,1,206,280,333,17.2,0.212,380,0.74,93.6,400,195,0.207,138,-11.7,355,377,105.0,93.3,79.78,317,0.124,1143,105.0,-11.5,68,0.12,215,95.73,17.3,136,0.048,4.0,93.3,321,400,68,12.8,1.7,0.085,0.045,369,380,0.426,95.73,184,231,371,398,0.461,355,69,95.46,105.2,399,399,286,-11.7,17,1.0,0.227,0.143,1.0,12,22.0,0.0,0.309,7.0,55,0.324,37,5.0,2.0,9.0,46,0.63,0.0,0.0,0.111,0.0,73,1.0,0.321,0.071,1.0,23.0,7.0,9,9.0,0.286,0.0,14.0,0.61,28,0.0,0.0,0.0,0.0,0.0,28,0.0,8,47,PHX,26.0,0.0,77,1.0,0.346,0.304,None,235,1,83,17,Serbia,2003,2004
2585,Zaza Pachulia,Zaza,1610612753,ORL,20.0,59,13,46,0.22,658.9166666666666,68,175,0.389,0,0,0.0,58,90,0.644,69,105,174,13,34,21,12,25,87,1,194,-65,487.3,0,0,447.0,232,337,394,422,296,306,296,329,289,361,289,235,219,338,148,249,222,356,291,279,231,247,173,21,299,312,292,235,19,292,1,73,340,348,13.0,0.168,208,0.38,95.9,292,98,0.163,278,-3.8,297,309,99.5,95.8,79.46,405,0.161,1301,99.5,-6.3,87,0.033,44,95.36,12.9,280,0.059,3.0,95.8,379,292,87,4.9,1.2,0.129,0.098,309,208,0.389,95.36,413,416,340,339,0.452,297,145,93.99,102.3,287,290,344,-3.8,4,0.0,0.0,0.0,0.0,7,0.0,0.0,0.143,0.0,28,0.269,26,0.0,0.0,0.0,57,0.471,0.0,0.0,0.0,0.0,121,0.0,0.0,0.0,0.0,12.0,2.0,0,4.0,0.2,0.0,0.0,0.446,20,0.0,0.0,0.0,0.0,0.0,0,0.0,4,58,ORL,13.0,0.0,130,0.0,0.308,0.167,None,240,2,83,42,Georgia,2003,2004
1442,Zeljko Rebraca,Zeljko,1610612737,ATL,32.0,24,9,15,0.375,269.8383333333333,34,77,0.442,0,0,0.0,23,30,0.767,23,35,58,6,17,5,11,4,52,3,91,-37,200.6,0,0,187.0,357,368,101,334,358,351,355,178,289,361,289,314,325,177,299,347,340,385,348,369,243,64,121,2,356,259,358,235,19,357,2,130,320,221,15.0,0.186,392,0.35,97.8,372,159,0.182,210,-7.6,240,393,105.4,97.8,73.75,408,0.138,498,105.4,-8.7,427,0.04,79,88.5,14.9,207,0.048,3.2,97.8,277,372,427,5.3,1.4,0.112,0.086,259,392,0.442,88.5,402,413,370,374,0.504,240,422,88.11,106.4,364,366,312,-7.6,13,0.0,0.0,0.0,0.0,8,0.0,0.0,0.394,0.0,33,0.32,25,0.0,0.0,0.0,13,0.684,0.0,0.0,0.0,0.0,19,0.0,0.5,0.0,0.0,25.0,9.0,1,7.0,0.5,,0.0,0.667,6,0.0,,,0.0,,2,,3,14,ATL,23.0,,21,0.0,0.304,0.36,None,257,2,84,54,Serbia,1994,2004
1985,Zendon Hamilton,Zendon,1610612755,PHI,29.0,46,16,30,0.348,470.7366666666667,51,95,0.537,0,0,0.0,67,96,0.698,49,97,146,13,27,8,8,13,74,0,169,-66,384.7,2,0,360.0,292,319,247,349,329,330,349,11,289,361,289,209,208,286,205,266,249,356,317,351,273,161,156,79,312,315,316,146,19,319,1,17,391,8,15.2,0.16,199,0.48,93.5,357,20,0.154,302,-6.8,363,259,99.2,92.5,77.84,384,0.212,914,99.2,-7.4,186,0.049,27,93.4,15.3,312,0.112,2.1,92.5,22,357,186,7.3,1.1,0.16,0.108,370,199,0.537,93.4,388,372,91,360,0.616,363,252,92.07,100.9,372,370,348,-6.8,6,0.0,0.0,0.0,0.0,6,0.0,0.0,0.462,0.0,13,0.667,9,0.0,0.0,0.0,39,0.534,0.0,0.0,0.0,0.0,73,0.0,0.0,0.0,0.0,7.0,5.0,0,2.0,0.286,,0.0,0.553,7,0.0,0.0,,0.0,0.0,0,0.0,2,42,PHI,5.0,,76,0.0,0.4,0.714,St. John's (NY),240,Undrafted,83,Undrafted,USA,Undrafted,2004
2565,Zoran Planinic,Zoran,1610612751,NJN,21.0,49,31,18,0.633,466.74333333333334,53,129,0.411,9,32,0.281,38,60,0.633,14,41,55,68,36,13,3,11,70,0,153,-77,333.0,0,0,317.0,284,183,124,97,330,325,327,265,187,194,208,278,267,344,334,340,343,222,288,320,342,142,148,79,319,329,331,235,19,328,1,277,362,262,13.9,0.197,122,1.89,91.0,380,278,0.19,169,-8.5,390,225,97.0,88.4,76.4,101,0.096,891,97.0,-9.4,298,0.274,273,91.68,13.8,177,0.067,2.6,88.4,266,380,298,26.1,1.1,0.063,0.032,389,122,0.446,91.68,40,60,309,381,0.492,390,406,88.86,100.4,325,326,354,-8.5,4,3.0,0.273,0.333,3.0,8,22.0,2.0,0.174,3.0,23,0.364,22,6.0,4.0,7.0,32,0.615,0.0,0.0,0.429,0.5,52,1.0,0.36,0.231,3.0,12.0,3.0,9,4.0,0.167,,13.0,0.611,6,0.0,0.0,,0.0,0.0,25,0.0,1,33,NJN,16.0,,54,3.0,0.25,0.25,None,195,1,79,22,Croatia,2003,2004
980,Zydrunas Ilgauskas,Zydrunas,1610612739,CLE,29.0,81,34,47,0.42,2543.173333333333,466,965,0.483,2,7,0.286,303,406,0.746,279,374,653,109,163,39,201,82,277,0,1237,-173,2741.1,22,0,2481.0,43,158,404,292,63,43,50,71,236,256,200,33,31,224,3,38,23,172,59,197,4,428,437,79,45,404,24,28,19,35,1,81,73,82,11.5,0.229,365,0.67,99.3,281,133,0.228,91,-3.4,146,327,104.1,100.7,77.44,334,0.146,4921,104.1,-3.7,217,0.074,30,92.93,11.4,84,0.113,11.9,100.7,139,281,217,7.7,5.8,0.126,0.107,202,365,0.484,92.93,318,366,85,280,0.541,146,138,94.12,102.9,199,206,58,-3.4,124,0.0,0.286,0.0,0.0,79,7.0,0.0,0.399,0.0,311,0.407,194,2.0,0.0,0.0,261,0.576,0.0,0.0,0.0,0.0,453,0.0,0.222,0.333,0.0,142.0,60.0,2,53.0,0.404,0.0,3.0,0.565,178,0.0,1.0,1.0,0.0,0.0,9,0.0,72,278,CLE,139.0,0.0,492,1.0,0.381,0.423,None,260,1,87,20,Lithuania,1996,2004
