PLAYER_ID,PLAYER_NAME,NICKNAME,TEAM_ID,TEAM_ABBREVIATION,AGE,GP,W,L,W_PCT,MIN,FGM,FGA,FG_PCT,FG3M,FG3A,FG3_PCT,FTM,FTA,FT_PCT,OREB,DREB,REB,AST,TOV,STL,BLK,BLKA,PF,PFD,PTS,PLUS_MINUS,NBA_FANTASY_PTS,DD2,TD3,WNBA_FANTASY_PTS,GP_RANK,W_RANK,L_RANK,W_PCT_RANK,MIN_RANK,FGM_RANK,FGA_RANK,FG_PCT_RANK,FG3M_RANK,FG3A_RANK,FG3_PCT_RANK,FTM_RANK,FTA_RANK,FT_PCT_RANK,OREB_RANK,DREB_RANK,REB_RANK,AST_RANK,TOV_RANK,STL_RANK,BLK_RANK,BLKA_RANK,PF_RANK,PFD_RANK,PTS_RANK,PLUS_MINUS_RANK,NBA_FANTASY_PTS_RANK,DD2_RANK,TD3_RANK,WNBA_FANTASY_PTS_RANK,TEAM_COUNT,REB_PCT_RANK,FGA_PG_RANK,TS_PCT_RANK,E_TOV_PCT,E_USG_PCT,DEF_RATING_RANK,AST_TO,E_OFF_RATING,NET_RATING_RANK,DREB_PCT_RANK,USG_PCT,E_USG_PCT_RANK,NET_RATING,sp_work_OFF_RATING_RANK,E_DEF_RATING_RANK,sp_work_DEF_RATING,sp_work_OFF_RATING,PACE_PER40,AST_TO_RANK,DREB_PCT,POSS,DEF_RATING,E_NET_RATING,sp_work_PACE_RANK,AST_PCT,OREB_PCT_RANK,sp_work_PACE,TM_TOV_PCT,USG_PCT_RANK,PIE,FGA_PG,OFF_RATING,EFG_PCT_RANK,sp_work_NET_RATING_RANK,PACE_RANK,AST_RATIO,FGM_PG,REB_PCT,OREB_PCT,E_OFF_RATING_RANK,sp_work_DEF_RATING_RANK,EFG_PCT,PACE,AST_PCT_RANK,AST_RATIO_RANK,PIE_RANK,E_NET_RATING_RANK,TS_PCT,OFF_RATING_RANK,E_PACE_RANK,E_PACE,E_DEF_RATING,TM_TOV_PCT_RANK,E_TOV_PCT_RANK,FGM_PG_RANK,sp_work_NET_RATING,MID_FGM,CORNER_3_FGM,ABOVE_BREAK_3_FG_PCT,LEFT_CORNER_3_FG_PCT,BACKCOURT_FGA,ITP_FGM,ABOVE_BREAK_3_FGA,RIGHT_CORNER_3_FGM,MID_FG_PCT,LEFT_CORNER_3_FGA,MID_FGA,ITP_FG_PCT,ITP_FGA,ABOVE_BREAK_3_FGM,RIGHT_CORNER_3_FGA,CORNER_3_FGA,RA_FGM,RA_FG_PCT,BACKCOURT_FG_PCT,BACKCOURT_FGM,CORNER_3_FG_PCT,RIGHT_CORNER_3_FG_PCT,RA_FGA,LEFT_CORNER_3_FGM,FGP_20_24,FGP_25_29,FGA_40_PLUS,FGA_10_14,FGM_10_14,FGM_20_24,FGM_5_9,FGP_15_19,FGP_30_34,FGA_25_29,FGP_LT_5,FGA_15_19,FGP_40_PLUS,FGA_35_39,FGA_30_34,FGM_40_PLUS,FGM_35_39,FGA_20_24,FGP_35_39,FGM_15_19,FGM_LT_5,TEAM_ABBR,FGA_5_9,FGM_30_34,FGA_LT_5,FGM_25_29,FGP_5_9,FGP_10_14,COLLEGE,PLAYER_WEIGHT,DRAFT_ROUND,PLAYER_HEIGHT_INCHES,DRAFT_NUMBER,COUNTRY,DRAFT_YEAR,year
1502,Adonal Foyle,Adonal,1610612744,GSW,32.0,3,2,1,0.667,5.8,1,1,1.0,0,0,0.0,0,0,0.0,0,2,2,0,0,0,0,0,0,0,2,1,4.4,0,0,4.0,160,93,5,19,178,158,177,1,97,130,97,162,165,162,159,155,163,165,160,151,126,1,1,173,165,64,174,49,2,173,1,151,178,4,0.0,0.105,21,0.0,140.8,11,155,0.083,167,17.4,21,42,91.7,109.1,79.31,152,0.0,11,91.7,43.7,58,0.0,148,95.17,0.0,177,0.25,0.3,109.1,1,11,58,0.0,0.3,0.0,0.0,4,21,1.0,95.17,165,165,6,5,1.0,21,185,82.1,97.2,1,1,163,17.4,0.0,0.0,0.0,0.0,,0.0,0.0,0.0,0.0,0.0,0.0,0.0,0.0,0.0,0.0,0.0,1,1.0,,,0.0,0.0,1,0.0,0.0,0.0,,,,0.0,0.0,0.0,,0.0,1.0,0.0,,,,,,0.0,,0.0,1,GSW,0.0,,1,0.0,0.0,,Colgate,270,1,82,8,St. Vincent & Grenadines,1997,2007
1559,Adrian Griffin,Adrian,1610612741,CHI,32.0,4,2,2,0.5,8.978333333333333,0,6,0.0,0,0,0.0,0,0,0.0,1,0,1,0,0,1,0,0,1,0,0,-11,4.2,0,0,3.0,127,93,23,70,170,172,154,172,97,130,97,162,165,162,138,175,166,165,160,126,126,1,16,173,181,114,175,49,2,176,1,151,156,181,0.0,0.27,63,0.0,52.1,184,155,0.24,21,-52.4,183,145,100.0,47.6,93.56,152,0.0,21,100.0,-58.0,4,0.0,53,112.27,0.0,31,-0.256,1.5,47.6,172,184,4,0.0,0.0,0.0,0.063,182,63,0.0,112.27,165,165,191,184,0.0,183,5,102.33,110.1,1,1,172,-52.4,0.0,,0.0,,,0.0,0.0,,0.0,,3.0,0.0,1.0,0.0,,,0,0.0,,,,,2,,0.0,0.0,,1.0,0.0,0.0,0.0,0.0,,0.0,0.0,2.0,,,,,,0.0,,0.0,0,CHI,1.0,,2,0.0,0.0,0.0,Seton Hall,230,Undrafted,77,Undrafted,USA,Undrafted,2007
1733,Al Harrington,Al,1610612744,GSW,27.0,11,5,6,0.455,261.8883333333333,39,98,0.398,15,38,0.395,19,30,0.633,17,34,51,6,10,5,7,11,40,26,112,16,208.2,0,0,208.0,48,66,148,88,52,51,45,108,26,31,30,50,47,118,32,50,45,92,71,69,26,177,166,43,48,35,52,49,2,50,1,55,60,108,7.9,0.201,93,0.6,107.1,49,62,0.196,69,3.7,41,98,102.9,106.6,83.39,122,0.132,544,102.9,3.1,22,0.037,52,100.07,7.9,69,0.059,8.9,106.6,93,49,22,4.7,3.5,0.097,0.063,31,93,0.474,100.07,144,153,121,50,0.504,41,12,99.37,103.9,56,55,67,3.7,4.0,5.0,0.37,0.625,0.0,3.0,27.0,0.0,0.235,8.0,17.0,0.3,10.0,10.0,3.0,11.0,17,0.515,0.0,0.0,0.455,0.0,33,5.0,0.414,0.333,0.0,7.0,3.0,12.0,0.0,0.25,0.0,15.0,0.5,8.0,0.0,,0.0,0.0,,29.0,,2.0,17,GSW,5.0,0.0,34,5.0,0.0,0.429,None,245,1,81,25,USA,1998,2007
947,Allen Iverson,Allen,1610612743,DEN,32.0,5,1,4,0.2,223.28833333333333,42,114,0.368,5,17,0.294,25,31,0.806,0,3,3,29,15,7,0,9,11,31,114,-23,167.1,0,0,165.0,107,120,52,131,64,46,39,129,57,56,70,40,46,63,159,147,156,28,51,55,126,164,81,36,47,144,61,49,2,60,1,150,4,139,8.7,0.295,110,1.93,97.4,104,153,0.293,17,-5.1,111,93,104.3,99.3,74.34,37,0.014,414,104.3,-6.0,152,0.254,148,89.21,8.7,16,0.072,22.8,99.3,135,104,152,16.9,8.4,0.007,0.0,131,110,0.39,89.21,26,61,98,112,0.447,111,115,90.45,103.4,67,67,12,-5.1,15.0,0.0,0.313,0.0,,5.0,16.0,0.0,0.333,0.0,45.0,0.263,19.0,5.0,1.0,1.0,17,0.515,,,0.0,0.0,33,0.0,0.429,0.0,,16.0,5.0,6.0,6.0,0.286,,4.0,0.515,28.0,,,,,,14.0,,8.0,17,DEN,19.0,,33,0.0,0.316,0.313,Georgetown,165,1,72,1,USA,1996,2007
297,Alonzo Mourning,Alonzo,1610612748,MIA,37.0,4,0,4,0.0,55.23,10,11,0.909,0,0,0.0,5,13,0.385,1,7,8,1,1,0,3,1,6,8,25,-15,44.1,0,0,40.0,127,147,52,147,135,111,141,5,97,130,97,103,83,155,138,126,133,144,145,151,61,60,51,97,115,128,127,49,2,128,1,81,132,9,5.3,0.161,120,1.0,98.3,132,72,0.158,113,-9.3,131,64,105.5,96.2,77.86,82,0.119,105,105.5,-2.0,84,0.034,101,93.43,5.3,113,0.116,2.8,96.2,5,132,84,5.3,2.5,0.076,0.022,120,120,0.909,93.43,145,149,47,92,0.748,131,53,94.9,100.3,39,39,83,-9.3,0.0,0.0,0.0,0.0,0.0,5.0,0.0,0.0,0.0,0.0,0.0,1.0,5.0,0.0,0.0,0.0,5,0.833,0.0,0.0,0.0,0.0,6,0.0,0.0,0.0,0.0,0.0,0.0,0.0,4.0,0.0,,0.0,0.857,0.0,0.0,,,0.0,,0.0,,0.0,6,MIA,4.0,,7,0.0,1.0,0.0,Georgetown,261,1,82,2,USA,1992,2007
2405,Amar'e Stoudemire,Amar'e,1610612756,PHX,24.0,10,6,4,0.6,342.7416666666667,91,174,0.523,1,3,0.333,70,91,0.769,30,91,121,6,19,13,19,21,39,64,253,54,484.2,6,0,445.0,63,38,52,35,42,12,19,34,83,99,52,9,7,78,13,10,9,92,38,25,5,188,162,10,11,18,14,7,2,17,1,5,12,35,7.9,0.299,104,0.32,108.4,27,3,0.296,12,7.8,15,91,103.5,111.3,80.41,141,0.257,689,103.5,5.2,45,0.031,30,96.49,7.9,12,0.19,17.4,111.3,50,27,45,2.5,9.1,0.175,0.089,22,104,0.526,96.49,148,162,10,36,0.591,15,20,97.89,103.2,57,57,5,7.8,19.0,1.0,0.0,0.0,0.0,20.0,1.0,1.0,0.422,1.0,45.0,0.417,48.0,0.0,1.0,2.0,51,0.654,0.0,0.0,0.5,1.0,78,0.0,0.5,0.0,0.0,22.0,13.0,1.0,15.0,0.346,0.0,1.0,0.631,26.0,0.0,,0.0,0.0,,2.0,,9.0,53,PHX,39.0,0.0,84,0.0,0.385,0.591,None,245,1,82,9,USA,2002,2007
2760,Anderson Varejao,Anderson,1610612739,CLE,24.0,20,12,8,0.6,447.29833333333335,46,90,0.511,0,4,0.0,27,48,0.563,46,73,119,11,20,21,11,10,53,64,119,94,354.3,1,0,313.0,1,11,176,35,24,43,52,39,97,92,97,37,25,123,5,13,10,76,34,11,13,171,180,10,44,3,28,35,2,31,1,23,98,82,14.1,0.141,16,0.55,98.5,16,37,0.137,136,11.1,117,10,87.4,98.5,73.19,125,0.169,820,87.4,11.2,161,0.047,19,87.83,14.1,135,0.117,4.5,98.5,66,16,161,7.7,2.3,0.134,0.102,116,16,0.511,87.83,135,130,46,13,0.535,117,153,87.94,87.2,140,142,93,11.1,5.0,0.0,0.0,0.0,4.0,9.0,0.0,0.0,0.385,0.0,13.0,0.643,14.0,0.0,0.0,0.0,32,0.542,0.0,0.0,0.0,0.0,59,0.0,0.0,0.0,4.0,4.0,3.0,0.0,8.0,0.2,0.0,0.0,0.557,5.0,0.0,0.0,0.0,0.0,0.0,1.0,0.0,1.0,34,CLE,15.0,0.0,61,0.0,0.533,0.75,None,240,2,82,30,Brazil,2004,2007
101154,Andray Blatche,Andray,1610612764,WAS,20.0,2,0,2,0.0,24.763333333333332,4,6,0.667,0,0,0.0,1,1,1.0,3,4,7,0,1,0,0,0,2,1,9,-11,16.4,0,0,16.0,170,147,23,147,156,141,154,9,97,130,97,150,162,1,106,138,137,165,145,151,126,1,24,151,145,114,155,49,2,153,1,37,122,11,13.4,0.142,127,0.0,84.6,164,55,0.135,133,-17.4,160,169,106.3,88.9,75.11,152,0.138,45,106.3,-32.7,130,0.0,21,90.13,14.3,137,0.137,3.0,88.9,10,164,130,0.0,2.0,0.117,0.097,169,127,0.667,90.13,165,165,27,179,0.699,160,152,87.96,117.3,141,135,96,-17.4,1.0,0.0,0.0,0.0,,1.0,0.0,0.0,0.333,0.0,3.0,1.0,1.0,0.0,0.0,0.0,2,1.0,,,0.0,0.0,2,0.0,0.0,0.0,,0.0,0.0,0.0,1.0,0.333,,0.0,1.0,3.0,,,,,,0.0,,1.0,2,WAS,1.0,,2,0.0,1.0,0.0,None,248,2,83,49,USA,2005,2007
200745,Andrea Bargnani,Andrea,1610612761,TOR,21.0,6,2,4,0.333,180.93,22,46,0.478,7,17,0.412,15,19,0.789,3,21,24,6,7,5,3,3,16,17,66,-38,120.8,0,0,119.0,87,93,52,108,77,79,80,63,47,56,25,61,69,73,106,74,84,92,91,69,61,116,108,74,75,179,85,49,2,83,1,82,69,30,10.4,0.168,138,0.86,97.6,145,61,0.165,104,-11.2,127,139,107.7,96.6,77.27,108,0.135,350,107.7,-11.3,95,0.06,109,92.72,10.3,104,0.083,7.7,96.6,34,145,95,8.8,3.7,0.076,0.019,128,138,0.554,92.72,122,121,90,144,0.607,127,89,91.76,108.9,92,93,61,-11.2,11.0,0.0,0.438,0.0,0.0,0.0,16.0,0.0,0.579,0.0,19.0,0.0,2.0,7.0,1.0,1.0,4,0.5,0.0,0.0,0.0,0.0,8,0.0,0.467,0.429,0.0,5.0,4.0,7.0,0.0,0.5,,7.0,0.5,8.0,0.0,,,0.0,,15.0,,4.0,4,TOR,3.0,,8,3.0,0.0,0.8,None,250,1,84,1,Italy,2006,2007
1905,Andrei Kirilenko,Andrei,1610612762,UTA,26.0,17,9,8,0.529,526.7516666666667,55,123,0.447,3,9,0.333,51,65,0.785,28,61,89,44,35,15,40,10,52,52,164,3,466.8,1,0,410.0,20,27,176,63,18,34,34,79,66,75,52,17,16,75,16,23,18,17,14,19,2,171,178,16,32,55,18,35,2,19,1,61,73,76,15.2,0.16,119,1.26,105.3,80,67,0.158,117,0.6,45,116,105.4,106.0,78.25,64,0.123,1029,105.4,-0.7,76,0.128,58,93.9,15.1,112,0.086,7.2,106.0,102,80,76,19.0,3.2,0.091,0.057,45,119,0.459,93.9,64,52,85,81,0.541,45,60,94.02,105.9,149,151,72,0.6,14.0,0.0,0.5,0.0,,9.0,6.0,0.0,0.341,2.0,41.0,0.643,14.0,3.0,1.0,3.0,29,0.492,,,0.0,0.0,59,0.0,0.4,0.667,,5.0,1.0,8.0,7.0,0.292,,3.0,0.5,24.0,,0.0,,,0.0,20.0,0.0,7.0,30,UTA,11.0,,60,2.0,0.636,0.2,None,227,1,81,24,Russia,1999,2007
2804,Andres Nocioni,Andres,1610612741,CHI,27.0,10,6,4,0.6,196.96,31,86,0.36,13,39,0.333,13,18,0.722,3,32,35,8,13,2,5,5,25,20,88,9,150.0,0,0,158.0,63,38,52,35,73,64,54,130,30,29,52,70,71,96,106,52,63,82,61,106,36,142,140,62,60,46,73,49,2,66,1,60,62,128,11.3,0.244,42,0.62,97.6,61,38,0.238,34,2.1,113,30,96.7,98.7,79.31,120,0.167,391,96.7,1.1,59,0.082,117,95.17,11.4,34,0.069,8.6,98.7,117,61,59,7.0,3.1,0.091,0.016,129,42,0.436,95.17,104,137,103,62,0.468,113,44,95.82,96.5,103,101,73,2.1,7.0,4.0,0.333,0.667,0.0,2.0,27.0,2.0,0.304,3.0,23.0,0.286,7.0,9.0,9.0,12.0,9,0.529,0.0,0.0,0.333,0.222,17,2.0,0.423,0.2,0.0,5.0,2.0,11.0,4.0,0.154,0.0,15.0,0.529,13.0,0.0,,0.0,0.0,,26.0,,2.0,9,CHI,10.0,0.0,17,3.0,0.4,0.4,None,225,Undrafted,79,Undrafted,Argentina,Undrafted,2007
101115,Andrew Bynum,Andrew,1610612747,LAL,19.0,5,1,4,0.2,54.983333333333334,8,15,0.533,0,0,0.0,4,10,0.4,8,15,23,0,2,0,2,0,7,5,20,-13,51.6,0,0,47.0,107,120,52,131,136,118,132,27,97,130,97,112,95,153,66,92,85,165,131,151,73,1,57,121,123,122,122,49,2,122,1,3,122,99,9.3,0.166,109,0.0,96.3,137,4,0.165,108,-9.6,145,102,104.3,94.7,83.66,152,0.254,114,104.3,-8.1,21,0.0,4,100.39,9.1,103,0.098,3.0,94.7,44,137,21,0.0,1.6,0.19,0.129,138,109,0.533,100.39,165,165,71,121,0.515,145,10,99.52,104.4,71,74,111,-9.6,0.0,0.0,0.0,0.0,0.0,3.0,0.0,0.0,0.0,0.0,2.0,0.429,7.0,0.0,0.0,0.0,5,0.833,0.0,0.0,0.0,0.0,6,0.0,0.0,0.0,0.0,1.0,0.0,0.0,3.0,0.0,0.0,0.0,0.833,0.0,0.0,,0.0,0.0,,0.0,,0.0,5,LAL,8.0,0.0,6,0.0,0.375,0.0,None,275,1,84,10,USA,2005,2007
2740,Andris Biedrins,Andris,1610612744,GSW,21.0,11,5,6,0.455,267.45166666666665,27,37,0.73,0,0,0.0,16,30,0.533,19,50,69,5,9,8,17,1,29,25,70,27,226.3,3,0,194.0,48,66,148,88,50,69,91,6,97,130,97,59,47,126,29,28,30,103,81,51,7,60,145,48,73,27,50,18,2,55,1,29,118,12,14.0,0.099,98,0.56,107.7,41,20,0.099,170,5.0,24,77,103.2,108.2,80.16,124,0.192,536,103.2,6.0,50,0.028,44,96.2,13.8,167,0.101,3.4,108.2,7,41,50,7.7,2.5,0.13,0.071,28,98,0.73,96.2,152,131,69,30,0.697,24,32,97.07,101.8,139,141,89,5.0,0.0,0.0,0.0,0.0,,1.0,0.0,0.0,0.0,0.0,0.0,0.5,2.0,0.0,0.0,0.0,26,0.743,,,0.0,0.0,35,0.0,0.0,0.0,,0.0,0.0,0.0,1.0,0.0,0.0,0.0,0.722,0.0,,0.0,0.0,,0.0,0.0,0.0,0.0,26,GSW,1.0,0.0,36,0.0,1.0,0.0,None,245,1,83,11,Latvia,2004,2007
1712,Antawn Jamison,Antawn,1610612764,WAS,31.0,4,0,4,0.0,172.55333333333334,49,103,0.476,9,26,0.346,21,28,0.75,13,26,39,5,7,2,4,4,13,19,128,-33,193.3,3,0,193.0,127,147,52,147,81,39,41,65,38,40,50,47,51,84,44,64,59,103,91,106,47,131,96,64,40,175,57,18,2,56,1,38,2,66,5.5,0.332,158,0.71,101.1,134,36,0.328,8,-9.4,80,151,111.9,102.4,76.03,117,0.169,327,111.9,-10.3,114,0.067,45,91.24,5.6,9,0.156,25.8,102.4,61,134,114,4.0,12.3,0.115,0.07,92,158,0.519,91.24,113,157,18,137,0.555,80,82,92.05,111.4,40,41,1,-9.4,18.0,3.0,0.333,0.0,0.0,7.0,18.0,3.0,0.545,2.0,33.0,0.438,16.0,6.0,6.0,8.0,15,0.536,0.0,0.0,0.375,0.5,28,0.0,0.519,0.2,0.0,9.0,4.0,14.0,6.0,0.462,,10.0,0.548,13.0,0.0,0.0,,0.0,0.0,27.0,0.0,6.0,17,WAS,13.0,,31,2.0,0.462,0.444,North Carolina,235,1,81,4,USA,1998,2007
1853,Anthony Carter,Anthony,1610612743,DEN,32.0,1,0,1,0.0,13.986666666666666,4,4,1.0,0,0,0.0,0,1,0.0,0,1,1,2,1,0,0,0,2,1,8,-7,11.2,0,0,11.0,178,147,5,147,164,141,159,1,97,130,97,162,162,162,159,164,166,126,145,151,126,1,24,151,150,102,160,49,2,158,1,151,105,6,13.4,0.216,185,2.0,115.7,173,155,0.2,54,-23.3,10,185,140.0,116.7,70.07,27,0.0,24,140.0,-28.9,188,0.286,148,84.08,14.3,64,0.115,4.0,116.7,1,173,188,28.6,4.0,0.0,0.0,13,185,1.0,84.08,21,20,52,177,0.901,10,180,83.05,144.6,141,135,55,-23.3,3.0,0.0,0.0,0.0,,1.0,0.0,0.0,1.0,0.0,3.0,1.0,1.0,0.0,0.0,0.0,0,0.0,,,0.0,0.0,0,0.0,1.0,,,0.0,0.0,1.0,1.0,1.0,,,0.0,2.0,,,,,,1.0,,2.0,0,DEN,1.0,,0,,1.0,0.0,Hawaii,195,Undrafted,74,Undrafted,USA,Undrafted,2007
1515,Anthony Parker,Anthony,1610612761,TOR,32.0,6,2,4,0.333,239.83833333333334,26,62,0.419,8,20,0.4,31,39,0.795,3,29,32,6,7,9,2,7,18,22,91,-26,164.4,0,0,159.0,87,93,52,108,56,70,68,92,42,45,28,32,31,69,106,59,70,92,91,45,73,154,115,57,59,154,64,49,2,65,1,83,50,47,7.6,0.176,134,0.86,100.1,117,64,0.172,94,-6.6,101,118,106.8,100.2,75.88,108,0.131,457,106.8,-6.3,118,0.044,127,91.06,7.6,91,0.088,10.3,100.2,87,117,118,6.5,4.3,0.074,0.014,103,134,0.484,91.06,142,141,80,113,0.575,101,98,91.3,106.4,53,53,50,-6.6,15.0,4.0,0.4,0.0,1.0,2.0,10.0,4.0,0.5,2.0,30.0,0.667,3.0,4.0,7.0,9.0,1,0.111,0.0,0.0,0.444,0.571,9,0.0,0.458,0.0,1.0,9.0,4.0,11.0,2.0,0.5,,1.0,0.111,16.0,0.0,0.0,,0.0,0.0,24.0,0.0,8.0,1,TOR,2.0,,9,0.0,1.0,0.444,Bradley,215,1,78,21,USA,1997,2007
952,Antoine Walker,Antoine,1610612748,MIA,30.0,4,0,4,0.0,92.22833333333334,15,37,0.405,8,16,0.5,9,11,0.818,2,7,9,6,4,2,1,1,11,9,47,8,71.8,0,0,76.0,127,147,52,147,119,94,91,100,42,59,5,81,88,58,120,126,126,92,110,106,98,60,81,94,89,47,108,49,2,104,1,114,57,58,7.7,0.242,33,1.5,99.0,39,114,0.24,37,5.1,102,16,94.9,100.0,76.55,51,0.077,176,94.9,5.5,106,0.12,98,91.86,7.7,32,0.11,9.3,100.0,65,39,106,11.5,3.8,0.052,0.024,112,33,0.514,91.86,73,97,58,34,0.562,102,74,93.01,93.5,54,54,59,5.1,0.0,1.0,0.583,0.0,0.0,1.0,12.0,1.0,0.0,0.0,4.0,0.2,5.0,7.0,4.0,4.0,6,0.5,0.0,0.0,0.25,0.25,12,0.0,0.5,0.429,0.0,1.0,0.0,5.0,1.0,0.0,,7.0,0.462,1.0,0.0,,,0.0,,10.0,,0.0,6,MIA,5.0,,13,3.0,0.2,0.0,Kentucky,245,1,81,6,USA,1996,2007
101120,Antoine Wright,Antoine,1610612751,NJN,23.0,12,6,6,0.5,163.085,17,36,0.472,3,6,0.5,9,10,0.9,5,18,23,1,5,5,4,3,14,8,46,-27,97.1,0,0,91.0,38,38,148,70,86,89,94,67,66,82,5,81,95,31,82,83,85,144,106,69,47,116,102,97,90,159,91,49,2,91,1,85,122,51,10.8,0.134,23,0.2,88.0,120,79,0.128,141,-6.9,165,22,91.8,84.9,80.33,146,0.112,325,91.8,-6.7,47,0.013,87,96.39,10.6,141,0.087,3.0,84.9,64,120,47,2.1,1.4,0.072,0.032,164,23,0.514,96.39,162,163,81,115,0.569,165,72,93.25,94.7,95,96,118,-6.9,5.0,3.0,0.0,0.0,2.0,2.0,1.0,3.0,0.357,0.0,14.0,0.5,4.0,0.0,3.0,3.0,7,0.583,0.0,0.0,1.0,1.0,12,0.0,0.667,0.0,2.0,3.0,1.0,6.0,2.0,0.167,0.0,0.0,0.538,6.0,0.0,,0.0,0.0,,9.0,,1.0,7,NJN,3.0,0.0,13,0.0,0.667,0.333,Texas A&M,215,1,79,15,USA,2005,2007
1498,Antonio Daniels,Antonio,1610612764,WAS,32.0,4,0,4,0.0,175.65833333333333,17,38,0.447,1,5,0.2,18,21,0.857,2,16,18,47,7,5,1,1,4,24,53,-23,156.1,3,0,131.0,127,147,52,147,80,89,88,78,83,89,86,56,65,41,120,91,99,16,91,69,98,60,41,50,86,144,68,18,2,80,1,114,54,59,6.9,0.148,155,6.71,103.3,118,95,0.145,128,-6.7,61,147,111.2,104.6,74.8,1,0.098,328,111.2,-6.9,145,0.427,136,89.77,7.0,126,0.151,9.5,104.6,99,118,145,47.0,4.3,0.052,0.011,68,155,0.461,89.77,9,3,20,116,0.561,61,111,90.73,110.2,50,50,51,-6.7,5.0,0.0,0.2,0.0,0.0,0.0,5.0,0.0,0.333,0.0,15.0,0.0,4.0,1.0,0.0,0.0,11,0.786,0.0,0.0,0.0,0.0,14,0.0,0.0,0.5,0.0,3.0,0.0,0.0,0.0,0.455,,2.0,0.786,11.0,0.0,0.0,,0.0,0.0,5.0,0.0,5.0,11,WAS,3.0,,14,1.0,0.0,0.0,Bowling Green,205,1,76,4,USA,1997,2007
686,Antonio McDyess,Antonio,1610612765,DET,32.0,16,10,6,0.625,353.9316666666667,37,106,0.349,0,2,0.0,19,26,0.731,41,72,113,18,17,11,15,4,55,30,93,-2,316.6,0,0,276.0,27,20,148,25,40,54,40,136,97,104,97,50,56,93,6,14,12,52,45,32,12,131,183,37,58,87,31,49,2,36,1,10,78,152,11.2,0.18,28,1.06,94.3,70,15,0.176,89,1.2,139,19,94.2,95.3,73.12,78,0.206,642,94.2,0.2,164,0.101,10,87.75,11.2,84,0.091,6.6,95.3,148,70,164,11.8,2.3,0.158,0.112,150,28,0.349,87.75,89,93,78,73,0.396,139,147,88.24,94.1,100,99,92,1.2,23.0,0.0,0.0,0.0,1.0,3.0,1.0,0.0,0.333,0.0,69.0,0.429,7.0,0.0,0.0,0.0,11,0.393,0.0,0.0,0.0,0.0,28,0.0,0.273,0.0,1.0,9.0,2.0,3.0,3.0,0.367,0.0,0.0,0.393,49.0,0.0,1.0,0.0,0.0,0.0,11.0,0.0,18.0,11,DET,7.0,0.0,28,0.0,0.429,0.222,Alabama,245,1,81,2,USA,1995,2007
1506,Austin Croshere,Austin,1610612742,DAL,32.0,3,1,2,0.333,33.53333333333333,4,12,0.333,3,4,0.75,4,4,1.0,3,3,6,0,2,0,0,2,5,6,15,-19,20.2,0,0,24.0,160,120,23,108,151,141,139,141,66,92,2,112,128,1,106,147,141,165,131,151,126,89,48,112,134,139,151,49,2,146,1,47,105,73,12.7,0.217,184,0.0,97.8,178,81,0.219,50,-33.3,102,184,133.3,100.0,76.34,152,0.111,65,133.3,-34.9,108,0.0,21,91.61,12.5,46,0.044,4.0,100.0,103,178,108,0.0,1.3,0.103,0.097,126,184,0.458,91.61,165,165,138,181,0.545,102,76,92.9,132.7,116,119,121,-33.3,0.0,0.0,0.75,0.0,,0.0,4.0,0.0,0.0,0.0,2.0,0.0,2.0,3.0,0.0,0.0,1,0.25,,,0.0,0.0,4,0.0,0.75,0.0,0.0,0.0,0.0,3.0,0.0,0.0,,0.0,0.25,2.0,0.0,,,0.0,,4.0,,0.0,1,DAL,2.0,,4,0.0,0.0,0.0,Providence,235,1,82,12,USA,1997,2007
1884,Baron Davis,Baron,1610612744,GSW,28.0,11,5,6,0.455,444.7366666666667,98,191,0.513,25,67,0.373,57,74,0.77,11,39,50,72,32,32,7,8,46,76,278,42,531.0,2,0,503.0,48,66,148,88,26,9,15,38,9,11,39,15,13,77,53,43,47,9,17,3,26,158,173,6,9,21,10,27,2,10,1,103,13,26,9.8,0.257,128,2.25,110.9,43,100,0.255,23,4.8,16,103,106.3,111.1,80.45,20,0.091,894,106.3,6.5,44,0.294,97,96.54,9.7,22,0.164,17.4,111.1,27,43,44,21.9,8.9,0.057,0.024,18,128,0.579,96.54,19,37,16,29,0.622,16,26,97.47,104.4,83,82,8,4.8,25.0,5.0,0.38,0.3,1.0,6.0,50.0,2.0,0.61,10.0,41.0,0.462,13.0,19.0,6.0,16.0,42,0.6,1.0,1.0,0.313,0.333,70,3.0,0.262,0.483,1.0,13.0,6.0,11.0,3.0,0.75,0.0,29.0,0.592,28.0,1.0,0.0,0.0,1.0,0.0,42.0,0.0,21.0,42,GSW,7.0,0.0,71,14.0,0.429,0.462,UCLA,215,1,75,3,USA,1999,2007
2732,Ben Gordon,Ben,1610612741,CHI,24.0,10,6,4,0.6,395.2,61,147,0.415,24,55,0.436,58,63,0.921,9,29,38,38,34,9,1,9,34,53,204,71,302.6,1,0,324.0,63,38,52,35,36,30,29,97,12,16,19,14,17,28,60,59,61,21,15,45,98,164,154,15,22,11,34,35,2,30,1,118,25,37,13.8,0.246,49,1.12,104.9,19,126,0.242,32,9.5,34,33,97.8,107.3,74.85,71,0.072,740,97.8,8.1,143,0.175,96,89.82,13.8,29,0.113,14.7,107.3,79,19,143,15.4,6.1,0.049,0.025,51,49,0.497,89.82,42,68,55,21,0.584,34,100,91.29,96.8,138,139,29,9.5,24.0,6.0,0.429,0.5,0.0,5.0,42.0,2.0,0.4,8.0,60.0,0.313,16.0,18.0,5.0,13.0,8,0.5,0.0,0.0,0.462,0.4,16,4.0,0.468,0.385,0.0,9.0,1.0,22.0,5.0,0.405,,26.0,0.5,37.0,0.0,0.0,,0.0,0.0,47.0,0.0,15.0,8,CHI,12.0,,16,10.0,0.417,0.111,Connecticut,200,1,75,3,USA,2004,2007
1112,Ben Wallace,Ben,1610612741,CHI,32.0,10,6,4,0.6,369.3,30,53,0.566,0,1,0.0,27,54,0.5,29,66,95,14,10,15,17,3,19,49,87,24,308.0,2,0,260.0,63,38,52,35,37,67,73,20,97,114,97,37,21,133,15,16,17,62,71,19,7,116,118,21,62,30,33,27,2,41,1,26,90,55,9.9,0.11,88,1.4,104.8,55,28,0.111,160,3.5,46,70,102.5,105.9,74.84,57,0.178,691,102.5,3.9,144,0.06,34,89.81,9.7,153,0.114,5.3,105.9,30,55,144,13.6,3.0,0.133,0.084,52,88,0.566,89.81,121,79,53,45,0.567,46,105,90.96,100.9,81,84,76,3.5,2.0,0.0,0.0,0.0,1.0,3.0,0.0,0.0,0.286,0.0,7.0,0.333,9.0,0.0,0.0,0.0,25,0.694,0.0,0.0,0.0,0.0,36,0.0,0.0,0.0,1.0,2.0,1.0,0.0,3.0,0.333,0.0,0.0,0.658,3.0,0.0,0.0,0.0,0.0,0.0,0.0,0.0,1.0,25,CHI,9.0,0.0,38,0.0,0.333,0.5,Virginia Union,240,Undrafted,81,Undrafted,USA,Undrafted,2007
2757,Beno Udrih,Beno,1610612759,SAS,24.0,8,6,2,0.75,20.28,0,6,0.0,0,2,0.0,2,2,1.0,1,0,1,1,3,0,0,2,2,1,2,-17,1.7,0,0,4.0,75,38,23,15,158,172,154,172,97,104,97,137,143,1,138,175,166,144,120,151,126,89,24,151,165,132,183,49,2,173,1,151,170,179,27.6,0.249,182,0.33,95.2,183,155,0.222,29,-40.4,171,181,122.5,82.1,77.91,135,0.0,39,122.5,-30.7,81,0.111,148,93.49,27.3,44,-0.16,0.8,82.1,172,183,81,9.1,0.0,0.0,0.0,142,182,0.0,93.49,77,117,189,178,0.145,171,174,85.82,125.9,185,185,172,-40.4,0.0,0.0,0.0,0.0,,0.0,1.0,0.0,0.0,1.0,1.0,0.0,1.0,0.0,0.0,1.0,0,0.0,,,0.0,0.0,2,0.0,0.0,0.0,,0.0,0.0,0.0,0.0,0.0,,0.0,0.0,1.0,,,,,,2.0,,0.0,0,SAS,1.0,,2,0.0,0.0,0.0,None,200,1,75,28,Slovenia,2004,2007
2774,Bernard Robinson,Bernard,1610612751,NJN,26.0,1,1,0,1.0,5.783333333333333,0,1,0.0,0,0,0.0,0,0,0.0,0,1,1,2,1,1,0,0,2,0,0,-8,6.2,0,0,5.0,178,120,1,1,179,172,177,172,97,130,97,162,165,162,159,164,166,126,145,126,126,1,24,173,181,108,166,49,2,169,1,151,162,181,25.0,0.184,177,2.0,46.0,187,155,0.167,84,-76.5,186,173,118.2,41.7,79.54,27,0.0,12,118.2,-72.7,55,1.0,148,95.45,25.0,99,0.0,1.0,41.7,172,187,55,50.0,0.0,0.0,0.0,186,177,0.0,95.45,1,1,162,187,0.0,186,113,90.63,118.6,182,182,172,-76.5,0.0,,0.0,,,0.0,0.0,,0.0,,1.0,0.0,0.0,0.0,,,0,0.0,,,,,0,,0.0,0.0,,,,0.0,0.0,0.0,,0.0,0.0,1.0,,,,,,0.0,,0.0,0,NJN,0.0,,0,0.0,0.0,,Michigan,210,2,78,45,USA,2004,2007
2564,Boris Diaw,Boris,1610612756,PHX,25.0,10,6,4,0.6,234.80833333333334,28,59,0.475,0,6,0.0,10,15,0.667,13,19,32,30,17,7,2,2,18,23,66,1,159.4,0,0,146.0,63,38,52,35,59,68,71,66,97,82,97,78,80,107,44,81,70,25,45,55,73,89,115,53,75,64,66,49,2,72,1,88,85,109,15.1,0.156,124,1.76,106.5,72,112,0.152,120,1.1,38,132,105.8,106.9,82.11,41,0.079,480,105.8,-1.2,26,0.183,59,98.53,15.2,119,0.07,5.9,106.9,92,72,26,26.8,2.8,0.068,0.057,39,124,0.475,98.53,41,27,102,87,0.503,38,21,97.83,107.7,151,148,80,1.1,4.0,0.0,0.0,0.0,2.0,5.0,0.0,0.0,0.308,2.0,13.0,0.556,9.0,0.0,2.0,4.0,19,0.613,0.0,0.0,0.0,0.0,31,0.0,0.2,0.0,2.0,5.0,0.0,1.0,4.0,0.444,0.0,0.0,0.594,9.0,0.0,,0.0,0.0,,5.0,,4.0,19,PHX,6.0,0.0,32,0.0,0.667,0.0,None,230,1,80,21,France,2003,2007
2411,Bostjan Nachbar,Bostjan,1610612751,NJN,26.0,12,6,6,0.5,280.71,40,95,0.421,18,48,0.375,21,22,0.955,5,30,35,18,18,7,1,3,30,21,119,-7,194.0,0,0,206.0,38,38,148,70,47,49,47,90,22,21,36,47,64,25,82,56,63,52,43,55,98,116,147,59,44,102,56,49,2,53,1,87,66,52,12.8,0.206,91,1.0,101.0,96,76,0.202,65,-2.2,98,115,102.8,100.5,77.87,82,0.116,549,102.8,-4.8,83,0.123,106,93.45,12.8,61,0.085,7.9,100.5,63,96,83,12.8,3.3,0.069,0.02,95,91,0.516,93.45,69,83,86,106,0.568,98,85,91.93,105.7,122,122,69,-2.2,9.0,10.0,0.32,0.375,0.0,0.0,25.0,4.0,0.409,16.0,22.0,0.0,3.0,8.0,7.0,23.0,13,0.591,0.0,0.0,0.435,0.571,22,6.0,0.4,0.25,0.0,5.0,1.0,20.0,0.0,0.5,0.0,8.0,0.591,8.0,0.0,0.0,0.0,0.0,0.0,50.0,0.0,4.0,13,NJN,2.0,0.0,22,2.0,0.0,0.2,None,221,1,81,15,Slovenia,2002,2007
2217,Brendan Haywood,Brendan,1610612764,WAS,27.0,3,0,3,0.0,33.6,5,7,0.714,0,0,0.0,3,4,0.75,3,2,5,1,1,1,0,0,7,2,13,-13,22.5,0,0,21.0,160,147,39,147,150,134,151,7,97,130,97,123,128,84,106,155,146,144,145,126,126,1,57,142,138,122,147,49,2,148,1,78,143,10,9.3,0.143,181,1.0,106.0,168,129,0.143,132,-19.0,70,170,122.2,103.2,74.4,82,0.067,62,122.2,-11.8,151,0.045,31,89.29,9.1,128,0.062,2.3,103.2,8,168,151,9.1,1.7,0.078,0.088,40,181,0.714,89.29,137,117,115,148,0.742,70,133,89.83,117.8,71,73,108,-19.0,0.0,0.0,0.0,0.0,0.0,0.0,0.0,0.0,0.0,0.0,2.0,0.0,0.0,0.0,0.0,0.0,5,1.0,0.0,0.0,0.0,0.0,5,0.0,0.0,0.0,0.0,1.0,0.0,0.0,0.0,0.0,,0.0,1.0,0.0,0.0,0.0,,0.0,0.0,0.0,0.0,0.0,5,WAS,1.0,,5,0.0,0.0,0.0,North Carolina,263,1,84,20,USA,2001,2007
699,Brent Barry,Brent,1610612759,SAS,35.0,19,15,4,0.789,224.965,21,60,0.35,15,49,0.306,2,2,1.0,4,21,25,21,11,4,2,0,17,10,59,2,127.5,0,0,132.0,15,9,52,13,63,81,69,135,26,20,66,137,143,1,93,74,81,47,69,85,73,1,112,90,81,59,84,49,2,79,1,109,121,117,11.8,0.15,62,1.91,101.9,87,99,0.144,127,-0.2,110,69,99.5,99.3,77.61,38,0.091,438,99.5,1.0,90,0.152,113,93.13,11.8,127,0.062,3.2,99.3,91,87,90,22.6,1.1,0.055,0.018,81,62,0.475,93.13,50,35,116,64,0.485,110,99,91.3,100.9,110,111,130,-0.2,1.0,8.0,0.241,0.385,0.0,0.0,29.0,3.0,0.25,13.0,4.0,0.0,0.0,7.0,7.0,20.0,5,0.714,0.0,0.0,0.4,0.429,7,5.0,0.389,0.077,0.0,1.0,1.0,14.0,0.0,0.0,0.0,13.0,0.714,3.0,0.0,,0.0,0.0,,36.0,,0.0,5,SAS,0.0,0.0,7,1.0,0.0,1.0,Oregon State,210,1,79,15,USA,1995,2007
2567,Brian Cook,Brian,1610612747,LAL,26.0,5,1,4,0.2,51.14333333333333,6,18,0.333,3,7,0.429,3,3,1.0,2,4,6,0,2,0,1,0,13,3,18,6,26.2,0,0,29.0,107,120,52,131,139,129,123,141,66,81,20,123,137,1,120,138,141,165,131,151,98,1,96,135,127,51,144,49,2,136,1,94,112,131,9.4,0.188,174,0.0,120.4,42,104,0.183,79,4.8,6,161,116.2,121.0,77.82,152,0.083,100,116.2,5.9,86,0.0,74,93.38,9.5,79,-0.019,3.6,121.0,126,42,86,0.0,1.2,0.063,0.043,9,174,0.417,93.38,165,165,176,31,0.466,6,59,94.27,114.5,77,75,128,4.8,1.0,1.0,0.4,0.0,0.0,0.0,5.0,1.0,0.167,0.0,6.0,0.0,0.0,2.0,2.0,2.0,2,0.4,0.0,0.0,0.5,0.5,5,0.0,0.5,0.4,0.0,0.0,0.0,1.0,0.0,0.167,,5.0,0.4,6.0,0.0,,,0.0,,2.0,,1.0,2,LAL,0.0,,5,2.0,0.0,0.0,Illinois,258,1,81,24,USA,2003,2007
1477,Bruce Bowen,Bruce,1610612759,SAS,36.0,20,16,4,0.8,688.5333333333333,47,119,0.395,33,74,0.446,3,6,0.5,12,69,81,26,14,28,4,3,54,19,130,38,348.2,0,0,334.0,1,1,52,5,4,41,36,111,5,8,15,123,110,133,49,15,22,34,56,4,47,116,181,64,39,23,29,49,2,27,1,96,83,85,8.7,0.095,69,1.86,104.2,56,90,0.093,174,3.3,67,51,100.5,103.9,74.85,40,0.102,1286,100.5,5.0,142,0.057,108,89.83,8.6,172,0.056,6.0,103.9,43,56,142,16.0,2.4,0.062,0.019,55,69,0.534,89.83,124,64,126,38,0.534,67,122,90.34,99.1,66,66,91,3.3,6.0,33.0,0.0,0.477,1.0,3.0,3.0,12.0,0.207,44.0,29.0,0.333,9.0,0.0,24.0,68.0,5,0.556,0.0,0.0,0.485,0.5,9,21.0,0.451,0.5,1.0,11.0,3.0,32.0,2.0,0.211,0.0,2.0,0.556,19.0,0.0,,0.0,0.0,,71.0,,4.0,5,SAS,6.0,0.0,9,1.0,0.333,0.273,California State-Fullerton,200,Undrafted,79,Undrafted,USA,Undrafted,2007
101139,CJ Miles,CJ,1610612762,UTA,20.0,1,0,1,0.0,2.8,0,0,0.0,0,0,0.0,1,2,0.5,0,0,0,0,0,0,0,0,0,1,1,2,1.0,0,0,1.0,178,147,5,147,187,172,182,172,97,130,97,150,143,133,159,175,178,165,160,151,126,1,1,151,177,59,184,49,2,185,1,151,182,53,0.0,0.107,8,0.0,115.4,4,155,0.125,164,53.3,7,118,66.7,120.0,78.57,152,0.0,5,66.7,9.0,70,0.0,148,94.29,0.0,145,0.0,0.0,120.0,172,4,70,0.0,0.0,0.0,0.0,14,8,0.0,94.29,165,165,162,19,0.568,7,187,76.8,106.4,1,1,172,53.3,0.0,0.0,0.0,0.0,,0.0,0.0,,0.0,0.0,0.0,0.0,0.0,0.0,,0.0,0,0.0,,,0.0,,0,0.0,0.0,,,,,0.0,0.0,0.0,,,0.0,0.0,,,,,,0.0,,0.0,0,UTA,0.0,,0,,0.0,,None,215,2,78,34,USA,2005,2007
1916,Calvin Booth,Calvin,1610612764,WAS,31.0,1,0,1,0.0,18.351666666666667,2,3,0.667,0,0,0.0,0,0,0.0,2,2,4,1,1,1,0,0,3,1,4,1,12.3,0,0,11.0,178,147,5,147,160,151,161,9,97,130,97,162,165,162,120,155,150,144,145,126,126,1,33,151,158,64,158,49,2,158,1,151,122,16,20.0,0.11,95,1.0,105.0,57,74,0.105,162,3.0,44,95,103.0,106.1,71.93,82,0.118,33,103.0,1.5,181,0.077,148,86.31,20.0,161,0.065,3.0,106.1,10,57,181,20.0,2.0,0.0,0.0,48,95,0.667,86.31,108,41,113,61,0.667,44,170,86.52,103.5,174,174,96,3.0,0.0,0.0,0.0,0.0,,1.0,0.0,0.0,0.0,0.0,1.0,1.0,1.0,0.0,0.0,0.0,1,1.0,,,0.0,0.0,1,0.0,0.0,0.0,,1.0,1.0,0.0,0.0,0.0,,0.0,1.0,1.0,,,,,,0.0,,0.0,1,WAS,0.0,,1,0.0,0.0,1.0,Penn State,250,2,83,35,USA,1999,2007
2306,Carlos Arroyo,Carlos,1610612753,ORL,27.0,3,0,3,0.0,40.236666666666665,5,14,0.357,0,2,0.0,2,2,1.0,2,3,5,6,1,1,0,0,4,2,12,0,29.0,0,0,25.0,160,147,39,147,147,134,135,131,97,104,97,137,143,1,120,147,146,92,145,126,126,1,41,142,140,76,140,49,2,143,1,99,97,150,4.6,0.198,92,6.0,101.3,68,131,0.203,70,1.5,64,90,102.9,104.4,68.1,2,0.064,68,102.9,-1.9,190,0.286,63,81.72,4.5,60,0.092,4.7,104.4,143,68,190,27.3,1.7,0.059,0.053,88,92,0.357,81.72,21,24,77,90,0.403,64,182,82.84,103.2,35,35,108,1.5,3.0,0.0,0.0,0.0,,0.0,1.0,0.0,0.429,0.0,7.0,0.0,0.0,0.0,1.0,1.0,2,0.4,,,0.0,0.0,5,0.0,0.0,0.0,,1.0,0.0,0.0,0.0,0.6,0.0,0.0,0.4,5.0,,0.0,0.0,,0.0,3.0,0.0,3.0,2,ORL,0.0,0.0,5,0.0,0.0,0.0,Florida International,202,Undrafted,74,Undrafted,Puerto Rico,Undrafted,2007
2430,Carlos Boozer,Carlos,1610612762,UTA,25.0,17,9,8,0.529,653.99,162,302,0.536,0,0,0.0,76,103,0.738,54,153,207,50,51,17,5,21,52,74,400,5,738.4,13,0,701.0,20,27,176,63,7,4,4,26,97,130,97,6,6,90,3,2,2,15,5,15,36,188,178,8,4,52,3,2,2,3,1,6,10,45,11.4,0.273,129,0.98,105.2,81,5,0.27,20,0.4,39,117,106.3,106.7,78.17,101,0.244,1278,106.3,-0.9,77,0.145,29,93.8,11.4,20,0.175,17.8,106.7,41,81,77,11.2,9.5,0.168,0.089,46,129,0.536,93.8,55,101,12,83,0.576,39,54,94.6,106.1,104,104,3,0.4,38.0,0.0,0.0,0.0,0.0,35.0,0.0,0.0,0.388,0.0,98.0,0.493,71.0,0.0,0.0,0.0,89,0.669,0.0,0.0,0.0,0.0,133,0.0,0.0,0.0,0.0,51.0,19.0,0.0,21.0,0.414,,0.0,0.664,70.0,0.0,0.0,,0.0,0.0,0.0,0.0,29.0,93,UTA,41.0,,140,0.0,0.512,0.373,Duke,266,2,81,34,USA,2002,2007
2568,Carlos Delfino,Carlos,1610612765,DET,24.0,16,10,6,0.625,135.015,15,37,0.405,3,16,0.188,4,6,0.667,6,15,21,8,7,5,1,2,13,6,37,-67,85.2,0,0,81.0,27,20,148,25,101,94,91,100,66,59,89,112,110,107,77,92,91,82,91,69,98,89,96,112,97,191,100,49,2,102,1,77,144,129,12.8,0.165,144,1.14,83.8,176,77,0.157,109,-27.2,172,137,108.6,81.4,75.99,69,0.115,258,108.6,-24.8,116,0.127,73,91.19,12.7,114,0.077,2.3,81.4,109,176,116,14.5,0.9,0.078,0.043,171,144,0.446,91.19,65,72,92,173,0.467,172,132,89.9,108.6,120,123,142,-27.2,9.0,2.0,0.167,0.4,0.0,0.0,6.0,0.0,0.692,5.0,13.0,0.0,2.0,1.0,5.0,10.0,3,0.5,0.0,0.0,0.2,0.0,6,2.0,0.214,0.25,0.0,3.0,1.0,3.0,0.0,0.778,0.0,4.0,0.5,9.0,0.0,0.0,0.0,0.0,0.0,14.0,0.0,7.0,3,DET,1.0,0.0,6,1.0,0.0,0.333,None,230,1,78,25,Argentina,2003,2007
2546,Carmelo Anthony,Carmelo,1610612743,DEN,23.0,5,1,4,0.2,210.18,47,98,0.48,9,18,0.5,31,39,0.795,18,25,43,6,19,5,0,4,12,24,134,-24,190.6,2,0,202.0,107,120,52,131,68,41,45,62,38,52,5,32,31,69,31,65,51,92,38,69,126,131,86,50,38,148,59,27,2,54,1,46,7,38,13.6,0.296,131,0.32,98.3,113,69,0.292,15,-5.8,96,100,106.6,100.8,74.89,141,0.12,393,106.6,-5.9,138,0.058,32,89.87,13.7,17,0.134,19.6,100.8,51,113,138,4.3,9.4,0.104,0.087,119,131,0.526,89.87,123,156,32,111,0.582,96,83,92.01,104.2,135,137,4,-5.8,15.0,2.0,0.462,0.5,,1.0,13.0,1.0,0.375,2.0,40.0,0.167,6.0,6.0,2.0,4.0,23,0.657,,,0.5,0.5,35,1.0,0.444,0.5,,17.0,5.0,8.0,0.0,0.474,,4.0,0.639,19.0,,,,,,18.0,,9.0,23,DEN,4.0,,36,2.0,0.0,0.294,Syracuse,230,1,80,3,USA,2003,2007
1497,Chauncey Billups,Chauncey,1610612765,DET,30.0,16,10,6,0.625,648.775,84,193,0.435,35,90,0.389,94,113,0.832,7,46,53,91,46,19,2,10,39,100,297,110,514.1,2,0,518.0,27,20,148,25,8,15,14,83,3,3,31,4,4,55,70,34,44,6,7,12,73,171,162,3,8,1,11,27,2,8,1,128,38,27,12.1,0.215,52,1.98,105.7,22,122,0.213,56,8.7,37,40,98.3,107.0,72.78,35,0.074,1184,98.3,8.6,174,0.252,134,87.34,12.1,51,0.14,12.1,107.0,49,22,174,23.9,5.3,0.043,0.012,42,52,0.526,87.34,27,34,26,20,0.612,37,145,88.39,97.1,113,113,38,8.7,36.0,5.0,0.395,0.333,0.0,2.0,76.0,3.0,0.493,6.0,73.0,0.667,3.0,30.0,8.0,14.0,11,0.407,0.0,0.0,0.357,0.375,27,2.0,0.417,0.42,0.0,15.0,8.0,20.0,2.0,0.468,0.0,50.0,0.407,47.0,0.0,2.0,1.0,0.0,0.0,48.0,0.0,22.0,11,DET,3.0,0.0,27,21.0,0.667,0.533,Colorado,202,1,75,3,USA,1997,2007
2547,Chris Bosh,Chris,1610612761,TOR,23.0,6,2,4,0.333,222.255,36,91,0.396,1,5,0.2,32,38,0.842,7,47,54,15,12,5,11,1,19,35,105,-29,228.3,3,0,207.0,87,93,52,108,65,56,50,110,83,89,86,30,36,45,70,33,42,58,65,69,13,60,118,30,51,163,48,18,2,51,1,28,23,116,8.9,0.257,117,1.25,97.1,123,8,0.252,24,-7.3,123,105,105.2,97.9,76.13,65,0.232,424,105.2,-7.5,113,0.133,85,91.35,9.0,24,0.128,15.2,97.9,130,123,113,11.2,6.0,0.131,0.033,132,117,0.401,91.35,60,100,38,120,0.487,123,84,91.97,104.6,69,69,30,-7.3,17.0,0.0,0.333,0.0,2.0,5.0,3.0,0.0,0.321,0.0,53.0,0.385,13.0,1.0,0.0,0.0,13,0.65,0.0,0.0,0.0,0.0,20,0.0,0.286,0.0,2.0,16.0,6.0,2.0,4.0,0.324,,0.0,0.65,34.0,0.0,0.0,,0.0,0.0,7.0,0.0,11.0,13,TOR,12.0,,20,0.0,0.333,0.375,Georgia Tech,230,1,82,4,USA,2003,2007
2768,Chris Duhon,Chris,1610612741,CHI,24.0,9,6,3,0.667,172.30333333333334,9,31,0.29,6,19,0.316,8,10,0.8,3,13,16,21,7,3,1,0,12,6,32,-31,87.7,0,0,83.0,72,38,39,19,82,115,103,155,53,47,63,87,95,64,106,97,106,47,91,95,98,1,86,112,102,172,98,49,2,99,1,116,116,135,11.0,0.117,87,3.0,93.1,133,104,0.114,150,-9.4,151,88,102.4,93.1,76.84,12,0.083,331,102.4,-9.9,102,0.21,112,92.21,10.9,150,0.062,3.4,93.1,139,133,102,32.8,1.0,0.05,0.018,155,87,0.387,92.21,33,14,117,133,0.452,151,87,91.88,103.1,97,98,131,-9.4,2.0,3.0,0.25,0.4,0.0,0.0,12.0,1.0,0.333,5.0,6.0,0.0,1.0,3.0,2.0,7.0,1,0.2,0.0,0.0,0.429,0.5,5,2.0,0.4,0.143,0.0,3.0,0.0,6.0,0.0,1.0,0.0,7.0,0.2,1.0,0.0,0.0,0.0,0.0,0.0,15.0,0.0,1.0,1,CHI,0.0,0.0,5,1.0,0.0,0.0,Duke,185,2,73,38,USA,2004,2007
185,Chris Webber,Chris,1610612765,DET,34.0,16,10,6,0.625,403.9066666666667,66,126,0.524,0,1,0.0,26,49,0.531,36,64,100,24,25,14,9,6,51,47,158,3,358.0,1,0,328.0,27,20,148,25,33,25,32,31,97,114,97,39,24,127,10,18,15,37,23,22,17,147,176,23,34,55,27,35,2,29,1,19,68,83,12.7,0.209,122,0.96,104.7,83,27,0.205,62,0.3,49,110,105.6,105.8,71.35,103,0.184,721,105.6,-0.4,185,0.109,24,85.62,12.8,57,0.104,7.9,105.8,54,83,185,12.3,4.1,0.138,0.095,54,122,0.524,85.62,80,89,64,77,0.535,49,172,86.25,105.1,123,120,53,0.3,14.0,0.0,0.0,0.0,0.0,10.0,1.0,0.0,0.35,0.0,40.0,0.5,20.0,0.0,0.0,0.0,42,0.646,0.0,0.0,0.0,0.0,65,0.0,0.0,0.0,0.0,12.0,7.0,0.0,9.0,0.292,0.0,1.0,0.642,24.0,0.0,,0.0,0.0,,4.0,,7.0,43,DET,18.0,0.0,67,0.0,0.5,0.583,Michigan,245,1,82,1,USA,1993,2007
101236,Chuck Hayes,Chuck,1610612745,HOU,24.0,7,3,4,0.429,197.44166666666666,12,17,0.706,0,1,0.0,2,5,0.4,14,31,45,3,7,9,3,1,22,8,26,-18,113.5,1,0,98.0,79,80,52,97,72,101,125,8,97,114,97,137,122,153,42,53,50,117,91,45,61,60,129,97,113,136,86,35,2,89,1,32,138,14,24.0,0.064,50,0.43,96.1,98,34,0.062,183,-2.7,142,39,97.9,95.1,75.77,131,0.17,370,97.9,-1.0,122,0.027,41,90.92,24.1,183,0.069,2.4,95.1,9,98,122,10.3,1.7,0.121,0.073,139,50,0.706,90.92,153,106,104,84,0.677,142,109,90.81,97.1,181,181,107,-2.7,0.0,0.0,0.0,0.0,0.0,1.0,1.0,0.0,0.0,0.0,0.0,0.5,2.0,0.0,0.0,0.0,11,0.786,0.0,0.0,0.0,0.0,14,0.0,0.0,0.0,0.0,0.0,0.0,0.0,1.0,0.0,,1.0,0.786,0.0,0.0,0.0,,0.0,0.0,0.0,0.0,0.0,11,HOU,2.0,,14,0.0,0.5,0.0,Kentucky,238,Undrafted,78,Undrafted,USA,Undrafted,2007
361,Clifford Robinson,Clifford,1610612751,NJN,40.0,4,2,2,0.5,19.95,1,6,0.167,1,2,0.5,0,0,0.0,0,0,0,0,1,1,0,0,1,0,3,-9,5.0,0,0,6.0,127,93,23,70,159,158,154,168,83,104,5,162,165,162,159,175,178,165,145,126,126,1,16,173,162,109,172,49,2,165,1,151,156,174,14.3,0.171,36,0.0,82.7,160,155,0.163,100,-16.9,175,107,95.5,78.6,86.22,152,0.0,42,95.5,-22.0,15,0.0,148,103.46,14.3,105,-0.045,1.5,78.6,165,160,15,0.0,0.3,0.0,0.0,174,36,0.25,103.46,165,165,181,169,0.25,175,42,96.19,104.8,141,143,166,-16.9,0.0,1.0,0.0,0.0,0.0,0.0,1.0,1.0,0.0,0.0,4.0,0.0,0.0,0.0,1.0,1.0,0,0.0,0.0,0.0,1.0,1.0,0,0.0,0.333,0.0,0.0,0.0,0.0,1.0,0.0,0.0,,0.0,0.0,3.0,0.0,,,0.0,,3.0,,0.0,0,NJN,0.0,,0,0.0,0.0,0.0,Connecticut,245,2,82,36,USA,1989,2007
905,Dale Davis,Dale,1610612765,DET,38.0,8,6,2,0.75,51.35666666666667,3,8,0.375,0,0,0.0,2,4,0.5,5,7,12,1,2,2,2,2,14,4,8,3,33.9,0,0,29.0,75,38,23,15,138,145,148,127,97,130,97,137,128,133,82,126,114,144,131,106,73,89,102,126,150,55,134,49,2,136,1,41,162,147,15.7,0.107,24,0.5,101.5,35,66,0.096,163,5.9,122,20,92.1,98.0,77.5,127,0.125,98,92.1,7.4,93,0.032,26,93.0,16.7,171,-0.011,1.0,98.0,141,35,93,8.3,0.4,0.11,0.094,86,24,0.375,93.0,146,125,174,24,0.41,122,121,90.36,94.1,160,155,162,5.9,0.0,0.0,0.0,0.0,0.0,0.0,0.0,0.0,0.0,0.0,0.0,0.0,1.0,0.0,0.0,0.0,3,0.429,0.0,0.0,0.0,0.0,7,0.0,0.0,0.0,0.0,0.0,0.0,0.0,0.0,0.0,,0.0,0.429,0.0,0.0,,,0.0,,0.0,,0.0,3,DET,1.0,,7,0.0,0.0,0.0,Clemson,252,1,83,13,USA,1991,2007
1800,Damon Jones,Damon,1610612739,CLE,30.0,11,5,6,0.455,139.21166666666667,8,26,0.308,7,22,0.318,3,3,1.0,1,8,9,11,0,0,0,0,10,3,26,64,53.3,0,0,53.0,48,66,148,88,96,118,110,153,47,43,61,123,137,1,138,113,126,76,160,151,126,1,76,135,113,14,119,49,2,118,1,142,141,125,0.0,0.095,14,0.0,107.8,9,142,0.093,175,23.3,19,12,86.1,109.4,72.84,152,0.057,256,86.1,19.0,173,0.121,143,87.41,0.0,174,0.052,2.4,109.4,113,9,173,28.9,0.7,0.033,0.007,27,14,0.442,87.41,72,19,127,9,0.476,19,166,86.75,88.7,1,1,148,23.3,0.0,4.0,0.231,0.5,0.0,0.0,13.0,2.0,0.0,4.0,2.0,0.0,1.0,3.0,5.0,9.0,1,1.0,0.0,0.0,0.444,0.4,1,2.0,0.4,0.143,0.0,1.0,0.0,6.0,0.0,0.0,,7.0,1.0,1.0,0.0,,,0.0,,15.0,,0.0,1,CLE,1.0,,1,1.0,0.0,0.0,Houston,190,Undrafted,75,Undrafted,USA,Undrafted,2007
200789,Daniel Gibson,Daniel,1610612739,CLE,21.0,20,12,8,0.6,402.44166666666666,50,116,0.431,27,66,0.409,38,43,0.884,9,23,32,21,9,12,4,2,34,27,165,70,273.9,0,0,277.0,1,11,176,35,34,37,38,85,7,12,26,25,29,34,60,70,70,47,81,29,47,89,154,42,31,13,41,49,2,35,1,130,86,28,5.5,0.168,39,2.33,103.7,25,139,0.161,103,8.5,60,32,96.1,104.6,73.4,17,0.06,742,96.1,6.9,160,0.093,100,88.08,5.6,108,0.107,5.8,104.6,37,25,160,13.0,2.5,0.041,0.022,63,39,0.547,88.08,93,80,60,26,0.611,60,148,88.15,96.8,42,40,83,8.5,10.0,11.0,0.485,0.476,1.0,4.0,33.0,1.0,0.435,21.0,23.0,0.5,8.0,16.0,11.0,32.0,9,0.474,0.0,0.0,0.344,0.091,19,10.0,0.431,0.375,1.0,3.0,1.0,25.0,3.0,0.417,,16.0,0.5,12.0,0.0,0.0,,0.0,0.0,58.0,0.0,5.0,10,CLE,6.0,,20,6.0,0.5,0.333,Texas,190,2,74,42,USA,2006,2007
2443,Darius Songaila,Darius,1610612764,WAS,29.0,4,0,4,0.0,89.52666666666667,20,41,0.488,0,2,0.0,3,3,1.0,5,8,13,4,4,3,0,3,17,2,43,-37,69.6,0,0,66.0,127,147,52,147,120,83,86,55,97,104,97,123,137,1,82,113,112,111,110,95,126,116,112,142,91,178,110,49,2,109,1,79,51,105,7.9,0.238,180,1.0,98.6,172,81,0.238,40,-20.7,91,179,121.8,101.2,77.52,82,0.111,173,121.8,-24.3,92,0.08,65,93.02,8.0,33,0.057,10.3,101.2,85,172,92,8.0,5.0,0.077,0.052,114,180,0.488,93.02,106,128,123,172,0.508,91,64,93.85,122.9,58,58,42,-20.7,7.0,0.0,0.0,0.0,0.0,3.0,2.0,0.0,0.438,0.0,16.0,0.375,8.0,0.0,0.0,0.0,10,0.667,0.0,0.0,0.0,0.0,15,0.0,0.0,0.0,0.0,3.0,2.0,0.0,3.0,0.556,,0.0,0.588,9.0,0.0,0.0,,0.0,0.0,5.0,0.0,5.0,10,WAS,7.0,,17,0.0,0.429,0.667,Wake Forest,248,2,81,49,Lithuania,2002,2007
2545,Darko Milicic,Darko,1610612753,ORL,22.0,4,0,4,0.0,114.60833333333333,20,34,0.588,0,0,0.0,9,17,0.529,10,8,18,4,2,1,4,1,9,14,49,2,89.6,0,0,81.0,127,147,52,147,110,83,101,17,97,130,97,81,75,128,57,113,99,111,131,126,47,60,69,81,88,59,97,49,2,102,1,76,63,36,4.2,0.178,126,2.0,105.0,75,128,0.176,92,1.0,35,135,106.2,107.2,72.94,27,0.069,209,106.2,-3.1,169,0.063,28,87.53,4.3,85,0.115,8.5,107.2,24,75,169,8.5,5.0,0.08,0.092,49,126,0.588,87.53,119,124,50,96,0.591,35,159,87.66,108.1,33,33,42,1.0,3.0,0.0,0.0,0.0,,8.0,0.0,0.0,0.5,0.0,6.0,0.615,13.0,0.0,0.0,0.0,9,0.6,,,0.0,0.0,15,0.0,1.0,0.0,,3.0,1.0,1.0,8.0,0.5,0.0,0.0,0.6,2.0,,0.0,0.0,,0.0,1.0,0.0,1.0,9,ORL,13.0,0.0,15,0.0,0.615,0.333,None,275,1,84,2,Serbia,2003,2007
239,Darrick Martin,Darrick,1610612761,TOR,36.0,2,1,1,0.5,8.103333333333333,0,2,0.0,0,2,0.0,2,2,1.0,0,1,1,2,0,0,0,0,0,1,2,7,6.2,0,0,5.0,170,120,5,70,173,172,168,172,97,104,97,137,143,1,159,164,166,126,160,151,126,1,1,151,165,50,166,49,2,169,1,151,162,160,0.0,0.155,10,0.0,120.5,7,155,0.143,122,33.0,53,8,72.2,105.3,91.32,152,0.0,19,72.2,42.4,8,0.5,148,109.58,0.0,128,0.15,1.0,105.3,172,7,8,40.0,0.0,0.0,0.0,8,10,0.0,109.58,4,4,21,6,0.347,53,15,98.45,78.1,1,1,172,33.0,0.0,,0.0,,,0.0,2.0,,0.0,,0.0,0.0,0.0,0.0,,,0,0.0,,,,,0,,0.0,0.0,,0.0,0.0,0.0,0.0,0.0,,1.0,0.0,0.0,,,,,,1.0,,0.0,0,TOR,0.0,,0,0.0,0.0,0.0,UCLA,170,Undrafted,71,Undrafted,USA,Undrafted,2007
2205,DeSagana Diop,DeSagana,1610612742,DAL,25.0,6,2,4,0.333,139.71666666666667,9,15,0.6,0,0,0.0,3,7,0.429,16,25,41,2,4,3,10,0,21,5,21,-5,108.2,0,0,90.0,87,93,52,108,95,115,132,14,97,130,97,123,106,150,35,65,54,126,110,95,15,1,124,121,121,97,89,49,2,93,1,11,136,39,16.6,0.07,135,0.5,106.9,85,16,0.069,181,0.1,33,128,107.2,107.4,78.59,127,0.197,272,107.2,-0.5,69,0.021,8,94.31,16.7,181,0.064,2.5,107.4,20,85,69,8.3,1.5,0.157,0.119,33,135,0.6,94.31,158,125,114,79,0.581,33,58,94.45,107.4,160,161,116,0.1,0.0,0.0,0.0,0.0,0.0,1.0,0.0,0.0,0.0,0.0,2.0,0.5,2.0,0.0,0.0,0.0,8,0.727,0.0,0.0,0.0,0.0,11,0.0,0.0,0.0,0.0,1.0,0.0,0.0,1.0,0.0,0.0,0.0,0.727,1.0,0.0,,0.0,0.0,,0.0,,0.0,8,DAL,2.0,0.0,11,0.0,0.5,0.0,None,280,1,84,8,Senegal,2001,2007
2052,DeShawn Stevenson,DeShawn,1610612764,WAS,26.0,4,0,4,0.0,122.10666666666667,9,46,0.196,3,19,0.158,3,7,0.429,2,8,10,7,3,2,3,2,4,10,24,-29,58.5,0,0,54.0,127,147,52,147,106,115,80,167,66,47,94,123,106,150,120,113,121,87,120,106,61,89,41,90,117,163,116,49,2,117,1,132,40,176,5.1,0.206,132,2.33,94.7,148,127,0.204,66,-12.1,146,106,106.7,94.6,73.05,17,0.071,222,106.7,-9.9,166,0.104,126,87.66,5.1,59,-0.013,11.5,94.6,168,148,166,11.9,2.3,0.04,0.014,147,132,0.228,87.66,84,92,175,135,0.244,146,144,88.43,104.7,38,38,94,-12.1,0.0,0.0,0.25,0.0,,0.0,12.0,0.0,0.0,3.0,11.0,0.0,0.0,3.0,4.0,7.0,6,0.375,,,0.0,0.0,16,0.0,0.105,0.333,0.0,1.0,0.0,2.0,0.0,0.0,,3.0,0.375,7.0,0.0,,,0.0,,19.0,,0.0,6,WAS,0.0,,16,1.0,0.0,0.0,None,218,1,77,23,USA,2000,2007
200793,Dee Brown,Dee,1610612762,UTA,22.0,8,5,3,0.625,52.17666666666667,6,17,0.353,0,6,0.0,1,4,0.25,1,2,3,9,4,0,0,0,1,3,13,22,26.1,0,0,25.0,75,66,39,25,137,129,125,134,97,82,97,150,128,159,138,155,156,81,110,151,126,1,16,135,138,31,145,49,2,143,1,146,147,163,12.6,0.185,12,2.25,103.7,10,152,0.171,82,23.2,95,9,77.8,101.0,81.65,20,0.032,105,77.8,19.0,31,0.281,107,97.97,12.9,94,0.044,2.1,101.0,147,10,31,29.0,0.8,0.026,0.019,62,12,0.353,97.97,24,18,137,8,0.346,95,77,92.68,84.6,126,116,146,23.2,1.0,0.0,0.0,0.0,,0.0,5.0,0.0,0.25,1.0,4.0,0.0,0.0,0.0,0.0,1.0,5,0.714,,,0.0,0.0,7,0.0,0.0,0.0,,0.0,0.0,0.0,0.0,0.25,,2.0,0.714,4.0,,,,,,4.0,,1.0,5,UTA,0.0,,7,0.0,0.0,0.0,Illinois,181,2,72,46,USA,2006,2007
965,Derek Fisher,Derek,1610612762,UTA,32.0,16,8,8,0.5,445.12833333333333,49,121,0.405,12,32,0.375,42,45,0.933,4,21,25,42,19,16,2,8,51,41,152,4,280.0,0,0,267.0,27,34,176,70,25,39,35,103,34,35,36,20,28,26,93,74,81,19,38,16,73,158,176,27,36,54,38,49,2,39,1,144,70,77,9.4,0.164,83,2.21,100.1,84,145,0.161,111,0.2,82,81,102.0,102.2,77.19,22,0.053,860,102.0,-1.8,97,0.15,139,92.63,9.5,110,0.065,7.6,102.2,107,84,97,21.0,3.1,0.031,0.01,102,83,0.455,92.63,52,39,112,88,0.54,82,67,93.63,101.9,76,77,75,0.2,18.0,5.0,0.35,0.5,1.0,7.0,20.0,1.0,0.375,8.0,48.0,0.583,12.0,7.0,3.0,11.0,12,0.414,0.0,0.0,0.455,0.333,29,4.0,0.439,0.308,1.0,10.0,5.0,18.0,3.0,0.368,0.0,13.0,0.4,19.0,0.0,0.0,1.0,0.0,0.0,41.0,0.0,7.0,12,UTA,6.0,0.0,30,4.0,0.5,0.5,Arkansas-Little Rock,211,1,73,24,USA,1996,2007
101114,Deron Williams,Deron,1610612762,UTA,23.0,17,9,8,0.529,657.0466666666666,122,270,0.452,19,57,0.333,64,81,0.79,9,64,73,146,68,26,4,20,49,72,327,8,655.6,5,0,625.0,20,27,176,63,6,5,5,74,17,15,52,11,11,72,60,18,26,2,1,5,47,186,175,9,6,47,5,9,2,6,1,98,18,84,13.1,0.255,113,2.15,104.1,76,89,0.252,26,0.9,52,109,104.4,105.3,77.89,23,0.104,1278,104.4,-0.7,82,0.381,125,93.47,13.1,25,0.135,15.9,105.3,86,76,82,28.1,7.2,0.059,0.014,57,113,0.487,93.47,10,21,29,82,0.535,52,63,93.86,104.8,128,129,20,0.9,46.0,2.0,0.333,0.333,2.0,18.0,51.0,1.0,0.46,3.0,100.0,0.529,34.0,17.0,1.0,4.0,39,0.494,0.0,0.0,0.5,1.0,79,1.0,0.5,0.273,2.0,17.0,10.0,30.0,11.0,0.397,,22.0,0.488,63.0,0.0,1.0,,0.0,0.0,60.0,0.0,25.0,40,UTA,23.0,,82,6.0,0.478,0.588,Illinois,205,1,75,3,USA,2005,2007
1904,Devean George,Devean,1610612742,DAL,29.0,6,2,4,0.333,109.34333333333333,5,25,0.2,3,12,0.25,8,10,0.8,4,14,18,4,7,6,2,2,12,10,21,-14,65.6,0,0,62.0,87,93,52,108,114,134,114,166,66,65,77,87,95,64,93,96,99,111,91,63,73,89,86,90,121,126,114,49,2,112,1,71,103,159,17.3,0.144,112,0.57,101.1,112,58,0.14,131,-5.8,116,131,104.4,98.7,82.13,123,0.136,224,104.4,-6.6,25,0.056,82,98.55,17.1,132,0.022,4.2,98.7,164,112,25,9.8,0.8,0.082,0.034,93,112,0.26,98.55,126,110,155,114,0.357,116,43,95.93,107.6,165,166,144,-5.8,0.0,2.0,0.143,0.25,0.0,0.0,7.0,1.0,0.0,4.0,8.0,0.0,3.0,1.0,1.0,5.0,2,1.0,0.0,0.0,0.4,1.0,2,1.0,0.25,0.0,0.0,3.0,0.0,3.0,0.0,0.0,0.0,3.0,0.667,2.0,0.0,,0.0,0.0,,12.0,,0.0,2,DAL,2.0,0.0,3,0.0,0.0,0.0,Augsburg,235,1,80,23,USA,1999,2007
2734,Devin Harris,Devin,1610612742,DAL,24.0,6,2,4,0.333,163.03333333333333,31,63,0.492,3,10,0.3,14,19,0.737,1,11,12,30,9,6,1,6,23,23,79,-29,150.4,0,0,138.0,87,93,52,108,87,64,67,54,66,71,69,65,69,91,138,107,114,25,81,63,98,147,134,53,66,163,72,49,2,77,1,138,48,67,8.2,0.215,159,3.33,103.4,128,132,0.206,55,-9.0,75,159,112.0,103.0,82.07,8,0.064,335,112.0,-9.9,28,0.341,144,98.48,8.3,56,0.109,10.5,103.0,62,128,28,27.5,5.2,0.036,0.006,66,159,0.516,98.48,13,23,59,134,0.554,75,23,97.74,113.3,62,60,41,-9.0,7.0,2.0,0.333,0.5,1.0,1.0,3.0,0.0,0.368,4.0,19.0,0.333,3.0,1.0,2.0,6.0,20,0.645,0.0,0.0,0.333,0.0,31,2.0,0.182,0.5,1.0,3.0,2.0,2.0,1.0,0.417,,2.0,0.625,12.0,0.0,,,0.0,,11.0,,5.0,20,DAL,2.0,,32,1.0,0.5,0.667,Wisconsin,185,1,75,5,USA,2004,2007
87,Dikembe Mutombo,Dikembe,1610612745,HOU,41.0,7,3,4,0.429,40.36833333333333,3,3,1.0,0,0,0.0,3,3,1.0,5,6,11,1,0,0,3,0,5,2,9,-7,32.7,0,0,27.0,79,80,52,97,146,145,161,1,97,130,97,123,137,1,82,131,119,144,160,151,61,1,48,142,145,102,136,49,2,140,1,27,177,3,0.0,0.053,63,0.0,97.1,130,48,0.045,185,-9.1,156,68,100.0,90.9,76.3,152,0.146,77,100.0,-3.6,110,0.045,9,91.56,0.0,186,0.129,0.4,90.9,1,130,110,20.0,0.4,0.133,0.119,134,63,1.0,91.56,137,41,37,100,1.042,156,146,88.35,100.7,1,1,158,-9.1,0.0,0.0,0.0,0.0,,0.0,0.0,0.0,0.0,0.0,0.0,0.0,0.0,0.0,0.0,0.0,3,1.0,,,0.0,0.0,3,0.0,0.0,0.0,0.0,0.0,0.0,0.0,0.0,0.0,0.0,0.0,1.0,0.0,0.0,0.0,0.0,0.0,0.0,0.0,0.0,0.0,3,HOU,0.0,0.0,3,0.0,0.0,0.0,Georgetown,260,1,86,4,Democratic Republic of the Congo,1991,2007
1717,Dirk Nowitzki,Dirk,1610612742,DAL,29.0,6,2,4,0.333,238.625,36,94,0.383,4,19,0.211,42,50,0.84,25,43,68,14,14,11,8,2,20,35,118,-26,263.6,4,0,242.0,87,93,52,108,57,56,48,121,64,47,85,20,23,47,21,38,32,62,56,32,23,89,121,30,46,154,45,13,2,46,1,14,20,104,9.7,0.236,161,1.0,104.1,116,19,0.233,41,-6.4,47,154,112.3,105.9,79.12,82,0.192,474,112.3,-8.2,65,0.102,18,94.94,9.7,38,0.134,15.7,105.9,128,116,65,9.7,6.0,0.145,0.102,56,161,0.404,94.94,85,112,31,123,0.509,47,45,95.8,112.3,82,81,30,-6.4,19.0,0.0,0.222,0.0,1.0,2.0,18.0,0.0,0.422,1.0,45.0,0.222,9.0,4.0,0.0,1.0,11,0.55,0.0,0.0,0.0,0.0,20,0.0,0.3,0.167,1.0,16.0,6.0,3.0,0.0,0.452,0.0,12.0,0.5,31.0,0.0,,0.0,0.0,,10.0,,14.0,11,DAL,2.0,0.0,22,2.0,0.0,0.375,None,245,1,84,9,Germany,1998,2007
101182,Donell Taylor,Donell,1610612764,WAS,24.0,2,0,2,0.0,17.183333333333334,1,6,0.167,0,0,0.0,1,1,1.0,0,3,3,4,2,0,0,0,2,1,3,0,10.6,0,0,10.0,170,147,23,147,162,158,154,168,97,130,97,150,162,1,159,147,156,111,131,151,126,1,24,151,162,76,161,49,2,161,1,75,122,177,16.1,0.212,20,2.0,86.3,58,38,0.205,60,2.8,150,25,90.9,93.8,75.65,27,0.167,32,90.9,-9.2,124,0.333,148,90.79,16.7,58,0.019,3.0,93.8,170,58,124,33.3,0.5,0.081,0.0,168,20,0.167,90.79,14,10,156,130,0.233,150,79,92.41,95.5,160,159,154,2.8,0.0,0.0,0.0,0.0,,0.0,0.0,0.0,0.0,0.0,4.0,0.0,1.0,0.0,0.0,0.0,1,1.0,,,0.0,0.0,1,0.0,0.0,0.0,,0.0,0.0,0.0,0.0,0.0,,0.0,1.0,4.0,,,,,,0.0,,0.0,1,WAS,1.0,,1,0.0,0.0,0.0,Alabama-Birmingham,193,Undrafted,77,Undrafted,USA,Undrafted,2007
923,Donyell Marshall,Donyell,1610612739,CLE,34.0,19,11,8,0.579,203.62666666666667,23,69,0.333,14,45,0.311,7,11,0.636,12,29,41,5,5,3,4,1,30,13,67,54,139.7,0,0,141.0,15,18,176,52,71,75,62,141,28,22,65,91,88,116,49,59,54,103,106,95,47,60,147,84,74,18,78,49,2,74,1,51,111,134,6.0,0.179,17,1.0,102.0,13,46,0.174,90,12.3,93,14,88.7,101.0,75.53,82,0.15,388,88.7,11.0,126,0.045,62,90.64,6.0,89,0.057,3.6,101.0,118,13,126,6.0,1.2,0.099,0.054,78,17,0.435,90.64,137,146,125,15,0.454,93,138,89.09,91.0,45,46,127,12.3,0.0,7.0,0.333,0.308,0.0,0.0,21.0,3.0,0.0,13.0,8.0,0.0,2.0,7.0,10.0,23.0,9,0.6,0.0,0.0,0.304,0.3,15,4.0,0.353,0.167,0.0,2.0,0.0,12.0,0.0,0.0,,12.0,0.6,4.0,0.0,,,0.0,,34.0,,0.0,9,CLE,2.0,,15,2.0,0.0,0.0,Connecticut,230,1,81,4,USA,1994,2007
2748,Dorell Wright,Dorell,1610612748,MIA,21.0,1,0,1,0.0,0.7916666666666666,0,0,0.0,0,0,0.0,0,0,0.0,0,0,0,0,0,0,0,0,0,0,0,-2,0.0,0,0,0.0,178,147,5,147,189,172,182,172,97,130,97,162,165,162,159,175,178,165,160,151,126,1,1,173,181,87,186,49,2,186,1,151,182,181,0.0,0.0,189,0.0,0.0,189,155,0.0,187,-200.0,188,189,200.0,0.0,75.79,152,0.0,2,200.0,-200.0,120,0.0,148,90.95,0.0,187,0.0,0.0,0.0,172,189,120,0.0,0.0,0.0,0.0,188,189,0.0,90.95,165,165,162,189,0.0,188,190,60.63,200.0,1,1,172,-200.0,0.0,0.0,,0.0,,,,,0.0,0.0,0.0,,,,,0.0,0,0.0,,,0.0,,0,0.0,0.0,,,,,0.0,,0.0,,,0.0,0.0,,,,,,0.0,,0.0,0,MIA,,,0,,,,None,205,1,80,19,USA,2004,2007
2400,Drew Gooden,Drew,1610612739,CLE,25.0,20,12,8,0.6,605.3983333333333,99,201,0.493,0,2,0.0,30,39,0.769,49,111,160,20,27,10,9,12,62,26,228,-5,480.0,6,0,446.0,1,11,176,35,13,7,9,51,97,104,97,34,31,78,4,5,5,50,21,39,17,179,188,43,15,97,15,7,2,15,1,21,52,93,10.2,0.197,70,0.74,100.2,88,25,0.193,72,-0.3,100,55,100.5,100.3,72.88,116,0.185,1102,100.5,0.8,171,0.063,33,87.45,10.2,70,0.112,10.1,100.3,81,88,171,7.6,5.0,0.137,0.087,101,70,0.493,87.45,118,133,56,66,0.523,100,154,87.94,99.5,90,91,44,-0.3,57.0,0.0,0.0,0.0,0.0,13.0,1.0,0.0,0.491,0.0,116.0,0.382,34.0,0.0,1.0,1.0,29,0.592,0.0,0.0,0.0,0.0,49,0.0,0.4,0.0,0.0,55.0,24.0,2.0,12.0,0.492,0.0,0.0,0.574,61.0,0.0,0.0,0.0,0.0,0.0,5.0,0.0,30.0,31,CLE,26.0,0.0,54,0.0,0.462,0.436,Kansas,250,1,82,4,USA,2002,2007
2730,Dwight Howard,Dwight,1610612753,ORL,21.0,4,0,4,0.0,167.42666666666668,23,42,0.548,0,0,0.0,15,33,0.455,16,43,59,7,17,2,4,6,13,33,61,-41,143.3,3,0,139.0,127,147,52,147,85,75,85,25,97,130,97,61,41,149,35,38,39,87,45,106,47,147,96,32,79,185,76,18,2,75,1,2,48,78,21.1,0.214,156,0.41,96.0,155,2,0.211,58,-13.7,121,155,111.7,98.0,71.67,132,0.274,300,111.7,-16.3,184,0.074,17,86.01,21.3,53,0.121,10.5,98.0,36,155,184,8.8,5.8,0.191,0.105,140,156,0.548,86.01,109,123,45,161,0.54,121,169,86.63,112.3,178,177,34,-13.7,0.0,0.0,0.0,0.0,,3.0,0.0,0.0,0.0,0.0,3.0,0.5,6.0,0.0,0.0,0.0,20,0.606,,,0.0,0.0,33,0.0,0.0,0.0,,2.0,0.0,0.0,3.0,0.0,0.0,0.0,0.606,0.0,,,0.0,,,0.0,,0.0,20,ORL,7.0,0.0,33,0.0,0.429,0.0,None,265,1,83,1,USA,2004,2007
2548,Dwyane Wade,Dwyane,1610612748,MIA,25.0,4,0,4,0.0,161.80333333333334,36,84,0.429,0,5,0.0,22,32,0.688,7,12,19,25,23,5,2,3,13,29,94,-40,152.3,1,0,152.0,127,147,52,147,88,56,56,86,97,89,97,44,45,105,70,102,96,36,26,69,73,116,96,38,57,181,71,35,2,69,1,95,5,120,15.7,0.348,147,1.09,94.9,149,107,0.343,4,-12.5,128,120,108.9,96.5,77.25,75,0.082,312,108.9,-11.7,96,0.316,71,92.71,15.9,4,0.097,21.0,96.5,122,149,96,17.2,9.0,0.062,0.044,145,147,0.429,92.71,18,58,72,145,0.479,128,56,94.51,106.6,156,156,6,-12.5,17.0,0.0,0.0,0.0,1.0,4.0,4.0,0.0,0.386,0.0,44.0,0.444,9.0,0.0,0.0,0.0,15,0.577,0.0,0.0,0.0,0.0,26,0.0,0.222,0.0,1.0,7.0,5.0,2.0,3.0,0.367,0.0,3.0,0.577,30.0,0.0,,0.0,0.0,,9.0,,11.0,15,MIA,8.0,0.0,26,0.0,0.375,0.714,Marquette,212,1,76,5,USA,2003,2007
2067,Eddie House,Eddie,1610612751,NJN,29.0,4,2,2,0.5,17.508333333333333,2,8,0.25,1,6,0.167,0,0,0.0,0,2,2,1,2,1,0,0,2,0,5,-11,9.9,0,0,11.0,127,93,23,70,161,151,148,159,83,82,90,162,165,162,159,155,163,144,131,126,126,1,24,173,155,114,162,49,2,158,1,151,148,168,18.2,0.296,125,0.5,75.6,178,155,0.278,16,-33.3,178,85,106.1,72.7,75.39,127,0.0,33,106.1,-26.9,127,0.143,148,90.47,18.2,19,-0.027,2.0,72.7,157,178,127,9.1,0.5,0.0,0.0,179,125,0.313,90.47,56,117,178,176,0.313,178,120,90.36,102.5,168,169,154,-33.3,1.0,1.0,0.0,0.5,,0.0,2.0,0.0,0.5,2.0,2.0,0.0,0.0,0.0,2.0,4.0,0,0.0,,,0.25,0.0,0,1.0,0.2,0.0,,1.0,0.0,1.0,0.0,1.0,,1.0,0.0,1.0,,,,,,5.0,,1.0,0,NJN,0.0,,0,0.0,0.0,0.0,Arizona State,175,2,73,37,USA,2000,2007
224,Eddie Jones,Eddie,1610612748,MIA,35.0,3,0,3,0.0,66.46,2,9,0.222,1,6,0.167,5,6,0.833,1,5,6,5,1,1,1,1,7,4,10,-17,29.7,0,0,26.0,160,147,39,147,129,151,143,165,83,82,90,103,110,50,138,134,141,103,145,126,98,60,57,126,144,132,139,49,2,142,1,124,122,143,5.7,0.086,106,5.0,90.1,158,111,0.086,177,-14.7,159,52,103.7,89.1,81.55,3,0.079,137,103.7,-9.1,33,0.119,127,97.86,5.6,176,0.031,3.0,89.1,161,158,33,27.8,0.7,0.045,0.014,160,106,0.278,97.86,74,22,146,129,0.43,159,11,99.45,99.3,40,43,149,-14.7,0.0,1.0,0.0,1.0,,0.0,3.0,0.0,0.0,1.0,2.0,0.0,0.0,0.0,2.0,3.0,1,1.0,,,0.333,0.0,1,1.0,0.2,0.0,,0.0,0.0,1.0,0.0,0.0,0.0,2.0,1.0,1.0,,,0.0,,,5.0,,0.0,1,MIA,0.0,0.0,1,0.0,0.0,0.0,Temple,200,1,78,10,USA,1994,2007
2059,Eduardo Najera,Eduardo,1610612743,DEN,30.0,5,1,4,0.2,95.57833333333333,4,17,0.235,0,3,0.0,1,2,0.5,11,17,28,2,2,2,1,0,10,2,9,-29,52.6,0,0,45.0,107,120,52,131,118,141,125,162,97,99,97,150,143,133,53,85,75,126,131,106,98,1,76,142,145,163,120,49,2,125,1,19,117,173,9.1,0.096,154,1.0,97.8,156,35,0.093,172,-14.0,126,152,111.1,97.2,74.49,82,0.17,176,111.1,-14.0,149,0.032,15,89.39,9.1,173,0.033,3.4,97.2,167,156,149,9.1,0.8,0.138,0.107,125,154,0.235,89.39,147,117,145,154,0.252,126,139,88.84,111.8,71,71,145,-14.0,1.0,0.0,0.0,0.0,,1.0,2.0,0.0,0.167,0.0,6.0,0.5,2.0,0.0,1.0,1.0,2,0.333,,,0.0,0.0,6,0.0,0.25,0.0,,3.0,0.0,1.0,1.0,0.0,,0.0,0.333,2.0,,,,,,4.0,,0.0,2,DEN,2.0,,6,0.0,0.5,0.0,Oklahoma,235,2,80,38,Mexico,2000,2007
15,Eric Piatkowski,Eric,1610612756,PHX,36.0,1,1,0,1.0,2.95,1,1,1.0,0,0,0.0,0,0,0.0,0,0,0,0,0,0,0,0,0,0,2,1,2.0,0,0,2.0,178,120,1,1,183,158,177,1,97,130,97,162,165,162,159,175,178,165,160,151,126,1,1,173,165,64,181,49,2,181,1,151,162,4,0.0,0.205,175,0.0,163.9,12,155,0.167,67,16.7,3,176,116.7,133.3,81.36,152,0.0,6,116.7,44.9,34,0.0,148,97.63,0.0,99,0.143,1.0,133.3,1,12,34,0.0,1.0,0.0,0.0,3,175,1.0,97.63,165,165,25,4,1.0,3,160,87.54,119.0,1,1,131,16.7,0.0,,0.0,,,,0.0,,0.0,,0.0,,,0.0,,,1,1.0,,,,,1,,,0.0,,,,,,0.0,,0.0,1.0,0.0,,,,,,,,0.0,1,PHX,,,1,0.0,,,Nebraska,215,1,79,15,USA,1994,2007
727,Eric Snow,Eric,1610612739,CLE,34.0,19,11,8,0.579,243.49833333333333,12,38,0.316,0,3,0.0,8,14,0.571,7,21,28,29,8,11,2,2,22,11,32,-41,140.1,0,0,115.0,15,18,176,52,55,101,88,151,97,99,97,87,81,121,70,74,75,28,87,32,73,89,129,88,102,185,77,49,2,85,1,102,148,157,9.9,0.103,32,3.63,93.4,111,102,0.098,168,-5.8,161,21,94.6,88.8,77.45,6,0.087,464,94.6,-1.1,94,0.232,92,92.95,9.8,169,0.058,2.0,88.8,156,111,94,35.4,0.6,0.057,0.028,152,32,0.316,92.95,29,9,122,86,0.362,161,112,90.69,94.5,84,83,150,-5.8,7.0,0.0,0.0,0.0,1.0,1.0,2.0,0.0,0.389,0.0,18.0,0.333,3.0,0.0,0.0,0.0,4,0.286,0.0,0.0,0.0,0.0,14,0.0,0.0,0.0,2.0,3.0,1.0,0.0,0.0,0.429,0.0,0.0,0.313,14.0,0.0,1.0,0.0,0.0,0.0,0.0,0.0,6.0,5,CLE,2.0,0.0,16,0.0,0.0,0.333,Michigan State,205,2,75,43,USA,1995,2007
956,Erick Dampier,Erick,1610612742,DAL,31.0,5,2,3,0.4,37.906666666666666,2,3,0.667,0,0,0.0,1,2,0.5,9,8,17,1,4,0,0,0,9,5,5,-22,22.9,0,0,23.0,107,93,39,105,148,151,161,9,97,130,97,150,143,133,60,113,103,144,110,151,126,1,69,121,155,141,146,49,2,147,1,151,174,20,45.0,0.084,140,0.25,86.8,175,155,0.082,178,-24.5,169,157,108.4,84.0,86.53,145,0.0,81,108.4,-25.9,14,0.043,148,103.83,44.4,178,0.03,0.6,84.0,10,175,14,11.1,0.4,0.0,0.0,166,140,0.667,103.83,143,102,148,174,0.644,169,8,100.19,112.7,190,190,159,-24.5,0.0,0.0,0.0,0.0,0.0,0.0,0.0,0.0,0.0,0.0,0.0,0.0,0.0,0.0,0.0,0.0,2,0.667,0.0,0.0,0.0,0.0,3,0.0,0.0,0.0,0.0,0.0,0.0,0.0,0.0,0.0,,0.0,0.667,0.0,0.0,,,0.0,,0.0,,0.0,2,DAL,0.0,,3,0.0,0.0,0.0,Mississippi State,265,1,83,10,USA,1996,2007
2041,Etan Thomas,Etan,1610612764,WAS,29.0,4,0,4,0.0,83.635,7,17,0.412,0,0,0.0,6,9,0.667,2,20,22,1,6,2,3,1,9,5,20,-13,56.9,0,0,53.0,127,147,52,147,122,123,125,98,97,130,97,97,100,107,120,79,88,144,103,106,61,60,69,121,123,122,118,49,2,118,1,22,101,122,21.5,0.162,142,0.17,98.4,140,6,0.161,112,-9.9,114,114,108.6,98.7,73.18,148,0.244,154,108.6,-7.3,162,0.022,95,87.81,21.4,109,0.068,4.3,98.7,127,140,162,3.6,1.8,0.136,0.025,118,142,0.412,87.81,157,159,106,118,0.477,114,137,89.11,105.7,179,178,102,-9.9,0.0,0.0,0.0,0.0,,1.0,0.0,0.0,0.0,0.0,0.0,0.2,5.0,0.0,0.0,0.0,6,0.5,,,0.0,0.0,12,0.0,0.0,0.0,,1.0,1.0,0.0,0.0,0.0,,0.0,0.5,0.0,,,,,,0.0,,0.0,6,WAS,4.0,,12,0.0,0.0,1.0,Syracuse,260,1,82,12,USA,2000,2007
101177,Fabricio Oberto,Fabricio,1610612759,SAS,32.0,20,16,4,0.8,415.03,50,80,0.625,0,1,0.0,12,21,0.571,41,57,98,14,10,6,4,8,54,28,112,88,270.6,1,0,244.0,1,1,52,5,30,37,58,13,97,114,97,73,65,121,6,24,16,62,71,63,47,158,181,41,48,6,42,35,2,45,1,31,105,23,8.8,0.114,44,1.4,108.1,17,56,0.111,152,11.0,26,34,96.8,107.9,75.99,57,0.137,789,96.8,11.2,115,0.052,13,91.19,8.8,154,0.086,4.0,107.9,17,17,115,12.4,2.5,0.123,0.108,24,44,0.625,91.19,130,87,84,14,0.628,26,104,91.07,96.9,68,68,83,11.0,4.0,0.0,0.0,0.0,1.0,5.0,0.0,0.0,0.444,0.0,9.0,0.5,10.0,0.0,0.0,0.0,41,0.683,0.0,0.0,0.0,0.0,60,0.0,0.0,0.0,1.0,6.0,3.0,0.0,4.0,0.25,0.0,0.0,0.667,4.0,0.0,,0.0,0.0,,0.0,,1.0,42,SAS,6.0,0.0,63,0.0,0.667,0.5,None,245,Undrafted,82,Undrafted,Argentina,Undrafted,2007
2436,Flip Murray,Flip,1610612765,DET,27.0,12,7,5,0.583,135.84666666666666,11,31,0.355,0,2,0.0,8,11,0.727,2,7,9,14,8,4,1,2,12,7,30,-10,68.8,0,0,63.0,38,37,140,51,100,109,103,133,97,104,97,87,88,94,120,126,126,62,87,85,98,89,86,105,107,111,111,49,2,111,1,137,135,145,13.8,0.16,63,1.75,96.3,107,140,0.155,114,-5.2,144,50,100.0,94.8,73.17,43,0.058,250,100.0,-2.7,163,0.189,119,87.8,13.8,116,0.038,2.6,94.8,146,107,163,24.1,0.9,0.036,0.015,137,63,0.355,87.8,39,32,142,94,0.419,144,161,87.52,99.1,136,140,143,-5.2,2.0,0.0,0.0,0.0,,0.0,1.0,0.0,0.143,1.0,14.0,0.0,1.0,0.0,0.0,1.0,9,0.643,,,0.0,0.0,14,0.0,0.0,0.0,0.0,4.0,0.0,0.0,0.0,0.25,0.0,0.0,0.643,8.0,0.0,0.0,0.0,0.0,0.0,3.0,0.0,2.0,9,DET,2.0,0.0,14,0.0,0.0,0.0,Shaw,197,2,75,41,USA,2002,2007
1922,Francisco Elson,Francisco,1610612759,SAS,31.0,20,16,4,0.8,229.98833333333334,26,44,0.591,0,1,0.0,14,20,0.7,22,40,62,2,19,8,6,1,41,15,66,-40,166.4,0,0,158.0,1,1,52,5,60,70,84,16,97,114,97,65,68,101,26,42,38,126,38,51,32,60,169,79,75,181,62,49,2,66,1,15,146,24,25.7,0.154,103,0.11,99.6,121,29,0.148,125,-7.0,129,74,103.4,96.5,74.79,151,0.178,425,103.4,-1.9,146,0.015,12,89.74,25.7,123,0.071,2.2,96.5,23,121,146,2.7,1.3,0.145,0.108,107,103,0.591,89.74,161,161,100,89,0.625,129,136,89.25,101.4,184,184,123,-7.0,7.0,0.0,0.0,0.0,0.0,2.0,1.0,0.0,0.467,0.0,15.0,0.4,5.0,0.0,0.0,0.0,17,0.739,0.0,0.0,0.0,0.0,23,0.0,0.0,0.0,0.0,2.0,1.0,0.0,3.0,0.417,0.0,0.0,0.739,12.0,0.0,,0.0,0.0,,1.0,,5.0,17,SAS,6.0,0.0,23,0.0,0.5,0.5,California,235,2,84,41,Netherlands,1999,2007
56,Gary Payton,Gary,1610612748,MIA,38.0,2,0,2,0.0,31.893333333333334,0,3,0.0,0,1,0.0,0,0,0.0,0,4,4,3,4,0,0,2,3,1,0,-12,5.3,0,0,7.0,170,147,23,147,152,172,161,172,97,114,97,162,165,162,159,138,150,117,110,151,126,89,33,151,181,119,170,49,2,164,1,151,156,181,40.0,0.116,100,0.75,88.5,161,155,0.111,151,-17.1,163,146,103.3,86.2,74.0,113,0.0,58,103.3,-21.7,158,0.15,148,88.8,40.0,155,-0.033,1.5,86.2,172,161,158,30.0,0.0,0.0,0.0,163,100,0.0,88.8,52,16,179,168,0.0,163,178,84.88,110.2,189,189,172,-17.1,0.0,0.0,0.0,0.0,0.0,0.0,0.0,0.0,0.0,1.0,1.0,0.0,1.0,0.0,0.0,1.0,0,0.0,0.0,0.0,0.0,0.0,0,0.0,0.0,0.0,0.0,0.0,0.0,0.0,0.0,0.0,,0.0,0.0,1.0,0.0,,,0.0,,1.0,,0.0,0,MIA,1.0,,0,0.0,0.0,0.0,Oregon State,190,1,76,2,USA,1990,2007
1921,Gordan Giricek,Gordan,1610612762,UTA,30.0,17,9,8,0.529,306.56666666666666,38,91,0.418,14,26,0.538,14,16,0.875,4,24,28,17,22,3,2,2,37,18,104,8,156.1,0,0,173.0,20,27,176,63,46,53,50,93,28,40,4,65,79,38,93,68,75,54,29,95,73,89,159,67,52,47,68,49,2,59,1,123,89,88,16.1,0.175,54,0.77,101.4,74,113,0.169,96,1.0,107,71,98.5,99.5,79.46,112,0.077,610,98.5,0.5,56,0.086,130,95.35,16.1,97,0.041,5.4,99.5,80,74,56,12.4,2.2,0.046,0.013,87,54,0.495,95.35,100,86,140,71,0.53,107,71,93.28,101.0,157,158,95,1.0,19.0,3.0,0.611,0.25,0.0,3.0,18.0,2.0,0.358,4.0,53.0,0.429,7.0,11.0,4.0,8.0,2,0.4,0.0,0.0,0.375,0.5,5,1.0,0.545,0.333,0.0,5.0,2.0,24.0,2.0,0.208,0.0,6.0,0.5,24.0,0.0,0.0,0.0,0.0,0.0,44.0,0.0,5.0,3,UTA,6.0,0.0,6,2.0,0.333,0.4,None,222,2,78,40,Croatia,1999,2007
255,Grant Hill,Grant,1610612753,ORL,34.0,4,0,4,0.0,143.08,19,38,0.5,0,0,0.0,22,33,0.667,2,20,22,15,10,2,1,5,8,19,60,-26,107.9,0,0,103.0,127,147,52,147,93,86,88,41,97,130,97,44,41,107,120,79,88,58,71,106,98,142,64,64,80,154,90,49,2,86,1,69,54,49,12.9,0.209,167,1.5,103.6,136,42,0.212,61,-9.5,62,166,114.0,104.6,73.67,51,0.156,263,114.0,-13.0,159,0.172,119,88.4,12.7,52,0.114,9.5,104.6,67,136,159,19.0,4.8,0.085,0.015,64,167,0.5,88.4,44,51,54,152,0.571,62,155,87.84,116.6,118,126,47,-9.5,8.0,0.0,0.0,0.0,,0.0,0.0,0.0,0.4,0.0,20.0,0.0,0.0,0.0,0.0,0.0,11,0.611,,,0.0,0.0,18,0.0,0.0,0.0,,6.0,1.0,0.0,0.0,0.583,0.0,0.0,0.611,12.0,,0.0,0.0,,0.0,2.0,0.0,7.0,11,ORL,0.0,0.0,18,0.0,0.0,0.167,Duke,225,1,80,3,USA,1994,2007
1761,Greg Buckner,Greg,1610612742,DAL,30.0,6,2,4,0.333,43.66,0,7,0.0,0,4,0.0,1,2,0.5,2,4,6,2,2,2,1,3,7,1,1,-18,18.2,0,0,15.0,87,93,52,108,143,172,151,172,97,92,97,150,143,133,120,138,141,126,131,106,98,116,57,151,177,136,153,49,2,155,1,104,161,180,16.8,0.092,19,1.0,77.0,165,104,0.089,176,-17.8,176,18,90.7,72.9,88.41,82,0.083,96,90.7,-17.0,11,0.083,83,106.09,16.7,175,-0.075,1.2,72.9,172,165,11,16.7,0.0,0.056,0.034,178,19,0.0,106.09,101,62,185,163,0.063,176,6,101.41,94.0,160,163,172,-17.8,0.0,0.0,0.0,0.0,0.0,0.0,1.0,0.0,0.0,2.0,0.0,0.0,1.0,0.0,1.0,3.0,0,0.0,0.0,0.0,0.0,0.0,2,0.0,0.0,0.0,0.0,0.0,0.0,0.0,0.0,0.0,,1.0,0.0,0.0,0.0,,,0.0,,3.0,,0.0,0,DAL,0.0,,3,0.0,0.0,0.0,Clemson,210,2,76,53,USA,1998,2007
200801,Hassan Adams,Hassan,1610612751,NJN,23.0,6,3,3,0.5,9.291666666666666,1,2,0.5,0,0,0.0,0,0,0.0,0,1,1,0,0,0,0,0,3,0,2,-12,3.2,0,0,3.0,87,80,39,70,168,158,168,41,97,130,97,162,165,162,159,164,166,165,160,151,126,1,33,173,165,119,178,49,2,176,1,151,178,111,0.0,0.118,63,0.0,47.4,185,155,0.1,148,-60.0,187,174,100.0,40.0,86.1,152,0.0,20,100.0,-71.4,16,0.0,148,103.32,0.0,166,-0.051,0.3,40.0,67,185,16,0.0,0.2,0.0,0.0,185,63,0.5,103.32,165,165,182,186,0.5,187,163,87.1,118.8,1,1,170,-60.0,0.0,,0.0,,0.0,0.0,0.0,,0.0,,1.0,0.0,0.0,0.0,,,1,1.0,0.0,0.0,,,1,,0.0,0.0,0.0,,,0.0,0.0,0.0,,0.0,1.0,1.0,0.0,,,0.0,,0.0,,0.0,1,NJN,0.0,,1,0.0,0.0,,Arizona,220,2,76,54,USA,2006,2007
2045,Hedo Turkoglu,Hedo,1610612753,ORL,28.0,4,0,4,0.0,155.65166666666667,25,50,0.5,3,9,0.333,2,4,0.5,2,11,13,14,10,5,4,0,14,3,55,-39,108.6,0,0,103.0,127,147,52,147,90,72,76,41,66,75,52,137,128,133,120,107,112,62,71,69,47,1,102,135,84,180,88,49,2,86,1,119,32,87,13.2,0.193,169,1.4,100.9,150,109,0.19,75,-12.6,78,167,115.4,102.8,72.85,57,0.081,282,115.4,-16.0,172,0.157,124,87.43,13.3,73,0.076,12.5,102.8,45,150,172,18.7,6.3,0.048,0.014,97,169,0.53,87.43,49,53,94,159,0.531,78,158,87.69,116.9,130,131,26,-12.6,14.0,3.0,0.0,1.0,,1.0,5.0,1.0,0.467,2.0,30.0,0.5,2.0,0.0,2.0,4.0,7,0.778,,,0.75,0.5,9,2.0,0.625,0.0,,12.0,3.0,5.0,1.0,0.6,0.0,4.0,0.778,15.0,,,0.0,,,8.0,,9.0,7,ORL,2.0,0.0,9,0.0,0.5,0.25,None,220,1,82,16,Turkey,2000,2007
1956,Ira Newble,Ira,1610612739,CLE,32.0,6,4,2,0.667,9.731666666666667,0,2,0.0,0,2,0.0,0,0,0.0,0,1,1,1,0,0,0,0,3,0,0,1,2.7,0,0,2.0,87,79,23,19,167,172,168,172,97,104,97,162,165,162,159,164,166,144,160,151,126,1,33,173,181,64,179,49,2,181,1,151,178,181,0.0,0.081,18,0.0,118.0,18,155,0.069,179,10.0,102,122,90.0,100.0,119.2,152,0.0,28,90.0,11.4,2,0.143,148,143.04,0.0,180,-0.059,0.3,100.0,172,18,2,33.3,0.0,0.0,0.0,11,18,0.0,143.04,56,10,183,12,0.0,102,2,120.94,106.6,1,1,172,10.0,0.0,0.0,0.0,0.0,,0.0,2.0,,0.0,0.0,0.0,0.0,0.0,0.0,,0.0,0,0.0,,,0.0,,0,0.0,0.0,0.0,0.0,0.0,0.0,0.0,0.0,0.0,,2.0,0.0,0.0,0.0,0.0,,0.0,0.0,0.0,0.0,0.0,0,CLE,0.0,,0,0.0,0.0,0.0,Miami (Ohio),220,Undrafted,79,Undrafted,USA,Undrafted,2007
200826,J.J. Barea,J.J.,1610612742,DAL,23.0,2,1,1,0.5,3.533333333333333,0,0,0.0,0,0,0.0,0,2,0.0,0,0,0,0,0,0,0,0,0,2,0,1,0.0,0,0,0.0,170,120,5,70,181,172,182,172,97,130,97,162,143,162,159,175,178,165,160,151,126,1,1,142,181,64,186,49,2,186,1,151,182,181,0.0,0.113,5,0.0,51.5,65,155,0.111,153,1.6,184,3,42.9,44.4,90.57,152,0.0,9,42.9,12.9,9,0.0,148,108.68,0.0,155,0.5,0.0,44.4,172,65,9,0.0,0.0,0.0,0.0,183,5,0.0,108.68,165,165,2,11,0.0,184,4,105.42,38.7,1,1,172,1.6,0.0,0.0,0.0,0.0,,,0.0,,0.0,0.0,0.0,,,0.0,,0.0,0,0.0,,,0.0,,0,0.0,0.0,,,,,0.0,,0.0,,,0.0,0.0,,,,,,0.0,,0.0,0,DAL,,,0,,,,Northeastern,175,Undrafted,72,Undrafted,Puerto Rico,Undrafted,2007
200755,JJ Redick,JJ,1610612753,ORL,23.0,1,0,1,0.0,10.615,1,2,0.5,1,1,1.0,0,0,0.0,0,0,0,2,1,0,0,0,2,0,3,-1,5.0,0,0,6.0,178,147,5,147,166,158,168,41,83,114,1,162,165,162,159,175,178,126,145,151,126,1,24,173,162,80,172,49,2,165,1,151,148,8,20.0,0.112,63,2.0,83.0,154,155,0.103,158,-13.6,162,57,100.0,86.4,79.13,27,0.0,22,100.0,-16.6,63,0.286,148,94.96,20.0,165,0.049,2.0,86.4,6,154,63,40.0,1.0,0.0,0.0,173,63,0.75,94.96,21,4,132,162,0.75,162,29,97.13,99.6,174,174,131,-13.6,0.0,,1.0,,,0.0,1.0,,0.0,,1.0,0.0,0.0,1.0,,,0,0.0,,,,,0,,0.0,1.0,,0.0,0.0,0.0,0.0,0.0,,1.0,0.0,1.0,,,,,,0.0,,0.0,0,ORL,0.0,,0,1.0,0.0,0.0,Duke,190,1,76,11,USA,2006,2007
2747,JR Smith,JR,1610612743,DEN,21.0,4,1,3,0.25,46.94833333333333,6,22,0.273,0,12,0.0,6,6,1.0,1,8,9,2,3,4,1,2,6,4,18,-28,43.8,0,0,39.0,127,120,39,129,142,129,118,158,97,65,97,97,110,1,138,113,126,126,120,85,98,89,51,126,127,161,128,49,2,129,1,73,88,156,10.1,0.245,164,0.67,78.1,180,29,0.235,33,-34.6,174,162,113.3,78.7,78.38,119,0.178,94,113.3,-36.8,74,0.105,118,94.06,10.3,37,0.066,5.5,78.7,162,180,74,6.9,1.5,0.082,0.015,177,164,0.273,94.06,82,138,110,183,0.365,174,65,93.84,114.9,93,87,116,-34.6,0.0,0.0,0.0,0.0,,0.0,9.0,0.0,0.0,1.0,2.0,0.0,0.0,0.0,1.0,2.0,6,0.667,,,0.0,0.0,9,0.0,0.0,0.0,,0.0,0.0,0.0,0.0,0.0,,6.0,0.667,1.0,,,,,,6.0,,0.0,6,DEN,0.0,,9,0.0,0.0,0.0,None,220,1,78,18,USA,2004,2007
1521,Jacque Vaughn,Jacque,1610612759,SAS,32.0,20,16,4,0.8,207.69833333333332,20,50,0.4,0,0,0.0,3,6,0.5,1,8,9,28,11,4,0,2,24,7,43,-14,96.8,0,0,88.0,1,1,52,5,70,83,76,105,97,130,97,123,110,133,138,113,126,31,69,85,126,89,138,105,91,126,92,49,2,96,1,147,136,148,12.0,0.147,35,2.55,100.0,78,151,0.141,129,0.8,132,31,95.3,96.2,76.84,13,0.037,390,95.3,3.3,101,0.239,146,92.21,12.0,131,0.028,2.5,96.2,131,78,101,30.4,1.0,0.021,0.005,104,35,0.4,92.21,28,15,150,49,0.408,132,134,89.81,96.7,111,112,131,0.8,18.0,0.0,0.0,0.0,,1.0,0.0,0.0,0.439,0.0,41.0,0.25,4.0,0.0,0.0,0.0,1,0.2,,,0.0,0.0,5,0.0,0.5,0.0,,6.0,3.0,5.0,0.0,0.423,0.0,0.0,0.167,26.0,,,0.0,,,10.0,,11.0,1,SAS,2.0,0.0,6,0.0,0.0,0.5,Kansas,190,1,73,27,USA,1997,2007
2054,Jake Tsakalidis,Jake,1610612745,HOU,28.0,1,0,1,0.0,2.816666666666667,0,0,0.0,0,0,0.0,2,2,1.0,1,3,4,0,0,0,0,0,0,1,2,10,6.8,0,0,6.0,178,147,5,147,185,172,182,172,97,130,97,137,143,1,138,147,150,165,160,151,126,1,1,151,165,41,164,49,2,165,1,151,182,1,0.0,0.096,2,0.0,193.5,1,155,0.111,173,171.4,1,4,28.6,200.0,92.31,152,0.0,6,28.6,153.5,6,0.0,148,110.77,0.0,155,0.458,0.0,200.0,172,1,6,0.0,0.0,0.0,0.0,1,2,0.0,110.77,165,165,3,1,1.136,1,49,95.43,40.0,1,1,172,171.4,0.0,,,,,0.0,,,0.0,,0.0,0.0,0.0,,,,0,0.0,,,,,0,,,,,0.0,0.0,,0.0,0.0,,,0.0,0.0,,,,,,,,0.0,0,HOU,0.0,,0,,0.0,0.0,None,290,1,86,25,Greece,2000,2007
147,Jalen Rose,Jalen,1610612756,PHX,34.0,1,1,0,1.0,8.866666666666667,1,4,0.25,0,1,0.0,0,0,0.0,0,1,1,2,0,0,0,0,2,0,2,-3,6.2,0,0,5.0,178,120,1,1,171,158,159,159,97,114,97,162,165,162,159,164,166,126,160,151,126,1,24,173,165,94,166,49,2,169,1,151,105,174,0.0,0.215,187,0.0,121.5,177,155,0.2,57,-27.9,9,186,146.7,118.8,69.92,152,0.0,16,146.7,-26.4,189,0.333,148,83.91,0.0,64,0.0,4.0,118.8,165,177,189,33.3,1.0,0.0,0.0,7,187,0.25,83.91,14,10,162,175,0.25,9,183,82.61,147.8,1,1,131,-27.9,1.0,0.0,0.0,,,0.0,0.0,0.0,0.333,,3.0,0.0,0.0,0.0,1.0,1.0,0,0.0,,,0.0,0.0,0,,0.0,0.0,,1.0,0.0,0.0,0.0,1.0,,0.0,0.0,1.0,,,,,,2.0,,1.0,0,PHX,0.0,,0,0.0,0.0,0.0,Michigan,215,1,80,13,USA,1994,2007
2749,Jameer Nelson,Jameer,1610612753,ORL,25.0,4,0,4,0.0,129.075,21,50,0.42,5,14,0.357,10,11,0.909,4,8,12,13,9,3,0,2,19,8,57,-28,90.9,0,0,93.0,127,147,52,147,104,81,76,91,57,62,42,78,88,30,93,113,114,69,81,95,126,89,118,97,82,161,95,49,2,90,1,113,32,96,11.7,0.236,176,1.44,102.6,147,125,0.228,42,-12.0,59,171,116.7,104.7,72.21,55,0.072,233,116.7,-15.6,178,0.169,85,86.65,12.0,42,0.061,12.5,104.7,95,147,178,17.3,5.3,0.052,0.033,75,176,0.47,86.65,46,57,119,157,0.52,59,164,87.06,118.1,112,110,38,-12.0,7.0,3.0,0.222,0.667,,2.0,9.0,1.0,0.35,3.0,20.0,1.0,2.0,2.0,2.0,5.0,7,0.5,,,0.6,0.5,14,2.0,0.615,0.25,,4.0,1.0,8.0,1.0,0.222,0.0,8.0,0.5,9.0,,,0.0,,,13.0,,2.0,7,ORL,2.0,0.0,14,2.0,0.5,0.25,St. Joseph's (PA),190,1,72,20,USA,2004,2007
2592,James Jones,James,1610612756,PHX,26.0,11,6,5,0.545,170.80333333333334,19,36,0.528,8,18,0.444,9,11,0.818,3,12,15,3,4,2,2,0,11,12,55,-1,85.5,0,0,89.0,48,38,140,57,83,86,94,28,42,52,16,81,88,58,106,102,108,117,110,106,73,1,81,86,84,80,99,49,2,95,1,122,120,15,8.4,0.118,149,0.75,108.4,90,123,0.116,149,-0.9,23,141,109.6,108.7,80.79,113,0.074,346,109.6,-0.7,41,0.024,110,96.95,8.3,148,0.067,3.3,108.7,15,90,41,6.3,1.7,0.046,0.019,23,149,0.639,96.95,154,143,108,80,0.673,23,27,97.35,109.0,63,63,106,-0.9,8.0,3.0,0.333,1.0,0.0,1.0,15.0,2.0,0.533,1.0,15.0,1.0,1.0,5.0,2.0,3.0,2,1.0,0.0,0.0,1.0,1.0,2,1.0,0.5,0.385,0.0,1.0,1.0,6.0,0.0,0.625,0.0,13.0,1.0,8.0,0.0,,0.0,0.0,,12.0,,5.0,2,PHX,0.0,0.0,2,5.0,0.0,1.0,Miami,220,2,80,49,USA,2003,2007
1899,James Posey,James,1610612748,MIA,30.0,4,0,4,0.0,138.53333333333333,10,26,0.385,6,19,0.316,5,5,1.0,1,30,31,6,5,8,5,0,18,7,31,-6,111.2,0,0,100.0,127,147,52,147,98,111,110,118,53,47,63,103,122,1,138,56,73,92,106,51,36,1,115,105,106,99,87,49,2,88,1,36,79,71,12.8,0.113,102,1.2,100.8,92,10,0.105,154,-1.1,81,80,103.4,102.3,76.95,68,0.226,265,103.4,-1.0,100,0.065,142,92.34,13.5,162,0.099,6.5,102.3,67,92,100,16.2,2.5,0.117,0.008,99,102,0.5,92.34,115,63,70,85,0.55,81,66,93.7,101.8,133,121,83,-1.1,1.0,2.0,0.4,0.4,0.0,0.0,10.0,0.0,0.333,5.0,3.0,0.0,1.0,4.0,4.0,9.0,3,1.0,0.0,0.0,0.222,0.0,3,2.0,0.294,0.333,0.0,0.0,0.0,5.0,0.0,1.0,0.0,3.0,1.0,1.0,0.0,,1.0,0.0,,17.0,,1.0,3,MIA,1.0,0.0,3,1.0,0.0,0.0,Xavier,217,1,80,18,USA,1999,2007
2260,Jarron Collins,Jarron,1610612762,UTA,28.0,13,6,7,0.462,109.61666666666666,3,9,0.333,0,0,0.0,9,17,0.529,8,12,20,5,1,4,0,4,21,13,15,10,57.5,0,0,48.0,36,38,175,87,113,145,143,141,97,130,97,81,75,128,66,102,94,103,145,85,126,131,124,84,134,41,117,49,2,120,1,58,172,133,4.4,0.073,26,5.0,99.3,26,74,0.073,180,7.9,85,87,94.0,101.9,77.54,3,0.118,209,94.0,-3.4,91,0.068,42,93.05,4.3,179,0.014,0.7,101.9,151,26,91,21.7,0.2,0.094,0.073,109,26,0.333,93.05,112,38,159,99,0.455,85,129,90.21,102.8,34,34,168,7.9,2.0,0.0,0.0,0.0,0.0,1.0,0.0,0.0,0.5,0.0,4.0,1.0,1.0,0.0,0.0,0.0,0,0.0,0.0,0.0,0.0,0.0,4,0.0,0.0,0.0,0.0,0.0,0.0,0.0,1.0,0.5,,0.0,0.0,4.0,0.0,0.0,,0.0,0.0,0.0,0.0,2.0,0,UTA,1.0,,4,0.0,1.0,0.0,Stanford,248,2,83,52,USA,2001,2007
2553,Jarvis Hayes,Jarvis,1610612764,WAS,25.0,4,0,4,0.0,138.775,15,46,0.326,7,19,0.368,6,7,0.857,4,10,14,4,0,2,1,3,12,6,43,-16,74.8,0,0,74.0,127,147,52,147,97,94,80,150,47,47,40,97,106,41,93,111,109,111,160,106,98,116,86,112,91,129,105,49,2,106,1,117,40,142,0.0,0.168,123,0.0,101.9,102,119,0.167,102,-4.1,88,125,105.6,101.5,76.81,152,0.075,264,105.6,-4.9,103,0.048,94,92.18,0.0,99,0.039,11.5,101.5,129,102,103,7.5,3.8,0.049,0.027,80,123,0.402,92.18,134,134,141,109,0.438,88,94,91.42,106.9,1,1,59,-4.1,5.0,4.0,0.25,0.6,0.0,2.0,12.0,1.0,0.333,5.0,15.0,0.286,7.0,3.0,2.0,7.0,1,0.2,0.0,0.0,0.571,0.5,5,3.0,0.444,0.25,0.0,2.0,0.0,8.0,2.0,0.333,,4.0,0.2,9.0,0.0,0.0,,0.0,0.0,18.0,0.0,3.0,1,WAS,8.0,,5,1.0,0.25,0.0,Georgia,228,1,80,10,USA,2003,2007
2215,Jason Collins,Jason,1610612751,NJN,28.0,12,6,6,0.5,328.855,12,21,0.571,0,0,0.0,4,11,0.364,16,24,40,2,16,7,3,4,45,25,28,27,93.0,0,0,90.0,38,38,148,70,44,101,119,19,97,130,97,112,88,157,35,68,57,126,50,55,61,131,172,48,112,27,94,49,2,93,1,92,154,75,36.5,0.061,29,0.13,98.5,40,115,0.062,184,5.0,109,17,94.3,99.3,74.44,149,0.076,610,94.3,4.7,150,0.009,68,89.33,35.6,184,-0.007,1.8,99.3,29,40,150,4.4,1.0,0.063,0.051,117,29,0.571,89.33,164,155,172,43,0.542,109,131,89.97,93.8,188,188,131,5.0,2.0,0.0,0.0,0.0,0.0,0.0,0.0,0.0,0.5,0.0,4.0,0.0,1.0,0.0,0.0,0.0,10,0.625,0.0,0.0,0.0,0.0,16,0.0,0.0,0.0,0.0,0.0,0.0,0.0,0.0,0.5,,0.0,0.625,4.0,0.0,0.0,,0.0,0.0,0.0,0.0,2.0,10,NJN,1.0,,16,0.0,0.0,0.0,Stanford,260,1,84,18,USA,2001,2007
2574,Jason Kapono,Jason,1610612748,MIA,26.0,4,0,4,0.0,76.925,8,17,0.471,2,4,0.5,2,2,1.0,0,5,5,2,1,2,0,1,9,3,20,-24,34.0,0,0,33.0,127,147,52,147,126,118,125,68,78,92,5,137,143,1,159,134,146,126,145,106,126,60,69,135,123,148,133,49,2,132,1,136,101,61,4.8,0.113,136,2.0,86.7,163,116,0.113,156,-17.3,158,129,107.4,90.1,78.0,27,0.076,151,107.4,-20.8,78,0.05,148,93.6,4.8,152,0.05,4.3,90.1,46,163,78,9.5,2.0,0.036,0.0,167,136,0.529,93.6,132,115,130,167,0.559,158,51,95.34,107.5,36,36,96,-17.3,5.0,1.0,0.333,0.0,,0.0,3.0,1.0,0.5,0.0,10.0,0.0,1.0,1.0,1.0,1.0,1,0.5,,,1.0,1.0,2,0.0,0.5,0.0,,2.0,2.0,4.0,0.0,0.333,0.0,1.0,0.333,3.0,,,0.0,,,8.0,,1.0,1,MIA,0.0,0.0,3,0.0,0.0,1.0,UCLA,215,2,80,31,USA,2003,2007
467,Jason Kidd,Jason,1610612751,NJN,34.0,12,6,6,0.5,483.9433333333333,64,148,0.432,34,81,0.42,13,25,0.52,23,108,131,131,41,22,5,5,31,16,175,64,568.7,9,2,525.0,38,38,148,70,21,26,28,84,4,5,22,70,58,132,23,6,7,4,10,8,36,142,152,76,29,14,7,4,1,7,1,17,36,70,12.4,0.197,41,3.2,101.3,32,9,0.197,73,6.3,77,27,96.6,102.9,74.93,10,0.231,910,96.6,5.0,137,0.48,66,89.91,12.3,67,0.202,12.3,102.9,38,32,137,39.5,5.3,0.143,0.051,90,41,0.547,89.91,6,6,7,39,0.55,77,110,90.74,96.3,115,115,37,6.3,13.0,9.0,0.417,0.5,0.0,2.0,60.0,4.0,0.394,10.0,33.0,1.0,2.0,25.0,11.0,21.0,15,0.469,0.0,0.0,0.429,0.364,32,5.0,0.449,0.35,1.0,6.0,1.0,31.0,1.0,0.529,0.0,20.0,0.469,17.0,0.0,1.0,1.0,0.0,0.0,69.0,0.0,9.0,15,NJN,1.0,0.0,32,7.0,1.0,0.167,California,210,1,76,2,USA,1994,2007
101131,Jason Maxiell,Jason,1610612765,DET,24.0,14,8,6,0.571,146.435,22,33,0.667,0,1,0.0,12,23,0.522,11,22,33,2,7,4,9,1,21,18,56,-7,130.6,0,0,117.0,35,34,148,54,91,79,102,9,97,114,97,73,62,131,53,71,68,126,91,85,17,60,124,67,83,102,82,49,2,84,1,35,142,18,13.4,0.167,57,0.29,102.5,79,45,0.159,105,0.7,106,75,99.0,99.6,77.17,144,0.151,278,99.0,1.0,98,0.029,35,92.6,13.5,111,0.116,2.4,99.6,10,79,98,3.8,1.6,0.118,0.083,76,57,0.667,92.6,150,158,48,63,0.649,106,130,90.12,101.5,132,133,113,0.7,6.0,0.0,0.0,0.0,0.0,0.0,1.0,0.0,0.545,0.0,11.0,0.0,4.0,0.0,0.0,0.0,16,0.941,0.0,0.0,0.0,0.0,17,0.0,0.0,0.0,1.0,6.0,5.0,0.0,0.0,0.167,,0.0,0.941,6.0,0.0,0.0,,0.0,0.0,0.0,0.0,1.0,16,DET,3.0,,17,0.0,0.0,0.833,Cincinnati,260,1,79,26,USA,2005,2007
2202,Jason Richardson,Jason,1610612744,GSW,26.0,11,5,6,0.455,427.96166666666664,81,170,0.476,29,82,0.354,19,27,0.704,24,50,74,22,24,14,5,7,38,26,210,10,364.8,2,0,373.0,48,66,148,88,29,17,20,64,6,4,45,50,53,99,22,28,24,43,24,22,36,154,161,43,20,41,25,27,2,24,1,66,21,41,10.5,0.213,143,0.92,110.7,62,73,0.209,59,1.8,18,130,108.6,110.4,81.18,105,0.118,866,108.6,3.1,37,0.087,61,97.41,10.5,55,0.106,15.5,110.4,31,62,37,9.6,7.4,0.086,0.055,19,143,0.562,97.41,98,114,61,51,0.577,18,22,97.74,107.6,94,94,19,1.8,20.0,10.0,0.345,0.333,0.0,5.0,55.0,5.0,0.476,15.0,42.0,0.556,9.0,19.0,12.0,27.0,27,0.73,0.0,0.0,0.37,0.417,37,5.0,0.4,0.31,0.0,18.0,10.0,24.0,1.0,0.45,0.0,29.0,0.7,20.0,0.0,,0.0,0.0,,60.0,,9.0,28,GSW,3.0,0.0,40,9.0,0.333,0.556,Michigan State,225,1,78,5,USA,2001,2007
1891,Jason Terry,Jason,1610612742,DAL,29.0,6,2,4,0.333,229.185,39,92,0.424,9,32,0.281,15,18,0.833,3,11,14,22,17,5,2,4,12,16,102,-29,155.8,0,0,161.0,87,93,52,108,61,51,49,89,38,35,72,61,71,50,106,107,109,43,45,69,73,131,86,76,53,163,70,49,2,64,1,145,22,102,12.2,0.222,153,1.29,102.9,122,146,0.218,47,-7.1,66,150,111.0,103.9,79.32,63,0.05,456,111.0,-8.5,57,0.171,132,95.19,12.2,48,0.078,15.3,103.9,94,122,57,15.8,6.5,0.031,0.013,70,153,0.473,95.19,45,65,91,125,0.51,66,48,95.55,111.4,114,114,25,-7.1,12.0,2.0,0.304,0.167,1.0,6.0,23.0,1.0,0.4,6.0,30.0,0.667,9.0,7.0,2.0,8.0,12,0.571,0.0,0.0,0.25,0.5,21,1.0,0.2,0.429,1.0,10.0,5.0,4.0,3.0,0.389,0.0,14.0,0.609,18.0,0.0,,0.0,0.0,,20.0,,7.0,14,DAL,6.0,0.0,23,6.0,0.5,0.5,Arizona,180,1,74,10,USA,1999,2007
1715,Jason Williams,Jason,1610612748,MIA,31.0,4,0,4,0.0,111.60833333333333,7,28,0.25,5,17,0.294,4,5,0.8,0,8,8,14,3,5,1,2,5,4,23,-23,68.6,0,0,62.0,127,147,52,147,112,123,108,159,57,56,70,112,122,64,159,113,133,62,120,69,98,89,48,126,119,144,112,49,2,112,1,133,76,153,6.4,0.142,150,4.67,99.1,146,107,0.138,134,-12.0,119,142,110.1,98.2,78.31,5,0.082,220,110.1,-10.1,75,0.192,148,93.97,6.4,133,0.057,7.0,98.2,150,146,75,29.8,1.8,0.039,0.0,111,150,0.339,93.97,38,17,124,136,0.381,119,61,93.93,109.2,48,48,102,-12.0,1.0,1.0,0.267,0.5,,0.0,15.0,0.0,0.167,2.0,6.0,0.0,1.0,4.0,0.0,2.0,1,0.25,,,0.5,0.0,4,1.0,0.273,0.286,,2.0,0.0,3.0,0.0,0.333,,7.0,0.25,3.0,,,,,,11.0,,1.0,1,MIA,1.0,,4,2.0,0.0,0.0,Florida,180,1,73,7,USA,1998,2007
711,Jerry Stackhouse,Jerry,1610612742,DAL,32.0,6,2,4,0.333,168.55,23,66,0.348,11,31,0.355,29,33,0.879,5,17,22,15,18,4,1,5,9,18,86,-27,131.9,0,0,144.0,87,93,52,108,84,75,65,137,36,37,44,35,41,37,82,85,88,58,43,85,98,142,69,67,63,159,80,49,2,73,1,93,44,86,15.9,0.249,160,0.83,104.0,131,88,0.245,30,-9.2,76,156,112.1,102.9,80.93,111,0.104,343,112.1,-8.5,40,0.158,93,97.11,15.7,28,0.096,11.0,102.9,120,131,40,13.0,3.8,0.063,0.027,58,160,0.432,97.11,48,80,74,126,0.534,76,38,96.38,112.6,155,157,56,-9.2,4.0,7.0,0.267,0.583,0.0,2.0,15.0,0.0,0.2,12.0,20.0,0.5,4.0,4.0,4.0,16.0,6,0.545,0.0,0.0,0.438,0.0,11,7.0,0.333,0.182,0.0,6.0,3.0,8.0,1.0,0.182,1.0,11.0,0.545,11.0,0.0,,1.0,0.0,,24.0,,2.0,6,DAL,2.0,1.0,11,2.0,0.5,0.5,North Carolina,218,1,78,3,USA,1995,2007
101121,Joey Graham,Joey,1610612761,TOR,25.0,6,2,4,0.333,109.28833333333333,6,21,0.286,0,1,0.0,4,5,0.8,1,19,20,2,6,4,0,2,12,10,16,-10,49.0,0,0,46.0,87,93,52,108,115,129,119,156,97,114,97,112,122,64,138,81,94,126,103,85,126,89,86,90,133,111,125,49,2,124,1,54,113,165,19.2,0.131,59,0.33,97.5,101,22,0.126,143,-3.8,140,82,99.1,95.3,77.96,135,0.186,212,99.1,-4.5,79,0.029,138,93.55,19.4,143,0.023,3.5,95.3,160,101,79,6.5,1.0,0.098,0.01,130,59,0.286,93.55,150,142,154,104,0.345,140,101,91.17,101.9,172,172,131,-3.8,2.0,0.0,0.0,0.0,0.0,0.0,1.0,0.0,0.167,0.0,12.0,0.0,2.0,0.0,0.0,0.0,4,0.667,0.0,0.0,0.0,0.0,6,0.0,0.25,0.0,0.0,2.0,1.0,1.0,0.0,0.0,,1.0,0.667,5.0,0.0,,,0.0,,4.0,,0.0,4,TOR,3.0,,6,0.0,0.0,0.5,Oklahoma State,225,1,79,16,USA,2005,2007
101249,John Lucas III,John,1610612745,HOU,24.0,2,0,2,0.0,8.303333333333333,0,1,0.0,0,1,0.0,0,0,0.0,0,0,0,0,2,1,0,1,0,0,0,2,1.0,0,0,2.0,170,147,23,147,172,172,177,172,97,114,97,162,165,162,159,175,178,165,131,126,126,60,1,173,181,59,184,49,2,181,1,151,175,181,66.7,0.165,13,0.0,105.3,8,155,0.167,110,24.3,40,54,82.4,106.7,77.08,152,0.0,15,82.4,5.8,99,0.0,148,92.49,66.7,99,-0.118,0.5,106.7,172,8,99,0.0,0.0,0.0,0.0,44,13,0.0,92.49,165,165,187,33,0.0,40,179,84.63,99.4,191,191,172,24.3,0.0,0.0,,0.0,1.0,0.0,,,0.0,0.0,0.0,0.0,0.0,,,0.0,0,0.0,0.0,0.0,0.0,,0,0.0,0.0,,1.0,0.0,0.0,0.0,0.0,0.0,,,0.0,0.0,0.0,,,0.0,,0.0,,0.0,0,HOU,0.0,,0,,0.0,0.0,Oklahoma State,165,Undrafted,71,Undrafted,USA,Undrafted,2007
200770,Jordan Farmar,Jordan,1610612747,LAL,20.0,5,1,4,0.2,114.42,12,28,0.429,2,10,0.2,6,7,0.857,1,13,14,8,5,6,1,0,9,6,32,-25,76.8,0,0,70.0,107,120,52,131,111,101,108,86,78,71,86,97,106,41,138,97,109,82,106,63,98,1,69,112,102,151,104,49,2,107,1,90,87,101,11.3,0.139,172,1.6,103.9,144,63,0.137,138,-10.6,51,164,116.0,105.4,78.48,49,0.131,224,116.0,-11.1,72,0.101,141,94.18,11.4,134,0.07,5.6,105.4,97,144,72,18.2,2.4,0.064,0.008,59,172,0.464,94.18,87,55,101,143,0.515,51,52,95.28,115.0,101,102,90,-10.6,2.0,2.0,0.0,1.0,,2.0,8.0,1.0,0.333,1.0,6.0,0.4,5.0,0.0,1.0,2.0,6,0.857,,,1.0,1.0,7,1.0,0.667,0.0,,1.0,0.0,2.0,2.0,0.333,,7.0,0.857,6.0,,,,,,3.0,,2.0,6,LAL,4.0,,7,0.0,0.5,0.0,UCLA,180,1,74,26,USA,2006,2007
101181,Jose Calderon,Jose,1610612761,TOR,25.0,6,2,4,0.333,145.54333333333332,35,69,0.507,3,12,0.25,5,6,0.833,2,8,10,32,15,5,0,3,12,6,78,-9,138.0,0,0,133.0,87,93,52,108,92,59,62,40,66,65,77,103,110,50,120,113,121,23,51,69,126,116,86,112,67,109,79,49,2,78,1,135,40,74,12.6,0.298,121,2.13,101.1,99,138,0.294,14,-3.3,83,104,105.5,102.2,75.03,24,0.06,273,105.5,-3.3,133,0.451,116,90.04,12.7,14,0.134,11.5,102.2,47,99,133,27.1,5.8,0.038,0.016,91,121,0.529,90.04,7,25,30,98,0.544,83,106,90.94,104.5,119,117,32,-3.3,21.0,1.0,0.222,1.0,0.0,0.0,9.0,0.0,0.568,1.0,37.0,0.0,0.0,2.0,2.0,3.0,11,0.55,0.0,0.0,0.333,0.0,20,1.0,0.4,0.0,0.0,3.0,2.0,8.0,0.0,0.56,,1.0,0.55,25.0,0.0,0.0,,0.0,0.0,20.0,0.0,14.0,11,TOR,0.0,,20,0.0,0.0,0.667,None,210,Undrafted,75,Undrafted,Spain,Undrafted,2007
200767,Josh Boone,Josh,1610612751,NJN,22.0,12,6,6,0.5,117.84333333333333,12,24,0.5,0,0,0.0,12,24,0.5,7,12,19,3,3,1,3,6,16,20,36,-29,72.3,0,0,66.0,38,38,148,70,109,101,117,41,97,130,97,73,59,133,70,102,96,117,120,126,61,147,108,62,98,163,107,49,2,109,1,64,148,94,7.4,0.157,94,1.0,97.0,129,81,0.153,119,-9.1,149,133,103.0,93.9,79.09,82,0.111,229,103.0,-10.7,66,0.045,50,94.91,7.3,118,0.038,2.0,93.9,67,129,66,7.3,1.0,0.089,0.066,135,94,0.5,94.91,137,135,143,142,0.521,149,97,91.3,107.7,52,52,131,-9.1,0.0,0.0,0.0,0.0,0.0,0.0,0.0,0.0,0.0,0.0,0.0,0.0,1.0,0.0,0.0,0.0,12,0.522,0.0,0.0,0.0,0.0,23,0.0,0.0,0.0,0.0,0.0,0.0,0.0,0.0,0.0,0.0,0.0,0.522,0.0,0.0,,0.0,0.0,,0.0,,0.0,12,NJN,1.0,0.0,23,0.0,0.0,0.0,Connecticut,245,1,82,23,USA,2006,2007
2572,Josh Howard,Josh,1610612742,DAL,27.0,6,2,4,0.333,248.44666666666666,51,99,0.515,7,18,0.389,19,27,0.704,15,44,59,17,12,13,5,2,22,24,128,-11,266.3,3,0,247.0,87,93,52,108,54,36,44,37,47,52,31,50,53,99,41,36,39,54,65,25,36,89,129,50,40,114,44,18,2,44,1,34,17,42,8.6,0.217,146,1.42,105.0,97,26,0.214,53,-2.7,43,140,108.8,106.1,78.41,56,0.184,488,108.8,-4.0,73,0.13,57,94.09,8.6,50,0.153,16.5,106.1,35,97,73,12.1,8.5,0.119,0.059,50,146,0.551,94.09,62,91,19,102,0.577,43,55,94.59,108.9,64,64,11,-2.7,14.0,0.0,0.412,0.0,0.0,10.0,17.0,0.0,0.389,0.0,36.0,0.588,17.0,7.0,1.0,1.0,20,0.714,0.0,0.0,0.0,0.0,28,0.0,0.308,0.4,0.0,8.0,5.0,4.0,5.0,0.444,0.0,10.0,0.677,27.0,0.0,,0.0,0.0,,13.0,,12.0,21,DAL,10.0,0.0,31,4.0,0.5,0.625,Wake Forest,210,1,79,29,USA,2003,2007
2694,Josh Powell,Josh,1610612744,GSW,24.0,4,3,1,0.75,5.84,0,0,0.0,0,0,0.0,1,2,0.5,1,0,1,0,0,0,1,0,0,1,1,-1,5.2,0,0,4.0,127,80,5,15,177,172,182,172,97,130,97,150,143,133,138,175,166,165,160,151,98,1,1,151,177,80,171,49,2,173,1,151,182,53,0.0,0.07,25,0.0,94.5,125,155,0.067,182,-7.7,167,126,92.3,84.6,89.04,152,0.0,13,92.3,-12.6,10,0.0,148,106.85,0.0,182,0.071,0.0,84.6,172,125,10,0.0,0.0,0.0,0.0,149,25,0.0,106.85,165,165,99,150,0.568,167,62,93.86,107.1,1,1,172,-7.7,0.0,0.0,0.0,0.0,,0.0,0.0,0.0,0.0,0.0,0.0,0.0,0.0,0.0,0.0,0.0,0,0.0,,,0.0,0.0,0,0.0,0.0,0.0,,,,0.0,0.0,0.0,,0.0,0.0,0.0,,,,,,0.0,,0.0,0,GSW,0.0,,0,0.0,0.0,,North Carolina State,225,Undrafted,81,Undrafted,USA,Undrafted,2007
2413,Juan Dixon,Juan,1610612761,TOR,28.0,6,2,4,0.333,62.81666666666667,8,21,0.381,2,8,0.25,0,0,0.0,0,4,4,3,10,7,0,1,6,0,18,-22,38.3,0,0,41.0,87,93,52,108,132,118,119,122,78,78,77,162,165,162,159,138,150,117,71,55,126,60,51,173,127,141,130,49,2,127,1,143,113,144,29.4,0.227,73,0.3,84.4,166,133,0.221,45,-17.8,170,65,100.8,82.9,81.83,143,0.063,129,100.8,-16.1,30,0.111,148,98.19,29.4,45,0.018,3.5,82.9,122,166,30,8.8,1.3,0.031,0.0,170,73,0.429,98.19,77,121,157,160,0.429,170,25,97.47,100.5,187,187,121,-17.8,3.0,1.0,0.167,0.5,0.0,2.0,6.0,0.0,0.333,2.0,9.0,1.0,2.0,1.0,0.0,2.0,1,0.5,0.0,0.0,0.5,0.0,2,1.0,0.3,0.0,0.0,0.0,0.0,3.0,2.0,0.4,,2.0,0.5,5.0,0.0,,,0.0,,10.0,,2.0,1,TOR,2.0,,2,0.0,1.0,0.0,Maryland,164,1,75,17,USA,2002,2007
436,Juwan Howard,Juwan,1610612745,HOU,34.0,7,3,4,0.429,156.85333333333332,14,35,0.4,0,0,0.0,7,11,0.636,10,21,31,7,4,5,0,3,10,8,35,-2,93.7,0,0,83.0,79,80,52,97,89,98,100,105,97,130,97,91,88,116,57,74,73,87,110,69,126,116,76,97,101,87,93,49,2,99,1,50,93,141,7.9,0.139,72,1.75,101.1,91,65,0.135,137,-1.1,105,53,100.7,99.6,72.55,43,0.13,285,100.7,1.7,175,0.086,48,87.06,7.8,138,0.076,5.0,99.6,131,91,175,13.7,2.0,0.1,0.067,94,72,0.4,87.06,99,78,93,59,0.439,105,165,87.04,99.4,55,56,96,-1.1,5.0,0.0,0.0,0.0,0.0,3.0,0.0,0.0,0.294,0.0,17.0,0.375,8.0,0.0,0.0,0.0,6,0.6,0.0,0.0,0.0,0.0,10,0.0,1.0,0.0,0.0,5.0,2.0,1.0,2.0,0.231,0.0,0.0,0.545,13.0,0.0,0.0,0.0,0.0,0.0,1.0,0.0,3.0,6,HOU,5.0,0.0,11,0.0,0.4,0.4,Michigan,250,1,81,5,USA,1994,2007
101235,Kelenna Azubuike,Kelenna,1610612744,GSW,23.0,6,3,3,0.5,15.048333333333334,1,3,0.333,0,1,0.0,2,2,1.0,1,3,4,0,0,1,0,0,1,1,4,1,11.8,0,0,10.0,87,80,39,70,163,158,161,141,97,114,97,137,143,1,138,147,150,165,160,126,126,1,16,151,158,64,159,49,2,161,1,151,175,99,0.0,0.123,11,0.0,94.6,14,155,0.111,146,11.9,166,11,73.0,84.8,93.03,152,0.0,33,73.0,6.7,5,0.0,43,111.64,0.0,155,0.193,0.5,84.8,151,14,5,0.0,0.2,0.0,0.071,148,11,0.333,111.64,165,165,8,27,0.515,166,41,96.2,87.9,1,1,170,11.9,0.0,0.0,0.0,0.0,,0.0,1.0,0.0,0.0,0.0,1.0,0.0,0.0,0.0,0.0,0.0,1,1.0,,,0.0,0.0,1,0.0,0.0,0.0,,0.0,0.0,0.0,0.0,0.0,,0.0,1.0,1.0,,,,,,1.0,,0.0,1,GSW,0.0,,1,0.0,0.0,0.0,Kentucky,220,Undrafted,77,Undrafted,United Kingdom,Undrafted,2007
2039,Keyon Dooling,Keyon,1610612753,ORL,27.0,4,0,4,0.0,65.30333333333333,12,25,0.48,1,3,0.333,4,6,0.667,1,6,7,5,2,2,1,1,7,7,29,-12,51.9,0,0,48.0,127,147,52,147,131,101,114,59,83,99,52,112,110,107,138,131,137,103,131,106,98,60,57,105,110,119,121,49,2,120,1,107,80,91,5.8,0.218,99,2.5,94.1,127,101,0.201,49,-9.0,148,123,103.3,94.3,75.03,14,0.09,122,103.3,-12.5,132,0.152,114,90.04,6.1,63,0.116,6.3,94.3,67,127,132,15.2,3.0,0.056,0.017,151,99,0.5,90.04,51,70,49,149,0.525,148,142,88.64,106.7,46,44,76,-9.0,4.0,1.0,0.0,0.0,,0.0,0.0,1.0,0.333,0.0,12.0,0.0,0.0,0.0,3.0,3.0,7,0.7,,,0.333,0.333,10,0.0,0.167,0.0,,0.0,0.0,1.0,0.0,0.444,0.0,0.0,0.7,9.0,,0.0,0.0,,0.0,6.0,0.0,4.0,7,ORL,0.0,0.0,10,0.0,0.0,0.0,Missouri,195,1,75,10,USA,2000,2007
2550,Kirk Hinrich,Kirk,1610612741,CHI,26.0,10,6,4,0.6,361.5783333333333,44,117,0.376,13,43,0.302,20,26,0.769,4,38,42,75,23,9,3,7,37,32,121,1,296.9,4,0,275.0,63,38,52,35,38,45,37,126,30,26,68,49,56,78,93,44,52,7,26,45,61,154,159,35,43,64,36,13,2,37,1,100,39,126,10.2,0.193,101,3.26,102.7,67,87,0.192,76,1.5,56,86,103.3,104.9,75.61,9,0.104,679,103.3,0.2,125,0.368,135,90.74,10.1,71,0.104,11.7,104.9,121,67,125,33.0,4.4,0.058,0.011,72,101,0.432,90.74,12,13,66,72,0.471,56,81,92.06,102.5,87,90,49,1.5,20.0,3.0,0.27,0.4,0.0,3.0,37.0,1.0,0.435,5.0,46.0,0.273,11.0,10.0,1.0,6.0,8,0.471,0.0,0.0,0.5,1.0,17,2.0,0.433,0.269,0.0,12.0,6.0,13.0,0.0,0.385,,26.0,0.444,26.0,0.0,1.0,,0.0,0.0,30.0,0.0,10.0,8,CHI,4.0,,18,7.0,0.0,0.5,Kansas,190,1,75,7,USA,2003,2007
2745,Kirk Snyder,Kirk,1610612745,HOU,24.0,3,2,1,0.667,9.166666666666666,1,3,0.333,0,2,0.0,0,0,0.0,0,1,1,0,1,0,0,0,0,0,2,-17,2.2,0,0,3.0,160,93,5,19,169,158,161,141,97,104,97,162,165,162,159,164,166,165,145,151,126,1,1,173,165,132,180,49,2,176,1,151,162,166,25.0,0.217,188,0.0,45.3,188,155,0.211,51,-116.3,185,188,160.0,43.8,67.64,152,0.0,16,160.0,-122.3,191,0.0,148,81.16,25.0,54,0.0,1.0,43.8,151,188,191,0.0,0.3,0.0,0.0,187,188,0.333,81.16,165,165,162,188,0.333,185,186,77.92,167.6,182,182,163,-116.3,0.0,0.0,0.0,0.0,,0.0,1.0,0.0,0.0,0.0,0.0,0.0,0.0,0.0,1.0,1.0,1,1.0,,,0.0,0.0,1,0.0,0.0,0.0,0.0,0.0,0.0,0.0,0.0,0.0,,1.0,1.0,0.0,0.0,0.0,,0.0,0.0,1.0,0.0,0.0,1,HOU,0.0,,1,0.0,0.0,0.0,Nevada,225,1,78,16,USA,2004,2007
977,Kobe Bryant,Kobe,1610612747,LAL,28.0,5,1,4,0.2,214.73333333333332,60,130,0.462,10,28,0.357,34,37,0.919,1,25,26,22,22,5,2,4,10,29,164,-45,227.2,0,0,236.0,107,120,52,131,66,32,31,71,37,38,42,27,38,29,138,65,80,43,29,69,73,131,76,38,32,187,49,49,2,47,1,97,1,60,11.6,0.341,165,1.0,102.8,142,68,0.333,5,-10.0,68,149,113.7,103.7,80.1,82,0.123,429,113.7,-8.2,51,0.198,147,96.12,11.7,7,0.149,26.0,103.7,67,142,51,11.7,12.0,0.061,0.004,71,165,0.5,96.12,36,95,22,124,0.561,68,24,97.71,111.0,108,106,2,-10.0,19.0,1.0,0.346,0.0,1.0,12.0,26.0,1.0,0.388,0.0,49.0,0.5,24.0,9.0,1.0,1.0,19,0.655,0.0,0.0,1.0,1.0,29,0.0,0.467,0.375,1.0,13.0,6.0,7.0,8.0,0.355,0.0,24.0,0.655,31.0,0.0,,0.0,0.0,,15.0,,11.0,19,LAL,17.0,0.0,29,9.0,0.471,0.462,None,220,1,78,13,USA,1996,2007
2743,Kris Humphries,Kris,1610612761,TOR,22.0,6,2,4,0.333,68.90333333333334,3,9,0.333,0,0,0.0,3,8,0.375,7,10,17,1,3,1,2,1,11,7,9,2,36.9,0,0,33.0,87,93,52,108,128,145,143,141,97,130,97,123,102,156,70,111,103,144,120,126,73,60,81,105,145,59,131,49,2,132,1,25,156,158,18.2,0.11,45,0.33,97.1,66,42,0.113,161,1.6,118,44,96.9,98.4,74.89,135,0.156,129,96.9,-0.2,139,0.023,11,89.87,17.6,151,0.003,1.5,98.4,151,66,139,5.9,0.5,0.134,0.111,133,45,0.333,89.87,155,147,161,76,0.359,118,124,90.32,97.3,167,168,154,1.6,0.0,0.0,0.0,0.0,0.0,0.0,0.0,0.0,0.0,0.0,1.0,0.0,0.0,0.0,0.0,0.0,3,0.375,0.0,0.0,0.0,0.0,8,0.0,0.0,0.0,0.0,1.0,0.0,0.0,0.0,0.0,,0.0,0.375,0.0,0.0,,,0.0,,0.0,,0.0,3,TOR,0.0,,8,0.0,0.0,0.0,Minnesota,235,1,81,14,USA,2004,2007
703,Kurt Thomas,Kurt,1610612756,PHX,34.0,11,6,5,0.545,211.50166666666667,34,65,0.523,0,0,0.0,15,17,0.882,11,43,54,12,9,6,9,4,25,18,83,36,201.8,1,0,179.0,48,38,140,57,67,60,66,33,97,130,97,61,75,35,53,38,42,73,81,63,17,131,140,67,64,26,55,35,2,58,1,24,84,48,9.6,0.181,40,1.33,105.6,20,14,0.177,88,9.2,50,45,96.4,105.6,78.49,60,0.208,414,96.4,8.1,71,0.091,60,94.18,9.6,83,0.13,5.9,105.6,56,20,71,12.8,3.1,0.134,0.056,43,40,0.523,94.18,94,83,36,22,0.573,50,68,93.6,97.5,78,80,74,9.2,23.0,0.0,0.0,0.0,,3.0,0.0,0.0,0.5,0.0,46.0,0.6,5.0,0.0,0.0,0.0,8,0.571,,,0.0,0.0,14,0.0,0.0,0.0,0.0,8.0,3.0,0.0,3.0,0.513,,0.0,0.571,39.0,0.0,,,0.0,,0.0,,20.0,8,PHX,4.0,,14,0.0,0.75,0.375,TCU,235,1,81,10,USA,1995,2007
2198,Kwame Brown,Kwame,1610612747,LAL,25.0,5,1,4,0.2,132.925,19,36,0.528,0,0,0.0,5,9,0.556,13,15,28,1,9,1,4,4,16,12,43,-16,84.1,0,0,82.0,107,120,52,131,103,86,94,28,97,130,97,103,100,124,44,92,75,144,81,126,47,131,108,86,91,129,101,49,2,101,1,48,74,80,18.0,0.157,152,0.11,103.3,114,78,0.154,118,-6.1,55,134,111.0,104.9,79.14,150,0.115,263,111.0,-4.5,62,0.011,27,94.97,18.4,117,0.048,7.2,104.9,48,114,62,2.0,3.8,0.103,0.092,67,152,0.528,94.97,163,164,134,105,0.538,55,31,97.12,107.8,169,167,58,-6.1,0.0,0.0,0.0,0.0,0.0,4.0,0.0,0.0,0.0,0.0,0.0,0.286,14.0,0.0,0.0,0.0,15,0.682,0.0,0.0,0.0,0.0,22,0.0,0.0,0.0,0.0,0.0,0.0,0.0,3.0,0.0,,0.0,0.667,0.0,0.0,,,0.0,,0.0,,0.0,16,LAL,12.0,,24,0.0,0.25,0.0,None,270,1,83,1,USA,2001,2007
1885,Lamar Odom,Lamar,1610612747,LAL,27.0,5,1,4,0.2,191.865,41,85,0.482,3,11,0.273,12,24,0.5,20,45,65,11,10,2,6,6,17,17,97,-54,205.5,5,0,192.0,107,120,52,131,74,48,55,57,66,70,74,73,59,133,28,35,36,76,71,106,32,147,112,74,55,190,53,9,2,57,1,7,14,106,8.6,0.24,157,1.1,98.7,151,7,0.235,38,-13.0,115,143,111.7,98.7,79.64,73,0.243,380,111.7,-10.6,54,0.107,23,95.57,8.6,36,0.133,17.0,98.7,67,151,54,9.5,8.2,0.166,0.097,113,157,0.5,95.57,81,116,34,140,0.508,115,36,96.63,109.3,65,65,16,-13.0,8.0,1.0,0.2,1.0,,6.0,10.0,0.0,0.444,1.0,18.0,0.375,16.0,2.0,0.0,1.0,24,0.6,,,1.0,0.0,40,1.0,0.2,0.25,0.0,6.0,2.0,1.0,6.0,0.667,0.0,8.0,0.6,9.0,0.0,,0.0,0.0,,5.0,,6.0,24,LAL,17.0,0.0,40,2.0,0.353,0.333,Rhode Island,230,1,82,4,USA,1999,2007
1716,Larry Hughes,Larry,1610612739,CLE,28.0,18,12,6,0.667,638.7883333333333,69,199,0.347,19,54,0.352,47,63,0.746,9,62,71,44,42,25,8,15,35,43,204,-11,412.2,0,0,404.0,18,11,148,19,10,24,11,139,17,17,47,18,17,88,60,21,28,17,8,6,23,183,157,26,22,114,21,49,2,20,1,101,43,137,13.4,0.203,77,1.05,99.2,95,93,0.2,68,-1.8,112,48,101.0,99.2,73.01,79,0.1,1171,101.0,0.7,167,0.124,121,87.62,13.4,66,0.067,11.1,99.2,134,95,167,14.0,3.8,0.058,0.015,110,77,0.394,87.62,68,76,109,67,0.45,112,140,88.77,98.5,131,133,56,-1.8,30.0,7.0,0.324,0.444,0.0,6.0,37.0,3.0,0.337,9.0,89.0,0.261,23.0,12.0,8.0,17.0,14,0.424,0.0,0.0,0.412,0.375,33,4.0,0.327,0.316,0.0,15.0,4.0,18.0,3.0,0.373,0.0,19.0,0.41,59.0,0.0,0.0,0.0,0.0,0.0,55.0,0.0,22.0,16,CLE,12.0,0.0,39,6.0,0.25,0.267,St. Louis,184,1,77,8,USA,1998,2007
2544,LeBron James,LeBron,1610612739,CLE,22.0,20,12,8,0.6,892.9133333333333,166,399,0.416,21,75,0.28,148,196,0.755,26,135,161,159,66,34,10,11,40,151,501,71,998.7,8,0,930.0,1,11,176,35,1,3,1,95,13,7,73,1,1,83,19,3,4,1,2,1,15,177,166,1,1,11,1,5,2,1,1,59,6,98,9.3,0.299,51,2.41,101.0,54,41,0.293,13,3.5,87,26,98.2,101.7,72.19,16,0.157,1619,98.2,4.8,179,0.371,90,86.63,9.3,15,0.191,20.0,101.7,112,54,179,22.5,8.3,0.094,0.031,96,51,0.442,86.63,11,36,9,41,0.516,87,156,87.84,96.2,74,72,14,3.5,47.0,2.0,0.297,0.333,2.0,12.0,64.0,0.0,0.318,6.0,148.0,0.261,46.0,19.0,3.0,9.0,86,0.662,0.0,0.0,0.222,0.0,130,2.0,0.338,0.258,2.0,37.0,8.0,24.0,11.0,0.338,0.0,31.0,0.645,77.0,0.0,1.0,0.0,0.0,0.0,71.0,0.0,26.0,89,CLE,42.0,0.0,138,8.0,0.262,0.216,None,240,1,80,1,USA,2003,2007
2571,Leandro Barbosa,Leandro,1610612756,PHX,24.0,11,6,5,0.545,349.18,64,158,0.405,18,59,0.305,28,39,0.718,7,31,38,24,22,12,2,9,30,33,174,10,275.6,0,0,282.0,48,38,140,57,41,26,26,102,22,13,67,36,31,98,70,53,61,37,29,29,73,164,147,32,30,41,40,49,2,34,1,110,28,113,9.9,0.253,105,1.09,104.7,60,103,0.249,27,2.2,48,101,103.7,105.9,80.36,74,0.086,699,103.7,0.5,46,0.112,103,96.43,9.9,26,0.075,14.4,105.9,98,60,46,10.8,5.8,0.055,0.021,53,105,0.462,96.43,76,103,95,70,0.497,48,35,96.7,104.2,85,85,33,2.2,12.0,3.0,0.357,0.0,0.0,2.0,42.0,3.0,0.343,9.0,35.0,0.154,13.0,15.0,7.0,16.0,32,0.615,0.0,0.0,0.188,0.429,52,0.0,0.182,0.448,0.0,9.0,2.0,6.0,3.0,0.35,0.5,29.0,0.604,20.0,0.0,,2.0,0.0,,33.0,,7.0,32,PHX,12.0,1.0,53,13.0,0.25,0.222,None,188,1,75,28,Brazil,2003,2007
101132,Linas Kleiza,Linas,1610612743,DEN,22.0,5,1,4,0.2,65.495,3,13,0.231,1,6,0.167,1,2,0.5,0,8,8,2,0,0,0,0,6,1,8,-7,20.6,0,0,19.0,107,120,52,131,130,145,137,163,83,82,90,150,143,133,159,113,133,126,160,151,126,1,51,151,150,102,149,49,2,151,1,107,133,171,0.0,0.097,48,0.0,90.8,105,81,0.096,171,-5.1,152,56,97.5,92.3,71.76,152,0.111,117,97.5,-8.8,183,0.05,148,86.11,0.0,170,0.006,2.6,92.3,163,105,183,12.5,0.6,0.056,0.0,159,48,0.269,86.11,132,85,160,127,0.288,152,173,85.95,99.5,1,1,151,-5.1,1.0,1.0,0.0,0.5,,0.0,4.0,0.0,0.333,2.0,3.0,0.0,1.0,0.0,0.0,2.0,1,0.333,,,0.5,0.0,3,1.0,0.333,0.0,,3.0,0.0,2.0,0.0,0.0,,1.0,0.333,0.0,,,,,,6.0,,0.0,1,DEN,0.0,,3,0.0,0.0,0.0,Missouri,245,1,80,27,Lithuania,2005,2007
283,Lindsey Hunter,Lindsey,1610612765,DET,36.0,13,8,5,0.615,133.25833333333333,7,31,0.226,4,18,0.222,5,5,1.0,2,8,10,16,10,6,1,1,22,9,23,-40,70.0,0,0,67.0,36,34,140,34,102,123,103,164,64,52,84,103,122,1,120,113,121,57,71,63,98,60,129,94,119,181,109,49,2,108,1,140,140,164,16.9,0.154,47,1.6,87.7,152,143,0.146,124,-13.2,168,38,97.3,84.1,76.69,49,0.057,252,97.3,-9.4,105,0.222,129,92.03,16.9,124,-0.005,2.4,84.1,159,152,105,27.1,0.5,0.035,0.014,165,47,0.29,92.03,30,25,171,131,0.346,168,126,90.3,97.1,164,164,153,-13.2,1.0,2.0,0.154,0.667,0.0,0.0,13.0,0.0,0.125,3.0,8.0,0.0,0.0,2.0,2.0,5.0,2,0.4,0.0,0.0,0.4,0.0,5,2.0,0.308,0.125,0.0,1.0,0.0,4.0,0.0,0.0,,8.0,0.4,4.0,0.0,0.0,,0.0,0.0,13.0,0.0,0.0,2,DET,0.0,,5,1.0,0.0,0.0,Jackson State,195,1,74,10,USA,1993,2007
2739,Luke Jackson,Luke,1610612761,TOR,25.0,3,1,2,0.333,11.333333333333334,0,0,0.0,0,0,0.0,6,6,1.0,1,4,5,1,1,1,0,0,3,3,6,14,15.5,0,0,14.0,160,120,23,108,165,172,182,172,97,130,97,97,110,1,138,138,146,144,145,126,126,1,33,135,154,38,156,49,2,157,1,151,182,1,21.6,0.141,6,1.0,128.2,3,155,0.148,135,60.9,5,6,60.9,121.7,81.18,82,0.0,23,60.9,62.2,36,0.111,148,97.41,20.0,122,0.262,0.0,121.7,172,3,36,20.0,0.0,0.0,0.0,6,6,0.0,97.41,77,41,5,3,1.136,5,102,91.14,66.0,174,179,172,60.9,0.0,,0.0,,,0.0,0.0,,0.0,,0.0,0.0,0.0,0.0,,,0,0.0,,,,,0,,0.0,0.0,,0.0,0.0,0.0,0.0,0.0,,0.0,0.0,0.0,,,,,,0.0,,0.0,0,TOR,0.0,,0,0.0,0.0,0.0,Oregon,215,1,79,10,USA,2004,2007
2575,Luke Walton,Luke,1610612747,LAL,27.0,5,1,4,0.2,127.58166666666666,14,36,0.389,5,12,0.417,3,4,0.75,9,12,21,13,15,7,1,4,13,5,36,-32,89.7,0,0,91.0,107,120,52,131,105,98,94,115,57,65,24,123,128,84,60,102,91,69,51,55,98,131,96,121,98,174,96,49,2,91,1,70,74,123,22.8,0.179,173,0.87,102.3,153,92,0.177,91,-13.3,79,158,116.0,102.7,80.58,107,0.101,258,116.0,-10.7,43,0.149,46,96.69,22.7,82,0.049,7.2,102.7,103,153,43,19.7,2.8,0.084,0.069,77,173,0.458,96.69,54,47,133,141,0.477,79,16,98.12,113.1,180,180,80,-13.3,1.0,2.0,0.333,1.0,0.0,2.0,9.0,1.0,0.167,1.0,6.0,0.333,6.0,3.0,2.0,3.0,6,0.5,0.0,0.0,0.667,0.5,12,1.0,0.75,0.375,1.0,4.0,0.0,3.0,2.0,0.0,,8.0,0.5,1.0,0.0,,,0.0,,4.0,,0.0,6,LAL,6.0,,12,3.0,0.333,0.0,Arizona,232,2,80,32,USA,2003,2007
2736,Luol Deng,Luol,1610612741,CHI,22.0,10,6,4,0.6,409.66,88,168,0.524,0,1,0.0,46,57,0.807,30,57,87,24,23,10,7,8,22,51,222,18,390.4,4,0,367.0,63,38,52,35,32,13,21,31,97,114,97,19,19,62,13,24,19,37,26,39,26,158,129,19,18,33,22,13,2,26,1,43,15,46,9.6,0.244,74,1.04,101.9,51,57,0.241,35,3.5,63,61,100.9,104.5,75.04,81,0.137,764,100.9,1.8,131,0.122,40,90.05,9.6,30,0.171,16.8,104.5,54,51,131,10.0,8.8,0.108,0.077,82,74,0.524,90.05,71,108,13,58,0.575,63,92,91.53,100.1,80,79,9,3.5,45.0,0.0,0.0,0.0,0.0,11.0,1.0,0.0,0.523,0.0,86.0,0.44,25.0,0.0,0.0,0.0,32,0.571,0.0,0.0,0.0,0.0,56,0.0,0.579,0.0,0.0,20.0,9.0,11.0,7.0,0.537,0.0,1.0,0.561,54.0,0.0,0.0,0.0,0.0,0.0,19.0,0.0,29.0,32,CHI,17.0,0.0,57,0.0,0.412,0.45,Duke,220,1,81,7,United Kingdom,2004,2007
101129,Luther Head,Luther,1610612745,HOU,24.0,7,3,4,0.429,141.45833333333334,11,36,0.306,6,23,0.261,4,8,0.5,2,17,19,8,7,3,2,1,16,8,32,-1,74.8,0,0,75.0,79,80,52,97,94,109,94,154,53,42,75,112,102,133,120,85,96,82,91,95,73,60,108,97,102,80,105,49,2,105,1,91,92,149,12.8,0.166,34,1.14,97.9,73,86,0.162,107,1.1,132,23,95.1,96.2,74.09,69,0.105,260,95.1,2.8,155,0.123,123,88.9,12.7,107,0.029,5.1,96.2,137,73,155,14.5,1.6,0.064,0.015,123,34,0.389,88.9,70,72,149,53,0.405,132,149,88.15,95.0,120,125,113,1.1,2.0,2.0,0.25,0.5,0.0,0.0,16.0,1.0,0.333,2.0,6.0,0.0,1.0,4.0,5.0,7.0,3,0.5,0.0,0.0,0.286,0.2,6,1.0,0.333,0.25,1.0,0.0,0.0,5.0,1.0,0.0,,8.0,0.5,3.0,0.0,0.0,,0.0,0.0,15.0,0.0,0.0,3,HOU,3.0,,6,2.0,0.333,0.0,Illinois,185,1,75,24,USA,2005,2007
2124,Malik Allen,Malik,1610612741,CHI,29.0,5,3,2,0.6,34.475,2,12,0.167,0,0,0.0,0,0,0.0,4,3,7,1,3,1,1,2,7,2,4,-26,16.9,0,0,16.0,107,80,23,35,149,151,139,168,97,130,97,162,165,162,93,147,137,144,120,126,98,89,57,142,158,154,154,49,2,153,1,67,139,178,18.8,0.187,31,0.33,60.6,181,96,0.172,80,-36.9,181,35,94.4,57.5,84.12,135,0.097,73,94.4,-36.4,20,0.091,36,100.94,18.8,90,-0.119,2.4,57.5,170,181,20,6.3,0.4,0.085,0.078,181,31,0.167,100.94,94,143,188,182,0.167,181,30,97.13,96.9,170,170,159,-36.9,2.0,0.0,0.0,0.0,,0.0,0.0,0.0,0.182,0.0,11.0,0.0,0.0,0.0,0.0,0.0,0,0.0,,,0.0,0.0,1,0.0,0.5,0.0,,1.0,0.0,1.0,0.0,0.125,,0.0,0.0,8.0,,,,,,2.0,,1.0,0,CHI,0.0,,1,0.0,0.0,0.0,Villanova,255,Undrafted,82,Undrafted,USA,Undrafted,2007
1938,Manu Ginobili,Manu,1610612759,SAS,29.0,20,16,4,0.8,602.1983333333334,99,247,0.401,38,99,0.384,97,116,0.836,16,93,109,74,42,33,4,13,61,88,333,90,643.8,3,0,628.0,1,1,52,5,14,7,7,104,2,2,35,2,3,49,35,9,13,8,8,2,47,180,187,4,5,5,6,18,2,5,1,56,35,62,10.1,0.26,71,1.76,107.6,31,40,0.256,22,6.7,32,62,100.7,107.4,77.81,42,0.162,1177,100.7,7.4,87,0.214,91,93.38,10.2,21,0.144,12.4,107.4,90,31,87,17.9,5.0,0.096,0.028,30,71,0.478,93.38,31,56,24,23,0.559,32,69,93.49,100.2,89,89,44,6.7,15.0,7.0,0.392,0.429,0.0,11.0,79.0,1.0,0.283,14.0,53.0,0.324,34.0,31.0,6.0,20.0,35,0.574,0.0,0.0,0.35,0.167,61,6.0,0.363,0.44,0.0,16.0,6.0,29.0,10.0,0.242,0.0,25.0,0.53,33.0,0.0,,0.0,0.0,,80.0,,8.0,35,SAS,27.0,0.0,66,11.0,0.37,0.375,None,205,2,78,57,Argentina,1999,2007
2556,Marcus Banks,Marcus,1610612756,PHX,25.0,2,2,0,1.0,6.85,0,2,0.0,0,1,0.0,2,2,1.0,0,0,0,1,0,0,0,0,0,1,2,-4,3.5,0,0,3.0,170,93,1,1,175,172,168,172,97,114,97,137,143,1,159,175,178,144,160,151,126,1,1,151,165,96,177,49,2,176,1,151,162,160,0.0,0.247,186,0.0,137.5,169,155,0.231,31,-19.8,4,187,142.9,123.1,78.83,152,0.0,13,142.9,-12.7,68,0.2,148,94.6,0.0,40,0.034,1.0,123.1,172,169,68,25.0,0.0,0.0,0.0,5,186,0.0,94.6,35,30,144,151,0.347,4,162,87.45,150.2,1,1,172,-19.8,0.0,,0.0,,,0.0,1.0,,0.0,,1.0,0.0,0.0,0.0,,,0,0.0,,,,,0,,0.0,0.0,,0.0,0.0,0.0,0.0,0.0,,1.0,0.0,1.0,,,,,,0.0,,0.0,0,PHX,0.0,,0,0.0,0.0,0.0,UNLV,200,1,74,13,USA,2003,2007
948,Marcus Camby,Marcus,1610612743,DEN,33.0,5,1,4,0.2,184.38,17,45,0.378,0,0,0.0,4,6,0.667,12,62,74,10,10,4,16,2,14,6,38,-2,191.8,2,0,162.0,107,120,52,131,75,89,83,125,97,130,97,112,110,107,49,21,24,79,71,85,9,89,102,112,96,87,58,27,2,61,1,1,59,151,14.8,0.146,107,1.0,101.8,89,1,0.145,130,-0.6,72,79,103.7,103.2,75.28,82,0.325,347,103.7,0.0,129,0.083,47,90.34,14.7,125,0.121,9.0,103.2,140,89,129,14.7,3.4,0.201,0.067,83,107,0.378,90.34,103,71,43,74,0.399,72,88,91.8,101.8,146,146,68,-0.6,4.0,0.0,0.0,0.0,,2.0,0.0,0.0,0.25,0.0,16.0,0.4,5.0,0.0,0.0,0.0,11,0.458,,,0.0,0.0,24,0.0,0.0,0.0,,7.0,3.0,0.0,1.0,0.2,,0.0,0.458,10.0,,,,,,1.0,,2.0,11,DEN,3.0,,24,0.0,0.333,0.429,Massachusetts,235,1,83,2,USA,1996,2007
200766,Marcus Williams,Marcus,1610612751,NJN,21.0,12,6,6,0.5,77.80166666666666,12,36,0.333,1,13,0.077,4,5,0.8,3,7,10,13,12,1,0,2,4,7,29,-24,51.5,0,0,55.0,38,38,148,70,125,101,94,141,83,63,96,112,122,64,106,126,121,69,65,126,126,89,41,105,110,148,123,49,2,116,1,86,122,154,19.0,0.32,60,1.08,89.8,157,94,0.298,9,-14.1,164,108,99.4,85.3,80.72,76,0.099,156,99.4,-15.0,42,0.333,75,96.86,19.0,11,0.045,3.0,85.3,149,157,42,20.6,1.0,0.07,0.042,162,60,0.347,96.86,14,40,136,156,0.38,164,86,91.9,104.8,171,171,131,-14.1,4.0,0.0,0.083,0.0,0.0,3.0,12.0,0.0,0.5,1.0,8.0,0.429,7.0,1.0,0.0,1.0,4,0.5,0.0,0.0,0.0,0.0,8,0.0,0.25,0.0,0.0,0.0,0.0,3.0,4.0,0.25,,4.0,0.444,4.0,0.0,,,0.0,,12.0,,1.0,4,NJN,7.0,,9,0.0,0.571,0.0,Connecticut,205,1,75,22,USA,2006,2007
2440,Matt Barnes,Matt,1610612744,GSW,27.0,11,5,6,0.455,329.595,45,100,0.45,19,45,0.422,13,18,0.722,26,37,63,26,20,16,4,7,44,14,122,17,276.6,2,0,270.0,48,66,148,88,43,44,42,77,17,22,21,70,71,96,19,46,37,34,34,16,47,154,171,81,42,34,39,27,2,38,1,57,58,56,13.0,0.17,139,1.3,112.8,50,81,0.168,101,3.7,14,127,108.3,112.0,81.62,62,0.111,669,108.3,5.5,32,0.126,37,97.94,13.0,98,0.087,9.1,112.0,39,50,32,16.9,4.1,0.095,0.078,15,139,0.545,97.94,66,60,82,35,0.565,14,18,98.06,107.3,127,128,54,3.7,3.0,10.0,0.391,0.444,0.0,4.0,23.0,6.0,0.273,9.0,11.0,0.444,9.0,9.0,13.0,22.0,19,0.543,0.0,0.0,0.455,0.462,35,4.0,0.385,0.556,0.0,5.0,1.0,15.0,3.0,0.25,0.0,9.0,0.541,4.0,0.0,0.0,0.0,0.0,0.0,39.0,0.0,1.0,20,GSW,6.0,0.0,37,5.0,0.5,0.2,UCLA,226,2,79,45,USA,2002,2007
2588,Matt Bonner,Matt,1610612759,SAS,27.0,9,5,4,0.556,25.373333333333335,2,7,0.286,1,4,0.25,2,2,1.0,2,1,3,0,3,2,0,0,6,1,7,-17,13.6,0,0,15.0,72,66,52,55,155,151,151,156,83,92,77,137,143,1,120,164,156,165,120,106,126,1,51,151,153,132,157,49,2,155,1,151,169,140,27.6,0.206,163,0.0,81.9,182,144,0.19,64,-40.1,176,165,113.0,72.9,74.09,152,0.056,48,113.0,-33.8,154,0.0,148,88.91,27.3,74,-0.061,0.8,72.9,143,182,154,0.0,0.2,0.0,0.0,175,163,0.357,88.91,165,165,184,180,0.444,176,181,82.9,115.8,185,185,169,-40.1,0.0,0.0,0.25,0.0,0.0,0.0,4.0,0.0,0.0,0.0,0.0,0.0,2.0,1.0,0.0,0.0,1,1.0,0.0,0.0,0.0,0.0,1,0.0,0.333,0.0,0.0,0.0,0.0,1.0,0.0,0.0,,1.0,1.0,0.0,0.0,,,0.0,,3.0,,0.0,1,SAS,2.0,,1,0.0,0.0,0.0,Florida,240,2,82,45,USA,2003,2007
1723,Matt Harpring,Matt,1610612762,UTA,31.0,17,9,8,0.529,433.095,62,136,0.456,0,4,0.0,34,47,0.723,33,49,82,23,22,7,3,9,41,46,158,16,298.9,0,0,283.0,20,27,176,63,28,29,30,73,97,92,97,27,26,95,11,31,20,41,29,55,61,164,169,24,34,35,35,49,2,33,1,53,65,107,10.9,0.184,79,1.05,103.7,64,70,0.179,83,1.7,71,89,101.5,103.2,77.95,80,0.12,845,101.5,0.6,80,0.089,39,93.54,10.9,81,0.085,8.0,103.2,106,64,80,11.4,3.6,0.098,0.078,61,79,0.456,93.54,96,98,87,68,0.504,71,78,92.57,103.1,98,97,63,1.7,20.0,0.0,0.0,0.0,0.0,7.0,0.0,0.0,0.333,1.0,60.0,0.304,23.0,0.0,3.0,4.0,35,0.714,0.0,0.0,0.0,0.0,49,0.0,0.0,0.0,0.0,21.0,7.0,0.0,4.0,0.326,0.0,0.0,0.725,43.0,0.0,0.0,0.0,0.0,0.0,9.0,0.0,14.0,37,UTA,12.0,0.0,51,0.0,0.333,0.333,Georgia Tech,225,1,79,15,USA,1998,2007
200772,Maurice Ager,Maurice,1610612742,DAL,23.0,3,1,2,0.333,24.466666666666665,5,9,0.556,2,3,0.667,3,6,0.5,1,2,3,0,0,0,0,0,3,4,15,-1,18.6,0,0,20.0,160,120,23,108,157,134,143,23,78,99,3,123,110,133,138,155,156,165,160,151,126,1,33,126,134,80,152,49,2,150,1,89,122,20,0.0,0.242,84,0.0,93.4,119,110,0.224,36,-6.8,136,97,102.3,95.6,71.93,152,0.08,45,102.3,-10.5,180,0.0,69,86.32,0.0,43,0.167,3.0,95.6,10,119,180,0.0,1.7,0.065,0.048,153,84,0.667,86.32,165,165,14,138,0.644,136,168,86.71,103.9,1,1,108,-6.8,2.0,1.0,0.5,1.0,,0.0,2.0,0.0,0.4,1.0,5.0,0.0,0.0,1.0,0.0,1.0,1,1.0,,,1.0,0.0,1,1.0,0.333,1.0,,0.0,0.0,2.0,0.0,1.0,,1.0,1.0,1.0,,,,,,6.0,,1.0,1,DAL,0.0,,1,1.0,0.0,0.0,Michigan State,202,1,77,28,USA,2006,2007
2230,Maurice Evans,Maurice,1610612747,LAL,28.0,5,1,4,0.2,82.35,10,26,0.385,5,13,0.385,0,0,0.0,3,5,8,3,0,2,0,1,4,1,25,-25,45.1,0,0,45.0,107,120,52,131,123,111,110,118,57,63,34,162,165,162,106,134,133,117,160,106,126,60,41,151,115,151,126,49,2,125,1,125,91,118,0.0,0.129,145,0.0,92.6,162,137,0.126,144,-17.2,153,136,108.7,91.5,84.76,152,0.06,177,108.7,-15.7,18,0.054,89,101.71,0.0,144,0.061,5.2,91.5,88,162,18,10.3,2.0,0.044,0.031,157,145,0.481,101.71,129,106,118,158,0.481,153,7,101.34,108.2,1,1,96,-17.2,4.0,4.0,0.2,0.5,0.0,0.0,5.0,1.0,0.8,6.0,5.0,0.0,3.0,1.0,2.0,8.0,1,0.2,0.0,0.0,0.5,0.5,5,3.0,0.4,0.333,0.0,4.0,1.0,4.0,1.0,0.667,0.0,3.0,0.2,3.0,0.0,,0.0,0.0,,10.0,,2.0,1,LAL,1.0,0.0,5,1.0,1.0,0.25,Texas,220,Undrafted,77,Undrafted,USA,Undrafted,2007
2246,Mehmet Okur,Mehmet,1610612762,UTA,28.0,17,9,8,0.529,585.3666666666667,71,183,0.388,25,79,0.316,33,42,0.786,37,95,132,30,24,24,16,8,65,36,200,-13,499.4,4,0,467.0,20,27,176,63,15,23,17,117,9,6,62,29,30,74,9,8,6,25,24,7,9,158,191,29,24,122,12,13,2,14,1,33,45,114,9.4,0.174,115,1.25,103.3,93,33,0.17,97,-1.1,65,113,105.1,104.0,77.69,65,0.173,1137,105.1,-2.0,89,0.081,49,93.23,9.4,95,0.086,10.8,104.0,105,93,89,11.8,4.2,0.119,0.066,69,115,0.456,93.23,105,94,83,91,0.496,65,70,93.42,105.3,75,76,52,-1.1,26.0,1.0,0.333,0.2,0.0,5.0,72.0,0.0,0.456,5.0,57.0,0.263,19.0,24.0,1.0,6.0,15,0.517,0.0,0.0,0.167,0.0,29,1.0,0.38,0.36,0.0,12.0,4.0,27.0,4.0,0.423,0.0,25.0,0.5,26.0,0.0,0.0,0.0,0.0,0.0,71.0,0.0,11.0,16,UTA,17.0,0.0,32,9.0,0.235,0.333,None,263,2,83,37,Turkey,2001,2007
1720,Michael Doleac,Michael,1610612748,MIA,30.0,1,0,1,0.0,0.7916666666666666,0,0,0.0,0,0,0.0,0,0,0.0,0,0,0,0,0,0,0,0,0,0,0,-2,0.0,0,0,0.0,178,147,5,147,189,172,182,172,97,130,97,162,165,162,159,175,178,165,160,151,126,1,1,173,181,87,186,49,2,186,1,151,182,181,0.0,0.0,189,0.0,0.0,189,155,0.0,187,-200.0,188,189,200.0,0.0,75.79,152,0.0,2,200.0,-200.0,120,0.0,148,90.95,0.0,187,0.0,0.0,0.0,172,189,120,0.0,0.0,0.0,0.0,188,189,0.0,90.95,165,165,162,189,0.0,188,190,60.63,200.0,1,1,172,-200.0,0.0,0.0,,0.0,,,,,0.0,0.0,0.0,,,,,0.0,0,0.0,,,0.0,,0,0.0,0.0,,,,,0.0,,0.0,,,0.0,0.0,,,,,,0.0,,0.0,0,MIA,,,0,,,,Utah,262,1,83,12,USA,1998,2007
714,Michael Finley,Michael,1610612759,SAS,34.0,20,16,4,0.8,537.9383333333334,73,178,0.41,44,105,0.419,35,39,0.897,8,50,58,22,13,11,4,2,28,21,225,62,359.6,0,0,379.0,1,1,52,5,17,21,18,99,1,1,23,26,31,32,66,28,41,43,61,32,47,89,144,59,16,16,26,49,2,23,1,105,61,44,5.6,0.182,86,1.69,108.0,44,97,0.174,86,4.7,36,76,102.4,107.1,76.25,47,0.093,1032,102.4,6.5,111,0.065,115,91.5,5.8,87,0.095,8.9,107.1,42,44,111,9.7,3.7,0.056,0.016,25,86,0.534,91.5,114,111,75,28,0.576,36,93,91.45,101.6,44,42,62,4.7,17.0,23.0,0.323,0.615,0.0,6.0,65.0,7.0,0.327,26.0,52.0,0.429,14.0,21.0,13.0,39.0,6,0.75,0.0,0.0,0.59,0.538,8,16.0,0.449,0.313,0.0,13.0,4.0,35.0,2.0,0.368,,32.0,0.8,38.0,0.0,,,0.0,,78.0,,14.0,8,SAS,7.0,,10,10.0,0.286,0.308,Wisconsin,225,1,79,21,USA,1995,2007
1913,Michael Ruffin,Michael,1610612764,WAS,30.0,4,0,4,0.0,28.106666666666666,1,3,0.333,0,1,0.0,0,0,0.0,5,4,9,0,0,3,0,0,2,1,2,-2,21.8,0,0,17.0,127,147,52,147,153,158,161,141,97,114,97,162,165,162,82,138,126,165,160,95,126,1,24,151,165,87,148,49,2,152,1,151,170,166,0.0,0.051,27,0.0,98.0,63,155,0.05,186,1.7,134,41,94.1,95.8,70.45,152,0.0,48,94.1,0.8,187,0.0,2,84.54,0.0,185,0.097,0.8,95.8,151,63,187,0.0,0.3,0.0,0.143,122,27,0.333,84.54,165,165,73,65,0.333,134,184,82.28,97.2,1,1,166,1.7,0.0,0.0,0.0,0.0,0.0,0.0,1.0,0.0,0.0,0.0,0.0,0.0,0.0,0.0,0.0,0.0,1,0.5,0.0,0.0,0.0,0.0,2,0.0,0.0,0.0,0.0,0.0,0.0,0.0,0.0,0.0,,0.0,0.5,0.0,0.0,1.0,,0.0,0.0,0.0,0.0,0.0,1,WAS,0.0,,2,0.0,0.0,0.0,Tulsa,248,2,80,32,USA,1999,2007
2552,Michael Sweetney,Michael,1610612741,CHI,24.0,1,0,1,0.0,3.3666666666666667,1,2,0.5,0,0,0.0,0,2,0.0,0,0,0,0,0,0,0,0,1,1,2,-6,2.0,0,0,2.0,178,147,5,147,182,158,168,41,97,130,97,162,143,162,159,175,178,165,160,151,126,1,16,151,165,99,181,49,2,181,1,151,148,160,0.0,0.371,183,0.0,51.5,186,155,0.375,1,-75.0,182,177,125.0,50.0,95.05,152,0.0,8,125.0,-68.6,3,0.0,148,114.06,0.0,1,-0.25,2.0,50.0,67,186,3,0.0,1.0,0.0,0.0,183,183,0.5,114.06,165,165,190,185,0.347,182,3,114.63,120.2,1,1,131,-75.0,0.0,0.0,0.0,,,1.0,0.0,0.0,0.0,,1.0,1.0,1.0,0.0,0.0,0.0,0,0.0,,,0.0,0.0,0,,0.0,,,0.0,0.0,0.0,1.0,0.0,,,0.0,0.0,,0.0,,,0.0,0.0,0.0,0.0,0,CHI,2.0,,0,,0.5,0.0,Georgetown,270,1,80,9,USA,2003,2007
2554,Mickael Pietrus,Mickael,1610612744,GSW,25.0,11,5,6,0.455,209.11666666666667,17,49,0.347,7,27,0.259,25,36,0.694,13,29,42,6,7,5,9,1,32,26,66,1,160.4,1,0,149.0,48,66,148,88,69,89,79,138,47,39,76,40,39,103,44,59,52,92,91,69,17,60,153,43,75,64,65,35,2,70,1,49,100,103,9.0,0.155,111,0.86,109.1,52,54,0.151,123,3.5,25,112,104.4,107.9,81.01,108,0.139,417,104.4,3.8,39,0.046,55,97.21,9.0,120,0.061,4.5,107.9,125,52,39,7.7,1.5,0.1,0.062,21,111,0.418,97.21,136,131,120,47,0.509,25,40,96.27,105.3,70,70,115,3.5,1.0,4.0,0.5,0.231,0.0,0.0,6.0,1.0,0.143,13.0,7.0,0.0,0.0,3.0,8.0,21.0,9,0.6,0.0,0.0,0.19,0.125,15,3.0,0.207,0.667,0.0,1.0,0.0,6.0,0.0,0.0,0.0,3.0,0.6,1.0,0.0,,0.0,0.0,,29.0,,0.0,9,GSW,0.0,0.0,15,2.0,0.0,0.0,None,215,1,78,11,France,2003,2007
1630,Mikki Moore,Mikki,1610612751,NJN,31.0,12,6,6,0.5,399.28333333333336,56,100,0.56,0,0,0.0,23,29,0.793,23,44,67,14,20,10,7,2,47,37,135,88,267.4,0,0,250.0,38,38,148,70,35,33,42,21,97,130,97,42,50,71,23,36,33,62,34,39,26,89,174,28,37,6,43,49,2,43,1,63,64,34,13.6,0.16,22,0.7,102.6,15,80,0.156,115,11.8,69,15,91.8,103.6,74.53,118,0.112,744,91.8,10.5,148,0.061,51,89.44,13.8,115,0.089,8.3,103.6,32,15,148,9.7,4.7,0.089,0.064,73,22,0.56,89.44,120,113,79,16,0.599,69,135,89.7,92.2,136,138,48,11.8,20.0,0.0,0.0,0.0,0.0,4.0,0.0,0.0,0.377,0.0,53.0,1.0,4.0,0.0,0.0,0.0,32,0.744,0.0,0.0,0.0,0.0,43,0.0,0.25,0.0,0.0,9.0,3.0,1.0,2.0,0.41,,0.0,0.756,39.0,0.0,0.0,,0.0,0.0,4.0,0.0,16.0,34,NJN,3.0,,45,0.0,0.667,0.333,Nebraska,223,Undrafted,84,Undrafted,USA,Undrafted,2007
101145,Monta Ellis,Monta,1610612744,GSW,21.0,11,5,6,0.455,238.095,32,82,0.39,1,9,0.111,23,28,0.821,8,17,25,10,20,10,2,6,23,22,88,-35,149.0,0,0,148.0,48,66,148,88,58,63,57,113,83,75,95,42,51,57,66,85,81,79,34,39,73,147,134,57,60,176,74,49,2,71,1,111,71,130,16.1,0.207,133,0.5,101.7,115,120,0.202,63,-6.3,99,138,106.7,100.4,84.42,127,0.074,501,106.7,-7.1,19,0.072,84,101.3,16.1,62,0.043,7.5,100.4,133,115,19,8.1,2.9,0.053,0.033,84,133,0.396,101.3,110,127,139,117,0.466,99,9,99.68,108.8,158,160,79,-6.3,12.0,1.0,0.0,0.0,0.0,1.0,5.0,1.0,0.343,3.0,35.0,0.167,6.0,0.0,1.0,4.0,18,0.563,0.0,0.0,0.25,1.0,32,0.0,0.357,0.0,1.0,8.0,2.0,5.0,1.0,0.3,,1.0,0.545,20.0,0.0,1.0,,0.0,0.0,14.0,0.0,6.0,18,GSW,4.0,,33,0.0,0.25,0.25,None,177,2,75,40,USA,2005,2007
2050,Morris Peterson,Morris,1610612761,TOR,29.0,6,2,4,0.333,183.44166666666666,15,29,0.517,6,12,0.5,5,6,0.833,5,22,27,2,6,2,2,1,20,6,41,12,82.4,0,0,84.0,87,93,52,108,76,94,107,36,53,65,5,103,110,50,82,71,79,126,103,106,73,60,121,112,95,40,103,49,2,98,1,68,95,19,15.1,0.099,90,0.33,105.8,47,49,0.098,169,4.0,42,96,102.6,106.6,76.32,135,0.143,349,102.6,1.9,109,0.017,88,91.58,15.0,168,0.049,4.8,106.6,18,47,109,5.0,2.5,0.085,0.031,41,90,0.621,91.58,160,150,131,56,0.648,42,96,91.37,103.8,148,150,83,4.0,6.0,3.0,0.375,0.667,0.0,0.0,8.0,1.0,0.545,3.0,11.0,0.0,1.0,3.0,1.0,4.0,3,0.6,0.0,0.0,0.75,1.0,5,2.0,0.563,0.0,0.0,1.0,1.0,9.0,0.0,0.5,,2.0,0.6,4.0,0.0,0.0,,0.0,0.0,16.0,0.0,2.0,3,TOR,1.0,,5,0.0,0.0,1.0,Michigan State,220,1,79,21,USA,2000,2007
1737,Nazr Mohammed,Nazr,1610612765,DET,29.0,2,0,2,0.0,5.733333333333333,1,2,0.5,0,0,0.0,3,3,1.0,1,2,3,0,0,0,0,1,1,2,5,5,8.6,0,0,8.0,170,147,23,147,180,158,168,41,97,130,97,123,137,1,138,155,156,165,160,151,126,60,16,142,155,52,163,49,2,163,1,151,162,7,0.0,0.217,4,0.0,73.1,6,155,0.188,52,35.9,179,2,33.3,69.2,87.21,152,0.0,13,33.3,37.7,13,0.0,148,104.65,0.0,76,3.667,1.0,69.2,67,6,13,0.0,0.5,0.0,0.0,180,4,0.5,104.65,165,165,1,7,0.753,179,14,98.96,35.3,1,1,154,35.9,0.0,0.0,0.0,,,,0.0,0.0,0.0,,1.0,,,0.0,0.0,0.0,1,1.0,,,0.0,0.0,1,,0.0,0.0,,1.0,0.0,0.0,,0.0,,0.0,1.0,0.0,,,,,,0.0,,0.0,1,DET,,,1,0.0,,0.0,Kentucky,250,1,82,29,USA,1998,2007
2403,Nene,ene,1610612743,DEN,24.0,5,1,4,0.2,179.13,31,53,0.585,0,0,0.0,14,18,0.778,22,17,39,12,13,3,3,8,21,16,76,-30,145.8,1,0,139.0,107,120,52,131,79,64,73,18,97,130,97,65,71,76,26,85,59,73,61,95,61,158,124,76,69,170,75,35,2,75,1,40,46,25,15.1,0.191,116,0.92,93.3,141,91,0.189,77,-10.0,141,99,105.2,95.2,74.02,104,0.102,333,105.2,-10.6,157,0.136,6,88.83,15.1,75,0.115,10.6,95.2,25,141,157,14.0,6.2,0.113,0.124,154,116,0.585,88.83,59,77,51,139,0.624,141,128,90.23,103.9,150,149,27,-10.0,2.0,0.0,0.0,0.0,,0.0,0.0,0.0,0.286,0.0,7.0,0.0,1.0,0.0,0.0,0.0,29,0.644,,,0.0,0.0,45,0.0,0.0,0.0,,4.0,1.0,0.0,0.0,1.0,,0.0,0.63,1.0,,,,,,0.0,,1.0,29,DEN,2.0,,46,0.0,0.0,0.25,None,268,1,83,7,Brazil,2002,2007
136,P.J. Brown,P.J.,1610612741,CHI,37.0,10,6,4,0.6,227.55,33,67,0.493,0,0,0.0,17,23,0.739,17,30,47,12,8,8,2,6,29,15,83,26,179.4,1,0,162.0,63,38,52,35,62,61,64,51,97,130,97,57,62,89,32,56,49,73,87,51,73,147,145,79,64,29,60,35,2,61,1,44,77,79,8.2,0.175,38,1.5,100.0,29,59,0.174,95,7.2,73,29,95.9,103.1,72.95,51,0.136,413,95.9,3.5,168,0.094,38,87.54,8.2,86,0.104,6.7,103.1,81,29,168,12.2,3.3,0.107,0.078,105,38,0.493,87.54,92,90,67,48,0.538,73,141,88.68,96.4,61,62,70,7.2,18.0,0.0,0.0,0.0,,6.0,0.0,0.0,0.474,0.0,38.0,0.6,10.0,0.0,0.0,0.0,9,0.474,,,0.0,0.0,19,0.0,0.0,0.0,0.0,10.0,7.0,0.0,2.0,0.467,,0.0,0.476,30.0,0.0,,,0.0,,1.0,,14.0,10,CHI,5.0,,21,0.0,0.4,0.7,Louisiana Tech,239,2,83,29,USA,1992,2007
2469,Pat Burke,Pat,1610612756,PHX,33.0,3,2,1,0.667,7.066666666666666,1,2,0.5,0,0,0.0,0,0,0.0,0,1,1,0,0,0,1,0,3,0,2,-1,6.2,0,0,5.0,160,93,5,19,174,158,168,41,97,130,97,162,165,162,159,164,166,165,160,151,98,1,33,173,165,80,166,49,2,169,1,151,173,111,0.0,0.155,168,0.0,116.5,71,155,0.143,121,1.1,11,183,114.3,115.4,76.42,152,0.0,13,114.3,-13.4,107,0.0,148,91.7,0.0,128,-0.02,0.7,115.4,67,71,107,0.0,0.3,0.0,0.0,12,168,0.5,91.7,165,165,177,153,0.5,11,175,85.58,129.9,1,1,163,1.1,0.0,,0.0,,,0.0,0.0,,0.0,,0.0,0.0,1.0,0.0,,,1,1.0,,,,,1,,0.0,0.0,,0.0,0.0,0.0,0.0,0.0,,0.0,1.0,0.0,,,,,,0.0,,0.0,1,PHX,1.0,,1,0.0,0.0,0.0,Auburn,250,Undrafted,83,Undrafted,Ireland,Undrafted,2007
200794,Paul Millsap,Paul,1610612762,UTA,22.0,17,9,8,0.529,263.38,42,80,0.525,0,1,0.0,16,24,0.667,38,37,75,8,13,11,9,10,39,26,100,14,249.0,0,0,223.0,20,27,176,63,51,46,58,30,97,114,97,59,59,107,8,46,23,82,61,32,17,171,162,43,54,38,47,49,2,48,1,16,96,69,11.7,0.173,37,0.62,101.6,36,44,0.171,98,5.4,90,60,95.8,101.2,77.76,120,0.151,505,95.8,1.6,88,0.055,3,93.31,11.5,93,0.121,4.7,101.2,52,36,88,7.1,2.5,0.145,0.139,85,37,0.525,93.31,128,136,44,60,0.552,90,103,91.1,100.0,106,108,88,5.4,3.0,0.0,0.0,0.0,0.0,5.0,1.0,0.0,0.3,0.0,10.0,0.417,12.0,0.0,0.0,0.0,34,0.596,0.0,0.0,0.0,0.0,57,0.0,0.0,0.0,0.0,5.0,4.0,0.0,1.0,0.222,0.0,1.0,0.603,9.0,0.0,0.0,0.0,0.0,0.0,0.0,0.0,2.0,35,UTA,7.0,0.0,58,0.0,0.143,0.8,Louisiana Tech,258,2,80,47,USA,2006,2007
2737,Rafael Araujo,Rafael,1610612762,UTA,26.0,5,2,3,0.4,27.75,3,8,0.375,0,0,0.0,5,12,0.417,3,8,11,1,0,1,0,1,8,6,11,-1,28.7,0,0,25.0,107,93,39,105,154,145,148,127,97,130,97,103,86,152,106,113,119,144,160,126,126,60,64,112,141,80,141,49,2,143,1,151,155,146,0.0,0.227,137,0.0,111.0,46,155,0.23,44,4.5,13,172,107.5,112.0,74.23,152,0.0,50,107.5,-7.4,153,0.056,148,89.08,0.0,41,0.031,1.6,112.0,141,46,153,6.7,0.6,0.0,0.0,17,137,0.375,89.08,127,140,147,119,0.414,13,177,85.24,118.5,1,1,151,4.5,0.0,0.0,0.0,0.0,,1.0,0.0,0.0,0.0,0.0,2.0,0.5,2.0,0.0,0.0,0.0,2,0.5,,,0.0,0.0,4,0.0,0.0,,,1.0,0.0,0.0,1.0,0.0,,,0.5,1.0,,,,,,0.0,,0.0,2,UTA,2.0,,4,,0.5,0.0,Brigham Young,270,1,83,8,Brazil,2004,2007
1747,Rafer Alston,Rafer,1610612745,HOU,30.0,7,3,4,0.429,308.7,25,74,0.338,16,50,0.32,10,13,0.769,6,42,48,35,17,13,3,2,23,11,76,-7,217.1,0,0,207.0,79,80,52,97,45,72,61,140,25,19,60,78,83,78,77,41,48,22,45,25,61,89,134,88,69,102,51,49,2,51,1,74,47,124,12.9,0.152,61,2.06,98.5,94,52,0.149,126,-1.4,120,46,99.5,98.1,74.96,26,0.14,579,99.5,0.5,135,0.211,104,89.95,12.9,121,0.085,10.6,98.1,109,94,135,26.5,3.6,0.081,0.021,115,61,0.446,89.95,32,28,88,69,0.477,120,116,90.43,98.0,125,127,66,-1.4,3.0,5.0,0.297,0.625,0.0,3.0,37.0,0.0,0.429,8.0,7.0,0.5,6.0,11.0,5.0,13.0,3,0.273,0.0,0.0,0.385,0.0,11,5.0,0.353,0.294,1.0,1.0,0.0,12.0,3.0,0.4,0.0,17.0,0.273,5.0,0.0,0.0,0.0,0.0,0.0,34.0,0.0,2.0,3,HOU,5.0,0.0,11,5.0,0.6,0.0,Fresno State,175,2,74,39,USA,1998,2007
1952,Raja Bell,Raja,1610612756,PHX,30.0,11,6,5,0.545,437.81333333333333,40,87,0.46,20,45,0.444,12,14,0.857,6,27,33,20,15,10,2,3,40,23,112,51,202.6,0,0,209.0,48,38,140,57,27,49,53,72,15,22,16,73,81,41,77,63,68,50,51,39,73,116,166,53,48,20,54,49,2,49,1,134,67,32,11.7,0.112,97,1.33,106.9,33,134,0.111,157,6.1,20,84,103.1,109.2,79.21,60,0.061,866,103.1,4.6,61,0.064,122,95.05,11.7,159,0.048,7.9,109.2,28,33,61,15.6,3.6,0.039,0.015,32,97,0.575,95.05,117,67,135,44,0.601,20,37,96.42,102.4,109,109,64,6.1,9.0,10.0,0.357,0.583,0.0,2.0,28.0,3.0,0.346,12.0,26.0,0.4,5.0,10.0,5.0,17.0,9,0.818,0.0,0.0,0.588,0.6,11,7.0,0.484,0.316,0.0,3.0,1.0,15.0,1.0,0.4,0.0,19.0,0.818,20.0,0.0,,0.0,0.0,,31.0,,8.0,9,PHX,3.0,0.0,11,6.0,0.333,0.333,Florida International,210,Undrafted,77,Undrafted,US Virgin Islands,Undrafted,2007
739,Rasheed Wallace,Rasheed,1610612765,DET,32.0,16,10,6,0.625,572.8033333333333,86,197,0.437,25,72,0.347,32,38,0.842,19,104,123,28,19,19,28,9,64,33,229,93,540.6,5,0,499.0,27,20,148,25,16,14,12,82,9,9,49,30,36,45,29,7,8,31,38,12,3,164,189,32,14,4,9,9,2,11,1,39,37,81,7.3,0.198,55,1.47,106.7,21,21,0.196,71,8.9,30,43,98.6,107.5,72.31,54,0.191,1036,98.6,9.4,177,0.089,81,86.77,7.3,68,0.127,12.3,107.5,67,21,177,10.7,5.4,0.114,0.035,35,55,0.5,86.77,97,105,39,18,0.536,30,157,87.73,97.3,51,51,36,8.9,36.0,5.0,0.351,0.25,0.0,7.0,57.0,3.0,0.429,8.0,84.0,0.7,10.0,20.0,7.0,15.0,18,0.581,0.0,0.0,0.333,0.429,31,2.0,0.323,0.372,1.0,36.0,15.0,10.0,7.0,0.476,0.0,43.0,0.581,42.0,0.0,0.0,1.0,0.0,0.0,31.0,0.0,20.0,18,DET,12.0,0.0,31,16.0,0.583,0.417,North Carolina,230,1,83,4,USA,1995,2007
1725,Rasho Nesterovic,Rasho,1610612761,TOR,31.0,5,2,3,0.4,71.385,7,15,0.467,0,0,0.0,3,3,1.0,10,13,23,3,4,0,2,0,4,3,17,-31,51.1,0,0,47.0,107,93,39,105,127,123,132,69,97,130,97,123,137,1,57,97,85,117,110,151,73,1,41,135,131,172,124,49,2,122,1,4,122,94,17.2,0.134,178,0.75,94.9,174,13,0.129,140,-23.8,143,175,118.7,94.8,75.37,113,0.21,135,118.7,-23.9,128,0.079,1,90.44,17.4,140,0.093,3.0,94.8,96,174,128,13.0,1.4,0.177,0.147,144,178,0.467,90.44,107,80,76,171,0.521,143,125,90.32,118.8,166,165,119,-23.8,3.0,0.0,0.0,0.0,,4.0,0.0,0.0,0.375,0.0,8.0,0.571,7.0,0.0,0.0,0.0,0,0.0,,,0.0,0.0,0,0.0,0.0,0.0,,0.0,0.0,0.0,3.0,0.429,,0.0,0.5,7.0,,,,,,0.0,,3.0,1,TOR,6.0,,2,0.0,0.5,0.0,None,255,1,84,17,Slovenia,1998,2007
1888,Richard Hamilton,Richard,1610612765,DET,29.0,16,10,6,0.625,638.065,108,252,0.429,8,20,0.4,77,89,0.865,32,37,69,60,31,14,2,16,60,55,301,39,490.8,0,0,470.0,27,20,148,25,11,6,6,86,42,45,28,5,8,40,12,46,30,12,19,22,73,184,185,13,7,22,13,49,2,13,1,106,19,97,8.1,0.24,76,1.94,103.5,48,136,0.238,39,3.7,58,59,101.0,104.7,72.91,36,0.06,1161,101.0,3.8,170,0.184,67,87.49,8.1,35,0.104,15.8,104.7,111,48,170,15.7,6.8,0.056,0.051,65,76,0.444,87.49,40,66,62,46,0.517,58,143,88.59,99.7,59,59,22,3.7,60.0,5.0,0.3,0.5,0.0,12.0,10.0,1.0,0.392,8.0,153.0,0.444,27.0,3.0,2.0,10.0,28,0.538,0.0,0.0,0.5,0.5,52,4.0,0.36,0.4,0.0,65.0,30.0,9.0,7.0,0.36,0.0,5.0,0.528,89.0,0.0,1.0,0.0,0.0,0.0,25.0,0.0,32.0,28,DET,14.0,0.0,53,2.0,0.5,0.462,Connecticut,193,1,79,7,USA,1999,2007
2210,Richard Jefferson,Richard,1610612751,NJN,27.0,12,6,6,0.5,488.7416666666667,81,168,0.482,13,40,0.325,61,66,0.924,4,63,67,27,27,9,5,10,24,48,236,21,371.9,0,0,371.0,38,38,148,70,19,17,21,58,30,28,59,12,15,27,93,20,33,33,21,45,36,171,138,22,13,32,24,49,2,25,1,84,29,33,10.8,0.222,58,1.0,100.9,59,60,0.219,48,2.7,86,49,99.0,101.8,74.97,82,0.135,914,99.0,1.8,134,0.105,140,89.96,10.8,46,0.137,14.0,101.8,59,59,134,10.8,6.8,0.074,0.009,98,58,0.521,89.96,83,104,28,57,0.599,86,123,90.33,99.0,96,95,22,2.7,17.0,6.0,0.269,0.6,0.0,5.0,26.0,3.0,0.362,5.0,47.0,0.5,10.0,7.0,9.0,14.0,46,0.648,0.0,0.0,0.429,0.333,71,3.0,0.35,0.3,0.0,5.0,1.0,14.0,4.0,0.364,,10.0,0.644,33.0,0.0,0.0,,0.0,0.0,40.0,0.0,12.0,47,NJN,7.0,,73,3.0,0.571,0.2,Arizona,230,1,79,13,USA,2001,2007
109,Robert Horry,Robert,1610612759,SAS,36.0,18,14,4,0.778,360.9216666666667,25,60,0.417,13,37,0.351,14,17,0.824,16,54,70,29,14,11,24,1,30,18,77,37,295.5,0,0,259.0,18,10,52,14,39,72,69,94,30,32,48,65,75,56,35,26,29,28,56,32,4,60,147,67,68,24,37,49,2,42,1,52,119,50,12.7,0.105,46,2.07,101.3,53,47,0.104,166,3.5,97,28,97.1,100.6,76.75,25,0.149,699,97.1,4.9,104,0.126,70,92.1,12.6,164,0.104,3.3,100.6,52,53,104,26.1,1.4,0.099,0.046,89,46,0.525,92.1,67,29,63,40,0.571,97,80,92.09,96.4,117,118,120,3.5,4.0,7.0,0.261,0.4,0.0,0.0,23.0,5.0,0.364,5.0,11.0,0.0,2.0,6.0,9.0,14.0,8,0.8,0.0,0.0,0.5,0.556,10,2.0,0.412,0.143,0.0,2.0,0.0,14.0,0.0,0.4,0.0,7.0,0.8,5.0,0.0,,0.0,0.0,,34.0,,2.0,8,SAS,2.0,0.0,10,1.0,0.0,0.0,Alabama,240,1,82,11,USA,1992,2007
2427,Roger Mason Jr.,Roger,1610612764,WAS,26.0,4,0,4,0.0,55.74,7,16,0.438,5,10,0.5,5,6,0.833,0,2,2,1,3,1,0,0,10,4,24,1,27.9,0,0,34.0,127,147,52,147,134,123,130,81,57,71,5,103,110,50,159,155,163,144,120,126,126,1,76,126,117,64,143,49,2,131,1,148,105,22,13.3,0.167,166,0.33,111.1,77,150,0.163,106,0.9,12,178,113.9,114.8,82.53,135,0.038,115,113.9,-9.4,23,0.023,148,99.03,13.6,105,0.024,4.0,114.8,22,77,23,4.5,1.8,0.019,0.0,16,166,0.594,99.03,155,154,153,132,0.644,12,19,97.91,120.6,134,132,102,0.9,1.0,1.0,0.5,0.0,0.0,0.0,8.0,1.0,0.2,1.0,5.0,0.0,0.0,4.0,1.0,2.0,1,1.0,0.0,0.0,0.5,1.0,1,0.0,0.625,0.0,0.0,1.0,0.0,5.0,0.0,0.333,,3.0,1.0,3.0,0.0,0.0,,0.0,0.0,8.0,0.0,1.0,1,WAS,0.0,,1,0.0,0.0,0.0,Virginia,212,2,77,30,USA,2002,2007
200758,Ronnie Brewer,Ronnie,1610612762,UTA,22.0,8,5,3,0.625,41.33166666666666,6,10,0.6,0,0,0.0,7,13,0.538,2,4,6,2,2,1,0,1,3,7,19,-3,30.2,0,0,29.0,75,66,39,25,145,129,142,14,97,130,97,91,83,125,120,138,141,126,131,126,126,60,33,105,126,94,138,49,2,136,1,151,160,31,10.1,0.183,140,1.0,110.1,100,98,0.171,85,-3.6,57,163,108.4,104.8,80.33,82,0.093,83,108.4,-4.8,48,0.083,148,96.39,10.0,92,0.104,1.3,104.8,20,100,48,10.0,0.8,0.0,0.0,20,140,0.6,96.39,101,109,65,107,0.604,57,95,91.37,114.9,86,88,146,-3.6,0.0,0.0,0.0,0.0,0.0,2.0,0.0,0.0,0.0,0.0,1.0,0.5,4.0,0.0,0.0,0.0,4,0.8,0.0,0.0,0.0,0.0,5,0.0,0.0,0.0,0.0,1.0,0.0,0.0,2.0,0.0,,0.0,0.8,1.0,0.0,,,0.0,,0.0,,0.0,4,UTA,3.0,,5,0.0,0.667,0.0,Arkansas,218,1,79,14,USA,2006,2007
101142,Ronny Turiaf,Ronny,1610612747,LAL,24.0,4,0,4,0.0,48.248333333333335,5,14,0.357,0,0,0.0,7,10,0.7,6,6,12,1,1,2,1,0,8,9,17,-22,40.9,1,0,36.0,127,147,52,147,140,134,135,131,97,130,97,91,95,101,77,131,114,144,145,106,98,1,64,94,131,141,129,35,2,130,1,151,113,132,4.9,0.181,179,1.0,101.9,170,155,0.183,87,-20.0,94,180,121.0,101.0,82.08,82,0.0,98,121.0,-22.1,27,0.029,7,98.49,4.8,78,0.051,3.5,101.0,143,170,27,4.8,1.3,0.0,0.12,79,179,0.357,98.49,149,151,128,170,0.462,94,34,96.82,124.1,36,37,124,-20.0,2.0,0.0,0.0,0.0,0.0,1.0,0.0,0.0,0.5,0.0,4.0,0.167,6.0,0.0,0.0,0.0,2,0.5,0.0,0.0,0.0,0.0,4,0.0,0.0,0.0,0.0,2.0,1.0,0.0,1.0,0.333,,0.0,0.5,3.0,0.0,,,0.0,,0.0,,1.0,2,LAL,5.0,,4,0.0,0.2,0.5,Gonzaga,249,2,82,37,France,2005,2007
101180,Sarunas Jasikevicius,Sarunas,1610612744,GSW,31.0,4,3,1,0.75,5.946666666666666,0,1,0.0,0,0,0.0,1,2,0.5,0,0,0,2,0,0,0,0,1,1,1,1,4.0,0,0,3.0,127,80,5,15,176,172,177,172,97,130,97,150,143,133,159,175,178,126,160,151,126,1,16,151,177,64,176,49,2,176,1,151,181,172,0.0,0.16,7,0.0,83.6,28,155,0.133,116,7.7,179,7,61.5,69.2,87.44,152,0.0,13,61.5,14.9,12,0.667,148,104.93,0.0,139,0.0,0.3,69.2,172,28,12,50.0,0.0,0.0,0.0,172,7,0.0,104.93,2,1,162,10,0.266,179,119,90.4,68.7,1,1,172,7.7,0.0,0.0,0.0,0.0,,,0.0,,0.0,0.0,1.0,,,0.0,,0.0,0,0.0,,,0.0,,0,0.0,0.0,0.0,,,,0.0,,0.0,,0.0,0.0,0.0,,,,,,1.0,,0.0,0,GSW,,,0,0.0,,,Maryland,197,Undrafted,76,Undrafted,Lithuania,Undrafted,2007
2562,Sasha Pavlovic,Sasha,1610612739,CLE,23.0,20,12,8,0.6,615.62,72,189,0.381,20,58,0.345,19,36,0.528,13,38,51,32,36,19,5,20,64,29,183,-36,328.2,0,0,334.0,1,11,176,35,12,22,16,122,15,14,51,50,39,130,44,44,45,23,13,12,36,186,189,38,26,177,30,49,2,27,1,129,56,138,13.2,0.189,78,0.89,97.7,103,130,0.186,78,-4.3,125,63,101.5,97.2,73.06,106,0.065,1131,101.5,-2.6,165,0.096,102,87.68,13.1,77,0.027,9.5,97.2,119,103,165,11.7,3.6,0.043,0.021,127,78,0.434,87.68,91,96,152,93,0.447,125,151,87.97,100.3,129,130,65,-4.3,17.0,9.0,0.316,0.5,0.0,0.0,38.0,4.0,0.37,10.0,46.0,0.0,9.0,12.0,11.0,21.0,34,0.453,0.0,0.0,0.429,0.364,75,5.0,0.367,0.333,0.0,14.0,4.0,18.0,0.0,0.4,,18.0,0.447,25.0,0.0,0.0,,0.0,0.0,49.0,0.0,10.0,34,CLE,7.0,,76,6.0,0.0,0.286,None,210,1,79,19,Montenegro,2003,2007
2756,Sasha Vujacic,Sasha,1610612747,LAL,23.0,4,0,4,0.0,42.89,5,9,0.556,1,4,0.25,0,0,0.0,2,2,4,3,3,1,0,0,4,1,11,-6,20.3,0,0,21.0,127,147,52,147,144,134,143,23,83,92,77,162,165,162,120,155,150,117,120,126,126,1,41,151,141,99,150,49,2,148,1,119,145,29,20.0,0.132,151,1.0,105.1,135,148,0.128,142,-9.4,92,148,110.6,101.1,80.21,82,0.043,87,110.6,-5.3,49,0.1,63,96.25,20.0,142,0.051,2.3,101.1,19,135,49,20.0,1.3,0.048,0.053,47,151,0.611,96.25,90,41,129,110,0.611,92,57,94.5,110.4,174,174,124,-9.4,2.0,0.0,0.25,0.0,,0.0,4.0,0.0,0.667,0.0,3.0,0.0,0.0,1.0,0.0,0.0,2,1.0,,,0.0,0.0,2,0.0,1.0,0.25,0.0,0.0,0.0,1.0,0.0,0.5,,4.0,1.0,2.0,0.0,,,0.0,,1.0,,1.0,2,LAL,0.0,,2,1.0,0.0,0.0,None,195,1,79,27,Slovenia,2004,2007
1513,Scot Pollard,Scot,1610612739,CLE,32.0,3,1,2,0.333,2.825,0,0,0.0,0,0,0.0,0,0,0.0,0,0,0,0,0,0,0,0,1,0,0,1,0.0,0,0,0.0,160,120,23,108,184,172,182,172,97,130,97,162,165,162,159,175,178,165,160,151,126,1,16,173,181,64,186,49,2,186,1,151,182,181,0.0,0.0,9,0.0,120.0,5,155,0.0,187,48.6,7,182,71.4,120.0,84.96,152,0.0,5,71.4,-8.9,17,0.0,148,101.95,0.0,187,-0.083,0.0,120.0,172,5,17,0.0,0.0,0.0,0.0,10,9,0.0,101.95,165,165,186,128,0.0,7,189,75.44,128.9,1,1,172,48.6,0.0,,0.0,,,0.0,0.0,,0.0,,0.0,0.0,0.0,0.0,,,0,0.0,,,,,0,,0.0,0.0,,0.0,0.0,0.0,0.0,,,0.0,0.0,,,,,,,0.0,,,0,CLE,0.0,,0,0.0,0.0,0.0,Kansas,265,1,83,19,USA,1997,2007
1742,Shammond Williams,Shammond,1610612747,LAL,32.0,4,1,3,0.25,79.98166666666667,8,20,0.4,2,8,0.25,0,0,0.0,2,1,3,7,2,0,1,1,6,1,18,-18,33.1,0,0,32.0,127,120,39,129,124,118,122,105,78,78,77,162,165,162,120,164,156,87,131,151,98,60,51,151,127,136,135,49,2,134,1,149,93,136,6.9,0.12,162,3.5,103.9,138,154,0.116,147,-9.8,74,153,112.9,103.1,81.02,7,0.013,161,112.9,-8.1,38,0.13,99,97.22,6.9,147,0.027,5.0,103.1,108,138,38,24.1,2.0,0.018,0.024,60,162,0.45,97.22,63,32,151,122,0.45,74,28,97.27,112.0,49,49,96,-9.8,3.0,0.0,0.286,0.0,0.0,0.0,7.0,0.0,0.5,1.0,6.0,0.0,1.0,2.0,0.0,1.0,3,0.6,0.0,0.0,0.0,0.0,5,0.0,0.333,0.4,0.0,0.0,0.0,2.0,0.0,0.333,,5.0,0.6,3.0,0.0,,,0.0,,6.0,,1.0,3,LAL,1.0,,5,2.0,0.0,0.0,North Carolina,201,2,73,34,USA,1998,2007
2203,Shane Battier,Shane,1610612745,HOU,28.0,7,3,4,0.429,271.845,23,51,0.451,19,43,0.442,7,8,0.875,3,15,18,15,8,12,7,0,20,14,72,-25,165.1,0,0,162.0,79,80,52,97,49,75,75,76,17,26,18,91,102,38,106,92,99,58,87,29,26,1,121,81,72,151,63,49,2,61,1,139,72,17,10.3,0.111,80,1.88,97.8,109,141,0.109,159,-5.4,130,66,101.8,96.3,75.85,39,0.058,517,101.8,-2.8,119,0.101,133,91.02,10.3,160,0.074,7.3,96.3,16,109,119,19.2,3.3,0.035,0.012,124,80,0.637,91.02,88,49,96,95,0.66,130,108,90.85,100.6,91,92,71,-5.4,0.0,13.0,0.375,0.417,0.0,3.0,16.0,8.0,0.0,12.0,0.0,0.75,4.0,6.0,15.0,27.0,1,0.25,0.0,0.0,0.481,0.533,4,5.0,0.457,0.375,0.0,2.0,1.0,16.0,2.0,0.0,0.0,8.0,0.25,0.0,0.0,0.0,0.0,0.0,0.0,35.0,0.0,0.0,1,HOU,2.0,0.0,4,3.0,1.0,0.5,Duke,220,1,80,6,USA,2001,2007
200769,Shannon Brown,Shannon,1610612739,CLE,21.0,1,0,1,0.0,0.008333333333333333,0,0,0.0,0,0,0.0,0,0,0.0,0,0,0,0,0,0,0,0,0,0,0,-2,0.0,0,0,0.0,178,147,5,147,191,172,182,172,97,130,97,162,165,162,159,175,178,165,160,151,126,1,1,173,181,87,186,49,2,186,1,151,182,181,0.0,0.0,189,0.0,0.0,189,155,0.0,187,-200.0,188,191,200.0,0.0,2400.0,152,0.0,0,200.0,-227.3,1,0.0,148,2880.0,0.0,187,0.0,0.0,0.0,172,189,1,0.0,0.0,0.0,0.0,188,189,0.0,2880.0,165,165,162,191,0.0,188,1,2534.4,227.3,1,1,172,-200.0,,,,,,,,,,,,,,,,,0,0.0,,,,,0,,,,,,,,,,,,0.0,,,,,,,,,,0,CLE,,,0,,,,Michigan State,205,1,76,25,USA,2006,2007
406,Shaquille O'Neal,Shaquille,1610612748,MIA,35.0,4,0,4,0.0,120.85833333333333,33,59,0.559,0,0,0.0,9,27,0.333,16,18,34,5,14,1,6,3,15,21,75,-47,130.3,1,0,128.0,127,147,52,147,108,61,71,22,97,130,97,81,53,158,35,83,66,103,56,126,32,116,107,59,71,189,83,35,2,81,1,12,24,89,15.6,0.335,148,0.36,89.8,167,32,0.335,7,-18.3,155,144,109.5,91.2,75.96,134,0.175,227,109.5,-20.2,117,0.114,4,91.15,15.6,5,0.103,14.8,91.2,33,167,117,5.6,8.3,0.15,0.129,161,148,0.559,91.15,75,148,68,166,0.529,155,91,91.62,110.0,153,153,15,-18.3,1.0,0.0,0.0,0.0,,8.0,0.0,0.0,0.5,0.0,2.0,0.364,22.0,0.0,0.0,0.0,24,0.686,,,0.0,0.0,35,0.0,0.0,0.0,,1.0,1.0,0.0,8.0,0.0,,0.0,0.649,0.0,,,,,,0.0,,0.0,24,MIA,21.0,,37,0.0,0.381,1.0,Louisiana State,325,1,85,1,USA,1992,2007
1890,Shawn Marion,Shawn,1610612756,PHX,29.0,11,6,5,0.545,454.7816666666667,76,152,0.5,12,34,0.353,22,33,0.667,27,87,114,13,12,16,19,10,27,23,186,74,435.3,7,0,395.0,48,38,140,57,22,19,27,41,34,34,46,44,41,107,17,11,11,69,65,16,5,171,142,53,25,10,20,6,2,21,1,30,30,63,6.3,0.177,68,1.08,106.8,23,24,0.174,93,8.6,22,58,100.3,109.0,79.69,76,0.185,904,100.3,7.2,53,0.045,54,95.62,6.3,88,0.131,13.8,109.0,40,23,53,6.8,6.9,0.126,0.062,34,68,0.539,95.62,141,139,35,25,0.558,22,33,96.94,99.6,47,47,21,8.6,9.0,6.0,0.353,0.333,1.0,14.0,17.0,4.0,0.391,6.0,23.0,0.467,30.0,6.0,10.0,16.0,41,0.631,0.0,0.0,0.375,0.4,65,2.0,0.308,0.5,1.0,11.0,3.0,8.0,14.0,0.462,0.0,8.0,0.621,13.0,0.0,,0.0,0.0,,26.0,,6.0,41,PHX,27.0,0.0,66,4.0,0.519,0.273,UNLV,228,1,79,9,USA,1999,2007
2470,Smush Parker,Smush,1610612747,LAL,26.0,5,1,4,0.2,58.87833333333333,2,13,0.154,1,6,0.167,4,4,1.0,4,3,7,3,3,3,1,0,8,4,9,-10,30.9,0,0,28.0,107,120,52,131,133,151,137,171,83,82,90,112,128,1,93,147,137,117,120,95,98,1,64,126,145,111,137,49,2,139,1,112,133,170,14.5,0.124,53,1.0,92.2,124,147,0.123,145,-7.5,157,24,98.3,90.8,81.86,82,0.045,120,98.3,-3.3,29,0.071,56,98.24,14.3,146,-0.009,2.6,90.8,169,124,29,14.3,0.4,0.053,0.06,158,53,0.192,98.24,111,74,173,97,0.305,157,13,98.99,95.5,141,144,159,-7.5,1.0,0.0,0.2,0.0,0.0,0.0,5.0,0.0,0.25,1.0,4.0,0.0,1.0,1.0,0.0,1.0,0,0.0,0.0,0.0,0.0,0.0,2,0.0,0.0,0.2,0.0,0.0,0.0,0.0,0.0,0.25,0.0,5.0,0.0,4.0,0.0,,0.0,0.0,,1.0,,1.0,0,LAL,1.0,0.0,2,1.0,0.0,0.0,Fordham,180,Undrafted,76,Undrafted,USA,Undrafted,2007
1536,Stephen Jackson,Stephen,1610612744,GSW,29.0,11,5,6,0.455,453.52,61,161,0.379,26,72,0.361,71,87,0.816,6,34,40,40,41,22,8,13,39,58,219,15,376.0,0,0,385.0,48,66,148,88,23,30,23,124,8,9,41,8,10,60,77,50,57,20,10,8,23,180,162,12,19,37,23,49,2,22,1,126,26,72,14.6,0.234,130,0.98,107.7,69,117,0.232,43,1.2,28,111,106.5,107.7,81.23,102,0.076,923,106.5,2.4,35,0.143,131,97.48,14.6,39,0.084,14.6,107.7,101,69,35,14.2,5.5,0.044,0.013,29,130,0.46,97.48,56,75,89,55,0.549,28,17,98.07,105.3,145,145,35,1.2,6.0,3.0,0.377,0.333,1.0,3.0,61.0,1.0,0.214,6.0,28.0,0.273,11.0,23.0,4.0,10.0,26,0.52,0.0,0.0,0.3,0.25,50,2.0,0.383,0.313,1.0,6.0,1.0,18.0,3.0,0.214,0.0,32.0,0.51,14.0,0.0,0.0,1.0,0.0,0.0,47.0,0.0,3.0,26,GSW,9.0,0.0,51,10.0,0.333,0.167,Butler C.C. (KS),218,2,80,42,USA,1997,2007
2581,Steve Blake,Steve,1610612743,DEN,27.0,5,1,4,0.2,179.76333333333332,14,31,0.452,8,16,0.5,0,0,0.0,1,11,12,23,10,3,0,1,8,4,36,0,83.9,0,0,85.0,107,120,52,131,78,98,103,75,42,59,5,162,165,162,138,107,114,41,71,95,126,60,64,126,98,76,102,49,2,97,1,141,82,40,15.6,0.106,81,2.3,100.5,82,135,0.105,165,0.3,84,72,101.8,102.1,74.65,19,0.06,335,101.8,-0.5,147,0.197,145,89.58,15.6,163,0.067,6.2,102.1,26,82,147,35.9,2.8,0.034,0.006,100,81,0.581,89.58,37,8,107,78,0.581,84,114,90.63,101.0,154,154,80,0.3,5.0,2.0,0.545,0.5,,0.0,11.0,1.0,0.385,2.0,13.0,0.0,0.0,6.0,3.0,5.0,1,0.5,,,0.4,0.333,2,1.0,0.588,0.0,,3.0,0.0,10.0,0.0,0.429,,2.0,0.5,7.0,,,,,,17.0,,3.0,1,DEN,0.0,,2,0.0,0.0,0.0,Maryland,172,2,75,38,USA,2003,2007
959,Steve Nash,Steve,1610612756,PHX,33.0,11,6,5,0.545,412.63666666666666,74,160,0.463,19,39,0.487,41,46,0.891,4,31,35,146,48,4,1,9,21,51,208,57,436.0,10,0,418.0,48,38,140,57,31,20,24,70,17,29,14,23,27,33,93,53,63,2,6,85,98,164,124,19,21,17,19,3,2,18,1,127,27,43,12.8,0.251,108,3.04,108.0,30,121,0.248,28,6.9,17,92,104.1,110.9,78.86,11,0.074,814,104.1,4.7,67,0.553,137,94.63,12.9,27,0.163,14.5,110.9,57,30,67,39.1,6.7,0.043,0.01,26,108,0.522,94.63,3,7,17,42,0.577,17,39,96.29,103.2,124,124,24,6.9,24.0,3.0,0.444,1.0,0.0,7.0,36.0,2.0,0.387,1.0,62.0,0.412,17.0,16.0,2.0,3.0,24,0.571,0.0,0.0,1.0,1.0,42,1.0,0.522,0.455,0.0,26.0,10.0,12.0,6.0,0.333,,22.0,0.571,36.0,0.0,,,0.0,,23.0,,12.0,24,PHX,11.0,,42,10.0,0.545,0.385,Santa Clara,195,1,75,15,Canada,1996,2007
2551,T.J. Ford,T.J.,1610612761,TOR,24.0,6,2,4,0.333,136.16166666666666,37,76,0.487,5,10,0.5,17,21,0.81,5,5,10,24,14,7,2,2,7,18,96,-30,157.0,0,0,153.0,87,93,52,108,99,54,60,56,57,71,5,57,65,61,82,134,121,37,56,55,73,89,57,67,56,170,67,49,2,68,1,131,31,57,11.4,0.34,118,1.71,94.8,139,149,0.334,6,-9.8,137,121,105.2,95.4,77.85,46,0.042,263,105.2,-11.8,85,0.49,79,93.42,11.4,6,0.166,12.7,95.4,60,139,85,19.5,6.2,0.04,0.038,146,118,0.52,93.42,5,48,15,147,0.563,137,73,93.12,106.6,102,103,28,-9.8,17.0,2.0,0.429,1.0,0.0,4.0,7.0,1.0,0.459,1.0,37.0,1.0,4.0,3.0,2.0,3.0,11,0.44,0.0,0.0,0.667,0.5,25,1.0,0.533,0.0,0.0,5.0,3.0,8.0,1.0,0.481,,2.0,0.462,27.0,0.0,0.0,,0.0,0.0,15.0,0.0,13.0,12,TOR,1.0,,26,0.0,1.0,0.6,Texas,165,1,72,8,USA,2003,2007
2419,Tayshaun Prince,Tayshaun,1610612765,DET,27.0,16,10,6,0.625,664.8733333333333,83,200,0.415,18,44,0.409,41,54,0.759,27,76,103,60,30,15,5,5,30,46,225,108,468.6,1,0,446.0,27,20,148,25,5,16,10,96,22,25,26,23,21,82,17,12,14,12,20,19,36,142,147,24,16,2,17,35,2,15,1,72,32,110,9.6,0.185,56,2.0,106.6,24,71,0.182,81,8.6,29,37,98.9,107.5,72.43,27,0.119,1206,98.9,9.6,176,0.159,72,86.92,9.6,80,0.11,12.5,107.5,100,24,176,19.2,5.2,0.082,0.044,36,56,0.46,86.92,47,50,57,17,0.503,29,150,88.13,97.0,79,78,40,8.6,23.0,9.0,0.409,0.3,0.0,8.0,22.0,6.0,0.333,10.0,69.0,0.308,26.0,9.0,12.0,22.0,34,0.557,0.0,0.0,0.409,0.5,61,3.0,0.389,0.4,0.0,22.0,5.0,14.0,9.0,0.405,0.0,15.0,0.557,37.0,0.0,0.0,1.0,0.0,0.0,36.0,0.0,15.0,34,DET,28.0,0.0,61,6.0,0.321,0.227,Kentucky,215,1,81,23,USA,2002,2007
200757,Thabo Sefolosha,Thabo,1610612741,CHI,23.0,9,5,4,0.556,99.03,10,26,0.385,3,8,0.375,7,12,0.583,4,13,17,7,7,2,0,0,11,8,30,3,59.9,0,0,61.0,72,66,52,55,117,111,110,118,66,78,36,91,86,120,93,97,103,87,91,106,126,1,81,97,107,55,115,49,2,114,1,65,131,119,15.5,0.172,15,1.0,92.8,37,50,0.169,99,5.4,154,13,86.1,91.5,82.2,82,0.14,199,86.1,2.8,24,0.132,76,98.64,15.2,96,0.066,2.9,91.5,113,37,24,15.2,1.1,0.088,0.04,156,15,0.442,98.64,61,69,111,52,0.48,154,46,95.8,89.9,152,152,129,5.4,5.0,2.0,0.25,1.0,0.0,1.0,4.0,0.0,0.357,2.0,14.0,1.0,1.0,1.0,2.0,4.0,1,0.333,0.0,0.0,0.5,0.0,3,2.0,0.444,0.0,0.0,3.0,2.0,4.0,0.0,0.333,0.0,2.0,0.333,9.0,0.0,0.0,0.0,0.0,0.0,9.0,0.0,3.0,1,CHI,0.0,0.0,3,0.0,0.0,0.667,None,215,1,79,13,Switzerland,2006,2007
1495,Tim Duncan,Tim,1610612759,SAS,31.0,20,16,4,0.8,736.435,174,334,0.521,0,0,0.0,96,149,0.644,73,156,229,65,59,13,62,32,59,122,444,82,982.3,14,0,888.0,1,1,52,5,3,1,3,35,97,130,97,3,2,115,1,1,1,10,4,25,1,191,184,2,2,9,2,1,2,2,1,8,16,65,11.3,0.294,82,1.1,106.6,34,12,0.295,18,6.0,27,67,101.8,107.8,74.87,72,0.214,1378,101.8,5.9,141,0.173,16,89.85,11.2,13,0.179,16.7,107.8,58,34,141,12.3,8.7,0.162,0.106,37,82,0.521,89.85,43,88,11,32,0.556,27,107,90.9,100.7,99,100,10,6.0,39.0,0.0,0.0,0.0,0.0,43.0,0.0,0.0,0.415,0.0,94.0,0.41,105.0,0.0,0.0,0.0,92,0.681,0.0,0.0,0.0,0.0,135,0.0,0.0,0.0,0.0,59.0,30.0,0.0,39.0,0.318,,0.0,0.662,22.0,0.0,,,0.0,,1.0,,7.0,98,SAS,104.0,,148,0.0,0.375,0.508,Wake Forest,260,1,83,1,US Virgin Islands,1997,2007
1499,Tony Battie,Tony,1610612753,ORL,31.0,4,0,4,0.0,86.75666666666666,7,18,0.389,0,0,0.0,1,4,0.25,3,13,16,1,0,0,0,0,12,4,15,-19,35.7,0,0,32.0,127,147,52,147,121,123,123,115,97,130,97,150,128,159,106,97,106,144,160,151,126,1,86,126,134,139,132,49,2,134,1,45,98,155,0.0,0.113,170,0.0,102.6,143,31,0.114,155,-10.2,53,168,115.5,105.3,70.77,152,0.176,152,115.5,-14.4,186,0.018,78,84.93,0.0,149,0.017,4.5,105.3,137,143,186,4.8,1.8,0.106,0.039,74,170,0.389,84.93,159,151,158,155,0.38,53,176,85.48,117.0,1,1,102,-10.2,3.0,0.0,0.0,0.0,,0.0,0.0,0.0,0.25,0.0,12.0,0.0,1.0,0.0,0.0,0.0,4,0.8,,,0.0,0.0,5,0.0,0.0,0.0,,6.0,2.0,0.0,0.0,0.167,0.0,0.0,0.8,6.0,,0.0,0.0,,0.0,0.0,0.0,1.0,4,ORL,1.0,0.0,5,0.0,0.0,0.333,Texas Tech,240,1,83,5,USA,1997,2007
2225,Tony Parker,Tony,1610612759,SAS,25.0,20,16,4,0.8,750.6383333333333,168,350,0.48,7,21,0.333,72,106,0.679,14,53,67,115,66,22,0,28,34,85,415,84,667.9,2,0,648.0,1,1,52,5,2,2,2,59,47,44,52,7,5,106,42,27,33,5,2,8,126,190,154,5,3,8,4,27,2,4,1,121,11,92,11.4,0.291,85,1.74,106.5,38,124,0.287,19,5.2,31,73,102.3,107.5,75.72,45,0.073,1426,102.3,5.1,123,0.287,105,90.87,11.5,18,0.123,17.5,107.5,84,38,123,20.0,8.4,0.047,0.02,38,85,0.49,90.87,20,45,42,37,0.523,31,90,91.68,101.4,105,105,12,5.2,55.0,3.0,0.25,0.333,0.0,21.0,16.0,2.0,0.414,3.0,133.0,0.447,47.0,4.0,2.0,5.0,85,0.57,0.0,0.0,0.6,1.0,149,1.0,0.429,0.2,1.0,25.0,8.0,18.0,17.0,0.411,0.0,5.0,0.569,90.0,0.0,,1.0,0.0,,42.0,,37.0,87,SAS,33.0,0.0,153,1.0,0.515,0.32,None,180,1,74,28,France,2001,2007
1503,Tracy McGrady,Tracy,1610612745,HOU,28.0,7,3,4,0.429,279.9266666666667,63,160,0.394,9,36,0.25,42,57,0.737,5,36,41,51,21,5,6,9,12,55,177,-29,314.7,4,0,300.0,79,80,52,97,48,28,24,112,38,33,77,20,19,91,82,49,54,14,33,69,32,164,86,13,27,163,32,13,2,32,1,80,3,121,8.2,0.355,96,2.43,98.1,108,53,0.35,3,-5.3,124,83,103.0,97.7,74.95,15,0.139,524,103.0,-3.9,136,0.44,111,89.94,8.1,3,0.148,22.9,97.7,124,108,136,19.8,9.0,0.077,0.018,121,96,0.422,89.94,8,46,23,101,0.478,124,127,90.24,102.0,60,61,6,-5.3,26.0,0.0,0.265,0.0,0.0,7.0,34.0,0.0,0.342,2.0,76.0,0.5,14.0,9.0,0.0,2.0,21,0.618,0.0,0.0,0.0,0.0,34,0.0,0.278,0.296,0.0,12.0,5.0,10.0,8.0,0.297,0.0,27.0,0.618,37.0,0.0,1.0,0.0,0.0,0.0,36.0,0.0,11.0,21,HOU,13.0,0.0,34,8.0,0.615,0.417,None,223,1,80,9,USA,1997,2007
2772,Trevor Ariza,Trevor,1610612753,ORL,21.0,4,0,4,0.0,47.24666666666667,5,16,0.313,0,0,0.0,1,4,0.25,5,4,9,5,4,1,0,2,9,2,11,-16,28.3,0,0,27.0,127,147,52,147,141,134,130,152,97,130,97,150,128,159,82,138,126,103,110,126,126,89,69,142,141,129,142,49,2,140,1,151,105,169,14.9,0.225,30,1.25,80.4,159,118,0.214,46,-15.3,173,47,94.4,79.1,74.08,65,0.075,86,94.4,-17.7,156,0.208,148,88.9,14.8,49,-0.035,4.0,79.1,157,159,156,18.5,1.3,0.0,0.0,176,30,0.313,88.9,34,54,180,164,0.31,173,171,86.46,98.1,147,147,124,-15.3,1.0,0.0,0.0,0.0,,0.0,0.0,0.0,0.167,0.0,6.0,0.0,0.0,0.0,0.0,0.0,4,0.4,,,0.0,0.0,10,0.0,1.0,0.0,,0.0,0.0,1.0,0.0,0.0,0.0,0.0,0.4,5.0,,,0.0,,,1.0,,0.0,4,ORL,0.0,0.0,10,0.0,0.0,0.0,UCLA,210,2,80,43,USA,2004,2007
200748,Tyrus Thomas,Tyrus,1610612741,CHI,20.0,10,6,4,0.6,121.59833333333333,16,41,0.39,0,0,0.0,19,30,0.633,12,22,34,6,15,10,5,4,23,18,51,-23,130.8,0,0,121.0,63,38,52,35,107,93,86,113,97,130,97,50,47,118,49,71,66,92,51,39,36,131,134,67,87,144,81,49,2,82,1,18,104,127,19.9,0.256,89,0.4,95.0,126,18,0.253,25,-7.9,147,124,102.5,94.6,79.28,133,0.195,239,102.5,-11.8,60,0.102,25,95.13,19.7,23,0.072,4.1,94.6,136,126,60,7.9,1.6,0.142,0.094,143,89,0.39,95.13,86,129,97,146,0.47,147,75,92.95,106.8,173,173,111,-7.9,2.0,0.0,0.0,0.0,0.0,0.0,0.0,0.0,0.167,0.0,12.0,0.0,3.0,0.0,0.0,0.0,14,0.538,0.0,0.0,0.0,0.0,26,0.0,0.0,0.0,0.0,3.0,1.0,0.0,1.0,0.0,,0.0,0.538,6.0,0.0,0.0,,0.0,0.0,0.0,0.0,0.0,14,CHI,6.0,,26,0.0,0.167,0.333,Louisiana State,215,1,81,4,USA,2006,2007
2617,Udonis Haslem,Udonis,1610612748,MIA,27.0,4,0,4,0.0,102.87666666666667,12,25,0.48,0,0,0.0,6,8,0.75,4,17,21,4,2,1,2,3,14,8,30,-40,68.2,0,0,61.0,127,147,52,147,116,101,114,59,97,130,97,97,102,84,93,85,91,111,131,126,73,116,102,97,107,181,113,49,2,114,1,42,80,90,5.8,0.136,171,2.0,95.6,171,23,0.136,139,-20.2,135,160,115.8,95.6,79.12,27,0.185,204,115.8,-18.6,64,0.065,77,94.95,5.7,136,0.069,6.3,95.6,89,171,64,11.4,3.0,0.108,0.039,141,171,0.48,94.95,115,99,105,165,0.526,135,47,95.63,114.2,43,45,76,-20.2,4.0,0.0,0.0,0.0,,1.0,0.0,0.0,0.308,0.0,13.0,0.25,4.0,0.0,0.0,0.0,7,0.875,,,0.0,0.0,8,0.0,0.0,0.0,,6.0,2.0,0.0,1.0,0.25,0.0,0.0,0.875,8.0,,,0.0,,,0.0,,2.0,7,MIA,3.0,0.0,8,0.0,0.333,0.333,Florida,235,Undrafted,80,Undrafted,USA,Undrafted,2007
2779,Vassilis Spanoulis,Vassilis,1610612745,HOU,24.0,1,0,1,0.0,2.816666666666667,1,2,0.5,0,0,0.0,2,2,1.0,0,1,1,1,0,0,0,1,0,1,4,10,6.7,0,0,6.0,178,147,5,147,185,158,168,41,97,130,97,137,143,1,159,164,166,144,160,151,126,60,1,151,158,41,165,49,2,165,1,151,148,13,0.0,0.313,2,0.0,193.5,1,155,0.333,10,171.4,1,4,28.6,200.0,92.31,152,0.0,6,28.6,153.5,6,0.333,148,110.77,0.0,7,0.417,2.0,200.0,67,1,6,25.0,1.0,0.0,0.0,1,2,0.5,110.77,14,30,4,1,0.694,1,49,95.43,40.0,1,1,131,171.4,0.0,,,,,0.0,,,0.0,,0.0,0.0,0.0,,,,1,0.5,,,,,2,,,,,0.0,0.0,,0.0,0.0,,,0.5,0.0,,,,,,,,0.0,1,HOU,0.0,,2,,0.0,0.0,None,195,2,76,50,Greece,2004,2007
1713,Vince Carter,Vince,1610612751,NJN,30.0,12,6,6,0.5,487.2033333333333,93,235,0.396,21,54,0.389,61,88,0.693,17,65,82,64,38,11,7,13,35,75,268,37,478.4,3,0,471.0,38,38,148,70,20,11,8,109,13,17,31,12,9,104,32,17,20,11,12,32,26,180,157,7,10,24,16,18,2,12,1,62,8,115,10.1,0.309,43,1.68,99.7,45,50,0.306,11,4.5,89,36,96.7,101.2,74.88,48,0.14,910,96.7,2.7,140,0.264,80,89.85,10.1,10,0.126,19.6,101.2,115,45,140,17.1,7.8,0.089,0.038,106,43,0.44,89.85,25,59,40,54,0.49,89,118,90.42,97.0,88,86,18,4.5,27.0,6.0,0.333,0.429,0.0,10.0,42.0,3.0,0.314,7.0,86.0,0.385,26.0,14.0,4.0,11.0,36,0.514,0.0,0.0,0.545,0.75,70,3.0,0.388,0.3,0.0,22.0,6.0,19.0,8.0,0.37,0.0,20.0,0.514,46.0,0.0,0.0,0.0,0.0,0.0,49.0,0.0,17.0,37,NJN,26.0,0.0,72,6.0,0.308,0.273,North Carolina,220,1,78,5,USA,1998,2007
200821,Yakhouba Diawara,Yakhouba,1610612743,DEN,24.0,1,0,1,0.0,1.25,0,0,0.0,0,0,0.0,0,0,0.0,0,0,0,0,0,0,0,0,0,0,0,0,0.0,0,0,0.0,178,147,5,147,188,172,182,172,97,130,97,162,165,162,159,175,178,165,160,151,126,1,1,173,181,76,186,49,2,186,1,151,182,181,0.0,0.0,1,0.0,0.0,86,155,0.0,187,0.0,188,1,0.0,0.0,80.0,152,0.0,2,0.0,0.0,52,0.0,148,96.0,0.0,187,0.0,0.0,0.0,172,86,52,0.0,0.0,0.0,0.0,188,1,0.0,96.0,165,165,162,75,0.0,188,187,76.8,0.0,1,1,172,0.0,0.0,,0.0,,,,0.0,,0.0,,0.0,,,0.0,,,0,0.0,,,,,0,,0.0,,,0.0,0.0,0.0,,,,,0.0,,,,,,,0.0,,,0,DEN,,,0,,,0.0,Pepperdine,225,Undrafted,79,Undrafted,USA,Undrafted,2007
2397,Yao Ming,ao Ming,1610612745,HOU,26.0,7,3,4,0.429,260.30333333333334,55,125,0.44,0,0,0.0,66,75,0.88,23,49,72,6,33,1,5,16,27,52,176,-26,256.4,3,0,266.0,79,80,52,97,53,34,33,80,97,130,97,10,12,36,23,31,27,92,16,126,36,184,142,16,28,154,46,18,2,40,1,13,9,64,16.8,0.357,75,0.18,96.8,110,17,0.353,2,-5.6,138,78,101.0,95.4,76.22,147,0.196,497,101.0,-4.9,112,0.057,20,91.46,16.5,2,0.134,17.9,95.4,116,110,112,3.0,7.9,0.149,0.099,136,75,0.44,91.46,125,160,33,108,0.557,138,117,90.42,101.8,159,162,17,-5.6,12.0,0.0,0.0,0.0,0.0,18.0,0.0,0.0,0.293,0.0,41.0,0.391,46.0,0.0,0.0,0.0,25,0.658,0.0,0.0,0.0,0.0,38,0.0,0.0,0.0,0.0,46.0,17.0,0.0,12.0,0.167,,0.0,0.658,6.0,0.0,,,0.0,,0.0,,1.0,25,HOU,35.0,,38,0.0,0.343,0.37,None,310,1,90,1,China,2002,2007
980,Zydrunas Ilgauskas,Zydrunas,1610612739,CLE,32.0,20,12,8,0.6,648.6383333333333,97,197,0.492,0,0,0.0,57,68,0.838,66,127,193,17,32,9,16,3,60,52,251,-45,551.1,5,0,511.0,1,11,176,35,9,10,12,53,97,130,97,15,14,48,2,4,3,54,17,45,9,116,185,16,12,187,8,9,2,9,1,9,53,68,11.6,0.194,114,0.53,99.3,106,11,0.19,74,-5.2,108,94,104.7,99.5,71.81,126,0.216,1172,104.7,-4.1,182,0.05,14,86.17,11.6,72,0.124,9.9,99.5,83,106,182,6.2,4.9,0.161,0.107,108,114,0.492,86.17,131,145,41,103,0.553,108,167,86.74,103.5,107,107,46,-5.2,33.0,0.0,0.0,0.0,,14.0,0.0,0.0,0.359,0.0,92.0,0.483,29.0,0.0,0.0,0.0,50,0.658,,,0.0,0.0,76,0.0,1.0,0.0,,20.0,5.0,3.0,10.0,0.379,,0.0,0.659,66.0,,0.0,,,0.0,3.0,0.0,25.0,54,CLE,26.0,,82,0.0,0.385,0.25,None,260,1,87,20,Lithuania,1996,2007
