index,year,ortg,drtg,AtRimFGM,AtRimFGA,AtRimAssists,Turnovers,FTA,OffPoss,DefPoss,TwoPtAssists,Steals,BadPassSteals,ThreePtAssists,FG3A,OpponentPoints,Points,SecondChancePoints,FG2A,LiveBallTurnovers,TsPct,Fg3Pct,AtRimFG3AFrequency,Pace,AtRimFrequency,SecondsPerPossOff,SecondsPerPossDef,Minutes,DefAtRimReboundPct,DefFGReboundPct,AtRimAccuracy,player_on,OffFGReboundPct,nba_id
0,1998,113.6,116.1,,,,,,,,,,,,,,,,,,,,,,,,,101.0,,,,True,0.25,1005
1,1998,110.5,99.4,,,,,,,,,,,,,,,,,,,,,,,,,90.0,,,,False,0.273,1005
2,1999,103.1,91.9,,,,,,,,,,,,,,,,,,,,,,,,,183.0,,,,True,0.308,1005
3,1999,98.7,104.3,,,,,,,,,,,,,,,,,,,,,,,,,436.0,,,,False,0.243,1005
4,2003,106.16438356164385,109.57683741648108,64.0,103.0,39.0,60.0,164.0,438.0,449.0,69.0,33.0,27.0,26.0,84.0,492.0,465.0,63.0,276.0,25.0,0.5254629629629629,0.3452380952380952,0.5194444444444445,93.80039656311963,0.2861111111111111,15.833333333333334,14.88195991091314,227.0,0.6666666666666666,0.6721991701244814,0.6213592233009708,True,0.2777777777777778,1005
5,2003,112.5,110.26352288488212,267.0,431.0,153.0,214.0,460.0,1448.0,1442.0,277.0,104.0,83.0,90.0,295.0,1590.0,1629.0,229.0,988.0,96.0,0.5440188172043011,0.3491525423728813,0.5658612626656274,93.34499697193998,0.3359314107560405,15.583563535911605,15.269070735090152,743.0,0.6915887850467289,0.7467248908296943,0.6194895591647331,False,0.3460410557184751,1005
