index,year,ortg,drtg,AtRimFGM,AtRimFGA,AtRimAssists,Turnovers,FTA,OffPoss,DefPoss,TwoPtAssists,Steals,BadPassSteals,ThreePtAssists,FG3A,OpponentPoints,Points,SecondChancePoints,FG2A,LiveBallTurnovers,TsPct,Fg3Pct,AtRimFG3AFrequency,Pace,AtRimFrequency,SecondsPerPossOff,SecondsPerPossDef,Minutes,DefAtRimReboundPct,DefFGReboundPct,AtRimAccuracy,player_on,OffFGReboundPct,nba_id
0,2006,95.71428571428572,87.83783783783784,15.0,23.0,10.0,11.0,26.0,70.0,74.0,13.0,5.0,2.0,4.0,11.0,65.0,67.0,12.0,40.0,5.0,0.5317460317460317,0.3636363636363636,0.6666666666666666,104.83316481294236,0.4509803921568627,13.028571428571428,14.405405405405403,33.0,0.7777777777777778,0.75,0.6521739130434783,True,0.25,101125
1,2006,105.69948186528498,105.370082815735,1513.0,2482.0,910.0,1205.0,2286.0,7720.0,7728.0,1598.0,693.0,415.0,306.0,1065.0,8143.0,8160.0,1002.0,5556.0,581.0,0.531459345855773,0.3248826291079812,0.5357196798066757,93.78924201667918,0.3748678447364446,14.533549222797928,16.17274844720497,3953.0,0.5759803921568627,0.6889387984278496,0.6095890410958904,False,0.2972038051311617,101125
2,2007,101.33333333333331,113.15789473684212,16.0,28.0,11.0,10.0,21.0,75.0,76.0,16.0,6.0,3.0,3.0,13.0,86.0,76.0,7.0,52.0,4.0,0.5066666666666667,0.2307692307692307,0.6307692307692307,98.65698729582576,0.4307692307692308,14.653333333333334,14.539473684210526,37.0,0.7272727272727273,0.6388888888888888,0.5714285714285714,True,0.3421052631578947,101125
3,2007,108.05047318611987,106.17906683480454,1607.0,2567.0,935.0,1342.0,2428.0,7925.0,7930.0,1457.0,672.0,428.0,444.0,1427.0,8420.0,8563.0,1111.0,5313.0,676.0,0.5445455710806307,0.3370707778556412,0.5925816023738872,97.08959159026348,0.380860534124629,14.17539432176656,15.487515762925598,3919.0,0.5743243243243243,0.6844528710725893,0.6260225944682509,False,0.3250070962248084,101125
4,2007,100.0,93.75,8.0,17.0,2.0,5.0,18.0,50.0,48.0,6.0,4.0,4.0,3.0,11.0,45.0,50.0,8.0,39.0,4.0,0.4310344827586206,0.2727272727272727,0.56,85.2688821752266,0.34,14.78,19.08333333333333,28.0,0.125,0.5,0.4705882352941176,True,0.3571428571428571,101125
5,2007,107.19282037745808,111.81973909606008,1493.0,2521.0,794.0,1233.0,1901.0,7577.0,7589.0,1323.0,583.0,383.0,439.0,1461.0,8486.0,8122.0,1119.0,5203.0,609.0,0.5394349223352972,0.3566050650239561,0.5975390156062425,92.3016842416686,0.3783013205282113,15.454665434868682,15.747134009750956,3943.0,0.5361077111383109,0.6598030438675022,0.5922253074176914,False,0.3073394495412844,101125
