index,year,ortg,drtg,AtRimFGM,AtRimFGA,AtRimAssists,Turnovers,FTA,OffPoss,DefPoss,TwoPtAssists,Steals,BadPassSteals,ThreePtAssists,FG3A,OpponentPoints,Points,SecondChancePoints,FG2A,LiveBallTurnovers,TsPct,Fg3Pct,AtRimFG3AFrequency,Pace,AtRimFrequency,SecondsPerPossOff,SecondsPerPossDef,Minutes,DefAtRimReboundPct,DefFGReboundPct,AtRimAccuracy,player_on,OffFGReboundPct,nba_id
0,2006,97.14285714285714,70.27027027027027,3.0,7.0,1.0,2.0,13.0,35.0,37.0,2.0,1.0,1.0,,9.0,26.0,34.0,5.0,20.0,,0.4857142857142857,0.3333333333333333,0.5517241379310345,99.50095969289826,0.2413793103448276,14.285714285714286,14.64864864864865,17.0,1.0,0.75,0.4285714285714285,True,0.2222222222222222,101195
1,2006,104.51127819548871,110.01890359168242,62.0,110.0,22.0,93.0,169.0,532.0,529.0,69.0,33.0,19.0,39.0,110.0,582.0,556.0,49.0,319.0,41.0,0.5497017892644135,0.4,0.5128205128205128,94.09040522231804,0.2564102564102564,13.81015037593985,16.807183364839318,271.0,0.5555555555555556,0.6784140969162996,0.5636363636363636,False,0.2543103448275862,101195
