index,year,ortg,drtg,AtRimFGM,AtRimFGA,AtRimAssists,Turnovers,FTA,OffPoss,DefPoss,TwoPtAssists,Steals,BadPassSteals,ThreePtAssists,FG3A,OpponentPoints,Points,SecondChancePoints,FG2A,LiveBallTurnovers,TsPct,Fg3Pct,AtRimFG3AFrequency,Pace,AtRimFrequency,SecondsPerPossOff,SecondsPerPossDef,Minutes,DefAtRimReboundPct,DefFGReboundPct,AtRimAccuracy,player_on,OffFGReboundPct,nba_id
0,2006,103.10421286031044,100.22421524663676,59.0,119.0,30.0,70.0,144.0,451.0,446.0,61.0,36.0,19.0,33.0,77.0,447.0,465.0,65.0,304.0,39.0,0.5167410714285714,0.4545454545454545,0.5144356955380578,89.24756443031852,0.3123359580052493,16.0,16.271300448430495,241.0,0.65,0.693069306930693,0.4957983193277311,True,0.3,101185
1,2006,104.85735186539868,111.85034211675644,1077.0,1896.0,475.0,1081.0,2019.0,6835.0,6869.0,1036.0,500.0,318.0,303.0,1043.0,7683.0,7167.0,989.0,4895.0,554.0,0.5214107640416483,0.3537871524448706,0.4949477938699899,88.06293984032988,0.3192994274166386,16.026042428675932,16.676226524967245,3735.0,0.5979247730220493,0.6566592143085276,0.5680379746835443,False,0.307906976744186,101185
2,2007,99.8639455782313,94.1256830601093,121.0,214.0,63.0,138.0,247.0,735.0,732.0,117.0,78.0,44.0,28.0,92.0,689.0,734.0,76.0,484.0,59.0,0.5306569343065694,0.3369565217391304,0.53125,97.4750830564784,0.3715277777777778,14.360544217687076,15.187158469945356,361.0,0.5833333333333334,0.6617210682492581,0.5654205607476636,True,0.2935483870967741,101185
3,2007,106.33095619269392,103.87855897733876,1114.0,1916.0,558.0,1151.0,2064.0,6871.0,6884.0,1162.0,566.0,337.0,335.0,1083.0,7151.0,7306.0,1010.0,4757.0,540.0,0.5373366983372921,0.3748845798707294,0.513527397260274,91.83264715700456,0.3280821917808219,15.729005967108137,15.632481115630448,3595.0,0.5934959349593496,0.6868098159509203,0.581419624217119,False,0.3072191647782454,101185
