index,year,ortg,drtg,AtRimFGM,AtRimFGA,AtRimAssists,Turnovers,FTA,OffPoss,DefPoss,TwoPtAssists,Steals,BadPassSteals,ThreePtAssists,FG3A,OpponentPoints,Points,SecondChancePoints,FG2A,LiveBallTurnovers,TsPct,Fg3Pct,AtRimFG3AFrequency,Pace,AtRimFrequency,SecondsPerPossOff,SecondsPerPossDef,Minutes,DefAtRimReboundPct,DefFGReboundPct,AtRimAccuracy,player_on,OffFGReboundPct,nba_id
0,2008,100.0,114.54545454545456,10.0,19.0,5.0,8.0,17.0,55.0,55.0,10.0,4.0,3.0,2.0,7.0,63.0,55.0,10.0,42.0,4.0,0.4824561403508772,0.2857142857142857,0.5306122448979592,94.68021518230724,0.3877551020408163,14.10909090909091,16.30909090909091,28.0,0.7142857142857143,0.75,0.5263157894736842,True,0.3703703703703703,101136
1,2008,100.9090909090909,115.14598540145984,80.0,141.0,49.0,103.0,203.0,550.0,548.0,87.0,26.0,17.0,23.0,80.0,631.0,555.0,90.0,370.0,56.0,0.5055045871559632,0.325,0.4911111111111111,85.52604532915021,0.3133333333333333,16.396363636363635,17.279197080291972,308.0,0.5679012345679012,0.6462093862815884,0.5673758865248227,False,0.34765625,101136
