index,year,ortg,drtg,AtRimFGM,AtRimFGA,AtRimAssists,Turnovers,FTA,OffPoss,DefPoss,TwoPtAssists,Steals,BadPassSteals,ThreePtAssists,FG3A,OpponentPoints,Points,SecondChancePoints,FG2A,LiveBallTurnovers,TsPct,Fg3Pct,AtRimFG3AFrequency,Pace,AtRimFrequency,SecondsPerPossOff,SecondsPerPossDef,Minutes,DefAtRimReboundPct,DefFGReboundPct,AtRimAccuracy,player_on,OffFGReboundPct,nba_id
0,2006,50.0,104.54545454545456,3.0,6.0,,6.0,2.0,24.0,22.0,1.0,3.0,2.0,,3.0,23.0,12.0,2.0,9.0,4.0,0.4615384615384615,0.3333333333333333,0.75,118.07486631016044,0.5,13.25,11.045454545454543,9.0,,0.5,0.5,True,0.3333333333333333,101149
1,2006,105.4572470620019,107.86805461673652,1198.0,2102.0,587.0,1073.0,1968.0,7403.0,7397.0,1271.0,537.0,336.0,394.0,1288.0,7979.0,7807.0,973.0,5181.0,563.0,0.5289470099441493,0.3555900621118012,0.5240377183490493,89.77291395498717,0.3249343020559592,15.5952992030258,16.48600784101663,3957.0,0.527114967462039,0.6905250806688178,0.5699333967649858,False,0.2749781532187591,101149
