index,year,ortg,drtg,AtRimFGM,AtRimFGA,AtRimAssists,Turnovers,FTA,OffPoss,DefPoss,TwoPtAssists,Steals,BadPassSteals,ThreePtAssists,FG3A,OpponentPoints,Points,SecondChancePoints,FG2A,LiveBallTurnovers,TsPct,Fg3Pct,AtRimFG3AFrequency,Pace,AtRimFrequency,SecondsPerPossOff,SecondsPerPossDef,Minutes,DefAtRimReboundPct,DefFGReboundPct,AtRimAccuracy,player_on,OffFGReboundPct,nba_id
0,2006,79.16666666666667,103.84615384615384,2.0,2.0,1.0,3.0,4.0,24.0,26.0,1.0,,,2.0,8.0,27.0,19.0,,9.0,2.0,0.5,0.375,0.5882352941176471,96.514745308311,0.1176470588235294,18.291666666666668,11.807692307692308,12.0,1.0,0.7692307692307693,1.0,True,,101189
1,2006,112.1184919210054,107.36086175942548,176.0,263.0,81.0,183.0,317.0,1114.0,1114.0,202.0,60.0,38.0,44.0,135.0,1196.0,1249.0,180.0,817.0,77.0,0.5682859761686526,0.3777777777777777,0.4180672268907563,93.22717498692391,0.2762605042016807,16.008976660682226,14.88330341113106,574.0,0.6412213740458015,0.7219251336898396,0.6692015209125475,False,0.3107822410147992,101189
2,2009,92.0,131.70731707317074,7.0,14.0,4.0,14.0,18.0,75.0,82.0,10.0,3.0,1.0,3.0,22.0,108.0,69.0,10.0,42.0,10.0,0.4726027397260274,0.2727272727272727,0.5625,90.86816720257234,0.21875,17.266666666666666,14.548780487804878,41.0,0.75,0.6153846153846154,0.5,True,0.3055555555555556,101189
3,2009,114.51027811366384,111.82926829268293,105.0,170.0,43.0,116.0,266.0,827.0,820.0,113.0,62.0,41.0,55.0,184.0,917.0,947.0,122.0,509.0,66.0,0.5801479654747226,0.3641304347826087,0.5108225108225108,90.13681970203707,0.2453102453102453,15.923821039903263,16.028048780487804,439.0,0.6808510638297872,0.7405405405405405,0.6176470588235294,False,0.2668539325842696,101189
