index,year,ortg,drtg,AtRimFGM,AtRimFGA,AtRimAssists,Turnovers,FTA,OffPoss,DefPoss,TwoPtAssists,Steals,BadPassSteals,ThreePtAssists,FG3A,OpponentPoints,Points,SecondChancePoints,FG2A,LiveBallTurnovers,TsPct,Fg3Pct,AtRimFG3AFrequency,Pace,AtRimFrequency,SecondsPerPossOff,SecondsPerPossDef,Minutes,DefAtRimReboundPct,DefFGReboundPct,AtRimAccuracy,player_on,OffFGReboundPct,nba_id
0,2006,105.1801801801802,104.16197975253094,156.0,249.0,73.0,136.0,323.0,888.0,889.0,130.0,96.0,54.0,36.0,157.0,926.0,934.0,119.0,569.0,64.0,0.533410138248848,0.3184713375796178,0.559228650137741,91.71612903225808,0.3429752066115702,15.489864864864863,15.911136107986502,465.0,0.5842696629213483,0.6675531914893617,0.6265060240963856,True,0.3206106870229007,101182
1,2006,109.2223697801387,107.52592592592592,1121.0,1841.0,511.0,1007.0,2173.0,6777.0,6750.0,1017.0,562.0,347.0,340.0,1237.0,7258.0,7402.0,1101.0,4693.0,473.0,0.5335896691816598,0.3613581244947453,0.5190556492411467,92.73007712082264,0.3104553119730185,15.208351778072894,15.850814814814814,3501.0,0.5796178343949044,0.682044473946233,0.6089082020640956,False,0.3298969072164948,101182
2,2007,92.03413940256046,104.21348314606742,117.0,195.0,59.0,105.0,168.0,703.0,712.0,102.0,52.0,37.0,34.0,124.0,742.0,647.0,112.0,503.0,48.0,0.4593437945791726,0.3064516129032258,0.5087719298245614,92.15322690063768,0.3110047846889952,16.09103840682788,15.167134831460674,369.0,0.5645161290322581,0.6835443037974683,0.6,True,0.2830188679245283,101182
3,2007,111.55148095909732,111.3220915403146,1192.0,1973.0,571.0,1028.0,2257.0,7090.0,7057.0,1120.0,583.0,345.0,404.0,1490.0,7856.0,7909.0,1038.0,4703.0,471.0,0.5475027901785714,0.351006711409396,0.5591797190376231,94.37931146310616,0.318585499757791,14.832016925246826,15.685135326626044,3597.0,0.5768707482993197,0.6809933142311366,0.6041561074505829,False,0.3152934022499239,101182
