index,year,ortg,drtg,AtRimFGM,AtRimFGA,AtRimAssists,Turnovers,FTA,OffPoss,DefPoss,TwoPtAssists,Steals,BadPassSteals,ThreePtAssists,FG3A,OpponentPoints,Points,SecondChancePoints,FG2A,LiveBallTurnovers,TsPct,Fg3Pct,AtRimFG3AFrequency,Pace,AtRimFrequency,SecondsPerPossOff,SecondsPerPossDef,Minutes,DefAtRimReboundPct,DefFGReboundPct,AtRimAccuracy,player_on,OffFGReboundPct,nba_id
0,2007,83.2258064516129,107.84313725490196,13.0,29.0,6.0,27.0,57.0,155.0,153.0,23.0,13.0,8.0,5.0,26.0,165.0,129.0,25.0,94.0,16.0,0.4383561643835616,0.1923076923076923,0.4583333333333333,102.71421954608614,0.2416666666666666,14.283870967741937,13.751633986928104,72.0,0.7857142857142857,0.8571428571428571,0.4482758620689655,True,0.2727272727272727,101166
1,2007,107.32620320855617,105.57853997063928,1130.0,1842.0,596.0,1076.0,1926.0,7480.0,7493.0,1318.0,568.0,344.0,476.0,1438.0,7911.0,8028.0,845.0,4989.0,473.0,0.549016911865805,0.3657858136300417,0.5103469737046834,92.63957515188493,0.2866033919402521,15.384893048128342,15.703056185773388,3879.0,0.5781057810578106,0.7158823529411765,0.6134636264929425,False,0.2433956663698427,101166
