index,year,ortg,drtg,AtRimFGM,AtRimFGA,AtRimAssists,Turnovers,FTA,OffPoss,DefPoss,TwoPtAssists,Steals,BadPassSteals,ThreePtAssists,FG3A,OpponentPoints,Points,SecondChancePoints,FG2A,LiveBallTurnovers,TsPct,Fg3Pct,AtRimFG3AFrequency,Pace,AtRimFrequency,SecondsPerPossOff,SecondsPerPossDef,Minutes,DefAtRimReboundPct,DefFGReboundPct,AtRimAccuracy,player_on,OffFGReboundPct,nba_id
0,2008,55.55555555555556,50.0,1.0,1.0,1.0,4.0,2.0,9.0,10.0,1.0,,,,,5.0,5.0,,3.0,2.0,0.625,,0.3333333333333333,114.0,0.3333333333333333,12.11111111111111,13.1,4.0,1.0,1.0,1.0,True,,101183
1,2008,108.02348336594912,100.0,84.0,135.0,45.0,99.0,112.0,511.0,510.0,111.0,38.0,22.0,27.0,84.0,510.0,552.0,89.0,364.0,51.0,0.551,0.3809523809523809,0.4888392857142857,86.28169014084507,0.3013392857142857,17.577299412915853,15.8,284.0,0.4941176470588235,0.6178861788617886,0.6222222222222222,False,0.3596491228070175,101183
2,2013,28.571428571428573,,,,,,,7.0,5.0,1.0,,,,4.0,,2.0,,2.0,,0.1666666666666666,,0.6666666666666666,89.53367875647668,,18.428571428571427,12.8,3.0,1.0,1.0,,True,,101183
3,2013,100.38314176245213,93.56060606060606,75.0,144.0,26.0,77.0,109.0,522.0,528.0,50.0,62.0,33.0,39.0,140.0,494.0,524.0,62.0,335.0,33.0,0.5,0.3428571428571428,0.5978947368421053,86.96152297693678,0.3031578947368421,17.862068965517242,15.270833333333334,290.0,0.6956521739130435,0.8260869565217391,0.5208333333333334,False,0.2637362637362637,101183
