index,year,ortg,drtg,AtRimFGM,AtRimFGA,AtRimAssists,Turnovers,FTA,OffPoss,DefPoss,TwoPtAssists,Steals,BadPassSteals,ThreePtAssists,FG3A,OpponentPoints,Points,SecondChancePoints,FG2A,LiveBallTurnovers,TsPct,Fg3Pct,AtRimFG3AFrequency,Pace,AtRimFrequency,SecondsPerPossOff,SecondsPerPossDef,Minutes,DefAtRimReboundPct,DefFGReboundPct,AtRimAccuracy,player_on,OffFGReboundPct,nba_id
0,2006,102.5201072386059,101.47945205479452,302.0,544.0,161.0,274.0,577.0,1865.0,1825.0,317.0,142.0,89.0,108.0,341.0,1852.0,1912.0,251.0,1247.0,149.0,0.5157266811279827,0.3548387096774194,0.5573047858942065,91.21903486635422,0.3425692695214106,15.533512064343164,16.044383561643837,971.0,0.5723684210526315,0.7041564792176039,0.5551470588235294,True,0.2894736842105263,101137
1,2006,103.5271520866073,106.51114206128132,909.0,1660.0,472.0,779.0,1598.0,5727.0,5744.0,1036.0,428.0,232.0,304.0,1026.0,6118.0,5929.0,773.0,4024.0,385.0,0.5117085862966175,0.3440545808966861,0.5318811881188119,92.0702974767152,0.3287128712871287,15.995983935742972,15.285515320334262,2990.0,0.5916030534351145,0.7208300704776821,0.5475903614457831,False,0.2709978463747308,101137
2,2007,98.72084273890142,103.90206579954094,202.0,370.0,104.0,218.0,377.0,1329.0,1307.0,232.0,115.0,67.0,56.0,226.0,1358.0,1312.0,189.0,908.0,114.0,0.5003834355828221,0.2964601769911504,0.5255731922398589,88.89346853703661,0.3262786596119929,15.845748683220467,16.558530986993112,712.0,0.5454545454545454,0.7285464098073555,0.5459459459459459,True,0.3083067092651757,101137
3,2007,107.0567144719687,105.4814573845153,1017.0,1748.0,523.0,914.0,1765.0,6136.0,6148.0,1080.0,467.0,250.0,354.0,1115.0,6485.0,6569.0,807.0,4187.0,482.0,0.5365853658536586,0.347982062780269,0.539984911354206,91.15248455366668,0.3296869105997737,15.721153846153848,15.874105400130125,3234.0,0.5477941176470589,0.6903991370010788,0.5818077803203662,False,0.2786885245901639,101137
