index,year,ortg,drtg,AtRimFGM,AtRimFGA,AtRimAssists,Turnovers,FTA,OffPoss,DefPoss,TwoPtAssists,Steals,BadPassSteals,ThreePtAssists,FG3A,OpponentPoints,Points,SecondChancePoints,FG2A,LiveBallTurnovers,TsPct,Fg3Pct,AtRimFG3AFrequency,Pace,AtRimFrequency,SecondsPerPossOff,SecondsPerPossDef,Minutes,DefAtRimReboundPct,DefFGReboundPct,AtRimAccuracy,player_on,OffFGReboundPct,nba_id
0,2006,70.27027027027027,97.14285714285714,3.0,4.0,1.0,7.0,9.0,37.0,35.0,4.0,,,2.0,8.0,34.0,26.0,4.0,18.0,1.0,0.4333333333333333,0.25,0.4615384615384615,99.50095969289826,0.1538461538461538,14.64864864864865,14.285714285714286,17.0,0.75,0.7777777777777778,0.75,True,0.25,101195
1,2006,110.01890359168242,104.51127819548871,96.0,150.0,44.0,88.0,168.0,529.0,532.0,68.0,41.0,24.0,42.0,131.0,556.0,582.0,72.0,315.0,33.0,0.5555555555555556,0.3435114503816794,0.6300448430493274,94.09040522231804,0.336322869955157,16.807183364839318,13.81015037593985,271.0,0.6041666666666666,0.7456896551724138,0.64,False,0.3215859030837004,101195
