index,year,ortg,drtg,AtRimFGM,AtRimFGA,AtRimAssists,Turnovers,FTA,OffPoss,DefPoss,TwoPtAssists,Steals,BadPassSteals,ThreePtAssists,FG3A,OpponentPoints,Points,SecondChancePoints,FG2A,LiveBallTurnovers,TsPct,Fg3Pct,AtRimFG3AFrequency,Pace,AtRimFrequency,SecondsPerPossOff,SecondsPerPossDef,Minutes,DefAtRimReboundPct,DefFGReboundPct,AtRimAccuracy,player_on,OffFGReboundPct,nba_id
0,2006,107.6923076923077,130.0,3.0,4.0,1.0,,2.0,13.0,10.0,3.0,,,1.0,5.0,13.0,14.0,4.0,10.0,,0.4375,0.2,0.6,110.76923076923076,0.2666666666666666,11.923076923076923,14.4,5.0,,1.0,0.75,True,0.2857142857142857,101137
1,2006,107.2759538598048,111.25886524822695,201.0,332.0,102.0,133.0,289.0,1127.0,1128.0,202.0,79.0,44.0,85.0,266.0,1255.0,1209.0,155.0,761.0,60.0,0.5198961937716263,0.3421052631578947,0.5822784810126582,93.14706979145753,0.3232716650438169,14.846495119787043,16.0718085106383,581.0,0.5,0.69375,0.6054216867469879,False,0.2768959435626102,101137
