index,year,ortg,drtg,AtRimFGM,AtRimFGA,AtRimAssists,Turnovers,FTA,OffPoss,DefPoss,TwoPtAssists,Steals,BadPassSteals,ThreePtAssists,FG3A,OpponentPoints,Points,SecondChancePoints,FG2A,LiveBallTurnovers,TsPct,Fg3Pct,AtRimFG3AFrequency,Pace,AtRimFrequency,SecondsPerPossOff,SecondsPerPossDef,Minutes,DefAtRimReboundPct,DefFGReboundPct,AtRimAccuracy,player_on,OffFGReboundPct,nba_id
0,2006,99.49685534591195,93.89788293897882,112.0,180.0,57.0,115.0,221.0,795.0,803.0,121.0,84.0,49.0,39.0,155.0,754.0,791.0,106.0,519.0,56.0,0.508419689119171,0.3225806451612903,0.4970326409495549,92.58922464088845,0.2670623145400593,15.19119496855346,15.910336239103362,414.0,0.6219512195121951,0.7032967032967034,0.6222222222222222,True,0.2378378378378378,101134
1,2006,105.08902077151336,110.43956043956044,967.0,1693.0,474.0,948.0,2002.0,6740.0,6734.0,1096.0,476.0,306.0,340.0,1204.0,7437.0,7083.0,873.0,4651.0,466.0,0.5210252600297177,0.3654485049833887,0.4947907771135781,91.43223362094558,0.2891545687446626,15.78160237388724,15.717107217107218,3537.0,0.5614814814814815,0.7001745200698081,0.5711754282339043,False,0.272015042306487,101134
2,2007,101.72413793103448,91.01796407185628,23.0,40.0,14.0,40.0,56.0,174.0,167.0,24.0,20.0,10.0,15.0,34.0,152.0,177.0,17.0,95.0,18.0,0.5718954248366013,0.4411764705882353,0.5736434108527132,88.2054966768457,0.3100775193798449,16.20689655172414,16.449101796407184,93.0,0.6470588235294118,0.6956521739130435,0.575,True,0.3333333333333333,101134
3,2007,105.75966850828728,104.96757278874016,1081.0,1855.0,578.0,1145.0,1983.0,7240.0,7247.0,1173.0,542.0,328.0,444.0,1461.0,7607.0,7657.0,1079.0,4927.0,548.0,0.5240863787375415,0.3531827515400411,0.5190983093299938,89.65151508640139,0.2903882279273638,15.823204419889503,16.30095211811784,3878.0,0.5702127659574469,0.7264180507677844,0.5827493261455525,False,0.3023726851851852,101134
