index,year,ortg,drtg,AtRimFGM,AtRimFGA,AtRimAssists,Turnovers,FTA,OffPoss,DefPoss,TwoPtAssists,Steals,BadPassSteals,ThreePtAssists,FG3A,OpponentPoints,Points,SecondChancePoints,FG2A,LiveBallTurnovers,TsPct,Fg3Pct,AtRimFG3AFrequency,Pace,AtRimFrequency,SecondsPerPossOff,SecondsPerPossDef,Minutes,DefAtRimReboundPct,DefFGReboundPct,AtRimAccuracy,player_on,OffFGReboundPct,nba_id
0,2006,110.0,100.0,3.0,4.0,1.0,1.0,2.0,10.0,8.0,3.0,,,,1.0,8.0,11.0,2.0,8.0,,0.55,,0.5555555555555556,90.94736842105264,0.4444444444444444,14.3,17.75,5.0,1.0,1.0,0.75,True,0.5,101184
1,2006,107.93650793650794,106.1147327249022,1377.0,2333.0,749.0,1268.0,2109.0,7686.0,7670.0,1455.0,630.0,368.0,424.0,1419.0,8139.0,8296.0,1154.0,5271.0,651.0,0.5418638275499474,0.3509513742071881,0.5608370702541106,92.68632505501417,0.3487294469357249,15.619828259172522,15.452542372881355,3976.0,0.585792349726776,0.7147776183644189,0.5902271753107586,False,0.3189359267734554,101184
