index,year,ortg,drtg,AtRimFGM,AtRimFGA,AtRimAssists,Turnovers,FTA,OffPoss,DefPoss,TwoPtAssists,Steals,BadPassSteals,ThreePtAssists,FG3A,OpponentPoints,Points,SecondChancePoints,FG2A,LiveBallTurnovers,TsPct,Fg3Pct,AtRimFG3AFrequency,Pace,AtRimFrequency,SecondsPerPossOff,SecondsPerPossDef,Minutes,DefAtRimReboundPct,DefFGReboundPct,AtRimAccuracy,player_on,OffFGReboundPct,nba_id
0,2010,108.36363636363636,118.02120141342756,42.0,72.0,18.0,34.0,98.0,275.0,283.0,37.0,21.0,11.0,18.0,60.0,334.0,298.0,58.0,189.0,15.0,0.5068027210884354,0.3333333333333333,0.5301204819277109,88.18261633011413,0.2891566265060241,16.792727272727273,15.879858657243815,152.0,0.5806451612903226,0.6201550387596899,0.5833333333333334,True,0.3503649635036496,101110
1,2010,106.12244897959184,119.16666666666669,40.0,62.0,25.0,32.0,70.0,245.0,240.0,45.0,15.0,7.0,17.0,40.0,286.0,260.0,33.0,172.0,16.0,0.5264227642276422,0.45,0.4811320754716981,85.50440744368267,0.2924528301886792,17.746938775510205,15.916666666666666,136.0,0.5789473684210527,0.6607142857142857,0.6451612903225806,False,0.2735042735042735,101110
2,2014,98.8857938718663,104.82954545454544,56.0,104.0,30.0,54.0,82.0,359.0,352.0,56.0,28.0,17.0,19.0,65.0,369.0,355.0,43.0,257.0,26.0,0.4916201117318435,0.3538461538461538,0.5248447204968945,87.38072885550909,0.3229813664596273,16.49025069637883,16.46875,195.0,0.7,0.7791411042944786,0.5384615384615384,True,0.297752808988764,101110
3,2014,103.90243902439023,99.51456310679612,102.0,166.0,54.0,87.0,168.0,615.0,618.0,105.0,54.0,27.0,35.0,120.0,615.0,639.0,83.0,435.0,42.0,0.5023771790808241,0.325,0.5153153153153153,87.62374771751469,0.2990990990990991,15.377235772357723,17.485436893203882,338.0,0.5285714285714286,0.7290322580645161,0.6144578313253012,False,0.3180327868852459,101110
4,2015,60.0,77.77777777777777,1.0,1.0,1.0,2.0,,10.0,9.0,2.0,1.0,,,2.0,7.0,6.0,,5.0,1.0,0.4285714285714285,,0.4285714285714285,108.57142857142856,0.1428571428571428,11.8,14.88888888888889,4.0,1.0,0.6,1.0,True,,101110
5,2015,106.68789808917198,102.33297985153764,159.0,278.0,88.0,143.0,237.0,942.0,943.0,140.0,70.0,43.0,89.0,231.0,965.0,1005.0,127.0,607.0,79.0,0.5301906779661016,0.4069264069264069,0.6073985680190931,94.09317803660564,0.3317422434367542,15.749469214437369,14.85896076352068,481.0,0.59,0.7195876288659794,0.5719424460431655,False,0.2962962962962963,101110
