index,year,ortg,drtg,AtRimFGM,AtRimFGA,AtRimAssists,Turnovers,FTA,OffPoss,DefPoss,TwoPtAssists,Steals,BadPassSteals,ThreePtAssists,FG3A,OpponentPoints,Points,SecondChancePoints,FG2A,LiveBallTurnovers,TsPct,Fg3Pct,AtRimFG3AFrequency,Pace,AtRimFrequency,SecondsPerPossOff,SecondsPerPossDef,Minutes,DefAtRimReboundPct,DefFGReboundPct,AtRimAccuracy,player_on,OffFGReboundPct,nba_id
0,2006,101.44404332129965,104.28571428571428,52.0,78.0,26.0,61.0,69.0,277.0,280.0,56.0,25.0,11.0,13.0,37.0,292.0,281.0,40.0,185.0,26.0,0.5575396825396826,0.4054054054054054,0.5180180180180181,92.8763316350162,0.3513513513513513,15.830324909747292,15.182142857142855,144.0,0.5806451612903226,0.6992481203007519,0.6666666666666666,True,0.3027522935779816,101147
1,2006,106.40646029609692,104.38514147780609,1273.0,2016.0,644.0,1197.0,2118.0,7430.0,7457.0,1358.0,551.0,324.0,401.0,1298.0,7784.0,7906.0,1088.0,5152.0,578.0,0.5326691066829334,0.349768875192604,0.5137984496124031,93.48031605937452,0.3125581395348837,15.80578734858681,15.0042912699477,3822.0,0.6079613992762364,0.7071290944123314,0.6314484126984127,False,0.3117033603707995,101147
