index,year,ortg,drtg,AtRimFGM,AtRimFGA,AtRimAssists,Turnovers,FTA,OffPoss,DefPoss,TwoPtAssists,Steals,BadPassSteals,ThreePtAssists,FG3A,OpponentPoints,Points,SecondChancePoints,FG2A,LiveBallTurnovers,TsPct,Fg3Pct,AtRimFG3AFrequency,Pace,AtRimFrequency,SecondsPerPossOff,SecondsPerPossDef,Minutes,DefAtRimReboundPct,DefFGReboundPct,AtRimAccuracy,player_on,OffFGReboundPct,nba_id
0,2006,99.19678714859438,95.61752988047807,34.0,63.0,21.0,45.0,72.0,249.0,251.0,29.0,23.0,13.0,15.0,53.0,240.0,247.0,34.0,141.0,18.0,0.5420353982300885,0.3584905660377358,0.5979381443298969,89.21933085501858,0.3247422680412371,15.91967871485944,16.358565737051794,134.0,0.4615384615384615,0.7226890756302521,0.5396825396825397,True,0.3113207547169811,101178
1,2006,106.76131571549058,103.6271615352172,1130.0,1839.0,514.0,1152.0,1942.0,7114.0,7113.0,1091.0,504.0,269.0,449.0,1433.0,7371.0,7595.0,981.0,4659.0,593.0,0.5422292444699799,0.3677599441730635,0.5370978332239001,89.23245785966287,0.3018713066316481,15.654343547933651,16.62097567833544,3826.0,0.5886917960088692,0.6979687959964674,0.6144643828167482,False,0.2912258867454885,101178
