index,year,ortg,drtg,AtRimFGM,AtRimFGA,AtRimAssists,Turnovers,FTA,OffPoss,DefPoss,TwoPtAssists,Steals,BadPassSteals,ThreePtAssists,FG3A,OpponentPoints,Points,SecondChancePoints,FG2A,LiveBallTurnovers,TsPct,Fg3Pct,AtRimFG3AFrequency,Pace,AtRimFrequency,SecondsPerPossOff,SecondsPerPossDef,Minutes,DefAtRimReboundPct,DefFGReboundPct,AtRimAccuracy,player_on,OffFGReboundPct,nba_id
0,2006,94.37340153452683,105.08905852417304,71.0,126.0,44.0,77.0,98.0,391.0,393.0,84.0,34.0,21.0,9.0,42.0,413.0,369.0,70.0,303.0,45.0,0.4729381443298969,0.2619047619047619,0.4869565217391304,88.84551821830487,0.3652173913043478,17.460358056265985,14.9618320610687,212.0,0.5833333333333334,0.6666666666666666,0.5634920634920635,True,0.3455497382198952,101156
1,2006,104.11909235438648,106.7438494934877,1218.0,2093.0,677.0,1213.0,2368.0,6919.0,6910.0,1425.0,490.0,279.0,254.0,883.0,7376.0,7204.0,1140.0,4979.0,618.0,0.5159267800518882,0.3397508493771234,0.5076765609007164,88.17133268099161,0.3570453770044353,17.33025003613239,15.332127351664257,3764.0,0.6223118279569892,0.7065077319587629,0.5819397993311036,False,0.3445669291338583,101156
