index,year,ortg,drtg,AtRimFGM,AtRimFGA,AtRimAssists,Turnovers,FTA,OffPoss,DefPoss,TwoPtAssists,Steals,BadPassSteals,ThreePtAssists,FG3A,OpponentPoints,Points,SecondChancePoints,FG2A,LiveBallTurnovers,TsPct,Fg3Pct,AtRimFG3AFrequency,Pace,AtRimFrequency,SecondsPerPossOff,SecondsPerPossDef,Minutes,DefAtRimReboundPct,DefFGReboundPct,AtRimAccuracy,player_on,OffFGReboundPct,nba_id
0,2009,92.5925925925926,109.43396226415096,7.0,11.0,5.0,9.0,13.0,54.0,53.0,10.0,8.0,2.0,4.0,13.0,58.0,50.0,4.0,26.0,4.0,0.5555555555555556,0.3076923076923077,0.6153846153846154,97.08884688090735,0.282051282051282,15.72222222222222,13.924528301886792,26.0,0.4,0.5625,0.6363636363636364,True,0.2105263157894736,101130
1,2009,117.9324894514768,107.66526019690576,274.0,447.0,162.0,185.0,522.0,1422.0,1422.0,256.0,139.0,79.0,92.0,324.0,1531.0,1677.0,223.0,892.0,96.0,0.5736514522821576,0.3858024691358024,0.634046052631579,92.04504079293372,0.3675986842105263,15.00351617440225,16.28551336146273,742.0,0.6111111111111112,0.724960254372019,0.6129753914988815,False,0.3059581320450886,101130
2,2010,117.97752808988764,113.33333333333331,20.0,27.0,11.0,11.0,26.0,89.0,90.0,16.0,7.0,4.0,2.0,17.0,102.0,105.0,7.0,57.0,5.0,0.6176470588235294,0.3529411764705882,0.5945945945945946,95.75037147102526,0.3648648648648648,13.595505617977528,16.466666666666665,45.0,0.5,0.5897435897435898,0.7407407407407407,True,0.2424242424242424,101130
3,2010,112.67893660531698,115.19507186858316,103.0,166.0,51.0,71.0,195.0,489.0,487.0,67.0,42.0,26.0,30.0,92.0,561.0,551.0,55.0,305.0,28.0,0.5625,0.358695652173913,0.6498740554156172,96.3421990677269,0.4181360201511335,14.38036809815951,15.515400410677618,243.0,0.6818181818181818,0.7486338797814208,0.6204819277108434,False,0.3024390243902439,101130
4,2013,89.58333333333333,102.07253886010362,23.0,45.0,13.0,25.0,40.0,192.0,193.0,31.0,14.0,6.0,13.0,39.0,197.0,172.0,16.0,132.0,15.0,0.4523809523809524,0.3846153846153846,0.4912280701754385,91.42480211081796,0.2631578947368421,15.979166666666666,15.523316062176166,101.0,0.4444444444444444,0.7526881720430108,0.5111111111111111,True,0.173076923076923,101130
5,2013,101.39275766016712,102.77777777777776,57.0,88.0,27.0,48.0,117.0,359.0,360.0,50.0,30.0,15.0,21.0,73.0,370.0,364.0,48.0,220.0,26.0,0.521613832853026,0.3013698630136986,0.5494880546075085,92.31098430813124,0.3003412969283277,14.910863509749303,16.28611111111111,187.0,0.5555555555555556,0.6536312849162011,0.6477272727272727,False,0.225,101130
