index,year,ortg,drtg,AtRimFGM,AtRimFGA,AtRimAssists,Turnovers,FTA,OffPoss,DefPoss,TwoPtAssists,Steals,BadPassSteals,ThreePtAssists,FG3A,OpponentPoints,Points,SecondChancePoints,FG2A,LiveBallTurnovers,TsPct,Fg3Pct,AtRimFG3AFrequency,Pace,AtRimFrequency,SecondsPerPossOff,SecondsPerPossDef,Minutes,DefAtRimReboundPct,DefFGReboundPct,AtRimAccuracy,player_on,OffFGReboundPct,nba_id
0,2006,20.0,166.66666666666666,,1.0,,4.0,2.0,10.0,9.0,,,,,,15.0,2.0,,4.0,2.0,0.2,,0.25,134.7783251231527,0.25,13.6,7.444444444444445,3.0,,1.0,,True,,101190
1,2006,108.79500464992692,104.42466117459472,1497.0,2259.0,732.0,1182.0,2308.0,7527.0,7526.0,1233.0,522.0,313.0,459.0,1441.0,7859.0,8189.0,1106.0,4910.0,558.0,0.5531423917469798,0.3448993754337265,0.5825854196189576,91.5164846299666,0.355692017005196,15.740534077321644,15.729205421206483,3948.0,0.6005089058524173,0.7314606741573034,0.6626826029216467,False,0.2997520148791072,101190
