index,year,ortg,drtg,AtRimFGM,AtRimFGA,AtRimAssists,Turnovers,FTA,OffPoss,DefPoss,TwoPtAssists,Steals,BadPassSteals,ThreePtAssists,FG3A,OpponentPoints,Points,SecondChancePoints,FG2A,LiveBallTurnovers,TsPct,Fg3Pct,AtRimFG3AFrequency,Pace,AtRimFrequency,SecondsPerPossOff,SecondsPerPossDef,Minutes,DefAtRimReboundPct,DefFGReboundPct,AtRimAccuracy,player_on,OffFGReboundPct,nba_id
0,2006,87.83783783783784,95.71428571428572,11.0,20.0,7.0,6.0,34.0,74.0,70.0,11.0,5.0,1.0,1.0,15.0,67.0,65.0,4.0,36.0,5.0,0.4850746268656716,0.1333333333333333,0.6862745098039216,104.83316481294236,0.392156862745098,14.405405405405403,13.028571428571428,33.0,0.625,0.75,0.55,True,0.25,101125
1,2006,105.370082815735,105.69948186528498,1328.0,2157.0,750.0,1317.0,2056.0,7728.0,7720.0,1473.0,581.0,379.0,474.0,1465.0,8160.0,8143.0,1165.0,5248.0,693.0,0.5312582258489076,0.3604095563139932,0.539550126619991,93.78924201667918,0.321316847907046,16.17274844720497,14.533549222797928,3953.0,0.6037344398340249,0.7027961948688383,0.6156699119146963,False,0.3110612015721505,101125
2,2007,113.15789473684212,101.33333333333331,21.0,32.0,17.0,9.0,16.0,76.0,75.0,24.0,4.0,2.0,5.0,15.0,76.0,86.0,15.0,56.0,6.0,0.5448717948717948,0.3333333333333333,0.6619718309859155,98.65698729582576,0.4507042253521127,14.539473684210526,14.653333333333334,37.0,0.5833333333333334,0.6578947368421053,0.65625,True,0.3611111111111111,101125
3,2007,106.17906683480454,108.05047318611987,1424.0,2326.0,803.0,1334.0,1929.0,7930.0,7925.0,1502.0,676.0,426.0,479.0,1554.0,8563.0,8420.0,1164.0,5463.0,672.0,0.5329425258060405,0.3532818532818533,0.552942853071113,97.08959159026348,0.3314806897534559,15.487515762925598,14.17539432176656,3919.0,0.550314465408805,0.6749929037751916,0.6122098022355976,False,0.3155471289274106,101125
4,2007,93.75,100.0,8.0,16.0,3.0,10.0,15.0,48.0,50.0,7.0,4.0,4.0,2.0,6.0,50.0,45.0,14.0,43.0,4.0,0.4,0.3333333333333333,0.4489795918367347,85.2688821752266,0.3265306122448979,19.08333333333333,14.78,28.0,0.625,0.6428571428571429,0.5,True,0.5,101125
5,2007,111.81973909606008,107.19282037745808,1465.0,2290.0,835.0,1275.0,2094.0,7589.0,7577.0,1564.0,609.0,386.0,504.0,1531.0,8122.0,8486.0,1156.0,5093.0,583.0,0.5608880616857219,0.3677335075114304,0.5768417874396136,92.3016842416686,0.3457125603864734,15.747134009750956,15.454665434868682,3943.0,0.5802348336594912,0.6926605504587156,0.6397379912663755,False,0.3401969561324978,101125
