index,year,ortg,drtg,AtRimFGM,AtRimFGA,AtRimAssists,Turnovers,FTA,OffPoss,DefPoss,TwoPtAssists,Steals,BadPassSteals,ThreePtAssists,FG3A,OpponentPoints,Points,SecondChancePoints,FG2A,LiveBallTurnovers,TsPct,Fg3Pct,AtRimFG3AFrequency,Pace,AtRimFrequency,SecondsPerPossOff,SecondsPerPossDef,Minutes,DefAtRimReboundPct,DefFGReboundPct,AtRimAccuracy,player_on,OffFGReboundPct,nba_id
0,2010,102.63157894736842,102.71493212669684,34.0,64.0,20.0,30.0,63.0,228.0,221.0,33.0,21.0,12.0,12.0,60.0,227.0,234.0,34.0,147.0,17.0,0.4957446808510638,0.3,0.5990338164251208,84.26430340153786,0.3091787439613526,16.50438596491228,17.692307692307693,128.0,0.8333333333333334,0.7395833333333334,0.53125,True,0.3360655737704918,101126
1,2010,104.88311688311688,101.87110187110189,321.0,563.0,189.0,304.0,557.0,1925.0,1924.0,351.0,171.0,108.0,111.0,323.0,1960.0,2019.0,214.0,1286.0,149.0,0.5401617250673855,0.3746130030959752,0.550652579241765,89.76241760733316,0.3499067743940335,15.92987012987013,16.154885654885653,1029.0,0.6038647342995169,0.7050847457627119,0.5701598579040853,False,0.2604042806183115,101126
2,2011,124.0,140.0,4.0,4.0,3.0,2.0,6.0,25.0,25.0,3.0,1.0,,4.0,12.0,35.0,31.0,2.0,7.0,1.0,0.7045454545454546,0.4166666666666667,0.8421052631578947,101.69491525423727,0.2105263157894736,14.52,13.8,12.0,,0.5833333333333334,1.0,True,0.1111111111111111,101126
3,2011,109.11989795918367,106.48442466624284,269.0,443.0,110.0,260.0,527.0,1568.0,1573.0,212.0,115.0,78.0,81.0,327.0,1675.0,1711.0,258.0,1009.0,140.0,0.5397077509529861,0.3119266055045872,0.5763473053892215,90.91172214182345,0.3315868263473054,15.966836734693878,15.712650985378255,829.0,0.6171171171171171,0.6937984496124031,0.6072234762979684,False,0.3379310344827586,101126
4,2013,107.90568654646324,110.70931849791376,128.0,212.0,64.0,112.0,182.0,721.0,719.0,118.0,47.0,35.0,42.0,153.0,796.0,778.0,122.0,499.0,54.0,0.5279291553133515,0.326797385620915,0.5598159509202454,85.51985812677857,0.3251533742331288,17.662968099861303,16.01112656467316,404.0,0.5921052631578947,0.7079646017699115,0.6037735849056604,True,0.3285714285714285,101126
5,2013,93.6599423631124,109.32203389830508,46.0,98.0,28.0,59.0,93.0,347.0,354.0,65.0,30.0,19.0,9.0,51.0,387.0,325.0,38.0,256.0,30.0,0.4653179190751445,0.2941176470588235,0.4853420195439739,90.02407919379293,0.3192182410423452,16.89048991354467,15.11864406779661,187.0,0.6976744186046512,0.7341772151898734,0.4693877551020408,False,0.2658959537572254,101126
