index,year,ortg,drtg,AtRimFGM,AtRimFGA,AtRimAssists,Turnovers,FTA,OffPoss,DefPoss,TwoPtAssists,Steals,BadPassSteals,ThreePtAssists,FG3A,OpponentPoints,Points,SecondChancePoints,FG2A,LiveBallTurnovers,TsPct,Fg3Pct,AtRimFG3AFrequency,Pace,AtRimFrequency,SecondsPerPossOff,SecondsPerPossDef,Minutes,DefAtRimReboundPct,DefFGReboundPct,AtRimAccuracy,player_on,OffFGReboundPct,nba_id
0,2006,100.0,200.0,2.0,3.0,2.0,,,6.0,5.0,3.0,1.0,1.0,,2.0,10.0,6.0,,4.0,,0.5,,0.8333333333333334,82.5,0.5,15.0,20.4,3.0,,,0.6666666666666666,True,0.3333333333333333,101182
1,2006,110.8256880733945,109.70695970695972,91.0,150.0,40.0,77.0,200.0,545.0,546.0,74.0,40.0,24.0,28.0,113.0,599.0,604.0,82.0,353.0,46.0,0.5433996383363472,0.3274336283185841,0.5643776824034334,88.81953867028494,0.3218884120171674,15.616513761467887,16.807692307692307,295.0,0.3846153846153846,0.6332046332046332,0.6066666666666667,False,0.3174603174603174,101182
2,2007,93.75,90.9090909090909,7.0,9.0,4.0,6.0,4.0,32.0,33.0,6.0,2.0,1.0,,4.0,30.0,30.0,6.0,28.0,5.0,0.4545454545454545,,0.40625,90.78564500484966,0.28125,16.5625,15.181818181818182,17.0,0.5,0.8235294117647058,0.7777777777777778,True,0.3684210526315789,101182
3,2007,104.34782608695652,115.9375,53.0,93.0,22.0,29.0,83.0,322.0,320.0,44.0,20.0,13.0,25.0,78.0,371.0,336.0,39.0,222.0,16.0,0.5045045045045045,0.3205128205128205,0.57,88.13804938507008,0.31,16.652173913043477,16.021875,175.0,0.5416666666666666,0.624113475177305,0.5698924731182796,False,0.2254335260115607,101182
