index,year,ortg,drtg,AtRimFGM,AtRimFGA,AtRimAssists,Turnovers,FTA,OffPoss,DefPoss,TwoPtAssists,Steals,BadPassSteals,ThreePtAssists,FG3A,OpponentPoints,Points,SecondChancePoints,FG2A,LiveBallTurnovers,TsPct,Fg3Pct,AtRimFG3AFrequency,Pace,AtRimFrequency,SecondsPerPossOff,SecondsPerPossDef,Minutes,DefAtRimReboundPct,DefFGReboundPct,AtRimAccuracy,player_on,OffFGReboundPct,nba_id
0,2007,99.2063492063492,98.046875,23.0,43.0,10.0,37.0,101.0,252.0,256.0,24.0,18.0,11.0,17.0,68.0,251.0,250.0,28.0,131.0,15.0,0.5020080321285141,0.3382352941176471,0.5577889447236181,86.21331761932824,0.2160804020100502,15.55952380952381,17.828125,141.0,0.5,0.6621621621621622,0.5348837209302325,True,0.2307692307692307,101129
1,2007,98.9041095890411,105.52486187845304,52.0,80.0,30.0,67.0,83.0,365.0,362.0,60.0,31.0,14.0,26.0,88.0,382.0,361.0,42.0,220.0,34.0,0.5231884057971015,0.3068181818181818,0.5454545454545454,89.66852248394004,0.2597402597402597,16.14246575342466,15.975138121546962,195.0,0.6071428571428571,0.7628205128205128,0.65,False,0.2701149425287356,101129
2,2008,97.59036144578312,90.69767441860463,16.0,37.0,4.0,13.0,27.0,83.0,86.0,5.0,7.0,4.0,4.0,24.0,78.0,81.0,17.0,55.0,8.0,0.4395604395604395,0.2083333333333333,0.7721518987341772,91.35135135135135,0.4683544303797468,15.578313253012048,15.94186046511628,44.0,0.6666666666666666,0.7948717948717948,0.4324324324324324,True,0.3469387755102041,101129
3,2008,104.92957746478874,109.9290780141844,73.0,133.0,34.0,52.0,130.0,426.0,423.0,60.0,34.0,18.0,24.0,96.0,465.0,447.0,72.0,297.0,25.0,0.4911894273127753,0.3125,0.5826972010178118,83.64532019704434,0.3384223918575064,17.112676056338028,17.319148936170212,244.0,0.52,0.645933014354067,0.5488721804511278,False,0.3242009132420091,101129
