index,year,ortg,drtg,AtRimFGM,AtRimFGA,AtRimAssists,Turnovers,FTA,OffPoss,DefPoss,TwoPtAssists,Steals,BadPassSteals,ThreePtAssists,FG3A,OpponentPoints,Points,SecondChancePoints,FG2A,LiveBallTurnovers,TsPct,Fg3Pct,AtRimFG3AFrequency,Pace,AtRimFrequency,SecondsPerPossOff,SecondsPerPossDef,Minutes,DefAtRimReboundPct,DefFGReboundPct,AtRimAccuracy,player_on,OffFGReboundPct,nba_id
0,2006,123.17073170731707,83.75,13.0,21.0,8.0,9.0,33.0,82.0,80.0,15.0,8.0,5.0,7.0,12.0,67.0,101.0,12.0,55.0,6.0,0.6158536585365854,0.5833333333333334,0.4925373134328358,94.86783245221636,0.3134328358208955,15.207317073170731,15.15,41.0,0.7777777777777778,0.8205128205128205,0.6190476190476191,True,0.375,101128
1,2006,116.3793103448276,112.14750542299348,78.0,112.0,42.0,71.0,136.0,464.0,461.0,74.0,28.0,23.0,36.0,99.0,517.0,540.0,61.0,283.0,39.0,0.608843537414966,0.4141414141414141,0.5523560209424084,88.0894120759209,0.2931937172774869,16.495689655172413,16.197396963123644,252.0,0.6041666666666666,0.6589861751152074,0.6964285714285714,False,0.2459016393442623,101128
2,2013,110.72555205047318,111.98738170347004,46.0,77.0,21.0,39.0,79.0,317.0,317.0,35.0,24.0,12.0,30.0,98.0,355.0,351.0,48.0,186.0,21.0,0.54375,0.3571428571428571,0.6161971830985915,92.6204727604748,0.2711267605633803,16.55205047318612,14.542586750788644,164.0,0.6,0.7172413793103448,0.5974025974025974,True,0.2692307692307692,101128
3,2013,113.14741035856574,98.79032258064515,37.0,57.0,19.0,38.0,72.0,251.0,248.0,35.0,23.0,14.0,21.0,72.0,245.0,284.0,40.0,140.0,14.0,0.5758196721311475,0.3611111111111111,0.6084905660377359,96.80183214333827,0.2688679245283019,14.693227091633466,15.060483870967742,124.0,0.6086956521739131,0.6538461538461539,0.6491228070175439,False,0.2727272727272727,101128
4,2014,111.11111111111111,104.25531914893617,7.0,9.0,,6.0,16.0,45.0,47.0,2.0,3.0,1.0,5.0,14.0,49.0,50.0,2.0,22.0,2.0,0.5681818181818182,0.3571428571428571,0.6388888888888888,98.42496285289748,0.25,14.688888888888888,14.574468085106384,22.0,0.4545454545454545,0.5142857142857142,0.7777777777777778,True,0.2105263157894736,101128
5,2014,115.88785046728972,116.23134328358208,88.0,137.0,38.0,65.0,153.0,535.0,536.0,71.0,41.0,19.0,33.0,140.0,623.0,620.0,95.0,351.0,34.0,0.5501792114695341,0.3642857142857142,0.5641547861507128,91.61458952120708,0.2790224032586558,15.790654205607476,15.6455223880597,281.0,0.5638297872340425,0.6070038910505836,0.6423357664233577,False,0.3167938931297709,101128
