index,year,ortg,drtg,AtRimFGM,AtRimFGA,AtRimAssists,Turnovers,FTA,OffPoss,DefPoss,TwoPtAssists,Steals,BadPassSteals,ThreePtAssists,FG3A,OpponentPoints,Points,SecondChancePoints,FG2A,LiveBallTurnovers,TsPct,Fg3Pct,AtRimFG3AFrequency,Pace,AtRimFrequency,SecondsPerPossOff,SecondsPerPossDef,Minutes,DefAtRimReboundPct,DefFGReboundPct,AtRimAccuracy,player_on,OffFGReboundPct,nba_id
0,2006,93.50649350649353,90.9090909090909,10.0,16.0,4.0,18.0,19.0,77.0,77.0,13.0,7.0,5.0,2.0,10.0,70.0,72.0,16.0,51.0,8.0,0.5142857142857142,0.3,0.4262295081967213,86.55737704918032,0.2622950819672131,18.246753246753247,15.025974025974026,43.0,0.7777777777777778,0.7142857142857143,0.625,True,0.2941176470588235,101124
1,2006,120.67669172932332,100.75471698113208,33.0,55.0,15.0,33.0,91.0,266.0,265.0,41.0,20.0,14.0,17.0,49.0,267.0,321.0,49.0,197.0,11.0,0.5576923076923077,0.3673469387755102,0.4227642276422764,82.59235255994815,0.2235772357723577,17.785714285714285,17.08301886792453,154.0,0.75,0.7522935779816514,0.6,False,0.3720930232558139,101124
2,2010,109.8360655737705,101.63934426229508,12.0,19.0,7.0,8.0,16.0,61.0,61.0,12.0,4.0,4.0,2.0,9.0,62.0,67.0,6.0,42.0,3.0,0.5789473684210527,0.3333333333333333,0.5490196078431373,94.6551724137931,0.3725490196078431,15.59016393442623,14.836065573770492,31.0,0.6363636363636364,0.7352941176470589,0.631578947368421,True,0.24,101124
3,2010,114.85148514851484,104.70297029702972,67.0,105.0,37.0,60.0,118.0,404.0,404.0,64.0,22.0,12.0,38.0,120.0,423.0,464.0,44.0,218.0,26.0,0.595360824742268,0.4083333333333333,0.665680473372781,92.75510204081633,0.3106508875739645,16.254950495049506,14.794554455445544,209.0,0.4583333333333333,0.7268292682926829,0.638095238095238,False,0.2261904761904762,101124
