index,year,ortg,drtg,AtRimFGM,AtRimFGA,AtRimAssists,Turnovers,FTA,OffPoss,DefPoss,TwoPtAssists,Steals,BadPassSteals,ThreePtAssists,FG3A,OpponentPoints,Points,SecondChancePoints,FG2A,LiveBallTurnovers,TsPct,Fg3Pct,AtRimFG3AFrequency,Pace,AtRimFrequency,SecondsPerPossOff,SecondsPerPossDef,Minutes,DefAtRimReboundPct,DefFGReboundPct,AtRimAccuracy,player_on,OffFGReboundPct,nba_id
0,2006,100.22421524663676,103.10421286031044,62.0,102.0,27.0,73.0,126.0,446.0,451.0,72.0,39.0,29.0,10.0,44.0,465.0,447.0,67.0,331.0,36.0,0.5162037037037037,0.25,0.3893333333333333,89.24756443031852,0.272,16.271300448430495,16.0,241.0,0.55,0.7,0.6078431372549019,True,0.3069306930693069,101185
1,2006,111.85034211675644,104.85735186539868,1007.0,1783.0,404.0,1039.0,2196.0,6869.0,6835.0,1029.0,554.0,400.0,362.0,1069.0,7167.0,7683.0,1082.0,4931.0,500.0,0.5474483944954128,0.3788587464920486,0.4753333333333333,88.06293984032988,0.2971666666666667,16.676226524967245,16.026042428675932,3735.0,0.5908529048207664,0.6920930232558139,0.5647784632641615,False,0.3433407856914723,101185
2,2007,94.1256830601093,99.8639455782313,97.0,194.0,51.0,149.0,239.0,732.0,735.0,94.0,59.0,27.0,37.0,118.0,734.0,689.0,84.0,473.0,78.0,0.4886039886039886,0.3728813559322034,0.5279187817258884,97.4750830564784,0.3282571912013536,15.187158469945356,14.360544217687076,361.0,0.6333333333333333,0.7064516129032258,0.5,True,0.3382789317507418,101185
3,2007,103.87855897733876,106.33095619269392,1027.0,1772.0,533.0,1186.0,1886.0,6884.0,6871.0,1154.0,540.0,298.0,395.0,1271.0,7306.0,7151.0,962.0,4699.0,566.0,0.5233741336086123,0.3438237608182533,0.5097152428810721,91.83264715700456,0.2968174204355109,15.632481115630448,15.729005967108137,3595.0,0.5863808322824716,0.6927808352217546,0.5795711060948081,False,0.3131901840490798,101185
