index,year,ortg,drtg,AtRimFGM,AtRimFGA,AtRimAssists,Turnovers,FTA,OffPoss,DefPoss,TwoPtAssists,Steals,BadPassSteals,ThreePtAssists,FG3A,OpponentPoints,Points,SecondChancePoints,FG2A,LiveBallTurnovers,TsPct,Fg3Pct,AtRimFG3AFrequency,Pace,AtRimFrequency,SecondsPerPossOff,SecondsPerPossDef,Minutes,DefAtRimReboundPct,DefFGReboundPct,AtRimAccuracy,player_on,OffFGReboundPct,nba_id
0,2006,166.66666666666666,20.0,4.0,4.0,3.0,1.0,5.0,9.0,10.0,3.0,2.0,1.0,1.0,1.0,2.0,15.0,,5.0,,0.9375,1.0,0.8333333333333334,134.7783251231527,0.6666666666666666,7.444444444444445,13.6,3.0,1.0,1.0,1.0,True,,101190
1,2006,104.42466117459472,108.79500464992692,1075.0,1869.0,528.0,1062.0,2218.0,7526.0,7527.0,1214.0,558.0,354.0,378.0,1358.0,8189.0,7859.0,979.0,5165.0,522.0,0.5192820923405391,0.3600883652430044,0.4947110225356431,91.5164846299666,0.2865246052429863,15.729205421206483,15.740534077321644,3948.0,0.5674603174603174,0.7002479851208927,0.5751738897806313,False,0.2685393258426966,101190
