index,year,ortg,drtg,AtRimFGM,AtRimFGA,AtRimAssists,Turnovers,FTA,OffPoss,DefPoss,TwoPtAssists,Steals,BadPassSteals,ThreePtAssists,FG3A,OpponentPoints,Points,SecondChancePoints,FG2A,LiveBallTurnovers,TsPct,Fg3Pct,AtRimFG3AFrequency,Pace,AtRimFrequency,SecondsPerPossOff,SecondsPerPossDef,Minutes,DefAtRimReboundPct,DefFGReboundPct,AtRimAccuracy,player_on,OffFGReboundPct,nba_id
0,2006,85.13513513513513,126.3157894736842,11.0,19.0,7.0,20.0,20.0,74.0,76.0,13.0,7.0,5.0,3.0,13.0,96.0,63.0,8.0,46.0,11.0,0.4565217391304347,0.3846153846153846,0.5423728813559322,102.56410256410255,0.3220338983050847,14.027027027027026,14.052631578947368,35.0,0.6666666666666666,0.7307692307692307,0.5789473684210527,True,0.3793103448275862,101165
1,2006,110.50638238182071,102.75978597578148,1075.0,1773.0,662.0,911.0,1930.0,7129.0,7102.0,1514.0,573.0,368.0,441.0,1438.0,7298.0,7878.0,1104.0,5061.0,470.0,0.5311223099972759,0.3838664812239221,0.4940760116941068,86.88697244905747,0.272811201723342,17.128910085565998,16.01548859476204,3931.0,0.5735607675906184,0.6829625292740047,0.6063169768753525,False,0.3155773106824071,101165
2,2009,103.45821325648414,105.3221288515406,56.0,102.0,21.0,46.0,70.0,347.0,357.0,40.0,30.0,14.0,23.0,82.0,376.0,359.0,40.0,222.0,29.0,0.5374251497005988,0.3780487804878049,0.6052631578947368,94.38227353132856,0.3355263157894737,14.88472622478386,15.61904761904762,179.0,0.6,0.6867469879518072,0.5490196078431373,True,0.2156862745098039,101165
3,2009,102.18376596621344,111.82529872270293,1274.0,2218.0,680.0,1175.0,1769.0,7281.0,7281.0,1230.0,542.0,314.0,430.0,1431.0,8142.0,7440.0,1003.0,4961.0,623.0,0.5163202678197796,0.3522012578616352,0.5708698372966208,92.04359601262406,0.3469962453066333,15.973904683422608,15.315615986815,3797.0,0.572972972972973,0.6800119510008963,0.5743913435527502,False,0.2830459770114942,101165
4,2009,125.0,76.19047619047619,11.0,13.0,4.0,2.0,16.0,40.0,42.0,7.0,8.0,5.0,1.0,7.0,32.0,50.0,12.0,33.0,1.0,0.5319148936170213,0.1428571428571428,0.5,96.15635179153097,0.325,14.2,15.714285714285714,20.0,,0.8,0.8461538461538461,True,0.45,101165
5,2009,107.04127161182376,107.8048780487805,1098.0,1877.0,495.0,971.0,1833.0,7172.0,7175.0,1322.0,485.0,307.0,359.0,1072.0,7735.0,7677.0,1099.0,5447.0,460.0,0.5210440010931948,0.3507462686567164,0.4523699953980672,86.93980608672233,0.2879275962570946,17.276770775237033,15.849895470383276,3961.0,0.6188725490196079,0.7162122544708297,0.5849760255727224,False,0.3041222254251945,101165
