index,year,ortg,drtg,AtRimFGM,AtRimFGA,AtRimAssists,Turnovers,FTA,OffPoss,DefPoss,TwoPtAssists,Steals,BadPassSteals,ThreePtAssists,FG3A,OpponentPoints,Points,SecondChancePoints,FG2A,LiveBallTurnovers,TsPct,Fg3Pct,AtRimFG3AFrequency,Pace,AtRimFrequency,SecondsPerPossOff,SecondsPerPossDef,Minutes,DefAtRimReboundPct,DefFGReboundPct,AtRimAccuracy,player_on,OffFGReboundPct,nba_id
0,2007,99.01960784313724,102.9126213592233,24.0,39.0,8.0,31.0,55.0,204.0,206.0,27.0,16.0,8.0,10.0,28.0,212.0,202.0,12.0,139.0,16.0,0.5263157894736842,0.3571428571428571,0.4011976047904191,90.04117736769865,0.2335329341317365,16.11764705882353,15.868932038834952,109.0,0.6470588235294118,0.7634408602150538,0.6153846153846154,True,0.2111111111111111,101121
1,2007,101.78041543026706,109.6096096096096,27.0,64.0,10.0,57.0,98.0,337.0,333.0,40.0,30.0,14.0,20.0,59.0,365.0,343.0,24.0,215.0,25.0,0.5377358490566038,0.3728813559322034,0.4489051094890511,89.97482047934346,0.2335766423357664,15.780415430267064,16.23123123123123,179.0,0.5,0.7074829931972789,0.421875,False,0.2266666666666666,101121
2,2008,,75.0,,,,,,3.0,4.0,,1.0,,,1.0,3.0,,,2.0,,,,0.3333333333333333,94.2056074766355,,11.666666666666666,18.0,2.0,,1.0,,True,0.3333333333333333,101121
3,2008,111.43497757847534,115.6599552572707,66.0,110.0,38.0,50.0,96.0,446.0,447.0,81.0,35.0,21.0,39.0,119.0,517.0,497.0,67.0,306.0,27.0,0.5323275862068966,0.3529411764705882,0.5388235294117647,89.96851605681103,0.2588235294117647,15.919282511210762,16.0917225950783,238.0,0.4528301886792453,0.6584158415841584,0.6,False,0.2727272727272727,101121
4,2010,106.4516129032258,100.0,11.0,21.0,6.0,7.0,29.0,62.0,64.0,10.0,7.0,5.0,2.0,15.0,64.0,66.0,6.0,37.0,,0.5,0.1333333333333333,0.6923076923076923,102.79886685552408,0.4038461538461538,12.67741935483871,15.296875,29.0,0.5,0.6,0.5238095238095238,True,0.3333333333333333,101121
5,2010,114.34108527131782,116.76413255360625,112.0,172.0,56.0,75.0,192.0,516.0,513.0,73.0,42.0,25.0,30.0,94.0,599.0,590.0,56.0,325.0,33.0,0.5797244094488189,0.3936170212765957,0.6348448687350835,95.50499516596842,0.4105011933174224,14.449612403100776,15.70955165692008,259.0,0.66,0.7326732673267327,0.6511627906976745,False,0.2884615384615384,101121
