index,year,ortg,drtg,AtRimFGM,AtRimFGA,AtRimAssists,Turnovers,FTA,OffPoss,DefPoss,TwoPtAssists,Steals,BadPassSteals,ThreePtAssists,FG3A,OpponentPoints,Points,SecondChancePoints,FG2A,LiveBallTurnovers,TsPct,Fg3Pct,AtRimFG3AFrequency,Pace,AtRimFrequency,SecondsPerPossOff,SecondsPerPossDef,Minutes,DefAtRimReboundPct,DefFGReboundPct,AtRimAccuracy,player_on,OffFGReboundPct,nba_id
0,2006,90.27237354085604,92.3076923076923,30.0,51.0,14.0,54.0,73.0,257.0,260.0,39.0,25.0,19.0,6.0,30.0,240.0,232.0,30.0,179.0,24.0,0.4771784232365145,0.2666666666666666,0.3875598086124402,97.76493762311227,0.2440191387559808,15.53307392996109,13.934615384615384,127.0,0.76,0.8111111111111111,0.5882352941176471,True,0.3140495867768595,101117
1,2006,105.82603938730854,103.66884888161484,946.0,1608.0,514.0,1131.0,2069.0,7312.0,7332.0,1412.0,509.0,277.0,251.0,813.0,7601.0,7738.0,989.0,5421.0,546.0,0.5380092398152037,0.3468634686346863,0.3883541867179981,91.6662392140668,0.2579403272377286,15.466219912472647,15.951445717403164,3834.0,0.6185997910135841,0.7224089635854342,0.5883084577114428,False,0.2820670562903722,101117
2,2007,86.41975308641975,112.04819277108432,12.0,15.0,1.0,9.0,25.0,81.0,83.0,9.0,8.0,5.0,2.0,12.0,93.0,70.0,16.0,58.0,6.0,0.4268292682926829,0.25,0.3857142857142857,97.06535141800248,0.2142857142857142,15.814814814814817,13.879518072289155,41.0,0.6666666666666666,0.7727272727272727,0.8,True,0.25,101117
3,2007,105.41090317331164,105.49986453535628,1002.0,1641.0,527.0,1230.0,2220.0,7374.0,7382.0,1460.0,588.0,336.0,291.0,891.0,7788.0,7773.0,1057.0,5357.0,576.0,0.5347289615971164,0.3490460157126824,0.4052496798975672,90.67943514831838,0.2626440460947503,15.996067263357745,15.764291519913302,3905.0,0.5887005649717514,0.7155425219941349,0.6106032906764168,False,0.3038089480048367,101117
