index,year,ortg,drtg,AtRimFGM,AtRimFGA,AtRimAssists,Turnovers,FTA,OffPoss,DefPoss,TwoPtAssists,Steals,BadPassSteals,ThreePtAssists,FG3A,OpponentPoints,Points,SecondChancePoints,FG2A,LiveBallTurnovers,TsPct,Fg3Pct,AtRimFG3AFrequency,Pace,AtRimFrequency,SecondsPerPossOff,SecondsPerPossDef,Minutes,DefAtRimReboundPct,DefFGReboundPct,AtRimAccuracy,player_on,OffFGReboundPct,nba_id
0,2006,97.61904761904762,94.02390438247012,49.0,73.0,23.0,45.0,59.0,252.0,251.0,43.0,22.0,12.0,14.0,48.0,236.0,246.0,54.0,176.0,17.0,0.488,0.3125,0.5401785714285714,89.35603256846781,0.3258928571428571,16.66269841269841,15.565737051792828,135.0,0.5789473684210527,0.6967213114754098,0.6712328767123288,True,0.3307692307692307,101152
1,2006,105.13655016272816,103.05516265912306,1213.0,2181.0,563.0,1094.0,2013.0,7067.0,7070.0,1154.0,517.0,341.0,343.0,1181.0,7286.0,7430.0,1142.0,5069.0,542.0,0.5177970852017937,0.3657917019475021,0.53792,88.45068953830913,0.34896,16.174614404980897,16.385855728429984,3836.0,0.6229281767955801,0.7136208501396215,0.556166895919303,False,0.3229135948097906,101152
2,2007,97.6063829787234,112.3324396782842,61.0,91.0,36.0,81.0,91.0,376.0,373.0,71.0,25.0,16.0,15.0,75.0,419.0,367.0,37.0,218.0,36.0,0.5494011976047904,0.2933333333333333,0.5665529010238908,94.54417952314166,0.310580204778157,15.398936170212766,15.06166219839142,190.0,0.675,0.6836158192090396,0.6703296703296703,True,0.2565789473684211,101152
3,2007,108.12569213732004,103.29639889196676,1282.0,2097.0,673.0,1082.0,1896.0,7224.0,7220.0,1276.0,558.0,362.0,420.0,1412.0,7458.0,7811.0,1100.0,4984.0,496.0,0.5382907880133185,0.3512747875354107,0.5486241400875547,90.96513478998652,0.3278611632270168,15.890642303433,15.769806094182826,3811.0,0.655223880597015,0.7249690976514215,0.6113495469718646,False,0.304655274012964,101152
