index,year,ortg,drtg,AtRimFGM,AtRimFGA,AtRimAssists,Turnovers,FTA,OffPoss,DefPoss,TwoPtAssists,Steals,BadPassSteals,ThreePtAssists,FG3A,OpponentPoints,Points,SecondChancePoints,FG2A,LiveBallTurnovers,TsPct,Fg3Pct,AtRimFG3AFrequency,Pace,AtRimFrequency,SecondsPerPossOff,SecondsPerPossDef,Minutes,DefAtRimReboundPct,DefFGReboundPct,AtRimAccuracy,player_on,OffFGReboundPct,nba_id
0,2011,110.30927835051548,102.03045685279189,32.0,52.0,22.0,25.0,61.0,194.0,197.0,37.0,12.0,7.0,12.0,45.0,201.0,214.0,45.0,132.0,15.0,0.5219512195121951,0.3333333333333333,0.5480225988700564,84.31266846361186,0.2937853107344633,17.087628865979383,17.071065989847718,111.0,0.6923076923076923,0.7738095238095238,0.6153846153846154,True,0.3535353535353535,101127
1,2011,114.42006269592476,105.01567398119124,58.0,90.0,27.0,52.0,104.0,319.0,319.0,52.0,23.0,14.0,14.0,45.0,335.0,365.0,47.0,225.0,28.0,0.5757097791798107,0.4,0.5,86.65534804753821,0.3333333333333333,17.31974921630094,15.9153605015674,177.0,0.6216216216216216,0.7323943661971831,0.6444444444444445,False,0.3357664233576642,101127
2,2013,107.34055354993984,105.46967895362664,148.0,231.0,83.0,116.0,250.0,831.0,841.0,130.0,71.0,34.0,60.0,196.0,887.0,892.0,123.0,528.0,56.0,0.5292712066905615,0.3265306122448979,0.5897790055248618,94.18612838868675,0.319060773480663,15.015643802647412,15.558858501783591,426.0,0.5671641791044776,0.6884816753926701,0.6406926406926406,True,0.298469387755102,101127
3,2013,101.19760479041916,106.81114551083591,36.0,73.0,16.0,42.0,78.0,334.0,323.0,49.0,32.0,23.0,23.0,73.0,345.0,338.0,43.0,228.0,21.0,0.5014880952380952,0.3561643835616438,0.4850498338870432,95.5926038193392,0.2425249169435216,15.532934131736528,14.578947368421051,165.0,0.5789473684210527,0.6938775510204082,0.4931506849315068,False,0.2558139534883721,101127
4,2015,91.74917491749174,110.1639344262295,52.0,91.0,26.0,50.0,62.0,303.0,305.0,42.0,32.0,17.0,26.0,106.0,336.0,278.0,42.0,164.0,26.0,0.4664429530201342,0.2547169811320754,0.7296296296296296,95.20661157024792,0.337037037037037,14.825082508250825,15.422950819672131,153.0,0.7307692307692307,0.7538461538461538,0.5714285714285714,True,0.2530864197530864,101127
5,2015,123.7918215613383,92.01520912547528,59.0,87.0,35.0,30.0,46.0,269.0,263.0,51.0,28.0,17.0,35.0,83.0,242.0,333.0,36.0,169.0,19.0,0.6121323529411765,0.4819277108433735,0.6746031746031746,91.37404580152672,0.3452380952380952,14.83271375464684,16.70722433460076,140.0,0.71875,0.773972602739726,0.6781609195402298,False,0.2868852459016393,101127
