index,year,ortg,drtg,AtRimFGM,AtRimFGA,AtRimAssists,Turnovers,FTA,OffPoss,DefPoss,TwoPtAssists,Steals,BadPassSteals,ThreePtAssists,FG3A,OpponentPoints,Points,SecondChancePoints,FG2A,LiveBallTurnovers,TsPct,Fg3Pct,AtRimFG3AFrequency,Pace,AtRimFrequency,SecondsPerPossOff,SecondsPerPossDef,Minutes,DefAtRimReboundPct,DefFGReboundPct,AtRimAccuracy,player_on,OffFGReboundPct,nba_id
0,2009,162.5,62.5,,2.0,,1.0,2.0,8.0,8.0,1.0,2.0,2.0,1.0,3.0,5.0,13.0,6.0,5.0,1.0,0.7222222222222222,1.0,0.625,91.42857142857144,0.25,15.0,16.5,4.0,1.0,0.75,,True,0.75,101194
1,2009,106.27674750356633,111.06382978723404,108.0,208.0,47.0,112.0,207.0,701.0,705.0,102.0,45.0,17.0,35.0,132.0,783.0,745.0,88.0,470.0,60.0,0.5331890331890332,0.3636363636363636,0.5647840531561462,91.99563794983642,0.3455149501661129,14.814550641940086,16.486524822695035,367.0,0.5555555555555556,0.7067448680351907,0.5192307692307693,False,0.2763975155279503,101194
