index,year,ortg,drtg,AtRimFGM,AtRimFGA,AtRimAssists,Turnovers,FTA,OffPoss,DefPoss,TwoPtAssists,Steals,BadPassSteals,ThreePtAssists,FG3A,OpponentPoints,Points,SecondChancePoints,FG2A,LiveBallTurnovers,TsPct,Fg3Pct,AtRimFG3AFrequency,Pace,AtRimFrequency,SecondsPerPossOff,SecondsPerPossDef,Minutes,DefAtRimReboundPct,DefFGReboundPct,AtRimAccuracy,player_on,OffFGReboundPct,nba_id
0,2006,98.63481228668942,97.21254355400696,38.0,73.0,22.0,40.0,72.0,293.0,287.0,60.0,25.0,12.0,15.0,58.0,279.0,289.0,28.0,200.0,18.0,0.496551724137931,0.3275862068965517,0.5077519379844961,93.68480089736398,0.2829457364341085,14.706484641638225,16.048780487804876,149.0,0.6875,0.7076923076923077,0.5205479452054794,True,0.2765957446808511,101195
1,2006,104.48709285038518,103.69521240728254,1071.0,1955.0,524.0,1184.0,1895.0,7399.0,7415.0,1289.0,483.0,287.0,440.0,1419.0,7689.0,7731.0,1057.0,5060.0,593.0,0.5252559726962457,0.3812544045102184,0.5207593764469826,92.77070603840048,0.3017440963111591,14.72320583862684,16.319352663519894,3832.0,0.6085858585858586,0.7099171191769077,0.5478260869565217,False,0.3026765375854214,101195
2,2007,105.80357142857144,104.82456140350877,23.0,55.0,9.0,32.0,73.0,224.0,228.0,32.0,20.0,11.0,12.0,40.0,239.0,237.0,36.0,153.0,14.0,0.5246636771300448,0.425,0.4922279792746113,91.91922044908912,0.2849740932642487,15.995535714285714,15.342105263157896,118.0,0.5652173913043478,0.6129032258064516,0.4181818181818181,True,0.2429906542056074,101195
3,2007,105.2187368124912,109.94102780117944,1157.0,1966.0,515.0,1204.0,1933.0,7109.0,7122.0,1104.0,535.0,316.0,365.0,1192.0,7830.0,7480.0,1109.0,5007.0,525.0,0.5276435474701535,0.3431208053691275,0.5094370059687047,88.18628189294213,0.3171479270850137,17.08369672246448,15.575821398483573,3873.0,0.6227967097532315,0.707371085099652,0.5885045778229908,False,0.3192133131618759,101195
