index,year,ortg,drtg,AtRimFGM,AtRimFGA,AtRimAssists,Turnovers,FTA,OffPoss,DefPoss,TwoPtAssists,Steals,BadPassSteals,ThreePtAssists,FG3A,OpponentPoints,Points,SecondChancePoints,FG2A,LiveBallTurnovers,TsPct,Fg3Pct,AtRimFG3AFrequency,Pace,AtRimFrequency,SecondsPerPossOff,SecondsPerPossDef,Minutes,DefAtRimReboundPct,DefFGReboundPct,AtRimAccuracy,player_on,OffFGReboundPct,nba_id
0,2006,87.39495798319328,106.72268907563026,10.0,21.0,2.0,28.0,38.0,119.0,119.0,16.0,4.0,2.0,6.0,29.0,127.0,104.0,20.0,60.0,16.0,0.4858490566037736,0.2413793103448276,0.5617977528089888,86.39274010587347,0.2359550561797752,17.69747899159664,15.638655462184872,66.0,0.5909090909090909,0.7241379310344828,0.4761904761904761,True,0.3333333333333333,101180
1,2006,107.19602977667492,108.29145728643216,50.0,90.0,33.0,67.0,125.0,403.0,398.0,58.0,32.0,17.0,27.0,88.0,431.0,432.0,41.0,245.0,27.0,0.5531088082901554,0.375,0.5345345345345346,86.64012619244347,0.2702702702702703,17.508684863523573,15.72110552763819,222.0,0.5957446808510638,0.7065217391304348,0.5555555555555556,False,0.25,101180
2,2007,69.23076923076923,61.53846153846154,3.0,3.0,2.0,1.0,4.0,13.0,13.0,2.0,,,,2.0,8.0,9.0,,7.0,,0.4090909090909091,,0.5555555555555556,105.16853932584269,0.3333333333333333,14.307692307692308,13.076923076923077,6.0,,1.0,1.0,True,0.2,101180
3,2007,110.9628217349857,109.2469018112488,183.0,305.0,78.0,163.0,332.0,1049.0,1049.0,90.0,113.0,77.0,97.0,339.0,1146.0,1164.0,151.0,545.0,82.0,0.5599613152804642,0.359882005899705,0.7285067873303167,95.5325069567417,0.3450226244343891,13.703527168732126,16.44327931363203,527.0,0.4954954954954955,0.6072186836518046,0.6,False,0.2872117400419287,101180
