index,year,ortg,drtg,AtRimFGM,AtRimFGA,AtRimAssists,Turnovers,FTA,OffPoss,DefPoss,TwoPtAssists,Steals,BadPassSteals,ThreePtAssists,FG3A,OpponentPoints,Points,SecondChancePoints,FG2A,LiveBallTurnovers,TsPct,Fg3Pct,AtRimFG3AFrequency,Pace,AtRimFrequency,SecondsPerPossOff,SecondsPerPossDef,Minutes,DefAtRimReboundPct,DefFGReboundPct,AtRimAccuracy,player_on,OffFGReboundPct,nba_id
0,2006,104.54545454545456,50.0,4.0,4.0,1.0,4.0,7.0,22.0,24.0,1.0,4.0,2.0,,,12.0,23.0,,17.0,3.0,0.575,,0.2352941176470588,118.07486631016044,0.2352941176470588,11.045454545454543,13.25,9.0,0.6666666666666666,0.6666666666666666,1.0,True,0.5,101149
1,2006,107.86805461673652,105.4572470620019,1420.0,2348.0,685.0,1133.0,2311.0,7397.0,7403.0,1160.0,563.0,330.0,399.0,1465.0,7807.0,7979.0,1052.0,4930.0,537.0,0.5359751149580742,0.3392491467576792,0.5962470680218921,89.77291395498717,0.3671618451915559,16.48600784101663,15.5952992030258,3957.0,0.6261160714285714,0.7250218467812409,0.6047700170357752,False,0.3094749193311821,101149
