index,year,ortg,drtg,AtRimFGM,AtRimFGA,AtRimAssists,Turnovers,FTA,OffPoss,DefPoss,TwoPtAssists,Steals,BadPassSteals,ThreePtAssists,FG3A,OpponentPoints,Points,SecondChancePoints,FG2A,LiveBallTurnovers,TsPct,Fg3Pct,AtRimFG3AFrequency,Pace,AtRimFrequency,SecondsPerPossOff,SecondsPerPossDef,Minutes,DefAtRimReboundPct,DefFGReboundPct,AtRimAccuracy,player_on,OffFGReboundPct,nba_id
0,2010,22.22222222222222,62.5,1.0,2.0,1.0,1.0,,9.0,8.0,1.0,,,,3.0,5.0,2.0,,4.0,,0.1428571428571428,,0.7142857142857143,98.70967741935485,0.2857142857142857,17.666666666666668,11.125,4.0,,1.0,0.5,True,0.1666666666666666,101214
1,2010,108.69565217391305,106.59448818897638,182.0,287.0,108.0,163.0,344.0,1012.0,1016.0,169.0,67.0,37.0,62.0,224.0,1083.0,1100.0,104.0,588.0,75.0,0.569937369519833,0.3526785714285714,0.6293103448275862,92.90913718503435,0.3534482758620689,15.648221343873518,15.350393700787402,524.0,0.5528455284552846,0.7172557172557172,0.6341463414634146,False,0.2446555819477434,101214
