index,year,ortg,drtg,AtRimFGM,AtRimFGA,AtRimAssists,Turnovers,FTA,OffPoss,DefPoss,TwoPtAssists,Steals,BadPassSteals,ThreePtAssists,FG3A,OpponentPoints,Points,SecondChancePoints,FG2A,LiveBallTurnovers,TsPct,Fg3Pct,AtRimFG3AFrequency,Pace,AtRimFrequency,SecondsPerPossOff,SecondsPerPossDef,Minutes,DefAtRimReboundPct,DefFGReboundPct,AtRimAccuracy,player_on,OffFGReboundPct,nba_id
0,2006,99.57627118644068,99.14163090128756,37.0,51.0,21.0,42.0,57.0,236.0,233.0,45.0,26.0,12.0,10.0,39.0,231.0,235.0,31.0,145.0,24.0,0.562200956937799,0.2564102564102564,0.4891304347826087,95.34942820838629,0.2771739130434782,14.991525423728811,15.214592274678113,118.0,0.4347826086956521,0.6176470588235294,0.7254901960784313,True,0.2043010752688172,101223
1,2006,106.43822781421495,104.54424307036248,1288.0,2043.0,649.0,1216.0,2130.0,7471.0,7504.0,1369.0,550.0,323.0,404.0,1296.0,7845.0,7952.0,1097.0,5192.0,580.0,0.5326819407008087,0.3541666666666667,0.5146424167694205,93.40038202159592,0.314889025893958,15.832418685584258,15.004397654584222,3848.0,0.6117084826762246,0.7093340611353712,0.6304454233969653,False,0.3143021914648212,101223
