index,year,ortg,drtg,AtRimFGM,AtRimFGA,AtRimAssists,Turnovers,FTA,OffPoss,DefPoss,TwoPtAssists,Steals,BadPassSteals,ThreePtAssists,FG3A,OpponentPoints,Points,SecondChancePoints,FG2A,LiveBallTurnovers,TsPct,Fg3Pct,AtRimFG3AFrequency,Pace,AtRimFrequency,SecondsPerPossOff,SecondsPerPossDef,Minutes,DefAtRimReboundPct,DefFGReboundPct,AtRimAccuracy,player_on,OffFGReboundPct,nba_id
0,2010,77.77777777777777,88.88888888888889,2.0,2.0,2.0,2.0,1.0,9.0,9.0,2.0,1.0,,1.0,2.0,8.0,7.0,3.0,7.0,1.0,0.3888888888888889,0.5,0.4444444444444444,95.29411764705884,0.2222222222222222,13.666666666666666,16.555555555555557,5.0,,0.6666666666666666,1.0,True,0.1666666666666666,101211
1,2010,101.20845921450152,112.42424242424242,58.0,104.0,29.0,60.0,101.0,331.0,330.0,60.0,21.0,13.0,18.0,66.0,371.0,335.0,36.0,207.0,30.0,0.5205047318611987,0.2727272727272727,0.6227106227106227,84.62304409672831,0.3809523809523809,17.16616314199396,16.866666666666667,187.0,0.5526315789473685,0.7123287671232876,0.5576923076923077,False,0.304054054054054,101211
