index,year,ortg,drtg,AtRimFGM,AtRimFGA,AtRimAssists,Turnovers,FTA,OffPoss,DefPoss,TwoPtAssists,Steals,BadPassSteals,ThreePtAssists,FG3A,OpponentPoints,Points,SecondChancePoints,FG2A,LiveBallTurnovers,TsPct,Fg3Pct,AtRimFG3AFrequency,Pace,AtRimFrequency,SecondsPerPossOff,SecondsPerPossDef,Minutes,DefAtRimReboundPct,DefFGReboundPct,AtRimAccuracy,player_on,OffFGReboundPct,nba_id
0,2006,114.03508771929825,97.90940766550524,44.0,70.0,29.0,39.0,116.0,285.0,287.0,49.0,26.0,19.0,24.0,54.0,281.0,325.0,33.0,173.0,19.0,0.5782918149466192,0.4444444444444444,0.5462555066079295,90.64377682403436,0.3083700440528634,15.375438596491229,16.393728222996515,151.0,0.5151515151515151,0.6357142857142857,0.6285714285714286,True,0.3,101238
1,2006,102.86027097303956,105.58912386706947,1167.0,2134.0,604.0,1014.0,2059.0,7307.0,7282.0,1304.0,544.0,302.0,388.0,1313.0,7689.0,7516.0,991.0,5098.0,515.0,0.5101664847161572,0.3427265803503427,0.5376696303228825,91.91006811828169,0.3328653876150366,15.90214862460654,15.43202416918429,3810.0,0.5909797822706065,0.7202970297029703,0.5468603561387066,False,0.2746478873239437,101238
