index,year,ortg,drtg,AtRimFGM,AtRimFGA,AtRimAssists,Turnovers,FTA,OffPoss,DefPoss,TwoPtAssists,Steals,BadPassSteals,ThreePtAssists,FG3A,OpponentPoints,Points,SecondChancePoints,FG2A,LiveBallTurnovers,TsPct,Fg3Pct,AtRimFG3AFrequency,Pace,AtRimFrequency,SecondsPerPossOff,SecondsPerPossDef,Minutes,DefAtRimReboundPct,DefFGReboundPct,AtRimAccuracy,player_on,OffFGReboundPct,nba_id
0,2006,133.33333333333334,89.28571428571429,5.0,11.0,1.0,3.0,22.0,27.0,28.0,1.0,4.0,3.0,,4.0,25.0,36.0,13.0,20.0,,0.5294117647058824,0.25,0.625,101.27877237851662,0.4583333333333333,15.148148148148149,13.321428571428571,13.0,0.5,0.4444444444444444,0.4545454545454545,True,0.6428571428571429,101213
1,2006,105.6373474267019,111.6416782159506,1272.0,2084.0,568.0,1215.0,1934.0,7947.0,7937.0,1147.0,586.0,398.0,398.0,1419.0,8861.0,8395.0,1191.0,5698.0,549.0,0.5259054325955734,0.3629316420014094,0.4922017704088801,95.83187390542908,0.2928200084305185,16.086196048823457,13.965100163789844,3978.0,0.647244094488189,0.7542512342292924,0.6103646833013435,False,0.3052631578947368,101213
