index,year,ortg,drtg,AtRimFGM,AtRimFGA,AtRimAssists,Turnovers,FTA,OffPoss,DefPoss,TwoPtAssists,Steals,BadPassSteals,ThreePtAssists,FG3A,OpponentPoints,Points,SecondChancePoints,FG2A,LiveBallTurnovers,TsPct,Fg3Pct,AtRimFG3AFrequency,Pace,AtRimFrequency,SecondsPerPossOff,SecondsPerPossDef,Minutes,DefAtRimReboundPct,DefFGReboundPct,AtRimAccuracy,player_on,OffFGReboundPct,nba_id
0,2006,96.43916913946587,95.32163742690058,96.0,169.0,34.0,105.0,215.0,674.0,684.0,79.0,101.0,69.0,33.0,164.0,652.0,650.0,73.0,392.0,53.0,0.4961479198767334,0.2560975609756097,0.5989208633093526,95.83533447684393,0.3039568345323741,14.643916913946589,15.402046783625732,340.0,0.6351351351351351,0.7056603773584905,0.5680473372781065,True,0.2631578947368421,101207
1,2006,103.16876503041448,107.79459612392137,1197.0,2131.0,542.0,1061.0,1971.0,7069.0,7069.0,1256.0,721.0,432.0,349.0,1097.0,7620.0,7293.0,1026.0,5190.0,524.0,0.5072048125349748,0.3518687329079307,0.5134404326387785,93.19411320409236,0.3389533958962939,15.137218842834914,15.766020653557788,3641.0,0.5925925925925926,0.6742951907131012,0.5617081182543406,False,0.3084462381089651,101207
