index,year,ortg,drtg,AtRimFGM,AtRimFGA,AtRimAssists,Turnovers,FTA,OffPoss,DefPoss,TwoPtAssists,Steals,BadPassSteals,ThreePtAssists,FG3A,OpponentPoints,Points,SecondChancePoints,FG2A,LiveBallTurnovers,TsPct,Fg3Pct,AtRimFG3AFrequency,Pace,AtRimFrequency,SecondsPerPossOff,SecondsPerPossDef,Minutes,DefAtRimReboundPct,DefFGReboundPct,AtRimAccuracy,player_on,OffFGReboundPct,nba_id
0,2007,114.28571428571428,82.3529411764706,4.0,7.0,1.0,5.0,5.0,14.0,17.0,2.0,1.0,,,1.0,14.0,16.0,6.0,10.0,,0.6153846153846154,,0.7272727272727273,89.63855421686746,0.6363636363636364,14.5,17.352941176470587,8.0,1.0,0.5555555555555556,0.5714285714285714,True,0.5,101249
1,2007,98.67330016583747,102.99500831946756,71.0,116.0,39.0,99.0,179.0,603.0,601.0,82.0,48.0,25.0,43.0,155.0,619.0,595.0,64.0,341.0,49.0,0.5120481927710844,0.3225806451612903,0.5463709677419355,88.17821177906622,0.2338709677419354,15.93698175787728,16.725457570715474,328.0,0.5423728813559322,0.7186440677966102,0.6120689655172413,False,0.2508710801393728,101249
2,2012,95.93023255813954,97.0414201183432,23.0,42.0,12.0,30.0,39.0,172.0,169.0,32.0,9.0,7.0,9.0,29.0,164.0,165.0,27.0,133.0,14.0,0.4583333333333333,0.3793103448275862,0.4382716049382716,86.97130712008502,0.2592592592592592,17.924418604651162,15.16568047337278,94.0,0.7083333333333334,0.7586206896551724,0.5476190476190477,True,0.3956043956043956,101249
3,2012,96.3276836158192,99.15492957746478,42.0,84.0,31.0,56.0,72.0,354.0,355.0,84.0,22.0,13.0,10.0,47.0,352.0,341.0,58.0,275.0,31.0,0.4801699716713881,0.3191489361702128,0.4068322981366459,87.75657555440948,0.2608695652173913,16.937853107344633,15.88169014084507,194.0,0.54,0.7580645161290323,0.5,False,0.287292817679558,101249
