index,year,ortg,drtg,AtRimFGM,AtRimFGA,AtRimAssists,Turnovers,FTA,OffPoss,DefPoss,TwoPtAssists,Steals,BadPassSteals,ThreePtAssists,FG3A,OpponentPoints,Points,SecondChancePoints,FG2A,LiveBallTurnovers,TsPct,Fg3Pct,AtRimFG3AFrequency,Pace,AtRimFrequency,SecondsPerPossOff,SecondsPerPossDef,Minutes,DefAtRimReboundPct,DefFGReboundPct,AtRimAccuracy,player_on,OffFGReboundPct,nba_id
0,2007,82.3529411764706,114.28571428571428,2.0,3.0,2.0,2.0,7.0,17.0,14.0,3.0,,,,1.0,16.0,14.0,4.0,12.0,1.0,0.40625,,0.3076923076923077,89.63855421686746,0.2307692307692307,17.352941176470587,14.5,8.0,0.3333333333333333,0.5,0.6666666666666666,True,0.4444444444444444,101249
1,2007,102.99500831946756,98.67330016583747,95.0,154.0,53.0,82.0,139.0,601.0,603.0,133.0,49.0,24.0,24.0,86.0,595.0,619.0,85.0,462.0,48.0,0.5049261083743842,0.3023255813953488,0.437956204379562,88.17821177906622,0.2810218978102189,16.725457570715474,15.93698175787728,328.0,0.6444444444444445,0.7491289198606271,0.6168831168831169,False,0.2813559322033898,101249
2,2012,97.0414201183432,95.93023255813954,21.0,45.0,12.0,18.0,58.0,169.0,172.0,30.0,14.0,10.0,1.0,28.0,165.0,164.0,24.0,120.0,9.0,0.4685714285714286,0.1785714285714285,0.4932432432432432,86.97130712008502,0.304054054054054,15.16568047337278,17.924418604651162,94.0,0.4736842105263157,0.6043956043956044,0.4666666666666667,True,0.2413793103448276,101249
3,2012,99.15492957746478,96.3276836158192,50.0,100.0,29.0,41.0,96.0,355.0,354.0,64.0,31.0,10.0,8.0,53.0,341.0,352.0,40.0,266.0,22.0,0.4861495844875346,0.2830188679245283,0.4796238244514106,87.75657555440948,0.3134796238244514,15.88169014084507,16.937853107344633,194.0,0.6666666666666666,0.712707182320442,0.5,False,0.2419354838709677,101249
