index,year,ortg,drtg,AtRimFGM,AtRimFGA,AtRimAssists,Turnovers,FTA,OffPoss,DefPoss,TwoPtAssists,Steals,BadPassSteals,ThreePtAssists,FG3A,OpponentPoints,Points,SecondChancePoints,FG2A,LiveBallTurnovers,TsPct,Fg3Pct,AtRimFG3AFrequency,Pace,AtRimFrequency,SecondsPerPossOff,SecondsPerPossDef,Minutes,DefAtRimReboundPct,DefFGReboundPct,AtRimAccuracy,player_on,OffFGReboundPct,nba_id
0,2008,95.0,66.66666666666667,,4.0,,1.0,5.0,20.0,18.0,3.0,,,1.0,6.0,12.0,19.0,2.0,13.0,,0.4523809523809524,0.1666666666666666,0.5263157894736842,95.0,0.2105263157894736,15.5,14.77777777777778,10.0,1.0,0.8888888888888888,,True,0.3333333333333333,101247
1,2008,106.96558343617168,101.92439862542956,1089.0,1724.0,521.0,1034.0,1769.0,7293.0,7275.0,1164.0,521.0,334.0,550.0,1604.0,7415.0,7801.0,909.0,4801.0,566.0,0.5387451307735114,0.3697007481296758,0.5195940671350507,88.82024184534092,0.2691647150663544,16.705745235157,15.71807560137457,3936.0,0.62905317769131,0.7425201380897584,0.6316705336426914,False,0.2579505300353357,101247
