index,year,ortg,drtg,AtRimFGM,AtRimFGA,AtRimAssists,Turnovers,FTA,OffPoss,DefPoss,TwoPtAssists,Steals,BadPassSteals,ThreePtAssists,FG3A,OpponentPoints,Points,SecondChancePoints,FG2A,LiveBallTurnovers,TsPct,Fg3Pct,AtRimFG3AFrequency,Pace,AtRimFrequency,SecondsPerPossOff,SecondsPerPossDef,Minutes,DefAtRimReboundPct,DefFGReboundPct,AtRimAccuracy,player_on,OffFGReboundPct,nba_id
0,2006,102.07253886010362,94.51697127937337,50.0,84.0,24.0,66.0,144.0,386.0,383.0,52.0,28.0,16.0,21.0,57.0,362.0,394.0,44.0,236.0,31.0,0.5460893854748603,0.4035087719298245,0.4812286689419795,87.8926898960235,0.2866894197952218,14.660621761658032,18.120104438642297,210.0,0.4705882352941176,0.6176470588235294,0.5952380952380952,True,0.2597402597402597,101261
1,2006,106.91051033685125,104.09989894615272,1036.0,1787.0,484.0,1100.0,2322.0,6917.0,6927.0,1045.0,635.0,393.0,393.0,1240.0,7211.0,7395.0,987.0,4544.0,493.0,0.5385517443564937,0.3766129032258064,0.5233402489626556,88.22478215267236,0.3089557399723375,15.348561515107706,17.293922332900244,3766.0,0.5702857142857143,0.6578115117014548,0.5797425853385563,False,0.2974096578189958,101261
2,2008,102.77427490542244,101.91326530612244,110.0,194.0,66.0,123.0,252.0,793.0,784.0,127.0,76.0,41.0,50.0,158.0,799.0,815.0,86.0,517.0,57.0,0.5121173469387755,0.3417721518987341,0.5214814814814814,96.56744344276235,0.2874074074074074,15.561160151324083,14.255102040816327,392.0,0.5652173913043478,0.6910112359550562,0.5670103092783505,True,0.288,101261
3,2008,107.9437318990484,106.50496141124586,1046.0,1782.0,527.0,1174.0,2191.0,7251.0,7256.0,1153.0,587.0,352.0,490.0,1413.0,7728.0,7827.0,1002.0,4729.0,566.0,0.5458450704225352,0.3906581740976645,0.5201888635623575,97.82564717341626,0.2901335070009769,15.499517307957523,13.941152149944871,3559.0,0.6131934032983508,0.7300897770055025,0.5869809203142536,False,0.2965474722564735,101261
