index,year,ortg,drtg,AtRimFGM,AtRimFGA,AtRimAssists,Turnovers,FTA,OffPoss,DefPoss,TwoPtAssists,Steals,BadPassSteals,ThreePtAssists,FG3A,OpponentPoints,Points,SecondChancePoints,FG2A,LiveBallTurnovers,TsPct,Fg3Pct,AtRimFG3AFrequency,Pace,AtRimFrequency,SecondsPerPossOff,SecondsPerPossDef,Minutes,DefAtRimReboundPct,DefFGReboundPct,AtRimAccuracy,player_on,OffFGReboundPct,nba_id
0,2006,99.14163090128756,99.57627118644068,39.0,62.0,23.0,51.0,74.0,233.0,236.0,46.0,24.0,13.0,4.0,26.0,235.0,231.0,41.0,163.0,26.0,0.5157657657657657,0.2692307692307692,0.4656084656084656,95.34942820838629,0.328042328042328,15.214592274678113,14.991525423728811,118.0,0.9285714285714286,0.7956989247311828,0.6290322580645161,True,0.3823529411764705,101223
1,2006,104.54424307036248,106.43822781421495,1275.0,2119.0,671.0,1105.0,2116.0,7504.0,7471.0,1155.0,580.0,316.0,489.0,1806.0,7952.0,7845.0,1020.0,4790.0,550.0,0.5188114863068333,0.3421926910299003,0.5950576106731352,93.40038202159592,0.3212553062462098,15.004397654584222,15.832418685584258,3848.0,0.5731382978723404,0.6856978085351788,0.6016989145823501,False,0.2906659388646288,101223
