index,year,ortg,drtg,AtRimFGM,AtRimFGA,AtRimAssists,Turnovers,FTA,OffPoss,DefPoss,TwoPtAssists,Steals,BadPassSteals,ThreePtAssists,FG3A,OpponentPoints,Points,SecondChancePoints,FG2A,LiveBallTurnovers,TsPct,Fg3Pct,AtRimFG3AFrequency,Pace,AtRimFrequency,SecondsPerPossOff,SecondsPerPossDef,Minutes,DefAtRimReboundPct,DefFGReboundPct,AtRimAccuracy,player_on,OffFGReboundPct,nba_id
0,1997,107.6,109.8,,,,,,,,,,,,,,,,,,,,,,,,,47.0,,,,True,0.306,1035
1,1997,101.5,104.1,,,,,,,,,,,,,,,,,,,,,,,,,3895.0,,,,False,0.281,1035
2,1998,98.4,103.4,,,,,,,,,,,,,,,,,,,,,,,,,182.0,,,,True,0.285,1035
3,1998,97.8,100.9,,,,,,,,,,,,,,,,,,,,,,,,,3752.0,,,,False,0.289,1035
4,2001,115.55555555555556,93.98496240601504,50.0,78.0,27.0,29.0,61.0,270.0,266.0,59.0,23.0,12.0,12.0,34.0,250.0,312.0,44.0,218.0,14.0,0.5533807829181495,0.4705882352941176,0.4444444444444444,90.6447445684087,0.3095238095238095,13.896296296296295,17.906015037593985,142.0,0.4736842105263157,0.6864406779661016,0.6410256410256411,True,0.3223140495867768,1035
5,2001,96.76429567642955,106.61826305501256,940.0,1738.0,481.0,1078.0,1603.0,7170.0,7162.0,1290.0,576.0,380.0,256.0,1009.0,7636.0,6938.0,943.0,5509.0,554.0,0.4768890119014669,0.3240832507433102,0.4214482970236269,89.94783063479265,0.2666462104940165,15.827615062761506,16.191147724099412,3824.0,0.5770440251572327,0.7021875,0.5408515535097813,False,0.2906759283996794,1035
6,2002,104.02542372881356,98.30508474576273,63.0,98.0,36.0,68.0,145.0,472.0,472.0,107.0,38.0,24.0,19.0,65.0,464.0,491.0,73.0,352.0,36.0,0.5115546218487395,0.3076923076923077,0.3908872901678657,90.87238451768168,0.2350119904076738,15.370762711864408,16.322033898305083,249.0,0.5,0.5972222222222222,0.6428571428571429,True,0.3053097345132743,1035
7,2002,108.12553740326742,101.76419965576592,1184.0,1950.0,676.0,1105.0,1999.0,6978.0,6972.0,1495.0,633.0,409.0,347.0,1108.0,7095.0,7545.0,1132.0,5015.0,577.0,0.5351640513552068,0.3646209386281588,0.4994283847787032,90.20166052240448,0.3184713375796178,15.538693035253656,16.390131956397017,3712.0,0.5645355850422196,0.6704035874439462,0.6071794871794872,False,0.3306426575597641,1035
