index,year,ortg,drtg,AtRimFGM,AtRimFGA,AtRimAssists,Turnovers,FTA,OffPoss,DefPoss,TwoPtAssists,Steals,BadPassSteals,ThreePtAssists,FG3A,OpponentPoints,Points,SecondChancePoints,FG2A,LiveBallTurnovers,TsPct,Fg3Pct,AtRimFG3AFrequency,Pace,AtRimFrequency,SecondsPerPossOff,SecondsPerPossDef,Minutes,DefAtRimReboundPct,DefFGReboundPct,AtRimAccuracy,player_on,OffFGReboundPct,nba_id
0,2003,102.93884034948373,100.0,208.0,346.0,110.0,224.0,331.0,1259.0,1276.0,222.0,93.0,54.0,50.0,165.0,1276.0,1296.0,181.0,913.0,112.0,0.525,0.3272727272727272,0.474025974025974,89.38514655109087,0.3209647495361781,16.229547259729944,15.992163009404388,681.0,0.708029197080292,0.719188767550702,0.6011560693641619,True,0.3197158081705151,1038
1,2003,103.71572286224242,102.17638460289102,1007.0,1683.0,495.0,1051.0,1713.0,6163.0,6157.0,898.0,501.0,305.0,336.0,1102.0,6291.0,6392.0,953.0,4281.0,551.0,0.5165255617062846,0.3493647912885662,0.5173694965632547,89.45497451102001,0.3126509381385844,16.666720752880092,15.527692057820367,3305.0,0.5967503692762186,0.7045232671656362,0.5983363042186571,False,0.3232904536222071,1038
