index,year,ortg,drtg,AtRimFGM,AtRimFGA,AtRimAssists,Turnovers,FTA,OffPoss,DefPoss,TwoPtAssists,Steals,BadPassSteals,ThreePtAssists,FG3A,OpponentPoints,Points,SecondChancePoints,FG2A,LiveBallTurnovers,TsPct,Fg3Pct,AtRimFG3AFrequency,Pace,AtRimFrequency,SecondsPerPossOff,SecondsPerPossDef,Minutes,DefAtRimReboundPct,DefFGReboundPct,AtRimAccuracy,player_on,OffFGReboundPct,nba_id
0,1997,112.0,103.8,,,,,,,,,,,,,,,,,,,,,,,,,2263.0,,,,True,0.319,103
1,1997,108.0,100.0,,,,,,,,,,,,,,,,,,,,,,,,,1688.0,,,,False,0.309,103
2,1998,112.3,122.3,,,,,,,,,,,,,,,,,,,,,,,,,69.0,,,,True,0.3329999999999999,103
3,1998,100.4,106.6,,,,,,,,,,,,,,,,,,,,,,,,,3854.0,,,,False,0.304,103
4,2000,98.6,109.1,,,,,,,,,,,,,,,,,,,,,,,,,934.0,,,,True,0.296,103
5,2000,98.4,102.7,,,,,,,,,,,,,,,,,,,,,,,,,3001.0,,,,False,0.295,103
6,2001,102.88315629742031,103.33839150227618,112.0,188.0,65.0,109.0,187.0,659.0,659.0,125.0,50.0,32.0,22.0,75.0,681.0,678.0,94.0,486.0,60.0,0.5248447204968945,0.3866666666666666,0.4688057040998217,92.85777190664906,0.3351158645276292,15.623672230652504,15.391502276176023,341.0,0.559322033898305,0.6936026936026936,0.5957446808510638,True,0.3242320819112628,103
7,2001,103.82505773672057,105.20172910662824,1167.0,1950.0,684.0,1137.0,1977.0,6928.0,6940.0,1418.0,533.0,333.0,269.0,921.0,7301.0,7193.0,1001.0,5106.0,622.0,0.5182148040638607,0.3485342019543974,0.4763563962170234,91.8068600273077,0.3235440517670482,16.137990762124712,15.23299711815562,3625.0,0.5854483925549916,0.688076122509664,0.5984615384615385,False,0.3179566563467492,103
