index,year,ortg,drtg,AtRimFGM,AtRimFGA,AtRimAssists,Turnovers,FTA,OffPoss,DefPoss,TwoPtAssists,Steals,BadPassSteals,ThreePtAssists,FG3A,OpponentPoints,Points,SecondChancePoints,FG2A,LiveBallTurnovers,TsPct,Fg3Pct,AtRimFG3AFrequency,Pace,AtRimFrequency,SecondsPerPossOff,SecondsPerPossDef,Minutes,DefAtRimReboundPct,DefFGReboundPct,AtRimAccuracy,player_on,OffFGReboundPct,nba_id
0,1997,104.1,102.8,,,,,,,,,,,,,,,,,,,,,,,,,224.0,,,,True,0.312,1049
1,1997,104.1,105.3,,,,,,,,,,,,,,,,,,,,,,,,,3709.0,,,,False,0.287,1049
2,2004,98.46153846153848,88.18897637795276,13.0,32.0,6.0,21.0,46.0,130.0,127.0,19.0,12.0,12.0,9.0,32.0,112.0,128.0,24.0,84.0,13.0,0.4601449275362319,0.3125,0.5517241379310345,89.56437560503389,0.2758620689655172,16.1,16.055118110236222,69.0,0.625,0.6486486486486487,0.40625,True,0.4,1049
3,2004,101.97786998616874,94.14127423822714,1214.0,1987.0,616.0,1182.0,2023.0,7230.0,7220.0,1303.0,649.0,421.0,345.0,1108.0,6797.0,7373.0,1144.0,5210.0,622.0,0.5076955074875208,0.3592057761732852,0.4898702120924343,89.34076408508153,0.3144982589427034,16.140802213001383,16.09529085872576,3882.0,0.6167247386759582,0.716496269687759,0.6109713135379969,False,0.3142195192586157,1049
