index,year,ortg,drtg,AtRimFGM,AtRimFGA,AtRimAssists,Turnovers,FTA,OffPoss,DefPoss,TwoPtAssists,Steals,BadPassSteals,ThreePtAssists,FG3A,OpponentPoints,Points,SecondChancePoints,FG2A,LiveBallTurnovers,TsPct,Fg3Pct,AtRimFG3AFrequency,Pace,AtRimFrequency,SecondsPerPossOff,SecondsPerPossDef,Minutes,DefAtRimReboundPct,DefFGReboundPct,AtRimAccuracy,player_on,OffFGReboundPct,nba_id
0,1997,125.1,116.6,,,,,,,,,,,,,,,,,,,,,,,,,116.0,,,,True,0.225,1051
1,1997,112.5,79.6,,,,,,,,,,,,,,,,,,,,,,,,,26.0,,,,False,0.556,1051
2,1999,97.5,86.6,,,,,,,,,,,,,,,,,,,,,,,,,91.0,,,,True,0.284,1051
3,1999,102.2,96.3,,,,,,,,,,,,,,,,,,,,,,,,,100.0,,,,False,0.256,1051
4,2000,115.4,132.1,,,,,,,,,,,,,,,,,,,,,,,,,16.0,,,,True,0.1669999999999999,1051
5,2000,102.6,97.7,,,,,,,,,,,,,,,,,,,,,,,,,175.0,,,,False,0.27,1051
6,2001,108.10810810810813,100.0,11.0,13.0,6.0,13.0,20.0,74.0,72.0,13.0,6.0,4.0,3.0,14.0,72.0,80.0,14.0,49.0,7.0,0.5555555555555556,0.3571428571428571,0.4285714285714285,84.16333066453163,0.2063492063492063,17.54054054054054,16.666666666666668,42.0,0.6666666666666666,0.65,0.8461538461538461,True,0.303030303030303,1051
7,2001,98.56115107913668,92.4187725631769,46.0,83.0,24.0,43.0,85.0,278.0,277.0,41.0,15.0,9.0,19.0,44.0,256.0,274.0,41.0,189.0,23.0,0.5018382352941176,0.4318181818181818,0.5450643776824035,88.58346264686323,0.3562231759656652,17.22661870503597,15.28158844765343,150.0,0.6363636363636364,0.7181208053691275,0.5542168674698795,False,0.2686567164179104,1051
