index,year,ortg,drtg,AtRimFGM,AtRimFGA,AtRimAssists,Turnovers,FTA,OffPoss,DefPoss,TwoPtAssists,Steals,BadPassSteals,ThreePtAssists,FG3A,OpponentPoints,Points,SecondChancePoints,FG2A,LiveBallTurnovers,TsPct,Fg3Pct,AtRimFG3AFrequency,Pace,AtRimFrequency,SecondsPerPossOff,SecondsPerPossDef,Minutes,DefAtRimReboundPct,DefFGReboundPct,AtRimAccuracy,player_on,OffFGReboundPct,nba_id
0,2004,107.05128205128206,110.8626198083067,65.0,119.0,34.0,53.0,112.0,312.0,313.0,56.0,20.0,14.0,12.0,31.0,347.0,334.0,65.0,236.0,22.0,0.526813880126183,0.4516129032258064,0.5617977528089888,87.48906386701663,0.445692883895131,17.15705128205128,15.763578274760384,171.0,0.5333333333333333,0.6814814814814815,0.5462184873949579,True,0.3916083916083916,1052
1,2004,100.96055887061564,102.152414194299,1183.0,2162.0,643.0,1312.0,2084.0,6871.0,6876.0,1402.0,561.0,337.0,201.0,755.0,7024.0,6937.0,1101.0,5150.0,644.0,0.502922694724536,0.3152317880794702,0.4939881456392887,87.17760367811232,0.3661303979678239,17.556105370397322,15.48065735892961,3785.0,0.6075418994413407,0.6948989412897016,0.5471785383903793,False,0.3654320987654321,1052
2,2005,105.0656660412758,112.71028037383178,101.0,158.0,61.0,111.0,140.0,533.0,535.0,121.0,56.0,39.0,23.0,66.0,603.0,560.0,87.0,389.0,60.0,0.5387596899224806,0.3787878787878788,0.4923076923076923,86.97658635900916,0.3472527472527472,17.637898686679176,15.478504672897197,295.0,0.5454545454545454,0.6650485436893204,0.6392405063291139,True,0.3568281938325991,1052
3,2005,104.01943462897526,108.66745283018868,1164.0,2018.0,689.0,1181.0,2132.0,6792.0,6784.0,1490.0,485.0,275.0,192.0,696.0,7372.0,7065.0,1089.0,5150.0,586.0,0.516119534815251,0.3232758620689655,0.464249059185768,88.99134187310517,0.3451932945603831,16.9674617196702,15.394310141509434,3661.0,0.6166419019316494,0.7008141112618724,0.576808721506442,False,0.3439671509791535,1052
