index,year,ortg,drtg,AtRimFGM,AtRimFGA,AtRimAssists,Turnovers,FTA,OffPoss,DefPoss,TwoPtAssists,Steals,BadPassSteals,ThreePtAssists,FG3A,OpponentPoints,Points,SecondChancePoints,FG2A,LiveBallTurnovers,TsPct,Fg3Pct,AtRimFG3AFrequency,Pace,AtRimFrequency,SecondsPerPossOff,SecondsPerPossDef,Minutes,DefAtRimReboundPct,DefFGReboundPct,AtRimAccuracy,player_on,OffFGReboundPct,nba_id
0,2001,93.47826086956522,108.88888888888889,16.0,27.0,8.0,14.0,30.0,92.0,90.0,14.0,6.0,4.0,5.0,14.0,98.0,86.0,16.0,65.0,8.0,0.4673913043478261,0.3571428571428571,0.5189873417721519,85.03569110966905,0.3417721518987341,18.51086956521739,15.322222222222225,51.0,0.4545454545454545,0.6363636363636364,0.5925925925925926,True,0.2653061224489796,1073
1,2001,103.07692307692308,88.8030888030888,41.0,69.0,22.0,42.0,75.0,260.0,259.0,40.0,15.0,9.0,17.0,44.0,230.0,268.0,39.0,173.0,22.0,0.5297619047619048,0.4318181818181818,0.5207373271889401,88.5707513628822,0.3179723502304147,16.861538461538462,15.652509652509652,141.0,0.7647058823529411,0.7241379310344828,0.5942028985507246,False,0.2796610169491525,1073
