index,year,ortg,drtg,AtRimFGM,AtRimFGA,AtRimAssists,Turnovers,FTA,OffPoss,DefPoss,TwoPtAssists,Steals,BadPassSteals,ThreePtAssists,FG3A,OpponentPoints,Points,SecondChancePoints,FG2A,LiveBallTurnovers,TsPct,Fg3Pct,AtRimFG3AFrequency,Pace,AtRimFrequency,SecondsPerPossOff,SecondsPerPossDef,Minutes,DefAtRimReboundPct,DefFGReboundPct,AtRimAccuracy,player_on,OffFGReboundPct,nba_id
0,2000,83.9,107.1,,,,,,,,,,,,,,,,,,,,,,,,,17.0,,,,True,0.278,1085
1,2000,100.8,99.6,,,,,,,,,,,,,,,,,,,,,,,,,3925.0,,,,False,0.315,1085
2,2001,109.6774193548387,117.14285714285714,4.0,5.0,4.0,4.0,12.0,31.0,35.0,7.0,1.0,1.0,1.0,3.0,41.0,34.0,2.0,23.0,3.0,0.53125,0.3333333333333333,0.3076923076923077,82.21453287197232,0.1923076923076923,17.29032258064516,17.714285714285715,19.0,0.3333333333333333,0.7142857142857143,0.8,True,0.3333333333333333,1085
3,2001,98.0975029726516,103.6190727777044,1073.0,1812.0,505.0,1363.0,1799.0,7569.0,7571.0,1282.0,631.0,367.0,269.0,930.0,7845.0,7425.0,1130.0,5712.0,695.0,0.4956281947807371,0.3569892473118279,0.4128274616079494,92.5349314952208,0.2728093947606143,15.708812260536398,15.41460837405891,3927.0,0.6084099868593955,0.6906873614190687,0.5921633554083885,False,0.3130081300813008,1085
4,2002,83.63636363636364,87.71929824561404,13.0,17.0,4.0,15.0,4.0,55.0,57.0,7.0,5.0,4.0,1.0,6.0,50.0,46.0,6.0,39.0,7.0,0.5,0.1666666666666666,0.5111111111111111,92.37113402061856,0.3777777777777777,16.29090909090909,14.912280701754383,29.0,,0.6428571428571429,0.7647058823529411,True,0.25,1085
5,2002,101.64496230294722,99.76702754556668,1185.0,2024.0,619.0,1241.0,2100.0,7295.0,7297.0,1439.0,700.0,401.0,191.0,709.0,7280.0,7415.0,1196.0,5682.0,647.0,0.5021831082003002,0.3004231311706629,0.4276326083554999,89.40948198830708,0.3166953528399311,16.296915695681975,15.914485404960942,3917.0,0.6434108527131783,0.7046332046332047,0.5854743083003953,False,0.3461212976022567,1085
