index,year,ortg,drtg,AtRimFGM,AtRimFGA,AtRimAssists,Turnovers,FTA,OffPoss,DefPoss,TwoPtAssists,Steals,BadPassSteals,ThreePtAssists,FG3A,OpponentPoints,Points,SecondChancePoints,FG2A,LiveBallTurnovers,TsPct,Fg3Pct,AtRimFG3AFrequency,Pace,AtRimFrequency,SecondsPerPossOff,SecondsPerPossDef,Minutes,DefAtRimReboundPct,DefFGReboundPct,AtRimAccuracy,player_on,OffFGReboundPct,nba_id
0,2000,107.1,83.9,,,,,,,,,,,,,,,,,,,,,,,,,17.0,,,,True,0.429,1085
1,2000,99.6,100.8,,,,,,,,,,,,,,,,,,,,,,,,,3925.0,,,,False,0.301,1085
2,2001,117.14285714285714,109.6774193548387,6.0,9.0,3.0,4.0,,35.0,31.0,7.0,3.0,1.0,2.0,8.0,34.0,41.0,5.0,26.0,1.0,0.6029411764705882,0.375,0.5,82.21453287197232,0.2647058823529412,17.714285714285715,17.29032258064516,19.0,1.0,0.6666666666666666,0.6666666666666666,True,0.2857142857142857,1085
3,2001,103.6190727777044,98.0975029726516,1097.0,1860.0,627.0,1206.0,2153.0,7571.0,7569.0,1400.0,695.0,434.0,328.0,1072.0,7425.0,7845.0,1061.0,5503.0,631.0,0.5167749635326879,0.3666044776119403,0.4459315589353612,92.5349314952208,0.2828897338403042,15.41460837405891,15.708812260536398,3927.0,0.5964432284541724,0.6869918699186992,0.5897849462365592,False,0.3093126385809313,1085
4,2002,87.71929824561404,83.63636363636364,2.0,3.0,1.0,9.0,26.0,57.0,55.0,9.0,7.0,6.0,2.0,6.0,46.0,50.0,11.0,38.0,5.0,0.4464285714285714,0.3333333333333333,0.2045454545454545,92.37113402061856,0.0681818181818181,14.912280701754383,16.29090909090909,29.0,0.75,0.75,0.6666666666666666,True,0.3571428571428571,1085
5,2002,99.76702754556668,101.64496230294722,990.0,1770.0,582.0,1199.0,1772.0,7297.0,7295.0,1400.0,647.0,375.0,357.0,1316.0,7415.0,7280.0,965.0,5140.0,700.0,0.4982691775131542,0.331306990881459,0.4780049566294919,89.40948198830708,0.2741635687732342,15.914485404960942,16.296915695681975,3917.0,0.569377990430622,0.6538787023977433,0.559322033898305,False,0.2953667953667954,1085
