index,year,ortg,drtg,AtRimFGM,AtRimFGA,AtRimAssists,Turnovers,FTA,OffPoss,DefPoss,TwoPtAssists,Steals,BadPassSteals,ThreePtAssists,FG3A,OpponentPoints,Points,SecondChancePoints,FG2A,LiveBallTurnovers,TsPct,Fg3Pct,AtRimFG3AFrequency,Pace,AtRimFrequency,SecondsPerPossOff,SecondsPerPossDef,Minutes,DefAtRimReboundPct,DefFGReboundPct,AtRimAccuracy,player_on,OffFGReboundPct,nba_id
0,1997,113.6,103.6,,,,,,,,,,,,,,,,,,,,,,,,,320.0,,,,True,0.321,1138
1,1997,110.0,102.1,,,,,,,,,,,,,,,,,,,,,,,,,3631.0,,,,False,0.314,1138
2,1999,105.3,106.0,,,,,,,,,,,,,,,,,,,,,,,,,200.0,,,,True,0.358,1138
3,1999,101.3,101.0,,,,,,,,,,,,,,,,,,,,,,,,,2227.0,,,,False,0.32,1138
4,2000,95.3,106.7,,,,,,,,,,,,,,,,,,,,,,,,,36.0,,,,True,0.182,1138
5,2000,101.1,103.9,,,,,,,,,,,,,,,,,,,,,,,,,3896.0,,,,False,0.2689999999999999,1138
6,2001,113.04347826086956,88.96551724137932,20.0,31.0,12.0,21.0,50.0,138.0,145.0,22.0,12.0,6.0,9.0,24.0,129.0,156.0,14.0,88.0,12.0,0.5783582089552238,0.4166666666666667,0.4910714285714285,90.53988002666074,0.2767857142857143,16.5,15.33793103448276,75.0,0.6923076923076923,0.704225352112676,0.6451612903225806,True,0.2982456140350877,1138
7,2001,104.4878706199461,100.5275260381442,1166.0,1951.0,687.0,1208.0,2075.0,7420.0,7393.0,1489.0,682.0,407.0,360.0,1131.0,7432.0,7753.0,1121.0,5339.0,630.0,0.5204274891774892,0.3642793987621573,0.4763523956723338,91.3771654757621,0.3015455950540958,15.882479784366575,15.634789665900175,3891.0,0.5623529411764706,0.6713426853707415,0.5976422347514095,False,0.3193970420932878,1138
