index,year,ortg,drtg,AtRimFGM,AtRimFGA,AtRimAssists,Turnovers,FTA,OffPoss,DefPoss,TwoPtAssists,Steals,BadPassSteals,ThreePtAssists,FG3A,OpponentPoints,Points,SecondChancePoints,FG2A,LiveBallTurnovers,TsPct,Fg3Pct,AtRimFG3AFrequency,Pace,AtRimFrequency,SecondsPerPossOff,SecondsPerPossDef,Minutes,DefAtRimReboundPct,DefFGReboundPct,AtRimAccuracy,player_on,OffFGReboundPct,nba_id
0,1997,103.6,113.6,,,,,,,,,,,,,,,,,,,,,,,,,320.0,,,,True,0.355,1138
1,1997,102.1,110.0,,,,,,,,,,,,,,,,,,,,,,,,,3631.0,,,,False,0.288,1138
2,1999,106.0,105.3,,,,,,,,,,,,,,,,,,,,,,,,,200.0,,,,True,0.267,1138
3,1999,101.0,101.3,,,,,,,,,,,,,,,,,,,,,,,,,2227.0,,,,False,0.31,1138
4,2000,106.7,95.3,,,,,,,,,,,,,,,,,,,,,,,,,36.0,,,,True,0.25,1138
5,2000,103.9,101.1,,,,,,,,,,,,,,,,,,,,,,,,,3896.0,,,,False,0.258,1138
6,2001,88.96551724137932,113.04347826086956,24.0,37.0,16.0,26.0,28.0,145.0,138.0,29.0,12.0,8.0,6.0,23.0,156.0,129.0,24.0,99.0,12.0,0.4777777777777778,0.2608695652173913,0.4918032786885246,90.53988002666074,0.3032786885245901,15.33793103448276,16.5,75.0,0.8181818181818182,0.7017543859649122,0.6486486486486487,True,0.2957746478873239,1138
7,2001,100.5275260381442,104.4878706199461,1177.0,2033.0,644.0,1325.0,2012.0,7393.0,7420.0,1478.0,630.0,420.0,195.0,636.0,7753.0,7432.0,1138.0,5774.0,682.0,0.505750273822563,0.3364779874213836,0.416380655226209,91.3771654757621,0.3171606864274571,15.634789665900175,15.882479784366575,3891.0,0.5817245817245817,0.6806029579067122,0.5789473684210527,False,0.3286573146292585,1138
