index,year,ortg,drtg,AtRimFGM,AtRimFGA,AtRimAssists,Turnovers,FTA,OffPoss,DefPoss,TwoPtAssists,Steals,BadPassSteals,ThreePtAssists,FG3A,OpponentPoints,Points,SecondChancePoints,FG2A,LiveBallTurnovers,TsPct,Fg3Pct,AtRimFG3AFrequency,Pace,AtRimFrequency,SecondsPerPossOff,SecondsPerPossDef,Minutes,DefAtRimReboundPct,DefFGReboundPct,AtRimAccuracy,player_on,OffFGReboundPct,nba_id
0,1998,102.7,104.1,,,,,,,,,,,,,,,,,,,,,,,,,791.0,,,,True,0.361,128
1,1998,101.0,101.7,,,,,,,,,,,,,,,,,,,,,,,,,320.0,,,,True,0.397,128
2,1998,107.9,105.8,,,,,,,,,,,,,,,,,,,,,,,,,3155.0,,,,False,0.369,128
3,1998,100.3,102.5,,,,,,,,,,,,,,,,,,,,,,,,,3618.0,,,,False,0.3379999999999999,128
4,2001,102.0954598370198,103.96732788798133,153.0,232.0,101.0,163.0,253.0,859.0,857.0,196.0,54.0,28.0,27.0,80.0,891.0,877.0,105.0,604.0,80.0,0.5425,0.4375,0.4561403508771929,92.81598617736545,0.3391812865497076,15.912689173457508,15.115519253208868,444.0,0.6363636363636364,0.7391304347826086,0.6594827586206896,True,0.2957746478873239,128
5,2001,107.72741101308183,101.9371568029286,1257.0,2061.0,881.0,1134.0,2027.0,6574.0,6556.0,1631.0,607.0,321.0,257.0,772.0,6683.0,7082.0,947.0,4833.0,619.0,0.5379571053849714,0.3756476683937824,0.5054415700267618,89.71941329714288,0.367707404103479,16.227258898691815,15.872330689444784,3512.0,0.6431034482758621,0.6980365605958023,0.6098981077147017,False,0.335405872193437,128
