index,year,ortg,drtg,AtRimFGM,AtRimFGA,AtRimAssists,Turnovers,FTA,OffPoss,DefPoss,TwoPtAssists,Steals,BadPassSteals,ThreePtAssists,FG3A,OpponentPoints,Points,SecondChancePoints,FG2A,LiveBallTurnovers,TsPct,Fg3Pct,AtRimFG3AFrequency,Pace,AtRimFrequency,SecondsPerPossOff,SecondsPerPossDef,Minutes,DefAtRimReboundPct,DefFGReboundPct,AtRimAccuracy,player_on,OffFGReboundPct,nba_id
0,1998,104.1,102.7,,,,,,,,,,,,,,,,,,,,,,,,,791.0,,,,True,0.314,128
1,1998,101.7,101.0,,,,,,,,,,,,,,,,,,,,,,,,,320.0,,,,True,0.32,128
2,1998,105.8,107.9,,,,,,,,,,,,,,,,,,,,,,,,,3155.0,,,,False,0.341,128
3,1998,102.5,100.3,,,,,,,,,,,,,,,,,,,,,,,,,3618.0,,,,False,0.331,128
4,2001,103.96732788798133,102.0954598370198,97.0,164.0,45.0,132.0,328.0,857.0,859.0,129.0,80.0,54.0,46.0,146.0,877.0,891.0,101.0,534.0,54.0,0.5314009661835749,0.3219178082191781,0.4558823529411764,92.81598617736545,0.2411764705882353,15.115519253208868,15.912689173457508,444.0,0.5512820512820513,0.704225352112676,0.5914634146341463,True,0.2608695652173913,128
5,2001,101.9371568029286,107.72741101308183,855.0,1435.0,427.0,1189.0,2063.0,6556.0,6574.0,1066.0,619.0,455.0,323.0,1048.0,7082.0,6683.0,929.0,4348.0,607.0,0.5230367321089296,0.3463740458015267,0.4601556708673091,89.71941329714288,0.2659377316530763,15.872330689444784,16.227258898691815,3512.0,0.58,0.664594127806563,0.5958188153310104,False,0.3019634394041977,128
