index,year,ortg,drtg,AtRimFGM,AtRimFGA,AtRimAssists,Turnovers,FTA,OffPoss,DefPoss,TwoPtAssists,Steals,BadPassSteals,ThreePtAssists,FG3A,OpponentPoints,Points,SecondChancePoints,FG2A,LiveBallTurnovers,TsPct,Fg3Pct,AtRimFG3AFrequency,Pace,AtRimFrequency,SecondsPerPossOff,SecondsPerPossDef,Minutes,DefAtRimReboundPct,DefFGReboundPct,AtRimAccuracy,player_on,OffFGReboundPct,nba_id
0,1999,88.8,92.4,,,,,,,,,,,,,,,,,,,,,,,,,127.0,,,,True,0.26,137
1,1999,104.4,109.7,,,,,,,,,,,,,,,,,,,,,,,,,121.0,,,,False,0.337,137
2,2001,93.5897435897436,121.51898734177216,8.0,15.0,2.0,12.0,24.0,78.0,79.0,11.0,3.0,1.0,1.0,17.0,96.0,73.0,13.0,53.0,6.0,0.45,0.1764705882352941,0.4571428571428571,86.9204152249135,0.2142857142857142,16.794871794871796,16.341772151898734,43.0,0.5384615384615384,0.7142857142857143,0.5333333333333333,True,0.3255813953488372,137
3,2001,105.20446096654275,107.20496894409938,111.0,208.0,52.0,104.0,232.0,807.0,805.0,115.0,56.0,38.0,43.0,155.0,863.0,849.0,123.0,583.0,51.0,0.5017878426698451,0.3741935483870968,0.491869918699187,88.60185503263484,0.2818428184281842,15.532837670384138,16.973913043478262,437.0,0.6016949152542372,0.6693121693121693,0.5336538461538461,False,0.2988505747126437,137
4,2001,105.20446096654275,107.20496894409938,111.0,208.0,52.0,104.0,232.0,807.0,805.0,115.0,56.0,38.0,43.0,155.0,863.0,849.0,123.0,583.0,51.0,0.5017878426698451,0.3741935483870968,0.491869918699187,88.60185503263484,0.2818428184281842,15.532837670384138,16.973913043478262,437.0,0.6016949152542372,0.6693121693121693,0.5336538461538461,False,0.2988505747126437,137
