index,year,ortg,drtg,AtRimFGM,AtRimFGA,AtRimAssists,Turnovers,FTA,OffPoss,DefPoss,TwoPtAssists,Steals,BadPassSteals,ThreePtAssists,FG3A,OpponentPoints,Points,SecondChancePoints,FG2A,LiveBallTurnovers,TsPct,Fg3Pct,AtRimFG3AFrequency,Pace,AtRimFrequency,SecondsPerPossOff,SecondsPerPossDef,Minutes,DefAtRimReboundPct,DefFGReboundPct,AtRimAccuracy,player_on,OffFGReboundPct,nba_id
0,1999,92.4,88.8,,,,,,,,,,,,,,,,,,,,,,,,,127.0,,,,True,0.29,137
1,1999,109.7,104.4,,,,,,,,,,,,,,,,,,,,,,,,,121.0,,,,False,0.3429999999999999,137
2,2001,121.51898734177216,93.5897435897436,11.0,24.0,7.0,10.0,39.0,79.0,78.0,11.0,6.0,2.0,6.0,15.0,73.0,96.0,10.0,47.0,3.0,0.5886075949367089,0.5333333333333333,0.6290322580645161,86.9204152249135,0.3870967741935484,16.341772151898734,16.794871794871796,43.0,0.8571428571428571,0.6744186046511628,0.4583333333333333,True,0.2857142857142857,137
3,2001,107.20496894409938,105.20446096654275,176.0,294.0,110.0,125.0,235.0,805.0,807.0,177.0,51.0,29.0,40.0,121.0,849.0,863.0,118.0,592.0,56.0,0.5215252152521526,0.371900826446281,0.5820476858345021,88.60185503263484,0.4123422159887798,16.973913043478262,15.532837670384138,437.0,0.5257731958762887,0.7011494252873564,0.5986394557823129,False,0.3306878306878307,137
