index,year,ortg,drtg,AtRimFGM,AtRimFGA,AtRimAssists,Turnovers,FTA,OffPoss,DefPoss,TwoPtAssists,Steals,BadPassSteals,ThreePtAssists,FG3A,OpponentPoints,Points,SecondChancePoints,FG2A,LiveBallTurnovers,TsPct,Fg3Pct,AtRimFG3AFrequency,Pace,AtRimFrequency,SecondsPerPossOff,SecondsPerPossDef,Minutes,DefAtRimReboundPct,DefFGReboundPct,AtRimAccuracy,player_on,OffFGReboundPct,nba_id
0,2002,100.81967213114754,103.30578512396694,19.0,29.0,12.0,28.0,26.0,122.0,121.0,22.0,6.0,3.0,7.0,21.0,125.0,123.0,17.0,75.0,18.0,0.5694444444444444,0.4285714285714285,0.5208333333333334,84.89082969432314,0.3020833333333333,16.65573770491803,17.272727272727273,69.0,0.2,0.6363636363636364,0.6551724137931034,True,0.2708333333333333,1442
1,2002,95.92944369063773,96.07046070460704,90.0,181.0,46.0,118.0,198.0,737.0,738.0,93.0,67.0,47.0,65.0,205.0,709.0,707.0,102.0,435.0,64.0,0.4828060522696011,0.3463414634146341,0.603125,86.06856309263311,0.2828125,16.43012211668928,17.031165311653115,411.0,0.4842105263157895,0.6815789473684211,0.4972375690607735,False,0.2701298701298701,1442
2,2003,119.64285714285714,108.7719298245614,8.0,13.0,3.0,9.0,16.0,56.0,57.0,7.0,6.0,3.0,6.0,14.0,62.0,67.0,10.0,34.0,2.0,0.6090909090909091,0.5714285714285714,0.5625,93.40987370838116,0.2708333333333333,15.714285714285714,15.12280701754386,29.0,1.0,0.8125,0.6153846153846154,True,0.3043478260869565,1442
3,2003,101.3869625520111,100.48442906574394,169.0,302.0,91.0,218.0,506.0,1442.0,1445.0,210.0,130.0,84.0,79.0,310.0,1452.0,1462.0,208.0,897.0,108.0,0.503120665742025,0.3419354838709677,0.5070422535211268,86.93964615835041,0.2502071251035626,17.896671289875172,15.232525951557092,797.0,0.5686274509803921,0.6865248226950355,0.5596026490066225,False,0.2851002865329513,1442
4,2006,79.54545454545455,86.66666666666667,4.0,10.0,3.0,13.0,13.0,44.0,45.0,6.0,2.0,2.0,1.0,6.0,39.0,35.0,6.0,29.0,11.0,0.4268292682926829,0.1666666666666666,0.4571428571428571,97.38601823708208,0.2857142857142857,15.363636363636363,14.22222222222222,22.0,0.4545454545454545,0.5769230769230769,0.4,True,0.35,1442
5,2006,112.7056672760512,108.12785388127854,174.0,255.0,79.0,173.0,308.0,1094.0,1095.0,197.0,58.0,36.0,45.0,137.0,1184.0,1233.0,174.0,797.0,68.0,0.5724976613657624,0.3868613138686131,0.4197002141327623,93.13792695898827,0.2730192719486081,16.085009140767824,14.837442922374429,564.0,0.6611570247933884,0.7299270072992701,0.6823529411764706,False,0.303030303030303,1442
