index,year,ortg,drtg,AtRimFGM,AtRimFGA,AtRimAssists,Turnovers,FTA,OffPoss,DefPoss,TwoPtAssists,Steals,BadPassSteals,ThreePtAssists,FG3A,OpponentPoints,Points,SecondChancePoints,FG2A,LiveBallTurnovers,TsPct,Fg3Pct,AtRimFG3AFrequency,Pace,AtRimFrequency,SecondsPerPossOff,SecondsPerPossDef,Minutes,DefAtRimReboundPct,DefFGReboundPct,AtRimAccuracy,player_on,OffFGReboundPct,nba_id
0,2007,109.0909090909091,91.66666666666669,3.0,3.0,2.0,,8.0,11.0,12.0,2.0,,,,2.0,11.0,12.0,,4.0,,0.6,,0.8333333333333334,95.17241379310344,0.5,14.181818181818182,16.0,6.0,,0.8333333333333334,1.0,True,0.3333333333333333,1502
1,2007,110.4662226450999,108.85714285714286,183.0,305.0,78.0,164.0,328.0,1051.0,1050.0,90.0,113.0,77.0,97.0,339.0,1143.0,1161.0,151.0,548.0,82.0,0.5579710144927537,0.359882005899705,0.7260428410372041,95.64491654021244,0.3438556933483653,13.705994291151285,16.406666666666666,527.0,0.4954954954954955,0.6093418259023354,0.6,False,0.2860125260960334,1502
2,2008,58.8235294117647,154.54545454545453,1.0,3.0,,4.0,4.0,17.0,22.0,1.0,2.0,2.0,,6.0,34.0,10.0,,7.0,2.0,0.3333333333333333,,0.6923076923076923,88.44094488188976,0.2307692307692307,20.647058823529413,12.909090909090908,11.0,,0.5714285714285714,0.3333333333333333,True,0.125,1502
3,2008,111.61440185830428,107.59345794392524,166.0,271.0,60.0,141.0,239.0,861.0,856.0,92.0,46.0,25.0,81.0,247.0,921.0,961.0,120.0,494.0,76.0,0.5647820965842167,0.3643724696356275,0.699055330634278,87.78554944079531,0.3657219973009447,15.585365853658535,17.226635514018692,469.0,0.6,0.7234513274336283,0.6125461254612546,False,0.3272727272727272,1502
4,2009,88.88888888888889,122.22222222222224,1.0,1.0,,3.0,3.0,9.0,9.0,,2.0,2.0,,4.0,11.0,8.0,,2.0,1.0,0.5,0.25,0.8333333333333334,112.2077922077922,0.1666666666666666,12.88888888888889,12.77777777777778,4.0,1.0,0.6666666666666666,1.0,True,,1502
5,2009,108.1118881118881,105.82207731718675,326.0,549.0,162.0,313.0,648.0,2145.0,2147.0,283.0,160.0,94.0,170.0,555.0,2272.0,2319.0,283.0,1249.0,160.0,0.5498093422306959,0.3603603603603603,0.6119733924611973,88.55951510983105,0.3043237250554323,15.96923076923077,16.551001397298556,1163.0,0.6266094420600858,0.7352056168505516,0.5938069216757741,False,0.2607781282860147,1502
