index,year,ortg,drtg,AtRimFGM,AtRimFGA,AtRimAssists,Turnovers,FTA,OffPoss,DefPoss,TwoPtAssists,Steals,BadPassSteals,ThreePtAssists,FG3A,OpponentPoints,Points,SecondChancePoints,FG2A,LiveBallTurnovers,TsPct,Fg3Pct,AtRimFG3AFrequency,Pace,AtRimFrequency,SecondsPerPossOff,SecondsPerPossDef,Minutes,DefAtRimReboundPct,DefFGReboundPct,AtRimAccuracy,player_on,OffFGReboundPct,nba_id
0,1998,116.7,119.1,,,,,,,,,,,,,,,,,,,,,,,,,57.0,,,,True,0.353,1509
1,1998,104.6,109.2,,,,,,,,,,,,,,,,,,,,,,,,,134.0,,,,False,0.3279999999999999,1509
2,1999,102.7,125.6,,,,,,,,,,,,,,,,,,,,,,,,,42.0,,,,True,0.366,1509
3,1999,100.6,98.1,,,,,,,,,,,,,,,,,,,,,,,,,578.0,,,,False,0.249,1509
4,2004,89.05660377358491,94.29657794676808,41.0,59.0,20.0,52.0,52.0,265.0,263.0,39.0,16.0,12.0,12.0,46.0,248.0,236.0,32.0,184.0,29.0,0.4682539682539682,0.2826086956521739,0.4565217391304347,86.75490643541762,0.2565217391304348,16.856603773584904,16.338403041825096,146.0,0.6666666666666666,0.7557251908396947,0.6949152542372882,True,0.2761194029850746,1509
5,2004,102.18579234972678,108.60215053763442,23.0,36.0,13.0,32.0,62.0,183.0,186.0,28.0,10.0,6.0,7.0,30.0,202.0,187.0,18.0,112.0,21.0,0.543859649122807,0.3333333333333333,0.4647887323943662,89.51482479784366,0.2535211267605634,16.278688524590162,15.897849462365592,99.0,0.8571428571428571,0.7272727272727273,0.6388888888888888,False,0.2328767123287671,1509
6,2006,106.06060606060606,100.0,2.0,3.0,,6.0,10.0,33.0,34.0,6.0,1.0,1.0,3.0,10.0,34.0,35.0,9.0,16.0,3.0,0.5645161290322581,0.3,0.5,108.64864864864865,0.1153846153846153,13.727272727272728,12.794117647058824,15.0,0.75,0.8235294117647058,0.6666666666666666,True,0.3571428571428571,1509
7,2006,108.0267558528428,104.2809364548495,207.0,347.0,102.0,208.0,501.0,1495.0,1495.0,233.0,115.0,70.0,94.0,323.0,1559.0,1615.0,256.0,989.0,101.0,0.5198180636777128,0.3746130030959752,0.510670731707317,84.50306170513424,0.2644817073170731,17.57257525083612,16.50903010033445,849.0,0.6333333333333333,0.6961077844311377,0.5965417867435159,False,0.3144827586206896,1509
