index,year,ortg,drtg,AtRimFGM,AtRimFGA,AtRimAssists,Turnovers,FTA,OffPoss,DefPoss,TwoPtAssists,Steals,BadPassSteals,ThreePtAssists,FG3A,OpponentPoints,Points,SecondChancePoints,FG2A,LiveBallTurnovers,TsPct,Fg3Pct,AtRimFG3AFrequency,Pace,AtRimFrequency,SecondsPerPossOff,SecondsPerPossDef,Minutes,DefAtRimReboundPct,DefFGReboundPct,AtRimAccuracy,player_on,OffFGReboundPct,nba_id
0,1998,100.0,100.0,,,,,,,,,,,,,,,,,,,,,,,,,131.0,,,,True,0.228,1510
1,1998,124.5,89.2,,,,,,,,,,,,,,,,,,,,,,,,,59.0,,,,False,0.325,1510
2,2004,98.42105263157896,90.57591623036647,29.0,52.0,18.0,48.0,53.0,190.0,191.0,35.0,19.0,7.0,12.0,37.0,173.0,187.0,33.0,123.0,28.0,0.5027027027027027,0.3513513513513513,0.55625,90.44510385756676,0.325,16.526315789473685,15.319371727748692,101.0,0.65625,0.6770833333333334,0.5576923076923077,True,0.4382022471910112,1510
3,2004,116.92307692307692,98.07692307692308,63.0,105.0,42.0,22.0,73.0,260.0,260.0,63.0,29.0,17.0,10.0,47.0,255.0,304.0,32.0,193.0,13.0,0.554945054945055,0.2978723404255319,0.6333333333333333,89.8488120950324,0.4375,16.619230769230768,15.434615384615384,139.0,0.6842105263157895,0.7073170731707317,0.6,False,0.3057851239669421,1510
4,2009,135.48387096774192,82.75862068965517,10.0,15.0,8.0,5.0,8.0,31.0,29.0,9.0,5.0,4.0,3.0,8.0,24.0,42.0,9.0,23.0,2.0,0.6363636363636364,0.5,0.7419354838709677,87.27272727272727,0.4838709677419355,14.516129032258064,18.620689655172413,16.0,0.6666666666666666,0.8666666666666667,0.6666666666666666,True,0.5333333333333333,1510
5,2009,111.84510250569475,104.75113122171946,72.0,114.0,34.0,73.0,137.0,439.0,442.0,65.0,37.0,26.0,35.0,84.0,463.0,491.0,66.0,276.0,47.0,0.5823389021479713,0.4404761904761904,0.55,94.60402684563758,0.3166666666666666,15.250569476082005,15.192307692307692,224.0,0.6065573770491803,0.6635071090047393,0.631578947368421,False,0.2727272727272727,1510
