index,year,ortg,drtg,AtRimFGM,AtRimFGA,AtRimAssists,Turnovers,FTA,OffPoss,DefPoss,TwoPtAssists,Steals,BadPassSteals,ThreePtAssists,FG3A,OpponentPoints,Points,SecondChancePoints,FG2A,LiveBallTurnovers,TsPct,Fg3Pct,AtRimFG3AFrequency,Pace,AtRimFrequency,SecondsPerPossOff,SecondsPerPossDef,Minutes,DefAtRimReboundPct,DefFGReboundPct,AtRimAccuracy,player_on,OffFGReboundPct,nba_id
0,1999,148.0,100.0,,,,,,,,,,,,,,,,,,,,,,,,,8.0,,,,True,0.3329999999999999,1514
1,1999,80.0,100.0,,,,,,,,,,,,,,,,,,,,,,,,,4.0,,,,True,0.6,1514
2,1999,99.5,99.7,,,,,,,,,,,,,,,,,,,,,,,,,2382.0,,,,False,0.298,1514
3,1999,100.5,104.5,,,,,,,,,,,,,,,,,,,,,,,,,2384.0,,,,False,0.324,1514
4,2004,97.8021978021978,86.74033149171271,26.0,48.0,15.0,35.0,59.0,182.0,181.0,29.0,20.0,14.0,6.0,26.0,157.0,178.0,22.0,114.0,14.0,0.5269461077844312,0.2692307692307692,0.5285714285714286,90.46728971962617,0.3428571428571428,14.824175824175825,17.016574585635357,96.0,0.5789473684210527,0.7294117647058823,0.5416666666666666,True,0.3026315789473684,1514
5,2004,102.65448836877408,101.5995429877178,934.0,1664.0,510.0,1227.0,2372.0,7007.0,7002.0,1131.0,646.0,414.0,362.0,1183.0,7114.0,7193.0,944.0,4556.0,567.0,0.5239947167596125,0.3448858833474218,0.4960794563512807,87.10936083115269,0.2899459836208398,15.510346796061082,17.552270779777206,3860.0,0.5259481037924152,0.6309884778653729,0.5612980769230769,False,0.3057304785894206,1514
