index,year,ortg,drtg,AtRimFGM,AtRimFGA,AtRimAssists,Turnovers,FTA,OffPoss,DefPoss,TwoPtAssists,Steals,BadPassSteals,ThreePtAssists,FG3A,OpponentPoints,Points,SecondChancePoints,FG2A,LiveBallTurnovers,TsPct,Fg3Pct,AtRimFG3AFrequency,Pace,AtRimFrequency,SecondsPerPossOff,SecondsPerPossDef,Minutes,DefAtRimReboundPct,DefFGReboundPct,AtRimAccuracy,player_on,OffFGReboundPct,nba_id
0,1999,100.0,148.0,,,,,,,,,,,,,,,,,,,,,,,,,8.0,,,,True,0.417,1514
1,1999,100.0,80.0,,,,,,,,,,,,,,,,,,,,,,,,,4.0,,,,True,0.0,1514
2,1999,99.7,99.5,,,,,,,,,,,,,,,,,,,,,,,,,2382.0,,,,False,0.325,1514
3,1999,104.5,100.5,,,,,,,,,,,,,,,,,,,,,,,,,2384.0,,,,False,0.291,1514
4,2004,86.74033149171271,97.8021978021978,19.0,38.0,15.0,35.0,49.0,181.0,182.0,39.0,14.0,7.0,4.0,21.0,178.0,157.0,15.0,125.0,20.0,0.4610778443113772,0.1904761904761904,0.4041095890410959,90.46728971962617,0.2602739726027397,17.016574585635357,14.824175824175825,96.0,0.6190476190476191,0.6973684210526315,0.5,True,0.2705882352941176,1514
5,2004,101.5995429877178,102.65448836877408,1229.0,2243.0,662.0,1330.0,2147.0,7002.0,7007.0,1419.0,567.0,344.0,209.0,765.0,7193.0,7114.0,1151.0,5261.0,646.0,0.505005005005005,0.3241830065359477,0.4991702621971457,87.10936083115269,0.3722203783604381,17.552270779777206,15.510346796061082,3860.0,0.6041379310344828,0.6942695214105793,0.5479268836379848,False,0.369011522134627,1514
