index,year,ortg,drtg,AtRimFGM,AtRimFGA,AtRimAssists,Turnovers,FTA,OffPoss,DefPoss,TwoPtAssists,Steals,BadPassSteals,ThreePtAssists,FG3A,OpponentPoints,Points,SecondChancePoints,FG2A,LiveBallTurnovers,TsPct,Fg3Pct,AtRimFG3AFrequency,Pace,AtRimFrequency,SecondsPerPossOff,SecondsPerPossDef,Minutes,DefAtRimReboundPct,DefFGReboundPct,AtRimAccuracy,player_on,OffFGReboundPct,nba_id
0,2000,,0.0,,,,,,,,,,,,,,,,,,,,,,,,,0.0,,,,True,,1541
1,2000,99.6,94.7,,,,,,,,,,,,,,,,,,,,,,,,,144.0,,,,False,0.205,1541
2,2001,101.91873589164786,105.89569160997732,126.0,207.0,68.0,140.0,242.0,886.0,882.0,147.0,70.0,49.0,33.0,110.0,934.0,903.0,115.0,646.0,76.0,0.5190311418685121,0.3636363636363636,0.4193121693121693,87.41356223175966,0.2738095238095238,16.299097065462753,16.648526077097507,485.0,0.5824175824175825,0.6725274725274726,0.6086956521739131,True,0.2769607843137255,1541
3,2001,117.7914110429448,104.8780487804878,25.0,39.0,10.0,26.0,57.0,163.0,164.0,31.0,19.0,13.0,7.0,27.0,172.0,192.0,42.0,119.0,18.0,0.5552325581395349,0.3333333333333333,0.4520547945205479,86.63845446182154,0.2671232876712329,16.699386503067483,16.54268292682927,91.0,0.4545454545454545,0.7164179104477612,0.6410256410256411,False,0.4594594594594595,1541
4,2002,100.57971014492752,97.14285714285714,44.0,88.0,26.0,59.0,100.0,345.0,350.0,52.0,31.0,20.0,26.0,80.0,340.0,347.0,47.0,215.0,32.0,0.5043988269794721,0.3875,0.5694915254237288,84.8998982015609,0.2983050847457627,16.82608695652174,17.094285714285714,196.0,0.4102564102564102,0.6497175141242938,0.5,True,0.2923976608187134,1541
5,2002,103.6144578313253,101.28205128205128,15.0,22.0,6.0,16.0,30.0,83.0,78.0,10.0,9.0,9.0,3.0,14.0,79.0,86.0,17.0,47.0,8.0,0.5733333333333334,0.2857142857142857,0.5901639344262295,88.75957120980092,0.360655737704918,14.879518072289155,17.653846153846153,44.0,0.3333333333333333,0.4878048780487805,0.6818181818181818,False,0.2941176470588235,1541
