index,year,ortg,drtg,AtRimFGM,AtRimFGA,AtRimAssists,Turnovers,FTA,OffPoss,DefPoss,TwoPtAssists,Steals,BadPassSteals,ThreePtAssists,FG3A,OpponentPoints,Points,SecondChancePoints,FG2A,LiveBallTurnovers,TsPct,Fg3Pct,AtRimFG3AFrequency,Pace,AtRimFrequency,SecondsPerPossOff,SecondsPerPossDef,Minutes,DefAtRimReboundPct,DefFGReboundPct,AtRimAccuracy,player_on,OffFGReboundPct,nba_id
0,2002,95.16129032258064,130.15873015873015,7.0,13.0,4.0,4.0,17.0,62.0,63.0,12.0,4.0,2.0,1.0,5.0,82.0,59.0,9.0,54.0,2.0,0.4328358208955223,0.4,0.3050847457627119,79.26023778071334,0.2203389830508474,19.20967741935484,17.142857142857142,38.0,1.0,0.7894736842105263,0.5384615384615384,True,0.2571428571428571,1542
1,2002,102.76243093922652,111.11111111111111,55.0,88.0,24.0,49.0,78.0,362.0,360.0,53.0,16.0,11.0,21.0,56.0,400.0,372.0,50.0,283.0,27.0,0.4946524064171123,0.3928571428571428,0.4247787610619469,85.71852584714321,0.2595870206489675,16.914364640883978,16.683333333333334,202.0,0.5806451612903226,0.6813186813186813,0.625,False,0.3121693121693121,1542
