index,year,ortg,drtg,AtRimFGM,AtRimFGA,AtRimAssists,Turnovers,FTA,OffPoss,DefPoss,TwoPtAssists,Steals,BadPassSteals,ThreePtAssists,FG3A,OpponentPoints,Points,SecondChancePoints,FG2A,LiveBallTurnovers,TsPct,Fg3Pct,AtRimFG3AFrequency,Pace,AtRimFrequency,SecondsPerPossOff,SecondsPerPossDef,Minutes,DefAtRimReboundPct,DefFGReboundPct,AtRimAccuracy,player_on,OffFGReboundPct,nba_id
0,2001,82.44274809160305,88.23529411764706,13.0,27.0,6.0,22.0,26.0,131.0,136.0,21.0,17.0,8.0,2.0,13.0,120.0,108.0,21.0,109.0,13.0,0.4029850746268656,0.1538461538461538,0.3278688524590163,89.45556072591903,0.221311475409836,16.793893129770993,15.426470588235292,72.0,0.5714285714285714,0.7142857142857143,0.4814814814814814,True,0.325,1554
1,2001,100.95599606354564,98.33779405550078,934.0,1629.0,564.0,1099.0,1848.0,7113.0,7099.0,1221.0,616.0,346.0,386.0,1371.0,6981.0,7181.0,868.0,4765.0,585.0,0.5123439069900961,0.3471918307804522,0.4889178617992177,87.36064748017176,0.2654823989569752,16.575706452973428,16.39090012677842,3904.0,0.5960365853658537,0.7039089848308051,0.5733578882750153,False,0.2712264150943396,1554
