index,year,ortg,drtg,AtRimFGM,AtRimFGA,AtRimAssists,Turnovers,FTA,OffPoss,DefPoss,TwoPtAssists,Steals,BadPassSteals,ThreePtAssists,FG3A,OpponentPoints,Points,SecondChancePoints,FG2A,LiveBallTurnovers,TsPct,Fg3Pct,AtRimFG3AFrequency,Pace,AtRimFrequency,SecondsPerPossOff,SecondsPerPossDef,Minutes,DefAtRimReboundPct,DefFGReboundPct,AtRimAccuracy,player_on,OffFGReboundPct,nba_id
0,1998,97.5,97.1,,,,,,,,,,,,,,,,,,,,,,,,,138.0,,,,True,0.355,1585
1,1998,103.7,93.7,,,,,,,,,,,,,,,,,,,,,,,,,3797.0,,,,False,0.312,1585
2,1999,122.2,70.0,,,,,,,,,,,,,,,,,,,,,,,,,4.0,,,,True,0.75,1585
3,1999,92.8,102.8,,,,,,,,,,,,,,,,,,,,,,,,,2393.0,,,,False,0.305,1585
4,2003,77.5,68.29268292682927,3.0,4.0,2.0,8.0,8.0,40.0,41.0,6.0,3.0,3.0,2.0,4.0,28.0,31.0,3.0,25.0,8.0,0.4696969696969697,0.75,0.2758620689655172,97.52508361204012,0.1379310344827586,14.65,14.878048780487806,20.0,0.4,0.6666666666666666,0.75,True,0.1176470588235294,1585
5,2003,105.4475737141346,101.85528756957328,1228.0,2165.0,650.0,1059.0,2005.0,7563.0,7546.0,1389.0,735.0,447.0,374.0,1239.0,7686.0,7975.0,1204.0,5640.0,603.0,0.5097711493957315,0.357546408393866,0.4948393661869458,91.5450383735021,0.3147259776130252,16.040724580193046,15.41849986747946,3961.0,0.5876840696117804,0.6964645012934751,0.5672055427251732,False,0.323784494086728,1585
