index,year,ortg,drtg,AtRimFGM,AtRimFGA,AtRimAssists,Turnovers,FTA,OffPoss,DefPoss,TwoPtAssists,Steals,BadPassSteals,ThreePtAssists,FG3A,OpponentPoints,Points,SecondChancePoints,FG2A,LiveBallTurnovers,TsPct,Fg3Pct,AtRimFG3AFrequency,Pace,AtRimFrequency,SecondsPerPossOff,SecondsPerPossDef,Minutes,DefAtRimReboundPct,DefFGReboundPct,AtRimAccuracy,player_on,OffFGReboundPct,nba_id
0,1999,125.7,96.8,,,,,,,,,,,,,,,,,,,,,,,,,16.0,,,,True,0.364,1594
1,1999,95.3,98.6,,,,,,,,,,,,,,,,,,,,,,,,,939.0,,,,False,0.249,1594
2,2000,125.0,66.7,,,,,,,,,,,,,,,,,,,,,,,,,2.0,,,,True,0.0,1594
3,2000,99.0,99.6,,,,,,,,,,,,,,,,,,,,,,,,,766.0,,,,False,0.267,1594
4,2001,100.0,90.0,1.0,1.0,,4.0,5.0,10.0,10.0,1.0,3.0,1.0,,,9.0,10.0,,4.0,3.0,0.8333333333333334,,0.25,144.0,0.25,9.8,10.2,3.0,1.0,1.0,1.0,True,,1594
5,2001,104.88372093023256,100.92592592592592,55.0,104.0,25.0,66.0,121.0,430.0,432.0,79.0,38.0,21.0,18.0,57.0,436.0,451.0,69.0,338.0,28.0,0.5011185682326622,0.4035087719298245,0.4075949367088607,87.41408450704226,0.2632911392405063,16.486046511627908,16.46064814814815,237.0,0.7567567567567568,0.7783783783783784,0.5288461538461539,False,0.3468468468468468,1594
6,2002,125.0,150.0,,,,1.0,2.0,4.0,4.0,,,,1.0,2.0,6.0,5.0,,1.0,,0.5,0.5,0.6666666666666666,117.55102040816328,,18.75,5.75,2.0,,,,True,,1594
7,2002,105.94795539033456,100.0,49.0,75.0,29.0,39.0,97.0,269.0,268.0,43.0,28.0,13.0,16.0,57.0,268.0,285.0,41.0,163.0,25.0,0.5400763358778626,0.3508771929824561,0.6,90.526808709904,0.3409090909090909,15.684014869888475,16.130597014925375,142.0,0.4333333333333333,0.6486486486486487,0.6533333333333333,False,0.256198347107438,1594
