index,year,ortg,drtg,AtRimFGM,AtRimFGA,AtRimAssists,Turnovers,FTA,OffPoss,DefPoss,TwoPtAssists,Steals,BadPassSteals,ThreePtAssists,FG3A,OpponentPoints,Points,SecondChancePoints,FG2A,LiveBallTurnovers,TsPct,Fg3Pct,AtRimFG3AFrequency,Pace,AtRimFrequency,SecondsPerPossOff,SecondsPerPossDef,Minutes,DefAtRimReboundPct,DefFGReboundPct,AtRimAccuracy,player_on,OffFGReboundPct,nba_id
0,2001,98.14814814814817,101.85185185185183,18.0,30.0,13.0,13.0,36.0,108.0,108.0,21.0,7.0,2.0,3.0,16.0,110.0,106.0,18.0,80.0,10.0,0.4690265486725664,0.1875,0.4791666666666667,93.01435406698565,0.3125,14.453703703703704,16.50925925925926,56.0,0.6,0.6949152542372882,0.6,True,0.3928571428571428,1607
1,2001,118.84057971014492,108.27338129496404,38.0,62.0,18.0,35.0,114.0,276.0,278.0,41.0,20.0,15.0,18.0,50.0,301.0,328.0,59.0,204.0,22.0,0.5359477124183006,0.4,0.4409448818897638,94.11986786219914,0.2440944881889764,15.380434782608695,15.219424460431656,141.0,0.6956521739130435,0.7142857142857143,0.6129032258064516,False,0.3819444444444444,1607
2,2002,105.41871921182266,94.20289855072464,27.0,50.0,18.0,37.0,98.0,203.0,207.0,34.0,22.0,9.0,5.0,22.0,195.0,214.0,38.0,136.0,16.0,0.5195121951219512,0.4090909090909091,0.4556962025316455,92.65536723163842,0.3164556962025316,16.645320197044335,14.458937198067632,106.0,0.6538461538461539,0.77,0.54,True,0.3595505617977528,1607
3,2002,104.6242774566474,107.78443113772455,32.0,58.0,18.0,20.0,36.0,173.0,167.0,36.0,11.0,4.0,5.0,17.0,180.0,181.0,28.0,154.0,6.0,0.4787234042553192,0.4705882352941176,0.4385964912280701,85.17745302713988,0.3391812865497076,18.60693641618497,15.1437125748503,96.0,0.6470588235294118,0.7564102564102564,0.5517241379310345,False,0.3711340206185567,1607
4,2003,111.67048054919908,107.58620689655172,78.0,114.0,50.0,56.0,124.0,437.0,435.0,88.0,38.0,23.0,30.0,100.0,468.0,488.0,88.0,304.0,31.0,0.5328227571115973,0.36,0.5297029702970297,94.89004760825208,0.2821782178217821,15.654462242562929,14.69425287356322,221.0,0.7037037037037037,0.7120418848167539,0.6842105263157895,True,0.3271889400921659,1607
5,2003,106.993006993007,93.75,15.0,26.0,9.0,16.0,38.0,143.0,144.0,26.0,13.0,6.0,12.0,33.0,135.0,153.0,16.0,94.0,10.0,0.5206896551724138,0.3939393939393939,0.4645669291338583,95.07246376811594,0.2047244094488189,15.048951048951048,15.243055555555555,72.0,0.4,0.765625,0.5769230769230769,False,0.2575757575757575,1607
