index,year,ortg,drtg,AtRimFGM,AtRimFGA,AtRimAssists,Turnovers,FTA,OffPoss,DefPoss,TwoPtAssists,Steals,BadPassSteals,ThreePtAssists,FG3A,OpponentPoints,Points,SecondChancePoints,FG2A,LiveBallTurnovers,TsPct,Fg3Pct,AtRimFG3AFrequency,Pace,AtRimFrequency,SecondsPerPossOff,SecondsPerPossDef,Minutes,DefAtRimReboundPct,DefFGReboundPct,AtRimAccuracy,player_on,OffFGReboundPct,nba_id
0,2016,83.72093023255815,108.88888888888889,10.0,20.0,7.0,14.0,16.0,86.0,90.0,12.0,12.0,7.0,5.0,15.0,98.0,72.0,7.0,60.0,10.0,0.4337349397590361,0.4,0.4666666666666667,91.36265320836335,0.2666666666666666,16.11627906976744,15.422222222222222,46.0,0.75,0.7352941176470589,0.5,True,0.2222222222222222,1626185
1,2016,92.98892988929887,115.86715867158672,50.0,105.0,21.0,48.0,54.0,271.0,271.0,38.0,19.0,10.0,11.0,49.0,314.0,252.0,40.0,201.0,29.0,0.4545454545454545,0.2653061224489796,0.616,89.23850903270065,0.42,16.26568265682657,16.00738007380074,146.0,0.782608695652174,0.7894736842105263,0.4761904761904761,False,0.3333333333333333,1626185
2,2017,105.0,110.0,4.0,14.0,2.0,1.0,8.0,20.0,20.0,3.0,2.0,2.0,,3.0,22.0,21.0,5.0,17.0,,0.4375,0.3333333333333333,0.85,99.3103448275862,0.7,14.45,14.55,10.0,1.0,0.5,0.2857142857142857,True,0.4615384615384615,1626185
3,2017,111.4,121.93158953722336,69.0,126.0,30.0,67.0,114.0,500.0,497.0,66.0,29.0,19.0,44.0,142.0,606.0,557.0,44.0,301.0,31.0,0.5685071574642127,0.3873239436619718,0.6049661399548533,84.45176470588235,0.2844243792325056,17.09,17.012072434607646,283.0,0.627906976744186,0.7079646017699115,0.5476190476190477,False,0.2179487179487179,1626185
4,2019,94.87179487179488,53.84615384615385,8.0,8.0,4.0,2.0,11.0,39.0,39.0,7.0,3.0,2.0,3.0,20.0,21.0,37.0,7.0,18.0,2.0,0.4404761904761904,0.15,0.7368421052631579,103.1404958677686,0.2105263157894736,13.64102564102564,14.282051282051285,18.0,1.0,0.9583333333333334,1.0,True,0.217391304347826,1626185
5,2019,97.46543778801843,117.20183486238533,55.0,99.0,25.0,76.0,100.0,434.0,436.0,47.0,30.0,20.0,38.0,154.0,511.0,423.0,35.0,223.0,40.0,0.5023866348448688,0.3181818181818182,0.6710875331564987,94.11764705882354,0.2625994694960212,15.622119815668205,14.979357798165138,222.0,0.6666666666666666,0.7835051546391752,0.5555555555555556,False,0.2555066079295154,1626185
