index,year,ortg,drtg,AtRimFGM,AtRimFGA,AtRimAssists,Turnovers,FTA,OffPoss,DefPoss,TwoPtAssists,Steals,BadPassSteals,ThreePtAssists,FG3A,OpponentPoints,Points,SecondChancePoints,FG2A,LiveBallTurnovers,TsPct,Fg3Pct,AtRimFG3AFrequency,Pace,AtRimFrequency,SecondsPerPossOff,SecondsPerPossDef,Minutes,DefAtRimReboundPct,DefFGReboundPct,AtRimAccuracy,player_on,OffFGReboundPct,nba_id
0,2016,101.63636363636364,108.92531876138432,97.0,171.0,48.0,66.0,103.0,550.0,549.0,83.0,41.0,27.0,33.0,111.0,598.0,559.0,80.0,412.0,34.0,0.4894366197183099,0.3513513513513513,0.5391969407265774,94.67903081064912,0.3269598470363288,14.81090909090909,15.608378870673953,279.0,0.6923076923076923,0.7901234567901234,0.5672514619883041,True,0.2866894197952218,1626214
1,2016,105.88393698667026,109.78275536364865,1246.0,2149.0,654.0,1037.0,1720.0,7427.0,7411.0,1167.0,592.0,372.0,535.0,1840.0,8136.0,7864.0,865.0,4677.0,569.0,0.536991199119912,0.3603260869565217,0.6120914531226024,96.83754447188925,0.3297529538131042,14.464790628786858,15.27661584131696,3677.0,0.6437587657784011,0.7565452904002408,0.5798045602605864,False,0.2423295454545454,1626214
