index,year,ortg,drtg,AtRimFGM,AtRimFGA,AtRimAssists,Turnovers,FTA,OffPoss,DefPoss,TwoPtAssists,Steals,BadPassSteals,ThreePtAssists,FG3A,OpponentPoints,Points,SecondChancePoints,FG2A,LiveBallTurnovers,TsPct,Fg3Pct,AtRimFG3AFrequency,Pace,AtRimFrequency,SecondsPerPossOff,SecondsPerPossDef,Minutes,DefAtRimReboundPct,DefFGReboundPct,AtRimAccuracy,player_on,OffFGReboundPct,nba_id
0,2016,107.6923076923077,200.0,4.0,4.0,3.0,3.0,,13.0,12.0,3.0,1.0,1.0,2.0,4.0,24.0,14.0,,6.0,2.0,0.7,0.5,0.8,98.36065573770492,0.4,14.615384615384617,14.666666666666666,6.0,,0.5,1.0,True,0.25,1626176
1,2016,104.85205616850553,102.93269833312443,1292.0,2085.0,697.0,1216.0,1872.0,7976.0,7979.0,1205.0,740.0,490.0,531.0,1885.0,8213.0,8363.0,1058.0,5090.0,632.0,0.5345403184386235,0.3506631299734748,0.5691756272401434,96.45583012166551,0.2989247311827957,14.828610832497493,15.029577641308435,3970.0,0.6073752711496746,0.7200944386149003,0.6196642685851319,False,0.2639850825785828,1626176
2,2017,101.36674259681094,108.10810810810813,64.0,118.0,34.0,75.0,99.0,439.0,444.0,55.0,32.0,23.0,25.0,110.0,480.0,445.0,78.0,290.0,46.0,0.5011286681715575,0.3363636363636363,0.57,96.60537912171402,0.295,15.161731207289296,14.653153153153154,219.0,0.4666666666666667,0.6994818652849741,0.5423728813559322,True,0.3394495412844037,1626176
3,2017,109.35242172865937,109.02285790669696,1135.0,1850.0,596.0,1055.0,1712.0,7474.0,7481.0,1196.0,637.0,397.0,568.0,1775.0,8156.0,8173.0,861.0,4756.0,615.0,0.5604350220264317,0.3785915492957746,0.5550451691930791,95.6703302561551,0.283264431174399,15.073722237088573,15.029675177115358,3752.0,0.5703225806451613,0.7232650739476678,0.6135135135135135,False,0.2366097704532077,1626176
