index,year,ortg,drtg,AtRimFGM,AtRimFGA,AtRimAssists,Turnovers,FTA,OffPoss,DefPoss,TwoPtAssists,Steals,BadPassSteals,ThreePtAssists,FG3A,OpponentPoints,Points,SecondChancePoints,FG2A,LiveBallTurnovers,TsPct,Fg3Pct,AtRimFG3AFrequency,Pace,AtRimFrequency,SecondsPerPossOff,SecondsPerPossDef,Minutes,DefAtRimReboundPct,DefFGReboundPct,AtRimAccuracy,player_on,OffFGReboundPct,nba_id
0,2016,108.92531876138432,101.63636363636364,102.0,167.0,53.0,78.0,109.0,549.0,550.0,86.0,34.0,26.0,45.0,123.0,559.0,598.0,50.0,355.0,41.0,0.5676190476190476,0.4227642276422764,0.606694560669456,94.67903081064912,0.3493723849372385,15.608378870673953,14.81090909090909,279.0,0.581081081081081,0.7133105802047781,0.6107784431137725,True,0.2098765432098765,1626214
1,2016,109.78275536364865,105.88393698667026,1278.0,2000.0,705.0,1049.0,1863.0,7411.0,7427.0,1186.0,569.0,343.0,582.0,1920.0,7864.0,8136.0,878.0,4479.0,592.0,0.5616941633162346,0.365625,0.6125957180809501,96.83754447188925,0.3125488357555868,15.27661584131696,14.464790628786858,3677.0,0.6202672605790646,0.7576704545454546,0.639,False,0.2434547095997592,1626214
