index,year,ortg,drtg,AtRimFGM,AtRimFGA,AtRimAssists,Turnovers,FTA,OffPoss,DefPoss,TwoPtAssists,Steals,BadPassSteals,ThreePtAssists,FG3A,OpponentPoints,Points,SecondChancePoints,FG2A,LiveBallTurnovers,TsPct,Fg3Pct,AtRimFG3AFrequency,Pace,AtRimFrequency,SecondsPerPossOff,SecondsPerPossDef,Minutes,DefAtRimReboundPct,DefFGReboundPct,AtRimAccuracy,player_on,OffFGReboundPct,nba_id
0,2016,103.4037558685446,105.0117924528302,303.0,486.0,189.0,243.0,410.0,1704.0,1696.0,290.0,161.0,107.0,116.0,465.0,1781.0,1762.0,221.0,1021.0,143.0,0.527927927927928,0.3225806451612903,0.6399730820995962,93.9208501985459,0.3270524899057873,15.422535211267606,15.24115566037736,869.0,0.6039603960396039,0.7151442307692307,0.6234567901234568,True,0.2596273291925466,1626273
1,2016,113.7751786874594,100.71463375020302,1269.0,1929.0,739.0,794.0,1532.0,6156.0,6157.0,1150.0,455.0,286.0,466.0,1551.0,6201.0,7004.0,943.0,3986.0,450.0,0.5621882542236525,0.3546099290780142,0.6284991872855337,96.03327718530474,0.3483836012281018,14.453866146848602,15.535650479129446,3077.0,0.6160849772382397,0.7453968253968254,0.6578538102643857,False,0.2892591279688054,1626273
2,2017,112.14574898785423,103.86178861788618,108.0,148.0,64.0,84.0,95.0,494.0,492.0,85.0,45.0,34.0,46.0,140.0,511.0,554.0,73.0,272.0,45.0,0.6114790286975718,0.4,0.6990291262135923,100.03804692454028,0.3592233009708738,14.526315789473683,14.26219512195122,237.0,0.7,0.7623318385650224,0.7297297297297297,True,0.2717948717948718,1626273
3,2017,113.19883966244726,106.46950092421442,1421.0,2187.0,844.0,1105.0,1870.0,7584.0,7574.0,1318.0,653.0,428.0,661.0,2105.0,8064.0,8585.0,1008.0,4536.0,629.0,0.5740964664785705,0.3676959619952494,0.6462882096069869,98.20405188354547,0.3293178738141846,14.657041139240508,14.669659360971746,3704.0,0.5973303670745272,0.7180192572214581,0.6497485139460448,False,0.2768545994065282,1626273
