index,year,ortg,drtg,AtRimFGM,AtRimFGA,AtRimAssists,Turnovers,FTA,OffPoss,DefPoss,TwoPtAssists,Steals,BadPassSteals,ThreePtAssists,FG3A,OpponentPoints,Points,SecondChancePoints,FG2A,LiveBallTurnovers,TsPct,Fg3Pct,AtRimFG3AFrequency,Pace,AtRimFrequency,SecondsPerPossOff,SecondsPerPossDef,Minutes,DefAtRimReboundPct,DefFGReboundPct,AtRimAccuracy,player_on,OffFGReboundPct,nba_id
0,2022,150.0,116.66666666666669,3.0,4.0,2.0,2.0,1.0,6.0,6.0,2.0,1.0,,1.0,2.0,7.0,9.0,2.0,4.0,2.0,0.75,0.5,1.0,150.26086956521738,0.6666666666666666,7.833333333333333,11.333333333333334,2.0,,0.3333333333333333,0.75,True,0.5,1626195
1,2022,119.16817359855337,118.33030852994555,89.0,117.0,63.0,64.0,118.0,553.0,551.0,122.0,46.0,30.0,36.0,161.0,652.0,659.0,57.0,330.0,36.0,0.6090573012939002,0.3167701863354037,0.5661914460285132,92.61637052140983,0.2382892057026476,15.160940325497288,15.936479128856623,286.0,0.4888888888888889,0.6045627376425855,0.7606837606837606,False,0.208695652173913,1626195
