index,year,ortg,drtg,AtRimFGM,AtRimFGA,AtRimAssists,Turnovers,FTA,OffPoss,DefPoss,TwoPtAssists,Steals,BadPassSteals,ThreePtAssists,FG3A,OpponentPoints,Points,SecondChancePoints,FG2A,LiveBallTurnovers,TsPct,Fg3Pct,AtRimFG3AFrequency,Pace,AtRimFrequency,SecondsPerPossOff,SecondsPerPossDef,Minutes,DefAtRimReboundPct,DefFGReboundPct,AtRimAccuracy,player_on,OffFGReboundPct,nba_id
0,2018,108.65874363327674,102.92598967297762,102.0,164.0,56.0,74.0,154.0,589.0,581.0,80.0,45.0,27.0,52.0,198.0,598.0,640.0,80.0,329.0,42.0,0.5378151260504201,0.3383838383838384,0.6869070208728653,91.49063263643768,0.3111954459203036,15.587436332767403,15.89328743545611,307.0,0.52,0.717391304347826,0.6219512195121951,True,0.2385964912280701,1626204
1,2018,113.57592722183344,113.06462821403753,304.0,476.0,167.0,186.0,300.0,1429.0,1439.0,239.0,98.0,63.0,122.0,451.0,1627.0,1623.0,192.0,827.0,89.0,0.5752840909090909,0.3503325942350332,0.7253521126760564,90.67779119552092,0.3724569640062597,15.168649405178446,16.58721334259903,759.0,0.5833333333333334,0.7254038179148311,0.6386554621848739,False,0.2442396313364055,1626204
2,2022,111.95219123505976,118.72509960159364,45.0,60.0,28.0,35.0,63.0,251.0,251.0,48.0,17.0,12.0,9.0,78.0,298.0,281.0,36.0,142.0,16.0,0.5597609561752988,0.2435897435897435,0.6272727272727273,92.83164248105818,0.2727272727272727,15.51792828685259,15.50597609561753,130.0,0.3333333333333333,0.6033057851239669,0.75,True,0.2818181818181818,1626204
3,2022,125.64935064935064,117.97385620915033,47.0,61.0,37.0,31.0,56.0,308.0,306.0,76.0,30.0,18.0,28.0,85.0,361.0,387.0,23.0,192.0,22.0,0.6537162162162162,0.388235294117647,0.5270758122743683,93.138101759191,0.2202166064981949,14.727272727272728,16.19934640522876,158.0,0.5714285714285714,0.6,0.7704918032786885,False,0.1475409836065573,1626204
4,2024,104.76190476190476,94.04761904761904,20.0,37.0,5.0,26.0,39.0,168.0,168.0,13.0,19.0,12.0,16.0,52.0,158.0,176.0,6.0,82.0,16.0,0.5789473684210527,0.3846153846153846,0.664179104477612,95.77197149643705,0.2761194029850746,14.875,15.196428571428571,84.0,0.6,0.717948717948718,0.5405405405405406,True,0.144927536231884,1626204
5,2024,115.02347417840376,94.33962264150944,37.0,59.0,22.0,26.0,31.0,213.0,212.0,31.0,13.0,8.0,31.0,85.0,200.0,245.0,28.0,109.0,19.0,0.5869565217391305,0.388235294117647,0.7422680412371134,94.61966604823748,0.3041237113402061,15.009389671361502,15.429245283018869,108.0,0.6551724137931034,0.7107438016528925,0.6271186440677966,False,0.2424242424242424,1626204
