index,year,ortg,drtg,AtRimFGM,AtRimFGA,AtRimAssists,Turnovers,FTA,OffPoss,DefPoss,TwoPtAssists,Steals,BadPassSteals,ThreePtAssists,FG3A,OpponentPoints,Points,SecondChancePoints,FG2A,LiveBallTurnovers,TsPct,Fg3Pct,AtRimFG3AFrequency,Pace,AtRimFrequency,SecondsPerPossOff,SecondsPerPossDef,Minutes,DefAtRimReboundPct,DefFGReboundPct,AtRimAccuracy,player_on,OffFGReboundPct,nba_id
0,2017,134.6153846153846,108.86699507389164,30.0,41.0,12.0,26.0,73.0,208.0,203.0,20.0,15.0,7.0,28.0,68.0,221.0,280.0,27.0,115.0,11.0,0.6549295774647887,0.4264705882352941,0.5956284153005464,82.99537231804797,0.2240437158469945,16.89423076923077,17.817733990147783,119.0,0.6896551724137931,0.75,0.7317073170731707,True,0.3209876543209876,1626150
1,2017,112.62135922330096,112.61829652996846,45.0,80.0,11.0,42.0,76.0,309.0,317.0,22.0,16.0,10.0,28.0,76.0,357.0,348.0,53.0,204.0,20.0,0.5576923076923077,0.3947368421052631,0.5571428571428572,86.27045650301464,0.2857142857142857,16.932038834951456,16.457413249211356,174.0,0.6486486486486487,0.7814569536423841,0.5625,False,0.2847682119205298,1626150
