index,year,ortg,drtg,AtRimFGM,AtRimFGA,AtRimAssists,Turnovers,FTA,OffPoss,DefPoss,TwoPtAssists,Steals,BadPassSteals,ThreePtAssists,FG3A,OpponentPoints,Points,SecondChancePoints,FG2A,LiveBallTurnovers,TsPct,Fg3Pct,AtRimFG3AFrequency,Pace,AtRimFrequency,SecondsPerPossOff,SecondsPerPossDef,Minutes,DefAtRimReboundPct,DefFGReboundPct,AtRimAccuracy,player_on,OffFGReboundPct,nba_id
0,2016,118.75,75.0,3.0,3.0,2.0,1.0,4.0,16.0,16.0,2.0,,,3.0,5.0,12.0,19.0,,7.0,,0.6785714285714286,0.6,0.6666666666666666,103.78378378378378,0.25,13.875,13.875,7.0,1.0,1.0,1.0,True,,1626151
1,2016,108.87096774193547,99.8389694041868,99.0,158.0,47.0,84.0,140.0,620.0,621.0,81.0,29.0,16.0,48.0,138.0,620.0,675.0,95.0,419.0,40.0,0.5461165048543689,0.3985507246376811,0.5314183123877917,90.63907486305538,0.2836624775583483,15.761290322580646,16.012882447665056,329.0,0.7070707070707071,0.7839506172839507,0.6265822784810127,False,0.2768166089965398,1626151
