index,year,ortg,drtg,AtRimFGM,AtRimFGA,AtRimAssists,Turnovers,FTA,OffPoss,DefPoss,TwoPtAssists,Steals,BadPassSteals,ThreePtAssists,FG3A,OpponentPoints,Points,SecondChancePoints,FG2A,LiveBallTurnovers,TsPct,Fg3Pct,AtRimFG3AFrequency,Pace,AtRimFrequency,SecondsPerPossOff,SecondsPerPossDef,Minutes,DefAtRimReboundPct,DefFGReboundPct,AtRimAccuracy,player_on,OffFGReboundPct,nba_id
0,2016,100.28089887640448,103.65168539325845,59.0,111.0,24.0,30.0,103.0,356.0,356.0,39.0,26.0,15.0,19.0,79.0,369.0,357.0,38.0,234.0,11.0,0.4944598337950138,0.3164556962025316,0.6070287539936102,89.7007874015748,0.3546325878594249,16.087078651685392,16.019662921348313,190.0,0.625,0.7251461988304093,0.5315315315315315,True,0.1827956989247312,1626163
1,2016,97.86476868327402,116.07142857142856,41.0,90.0,12.0,36.0,71.0,281.0,280.0,28.0,14.0,7.0,9.0,51.0,325.0,275.0,25.0,199.0,18.0,0.4893238434163701,0.2941176470588235,0.564,92.5360824742268,0.36,15.797153024911031,15.325,146.0,0.5555555555555556,0.7338709677419355,0.4555555555555555,False,0.2448979591836734,1626163
2,2021,101.40845070422536,111.67883211678831,21.0,34.0,16.0,18.0,27.0,142.0,137.0,23.0,14.0,8.0,13.0,44.0,153.0,144.0,9.0,76.0,8.0,0.5538461538461539,0.3409090909090909,0.65,99.10212136161816,0.2833333333333333,14.704225352112676,14.35036496350365,68.0,0.6666666666666666,0.7627118644067796,0.6176470588235294,True,0.1343283582089552,1626163
3,2021,115.70841889117042,110.3288797533402,284.0,423.0,176.0,244.0,382.0,1948.0,1946.0,290.0,128.0,84.0,185.0,610.0,2147.0,2254.0,215.0,1141.0,138.0,0.5888364779874213,0.3786885245901639,0.5899486007995431,94.54962398408256,0.2415762421473443,15.42094455852156,15.039054470709146,988.0,0.5671641791044776,0.7303030303030303,0.6713947990543735,False,0.23155505107832,1626163
