index,year,ortg,drtg,AtRimFGM,AtRimFGA,AtRimAssists,Turnovers,FTA,OffPoss,DefPoss,TwoPtAssists,Steals,BadPassSteals,ThreePtAssists,FG3A,OpponentPoints,Points,SecondChancePoints,FG2A,LiveBallTurnovers,TsPct,Fg3Pct,AtRimFG3AFrequency,Pace,AtRimFrequency,SecondsPerPossOff,SecondsPerPossDef,Minutes,DefAtRimReboundPct,DefFGReboundPct,AtRimAccuracy,player_on,OffFGReboundPct,nba_id
0,2020,112.5766871165644,96.5625,58.0,78.0,30.0,62.0,98.0,326.0,320.0,46.0,28.0,16.0,26.0,104.0,309.0,367.0,38.0,149.0,35.0,0.6137123745819398,0.3269230769230769,0.7193675889328063,107.2446391514872,0.308300395256917,13.89877300613497,12.946875,145.0,0.6538461538461539,0.8389261744966443,0.7435897435897436,True,0.288,1626187
1,2020,110.8741405921145,114.25975115336225,1387.0,2106.0,781.0,1101.0,1608.0,7127.0,7153.0,1071.0,550.0,340.0,676.0,2418.0,8173.0,7902.0,978.0,3918.0,592.0,0.5608088863571632,0.3498759305210918,0.7140151515151515,102.87463854397006,0.3323863636363636,14.595762592956364,13.40164965748637,3331.0,0.6818791946308724,0.75410325276037,0.6585944919278253,False,0.2815389203698181,1626187
