index,year,ortg,drtg,AtRimFGM,AtRimFGA,AtRimAssists,Turnovers,FTA,OffPoss,DefPoss,TwoPtAssists,Steals,BadPassSteals,ThreePtAssists,FG3A,OpponentPoints,Points,SecondChancePoints,FG2A,LiveBallTurnovers,TsPct,Fg3Pct,AtRimFG3AFrequency,Pace,AtRimFrequency,SecondsPerPossOff,SecondsPerPossDef,Minutes,DefAtRimReboundPct,DefFGReboundPct,AtRimAccuracy,player_on,OffFGReboundPct,nba_id
0,2016,116.08391608391608,112.14285714285714,19.0,35.0,8.0,12.0,25.0,143.0,140.0,18.0,10.0,7.0,15.0,55.0,157.0,166.0,22.0,90.0,6.0,0.532051282051282,0.3818181818181818,0.6206896551724138,83.3544692166087,0.2413793103448276,18.51748251748252,16.007142857142856,81.0,0.6428571428571429,0.7796610169491526,0.5428571428571428,True,0.3,1626169
1,2016,123.38308457711445,109.85221674876848,31.0,47.0,13.0,22.0,42.0,201.0,203.0,23.0,13.0,6.0,32.0,83.0,223.0,248.0,30.0,106.0,15.0,0.5942028985507246,0.4337349397590361,0.6878306878306878,87.7333735484844,0.2486772486772486,17.70149253731343,15.137931034482758,111.0,0.6470588235294118,0.7741935483870968,0.6595744680851063,False,0.2916666666666667,1626169
2,2020,117.77777777777776,106.66666666666669,3.0,9.0,2.0,6.0,16.0,45.0,45.0,3.0,1.0,,5.0,19.0,48.0,53.0,5.0,16.0,2.0,0.6309523809523809,0.5263157894736842,0.8,107.10743801652892,0.2571428571428571,13.355555555555556,13.533333333333331,20.0,0.4,0.7272727272727273,0.3333333333333333,True,0.2105263157894736,1626169
3,2020,105.64053537284894,110.0,149.0,224.0,88.0,162.0,244.0,1046.0,1050.0,132.0,67.0,40.0,119.0,424.0,1155.0,1105.0,96.0,486.0,76.0,0.5423228346456693,0.3278301886792453,0.7120879120879121,97.14322497586096,0.2461538461538461,15.011472275334608,14.636190476190476,518.0,0.6410256410256411,0.7924901185770751,0.6651785714285714,False,0.2268244575936883,1626169
