index,year,ortg,drtg,AtRimFGM,AtRimFGA,AtRimAssists,Turnovers,FTA,OffPoss,DefPoss,TwoPtAssists,Steals,BadPassSteals,ThreePtAssists,FG3A,OpponentPoints,Points,SecondChancePoints,FG2A,LiveBallTurnovers,TsPct,Fg3Pct,AtRimFG3AFrequency,Pace,AtRimFrequency,SecondsPerPossOff,SecondsPerPossDef,Minutes,DefAtRimReboundPct,DefFGReboundPct,AtRimAccuracy,player_on,OffFGReboundPct,nba_id
0,2020,96.5625,112.5766871165644,53.0,79.0,21.0,50.0,82.0,320.0,326.0,21.0,35.0,22.0,30.0,150.0,367.0,309.0,41.0,106.0,28.0,0.5221088435374149,0.2733333333333333,0.89453125,107.2446391514872,0.30859375,12.946875,13.89877300613497,145.0,0.55,0.712,0.6708860759493671,True,0.1610738255033557,1626187
1,2020,114.25975115336225,110.8741405921145,1343.0,2094.0,643.0,1007.0,1794.0,7153.0,7127.0,757.0,592.0,378.0,749.0,3111.0,7902.0,8173.0,832.0,3145.0,550.0,0.5812356979405034,0.3487624558019929,0.8320012787723785,102.87443267776096,0.3347186700767263,13.40164965748637,14.595818717552966,3331.0,0.576437587657784,0.7184610796301819,0.6413562559694365,False,0.2458967472396299,1626187
