index,year,ortg,drtg,AtRimFGM,AtRimFGA,AtRimAssists,Turnovers,FTA,OffPoss,DefPoss,TwoPtAssists,Steals,BadPassSteals,ThreePtAssists,FG3A,OpponentPoints,Points,SecondChancePoints,FG2A,LiveBallTurnovers,TsPct,Fg3Pct,AtRimFG3AFrequency,Pace,AtRimFrequency,SecondsPerPossOff,SecondsPerPossDef,Minutes,DefAtRimReboundPct,DefFGReboundPct,AtRimAccuracy,player_on,OffFGReboundPct,nba_id
0,2017,117.0,94.94949494949496,19.0,28.0,10.0,12.0,17.0,100.0,99.0,12.0,5.0,5.0,18.0,44.0,94.0,117.0,13.0,48.0,7.0,0.5858585858585859,0.4545454545454545,0.782608695652174,92.2007722007722,0.3043478260869565,15.41,15.828282828282829,52.0,0.3846153846153846,0.631578947368421,0.6785714285714286,True,0.2127659574468085,1626170
1,2017,109.82532751091703,106.5934065934066,96.0,149.0,66.0,62.0,91.0,458.0,455.0,81.0,44.0,29.0,53.0,180.0,485.0,503.0,55.0,232.0,36.0,0.5579064587973274,0.3111111111111111,0.7985436893203883,92.7688399661304,0.3616504854368932,15.587336244541484,15.457142857142856,236.0,0.6078431372549019,0.7136150234741784,0.6442953020134228,False,0.2579185520361991,1626170
2,2019,37.5,90.9090909090909,1.0,4.0,,5.0,5.0,32.0,33.0,,2.0,2.0,1.0,14.0,30.0,12.0,2.0,10.0,3.0,0.2307692307692307,0.0714285714285714,0.75,111.29607609988108,0.1666666666666666,13.375,12.515151515151516,14.0,,0.7894736842105263,0.25,True,0.0476190476190476,1626170
3,2019,117.38148984198644,97.72727272727272,91.0,143.0,56.0,56.0,75.0,443.0,440.0,77.0,40.0,18.0,53.0,149.0,430.0,520.0,51.0,249.0,30.0,0.6025641025641025,0.3959731543624161,0.7336683417085427,93.776827199646,0.3592964824120603,15.033860045146726,15.679545454545456,226.0,0.5454545454545454,0.7445887445887446,0.6363636363636364,False,0.2131979695431472,1626170
