index,year,ortg,drtg,AtRimFGM,AtRimFGA,AtRimAssists,Turnovers,FTA,OffPoss,DefPoss,TwoPtAssists,Steals,BadPassSteals,ThreePtAssists,FG3A,OpponentPoints,Points,SecondChancePoints,FG2A,LiveBallTurnovers,TsPct,Fg3Pct,AtRimFG3AFrequency,Pace,AtRimFrequency,SecondsPerPossOff,SecondsPerPossDef,Minutes,DefAtRimReboundPct,DefFGReboundPct,AtRimAccuracy,player_on,OffFGReboundPct,nba_id
0,2021,96.72131147540983,117.88617886178862,16.0,26.0,10.0,17.0,23.0,122.0,123.0,14.0,8.0,6.0,8.0,38.0,145.0,118.0,15.0,72.0,8.0,0.4875,0.3157894736842105,0.5818181818181818,93.58090185676392,0.2363636363636363,16.24590163934426,14.53658536585366,63.0,1.0,0.7924528301886793,0.6153846153846154,True,0.2295081967213114,1626161
1,2021,119.31166347992352,122.2007722007722,78.0,122.0,42.0,60.0,117.0,523.0,518.0,70.0,31.0,21.0,53.0,207.0,633.0,624.0,87.0,285.0,40.0,0.572744014732965,0.4009661835748792,0.6686991869918699,91.46064673581452,0.2479674796747967,16.032504780114724,15.453667953667953,273.0,0.65,0.7610619469026548,0.639344262295082,False,0.3011583011583011,1626161
