index,year,ortg,drtg,AtRimFGM,AtRimFGA,AtRimAssists,Turnovers,FTA,OffPoss,DefPoss,TwoPtAssists,Steals,BadPassSteals,ThreePtAssists,FG3A,OpponentPoints,Points,SecondChancePoints,FG2A,LiveBallTurnovers,TsPct,Fg3Pct,AtRimFG3AFrequency,Pace,AtRimFrequency,SecondsPerPossOff,SecondsPerPossDef,Minutes,DefAtRimReboundPct,DefFGReboundPct,AtRimAccuracy,player_on,OffFGReboundPct,nba_id
0,2017,100.0,107.14285714285714,24.0,43.0,15.0,36.0,35.0,163.0,168.0,22.0,13.0,11.0,13.0,37.0,180.0,163.0,11.0,94.0,19.0,0.5582191780821918,0.4054054054054054,0.6106870229007634,96.7207792207792,0.3282442748091603,14.828220858895705,14.946428571428571,82.0,0.9411764705882352,0.8441558441558441,0.5581395348837209,True,0.2424242424242424,1626245
1,2017,106.39386189258312,112.82051282051282,76.0,122.0,31.0,56.0,84.0,391.0,390.0,62.0,30.0,22.0,23.0,104.0,440.0,416.0,70.0,260.0,30.0,0.513715710723192,0.2596153846153846,0.6208791208791209,91.04922279792746,0.3351648351648351,15.813299232736572,15.81794871794872,206.0,0.5777777777777777,0.7120418848167539,0.6229508196721312,False,0.3235294117647059,1626245
