index,year,ortg,drtg,AtRimFGM,AtRimFGA,AtRimAssists,Turnovers,FTA,OffPoss,DefPoss,TwoPtAssists,Steals,BadPassSteals,ThreePtAssists,FG3A,OpponentPoints,Points,SecondChancePoints,FG2A,LiveBallTurnovers,TsPct,Fg3Pct,AtRimFG3AFrequency,Pace,AtRimFrequency,SecondsPerPossOff,SecondsPerPossDef,Minutes,DefAtRimReboundPct,DefFGReboundPct,AtRimAccuracy,player_on,OffFGReboundPct,nba_id
0,2016,100.0,100.0,15.0,26.0,10.0,11.0,18.0,82.0,82.0,12.0,,,8.0,25.0,82.0,82.0,8.0,47.0,2.0,0.5126582278481012,0.32,0.7083333333333334,95.88306942752742,0.3611111111111111,15.21951219512195,14.817073170731708,41.0,0.6666666666666666,0.7446808510638298,0.5769230769230769,True,0.1794871794871795,1626154
1,2016,101.95694716242662,95.0592885375494,90.0,160.0,46.0,78.0,110.0,511.0,506.0,67.0,48.0,28.0,49.0,167.0,481.0,521.0,62.0,284.0,36.0,0.5210843373493976,0.3053892215568862,0.7250554323725056,96.87636435800756,0.3547671840354767,14.4559686888454,15.276679841897232,252.0,0.6309523809523809,0.7347670250896058,0.5625,False,0.2411067193675889,1626154
