index,year,ortg,drtg,AtRimFGM,AtRimFGA,AtRimAssists,Turnovers,FTA,OffPoss,DefPoss,TwoPtAssists,Steals,BadPassSteals,ThreePtAssists,FG3A,OpponentPoints,Points,SecondChancePoints,FG2A,LiveBallTurnovers,TsPct,Fg3Pct,AtRimFG3AFrequency,Pace,AtRimFrequency,SecondsPerPossOff,SecondsPerPossDef,Minutes,DefAtRimReboundPct,DefFGReboundPct,AtRimAccuracy,player_on,OffFGReboundPct,nba_id
0,2018,84.61538461538461,112.5,3.0,6.0,2.0,1.0,8.0,26.0,24.0,2.0,3.0,2.0,3.0,7.0,27.0,22.0,4.0,15.0,,0.4230769230769231,0.4285714285714285,0.5909090909090909,109.9236641221374,0.2727272727272727,13.5,12.666666666666666,11.0,0.3333333333333333,0.625,0.5,True,0.1428571428571428,1626158
1,2018,111.04166666666669,106.45833333333331,184.0,303.0,107.0,145.0,275.0,960.0,960.0,162.0,75.0,43.0,91.0,286.0,1022.0,1066.0,146.0,577.0,80.0,0.5401831129196337,0.3356643356643357,0.6825028968713789,97.19810159957814,0.3511008111239861,14.347916666666666,15.282291666666667,474.0,0.6138613861386139,0.7720090293453724,0.6072607260726073,False,0.3283582089552239,1626158
