index,year,ortg,drtg,AtRimFGM,AtRimFGA,AtRimAssists,Turnovers,FTA,OffPoss,DefPoss,TwoPtAssists,Steals,BadPassSteals,ThreePtAssists,FG3A,OpponentPoints,Points,SecondChancePoints,FG2A,LiveBallTurnovers,TsPct,Fg3Pct,AtRimFG3AFrequency,Pace,AtRimFrequency,SecondsPerPossOff,SecondsPerPossDef,Minutes,DefAtRimReboundPct,DefFGReboundPct,AtRimAccuracy,player_on,OffFGReboundPct,nba_id
0,2018,102.92598967297762,108.65874363327674,96.0,146.0,48.0,87.0,139.0,581.0,589.0,73.0,42.0,27.0,43.0,186.0,640.0,598.0,79.0,326.0,45.0,0.519163763066202,0.2849462365591398,0.6484375,91.49063263643768,0.28515625,15.89328743545611,15.587436332767403,307.0,0.7419354838709677,0.7614035087719299,0.6575342465753424,True,0.2826086956521739,1626204
1,2018,113.06462821403753,113.57592722183344,273.0,393.0,121.0,192.0,369.0,1439.0,1429.0,171.0,89.0,65.0,136.0,481.0,1623.0,1627.0,184.0,808.0,98.0,0.559820193637621,0.3492723492723493,0.6780449961210241,90.67779119552092,0.3048875096974399,16.58721334259903,15.168649405178446,759.0,0.6140350877192983,0.7557603686635944,0.6946564885496184,False,0.2745961820851689,1626204
2,2022,118.72509960159364,111.95219123505976,44.0,62.0,22.0,36.0,76.0,251.0,251.0,33.0,16.0,10.0,22.0,83.0,281.0,298.0,47.0,149.0,17.0,0.5580524344569289,0.3253012048192771,0.625,92.83164248105818,0.2672413793103448,15.50597609561753,15.51792828685259,130.0,0.7333333333333333,0.7181818181818181,0.7096774193548387,True,0.396694214876033,1626204
3,2022,117.97385620915033,125.64935064935064,53.0,81.0,29.0,51.0,97.0,306.0,308.0,49.0,22.0,13.0,24.0,75.0,387.0,361.0,57.0,199.0,30.0,0.5700636942675159,0.3866666666666666,0.5693430656934306,93.138101759191,0.2956204379562044,16.19934640522876,14.727272727272728,158.0,0.7142857142857143,0.8524590163934426,0.654320987654321,False,0.4,1626204
4,2024,94.04761904761904,104.76190476190476,25.0,40.0,13.0,40.0,31.0,168.0,168.0,18.0,16.0,6.0,15.0,57.0,176.0,158.0,22.0,82.0,19.0,0.5197368421052632,0.2807017543859649,0.697841726618705,95.77197149643705,0.2877697841726618,15.196428571428571,14.875,84.0,0.8823529411764706,0.855072463768116,0.625,True,0.282051282051282,1626204
5,2024,94.33962264150944,115.02347417840376,27.0,56.0,11.0,32.0,33.0,212.0,213.0,27.0,19.0,12.0,18.0,74.0,245.0,200.0,41.0,125.0,13.0,0.4651162790697674,0.2567567567567567,0.6532663316582915,94.61966604823748,0.2814070351758794,15.429245283018869,15.009389671361502,108.0,0.6363636363636364,0.7575757575757576,0.4821428571428571,False,0.2892561983471074,1626204
