index,year,ortg,drtg,AtRimFGM,AtRimFGA,AtRimAssists,Turnovers,FTA,OffPoss,DefPoss,TwoPtAssists,Steals,BadPassSteals,ThreePtAssists,FG3A,OpponentPoints,Points,SecondChancePoints,FG2A,LiveBallTurnovers,TsPct,Fg3Pct,AtRimFG3AFrequency,Pace,AtRimFrequency,SecondsPerPossOff,SecondsPerPossDef,Minutes,DefAtRimReboundPct,DefFGReboundPct,AtRimAccuracy,player_on,OffFGReboundPct,nba_id
0,2016,163.63636363636363,116.66666666666669,,2.0,,2.0,4.0,11.0,12.0,1.0,,,4.0,5.0,14.0,18.0,4.0,5.0,2.0,0.75,0.8,0.7,95.17241379310344,0.2,17.454545454545453,13.0,6.0,,1.0,,True,0.5,1626262
1,2016,106.7497532082922,103.78431857531535,1506.0,2495.0,833.0,1125.0,1925.0,8104.0,8086.0,1364.0,752.0,467.0,612.0,2137.0,8392.0,8651.0,1173.0,5171.0,620.0,0.5281318950723216,0.3336452971455311,0.6338259441707718,98.3646397650752,0.3414066776135742,13.986056268509378,15.294212218649518,3950.0,0.6042600896860987,0.7144362486828241,0.6036072144288577,False,0.2853233830845771,1626262
