index,year,ortg,drtg,AtRimFGM,AtRimFGA,AtRimAssists,Turnovers,FTA,OffPoss,DefPoss,TwoPtAssists,Steals,BadPassSteals,ThreePtAssists,FG3A,OpponentPoints,Points,SecondChancePoints,FG2A,LiveBallTurnovers,TsPct,Fg3Pct,AtRimFG3AFrequency,Pace,AtRimFrequency,SecondsPerPossOff,SecondsPerPossDef,Minutes,DefAtRimReboundPct,DefFGReboundPct,AtRimAccuracy,player_on,OffFGReboundPct,nba_id
0,2017,85.9375,121.53846153846152,4.0,14.0,1.0,7.0,8.0,64.0,65.0,2.0,3.0,3.0,11.0,32.0,79.0,55.0,13.0,29.0,5.0,0.4230769230769231,0.34375,0.7540983606557377,98.70350690754516,0.2295081967213114,14.65625,14.523076923076925,31.0,0.5,0.625,0.2857142857142857,True,0.225,1626155
1,2017,113.0,109.4094094094094,194.0,325.0,88.0,147.0,276.0,1000.0,999.0,112.0,82.0,46.0,90.0,391.0,1093.0,1130.0,164.0,483.0,82.0,0.5691220988900101,0.3324808184143222,0.8192219679633868,95.63957738055684,0.3718535469107552,14.874,15.23923923923924,502.0,0.6178861788617886,0.694331983805668,0.5969230769230769,False,0.2817796610169492,1626155
