index,year,ortg,drtg,AtRimFGM,AtRimFGA,AtRimAssists,Turnovers,FTA,OffPoss,DefPoss,TwoPtAssists,Steals,BadPassSteals,ThreePtAssists,FG3A,OpponentPoints,Points,SecondChancePoints,FG2A,LiveBallTurnovers,TsPct,Fg3Pct,AtRimFG3AFrequency,Pace,AtRimFrequency,SecondsPerPossOff,SecondsPerPossDef,Minutes,DefAtRimReboundPct,DefFGReboundPct,AtRimAccuracy,player_on,OffFGReboundPct,nba_id
0,2016,113.41463414634148,65.85365853658537,8.0,11.0,5.0,12.0,23.0,82.0,82.0,9.0,8.0,5.0,12.0,23.0,54.0,93.0,13.0,42.0,5.0,0.62,0.5217391304347826,0.5230769230769231,93.67711225704086,0.1692307692307692,13.51219512195122,17.23170731707317,42.0,0.7,0.7380952380952381,0.7272727272727273,True,0.3225806451612903,1626242
1,2016,108.1139790442116,109.29965556831228,1212.0,2131.0,635.0,1076.0,2106.0,7826.0,7839.0,1176.0,622.0,400.0,573.0,1865.0,8568.0,8461.0,1007.0,5015.0,557.0,0.5400819567166091,0.3689008042895442,0.5808139534883721,95.93304385916416,0.3097383720930232,14.81139790442116,15.20921035846409,3919.0,0.6238938053097345,0.7124899705803691,0.5687470671046457,False,0.2715213860314023,1626242
2,2018,94.11764705882354,64.70588235294117,4.0,6.0,2.0,,,17.0,17.0,3.0,2.0,,2.0,4.0,11.0,16.0,,12.0,,0.5,0.5,0.625,102.64150943396226,0.375,13.764705882352942,14.294117647058824,8.0,1.0,0.875,0.6666666666666666,True,,1626242
3,2018,108.09608540925268,108.02084657429768,1338.0,2020.0,750.0,1214.0,1549.0,7868.0,7867.0,1240.0,595.0,382.0,819.0,2523.0,8498.0,8505.0,926.0,4449.0,628.0,0.5558842866535174,0.3590963139120095,0.6516064257028112,95.53129861752318,0.2897303499713138,14.980681240467716,15.166518367865768,3953.0,0.5937106918238994,0.7400052260256075,0.6623762376237624,False,0.2495248438772739,1626242
