index,year,ortg,drtg,AtRimFGM,AtRimFGA,AtRimAssists,Turnovers,FTA,OffPoss,DefPoss,TwoPtAssists,Steals,BadPassSteals,ThreePtAssists,FG3A,OpponentPoints,Points,SecondChancePoints,FG2A,LiveBallTurnovers,TsPct,Fg3Pct,AtRimFG3AFrequency,Pace,AtRimFrequency,SecondsPerPossOff,SecondsPerPossDef,Minutes,DefAtRimReboundPct,DefFGReboundPct,AtRimAccuracy,player_on,OffFGReboundPct,nba_id
0,2019,120.35928143712574,118.12865497076024,33.0,55.0,15.0,20.0,42.0,167.0,171.0,20.0,10.0,9.0,7.0,59.0,202.0,201.0,23.0,92.0,11.0,0.591715976331361,0.3559322033898305,0.7549668874172185,103.07496823379924,0.3642384105960264,13.826347305389222,14.11111111111111,79.0,0.6111111111111112,0.5833333333333334,0.6,True,0.2763157894736842,1626203
1,2019,101.13636363636364,116.80911680911682,62.0,111.0,38.0,51.0,104.0,352.0,351.0,49.0,28.0,15.0,20.0,111.0,410.0,356.0,38.0,195.0,28.0,0.5056818181818182,0.3063063063063063,0.7254901960784313,104.60012399256044,0.3627450980392157,14.142045454545457,13.39031339031339,161.0,0.5,0.66875,0.5585585585585585,False,0.25,1626203
