index,year,ortg,drtg,AtRimFGM,AtRimFGA,AtRimAssists,Turnovers,FTA,OffPoss,DefPoss,TwoPtAssists,Steals,BadPassSteals,ThreePtAssists,FG3A,OpponentPoints,Points,SecondChancePoints,FG2A,LiveBallTurnovers,TsPct,Fg3Pct,AtRimFG3AFrequency,Pace,AtRimFrequency,SecondsPerPossOff,SecondsPerPossDef,Minutes,DefAtRimReboundPct,DefFGReboundPct,AtRimAccuracy,player_on,OffFGReboundPct,nba_id
0,2018,99.43019943019944,110.89385474860336,53.0,83.0,29.0,42.0,89.0,351.0,358.0,50.0,25.0,16.0,21.0,97.0,397.0,349.0,29.0,207.0,27.0,0.5058139534883721,0.268041237113402,0.5921052631578947,97.31770088647411,0.2730263157894737,14.660968660968662,14.930167597765363,175.0,0.6,0.6705882352941176,0.6385542168674698,True,0.1976744186046511,1626188
1,2018,104.69958358120168,115.02094554159186,293.0,453.0,148.0,243.0,353.0,1681.0,1671.0,229.0,132.0,88.0,129.0,586.0,1922.0,1760.0,243.0,946.0,138.0,0.5214413341274569,0.3208191126279863,0.6781984334203656,95.98281930442045,0.2956919060052219,15.726948245092206,14.27408737283064,838.0,0.5932203389830508,0.7715803452855245,0.6467991169977925,False,0.2677532013969732,1626188
2,2019,117.87564766839378,101.78117048346056,75.0,104.0,41.0,47.0,106.0,386.0,393.0,60.0,40.0,21.0,35.0,123.0,400.0,455.0,58.0,230.0,29.0,0.5665829145728644,0.3414634146341463,0.6430594900849859,96.87046632124353,0.2946175637393767,14.932642487046632,14.798982188295165,193.0,0.631578947368421,0.75,0.7211538461538461,True,0.2989130434782608,1626188
3,2019,111.16096466629276,119.06373378454596,231.0,368.0,128.0,276.0,463.0,1783.0,1773.0,220.0,132.0,94.0,181.0,675.0,2111.0,1982.0,245.0,866.0,134.0,0.5656160458452723,0.3644444444444444,0.6768332251784556,97.7594501718213,0.2388059701492537,15.913628715647784,13.539763113367174,873.0,0.576,0.7025316455696202,0.6277173913043478,False,0.275,1626188
4,2020,147.16981132075472,79.62962962962963,12.0,19.0,5.0,8.0,5.0,53.0,54.0,13.0,4.0,4.0,4.0,18.0,43.0,78.0,18.0,34.0,5.0,0.7222222222222222,0.5,0.7115384615384616,105.82417582417582,0.3653846153846153,10.924528301886792,16.24074074074074,24.0,0.5,0.9130434782608696,0.631578947368421,True,0.5,1626188
5,2020,108.65384615384616,117.89153573238724,312.0,499.0,162.0,296.0,527.0,1976.0,1973.0,239.0,142.0,94.0,201.0,665.0,2326.0,2147.0,210.0,992.0,164.0,0.5652748414376322,0.3593984962406015,0.7024743512371756,96.34318243426402,0.3011466505733253,14.961032388663968,14.932083122149011,984.0,0.5895953757225434,0.7012835472578763,0.625250501002004,False,0.2259507829977628,1626188
