index,year,ortg,drtg,AtRimFGM,AtRimFGA,AtRimAssists,Turnovers,FTA,OffPoss,DefPoss,TwoPtAssists,Steals,BadPassSteals,ThreePtAssists,FG3A,OpponentPoints,Points,SecondChancePoints,FG2A,LiveBallTurnovers,TsPct,Fg3Pct,AtRimFG3AFrequency,Pace,AtRimFrequency,SecondsPerPossOff,SecondsPerPossDef,Minutes,DefAtRimReboundPct,DefFGReboundPct,AtRimAccuracy,player_on,OffFGReboundPct,nba_id
0,2017,104.66165413533837,105.79268292682929,110.0,187.0,53.0,115.0,143.0,665.0,656.0,83.0,61.0,43.0,56.0,194.0,694.0,696.0,90.0,363.0,66.0,0.5604838709677419,0.3762886597938144,0.6840215439856373,95.67167932404568,0.3357271095152603,15.403007518796992,14.695121951219512,331.0,0.6333333333333333,0.6975308641975309,0.5882352941176471,True,0.2629757785467128,1626254
1,2017,112.51895767268716,108.33677828303706,1419.0,2382.0,702.0,945.0,1845.0,7253.0,7257.0,1042.0,554.0,360.0,605.0,2119.0,7862.0,8161.0,1116.0,4488.0,515.0,0.547882384677637,0.3459178857951864,0.6812471621008022,95.68040590355211,0.3605267140911155,14.862126016820628,15.237977125533968,3640.0,0.5958904109589042,0.7044759521823742,0.5957178841309824,False,0.297757592960545,1626254
