index,year,ortg,drtg,AtRimFGM,AtRimFGA,AtRimAssists,Turnovers,FTA,OffPoss,DefPoss,TwoPtAssists,Steals,BadPassSteals,ThreePtAssists,FG3A,OpponentPoints,Points,SecondChancePoints,FG2A,LiveBallTurnovers,TsPct,Fg3Pct,AtRimFG3AFrequency,Pace,AtRimFrequency,SecondsPerPossOff,SecondsPerPossDef,Minutes,DefAtRimReboundPct,DefFGReboundPct,AtRimAccuracy,player_on,OffFGReboundPct,nba_id
0,2017,105.79268292682929,104.66165413533837,107.0,197.0,59.0,99.0,162.0,656.0,665.0,104.0,66.0,39.0,45.0,162.0,696.0,694.0,109.0,423.0,61.0,0.526595744680851,0.3271604938271605,0.6136752136752137,95.67167932404568,0.3367521367521368,14.695121951219512,15.403007518796992,331.0,0.6493506493506493,0.7370242214532872,0.5431472081218274,True,0.3024691358024691,1626254
1,2017,108.33677828303706,112.51895767268716,1195.0,2078.0,586.0,1041.0,1568.0,7257.0,7253.0,1087.0,515.0,346.0,550.0,1860.0,8161.0,7862.0,1115.0,4810.0,554.0,0.5325894679548238,0.35,0.5904047976011993,95.68040590355211,0.3115442278860569,15.237977125533968,14.862126016820628,3640.0,0.5627615062761506,0.7022424070394551,0.5750721847930702,False,0.2955240478176258,1626254
