index,year,ortg,drtg,AtRimFGM,AtRimFGA,AtRimAssists,Turnovers,FTA,OffPoss,DefPoss,TwoPtAssists,Steals,BadPassSteals,ThreePtAssists,FG3A,OpponentPoints,Points,SecondChancePoints,FG2A,LiveBallTurnovers,TsPct,Fg3Pct,AtRimFG3AFrequency,Pace,AtRimFrequency,SecondsPerPossOff,SecondsPerPossDef,Minutes,DefAtRimReboundPct,DefFGReboundPct,AtRimAccuracy,player_on,OffFGReboundPct,nba_id
0,2020,107.63888888888889,111.72413793103448,23.0,37.0,11.0,25.0,45.0,144.0,145.0,20.0,11.0,8.0,8.0,37.0,162.0,155.0,30.0,83.0,12.0,0.55,0.3783783783783784,0.6166666666666667,102.07505518763796,0.3083333333333333,13.61111111111111,14.6,68.0,0.5384615384615384,0.7538461538461538,0.6216216216216216,True,0.3174603174603174,1626209
1,2020,104.70914127423822,117.77777777777776,53.0,92.0,20.0,54.0,80.0,361.0,360.0,30.0,26.0,16.0,31.0,116.0,424.0,378.0,44.0,205.0,32.0,0.532394366197183,0.3793103448275862,0.6479750778816199,100.5754141238012,0.2866043613707165,14.421052631578949,14.213888888888889,172.0,0.6046511627906976,0.6875,0.5760869565217391,False,0.254054054054054,1626209
