index,year,ortg,drtg,AtRimFGM,AtRimFGA,AtRimAssists,Turnovers,FTA,OffPoss,DefPoss,TwoPtAssists,Steals,BadPassSteals,ThreePtAssists,FG3A,OpponentPoints,Points,SecondChancePoints,FG2A,LiveBallTurnovers,TsPct,Fg3Pct,AtRimFG3AFrequency,Pace,AtRimFrequency,SecondsPerPossOff,SecondsPerPossDef,Minutes,DefAtRimReboundPct,DefFGReboundPct,AtRimAccuracy,player_on,OffFGReboundPct,nba_id
0,2018,75.0,112.5,1.0,2.0,,4.0,2.0,16.0,16.0,1.0,1.0,1.0,2.0,3.0,18.0,12.0,,6.0,1.0,0.6,0.6666666666666666,0.5555555555555556,103.78378378378378,0.2222222222222222,13.4375,14.3125,7.0,,0.3636363636363636,0.5,True,0.2,1626205
1,2018,111.61048689138576,105.23112780007769,1348.0,2104.0,737.0,1207.0,2194.0,7743.0,7723.0,1087.0,661.0,456.0,726.0,2374.0,8127.0,8642.0,969.0,4204.0,612.0,0.5711627906976744,0.3673125526537489,0.6807540285801156,94.36241610738256,0.3198540589844937,14.847087692109,15.6746083128318,3934.0,0.6330777656078861,0.7393209200438116,0.6406844106463878,False,0.2757821552723059,1626205
