index,year,ortg,drtg,AtRimFGM,AtRimFGA,AtRimAssists,Turnovers,FTA,OffPoss,DefPoss,TwoPtAssists,Steals,BadPassSteals,ThreePtAssists,FG3A,OpponentPoints,Points,SecondChancePoints,FG2A,LiveBallTurnovers,TsPct,Fg3Pct,AtRimFG3AFrequency,Pace,AtRimFrequency,SecondsPerPossOff,SecondsPerPossDef,Minutes,DefAtRimReboundPct,DefFGReboundPct,AtRimAccuracy,player_on,OffFGReboundPct,nba_id
0,2016,128.57142857142858,71.42857142857143,2.0,2.0,1.0,2.0,10.0,14.0,14.0,2.0,1.0,1.0,,2.0,10.0,18.0,4.0,7.0,2.0,0.6428571428571429,,0.4444444444444444,107.23404255319149,0.2222222222222222,11.428571428571429,15.428571428571429,6.0,1.0,1.0,1.0,True,0.5,1626266
1,2016,104.3773283661522,106.35469290082423,1248.0,2126.0,626.0,1144.0,1832.0,7516.0,7522.0,1021.0,651.0,421.0,545.0,1817.0,8000.0,7845.0,934.0,4723.0,629.0,0.5313520130576714,0.3571821684094661,0.6029051987767584,90.57368958190428,0.3250764525993884,15.181612559872272,16.615128955065142,3985.0,0.6113116726835138,0.7024886877828054,0.5870178739416745,False,0.2581283573649985,1626266
