index,year,ortg,drtg,AtRimFGM,AtRimFGA,AtRimAssists,Turnovers,FTA,OffPoss,DefPoss,TwoPtAssists,Steals,BadPassSteals,ThreePtAssists,FG3A,OpponentPoints,Points,SecondChancePoints,FG2A,LiveBallTurnovers,TsPct,Fg3Pct,AtRimFG3AFrequency,Pace,AtRimFrequency,SecondsPerPossOff,SecondsPerPossDef,Minutes,DefAtRimReboundPct,DefFGReboundPct,AtRimAccuracy,player_on,OffFGReboundPct,nba_id
0,2017,84.21052631578948,110.52631578947368,2.0,4.0,2.0,2.0,7.0,19.0,19.0,4.0,1.0,,,5.0,21.0,16.0,,9.0,2.0,0.4705882352941176,,0.6428571428571429,96.0,0.2857142857142857,14.68421052631579,15.31578947368421,10.0,1.0,0.7777777777777778,0.5,True,,1626168
1,2017,111.75879396984924,106.56565656565655,183.0,263.0,115.0,124.0,252.0,995.0,990.0,160.0,72.0,47.0,75.0,275.0,1055.0,1112.0,123.0,585.0,78.0,0.5698869475847893,0.3563636363636364,0.6255813953488372,91.88042430086789,0.3058139534883721,14.688442211055277,16.661616161616163,518.0,0.7468354430379747,0.7964601769911505,0.6958174904942965,False,0.2265446224256292,1626168
2,2019,88.23529411764706,135.2941176470588,2.0,2.0,,1.0,5.0,17.0,17.0,,1.0,1.0,1.0,7.0,23.0,15.0,4.0,10.0,,0.3947368421052631,0.1428571428571428,0.5294117647058824,101.36645962732918,0.1176470588235294,15.588235294117649,12.823529411764708,8.0,,0.5714285714285714,1.0,True,0.4545454545454545,1626168
3,2019,112.99392097264436,114.36170212765956,221.0,368.0,99.0,134.0,343.0,1316.0,1316.0,188.0,74.0,41.0,91.0,356.0,1505.0,1487.0,196.0,873.0,80.0,0.5376538740043447,0.3342696629213483,0.5890968266883645,92.35762848161414,0.2994304312449146,15.404255319148936,15.77887537993921,684.0,0.5923566878980892,0.6935483870967742,0.6005434782608695,False,0.2889561270801815,1626168
4,2023,108.07692307692308,118.503937007874,41.0,59.0,26.0,30.0,78.0,260.0,254.0,39.0,27.0,13.0,25.0,91.0,301.0,281.0,30.0,125.0,13.0,0.5577689243027888,0.3186813186813186,0.6944444444444444,104.95745887691436,0.2731481481481481,13.946153846153846,13.488188976377952,118.0,0.75,0.6416666666666667,0.6949152542372882,True,0.2017543859649122,1626168
5,2023,114.71861471861472,106.91144708423326,64.0,89.0,46.0,71.0,98.0,462.0,463.0,79.0,35.0,15.0,46.0,199.0,495.0,530.0,83.0,229.0,41.0,0.5581395348837209,0.3316582914572864,0.6728971962616822,101.61733292645712,0.2079439252336448,15.487012987012989,12.857451403887689,218.0,0.5555555555555556,0.6589147286821705,0.7191011235955056,False,0.329004329004329,1626168
