index,year,ortg,drtg,AtRimFGM,AtRimFGA,AtRimAssists,Turnovers,FTA,OffPoss,DefPoss,TwoPtAssists,Steals,BadPassSteals,ThreePtAssists,FG3A,OpponentPoints,Points,SecondChancePoints,FG2A,LiveBallTurnovers,TsPct,Fg3Pct,AtRimFG3AFrequency,Pace,AtRimFrequency,SecondsPerPossOff,SecondsPerPossDef,Minutes,DefAtRimReboundPct,DefFGReboundPct,AtRimAccuracy,player_on,OffFGReboundPct,nba_id
0,2017,121.53846153846152,85.9375,20.0,30.0,11.0,6.0,16.0,65.0,64.0,11.0,5.0,4.0,4.0,15.0,55.0,79.0,14.0,48.0,3.0,0.5642857142857143,0.3333333333333333,0.7142857142857143,98.70350690754516,0.4761904761904761,14.523076923076925,14.65625,31.0,0.6,0.775,0.6666666666666666,True,0.375,1626155
1,2017,109.4094094094094,113.0,194.0,318.0,99.0,132.0,247.0,999.0,1000.0,162.0,82.0,52.0,70.0,276.0,1130.0,1093.0,142.0,645.0,82.0,0.5286129970902037,0.3152173913043478,0.6449511400651465,95.63957738055684,0.3452768729641693,15.23923923923924,14.874,502.0,0.6201550387596899,0.7182203389830508,0.610062893081761,False,0.305668016194332,1626155
