index,year,ortg,drtg,AtRimFGM,AtRimFGA,AtRimAssists,Turnovers,FTA,OffPoss,DefPoss,TwoPtAssists,Steals,BadPassSteals,ThreePtAssists,FG3A,OpponentPoints,Points,SecondChancePoints,FG2A,LiveBallTurnovers,TsPct,Fg3Pct,AtRimFG3AFrequency,Pace,AtRimFrequency,SecondsPerPossOff,SecondsPerPossDef,Minutes,DefAtRimReboundPct,DefFGReboundPct,AtRimAccuracy,player_on,OffFGReboundPct,nba_id
0,2018,112.5,75.0,7.0,10.0,3.0,2.0,3.0,16.0,16.0,4.0,1.0,1.0,,2.0,12.0,18.0,4.0,17.0,1.0,0.45,,0.631578947368421,103.78378378378378,0.5263157894736842,14.3125,13.4375,7.0,1.0,0.8,0.7,True,0.6363636363636364,1626205
1,2018,105.24475524475524,111.61048689138576,1379.0,2304.0,722.0,1224.0,1729.0,7722.0,7743.0,1145.0,612.0,363.0,618.0,2150.0,8642.0,8127.0,965.0,4619.0,661.0,0.5373521201648278,0.3525581395348837,0.6579997045353819,94.35631482611348,0.3403752400650022,15.676638176638177,14.847087692109,3934.0,0.6138482023968043,0.7242178447276941,0.5985243055555556,False,0.2606790799561884,1626205
