index,year,ortg,drtg,AtRimFGM,AtRimFGA,AtRimAssists,Turnovers,FTA,OffPoss,DefPoss,TwoPtAssists,Steals,BadPassSteals,ThreePtAssists,FG3A,OpponentPoints,Points,SecondChancePoints,FG2A,LiveBallTurnovers,TsPct,Fg3Pct,AtRimFG3AFrequency,Pace,AtRimFrequency,SecondsPerPossOff,SecondsPerPossDef,Minutes,DefAtRimReboundPct,DefFGReboundPct,AtRimAccuracy,player_on,OffFGReboundPct,nba_id
0,2018,66.66666666666667,71.42857142857143,5.0,6.0,2.0,3.0,,15.0,14.0,2.0,2.0,1.0,,5.0,10.0,10.0,2.0,9.0,2.0,0.3571428571428571,,0.7857142857142857,114.4109589041096,0.4285714285714285,12.733333333333333,12.428571428571429,6.0,1.0,0.8571428571428571,0.8333333333333334,True,0.3333333333333333,1626643
1,2018,105.51749449473942,110.18008085262773,1239.0,2000.0,684.0,1168.0,2102.0,8174.0,8163.0,1111.0,695.0,451.0,669.0,2423.0,8994.0,8625.0,1010.0,4749.0,679.0,0.5308443565335641,0.3421378456458935,0.6167038482989403,99.2648790058862,0.2788622420524261,14.8856129190115,14.127159132671812,3950.0,0.6526610644257703,0.7218434687755658,0.6195,False,0.2549267306720565,1626643
