index,year,ortg,drtg,AtRimFGM,AtRimFGA,AtRimAssists,Turnovers,FTA,OffPoss,DefPoss,TwoPtAssists,Steals,BadPassSteals,ThreePtAssists,FG3A,OpponentPoints,Points,SecondChancePoints,FG2A,LiveBallTurnovers,TsPct,Fg3Pct,AtRimFG3AFrequency,Pace,AtRimFrequency,SecondsPerPossOff,SecondsPerPossDef,Minutes,DefAtRimReboundPct,DefFGReboundPct,AtRimAccuracy,player_on,OffFGReboundPct,nba_id
0,2016,105.9967585089141,101.158940397351,105.0,185.0,45.0,71.0,189.0,617.0,604.0,67.0,45.0,25.0,26.0,132.0,611.0,654.0,96.0,420.0,33.0,0.5141509433962265,0.3106060606060606,0.5742753623188406,88.91675938100536,0.3351449275362319,16.31442463533225,16.072847682119207,330.0,0.6363636363636364,0.7372013651877133,0.5675675675675675,True,0.2788461538461538,1626159
1,2016,97.91666666666669,109.88200589970502,99.0,174.0,42.0,81.0,167.0,672.0,678.0,75.0,54.0,32.0,31.0,128.0,745.0,658.0,60.0,467.0,43.0,0.4903129657228018,0.328125,0.507563025210084,90.64627436351768,0.292436974789916,16.120535714285715,15.65339233038348,357.0,0.6507936507936508,0.7449664429530202,0.5689655172413793,False,0.2163742690058479,1626159
2,2018,112.12121212121212,107.33590733590734,44.0,76.0,24.0,37.0,99.0,264.0,259.0,35.0,25.0,15.0,28.0,78.0,278.0,296.0,42.0,148.0,19.0,0.5461254612546126,0.3846153846153846,0.6814159292035398,100.55006675567424,0.336283185840708,14.420454545454543,14.22007722007722,125.0,0.5,0.7410714285714286,0.5789473684210527,True,0.3089430894308943,1626159
3,2018,116.87763713080167,99.1701244813278,51.0,84.0,32.0,43.0,62.0,237.0,241.0,45.0,20.0,11.0,25.0,79.0,239.0,277.0,39.0,132.0,25.0,0.580168776371308,0.3417721518987341,0.7725118483412322,99.60639036814078,0.3981042654028436,13.79746835443038,15.105394190871367,115.0,0.6875,0.7672413793103449,0.6071428571428571,False,0.3636363636363636,1626159
4,2021,,66.66666666666667,,1.0,,2.0,,6.0,6.0,,,,,,4.0,,,4.0,1.0,,,0.25,102.85714285714286,0.25,16.333333333333332,11.666666666666666,3.0,1.0,0.8,,True,0.25,1626159
5,2021,125.40650406504064,116.76891615541922,78.0,111.0,41.0,66.0,131.0,492.0,489.0,57.0,26.0,17.0,58.0,207.0,571.0,617.0,71.0,221.0,39.0,0.6382536382536382,0.4057971014492754,0.7429906542056075,99.25801011804386,0.2593457943925233,14.804878048780488,14.208588957055214,237.0,0.631578947368421,0.7261410788381742,0.7027027027027027,False,0.2606635071090047,1626159
