index,year,ortg,drtg,AtRimFGM,AtRimFGA,AtRimAssists,Turnovers,FTA,OffPoss,DefPoss,TwoPtAssists,Steals,BadPassSteals,ThreePtAssists,FG3A,OpponentPoints,Points,SecondChancePoints,FG2A,LiveBallTurnovers,TsPct,Fg3Pct,AtRimFG3AFrequency,Pace,AtRimFrequency,SecondsPerPossOff,SecondsPerPossDef,Minutes,DefAtRimReboundPct,DefFGReboundPct,AtRimAccuracy,player_on,OffFGReboundPct,nba_id
0,2020,111.72413793103448,107.63888888888889,30.0,43.0,13.0,24.0,40.0,145.0,144.0,17.0,12.0,4.0,13.0,52.0,155.0,162.0,23.0,71.0,11.0,0.5714285714285714,0.2884615384615384,0.7723577235772358,102.07505518763796,0.3495934959349593,14.6,13.61111111111111,68.0,0.6153846153846154,0.6825396825396826,0.6976744186046512,True,0.2461538461538461,1626209
1,2020,117.77777777777776,104.70914127423822,81.0,124.0,47.0,51.0,100.0,360.0,361.0,65.0,32.0,16.0,35.0,123.0,378.0,424.0,45.0,196.0,26.0,0.5872576177285319,0.3658536585365853,0.774294670846395,100.5754141238012,0.3887147335423197,14.213888888888889,14.421052631578949,172.0,0.6666666666666666,0.745945945945946,0.6532258064516129,False,0.3125,1626209
