index,year,ortg,drtg,AtRimFGM,AtRimFGA,AtRimAssists,Turnovers,FTA,OffPoss,DefPoss,TwoPtAssists,Steals,BadPassSteals,ThreePtAssists,FG3A,OpponentPoints,Points,SecondChancePoints,FG2A,LiveBallTurnovers,TsPct,Fg3Pct,AtRimFG3AFrequency,Pace,AtRimFrequency,SecondsPerPossOff,SecondsPerPossDef,Minutes,DefAtRimReboundPct,DefFGReboundPct,AtRimAccuracy,player_on,OffFGReboundPct,nba_id
0,2016,89.1891891891892,103.94736842105264,11.0,20.0,5.0,10.0,13.0,74.0,76.0,12.0,6.0,4.0,2.0,12.0,79.0,66.0,4.0,45.0,7.0,0.5238095238095238,0.1666666666666666,0.5614035087719298,100.18552875695734,0.3508771929824561,14.27027027027027,14.473684210526317,36.0,0.8571428571428571,0.75,0.55,True,0.0967741935483871,1626146
1,2016,109.03530011469353,108.20990806945863,1259.0,2176.0,635.0,1190.0,1876.0,7847.0,7832.0,1069.0,556.0,320.0,665.0,2324.0,8475.0,8556.0,1156.0,4659.0,623.0,0.5460197410588387,0.3709122203098107,0.6444221681225835,95.86996399211904,0.3116139195188314,15.239199694150631,14.801072522982636,3925.0,0.6097023153252481,0.7278635255889521,0.5785845588235294,False,0.2888,1626146
