index,year,ortg,drtg,AtRimFGM,AtRimFGA,AtRimAssists,Turnovers,FTA,OffPoss,DefPoss,TwoPtAssists,Steals,BadPassSteals,ThreePtAssists,FG3A,OpponentPoints,Points,SecondChancePoints,FG2A,LiveBallTurnovers,TsPct,Fg3Pct,AtRimFG3AFrequency,Pace,AtRimFrequency,SecondsPerPossOff,SecondsPerPossDef,Minutes,DefAtRimReboundPct,DefFGReboundPct,AtRimAccuracy,player_on,OffFGReboundPct,nba_id
0,2019,112.67605633802818,118.1818181818182,28.0,53.0,15.0,14.0,52.0,142.0,143.0,22.0,10.0,4.0,1.0,41.0,169.0,160.0,8.0,81.0,10.0,0.5520833333333334,0.3170731707317073,0.7704918032786885,109.52762209767812,0.4344262295081967,12.21830985915493,14.06993006993007,62.0,0.8,0.7647058823529411,0.5283018867924528,True,0.2238805970149253,1626178
1,2019,105.3050397877984,116.88654353562004,67.0,113.0,38.0,57.0,94.0,377.0,379.0,47.0,28.0,20.0,26.0,129.0,443.0,397.0,53.0,206.0,29.0,0.5265251989389921,0.3255813953488372,0.7223880597014926,102.19093213179386,0.3373134328358209,14.726790450928382,13.45910290237467,178.0,0.4782608695652174,0.6077348066298343,0.5929203539823009,False,0.2694300518134715,1626178
2,2020,123.8095238095238,111.76470588235294,17.0,25.0,10.0,9.0,23.0,84.0,85.0,15.0,4.0,3.0,11.0,33.0,95.0,104.0,8.0,40.0,3.0,0.6265060240963856,0.3939393939393939,0.7945205479452054,104.98705780845556,0.3424657534246575,13.654761904761903,13.776470588235297,39.0,0.7777777777777778,0.8529411764705882,0.68,True,0.2631578947368421,1626178
3,2020,108.70425321463895,105.66600397614314,153.0,268.0,75.0,135.0,211.0,1011.0,1006.0,125.0,74.0,44.0,122.0,410.0,1063.0,1099.0,110.0,490.0,65.0,0.5535894843276037,0.3609756097560975,0.7533333333333333,96.93878913290168,0.2977777777777777,14.66864490603363,15.041749502982109,499.0,0.6388888888888888,0.7682926829268293,0.5708955223880597,False,0.2061224489795918,1626178
4,2021,96.82539682539682,119.11764705882354,5.0,8.0,3.0,11.0,13.0,63.0,68.0,5.0,2.0,1.0,6.0,25.0,81.0,61.0,8.0,32.0,8.0,0.4838709677419355,0.28,0.5789473684210527,88.23199251637044,0.1403508771929824,16.063492063492063,16.558823529411764,36.0,0.25,0.7428571428571429,0.625,True,0.25,1626178
5,2021,126.39691714836223,125.04854368932038,92.0,135.0,48.0,60.0,123.0,519.0,515.0,70.0,29.0,13.0,56.0,210.0,644.0,656.0,47.0,263.0,29.0,0.6221374045801527,0.4285714285714285,0.7293868921775899,94.58518612628636,0.2854122621564482,14.83815028901734,15.613592233009708,262.0,0.5094339622641509,0.6885245901639344,0.6814814814814815,False,0.2711864406779661,1626178
