index,year,ortg,drtg,AtRimFGM,AtRimFGA,AtRimAssists,Turnovers,FTA,OffPoss,DefPoss,TwoPtAssists,Steals,BadPassSteals,ThreePtAssists,FG3A,OpponentPoints,Points,SecondChancePoints,FG2A,LiveBallTurnovers,TsPct,Fg3Pct,AtRimFG3AFrequency,Pace,AtRimFrequency,SecondsPerPossOff,SecondsPerPossDef,Minutes,DefAtRimReboundPct,DefFGReboundPct,AtRimAccuracy,player_on,OffFGReboundPct,nba_id
0,2018,71.42857142857143,66.66666666666667,3.0,4.0,1.0,3.0,,14.0,15.0,2.0,2.0,2.0,,4.0,10.0,10.0,,8.0,2.0,0.4166666666666667,,0.6666666666666666,114.4109589041096,0.3333333333333333,12.428571428571429,12.733333333333333,6.0,,0.6666666666666666,0.75,True,0.1428571428571428,1626643
1,2018,110.18008085262773,105.51749449473942,1483.0,2202.0,900.0,1348.0,1868.0,8163.0,8174.0,1359.0,679.0,468.0,860.0,2441.0,8625.0,8994.0,1140.0,4645.0,695.0,0.5664937365557383,0.3691110200737402,0.6552356759808072,99.2648790058862,0.3107535986452159,14.127159132671812,14.8856129190115,3950.0,0.6368421052631579,0.7450732693279434,0.6734786557674841,False,0.2781565312244341,1626643
