index,year,ortg,drtg,AtRimFGM,AtRimFGA,AtRimAssists,Turnovers,FTA,OffPoss,DefPoss,TwoPtAssists,Steals,BadPassSteals,ThreePtAssists,FG3A,OpponentPoints,Points,SecondChancePoints,FG2A,LiveBallTurnovers,TsPct,Fg3Pct,AtRimFG3AFrequency,Pace,AtRimFrequency,SecondsPerPossOff,SecondsPerPossDef,Minutes,DefAtRimReboundPct,DefFGReboundPct,AtRimAccuracy,player_on,OffFGReboundPct,nba_id
0,2017,126.37075718015666,99.19786096256684,79.0,128.0,47.0,58.0,130.0,383.0,374.0,66.0,33.0,20.0,36.0,127.0,371.0,484.0,73.0,205.0,31.0,0.6192307692307693,0.3622047244094488,0.7680722891566265,98.64977375565611,0.3855421686746988,14.148825065274153,15.05614973262032,184.0,0.6666666666666666,0.7298850574712644,0.6171875,True,0.38125,1626162
1,2017,105.49828178694158,116.57271702367532,147.0,248.0,95.0,132.0,214.0,873.0,887.0,144.0,58.0,37.0,79.0,267.0,1034.0,921.0,103.0,487.0,72.0,0.5413223140495868,0.3670411985018726,0.6830238726790451,94.95691270138629,0.3289124668435013,15.334478808705612,14.997745208568208,445.0,0.6764705882352942,0.6870588235294117,0.592741935483871,False,0.2476190476190476,1626162
2,2018,107.21311475409836,110.33333333333331,55.0,95.0,25.0,41.0,87.0,305.0,300.0,33.0,27.0,21.0,26.0,93.0,331.0,327.0,44.0,163.0,22.0,0.5542372881355933,0.3440860215053763,0.734375,97.99775028121483,0.37109375,14.652459016393443,14.736666666666666,148.0,0.6129032258064516,0.7348484848484849,0.5789473684210527,True,0.2446043165467626,1626162
3,2018,117.98561151079136,111.03202846975088,46.0,72.0,27.0,44.0,62.0,278.0,281.0,48.0,18.0,11.0,26.0,68.0,312.0,328.0,27.0,173.0,25.0,0.6078066914498141,0.5,0.5809128630705395,95.94278903456495,0.2987551867219917,15.233812949640289,14.7864768683274,140.0,0.7575757575757576,0.7633587786259542,0.6388888888888888,False,0.2608695652173913,1626162
4,2024,117.8147268408551,124.16267942583733,60.0,103.0,33.0,56.0,115.0,421.0,418.0,55.0,23.0,14.0,43.0,150.0,519.0,496.0,89.0,253.0,31.0,0.5523385300668151,0.3666666666666666,0.6277915632754343,90.0335345405768,0.2555831265508685,16.57957244655582,15.404306220095696,224.0,0.5319148936170213,0.7055837563451777,0.5825242718446602,True,0.3835616438356164,1626162
5,2024,121.25984251968504,97.74436090225564,20.0,39.0,8.0,9.0,29.0,127.0,133.0,23.0,9.0,4.0,14.0,42.0,130.0,154.0,26.0,92.0,2.0,0.523972602739726,0.3809523809523809,0.6044776119402985,89.97837058399423,0.291044776119403,16.228346456692915,15.789473684210526,69.0,0.55,0.676056338028169,0.5128205128205128,False,0.3378378378378378,1626162
