index,year,ortg,drtg,AtRimFGM,AtRimFGA,AtRimAssists,Turnovers,FTA,OffPoss,DefPoss,TwoPtAssists,Steals,BadPassSteals,ThreePtAssists,FG3A,OpponentPoints,Points,SecondChancePoints,FG2A,LiveBallTurnovers,TsPct,Fg3Pct,AtRimFG3AFrequency,Pace,AtRimFrequency,SecondsPerPossOff,SecondsPerPossDef,Minutes,DefAtRimReboundPct,DefFGReboundPct,AtRimAccuracy,player_on,OffFGReboundPct,nba_id
0,2017,76.19047619047619,114.28571428571428,1.0,3.0,1.0,5.0,5.0,21.0,21.0,1.0,,,3.0,6.0,24.0,16.0,,7.0,3.0,0.5333333333333333,0.5,0.6923076923076923,96.30573248407644,0.2307692307692307,16.761904761904763,13.142857142857142,10.0,0.4285714285714285,0.4545454545454545,0.3333333333333333,True,,1626173
1,2017,104.82625482625484,104.25531914893617,96.0,165.0,51.0,75.0,120.0,518.0,517.0,74.0,49.0,32.0,49.0,124.0,539.0,543.0,43.0,332.0,42.0,0.531496062992126,0.4112903225806452,0.6337719298245614,89.50276243093921,0.3618421052631579,16.084942084942085,16.09284332688588,278.0,0.671875,0.782608695652174,0.5818181818181818,False,0.2398373983739837,1626173
