index,year,ortg,drtg,AtRimFGM,AtRimFGA,AtRimAssists,Turnovers,FTA,OffPoss,DefPoss,TwoPtAssists,Steals,BadPassSteals,ThreePtAssists,FG3A,OpponentPoints,Points,SecondChancePoints,FG2A,LiveBallTurnovers,TsPct,Fg3Pct,AtRimFG3AFrequency,Pace,AtRimFrequency,SecondsPerPossOff,SecondsPerPossDef,Minutes,DefAtRimReboundPct,DefFGReboundPct,AtRimAccuracy,player_on,OffFGReboundPct,nba_id
0,2020,67.85714285714286,100.0,5.0,6.0,1.0,3.0,11.0,28.0,29.0,1.0,,,1.0,14.0,29.0,19.0,2.0,8.0,1.0,0.3518518518518518,0.0714285714285714,0.9090909090909092,118.78437047756871,0.2727272727272727,13.25,11.03448275862069,12.0,0.6666666666666666,0.8666666666666667,0.8333333333333334,True,0.25,1626187
1,2020,109.15371329879102,109.16162489196196,194.0,291.0,98.0,202.0,262.0,1158.0,1157.0,136.0,76.0,43.0,115.0,404.0,1263.0,1264.0,149.0,578.0,108.0,0.5737704918032787,0.3564356435643564,0.7077393075356415,97.5621177090345,0.2963340122199592,14.915371329879102,14.604148660328436,569.0,0.75,0.8107142857142857,0.6666666666666666,False,0.2612966601178781,1626187
