index,year,ortg,drtg,AtRimFGM,AtRimFGA,AtRimAssists,Turnovers,FTA,OffPoss,DefPoss,TwoPtAssists,Steals,BadPassSteals,ThreePtAssists,FG3A,OpponentPoints,Points,SecondChancePoints,FG2A,LiveBallTurnovers,TsPct,Fg3Pct,AtRimFG3AFrequency,Pace,AtRimFrequency,SecondsPerPossOff,SecondsPerPossDef,Minutes,DefAtRimReboundPct,DefFGReboundPct,AtRimAccuracy,player_on,OffFGReboundPct,nba_id
0,2016,108.88888888888889,83.72093023255815,16.0,24.0,9.0,17.0,23.0,90.0,86.0,16.0,10.0,6.0,7.0,19.0,72.0,98.0,15.0,52.0,12.0,0.5914634146341463,0.4736842105263157,0.6056338028169014,91.36265320836335,0.3380281690140845,15.422222222222222,16.11627906976744,46.0,0.6,0.7777777777777778,0.6666666666666666,True,0.2647058823529412,1626185
1,2016,115.86715867158672,92.98892988929887,43.0,67.0,18.0,38.0,68.0,271.0,271.0,34.0,29.0,20.0,29.0,68.0,252.0,314.0,23.0,166.0,19.0,0.5954198473282443,0.4705882352941176,0.5769230769230769,89.23850903270065,0.2863247863247863,16.00738007380074,16.26568265682657,146.0,0.509090909090909,0.6666666666666666,0.6417910447761194,False,0.2105263157894736,1626185
2,2017,110.0,105.0,2.0,3.0,,3.0,13.0,20.0,20.0,,,,1.0,6.0,21.0,22.0,2.0,7.0,2.0,0.5789473684210527,0.3333333333333333,0.6923076923076923,99.3103448275862,0.2307692307692307,14.55,14.45,10.0,0.7,0.5384615384615384,0.6666666666666666,True,0.5,1626185
3,2017,121.93158953722336,111.4,73.0,118.0,23.0,65.0,136.0,497.0,500.0,42.0,31.0,17.0,55.0,138.0,557.0,606.0,78.0,312.0,29.0,0.5978260869565217,0.4130434782608695,0.5688888888888889,84.45176470588235,0.2622222222222222,17.012072434607646,17.09,283.0,0.6607142857142857,0.782051282051282,0.6186440677966102,False,0.2920353982300885,1626185
4,2019,53.84615384615385,94.87179487179488,2.0,5.0,1.0,5.0,3.0,39.0,39.0,1.0,2.0,2.0,4.0,19.0,37.0,21.0,2.0,12.0,3.0,0.328125,0.2105263157894736,0.7741935483870968,103.1404958677686,0.1612903225806451,14.282051282051285,13.64102564102564,18.0,,0.782608695652174,0.4,True,0.0416666666666666,1626185
5,2019,117.20183486238533,97.46543778801843,90.0,142.0,55.0,56.0,77.0,436.0,434.0,76.0,40.0,18.0,50.0,144.0,423.0,511.0,51.0,247.0,30.0,0.6004728132387707,0.3888888888888889,0.731457800511509,94.11764705882354,0.3631713554987212,14.979357798165138,15.622119815668205,222.0,0.5454545454545454,0.7444933920704846,0.6338028169014085,False,0.2164948453608247,1626185
