index,year,ortg,drtg,AtRimFGM,AtRimFGA,AtRimAssists,Turnovers,FTA,OffPoss,DefPoss,TwoPtAssists,Steals,BadPassSteals,ThreePtAssists,FG3A,OpponentPoints,Points,SecondChancePoints,FG2A,LiveBallTurnovers,TsPct,Fg3Pct,AtRimFG3AFrequency,Pace,AtRimFrequency,SecondsPerPossOff,SecondsPerPossDef,Minutes,DefAtRimReboundPct,DefFGReboundPct,AtRimAccuracy,player_on,OffFGReboundPct,nba_id
0,2016,99.32885906040268,112.32876712328768,30.0,48.0,14.0,17.0,41.0,149.0,146.0,25.0,12.0,6.0,6.0,31.0,164.0,148.0,15.0,101.0,13.0,0.4900662251655629,0.1935483870967742,0.5984848484848485,93.15789473684212,0.3636363636363636,16.449664429530202,14.445205479452056,76.0,0.7272727272727273,0.6716417910447762,0.625,True,0.2328767123287671,1626257
1,2016,104.56026058631922,125.71428571428572,45.0,81.0,27.0,42.0,80.0,307.0,315.0,51.0,18.0,9.0,21.0,76.0,396.0,321.0,36.0,198.0,25.0,0.5128617363344051,0.3289473684210526,0.572992700729927,91.02439024390245,0.2956204379562044,16.81758957654723,14.847619047619048,164.0,0.5185185185185185,0.5985915492957746,0.5555555555555556,False,0.2763157894736842,1626257
