index,year,ortg,drtg,AtRimFGM,AtRimFGA,AtRimAssists,Turnovers,FTA,OffPoss,DefPoss,TwoPtAssists,Steals,BadPassSteals,ThreePtAssists,FG3A,OpponentPoints,Points,SecondChancePoints,FG2A,LiveBallTurnovers,TsPct,Fg3Pct,AtRimFG3AFrequency,Pace,AtRimFrequency,SecondsPerPossOff,SecondsPerPossDef,Minutes,DefAtRimReboundPct,DefFGReboundPct,AtRimAccuracy,player_on,OffFGReboundPct,nba_id
0,2016,103.94736842105264,89.1891891891892,8.0,15.0,7.0,13.0,11.0,76.0,74.0,12.0,7.0,3.0,9.0,25.0,66.0,79.0,12.0,38.0,6.0,0.5895522388059702,0.4,0.6349206349206349,100.18552875695734,0.238095238095238,14.473684210526317,14.27027027027027,36.0,0.8888888888888888,0.9032258064516128,0.5333333333333333,True,0.25,1626146
1,2016,108.20990806945863,109.03530011469353,1212.0,2127.0,633.0,1075.0,2118.0,7832.0,7847.0,1173.0,623.0,402.0,576.0,1863.0,8556.0,8475.0,1008.0,5019.0,556.0,0.5404247153639503,0.3703703703703703,0.5797733217088056,95.86996399211904,0.3090671316477768,14.801072522982636,15.239199694150631,3925.0,0.6220994475138122,0.7112,0.5698166431593794,False,0.2721364744110479,1626146
