index,year,ortg,drtg,AtRimFGM,AtRimFGA,AtRimAssists,Turnovers,FTA,OffPoss,DefPoss,TwoPtAssists,Steals,BadPassSteals,ThreePtAssists,FG3A,OpponentPoints,Points,SecondChancePoints,FG2A,LiveBallTurnovers,TsPct,Fg3Pct,AtRimFG3AFrequency,Pace,AtRimFrequency,SecondsPerPossOff,SecondsPerPossDef,Minutes,DefAtRimReboundPct,DefFGReboundPct,AtRimAccuracy,player_on,OffFGReboundPct,nba_id
0,2019,82.6086956521739,118.1818181818182,1.0,1.0,1.0,3.0,1.0,23.0,22.0,3.0,1.0,1.0,2.0,5.0,26.0,19.0,,13.0,3.0,0.5277777777777778,0.4,0.3333333333333333,98.33080424886192,0.0555555555555555,16.043478260869566,13.181818181818182,11.0,0.6666666666666666,0.4705882352941176,1.0,True,,1627820
1,2019,122.76559865092749,112.01353637901862,105.0,141.0,72.0,83.0,154.0,593.0,591.0,128.0,41.0,25.0,54.0,188.0,662.0,728.0,79.0,328.0,45.0,0.6232758620689656,0.3989361702127659,0.6375968992248062,102.57866554358944,0.2732558139534883,13.478920741989882,14.598984771573605,277.0,0.6545454545454545,0.7333333333333333,0.7446808510638298,False,0.2811244979919678,1627820
