index,year,ortg,drtg,AtRimFGM,AtRimFGA,AtRimAssists,Turnovers,FTA,OffPoss,DefPoss,TwoPtAssists,Steals,BadPassSteals,ThreePtAssists,FG3A,OpponentPoints,Points,SecondChancePoints,FG2A,LiveBallTurnovers,TsPct,Fg3Pct,AtRimFG3AFrequency,Pace,AtRimFrequency,SecondsPerPossOff,SecondsPerPossDef,Minutes,DefAtRimReboundPct,DefFGReboundPct,AtRimAccuracy,player_on,OffFGReboundPct,nba_id
0,2019,108.69565217391305,106.4516129032258,91.0,152.0,58.0,74.0,129.0,506.0,496.0,83.0,39.0,25.0,51.0,180.0,528.0,550.0,75.0,260.0,51.0,0.55,0.35,0.7545454545454545,94.72689075630252,0.3454545454545454,14.634387351778656,15.78024193548387,254.0,0.5614035087719298,0.7038461538461539,0.5986842105263158,True,0.2711864406779661,1627395
1,2019,109.524449220849,106.97299476017734,1276.0,2079.0,725.0,1174.0,1894.0,7444.0,7443.0,1029.0,586.0,377.0,757.0,2459.0,7962.0,8153.0,881.0,3937.0,633.0,0.5621449355687959,0.3611224074827165,0.7095059412132583,95.99011319673306,0.325046904315197,14.418323481998923,15.58484482063684,3722.0,0.6737120211360634,0.7674754477180821,0.6137566137566137,False,0.2671152720889409,1627395
