index,year,ortg,drtg,AtRimFGM,AtRimFGA,AtRimAssists,Turnovers,FTA,OffPoss,DefPoss,TwoPtAssists,Steals,BadPassSteals,ThreePtAssists,FG3A,OpponentPoints,Points,SecondChancePoints,FG2A,LiveBallTurnovers,TsPct,Fg3Pct,AtRimFG3AFrequency,Pace,AtRimFrequency,SecondsPerPossOff,SecondsPerPossDef,Minutes,DefAtRimReboundPct,DefFGReboundPct,AtRimAccuracy,player_on,OffFGReboundPct,nba_id
0,2018,114.86486486486488,131.57894736842104,19.0,28.0,12.0,10.0,8.0,74.0,76.0,14.0,7.0,5.0,6.0,14.0,100.0,85.0,4.0,51.0,3.0,0.625,0.5714285714285714,0.6461538461538462,102.56410256410255,0.4307692307692308,14.35135135135135,13.736842105263158,35.0,0.6666666666666666,0.7307692307692307,0.6785714285714286,True,0.1379310344827586,1627215
1,2018,110.13226550175948,108.53333333333332,1550.0,2387.0,924.0,1211.0,1708.0,8241.0,8250.0,1448.0,650.0,425.0,727.0,2298.0,8954.0,9076.0,979.0,4878.0,668.0,0.5718900430706866,0.3607484769364665,0.6528706800445931,100.0490406734245,0.3326365663322185,13.861181895401044,14.924121212121213,3956.0,0.6189349112426036,0.7357071213640923,0.6493506493506493,False,0.2320396366639141,1627215
2,2019,105.21739130434784,113.52941176470588,80.0,139.0,33.0,42.0,65.0,345.0,340.0,49.0,26.0,12.0,27.0,77.0,386.0,363.0,47.0,241.0,21.0,0.5230547550432276,0.3506493506493506,0.6792452830188679,98.35477116362549,0.4371069182389937,14.544927536231883,14.738235294117649,167.0,0.5882352941176471,0.75,0.5755395683453237,True,0.2588235294117647,1627215
3,2019,105.55840163934428,113.99872040946896,1419.0,2354.0,713.0,1117.0,1630.0,7808.0,7815.0,1123.0,577.0,388.0,597.0,2046.0,8909.0,8242.0,853.0,4841.0,579.0,0.5416996569015572,0.3509286412512219,0.638884855524902,98.3132530120482,0.3418033977058226,14.759733606557376,14.53448496481126,3814.0,0.6292798110979929,0.7376457523598001,0.602803738317757,False,0.2325644504748982,1627215
