index,year,ortg,drtg,AtRimFGM,AtRimFGA,AtRimAssists,Turnovers,FTA,OffPoss,DefPoss,TwoPtAssists,Steals,BadPassSteals,ThreePtAssists,FG3A,OpponentPoints,Points,SecondChancePoints,FG2A,LiveBallTurnovers,TsPct,Fg3Pct,AtRimFG3AFrequency,Pace,AtRimFrequency,SecondsPerPossOff,SecondsPerPossDef,Minutes,DefAtRimReboundPct,DefFGReboundPct,AtRimAccuracy,player_on,OffFGReboundPct,nba_id
0,2017,117.52577319587628,91.75257731958764,17.0,26.0,10.0,8.0,22.0,97.0,97.0,15.0,7.0,6.0,11.0,36.0,89.0,114.0,12.0,55.0,4.0,0.5707070707070707,0.3611111111111111,0.6813186813186813,97.98667134338828,0.2857142857142857,13.762886597938143,15.628865979381445,48.0,0.7142857142857143,0.7551020408163265,0.6538461538461539,True,0.2340425531914893,1627875
1,2017,111.09269412214714,105.02113487895478,1442.0,2320.0,804.0,1061.0,1838.0,7843.0,7807.0,1247.0,614.0,390.0,663.0,2125.0,8199.0,8713.0,1084.0,4865.0,576.0,0.5577269220879404,0.3675294117647059,0.6359084406294707,95.97587826701702,0.3319027181688126,15.134769858472524,14.872166004867427,3913.0,0.5866336633663366,0.7404817404817405,0.621551724137931,False,0.2649079417422368,1627875
2,2018,113.88888888888889,109.19037199124726,90.0,124.0,45.0,85.0,127.0,468.0,457.0,59.0,28.0,14.0,48.0,149.0,499.0,533.0,86.0,234.0,48.0,0.6056818181818182,0.3825503355704698,0.7127937336814621,98.99665551839465,0.3237597911227154,14.074786324786324,15.028446389496718,224.0,0.6458333333333334,0.7183098591549296,0.7258064516129032,True,0.2960893854748603,1627875
3,2018,111.52496626180836,114.06859448554135,1424.0,2140.0,774.0,1150.0,1556.0,7410.0,7435.0,1155.0,501.0,304.0,700.0,2282.0,8481.0,8264.0,985.0,4277.0,641.0,0.5698366555924695,0.3650306748466257,0.6741881384357371,95.34488526125644,0.3262692483610306,14.606882591093118,15.597579018157363,3737.0,0.5963581183611533,0.7192568563845473,0.6654205607476635,False,0.2672004744958481,1627875
