index,year,ortg,drtg,AtRimFGM,AtRimFGA,AtRimAssists,Turnovers,FTA,OffPoss,DefPoss,TwoPtAssists,Steals,BadPassSteals,ThreePtAssists,FG3A,OpponentPoints,Points,SecondChancePoints,FG2A,LiveBallTurnovers,TsPct,Fg3Pct,AtRimFG3AFrequency,Pace,AtRimFrequency,SecondsPerPossOff,SecondsPerPossDef,Minutes,DefAtRimReboundPct,DefFGReboundPct,AtRimAccuracy,player_on,OffFGReboundPct,nba_id
0,2022,103.44827586206895,98.79518072289156,8.0,11.0,6.0,11.0,18.0,87.0,83.0,11.0,7.0,5.0,10.0,40.0,82.0,90.0,13.0,32.0,6.0,0.5555555555555556,0.35,0.7083333333333334,107.50988142292488,0.1527777777777778,12.977011494252874,13.83132530120482,38.0,0.6,0.7407407407407407,0.7272727272727273,True,0.2894736842105263,1627822
1,2022,115.19003272086584,112.86954333878477,1454.0,2097.0,894.0,1177.0,1707.0,7946.0,7949.0,1378.0,585.0,377.0,880.0,2904.0,8972.0,9153.0,1019.0,4103.0,643.0,0.5905675045348536,0.352961432506887,0.7137148565719994,97.2406673379131,0.2992721564150135,15.026428391643597,14.590891936092593,3923.0,0.6585760517799353,0.757715213860314,0.6933714830710539,False,0.2574341546304163,1627822
