index,year,ortg,drtg,AtRimFGM,AtRimFGA,AtRimAssists,Turnovers,FTA,OffPoss,DefPoss,TwoPtAssists,Steals,BadPassSteals,ThreePtAssists,FG3A,OpponentPoints,Points,SecondChancePoints,FG2A,LiveBallTurnovers,TsPct,Fg3Pct,AtRimFG3AFrequency,Pace,AtRimFrequency,SecondsPerPossOff,SecondsPerPossDef,Minutes,DefAtRimReboundPct,DefFGReboundPct,AtRimAccuracy,player_on,OffFGReboundPct,nba_id
0,2017,111.83932346723044,114.85355648535564,96.0,152.0,49.0,68.0,150.0,473.0,478.0,74.0,37.0,23.0,31.0,121.0,549.0,529.0,66.0,287.0,34.0,0.5573248407643312,0.3305785123966942,0.6691176470588235,97.7054794520548,0.3725490196078431,15.124735729386892,14.355648535564852,234.0,0.5178571428571429,0.6563876651982379,0.631578947368421,True,0.3009259259259259,1627848
1,2017,109.23621118826148,102.93693457453784,1354.0,2197.0,737.0,1174.0,1983.0,7633.0,7627.0,1168.0,667.0,395.0,586.0,1923.0,7851.0,8338.0,1034.0,4712.0,658.0,0.5534310459693538,0.3582943317732709,0.6209495101733233,98.1245311327832,0.3311228334589299,14.592034586663171,14.758489576504523,3732.0,0.6103448275862069,0.7433035714285714,0.6162949476558944,False,0.2846527579308374,1627848
