index,year,ortg,drtg,AtRimFGM,AtRimFGA,AtRimAssists,Turnovers,FTA,OffPoss,DefPoss,TwoPtAssists,Steals,BadPassSteals,ThreePtAssists,FG3A,OpponentPoints,Points,SecondChancePoints,FG2A,LiveBallTurnovers,TsPct,Fg3Pct,AtRimFG3AFrequency,Pace,AtRimFrequency,SecondsPerPossOff,SecondsPerPossDef,Minutes,DefAtRimReboundPct,DefFGReboundPct,AtRimAccuracy,player_on,OffFGReboundPct,nba_id
0,2018,108.16542948038176,110.42105263157896,158.0,265.0,92.0,105.0,214.0,943.0,950.0,147.0,79.0,40.0,87.0,317.0,1049.0,1020.0,146.0,570.0,56.0,0.5172764227642277,0.3312302839116719,0.6561443066516347,94.74540335754752,0.2987598647125141,15.522799575821844,14.876842105263158,480.0,0.7297297297297297,0.7611241217798594,0.5962264150943396,True,0.290650406504065,1627858
1,2018,106.54908197195316,110.15965166908563,1026.0,1637.0,540.0,901.0,1316.0,6917.0,6890.0,914.0,499.0,289.0,710.0,2371.0,7590.0,7370.0,715.0,3784.0,538.0,0.5456169072778687,0.3635596794601434,0.6511779041429732,95.18011958504276,0.2659626320064988,15.671678473326589,14.584615384615384,3481.0,0.6574585635359116,0.7540463344969851,0.6267562614538791,False,0.199759687593872,1627858
