index,year,ortg,drtg,AtRimFGM,AtRimFGA,AtRimAssists,Turnovers,FTA,OffPoss,DefPoss,TwoPtAssists,Steals,BadPassSteals,ThreePtAssists,FG3A,OpponentPoints,Points,SecondChancePoints,FG2A,LiveBallTurnovers,TsPct,Fg3Pct,AtRimFG3AFrequency,Pace,AtRimFrequency,SecondsPerPossOff,SecondsPerPossDef,Minutes,DefAtRimReboundPct,DefFGReboundPct,AtRimAccuracy,player_on,OffFGReboundPct,nba_id
0,2018,115.06276150627616,100.80971659919028,41.0,63.0,19.0,27.0,66.0,239.0,247.0,31.0,17.0,12.0,14.0,63.0,249.0,275.0,37.0,144.0,15.0,0.5783898305084746,0.3809523809523809,0.6086956521739131,97.25403001667593,0.3043478260869565,15.359832635983263,14.271255060728745,120.0,0.5217391304347826,0.782258064516129,0.6507936507936508,True,0.2293577981651376,1627821
1,2018,111.34373810430148,107.86231423853675,1299.0,2129.0,662.0,987.0,1857.0,7881.0,7873.0,1173.0,613.0,363.0,564.0,1947.0,8492.0,8775.0,1077.0,5181.0,497.0,0.5515827973262707,0.3682588597842835,0.5718294051627385,98.16723137438174,0.2986812570145903,14.309478492577083,15.028578686650578,3852.0,0.6745635910224439,0.7560975609756098,0.6101456082667919,False,0.2646507894032646,1627821
