index,year,ortg,drtg,AtRimFGM,AtRimFGA,AtRimAssists,Turnovers,FTA,OffPoss,DefPoss,TwoPtAssists,Steals,BadPassSteals,ThreePtAssists,FG3A,OpponentPoints,Points,SecondChancePoints,FG2A,LiveBallTurnovers,TsPct,Fg3Pct,AtRimFG3AFrequency,Pace,AtRimFrequency,SecondsPerPossOff,SecondsPerPossDef,Minutes,DefAtRimReboundPct,DefFGReboundPct,AtRimAccuracy,player_on,OffFGReboundPct,nba_id
0,2017,69.56521739130434,102.08333333333331,2.0,6.0,1.0,8.0,6.0,46.0,48.0,3.0,,,1.0,15.0,49.0,32.0,2.0,22.0,3.0,0.4,0.1333333333333333,0.5675675675675675,89.58305757776307,0.1621621621621621,17.565217391304348,14.645833333333334,25.0,0.8333333333333334,0.8333333333333334,0.3333333333333333,True,0.08,1627861
1,2017,109.90124406823138,109.52014370028226,1246.0,2082.0,716.0,934.0,1947.0,7797.0,7794.0,1233.0,570.0,423.0,654.0,2332.0,8536.0,8569.0,969.0,4631.0,536.0,0.547573189522342,0.3524871355060034,0.6339221599885106,94.95087735621637,0.2990090478242137,15.335000641272284,14.99640749294329,3941.0,0.6257175660160735,0.7562666666666666,0.5984630163304515,False,0.2379191972537628,1627861
