index,year,ortg,drtg,AtRimFGM,AtRimFGA,AtRimAssists,Turnovers,FTA,OffPoss,DefPoss,TwoPtAssists,Steals,BadPassSteals,ThreePtAssists,FG3A,OpponentPoints,Points,SecondChancePoints,FG2A,LiveBallTurnovers,TsPct,Fg3Pct,AtRimFG3AFrequency,Pace,AtRimFrequency,SecondsPerPossOff,SecondsPerPossDef,Minutes,DefAtRimReboundPct,DefFGReboundPct,AtRimAccuracy,player_on,OffFGReboundPct,nba_id
0,2024,121.27659574468083,113.54166666666669,16.0,29.0,9.0,10.0,21.0,94.0,96.0,15.0,7.0,3.0,10.0,30.0,109.0,114.0,18.0,61.0,7.0,0.5643564356435643,0.4666666666666667,0.6483516483516484,89.49950932286555,0.3186813186813186,16.372340425531913,15.8125,51.0,0.5,0.5806451612903226,0.5517241379310345,True,0.3469387755102041,1627741
1,2024,118.06167400881056,118.68131868131869,64.0,113.0,32.0,55.0,123.0,454.0,455.0,63.0,25.0,15.0,47.0,162.0,540.0,536.0,97.0,284.0,26.0,0.541497975708502,0.3518518518518518,0.6165919282511211,90.13013840115678,0.2533632286995516,16.524229074889867,15.430769230769233,242.0,0.5510204081632653,0.7330097087378641,0.5663716814159292,False,0.3770491803278688,1627741
