index,year,ortg,drtg,AtRimFGM,AtRimFGA,AtRimAssists,Turnovers,FTA,OffPoss,DefPoss,TwoPtAssists,Steals,BadPassSteals,ThreePtAssists,FG3A,OpponentPoints,Points,SecondChancePoints,FG2A,LiveBallTurnovers,TsPct,Fg3Pct,AtRimFG3AFrequency,Pace,AtRimFrequency,SecondsPerPossOff,SecondsPerPossDef,Minutes,DefAtRimReboundPct,DefFGReboundPct,AtRimAccuracy,player_on,OffFGReboundPct,nba_id
0,2017,121.21212121212122,80.3921568627451,21.0,28.0,9.0,9.0,22.0,99.0,102.0,18.0,19.0,12.0,7.0,31.0,82.0,120.0,9.0,57.0,6.0,0.625,0.3225806451612903,0.6704545454545454,109.92783896695784,0.3181818181818182,12.08080808080808,14.088235294117649,44.0,0.4285714285714285,0.7727272727272727,0.75,True,0.125,1627787
1,2017,109.5932748176536,115.58185404339252,1553.0,2328.0,869.0,1226.0,1797.0,8089.0,8112.0,1279.0,678.0,461.0,675.0,2358.0,9376.0,8865.0,1128.0,4840.0,664.0,0.5532581453634086,0.3435114503816794,0.6510141706029453,99.3896739616661,0.3234231731036399,15.178143157374212,13.800665680473372,3912.0,0.6493212669683258,0.7204185672122351,0.6670962199312714,False,0.277895293495505,1627787
