index,year,ortg,drtg,AtRimFGM,AtRimFGA,AtRimAssists,Turnovers,FTA,OffPoss,DefPoss,TwoPtAssists,Steals,BadPassSteals,ThreePtAssists,FG3A,OpponentPoints,Points,SecondChancePoints,FG2A,LiveBallTurnovers,TsPct,Fg3Pct,AtRimFG3AFrequency,Pace,AtRimFrequency,SecondsPerPossOff,SecondsPerPossDef,Minutes,DefAtRimReboundPct,DefFGReboundPct,AtRimAccuracy,player_on,OffFGReboundPct,nba_id
0,2022,118.1818181818182,95.45454545454544,8.0,13.0,5.0,13.0,11.0,66.0,66.0,7.0,8.0,4.0,10.0,22.0,63.0,78.0,21.0,35.0,8.0,0.6190476190476191,0.5454545454545454,0.6140350877192983,105.19092418372992,0.2280701754385964,13.212121212121213,14.166666666666666,30.0,0.8,0.8275862068965517,0.6153846153846154,True,0.3793103448275862,1627737
1,2022,114.7984886649874,116.34192331866753,232.0,345.0,142.0,226.0,383.0,1588.0,1591.0,269.0,83.0,52.0,137.0,500.0,1851.0,1823.0,235.0,913.0,121.0,0.5739570164348925,0.344,0.5980184005661713,91.49481342314073,0.2441613588110403,14.978589420654911,16.497171590194846,834.0,0.7051282051282052,0.8039735099337748,0.672463768115942,False,0.2917808219178082,1627737
