index,year,ortg,drtg,AtRimFGM,AtRimFGA,AtRimAssists,Turnovers,FTA,OffPoss,DefPoss,TwoPtAssists,Steals,BadPassSteals,ThreePtAssists,FG3A,OpponentPoints,Points,SecondChancePoints,FG2A,LiveBallTurnovers,TsPct,Fg3Pct,AtRimFG3AFrequency,Pace,AtRimFrequency,SecondsPerPossOff,SecondsPerPossDef,Minutes,DefAtRimReboundPct,DefFGReboundPct,AtRimAccuracy,player_on,OffFGReboundPct,nba_id
0,2017,116.66666666666669,72.22222222222223,6.0,8.0,3.0,,2.0,18.0,18.0,4.0,2.0,2.0,1.0,4.0,13.0,21.0,2.0,14.0,,0.5526315789473685,0.25,0.6666666666666666,96.35687732342008,0.4444444444444444,15.11111111111111,14.77777777777778,9.0,1.0,1.0,0.75,True,0.2222222222222222,1627762
1,2017,106.45812310797174,111.94779116465864,146.0,226.0,88.0,133.0,255.0,991.0,996.0,130.0,78.0,53.0,82.0,281.0,1115.0,1055.0,111.0,563.0,73.0,0.5497382198952879,0.3665480427046263,0.6007109004739336,91.87849206858904,0.2677725118483412,16.663975782038346,14.686746987951809,519.0,0.825,0.7734553775743707,0.6460176991150443,False,0.2035398230088495,1627762
