index,year,ortg,drtg,AtRimFGM,AtRimFGA,AtRimAssists,Turnovers,FTA,OffPoss,DefPoss,TwoPtAssists,Steals,BadPassSteals,ThreePtAssists,FG3A,OpponentPoints,Points,SecondChancePoints,FG2A,LiveBallTurnovers,TsPct,Fg3Pct,AtRimFG3AFrequency,Pace,AtRimFrequency,SecondsPerPossOff,SecondsPerPossDef,Minutes,DefAtRimReboundPct,DefFGReboundPct,AtRimAccuracy,player_on,OffFGReboundPct,nba_id
0,2017,95.54896142433236,108.6053412462908,50.0,88.0,26.0,52.0,87.0,337.0,337.0,38.0,31.0,20.0,27.0,74.0,366.0,322.0,44.0,203.0,30.0,0.5047169811320755,0.3783783783783784,0.5848375451263538,93.01006229036896,0.3176895306859206,15.98219584569733,14.98219584569733,174.0,0.6060606060606061,0.7388535031847133,0.5681818181818182,True,0.2453987730061349,1627879
1,2017,112.22837090025644,103.76925155363416,1137.0,1810.0,637.0,1049.0,1719.0,7409.0,7402.0,1258.0,624.0,378.0,631.0,1853.0,7681.0,8315.0,1020.0,4734.0,584.0,0.5647820163487739,0.3912574203993524,0.556095339304691,93.86220706348332,0.2747836647942918,15.597381562963962,15.085652526344232,3787.0,0.6610738255033557,0.7365908452681831,0.6281767955801105,False,0.276601998824221,1627879
