index,year,ortg,drtg,AtRimFGM,AtRimFGA,AtRimAssists,Turnovers,FTA,OffPoss,DefPoss,TwoPtAssists,Steals,BadPassSteals,ThreePtAssists,FG3A,OpponentPoints,Points,SecondChancePoints,FG2A,LiveBallTurnovers,TsPct,Fg3Pct,AtRimFG3AFrequency,Pace,AtRimFrequency,SecondsPerPossOff,SecondsPerPossDef,Minutes,DefAtRimReboundPct,DefFGReboundPct,AtRimAccuracy,player_on,OffFGReboundPct,nba_id
0,2022,110.64638783269962,99.6153846153846,29.0,37.0,19.0,34.0,60.0,263.0,260.0,41.0,26.0,16.0,31.0,100.0,259.0,291.0,30.0,125.0,20.0,0.5776892430278885,0.35,0.6088888888888889,101.21220266093268,0.1644444444444444,13.642585551330798,14.819230769230767,124.0,0.3333333333333333,0.7913043478260869,0.7837837837837838,True,0.1900826446280991,1627814
1,2022,110.6989247311828,118.19645732689212,156.0,233.0,80.0,271.0,447.0,1860.0,1863.0,230.0,135.0,91.0,228.0,731.0,2202.0,2059.0,257.0,924.0,150.0,0.5550755939524838,0.3789329685362517,0.5824773413897281,95.8729591015576,0.1407854984894259,15.575268817204302,14.46537842190016,932.0,0.6555555555555556,0.7193396226415094,0.6695278969957081,False,0.2727272727272727,1627814
2,2023,119.07514450867052,117.04545454545456,26.0,38.0,9.0,27.0,36.0,173.0,176.0,20.0,11.0,8.0,17.0,59.0,206.0,206.0,30.0,92.0,13.0,0.6167664670658682,0.3728813559322034,0.6423841059602649,94.21822272215972,0.2516556291390728,15.971098265895954,14.607954545454543,89.0,0.3,0.6829268292682927,0.6842105263157895,True,0.3055555555555556,1627814
3,2023,119.97767857142856,117.4496644295302,125.0,197.0,66.0,109.0,235.0,896.0,894.0,141.0,69.0,39.0,82.0,275.0,1050.0,1075.0,142.0,547.0,56.0,0.578125,0.3636363636363636,0.5742092457420924,97.83648371669324,0.2396593673965937,14.993303571428571,14.442953020134228,439.0,0.7222222222222222,0.7506426735218509,0.6345177664974619,False,0.3119047619047619,1627814
