index,year,ortg,drtg,AtRimFGM,AtRimFGA,AtRimAssists,Turnovers,FTA,OffPoss,DefPoss,TwoPtAssists,Steals,BadPassSteals,ThreePtAssists,FG3A,OpponentPoints,Points,SecondChancePoints,FG2A,LiveBallTurnovers,TsPct,Fg3Pct,AtRimFG3AFrequency,Pace,AtRimFrequency,SecondsPerPossOff,SecondsPerPossDef,Minutes,DefAtRimReboundPct,DefFGReboundPct,AtRimAccuracy,player_on,OffFGReboundPct,nba_id
0,2022,99.6153846153846,110.64638783269962,29.0,38.0,14.0,48.0,41.0,260.0,263.0,25.0,20.0,9.0,30.0,89.0,291.0,259.0,31.0,123.0,26.0,0.5606060606060606,0.3820224719101123,0.5990566037735849,101.21220266093268,0.1792452830188679,14.819230769230767,13.642585551330798,124.0,0.375,0.8099173553719008,0.7631578947368421,True,0.208695652173913,1627814
1,2022,118.19645732689212,110.6989247311828,220.0,310.0,137.0,272.0,394.0,1863.0,1860.0,327.0,150.0,101.0,212.0,732.0,2059.0,2202.0,294.0,951.0,135.0,0.5932754880694143,0.3743169398907104,0.6191325014854426,95.8729591015576,0.184194890077243,14.46537842190016,15.575268817204302,932.0,0.6623376623376623,0.7272727272727273,0.7096774193548387,False,0.2806603773584906,1627814
2,2023,117.04545454545456,119.07514450867052,25.0,35.0,13.0,19.0,42.0,176.0,173.0,34.0,13.0,9.0,11.0,58.0,206.0,206.0,24.0,109.0,11.0,0.5601092896174863,0.2758620689655172,0.5568862275449101,94.21822272215972,0.2095808383233532,14.607954545454543,15.971098265895954,89.0,0.5833333333333334,0.6944444444444444,0.7142857142857143,True,0.3170731707317073,1627814
3,2023,117.4496644295302,119.97767857142856,88.0,124.0,51.0,114.0,215.0,894.0,896.0,157.0,56.0,37.0,68.0,226.0,1075.0,1050.0,99.0,562.0,69.0,0.5941043083900227,0.3849557522123893,0.4441624365482233,97.83648371669324,0.1573604060913705,14.442953020134228,14.993303571428571,439.0,0.5694444444444444,0.6880952380952381,0.7096774193548387,False,0.2493573264781491,1627814
