index,year,ortg,drtg,AtRimFGM,AtRimFGA,AtRimAssists,Turnovers,FTA,OffPoss,DefPoss,TwoPtAssists,Steals,BadPassSteals,ThreePtAssists,FG3A,OpponentPoints,Points,SecondChancePoints,FG2A,LiveBallTurnovers,TsPct,Fg3Pct,AtRimFG3AFrequency,Pace,AtRimFrequency,SecondsPerPossOff,SecondsPerPossDef,Minutes,DefAtRimReboundPct,DefFGReboundPct,AtRimAccuracy,player_on,OffFGReboundPct,nba_id
0,2017,56.0,110.0,4.0,10.0,3.0,11.0,4.0,50.0,50.0,5.0,2.0,1.0,3.0,13.0,55.0,28.0,,26.0,5.0,0.3414634146341463,0.3076923076923077,0.5897435897435898,98.96907216494846,0.2564102564102564,16.22,12.88,24.0,,0.6666666666666666,0.4,True,0.1071428571428571,1627754
1,2017,113.33248277621844,108.76071108837448,1348.0,2098.0,750.0,1050.0,2124.0,7838.0,7819.0,1182.0,610.0,383.0,658.0,2232.0,8504.0,8883.0,932.0,4549.0,572.0,0.5728842159916926,0.375,0.6385488865948975,95.69440376902018,0.3093938947057956,15.160117376881855,14.93541373577184,3927.0,0.6091644204851752,0.7381652848355175,0.6425166825548141,False,0.2531718569780853,1627754
