index,year,ortg,drtg,AtRimFGM,AtRimFGA,AtRimAssists,Turnovers,FTA,OffPoss,DefPoss,TwoPtAssists,Steals,BadPassSteals,ThreePtAssists,FG3A,OpponentPoints,Points,SecondChancePoints,FG2A,LiveBallTurnovers,TsPct,Fg3Pct,AtRimFG3AFrequency,Pace,AtRimFrequency,SecondsPerPossOff,SecondsPerPossDef,Minutes,DefAtRimReboundPct,DefFGReboundPct,AtRimAccuracy,player_on,OffFGReboundPct,nba_id
0,2019,118.1818181818182,82.6086956521739,10.0,13.0,5.0,2.0,3.0,22.0,23.0,6.0,3.0,2.0,,5.0,19.0,26.0,11.0,24.0,1.0,0.4310344827586206,,0.6206896551724138,98.33080424886192,0.4482758620689655,13.181818181818182,16.043478260869566,11.0,,1.0,0.7692307692307693,True,0.5294117647058824,1627820
1,2019,112.01353637901862,122.76559865092749,88.0,143.0,49.0,88.0,170.0,591.0,593.0,85.0,45.0,33.0,61.0,185.0,728.0,662.0,73.0,321.0,41.0,0.5671256454388984,0.372972972972973,0.6482213438735178,102.57866554358944,0.2826086956521739,14.598984771573605,13.478920741989882,277.0,0.4285714285714285,0.7188755020080321,0.6153846153846154,False,0.2666666666666666,1627820
