index,year,ortg,drtg,AtRimFGM,AtRimFGA,AtRimAssists,Turnovers,FTA,OffPoss,DefPoss,TwoPtAssists,Steals,BadPassSteals,ThreePtAssists,FG3A,OpponentPoints,Points,SecondChancePoints,FG2A,LiveBallTurnovers,TsPct,Fg3Pct,AtRimFG3AFrequency,Pace,AtRimFrequency,SecondsPerPossOff,SecondsPerPossDef,Minutes,DefAtRimReboundPct,DefFGReboundPct,AtRimAccuracy,player_on,OffFGReboundPct,nba_id
0,2017,111.01190476190476,107.42857142857144,54.0,93.0,26.0,58.0,76.0,336.0,350.0,45.0,27.0,16.0,31.0,110.0,376.0,373.0,56.0,202.0,31.0,0.5406976744186046,0.3818181818181818,0.6506410256410257,96.73325499412456,0.2980769230769231,15.288690476190476,14.5,170.0,0.4285714285714285,0.6883116883116883,0.5806451612903226,True,0.3801169590643274,1627850
1,2017,107.9978883463112,112.06395348837208,1248.0,2182.0,619.0,1082.0,1654.0,7577.0,7568.0,1146.0,554.0,369.0,564.0,1912.0,8481.0,8183.0,1168.0,5031.0,584.0,0.5317108182174083,0.3462343096234309,0.5896586489989918,95.63249842138497,0.314273368860723,15.188729048436056,14.926400634249472,3801.0,0.5741482965931863,0.7055768179332969,0.5719523373052245,False,0.2922666666666667,1627850
2,2018,95.37037037037037,91.96428571428572,15.0,29.0,6.0,23.0,35.0,108.0,112.0,10.0,12.0,9.0,5.0,26.0,103.0,103.0,14.0,57.0,11.0,0.5257731958762887,0.3076923076923077,0.6626506024096386,102.06185567010309,0.3493975903614458,14.546296296296296,13.6875,52.0,0.6923076923076923,0.78,0.5172413793103449,True,0.25,1627850
3,2018,110.60120497372132,110.96434983329058,1508.0,2327.0,841.0,1114.0,1880.0,7801.0,7798.0,1261.0,709.0,504.0,629.0,1998.0,8653.0,8628.0,858.0,4725.0,574.0,0.5695975561163501,0.3553553553553553,0.6433139967276513,95.6439690704091,0.346125241707571,14.519548775797974,15.592331367017184,3914.0,0.6015801354401806,0.7166904422253922,0.6480446927374302,False,0.2331969608416131,1627850
