index,year,ortg,drtg,AtRimFGM,AtRimFGA,AtRimAssists,Turnovers,FTA,OffPoss,DefPoss,TwoPtAssists,Steals,BadPassSteals,ThreePtAssists,FG3A,OpponentPoints,Points,SecondChancePoints,FG2A,LiveBallTurnovers,TsPct,Fg3Pct,AtRimFG3AFrequency,Pace,AtRimFrequency,SecondsPerPossOff,SecondsPerPossDef,Minutes,DefAtRimReboundPct,DefFGReboundPct,AtRimAccuracy,player_on,OffFGReboundPct,nba_id
0,2017,104.6875,101.58730158730158,10.0,12.0,2.0,7.0,18.0,64.0,63.0,3.0,,,7.0,22.0,64.0,67.0,6.0,30.0,4.0,0.5583333333333333,0.3181818181818182,0.6538461538461539,96.60855784469096,0.2307692307692307,13.953125,15.873015873015872,32.0,0.6666666666666666,0.7297297297297297,0.8333333333333334,True,0.2068965517241379,1627771
1,2017,107.7300930713547,106.62097504202768,1214.0,1919.0,687.0,1038.0,1708.0,7736.0,7733.0,1264.0,551.0,347.0,655.0,2076.0,8245.0,8334.0,829.0,4702.0,570.0,0.5531545951714019,0.3660886319845857,0.5894069046916495,94.48039802007916,0.2831218648568899,15.285160289555323,15.197336092072934,3929.0,0.6108108108108108,0.723728375935967,0.6326211568525274,False,0.2139067299636972,1627771
