index,year,ortg,drtg,AtRimFGM,AtRimFGA,AtRimAssists,Turnovers,FTA,OffPoss,DefPoss,TwoPtAssists,Steals,BadPassSteals,ThreePtAssists,FG3A,OpponentPoints,Points,SecondChancePoints,FG2A,LiveBallTurnovers,TsPct,Fg3Pct,AtRimFG3AFrequency,Pace,AtRimFrequency,SecondsPerPossOff,SecondsPerPossDef,Minutes,DefAtRimReboundPct,DefFGReboundPct,AtRimAccuracy,player_on,OffFGReboundPct,nba_id
0,2017,92.5233644859813,102.77777777777776,15.0,26.0,8.0,14.0,30.0,107.0,108.0,12.0,7.0,4.0,10.0,34.0,111.0,99.0,16.0,54.0,11.0,0.4805825242718446,0.3235294117647059,0.6818181818181818,98.22335025380713,0.2954545454545454,13.934579439252335,15.37962962962963,53.0,0.7142857142857143,0.7872340425531915,0.5769230769230769,True,0.2452830188679245,1627762
1,2017,106.00649350649353,110.24357239512857,1241.0,2171.0,553.0,981.0,1671.0,7392.0,7390.0,931.0,591.0,376.0,510.0,1840.0,8147.0,7836.0,864.0,4795.0,539.0,0.5313648115389848,0.358695652173913,0.6045214770158251,91.0019323836722,0.3272042200452147,15.293290043290042,16.354533152909337,3898.0,0.5962264150943396,0.7346268656716418,0.5716259788116076,False,0.247571468220927,1627762
2,2018,97.4025974025974,80.51948051948052,9.0,16.0,3.0,15.0,14.0,77.0,77.0,6.0,5.0,4.0,7.0,20.0,62.0,75.0,6.0,39.0,9.0,0.5769230769230769,0.35,0.6101694915254238,98.16733067729083,0.2711864406779661,12.92207792207792,16.415584415584416,38.0,0.8333333333333334,0.7142857142857143,0.5625,True,0.1666666666666666,1627762
3,2018,110.8259925954296,110.68692543411645,1585.0,2488.0,872.0,1262.0,1912.0,7833.0,7832.0,1230.0,580.0,377.0,696.0,2206.0,8669.0,8681.0,1076.0,4599.0,712.0,0.566627358490566,0.3726201269265639,0.6897869213813372,95.70430333346062,0.3656135194709772,15.591344312523937,14.501276813074568,3928.0,0.6617826617826618,0.7672112018669778,0.6370578778135049,False,0.2834042553191489,1627762
