index,year,ortg,drtg,AtRimFGM,AtRimFGA,AtRimAssists,Turnovers,FTA,OffPoss,DefPoss,TwoPtAssists,Steals,BadPassSteals,ThreePtAssists,FG3A,OpponentPoints,Points,SecondChancePoints,FG2A,LiveBallTurnovers,TsPct,Fg3Pct,AtRimFG3AFrequency,Pace,AtRimFrequency,SecondsPerPossOff,SecondsPerPossDef,Minutes,DefAtRimReboundPct,DefFGReboundPct,AtRimAccuracy,player_on,OffFGReboundPct,nba_id
0,2017,134.7826086956522,86.36363636363636,5.0,9.0,1.0,3.0,2.0,23.0,22.0,5.0,3.0,1.0,3.0,6.0,19.0,31.0,7.0,15.0,1.0,0.7045454545454546,0.5,0.7142857142857143,109.45945945945944,0.4285714285714285,11.521739130434783,14.863636363636363,10.0,,0.8571428571428571,0.5555555555555556,True,0.5,1627791
1,2017,108.83868410622276,105.86835844567804,1205.0,1847.0,657.0,1222.0,1825.0,7569.0,7566.0,1098.0,532.0,366.0,637.0,2068.0,8010.0,8238.0,947.0,4388.0,613.0,0.5660182119205298,0.3795938104448743,0.6064126394052045,92.04960129747263,0.286090458488228,14.890738538776588,16.397039386730107,3946.0,0.6795774647887324,0.7957135105805752,0.652409312398484,False,0.2598448687350835,1627791
