index,year,ortg,drtg,AtRimFGM,AtRimFGA,AtRimAssists,Turnovers,FTA,OffPoss,DefPoss,TwoPtAssists,Steals,BadPassSteals,ThreePtAssists,FG3A,OpponentPoints,Points,SecondChancePoints,FG2A,LiveBallTurnovers,TsPct,Fg3Pct,AtRimFG3AFrequency,Pace,AtRimFrequency,SecondsPerPossOff,SecondsPerPossDef,Minutes,DefAtRimReboundPct,DefFGReboundPct,AtRimAccuracy,player_on,OffFGReboundPct,nba_id
0,2016,116.66666666666669,46.15384615384615,1.0,1.0,,,6.0,12.0,13.0,,1.0,,3.0,4.0,6.0,14.0,,4.0,,0.6363636363636364,0.75,0.625,99.7229916897507,0.125,12.0,16.692307692307693,6.0,1.0,0.8,1.0,True,,1627362
1,2016,105.66929133858268,102.3510971786834,200.0,319.0,99.0,184.0,292.0,1270.0,1276.0,152.0,75.0,46.0,74.0,264.0,1306.0,1342.0,177.0,855.0,99.0,0.5377207062600321,0.3522727272727273,0.5210008936550492,89.72906825913508,0.2850759606791778,15.88740157480315,16.20846394984326,681.0,0.66,0.7531055900621118,0.6269592476489029,False,0.2606473594548552,1627362
