index,year,ortg,drtg,AtRimFGM,AtRimFGA,AtRimAssists,Turnovers,FTA,OffPoss,DefPoss,TwoPtAssists,Steals,BadPassSteals,ThreePtAssists,FG3A,OpponentPoints,Points,SecondChancePoints,FG2A,LiveBallTurnovers,TsPct,Fg3Pct,AtRimFG3AFrequency,Pace,AtRimFrequency,SecondsPerPossOff,SecondsPerPossDef,Minutes,DefAtRimReboundPct,DefFGReboundPct,AtRimAccuracy,player_on,OffFGReboundPct,nba_id
0,2017,100.0,112.5,1.0,2.0,1.0,1.0,2.0,9.0,8.0,2.0,1.0,,1.0,3.0,9.0,9.0,,4.0,,0.5625,0.3333333333333333,0.7142857142857143,120.0,0.2857142857142857,9.0,15.375,3.0,,1.0,0.5,True,,1627098
1,2017,109.7391304347826,108.14558058925476,86.0,141.0,42.0,77.0,143.0,575.0,577.0,86.0,54.0,30.0,38.0,156.0,624.0,631.0,62.0,357.0,36.0,0.5479930191972077,0.3141025641025641,0.5789473684210527,97.14687280393534,0.2748538011695906,14.772173913043478,14.873483535528596,285.0,0.4875,0.6690647482014388,0.6099290780141844,False,0.25,1627098
