index,year,ortg,drtg,AtRimFGM,AtRimFGA,AtRimAssists,Turnovers,FTA,OffPoss,DefPoss,TwoPtAssists,Steals,BadPassSteals,ThreePtAssists,FG3A,OpponentPoints,Points,SecondChancePoints,FG2A,LiveBallTurnovers,TsPct,Fg3Pct,AtRimFG3AFrequency,Pace,AtRimFrequency,SecondsPerPossOff,SecondsPerPossDef,Minutes,DefAtRimReboundPct,DefFGReboundPct,AtRimAccuracy,player_on,OffFGReboundPct,nba_id
0,2017,117.4496644295302,96.66666666666669,34.0,46.0,19.0,24.0,49.0,149.0,150.0,22.0,7.0,2.0,13.0,38.0,145.0,175.0,29.0,82.0,13.0,0.6161971830985915,0.4210526315789473,0.7,95.82906743823725,0.3833333333333333,14.46979865771812,15.58,75.0,0.5263157894736842,0.7361111111111112,0.7391304347826086,True,0.3928571428571428,1627849
1,2017,109.83836069746722,111.76246669204416,1354.0,2187.0,707.0,1233.0,1933.0,7857.0,7881.0,1175.0,599.0,396.0,660.0,2186.0,8808.0,8630.0,1104.0,4672.0,680.0,0.5577873114924597,0.3632204940530649,0.6376494604841062,96.9457622333349,0.3188976377952756,15.169530355097365,14.538764116228904,3896.0,0.6331018518518519,0.7268388545760809,0.6191129401005944,False,0.2787709497206704,1627849
