index,year,ortg,drtg,AtRimFGM,AtRimFGA,AtRimAssists,Turnovers,FTA,OffPoss,DefPoss,TwoPtAssists,Steals,BadPassSteals,ThreePtAssists,FG3A,OpponentPoints,Points,SecondChancePoints,FG2A,LiveBallTurnovers,TsPct,Fg3Pct,AtRimFG3AFrequency,Pace,AtRimFrequency,SecondsPerPossOff,SecondsPerPossDef,Minutes,DefAtRimReboundPct,DefFGReboundPct,AtRimAccuracy,player_on,OffFGReboundPct,nba_id
0,2018,121.05263157894736,108.92857142857144,9.0,15.0,8.0,4.0,14.0,57.0,56.0,15.0,3.0,3.0,6.0,22.0,61.0,69.0,4.0,33.0,,0.575,0.3181818181818182,0.6727272727272727,96.7995240928019,0.2727272727272727,15.105263157894736,14.642857142857142,28.0,1.0,0.9,0.6,True,0.3103448275862069,1627779
1,2018,110.18645976723816,110.24451410658308,1316.0,2149.0,661.0,1035.0,2202.0,7991.0,7975.0,1132.0,556.0,379.0,617.0,2211.0,8792.0,8805.0,1080.0,4840.0,542.0,0.5481310163770471,0.3695160560832202,0.618352006807545,97.55234874553948,0.3047794639058289,14.840070078838693,14.682382445141066,3928.0,0.6730245231607629,0.772094268880557,0.6123778501628665,False,0.2657286965755243,1627779
