index,year,ortg,drtg,AtRimFGM,AtRimFGA,AtRimAssists,Turnovers,FTA,OffPoss,DefPoss,TwoPtAssists,Steals,BadPassSteals,ThreePtAssists,FG3A,OpponentPoints,Points,SecondChancePoints,FG2A,LiveBallTurnovers,TsPct,Fg3Pct,AtRimFG3AFrequency,Pace,AtRimFrequency,SecondsPerPossOff,SecondsPerPossDef,Minutes,DefAtRimReboundPct,DefFGReboundPct,AtRimAccuracy,player_on,OffFGReboundPct,nba_id
0,2017,114.85355648535564,111.83932346723044,115.0,172.0,58.0,65.0,104.0,478.0,473.0,77.0,34.0,28.0,42.0,160.0,529.0,549.0,85.0,290.0,37.0,0.5548780487804879,0.325,0.7377777777777778,97.7054794520548,0.3822222222222222,14.355648535564852,15.124735729386892,234.0,0.6,0.6990740740740741,0.6686046511627907,True,0.3436123348017621,1627848
1,2017,102.93693457453784,109.23621118826148,1348.0,2224.0,794.0,1301.0,1702.0,7627.0,7633.0,1143.0,658.0,419.0,687.0,2283.0,8338.0,7851.0,1007.0,4259.0,667.0,0.5354406130268199,0.3412176960140166,0.6889330479975543,98.1245311327832,0.3399571996331397,14.758489576504523,14.592034586663171,3732.0,0.6136363636363636,0.7153472420691627,0.6061151079136691,False,0.2566964285714285,1627848
