index,year,ortg,drtg,AtRimFGM,AtRimFGA,AtRimAssists,Turnovers,FTA,OffPoss,DefPoss,TwoPtAssists,Steals,BadPassSteals,ThreePtAssists,FG3A,OpponentPoints,Points,SecondChancePoints,FG2A,LiveBallTurnovers,TsPct,Fg3Pct,AtRimFG3AFrequency,Pace,AtRimFrequency,SecondsPerPossOff,SecondsPerPossDef,Minutes,DefAtRimReboundPct,DefFGReboundPct,AtRimAccuracy,player_on,OffFGReboundPct,nba_id
0,2022,102.45098039215686,116.16915422885572,27.0,47.0,16.0,79.0,111.0,408.0,402.0,55.0,29.0,21.0,43.0,148.0,467.0,418.0,60.0,199.0,51.0,0.5238693467336684,0.3581081081081081,0.5619596541786743,95.59872141627736,0.1354466858789625,15.504901960784316,14.614427860696518,203.0,0.6875,0.7111111111111111,0.574468085106383,True,0.3266331658291457,1627780
1,2022,112.6530612244898,115.862870424172,158.0,223.0,83.0,226.0,396.0,1715.0,1721.0,216.0,132.0,86.0,216.0,683.0,1994.0,1932.0,227.0,850.0,119.0,0.5656891495601173,0.3792093704245973,0.5909980430528375,96.714947516566,0.1454664057403783,15.295626822157434,14.48402091807089,853.0,0.6144578313253012,0.7318007662835249,0.7085201793721974,False,0.2479041916167664,1627780
2,2023,122.38805970149254,113.77551020408164,61.0,83.0,36.0,49.0,121.0,402.0,392.0,65.0,24.0,16.0,38.0,122.0,446.0,492.0,57.0,233.0,26.0,0.5961070559610706,0.3770491803278688,0.5774647887323944,99.51779963443296,0.2338028169014084,14.360696517412936,14.581632653061224,191.0,0.6666666666666666,0.6958762886597938,0.7349397590361446,True,0.3163841807909605,1627780
3,2023,108.04851157662624,111.18349619978284,102.0,154.0,62.0,115.0,219.0,907.0,921.0,112.0,73.0,47.0,87.0,324.0,1024.0,980.0,130.0,504.0,68.0,0.5263724434876211,0.3055555555555556,0.5772946859903382,101.4342414550499,0.1859903381642512,13.594266813671444,14.789359391965256,433.0,0.5454545454545454,0.709051724137931,0.6623376623376623,False,0.2884615384615384,1627780
