index,year,ortg,drtg,AtRimFGM,AtRimFGA,AtRimAssists,Turnovers,FTA,OffPoss,DefPoss,TwoPtAssists,Steals,BadPassSteals,ThreePtAssists,FG3A,OpponentPoints,Points,SecondChancePoints,FG2A,LiveBallTurnovers,TsPct,Fg3Pct,AtRimFG3AFrequency,Pace,AtRimFrequency,SecondsPerPossOff,SecondsPerPossDef,Minutes,DefAtRimReboundPct,DefFGReboundPct,AtRimAccuracy,player_on,OffFGReboundPct,nba_id
0,2021,116.86746987951808,108.98876404494382,12.0,19.0,5.0,9.0,32.0,83.0,89.0,7.0,7.0,3.0,12.0,38.0,97.0,97.0,11.0,32.0,2.0,0.5853658536585366,0.3421052631578947,0.8142857142857143,103.1570179092045,0.2714285714285714,13.53012048192771,14.359550561797754,40.0,0.6363636363636364,0.6666666666666666,0.631578947368421,True,0.2571428571428571,1627885
1,2021,118.08988764044943,125.25481313703284,163.0,254.0,76.0,103.0,177.0,890.0,883.0,117.0,54.0,38.0,113.0,347.0,1106.0,1051.0,151.0,505.0,56.0,0.5663430420711975,0.3861671469740634,0.7053990610328639,94.56350235193896,0.2981220657276995,15.593258426966292,14.859569648924122,450.0,0.6451612903225806,0.7589743589743589,0.6417322834645669,False,0.2885462555066079,1627885
2,2023,100.0,98.24561403508773,11.0,16.0,5.0,6.0,12.0,58.0,57.0,9.0,3.0,1.0,6.0,18.0,56.0,58.0,9.0,34.0,1.0,0.5,0.3888888888888889,0.6538461538461539,99.51923076923076,0.3076923076923077,14.06896551724138,14.87719298245614,28.0,0.5,0.6666666666666666,0.6875,True,0.3103448275862069,1627885
3,2023,114.3326758711374,112.03947368421052,234.0,350.0,149.0,185.0,385.0,1521.0,1520.0,247.0,106.0,73.0,137.0,466.0,1703.0,1739.0,214.0,876.0,94.0,0.5718997361477572,0.3326180257510729,0.6080476900149031,97.93004741032291,0.2608047690014903,14.432610124917815,14.976315789473684,745.0,0.6439393939393939,0.7180451127819549,0.6685714285714286,False,0.2507246376811594,1627885
