index,year,ortg,drtg,AtRimFGM,AtRimFGA,AtRimAssists,Turnovers,FTA,OffPoss,DefPoss,TwoPtAssists,Steals,BadPassSteals,ThreePtAssists,FG3A,OpponentPoints,Points,SecondChancePoints,FG2A,LiveBallTurnovers,TsPct,Fg3Pct,AtRimFG3AFrequency,Pace,AtRimFrequency,SecondsPerPossOff,SecondsPerPossDef,Minutes,DefAtRimReboundPct,DefFGReboundPct,AtRimAccuracy,player_on,OffFGReboundPct,nba_id
0,2017,78.94736842105263,110.0,6.0,10.0,3.0,5.0,,19.0,20.0,3.0,2.0,2.0,,3.0,22.0,15.0,2.0,13.0,4.0,0.46875,0.3333333333333333,0.8125,101.55515370705244,0.625,15.263157894736842,13.15,9.0,0.5,0.5714285714285714,0.6,True,0.2222222222222222,1627744
1,2017,108.8407643312102,112.97661413319776,1301.0,2046.0,724.0,1079.0,1917.0,7850.0,7868.0,1263.0,575.0,364.0,625.0,2151.0,8889.0,8544.0,1038.0,4832.0,608.0,0.5444871794871795,0.3496048349604835,0.6010310754689961,95.70084606375288,0.2929972791064013,14.921528662420382,15.171962379257751,3942.0,0.6224899598393574,0.7483519633132703,0.6358748778103617,False,0.2623300453212476,1627744
2,2018,77.01149425287356,120.48192771084338,12.0,16.0,5.0,17.0,18.0,87.0,83.0,7.0,7.0,7.0,6.0,34.0,100.0,67.0,11.0,36.0,13.0,0.4240506329113924,0.2058823529411764,0.7142857142857143,107.18038528896672,0.2285714285714285,15.505747126436782,11.265060240963855,38.0,0.7,0.6774193548387096,0.75,True,0.3043478260869565,1627744
3,2018,110.96233262420223,110.80877742946709,1400.0,2194.0,832.0,1137.0,1846.0,7991.0,7975.0,1298.0,692.0,481.0,704.0,2443.0,8837.0,8867.0,1085.0,4680.0,615.0,0.5566847620249968,0.3577568563241916,0.6509897515091956,98.1784640612189,0.3080162852730591,14.835690151420348,14.498307210031347,3903.0,0.6327160493827161,0.7146029983342588,0.6381039197812215,False,0.2736702127659574,1627744
4,2018,120.3125,90.4,30.0,39.0,19.0,22.0,38.0,128.0,125.0,23.0,16.0,8.0,11.0,35.0,113.0,154.0,15.0,60.0,14.0,0.6875,0.4,0.7789473684210526,101.3971611466741,0.4105263157894737,13.6171875,14.8,60.0,0.65,0.6266666666666667,0.7692307692307693,True,0.2439024390243902,1627744
5,2018,111.38776045079284,105.48988705017074,1319.0,2067.0,718.0,1189.0,2158.0,7631.0,7614.0,1065.0,646.0,449.0,717.0,2342.0,8032.0,8500.0,954.0,4150.0,599.0,0.5694463155058601,0.3672075149444919,0.679143561306223,94.27183757251991,0.3183918669131238,14.864762154370332,15.686104544260573,3881.0,0.6305803571428571,0.7405239687848384,0.6381228834059023,False,0.2760538641686182,1627744
