index,year,ortg,drtg,AtRimFGM,AtRimFGA,AtRimAssists,Turnovers,FTA,OffPoss,DefPoss,TwoPtAssists,Steals,BadPassSteals,ThreePtAssists,FG3A,OpponentPoints,Points,SecondChancePoints,FG2A,LiveBallTurnovers,TsPct,Fg3Pct,AtRimFG3AFrequency,Pace,AtRimFrequency,SecondsPerPossOff,SecondsPerPossDef,Minutes,DefAtRimReboundPct,DefFGReboundPct,AtRimAccuracy,player_on,OffFGReboundPct,nba_id
0,2017,117.07317073170732,94.2528735632184,13.0,18.0,5.0,8.0,18.0,82.0,87.0,9.0,6.0,5.0,11.0,35.0,82.0,96.0,15.0,44.0,6.0,0.5588235294117647,0.3142857142857143,0.6708860759493671,94.07035175879398,0.2278481012658227,14.378048780487806,16.183908045977013,43.0,0.3333333333333333,0.7441860465116279,0.7222222222222222,True,0.238095238095238,1627868
1,2017,111.10969712395011,104.97633363182808,1446.0,2328.0,809.0,1061.0,1842.0,7858.0,7817.0,1253.0,615.0,391.0,663.0,2126.0,8206.0,8731.0,1081.0,4876.0,574.0,0.5578798767967146,0.3682972718720602,0.6361039702942016,96.02123595649012,0.3324764353041988,15.125731738355816,14.866956632979404,3918.0,0.5886699507389163,0.7406258081199897,0.6211340206185567,False,0.2648188803512623,1627868
