index,year,ortg,drtg,AtRimFGM,AtRimFGA,AtRimAssists,Turnovers,FTA,OffPoss,DefPoss,TwoPtAssists,Steals,BadPassSteals,ThreePtAssists,FG3A,OpponentPoints,Points,SecondChancePoints,FG2A,LiveBallTurnovers,TsPct,Fg3Pct,AtRimFG3AFrequency,Pace,AtRimFrequency,SecondsPerPossOff,SecondsPerPossDef,Minutes,DefAtRimReboundPct,DefFGReboundPct,AtRimAccuracy,player_on,OffFGReboundPct,nba_id
0,2021,92.6470588235294,101.40845070422536,10.0,17.0,5.0,11.0,21.0,68.0,71.0,6.0,7.0,5.0,5.0,25.0,72.0,63.0,21.0,37.0,7.0,0.4366197183098591,0.2,0.6774193548387096,101.346835443038,0.2741935483870967,14.205882352941176,14.211267605633802,33.0,0.375,0.71875,0.5882352941176471,True,0.3684210526315789,1627739
1,2021,112.39520958083833,110.57057057057057,302.0,461.0,165.0,220.0,407.0,1670.0,1665.0,251.0,131.0,82.0,151.0,536.0,1841.0,1877.0,246.0,969.0,114.0,0.555786350148368,0.3582089552238806,0.6624584717607973,96.308031685551,0.306312292358804,14.920958083832335,14.983183183183185,831.0,0.6875,0.7527675276752768,0.6550976138828634,False,0.2799495586380832,1627739
