index,year,ortg,drtg,AtRimFGM,AtRimFGA,AtRimAssists,Turnovers,FTA,OffPoss,DefPoss,TwoPtAssists,Steals,BadPassSteals,ThreePtAssists,FG3A,OpponentPoints,Points,SecondChancePoints,FG2A,LiveBallTurnovers,TsPct,Fg3Pct,AtRimFG3AFrequency,Pace,AtRimFrequency,SecondsPerPossOff,SecondsPerPossDef,Minutes,DefAtRimReboundPct,DefFGReboundPct,AtRimAccuracy,player_on,OffFGReboundPct,nba_id
0,2018,112.38095238095238,86.66666666666667,23.0,32.0,15.0,16.0,24.0,105.0,105.0,23.0,12.0,8.0,5.0,35.0,91.0,118.0,11.0,59.0,8.0,0.5566037735849056,0.3142857142857143,0.7127659574468085,104.2039972432805,0.3404255319148936,13.447619047619048,14.19047619047619,48.0,0.7142857142857143,0.8979591836734694,0.71875,True,0.3829787234042553,1627767
1,2018,107.45721271393644,109.76800976800976,146.0,213.0,80.0,108.0,154.0,818.0,819.0,130.0,71.0,49.0,72.0,252.0,899.0,879.0,106.0,486.0,65.0,0.546875,0.3293650793650793,0.6300813008130082,102.41028760100792,0.2886178861788618,14.574572127139364,13.548229548229548,384.0,0.6666666666666666,0.7780821917808219,0.6854460093896714,False,0.2244389027431421,1627767
