index,year,ortg,drtg,AtRimFGM,AtRimFGA,AtRimAssists,Turnovers,FTA,OffPoss,DefPoss,TwoPtAssists,Steals,BadPassSteals,ThreePtAssists,FG3A,OpponentPoints,Points,SecondChancePoints,FG2A,LiveBallTurnovers,TsPct,Fg3Pct,AtRimFG3AFrequency,Pace,AtRimFrequency,SecondsPerPossOff,SecondsPerPossDef,Minutes,DefAtRimReboundPct,DefFGReboundPct,AtRimAccuracy,player_on,OffFGReboundPct,nba_id
0,2022,121.35076252723312,120.26143790849672,88.0,123.0,49.0,72.0,150.0,459.0,459.0,74.0,31.0,19.0,36.0,124.0,552.0,557.0,91.0,293.0,41.0,0.5757261410788381,0.3629032258064516,0.592326139088729,93.48136624001133,0.2949640287769784,15.836601307189545,14.971677559912854,236.0,0.72,0.7927461139896373,0.7154471544715447,True,0.4158878504672897,1627742
1,2022,104.08163265306122,116.0,9.0,20.0,2.0,15.0,23.0,98.0,100.0,8.0,7.0,4.0,10.0,34.0,116.0,102.0,13.0,55.0,6.0,0.51010101010101,0.3235294117647059,0.6067415730337079,90.83147499203568,0.2247191011235955,16.122448979591837,15.59,52.0,0.75,0.7692307692307693,0.45,False,0.3269230769230769,1627742
2,2024,92.8082191780822,106.06060606060606,38.0,73.0,18.0,58.0,43.0,292.0,297.0,35.0,27.0,13.0,25.0,98.0,315.0,271.0,43.0,158.0,26.0,0.4927272727272727,0.2755102040816326,0.66796875,97.1769019248396,0.28515625,14.962328767123289,14.676767676767676,145.0,0.7575757575757576,0.8043478260869565,0.5205479452054794,True,0.2567567567567567,1627742
3,2024,98.86363636363636,126.1904761904762,14.0,23.0,6.0,14.0,21.0,88.0,84.0,10.0,8.0,5.0,8.0,33.0,106.0,87.0,20.0,49.0,6.0,0.4728260869565217,0.2424242424242424,0.6829268292682927,88.71060171919771,0.2804878048780488,16.53409090909091,15.916666666666666,47.0,0.6666666666666666,0.7666666666666667,0.6086956521739131,False,0.3725490196078431,1627742
