index,year,ortg,drtg,AtRimFGM,AtRimFGA,AtRimAssists,Turnovers,FTA,OffPoss,DefPoss,TwoPtAssists,Steals,BadPassSteals,ThreePtAssists,FG3A,OpponentPoints,Points,SecondChancePoints,FG2A,LiveBallTurnovers,TsPct,Fg3Pct,AtRimFG3AFrequency,Pace,AtRimFrequency,SecondsPerPossOff,SecondsPerPossDef,Minutes,DefAtRimReboundPct,DefFGReboundPct,AtRimAccuracy,player_on,OffFGReboundPct,nba_id
0,2017,108.25688073394495,122.32142857142856,24.0,32.0,14.0,16.0,26.0,109.0,112.0,15.0,4.0,2.0,7.0,38.0,137.0,118.0,18.0,55.0,10.0,0.5673076923076923,0.2894736842105263,0.7526881720430108,102.0,0.3440860215053763,14.220183486238533,14.017857142857142,52.0,0.4615384615384615,0.6470588235294118,0.75,True,0.2244897959183673,1627819
1,2017,115.23750771128933,109.55918771669144,1619.0,2507.0,964.0,1224.0,2151.0,8105.0,8076.0,1145.0,666.0,435.0,903.0,3268.0,8848.0,9340.0,1151.0,3791.0,687.0,0.5858617650761677,0.3580171358629131,0.8181045473863153,99.47336065573772,0.3551494545969684,13.798642813078349,15.156265477959384,3904.0,0.5837696335078534,0.7247414478918058,0.6457917830075788,False,0.2796883396023643,1627819
2,2018,106.57453936348408,107.72765246449455,411.0,674.0,215.0,385.0,561.0,2388.0,2394.0,336.0,185.0,124.0,245.0,743.0,2579.0,2545.0,289.0,1309.0,200.0,0.5522875816993464,0.3741588156123822,0.6905458089668616,98.34868674750416,0.3284600389863548,14.632747068676716,14.65079365079365,1167.0,0.6081081081081081,0.7429824561403509,0.6097922848664689,True,0.2525068368277119,1627819
3,2018,105.64760377694635,113.10627674750356,929.0,1530.0,480.0,890.0,1093.0,5613.0,5608.0,814.0,452.0,295.0,551.0,1801.0,6343.0,5930.0,701.0,3163.0,509.0,0.5441744892324683,0.3548028872848418,0.6710314262691378,97.07972098556262,0.3082191780821918,15.009620523784072,14.656562054208274,2774.0,0.6209386281588448,0.7158469945355191,0.6071895424836601,False,0.2481454005934718,1627819
