index,year,ortg,drtg,AtRimFGM,AtRimFGA,AtRimAssists,Turnovers,FTA,OffPoss,DefPoss,TwoPtAssists,Steals,BadPassSteals,ThreePtAssists,FG3A,OpponentPoints,Points,SecondChancePoints,FG2A,LiveBallTurnovers,TsPct,Fg3Pct,AtRimFG3AFrequency,Pace,AtRimFrequency,SecondsPerPossOff,SecondsPerPossDef,Minutes,DefAtRimReboundPct,DefFGReboundPct,AtRimAccuracy,player_on,OffFGReboundPct,nba_id
0,2018,110.42105263157896,108.16542948038176,141.0,216.0,76.0,132.0,205.0,950.0,943.0,145.0,56.0,36.0,93.0,320.0,1020.0,1049.0,117.0,506.0,79.0,0.5716630196936543,0.35,0.648910411622276,94.74540335754752,0.261501210653753,14.876842105263158,15.522799575821844,480.0,0.5480769230769231,0.709349593495935,0.6527777777777778,True,0.2388758782201405,1627858
1,2018,110.15965166908563,106.54908197195316,1113.0,1659.0,642.0,993.0,1549.0,6890.0,6917.0,1062.0,538.0,363.0,629.0,2091.0,7370.0,7590.0,834.0,3953.0,499.0,0.5628818357919834,0.3644189383070301,0.6204500330906685,95.18011958504276,0.2744870946393117,14.584615384615384,15.671678473326589,3481.0,0.680921052631579,0.8002403124061279,0.6708860759493671,False,0.2459536655030149,1627858
