index,year,ortg,drtg,AtRimFGM,AtRimFGA,AtRimAssists,Turnovers,FTA,OffPoss,DefPoss,TwoPtAssists,Steals,BadPassSteals,ThreePtAssists,FG3A,OpponentPoints,Points,SecondChancePoints,FG2A,LiveBallTurnovers,TsPct,Fg3Pct,AtRimFG3AFrequency,Pace,AtRimFrequency,SecondsPerPossOff,SecondsPerPossDef,Minutes,DefAtRimReboundPct,DefFGReboundPct,AtRimAccuracy,player_on,OffFGReboundPct,nba_id
0,2017,95.73459715639812,112.03703703703704,25.0,45.0,8.0,27.0,18.0,211.0,216.0,19.0,17.0,13.0,20.0,79.0,242.0,202.0,27.0,129.0,15.0,0.4697674418604651,0.3037974683544304,0.5961538461538461,95.10904872389791,0.2163461538461538,15.47867298578199,14.810185185185183,108.0,0.7058823529411765,0.7045454545454546,0.5555555555555556,True,0.288,1627757
1,2017,105.10854023137918,111.14707405489384,1216.0,2016.0,625.0,1063.0,1735.0,7693.0,7724.0,1187.0,563.0,405.0,594.0,2060.0,8585.0,8086.0,996.0,4865.0,606.0,0.5249348958333333,0.3286407766990291,0.5885920577617328,96.024914033608,0.2911191335740072,14.865072143507083,15.126618332470224,3853.0,0.6515151515151515,0.736242356864925,0.6031746031746031,False,0.2583883751651255,1627757
