index,year,ortg,drtg,AtRimFGM,AtRimFGA,AtRimAssists,Turnovers,FTA,OffPoss,DefPoss,TwoPtAssists,Steals,BadPassSteals,ThreePtAssists,FG3A,OpponentPoints,Points,SecondChancePoints,FG2A,LiveBallTurnovers,TsPct,Fg3Pct,AtRimFG3AFrequency,Pace,AtRimFrequency,SecondsPerPossOff,SecondsPerPossDef,Minutes,DefAtRimReboundPct,DefFGReboundPct,AtRimAccuracy,player_on,OffFGReboundPct,nba_id
0,2018,103.13807531380752,105.48523206751057,72.0,127.0,30.0,79.0,114.0,478.0,474.0,54.0,40.0,22.0,51.0,160.0,500.0,493.0,77.0,259.0,39.0,0.5233545647558386,0.375,0.684964200477327,97.21174301517516,0.3031026252983294,15.43305439330544,14.18776371308017,235.0,0.6296296296296297,0.7586206896551724,0.5669291338582677,True,0.3179916317991632,1627824
1,2018,108.5945945945946,104.58355868036776,1154.0,1933.0,602.0,1066.0,1583.0,7400.0,7396.0,1025.0,564.0,372.0,712.0,2332.0,7735.0,8036.0,919.0,4224.0,555.0,0.5524572059635561,0.3769296740994854,0.650549115314216,95.30520044015424,0.2948444173276388,15.217567567567569,15.00108166576528,3726.0,0.6461731493099122,0.7448218724109362,0.5969994826694258,False,0.2472872644203312,1627824
2,2019,104.97131931166348,107.79467680608364,97.0,138.0,49.0,70.0,107.0,523.0,526.0,64.0,39.0,21.0,53.0,178.0,567.0,549.0,68.0,280.0,30.0,0.5365612648221344,0.348314606741573,0.6899563318777293,100.389446401276,0.3013100436681222,13.88718929254302,14.798479087452472,251.0,0.4909090909090909,0.7142857142857143,0.7028985507246377,True,0.256,1627824
3,2019,113.13144498107296,108.06051910786488,1268.0,1978.0,730.0,982.0,1491.0,7661.0,7667.0,1210.0,667.0,459.0,828.0,2651.0,8285.0,8667.0,962.0,4314.0,526.0,0.5673670387393303,0.3658996605054696,0.6646087580760948,99.28488212565168,0.2839913854989231,14.103250228429708,14.9038737446198,3705.0,0.6182519280205655,0.7362334801762115,0.641051567239636,False,0.2464324917672886,1627824
