index,year,ortg,drtg,AtRimFGM,AtRimFGA,AtRimAssists,Turnovers,FTA,OffPoss,DefPoss,TwoPtAssists,Steals,BadPassSteals,ThreePtAssists,FG3A,OpponentPoints,Points,SecondChancePoints,FG2A,LiveBallTurnovers,TsPct,Fg3Pct,AtRimFG3AFrequency,Pace,AtRimFrequency,SecondsPerPossOff,SecondsPerPossDef,Minutes,DefAtRimReboundPct,DefFGReboundPct,AtRimAccuracy,player_on,OffFGReboundPct,nba_id
0,2017,81.81818181818181,75.0,1.0,2.0,1.0,1.0,2.0,11.0,12.0,2.0,1.0,,1.0,3.0,9.0,9.0,,5.0,,0.5,0.3333333333333333,0.625,108.23529411764709,0.25,9.727272727272728,16.583333333333332,5.0,,0.75,0.5,True,,1627849
1,2017,111.68,112.21864951768488,214.0,362.0,113.0,178.0,318.0,1250.0,1244.0,205.0,102.0,61.0,88.0,341.0,1396.0,1396.0,183.0,790.0,91.0,0.549802371541502,0.3167155425219941,0.6215738284703802,95.93845167494791,0.3200707338638373,15.0616,14.957395498392282,624.0,0.56,0.7152777777777778,0.5911602209944752,False,0.3025210084033613,1627849
