index,year,ortg,drtg,AtRimFGM,AtRimFGA,AtRimAssists,Turnovers,FTA,OffPoss,DefPoss,TwoPtAssists,Steals,BadPassSteals,ThreePtAssists,FG3A,OpponentPoints,Points,SecondChancePoints,FG2A,LiveBallTurnovers,TsPct,Fg3Pct,AtRimFG3AFrequency,Pace,AtRimFrequency,SecondsPerPossOff,SecondsPerPossDef,Minutes,DefAtRimReboundPct,DefFGReboundPct,AtRimAccuracy,player_on,OffFGReboundPct,nba_id
0,2017,116.84210526315788,112.43523316062176,26.0,54.0,12.0,21.0,45.0,190.0,193.0,26.0,10.0,6.0,13.0,49.0,217.0,222.0,19.0,122.0,10.0,0.5846560846560847,0.4081632653061224,0.6023391812865497,86.63524976437324,0.3157894736842105,16.936842105263157,16.310880829015545,106.0,0.9,0.7564102564102564,0.4814814814814814,True,0.2159090909090909,1627782
1,2017,107.87878787878788,126.85185185185183,47.0,86.0,20.0,47.0,77.0,330.0,324.0,43.0,21.0,15.0,31.0,96.0,411.0,356.0,30.0,196.0,21.0,0.5493827160493827,0.375,0.6232876712328768,83.98073836276083,0.2945205479452055,17.01818181818182,17.27777777777778,187.0,0.5588235294117647,0.6753246753246753,0.5465116279069767,False,0.2389937106918239,1627782
