index,year,ortg,drtg,AtRimFGM,AtRimFGA,AtRimAssists,Turnovers,FTA,OffPoss,DefPoss,TwoPtAssists,Steals,BadPassSteals,ThreePtAssists,FG3A,OpponentPoints,Points,SecondChancePoints,FG2A,LiveBallTurnovers,TsPct,Fg3Pct,AtRimFG3AFrequency,Pace,AtRimFrequency,SecondsPerPossOff,SecondsPerPossDef,Minutes,DefAtRimReboundPct,DefFGReboundPct,AtRimAccuracy,player_on,OffFGReboundPct,nba_id
0,2017,74.35897435897436,110.8108108108108,,8.0,,5.0,6.0,39.0,37.0,1.0,,,5.0,19.0,41.0,29.0,12.0,18.0,2.0,0.3625,0.3157894736842105,0.7297297297297297,97.97672336615936,0.2162162162162162,15.82051282051282,13.513513513513514,19.0,0.6,0.75,,True,0.3333333333333333,1627786
1,2017,112.78048780487804,110.126582278481,198.0,331.0,89.0,149.0,278.0,1025.0,1027.0,113.0,85.0,49.0,96.0,404.0,1131.0,1156.0,165.0,494.0,85.0,0.5679133858267716,0.3341584158415842,0.8184855233853007,95.74182678287916,0.3685968819599109,14.82439024390244,15.256085686465433,514.0,0.609375,0.6877470355731226,0.5981873111782477,False,0.2742268041237113,1627786
