index,year,ortg,drtg,AtRimFGM,AtRimFGA,AtRimAssists,Turnovers,FTA,OffPoss,DefPoss,TwoPtAssists,Steals,BadPassSteals,ThreePtAssists,FG3A,OpponentPoints,Points,SecondChancePoints,FG2A,LiveBallTurnovers,TsPct,Fg3Pct,AtRimFG3AFrequency,Pace,AtRimFrequency,SecondsPerPossOff,SecondsPerPossDef,Minutes,DefAtRimReboundPct,DefFGReboundPct,AtRimAccuracy,player_on,OffFGReboundPct,nba_id
0,2021,101.40845070422536,92.6470588235294,10.0,18.0,4.0,13.0,16.0,71.0,68.0,7.0,7.0,3.0,5.0,22.0,63.0,72.0,10.0,36.0,7.0,0.5538461538461539,0.2727272727272727,0.6896551724137931,101.346835443038,0.3103448275862069,14.211267605633802,14.205882352941176,33.0,0.8571428571428571,0.631578947368421,0.5555555555555556,True,0.28125,1627739
1,2021,110.57057057057057,112.39520958083833,217.0,330.0,125.0,211.0,360.0,1665.0,1670.0,208.0,114.0,66.0,144.0,593.0,1877.0,1841.0,214.0,911.0,131.0,0.554380664652568,0.3456998313659359,0.6136968085106383,96.308031685551,0.2194148936170212,14.983183183183185,14.920958083832335,831.0,0.6226415094339622,0.7200504413619168,0.6575757575757576,False,0.2472324723247232,1627739
