index,year,ortg,drtg,AtRimFGM,AtRimFGA,AtRimAssists,Turnovers,FTA,OffPoss,DefPoss,TwoPtAssists,Steals,BadPassSteals,ThreePtAssists,FG3A,OpponentPoints,Points,SecondChancePoints,FG2A,LiveBallTurnovers,TsPct,Fg3Pct,AtRimFG3AFrequency,Pace,AtRimFrequency,SecondsPerPossOff,SecondsPerPossDef,Minutes,DefAtRimReboundPct,DefFGReboundPct,AtRimAccuracy,player_on,OffFGReboundPct,nba_id
0,2017,105.83657587548636,114.72868217054264,41.0,79.0,18.0,37.0,60.0,257.0,258.0,33.0,19.0,13.0,20.0,66.0,296.0,272.0,30.0,164.0,18.0,0.5272373540856031,0.3484848484848485,0.6304347826086957,90.8600833129135,0.3434782608695652,15.922178988326849,15.775193798449612,136.0,0.8636363636363636,0.7672413793103449,0.5189873417721519,True,0.2661290322580645,1627835
1,2017,103.36700336700336,108.0,59.0,86.0,28.0,55.0,59.0,297.0,300.0,51.0,24.0,20.0,16.0,75.0,324.0,307.0,51.0,190.0,31.0,0.5241379310344828,0.2533333333333333,0.6075471698113207,94.283834174161,0.3245283018867924,15.178451178451178,15.366666666666667,152.0,0.575,0.7368421052631579,0.686046511627907,False,0.3356164383561644,1627835
