index,year,ortg,drtg,AtRimFGM,AtRimFGA,AtRimAssists,Turnovers,FTA,OffPoss,DefPoss,TwoPtAssists,Steals,BadPassSteals,ThreePtAssists,FG3A,OpponentPoints,Points,SecondChancePoints,FG2A,LiveBallTurnovers,TsPct,Fg3Pct,AtRimFG3AFrequency,Pace,AtRimFrequency,SecondsPerPossOff,SecondsPerPossDef,Minutes,DefAtRimReboundPct,DefFGReboundPct,AtRimAccuracy,player_on,OffFGReboundPct,nba_id
0,2017,72.22222222222223,116.66666666666669,2.0,4.0,2.0,2.0,3.0,18.0,18.0,4.0,,,,5.0,21.0,13.0,,9.0,2.0,0.4333333333333333,,0.6428571428571429,96.35687732342008,0.2857142857142857,14.77777777777778,15.11111111111111,9.0,1.0,0.7777777777777778,0.5,True,,1627762
1,2017,111.94779116465864,106.45812310797174,183.0,263.0,115.0,124.0,256.0,996.0,991.0,160.0,73.0,47.0,75.0,275.0,1055.0,1115.0,123.0,585.0,78.0,0.5702564102564103,0.3563636363636364,0.6255813953488372,91.87849206858904,0.3058139534883721,14.686746987951809,16.663975782038346,519.0,0.7468354430379747,0.7964601769911505,0.6958174904942965,False,0.2265446224256292,1627762
