index,year,ortg,drtg,AtRimFGM,AtRimFGA,AtRimAssists,Turnovers,FTA,OffPoss,DefPoss,TwoPtAssists,Steals,BadPassSteals,ThreePtAssists,FG3A,OpponentPoints,Points,SecondChancePoints,FG2A,LiveBallTurnovers,TsPct,Fg3Pct,AtRimFG3AFrequency,Pace,AtRimFrequency,SecondsPerPossOff,SecondsPerPossDef,Minutes,DefAtRimReboundPct,DefFGReboundPct,AtRimAccuracy,player_on,OffFGReboundPct,nba_id
0,2017,101.58730158730158,104.6875,8.0,14.0,4.0,2.0,14.0,63.0,64.0,11.0,4.0,2.0,6.0,13.0,67.0,64.0,9.0,48.0,,0.4705882352941176,0.4615384615384615,0.4426229508196721,96.60855784469096,0.2295081967213114,15.873015873015872,13.953125,32.0,0.5,0.7931034482758621,0.5714285714285714,True,0.2702702702702703,1627771
1,2017,106.62097504202768,107.7300930713547,1204.0,1951.0,606.0,972.0,1572.0,7733.0,7736.0,1188.0,570.0,379.0,527.0,1902.0,8334.0,8245.0,1112.0,5319.0,551.0,0.5204611681236538,0.3286014721345952,0.5335826062872179,94.48039802007916,0.2701841850159258,15.197336092072934,15.285160289555323,3929.0,0.6971428571428572,0.7860932700363027,0.6171194259354177,False,0.276271624064033,1627771
