index,year,ortg,drtg,AtRimFGM,AtRimFGA,AtRimAssists,Turnovers,FTA,OffPoss,DefPoss,TwoPtAssists,Steals,BadPassSteals,ThreePtAssists,FG3A,OpponentPoints,Points,SecondChancePoints,FG2A,LiveBallTurnovers,TsPct,Fg3Pct,AtRimFG3AFrequency,Pace,AtRimFrequency,SecondsPerPossOff,SecondsPerPossDef,Minutes,DefAtRimReboundPct,DefFGReboundPct,AtRimAccuracy,player_on,OffFGReboundPct,nba_id
0,2018,68.75,97.77777777777776,8.0,13.0,,6.0,10.0,48.0,45.0,1.0,1.0,1.0,,11.0,44.0,33.0,4.0,27.0,4.0,0.3928571428571428,,0.631578947368421,97.89473684210526,0.3421052631578947,15.104166666666666,14.28888888888889,23.0,0.5,0.72,0.6153846153846154,True,0.24,1627790
1,2018,113.1979695431472,110.43037974683544,398.0,627.0,223.0,254.0,444.0,1970.0,1975.0,318.0,142.0,89.0,174.0,638.0,2181.0,2230.0,268.0,1129.0,127.0,0.5678225395206528,0.3526645768025078,0.7159026598754952,90.75920245398773,0.3548387096774194,15.295431472081216,16.435443037974682,1043.0,0.5654761904761905,0.723175965665236,0.6347687400318979,False,0.2425905598243688,1627790
