index,year,ortg,drtg,AtRimFGM,AtRimFGA,AtRimAssists,Turnovers,FTA,OffPoss,DefPoss,TwoPtAssists,Steals,BadPassSteals,ThreePtAssists,FG3A,OpponentPoints,Points,SecondChancePoints,FG2A,LiveBallTurnovers,TsPct,Fg3Pct,AtRimFG3AFrequency,Pace,AtRimFrequency,SecondsPerPossOff,SecondsPerPossDef,Minutes,DefAtRimReboundPct,DefFGReboundPct,AtRimAccuracy,player_on,OffFGReboundPct,nba_id
0,2017,105.14674606550405,110.76271186440678,417.0,645.0,229.0,350.0,586.0,2351.0,2360.0,362.0,200.0,124.0,109.0,491.0,2614.0,2472.0,367.0,1602.0,170.0,0.5249254367277375,0.2830957230142566,0.5427615862398472,100.70722365725484,0.3081700907787864,13.894938324117398,14.701271186440678,1123.0,0.5543478260869565,0.7097674418604651,0.6465116279069767,True,0.2888888888888888,1627755
1,2017,107.90768708637368,113.31862911435358,1055.0,1780.0,476.0,916.0,1572.0,5893.0,5894.0,756.0,473.0,325.0,377.0,1363.0,6679.0,6359.0,857.0,3804.0,493.0,0.5412116040955631,0.3492296404988995,0.6082833365589316,99.49284282347976,0.3444939036191213,14.167995927371456,14.778758059043094,2843.0,0.615506329113924,0.7268199233716475,0.5926966292134831,False,0.3002508061626657,1627755
2,2018,103.85975250441956,112.84161034381428,608.0,983.0,340.0,555.0,810.0,3394.0,3403.0,494.0,242.0,159.0,245.0,889.0,3840.0,3525.0,452.0,2065.0,313.0,0.5308436649531297,0.3250843644544432,0.6337169939065673,98.36073481529124,0.3327691266079892,14.4428403064231,14.836614751689686,1658.0,0.6622340425531915,0.7356687898089171,0.6185147507629705,True,0.2759477936606588,1627755
3,2018,104.45234113712375,114.1272498953537,855.0,1454.0,432.0,734.0,1152.0,4784.0,4778.0,621.0,327.0,217.0,383.0,1398.0,5453.0,4997.0,612.0,2792.0,399.0,0.5313499680102367,0.3390557939914163,0.6806682577565633,100.49322346862068,0.3470167064439141,14.337165551839464,14.321473419840938,2284.0,0.6338289962825279,0.7340036563071298,0.5880330123796423,False,0.259581881533101,1627755
4,2019,,,,,,,,1.0,2.0,,,,,,,,,1.0,,,,,88.16326530612245,,11.0,19.0,1.0,,1.0,,True,,1627755
5,2019,105.55691854759569,114.00711394578684,1499.0,2493.0,746.0,1159.0,1695.0,8152.0,8153.0,1172.0,603.0,400.0,624.0,2123.0,9295.0,8605.0,900.0,5081.0,600.0,0.5409515396264513,0.3509185115402732,0.6407551360355358,98.31707919651942,0.3460577456968351,14.751104023552502,14.541886422175889,3980.0,0.6276958002270148,0.7380889007186585,0.6012835940633775,False,0.2337830825116761,1627755
