index,year,ortg,drtg,AtRimFGM,AtRimFGA,AtRimAssists,Turnovers,FTA,OffPoss,DefPoss,TwoPtAssists,Steals,BadPassSteals,ThreePtAssists,FG3A,OpponentPoints,Points,SecondChancePoints,FG2A,LiveBallTurnovers,TsPct,Fg3Pct,AtRimFG3AFrequency,Pace,AtRimFrequency,SecondsPerPossOff,SecondsPerPossDef,Minutes,DefAtRimReboundPct,DefFGReboundPct,AtRimAccuracy,player_on,OffFGReboundPct,nba_id
0,2016,46.15384615384615,116.66666666666669,2.0,4.0,1.0,2.0,,13.0,12.0,2.0,,,,1.0,14.0,6.0,2.0,12.0,1.0,0.2307692307692307,,0.3846153846153846,99.7229916897507,0.3076923076923077,16.692307692307693,12.0,6.0,,1.0,0.5,True,0.2,1627362
1,2016,102.3510971786834,105.66929133858268,202.0,355.0,86.0,150.0,356.0,1276.0,1270.0,140.0,99.0,57.0,57.0,259.0,1342.0,1306.0,154.0,875.0,75.0,0.5046367851622875,0.3204633204633205,0.5414462081128748,89.72906825913508,0.3130511463844797,16.20846394984326,15.88740157480315,681.0,0.6440677966101694,0.7393526405451448,0.5690140845070423,False,0.2468944099378882,1627362
