index,year,ortg,drtg,AtRimFGM,AtRimFGA,AtRimAssists,Turnovers,FTA,OffPoss,DefPoss,TwoPtAssists,Steals,BadPassSteals,ThreePtAssists,FG3A,OpponentPoints,Points,SecondChancePoints,FG2A,LiveBallTurnovers,TsPct,Fg3Pct,AtRimFG3AFrequency,Pace,AtRimFrequency,SecondsPerPossOff,SecondsPerPossDef,Minutes,DefAtRimReboundPct,DefFGReboundPct,AtRimAccuracy,player_on,OffFGReboundPct,nba_id
0,2018,101.78571428571428,81.81818181818181,12.0,16.0,9.0,6.0,9.0,56.0,55.0,12.0,1.0,,3.0,19.0,45.0,57.0,8.0,34.0,5.0,0.5,0.1578947368421052,0.660377358490566,96.11545399879736,0.3018867924528302,14.196428571428571,15.78181818181818,28.0,0.75,0.7407407407407407,0.75,True,0.3,1627772
1,2018,108.259099007381,111.59162967660114,1382.0,2231.0,744.0,1305.0,1724.0,7858.0,7885.0,1124.0,629.0,408.0,772.0,2488.0,8799.0,8507.0,1058.0,4344.0,738.0,0.5591618191433104,0.3685691318327974,0.6907201405152225,95.93824720584688,0.3265515222482436,15.591499109188089,14.42980342422321,3938.0,0.5894621295279913,0.6910803034266283,0.6194531600179292,False,0.2624093697713329,1627772
2,2019,110.41666666666669,105.12820512820512,76.0,118.0,43.0,48.0,132.0,432.0,429.0,60.0,40.0,29.0,36.0,147.0,451.0,477.0,53.0,233.0,28.0,0.5397727272727273,0.3061224489795918,0.6973684210526315,101.22795558458525,0.3105263157894737,14.835648148148149,13.610722610722611,204.0,0.5625,0.6792452830188679,0.6440677966101694,True,0.2877358490566037,1627772
3,2019,114.59692307692308,108.93077112589307,1491.0,2355.0,882.0,1186.0,2189.0,8125.0,8118.0,1294.0,770.0,526.0,812.0,2673.0,8843.0,9311.0,1142.0,4364.0,647.0,0.5798898071625345,0.3621399176954732,0.7145090237317039,103.48949726231956,0.3346596561034531,14.055027692307693,13.773762010347376,3767.0,0.6165489404641776,0.7247586746673624,0.6331210191082802,False,0.2775159412253951,1627772
