index,year,ortg,drtg,AtRimFGM,AtRimFGA,AtRimAssists,Turnovers,FTA,OffPoss,DefPoss,TwoPtAssists,Steals,BadPassSteals,ThreePtAssists,FG3A,OpponentPoints,Points,SecondChancePoints,FG2A,LiveBallTurnovers,TsPct,Fg3Pct,AtRimFG3AFrequency,Pace,AtRimFrequency,SecondsPerPossOff,SecondsPerPossDef,Minutes,DefAtRimReboundPct,DefFGReboundPct,AtRimAccuracy,player_on,OffFGReboundPct,nba_id
0,2017,103.70370370370372,104.9496981891348,350.0,584.0,183.0,425.0,495.0,2484.0,2485.0,333.0,218.0,163.0,225.0,785.0,2608.0,2576.0,297.0,1390.0,200.0,0.5366722548197821,0.3426751592356687,0.6294252873563219,95.5921606348443,0.2685057471264367,15.355475040257648,14.772635814889336,1248.0,0.664,0.7441048034934498,0.5993150684931506,True,0.2639593908629442,1627098
1,2017,107.68813314037628,105.76644974692697,828.0,1449.0,458.0,838.0,1162.0,5528.0,5532.0,832.0,520.0,367.0,529.0,1717.0,5851.0,5953.0,792.0,3263.0,472.0,0.5413925438596491,0.3634245777518928,0.6357429718875502,97.2860048745625,0.2909638554216867,15.15321997105644,14.450469992769342,2728.0,0.6410614525139665,0.7198124267291911,0.5714285714285714,False,0.2751752120988565,1627098
2,2018,110.19607843137256,105.45991146089524,334.0,518.0,190.0,339.0,504.0,2040.0,2033.0,309.0,165.0,113.0,199.0,640.0,2144.0,2248.0,283.0,1127.0,161.0,0.5646138313982837,0.3578125,0.6553480475382003,96.3896923481462,0.2931522354272778,14.78921568627451,15.090014756517462,1014.0,0.6715686274509803,0.7484342379958246,0.6447876447876448,True,0.2905701754385965,1627098
3,2018,111.94230124119424,106.0824396782842,1003.0,1601.0,603.0,898.0,1182.0,5962.0,5968.0,1000.0,544.0,341.0,629.0,1879.0,6331.0,6674.0,782.0,3461.0,476.0,0.5694444444444444,0.3831825439063331,0.651685393258427,97.8247500170831,0.299812734082397,14.608856088560886,14.831434316353889,2927.0,0.6549079754601227,0.7513227513227513,0.6264834478450968,False,0.2709677419354839,1627098
