index,year,ortg,drtg,AtRimFGM,AtRimFGA,AtRimAssists,Turnovers,FTA,OffPoss,DefPoss,TwoPtAssists,Steals,BadPassSteals,ThreePtAssists,FG3A,OpponentPoints,Points,SecondChancePoints,FG2A,LiveBallTurnovers,TsPct,Fg3Pct,AtRimFG3AFrequency,Pace,AtRimFrequency,SecondsPerPossOff,SecondsPerPossDef,Minutes,DefAtRimReboundPct,DefFGReboundPct,AtRimAccuracy,player_on,OffFGReboundPct,nba_id
0,2017,141.66666666666666,53.84615384615385,4.0,6.0,2.0,,7.0,12.0,13.0,2.0,1.0,,1.0,2.0,7.0,17.0,2.0,9.0,,0.6071428571428571,0.5,0.7272727272727273,111.1111111111111,0.5454545454545454,11.5,14.307692307692308,5.0,1.0,0.75,0.6666666666666666,True,0.3333333333333333,1627787
1,2017,109.79087452471482,112.0837297811608,210.0,342.0,108.0,138.0,256.0,1052.0,1051.0,171.0,86.0,56.0,73.0,289.0,1178.0,1155.0,154.0,684.0,85.0,0.5298988040478381,0.314878892733564,0.6485097636176773,95.6633813495072,0.3514902363823227,15.237642585551333,14.867745004757374,528.0,0.6159420289855072,0.7222222222222222,0.6140350877192983,False,0.3096153846153846,1627787
