index,year,ortg,drtg,AtRimFGM,AtRimFGA,AtRimAssists,Turnovers,FTA,OffPoss,DefPoss,TwoPtAssists,Steals,BadPassSteals,ThreePtAssists,FG3A,OpponentPoints,Points,SecondChancePoints,FG2A,LiveBallTurnovers,TsPct,Fg3Pct,AtRimFG3AFrequency,Pace,AtRimFrequency,SecondsPerPossOff,SecondsPerPossDef,Minutes,DefAtRimReboundPct,DefFGReboundPct,AtRimAccuracy,player_on,OffFGReboundPct,nba_id
0,2017,96.15384615384616,133.96226415094338,6.0,11.0,4.0,12.0,8.0,52.0,53.0,7.0,2.0,1.0,5.0,13.0,71.0,50.0,3.0,22.0,7.0,0.6578947368421053,0.4615384615384615,0.6857142857142857,95.69620253164555,0.3142857142857143,16.576923076923077,13.547169811320757,26.0,0.4545454545454545,0.5,0.5454545454545454,True,0.0625,1627751
1,2017,112.21198156682028,103.3448673587082,141.0,235.0,76.0,123.0,224.0,868.0,867.0,115.0,74.0,47.0,93.0,248.0,896.0,974.0,80.0,504.0,67.0,0.5700824499411072,0.439516129032258,0.6422872340425532,91.78545187362234,0.3125,15.741935483870968,15.635524798154556,454.0,0.68,0.7955665024630542,0.6,False,0.2366412213740458,1627751
2,2018,118.31501831501832,106.6914498141264,52.0,82.0,25.0,33.0,78.0,273.0,269.0,45.0,17.0,12.0,22.0,65.0,287.0,323.0,50.0,180.0,12.0,0.5726950354609929,0.3846153846153846,0.6,92.9807005003574,0.3346938775510204,15.435897435897436,15.53903345724907,140.0,0.6756756756756757,0.7674418604651163,0.6341463414634146,True,0.3166666666666666,1627751
3,2018,117.2821270310192,115.0805270863836,126.0,199.0,68.0,80.0,151.0,677.0,683.0,111.0,56.0,38.0,59.0,178.0,786.0,794.0,60.0,437.0,45.0,0.5816176470588236,0.3876404494382022,0.6130081300813008,94.58128078817734,0.3235772357723577,15.704579025110784,14.749633967789164,345.0,0.5813953488372093,0.7226027397260274,0.6331658291457286,False,0.2343234323432343,1627751
4,2019,114.2433234421365,116.5680473372781,49.0,81.0,26.0,34.0,76.0,337.0,338.0,63.0,17.0,11.0,37.0,104.0,394.0,385.0,64.0,217.0,16.0,0.5423728813559322,0.375,0.5763239875389408,91.5512856739192,0.2523364485981308,15.90207715133531,15.55621301775148,177.0,0.6410256410256411,0.7160493827160493,0.6049382716049383,True,0.2906976744186046,1627751
5,2019,113.2258064516129,106.8181818181818,49.0,76.0,30.0,30.0,70.0,310.0,308.0,59.0,15.0,7.0,23.0,85.0,329.0,351.0,41.0,203.0,16.0,0.5453125,0.3411764705882353,0.5590277777777778,93.25369380697892,0.2638888888888889,15.551612903225806,15.331168831168831,159.0,0.7619047619047619,0.7647058823529411,0.6447368421052632,False,0.2631578947368421,1627751
