index,year,ortg,drtg,AtRimFGM,AtRimFGA,AtRimAssists,Turnovers,FTA,OffPoss,DefPoss,TwoPtAssists,Steals,BadPassSteals,ThreePtAssists,FG3A,OpponentPoints,Points,SecondChancePoints,FG2A,LiveBallTurnovers,TsPct,Fg3Pct,AtRimFG3AFrequency,Pace,AtRimFrequency,SecondsPerPossOff,SecondsPerPossDef,Minutes,DefAtRimReboundPct,DefFGReboundPct,AtRimAccuracy,player_on,OffFGReboundPct,nba_id
0,2018,115.3846153846154,112.24489795918367,8.0,10.0,3.0,5.0,10.0,52.0,49.0,4.0,3.0,3.0,5.0,21.0,55.0,60.0,2.0,26.0,2.0,0.5882352941176471,0.3333333333333333,0.6595744680851063,90.27932960893854,0.2127659574468085,14.73076923076923,17.244897959183675,27.0,0.2,0.5714285714285714,0.8,True,0.2,1627866
1,2018,110.15665125834616,106.7084880297017,1246.0,1865.0,715.0,1120.0,1744.0,7788.0,7811.0,1203.0,591.0,396.0,717.0,2390.0,8335.0,8579.0,949.0,4433.0,576.0,0.5637707948243993,0.3627615062761506,0.6236259709805071,95.16058106579564,0.2733401729444525,14.619286081150488,15.643835616438356,3934.0,0.6647807637906648,0.790139731083575,0.6680965147453083,False,0.2454264002251618,1627866
