index,year,ortg,drtg,AtRimFGM,AtRimFGA,AtRimAssists,Turnovers,FTA,OffPoss,DefPoss,TwoPtAssists,Steals,BadPassSteals,ThreePtAssists,FG3A,OpponentPoints,Points,SecondChancePoints,FG2A,LiveBallTurnovers,TsPct,Fg3Pct,AtRimFG3AFrequency,Pace,AtRimFrequency,SecondsPerPossOff,SecondsPerPossDef,Minutes,DefAtRimReboundPct,DefFGReboundPct,AtRimAccuracy,player_on,OffFGReboundPct,nba_id
0,2018,120.43010752688171,84.23913043478261,31.0,50.0,12.0,27.0,51.0,186.0,184.0,23.0,16.0,12.0,20.0,52.0,155.0,224.0,17.0,99.0,14.0,0.6482558139534884,0.4807692307692308,0.6754966887417219,102.73814114924797,0.3311258278145695,13.123655913978494,14.918478260869565,86.0,0.6551724137931034,0.7669902912621359,0.62,True,0.208955223880597,1627982
1,2018,113.43339587242026,104.66599949962472,1467.0,2369.0,768.0,1070.0,1963.0,7995.0,7994.0,1156.0,696.0,486.0,712.0,2347.0,8367.0,9069.0,1068.0,4778.0,555.0,0.5656508653122648,0.3711120579463144,0.6618947368421053,99.5256312165264,0.3324912280701754,14.568605378361475,14.368651488616464,3856.0,0.6055734190782422,0.7327722251446607,0.6192486281131279,False,0.2663234895692224,1627982
2,2020,93.47826086956522,76.59574468085107,10.0,18.0,5.0,9.0,6.0,46.0,47.0,10.0,10.0,7.0,2.0,14.0,36.0,43.0,8.0,29.0,1.0,0.4673913043478261,0.1428571428571428,0.7441860465116279,98.2538517975055,0.4186046511627907,15.108695652173912,14.212765957446807,23.0,0.75,0.7894736842105263,0.5555555555555556,True,0.3333333333333333,1627982
3,2020,112.9492529277157,111.67137286540272,1473.0,2360.0,785.0,1036.0,1769.0,7429.0,7437.0,1062.0,605.0,404.0,689.0,2424.0,8305.0,8391.0,975.0,4144.0,538.0,0.5699577253511523,0.3622112211221122,0.728380024360536,103.0190041242174,0.3593179049939098,14.405034324942791,13.55143202904397,3463.0,0.6012121212121212,0.7215078901227352,0.6241525423728813,False,0.2613768961493582,1627982
