index,year,ortg,drtg,AtRimFGM,AtRimFGA,AtRimAssists,Turnovers,FTA,OffPoss,DefPoss,TwoPtAssists,Steals,BadPassSteals,ThreePtAssists,FG3A,OpponentPoints,Points,SecondChancePoints,FG2A,LiveBallTurnovers,TsPct,Fg3Pct,AtRimFG3AFrequency,Pace,AtRimFrequency,SecondsPerPossOff,SecondsPerPossDef,Minutes,DefAtRimReboundPct,DefFGReboundPct,AtRimAccuracy,player_on,OffFGReboundPct,nba_id
0,2017,133.96226415094338,96.15384615384616,17.0,28.0,6.0,5.0,22.0,53.0,52.0,7.0,7.0,3.0,4.0,12.0,50.0,71.0,16.0,38.0,2.0,0.5833333333333334,0.4166666666666667,0.8,95.69620253164555,0.56,13.547169811320757,16.576923076923077,26.0,1.0,0.9375,0.6071428571428571,True,0.5,1627751
1,2017,103.3448673587082,112.21198156682028,128.0,228.0,62.0,124.0,203.0,867.0,868.0,122.0,67.0,43.0,63.0,223.0,974.0,896.0,84.0,522.0,74.0,0.5360576923076923,0.3273542600896861,0.6053691275167785,91.78545187362234,0.3060402684563758,15.635524798154556,15.741935483870968,454.0,0.6413043478260869,0.7633587786259542,0.5614035087719298,False,0.2044334975369458,1627751
2,2018,106.6914498141264,118.31501831501832,46.0,83.0,22.0,29.0,76.0,269.0,273.0,29.0,12.0,8.0,23.0,85.0,323.0,287.0,42.0,149.0,17.0,0.5354477611940298,0.3411764705882353,0.717948717948718,92.9807005003574,0.3547008547008547,15.53903345724907,15.435897435897436,140.0,0.5333333333333333,0.6833333333333333,0.5542168674698795,True,0.2325581395348837,1627751
3,2018,115.0805270863836,117.2821270310192,130.0,217.0,61.0,111.0,163.0,683.0,677.0,105.0,45.0,31.0,61.0,182.0,794.0,786.0,84.0,407.0,56.0,0.5965045592705167,0.412087912087912,0.6774193548387096,94.5785401755962,0.3684210526315789,14.749633967789164,15.705465288035452,345.0,0.6944444444444444,0.7656765676567657,0.5990783410138248,False,0.2773972602739726,1627751
4,2019,116.5680473372781,114.2433234421365,55.0,94.0,25.0,33.0,79.0,338.0,337.0,60.0,16.0,9.0,25.0,69.0,385.0,394.0,42.0,249.0,17.0,0.556657223796034,0.3768115942028985,0.5125786163522013,91.5512856739192,0.2955974842767295,15.55621301775148,15.90207715133531,177.0,0.59375,0.7093023255813954,0.5851063829787234,True,0.2839506172839506,1627751
5,2019,106.8181818181818,113.2258064516129,43.0,64.0,25.0,26.0,82.0,308.0,310.0,46.0,16.0,10.0,17.0,70.0,351.0,329.0,36.0,208.0,15.0,0.5222222222222223,0.3,0.4820143884892086,93.25369380697892,0.2302158273381295,15.331168831168831,15.551612903225806,159.0,0.6296296296296297,0.7368421052631579,0.671875,False,0.2352941176470588,1627751
