index,year,ortg,drtg,AtRimFGM,AtRimFGA,AtRimAssists,Turnovers,FTA,OffPoss,DefPoss,TwoPtAssists,Steals,BadPassSteals,ThreePtAssists,FG3A,OpponentPoints,Points,SecondChancePoints,FG2A,LiveBallTurnovers,TsPct,Fg3Pct,AtRimFG3AFrequency,Pace,AtRimFrequency,SecondsPerPossOff,SecondsPerPossDef,Minutes,DefAtRimReboundPct,DefFGReboundPct,AtRimAccuracy,player_on,OffFGReboundPct,nba_id
0,2018,112.33595800524934,108.5413929040736,145.0,205.0,74.0,131.0,208.0,762.0,761.0,116.0,71.0,46.0,71.0,236.0,826.0,856.0,105.0,391.0,75.0,0.5928770949720671,0.3432203389830508,0.7033492822966507,96.68136131193792,0.3269537480063796,14.303149606299211,15.486202365308804,378.0,0.5466666666666666,0.7209944751381215,0.7073170731707317,True,0.2819672131147541,1627988
1,2018,111.4477633271402,104.88678704499856,1204.0,1901.0,663.0,1080.0,1988.0,6997.0,6978.0,972.0,591.0,411.0,657.0,2141.0,7319.0,7798.0,864.0,3819.0,538.0,0.5689250623258543,0.3703876693134049,0.6781879194630872,94.1359179702118,0.3189597315436241,14.90310132914106,15.692032100888508,3563.0,0.638525564803805,0.7400787640109058,0.6333508679642293,False,0.2750634517766497,1627988
