index,year,ortg,drtg,AtRimFGM,AtRimFGA,AtRimAssists,Turnovers,FTA,OffPoss,DefPoss,TwoPtAssists,Steals,BadPassSteals,ThreePtAssists,FG3A,OpponentPoints,Points,SecondChancePoints,FG2A,LiveBallTurnovers,TsPct,Fg3Pct,AtRimFG3AFrequency,Pace,AtRimFrequency,SecondsPerPossOff,SecondsPerPossDef,Minutes,DefAtRimReboundPct,DefFGReboundPct,AtRimAccuracy,player_on,OffFGReboundPct,nba_id
0,2018,116.66666666666669,57.142857142857146,,1.0,,1.0,2.0,6.0,7.0,,1.0,,2.0,3.0,4.0,7.0,,1.0,1.0,0.7,0.6666666666666666,1.0,96.49484536082474,0.25,12.833333333333334,16.714285714285715,3.0,,0.6,,True,,1627778
1,2018,108.64965774735532,110.14851485148516,317.0,484.0,166.0,237.0,350.0,1607.0,1616.0,220.0,114.0,74.0,141.0,471.0,1780.0,1746.0,171.0,930.0,137.0,0.5611719253058596,0.3800424628450106,0.681655960028551,95.17122585407866,0.3454675231977159,14.74113254511512,15.517945544554456,813.0,0.6686746987951807,0.761723700887199,0.6549586776859504,False,0.2401628222523744,1627778
