index,year,ortg,drtg,AtRimFGM,AtRimFGA,AtRimAssists,Turnovers,FTA,OffPoss,DefPoss,TwoPtAssists,Steals,BadPassSteals,ThreePtAssists,FG3A,OpponentPoints,Points,SecondChancePoints,FG2A,LiveBallTurnovers,TsPct,Fg3Pct,AtRimFG3AFrequency,Pace,AtRimFrequency,SecondsPerPossOff,SecondsPerPossDef,Minutes,DefAtRimReboundPct,DefFGReboundPct,AtRimAccuracy,player_on,OffFGReboundPct,nba_id
0,2017,106.664700678266,109.15204678362574,633.0,1060.0,309.0,560.0,802.0,3391.0,3420.0,436.0,222.0,141.0,304.0,1027.0,3733.0,3617.0,418.0,1876.0,317.0,0.5561555075593952,0.3398247322297955,0.7189114708921805,99.46090660176452,0.3651395108508439,13.970215275729872,14.98157894736842,1644.0,0.5806451612903226,0.7137767220902613,0.5971698113207548,True,0.2508059316569955,1627785
1,2017,103.18367346938776,112.54098360655738,806.0,1375.0,404.0,796.0,1218.0,4900.0,4880.0,574.0,371.0,248.0,442.0,1564.0,5492.0,5056.0,525.0,2520.0,463.0,0.5452380952380952,0.3375959079283887,0.7196376101860921,101.7204767063922,0.3366797257590597,13.924081632653062,14.389754098360656,2308.0,0.5949367088607594,0.7343957503320053,0.5861818181818181,False,0.2189586114819759,1627785
2,2018,98.67021276595744,102.710027100271,67.0,110.0,29.0,73.0,91.0,376.0,369.0,41.0,24.0,15.0,17.0,98.0,379.0,371.0,45.0,207.0,40.0,0.5409356725146199,0.2857142857142857,0.6819672131147541,99.51762523191096,0.360655737704918,14.138297872340424,14.80758807588076,180.0,0.5945945945945946,0.7722222222222223,0.6090909090909091,True,0.2529411764705882,1627785
3,2018,108.08367768595042,111.86943620178042,1273.0,2061.0,726.0,1169.0,1759.0,7744.0,7751.0,1021.0,488.0,333.0,862.0,2828.0,8671.0,8370.0,981.0,3983.0,590.0,0.5528094354624967,0.3582036775106082,0.7178094259286448,98.07436189337564,0.3025987373366612,15.04764979338843,14.31815249645207,3792.0,0.6098765432098765,0.7345881069285325,0.6176613294517225,False,0.2426194310252281,1627785
