index,year,ortg,drtg,AtRimFGM,AtRimFGA,AtRimAssists,Turnovers,FTA,OffPoss,DefPoss,TwoPtAssists,Steals,BadPassSteals,ThreePtAssists,FG3A,OpponentPoints,Points,SecondChancePoints,FG2A,LiveBallTurnovers,TsPct,Fg3Pct,AtRimFG3AFrequency,Pace,AtRimFrequency,SecondsPerPossOff,SecondsPerPossDef,Minutes,DefAtRimReboundPct,DefFGReboundPct,AtRimAccuracy,player_on,OffFGReboundPct,nba_id
0,2018,81.81818181818181,101.78571428571428,10.0,14.0,7.0,9.0,10.0,55.0,56.0,9.0,5.0,3.0,3.0,21.0,57.0,45.0,3.0,25.0,1.0,0.4411764705882353,0.238095238095238,0.7608695652173914,96.11545399879736,0.3043478260869565,15.78181818181818,14.196428571428571,28.0,0.75,0.7,0.7142857142857143,True,0.2592592592592592,1627772
1,2018,111.59162967660114,108.259099007381,1483.0,2401.0,713.0,1137.0,1975.0,7885.0,7858.0,1009.0,738.0,489.0,729.0,2470.0,8507.0,8799.0,1246.0,4705.0,629.0,0.5455904334828101,0.3546558704453441,0.6788850174216028,95.93824720584688,0.3346341463414634,14.42980342422321,15.591499109188089,3938.0,0.6035714285714285,0.737590630228667,0.6176593086214077,False,0.3089196965733717,1627772
2,2019,105.12820512820512,110.41666666666669,82.0,147.0,48.0,69.0,118.0,429.0,432.0,65.0,28.0,20.0,38.0,134.0,477.0,451.0,60.0,246.0,40.0,0.5184331797235023,0.3358208955223881,0.7394736842105263,101.22795558458525,0.3868421052631579,13.610722610722611,14.835648148148149,204.0,0.7142857142857143,0.7122641509433962,0.5578231292517006,True,0.320754716981132,1627772
3,2019,108.93077112589307,114.59692307692308,1592.0,2592.0,928.0,1327.0,1800.0,8118.0,8125.0,1174.0,647.0,431.0,841.0,2900.0,9311.0,8843.0,1098.0,4244.0,770.0,0.5566574027286508,0.3524137931034483,0.7687569988801791,103.48949726231956,0.3628219484882419,13.773762010347376,14.055027692307693,3767.0,0.6131301289566237,0.722484058774605,0.6141975308641975,False,0.2752413253326376,1627772
