index,year,ortg,drtg,AtRimFGM,AtRimFGA,AtRimAssists,Turnovers,FTA,OffPoss,DefPoss,TwoPtAssists,Steals,BadPassSteals,ThreePtAssists,FG3A,OpponentPoints,Points,SecondChancePoints,FG2A,LiveBallTurnovers,TsPct,Fg3Pct,AtRimFG3AFrequency,Pace,AtRimFrequency,SecondsPerPossOff,SecondsPerPossDef,Minutes,DefAtRimReboundPct,DefFGReboundPct,AtRimAccuracy,player_on,OffFGReboundPct,nba_id
0,2017,113.43719571567672,103.3203125,173.0,271.0,93.0,157.0,266.0,1027.0,1024.0,142.0,82.0,54.0,101.0,287.0,1058.0,1165.0,132.0,563.0,81.0,0.5997931747673216,0.4181184668989547,0.6564705882352941,94.41943734015344,0.3188235294117647,14.95520934761441,15.5478515625,521.0,0.56,0.7330677290836654,0.6383763837638377,True,0.2686915887850467,1627852
1,2017,108.2102056359482,106.20048750761732,1037.0,1585.0,565.0,1068.0,1561.0,6565.0,6564.0,961.0,453.0,313.0,539.0,1787.0,6971.0,7104.0,822.0,3840.0,533.0,0.5613200063461844,0.3738108561835478,0.5992535987204549,91.73990683229816,0.2816776257330727,14.868849961919269,16.524375380865326,3435.0,0.6977687626774848,0.8057035412096522,0.6542586750788644,False,0.2592087312414734,1627852
2,2018,36.36363636363637,125.0,3.0,4.0,2.0,2.0,4.0,22.0,20.0,2.0,2.0,2.0,,11.0,25.0,8.0,,6.0,1.0,0.2105263157894736,,0.8823529411764706,101.8181818181818,0.2352941176470588,14.954545454545457,13.25,10.0,,0.6666666666666666,0.75,True,0.1428571428571428,1627852
3,2018,111.70426065162908,105.87645658438792,1334.0,2115.0,791.0,1235.0,1682.0,7980.0,7981.0,1307.0,707.0,452.0,828.0,2508.0,8450.0,8914.0,1065.0,4582.0,636.0,0.5690916089299461,0.3783891547049441,0.6520451339915374,97.44448118847144,0.2983074753173483,14.654010025062655,14.901265505575742,3931.0,0.6596491228070176,0.7507928118393234,0.6307328605200946,False,0.2763015184381778,1627852
