index,year,ortg,drtg,AtRimFGM,AtRimFGA,AtRimAssists,Turnovers,FTA,OffPoss,DefPoss,TwoPtAssists,Steals,BadPassSteals,ThreePtAssists,FG3A,OpponentPoints,Points,SecondChancePoints,FG2A,LiveBallTurnovers,TsPct,Fg3Pct,AtRimFG3AFrequency,Pace,AtRimFrequency,SecondsPerPossOff,SecondsPerPossDef,Minutes,DefAtRimReboundPct,DefFGReboundPct,AtRimAccuracy,player_on,OffFGReboundPct,nba_id
0,2017,99.08256880733946,140.36697247706422,27.0,32.0,16.0,21.0,24.0,109.0,109.0,19.0,5.0,1.0,2.0,36.0,153.0,108.0,13.0,51.0,14.0,0.5515463917525774,0.1666666666666666,0.7816091954022989,101.3953488372093,0.367816091954023,14.220183486238533,14.18348623853211,52.0,0.375,0.6363636363636364,0.84375,True,0.2340425531914893,1627778
1,2017,115.36088834053054,109.32046045302636,1616.0,2507.0,962.0,1219.0,2153.0,8105.0,8079.0,1141.0,665.0,436.0,908.0,3270.0,8832.0,9350.0,1156.0,3795.0,683.0,0.5860377358490566,0.3593272171253822,0.8176928520877565,99.4816104907284,0.3548478414720453,13.798642813078349,15.153608119816807,3904.0,0.5838751625487646,0.7247220751720487,0.6445951336258476,False,0.2795381310418904,1627778
2,2018,82.05128205128206,102.56410256410255,4.0,5.0,3.0,7.0,4.0,39.0,39.0,3.0,1.0,1.0,1.0,16.0,40.0,32.0,5.0,18.0,3.0,0.4571428571428571,0.25,0.6176470588235294,86.80061823802164,0.1470588235294117,16.333333333333332,16.846153846153847,22.0,0.2,0.6818181818181818,0.8,True,0.1818181818181818,1627778
3,2018,115.57150050352467,107.11307643714466,1414.0,2195.0,786.0,1129.0,2057.0,7944.0,7915.0,898.0,697.0,460.0,865.0,3454.0,8478.0,9181.0,942.0,3418.0,606.0,0.5909796816358225,0.362478286045165,0.8220314318975553,96.86282161125862,0.3194121071012805,14.657603222557904,15.075931775110549,3929.0,0.6670644391408115,0.7573449401523396,0.6441913439635535,False,0.2457791309161361,1627778
