index,year,ortg,drtg,AtRimFGM,AtRimFGA,AtRimAssists,Turnovers,FTA,OffPoss,DefPoss,TwoPtAssists,Steals,BadPassSteals,ThreePtAssists,FG3A,OpponentPoints,Points,SecondChancePoints,FG2A,LiveBallTurnovers,TsPct,Fg3Pct,AtRimFG3AFrequency,Pace,AtRimFrequency,SecondsPerPossOff,SecondsPerPossDef,Minutes,DefAtRimReboundPct,DefFGReboundPct,AtRimAccuracy,player_on,OffFGReboundPct,nba_id
0,2017,103.4375,104.02476780185758,38.0,65.0,25.0,48.0,70.0,320.0,323.0,47.0,20.0,11.0,30.0,114.0,336.0,331.0,53.0,172.0,21.0,0.5237341772151899,0.3421052631578947,0.6258741258741258,94.549167772899,0.2272727272727272,15.290625,15.170278637770895,163.0,0.6,0.6907894736842105,0.5846153846153846,True,0.2962962962962963,1627773
1,2017,105.91634562465605,109.1346815242812,900.0,1446.0,483.0,924.0,1446.0,7268.0,7269.0,944.0,594.0,338.0,684.0,2359.0,7933.0,7698.0,755.0,4105.0,514.0,0.539438408353323,0.3556591776176346,0.588644801980198,91.9873268092474,0.2237004950495049,16.441111722619702,14.86765717430183,3793.0,0.6043046357615894,0.7418952618453866,0.6224066390041494,False,0.1999433588218634,1627773
