index,year,ortg,drtg,AtRimFGM,AtRimFGA,AtRimAssists,Turnovers,FTA,OffPoss,DefPoss,TwoPtAssists,Steals,BadPassSteals,ThreePtAssists,FG3A,OpponentPoints,Points,SecondChancePoints,FG2A,LiveBallTurnovers,TsPct,Fg3Pct,AtRimFG3AFrequency,Pace,AtRimFrequency,SecondsPerPossOff,SecondsPerPossDef,Minutes,DefAtRimReboundPct,DefFGReboundPct,AtRimAccuracy,player_on,OffFGReboundPct,nba_id
0,2017,75.0,81.81818181818181,,,,2.0,4.0,12.0,11.0,,,,1.0,4.0,9.0,9.0,,3.0,1.0,0.5,0.25,0.5714285714285714,108.23529411764709,,16.583333333333332,9.727272727272728,5.0,1.0,1.0,,True,0.25,1627849
1,2017,112.21864951768488,111.68,226.0,376.0,142.0,188.0,340.0,1244.0,1250.0,210.0,91.0,57.0,114.0,390.0,1396.0,1396.0,176.0,689.0,102.0,0.5663680781758957,0.3666666666666666,0.7099165894346617,95.93845167494791,0.3484708063021316,14.957395498392282,15.0616,624.0,0.6712328767123288,0.6974789915966386,0.601063829787234,False,0.2847222222222222,1627849
