index,year,ortg,drtg,AtRimFGM,AtRimFGA,AtRimAssists,Turnovers,FTA,OffPoss,DefPoss,TwoPtAssists,Steals,BadPassSteals,ThreePtAssists,FG3A,OpponentPoints,Points,SecondChancePoints,FG2A,LiveBallTurnovers,TsPct,Fg3Pct,AtRimFG3AFrequency,Pace,AtRimFrequency,SecondsPerPossOff,SecondsPerPossDef,Minutes,DefAtRimReboundPct,DefFGReboundPct,AtRimAccuracy,player_on,OffFGReboundPct,nba_id
0,2018,126.5625,100.0,10.0,17.0,5.0,10.0,10.0,64.0,66.0,9.0,4.0,2.0,11.0,21.0,66.0,81.0,4.0,33.0,6.0,0.6864406779661016,0.5714285714285714,0.7037037037037037,96.89440993788818,0.3148148148148148,14.59375,15.12121212121212,32.0,0.75,0.76,0.5882352941176471,True,0.25,1627856
1,2018,108.16802800466743,105.4127725856698,1281.0,2005.0,665.0,1067.0,1705.0,7713.0,7704.0,1235.0,625.0,391.0,613.0,1956.0,8121.0,8343.0,1094.0,4988.0,615.0,0.5411511915614012,0.3496932515337423,0.5704205069124424,94.53932239766978,0.2887384792626728,15.695708544016597,14.76726375908619,3914.0,0.636144578313253,0.7508187772925764,0.6389027431421447,False,0.2712232167073501,1627856
