index,year,ortg,drtg,AtRimFGM,AtRimFGA,AtRimAssists,Turnovers,FTA,OffPoss,DefPoss,TwoPtAssists,Steals,BadPassSteals,ThreePtAssists,FG3A,OpponentPoints,Points,SecondChancePoints,FG2A,LiveBallTurnovers,TsPct,Fg3Pct,AtRimFG3AFrequency,Pace,AtRimFrequency,SecondsPerPossOff,SecondsPerPossDef,Minutes,DefAtRimReboundPct,DefFGReboundPct,AtRimAccuracy,player_on,OffFGReboundPct,nba_id
0,2017,121.7391304347826,95.65217391304348,3.0,4.0,1.0,3.0,14.0,23.0,23.0,1.0,,,2.0,7.0,22.0,28.0,2.0,8.0,2.0,0.6666666666666666,0.4285714285714285,0.7333333333333333,96.98389458272328,0.2666666666666666,14.434782608695652,15.26086956521739,11.0,0.7,0.5333333333333333,0.75,True,0.5,1627738
1,2017,121.4574898785425,111.87122736418512,72.0,117.0,22.0,65.0,135.0,494.0,497.0,41.0,31.0,17.0,54.0,137.0,556.0,600.0,78.0,311.0,29.0,0.5942460317460317,0.4087591240875912,0.5669642857142857,84.45522873882938,0.2611607142857143,17.032388663967613,17.06841046277666,282.0,0.6607142857142857,0.7844827586206896,0.6153846153846154,False,0.2920353982300885,1627738
