index,year,ortg,drtg,AtRimFGM,AtRimFGA,AtRimAssists,Turnovers,FTA,OffPoss,DefPoss,TwoPtAssists,Steals,BadPassSteals,ThreePtAssists,FG3A,OpponentPoints,Points,SecondChancePoints,FG2A,LiveBallTurnovers,TsPct,Fg3Pct,AtRimFG3AFrequency,Pace,AtRimFrequency,SecondsPerPossOff,SecondsPerPossDef,Minutes,DefAtRimReboundPct,DefFGReboundPct,AtRimAccuracy,player_on,OffFGReboundPct,nba_id
0,2017,107.99019607843135,107.9256360078278,392.0,671.0,222.0,338.0,436.0,2040.0,2044.0,338.0,173.0,118.0,149.0,581.0,2206.0,2203.0,341.0,1287.0,178.0,0.5338364167478091,0.3235800344234079,0.6702355460385439,96.45345404447944,0.3592077087794432,14.925980392156864,14.932974559686889,1016.0,0.5918367346938775,0.7028985507246377,0.5842026825633383,True,0.3247269116186693,1627851
1,2017,108.1729950621488,113.22778345250256,910.0,1604.0,423.0,802.0,1294.0,5873.0,5874.0,853.0,408.0,267.0,446.0,1441.0,6651.0,6353.0,883.0,3946.0,437.0,0.5314967243406685,0.3580846634281748,0.5652496751438648,95.4135643698389,0.2977538518656024,15.285714285714286,14.898706162751106,2955.0,0.5621827411167513,0.7055516514406184,0.5673316708229427,False,0.2862045298558682,1627851
2,2018,,,,2.0,,1.0,,4.0,3.0,,,,,,,,,3.0,1.0,,,0.6666666666666666,90.8108108108108,0.6666666666666666,13.5,19.0,2.0,,1.0,,True,,1627851
3,2018,107.69424189087252,111.0999623730089,1381.0,2200.0,764.0,1204.0,1557.0,7954.0,7973.0,1327.0,553.0,358.0,585.0,1914.0,8858.0,8566.0,1106.0,5276.0,668.0,0.5432680071264953,0.351619644723093,0.5721835883171071,96.4262199967206,0.3059805285118219,15.175006286145337,14.692963752665245,3964.0,0.6167800453514739,0.73471557682084,0.6277272727272727,False,0.2781615302869288,1627851
