index,year,ortg,drtg,AtRimFGM,AtRimFGA,AtRimAssists,Turnovers,FTA,OffPoss,DefPoss,TwoPtAssists,Steals,BadPassSteals,ThreePtAssists,FG3A,OpponentPoints,Points,SecondChancePoints,FG2A,LiveBallTurnovers,TsPct,Fg3Pct,AtRimFG3AFrequency,Pace,AtRimFrequency,SecondsPerPossOff,SecondsPerPossDef,Minutes,DefAtRimReboundPct,DefFGReboundPct,AtRimAccuracy,player_on,OffFGReboundPct,nba_id
0,2022,96.42857142857144,135.71428571428572,6.0,7.0,5.0,7.0,6.0,28.0,28.0,7.0,2.0,1.0,1.0,4.0,38.0,27.0,,13.0,2.0,0.675,0.25,0.6470588235294118,104.59143968871597,0.4117647058823529,14.285714285714286,13.25,13.0,0.3333333333333333,0.625,0.8571428571428571,True,,1627760
1,2022,115.03693501940654,116.38524077548468,1437.0,2173.0,808.0,1038.0,1628.0,7987.0,7995.0,1205.0,574.0,402.0,872.0,2884.0,9305.0,9188.0,1049.0,4393.0,585.0,0.5747833731005902,0.3640776699029126,0.6949292290779168,97.64596565813424,0.2986120654115707,14.720796293977711,14.773483427141963,3928.0,0.5971830985915493,0.7371216144450345,0.6612977450529223,False,0.2591017804942864,1627760
