index,year,ortg,drtg,AtRimFGM,AtRimFGA,AtRimAssists,Turnovers,FTA,OffPoss,DefPoss,TwoPtAssists,Steals,BadPassSteals,ThreePtAssists,FG3A,OpponentPoints,Points,SecondChancePoints,FG2A,LiveBallTurnovers,TsPct,Fg3Pct,AtRimFG3AFrequency,Pace,AtRimFrequency,SecondsPerPossOff,SecondsPerPossDef,Minutes,DefAtRimReboundPct,DefFGReboundPct,AtRimAccuracy,player_on,OffFGReboundPct,nba_id
0,2018,100.0,184.21052631578948,4.0,10.0,3.0,4.0,2.0,20.0,19.0,4.0,,,2.0,4.0,35.0,20.0,5.0,16.0,4.0,0.4761904761904761,0.5,0.7,100.8258527827648,0.5,16.95,11.473684210526317,9.0,,1.0,0.4,True,0.3636363636363636,1628500
1,2018,110.18116866547588,108.5204081632653,1402.0,2248.0,670.0,1085.0,1571.0,7838.0,7840.0,1208.0,719.0,445.0,605.0,2006.0,8508.0,8636.0,982.0,5056.0,575.0,0.5556991470664254,0.3683948155533399,0.6023789294817332,95.45891595455448,0.3183234211271594,15.036233733095177,15.133801020408164,3942.0,0.6016042780748663,0.7292528260270196,0.6236654804270463,False,0.2641405820977485,1628500
