index,year,ortg,drtg,AtRimFGM,AtRimFGA,AtRimAssists,Turnovers,FTA,OffPoss,DefPoss,TwoPtAssists,Steals,BadPassSteals,ThreePtAssists,FG3A,OpponentPoints,Points,SecondChancePoints,FG2A,LiveBallTurnovers,TsPct,Fg3Pct,AtRimFG3AFrequency,Pace,AtRimFrequency,SecondsPerPossOff,SecondsPerPossDef,Minutes,DefAtRimReboundPct,DefFGReboundPct,AtRimAccuracy,player_on,OffFGReboundPct,nba_id
0,2018,75.0,225.0,,1.0,,,2.0,4.0,4.0,,,,,,9.0,3.0,,4.0,,0.3,,0.25,88.61538461538463,0.25,22.25,10.25,2.0,,,,True,0.3333333333333333,1628399
1,2018,113.1509599698833,111.30587204206836,1484.0,2332.0,853.0,1222.0,1828.0,7969.0,7987.0,1262.0,627.0,378.0,797.0,2536.0,8890.0,9017.0,1162.0,4562.0,654.0,0.5706128663875143,0.3706624605678233,0.6858269935193012,96.36639684603448,0.3285432516201746,14.984690676370937,14.901339676975084,3974.0,0.6210392902408112,0.7388080197747872,0.6363636363636364,False,0.2939732751568039,1628399
2,2019,99.02439024390245,108.62944162436548,34.0,55.0,20.0,21.0,39.0,205.0,197.0,30.0,14.0,11.0,24.0,76.0,214.0,203.0,22.0,108.0,7.0,0.5024875621890548,0.3157894736842105,0.7119565217391305,103.18716577540108,0.2989130434782608,14.804878048780488,13.071065989847716,94.0,0.5833333333333334,0.76,0.6181818181818182,True,0.2735849056603773,1628399
3,2019,113.7581741248878,109.54702938534582,1468.0,2311.0,903.0,1080.0,1675.0,7799.0,7793.0,1418.0,620.0,401.0,773.0,2495.0,8537.0,8872.0,1257.0,4705.0,603.0,0.5576170642433421,0.3523046092184368,0.6675,97.1338092147956,0.3209722222222222,14.886267470188486,14.76350571025279,3852.0,0.6529209621993127,0.7493224932249323,0.6352228472522717,False,0.301388147357181,1628399
