index,year,ortg,drtg,AtRimFGM,AtRimFGA,AtRimAssists,Turnovers,FTA,OffPoss,DefPoss,TwoPtAssists,Steals,BadPassSteals,ThreePtAssists,FG3A,OpponentPoints,Points,SecondChancePoints,FG2A,LiveBallTurnovers,TsPct,Fg3Pct,AtRimFG3AFrequency,Pace,AtRimFrequency,SecondsPerPossOff,SecondsPerPossDef,Minutes,DefAtRimReboundPct,DefFGReboundPct,AtRimAccuracy,player_on,OffFGReboundPct,nba_id
0,2020,112.24489795918367,113.646288209607,164.0,234.0,81.0,156.0,232.0,931.0,916.0,130.0,60.0,36.0,82.0,286.0,1041.0,1045.0,122.0,493.0,77.0,0.5966819221967964,0.3531468531468531,0.6675224646983312,101.46415900507382,0.300385109114249,14.43716433941998,13.943231441048034,437.0,0.56,0.7242152466367713,0.7008547008547008,True,0.268733850129199,1628394
1,2020,116.56603189348196,111.08195709214384,1209.0,1828.0,656.0,1007.0,1658.0,6459.0,6479.0,962.0,481.0,305.0,640.0,2100.0,7197.0,7529.0,918.0,3484.0,497.0,0.5953137410643368,0.3785714285714285,0.7034383954154728,102.34016490247024,0.3273638968481375,14.227124941941478,13.914801666923909,3034.0,0.6434231378763867,0.7497530457688508,0.6613785557986871,False,0.2890708437166251,1628394
2,2021,161.53846153846155,57.142857142857146,4.0,4.0,1.0,2.0,2.0,13.0,14.0,2.0,2.0,1.0,1.0,6.0,8.0,21.0,2.0,7.0,1.0,0.8076923076923077,0.3333333333333333,0.7692307692307693,102.58575197889182,0.3076923076923077,10.692307692307692,17.142857142857142,6.0,,0.7142857142857143,1.0,True,0.5,1628394
3,2021,113.54416866826794,111.9861185264282,967.0,1466.0,501.0,1053.0,1826.0,7494.0,7492.0,1023.0,585.0,380.0,736.0,2419.0,8390.0,8509.0,990.0,4162.0,527.0,0.5746197718631179,0.3695742042166184,0.5903358152256496,103.5098642082492,0.2227624981005926,14.290365625834,13.532968499733048,3475.0,0.6626297577854672,0.7555621477306437,0.6596180081855388,False,0.2599531615925058,1628394
