index,year,ortg,drtg,AtRimFGM,AtRimFGA,AtRimAssists,Turnovers,FTA,OffPoss,DefPoss,TwoPtAssists,Steals,BadPassSteals,ThreePtAssists,FG3A,OpponentPoints,Points,SecondChancePoints,FG2A,LiveBallTurnovers,TsPct,Fg3Pct,AtRimFG3AFrequency,Pace,AtRimFrequency,SecondsPerPossOff,SecondsPerPossDef,Minutes,DefAtRimReboundPct,DefFGReboundPct,AtRimAccuracy,player_on,OffFGReboundPct,nba_id
0,2018,110.63829787234044,112.5,5.0,12.0,4.0,5.0,23.0,47.0,48.0,4.0,,,5.0,11.0,54.0,52.0,1.0,26.0,2.0,0.5416666666666666,0.4545454545454545,0.6216216216216216,99.4186046511628,0.3243243243243243,14.25531914893617,14.708333333333334,23.0,0.6666666666666666,0.6785714285714286,0.4166666666666667,True,0.3,1628365
1,2018,106.4034151547492,110.23454157782515,148.0,245.0,87.0,133.0,244.0,937.0,938.0,119.0,80.0,47.0,94.0,288.0,1034.0,997.0,96.0,507.0,76.0,0.5496688741721855,0.3784722222222222,0.670440251572327,97.38854422161305,0.3081761006289308,15.266808964781216,14.305970149253731,462.0,0.5652173913043478,0.676923076923077,0.6040816326530613,False,0.2273781902552204,1628365
2,2020,117.5,98.73817034700316,56.0,83.0,34.0,53.0,72.0,320.0,317.0,45.0,24.0,14.0,45.0,125.0,313.0,376.0,45.0,144.0,24.0,0.6245847176079734,0.44,0.7732342007434945,104.18900499772832,0.3085501858736059,13.184375,14.46372239747634,147.0,0.6521739130434783,0.845679012345679,0.6746987951807228,True,0.2406015037593984,1628365
3,2020,104.06091370558376,109.35960591133004,36.0,51.0,17.0,30.0,37.0,197.0,203.0,27.0,11.0,9.0,20.0,81.0,222.0,205.0,22.0,90.0,10.0,0.5510752688172043,0.2962962962962963,0.7719298245614035,102.93066476054324,0.2982456140350877,13.609137055837564,14.35960591133005,93.0,0.6363636363636364,0.8131868131868132,0.7058823529411765,False,0.1868131868131868,1628365
4,2024,93.1372549019608,110.44776119402984,31.0,53.0,19.0,31.0,40.0,204.0,201.0,29.0,14.0,7.0,10.0,70.0,222.0,190.0,16.0,105.0,18.0,0.4947643979057591,0.2857142857142857,0.7028571428571428,92.07451847173982,0.3028571428571429,15.088235294117649,16.199004975124378,106.0,0.4444444444444444,0.660377358490566,0.5849056603773585,True,0.1752577319587628,1628365
5,2024,104.56521739130434,103.8961038961039,90.0,137.0,55.0,72.0,106.0,460.0,462.0,78.0,43.0,22.0,27.0,139.0,480.0,481.0,50.0,254.0,38.0,0.5441176470588235,0.2877697841726618,0.7022900763358778,96.0277737595834,0.3486005089058524,14.841304347826089,15.14935064935065,230.0,0.5409836065573771,0.7081545064377682,0.656934306569343,False,0.2523809523809524,1628365
