index,year,ortg,drtg,AtRimFGM,AtRimFGA,AtRimAssists,Turnovers,FTA,OffPoss,DefPoss,TwoPtAssists,Steals,BadPassSteals,ThreePtAssists,FG3A,OpponentPoints,Points,SecondChancePoints,FG2A,LiveBallTurnovers,TsPct,Fg3Pct,AtRimFG3AFrequency,Pace,AtRimFrequency,SecondsPerPossOff,SecondsPerPossDef,Minutes,DefAtRimReboundPct,DefFGReboundPct,AtRimAccuracy,player_on,OffFGReboundPct,nba_id
0,2018,107.6923076923077,91.66666666666669,15.0,25.0,6.0,18.0,30.0,130.0,132.0,11.0,11.0,5.0,15.0,48.0,121.0,140.0,10.0,60.0,14.0,0.5791666666666667,0.3958333333333333,0.6759259259259259,98.81613410162387,0.2314814814814814,13.984615384615385,15.151515151515152,64.0,0.6666666666666666,0.7894736842105263,0.6,True,0.135593220338983,1628492
1,2018,106.72703751617075,110.50856253243384,1169.0,1877.0,626.0,988.0,1500.0,7730.0,7708.0,1050.0,567.0,324.0,782.0,2640.0,8518.0,8250.0,851.0,4294.0,580.0,0.5414084135566398,0.359090909090909,0.6514277473319873,95.06726764225417,0.2706951254687049,15.681888745148772,14.610923715620135,3897.0,0.6661184210526315,0.7543311559216132,0.6228023441662227,False,0.2126528442317916,1628492
