index,year,ortg,drtg,AtRimFGM,AtRimFGA,AtRimAssists,Turnovers,FTA,OffPoss,DefPoss,TwoPtAssists,Steals,BadPassSteals,ThreePtAssists,FG3A,OpponentPoints,Points,SecondChancePoints,FG2A,LiveBallTurnovers,TsPct,Fg3Pct,AtRimFG3AFrequency,Pace,AtRimFrequency,SecondsPerPossOff,SecondsPerPossDef,Minutes,DefAtRimReboundPct,DefFGReboundPct,AtRimAccuracy,player_on,OffFGReboundPct,nba_id
0,2019,125.0,100.0,7.0,10.0,4.0,3.0,9.0,32.0,32.0,5.0,2.0,2.0,3.0,10.0,32.0,40.0,8.0,18.0,2.0,0.625,0.4,0.7142857142857143,98.25159914712154,0.3571428571428571,15.125,14.1875,16.0,1.0,0.75,0.7,True,0.3571428571428571,1628505
1,2019,109.25417809927664,108.72550243415304,1329.0,2077.0,722.0,1079.0,1566.0,8018.0,8011.0,1310.0,541.0,375.0,777.0,2623.0,8710.0,8760.0,1007.0,4656.0,573.0,0.5499433177982114,0.3556995806328631,0.6456930897101251,97.62949302518378,0.2853413930484956,15.055624844100771,14.44339033828486,3940.0,0.6516443361753959,0.767270816916207,0.6398651901781416,False,0.2517303255575494,1628505
