index,year,ortg,drtg,AtRimFGM,AtRimFGA,AtRimAssists,Turnovers,FTA,OffPoss,DefPoss,TwoPtAssists,Steals,BadPassSteals,ThreePtAssists,FG3A,OpponentPoints,Points,SecondChancePoints,FG2A,LiveBallTurnovers,TsPct,Fg3Pct,AtRimFG3AFrequency,Pace,AtRimFrequency,SecondsPerPossOff,SecondsPerPossDef,Minutes,DefAtRimReboundPct,DefFGReboundPct,AtRimAccuracy,player_on,OffFGReboundPct,nba_id
0,2018,110.08403361344538,103.38983050847456,49.0,76.0,29.0,40.0,70.0,238.0,236.0,42.0,16.0,11.0,19.0,63.0,244.0,262.0,27.0,130.0,26.0,0.5822222222222222,0.365079365079365,0.7202072538860104,99.32479627473806,0.3937823834196891,14.504201680672267,14.491525423728811,115.0,0.6666666666666666,0.7631578947368421,0.6447368421052632,True,0.3645833333333333,1628444
1,2018,108.20680628272252,104.67644747183652,1177.0,1984.0,603.0,1105.0,1627.0,7640.0,7634.0,1037.0,588.0,383.0,744.0,2429.0,7991.0,8267.0,969.0,4353.0,568.0,0.5497329773030708,0.3771099217785096,0.6506930109112357,95.30200876995336,0.2925390740194633,15.2532722513089,14.966334817919831,3846.0,0.6444981862152358,0.7450134770889488,0.5932459677419355,False,0.2488340192043895,1628444
