index,year,ortg,drtg,AtRimFGM,AtRimFGA,AtRimAssists,Turnovers,FTA,OffPoss,DefPoss,TwoPtAssists,Steals,BadPassSteals,ThreePtAssists,FG3A,OpponentPoints,Points,SecondChancePoints,FG2A,LiveBallTurnovers,TsPct,Fg3Pct,AtRimFG3AFrequency,Pace,AtRimFrequency,SecondsPerPossOff,SecondsPerPossDef,Minutes,DefAtRimReboundPct,DefFGReboundPct,AtRimAccuracy,player_on,OffFGReboundPct,nba_id
0,2024,116.07142857142856,117.36242884250474,159.0,238.0,88.0,151.0,287.0,1064.0,1054.0,163.0,85.0,57.0,117.0,350.0,1237.0,1235.0,128.0,569.0,63.0,0.5894736842105263,0.3914285714285714,0.6398258977149075,99.45607513206808,0.2589771490750816,14.632518796992482,14.323529411764708,511.0,0.696969696969697,0.7390396659707724,0.6680672268907563,True,0.2863340563991323,1628426
1,2024,115.74925711051364,117.13119369369367,1088.0,1632.0,642.0,988.0,1605.0,7067.0,7104.0,1134.0,521.0,302.0,794.0,2425.0,8321.0,8180.0,764.0,3770.0,562.0,0.5924498108815828,0.3863917525773196,0.6548829701372074,98.2987947628544,0.2634382566585956,15.126078958539692,14.17483108108108,3460.0,0.6335877862595419,0.7190504807692307,0.6666666666666666,False,0.2427307206068268,1628426
