index,year,ortg,drtg,AtRimFGM,AtRimFGA,AtRimAssists,Turnovers,FTA,OffPoss,DefPoss,TwoPtAssists,Steals,BadPassSteals,ThreePtAssists,FG3A,OpponentPoints,Points,SecondChancePoints,FG2A,LiveBallTurnovers,TsPct,Fg3Pct,AtRimFG3AFrequency,Pace,AtRimFrequency,SecondsPerPossOff,SecondsPerPossDef,Minutes,DefAtRimReboundPct,DefFGReboundPct,AtRimAccuracy,player_on,OffFGReboundPct,nba_id
0,2019,110.37037037037037,100.0,20.0,42.0,14.0,13.0,21.0,135.0,133.0,21.0,10.0,8.0,13.0,55.0,133.0,149.0,13.0,71.0,3.0,0.5477941176470589,0.4,0.7698412698412699,101.3977929584866,0.3333333333333333,14.437037037037037,13.962406015037594,63.0,0.75,0.8620689655172413,0.4761904761904761,True,0.2205882352941176,1628656
1,2019,114.46203715247476,105.30123487588874,1638.0,2608.0,936.0,1071.0,1927.0,8021.0,8017.0,1275.0,597.0,378.0,789.0,2618.0,8442.0,9181.0,1146.0,4608.0,554.0,0.5694911036456389,0.3617265087853323,0.7232216994187656,98.88385555374774,0.3609189039579297,14.38449071188131,14.740676063365347,3893.0,0.6567754698318496,0.7395465994962217,0.6280674846625767,False,0.2773489486292254,1628656
