index,year,ortg,drtg,AtRimFGM,AtRimFGA,AtRimAssists,Turnovers,FTA,OffPoss,DefPoss,TwoPtAssists,Steals,BadPassSteals,ThreePtAssists,FG3A,OpponentPoints,Points,SecondChancePoints,FG2A,LiveBallTurnovers,TsPct,Fg3Pct,AtRimFG3AFrequency,Pace,AtRimFrequency,SecondsPerPossOff,SecondsPerPossDef,Minutes,DefAtRimReboundPct,DefFGReboundPct,AtRimAccuracy,player_on,OffFGReboundPct,nba_id
0,2020,140.0,126.3157894736842,1.0,2.0,,3.0,11.0,20.0,19.0,1.0,,,1.0,6.0,24.0,28.0,5.0,8.0,2.0,0.7368421052631579,0.6666666666666666,0.5714285714285714,107.79270633397311,0.1428571428571428,13.3,13.421052631578949,9.0,,0.7777777777777778,0.5,True,0.5,1628778
1,2020,105.50887021475256,109.5724907063197,151.0,231.0,90.0,165.0,249.0,1071.0,1076.0,134.0,68.0,40.0,123.0,437.0,1179.0,1130.0,96.0,494.0,76.0,0.5423484119345524,0.3318077803203661,0.7175080558539205,97.34815327938536,0.2481203007518796,14.973856209150329,14.611524163568774,529.0,0.6363636363636364,0.789980732177264,0.6536796536796536,False,0.2230769230769231,1628778
