index,year,ortg,drtg,AtRimFGM,AtRimFGA,AtRimAssists,Turnovers,FTA,OffPoss,DefPoss,TwoPtAssists,Steals,BadPassSteals,ThreePtAssists,FG3A,OpponentPoints,Points,SecondChancePoints,FG2A,LiveBallTurnovers,TsPct,Fg3Pct,AtRimFG3AFrequency,Pace,AtRimFrequency,SecondsPerPossOff,SecondsPerPossDef,Minutes,DefAtRimReboundPct,DefFGReboundPct,AtRimAccuracy,player_on,OffFGReboundPct,nba_id
0,2019,125.0,,,1.0,,1.0,2.0,4.0,3.0,,,,,1.0,,5.0,2.0,1.0,1.0,0.8333333333333334,1.0,1.0,105.0,0.5,8.0,21.33333333333333,2.0,,1.0,,True,1.0,1628410
1,2019,96.53333333333332,105.58510638297872,63.0,110.0,36.0,47.0,80.0,375.0,376.0,54.0,33.0,20.0,29.0,118.0,397.0,362.0,37.0,214.0,21.0,0.4931506849315068,0.3305084745762712,0.6867469879518072,94.66386554621847,0.3313253012048193,15.554666666666666,14.86968085106383,190.0,0.4864864864864865,0.7470588235294118,0.5727272727272728,False,0.1846153846153846,1628410
2,2020,89.02439024390245,97.53086419753086,11.0,16.0,9.0,17.0,16.0,82.0,81.0,12.0,7.0,4.0,5.0,22.0,79.0,73.0,,41.0,9.0,0.5140845070422535,0.3181818181818182,0.6031746031746031,96.5925925925926,0.2539682539682539,14.731707317073171,15.08641975308642,40.0,0.8,0.8205128205128205,0.6875,True,0.1142857142857142,1628410
3,2020,108.91089108910892,119.6078431372549,47.0,76.0,23.0,44.0,65.0,303.0,306.0,41.0,30.0,24.0,32.0,106.0,366.0,330.0,35.0,152.0,26.0,0.5749128919860628,0.3867924528301887,0.7054263565891473,96.47524752475248,0.2945736434108527,14.864686468646864,14.986928104575163,152.0,0.6206896551724138,0.6929133858267716,0.618421052631579,False,0.1985294117647058,1628410
4,2023,77.77777777777777,110.0,2.0,2.0,1.0,3.0,2.0,9.0,10.0,1.0,,,1.0,3.0,11.0,7.0,2.0,4.0,3.0,0.4375,0.3333333333333333,0.7142857142857143,102.47191011235957,0.2857142857142857,15.666666666666666,12.6,4.0,1.0,1.0,1.0,True,0.5,1628410
5,2023,104.91329479768788,116.76300578034682,44.0,71.0,28.0,46.0,71.0,346.0,346.0,51.0,21.0,9.0,36.0,135.0,404.0,363.0,20.0,167.0,31.0,0.5483383685800605,0.3259259259259259,0.6821192052980133,88.55238603039189,0.2350993377483443,15.04913294797688,17.473988439306357,188.0,0.5652173913043478,0.6353591160220995,0.6197183098591549,False,0.1616766467065868,1628410
