index,year,ortg,drtg,AtRimFGM,AtRimFGA,AtRimAssists,Turnovers,FTA,OffPoss,DefPoss,TwoPtAssists,Steals,BadPassSteals,ThreePtAssists,FG3A,OpponentPoints,Points,SecondChancePoints,FG2A,LiveBallTurnovers,TsPct,Fg3Pct,AtRimFG3AFrequency,Pace,AtRimFrequency,SecondsPerPossOff,SecondsPerPossDef,Minutes,DefAtRimReboundPct,DefFGReboundPct,AtRimAccuracy,player_on,OffFGReboundPct,nba_id
0,2019,103.06211723534558,105.08771929824562,198.0,332.0,108.0,144.0,248.0,1143.0,1140.0,154.0,77.0,56.0,94.0,378.0,1198.0,1178.0,122.0,657.0,68.0,0.5148861646234676,0.2883597883597883,0.6859903381642513,97.97699231090182,0.3207729468599034,14.595800524934385,14.799122807017543,559.0,0.6285714285714286,0.7703180212014135,0.5963855421686747,True,0.2413793103448276,1628515
1,2019,109.6231884057971,110.01447178002894,1210.0,1906.0,646.0,920.0,1469.0,6900.0,6910.0,1039.0,498.0,341.0,605.0,2097.0,7602.0,7564.0,776.0,4052.0,475.0,0.5558098331610808,0.357176919408679,0.6510001626280696,97.5751449908246,0.3099691006667751,14.416956521739133,15.098263386396528,3397.0,0.5956454121306376,0.7441027172290235,0.6348373557187827,False,0.231244211176289,1628515
