index,year,ortg,drtg,AtRimFGM,AtRimFGA,AtRimAssists,Turnovers,FTA,OffPoss,DefPoss,TwoPtAssists,Steals,BadPassSteals,ThreePtAssists,FG3A,OpponentPoints,Points,SecondChancePoints,FG2A,LiveBallTurnovers,TsPct,Fg3Pct,AtRimFG3AFrequency,Pace,AtRimFrequency,SecondsPerPossOff,SecondsPerPossDef,Minutes,DefAtRimReboundPct,DefFGReboundPct,AtRimAccuracy,player_on,OffFGReboundPct,nba_id
0,2019,77.77777777777777,100.0,2.0,3.0,1.0,3.0,1.0,27.0,25.0,4.0,1.0,1.0,2.0,7.0,25.0,21.0,,15.0,3.0,0.4772727272727273,0.2857142857142857,0.4545454545454545,106.36363636363636,0.1363636363636363,14.592592592592592,12.4,12.0,0.75,0.5263157894736842,0.6666666666666666,True,0.0909090909090909,1628414
1,2019,123.2597623089983,112.75510204081633,104.0,139.0,72.0,83.0,154.0,589.0,588.0,127.0,41.0,25.0,54.0,186.0,663.0,726.0,79.0,326.0,45.0,0.6258680555555556,0.4032258064516129,0.634765625,102.24903474903476,0.271484375,13.528013582342954,14.639455782312924,276.0,0.6481481481481481,0.7313432835820896,0.7482014388489209,False,0.2782258064516129,1628414
