index,year,ortg,drtg,AtRimFGM,AtRimFGA,AtRimAssists,Turnovers,FTA,OffPoss,DefPoss,TwoPtAssists,Steals,BadPassSteals,ThreePtAssists,FG3A,OpponentPoints,Points,SecondChancePoints,FG2A,LiveBallTurnovers,TsPct,Fg3Pct,AtRimFG3AFrequency,Pace,AtRimFrequency,SecondsPerPossOff,SecondsPerPossDef,Minutes,DefAtRimReboundPct,DefFGReboundPct,AtRimAccuracy,player_on,OffFGReboundPct,nba_id
0,2021,,33.333333333333336,,1.0,,1.0,,2.0,3.0,,,,,,1.0,,,1.0,,,,1.0,104.34782608695652,1.0,21.0,9.0,1.0,1.0,1.0,,True,,1628962
1,2021,122.865275142315,121.91650853889944,169.0,249.0,70.0,114.0,245.0,1054.0,1054.0,117.0,87.0,46.0,118.0,382.0,1285.0,1295.0,158.0,590.0,57.0,0.6011183597390494,0.3900523560209424,0.6491769547325102,96.02733225775836,0.2561728395061728,14.838709677419354,15.152751423149905,527.0,0.6891891891891891,0.7309322033898306,0.678714859437751,False,0.2601626016260163,1628962
