index,year,ortg,drtg,AtRimFGM,AtRimFGA,AtRimAssists,Turnovers,FTA,OffPoss,DefPoss,TwoPtAssists,Steals,BadPassSteals,ThreePtAssists,FG3A,OpponentPoints,Points,SecondChancePoints,FG2A,LiveBallTurnovers,TsPct,Fg3Pct,AtRimFG3AFrequency,Pace,AtRimFrequency,SecondsPerPossOff,SecondsPerPossDef,Minutes,DefAtRimReboundPct,DefFGReboundPct,AtRimAccuracy,player_on,OffFGReboundPct,nba_id
0,2023,100.0,63.63636363636363,,,,3.0,4.0,22.0,22.0,2.0,,,4.0,12.0,14.0,22.0,2.0,6.0,,0.55,0.3333333333333333,0.6666666666666666,103.8688524590164,,14.818181818181818,12.909090909090908,10.0,1.0,0.7857142857142857,,True,0.0909090909090909,1628964
1,2023,114.00128452151571,112.21864951768488,245.0,366.0,154.0,188.0,393.0,1557.0,1555.0,254.0,109.0,74.0,139.0,472.0,1745.0,1775.0,221.0,904.0,95.0,0.5694980694980695,0.3347457627118644,0.6090116279069767,97.9086738038016,0.2659883720930232,14.413615928066797,15.001929260450162,763.0,0.6343283582089553,0.7151664611590629,0.6693989071038251,False,0.2556497175141243,1628964
