index,year,ortg,drtg,AtRimFGM,AtRimFGA,AtRimAssists,Turnovers,FTA,OffPoss,DefPoss,TwoPtAssists,Steals,BadPassSteals,ThreePtAssists,FG3A,OpponentPoints,Points,SecondChancePoints,FG2A,LiveBallTurnovers,TsPct,Fg3Pct,AtRimFG3AFrequency,Pace,AtRimFrequency,SecondsPerPossOff,SecondsPerPossDef,Minutes,DefAtRimReboundPct,DefFGReboundPct,AtRimAccuracy,player_on,OffFGReboundPct,nba_id
0,2019,114.91935483870968,108.8,44.0,73.0,26.0,29.0,53.0,248.0,250.0,43.0,10.0,4.0,26.0,85.0,272.0,285.0,25.0,138.0,16.0,0.5888429752066116,0.3764705882352941,0.7085201793721974,99.29659374134587,0.3273542600896861,14.435483870967742,14.568,120.0,0.6363636363636364,0.671875,0.6027397260273972,True,0.2123893805309734,1628959
1,2019,113.9496648539269,105.44097178286728,1519.0,2377.0,813.0,1063.0,1752.0,7907.0,7903.0,1248.0,590.0,360.0,777.0,2624.0,8333.0,9010.0,1076.0,4469.0,587.0,0.5713739971985229,0.3650914634146341,0.705061328069928,98.28439202548805,0.3351191315381362,14.546351334260782,14.756421612046058,3861.0,0.6624203821656051,0.7695197209551918,0.6390408077408498,False,0.2633744855967078,1628959
