index,year,ortg,drtg,AtRimFGM,AtRimFGA,AtRimAssists,Turnovers,FTA,OffPoss,DefPoss,TwoPtAssists,Steals,BadPassSteals,ThreePtAssists,FG3A,OpponentPoints,Points,SecondChancePoints,FG2A,LiveBallTurnovers,TsPct,Fg3Pct,AtRimFG3AFrequency,Pace,AtRimFrequency,SecondsPerPossOff,SecondsPerPossDef,Minutes,DefAtRimReboundPct,DefFGReboundPct,AtRimAccuracy,player_on,OffFGReboundPct,nba_id
0,2021,28.571428571428573,137.5,,3.0,,3.0,2.0,7.0,8.0,,,,,1.0,11.0,2.0,,4.0,,0.2,,0.8,102.85714285714286,0.6,18.857142857142858,9.75,4.0,,1.0,,True,0.2,1628995
1,2021,111.87904967602591,102.81995661605208,61.0,90.0,39.0,51.0,94.0,463.0,461.0,55.0,24.0,11.0,48.0,177.0,474.0,518.0,41.0,242.0,29.0,0.5625,0.3615819209039548,0.6372315035799523,93.76744186046513,0.2147971360381861,14.965442764578832,15.750542299349242,236.0,0.5238095238095238,0.7182539682539683,0.6777777777777778,False,0.2070484581497797,1628995
2,2022,105.0,122.72727272727272,4.0,4.0,3.0,5.0,3.0,20.0,22.0,4.0,2.0,1.0,2.0,7.0,27.0,21.0,,7.0,3.0,0.65625,0.2857142857142857,0.7857142857142857,109.16967509025272,0.2857142857142857,12.9,13.454545454545457,9.0,,0.8888888888888888,1.0,True,,1628995
3,2022,117.41071428571428,103.1390134529148,74.0,113.0,42.0,61.0,103.0,448.0,446.0,68.0,45.0,26.0,53.0,185.0,460.0,526.0,83.0,229.0,26.0,0.5809312638580931,0.3459459459459459,0.7198067632850241,92.97703307814533,0.2729468599033816,15.667410714285714,15.307174887892376,231.0,0.7777777777777778,0.7475728155339806,0.6548672566371682,False,0.2910798122065727,1628995
