index,year,ortg,drtg,AtRimFGM,AtRimFGA,AtRimAssists,Turnovers,FTA,OffPoss,DefPoss,TwoPtAssists,Steals,BadPassSteals,ThreePtAssists,FG3A,OpponentPoints,Points,SecondChancePoints,FG2A,LiveBallTurnovers,TsPct,Fg3Pct,AtRimFG3AFrequency,Pace,AtRimFrequency,SecondsPerPossOff,SecondsPerPossDef,Minutes,DefAtRimReboundPct,DefFGReboundPct,AtRimAccuracy,player_on,OffFGReboundPct,nba_id
0,2023,163.63636363636363,100.0,13.0,15.0,10.0,4.0,7.0,44.0,43.0,11.0,4.0,4.0,9.0,22.0,43.0,72.0,4.0,20.0,1.0,0.8,0.5909090909090909,0.8809523809523809,100.46511627906976,0.3571428571428571,13.954545454545457,14.72093023255814,21.0,0.8,0.7619047619047619,0.8666666666666667,True,0.4,1628435
1,2023,118.85572139303484,115.31082596237698,1667.0,2545.0,960.0,1104.0,1970.0,8040.0,8027.0,1332.0,636.0,406.0,862.0,2695.0,9256.0,9556.0,1115.0,4439.0,552.0,0.5966044355343942,0.3769944341372913,0.7345107933837959,98.23865349258853,0.3567423605270535,14.381592039800996,14.935218637099789,3925.0,0.641439205955335,0.7405345211581291,0.6550098231827112,False,0.2824492099322799,1628435
