index,year,ortg,drtg,AtRimFGM,AtRimFGA,AtRimAssists,Turnovers,FTA,OffPoss,DefPoss,TwoPtAssists,Steals,BadPassSteals,ThreePtAssists,FG3A,OpponentPoints,Points,SecondChancePoints,FG2A,LiveBallTurnovers,TsPct,Fg3Pct,AtRimFG3AFrequency,Pace,AtRimFrequency,SecondsPerPossOff,SecondsPerPossDef,Minutes,DefAtRimReboundPct,DefFGReboundPct,AtRimAccuracy,player_on,OffFGReboundPct,nba_id
0,2020,112.99093655589124,115.06572295247724,160.0,250.0,79.0,148.0,295.0,993.0,989.0,119.0,65.0,43.0,100.0,317.0,1138.0,1122.0,113.0,507.0,80.0,0.5848167539267015,0.3817034700315457,0.6881067961165048,98.2674562732406,0.3033980582524271,14.801611278952668,14.50556117290192,484.0,0.6506024096385542,0.7416267942583732,0.64,True,0.2464788732394366,1628398
1,2020,106.46718146718146,118.59344894026977,164.0,268.0,88.0,156.0,237.0,1036.0,1038.0,133.0,81.0,55.0,105.0,366.0,1231.0,1103.0,115.0,519.0,89.0,0.5549949545913219,0.3469945355191257,0.7163841807909604,95.0044534928108,0.3028248587570621,14.907335907335908,15.406551059730251,524.0,0.532608695652174,0.6753246753246753,0.6119402985074627,False,0.2181069958847736,1628398
2,2021,106.87022900763358,101.92307692307692,40.0,64.0,26.0,37.0,61.0,262.0,260.0,39.0,21.0,15.0,24.0,80.0,265.0,280.0,25.0,139.0,15.0,0.5717213114754098,0.3625,0.6575342465753424,96.8160741885626,0.2922374429223744,14.419847328244275,15.330769230769231,129.0,0.5121951219512195,0.7410071942446043,0.625,True,0.1724137931034483,1628398
3,2021,114.28571428571428,107.02341137123746,48.0,68.0,29.0,38.0,63.0,301.0,299.0,46.0,22.0,15.0,37.0,115.0,320.0,344.0,40.0,157.0,25.0,0.5791245791245792,0.3565217391304348,0.6727941176470589,90.79445145018916,0.25,16.27906976744186,15.438127090301004,159.0,0.6774193548387096,0.7248322147651006,0.7058823529411765,False,0.2551724137931034,1628398
