index,year,ortg,drtg,AtRimFGM,AtRimFGA,AtRimAssists,Turnovers,FTA,OffPoss,DefPoss,TwoPtAssists,Steals,BadPassSteals,ThreePtAssists,FG3A,OpponentPoints,Points,SecondChancePoints,FG2A,LiveBallTurnovers,TsPct,Fg3Pct,AtRimFG3AFrequency,Pace,AtRimFrequency,SecondsPerPossOff,SecondsPerPossDef,Minutes,DefAtRimReboundPct,DefFGReboundPct,AtRimAccuracy,player_on,OffFGReboundPct,nba_id
0,2020,,,,,,,,1.0,,,,,,,,,,1.0,,,,,130.9090909090909,,11.0,,,,,,True,,1628993
1,2020,115.28497409326424,104.67532467532467,62.0,102.0,35.0,57.0,119.0,386.0,385.0,48.0,35.0,17.0,48.0,133.0,403.0,445.0,53.0,189.0,37.0,0.5917553191489362,0.3909774436090225,0.7298136645962733,96.46711269441307,0.3167701863354037,15.018134715025909,14.836363636363636,192.0,0.6470588235294118,0.8187134502923976,0.6078431372549019,False,0.2787878787878788,1628993
2,2021,82.0,103.92156862745098,9.0,13.0,5.0,10.0,12.0,50.0,51.0,5.0,4.0,2.0,2.0,15.0,53.0,41.0,5.0,20.0,6.0,0.5125,0.2,0.8,106.8626010286554,0.3714285714285714,13.34,13.607843137254902,23.0,0.5,0.5925925925925926,0.6923076923076923,True,0.0952380952380952,1628993
3,2021,111.58371040723982,117.48188405797102,174.0,274.0,77.0,145.0,258.0,1105.0,1104.0,134.0,74.0,48.0,90.0,404.0,1297.0,1233.0,168.0,628.0,79.0,0.5403863037752414,0.3267326732673267,0.6569767441860465,94.95686438401144,0.2655038759689923,14.636199095022624,15.693840579710145,558.0,0.6111111111111112,0.7821782178217822,0.635036496350365,False,0.2928571428571428,1628993
