index,year,ortg,drtg,AtRimFGM,AtRimFGA,AtRimAssists,Turnovers,FTA,OffPoss,DefPoss,TwoPtAssists,Steals,BadPassSteals,ThreePtAssists,FG3A,OpponentPoints,Points,SecondChancePoints,FG2A,LiveBallTurnovers,TsPct,Fg3Pct,AtRimFG3AFrequency,Pace,AtRimFrequency,SecondsPerPossOff,SecondsPerPossDef,Minutes,DefAtRimReboundPct,DefFGReboundPct,AtRimAccuracy,player_on,OffFGReboundPct,nba_id
0,2021,118.46153846153848,82.08955223880596,14.0,22.0,10.0,12.0,17.0,65.0,67.0,10.0,6.0,6.0,6.0,13.0,55.0,77.0,7.0,38.0,7.0,0.6637931034482759,0.6153846153846154,0.6862745098039216,108.18440523619806,0.4313725490196078,11.907692307692308,14.671641791044776,29.0,0.6666666666666666,0.6944444444444444,0.6363636363636364,True,0.2727272727272727,1628578
1,2021,112.85675082327111,113.2774955375532,1463.0,2341.0,850.0,960.0,1476.0,7288.0,7283.0,1181.0,605.0,402.0,776.0,2432.0,8250.0,8225.0,917.0,4084.0,528.0,0.5736569669837717,0.3622532894736842,0.7325046040515654,101.02039932018316,0.3592694904849601,13.824506037321624,14.684882603322809,3462.0,0.605586592178771,0.7112884160756501,0.624946604015378,False,0.2367638310529446,1628578
