index,year,ortg,drtg,AtRimFGM,AtRimFGA,AtRimAssists,Turnovers,FTA,OffPoss,DefPoss,TwoPtAssists,Steals,BadPassSteals,ThreePtAssists,FG3A,OpponentPoints,Points,SecondChancePoints,FG2A,LiveBallTurnovers,TsPct,Fg3Pct,AtRimFG3AFrequency,Pace,AtRimFrequency,SecondsPerPossOff,SecondsPerPossDef,Minutes,DefAtRimReboundPct,DefFGReboundPct,AtRimAccuracy,player_on,OffFGReboundPct,nba_id
0,2019,108.33333333333331,104.16666666666669,6.0,9.0,3.0,7.0,3.0,24.0,24.0,4.0,2.0,1.0,1.0,6.0,25.0,26.0,3.0,13.0,5.0,0.65,0.3333333333333333,0.7894736842105263,100.02894356005788,0.4736842105263157,14.416666666666666,14.375,12.0,1.0,0.9090909090909092,0.6666666666666666,True,0.5,1628249
1,2019,113.4786314379642,111.99318154145868,1576.0,2489.0,897.0,1201.0,1824.0,8213.0,8213.0,1267.0,537.0,332.0,873.0,2746.0,9198.0,9320.0,1213.0,4621.0,678.0,0.5694836256592666,0.3783685360524399,0.7106013302565495,99.99382791726028,0.3378580154744129,14.243881651041033,14.557896018507243,3942.0,0.5981735159817352,0.7151133501259446,0.6331860184813178,False,0.2870875552091452,1628249
2,2019,100.0,106.75675675675676,16.0,29.0,8.0,11.0,10.0,72.0,74.0,12.0,5.0,3.0,6.0,29.0,79.0,72.0,22.0,47.0,6.0,0.45,0.2068965517241379,0.7631578947368421,98.33489242282508,0.3815789473684211,16.15277777777778,13.175675675675675,36.0,0.5833333333333334,0.6428571428571429,0.5517241379310345,True,0.4347826086956521,1628249
3,2019,110.24249004705032,110.11222396524676,1462.0,2371.0,788.0,1092.0,1862.0,8289.0,8287.0,1264.0,633.0,409.0,662.0,2457.0,9125.0,9138.0,1165.0,5048.0,533.0,0.5472867284321983,0.3426943426943427,0.6433044636908728,100.45130501384553,0.3159227181878747,14.193026903124624,14.477615542415831,3960.0,0.6136842105263158,0.7251908396946565,0.6166174609869254,False,0.2705763906367984,1628249
