index,year,ortg,drtg,AtRimFGM,AtRimFGA,AtRimAssists,Turnovers,FTA,OffPoss,DefPoss,TwoPtAssists,Steals,BadPassSteals,ThreePtAssists,FG3A,OpponentPoints,Points,SecondChancePoints,FG2A,LiveBallTurnovers,TsPct,Fg3Pct,AtRimFG3AFrequency,Pace,AtRimFrequency,SecondsPerPossOff,SecondsPerPossDef,Minutes,DefAtRimReboundPct,DefFGReboundPct,AtRimAccuracy,player_on,OffFGReboundPct,nba_id
0,2020,107.6923076923077,125.0,2.0,5.0,2.0,8.0,11.0,39.0,40.0,6.0,3.0,3.0,4.0,14.0,50.0,42.0,3.0,17.0,3.0,0.5833333333333334,0.3571428571428571,0.6129032258064516,99.5275590551181,0.1612903225806451,15.76923076923077,13.2,19.0,0.75,0.75,0.4,True,0.2941176470588235,1628450
1,2020,112.66657315191472,110.27579448411032,1301.0,1924.0,735.0,1088.0,1741.0,7129.0,7143.0,1043.0,554.0,326.0,738.0,2492.0,7877.0,8032.0,854.0,3635.0,553.0,0.5821698662012799,0.3567415730337078,0.7207442467765628,98.65579861461138,0.3140199118655133,14.7123018656193,14.480330393392132,3472.0,0.6189759036144579,0.7521804511278195,0.6761954261954262,False,0.25229793977813,1628450
