index,year,ortg,drtg,AtRimFGM,AtRimFGA,AtRimAssists,Turnovers,FTA,OffPoss,DefPoss,TwoPtAssists,Steals,BadPassSteals,ThreePtAssists,FG3A,OpponentPoints,Points,SecondChancePoints,FG2A,LiveBallTurnovers,TsPct,Fg3Pct,AtRimFG3AFrequency,Pace,AtRimFrequency,SecondsPerPossOff,SecondsPerPossDef,Minutes,DefAtRimReboundPct,DefFGReboundPct,AtRimAccuracy,player_on,OffFGReboundPct,nba_id
0,2020,82.85714285714286,148.57142857142858,6.0,8.0,3.0,4.0,13.0,35.0,35.0,4.0,3.0,1.0,1.0,7.0,52.0,29.0,5.0,20.0,2.0,0.4242424242424242,0.1428571428571428,0.5555555555555556,105.88235294117646,0.2962962962962963,13.514285714285714,13.685714285714283,16.0,1.0,1.0,0.75,True,0.1666666666666666,1628382
1,2020,114.65076660988076,121.02564102564102,85.0,126.0,33.0,72.0,146.0,587.0,585.0,63.0,36.0,23.0,61.0,218.0,708.0,673.0,56.0,290.0,41.0,0.5887521968365553,0.3669724770642202,0.6771653543307087,101.49627134953091,0.2480314960629921,14.039182282793869,14.336752136752136,277.0,0.5681818181818182,0.7782101167315175,0.6746031746031746,False,0.19921875,1628382
2,2021,62.85714285714285,87.87878787878788,5.0,8.0,1.0,11.0,6.0,35.0,33.0,1.0,5.0,3.0,1.0,8.0,29.0,22.0,7.0,14.0,6.0,0.44,0.125,0.7272727272727273,110.51918735891648,0.3636363636363636,13.628571428571428,12.393939393939394,15.0,0.6666666666666666,0.6875,0.625,True,0.3571428571428571,1628382
3,2021,114.1625056740808,108.43920145190565,412.0,597.0,213.0,282.0,472.0,2203.0,2204.0,326.0,175.0,98.0,197.0,796.0,2390.0,2515.0,369.0,1277.0,163.0,0.5518909410729991,0.3228643216080402,0.6719729860106126,96.21978955029265,0.2879884225759768,14.4593735814798,15.471869328493648,1099.0,0.65,0.7796771130104464,0.6901172529313233,False,0.3011937557392103,1628382
