index,year,ortg,drtg,AtRimFGM,AtRimFGA,AtRimAssists,Turnovers,FTA,OffPoss,DefPoss,TwoPtAssists,Steals,BadPassSteals,ThreePtAssists,FG3A,OpponentPoints,Points,SecondChancePoints,FG2A,LiveBallTurnovers,TsPct,Fg3Pct,AtRimFG3AFrequency,Pace,AtRimFrequency,SecondsPerPossOff,SecondsPerPossDef,Minutes,DefAtRimReboundPct,DefFGReboundPct,AtRimAccuracy,player_on,OffFGReboundPct,nba_id
0,2020,100.0,96.29629629629628,21.0,32.0,13.0,16.0,17.0,107.0,108.0,17.0,6.0,3.0,9.0,34.0,104.0,107.0,20.0,61.0,9.0,0.5194174757281553,0.2647058823529412,0.6947368421052632,103.61445783132532,0.3368421052631579,14.710280373831775,13.092592592592592,50.0,0.6153846153846154,0.78,0.65625,True,0.2884615384615384,1628430
1,2020,113.0720823798627,110.6958762886598,1186.0,1809.0,663.0,1073.0,1624.0,6992.0,6984.0,852.0,432.0,317.0,737.0,2503.0,7731.0,7906.0,878.0,3532.0,557.0,0.5832345093388674,0.3811426288453855,0.7144987572493786,98.04279200280604,0.2997514498757249,14.989559496567503,14.385022909507446,3421.0,0.631184407796102,0.7577565632458234,0.6556108347153123,False,0.2535301668806162,1628430
