index,year,ortg,drtg,AtRimFGM,AtRimFGA,AtRimAssists,Turnovers,FTA,OffPoss,DefPoss,TwoPtAssists,Steals,BadPassSteals,ThreePtAssists,FG3A,OpponentPoints,Points,SecondChancePoints,FG2A,LiveBallTurnovers,TsPct,Fg3Pct,AtRimFG3AFrequency,Pace,AtRimFrequency,SecondsPerPossOff,SecondsPerPossDef,Minutes,DefAtRimReboundPct,DefFGReboundPct,AtRimAccuracy,player_on,OffFGReboundPct,nba_id
0,2023,116.21160409556316,112.41496598639456,88.0,121.0,58.0,79.0,152.0,586.0,588.0,93.0,51.0,24.0,58.0,233.0,661.0,681.0,97.0,289.0,43.0,0.5736040609137056,0.3390557939914163,0.6781609195402298,104.51038575667656,0.2318007662835249,14.916382252559726,12.644557823129253,270.0,0.6428571428571429,0.6712328767123288,0.7272727272727273,True,0.2934782608695652,1628368
1,2023,95.58823529411764,104.65116279069768,17.0,27.0,14.0,22.0,24.0,136.0,129.0,25.0,11.0,4.0,13.0,57.0,135.0,130.0,16.0,65.0,11.0,0.4887218045112781,0.2807017543859649,0.6885245901639344,95.78313253012048,0.221311475409836,15.0,15.069767441860463,66.0,0.5,0.5930232558139535,0.6296296296296297,False,0.2608695652173913,1628368
