index,year,ortg,drtg,AtRimFGM,AtRimFGA,AtRimAssists,Turnovers,FTA,OffPoss,DefPoss,TwoPtAssists,Steals,BadPassSteals,ThreePtAssists,FG3A,OpponentPoints,Points,SecondChancePoints,FG2A,LiveBallTurnovers,TsPct,Fg3Pct,AtRimFG3AFrequency,Pace,AtRimFrequency,SecondsPerPossOff,SecondsPerPossDef,Minutes,DefAtRimReboundPct,DefFGReboundPct,AtRimAccuracy,player_on,OffFGReboundPct,nba_id
0,2019,117.42738589211618,114.54918032786884,87.0,121.0,61.0,71.0,132.0,482.0,488.0,92.0,39.0,24.0,43.0,167.0,559.0,566.0,77.0,259.0,32.0,0.581275720164609,0.3652694610778443,0.676056338028169,99.0497801730251,0.284037558685446,13.761410788381744,15.30532786885246,235.0,0.5675675675675675,0.7215189873417721,0.71900826446281,True,0.3379629629629629,1628035
1,2019,115.49881235154396,111.71921475312314,279.0,390.0,198.0,258.0,403.0,1684.0,1681.0,330.0,124.0,76.0,160.0,553.0,1878.0,1945.0,240.0,916.0,140.0,0.5895795246800731,0.3743218806509946,0.641933287950987,97.1880139596454,0.2654867256637168,13.770190023752969,15.864961332540156,831.0,0.625,0.7204574332909784,0.7153846153846154,False,0.274798927613941,1628035
2,2021,84.0,80.76923076923077,2.0,5.0,1.0,3.0,5.0,25.0,26.0,1.0,1.0,1.0,1.0,8.0,21.0,21.0,5.0,15.0,1.0,0.4375,0.25,0.5652173913043478,105.21489971346703,0.217391304347826,13.12,14.23076923076923,12.0,,0.9285714285714286,0.4,True,0.1333333333333333,1628035
3,2021,105.61797752808988,112.29050279329608,105.0,175.0,57.0,80.0,142.0,534.0,537.0,70.0,39.0,28.0,44.0,189.0,603.0,564.0,80.0,286.0,42.0,0.5234082397003745,0.3015873015873015,0.7663157894736842,93.00687492461704,0.3684210526315789,15.49438202247191,15.471135940409685,276.0,0.7272727272727273,0.7732793522267206,0.6,False,0.2747252747252747,1628035
