index,year,ortg,drtg,AtRimFGM,AtRimFGA,AtRimAssists,Turnovers,FTA,OffPoss,DefPoss,TwoPtAssists,Steals,BadPassSteals,ThreePtAssists,FG3A,OpponentPoints,Points,SecondChancePoints,FG2A,LiveBallTurnovers,TsPct,Fg3Pct,AtRimFG3AFrequency,Pace,AtRimFrequency,SecondsPerPossOff,SecondsPerPossDef,Minutes,DefAtRimReboundPct,DefFGReboundPct,AtRimAccuracy,player_on,OffFGReboundPct,nba_id
0,2018,90.76923076923076,109.52380952380952,5.0,10.0,4.0,11.0,10.0,65.0,63.0,5.0,1.0,1.0,2.0,29.0,69.0,59.0,6.0,27.0,6.0,0.4916666666666666,0.2758620689655172,0.6964285714285714,89.04347826086956,0.1785714285714285,15.984615384615385,16.365079365079364,34.0,0.5,0.7666666666666667,0.5,True,0.2058823529411764,1628935
1,2018,115.61000252589038,107.07134710429604,1413.0,2190.0,785.0,1125.0,2051.0,7918.0,7891.0,896.0,697.0,460.0,864.0,3441.0,8449.0,9154.0,941.0,3409.0,603.0,0.5911451571020514,0.3626852659110723,0.822043795620438,96.8762926081961,0.3197080291970803,14.654963374589542,15.074388543910784,3916.0,0.6654719235364397,0.7568157033805889,0.6452054794520548,False,0.24576506525965,1628935
