index,year,ortg,drtg,AtRimFGM,AtRimFGA,AtRimAssists,Turnovers,FTA,OffPoss,DefPoss,TwoPtAssists,Steals,BadPassSteals,ThreePtAssists,FG3A,OpponentPoints,Points,SecondChancePoints,FG2A,LiveBallTurnovers,TsPct,Fg3Pct,AtRimFG3AFrequency,Pace,AtRimFrequency,SecondsPerPossOff,SecondsPerPossDef,Minutes,DefAtRimReboundPct,DefFGReboundPct,AtRimAccuracy,player_on,OffFGReboundPct,nba_id
0,2018,103.46153846153848,100.7843137254902,50.0,72.0,23.0,40.0,33.0,260.0,255.0,35.0,18.0,13.0,19.0,69.0,257.0,269.0,35.0,157.0,24.0,0.558091286307054,0.3623188405797101,0.6238938053097345,99.26382010440368,0.3185840707964602,13.676923076923076,15.352941176470589,125.0,0.65625,0.7615384615384615,0.6944444444444444,True,0.2260869565217391,1628495
1,2018,111.7175572519084,107.87031150667514,1290.0,2120.0,658.0,974.0,1890.0,7860.0,7865.0,1169.0,612.0,362.0,559.0,1941.0,8484.0,8781.0,1079.0,5168.0,488.0,0.552183240787481,0.3688820195775373,0.5712477141651428,98.10326750946632,0.2982135321423547,14.36234096692112,14.994278448823904,3847.0,0.6708701134930644,0.7567711099309612,0.6084905660377359,False,0.2648083623693379,1628495
