index,year,ortg,drtg,AtRimFGM,AtRimFGA,AtRimAssists,Turnovers,FTA,OffPoss,DefPoss,TwoPtAssists,Steals,BadPassSteals,ThreePtAssists,FG3A,OpponentPoints,Points,SecondChancePoints,FG2A,LiveBallTurnovers,TsPct,Fg3Pct,AtRimFG3AFrequency,Pace,AtRimFrequency,SecondsPerPossOff,SecondsPerPossDef,Minutes,DefAtRimReboundPct,DefFGReboundPct,AtRimAccuracy,player_on,OffFGReboundPct,nba_id
0,2019,58.333333333333336,100.0,1.0,3.0,1.0,,3.0,12.0,12.0,1.0,1.0,,1.0,5.0,12.0,7.0,,5.0,,0.3181818181818182,0.2,0.8,141.63934426229508,0.3,12.75,7.583333333333333,4.0,1.0,1.0,0.3333333333333333,True,,1628449
1,2019,110.96128751631144,105.32054077627562,344.0,533.0,196.0,290.0,556.0,2299.0,2293.0,309.0,192.0,109.0,230.0,822.0,2415.0,2551.0,277.0,1202.0,156.0,0.5590308370044053,0.3467153284671533,0.6694664031620553,95.17646381484252,0.2633399209486166,15.30969986950848,14.949411251635413,1158.0,0.5953488372093023,0.7275985663082437,0.6454033771106942,False,0.2265696087352138,1628449
2,2020,104.3010752688172,109.5744680851064,9.0,21.0,4.0,13.0,22.0,93.0,94.0,11.0,8.0,6.0,12.0,33.0,103.0,97.0,6.0,45.0,3.0,0.5449438202247191,0.4242424242424242,0.6923076923076923,105.2697419859265,0.2692307692307692,13.204301075268818,14.148936170212766,43.0,0.75,0.7894736842105263,0.4285714285714285,True,0.2045454545454545,1628449
3,2020,110.37924151696606,105.81745235707122,161.0,272.0,81.0,131.0,212.0,1002.0,997.0,129.0,70.0,41.0,121.0,410.0,1055.0,1106.0,112.0,485.0,65.0,0.560528992878942,0.3585365853658536,0.7620111731843575,96.84947177175157,0.3039106145251397,14.719560878243511,15.018054162487465,495.0,0.6438356164383562,0.7725409836065574,0.5919117647058824,False,0.2107438016528925,1628449
4,2022,115.66265060240964,115.51020408163264,49.0,65.0,25.0,23.0,60.0,249.0,245.0,27.0,18.0,12.0,23.0,87.0,283.0,288.0,45.0,152.0,14.0,0.5415094339622641,0.2873563218390804,0.6359832635983264,91.34052388289676,0.2719665271966527,15.240963855421686,16.29795918367347,130.0,0.8181818181818182,0.7978723404255319,0.7538461538461538,True,0.296,1628449
5,2022,107.46753246753246,125.32467532467533,49.0,66.0,29.0,37.0,66.0,308.0,308.0,45.0,22.0,9.0,29.0,110.0,386.0,331.0,33.0,167.0,17.0,0.5394736842105263,0.3090909090909091,0.6353790613718412,90.58823529411764,0.2382671480144404,15.564935064935066,16.227272727272727,163.0,0.6,0.6834532374100719,0.7424242424242424,False,0.2162162162162162,1628449
