index,year,ortg,drtg,AtRimFGM,AtRimFGA,AtRimAssists,Turnovers,FTA,OffPoss,DefPoss,TwoPtAssists,Steals,BadPassSteals,ThreePtAssists,FG3A,OpponentPoints,Points,SecondChancePoints,FG2A,LiveBallTurnovers,TsPct,Fg3Pct,AtRimFG3AFrequency,Pace,AtRimFrequency,SecondsPerPossOff,SecondsPerPossDef,Minutes,DefAtRimReboundPct,DefFGReboundPct,AtRimAccuracy,player_on,OffFGReboundPct,nba_id
0,2018,63.1578947368421,121.05263157894736,2.0,2.0,1.0,4.0,2.0,19.0,19.0,1.0,1.0,1.0,,5.0,23.0,12.0,,8.0,3.0,0.4285714285714285,0.2,0.5384615384615384,115.2,0.1538461538461538,14.68421052631579,10.31578947368421,8.0,,1.0,1.0,True,,1628403
1,2018,118.61702127659576,106.11702127659576,89.0,124.0,50.0,52.0,85.0,376.0,376.0,71.0,32.0,13.0,34.0,95.0,399.0,446.0,42.0,227.0,30.0,0.6194444444444445,0.4105263157894737,0.6801242236024845,98.04255319148936,0.3850931677018633,13.824468085106384,15.550531914893616,184.0,0.5319148936170213,0.7268041237113402,0.717741935483871,False,0.2281879194630872,1628403
