index,year,ortg,drtg,AtRimFGM,AtRimFGA,AtRimAssists,Turnovers,FTA,OffPoss,DefPoss,TwoPtAssists,Steals,BadPassSteals,ThreePtAssists,FG3A,OpponentPoints,Points,SecondChancePoints,FG2A,LiveBallTurnovers,TsPct,Fg3Pct,AtRimFG3AFrequency,Pace,AtRimFrequency,SecondsPerPossOff,SecondsPerPossDef,Minutes,DefAtRimReboundPct,DefFGReboundPct,AtRimAccuracy,player_on,OffFGReboundPct,nba_id
0,2018,117.85714285714286,85.18518518518519,9.0,11.0,4.0,1.0,8.0,28.0,27.0,4.0,1.0,,3.0,14.0,23.0,33.0,7.0,18.0,1.0,0.4714285714285714,0.2142857142857142,0.78125,100.0,0.34375,14.857142857142858,13.925925925925926,13.0,,0.9090909090909092,0.8181818181818182,True,0.3888888888888889,1628421
1,2018,109.64371144403876,109.3718466195762,1228.0,1920.0,682.0,1194.0,1779.0,7943.0,7928.0,1345.0,644.0,393.0,713.0,2159.0,8671.0,8709.0,1034.0,4827.0,639.0,0.5593931568754035,0.3756368689207967,0.5838820498139136,96.2413462024357,0.2748353850558259,15.051491879642452,14.87310797174571,3958.0,0.6300268096514745,0.7387462027064347,0.6395833333333333,False,0.2645764576457646,1628421
2,2019,112.24489795918367,113.93034825870647,38.0,68.0,24.0,22.0,44.0,196.0,201.0,34.0,10.0,5.0,17.0,59.0,229.0,220.0,21.0,124.0,13.0,0.5445544554455446,0.3559322033898305,0.6939890710382514,100.80761770410862,0.3715846994535519,14.03061224489796,14.532338308457712,95.0,0.7368421052631579,0.7752808988764045,0.5588235294117647,True,0.29,1628421
3,2019,111.4501953125,114.30141670737665,1640.0,2448.0,950.0,1131.0,1919.0,8192.0,8188.0,1313.0,673.0,449.0,790.0,2672.0,9359.0,9130.0,1001.0,4532.0,618.0,0.5670860844649308,0.3401946107784431,0.7107162687395892,101.02060482506673,0.339811215991116,13.972900390625,14.536272594040058,3891.0,0.574245939675174,0.7098698481561823,0.6699346405228758,False,0.2470713525026624,1628421
