index,year,ortg,drtg,AtRimFGM,AtRimFGA,AtRimAssists,Turnovers,FTA,OffPoss,DefPoss,TwoPtAssists,Steals,BadPassSteals,ThreePtAssists,FG3A,OpponentPoints,Points,SecondChancePoints,FG2A,LiveBallTurnovers,TsPct,Fg3Pct,AtRimFG3AFrequency,Pace,AtRimFrequency,SecondsPerPossOff,SecondsPerPossDef,Minutes,DefAtRimReboundPct,DefFGReboundPct,AtRimAccuracy,player_on,OffFGReboundPct,nba_id
0,2018,114.24418604651164,105.6547619047619,64.0,87.0,39.0,54.0,80.0,344.0,336.0,54.0,23.0,11.0,28.0,114.0,355.0,393.0,53.0,195.0,28.0,0.5683139534883721,0.3859649122807017,0.6504854368932039,94.13574312632186,0.2815533980582524,15.186046511627907,15.410714285714286,173.0,0.7435897435897436,0.7257142857142858,0.735632183908046,True,0.3481012658227848,1628395
1,2018,114.3026706231454,103.41981132075472,284.0,404.0,190.0,216.0,348.0,1685.0,1696.0,321.0,142.0,93.0,144.0,545.0,1754.0,1926.0,179.0,952.0,129.0,0.5830806549423894,0.3504587155963303,0.633934535738143,96.64218508078925,0.269873079492318,14.227299703264094,15.568985849056604,840.0,0.6026490066225165,0.7476635514018691,0.7029702970297029,False,0.2261437908496732,1628395
2,2019,121.6346153846154,125.1207729468599,30.0,48.0,19.0,28.0,58.0,208.0,207.0,38.0,13.0,9.0,22.0,62.0,259.0,253.0,36.0,116.0,15.0,0.6206896551724138,0.4516129032258064,0.6179775280898876,94.39267098404676,0.2696629213483146,14.125,16.391304347826086,106.0,0.6153846153846154,0.6633663366336634,0.625,True,0.2588235294117647,1628395
3,2019,115.3217568947906,111.0091743119266,336.0,463.0,240.0,301.0,477.0,1958.0,1962.0,384.0,150.0,91.0,181.0,658.0,2178.0,2258.0,281.0,1059.0,157.0,0.5841995841995842,0.364741641337386,0.6528829353523588,97.95068455118084,0.2696563774024461,13.730337078651685,15.670234454638123,960.0,0.6118421052631579,0.7269772481040087,0.7257019438444925,False,0.2919042189281642,1628395
