index,year,ortg,drtg,AtRimFGM,AtRimFGA,AtRimAssists,Turnovers,FTA,OffPoss,DefPoss,TwoPtAssists,Steals,BadPassSteals,ThreePtAssists,FG3A,OpponentPoints,Points,SecondChancePoints,FG2A,LiveBallTurnovers,TsPct,Fg3Pct,AtRimFG3AFrequency,Pace,AtRimFrequency,SecondsPerPossOff,SecondsPerPossDef,Minutes,DefAtRimReboundPct,DefFGReboundPct,AtRimAccuracy,player_on,OffFGReboundPct,nba_id
0,2020,106.52173913043478,106.25,7.0,13.0,4.0,10.0,6.0,46.0,48.0,4.0,2.0,2.0,5.0,19.0,51.0,49.0,9.0,22.0,2.0,0.5568181818181818,0.3684210526315789,0.7804878048780488,95.45839210155148,0.3170731707317073,17.391304347826086,12.875,24.0,0.3,0.5357142857142857,0.5384615384615384,True,0.3181818181818182,1628966
1,2020,116.6189111747851,113.909559244419,305.0,474.0,172.0,248.0,461.0,1745.0,1747.0,242.0,140.0,99.0,177.0,603.0,1990.0,2035.0,203.0,917.0,115.0,0.5900639163277165,0.373134328358209,0.7085526315789473,93.81142494683034,0.3118421052631579,15.124355300859598,15.575271894676588,893.0,0.6510067114093959,0.7384615384615385,0.6434599156118144,False,0.2632944228274967,1628966
