index,year,ortg,drtg,AtRimFGM,AtRimFGA,AtRimAssists,Turnovers,FTA,OffPoss,DefPoss,TwoPtAssists,Steals,BadPassSteals,ThreePtAssists,FG3A,OpponentPoints,Points,SecondChancePoints,FG2A,LiveBallTurnovers,TsPct,Fg3Pct,AtRimFG3AFrequency,Pace,AtRimFrequency,SecondsPerPossOff,SecondsPerPossDef,Minutes,DefAtRimReboundPct,DefFGReboundPct,AtRimAccuracy,player_on,OffFGReboundPct,nba_id
0,2019,109.75073313782993,110.98181818181818,255.0,404.0,154.0,205.0,346.0,1364.0,1375.0,234.0,106.0,72.0,135.0,429.0,1526.0,1497.0,216.0,774.0,111.0,0.5501474926253688,0.331002331002331,0.6924355777223608,102.93498969125976,0.3358270989193682,14.122434017595308,13.857454545454546,639.0,0.5828220858895705,0.7543859649122807,0.6311881188118812,True,0.2949526813880126,1628413
1,2019,113.59153923109903,109.8772480730802,1298.0,1950.0,730.0,1018.0,1912.0,6997.0,7006.0,1140.0,500.0,332.0,698.0,2045.0,7698.0,7948.0,944.0,3984.0,523.0,0.5762452665307312,0.365281173594132,0.6626306186763974,101.15383978677968,0.3234367225078786,14.07347434614835,14.397801884099344,3322.0,0.615,0.749776852127343,0.6656410256410257,False,0.2729894264658763,1628413
2,2020,100.0,145.16129032258064,2.0,3.0,2.0,8.0,13.0,33.0,31.0,2.0,2.0,,5.0,9.0,45.0,33.0,4.0,10.0,5.0,0.66,0.5555555555555556,0.631578947368421,107.4125874125874,0.1578947368421052,14.393939393939394,12.35483870967742,14.0,0.5,0.8181818181818182,0.6666666666666666,True,0.1111111111111111,1628413
3,2020,112.1153042751706,109.46416144746,1269.0,1950.0,716.0,1029.0,1625.0,7181.0,7185.0,1108.0,584.0,371.0,769.0,2298.0,7865.0,8051.0,954.0,4100.0,505.0,0.5643982002249719,0.3668407310704961,0.6639574867145983,98.37760721317088,0.3047827446076899,15.03133268347027,14.24384133611691,3505.0,0.6666666666666666,0.7572815533980582,0.6507692307692308,False,0.2763592670471613,1628413
4,2020,111.42857142857144,94.20289855072464,9.0,18.0,4.0,10.0,16.0,70.0,69.0,5.0,7.0,4.0,13.0,31.0,65.0,78.0,11.0,29.0,5.0,0.5735294117647058,0.4193548387096774,0.8166666666666667,101.86259541984732,0.3,15.4,12.855072463768115,33.0,0.75,0.7407407407407407,0.5,True,0.2352941176470588,1628413
5,2020,112.44012590666485,112.1381758601857,1331.0,2082.0,840.0,1067.0,1724.0,7307.0,7324.0,1243.0,552.0,340.0,726.0,2289.0,8213.0,8216.0,876.0,4080.0,571.0,0.5744277489116697,0.3573612931411096,0.6862929816297691,100.72250473407207,0.3268959020254357,14.300123169563433,14.293296013107591,3486.0,0.6421319796954315,0.7463008631319359,0.6392891450528339,False,0.2536057692307692,1628413
