index,year,ortg,drtg,AtRimFGM,AtRimFGA,AtRimAssists,Turnovers,FTA,OffPoss,DefPoss,TwoPtAssists,Steals,BadPassSteals,ThreePtAssists,FG3A,OpponentPoints,Points,SecondChancePoints,FG2A,LiveBallTurnovers,TsPct,Fg3Pct,AtRimFG3AFrequency,Pace,AtRimFrequency,SecondsPerPossOff,SecondsPerPossDef,Minutes,DefAtRimReboundPct,DefFGReboundPct,AtRimAccuracy,player_on,OffFGReboundPct,nba_id
0,2018,121.05263157894736,63.1578947368421,7.0,7.0,4.0,3.0,8.0,19.0,19.0,5.0,3.0,1.0,,1.0,12.0,23.0,,11.0,1.0,0.71875,,0.6666666666666666,115.2,0.5833333333333334,10.31578947368421,14.68421052631579,8.0,,1.0,1.0,True,,1628403
1,2018,106.11702127659576,118.61702127659576,80.0,127.0,29.0,55.0,55.0,376.0,376.0,36.0,30.0,21.0,35.0,128.0,446.0,399.0,61.0,224.0,32.0,0.5307486631016043,0.3359375,0.7244318181818182,98.04255319148936,0.3607954545454545,15.550531914893616,13.824468085106384,184.0,0.6857142857142857,0.7718120805369127,0.6299212598425197,False,0.2731958762886597,1628403
