index,year,ortg,drtg,AtRimFGM,AtRimFGA,AtRimAssists,Turnovers,FTA,OffPoss,DefPoss,TwoPtAssists,Steals,BadPassSteals,ThreePtAssists,FG3A,OpponentPoints,Points,SecondChancePoints,FG2A,LiveBallTurnovers,TsPct,Fg3Pct,AtRimFG3AFrequency,Pace,AtRimFrequency,SecondsPerPossOff,SecondsPerPossDef,Minutes,DefAtRimReboundPct,DefFGReboundPct,AtRimAccuracy,player_on,OffFGReboundPct,nba_id
0,2024,109.04109589041096,101.3477088948787,47.0,89.0,26.0,48.0,107.0,365.0,371.0,38.0,27.0,18.0,37.0,134.0,376.0,398.0,57.0,188.0,28.0,0.5351351351351351,0.3134328358208955,0.6925465838509317,95.48108108108109,0.2763975155279503,15.561643835616438,14.609164420485175,185.0,0.7105263157894737,0.7897727272727273,0.5280898876404494,True,0.2756756756756757,1628976
1,2024,102.01342281879197,100.68259385665527,51.0,89.0,23.0,53.0,69.0,298.0,293.0,32.0,29.0,17.0,28.0,99.0,295.0,304.0,46.0,167.0,29.0,0.5153061224489796,0.303030303030303,0.706766917293233,93.93377483443707,0.3345864661654135,15.35234899328859,15.30716723549488,151.0,0.5806451612903226,0.7480916030534351,0.5730337078651685,False,0.3441558441558441,1628976
