index,year,ortg,drtg,AtRimFGM,AtRimFGA,AtRimAssists,Turnovers,FTA,OffPoss,DefPoss,TwoPtAssists,Steals,BadPassSteals,ThreePtAssists,FG3A,OpponentPoints,Points,SecondChancePoints,FG2A,LiveBallTurnovers,TsPct,Fg3Pct,AtRimFG3AFrequency,Pace,AtRimFrequency,SecondsPerPossOff,SecondsPerPossDef,Minutes,DefAtRimReboundPct,DefFGReboundPct,AtRimAccuracy,player_on,OffFGReboundPct,nba_id
0,2018,95.23809523809524,95.34883720930232,7.0,12.0,4.0,5.0,19.0,42.0,43.0,5.0,2.0,2.0,2.0,8.0,41.0,40.0,2.0,22.0,2.0,0.5128205128205128,0.25,0.6666666666666666,103.03030303030305,0.4,13.952380952380953,14.0,20.0,0.5,0.65,0.5833333333333334,True,0.1578947368421052,1628493
1,2018,110.31418200025034,110.34353529044348,1358.0,2096.0,725.0,1106.0,1475.0,7989.0,8005.0,1234.0,540.0,360.0,788.0,2459.0,8833.0,8813.0,877.0,4710.0,557.0,0.5637299035369775,0.3757625050833672,0.6353745292230436,97.51943498805956,0.2923699260705816,14.68594317186131,14.846470955652718,3936.0,0.6147342995169082,0.734375,0.6479007633587787,False,0.2275769745649263,1628493
