index,year,ortg,drtg,AtRimFGM,AtRimFGA,AtRimAssists,Turnovers,FTA,OffPoss,DefPoss,TwoPtAssists,Steals,BadPassSteals,ThreePtAssists,FG3A,OpponentPoints,Points,SecondChancePoints,FG2A,LiveBallTurnovers,TsPct,Fg3Pct,AtRimFG3AFrequency,Pace,AtRimFrequency,SecondsPerPossOff,SecondsPerPossDef,Minutes,DefAtRimReboundPct,DefFGReboundPct,AtRimAccuracy,player_on,OffFGReboundPct,nba_id
0,2018,112.2673434856176,110.5127100387764,497.0,754.0,294.0,332.0,584.0,2364.0,2321.0,390.0,161.0,99.0,191.0,720.0,2565.0,2654.0,279.0,1326.0,194.0,0.573816760746852,0.3458333333333333,0.7204301075268817,99.137411647147,0.3685239491691104,14.017343485617598,15.04265402843602,1134.0,0.6144578313253012,0.7269565217391304,0.6591511936339522,True,0.2485714285714285,1628462
1,2018,110.3442219880576,110.63053673788431,1202.0,1933.0,641.0,871.0,1511.0,5694.0,5757.0,878.0,467.0,289.0,373.0,1476.0,6369.0,6283.0,879.0,3482.0,505.0,0.5560099573257468,0.3577235772357723,0.6875756353368294,97.91305690313465,0.3898749495764421,14.650860554970144,14.762376237623762,2807.0,0.6074074074074074,0.7255271084337349,0.6218313502327988,False,0.3008130081300813,1628462
2,2019,121.671826625387,114.33021806853584,61.0,90.0,36.0,46.0,94.0,323.0,321.0,56.0,25.0,18.0,35.0,92.0,367.0,393.0,31.0,180.0,30.0,0.6318327974276527,0.4456521739130434,0.6691176470588235,103.04,0.3308823529411764,13.628482972136222,14.32398753894081,150.0,0.6521739130434783,0.7724137931034483,0.6777777777777778,True,0.248,1628462
3,2019,112.34016139044073,111.76616606677425,1480.0,2451.0,830.0,1147.0,2246.0,8055.0,8057.0,1217.0,536.0,329.0,662.0,2026.0,9005.0,9049.0,1051.0,4880.0,647.0,0.5713741427482855,0.384995064165844,0.6482768607008399,101.33333333333331,0.3549087749782798,14.062073246430788,14.3589425344421,3816.0,0.6347826086956522,0.7272252675541634,0.6038351693186454,False,0.2564529558701082,1628462
