index,year,ortg,drtg,AtRimFGM,AtRimFGA,AtRimAssists,Turnovers,FTA,OffPoss,DefPoss,TwoPtAssists,Steals,BadPassSteals,ThreePtAssists,FG3A,OpponentPoints,Points,SecondChancePoints,FG2A,LiveBallTurnovers,TsPct,Fg3Pct,AtRimFG3AFrequency,Pace,AtRimFrequency,SecondsPerPossOff,SecondsPerPossDef,Minutes,DefAtRimReboundPct,DefFGReboundPct,AtRimAccuracy,player_on,OffFGReboundPct,nba_id
0,2021,99.0521327014218,91.2621359223301,26.0,45.0,12.0,22.0,18.0,211.0,206.0,26.0,16.0,8.0,19.0,77.0,188.0,209.0,10.0,120.0,11.0,0.5097560975609756,0.3246753246753247,0.6192893401015228,97.46469728940107,0.2284263959390862,15.511848341232229,14.019417475728156,103.0,0.5263157894736842,0.801980198019802,0.5777777777777777,True,0.1574074074074074,1628455
1,2021,120.8686440677966,114.43624868282404,125.0,201.0,78.0,117.0,225.0,944.0,949.0,130.0,69.0,33.0,96.0,350.0,1086.0,1141.0,113.0,487.0,67.0,0.6089743589743589,0.3942857142857143,0.6583034647550776,94.9831004564619,0.2401433691756272,15.621822033898304,14.701791359325606,478.0,0.6235294117647059,0.6958333333333333,0.6218905472636815,False,0.2452830188679245,1628455
