index,year,ortg,drtg,AtRimFGM,AtRimFGA,AtRimAssists,Turnovers,FTA,OffPoss,DefPoss,TwoPtAssists,Steals,BadPassSteals,ThreePtAssists,FG3A,OpponentPoints,Points,SecondChancePoints,FG2A,LiveBallTurnovers,TsPct,Fg3Pct,AtRimFG3AFrequency,Pace,AtRimFrequency,SecondsPerPossOff,SecondsPerPossDef,Minutes,DefAtRimReboundPct,DefFGReboundPct,AtRimAccuracy,player_on,OffFGReboundPct,nba_id
0,2018,91.66666666666669,107.6923076923077,18.0,27.0,11.0,29.0,25.0,132.0,130.0,17.0,14.0,8.0,7.0,43.0,140.0,121.0,15.0,58.0,11.0,0.5401785714285714,0.3023255813953488,0.693069306930693,98.81613410162387,0.2673267326732673,15.151515151515152,13.984615384615385,64.0,0.8888888888888888,0.864406779661017,0.6666666666666666,True,0.2105263157894736,1628492
1,2018,110.50856253243384,106.72703751617075,1236.0,1848.0,707.0,1096.0,1729.0,7708.0,7730.0,1190.0,580.0,391.0,715.0,2368.0,8250.0,8518.0,936.0,4401.0,567.0,0.5642885664847598,0.3635979729729729,0.6228394149800561,95.06726764225417,0.2730093071354705,14.610923715620135,15.681888745148772,3897.0,0.6586059743954481,0.7873471557682084,0.6688311688311688,False,0.2456688440783868,1628492
