index,year,ortg,drtg,AtRimFGM,AtRimFGA,AtRimAssists,Turnovers,FTA,OffPoss,DefPoss,TwoPtAssists,Steals,BadPassSteals,ThreePtAssists,FG3A,OpponentPoints,Points,SecondChancePoints,FG2A,LiveBallTurnovers,TsPct,Fg3Pct,AtRimFG3AFrequency,Pace,AtRimFrequency,SecondsPerPossOff,SecondsPerPossDef,Minutes,DefAtRimReboundPct,DefFGReboundPct,AtRimAccuracy,player_on,OffFGReboundPct,nba_id
0,2021,113.58695652173913,117.6470588235294,33.0,54.0,19.0,26.0,31.0,184.0,187.0,26.0,9.0,7.0,30.0,94.0,220.0,209.0,24.0,76.0,15.0,0.5679347826086957,0.3829787234042553,0.8705882352941177,101.89586114819758,0.3176470588235294,13.847826086956522,14.411764705882351,87.0,0.7391304347826086,0.782051282051282,0.6111111111111112,True,0.2555555555555555,1628419
1,2021,107.71404351511728,115.53233549844676,1349.0,2096.0,710.0,1033.0,1575.0,7078.0,7082.0,866.0,537.0,339.0,777.0,2829.0,8182.0,7624.0,858.0,3373.0,596.0,0.5526698675978466,0.3379285966772711,0.7940986778458562,100.73462209201796,0.3379554982263786,14.345295281152868,14.244704885625527,3374.0,0.6128550074738416,0.730732934885184,0.6436068702290076,False,0.2355371900826446,1628419
2,2022,126.74418604651164,123.33333333333331,13.0,25.0,8.0,7.0,21.0,86.0,90.0,15.0,5.0,2.0,9.0,28.0,111.0,109.0,14.0,48.0,5.0,0.6352941176470588,0.4642857142857143,0.6973684210526315,97.55196304849883,0.3289473684210526,14.581395348837209,14.933333333333334,43.0,0.6666666666666666,0.8571428571428571,0.52,True,0.2,1628419
3,2022,116.34118684641552,114.8769716088328,1287.0,1996.0,806.0,963.0,1808.0,7937.0,7925.0,1226.0,582.0,400.0,767.0,2793.0,9104.0,9234.0,991.0,4372.0,571.0,0.5777540509986183,0.3734335839598997,0.6683879972086532,97.66990789439926,0.27857641311933,14.770190248204612,14.716845425867508,3898.0,0.6038781163434903,0.7405130946018172,0.6447895791583166,False,0.2637068734955871,1628419
