index,year,ortg,drtg,AtRimFGM,AtRimFGA,AtRimAssists,Turnovers,FTA,OffPoss,DefPoss,TwoPtAssists,Steals,BadPassSteals,ThreePtAssists,FG3A,OpponentPoints,Points,SecondChancePoints,FG2A,LiveBallTurnovers,TsPct,Fg3Pct,AtRimFG3AFrequency,Pace,AtRimFrequency,SecondsPerPossOff,SecondsPerPossDef,Minutes,DefAtRimReboundPct,DefFGReboundPct,AtRimAccuracy,player_on,OffFGReboundPct,nba_id
0,2022,112.24489795918367,120.40816326530611,10.0,13.0,5.0,7.0,16.0,49.0,49.0,8.0,7.0,6.0,2.0,13.0,59.0,55.0,6.0,24.0,7.0,0.625,0.2307692307692307,0.7027027027027027,110.50900548159748,0.3513513513513513,10.918367346938776,15.142857142857142,21.0,,0.6923076923076923,0.7692307692307693,True,0.1538461538461538,1628221
1,2022,113.08190191685335,116.72482552342971,1504.0,2326.0,859.0,1174.0,1738.0,8034.0,8024.0,1216.0,575.0,394.0,855.0,2886.0,9366.0,9085.0,1203.0,4415.0,657.0,0.5623834969553871,0.3444213444213444,0.7138748116696343,97.4512291230303,0.3185864950006848,14.617251680358477,14.936191425722832,3955.0,0.6480519480519481,0.7334250343878954,0.646603611349957,False,0.2968708914015251,1628221
2,2023,132.17391304347825,112.28070175438596,29.0,39.0,20.0,11.0,33.0,115.0,114.0,24.0,8.0,6.0,17.0,44.0,128.0,152.0,9.0,55.0,7.0,0.6637168141592921,0.4090909090909091,0.8383838383838383,98.46521349656614,0.3939393939393939,12.834782608695653,16.42982456140351,56.0,0.6153846153846154,0.6491228070175439,0.7435897435897436,True,0.1627906976744186,1628221
3,2023,115.07235712533726,118.39333823169238,1491.0,2333.0,893.0,1213.0,1911.0,8154.0,8166.0,1269.0,623.0,426.0,903.0,2986.0,9668.0,9383.0,1116.0,4260.0,643.0,0.5806511743506897,0.3663764233087743,0.7340601711288987,100.55495890223396,0.3219707424786089,13.990802060338485,14.649767327945138,3895.0,0.5956471935853379,0.6900905846829536,0.6390912987569652,False,0.2774090788425803,1628221
