index,year,ortg,drtg,AtRimFGM,AtRimFGA,AtRimAssists,Turnovers,FTA,OffPoss,DefPoss,TwoPtAssists,Steals,BadPassSteals,ThreePtAssists,FG3A,OpponentPoints,Points,SecondChancePoints,FG2A,LiveBallTurnovers,TsPct,Fg3Pct,AtRimFG3AFrequency,Pace,AtRimFrequency,SecondsPerPossOff,SecondsPerPossDef,Minutes,DefAtRimReboundPct,DefFGReboundPct,AtRimAccuracy,player_on,OffFGReboundPct,nba_id
0,2023,109.86238532110092,116.5158371040724,68.0,91.0,42.0,54.0,126.0,436.0,442.0,66.0,41.0,21.0,41.0,170.0,515.0,479.0,63.0,213.0,23.0,0.5408163265306123,0.2941176470588235,0.6814621409921671,102.61504747991236,0.237597911227154,14.974770642201834,13.104072398190045,205.0,0.6363636363636364,0.6451612903225806,0.7472527472527473,True,0.2511848341232227,1628370
1,2023,116.08391608391608,102.1818181818182,37.0,57.0,30.0,47.0,50.0,286.0,275.0,52.0,21.0,7.0,30.0,120.0,281.0,332.0,50.0,141.0,31.0,0.5848056537102474,0.375,0.6781609195402298,103.05396096440872,0.2183908045977011,14.867132867132868,13.043636363636365,131.0,0.5454545454545454,0.6645962732919255,0.6491228070175439,False,0.3432835820895522,1628370
