index,year,ortg,drtg,AtRimFGM,AtRimFGA,AtRimAssists,Turnovers,FTA,OffPoss,DefPoss,TwoPtAssists,Steals,BadPassSteals,ThreePtAssists,FG3A,OpponentPoints,Points,SecondChancePoints,FG2A,LiveBallTurnovers,TsPct,Fg3Pct,AtRimFG3AFrequency,Pace,AtRimFrequency,SecondsPerPossOff,SecondsPerPossDef,Minutes,DefAtRimReboundPct,DefFGReboundPct,AtRimAccuracy,player_on,OffFGReboundPct,nba_id
0,2018,109.49720670391062,107.73480662983424,345.0,554.0,193.0,243.0,446.0,1611.0,1629.0,265.0,145.0,84.0,81.0,383.0,1755.0,1764.0,255.0,989.0,143.0,0.5613418530351437,0.3550913838120104,0.6829446064139941,99.96357637177812,0.4037900874635568,13.906890130353815,14.898096992019644,778.0,0.6344827586206897,0.7098515519568152,0.6227436823104693,True,0.2698863636363636,1628393
1,2018,111.26105165193113,111.31958443169484,1354.0,2133.0,742.0,960.0,1649.0,6447.0,6449.0,1003.0,483.0,304.0,483.0,1813.0,7179.0,7173.0,903.0,3819.0,556.0,0.5611442942470921,0.3535576392719249,0.7006392045454546,97.84779779436948,0.3787286931818182,14.60446719404374,14.828965731121103,3163.0,0.6040372670807453,0.7298531810766721,0.6347866854195968,False,0.2895186070331171,1628393
2,2019,80.95238095238095,121.42857142857144,17.0,24.0,11.0,21.0,12.0,126.0,126.0,23.0,8.0,4.0,3.0,31.0,153.0,102.0,9.0,77.0,11.0,0.4513274336283185,0.0967741935483871,0.5092592592592593,94.82100862294226,0.2222222222222222,15.658730158730158,14.714285714285714,64.0,0.25,0.6610169491525424,0.7083333333333334,True,0.15,1628393
3,2019,106.81623145764374,115.51090419014947,1488.0,2354.0,900.0,1256.0,1846.0,8157.0,8162.0,1296.0,727.0,485.0,635.0,2369.0,9428.0,8713.0,986.0,4687.0,726.0,0.5534438775510204,0.3322076825664837,0.669359410430839,100.41903654925152,0.3336167800453514,14.590290547995586,14.089683901004657,3900.0,0.5923236514522822,0.689894503053859,0.6321155480033984,False,0.2419786096256684,1628393
4,2019,,,,,,,,1.0,1.0,,,,,1.0,,,,,,,,1.0,84.70588235294117,,22.0,12.0,1.0,,,,True,,1628393
5,2019,110.90500945179583,107.76147657359203,1721.0,2779.0,867.0,1142.0,2049.0,8464.0,8452.0,1158.0,766.0,491.0,759.0,2676.0,9108.0,9387.0,1274.0,5029.0,672.0,0.5443797320908561,0.3482810164424514,0.7079818299805322,102.25181130523116,0.3606748864373783,13.131261814744802,15.035849503076196,3970.0,0.6385302879841113,0.7447916666666666,0.6192875134940626,False,0.2900411921492609,1628393
