index,year,ortg,drtg,AtRimFGM,AtRimFGA,AtRimAssists,Turnovers,FTA,OffPoss,DefPoss,TwoPtAssists,Steals,BadPassSteals,ThreePtAssists,FG3A,OpponentPoints,Points,SecondChancePoints,FG2A,LiveBallTurnovers,TsPct,Fg3Pct,AtRimFG3AFrequency,Pace,AtRimFrequency,SecondsPerPossOff,SecondsPerPossDef,Minutes,DefAtRimReboundPct,DefFGReboundPct,AtRimAccuracy,player_on,OffFGReboundPct,nba_id
0,2021,109.78571428571428,114.45955619183964,246.0,396.0,129.0,182.0,331.0,1400.0,1397.0,178.0,106.0,68.0,121.0,482.0,1599.0,1537.0,182.0,794.0,101.0,0.5391120507399577,0.3215767634854772,0.6880877742946708,94.95662014334214,0.3103448275862069,14.827857142857145,15.5025053686471,707.0,0.7176470588235294,0.7752442996742671,0.6212121212121212,True,0.2693409742120344,1628969
1,2021,111.71303074670573,115.2958152958153,111.0,181.0,55.0,77.0,163.0,683.0,693.0,79.0,40.0,24.0,81.0,278.0,799.0,763.0,101.0,352.0,41.0,0.5413105413105413,0.3525179856115107,0.7285714285714285,94.60656990068756,0.2873015873015873,15.333821376281112,15.10966810966811,349.0,0.6515151515151515,0.7754491017964071,0.6132596685082873,False,0.2649572649572649,1628969
2,2022,118.36306400839456,118.83597883597884,144.0,214.0,71.0,141.0,266.0,953.0,945.0,104.0,73.0,52.0,96.0,341.0,1123.0,1128.0,144.0,521.0,70.0,0.5759753593429158,0.3841642228739003,0.6438515081206496,91.04330446369087,0.2482598607888631,16.38090241343127,15.247619047619049,500.0,0.7037037037037037,0.7542168674698795,0.6728971962616822,True,0.3348017621145374,1628969
3,2022,114.97975708502024,107.39299610894942,32.0,50.0,13.0,28.0,63.0,247.0,257.0,24.0,27.0,19.0,27.0,90.0,276.0,284.0,29.0,122.0,16.0,0.5871369294605809,0.3777777777777777,0.660377358490566,97.81132075471696,0.2358490566037736,15.036437246963562,14.42023346303502,124.0,0.4,0.6440677966101694,0.64,False,0.2201834862385321,1628969
4,2023,119.93127147766324,104.82758620689656,47.0,80.0,25.0,41.0,56.0,291.0,290.0,36.0,26.0,18.0,37.0,114.0,304.0,349.0,67.0,163.0,17.0,0.5780730897009967,0.4210526315789473,0.7003610108303249,88.60834568947257,0.2888086642599278,17.542955326460483,14.955172413793104,157.0,0.6538461538461539,0.8299319727891157,0.5875,True,0.3469387755102041,1628969
5,2023,101.53846153846152,101.53846153846152,12.0,26.0,7.0,12.0,5.0,65.0,65.0,11.0,8.0,6.0,3.0,19.0,66.0,66.0,13.0,46.0,4.0,0.4925373134328358,0.3157894736842105,0.6923076923076923,90.08662175168432,0.4,16.415384615384614,15.553846153846154,35.0,1.0,0.8333333333333334,0.4615384615384615,False,0.4054054054054054,1628969
