index,year,ortg,drtg,AtRimFGM,AtRimFGA,AtRimAssists,Turnovers,FTA,OffPoss,DefPoss,TwoPtAssists,Steals,BadPassSteals,ThreePtAssists,FG3A,OpponentPoints,Points,SecondChancePoints,FG2A,LiveBallTurnovers,TsPct,Fg3Pct,AtRimFG3AFrequency,Pace,AtRimFrequency,SecondsPerPossOff,SecondsPerPossDef,Minutes,DefAtRimReboundPct,DefFGReboundPct,AtRimAccuracy,player_on,OffFGReboundPct,nba_id
0,2019,99.6376811594203,124.17582417582418,34.0,79.0,22.0,26.0,48.0,276.0,273.0,36.0,24.0,15.0,28.0,91.0,339.0,275.0,33.0,174.0,13.0,0.479020979020979,0.3516483516483517,0.6415094339622641,99.31658291457288,0.2981132075471698,15.402173913043478,13.586080586080586,133.0,0.5652173913043478,0.7222222222222222,0.430379746835443,True,0.2088607594936709,1628379
1,2019,95.1219512195122,116.53543307086616,20.0,40.0,8.0,16.0,18.0,123.0,127.0,17.0,5.0,3.0,11.0,42.0,148.0,117.0,17.0,80.0,10.0,0.45,0.2857142857142857,0.6721311475409836,101.12359550561796,0.3278688524590163,15.065040650406504,13.440944881889765,59.0,0.625,0.7678571428571429,0.5,False,0.2702702702702703,1628379
2,2021,115.76470588235294,113.9423076923077,65.0,98.0,34.0,52.0,109.0,425.0,416.0,47.0,25.0,16.0,51.0,183.0,474.0,492.0,55.0,199.0,26.0,0.5737704918032787,0.360655737704918,0.7356020942408377,92.01732391155689,0.256544502617801,15.378823529411765,15.92548076923077,219.0,0.5333333333333333,0.7246376811594203,0.6632653061224489,True,0.2450980392156862,1628379
3,2021,122.1305326331583,116.82799702159345,193.0,300.0,85.0,151.0,342.0,1333.0,1343.0,135.0,104.0,64.0,162.0,508.0,1569.0,1628.0,134.0,667.0,74.0,0.6113207547169811,0.3877952755905511,0.6876595744680851,92.722154046055,0.2553191489361702,15.317329332333085,15.74162323157111,693.0,0.6698113207547169,0.7282608695652174,0.6433333333333333,False,0.2301184433164128,1628379
4,2023,122.97297297297295,105.88235294117646,34.0,61.0,12.0,20.0,46.0,222.0,221.0,26.0,12.0,7.0,30.0,90.0,234.0,273.0,29.0,129.0,12.0,0.5714285714285714,0.4,0.6894977168949772,99.675,0.2785388127853881,14.765765765765764,14.126696832579183,107.0,0.7619047619047619,0.7884615384615384,0.5573770491803278,True,0.2844827586206896,1628379
5,2023,92.93193717277488,113.73056994818651,62.0,102.0,31.0,58.0,69.0,382.0,386.0,54.0,28.0,22.0,30.0,141.0,439.0,355.0,55.0,212.0,30.0,0.4595300261096606,0.2553191489361702,0.6883852691218131,98.9194991055456,0.2889518413597733,14.908376963350785,14.209844559585491,186.0,0.4848484848484848,0.6647727272727273,0.6078431372549019,False,0.2624434389140271,1628379
