index,year,ortg,drtg,AtRimFGM,AtRimFGA,AtRimAssists,Turnovers,FTA,OffPoss,DefPoss,TwoPtAssists,Steals,BadPassSteals,ThreePtAssists,FG3A,OpponentPoints,Points,SecondChancePoints,FG2A,LiveBallTurnovers,TsPct,Fg3Pct,AtRimFG3AFrequency,Pace,AtRimFrequency,SecondsPerPossOff,SecondsPerPossDef,Minutes,DefAtRimReboundPct,DefFGReboundPct,AtRimAccuracy,player_on,OffFGReboundPct,nba_id
0,2018,108.9622641509434,90.8653846153846,25.0,44.0,13.0,30.0,46.0,212.0,208.0,24.0,21.0,13.0,24.0,70.0,189.0,231.0,32.0,120.0,13.0,0.55,0.4,0.6,102.35234388221356,0.231578947368421,13.806603773584904,14.336538461538462,98.0,0.5454545454545454,0.7403846153846154,0.5681818181818182,True,0.2761904761904762,1628537
1,2018,111.56611039794608,106.32619017066598,1312.0,2075.0,780.0,1207.0,1640.0,7790.0,7793.0,1285.0,688.0,441.0,804.0,2449.0,8286.0,8691.0,1033.0,4468.0,624.0,0.5687228725503091,0.3760718660677827,0.6540407691195605,97.32996170044804,0.2999855428654041,14.677920410783056,14.912100603105351,3843.0,0.6634264884568651,0.7508809975603145,0.632289156626506,False,0.2757853767028079,1628537
2,2019,89.39393939393939,109.23076923076924,7.0,12.0,3.0,11.0,18.0,66.0,65.0,5.0,4.0,3.0,4.0,16.0,71.0,59.0,4.0,36.0,7.0,0.4836065573770491,0.375,0.5384615384615384,110.3157894736842,0.2307692307692307,12.696969696969695,13.415384615384616,28.0,0.6470588235294118,0.6052631578947368,0.5833333333333334,True,0.2,1628537
3,2019,106.34484406739156,114.65537801097068,1204.0,2076.0,640.0,1085.0,1676.0,8369.0,8386.0,1117.0,553.0,361.0,905.0,2960.0,9615.0,8900.0,991.0,4657.0,608.0,0.5323568255492857,0.360472972972973,0.6611526847840357,102.3857415658816,0.272548247341473,14.461464930099176,13.668256618173146,3928.0,0.6622662266226622,0.7620553359683795,0.5799614643545279,False,0.2349326400378161,1628537
4,2022,91.42857142857144,114.28571428571428,7.0,10.0,6.0,5.0,8.0,35.0,35.0,7.0,3.0,2.0,3.0,9.0,40.0,32.0,2.0,17.0,4.0,0.5517241379310345,0.3333333333333333,0.7307692307692307,104.78170478170478,0.3846153846153846,14.514285714285714,12.971428571428572,16.0,0.6666666666666666,0.75,0.7,True,0.1428571428571428,1628537
5,2022,112.97700587084148,113.12599485735277,1470.0,2371.0,763.0,1122.0,1703.0,8176.0,8167.0,1158.0,598.0,395.0,802.0,2747.0,9239.0,9237.0,1220.0,4702.0,622.0,0.5625763125763126,0.3600291226792865,0.6870720902134515,99.4259351578805,0.318297758088334,14.87646771037182,14.089384106771153,3945.0,0.6005291005291006,0.7219979818365287,0.6199915647406158,False,0.280791977372075,1628537
