index,year,ortg,drtg,AtRimFGM,AtRimFGA,AtRimAssists,Turnovers,FTA,OffPoss,DefPoss,TwoPtAssists,Steals,BadPassSteals,ThreePtAssists,FG3A,OpponentPoints,Points,SecondChancePoints,FG2A,LiveBallTurnovers,TsPct,Fg3Pct,AtRimFG3AFrequency,Pace,AtRimFrequency,SecondsPerPossOff,SecondsPerPossDef,Minutes,DefAtRimReboundPct,DefFGReboundPct,AtRimAccuracy,player_on,OffFGReboundPct,nba_id
0,2022,94.8051948051948,94.73684210526316,15.0,21.0,11.0,11.0,15.0,77.0,76.0,12.0,6.0,3.0,6.0,24.0,72.0,73.0,10.0,43.0,7.0,0.5,0.25,0.6716417910447762,100.46511627906978,0.3134328358208955,14.584415584415584,14.078947368421051,37.0,0.6666666666666666,0.7948717948717948,0.7142857142857143,True,0.1842105263157894,1628972
1,2022,112.79620853080569,95.73459715639812,71.0,97.0,29.0,66.0,91.0,422.0,422.0,43.0,26.0,16.0,56.0,160.0,404.0,476.0,47.0,203.0,32.0,0.5935162094763092,0.4,0.7079889807162535,99.56254608011795,0.2672176308539944,13.317535545023697,15.609004739336491,203.0,0.6764705882352942,0.827433628318584,0.7319587628865979,False,0.1956521739130435,1628972
2,2023,114.28571428571428,108.984375,47.0,70.0,25.0,26.0,37.0,259.0,256.0,49.0,12.0,7.0,31.0,116.0,279.0,296.0,38.0,152.0,10.0,0.5195729537366548,0.3275862068965517,0.6940298507462687,99.30369576861274,0.2611940298507462,14.397683397683398,14.60546875,124.0,0.6,0.7829457364341085,0.6714285714285714,True,0.3175675675675675,1628972
3,2023,111.00151745068284,114.73922902494331,186.0,299.0,111.0,183.0,239.0,1318.0,1323.0,197.0,83.0,58.0,151.0,522.0,1518.0,1463.0,181.0,708.0,99.0,0.5481203007518797,0.3544061302681992,0.667479674796748,97.734375,0.2430894308943089,15.085735963581184,14.383219954648526,649.0,0.6458333333333334,0.7389830508474576,0.6220735785953178,False,0.276218611521418,1628972
