index,year,ortg,drtg,AtRimFGM,AtRimFGA,AtRimAssists,Turnovers,FTA,OffPoss,DefPoss,TwoPtAssists,Steals,BadPassSteals,ThreePtAssists,FG3A,OpponentPoints,Points,SecondChancePoints,FG2A,LiveBallTurnovers,TsPct,Fg3Pct,AtRimFG3AFrequency,Pace,AtRimFrequency,SecondsPerPossOff,SecondsPerPossDef,Minutes,DefAtRimReboundPct,DefFGReboundPct,AtRimAccuracy,player_on,OffFGReboundPct,nba_id
0,2022,120.40816326530611,112.24489795918367,5.0,5.0,4.0,12.0,14.0,49.0,49.0,10.0,7.0,6.0,6.0,14.0,55.0,59.0,7.0,20.0,7.0,0.7375,0.4285714285714285,0.5588235294117647,110.50900548159748,0.1470588235294117,15.142857142857142,10.918367346938776,21.0,1.0,0.8461538461538461,1.0,True,0.3076923076923077,1628221
1,2022,116.72482552342971,113.08190191685335,1494.0,2271.0,834.0,1075.0,1831.0,8024.0,8034.0,1256.0,657.0,429.0,786.0,2631.0,9085.0,9366.0,1106.0,4547.0,575.0,0.5865469162165557,0.3721018624097301,0.6829200334354973,97.4512291230303,0.3163833937029813,14.936191425722832,14.617251680358477,3955.0,0.5894607843137255,0.7031291085984749,0.6578599735799208,False,0.2665749656121045,1628221
2,2023,112.28070175438596,132.17391304347825,22.0,35.0,11.0,17.0,27.0,114.0,115.0,16.0,7.0,4.0,11.0,36.0,152.0,128.0,23.0,70.0,8.0,0.5470085470085471,0.3611111111111111,0.6698113207547169,98.46521349656614,0.330188679245283,16.42982456140351,12.834782608695653,56.0,0.8888888888888888,0.8372093023255814,0.6285714285714286,True,0.3508771929824561,1628221
3,2023,118.39333823169238,115.07235712533726,1569.0,2451.0,879.0,1216.0,2073.0,8166.0,8154.0,1300.0,643.0,423.0,836.0,2697.0,9383.0,9668.0,1239.0,4520.0,623.0,0.5926541159099299,0.3730070448646644,0.7133157821809616,100.55495890223396,0.3396147983926839,14.649767327945138,13.990802060338485,3895.0,0.634088200238379,0.7225909211574197,0.6401468788249693,False,0.3099094153170464,1628221
