index,year,ortg,drtg,AtRimFGM,AtRimFGA,AtRimAssists,Turnovers,FTA,OffPoss,DefPoss,TwoPtAssists,Steals,BadPassSteals,ThreePtAssists,FG3A,OpponentPoints,Points,SecondChancePoints,FG2A,LiveBallTurnovers,TsPct,Fg3Pct,AtRimFG3AFrequency,Pace,AtRimFrequency,SecondsPerPossOff,SecondsPerPossDef,Minutes,DefAtRimReboundPct,DefFGReboundPct,AtRimAccuracy,player_on,OffFGReboundPct,nba_id
0,2018,91.76954732510288,116.04938271604938,31.0,52.0,17.0,40.0,47.0,243.0,243.0,33.0,22.0,11.0,18.0,66.0,282.0,223.0,18.0,141.0,28.0,0.4846491228070175,0.2727272727272727,0.5700483091787439,99.01528013582345,0.251207729468599,14.74485596707819,14.34156378600823,118.0,0.5333333333333333,0.6744186046511628,0.5961538461538461,True,0.2136752136752136,1628504
1,2018,105.6971314209473,111.38903672166046,1355.0,2262.0,708.0,1186.0,1685.0,7495.0,7516.0,1116.0,591.0,353.0,600.0,2086.0,8372.0,7922.0,951.0,4495.0,634.0,0.538755980861244,0.3547459252157239,0.6606898647621942,94.23101067168864,0.3437167603707643,15.70393595730487,14.860431080361897,3823.0,0.6160108548168249,0.7256007119549095,0.599027409372237,False,0.263395375070502,1628504
