index,year,ortg,drtg,AtRimFGM,AtRimFGA,AtRimAssists,Turnovers,FTA,OffPoss,DefPoss,TwoPtAssists,Steals,BadPassSteals,ThreePtAssists,FG3A,OpponentPoints,Points,SecondChancePoints,FG2A,LiveBallTurnovers,TsPct,Fg3Pct,AtRimFG3AFrequency,Pace,AtRimFrequency,SecondsPerPossOff,SecondsPerPossDef,Minutes,DefAtRimReboundPct,DefFGReboundPct,AtRimAccuracy,player_on,OffFGReboundPct,nba_id
0,2020,73.94957983193277,104.27350427350429,17.0,33.0,7.0,16.0,18.0,119.0,117.0,11.0,12.0,8.0,8.0,51.0,122.0,88.0,12.0,63.0,12.0,0.3666666666666666,0.196078431372549,0.7368421052631579,108.71401151631476,0.2894736842105263,13.344537815126053,13.145299145299145,52.0,0.6666666666666666,0.7446808510638298,0.5151515151515151,True,0.2077922077922078,1628987
1,2020,111.86681844052362,109.53534777651085,1169.0,1810.0,645.0,969.0,1769.0,7028.0,7016.0,952.0,538.0,300.0,591.0,2120.0,7685.0,7862.0,759.0,3922.0,493.0,0.5737644815955418,0.3584905660377358,0.6504468718967229,98.15545007134745,0.2995696789142668,14.55506545247581,14.786345496009124,3434.0,0.6391184573002755,0.7406969875959835,0.6458563535911602,False,0.2263969171483622,1628987
