index,year,ortg,drtg,AtRimFGM,AtRimFGA,AtRimAssists,Turnovers,FTA,OffPoss,DefPoss,TwoPtAssists,Steals,BadPassSteals,ThreePtAssists,FG3A,OpponentPoints,Points,SecondChancePoints,FG2A,LiveBallTurnovers,TsPct,Fg3Pct,AtRimFG3AFrequency,Pace,AtRimFrequency,SecondsPerPossOff,SecondsPerPossDef,Minutes,DefAtRimReboundPct,DefFGReboundPct,AtRimAccuracy,player_on,OffFGReboundPct,nba_id
0,2018,100.0,184.6153846153846,2.0,3.0,2.0,1.0,3.0,13.0,13.0,2.0,1.0,1.0,,4.0,24.0,13.0,,5.0,,0.65,0.25,0.7777777777777778,96.99481865284974,0.3333333333333333,15.923076923076923,13.76923076923077,6.0,,0.5,0.6666666666666666,True,,1628390
1,2018,108.7719298245614,102.46045694200352,113.0,186.0,47.0,90.0,153.0,570.0,569.0,63.0,51.0,35.0,55.0,185.0,583.0,620.0,91.0,311.0,53.0,0.544973544973545,0.3621621621621622,0.7479838709677419,97.0853557476027,0.375,15.524561403508772,14.13884007029877,282.0,0.6956521739130435,0.7491289198606271,0.6075268817204301,False,0.291044776119403,1628390
2,2019,120.0,106.74157303370788,43.0,91.0,21.0,30.0,65.0,270.0,267.0,30.0,22.0,11.0,22.0,88.0,285.0,324.0,32.0,158.0,14.0,0.5833333333333334,0.4886363636363636,0.7276422764227642,100.6350858927642,0.3699186991869919,16.022222222222222,12.576779026217228,128.0,0.6764705882352942,0.7642276422764228,0.4725274725274725,True,0.2671755725190839,1628390
3,2019,101.3157894736842,104.32900432900432,44.0,78.0,17.0,42.0,53.0,228.0,231.0,23.0,18.0,14.0,12.0,70.0,241.0,231.0,43.0,129.0,19.0,0.5133333333333333,0.3,0.7437185929648241,98.4157236450268,0.3919597989949748,15.978070175438596,13.303030303030305,112.0,0.6071428571428571,0.7256637168141593,0.5641025641025641,False,0.3243243243243243,1628390
4,2020,112.64367816091954,95.29411764705884,15.0,27.0,8.0,9.0,5.0,87.0,85.0,9.0,8.0,3.0,14.0,47.0,81.0,98.0,10.0,39.0,4.0,0.5574712643678161,0.3829787234042553,0.8604651162790697,98.99280575539568,0.313953488372093,14.080459770114942,15.023529411764706,42.0,0.75,0.7916666666666666,0.5555555555555556,True,0.2083333333333333,1628390
5,2020,109.22330097087378,104.18679549114331,100.0,162.0,36.0,80.0,110.0,618.0,621.0,42.0,57.0,39.0,85.0,310.0,647.0,675.0,59.0,239.0,33.0,0.5637583892617449,0.3548387096774194,0.8597449908925319,99.35182091546945,0.2950819672131147,14.239482200647249,14.747181964573269,299.0,0.5357142857142857,0.7491166077738516,0.6172839506172839,False,0.1806451612903225,1628390
