index,year,ortg,drtg,AtRimFGM,AtRimFGA,AtRimAssists,Turnovers,FTA,OffPoss,DefPoss,TwoPtAssists,Steals,BadPassSteals,ThreePtAssists,FG3A,OpponentPoints,Points,SecondChancePoints,FG2A,LiveBallTurnovers,TsPct,Fg3Pct,AtRimFG3AFrequency,Pace,AtRimFrequency,SecondsPerPossOff,SecondsPerPossDef,Minutes,DefAtRimReboundPct,DefFGReboundPct,AtRimAccuracy,player_on,OffFGReboundPct,nba_id
0,2021,113.57586512866015,109.6,204.0,314.0,107.0,145.0,297.0,1127.0,1125.0,163.0,89.0,56.0,102.0,360.0,1233.0,1280.0,178.0,661.0,78.0,0.554735013032146,0.35,0.6601371204701273,96.86889506228157,0.3075416258570029,14.758651286601598,14.972444444444443,558.0,0.647887323943662,0.7535714285714286,0.6496815286624203,True,0.297951582867784,1628989
1,2021,108.01963993453356,111.29296235679216,108.0,164.0,63.0,86.0,131.0,611.0,611.0,94.0,49.0,31.0,54.0,201.0,680.0,660.0,89.0,345.0,43.0,0.543801652892562,0.3532338308457711,0.6684981684981685,95.82747917007023,0.3003663003663003,15.14075286415712,14.913256955810148,306.0,0.6938775510204082,0.7473684210526316,0.6585365853658537,False,0.2585034013605442,1628989
2,2022,120.89041095890413,100.69204152249137,50.0,71.0,29.0,41.0,63.0,292.0,289.0,41.0,28.0,17.0,38.0,128.0,291.0,353.0,70.0,144.0,18.0,0.5986394557823129,0.3671875,0.7316176470588235,90.83052871566603,0.2610294117647059,15.83904109589041,15.868512110726645,154.0,0.7368421052631579,0.7567567567567568,0.704225352112676,True,0.3071428571428571,1628989
3,2022,110.22727272727272,109.49720670391062,28.0,46.0,16.0,25.0,43.0,176.0,179.0,31.0,19.0,10.0,17.0,64.0,196.0,194.0,13.0,92.0,11.0,0.5578034682080925,0.296875,0.7051282051282052,98.51609173251109,0.2948717948717949,15.068181818181818,14.1731843575419,86.0,0.875,0.746268656716418,0.6086956521739131,False,0.2435897435897435,1628989
4,2023,108.05194805194805,106.45994832041345,50.0,82.0,29.0,60.0,84.0,385.0,387.0,56.0,27.0,13.0,37.0,161.0,412.0,416.0,65.0,195.0,36.0,0.5253164556962026,0.3167701863354037,0.6825842696629213,101.18139619550378,0.2303370786516854,15.272727272727272,13.196382428940568,183.0,0.5416666666666666,0.6533333333333333,0.6097560975609756,True,0.3201970443349753,1628989
5,2023,117.2106824925816,116.36363636363636,55.0,66.0,43.0,41.0,92.0,337.0,330.0,62.0,35.0,15.0,34.0,129.0,384.0,395.0,48.0,159.0,18.0,0.5972644376899696,0.3410852713178294,0.6770833333333334,104.70729314291944,0.2291666666666666,14.543026706231457,12.945454545454544,153.0,0.65,0.6535947712418301,0.8333333333333334,False,0.2394366197183098,1628989
