index,year,ortg,drtg,AtRimFGM,AtRimFGA,AtRimAssists,Turnovers,FTA,OffPoss,DefPoss,TwoPtAssists,Steals,BadPassSteals,ThreePtAssists,FG3A,OpponentPoints,Points,SecondChancePoints,FG2A,LiveBallTurnovers,TsPct,Fg3Pct,AtRimFG3AFrequency,Pace,AtRimFrequency,SecondsPerPossOff,SecondsPerPossDef,Minutes,DefAtRimReboundPct,DefFGReboundPct,AtRimAccuracy,player_on,OffFGReboundPct,nba_id
0,2022,124.32432432432432,125.45454545454544,23.0,30.0,14.0,14.0,25.0,111.0,110.0,24.0,9.0,7.0,4.0,35.0,138.0,138.0,28.0,67.0,7.0,0.6052631578947368,0.2857142857142857,0.6372549019607843,88.27739251040222,0.2941176470588235,16.144144144144143,16.48181818181818,60.0,0.5,0.5476190476190477,0.7666666666666667,True,0.3555555555555555,1628984
1,2022,118.30357142857144,116.55480984340043,69.0,91.0,51.0,52.0,94.0,448.0,447.0,100.0,38.0,23.0,33.0,128.0,521.0,530.0,31.0,267.0,31.0,0.6120092378752887,0.328125,0.5544303797468354,94.24497257769652,0.230379746835443,14.819196428571429,15.740492170022373,228.0,0.4761904761904761,0.6116071428571429,0.7582417582417582,False,0.1764705882352941,1628984
