index,year,ortg,drtg,AtRimFGM,AtRimFGA,AtRimAssists,Turnovers,FTA,OffPoss,DefPoss,TwoPtAssists,Steals,BadPassSteals,ThreePtAssists,FG3A,OpponentPoints,Points,SecondChancePoints,FG2A,LiveBallTurnovers,TsPct,Fg3Pct,AtRimFG3AFrequency,Pace,AtRimFrequency,SecondsPerPossOff,SecondsPerPossDef,Minutes,DefAtRimReboundPct,DefFGReboundPct,AtRimAccuracy,player_on,OffFGReboundPct,nba_id
0,2021,137.5,28.571428571428573,1.0,1.0,,,7.0,8.0,7.0,,,,1.0,2.0,2.0,11.0,,2.0,,0.7857142857142857,0.5,0.75,102.85714285714286,0.25,9.75,18.857142857142858,4.0,0.6666666666666666,0.8,1.0,True,,1628995
1,2021,102.81995661605208,111.87904967602591,75.0,138.0,36.0,61.0,102.0,461.0,463.0,56.0,29.0,17.0,36.0,150.0,518.0,474.0,71.0,278.0,24.0,0.5021186440677966,0.34,0.6728971962616822,93.76744186046513,0.322429906542056,15.750542299349242,14.965442764578832,236.0,0.7586206896551724,0.7929515418502202,0.5434782608695652,False,0.2817460317460317,1628995
2,2022,122.72727272727272,105.0,2.0,2.0,,4.0,3.0,22.0,20.0,,3.0,2.0,3.0,13.0,21.0,27.0,3.0,5.0,2.0,0.7105263157894737,0.4615384615384615,0.8333333333333334,109.16967509025272,0.1111111111111111,13.454545454545457,12.9,9.0,,1.0,1.0,True,0.1111111111111111,1628995
3,2022,103.1390134529148,117.41071428571428,55.0,82.0,28.0,78.0,107.0,446.0,448.0,51.0,26.0,15.0,39.0,162.0,526.0,460.0,55.0,211.0,45.0,0.5477326968973747,0.3148148148148148,0.6541554959785523,92.97703307814533,0.2198391420911528,15.307174887892376,15.667410714285714,231.0,0.5789473684210527,0.7089201877934272,0.6707317073170732,False,0.2524271844660194,1628995
