index,year,ortg,drtg,AtRimFGM,AtRimFGA,AtRimAssists,Turnovers,FTA,OffPoss,DefPoss,TwoPtAssists,Steals,BadPassSteals,ThreePtAssists,FG3A,OpponentPoints,Points,SecondChancePoints,FG2A,LiveBallTurnovers,TsPct,Fg3Pct,AtRimFG3AFrequency,Pace,AtRimFrequency,SecondsPerPossOff,SecondsPerPossDef,Minutes,DefAtRimReboundPct,DefFGReboundPct,AtRimAccuracy,player_on,OffFGReboundPct,nba_id
0,2020,112.1951219512195,109.23694779116464,35.0,65.0,13.0,36.0,66.0,246.0,249.0,21.0,13.0,9.0,24.0,70.0,272.0,276.0,29.0,143.0,19.0,0.5612244897959183,0.4142857142857143,0.6338028169014085,95.26864474739374,0.3051643192488263,14.178861788617889,16.04016064257028,125.0,0.6842105263157895,0.7256637168141593,0.5384615384615384,True,0.3214285714285714,1628408
1,2020,113.94448030987732,117.50972762645914,231.0,361.0,123.0,229.0,341.0,1549.0,1542.0,226.0,104.0,70.0,157.0,545.0,1812.0,1765.0,177.0,810.0,123.0,0.5817880794701987,0.3743119266055046,0.6686346863468635,93.63120030291556,0.266420664206642,15.713363460296966,15.044098573281453,792.0,0.6025641025641025,0.736764705882353,0.6398891966759003,False,0.2600574712643678,1628408
2,2023,150.0,63.63636363636363,1.0,4.0,,2.0,3.0,10.0,11.0,,1.0,,2.0,8.0,7.0,15.0,4.0,5.0,1.0,0.5,0.375,0.9230769230769232,82.39782016348775,0.3076923076923077,17.5,17.454545454545453,6.0,,1.0,0.25,True,0.75,1628408
3,2023,110.46676096181046,113.08016877637132,89.0,130.0,51.0,97.0,177.0,707.0,711.0,84.0,53.0,33.0,68.0,270.0,804.0,781.0,117.0,386.0,61.0,0.5277777777777778,0.3037037037037037,0.6097560975609756,103.16374475824789,0.198170731707317,13.018387553041018,14.893108298171589,330.0,0.5813953488372093,0.7096774193548387,0.6846153846153846,False,0.3378378378378378,1628408
