index,year,ortg,drtg,AtRimFGM,AtRimFGA,AtRimAssists,Turnovers,FTA,OffPoss,DefPoss,TwoPtAssists,Steals,BadPassSteals,ThreePtAssists,FG3A,OpponentPoints,Points,SecondChancePoints,FG2A,LiveBallTurnovers,TsPct,Fg3Pct,AtRimFG3AFrequency,Pace,AtRimFrequency,SecondsPerPossOff,SecondsPerPossDef,Minutes,DefAtRimReboundPct,DefFGReboundPct,AtRimAccuracy,player_on,OffFGReboundPct,nba_id
0,2019,100.0,85.18518518518519,3.0,7.0,2.0,5.0,3.0,27.0,27.0,5.0,3.0,2.0,1.0,10.0,23.0,27.0,2.0,14.0,1.0,0.54,0.3,0.7083333333333334,99.43734015345268,0.2916666666666667,12.444444444444445,16.51851851851852,13.0,0.2,0.5238095238095238,0.4285714285714285,True,0.2307692307692307,1628999
1,2019,108.18830599724552,108.24587706146929,1490.0,2375.0,817.0,1203.0,1779.0,7987.0,8004.0,1169.0,624.0,412.0,816.0,2648.0,8664.0,8641.0,1161.0,4546.0,611.0,0.5406033940917662,0.3493202416918429,0.6982207395051432,97.5812999516904,0.3301362246316375,15.052335044447227,14.462143928035982,3933.0,0.6492027334851936,0.7393438388013434,0.6273684210526316,False,0.2880392663394471,1628999
