index,year,ortg,drtg,AtRimFGM,AtRimFGA,AtRimAssists,Turnovers,FTA,OffPoss,DefPoss,TwoPtAssists,Steals,BadPassSteals,ThreePtAssists,FG3A,OpponentPoints,Points,SecondChancePoints,FG2A,LiveBallTurnovers,TsPct,Fg3Pct,AtRimFG3AFrequency,Pace,AtRimFrequency,SecondsPerPossOff,SecondsPerPossDef,Minutes,DefAtRimReboundPct,DefFGReboundPct,AtRimAccuracy,player_on,OffFGReboundPct,nba_id
0,2020,93.5483870967742,109.23076923076924,12.0,22.0,7.0,8.0,13.0,62.0,65.0,10.0,7.0,6.0,6.0,21.0,71.0,58.0,6.0,34.0,2.0,0.4754098360655737,0.3333333333333333,0.7818181818181819,98.11158798283262,0.4,14.596774193548388,14.753846153846156,31.0,0.5,0.5714285714285714,0.5454545454545454,True,0.21875,1628968
1,2020,108.55868413716198,110.58659217877096,1288.0,2119.0,682.0,1064.0,1564.0,7174.0,7160.0,989.0,497.0,308.0,681.0,2434.0,7918.0,7788.0,959.0,3970.0,541.0,0.5479046140821222,0.3410024650780608,0.7109618988132417,98.48913997786006,0.3308869456589631,14.597435182603848,14.64441340782123,3493.0,0.6401515151515151,0.7652596416641361,0.6078338839075036,False,0.2726745870762098,1628968
2,2021,84.375,93.75,7.0,10.0,1.0,5.0,5.0,32.0,32.0,4.0,,,,5.0,30.0,27.0,6.0,23.0,3.0,0.45,,0.5357142857142857,103.43434343434345,0.3571428571428571,16.0625,11.78125,15.0,,0.5909090909090909,0.7,True,0.4375,1628968
3,2021,113.11833834380978,112.99002868460592,1444.0,2355.0,800.0,1059.0,1690.0,7318.0,7321.0,1165.0,535.0,351.0,708.0,2260.0,8272.0,8278.0,1101.0,4288.0,608.0,0.5665751544269046,0.3663716814159292,0.7047953573610263,101.07043712152812,0.35965180207697,14.678737359934408,13.816418522059829,3476.0,0.6899313501144165,0.764128494943486,0.6131634819532908,False,0.2881903642773208,1628968
