index,year,ortg,drtg,AtRimFGM,AtRimFGA,AtRimAssists,Turnovers,FTA,OffPoss,DefPoss,TwoPtAssists,Steals,BadPassSteals,ThreePtAssists,FG3A,OpponentPoints,Points,SecondChancePoints,FG2A,LiveBallTurnovers,TsPct,Fg3Pct,AtRimFG3AFrequency,Pace,AtRimFrequency,SecondsPerPossOff,SecondsPerPossDef,Minutes,DefAtRimReboundPct,DefFGReboundPct,AtRimAccuracy,player_on,OffFGReboundPct,nba_id
0,2018,107.63358778625954,124.8062015503876,18.0,28.0,9.0,21.0,38.0,131.0,129.0,15.0,8.0,4.0,10.0,34.0,161.0,141.0,31.0,78.0,12.0,0.5426356589147286,0.4117647058823529,0.5535714285714286,95.26717557251908,0.25,15.793893129770993,14.426356589147288,66.0,0.4,0.7857142857142857,0.6428571428571429,True,0.3770491803278688,1628506
1,2018,113.30548170654514,112.23377281947262,1501.0,2187.0,801.0,1103.0,1871.0,7899.0,7888.0,1098.0,575.0,386.0,793.0,2603.0,8853.0,8950.0,895.0,4236.0,600.0,0.5828750981932443,0.3714944295044179,0.7003947945606083,97.63896405102436,0.3197835940927036,14.683884035953918,14.812626774847873,3880.0,0.6424167694204685,0.7400653238976592,0.6863283036122543,False,0.2353946993445426,1628506
