index,year,ortg,drtg,AtRimFGM,AtRimFGA,AtRimAssists,Turnovers,FTA,OffPoss,DefPoss,TwoPtAssists,Steals,BadPassSteals,ThreePtAssists,FG3A,OpponentPoints,Points,SecondChancePoints,FG2A,LiveBallTurnovers,TsPct,Fg3Pct,AtRimFG3AFrequency,Pace,AtRimFrequency,SecondsPerPossOff,SecondsPerPossDef,Minutes,DefAtRimReboundPct,DefFGReboundPct,AtRimAccuracy,player_on,OffFGReboundPct,nba_id
0,2021,100.0,44.44444444444444,1.0,1.0,,,1.0,5.0,9.0,,,,1.0,3.0,4.0,5.0,,2.0,,0.5,0.3333333333333333,0.8,95.54502369668246,0.2,11.8,16.88888888888889,4.0,0.6666666666666666,0.8,1.0,True,,1628373
1,2021,103.44827586206895,111.93058568329718,75.0,138.0,36.0,61.0,108.0,464.0,461.0,56.0,29.0,17.0,36.0,149.0,516.0,480.0,71.0,278.0,24.0,0.5063291139240507,0.3422818791946309,0.6721311475409836,93.87553738811756,0.3231850117096019,15.689655172413794,14.98698481561822,236.0,0.7586206896551724,0.7929515418502202,0.5434782608695652,False,0.2817460317460317,1628373
2,2022,104.95867768595042,106.7193675889328,25.0,36.0,13.0,25.0,65.0,242.0,253.0,18.0,28.0,22.0,33.0,115.0,270.0,254.0,13.0,93.0,17.0,0.5358649789029536,0.3478260869565217,0.7259615384615384,95.35785953177258,0.173076923076923,16.210743801652892,14.039525691699604,125.0,0.3529411764705882,0.7008547008547008,0.6944444444444444,True,0.1557377049180328,1628373
3,2022,117.31448763250884,116.41684511063526,142.0,214.0,66.0,159.0,355.0,1415.0,1401.0,108.0,101.0,68.0,186.0,632.0,1631.0,1660.0,150.0,615.0,74.0,0.5898353614889048,0.3860759493670886,0.6784282277465918,91.4017806829708,0.1716118684843624,16.437455830388693,15.064953604568164,739.0,0.6565656565656566,0.705607476635514,0.6635514018691588,False,0.202416918429003,1628373
