index,year,ortg,drtg,AtRimFGM,AtRimFGA,AtRimAssists,Turnovers,FTA,OffPoss,DefPoss,TwoPtAssists,Steals,BadPassSteals,ThreePtAssists,FG3A,OpponentPoints,Points,SecondChancePoints,FG2A,LiveBallTurnovers,TsPct,Fg3Pct,AtRimFG3AFrequency,Pace,AtRimFrequency,SecondsPerPossOff,SecondsPerPossDef,Minutes,DefAtRimReboundPct,DefFGReboundPct,AtRimAccuracy,player_on,OffFGReboundPct,nba_id
0,2018,112.5,110.63829787234044,8.0,15.0,4.0,3.0,10.0,48.0,47.0,6.0,2.0,1.0,6.0,13.0,52.0,54.0,8.0,36.0,,0.5094339622641509,0.4615384615384615,0.5714285714285714,99.4186046511628,0.3061224489795918,14.708333333333334,14.25531914893617,23.0,0.5714285714285714,0.7,0.5333333333333333,True,0.3214285714285714,1628365
1,2018,110.23454157782515,106.4034151547492,179.0,294.0,105.0,143.0,273.0,938.0,937.0,158.0,76.0,44.0,88.0,280.0,997.0,1034.0,142.0,556.0,80.0,0.5387029288702929,0.3321428571428571,0.6866028708133971,97.38854422161305,0.3516746411483253,14.305970149253731,15.266808964781216,462.0,0.6082474226804123,0.7726218097447796,0.608843537414966,False,0.3230769230769231,1628365
2,2020,98.73817034700316,117.5,25.0,48.0,11.0,43.0,57.0,317.0,320.0,29.0,24.0,13.0,40.0,129.0,376.0,313.0,31.0,144.0,24.0,0.5235690235690236,0.3643410852713178,0.6483516483516484,104.18900499772832,0.1758241758241758,14.46372239747634,13.184375,147.0,0.5555555555555556,0.7593984962406015,0.5208333333333334,True,0.1543209876543209,1628365
3,2020,109.35960591133004,104.06091370558376,16.0,28.0,7.0,30.0,48.0,203.0,197.0,28.0,10.0,7.0,22.0,70.0,205.0,222.0,19.0,100.0,11.0,0.5873015873015873,0.4,0.5764705882352941,102.93066476054324,0.1647058823529411,14.35960591133005,13.609137055837564,93.0,0.6,0.8131868131868132,0.5714285714285714,False,0.1868131868131868,1628365
4,2024,110.44776119402984,93.1372549019608,35.0,53.0,15.0,28.0,54.0,201.0,204.0,23.0,18.0,11.0,18.0,72.0,190.0,222.0,35.0,117.0,14.0,0.5238095238095238,0.2638888888888889,0.6613756613756614,92.07451847173982,0.2804232804232804,16.199004975124378,15.088235294117649,106.0,0.6363636363636364,0.8247422680412371,0.660377358490566,True,0.3396226415094339,1628365
5,2024,103.8961038961039,104.56521739130434,63.0,125.0,34.0,73.0,122.0,462.0,460.0,47.0,38.0,24.0,47.0,161.0,481.0,480.0,68.0,238.0,43.0,0.5275330396475771,0.3291925465838509,0.7167919799498746,96.0277737595834,0.3132832080200501,15.14935064935065,14.841304347826089,230.0,0.6595744680851063,0.7476190476190476,0.504,False,0.2918454935622318,1628365
