index,year,ortg,drtg,AtRimFGM,AtRimFGA,AtRimAssists,Turnovers,FTA,OffPoss,DefPoss,TwoPtAssists,Steals,BadPassSteals,ThreePtAssists,FG3A,OpponentPoints,Points,SecondChancePoints,FG2A,LiveBallTurnovers,TsPct,Fg3Pct,AtRimFG3AFrequency,Pace,AtRimFrequency,SecondsPerPossOff,SecondsPerPossDef,Minutes,DefAtRimReboundPct,DefFGReboundPct,AtRimAccuracy,player_on,OffFGReboundPct,nba_id
0,2018,225.0,75.0,1.0,2.0,1.0,,,4.0,4.0,2.0,,,1.0,1.0,3.0,9.0,2.0,4.0,,0.9,1.0,0.6,88.61538461538463,0.4,10.25,22.25,2.0,1.0,0.6666666666666666,0.5,True,1.0,1628399
1,2018,111.30587204206836,113.1509599698833,1466.0,2265.0,812.0,1132.0,1671.0,7987.0,7969.0,1280.0,654.0,393.0,745.0,2363.0,9017.0,8890.0,920.0,4745.0,627.0,0.5661727133367399,0.37748624629708,0.6510973550928532,96.36639684603448,0.3186550365785031,14.901339676975084,14.984690676370937,3974.0,0.6057007125890737,0.7060267248431961,0.6472406181015452,False,0.2611919802252128,1628399
2,2019,108.62944162436548,99.02439024390245,41.0,53.0,19.0,33.0,51.0,197.0,205.0,29.0,7.0,4.0,13.0,50.0,203.0,214.0,27.0,107.0,14.0,0.5977653631284916,0.34,0.6560509554140127,103.18716577540108,0.3375796178343949,13.071065989847716,14.804878048780488,94.0,0.6190476190476191,0.7264150943396226,0.7735849056603774,True,0.24,1628399
3,2019,109.54702938534582,113.7581741248878,1507.0,2386.0,856.0,1076.0,1771.0,7793.0,7799.0,1251.0,603.0,367.0,723.0,2568.0,8872.0,8537.0,967.0,4359.0,620.0,0.5533203125,0.338785046728972,0.7151725133535441,97.1338092147956,0.3444492565324094,14.76350571025279,14.886267470188486,3852.0,0.6071428571428571,0.698611852642819,0.6316010058675607,False,0.2506775067750677,1628399
