index,year,ortg,drtg,AtRimFGM,AtRimFGA,AtRimAssists,Turnovers,FTA,OffPoss,DefPoss,TwoPtAssists,Steals,BadPassSteals,ThreePtAssists,FG3A,OpponentPoints,Points,SecondChancePoints,FG2A,LiveBallTurnovers,TsPct,Fg3Pct,AtRimFG3AFrequency,Pace,AtRimFrequency,SecondsPerPossOff,SecondsPerPossDef,Minutes,DefAtRimReboundPct,DefFGReboundPct,AtRimAccuracy,player_on,OffFGReboundPct,nba_id
0,2021,118.6046511627907,93.1818181818182,5.0,8.0,2.0,5.0,14.0,43.0,44.0,3.0,6.0,3.0,8.0,22.0,41.0,51.0,1.0,13.0,2.0,0.6219512195121951,0.4090909090909091,0.8571428571428571,100.3846153846154,0.2285714285714285,13.372093023255816,15.295454545454543,21.0,0.6666666666666666,0.6666666666666666,0.625,True,0.1666666666666666,1628427
1,2021,117.95698924731182,125.21551724137932,170.0,265.0,79.0,107.0,195.0,930.0,928.0,121.0,55.0,38.0,117.0,363.0,1162.0,1097.0,161.0,524.0,56.0,0.565599173553719,0.3801652892561983,0.7080045095828635,95.0383631713555,0.2987598647125141,15.511827956989247,14.79094827586207,469.0,0.6417910447761194,0.754257907542579,0.6415094339622641,False,0.2908704883227176,1628427
2,2022,121.05263157894736,84.21052631578948,,,,3.0,1.0,19.0,19.0,1.0,1.0,1.0,2.0,10.0,16.0,23.0,,6.0,3.0,0.71875,0.4,0.625,106.66666666666666,,12.842105263157896,14.157894736842104,9.0,,0.8,,True,,1628427
3,2022,115.31728665207878,125.32751091703057,39.0,51.0,20.0,79.0,125.0,457.0,458.0,73.0,34.0,22.0,49.0,147.0,574.0,527.0,72.0,251.0,44.0,0.5803964757709251,0.3537414965986394,0.4974874371859296,94.8801036941024,0.1281407035175879,15.700218818380744,14.655021834061136,231.0,0.7058823529411765,0.7513227513227513,0.7647058823529411,False,0.3283582089552239,1628427
4,2023,42.85714285714285,85.71428571428571,1.0,1.0,1.0,5.0,,21.0,21.0,2.0,1.0,,1.0,8.0,18.0,9.0,2.0,6.0,1.0,0.3214285714285714,0.125,0.6428571428571429,100.29850746268656,0.0714285714285714,16.523809523809526,12.19047619047619,10.0,0.5,0.6428571428571429,1.0,True,0.1,1628427
5,2023,120.2767429483768,111.25933831376734,302.0,443.0,180.0,227.0,442.0,1879.0,1874.0,329.0,136.0,90.0,183.0,592.0,2085.0,2260.0,243.0,1113.0,110.0,0.5927970557308097,0.3783783783783784,0.6070381231671554,94.32116864757316,0.2598240469208211,15.655667908461949,14.87726787620064,955.0,0.6642857142857143,0.77728285077951,0.6817155756207675,False,0.2910179640718562,1628427
