index,year,ortg,drtg,AtRimFGM,AtRimFGA,AtRimAssists,Turnovers,FTA,OffPoss,DefPoss,TwoPtAssists,Steals,BadPassSteals,ThreePtAssists,FG3A,OpponentPoints,Points,SecondChancePoints,FG2A,LiveBallTurnovers,TsPct,Fg3Pct,AtRimFG3AFrequency,Pace,AtRimFrequency,SecondsPerPossOff,SecondsPerPossDef,Minutes,DefAtRimReboundPct,DefFGReboundPct,AtRimAccuracy,player_on,OffFGReboundPct,nba_id
0,2018,108.82352941176472,83.33333333333333,5.0,8.0,4.0,4.0,12.0,34.0,36.0,5.0,4.0,1.0,3.0,12.0,30.0,37.0,8.0,15.0,2.0,0.5606060606060606,0.4166666666666667,0.7407407407407407,98.53372434017597,0.2962962962962963,13.647058823529411,15.52777777777778,17.0,0.3333333333333333,0.7058823529411765,0.625,True,0.3571428571428571,1628935
1,2018,108.67637745408486,110.52299936988028,312.0,477.0,162.0,234.0,340.0,1579.0,1587.0,215.0,111.0,73.0,140.0,462.0,1754.0,1716.0,163.0,916.0,136.0,0.5616393442622951,0.3809523809523809,0.681422351233672,95.10482508292132,0.3461538461538461,14.75744141861938,15.522999369880278,799.0,0.6707317073170732,0.7619047619047619,0.6540880503144654,False,0.2372413793103448,1628935
