index,year,ortg,drtg,AtRimFGM,AtRimFGA,AtRimAssists,Turnovers,FTA,OffPoss,DefPoss,TwoPtAssists,Steals,BadPassSteals,ThreePtAssists,FG3A,OpponentPoints,Points,SecondChancePoints,FG2A,LiveBallTurnovers,TsPct,Fg3Pct,AtRimFG3AFrequency,Pace,AtRimFrequency,SecondsPerPossOff,SecondsPerPossDef,Minutes,DefAtRimReboundPct,DefFGReboundPct,AtRimAccuracy,player_on,OffFGReboundPct,nba_id
0,2019,109.34065934065934,122.22222222222224,42.0,73.0,24.0,55.0,108.0,364.0,369.0,46.0,31.0,23.0,46.0,119.0,451.0,398.0,37.0,184.0,25.0,0.5626780626780626,0.4285714285714285,0.6336633663366337,101.9629057187017,0.2409240924092409,14.903846153846152,13.35230352303523,173.0,0.4,0.7333333333333333,0.5753424657534246,True,0.2280701754385964,1628983
1,2019,116.46586345381526,119.83805668016194,56.0,83.0,30.0,35.0,65.0,249.0,247.0,45.0,17.0,12.0,15.0,71.0,296.0,290.0,47.0,161.0,17.0,0.5579150579150579,0.2535211267605634,0.6637931034482759,103.094688221709,0.3577586206896552,14.028112449799195,13.906882591093115,115.0,0.5,0.7247706422018348,0.6746987951807228,False,0.3620689655172414,1628983
2,2020,103.95189003436424,109.20138888888889,82.0,137.0,36.0,103.0,141.0,582.0,576.0,54.0,30.0,15.0,47.0,202.0,629.0,605.0,75.0,290.0,57.0,0.5433212996389891,0.3267326732673267,0.6890243902439024,99.61290322580643,0.2784552845528455,14.764604810996564,14.14409722222222,279.0,0.7666666666666667,0.8075601374570447,0.5985401459854015,True,0.2565055762081784,1628983
3,2020,99.19354838709675,111.6279069767442,15.0,26.0,7.0,16.0,27.0,124.0,129.0,8.0,7.0,2.0,16.0,54.0,144.0,123.0,7.0,52.0,8.0,0.5168067226890757,0.3333333333333333,0.7547169811320755,97.93548387096774,0.2452830188679245,14.85483870967742,14.55813953488372,62.0,0.7857142857142857,0.8507462686567164,0.5769230769230769,False,0.1935483870967742,1628983
4,2024,112.16730038022814,106.41848523748396,114.0,186.0,57.0,86.0,161.0,789.0,779.0,96.0,68.0,38.0,88.0,287.0,829.0,885.0,89.0,438.0,53.0,0.5513784461152882,0.3554006968641115,0.6524137931034483,94.39859525899912,0.256551724137931,15.271229404309253,15.237483953786906,399.0,0.5882352941176471,0.6796875,0.6129032258064516,True,0.2448453608247422,1628983
5,2024,111.68831168831169,102.48447204968944,29.0,42.0,20.0,26.0,24.0,154.0,161.0,28.0,10.0,9.0,19.0,53.0,165.0,172.0,14.0,80.0,16.0,0.59375,0.3584905660377358,0.7142857142857143,92.9317762753534,0.3157894736842105,15.824675324675324,15.180124223602483,81.0,0.7333333333333333,0.7045454545454546,0.6904761904761905,False,0.2153846153846154,1628983
