index,year,ortg,drtg,AtRimFGM,AtRimFGA,AtRimAssists,Turnovers,FTA,OffPoss,DefPoss,TwoPtAssists,Steals,BadPassSteals,ThreePtAssists,FG3A,OpponentPoints,Points,SecondChancePoints,FG2A,LiveBallTurnovers,TsPct,Fg3Pct,AtRimFG3AFrequency,Pace,AtRimFrequency,SecondsPerPossOff,SecondsPerPossDef,Minutes,DefAtRimReboundPct,DefFGReboundPct,AtRimAccuracy,player_on,OffFGReboundPct,nba_id
0,2020,140.0,40.0,,,,1.0,4.0,5.0,5.0,,,,1.0,1.0,2.0,7.0,,,1.0,1.1666666666666667,1.0,1.0,100.69930069930072,,6.6,22.0,2.0,1.0,1.0,,True,,1628430
1,2020,117.56548536209552,122.60061919504643,80.0,145.0,39.0,83.0,116.0,649.0,646.0,77.0,34.0,23.0,77.0,251.0,792.0,763.0,87.0,351.0,42.0,0.581039755351682,0.4183266932270916,0.6578073089700996,91.78520450853964,0.2408637873754152,15.473035439137131,15.905572755417955,339.0,0.6612903225806451,0.75,0.5517241379310345,False,0.2761904761904762,1628430
