index,year,ortg,drtg,AtRimFGM,AtRimFGA,AtRimAssists,Turnovers,FTA,OffPoss,DefPoss,TwoPtAssists,Steals,BadPassSteals,ThreePtAssists,FG3A,OpponentPoints,Points,SecondChancePoints,FG2A,LiveBallTurnovers,TsPct,Fg3Pct,AtRimFG3AFrequency,Pace,AtRimFrequency,SecondsPerPossOff,SecondsPerPossDef,Minutes,DefAtRimReboundPct,DefFGReboundPct,AtRimAccuracy,player_on,OffFGReboundPct,nba_id
0,2018,83.33333333333333,108.82352941176472,7.0,10.0,3.0,6.0,6.0,36.0,34.0,4.0,2.0,2.0,3.0,12.0,37.0,30.0,6.0,17.0,4.0,0.46875,0.25,0.7586206896551724,98.53372434017597,0.3448275862068966,15.52777777777778,13.647058823529411,17.0,1.0,0.6428571428571429,0.7,True,0.2941176470588235,1628935
1,2018,110.52299936988028,108.67637745408486,271.0,435.0,141.0,199.0,372.0,1587.0,1579.0,174.0,136.0,87.0,139.0,664.0,1716.0,1754.0,192.0,757.0,111.0,0.5544993662864385,0.338855421686747,0.7733990147783252,95.10482508292132,0.3061224489795918,15.522999369880278,14.75744141861938,799.0,0.6727272727272727,0.7627586206896552,0.6229885057471264,False,0.238095238095238,1628935
