index,year,ortg,drtg,AtRimFGM,AtRimFGA,AtRimAssists,Turnovers,FTA,OffPoss,DefPoss,TwoPtAssists,Steals,BadPassSteals,ThreePtAssists,FG3A,OpponentPoints,Points,SecondChancePoints,FG2A,LiveBallTurnovers,TsPct,Fg3Pct,AtRimFG3AFrequency,Pace,AtRimFrequency,SecondsPerPossOff,SecondsPerPossDef,Minutes,DefAtRimReboundPct,DefFGReboundPct,AtRimAccuracy,player_on,OffFGReboundPct,nba_id
0,2018,100.0,157.14285714285714,2.0,2.0,2.0,1.0,2.0,6.0,7.0,2.0,,,,2.0,11.0,6.0,2.0,5.0,1.0,0.375,,0.5714285714285714,84.70588235294119,0.2857142857142857,18.33333333333333,15.857142857142858,4.0,,1.0,1.0,True,0.5,1628388
1,2018,104.94417862838915,111.0576923076923,98.0,137.0,47.0,100.0,165.0,627.0,624.0,63.0,46.0,28.0,55.0,225.0,693.0,658.0,60.0,302.0,56.0,0.5448504983388704,0.3244444444444444,0.6869070208728653,90.34756005817744,0.2599620493358633,16.261562998405104,15.613782051282053,332.0,0.6923076923076923,0.7392857142857143,0.7153284671532847,False,0.2482758620689655,1628388
2,2019,50.0,89.47368421052632,1.0,3.0,,2.0,4.0,20.0,19.0,,2.0,2.0,,5.0,17.0,10.0,3.0,13.0,,0.25,0.2,0.4444444444444444,95.83617747440272,0.1666666666666666,16.5,13.473684210526317,10.0,0.4,0.5384615384615384,0.3333333333333333,True,0.1428571428571428,1628388
3,2019,107.79944289693591,97.22222222222224,43.0,78.0,25.0,62.0,83.0,359.0,360.0,41.0,20.0,15.0,40.0,113.0,350.0,387.0,42.0,189.0,33.0,0.5674486803519062,0.4070796460176991,0.6324503311258278,94.69178708615328,0.2582781456953642,14.832869080779943,15.580555555555556,182.0,0.6904761904761905,0.8306010928961749,0.5512820512820513,False,0.2594936708860759,1628388
4,2021,100.0,100.0,,1.0,,2.0,2.0,16.0,16.0,1.0,4.0,1.0,3.0,9.0,16.0,16.0,,4.0,1.0,0.5714285714285714,0.4444444444444444,0.7692307692307693,102.62806236080178,0.0769230769230769,16.4375,11.625,7.0,0.5,0.5,,True,0.2857142857142857,1628388
5,2021,125.04409171075838,123.85159010600708,110.0,167.0,52.0,65.0,144.0,567.0,566.0,78.0,33.0,22.0,74.0,215.0,701.0,709.0,107.0,319.0,30.0,0.596964586846543,0.4046511627906977,0.7153558052434457,93.59876082840916,0.3127340823970037,15.703703703703704,15.065371024734985,291.0,0.5454545454545454,0.7386363636363636,0.6586826347305389,False,0.3051470588235294,1628388
