index,year,ortg,drtg,AtRimFGM,AtRimFGA,AtRimAssists,Turnovers,FTA,OffPoss,DefPoss,TwoPtAssists,Steals,BadPassSteals,ThreePtAssists,FG3A,OpponentPoints,Points,SecondChancePoints,FG2A,LiveBallTurnovers,TsPct,Fg3Pct,AtRimFG3AFrequency,Pace,AtRimFrequency,SecondsPerPossOff,SecondsPerPossDef,Minutes,DefAtRimReboundPct,DefFGReboundPct,AtRimAccuracy,player_on,OffFGReboundPct,nba_id
0,2020,125.0,107.6923076923077,4.0,8.0,2.0,6.0,13.0,40.0,39.0,4.0,3.0,1.0,5.0,19.0,42.0,50.0,5.0,14.0,3.0,0.6447368421052632,0.3684210526315789,0.8181818181818182,99.5275590551181,0.2424242424242424,13.2,15.76923076923077,19.0,0.3333333333333333,0.7058823529411765,0.5,True,0.25,1628450
1,2020,110.27579448411032,112.66657315191472,1222.0,1895.0,633.0,1037.0,1451.0,7143.0,7129.0,952.0,553.0,343.0,752.0,2492.0,8032.0,7877.0,907.0,3839.0,554.0,0.5641173087981599,0.3639646869983948,0.6929395040277997,98.65579861461138,0.2993208024008845,14.480330393392132,14.7123018656193,3472.0,0.6801948051948052,0.74770206022187,0.6448548812664908,False,0.2478195488721804,1628450
