index,year,ortg,drtg,AtRimFGM,AtRimFGA,AtRimAssists,Turnovers,FTA,OffPoss,DefPoss,TwoPtAssists,Steals,BadPassSteals,ThreePtAssists,FG3A,OpponentPoints,Points,SecondChancePoints,FG2A,LiveBallTurnovers,TsPct,Fg3Pct,AtRimFG3AFrequency,Pace,AtRimFrequency,SecondsPerPossOff,SecondsPerPossDef,Minutes,DefAtRimReboundPct,DefFGReboundPct,AtRimAccuracy,player_on,OffFGReboundPct,nba_id
0,2023,112.41496598639456,116.21160409556316,77.0,105.0,46.0,80.0,153.0,588.0,586.0,70.0,43.0,27.0,56.0,225.0,681.0,661.0,96.0,307.0,51.0,0.5455298013245033,0.3022222222222222,0.6203007518796992,104.51038575667656,0.1973684210526315,12.644557823129253,14.916382252559726,270.0,0.5757575757575758,0.7065217391304348,0.7333333333333333,True,0.3287671232876712,1628368
1,2023,104.65116279069768,95.58823529411764,13.0,29.0,5.0,19.0,27.0,129.0,136.0,14.0,11.0,6.0,14.0,53.0,130.0,135.0,25.0,84.0,11.0,0.4530201342281879,0.320754716981132,0.5985401459854015,95.78313253012048,0.2116788321167883,15.069767441860463,15.0,66.0,0.6,0.7391304347826086,0.4482758620689655,False,0.4069767441860465,1628368
