index,year,ortg,drtg,AtRimFGM,AtRimFGA,AtRimAssists,Turnovers,FTA,OffPoss,DefPoss,TwoPtAssists,Steals,BadPassSteals,ThreePtAssists,FG3A,OpponentPoints,Points,SecondChancePoints,FG2A,LiveBallTurnovers,TsPct,Fg3Pct,AtRimFG3AFrequency,Pace,AtRimFrequency,SecondsPerPossOff,SecondsPerPossDef,Minutes,DefAtRimReboundPct,DefFGReboundPct,AtRimAccuracy,player_on,OffFGReboundPct,nba_id
0,2020,113.646288209607,112.24489795918367,147.0,225.0,69.0,105.0,268.0,916.0,931.0,115.0,77.0,50.0,87.0,269.0,1045.0,1041.0,149.0,562.0,60.0,0.544689800210305,0.3717472118959107,0.5944645006016848,101.46415900507382,0.2707581227436823,13.943231441048034,14.43716433941998,437.0,0.6571428571428571,0.7312661498708011,0.6533333333333333,True,0.2757847533632287,1628394
1,2020,111.08195709214384,116.56603189348196,1139.0,1771.0,664.0,914.0,1502.0,6479.0,6459.0,967.0,497.0,324.0,632.0,2076.0,7529.0,7197.0,798.0,3637.0,481.0,0.5642317380352645,0.3680154142581888,0.6733765097146858,102.34016490247024,0.3099947488184841,13.914801666923909,14.227124941941478,3034.0,0.5795454545454546,0.7109291562833748,0.6431394692264257,False,0.2502469542311492,1628394
2,2021,57.142857142857146,161.53846153846155,1.0,1.0,1.0,5.0,,14.0,13.0,1.0,1.0,,2.0,8.0,21.0,8.0,2.0,2.0,2.0,0.4,0.25,0.9,102.58575197889182,0.1,17.142857142857142,10.692307692307692,6.0,,0.5,1.0,True,0.2857142857142857,1628394
3,2021,111.9861185264282,113.54416866826794,1166.0,1747.0,652.0,1031.0,1884.0,7492.0,7494.0,1189.0,527.0,342.0,643.0,2080.0,8509.0,8390.0,932.0,4456.0,585.0,0.5699644711669856,0.3514423076923076,0.5855263157894737,103.5098642082492,0.2672888616891065,13.532968499733048,14.290365625834,3475.0,0.6369168356997972,0.7400468384074942,0.6674298797939324,False,0.2444378522693562,1628394
