index,year,ortg,drtg,AtRimFGM,AtRimFGA,AtRimAssists,Turnovers,FTA,OffPoss,DefPoss,TwoPtAssists,Steals,BadPassSteals,ThreePtAssists,FG3A,OpponentPoints,Points,SecondChancePoints,FG2A,LiveBallTurnovers,TsPct,Fg3Pct,AtRimFG3AFrequency,Pace,AtRimFrequency,SecondsPerPossOff,SecondsPerPossDef,Minutes,DefAtRimReboundPct,DefFGReboundPct,AtRimAccuracy,player_on,OffFGReboundPct,nba_id
0,2021,91.2621359223301,99.0521327014218,41.0,60.0,19.0,34.0,40.0,206.0,211.0,27.0,11.0,7.0,9.0,62.0,209.0,188.0,24.0,118.0,16.0,0.482051282051282,0.2258064516129032,0.6777777777777778,97.46469728940107,0.3333333333333333,14.019417475728156,15.511848341232229,103.0,0.631578947368421,0.8425925925925926,0.6833333333333333,True,0.198019801980198,1628455
1,2021,114.43624868282404,120.8686440677966,142.0,227.0,63.0,121.0,230.0,949.0,944.0,112.0,67.0,43.0,83.0,357.0,1141.0,1086.0,149.0,530.0,69.0,0.5508130081300813,0.3389355742296919,0.6583990980834273,94.9831004564619,0.2559188275084554,14.701791359325606,15.621822033898304,478.0,0.6,0.7547169811320755,0.6255506607929515,False,0.3041666666666666,1628455
