index,year,ortg,drtg,AtRimFGM,AtRimFGA,AtRimAssists,Turnovers,FTA,OffPoss,DefPoss,TwoPtAssists,Steals,BadPassSteals,ThreePtAssists,FG3A,OpponentPoints,Points,SecondChancePoints,FG2A,LiveBallTurnovers,TsPct,Fg3Pct,AtRimFG3AFrequency,Pace,AtRimFrequency,SecondsPerPossOff,SecondsPerPossDef,Minutes,DefAtRimReboundPct,DefFGReboundPct,AtRimAccuracy,player_on,OffFGReboundPct,nba_id
0,2019,100.0,116.66666666666669,4.0,5.0,3.0,1.0,,12.0,12.0,3.0,2.0,2.0,,1.0,14.0,12.0,2.0,10.0,,0.5454545454545454,,0.5454545454545454,103.1641791044776,0.4545454545454545,12.666666666666666,15.25,6.0,,1.0,0.8,True,0.2,1628979
1,2019,106.22106137955598,114.6107358691788,1207.0,2083.0,640.0,1095.0,1694.0,8423.0,8439.0,1119.0,555.0,362.0,909.0,2975.0,9672.0,8947.0,993.0,4683.0,615.0,0.531984723714047,0.360672268907563,0.6604857665186733,102.44185212530324,0.2720031339775398,14.450195892199927,13.664059722715962,3950.0,0.661987041036717,0.760313315926893,0.5794527124339894,False,0.2347274436090225,1628979
