index,year,ortg,drtg,AtRimFGM,AtRimFGA,AtRimAssists,Turnovers,FTA,OffPoss,DefPoss,TwoPtAssists,Steals,BadPassSteals,ThreePtAssists,FG3A,OpponentPoints,Points,SecondChancePoints,FG2A,LiveBallTurnovers,TsPct,Fg3Pct,AtRimFG3AFrequency,Pace,AtRimFrequency,SecondsPerPossOff,SecondsPerPossDef,Minutes,DefAtRimReboundPct,DefFGReboundPct,AtRimAccuracy,player_on,OffFGReboundPct,nba_id
0,2018,105.6547619047619,114.24418604651164,52.0,91.0,25.0,40.0,100.0,336.0,344.0,34.0,28.0,18.0,22.0,124.0,393.0,355.0,43.0,173.0,23.0,0.5174927113702624,0.282258064516129,0.7239057239057239,94.13574312632186,0.3063973063973064,15.410714285714286,15.186046511627907,173.0,0.4782608695652174,0.6518987341772152,0.5714285714285714,True,0.2742857142857143,1628395
1,2018,103.41981132075472,114.3026706231454,294.0,445.0,152.0,245.0,342.0,1696.0,1685.0,245.0,129.0,86.0,128.0,559.0,1926.0,1754.0,229.0,980.0,142.0,0.5190476190476191,0.3202146690518783,0.6523716699155295,96.64218508078925,0.2891487979207277,15.568985849056604,14.227299703264094,840.0,0.6166666666666667,0.7738562091503268,0.6606741573033708,False,0.2523364485981308,1628395
2,2019,125.1207729468599,121.6346153846154,37.0,50.0,24.0,24.0,38.0,207.0,208.0,38.0,15.0,10.0,26.0,90.0,253.0,259.0,38.0,110.0,13.0,0.5972222222222222,0.3777777777777777,0.7,94.39267098404676,0.25,16.391304347826086,14.125,106.0,0.5555555555555556,0.7411764705882353,0.74,True,0.3366336633663366,1628395
3,2019,111.0091743119266,115.3217568947906,269.0,422.0,145.0,299.0,531.0,1962.0,1958.0,242.0,157.0,105.0,190.0,708.0,2258.0,2178.0,265.0,986.0,150.0,0.5622729631551635,0.3587570621468927,0.667060212514758,97.95068455118084,0.2491145218417945,15.670234454638123,13.730337078651685,960.0,0.5873015873015873,0.7080957810718358,0.6374407582938388,False,0.2730227518959913,1628395
