index,year,ortg,drtg,AtRimFGM,AtRimFGA,AtRimAssists,Turnovers,FTA,OffPoss,DefPoss,TwoPtAssists,Steals,BadPassSteals,ThreePtAssists,FG3A,OpponentPoints,Points,SecondChancePoints,FG2A,LiveBallTurnovers,TsPct,Fg3Pct,AtRimFG3AFrequency,Pace,AtRimFrequency,SecondsPerPossOff,SecondsPerPossDef,Minutes,DefAtRimReboundPct,DefFGReboundPct,AtRimAccuracy,player_on,OffFGReboundPct,nba_id
0,2018,111.83206106870227,108.92687559354226,203.0,290.0,125.0,173.0,222.0,1048.0,1053.0,194.0,73.0,52.0,95.0,304.0,1147.0,1172.0,132.0,596.0,90.0,0.5877016129032258,0.3552631578947368,0.66,97.2591378146398,0.3222222222222222,14.481870229007631,15.128205128205128,518.0,0.635036496350365,0.7189922480620154,0.7,True,0.2574031890660592,1628463
1,2018,111.44664941041128,105.4691997697179,1134.0,1829.0,668.0,1064.0,1464.0,6954.0,6948.0,1115.0,636.0,402.0,733.0,2215.0,7328.0,7750.0,933.0,3992.0,547.0,0.5653863069931095,0.3796839729119639,0.6515224746254229,97.48520839724766,0.2946673111003705,14.680903077365546,14.862118595279217,3423.0,0.6634214186369958,0.7555691180958194,0.6200109349371241,False,0.2782715292675452,1628463
2,2019,126.96629213483146,86.36363636363636,21.0,30.0,10.0,10.0,26.0,89.0,88.0,13.0,5.0,3.0,8.0,25.0,76.0,113.0,15.0,52.0,3.0,0.6420454545454546,0.44,0.7142857142857143,107.58970029548333,0.3896103896103896,13.067415730337078,13.704545454545457,39.0,0.5833333333333334,0.7619047619047619,0.7,True,0.2941176470588235,1628463
3,2019,106.0553846153846,111.82914820285572,1323.0,2223.0,679.0,1124.0,1796.0,8125.0,8124.0,1130.0,690.0,484.0,619.0,2248.0,9085.0,8617.0,900.0,4928.0,660.0,0.5397155085599195,0.3536476868327402,0.6230490523968785,99.6994345756761,0.3097826086956521,14.447753846153846,14.4390694239291,3912.0,0.6135040745052387,0.7305685251304587,0.5951417004048583,False,0.2321428571428571,1628463
