index,year,ortg,drtg,AtRimFGM,AtRimFGA,AtRimAssists,Turnovers,FTA,OffPoss,DefPoss,TwoPtAssists,Steals,BadPassSteals,ThreePtAssists,FG3A,OpponentPoints,Points,SecondChancePoints,FG2A,LiveBallTurnovers,TsPct,Fg3Pct,AtRimFG3AFrequency,Pace,AtRimFrequency,SecondsPerPossOff,SecondsPerPossDef,Minutes,DefAtRimReboundPct,DefFGReboundPct,AtRimAccuracy,player_on,OffFGReboundPct,nba_id
0,2019,100.0,58.333333333333336,1.0,2.0,1.0,1.0,4.0,12.0,12.0,1.0,,,2.0,5.0,7.0,12.0,,3.0,1.0,0.6,0.4,0.875,141.63934426229508,0.25,7.583333333333333,12.75,4.0,1.0,1.0,0.5,True,,1628449
1,2019,105.32054077627562,110.96128751631144,365.0,581.0,211.0,368.0,597.0,2293.0,2299.0,338.0,156.0,96.0,226.0,806.0,2551.0,2415.0,306.0,1182.0,192.0,0.5348888888888889,0.3287841191066997,0.6976861167002012,95.17646381484252,0.2922535211267605,14.949411251635413,15.30969986950848,1158.0,0.654054054054054,0.7734303912647862,0.6282271944922547,False,0.2724014336917563,1628449
2,2020,109.5744680851064,104.3010752688172,8.0,16.0,5.0,18.0,31.0,94.0,93.0,7.0,3.0,2.0,11.0,35.0,97.0,103.0,5.0,34.0,8.0,0.6144578313253012,0.4857142857142857,0.7391304347826086,105.2697419859265,0.2318840579710145,14.148936170212766,13.204301075268818,43.0,0.5833333333333334,0.7954545454545454,0.5,True,0.2105263157894736,1628449
3,2020,105.81745235707122,110.37924151696606,144.0,217.0,85.0,150.0,229.0,997.0,1002.0,128.0,65.0,38.0,113.0,408.0,1106.0,1055.0,96.0,468.0,70.0,0.54,0.3235294117647059,0.7134703196347032,96.84947177175157,0.2477168949771689,15.018054162487465,14.719560878243511,495.0,0.6363636363636364,0.7892561983471075,0.663594470046083,False,0.2274590163934426,1628449
4,2022,115.51020408163264,115.66265060240964,34.0,45.0,22.0,43.0,69.0,245.0,249.0,34.0,14.0,8.0,27.0,83.0,288.0,283.0,23.0,110.0,18.0,0.6345291479820628,0.3975903614457831,0.6632124352331606,91.34052388289676,0.233160621761658,16.29795918367347,15.240963855421686,130.0,0.5,0.704,0.7555555555555555,True,0.202127659574468,1628449
5,2022,125.32467532467533,107.46753246753246,58.0,83.0,33.0,44.0,83.0,308.0,308.0,43.0,17.0,6.0,40.0,118.0,331.0,386.0,50.0,158.0,22.0,0.6153846153846154,0.4152542372881356,0.7282608695652174,90.58823529411764,0.3007246376811594,16.227272727272727,15.564935064935066,163.0,0.8235294117647058,0.7837837837837838,0.6987951807228916,False,0.316546762589928,1628449
