index,year,ortg,drtg,AtRimFGM,AtRimFGA,AtRimAssists,Turnovers,FTA,OffPoss,DefPoss,TwoPtAssists,Steals,BadPassSteals,ThreePtAssists,FG3A,OpponentPoints,Points,SecondChancePoints,FG2A,LiveBallTurnovers,TsPct,Fg3Pct,AtRimFG3AFrequency,Pace,AtRimFrequency,SecondsPerPossOff,SecondsPerPossDef,Minutes,DefAtRimReboundPct,DefFGReboundPct,AtRimAccuracy,player_on,OffFGReboundPct,nba_id
0,2020,121.7391304347826,127.27272727272728,3.0,9.0,2.0,2.0,8.0,23.0,22.0,2.0,2.0,1.0,4.0,9.0,28.0,28.0,4.0,9.0,,0.6363636363636364,0.5555555555555556,1.0,102.04724409448818,0.5,14.608695652173912,13.590909090909092,11.0,,0.6666666666666666,0.3333333333333333,True,0.4,1629044
1,2020,111.87940810399668,105.74314973706062,1370.0,2234.0,733.0,1064.0,1662.0,7231.0,7226.0,1007.0,634.0,366.0,803.0,2654.0,7641.0,8090.0,856.0,3659.0,520.0,0.5732991744947339,0.3730218538055765,0.7742753049263424,100.12302512925334,0.3538729605575796,14.091965150048402,14.67284804871298,3465.0,0.6185430463576159,0.7301184433164128,0.6132497761862131,False,0.2462686567164179,1629044
