index,year,ortg,drtg,AtRimFGM,AtRimFGA,AtRimAssists,Turnovers,FTA,OffPoss,DefPoss,TwoPtAssists,Steals,BadPassSteals,ThreePtAssists,FG3A,OpponentPoints,Points,SecondChancePoints,FG2A,LiveBallTurnovers,TsPct,Fg3Pct,AtRimFG3AFrequency,Pace,AtRimFrequency,SecondsPerPossOff,SecondsPerPossDef,Minutes,DefAtRimReboundPct,DefFGReboundPct,AtRimAccuracy,player_on,OffFGReboundPct,nba_id
0,2022,125.0,107.6923076923077,4.0,4.0,2.0,4.0,6.0,28.0,26.0,2.0,1.0,,2.0,10.0,28.0,35.0,,11.0,3.0,0.7291666666666666,0.5,0.6666666666666666,108.60335195530726,0.1904761904761904,10.428571428571429,16.307692307692307,12.0,0.5,0.6363636363636364,1.0,True,0.125,1629669
1,2022,105.80204778156995,112.82051282051282,95.0,164.0,55.0,102.0,162.0,586.0,585.0,70.0,48.0,28.0,63.0,204.0,660.0,620.0,65.0,267.0,46.0,0.5712962962962963,0.3823529411764705,0.7813163481953291,101.80149722289302,0.3481953290870488,14.3839590443686,13.905982905982906,276.0,0.6470588235294118,0.6970802919708029,0.5792682926829268,False,0.2125984251968504,1629669
2,2023,104.95867768595042,128.92561983471074,20.0,36.0,12.0,18.0,38.0,121.0,121.0,17.0,8.0,2.0,10.0,40.0,156.0,127.0,21.0,66.0,7.0,0.516260162601626,0.3,0.7169811320754716,93.4763948497854,0.3396226415094339,15.305785123966942,15.50413223140496,62.0,0.1666666666666666,0.5384615384615384,0.5555555555555556,True,0.2903225806451613,1629669
3,2023,111.42061281337048,114.64088397790056,61.0,92.0,32.0,46.0,83.0,359.0,362.0,50.0,25.0,15.0,36.0,121.0,415.0,400.0,26.0,186.0,29.0,0.5813953488372093,0.3636363636363636,0.6938110749185668,94.62632154575282,0.2996742671009772,14.846796657381615,15.585635359116022,183.0,0.6071428571428571,0.7650602409638554,0.6630434782608695,False,0.1794871794871795,1629669
