index,year,ortg,drtg,AtRimFGM,AtRimFGA,AtRimAssists,Turnovers,FTA,OffPoss,DefPoss,TwoPtAssists,Steals,BadPassSteals,ThreePtAssists,FG3A,OpponentPoints,Points,SecondChancePoints,FG2A,LiveBallTurnovers,TsPct,Fg3Pct,AtRimFG3AFrequency,Pace,AtRimFrequency,SecondsPerPossOff,SecondsPerPossDef,Minutes,DefAtRimReboundPct,DefFGReboundPct,AtRimAccuracy,player_on,OffFGReboundPct,nba_id
0,2019,100.0,8.333333333333334,1.0,2.0,,,6.0,13.0,12.0,,2.0,2.0,1.0,6.0,1.0,13.0,,4.0,,0.5,0.3333333333333333,0.8,109.4224924012158,0.2,10.615384615384617,15.916666666666666,5.0,1.0,0.875,0.5,True,,1629015
1,2019,110.34188034188034,108.56898029134533,202.0,317.0,114.0,198.0,304.0,1170.0,1167.0,189.0,74.0,51.0,103.0,335.0,1267.0,1291.0,176.0,685.0,95.0,0.5586446568201564,0.3313432835820895,0.6392156862745098,98.3108877917677,0.3107843137254902,15.015384615384615,14.278491859468724,571.0,0.6611570247933884,0.7627416520210897,0.637223974763407,False,0.3141263940520446,1629015
