index,year,ortg,drtg,AtRimFGM,AtRimFGA,AtRimAssists,Turnovers,FTA,OffPoss,DefPoss,TwoPtAssists,Steals,BadPassSteals,ThreePtAssists,FG3A,OpponentPoints,Points,SecondChancePoints,FG2A,LiveBallTurnovers,TsPct,Fg3Pct,AtRimFG3AFrequency,Pace,AtRimFrequency,SecondsPerPossOff,SecondsPerPossDef,Minutes,DefAtRimReboundPct,DefFGReboundPct,AtRimAccuracy,player_on,OffFGReboundPct,nba_id
0,2022,40.0,140.0,1.0,1.0,1.0,1.0,,5.0,5.0,1.0,1.0,,,2.0,7.0,2.0,,1.0,1.0,0.3333333333333333,,1.0,124.13793103448276,0.3333333333333333,12.2,11.0,2.0,,,1.0,True,,1629788
1,2022,110.99949135300102,111.10545732095152,1266.0,2040.0,658.0,1085.0,1980.0,7864.0,7861.0,932.0,569.0,385.0,860.0,3027.0,8734.0,8729.0,1191.0,4039.0,571.0,0.5495199595755432,0.3574496200858936,0.7170959524483442,95.44603867747972,0.2887064817435607,15.34651576805697,14.827502862231269,3954.0,0.6193633952254642,0.7488836354084581,0.6205882352941177,False,0.2841347390074569,1629788
