index,year,ortg,drtg,AtRimFGM,AtRimFGA,AtRimAssists,Turnovers,FTA,OffPoss,DefPoss,TwoPtAssists,Steals,BadPassSteals,ThreePtAssists,FG3A,OpponentPoints,Points,SecondChancePoints,FG2A,LiveBallTurnovers,TsPct,Fg3Pct,AtRimFG3AFrequency,Pace,AtRimFrequency,SecondsPerPossOff,SecondsPerPossDef,Minutes,DefAtRimReboundPct,DefFGReboundPct,AtRimAccuracy,player_on,OffFGReboundPct,nba_id
0,2020,80.95238095238095,133.33333333333334,4.0,5.0,2.0,10.0,7.0,42.0,42.0,2.0,4.0,1.0,4.0,17.0,56.0,34.0,2.0,14.0,4.0,0.4852941176470588,0.2941176470588235,0.7096774193548387,97.2347266881029,0.1612903225806451,17.857142857142858,11.761904761904765,21.0,0.3333333333333333,0.4444444444444444,0.8,True,0.2105263157894736,1629121
1,2020,119.22246220302377,103.02375809935204,107.0,162.0,58.0,65.0,133.0,463.0,463.0,80.0,40.0,19.0,44.0,158.0,477.0,552.0,66.0,253.0,33.0,0.5899357601713062,0.3481012658227848,0.7785888077858881,101.35603526907876,0.3941605839416058,14.004319654427643,14.41036717062635,219.0,0.6956521739130435,0.7521739130434782,0.6604938271604939,False,0.3009708737864077,1629121
