index,year,ortg,drtg,AtRimFGM,AtRimFGA,AtRimAssists,Turnovers,FTA,OffPoss,DefPoss,TwoPtAssists,Steals,BadPassSteals,ThreePtAssists,FG3A,OpponentPoints,Points,SecondChancePoints,FG2A,LiveBallTurnovers,TsPct,Fg3Pct,AtRimFG3AFrequency,Pace,AtRimFrequency,SecondsPerPossOff,SecondsPerPossDef,Minutes,DefAtRimReboundPct,DefFGReboundPct,AtRimAccuracy,player_on,OffFGReboundPct,nba_id
0,2020,127.65957446808513,95.74468085106383,31.0,41.0,21.0,17.0,26.0,141.0,141.0,34.0,8.0,5.0,16.0,56.0,135.0,180.0,18.0,74.0,10.0,0.6347517730496454,0.3928571428571428,0.7461538461538462,104.79483870967742,0.3153846153846154,14.106382978723405,13.375886524822697,65.0,0.6666666666666666,0.8529411764705882,0.7560975609756098,True,0.2622950819672131,1629185
1,2020,122.18045112781957,108.27067669172932,41.0,69.0,20.0,31.0,68.0,266.0,266.0,32.0,20.0,15.0,40.0,108.0,288.0,325.0,32.0,126.0,10.0,0.6183206106870229,0.4537037037037037,0.7564102564102564,100.2066710268149,0.2948717948717949,14.597744360902256,14.142857142857142,127.0,0.4210526315789473,0.7083333333333334,0.5942028985507246,False,0.2166666666666666,1629185
2,2021,75.0,88.0952380952381,6.0,9.0,3.0,10.0,9.0,40.0,42.0,3.0,3.0,2.0,2.0,10.0,37.0,30.0,5.0,15.0,6.0,0.5172413793103449,0.2,0.76,104.12698412698414,0.36,13.475,14.166666666666666,19.0,0.6666666666666666,0.6521739130434783,0.6666666666666666,True,0.1333333333333333,1629185
3,2021,111.5695067264574,117.96945193171608,177.0,278.0,79.0,145.0,261.0,1115.0,1113.0,136.0,75.0,48.0,90.0,409.0,1313.0,1244.0,168.0,633.0,79.0,0.54,0.3251833740831296,0.6593090211132437,95.12898060843266,0.2667946257197697,14.619730941704036,15.655884995507638,562.0,0.6043956043956044,0.7779960707269156,0.6366906474820144,False,0.2897526501766784,1629185
