index,year,ortg,drtg,AtRimFGM,AtRimFGA,AtRimAssists,Turnovers,FTA,OffPoss,DefPoss,TwoPtAssists,Steals,BadPassSteals,ThreePtAssists,FG3A,OpponentPoints,Points,SecondChancePoints,FG2A,LiveBallTurnovers,TsPct,Fg3Pct,AtRimFG3AFrequency,Pace,AtRimFrequency,SecondsPerPossOff,SecondsPerPossDef,Minutes,DefAtRimReboundPct,DefFGReboundPct,AtRimAccuracy,player_on,OffFGReboundPct,nba_id
0,2021,115.82278481012658,104.5751633986928,25.0,43.0,13.0,28.0,44.0,158.0,153.0,20.0,9.0,8.0,16.0,48.0,160.0,183.0,30.0,88.0,14.0,0.5903225806451613,0.3958333333333333,0.6691176470588235,100.39004707464694,0.3161764705882353,13.727848101265822,14.980392156862743,74.0,0.5714285714285714,0.7560975609756098,0.5813953488372093,True,0.3424657534246575,1629962
1,2021,114.7977544263711,105.77367205542726,1186.0,1806.0,677.0,889.0,1346.0,6947.0,6928.0,1023.0,539.0,332.0,815.0,2601.0,7328.0,7975.0,812.0,3719.0,482.0,0.5777115440535039,0.3721645520953479,0.6973101265822785,98.18230065012604,0.2857594936708861,14.150136749676118,15.1844688221709,3392.0,0.6399345335515548,0.7529778786159954,0.6566998892580288,False,0.242359413202934,1629962
2,2022,111.48648648648648,108.50340136054422,53.0,71.0,25.0,35.0,49.0,296.0,294.0,38.0,21.0,16.0,37.0,128.0,319.0,330.0,41.0,143.0,18.0,0.565068493150685,0.34375,0.7343173431734318,97.97047970479704,0.2619926199261992,14.29054054054054,15.108843537414966,145.0,0.8571428571428571,0.7894736842105263,0.7464788732394366,True,0.2183098591549295,1629962
3,2022,113.10388782664116,104.7085772461186,1199.0,1874.0,686.0,1044.0,1802.0,7845.0,7858.0,1110.0,634.0,409.0,849.0,2851.0,8228.0,8873.0,1057.0,4178.0,537.0,0.566401743366235,0.3640827779726411,0.6722151088348272,98.87847197929057,0.266609759567506,14.575525812619505,14.551158055484857,3811.0,0.6274238227146814,0.7631920977384975,0.6398078975453575,False,0.261509635974304,1629962
