index,year,ortg,drtg,AtRimFGM,AtRimFGA,AtRimAssists,Turnovers,FTA,OffPoss,DefPoss,TwoPtAssists,Steals,BadPassSteals,ThreePtAssists,FG3A,OpponentPoints,Points,SecondChancePoints,FG2A,LiveBallTurnovers,TsPct,Fg3Pct,AtRimFG3AFrequency,Pace,AtRimFrequency,SecondsPerPossOff,SecondsPerPossDef,Minutes,DefAtRimReboundPct,DefFGReboundPct,AtRimAccuracy,player_on,OffFGReboundPct,nba_id
0,2024,65.21739130434783,77.27272727272727,3.0,5.0,2.0,2.0,10.0,23.0,22.0,2.0,1.0,,,7.0,17.0,15.0,2.0,10.0,1.0,0.3409090909090909,,0.7058823529411765,100.46511627906976,0.2941176470588235,14.521739130434783,14.136363636363637,11.0,0.6666666666666666,0.8181818181818182,0.6,True,0.25,1629618
1,2024,111.40754369825208,113.10724106324471,198.0,306.0,117.0,142.0,190.0,1087.0,1091.0,186.0,76.0,44.0,111.0,372.0,1234.0,1211.0,131.0,633.0,79.0,0.5563250230840259,0.3387096774193548,0.6746268656716418,92.47589562140644,0.3044776119402985,15.82980680772769,15.314390467461044,565.0,0.6534653465346535,0.7622950819672131,0.6470588235294118,False,0.24765478424015,1629618
