index,year,ortg,drtg,AtRimFGM,AtRimFGA,AtRimAssists,Turnovers,FTA,OffPoss,DefPoss,TwoPtAssists,Steals,BadPassSteals,ThreePtAssists,FG3A,OpponentPoints,Points,SecondChancePoints,FG2A,LiveBallTurnovers,TsPct,Fg3Pct,AtRimFG3AFrequency,Pace,AtRimFrequency,SecondsPerPossOff,SecondsPerPossDef,Minutes,DefAtRimReboundPct,DefFGReboundPct,AtRimAccuracy,player_on,OffFGReboundPct,nba_id
0,2022,114.28571428571428,100.0,11.0,16.0,4.0,2.0,16.0,49.0,47.0,4.0,5.0,3.0,2.0,17.0,47.0,56.0,4.0,26.0,1.0,0.56,0.1764705882352941,0.7674418604651163,94.87989018531228,0.3720930232558139,13.183673469387756,17.25531914893617,24.0,0.5,0.7916666666666666,0.6875,True,0.125,1629672
1,2022,109.57230142566192,117.37373737373736,67.0,108.0,39.0,69.0,143.0,491.0,495.0,63.0,19.0,13.0,34.0,162.0,581.0,538.0,83.0,269.0,38.0,0.5403225806451613,0.2839506172839506,0.6264501160092807,89.73266763572016,0.2505800464037123,14.975560081466394,17.11111111111111,264.0,0.8076923076923077,0.8208333333333333,0.6203703703703703,False,0.3050847457627119,1629672
