index,year,ortg,drtg,AtRimFGM,AtRimFGA,AtRimAssists,Turnovers,FTA,OffPoss,DefPoss,TwoPtAssists,Steals,BadPassSteals,ThreePtAssists,FG3A,OpponentPoints,Points,SecondChancePoints,FG2A,LiveBallTurnovers,TsPct,Fg3Pct,AtRimFG3AFrequency,Pace,AtRimFrequency,SecondsPerPossOff,SecondsPerPossDef,Minutes,DefAtRimReboundPct,DefFGReboundPct,AtRimAccuracy,player_on,OffFGReboundPct,nba_id
0,2021,110.05434782608695,125.54347826086956,62.0,89.0,36.0,49.0,104.0,368.0,368.0,62.0,19.0,12.0,27.0,83.0,462.0,405.0,43.0,231.0,32.0,0.5580110497237569,0.3493975903614458,0.5477707006369427,101.986143187067,0.2834394904458598,13.554347826086955,14.684782608695652,173.0,0.782608695652174,0.70625,0.6966292134831461,True,0.2608695652173913,1629060
1,2021,103.57142857142856,112.85714285714286,22.0,34.0,10.0,18.0,41.0,140.0,140.0,19.0,5.0,3.0,4.0,38.0,158.0,145.0,30.0,91.0,11.0,0.4898648648648648,0.1578947368421052,0.5581395348837209,100.5988023952096,0.2635658914728682,13.55,15.07857142857143,67.0,0.5,0.7272727272727273,0.6470588235294118,False,0.3611111111111111,1629060
2,2023,114.24936386768448,112.6923076923077,131.0,190.0,83.0,90.0,216.0,786.0,780.0,129.0,55.0,38.0,63.0,231.0,879.0,898.0,100.0,452.0,45.0,0.5728900255754475,0.329004329004329,0.616398243045388,96.84517929997853,0.2781844802342606,14.293893129770993,15.448717948717947,388.0,0.6338028169014085,0.7111650485436893,0.6894736842105263,True,0.2298850574712643,1629060
3,2023,113.36696090794452,110.41405269761606,114.0,176.0,71.0,101.0,181.0,793.0,797.0,127.0,54.0,36.0,80.0,253.0,880.0,899.0,123.0,458.0,50.0,0.5656565656565656,0.3399209486166007,0.6033755274261603,99.13834163238796,0.2475386779184247,14.543505674653217,14.5069008782936,385.0,0.6461538461538462,0.7215496368038741,0.6477272727272727,False,0.2749326145552561,1629060
4,2024,109.83050847457628,116.38795986622074,67.0,96.0,43.0,33.0,47.0,295.0,299.0,61.0,16.0,11.0,23.0,88.0,348.0,324.0,25.0,179.0,17.0,0.5649122807017544,0.3181818181818182,0.6891385767790262,93.49218493824462,0.3595505617977528,15.315254237288135,15.488294314381273,152.0,0.6875,0.7254901960784313,0.6979166666666666,True,0.1804511278195488,1629060
5,2024,114.9171270718232,110.16949152542372,35.0,50.0,18.0,22.0,47.0,181.0,177.0,26.0,14.0,9.0,12.0,59.0,195.0,208.0,25.0,97.0,15.0,0.5875706214689266,0.2711864406779661,0.6987179487179487,98.17558560274232,0.3205128205128205,14.28729281767956,15.056497175141242,88.0,0.5333333333333333,0.7272727272727273,0.7,False,0.2133333333333333,1629060
