index,year,ortg,drtg,AtRimFGM,AtRimFGA,AtRimAssists,Turnovers,FTA,OffPoss,DefPoss,TwoPtAssists,Steals,BadPassSteals,ThreePtAssists,FG3A,OpponentPoints,Points,SecondChancePoints,FG2A,LiveBallTurnovers,TsPct,Fg3Pct,AtRimFG3AFrequency,Pace,AtRimFrequency,SecondsPerPossOff,SecondsPerPossDef,Minutes,DefAtRimReboundPct,DefFGReboundPct,AtRimAccuracy,player_on,OffFGReboundPct,nba_id
0,2020,120.0,84.0,4.0,10.0,2.0,2.0,11.0,25.0,25.0,3.0,1.0,,2.0,7.0,21.0,30.0,4.0,17.0,1.0,0.5172413793103449,0.2857142857142857,0.7083333333333334,93.14359637774903,0.4166666666666667,12.2,18.72,13.0,0.4,0.6111111111111112,0.4,True,0.4666666666666667,1629714
1,2020,117.6470588235294,123.48242811501598,76.0,135.0,37.0,82.0,109.0,629.0,626.0,74.0,33.0,23.0,76.0,245.0,773.0,740.0,83.0,334.0,42.0,0.5867834394904459,0.4244897959183673,0.6563039723661486,91.79661705694112,0.233160621761658,15.532591414944356,15.84185303514377,328.0,0.6896551724137931,0.7620817843866171,0.562962962962963,False,0.2666666666666666,1629714
2,2021,57.142857142857146,12.5,1.0,3.0,1.0,1.0,,7.0,8.0,1.0,,,,3.0,1.0,4.0,,4.0,,0.2857142857142857,,0.8571428571428571,104.85436893203884,0.4285714285714285,13.714285714285714,13.75,3.0,1.0,0.8,0.3333333333333333,True,0.2,1629714
3,2021,123.069590085796,122.49761677788368,168.0,247.0,69.0,114.0,245.0,1049.0,1049.0,116.0,87.0,46.0,118.0,379.0,1285.0,1291.0,158.0,587.0,57.0,0.6026241799437676,0.3931398416886543,0.6480331262939959,95.98779945351718,0.2556935817805383,14.857959961868444,15.145853193517636,525.0,0.684931506849315,0.7307692307692307,0.680161943319838,False,0.2602459016393442,1629714
