index,year,ortg,drtg,AtRimFGM,AtRimFGA,AtRimAssists,Turnovers,FTA,OffPoss,DefPoss,TwoPtAssists,Steals,BadPassSteals,ThreePtAssists,FG3A,OpponentPoints,Points,SecondChancePoints,FG2A,LiveBallTurnovers,TsPct,Fg3Pct,AtRimFG3AFrequency,Pace,AtRimFrequency,SecondsPerPossOff,SecondsPerPossDef,Minutes,DefAtRimReboundPct,DefFGReboundPct,AtRimAccuracy,player_on,OffFGReboundPct,nba_id
0,2020,93.0,109.85221674876848,32.0,57.0,18.0,37.0,40.0,200.0,203.0,26.0,11.0,6.0,16.0,67.0,223.0,186.0,22.0,103.0,22.0,0.4946808510638298,0.2835820895522388,0.7294117647058823,100.73251171671583,0.3352941176470588,15.215,13.389162561576354,96.0,0.6,0.7976190476190477,0.5614035087719298,True,0.24,1629714
1,2020,113.4512248151906,110.4949920162578,1175.0,1784.0,658.0,1052.0,1601.0,6899.0,6889.0,843.0,427.0,314.0,730.0,2470.0,7612.0,7827.0,876.0,3490.0,544.0,0.5847470349797328,0.3821862348178138,0.713758389261745,98.0484841900454,0.2993288590604027,14.978692564139733,14.394106546668604,3375.0,0.6318181818181818,0.75708257986739,0.6586322869955157,False,0.2545632333767927,1629714
2,2021,105.10204081632654,112.8813559322034,35.0,55.0,20.0,41.0,28.0,294.0,295.0,27.0,24.0,16.0,50.0,152.0,333.0,309.0,26.0,112.0,22.0,0.5597826086956522,0.3815789473684211,0.7840909090909091,102.21258134490238,0.2083333333333333,14.421768707482991,13.75593220338983,138.0,0.6153846153846154,0.7348484848484849,0.6363636363636364,True,0.2123287671232876,1629714
3,2021,118.199121522694,108.2075333431042,1024.0,1564.0,564.0,982.0,1518.0,6830.0,6823.0,757.0,450.0,302.0,869.0,2946.0,7383.0,8073.0,961.0,3134.0,532.0,0.5976550905313149,0.3893414799728445,0.7417763157894737,98.32028085336216,0.2572368421052631,14.63294289897511,14.65909424007035,3333.0,0.653250773993808,0.7667248400232693,0.6547314578005116,False,0.28,1629714
4,2023,111.11111111111111,94.9367088607595,13.0,19.0,7.0,7.0,17.0,81.0,79.0,10.0,2.0,2.0,11.0,40.0,75.0,90.0,13.0,42.0,5.0,0.5,0.3,0.7195121951219512,98.58793324775353,0.2317073170731707,13.876543209876544,15.354430379746836,39.0,0.5,0.7222222222222222,0.6842105263157895,True,0.3404255319148936,1629714
5,2023,116.30182218417512,117.35516988511368,1359.0,2020.0,763.0,1252.0,1938.0,8177.0,8182.0,1185.0,498.0,338.0,923.0,3059.0,9602.0,9510.0,1285.0,4224.0,634.0,0.5848555912120464,0.3537103628636809,0.6973774543457366,100.1047921367652,0.2773582314980091,14.499694264400146,14.270227328281594,3922.0,0.5825242718446602,0.7146966527196653,0.6727722772277228,False,0.3038143504934649,1629714
