index,year,ortg,drtg,AtRimFGM,AtRimFGA,AtRimAssists,Turnovers,FTA,OffPoss,DefPoss,TwoPtAssists,Steals,BadPassSteals,ThreePtAssists,FG3A,OpponentPoints,Points,SecondChancePoints,FG2A,LiveBallTurnovers,TsPct,Fg3Pct,AtRimFG3AFrequency,Pace,AtRimFrequency,SecondsPerPossOff,SecondsPerPossDef,Minutes,DefAtRimReboundPct,DefFGReboundPct,AtRimAccuracy,player_on,OffFGReboundPct,nba_id
0,2022,114.28571428571428,72.0,10.0,10.0,3.0,5.0,4.0,49.0,50.0,7.0,2.0,,5.0,17.0,36.0,56.0,5.0,27.0,3.0,0.6086956521739131,0.3529411764705882,0.6136363636363636,106.62677636499625,0.2272727272727272,12.857142857142858,14.14,22.0,0.5,0.8,1.0,True,0.1,1629633
1,2022,107.93515358361776,112.5,174.0,280.0,102.0,210.0,269.0,1172.0,1168.0,160.0,80.0,53.0,128.0,434.0,1314.0,1265.0,156.0,561.0,107.0,0.5685920577617328,0.3640552995391705,0.7175879396984924,101.4237124883364,0.2814070351758794,14.215017064846416,14.180650684931509,554.0,0.616822429906542,0.7067796610169491,0.6214285714285714,False,0.2617702448210923,1629633
