index,year,ortg,drtg,AtRimFGM,AtRimFGA,AtRimAssists,Turnovers,FTA,OffPoss,DefPoss,TwoPtAssists,Steals,BadPassSteals,ThreePtAssists,FG3A,OpponentPoints,Points,SecondChancePoints,FG2A,LiveBallTurnovers,TsPct,Fg3Pct,AtRimFG3AFrequency,Pace,AtRimFrequency,SecondsPerPossOff,SecondsPerPossDef,Minutes,DefAtRimReboundPct,DefFGReboundPct,AtRimAccuracy,player_on,OffFGReboundPct,nba_id
0,2020,57.142857142857146,87.5,,,,2.0,2.0,7.0,8.0,,1.0,,,2.0,7.0,4.0,,2.0,,0.4,,0.5,97.73755656108598,,13.571428571428571,15.75,4.0,,0.6666666666666666,,True,,1629005
1,2020,108.09464508094644,115.88930348258708,1145.0,1880.0,603.0,1071.0,1294.0,6424.0,6432.0,893.0,446.0,316.0,607.0,2068.0,7454.0,6944.0,883.0,3643.0,613.0,0.551531589023612,0.3515473887814313,0.6912974960602346,98.22123419585206,0.3291892838382069,15.324719800747198,13.99766791044776,3141.0,0.6450662739322534,0.7465469613259669,0.6090425531914894,False,0.2913359788359788,1629005
2,2022,91.66666666666669,83.33333333333333,1.0,3.0,1.0,2.0,4.0,12.0,12.0,2.0,1.0,1.0,1.0,4.0,10.0,11.0,,8.0,1.0,0.3928571428571428,0.25,0.5833333333333334,74.96746203904556,0.25,17.75,20.666666666666668,8.0,,0.6666666666666666,0.3333333333333333,True,0.375,1629005
3,2022,112.1728081321474,109.9885627144491,1466.0,2194.0,917.0,1177.0,1806.0,7870.0,7869.0,1279.0,579.0,364.0,782.0,2682.0,8655.0,8828.0,1032.0,4246.0,690.0,0.5705469663505262,0.354958985831469,0.703810623556582,95.91305930198604,0.3166859122401848,15.473443456162643,14.553691701613928,3938.0,0.6272123893805309,0.7342070773263434,0.6681859617137648,False,0.2718419588202559,1629005
