index,year,ortg,drtg,AtRimFGM,AtRimFGA,AtRimAssists,Turnovers,FTA,OffPoss,DefPoss,TwoPtAssists,Steals,BadPassSteals,ThreePtAssists,FG3A,OpponentPoints,Points,SecondChancePoints,FG2A,LiveBallTurnovers,TsPct,Fg3Pct,AtRimFG3AFrequency,Pace,AtRimFrequency,SecondsPerPossOff,SecondsPerPossDef,Minutes,DefAtRimReboundPct,DefFGReboundPct,AtRimAccuracy,player_on,OffFGReboundPct,nba_id
0,2022,66.66666666666667,40.0,1.0,1.0,,,,6.0,5.0,,1.0,,,3.0,2.0,4.0,,2.0,,0.4,,0.8,120.0,0.2,9.833333333333334,14.6,2.0,,1.0,1.0,True,,1629006
1,2022,107.07236842105264,113.2013201320132,98.0,167.0,57.0,106.0,168.0,608.0,606.0,72.0,48.0,28.0,65.0,211.0,686.0,651.0,65.0,276.0,49.0,0.5796064400715564,0.3933649289099526,0.7761806981519507,101.94541637508748,0.3429158110882956,14.24671052631579,14.003300330033005,286.0,0.6428571428571429,0.6936619718309859,0.5868263473053892,False,0.2123552123552123,1629006
2,2023,112.74787535410763,125.35211267605634,48.0,75.0,29.0,53.0,95.0,353.0,355.0,69.0,29.0,20.0,20.0,78.0,445.0,398.0,41.0,239.0,30.0,0.5563380281690141,0.2948717948717949,0.4826498422712933,96.89412659190268,0.2365930599369085,15.158640226628895,14.566197183098591,175.0,0.59375,0.656441717791411,0.64,True,0.3170731707317073,1629006
3,2023,119.6652719665272,117.08683473389355,65.0,84.0,35.0,80.0,162.0,717.0,714.0,122.0,40.0,26.0,59.0,206.0,836.0,858.0,82.0,432.0,50.0,0.604225352112676,0.3883495145631068,0.4545454545454545,97.3929482937896,0.1316614420062695,14.13110181311018,15.442577030812323,353.0,0.5576923076923077,0.7051671732522796,0.7738095238095238,False,0.2312703583061889,1629006
4,2024,125.0,114.03508771929825,11.0,17.0,7.0,6.0,26.0,56.0,57.0,7.0,4.0,1.0,4.0,16.0,65.0,70.0,5.0,26.0,3.0,0.6363636363636364,0.4375,0.7857142857142857,92.55972696245732,0.4047619047619047,12.214285714285714,18.84210526315789,29.0,0.5,0.4642857142857143,0.6470588235294118,True,0.2,1629006
5,2024,107.8616352201258,126.7080745341615,50.0,82.0,30.0,51.0,86.0,318.0,322.0,43.0,26.0,17.0,25.0,88.0,408.0,343.0,35.0,173.0,27.0,0.5664451827242525,0.3522727272727273,0.6513409961685823,94.40688383527966,0.3141762452107279,14.738993710691824,15.76086956521739,163.0,0.6111111111111112,0.6573426573426573,0.6097560975609756,False,0.1884057971014492,1629006
