index,year,ortg,drtg,AtRimFGM,AtRimFGA,AtRimAssists,Turnovers,FTA,OffPoss,DefPoss,TwoPtAssists,Steals,BadPassSteals,ThreePtAssists,FG3A,OpponentPoints,Points,SecondChancePoints,FG2A,LiveBallTurnovers,TsPct,Fg3Pct,AtRimFG3AFrequency,Pace,AtRimFrequency,SecondsPerPossOff,SecondsPerPossDef,Minutes,DefAtRimReboundPct,DefFGReboundPct,AtRimAccuracy,player_on,OffFGReboundPct,nba_id
0,2022,200.0,66.66666666666667,1.0,1.0,1.0,,2.0,2.0,3.0,1.0,,,,,2.0,4.0,,1.0,,1.0,,1.0,144.0,1.0,7.0,12.0,1.0,,,1.0,True,,1629958
1,2022,113.05531493627026,116.76579925650556,1513.0,2338.0,863.0,1181.0,1752.0,8081.0,8070.0,1223.0,582.0,400.0,857.0,2899.0,9423.0,9136.0,1209.0,4438.0,664.0,0.5626158981332674,0.3439116936874784,0.7137794738994139,97.51138317051696,0.3186588523919858,14.596708328177206,14.938537794299876,3975.0,0.6480519480519481,0.7332785087719298,0.6471343028229256,False,0.2963836477987421,1629958
