index,year,ortg,drtg,AtRimFGM,AtRimFGA,AtRimAssists,Turnovers,FTA,OffPoss,DefPoss,TwoPtAssists,Steals,BadPassSteals,ThreePtAssists,FG3A,OpponentPoints,Points,SecondChancePoints,FG2A,LiveBallTurnovers,TsPct,Fg3Pct,AtRimFG3AFrequency,Pace,AtRimFrequency,SecondsPerPossOff,SecondsPerPossDef,Minutes,DefAtRimReboundPct,DefFGReboundPct,AtRimAccuracy,player_on,OffFGReboundPct,nba_id
0,2019,100.0,,1.0,1.0,1.0,,,2.0,2.0,1.0,,,,,,2.0,,1.0,,1.0,,1.0,106.66666666666666,1.0,14.0,13.0,1.0,1.0,1.0,1.0,True,,1629034
1,2019,111.52278621711746,110.18267094544557,1464.0,2223.0,842.0,1065.0,1802.0,8097.0,8102.0,1257.0,643.0,453.0,753.0,2667.0,8927.0,9030.0,1066.0,4647.0,533.0,0.5557685173735625,0.344206974128234,0.6685808039376538,98.29730533799793,0.3039376538146021,14.331999505989872,14.966674895087632,3955.0,0.6342780026990553,0.7392213221844787,0.6585695006747638,False,0.2567672080433101,1629034
2,2019,109.64630225080386,103.5369774919614,48.0,82.0,24.0,51.0,92.0,311.0,311.0,37.0,19.0,15.0,34.0,109.0,322.0,341.0,44.0,165.0,29.0,0.5416666666666666,0.3577981651376147,0.6970802919708029,101.78181818181818,0.2992700729927007,14.932475884244372,13.363344051446946,147.0,0.6052631578947368,0.7266666666666667,0.5853658536585366,True,0.3529411764705882,1629034
3,2019,115.83301993230538,106.53537380832915,1673.0,2625.0,952.0,1233.0,2171.0,7977.0,7972.0,1338.0,718.0,492.0,717.0,2345.0,8493.0,9240.0,1240.0,4611.0,706.0,0.5814749113025849,0.3722814498933902,0.7144910868315124,100.27314006287112,0.3773720529039678,14.066691738748904,14.655042649272454,3817.0,0.6630565583634176,0.7608219178082192,0.6373333333333333,False,0.3087229190421893,1629034
4,2021,111.9047619047619,93.02325581395348,10.0,16.0,7.0,3.0,10.0,42.0,43.0,8.0,7.0,5.0,2.0,15.0,40.0,47.0,10.0,26.0,2.0,0.5108695652173914,0.2,0.7560975609756098,108.8967971530249,0.3902439024390244,13.833333333333334,12.627906976744184,19.0,0.8571428571428571,0.6818181818181818,0.625,True,0.3478260869565217,1629034
5,2021,115.60813615608136,107.9512397839036,1310.0,2000.0,732.0,1051.0,1632.0,7227.0,7219.0,1052.0,604.0,396.0,793.0,2517.0,7793.0,8355.0,939.0,3853.0,544.0,0.5892553793884485,0.3825983313468414,0.7091051805337519,100.71968083046056,0.3139717425431711,14.251418292514185,14.3428452694279,3442.0,0.6886543535620053,0.7644675925925926,0.655,False,0.2674706246134817,1629034
