index,year,ortg,drtg,AtRimFGM,AtRimFGA,AtRimAssists,Turnovers,FTA,OffPoss,DefPoss,TwoPtAssists,Steals,BadPassSteals,ThreePtAssists,FG3A,OpponentPoints,Points,SecondChancePoints,FG2A,LiveBallTurnovers,TsPct,Fg3Pct,AtRimFG3AFrequency,Pace,AtRimFrequency,SecondsPerPossOff,SecondsPerPossDef,Minutes,DefAtRimReboundPct,DefFGReboundPct,AtRimAccuracy,player_on,OffFGReboundPct,nba_id
0,2019,102.40963855421688,100.0,16.0,20.0,5.0,17.0,28.0,83.0,87.0,8.0,2.0,1.0,5.0,18.0,87.0,85.0,8.0,42.0,8.0,0.5821917808219178,0.3333333333333333,0.6333333333333333,112.55172413793105,0.3333333333333333,11.975903614457833,13.57471264367816,36.0,0.7777777777777778,0.7872340425531915,0.8,True,0.2758620689655172,1629118
1,2019,109.5990894144429,113.52785145888596,1532.0,2419.0,870.0,1092.0,1794.0,7907.0,7917.0,1272.0,608.0,370.0,731.0,2600.0,8988.0,8666.0,986.0,4424.0,626.0,0.5540714102234781,0.3388461538461538,0.7145501138952164,97.1356224822559,0.3443906605922551,14.750600733527254,14.89857269167614,3910.0,0.6056338028169014,0.6982917214191853,0.6333195535345184,False,0.2502676659528908,1629118
