index,year,ortg,drtg,AtRimFGM,AtRimFGA,AtRimAssists,Turnovers,FTA,OffPoss,DefPoss,TwoPtAssists,Steals,BadPassSteals,ThreePtAssists,FG3A,OpponentPoints,Points,SecondChancePoints,FG2A,LiveBallTurnovers,TsPct,Fg3Pct,AtRimFG3AFrequency,Pace,AtRimFrequency,SecondsPerPossOff,SecondsPerPossDef,Minutes,DefAtRimReboundPct,DefFGReboundPct,AtRimAccuracy,player_on,OffFGReboundPct,nba_id
0,2021,116.29392971246008,104.14012738853503,46.0,68.0,32.0,35.0,68.0,313.0,314.0,46.0,17.0,8.0,28.0,117.0,327.0,364.0,23.0,166.0,19.0,0.5844155844155844,0.3418803418803419,0.6537102473498233,93.04204451772466,0.2402826855123674,15.274760383386582,15.678343949044589,162.0,0.5333333333333333,0.7298850574712644,0.6764705882352942,True,0.2162162162162162,1629628
1,2021,99.36305732484075,101.93548387096774,15.0,25.0,7.0,19.0,28.0,157.0,155.0,9.0,7.0,3.0,20.0,61.0,158.0,156.0,18.0,80.0,10.0,0.5065359477124183,0.3934426229508196,0.6099290780141844,95.67291311754686,0.1773049645390071,14.522292993630574,15.587096774193547,78.0,0.5,0.7,0.6,False,0.1904761904761904,1629628
2,2023,111.85495118549512,108.34492350486788,129.0,199.0,77.0,89.0,165.0,717.0,719.0,116.0,49.0,29.0,74.0,266.0,779.0,802.0,105.0,386.0,53.0,0.5509641873278237,0.3308270676691729,0.7131901840490797,91.32358786379896,0.3052147239263804,15.88563458856346,15.650904033379694,377.0,0.6025641025641025,0.6843575418994413,0.6482412060301508,True,0.2857142857142857,1629628
3,2023,99.66216216216216,112.98245614035088,40.0,65.0,26.0,52.0,71.0,296.0,285.0,39.0,23.0,15.0,28.0,116.0,322.0,295.0,29.0,139.0,24.0,0.513986013986014,0.2758620689655172,0.7098039215686275,92.57939581719596,0.2549019607843137,15.570945945945946,15.536842105263158,151.0,0.4166666666666667,0.5777777777777777,0.6153846153846154,False,0.2805755395683453,1629628
