index,year,ortg,drtg,AtRimFGM,AtRimFGA,AtRimAssists,Turnovers,FTA,OffPoss,DefPoss,TwoPtAssists,Steals,BadPassSteals,ThreePtAssists,FG3A,OpponentPoints,Points,SecondChancePoints,FG2A,LiveBallTurnovers,TsPct,Fg3Pct,AtRimFG3AFrequency,Pace,AtRimFrequency,SecondsPerPossOff,SecondsPerPossDef,Minutes,DefAtRimReboundPct,DefFGReboundPct,AtRimAccuracy,player_on,OffFGReboundPct,nba_id
0,2023,121.8181818181818,111.0091743119266,19.0,27.0,11.0,28.0,51.0,220.0,218.0,34.0,13.0,11.0,25.0,85.0,242.0,268.0,18.0,112.0,17.0,0.6063348416289592,0.3647058823529411,0.5685279187817259,92.9032258064516,0.1370558375634517,13.75909090909091,17.256880733944953,113.0,0.6363636363636364,0.7227722772277227,0.7037037037037037,True,0.2553191489361702,1629111
1,2023,116.23529411764706,122.09165687426557,94.0,132.0,53.0,105.0,206.0,850.0,851.0,157.0,56.0,35.0,54.0,199.0,1039.0,988.0,105.0,559.0,63.0,0.5835308056872038,0.3618090452261306,0.4366754617414248,98.406653007111,0.1741424802110818,14.654117647058824,14.612220916568743,415.0,0.5616438356164384,0.680306905370844,0.7121212121212122,False,0.2625994694960212,1629111
