index,year,ortg,drtg,AtRimFGM,AtRimFGA,AtRimAssists,Turnovers,FTA,OffPoss,DefPoss,TwoPtAssists,Steals,BadPassSteals,ThreePtAssists,FG3A,OpponentPoints,Points,SecondChancePoints,FG2A,LiveBallTurnovers,TsPct,Fg3Pct,AtRimFG3AFrequency,Pace,AtRimFrequency,SecondsPerPossOff,SecondsPerPossDef,Minutes,DefAtRimReboundPct,DefFGReboundPct,AtRimAccuracy,player_on,OffFGReboundPct,nba_id
0,2020,141.55844155844156,110.25641025641026,14.0,17.0,10.0,14.0,28.0,77.0,78.0,17.0,8.0,4.0,10.0,26.0,86.0,109.0,18.0,32.0,9.0,0.7569444444444444,0.5,0.7413793103448276,103.42910101946246,0.293103448275862,13.441558441558442,14.397435897435898,36.0,0.8,0.7857142857142857,0.8235294117647058,True,0.5454545454545454,1629668
1,2020,113.75424513738808,105.45342190638036,1166.0,1766.0,672.0,1002.0,1394.0,6478.0,6473.0,951.0,528.0,361.0,720.0,2235.0,6826.0,7369.0,865.0,3467.0,525.0,0.5827898838873866,0.3874720357941834,0.7016836197825325,99.9744829582614,0.3097158891616977,14.50787280024699,14.299397497296464,3109.0,0.6622296173044925,0.7607855763039278,0.6602491506228766,False,0.2676249144421629,1629668
2,2020,118.1818181818182,90.0,2.0,2.0,1.0,2.0,4.0,11.0,10.0,1.0,,,1.0,4.0,9.0,13.0,,4.0,1.0,0.65,0.5,0.75,103.91752577319588,0.25,11.454545454545457,16.5,5.0,1.0,1.0,1.0,True,,1629668
3,2020,106.99761604263075,113.00744486585197,1242.0,2035.0,664.0,1128.0,1622.0,7131.0,7119.0,976.0,585.0,408.0,684.0,2369.0,8045.0,7630.0,850.0,3810.0,611.0,0.5518093300392385,0.3482482059940903,0.712736688784593,100.20069437323292,0.3293413173652694,14.523488991726266,14.218570023879758,3413.0,0.6066763425253991,0.722884012539185,0.6103194103194103,False,0.2562256225622562,1629668
