index,year,ortg,drtg,AtRimFGM,AtRimFGA,AtRimAssists,Turnovers,FTA,OffPoss,DefPoss,TwoPtAssists,Steals,BadPassSteals,ThreePtAssists,FG3A,OpponentPoints,Points,SecondChancePoints,FG2A,LiveBallTurnovers,TsPct,Fg3Pct,AtRimFG3AFrequency,Pace,AtRimFrequency,SecondsPerPossOff,SecondsPerPossDef,Minutes,DefAtRimReboundPct,DefFGReboundPct,AtRimAccuracy,player_on,OffFGReboundPct,nba_id
0,2021,129.52380952380952,119.32367149758454,64.0,90.0,31.0,53.0,113.0,420.0,414.0,47.0,23.0,15.0,53.0,178.0,494.0,544.0,65.0,188.0,31.0,0.6565533980582524,0.4213483146067415,0.73224043715847,98.8363097687433,0.2459016393442623,14.876190476190477,14.258454106280194,203.0,0.625,0.7157360406091371,0.7111111111111111,True,0.264367816091954,1629630
1,2021,93.5897435897436,100.0,14.0,22.0,10.0,15.0,18.0,78.0,81.0,10.0,3.0,2.0,5.0,29.0,81.0,73.0,6.0,37.0,9.0,0.5,0.3103448275862069,0.7727272727272727,101.80524677634504,0.3333333333333333,14.538461538461538,13.765432098765432,37.0,0.7142857142857143,0.7755102040816326,0.6363636363636364,False,0.2439024390243902,1629630
2,2022,110.81460674157304,116.0337552742616,121.0,199.0,74.0,123.0,179.0,712.0,711.0,101.0,50.0,33.0,78.0,246.0,825.0,789.0,95.0,352.0,63.0,0.5833333333333334,0.3861788617886179,0.7441471571906354,101.171126691024,0.3327759197324414,14.360955056179776,14.10548523206751,338.0,0.620253164556962,0.6911764705882353,0.6080402010050251,True,0.2523961661341853,1629630
3,2022,104.51866404715128,103.55029585798816,63.0,91.0,31.0,92.0,94.0,509.0,507.0,66.0,32.0,20.0,55.0,205.0,525.0,532.0,66.0,236.0,47.0,0.5518672199170125,0.3365853658536585,0.671201814058957,102.26758003634838,0.2063492063492063,13.88015717092338,14.282051282051285,238.0,0.6,0.7345454545454545,0.6923076923076923,False,0.2605042016806723,1629630
4,2023,111.64556962025316,107.32323232323232,72.0,100.0,47.0,60.0,88.0,395.0,396.0,66.0,29.0,18.0,33.0,130.0,425.0,441.0,68.0,219.0,30.0,0.5684754521963824,0.2846153846153846,0.6590257879656161,101.47349665924276,0.2865329512893982,13.984810126582278,14.396464646464649,187.0,0.68,0.7214611872146118,0.72,True,0.2848837209302325,1629630
5,2023,109.43396226415096,97.59615384615384,36.0,62.0,18.0,29.0,42.0,212.0,208.0,26.0,13.0,5.0,23.0,80.0,203.0,232.0,36.0,115.0,10.0,0.5395348837209303,0.35,0.7282051282051282,95.16915814319434,0.3179487179487179,14.54245283018868,15.73076923076923,106.0,0.7058823529411765,0.7457627118644068,0.5806451612903226,False,0.2962962962962963,1629630
