index,year,ortg,drtg,AtRimFGM,AtRimFGA,AtRimAssists,Turnovers,FTA,OffPoss,DefPoss,TwoPtAssists,Steals,BadPassSteals,ThreePtAssists,FG3A,OpponentPoints,Points,SecondChancePoints,FG2A,LiveBallTurnovers,TsPct,Fg3Pct,AtRimFG3AFrequency,Pace,AtRimFrequency,SecondsPerPossOff,SecondsPerPossDef,Minutes,DefAtRimReboundPct,DefFGReboundPct,AtRimAccuracy,player_on,OffFGReboundPct,nba_id
0,2019,97.82608695652172,105.07246376811594,17.0,28.0,8.0,19.0,11.0,138.0,138.0,17.0,7.0,5.0,14.0,48.0,145.0,135.0,29.0,83.0,11.0,0.4963235294117647,0.3958333333333333,0.5801526717557252,98.40059420648676,0.2137404580152671,15.05072463768116,14.217391304347826,67.0,0.5,0.7361111111111112,0.6071428571428571,True,0.2987012987012987,1629094
1,2019,116.57681940700807,109.74565908535094,1361.0,2005.0,902.0,1150.0,1661.0,8162.0,8178.0,1523.0,618.0,385.0,859.0,2776.0,8975.0,9515.0,1002.0,4454.0,619.0,0.597428787496849,0.3847262247838616,0.6612724757952974,100.71697321730495,0.2773167358229599,13.552315608919384,15.041208119344583,3894.0,0.625,0.7363022266700024,0.6788029925187032,False,0.2490304709141274,1629094
