index,year,ortg,drtg,AtRimFGM,AtRimFGA,AtRimAssists,Turnovers,FTA,OffPoss,DefPoss,TwoPtAssists,Steals,BadPassSteals,ThreePtAssists,FG3A,OpponentPoints,Points,SecondChancePoints,FG2A,LiveBallTurnovers,TsPct,Fg3Pct,AtRimFG3AFrequency,Pace,AtRimFrequency,SecondsPerPossOff,SecondsPerPossDef,Minutes,DefAtRimReboundPct,DefFGReboundPct,AtRimAccuracy,player_on,OffFGReboundPct,nba_id
0,2023,110.08403361344538,103.59116022099448,67.0,106.0,32.0,62.0,94.0,357.0,362.0,47.0,40.0,30.0,28.0,116.0,375.0,393.0,76.0,212.0,28.0,0.5296495956873315,0.2758620689655172,0.676829268292683,91.54376657824932,0.3231707317073171,16.277310924369747,15.19060773480663,188.0,0.625,0.7380952380952381,0.6320754716981132,True,0.3930635838150289,1629636
1,2023,107.14285714285714,97.95918367346938,18.0,30.0,8.0,14.0,33.0,98.0,98.0,9.0,10.0,8.0,7.0,33.0,96.0,105.0,15.0,58.0,6.0,0.4906542056074766,0.303030303030303,0.6923076923076923,91.33980582524272,0.3296703296703296,15.73469387755102,15.79591836734694,52.0,0.6,0.725,0.6,False,0.375,1629636
2,2024,113.30108827085851,103.47721822541966,144.0,223.0,79.0,110.0,200.0,827.0,834.0,107.0,53.0,32.0,83.0,326.0,863.0,937.0,113.0,426.0,55.0,0.5560190703218116,0.3220858895705521,0.7300531914893617,92.34903474903474,0.2965425531914893,15.934703748488513,15.254196642685852,432.0,0.75,0.8057553956834532,0.6457399103139013,True,0.2926829268292683,1629636
3,2024,108.09859154929578,112.14285714285714,40.0,72.0,17.0,48.0,64.0,284.0,280.0,27.0,25.0,17.0,31.0,97.0,314.0,307.0,45.0,149.0,25.0,0.5563636363636364,0.3814432989690721,0.6869918699186992,93.78290993071592,0.2926829268292683,15.961267605633802,14.739285714285714,144.0,0.625,0.6974789915966386,0.5555555555555556,False,0.3111111111111111,1629636
