index,year,ortg,drtg,AtRimFGM,AtRimFGA,AtRimAssists,Turnovers,FTA,OffPoss,DefPoss,TwoPtAssists,Steals,BadPassSteals,ThreePtAssists,FG3A,OpponentPoints,Points,SecondChancePoints,FG2A,LiveBallTurnovers,TsPct,Fg3Pct,AtRimFG3AFrequency,Pace,AtRimFrequency,SecondsPerPossOff,SecondsPerPossDef,Minutes,DefAtRimReboundPct,DefFGReboundPct,AtRimAccuracy,player_on,OffFGReboundPct,nba_id
0,2019,40.0,50.0,1.0,4.0,1.0,,2.0,10.0,10.0,1.0,,,,3.0,5.0,4.0,,4.0,,0.25,,1.0,107.46268656716416,0.5714285714285714,17.6,9.2,4.0,,0.8333333333333334,0.25,True,,1629126
1,2019,112.90983606557376,106.7622950819672,86.0,165.0,37.0,72.0,116.0,488.0,488.0,52.0,40.0,25.0,34.0,155.0,521.0,551.0,75.0,283.0,33.0,0.5567951318458418,0.4129032258064516,0.730593607305936,99.45089159354656,0.3767123287671233,15.969262295081966,12.989754098360656,236.0,0.6557377049180327,0.7434782608695653,0.5212121212121212,False,0.3008474576271186,1629126
2,2020,50.0,80.0,1.0,1.0,1.0,,,4.0,5.0,1.0,1.0,1.0,,1.0,4.0,2.0,,3.0,,0.25,,0.5,104.51612903225804,0.25,16.25,11.8,2.0,,1.0,1.0,True,,1629126
3,2020,109.98573466476462,103.28102710413695,114.0,188.0,43.0,89.0,115.0,701.0,701.0,50.0,64.0,41.0,99.0,356.0,724.0,771.0,69.0,275.0,37.0,0.56480117820324,0.3595505617977528,0.8621236133122029,99.27616050354052,0.2979397781299525,14.20827389443652,14.801711840228243,339.0,0.5625,0.7545454545454545,0.6063829787234043,False,0.1859154929577464,1629126
