index,year,ortg,drtg,AtRimFGM,AtRimFGA,AtRimAssists,Turnovers,FTA,OffPoss,DefPoss,TwoPtAssists,Steals,BadPassSteals,ThreePtAssists,FG3A,OpponentPoints,Points,SecondChancePoints,FG2A,LiveBallTurnovers,TsPct,Fg3Pct,AtRimFG3AFrequency,Pace,AtRimFrequency,SecondsPerPossOff,SecondsPerPossDef,Minutes,DefAtRimReboundPct,DefFGReboundPct,AtRimAccuracy,player_on,OffFGReboundPct,nba_id
0,2019,140.0,120.0,,2.0,,,4.0,5.0,5.0,,,,1.0,2.0,6.0,7.0,1.0,3.0,,0.5,0.5,0.8,73.84615384615384,0.4,23.0,16.0,3.0,,1.0,,True,1.0,1629150
1,2019,108.1408415532526,108.16097682531772,1493.0,2380.0,819.0,1208.0,1778.0,8009.0,8026.0,1174.0,627.0,414.0,816.0,2656.0,8681.0,8661.0,1162.0,4557.0,612.0,0.5406371503825411,0.3490210843373494,0.6981838347428254,97.60700019022256,0.3299597948149175,15.038581595704832,14.468103663094942,3943.0,0.6466591166477916,0.7381135954767412,0.6273109243697479,False,0.2874806800618238,1629150
2,2019,120.45454545454544,111.11111111111111,10.0,13.0,6.0,9.0,19.0,44.0,45.0,7.0,7.0,3.0,,11.0,50.0,53.0,9.0,23.0,5.0,0.6463414634146342,0.1818181818181818,0.7058823529411765,109.53846153846152,0.3823529411764705,12.954545454545457,13.333333333333334,20.0,1.0,0.7857142857142857,0.7692307692307693,True,0.375,1629150
3,2019,106.34785774972693,115.6253791095475,1495.0,2365.0,905.0,1268.0,1839.0,8239.0,8243.0,1312.0,728.0,486.0,638.0,2389.0,9531.0,8762.0,986.0,4741.0,732.0,0.5515040444893832,0.3298451234826287,0.6667601683029453,100.28343262770947,0.3316970546984572,14.615365942468744,14.103360427028994,3944.0,0.5868448098663926,0.6890595009596929,0.6321353065539113,False,0.2399577167019027,1629150
4,2022,60.0,110.25641025641026,3.0,10.0,2.0,12.0,4.0,40.0,39.0,3.0,6.0,3.0,1.0,10.0,43.0,24.0,6.0,27.0,6.0,0.3076923076923077,0.2,0.5405405405405406,104.17582417582418,0.2702702702702703,14.05,13.58974358974359,18.0,1.0,0.5625,0.3,True,0.4642857142857143,1629150
5,2022,115.893385982231,107.96351084812623,1147.0,1670.0,723.0,1047.0,1631.0,8104.0,8112.0,1450.0,696.0,457.0,790.0,2606.0,8758.0,9392.0,995.0,4746.0,608.0,0.5828350772296961,0.36415963161934,0.5816104461371056,99.08447476959113,0.2271490750816104,14.273938795656466,14.79191321499014,3928.0,0.6046128500823723,0.7350993377483444,0.6868263473053893,False,0.2553248854138581,1629150
