index,year,ortg,drtg,AtRimFGM,AtRimFGA,AtRimAssists,Turnovers,FTA,OffPoss,DefPoss,TwoPtAssists,Steals,BadPassSteals,ThreePtAssists,FG3A,OpponentPoints,Points,SecondChancePoints,FG2A,LiveBallTurnovers,TsPct,Fg3Pct,AtRimFG3AFrequency,Pace,AtRimFrequency,SecondsPerPossOff,SecondsPerPossDef,Minutes,DefAtRimReboundPct,DefFGReboundPct,AtRimAccuracy,player_on,OffFGReboundPct,nba_id
0,2021,100.0,83.6734693877551,7.0,11.0,3.0,11.0,2.0,50.0,49.0,5.0,6.0,3.0,4.0,20.0,41.0,50.0,13.0,30.0,4.0,0.5,0.3,0.62,107.18796992481202,0.22,13.64,13.224489795918368,22.0,1.0,0.9047619047619048,0.6363636363636364,True,0.4074074074074074,1629617
1,2021,117.6470588235294,111.48282097649188,144.0,235.0,87.0,128.0,241.0,1105.0,1106.0,151.0,79.0,38.0,111.0,407.0,1233.0,1300.0,110.0,577.0,74.0,0.5953253895508708,0.3857493857493858,0.6524390243902439,94.95496570235608,0.2388211382113821,15.69049773755656,14.640144665461122,559.0,0.59,0.7071428571428572,0.6127659574468085,False,0.2178217821782178,1629617
