index,year,ortg,drtg,AtRimFGM,AtRimFGA,AtRimAssists,Turnovers,FTA,OffPoss,DefPoss,TwoPtAssists,Steals,BadPassSteals,ThreePtAssists,FG3A,OpponentPoints,Points,SecondChancePoints,FG2A,LiveBallTurnovers,TsPct,Fg3Pct,AtRimFG3AFrequency,Pace,AtRimFrequency,SecondsPerPossOff,SecondsPerPossDef,Minutes,DefAtRimReboundPct,DefFGReboundPct,AtRimAccuracy,player_on,OffFGReboundPct,nba_id
0,2024,116.04527296937415,112.47511612475115,237.0,354.0,151.0,209.0,375.0,1502.0,1507.0,210.0,99.0,54.0,131.0,537.0,1695.0,1743.0,236.0,816.0,115.0,0.5739762219286658,0.3649906890130354,0.6585365853658537,92.0437599575146,0.2616407982261641,15.159786950732355,16.12806901128069,785.0,0.5899280575539568,0.7281167108753316,0.6694915254237288,True,0.301699716713881,1629023
1,2024,112.0,109.03954802259886,93.0,131.0,64.0,67.0,124.0,525.0,531.0,75.0,39.0,22.0,49.0,191.0,579.0,588.0,57.0,283.0,35.0,0.554820415879017,0.3455497382198952,0.679324894514768,93.376727049432,0.2763713080168776,15.358095238095238,15.483992467043317,271.0,0.717391304347826,0.7596899224806202,0.7099236641221374,False,0.2704918032786885,1629023
