index,year,ortg,drtg,AtRimFGM,AtRimFGA,AtRimAssists,Turnovers,FTA,OffPoss,DefPoss,TwoPtAssists,Steals,BadPassSteals,ThreePtAssists,FG3A,OpponentPoints,Points,SecondChancePoints,FG2A,LiveBallTurnovers,TsPct,Fg3Pct,AtRimFG3AFrequency,Pace,AtRimFrequency,SecondsPerPossOff,SecondsPerPossDef,Minutes,DefAtRimReboundPct,DefFGReboundPct,AtRimAccuracy,player_on,OffFGReboundPct,nba_id
0,2019,109.0909090909091,115.15151515151516,7.0,11.0,3.0,4.0,11.0,33.0,33.0,3.0,2.0,2.0,3.0,14.0,38.0,36.0,3.0,13.0,2.0,0.5806451612903226,0.2857142857142857,0.925925925925926,100.7847295864263,0.4074074074074074,12.969696969696969,15.606060606060606,16.0,0.5,0.75,0.6363636363636364,True,0.1875,1629053
1,2019,115.89239008593847,111.3582406597526,1371.0,2146.0,755.0,1089.0,1990.0,8029.0,8003.0,910.0,698.0,444.0,825.0,3707.0,8912.0,9305.0,1077.0,3429.0,605.0,0.5812916195501947,0.3558133261397356,0.820207399103139,97.40263356636866,0.3007286995515695,14.90148212728858,14.666125203048855,3950.0,0.5830164765525983,0.7034035656401945,0.6388630009319665,False,0.2609832635983263,1629053
