index,year,ortg,drtg,AtRimFGM,AtRimFGA,AtRimAssists,Turnovers,FTA,OffPoss,DefPoss,TwoPtAssists,Steals,BadPassSteals,ThreePtAssists,FG3A,OpponentPoints,Points,SecondChancePoints,FG2A,LiveBallTurnovers,TsPct,Fg3Pct,AtRimFG3AFrequency,Pace,AtRimFrequency,SecondsPerPossOff,SecondsPerPossDef,Minutes,DefAtRimReboundPct,DefFGReboundPct,AtRimAccuracy,player_on,OffFGReboundPct,nba_id
0,2020,57.142857142857146,104.54545454545456,4.0,5.0,1.0,2.0,9.0,21.0,22.0,1.0,,,,11.0,23.0,12.0,2.0,6.0,,0.2857142857142857,,0.9411764705882352,125.34412955465588,0.2941176470588235,13.61904761904762,9.454545454545457,8.0,0.6666666666666666,0.8333333333333334,0.8,True,0.2307692307692307,1629598
1,2020,109.09871244635193,109.02061855670104,195.0,292.0,98.0,203.0,264.0,1165.0,1164.0,136.0,76.0,43.0,116.0,407.0,1269.0,1271.0,149.0,580.0,109.0,0.573822463768116,0.3562653562653562,0.7082066869300911,97.5894779724146,0.2958459979736575,14.898712446351931,14.61254295532646,573.0,0.75,0.8117229129662522,0.6678082191780822,False,0.26171875,1629598
