index,year,ortg,drtg,AtRimFGM,AtRimFGA,AtRimAssists,Turnovers,FTA,OffPoss,DefPoss,TwoPtAssists,Steals,BadPassSteals,ThreePtAssists,FG3A,OpponentPoints,Points,SecondChancePoints,FG2A,LiveBallTurnovers,TsPct,Fg3Pct,AtRimFG3AFrequency,Pace,AtRimFrequency,SecondsPerPossOff,SecondsPerPossDef,Minutes,DefAtRimReboundPct,DefFGReboundPct,AtRimAccuracy,player_on,OffFGReboundPct,nba_id
0,2021,92.98245614035088,94.69026548672566,18.0,31.0,9.0,15.0,37.0,114.0,113.0,11.0,9.0,7.0,5.0,35.0,107.0,106.0,14.0,64.0,11.0,0.4568965517241379,0.2285714285714285,0.6666666666666666,100.92003704847176,0.3131313131313131,14.342105263157896,14.194690265486726,54.0,1.0,0.6923076923076923,0.5806451612903226,True,0.3225806451612903,1629007
1,2021,111.9107744107744,113.12535132096684,1161.0,1861.0,674.0,1053.0,1551.0,7128.0,7116.0,1054.0,543.0,373.0,757.0,2491.0,8050.0,7977.0,878.0,3797.0,644.0,0.5712948293244995,0.3685266961059815,0.6921119592875318,99.753235321295,0.2959605597964376,14.7003367003367,14.170460933108489,3427.0,0.6114369501466276,0.7210665104014063,0.6238581407845244,False,0.2550151975683891,1629007
2,2024,118.05006587615284,108.56389986824767,139.0,214.0,69.0,105.0,157.0,759.0,759.0,125.0,64.0,48.0,82.0,254.0,824.0,896.0,85.0,425.0,63.0,0.5966666666666667,0.3976377952755905,0.6892488954344624,101.27501853224612,0.3151693667157584,14.628458498023717,13.808959156785244,360.0,0.6440677966101694,0.7658959537572254,0.6495327102803738,True,0.2835365853658536,1629007
3,2024,119.44632005401756,113.41084223333785,1458.0,2089.0,872.0,1032.0,1470.0,7405.0,7397.0,1263.0,531.0,355.0,876.0,2725.0,8389.0,8845.0,1198.0,4072.0,571.0,0.5943523385901065,0.3739449541284403,0.7082536413123437,98.64529147151929,0.3073414741797852,14.994733288318704,14.200351493848858,3601.0,0.6358381502890174,0.7186597342576545,0.697941598851125,False,0.2970414201183431,1629007
