index,year,ortg,drtg,AtRimFGM,AtRimFGA,AtRimAssists,Turnovers,FTA,OffPoss,DefPoss,TwoPtAssists,Steals,BadPassSteals,ThreePtAssists,FG3A,OpponentPoints,Points,SecondChancePoints,FG2A,LiveBallTurnovers,TsPct,Fg3Pct,AtRimFG3AFrequency,Pace,AtRimFrequency,SecondsPerPossOff,SecondsPerPossDef,Minutes,DefAtRimReboundPct,DefFGReboundPct,AtRimAccuracy,player_on,OffFGReboundPct,nba_id
0,2020,123.8095238095238,105.7471264367816,14.0,29.0,6.0,15.0,15.0,84.0,87.0,12.0,6.0,5.0,6.0,24.0,92.0,104.0,26.0,61.0,8.0,0.5714285714285714,0.5416666666666666,0.6235294117647059,99.09054325955736,0.3411764705882353,13.30952380952381,15.71264367816092,41.0,0.6666666666666666,0.8108108108108109,0.4827586206896552,True,0.4772727272727273,1629658
1,2020,101.9002375296912,118.1818181818182,62.0,100.0,25.0,64.0,110.0,421.0,418.0,38.0,31.0,19.0,33.0,129.0,494.0,429.0,48.0,227.0,36.0,0.5297029702970297,0.3488372093023256,0.6432584269662921,101.39823751573648,0.2808988764044944,14.365795724465558,14.035885167464114,199.0,0.58,0.6861702127659575,0.62,False,0.2254901960784313,1629658
