index,year,ortg,drtg,AtRimFGM,AtRimFGA,AtRimAssists,Turnovers,FTA,OffPoss,DefPoss,TwoPtAssists,Steals,BadPassSteals,ThreePtAssists,FG3A,OpponentPoints,Points,SecondChancePoints,FG2A,LiveBallTurnovers,TsPct,Fg3Pct,AtRimFG3AFrequency,Pace,AtRimFrequency,SecondsPerPossOff,SecondsPerPossDef,Minutes,DefAtRimReboundPct,DefFGReboundPct,AtRimAccuracy,player_on,OffFGReboundPct,nba_id
0,2022,107.4074074074074,96.15384615384616,5.0,7.0,2.0,2.0,6.0,27.0,26.0,6.0,3.0,1.0,2.0,5.0,25.0,29.0,,17.0,1.0,0.6041666666666666,0.4,0.5454545454545454,101.8958611481976,0.3181818181818182,14.74074074074074,13.5,12.0,0.5,0.6428571428571429,0.7142857142857143,True,0.0909090909090909,1629646
1,2022,112.84658040665434,113.90176088971268,195.0,266.0,107.0,138.0,255.0,1082.0,1079.0,148.0,82.0,45.0,97.0,383.0,1229.0,1221.0,167.0,611.0,72.0,0.5517241379310345,0.2976501305483028,0.6529175050301811,91.22687696051128,0.2676056338028169,15.534195933456562,16.03614457831325,569.0,0.631578947368421,0.7616033755274262,0.7330827067669173,False,0.2832369942196532,1629646
