index,year,ortg,drtg,AtRimFGM,AtRimFGA,AtRimAssists,Turnovers,FTA,OffPoss,DefPoss,TwoPtAssists,Steals,BadPassSteals,ThreePtAssists,FG3A,OpponentPoints,Points,SecondChancePoints,FG2A,LiveBallTurnovers,TsPct,Fg3Pct,AtRimFG3AFrequency,Pace,AtRimFrequency,SecondsPerPossOff,SecondsPerPossDef,Minutes,DefAtRimReboundPct,DefFGReboundPct,AtRimAccuracy,player_on,OffFGReboundPct,nba_id
0,2020,110.63829787234044,101.06382978723404,14.0,21.0,6.0,17.0,19.0,94.0,94.0,9.0,5.0,5.0,11.0,32.0,95.0,104.0,12.0,45.0,5.0,0.6058823529411764,0.46875,0.6883116883116883,98.47944707166242,0.2727272727272727,14.97872340425532,14.26595744680851,46.0,0.5454545454545454,0.68,0.6666666666666666,True,0.2631578947368421,1629641
1,2020,113.0798969072165,107.69724182168056,248.0,377.0,133.0,219.0,393.0,1552.0,1559.0,214.0,109.0,65.0,151.0,587.0,1679.0,1755.0,175.0,780.0,105.0,0.5704960835509139,0.3339011925042589,0.7051938551572787,95.09116766784828,0.2757863935625457,15.081829896907216,15.204618345093008,785.0,0.6111111111111112,0.7639429312581063,0.6578249336870027,False,0.2496589358799454,1629641
2,2021,121.80094786729858,118.80733944954127,26.0,46.0,12.0,27.0,56.0,211.0,218.0,28.0,14.0,13.0,24.0,95.0,259.0,257.0,37.0,106.0,16.0,0.5663716814159292,0.3473684210526316,0.7014925373134329,94.58888378502527,0.2288557213930348,14.27962085308057,16.137614678899084,109.0,0.6190476190476191,0.79,0.5652173913043478,True,0.3738317757009345,1629641
3,2021,113.43283582089552,136.6412213740458,43.0,74.0,20.0,38.0,81.0,268.0,262.0,32.0,18.0,12.0,21.0,88.0,358.0,304.0,43.0,152.0,20.0,0.5527272727272727,0.3522727272727273,0.675,96.9881814715974,0.3083333333333333,14.720149253731345,14.97709923664122,131.0,0.4,0.6238532110091743,0.581081081081081,False,0.3181818181818182,1629641
