index,year,ortg,drtg,AtRimFGM,AtRimFGA,AtRimAssists,Turnovers,FTA,OffPoss,DefPoss,TwoPtAssists,Steals,BadPassSteals,ThreePtAssists,FG3A,OpponentPoints,Points,SecondChancePoints,FG2A,LiveBallTurnovers,TsPct,Fg3Pct,AtRimFG3AFrequency,Pace,AtRimFrequency,SecondsPerPossOff,SecondsPerPossDef,Minutes,DefAtRimReboundPct,DefFGReboundPct,AtRimAccuracy,player_on,OffFGReboundPct,nba_id
0,2022,109.8360655737705,121.41176470588236,77.0,115.0,43.0,65.0,128.0,427.0,425.0,57.0,20.0,11.0,38.0,131.0,516.0,469.0,57.0,209.0,35.0,0.5926395939086294,0.3587786259541984,0.7235294117647059,102.69356323763289,0.3382352941176471,13.747072599531617,14.298823529411765,199.0,0.5161290322580645,0.7272727272727273,0.6695652173913044,True,0.2369942196531791,1629623
1,2022,115.7982760838801,111.77076625885384,1280.0,1884.0,672.0,1035.0,1753.0,7773.0,7765.0,993.0,603.0,385.0,872.0,3020.0,8679.0,9001.0,1052.0,3971.0,571.0,0.5792501616031028,0.3662251655629139,0.7014733228436562,99.39301756979587,0.2694893434415677,13.988035507526051,14.98835801674179,3752.0,0.6490066225165563,0.7594701986754967,0.6794055201698513,False,0.2613698630136986,1629623
2,2023,104.3956043956044,123.11827956989248,28.0,39.0,16.0,31.0,36.0,182.0,186.0,26.0,8.0,5.0,19.0,68.0,229.0,190.0,19.0,86.0,16.0,0.5555555555555556,0.3088235294117647,0.6948051948051948,101.986143187067,0.2532467532467532,15.4010989010989,12.865591397849462,87.0,0.4545454545454545,0.7142857142857143,0.717948717948718,True,0.2716049382716049,1629623
3,2023,116.03703703703704,112.01483312731769,1383.0,2006.0,700.0,1168.0,1801.0,8100.0,8090.0,1092.0,513.0,305.0,978.0,3238.0,9062.0,9399.0,1164.0,4019.0,562.0,0.5833437227278394,0.3693638048177887,0.7226126498553122,100.15981852863844,0.2764227642276423,14.26506172839506,14.48912237330037,3879.0,0.6261261261261262,0.75080986792923,0.689431704885344,False,0.2734312416555407,1629623
4,2024,64.70588235294117,131.25,3.0,4.0,,2.0,2.0,17.0,16.0,,1.0,,1.0,5.0,21.0,11.0,,6.0,2.0,0.4583333333333333,0.2,0.8181818181818182,103.98249452954047,0.3636363636363636,15.588235294117649,12.0,8.0,1.0,0.6,0.75,True,,1629623
5,2024,118.6967113276492,116.18257261410788,1467.0,2067.0,765.0,1057.0,1958.0,8210.0,8194.0,1198.0,557.0,329.0,977.0,3117.0,9520.0,9745.0,1074.0,4130.0,578.0,0.6003218220076743,0.3727943535450754,0.7153304815785843,99.58457523724404,0.285221470953498,14.382947624847748,14.537344398340249,3953.0,0.5950292397660819,0.7403229941040759,0.7097242380261248,False,0.2429238801868645,1629623
