index,year,ortg,drtg,AtRimFGM,AtRimFGA,AtRimAssists,Turnovers,FTA,OffPoss,DefPoss,TwoPtAssists,Steals,BadPassSteals,ThreePtAssists,FG3A,OpponentPoints,Points,SecondChancePoints,FG2A,LiveBallTurnovers,TsPct,Fg3Pct,AtRimFG3AFrequency,Pace,AtRimFrequency,SecondsPerPossOff,SecondsPerPossDef,Minutes,DefAtRimReboundPct,DefFGReboundPct,AtRimAccuracy,player_on,OffFGReboundPct,nba_id
0,2019,,,,1.0,,,,1.0,2.0,,,,,,,,,1.0,,,,1.0,80.0,1.0,15.0,19.5,1.0,1.0,0.5,,True,,1629093
1,2019,107.76147657359203,110.9181141439206,1589.0,2609.0,915.0,1371.0,1971.0,8452.0,8463.0,1298.0,672.0,454.0,741.0,2592.0,9387.0,9108.0,1030.0,4679.0,766.0,0.5581567274519468,0.3557098765432099,0.7153073855040573,102.2543512757865,0.3588227203960941,15.035494557501185,13.130804679191776,3970.0,0.6101048617731173,0.7101308773630635,0.6090456113453431,False,0.2552748111487366,1629093
