index,year,ortg,drtg,AtRimFGM,AtRimFGA,AtRimAssists,Turnovers,FTA,OffPoss,DefPoss,TwoPtAssists,Steals,BadPassSteals,ThreePtAssists,FG3A,OpponentPoints,Points,SecondChancePoints,FG2A,LiveBallTurnovers,TsPct,Fg3Pct,AtRimFG3AFrequency,Pace,AtRimFrequency,SecondsPerPossOff,SecondsPerPossDef,Minutes,DefAtRimReboundPct,DefFGReboundPct,AtRimAccuracy,player_on,OffFGReboundPct,nba_id
0,2022,75.0,166.66666666666666,3.0,3.0,1.0,1.0,5.0,12.0,12.0,1.0,1.0,1.0,,5.0,20.0,9.0,3.0,6.0,1.0,0.3333333333333333,,0.7272727272727273,118.35616438356163,0.2727272727272727,12.666666666666666,11.666666666666666,5.0,,,1.0,True,0.25,1629004
1,2022,111.92660550458716,119.9630314232902,95.0,128.0,53.0,59.0,121.0,545.0,541.0,71.0,39.0,20.0,52.0,192.0,649.0,610.0,75.0,313.0,30.0,0.5448833034111311,0.3072916666666667,0.6336633663366337,90.4581212401666,0.2534653465346534,15.480733944954128,16.360443622920517,288.0,0.6857142857142857,0.7456140350877193,0.7421875,False,0.2528301886792453,1629004
2,2024,89.83050847457628,103.33333333333331,7.0,9.0,1.0,13.0,4.0,59.0,60.0,4.0,3.0,3.0,7.0,23.0,62.0,53.0,8.0,26.0,2.0,0.5196078431372549,0.3478260869565217,0.6530612244897959,90.18947368421053,0.1836734693877551,16.440677966101696,15.5,32.0,0.75,0.8214285714285714,0.7777777777777778,True,0.2142857142857142,1629004
3,2024,118.89020070838252,109.58579881656804,291.0,394.0,169.0,206.0,363.0,1694.0,1690.0,235.0,116.0,65.0,206.0,741.0,1852.0,2014.0,201.0,803.0,95.0,0.5888042203985931,0.3603238866396761,0.7351036269430051,91.73493975903614,0.2551813471502591,16.265643447461628,15.127810650887572,885.0,0.7433628318584071,0.7730582524271845,0.7385786802030457,False,0.260377358490566,1629004
