index,year,ortg,drtg,AtRimFGM,AtRimFGA,AtRimAssists,Turnovers,FTA,OffPoss,DefPoss,TwoPtAssists,Steals,BadPassSteals,ThreePtAssists,FG3A,OpponentPoints,Points,SecondChancePoints,FG2A,LiveBallTurnovers,TsPct,Fg3Pct,AtRimFG3AFrequency,Pace,AtRimFrequency,SecondsPerPossOff,SecondsPerPossDef,Minutes,DefAtRimReboundPct,DefFGReboundPct,AtRimAccuracy,player_on,OffFGReboundPct,nba_id
0,2019,91.66666666666669,94.44444444444444,5.0,9.0,4.0,6.0,5.0,36.0,36.0,4.0,2.0,1.0,6.0,15.0,34.0,33.0,2.0,17.0,1.0,0.4852941176470588,0.4,0.75,102.65346534653466,0.28125,15.25,12.805555555555555,17.0,0.6666666666666666,0.7777777777777778,0.5555555555555556,True,0.1904761904761904,1629122
1,2019,113.37468982630271,112.13435795736244,1593.0,2480.0,896.0,1103.0,1655.0,8060.0,8068.0,1271.0,563.0,374.0,852.0,2733.0,9047.0,9138.0,1104.0,4546.0,590.0,0.5700776553106213,0.3607757043541895,0.7161698035444429,98.0135893648449,0.3407061409534276,14.549627791563276,14.833911750123946,3949.0,0.631198347107438,0.7409286982999239,0.6423387096774194,False,0.2632971685631119,1629122
2,2020,,150.0,,,,,,1.0,2.0,,,,,,3.0,,,1.0,,,,,116.75675675675676,,17.0,10.0,1.0,,,,True,,1629122
3,2020,115.87202981829476,108.02613159122726,1389.0,2074.0,777.0,843.0,1245.0,6439.0,6429.0,1053.0,613.0,404.0,646.0,2143.0,6945.0,7461.0,825.0,3667.0,447.0,0.5867338900267843,0.375174988334111,0.7258175559380379,98.21703248649708,0.3569707401032702,13.999378785525703,15.324467257738371,3144.0,0.6178082191780822,0.7089527585067724,0.6697203471552555,False,0.2536231884057971,1629122
