index,year,ortg,drtg,AtRimFGM,AtRimFGA,AtRimAssists,Turnovers,FTA,OffPoss,DefPoss,TwoPtAssists,Steals,BadPassSteals,ThreePtAssists,FG3A,OpponentPoints,Points,SecondChancePoints,FG2A,LiveBallTurnovers,TsPct,Fg3Pct,AtRimFG3AFrequency,Pace,AtRimFrequency,SecondsPerPossOff,SecondsPerPossDef,Minutes,DefAtRimReboundPct,DefFGReboundPct,AtRimAccuracy,player_on,OffFGReboundPct,nba_id
0,2021,107.47126436781608,86.70520231213872,19.0,33.0,13.0,21.0,57.0,174.0,173.0,17.0,11.0,6.0,27.0,77.0,150.0,187.0,33.0,69.0,12.0,0.5470588235294118,0.3636363636363636,0.7534246575342466,111.1882510013351,0.2260273972602739,12.764367816091951,13.13872832369942,75.0,0.6666666666666666,0.7692307692307693,0.5757575757575758,True,0.2298850574712643,1629833
1,2021,117.03768368980067,118.89934829833454,1270.0,1964.0,661.0,869.0,1581.0,6873.0,6905.0,1016.0,429.0,283.0,734.0,2417.0,8210.0,8044.0,963.0,3792.0,484.0,0.5819303338171262,0.3723624327678941,0.7055886616202287,97.65571010897492,0.3163150265743276,14.36694311072312,15.12266473569877,3386.0,0.6092619392185239,0.7336639439906651,0.6466395112016293,False,0.2622848200312989,1629833
2,2022,127.10926694329184,99.5798319327731,152.0,207.0,89.0,112.0,222.0,723.0,714.0,114.0,69.0,37.0,91.0,291.0,711.0,919.0,148.0,320.0,63.0,0.6466854724964739,0.3917525773195876,0.8150572831423896,98.72519083969466,0.3387888707037643,14.304287690179809,14.871148459383754,349.0,0.5633802816901409,0.7617728531855956,0.7342995169082126,True,0.3611111111111111,1629833
3,2022,116.63244353182752,109.3344266776001,1311.0,1987.0,775.0,1036.0,1792.0,7305.0,7317.0,1121.0,603.0,379.0,858.0,2755.0,8000.0,8520.0,918.0,3679.0,594.0,0.5899680422398221,0.3684210526315789,0.7370220702517873,97.57034291010196,0.3088281007149518,14.720054757015742,14.797047970479705,3597.0,0.6493011435832274,0.7354019746121297,0.6597886260694514,False,0.2669491525423729,1629833
