index,year,ortg,drtg,AtRimFGM,AtRimFGA,AtRimAssists,Turnovers,FTA,OffPoss,DefPoss,TwoPtAssists,Steals,BadPassSteals,ThreePtAssists,FG3A,OpponentPoints,Points,SecondChancePoints,FG2A,LiveBallTurnovers,TsPct,Fg3Pct,AtRimFG3AFrequency,Pace,AtRimFrequency,SecondsPerPossOff,SecondsPerPossDef,Minutes,DefAtRimReboundPct,DefFGReboundPct,AtRimAccuracy,player_on,OffFGReboundPct,nba_id
0,2022,111.76470588235294,81.25,3.0,7.0,2.0,6.0,10.0,34.0,32.0,4.0,7.0,5.0,4.0,11.0,26.0,38.0,3.0,16.0,6.0,0.6206896551724138,0.4545454545454545,0.6666666666666666,94.47316103379724,0.2592592592592592,16.264705882352942,14.15625,17.0,0.75,0.6875,0.4285714285714285,True,0.1428571428571428,1629309
1,2022,114.54386839481556,106.77797159232496,1461.0,2260.0,862.0,1188.0,2046.0,8024.0,8026.0,1261.0,599.0,400.0,792.0,2657.0,8570.0,9191.0,1035.0,4367.0,624.0,0.5783619817997978,0.3616861121565675,0.7000284738041003,97.78552510217725,0.321753986332574,14.610418743768694,14.84176426613506,3939.0,0.6116838487972509,0.730883813306852,0.6464601769911504,False,0.285674702133555,1629309
