index,year,ortg,drtg,AtRimFGM,AtRimFGA,AtRimAssists,Turnovers,FTA,OffPoss,DefPoss,TwoPtAssists,Steals,BadPassSteals,ThreePtAssists,FG3A,OpponentPoints,Points,SecondChancePoints,FG2A,LiveBallTurnovers,TsPct,Fg3Pct,AtRimFG3AFrequency,Pace,AtRimFrequency,SecondsPerPossOff,SecondsPerPossDef,Minutes,DefAtRimReboundPct,DefFGReboundPct,AtRimAccuracy,player_on,OffFGReboundPct,nba_id
0,2021,85.29411764705883,97.14285714285714,4.0,7.0,2.0,5.0,15.0,34.0,35.0,2.0,1.0,,,10.0,34.0,29.0,11.0,21.0,3.0,0.3815789473684211,,0.5483870967741935,96.65369649805449,0.2258064516129032,16.08823529411765,13.742857142857142,17.0,0.75,0.7692307692307693,0.5714285714285714,True,0.4545454545454545,1629726
1,2021,109.915611814346,123.89006342494714,80.0,116.0,44.0,62.0,130.0,474.0,473.0,79.0,23.0,15.0,31.0,111.0,586.0,521.0,62.0,301.0,40.0,0.5508474576271186,0.3153153153153153,0.5509708737864077,101.9802572539635,0.2815533980582524,13.371308016877638,14.871035940803385,223.0,0.6896551724137931,0.7079207920792079,0.6896551724137931,False,0.2748815165876777,1629726
