index,year,ortg,drtg,AtRimFGM,AtRimFGA,AtRimAssists,Turnovers,FTA,OffPoss,DefPoss,TwoPtAssists,Steals,BadPassSteals,ThreePtAssists,FG3A,OpponentPoints,Points,SecondChancePoints,FG2A,LiveBallTurnovers,TsPct,Fg3Pct,AtRimFG3AFrequency,Pace,AtRimFrequency,SecondsPerPossOff,SecondsPerPossDef,Minutes,DefAtRimReboundPct,DefFGReboundPct,AtRimAccuracy,player_on,OffFGReboundPct,nba_id
0,2022,115.25285481239804,112.28359439406432,150.0,210.0,97.0,185.0,275.0,1226.0,1213.0,198.0,95.0,61.0,130.0,465.0,1362.0,1413.0,189.0,612.0,95.0,0.5902602854743912,0.3612903225806451,0.6267409470752089,96.67382328654006,0.1949860724233983,14.431484502446985,15.364385820280296,606.0,0.6153846153846154,0.7212020033388982,0.7142857142857143,True,0.2650822669104204,1629673
1,2022,116.83389074693424,108.57142857142856,99.0,138.0,54.0,135.0,160.0,897.0,910.0,154.0,75.0,49.0,112.0,356.0,988.0,1048.0,136.0,462.0,66.0,0.5888009049773756,0.3932584269662921,0.6039119804400978,96.26637069922307,0.1687041564792176,14.614269788182831,15.2978021978022,450.0,0.6666666666666666,0.7586206896551724,0.717391304347826,False,0.28125,1629673
2,2023,110.18062397372742,113.23283082077052,85.0,131.0,58.0,75.0,114.0,609.0,597.0,103.0,46.0,20.0,72.0,257.0,676.0,671.0,84.0,310.0,41.0,0.5422764227642276,0.3501945525291828,0.6843033509700176,101.87961985216472,0.2310405643738977,14.729064039408868,13.527638190954772,284.0,0.6176470588235294,0.7208480565371025,0.648854961832061,True,0.2596153846153846,1629673
3,2023,113.4943181818182,111.79775280898876,99.0,140.0,67.0,112.0,142.0,704.0,712.0,118.0,48.0,25.0,73.0,296.0,796.0,799.0,115.0,354.0,56.0,0.5596910112359551,0.3310810810810811,0.6707692307692308,99.98234774933805,0.2153846153846154,14.725852272727272,14.082865168539326,340.0,0.55,0.6906077348066298,0.7071428571428572,False,0.3265895953757225,1629673
