index,year,ortg,drtg,AtRimFGM,AtRimFGA,AtRimAssists,Turnovers,FTA,OffPoss,DefPoss,TwoPtAssists,Steals,BadPassSteals,ThreePtAssists,FG3A,OpponentPoints,Points,SecondChancePoints,FG2A,LiveBallTurnovers,TsPct,Fg3Pct,AtRimFG3AFrequency,Pace,AtRimFrequency,SecondsPerPossOff,SecondsPerPossDef,Minutes,DefAtRimReboundPct,DefFGReboundPct,AtRimAccuracy,player_on,OffFGReboundPct,nba_id
0,2020,106.02739726027396,100.54794520547944,58.0,92.0,23.0,54.0,63.0,365.0,365.0,26.0,38.0,26.0,50.0,194.0,367.0,387.0,32.0,128.0,24.0,0.5514285714285714,0.3402061855670103,0.8881987577639752,100.15243902439023,0.2857142857142857,14.150684931506849,14.605479452054794,175.0,0.5882352941176471,0.7619047619047619,0.6304347826086957,True,0.1925133689839572,1629652
1,2020,113.52941176470588,105.86510263929618,57.0,97.0,21.0,35.0,52.0,340.0,341.0,25.0,27.0,16.0,49.0,163.0,361.0,386.0,37.0,150.0,13.0,0.575075075075075,0.3803680981595092,0.8306709265175719,98.41830590124448,0.3099041533546325,14.294117647058824,14.96774193548387,166.0,0.5333333333333333,0.7484662576687117,0.5876288659793815,False,0.175438596491228,1629652
2,2024,107.32064421669106,111.79039301310044,101.0,176.0,65.0,116.0,149.0,683.0,687.0,95.0,47.0,29.0,67.0,243.0,768.0,733.0,113.0,378.0,57.0,0.532798833819242,0.3415637860082304,0.6747181964573269,93.98313562955552,0.2834138486312399,15.241581259150806,15.40174672489083,350.0,0.6716417910447762,0.7617647058823529,0.5738636363636364,True,0.3216374269005848,1629652
3,2024,101.55642023346304,112.890625,33.0,58.0,22.0,42.0,49.0,257.0,256.0,33.0,22.0,10.0,31.0,97.0,289.0,261.0,47.0,131.0,21.0,0.52,0.3608247422680412,0.6798245614035088,94.5985401459854,0.2543859649122807,15.19066147859922,15.25390625,130.0,0.7222222222222222,0.7522123893805309,0.5689655172413793,False,0.3,1629652
