index,year,ortg,drtg,AtRimFGM,AtRimFGA,AtRimAssists,Turnovers,FTA,OffPoss,DefPoss,TwoPtAssists,Steals,BadPassSteals,ThreePtAssists,FG3A,OpponentPoints,Points,SecondChancePoints,FG2A,LiveBallTurnovers,TsPct,Fg3Pct,AtRimFG3AFrequency,Pace,AtRimFrequency,SecondsPerPossOff,SecondsPerPossDef,Minutes,DefAtRimReboundPct,DefFGReboundPct,AtRimAccuracy,player_on,OffFGReboundPct,nba_id
0,2019,103.41207349081364,111.5485564304462,60.0,100.0,28.0,55.0,75.0,381.0,381.0,43.0,17.0,15.0,35.0,127.0,425.0,394.0,52.0,221.0,33.0,0.5157068062827225,0.3464566929133858,0.6522988505747126,94.18712446351932,0.2873563218390804,16.20997375328084,14.36745406824147,194.0,0.6944444444444444,0.7647058823529411,0.6,True,0.2828282828282828,1629061
1,2019,108.48155030528272,118.34084283063876,1259.0,2108.0,633.0,1050.0,1619.0,7534.0,7546.0,976.0,517.0,358.0,644.0,2261.0,8930.0,8173.0,1060.0,4575.0,535.0,0.5390428211586902,0.3551525873507297,0.6391164423639555,96.33645357348831,0.3083674663545933,15.767056012742236,14.129472568248078,3757.0,0.60056258790436,0.7318947679574342,0.5972485768500949,False,0.2728992164279924,1629061
