index,year,ortg,drtg,AtRimFGM,AtRimFGA,AtRimAssists,Turnovers,FTA,OffPoss,DefPoss,TwoPtAssists,Steals,BadPassSteals,ThreePtAssists,FG3A,OpponentPoints,Points,SecondChancePoints,FG2A,LiveBallTurnovers,TsPct,Fg3Pct,AtRimFG3AFrequency,Pace,AtRimFrequency,SecondsPerPossOff,SecondsPerPossDef,Minutes,DefAtRimReboundPct,DefFGReboundPct,AtRimAccuracy,player_on,OffFGReboundPct,nba_id
0,2024,55.55555555555556,96.29629629629628,3.0,4.0,2.0,4.0,,27.0,27.0,3.0,1.0,,1.0,10.0,26.0,15.0,3.0,15.0,,0.3,0.1,0.56,97.07865168539324,0.16,14.592592592592592,15.074074074074074,13.0,1.0,0.8181818181818182,0.75,True,0.1176470588235294,1629674
1,2024,110.2147417295415,118.2502896871379,276.0,393.0,152.0,217.0,268.0,1723.0,1726.0,264.0,96.0,55.0,150.0,612.0,2041.0,1899.0,178.0,982.0,119.0,0.5569917743830788,0.3366013071895425,0.6304893350062736,91.60183699441156,0.2465495608531995,15.149158444573418,16.29026651216686,904.0,0.6893203883495146,0.7401477832512315,0.7022900763358778,False,0.2275449101796407,1629674
