index,year,ortg,drtg,AtRimFGM,AtRimFGA,AtRimAssists,Turnovers,FTA,OffPoss,DefPoss,TwoPtAssists,Steals,BadPassSteals,ThreePtAssists,FG3A,OpponentPoints,Points,SecondChancePoints,FG2A,LiveBallTurnovers,TsPct,Fg3Pct,AtRimFG3AFrequency,Pace,AtRimFrequency,SecondsPerPossOff,SecondsPerPossDef,Minutes,DefAtRimReboundPct,DefFGReboundPct,AtRimAccuracy,player_on,OffFGReboundPct,nba_id
0,2019,80.64516129032258,68.75,2.0,13.0,1.0,2.0,12.0,31.0,32.0,3.0,7.0,6.0,1.0,6.0,22.0,25.0,3.0,24.0,1.0,0.3472222222222222,0.1666666666666666,0.6333333333333333,102.39277652370204,0.4333333333333333,13.67741935483871,14.4375,15.0,0.5,0.8461538461538461,0.1538461538461538,True,0.2608695652173913,1629116
1,2019,112.8189768779202,112.02971483345316,1539.0,2528.0,865.0,1191.0,2328.0,8347.0,8346.0,1270.0,554.0,341.0,696.0,2112.0,9350.0,9417.0,1079.0,5036.0,676.0,0.5746717388636643,0.3882575757575757,0.6491326245103526,101.39416384757504,0.3536653609401231,14.046723373667186,14.357296908698778,3951.0,0.6354941551540914,0.7284885187988898,0.6087816455696202,False,0.256140350877193,1629116
