index,year,ortg,drtg,AtRimFGM,AtRimFGA,AtRimAssists,Turnovers,FTA,OffPoss,DefPoss,TwoPtAssists,Steals,BadPassSteals,ThreePtAssists,FG3A,OpponentPoints,Points,SecondChancePoints,FG2A,LiveBallTurnovers,TsPct,Fg3Pct,AtRimFG3AFrequency,Pace,AtRimFrequency,SecondsPerPossOff,SecondsPerPossDef,Minutes,DefAtRimReboundPct,DefFGReboundPct,AtRimAccuracy,player_on,OffFGReboundPct,nba_id
0,2019,104.62724935732648,113.44647519582246,151.0,235.0,89.0,124.0,193.0,778.0,766.0,124.0,53.0,31.0,65.0,246.0,869.0,814.0,105.0,413.0,60.0,0.5449061662198391,0.3170731707317073,0.7298937784522003,99.69777140038563,0.3566009104704097,14.758354755784062,14.12402088772846,372.0,0.5277777777777778,0.6693121693121693,0.6425531914893617,True,0.2724719101123595,1629140
1,2019,110.91954022988506,108.04897108622038,1487.0,2469.0,809.0,1041.0,1669.0,7656.0,7678.0,1135.0,630.0,429.0,729.0,2538.0,8296.0,8492.0,1048.0,4413.0,558.0,0.5510963194988254,0.3518518518518518,0.7203280103582218,102.6739638889793,0.3552006905481226,14.378134796238244,13.67283146652774,3584.0,0.6098901098901099,0.7410071942446043,0.6022681247468611,False,0.2648634172469202,1629140
2,2020,114.44141689373296,104.67032967032966,74.0,100.0,39.0,49.0,95.0,367.0,364.0,59.0,30.0,16.0,36.0,126.0,381.0,420.0,39.0,199.0,26.0,0.5712328767123288,0.3174603174603174,0.6953846153846154,97.60222531293464,0.3076923076923077,14.678474114441418,14.82967032967033,180.0,0.52,0.6436170212765957,0.74,True,0.2764705882352941,1629140
3,2020,116.10422896198206,111.74797326127153,1299.0,1962.0,698.0,1114.0,1795.0,7023.0,7031.0,1033.0,511.0,325.0,686.0,2260.0,7857.0,8154.0,1001.0,3778.0,548.0,0.5967813051146384,0.3787610619469027,0.699238158330573,102.4826433725788,0.3249420337860219,14.231382600028478,13.871142085051911,3291.0,0.6387665198237885,0.7523520485584219,0.6620795107033639,False,0.2871777924653007,1629140
