index,year,ortg,drtg,AtRimFGM,AtRimFGA,AtRimAssists,Turnovers,FTA,OffPoss,DefPoss,TwoPtAssists,Steals,BadPassSteals,ThreePtAssists,FG3A,OpponentPoints,Points,SecondChancePoints,FG2A,LiveBallTurnovers,TsPct,Fg3Pct,AtRimFG3AFrequency,Pace,AtRimFrequency,SecondsPerPossOff,SecondsPerPossDef,Minutes,DefAtRimReboundPct,DefFGReboundPct,AtRimAccuracy,player_on,OffFGReboundPct,nba_id
0,2024,102.63157894736842,121.62162162162164,12.0,21.0,9.0,11.0,27.0,76.0,74.0,11.0,4.0,2.0,2.0,12.0,90.0,78.0,6.0,46.0,6.0,0.5428571428571428,0.25,0.5689655172413793,96.17097061442566,0.3620689655172414,14.802631578947368,15.14864864864865,37.0,0.5,0.6774193548387096,0.5714285714285714,True,0.0967741935483871,1629234
1,2024,112.41610738255034,125.57377049180327,49.0,78.0,28.0,46.0,85.0,298.0,305.0,39.0,26.0,16.0,27.0,92.0,383.0,335.0,34.0,153.0,24.0,0.5856643356643356,0.3804347826086957,0.6938775510204082,93.62950183308172,0.3183673469387755,14.248322147651006,16.485245901639345,155.0,0.6052631578947368,0.6142857142857143,0.6282051282051282,False,0.2125984251968504,1629234
