index,year,ortg,drtg,AtRimFGM,AtRimFGA,AtRimAssists,Turnovers,FTA,OffPoss,DefPoss,TwoPtAssists,Steals,BadPassSteals,ThreePtAssists,FG3A,OpponentPoints,Points,SecondChancePoints,FG2A,LiveBallTurnovers,TsPct,Fg3Pct,AtRimFG3AFrequency,Pace,AtRimFrequency,SecondsPerPossOff,SecondsPerPossDef,Minutes,DefAtRimReboundPct,DefFGReboundPct,AtRimAccuracy,player_on,OffFGReboundPct,nba_id
0,2023,114.1304347826087,102.61780104712042,29.0,50.0,14.0,31.0,35.0,184.0,191.0,24.0,15.0,8.0,19.0,66.0,196.0,210.0,31.0,102.0,14.0,0.5675675675675675,0.3636363636363636,0.6904761904761905,88.66995073891626,0.2976190476190476,17.130434782608695,15.38219895287958,102.0,0.8461538461538461,0.8505747126436781,0.58,True,0.3636363636363636,1629667
1,2023,111.54313487241798,115.87301587301587,108.0,182.0,53.0,105.0,175.0,823.0,819.0,87.0,69.0,46.0,80.0,307.0,949.0,918.0,135.0,449.0,46.0,0.5504201680672269,0.3583061889250814,0.6468253968253969,91.3279258400927,0.2407407407407407,16.715674362089914,14.814407814407817,432.0,0.7192982456140351,0.7674418604651163,0.5934065934065934,False,0.2578313253012048,1629667
