index,year,ortg,drtg,AtRimFGM,AtRimFGA,AtRimAssists,Turnovers,FTA,OffPoss,DefPoss,TwoPtAssists,Steals,BadPassSteals,ThreePtAssists,FG3A,OpponentPoints,Points,SecondChancePoints,FG2A,LiveBallTurnovers,TsPct,Fg3Pct,AtRimFG3AFrequency,Pace,AtRimFrequency,SecondsPerPossOff,SecondsPerPossDef,Minutes,DefAtRimReboundPct,DefFGReboundPct,AtRimAccuracy,player_on,OffFGReboundPct,nba_id
0,2021,82.66666666666667,76.92307692307692,13.0,18.0,6.0,17.0,16.0,75.0,78.0,6.0,8.0,4.0,4.0,23.0,60.0,62.0,5.0,32.0,12.0,0.5,0.217391304347826,0.7454545454545455,104.81446241674595,0.3272727272727272,12.946666666666667,14.5,35.0,0.9166666666666666,0.717391304347826,0.7222222222222222,True,0.1875,1629603
1,2021,109.01942645698428,114.67592592592592,257.0,415.0,141.0,286.0,380.0,2162.0,2160.0,273.0,161.0,91.0,198.0,763.0,2477.0,2357.0,248.0,1188.0,168.0,0.5564744801512287,0.3564875491480996,0.6037929267042542,96.13642682813804,0.212711430035879,15.512488436632747,14.444444444444445,1079.0,0.6079545454545454,0.6972563859981078,0.619277108433735,False,0.2227579556412729,1629603
2,2024,54.83870967741935,100.0,3.0,6.0,2.0,9.0,10.0,31.0,30.0,4.0,3.0,2.0,,1.0,30.0,17.0,,15.0,5.0,0.3809523809523809,,0.4375,98.3650615901456,0.375,14.129032258064516,15.166666666666666,15.0,0.3333333333333333,0.6666666666666666,0.5,True,,1629603
3,2024,123.9448751076658,120.49956933677863,226.0,367.0,126.0,144.0,251.0,1161.0,1161.0,208.0,74.0,44.0,136.0,413.0,1399.0,1439.0,165.0,671.0,69.0,0.6036943744752309,0.4019370460048426,0.7195571955719557,90.74497245365971,0.3385608856088561,15.083548664944011,16.65374677002584,614.0,0.5367647058823529,0.632996632996633,0.6158038147138964,False,0.3009345794392523,1629603
