index,year,ortg,drtg,AtRimFGM,AtRimFGA,AtRimAssists,Turnovers,FTA,OffPoss,DefPoss,TwoPtAssists,Steals,BadPassSteals,ThreePtAssists,FG3A,OpponentPoints,Points,SecondChancePoints,FG2A,LiveBallTurnovers,TsPct,Fg3Pct,AtRimFG3AFrequency,Pace,AtRimFrequency,SecondsPerPossOff,SecondsPerPossDef,Minutes,DefAtRimReboundPct,DefFGReboundPct,AtRimAccuracy,player_on,OffFGReboundPct,nba_id
0,2020,104.76190476190476,124.19354838709675,10.0,15.0,5.0,8.0,30.0,63.0,62.0,8.0,7.0,4.0,5.0,16.0,77.0,66.0,8.0,32.0,3.0,0.5409836065573771,0.3125,0.6458333333333334,106.19469026548671,0.3125,12.65079365079365,14.483870967741936,28.0,0.5454545454545454,0.625,0.6666666666666666,True,0.2413793103448276,1629608
1,2020,105.81767571329158,111.8047830923248,1109.0,1866.0,670.0,1204.0,1640.0,7185.0,7192.0,999.0,513.0,312.0,829.0,2782.0,8041.0,7603.0,967.0,3529.0,633.0,0.5396655231560892,0.3371675053918044,0.7364918396450642,100.07918207526647,0.2956742196165425,14.687265135699374,14.09023915461624,3448.0,0.6282352941176471,0.7541966426858513,0.5943193997856377,False,0.2702242407039455,1629608
