index,year,ortg,drtg,AtRimFGM,AtRimFGA,AtRimAssists,Turnovers,FTA,OffPoss,DefPoss,TwoPtAssists,Steals,BadPassSteals,ThreePtAssists,FG3A,OpponentPoints,Points,SecondChancePoints,FG2A,LiveBallTurnovers,TsPct,Fg3Pct,AtRimFG3AFrequency,Pace,AtRimFrequency,SecondsPerPossOff,SecondsPerPossDef,Minutes,DefAtRimReboundPct,DefFGReboundPct,AtRimAccuracy,player_on,OffFGReboundPct,nba_id
0,2020,111.68,100.3154574132492,124.0,179.0,79.0,93.0,151.0,625.0,634.0,102.0,39.0,30.0,62.0,247.0,636.0,698.0,102.0,313.0,42.0,0.5567092651757188,0.3076923076923077,0.7607142857142857,104.00780219149792,0.3196428571428571,14.3808,13.317034700315457,291.0,0.75,0.8012820512820513,0.6927374301675978,True,0.3166666666666666,1629598
1,2020,110.88166373755126,114.72437490861238,1321.0,2005.0,732.0,1070.0,1555.0,6828.0,6839.0,1015.0,539.0,326.0,640.0,2275.0,7846.0,7571.0,914.0,3754.0,585.0,0.5635548917102315,0.3534065934065934,0.7099021396583182,102.96961737883838,0.3325592967324597,14.582161687170474,13.388214651264803,3185.0,0.6759388038942976,0.7534504391468005,0.658852867830424,False,0.2784770295783512,1629598
