index,year,ortg,drtg,AtRimFGM,AtRimFGA,AtRimAssists,Turnovers,FTA,OffPoss,DefPoss,TwoPtAssists,Steals,BadPassSteals,ThreePtAssists,FG3A,OpponentPoints,Points,SecondChancePoints,FG2A,LiveBallTurnovers,TsPct,Fg3Pct,AtRimFG3AFrequency,Pace,AtRimFrequency,SecondsPerPossOff,SecondsPerPossDef,Minutes,DefAtRimReboundPct,DefFGReboundPct,AtRimAccuracy,player_on,OffFGReboundPct,nba_id
0,2021,90.0,89.47368421052632,,1.0,,2.0,4.0,20.0,19.0,1.0,5.0,2.0,3.0,11.0,17.0,18.0,,5.0,1.0,0.5,0.3636363636363636,0.75,102.48175182481752,0.0625,15.5,12.526315789473683,9.0,0.6666666666666666,0.6,,True,0.2,1629642
1,2021,125.5772646536412,124.33392539964476,110.0,167.0,52.0,65.0,142.0,563.0,563.0,78.0,32.0,21.0,74.0,213.0,700.0,707.0,107.0,318.0,30.0,0.599320882852292,0.4084507042253521,0.7156308851224106,93.55181167782136,0.3145009416195857,15.731793960923625,15.05328596802842,289.0,0.5348837209302325,0.7366412213740458,0.6586826347305389,False,0.3085501858736059,1629642
2,2024,107.6923076923077,95.65217391304348,9.0,15.0,7.0,4.0,2.0,26.0,23.0,7.0,2.0,2.0,1.0,7.0,22.0,28.0,5.0,18.0,2.0,0.56,0.2857142857142857,0.88,86.57668711656441,0.6,18.73076923076923,14.26086956521739,14.0,1.0,1.0,0.6,True,0.4166666666666667,1629642
3,2024,126.06232294617564,111.3960113960114,65.0,106.0,37.0,51.0,112.0,353.0,351.0,51.0,28.0,17.0,39.0,127.0,391.0,445.0,65.0,190.0,28.0,0.6054794520547945,0.3700787401574803,0.7350157728706624,94.69967304997664,0.334384858044164,16.039660056657222,14.367521367521368,178.0,0.7777777777777778,0.7972972972972973,0.6132075471698113,False,0.3710691823899371,1629642
