index,year,ortg,drtg,AtRimFGM,AtRimFGA,AtRimAssists,Turnovers,FTA,OffPoss,DefPoss,TwoPtAssists,Steals,BadPassSteals,ThreePtAssists,FG3A,OpponentPoints,Points,SecondChancePoints,FG2A,LiveBallTurnovers,TsPct,Fg3Pct,AtRimFG3AFrequency,Pace,AtRimFrequency,SecondsPerPossOff,SecondsPerPossDef,Minutes,DefAtRimReboundPct,DefFGReboundPct,AtRimAccuracy,player_on,OffFGReboundPct,nba_id
0,2022,73.6842105263158,127.77777777777776,4.0,4.0,2.0,2.0,9.0,19.0,18.0,2.0,1.0,1.0,,8.0,23.0,14.0,3.0,8.0,2.0,0.3421052631578947,,0.75,116.8421052631579,0.25,11.31578947368421,13.38888888888889,8.0,,0.2857142857142857,1.0,True,0.2727272727272727,1629717
1,2022,112.453531598513,120.74766355140189,94.0,127.0,52.0,58.0,117.0,538.0,535.0,70.0,39.0,20.0,52.0,189.0,646.0,605.0,75.0,311.0,29.0,0.5472727272727272,0.3121693121693121,0.632,90.2312543798178,0.254,15.565055762081784,16.35514018691589,285.0,0.6857142857142857,0.7433628318584071,0.7401574803149606,False,0.2519083969465648,1629717
