index,year,ortg,drtg,AtRimFGM,AtRimFGA,AtRimAssists,Turnovers,FTA,OffPoss,DefPoss,TwoPtAssists,Steals,BadPassSteals,ThreePtAssists,FG3A,OpponentPoints,Points,SecondChancePoints,FG2A,LiveBallTurnovers,TsPct,Fg3Pct,AtRimFG3AFrequency,Pace,AtRimFrequency,SecondsPerPossOff,SecondsPerPossDef,Minutes,DefAtRimReboundPct,DefFGReboundPct,AtRimAccuracy,player_on,OffFGReboundPct,nba_id
0,2022,83.33333333333333,105.60747663551402,12.0,14.0,4.0,24.0,16.0,102.0,107.0,8.0,6.0,1.0,10.0,33.0,113.0,85.0,10.0,42.0,13.0,0.5120481927710844,0.3333333333333333,0.6266666666666667,102.75179242062136,0.1866666666666666,15.029411764705882,13.046728971962615,49.0,0.5,0.8695652173913043,0.8571428571428571,True,0.2142857142857142,1629308
1,2022,117.56556160316674,110.96230158730158,237.0,334.0,147.0,296.0,419.0,2021.0,2016.0,344.0,164.0,109.0,232.0,788.0,2237.0,2376.0,315.0,1032.0,148.0,0.5928714859437751,0.3769035532994924,0.6164835164835165,96.19698499114692,0.1835164835164835,14.482434438396831,15.45734126984127,1007.0,0.6385542168674698,0.7307692307692307,0.7095808383233533,False,0.2747014115092291,1629308
