index,year,ortg,drtg,AtRimFGM,AtRimFGA,AtRimAssists,Turnovers,FTA,OffPoss,DefPoss,TwoPtAssists,Steals,BadPassSteals,ThreePtAssists,FG3A,OpponentPoints,Points,SecondChancePoints,FG2A,LiveBallTurnovers,TsPct,Fg3Pct,AtRimFG3AFrequency,Pace,AtRimFrequency,SecondsPerPossOff,SecondsPerPossDef,Minutes,DefAtRimReboundPct,DefFGReboundPct,AtRimAccuracy,player_on,OffFGReboundPct,nba_id
0,2021,122.22222222222224,100.0,,1.0,,1.0,2.0,9.0,9.0,,,,3.0,6.0,9.0,11.0,,2.0,1.0,0.6111111111111112,0.5,0.875,111.24463519313304,0.125,15.333333333333334,10.555555555555555,4.0,1.0,0.6,,True,0.5,1629833
1,2021,124.39024390243902,123.56020942408377,110.0,167.0,52.0,66.0,144.0,574.0,573.0,79.0,37.0,23.0,74.0,218.0,708.0,714.0,107.0,321.0,30.0,0.5961538461538461,0.4036697247706422,0.7142857142857143,93.59551198503996,0.3098330241187384,15.729965156794425,15.040139616055846,294.0,0.5333333333333333,0.7340823970037453,0.6586826347305389,False,0.3018181818181818,1629833
