index,year,ortg,drtg,AtRimFGM,AtRimFGA,AtRimAssists,Turnovers,FTA,OffPoss,DefPoss,TwoPtAssists,Steals,BadPassSteals,ThreePtAssists,FG3A,OpponentPoints,Points,SecondChancePoints,FG2A,LiveBallTurnovers,TsPct,Fg3Pct,AtRimFG3AFrequency,Pace,AtRimFrequency,SecondsPerPossOff,SecondsPerPossDef,Minutes,DefAtRimReboundPct,DefFGReboundPct,AtRimAccuracy,player_on,OffFGReboundPct,nba_id
0,2022,100.0,114.28571428571428,6.0,10.0,1.0,6.0,7.0,47.0,49.0,2.0,1.0,,3.0,18.0,56.0,47.0,6.0,24.0,5.0,0.5222222222222223,0.2222222222222222,0.6666666666666666,94.87989018531228,0.238095238095238,17.25531914893617,13.183673469387756,24.0,0.8,0.875,0.6,True,0.2083333333333333,1629672
1,2022,117.37373737373736,109.57230142566192,45.0,71.0,27.0,46.0,126.0,495.0,491.0,38.0,38.0,22.0,73.0,233.0,538.0,581.0,48.0,209.0,19.0,0.5818181818181818,0.3819742489270386,0.6877828054298643,89.73266763572016,0.1606334841628959,17.11111111111111,14.975560081466394,264.0,0.675,0.6949152542372882,0.6338028169014085,False,0.1791666666666666,1629672
