index,year,ortg,drtg,AtRimFGM,AtRimFGA,AtRimAssists,Turnovers,FTA,OffPoss,DefPoss,TwoPtAssists,Steals,BadPassSteals,ThreePtAssists,FG3A,OpponentPoints,Points,SecondChancePoints,FG2A,LiveBallTurnovers,TsPct,Fg3Pct,AtRimFG3AFrequency,Pace,AtRimFrequency,SecondsPerPossOff,SecondsPerPossDef,Minutes,DefAtRimReboundPct,DefFGReboundPct,AtRimAccuracy,player_on,OffFGReboundPct,nba_id
0,2020,110.25641025641026,141.55844155844156,14.0,19.0,6.0,17.0,17.0,78.0,77.0,8.0,9.0,6.0,11.0,27.0,109.0,86.0,4.0,36.0,8.0,0.625,0.4444444444444444,0.7301587301587301,103.42910101946246,0.3015873015873015,14.397435897435898,13.441558441558442,36.0,0.3333333333333333,0.4545454545454545,0.7368421052631579,True,0.2142857142857142,1629668
1,2020,105.45342190638036,113.75424513738808,1012.0,1616.0,670.0,951.0,1494.0,6473.0,6478.0,1085.0,525.0,354.0,559.0,2005.0,7369.0,6826.0,771.0,3662.0,528.0,0.5387603043753963,0.3321695760598503,0.6389624139756485,99.9744829582614,0.2851596964884418,14.299397497296464,14.50787280024699,3109.0,0.6453781512605042,0.7323750855578371,0.6262376237623762,False,0.2392144236960721,1629668
2,2020,90.0,118.1818181818182,2.0,4.0,1.0,1.0,,10.0,11.0,1.0,1.0,,1.0,3.0,13.0,9.0,,6.0,,0.5,0.3333333333333333,0.7777777777777778,103.91752577319588,0.4444444444444444,16.5,11.454545454545457,5.0,,1.0,0.5,True,,1629668
3,2020,113.00744486585197,106.99761604263075,1558.0,2251.0,840.0,1076.0,1728.0,7119.0,7131.0,1152.0,611.0,391.0,649.0,2239.0,7630.0,8045.0,1006.0,4021.0,585.0,0.5726244991413852,0.3488164359088879,0.7172523961661342,100.20069437323292,0.3595846645367412,14.218570023879758,14.523488991726266,3413.0,0.6315120711562897,0.7437743774377438,0.6921368280764105,False,0.277115987460815,1629668
