index,year,ortg,drtg,AtRimFGM,AtRimFGA,AtRimAssists,Turnovers,FTA,OffPoss,DefPoss,TwoPtAssists,Steals,BadPassSteals,ThreePtAssists,FG3A,OpponentPoints,Points,SecondChancePoints,FG2A,LiveBallTurnovers,TsPct,Fg3Pct,AtRimFG3AFrequency,Pace,AtRimFrequency,SecondsPerPossOff,SecondsPerPossDef,Minutes,DefAtRimReboundPct,DefFGReboundPct,AtRimAccuracy,player_on,OffFGReboundPct,nba_id
0,2019,116.49484536082474,122.10526315789474,11.0,14.0,8.0,14.0,24.0,97.0,95.0,18.0,5.0,3.0,9.0,25.0,116.0,113.0,4.0,49.0,11.0,0.6666666666666666,0.48,0.527027027027027,99.74025974025972,0.1891891891891892,15.309278350515465,13.547368421052632,46.0,0.5833333333333334,0.6037735849056604,0.7857142857142857,True,0.125,1629010
1,2019,122.15799614643544,110.42471042471044,95.0,128.0,65.0,72.0,131.0,519.0,518.0,113.0,37.0,23.0,47.0,168.0,572.0,634.0,75.0,292.0,37.0,0.6128404669260701,0.3869047619047619,0.6434782608695652,102.92803970223324,0.2782608695652174,13.2504816955684,14.731660231660232,242.0,0.6739130434782609,0.7435897435897436,0.7421875,False,0.2907488986784141,1629010
