index,year,ortg,drtg,AtRimFGM,AtRimFGA,AtRimAssists,Turnovers,FTA,OffPoss,DefPoss,TwoPtAssists,Steals,BadPassSteals,ThreePtAssists,FG3A,OpponentPoints,Points,SecondChancePoints,FG2A,LiveBallTurnovers,TsPct,Fg3Pct,AtRimFG3AFrequency,Pace,AtRimFrequency,SecondsPerPossOff,SecondsPerPossDef,Minutes,DefAtRimReboundPct,DefFGReboundPct,AtRimAccuracy,player_on,OffFGReboundPct,nba_id
0,2021,103.78250591016548,108.35322195704056,62.0,101.0,23.0,50.0,98.0,423.0,419.0,35.0,24.0,12.0,35.0,157.0,454.0,439.0,63.0,215.0,23.0,0.526378896882494,0.3375796178343949,0.6935483870967742,105.04028415489908,0.271505376344086,14.073286052009456,13.341288782816228,192.0,0.4736842105263157,0.7535545023696683,0.6138613861386139,True,0.2604651162790697,1629604
1,2021,119.02329075882795,117.33554616777307,1061.0,1739.0,491.0,749.0,1460.0,6655.0,6628.0,711.0,472.0,287.0,750.0,2782.0,7777.0,7921.0,991.0,3404.0,417.0,0.5794920728126834,0.3878504672897196,0.7308438409311349,97.53116761932928,0.2811186550274814,15.137791134485347,14.38971031985516,3269.0,0.6152694610778443,0.737544773689352,0.6101207590569293,False,0.2657384987893462,1629604
2,2022,104.68879668049792,119.52539550374688,411.0,675.0,237.0,368.0,569.0,2410.0,2402.0,349.0,214.0,135.0,214.0,821.0,2871.0,2523.0,347.0,1304.0,225.0,0.5308668076109937,0.3264311814859927,0.704,98.34206156597268,0.3176470588235294,14.690456431535267,14.594920899250624,1174.0,0.6331877729257642,0.6988636363636364,0.6088888888888889,True,0.2687447346251053,1629604
3,2022,110.08717310087174,116.74369001066476,903.0,1499.0,474.0,818.0,1202.0,5621.0,5626.0,710.0,443.0,280.0,607.0,2196.0,6568.0,6188.0,770.0,2823.0,447.0,0.5560975609756098,0.3529143897996357,0.7362024307631002,97.38891995742608,0.2986650727236501,14.852161537093044,14.720049768929968,2772.0,0.6174089068825911,0.7365930599369085,0.6024016010673783,False,0.2592865023905847,1629604
