index,year,ortg,drtg,AtRimFGM,AtRimFGA,AtRimAssists,Turnovers,FTA,OffPoss,DefPoss,TwoPtAssists,Steals,BadPassSteals,ThreePtAssists,FG3A,OpponentPoints,Points,SecondChancePoints,FG2A,LiveBallTurnovers,TsPct,Fg3Pct,AtRimFG3AFrequency,Pace,AtRimFrequency,SecondsPerPossOff,SecondsPerPossDef,Minutes,DefAtRimReboundPct,DefFGReboundPct,AtRimAccuracy,player_on,OffFGReboundPct,nba_id
0,2022,117.3913043478261,78.26086956521739,4.0,5.0,3.0,5.0,6.0,23.0,23.0,4.0,2.0,,1.0,8.0,18.0,27.0,8.0,11.0,1.0,0.6136363636363636,0.375,0.6842105263157895,107.0113085621971,0.2631578947368421,14.478260869565217,12.434782608695652,10.0,1.0,0.7692307692307693,0.8,True,0.5555555555555556,1629139
1,2022,121.13207547169812,112.54681647940076,88.0,123.0,52.0,82.0,146.0,530.0,534.0,73.0,29.0,14.0,66.0,193.0,601.0,642.0,65.0,257.0,39.0,0.6237816764132553,0.4093264248704663,0.7022222222222222,90.33429632686752,0.2733333333333333,16.335849056603774,15.54868913857678,283.0,0.65625,0.7461538461538462,0.7154471544715447,False,0.2589285714285714,1629139
2,2023,110.0,77.77777777777777,1.0,2.0,1.0,1.0,2.0,10.0,9.0,1.0,3.0,2.0,,3.0,7.0,11.0,,4.0,,0.6875,0.3333333333333333,0.7142857142857143,96.67844522968196,0.2857142857142857,14.2,15.666666666666666,5.0,,0.5,0.5,True,,1629139
3,2023,116.76300578034682,104.91329479768788,58.0,104.0,31.0,52.0,59.0,346.0,346.0,46.0,31.0,22.0,40.0,130.0,363.0,404.0,80.0,205.0,21.0,0.5597222222222222,0.4076923076923077,0.6985074626865672,88.67847290202012,0.3104477611940298,17.427745664739884,15.04913294797688,187.0,0.6666666666666666,0.8383233532934131,0.5576923076923077,False,0.3646408839779005,1629139
