index,year,ortg,drtg,AtRimFGM,AtRimFGA,AtRimAssists,Turnovers,FTA,OffPoss,DefPoss,TwoPtAssists,Steals,BadPassSteals,ThreePtAssists,FG3A,OpponentPoints,Points,SecondChancePoints,FG2A,LiveBallTurnovers,TsPct,Fg3Pct,AtRimFG3AFrequency,Pace,AtRimFrequency,SecondsPerPossOff,SecondsPerPossDef,Minutes,DefAtRimReboundPct,DefFGReboundPct,AtRimAccuracy,player_on,OffFGReboundPct,nba_id
0,2019,100.0,102.40963855421688,12.0,21.0,6.0,5.0,14.0,87.0,83.0,12.0,8.0,7.0,12.0,35.0,85.0,87.0,8.0,44.0,2.0,0.5,0.3428571428571428,0.7088607594936709,112.55172413793105,0.2658227848101265,13.57471264367816,11.975903614457833,36.0,0.5,0.7241379310344828,0.5714285714285714,True,0.2127659574468085,1629118
1,2019,113.52785145888596,109.5990894144429,1490.0,2345.0,917.0,1096.0,1700.0,7917.0,7907.0,1436.0,626.0,405.0,785.0,2536.0,8666.0,8988.0,1271.0,4769.0,608.0,0.5568549390395621,0.3513406940063091,0.6681724845995893,97.1356224822559,0.3210130047912389,14.89857269167614,14.750600733527254,3910.0,0.6526674233825198,0.7497323340471093,0.6353944562899787,False,0.3017082785808147,1629118
