index,year,ortg,drtg,AtRimFGM,AtRimFGA,AtRimAssists,Turnovers,FTA,OffPoss,DefPoss,TwoPtAssists,Steals,BadPassSteals,ThreePtAssists,FG3A,OpponentPoints,Points,SecondChancePoints,FG2A,LiveBallTurnovers,TsPct,Fg3Pct,AtRimFG3AFrequency,Pace,AtRimFrequency,SecondsPerPossOff,SecondsPerPossDef,Minutes,DefAtRimReboundPct,DefFGReboundPct,AtRimAccuracy,player_on,OffFGReboundPct,nba_id
0,2020,103.03030303030305,117.17791411042944,47.0,83.0,19.0,55.0,103.0,330.0,326.0,28.0,24.0,13.0,27.0,95.0,382.0,340.0,40.0,180.0,31.0,0.5296875,0.3789473684210526,0.6472727272727272,102.95803814713896,0.3018181818181818,13.981818181818182,13.99079754601227,153.0,0.5428571428571428,0.7071428571428572,0.5662650602409639,True,0.2670807453416149,1629018
1,2020,110.28571428571428,113.96648044692738,29.0,46.0,12.0,24.0,22.0,175.0,179.0,22.0,13.0,11.0,12.0,58.0,204.0,193.0,34.0,108.0,13.0,0.5514285714285714,0.3793103448275862,0.6265060240963856,97.56172248803828,0.2771084337349397,14.582857142857144,14.932960893854748,87.0,0.6666666666666666,0.7058823529411765,0.6304347826086957,False,0.2758620689655172,1629018
2,2022,110.55408970976254,124.0,55.0,77.0,29.0,41.0,80.0,379.0,375.0,46.0,29.0,13.0,41.0,141.0,465.0,419.0,59.0,212.0,19.0,0.5360824742268041,0.3333333333333333,0.6175637393767706,90.80538596637952,0.2181303116147308,15.62796833773087,16.090666666666667,199.0,0.6086956521739131,0.7151898734177216,0.7142857142857143,True,0.2486772486772486,1629018
3,2022,112.35955056179776,114.6067415730337,43.0,54.0,25.0,19.0,46.0,178.0,178.0,26.0,11.0,8.0,11.0,56.0,204.0,200.0,19.0,107.0,12.0,0.5497237569060773,0.2142857142857142,0.6748466257668712,91.16841543659967,0.3312883435582822,14.97752808988764,16.6123595505618,94.0,0.7692307692307693,0.76,0.7962962962962963,False,0.2619047619047619,1629018
