index,year,ortg,drtg,AtRimFGM,AtRimFGA,AtRimAssists,Turnovers,FTA,OffPoss,DefPoss,TwoPtAssists,Steals,BadPassSteals,ThreePtAssists,FG3A,OpponentPoints,Points,SecondChancePoints,FG2A,LiveBallTurnovers,TsPct,Fg3Pct,AtRimFG3AFrequency,Pace,AtRimFrequency,SecondsPerPossOff,SecondsPerPossDef,Minutes,DefAtRimReboundPct,DefFGReboundPct,AtRimAccuracy,player_on,OffFGReboundPct,nba_id
0,2023,120.63893357848772,114.59434612732706,811.0,1296.0,445.0,620.0,1137.0,4351.0,4351.0,689.0,346.0,229.0,449.0,1415.0,4986.0,5249.0,680.0,2463.0,310.0,0.5977813357731016,0.3830388692579505,0.6990716864363073,100.72244996382928,0.334192882929345,14.70512525856125,13.88830153987589,2074.0,0.6323185011709602,0.7415,0.6257716049382716,True,0.3137154554759467,1629614
1,2023,115.72919317892594,116.10515569167944,780.0,1190.0,445.0,613.0,963.0,3929.0,3918.0,627.0,304.0,198.0,398.0,1318.0,4549.0,4547.0,582.0,2127.0,321.0,0.5854855371900827,0.3619119878603945,0.728011611030479,100.30785619174434,0.3454281567489115,14.64011198778315,14.07069933639612,1878.0,0.6413301662707839,0.7044198895027625,0.6554621848739496,False,0.3069873997709049,1629614
2,2024,116.37393767705385,118.48381601362864,651.0,1037.0,350.0,500.0,858.0,3530.0,3522.0,554.0,238.0,160.0,299.0,1038.0,4173.0,4108.0,505.0,2118.0,274.0,0.5820301393232868,0.3680154142581888,0.6574778200253485,99.75422155423924,0.3285804816223067,14.980453257790368,13.889267461669506,1697.0,0.6257861635220126,0.7374055415617129,0.6277724204435873,True,0.30062893081761,1629614
3,2024,120.56172710123664,123.94572025052192,965.0,1431.0,513.0,642.0,1272.0,4771.0,4790.0,768.0,305.0,202.0,399.0,1366.0,5937.0,5752.0,709.0,2839.0,357.0,0.6030494216614091,0.3623718887262079,0.6651605231866825,102.24073785283043,0.3403091557669441,14.389016977572837,13.781002087682673,2244.0,0.618510158013544,0.7122232916265641,0.6743535988819007,False,0.2946954813359528,1629614
