index,year,ortg,drtg,AtRimFGM,AtRimFGA,AtRimAssists,Turnovers,FTA,OffPoss,DefPoss,TwoPtAssists,Steals,BadPassSteals,ThreePtAssists,FG3A,OpponentPoints,Points,SecondChancePoints,FG2A,LiveBallTurnovers,TsPct,Fg3Pct,AtRimFG3AFrequency,Pace,AtRimFrequency,SecondsPerPossOff,SecondsPerPossDef,Minutes,DefAtRimReboundPct,DefFGReboundPct,AtRimAccuracy,player_on,OffFGReboundPct,nba_id
0,2021,99.63503649635037,109.22509225092251,45.0,86.0,20.0,45.0,67.0,274.0,271.0,23.0,19.0,11.0,30.0,92.0,296.0,273.0,24.0,136.0,20.0,0.5290697674418605,0.3804347826086957,0.7807017543859649,98.25967196694629,0.3771929824561403,15.671532846715328,13.62730627306273,133.0,0.7391304347826086,0.7631578947368421,0.5232558139534884,True,0.2076923076923077,1629686
1,2021,109.25324675324676,113.43151693667156,1230.0,1929.0,691.0,1028.0,1616.0,6776.0,6790.0,970.0,512.0,311.0,720.0,2278.0,7702.0,7403.0,894.0,3656.0,558.0,0.5561001357261348,0.3498683055311677,0.7089652847994607,97.10567521486482,0.3250758341759353,15.236865407319954,14.42238586156112,3353.0,0.6260869565217392,0.7279174725983236,0.6376360808709176,False,0.2590494176896443,1629686
2,2022,70.6896551724138,116.94915254237289,8.0,16.0,3.0,10.0,7.0,58.0,59.0,5.0,5.0,4.0,2.0,17.0,69.0,41.0,3.0,35.0,5.0,0.3727272727272727,0.1764705882352941,0.6346153846153846,105.56390977443608,0.3076923076923077,14.362068965517242,12.932203389830509,27.0,0.4285714285714285,0.5416666666666666,0.5,True,0.1764705882352941,1629686
3,2022,106.9375,114.51431428928616,1379.0,2257.0,737.0,1153.0,1799.0,8000.0,7999.0,1093.0,625.0,377.0,824.0,2821.0,9160.0,8555.0,1113.0,4394.0,601.0,0.5336472065285625,0.3268344558667139,0.7038115038115038,97.71873568483738,0.3128205128205128,14.8425,14.629828728591074,3929.0,0.5897435897435898,0.7160322311753264,0.6109880372175455,False,0.270074812967581,1629686
