index,year,ortg,drtg,AtRimFGM,AtRimFGA,AtRimAssists,Turnovers,FTA,OffPoss,DefPoss,TwoPtAssists,Steals,BadPassSteals,ThreePtAssists,FG3A,OpponentPoints,Points,SecondChancePoints,FG2A,LiveBallTurnovers,TsPct,Fg3Pct,AtRimFG3AFrequency,Pace,AtRimFrequency,SecondsPerPossOff,SecondsPerPossDef,Minutes,DefAtRimReboundPct,DefFGReboundPct,AtRimAccuracy,player_on,OffFGReboundPct,nba_id
0,2019,128.30188679245282,90.74074074074076,13.0,23.0,8.0,6.0,19.0,53.0,54.0,11.0,5.0,1.0,,15.0,49.0,68.0,2.0,30.0,5.0,0.6415094339622641,0.4,0.8444444444444444,117.4390243902439,0.5111111111111111,10.037735849056604,14.444444444444445,22.0,1.0,0.8695652173913043,0.5652173913043478,True,0.2857142857142857,1629033
1,2019,104.93562231759655,120.2991452991453,82.0,143.0,45.0,65.0,127.0,466.0,468.0,58.0,33.0,23.0,27.0,155.0,563.0,489.0,59.0,257.0,34.0,0.5213675213675214,0.3161290322580645,0.7233009708737864,102.76283618581908,0.3470873786407767,14.495708154506438,13.532051282051285,218.0,0.5094339622641509,0.6172248803827751,0.5734265734265734,False,0.2552301255230125,1629033
