index,year,ortg,drtg,AtRimFGM,AtRimFGA,AtRimAssists,Turnovers,FTA,OffPoss,DefPoss,TwoPtAssists,Steals,BadPassSteals,ThreePtAssists,FG3A,OpponentPoints,Points,SecondChancePoints,FG2A,LiveBallTurnovers,TsPct,Fg3Pct,AtRimFG3AFrequency,Pace,AtRimFrequency,SecondsPerPossOff,SecondsPerPossDef,Minutes,DefAtRimReboundPct,DefFGReboundPct,AtRimAccuracy,player_on,OffFGReboundPct,nba_id
0,2020,103.125,95.41984732824427,29.0,44.0,15.0,28.0,28.0,128.0,131.0,17.0,8.0,4.0,10.0,44.0,125.0,132.0,15.0,64.0,17.0,0.5416666666666666,0.25,0.8148148148148148,100.44707783463508,0.4074074074074074,15.4765625,13.221374045801529,62.0,0.5,0.7457627118644068,0.6590909090909091,True,0.3275862068965517,1629724
1,2020,110.27096041991771,109.42913944902016,1197.0,1858.0,668.0,1037.0,1417.0,7049.0,7042.0,1030.0,503.0,305.0,747.0,2409.0,7706.0,7773.0,802.0,3826.0,582.0,0.5673795224842537,0.3661270236612702,0.6843624699278268,97.96424415938048,0.2979951884522855,14.423180592991914,14.975575120704343,3452.0,0.5623188405797102,0.7429485315498692,0.6442411194833154,False,0.2419601837672281,1629724
