index,year,ortg,drtg,AtRimFGM,AtRimFGA,AtRimAssists,Turnovers,FTA,OffPoss,DefPoss,TwoPtAssists,Steals,BadPassSteals,ThreePtAssists,FG3A,OpponentPoints,Points,SecondChancePoints,FG2A,LiveBallTurnovers,TsPct,Fg3Pct,AtRimFG3AFrequency,Pace,AtRimFrequency,SecondsPerPossOff,SecondsPerPossDef,Minutes,DefAtRimReboundPct,DefFGReboundPct,AtRimAccuracy,player_on,OffFGReboundPct,nba_id
0,2021,114.62585034013604,101.33779264214049,47.0,68.0,33.0,32.0,61.0,294.0,299.0,44.0,16.0,8.0,25.0,101.0,303.0,337.0,32.0,172.0,18.0,0.5661016949152542,0.3366336633663366,0.6190476190476191,93.82705197231073,0.2490842490842491,15.214285714285714,15.478260869565217,152.0,0.5384615384615384,0.75625,0.6911764705882353,True,0.2344827586206896,1629631
1,2021,109.29264909847434,113.7595552466991,180.0,280.0,96.0,192.0,315.0,1442.0,1439.0,171.0,105.0,61.0,124.0,514.0,1637.0,1576.0,192.0,775.0,120.0,0.5519298245614035,0.3443579766536965,0.6159813809154383,97.06918739324738,0.21722265321955,14.898058252427184,14.771369006254345,712.0,0.6614173228346457,0.706408345752608,0.6428571428571429,False,0.2514285714285714,1629631
2,2022,97.3293768545994,118.42105263157896,38.0,55.0,20.0,60.0,73.0,337.0,342.0,38.0,19.0,10.0,28.0,117.0,405.0,328.0,31.0,159.0,34.0,0.5308441558441559,0.2905982905982906,0.6231884057971014,93.3244249308008,0.1992753623188405,15.28486646884273,15.57309941520468,175.0,0.5333333333333333,0.6956521739130435,0.6909090909090909,True,0.2064516129032258,1629631
3,2022,121.37404580152672,112.6984126984127,19.0,29.0,8.0,22.0,37.0,131.0,126.0,13.0,10.0,7.0,14.0,58.0,142.0,159.0,27.0,57.0,13.0,0.6115384615384616,0.396551724137931,0.7565217391304347,94.33596737190923,0.2521739130434782,15.053435114503817,15.484126984126984,65.0,0.75,0.7719298245614035,0.6551724137931034,False,0.35,1629631
4,2023,118.4154175588865,120.63829787234044,68.0,113.0,35.0,55.0,67.0,467.0,470.0,67.0,33.0,19.0,45.0,177.0,567.0,553.0,92.0,287.0,28.0,0.5621181262729125,0.3728813559322034,0.625,100.27348394768131,0.2435344827586207,14.18201284796574,14.538297872340426,224.0,0.6585365853658537,0.7839195979899497,0.6017699115044248,True,0.3185483870967742,1629631
5,2023,105.97014925373136,117.6470588235294,19.0,32.0,10.0,22.0,35.0,134.0,136.0,18.0,13.0,9.0,17.0,47.0,160.0,142.0,13.0,67.0,11.0,0.5503875968992248,0.3829787234042553,0.6929824561403509,101.673640167364,0.2807017543859649,13.75373134328358,14.566176470588236,64.0,0.6923076923076923,0.7333333333333333,0.59375,False,0.2461538461538461,1629631
