index,year,ortg,drtg,AtRimFGM,AtRimFGA,AtRimAssists,Turnovers,FTA,OffPoss,DefPoss,TwoPtAssists,Steals,BadPassSteals,ThreePtAssists,FG3A,OpponentPoints,Points,SecondChancePoints,FG2A,LiveBallTurnovers,TsPct,Fg3Pct,AtRimFG3AFrequency,Pace,AtRimFrequency,SecondsPerPossOff,SecondsPerPossDef,Minutes,DefAtRimReboundPct,DefFGReboundPct,AtRimAccuracy,player_on,OffFGReboundPct,nba_id
0,2022,117.3913043478261,113.63636363636364,5.0,6.0,3.0,6.0,4.0,23.0,22.0,4.0,3.0,2.0,2.0,8.0,25.0,27.0,2.0,9.0,4.0,0.7105263157894737,0.5,0.8235294117647058,110.0169779286927,0.3529411764705882,12.73913043478261,13.454545454545457,10.0,,0.5454545454545454,0.8333333333333334,True,0.3333333333333333,1629783
1,2022,109.8923942284177,115.756611165524,1411.0,2264.0,854.0,1228.0,1833.0,8178.0,8168.0,1239.0,585.0,379.0,802.0,2820.0,9455.0,8987.0,1065.0,4432.0,796.0,0.5574261129816686,0.3485815602836879,0.7010479867622724,99.41344217539972,0.3121897407611693,14.548178038640254,14.421669931439764,3946.0,0.5733173076923077,0.6669123065585851,0.6232332155477032,False,0.2671480144404332,1629783
