index,year,ortg,drtg,AtRimFGM,AtRimFGA,AtRimAssists,Turnovers,FTA,OffPoss,DefPoss,TwoPtAssists,Steals,BadPassSteals,ThreePtAssists,FG3A,OpponentPoints,Points,SecondChancePoints,FG2A,LiveBallTurnovers,TsPct,Fg3Pct,AtRimFG3AFrequency,Pace,AtRimFrequency,SecondsPerPossOff,SecondsPerPossDef,Minutes,DefAtRimReboundPct,DefFGReboundPct,AtRimAccuracy,player_on,OffFGReboundPct,nba_id
0,2019,8.333333333333334,100.0,,1.0,,4.0,2.0,12.0,13.0,,,,,2.0,13.0,1.0,,6.0,2.0,0.0555555555555555,,0.375,109.4224924012158,0.125,15.916666666666666,10.615384615384617,5.0,1.0,1.0,,True,0.125,1629015
1,2019,108.56898029134533,110.34188034188034,193.0,316.0,110.0,148.0,313.0,1167.0,1170.0,158.0,95.0,55.0,75.0,396.0,1291.0,1267.0,129.0,633.0,74.0,0.5397775876817793,0.3106060606060606,0.6919339164237124,98.3108877917677,0.3070942662779397,14.278491859468724,15.015384615384615,571.0,0.591304347826087,0.6858736059479554,0.6107594936708861,False,0.2372583479789103,1629015
