index,year,ortg,drtg,AtRimFGM,AtRimFGA,AtRimAssists,Turnovers,FTA,OffPoss,DefPoss,TwoPtAssists,Steals,BadPassSteals,ThreePtAssists,FG3A,OpponentPoints,Points,SecondChancePoints,FG2A,LiveBallTurnovers,TsPct,Fg3Pct,AtRimFG3AFrequency,Pace,AtRimFrequency,SecondsPerPossOff,SecondsPerPossDef,Minutes,DefAtRimReboundPct,DefFGReboundPct,AtRimAccuracy,player_on,OffFGReboundPct,nba_id
0,2019,104.32432432432432,108.15217391304348,27.0,48.0,11.0,20.0,53.0,185.0,184.0,18.0,9.0,6.0,20.0,73.0,199.0,193.0,24.0,94.0,12.0,0.5052356020942408,0.3287671232876712,0.7245508982035929,98.582560296846,0.2874251497005988,15.02162162162162,14.190217391304348,90.0,0.6363636363636364,0.7777777777777778,0.5625,True,0.2551020408163265,1629133
1,2019,110.2917034979164,111.5982312065698,1373.0,2106.0,779.0,1147.0,2023.0,7919.0,7915.0,1076.0,524.0,329.0,804.0,2929.0,8833.0,8734.0,1038.0,4026.0,631.0,0.5548102721349176,0.3407306247866166,0.723939611790079,98.29271026425832,0.302803738317757,14.96489455739361,14.33518635502211,3866.0,0.6185286103542235,0.7424122459751914,0.6519468186134852,False,0.2607879924953096,1629133
2,2020,78.57142857142857,73.33333333333333,4.0,8.0,4.0,8.0,4.0,28.0,30.0,5.0,3.0,3.0,3.0,9.0,22.0,22.0,2.0,10.0,5.0,0.5238095238095238,0.3333333333333333,0.8947368421052632,98.72340425531917,0.4210526315789473,15.25,13.966666666666669,14.0,,0.75,0.5,True,0.1818181818181818,1629133
3,2020,113.40191853190602,110.45897079276772,1205.0,1795.0,738.0,1078.0,1836.0,7193.0,7190.0,1056.0,544.0,334.0,828.0,2575.0,7942.0,8157.0,858.0,3566.0,540.0,0.5854817802102837,0.3790291262135922,0.7116104868913857,97.65236611621997,0.2922976713890245,14.84985402474628,14.642475660639777,3535.0,0.6288,0.7590149516270889,0.6713091922005571,False,0.2411616161616161,1629133
