index,year,ortg,drtg,AtRimFGM,AtRimFGA,AtRimAssists,Turnovers,FTA,OffPoss,DefPoss,TwoPtAssists,Steals,BadPassSteals,ThreePtAssists,FG3A,OpponentPoints,Points,SecondChancePoints,FG2A,LiveBallTurnovers,TsPct,Fg3Pct,AtRimFG3AFrequency,Pace,AtRimFrequency,SecondsPerPossOff,SecondsPerPossDef,Minutes,DefAtRimReboundPct,DefFGReboundPct,AtRimAccuracy,player_on,OffFGReboundPct,nba_id
0,2020,110.99656357388317,113.74570446735396,54.0,72.0,28.0,55.0,67.0,291.0,291.0,45.0,19.0,11.0,27.0,85.0,331.0,323.0,27.0,156.0,30.0,0.599624060150376,0.3764705882352941,0.6514522821576764,100.58569371099377,0.2987551867219917,14.646048109965635,13.986254295532646,139.0,0.5,0.704225352112676,0.75,True,0.25,1629346
1,2020,105.2555910543131,114.09642401021712,972.0,1563.0,648.0,913.0,1444.0,6260.0,6264.0,1048.0,515.0,349.0,543.0,1947.0,7147.0,6589.0,748.0,3542.0,506.0,0.5370703764320786,0.3317925012840267,0.6394607396611405,99.98758094562228,0.2847513208234651,14.28450479233227,14.518997445721585,3006.0,0.6514084507042254,0.7316202712348323,0.6218809980806143,False,0.2385534173855341,1629346
2,2021,97.28260869565216,114.05405405405403,25.0,38.0,15.0,34.0,41.0,184.0,185.0,19.0,14.0,9.0,23.0,70.0,211.0,179.0,25.0,80.0,21.0,0.5359281437125748,0.3571428571428571,0.72,105.61717352415027,0.2533333333333333,14.298913043478262,12.972972972972974,84.0,0.5625,0.6962025316455697,0.6578947368421053,True,0.264367816091954,1629346
3,2021,111.84357541899442,110.41229909154436,1193.0,1776.0,763.0,1046.0,1479.0,7160.0,7155.0,1127.0,573.0,337.0,822.0,2719.0,7900.0,8008.0,725.0,3478.0,546.0,0.5858778625954199,0.3762412651710187,0.7253509762788446,101.73074930044564,0.2865902856220752,13.615782122905028,14.694619147449336,3377.0,0.6485623003194888,0.7354781054512958,0.6717342342342343,False,0.2105919003115264,1629346
