index,year,ortg,drtg,AtRimFGM,AtRimFGA,AtRimAssists,Turnovers,FTA,OffPoss,DefPoss,TwoPtAssists,Steals,BadPassSteals,ThreePtAssists,FG3A,OpponentPoints,Points,SecondChancePoints,FG2A,LiveBallTurnovers,TsPct,Fg3Pct,AtRimFG3AFrequency,Pace,AtRimFrequency,SecondsPerPossOff,SecondsPerPossDef,Minutes,DefAtRimReboundPct,DefFGReboundPct,AtRimAccuracy,player_on,OffFGReboundPct,nba_id
0,2020,101.23203285420944,102.36686390532545,85.0,118.0,50.0,74.0,104.0,487.0,507.0,81.0,36.0,24.0,30.0,154.0,519.0,493.0,59.0,268.0,36.0,0.5245726495726496,0.2467532467532467,0.6445497630331753,102.68742377501972,0.2796208530805687,13.901437371663244,14.140039447731755,232.0,0.5714285714285714,0.7688679245283019,0.7203389830508474,True,0.237885462555066,1629713
1,2020,111.02150537634408,113.42140819696742,1141.0,1785.0,585.0,969.0,1360.0,6696.0,6661.0,875.0,520.0,320.0,727.0,2357.0,7555.0,7434.0,853.0,3585.0,521.0,0.567422617223414,0.3716588884174798,0.6970716930326489,98.37347394908988,0.3004039044092898,14.51478494623656,14.762047740579492,3259.0,0.6863084922010398,0.745945945945946,0.6392156862745098,False,0.2485549132947976,1629713
2,2021,103.20121951219512,111.56773211567732,100.0,159.0,58.0,88.0,149.0,656.0,657.0,111.0,58.0,42.0,52.0,211.0,733.0,677.0,74.0,351.0,54.0,0.5390749601275917,0.3364928909952606,0.6583629893238434,101.5315218558694,0.2829181494661921,14.126524390243905,14.23896499238965,310.0,0.7096774193548387,0.7117437722419929,0.6289308176100629,True,0.2233333333333333,1629713
3,2021,114.98545844175725,118.36578261536104,1160.0,1713.0,619.0,875.0,1436.0,6533.0,6523.0,1021.0,485.0,320.0,652.0,2189.0,7721.0,7512.0,807.0,3631.0,491.0,0.5812742812742813,0.3668341708542713,0.670446735395189,99.45428961372846,0.2943298969072165,14.261288841267412,14.697071899432776,3151.0,0.6144975288303131,0.7172881355932204,0.6771745475773496,False,0.2518694765465669,1629713
