index,year,ortg,drtg,AtRimFGM,AtRimFGA,AtRimAssists,Turnovers,FTA,OffPoss,DefPoss,TwoPtAssists,Steals,BadPassSteals,ThreePtAssists,FG3A,OpponentPoints,Points,SecondChancePoints,FG2A,LiveBallTurnovers,TsPct,Fg3Pct,AtRimFG3AFrequency,Pace,AtRimFrequency,SecondsPerPossOff,SecondsPerPossDef,Minutes,DefAtRimReboundPct,DefFGReboundPct,AtRimAccuracy,player_on,OffFGReboundPct,nba_id
0,2020,102.0979020979021,108.71080139372822,51.0,84.0,25.0,46.0,53.0,286.0,287.0,39.0,18.0,9.0,21.0,93.0,312.0,292.0,29.0,153.0,22.0,0.5447761194029851,0.3225806451612903,0.7195121951219512,105.78461538461538,0.3414634146341463,14.076923076923077,13.149825783972126,130.0,0.4705882352941176,0.6917293233082706,0.6071428571428571,True,0.2611940298507462,1629738
1,2020,114.42865429234338,107.44603795451252,1248.0,1992.0,658.0,949.0,1615.0,6896.0,6903.0,976.0,577.0,363.0,619.0,2394.0,7417.0,7891.0,930.0,3808.0,492.0,0.569380069524913,0.3654970760233918,0.7071912286359239,98.6817640047676,0.3211867139632376,14.59788283062645,14.586846298710704,3356.0,0.6651376146788991,0.7424657534246575,0.6265060240963856,False,0.2780159216166564,1629738
2,2021,85.22727272727273,107.05882352941175,10.0,22.0,5.0,14.0,18.0,88.0,85.0,8.0,5.0,3.0,7.0,25.0,91.0,75.0,11.0,44.0,6.0,0.4807692307692308,0.32,0.6811594202898551,106.09880749574106,0.3188405797101449,14.738636363636363,12.364705882352942,39.0,0.6666666666666666,0.8,0.4545454545454545,True,0.2195121951219512,1629738
3,2021,114.32802143562262,108.17388857625212,1123.0,1772.0,542.0,1024.0,1818.0,7091.0,7108.0,973.0,650.0,411.0,718.0,2144.0,7689.0,8107.0,997.0,4044.0,515.0,0.5776121542210119,0.3745335820895522,0.6328377504848093,98.86544301104384,0.286360698125404,14.686362995346212,14.444428812605516,3447.0,0.5935672514619883,0.7451749095295537,0.6337471783295711,False,0.2726985131287567,1629738
