index,year,ortg,drtg,AtRimFGM,AtRimFGA,AtRimAssists,Turnovers,FTA,OffPoss,DefPoss,TwoPtAssists,Steals,BadPassSteals,ThreePtAssists,FG3A,OpponentPoints,Points,SecondChancePoints,FG2A,LiveBallTurnovers,TsPct,Fg3Pct,AtRimFG3AFrequency,Pace,AtRimFrequency,SecondsPerPossOff,SecondsPerPossDef,Minutes,DefAtRimReboundPct,DefFGReboundPct,AtRimAccuracy,player_on,OffFGReboundPct,nba_id
0,2020,37.5,133.33333333333334,,,,1.0,,8.0,9.0,,1.0,,1.0,4.0,12.0,3.0,,3.0,,0.2142857142857142,0.25,0.5714285714285714,114.92957746478874,,16.125,9.333333333333334,4.0,,1.0,,True,,1629724
1,2020,113.55599214145384,102.34833659491194,92.0,134.0,51.0,82.0,109.0,509.0,511.0,72.0,34.0,23.0,64.0,202.0,523.0,578.0,67.0,231.0,34.0,0.6020833333333333,0.3861386138613861,0.7759815242494227,103.53140198773524,0.3094688221709007,13.302554027504913,14.512720156555773,236.0,0.6470588235294118,0.832,0.6865671641791045,False,0.2247706422018348,1629724
