index,year,ortg,drtg,AtRimFGM,AtRimFGA,AtRimAssists,Turnovers,FTA,OffPoss,DefPoss,TwoPtAssists,Steals,BadPassSteals,ThreePtAssists,FG3A,OpponentPoints,Points,SecondChancePoints,FG2A,LiveBallTurnovers,TsPct,Fg3Pct,AtRimFG3AFrequency,Pace,AtRimFrequency,SecondsPerPossOff,SecondsPerPossDef,Minutes,DefAtRimReboundPct,DefFGReboundPct,AtRimAccuracy,player_on,OffFGReboundPct,nba_id
0,2020,127.27272727272728,83.87096774193549,7.0,7.0,3.0,5.0,6.0,33.0,31.0,5.0,2.0,2.0,5.0,17.0,26.0,42.0,6.0,13.0,1.0,0.65625,0.3529411764705882,0.8,99.74025974025976,0.2333333333333333,13.818181818181818,15.096774193548388,15.0,0.25,0.7894736842105263,1.0,True,0.4285714285714285,1629745
1,2020,111.90217391304348,112.55104818949088,1394.0,2203.0,751.0,1133.0,1781.0,7360.0,7346.0,1054.0,574.0,413.0,659.0,2318.0,8268.0,8236.0,908.0,4030.0,558.0,0.5780875932967188,0.363244176013805,0.7121928166351607,100.73747919402938,0.3470384373030876,14.28194293478261,14.30724203648244,3504.0,0.6582446808510638,0.7463356266826204,0.6327734906945075,False,0.2529935523487872,1629745
