index,year,ortg,drtg,AtRimFGM,AtRimFGA,AtRimAssists,Turnovers,FTA,OffPoss,DefPoss,TwoPtAssists,Steals,BadPassSteals,ThreePtAssists,FG3A,OpponentPoints,Points,SecondChancePoints,FG2A,LiveBallTurnovers,TsPct,Fg3Pct,AtRimFG3AFrequency,Pace,AtRimFrequency,SecondsPerPossOff,SecondsPerPossDef,Minutes,DefAtRimReboundPct,DefFGReboundPct,AtRimAccuracy,player_on,OffFGReboundPct,nba_id
0,2019,,100.0,,1.0,,,,2.0,2.0,,,,,1.0,2.0,,,1.0,,,,1.0,106.66666666666666,0.5,13.0,14.0,1.0,,,,True,,1629034
1,2019,110.18267094544557,111.52278621711746,1400.0,2153.0,790.0,1167.0,2076.0,8102.0,8097.0,1094.0,533.0,335.0,824.0,3001.0,9030.0,8927.0,1062.0,4119.0,643.0,0.5537674650698603,0.3405531489503499,0.7238764044943821,98.29738818234684,0.3023876404494382,14.966674895087632,14.331974805483512,3955.0,0.6190476190476191,0.7432327919566899,0.6502554575011612,False,0.2607786778155213,1629034
2,2019,103.5369774919614,109.64630225080386,61.0,100.0,38.0,46.0,64.0,311.0,311.0,51.0,29.0,15.0,18.0,94.0,341.0,322.0,46.0,183.0,19.0,0.5245901639344263,0.2978723404255319,0.7003610108303249,101.78181818181818,0.3610108303249097,13.363344051446946,14.932475884244372,147.0,0.5882352941176471,0.6470588235294118,0.61,True,0.2733333333333333,1629034
3,2019,106.53537380832915,115.83301993230538,1444.0,2278.0,873.0,1231.0,1794.0,7972.0,7977.0,1268.0,706.0,474.0,620.0,2306.0,9240.0,8493.0,949.0,4581.0,718.0,0.5530857740585774,0.3304423243712056,0.6656018585741251,100.27314006287112,0.3307681138376652,14.655042649272454,14.066691738748904,3817.0,0.5881104033970276,0.6912770809578107,0.6338893766461808,False,0.2391780821917808,1629034
4,2021,93.02325581395348,111.9047619047619,4.0,11.0,3.0,8.0,15.0,43.0,42.0,4.0,2.0,2.0,3.0,14.0,47.0,40.0,4.0,22.0,7.0,0.4651162790697674,0.2857142857142857,0.6944444444444444,108.8967971530249,0.3055555555555556,12.627906976744184,13.833333333333334,19.0,0.5,0.6521739130434783,0.3636363636363636,True,0.3181818181818182,1629034
5,2021,107.9512397839036,115.60813615608136,1378.0,2139.0,726.0,1051.0,1591.0,7219.0,7227.0,888.0,544.0,344.0,804.0,2909.0,8355.0,7793.0,878.0,3427.0,604.0,0.5536070715711434,0.3396356136129254,0.7967171717171717,100.71968083046056,0.3375946969696969,14.3428452694279,14.251418292514185,3442.0,0.6180758017492711,0.7325293753865182,0.6442262739597943,False,0.2355324074074074,1629034
