index,year,ortg,drtg,AtRimFGM,AtRimFGA,AtRimAssists,Turnovers,FTA,OffPoss,DefPoss,TwoPtAssists,Steals,BadPassSteals,ThreePtAssists,FG3A,OpponentPoints,Points,SecondChancePoints,FG2A,LiveBallTurnovers,TsPct,Fg3Pct,AtRimFG3AFrequency,Pace,AtRimFrequency,SecondsPerPossOff,SecondsPerPossDef,Minutes,DefAtRimReboundPct,DefFGReboundPct,AtRimAccuracy,player_on,OffFGReboundPct,nba_id
0,2023,109.3145869947276,108.7260034904014,90.0,150.0,42.0,98.0,178.0,569.0,573.0,62.0,39.0,28.0,51.0,204.0,623.0,622.0,95.0,300.0,41.0,0.5289115646258503,0.2892156862745098,0.7023809523809523,91.9680107376545,0.2976190476190476,15.882249560632689,15.434554973821989,298.0,0.5454545454545454,0.7395833333333334,0.6,True,0.3642857142857142,1629011
1,2023,110.11494252873564,107.72727272727272,64.0,106.0,35.0,63.0,117.0,435.0,440.0,57.0,38.0,26.0,36.0,156.0,474.0,479.0,63.0,236.0,31.0,0.5395033860045146,0.2948717948717949,0.6683673469387755,91.31096456264947,0.2704081632653061,15.273563218390803,16.261363636363637,230.0,0.6410256410256411,0.6826923076923077,0.6037735849056604,False,0.3192488262910798,1629011
2,2024,121.42857142857144,110.0,36.0,64.0,18.0,26.0,63.0,224.0,220.0,28.0,22.0,12.0,27.0,75.0,242.0,272.0,52.0,144.0,17.0,0.5483870967741935,0.44,0.634703196347032,92.94374182293936,0.2922374429223744,15.334821428571429,15.654545454545454,115.0,0.6,0.6929824561403509,0.5625,True,0.4347826086956521,1629011
3,2024,119.64839710444674,124.89711934156378,164.0,278.0,81.0,120.0,254.0,967.0,972.0,141.0,52.0,30.0,97.0,338.0,1214.0,1157.0,179.0,585.0,60.0,0.5607976653696498,0.3609467455621302,0.66738894907909,90.4753572470108,0.3011917659804983,16.91313340227508,14.923868312757202,514.0,0.5966386554621849,0.7076566125290024,0.5899280575539568,False,0.3502024291497975,1629011
