index,year,ortg,drtg,AtRimFGM,AtRimFGA,AtRimAssists,Turnovers,FTA,OffPoss,DefPoss,TwoPtAssists,Steals,BadPassSteals,ThreePtAssists,FG3A,OpponentPoints,Points,SecondChancePoints,FG2A,LiveBallTurnovers,TsPct,Fg3Pct,AtRimFG3AFrequency,Pace,AtRimFrequency,SecondsPerPossOff,SecondsPerPossDef,Minutes,DefAtRimReboundPct,DefFGReboundPct,AtRimAccuracy,player_on,OffFGReboundPct,nba_id
0,2021,83.6734693877551,100.0,9.0,13.0,5.0,9.0,12.0,49.0,50.0,5.0,4.0,2.0,2.0,15.0,50.0,41.0,5.0,20.0,6.0,0.5125,0.2,0.8,107.18796992481202,0.3714285714285714,13.224489795918368,13.64,22.0,0.5,0.5925925925925926,0.6923076923076923,True,0.0952380952380952,1629617
1,2021,111.48282097649188,117.6470588235294,174.0,274.0,77.0,146.0,258.0,1106.0,1105.0,134.0,74.0,48.0,90.0,404.0,1300.0,1233.0,168.0,628.0,79.0,0.5403863037752414,0.3267326732673267,0.6569767441860465,94.95496570235608,0.2655038759689923,14.640144665461122,15.69049773755656,559.0,0.6111111111111112,0.7821782178217822,0.635036496350365,False,0.2928571428571428,1629617
