index,year,ortg,drtg,AtRimFGM,AtRimFGA,AtRimAssists,Turnovers,FTA,OffPoss,DefPoss,TwoPtAssists,Steals,BadPassSteals,ThreePtAssists,FG3A,OpponentPoints,Points,SecondChancePoints,FG2A,LiveBallTurnovers,TsPct,Fg3Pct,AtRimFG3AFrequency,Pace,AtRimFrequency,SecondsPerPossOff,SecondsPerPossDef,Minutes,DefAtRimReboundPct,DefFGReboundPct,AtRimAccuracy,player_on,OffFGReboundPct,nba_id
0,2020,84.0,120.0,3.0,8.0,1.0,5.0,4.0,25.0,25.0,1.0,1.0,1.0,3.0,13.0,30.0,21.0,5.0,13.0,1.0,0.375,0.2307692307692307,0.8076923076923077,93.14359637774903,0.3076923076923077,18.72,12.2,13.0,0.3333333333333333,0.5333333333333333,0.375,True,0.3888888888888889,1629714
1,2020,123.48242811501598,117.6470588235294,109.0,167.0,59.0,79.0,159.0,626.0,629.0,74.0,42.0,31.0,72.0,248.0,740.0,773.0,76.0,299.0,33.0,0.626418152350081,0.4314516129032258,0.7586837294332724,91.79661705694112,0.3053016453382084,15.84185303514377,15.532591414944356,328.0,0.6779661016949152,0.7333333333333333,0.6526946107784432,False,0.2379182156133829,1629714
2,2021,12.5,57.142857142857146,,2.0,,1.0,2.0,8.0,7.0,,,,,,4.0,1.0,,5.0,,0.0833333333333333,,0.4,104.85436893203884,0.4,13.75,13.714285714285714,3.0,1.0,0.8,,True,0.2,1629714
3,2021,122.49761677788368,123.069590085796,146.0,220.0,70.0,147.0,265.0,1049.0,1049.0,93.0,57.0,41.0,123.0,480.0,1291.0,1285.0,147.0,441.0,87.0,0.618840579710145,0.4125,0.760043431053203,95.98779945351718,0.2388707926167209,15.145853193517636,14.857959961868444,525.0,0.5822784810126582,0.7397540983606558,0.6636363636363637,False,0.2692307692307692,1629714
