index,year,ortg,drtg,AtRimFGM,AtRimFGA,AtRimAssists,Turnovers,FTA,OffPoss,DefPoss,TwoPtAssists,Steals,BadPassSteals,ThreePtAssists,FG3A,OpponentPoints,Points,SecondChancePoints,FG2A,LiveBallTurnovers,TsPct,Fg3Pct,AtRimFG3AFrequency,Pace,AtRimFrequency,SecondsPerPossOff,SecondsPerPossDef,Minutes,DefAtRimReboundPct,DefFGReboundPct,AtRimAccuracy,player_on,OffFGReboundPct,nba_id
0,2020,100.3921568627451,101.59362549800797,37.0,71.0,15.0,21.0,30.0,255.0,251.0,18.0,25.0,17.0,39.0,135.0,255.0,256.0,20.0,109.0,9.0,0.4961089494163424,0.3407407407407407,0.8442622950819673,96.43197458973002,0.290983606557377,14.886274509803922,14.9800796812749,126.0,0.5384615384615384,0.7421875,0.5211267605633803,True,0.16,1629647
1,2020,114.88888888888889,103.95604395604396,78.0,118.0,29.0,68.0,85.0,450.0,455.0,33.0,40.0,25.0,60.0,222.0,473.0,517.0,49.0,169.0,28.0,0.6032863849765259,0.3693693693693693,0.8695652173913043,100.991940483571,0.3017902813299232,13.842222222222222,14.67032967032967,215.0,0.5789473684210527,0.7635467980295566,0.6610169491525424,False,0.2019230769230769,1629647
