index,year,ortg,drtg,AtRimFGM,AtRimFGA,AtRimAssists,Turnovers,FTA,OffPoss,DefPoss,TwoPtAssists,Steals,BadPassSteals,ThreePtAssists,FG3A,OpponentPoints,Points,SecondChancePoints,FG2A,LiveBallTurnovers,TsPct,Fg3Pct,AtRimFG3AFrequency,Pace,AtRimFrequency,SecondsPerPossOff,SecondsPerPossDef,Minutes,DefAtRimReboundPct,DefFGReboundPct,AtRimAccuracy,player_on,OffFGReboundPct,nba_id
0,2024,77.27272727272727,65.21739130434783,2.0,5.0,1.0,2.0,8.0,22.0,23.0,2.0,1.0,1.0,2.0,8.0,15.0,17.0,,8.0,1.0,0.425,0.25,0.8125,100.46511627906976,0.3125,14.136363636363637,14.521739130434783,11.0,0.5,0.75,0.4,True,0.1818181818181818,1629618
1,2024,113.10724106324471,111.40754369825208,214.0,316.0,123.0,135.0,237.0,1091.0,1087.0,193.0,79.0,52.0,95.0,360.0,1211.0,1234.0,129.0,609.0,76.0,0.5736940298507462,0.3333333333333333,0.6976264189886481,92.47589562140644,0.326109391124871,15.314390467461044,15.82980680772769,565.0,0.6132075471698113,0.7523452157598499,0.6772151898734177,False,0.2377049180327868,1629618
