index,year,ortg,drtg,AtRimFGM,AtRimFGA,AtRimAssists,Turnovers,FTA,OffPoss,DefPoss,TwoPtAssists,Steals,BadPassSteals,ThreePtAssists,FG3A,OpponentPoints,Points,SecondChancePoints,FG2A,LiveBallTurnovers,TsPct,Fg3Pct,AtRimFG3AFrequency,Pace,AtRimFrequency,SecondsPerPossOff,SecondsPerPossDef,Minutes,DefAtRimReboundPct,DefFGReboundPct,AtRimAccuracy,player_on,OffFGReboundPct,nba_id
0,2021,103.36134453781511,112.60504201680672,20.0,38.0,11.0,16.0,36.0,119.0,119.0,14.0,9.0,4.0,7.0,33.0,134.0,123.0,19.0,73.0,8.0,0.5041322314049587,0.3333333333333333,0.6698113207547169,101.396449704142,0.3584905660377358,13.336134453781511,15.067226890756302,56.0,0.75,0.8545454545454545,0.5263157894736842,True,0.2833333333333333,1629712
1,2021,114.39831104855736,114.45850914205344,1526.0,2399.0,844.0,1034.0,1842.0,7105.0,7110.0,1194.0,536.0,363.0,657.0,2157.0,8138.0,8128.0,1046.0,4149.0,547.0,0.5712676056338029,0.3481687528975429,0.7224865207738662,99.47322383127612,0.3804313352362829,14.275299085151302,14.677074542897328,3430.0,0.634185303514377,0.7656916514320536,0.6360983743226344,False,0.3004956629491945,1629712
2,2022,92.85714285714286,113.33333333333331,2.0,3.0,2.0,,3.0,14.0,15.0,3.0,2.0,2.0,1.0,9.0,17.0,13.0,,6.0,,0.40625,0.1111111111111111,0.8,100.3846153846154,0.2,14.5,14.2,7.0,,0.75,0.6666666666666666,True,0.2,1629712
3,2022,112.33994476525233,113.06526368533132,1408.0,2212.0,786.0,1151.0,1900.0,7966.0,7983.0,1282.0,678.0,426.0,761.0,2620.0,9026.0,8949.0,1241.0,4577.0,605.0,0.5559300873907616,0.332824427480916,0.6713908573016535,97.05109785162524,0.3073502848409059,14.88639216670851,14.78880120255543,3944.0,0.6544,0.7515888366952197,0.6365280289330922,False,0.2999214865218529,1629712
4,2022,84.4621513944223,117.95918367346938,28.0,52.0,16.0,48.0,31.0,251.0,245.0,25.0,32.0,18.0,28.0,96.0,289.0,212.0,26.0,116.0,29.0,0.4669603524229075,0.3125,0.6981132075471698,97.22842363190853,0.2452830188679245,15.151394422310757,14.46122448979592,122.0,0.4375,0.5765765765765766,0.5384615384615384,True,0.183206106870229,1629712
5,2022,109.24164524421596,117.5639213670821,1286.0,2122.0,695.0,1138.0,1740.0,7780.0,7783.0,1034.0,625.0,397.0,793.0,2921.0,9150.0,8499.0,1091.0,4011.0,643.0,0.5509579043398931,0.3467990414241698,0.7274956722446624,97.68680202603154,0.3061165608770917,14.79241645244216,14.689579853526917,3824.0,0.6265912305516266,0.730249928181557,0.6060320452403393,False,0.2649006622516556,1629712
