index,year,ortg,drtg,AtRimFGM,AtRimFGA,AtRimAssists,Turnovers,FTA,OffPoss,DefPoss,TwoPtAssists,Steals,BadPassSteals,ThreePtAssists,FG3A,OpponentPoints,Points,SecondChancePoints,FG2A,LiveBallTurnovers,TsPct,Fg3Pct,AtRimFG3AFrequency,Pace,AtRimFrequency,SecondsPerPossOff,SecondsPerPossDef,Minutes,DefAtRimReboundPct,DefFGReboundPct,AtRimAccuracy,player_on,OffFGReboundPct,nba_id
0,2020,114.28571428571428,100.0,,,,1.0,2.0,7.0,6.0,,,,2.0,4.0,6.0,8.0,,2.0,,0.5714285714285714,0.5,0.6666666666666666,110.76923076923076,,11.142857142857142,15.166666666666666,3.0,,0.5,,True,0.25,1629605
1,2020,107.29040097205346,112.98780487804878,237.0,394.0,128.0,213.0,424.0,1646.0,1640.0,210.0,110.0,64.0,166.0,619.0,1853.0,1766.0,194.0,837.0,114.0,0.5371951219512195,0.3101777059773828,0.6957417582417582,95.2252923064539,0.2706043956043956,15.168286755771568,15.07560975609756,828.0,0.6764705882352942,0.7503250975292588,0.6015228426395939,False,0.241126070991432,1629605
2,2021,,50.0,,,,,,3.0,2.0,,1.0,1.0,,1.0,1.0,,,,,,,1.0,130.9090909090909,,12.666666666666666,8.5,1.0,,,,True,,1629605
3,2021,129.35010482180294,117.40041928721176,75.0,122.0,42.0,57.0,137.0,477.0,477.0,69.0,35.0,18.0,51.0,168.0,560.0,617.0,62.0,254.0,32.0,0.6376811594202898,0.4285714285714285,0.6872037914691943,95.76577204600906,0.2890995260663507,15.522012578616351,14.551362683438157,239.0,0.5686274509803921,0.6569037656903766,0.6147540983606558,False,0.2980769230769231,1629605
