index,year,ortg,drtg,AtRimFGM,AtRimFGA,AtRimAssists,Turnovers,FTA,OffPoss,DefPoss,TwoPtAssists,Steals,BadPassSteals,ThreePtAssists,FG3A,OpponentPoints,Points,SecondChancePoints,FG2A,LiveBallTurnovers,TsPct,Fg3Pct,AtRimFG3AFrequency,Pace,AtRimFrequency,SecondsPerPossOff,SecondsPerPossDef,Minutes,DefAtRimReboundPct,DefFGReboundPct,AtRimAccuracy,player_on,OffFGReboundPct,nba_id
0,2020,108.41121495327104,116.90140845070422,43.0,64.0,25.0,31.0,46.0,214.0,213.0,30.0,11.0,9.0,25.0,84.0,249.0,232.0,23.0,98.0,19.0,0.5728643216080402,0.3333333333333333,0.8131868131868132,103.41069626639758,0.3516483516483517,14.682242990654206,13.164319248826292,99.0,0.5454545454545454,0.7419354838709677,0.671875,True,0.1855670103092783,1629725
1,2020,109.59057767807067,109.97334829569364,1398.0,2260.0,804.0,1067.0,1686.0,7132.0,7129.0,989.0,453.0,292.0,717.0,2662.0,7840.0,7816.0,961.0,3654.0,535.0,0.5530238500851788,0.3429752066115702,0.7792906903103229,100.7577497129736,0.3578214059531349,14.254907459338192,14.3285173236078,3397.0,0.6120689655172413,0.744343891402715,0.6185840707964602,False,0.2741131632952213,1629725
2,2021,101.29032258064515,118.83116883116882,22.0,48.0,11.0,22.0,47.0,155.0,154.0,15.0,10.0,6.0,13.0,62.0,183.0,157.0,30.0,80.0,15.0,0.4783950617283951,0.3225806451612903,0.7746478873239436,98.68263473053892,0.3380281690140845,15.393548387096772,13.785714285714286,75.0,0.45,0.6470588235294118,0.4583333333333333,True,0.3176470588235294,1629725
3,2021,106.42722117202268,114.54044650623368,1280.0,2099.0,764.0,1090.0,1567.0,6877.0,6898.0,1096.0,549.0,385.0,592.0,2079.0,7901.0,7319.0,905.0,3954.0,598.0,0.5431547619047619,0.3367003367003367,0.6925244488645782,96.92598619112538,0.3479197745731808,15.461829286025884,14.25340678457524,3411.0,0.6437659033078881,0.7400909681611436,0.6098141972367794,False,0.275777162203755,1629725
