index,year,ortg,drtg,AtRimFGM,AtRimFGA,AtRimAssists,Turnovers,FTA,OffPoss,DefPoss,TwoPtAssists,Steals,BadPassSteals,ThreePtAssists,FG3A,OpponentPoints,Points,SecondChancePoints,FG2A,LiveBallTurnovers,TsPct,Fg3Pct,AtRimFG3AFrequency,Pace,AtRimFrequency,SecondsPerPossOff,SecondsPerPossDef,Minutes,DefAtRimReboundPct,DefFGReboundPct,AtRimAccuracy,player_on,OffFGReboundPct,nba_id
0,2023,81.81818181818181,27.272727272727277,2.0,3.0,1.0,4.0,6.0,11.0,11.0,1.0,,,,1.0,3.0,9.0,2.0,4.0,2.0,0.5625,,0.8,115.2,0.6,11.454545454545457,13.545454545454543,5.0,1.0,0.875,0.6666666666666666,True,0.3333333333333333,1629610
1,2023,108.58283433133732,110.57401812688822,167.0,261.0,102.0,137.0,230.0,1002.0,993.0,154.0,72.0,44.0,102.0,381.0,1098.0,1088.0,132.0,521.0,75.0,0.5403386454183267,0.3149606299212598,0.7117516629711752,91.47587963700047,0.2893569844789357,15.84131736526946,15.64149043303122,523.0,0.5544554455445545,0.6515463917525773,0.6398467432950191,False,0.2839756592292089,1629610
2,2024,61.90476190476191,95.1219512195122,5.0,8.0,4.0,11.0,10.0,42.0,41.0,6.0,3.0,2.0,1.0,4.0,39.0,26.0,,21.0,5.0,0.4166666666666667,0.25,0.48,99.4342762063228,0.32,14.166666666666666,14.804878048780488,20.0,0.3333333333333333,0.7272727272727273,0.625,True,,1629610
3,2024,124.34782608695652,120.8695652173913,224.0,365.0,124.0,142.0,251.0,1150.0,1150.0,206.0,74.0,44.0,135.0,410.0,1390.0,1430.0,165.0,665.0,69.0,0.6044839255499154,0.4024390243902439,0.7209302325581395,90.64535552028023,0.3395348837209302,15.091304347826089,16.680869565217392,609.0,0.5367647058823529,0.6303236797274276,0.6136986301369863,False,0.3032015065913371,1629610
