index,year,ortg,drtg,AtRimFGM,AtRimFGA,AtRimAssists,Turnovers,FTA,OffPoss,DefPoss,TwoPtAssists,Steals,BadPassSteals,ThreePtAssists,FG3A,OpponentPoints,Points,SecondChancePoints,FG2A,LiveBallTurnovers,TsPct,Fg3Pct,AtRimFG3AFrequency,Pace,AtRimFrequency,SecondsPerPossOff,SecondsPerPossDef,Minutes,DefAtRimReboundPct,DefFGReboundPct,AtRimAccuracy,player_on,OffFGReboundPct,nba_id
0,2024,88.23529411764706,81.25,3.0,8.0,,4.0,2.0,17.0,16.0,,1.0,1.0,1.0,5.0,13.0,15.0,4.0,11.0,3.0,0.4411764705882353,0.4,0.8125,106.54708520179372,0.5,13.411764705882351,13.625,7.0,1.0,0.8,0.375,True,0.5,1629232
1,2024,113.18090954522738,117.71392879450345,1382.0,2027.0,843.0,1164.0,1697.0,8004.0,8005.0,1257.0,535.0,315.0,938.0,3171.0,9423.0,9059.0,1055.0,3968.0,681.0,0.5735985763315113,0.3491012298959319,0.7281131811178037,97.67623954511171,0.2839333239949573,14.920914542728635,14.564272329793878,3934.0,0.6373477672530447,0.7236878644820883,0.6817957572767637,False,0.2657043571237637,1629232
