index,year,ortg,drtg,AtRimFGM,AtRimFGA,AtRimAssists,Turnovers,FTA,OffPoss,DefPoss,TwoPtAssists,Steals,BadPassSteals,ThreePtAssists,FG3A,OpponentPoints,Points,SecondChancePoints,FG2A,LiveBallTurnovers,TsPct,Fg3Pct,AtRimFG3AFrequency,Pace,AtRimFrequency,SecondsPerPossOff,SecondsPerPossDef,Minutes,DefAtRimReboundPct,DefFGReboundPct,AtRimAccuracy,player_on,OffFGReboundPct,nba_id
0,2024,106.54205607476636,97.196261682243,18.0,22.0,6.0,16.0,21.0,107.0,107.0,9.0,6.0,6.0,9.0,39.0,104.0,114.0,8.0,49.0,3.0,0.5876288659793815,0.358974358974359,0.6931818181818182,93.21234119782214,0.25,15.61682242990654,15.280373831775702,55.0,0.5714285714285714,0.7592592592592593,0.8181818181818182,True,0.1818181818181818,1629052
1,2024,118.65127582017011,110.16433353621424,280.0,381.0,164.0,203.0,346.0,1646.0,1643.0,230.0,113.0,62.0,204.0,725.0,1810.0,1953.0,201.0,780.0,94.0,0.5867469879518072,0.36,0.7348837209302326,91.58371040723982,0.253156146179402,16.314094775212638,15.131466828971394,862.0,0.7545454545454545,0.7756892230576441,0.7349081364829396,False,0.2631578947368421,1629052
