index,year,ortg,drtg,AtRimFGM,AtRimFGA,AtRimAssists,Turnovers,FTA,OffPoss,DefPoss,TwoPtAssists,Steals,BadPassSteals,ThreePtAssists,FG3A,OpponentPoints,Points,SecondChancePoints,FG2A,LiveBallTurnovers,TsPct,Fg3Pct,AtRimFG3AFrequency,Pace,AtRimFrequency,SecondsPerPossOff,SecondsPerPossDef,Minutes,DefAtRimReboundPct,DefFGReboundPct,AtRimAccuracy,player_on,OffFGReboundPct,nba_id
0,2021,107.2463768115942,121.42857142857144,20.0,27.0,7.0,12.0,19.0,69.0,70.0,8.0,6.0,3.0,4.0,15.0,85.0,74.0,11.0,41.0,9.0,0.5692307692307692,0.2666666666666666,0.75,105.62532981530345,0.4821428571428571,15.333333333333334,11.957142857142856,32.0,0.6666666666666666,0.7857142857142857,0.7407407407407407,True,0.3214285714285714,1629091
1,2021,112.1491469455146,117.66968947513053,1010.0,1648.0,558.0,934.0,1331.0,7268.0,7278.0,931.0,501.0,298.0,861.0,2763.0,8564.0,8151.0,931.0,3869.0,576.0,0.5635757912270961,0.3850886717336229,0.6651085645355851,101.64870307912553,0.2484921592279855,14.846587782058338,13.48722176422094,3434.0,0.6909090909090909,0.7431859479103574,0.6128640776699029,False,0.2336158192090395,1629091
