index,year,ortg,drtg,AtRimFGM,AtRimFGA,AtRimAssists,Turnovers,FTA,OffPoss,DefPoss,TwoPtAssists,Steals,BadPassSteals,ThreePtAssists,FG3A,OpponentPoints,Points,SecondChancePoints,FG2A,LiveBallTurnovers,TsPct,Fg3Pct,AtRimFG3AFrequency,Pace,AtRimFrequency,SecondsPerPossOff,SecondsPerPossDef,Minutes,DefAtRimReboundPct,DefFGReboundPct,AtRimAccuracy,player_on,OffFGReboundPct,nba_id
0,2021,111.71875,119.75806451612904,34.0,59.0,17.0,41.0,68.0,256.0,248.0,35.0,16.0,13.0,16.0,89.0,297.0,286.0,43.0,142.0,20.0,0.5523255813953488,0.348314606741573,0.6406926406926406,93.3933856646506,0.2554112554112554,14.75390625,16.10483870967742,130.0,0.64,0.768595041322314,0.576271186440678,True,0.3387096774193548,1629651
1,2021,109.89988876529478,116.09702315325248,149.0,228.0,65.0,114.0,202.0,899.0,907.0,104.0,62.0,37.0,76.0,330.0,1053.0,988.0,130.0,506.0,65.0,0.5358306188925082,0.3151515151515151,0.6674641148325359,96.00354387389714,0.2727272727272727,14.530589543937708,15.464167585446528,451.0,0.5942028985507246,0.7737226277372263,0.6535087719298246,False,0.2713347921225383,1629651
2,2022,117.76649746192894,117.36842105263158,36.0,59.0,19.0,28.0,53.0,197.0,190.0,26.0,11.0,7.0,20.0,73.0,223.0,232.0,37.0,108.0,17.0,0.5631067961165048,0.3150684931506849,0.7292817679558011,94.88847267154776,0.3259668508287293,15.6497461928934,14.68421052631579,98.0,0.6363636363636364,0.7777777777777778,0.6101694915254238,True,0.3723404255319149,1629651
3,2022,124.71910112359552,115.7608695652174,38.0,49.0,23.0,28.0,38.0,178.0,184.0,37.0,24.0,17.0,20.0,65.0,213.0,222.0,22.0,91.0,15.0,0.6453488372093024,0.4,0.7307692307692307,92.3109615725164,0.3141025641025641,15.4438202247191,15.75,94.0,0.4545454545454545,0.6329113924050633,0.7755102040816326,False,0.3013698630136986,1629651
4,2023,114.15525114155253,106.6350710900474,36.0,72.0,21.0,26.0,31.0,219.0,211.0,32.0,19.0,16.0,28.0,87.0,225.0,250.0,55.0,136.0,8.0,0.527542372881356,0.3793103448275862,0.7130044843049327,88.4950693154209,0.3228699551569506,17.899543378995435,14.582938388625593,117.0,0.6875,0.84375,0.5,True,0.344,1629651
5,2023,120.43795620437956,100.69444444444444,23.0,34.0,11.0,27.0,30.0,137.0,144.0,15.0,15.0,8.0,12.0,46.0,145.0,165.0,25.0,73.0,13.0,0.625,0.4565217391304347,0.6722689075630253,89.46274596506743,0.2857142857142857,16.437956204379564,15.770833333333334,75.0,0.6363636363636364,0.8133333333333334,0.6764705882352942,False,0.3898305084745763,1629651
