index,year,ortg,drtg,AtRimFGM,AtRimFGA,AtRimAssists,Turnovers,FTA,OffPoss,DefPoss,TwoPtAssists,Steals,BadPassSteals,ThreePtAssists,FG3A,OpponentPoints,Points,SecondChancePoints,FG2A,LiveBallTurnovers,TsPct,Fg3Pct,AtRimFG3AFrequency,Pace,AtRimFrequency,SecondsPerPossOff,SecondsPerPossDef,Minutes,DefAtRimReboundPct,DefFGReboundPct,AtRimAccuracy,player_on,OffFGReboundPct,nba_id
0,2021,109.22509225092251,99.63503649635037,53.0,78.0,30.0,38.0,55.0,271.0,274.0,42.0,20.0,14.0,27.0,92.0,273.0,296.0,22.0,140.0,19.0,0.5739299610894941,0.358695652173913,0.7327586206896551,98.25967196694629,0.3362068965517241,13.62730627306273,15.671532846715328,133.0,0.675,0.7923076923076923,0.6794871794871795,True,0.2368421052631578,1629686
1,2021,113.43151693667156,109.25324675324676,1253.0,1951.0,734.0,964.0,1552.0,6790.0,6776.0,1075.0,558.0,366.0,641.0,2168.0,7403.0,7702.0,944.0,3860.0,512.0,0.5735403912199493,0.3616236162361623,0.6833112143331121,97.10567521486482,0.3236562707365627,14.42238586156112,15.236865407319954,3353.0,0.6014388489208633,0.7409505823103557,0.6422347514095336,False,0.2720825274016763,1629686
2,2022,116.94915254237289,70.6896551724138,12.0,19.0,9.0,12.0,23.0,59.0,58.0,11.0,5.0,3.0,4.0,17.0,41.0,69.0,10.0,32.0,5.0,0.5775862068965517,0.3529411764705882,0.7346938775510204,105.56390977443608,0.3877551020408163,12.932203389830509,14.362068965517242,27.0,0.75,0.8235294117647058,0.631578947368421,True,0.4583333333333333,1629686
3,2022,114.51431428928616,106.9375,1452.0,2248.0,855.0,1182.0,2033.0,7999.0,8000.0,1254.0,601.0,402.0,792.0,2651.0,8555.0,9160.0,1028.0,4351.0,625.0,0.5785234047951288,0.3621274990569596,0.6996572407883462,97.71873568483738,0.3210511282490716,14.629828728591074,14.8425,3929.0,0.6110471806674338,0.7299251870324189,0.6459074733096085,False,0.2839677688246735,1629686
