index,year,ortg,drtg,AtRimFGM,AtRimFGA,AtRimAssists,Turnovers,FTA,OffPoss,DefPoss,TwoPtAssists,Steals,BadPassSteals,ThreePtAssists,FG3A,OpponentPoints,Points,SecondChancePoints,FG2A,LiveBallTurnovers,TsPct,Fg3Pct,AtRimFG3AFrequency,Pace,AtRimFrequency,SecondsPerPossOff,SecondsPerPossDef,Minutes,DefAtRimReboundPct,DefFGReboundPct,AtRimAccuracy,player_on,OffFGReboundPct,nba_id
0,2021,94.69026548672566,92.98245614035088,17.0,22.0,8.0,18.0,38.0,113.0,114.0,15.0,11.0,6.0,8.0,42.0,106.0,107.0,13.0,49.0,9.0,0.4907407407407407,0.1904761904761904,0.7032967032967034,100.92003704847176,0.2417582417582417,14.194690265486726,14.342105263157896,54.0,0.7692307692307693,0.6774193548387096,0.7727272727272727,True,0.3076923076923077,1629007
1,2021,113.12535132096684,111.9107744107744,1197.0,1882.0,680.0,939.0,1498.0,7116.0,7128.0,1223.0,644.0,423.0,692.0,2216.0,7977.0,8050.0,1068.0,4301.0,543.0,0.5599358079821378,0.358754512635379,0.6288169403099586,99.753235321295,0.2887831824459106,14.170460933108489,14.7003367003367,3427.0,0.6522988505747126,0.7449848024316109,0.6360255047821467,False,0.2789334895985936,1629007
2,2024,108.56389986824767,118.05006587615284,129.0,188.0,74.0,120.0,143.0,759.0,759.0,113.0,63.0,41.0,94.0,277.0,896.0,824.0,88.0,380.0,64.0,0.5730180806675939,0.3646209386281588,0.7077625570776256,101.27501853224612,0.2861491628614916,13.808959156785244,14.628458498023717,360.0,0.6111111111111112,0.7164634146341463,0.6861702127659575,True,0.2341040462427745,1629007
3,2024,113.41084223333785,119.44632005401756,1440.0,2135.0,912.0,1027.0,1629.0,7397.0,7405.0,1371.0,571.0,355.0,757.0,2435.0,8845.0,8389.0,1059.0,4264.0,531.0,0.565912477984013,0.3453798767967145,0.6821913718465442,98.64529147151929,0.3187042842215256,14.200351493848858,14.994733288318704,3601.0,0.6162420382165605,0.7029585798816568,0.6744730679156908,False,0.2813402657423454,1629007
