index,year,ortg,drtg,AtRimFGM,AtRimFGA,AtRimAssists,Turnovers,FTA,OffPoss,DefPoss,TwoPtAssists,Steals,BadPassSteals,ThreePtAssists,FG3A,OpponentPoints,Points,SecondChancePoints,FG2A,LiveBallTurnovers,TsPct,Fg3Pct,AtRimFG3AFrequency,Pace,AtRimFrequency,SecondsPerPossOff,SecondsPerPossDef,Minutes,DefAtRimReboundPct,DefFGReboundPct,AtRimAccuracy,player_on,OffFGReboundPct,nba_id
0,2020,93.75,87.09677419354838,7.0,9.0,4.0,5.0,,32.0,31.0,6.0,8.0,6.0,4.0,12.0,27.0,30.0,2.0,16.0,2.0,0.5357142857142857,0.3333333333333333,0.75,113.11720698254364,0.3214285714285714,12.125,13.35483870967742,13.0,1.0,0.625,0.7777777777777778,True,0.2,1629734
1,2020,110.378408458542,113.37969401947149,1224.0,1855.0,699.0,1017.0,1720.0,7188.0,7190.0,998.0,537.0,372.0,786.0,2741.0,8152.0,7934.0,932.0,3557.0,545.0,0.5629624359704041,0.347318496898942,0.7297554779295015,97.59817175956827,0.2945379485550968,14.650862548692263,14.857858136300417,3536.0,0.6564625850340136,0.7597217831172937,0.6598382749326146,False,0.2412075029308323,1629734
