index,year,ortg,drtg,AtRimFGM,AtRimFGA,AtRimAssists,Turnovers,FTA,OffPoss,DefPoss,TwoPtAssists,Steals,BadPassSteals,ThreePtAssists,FG3A,OpponentPoints,Points,SecondChancePoints,FG2A,LiveBallTurnovers,TsPct,Fg3Pct,AtRimFG3AFrequency,Pace,AtRimFrequency,SecondsPerPossOff,SecondsPerPossDef,Minutes,DefAtRimReboundPct,DefFGReboundPct,AtRimAccuracy,player_on,OffFGReboundPct,nba_id
0,2021,154.54545454545453,100.0,7.0,8.0,3.0,3.0,11.0,33.0,34.0,5.0,3.0,2.0,4.0,13.0,34.0,51.0,4.0,17.0,2.0,0.7352941176470589,0.4615384615384615,0.7,83.67736339982655,0.2666666666666666,17.21212121212121,17.205882352941178,19.0,0.5,0.5714285714285714,0.875,True,0.25,1629740
1,2021,119.57236842105264,115.87561374795418,91.0,134.0,42.0,74.0,153.0,608.0,611.0,71.0,45.0,30.0,78.0,239.0,708.0,727.0,55.0,291.0,37.0,0.6061872909698997,0.3682008368200837,0.7037735849056603,92.35334350502444,0.2528301886792453,15.172697368421051,16.009819967266775,317.0,0.625,0.7224080267558528,0.6791044776119403,False,0.2322097378277153,1629740
