index,year,ortg,drtg,AtRimFGM,AtRimFGA,AtRimAssists,Turnovers,FTA,OffPoss,DefPoss,TwoPtAssists,Steals,BadPassSteals,ThreePtAssists,FG3A,OpponentPoints,Points,SecondChancePoints,FG2A,LiveBallTurnovers,TsPct,Fg3Pct,AtRimFG3AFrequency,Pace,AtRimFrequency,SecondsPerPossOff,SecondsPerPossDef,Minutes,DefAtRimReboundPct,DefFGReboundPct,AtRimAccuracy,player_on,OffFGReboundPct,nba_id
0,2019,100.0,91.56626506024097,21.0,31.0,13.0,11.0,22.0,86.0,83.0,18.0,6.0,5.0,4.0,32.0,76.0,86.0,23.0,52.0,6.0,0.4574468085106383,0.125,0.75,103.24989393296563,0.369047619047619,14.627906976744184,13.240963855421686,39.0,1.0,0.8648648648648649,0.6774193548387096,True,0.4313725490196078,1629058
1,2019,110.18731117824774,110.34066199565112,1520.0,2487.0,866.0,1225.0,2066.0,8275.0,8278.0,1126.0,533.0,353.0,806.0,2933.0,9134.0,9118.0,1114.0,4341.0,632.0,0.5550391389432485,0.3556085918854415,0.7451196040692879,100.40445992679116,0.3419026670332691,14.46441087613293,14.219618265281468,3957.0,0.5949227373068433,0.7262682069311903,0.611178126256534,False,0.2736546799285896,1629058
2,2020,104.7846889952153,107.2936660268714,223.0,371.0,128.0,159.0,260.0,1045.0,1042.0,152.0,71.0,51.0,97.0,380.0,1118.0,1095.0,149.0,524.0,83.0,0.5363457760314342,0.3026315789473684,0.8307522123893806,102.79733196511032,0.4103982300884956,14.072727272727272,13.94337811900192,487.0,0.6036036036036037,0.7134502923976608,0.601078167115903,True,0.2585170340681362,1629058
3,2020,110.3475638787494,110.65079365079364,1218.0,1953.0,701.0,939.0,1472.0,6301.0,6300.0,867.0,393.0,250.0,645.0,2366.0,6971.0,6953.0,835.0,3228.0,471.0,0.5563855421686748,0.3491124260355029,0.7720772255988559,100.51483174075612,0.3491240614944583,14.29963497857483,14.352857142857143,3009.0,0.6124161073825504,0.7493581514762516,0.6236559139784946,False,0.2738451312728481,1629058
