index,year,ortg,drtg,AtRimFGM,AtRimFGA,AtRimAssists,Turnovers,FTA,OffPoss,DefPoss,TwoPtAssists,Steals,BadPassSteals,ThreePtAssists,FG3A,OpponentPoints,Points,SecondChancePoints,FG2A,LiveBallTurnovers,TsPct,Fg3Pct,AtRimFG3AFrequency,Pace,AtRimFrequency,SecondsPerPossOff,SecondsPerPossDef,Minutes,DefAtRimReboundPct,DefFGReboundPct,AtRimAccuracy,player_on,OffFGReboundPct,nba_id
0,2019,122.10526315789474,116.49484536082474,22.0,34.0,12.0,8.0,29.0,95.0,97.0,21.0,11.0,7.0,7.0,29.0,113.0,116.0,24.0,68.0,5.0,0.5229357798165137,0.2758620689655172,0.6494845360824743,99.74025974025972,0.3505154639175257,13.547368421052632,15.309278350515465,46.0,1.0,0.875,0.6470588235294118,True,0.3962264150943396,1629010
1,2019,110.42471042471044,122.15799614643544,76.0,122.0,42.0,82.0,144.0,518.0,519.0,70.0,37.0,28.0,54.0,161.0,634.0,572.0,60.0,277.0,37.0,0.5688622754491018,0.3788819875776397,0.6461187214611872,102.92803970223324,0.2785388127853881,14.731660231660232,13.2504816955684,242.0,0.3939393939393939,0.7092511013215859,0.6229508196721312,False,0.2564102564102564,1629010
