index,year,ortg,drtg,AtRimFGM,AtRimFGA,AtRimAssists,Turnovers,FTA,OffPoss,DefPoss,TwoPtAssists,Steals,BadPassSteals,ThreePtAssists,FG3A,OpponentPoints,Points,SecondChancePoints,FG2A,LiveBallTurnovers,TsPct,Fg3Pct,AtRimFG3AFrequency,Pace,AtRimFrequency,SecondsPerPossOff,SecondsPerPossDef,Minutes,DefAtRimReboundPct,DefFGReboundPct,AtRimAccuracy,player_on,OffFGReboundPct,nba_id
0,2020,109.0909090909091,131.8181818181818,9.0,11.0,5.0,3.0,,22.0,22.0,5.0,3.0,3.0,2.0,7.0,29.0,24.0,5.0,13.0,2.0,0.6,0.2857142857142857,0.9,119.09774436090224,0.55,11.954545454545457,12.227272727272728,9.0,0.25,0.6363636363636364,0.8181818181818182,True,0.2222222222222222,1629719
1,2020,107.00842696629212,112.91684254959898,1235.0,2026.0,660.0,1127.0,1626.0,7120.0,7107.0,972.0,582.0,405.0,683.0,2366.0,8025.0,7619.0,845.0,3801.0,610.0,0.5518119633241159,0.3486897717666948,0.7121777201232365,100.15683360384848,0.3285227825522944,14.526685393258427,14.22794428028704,3409.0,0.6098981077147017,0.723531259817782,0.6095755182625864,False,0.2560096153846153,1629719
2,2021,99.05660377358492,118.30985915492958,37.0,54.0,18.0,38.0,47.0,212.0,213.0,23.0,17.0,8.0,20.0,86.0,252.0,210.0,38.0,89.0,25.0,0.5306122448979592,0.2790697674418604,0.8,104.47251621713896,0.3085714285714285,14.14622641509434,13.422535211267606,98.0,0.56,0.6521739130434783,0.6851851851851852,True,0.3232323232323232,1629719
3,2021,108.28505214368482,110.87714202730176,1266.0,1971.0,746.0,1055.0,1428.0,6904.0,6886.0,1078.0,576.0,382.0,655.0,2235.0,7635.0,7476.0,775.0,3811.0,537.0,0.559380637402285,0.3552572706935123,0.6956665564009262,97.53145843361068,0.3260006615944426,14.665701042873696,14.863491141446412,3393.0,0.6372093023255814,0.7485530546623794,0.6423135464231354,False,0.2405422446406053,1629719
4,2022,108.17120622568092,107.78210116731518,43.0,74.0,27.0,40.0,76.0,257.0,257.0,36.0,15.0,14.0,20.0,84.0,277.0,278.0,25.0,125.0,21.0,0.5767634854771784,0.3333333333333333,0.7559808612440191,101.9363724004958,0.354066985645933,14.03112840466926,14.221789883268482,121.0,0.4615384615384615,0.71875,0.581081081081081,True,0.2636363636363636,1629719
5,2022,113.03746542620064,113.30396475770924,1434.0,2307.0,742.0,1087.0,1635.0,7954.0,7945.0,1129.0,586.0,383.0,785.0,2672.0,9002.0,8991.0,1197.0,4594.0,605.0,0.5621082978190023,0.3607784431137724,0.6852463528764107,99.36918128984937,0.3175061932287366,14.902187578576816,14.080176211453743,3840.0,0.6057298772169167,0.7222222222222222,0.6215864759427828,False,0.2807803849195887,1629719
