index,year,ortg,drtg,AtRimFGM,AtRimFGA,AtRimAssists,Turnovers,FTA,OffPoss,DefPoss,TwoPtAssists,Steals,BadPassSteals,ThreePtAssists,FG3A,OpponentPoints,Points,SecondChancePoints,FG2A,LiveBallTurnovers,TsPct,Fg3Pct,AtRimFG3AFrequency,Pace,AtRimFrequency,SecondsPerPossOff,SecondsPerPossDef,Minutes,DefAtRimReboundPct,DefFGReboundPct,AtRimAccuracy,player_on,OffFGReboundPct,nba_id
0,2021,100.0,100.0,2.0,2.0,1.0,1.0,2.0,11.0,10.0,1.0,,,1.0,4.0,10.0,11.0,,4.0,1.0,0.6111111111111112,0.5,0.75,87.14697406340058,0.25,14.090909090909092,19.2,6.0,1.0,0.5714285714285714,1.0,True,0.25,1629644
1,2021,97.44245524296676,117.17171717171718,43.0,80.0,21.0,55.0,79.0,391.0,396.0,46.0,29.0,15.0,38.0,139.0,464.0,381.0,45.0,210.0,29.0,0.4935064935064935,0.3309352517985611,0.6275071633237822,98.77800052296696,0.2292263610315186,14.979539641943736,14.181818181818182,191.0,0.5588235294117647,0.6613756613756614,0.5375,False,0.2132701421800948,1629644
