index,year,ortg,drtg,AtRimFGM,AtRimFGA,AtRimAssists,Turnovers,FTA,OffPoss,DefPoss,TwoPtAssists,Steals,BadPassSteals,ThreePtAssists,FG3A,OpponentPoints,Points,SecondChancePoints,FG2A,LiveBallTurnovers,TsPct,Fg3Pct,AtRimFG3AFrequency,Pace,AtRimFrequency,SecondsPerPossOff,SecondsPerPossDef,Minutes,DefAtRimReboundPct,DefFGReboundPct,AtRimAccuracy,player_on,OffFGReboundPct,nba_id
0,2021,99.47089947089948,109.76253298153034,58.0,94.0,39.0,50.0,81.0,378.0,379.0,49.0,25.0,16.0,32.0,159.0,416.0,376.0,42.0,185.0,36.0,0.4933862433862434,0.270440251572327,0.7354651162790697,99.97065297138666,0.2732558139534883,14.756613756613756,14.052770448548811,182.0,0.6190476190476191,0.7597765363128491,0.6170212765957447,True,0.2623762376237624,1629681
1,2021,112.28146853146852,113.007299270073,1121.0,1798.0,644.0,1018.0,1507.0,6864.0,6850.0,1016.0,527.0,364.0,730.0,2367.0,7741.0,7707.0,850.0,3676.0,619.0,0.5737165095045652,0.3730460498521335,0.689227205030614,99.76035078502292,0.2975343372497104,14.69128787878788,14.177372262773725,3299.0,0.6135338345864662,0.7185027388922702,0.6234705228031145,False,0.2558730158730158,1629681
2,2022,108.79828326180258,111.07561235356762,149.0,245.0,97.0,150.0,253.0,932.0,939.0,151.0,79.0,53.0,79.0,281.0,1043.0,1014.0,95.0,508.0,98.0,0.5622914349276974,0.3451957295373665,0.6666666666666666,97.48952460902728,0.3105196451204056,14.590128755364807,14.950159744408946,461.0,0.5106382978723404,0.6632231404958677,0.6081632653061224,True,0.2799043062200957,1629681
3,2022,110.05640390700232,116.3563646393601,1267.0,2025.0,760.0,1084.0,1584.0,7269.0,7251.0,1092.0,509.0,328.0,725.0,2547.0,8437.0,8000.0,972.0,3933.0,702.0,0.5572208992856142,0.3494307027875932,0.7055555555555556,99.6967442924987,0.3125,14.537075251066172,14.350296510826093,3495.0,0.5797297297297297,0.6670372429127293,0.625679012345679,False,0.2657241777264859,1629681
