index,year,ortg,drtg,AtRimFGM,AtRimFGA,AtRimAssists,Turnovers,FTA,OffPoss,DefPoss,TwoPtAssists,Steals,BadPassSteals,ThreePtAssists,FG3A,OpponentPoints,Points,SecondChancePoints,FG2A,LiveBallTurnovers,TsPct,Fg3Pct,AtRimFG3AFrequency,Pace,AtRimFrequency,SecondsPerPossOff,SecondsPerPossDef,Minutes,DefAtRimReboundPct,DefFGReboundPct,AtRimAccuracy,player_on,OffFGReboundPct,nba_id
0,2020,98.21428571428572,107.14285714285714,7.0,10.0,6.0,7.0,12.0,56.0,56.0,8.0,1.0,,7.0,24.0,60.0,55.0,6.0,25.0,3.0,0.5,0.3333333333333333,0.6938775510204082,94.92642731018246,0.2040816326530612,15.285714285714286,15.053571428571429,28.0,0.8571428571428571,0.8064516129032258,0.7,True,0.2142857142857142,1629729
1,2020,112.32176486413776,117.2608637158617,1375.0,2167.0,715.0,889.0,1566.0,7434.0,7433.0,1060.0,524.0,341.0,719.0,2591.0,8716.0,8350.0,1004.0,4228.0,457.0,0.5550887021475257,0.3516016981860285,0.6977562692476903,98.9296722288714,0.3177885320428215,14.271455474845306,14.840172205031616,3607.0,0.626890756302521,0.7318246110325318,0.6345177664974619,False,0.251589715233619,1629729
