index,year,ortg,drtg,AtRimFGM,AtRimFGA,AtRimAssists,Turnovers,FTA,OffPoss,DefPoss,TwoPtAssists,Steals,BadPassSteals,ThreePtAssists,FG3A,OpponentPoints,Points,SecondChancePoints,FG2A,LiveBallTurnovers,TsPct,Fg3Pct,AtRimFG3AFrequency,Pace,AtRimFrequency,SecondsPerPossOff,SecondsPerPossDef,Minutes,DefAtRimReboundPct,DefFGReboundPct,AtRimAccuracy,player_on,OffFGReboundPct,nba_id
0,2019,105.90762620837808,113.5483870967742,163.0,258.0,91.0,111.0,246.0,931.0,930.0,134.0,57.0,38.0,74.0,300.0,1056.0,986.0,113.0,512.0,45.0,0.5330802603036876,0.32,0.687192118226601,98.49456042340488,0.3177339901477832,14.534908700322234,14.70537634408602,453.0,0.6623376623376623,0.7725225225225225,0.6317829457364341,True,0.247191011235955,1629151
1,2019,112.24888392857144,109.71563981042654,1302.0,1966.0,752.0,954.0,1556.0,7168.0,7174.0,1124.0,586.0,415.0,679.0,2367.0,7871.0,8046.0,953.0,4136.0,488.0,0.5587496511303377,0.3472750316856781,0.6663078579117331,98.27391766538727,0.3023220052283561,14.305552455357144,15.0,3503.0,0.631578947368421,0.7350073855243723,0.6622583926754833,False,0.2580081537565521,1629151
2,2020,116.710875331565,116.97127937336816,87.0,134.0,47.0,42.0,79.0,377.0,383.0,59.0,33.0,22.0,36.0,122.0,448.0,440.0,48.0,225.0,23.0,0.5763157894736842,0.3688524590163934,0.7377521613832853,101.27706829539146,0.3861671469740634,13.442970822281168,14.981723237597912,180.0,0.5142857142857142,0.73224043715847,0.6492537313432836,True,0.2640449438202247,1629151
3,2020,111.978068325601,117.1967351533915,1295.0,2043.0,674.0,854.0,1499.0,7113.0,7106.0,1009.0,492.0,319.0,690.0,2493.0,8328.0,7965.0,962.0,4028.0,437.0,0.5535415504740658,0.3505816285599679,0.6955988345345806,98.77449419664823,0.3132955068241067,14.323351609728666,14.83422459893048,3455.0,0.63668430335097,0.7324859592078037,0.6338717572197748,False,0.2506489760599942,1629151
