index,year,ortg,drtg,AtRimFGM,AtRimFGA,AtRimAssists,Turnovers,FTA,OffPoss,DefPoss,TwoPtAssists,Steals,BadPassSteals,ThreePtAssists,FG3A,OpponentPoints,Points,SecondChancePoints,FG2A,LiveBallTurnovers,TsPct,Fg3Pct,AtRimFG3AFrequency,Pace,AtRimFrequency,SecondsPerPossOff,SecondsPerPossDef,Minutes,DefAtRimReboundPct,DefFGReboundPct,AtRimAccuracy,player_on,OffFGReboundPct,nba_id
0,2019,109.83050847457628,99.32885906040268,61.0,111.0,37.0,54.0,58.0,295.0,298.0,54.0,19.0,14.0,30.0,92.0,296.0,324.0,44.0,186.0,32.0,0.5313531353135313,0.3804347826086957,0.7302158273381295,99.44334459066027,0.3992805755395683,14.301694915254238,14.657718120805368,143.0,0.6216216216216216,0.7911392405063291,0.5495495495495496,True,0.4093959731543624,1629203
1,2019,108.49183948950792,110.74237954768928,1834.0,2815.0,1065.0,1230.0,1852.0,8149.0,8136.0,1370.0,599.0,407.0,642.0,2449.0,9010.0,8841.0,1010.0,4698.0,651.0,0.5546244959677419,0.3315639036341364,0.7365328109696376,102.50510331201671,0.3938715544983909,13.692477604614064,14.404252704031466,3813.0,0.6003917727717923,0.7321973550356052,0.6515097690941385,False,0.2602591792656587,1629203
2,2022,86.66666666666667,125.80645161290325,9.0,11.0,4.0,4.0,6.0,30.0,31.0,5.0,2.0,,,9.0,39.0,26.0,6.0,18.0,2.0,0.4333333333333333,0.1111111111111111,0.7407407407407407,99.47904869762176,0.4074074074074074,13.3,15.612903225806452,15.0,,0.5882352941176471,0.8181818181818182,True,0.2666666666666666,1629203
3,2022,111.07610276296656,114.22497570456754,1651.0,2459.0,876.0,1186.0,1878.0,8252.0,8232.0,1153.0,624.0,395.0,810.0,2817.0,9403.0,9166.0,991.0,4435.0,682.0,0.5670936450690213,0.3482428115015974,0.7275234418091561,99.36896394378697,0.3390788747931605,14.507755695588948,14.475097181729836,3981.0,0.6131953428201811,0.7271776092074287,0.6714111427409516,False,0.242811501597444,1629203
