index,year,ortg,drtg,AtRimFGM,AtRimFGA,AtRimAssists,Turnovers,FTA,OffPoss,DefPoss,TwoPtAssists,Steals,BadPassSteals,ThreePtAssists,FG3A,OpponentPoints,Points,SecondChancePoints,FG2A,LiveBallTurnovers,TsPct,Fg3Pct,AtRimFG3AFrequency,Pace,AtRimFrequency,SecondsPerPossOff,SecondsPerPossDef,Minutes,DefAtRimReboundPct,DefFGReboundPct,AtRimAccuracy,player_on,OffFGReboundPct,nba_id
0,2020,78.94736842105263,97.36842105263158,7.0,14.0,6.0,8.0,4.0,38.0,38.0,7.0,2.0,2.0,4.0,11.0,37.0,30.0,4.0,19.0,3.0,0.46875,0.3636363636363636,0.8333333333333334,97.28,0.4666666666666667,15.157894736842104,14.447368421052632,19.0,0.5,0.6,0.5,True,0.2222222222222222,1629760
1,2020,116.07310215557638,108.10261223212888,1382.0,2060.0,771.0,835.0,1241.0,6402.0,6393.0,1046.0,611.0,402.0,642.0,2132.0,6911.0,7431.0,821.0,3649.0,444.0,0.5872387587080431,0.3752345215759849,0.7251340598512368,98.22630947620952,0.356339733610102,13.992970946579192,15.328015016424214,3126.0,0.6187845303867403,0.7098600932711525,0.670873786407767,False,0.2537313432835821,1629760
2,2022,140.0,40.0,2.0,2.0,1.0,2.0,,5.0,5.0,1.0,1.0,1.0,1.0,1.0,2.0,7.0,2.0,2.0,1.0,1.1666666666666667,1.0,1.0,124.13793103448276,0.6666666666666666,11.0,12.2,2.0,,1.0,1.0,True,,1629760
3,2022,111.10545732095152,110.99949135300102,1329.0,2089.0,797.0,1037.0,1826.0,7861.0,7864.0,1111.0,571.0,357.0,869.0,3031.0,8729.0,8734.0,1005.0,4016.0,569.0,0.556379442597801,0.3421313097987463,0.7265503050943664,95.44603867747972,0.29643820065276,14.827502862231269,15.34651576805697,3954.0,0.6146788990825688,0.7158652609925431,0.6361895643848732,False,0.2511163645915419,1629760
