index,year,ortg,drtg,AtRimFGM,AtRimFGA,AtRimAssists,Turnovers,FTA,OffPoss,DefPoss,TwoPtAssists,Steals,BadPassSteals,ThreePtAssists,FG3A,OpponentPoints,Points,SecondChancePoints,FG2A,LiveBallTurnovers,TsPct,Fg3Pct,AtRimFG3AFrequency,Pace,AtRimFrequency,SecondsPerPossOff,SecondsPerPossDef,Minutes,DefAtRimReboundPct,DefFGReboundPct,AtRimAccuracy,player_on,OffFGReboundPct,nba_id
0,2020,102.27272727272728,144.1860465116279,1.0,4.0,,7.0,17.0,44.0,43.0,5.0,,,3.0,13.0,62.0,45.0,5.0,21.0,3.0,0.5357142857142857,0.4615384615384615,0.5,104.836820083682,0.1176470588235294,13.795454545454543,13.674418604651162,20.0,,0.7058823529411765,0.25,True,0.3157894736842105,1629743
1,2020,104.13223140495867,121.7032967032967,42.0,67.0,29.0,51.0,81.0,363.0,364.0,46.0,20.0,10.0,49.0,171.0,443.0,378.0,40.0,160.0,25.0,0.5136239782016349,0.327485380116959,0.7190332326283988,101.39273607748184,0.202416918429003,13.887052341597796,14.516483516483516,172.0,0.7297297297297297,0.774390243902439,0.6268656716417911,False,0.238341968911917,1629743
