index,year,ortg,drtg,AtRimFGM,AtRimFGA,AtRimAssists,Turnovers,FTA,OffPoss,DefPoss,TwoPtAssists,Steals,BadPassSteals,ThreePtAssists,FG3A,OpponentPoints,Points,SecondChancePoints,FG2A,LiveBallTurnovers,TsPct,Fg3Pct,AtRimFG3AFrequency,Pace,AtRimFrequency,SecondsPerPossOff,SecondsPerPossDef,Minutes,DefAtRimReboundPct,DefFGReboundPct,AtRimAccuracy,player_on,OffFGReboundPct,nba_id
0,2020,109.85221674876848,93.0,37.0,57.0,20.0,23.0,48.0,203.0,200.0,27.0,22.0,15.0,20.0,56.0,186.0,223.0,18.0,111.0,11.0,0.5868421052631579,0.4285714285714285,0.6766467065868264,100.73251171671583,0.3413173652694611,13.389162561576354,15.215,96.0,0.6666666666666666,0.76,0.6491228070175439,True,0.2023809523809523,1629714
1,2020,110.4949920162578,113.4512248151906,1167.0,1834.0,578.0,865.0,1497.0,6889.0,6899.0,912.0,544.0,344.0,589.0,2179.0,7827.0,7612.0,854.0,4071.0,427.0,0.5496299521114497,0.351537402478201,0.64208,98.0484841900454,0.29344,14.394106546668604,14.978692564139733,3375.0,0.652317880794702,0.7454367666232073,0.6363140676117776,False,0.24291742013261,1629714
2,2021,112.8813559322034,105.10204081632654,57.0,84.0,32.0,33.0,92.0,295.0,294.0,43.0,22.0,13.0,18.0,82.0,309.0,333.0,40.0,170.0,24.0,0.5702054794520548,0.3048780487804878,0.6587301587301587,102.21258134490238,0.3333333333333333,13.75593220338983,14.421768707482991,138.0,0.65,0.7876712328767124,0.6785714285714286,True,0.2651515151515151,1629714
3,2021,108.2075333431042,118.199121522694,1104.0,1753.0,549.0,794.0,1272.0,6823.0,6830.0,945.0,532.0,326.0,598.0,2211.0,8073.0,7383.0,849.0,4118.0,450.0,0.5356310113669485,0.3428312980551786,0.6263232738189287,98.32028085336216,0.2769789856217411,14.65909424007035,14.63294289897511,3333.0,0.595903165735568,0.72,0.6297775242441529,False,0.2332751599767306,1629714
4,2023,94.9367088607595,111.11111111111111,10.0,18.0,5.0,8.0,7.0,79.0,81.0,7.0,5.0,3.0,12.0,42.0,90.0,75.0,3.0,40.0,2.0,0.4411764705882353,0.2857142857142857,0.7317073170731707,98.58793324775353,0.2195121951219512,15.354430379746836,13.876543209876544,39.0,0.5,0.6595744680851063,0.5555555555555556,True,0.2777777777777778,1629714
5,2023,117.35516988511368,116.30182218417512,1401.0,2125.0,761.0,1022.0,1982.0,8182.0,8177.0,1219.0,634.0,404.0,809.0,2788.0,9510.0,9602.0,1244.0,4645.0,498.0,0.57810236600676,0.362625538020086,0.6609713440064577,100.1047921367652,0.2858872595183641,14.270227328281594,14.499694264400146,3922.0,0.5829528158295282,0.696185649506535,0.6592941176470588,False,0.2853033472803347,1629714
