index,year,ortg,drtg,AtRimFGM,AtRimFGA,AtRimAssists,Turnovers,FTA,OffPoss,DefPoss,TwoPtAssists,Steals,BadPassSteals,ThreePtAssists,FG3A,OpponentPoints,Points,SecondChancePoints,FG2A,LiveBallTurnovers,TsPct,Fg3Pct,AtRimFG3AFrequency,Pace,AtRimFrequency,SecondsPerPossOff,SecondsPerPossDef,Minutes,DefAtRimReboundPct,DefFGReboundPct,AtRimAccuracy,player_on,OffFGReboundPct,nba_id
0,2024,104.7808764940239,108.64197530864196,45.0,64.0,36.0,38.0,41.0,251.0,243.0,48.0,13.0,11.0,32.0,95.0,264.0,263.0,13.0,111.0,21.0,0.5844444444444444,0.3578947368421052,0.7718446601941747,97.35322293690982,0.3106796116504854,14.52988047808765,15.061728395061728,122.0,0.5833333333333334,0.7094017094017094,0.703125,True,0.2095238095238095,1629618
1,2024,119.48577394936048,113.63991662324128,1478.0,2271.0,930.0,998.0,1587.0,7662.0,7676.0,1539.0,572.0,408.0,796.0,2465.0,8723.0,9155.0,1107.0,4608.0,557.0,0.5884441575209812,0.3748478701825558,0.6695885762759791,96.38416254642097,0.3210801640039587,15.159357870007833,14.72146951537259,3819.0,0.6399491094147582,0.7268013100436681,0.650814619110524,False,0.2941346431667148,1629618
