index,year,ortg,drtg,AtRimFGM,AtRimFGA,AtRimAssists,Turnovers,FTA,OffPoss,DefPoss,TwoPtAssists,Steals,BadPassSteals,ThreePtAssists,FG3A,OpponentPoints,Points,SecondChancePoints,FG2A,LiveBallTurnovers,TsPct,Fg3Pct,AtRimFG3AFrequency,Pace,AtRimFrequency,SecondsPerPossOff,SecondsPerPossDef,Minutes,DefAtRimReboundPct,DefFGReboundPct,AtRimAccuracy,player_on,OffFGReboundPct,nba_id
0,2024,101.75438596491227,103.2258064516129,10.0,16.0,2.0,7.0,18.0,57.0,62.0,5.0,5.0,4.0,3.0,15.0,64.0,58.0,8.0,37.0,3.0,0.475,0.2,0.5961538461538461,90.66666666666669,0.3076923076923077,17.087719298245613,14.774193548387096,32.0,1.0,0.8148148148148148,0.625,True,0.3225806451612903,1629026
1,2024,112.75395033860045,105.92255125284738,133.0,212.0,75.0,105.0,167.0,886.0,878.0,119.0,73.0,43.0,104.0,325.0,930.0,999.0,95.0,481.0,66.0,0.5634920634920635,0.3630769230769231,0.6662531017369727,94.39464882943145,0.2630272952853598,15.250564334085778,15.259681093394075,448.0,0.5979381443298969,0.6764044943820224,0.6273584905660378,False,0.2345971563981042,1629026
