index,year,ortg,drtg,AtRimFGM,AtRimFGA,AtRimAssists,Turnovers,FTA,OffPoss,DefPoss,TwoPtAssists,Steals,BadPassSteals,ThreePtAssists,FG3A,OpponentPoints,Points,SecondChancePoints,FG2A,LiveBallTurnovers,TsPct,Fg3Pct,AtRimFG3AFrequency,Pace,AtRimFrequency,SecondsPerPossOff,SecondsPerPossDef,Minutes,DefAtRimReboundPct,DefFGReboundPct,AtRimAccuracy,player_on,OffFGReboundPct,nba_id
0,2021,84.61538461538461,83.58208955223881,11.0,15.0,4.0,11.0,18.0,65.0,67.0,5.0,4.0,1.0,2.0,20.0,56.0,55.0,4.0,28.0,9.0,0.4824561403508772,0.15,0.7291666666666666,102.24852071005915,0.3125,13.261538461538462,14.880597014925373,31.0,0.75,0.6744186046511628,0.7333333333333333,True,0.1785714285714285,1629670
1,2021,108.83977900552486,114.27913403961308,259.0,418.0,143.0,292.0,378.0,2172.0,2171.0,274.0,165.0,94.0,200.0,766.0,2481.0,2364.0,249.0,1192.0,171.0,0.5568128241395568,0.3577023498694517,0.6046986721144024,96.24228620673736,0.2134831460674157,15.491252302025783,14.432980193459237,1083.0,0.6193181818181818,0.6990566037735849,0.6196172248803827,False,0.2228626320845341,1629670
2,2022,93.1818181818182,64.44444444444444,8.0,10.0,4.0,5.0,14.0,44.0,45.0,6.0,2.0,2.0,2.0,10.0,29.0,41.0,7.0,24.0,3.0,0.5125,0.2,0.5882352941176471,107.06766917293234,0.2941176470588235,13.181818181818182,13.71111111111111,20.0,0.6666666666666666,0.7916666666666666,0.8,True,0.2105263157894736,1629670
3,2022,103.89380530973452,106.54867256637168,128.0,210.0,72.0,149.0,203.0,1130.0,1130.0,141.0,78.0,44.0,139.0,466.0,1204.0,1174.0,102.0,543.0,73.0,0.5341841385597083,0.3433476394849785,0.6699702675916749,97.54518478554088,0.2081268582755203,15.72566371681416,13.799115044247788,556.0,0.6777777777777778,0.7622504537205081,0.6095238095238096,False,0.1864111498257839,1629670
