index,year,ortg,drtg,AtRimFGM,AtRimFGA,AtRimAssists,Turnovers,FTA,OffPoss,DefPoss,TwoPtAssists,Steals,BadPassSteals,ThreePtAssists,FG3A,OpponentPoints,Points,SecondChancePoints,FG2A,LiveBallTurnovers,TsPct,Fg3Pct,AtRimFG3AFrequency,Pace,AtRimFrequency,SecondsPerPossOff,SecondsPerPossDef,Minutes,DefAtRimReboundPct,DefFGReboundPct,AtRimAccuracy,player_on,OffFGReboundPct,nba_id
0,2019,111.5485564304462,103.41207349081364,74.0,110.0,40.0,48.0,71.0,381.0,381.0,69.0,33.0,20.0,37.0,122.0,394.0,425.0,37.0,216.0,17.0,0.5745257452574526,0.3360655737704918,0.6863905325443787,94.18712446351932,0.3254437869822485,14.36745406824147,16.20997375328084,194.0,0.525,0.7171717171717171,0.6727272727272727,True,0.2352941176470588,1629061
1,2019,118.34084283063876,108.48155030528272,1549.0,2266.0,868.0,973.0,1609.0,7546.0,7534.0,1239.0,535.0,335.0,762.0,2468.0,8173.0,8930.0,1004.0,4342.0,517.0,0.5948183760683761,0.3820907617504052,0.6951541850220264,96.33645357348831,0.3327459618208517,14.129472568248078,15.767056012742236,3757.0,0.5971394517282479,0.7271007835720076,0.6835834068843778,False,0.2681052320425657,1629061
