index,year,ortg,drtg,AtRimFGM,AtRimFGA,AtRimAssists,Turnovers,FTA,OffPoss,DefPoss,TwoPtAssists,Steals,BadPassSteals,ThreePtAssists,FG3A,OpponentPoints,Points,SecondChancePoints,FG2A,LiveBallTurnovers,TsPct,Fg3Pct,AtRimFG3AFrequency,Pace,AtRimFrequency,SecondsPerPossOff,SecondsPerPossDef,Minutes,DefAtRimReboundPct,DefFGReboundPct,AtRimAccuracy,player_on,OffFGReboundPct,nba_id
0,2019,111.76470588235294,128.57142857142858,29.0,53.0,15.0,17.0,54.0,153.0,154.0,19.0,9.0,5.0,10.0,54.0,198.0,171.0,16.0,87.0,10.0,0.5119760479041916,0.2962962962962963,0.7588652482269503,107.6668290306868,0.375886524822695,13.869281045751634,12.883116883116884,68.0,0.5294117647058824,0.7121212121212122,0.5471698113207547,True,0.3255813953488372,1629066
1,2019,105.46448087431692,112.5,66.0,113.0,38.0,54.0,92.0,366.0,368.0,50.0,29.0,19.0,17.0,116.0,414.0,386.0,45.0,200.0,29.0,0.5437853107344632,0.3362068965517241,0.7246835443037974,102.67728774043132,0.3575949367088608,14.112021857923498,13.9375,172.0,0.5384615384615384,0.6144578313253012,0.584070796460177,False,0.2241379310344827,1629066
2,2020,89.84375,132.30769230769232,20.0,29.0,17.0,23.0,25.0,128.0,130.0,21.0,4.0,1.0,10.0,58.0,172.0,115.0,9.0,50.0,8.0,0.4830508474576271,0.2586206896551724,0.8055555555555556,106.11825192802056,0.2685185185185185,13.5625,13.576923076923077,58.0,0.8235294117647058,0.7704918032786885,0.6896551724137931,True,0.1451612903225806,1629066
3,2020,110.39426523297492,120.21660649819496,23.0,42.0,12.0,35.0,73.0,279.0,277.0,30.0,16.0,9.0,42.0,126.0,333.0,308.0,36.0,131.0,20.0,0.5292096219931272,0.373015873015873,0.6536964980544747,99.84287317620652,0.1634241245136186,14.021505376344086,14.826714801444044,134.0,0.6190476190476191,0.7666666666666667,0.5476190476190477,False,0.2866666666666667,1629066
