index,year,ortg,drtg,AtRimFGM,AtRimFGA,AtRimAssists,Turnovers,FTA,OffPoss,DefPoss,TwoPtAssists,Steals,BadPassSteals,ThreePtAssists,FG3A,OpponentPoints,Points,SecondChancePoints,FG2A,LiveBallTurnovers,TsPct,Fg3Pct,AtRimFG3AFrequency,Pace,AtRimFrequency,SecondsPerPossOff,SecondsPerPossDef,Minutes,DefAtRimReboundPct,DefFGReboundPct,AtRimAccuracy,player_on,OffFGReboundPct,nba_id
0,2019,133.33333333333334,91.89189189189187,10.0,17.0,6.0,5.0,11.0,36.0,37.0,8.0,5.0,1.0,,8.0,34.0,48.0,2.0,22.0,5.0,0.7058823529411765,0.625,0.8333333333333334,119.7266514806378,0.5666666666666667,10.02777777777778,13.972972972972974,15.0,1.0,0.9333333333333332,0.5882352941176471,True,0.25,1629058
1,2019,105.38302277432712,119.17525773195877,85.0,149.0,47.0,66.0,135.0,483.0,485.0,61.0,33.0,23.0,27.0,162.0,578.0,509.0,59.0,265.0,34.0,0.5215605749486653,0.3086419753086419,0.7283372365339579,103.08534240496968,0.3489461358313817,14.339544513457556,13.6,225.0,0.5272727272727272,0.6221198156682027,0.5704697986577181,False,0.2580645161290322,1629058
2,2020,108.13953488372093,140.22988505747125,9.0,18.0,5.0,9.0,36.0,86.0,87.0,8.0,3.0,,7.0,37.0,122.0,93.0,11.0,37.0,5.0,0.5166666666666667,0.3783783783783784,0.7432432432432432,105.38071065989848,0.2432432432432432,13.581395348837209,13.74712643678161,39.0,0.75,0.7941176470588235,0.5,True,0.2558139534883721,1629058
3,2020,102.803738317757,119.6875,34.0,53.0,24.0,49.0,62.0,321.0,320.0,43.0,17.0,10.0,45.0,147.0,383.0,330.0,34.0,144.0,23.0,0.5156739811912225,0.3265306122448979,0.6872852233676976,100.81258191349934,0.1821305841924398,13.95638629283489,14.6125,153.0,0.7058823529411765,0.7619047619047619,0.6415094339622641,False,0.2426035502958579,1629058
