index,year,ortg,drtg,AtRimFGM,AtRimFGA,AtRimAssists,Turnovers,FTA,OffPoss,DefPoss,TwoPtAssists,Steals,BadPassSteals,ThreePtAssists,FG3A,OpponentPoints,Points,SecondChancePoints,FG2A,LiveBallTurnovers,TsPct,Fg3Pct,AtRimFG3AFrequency,Pace,AtRimFrequency,SecondsPerPossOff,SecondsPerPossDef,Minutes,DefAtRimReboundPct,DefFGReboundPct,AtRimAccuracy,player_on,OffFGReboundPct,nba_id
0,2019,106.4516129032258,80.64516129032258,4.0,5.0,2.0,4.0,7.0,31.0,31.0,7.0,7.0,6.0,3.0,8.0,25.0,33.0,3.0,17.0,,0.6111111111111112,0.375,0.52,98.87043189368772,0.2,11.774193548387096,17.35483870967742,15.0,,0.8,0.8,True,,1629017
1,2019,97.55434782608695,125.20325203252033,50.0,114.0,28.0,38.0,59.0,368.0,369.0,46.0,22.0,12.0,36.0,125.0,462.0,359.0,47.0,237.0,23.0,0.4601542416452442,0.328,0.6602209944751382,99.9604408024866,0.3149171270718232,15.595108695652174,13.21951219512195,177.0,0.5806451612903226,0.7337662337662337,0.4385964912280701,False,0.2409090909090909,1629017
