index,year,ortg,drtg,AtRimFGM,AtRimFGA,AtRimAssists,Turnovers,FTA,OffPoss,DefPoss,TwoPtAssists,Steals,BadPassSteals,ThreePtAssists,FG3A,OpponentPoints,Points,SecondChancePoints,FG2A,LiveBallTurnovers,TsPct,Fg3Pct,AtRimFG3AFrequency,Pace,AtRimFrequency,SecondsPerPossOff,SecondsPerPossDef,Minutes,DefAtRimReboundPct,DefFGReboundPct,AtRimAccuracy,player_on,OffFGReboundPct,nba_id
0,2020,102.36686390532545,101.23203285420944,83.0,126.0,46.0,85.0,134.0,507.0,487.0,66.0,36.0,24.0,39.0,155.0,493.0,519.0,47.0,249.0,36.0,0.556989247311828,0.3225806451612903,0.6955445544554455,102.68742377501972,0.3118811881188119,14.140039447731755,13.901437371663244,232.0,0.5454545454545454,0.762114537444934,0.6587301587301587,True,0.2311320754716981,1629713
1,2020,113.42140819696742,111.02150537634408,1220.0,1803.0,691.0,1011.0,1618.0,6661.0,6696.0,983.0,521.0,305.0,703.0,2351.0,7434.0,7555.0,810.0,3403.0,520.0,0.5839925546765937,0.3589961718417694,0.7219325686478971,98.37347394908988,0.3133472367049009,14.762047740579492,14.51478494623656,3259.0,0.6236220472440945,0.7514450867052023,0.6766500277315585,False,0.254054054054054,1629713
2,2021,111.56773211567732,103.20121951219512,111.0,174.0,64.0,101.0,159.0,657.0,656.0,93.0,54.0,35.0,73.0,205.0,677.0,733.0,82.0,355.0,58.0,0.5775316455696202,0.3853658536585366,0.6767857142857143,101.5315218558694,0.3107142857142857,14.23896499238965,14.126524390243905,310.0,0.6271186440677966,0.7766666666666666,0.6379310344827587,True,0.2882562277580071,1629713
3,2021,118.36578261536104,114.98545844175725,1263.0,1877.0,690.0,886.0,1472.0,6523.0,6533.0,1009.0,491.0,307.0,648.0,2144.0,7512.0,7721.0,927.0,3734.0,485.0,0.5906648241977583,0.3796641791044776,0.684076216400136,99.45428961372846,0.3193263014630826,14.697071899432776,14.261288841267412,3151.0,0.6156648451730419,0.748130523453433,0.6728822589238146,False,0.2827118644067796,1629713
