index,year,ortg,drtg,AtRimFGM,AtRimFGA,AtRimAssists,Turnovers,FTA,OffPoss,DefPoss,TwoPtAssists,Steals,BadPassSteals,ThreePtAssists,FG3A,OpponentPoints,Points,SecondChancePoints,FG2A,LiveBallTurnovers,TsPct,Fg3Pct,AtRimFG3AFrequency,Pace,AtRimFrequency,SecondsPerPossOff,SecondsPerPossDef,Minutes,DefAtRimReboundPct,DefFGReboundPct,AtRimAccuracy,player_on,OffFGReboundPct,nba_id
0,2019,80.64516129032258,106.4516129032258,8.0,8.0,4.0,10.0,,31.0,31.0,4.0,,,2.0,10.0,33.0,25.0,2.0,11.0,7.0,0.5952380952380952,0.3,0.8571428571428571,98.87043189368772,0.3809523809523809,17.35483870967742,11.774193548387096,15.0,1.0,1.0,1.0,True,0.2,1629017
1,2019,125.20325203252033,97.55434782608695,87.0,119.0,53.0,48.0,112.0,369.0,368.0,69.0,23.0,15.0,39.0,125.0,359.0,462.0,45.0,199.0,22.0,0.6253405994550408,0.376,0.7530864197530864,99.9604408024866,0.3672839506172839,13.21951219512195,15.595108695652174,177.0,0.5625,0.759090909090909,0.7310924369747899,False,0.2662337662337662,1629017
