index,year,ortg,drtg,AtRimFGM,AtRimFGA,AtRimAssists,Turnovers,FTA,OffPoss,DefPoss,TwoPtAssists,Steals,BadPassSteals,ThreePtAssists,FG3A,OpponentPoints,Points,SecondChancePoints,FG2A,LiveBallTurnovers,TsPct,Fg3Pct,AtRimFG3AFrequency,Pace,AtRimFrequency,SecondsPerPossOff,SecondsPerPossDef,Minutes,DefAtRimReboundPct,DefFGReboundPct,AtRimAccuracy,player_on,OffFGReboundPct,nba_id
0,2019,102.04081632653062,106.25,10.0,14.0,3.0,7.0,15.0,49.0,48.0,5.0,1.0,,3.0,15.0,51.0,50.0,7.0,21.0,3.0,0.5813953488372093,0.3333333333333333,0.8055555555555556,107.61171032357473,0.3888888888888889,11.183673469387756,15.625,22.0,0.625,0.5909090909090909,0.7142857142857143,True,0.2222222222222222,1629152
1,2019,109.5705830499937,113.42383107088988,1538.0,2425.0,872.0,1102.0,1807.0,7941.0,7956.0,1275.0,609.0,371.0,733.0,2603.0,9024.0,8701.0,987.0,4445.0,631.0,0.5541837256908905,0.3388398002305032,0.7133938706015891,97.22027333497547,0.3440692395005675,14.743609117239645,14.87971342383107,3924.0,0.6072684642438453,0.7,0.6342268041237114,False,0.2506004803843074,1629152
