index,year,ortg,drtg,AtRimFGM,AtRimFGA,AtRimAssists,Turnovers,FTA,OffPoss,DefPoss,TwoPtAssists,Steals,BadPassSteals,ThreePtAssists,FG3A,OpponentPoints,Points,SecondChancePoints,FG2A,LiveBallTurnovers,TsPct,Fg3Pct,AtRimFG3AFrequency,Pace,AtRimFrequency,SecondsPerPossOff,SecondsPerPossDef,Minutes,DefAtRimReboundPct,DefFGReboundPct,AtRimAccuracy,player_on,OffFGReboundPct,nba_id
0,2022,144.0,108.0,6.0,9.0,4.0,1.0,15.0,25.0,25.0,4.0,1.0,1.0,2.0,7.0,27.0,36.0,12.0,18.0,,0.5625,0.5714285714285714,0.64,97.42895805142084,0.36,13.96,15.6,12.0,1.0,0.7,0.6666666666666666,True,0.5,1629600
1,2022,108.35623282538096,117.60589778832936,1308.0,2165.0,707.0,1185.0,1756.0,8006.0,8003.0,1055.0,656.0,414.0,819.0,3010.0,9412.0,8675.0,1105.0,4109.0,672.0,0.5484875444839857,0.3451827242524917,0.7269279393173198,97.67334262629171,0.3041157465936227,14.806270297277042,14.679745095589157,3934.0,0.6213592233009708,0.725572305974316,0.6041570438799077,False,0.2613052415210689,1629600
