index,year,ortg,drtg,AtRimFGM,AtRimFGA,AtRimAssists,Turnovers,FTA,OffPoss,DefPoss,TwoPtAssists,Steals,BadPassSteals,ThreePtAssists,FG3A,OpponentPoints,Points,SecondChancePoints,FG2A,LiveBallTurnovers,TsPct,Fg3Pct,AtRimFG3AFrequency,Pace,AtRimFrequency,SecondsPerPossOff,SecondsPerPossDef,Minutes,DefAtRimReboundPct,DefFGReboundPct,AtRimAccuracy,player_on,OffFGReboundPct,nba_id
0,2021,100.0,112.109375,33.0,52.0,17.0,34.0,38.0,256.0,256.0,41.0,12.0,8.0,17.0,103.0,287.0,256.0,46.0,145.0,19.0,0.4829545454545454,0.233009708737864,0.625,99.53827460510328,0.2096774193548387,14.91796875,14.015625,123.0,0.4418604651162791,0.6739130434782609,0.6346153846153846,True,0.2986111111111111,1629751
1,2021,114.48793875487506,108.01499207150064,1100.0,1742.0,530.0,1004.0,1798.0,6923.0,6937.0,940.0,643.0,406.0,708.0,2066.0,7493.0,7926.0,962.0,3943.0,502.0,0.5801796495361508,0.3809293320425944,0.6337160925278749,98.92492304947136,0.2898984856049259,14.678463094034376,14.434770073518813,3363.0,0.6040372670807453,0.7487531172069826,0.6314580941446614,False,0.2707652060170046,1629751
2,2022,68.57142857142857,94.5945945945946,7.0,12.0,4.0,7.0,5.0,35.0,37.0,5.0,3.0,1.0,2.0,12.0,35.0,24.0,4.0,18.0,2.0,0.375,0.1666666666666666,0.8,106.55704008221996,0.4,15.885714285714286,11.27027027027027,16.0,,0.8181818181818182,0.5833333333333334,True,0.2,1629751
3,2022,115.9534028203556,109.9828515433611,1516.0,2357.0,787.0,1073.0,1893.0,8155.0,8164.0,1319.0,797.0,538.0,805.0,2667.0,8979.0,9456.0,1536.0,5042.0,586.0,0.5533215755437978,0.3535808023997,0.6517057984174341,99.41045877272542,0.3057465300298352,14.41277743715512,14.557937285644291,3940.0,0.6125592417061612,0.7325071004389362,0.6431904963937208,False,0.3340718857705563,1629751
