index,year,ortg,drtg,AtRimFGM,AtRimFGA,AtRimAssists,Turnovers,FTA,OffPoss,DefPoss,TwoPtAssists,Steals,BadPassSteals,ThreePtAssists,FG3A,OpponentPoints,Points,SecondChancePoints,FG2A,LiveBallTurnovers,TsPct,Fg3Pct,AtRimFG3AFrequency,Pace,AtRimFrequency,SecondsPerPossOff,SecondsPerPossDef,Minutes,DefAtRimReboundPct,DefFGReboundPct,AtRimAccuracy,player_on,OffFGReboundPct,nba_id
0,2020,113.33333333333331,62.06896551724138,5.0,8.0,4.0,9.0,11.0,30.0,29.0,4.0,3.0,1.0,3.0,7.0,18.0,34.0,,10.0,2.0,0.7727272727272727,0.5714285714285714,0.8823529411764706,106.73366834170854,0.4705882352941176,13.833333333333334,13.137931034482758,13.0,0.5,0.8125,0.625,True,0.2857142857142857,1629739
1,2020,110.93897346086489,113.7023105857066,1440.0,2176.0,807.0,1154.0,1695.0,7423.0,7444.0,1113.0,575.0,355.0,699.0,2515.0,8464.0,8235.0,1016.0,4057.0,625.0,0.5623373064803397,0.3483101391650099,0.7137857577601948,103.0422979919524,0.3311016433353621,14.568233867708472,13.38312735088662,3463.0,0.6814044213263979,0.7574626865671642,0.6617647058823529,False,0.2817631806395851,1629739
