index,year,ortg,drtg,AtRimFGM,AtRimFGA,AtRimAssists,Turnovers,FTA,OffPoss,DefPoss,TwoPtAssists,Steals,BadPassSteals,ThreePtAssists,FG3A,OpponentPoints,Points,SecondChancePoints,FG2A,LiveBallTurnovers,TsPct,Fg3Pct,AtRimFG3AFrequency,Pace,AtRimFrequency,SecondsPerPossOff,SecondsPerPossDef,Minutes,DefAtRimReboundPct,DefFGReboundPct,AtRimAccuracy,player_on,OffFGReboundPct,nba_id
0,2022,78.26086956521739,117.3913043478261,6.0,7.0,3.0,2.0,9.0,23.0,23.0,3.0,1.0,1.0,,8.0,27.0,18.0,3.0,12.0,2.0,0.3695652173913043,,0.75,107.0113085621971,0.35,12.434782608695652,14.478260869565217,10.0,,0.4444444444444444,0.8571428571428571,True,0.2307692307692307,1629139
1,2022,112.54681647940076,121.13207547169812,92.0,124.0,51.0,58.0,117.0,534.0,530.0,69.0,39.0,20.0,52.0,189.0,642.0,601.0,75.0,307.0,29.0,0.5476190476190477,0.3121693121693121,0.6310483870967742,90.33429632686752,0.25,15.54868913857678,16.335849056603774,283.0,0.6857142857142857,0.7410714285714286,0.7419354838709677,False,0.2538461538461538,1629139
2,2023,77.77777777777777,110.0,2.0,2.0,1.0,3.0,2.0,9.0,10.0,1.0,,,1.0,3.0,11.0,7.0,2.0,4.0,3.0,0.4375,0.3333333333333333,0.7142857142857143,96.67844522968196,0.2857142857142857,15.666666666666666,14.2,5.0,1.0,1.0,1.0,True,0.5,1629139
3,2023,104.91329479768788,116.76300578034682,44.0,71.0,28.0,46.0,71.0,346.0,346.0,51.0,21.0,9.0,36.0,135.0,404.0,363.0,20.0,167.0,31.0,0.5483383685800605,0.3259259259259259,0.6821192052980133,88.67847290202012,0.2350993377483443,15.04913294797688,17.427745664739884,187.0,0.5652173913043478,0.6353591160220995,0.6197183098591549,False,0.1616766467065868,1629139
