index,year,ortg,drtg,AtRimFGM,AtRimFGA,AtRimAssists,Turnovers,FTA,OffPoss,DefPoss,TwoPtAssists,Steals,BadPassSteals,ThreePtAssists,FG3A,OpponentPoints,Points,SecondChancePoints,FG2A,LiveBallTurnovers,TsPct,Fg3Pct,AtRimFG3AFrequency,Pace,AtRimFrequency,SecondsPerPossOff,SecondsPerPossDef,Minutes,DefAtRimReboundPct,DefFGReboundPct,AtRimAccuracy,player_on,OffFGReboundPct,nba_id
0,2020,100.55555555555556,119.67213114754098,18.0,34.0,12.0,31.0,59.0,180.0,183.0,22.0,7.0,5.0,15.0,63.0,219.0,181.0,9.0,78.0,12.0,0.5389221556886228,0.365079365079365,0.6879432624113475,103.46793349168644,0.2411347517730496,14.666666666666666,13.18032786885246,84.0,0.6666666666666666,0.8181818181818182,0.5294117647058824,True,0.2,1629744
1,2020,107.24478594950604,107.89473684210526,134.0,199.0,78.0,137.0,201.0,911.0,912.0,113.0,61.0,35.0,109.0,380.0,984.0,977.0,92.0,424.0,66.0,0.5471380471380471,0.331578947368421,0.7201492537313433,96.41251652710444,0.2475124378109452,14.997804610318331,14.87390350877193,454.0,0.6261682242990654,0.7849223946784922,0.6733668341708543,False,0.2309417040358744,1629744
2,2021,114.28571428571428,64.28571428571429,2.0,4.0,1.0,1.0,3.0,14.0,14.0,2.0,,,1.0,5.0,9.0,16.0,3.0,8.0,,0.5714285714285714,0.2,0.6923076923076923,97.86407766990293,0.3076923076923077,14.857142857142858,14.571428571428571,7.0,1.0,0.8571428571428571,0.5,True,0.2857142857142857,1629744
3,2021,122.7447216890595,122.4352828379674,167.0,246.0,69.0,114.0,242.0,1042.0,1043.0,115.0,87.0,46.0,117.0,377.0,1277.0,1279.0,155.0,583.0,57.0,0.6009433962264151,0.3925729442970822,0.6489583333333333,96.0214916208264,0.25625,14.850287907869482,15.142857142857142,521.0,0.684931506849315,0.7296137339055794,0.6788617886178862,False,0.2592592592592592,1629744
