index,year,ortg,drtg,AtRimFGM,AtRimFGA,AtRimAssists,Turnovers,FTA,OffPoss,DefPoss,TwoPtAssists,Steals,BadPassSteals,ThreePtAssists,FG3A,OpponentPoints,Points,SecondChancePoints,FG2A,LiveBallTurnovers,TsPct,Fg3Pct,AtRimFG3AFrequency,Pace,AtRimFrequency,SecondsPerPossOff,SecondsPerPossDef,Minutes,DefAtRimReboundPct,DefFGReboundPct,AtRimAccuracy,player_on,OffFGReboundPct,nba_id
0,2019,109.3607305936073,117.09006928406468,93.0,159.0,48.0,50.0,92.0,438.0,433.0,65.0,29.0,20.0,36.0,105.0,507.0,479.0,45.0,285.0,29.0,0.5595794392523364,0.3619047619047619,0.676923076923077,97.54549696686888,0.4076923076923077,14.531963470319637,14.995381062355658,214.0,0.6363636363636364,0.7593582887700535,0.5849056603773585,True,0.2139303482587064,1629102
1,2019,105.32728451069346,113.8047138047138,1406.0,2334.0,698.0,1109.0,1603.0,7715.0,7722.0,1107.0,574.0,380.0,588.0,2018.0,8788.0,8126.0,855.0,4797.0,571.0,0.5398159263705482,0.3503468780971259,0.638591342626559,98.35877558605677,0.3424798239178283,14.76305897602074,14.517612017612018,3767.0,0.6271186440677966,0.7370484458134976,0.6023993144815767,False,0.2348111658456486,1629102
