index,year,ortg,drtg,AtRimFGM,AtRimFGA,AtRimAssists,Turnovers,FTA,OffPoss,DefPoss,TwoPtAssists,Steals,BadPassSteals,ThreePtAssists,FG3A,OpponentPoints,Points,SecondChancePoints,FG2A,LiveBallTurnovers,TsPct,Fg3Pct,AtRimFG3AFrequency,Pace,AtRimFrequency,SecondsPerPossOff,SecondsPerPossDef,Minutes,DefAtRimReboundPct,DefFGReboundPct,AtRimAccuracy,player_on,OffFGReboundPct,nba_id
0,2024,147.3684210526316,100.0,4.0,4.0,2.0,3.0,3.0,19.0,20.0,5.0,2.0,2.0,3.0,5.0,20.0,28.0,,11.0,,0.8235294117647058,0.6,0.5625,96.0,0.25,10.36842105263158,19.4,10.0,1.0,0.625,1.0,True,0.25,1629643
1,2024,99.68992248062015,106.06531881804044,117.0,186.0,72.0,100.0,143.0,645.0,643.0,102.0,55.0,27.0,34.0,204.0,682.0,643.0,66.0,348.0,56.0,0.5211038961038961,0.2794117647058823,0.7065217391304348,94.74942528735632,0.3369565217391304,15.051162790697674,15.345256609642302,326.0,0.5128205128205128,0.6948640483383686,0.6290322580645161,False,0.2277227722772277,1629643
