index,year,ortg,drtg,AtRimFGM,AtRimFGA,AtRimAssists,Turnovers,FTA,OffPoss,DefPoss,TwoPtAssists,Steals,BadPassSteals,ThreePtAssists,FG3A,OpponentPoints,Points,SecondChancePoints,FG2A,LiveBallTurnovers,TsPct,Fg3Pct,AtRimFG3AFrequency,Pace,AtRimFrequency,SecondsPerPossOff,SecondsPerPossDef,Minutes,DefAtRimReboundPct,DefFGReboundPct,AtRimAccuracy,player_on,OffFGReboundPct,nba_id
0,2019,96.29629629629628,61.53846153846154,4.0,6.0,3.0,4.0,12.0,27.0,26.0,3.0,,,2.0,6.0,16.0,26.0,,11.0,3.0,0.5909090909090909,0.3333333333333333,0.7058823529411765,106.29526462395545,0.3529411764705882,12.037037037037036,15.115384615384617,12.0,0.75,0.7894736842105263,0.6666666666666666,True,0.2222222222222222,1629014
1,2019,112.7495170637476,111.83279742765274,288.0,470.0,153.0,203.0,409.0,1553.0,1555.0,250.0,117.0,73.0,129.0,478.0,1739.0,1751.0,259.0,938.0,107.0,0.5465916197623515,0.3389121338912134,0.6694915254237288,95.5042465110324,0.3319209039548023,14.28847392144237,15.866237942122186,781.0,0.5969387755102041,0.704225352112676,0.6127659574468085,False,0.2980392156862745,1629014
2,2020,115.2542372881356,119.42857142857144,36.0,51.0,17.0,32.0,52.0,177.0,175.0,19.0,14.0,6.0,18.0,65.0,209.0,204.0,24.0,79.0,16.0,0.6121212121212121,0.3538461538461538,0.8055555555555556,102.98252742787486,0.3541666666666667,14.72316384180791,13.234285714285717,82.0,0.55,0.6744186046511628,0.7058823529411765,True,0.2876712328767123,1629014
3,2020,116.46341463414636,98.1818181818182,75.0,116.0,43.0,43.0,88.0,328.0,330.0,63.0,30.0,14.0,30.0,110.0,324.0,382.0,44.0,188.0,21.0,0.5684523809523809,0.3363636363636363,0.7583892617449665,99.97045790251109,0.3892617449664429,14.109756097560975,14.696969696969695,158.0,0.71875,0.7592592592592593,0.646551724137931,False,0.2960526315789473,1629014
4,2021,136.58536585365854,113.46153846153848,41.0,58.0,18.0,16.0,70.0,205.0,208.0,30.0,14.0,10.0,24.0,77.0,236.0,280.0,40.0,116.0,7.0,0.6283783783783784,0.3766233766233766,0.6994818652849741,92.3621680385153,0.3005181347150259,14.84878048780488,16.322115384615383,107.0,0.5263157894736842,0.7523809523809524,0.7068965517241379,True,0.3333333333333333,1629014
5,2021,117.72486772486772,128.6096256684492,69.0,110.0,34.0,51.0,76.0,378.0,374.0,49.0,23.0,13.0,53.0,147.0,481.0,445.0,67.0,207.0,24.0,0.577922077922078,0.4217687074829932,0.7259887005649718,94.64906913731318,0.3107344632768362,16.1984126984127,14.219251336898395,191.0,0.5555555555555556,0.718562874251497,0.6272727272727273,False,0.2896174863387978,1629014
