index,year,ortg,drtg,AtRimFGM,AtRimFGA,AtRimAssists,Turnovers,FTA,OffPoss,DefPoss,TwoPtAssists,Steals,BadPassSteals,ThreePtAssists,FG3A,OpponentPoints,Points,SecondChancePoints,FG2A,LiveBallTurnovers,TsPct,Fg3Pct,AtRimFG3AFrequency,Pace,AtRimFrequency,SecondsPerPossOff,SecondsPerPossDef,Minutes,DefAtRimReboundPct,DefFGReboundPct,AtRimAccuracy,player_on,OffFGReboundPct,nba_id
0,2023,114.59434612732706,120.63893357848772,768.0,1198.0,481.0,628.0,947.0,4351.0,4351.0,687.0,310.0,213.0,502.0,1626.0,5249.0,4986.0,575.0,2239.0,346.0,0.5832941729323309,0.3714637146371464,0.7306597671410091,100.72244996382928,0.3099611901681759,13.88830153987589,14.70512525856125,2074.0,0.5949895615866388,0.6862845445240532,0.6410684474123539,True,0.2585,1629614
1,2023,116.10515569167944,115.72919317892594,752.0,1174.0,432.0,596.0,997.0,3918.0,3929.0,606.0,321.0,219.0,418.0,1404.0,4547.0,4549.0,550.0,2076.0,304.0,0.5801741803278688,0.3618233618233618,0.7408045977011494,100.30785619174434,0.3373563218390805,14.07069933639612,14.64011198778315,1878.0,0.597051597051597,0.693012600229095,0.6405451448040886,False,0.2955801104972376,1629614
2,2024,118.48381601362864,116.37393767705385,673.0,992.0,417.0,457.0,662.0,3522.0,3530.0,659.0,274.0,175.0,405.0,1233.0,4108.0,4173.0,482.0,1986.0,238.0,0.5959827833572453,0.3706407137064071,0.6912084498291395,99.75422155423924,0.308170239204722,13.889267461669506,14.980453257790368,1697.0,0.6031331592689295,0.6993710691823899,0.6784274193548387,True,0.2625944584382871,1629614
3,2024,123.94572025052192,120.56172710123664,998.0,1443.0,615.0,602.0,1023.0,4790.0,4771.0,938.0,357.0,248.0,520.0,1658.0,5752.0,5937.0,745.0,2722.0,305.0,0.6152246256239601,0.3769601930036188,0.7079908675799087,102.24073785283043,0.3294520547945205,13.781002087682673,14.389016977572837,2244.0,0.6328293736501079,0.7053045186640472,0.6916146916146916,False,0.287776708373436,1629614
