index,year,ortg,drtg,AtRimFGM,AtRimFGA,AtRimAssists,Turnovers,FTA,OffPoss,DefPoss,TwoPtAssists,Steals,BadPassSteals,ThreePtAssists,FG3A,OpponentPoints,Points,SecondChancePoints,FG2A,LiveBallTurnovers,TsPct,Fg3Pct,AtRimFG3AFrequency,Pace,AtRimFrequency,SecondsPerPossOff,SecondsPerPossDef,Minutes,DefAtRimReboundPct,DefFGReboundPct,AtRimAccuracy,player_on,OffFGReboundPct,nba_id
0,2020,133.33333333333334,80.95238095238095,8.0,14.0,4.0,8.0,3.0,42.0,42.0,10.0,4.0,4.0,2.0,14.0,34.0,56.0,16.0,29.0,4.0,0.6363636363636364,0.4285714285714285,0.6511627906976745,97.2347266881029,0.3255813953488372,11.761904761904765,17.857142857142858,21.0,,0.7894736842105263,0.5714285714285714,True,0.5555555555555556,1629121
1,2020,103.02375809935204,119.22246220302377,68.0,115.0,27.0,71.0,122.0,463.0,463.0,40.0,33.0,20.0,37.0,139.0,552.0,477.0,58.0,259.0,40.0,0.5277161862527716,0.3741007194244604,0.6381909547738693,101.35603526907876,0.2889447236180904,14.41036717062635,14.004319654427643,219.0,0.6,0.6990291262135923,0.591304347826087,False,0.2478260869565217,1629121
