index,year,ortg,drtg,AtRimFGM,AtRimFGA,AtRimAssists,Turnovers,FTA,OffPoss,DefPoss,TwoPtAssists,Steals,BadPassSteals,ThreePtAssists,FG3A,OpponentPoints,Points,SecondChancePoints,FG2A,LiveBallTurnovers,TsPct,Fg3Pct,AtRimFG3AFrequency,Pace,AtRimFrequency,SecondsPerPossOff,SecondsPerPossDef,Minutes,DefAtRimReboundPct,DefFGReboundPct,AtRimAccuracy,player_on,OffFGReboundPct,nba_id
0,2020,144.1860465116279,102.27272727272728,9.0,10.0,4.0,6.0,10.0,43.0,44.0,6.0,3.0,2.0,7.0,18.0,45.0,62.0,8.0,21.0,,0.7209302325581395,0.5555555555555556,0.717948717948718,104.836820083682,0.2564102564102564,13.674418604651162,13.795454545454543,20.0,0.6666666666666666,0.6842105263157895,0.9,True,0.2941176470588235,1629743
1,2020,121.7032967032967,104.13223140495867,63.0,100.0,37.0,42.0,84.0,364.0,363.0,60.0,25.0,18.0,49.0,146.0,378.0,443.0,42.0,179.0,20.0,0.6125,0.4178082191780822,0.7569230769230769,101.39273607748184,0.3076923076923077,14.516483516483516,13.887052341597796,172.0,0.48,0.7616580310880829,0.63,False,0.2256097560975609,1629743
