index,year,ortg,drtg,AtRimFGM,AtRimFGA,AtRimAssists,Turnovers,FTA,OffPoss,DefPoss,TwoPtAssists,Steals,BadPassSteals,ThreePtAssists,FG3A,OpponentPoints,Points,SecondChancePoints,FG2A,LiveBallTurnovers,TsPct,Fg3Pct,AtRimFG3AFrequency,Pace,AtRimFrequency,SecondsPerPossOff,SecondsPerPossDef,Minutes,DefAtRimReboundPct,DefFGReboundPct,AtRimAccuracy,player_on,OffFGReboundPct,nba_id
0,2022,43.75,113.33333333333331,,2.0,,3.0,2.0,16.0,15.0,1.0,,,1.0,7.0,17.0,7.0,4.0,7.0,2.0,0.2333333333333333,0.1428571428571428,0.6428571428571429,112.44332493702773,0.1428571428571428,13.75,11.8,7.0,0.5,0.6363636363636364,,True,0.1,1629873
1,2022,106.8017905993534,114.5343777197563,1387.0,2271.0,740.0,1160.0,1804.0,8042.0,8043.0,1097.0,630.0,381.0,825.0,2831.0,9212.0,8589.0,1112.0,4422.0,604.0,0.533104309806371,0.3263864358883787,0.7034330621811664,97.74690563505696,0.3131118158003584,14.84120865456354,14.62265323884123,3949.0,0.5885350318471337,0.7151162790697675,0.61074416556583,False,0.2697074863658899,1629873
