index,year,ortg,drtg,AtRimFGM,AtRimFGA,AtRimAssists,Turnovers,FTA,OffPoss,DefPoss,TwoPtAssists,Steals,BadPassSteals,ThreePtAssists,FG3A,OpponentPoints,Points,SecondChancePoints,FG2A,LiveBallTurnovers,TsPct,Fg3Pct,AtRimFG3AFrequency,Pace,AtRimFrequency,SecondsPerPossOff,SecondsPerPossDef,Minutes,DefAtRimReboundPct,DefFGReboundPct,AtRimAccuracy,player_on,OffFGReboundPct,nba_id
0,2023,104.66101694915254,109.87124463519314,83.0,129.0,52.0,66.0,104.0,472.0,466.0,76.0,33.0,24.0,45.0,188.0,512.0,494.0,69.0,239.0,35.0,0.5189873417721519,0.2765957446808511,0.7423887587822015,93.11457328002206,0.3021077283372365,15.915254237288137,15.008583690987123,242.0,0.6190476190476191,0.6757990867579908,0.6434108527131783,True,0.2768595041322314,1629656
1,2023,111.46025878003697,109.47955390334572,86.0,135.0,51.0,75.0,132.0,541.0,538.0,79.0,39.0,20.0,57.0,194.0,589.0,603.0,65.0,286.0,42.0,0.5594795539033457,0.3505154639175257,0.6854166666666667,90.4716431815535,0.28125,15.68761552680222,16.146840148698885,286.0,0.5166666666666667,0.6386861313868614,0.6370370370370371,False,0.2913385826771653,1629656
