index,year,ortg,drtg,AtRimFGM,AtRimFGA,AtRimAssists,Turnovers,FTA,OffPoss,DefPoss,TwoPtAssists,Steals,BadPassSteals,ThreePtAssists,FG3A,OpponentPoints,Points,SecondChancePoints,FG2A,LiveBallTurnovers,TsPct,Fg3Pct,AtRimFG3AFrequency,Pace,AtRimFrequency,SecondsPerPossOff,SecondsPerPossDef,Minutes,DefAtRimReboundPct,DefFGReboundPct,AtRimAccuracy,player_on,OffFGReboundPct,nba_id
0,2020,95.41984732824427,103.125,18.0,28.0,10.0,18.0,45.0,131.0,128.0,14.0,17.0,12.0,7.0,30.0,132.0,125.0,15.0,74.0,8.0,0.496031746031746,0.3,0.5576923076923077,100.44707783463508,0.2692307692307692,13.221374045801529,15.4765625,62.0,0.6666666666666666,0.6724137931034483,0.6428571428571429,True,0.2542372881355932,1629724
1,2020,109.42913944902016,110.27096041991771,1192.0,1886.0,609.0,918.0,1611.0,7042.0,7049.0,1040.0,582.0,414.0,686.0,2324.0,7773.0,7706.0,910.0,4040.0,503.0,0.544616257625195,0.3433734939759036,0.6615336266499057,97.96424415938048,0.2963544940289126,14.975575120704343,14.423180592991914,3452.0,0.6753048780487805,0.7580398162327718,0.6320254506892895,False,0.2570514684501308,1629724
