index,year,ortg,drtg,AtRimFGM,AtRimFGA,AtRimAssists,Turnovers,FTA,OffPoss,DefPoss,TwoPtAssists,Steals,BadPassSteals,ThreePtAssists,FG3A,OpponentPoints,Points,SecondChancePoints,FG2A,LiveBallTurnovers,TsPct,Fg3Pct,AtRimFG3AFrequency,Pace,AtRimFrequency,SecondsPerPossOff,SecondsPerPossDef,Minutes,DefAtRimReboundPct,DefFGReboundPct,AtRimAccuracy,player_on,OffFGReboundPct,nba_id
0,2020,91.30434782608695,121.7391304347826,3.0,6.0,1.0,5.0,4.0,23.0,23.0,1.0,1.0,1.0,3.0,9.0,28.0,21.0,5.0,10.0,1.0,0.5,0.3333333333333333,0.7894736842105263,99.3103448275862,0.3157894736842105,17.130434782608695,11.869565217391305,11.0,0.2,0.5,0.5,True,0.1818181818181818,1629730
1,2020,123.08917197452227,117.59112519809824,109.0,169.0,59.0,79.0,159.0,628.0,631.0,74.0,42.0,31.0,72.0,252.0,742.0,773.0,76.0,302.0,33.0,0.6193910256410257,0.4246031746031746,0.759927797833935,91.59601879452332,0.3050541516245487,15.909235668789808,15.53407290015848,330.0,0.6833333333333333,0.7342192691029901,0.6449704142011834,False,0.25,1629730
2,2021,33.333333333333336,100.0,,1.0,,1.0,2.0,3.0,3.0,,,,,,3.0,1.0,,1.0,,0.25,,1.0,86.39999999999999,1.0,19.0,14.333333333333334,2.0,,,,True,,1629730
3,2021,116.5551839464883,109.1366303436714,201.0,291.0,113.0,153.0,350.0,1196.0,1193.0,181.0,96.0,60.0,118.0,341.0,1302.0,1394.0,140.0,687.0,72.0,0.5864978902953587,0.3929618768328445,0.6147859922178989,99.83052814857804,0.2830739299610895,14.766722408026755,14.081307627829002,574.0,0.6744186046511628,0.7367491166077739,0.6907216494845361,False,0.2637795275590551,1629730
4,2022,62.7906976744186,83.33333333333333,7.0,10.0,4.0,4.0,7.0,43.0,42.0,6.0,3.0,3.0,1.0,13.0,35.0,27.0,6.0,24.0,1.0,0.3375,0.0769230769230769,0.6216216216216216,108.41452612931798,0.2702702702702703,13.767441860465116,12.785714285714286,19.0,1.0,0.8333333333333334,0.7,True,0.2083333333333333,1629730
5,2022,106.53710247349824,104.24028268551235,199.0,290.0,91.0,161.0,242.0,1132.0,1132.0,137.0,73.0,41.0,106.0,375.0,1180.0,1206.0,146.0,644.0,79.0,0.5369875222816399,0.336,0.6526005888125613,97.51906912745656,0.2845927379784102,13.796819787985866,15.735865724381624,557.0,0.6219512195121951,0.8121739130434783,0.6862068965517242,False,0.2377495462794918,1629730
