index,year,ortg,drtg,AtRimFGM,AtRimFGA,AtRimAssists,Turnovers,FTA,OffPoss,DefPoss,TwoPtAssists,Steals,BadPassSteals,ThreePtAssists,FG3A,OpponentPoints,Points,SecondChancePoints,FG2A,LiveBallTurnovers,TsPct,Fg3Pct,AtRimFG3AFrequency,Pace,AtRimFrequency,SecondsPerPossOff,SecondsPerPossDef,Minutes,DefAtRimReboundPct,DefFGReboundPct,AtRimAccuracy,player_on,OffFGReboundPct,nba_id
0,2021,63.1578947368421,73.6842105263158,1.0,4.0,1.0,5.0,4.0,19.0,19.0,1.0,1.0,1.0,1.0,4.0,14.0,12.0,2.0,10.0,,0.375,0.25,0.5714285714285714,96.0,0.2857142857142857,14.894736842105264,15.105263157894736,10.0,1.0,0.6363636363636364,0.25,True,0.3,1629067
1,2021,124.3353783231084,109.61145194274027,87.0,118.0,47.0,54.0,145.0,489.0,489.0,80.0,42.0,23.0,51.0,147.0,536.0,608.0,59.0,287.0,24.0,0.608433734939759,0.3809523809523809,0.6105990783410138,101.83080260303689,0.271889400921659,14.789366053169736,13.492842535787322,230.0,0.6216216216216216,0.7117117117117117,0.7372881355932204,False,0.2878048780487804,1629067
2,2022,71.42857142857143,71.42857142857143,1.0,1.0,1.0,2.0,2.0,7.0,7.0,1.0,1.0,,,1.0,5.0,5.0,,3.0,,0.5,,0.5,121.44578313253012,0.25,14.714285714285714,9.0,3.0,,0.6666666666666666,1.0,True,,1629067
3,2022,121.6117216117216,111.63636363636364,91.0,127.0,54.0,85.0,150.0,546.0,550.0,76.0,30.0,14.0,67.0,200.0,614.0,664.0,73.0,265.0,40.0,0.6245283018867924,0.41,0.7032258064516129,90.63052716205353,0.2731182795698925,16.278388278388277,15.501818181818182,290.0,0.6666666666666666,0.7481481481481481,0.7165354330708661,False,0.2727272727272727,1629067
