index,year,ortg,drtg,AtRimFGM,AtRimFGA,AtRimAssists,Turnovers,FTA,OffPoss,DefPoss,TwoPtAssists,Steals,BadPassSteals,ThreePtAssists,FG3A,OpponentPoints,Points,SecondChancePoints,FG2A,LiveBallTurnovers,TsPct,Fg3Pct,AtRimFG3AFrequency,Pace,AtRimFrequency,SecondsPerPossOff,SecondsPerPossDef,Minutes,DefAtRimReboundPct,DefFGReboundPct,AtRimAccuracy,player_on,OffFGReboundPct,nba_id
0,2020,118.61702127659576,97.81420765027322,27.0,47.0,14.0,24.0,39.0,188.0,183.0,30.0,12.0,9.0,27.0,78.0,179.0,223.0,26.0,88.0,11.0,0.6032608695652174,0.4230769230769231,0.7530120481927711,106.31641791044775,0.2831325301204819,12.840425531914894,14.26775956284153,84.0,0.5882352941176471,0.7956989247311828,0.574468085106383,True,0.2235294117647059,1629056
1,2020,108.04851157662624,107.81938325991187,143.0,246.0,71.0,120.0,195.0,907.0,908.0,110.0,66.0,38.0,106.0,365.0,979.0,980.0,92.0,442.0,57.0,0.5501126126126126,0.3506849315068493,0.7571251548946716,95.89433131535498,0.3048327137546468,14.95369349503859,15.079295154185022,454.0,0.671875,0.76905311778291,0.5813008130081301,False,0.2076749435665914,1629056
2,2023,125.0,126.82926829268293,15.0,19.0,7.0,19.0,32.0,120.0,123.0,10.0,6.0,2.0,19.0,58.0,156.0,150.0,19.0,49.0,14.0,0.6147540983606558,0.396551724137931,0.719626168224299,101.16218560277537,0.1775700934579439,13.116666666666667,15.32520325203252,58.0,0.375,0.7090909090909091,0.7894736842105263,True,0.3518518518518518,1629056
3,2023,108.20770519262982,109.34891485809683,75.0,115.0,44.0,80.0,148.0,597.0,599.0,74.0,48.0,31.0,51.0,220.0,655.0,646.0,102.0,342.0,48.0,0.5103011093502378,0.2818181818181818,0.5960854092526691,103.12196874438656,0.2046263345195729,13.073701842546065,14.851419031719532,278.0,0.6285714285714286,0.7137931034482758,0.6521739130434783,False,0.345679012345679,1629056
