index,year,ortg,drtg,AtRimFGM,AtRimFGA,AtRimAssists,Turnovers,FTA,OffPoss,DefPoss,TwoPtAssists,Steals,BadPassSteals,ThreePtAssists,FG3A,OpponentPoints,Points,SecondChancePoints,FG2A,LiveBallTurnovers,TsPct,Fg3Pct,AtRimFG3AFrequency,Pace,AtRimFrequency,SecondsPerPossOff,SecondsPerPossDef,Minutes,DefAtRimReboundPct,DefFGReboundPct,AtRimAccuracy,player_on,OffFGReboundPct,nba_id
0,2019,61.53846153846154,96.29629629629628,3.0,7.0,1.0,,12.0,26.0,27.0,1.0,3.0,1.0,1.0,12.0,26.0,16.0,4.0,11.0,,0.2857142857142857,0.0833333333333333,0.8260869565217391,106.29526462395545,0.3043478260869565,15.115384615384617,12.037037037037036,12.0,0.5,0.7777777777777778,0.4285714285714285,True,0.2105263157894736,1629014
1,2019,111.83279742765274,112.7495170637476,259.0,457.0,121.0,206.0,385.0,1555.0,1553.0,191.0,107.0,63.0,123.0,513.0,1751.0,1739.0,241.0,911.0,117.0,0.5428660826032541,0.3664717348927875,0.6811797752808989,95.5042465110324,0.3209269662921348,15.866237942122186,14.28847392144237,781.0,0.6022099447513812,0.7019607843137254,0.5667396061269147,False,0.2957746478873239,1629014
2,2020,119.42857142857144,115.2542372881356,25.0,45.0,11.0,24.0,44.0,175.0,177.0,20.0,16.0,12.0,16.0,57.0,204.0,209.0,44.0,104.0,14.0,0.5777777777777777,0.4561403508771929,0.6335403726708074,102.98252742787486,0.2795031055900621,13.234285714285717,14.72316384180791,82.0,0.4666666666666667,0.7123287671232876,0.5555555555555556,True,0.3255813953488372,1629014
3,2020,98.1818181818182,116.46341463414636,51.0,84.0,20.0,55.0,81.0,330.0,328.0,30.0,21.0,12.0,23.0,96.0,382.0,324.0,30.0,184.0,30.0,0.5142857142857142,0.3333333333333333,0.6428571428571429,99.97045790251109,0.3,14.696969696969695,14.109756097560975,158.0,0.6341463414634146,0.7039473684210527,0.6071428571428571,False,0.2407407407407407,1629014
4,2021,113.46153846153848,136.58536585365854,22.0,41.0,9.0,27.0,44.0,208.0,205.0,20.0,7.0,4.0,29.0,91.0,280.0,236.0,20.0,99.0,14.0,0.5649038461538461,0.3846153846153846,0.6947368421052632,92.3621680385153,0.2157894736842105,16.322115384615383,14.84878048780488,107.0,0.2941176470588235,0.6666666666666666,0.5365853658536586,True,0.2476190476190476,1629014
5,2021,128.6096256684492,117.72486772486772,75.0,102.0,42.0,44.0,92.0,374.0,378.0,55.0,24.0,10.0,33.0,144.0,445.0,481.0,35.0,196.0,23.0,0.6309523809523809,0.4305555555555556,0.7235294117647059,94.64906913731318,0.3,14.219251336898395,16.1984126984127,191.0,0.575,0.7103825136612022,0.7352941176470589,False,0.281437125748503,1629014
