index,year,ortg,drtg,AtRimFGM,AtRimFGA,AtRimAssists,Turnovers,FTA,OffPoss,DefPoss,TwoPtAssists,Steals,BadPassSteals,ThreePtAssists,FG3A,OpponentPoints,Points,SecondChancePoints,FG2A,LiveBallTurnovers,TsPct,Fg3Pct,AtRimFG3AFrequency,Pace,AtRimFrequency,SecondsPerPossOff,SecondsPerPossDef,Minutes,DefAtRimReboundPct,DefFGReboundPct,AtRimAccuracy,player_on,OffFGReboundPct,nba_id
0,2022,90.9090909090909,106.15384615384616,8.0,12.0,5.0,12.0,9.0,66.0,65.0,6.0,5.0,3.0,5.0,29.0,69.0,60.0,9.0,29.0,6.0,0.4838709677419355,0.2758620689655172,0.7068965517241379,101.20171673819742,0.2068965517241379,16.181818181818183,12.246153846153844,31.0,1.0,0.8846153846153846,0.6666666666666666,True,0.2285714285714285,1629312
1,2022,108.37468982630271,112.0272783632982,235.0,361.0,130.0,266.0,422.0,1612.0,1613.0,203.0,107.0,64.0,156.0,583.0,1807.0,1747.0,194.0,759.0,144.0,0.5721784776902887,0.3413379073756432,0.7034277198211625,92.92460380982872,0.2690014903129657,15.370347394540945,15.622442653440794,833.0,0.584,0.707808564231738,0.6509695290858726,False,0.2413314840499306,1629312
2,2023,115.72327044025155,113.18327974276528,40.0,60.0,19.0,41.0,94.0,318.0,311.0,39.0,30.0,13.0,38.0,122.0,352.0,368.0,41.0,145.0,20.0,0.5938511326860841,0.3360655737704918,0.6816479400749064,93.74456634237218,0.2247191011235955,15.355345911949684,15.366559485530546,161.0,0.5714285714285714,0.7291666666666666,0.6666666666666666,True,0.2605633802816901,1629312
3,2023,112.97998918334234,114.93018259935552,297.0,443.0,172.0,269.0,448.0,1849.0,1862.0,271.0,103.0,69.0,184.0,691.0,2140.0,2089.0,256.0,960.0,141.0,0.564769647696477,0.3241678726483357,0.6868564506359782,93.95267062836244,0.2683222289521502,14.681990265008112,15.967239527389903,948.0,0.6114649681528662,0.7436743674367436,0.6704288939051919,False,0.2868757259001161,1629312
4,2024,121.51898734177216,97.008547008547,37.0,45.0,17.0,30.0,56.0,237.0,234.0,24.0,13.0,11.0,35.0,100.0,227.0,288.0,32.0,107.0,14.0,0.6158798283261803,0.41,0.7004830917874396,90.0238916910008,0.217391304347826,15.864978902953586,16.128205128205128,126.0,1.0,0.8584070796460177,0.8222222222222222,True,0.2254901960784313,1629312
5,2024,116.20370370370372,106.84931506849315,32.0,43.0,19.0,26.0,47.0,216.0,219.0,28.0,16.0,7.0,27.0,95.0,234.0,251.0,27.0,105.0,9.0,0.5656108597285068,0.3578947368421052,0.69,91.2321584619866,0.215,16.314814814814813,15.26027397260274,114.0,0.5,0.8363636363636363,0.7441860465116279,False,0.2596153846153846,1629312
