index,year,ortg,drtg,AtRimFGM,AtRimFGA,AtRimAssists,Turnovers,FTA,OffPoss,DefPoss,TwoPtAssists,Steals,BadPassSteals,ThreePtAssists,FG3A,OpponentPoints,Points,SecondChancePoints,FG2A,LiveBallTurnovers,TsPct,Fg3Pct,AtRimFG3AFrequency,Pace,AtRimFrequency,SecondsPerPossOff,SecondsPerPossDef,Minutes,DefAtRimReboundPct,DefFGReboundPct,AtRimAccuracy,player_on,OffFGReboundPct,nba_id
0,2019,114.22413793103448,121.21212121212122,45.0,67.0,27.0,26.0,47.0,232.0,231.0,41.0,9.0,8.0,22.0,70.0,280.0,265.0,30.0,142.0,15.0,0.5686695278969958,0.3857142857142857,0.6462264150943396,100.4550248606298,0.3160377358490566,14.55603448275862,14.112554112554111,111.0,0.6,0.7450980392156863,0.6716417910447762,True,0.2363636363636363,1629015
1,2019,109.9398699226899,112.73062730627306,1507.0,2456.0,831.0,1019.0,1964.0,8149.0,8130.0,1227.0,625.0,411.0,627.0,2394.0,9165.0,8959.0,979.0,4900.0,591.0,0.5477359185176095,0.3408521303258145,0.6649300795174116,101.4693335861219,0.3367151083081985,14.302122959872378,14.080578105781058,3850.0,0.6164736164736164,0.7226936764303312,0.613599348534202,False,0.2498710675605982,1629015
2,2020,118.30985915492958,105.71428571428572,16.0,21.0,12.0,10.0,18.0,71.0,70.0,15.0,6.0,4.0,6.0,18.0,74.0,84.0,7.0,36.0,6.0,0.6885245901639344,0.5,0.7222222222222222,104.7137699845281,0.3888888888888889,13.43661971830986,14.071428571428571,32.0,0.2,0.40625,0.7619047619047619,True,0.1304347826086956,1629015
3,2020,109.53114065780268,112.12206047032475,1305.0,2008.0,726.0,998.0,1768.0,7145.0,7144.0,1057.0,504.0,346.0,583.0,2130.0,8010.0,7826.0,842.0,4091.0,580.0,0.5577115852785336,0.352112676056338,0.6651663719659219,98.35593520107456,0.3227776884745217,14.24366689993002,15.037793952967526,3487.0,0.6319758672699849,0.7271627344222625,0.6499003984063745,False,0.2433008526187576,1629015
