index,year,ortg,drtg,AtRimFGM,AtRimFGA,AtRimAssists,Turnovers,FTA,OffPoss,DefPoss,TwoPtAssists,Steals,BadPassSteals,ThreePtAssists,FG3A,OpponentPoints,Points,SecondChancePoints,FG2A,LiveBallTurnovers,TsPct,Fg3Pct,AtRimFG3AFrequency,Pace,AtRimFrequency,SecondsPerPossOff,SecondsPerPossDef,Minutes,DefAtRimReboundPct,DefFGReboundPct,AtRimAccuracy,player_on,OffFGReboundPct,nba_id
0,2020,128.57142857142858,28.571428571428573,,1.0,,1.0,4.0,7.0,7.0,,,,1.0,1.0,2.0,9.0,,2.0,1.0,0.9,1.0,0.6666666666666666,80.96385542168674,0.3333333333333333,9.285714285714286,26.285714285714285,4.0,0.6666666666666666,0.5,,True,,1629076
1,2020,113.64653243847874,116.70403587443946,266.0,425.0,136.0,264.0,403.0,1788.0,1784.0,247.0,117.0,79.0,180.0,614.0,2082.0,2032.0,206.0,951.0,141.0,0.578,0.3778501628664495,0.6638977635782748,93.91247192857534,0.2715654952076677,15.527404921700224,15.139013452914796,913.0,0.6104651162790697,0.7381864623243933,0.6258823529411764,False,0.2688971499380421,1629076
