index,year,ortg,drtg,AtRimFGM,AtRimFGA,AtRimAssists,Turnovers,FTA,OffPoss,DefPoss,TwoPtAssists,Steals,BadPassSteals,ThreePtAssists,FG3A,OpponentPoints,Points,SecondChancePoints,FG2A,LiveBallTurnovers,TsPct,Fg3Pct,AtRimFG3AFrequency,Pace,AtRimFrequency,SecondsPerPossOff,SecondsPerPossDef,Minutes,DefAtRimReboundPct,DefFGReboundPct,AtRimAccuracy,player_on,OffFGReboundPct,nba_id
0,2020,87.09677419354838,93.75,4.0,7.0,,9.0,9.0,31.0,32.0,,2.0,2.0,2.0,9.0,30.0,27.0,2.0,16.0,8.0,0.4655172413793103,0.3333333333333333,0.64,113.11720698254364,0.28,13.35483870967742,12.125,13.0,1.0,0.8,0.5714285714285714,True,0.375,1629734
1,2020,113.37969401947149,110.378408458542,1205.0,1796.0,742.0,1077.0,1831.0,7190.0,7188.0,1061.0,545.0,335.0,829.0,2575.0,7934.0,8152.0,858.0,3560.0,537.0,0.5857966834895458,0.3790291262135922,0.7124694376528118,97.59817175956827,0.2927465362673186,14.857858136300417,14.650862548692263,3536.0,0.6266025641025641,0.7587924970691676,0.670935412026726,False,0.2402782168827062,1629734
