index,year,ortg,drtg,AtRimFGM,AtRimFGA,AtRimAssists,Turnovers,FTA,OffPoss,DefPoss,TwoPtAssists,Steals,BadPassSteals,ThreePtAssists,FG3A,OpponentPoints,Points,SecondChancePoints,FG2A,LiveBallTurnovers,TsPct,Fg3Pct,AtRimFG3AFrequency,Pace,AtRimFrequency,SecondsPerPossOff,SecondsPerPossDef,Minutes,DefAtRimReboundPct,DefFGReboundPct,AtRimAccuracy,player_on,OffFGReboundPct,nba_id
0,2021,119.75806451612904,111.71875,23.0,48.0,17.0,27.0,47.0,248.0,256.0,34.0,20.0,9.0,27.0,93.0,286.0,297.0,22.0,142.0,16.0,0.5846456692913385,0.4086021505376344,0.6,93.3933856646506,0.2042553191489361,16.10483870967742,14.75390625,130.0,0.52,0.6612903225806451,0.4791666666666667,True,0.2314049586776859,1629651
1,2021,116.09702315325248,109.89988876529478,128.0,198.0,73.0,112.0,196.0,907.0,899.0,122.0,65.0,32.0,88.0,334.0,988.0,1053.0,101.0,465.0,62.0,0.593010146561443,0.374251497005988,0.6658322903629537,96.00354387389714,0.2478097622027534,15.464167585446528,14.530589543937708,451.0,0.6329113924050633,0.7286652078774617,0.6464646464646465,False,0.2262773722627737,1629651
2,2022,117.36842105263158,117.76649746192894,29.0,40.0,18.0,21.0,56.0,190.0,197.0,31.0,17.0,11.0,13.0,48.0,232.0,223.0,27.0,111.0,11.0,0.6059782608695652,0.4166666666666667,0.5534591194968553,94.88847267154776,0.2515723270440251,14.68421052631579,15.6497461928934,98.0,0.5909090909090909,0.6276595744680851,0.725,True,0.2222222222222222,1629651
3,2022,115.7608695652174,124.71910112359552,18.0,29.0,10.0,40.0,47.0,184.0,178.0,22.0,15.0,7.0,23.0,61.0,222.0,213.0,31.0,92.0,24.0,0.6085714285714285,0.4262295081967213,0.5882352941176471,92.3109615725164,0.1895424836601307,15.75,15.4438202247191,94.0,0.5454545454545454,0.6986301369863014,0.6206896551724138,False,0.3670886075949367,1629651
4,2023,106.6350710900474,114.15525114155253,30.0,46.0,22.0,30.0,39.0,211.0,219.0,37.0,8.0,3.0,19.0,70.0,250.0,225.0,18.0,115.0,19.0,0.5597014925373134,0.3285714285714285,0.6270270270270271,88.4950693154209,0.2486486486486486,14.582938388625593,17.899543378995435,117.0,0.5833333333333334,0.656,0.6521739130434783,True,0.15625,1629651
5,2023,100.69444444444444,120.43795620437956,16.0,27.0,7.0,19.0,34.0,144.0,137.0,15.0,13.0,6.0,18.0,68.0,165.0,145.0,4.0,56.0,15.0,0.5253623188405797,0.3235294117647059,0.7661290322580645,89.46274596506743,0.2177419354838709,15.770833333333334,16.437956204379564,75.0,0.5454545454545454,0.6101694915254238,0.5925925925925926,False,0.1866666666666666,1629651
