index,year,ortg,drtg,AtRimFGM,AtRimFGA,AtRimAssists,Turnovers,FTA,OffPoss,DefPoss,TwoPtAssists,Steals,BadPassSteals,ThreePtAssists,FG3A,OpponentPoints,Points,SecondChancePoints,FG2A,LiveBallTurnovers,TsPct,Fg3Pct,AtRimFG3AFrequency,Pace,AtRimFrequency,SecondsPerPossOff,SecondsPerPossDef,Minutes,DefAtRimReboundPct,DefFGReboundPct,AtRimAccuracy,player_on,OffFGReboundPct,nba_id
0,2021,,66.66666666666667,,1.0,,2.0,,6.0,6.0,,,,,,4.0,,,4.0,1.0,,,0.25,102.85714285714286,0.25,16.333333333333332,11.666666666666666,3.0,1.0,0.8,,True,0.25,1629723
1,2021,125.40650406504064,116.76891615541922,78.0,111.0,41.0,66.0,131.0,492.0,489.0,57.0,26.0,17.0,58.0,207.0,571.0,617.0,71.0,221.0,39.0,0.6382536382536382,0.4057971014492754,0.7429906542056075,99.25801011804386,0.2593457943925233,14.804878048780488,14.208588957055214,237.0,0.631578947368421,0.7261410788381742,0.7027027027027027,False,0.2606635071090047,1629723
2,2022,116.23931623931624,86.60714285714286,25.0,32.0,9.0,17.0,18.0,117.0,112.0,15.0,10.0,6.0,14.0,44.0,97.0,136.0,26.0,64.0,11.0,0.5862068965517241,0.3409090909090909,0.7037037037037037,98.93789378937896,0.2962962962962963,14.11111111111111,15.017857142857142,56.0,0.7142857142857143,0.7457627118644068,0.78125,True,0.3076923076923077,1629723
3,2022,107.33695652173913,113.29113924050633,159.0,258.0,96.0,198.0,255.0,1104.0,1106.0,152.0,72.0,47.0,119.0,407.0,1253.0,1185.0,135.0,524.0,99.0,0.5684007707129094,0.366093366093366,0.7142857142857143,101.91180709001824,0.2771213748657358,14.165760869565217,14.094032549728752,520.0,0.6078431372549019,0.7068345323741008,0.6162790697674418,False,0.250501002004008,1629723
4,2023,101.92307692307692,84.6938775510204,20.0,29.0,15.0,21.0,23.0,104.0,98.0,19.0,7.0,2.0,8.0,28.0,83.0,106.0,10.0,54.0,8.0,0.5760869565217391,0.3214285714285714,0.6951219512195121,99.65056526207606,0.3536585365853658,13.884615384615383,15.051020408163266,49.0,0.5454545454545454,0.696969696969697,0.6896551724137931,True,0.2051282051282051,1629723
5,2023,112.72365805168988,107.70750988142292,88.0,133.0,50.0,68.0,107.0,503.0,506.0,73.0,35.0,21.0,48.0,182.0,545.0,567.0,94.0,280.0,32.0,0.5549019607843138,0.3076923076923077,0.6818181818181818,99.1037446286065,0.2878787878787879,14.24055666003976,14.818181818181818,244.0,0.7142857142857143,0.7380073800738007,0.6616541353383458,False,0.3029045643153527,1629723
