index,year,ortg,drtg,AtRimFGM,AtRimFGA,AtRimAssists,Turnovers,FTA,OffPoss,DefPoss,TwoPtAssists,Steals,BadPassSteals,ThreePtAssists,FG3A,OpponentPoints,Points,SecondChancePoints,FG2A,LiveBallTurnovers,TsPct,Fg3Pct,AtRimFG3AFrequency,Pace,AtRimFrequency,SecondsPerPossOff,SecondsPerPossDef,Minutes,DefAtRimReboundPct,DefFGReboundPct,AtRimAccuracy,player_on,OffFGReboundPct,nba_id
0,2021,100.0,94.11764705882354,3.0,5.0,,5.0,5.0,17.0,17.0,1.0,1.0,1.0,,6.0,16.0,17.0,4.0,9.0,5.0,0.5,0.1666666666666666,0.7333333333333333,102.0,0.3333333333333333,12.529411764705882,15.705882352941176,8.0,,0.7777777777777778,0.6,True,0.5,1629604
1,2021,123.89380530973452,125.26501766784452,94.0,138.0,51.0,66.0,131.0,565.0,566.0,74.0,30.0,13.0,62.0,229.0,709.0,700.0,51.0,286.0,32.0,0.6107205623901582,0.4192139737991266,0.7126213592233009,93.6,0.2679611650485436,15.04424778761062,15.724381625441696,290.0,0.5,0.6925925925925925,0.6811594202898551,False,0.2613636363636363,1629604
