index,year,ortg,drtg,AtRimFGM,AtRimFGA,AtRimAssists,Turnovers,FTA,OffPoss,DefPoss,TwoPtAssists,Steals,BadPassSteals,ThreePtAssists,FG3A,OpponentPoints,Points,SecondChancePoints,FG2A,LiveBallTurnovers,TsPct,Fg3Pct,AtRimFG3AFrequency,Pace,AtRimFrequency,SecondsPerPossOff,SecondsPerPossDef,Minutes,DefAtRimReboundPct,DefFGReboundPct,AtRimAccuracy,player_on,OffFGReboundPct,nba_id
0,2022,124.77064220183486,107.27272727272728,17.0,25.0,7.0,17.0,41.0,109.0,110.0,10.0,7.0,4.0,13.0,42.0,118.0,136.0,17.0,51.0,9.0,0.6238532110091743,0.4285714285714285,0.7204301075268817,100.97982708933718,0.2688172043010752,14.3302752293578,14.190909090909091,52.0,0.6666666666666666,0.673469387755102,0.68,True,0.3555555555555555,1629619
1,2022,111.31808838643371,114.31324681999229,1384.0,2087.0,788.0,1069.0,1732.0,7784.0,7783.0,1183.0,535.0,335.0,726.0,2650.0,8897.0,8665.0,1051.0,4354.0,624.0,0.5572849392921726,0.3445283018867924,0.6763278126784694,95.57758477340462,0.2979725870930896,14.729188078108942,15.403443402287037,3909.0,0.6363636363636364,0.7630915709885187,0.6631528509822712,False,0.2679632631010264,1629619
