index,year,ortg,drtg,AtRimFGM,AtRimFGA,AtRimAssists,Turnovers,FTA,OffPoss,DefPoss,TwoPtAssists,Steals,BadPassSteals,ThreePtAssists,FG3A,OpponentPoints,Points,SecondChancePoints,FG2A,LiveBallTurnovers,TsPct,Fg3Pct,AtRimFG3AFrequency,Pace,AtRimFrequency,SecondsPerPossOff,SecondsPerPossDef,Minutes,DefAtRimReboundPct,DefFGReboundPct,AtRimAccuracy,player_on,OffFGReboundPct,nba_id
0,2019,108.73362445414848,96.52173913043478,47.0,72.0,29.0,33.0,56.0,229.0,230.0,35.0,19.0,12.0,21.0,82.0,222.0,249.0,40.0,120.0,19.0,0.5508849557522124,0.3048780487804878,0.7623762376237624,99.3327321911632,0.3564356435643564,14.33187772925764,14.660869565217393,111.0,0.6538461538461539,0.7899159663865546,0.6527777777777778,True,0.3119266055045872,1629123
1,2019,113.5989010989011,112.41413762957411,1535.0,2426.0,871.0,1175.0,1771.0,8008.0,8007.0,1236.0,520.0,321.0,853.0,2670.0,9001.0,9097.0,1176.0,4514.0,664.0,0.5702151755379389,0.3805243445692884,0.7093541202672605,100.01301033020218,0.3376948775055679,14.241883116883116,14.554389908829776,3843.0,0.5983606557377049,0.7133609528741585,0.6327287716405606,False,0.2868196371398079,1629123
