index,year,ortg,drtg,AtRimFGM,AtRimFGA,AtRimAssists,Turnovers,FTA,OffPoss,DefPoss,TwoPtAssists,Steals,BadPassSteals,ThreePtAssists,FG3A,OpponentPoints,Points,SecondChancePoints,FG2A,LiveBallTurnovers,TsPct,Fg3Pct,AtRimFG3AFrequency,Pace,AtRimFrequency,SecondsPerPossOff,SecondsPerPossDef,Minutes,DefAtRimReboundPct,DefFGReboundPct,AtRimAccuracy,player_on,OffFGReboundPct,nba_id
0,2020,92.3076923076923,84.61538461538461,,1.0,,3.0,4.0,13.0,13.0,1.0,1.0,1.0,1.0,4.0,11.0,12.0,1.0,4.0,1.0,0.6,0.5,0.625,110.44247787610618,0.125,13.461538461538462,12.615384615384617,6.0,1.0,0.8333333333333334,,True,0.25,1629750
1,2020,113.1047152480098,107.5,262.0,397.0,139.0,233.0,408.0,1633.0,1640.0,222.0,113.0,69.0,161.0,615.0,1763.0,1847.0,186.0,821.0,109.0,0.5721841941505912,0.3398373983739837,0.7047353760445683,95.17416853456108,0.2764623955431755,15.088793631353337,15.171341463414636,825.0,0.6038961038961039,0.758282208588957,0.6599496221662469,False,0.2503259452411995,1629750
2,2022,98.70967741935485,96.12903225806453,21.0,36.0,9.0,23.0,17.0,155.0,155.0,20.0,13.0,7.0,13.0,51.0,149.0,153.0,17.0,94.0,15.0,0.5066225165562914,0.2549019607843137,0.6,103.86226151698465,0.2482758620689655,14.264516129032256,13.464516129032258,72.0,0.5555555555555556,0.7857142857142857,0.5833333333333334,True,0.2345679012345679,1629750
3,2022,94.16909620991254,116.27906976744184,35.0,57.0,20.0,42.0,55.0,343.0,344.0,45.0,26.0,19.0,37.0,133.0,400.0,323.0,20.0,173.0,17.0,0.4879154078549849,0.2932330827067669,0.6209150326797386,97.92912294595128,0.1862745098039215,15.877551020408164,13.534883720930232,168.0,0.7391304347826086,0.8157894736842105,0.6140350877192983,False,0.1521739130434782,1629750
