index,year,ortg,drtg,AtRimFGM,AtRimFGA,AtRimAssists,Turnovers,FTA,OffPoss,DefPoss,TwoPtAssists,Steals,BadPassSteals,ThreePtAssists,FG3A,OpponentPoints,Points,SecondChancePoints,FG2A,LiveBallTurnovers,TsPct,Fg3Pct,AtRimFG3AFrequency,Pace,AtRimFrequency,SecondsPerPossOff,SecondsPerPossDef,Minutes,DefAtRimReboundPct,DefFGReboundPct,AtRimAccuracy,player_on,OffFGReboundPct,nba_id
0,2019,114.11167512690356,103.7716615698267,413.0,647.0,231.0,314.0,513.0,1970.0,1962.0,333.0,169.0,121.0,172.0,548.0,2036.0,2248.0,324.0,1160.0,183.0,0.5803108808290155,0.3813868613138686,0.699648711943794,98.48294574991738,0.3788056206088993,14.561928934010153,14.681957186544343,958.0,0.645021645021645,0.7489177489177489,0.6383307573415765,True,0.3090277777777778,1629059
1,2019,116.06521050965496,107.24568897326373,1308.0,2060.0,745.0,970.0,1750.0,6318.0,6321.0,1042.0,568.0,386.0,579.0,1906.0,6779.0,7333.0,960.0,3616.0,552.0,0.5798533630857508,0.3688352570828961,0.7182180369431366,100.91745357560704,0.373053241579138,13.95489078822412,14.58313557981332,3006.0,0.6661442006269592,0.7628650904033379,0.6349514563106796,False,0.3110475509474437,1629059
2,2020,112.89222373806275,108.30496936691628,286.0,447.0,154.0,228.0,368.0,1466.0,1469.0,200.0,108.0,75.0,136.0,486.0,1591.0,1655.0,221.0,798.0,115.0,0.5724687933425797,0.3518518518518518,0.7266355140186916,98.01006908290644,0.3481308411214953,14.459140518417462,14.925119128658952,719.0,0.6645161290322581,0.7384393063583815,0.639821029082774,True,0.2946564885496183,1629059
3,2020,111.74287160452168,113.45633039945837,1115.0,1763.0,600.0,910.0,1419.0,5927.0,5908.0,859.0,468.0,340.0,528.0,1849.0,6703.0,6623.0,693.0,3245.0,444.0,0.5799507995079951,0.366143861546782,0.7090694935217904,101.43198942970396,0.3460934432665881,14.235532309768857,14.157752200406229,2800.0,0.653910149750416,0.748689138576779,0.6324446965399887,False,0.2435015290519877,1629059
