index,year,ortg,drtg,AtRimFGM,AtRimFGA,AtRimAssists,Turnovers,FTA,OffPoss,DefPoss,TwoPtAssists,Steals,BadPassSteals,ThreePtAssists,FG3A,OpponentPoints,Points,SecondChancePoints,FG2A,LiveBallTurnovers,TsPct,Fg3Pct,AtRimFG3AFrequency,Pace,AtRimFrequency,SecondsPerPossOff,SecondsPerPossDef,Minutes,DefAtRimReboundPct,DefFGReboundPct,AtRimAccuracy,player_on,OffFGReboundPct,nba_id
0,2021,114.77272727272728,115.60693641618496,29.0,49.0,14.0,18.0,27.0,176.0,173.0,25.0,15.0,7.0,14.0,59.0,200.0,202.0,37.0,110.0,6.0,0.5580110497237569,0.3050847457627119,0.6390532544378699,99.49712928133044,0.2899408284023668,14.835227272727272,14.104046242774569,84.0,0.3636363636363636,0.7142857142857143,0.5918367346938775,True,0.2790697674418604,1630206
1,2021,117.85398881365911,111.5140793159369,1033.0,1575.0,531.0,932.0,1360.0,6794.0,6783.0,874.0,494.0,330.0,843.0,2439.0,7564.0,8007.0,901.0,3634.0,504.0,0.598889555822329,0.4136941369413694,0.6609583401943027,96.63870613764094,0.259344640210769,15.01751545481307,14.784018870706175,3372.0,0.6365105008077544,0.7611893583724569,0.6558730158730158,False,0.2589459986987638,1630206
2,2022,107.01107011070113,100.73529411764706,45.0,75.0,24.0,40.0,78.0,271.0,272.0,39.0,27.0,21.0,20.0,75.0,274.0,290.0,16.0,146.0,27.0,0.5688976377952756,0.36,0.6787330316742082,107.36235067966496,0.3393665158371041,12.44649446494465,14.375,121.0,0.4516129032258064,0.6935483870967742,0.6,True,0.2288135593220339,1630206
3,2022,110.8533127094612,110.96225685946156,1132.0,1736.0,638.0,1084.0,1528.0,7758.0,7763.0,1087.0,581.0,402.0,823.0,2727.0,8614.0,8600.0,876.0,4222.0,604.0,0.5632728229413312,0.374037403740374,0.6422506835515902,97.14243492396024,0.2498201180025903,14.896107244135086,14.75112714156898,3835.0,0.6456310679611651,0.7150219015717598,0.652073732718894,False,0.2446316933949442,1630206
4,2023,101.58730158730158,131.14754098360655,13.0,16.0,7.0,14.0,14.0,63.0,61.0,8.0,6.0,4.0,6.0,21.0,80.0,64.0,9.0,29.0,6.0,0.5714285714285714,0.3809523809523809,0.74,98.81571665744328,0.32,15.412698412698411,13.704918032786884,30.0,0.75,0.75,0.8125,True,0.3076923076923077,1630206
5,2023,112.59774109470024,114.873574615766,1466.0,2190.0,759.0,1221.0,2036.0,8057.0,8068.0,1140.0,597.0,386.0,752.0,2531.0,9268.0,9072.0,1161.0,4494.0,628.0,0.571907412092082,0.345713156854998,0.6720284697508897,98.5631513042002,0.3117437722419929,14.47921062430185,14.740456122954884,3926.0,0.6357267950963222,0.7406896551724138,0.6694063926940639,False,0.2792792792792792,1630206
