index,year,ortg,drtg,AtRimFGM,AtRimFGA,AtRimAssists,Turnovers,FTA,OffPoss,DefPoss,TwoPtAssists,Steals,BadPassSteals,ThreePtAssists,FG3A,OpponentPoints,Points,SecondChancePoints,FG2A,LiveBallTurnovers,TsPct,Fg3Pct,AtRimFG3AFrequency,Pace,AtRimFrequency,SecondsPerPossOff,SecondsPerPossDef,Minutes,DefAtRimReboundPct,DefFGReboundPct,AtRimAccuracy,player_on,OffFGReboundPct,nba_id
0,2021,58.8235294117647,84.21052631578948,1.0,4.0,1.0,5.0,2.0,17.0,19.0,2.0,,,1.0,4.0,16.0,10.0,2.0,9.0,,0.3571428571428571,0.25,0.6153846153846154,91.59010600706712,0.3076923076923077,16.470588235294116,15.052631578947368,9.0,1.0,0.5833333333333334,0.25,True,0.3333333333333333,1630198
1,2021,117.17428087986464,109.51571792693288,200.0,288.0,112.0,149.0,350.0,1182.0,1177.0,179.0,96.0,60.0,117.0,337.0,1289.0,1385.0,138.0,679.0,72.0,0.5886615515771526,0.3946587537091988,0.6151574803149606,99.9282226275225,0.2834645669291338,14.75296108291032,14.06627017841971,567.0,0.6705882352941176,0.740072202166065,0.6944444444444444,False,0.262,1630198
2,2022,132.35294117647058,86.11111111111111,7.0,8.0,4.0,7.0,11.0,34.0,36.0,4.0,2.0,,2.0,9.0,31.0,45.0,11.0,17.0,4.0,0.7258064516129032,0.5555555555555556,0.6538461538461539,114.28571428571428,0.3076923076923077,11.411764705882351,13.72222222222222,15.0,,0.7647058823529411,0.875,True,0.6,1630198
3,2022,112.88515406162465,113.6067101584343,178.0,255.0,99.0,169.0,261.0,1071.0,1073.0,140.0,71.0,40.0,115.0,391.0,1219.0,1209.0,125.0,522.0,81.0,0.5888671875,0.3682864450127877,0.7075575027382256,90.86349991170758,0.2792990142387733,16.121381886087768,15.57502329916123,566.0,0.6438356164383562,0.7192982456140351,0.6980392156862745,False,0.2343096234309623,1630198
4,2024,110.43478260869566,110.51051051051051,49.0,72.0,23.0,38.0,56.0,345.0,333.0,37.0,29.0,17.0,41.0,134.0,368.0,381.0,26.0,183.0,25.0,0.5539358600583091,0.3432835820895522,0.6498422712933754,93.84985100451792,0.2271293375394321,15.455072463768117,15.228228228228229,173.0,0.5769230769230769,0.6903225806451613,0.6805555555555556,True,0.216867469879518,1630198
5,2024,113.04347826086956,103.13014827018122,94.0,156.0,54.0,74.0,129.0,598.0,607.0,87.0,49.0,30.0,66.0,206.0,626.0,676.0,77.0,335.0,44.0,0.5601001669449082,0.3640776699029126,0.6691312384473198,94.3197260422895,0.288354898336414,15.307692307692308,15.227347611202635,307.0,0.6216216216216216,0.6813880126182965,0.6025641025641025,False,0.2543554006968641,1630198
