index,year,ortg,drtg,AtRimFGM,AtRimFGA,AtRimAssists,Turnovers,FTA,OffPoss,DefPoss,TwoPtAssists,Steals,BadPassSteals,ThreePtAssists,FG3A,OpponentPoints,Points,SecondChancePoints,FG2A,LiveBallTurnovers,TsPct,Fg3Pct,AtRimFG3AFrequency,Pace,AtRimFrequency,SecondsPerPossOff,SecondsPerPossDef,Minutes,DefAtRimReboundPct,DefFGReboundPct,AtRimAccuracy,player_on,OffFGReboundPct,nba_id
0,2022,97.96610169491524,109.0909090909091,54.0,68.0,32.0,59.0,57.0,295.0,297.0,52.0,24.0,14.0,21.0,80.0,324.0,289.0,33.0,150.0,33.0,0.5627450980392157,0.3,0.6434782608695652,103.10595065312046,0.2956521739130435,13.928813559322034,14.003367003367003,138.0,0.8,0.8257575757575758,0.7941176470588235,True,0.1982758620689655,1630228
1,2022,118.81838074398247,110.95290251916758,195.0,280.0,119.0,261.0,378.0,1828.0,1826.0,300.0,146.0,96.0,221.0,741.0,2026.0,2172.0,292.0,924.0,128.0,0.5934065934065934,0.3832658569500675,0.6132132132132132,95.50860379002395,0.1681681681681681,14.602297592997813,15.552573932092004,918.0,0.6133333333333333,0.7239467849223947,0.6964285714285714,False,0.282172373081464,1630228
2,2023,99.1869918699187,120.83333333333331,16.0,25.0,9.0,20.0,23.0,123.0,120.0,19.0,7.0,5.0,17.0,53.0,145.0,122.0,24.0,56.0,9.0,0.5083333333333333,0.320754716981132,0.7155963302752294,95.29411764705884,0.2293577981651376,16.195121951219512,14.0,61.0,0.5,0.6212121212121212,0.64,True,0.3076923076923077,1630228
3,2023,113.27731092436974,111.60639192598822,168.0,246.0,116.0,167.0,233.0,1190.0,1189.0,202.0,87.0,40.0,128.0,500.0,1327.0,1348.0,175.0,608.0,88.0,0.555923777961889,0.342,0.6732851985559567,101.4498933901919,0.2220216606498194,14.57563025210084,13.812447434819177,563.0,0.5967741935483871,0.7132987910189983,0.6829268292682927,False,0.2934232715008432,1630228
