index,year,ortg,drtg,AtRimFGM,AtRimFGA,AtRimAssists,Turnovers,FTA,OffPoss,DefPoss,TwoPtAssists,Steals,BadPassSteals,ThreePtAssists,FG3A,OpponentPoints,Points,SecondChancePoints,FG2A,LiveBallTurnovers,TsPct,Fg3Pct,AtRimFG3AFrequency,Pace,AtRimFrequency,SecondsPerPossOff,SecondsPerPossDef,Minutes,DefAtRimReboundPct,DefFGReboundPct,AtRimAccuracy,player_on,OffFGReboundPct,nba_id
0,2021,112.42937853107344,109.6153846153846,62.0,98.0,31.0,48.0,74.0,354.0,364.0,45.0,39.0,26.0,38.0,127.0,399.0,398.0,48.0,193.0,24.0,0.5671428571428572,0.3622047244094488,0.703125,100.11813692263,0.30625,14.51129943502825,14.25824175824176,172.0,0.5833333333333334,0.7834394904458599,0.6326530612244898,True,0.2321428571428571,1630223
1,2021,112.7684787438898,113.35804299481096,1113.0,1778.0,572.0,903.0,1462.0,6751.0,6745.0,834.0,579.0,365.0,818.0,2704.0,7646.0,7613.0,852.0,3359.0,453.0,0.5662137951627352,0.367973372781065,0.7392380009896091,98.4844906832613,0.293254164604981,14.394015701377574,14.84936990363232,3289.0,0.6074074074074074,0.7216225057245665,0.6259842519685039,False,0.2434008594229588,1630223
