index,year,ortg,drtg,AtRimFGM,AtRimFGA,AtRimAssists,Turnovers,FTA,OffPoss,DefPoss,TwoPtAssists,Steals,BadPassSteals,ThreePtAssists,FG3A,OpponentPoints,Points,SecondChancePoints,FG2A,LiveBallTurnovers,TsPct,Fg3Pct,AtRimFG3AFrequency,Pace,AtRimFrequency,SecondsPerPossOff,SecondsPerPossDef,Minutes,DefAtRimReboundPct,DefFGReboundPct,AtRimAccuracy,player_on,OffFGReboundPct,nba_id
0,2021,185.7142857142857,37.5,2.0,2.0,1.0,1.0,,7.0,8.0,1.0,3.0,1.0,3.0,4.0,3.0,13.0,,2.0,1.0,1.0833333333333333,0.75,1.0,110.20408163265306,0.3333333333333333,11.714285714285714,14.25,3.0,,0.5,1.0,True,,1630266
1,2021,114.35890335087234,114.30155210643017,1237.0,1879.0,673.0,958.0,1516.0,7222.0,7216.0,996.0,552.0,352.0,866.0,2741.0,8248.0,8259.0,854.0,3684.0,544.0,0.5822373073115542,0.379423568040861,0.7190661478599222,99.4942669550736,0.2924513618677042,14.68637496538355,14.259839246119734,3483.0,0.5927601809954751,0.7000609013398295,0.6583288983501863,False,0.2329136690647482,1630266
