index,year,ortg,drtg,AtRimFGM,AtRimFGA,AtRimAssists,Turnovers,FTA,OffPoss,DefPoss,TwoPtAssists,Steals,BadPassSteals,ThreePtAssists,FG3A,OpponentPoints,Points,SecondChancePoints,FG2A,LiveBallTurnovers,TsPct,Fg3Pct,AtRimFG3AFrequency,Pace,AtRimFrequency,SecondsPerPossOff,SecondsPerPossDef,Minutes,DefAtRimReboundPct,DefFGReboundPct,AtRimAccuracy,player_on,OffFGReboundPct,nba_id
0,2023,,100.0,,,,1.0,,1.0,2.0,,,,,,2.0,,,,,,,,74.48275862068965,,14.0,22.0,1.0,,,,True,,1630554
1,2023,118.200408997955,124.3353783231084,76.0,120.0,35.0,69.0,132.0,489.0,489.0,60.0,33.0,19.0,48.0,169.0,608.0,578.0,92.0,274.0,43.0,0.576,0.3609467455621302,0.6523702031602708,98.19550969181424,0.2708803611738149,14.4519427402863,14.877300613496931,239.0,0.6190476190476191,0.693069306930693,0.6333333333333333,False,0.3205128205128205,1630554
