index,year,ortg,drtg,AtRimFGM,AtRimFGA,AtRimAssists,Turnovers,FTA,OffPoss,DefPoss,TwoPtAssists,Steals,BadPassSteals,ThreePtAssists,FG3A,OpponentPoints,Points,SecondChancePoints,FG2A,LiveBallTurnovers,TsPct,Fg3Pct,AtRimFG3AFrequency,Pace,AtRimFrequency,SecondsPerPossOff,SecondsPerPossDef,Minutes,DefAtRimReboundPct,DefFGReboundPct,AtRimAccuracy,player_on,OffFGReboundPct,nba_id
0,2024,100.19342359767892,106.2015503875969,94.0,153.0,58.0,82.0,116.0,517.0,516.0,80.0,45.0,21.0,29.0,160.0,548.0,518.0,59.0,282.0,44.0,0.5222222222222223,0.275,0.7081447963800905,95.57440246723208,0.3461538461538461,15.029013539651835,15.104651162790695,259.0,0.5238095238095238,0.7052238805970149,0.6143790849673203,True,0.2355371900826446,1630532
1,2024,104.08163265306122,104.76190476190476,27.0,37.0,16.0,21.0,30.0,147.0,147.0,27.0,12.0,8.0,8.0,49.0,154.0,153.0,7.0,77.0,12.0,0.5543478260869565,0.3265306122448979,0.6825396825396826,92.11488250652742,0.2936507936507936,14.523809523809524,16.741496598639454,77.0,0.5,0.647887323943662,0.7297297297297297,False,0.2,1630532
