index,year,ortg,drtg,AtRimFGM,AtRimFGA,AtRimAssists,Turnovers,FTA,OffPoss,DefPoss,TwoPtAssists,Steals,BadPassSteals,ThreePtAssists,FG3A,OpponentPoints,Points,SecondChancePoints,FG2A,LiveBallTurnovers,TsPct,Fg3Pct,AtRimFG3AFrequency,Pace,AtRimFrequency,SecondsPerPossOff,SecondsPerPossDef,Minutes,DefAtRimReboundPct,DefFGReboundPct,AtRimAccuracy,player_on,OffFGReboundPct,nba_id
0,2021,102.64255910987482,115.74585635359117,111.0,186.0,63.0,108.0,194.0,719.0,724.0,95.0,44.0,34.0,61.0,232.0,838.0,738.0,94.0,378.0,62.0,0.5249643366619116,0.3318965517241379,0.6852459016393443,103.07142857142856,0.3049180327868852,13.97635605006954,13.965469613259668,336.0,0.7164179104477612,0.7867867867867868,0.5967741935483871,True,0.2507645259938837,1630221
1,2021,104.07322654462244,114.47790857667025,1134.0,1891.0,553.0,1054.0,1342.0,6555.0,6541.0,787.0,460.0,310.0,645.0,2297.0,7488.0,6822.0,756.0,3431.0,585.0,0.5394194162436549,0.3395733565520243,0.7311452513966481,100.25645933014354,0.3301326815642458,14.514569031273837,14.211435560311878,3135.0,0.5972696245733788,0.7427090084251459,0.5996827075621365,False,0.2447284345047923,1630221
