index,year,ortg,drtg,AtRimFGM,AtRimFGA,AtRimAssists,Turnovers,FTA,OffPoss,DefPoss,TwoPtAssists,Steals,BadPassSteals,ThreePtAssists,FG3A,OpponentPoints,Points,SecondChancePoints,FG2A,LiveBallTurnovers,TsPct,Fg3Pct,AtRimFG3AFrequency,Pace,AtRimFrequency,SecondsPerPossOff,SecondsPerPossDef,Minutes,DefAtRimReboundPct,DefFGReboundPct,AtRimAccuracy,player_on,OffFGReboundPct,nba_id
0,2022,131.57894736842104,73.6842105263158,4.0,5.0,3.0,4.0,6.0,19.0,19.0,3.0,2.0,,1.0,6.0,14.0,25.0,8.0,10.0,1.0,0.6578947368421053,0.5,0.6875,119.47598253275108,0.3125,12.789473684210526,11.31578947368421,8.0,,0.7272727272727273,0.8,True,0.7142857142857143,1630625
1,2022,120.59925093632958,112.453531598513,88.0,123.0,52.0,83.0,146.0,534.0,538.0,74.0,29.0,14.0,66.0,195.0,605.0,644.0,65.0,258.0,39.0,0.622093023255814,0.4051282051282051,0.7019867549668874,90.15769185842775,0.271523178807947,16.382022471910112,15.565055762081784,285.0,0.6666666666666666,0.7480916030534351,0.7154471544715447,False,0.2566371681415929,1630625
