index,year,ortg,drtg,AtRimFGM,AtRimFGA,AtRimAssists,Turnovers,FTA,OffPoss,DefPoss,TwoPtAssists,Steals,BadPassSteals,ThreePtAssists,FG3A,OpponentPoints,Points,SecondChancePoints,FG2A,LiveBallTurnovers,TsPct,Fg3Pct,AtRimFG3AFrequency,Pace,AtRimFrequency,SecondsPerPossOff,SecondsPerPossDef,Minutes,DefAtRimReboundPct,DefFGReboundPct,AtRimAccuracy,player_on,OffFGReboundPct,nba_id
0,2022,112.4031007751938,122.86821705426355,52.0,65.0,33.0,29.0,47.0,258.0,258.0,42.0,17.0,9.0,23.0,88.0,317.0,290.0,32.0,154.0,16.0,0.553639846743295,0.2727272727272727,0.6322314049586777,93.13612434194032,0.268595041322314,14.988372093023257,15.934108527131784,133.0,0.6363636363636364,0.7583333333333333,0.8,True,0.2377049180327868,1630567
1,2022,110.03344481605352,119.32203389830508,46.0,66.0,21.0,31.0,79.0,299.0,295.0,30.0,23.0,12.0,29.0,109.0,352.0,329.0,46.0,165.0,15.0,0.5292207792207793,0.3211009174311927,0.6386861313868614,89.08144136638201,0.2408759124087591,15.792642140468228,16.54237288135593,160.0,0.7142857142857143,0.6991150442477876,0.696969696969697,False,0.2649006622516556,1630567
