index,year,ortg,drtg,AtRimFGM,AtRimFGA,AtRimAssists,Turnovers,FTA,OffPoss,DefPoss,TwoPtAssists,Steals,BadPassSteals,ThreePtAssists,FG3A,OpponentPoints,Points,SecondChancePoints,FG2A,LiveBallTurnovers,TsPct,Fg3Pct,AtRimFG3AFrequency,Pace,AtRimFrequency,SecondsPerPossOff,SecondsPerPossDef,Minutes,DefAtRimReboundPct,DefFGReboundPct,AtRimAccuracy,player_on,OffFGReboundPct,nba_id
0,2022,100.0,111.76470588235294,2.0,3.0,1.0,3.0,6.0,15.0,17.0,3.0,4.0,4.0,,5.0,19.0,15.0,,7.0,1.0,0.5357142857142857,0.2,0.6666666666666666,117.25190839694656,0.25,14.333333333333334,10.470588235294118,7.0,,0.3333333333333333,0.6666666666666666,True,0.1428571428571428,1630575
1,2022,114.79635258358662,114.03274711946636,1639.0,2532.0,997.0,1085.0,1747.0,8225.0,8245.0,1319.0,703.0,457.0,980.0,3125.0,9402.0,9442.0,1108.0,4360.0,616.0,0.5727670966171818,0.36544,0.7557782231128924,99.58054642330802,0.3382765531062124,14.18662613981763,14.7340206185567,3969.0,0.5920398009950248,0.7095854922279793,0.6473143759873617,False,0.2655729300179441,1630575
