index,year,ortg,drtg,AtRimFGM,AtRimFGA,AtRimAssists,Turnovers,FTA,OffPoss,DefPoss,TwoPtAssists,Steals,BadPassSteals,ThreePtAssists,FG3A,OpponentPoints,Points,SecondChancePoints,FG2A,LiveBallTurnovers,TsPct,Fg3Pct,AtRimFG3AFrequency,Pace,AtRimFrequency,SecondsPerPossOff,SecondsPerPossDef,Minutes,DefAtRimReboundPct,DefFGReboundPct,AtRimAccuracy,player_on,OffFGReboundPct,nba_id
0,2021,78.94736842105263,83.33333333333333,8.0,12.0,3.0,8.0,8.0,38.0,36.0,3.0,4.0,1.0,,8.0,30.0,30.0,4.0,20.0,5.0,0.46875,,0.7142857142857143,103.7585199610516,0.4285714285714285,13.18421052631579,14.61111111111111,17.0,1.0,0.6470588235294118,0.6666666666666666,True,0.25,1630219
1,2021,110.89517078916371,112.22091656874264,219.0,336.0,126.0,216.0,368.0,1698.0,1702.0,212.0,117.0,68.0,149.0,607.0,1910.0,1883.0,220.0,927.0,133.0,0.5559834123222749,0.3476112026359143,0.6147327249022164,96.35329541652727,0.2190352020860495,14.991166077738516,14.898942420681552,847.0,0.6280487804878049,0.7174447174447175,0.6517857142857143,False,0.2484921592279855,1630219
2,2022,122.72727272727272,105.0,2.0,2.0,,4.0,3.0,22.0,20.0,,3.0,2.0,3.0,13.0,21.0,27.0,3.0,5.0,2.0,0.7105263157894737,0.4615384615384615,0.8333333333333334,109.16967509025272,0.1111111111111111,13.454545454545457,12.9,9.0,,1.0,1.0,True,0.1111111111111111,1630219
3,2022,103.1390134529148,117.41071428571428,55.0,82.0,28.0,78.0,107.0,446.0,448.0,51.0,26.0,15.0,39.0,162.0,526.0,460.0,55.0,211.0,45.0,0.5477326968973747,0.3148148148148148,0.6541554959785523,92.97703307814533,0.2198391420911528,15.307174887892376,15.667410714285714,231.0,0.5789473684210527,0.7089201877934272,0.6707317073170732,False,0.2524271844660194,1630219
