index,year,ortg,drtg,AtRimFGM,AtRimFGA,AtRimAssists,Turnovers,FTA,OffPoss,DefPoss,TwoPtAssists,Steals,BadPassSteals,ThreePtAssists,FG3A,OpponentPoints,Points,SecondChancePoints,FG2A,LiveBallTurnovers,TsPct,Fg3Pct,AtRimFG3AFrequency,Pace,AtRimFrequency,SecondsPerPossOff,SecondsPerPossDef,Minutes,DefAtRimReboundPct,DefFGReboundPct,AtRimAccuracy,player_on,OffFGReboundPct,nba_id
0,2021,96.45232815964523,112.97539149888144,67.0,99.0,38.0,67.0,75.0,451.0,447.0,57.0,29.0,18.0,37.0,161.0,505.0,435.0,34.0,219.0,37.0,0.526829268292683,0.2981366459627329,0.6842105263157895,105.18301610541728,0.2605263157894736,14.212860310421286,13.16331096196868,205.0,0.6,0.7849462365591398,0.6767676767676768,True,0.1886792452830188,1630210
1,2021,119.05050811466708,112.7410782080486,1152.0,1707.0,651.0,903.0,1331.0,6593.0,6585.0,1087.0,553.0,367.0,752.0,2301.0,7424.0,7849.0,959.0,3741.0,503.0,0.5919897032101756,0.3820078226857888,0.663356504468719,96.09917656710525,0.2825223435948361,15.2185651448506,14.750189825360668,3291.0,0.6589147286821705,0.7551426675514267,0.6748681898066784,False,0.2880849651510123,1630210
2,2022,111.716621253406,115.61643835616438,47.0,67.0,23.0,40.0,74.0,367.0,365.0,38.0,32.0,19.0,51.0,193.0,422.0,410.0,63.0,149.0,17.0,0.5498652291105122,0.3471502590673575,0.7602339181286549,99.55421231582925,0.195906432748538,14.934604904632153,13.991780821917809,176.0,0.6,0.723404255319149,0.7014925373134329,True,0.2708333333333333,1630210
3,2022,115.2230628750326,112.58640928655277,1415.0,2041.0,877.0,1148.0,1651.0,7666.0,7667.0,1351.0,560.0,363.0,839.0,2751.0,8632.0,8833.0,969.0,3986.0,632.0,0.5922186322024772,0.3533260632497274,0.7112958290040077,97.2357666290868,0.3029538370194448,15.007565875293505,14.611190817790533,3785.0,0.6600331674958541,0.7589385474860335,0.6932876041156296,False,0.2570328694107195,1630210
