index,year,ortg,drtg,AtRimFGM,AtRimFGA,AtRimAssists,Turnovers,FTA,OffPoss,DefPoss,TwoPtAssists,Steals,BadPassSteals,ThreePtAssists,FG3A,OpponentPoints,Points,SecondChancePoints,FG2A,LiveBallTurnovers,TsPct,Fg3Pct,AtRimFG3AFrequency,Pace,AtRimFrequency,SecondsPerPossOff,SecondsPerPossDef,Minutes,DefAtRimReboundPct,DefFGReboundPct,AtRimAccuracy,player_on,OffFGReboundPct,nba_id
0,2021,66.66666666666667,75.0,,,,,,3.0,4.0,,,,,2.0,3.0,2.0,,1.0,,0.3333333333333333,,0.6666666666666666,129.23076923076923,,11.666666666666666,10.75,1.0,0.5,0.5,,True,,1630234
1,2021,114.80594154288453,110.48581048581048,305.0,457.0,192.0,262.0,409.0,2087.0,2079.0,313.0,142.0,92.0,198.0,652.0,2297.0,2396.0,224.0,1216.0,146.0,0.586977886977887,0.3773006134969325,0.5936830835117773,94.79852090641889,0.2446466809421841,15.377575467177769,15.001924001924,1055.0,0.576036866359447,0.7325692454632283,0.6673960612691466,False,0.2251585623678647,1630234
