index,year,ortg,drtg,AtRimFGM,AtRimFGA,AtRimAssists,Turnovers,FTA,OffPoss,DefPoss,TwoPtAssists,Steals,BadPassSteals,ThreePtAssists,FG3A,OpponentPoints,Points,SecondChancePoints,FG2A,LiveBallTurnovers,TsPct,Fg3Pct,AtRimFG3AFrequency,Pace,AtRimFrequency,SecondsPerPossOff,SecondsPerPossDef,Minutes,DefAtRimReboundPct,DefFGReboundPct,AtRimAccuracy,player_on,OffFGReboundPct,nba_id
0,2022,126.11275964391692,102.10210210210212,65.0,89.0,39.0,43.0,90.0,337.0,333.0,59.0,25.0,16.0,36.0,112.0,340.0,425.0,53.0,185.0,28.0,0.6324404761904762,0.4107142857142857,0.6767676767676768,97.05261040136809,0.2996632996632997,13.934718100890208,15.75075075075075,166.0,0.6829268292682927,0.7413793103448276,0.7303370786516854,True,0.3,1630686
1,2022,112.40359897172236,104.86708616925644,1132.0,1756.0,627.0,1043.0,1539.0,7780.0,7787.0,1131.0,670.0,420.0,916.0,3059.0,8166.0,8745.0,1086.0,4065.0,594.0,0.562178166838311,0.3504413206930369,0.6758843346434588,98.43921675398188,0.2464907355418304,14.684447300771208,14.572235777578015,3795.0,0.654320987654321,0.7508305647840532,0.6446469248291572,False,0.2644584647739222,1630686
2,2022,132.32323232323233,82.82828282828282,23.0,33.0,9.0,7.0,34.0,99.0,99.0,15.0,14.0,9.0,7.0,37.0,82.0,131.0,23.0,56.0,1.0,0.6121495327102804,0.3513513513513513,0.7526881720430108,99.48360083740404,0.3548387096774194,12.83838383838384,16.11111111111111,48.0,0.5714285714285714,0.7619047619047619,0.696969696969697,True,0.3809523809523809,1630686
3,2022,112.02570757631936,115.8869275398099,1224.0,1851.0,699.0,1063.0,1601.0,8091.0,8101.0,1124.0,592.0,377.0,976.0,3291.0,9388.0,9064.0,1036.0,4047.0,622.0,0.5633503932093371,0.3564266180492251,0.7007358953393296,99.56028021141393,0.2522485690923957,14.978445186009148,13.949388964325392,3903.0,0.6619273301737757,0.7394869082253372,0.6612641815235009,False,0.2405612244897959,1630686
