index,year,ortg,drtg,AtRimFGM,AtRimFGA,AtRimAssists,Turnovers,FTA,OffPoss,DefPoss,TwoPtAssists,Steals,BadPassSteals,ThreePtAssists,FG3A,OpponentPoints,Points,SecondChancePoints,FG2A,LiveBallTurnovers,TsPct,Fg3Pct,AtRimFG3AFrequency,Pace,AtRimFrequency,SecondsPerPossOff,SecondsPerPossDef,Minutes,DefAtRimReboundPct,DefFGReboundPct,AtRimAccuracy,player_on,OffFGReboundPct,nba_id
0,2022,112.5,113.6986301369863,10.0,15.0,7.0,18.0,22.0,72.0,73.0,8.0,5.0,,6.0,20.0,83.0,81.0,14.0,33.0,5.0,0.6428571428571429,0.5,0.660377358490566,95.6481905634448,0.2830188679245283,15.38888888888889,14.726027397260276,36.0,0.2,0.625,0.6666666666666666,True,0.4230769230769231,1630201
1,2022,122.24532224532224,110.74380165289256,82.0,113.0,48.0,69.0,130.0,481.0,484.0,69.0,26.0,14.0,61.0,181.0,536.0,588.0,59.0,235.0,35.0,0.6207627118644068,0.3977900552486187,0.7067307692307693,90.25134766512956,0.2716346153846153,16.388773388773387,15.524793388429751,257.0,0.75,0.7682403433476395,0.7256637168141593,False,0.251207729468599,1630201
