index,year,ortg,drtg,AtRimFGM,AtRimFGA,AtRimAssists,Turnovers,FTA,OffPoss,DefPoss,TwoPtAssists,Steals,BadPassSteals,ThreePtAssists,FG3A,OpponentPoints,Points,SecondChancePoints,FG2A,LiveBallTurnovers,TsPct,Fg3Pct,AtRimFG3AFrequency,Pace,AtRimFrequency,SecondsPerPossOff,SecondsPerPossDef,Minutes,DefAtRimReboundPct,DefFGReboundPct,AtRimAccuracy,player_on,OffFGReboundPct,nba_id
0,2022,50.0,125.0,,,,,2.0,6.0,4.0,1.0,,,,1.0,5.0,3.0,,3.0,,0.3,,0.25,121.00840336134452,,13.333333333333334,9.75,2.0,1.0,0.6666666666666666,,True,0.3333333333333333,1630525
1,2022,113.37716525477305,111.08720415137324,1259.0,1995.0,635.0,1019.0,1747.0,7909.0,7901.0,1021.0,738.0,416.0,787.0,2807.0,8777.0,8967.0,1354.0,4678.0,549.0,0.5429231517509727,0.3487709298183113,0.6415497661990648,95.60050558282695,0.2665330661322645,15.118599064357062,15.006708011644095,3969.0,0.6195488721804512,0.7241948802642444,0.631077694235589,False,0.3161019045263418,1630525
