index,year,ortg,drtg,AtRimFGM,AtRimFGA,AtRimAssists,Turnovers,FTA,OffPoss,DefPoss,TwoPtAssists,Steals,BadPassSteals,ThreePtAssists,FG3A,OpponentPoints,Points,SecondChancePoints,FG2A,LiveBallTurnovers,TsPct,Fg3Pct,AtRimFG3AFrequency,Pace,AtRimFrequency,SecondsPerPossOff,SecondsPerPossDef,Minutes,DefAtRimReboundPct,DefFGReboundPct,AtRimAccuracy,player_on,OffFGReboundPct,nba_id
0,2022,82.3529411764706,81.25,4.0,7.0,2.0,2.0,2.0,17.0,16.0,3.0,2.0,1.0,1.0,7.0,13.0,14.0,5.0,12.0,2.0,0.35,0.1428571428571428,0.7368421052631579,94.66135458167332,0.3684210526315789,13.764705882352942,16.75,8.0,0.2,0.6,0.5714285714285714,True,0.3846153846153846,1630624
1,2022,111.18613836157472,111.01489876480326,1327.0,2084.0,796.0,1037.0,1824.0,7849.0,7853.0,1109.0,570.0,357.0,869.0,3025.0,8718.0,8727.0,1002.0,4006.0,568.0,0.5571428571428572,0.3428099173553719,0.7266391693926895,95.46175345565698,0.2964016498364386,14.827366543508727,15.341652871514071,3948.0,0.6174142480211082,0.7163102293223396,0.6367562380038387,False,0.2506589351607802,1630624
