index,year,ortg,drtg,AtRimFGM,AtRimFGA,AtRimAssists,Turnovers,FTA,OffPoss,DefPoss,TwoPtAssists,Steals,BadPassSteals,ThreePtAssists,FG3A,OpponentPoints,Points,SecondChancePoints,FG2A,LiveBallTurnovers,TsPct,Fg3Pct,AtRimFG3AFrequency,Pace,AtRimFrequency,SecondsPerPossOff,SecondsPerPossDef,Minutes,DefAtRimReboundPct,DefFGReboundPct,AtRimAccuracy,player_on,OffFGReboundPct,nba_id
0,2024,108.3969465648855,98.86363636363636,33.0,54.0,20.0,26.0,55.0,262.0,264.0,37.0,20.0,14.0,24.0,99.0,261.0,284.0,12.0,133.0,16.0,0.5525291828793775,0.3434343434343434,0.6594827586206896,97.93638479441428,0.2327586206896551,14.706106870229007,14.700757575757576,129.0,0.7368421052631579,0.8290598290598291,0.6111111111111112,True,0.1968503937007874,1630702
1,2024,112.04954954954955,117.41349971639252,279.0,444.0,161.0,230.0,389.0,1776.0,1763.0,250.0,130.0,76.0,186.0,667.0,2070.0,1990.0,228.0,963.0,122.0,0.5493621741541874,0.3523238380809595,0.6815950920245398,91.6147125444936,0.2723926380368098,16.14527027027027,15.28757799205899,927.0,0.6119402985074627,0.6890756302521008,0.6283783783783784,False,0.2734463276836158,1630702
