index,year,ortg,drtg,AtRimFGM,AtRimFGA,AtRimAssists,Turnovers,FTA,OffPoss,DefPoss,TwoPtAssists,Steals,BadPassSteals,ThreePtAssists,FG3A,OpponentPoints,Points,SecondChancePoints,FG2A,LiveBallTurnovers,TsPct,Fg3Pct,AtRimFG3AFrequency,Pace,AtRimFrequency,SecondsPerPossOff,SecondsPerPossDef,Minutes,DefAtRimReboundPct,DefFGReboundPct,AtRimAccuracy,player_on,OffFGReboundPct,nba_id
0,2023,99.56521739130434,118.42105263157896,28.0,47.0,7.0,23.0,47.0,230.0,228.0,18.0,12.0,8.0,31.0,107.0,270.0,229.0,18.0,94.0,13.0,0.5204545454545455,0.308411214953271,0.7661691542288557,103.24358171571696,0.2338308457711442,14.013043478260869,13.88157894736842,106.0,0.4444444444444444,0.7976190476190477,0.5957446808510638,True,0.1810344827586207,1630639
1,2023,117.92720702116677,117.15427245779097,1190.0,1752.0,664.0,978.0,2010.0,7748.0,7759.0,895.0,502.0,330.0,936.0,3255.0,9090.0,9137.0,877.0,3453.0,509.0,0.6022622039952374,0.3726574500768049,0.7464221824686941,95.93112573677246,0.2611806797853309,15.4694114610222,14.552777419770589,3880.0,0.5951293759512938,0.7192528735632184,0.6792237442922374,False,0.2160656698915274,1630639
2,2023,40.0,140.0,1.0,1.0,1.0,1.0,,5.0,5.0,1.0,,,,1.0,7.0,2.0,2.0,3.0,1.0,0.25,,0.5,135.8490566037736,0.25,12.0,9.2,2.0,,0.6666666666666666,1.0,True,0.3333333333333333,1630639
3,2023,114.59616081130024,114.50289575289575,1637.0,2386.0,964.0,1256.0,1942.0,8283.0,8288.0,1356.0,657.0,394.0,788.0,2730.0,9490.0,9492.0,1012.0,4433.0,673.0,0.5926529588766299,0.3652014652014652,0.7142258830099121,100.32305531964988,0.3331006561496579,14.198599541229024,14.508566602316602,3964.0,0.5873221216041398,0.7085881414517415,0.6860854987426656,False,0.249437570303712,1630639
4,2024,108.57558139534883,107.68094534711965,139.0,209.0,72.0,99.0,151.0,688.0,677.0,91.0,47.0,27.0,67.0,240.0,729.0,747.0,100.0,365.0,57.0,0.5558035714285714,0.35,0.7421487603305785,105.3941018766756,0.3454545454545454,13.67296511627907,13.65288035450517,311.0,0.6451612903225806,0.7427652733118971,0.6650717703349283,True,0.3074534161490683,1630639
5,2024,119.08386752136752,116.87583444592792,1224.0,1718.0,787.0,928.0,1691.0,7488.0,7490.0,1135.0,516.0,320.0,813.0,3002.0,8754.0,8917.0,999.0,3745.0,546.0,0.5960660580021482,0.3707528314457028,0.6995701793389655,99.02355263761994,0.2546316881576997,14.428552350427353,14.655407209612816,3630.0,0.5915966386554622,0.7154308617234469,0.7124563445867288,False,0.2456858730622989,1630639
