index,year,ortg,drtg,AtRimFGM,AtRimFGA,AtRimAssists,Turnovers,FTA,OffPoss,DefPoss,TwoPtAssists,Steals,BadPassSteals,ThreePtAssists,FG3A,OpponentPoints,Points,SecondChancePoints,FG2A,LiveBallTurnovers,TsPct,Fg3Pct,AtRimFG3AFrequency,Pace,AtRimFrequency,SecondsPerPossOff,SecondsPerPossDef,Minutes,DefAtRimReboundPct,DefFGReboundPct,AtRimAccuracy,player_on,OffFGReboundPct,nba_id
0,2023,81.81818181818181,90.625,8.0,14.0,4.0,14.0,10.0,66.0,64.0,9.0,3.0,2.0,7.0,23.0,58.0,54.0,14.0,31.0,6.0,0.4576271186440678,0.3043478260869565,0.6851851851851852,99.15254237288136,0.2592592592592592,14.545454545454543,14.5,31.0,0.6,0.675,0.5714285714285714,True,0.2647058823529412,1630237
1,2023,113.55252606255011,113.57429718875504,176.0,257.0,121.0,173.0,246.0,1247.0,1245.0,212.0,91.0,43.0,138.0,530.0,1414.0,1416.0,185.0,633.0,91.0,0.555993690851735,0.3415094339622641,0.6766981943250215,100.93609360936094,0.2209802235597592,14.736968724939857,13.795180722891564,593.0,0.5797101449275363,0.7057851239669422,0.6848249027237354,False,0.296474358974359,1630237
