index,year,ortg,drtg,AtRimFGM,AtRimFGA,AtRimAssists,Turnovers,FTA,OffPoss,DefPoss,TwoPtAssists,Steals,BadPassSteals,ThreePtAssists,FG3A,OpponentPoints,Points,SecondChancePoints,FG2A,LiveBallTurnovers,TsPct,Fg3Pct,AtRimFG3AFrequency,Pace,AtRimFrequency,SecondsPerPossOff,SecondsPerPossDef,Minutes,DefAtRimReboundPct,DefFGReboundPct,AtRimAccuracy,player_on,OffFGReboundPct,nba_id
0,2023,100.0,,1.0,1.0,1.0,,,2.0,2.0,1.0,,,,,,2.0,,1.0,,1.0,,1.0,92.9032258064516,1.0,10.0,21.0,1.0,,1.0,1.0,True,,1630701
1,2023,114.29289754871152,118.72329731088212,1441.0,2107.0,813.0,1171.0,1943.0,7955.0,7958.0,1202.0,540.0,339.0,783.0,2735.0,9448.0,9092.0,1041.0,4269.0,635.0,0.5786480960899566,0.3480804387568555,0.69131924614506,96.07929626244244,0.3008280982295831,14.65543683218102,15.319678311133451,3975.0,0.6430594900849859,0.7492008137169428,0.6839107736117703,False,0.2713888888888889,1630701
