index,year,ortg,drtg,AtRimFGM,AtRimFGA,AtRimAssists,Turnovers,FTA,OffPoss,DefPoss,TwoPtAssists,Steals,BadPassSteals,ThreePtAssists,FG3A,OpponentPoints,Points,SecondChancePoints,FG2A,LiveBallTurnovers,TsPct,Fg3Pct,AtRimFG3AFrequency,Pace,AtRimFrequency,SecondsPerPossOff,SecondsPerPossDef,Minutes,DefAtRimReboundPct,DefFGReboundPct,AtRimAccuracy,player_on,OffFGReboundPct,nba_id
0,2022,104.44444444444444,94.77611940298507,24.0,37.0,8.0,23.0,30.0,135.0,134.0,10.0,15.0,9.0,14.0,58.0,127.0,141.0,34.0,58.0,14.0,0.546875,0.3103448275862069,0.8189655172413793,103.02127659574468,0.3189655172413793,13.962962962962964,13.992537313432836,63.0,0.5,0.6666666666666666,0.6486486486486487,True,0.3787878787878788,1630539
1,2022,114.18727697797463,115.099925980755,1453.0,2254.0,837.0,1205.0,1785.0,8127.0,8106.0,1203.0,602.0,398.0,942.0,3112.0,9330.0,9280.0,1197.0,4160.0,693.0,0.5744495584027864,0.3631105398457583,0.7378987898789879,99.55502555366267,0.3099559955995599,14.737910668143224,14.190106094251172,3913.0,0.6431014823261118,0.7355993772703684,0.6446317657497782,False,0.2891756649986832,1630539
2,2023,111.3556338028169,108.15789473684212,212.0,375.0,119.0,163.0,264.0,1136.0,1140.0,166.0,80.0,49.0,118.0,382.0,1233.0,1265.0,176.0,638.0,75.0,0.5573192239858906,0.3534031413612565,0.7421568627450981,99.3886462882096,0.3676470588235294,14.55281690140845,14.424561403508772,550.0,0.6714285714285714,0.7153996101364523,0.5653333333333334,True,0.293040293040293,1630539
3,2023,116.46894626657362,109.9077697037451,1329.0,2068.0,723.0,1014.0,1701.0,7165.0,7156.0,1099.0,493.0,304.0,744.0,2430.0,7865.0,8345.0,1000.0,3941.0,559.0,0.5860025398617187,0.3576131687242798,0.7060116151310626,100.60414471373376,0.3245958248312667,14.444382414515005,14.182504192286194,3416.0,0.6170798898071626,0.7266647281186391,0.6426499032882012,False,0.2766676913618198,1630539
