index,year,ortg,drtg,AtRimFGM,AtRimFGA,AtRimAssists,Turnovers,FTA,OffPoss,DefPoss,TwoPtAssists,Steals,BadPassSteals,ThreePtAssists,FG3A,OpponentPoints,Points,SecondChancePoints,FG2A,LiveBallTurnovers,TsPct,Fg3Pct,AtRimFG3AFrequency,Pace,AtRimFrequency,SecondsPerPossOff,SecondsPerPossDef,Minutes,DefAtRimReboundPct,DefFGReboundPct,AtRimAccuracy,player_on,OffFGReboundPct,nba_id
0,2023,150.0,127.27272727272728,2.0,2.0,2.0,2.0,3.0,12.0,11.0,2.0,,,3.0,5.0,14.0,18.0,3.0,4.0,2.0,0.9,0.6,0.7777777777777778,82.8,0.2222222222222222,16.583333333333332,18.27272727272728,7.0,,0.4,1.0,True,0.3333333333333333,1630577
1,2023,114.235368156073,118.68159516920367,1440.0,2106.0,812.0,1169.0,1940.0,7945.0,7949.0,1201.0,540.0,339.0,780.0,2730.0,9434.0,9076.0,1038.0,4266.0,633.0,0.5782909044390431,0.3476190476190476,0.6912521440823327,96.10077258985557,0.3010291595197255,14.651353052234109,15.317021008931942,3969.0,0.6430594900849859,0.7497817864416643,0.6837606837606838,False,0.2713372254656658,1630577
2,2023,120.35661218424964,110.28315946348734,119.0,180.0,65.0,68.0,164.0,673.0,671.0,109.0,52.0,30.0,75.0,247.0,740.0,810.0,117.0,370.0,38.0,0.5895196506550219,0.3522267206477733,0.6920583468395461,102.90089323692048,0.2917341977309562,13.812778603268946,14.175856929955293,313.0,0.6027397260273972,0.7,0.6611111111111111,True,0.2829581993569132,1630577
3,2023,120.62378167641326,110.93912591050989,1552.0,2307.0,870.0,1067.0,1778.0,7695.0,7688.0,1239.0,613.0,408.0,775.0,2404.0,8529.0,9282.0,1088.0,4439.0,534.0,0.6087242149520431,0.3947587354409317,0.6884407423644601,100.94016003499628,0.3371328364752302,14.325536062378168,14.206165452653488,3658.0,0.6044678055190539,0.7078404401650619,0.6727351538794972,False,0.288135593220339,1630577
4,2024,115.7503234152652,111.8412491867274,613.0,919.0,370.0,431.0,513.0,3092.0,3074.0,563.0,285.0,198.0,324.0,1002.0,3438.0,3579.0,401.0,1815.0,238.0,0.5891856247939334,0.3832335329341317,0.6819311324103656,100.82370975983648,0.3262335818246361,14.577943078913323,13.985035783994794,1468.0,0.6114864864864865,0.7409722222222223,0.6670293797606094,True,0.2624821683309558,1630577
5,2024,117.20389090215524,109.80916030534353,1000.0,1527.0,561.0,667.0,1166.0,5243.0,5240.0,857.0,448.0,288.0,552.0,1789.0,5754.0,6145.0,766.0,2964.0,346.0,0.5819889922186373,0.3666852990497484,0.6976646328634547,100.7072951065746,0.3212707763517778,14.3612435628457,14.23645038167939,2498.0,0.6217948717948718,0.7390599675850892,0.6548788474132285,False,0.2751146310962901,1630577
