index,year,ortg,drtg,AtRimFGM,AtRimFGA,AtRimAssists,Turnovers,FTA,OffPoss,DefPoss,TwoPtAssists,Steals,BadPassSteals,ThreePtAssists,FG3A,OpponentPoints,Points,SecondChancePoints,FG2A,LiveBallTurnovers,TsPct,Fg3Pct,AtRimFG3AFrequency,Pace,AtRimFrequency,SecondsPerPossOff,SecondsPerPossDef,Minutes,DefAtRimReboundPct,DefFGReboundPct,AtRimAccuracy,player_on,OffFGReboundPct,nba_id
0,2022,98.73417721518987,106.32911392405065,10.0,14.0,6.0,12.0,14.0,79.0,79.0,7.0,5.0,3.0,7.0,35.0,84.0,78.0,14.0,35.0,6.0,0.5131578947368421,0.2857142857142857,0.7,100.27324812692817,0.2,15.645569620253164,13.075949367088608,38.0,1.0,0.8529411764705882,0.7142857142857143,True,0.2439024390243902,1630209
1,2022,108.130081300813,112.07004377736084,233.0,359.0,129.0,266.0,417.0,1599.0,1599.0,202.0,107.0,64.0,154.0,577.0,1792.0,1729.0,189.0,753.0,144.0,0.571523178807947,0.341421143847487,0.7037593984962406,92.8994775170967,0.2699248120300752,15.390243902439025,15.611006879299564,826.0,0.584,0.7073791348600509,0.649025069637883,False,0.2405594405594405,1630209
2,2023,114.70588235294116,105.88235294117646,5.0,7.0,1.0,2.0,15.0,34.0,34.0,2.0,2.0,,4.0,15.0,36.0,39.0,5.0,12.0,,0.5735294117647058,0.2666666666666666,0.8148148148148148,104.2811501597444,0.2592592592592592,11.647058823529411,15.970588235294118,16.0,0.5,0.5555555555555556,0.7142857142857143,True,0.4375,1630209
3,2023,113.36146272855132,114.82000935016364,332.0,496.0,190.0,308.0,527.0,2133.0,2139.0,308.0,131.0,82.0,218.0,798.0,2456.0,2418.0,292.0,1093.0,161.0,0.5688679245283019,0.3270676691729323,0.6842940243257536,93.7741802716422,0.2622950819672131,14.83075480543835,15.879850397381954,1093.0,0.6079545454545454,0.744927536231884,0.6693548387096774,False,0.2806484295845998,1630209
