index,year,ortg,drtg,AtRimFGM,AtRimFGA,AtRimAssists,Turnovers,FTA,OffPoss,DefPoss,TwoPtAssists,Steals,BadPassSteals,ThreePtAssists,FG3A,OpponentPoints,Points,SecondChancePoints,FG2A,LiveBallTurnovers,TsPct,Fg3Pct,AtRimFG3AFrequency,Pace,AtRimFrequency,SecondsPerPossOff,SecondsPerPossDef,Minutes,DefAtRimReboundPct,DefFGReboundPct,AtRimAccuracy,player_on,OffFGReboundPct,nba_id
0,2022,119.2875134940626,109.57868203096866,603.0,841.0,341.0,426.0,681.0,2779.0,2777.0,449.0,269.0,163.0,266.0,955.0,3043.0,3315.0,422.0,1494.0,231.0,0.6052824651504035,0.3486910994764398,0.7333605553287056,99.93305021234076,0.3434054716210698,14.320259086002158,14.49909974792942,1334.0,0.6371951219512195,0.7136075949367089,0.7170035671819263,True,0.3118189438390611,1630528
1,2022,116.92335900256693,108.90799341503566,1023.0,1522.0,559.0,730.0,1262.0,5454.0,5467.0,816.0,508.0,310.0,572.0,2011.0,5954.0,6377.0,788.0,2914.0,371.0,0.581452944413869,0.3555445052212829,0.7173604060913705,100.1409822912488,0.3090355329949238,14.113678034470114,14.64514358880556,2617.0,0.6666666666666666,0.7625552430695058,0.6721419185282523,False,0.2773207990599295,1630528
2,2023,122.22222222222224,107.90784557907844,297.0,411.0,173.0,223.0,395.0,1602.0,1606.0,253.0,153.0,95.0,202.0,607.0,1733.0,1958.0,240.0,812.0,124.0,0.6152146464646465,0.3871499176276771,0.7174066243833686,97.93550849074605,0.2896405919661733,14.352684144818976,15.053549190535492,786.0,0.5396825396825397,0.6563307493540051,0.7226277372262774,True,0.289586305278174,1630528
3,2023,119.07097961060862,112.53251721499618,1114.0,1603.0,595.0,856.0,1591.0,6523.0,6535.0,918.0,565.0,349.0,770.0,2578.0,7354.0,7767.0,829.0,3234.0,476.0,0.595315148713207,0.3700543056633049,0.7193737095664143,98.96016546410472,0.2758086717136958,14.018089835965046,15.08355011476664,3167.0,0.5866666666666667,0.6604938271604939,0.6949469744229569,False,0.2596186015389762,1630528
