index,year,ortg,drtg,AtRimFGM,AtRimFGA,AtRimAssists,Turnovers,FTA,OffPoss,DefPoss,TwoPtAssists,Steals,BadPassSteals,ThreePtAssists,FG3A,OpponentPoints,Points,SecondChancePoints,FG2A,LiveBallTurnovers,TsPct,Fg3Pct,AtRimFG3AFrequency,Pace,AtRimFrequency,SecondsPerPossOff,SecondsPerPossDef,Minutes,DefAtRimReboundPct,DefFGReboundPct,AtRimAccuracy,player_on,OffFGReboundPct,nba_id
0,2021,115.74585635359117,102.64255910987482,129.0,196.0,73.0,87.0,145.0,724.0,719.0,97.0,62.0,37.0,94.0,293.0,738.0,838.0,82.0,351.0,44.0,0.5921985815602837,0.378839590443686,0.7593167701863354,103.07142857142856,0.3043478260869565,13.965469613259668,13.97635605006954,336.0,0.6133333333333333,0.7492354740061162,0.6581632653061225,True,0.2132132132132132,1630221
1,2021,114.47790857667025,104.07322654462244,1198.0,1789.0,624.0,854.0,1281.0,6541.0,6555.0,943.0,585.0,328.0,722.0,2395.0,6822.0,7488.0,884.0,3564.0,460.0,0.5743160159852444,0.3620041753653444,0.7021312300721597,100.25645933014354,0.3002181574089612,14.211435560311878,14.514569031273837,3135.0,0.6303191489361702,0.7552715654952077,0.6696478479597541,False,0.2572909915748542,1630221
