index,year,ortg,drtg,AtRimFGM,AtRimFGA,AtRimAssists,Turnovers,FTA,OffPoss,DefPoss,TwoPtAssists,Steals,BadPassSteals,ThreePtAssists,FG3A,OpponentPoints,Points,SecondChancePoints,FG2A,LiveBallTurnovers,TsPct,Fg3Pct,AtRimFG3AFrequency,Pace,AtRimFrequency,SecondsPerPossOff,SecondsPerPossDef,Minutes,DefAtRimReboundPct,DefFGReboundPct,AtRimAccuracy,player_on,OffFGReboundPct,nba_id
0,2024,78.57142857142857,107.6923076923077,3.0,5.0,3.0,2.0,2.0,14.0,13.0,3.0,1.0,1.0,1.0,5.0,14.0,11.0,2.0,6.0,,0.4583333333333333,0.2,0.9090909090909092,97.93450881612092,0.4545454545454545,14.714285714285714,14.692307692307692,7.0,,1.0,0.6,True,0.2857142857142857,1630196
1,2024,115.85561167919182,117.17618170656844,1244.0,1865.0,727.0,1137.0,1890.0,8117.0,8145.0,1294.0,605.0,358.0,910.0,2770.0,9544.0,9404.0,890.0,4333.0,625.0,0.592260022764639,0.3873646209386281,0.6525411797831902,98.44860276713906,0.2625651133323947,15.062091905876557,14.193247391037444,3964.0,0.6406779661016949,0.7212726794635814,0.6670241286863271,False,0.2482034273079049,1630196
2,2024,83.33333333333333,114.28571428571428,1.0,4.0,1.0,,,6.0,7.0,1.0,1.0,,1.0,3.0,8.0,5.0,,4.0,,0.3571428571428571,0.3333333333333333,1.0,116.27329192546584,0.5714285714285714,14.333333333333334,10.714285714285714,3.0,,1.0,0.25,True,0.2,1630196
3,2024,114.31786920095035,117.27454409193103,1527.0,2281.0,910.0,1201.0,1926.0,7997.0,8006.0,1297.0,505.0,312.0,844.0,2762.0,9389.0,9142.0,1121.0,4329.0,694.0,0.5750568612585292,0.3540912382331643,0.7111831899591031,97.1518429672975,0.3216753631363701,14.614355383268723,15.029727704221834,3953.0,0.5954106280193237,0.7156632786030753,0.6694432266549759,False,0.2930472569255839,1630196
