index,year,ortg,drtg,AtRimFGM,AtRimFGA,AtRimAssists,Turnovers,FTA,OffPoss,DefPoss,TwoPtAssists,Steals,BadPassSteals,ThreePtAssists,FG3A,OpponentPoints,Points,SecondChancePoints,FG2A,LiveBallTurnovers,TsPct,Fg3Pct,AtRimFG3AFrequency,Pace,AtRimFrequency,SecondsPerPossOff,SecondsPerPossDef,Minutes,DefAtRimReboundPct,DefFGReboundPct,AtRimAccuracy,player_on,OffFGReboundPct,nba_id
0,2021,80.0,100.0,2.0,2.0,1.0,3.0,4.0,10.0,10.0,1.0,,,,3.0,10.0,8.0,4.0,7.0,1.0,0.3333333333333333,,0.5,87.53799392097264,0.2,18.6,14.3,5.0,0.5,0.8,1.0,True,0.625,1630216
1,2021,108.83534136546184,122.48995983935744,82.0,121.0,45.0,64.0,141.0,498.0,498.0,80.0,24.0,15.0,31.0,118.0,610.0,542.0,69.0,315.0,42.0,0.5431726907630522,0.2966101694915254,0.5519630484988453,101.92878970933124,0.279445727482679,13.451807228915662,14.803212851405622,235.0,0.7096774193548387,0.7095238095238096,0.6776859504132231,False,0.28,1630216
