index,year,ortg,drtg,AtRimFGM,AtRimFGA,AtRimAssists,Turnovers,FTA,OffPoss,DefPoss,TwoPtAssists,Steals,BadPassSteals,ThreePtAssists,FG3A,OpponentPoints,Points,SecondChancePoints,FG2A,LiveBallTurnovers,TsPct,Fg3Pct,AtRimFG3AFrequency,Pace,AtRimFrequency,SecondsPerPossOff,SecondsPerPossDef,Minutes,DefAtRimReboundPct,DefFGReboundPct,AtRimAccuracy,player_on,OffFGReboundPct,nba_id
0,2022,107.52941176470588,108.8095238095238,65.0,112.0,33.0,56.0,112.0,425.0,420.0,48.0,27.0,19.0,42.0,142.0,457.0,457.0,51.0,220.0,27.0,0.5536585365853659,0.3591549295774648,0.7016574585635359,98.86252843678908,0.3093922651933701,14.48470588235294,14.647619047619049,205.0,0.59375,0.7072072072072072,0.5803571428571429,True,0.2626262626262626,1630580
1,2022,113.1774980734652,113.36417373425854,1412.0,2269.0,736.0,1071.0,1599.0,7786.0,7782.0,1117.0,574.0,378.0,763.0,2614.0,8822.0,8812.0,1171.0,4499.0,599.0,0.5630042258932002,0.3599846977811782,0.6864895262195979,99.47956973978486,0.318993392380149,14.896223991780118,14.054227704960164,3756.0,0.6011004126547456,0.72299095263438,0.6223005729396209,False,0.2812415654520918,1630580
2,2023,94.28571428571428,96.1904761904762,12.0,24.0,10.0,17.0,32.0,105.0,105.0,14.0,10.0,5.0,13.0,39.0,101.0,99.0,10.0,48.0,7.0,0.4852941176470588,0.3333333333333333,0.7241379310344828,101.51057401812687,0.2758620689655172,13.790476190476191,14.58095238095238,50.0,0.5263157894736842,0.65,0.5,True,0.25,1630580
3,2023,114.8341171984238,116.1695646655667,1397.0,2057.0,855.0,1349.0,1861.0,7867.0,7879.0,1268.0,482.0,314.0,853.0,2637.0,9153.0,9034.0,931.0,4028.0,765.0,0.6021570203644159,0.3746681835419037,0.7042760690172543,96.61728047860711,0.3086271567891973,14.839455955256131,14.968777763675591,3911.0,0.5676056338028169,0.6892307692307692,0.679144385026738,False,0.2714891041162227,1630580
