index,year,ortg,drtg,AtRimFGM,AtRimFGA,AtRimAssists,Turnovers,FTA,OffPoss,DefPoss,TwoPtAssists,Steals,BadPassSteals,ThreePtAssists,FG3A,OpponentPoints,Points,SecondChancePoints,FG2A,LiveBallTurnovers,TsPct,Fg3Pct,AtRimFG3AFrequency,Pace,AtRimFrequency,SecondsPerPossOff,SecondsPerPossDef,Minutes,DefAtRimReboundPct,DefFGReboundPct,AtRimAccuracy,player_on,OffFGReboundPct,nba_id
0,2022,58.064516129032256,79.3103448275862,2.0,2.0,2.0,5.0,4.0,31.0,29.0,2.0,1.0,1.0,4.0,16.0,23.0,18.0,6.0,6.0,1.0,0.375,0.25,0.8181818181818182,93.0032292787944,0.0909090909090909,16.06451612903226,14.862068965517242,15.0,,0.9285714285714286,1.0,True,0.125,1630573
1,2022,108.2813891362422,111.60515784793242,311.0,473.0,158.0,314.0,477.0,2246.0,2249.0,293.0,195.0,112.0,203.0,793.0,2510.0,2432.0,326.0,1256.0,153.0,0.5376606114311032,0.3341740226986128,0.6178623718887262,94.8548484004748,0.2308443142996583,14.722617987533392,15.638950644730992,1137.0,0.6380368098159509,0.7365384615384616,0.6575052854122622,False,0.2732974910394265,1630573
2,2023,114.55399061032864,126.8867924528302,26.0,37.0,10.0,29.0,41.0,213.0,212.0,26.0,14.0,10.0,21.0,76.0,269.0,244.0,44.0,117.0,14.0,0.580952380952381,0.3552631578947368,0.5854922279792746,97.87302094994402,0.1917098445595854,15.413145539906104,14.00943396226415,104.0,0.7857142857142857,0.7045454545454546,0.7027027027027027,True,0.3069306930693069,1630573
3,2023,114.21800947867298,116.22418879056048,240.0,393.0,122.0,218.0,342.0,1688.0,1695.0,205.0,133.0,76.0,172.0,593.0,1970.0,1928.0,231.0,967.0,106.0,0.5622079439252337,0.3811129848229342,0.632051282051282,94.32338761205878,0.2519230769230769,15.81042654028436,14.725073746312685,861.0,0.7222222222222222,0.7516005121638925,0.6106870229007634,False,0.2662650602409638,1630573
4,2024,106.76691729323308,121.33580705009275,68.0,100.0,43.0,64.0,86.0,532.0,539.0,78.0,26.0,15.0,45.0,189.0,654.0,568.0,52.0,296.0,23.0,0.5440613026819924,0.3333333333333333,0.5958762886597938,90.85896076352068,0.2061855670103092,15.575187969924812,16.11873840445269,283.0,0.6071428571428571,0.7206477732793523,0.68,True,0.2192307692307692,1630573
5,2024,110.50903119868636,116.39209225700164,211.0,297.0,111.0,157.0,182.0,1218.0,1214.0,189.0,71.0,40.0,106.0,433.0,1413.0,1346.0,129.0,701.0,96.0,0.5572614107883818,0.3325635103926097,0.6437389770723104,92.04857278031857,0.2619047619047619,14.950738916256158,16.339373970345964,634.0,0.7272727272727273,0.75,0.7104377104377104,False,0.2280405405405405,1630573
