index,year,ortg,drtg,AtRimFGM,AtRimFGA,AtRimAssists,Turnovers,FTA,OffPoss,DefPoss,TwoPtAssists,Steals,BadPassSteals,ThreePtAssists,FG3A,OpponentPoints,Points,SecondChancePoints,FG2A,LiveBallTurnovers,TsPct,Fg3Pct,AtRimFG3AFrequency,Pace,AtRimFrequency,SecondsPerPossOff,SecondsPerPossDef,Minutes,DefAtRimReboundPct,DefFGReboundPct,AtRimAccuracy,player_on,OffFGReboundPct,nba_id
0,2022,94.73684210526316,82.5,5.0,10.0,3.0,3.0,9.0,38.0,40.0,4.0,3.0,2.0,5.0,17.0,33.0,36.0,4.0,20.0,1.0,0.4390243902439024,0.2941176470588235,0.7297297297297297,92.59686727122836,0.2702702702702703,14.86842105263158,16.2,20.0,1.0,0.6666666666666666,0.5,True,0.24,1630555
1,2022,111.5428140324406,114.99120382005528,1401.0,1999.0,840.0,1074.0,1769.0,7953.0,7958.0,1308.0,519.0,338.0,735.0,2495.0,9151.0,8871.0,972.0,4524.0,597.0,0.5682490672841889,0.342685370741483,0.640262145604787,96.7777416398096,0.2847984043311013,15.13542059600151,14.62364915807992,3946.0,0.6227045075125208,0.7407114624505929,0.7008504252126063,False,0.2413888123449986,1630555
