index,year,ortg,drtg,AtRimFGM,AtRimFGA,AtRimAssists,Turnovers,FTA,OffPoss,DefPoss,TwoPtAssists,Steals,BadPassSteals,ThreePtAssists,FG3A,OpponentPoints,Points,SecondChancePoints,FG2A,LiveBallTurnovers,TsPct,Fg3Pct,AtRimFG3AFrequency,Pace,AtRimFrequency,SecondsPerPossOff,SecondsPerPossDef,Minutes,DefAtRimReboundPct,DefFGReboundPct,AtRimAccuracy,player_on,OffFGReboundPct,nba_id
0,2024,121.55172413793105,108.11715481171548,701.0,985.0,428.0,505.0,873.0,3596.0,3585.0,668.0,347.0,212.0,382.0,1283.0,3876.0,4371.0,537.0,1925.0,273.0,0.6082704666107851,0.353078721745908,0.7069825436408977,97.62320154072732,0.3070448877805486,14.600667408231368,14.90097629009763,1765.0,0.6178660049627791,0.6943062465450525,0.7116751269035533,True,0.3023106546854942,1630703
1,2024,114.92099322799098,109.04590459045905,867.0,1238.0,504.0,668.0,1065.0,4430.0,4444.0,744.0,382.0,227.0,431.0,1447.0,4846.0,5091.0,629.0,2449.0,354.0,0.5832183908045977,0.3483068417415342,0.6891683778234087,96.34307427847644,0.3177618069815195,14.775620767494356,15.117011701170116,2211.0,0.6115879828326181,0.6865133062697338,0.7003231017770598,False,0.2877551020408163,1630703
