index,year,ortg,drtg,AtRimFGM,AtRimFGA,AtRimAssists,Turnovers,FTA,OffPoss,DefPoss,TwoPtAssists,Steals,BadPassSteals,ThreePtAssists,FG3A,OpponentPoints,Points,SecondChancePoints,FG2A,LiveBallTurnovers,TsPct,Fg3Pct,AtRimFG3AFrequency,Pace,AtRimFrequency,SecondsPerPossOff,SecondsPerPossDef,Minutes,DefAtRimReboundPct,DefFGReboundPct,AtRimAccuracy,player_on,OffFGReboundPct,nba_id
0,2021,117.9245283018868,127.10280373831776,38.0,53.0,12.0,24.0,43.0,212.0,214.0,21.0,18.0,6.0,20.0,69.0,272.0,250.0,22.0,123.0,13.0,0.5924170616113744,0.3333333333333333,0.6354166666666666,103.2205956587582,0.2760416666666667,13.5,14.397196261682245,99.0,0.8,0.7701149425287356,0.7169811320754716,True,0.2150537634408602,1630217
1,2021,114.84098939929328,121.47887323943662,48.0,72.0,23.0,28.0,59.0,283.0,284.0,45.0,22.0,12.0,24.0,89.0,345.0,325.0,58.0,191.0,13.0,0.533003300330033,0.3258426966292135,0.575,96.54487406881874,0.2571428571428571,14.685512367491166,15.144366197183098,141.0,0.6521739130434783,0.71875,0.6666666666666666,False,0.3071895424836601,1630217
2,2022,116.70353982300884,105.13966480446928,133.0,219.0,66.0,113.0,256.0,904.0,895.0,123.0,80.0,51.0,106.0,331.0,941.0,1055.0,145.0,500.0,60.0,0.5583864118895966,0.4018126888217522,0.6618531889290012,100.96893635265228,0.2635379061371841,14.04203539823009,14.483798882681564,428.0,0.6385542168674698,0.722488038277512,0.6073059360730594,True,0.3093681917211329,1630217
3,2022,93.94904458598728,116.56441717791412,43.0,66.0,31.0,54.0,69.0,314.0,326.0,51.0,30.0,18.0,22.0,99.0,380.0,295.0,41.0,166.0,22.0,0.4966216216216216,0.2424242424242424,0.6226415094339622,103.5156688756599,0.2490566037735849,14.573248407643312,13.273006134969323,148.0,0.7142857142857143,0.8120300751879699,0.6515151515151515,False,0.2307692307692307,1630217
4,2023,105.66037735849056,111.66666666666669,79.0,125.0,35.0,67.0,91.0,477.0,480.0,65.0,36.0,27.0,47.0,181.0,536.0,504.0,67.0,260.0,37.0,0.5207900207900208,0.3149171270718232,0.6938775510204082,99.27099841521394,0.2834467120181406,14.60796645702306,14.404166666666669,231.0,0.5813953488372093,0.6828193832599119,0.632,True,0.2658730158730158,1630217
5,2023,97.63779527559056,107.8740157480315,17.0,38.0,8.0,11.0,24.0,127.0,127.0,15.0,4.0,2.0,13.0,50.0,137.0,124.0,17.0,81.0,5.0,0.4392857142857143,0.3,0.6717557251908397,98.90751757706867,0.2900763358778626,15.78740157480315,13.330708661417322,62.0,0.6363636363636364,0.8301886792452831,0.4473684210526316,False,0.2823529411764706,1630217
