index,year,ortg,drtg,AtRimFGM,AtRimFGA,AtRimAssists,Turnovers,FTA,OffPoss,DefPoss,TwoPtAssists,Steals,BadPassSteals,ThreePtAssists,FG3A,OpponentPoints,Points,SecondChancePoints,FG2A,LiveBallTurnovers,TsPct,Fg3Pct,AtRimFG3AFrequency,Pace,AtRimFrequency,SecondsPerPossOff,SecondsPerPossDef,Minutes,DefAtRimReboundPct,DefFGReboundPct,AtRimAccuracy,player_on,OffFGReboundPct,nba_id
0,2024,105.45454545454544,70.0,8.0,12.0,6.0,5.0,12.0,55.0,50.0,9.0,2.0,2.0,6.0,21.0,35.0,58.0,6.0,26.0,2.0,0.5471698113207547,0.3333333333333333,0.7021276595744681,97.73755656108597,0.2553191489361702,14.581818181818182,14.9,26.0,0.8,0.8214285714285714,0.6666666666666666,True,0.3076923076923077,1630568
1,2024,116.54978962131835,113.78340365682138,260.0,406.0,147.0,190.0,366.0,1426.0,1422.0,227.0,114.0,74.0,141.0,500.0,1618.0,1662.0,203.0,779.0,105.0,0.575452016689847,0.36,0.7083659108678655,92.09170727325802,0.3174354964816263,15.861851332398317,15.410689170182842,742.0,0.6611570247933884,0.7698412698412699,0.6403940886699507,False,0.2939393939393939,1630568
