index,year,ortg,drtg,AtRimFGM,AtRimFGA,AtRimAssists,Turnovers,FTA,OffPoss,DefPoss,TwoPtAssists,Steals,BadPassSteals,ThreePtAssists,FG3A,OpponentPoints,Points,SecondChancePoints,FG2A,LiveBallTurnovers,TsPct,Fg3Pct,AtRimFG3AFrequency,Pace,AtRimFrequency,SecondsPerPossOff,SecondsPerPossDef,Minutes,DefAtRimReboundPct,DefFGReboundPct,AtRimAccuracy,player_on,OffFGReboundPct,nba_id
0,2024,98.1132075471698,109.80392156862744,9.0,12.0,2.0,8.0,21.0,53.0,51.0,3.0,6.0,2.0,3.0,18.0,56.0,52.0,13.0,19.0,4.0,0.5531914893617021,0.1666666666666666,0.8108108108108109,108.12996389891696,0.3243243243243243,12.09433962264151,14.588235294117649,23.0,0.5,0.5909090909090909,0.75,True,0.2857142857142857,1630604
1,2024,117.7710843373494,113.14930991217064,1429.0,2170.0,778.0,1059.0,1852.0,7968.0,7970.0,1304.0,678.0,405.0,900.0,2655.0,9018.0,9384.0,1141.0,4473.0,532.0,0.5894185899861268,0.384180790960452,0.6769079685746352,97.6314793151122,0.3044332210998877,14.578815261044175,14.9198243412798,3918.0,0.6112852664576802,0.7345132743362832,0.6585253456221198,False,0.2760445682451253,1630604
