index,year,ortg,drtg,AtRimFGM,AtRimFGA,AtRimAssists,Turnovers,FTA,OffPoss,DefPoss,TwoPtAssists,Steals,BadPassSteals,ThreePtAssists,FG3A,OpponentPoints,Points,SecondChancePoints,FG2A,LiveBallTurnovers,TsPct,Fg3Pct,AtRimFG3AFrequency,Pace,AtRimFrequency,SecondsPerPossOff,SecondsPerPossDef,Minutes,DefAtRimReboundPct,DefFGReboundPct,AtRimAccuracy,player_on,OffFGReboundPct,nba_id
0,2022,104.0,134.6153846153846,7.0,8.0,4.0,8.0,6.0,25.0,26.0,5.0,2.0,1.0,2.0,7.0,35.0,26.0,7.0,11.0,3.0,0.6190476190476191,0.2857142857142857,0.8333333333333334,112.29357798165135,0.4444444444444444,12.76,12.884615384615383,11.0,1.0,0.625,0.875,True,0.5,1630605
1,2022,113.7851069312033,110.12104043265516,1174.0,1694.0,720.0,1016.0,1733.0,7762.0,7766.0,1073.0,550.0,378.0,838.0,3056.0,8552.0,8832.0,894.0,3908.0,572.0,0.5707878315132605,0.3504581151832461,0.6820792647903504,94.5844014111317,0.2432510051694428,15.731641329554238,14.717615245943858,3940.0,0.6273006134969326,0.7410401509027217,0.693034238488784,False,0.2399562722055206,1630605
