index,year,ortg,drtg,AtRimFGM,AtRimFGA,AtRimAssists,Turnovers,FTA,OffPoss,DefPoss,TwoPtAssists,Steals,BadPassSteals,ThreePtAssists,FG3A,OpponentPoints,Points,SecondChancePoints,FG2A,LiveBallTurnovers,TsPct,Fg3Pct,AtRimFG3AFrequency,Pace,AtRimFrequency,SecondsPerPossOff,SecondsPerPossDef,Minutes,DefAtRimReboundPct,DefFGReboundPct,AtRimAccuracy,player_on,OffFGReboundPct,nba_id
0,2021,82.75862068965517,103.33333333333331,3.0,4.0,2.0,5.0,6.0,29.0,30.0,3.0,1.0,,2.0,7.0,31.0,24.0,4.0,14.0,1.0,0.5217391304347826,0.2857142857142857,0.5238095238095238,93.36263736263736,0.1904761904761904,16.517241379310345,14.366666666666667,15.0,0.5,0.6923076923076923,0.75,True,0.25,1630187
1,2021,121.22614227877386,116.36784268363216,255.0,394.0,117.0,198.0,445.0,1729.0,1729.0,179.0,128.0,80.0,211.0,684.0,2012.0,2096.0,185.0,852.0,99.0,0.6032388663967612,0.3815789473684211,0.7018229166666666,92.53893328377625,0.2565104166666667,15.312319259687682,15.809716599190285,897.0,0.6439393939393939,0.7279236276849642,0.6472081218274112,False,0.2337164750957854,1630187
