index,year,ortg,drtg,AtRimFGM,AtRimFGA,AtRimAssists,Turnovers,FTA,OffPoss,DefPoss,TwoPtAssists,Steals,BadPassSteals,ThreePtAssists,FG3A,OpponentPoints,Points,SecondChancePoints,FG2A,LiveBallTurnovers,TsPct,Fg3Pct,AtRimFG3AFrequency,Pace,AtRimFrequency,SecondsPerPossOff,SecondsPerPossDef,Minutes,DefAtRimReboundPct,DefFGReboundPct,AtRimAccuracy,player_on,OffFGReboundPct,nba_id
0,2023,127.27272727272728,150.0,4.0,4.0,2.0,2.0,3.0,11.0,12.0,2.0,2.0,2.0,1.0,4.0,18.0,14.0,4.0,6.0,,0.6363636363636364,0.25,0.8,82.8,0.4,18.27272727272728,16.583333333333332,7.0,,0.6666666666666666,1.0,True,0.6,1630577
1,2023,118.68159516920367,114.235368156073,1355.0,2069.0,792.0,1119.0,2055.0,7949.0,7945.0,1212.0,633.0,394.0,848.0,2671.0,9076.0,9434.0,922.0,4189.0,540.0,0.607480264009318,0.3871209284912018,0.6909620991253644,96.10077258985557,0.301603498542274,15.317021008931942,14.651353052234109,3969.0,0.6267071320182094,0.7286627745343341,0.6549057515708071,False,0.2502182135583357,1630577
2,2023,110.28315946348734,120.35661218424964,122.0,196.0,69.0,103.0,125.0,671.0,673.0,110.0,38.0,24.0,76.0,236.0,810.0,740.0,139.0,386.0,52.0,0.5538922155688623,0.3389830508474576,0.6945337620578779,102.90089323692048,0.315112540192926,14.175856929955293,13.812778603268946,313.0,0.5245901639344263,0.7170418006430869,0.6224489795918368,True,0.3,1630577
3,2023,110.93912591050989,120.62378167641326,1413.0,2178.0,777.0,1150.0,1614.0,7688.0,7695.0,1280.0,534.0,369.0,766.0,2404.0,9282.0,8529.0,1158.0,4567.0,613.0,0.5559042761867399,0.3456738768718802,0.6572945058097834,100.94016003499628,0.3124372399942619,14.206165452653488,14.325536062378168,3658.0,0.6108897742363878,0.711864406779661,0.6487603305785123,False,0.2921595598349381,1630577
4,2024,111.8412491867274,115.7503234152652,567.0,864.0,369.0,460.0,605.0,3074.0,3092.0,563.0,238.0,159.0,371.0,1128.0,3579.0,3438.0,405.0,1606.0,285.0,0.5738446081714669,0.3590425531914893,0.7286027798098025,100.82267937987348,0.3160204828090709,13.985328562134027,14.577943078913323,1468.0,0.6336633663366337,0.7375178316690443,0.65625,True,0.2590277777777778,1630577
5,2024,109.80916030534353,117.20389090215524,936.0,1405.0,599.0,782.0,1032.0,5240.0,5243.0,939.0,346.0,229.0,576.0,1855.0,6145.0,5754.0,638.0,2847.0,448.0,0.558451663100564,0.3401617250673854,0.6933219906422798,100.7072951065746,0.2988090174393875,14.23645038167939,14.3612435628457,2498.0,0.6297709923664122,0.7248853689037099,0.6661921708185053,False,0.2609400324149108,1630577
