index,year,ortg,drtg,AtRimFGM,AtRimFGA,AtRimAssists,Turnovers,FTA,OffPoss,DefPoss,TwoPtAssists,Steals,BadPassSteals,ThreePtAssists,FG3A,OpponentPoints,Points,SecondChancePoints,FG2A,LiveBallTurnovers,TsPct,Fg3Pct,AtRimFG3AFrequency,Pace,AtRimFrequency,SecondsPerPossOff,SecondsPerPossDef,Minutes,DefAtRimReboundPct,DefFGReboundPct,AtRimAccuracy,player_on,OffFGReboundPct,nba_id
0,2024,106.2015503875969,100.19342359767892,76.0,140.0,40.0,75.0,146.0,516.0,517.0,55.0,44.0,27.0,50.0,182.0,518.0,548.0,81.0,276.0,45.0,0.5239463601532567,0.3076923076923077,0.7030567685589519,95.57440246723208,0.3056768558951965,15.104651162790695,15.029013539651835,259.0,0.6440677966101694,0.7644628099173554,0.5428571428571428,True,0.2947761194029851,1630532
1,2024,104.76190476190476,104.08163265306122,22.0,38.0,9.0,26.0,30.0,147.0,147.0,15.0,12.0,8.0,15.0,51.0,153.0,154.0,22.0,79.0,12.0,0.5352112676056338,0.3137254901960784,0.6846153846153846,92.11488250652742,0.2923076923076923,16.741496598639454,14.523809523809524,77.0,0.7,0.8,0.5789473684210527,False,0.352112676056338,1630532
