index,year,ortg,drtg,AtRimFGM,AtRimFGA,AtRimAssists,Turnovers,FTA,OffPoss,DefPoss,TwoPtAssists,Steals,BadPassSteals,ThreePtAssists,FG3A,OpponentPoints,Points,SecondChancePoints,FG2A,LiveBallTurnovers,TsPct,Fg3Pct,AtRimFG3AFrequency,Pace,AtRimFrequency,SecondsPerPossOff,SecondsPerPossDef,Minutes,DefAtRimReboundPct,DefFGReboundPct,AtRimAccuracy,player_on,OffFGReboundPct,nba_id
0,2022,100.8670520231214,126.4957264957265,70.0,110.0,30.0,47.0,58.0,346.0,351.0,44.0,26.0,15.0,30.0,114.0,444.0,349.0,46.0,210.0,26.0,0.5014367816091954,0.3070175438596491,0.691358024691358,96.09191000478695,0.3395061728395062,15.927745664739884,14.056980056980056,174.0,0.52,0.673202614379085,0.6363636363636364,True,0.2608695652173913,1630285
1,2022,104.92667867249808,112.36157610095287,1116.0,1851.0,569.0,1095.0,1574.0,7774.0,7766.0,957.0,596.0,376.0,791.0,2952.0,8726.0,8157.0,931.0,4034.0,669.0,0.5294347486324563,0.3238482384823848,0.6875178929287146,98.48645555971216,0.2649584884053822,14.56238744533059,14.680272984805562,3787.0,0.646677471636953,0.7367449221841202,0.6029173419773096,False,0.2490392006149116,1630285
2,2024,99.6987951807229,108.10810810810813,60.0,112.0,29.0,53.0,60.0,332.0,333.0,40.0,35.0,24.0,30.0,112.0,360.0,331.0,58.0,212.0,31.0,0.4742120343839541,0.3035714285714285,0.691358024691358,98.89497056697304,0.345679012345679,15.722590361445782,13.402702702702705,161.0,0.6428571428571429,0.7291666666666666,0.5357142857142857,True,0.3439153439153439,1630285
3,2024,108.2349889767864,115.19823788546256,1197.0,1963.0,671.0,1183.0,1662.0,7711.0,7718.0,1050.0,638.0,405.0,905.0,2985.0,8891.0,8346.0,1048.0,3921.0,637.0,0.544644027795988,0.3474036850921273,0.7164784245583551,97.58456058363384,0.2842455835505357,15.025003242121644,14.488105726872249,3795.0,0.6293532338308457,0.7131451382948389,0.6097809475292919,False,0.2729665701500395,1630285
