index,year,ortg,drtg,AtRimFGM,AtRimFGA,AtRimAssists,Turnovers,FTA,OffPoss,DefPoss,TwoPtAssists,Steals,BadPassSteals,ThreePtAssists,FG3A,OpponentPoints,Points,SecondChancePoints,FG2A,LiveBallTurnovers,TsPct,Fg3Pct,AtRimFG3AFrequency,Pace,AtRimFrequency,SecondsPerPossOff,SecondsPerPossDef,Minutes,DefAtRimReboundPct,DefFGReboundPct,AtRimAccuracy,player_on,OffFGReboundPct,nba_id
0,2024,100.64102564102564,107.80911062906723,89.0,141.0,56.0,75.0,111.0,468.0,461.0,77.0,39.0,16.0,24.0,136.0,497.0,471.0,44.0,256.0,42.0,0.5304740406320542,0.2794117647058823,0.7066326530612245,96.06894075403947,0.3596938775510204,14.948717948717947,15.030368763557483,232.0,0.5,0.7016806722689075,0.6312056737588653,True,0.2358490566037736,1630591
1,2024,102.04081632653062,101.48514851485147,32.0,49.0,18.0,28.0,35.0,196.0,202.0,30.0,18.0,13.0,13.0,73.0,205.0,200.0,22.0,103.0,14.0,0.5263157894736842,0.3013698630136986,0.6931818181818182,91.91980753809142,0.2784090909090909,14.841836734693878,16.465346534653467,104.0,0.5652173913043478,0.6732673267326733,0.6530612244897959,False,0.2105263157894736,1630591
