index,year,ortg,drtg,AtRimFGM,AtRimFGA,AtRimAssists,Turnovers,FTA,OffPoss,DefPoss,TwoPtAssists,Steals,BadPassSteals,ThreePtAssists,FG3A,OpponentPoints,Points,SecondChancePoints,FG2A,LiveBallTurnovers,TsPct,Fg3Pct,AtRimFG3AFrequency,Pace,AtRimFrequency,SecondsPerPossOff,SecondsPerPossDef,Minutes,DefAtRimReboundPct,DefFGReboundPct,AtRimAccuracy,player_on,OffFGReboundPct,nba_id
0,2024,100.0,183.33333333333331,1.0,2.0,1.0,2.0,,6.0,6.0,1.0,,,,,11.0,6.0,2.0,4.0,,0.75,,0.5,111.48387096774194,0.5,13.5,12.333333333333334,3.0,,1.0,0.5,True,1.0,1630608
1,2024,119.05982905982906,110.2413328433174,1492.0,2192.0,870.0,1017.0,2013.0,8190.0,8163.0,1385.0,727.0,449.0,830.0,2682.0,8999.0,9751.0,1140.0,4615.0,531.0,0.5949902008819207,0.3695003728560775,0.6679457311223791,99.39984381925244,0.3003974235987392,14.513797313797314,14.460002450079628,3948.0,0.6256684491978609,0.733456366991827,0.6806569343065694,False,0.2596153846153846,1630608
