index,year,ortg,drtg,AtRimFGM,AtRimFGA,AtRimAssists,Turnovers,FTA,OffPoss,DefPoss,TwoPtAssists,Steals,BadPassSteals,ThreePtAssists,FG3A,OpponentPoints,Points,SecondChancePoints,FG2A,LiveBallTurnovers,TsPct,Fg3Pct,AtRimFG3AFrequency,Pace,AtRimFrequency,SecondsPerPossOff,SecondsPerPossDef,Minutes,DefAtRimReboundPct,DefFGReboundPct,AtRimAccuracy,player_on,OffFGReboundPct,nba_id
0,2022,110.0,100.0,5.0,7.0,3.0,5.0,6.0,30.0,31.0,3.0,2.0,1.0,1.0,8.0,31.0,33.0,9.0,20.0,4.0,0.532258064516129,0.375,0.5357142857142857,111.7557251908397,0.25,12.566666666666666,13.193548387096774,13.0,1.0,0.8571428571428571,0.7142857142857143,True,0.4666666666666667,1630531
1,2022,113.5813953488372,113.07977736549164,180.0,256.0,100.0,171.0,266.0,1075.0,1078.0,141.0,71.0,39.0,116.0,392.0,1219.0,1221.0,127.0,519.0,81.0,0.5947265625,0.3724489795918367,0.7113062568605928,90.9878499735869,0.2810098792535675,16.071627906976744,15.581632653061224,568.0,0.6338028169014085,0.7170542635658915,0.703125,False,0.2346723044397463,1630531
2,2023,100.0,90.9090909090909,3.0,5.0,,6.0,7.0,33.0,33.0,3.0,3.0,1.0,1.0,9.0,30.0,33.0,5.0,16.0,3.0,0.5892857142857143,0.1111111111111111,0.56,93.72781065088758,0.2,14.0,16.727272727272727,17.0,,0.7333333333333333,0.6,True,0.25,1630531
3,2023,112.42299794661191,114.12487205731831,134.0,227.0,67.0,130.0,203.0,974.0,977.0,108.0,81.0,53.0,98.0,364.0,1115.0,1095.0,161.0,535.0,57.0,0.5525252525252525,0.3653846153846153,0.657397107897664,90.72660337143964,0.2525027808676307,16.886036960985628,14.860798362333677,516.0,0.7428571428571429,0.7843137254901961,0.5903083700440529,False,0.2769857433808554,1630531
4,2024,97.61904761904762,88.0952380952381,8.0,10.0,2.0,7.0,4.0,42.0,42.0,3.0,2.0,2.0,5.0,13.0,37.0,41.0,4.0,22.0,1.0,0.5540540540540541,0.4615384615384615,0.6571428571428571,91.49773071104389,0.2857142857142857,16.071428571428573,15.404761904761903,22.0,0.5,0.9047619047619048,0.8,True,0.2105263157894736,1630531
5,2024,118.4102863822326,109.89461358313817,290.0,393.0,168.0,212.0,363.0,1711.0,1708.0,236.0,117.0,66.0,208.0,751.0,1877.0,2026.0,205.0,807.0,96.0,0.5875,0.3581890812250333,0.7342747111681643,91.68609631643636,0.2522464698331194,16.276446522501463,15.13407494145199,895.0,0.7478260869565218,0.7713598074608905,0.7379134860050891,False,0.2599502487562189,1630531
