index,year,ortg,drtg,AtRimFGM,AtRimFGA,AtRimAssists,Turnovers,FTA,OffPoss,DefPoss,TwoPtAssists,Steals,BadPassSteals,ThreePtAssists,FG3A,OpponentPoints,Points,SecondChancePoints,FG2A,LiveBallTurnovers,TsPct,Fg3Pct,AtRimFG3AFrequency,Pace,AtRimFrequency,SecondsPerPossOff,SecondsPerPossDef,Minutes,DefAtRimReboundPct,DefFGReboundPct,AtRimAccuracy,player_on,OffFGReboundPct,nba_id
0,2022,113.8095238095238,114.08450704225352,33.0,36.0,18.0,37.0,47.0,210.0,213.0,31.0,13.0,4.0,26.0,67.0,243.0,239.0,26.0,96.0,21.0,0.6459459459459459,0.4477611940298507,0.6319018404907976,97.03998725505816,0.2208588957055214,15.271428571428572,14.413145539906104,105.0,0.6,0.8651685393258427,0.9166666666666666,True,0.2077922077922078,1630541
1,2022,116.15263983272348,110.31413612565446,216.0,312.0,133.0,283.0,388.0,1913.0,1910.0,321.0,157.0,106.0,216.0,754.0,2107.0,2222.0,299.0,978.0,140.0,0.5841269841269842,0.3687002652519894,0.6154734411085451,96.44062155107476,0.1801385681293302,14.42498693152117,15.438743455497384,951.0,0.6375,0.7248677248677249,0.6923076923076923,False,0.2776523702031602,1630541
2,2023,107.71513353115726,113.55421686746988,40.0,73.0,25.0,51.0,59.0,337.0,332.0,50.0,22.0,9.0,44.0,136.0,377.0,363.0,42.0,167.0,28.0,0.5535168195718655,0.375,0.6897689768976898,99.50010328444536,0.2409240924092409,14.747774480712168,14.19277108433735,161.0,0.4666666666666667,0.7228915662650602,0.547945205479452,True,0.2590361445783132,1630541
3,2023,113.42213114754098,112.0777891504606,144.0,198.0,100.0,136.0,197.0,976.0,977.0,171.0,72.0,36.0,101.0,417.0,1095.0,1107.0,157.0,497.0,69.0,0.551,0.328537170263789,0.6728665207877462,101.3156567476043,0.2166301969365426,14.7202868852459,13.706243602865916,463.0,0.6101694915254238,0.697286012526096,0.7272727272727273,False,0.306910569105691,1630541
