index,year,ortg,drtg,AtRimFGM,AtRimFGA,AtRimAssists,Turnovers,FTA,OffPoss,DefPoss,TwoPtAssists,Steals,BadPassSteals,ThreePtAssists,FG3A,OpponentPoints,Points,SecondChancePoints,FG2A,LiveBallTurnovers,TsPct,Fg3Pct,AtRimFG3AFrequency,Pace,AtRimFrequency,SecondsPerPossOff,SecondsPerPossDef,Minutes,DefAtRimReboundPct,DefFGReboundPct,AtRimAccuracy,player_on,OffFGReboundPct,nba_id
0,2021,115.78947368421052,86.33540372670808,35.0,48.0,20.0,25.0,42.0,152.0,161.0,27.0,16.0,11.0,15.0,45.0,139.0,176.0,21.0,76.0,15.0,0.624113475177305,0.4,0.768595041322314,105.87737843551795,0.396694214876033,12.960526315789474,14.20496894409938,71.0,0.7619047619047619,0.6941176470588235,0.7291666666666666,True,0.2727272727272727,1630189
1,2021,113.86978785662032,116.52072387624052,1133.0,1753.0,576.0,883.0,1585.0,6835.0,6852.0,874.0,513.0,348.0,719.0,2500.0,7984.0,7783.0,928.0,3665.0,436.0,0.5661259681426275,0.3644,0.6898621248986212,96.6477548558567,0.2843471208434712,14.681053401609365,15.117338003502628,3399.0,0.642,0.7570888468809074,0.6463205932686823,False,0.2588271415412956,1630189
