index,year,ortg,drtg,AtRimFGM,AtRimFGA,AtRimAssists,Turnovers,FTA,OffPoss,DefPoss,TwoPtAssists,Steals,BadPassSteals,ThreePtAssists,FG3A,OpponentPoints,Points,SecondChancePoints,FG2A,LiveBallTurnovers,TsPct,Fg3Pct,AtRimFG3AFrequency,Pace,AtRimFrequency,SecondsPerPossOff,SecondsPerPossDef,Minutes,DefAtRimReboundPct,DefFGReboundPct,AtRimAccuracy,player_on,OffFGReboundPct,nba_id
0,2024,116.16379310344828,96.3519313304721,82.0,116.0,39.0,68.0,145.0,464.0,466.0,65.0,46.0,26.0,56.0,160.0,449.0,539.0,80.0,232.0,25.0,0.5862445414847162,0.375,0.7040816326530612,98.82665485941996,0.2959183673469387,14.254310344827584,14.8862660944206,226.0,0.6382978723404256,0.7112068965517241,0.7068965517241379,True,0.3115577889447236,1630641
1,2024,117.99788415763024,109.38780907047467,1486.0,2107.0,893.0,1105.0,1793.0,7562.0,7563.0,1347.0,683.0,413.0,757.0,2570.0,8273.0,8923.0,1086.0,4142.0,602.0,0.5950341319769776,0.3490272373540856,0.6968116805721096,96.7961281548738,0.3139153754469607,14.724411531340914,15.028824540526246,3750.0,0.6131386861313869,0.6887190300474433,0.7052681537731371,False,0.2931605905393191,1630641
