index,year,ortg,drtg,AtRimFGM,AtRimFGA,AtRimAssists,Turnovers,FTA,OffPoss,DefPoss,TwoPtAssists,Steals,BadPassSteals,ThreePtAssists,FG3A,OpponentPoints,Points,SecondChancePoints,FG2A,LiveBallTurnovers,TsPct,Fg3Pct,AtRimFG3AFrequency,Pace,AtRimFrequency,SecondsPerPossOff,SecondsPerPossDef,Minutes,DefAtRimReboundPct,DefFGReboundPct,AtRimAccuracy,player_on,OffFGReboundPct,nba_id
0,2023,118.43191196698764,115.12261580381472,271.0,411.0,148.0,176.0,376.0,1454.0,1468.0,222.0,99.0,64.0,149.0,486.0,1690.0,1722.0,253.0,830.0,73.0,0.5835597826086957,0.3436213991769547,0.6816109422492401,98.99258910716388,0.3123100303951368,14.194635488308116,14.89509536784741,708.0,0.647887323943662,0.78125,0.6593673965936739,True,0.2955882352941176,1630702
1,2023,116.9141282718506,117.91090629800308,1175.0,1708.0,652.0,899.0,1670.0,6533.0,6510.0,1042.0,423.0,276.0,631.0,2110.0,7676.0,7638.0,932.0,3639.0,441.0,0.5874574698422518,0.3535545023696682,0.6641154983475387,95.5069538023442,0.2970951469820838,14.609061686820755,15.547465437788018,3278.0,0.6866359447004609,0.7859894921190893,0.6879391100702577,False,0.2749653259361997,1630702
2,2024,117.35776277724204,110.64237775647172,359.0,523.0,205.0,300.0,487.0,2074.0,2086.0,338.0,162.0,101.0,214.0,716.0,2308.0,2434.0,327.0,1125.0,139.0,0.591662603607996,0.3659217877094972,0.6730038022813688,100.93344566133108,0.2840847365562194,14.251205400192864,14.2823585810163,989.0,0.6069364161849711,0.7359263050153532,0.6864244741873805,True,0.2988004362050163,1630702
3,2024,115.69013622189398,120.78817733990148,1047.0,1544.0,611.0,827.0,1285.0,6093.0,6090.0,1006.0,441.0,288.0,700.0,2205.0,7356.0,7049.0,846.0,3367.0,424.0,0.5735558828342333,0.3687074829931973,0.6728284278535535,99.0543729885382,0.2770997846374731,14.681601838174954,14.393267651888342,2952.0,0.6675257731958762,0.7536179450072359,0.6781088082901554,False,0.2771042604780048,1630702
