index,year,ortg,drtg,AtRimFGM,AtRimFGA,AtRimAssists,Turnovers,FTA,OffPoss,DefPoss,TwoPtAssists,Steals,BadPassSteals,ThreePtAssists,FG3A,OpponentPoints,Points,SecondChancePoints,FG2A,LiveBallTurnovers,TsPct,Fg3Pct,AtRimFG3AFrequency,Pace,AtRimFrequency,SecondsPerPossOff,SecondsPerPossDef,Minutes,DefAtRimReboundPct,DefFGReboundPct,AtRimAccuracy,player_on,OffFGReboundPct,nba_id
0,2022,106.32911392405065,98.73417721518987,16.0,22.0,11.0,9.0,15.0,79.0,79.0,16.0,6.0,2.0,9.0,30.0,78.0,84.0,,38.0,5.0,0.56,0.3,0.7647058823529411,100.27324812692817,0.3235294117647059,13.075949367088608,15.645569620253164,38.0,0.5,0.7560975609756098,0.7272727272727273,True,0.1470588235294117,1630209
1,2022,112.07004377736084,108.130081300813,258.0,385.0,139.0,224.0,373.0,1599.0,1599.0,218.0,144.0,78.0,151.0,596.0,1729.0,1792.0,258.0,872.0,107.0,0.5522249690976514,0.313758389261745,0.6682561307901907,92.8994775170967,0.2622615803814714,15.611006879299564,15.390243902439025,826.0,0.6825396825396826,0.7594405594405594,0.6701298701298701,False,0.2926208651399491,1630209
2,2023,105.88235294117646,114.70588235294116,4.0,6.0,1.0,5.0,7.0,34.0,34.0,3.0,,,4.0,15.0,39.0,36.0,9.0,16.0,2.0,0.5294117647058824,0.3333333333333333,0.6774193548387096,104.2811501597444,0.1935483870967742,15.970588235294118,11.647058823529411,16.0,1.0,0.5625,0.6666666666666666,True,0.4444444444444444,1630209
3,2023,114.82000935016364,113.36146272855132,318.0,495.0,182.0,264.0,448.0,2139.0,2133.0,302.0,161.0,94.0,233.0,759.0,2418.0,2456.0,259.0,1207.0,131.0,0.568973525313516,0.380764163372859,0.6378433367243134,93.7741802716422,0.2517802644964395,15.879850397381954,14.83075480543835,1093.0,0.6441717791411042,0.7193515704154002,0.6424242424242425,False,0.2550724637681159,1630209
