index,year,ortg,drtg,AtRimFGM,AtRimFGA,AtRimAssists,Turnovers,FTA,OffPoss,DefPoss,TwoPtAssists,Steals,BadPassSteals,ThreePtAssists,FG3A,OpponentPoints,Points,SecondChancePoints,FG2A,LiveBallTurnovers,TsPct,Fg3Pct,AtRimFG3AFrequency,Pace,AtRimFrequency,SecondsPerPossOff,SecondsPerPossDef,Minutes,DefAtRimReboundPct,DefFGReboundPct,AtRimAccuracy,player_on,OffFGReboundPct,nba_id
0,2024,67.6470588235294,102.85714285714286,6.0,10.0,3.0,5.0,5.0,34.0,35.0,3.0,3.0,3.0,1.0,10.0,36.0,23.0,,18.0,3.0,0.3833333333333333,0.1,0.7142857142857143,97.6031434184676,0.3571428571428571,13.941176470588236,15.542857142857144,17.0,0.6666666666666666,0.7692307692307693,0.6,True,0.0555555555555555,1630700
1,2024,96.82080924855492,111.27167630057804,46.0,86.0,21.0,67.0,59.0,346.0,346.0,42.0,32.0,15.0,32.0,121.0,385.0,335.0,63.0,189.0,29.0,0.4970326409495549,0.2809917355371901,0.667741935483871,94.8847838506951,0.2774193548387096,15.46242774566474,14.890173410404625,175.0,0.75,0.8,0.5348837209302325,False,0.3093922651933701,1630700
