index,year,ortg,drtg,AtRimFGM,AtRimFGA,AtRimAssists,Turnovers,FTA,OffPoss,DefPoss,TwoPtAssists,Steals,BadPassSteals,ThreePtAssists,FG3A,OpponentPoints,Points,SecondChancePoints,FG2A,LiveBallTurnovers,TsPct,Fg3Pct,AtRimFG3AFrequency,Pace,AtRimFrequency,SecondsPerPossOff,SecondsPerPossDef,Minutes,DefAtRimReboundPct,DefFGReboundPct,AtRimAccuracy,player_on,OffFGReboundPct,nba_id
0,2021,103.0,111.76470588235294,16.0,26.0,6.0,14.0,22.0,100.0,102.0,8.0,9.0,7.0,14.0,39.0,114.0,103.0,17.0,43.0,7.0,0.5543478260869565,0.4358974358974359,0.7926829268292683,106.8626010286554,0.3170731707317073,14.7,12.27450980392157,45.0,0.4,0.7073170731707317,0.6153846153846154,True,0.1777777777777777,1630218
1,2021,117.95197740112994,113.94101876675605,1358.0,2025.0,748.0,973.0,1609.0,7080.0,7087.0,1094.0,536.0,335.0,707.0,2310.0,8075.0,8351.0,992.0,4046.0,536.0,0.5899617184176946,0.3792207792207792,0.6820327249842668,99.5446427700085,0.3185966016362492,14.6545197740113,14.277409341046988,3416.0,0.6185737976782753,0.7513277100905967,0.6706172839506173,False,0.2846829880728185,1630218
2,2022,95.50561797752808,113.63636363636364,9.0,18.0,6.0,15.0,19.0,89.0,88.0,10.0,6.0,4.0,7.0,29.0,100.0,85.0,12.0,41.0,6.0,0.5379746835443038,0.3448275862068966,0.6714285714285714,100.70327933623076,0.2571428571428571,14.674157303370787,13.920454545454543,42.0,0.5,0.5961538461538461,0.5,True,0.2564102564102564,1630218
3,2022,116.37803067788224,110.65066798614548,1506.0,2247.0,820.0,1091.0,1663.0,8084.0,8084.0,1210.0,662.0,407.0,850.0,2835.0,8945.0,9408.0,1206.0,4524.0,582.0,0.5809990084283589,0.3721340388007054,0.6905829596412556,99.01764563282283,0.3053403995108031,14.83164275111331,14.254082137555663,3919.0,0.637410071942446,0.750066260270342,0.6702269692923899,False,0.2776287553648068,1630218
