index,year,ortg,drtg,AtRimFGM,AtRimFGA,AtRimAssists,Turnovers,FTA,OffPoss,DefPoss,TwoPtAssists,Steals,BadPassSteals,ThreePtAssists,FG3A,OpponentPoints,Points,SecondChancePoints,FG2A,LiveBallTurnovers,TsPct,Fg3Pct,AtRimFG3AFrequency,Pace,AtRimFrequency,SecondsPerPossOff,SecondsPerPossDef,Minutes,DefAtRimReboundPct,DefFGReboundPct,AtRimAccuracy,player_on,OffFGReboundPct,nba_id
0,2021,109.6153846153846,112.42937853107344,57.0,82.0,39.0,64.0,94.0,364.0,354.0,52.0,24.0,16.0,46.0,141.0,398.0,399.0,37.0,152.0,39.0,0.5945945945945946,0.3687943262411347,0.7610921501706485,100.11813692263,0.2798634812286689,14.25824175824176,14.51129943502825,172.0,0.4722222222222222,0.7678571428571429,0.6951219512195121,True,0.2165605095541401,1630223
1,2021,113.35804299481096,112.7684787438898,1038.0,1583.0,595.0,1094.0,1691.0,6745.0,6751.0,931.0,453.0,292.0,843.0,2500.0,7613.0,7646.0,964.0,3305.0,579.0,0.5820450022960355,0.3796,0.703359173126615,98.4844906832613,0.2726959517657192,14.84936990363232,14.394015701377574,3289.0,0.6443768996960486,0.7565991405770411,0.6557169930511687,False,0.2783774942754334,1630223
