index,year,ortg,drtg,AtRimFGM,AtRimFGA,AtRimAssists,Turnovers,FTA,OffPoss,DefPoss,TwoPtAssists,Steals,BadPassSteals,ThreePtAssists,FG3A,OpponentPoints,Points,SecondChancePoints,FG2A,LiveBallTurnovers,TsPct,Fg3Pct,AtRimFG3AFrequency,Pace,AtRimFrequency,SecondsPerPossOff,SecondsPerPossDef,Minutes,DefAtRimReboundPct,DefFGReboundPct,AtRimAccuracy,player_on,OffFGReboundPct,nba_id
0,2021,114.6067415730337,100.0,31.0,41.0,13.0,26.0,37.0,178.0,182.0,24.0,11.0,6.0,21.0,67.0,182.0,204.0,27.0,91.0,10.0,0.5930232558139535,0.3283582089552239,0.6835443037974683,97.82977920362332,0.2594936708860759,14.275280898876405,15.153846153846152,88.0,0.6923076923076923,0.7395833333333334,0.7560975609756098,True,0.2467532467532467,1630211
1,2021,114.8260430200664,105.8994057109726,1180.0,1808.0,677.0,891.0,1353.0,6927.0,6899.0,1019.0,537.0,334.0,810.0,2582.0,7306.0,7954.0,815.0,3716.0,486.0,0.5776125929164845,0.3737412858249419,0.6970466814861861,98.2401152663808,0.2870752619879326,14.137288869640535,15.180750833454123,3378.0,0.6380165289256199,0.7534168564920274,0.6526548672566371,False,0.2444920440636475,1630211
