index,year,ortg,drtg,AtRimFGM,AtRimFGA,AtRimAssists,Turnovers,FTA,OffPoss,DefPoss,TwoPtAssists,Steals,BadPassSteals,ThreePtAssists,FG3A,OpponentPoints,Points,SecondChancePoints,FG2A,LiveBallTurnovers,TsPct,Fg3Pct,AtRimFG3AFrequency,Pace,AtRimFrequency,SecondsPerPossOff,SecondsPerPossDef,Minutes,DefAtRimReboundPct,DefFGReboundPct,AtRimAccuracy,player_on,OffFGReboundPct,nba_id
0,2023,116.27118644067797,110.2716468590832,191.0,282.0,122.0,145.0,313.0,1180.0,1178.0,200.0,87.0,58.0,105.0,359.0,1299.0,1372.0,178.0,686.0,75.0,0.5767284991568297,0.3314763231197771,0.6133971291866028,97.71280575539568,0.2698564593301435,14.41271186440678,15.061969439728353,579.0,0.66,0.724025974025974,0.6773049645390071,True,0.2734082397003745,1630559
1,2023,106.51629072681703,115.28822055137844,54.0,84.0,32.0,46.0,84.0,399.0,399.0,56.0,22.0,16.0,38.0,125.0,460.0,425.0,45.0,224.0,20.0,0.5463917525773195,0.344,0.5988538681948424,98.80653482373172,0.2406876790830945,14.43859649122807,14.709273182957393,194.0,0.5833333333333334,0.69377990430622,0.6428571428571429,False,0.1945945945945946,1630559
2,2024,115.07246376811594,118.02325581395348,85.0,115.0,53.0,33.0,60.0,345.0,344.0,71.0,22.0,15.0,23.0,105.0,406.0,397.0,35.0,213.0,20.0,0.5791788856304986,0.2761904761904762,0.6918238993710691,94.970805015794,0.3616352201257861,14.692753623188404,15.633720930232558,174.0,0.6486486486486487,0.7142857142857143,0.7391304347826086,True,0.1986754966887417,1630559
3,2024,103.0534351145038,103.78787878787878,17.0,31.0,8.0,22.0,34.0,131.0,132.0,16.0,8.0,5.0,12.0,42.0,137.0,135.0,15.0,63.0,12.0,0.5578512396694215,0.3571428571428571,0.6952380952380952,95.80571717682771,0.2952380952380952,15.534351145038167,14.530303030303031,66.0,0.6,0.7575757575757576,0.5483870967741935,False,0.175438596491228,1630559
