index,year,ortg,drtg,AtRimFGM,AtRimFGA,AtRimAssists,Turnovers,FTA,OffPoss,DefPoss,TwoPtAssists,Steals,BadPassSteals,ThreePtAssists,FG3A,OpponentPoints,Points,SecondChancePoints,FG2A,LiveBallTurnovers,TsPct,Fg3Pct,AtRimFG3AFrequency,Pace,AtRimFrequency,SecondsPerPossOff,SecondsPerPossDef,Minutes,DefAtRimReboundPct,DefFGReboundPct,AtRimAccuracy,player_on,OffFGReboundPct,nba_id
0,2021,100.0,80.0,2.0,4.0,2.0,1.0,3.0,10.0,10.0,2.0,1.0,1.0,1.0,3.0,8.0,10.0,,5.0,,0.5555555555555556,0.3333333333333333,0.875,87.53799392097264,0.5,14.3,18.6,5.0,,0.375,0.5,True,0.2,1630216
1,2021,122.48995983935744,108.83534136546184,86.0,118.0,46.0,58.0,146.0,498.0,498.0,79.0,42.0,23.0,51.0,148.0,542.0,610.0,61.0,292.0,24.0,0.601980198019802,0.3783783783783784,0.6045454545454545,101.92878970933124,0.2681818181818182,14.803212851405622,13.451807228915662,235.0,0.631578947368421,0.72,0.7288135593220338,False,0.2904761904761905,1630216
