index,year,ortg,drtg,AtRimFGM,AtRimFGA,AtRimAssists,Turnovers,FTA,OffPoss,DefPoss,TwoPtAssists,Steals,BadPassSteals,ThreePtAssists,FG3A,OpponentPoints,Points,SecondChancePoints,FG2A,LiveBallTurnovers,TsPct,Fg3Pct,AtRimFG3AFrequency,Pace,AtRimFrequency,SecondsPerPossOff,SecondsPerPossDef,Minutes,DefAtRimReboundPct,DefFGReboundPct,AtRimAccuracy,player_on,OffFGReboundPct,nba_id
0,2024,113.43283582089552,128.125,14.0,19.0,7.0,10.0,20.0,67.0,64.0,7.0,4.0,2.0,9.0,24.0,82.0,76.0,9.0,26.0,6.0,0.635593220338983,0.4583333333333333,0.86,105.09192200557102,0.38,13.656716417910449,13.75,30.0,0.1666666666666666,0.5,0.7368421052631579,True,0.1739130434782608,1630929
1,2024,116.90051826570598,115.10029014759682,1411.0,2135.0,867.0,1137.0,1769.0,7911.0,7927.0,1241.0,551.0,349.0,1030.0,3211.0,9124.0,9248.0,1130.0,3870.0,632.0,0.5875143623132899,0.369043911554033,0.7549781104363791,95.8406488349127,0.3015110860048016,15.314119580331184,14.736344140280057,3966.0,0.5944645006016848,0.7142857142857143,0.6608899297423888,False,0.2765607886089813,1630929
