index,year,ortg,drtg,AtRimFGM,AtRimFGA,AtRimAssists,Turnovers,FTA,OffPoss,DefPoss,TwoPtAssists,Steals,BadPassSteals,ThreePtAssists,FG3A,OpponentPoints,Points,SecondChancePoints,FG2A,LiveBallTurnovers,TsPct,Fg3Pct,AtRimFG3AFrequency,Pace,AtRimFrequency,SecondsPerPossOff,SecondsPerPossDef,Minutes,DefAtRimReboundPct,DefFGReboundPct,AtRimAccuracy,player_on,OffFGReboundPct,nba_id
0,2024,98.1818181818182,111.11111111111111,13.0,16.0,11.0,5.0,13.0,55.0,54.0,13.0,5.0,4.0,4.0,21.0,60.0,54.0,8.0,29.0,2.0,0.4821428571428571,0.1904761904761904,0.74,101.98830409356724,0.32,13.236363636363636,15.01851851851852,26.0,0.5,0.6,0.8125,True,0.3,1630311
1,2024,118.27811306811184,115.78232971372162,1291.0,1836.0,825.0,1169.0,1631.0,8119.0,8104.0,1408.0,567.0,356.0,977.0,3170.0,9383.0,9603.0,1280.0,4295.0,631.0,0.5869511896001962,0.3807570977917981,0.6705961152042866,98.8112343325507,0.2459477561955793,14.543626062322948,14.602912142152023,3940.0,0.6826003824091779,0.7307592640580461,0.7031590413943355,False,0.3082173798897348,1630311
