index,year,ortg,drtg,AtRimFGM,AtRimFGA,AtRimAssists,Turnovers,FTA,OffPoss,DefPoss,TwoPtAssists,Steals,BadPassSteals,ThreePtAssists,FG3A,OpponentPoints,Points,SecondChancePoints,FG2A,LiveBallTurnovers,TsPct,Fg3Pct,AtRimFG3AFrequency,Pace,AtRimFrequency,SecondsPerPossOff,SecondsPerPossDef,Minutes,DefAtRimReboundPct,DefFGReboundPct,AtRimAccuracy,player_on,OffFGReboundPct,nba_id
0,2024,121.48760330578511,83.06451612903226,27.0,36.0,15.0,21.0,28.0,121.0,124.0,19.0,6.0,5.0,16.0,44.0,103.0,147.0,22.0,56.0,11.0,0.6504424778761062,0.4090909090909091,0.8,99.49238578680205,0.36,14.15702479338843,14.78225806451613,59.0,0.6,0.7741935483870968,0.75,True,0.3636363636363636,1630658
1,2024,115.8299743495786,117.1089641677877,1394.0,2048.0,798.0,1079.0,1448.0,8187.0,8177.0,1312.0,667.0,436.0,969.0,3065.0,9576.0,9483.0,1206.0,4522.0,594.0,0.5767632318787435,0.3758564437194127,0.6739159087913537,100.39520437638998,0.2699354158428891,14.432844753878095,14.25367494191024,3912.0,0.6211878009630819,0.7672463768115942,0.6806640625,False,0.2642328312484044,1630658
