index,year,ortg,drtg,AtRimFGM,AtRimFGA,AtRimAssists,Turnovers,FTA,OffPoss,DefPoss,TwoPtAssists,Steals,BadPassSteals,ThreePtAssists,FG3A,OpponentPoints,Points,SecondChancePoints,FG2A,LiveBallTurnovers,TsPct,Fg3Pct,AtRimFG3AFrequency,Pace,AtRimFrequency,SecondsPerPossOff,SecondsPerPossDef,Minutes,DefAtRimReboundPct,DefFGReboundPct,AtRimAccuracy,player_on,OffFGReboundPct,nba_id
0,2024,112.45791245791246,115.77181208053692,60.0,97.0,40.0,51.0,51.0,297.0,298.0,73.0,21.0,11.0,22.0,74.0,345.0,334.0,49.0,205.0,31.0,0.5551839464882943,0.3378378378378378,0.6129032258064516,92.91833857499186,0.3476702508960573,14.973063973063972,16.02013422818792,154.0,0.6296296296296297,0.6691176470588235,0.6185567010309279,True,0.3695652173913043,1630543
1,2024,123.89791183294663,121.09314857582756,238.0,340.0,146.0,153.0,225.0,1293.0,1299.0,258.0,72.0,55.0,155.0,485.0,1573.0,1602.0,177.0,738.0,80.0,0.6075227963525835,0.3773195876288659,0.6745707277187244,92.52782666898038,0.2780049059689288,14.48646558391338,16.634334103156274,672.0,0.5833333333333334,0.69377990430622,0.7,False,0.2764505119453925,1630543
