index,year,ortg,drtg,AtRimFGM,AtRimFGA,AtRimAssists,Turnovers,FTA,OffPoss,DefPoss,TwoPtAssists,Steals,BadPassSteals,ThreePtAssists,FG3A,OpponentPoints,Points,SecondChancePoints,FG2A,LiveBallTurnovers,TsPct,Fg3Pct,AtRimFG3AFrequency,Pace,AtRimFrequency,SecondsPerPossOff,SecondsPerPossDef,Minutes,DefAtRimReboundPct,DefFGReboundPct,AtRimAccuracy,player_on,OffFGReboundPct,nba_id
0,2021,100.51546391752578,89.84771573604061,34.0,67.0,17.0,27.0,49.0,194.0,197.0,26.0,16.0,15.0,15.0,59.0,177.0,195.0,27.0,126.0,14.0,0.4779411764705882,0.288135593220339,0.6810810810810811,100.59674825799536,0.3621621621621622,13.778350515463918,14.842639593908627,93.0,0.7,0.7272727272727273,0.5074626865671642,True,0.3693693693693693,1630199
1,2021,113.24207291521162,113.63064448483154,1443.0,2296.0,843.0,945.0,1444.0,7159.0,7153.0,1165.0,595.0,393.0,767.0,2386.0,8128.0,8107.0,897.0,3996.0,521.0,0.5771922307912025,0.3654652137468566,0.733625822626136,101.0937737598289,0.3597618301472892,13.808353121944403,14.680413812386412,3398.0,0.6031927023945268,0.7106293285155074,0.6284843205574913,False,0.2325084020776046,1630199
2,2022,104.76190476190476,108.15047021943572,47.0,79.0,24.0,48.0,104.0,315.0,319.0,39.0,27.0,18.0,21.0,93.0,345.0,330.0,44.0,180.0,21.0,0.5174603174603175,0.2795698924731182,0.63003663003663,98.1782987418002,0.2893772893772894,14.86984126984127,14.467084639498433,155.0,0.5,0.66,0.5949367088607594,True,0.2802547770700637,1630199
3,2022,106.75448792457703,114.7951931774131,1340.0,2194.0,716.0,1115.0,1702.0,7743.0,7739.0,1059.0,603.0,363.0,805.0,2745.0,8884.0,8266.0,1072.0,4249.0,585.0,0.5331602855288774,0.3275045537340619,0.7061767229053474,97.75489890862532,0.3136974549613955,14.837788970683198,14.623594779687298,3801.0,0.5915678524374176,0.7172473365966023,0.6107566089334548,False,0.2688448675070748,1630199
