index,year,ortg,drtg,AtRimFGM,AtRimFGA,AtRimAssists,Turnovers,FTA,OffPoss,DefPoss,TwoPtAssists,Steals,BadPassSteals,ThreePtAssists,FG3A,OpponentPoints,Points,SecondChancePoints,FG2A,LiveBallTurnovers,TsPct,Fg3Pct,AtRimFG3AFrequency,Pace,AtRimFrequency,SecondsPerPossOff,SecondsPerPossDef,Minutes,DefAtRimReboundPct,DefFGReboundPct,AtRimAccuracy,player_on,OffFGReboundPct,nba_id
0,2023,100.0,,1.0,2.0,,,,2.0,1.0,,,,,1.0,,2.0,2.0,2.0,,0.3333333333333333,,1.0,74.48275862068965,0.6666666666666666,22.0,14.0,1.0,,,0.5,True,1.0,1630554
1,2023,124.3353783231084,118.200408997955,56.0,77.0,34.0,61.0,144.0,489.0,489.0,97.0,43.0,26.0,36.0,117.0,578.0,608.0,68.0,313.0,33.0,0.6156186612576064,0.4102564102564102,0.4511627906976744,98.19550969181424,0.1790697674418604,14.877300613496931,14.4519427402863,239.0,0.6590909090909091,0.6794871794871795,0.7272727272727273,False,0.3069306930693069,1630554
