index,year,ortg,drtg,AtRimFGM,AtRimFGA,AtRimAssists,Turnovers,FTA,OffPoss,DefPoss,TwoPtAssists,Steals,BadPassSteals,ThreePtAssists,FG3A,OpponentPoints,Points,SecondChancePoints,FG2A,LiveBallTurnovers,TsPct,Fg3Pct,AtRimFG3AFrequency,Pace,AtRimFrequency,SecondsPerPossOff,SecondsPerPossDef,Minutes,DefAtRimReboundPct,DefFGReboundPct,AtRimAccuracy,player_on,OffFGReboundPct,nba_id
0,2022,110.8695652173913,130.43478260869566,11.0,17.0,9.0,3.0,24.0,46.0,46.0,12.0,5.0,3.0,1.0,13.0,60.0,51.0,2.0,26.0,2.0,0.5425531914893617,0.0769230769230769,0.7692307692307693,101.12977099236642,0.4358974358974359,14.173913043478262,14.304347826086955,22.0,0.5,0.9375,0.6470588235294118,True,0.1818181818181818,1630644
1,2022,114.2874528416697,110.87906750849928,1564.0,2340.0,882.0,1146.0,1887.0,8217.0,8236.0,1275.0,679.0,474.0,866.0,2922.0,9132.0,9391.0,1098.0,4463.0,624.0,0.5714635340186001,0.3528405201916496,0.7125253893026405,99.35969804990565,0.3168584969532836,14.481075818425216,14.504492472073824,3974.0,0.6666666666666666,0.7563249001331558,0.6683760683760683,False,0.2739654269250917,1630644
2,2022,133.33333333333334,100.0,1.0,1.0,,,6.0,6.0,6.0,,1.0,1.0,,1.0,6.0,8.0,,1.0,,0.8,1.0,1.0,112.94117647058825,0.5,8.833333333333334,16.666666666666668,3.0,,,1.0,True,,1630644
3,2022,114.22880617453006,113.78452351331175,1535.0,2374.0,868.0,1071.0,1793.0,8033.0,8038.0,1253.0,583.0,350.0,796.0,2619.0,9146.0,9176.0,1042.0,4549.0,585.0,0.5756545820745217,0.3661702940053455,0.6965680803571429,97.8087715071828,0.3311941964285714,14.772563176895307,14.672679771087337,3943.0,0.6300417246175244,0.7612885462555066,0.6465880370682393,False,0.2581256771397616,1630644
4,2023,98.87640449438204,117.77777777777776,15.0,28.0,10.0,18.0,25.0,89.0,90.0,12.0,7.0,4.0,5.0,23.0,106.0,88.0,7.0,49.0,11.0,0.5304878048780488,0.3478260869565217,0.7083333333333334,104.6103896103896,0.3888888888888889,12.561797752808989,14.955555555555556,41.0,0.8571428571428571,0.7027027027027027,0.5357142857142857,True,0.238095238095238,1630644
5,2023,114.46365022877478,118.70393900889454,1427.0,2080.0,804.0,1153.0,1918.0,7868.0,7870.0,1191.0,533.0,335.0,778.0,2712.0,9342.0,9006.0,1034.0,4221.0,624.0,0.5792123950936088,0.3480825958702065,0.6911870763017453,95.98942802927624,0.3000144237703736,14.6779359430605,15.32528589580686,3935.0,0.6409155937052933,0.7497797356828194,0.6860576923076923,False,0.2717818999437886,1630644
