index,year,ortg,drtg,AtRimFGM,AtRimFGA,AtRimAssists,Turnovers,FTA,OffPoss,DefPoss,TwoPtAssists,Steals,BadPassSteals,ThreePtAssists,FG3A,OpponentPoints,Points,SecondChancePoints,FG2A,LiveBallTurnovers,TsPct,Fg3Pct,AtRimFG3AFrequency,Pace,AtRimFrequency,SecondsPerPossOff,SecondsPerPossDef,Minutes,DefAtRimReboundPct,DefFGReboundPct,AtRimAccuracy,player_on,OffFGReboundPct,nba_id
0,2022,93.33333333333331,118.75,1.0,2.0,,2.0,8.0,15.0,16.0,1.0,1.0,,1.0,2.0,19.0,14.0,1.0,8.0,1.0,0.5,0.5,0.4,104.05594405594404,0.2,14.266666666666667,13.4375,7.0,1.0,0.75,0.5,True,0.1666666666666666,1630556
1,2022,117.54874651810584,121.16991643454038,46.0,67.0,28.0,59.0,95.0,359.0,359.0,52.0,31.0,18.0,35.0,107.0,435.0,422.0,57.0,195.0,34.0,0.6115942028985507,0.4205607476635514,0.5761589403973509,93.22153097105762,0.2218543046357615,15.24791086350975,15.646239554317548,185.0,0.5483870967741935,0.656441717791411,0.6865671641791045,False,0.3034482758620689,1630556
2,2023,136.36363636363637,58.8235294117647,1.0,4.0,,2.0,3.0,11.0,17.0,,1.0,,2.0,8.0,10.0,15.0,4.0,5.0,1.0,0.5,0.375,0.9230769230769232,96.69064748201438,0.3076923076923077,16.181818181818183,14.058823529411764,7.0,,1.0,0.25,True,0.75,1630556
3,2023,110.62322946175638,113.61702127659576,89.0,130.0,51.0,97.0,177.0,706.0,705.0,84.0,53.0,33.0,68.0,270.0,801.0,781.0,117.0,386.0,61.0,0.5277777777777778,0.3037037037037037,0.6097560975609756,102.91445069138427,0.198170731707317,13.03257790368272,14.953191489361702,329.0,0.5813953488372093,0.7096774193548387,0.6846153846153846,False,0.3378378378378378,1630556
