index,year,ortg,drtg,AtRimFGM,AtRimFGA,AtRimAssists,Turnovers,FTA,OffPoss,DefPoss,TwoPtAssists,Steals,BadPassSteals,ThreePtAssists,FG3A,OpponentPoints,Points,SecondChancePoints,FG2A,LiveBallTurnovers,TsPct,Fg3Pct,AtRimFG3AFrequency,Pace,AtRimFrequency,SecondsPerPossOff,SecondsPerPossDef,Minutes,DefAtRimReboundPct,DefFGReboundPct,AtRimAccuracy,player_on,OffFGReboundPct,nba_id
0,2022,104.60526315789474,90.0,24.0,34.0,16.0,23.0,32.0,152.0,150.0,23.0,12.0,10.0,15.0,48.0,135.0,159.0,20.0,78.0,9.0,0.5719424460431655,0.3958333333333333,0.6507936507936508,97.7478084962913,0.2698412698412698,14.421052631578949,15.046666666666669,74.0,0.5833333333333334,0.7439024390243902,0.7058823529411765,True,0.2537313432835821,1630225
1,2022,115.0267652306908,111.8734855248055,1269.0,1862.0,713.0,949.0,1796.0,7846.0,7841.0,1167.0,586.0,387.0,736.0,2559.0,8772.0,9025.0,1022.0,4602.0,513.0,0.5670376928914749,0.3602969910121141,0.6173718754363916,96.73754127214563,0.260019550342131,14.63561050216671,15.13582451217957,3892.0,0.6393162393162393,0.7589585666293394,0.6815252416756176,False,0.2597437266417512,1630225
2,2023,104.51127819548871,98.50746268656717,23.0,30.0,14.0,20.0,36.0,133.0,134.0,25.0,10.0,6.0,6.0,31.0,132.0,139.0,17.0,79.0,12.0,0.547244094488189,0.2903225806451613,0.5545454545454546,104.36482084690554,0.2727272727272727,13.406015037593985,14.186567164179104,61.0,0.25,0.7714285714285715,0.7666666666666667,True,0.2586206896551724,1630225
3,2023,116.34373427277302,115.28285246314728,1378.0,2006.0,751.0,989.0,1759.0,7948.0,7937.0,1202.0,572.0,351.0,803.0,2660.0,9150.0,9247.0,1156.0,4598.0,550.0,0.5767546603277868,0.3669172932330827,0.6428768255717828,97.95352063822406,0.2763846789749242,14.352164066431806,15.050018898828272,3892.0,0.608534322820037,0.734375,0.6869391824526421,False,0.2699680511182108,1630225
