index,year,ortg,drtg,AtRimFGM,AtRimFGA,AtRimAssists,Turnovers,FTA,OffPoss,DefPoss,TwoPtAssists,Steals,BadPassSteals,ThreePtAssists,FG3A,OpponentPoints,Points,SecondChancePoints,FG2A,LiveBallTurnovers,TsPct,Fg3Pct,AtRimFG3AFrequency,Pace,AtRimFrequency,SecondsPerPossOff,SecondsPerPossDef,Minutes,DefAtRimReboundPct,DefFGReboundPct,AtRimAccuracy,player_on,OffFGReboundPct,nba_id
0,2022,113.6986301369863,112.5,19.0,24.0,8.0,8.0,18.0,73.0,72.0,8.0,5.0,2.0,7.0,26.0,81.0,83.0,13.0,47.0,5.0,0.5189873417721519,0.2692307692307692,0.684931506849315,95.6481905634448,0.3287671232876712,14.726027397260276,15.38888888888889,36.0,0.6,0.5769230769230769,0.7916666666666666,True,0.375,1630201
1,2022,110.74380165289256,122.24532224532224,79.0,107.0,46.0,52.0,108.0,484.0,481.0,64.0,35.0,19.0,45.0,171.0,588.0,536.0,65.0,272.0,26.0,0.5438775510204081,0.3040935672514619,0.6275395033860045,90.25134766512956,0.2415349887133182,15.524793388429751,16.388773388773387,257.0,0.6774193548387096,0.748792270531401,0.7383177570093458,False,0.2317596566523605,1630201
