index,year,ortg,drtg,AtRimFGM,AtRimFGA,AtRimAssists,Turnovers,FTA,OffPoss,DefPoss,TwoPtAssists,Steals,BadPassSteals,ThreePtAssists,FG3A,OpponentPoints,Points,SecondChancePoints,FG2A,LiveBallTurnovers,TsPct,Fg3Pct,AtRimFG3AFrequency,Pace,AtRimFrequency,SecondsPerPossOff,SecondsPerPossDef,Minutes,DefAtRimReboundPct,DefFGReboundPct,AtRimAccuracy,player_on,OffFGReboundPct,nba_id
0,2022,129.2134831460674,117.58241758241758,16.0,25.0,7.0,7.0,29.0,89.0,91.0,13.0,6.0,2.0,10.0,39.0,107.0,115.0,23.0,59.0,3.0,0.5180180180180181,0.3076923076923077,0.6530612244897959,93.9811457577955,0.2551020408163265,15.089887640449438,15.54945054945055,46.0,0.7777777777777778,0.6666666666666666,0.64,True,0.4642857142857143,1630787
1,2022,108.23470158650214,117.5759102935618,1298.0,2149.0,704.0,1179.0,1742.0,7942.0,7937.0,1046.0,651.0,413.0,811.0,2978.0,9332.0,8596.0,1094.0,4068.0,669.0,0.5489793298241109,0.3462055070517125,0.7276468918535339,97.71608789668464,0.3049957422651149,14.800428103752203,14.672672294317753,3900.0,0.6204481792717087,0.7260967379077615,0.6040018613308515,False,0.2592207792207792,1630787
