index,year,ortg,drtg,AtRimFGM,AtRimFGA,AtRimAssists,Turnovers,FTA,OffPoss,DefPoss,TwoPtAssists,Steals,BadPassSteals,ThreePtAssists,FG3A,OpponentPoints,Points,SecondChancePoints,FG2A,LiveBallTurnovers,TsPct,Fg3Pct,AtRimFG3AFrequency,Pace,AtRimFrequency,SecondsPerPossOff,SecondsPerPossDef,Minutes,DefAtRimReboundPct,DefFGReboundPct,AtRimAccuracy,player_on,OffFGReboundPct,nba_id
0,2021,92.40121580547113,108.73493975903614,44.0,74.0,19.0,57.0,80.0,329.0,332.0,34.0,37.0,26.0,23.0,113.0,361.0,304.0,65.0,179.0,31.0,0.4606060606060606,0.2389380530973451,0.6404109589041096,100.61733615221988,0.2534246575342466,15.19452887537994,13.436746987951809,158.0,0.6551724137931034,0.7342657342657343,0.5945945945945946,True,0.3222222222222222,1630253
1,2021,113.81159420289856,111.75108538350216,1170.0,1830.0,669.0,900.0,1456.0,6900.0,6910.0,1204.0,618.0,403.0,677.0,2145.0,7722.0,7853.0,1016.0,4171.0,521.0,0.5635800691244239,0.3617715617715618,0.6293540215326155,99.73119358074224,0.2897403419886004,14.122028985507246,14.755137481910277,3323.0,0.6544117647058824,0.7441570582736055,0.639344262295082,False,0.2770167427701674,1630253
