index,year,ortg,drtg,AtRimFGM,AtRimFGA,AtRimAssists,Turnovers,FTA,OffPoss,DefPoss,TwoPtAssists,Steals,BadPassSteals,ThreePtAssists,FG3A,OpponentPoints,Points,SecondChancePoints,FG2A,LiveBallTurnovers,TsPct,Fg3Pct,AtRimFG3AFrequency,Pace,AtRimFrequency,SecondsPerPossOff,SecondsPerPossDef,Minutes,DefAtRimReboundPct,DefFGReboundPct,AtRimAccuracy,player_on,OffFGReboundPct,nba_id
0,2022,118.80597014925372,107.07964601769912,60.0,95.0,33.0,40.0,90.0,335.0,339.0,47.0,24.0,9.0,42.0,104.0,363.0,398.0,47.0,182.0,22.0,0.6111111111111112,0.4423076923076923,0.6958041958041958,97.44578313253012,0.3321678321678322,13.304477611940298,16.233038348082594,166.0,0.4761904761904761,0.7567567567567568,0.631578947368421,True,0.2482269503546099,1630698
1,2022,109.5547309833024,112.36908391886516,1341.0,2220.0,775.0,1060.0,1502.0,7546.0,7543.0,1138.0,667.0,418.0,751.0,2617.0,8476.0,8267.0,979.0,4249.0,558.0,0.5492676431424767,0.3492548719908292,0.7044858724147975,95.8031746031746,0.3233323623652782,14.618870924993374,15.44292721728755,3780.0,0.6008522727272727,0.726693688477128,0.6040540540540541,False,0.2666304642954114,1630698
