index,year,ortg,drtg,AtRimFGM,AtRimFGA,AtRimAssists,Turnovers,FTA,OffPoss,DefPoss,TwoPtAssists,Steals,BadPassSteals,ThreePtAssists,FG3A,OpponentPoints,Points,SecondChancePoints,FG2A,LiveBallTurnovers,TsPct,Fg3Pct,AtRimFG3AFrequency,Pace,AtRimFrequency,SecondsPerPossOff,SecondsPerPossDef,Minutes,DefAtRimReboundPct,DefFGReboundPct,AtRimAccuracy,player_on,OffFGReboundPct,nba_id
0,2022,112.91666666666669,108.7866108786611,99.0,159.0,53.0,71.0,152.0,480.0,478.0,71.0,40.0,22.0,47.0,150.0,520.0,542.0,82.0,274.0,39.0,0.55,0.36,0.7287735849056604,101.29378074748514,0.375,13.952083333333333,14.481171548117157,227.0,0.7450980392156863,0.7902439024390244,0.6226415094339622,True,0.3232758620689655,1630162
1,2022,111.45038167938932,99.26470588235294,19.0,29.0,12.0,24.0,42.0,131.0,136.0,23.0,9.0,7.0,14.0,40.0,135.0,146.0,13.0,63.0,10.0,0.5991735537190083,0.375,0.6699029126213593,105.02048620595464,0.2815533980582524,14.213740458015268,13.227941176470589,61.0,0.625,0.7894736842105263,0.6551724137931034,False,0.2264150943396226,1630162
2,2023,122.27979274611398,118.08785529715762,66.0,97.0,41.0,47.0,94.0,386.0,387.0,69.0,26.0,20.0,37.0,131.0,457.0,472.0,53.0,225.0,26.0,0.5904522613065326,0.3893129770992366,0.6404494382022472,93.39822117805,0.2724719101123595,16.007772020725387,14.829457364341083,199.0,0.7222222222222222,0.8050314465408805,0.6804123711340206,True,0.3085714285714285,1630162
3,2023,102.0618556701031,75.26881720430107,17.0,26.0,9.0,13.0,15.0,97.0,93.0,10.0,10.0,4.0,9.0,31.0,70.0,99.0,9.0,52.0,7.0,0.5625,0.3870967741935484,0.6867469879518072,98.34651329978432,0.3132530120481928,13.804123711340209,15.516129032258064,46.0,0.4545454545454545,0.7457627118644068,0.6538461538461539,False,0.2093023255813953,1630162
4,2024,112.1187800963082,116.87898089171976,197.0,302.0,121.0,172.0,293.0,1246.0,1256.0,185.0,87.0,52.0,113.0,395.0,1468.0,1397.0,129.0,679.0,100.0,0.5768272425249169,0.369620253164557,0.648975791433892,92.5809435707678,0.2811918063314711,15.315409309791333,15.790605095541402,649.0,0.6220472440944882,0.7152658662092625,0.652317880794702,True,0.215439856373429,1630162
5,2024,113.27433628318585,112.0,44.0,66.0,25.0,37.0,54.0,226.0,225.0,31.0,20.0,11.0,17.0,74.0,252.0,256.0,24.0,125.0,16.0,0.5739910313901345,0.3513513513513513,0.7035175879396985,90.65326633165829,0.3316582914572864,15.823008849557525,15.946666666666667,119.0,0.5714285714285714,0.6504854368932039,0.6666666666666666,False,0.297029702970297,1630162
