index,year,ortg,drtg,AtRimFGM,AtRimFGA,AtRimAssists,Turnovers,FTA,OffPoss,DefPoss,TwoPtAssists,Steals,BadPassSteals,ThreePtAssists,FG3A,OpponentPoints,Points,SecondChancePoints,FG2A,LiveBallTurnovers,TsPct,Fg3Pct,AtRimFG3AFrequency,Pace,AtRimFrequency,SecondsPerPossOff,SecondsPerPossDef,Minutes,DefAtRimReboundPct,DefFGReboundPct,AtRimAccuracy,player_on,OffFGReboundPct,nba_id
0,2024,108.11715481171548,121.55172413793105,585.0,993.0,269.0,568.0,730.0,3585.0,3596.0,467.0,273.0,179.0,354.0,1213.0,4371.0,3876.0,624.0,2071.0,347.0,0.5361311839911062,0.3569661995053586,0.6717417783191231,97.62320154072732,0.3023751522533496,14.90097629009763,14.600667408231368,1765.0,0.6178571428571429,0.6976893453145058,0.5891238670694864,True,0.3056937534549475,1630703
1,2024,109.04590459045905,114.92099322799098,760.0,1234.0,360.0,681.0,950.0,4444.0,4430.0,640.0,354.0,224.0,433.0,1510.0,5091.0,4846.0,696.0,2562.0,382.0,0.5378517195176418,0.3350993377483444,0.6738703339882122,96.34307427847644,0.3030451866404715,15.117011701170116,14.775620767494356,2211.0,0.6021798365122616,0.7122448979591837,0.6158833063209076,False,0.3134866937302661,1630703
