index,year,ortg,drtg,AtRimFGM,AtRimFGA,AtRimAssists,Turnovers,FTA,OffPoss,DefPoss,TwoPtAssists,Steals,BadPassSteals,ThreePtAssists,FG3A,OpponentPoints,Points,SecondChancePoints,FG2A,LiveBallTurnovers,TsPct,Fg3Pct,AtRimFG3AFrequency,Pace,AtRimFrequency,SecondsPerPossOff,SecondsPerPossDef,Minutes,DefAtRimReboundPct,DefFGReboundPct,AtRimAccuracy,player_on,OffFGReboundPct,nba_id
0,2022,105.0,122.72727272727272,4.0,4.0,3.0,5.0,3.0,20.0,22.0,4.0,2.0,1.0,2.0,7.0,27.0,21.0,,7.0,3.0,0.65625,0.2857142857142857,0.7857142857142857,109.16967509025272,0.2857142857142857,12.9,13.454545454545457,9.0,,0.8888888888888888,1.0,True,,1630552
1,2022,117.41071428571428,103.1390134529148,74.0,113.0,42.0,61.0,103.0,448.0,446.0,68.0,45.0,26.0,53.0,185.0,460.0,526.0,83.0,229.0,26.0,0.5809312638580931,0.3459459459459459,0.7198067632850241,92.97703307814533,0.2729468599033816,15.667410714285714,15.307174887892376,231.0,0.7777777777777778,0.7475728155339806,0.6548672566371682,False,0.2910798122065727,1630552
2,2023,119.46902654867256,115.78947368421052,20.0,29.0,10.0,13.0,19.0,113.0,114.0,15.0,10.0,6.0,15.0,45.0,132.0,135.0,15.0,60.0,10.0,0.5921052631578947,0.4,0.7047619047619048,98.16216216216216,0.2761904761904762,14.938053097345133,14.403508771929824,56.0,0.5,0.7547169811320755,0.6896551724137931,True,0.2653061224489796,1630552
3,2023,120.08113590263692,115.60574948665298,100.0,145.0,54.0,64.0,80.0,493.0,487.0,77.0,29.0,21.0,57.0,189.0,563.0,592.0,57.0,247.0,36.0,0.6297872340425532,0.4074074074074074,0.7660550458715596,101.16129032258064,0.3325688073394495,14.454361054766734,14.012320328542094,232.0,0.5416666666666666,0.6846153846153846,0.6896551724137931,False,0.219047619047619,1630552
