index,year,ortg,drtg,AtRimFGM,AtRimFGA,AtRimAssists,Turnovers,FTA,OffPoss,DefPoss,TwoPtAssists,Steals,BadPassSteals,ThreePtAssists,FG3A,OpponentPoints,Points,SecondChancePoints,FG2A,LiveBallTurnovers,TsPct,Fg3Pct,AtRimFG3AFrequency,Pace,AtRimFrequency,SecondsPerPossOff,SecondsPerPossDef,Minutes,DefAtRimReboundPct,DefFGReboundPct,AtRimAccuracy,player_on,OffFGReboundPct,nba_id
0,2023,104.49826989619378,107.6158940397351,32.0,54.0,14.0,43.0,70.0,289.0,302.0,33.0,23.0,15.0,29.0,109.0,325.0,302.0,45.0,168.0,27.0,0.4870550161812297,0.3119266055045872,0.5884476534296029,101.50763358778627,0.1949458483754512,13.83044982698962,14.526490066225165,140.0,0.5882352941176471,0.7278911564625851,0.5925925925925926,True,0.3550295857988165,1630558
1,2023,115.42056074766356,115.71428571428572,58.0,80.0,37.0,56.0,110.0,428.0,420.0,51.0,31.0,18.0,41.0,169.0,486.0,494.0,76.0,223.0,35.0,0.5551801801801802,0.301775147928994,0.6352040816326531,103.69565217391305,0.2040816326530612,12.574766355140186,15.223809523809525,196.0,0.5769230769230769,0.702020202020202,0.725,False,0.3397129186602871,1630558
