index,year,ortg,drtg,AtRimFGM,AtRimFGA,AtRimAssists,Turnovers,FTA,OffPoss,DefPoss,TwoPtAssists,Steals,BadPassSteals,ThreePtAssists,FG3A,OpponentPoints,Points,SecondChancePoints,FG2A,LiveBallTurnovers,TsPct,Fg3Pct,AtRimFG3AFrequency,Pace,AtRimFrequency,SecondsPerPossOff,SecondsPerPossDef,Minutes,DefAtRimReboundPct,DefFGReboundPct,AtRimAccuracy,player_on,OffFGReboundPct,nba_id
0,2023,90.9090909090909,92.42424242424242,7.0,16.0,3.0,9.0,7.0,66.0,66.0,7.0,7.0,5.0,4.0,21.0,61.0,60.0,11.0,39.0,4.0,0.4761904761904761,0.2857142857142857,0.6166666666666667,99.4142259414226,0.2666666666666666,14.636363636363637,14.333333333333334,32.0,0.4285714285714285,0.7058823529411765,0.4375,True,0.2777777777777778,1630590
1,2023,114.71866698865009,115.24257784214338,1472.0,2182.0,791.0,1026.0,1699.0,8282.0,8286.0,1258.0,617.0,428.0,835.0,2971.0,9549.0,9501.0,1134.0,4668.0,522.0,0.5670381020848311,0.3439919219118142,0.6745647336038748,100.80711880305408,0.2856394816075402,14.313330113499156,14.256094617426983,3944.0,0.6099195710455764,0.7354540511147363,0.6746104491292392,False,0.2647355163727959,1630590
2,2024,114.15270018621972,106.163753449862,191.0,308.0,114.0,191.0,217.0,1074.0,1087.0,171.0,100.0,60.0,134.0,389.0,1154.0,1226.0,135.0,544.0,109.0,0.59765625,0.3933161953727506,0.7470525187566989,98.4385676325446,0.330117899249732,14.19925512104283,15.0524379024839,527.0,0.6693548387096774,0.7452830188679245,0.6201298701298701,True,0.2851153039832285,1630590
3,2024,115.02078257130572,108.15123634272572,1269.0,1988.0,747.0,1048.0,1568.0,6977.0,6956.0,1078.0,568.0,332.0,796.0,2516.0,7523.0,8025.0,1014.0,3679.0,564.0,0.5812227074235807,0.3755961844197138,0.7270379338175949,97.51501837198904,0.3209039548022598,14.480765371936362,15.054010925819435,3429.0,0.6228070175438597,0.7203585887796414,0.6383299798792756,False,0.2863894139886578,1630590
