index,year,ortg,drtg,AtRimFGM,AtRimFGA,AtRimAssists,Turnovers,FTA,OffPoss,DefPoss,TwoPtAssists,Steals,BadPassSteals,ThreePtAssists,FG3A,OpponentPoints,Points,SecondChancePoints,FG2A,LiveBallTurnovers,TsPct,Fg3Pct,AtRimFG3AFrequency,Pace,AtRimFrequency,SecondsPerPossOff,SecondsPerPossDef,Minutes,DefAtRimReboundPct,DefFGReboundPct,AtRimAccuracy,player_on,OffFGReboundPct,nba_id
0,2023,97.22222222222224,95.8041958041958,24.0,40.0,17.0,27.0,41.0,144.0,143.0,23.0,8.0,6.0,8.0,41.0,137.0,140.0,23.0,76.0,16.0,0.5147058823529411,0.2926829268292683,0.6923076923076923,92.3737147966026,0.3418803418803419,15.65277777777778,15.524475524475523,75.0,0.5333333333333333,0.6486486486486487,0.6,True,0.2923076923076923,1630171
1,2023,104.74683544303798,115.7051282051282,50.0,72.0,30.0,52.0,52.0,316.0,312.0,47.0,26.0,17.0,32.0,112.0,361.0,331.0,32.0,163.0,34.0,0.5518394648829431,0.3392857142857143,0.6690909090909091,91.10618577473302,0.2618181818181818,15.167721518987342,16.451923076923077,165.0,0.4722222222222222,0.5935483870967742,0.6944444444444444,False,0.2517482517482518,1630171
2,2024,104.70588235294116,108.65384615384616,95.0,142.0,53.0,73.0,97.0,510.0,520.0,71.0,42.0,23.0,35.0,183.0,565.0,534.0,41.0,263.0,41.0,0.5483539094650206,0.3333333333333333,0.7286995515695067,94.14154236750238,0.3183856502242152,14.590196078431372,15.988461538461538,263.0,0.5166666666666667,0.6856060606060606,0.6690140845070423,True,0.2116182572614107,1630171
3,2024,106.45695364238412,114.89001692047376,109.0,170.0,66.0,73.0,107.0,604.0,591.0,106.0,38.0,18.0,43.0,211.0,679.0,643.0,63.0,344.0,37.0,0.532392026578073,0.2985781990521327,0.6864864864864865,91.50757777186918,0.3063063063063063,15.57615894039735,15.900169204737733,313.0,0.64,0.7188612099644128,0.6411764705882353,False,0.223728813559322,1630171
