index,year,ortg,drtg,AtRimFGM,AtRimFGA,AtRimAssists,Turnovers,FTA,OffPoss,DefPoss,TwoPtAssists,Steals,BadPassSteals,ThreePtAssists,FG3A,OpponentPoints,Points,SecondChancePoints,FG2A,LiveBallTurnovers,TsPct,Fg3Pct,AtRimFG3AFrequency,Pace,AtRimFrequency,SecondsPerPossOff,SecondsPerPossDef,Minutes,DefAtRimReboundPct,DefFGReboundPct,AtRimAccuracy,player_on,OffFGReboundPct,nba_id
0,2022,131.4655172413793,117.16738197424893,37.0,47.0,17.0,35.0,73.0,232.0,233.0,29.0,20.0,13.0,27.0,77.0,273.0,305.0,43.0,131.0,18.0,0.63125,0.4285714285714285,0.5961538461538461,93.19415448851774,0.2259615384615384,15.56896551724138,15.334763948497852,120.0,0.6,0.71875,0.7872340425531915,True,0.3854166666666667,1630530
1,2022,108.92307692307692,121.16564417177914,60.0,96.0,34.0,52.0,100.0,325.0,326.0,53.0,18.0,10.0,19.0,81.0,395.0,354.0,61.0,217.0,29.0,0.5175953079178885,0.2839506172839506,0.5939597315436241,92.86181277860328,0.3221476510067114,16.113846153846154,14.901840490797548,168.0,0.8571428571428571,0.8382352941176471,0.625,False,0.4058823529411764,1630530
2,2024,93.993993993994,111.34328358208955,46.0,85.0,20.0,63.0,55.0,333.0,335.0,40.0,30.0,14.0,28.0,117.0,373.0,313.0,61.0,185.0,28.0,0.4785932721712538,0.2564102564102564,0.6688741721854304,95.40017851829812,0.2814569536423841,15.30930930930931,14.880597014925373,168.0,0.7631578947368421,0.8013245033112583,0.5411764705882353,True,0.3,1630530
3,2024,95.74468085106383,104.34782608695652,6.0,11.0,4.0,9.0,9.0,47.0,46.0,5.0,5.0,4.0,5.0,14.0,48.0,45.0,2.0,22.0,4.0,0.5625,0.3571428571428571,0.6944444444444444,93.19415448851775,0.3055555555555556,15.4468085106383,15.456521739130435,24.0,,0.7647058823529411,0.5454545454545454,False,0.1578947368421052,1630530
