index,year,ortg,drtg,AtRimFGM,AtRimFGA,AtRimAssists,Turnovers,FTA,OffPoss,DefPoss,TwoPtAssists,Steals,BadPassSteals,ThreePtAssists,FG3A,OpponentPoints,Points,SecondChancePoints,FG2A,LiveBallTurnovers,TsPct,Fg3Pct,AtRimFG3AFrequency,Pace,AtRimFrequency,SecondsPerPossOff,SecondsPerPossDef,Minutes,DefAtRimReboundPct,DefFGReboundPct,AtRimAccuracy,player_on,OffFGReboundPct,nba_id
0,2022,20.0,50.0,,,,,2.0,5.0,4.0,,1.0,1.0,,3.0,2.0,1.0,,1.0,,0.1,,0.75,70.43478260869564,,21.2,19.5,3.0,1.0,0.5,,True,,1630693
1,2022,111.52016028049086,114.86114585939454,1406.0,2009.0,843.0,1077.0,1776.0,7986.0,7994.0,1312.0,521.0,339.0,740.0,2509.0,9182.0,8906.0,976.0,4543.0,598.0,0.567870405941862,0.3427660422479075,0.6406693136698809,96.77679833120249,0.2848837209302325,15.130353117956425,14.629096822616964,3963.0,0.6233333333333333,0.7404880608764104,0.6998506719761075,False,0.2416438356164383,1630693
