index,year,ortg,drtg,AtRimFGM,AtRimFGA,AtRimAssists,Turnovers,FTA,OffPoss,DefPoss,TwoPtAssists,Steals,BadPassSteals,ThreePtAssists,FG3A,OpponentPoints,Points,SecondChancePoints,FG2A,LiveBallTurnovers,TsPct,Fg3Pct,AtRimFG3AFrequency,Pace,AtRimFrequency,SecondsPerPossOff,SecondsPerPossDef,Minutes,DefAtRimReboundPct,DefFGReboundPct,AtRimAccuracy,player_on,OffFGReboundPct,nba_id
0,2022,105.4054054054054,104.16666666666669,12.0,20.0,8.0,8.0,25.0,74.0,72.0,10.0,4.0,2.0,8.0,27.0,75.0,78.0,9.0,36.0,2.0,0.527027027027027,0.3703703703703703,0.746031746031746,99.59261013737566,0.3174603174603174,13.243243243243244,15.708333333333334,35.0,0.75,0.6842105263157895,0.6,True,0.3421052631578947,1630250
1,2022,113.85194479297364,114.3341282791515,1340.0,2055.0,724.0,1044.0,1741.0,7970.0,7967.0,1205.0,581.0,397.0,735.0,2337.0,9109.0,9074.0,904.0,4727.0,582.0,0.5793019376363403,0.3688489516474112,0.6217440543601359,97.80259025182292,0.2909116647791619,14.68745294855709,14.759633488138572,3911.0,0.5879518072289157,0.7424740010946907,0.6520681265206812,False,0.2376182526432944,1630250
2,2023,110.41666666666669,80.85106382978724,11.0,16.0,3.0,3.0,11.0,48.0,47.0,4.0,8.0,5.0,4.0,15.0,38.0,53.0,5.0,27.0,,0.5638297872340425,0.3333333333333333,0.7380952380952381,116.42553191489364,0.3809523809523809,10.458333333333334,14.319148936170214,20.0,1.0,0.7058823529411765,0.6875,True,0.2727272727272727,1630250
3,2023,114.10018552875697,112.74074074074076,1475.0,2206.0,762.0,1094.0,1777.0,8085.0,8100.0,1246.0,636.0,421.0,753.0,2352.0,9132.0,9225.0,865.0,4723.0,546.0,0.5874009711219014,0.360969387755102,0.6442402826855124,98.05005490136683,0.3118021201413427,14.291280148423006,15.08074074074074,3962.0,0.6202702702702703,0.7449864498644987,0.6686310063463282,False,0.2317862165963432,1630250
