index,year,ortg,drtg,AtRimFGM,AtRimFGA,AtRimAssists,Turnovers,FTA,OffPoss,DefPoss,TwoPtAssists,Steals,BadPassSteals,ThreePtAssists,FG3A,OpponentPoints,Points,SecondChancePoints,FG2A,LiveBallTurnovers,TsPct,Fg3Pct,AtRimFG3AFrequency,Pace,AtRimFrequency,SecondsPerPossOff,SecondsPerPossDef,Minutes,DefAtRimReboundPct,DefFGReboundPct,AtRimAccuracy,player_on,OffFGReboundPct,nba_id
0,2000,98.6,92.2,,,,,,,,,,,,,,,,,,,,,,,,,41.0,,,,True,0.281,1630
1,2000,107.1,86.2,,,,,,,,,,,,,,,,,,,,,,,,,102.0,,,,False,0.205,1630
2,2007,94.72954230235784,105.04087193460492,79.0,150.0,33.0,114.0,182.0,721.0,734.0,92.0,64.0,35.0,42.0,136.0,771.0,683.0,90.0,495.0,55.0,0.4767605633802816,0.3455882352941176,0.4532488114104596,87.44209340177788,0.2377179080824088,16.983356449375865,15.961852861035425,399.0,0.573170731707317,0.7151515151515152,0.5266666666666666,True,0.25,1630
3,2007,109.59302325581396,93.67469879518072,44.0,73.0,18.0,55.0,125.0,344.0,332.0,49.0,29.0,14.0,18.0,60.0,311.0,377.0,26.0,205.0,21.0,0.5804953560371517,0.35,0.5018867924528302,91.84262666289273,0.2754716981132075,14.854651162790695,16.533132530120483,177.0,0.6923076923076923,0.782312925170068,0.6027397260273972,False,0.2692307692307692,1630
4,2009,112.94964028776978,94.53125,16.0,31.0,5.0,25.0,58.0,139.0,128.0,15.0,15.0,11.0,9.0,34.0,121.0,157.0,21.0,74.0,16.0,0.5772058823529411,0.4117647058823529,0.6018518518518519,97.43537759756715,0.287037037037037,13.172661870503598,16.5234375,66.0,0.625,0.7419354838709677,0.5161290322580645,True,0.3584905660377358,1630
5,2009,106.26043405676128,108.003300330033,187.0,320.0,90.0,177.0,336.0,1198.0,1212.0,176.0,79.0,40.0,76.0,263.0,1309.0,1273.0,161.0,773.0,93.0,0.5342349957734573,0.3536121673003802,0.5627413127413128,90.20117481935851,0.3088803088803089,15.496661101836391,16.426567656765677,641.0,0.5844155844155844,0.7190226876090751,0.584375,False,0.259391771019678,1630
