index,year,ortg,drtg,AtRimFGM,AtRimFGA,AtRimAssists,Turnovers,FTA,OffPoss,DefPoss,TwoPtAssists,Steals,BadPassSteals,ThreePtAssists,FG3A,OpponentPoints,Points,SecondChancePoints,FG2A,LiveBallTurnovers,TsPct,Fg3Pct,AtRimFG3AFrequency,Pace,AtRimFrequency,SecondsPerPossOff,SecondsPerPossDef,Minutes,DefAtRimReboundPct,DefFGReboundPct,AtRimAccuracy,player_on,OffFGReboundPct,nba_id
0,2022,109.57868203096866,119.2875134940626,596.0,926.0,314.0,471.0,700.0,2777.0,2779.0,381.0,231.0,153.0,264.0,1004.0,3315.0,3043.0,439.0,1399.0,269.0,0.5618747684327529,0.3316733067729083,0.8031627132750728,99.93305021234076,0.3853516437786101,14.49909974792942,14.320259086002158,1334.0,0.5423728813559322,0.6881810561609388,0.6436285097192225,True,0.2863924050632911,1630528
1,2022,108.90799341503566,116.92335900256693,1029.0,1596.0,558.0,881.0,1310.0,5467.0,5454.0,685.0,371.0,239.0,602.0,2166.0,6377.0,5954.0,729.0,2515.0,508.0,0.5656990068754775,0.3564173591874423,0.8036744285409101,100.1409822912488,0.3409527878658406,14.64514358880556,14.113678034470114,2617.0,0.5971943887775552,0.7226792009400705,0.6447368421052632,False,0.2374447569304941,1630528
2,2023,107.90784557907844,122.22222222222224,306.0,496.0,143.0,269.0,399.0,1606.0,1602.0,230.0,124.0,71.0,106.0,462.0,1958.0,1733.0,264.0,975.0,153.0,0.537359900373599,0.3008658008658009,0.6666666666666666,97.93550849074605,0.3451635351426583,15.053549190535492,14.352684144818976,786.0,0.6106194690265486,0.7104136947218259,0.6169354838709677,True,0.3436692506459948,1630528
3,2023,112.53251721499618,119.07097961060862,1275.0,1954.0,663.0,1064.0,1679.0,6535.0,6523.0,952.0,476.0,274.0,550.0,2157.0,7767.0,7354.0,1108.0,3696.0,565.0,0.5576043889058214,0.3324061196105702,0.702374850504015,98.96016546410472,0.3338458909960703,15.08355011476664,14.018089835965046,3167.0,0.6193415637860082,0.7403813984610238,0.6525076765609007,False,0.3395061728395062,1630528
