index,year,ortg,drtg,AtRimFGM,AtRimFGA,AtRimAssists,Turnovers,FTA,OffPoss,DefPoss,TwoPtAssists,Steals,BadPassSteals,ThreePtAssists,FG3A,OpponentPoints,Points,SecondChancePoints,FG2A,LiveBallTurnovers,TsPct,Fg3Pct,AtRimFG3AFrequency,Pace,AtRimFrequency,SecondsPerPossOff,SecondsPerPossDef,Minutes,DefAtRimReboundPct,DefFGReboundPct,AtRimAccuracy,player_on,OffFGReboundPct,nba_id
0,2024,100.0,131.8181818181818,7.0,9.0,3.0,7.0,6.0,44.0,44.0,4.0,1.0,1.0,4.0,14.0,58.0,44.0,7.0,22.0,2.0,0.5641025641025641,0.4285714285714285,0.6388888888888888,96.80672268907564,0.25,16.613636363636363,13.136363636363637,22.0,0.5,0.7777777777777778,0.7777777777777778,True,0.2631578947368421,1630259
1,2024,115.877333992828,117.08158737983732,1240.0,1861.0,727.0,1132.0,1886.0,8087.0,8114.0,1293.0,605.0,358.0,907.0,2761.0,9500.0,9371.0,885.0,4317.0,623.0,0.5921954314720812,0.3868163708801159,0.6530093246679853,98.4568117458884,0.2629273806159932,15.053048101891925,14.19977816120286,3949.0,0.641156462585034,0.721298495645289,0.6663084363245567,False,0.2481974486966167,1630259
