index,year,ortg,drtg,AtRimFGM,AtRimFGA,AtRimAssists,Turnovers,FTA,OffPoss,DefPoss,TwoPtAssists,Steals,BadPassSteals,ThreePtAssists,FG3A,OpponentPoints,Points,SecondChancePoints,FG2A,LiveBallTurnovers,TsPct,Fg3Pct,AtRimFG3AFrequency,Pace,AtRimFrequency,SecondsPerPossOff,SecondsPerPossDef,Minutes,DefAtRimReboundPct,DefFGReboundPct,AtRimAccuracy,player_on,OffFGReboundPct,nba_id
0,2021,116.82692307692308,94.14634146341464,31.0,44.0,12.0,17.0,44.0,208.0,205.0,25.0,15.0,11.0,23.0,78.0,193.0,243.0,38.0,109.0,11.0,0.5869565217391305,0.3974358974358974,0.6524064171122995,100.95399762349346,0.2352941176470588,14.163461538461538,14.365853658536585,98.0,1.0,0.8315789473684211,0.7045454545454546,True,0.2727272727272727,1630216
1,2021,113.53610083573092,112.381865497877,940.0,1426.0,490.0,1038.0,1784.0,7299.0,7301.0,1000.0,572.0,370.0,714.0,2347.0,8205.0,8287.0,954.0,4060.0,517.0,0.5746861924686193,0.3685556028973157,0.5888871546745746,103.58232045287704,0.2225690650850632,14.287573640224688,13.516504588412548,3383.0,0.6590909090909091,0.7532744441060006,0.6591865357643759,False,0.2598614875037639,1630216
2,2022,113.9240506329114,107.6923076923077,12.0,13.0,4.0,8.0,23.0,79.0,78.0,10.0,5.0,4.0,9.0,24.0,84.0,90.0,12.0,41.0,5.0,0.6,0.4583333333333333,0.5692307692307692,96.65669089354424,0.2,14.974683544303796,14.82051282051282,39.0,0.4,0.7837837837837838,0.9230769230769232,True,0.2647058823529412,1630216
3,2022,114.83773203687336,111.50006318716036,1281.0,1883.0,725.0,964.0,1805.0,7919.0,7913.0,1180.0,593.0,393.0,742.0,2583.0,8823.0,9094.0,1030.0,4639.0,517.0,0.5668130489335006,0.3600464576074332,0.6183882581002492,96.7574197546059,0.2607310994184436,14.628109609799218,15.137242512321496,3927.0,0.6402027027027027,0.7583632844899088,0.6802973977695167,False,0.2595924847843345,1630216
