index,year,ortg,drtg,AtRimFGM,AtRimFGA,AtRimAssists,Turnovers,FTA,OffPoss,DefPoss,TwoPtAssists,Steals,BadPassSteals,ThreePtAssists,FG3A,OpponentPoints,Points,SecondChancePoints,FG2A,LiveBallTurnovers,TsPct,Fg3Pct,AtRimFG3AFrequency,Pace,AtRimFrequency,SecondsPerPossOff,SecondsPerPossDef,Minutes,DefAtRimReboundPct,DefFGReboundPct,AtRimAccuracy,player_on,OffFGReboundPct,nba_id
0,2021,96.36363636363636,105.55555555555556,6.0,12.0,3.0,9.0,13.0,55.0,54.0,5.0,3.0,2.0,6.0,22.0,57.0,53.0,,21.0,5.0,0.5408163265306123,0.2727272727272727,0.7906976744186046,96.05875152998776,0.2790697674418604,14.8,15.185185185185183,27.0,0.5,0.5416666666666666,0.5,True,0.16,1630203
1,2021,111.38303927148549,113.33617990321662,1244.0,2061.0,787.0,1058.0,1492.0,7028.0,7026.0,1109.0,562.0,369.0,813.0,2644.0,7963.0,7828.0,916.0,3637.0,577.0,0.5634026574234546,0.3702723146747352,0.7490845406782359,97.9439179967671,0.3281324629836013,14.483779169038131,14.92086535724452,3444.0,0.6170798898071626,0.7294332723948812,0.6035904900533722,False,0.2698982645122681,1630203
