index,year,ortg,drtg,AtRimFGM,AtRimFGA,AtRimAssists,Turnovers,FTA,OffPoss,DefPoss,TwoPtAssists,Steals,BadPassSteals,ThreePtAssists,FG3A,OpponentPoints,Points,SecondChancePoints,FG2A,LiveBallTurnovers,TsPct,Fg3Pct,AtRimFG3AFrequency,Pace,AtRimFrequency,SecondsPerPossOff,SecondsPerPossDef,Minutes,DefAtRimReboundPct,DefFGReboundPct,AtRimAccuracy,player_on,OffFGReboundPct,nba_id
0,2022,127.1186440677966,103.38983050847456,12.0,22.0,8.0,14.0,7.0,59.0,59.0,11.0,6.0,3.0,9.0,23.0,61.0,75.0,25.0,39.0,9.0,0.5681818181818182,0.4782608695652174,0.7258064516129032,107.40834386852086,0.3548387096774194,13.0,13.813559322033898,26.0,0.75,0.8421052631578947,0.5454545454545454,True,0.5625,1630688
1,2022,115.83552055993,118.40490797546012,177.0,247.0,118.0,157.0,239.0,1143.0,1141.0,226.0,80.0,54.0,88.0,330.0,1351.0,1324.0,130.0,684.0,91.0,0.5912343470483006,0.3545454545454545,0.5690335305719921,91.7217915109599,0.2435897435897435,15.177602799650044,16.222611744084137,598.0,0.5476190476190477,0.6819852941176471,0.7165991902834008,False,0.2514970059880239,1630688
2,2023,81.81818181818181,95.55555555555556,4.0,7.0,1.0,5.0,12.0,44.0,45.0,4.0,1.0,,3.0,17.0,43.0,36.0,6.0,21.0,4.0,0.4090909090909091,0.1764705882352941,0.631578947368421,101.87599364069952,0.1842105263157894,12.409090909090908,15.822222222222225,21.0,1.0,0.8,0.5714285714285714,True,0.3333333333333333,1630688
3,2023,118.9083820662768,120.8984375,109.0,152.0,63.0,128.0,245.0,1026.0,1024.0,187.0,68.0,46.0,76.0,267.0,1238.0,1220.0,117.0,650.0,76.0,0.5959843290891284,0.3745318352059925,0.4569247546346783,97.03504043126684,0.1657579062159214,14.558479532163744,15.1220703125,507.0,0.5609756097560976,0.684322033898305,0.7171052631578947,False,0.2572706935123042,1630688
