index,year,ortg,drtg,AtRimFGM,AtRimFGA,AtRimAssists,Turnovers,FTA,OffPoss,DefPoss,TwoPtAssists,Steals,BadPassSteals,ThreePtAssists,FG3A,OpponentPoints,Points,SecondChancePoints,FG2A,LiveBallTurnovers,TsPct,Fg3Pct,AtRimFG3AFrequency,Pace,AtRimFrequency,SecondsPerPossOff,SecondsPerPossDef,Minutes,DefAtRimReboundPct,DefFGReboundPct,AtRimAccuracy,player_on,OffFGReboundPct,nba_id
0,2022,111.76470588235294,100.0,2.0,2.0,,6.0,5.0,17.0,15.0,1.0,1.0,1.0,1.0,4.0,15.0,19.0,5.0,5.0,4.0,0.8636363636363636,0.5,0.6666666666666666,117.25190839694656,0.2222222222222222,10.470588235294118,14.333333333333334,7.0,1.0,0.8571428571428571,1.0,True,0.6666666666666666,1630575
1,2022,114.03274711946636,114.79635258358662,1475.0,2289.0,845.0,1222.0,1810.0,8245.0,8225.0,1212.0,616.0,406.0,955.0,3166.0,9442.0,9402.0,1226.0,4213.0,703.0,0.5736267778322707,0.3619709412507896,0.7392600623390704,99.58054642330802,0.3102046347743596,14.7340206185567,14.18662613981763,3969.0,0.6410835214446953,0.7344270699820559,0.6443861948449104,False,0.2904145077720207,1630575
