index,year,ortg,drtg,AtRimFGM,AtRimFGA,AtRimAssists,Turnovers,FTA,OffPoss,DefPoss,TwoPtAssists,Steals,BadPassSteals,ThreePtAssists,FG3A,OpponentPoints,Points,SecondChancePoints,FG2A,LiveBallTurnovers,TsPct,Fg3Pct,AtRimFG3AFrequency,Pace,AtRimFrequency,SecondsPerPossOff,SecondsPerPossDef,Minutes,DefAtRimReboundPct,DefFGReboundPct,AtRimAccuracy,player_on,OffFGReboundPct,nba_id
0,2021,89.84771573604061,100.51546391752578,36.0,66.0,16.0,28.0,54.0,197.0,194.0,25.0,14.0,10.0,10.0,52.0,195.0,177.0,34.0,112.0,16.0,0.4682539682539682,0.2115384615384615,0.7195121951219512,100.59674825799536,0.4024390243902439,14.842639593908627,13.778350515463918,93.0,0.5757575757575758,0.6306306306306306,0.5454545454545454,True,0.2727272727272727,1630199
1,2021,113.63064448483154,113.24207291521162,1415.0,2299.0,785.0,1036.0,1641.0,7153.0,7159.0,1144.0,521.0,341.0,698.0,2213.0,8107.0,8128.0,1073.0,4199.0,595.0,0.5686921133875947,0.3691821057388161,0.7036805988771054,101.0937737598289,0.3585464753587024,14.680413812386412,13.808353121944403,3398.0,0.6919431279620853,0.7674915979223954,0.6154849934754241,False,0.2893706714844926,1630199
2,2022,108.15047021943572,104.76190476190476,53.0,81.0,29.0,55.0,88.0,319.0,315.0,49.0,21.0,13.0,26.0,103.0,330.0,345.0,45.0,175.0,27.0,0.5429936305732485,0.2912621359223301,0.6618705035971223,98.1782987418002,0.2913669064748201,14.467084639498433,14.86984126984127,155.0,0.53125,0.7197452229299363,0.654320987654321,True,0.34,1630199
3,2022,114.7951931774131,106.75448792457703,1411.0,2186.0,835.0,1139.0,1968.0,7739.0,7743.0,1216.0,585.0,392.0,770.0,2565.0,8266.0,8884.0,993.0,4208.0,603.0,0.5799790218958961,0.3649122807017544,0.7014616861065998,97.75489890862532,0.3227521039421231,14.623594779687298,14.837788970683198,3801.0,0.6153846153846154,0.7311551324929252,0.6454711802378774,False,0.2827526634033976,1630199
