index,year,ortg,drtg,AtRimFGM,AtRimFGA,AtRimAssists,Turnovers,FTA,OffPoss,DefPoss,TwoPtAssists,Steals,BadPassSteals,ThreePtAssists,FG3A,OpponentPoints,Points,SecondChancePoints,FG2A,LiveBallTurnovers,TsPct,Fg3Pct,AtRimFG3AFrequency,Pace,AtRimFrequency,SecondsPerPossOff,SecondsPerPossDef,Minutes,DefAtRimReboundPct,DefFGReboundPct,AtRimAccuracy,player_on,OffFGReboundPct,nba_id
0,2021,81.25,33.333333333333336,2.0,5.0,2.0,2.0,,16.0,15.0,3.0,1.0,,,5.0,5.0,13.0,2.0,9.0,1.0,0.4642857142857143,0.2,0.7142857142857143,98.54304635761588,0.3571428571428571,14.375,14.866666666666667,8.0,1.0,0.75,0.4,True,0.25,1630206
1,2021,116.46586345381526,121.34251290877796,253.0,388.0,137.0,220.0,368.0,1743.0,1743.0,214.0,99.0,72.0,173.0,680.0,2115.0,2030.0,241.0,927.0,128.0,0.5721153846153846,0.3926470588235294,0.6645924082140635,92.50262590524628,0.2414436838830118,15.798049340218014,15.336201950659785,904.0,0.5755395683453237,0.7662007623888183,0.6520618556701031,False,0.2728351126927639,1630206
