index,year,ortg,drtg,AtRimFGM,AtRimFGA,AtRimAssists,Turnovers,FTA,OffPoss,DefPoss,TwoPtAssists,Steals,BadPassSteals,ThreePtAssists,FG3A,OpponentPoints,Points,SecondChancePoints,FG2A,LiveBallTurnovers,TsPct,Fg3Pct,AtRimFG3AFrequency,Pace,AtRimFrequency,SecondsPerPossOff,SecondsPerPossDef,Minutes,DefAtRimReboundPct,DefFGReboundPct,AtRimAccuracy,player_on,OffFGReboundPct,nba_id
0,2023,90.625,81.81818181818181,9.0,14.0,4.0,7.0,12.0,64.0,66.0,9.0,6.0,3.0,5.0,28.0,54.0,58.0,10.0,35.0,3.0,0.4202898550724637,0.25,0.6666666666666666,99.15254237288136,0.2222222222222222,14.5,14.545454545454543,31.0,0.6666666666666666,0.7352941176470589,0.6428571428571429,True,0.325,1630237
1,2023,113.57429718875504,113.55252606255011,154.0,223.0,94.0,157.0,328.0,1245.0,1247.0,168.0,91.0,60.0,120.0,418.0,1416.0,1414.0,177.0,702.0,91.0,0.5546813532651456,0.3301435406698564,0.5723214285714285,100.93609360936094,0.1991071428571428,13.795180722891564,14.736968724939857,593.0,0.5679012345679012,0.7035256410256411,0.6905829596412556,False,0.2942148760330578,1630237
