index,year,ortg,drtg,AtRimFGM,AtRimFGA,AtRimAssists,Turnovers,FTA,OffPoss,DefPoss,TwoPtAssists,Steals,BadPassSteals,ThreePtAssists,FG3A,OpponentPoints,Points,SecondChancePoints,FG2A,LiveBallTurnovers,TsPct,Fg3Pct,AtRimFG3AFrequency,Pace,AtRimFrequency,SecondsPerPossOff,SecondsPerPossDef,Minutes,DefAtRimReboundPct,DefFGReboundPct,AtRimAccuracy,player_on,OffFGReboundPct,nba_id
0,2024,66.66666666666667,28.571428571428573,1.0,1.0,,2.0,,6.0,7.0,,3.0,3.0,,2.0,2.0,4.0,,2.0,2.0,0.5,,0.75,123.15789473684212,0.25,8.833333333333334,14.142857142857142,3.0,,1.0,1.0,True,,1630604
1,2024,94.6524064171123,112.03208556149733,51.0,95.0,24.0,70.0,64.0,374.0,374.0,45.0,32.0,15.0,33.0,129.0,419.0,354.0,63.0,205.0,30.0,0.4876033057851239,0.2713178294573643,0.6706586826347305,94.75017593244196,0.2844311377245509,15.43048128342246,14.96524064171123,189.0,0.7435897435897436,0.7964071856287425,0.5368421052631579,False,0.2893401015228426,1630604
