index,year,ortg,drtg,AtRimFGM,AtRimFGA,AtRimAssists,Turnovers,FTA,OffPoss,DefPoss,TwoPtAssists,Steals,BadPassSteals,ThreePtAssists,FG3A,OpponentPoints,Points,SecondChancePoints,FG2A,LiveBallTurnovers,TsPct,Fg3Pct,AtRimFG3AFrequency,Pace,AtRimFrequency,SecondsPerPossOff,SecondsPerPossDef,Minutes,DefAtRimReboundPct,DefFGReboundPct,AtRimAccuracy,player_on,OffFGReboundPct,nba_id
0,2021,86.33540372670808,115.78947368421052,24.0,45.0,9.0,26.0,27.0,161.0,152.0,15.0,15.0,7.0,8.0,45.0,176.0,139.0,18.0,95.0,16.0,0.4572368421052631,0.2,0.6428571428571429,105.87737843551795,0.3214285714285714,14.20496894409938,12.960526315789474,71.0,0.6923076923076923,0.7272727272727273,0.5333333333333333,True,0.3058823529411765,1630189
1,2021,116.52072387624052,113.86978785662032,1091.0,1596.0,559.0,844.0,1500.0,6852.0,6835.0,860.0,436.0,287.0,770.0,2707.0,7783.0,7984.0,872.0,3454.0,513.0,0.5847781369379959,0.3660879202068711,0.6984255802629443,96.6477548558567,0.2590488557052426,15.117338003502628,14.681053401609365,3399.0,0.6071428571428571,0.7411728584587043,0.6835839598997494,False,0.2429111531190926,1630189
