index,year,ortg,drtg,AtRimFGM,AtRimFGA,AtRimAssists,Turnovers,FTA,OffPoss,DefPoss,TwoPtAssists,Steals,BadPassSteals,ThreePtAssists,FG3A,OpponentPoints,Points,SecondChancePoints,FG2A,LiveBallTurnovers,TsPct,Fg3Pct,AtRimFG3AFrequency,Pace,AtRimFrequency,SecondsPerPossOff,SecondsPerPossDef,Minutes,DefAtRimReboundPct,DefFGReboundPct,AtRimAccuracy,player_on,OffFGReboundPct,nba_id
0,2022,118.21862348178138,112.24489795918367,47.0,73.0,28.0,29.0,59.0,247.0,245.0,37.0,18.0,12.0,26.0,80.0,275.0,292.0,34.0,140.0,16.0,0.5983606557377049,0.425,0.6954545454545454,92.0701754385965,0.3318181818181818,15.68421052631579,15.595918367346938,128.0,0.6842105263157895,0.7142857142857143,0.6438356164383562,True,0.3125,1630585
1,2022,114.17734763274916,109.64028776978417,1169.0,1775.0,705.0,1165.0,1694.0,7646.0,7645.0,1107.0,588.0,388.0,920.0,2856.0,8382.0,8730.0,1006.0,3878.0,592.0,0.5816148901981789,0.3781512605042016,0.6877041877041877,95.50035781666774,0.2635877635877636,15.087758304996076,15.06919555264879,3843.0,0.6101694915254238,0.7471519866629619,0.6585915492957747,False,0.2663618176621892,1630585
