index,year,ortg,drtg,AtRimFGM,AtRimFGA,AtRimAssists,Turnovers,FTA,OffPoss,DefPoss,TwoPtAssists,Steals,BadPassSteals,ThreePtAssists,FG3A,OpponentPoints,Points,SecondChancePoints,FG2A,LiveBallTurnovers,TsPct,Fg3Pct,AtRimFG3AFrequency,Pace,AtRimFrequency,SecondsPerPossOff,SecondsPerPossDef,Minutes,DefAtRimReboundPct,DefFGReboundPct,AtRimAccuracy,player_on,OffFGReboundPct,nba_id
0,2023,108.21917808219176,127.3972602739726,11.0,23.0,8.0,9.0,22.0,73.0,73.0,11.0,4.0,1.0,6.0,23.0,93.0,79.0,7.0,41.0,5.0,0.5342465753424658,0.3478260869565217,0.71875,99.87648456057006,0.359375,13.232876712328768,15.602739726027398,35.0,0.8333333333333334,0.6451612903225806,0.4782608695652174,True,0.2631578947368421,1630564
1,2023,115.8225461857484,114.75245036441316,1209.0,1800.0,739.0,1117.0,1789.0,7957.0,7958.0,1223.0,581.0,365.0,853.0,2748.0,9132.0,9216.0,899.0,4167.0,570.0,0.599412148922273,0.3784570596797671,0.6577006507592191,97.6501016229851,0.2603036876355748,14.60022621591052,14.892812264388038,3912.0,0.5681818181818182,0.6966321930522408,0.6716666666666666,False,0.2258715067703831,1630564
2,2024,129.26829268292684,113.58024691358024,16.0,28.0,10.0,9.0,15.0,82.0,81.0,15.0,4.0,2.0,14.0,32.0,92.0,106.0,10.0,41.0,3.0,0.6708860759493671,0.46875,0.821917808219178,100.22203245089668,0.3835616438356164,13.914634146341465,14.82716049382716,39.0,0.4,0.6976744186046512,0.5714285714285714,True,0.2352941176470588,1630564
3,2024,110.37414965986396,116.6949357887085,1487.0,2241.0,958.0,1233.0,1622.0,8232.0,8254.0,1487.0,580.0,386.0,933.0,2951.0,9632.0,9086.0,1033.0,4412.0,730.0,0.5630591451292246,0.3459844120637072,0.70514735841369,100.7552450164227,0.3043596360179275,14.14588192419825,14.437848315968017,3927.0,0.6340269277845777,0.7299095263437999,0.6635430611334225,False,0.2604543107898812,1630564
