index,year,ortg,drtg,AtRimFGM,AtRimFGA,AtRimAssists,Turnovers,FTA,OffPoss,DefPoss,TwoPtAssists,Steals,BadPassSteals,ThreePtAssists,FG3A,OpponentPoints,Points,SecondChancePoints,FG2A,LiveBallTurnovers,TsPct,Fg3Pct,AtRimFG3AFrequency,Pace,AtRimFrequency,SecondsPerPossOff,SecondsPerPossDef,Minutes,DefAtRimReboundPct,DefFGReboundPct,AtRimAccuracy,player_on,OffFGReboundPct,nba_id
0,2021,103.91644908616188,113.24675324675324,116.0,162.0,70.0,116.0,136.0,766.0,770.0,108.0,65.0,42.0,97.0,282.0,872.0,796.0,67.0,370.0,62.0,0.5606488011283498,0.375886524822695,0.6809815950920245,101.30719552970274,0.2484662576687116,14.131853785900784,14.296103896103896,364.0,0.5737704918032787,0.7011834319526628,0.7160493827160493,True,0.1896551724137931,1630185
1,2021,112.3593797506841,110.18264840182648,1102.0,1652.0,708.0,964.0,1384.0,6578.0,6570.0,1038.0,522.0,304.0,748.0,2507.0,7239.0,7391.0,683.0,3188.0,505.0,0.5874003189792664,0.375747905863582,0.7302897278314311,101.88573242854912,0.2900790166812994,13.574794770446944,14.692846270928465,3097.0,0.6540447504302926,0.7382182052937379,0.6670702179176755,False,0.2146490335707019,1630185
