index,year,ortg,drtg,AtRimFGM,AtRimFGA,AtRimAssists,Turnovers,FTA,OffPoss,DefPoss,TwoPtAssists,Steals,BadPassSteals,ThreePtAssists,FG3A,OpponentPoints,Points,SecondChancePoints,FG2A,LiveBallTurnovers,TsPct,Fg3Pct,AtRimFG3AFrequency,Pace,AtRimFrequency,SecondsPerPossOff,SecondsPerPossDef,Minutes,DefAtRimReboundPct,DefFGReboundPct,AtRimAccuracy,player_on,OffFGReboundPct,nba_id
0,2021,105.55555555555556,96.36363636363636,10.0,14.0,5.0,11.0,10.0,54.0,55.0,7.0,5.0,,5.0,21.0,53.0,57.0,8.0,25.0,3.0,0.57,0.2857142857142857,0.7608695652173914,96.05875152998776,0.3043478260869565,15.185185185185183,14.8,27.0,0.6666666666666666,0.84,0.7142857142857143,True,0.4583333333333333,1630203
1,2021,113.33617990321662,111.38303927148549,1335.0,2067.0,767.0,1051.0,1377.0,7026.0,7028.0,1033.0,577.0,390.0,906.0,2826.0,7828.0,7963.0,944.0,3474.0,562.0,0.5749093546047861,0.3665958952583156,0.7766666666666666,97.9439179967671,0.3280952380952381,14.92086535724452,14.483779169038131,3444.0,0.6493827160493827,0.7301017354877319,0.6458635703918723,False,0.2705667276051188,1630203
