index,year,ortg,drtg,AtRimFGM,AtRimFGA,AtRimAssists,Turnovers,FTA,OffPoss,DefPoss,TwoPtAssists,Steals,BadPassSteals,ThreePtAssists,FG3A,OpponentPoints,Points,SecondChancePoints,FG2A,LiveBallTurnovers,TsPct,Fg3Pct,AtRimFG3AFrequency,Pace,AtRimFrequency,SecondsPerPossOff,SecondsPerPossDef,Minutes,DefAtRimReboundPct,DefFGReboundPct,AtRimAccuracy,player_on,OffFGReboundPct,nba_id
0,2022,123.95833333333331,106.38297872340424,24.0,35.0,13.0,12.0,11.0,96.0,94.0,15.0,14.0,8.0,15.0,45.0,100.0,119.0,27.0,51.0,7.0,0.59,0.3777777777777777,0.8333333333333334,103.16742081447964,0.3645833333333333,13.385416666666666,14.54255319148936,44.0,0.2857142857142857,0.6756756756756757,0.6857142857142857,True,0.3265306122448979,1630994
1,2022,115.51938369781313,107.99304952215464,1126.0,1645.0,712.0,1047.0,1624.0,8048.0,8057.0,1438.0,688.0,452.0,776.0,2571.0,8701.0,9297.0,974.0,4722.0,607.0,0.5813982678549015,0.3632827693504473,0.578088578088578,99.0619713978164,0.2255587549705196,14.283424453280318,14.789003351123249,3902.0,0.6089850249584027,0.734955185659411,0.6844984802431611,False,0.2559652928416486,1630994
