index,year,ortg,drtg,AtRimFGM,AtRimFGA,AtRimAssists,Turnovers,FTA,OffPoss,DefPoss,TwoPtAssists,Steals,BadPassSteals,ThreePtAssists,FG3A,OpponentPoints,Points,SecondChancePoints,FG2A,LiveBallTurnovers,TsPct,Fg3Pct,AtRimFG3AFrequency,Pace,AtRimFrequency,SecondsPerPossOff,SecondsPerPossDef,Minutes,DefAtRimReboundPct,DefFGReboundPct,AtRimAccuracy,player_on,OffFGReboundPct,nba_id
0,2024,183.33333333333331,100.0,3.0,3.0,1.0,,3.0,6.0,6.0,1.0,,,,,6.0,11.0,,5.0,,0.9166666666666666,,0.6,111.48387096774194,0.6,12.333333333333334,13.5,3.0,,,1.0,True,,1630608
1,2024,110.2413328433174,119.05982905982906,1379.0,2137.0,804.0,1248.0,1777.0,8163.0,8190.0,1322.0,531.0,342.0,765.0,2602.0,9751.0,8999.0,1087.0,4629.0,727.0,0.5598847406664996,0.3481936971560338,0.6553727008712488,99.39984381925244,0.2955331212833633,14.460002450079628,14.513797313797314,3948.0,0.6273381294964029,0.7403846153846154,0.6452971455311184,False,0.2665436330081729,1630608
