index,year,ortg,drtg,AtRimFGM,AtRimFGA,AtRimAssists,Turnovers,FTA,OffPoss,DefPoss,TwoPtAssists,Steals,BadPassSteals,ThreePtAssists,FG3A,OpponentPoints,Points,SecondChancePoints,FG2A,LiveBallTurnovers,TsPct,Fg3Pct,AtRimFG3AFrequency,Pace,AtRimFrequency,SecondsPerPossOff,SecondsPerPossDef,Minutes,DefAtRimReboundPct,DefFGReboundPct,AtRimAccuracy,player_on,OffFGReboundPct,nba_id
0,2022,114.22865701447827,111.13350125944584,342.0,572.0,181.0,263.0,478.0,2003.0,1985.0,277.0,165.0,119.0,205.0,689.0,2206.0,2288.0,330.0,1126.0,144.0,0.5631786771964462,0.3584905660377358,0.6947658402203857,99.17828091808715,0.3151515151515151,14.64653020469296,14.390931989924434,965.0,0.5803108808290155,0.7225077081192189,0.5979020979020979,True,0.2864637985309549,1630563
1,2022,112.45167525773196,113.76869872929063,1135.0,1809.0,588.0,864.0,1233.0,6208.0,6217.0,888.0,436.0,278.0,600.0,2067.0,7073.0,6981.0,892.0,3593.0,482.0,0.5623284353302115,0.3604257377842284,0.6848056537102474,99.53437140139188,0.3196113074204947,14.94861469072165,13.986810358693903,2996.0,0.607773851590106,0.7219820419022281,0.6274184632393588,False,0.2783050847457627,1630563
2,2023,114.77832512315273,114.35643564356435,38.0,68.0,23.0,29.0,57.0,203.0,202.0,32.0,14.0,11.0,16.0,64.0,231.0,233.0,33.0,111.0,17.0,0.5825,0.34375,0.7542857142857143,104.12426352437063,0.3885714285714285,13.89655172413793,13.762376237623762,93.0,0.65,0.6914893617021277,0.5588235294117647,True,0.2934782608695652,1630563
3,2023,120.74709124311084,110.80053941400024,1633.0,2419.0,912.0,1106.0,1885.0,8165.0,8157.0,1316.0,651.0,427.0,834.0,2587.0,9038.0,9859.0,1172.0,4698.0,555.0,0.6077426525067918,0.3919597989949748,0.6871654083733699,101.02201075393602,0.3320521619766644,14.293937538273116,14.214662253279393,3878.0,0.6031941031941032,0.7075691035908034,0.6750723439437785,False,0.2875390292364462,1630563
4,2024,104.54545454545456,91.66666666666669,8.0,9.0,4.0,2.0,4.0,22.0,24.0,4.0,4.0,3.0,1.0,9.0,22.0,23.0,7.0,15.0,1.0,0.46,0.1111111111111111,0.75,107.53246753246752,0.375,12.727272727272728,14.0,10.0,,0.625,0.8888888888888888,True,0.3571428571428571,1630563
5,2024,115.81799848752206,119.1309823677582,1387.0,2051.0,792.0,1067.0,1714.0,7934.0,7940.0,1269.0,593.0,374.0,891.0,2893.0,9459.0,9189.0,1147.0,4371.0,639.0,0.5723396273602601,0.3639820255789837,0.6806167400881057,96.9223724156646,0.2823513215859031,14.618729518527855,15.0955919395466,3931.0,0.5920245398773006,0.7265294615167748,0.6762554851292053,False,0.2885888271114641,1630563
