index,year,ortg,drtg,AtRimFGM,AtRimFGA,AtRimAssists,Turnovers,FTA,OffPoss,DefPoss,TwoPtAssists,Steals,BadPassSteals,ThreePtAssists,FG3A,OpponentPoints,Points,SecondChancePoints,FG2A,LiveBallTurnovers,TsPct,Fg3Pct,AtRimFG3AFrequency,Pace,AtRimFrequency,SecondsPerPossOff,SecondsPerPossDef,Minutes,DefAtRimReboundPct,DefFGReboundPct,AtRimAccuracy,player_on,OffFGReboundPct,nba_id
0,2021,67.9245283018868,126.92307692307692,2.0,6.0,2.0,15.0,11.0,53.0,52.0,4.0,1.0,,4.0,22.0,66.0,36.0,3.0,18.0,8.0,0.4090909090909091,0.1818181818181818,0.7,96.49010848755584,0.15,15.962264150943396,13.865384615384617,26.0,,0.625,0.3333333333333333,True,0.2413793103448276,1630268
1,2021,111.5931721194879,113.17586795674444,1248.0,2067.0,788.0,1052.0,1494.0,7030.0,7028.0,1110.0,564.0,371.0,815.0,2644.0,7954.0,7845.0,913.0,3640.0,574.0,0.5642228315774283,0.3710287443267776,0.7496817313812858,97.94003667274654,0.3289306174411203,14.475106685633,14.930705748434832,3445.0,0.6189821182943603,0.728823887873248,0.6037735849056604,False,0.2693229478729778,1630268
