index,year,ortg,drtg,AtRimFGM,AtRimFGA,AtRimAssists,Turnovers,FTA,OffPoss,DefPoss,TwoPtAssists,Steals,BadPassSteals,ThreePtAssists,FG3A,OpponentPoints,Points,SecondChancePoints,FG2A,LiveBallTurnovers,TsPct,Fg3Pct,AtRimFG3AFrequency,Pace,AtRimFrequency,SecondsPerPossOff,SecondsPerPossDef,Minutes,DefAtRimReboundPct,DefFGReboundPct,AtRimAccuracy,player_on,OffFGReboundPct,nba_id
0,2024,104.1237113402062,97.92746113989638,33.0,57.0,13.0,34.0,61.0,194.0,193.0,21.0,17.0,12.0,11.0,58.0,189.0,202.0,35.0,111.0,18.0,0.5128205128205128,0.2413793103448276,0.6804733727810651,90.23316062176166,0.3372781065088757,16.036082474226806,15.88082901554404,103.0,0.5555555555555556,0.7525773195876289,0.5789473684210527,True,0.3854166666666667,1630175
1,2024,106.6098081023454,102.33545647558388,65.0,121.0,36.0,67.0,115.0,469.0,471.0,49.0,39.0,23.0,54.0,175.0,482.0,500.0,68.0,244.0,39.0,0.5319829424307037,0.3314285714285714,0.7064439140811456,96.79633867276888,0.2887828162291169,15.232409381663112,14.522292993630574,233.0,0.6862745098039216,0.780952380952381,0.5371900826446281,False,0.2757201646090535,1630175
