index,year,ortg,drtg,AtRimFGM,AtRimFGA,AtRimAssists,Turnovers,FTA,OffPoss,DefPoss,TwoPtAssists,Steals,BadPassSteals,ThreePtAssists,FG3A,OpponentPoints,Points,SecondChancePoints,FG2A,LiveBallTurnovers,TsPct,Fg3Pct,AtRimFG3AFrequency,Pace,AtRimFrequency,SecondsPerPossOff,SecondsPerPossDef,Minutes,DefAtRimReboundPct,DefFGReboundPct,AtRimAccuracy,player_on,OffFGReboundPct,nba_id
0,2022,81.25,82.3529411764706,2.0,7.0,1.0,4.0,3.0,16.0,17.0,2.0,2.0,2.0,,4.0,14.0,13.0,2.0,11.0,2.0,0.40625,0.5,0.7333333333333333,94.66135458167332,0.4666666666666667,16.75,13.764705882352942,8.0,0.3333333333333333,0.6153846153846154,0.2857142857142857,True,0.4,1630624
1,2022,111.01489876480326,111.18613836157472,1265.0,2034.0,658.0,1082.0,1977.0,7853.0,7849.0,931.0,568.0,383.0,860.0,3025.0,8727.0,8718.0,1189.0,4029.0,570.0,0.5497279514108566,0.3570247933884297,0.7171817408562517,95.46175345565698,0.288347037142047,15.341652871514071,14.827366543508727,3948.0,0.6205059920106525,0.7493410648392198,0.6219272369714848,False,0.2836897706776604,1630624
