index,year,ortg,drtg,AtRimFGM,AtRimFGA,AtRimAssists,Turnovers,FTA,OffPoss,DefPoss,TwoPtAssists,Steals,BadPassSteals,ThreePtAssists,FG3A,OpponentPoints,Points,SecondChancePoints,FG2A,LiveBallTurnovers,TsPct,Fg3Pct,AtRimFG3AFrequency,Pace,AtRimFrequency,SecondsPerPossOff,SecondsPerPossDef,Minutes,DefAtRimReboundPct,DefFGReboundPct,AtRimAccuracy,player_on,OffFGReboundPct,nba_id
0,2023,,100.0,,,,1.0,,1.0,2.0,,,,,,2.0,,,,,,,,74.48275862068965,,14.0,22.0,1.0,,,,True,,1630527
1,2023,118.200408997955,124.3353783231084,76.0,120.0,35.0,69.0,132.0,489.0,489.0,60.0,33.0,19.0,48.0,169.0,608.0,578.0,92.0,274.0,43.0,0.576,0.3609467455621302,0.6523702031602708,98.19550969181424,0.2708803611738149,14.4519427402863,14.877300613496931,239.0,0.6190476190476191,0.693069306930693,0.6333333333333333,False,0.3205128205128205,1630527
2,2024,138.0952380952381,120.0,2.0,3.0,1.0,1.0,10.0,21.0,20.0,1.0,,,3.0,8.0,24.0,29.0,1.0,8.0,1.0,0.6904761904761905,0.375,0.6875,101.61790017211705,0.1875,11.19047619047619,17.3,10.0,0.5,0.5555555555555556,0.6666666666666666,True,0.2857142857142857,1630527
3,2024,108.52272727272728,117.71428571428572,68.0,135.0,37.0,80.0,120.0,528.0,525.0,71.0,37.0,24.0,46.0,182.0,618.0,573.0,71.0,295.0,42.0,0.5396975425330813,0.3736263736263736,0.6645702306079665,90.80304209832924,0.2830188679245283,16.297348484848484,15.417142857142856,278.0,0.5806451612903226,0.7004048582995951,0.5037037037037037,False,0.2992424242424242,1630527
