index,year,ortg,drtg,AtRimFGM,AtRimFGA,AtRimAssists,Turnovers,FTA,OffPoss,DefPoss,TwoPtAssists,Steals,BadPassSteals,ThreePtAssists,FG3A,OpponentPoints,Points,SecondChancePoints,FG2A,LiveBallTurnovers,TsPct,Fg3Pct,AtRimFG3AFrequency,Pace,AtRimFrequency,SecondsPerPossOff,SecondsPerPossDef,Minutes,DefAtRimReboundPct,DefFGReboundPct,AtRimAccuracy,player_on,OffFGReboundPct,nba_id
0,2021,112.9950495049505,104.76787954830615,130.0,208.0,65.0,124.0,189.0,808.0,797.0,102.0,57.0,32.0,98.0,288.0,835.0,913.0,113.0,405.0,81.0,0.5883870967741935,0.3923611111111111,0.7157287157287158,98.29038019903037,0.3001443001443001,14.492574257425742,14.810539523212045,392.0,0.5967741935483871,0.7455470737913485,0.625,True,0.273972602739726,1630273
1,2021,113.18838279638152,113.76030437539632,965.0,1457.0,569.0,1034.0,1596.0,6301.0,6308.0,881.0,420.0,276.0,791.0,2353.0,7176.0,7132.0,888.0,3052.0,537.0,0.5819241503858151,0.3773905652358691,0.7049028677150786,98.6008927698674,0.2695652173913043,14.860974448500238,14.347970830691184,3069.0,0.6392405063291139,0.7586547972304649,0.6623198352779684,False,0.2755352755352755,1630273
2,2022,113.67521367521368,99.5798319327731,36.0,63.0,16.0,37.0,60.0,234.0,238.0,22.0,13.0,8.0,31.0,83.0,237.0,266.0,39.0,127.0,18.0,0.559322033898305,0.4698795180722891,0.6952380952380952,95.44726864204463,0.3,14.914529914529917,15.256302521008404,119.0,0.7727272727272727,0.7899159663865546,0.5714285714285714,True,0.2956521739130435,1630273
3,2022,113.02643227519918,105.0037907505686,1216.0,1882.0,695.0,1042.0,1791.0,7907.0,7914.0,1126.0,642.0,417.0,855.0,2896.0,8310.0,8937.0,1059.0,4194.0,537.0,0.5665648466335752,0.3601519337016574,0.6739069111424542,98.95039502430085,0.265444287729196,14.554824838750474,14.550669699267122,3837.0,0.6296809986130375,0.76340206185567,0.6461211477151966,False,0.2588360350783949,1630273
