index,year,ortg,drtg,AtRimFGM,AtRimFGA,AtRimAssists,Turnovers,FTA,OffPoss,DefPoss,TwoPtAssists,Steals,BadPassSteals,ThreePtAssists,FG3A,OpponentPoints,Points,SecondChancePoints,FG2A,LiveBallTurnovers,TsPct,Fg3Pct,AtRimFG3AFrequency,Pace,AtRimFrequency,SecondsPerPossOff,SecondsPerPossDef,Minutes,DefAtRimReboundPct,DefFGReboundPct,AtRimAccuracy,player_on,OffFGReboundPct,nba_id
0,2024,131.8181818181818,100.0,8.0,10.0,2.0,3.0,8.0,44.0,44.0,4.0,2.0,1.0,7.0,21.0,44.0,58.0,9.0,18.0,1.0,0.6744186046511628,0.4285714285714285,0.7948717948717948,96.80672268907564,0.2564102564102564,13.136363636363637,16.613636363636363,22.0,0.5,0.7368421052631579,0.8,True,0.2222222222222222,1630259
1,2024,117.08158737983732,115.877333992828,1305.0,1899.0,776.0,1075.0,1702.0,8114.0,8087.0,1285.0,623.0,375.0,1028.0,3198.0,9371.0,9500.0,1188.0,4218.0,605.0,0.580968177908834,0.3655409631019387,0.6872977346278317,98.4568117458884,0.2560679611650485,14.19977816120286,15.053048101891925,3949.0,0.685064935064935,0.7518025513033832,0.6872037914691943,False,0.278701504354711,1630259
