index,year,ortg,drtg,AtRimFGM,AtRimFGA,AtRimAssists,Turnovers,FTA,OffPoss,DefPoss,TwoPtAssists,Steals,BadPassSteals,ThreePtAssists,FG3A,OpponentPoints,Points,SecondChancePoints,FG2A,LiveBallTurnovers,TsPct,Fg3Pct,AtRimFG3AFrequency,Pace,AtRimFrequency,SecondsPerPossOff,SecondsPerPossDef,Minutes,DefAtRimReboundPct,DefFGReboundPct,AtRimAccuracy,player_on,OffFGReboundPct,nba_id
0,2022,122.86821705426355,112.4031007751938,50.0,72.0,31.0,31.0,62.0,258.0,258.0,44.0,16.0,8.0,34.0,98.0,290.0,317.0,38.0,136.0,17.0,0.60727969348659,0.4081632653061224,0.7264957264957265,93.13612434194032,0.3076923076923077,15.934108527131784,14.988372093023257,133.0,0.6923076923076923,0.7622950819672131,0.6944444444444444,True,0.2416666666666666,1630567
1,2022,119.32203389830508,110.03344481605352,42.0,56.0,24.0,56.0,90.0,295.0,299.0,33.0,15.0,6.0,33.0,103.0,329.0,352.0,35.0,132.0,23.0,0.6386861313868614,0.4077669902912621,0.676595744680851,89.08144136638201,0.2382978723404255,16.54237288135593,15.792642140468228,160.0,0.65,0.7350993377483444,0.75,False,0.3008849557522124,1630567
