index,year,ortg,drtg,AtRimFGM,AtRimFGA,AtRimAssists,Turnovers,FTA,OffPoss,DefPoss,TwoPtAssists,Steals,BadPassSteals,ThreePtAssists,FG3A,OpponentPoints,Points,SecondChancePoints,FG2A,LiveBallTurnovers,TsPct,Fg3Pct,AtRimFG3AFrequency,Pace,AtRimFrequency,SecondsPerPossOff,SecondsPerPossDef,Minutes,DefAtRimReboundPct,DefFGReboundPct,AtRimAccuracy,player_on,OffFGReboundPct,nba_id
0,2024,83.06451612903226,121.48760330578511,15.0,25.0,10.0,21.0,30.0,124.0,121.0,17.0,11.0,9.0,4.0,36.0,147.0,103.0,10.0,63.0,6.0,0.4557522123893805,0.1388888888888889,0.6161616161616161,99.49238578680205,0.2525252525252525,14.78225806451613,14.15702479338843,59.0,0.5555555555555556,0.6363636363636364,0.6,True,0.2258064516129032,1630658
1,2024,117.1089641677877,115.8299743495786,1666.0,2294.0,1061.0,1125.0,1953.0,8177.0,8187.0,1526.0,594.0,408.0,793.0,2536.0,9483.0,9576.0,854.0,4542.0,667.0,0.6040425801546065,0.3801261829652997,0.6823961571065272,100.39520437638998,0.3241028539135349,14.25367494191024,14.432844753878095,3912.0,0.6440677966101694,0.7357671687515956,0.7262423714036618,False,0.2327536231884057,1630658
