index,year,ortg,drtg,AtRimFGM,AtRimFGA,AtRimAssists,Turnovers,FTA,OffPoss,DefPoss,TwoPtAssists,Steals,BadPassSteals,ThreePtAssists,FG3A,OpponentPoints,Points,SecondChancePoints,FG2A,LiveBallTurnovers,TsPct,Fg3Pct,AtRimFG3AFrequency,Pace,AtRimFrequency,SecondsPerPossOff,SecondsPerPossDef,Minutes,DefAtRimReboundPct,DefFGReboundPct,AtRimAccuracy,player_on,OffFGReboundPct,nba_id
0,2021,127.10280373831776,117.9245283018868,32.0,42.0,17.0,28.0,55.0,214.0,212.0,26.0,13.0,9.0,23.0,85.0,250.0,272.0,24.0,100.0,18.0,0.6514423076923077,0.4,0.6864864864864865,103.2205956587582,0.227027027027027,14.397196261682245,13.5,99.0,0.6,0.7849462365591398,0.7619047619047619,True,0.2298850574712643,1630217
1,2021,121.47887323943662,114.84098939929328,46.0,70.0,24.0,40.0,76.0,284.0,283.0,31.0,13.0,8.0,35.0,122.0,325.0,345.0,47.0,125.0,22.0,0.6191335740072202,0.4098360655737705,0.7773279352226721,96.54487406881874,0.2834008097165992,15.144366197183098,14.685512367491166,141.0,0.6666666666666666,0.6928104575163399,0.6571428571428571,False,0.28125,1630217
2,2022,105.13966480446928,116.70353982300884,127.0,212.0,74.0,168.0,206.0,895.0,904.0,116.0,60.0,39.0,96.0,328.0,1055.0,941.0,123.0,434.0,80.0,0.5511764705882353,0.3567073170731707,0.7086614173228346,100.96893635265228,0.2782152230971129,14.483798882681564,14.04203539823009,428.0,0.5697674418604651,0.690631808278867,0.5990566037735849,True,0.277511961722488,1630217
3,2022,116.56441717791412,93.94904458598728,57.0,78.0,31.0,47.0,67.0,326.0,314.0,51.0,22.0,14.0,37.0,123.0,295.0,380.0,38.0,154.0,30.0,0.6233552631578947,0.3821138211382114,0.7256317689530686,103.5156688756599,0.2815884476534296,13.273006134969323,14.573248407643312,148.0,0.782608695652174,0.7692307692307693,0.7307692307692307,False,0.18796992481203,1630217
4,2023,111.66666666666669,105.66037735849056,92.0,135.0,54.0,73.0,106.0,480.0,477.0,73.0,37.0,21.0,41.0,167.0,504.0,536.0,91.0,268.0,36.0,0.5549792531120332,0.2934131736526946,0.6942528735632184,99.27099841521394,0.3103448275862069,14.404166666666669,14.60796645702306,231.0,0.6956521739130435,0.7341269841269841,0.6814814814814815,True,0.3171806167400881,1630217
5,2023,107.8740157480315,97.63779527559056,16.0,27.0,11.0,16.0,24.0,127.0,127.0,19.0,5.0,2.0,15.0,43.0,124.0,137.0,13.0,66.0,4.0,0.5708333333333333,0.3720930232558139,0.6422018348623854,98.90751757706867,0.2477064220183486,13.330708661417322,15.78740157480315,62.0,0.6666666666666666,0.7176470588235294,0.5925925925925926,False,0.1698113207547169,1630217
