index,year,ortg,drtg,AtRimFGM,AtRimFGA,AtRimAssists,Turnovers,FTA,OffPoss,DefPoss,TwoPtAssists,Steals,BadPassSteals,ThreePtAssists,FG3A,OpponentPoints,Points,SecondChancePoints,FG2A,LiveBallTurnovers,TsPct,Fg3Pct,AtRimFG3AFrequency,Pace,AtRimFrequency,SecondsPerPossOff,SecondsPerPossDef,Minutes,DefAtRimReboundPct,DefFGReboundPct,AtRimAccuracy,player_on,OffFGReboundPct,nba_id
0,2022,73.6842105263158,131.57894736842104,4.0,4.0,2.0,2.0,9.0,19.0,19.0,2.0,1.0,1.0,,8.0,25.0,14.0,3.0,8.0,2.0,0.3421052631578947,,0.75,119.47598253275108,0.25,11.31578947368421,12.789473684210526,8.0,,0.2857142857142857,1.0,True,0.2727272727272727,1630625
1,2022,112.453531598513,120.59925093632958,94.0,127.0,52.0,58.0,117.0,538.0,534.0,70.0,39.0,20.0,52.0,189.0,644.0,605.0,75.0,311.0,29.0,0.5472727272727272,0.3121693121693121,0.632,90.15769185842775,0.254,15.565055762081784,16.382022471910112,285.0,0.6857142857142857,0.7433628318584071,0.7401574803149606,False,0.2519083969465648,1630625
