index,year,ortg,drtg,AtRimFGM,AtRimFGA,AtRimAssists,Turnovers,FTA,OffPoss,DefPoss,TwoPtAssists,Steals,BadPassSteals,ThreePtAssists,FG3A,OpponentPoints,Points,SecondChancePoints,FG2A,LiveBallTurnovers,TsPct,Fg3Pct,AtRimFG3AFrequency,Pace,AtRimFrequency,SecondsPerPossOff,SecondsPerPossDef,Minutes,DefAtRimReboundPct,DefFGReboundPct,AtRimAccuracy,player_on,OffFGReboundPct,nba_id
0,2024,115.77181208053692,112.45791245791246,47.0,75.0,24.0,47.0,79.0,298.0,297.0,36.0,31.0,20.0,32.0,112.0,334.0,345.0,43.0,150.0,21.0,0.5808080808080808,0.3571428571428571,0.7137404580152672,92.91833857499186,0.2862595419847328,16.02013422818792,14.973063973063972,154.0,0.6666666666666666,0.6304347826086957,0.6266666666666667,True,0.3308823529411764,1630543
1,2024,121.09314857582756,123.89791183294663,216.0,337.0,113.0,147.0,311.0,1299.0,1293.0,200.0,80.0,46.0,127.0,470.0,1602.0,1573.0,208.0,750.0,72.0,0.5803703703703704,0.3638297872340426,0.6614754098360656,92.52782666898038,0.2762295081967213,16.634334103156274,14.48646558391338,672.0,0.6176470588235294,0.7235494880546075,0.6409495548961425,False,0.3062200956937799,1630543
