index,year,ortg,drtg,AtRimFGM,AtRimFGA,AtRimAssists,Turnovers,FTA,OffPoss,DefPoss,TwoPtAssists,Steals,BadPassSteals,ThreePtAssists,FG3A,OpponentPoints,Points,SecondChancePoints,FG2A,LiveBallTurnovers,TsPct,Fg3Pct,AtRimFG3AFrequency,Pace,AtRimFrequency,SecondsPerPossOff,SecondsPerPossDef,Minutes,DefAtRimReboundPct,DefFGReboundPct,AtRimAccuracy,player_on,OffFGReboundPct,nba_id
0,2023,80.0,69.23076923076923,8.0,14.0,5.0,11.0,11.0,45.0,39.0,9.0,1.0,,1.0,11.0,27.0,36.0,8.0,22.0,2.0,0.4736842105263157,0.0909090909090909,0.7575757575757576,99.55555555555556,0.4242424242424242,13.933333333333334,15.076923076923077,20.0,1.0,0.7692307692307693,0.5714285714285714,True,0.3333333333333333,1630540
1,2023,109.60743801652892,111.29533678756476,161.0,250.0,98.0,130.0,225.0,968.0,965.0,146.0,71.0,44.0,101.0,371.0,1074.0,1061.0,126.0,503.0,75.0,0.5431211498973306,0.320754716981132,0.7105263157894737,91.36779911373708,0.2860411899313501,15.880165289256198,15.640414507772022,508.0,0.5454545454545454,0.6488222698072805,0.644,False,0.2827442827442827,1630540
2,2024,120.42042042042044,117.15160796324656,129.0,207.0,76.0,93.0,132.0,666.0,653.0,122.0,40.0,25.0,75.0,228.0,765.0,802.0,92.0,388.0,50.0,0.594213649851632,0.3991228070175439,0.7061688311688312,91.13136935035024,0.336038961038961,15.12012012012012,16.49617151607963,347.0,0.5185185185185185,0.6368876080691642,0.6231884057971014,True,0.304635761589404,1630540
3,2024,124.33460076045628,123.42007434944236,100.0,166.0,52.0,60.0,129.0,526.0,538.0,90.0,37.0,21.0,61.0,186.0,664.0,654.0,73.0,298.0,24.0,0.6068773234200744,0.4032258064516129,0.7272727272727273,90.67108533554268,0.3429752066115702,14.980988593155894,16.762081784386616,282.0,0.5517241379310345,0.6297709923664122,0.6024096385542169,False,0.2839506172839506,1630540
