index,year,ortg,drtg,AtRimFGM,AtRimFGA,AtRimAssists,Turnovers,FTA,OffPoss,DefPoss,TwoPtAssists,Steals,BadPassSteals,ThreePtAssists,FG3A,OpponentPoints,Points,SecondChancePoints,FG2A,LiveBallTurnovers,TsPct,Fg3Pct,AtRimFG3AFrequency,Pace,AtRimFrequency,SecondsPerPossOff,SecondsPerPossDef,Minutes,DefAtRimReboundPct,DefFGReboundPct,AtRimAccuracy,player_on,OffFGReboundPct,nba_id
0,2024,91.3793103448276,80.35714285714286,4.0,11.0,2.0,9.0,19.0,58.0,56.0,4.0,7.0,5.0,6.0,24.0,45.0,53.0,9.0,22.0,5.0,0.4818181818181818,0.3333333333333333,0.7608695652173914,100.09756097560977,0.2391304347826087,14.672413793103448,14.089285714285714,27.0,1.0,1.0,0.3636363636363636,True,0.2068965517241379,1630579
1,2024,121.44748455428068,124.20774647887325,196.0,331.0,97.0,137.0,298.0,1133.0,1136.0,165.0,67.0,37.0,118.0,389.0,1411.0,1376.0,222.0,707.0,72.0,0.5618345618345618,0.377892030848329,0.656934306569343,90.50858725761772,0.3020072992700729,16.715798764342452,15.106514084507042,602.0,0.5857142857142857,0.6927480916030534,0.5921450151057401,False,0.3741379310344828,1630579
