index,year,ortg,drtg,AtRimFGM,AtRimFGA,AtRimAssists,Turnovers,FTA,OffPoss,DefPoss,TwoPtAssists,Steals,BadPassSteals,ThreePtAssists,FG3A,OpponentPoints,Points,SecondChancePoints,FG2A,LiveBallTurnovers,TsPct,Fg3Pct,AtRimFG3AFrequency,Pace,AtRimFrequency,SecondsPerPossOff,SecondsPerPossDef,Minutes,DefAtRimReboundPct,DefFGReboundPct,AtRimAccuracy,player_on,OffFGReboundPct,nba_id
0,2021,112.97539149888144,96.45232815964523,94.0,120.0,58.0,59.0,137.0,447.0,451.0,76.0,37.0,22.0,33.0,164.0,435.0,505.0,52.0,201.0,29.0,0.5894117647058823,0.2926829268292683,0.7780821917808219,105.18301610541728,0.3287671232876712,13.16331096196868,14.212860310421286,205.0,0.65625,0.8113207547169812,0.7833333333333333,True,0.2150537634408602,1630210
1,2021,112.7410782080486,119.05050811466708,1095.0,1614.0,651.0,955.0,1452.0,6585.0,6593.0,998.0,503.0,322.0,757.0,2406.0,7849.0,7424.0,762.0,3378.0,553.0,0.578305720537668,0.3682460515378221,0.6950207468879668,96.09917656710525,0.279045643153527,14.750189825360668,15.2185651448506,3291.0,0.5753176043557169,0.7119150348489878,0.6784386617100372,False,0.2448573324485733,1630210
2,2022,115.61643835616438,111.716621253406,65.0,85.0,38.0,60.0,97.0,365.0,367.0,57.0,17.0,12.0,40.0,127.0,410.0,422.0,43.0,168.0,32.0,0.6268656716417911,0.3779527559055118,0.7186440677966102,99.55421231582925,0.288135593220339,13.991780821917809,14.934604904632153,176.0,0.6,0.7291666666666666,0.7647058823529411,True,0.2765957446808511,1630210
3,2022,112.58640928655277,115.2230628750326,1330.0,1940.0,763.0,990.0,1686.0,7667.0,7666.0,1219.0,632.0,412.0,766.0,2679.0,8833.0,8632.0,891.0,4194.0,560.0,0.5667414840242936,0.3445315416200075,0.6720500509239051,97.2357666290868,0.2822639313254765,14.611190817790533,15.007565875293505,3785.0,0.565008025682183,0.7429671305892804,0.6855670103092784,False,0.2410614525139665,1630210
