index,year,ortg,drtg,AtRimFGM,AtRimFGA,AtRimAssists,Turnovers,FTA,OffPoss,DefPoss,TwoPtAssists,Steals,BadPassSteals,ThreePtAssists,FG3A,OpponentPoints,Points,SecondChancePoints,FG2A,LiveBallTurnovers,TsPct,Fg3Pct,AtRimFG3AFrequency,Pace,AtRimFrequency,SecondsPerPossOff,SecondsPerPossDef,Minutes,DefAtRimReboundPct,DefFGReboundPct,AtRimAccuracy,player_on,OffFGReboundPct,nba_id
0,2024,107.80911062906723,100.64102564102564,65.0,122.0,35.0,67.0,126.0,461.0,468.0,49.0,42.0,26.0,48.0,170.0,471.0,497.0,73.0,240.0,39.0,0.5333333333333333,0.3176470588235294,0.7121951219512195,96.06894075403947,0.2975609756097561,15.030368763557483,14.948717948717947,232.0,0.6538461538461539,0.7641509433962265,0.5327868852459017,True,0.2983193277310924,1630591
1,2024,101.48514851485147,102.04081632653062,33.0,56.0,14.0,34.0,50.0,202.0,196.0,21.0,14.0,9.0,17.0,63.0,200.0,205.0,30.0,115.0,18.0,0.5100502512562815,0.2857142857142857,0.6685393258426966,91.91980753809142,0.3146067415730337,16.465346534653467,14.841836734693878,104.0,0.6470588235294118,0.7894736842105263,0.5892857142857143,False,0.3267326732673267,1630591
