index,year,ortg,drtg,AtRimFGM,AtRimFGA,AtRimAssists,Turnovers,FTA,OffPoss,DefPoss,TwoPtAssists,Steals,BadPassSteals,ThreePtAssists,FG3A,OpponentPoints,Points,SecondChancePoints,FG2A,LiveBallTurnovers,TsPct,Fg3Pct,AtRimFG3AFrequency,Pace,AtRimFrequency,SecondsPerPossOff,SecondsPerPossDef,Minutes,DefAtRimReboundPct,DefFGReboundPct,AtRimAccuracy,player_on,OffFGReboundPct,nba_id
0,2024,97.92746113989638,104.1237113402062,30.0,48.0,19.0,31.0,37.0,193.0,194.0,28.0,18.0,11.0,11.0,70.0,202.0,189.0,25.0,101.0,17.0,0.5053475935828877,0.3,0.6900584795321637,90.23316062176166,0.2807017543859649,15.88082901554404,16.036082474226806,103.0,0.5416666666666666,0.6145833333333334,0.625,True,0.2474226804123711,1630175
1,2024,102.33545647558388,106.6098081023454,91.0,142.0,55.0,72.0,109.0,471.0,469.0,79.0,39.0,18.0,26.0,139.0,500.0,482.0,41.0,258.0,39.0,0.5392376681614349,0.2805755395683453,0.707808564231738,96.79633867276888,0.3576826196473551,14.522292993630574,15.232409381663112,233.0,0.509090909090909,0.7242798353909465,0.6408450704225352,False,0.219047619047619,1630175
