index,year,ortg,drtg,AtRimFGM,AtRimFGA,AtRimAssists,Turnovers,FTA,OffPoss,DefPoss,TwoPtAssists,Steals,BadPassSteals,ThreePtAssists,FG3A,OpponentPoints,Points,SecondChancePoints,FG2A,LiveBallTurnovers,TsPct,Fg3Pct,AtRimFG3AFrequency,Pace,AtRimFrequency,SecondsPerPossOff,SecondsPerPossDef,Minutes,DefAtRimReboundPct,DefFGReboundPct,AtRimAccuracy,player_on,OffFGReboundPct,nba_id
0,2024,116.0,111.44278606965176,84.0,116.0,52.0,57.0,87.0,400.0,402.0,74.0,25.0,17.0,39.0,165.0,448.0,464.0,85.0,215.0,27.0,0.5576923076923077,0.2909090909090909,0.7394736842105263,100.19781363872984,0.3052631578947368,14.645,14.099502487562187,192.0,0.75,0.7684210526315789,0.7241379310344828,True,0.3861386138613861,1630611
1,2024,118.25315153074352,115.97472924187726,1220.0,1736.0,784.0,1117.0,1557.0,7774.0,7756.0,1347.0,547.0,343.0,942.0,3026.0,8995.0,9193.0,1203.0,4109.0,606.0,0.5877598152424942,0.3843357567746199,0.6674141555711283,98.76224801234086,0.2433076384022424,14.529161306920503,14.631897885507994,3774.0,0.6748466257668712,0.7279371954520845,0.7027649769585254,False,0.3038218311795436,1630611
