index,year,ortg,drtg,AtRimFGM,AtRimFGA,AtRimAssists,Turnovers,FTA,OffPoss,DefPoss,TwoPtAssists,Steals,BadPassSteals,ThreePtAssists,FG3A,OpponentPoints,Points,SecondChancePoints,FG2A,LiveBallTurnovers,TsPct,Fg3Pct,AtRimFG3AFrequency,Pace,AtRimFrequency,SecondsPerPossOff,SecondsPerPossDef,Minutes,DefAtRimReboundPct,DefFGReboundPct,AtRimAccuracy,player_on,OffFGReboundPct,nba_id
0,2022,115.41850220264315,105.42986425339366,39.0,48.0,25.0,34.0,43.0,227.0,221.0,43.0,20.0,12.0,18.0,67.0,233.0,262.0,16.0,128.0,19.0,0.6093023255813953,0.3283582089552239,0.5897435897435898,91.93672509619496,0.2461538461538461,15.286343612334802,16.04977375565611,117.0,0.5,0.6228070175438597,0.8125,True,0.217391304347826,1630631
1,2022,122.28915662650604,126.78571428571428,53.0,73.0,40.0,32.0,76.0,332.0,336.0,81.0,27.0,18.0,19.0,96.0,426.0,406.0,43.0,206.0,19.0,0.6114457831325302,0.3125,0.5596026490066225,93.7269804150833,0.2417218543046357,14.94277108433735,15.779761904761903,171.0,0.45,0.5855263157894737,0.726027397260274,False,0.2071428571428571,1630631
2,2024,107.6923076923077,88.98305084745763,23.0,29.0,12.0,20.0,14.0,117.0,118.0,18.0,7.0,6.0,12.0,39.0,105.0,126.0,8.0,57.0,13.0,0.6176470588235294,0.3333333333333333,0.7083333333333334,91.50892374256355,0.3020833333333333,14.991452991452991,16.47457627118644,62.0,0.6,0.7,0.7931034482758621,True,0.1777777777777777,1630631
3,2024,111.74242424242424,96.5648854961832,34.0,67.0,15.0,32.0,56.0,264.0,262.0,26.0,25.0,14.0,35.0,98.0,253.0,295.0,26.0,134.0,22.0,0.5700389105058365,0.4081632653061224,0.7112068965517241,96.8345691638967,0.2887931034482758,14.931818181818182,14.80916030534351,130.0,0.6470588235294118,0.7209302325581395,0.5074626865671642,False,0.2113821138211382,1630631
