index,year,ortg,drtg,AtRimFGM,AtRimFGA,AtRimAssists,Turnovers,FTA,OffPoss,DefPoss,TwoPtAssists,Steals,BadPassSteals,ThreePtAssists,FG3A,OpponentPoints,Points,SecondChancePoints,FG2A,LiveBallTurnovers,TsPct,Fg3Pct,AtRimFG3AFrequency,Pace,AtRimFrequency,SecondsPerPossOff,SecondsPerPossDef,Minutes,DefAtRimReboundPct,DefFGReboundPct,AtRimAccuracy,player_on,OffFGReboundPct,nba_id
0,2023,118.1818181818182,108.33333333333331,,,,3.0,,11.0,12.0,2.0,,,3.0,5.0,13.0,13.0,5.0,4.0,2.0,0.7222222222222222,0.6,0.5555555555555556,106.15384615384616,,16.0,11.333333333333334,5.0,1.0,0.8,,True,0.25,1630699
1,2023,120.43650793650794,115.27777777777776,68.0,98.0,38.0,71.0,103.0,504.0,504.0,67.0,44.0,29.0,54.0,166.0,581.0,607.0,46.0,274.0,31.0,0.6328451882845189,0.4457831325301205,0.6,100.88407005838198,0.2227272727272727,14.406746031746032,14.140873015873016,240.0,0.6363636363636364,0.7424892703862661,0.6938775510204082,False,0.2028985507246377,1630699
2,2024,80.0,90.47619047619048,3.0,7.0,3.0,6.0,9.0,20.0,21.0,3.0,2.0,,1.0,4.0,19.0,16.0,,9.0,2.0,0.4705882352941176,0.25,0.8461538461538461,100.75085324232082,0.5384615384615384,17.2,11.523809523809524,10.0,1.0,0.8333333333333334,0.4285714285714285,True,0.5,1630699
3,2024,122.5925925925926,118.23204419889504,84.0,113.0,54.0,53.0,98.0,540.0,543.0,100.0,25.0,19.0,77.0,240.0,642.0,662.0,82.0,288.0,30.0,0.5801056338028169,0.3458333333333333,0.6685606060606061,91.768859597505,0.2140151515151515,14.531481481481482,16.845303867403317,283.0,0.6744186046511628,0.7404580152671756,0.7433628318584071,False,0.2878787878787879,1630699
