index,year,ortg,drtg,AtRimFGM,AtRimFGA,AtRimAssists,Turnovers,FTA,OffPoss,DefPoss,TwoPtAssists,Steals,BadPassSteals,ThreePtAssists,FG3A,OpponentPoints,Points,SecondChancePoints,FG2A,LiveBallTurnovers,TsPct,Fg3Pct,AtRimFG3AFrequency,Pace,AtRimFrequency,SecondsPerPossOff,SecondsPerPossDef,Minutes,DefAtRimReboundPct,DefFGReboundPct,AtRimAccuracy,player_on,OffFGReboundPct,nba_id
0,2022,130.55555555555554,71.05263157894737,6.0,8.0,3.0,6.0,16.0,36.0,38.0,4.0,3.0,2.0,5.0,12.0,27.0,47.0,9.0,22.0,5.0,0.5875,0.5,0.5882352941176471,104.57311089303238,0.2352941176470588,13.555555555555555,13.973684210526317,17.0,0.5,0.6,0.75,True,0.4736842105263157,1630565
1,2022,111.41657121038564,114.4239338001273,1395.0,2104.0,792.0,1080.0,1757.0,7857.0,7855.0,1189.0,539.0,337.0,734.0,2680.0,8988.0,8754.0,1059.0,4383.0,628.0,0.5580591473562924,0.3451492537313433,0.6773325782245505,95.61014363529566,0.2978904148378876,14.729031436935218,15.393380012730743,3944.0,0.6376360808709176,0.7627777777777778,0.6630228136882129,False,0.2679721030042918,1630565
