index,year,ortg,drtg,AtRimFGM,AtRimFGA,AtRimAssists,Turnovers,FTA,OffPoss,DefPoss,TwoPtAssists,Steals,BadPassSteals,ThreePtAssists,FG3A,OpponentPoints,Points,SecondChancePoints,FG2A,LiveBallTurnovers,TsPct,Fg3Pct,AtRimFG3AFrequency,Pace,AtRimFrequency,SecondsPerPossOff,SecondsPerPossDef,Minutes,DefAtRimReboundPct,DefFGReboundPct,AtRimAccuracy,player_on,OffFGReboundPct,nba_id
0,2024,100.0,80.0,1.0,1.0,,3.0,2.0,9.0,10.0,,,,1.0,3.0,8.0,9.0,,2.0,,0.75,0.3333333333333333,0.8,86.30914826498423,0.2,19.22222222222222,14.4,5.0,1.0,0.8333333333333334,1.0,True,,1630526
1,2024,110.752688172043,94.5945945945946,56.0,95.0,27.0,49.0,68.0,372.0,370.0,44.0,32.0,20.0,46.0,134.0,350.0,412.0,34.0,189.0,35.0,0.5807365439093485,0.3880597014925373,0.7089783281733746,95.37445327144516,0.2941176470588235,14.846774193548388,15.35135135135135,187.0,0.627906976744186,0.7098445595854922,0.5894736842105263,False,0.2048192771084337,1630526
