index,year,ortg,drtg,AtRimFGM,AtRimFGA,AtRimAssists,Turnovers,FTA,OffPoss,DefPoss,TwoPtAssists,Steals,BadPassSteals,ThreePtAssists,FG3A,OpponentPoints,Points,SecondChancePoints,FG2A,LiveBallTurnovers,TsPct,Fg3Pct,AtRimFG3AFrequency,Pace,AtRimFrequency,SecondsPerPossOff,SecondsPerPossDef,Minutes,DefAtRimReboundPct,DefFGReboundPct,AtRimAccuracy,player_on,OffFGReboundPct,nba_id
0,2023,112.4733475479744,113.07609860664525,155.0,230.0,99.0,159.0,246.0,938.0,933.0,140.0,70.0,40.0,101.0,347.0,1055.0,1055.0,137.0,451.0,83.0,0.5855555555555556,0.3371757925072046,0.7230576441102757,98.26895721632565,0.2882205513784461,14.41044776119403,14.89817792068596,457.0,0.5662650602409639,0.6740576496674058,0.6739130434782609,True,0.2704714640198511,1630284
1,2023,115.32471144486163,112.43912620008348,1245.0,1748.0,755.0,1045.0,1644.0,7191.0,7187.0,1105.0,564.0,340.0,776.0,2683.0,8081.0,8293.0,973.0,3647.0,520.0,0.5878118317890235,0.3529631010063362,0.7,98.60373854030242,0.2761453396524486,14.774718397997496,14.433004035063307,3500.0,0.6349453978159126,0.7269919703520692,0.7122425629290617,False,0.2578655151141271,1630284
2,2024,133.33333333333334,142.85714285714286,3.0,5.0,1.0,,7.0,15.0,14.0,2.0,,,2.0,4.0,20.0,20.0,4.0,9.0,,0.625,0.5,0.6923076923076923,115.0413223140496,0.3846153846153846,13.466666666666669,11.5,6.0,,1.0,0.6,True,0.3333333333333333,1630284
3,2024,111.85073121533031,114.0297754226596,1347.0,2041.0,765.0,1234.0,1812.0,7932.0,7926.0,1194.0,666.0,407.0,760.0,2632.0,9038.0,8872.0,994.0,4239.0,669.0,0.5790889997374639,0.3582826747720364,0.6801047882404307,96.35362472942695,0.2970455537767428,14.564170448814927,15.326015644713602,3950.0,0.6335078534031413,0.7099774520856821,0.6599706026457619,False,0.2540494458653026,1630284
