index,year,ortg,drtg,AtRimFGM,AtRimFGA,AtRimAssists,Turnovers,FTA,OffPoss,DefPoss,TwoPtAssists,Steals,BadPassSteals,ThreePtAssists,FG3A,OpponentPoints,Points,SecondChancePoints,FG2A,LiveBallTurnovers,TsPct,Fg3Pct,AtRimFG3AFrequency,Pace,AtRimFrequency,SecondsPerPossOff,SecondsPerPossDef,Minutes,DefAtRimReboundPct,DefFGReboundPct,AtRimAccuracy,player_on,OffFGReboundPct,nba_id
0,2022,101.1904761904762,119.51219512195122,6.0,10.0,2.0,10.0,18.0,84.0,82.0,6.0,3.0,2.0,9.0,39.0,98.0,85.0,8.0,36.0,3.0,0.5120481927710844,0.358974358974359,0.6533333333333333,99.8079331941545,0.1333333333333333,13.773809523809524,15.097560975609756,40.0,1.0,0.85,0.6,True,0.2045454545454545,1630606
1,2022,114.44487130234344,109.61834016393442,1210.0,1838.0,731.0,1184.0,1735.0,7809.0,7808.0,1138.0,603.0,398.0,937.0,2897.0,8559.0,8937.0,1032.0,3982.0,605.0,0.5829073273037095,0.3797031411805316,0.6883267916848379,95.34470989761093,0.2671899985463003,15.120758099628633,15.085425204918034,3931.0,0.6086235489220564,0.7449700924415443,0.6583242655059848,False,0.2685730305578918,1630606
2,2022,103.41614906832298,111.7283950617284,47.0,83.0,20.0,50.0,60.0,322.0,324.0,31.0,25.0,15.0,31.0,122.0,362.0,333.0,54.0,174.0,27.0,0.514018691588785,0.3360655737704918,0.6925675675675675,96.9707078077765,0.2804054054054054,15.381987577639752,14.320987654320987,160.0,0.5555555555555556,0.7397260273972602,0.5662650602409639,True,0.2965116279069767,1630606
3,2022,115.98121350596598,112.2934146961607,1310.0,1916.0,695.0,1050.0,1821.0,7878.0,7866.0,1019.0,598.0,381.0,879.0,3029.0,8833.0,9137.0,1055.0,4006.0,579.0,0.5826075819672131,0.3671178606800924,0.7029140014214641,99.6685242205923,0.2723525230987917,13.917999492256918,14.97859140605136,3791.0,0.6463815789473685,0.7586477987421384,0.6837160751565762,False,0.2585592988222405,1630606
4,2024,,300.0,,,,1.0,,1.0,1.0,,,,,,3.0,,,,,,,,72.0,,24.0,16.0,1.0,,,,True,,1630606
5,2024,117.28657014478284,114.27143214196452,1442.0,2283.0,779.0,983.0,1934.0,8012.0,8002.0,1230.0,694.0,398.0,811.0,2733.0,9144.0,9397.0,1237.0,4598.0,506.0,0.5742786985880909,0.362971094035858,0.6842177056336107,97.16905444126074,0.3114172691310871,15.024837743384923,14.61397150712322,3955.0,0.5938748335552596,0.7074626865671642,0.6316250547525186,False,0.2842626367899948,1630606
