index,year,ortg,drtg,AtRimFGM,AtRimFGA,AtRimAssists,Turnovers,FTA,OffPoss,DefPoss,TwoPtAssists,Steals,BadPassSteals,ThreePtAssists,FG3A,OpponentPoints,Points,SecondChancePoints,FG2A,LiveBallTurnovers,TsPct,Fg3Pct,AtRimFG3AFrequency,Pace,AtRimFrequency,SecondsPerPossOff,SecondsPerPossDef,Minutes,DefAtRimReboundPct,DefFGReboundPct,AtRimAccuracy,player_on,OffFGReboundPct,nba_id
0,2021,97.29729729729728,100.0,6.0,11.0,6.0,3.0,5.0,37.0,36.0,8.0,,,4.0,11.0,36.0,36.0,4.0,25.0,2.0,0.4736842105263157,0.3636363636363636,0.6111111111111112,99.92395437262356,0.3055555555555556,15.945945945945946,12.833333333333334,18.0,1.0,0.875,0.5454545454545454,True,0.3333333333333333,1630188
1,2021,115.05114466634194,110.60087933561309,299.0,446.0,186.0,259.0,404.0,2053.0,2047.0,305.0,142.0,92.0,194.0,643.0,2264.0,2362.0,220.0,1192.0,144.0,0.58875,0.3763608087091757,0.5934604904632153,94.7550876291969,0.2430517711171662,15.361909400876764,15.031753786028334,1038.0,0.573394495412844,0.7299128751210068,0.6704035874439462,False,0.2222222222222222,1630188
2,2024,80.0,128.23529411764707,12.0,19.0,8.0,20.0,16.0,85.0,85.0,12.0,5.0,2.0,1.0,21.0,109.0,68.0,12.0,50.0,10.0,0.4294871794871794,0.1904761904761904,0.5633802816901409,96.491919590067,0.2676056338028169,14.294117647058824,15.552941176470588,42.0,0.5,0.7209302325581395,0.631578947368421,True,0.2954545454545454,1630188
3,2024,124.11960132890366,119.64285714285714,286.0,418.0,178.0,184.0,260.0,1505.0,1512.0,319.0,88.0,64.0,176.0,538.0,1809.0,1868.0,214.0,893.0,101.0,0.6063760572543917,0.379182156133829,0.6680642907058001,92.39053229270782,0.2921034241788959,14.593355481727574,16.574074074074073,784.0,0.5957446808510638,0.6875,0.6842105263157895,False,0.2941176470588235,1630188
