index,year,ortg,drtg,AtRimFGM,AtRimFGA,AtRimAssists,Turnovers,FTA,OffPoss,DefPoss,TwoPtAssists,Steals,BadPassSteals,ThreePtAssists,FG3A,OpponentPoints,Points,SecondChancePoints,FG2A,LiveBallTurnovers,TsPct,Fg3Pct,AtRimFG3AFrequency,Pace,AtRimFrequency,SecondsPerPossOff,SecondsPerPossDef,Minutes,DefAtRimReboundPct,DefFGReboundPct,AtRimAccuracy,player_on,OffFGReboundPct,nba_id
0,2022,118.2608695652174,123.63636363636364,26.0,35.0,18.0,18.0,26.0,115.0,110.0,26.0,8.0,4.0,6.0,34.0,136.0,136.0,22.0,65.0,9.0,0.6126126126126126,0.3235294117647059,0.696969696969697,95.91474245115454,0.3535353535353535,15.060869565217391,14.963636363636365,56.0,0.2857142857142857,0.5833333333333334,0.7428571428571429,True,0.2954545454545454,1630230
1,2022,119.8198198198198,117.00223713646533,66.0,86.0,47.0,48.0,93.0,444.0,447.0,98.0,39.0,26.0,31.0,129.0,523.0,532.0,37.0,269.0,29.0,0.6100917431192661,0.3178294573643411,0.5402010050251256,92.2917565817868,0.2160804020100502,15.08783783783784,16.114093959731544,232.0,0.5128205128205128,0.6055045871559633,0.7674418604651163,False,0.1914893617021276,1630230
2,2024,116.46341463414636,99.37888198757764,28.0,42.0,14.0,22.0,31.0,164.0,161.0,25.0,9.0,6.0,21.0,58.0,160.0,191.0,15.0,81.0,14.0,0.6209150326797386,0.396551724137931,0.7194244604316546,92.8019036287924,0.302158273381295,15.121951219512194,15.919254658385093,84.0,0.6190476190476191,0.7078651685393258,0.6666666666666666,True,0.2307692307692307,1630230
3,2024,105.99078341013823,90.4109589041096,29.0,54.0,13.0,30.0,39.0,217.0,219.0,19.0,23.0,14.0,26.0,79.0,198.0,230.0,19.0,110.0,21.0,0.5558252427184466,0.379746835443038,0.7037037037037037,96.93376563223714,0.2857142857142857,14.820276497695852,14.89041095890411,108.0,0.6521739130434783,0.7181818181818181,0.5370370370370371,False,0.1844660194174757,1630230
