index,year,ortg,drtg,AtRimFGM,AtRimFGA,AtRimAssists,Turnovers,FTA,OffPoss,DefPoss,TwoPtAssists,Steals,BadPassSteals,ThreePtAssists,FG3A,OpponentPoints,Points,SecondChancePoints,FG2A,LiveBallTurnovers,TsPct,Fg3Pct,AtRimFG3AFrequency,Pace,AtRimFrequency,SecondsPerPossOff,SecondsPerPossDef,Minutes,DefAtRimReboundPct,DefFGReboundPct,AtRimAccuracy,player_on,OffFGReboundPct,nba_id
0,2022,123.78787878787878,103.49544072948328,255.0,377.0,158.0,201.0,402.0,1320.0,1316.0,209.0,125.0,74.0,163.0,518.0,1362.0,1634.0,215.0,607.0,118.0,0.6282742681047766,0.3803088803088803,0.7955555555555556,98.8963576676567,0.3351111111111111,14.28939393939394,14.832826747720365,640.0,0.6071428571428571,0.7159763313609467,0.6763925729442971,True,0.3220640569395018,1630314
1,2022,116.3536076326774,109.4415487714073,1208.0,1817.0,706.0,947.0,1612.0,6708.0,6715.0,1026.0,547.0,342.0,786.0,2528.0,7349.0,7805.0,851.0,3392.0,539.0,0.5885290556900726,0.3686708860759494,0.7339527027027027,97.43580437346884,0.3069256756756757,14.759988073941562,14.797915115413254,3306.0,0.6507246376811594,0.7424148606811145,0.6648321408915795,False,0.2656765676567656,1630314
2,2024,115.44715447154472,92.6530612244898,44.0,65.0,25.0,28.0,33.0,246.0,245.0,42.0,16.0,9.0,25.0,81.0,227.0,284.0,36.0,147.0,14.0,0.5916666666666667,0.382716049382716,0.6403508771929824,104.42179884802836,0.2850877192982456,13.69918699186992,13.881632653061224,113.0,0.7241379310344828,0.732824427480916,0.676923076923077,True,0.2410714285714285,1630314
3,2024,116.13432647393006,118.98877821207918,1362.0,2002.0,791.0,1099.0,1739.0,7921.0,7931.0,1302.0,587.0,380.0,889.0,2840.0,9437.0,9199.0,1137.0,4345.0,549.0,0.5776950265084575,0.3676056338028169,0.6739039665970773,99.3816856706242,0.2786360473208072,14.599419265244288,14.379901651746312,3828.0,0.6447368421052632,0.749584487534626,0.6803196803196803,False,0.2835861321776814,1630314
