index,year,ortg,drtg,AtRimFGM,AtRimFGA,AtRimAssists,Turnovers,FTA,OffPoss,DefPoss,TwoPtAssists,Steals,BadPassSteals,ThreePtAssists,FG3A,OpponentPoints,Points,SecondChancePoints,FG2A,LiveBallTurnovers,TsPct,Fg3Pct,AtRimFG3AFrequency,Pace,AtRimFrequency,SecondsPerPossOff,SecondsPerPossDef,Minutes,DefAtRimReboundPct,DefFGReboundPct,AtRimAccuracy,player_on,OffFGReboundPct,nba_id
0,2024,86.84210526315789,125.97402597402598,12.0,16.0,6.0,13.0,16.0,76.0,77.0,9.0,5.0,2.0,5.0,26.0,97.0,66.0,6.0,36.0,10.0,0.4782608695652174,0.1923076923076923,0.6774193548387096,103.33958724202628,0.2580645161290322,12.710526315789474,15.142857142857142,36.0,0.4285714285714285,0.4651162790697674,0.75,True,0.1794871794871795,1630618
1,2024,113.20544554455444,119.25312229504142,1557.0,2307.0,980.0,1134.0,1756.0,8080.0,8087.0,1475.0,629.0,394.0,846.0,2686.0,9644.0,9147.0,1141.0,4608.0,585.0,0.5673017058896775,0.3488458674609084,0.6845352344392651,98.84378927346218,0.3162873594735399,14.177599009900993,14.958946457277111,3925.0,0.619533527696793,0.7069577080491133,0.6749024707412223,False,0.2780578402759353,1630618
