index,year,ortg,drtg,AtRimFGM,AtRimFGA,AtRimAssists,Turnovers,FTA,OffPoss,DefPoss,TwoPtAssists,Steals,BadPassSteals,ThreePtAssists,FG3A,OpponentPoints,Points,SecondChancePoints,FG2A,LiveBallTurnovers,TsPct,Fg3Pct,AtRimFG3AFrequency,Pace,AtRimFrequency,SecondsPerPossOff,SecondsPerPossDef,Minutes,DefAtRimReboundPct,DefFGReboundPct,AtRimAccuracy,player_on,OffFGReboundPct,nba_id
0,2023,115.33742331288344,109.0846994535519,264.0,379.0,134.0,181.0,322.0,1467.0,1464.0,211.0,100.0,67.0,144.0,507.0,1597.0,1692.0,242.0,833.0,107.0,0.572108843537415,0.3510848126232742,0.6611940298507463,100.46272493573264,0.2828358208955224,14.0,14.668032786885243,700.0,0.6048387096774194,0.698005698005698,0.6965699208443272,True,0.2683982683982684,1630699
1,2023,111.60229108532825,117.21912584335584,1027.0,1593.0,555.0,789.0,1397.0,6809.0,6818.0,988.0,478.0,311.0,620.0,2292.0,7992.0,7599.0,858.0,4012.0,414.0,0.5478677110530896,0.3547120418848167,0.6162753807106599,100.14330332537205,0.2526967005076142,14.550154207666324,14.208858902904078,3266.0,0.5767716535433071,0.7330345710627401,0.6446955430006277,False,0.2461809635722679,1630699
2,2024,117.00468018720748,115.88785046728972,219.0,323.0,130.0,169.0,343.0,1282.0,1284.0,212.0,95.0,56.0,118.0,434.0,1488.0,1500.0,203.0,696.0,103.0,0.5839874411302983,0.3410138248847926,0.6699115044247788,101.3450356555129,0.2858407079646017,14.336973478939155,14.080996884735203,608.0,0.7,0.7477148080438757,0.6780185758513931,True,0.2728842832469775,1630699
3,2024,116.06524249422633,119.08396946564883,1138.0,1726.0,646.0,817.0,1421.0,6928.0,6943.0,1116.0,485.0,304.0,723.0,2463.0,8268.0,8041.0,921.0,3944.0,455.0,0.5706125946023133,0.3589118960617133,0.653816138598408,99.2755467196819,0.2693928515685968,14.568562355658198,14.441739881895437,3353.0,0.6460905349794238,0.7592771861890932,0.6593279258400927,False,0.2578031212484994,1630699
