index,year,ortg,drtg,AtRimFGM,AtRimFGA,AtRimAssists,Turnovers,FTA,OffPoss,DefPoss,TwoPtAssists,Steals,BadPassSteals,ThreePtAssists,FG3A,OpponentPoints,Points,SecondChancePoints,FG2A,LiveBallTurnovers,TsPct,Fg3Pct,AtRimFG3AFrequency,Pace,AtRimFrequency,SecondsPerPossOff,SecondsPerPossDef,Minutes,DefAtRimReboundPct,DefFGReboundPct,AtRimAccuracy,player_on,OffFGReboundPct,nba_id
0,2022,50.0,20.0,,1.0,,2.0,2.0,4.0,5.0,,,,,1.0,1.0,2.0,,1.0,1.0,0.3333333333333333,,1.0,70.43478260869564,0.5,19.5,21.2,3.0,,1.0,,True,0.5,1630693
1,2022,114.86114585939454,111.52016028049086,1293.0,1895.0,729.0,970.0,1826.0,7994.0,7986.0,1190.0,598.0,397.0,751.0,2606.0,8906.0,9182.0,1042.0,4679.0,521.0,0.56720964934096,0.3610897927858787,0.6178448867536033,96.77679833120249,0.2601235415236788,14.629096822616964,15.130353117956425,3963.0,0.6381909547738693,0.7583561643835617,0.6823218997361478,False,0.2595119391235896,1630693
