index,year,ortg,drtg,AtRimFGM,AtRimFGA,AtRimAssists,Turnovers,FTA,OffPoss,DefPoss,TwoPtAssists,Steals,BadPassSteals,ThreePtAssists,FG3A,OpponentPoints,Points,SecondChancePoints,FG2A,LiveBallTurnovers,TsPct,Fg3Pct,AtRimFG3AFrequency,Pace,AtRimFrequency,SecondsPerPossOff,SecondsPerPossDef,Minutes,DefAtRimReboundPct,DefFGReboundPct,AtRimAccuracy,player_on,OffFGReboundPct,nba_id
0,2023,73.6842105263158,105.0,4.0,6.0,2.0,1.0,4.0,19.0,20.0,2.0,2.0,2.0,1.0,4.0,21.0,14.0,1.0,13.0,1.0,0.3684210526315789,0.25,0.5882352941176471,106.1625708884688,0.3529411764705882,15.947368421052632,11.3,9.0,1.0,0.8,0.6666666666666666,True,0.1666666666666666,1630205
1,2023,111.0091743119266,102.27272727272728,81.0,130.0,38.0,75.0,123.0,436.0,440.0,54.0,48.0,36.0,34.0,145.0,450.0,484.0,90.0,257.0,33.0,0.5272331154684096,0.2827586206896552,0.6840796019900498,90.94081176555405,0.3233830845771144,16.1697247706422,15.502272727272729,231.0,0.6111111111111112,0.7339901477832512,0.6230769230769231,False,0.4009216589861751,1630205
