index,year,ortg,drtg,AtRimFGM,AtRimFGA,AtRimAssists,Turnovers,FTA,OffPoss,DefPoss,TwoPtAssists,Steals,BadPassSteals,ThreePtAssists,FG3A,OpponentPoints,Points,SecondChancePoints,FG2A,LiveBallTurnovers,TsPct,Fg3Pct,AtRimFG3AFrequency,Pace,AtRimFrequency,SecondsPerPossOff,SecondsPerPossDef,Minutes,DefAtRimReboundPct,DefFGReboundPct,AtRimAccuracy,player_on,OffFGReboundPct,nba_id
0,2023,113.07609860664525,112.4733475479744,159.0,242.0,78.0,151.0,250.0,933.0,938.0,115.0,83.0,55.0,96.0,327.0,1055.0,1055.0,160.0,505.0,70.0,0.55863539445629,0.3547400611620795,0.6838942307692307,98.26895721632565,0.2908653846153846,14.89817792068596,14.41044776119403,457.0,0.6,0.7295285359801489,0.6570247933884298,True,0.3259423503325942,1630284
1,2023,112.43912620008348,115.32471144486163,1320.0,1964.0,688.0,1084.0,1800.0,7187.0,7191.0,1033.0,520.0,335.0,662.0,2225.0,8293.0,8081.0,1010.0,4018.0,564.0,0.5736759681093394,0.3447191011235955,0.6709915104917508,98.60373854030242,0.3145923434246356,14.433004035063307,14.774718397997496,3500.0,0.642,0.742134484885873,0.6720977596741344,False,0.2730080296479308,1630284
2,2024,142.85714285714286,133.33333333333334,2.0,2.0,2.0,1.0,4.0,14.0,15.0,3.0,,,2.0,4.0,20.0,20.0,,6.0,,0.8333333333333334,0.5,0.6,115.0413223140496,0.2,11.5,13.466666666666669,6.0,0.5,0.6666666666666666,1.0,True,,1630284
3,2024,114.0297754226596,111.85073121533031,1596.0,2370.0,918.0,1205.0,1998.0,7926.0,7932.0,1226.0,669.0,411.0,792.0,2564.0,8872.0,9038.0,1185.0,4390.0,666.0,0.5754861821903787,0.3514040561622465,0.7095197008915732,96.35362472942695,0.3408110440034512,15.326015644713602,14.564170448814927,3950.0,0.6351744186046512,0.7459505541346974,0.6734177215189874,False,0.2900225479143179,1630284
