index,year,ortg,drtg,AtRimFGM,AtRimFGA,AtRimAssists,Turnovers,FTA,OffPoss,DefPoss,TwoPtAssists,Steals,BadPassSteals,ThreePtAssists,FG3A,OpponentPoints,Points,SecondChancePoints,FG2A,LiveBallTurnovers,TsPct,Fg3Pct,AtRimFG3AFrequency,Pace,AtRimFrequency,SecondsPerPossOff,SecondsPerPossDef,Minutes,DefAtRimReboundPct,DefFGReboundPct,AtRimAccuracy,player_on,OffFGReboundPct,nba_id
0,2023,115.12261580381472,118.43191196698764,219.0,362.0,117.0,182.0,351.0,1468.0,1454.0,171.0,73.0,44.0,191.0,598.0,1722.0,1690.0,176.0,680.0,99.0,0.5904628330995793,0.382943143812709,0.7511737089201878,98.99258910716388,0.2832550860719874,14.89509536784741,14.194635488308116,708.0,0.6071428571428571,0.7044117647058824,0.6049723756906077,True,0.21875,1630702
1,2023,117.91090629800308,116.9141282718506,999.0,1437.0,554.0,819.0,1706.0,6510.0,6533.0,742.0,441.0,294.0,776.0,2764.0,7638.0,7676.0,719.0,2867.0,423.0,0.6020777585392728,0.36794500723589,0.7460486592079559,95.5069538023442,0.2551944592434736,15.547465437788018,14.609061686820755,3278.0,0.5893536121673004,0.7250346740638003,0.6951983298538622,False,0.2140105078809107,1630702
2,2024,110.64237775647172,117.35776277724204,329.0,502.0,203.0,299.0,467.0,2086.0,2074.0,283.0,139.0,89.0,230.0,780.0,2434.0,2308.0,275.0,1053.0,162.0,0.5651425762045231,0.3666666666666666,0.6993998908892526,100.93344566133108,0.2738679759956355,14.2823585810163,14.251205400192864,989.0,0.588957055214724,0.7011995637949836,0.6553784860557769,True,0.2640736949846469,1630702
3,2024,120.78817733990148,115.69013622189398,1034.0,1425.0,656.0,728.0,1375.0,6090.0,6093.0,943.0,424.0,258.0,650.0,2462.0,7049.0,7356.0,824.0,3057.0,441.0,0.6019553072625698,0.3700243704305442,0.7042942562058344,99.0543729885382,0.2581989490849791,14.393267651888342,14.681601838174954,2952.0,0.5991902834008097,0.7228957395219952,0.7256140350877193,False,0.2463820549927641,1630702
