index,year,ortg,drtg,AtRimFGM,AtRimFGA,AtRimAssists,Turnovers,FTA,OffPoss,DefPoss,TwoPtAssists,Steals,BadPassSteals,ThreePtAssists,FG3A,OpponentPoints,Points,SecondChancePoints,FG2A,LiveBallTurnovers,TsPct,Fg3Pct,AtRimFG3AFrequency,Pace,AtRimFrequency,SecondsPerPossOff,SecondsPerPossDef,Minutes,DefAtRimReboundPct,DefFGReboundPct,AtRimAccuracy,player_on,OffFGReboundPct,nba_id
0,2022,92.10526315789474,57.5,6.0,6.0,3.0,5.0,11.0,38.0,40.0,5.0,1.0,1.0,2.0,9.0,23.0,35.0,4.0,18.0,3.0,0.546875,0.2222222222222222,0.5555555555555556,110.5511811023622,0.2222222222222222,12.394736842105264,13.625,17.0,0.6666666666666666,0.7916666666666666,1.0,True,0.1428571428571428,1630492
1,2022,103.87323943661973,106.6079295154185,130.0,214.0,73.0,149.0,206.0,1136.0,1135.0,142.0,79.0,45.0,139.0,467.0,1210.0,1180.0,105.0,549.0,73.0,0.5330316742081448,0.3426124197002141,0.6702755905511811,97.49105652277603,0.2106299212598425,15.73855633802817,13.801762114537445,559.0,0.6777777777777778,0.7622504537205081,0.6074766355140186,False,0.1882556131260794,1630492
