index,year,ortg,drtg,AtRimFGM,AtRimFGA,AtRimAssists,Turnovers,FTA,OffPoss,DefPoss,TwoPtAssists,Steals,BadPassSteals,ThreePtAssists,FG3A,OpponentPoints,Points,SecondChancePoints,FG2A,LiveBallTurnovers,TsPct,Fg3Pct,AtRimFG3AFrequency,Pace,AtRimFrequency,SecondsPerPossOff,SecondsPerPossDef,Minutes,DefAtRimReboundPct,DefFGReboundPct,AtRimAccuracy,player_on,OffFGReboundPct,nba_id
0,2021,113.63636363636364,86.36363636363636,1.0,2.0,,1.0,8.0,22.0,22.0,2.0,1.0,1.0,4.0,12.0,19.0,25.0,,5.0,,0.5952380952380952,0.3333333333333333,0.8235294117647058,97.6271186440678,0.1176470588235294,12.454545454545457,17.045454545454547,11.0,,0.6666666666666666,0.5,True,0.1,1630238
1,2021,111.6094606287857,117.87564766839378,1164.0,1797.0,640.0,924.0,1481.0,6934.0,6948.0,1006.0,509.0,356.0,638.0,2329.0,8190.0,7739.0,849.0,3877.0,509.0,0.5647713950762017,0.3559467582653499,0.6648404769577828,96.7054486698821,0.2895584917821463,14.77444476492645,15.006476683937825,3445.0,0.6093189964157706,0.7407172326245637,0.6477462437395659,False,0.2403433476394849,1630238
2,2022,114.66666666666669,76.0,11.0,17.0,7.0,5.0,27.0,75.0,75.0,9.0,7.0,4.0,6.0,34.0,57.0,86.0,16.0,37.0,2.0,0.5182926829268293,0.2941176470588235,0.7183098591549296,103.29985652797704,0.2394366197183098,13.413333333333334,14.466666666666669,35.0,0.8333333333333334,0.8787878787878788,0.6470588235294118,True,0.3255813953488372,1630238
3,2022,111.06166560712016,117.85896130346232,1202.0,1809.0,675.0,977.0,1554.0,7865.0,7856.0,1136.0,629.0,370.0,766.0,2803.0,9259.0,8735.0,1047.0,4444.0,586.0,0.5498353596757852,0.3510524438102033,0.6364012694908238,96.46881352032013,0.2496205326341934,14.7716465352829,15.082739307535642,3911.0,0.6107142857142858,0.701133536079624,0.6644555002763958,False,0.2491591203104786,1630238
4,2022,105.17241379310344,116.3934426229508,3.0,7.0,1.0,5.0,11.0,58.0,61.0,5.0,3.0,2.0,6.0,27.0,71.0,61.0,10.0,27.0,4.0,0.5258620689655172,0.2962962962962963,0.6296296296296297,102.36559139784949,0.1296296296296296,13.844827586206897,14.278688524590164,28.0,,0.68,0.4285714285714285,True,0.2258064516129032,1630238
5,2022,107.43968675003158,114.69475277497476,1130.0,1726.0,593.0,1126.0,1681.0,7917.0,7928.0,1003.0,615.0,394.0,759.0,2833.0,9093.0,8506.0,1021.0,4334.0,587.0,0.5363889945479904,0.3392163783974585,0.6361099483744942,96.19792061926084,0.2408260080926468,14.964127826196792,14.974142280524722,3953.0,0.6188870151770658,0.7310585706609349,0.6546929316338355,False,0.2653680748798381,1630238
