index,year,ortg,drtg,AtRimFGM,AtRimFGA,AtRimAssists,Turnovers,FTA,OffPoss,DefPoss,TwoPtAssists,Steals,BadPassSteals,ThreePtAssists,FG3A,OpponentPoints,Points,SecondChancePoints,FG2A,LiveBallTurnovers,TsPct,Fg3Pct,AtRimFG3AFrequency,Pace,AtRimFrequency,SecondsPerPossOff,SecondsPerPossDef,Minutes,DefAtRimReboundPct,DefFGReboundPct,AtRimAccuracy,player_on,OffFGReboundPct,nba_id
0,2023,175.0,80.0,,,,,2.0,4.0,5.0,,1.0,,1.0,2.0,4.0,7.0,,1.0,,0.875,0.5,0.6666666666666666,102.0472440944882,,9.75,17.6,2.0,,0.3333333333333333,,True,,1630649
1,2023,111.127505225624,119.26098698747852,1282.0,1991.0,669.0,1237.0,2104.0,8133.0,8146.0,1097.0,573.0,369.0,786.0,2657.0,9715.0,9038.0,1226.0,4480.0,631.0,0.5579836106282593,0.3511479111780203,0.6512540283032087,98.68843487010226,0.2789687543785904,14.798229435632608,14.384851460839675,3959.0,0.6060171919770774,0.7052456286427977,0.6438975389251632,False,0.2873593300183198,1630649
2,2024,107.6923076923077,116.71779141104294,91.0,135.0,56.0,116.0,153.0,637.0,652.0,100.0,35.0,21.0,65.0,186.0,761.0,686.0,70.0,346.0,63.0,0.5722689075630252,0.3817204301075269,0.6033834586466166,100.74685193226227,0.2537593984962406,14.251177394034537,14.33435582822086,307.0,0.717391304347826,0.7641196013289037,0.674074074074074,True,0.2580645161290322,1630649
3,2024,110.51513542219864,119.24708377518556,1291.0,2005.0,749.0,1132.0,1627.0,7532.0,7544.0,1223.0,496.0,321.0,700.0,2416.0,8996.0,8324.0,1017.0,4288.0,664.0,0.5591776004328419,0.3456125827814569,0.6594570405727923,99.29490111418065,0.2990751789976134,14.475969198088157,14.528499469777309,3644.0,0.62,0.7380239520958084,0.6438902743142144,False,0.2671408250355618,1630649
