index,year,ortg,drtg,AtRimFGM,AtRimFGA,AtRimAssists,Turnovers,FTA,OffPoss,DefPoss,TwoPtAssists,Steals,BadPassSteals,ThreePtAssists,FG3A,OpponentPoints,Points,SecondChancePoints,FG2A,LiveBallTurnovers,TsPct,Fg3Pct,AtRimFG3AFrequency,Pace,AtRimFrequency,SecondsPerPossOff,SecondsPerPossDef,Minutes,DefAtRimReboundPct,DefFGReboundPct,AtRimAccuracy,player_on,OffFGReboundPct,nba_id
0,2022,110.5691056910569,110.27027027027027,56.0,82.0,34.0,52.0,107.0,369.0,370.0,52.0,26.0,19.0,40.0,150.0,408.0,408.0,53.0,164.0,24.0,0.5623268698060941,0.3133333333333333,0.7388535031847133,100.50623347185493,0.2611464968152866,14.48238482384824,14.172972972972971,176.0,0.6578947368421053,0.6932515337423313,0.6829268292682927,True,0.25,1630691
1,2022,106.48979060996228,114.7372528616025,1331.0,2191.0,706.0,1111.0,1699.0,7689.0,7688.0,1046.0,604.0,362.0,786.0,2688.0,8821.0,8188.0,1063.0,4265.0,582.0,0.5311398354876615,0.3266369047619047,0.7017114914425427,97.64380082197096,0.3151157773622897,14.856158148003642,14.63878772112383,3780.0,0.5847797062750334,0.7158959537572255,0.6074851665905979,False,0.2701238390092879,1630691
