index,year,ortg,drtg,AtRimFGM,AtRimFGA,AtRimAssists,Turnovers,FTA,OffPoss,DefPoss,TwoPtAssists,Steals,BadPassSteals,ThreePtAssists,FG3A,OpponentPoints,Points,SecondChancePoints,FG2A,LiveBallTurnovers,TsPct,Fg3Pct,AtRimFG3AFrequency,Pace,AtRimFrequency,SecondsPerPossOff,SecondsPerPossDef,Minutes,DefAtRimReboundPct,DefFGReboundPct,AtRimAccuracy,player_on,OffFGReboundPct,nba_id
0,2022,100.0,82.3529411764706,5.0,5.0,2.0,1.0,2.0,17.0,17.0,2.0,1.0,1.0,1.0,7.0,14.0,17.0,,6.0,1.0,0.6071428571428571,0.2857142857142857,0.9230769230769232,105.51724137931036,0.3846153846153846,9.705882352941176,17.58823529411765,8.0,0.5,0.7,1.0,True,,1630257
1,2022,109.93401759530792,115.82038419185122,1411.0,2265.0,855.0,1233.0,1835.0,8184.0,8173.0,1241.0,587.0,380.0,803.0,2821.0,9466.0,8997.0,1067.0,4435.0,799.0,0.5577018943170489,0.3491669620701879,0.7009371554575524,99.42785067890492,0.3121554575523704,14.55315249266862,14.412480117459928,3948.0,0.5721153846153846,0.6665029469548134,0.6229580573951435,False,0.2676637441980402,1630257
