index,year,ortg,drtg,AtRimFGM,AtRimFGA,AtRimAssists,Turnovers,FTA,OffPoss,DefPoss,TwoPtAssists,Steals,BadPassSteals,ThreePtAssists,FG3A,OpponentPoints,Points,SecondChancePoints,FG2A,LiveBallTurnovers,TsPct,Fg3Pct,AtRimFG3AFrequency,Pace,AtRimFrequency,SecondsPerPossOff,SecondsPerPossDef,Minutes,DefAtRimReboundPct,DefFGReboundPct,AtRimAccuracy,player_on,OffFGReboundPct,nba_id
0,2024,112.36263736263736,101.64835164835164,55.0,89.0,32.0,48.0,57.0,364.0,364.0,48.0,26.0,16.0,47.0,144.0,370.0,409.0,46.0,193.0,32.0,0.5606060606060606,0.3611111111111111,0.6913946587537092,96.39724137931034,0.2640949554896142,14.956043956043956,14.92032967032967,181.0,0.6222222222222222,0.7142857142857143,0.6179775280898876,True,0.2513966480446927,1630581
1,2024,111.91709844559584,108.33333333333331,88.0,139.0,45.0,64.0,128.0,579.0,576.0,76.0,52.0,31.0,60.0,196.0,624.0,648.0,57.0,325.0,37.0,0.5561312607944733,0.3520408163265306,0.6429942418426103,92.7866108786611,0.2667946257197697,15.61658031088083,15.421875,299.0,0.6,0.6643109540636042,0.6330935251798561,False,0.2335766423357664,1630581
