index,year,ortg,drtg,AtRimFGM,AtRimFGA,AtRimAssists,Turnovers,FTA,OffPoss,DefPoss,TwoPtAssists,Steals,BadPassSteals,ThreePtAssists,FG3A,OpponentPoints,Points,SecondChancePoints,FG2A,LiveBallTurnovers,TsPct,Fg3Pct,AtRimFG3AFrequency,Pace,AtRimFrequency,SecondsPerPossOff,SecondsPerPossDef,Minutes,DefAtRimReboundPct,DefFGReboundPct,AtRimAccuracy,player_on,OffFGReboundPct,nba_id
0,2022,90.0,104.60526315789474,23.0,35.0,14.0,22.0,35.0,150.0,152.0,21.0,9.0,5.0,11.0,52.0,159.0,135.0,17.0,79.0,12.0,0.4591836734693877,0.2307692307692307,0.6641221374045801,97.7478084962913,0.2671755725190839,15.046666666666669,14.421052631578949,74.0,0.6,0.746268656716418,0.6571428571428571,True,0.2560975609756097,1630225
1,2022,111.8734855248055,115.0267652306908,1383.0,1974.0,829.0,1055.0,1743.0,7841.0,7846.0,1291.0,513.0,335.0,729.0,2460.0,9025.0,8772.0,959.0,4465.0,586.0,0.5696491456893179,0.3447154471544715,0.64028880866426,96.73754127214563,0.2850541516245487,15.13582451217957,14.63561050216671,3892.0,0.6243654822335025,0.7402562733582488,0.7006079027355623,False,0.2410414333706607,1630225
2,2023,98.50746268656717,104.51127819548871,19.0,23.0,7.0,18.0,27.0,134.0,133.0,15.0,12.0,6.0,15.0,50.0,139.0,132.0,22.0,70.0,10.0,0.4962121212121212,0.3,0.6083333333333333,104.36482084690554,0.1916666666666666,14.186567164179104,13.406015037593985,61.0,0.5714285714285714,0.7413793103448276,0.8260869565217391,True,0.2285714285714285,1630225
3,2023,115.28285246314728,116.34373427277302,1389.0,1929.0,791.0,1142.0,1811.0,7937.0,7948.0,1271.0,550.0,337.0,783.0,2553.0,9247.0,9150.0,1078.0,4457.0,572.0,0.5864840534979424,0.3568350959655307,0.6393723252496434,97.95352063822406,0.2751783166904422,15.050018898828272,14.352164066431806,3892.0,0.6299840510366826,0.7300319488817891,0.7200622083981337,False,0.265625,1630225
