index,year,ortg,drtg,AtRimFGM,AtRimFGA,AtRimAssists,Turnovers,FTA,OffPoss,DefPoss,TwoPtAssists,Steals,BadPassSteals,ThreePtAssists,FG3A,OpponentPoints,Points,SecondChancePoints,FG2A,LiveBallTurnovers,TsPct,Fg3Pct,AtRimFG3AFrequency,Pace,AtRimFrequency,SecondsPerPossOff,SecondsPerPossDef,Minutes,DefAtRimReboundPct,DefFGReboundPct,AtRimAccuracy,player_on,OffFGReboundPct,nba_id
0,2022,85.36585365853658,91.8032786885246,22.0,30.0,13.0,18.0,25.0,123.0,122.0,17.0,10.0,4.0,7.0,37.0,112.0,105.0,7.0,71.0,6.0,0.4449152542372881,0.2162162162162162,0.6203703703703703,93.73007438894793,0.2777777777777778,15.934959349593496,14.78688524590164,63.0,0.6923076923076923,0.7272727272727273,0.7333333333333333,True,0.2307692307692307,1630612
1,2022,112.56605232633072,110.23327748421188,1445.0,2167.0,905.0,1161.0,1785.0,7759.0,7759.0,1264.0,570.0,361.0,776.0,2649.0,8553.0,8734.0,1025.0,4183.0,685.0,0.5721717371263005,0.3567383918459796,0.7049180327868853,95.90688252158834,0.3171838407494145,15.469648150534862,14.559479314344632,3883.0,0.625560538116592,0.7341671101649814,0.6668204891555145,False,0.2728300819903873,1630612
