index,year,ortg,drtg,AtRimFGM,AtRimFGA,AtRimAssists,Turnovers,FTA,OffPoss,DefPoss,TwoPtAssists,Steals,BadPassSteals,ThreePtAssists,FG3A,OpponentPoints,Points,SecondChancePoints,FG2A,LiveBallTurnovers,TsPct,Fg3Pct,AtRimFG3AFrequency,Pace,AtRimFrequency,SecondsPerPossOff,SecondsPerPossDef,Minutes,DefAtRimReboundPct,DefFGReboundPct,AtRimAccuracy,player_on,OffFGReboundPct,nba_id
0,2021,86.36363636363636,113.63636363636364,1.0,2.0,1.0,5.0,8.0,22.0,22.0,2.0,,,2.0,7.0,25.0,19.0,6.0,7.0,1.0,0.5277777777777778,0.4285714285714285,0.6428571428571429,97.6271186440678,0.1428571428571428,17.045454545454547,12.454545454545457,11.0,,0.9,0.5,True,0.3333333333333333,1630238
1,2021,117.87564766839378,111.6094606287857,1061.0,1622.0,544.0,945.0,1379.0,6948.0,6934.0,897.0,509.0,337.0,855.0,2491.0,7739.0,8190.0,932.0,3737.0,509.0,0.5979932620477516,0.4110798875953432,0.6604046242774566,96.7054486698821,0.26043673731535,15.006476683937825,14.77444476492645,3445.0,0.6327503974562798,0.759656652360515,0.6541307028360049,False,0.2592827673754364,1630238
2,2022,116.3934426229508,105.17241379310344,12.0,13.0,10.0,10.0,5.0,61.0,58.0,11.0,4.0,3.0,10.0,34.0,61.0,71.0,12.0,19.0,3.0,0.6454545454545455,0.3823529411764705,0.8867924528301887,102.36559139784949,0.2452830188679245,14.278688524590164,13.844827586206897,28.0,0.75,0.7741935483870968,0.9230769230769232,True,0.32,1630238
3,2022,114.69475277497476,107.43968675003158,1353.0,1948.0,754.0,1108.0,1708.0,7928.0,7917.0,1143.0,587.0,387.0,872.0,3010.0,8506.0,9093.0,1062.0,4104.0,615.0,0.5781409601634321,0.3561461794019933,0.6969356199044139,96.19792061926084,0.2738262580826539,14.974142280524722,14.964127826196792,3953.0,0.5945945945945946,0.734631925120162,0.694558521560575,False,0.268941429339065,1630238
4,2022,76.0,114.66666666666669,6.0,12.0,5.0,18.0,7.0,75.0,75.0,7.0,2.0,1.0,8.0,28.0,86.0,57.0,2.0,27.0,7.0,0.4913793103448275,0.3571428571428571,0.7272727272727273,103.29985652797704,0.2181818181818181,14.466666666666669,13.413333333333334,35.0,0.3333333333333333,0.6744186046511628,0.5,True,0.1212121212121212,1630238
5,2022,117.85896130346232,111.06166560712016,1288.0,1852.0,693.0,1129.0,1909.0,7856.0,7865.0,962.0,586.0,398.0,859.0,3280.0,8735.0,9259.0,1225.0,3732.0,629.0,0.5895684371807968,0.3603658536585366,0.7318881916714204,96.46881352032013,0.2641186537364517,15.082739307535642,14.7716465352829,3911.0,0.6339434276206323,0.7508408796895213,0.6954643628509719,False,0.298866463920376,1630238
