index,year,ortg,drtg,AtRimFGM,AtRimFGA,AtRimAssists,Turnovers,FTA,OffPoss,DefPoss,TwoPtAssists,Steals,BadPassSteals,ThreePtAssists,FG3A,OpponentPoints,Points,SecondChancePoints,FG2A,LiveBallTurnovers,TsPct,Fg3Pct,AtRimFG3AFrequency,Pace,AtRimFrequency,SecondsPerPossOff,SecondsPerPossDef,Minutes,DefAtRimReboundPct,DefFGReboundPct,AtRimAccuracy,player_on,OffFGReboundPct,nba_id
0,2022,105.24271844660194,104.22264875239924,81.0,126.0,52.0,77.0,155.0,515.0,521.0,68.0,39.0,22.0,54.0,192.0,543.0,542.0,46.0,231.0,43.0,0.5455465587044535,0.3333333333333333,0.75177304964539,103.19867183176537,0.2978723404255319,14.351456310679612,13.560460652591171,241.0,0.6666666666666666,0.7405857740585774,0.6428571428571429,True,0.2370689655172413,1630195
1,2022,112.83208666494713,115.53035184946512,1342.0,2012.0,791.0,1257.0,1926.0,7754.0,7759.0,1175.0,554.0,357.0,852.0,2870.0,8964.0,8749.0,1119.0,3870.0,678.0,0.5744708994708995,0.3508710801393728,0.7243323442136499,100.21677493450096,0.2985163204747774,14.67913335052876,14.05877046011084,3715.0,0.6218034993270525,0.7206989247311828,0.6669980119284294,False,0.2864819004524886,1630195
2,2023,100.69444444444444,100.0,19.0,34.0,9.0,20.0,51.0,144.0,147.0,13.0,10.0,7.0,8.0,34.0,147.0,145.0,16.0,83.0,10.0,0.5106382978723404,0.3529411764705882,0.5811965811965812,102.0306793279766,0.2905982905982906,13.979166666666666,14.244897959183673,68.0,0.5833333333333334,0.6842105263157895,0.5588235294117647,True,0.3283582089552239,1630195
3,2023,117.4325489712948,116.54543212920726,1392.0,2109.0,757.0,1010.0,1938.0,8117.0,8111.0,1213.0,629.0,400.0,813.0,2796.0,9453.0,9532.0,1231.0,4602.0,490.0,0.5778439474963539,0.361587982832618,0.6630170316301703,100.05574751769406,0.2850770478507705,14.285943082419614,14.498089014918012,3893.0,0.5821812596006144,0.6959677419354838,0.6600284495021337,False,0.2844397795854106,1630195
