index,year,ortg,drtg,AtRimFGM,AtRimFGA,AtRimAssists,Turnovers,FTA,OffPoss,DefPoss,TwoPtAssists,Steals,BadPassSteals,ThreePtAssists,FG3A,OpponentPoints,Points,SecondChancePoints,FG2A,LiveBallTurnovers,TsPct,Fg3Pct,AtRimFG3AFrequency,Pace,AtRimFrequency,SecondsPerPossOff,SecondsPerPossDef,Minutes,DefAtRimReboundPct,DefFGReboundPct,AtRimAccuracy,player_on,OffFGReboundPct,nba_id
0,2023,118.895966029724,103.59408033826638,107.0,162.0,63.0,69.0,112.0,471.0,473.0,81.0,28.0,17.0,57.0,171.0,490.0,560.0,71.0,239.0,33.0,0.611597374179431,0.3859649122807017,0.8121951219512196,102.4617471922816,0.3951219512195122,13.874734607218684,14.232558139534884,221.0,0.6153846153846154,0.7896995708154506,0.6604938271604939,True,0.2857142857142857,1631219
1,2023,119.11204518586628,115.9536659207582,1573.0,2398.0,907.0,1039.0,1865.0,7613.0,7597.0,1262.0,612.0,393.0,814.0,2546.0,8809.0,9068.0,1048.0,4220.0,520.0,0.5969084423305588,0.3782403770620581,0.7307123854566953,98.00038479952391,0.3544191545965119,14.410482070143177,14.977754376727656,3725.0,0.6442687747035574,0.7372781065088757,0.6559633027522935,False,0.2827771156138259,1631219
