index,year,ortg,drtg,AtRimFGM,AtRimFGA,AtRimAssists,Turnovers,FTA,OffPoss,DefPoss,TwoPtAssists,Steals,BadPassSteals,ThreePtAssists,FG3A,OpponentPoints,Points,SecondChancePoints,FG2A,LiveBallTurnovers,TsPct,Fg3Pct,AtRimFG3AFrequency,Pace,AtRimFrequency,SecondsPerPossOff,SecondsPerPossDef,Minutes,DefAtRimReboundPct,DefFGReboundPct,AtRimAccuracy,player_on,OffFGReboundPct,nba_id
0,2023,121.20218579234972,113.05654192843484,755.0,1165.0,448.0,518.0,857.0,3660.0,3661.0,610.0,313.0,197.0,442.0,1305.0,4139.0,4436.0,456.0,1932.0,252.0,0.6143055555555555,0.3984674329501915,0.7630522088353414,98.7896620874487,0.3599011430336731,14.184972677595628,14.967768369298009,1779.0,0.6561604584527221,0.7401129943502824,0.648068669527897,True,0.2816091954022988,1631101
1,2023,117.35985533453888,117.03334089362669,925.0,1395.0,522.0,590.0,1120.0,4424.0,4409.0,733.0,327.0,213.0,429.0,1412.0,5160.0,5192.0,663.0,2527.0,301.0,0.5842747401717127,0.3604815864022663,0.7126174155877126,97.80785260600096,0.3541507996953541,14.54000904159132,14.906101156724882,2167.0,0.6320346320346321,0.7410891089108911,0.6630824372759857,False,0.2839939789262418,1631101
2,2024,117.95580110497238,107.57083139804924,443.0,632.0,253.0,337.0,521.0,2172.0,2153.0,377.0,189.0,111.0,198.0,704.0,2316.0,2562.0,330.0,1216.0,176.0,0.5965855940130963,0.3409090909090909,0.6958333333333333,98.01391205816626,0.3291666666666666,14.610957642725598,14.773339526242452,1059.0,0.6260869565217392,0.7159817351598173,0.7009493670886076,True,0.3051742344244984,1631101
3,2024,117.86812435941236,109.01974132062628,1125.0,1591.0,679.0,836.0,1417.0,5854.0,5876.0,1035.0,540.0,328.0,615.0,2026.0,6406.0,6900.0,836.0,3158.0,451.0,0.5937661889138318,0.3538993089832181,0.6977237654320988,96.51121598921252,0.3069058641975308,14.729244960710624,15.111130020422056,2917.0,0.6103286384976526,0.6803138860457182,0.7071024512884978,False,0.2901594710229482,1631101
