index,year,ortg,drtg,AtRimFGM,AtRimFGA,AtRimAssists,Turnovers,FTA,OffPoss,DefPoss,TwoPtAssists,Steals,BadPassSteals,ThreePtAssists,FG3A,OpponentPoints,Points,SecondChancePoints,FG2A,LiveBallTurnovers,TsPct,Fg3Pct,AtRimFG3AFrequency,Pace,AtRimFrequency,SecondsPerPossOff,SecondsPerPossDef,Minutes,DefAtRimReboundPct,DefFGReboundPct,AtRimAccuracy,player_on,OffFGReboundPct,nba_id
0,2023,111.03008204193254,121.50635208711434,596.0,905.0,321.0,470.0,658.0,3291.0,3306.0,547.0,220.0,153.0,315.0,1010.0,4017.0,3654.0,509.0,1955.0,250.0,0.5611333538651062,0.3415841584158416,0.6458684654300169,102.1756620130359,0.3052276559865092,14.02491643877241,14.161524500907442,1550.0,0.6245954692556634,0.7063770147161879,0.6585635359116022,True,0.2775590551181102,1631103
1,2023,110.79321231254931,120.01185302252074,939.0,1469.0,525.0,783.0,1081.0,5068.0,5062.0,843.0,352.0,240.0,527.0,1630.0,6075.0,5615.0,788.0,2998.0,415.0,0.5522888713496449,0.347239263803681,0.6696197061365601,100.40334237297468,0.3174157303370786,14.3198500394633,14.36448044251284,2421.0,0.592079207920792,0.7161791590493601,0.639210347174949,False,0.3023351085620647,1631103
2,2024,108.45948352626893,119.03635826189772,564.0,866.0,359.0,524.0,627.0,3369.0,3383.0,577.0,208.0,146.0,397.0,1203.0,4027.0,3654.0,417.0,1794.0,325.0,0.5583282302510717,0.3591022443890274,0.690357023690357,101.64103743505578,0.2889556222889556,14.2051053725141,14.13006207508129,1594.0,0.628808864265928,0.717577353522054,0.651270207852194,True,0.2593984962406015,1631103
3,2024,111.99191102123356,115.04442649434571,939.0,1403.0,609.0,718.0,1010.0,4945.0,4952.0,925.0,376.0,242.0,550.0,1780.0,5697.0,5538.0,626.0,2659.0,408.0,0.5679901254885826,0.3393258426966292,0.717053390403244,100.15101695760914,0.3160621761658031,14.10169868554095,14.654483037156703,2372.0,0.6330472103004292,0.7375109553023663,0.66928011404134,False,0.2608131487889273,1631103
