index,year,ortg,drtg,AtRimFGM,AtRimFGA,AtRimAssists,Turnovers,FTA,OffPoss,DefPoss,TwoPtAssists,Steals,BadPassSteals,ThreePtAssists,FG3A,OpponentPoints,Points,SecondChancePoints,FG2A,LiveBallTurnovers,TsPct,Fg3Pct,AtRimFG3AFrequency,Pace,AtRimFrequency,SecondsPerPossOff,SecondsPerPossDef,Minutes,DefAtRimReboundPct,DefFGReboundPct,AtRimAccuracy,player_on,OffFGReboundPct,nba_id
0,2023,100.0,105.26315789473684,7.0,8.0,5.0,13.0,16.0,57.0,57.0,9.0,3.0,3.0,4.0,21.0,60.0,57.0,1.0,20.0,4.0,0.6063829787234043,0.2857142857142857,0.7073170731707317,96.56470588235294,0.1951219512195122,15.0,14.824561403508772,28.0,1.0,0.8076923076923077,0.875,True,0.238095238095238,1631309
1,2023,119.83143282102132,111.66501731815931,1404.0,2006.0,763.0,1066.0,1970.0,8068.0,8084.0,1162.0,715.0,441.0,968.0,3164.0,9027.0,9668.0,1068.0,4026.0,596.0,0.5991776725641664,0.3738938053097345,0.7190542420027817,98.77220995413624,0.2789986091794159,14.077590480912246,15.079416130628402,3925.0,0.5754060324825986,0.6586513329848406,0.6999002991026919,False,0.2654674298173889,1631309
