index,year,ortg,drtg,AtRimFGM,AtRimFGA,AtRimAssists,Turnovers,FTA,OffPoss,DefPoss,TwoPtAssists,Steals,BadPassSteals,ThreePtAssists,FG3A,OpponentPoints,Points,SecondChancePoints,FG2A,LiveBallTurnovers,TsPct,Fg3Pct,AtRimFG3AFrequency,Pace,AtRimFrequency,SecondsPerPossOff,SecondsPerPossDef,Minutes,DefAtRimReboundPct,DefFGReboundPct,AtRimAccuracy,player_on,OffFGReboundPct,nba_id
0,2023,114.97005988023952,110.27027027027027,292.0,408.0,179.0,262.0,417.0,1670.0,1665.0,260.0,145.0,83.0,164.0,607.0,1836.0,1920.0,237.0,811.0,107.0,0.60075329566855,0.3476112026359143,0.7157968970380818,98.54917814122427,0.2877291960507757,14.549700598802396,14.674474474474474,812.0,0.6176470588235294,0.6976439790575916,0.7156862745098039,True,0.2570621468926554,1631216
1,2023,115.00232234091963,113.09062742060418,1108.0,1570.0,675.0,942.0,1473.0,6459.0,6455.0,985.0,489.0,297.0,713.0,2423.0,7300.0,7428.0,873.0,3287.0,496.0,0.5842296741537488,0.3520429219975237,0.6992994746059544,98.56917963967116,0.2749562171628721,14.77999690354544,14.437955073586368,3144.0,0.6292517006802721,0.7264957264957265,0.7057324840764331,False,0.2597889002383384,1631216
2,2024,113.21339950372209,111.698817672682,301.0,455.0,168.0,212.0,370.0,1612.0,1607.0,233.0,116.0,72.0,160.0,575.0,1795.0,1825.0,227.0,879.0,105.0,0.5663965087281796,0.3391304347826087,0.7083906464924347,94.75775788053478,0.3129298486932599,14.668734491315137,15.72619788425638,815.0,0.6357142857142857,0.7101827676240209,0.6615384615384615,True,0.2802631578947368,1631216
3,2024,111.55485398579322,114.68498342018,1049.0,1591.0,598.0,1022.0,1449.0,6335.0,6333.0,963.0,550.0,335.0,602.0,2061.0,7263.0,7067.0,771.0,3369.0,564.0,0.5825870646766169,0.363901018922853,0.6725598526703499,96.80389722036487,0.2930018416206261,14.534964483030782,15.21601136901942,3141.0,0.6330128205128205,0.7102333931777379,0.6593337523570082,False,0.2470162748643761,1631216
