index,year,ortg,drtg,AtRimFGM,AtRimFGA,AtRimAssists,Turnovers,FTA,OffPoss,DefPoss,TwoPtAssists,Steals,BadPassSteals,ThreePtAssists,FG3A,OpponentPoints,Points,SecondChancePoints,FG2A,LiveBallTurnovers,TsPct,Fg3Pct,AtRimFG3AFrequency,Pace,AtRimFrequency,SecondsPerPossOff,SecondsPerPossDef,Minutes,DefAtRimReboundPct,DefFGReboundPct,AtRimAccuracy,player_on,OffFGReboundPct,nba_id
0,2023,102.36842105263158,114.28571428571428,74.0,109.0,41.0,60.0,74.0,380.0,385.0,64.0,30.0,23.0,27.0,95.0,440.0,389.0,45.0,239.0,28.0,0.5328767123287671,0.2947368421052631,0.6107784431137725,97.86780383795308,0.3263473053892216,14.560526315789474,14.864935064935064,188.0,0.5,0.6210526315789474,0.6788990825688074,True,0.2840909090909091,1631212
1,2023,118.73615635179154,114.63605530915731,1597.0,2248.0,1039.0,1134.0,1762.0,7675.0,7666.0,1510.0,588.0,414.0,768.0,2466.0,8788.0,9113.0,1028.0,4295.0,618.0,0.6026886729668575,0.3824006488240065,0.6972341369619879,97.73974754334812,0.3324951930187842,14.786710097719869,14.67923297678059,3767.0,0.6254237288135593,0.7377331420373028,0.7104092526690391,False,0.2816251154201292,1631212
2,2024,112.66553480475382,112.74966711051933,514.0,824.0,345.0,412.0,582.0,2945.0,3004.0,540.0,205.0,143.0,301.0,962.0,3387.0,3318.0,344.0,1701.0,221.0,0.5664035689773507,0.3752598752598752,0.6706721742395795,95.96881161498476,0.3094254600075103,15.230220713073004,14.783954727030626,1488.0,0.5982658959537572,0.692358803986711,0.6237864077669902,True,0.2666168782673637,1631212
3,2024,122.78582930756843,113.93692777212614,1009.0,1511.0,621.0,624.0,1046.0,4968.0,4915.0,1047.0,380.0,276.0,527.0,1598.0,5600.0,6100.0,776.0,3018.0,357.0,0.6009691455696202,0.3735919899874843,0.673526863084922,96.68414902578874,0.3273396880415944,15.085547504025763,14.700101729399796,2453.0,0.6681034482758621,0.7486818980667839,0.6677696889477167,False,0.3066906151773687,1631212
