index,year,ortg,drtg,AtRimFGM,AtRimFGA,AtRimAssists,Turnovers,FTA,OffPoss,DefPoss,TwoPtAssists,Steals,BadPassSteals,ThreePtAssists,FG3A,OpponentPoints,Points,SecondChancePoints,FG2A,LiveBallTurnovers,TsPct,Fg3Pct,AtRimFG3AFrequency,Pace,AtRimFrequency,SecondsPerPossOff,SecondsPerPossDef,Minutes,DefAtRimReboundPct,DefFGReboundPct,AtRimAccuracy,player_on,OffFGReboundPct,nba_id
0,2023,109.59933222036727,113.52916839056682,478.0,672.0,297.0,386.0,543.0,2396.0,2417.0,423.0,188.0,131.0,203.0,705.0,2744.0,2626.0,282.0,1339.0,203.0,0.5740333919156415,0.3546099290780142,0.673679060665362,97.67905967246384,0.3287671232876712,15.074290484140231,14.412908564335954,1183.0,0.5783783783783784,0.7214611872146118,0.7113095238095238,True,0.2620215897939156,1631128
1,2023,121.50556635447958,115.08697195598154,1193.0,1685.0,783.0,808.0,1293.0,5659.0,5634.0,1151.0,430.0,306.0,592.0,1856.0,6484.0,6876.0,791.0,3195.0,443.0,0.6097822206354874,0.3884698275862069,0.7010492971688774,97.77430390630168,0.3335973074638685,14.649761441950874,14.806176783812566,2772.0,0.6331096196868009,0.736046511627907,0.7080118694362018,False,0.2901080631753948,1631128
2,2024,113.42648845686512,112.1184919210054,629.0,1027.0,394.0,448.0,673.0,3292.0,3342.0,627.0,245.0,172.0,315.0,1044.0,3747.0,3734.0,474.0,2013.0,231.0,0.5555555555555556,0.3524904214559387,0.6774615636244684,96.1729973522868,0.3359502780503762,15.215674362089915,14.733991621783364,1656.0,0.6331658291457286,0.7059902200488998,0.6124634858812074,True,0.3034571062740077,1631128
3,2024,123.00367885739016,114.485470832423,894.0,1308.0,572.0,588.0,955.0,4621.0,4577.0,960.0,340.0,247.0,513.0,1516.0,5240.0,5684.0,646.0,2706.0,347.0,0.6120726958026829,0.3891820580474934,0.6688773093320701,96.58875948924006,0.3098057792515395,15.085046526725815,14.730391085864104,2285.0,0.6432038834951457,0.7417249417249417,0.6834862385321101,False,0.282435129740519,1631128
