index,year,ortg,drtg,AtRimFGM,AtRimFGA,AtRimAssists,Turnovers,FTA,OffPoss,DefPoss,TwoPtAssists,Steals,BadPassSteals,ThreePtAssists,FG3A,OpponentPoints,Points,SecondChancePoints,FG2A,LiveBallTurnovers,TsPct,Fg3Pct,AtRimFG3AFrequency,Pace,AtRimFrequency,SecondsPerPossOff,SecondsPerPossDef,Minutes,DefAtRimReboundPct,DefFGReboundPct,AtRimAccuracy,player_on,OffFGReboundPct,nba_id
0,2024,103.41555977229602,100.19083969465647,72.0,134.0,38.0,82.0,140.0,527.0,524.0,54.0,45.0,27.0,54.0,189.0,525.0,545.0,79.0,269.0,46.0,0.5230769230769231,0.3174603174603174,0.7052401746724891,96.20137299771169,0.2925764192139738,14.979127134724855,14.958015267175572,262.0,0.6885245901639344,0.763265306122449,0.5373134328358209,True,0.2825278810408922,1631094
1,2024,115.44117647058825,104.28571428571428,26.0,44.0,11.0,19.0,36.0,136.0,140.0,16.0,11.0,8.0,11.0,44.0,146.0,157.0,24.0,86.0,11.0,0.5381944444444444,0.2727272727272727,0.676923076923077,89.75609756097562,0.3384615384615385,17.360294117647058,14.764285714285714,74.0,0.375,0.8064516129032258,0.5909090909090909,False,0.4,1631094
