index,year,ortg,drtg,AtRimFGM,AtRimFGA,AtRimAssists,Turnovers,FTA,OffPoss,DefPoss,TwoPtAssists,Steals,BadPassSteals,ThreePtAssists,FG3A,OpponentPoints,Points,SecondChancePoints,FG2A,LiveBallTurnovers,TsPct,Fg3Pct,AtRimFG3AFrequency,Pace,AtRimFrequency,SecondsPerPossOff,SecondsPerPossDef,Minutes,DefAtRimReboundPct,DefFGReboundPct,AtRimAccuracy,player_on,OffFGReboundPct,nba_id
0,2023,118.31146605818596,114.78456772740071,595.0,888.0,342.0,560.0,866.0,3506.0,3551.0,526.0,181.0,125.0,373.0,1282.0,4076.0,4148.0,628.0,1876.0,304.0,0.5863391082078955,0.3541341653666147,0.6871437618746041,99.4322951830217,0.2811906269791007,14.826583000570452,14.142213460996905,1703.0,0.590778097982709,0.7247347850362926,0.670045045045045,True,0.3341568869672637,1631117
1,2023,114.73063973063974,118.9171974522293,777.0,1151.0,428.0,699.0,1089.0,4752.0,4710.0,669.0,319.0,215.0,561.0,1817.0,5601.0,5452.0,670.0,2390.0,335.0,0.582119914346895,0.3522289488167309,0.7054908485856906,100.58600757424756,0.2735916329926313,14.247895622895625,14.384925690021232,2258.0,0.5732984293193717,0.7062769525634882,0.6750651607298002,False,0.2820395039044556,1631117
2,2024,114.20157068062828,118.88271806599153,513.0,732.0,309.0,503.0,721.0,3056.0,3061.0,478.0,194.0,126.0,331.0,1069.0,3639.0,3490.0,451.0,1635.0,285.0,0.5781145902731513,0.3498596819457437,0.6660502958579881,98.32429174201329,0.2707100591715976,15.265706806282722,14.026135249918328,1493.0,0.6187050359712231,0.7144781144781145,0.7008196721311475,True,0.3126338329764453,1631117
3,2024,116.63747810858143,121.42301710730948,853.0,1248.0,488.0,782.0,1132.0,5139.0,5144.0,819.0,343.0,224.0,604.0,1924.0,6246.0,5994.0,908.0,2743.0,419.0,0.5786767559177338,0.3565488565488565,0.6796657381615598,100.000810405608,0.2674094707520891,14.731076084841408,14.069012441679629,2468.0,0.6076294277929155,0.725609756097561,0.6834935897435898,False,0.3176954732510288,1631117
