index,year,ortg,drtg,AtRimFGM,AtRimFGA,AtRimAssists,Turnovers,FTA,OffPoss,DefPoss,TwoPtAssists,Steals,BadPassSteals,ThreePtAssists,FG3A,OpponentPoints,Points,SecondChancePoints,FG2A,LiveBallTurnovers,TsPct,Fg3Pct,AtRimFG3AFrequency,Pace,AtRimFrequency,SecondsPerPossOff,SecondsPerPossDef,Minutes,DefAtRimReboundPct,DefFGReboundPct,AtRimAccuracy,player_on,OffFGReboundPct,nba_id
0,2024,97.77777777777776,125.0,17.0,22.0,7.0,12.0,18.0,90.0,88.0,10.0,11.0,4.0,8.0,42.0,110.0,88.0,17.0,43.0,7.0,0.4731182795698925,0.238095238095238,0.7529411764705882,105.91735537190084,0.2588235294117647,14.322222222222225,12.852272727272728,40.0,0.25,0.5882352941176471,0.7727272727272727,True,0.3461538461538461,1631386
1,2024,108.75425116513416,117.81305114638448,1328.0,2205.0,622.0,1237.0,1662.0,7939.0,7938.0,1097.0,616.0,399.0,779.0,2681.0,9352.0,8634.0,1303.0,4590.0,722.0,0.5378303895778529,0.3465124953375606,0.6719845963416311,96.81917506563904,0.3032595241369825,15.028467061342738,14.717687074829932,3936.0,0.6111975116640747,0.7069460390355913,0.6022675736961451,False,0.3095118268746855,1631386
