index,year,ortg,drtg,AtRimFGM,AtRimFGA,AtRimAssists,Turnovers,FTA,OffPoss,DefPoss,TwoPtAssists,Steals,BadPassSteals,ThreePtAssists,FG3A,OpponentPoints,Points,SecondChancePoints,FG2A,LiveBallTurnovers,TsPct,Fg3Pct,AtRimFG3AFrequency,Pace,AtRimFrequency,SecondsPerPossOff,SecondsPerPossDef,Minutes,DefAtRimReboundPct,DefFGReboundPct,AtRimAccuracy,player_on,OffFGReboundPct,nba_id
0,2023,112.97709923664122,75.93984962406014,26.0,32.0,17.0,18.0,41.0,131.0,133.0,22.0,17.0,11.0,14.0,47.0,101.0,148.0,18.0,57.0,7.0,0.5975609756097561,0.3404255319148936,0.7596153846153846,102.08378088077336,0.3076923076923077,13.587786259541986,14.61654135338346,62.0,0.3333333333333333,0.8153846153846154,0.8125,True,0.2307692307692307,1631157
1,2023,114.78334749362789,117.09329127744752,1085.0,1595.0,581.0,1153.0,2026.0,8239.0,8243.0,1201.0,629.0,467.0,873.0,2868.0,9652.0,9457.0,1075.0,4451.0,581.0,0.5740288297092597,0.3640167364016736,0.6097827572072687,101.32550077699416,0.2179259461675092,14.408301978395436,14.015043066844596,3904.0,0.6237816764132553,0.7336032388663968,0.6802507836990596,False,0.2750919600630583,1631157
2,2024,92.0,112.0,1.0,3.0,1.0,9.0,2.0,25.0,25.0,2.0,2.0,,4.0,10.0,28.0,23.0,,5.0,7.0,0.71875,0.5,0.8666666666666667,100.27855153203342,0.2,17.32,11.4,12.0,1.0,0.7777777777777778,0.3333333333333333,True,,1631157
3,2024,116.28588882101404,118.6052182394538,1356.0,2046.0,775.0,977.0,1762.0,8185.0,8202.0,1326.0,578.0,360.0,837.0,2887.0,9728.0,9518.0,1124.0,4635.0,551.0,0.5723883307105677,0.3557325943886387,0.6558096250997075,99.59095474841943,0.272002127093858,14.523885155772756,14.394537917581076,3949.0,0.6548821548821548,0.7574924388232059,0.6627565982404692,False,0.2605020491803279,1631157
4,2024,82.5503355704698,122.44897959183672,21.0,34.0,12.0,45.0,32.0,149.0,147.0,15.0,17.0,9.0,12.0,49.0,180.0,123.0,18.0,66.0,22.0,0.48046875,0.2653061224489796,0.7217391304347827,107.8269668606122,0.2956521739130435,15.704697986577182,10.97278911564626,66.0,0.6428571428571429,0.6842105263157895,0.6176470588235294,True,0.3943661971830985,1631157
5,2024,120.96128170894526,110.98034457655908,1696.0,2373.0,1008.0,1107.0,1934.0,8239.0,8242.0,1513.0,638.0,382.0,842.0,2733.0,9147.0,9966.0,1327.0,4770.0,601.0,0.5969933854479855,0.3637028905964142,0.6805277888844462,101.94126465269515,0.3162734906037585,14.32261196747178,13.929022082018928,3880.0,0.6418128654970761,0.7660514686768911,0.7147071217867678,False,0.312296858071506,1631157
