index,year,ortg,drtg,AtRimFGM,AtRimFGA,AtRimAssists,Turnovers,FTA,OffPoss,DefPoss,TwoPtAssists,Steals,BadPassSteals,ThreePtAssists,FG3A,OpponentPoints,Points,SecondChancePoints,FG2A,LiveBallTurnovers,TsPct,Fg3Pct,AtRimFG3AFrequency,Pace,AtRimFrequency,SecondsPerPossOff,SecondsPerPossDef,Minutes,DefAtRimReboundPct,DefFGReboundPct,AtRimAccuracy,player_on,OffFGReboundPct,nba_id
0,2024,100.0,64.51612903225806,3.0,7.0,2.0,2.0,10.0,32.0,31.0,4.0,2.0,2.0,5.0,13.0,20.0,32.0,2.0,14.0,1.0,0.5,0.3846153846153846,0.7407407407407407,96.0,0.2592592592592592,14.0625,15.96774193548387,16.0,0.6666666666666666,0.7368421052631579,0.4285714285714285,True,0.2352941176470588,1631124
1,2024,112.76595744680851,111.77015755329008,213.0,314.0,122.0,135.0,235.0,1081.0,1079.0,191.0,78.0,51.0,92.0,355.0,1206.0,1219.0,127.0,603.0,76.0,0.5731132075471698,0.3295774647887324,0.6983298538622129,92.53012048192772,0.3277661795407098,15.327474560592044,15.797961075069509,560.0,0.6095238095238096,0.752851711026616,0.678343949044586,False,0.2365145228215767,1631124
