index,year,ortg,drtg,AtRimFGM,AtRimFGA,AtRimAssists,Turnovers,FTA,OffPoss,DefPoss,TwoPtAssists,Steals,BadPassSteals,ThreePtAssists,FG3A,OpponentPoints,Points,SecondChancePoints,FG2A,LiveBallTurnovers,TsPct,Fg3Pct,AtRimFG3AFrequency,Pace,AtRimFrequency,SecondsPerPossOff,SecondsPerPossDef,Minutes,DefAtRimReboundPct,DefFGReboundPct,AtRimAccuracy,player_on,OffFGReboundPct,nba_id
0,2023,104.5531197301855,111.09243697478992,113.0,176.0,68.0,105.0,107.0,593.0,595.0,103.0,50.0,28.0,51.0,194.0,661.0,620.0,113.0,345.0,54.0,0.5299657534246576,0.3092783505154639,0.686456400742115,101.29196518443958,0.3265306122448979,14.553119730185497,13.880672268907563,281.0,0.5909090909090909,0.6977611940298507,0.6420454545454546,True,0.3493150684931507,1631113
1,2023,116.78822610054702,112.12042225987229,1461.0,2240.0,804.0,1011.0,1847.0,7678.0,7673.0,1208.0,630.0,414.0,773.0,2613.0,8603.0,8967.0,1153.0,4399.0,505.0,0.5726282051282051,0.3539992345962495,0.6920992584141472,100.26461530087856,0.3194523673702225,14.0646001562907,14.659585559754984,3675.0,0.6063291139240506,0.7195752790634359,0.6522321428571428,False,0.2927777777777778,1631113
