index,year,ortg,drtg,AtRimFGM,AtRimFGA,AtRimAssists,Turnovers,FTA,OffPoss,DefPoss,TwoPtAssists,Steals,BadPassSteals,ThreePtAssists,FG3A,OpponentPoints,Points,SecondChancePoints,FG2A,LiveBallTurnovers,TsPct,Fg3Pct,AtRimFG3AFrequency,Pace,AtRimFrequency,SecondsPerPossOff,SecondsPerPossDef,Minutes,DefAtRimReboundPct,DefFGReboundPct,AtRimAccuracy,player_on,OffFGReboundPct,nba_id
0,2023,106.2958435207824,115.54878048780488,233.0,379.0,149.0,293.0,432.0,1636.0,1640.0,235.0,98.0,65.0,167.0,556.0,1895.0,1739.0,167.0,793.0,160.0,0.5617283950617284,0.3453237410071942,0.6931060044477391,98.05121383438645,0.2809488510007413,14.84841075794621,14.524390243902438,802.0,0.5478723404255319,0.6622754491017964,0.6147757255936676,True,0.2630853994490358,1631132
1,2023,116.69823232323232,115.99936948297604,1176.0,1702.0,716.0,1073.0,1461.0,6336.0,6344.0,1047.0,394.0,254.0,699.0,2120.0,7359.0,7394.0,774.0,3283.0,612.0,0.6105027376804381,0.3816037735849056,0.7073847862298723,96.330217148163,0.3150101795298908,14.8197601010101,15.077238335435055,3159.0,0.5730129390018485,0.69568,0.690951821386604,False,0.2733485193621868,1631132
