index,year,ortg,drtg,AtRimFGM,AtRimFGA,AtRimAssists,Turnovers,FTA,OffPoss,DefPoss,TwoPtAssists,Steals,BadPassSteals,ThreePtAssists,FG3A,OpponentPoints,Points,SecondChancePoints,FG2A,LiveBallTurnovers,TsPct,Fg3Pct,AtRimFG3AFrequency,Pace,AtRimFrequency,SecondsPerPossOff,SecondsPerPossDef,Minutes,DefAtRimReboundPct,DefFGReboundPct,AtRimAccuracy,player_on,OffFGReboundPct,nba_id
0,2023,105.26315789473684,100.0,5.0,7.0,2.0,7.0,18.0,57.0,57.0,7.0,4.0,2.0,6.0,23.0,57.0,60.0,6.0,22.0,3.0,0.5769230769230769,0.3043478260869565,0.6666666666666666,96.56470588235294,0.1555555555555555,14.824561403508772,15.0,28.0,1.0,0.7619047619047619,0.7142857142857143,True,0.1923076923076923,1631309
1,2023,111.66501731815931,119.83143282102132,1576.0,2443.0,804.0,1326.0,2060.0,8084.0,8068.0,1175.0,596.0,343.0,650.0,2596.0,9668.0,9027.0,1366.0,4649.0,715.0,0.5534746180384426,0.3270416024653312,0.6955141476880607,98.77220995413624,0.3371980676328502,15.079416130628402,14.077590480912246,3925.0,0.617056856187291,0.7345325701826111,0.6451084731887025,False,0.3413486670151594,1631309
