index,year,ortg,drtg,AtRimFGM,AtRimFGA,AtRimAssists,Turnovers,FTA,OffPoss,DefPoss,TwoPtAssists,Steals,BadPassSteals,ThreePtAssists,FG3A,OpponentPoints,Points,SecondChancePoints,FG2A,LiveBallTurnovers,TsPct,Fg3Pct,AtRimFG3AFrequency,Pace,AtRimFrequency,SecondsPerPossOff,SecondsPerPossDef,Minutes,DefAtRimReboundPct,DefFGReboundPct,AtRimAccuracy,player_on,OffFGReboundPct,nba_id
0,2023,119.1470588235294,110.90855630696852,646.0,945.0,362.0,464.0,902.0,3400.0,3401.0,553.0,278.0,194.0,332.0,1147.0,3772.0,4051.0,515.0,1893.0,244.0,0.5898859982461269,0.3469921534437663,0.6881578947368421,97.725267926637,0.3108552631578947,14.39941176470588,15.0708615113202,1670.0,0.5806451612903226,0.6913503422526447,0.6835978835978836,True,0.2983606557377049,1631105
1,2023,119.3011997474216,111.33868243243244,893.0,1296.0,526.0,644.0,1247.0,4751.0,4736.0,780.0,353.0,215.0,447.0,1585.0,5273.0,5668.0,698.0,2597.0,330.0,0.5985362749257531,0.3697160883280757,0.6889048302247729,99.39379829169272,0.3098995695839311,14.377815196800674,14.59818412162162,2291.0,0.5731132075471698,0.728216704288939,0.6890432098765432,False,0.292647765497357,1631105
2,2024,118.81938803141078,110.84828711256118,670.0,994.0,407.0,409.0,879.0,3693.0,3678.0,629.0,334.0,217.0,384.0,1264.0,4077.0,4388.0,483.0,2066.0,220.0,0.5894254113838684,0.3647151898734177,0.6780780780780781,99.52311745787662,0.2984984984984985,14.507446520444084,14.430396954866776,1778.0,0.6225895316804407,0.7161140197789413,0.6740442655935613,True,0.2391048292108362,1631105
3,2024,119.23162336220298,109.8419060342908,823.0,1200.0,464.0,610.0,1134.0,4503.0,4491.0,757.0,393.0,232.0,446.0,1418.0,4933.0,5369.0,659.0,2553.0,311.0,0.5997534185160278,0.3737658674188998,0.6592797783933518,99.31339094694384,0.3021908839083354,14.51765489673551,14.481407258962369,2173.0,0.6285714285714286,0.7479518072289156,0.6858333333333333,False,0.2779207411219763,1631105
