index,year,ortg,drtg,AtRimFGM,AtRimFGA,AtRimAssists,Turnovers,FTA,OffPoss,DefPoss,TwoPtAssists,Steals,BadPassSteals,ThreePtAssists,FG3A,OpponentPoints,Points,SecondChancePoints,FG2A,LiveBallTurnovers,TsPct,Fg3Pct,AtRimFG3AFrequency,Pace,AtRimFrequency,SecondsPerPossOff,SecondsPerPossDef,Minutes,DefAtRimReboundPct,DefFGReboundPct,AtRimAccuracy,player_on,OffFGReboundPct,nba_id
0,2023,44.44444444444444,136.8421052631579,1.0,1.0,1.0,2.0,2.0,18.0,19.0,1.0,,,2.0,10.0,26.0,8.0,,3.0,1.0,0.2857142857142857,0.2,0.8461538461538461,110.53941908713692,0.0769230769230769,14.944444444444445,11.210526315789474,8.0,1.0,0.8571428571428571,1.0,True,,1631211
1,2023,118.46498878644404,115.34530042383446,1449.0,2221.0,745.0,1064.0,2087.0,8026.0,8022.0,1029.0,527.0,338.0,848.0,2921.0,9253.0,9508.0,1330.0,4395.0,495.0,0.5776408880214686,0.3543307086614173,0.702843083652269,96.6674196220164,0.3035811919081465,15.297906802890603,14.49476439790576,3984.0,0.6562905317769131,0.735200845665962,0.6524088248536695,False,0.31293057763646,1631211
