index,year,ortg,drtg,AtRimFGM,AtRimFGA,AtRimAssists,Turnovers,FTA,OffPoss,DefPoss,TwoPtAssists,Steals,BadPassSteals,ThreePtAssists,FG3A,OpponentPoints,Points,SecondChancePoints,FG2A,LiveBallTurnovers,TsPct,Fg3Pct,AtRimFG3AFrequency,Pace,AtRimFrequency,SecondsPerPossOff,SecondsPerPossDef,Minutes,DefAtRimReboundPct,DefFGReboundPct,AtRimAccuracy,player_on,OffFGReboundPct,nba_id
0,2024,101.36986301369863,118.42105263157896,10.0,18.0,7.0,12.0,14.0,73.0,76.0,9.0,5.0,2.0,6.0,27.0,90.0,74.0,10.0,37.0,6.0,0.5441176470588235,0.3703703703703703,0.703125,93.77622377622376,0.28125,14.821917808219178,15.86842105263158,38.0,0.75,0.76,0.5555555555555556,True,0.1891891891891892,1631210
1,2024,118.73948492299728,113.73996373996374,1314.0,2079.0,700.0,1073.0,1775.0,7727.0,7722.0,1083.0,607.0,389.0,900.0,2909.0,8783.0,9175.0,1330.0,4299.0,546.0,0.5745056052399546,0.3688552767273977,0.6920088790233074,94.87938858371147,0.2884295227524972,15.762262197489322,14.59168609168609,3908.0,0.6269938650306749,0.7333149476006618,0.6320346320346321,False,0.3297928836962294,1631210
