index,year,ortg,drtg,AtRimFGM,AtRimFGA,AtRimAssists,Turnovers,FTA,OffPoss,DefPoss,TwoPtAssists,Steals,BadPassSteals,ThreePtAssists,FG3A,OpponentPoints,Points,SecondChancePoints,FG2A,LiveBallTurnovers,TsPct,Fg3Pct,AtRimFG3AFrequency,Pace,AtRimFrequency,SecondsPerPossOff,SecondsPerPossDef,Minutes,DefAtRimReboundPct,DefFGReboundPct,AtRimAccuracy,player_on,OffFGReboundPct,nba_id
0,2023,99.009900990099,110.63829787234044,8.0,13.0,6.0,21.0,37.0,101.0,94.0,12.0,7.0,5.0,8.0,34.0,104.0,100.0,18.0,36.0,11.0,0.5755813953488372,0.2647058823529412,0.6714285714285714,116.12903225806453,0.1857142857142857,12.564356435643564,12.22340425531915,40.0,0.6666666666666666,0.7222222222222222,0.6153846153846154,True,0.2432432432432432,1631112
1,2023,118.54749969433917,115.36391437308868,1583.0,2473.0,884.0,1212.0,2063.0,8179.0,8175.0,1304.0,643.0,422.0,839.0,2699.0,9431.0,9696.0,1244.0,4554.0,620.0,0.592179455748958,0.3742126713597629,0.7130842410037226,100.36464060142686,0.340962360402592,14.700330113705832,13.9948623853211,3911.0,0.6366863905325444,0.7239003709591945,0.6401132228063081,False,0.3112203112203112,1631112
2,2024,104.58015267175573,84.32835820895522,20.0,29.0,13.0,27.0,27.0,131.0,134.0,22.0,9.0,6.0,10.0,42.0,113.0,137.0,13.0,66.0,11.0,0.5756302521008403,0.3333333333333333,0.6574074074074074,101.76,0.2685185185185185,14.534351145038167,13.776119402985074,62.0,0.6,0.6825396825396826,0.6896551724137931,True,0.3275862068965517,1631112
3,2024,119.00856793145655,122.24260210320372,1596.0,2439.0,850.0,1115.0,2103.0,8170.0,8178.0,1300.0,534.0,356.0,688.0,2362.0,9997.0,9723.0,1201.0,4891.0,620.0,0.5943824359131608,0.3653683319220999,0.6619329932441749,101.16075802500968,0.3362746449744933,14.642227662178705,13.82770848618244,3878.0,0.6219839142091153,0.7238412434082709,0.6543665436654367,False,0.296804932735426,1631112
