index,year,ortg,drtg,AtRimFGM,AtRimFGA,AtRimAssists,Turnovers,FTA,OffPoss,DefPoss,TwoPtAssists,Steals,BadPassSteals,ThreePtAssists,FG3A,OpponentPoints,Points,SecondChancePoints,FG2A,LiveBallTurnovers,TsPct,Fg3Pct,AtRimFG3AFrequency,Pace,AtRimFrequency,SecondsPerPossOff,SecondsPerPossDef,Minutes,DefAtRimReboundPct,DefFGReboundPct,AtRimAccuracy,player_on,OffFGReboundPct,nba_id
0,2024,122.22222222222224,75.0,1.0,1.0,1.0,1.0,2.0,9.0,8.0,2.0,,,,2.0,6.0,11.0,,4.0,,0.7857142857142857,0.5,0.5,95.25291828793776,0.1666666666666666,14.555555555555555,15.75,4.0,,1.0,1.0,True,,1631209
1,2024,118.77713458755429,121.67630057803468,1615.0,2467.0,862.0,1141.0,2128.0,8292.0,8304.0,1320.0,543.0,362.0,698.0,2402.0,10104.0,9849.0,1214.0,4953.0,631.0,0.5939503932244404,0.3646960865945046,0.6619986403806934,101.17669970322136,0.3354180829367777,14.640617462614568,13.82502408477842,3937.0,0.621550591327201,0.7228290551611142,0.6546412646939602,False,0.2974613686534216,1631209
