index,year,ortg,drtg,AtRimFGM,AtRimFGA,AtRimAssists,Turnovers,FTA,OffPoss,DefPoss,TwoPtAssists,Steals,BadPassSteals,ThreePtAssists,FG3A,OpponentPoints,Points,SecondChancePoints,FG2A,LiveBallTurnovers,TsPct,Fg3Pct,AtRimFG3AFrequency,Pace,AtRimFrequency,SecondsPerPossOff,SecondsPerPossDef,Minutes,DefAtRimReboundPct,DefFGReboundPct,AtRimAccuracy,player_on,OffFGReboundPct,nba_id
0,2024,92.3076923076923,85.71428571428571,2.0,2.0,1.0,3.0,4.0,13.0,14.0,3.0,,,,4.0,12.0,12.0,,4.0,,0.6,,0.75,88.97025171624715,0.25,18.846153846153847,13.714285714285714,7.0,,0.8333333333333334,1.0,True,,1631172
1,2024,112.36559139784946,106.0475161987041,141.0,226.0,76.0,109.0,181.0,930.0,926.0,121.0,78.0,47.0,107.0,336.0,982.0,1045.0,103.0,514.0,69.0,0.5574034334763949,0.3601190476190476,0.6611764705882353,94.22980643796495,0.2658823529411764,15.312903225806451,15.250539956803456,473.0,0.61,0.6824034334763949,0.6238938053097345,False,0.242761692650334,1631172
