index,year,ortg,drtg,AtRimFGM,AtRimFGA,AtRimAssists,Turnovers,FTA,OffPoss,DefPoss,TwoPtAssists,Steals,BadPassSteals,ThreePtAssists,FG3A,OpponentPoints,Points,SecondChancePoints,FG2A,LiveBallTurnovers,TsPct,Fg3Pct,AtRimFG3AFrequency,Pace,AtRimFrequency,SecondsPerPossOff,SecondsPerPossDef,Minutes,DefAtRimReboundPct,DefFGReboundPct,AtRimAccuracy,player_on,OffFGReboundPct,nba_id
0,2023,119.33780215315863,121.00465869961516,942.0,1355.0,534.0,674.0,1098.0,4923.0,4937.0,831.0,355.0,219.0,530.0,1604.0,5974.0,5875.0,623.0,2767.0,350.0,0.6060920016576875,0.3890274314214463,0.6769617936398994,99.35551590217275,0.3099977121940059,15.10765793215519,13.88089933157788,2382.0,0.6826666666666666,0.7466543608675589,0.6952029520295203,True,0.255011655011655,1631099
1,2023,114.15716856628674,117.9795550210463,563.0,833.0,295.0,491.0,784.0,3334.0,3326.0,486.0,243.0,166.0,340.0,1136.0,3924.0,3806.0,422.0,1782.0,224.0,0.583513097072419,0.3503521126760563,0.6747772446881426,100.88573772906103,0.2854694996572995,14.954109178164368,13.59140108238124,1584.0,0.6446886446886447,0.7251051893408135,0.6758703481392557,False,0.2693351424694708,1631099
2,2024,115.74758385446276,117.7823873279276,811.0,1220.0,495.0,752.0,1147.0,5277.0,5303.0,881.0,400.0,230.0,594.0,1787.0,6246.0,6108.0,550.0,2838.0,440.0,0.5957738211700254,0.3922775601566872,0.6501621621621622,98.09479045270456,0.2637837837837838,15.169035436801211,14.192721101263436,2589.0,0.6331658291457286,0.7215496368038741,0.6647540983606557,True,0.2387868432293891,1631099
3,2024,115.87245970567623,116.00700525394043,436.0,650.0,235.0,387.0,745.0,2854.0,2855.0,416.0,206.0,129.0,317.0,988.0,3312.0,3307.0,342.0,1501.0,185.0,0.5852920227920227,0.3775303643724696,0.6580956207312173,99.10860890426648,0.2611490558457212,14.862648913805186,14.196497373029771,1382.0,0.65625,0.7215951843491347,0.6707692307692308,False,0.2655763239875389,1631099
