index,year,ortg,drtg,AtRimFGM,AtRimFGA,AtRimAssists,Turnovers,FTA,OffPoss,DefPoss,TwoPtAssists,Steals,BadPassSteals,ThreePtAssists,FG3A,OpponentPoints,Points,SecondChancePoints,FG2A,LiveBallTurnovers,TsPct,Fg3Pct,AtRimFG3AFrequency,Pace,AtRimFrequency,SecondsPerPossOff,SecondsPerPossDef,Minutes,DefAtRimReboundPct,DefFGReboundPct,AtRimAccuracy,player_on,OffFGReboundPct,nba_id
0,2024,110.20408163265306,68.0,5.0,8.0,2.0,8.0,21.0,49.0,50.0,5.0,8.0,5.0,4.0,17.0,34.0,54.0,11.0,19.0,5.0,0.6,0.4117647058823529,0.6944444444444444,96.78207739307535,0.2222222222222222,15.244897959183673,14.52,25.0,1.0,0.9333333333333332,0.625,True,0.35,1631112
1,2024,120.41343669250648,123.50649350649353,258.0,404.0,135.0,186.0,369.0,1548.0,1540.0,231.0,103.0,61.0,155.0,565.0,1902.0,1864.0,240.0,881.0,88.0,0.579900124843945,0.3610619469026548,0.6701244813278008,92.4723937862624,0.2793914246196404,16.560077519379846,14.57922077922078,801.0,0.6222222222222222,0.7009873060648801,0.6386138613861386,False,0.3095558546433378,1631112
