index,year,ortg,drtg,AtRimFGM,AtRimFGA,AtRimAssists,Turnovers,FTA,OffPoss,DefPoss,TwoPtAssists,Steals,BadPassSteals,ThreePtAssists,FG3A,OpponentPoints,Points,SecondChancePoints,FG2A,LiveBallTurnovers,TsPct,Fg3Pct,AtRimFG3AFrequency,Pace,AtRimFrequency,SecondsPerPossOff,SecondsPerPossDef,Minutes,DefAtRimReboundPct,DefFGReboundPct,AtRimAccuracy,player_on,OffFGReboundPct,nba_id
0,2023,75.93984962406014,112.97709923664122,13.0,19.0,7.0,31.0,22.0,133.0,131.0,12.0,7.0,4.0,13.0,57.0,148.0,101.0,9.0,43.0,17.0,0.463302752293578,0.2631578947368421,0.76,102.08378088077336,0.19,14.61654135338346,13.587786259541986,62.0,0.8333333333333334,0.7692307692307693,0.6842105263157895,True,0.1846153846153846,1631157
1,2023,117.09329127744752,114.78334749362789,1202.0,1719.0,750.0,1305.0,1633.0,8243.0,8239.0,1306.0,581.0,350.0,1115.0,3483.0,9457.0,9652.0,1106.0,3810.0,629.0,0.603020428625141,0.387022681596325,0.7132867132867133,101.32550077699416,0.2357054709995886,14.015043066844596,14.408301978395436,3904.0,0.6403162055335968,0.7249080399369416,0.6992437463641652,False,0.2663967611336032,1631157
2,2024,112.0,92.0,5.0,7.0,3.0,3.0,,25.0,25.0,7.0,7.0,5.0,2.0,5.0,23.0,28.0,2.0,17.0,2.0,0.6363636363636364,0.4,0.5454545454545454,100.27855153203342,0.3181818181818182,11.4,17.32,12.0,1.0,1.0,0.7142857142857143,True,0.2222222222222222,1631157
3,2024,118.6052182394538,116.28588882101404,1465.0,2064.0,762.0,1056.0,1960.0,8202.0,8185.0,1191.0,551.0,324.0,976.0,3117.0,9518.0,9728.0,1072.0,4119.0,578.0,0.6000123931094311,0.3724735322425409,0.7160033167495854,99.59095474841943,0.2852404643449419,14.394537917581076,14.523885155772756,3949.0,0.5944363103953147,0.7394979508196722,0.7097868217054264,False,0.242507561176794,1631157
4,2024,122.44897959183672,82.5503355704698,46.0,60.0,23.0,22.0,42.0,147.0,149.0,27.0,22.0,17.0,10.0,31.0,123.0,180.0,24.0,94.0,17.0,0.6302816901408451,0.3870967741935484,0.728,107.8269668606122,0.48,10.97278911564626,15.704697986577182,66.0,0.5384615384615384,0.6056338028169014,0.7666666666666667,True,0.3157894736842105,1631157
5,2024,110.98034457655908,120.96128170894526,1577.0,2265.0,969.0,1125.0,1615.0,8242.0,8239.0,1405.0,601.0,376.0,846.0,2884.0,9966.0,9147.0,915.0,4484.0,638.0,0.5669942771833789,0.3477808599167822,0.6988327904451683,101.94126465269515,0.3074104234527687,13.929022082018928,14.32261196747178,3880.0,0.5865671641791045,0.687703141928494,0.6962472406181015,False,0.2339485313231089,1631157
