index,year,ortg,drtg,AtRimFGM,AtRimFGA,AtRimAssists,Turnovers,FTA,OffPoss,DefPoss,TwoPtAssists,Steals,BadPassSteals,ThreePtAssists,FG3A,OpponentPoints,Points,SecondChancePoints,FG2A,LiveBallTurnovers,TsPct,Fg3Pct,AtRimFG3AFrequency,Pace,AtRimFrequency,SecondsPerPossOff,SecondsPerPossDef,Minutes,DefAtRimReboundPct,DefFGReboundPct,AtRimAccuracy,player_on,OffFGReboundPct,nba_id
0,2023,115.82969432314412,111.67803547066848,623.0,894.0,343.0,541.0,874.0,3664.0,3665.0,520.0,338.0,208.0,415.0,1405.0,4093.0,4244.0,431.0,1782.0,311.0,0.5933370818105145,0.3629893238434163,0.7213680577345466,99.4230805463966,0.2805145905240038,14.00627729257642,14.960709413369711,1769.0,0.530952380952381,0.6300743281875357,0.6968680089485458,True,0.2522963870177587,1631106
1,2023,122.86482851378616,111.5728328865058,788.0,1120.0,425.0,538.0,1112.0,4461.0,4476.0,651.0,380.0,236.0,557.0,1780.0,4994.0,5481.0,638.0,2264.0,289.0,0.603852967227635,0.3814606741573034,0.7171117705242335,98.21628634663816,0.2769535113748763,14.147948890383322,15.1733690795353,2184.0,0.6193693693693694,0.6842605801236329,0.7035714285714286,False,0.2756441419543023,1631106
2,2024,104.68594217347956,116.59836065573772,141.0,223.0,74.0,145.0,324.0,1003.0,976.0,125.0,67.0,38.0,72.0,332.0,1138.0,1050.0,143.0,516.0,84.0,0.5289634146341463,0.2620481927710843,0.6544811320754716,98.9328241624718,0.2629716981132075,14.417746759720837,14.69672131147541,480.0,0.5583333333333333,0.6589473684210526,0.6322869955156951,True,0.271578947368421,1631106
3,2024,114.98603351955308,114.9616189811584,1128.0,1704.0,617.0,987.0,1741.0,7160.0,7165.0,1048.0,530.0,310.0,752.0,2572.0,8237.0,8233.0,992.0,3806.0,555.0,0.5746803428410847,0.3596423017107309,0.6704296017560364,98.48397319906768,0.2671683913452493,14.833659217877097,14.409825540823446,3491.0,0.6262482168330956,0.7217567177116441,0.6619718309859155,False,0.2753753753753754,1631106
