index,year,ortg,drtg,AtRimFGM,AtRimFGA,AtRimAssists,Turnovers,FTA,OffPoss,DefPoss,TwoPtAssists,Steals,BadPassSteals,ThreePtAssists,FG3A,OpponentPoints,Points,SecondChancePoints,FG2A,LiveBallTurnovers,TsPct,Fg3Pct,AtRimFG3AFrequency,Pace,AtRimFrequency,SecondsPerPossOff,SecondsPerPossDef,Minutes,DefAtRimReboundPct,DefFGReboundPct,AtRimAccuracy,player_on,OffFGReboundPct,nba_id
0,2023,107.41573033707866,104.71910112359552,85.0,131.0,39.0,72.0,119.0,445.0,445.0,55.0,39.0,24.0,39.0,130.0,466.0,478.0,58.0,244.0,32.0,0.5575117370892019,0.3307692307692307,0.6978609625668449,99.86752902672796,0.3502673796791444,13.865168539325843,14.973033707865168,214.0,0.6,0.7424242424242424,0.648854961832061,True,0.2985074626865671,1631207
1,2023,114.46409989594171,113.00960789405347,1401.0,2091.0,726.0,1025.0,1669.0,7688.0,7702.0,1195.0,605.0,402.0,718.0,2237.0,8704.0,8800.0,812.0,4506.0,514.0,0.5889619981200483,0.362539114886008,0.641850808245588,98.04239053976934,0.3100993623016461,14.292013527575442,15.082316281485328,3767.0,0.6225071225071225,0.7449415787973782,0.6700143472022956,False,0.2280805687203791,1631207
2,2024,117.04628949301984,113.15406976744184,290.0,445.0,150.0,184.0,343.0,1361.0,1376.0,229.0,121.0,72.0,116.0,408.0,1557.0,1593.0,227.0,845.0,95.0,0.5659301496792587,0.3161764705882353,0.6807661612130886,96.50066108417803,0.3551476456504389,14.198383541513593,15.638081395348838,681.0,0.6875,0.747588424437299,0.651685393258427,True,0.3537735849056603,1631207
3,2024,114.8265460030166,117.64616782793092,1099.0,1784.0,510.0,820.0,1388.0,6630.0,6602.0,995.0,517.0,340.0,708.0,2222.0,7767.0,7613.0,895.0,3864.0,460.0,0.5671351674641149,0.3654365436543654,0.6582320078869537,95.78861641480408,0.2931317778508051,14.837254901960783,15.229778854892457,3315.0,0.569023569023569,0.7192924991811334,0.6160313901345291,False,0.2742695570216776,1631207
