index,year,ortg,drtg,AtRimFGM,AtRimFGA,AtRimAssists,Turnovers,FTA,OffPoss,DefPoss,TwoPtAssists,Steals,BadPassSteals,ThreePtAssists,FG3A,OpponentPoints,Points,SecondChancePoints,FG2A,LiveBallTurnovers,TsPct,Fg3Pct,AtRimFG3AFrequency,Pace,AtRimFrequency,SecondsPerPossOff,SecondsPerPossDef,Minutes,DefAtRimReboundPct,DefFGReboundPct,AtRimAccuracy,player_on,OffFGReboundPct,nba_id
0,2023,107.847533632287,113.17567567567568,181.0,270.0,103.0,134.0,196.0,892.0,888.0,154.0,78.0,40.0,68.0,290.0,1005.0,962.0,170.0,537.0,71.0,0.5298672566371682,0.2758620689655172,0.6771463119709794,98.45964737064496,0.3264812575574365,14.7152466367713,14.53490990990991,434.0,0.6545454545454545,0.7783132530120482,0.6703703703703704,True,0.3205417607223476,1631102
1,2023,112.08442543799144,120.49191654000276,1400.0,2180.0,703.0,1199.0,1882.0,7249.0,7237.0,1028.0,522.0,305.0,588.0,2329.0,8720.0,8125.0,1202.0,4134.0,647.0,0.556580396475771,0.3331902103907256,0.6976636237041621,98.792973615538,0.337304657279901,15.12222375500069,14.028741191101284,3519.0,0.6139705882352942,0.7291603053435115,0.6422018348623854,False,0.3429158110882956,1631102
2,2024,84.42622950819673,98.30508474576273,15.0,23.0,9.0,23.0,19.0,122.0,118.0,15.0,16.0,8.0,9.0,38.0,116.0,103.0,8.0,55.0,13.0,0.5,0.2894736842105263,0.6559139784946236,103.04114490161002,0.2473118279569892,13.663934426229508,14.296610169491526,56.0,1.0,0.9069767441860463,0.6521739130434783,True,0.1428571428571428,1631102
3,2024,119.09932140653918,116.47305981216016,1455.0,2048.0,756.0,1036.0,1941.0,8105.0,8092.0,1183.0,542.0,321.0,969.0,3084.0,9425.0,9653.0,1066.0,4081.0,567.0,0.6013894104393541,0.3735408560311284,0.7162595952547104,99.54367365752478,0.2858339148639218,14.396298581122764,14.535837864557587,3905.0,0.593841642228739,0.7381075491209927,0.71044921875,False,0.2440111420612813,1631102
