index,year,ortg,drtg,AtRimFGM,AtRimFGA,AtRimAssists,Turnovers,FTA,OffPoss,DefPoss,TwoPtAssists,Steals,BadPassSteals,ThreePtAssists,FG3A,OpponentPoints,Points,SecondChancePoints,FG2A,LiveBallTurnovers,TsPct,Fg3Pct,AtRimFG3AFrequency,Pace,AtRimFrequency,SecondsPerPossOff,SecondsPerPossDef,Minutes,DefAtRimReboundPct,DefFGReboundPct,AtRimAccuracy,player_on,OffFGReboundPct,nba_id
0,2023,120.83333333333331,111.57894736842104,50.0,75.0,30.0,27.0,50.0,192.0,190.0,34.0,13.0,8.0,21.0,72.0,212.0,232.0,31.0,97.0,15.0,0.6078947368421053,0.3611111111111111,0.8698224852071006,103.18514350028138,0.4437869822485207,13.765625,14.147368421052631,89.0,0.5217391304347826,0.7472527472527473,0.6666666666666666,True,0.3095238095238095,1631303
1,2023,119.05727318803852,115.31725888324873,1630.0,2485.0,940.0,1081.0,1927.0,7892.0,7880.0,1309.0,627.0,402.0,850.0,2645.0,9087.0,9396.0,1088.0,4362.0,538.0,0.5974987238386932,0.3792060491493383,0.7321250178393035,98.136707154246,0.3546453546453546,14.394196654840345,14.953045685279188,3857.0,0.6459390862944162,0.740488358886996,0.6559356136820925,False,0.2823021582733813,1631303
2,2024,111.28608923884516,101.85922974767595,110.0,164.0,67.0,115.0,190.0,762.0,753.0,117.0,62.0,36.0,75.0,286.0,767.0,848.0,113.0,363.0,51.0,0.5794520547945206,0.3251748251748251,0.6933744221879815,95.4414209467145,0.2526964560862866,14.769028871391075,15.410358565737052,381.0,0.5333333333333333,0.633177570093458,0.6707317073170732,True,0.2672672672672673,1631303
3,2024,118.58480176211454,109.33205057724024,1458.0,2059.0,865.0,1058.0,1748.0,7264.0,7276.0,1295.0,667.0,403.0,738.0,2444.0,7955.0,8614.0,1053.0,4011.0,576.0,0.59605500763995,0.353518821603928,0.6975987606506584,97.06725018775904,0.3189775367931836,14.689702643171806,14.980208905992304,3595.0,0.6221662468513854,0.6967759866592551,0.7081107333657115,False,0.2970172684458398,1631303
