index,year,ortg,drtg,AtRimFGM,AtRimFGA,AtRimAssists,Turnovers,FTA,OffPoss,DefPoss,TwoPtAssists,Steals,BadPassSteals,ThreePtAssists,FG3A,OpponentPoints,Points,SecondChancePoints,FG2A,LiveBallTurnovers,TsPct,Fg3Pct,AtRimFG3AFrequency,Pace,AtRimFrequency,SecondsPerPossOff,SecondsPerPossDef,Minutes,DefAtRimReboundPct,DefFGReboundPct,AtRimAccuracy,player_on,OffFGReboundPct,nba_id
0,2023,91.71974522292992,112.82051282051282,23.0,46.0,7.0,17.0,20.0,157.0,156.0,17.0,4.0,4.0,14.0,64.0,176.0,144.0,25.0,101.0,9.0,0.4098837209302325,0.234375,0.6666666666666666,99.36507936507935,0.2787878787878788,15.764331210191084,13.211538461538462,76.0,0.6666666666666666,0.7971014492753623,0.5,True,0.308411214953271,1631223
1,2023,108.27740492170022,110.19955654101996,73.0,117.0,36.0,61.0,95.0,447.0,451.0,63.0,36.0,25.0,46.0,167.0,497.0,484.0,59.0,240.0,33.0,0.5378619153674833,0.3413173652694611,0.6977886977886978,99.13523459061638,0.2874692874692874,14.536912751677852,14.51441241685144,217.0,0.5555555555555556,0.6824644549763034,0.6239316239316239,False,0.2521739130434782,1631223
2,2024,125.0,,,,,,,4.0,4.0,,,,,3.0,,5.0,,2.0,,0.5,0.3333333333333333,0.6,69.81818181818181,,14.25,27.0,3.0,,0.6666666666666666,,True,,1631223
3,2024,110.27027027027027,126.13333333333334,61.0,99.0,37.0,57.0,112.0,370.0,375.0,50.0,30.0,18.0,29.0,101.0,473.0,408.0,40.0,197.0,30.0,0.5783475783475783,0.3663366336633663,0.6711409395973155,94.47820343461032,0.3322147651006711,14.362162162162162,16.109333333333332,189.0,0.5869565217391305,0.625,0.6161616161616161,False,0.1923076923076923,1631223
