index,year,ortg,drtg,AtRimFGM,AtRimFGA,AtRimAssists,Turnovers,FTA,OffPoss,DefPoss,TwoPtAssists,Steals,BadPassSteals,ThreePtAssists,FG3A,OpponentPoints,Points,SecondChancePoints,FG2A,LiveBallTurnovers,TsPct,Fg3Pct,AtRimFG3AFrequency,Pace,AtRimFrequency,SecondsPerPossOff,SecondsPerPossDef,Minutes,DefAtRimReboundPct,DefFGReboundPct,AtRimAccuracy,player_on,OffFGReboundPct,nba_id
0,2023,112.6829268292683,108.51581508515817,70.0,95.0,44.0,82.0,66.0,410.0,411.0,74.0,25.0,21.0,43.0,151.0,446.0,462.0,49.0,206.0,36.0,0.6,0.3377483443708609,0.6890756302521008,96.39921722113505,0.2661064425770308,14.870731707317074,15.004866180048662,204.0,0.68,0.7676767676767676,0.7368421052631579,True,0.313953488372093,1631107
1,2023,114.16354890432925,113.9746158984636,1141.0,1655.0,659.0,1206.0,1662.0,7484.0,7485.0,1106.0,546.0,380.0,875.0,2784.0,8531.0,8544.0,939.0,3683.0,619.0,0.5940379782183748,0.3688936781609195,0.6864079171176743,95.6002022406131,0.2559146435750734,14.85462319615179,15.270808283233134,3758.0,0.597864768683274,0.7345183486238532,0.6894259818731118,False,0.2545010680500458,1631107
2,2024,109.92708917554684,117.82122905027931,281.0,404.0,175.0,248.0,307.0,1783.0,1790.0,314.0,119.0,82.0,185.0,704.0,2109.0,1960.0,257.0,919.0,148.0,0.5572649572649573,0.3139204545454545,0.6826863832409119,95.6733236639518,0.2489217498459642,15.32641615255188,14.777094972067038,896.0,0.6301369863013698,0.7807551766138855,0.6955445544554455,True,0.2482678983833718,1631107
3,2024,113.5179419957398,113.47320111457138,897.0,1339.0,519.0,878.0,1270.0,6103.0,6101.0,948.0,424.0,285.0,726.0,2314.0,6923.0,6928.0,832.0,3119.0,469.0,0.5775991963837268,0.3643042350907519,0.6723725381925272,95.88372016892004,0.2464568378428124,14.87284941831886,15.16357974102606,3055.0,0.6161825726141079,0.7365101611772951,0.6699029126213593,False,0.2586268231945927,1631107
