index,year,ortg,drtg,AtRimFGM,AtRimFGA,AtRimAssists,Turnovers,FTA,OffPoss,DefPoss,TwoPtAssists,Steals,BadPassSteals,ThreePtAssists,FG3A,OpponentPoints,Points,SecondChancePoints,FG2A,LiveBallTurnovers,TsPct,Fg3Pct,AtRimFG3AFrequency,Pace,AtRimFrequency,SecondsPerPossOff,SecondsPerPossDef,Minutes,DefAtRimReboundPct,DefFGReboundPct,AtRimAccuracy,player_on,OffFGReboundPct,nba_id
0,2024,113.83928571428572,101.75438596491227,26.0,39.0,14.0,21.0,53.0,224.0,228.0,23.0,12.0,7.0,31.0,101.0,232.0,255.0,31.0,105.0,10.0,0.5495689655172413,0.3564356435643564,0.6796116504854369,88.55510204081632,0.1893203883495145,16.446428571428573,16.07894736842105,122.0,0.7142857142857143,0.831858407079646,0.6666666666666666,True,0.2434782608695652,1631170
1,2024,124.0174672489083,101.77777777777776,43.0,49.0,22.0,35.0,50.0,229.0,225.0,29.0,17.0,11.0,31.0,94.0,229.0,284.0,28.0,107.0,13.0,0.6351351351351351,0.4148936170212766,0.7114427860696517,92.73191489361702,0.2437810945273631,15.720524017467248,15.333333333333334,118.0,0.8,0.8636363636363636,0.8775510204081632,False,0.2417582417582417,1631170
