index,year,ortg,drtg,AtRimFGM,AtRimFGA,AtRimAssists,Turnovers,FTA,OffPoss,DefPoss,TwoPtAssists,Steals,BadPassSteals,ThreePtAssists,FG3A,OpponentPoints,Points,SecondChancePoints,FG2A,LiveBallTurnovers,TsPct,Fg3Pct,AtRimFG3AFrequency,Pace,AtRimFrequency,SecondsPerPossOff,SecondsPerPossDef,Minutes,DefAtRimReboundPct,DefFGReboundPct,AtRimAccuracy,player_on,OffFGReboundPct,nba_id
0,2023,113.17567567567568,107.847533632287,127.0,183.0,64.0,131.0,189.0,888.0,892.0,97.0,71.0,42.0,116.0,379.0,962.0,1005.0,105.0,393.0,78.0,0.5861664712778429,0.3773087071240105,0.727979274611399,98.45964737064496,0.2370466321243523,14.53490990990991,14.7152466367713,434.0,0.5795454545454546,0.6794582392776524,0.6939890710382514,True,0.2216867469879518,1631102
1,2023,120.49191654000276,112.08442543799144,1284.0,1831.0,704.0,948.0,1797.0,7237.0,7249.0,1074.0,647.0,402.0,856.0,2806.0,8125.0,8720.0,964.0,3653.0,522.0,0.6007617728531855,0.3727726300784034,0.7179129896268772,98.792973615538,0.283480414924911,14.028741191101284,15.12222375500069,3519.0,0.5760309278350515,0.6570841889117043,0.7012561441835062,False,0.2708396946564885,1631102
2,2024,98.30508474576273,84.42622950819673,12.0,15.0,10.0,23.0,45.0,118.0,122.0,13.0,13.0,6.0,13.0,44.0,103.0,116.0,4.0,33.0,16.0,0.5918367346938775,0.3181818181818182,0.7662337662337663,103.04114490161002,0.1948051948051948,14.296610169491526,13.663934426229508,56.0,0.875,0.8571428571428571,0.8,True,0.0930232558139534,1631102
3,2024,116.47305981216016,119.09932140653918,1345.0,2034.0,766.0,963.0,1719.0,8092.0,8105.0,1315.0,567.0,354.0,828.0,2853.0,9653.0,9425.0,1120.0,4607.0,542.0,0.5724416187798019,0.3568173852085524,0.6550938337801608,99.54367365752478,0.2726541554959785,14.535837864557587,14.396298581122764,3905.0,0.6530612244897959,0.7559888579387186,0.6612586037364798,False,0.2618924508790072,1631102
