index,year,ortg,drtg,AtRimFGM,AtRimFGA,AtRimAssists,Turnovers,FTA,OffPoss,DefPoss,TwoPtAssists,Steals,BadPassSteals,ThreePtAssists,FG3A,OpponentPoints,Points,SecondChancePoints,FG2A,LiveBallTurnovers,TsPct,Fg3Pct,AtRimFG3AFrequency,Pace,AtRimFrequency,SecondsPerPossOff,SecondsPerPossDef,Minutes,DefAtRimReboundPct,DefFGReboundPct,AtRimAccuracy,player_on,OffFGReboundPct,nba_id
0,2023,118.31619537275064,114.1880341880342,929.0,1447.0,522.0,707.0,1251.0,4668.0,4680.0,750.0,383.0,246.0,472.0,1533.0,5344.0,5523.0,726.0,2562.0,350.0,0.5919750430292599,0.3672537508153946,0.7277167277167277,100.95108104662413,0.3533577533577534,14.495929734361612,14.033333333333331,2222.0,0.6226415094339622,0.7021569527306104,0.6420179682100898,True,0.3175447075882068,1631097
1,2023,118.3001107419712,116.77347450543328,662.0,1039.0,368.0,526.0,849.0,3612.0,3589.0,566.0,267.0,181.0,375.0,1200.0,4191.0,4273.0,536.0,2028.0,281.0,0.5920467185761957,0.38,0.6936183395291202,99.97820993665457,0.3218711276332094,14.904761904761903,13.898300362217888,1729.0,0.660377358490566,0.7529123237277744,0.6371511068334937,False,0.3016554261189454,1631097
2,2024,120.28229518257136,117.56756756756756,674.0,982.0,352.0,466.0,839.0,3259.0,3256.0,516.0,214.0,138.0,266.0,944.0,3828.0,3920.0,534.0,1965.0,252.0,0.5978892627714898,0.3622881355932203,0.6620831900996906,101.636964411462,0.3375730491577862,14.389076403804848,13.94686732186732,1538.0,0.6046511627906976,0.7142857142857143,0.6863543788187373,True,0.3221906116642958,1631097
3,2024,117.810392701309,124.248417721519,942.0,1486.0,511.0,676.0,1291.0,5042.0,5056.0,806.0,329.0,224.0,432.0,1460.0,6282.0,5940.0,680.0,2992.0,379.0,0.5916450129922046,0.3664383561643836,0.6617250673854448,100.8714231209462,0.3337825696316262,14.80305434351448,13.749604430379748,2403.0,0.6354916067146283,0.7289592760180995,0.6339165545087483,False,0.2815315315315315,1631097
