index,year,ortg,drtg,AtRimFGM,AtRimFGA,AtRimAssists,Turnovers,FTA,OffPoss,DefPoss,TwoPtAssists,Steals,BadPassSteals,ThreePtAssists,FG3A,OpponentPoints,Points,SecondChancePoints,FG2A,LiveBallTurnovers,TsPct,Fg3Pct,AtRimFG3AFrequency,Pace,AtRimFrequency,SecondsPerPossOff,SecondsPerPossDef,Minutes,DefAtRimReboundPct,DefFGReboundPct,AtRimAccuracy,player_on,OffFGReboundPct,nba_id
0,2023,105.57768924302788,111.06639839034206,68.0,102.0,39.0,80.0,108.0,502.0,497.0,72.0,48.0,36.0,58.0,210.0,552.0,530.0,63.0,228.0,46.0,0.5466804979253111,0.3142857142857143,0.7123287671232876,99.88612692681572,0.2328767123287671,14.354581673306772,14.47887323943662,240.0,0.5789473684210527,0.6801801801801802,0.6666666666666666,True,0.2425531914893617,1631288
1,2023,114.66450216450215,113.86673874847952,1143.0,1648.0,664.0,1208.0,1620.0,7392.0,7399.0,1108.0,523.0,365.0,860.0,2725.0,8425.0,8476.0,925.0,3661.0,609.0,0.5975937721160651,0.3713761467889908,0.6847792045098653,95.36769710212415,0.2580645161290322,14.889475108225108,15.309230977159077,3722.0,0.6029143897996357,0.7398960739030023,0.6935679611650486,False,0.2585563161169881,1631288
2,2024,111.61048689138576,107.56143667296786,86.0,122.0,56.0,83.0,132.0,534.0,529.0,88.0,45.0,29.0,57.0,186.0,569.0,596.0,70.0,268.0,40.0,0.580078125,0.3333333333333333,0.6784140969162996,98.49559230422751,0.2687224669603524,14.53370786516854,14.706994328922494,259.0,0.6,0.7032520325203252,0.7049180327868853,True,0.293859649122807,1631288
3,2024,112.78563656147988,114.95517522412388,1092.0,1621.0,638.0,1043.0,1445.0,7352.0,7362.0,1174.0,498.0,338.0,854.0,2832.0,8463.0,8292.0,1019.0,3770.0,577.0,0.5724778270509978,0.3538135593220339,0.6744925780066646,95.64940253431986,0.245531657073614,15.007480957562567,15.102417821244227,3692.0,0.6207482993197279,0.7494896471274424,0.6736582356570019,False,0.2536967236880255,1631288
