index,year,ortg,drtg,AtRimFGM,AtRimFGA,AtRimAssists,Turnovers,FTA,OffPoss,DefPoss,TwoPtAssists,Steals,BadPassSteals,ThreePtAssists,FG3A,OpponentPoints,Points,SecondChancePoints,FG2A,LiveBallTurnovers,TsPct,Fg3Pct,AtRimFG3AFrequency,Pace,AtRimFrequency,SecondsPerPossOff,SecondsPerPossDef,Minutes,DefAtRimReboundPct,DefFGReboundPct,AtRimAccuracy,player_on,OffFGReboundPct,nba_id
0,2024,123.30558858501784,105.2757793764988,167.0,226.0,98.0,134.0,175.0,841.0,834.0,144.0,83.0,57.0,106.0,330.0,878.0,1037.0,159.0,426.0,75.0,0.6234939759036144,0.3727272727272727,0.7354497354497355,99.73536222295732,0.2989417989417989,14.511296076099882,14.364508393285371,403.0,0.6363636363636364,0.7111111111111111,0.7389380530973452,True,0.3333333333333333,1631241
1,2024,118.85839136965724,113.83501775471184,1430.0,2077.0,843.0,1003.0,1452.0,7323.0,7322.0,1244.0,512.0,346.0,852.0,2649.0,8335.0,8704.0,1124.0,4071.0,559.0,0.5912930917018667,0.3763684409211023,0.7032738095238096,98.7876857351646,0.3090773809523809,15.012290045063498,14.141081671674408,3558.0,0.6365007541478129,0.724360858066412,0.6884930187770824,False,0.2918531781557744,1631241
