index,year,ortg,drtg,AtRimFGM,AtRimFGA,AtRimAssists,Turnovers,FTA,OffPoss,DefPoss,TwoPtAssists,Steals,BadPassSteals,ThreePtAssists,FG3A,OpponentPoints,Points,SecondChancePoints,FG2A,LiveBallTurnovers,TsPct,Fg3Pct,AtRimFG3AFrequency,Pace,AtRimFrequency,SecondsPerPossOff,SecondsPerPossDef,Minutes,DefAtRimReboundPct,DefFGReboundPct,AtRimAccuracy,player_on,OffFGReboundPct,nba_id
0,2023,111.26984126984128,122.3083035359555,987.0,1514.0,499.0,794.0,1220.0,5040.0,5034.0,755.0,339.0,206.0,381.0,1544.0,6157.0,5608.0,815.0,2996.0,439.0,0.5524129746835443,0.3309585492227979,0.673568281938326,98.58147642249902,0.3334801762114537,15.147023809523809,14.066746126340885,2453.0,0.6046511627906976,0.7248062015503876,0.6519154557463672,True,0.3243243243243243,1631095
1,2023,112.18961625282166,115.4318990617923,594.0,936.0,307.0,539.0,858.0,3101.0,3091.0,427.0,261.0,139.0,275.0,1075.0,3568.0,3479.0,557.0,1675.0,279.0,0.5555912596401028,0.3209302325581395,0.7312727272727273,99.04228731380586,0.3403636363636363,14.964850048371494,14.112261404076351,1500.0,0.6415094339622641,0.7514619883040936,0.6346153846153846,False,0.3669661368348307,1631095
2,2024,114.66287571080424,116.37213081454398,868.0,1362.0,452.0,600.0,1121.0,4924.0,4923.0,774.0,350.0,173.0,487.0,1793.0,5729.0,5646.0,730.0,2771.0,340.0,0.5584028605482717,0.3480200780814277,0.6912795793163892,97.5041670563254,0.2984224364592462,14.602030869212022,14.935202112533007,2424.0,0.640625,0.7156398104265402,0.6372980910425844,True,0.2747840394899218,1631095
3,2024,115.91544917625116,109.69135802469135,598.0,928.0,291.0,445.0,795.0,3217.0,3240.0,446.0,289.0,165.0,328.0,1171.0,3554.0,3729.0,478.0,1724.0,257.0,0.5720456649182352,0.3578138343296328,0.7250431778929188,100.15813171898228,0.3205526770293609,14.202673298103823,14.550617283950617,1547.0,0.6415094339622641,0.7398921832884097,0.6443965517241379,False,0.3036544850498339,1631095
