index,year,ortg,drtg,AtRimFGM,AtRimFGA,AtRimAssists,Turnovers,FTA,OffPoss,DefPoss,TwoPtAssists,Steals,BadPassSteals,ThreePtAssists,FG3A,OpponentPoints,Points,SecondChancePoints,FG2A,LiveBallTurnovers,TsPct,Fg3Pct,AtRimFG3AFrequency,Pace,AtRimFrequency,SecondsPerPossOff,SecondsPerPossDef,Minutes,DefAtRimReboundPct,DefFGReboundPct,AtRimAccuracy,player_on,OffFGReboundPct,nba_id
0,2023,105.9090909090909,89.63963963963964,44.0,65.0,27.0,44.0,49.0,220.0,222.0,37.0,18.0,9.0,17.0,67.0,199.0,233.0,23.0,106.0,20.0,0.5974358974358974,0.3134328358208955,0.7630057803468208,101.44724258846033,0.3757225433526011,14.086363636363636,14.3018018018018,105.0,0.5757575757575758,0.6991869918699187,0.676923076923077,True,0.3023255813953488,1631246
1,2023,112.21421471172962,116.6356069076904,1375.0,2215.0,820.0,1196.0,1882.0,8048.0,8049.0,1217.0,541.0,347.0,896.0,2931.0,9388.0,9031.0,1170.0,4261.0,660.0,0.5619839879909933,0.3561924257932446,0.7155172413793104,100.3075911132652,0.3079810901001112,14.6176689860835,14.094048950180149,3851.0,0.6134663341645885,0.7031042716901035,0.6207674943566591,False,0.2814526588845655,1631246
2,2024,113.69109047127624,110.446735395189,560.0,891.0,330.0,463.0,636.0,2907.0,2910.0,466.0,244.0,136.0,304.0,1008.0,3214.0,3305.0,411.0,1564.0,249.0,0.5778285312719607,0.365079365079365,0.7383359253499222,97.1862164984337,0.3464230171073095,14.575851393188854,15.057731958762886,1436.0,0.6423076923076924,0.7171286425017769,0.6285072951739619,True,0.2938931297709923,1631246
3,2024,115.5909797822706,106.42898889538282,900.0,1405.0,531.0,776.0,1149.0,5144.0,5133.0,783.0,424.0,256.0,626.0,1897.0,5463.0,5946.0,738.0,2659.0,424.0,0.5864698890649762,0.3848181338956247,0.7247585601404741,97.89561420916849,0.3083845478489903,14.368254276827372,15.051568283654785,2520.0,0.6240875912408759,0.727237504843084,0.6405693950177936,False,0.2819307988039299,1631246
