index,year,ortg,drtg,AtRimFGM,AtRimFGA,AtRimAssists,Turnovers,FTA,OffPoss,DefPoss,TwoPtAssists,Steals,BadPassSteals,ThreePtAssists,FG3A,OpponentPoints,Points,SecondChancePoints,FG2A,LiveBallTurnovers,TsPct,Fg3Pct,AtRimFG3AFrequency,Pace,AtRimFrequency,SecondsPerPossOff,SecondsPerPossDef,Minutes,DefAtRimReboundPct,DefFGReboundPct,AtRimAccuracy,player_on,OffFGReboundPct,nba_id
0,2023,111.99442119944212,115.94405594405596,90.0,147.0,43.0,122.0,117.0,717.0,715.0,69.0,45.0,22.0,116.0,352.0,829.0,803.0,119.0,289.0,55.0,0.578757225433526,0.4005681818181818,0.7784711388455539,99.63664476227292,0.2293291731669266,14.617852161785216,14.286713286713288,345.0,0.6724137931034483,0.7238372093023255,0.6122448979591837,True,0.2785923753665689,1631260
1,2023,116.1401189689359,111.91641317286071,1321.0,1898.0,673.0,1077.0,1720.0,7565.0,7561.0,1049.0,476.0,288.0,881.0,2954.0,8462.0,8786.0,1064.0,3816.0,523.0,0.5831333333333333,0.3642518618821936,0.7166912850812408,100.253332351425,0.280354505169867,14.258955717118308,14.468324295728078,3621.0,0.6187399030694669,0.7524646949107381,0.695995785036881,False,0.272883787661406,1631260
2,2024,117.54670999187653,113.39285714285714,186.0,265.0,106.0,169.0,255.0,1231.0,1232.0,163.0,99.0,55.0,166.0,505.0,1397.0,1447.0,171.0,584.0,99.0,0.6042713567839196,0.3900990099009901,0.7070707070707071,96.23704346882292,0.2433425160697888,14.737611697806662,15.188311688311687,614.0,0.6266666666666667,0.7253886010362695,0.7018867924528301,True,0.2372262773722627,1631260
3,2024,118.767867352773,116.7096589280596,1284.0,1806.0,659.0,890.0,1705.0,6996.0,6978.0,1035.0,459.0,274.0,812.0,2617.0,8144.0,8309.0,903.0,3552.0,481.0,0.5993910395824271,0.369124952235384,0.7169719565569784,100.20895789966434,0.2927540930458745,14.32347055460263,14.41659501289768,3347.0,0.5918032786885246,0.7424969987995198,0.7109634551495017,False,0.2433828276307295,1631260
