index,year,ortg,drtg,AtRimFGM,AtRimFGA,AtRimAssists,Turnovers,FTA,OffPoss,DefPoss,TwoPtAssists,Steals,BadPassSteals,ThreePtAssists,FG3A,OpponentPoints,Points,SecondChancePoints,FG2A,LiveBallTurnovers,TsPct,Fg3Pct,AtRimFG3AFrequency,Pace,AtRimFrequency,SecondsPerPossOff,SecondsPerPossDef,Minutes,DefAtRimReboundPct,DefFGReboundPct,AtRimAccuracy,player_on,OffFGReboundPct,nba_id
0,2024,115.69973952166706,112.82172373081464,630.0,980.0,382.0,544.0,1010.0,4223.0,4235.0,672.0,318.0,212.0,485.0,1465.0,4778.0,4886.0,544.0,2313.0,287.0,0.5768408551068883,0.362457337883959,0.6471678136580201,96.06133024158248,0.2593965060878772,14.970400189438788,15.01038961038961,2113.0,0.6270627062706271,0.7377866400797607,0.6428571428571429,True,0.2663955261820031,1631170
1,2024,113.03162486368592,112.57189811010682,474.0,759.0,284.0,494.0,796.0,3668.0,3651.0,532.0,299.0,177.0,427.0,1300.0,4110.0,4146.0,405.0,1944.0,256.0,0.5740947075208913,0.3776923076923077,0.6347102342786684,95.57689691759391,0.2339704069050555,15.197382769901854,14.934812380169816,1838.0,0.6138996138996139,0.7510472770795931,0.6245059288537549,False,0.2388758782201405,1631170
