index,year,ortg,drtg,AtRimFGM,AtRimFGA,AtRimAssists,Turnovers,FTA,OffPoss,DefPoss,TwoPtAssists,Steals,BadPassSteals,ThreePtAssists,FG3A,OpponentPoints,Points,SecondChancePoints,FG2A,LiveBallTurnovers,TsPct,Fg3Pct,AtRimFG3AFrequency,Pace,AtRimFrequency,SecondsPerPossOff,SecondsPerPossDef,Minutes,DefAtRimReboundPct,DefFGReboundPct,AtRimAccuracy,player_on,OffFGReboundPct,nba_id
0,2024,105.76923076923076,61.53846153846154,9.0,12.0,5.0,7.0,9.0,52.0,52.0,7.0,5.0,3.0,5.0,20.0,32.0,55.0,5.0,22.0,1.0,0.5978260869565217,0.35,0.7619047619047619,91.26142595978062,0.2857142857142857,15.403846153846152,16.153846153846153,27.0,0.8571428571428571,0.7916666666666666,0.75,True,0.1818181818181818,1631250
1,2024,113.39308255491038,116.10949918001766,1362.0,2163.0,787.0,1108.0,1715.0,7922.0,7927.0,1188.0,627.0,411.0,871.0,2753.0,9204.0,8983.0,1054.0,4381.0,604.0,0.5681760366319003,0.3712313839447875,0.689094477151668,96.69797770518475,0.3031959629941127,14.823150719515274,14.96026239434843,3934.0,0.6156914893617021,0.7320640176600441,0.6296809986130375,False,0.270610278372591,1631250
