index,year,ortg,drtg,AtRimFGM,AtRimFGA,AtRimAssists,Turnovers,FTA,OffPoss,DefPoss,TwoPtAssists,Steals,BadPassSteals,ThreePtAssists,FG3A,OpponentPoints,Points,SecondChancePoints,FG2A,LiveBallTurnovers,TsPct,Fg3Pct,AtRimFG3AFrequency,Pace,AtRimFrequency,SecondsPerPossOff,SecondsPerPossDef,Minutes,DefAtRimReboundPct,DefFGReboundPct,AtRimAccuracy,player_on,OffFGReboundPct,nba_id
0,2024,85.71428571428571,92.3076923076923,1.0,1.0,1.0,,4.0,14.0,13.0,1.0,,,2.0,5.0,12.0,12.0,,5.0,,0.5,0.4,0.6,88.97025171624715,0.1,13.714285714285714,18.846153846153847,7.0,,1.0,1.0,True,0.1666666666666666,1631172
1,2024,106.0475161987041,112.36559139784946,133.0,233.0,86.0,158.0,194.0,926.0,930.0,127.0,69.0,39.0,96.0,335.0,1045.0,982.0,160.0,504.0,78.0,0.5297619047619048,0.3462686567164179,0.6769964243146603,94.22980643796495,0.2777115613825983,15.250539956803456,15.312903225806451,473.0,0.6823529411764706,0.7572383073496659,0.5708154506437768,False,0.3175965665236051,1631172
