index,year,ortg,drtg,AtRimFGM,AtRimFGA,AtRimAssists,Turnovers,FTA,OffPoss,DefPoss,TwoPtAssists,Steals,BadPassSteals,ThreePtAssists,FG3A,OpponentPoints,Points,SecondChancePoints,FG2A,LiveBallTurnovers,TsPct,Fg3Pct,AtRimFG3AFrequency,Pace,AtRimFrequency,SecondsPerPossOff,SecondsPerPossDef,Minutes,DefAtRimReboundPct,DefFGReboundPct,AtRimAccuracy,player_on,OffFGReboundPct,nba_id
0,2023,118.98148148148148,108.3720930232558,46.0,62.0,27.0,27.0,51.0,216.0,215.0,37.0,15.0,8.0,23.0,68.0,233.0,257.0,31.0,114.0,18.0,0.6268292682926829,0.3676470588235294,0.7142857142857143,107.50736185692014,0.3406593406593406,12.550925925925926,14.24186046511628,96.0,0.6111111111111112,0.7346938775510204,0.7419354838709677,True,0.2470588235294117,1631169
1,2023,114.43260654112984,114.68185194355038,1592.0,2325.0,938.0,1230.0,1891.0,8072.0,8078.0,1320.0,642.0,386.0,765.0,2663.0,9264.0,9237.0,983.0,4322.0,656.0,0.5915755627009647,0.3650018775816748,0.714101646385111,100.16064637555074,0.332856120257695,14.241328047571852,14.512379301807378,3870.0,0.5867549668874172,0.7078559738134206,0.6847311827956989,False,0.2495682210708117,1631169
2,2024,106.48148148148148,101.44927536231884,40.0,59.0,28.0,31.0,54.0,216.0,207.0,41.0,21.0,11.0,16.0,70.0,210.0,230.0,30.0,106.0,15.0,0.5778894472361809,0.2714285714285714,0.7329545454545454,111.0722100656455,0.3352272727272727,12.837962962962964,13.096618357487923,91.0,0.6428571428571429,0.7051282051282052,0.6779661016949152,True,0.2921348314606741,1631169
3,2024,116.29763130792998,109.7027409599794,1389.0,2055.0,799.0,1131.0,1827.0,7768.0,7771.0,1242.0,626.0,372.0,885.0,2611.0,8525.0,9034.0,1083.0,4187.0,601.0,0.5938447344141294,0.3898889314438912,0.6863783465725213,96.37585280132312,0.3022947925860547,15.008238928939235,14.87479088920345,3870.0,0.64,0.7337593184238551,0.6759124087591241,False,0.2635909491625037,1631169
