index,year,ortg,drtg,AtRimFGM,AtRimFGA,AtRimAssists,Turnovers,FTA,OffPoss,DefPoss,TwoPtAssists,Steals,BadPassSteals,ThreePtAssists,FG3A,OpponentPoints,Points,SecondChancePoints,FG2A,LiveBallTurnovers,TsPct,Fg3Pct,AtRimFG3AFrequency,Pace,AtRimFrequency,SecondsPerPossOff,SecondsPerPossDef,Minutes,DefAtRimReboundPct,DefFGReboundPct,AtRimAccuracy,player_on,OffFGReboundPct,nba_id
0,2024,109.24444444444444,118.18988464951198,192.0,322.0,120.0,156.0,213.0,1125.0,1127.0,189.0,78.0,51.0,118.0,407.0,1332.0,1229.0,140.0,628.0,78.0,0.5425531914893617,0.339066339066339,0.7043478260869566,99.08882574021447,0.3111111111111111,14.772444444444444,14.292812777284826,545.0,0.6271186440677966,0.696969696969697,0.5962732919254659,True,0.2885662431941924,1631124
1,2024,120.63936358279317,112.70612485276796,1331.0,2013.0,846.0,880.0,1415.0,6788.0,6792.0,1398.0,507.0,368.0,710.0,2153.0,7655.0,8189.0,980.0,4091.0,500.0,0.595878398129202,0.3808639108221087,0.6672005124919923,95.98445023633872,0.3223894939141576,15.20020624631703,14.804770318021202,3396.0,0.6401734104046243,0.7310175222871196,0.6612021857923497,False,0.2922056384742952,1631124
