index,year,ortg,drtg,AtRimFGM,AtRimFGA,AtRimAssists,Turnovers,FTA,OffPoss,DefPoss,TwoPtAssists,Steals,BadPassSteals,ThreePtAssists,FG3A,OpponentPoints,Points,SecondChancePoints,FG2A,LiveBallTurnovers,TsPct,Fg3Pct,AtRimFG3AFrequency,Pace,AtRimFrequency,SecondsPerPossOff,SecondsPerPossDef,Minutes,DefAtRimReboundPct,DefFGReboundPct,AtRimAccuracy,player_on,OffFGReboundPct,nba_id
0,2023,109.438202247191,102.67857142857144,170.0,234.0,84.0,125.0,221.0,890.0,896.0,141.0,63.0,30.0,69.0,288.0,920.0,974.0,122.0,483.0,55.0,0.5599078341013825,0.3125,0.6770428015564203,101.21369539551358,0.3035019455252918,14.053932584269663,14.399553571428571,424.0,0.6086956521739131,0.7238307349665924,0.7264957264957265,True,0.2696078431372549,1631098
1,2023,116.97955778055903,116.54355400696863,1231.0,1802.0,681.0,884.0,1574.0,7191.0,7175.0,1086.0,519.0,327.0,740.0,2403.0,8362.0,8412.0,1051.0,4194.0,507.0,0.5782542746828461,0.3724511027881814,0.6374109443686524,97.67390472952876,0.2731544641503713,14.371575580586844,15.115121951219512,3530.0,0.6054852320675106,0.7367080547596306,0.6831298557158713,False,0.2698179682912507,1631098
2,2024,117.59818731117824,107.89877300613496,261.0,357.0,170.0,196.0,345.0,1324.0,1304.0,237.0,103.0,54.0,120.0,415.0,1407.0,1557.0,190.0,729.0,99.0,0.6006971340046475,0.363855421686747,0.6748251748251748,102.8124320799826,0.3120629370629371,14.413141993957703,13.592791411042946,613.0,0.6356589147286822,0.7585669781931464,0.7310924369747899,True,0.3096085409252669,1631098
3,2024,120.7814269535674,111.78546224417784,1456.0,2050.0,850.0,956.0,1621.0,7064.0,7085.0,1291.0,552.0,337.0,734.0,2367.0,7920.0,8532.0,1155.0,4107.0,524.0,0.5942393736017897,0.3616392057456696,0.682267531665122,101.8972553412819,0.3166512202656781,14.334796149490373,13.929569513055752,3333.0,0.6432337434094904,0.7660944206008584,0.7102439024390244,False,0.3145891908778506,1631098
