index,year,ortg,drtg,AtRimFGM,AtRimFGA,AtRimAssists,Turnovers,FTA,OffPoss,DefPoss,TwoPtAssists,Steals,BadPassSteals,ThreePtAssists,FG3A,OpponentPoints,Points,SecondChancePoints,FG2A,LiveBallTurnovers,TsPct,Fg3Pct,AtRimFG3AFrequency,Pace,AtRimFrequency,SecondsPerPossOff,SecondsPerPossDef,Minutes,DefAtRimReboundPct,DefFGReboundPct,AtRimAccuracy,player_on,OffFGReboundPct,nba_id
0,2023,114.1880341880342,118.31619537275064,862.0,1394.0,499.0,715.0,1210.0,4680.0,4668.0,704.0,350.0,236.0,475.0,1590.0,5523.0,5344.0,672.0,2555.0,383.0,0.5706918779544478,0.3685534591194968,0.7199034981905911,100.95108104662413,0.3363088057901086,14.033333333333331,14.495929734361612,2222.0,0.5870841487279843,0.6824552924117931,0.6183644189383071,True,0.2978430472693896,1631097
1,2023,116.77347450543328,118.3001107419712,658.0,978.0,414.0,509.0,734.0,3589.0,3612.0,589.0,281.0,196.0,445.0,1440.0,4273.0,4191.0,453.0,1760.0,267.0,0.5965487735310896,0.3652777777777777,0.755625,99.97820993665457,0.305625,13.898300362217888,14.904761904761903,1729.0,0.608,0.6983445738810545,0.6728016359918201,False,0.2470876762722256,1631097
2,2024,117.56756756756756,120.28229518257136,628.0,973.0,378.0,452.0,736.0,3256.0,3259.0,585.0,252.0,169.0,322.0,1057.0,3920.0,3828.0,491.0,1867.0,214.0,0.5897277227722773,0.3642384105960264,0.6942544459644323,101.636964411462,0.3327633378932969,13.94686732186732,14.389076403804848,1538.0,0.5915032679738562,0.6778093883357041,0.645426515930113,True,0.2857142857142857,1631097
3,2024,124.248417721519,117.810392701309,1043.0,1462.0,654.0,607.0,949.0,5056.0,5042.0,1012.0,379.0,254.0,603.0,1834.0,5940.0,6282.0,736.0,2841.0,329.0,0.6182572614107884,0.3800436205016357,0.7050267379679145,100.8714231209462,0.3127272727272727,13.749604430379748,14.80305434351448,2403.0,0.6351851851851852,0.7184684684684685,0.713406292749658,False,0.2710407239819004,1631097
