index,year,ortg,drtg,AtRimFGM,AtRimFGA,AtRimAssists,Turnovers,FTA,OffPoss,DefPoss,TwoPtAssists,Steals,BadPassSteals,ThreePtAssists,FG3A,OpponentPoints,Points,SecondChancePoints,FG2A,LiveBallTurnovers,TsPct,Fg3Pct,AtRimFG3AFrequency,Pace,AtRimFrequency,SecondsPerPossOff,SecondsPerPossDef,Minutes,DefAtRimReboundPct,DefFGReboundPct,AtRimAccuracy,player_on,OffFGReboundPct,nba_id
0,2024,111.83673469387756,100.40983606557376,38.0,61.0,26.0,38.0,52.0,245.0,244.0,32.0,21.0,12.0,36.0,108.0,245.0,274.0,57.0,122.0,19.0,0.541501976284585,0.3611111111111111,0.7347826086956522,92.31253277399055,0.2652173913043478,15.06938775510204,16.131147540983605,127.0,0.8,0.7480314960629921,0.6229508196721312,True,0.3671875,1631119
1,2024,103.59712230215828,116.1659513590844,96.0,173.0,61.0,120.0,146.0,695.0,699.0,96.0,48.0,27.0,62.0,232.0,812.0,720.0,103.0,387.0,59.0,0.5248901903367497,0.3405172413793103,0.654281098546042,94.812015870017,0.2794830371567043,15.283453237410072,15.092989985693848,353.0,0.6571428571428571,0.7638036809815951,0.5549132947976878,False,0.2965116279069767,1631119
