index,year,ortg,drtg,AtRimFGM,AtRimFGA,AtRimAssists,Turnovers,FTA,OffPoss,DefPoss,TwoPtAssists,Steals,BadPassSteals,ThreePtAssists,FG3A,OpponentPoints,Points,SecondChancePoints,FG2A,LiveBallTurnovers,TsPct,Fg3Pct,AtRimFG3AFrequency,Pace,AtRimFrequency,SecondsPerPossOff,SecondsPerPossDef,Minutes,DefAtRimReboundPct,DefFGReboundPct,AtRimAccuracy,player_on,OffFGReboundPct,nba_id
0,2023,117.1451355661882,112.72908366533864,877.0,1233.0,527.0,740.0,1183.0,5016.0,5020.0,767.0,369.0,220.0,544.0,1810.0,5659.0,5876.0,699.0,2575.0,394.0,0.5993438589296699,0.361878453038674,0.6939566704675029,99.10807233625248,0.2811858608893957,14.756180223285488,14.303187250996016,2430.0,0.6430155210643016,0.7288590604026846,0.7112733171127331,True,0.2609090909090909,1631094
1,2023,111.53228397044651,112.16129032258064,523.0,745.0,327.0,464.0,707.0,3113.0,3100.0,478.0,265.0,160.0,333.0,1220.0,3477.0,3472.0,411.0,1523.0,209.0,0.5686306780776826,0.3352459016393442,0.7163689391177542,97.70041387745296,0.2716004374772147,14.694828140057822,14.783225806451613,1526.0,0.6007326007326007,0.7077028885832187,0.702013422818792,False,0.2567474048442906,1631094
2,2024,113.4608572440666,113.3380505926057,974.0,1479.0,556.0,883.0,1325.0,5646.0,5653.0,869.0,473.0,286.0,544.0,1815.0,6407.0,6406.0,733.0,3059.0,481.0,0.58793135264809,0.3702479338842975,0.6758309396799344,96.88894182099683,0.3034468608945425,14.44987601842012,15.2743675924288,2799.0,0.6330275229357798,0.7161741835147745,0.658553076402975,True,0.255729794933655,1631094
3,2024,108.0399826162538,115.91604722343682,376.0,567.0,210.0,351.0,494.0,2301.0,2287.0,327.0,193.0,121.0,218.0,821.0,2651.0,2486.0,265.0,1189.0,188.0,0.5577878103837471,0.3325213154689403,0.690547263681592,95.15656056459744,0.282089552238806,14.837461973055191,15.430257979886314,1157.0,0.634703196347032,0.6945863125638406,0.6631393298059964,False,0.2504816955684008,1631094
