index,year,ortg,drtg,AtRimFGM,AtRimFGA,AtRimAssists,Turnovers,FTA,OffPoss,DefPoss,TwoPtAssists,Steals,BadPassSteals,ThreePtAssists,FG3A,OpponentPoints,Points,SecondChancePoints,FG2A,LiveBallTurnovers,TsPct,Fg3Pct,AtRimFG3AFrequency,Pace,AtRimFrequency,SecondsPerPossOff,SecondsPerPossDef,Minutes,DefAtRimReboundPct,DefFGReboundPct,AtRimAccuracy,player_on,OffFGReboundPct,nba_id
0,2023,79.16666666666667,120.83333333333331,3.0,5.0,2.0,1.0,2.0,24.0,24.0,3.0,1.0,,3.0,17.0,29.0,19.0,3.0,9.0,,0.3518518518518518,0.1764705882352941,0.8461538461538461,99.3103448275862,0.1923076923076923,16.333333333333332,12.666666666666666,12.0,,0.5,0.6,True,0.2777777777777778,1631220
1,2023,113.27509842519684,115.17802143649132,1446.0,2023.0,810.0,1227.0,1933.0,8128.0,8117.0,1209.0,599.0,386.0,830.0,2937.0,9349.0,9207.0,1103.0,4144.0,681.0,0.5809354797819749,0.3404834865509022,0.7004660358706397,98.4611758367567,0.285694111001271,14.797982283464568,14.451891092768264,3960.0,0.5978695073235686,0.7161343612334802,0.7147800296589224,False,0.2614666300466904,1631220
2,2024,94.87179487179488,118.8034188034188,15.0,30.0,13.0,15.0,31.0,117.0,117.0,16.0,9.0,8.0,8.0,46.0,139.0,111.0,13.0,61.0,6.0,0.4545454545454545,0.217391304347826,0.7102803738317757,101.95461422087746,0.2803738317757009,14.666666666666666,13.58119658119658,55.0,0.6,0.6888888888888889,0.5,True,0.2923076923076923,1631220
3,2024,113.39827935222672,117.623987854251,1370.0,2005.0,830.0,1153.0,1668.0,7904.0,7904.0,1241.0,527.0,308.0,931.0,3130.0,9297.0,8963.0,1046.0,3918.0,678.0,0.5751642406286229,0.3511182108626198,0.7285754824063564,97.63256202955117,0.284477866061294,14.921432186234815,14.576923076923077,3886.0,0.639344262295082,0.7243409983174425,0.683291770573566,False,0.2658708627238199,1631220
