index,year,ortg,drtg,AtRimFGM,AtRimFGA,AtRimAssists,Turnovers,FTA,OffPoss,DefPoss,TwoPtAssists,Steals,BadPassSteals,ThreePtAssists,FG3A,OpponentPoints,Points,SecondChancePoints,FG2A,LiveBallTurnovers,TsPct,Fg3Pct,AtRimFG3AFrequency,Pace,AtRimFrequency,SecondsPerPossOff,SecondsPerPossDef,Minutes,DefAtRimReboundPct,DefFGReboundPct,AtRimAccuracy,player_on,OffFGReboundPct,nba_id
0,2024,68.0,110.20408163265306,5.0,8.0,4.0,16.0,14.0,50.0,49.0,7.0,5.0,2.0,2.0,6.0,54.0,34.0,4.0,21.0,8.0,0.4852941176470588,0.5,0.5185185185185185,96.78207739307535,0.2962962962962963,14.52,15.244897959183673,25.0,0.3333333333333333,0.65,0.625,True,0.0666666666666666,1631112
1,2024,123.50649350649353,120.41343669250648,293.0,429.0,182.0,188.0,262.0,1540.0,1548.0,324.0,88.0,64.0,175.0,553.0,1864.0,1902.0,222.0,922.0,103.0,0.6002530044275775,0.3707052441229656,0.6657627118644068,92.4723937862624,0.2908474576271186,14.57922077922078,16.560077519379846,801.0,0.5972222222222222,0.6904441453566622,0.682983682983683,False,0.2990126939351198,1631112
