index,year,ortg,drtg,AtRimFGM,AtRimFGA,AtRimAssists,Turnovers,FTA,OffPoss,DefPoss,TwoPtAssists,Steals,BadPassSteals,ThreePtAssists,FG3A,OpponentPoints,Points,SecondChancePoints,FG2A,LiveBallTurnovers,TsPct,Fg3Pct,AtRimFG3AFrequency,Pace,AtRimFrequency,SecondsPerPossOff,SecondsPerPossDef,Minutes,DefAtRimReboundPct,DefFGReboundPct,AtRimAccuracy,player_on,OffFGReboundPct,nba_id
0,2023,76.47058823529412,129.41176470588235,4.0,5.0,3.0,4.0,4.0,17.0,17.0,3.0,,,1.0,5.0,22.0,13.0,4.0,7.0,3.0,0.4642857142857143,0.2,0.8333333333333334,103.07368421052632,0.4166666666666667,13.294117647058824,14.647058823529411,8.0,,0.8,0.8,True,0.2857142857142857,1631320
1,2023,119.87630366238176,117.22087378640776,1502.0,2154.0,848.0,1101.0,2051.0,8246.0,8240.0,1232.0,574.0,383.0,1001.0,3055.0,9659.0,9885.0,1093.0,4165.0,595.0,0.6074160908193484,0.3689034369885434,0.7214681440443214,99.96058814612704,0.2983379501385041,13.765340771283046,15.046480582524271,3958.0,0.6553254437869822,0.7390702822357499,0.6973073351903436,False,0.2618516452872281,1631320
