index,year,ortg,drtg,AtRimFGM,AtRimFGA,AtRimAssists,Turnovers,FTA,OffPoss,DefPoss,TwoPtAssists,Steals,BadPassSteals,ThreePtAssists,FG3A,OpponentPoints,Points,SecondChancePoints,FG2A,LiveBallTurnovers,TsPct,Fg3Pct,AtRimFG3AFrequency,Pace,AtRimFrequency,SecondsPerPossOff,SecondsPerPossDef,Minutes,DefAtRimReboundPct,DefFGReboundPct,AtRimAccuracy,player_on,OffFGReboundPct,nba_id
0,2023,117.78242677824268,114.0295358649789,335.0,468.0,213.0,306.0,429.0,1912.0,1896.0,329.0,128.0,76.0,221.0,661.0,2162.0,2252.0,254.0,985.0,154.0,0.6149425287356322,0.3933434190620272,0.6859052247873633,99.95843814940392,0.284325637910085,14.119769874476988,14.694620253164556,914.0,0.5959595959595959,0.7138263665594855,0.7158119658119658,True,0.2643391521197007,1631119
1,2023,113.52529182879375,115.6501547987616,1098.0,1716.0,600.0,1070.0,1661.0,6425.0,6460.0,878.0,445.0,252.0,698.0,2294.0,7471.0,7294.0,1026.0,3315.0,523.0,0.5746481100743318,0.3482999128160418,0.7149224460688179,101.13263492963272,0.3059368871456587,14.872529182879378,13.608359133126935,3058.0,0.6198910081743869,0.7225700164744646,0.6398601398601399,False,0.3131830601092896,1631119
2,2024,111.50490730643402,118.3406113537118,278.0,436.0,167.0,299.0,439.0,1834.0,1832.0,284.0,129.0,77.0,218.0,671.0,2168.0,2045.0,251.0,928.0,161.0,0.5689944134078212,0.3591654247391952,0.6923076923076923,98.08148932612453,0.2726704190118824,14.568157033805887,14.795305676855897,897.0,0.7142857142857143,0.7530266343825666,0.6376146788990825,True,0.2857142857142857,1631119
3,2024,112.45896513990934,119.89071038251366,1051.0,1703.0,603.0,988.0,1439.0,6397.0,6405.0,950.0,453.0,246.0,755.0,2381.0,7679.0,7194.0,1009.0,3342.0,533.0,0.5647827455919395,0.3611927761444771,0.7136117420933077,100.27839879893602,0.2975712039140311,14.983429732687195,13.737392661982826,3064.0,0.6419294990723562,0.7585585585585586,0.61714621256606,False,0.2945227943588062,1631119
