index,year,ortg,drtg,AtRimFGM,AtRimFGA,AtRimAssists,Turnovers,FTA,OffPoss,DefPoss,TwoPtAssists,Steals,BadPassSteals,ThreePtAssists,FG3A,OpponentPoints,Points,SecondChancePoints,FG2A,LiveBallTurnovers,TsPct,Fg3Pct,AtRimFG3AFrequency,Pace,AtRimFrequency,SecondsPerPossOff,SecondsPerPossDef,Minutes,DefAtRimReboundPct,DefFGReboundPct,AtRimAccuracy,player_on,OffFGReboundPct,nba_id
0,2023,107.63888888888889,116.6023166023166,239.0,373.0,125.0,203.0,297.0,1296.0,1295.0,185.0,86.0,63.0,112.0,438.0,1510.0,1395.0,145.0,680.0,108.0,0.5582797427652733,0.3447488584474886,0.725402504472272,100.43717023796704,0.3336314847942755,14.561728395061728,14.112741312741312,619.0,0.5838509316770186,0.6892857142857143,0.6407506702412868,True,0.2751677852348993,1631133
1,2023,116.68142899320932,119.57578435704816,1275.0,1960.0,682.0,981.0,1724.0,6774.0,6789.0,966.0,467.0,318.0,718.0,2455.0,8118.0,7904.0,831.0,3428.0,532.0,0.5950725513905684,0.3686354378818737,0.7504674485806562,97.84341622748131,0.3331633520312765,15.00531443755536,14.43010752688172,3327.0,0.5983026874115983,0.7222407469156386,0.6505102040816326,False,0.2562147828969174,1631133
2,2024,108.96874087058136,119.29618768328446,614.0,1004.0,304.0,542.0,754.0,3423.0,3410.0,502.0,260.0,168.0,309.0,1125.0,4068.0,3730.0,578.0,2022.0,306.0,0.535199076745528,0.3333333333333333,0.6765173180807118,96.43562803826252,0.3190340006355259,15.27753432661408,14.585630498533725,1701.0,0.575,0.7025359835503769,0.6115537848605578,True,0.3229959040374488,1631133
3,2024,108.38037342596613,116.85441941074524,731.0,1223.0,325.0,707.0,926.0,4606.0,4616.0,605.0,367.0,235.0,478.0,1598.0,5394.0,4992.0,742.0,2611.0,423.0,0.5385032537960954,0.3529411764705882,0.6702304585412212,97.26708074534162,0.290567830838679,14.829570125922707,14.77967937608319,2275.0,0.6348773841961853,0.7081107333657115,0.5977105478331971,False,0.3003884333189469,1631133
