index,year,ortg,drtg,AtRimFGM,AtRimFGA,AtRimAssists,Turnovers,FTA,OffPoss,DefPoss,TwoPtAssists,Steals,BadPassSteals,ThreePtAssists,FG3A,OpponentPoints,Points,SecondChancePoints,FG2A,LiveBallTurnovers,TsPct,Fg3Pct,AtRimFG3AFrequency,Pace,AtRimFrequency,SecondsPerPossOff,SecondsPerPossDef,Minutes,DefAtRimReboundPct,DefFGReboundPct,AtRimAccuracy,player_on,OffFGReboundPct,nba_id
0,2023,120.0,60.0,6.0,6.0,3.0,1.0,,10.0,10.0,3.0,,,,3.0,6.0,12.0,6.0,7.0,1.0,0.6,,0.9,112.94117647058825,0.6,11.6,13.9,4.0,,1.0,1.0,True,0.75,1631495
1,2023,116.855421686747,116.62450307191904,1468.0,2208.0,850.0,1059.0,1850.0,8300.0,8301.0,1371.0,580.0,376.0,675.0,2502.0,9681.0,9699.0,1171.0,5062.0,615.0,0.5770195984703633,0.3525179856115107,0.6226864093072448,100.44091510682549,0.2919090428344791,14.060361445783132,14.613179135043971,3967.0,0.6374549819927972,0.7247508753029895,0.6648550724637681,False,0.2847457627118644,1631495
