index,year,ortg,drtg,AtRimFGM,AtRimFGA,AtRimAssists,Turnovers,FTA,OffPoss,DefPoss,TwoPtAssists,Steals,BadPassSteals,ThreePtAssists,FG3A,OpponentPoints,Points,SecondChancePoints,FG2A,LiveBallTurnovers,TsPct,Fg3Pct,AtRimFG3AFrequency,Pace,AtRimFrequency,SecondsPerPossOff,SecondsPerPossDef,Minutes,DefAtRimReboundPct,DefFGReboundPct,AtRimAccuracy,player_on,OffFGReboundPct,nba_id
0,2023,120.1639344262295,112.64367816091954,624.0,937.0,375.0,437.0,647.0,3050.0,3045.0,520.0,257.0,164.0,315.0,956.0,3430.0,3665.0,409.0,1780.0,234.0,0.607534019249917,0.403765690376569,0.6918859649122807,100.3544558530952,0.3424707602339181,14.478688524590163,14.219376026272576,1458.0,0.599406528189911,0.6904276985743381,0.6659551760939167,True,0.2890566037735849,1631110
1,2023,120.85370440015043,109.87956341738804,1047.0,1550.0,560.0,698.0,1295.0,5318.0,5314.0,828.0,408.0,274.0,535.0,1695.0,5839.0,6427.0,796.0,3029.0,338.0,0.6069063386944181,0.3834808259587021,0.686917866215072,101.52438296574316,0.3281117696867062,14.172809326814592,14.194768535942792,2513.0,0.607645875251509,0.7170947030497592,0.675483870967742,False,0.2868995633187773,1631110
2,2024,117.31147540983606,109.96059544658492,910.0,1353.0,540.0,591.0,874.0,4575.0,4568.0,829.0,406.0,261.0,471.0,1525.0,5023.0,5367.0,613.0,2665.0,326.0,0.5858486439195101,0.3626229508196721,0.6868735083532219,100.05867063884118,0.3229116945107398,14.53726775956284,14.245621716287216,2193.0,0.6134663341645885,0.7345420734542073,0.672579453067258,True,0.2656773575873624,1631110
3,2024,115.87765957446808,111.29204484783769,703.0,1093.0,391.0,507.0,805.0,3760.0,3746.0,591.0,327.0,225.0,405.0,1266.0,4169.0,4357.0,554.0,2114.0,258.0,0.5831099195710456,0.3846761453396524,0.6979289940828403,101.60597115945026,0.3233727810650887,14.325265957446808,14.018953550453816,1773.0,0.6225895316804407,0.7461582242458736,0.6431838975297347,False,0.276285046728972,1631110
