index,year,ortg,drtg,AtRimFGM,AtRimFGA,AtRimAssists,Turnovers,FTA,OffPoss,DefPoss,TwoPtAssists,Steals,BadPassSteals,ThreePtAssists,FG3A,OpponentPoints,Points,SecondChancePoints,FG2A,LiveBallTurnovers,TsPct,Fg3Pct,AtRimFG3AFrequency,Pace,AtRimFrequency,SecondsPerPossOff,SecondsPerPossDef,Minutes,DefAtRimReboundPct,DefFGReboundPct,AtRimAccuracy,player_on,OffFGReboundPct,nba_id
0,2023,114.28571428571428,102.36842105263158,77.0,119.0,46.0,47.0,93.0,385.0,380.0,69.0,28.0,17.0,35.0,133.0,389.0,440.0,80.0,226.0,30.0,0.5488721804511278,0.3157894736842105,0.7019498607242339,97.86780383795308,0.3314763231197771,14.864935064935064,14.560526315789474,188.0,0.6176470588235294,0.7159090909090909,0.6470588235294118,True,0.3789473684210526,1631212
1,2023,114.63605530915731,118.73615635179154,1458.0,2052.0,834.0,1058.0,1770.0,7666.0,7675.0,1244.0,618.0,417.0,758.0,2579.0,9113.0,8788.0,1019.0,4236.0,588.0,0.5785922201640645,0.3454827452500969,0.6795304475421864,97.73974754334812,0.3011005135730007,14.67923297678059,14.786710097719869,3767.0,0.5564142194744977,0.7183748845798708,0.7105263157894737,False,0.2622668579626973,1631212
2,2024,112.74966711051933,112.66553480475382,521.0,871.0,282.0,364.0,813.0,3004.0,2945.0,450.0,221.0,138.0,277.0,986.0,3318.0,3387.0,476.0,1790.0,205.0,0.5375519335250879,0.3387423935091277,0.6689481268011528,95.96881161498476,0.3137608069164265,14.783954727030626,15.230220713073004,1488.0,0.659016393442623,0.7333831217326363,0.5981630309988519,True,0.307641196013289,1631212
3,2024,113.93692777212614,122.78582930756843,924.0,1390.0,560.0,650.0,1006.0,4915.0,4968.0,877.0,357.0,242.0,504.0,1601.0,6100.0,5600.0,610.0,2833.0,380.0,0.574341021416804,0.3653966271080575,0.6745602165087957,96.68414902578874,0.3134866937302661,14.700101729399796,15.085547504025763,2453.0,0.528,0.6933093848226314,0.6647482014388489,False,0.2513181019332162,1631212
