index,year,ortg,drtg,AtRimFGM,AtRimFGA,AtRimAssists,Turnovers,FTA,OffPoss,DefPoss,TwoPtAssists,Steals,BadPassSteals,ThreePtAssists,FG3A,OpponentPoints,Points,SecondChancePoints,FG2A,LiveBallTurnovers,TsPct,Fg3Pct,AtRimFG3AFrequency,Pace,AtRimFrequency,SecondsPerPossOff,SecondsPerPossDef,Minutes,DefAtRimReboundPct,DefFGReboundPct,AtRimAccuracy,player_on,OffFGReboundPct,nba_id
0,2023,100.6993006993007,113.013698630137,15.0,16.0,7.0,22.0,30.0,143.0,146.0,16.0,12.0,8.0,18.0,61.0,165.0,144.0,12.0,57.0,12.0,0.549618320610687,0.3278688524590163,0.652542372881356,97.94304542245234,0.135593220338983,14.713286713286712,14.691780821917808,71.0,0.4444444444444444,0.6792452830188679,0.9375,True,0.2,1631165
1,2023,120.1231527093596,117.32215509801505,1491.0,2143.0,844.0,1083.0,2025.0,8120.0,8111.0,1219.0,562.0,375.0,984.0,2999.0,9516.0,9754.0,1085.0,4115.0,586.0,0.6081131839238763,0.3694564854951651,0.7228001124543154,100.00359407491078,0.3012369974697779,13.747660098522168,15.05202810997411,3895.0,0.6581709145427287,0.7400448681996635,0.6957536164255717,False,0.2630385487528344,1631165
2,2024,117.7732379979571,112.16421692853524,294.0,430.0,186.0,257.0,399.0,1958.0,1973.0,315.0,163.0,89.0,276.0,816.0,2213.0,2306.0,337.0,992.0,147.0,0.5789208270297529,0.3799019607843137,0.6891592920353983,96.4202493697622,0.2378318584070796,14.559244126659856,15.307146477445514,978.0,0.7272727272727273,0.7439824945295405,0.6837209302325581,True,0.2902542372881356,1631165
3,2024,116.96774193548389,116.95355634946412,1019.0,1479.0,592.0,821.0,1311.0,6200.0,6158.0,974.0,462.0,287.0,759.0,2403.0,7202.0,7252.0,860.0,3244.0,459.0,0.582271334086143,0.3612151477320016,0.6874446608818842,99.11067545892,0.2619089782185231,14.078709677419354,14.982786619032153,2993.0,0.6702586206896551,0.7543341940243452,0.6889790398918187,False,0.2745371987425777,1631165
