index,year,ortg,drtg,AtRimFGM,AtRimFGA,AtRimAssists,Turnovers,FTA,OffPoss,DefPoss,TwoPtAssists,Steals,BadPassSteals,ThreePtAssists,FG3A,OpponentPoints,Points,SecondChancePoints,FG2A,LiveBallTurnovers,TsPct,Fg3Pct,AtRimFG3AFrequency,Pace,AtRimFrequency,SecondsPerPossOff,SecondsPerPossDef,Minutes,DefAtRimReboundPct,DefFGReboundPct,AtRimAccuracy,player_on,OffFGReboundPct,nba_id
0,2024,150.0,112.5,3.0,5.0,1.0,,1.0,8.0,8.0,1.0,,,1.0,4.0,9.0,12.0,5.0,9.0,,0.4615384615384615,0.25,0.6923076923076923,113.4975369458128,0.3846153846153846,15.25,10.125,3.0,1.0,0.5,0.6,True,0.625,1631167
1,2024,117.60888556096344,113.12866591788344,1435.0,2177.0,779.0,1067.0,1872.0,8013.0,8013.0,1306.0,684.0,407.0,902.0,2669.0,9065.0,9424.0,1149.0,4483.0,536.0,0.589413537611453,0.3829149494192581,0.6775727069351231,97.6793915100928,0.3043903803131991,14.561712217646324,14.922500935979034,3938.0,0.609642301710731,0.734045393858478,0.6591639871382636,False,0.2753261171246183,1631167
