index,year,ortg,drtg,AtRimFGM,AtRimFGA,AtRimAssists,Turnovers,FTA,OffPoss,DefPoss,TwoPtAssists,Steals,BadPassSteals,ThreePtAssists,FG3A,OpponentPoints,Points,SecondChancePoints,FG2A,LiveBallTurnovers,TsPct,Fg3Pct,AtRimFG3AFrequency,Pace,AtRimFrequency,SecondsPerPossOff,SecondsPerPossDef,Minutes,DefAtRimReboundPct,DefFGReboundPct,AtRimAccuracy,player_on,OffFGReboundPct,nba_id
0,2023,40.0,60.0,1.0,1.0,1.0,2.0,,5.0,5.0,1.0,1.0,,,2.0,3.0,2.0,2.0,1.0,1.0,0.3333333333333333,,1.0,116.1290322580645,0.3333333333333333,15.0,9.8,2.0,,1.0,1.0,True,0.5,1631111
1,2023,119.0376569037657,110.3157894736842,82.0,122.0,49.0,58.0,109.0,478.0,475.0,78.0,35.0,24.0,46.0,160.0,524.0,569.0,60.0,276.0,32.0,0.5869565217391305,0.39375,0.6467889908256881,94.14928649835346,0.2798165137614679,15.57112970711297,15.01684210526316,243.0,0.6595744680851063,0.7870370370370371,0.6721311475409836,False,0.287037037037037,1631111
2,2024,75.0,92.3076923076923,6.0,9.0,3.0,5.0,10.0,36.0,39.0,3.0,2.0,,,10.0,36.0,27.0,,20.0,2.0,0.3857142857142857,0.1,0.6333333333333333,97.38503155996392,0.3,13.77777777777778,15.717948717948715,18.0,0.6666666666666666,0.7777777777777778,0.6666666666666666,True,0.1666666666666666,1631111
3,2024,113.23119777158774,116.78224687933424,235.0,359.0,143.0,204.0,337.0,1436.0,1442.0,213.0,105.0,63.0,130.0,459.0,1684.0,1626.0,153.0,784.0,114.0,0.5811781609195402,0.3725490196078431,0.6580852775543041,92.15538902848505,0.2888173773129525,15.433844011142062,15.816920943134535,750.0,0.6137931034482759,0.7035928143712575,0.6545961002785515,False,0.2296875,1631111
