index,year,ortg,drtg,AtRimFGM,AtRimFGA,AtRimAssists,Turnovers,FTA,OffPoss,DefPoss,TwoPtAssists,Steals,BadPassSteals,ThreePtAssists,FG3A,OpponentPoints,Points,SecondChancePoints,FG2A,LiveBallTurnovers,TsPct,Fg3Pct,AtRimFG3AFrequency,Pace,AtRimFrequency,SecondsPerPossOff,SecondsPerPossDef,Minutes,DefAtRimReboundPct,DefFGReboundPct,AtRimAccuracy,player_on,OffFGReboundPct,nba_id
0,2023,115.94405594405596,111.99442119944212,126.0,185.0,64.0,80.0,168.0,715.0,717.0,105.0,55.0,33.0,61.0,251.0,803.0,829.0,103.0,408.0,45.0,0.5667125171939478,0.3346613545816733,0.661608497723824,99.63664476227292,0.2807283763277693,14.286713286713288,14.617852161785216,345.0,0.5614035087719298,0.7214076246334311,0.6810810810810811,True,0.2761627906976744,1631260
1,2023,111.91641317286071,116.1401189689359,1165.0,1787.0,625.0,890.0,1551.0,7561.0,7565.0,1094.0,523.0,345.0,703.0,2548.0,8786.0,8462.0,997.0,4437.0,476.0,0.5507398193007725,0.3559654631083202,0.6206156048675734,100.253332351425,0.2558339298496779,14.468324295728078,14.258955717118308,3621.0,0.5843478260869566,0.727116212338594,0.6519306099608282,False,0.2475353050892619,1631260
2,2024,113.39285714285714,117.54670999187653,165.0,240.0,92.0,179.0,279.0,1232.0,1231.0,166.0,99.0,52.0,137.0,471.0,1447.0,1397.0,178.0,621.0,99.0,0.5761589403973509,0.3566878980891719,0.6510989010989011,96.23704346882292,0.2197802197802197,15.188311688311687,14.737611697806662,614.0,0.6710526315789473,0.7627737226277372,0.6875,True,0.2746113989637305,1631260
3,2024,116.7096589280596,118.767867352773,1192.0,1809.0,684.0,807.0,1485.0,6978.0,6996.0,1162.0,481.0,308.0,704.0,2426.0,8309.0,8144.0,946.0,4019.0,459.0,0.5720752581694724,0.3561417971970321,0.6570985259891389,100.20895789966434,0.2806826997672614,14.41659501289768,14.32347055460263,3347.0,0.6538461538461539,0.7566171723692705,0.6589275843007186,False,0.2575030012004802,1631260
