index,year,ortg,drtg,AtRimFGM,AtRimFGA,AtRimAssists,Turnovers,FTA,OffPoss,DefPoss,TwoPtAssists,Steals,BadPassSteals,ThreePtAssists,FG3A,OpponentPoints,Points,SecondChancePoints,FG2A,LiveBallTurnovers,TsPct,Fg3Pct,AtRimFG3AFrequency,Pace,AtRimFrequency,SecondsPerPossOff,SecondsPerPossDef,Minutes,DefAtRimReboundPct,DefFGReboundPct,AtRimAccuracy,player_on,OffFGReboundPct,nba_id
0,2023,120.83333333333331,79.16666666666667,3.0,4.0,2.0,1.0,8.0,24.0,24.0,5.0,,,2.0,6.0,19.0,29.0,7.0,18.0,1.0,0.5178571428571429,0.3333333333333333,0.4166666666666667,99.3103448275862,0.1666666666666666,12.666666666666666,16.333333333333332,12.0,0.5,0.7222222222222222,0.75,True,0.5,1631220
1,2023,115.17802143649132,113.27509842519684,1523.0,2281.0,843.0,1195.0,1992.0,8117.0,8128.0,1313.0,681.0,454.0,802.0,2462.0,9207.0,9349.0,1132.0,4694.0,599.0,0.5811875,0.3643379366368806,0.662800447177194,98.4611758367567,0.3187534935718278,14.451891092768264,14.797982283464568,3960.0,0.6097560975609756,0.7385333699533095,0.6676896098202543,False,0.2838656387665198,1631220
2,2024,118.8034188034188,94.87179487179488,16.0,26.0,7.0,23.0,33.0,117.0,117.0,15.0,6.0,3.0,15.0,29.0,111.0,139.0,20.0,63.0,9.0,0.6448598130841121,0.5517241379310345,0.5978260869565217,101.95461422087746,0.2826086956521739,13.58119658119658,14.666666666666666,55.0,0.5333333333333333,0.7076923076923077,0.6153846153846154,True,0.3111111111111111,1631220
3,2024,117.623987854251,113.39827935222672,1422.0,2156.0,773.0,1044.0,1840.0,7904.0,7904.0,1292.0,678.0,404.0,888.0,2644.0,8963.0,9297.0,1134.0,4429.0,527.0,0.5884483415935952,0.3808623298033283,0.6786370705499788,97.63256202955117,0.3048211508553655,14.576923076923077,14.921432186234815,3886.0,0.6120826709062003,0.7341291372761801,0.6595547309833024,False,0.2756590016825574,1631220
