index,year,ortg,drtg,AtRimFGM,AtRimFGA,AtRimAssists,Turnovers,FTA,OffPoss,DefPoss,TwoPtAssists,Steals,BadPassSteals,ThreePtAssists,FG3A,OpponentPoints,Points,SecondChancePoints,FG2A,LiveBallTurnovers,TsPct,Fg3Pct,AtRimFG3AFrequency,Pace,AtRimFrequency,SecondsPerPossOff,SecondsPerPossDef,Minutes,DefAtRimReboundPct,DefFGReboundPct,AtRimAccuracy,player_on,OffFGReboundPct,nba_id
0,2023,121.50635208711434,111.03008204193254,626.0,935.0,338.0,431.0,831.0,3306.0,3291.0,518.0,250.0,170.0,332.0,1034.0,3654.0,4017.0,501.0,1906.0,220.0,0.606743271847596,0.3926499032882011,0.6697278911564626,102.1756620130359,0.3180272108843537,14.161524500907442,14.02491643877241,1550.0,0.6176470588235294,0.7224409448818898,0.6695187165775401,True,0.2936229852838122,1631103
1,2023,120.01185302252074,110.79321231254931,1045.0,1552.0,597.0,704.0,1111.0,5062.0,5068.0,830.0,415.0,268.0,518.0,1617.0,5615.0,6075.0,704.0,2903.0,352.0,0.6073933079543178,0.3896103896103896,0.7011061946902655,100.40334237297468,0.3433628318584071,14.36448044251284,14.3198500394633,2421.0,0.5965909090909091,0.6976648914379353,0.6733247422680413,False,0.2838208409506398,1631103
2,2024,119.03635826189772,108.45948352626893,667.0,1031.0,388.0,443.0,665.0,3383.0,3369.0,593.0,325.0,205.0,358.0,1115.0,3654.0,4027.0,479.0,1974.0,208.0,0.5943507837917775,0.3820627802690583,0.6947232113952736,101.64103743505578,0.3337649724830042,14.13006207508129,14.2051053725141,1594.0,0.5913621262458472,0.7406015037593985,0.646944713870029,True,0.282422646477946,1631103
3,2024,115.04442649434571,111.99191102123356,946.0,1415.0,543.0,655.0,1014.0,4952.0,4945.0,827.0,408.0,281.0,518.0,1676.0,5538.0,5697.0,688.0,2805.0,376.0,0.5779313147734201,0.3663484486873508,0.6898013836197278,100.15165037490952,0.3157777281856728,14.654483037156703,14.101516683518703,2372.0,0.6349892008639308,0.7391868512110726,0.6685512367491167,False,0.2624890446976337,1631103
