index,year,ortg,drtg,AtRimFGM,AtRimFGA,AtRimAssists,Turnovers,FTA,OffPoss,DefPoss,TwoPtAssists,Steals,BadPassSteals,ThreePtAssists,FG3A,OpponentPoints,Points,SecondChancePoints,FG2A,LiveBallTurnovers,TsPct,Fg3Pct,AtRimFG3AFrequency,Pace,AtRimFrequency,SecondsPerPossOff,SecondsPerPossDef,Minutes,DefAtRimReboundPct,DefFGReboundPct,AtRimAccuracy,player_on,OffFGReboundPct,nba_id
0,2023,122.03532380151388,108.81112984822934,908.0,1330.0,529.0,594.0,1274.0,4756.0,4744.0,794.0,395.0,261.0,488.0,1606.0,5162.0,5804.0,697.0,2636.0,304.0,0.6044370029300963,0.3779576587795766,0.6921263554926921,98.94044045853975,0.3135313531353135,14.262615643397814,14.84654300168634,2304.0,0.5555555555555556,0.7161147902869757,0.6827067669172933,True,0.2877560743211053,1631093
1,2023,115.31664212076583,114.4414972001179,631.0,911.0,359.0,514.0,875.0,3395.0,3393.0,539.0,236.0,148.0,291.0,1126.0,3883.0,3915.0,516.0,1854.0,270.0,0.5813226094727435,0.3348134991119005,0.6835570469798657,98.34217012928217,0.3057046979865772,14.56082474226804,14.724727379899791,1657.0,0.6106870229007634,0.7077713551701991,0.6926454445664105,False,0.305242203052422,1631093
2,2024,119.70091027308192,112.04245180853368,879.0,1287.0,500.0,533.0,1110.0,4614.0,4617.0,793.0,405.0,250.0,468.0,1517.0,5173.0,5523.0,637.0,2620.0,277.0,0.5962954939341422,0.3724456163480554,0.6777858351462412,99.90710259301017,0.3110949963741842,14.544863459037712,14.28200129954516,2218.0,0.6291390728476821,0.7306413301662708,0.682983682983683,True,0.2455464612421762,1631093
3,2024,118.20212171970968,108.02364864864865,614.0,907.0,371.0,486.0,903.0,3582.0,3552.0,593.0,322.0,199.0,362.0,1165.0,3837.0,4234.0,505.0,1999.0,254.0,0.5934684684684685,0.3656652360515021,0.6548672566371682,98.76896452264204,0.2866624525916561,14.472082635399218,14.687781531531533,1734.0,0.6203389830508474,0.7371225577264654,0.6769570011025359,False,0.278772378516624,1631093
