index,year,ortg,drtg,AtRimFGM,AtRimFGA,AtRimAssists,Turnovers,FTA,OffPoss,DefPoss,TwoPtAssists,Steals,BadPassSteals,ThreePtAssists,FG3A,OpponentPoints,Points,SecondChancePoints,FG2A,LiveBallTurnovers,TsPct,Fg3Pct,AtRimFG3AFrequency,Pace,AtRimFrequency,SecondsPerPossOff,SecondsPerPossDef,Minutes,DefAtRimReboundPct,DefFGReboundPct,AtRimAccuracy,player_on,OffFGReboundPct,nba_id
0,2023,61.53846153846154,85.71428571428571,1.0,2.0,,3.0,,13.0,14.0,,2.0,1.0,1.0,8.0,12.0,8.0,,3.0,2.0,0.3636363636363636,0.25,0.9090909090909092,102.58575197889182,0.1818181818181818,13.384615384615383,14.642857142857142,6.0,1.0,0.8333333333333334,0.5,True,0.125,1631169
1,2023,111.13490364025697,119.18976545842216,80.0,126.0,44.0,61.0,121.0,467.0,469.0,67.0,31.0,16.0,45.0,153.0,559.0,519.0,47.0,249.0,34.0,0.569078947368421,0.3529411764705882,0.6940298507462687,94.11633265833392,0.3134328358208955,15.00642398286938,15.59275053304904,239.0,0.4615384615384615,0.7075471698113207,0.6349206349206349,False,0.2142857142857142,1631169
2,2024,97.43589743589745,70.27027027027027,6.0,10.0,4.0,2.0,12.0,39.0,37.0,6.0,1.0,1.0,2.0,14.0,26.0,38.0,6.0,20.0,1.0,0.475,0.2142857142857142,0.7058823529411765,100.8663594470046,0.2941176470588235,13.743589743589745,14.83783783783784,18.0,0.5,0.7894736842105263,0.6,True,0.3333333333333333,1631169
3,2024,116.64355062413316,113.37979094076655,262.0,408.0,149.0,193.0,366.0,1442.0,1435.0,230.0,115.0,75.0,145.0,507.0,1627.0,1682.0,203.0,785.0,106.0,0.5771881461061337,0.3629191321499014,0.708204334365325,92.07423047005224,0.3157894736842105,15.870319001386962,15.40766550522648,750.0,0.6693548387096774,0.7715179968701096,0.6421568627450981,False,0.2932330827067669,1631169
