index,year,ortg,drtg,AtRimFGM,AtRimFGA,AtRimAssists,Turnovers,FTA,OffPoss,DefPoss,TwoPtAssists,Steals,BadPassSteals,ThreePtAssists,FG3A,OpponentPoints,Points,SecondChancePoints,FG2A,LiveBallTurnovers,TsPct,Fg3Pct,AtRimFG3AFrequency,Pace,AtRimFrequency,SecondsPerPossOff,SecondsPerPossDef,Minutes,DefAtRimReboundPct,DefFGReboundPct,AtRimAccuracy,player_on,OffFGReboundPct,nba_id
0,2024,107.59075907590758,99.01315789473684,55.0,87.0,38.0,48.0,55.0,303.0,304.0,51.0,25.0,13.0,35.0,121.0,301.0,326.0,33.0,140.0,29.0,0.5699300699300699,0.3223140495867768,0.7969348659003831,103.38147109959904,0.3333333333333333,13.3,14.55592105263158,141.0,0.4838709677419355,0.73125,0.632183908045977,True,0.2426470588235294,1631321
1,2024,110.67282486580952,117.3328352633545,1448.0,2182.0,930.0,1194.0,1582.0,8011.0,8031.0,1451.0,559.0,375.0,912.0,2862.0,9423.0,8866.0,1010.0,4313.0,704.0,0.5638949113633465,0.3483577917540181,0.7029965156794425,100.65305482209617,0.3041114982578397,14.17550867557109,14.43730544141452,3825.0,0.6369346733668342,0.7294699258445482,0.6636113657195234,False,0.2608695652173913,1631321
