index,year,ortg,drtg,AtRimFGM,AtRimFGA,AtRimAssists,Turnovers,FTA,OffPoss,DefPoss,TwoPtAssists,Steals,BadPassSteals,ThreePtAssists,FG3A,OpponentPoints,Points,SecondChancePoints,FG2A,LiveBallTurnovers,TsPct,Fg3Pct,AtRimFG3AFrequency,Pace,AtRimFrequency,SecondsPerPossOff,SecondsPerPossDef,Minutes,DefAtRimReboundPct,DefFGReboundPct,AtRimAccuracy,player_on,OffFGReboundPct,nba_id
0,2023,108.51581508515817,112.6829268292683,55.0,80.0,41.0,56.0,90.0,411.0,410.0,62.0,36.0,28.0,42.0,166.0,462.0,446.0,44.0,195.0,25.0,0.555,0.3373493975903614,0.6814404432132964,96.39921722113505,0.2216066481994459,15.004866180048662,14.870731707317074,204.0,0.76,0.686046511627907,0.6875,True,0.2323232323232323,1631107
1,2023,113.9746158984636,114.16354890432925,1086.0,1654.0,625.0,1050.0,1795.0,7485.0,7484.0,1093.0,619.0,382.0,758.0,2688.0,8544.0,8531.0,1013.0,3945.0,546.0,0.5741717376605815,0.34375,0.654605759083371,95.6002022406131,0.2493592642846374,15.270808283233134,14.85462319615179,3758.0,0.6450980392156863,0.7454989319499542,0.656590084643289,False,0.2654816513761467,1631107
2,2024,117.82122905027931,109.92708917554684,259.0,406.0,169.0,214.0,380.0,1790.0,1783.0,279.0,148.0,95.0,240.0,663.0,1960.0,2109.0,159.0,936.0,119.0,0.5956299659477866,0.3996983408748115,0.6685428392745466,95.6733236639518,0.2539086929330831,14.777094972067038,15.32641615255188,896.0,0.5934959349593496,0.7517321016166282,0.6379310344827587,True,0.2192448233861145,1631107
3,2024,113.47320111457138,113.5179419957398,845.0,1333.0,497.0,824.0,1426.0,6101.0,6103.0,925.0,469.0,294.0,672.0,2102.0,6928.0,6923.0,790.0,3321.0,424.0,0.5697250745279894,0.3601332064700285,0.6334132399041121,95.88372016892004,0.2458049050341139,15.16357974102606,14.87284941831886,3055.0,0.6287015945330297,0.7413731768054074,0.6339084771192798,False,0.263489838822705,1631107
