index,year,ortg,drtg,AtRimFGM,AtRimFGA,AtRimAssists,Turnovers,FTA,OffPoss,DefPoss,TwoPtAssists,Steals,BadPassSteals,ThreePtAssists,FG3A,OpponentPoints,Points,SecondChancePoints,FG2A,LiveBallTurnovers,TsPct,Fg3Pct,AtRimFG3AFrequency,Pace,AtRimFrequency,SecondsPerPossOff,SecondsPerPossDef,Minutes,DefAtRimReboundPct,DefFGReboundPct,AtRimAccuracy,player_on,OffFGReboundPct,nba_id
0,2024,75.0,122.22222222222224,1.0,1.0,1.0,1.0,,8.0,9.0,1.0,,,,2.0,11.0,6.0,,5.0,,0.4285714285714285,,0.4285714285714285,95.25291828793776,0.1428571428571428,15.75,14.555555555555555,4.0,,1.0,1.0,True,,1631209
1,2024,121.67630057803468,118.77713458755429,1670.0,2434.0,1031.0,1058.0,1685.0,8304.0,8292.0,1596.0,631.0,423.0,925.0,2889.0,9849.0,10104.0,1227.0,4703.0,543.0,0.6072894038136616,0.3745240567670474,0.7011327713382508,101.17669970322136,0.3206006322444679,13.82502408477842,14.640617462614568,3937.0,0.6193853427895981,0.7025386313465783,0.686113393590797,False,0.2771709448388859,1631209
