index,year,ortg,drtg,AtRimFGM,AtRimFGA,AtRimAssists,Turnovers,FTA,OffPoss,DefPoss,TwoPtAssists,Steals,BadPassSteals,ThreePtAssists,FG3A,OpponentPoints,Points,SecondChancePoints,FG2A,LiveBallTurnovers,TsPct,Fg3Pct,AtRimFG3AFrequency,Pace,AtRimFrequency,SecondsPerPossOff,SecondsPerPossDef,Minutes,DefAtRimReboundPct,DefFGReboundPct,AtRimAccuracy,player_on,OffFGReboundPct,nba_id
0,2023,114.44444444444444,117.77777777777776,12.0,18.0,7.0,12.0,13.0,90.0,90.0,12.0,6.0,5.0,13.0,37.0,106.0,103.0,10.0,39.0,8.0,0.6280487804878049,0.4054054054054054,0.7236842105263158,105.02431118314423,0.2368421052631578,12.988888888888887,14.433333333333334,41.0,0.7272727272727273,0.7567567567567568,0.6666666666666666,True,0.2162162162162162,1631306
1,2023,114.53136352627754,115.0326797385621,1467.0,2180.0,787.0,1023.0,1693.0,8258.0,8262.0,1253.0,618.0,428.0,826.0,2955.0,9504.0,9458.0,1135.0,4668.0,518.0,0.5657499699771826,0.3428087986463621,0.6736193099829464,100.75175869181282,0.2859766496130132,14.330346330830707,14.254780924715565,3935.0,0.6064690026954178,0.7349659863945578,0.6729357798165138,False,0.2653061224489796,1631306
2,2024,112.5,100.56497175141244,26.0,37.0,14.0,22.0,39.0,176.0,177.0,27.0,17.0,7.0,21.0,60.0,178.0,198.0,28.0,90.0,9.0,0.5898203592814372,0.4,0.6466666666666666,97.62243134242368,0.2466666666666666,14.727272727272728,14.774011299435028,87.0,0.5833333333333334,0.7191011235955056,0.7027027027027027,True,0.2597402597402597,1631306
3,2024,112.71076523994812,114.77832512315273,1152.0,1706.0,680.0,1104.0,1538.0,7710.0,7714.0,1235.0,526.0,360.0,890.0,2958.0,8854.0,8690.0,1061.0,3948.0,608.0,0.5726094431953446,0.3515889114266396,0.6753547639733565,95.79587065942644,0.2470315667535476,14.9810635538262,15.082836401348198,3864.0,0.6201298701298701,0.7470719464584495,0.675263774912075,False,0.2561111111111111,1631306
