index,year,ortg,drtg,AtRimFGM,AtRimFGA,AtRimAssists,Turnovers,FTA,OffPoss,DefPoss,TwoPtAssists,Steals,BadPassSteals,ThreePtAssists,FG3A,OpponentPoints,Points,SecondChancePoints,FG2A,LiveBallTurnovers,TsPct,Fg3Pct,AtRimFG3AFrequency,Pace,AtRimFrequency,SecondsPerPossOff,SecondsPerPossDef,Minutes,DefAtRimReboundPct,DefFGReboundPct,AtRimAccuracy,player_on,OffFGReboundPct,nba_id
0,2023,122.85714285714286,112.08791208791207,69.0,100.0,45.0,40.0,61.0,280.0,273.0,55.0,24.0,16.0,35.0,107.0,306.0,344.0,48.0,142.0,21.0,0.6259124087591241,0.3738317757009345,0.8313253012048193,104.86173294706347,0.4016064257028112,13.175,14.304029304029305,127.0,0.5714285714285714,0.7348484848484849,0.69,True,0.2809917355371901,1631466
1,2023,118.96463352127114,115.33923303834808,1611.0,2460.0,925.0,1068.0,1916.0,7804.0,7797.0,1288.0,616.0,394.0,836.0,2610.0,8993.0,9284.0,1071.0,4317.0,532.0,0.596749226006192,0.3789272030651341,0.7319185794716327,98.03129609104316,0.3551320918146384,14.42247565351102,14.956136975759907,3819.0,0.645618556701031,0.7408790577420281,0.6548780487804878,False,0.2830133798720186,1631466
2,2024,105.71428571428572,113.92857142857144,48.0,71.0,24.0,34.0,69.0,280.0,280.0,36.0,20.0,16.0,25.0,102.0,319.0,296.0,34.0,152.0,21.0,0.524822695035461,0.3039215686274509,0.6811023622047244,103.87736699729489,0.2795275590551181,14.610714285714286,13.114285714285714,129.0,0.4482758620689655,0.6136363636363636,0.676056338028169,True,0.2847222222222222,1631466
3,2024,114.00482049980972,115.20162829156595,1221.0,1856.0,667.0,1098.0,1996.0,7883.0,7861.0,1137.0,577.0,332.0,799.0,2802.0,9056.0,8987.0,1101.0,4170.0,618.0,0.5707251566696508,0.3501070663811563,0.668100975329891,98.35841966113284,0.2662076878944349,14.78865913992135,14.491591400585166,3842.0,0.6224747474747475,0.7176656151419558,0.6578663793103449,False,0.2745151597924064,1631466
