index,year,ortg,drtg,AtRimFGM,AtRimFGA,AtRimAssists,Turnovers,FTA,OffPoss,DefPoss,TwoPtAssists,Steals,BadPassSteals,ThreePtAssists,FG3A,OpponentPoints,Points,SecondChancePoints,FG2A,LiveBallTurnovers,TsPct,Fg3Pct,AtRimFG3AFrequency,Pace,AtRimFrequency,SecondsPerPossOff,SecondsPerPossDef,Minutes,DefAtRimReboundPct,DefFGReboundPct,AtRimAccuracy,player_on,OffFGReboundPct,nba_id
0,2023,112.82051282051282,91.71974522292992,25.0,43.0,16.0,16.0,34.0,156.0,157.0,23.0,9.0,3.0,18.0,50.0,144.0,176.0,20.0,85.0,4.0,0.5789473684210527,0.4,0.6888888888888889,99.36507936507935,0.3185185185185185,13.211538461538462,15.764331210191084,76.0,0.6956521739130435,0.6915887850467289,0.5813953488372093,True,0.2028985507246377,1631223
1,2023,110.19955654101996,108.27740492170022,83.0,119.0,49.0,73.0,96.0,451.0,447.0,69.0,33.0,20.0,38.0,160.0,484.0,497.0,84.0,249.0,36.0,0.5511111111111111,0.28125,0.6821515892420538,99.13523459061638,0.2909535452322738,14.51441241685144,14.536912751677852,217.0,0.6818181818181818,0.7478260869565218,0.6974789915966386,False,0.3175355450236967,1631223
2,2024,,125.0,,,,1.0,,4.0,4.0,,,,,3.0,5.0,,,,,,,1.0,69.81818181818181,,27.0,14.25,3.0,,1.0,,True,0.3333333333333333,1631223
3,2024,126.13333333333334,110.27027027027027,74.0,121.0,44.0,54.0,114.0,375.0,370.0,58.0,30.0,19.0,40.0,131.0,408.0,473.0,70.0,208.0,30.0,0.6072351421188631,0.3740458015267175,0.7433628318584071,94.47820343461032,0.3569321533923303,16.109333333333332,14.362162162162162,189.0,0.7894736842105263,0.8076923076923077,0.6115702479338843,False,0.375,1631223
