index,year,ortg,drtg,AtRimFGM,AtRimFGA,AtRimAssists,Turnovers,FTA,OffPoss,DefPoss,TwoPtAssists,Steals,BadPassSteals,ThreePtAssists,FG3A,OpponentPoints,Points,SecondChancePoints,FG2A,LiveBallTurnovers,TsPct,Fg3Pct,AtRimFG3AFrequency,Pace,AtRimFrequency,SecondsPerPossOff,SecondsPerPossDef,Minutes,DefAtRimReboundPct,DefFGReboundPct,AtRimAccuracy,player_on,OffFGReboundPct,nba_id
0,2023,61.53846153846154,100.0,4.0,6.0,2.0,3.0,2.0,26.0,25.0,4.0,,,1.0,7.0,25.0,16.0,3.0,16.0,1.0,0.3333333333333333,0.1428571428571428,0.5652173913043478,103.29113924050633,0.2608695652173913,13.807692307692308,14.08,12.0,,0.9090909090909092,0.6666666666666666,True,0.1875,1631254
1,2023,105.88235294117646,111.340206185567,92.0,157.0,41.0,75.0,113.0,578.0,582.0,76.0,40.0,29.0,59.0,224.0,648.0,612.0,81.0,325.0,41.0,0.509212730318258,0.3169642857142857,0.6939890710382514,99.02187444424683,0.2859744990892532,14.90311418685121,14.183848797250858,281.0,0.5925925925925926,0.7026022304832714,0.5859872611464968,False,0.2741433021806853,1631254
