index,year,ortg,drtg,AtRimFGM,AtRimFGA,AtRimAssists,Turnovers,FTA,OffPoss,DefPoss,TwoPtAssists,Steals,BadPassSteals,ThreePtAssists,FG3A,OpponentPoints,Points,SecondChancePoints,FG2A,LiveBallTurnovers,TsPct,Fg3Pct,AtRimFG3AFrequency,Pace,AtRimFrequency,SecondsPerPossOff,SecondsPerPossDef,Minutes,DefAtRimReboundPct,DefFGReboundPct,AtRimAccuracy,player_on,OffFGReboundPct,nba_id
0,2023,118.51851851851852,103.70370370370372,4.0,6.0,1.0,3.0,7.0,27.0,27.0,1.0,,,4.0,13.0,28.0,32.0,7.0,12.0,1.0,0.5714285714285714,0.3846153846153846,0.76,103.12997347480106,0.24,14.88888888888889,13.037037037037036,13.0,1.0,0.5384615384615384,0.6666666666666666,True,0.5,1631107
1,2023,114.63187325256293,113.50467289719626,318.0,495.0,182.0,266.0,448.0,2146.0,2140.0,304.0,161.0,94.0,233.0,761.0,2429.0,2460.0,261.0,1211.0,132.0,0.5683186660490968,0.3797634691195795,0.6369168356997972,93.81692153345696,0.2510141987829614,15.893755824790308,14.802803738317756,1096.0,0.6463414634146342,0.7191919191919192,0.6424242424242425,False,0.2550529355149182,1631107
2,2024,94.1908713692946,118.33333333333331,26.0,33.0,14.0,31.0,31.0,241.0,240.0,28.0,11.0,8.0,26.0,98.0,284.0,227.0,18.0,120.0,15.0,0.4892241379310345,0.2959183673469387,0.6009174311926605,89.98830713264908,0.1513761467889908,16.116182572614107,15.8875,128.0,0.6666666666666666,0.7692307692307693,0.7878787878787878,True,0.1782945736434108,1631107
3,2024,110.37735849056604,119.71830985915491,22.0,27.0,15.0,27.0,29.0,212.0,213.0,30.0,12.0,8.0,22.0,72.0,255.0,234.0,8.0,116.0,14.0,0.5913705583756346,0.375,0.526595744680851,91.30240190959272,0.1436170212765957,15.245283018867925,16.295774647887324,112.0,0.7142857142857143,0.7415730337078652,0.8148148148148148,False,0.1170212765957446,1631107
