index,year,ortg,drtg,AtRimFGM,AtRimFGA,AtRimAssists,Turnovers,FTA,OffPoss,DefPoss,TwoPtAssists,Steals,BadPassSteals,ThreePtAssists,FG3A,OpponentPoints,Points,SecondChancePoints,FG2A,LiveBallTurnovers,TsPct,Fg3Pct,AtRimFG3AFrequency,Pace,AtRimFrequency,SecondsPerPossOff,SecondsPerPossDef,Minutes,DefAtRimReboundPct,DefFGReboundPct,AtRimAccuracy,player_on,OffFGReboundPct,nba_id
0,2024,78.57142857142857,129.62962962962962,3.0,6.0,3.0,9.0,3.0,28.0,27.0,3.0,2.0,2.0,3.0,8.0,35.0,22.0,2.0,13.0,4.0,0.5,0.375,0.6666666666666666,94.28571428571428,0.2857142857142857,19.0,11.407407407407408,14.0,,0.75,0.5,True,0.3846153846153846,1631216
1,2024,107.08661417322834,99.8430141287284,95.0,172.0,46.0,92.0,173.0,635.0,637.0,67.0,54.0,33.0,62.0,225.0,636.0,680.0,101.0,342.0,53.0,0.5272585669781932,0.3066666666666666,0.7001763668430335,94.80745341614907,0.3033509700176366,15.311811023622049,15.065934065934066,322.0,0.6521739130434783,0.7725752508361204,0.5523255813953488,False,0.303680981595092,1631216
