index,year,ortg,drtg,AtRimFGM,AtRimFGA,AtRimAssists,Turnovers,FTA,OffPoss,DefPoss,TwoPtAssists,Steals,BadPassSteals,ThreePtAssists,FG3A,OpponentPoints,Points,SecondChancePoints,FG2A,LiveBallTurnovers,TsPct,Fg3Pct,AtRimFG3AFrequency,Pace,AtRimFrequency,SecondsPerPossOff,SecondsPerPossDef,Minutes,DefAtRimReboundPct,DefFGReboundPct,AtRimAccuracy,player_on,OffFGReboundPct,nba_id
0,2023,129.41176470588235,76.47058823529412,3.0,3.0,2.0,3.0,7.0,17.0,17.0,3.0,3.0,3.0,2.0,8.0,13.0,22.0,2.0,4.0,,0.7333333333333333,0.375,0.9166666666666666,103.07368421052632,0.25,14.647058823529411,13.294117647058824,8.0,1.0,0.7142857142857143,1.0,True,0.2,1631320
1,2023,117.22087378640776,119.87630366238176,1502.0,2185.0,827.0,1162.0,1875.0,8240.0,8246.0,1314.0,595.0,382.0,868.0,2732.0,9885.0,9659.0,1043.0,4545.0,574.0,0.5967601787487586,0.3729868228404099,0.6756905318125601,99.96058814612704,0.3002610966057441,15.046480582524271,13.765340771283046,3958.0,0.6661514683153014,0.7381483547127718,0.6874141876430206,False,0.2609297177642501,1631320
