index,year,ortg,drtg,AtRimFGM,AtRimFGA,AtRimAssists,Turnovers,FTA,OffPoss,DefPoss,TwoPtAssists,Steals,BadPassSteals,ThreePtAssists,FG3A,OpponentPoints,Points,SecondChancePoints,FG2A,LiveBallTurnovers,TsPct,Fg3Pct,AtRimFG3AFrequency,Pace,AtRimFrequency,SecondsPerPossOff,SecondsPerPossDef,Minutes,DefAtRimReboundPct,DefFGReboundPct,AtRimAccuracy,player_on,OffFGReboundPct,nba_id
0,2023,95.95375722543352,108.57142857142856,25.0,39.0,17.0,31.0,41.0,173.0,175.0,26.0,15.0,12.0,15.0,65.0,190.0,166.0,28.0,80.0,16.0,0.5061349693251533,0.2615384615384615,0.7172413793103448,101.03225806451611,0.2689655172413793,14.485549132947977,14.022857142857143,83.0,0.5,0.7878787878787878,0.6410256410256411,True,0.2470588235294117,1631160
1,2023,111.20205228438796,120.85927010862932,1510.0,2335.0,829.0,1222.0,1698.0,8186.0,8193.0,1364.0,557.0,381.0,827.0,2575.0,9902.0,9103.0,1269.0,4873.0,649.0,0.556734543670265,0.3471844660194175,0.6592373791621912,101.09627089584224,0.3135069817400644,14.197776691913022,14.289881606249237,3888.0,0.606516290726817,0.7109044801352493,0.6466809421841542,False,0.2938144329896907,1631160
