index,year,ortg,drtg,AtRimFGM,AtRimFGA,AtRimAssists,Turnovers,FTA,OffPoss,DefPoss,TwoPtAssists,Steals,BadPassSteals,ThreePtAssists,FG3A,OpponentPoints,Points,SecondChancePoints,FG2A,LiveBallTurnovers,TsPct,Fg3Pct,AtRimFG3AFrequency,Pace,AtRimFrequency,SecondsPerPossOff,SecondsPerPossDef,Minutes,DefAtRimReboundPct,DefFGReboundPct,AtRimAccuracy,player_on,OffFGReboundPct,nba_id
0,2023,118.98115840893232,105.83274771609275,265.0,410.0,132.0,182.0,367.0,1433.0,1423.0,200.0,132.0,84.0,152.0,488.0,1506.0,1705.0,208.0,772.0,93.0,0.6003521126760564,0.3770491803278688,0.7126984126984127,102.4471901155839,0.3253968253968254,13.90648988136776,14.206605762473648,669.0,0.5714285714285714,0.7292576419213974,0.6463414634146342,True,0.291866028708134,1631104
1,2023,120.93727469358328,111.9232987312572,1406.0,2077.0,803.0,953.0,1575.0,6935.0,6936.0,1148.0,533.0,354.0,698.0,2163.0,7763.0,8387.0,997.0,4037.0,479.0,0.6085344576911893,0.3938973647711511,0.6838709677419355,100.82093319065598,0.335,14.362364816149965,14.203143021914649,3302.0,0.611353711790393,0.702562538133008,0.6769378911892152,False,0.286813922356091,1631104
2,2024,115.11375947995668,108.01526717557252,334.0,510.0,197.0,251.0,406.0,1846.0,1834.0,299.0,153.0,106.0,180.0,612.0,1981.0,2125.0,262.0,1039.0,132.0,0.580098414434117,0.3627450980392157,0.6795881284070261,100.83726594611052,0.3089036947304663,14.201516793066087,14.359869138495092,876.0,0.6885245901639344,0.7634032634032634,0.6549019607843137,True,0.281437125748503,1631104
3,2024,117.10587147480352,111.28086419753086,1279.0,1936.0,734.0,847.0,1273.0,6489.0,6480.0,1121.0,580.0,380.0,696.0,2179.0,7211.0,7599.0,905.0,3740.0,452.0,0.5858952572223081,0.3754015603487838,0.6952187869572563,100.72575077666552,0.3270822774117249,14.509939898289414,14.082253086419753,3090.0,0.5955249569707401,0.7331147540983607,0.6606404958677686,False,0.2673634524612272,1631104
