index,year,ortg,drtg,AtRimFGM,AtRimFGA,AtRimAssists,Turnovers,FTA,OffPoss,DefPoss,TwoPtAssists,Steals,BadPassSteals,ThreePtAssists,FG3A,OpponentPoints,Points,SecondChancePoints,FG2A,LiveBallTurnovers,TsPct,Fg3Pct,AtRimFG3AFrequency,Pace,AtRimFrequency,SecondsPerPossOff,SecondsPerPossDef,Minutes,DefAtRimReboundPct,DefFGReboundPct,AtRimAccuracy,player_on,OffFGReboundPct,nba_id
0,2024,120.20725388601036,115.3846153846154,41.0,58.0,28.0,39.0,39.0,193.0,195.0,35.0,19.0,10.0,27.0,75.0,225.0,232.0,33.0,85.0,23.0,0.652542372881356,0.4133333333333333,0.83125,110.22292365358058,0.3625,14.020725388601036,12.117948717948718,84.0,0.3846153846153846,0.6875,0.7068965517241379,True,0.3466666666666667,1631173
1,2024,114.14852752880924,117.31900741877718,1487.0,2227.0,883.0,1162.0,1887.0,7810.0,7818.0,1263.0,487.0,302.0,818.0,2690.0,9172.0,8915.0,1088.0,4248.0,671.0,0.5730888429752066,0.3524163568773234,0.7087056788699914,96.8798618973615,0.3209858748918996,14.628809218950064,15.098490662573548,3872.0,0.5987730061349693,0.7163384779137839,0.6677144140098787,False,0.2918050941306755,1631173
