index,year,ortg,drtg,AtRimFGM,AtRimFGA,AtRimAssists,Turnovers,FTA,OffPoss,DefPoss,TwoPtAssists,Steals,BadPassSteals,ThreePtAssists,FG3A,OpponentPoints,Points,SecondChancePoints,FG2A,LiveBallTurnovers,TsPct,Fg3Pct,AtRimFG3AFrequency,Pace,AtRimFrequency,SecondsPerPossOff,SecondsPerPossDef,Minutes,DefAtRimReboundPct,DefFGReboundPct,AtRimAccuracy,player_on,OffFGReboundPct,nba_id
0,2024,117.34429065743944,115.75993091537131,406.0,581.0,264.0,336.0,447.0,2312.0,2316.0,420.0,171.0,110.0,260.0,864.0,2681.0,2713.0,370.0,1289.0,182.0,0.5779581375480564,0.3680555555555556,0.6711565257779842,98.25757464061924,0.2698560148629819,14.621539792387544,14.689119170984457,1130.0,0.6685082872928176,0.7215756490599821,0.6987951807228916,True,0.3238532110091743,1631218
1,2024,118.45786421016716,115.748031496063,898.0,1271.0,572.0,838.0,1197.0,5862.0,5842.0,1001.0,401.0,250.0,721.0,2327.0,6762.0,6944.0,918.0,3035.0,451.0,0.5895382518316579,0.3837559088955737,0.6710182767624021,99.06069096609352,0.2370384185005594,14.50063118389628,14.572577884286204,2836.0,0.6867816091954023,0.7332851463679074,0.7065302911093627,False,0.3019279738086577,1631218
