index,year,ortg,drtg,AtRimFGM,AtRimFGA,AtRimAssists,Turnovers,FTA,OffPoss,DefPoss,TwoPtAssists,Steals,BadPassSteals,ThreePtAssists,FG3A,OpponentPoints,Points,SecondChancePoints,FG2A,LiveBallTurnovers,TsPct,Fg3Pct,AtRimFG3AFrequency,Pace,AtRimFrequency,SecondsPerPossOff,SecondsPerPossDef,Minutes,DefAtRimReboundPct,DefFGReboundPct,AtRimAccuracy,player_on,OffFGReboundPct,nba_id
0,2024,100.40983606557376,111.83673469387756,22.0,37.0,13.0,32.0,51.0,244.0,245.0,30.0,19.0,13.0,23.0,94.0,274.0,245.0,21.0,125.0,21.0,0.5,0.2872340425531915,0.5981735159817352,92.31253277399055,0.1689497716894977,16.131147540983605,15.06938775510204,127.0,0.6086956521739131,0.6328125,0.5945945945945946,True,0.2519685039370078,1631119
1,2024,116.1659513590844,103.59712230215828,121.0,191.0,64.0,80.0,134.0,699.0,695.0,94.0,59.0,34.0,84.0,246.0,720.0,812.0,82.0,393.0,48.0,0.5779685264663805,0.3821138211382114,0.6838810641627543,94.812015870017,0.298904538341158,15.092989985693848,15.283453237410072,353.0,0.6103896103896104,0.7034883720930233,0.6335078534031413,False,0.2361963190184049,1631119
