index,year,ortg,drtg,AtRimFGM,AtRimFGA,AtRimAssists,Turnovers,FTA,OffPoss,DefPoss,TwoPtAssists,Steals,BadPassSteals,ThreePtAssists,FG3A,OpponentPoints,Points,SecondChancePoints,FG2A,LiveBallTurnovers,TsPct,Fg3Pct,AtRimFG3AFrequency,Pace,AtRimFrequency,SecondsPerPossOff,SecondsPerPossDef,Minutes,DefAtRimReboundPct,DefFGReboundPct,AtRimAccuracy,player_on,OffFGReboundPct,nba_id
0,2024,95.23809523809524,133.33333333333334,3.0,4.0,3.0,5.0,1.0,21.0,21.0,3.0,1.0,1.0,3.0,7.0,28.0,20.0,2.0,11.0,2.0,0.5555555555555556,0.4285714285714285,0.6111111111111112,93.6222910216718,0.2222222222222222,20.0,10.761904761904765,11.0,,0.6666666666666666,0.75,True,0.4,1641710
1,2024,106.23052959501558,100.0,95.0,174.0,46.0,96.0,175.0,642.0,643.0,67.0,55.0,34.0,62.0,226.0,643.0,682.0,101.0,344.0,55.0,0.5255417956656346,0.3053097345132743,0.7017543859649122,94.8242287588398,0.3052631578947368,15.319314641744548,15.052877138413686,325.0,0.6521739130434783,0.7740863787375415,0.5459770114942529,False,0.303951367781155,1641710
