index,year,ortg,drtg,AtRimFGM,AtRimFGA,AtRimAssists,Turnovers,FTA,OffPoss,DefPoss,TwoPtAssists,Steals,BadPassSteals,ThreePtAssists,FG3A,OpponentPoints,Points,SecondChancePoints,FG2A,LiveBallTurnovers,TsPct,Fg3Pct,AtRimFG3AFrequency,Pace,AtRimFrequency,SecondsPerPossOff,SecondsPerPossDef,Minutes,DefAtRimReboundPct,DefFGReboundPct,AtRimAccuracy,player_on,OffFGReboundPct,nba_id
0,2024,116.30103595368678,110.06752608962552,547.0,834.0,332.0,435.0,838.0,3282.0,3258.0,546.0,298.0,187.0,337.0,1072.0,3586.0,3817.0,438.0,1822.0,214.0,0.5824394728777199,0.3675373134328358,0.65860400829302,99.1629023596677,0.2881824464409122,14.629494210847044,14.412829957028851,1583.0,0.6088235294117647,0.7087628865979382,0.6558752997601919,True,0.2542144302090357,1641709
1,2024,120.87912087912088,110.44593769089798,946.0,1360.0,539.0,584.0,1175.0,4914.0,4911.0,840.0,429.0,262.0,493.0,1610.0,5424.0,5940.0,704.0,2797.0,317.0,0.6034658511722731,0.370807453416149,0.673927842069435,99.57139539302833,0.3085999546176537,14.435286935286936,14.488698839340255,2368.0,0.6397058823529411,0.7506690454950936,0.6955882352941176,False,0.2636700648748841,1641709
