index,year,ortg,drtg,AtRimFGM,AtRimFGA,AtRimAssists,Turnovers,FTA,OffPoss,DefPoss,TwoPtAssists,Steals,BadPassSteals,ThreePtAssists,FG3A,OpponentPoints,Points,SecondChancePoints,FG2A,LiveBallTurnovers,TsPct,Fg3Pct,AtRimFG3AFrequency,Pace,AtRimFrequency,SecondsPerPossOff,SecondsPerPossDef,Minutes,DefAtRimReboundPct,DefFGReboundPct,AtRimAccuracy,player_on,OffFGReboundPct,nba_id
0,2024,117.62820512820512,97.09208400646204,107.0,151.0,60.0,96.0,162.0,624.0,619.0,95.0,50.0,32.0,77.0,225.0,601.0,734.0,89.0,303.0,42.0,0.6118530884808013,0.3911111111111111,0.7121212121212122,97.28354801891408,0.2859848484848485,13.724358974358974,15.88852988691438,307.0,0.6440677966101694,0.7813504823151125,0.7086092715231788,True,0.2829457364341085,1641877
1,2024,120.37011838345352,111.00654664484452,1507.0,2229.0,895.0,1021.0,1537.0,7349.0,7332.0,1282.0,532.0,360.0,902.0,2740.0,8139.0,8846.0,1071.0,3923.0,520.0,0.6041409570821336,0.3759124087591241,0.7457601680924508,96.81509060683914,0.3345339936965331,14.785412981358007,14.962220403709765,3639.0,0.6374269005847953,0.7567489114658926,0.6760879318079857,False,0.2858441952106699,1641877
