index,year,ortg,drtg,AtRimFGM,AtRimFGA,AtRimAssists,Turnovers,FTA,OffPoss,DefPoss,TwoPtAssists,Steals,BadPassSteals,ThreePtAssists,FG3A,OpponentPoints,Points,SecondChancePoints,FG2A,LiveBallTurnovers,TsPct,Fg3Pct,AtRimFG3AFrequency,Pace,AtRimFrequency,SecondsPerPossOff,SecondsPerPossDef,Minutes,DefAtRimReboundPct,DefFGReboundPct,AtRimAccuracy,player_on,OffFGReboundPct,nba_id
0,2024,114.22745808790214,111.2372304199773,843.0,1305.0,503.0,594.0,771.0,4414.0,4405.0,780.0,414.0,285.0,461.0,1504.0,4900.0,5042.0,566.0,2534.0,321.0,0.5755774068145438,0.3683510638297872,0.695641406636949,100.49188111290476,0.3231797919762258,14.704349796103308,13.953916004540297,2106.0,0.5953002610966057,0.7353951890034365,0.6459770114942529,True,0.25365141187926,1641705
1,2024,119.4083142055598,109.79790227679712,770.0,1141.0,428.0,504.0,908.0,3921.0,3909.0,640.0,319.0,201.0,415.0,1287.0,4292.0,4682.0,601.0,2245.0,263.0,0.5946805803003309,0.3776223776223776,0.6874292185730464,101.04312291644264,0.3230464326160815,14.145881152767153,14.357124584292658,1860.0,0.6404199475065617,0.7445216461785141,0.6748466257668712,False,0.2902117916428162,1641705
