index,year,ortg,drtg,AtRimFGM,AtRimFGA,AtRimAssists,Turnovers,FTA,OffPoss,DefPoss,TwoPtAssists,Steals,BadPassSteals,ThreePtAssists,FG3A,OpponentPoints,Points,SecondChancePoints,FG2A,LiveBallTurnovers,TsPct,Fg3Pct,AtRimFG3AFrequency,Pace,AtRimFrequency,SecondsPerPossOff,SecondsPerPossDef,Minutes,DefAtRimReboundPct,DefFGReboundPct,AtRimAccuracy,player_on,OffFGReboundPct,nba_id
0,2024,102.70270270270272,101.92307692307692,12.0,17.0,8.0,17.0,13.0,111.0,104.0,13.0,7.0,5.0,19.0,55.0,106.0,114.0,2.0,30.0,8.0,0.6263736263736264,0.4,0.8470588235294118,107.57470465601112,0.2,13.504504504504505,13.259615384615383,48.0,0.8,0.717391304347826,0.7058823529411765,True,0.1162790697674418,1641816
1,2024,119.2514739810305,113.64043506078056,1511.0,2318.0,958.0,1019.0,1615.0,7802.0,7815.0,1574.0,578.0,414.0,809.0,2505.0,8881.0,9304.0,1118.0,4689.0,570.0,0.5878918644498032,0.3736526946107784,0.6704197942730052,96.27659665556422,0.3222129552404781,15.162650602409638,14.75150351887396,3893.0,0.6372670807453417,0.726372155287818,0.6518550474547024,False,0.2937837070678399,1641816
