index,year,ortg,drtg,AtRimFGM,AtRimFGA,AtRimAssists,Turnovers,FTA,OffPoss,DefPoss,TwoPtAssists,Steals,BadPassSteals,ThreePtAssists,FG3A,OpponentPoints,Points,SecondChancePoints,FG2A,LiveBallTurnovers,TsPct,Fg3Pct,AtRimFG3AFrequency,Pace,AtRimFrequency,SecondsPerPossOff,SecondsPerPossDef,Minutes,DefAtRimReboundPct,DefFGReboundPct,AtRimAccuracy,player_on,OffFGReboundPct,nba_id
0,2024,116.22670807453416,106.5166795965865,208.0,308.0,120.0,198.0,331.0,1288.0,1289.0,206.0,130.0,82.0,130.0,434.0,1373.0,1497.0,172.0,657.0,100.0,0.6042173560421735,0.3663594470046083,0.6801099908340972,97.67787107472824,0.2823098075160403,14.550465838509316,14.934057408844064,633.0,0.6363636363636364,0.6651785714285714,0.6753246753246753,True,0.2799263351749539,1641712
1,2024,118.21015138023152,109.03560830860536,1360.0,1915.0,812.0,975.0,1607.0,6738.0,6740.0,1206.0,599.0,357.0,683.0,2296.0,7349.0,7965.0,994.0,3717.0,527.0,0.592741935483871,0.3475609756097561,0.7003159820389157,96.76629987685035,0.3184766339597538,14.725289403383794,15.037091988130564,3343.0,0.6105834464043419,0.6949910554561717,0.7101827676240209,False,0.2968067226890756,1641712
