index,year,ortg,drtg,AtRimFGM,AtRimFGA,AtRimAssists,Turnovers,FTA,OffPoss,DefPoss,TwoPtAssists,Steals,BadPassSteals,ThreePtAssists,FG3A,OpponentPoints,Points,SecondChancePoints,FG2A,LiveBallTurnovers,TsPct,Fg3Pct,AtRimFG3AFrequency,Pace,AtRimFrequency,SecondsPerPossOff,SecondsPerPossDef,Minutes,DefAtRimReboundPct,DefFGReboundPct,AtRimAccuracy,player_on,OffFGReboundPct,nba_id
0,2024,135.0,120.0,2.0,3.0,1.0,1.0,8.0,20.0,20.0,1.0,,,3.0,8.0,24.0,27.0,1.0,8.0,1.0,0.675,0.375,0.6875,99.3103448275862,0.1875,11.7,17.3,10.0,0.5,0.5555555555555556,0.6666666666666666,True,0.2857142857142857,1641738
1,2024,108.69565217391305,117.71428571428572,68.0,135.0,37.0,80.0,122.0,529.0,525.0,71.0,37.0,24.0,46.0,182.0,618.0,575.0,71.0,295.0,42.0,0.5405660377358491,0.3736263736263736,0.6645702306079665,90.88383233532934,0.2830188679245283,16.26843100189036,15.417142857142856,278.0,0.5806451612903226,0.7004048582995951,0.5037037037037037,False,0.2992424242424242,1641738
