index,year,ortg,drtg,AtRimFGM,AtRimFGA,AtRimAssists,Turnovers,FTA,OffPoss,DefPoss,TwoPtAssists,Steals,BadPassSteals,ThreePtAssists,FG3A,OpponentPoints,Points,SecondChancePoints,FG2A,LiveBallTurnovers,TsPct,Fg3Pct,AtRimFG3AFrequency,Pace,AtRimFrequency,SecondsPerPossOff,SecondsPerPossDef,Minutes,DefAtRimReboundPct,DefFGReboundPct,AtRimAccuracy,player_on,OffFGReboundPct,nba_id
0,2024,112.14689265536722,120.07874015748033,270.0,397.0,146.0,298.0,343.0,1770.0,1778.0,257.0,117.0,76.0,203.0,642.0,2135.0,1985.0,292.0,943.0,156.0,0.5702718334297282,0.3566978193146417,0.6555205047318612,99.43017281644092,0.2504731861198738,15.043502824858756,13.924071991001124,856.0,0.6470588235294118,0.7299630086313194,0.6801007556675063,True,0.3073229291716686,1641707
1,2024,116.715953307393,120.58503189668586,1096.0,1583.0,651.0,987.0,1510.0,6425.0,6427.0,1040.0,420.0,274.0,732.0,2351.0,7750.0,7499.0,1067.0,3435.0,548.0,0.5806752761786215,0.3534666099532114,0.6799170411337712,99.35192939509116,0.273591427583823,14.89929961089494,14.088688346040144,3105.0,0.6031434184675835,0.7188552188552189,0.6923562855337966,False,0.3182121414276184,1641707
