index,year,ortg,drtg,AtRimFGM,AtRimFGA,AtRimAssists,Turnovers,FTA,OffPoss,DefPoss,TwoPtAssists,Steals,BadPassSteals,ThreePtAssists,FG3A,OpponentPoints,Points,SecondChancePoints,FG2A,LiveBallTurnovers,TsPct,Fg3Pct,AtRimFG3AFrequency,Pace,AtRimFrequency,SecondsPerPossOff,SecondsPerPossDef,Minutes,DefAtRimReboundPct,DefFGReboundPct,AtRimAccuracy,player_on,OffFGReboundPct,nba_id
0,2024,137.5,116.0,11.0,15.0,7.0,5.0,5.0,48.0,50.0,9.0,5.0,4.0,10.0,19.0,58.0,66.0,12.0,28.0,1.0,0.673469387755102,0.5263157894736842,0.723404255319149,103.6884643644379,0.3191489361702128,14.6875,13.12,23.0,0.3333333333333333,0.7391304347826086,0.7333333333333333,True,0.3333333333333333,1641809
1,2024,123.1782265144864,111.89488243430152,1374.0,1951.0,752.0,974.0,1649.0,7973.0,7953.0,1122.0,552.0,344.0,1066.0,3463.0,8899.0,9821.0,1180.0,3886.0,509.0,0.6071871896722939,0.3872365001443835,0.7366988705946387,96.92957282152504,0.2654782963668526,14.826664994355951,14.885703508110147,3943.0,0.624103299856528,0.7318714178918515,0.7042542286007176,False,0.2772357723577235,1641809
