index,year,ortg,drtg,AtRimFGM,AtRimFGA,AtRimAssists,Turnovers,FTA,OffPoss,DefPoss,TwoPtAssists,Steals,BadPassSteals,ThreePtAssists,FG3A,OpponentPoints,Points,SecondChancePoints,FG2A,LiveBallTurnovers,TsPct,Fg3Pct,AtRimFG3AFrequency,Pace,AtRimFrequency,SecondsPerPossOff,SecondsPerPossDef,Minutes,DefAtRimReboundPct,DefFGReboundPct,AtRimAccuracy,player_on,OffFGReboundPct,nba_id
0,2024,111.9672131147541,115.4485049833887,116.0,165.0,77.0,99.0,137.0,610.0,602.0,104.0,42.0,27.0,65.0,210.0,695.0,683.0,76.0,300.0,51.0,0.5973684210526315,0.3571428571428571,0.7352941176470589,100.77838087538976,0.3235294117647059,14.762295081967212,13.808970099667777,289.0,0.6029411764705882,0.6836363636363636,0.703030303030303,True,0.2596899224806202,1641741
1,2024,114.48667658595969,117.42005127513156,1412.0,2120.0,834.0,1102.0,1789.0,7393.0,7411.0,1194.0,464.0,285.0,780.0,2555.0,8702.0,8464.0,1045.0,4033.0,643.0,0.573119303496123,0.3538160469667319,0.7096235579842137,96.88041373919523,0.3217972070431086,14.601920735831191,15.124814464984482,3667.0,0.5947368421052631,0.7182149873701936,0.6660377358490566,False,0.2954214056576261,1641741
