index,year,ortg,drtg,AtRimFGM,AtRimFGA,AtRimAssists,Turnovers,FTA,OffPoss,DefPoss,TwoPtAssists,Steals,BadPassSteals,ThreePtAssists,FG3A,OpponentPoints,Points,SecondChancePoints,FG2A,LiveBallTurnovers,TsPct,Fg3Pct,AtRimFG3AFrequency,Pace,AtRimFrequency,SecondsPerPossOff,SecondsPerPossDef,Minutes,DefAtRimReboundPct,DefFGReboundPct,AtRimAccuracy,player_on,OffFGReboundPct,nba_id
0,2024,103.5897435897436,119.89528795811518,33.0,49.0,17.0,30.0,28.0,195.0,191.0,25.0,14.0,8.0,20.0,64.0,229.0,202.0,12.0,91.0,17.0,0.6011904761904762,0.375,0.7290322580645161,102.3646408839779,0.3161290322580645,14.312820512820512,13.81675392670157,90.0,0.8181818181818182,0.8108108108108109,0.673469387755102,True,0.2266666666666666,1641753
1,2024,118.949203187251,116.1242050130939,1437.0,2022.0,748.0,1029.0,1932.0,8032.0,8019.0,1173.0,544.0,321.0,958.0,3058.0,9312.0,9554.0,1062.0,4045.0,563.0,0.6000883503723337,0.3724656638325703,0.7151907644657187,99.5282263273479,0.284668449950725,14.387201195219124,14.549445067963587,3870.0,0.5919881305637982,0.7385978629137346,0.7106824925816023,False,0.2427891346961635,1641753
