index,year,ortg,drtg,AtRimFGM,AtRimFGA,AtRimAssists,Turnovers,FTA,OffPoss,DefPoss,TwoPtAssists,Steals,BadPassSteals,ThreePtAssists,FG3A,OpponentPoints,Points,SecondChancePoints,FG2A,LiveBallTurnovers,TsPct,Fg3Pct,AtRimFG3AFrequency,Pace,AtRimFrequency,SecondsPerPossOff,SecondsPerPossDef,Minutes,DefAtRimReboundPct,DefFGReboundPct,AtRimAccuracy,player_on,OffFGReboundPct,nba_id
0,2024,83.33333333333333,79.16666666666667,5.0,10.0,3.0,3.0,8.0,24.0,24.0,3.0,4.0,3.0,,7.0,19.0,20.0,4.0,15.0,2.0,0.3846153846153846,,0.7727272727272727,99.8843930635838,0.4545454545454545,13.083333333333334,15.75,12.0,1.0,0.8571428571428571,0.5,True,0.3333333333333333,1641722
1,2024,94.9438202247191,112.60504201680672,47.0,86.0,21.0,69.0,56.0,356.0,357.0,42.0,31.0,15.0,33.0,124.0,402.0,338.0,59.0,192.0,30.0,0.4956011730205278,0.282258064516129,0.6645569620253164,94.82083487255264,0.2721518987341772,15.47752808988764,14.896358543417367,180.0,0.7297297297297297,0.7950310559006211,0.5465116279069767,False,0.2826086956521739,1641722
