index,year,ortg,drtg,AtRimFGM,AtRimFGA,AtRimAssists,Turnovers,FTA,OffPoss,DefPoss,TwoPtAssists,Steals,BadPassSteals,ThreePtAssists,FG3A,OpponentPoints,Points,SecondChancePoints,FG2A,LiveBallTurnovers,TsPct,Fg3Pct,AtRimFG3AFrequency,Pace,AtRimFrequency,SecondsPerPossOff,SecondsPerPossDef,Minutes,DefAtRimReboundPct,DefFGReboundPct,AtRimAccuracy,player_on,OffFGReboundPct,nba_id
0,2024,122.72196261682242,117.45664739884393,359.0,531.0,204.0,194.0,304.0,1712.0,1730.0,336.0,151.0,100.0,186.0,590.0,2032.0,2101.0,292.0,1041.0,109.0,0.5967007963594995,0.3576271186440678,0.6873083997547517,101.46117786739268,0.325567136725935,14.169392523364486,14.215606936416185,814.0,0.6265060240963856,0.6932599724896836,0.6760828625235404,True,0.3053435114503817,1641767
1,2024,121.34848484848484,119.12950844620302,1312.0,1904.0,828.0,865.0,1381.0,6600.0,6571.0,1261.0,480.0,323.0,739.0,2301.0,7828.0,8009.0,935.0,3667.0,434.0,0.609946442234124,0.3785310734463277,0.7045911528150134,101.09451039129252,0.3190348525469169,13.738030303030303,14.752396895449705,3127.0,0.6176470588235294,0.7050707140393239,0.6890756302521008,False,0.2690972222222222,1641767
