index,year,ortg,drtg,AtRimFGM,AtRimFGA,AtRimAssists,Turnovers,FTA,OffPoss,DefPoss,TwoPtAssists,Steals,BadPassSteals,ThreePtAssists,FG3A,OpponentPoints,Points,SecondChancePoints,FG2A,LiveBallTurnovers,TsPct,Fg3Pct,AtRimFG3AFrequency,Pace,AtRimFrequency,SecondsPerPossOff,SecondsPerPossDef,Minutes,DefAtRimReboundPct,DefFGReboundPct,AtRimAccuracy,player_on,OffFGReboundPct,nba_id
0,2024,100.24813895781638,107.07317073170732,58.0,95.0,36.0,65.0,82.0,403.0,410.0,65.0,28.0,16.0,29.0,150.0,439.0,404.0,53.0,207.0,33.0,0.5127551020408163,0.2666666666666666,0.6862745098039216,99.5425559051101,0.2661064425770308,14.937965260545903,14.002439024390243,196.0,0.6,0.75,0.6105263157894737,True,0.2613065326633166,1641723
1,2024,118.43376557335368,120.38192234245705,1324.0,2117.0,792.0,1046.0,1829.0,7866.0,7855.0,1225.0,587.0,394.0,863.0,2945.0,9456.0,9316.0,1251.0,4291.0,606.0,0.5795880149812734,0.3691001697792869,0.6995577667219458,99.80971192254448,0.2925649530127142,14.35113145181795,14.503882877148314,3780.0,0.6206434316353887,0.7242572829535622,0.6254133207368918,False,0.3073455316892071,1641723
