index,year,ortg,drtg,AtRimFGM,AtRimFGA,AtRimAssists,Turnovers,FTA,OffPoss,DefPoss,TwoPtAssists,Steals,BadPassSteals,ThreePtAssists,FG3A,OpponentPoints,Points,SecondChancePoints,FG2A,LiveBallTurnovers,TsPct,Fg3Pct,AtRimFG3AFrequency,Pace,AtRimFrequency,SecondsPerPossOff,SecondsPerPossDef,Minutes,DefAtRimReboundPct,DefFGReboundPct,AtRimAccuracy,player_on,OffFGReboundPct,nba_id
0,2024,153.7037037037037,112.96296296296296,12.0,14.0,11.0,5.0,10.0,54.0,54.0,12.0,3.0,2.0,12.0,27.0,61.0,83.0,14.0,22.0,4.0,0.7735849056603774,0.5185185185185185,0.8367346938775511,108.07505211952744,0.2857142857142857,11.944444444444445,14.703703703703704,24.0,0.625,0.6666666666666666,0.8571428571428571,True,0.3333333333333333,1641727
1,2024,116.2414751199798,113.75601113642117,1421.0,2164.0,804.0,1030.0,1726.0,7918.0,7902.0,1207.0,560.0,355.0,857.0,2838.0,8989.0,9204.0,1138.0,4368.0,552.0,0.5750471401634192,0.3706835799859055,0.6941437690813211,96.43850462067302,0.3003053011379406,14.774059105834809,15.089850670716274,3937.0,0.6424657534246575,0.7171376717656209,0.6566543438077634,False,0.2735065630859898,1641727
