index,year,ortg,drtg,AtRimFGM,AtRimFGA,AtRimAssists,Turnovers,FTA,OffPoss,DefPoss,TwoPtAssists,Steals,BadPassSteals,ThreePtAssists,FG3A,OpponentPoints,Points,SecondChancePoints,FG2A,LiveBallTurnovers,TsPct,Fg3Pct,AtRimFG3AFrequency,Pace,AtRimFrequency,SecondsPerPossOff,SecondsPerPossDef,Minutes,DefAtRimReboundPct,DefFGReboundPct,AtRimAccuracy,player_on,OffFGReboundPct,nba_id
0,2024,101.20845921450152,112.23241590214069,68.0,97.0,33.0,43.0,84.0,331.0,327.0,55.0,35.0,19.0,16.0,101.0,367.0,335.0,50.0,204.0,27.0,0.4911764705882352,0.2079207920792079,0.6491803278688525,102.94654498044328,0.3180327868852459,14.6404833836858,13.327217125382264,153.0,0.6153846153846154,0.7777777777777778,0.7010309278350515,True,0.3011363636363636,1641774
1,2024,121.06243018493235,111.1386752666832,1649.0,2310.0,987.0,1109.0,1882.0,8057.0,8062.0,1473.0,620.0,372.0,838.0,2681.0,8960.0,9754.0,1295.0,4632.0,596.0,0.5995927434283599,0.3677732189481537,0.6824832490086148,102.00284765068818,0.3158758375495692,14.335112324686609,13.899528652939717,3793.0,0.6428571428571429,0.7643937383921464,0.7138528138528139,False,0.3144689155282966,1641774
