index,year,ortg,drtg,AtRimFGM,AtRimFGA,AtRimAssists,Turnovers,FTA,OffPoss,DefPoss,TwoPtAssists,Steals,BadPassSteals,ThreePtAssists,FG3A,OpponentPoints,Points,SecondChancePoints,FG2A,LiveBallTurnovers,TsPct,Fg3Pct,AtRimFG3AFrequency,Pace,AtRimFrequency,SecondsPerPossOff,SecondsPerPossDef,Minutes,DefAtRimReboundPct,DefFGReboundPct,AtRimAccuracy,player_on,OffFGReboundPct,nba_id
0,2024,110.4351499788762,111.06918238993713,461.0,704.0,275.0,407.0,594.0,2367.0,2385.0,360.0,194.0,117.0,226.0,712.0,2649.0,2614.0,357.0,1315.0,222.0,0.5697980684811238,0.3609550561797753,0.6985693142575234,97.9737701162591,0.3473112974839664,15.273764258555133,14.126205450733751,1164.0,0.6577777777777778,0.7467043314500942,0.6548295454545454,True,0.2947976878612717,1641710
1,2024,115.62892517495064,112.2437971952535,1137.0,1668.0,645.0,799.0,1408.0,5573.0,5562.0,869.0,475.0,294.0,568.0,1856.0,6243.0,6444.0,828.0,3081.0,444.0,0.5783783783783784,0.3480603448275862,0.7137938019039903,95.71861792306406,0.3378569981770306,15.338596806029068,14.7490111470694,2792.0,0.6236559139784946,0.7454323995127893,0.6816546762589928,False,0.2877039395145245,1641710
