index,year,ortg,drtg,AtRimFGM,AtRimFGA,AtRimAssists,Turnovers,FTA,OffPoss,DefPoss,TwoPtAssists,Steals,BadPassSteals,ThreePtAssists,FG3A,OpponentPoints,Points,SecondChancePoints,FG2A,LiveBallTurnovers,TsPct,Fg3Pct,AtRimFG3AFrequency,Pace,AtRimFrequency,SecondsPerPossOff,SecondsPerPossDef,Minutes,DefAtRimReboundPct,DefFGReboundPct,AtRimAccuracy,player_on,OffFGReboundPct,nba_id
0,2024,58.8235294117647,88.88888888888889,2.0,3.0,1.0,2.0,2.0,17.0,18.0,1.0,,,1.0,6.0,16.0,10.0,3.0,8.0,,0.3333333333333333,0.1666666666666666,0.6428571428571429,94.20560747663552,0.2142857142857142,14.588235294117649,15.944444444444445,9.0,1.0,0.7272727272727273,0.6666666666666666,True,0.1,1641765
1,2024,115.4726368159204,111.78217821782178,328.0,482.0,214.0,274.0,497.0,2010.0,2020.0,284.0,138.0,76.0,179.0,722.0,2258.0,2321.0,290.0,1091.0,150.0,0.5707593688362919,0.3614958448753462,0.6640926640926641,92.37087146836453,0.265857694429123,15.21641791044776,15.96039603960396,1047.0,0.6174863387978142,0.7362637362637363,0.6804979253112033,False,0.2957446808510638,1641765
