index,year,ortg,drtg,AtRimFGM,AtRimFGA,AtRimAssists,Turnovers,FTA,OffPoss,DefPoss,TwoPtAssists,Steals,BadPassSteals,ThreePtAssists,FG3A,OpponentPoints,Points,SecondChancePoints,FG2A,LiveBallTurnovers,TsPct,Fg3Pct,AtRimFG3AFrequency,Pace,AtRimFrequency,SecondsPerPossOff,SecondsPerPossDef,Minutes,DefAtRimReboundPct,DefFGReboundPct,AtRimAccuracy,player_on,OffFGReboundPct,nba_id
0,2024,104.60358056265984,107.17948717948718,60.0,80.0,32.0,58.0,108.0,391.0,390.0,50.0,24.0,17.0,39.0,136.0,418.0,409.0,43.0,186.0,32.0,0.5498652291105122,0.3382352941176471,0.6708074534161491,97.76077885952712,0.2484472049689441,14.81074168797954,14.648717948717948,192.0,0.5384615384615384,0.6553398058252428,0.75,True,0.2616279069767442,1641732
1,2024,116.35658914728684,117.66220391349124,1187.0,1790.0,698.0,1081.0,1784.0,7740.0,7768.0,1247.0,582.0,342.0,872.0,2639.0,9140.0,9006.0,849.0,4153.0,593.0,0.5941308956014838,0.3895414929897688,0.6520906949352179,98.48259803489212,0.2635453474676089,15.074160206718346,14.171215242018537,3779.0,0.647912885662432,0.7253540683143571,0.6631284916201118,False,0.2476107732406603,1641732
