index,year,ortg,drtg,AtRimFGM,AtRimFGA,AtRimAssists,Turnovers,FTA,OffPoss,DefPoss,TwoPtAssists,Steals,BadPassSteals,ThreePtAssists,FG3A,OpponentPoints,Points,SecondChancePoints,FG2A,LiveBallTurnovers,TsPct,Fg3Pct,AtRimFG3AFrequency,Pace,AtRimFrequency,SecondsPerPossOff,SecondsPerPossDef,Minutes,DefAtRimReboundPct,DefFGReboundPct,AtRimAccuracy,player_on,OffFGReboundPct,nba_id
0,2024,117.30279898218828,116.04010025062657,416.0,612.0,246.0,334.0,521.0,2358.0,2394.0,378.0,155.0,87.0,290.0,939.0,2778.0,2766.0,345.0,1203.0,189.0,0.5836155800169348,0.3546325878594249,0.7240896358543417,98.27064753780536,0.2857142857142857,14.75699745547074,14.551378446115288,1161.0,0.6363636363636364,0.7084805653710248,0.6797385620915033,True,0.3007246376811594,1641722
1,2024,111.38972276178704,118.32237426692733,969.0,1423.0,597.0,834.0,1178.0,5663.0,5627.0,879.0,381.0,229.0,649.0,2237.0,6658.0,6308.0,714.0,2776.0,495.0,0.5689061934081855,0.3468931604827894,0.7301017354877319,97.45185131903108,0.2838619589068422,14.984637118135264,14.567087257863871,2780.0,0.6397748592870544,0.7309398951189996,0.6809557273366128,False,0.2519833774083868,1641722
