index,year,ortg,drtg,AtRimFGM,AtRimFGA,AtRimAssists,Turnovers,FTA,OffPoss,DefPoss,TwoPtAssists,Steals,BadPassSteals,ThreePtAssists,FG3A,OpponentPoints,Points,SecondChancePoints,FG2A,LiveBallTurnovers,TsPct,Fg3Pct,AtRimFG3AFrequency,Pace,AtRimFrequency,SecondsPerPossOff,SecondsPerPossDef,Minutes,DefAtRimReboundPct,DefFGReboundPct,AtRimAccuracy,player_on,OffFGReboundPct,nba_id
0,2024,106.03174603174604,114.0867489056904,406.0,666.0,234.0,415.0,576.0,2520.0,2513.0,344.0,230.0,143.0,275.0,925.0,2867.0,2672.0,364.0,1287.0,223.0,0.5395216862586137,0.347027027027027,0.719258589511754,97.95137246421862,0.3010849909584087,15.163015873015874,14.238042180660564,1233.0,0.5867158671586716,0.6962899050905953,0.6096096096096096,True,0.277504105090312,1641713
1,2024,108.72714104653268,115.2762730227519,851.0,1409.0,466.0,821.0,1146.0,5523.0,5538.0,746.0,443.0,286.0,660.0,2172.0,6384.0,6005.0,742.0,2846.0,445.0,0.5424759484479942,0.3453038674033149,0.7136309286568354,97.49609779089056,0.280789159027501,15.003965236284628,14.53631274828458,2723.0,0.6506238859180036,0.7219101123595506,0.6039744499645139,False,0.275812274368231,1641713
