index,year,ortg,drtg,AtRimFGM,AtRimFGA,AtRimAssists,Turnovers,FTA,OffPoss,DefPoss,TwoPtAssists,Steals,BadPassSteals,ThreePtAssists,FG3A,OpponentPoints,Points,SecondChancePoints,FG2A,LiveBallTurnovers,TsPct,Fg3Pct,AtRimFG3AFrequency,Pace,AtRimFrequency,SecondsPerPossOff,SecondsPerPossDef,Minutes,DefAtRimReboundPct,DefFGReboundPct,AtRimAccuracy,player_on,OffFGReboundPct,nba_id
0,2024,110.46173044925123,121.3466750052116,869.0,1300.0,484.0,691.0,891.0,4808.0,4797.0,741.0,342.0,236.0,505.0,1656.0,5821.0,5311.0,601.0,2656.0,340.0,0.565157017731254,0.3544685990338164,0.6855287569573284,96.734531161483,0.3014842300556586,14.967346089850247,14.80466958515739,2383.0,0.5903361344537815,0.7179607109448082,0.6684615384615384,True,0.2411660777385159,1641706
1,2024,109.09958638243717,118.35642317380352,539.0,853.0,302.0,438.0,621.0,3143.0,3176.0,462.0,220.0,136.0,325.0,1132.0,3759.0,3429.0,398.0,1689.0,242.0,0.5521204273227581,0.3551236749116608,0.7036511875221553,97.02982544066369,0.3023750443105282,15.136811963092589,14.547858942065492,1563.0,0.5830388692579506,0.7089499647639183,0.6318874560375146,False,0.2412868632707774,1641706
