index,year,ortg,drtg,AtRimFGM,AtRimFGA,AtRimAssists,Turnovers,FTA,OffPoss,DefPoss,TwoPtAssists,Steals,BadPassSteals,ThreePtAssists,FG3A,OpponentPoints,Points,SecondChancePoints,FG2A,LiveBallTurnovers,TsPct,Fg3Pct,AtRimFG3AFrequency,Pace,AtRimFrequency,SecondsPerPossOff,SecondsPerPossDef,Minutes,DefAtRimReboundPct,DefFGReboundPct,AtRimAccuracy,player_on,OffFGReboundPct,nba_id
0,2024,105.97014925373136,112.21374045801528,21.0,36.0,16.0,19.0,15.0,134.0,131.0,24.0,12.0,10.0,16.0,52.0,147.0,142.0,26.0,73.0,11.0,0.5419847328244275,0.3846153846153846,0.704,98.40123775141824,0.288,15.14179104477612,14.114503816793894,65.0,0.25,0.7241379310344828,0.5833333333333334,True,0.3088235294117647,1641735
1,2024,120.39800995024876,109.8849104859335,1593.0,2344.0,939.0,1098.0,1684.0,7839.0,7820.0,1353.0,570.0,382.0,963.0,2913.0,8593.0,9438.0,1134.0,4153.0,551.0,0.6057853369411158,0.3769309989701339,0.7439852816303425,96.82568854613064,0.331729408434758,14.69485903814262,15.049744245524296,3881.0,0.6421768707482993,0.7593293672255274,0.6796075085324232,False,0.2851820005732302,1641735
