index,year,ortg,drtg,AtRimFGM,AtRimFGA,AtRimAssists,Turnovers,FTA,OffPoss,DefPoss,TwoPtAssists,Steals,BadPassSteals,ThreePtAssists,FG3A,OpponentPoints,Points,SecondChancePoints,FG2A,LiveBallTurnovers,TsPct,Fg3Pct,AtRimFG3AFrequency,Pace,AtRimFrequency,SecondsPerPossOff,SecondsPerPossDef,Minutes,DefAtRimReboundPct,DefFGReboundPct,AtRimAccuracy,player_on,OffFGReboundPct,nba_id
0,2024,109.6774193548387,109.6774193548387,6.0,11.0,4.0,3.0,4.0,31.0,31.0,7.0,2.0,1.0,4.0,13.0,34.0,34.0,6.0,15.0,1.0,0.5666666666666667,0.3076923076923077,0.8571428571428571,106.15933412604042,0.3928571428571428,14.32258064516129,12.806451612903226,14.0,,0.8571428571428571,0.5454545454545454,True,0.1333333333333333,1641745
1,2024,112.2560975609756,119.5832317816232,1323.0,2128.0,766.0,1284.0,1874.0,8200.0,8206.0,1227.0,580.0,322.0,969.0,3039.0,9813.0,9205.0,1254.0,4255.0,693.0,0.5657051282051282,0.3609740046067785,0.7083904579106115,99.75821196778976,0.291746641074856,14.893048780487804,13.977089934194492,3947.0,0.660458452722063,0.7568999163646501,0.6217105263157895,False,0.2932233960319505,1641745
