index,year,ortg,drtg,AtRimFGM,AtRimFGA,AtRimAssists,Turnovers,FTA,OffPoss,DefPoss,TwoPtAssists,Steals,BadPassSteals,ThreePtAssists,FG3A,OpponentPoints,Points,SecondChancePoints,FG2A,LiveBallTurnovers,TsPct,Fg3Pct,AtRimFG3AFrequency,Pace,AtRimFrequency,SecondsPerPossOff,SecondsPerPossDef,Minutes,DefAtRimReboundPct,DefFGReboundPct,AtRimAccuracy,player_on,OffFGReboundPct,nba_id
0,2024,113.33333333333331,80.64516129032258,7.0,11.0,3.0,10.0,22.0,60.0,62.0,7.0,11.0,8.0,4.0,19.0,50.0,68.0,10.0,25.0,6.0,0.6296296296296297,0.4736842105263157,0.6818181818181818,95.16793066088842,0.25,15.4,14.870967741935484,31.0,1.0,0.7222222222222222,0.6363636363636364,True,0.3181818181818182,1641716
1,2024,120.36434612882238,123.42931937172774,256.0,401.0,134.0,184.0,368.0,1537.0,1528.0,229.0,100.0,58.0,155.0,563.0,1886.0,1850.0,241.0,875.0,87.0,0.578782172002511,0.3587921847246891,0.6703755215577191,92.50115270151318,0.2788595271210013,16.563435263500324,14.565445026178011,795.0,0.6222222222222222,0.7053824362606232,0.6384039900249376,False,0.3103913630229419,1641716
