index,year,ortg,drtg,AtRimFGM,AtRimFGA,AtRimAssists,Turnovers,FTA,OffPoss,DefPoss,TwoPtAssists,Steals,BadPassSteals,ThreePtAssists,FG3A,OpponentPoints,Points,SecondChancePoints,FG2A,LiveBallTurnovers,TsPct,Fg3Pct,AtRimFG3AFrequency,Pace,AtRimFrequency,SecondsPerPossOff,SecondsPerPossDef,Minutes,DefAtRimReboundPct,DefFGReboundPct,AtRimAccuracy,player_on,OffFGReboundPct,nba_id
0,2024,108.15789473684212,117.55458515283844,186.0,316.0,106.0,203.0,214.0,1140.0,1145.0,167.0,101.0,69.0,120.0,382.0,1346.0,1233.0,196.0,668.0,118.0,0.5361813426329556,0.369109947643979,0.6647619047619048,95.78760443655209,0.3009523809523809,16.092894736842105,13.97825327510917,573.0,0.6046511627906976,0.7388663967611336,0.5886075949367089,True,0.3350785340314136,1641998
1,2024,107.83717224395193,114.46568201563858,1071.0,1759.0,594.0,1033.0,1508.0,6903.0,6906.0,923.0,572.0,360.0,815.0,2715.0,7905.0,7444.0,910.0,3465.0,550.0,0.5424659540196222,0.3425414364640884,0.7239482200647249,97.95112531956713,0.2846278317152103,14.882196146602928,14.5203011873733,3383.0,0.6327077747989276,0.7098511244852709,0.6088686753837408,False,0.2664714494875549,1641998
2,2024,75.0,,,,,1.0,,4.0,4.0,,,,1.0,2.0,,3.0,,,1.0,0.75,0.5,1.0,129.438202247191,,9.5,12.75,1.0,,1.0,,True,,1641998
3,2024,111.19856887298748,120.33635496183206,1623.0,2325.0,992.0,1146.0,1657.0,8385.0,8384.0,1432.0,623.0,393.0,855.0,2913.0,10089.0,9324.0,939.0,4578.0,654.0,0.568048422597212,0.3480947476828012,0.6992390869042852,102.02923045071005,0.3103724469363236,13.879308288610614,14.347924618320612,3945.0,0.5856515373352855,0.6859877692103165,0.6980645161290323,False,0.2352036894696387,1641998
