index,year,ortg,drtg,AtRimFGM,AtRimFGA,AtRimAssists,Turnovers,FTA,OffPoss,DefPoss,TwoPtAssists,Steals,BadPassSteals,ThreePtAssists,FG3A,OpponentPoints,Points,SecondChancePoints,FG2A,LiveBallTurnovers,TsPct,Fg3Pct,AtRimFG3AFrequency,Pace,AtRimFrequency,SecondsPerPossOff,SecondsPerPossDef,Minutes,DefAtRimReboundPct,DefFGReboundPct,AtRimAccuracy,player_on,OffFGReboundPct,nba_id
0,2023,115.60283687943264,108.86524822695036,44.0,62.0,27.0,38.0,78.0,282.0,282.0,44.0,28.0,15.0,32.0,111.0,307.0,326.0,50.0,135.0,20.0,0.5765124555160143,0.3603603603603603,0.7032520325203252,106.83504340962904,0.2520325203252032,13.0,13.95744680851064,127.0,0.5,0.7131782945736435,0.7096774193548387,True,0.2769230769230769,1641645
1,2023,114.98266786493774,116.41236055904604,1364.0,1890.0,771.0,1122.0,1760.0,7789.0,7799.0,1242.0,534.0,328.0,766.0,2492.0,9079.0,8956.0,1050.0,4392.0,562.0,0.5852891044971811,0.35553772070626,0.636548518303312,97.76233095969164,0.2745496804183614,15.109385030170754,14.35030132068214,3827.0,0.6344262295081967,0.7308005427408413,0.7216931216931217,False,0.2644508670520231,1641645
