index,year,ortg,drtg,AtRimFGM,AtRimFGA,AtRimAssists,Turnovers,FTA,OffPoss,DefPoss,TwoPtAssists,Steals,BadPassSteals,ThreePtAssists,FG3A,OpponentPoints,Points,SecondChancePoints,FG2A,LiveBallTurnovers,TsPct,Fg3Pct,AtRimFG3AFrequency,Pace,AtRimFrequency,SecondsPerPossOff,SecondsPerPossDef,Minutes,DefAtRimReboundPct,DefFGReboundPct,AtRimAccuracy,player_on,OffFGReboundPct,nba_id
0,2024,113.85281385281384,89.69957081545064,43.0,57.0,26.0,23.0,61.0,231.0,233.0,33.0,17.0,10.0,26.0,90.0,209.0,263.0,34.0,111.0,11.0,0.5695652173913044,0.3666666666666666,0.7313432835820896,102.1963903334353,0.2835820895522388,13.463203463203463,14.71244635193133,109.0,0.4761904761904761,0.7570093457943925,0.7543859649122807,True,0.2358490566037736,1641720
1,2024,115.97127646403368,117.37729300941992,1378.0,2027.0,787.0,1077.0,1415.0,8077.0,8068.0,1298.0,656.0,431.0,959.0,3019.0,9470.0,9367.0,1194.0,4467.0,594.0,0.5780009920634921,0.3766147731036767,0.6740582420518301,100.33056852607866,0.2707721079348116,14.456444224340718,14.248549826474964,3862.0,0.6258169934640523,0.7676945668135096,0.6798223976319684,False,0.266147859922179,1641720
