index,year,ortg,drtg,AtRimFGM,AtRimFGA,AtRimAssists,Turnovers,FTA,OffPoss,DefPoss,TwoPtAssists,Steals,BadPassSteals,ThreePtAssists,FG3A,OpponentPoints,Points,SecondChancePoints,FG2A,LiveBallTurnovers,TsPct,Fg3Pct,AtRimFG3AFrequency,Pace,AtRimFrequency,SecondsPerPossOff,SecondsPerPossDef,Minutes,DefAtRimReboundPct,DefFGReboundPct,AtRimAccuracy,player_on,OffFGReboundPct,nba_id
0,2024,116.04010025062657,117.30279898218828,384.0,593.0,207.0,317.0,577.0,2394.0,2358.0,358.0,189.0,105.0,294.0,861.0,2766.0,2778.0,346.0,1302.0,155.0,0.5726141078838174,0.3739837398373983,0.672214516874711,98.27064753780536,0.2741562644475266,14.551378446115288,14.75699745547074,1161.0,0.5487179487179488,0.6992753623188406,0.6475548060708263,True,0.2915194346289753,1641722
1,2024,118.32237426692733,111.38972276178704,1054.0,1589.0,573.0,750.0,1296.0,5627.0,5663.0,949.0,495.0,302.0,609.0,1812.0,6308.0,6658.0,808.0,3190.0,381.0,0.5963887890765361,0.3868653421633554,0.6799280287884846,97.45185131903108,0.3176729308276689,14.567087257863871,14.984637118135264,2780.0,0.6369710467706013,0.7480166225916132,0.6633102580239144,False,0.2690601048810004,1641722
