index,year,ortg,drtg,AtRimFGM,AtRimFGA,AtRimAssists,Turnovers,FTA,OffPoss,DefPoss,TwoPtAssists,Steals,BadPassSteals,ThreePtAssists,FG3A,OpponentPoints,Points,SecondChancePoints,FG2A,LiveBallTurnovers,TsPct,Fg3Pct,AtRimFG3AFrequency,Pace,AtRimFrequency,SecondsPerPossOff,SecondsPerPossDef,Minutes,DefAtRimReboundPct,DefFGReboundPct,AtRimAccuracy,player_on,OffFGReboundPct,nba_id
0,2024,107.65765765765764,73.12775330396475,50.0,65.0,29.0,32.0,56.0,222.0,227.0,36.0,17.0,12.0,18.0,71.0,166.0,239.0,41.0,112.0,14.0,0.569047619047619,0.2957746478873239,0.7431693989071039,104.80791052034364,0.3551912568306011,13.04954954954955,14.41409691629956,103.0,0.5882352941176471,0.7777777777777778,0.7692307692307693,True,0.3333333333333333,1641721
1,2024,116.13900568884492,117.82264057468416,1371.0,2019.0,784.0,1068.0,1420.0,8086.0,8074.0,1295.0,656.0,429.0,967.0,3038.0,9513.0,9391.0,1187.0,4466.0,591.0,0.5779935675408214,0.3782093482554312,0.6739072494669509,100.26412053892652,0.2690565031982942,14.46669552312639,14.257282635620513,3868.0,0.6217532467532467,0.7670387779083431,0.6790490341753344,False,0.2637021716649431,1641721
