index,year,ortg,drtg,AtRimFGM,AtRimFGA,AtRimAssists,Turnovers,FTA,OffPoss,DefPoss,TwoPtAssists,Steals,BadPassSteals,ThreePtAssists,FG3A,OpponentPoints,Points,SecondChancePoints,FG2A,LiveBallTurnovers,TsPct,Fg3Pct,AtRimFG3AFrequency,Pace,AtRimFrequency,SecondsPerPossOff,SecondsPerPossDef,Minutes,DefAtRimReboundPct,DefFGReboundPct,AtRimAccuracy,player_on,OffFGReboundPct,nba_id
0,2024,113.22180248246087,114.35483870967742,364.0,567.0,184.0,248.0,444.0,1853.0,1860.0,273.0,162.0,85.0,178.0,688.0,2127.0,2098.0,339.0,1034.0,149.0,0.5463593504452593,0.3226744186046512,0.7288037166085947,101.2283598140042,0.3292682926829268,14.011009174311928,14.438709677419356,880.0,0.6363636363636364,0.7190876350540216,0.6419753086419753,True,0.3210412147505423,1641715
1,2024,115.72837150127226,113.533238140568,1102.0,1723.0,559.0,797.0,1472.0,6288.0,6303.0,947.0,477.0,253.0,637.0,2276.0,7156.0,7277.0,869.0,3461.0,448.0,0.5689601005340873,0.3607205623901581,0.6970542095171692,97.7720257546834,0.300331183545407,14.571882951653944,14.88402348088212,3091.0,0.642292490118577,0.7267833109017496,0.6395821242019734,False,0.2750497677504976,1641715
