index,year,ortg,drtg,AtRimFGM,AtRimFGA,AtRimAssists,Turnovers,FTA,OffPoss,DefPoss,TwoPtAssists,Steals,BadPassSteals,ThreePtAssists,FG3A,OpponentPoints,Points,SecondChancePoints,FG2A,LiveBallTurnovers,TsPct,Fg3Pct,AtRimFG3AFrequency,Pace,AtRimFrequency,SecondsPerPossOff,SecondsPerPossDef,Minutes,DefAtRimReboundPct,DefFGReboundPct,AtRimAccuracy,player_on,OffFGReboundPct,nba_id
0,2024,62.5,128.57142857142858,,,,2.0,,8.0,7.0,,1.0,,1.0,3.0,9.0,5.0,,2.0,2.0,0.5,0.3333333333333333,0.6,102.3696682464455,,14.125,14.0,4.0,,0.5,,True,,1641806
1,2024,119.37224129475231,112.94637378819488,1597.0,2303.0,941.0,1135.0,1627.0,8156.0,8149.0,1388.0,594.0,403.0,957.0,2976.0,9204.0,9736.0,1283.0,4495.0,632.0,0.5946227339539442,0.376008064516129,0.706598848882345,98.88102287227994,0.3082585999196894,14.961500735654733,14.164069210946128,3957.0,0.6364846870838882,0.723186119873817,0.6934433347807208,False,0.2960863697705803,1641806
