index,year,ortg,drtg,AtRimFGM,AtRimFGA,AtRimAssists,Turnovers,FTA,OffPoss,DefPoss,TwoPtAssists,Steals,BadPassSteals,ThreePtAssists,FG3A,OpponentPoints,Points,SecondChancePoints,FG2A,LiveBallTurnovers,TsPct,Fg3Pct,AtRimFG3AFrequency,Pace,AtRimFrequency,SecondsPerPossOff,SecondsPerPossDef,Minutes,DefAtRimReboundPct,DefFGReboundPct,AtRimAccuracy,player_on,OffFGReboundPct,nba_id
0,2024,115.2228763666947,122.91491154170176,188.0,270.0,97.0,174.0,274.0,1189.0,1187.0,161.0,77.0,41.0,147.0,451.0,1459.0,1370.0,147.0,568.0,97.0,0.5989445910290238,0.3725055432372505,0.7075564278704612,99.63714726695594,0.2649656526005888,14.33389402859546,14.571187868576242,572.0,0.5473684210526316,0.7262135922330097,0.6962962962962963,True,0.2588235294117647,1641748
1,2024,119.15316851378232,115.0790260572405,1282.0,1801.0,668.0,885.0,1686.0,7038.0,7023.0,1037.0,481.0,288.0,831.0,2671.0,8082.0,8386.0,927.0,3568.0,483.0,0.6003019844693701,0.3725196555597154,0.7167815355024844,99.58558142051238,0.2886680557781695,14.39414606422279,14.525843656557027,3389.0,0.6033898305084746,0.7420494699646644,0.7118267629094948,False,0.2397959183673469,1641748
