index,year,ortg,drtg,AtRimFGM,AtRimFGA,AtRimAssists,Turnovers,FTA,OffPoss,DefPoss,TwoPtAssists,Steals,BadPassSteals,ThreePtAssists,FG3A,OpponentPoints,Points,SecondChancePoints,FG2A,LiveBallTurnovers,TsPct,Fg3Pct,AtRimFG3AFrequency,Pace,AtRimFrequency,SecondsPerPossOff,SecondsPerPossDef,Minutes,DefAtRimReboundPct,DefFGReboundPct,AtRimAccuracy,player_on,OffFGReboundPct,nba_id
0,2024,112.21374045801528,105.97014925373136,22.0,30.0,12.0,20.0,27.0,131.0,134.0,16.0,11.0,7.0,13.0,49.0,142.0,147.0,22.0,65.0,12.0,0.592741935483871,0.3673469387755102,0.6929824561403509,98.40123775141824,0.2631578947368421,14.114503816793894,15.14179104477612,65.0,0.5714285714285714,0.6911764705882353,0.7333333333333333,True,0.2758620689655172,1641735
1,2024,109.8849104859335,120.39800995024876,1386.0,2123.0,774.0,1109.0,1485.0,7820.0,7839.0,1187.0,551.0,365.0,817.0,2739.0,9438.0,8593.0,977.0,4280.0,570.0,0.5594428459325137,0.3545089448703906,0.6926912665621884,96.82568854613064,0.3024647385667474,15.049744245524296,14.69485903814262,3881.0,0.5879194630872483,0.7148179994267698,0.6528497409326425,False,0.2406706327744726,1641735
