index,year,ortg,drtg,AtRimFGM,AtRimFGA,AtRimAssists,Turnovers,FTA,OffPoss,DefPoss,TwoPtAssists,Steals,BadPassSteals,ThreePtAssists,FG3A,OpponentPoints,Points,SecondChancePoints,FG2A,LiveBallTurnovers,TsPct,Fg3Pct,AtRimFG3AFrequency,Pace,AtRimFrequency,SecondsPerPossOff,SecondsPerPossDef,Minutes,DefAtRimReboundPct,DefFGReboundPct,AtRimAccuracy,player_on,OffFGReboundPct,nba_id
0,2024,92.94117647058825,116.6023166023166,35.0,76.0,16.0,38.0,42.0,255.0,259.0,27.0,21.0,14.0,19.0,79.0,302.0,237.0,32.0,172.0,18.0,0.4405204460966542,0.2911392405063291,0.6175298804780877,98.333997608609,0.3027888446215139,15.838039215686274,13.468339768339767,125.0,0.5882352941176471,0.7431192660550459,0.4605263157894737,True,0.326797385620915,1641851
1,2024,108.371854134566,114.84856262833677,1222.0,1999.0,684.0,1198.0,1680.0,7788.0,7792.0,1063.0,652.0,415.0,916.0,3018.0,8949.0,8440.0,1074.0,3961.0,650.0,0.545088880238744,0.3472498343273691,0.7188708984095142,97.61522496769392,0.2864307207336294,15.028120184899846,14.475616016427104,3831.0,0.6306748466257669,0.7128740824392998,0.6113056528264132,False,0.2743155149934811,1641851
