index,year,ortg,drtg,AtRimFGM,AtRimFGA,AtRimAssists,Turnovers,FTA,OffPoss,DefPoss,TwoPtAssists,Steals,BadPassSteals,ThreePtAssists,FG3A,OpponentPoints,Points,SecondChancePoints,FG2A,LiveBallTurnovers,TsPct,Fg3Pct,AtRimFG3AFrequency,Pace,AtRimFrequency,SecondsPerPossOff,SecondsPerPossDef,Minutes,DefAtRimReboundPct,DefFGReboundPct,AtRimAccuracy,player_on,OffFGReboundPct,nba_id
0,2024,104.48275862068964,117.53782668500688,199.0,334.0,98.0,205.0,272.0,1450.0,1454.0,159.0,104.0,69.0,167.0,566.0,1709.0,1515.0,170.0,736.0,102.0,0.5335689045936396,0.3551236749116608,0.6912442396313364,95.6464856705016,0.2565284178187404,15.378620689655172,14.73314993122421,729.0,0.5379310344827586,0.7004608294930875,0.5958083832335329,True,0.2211538461538461,1641733
1,2024,111.13674819258576,120.7393772050928,1209.0,1819.0,688.0,924.0,1240.0,6501.0,6519.0,1044.0,458.0,303.0,663.0,2222.0,7871.0,7225.0,829.0,3609.0,480.0,0.5658536585365853,0.3546354635463546,0.6930200651689247,97.12441527359756,0.3119533527696793,14.957544993077988,14.695505445620494,3217.0,0.5993485342019544,0.7174810736407433,0.6646509070918087,False,0.2460369881109643,1641733
