index,year,ortg,drtg,AtRimFGM,AtRimFGA,AtRimAssists,Turnovers,FTA,OffPoss,DefPoss,TwoPtAssists,Steals,BadPassSteals,ThreePtAssists,FG3A,OpponentPoints,Points,SecondChancePoints,FG2A,LiveBallTurnovers,TsPct,Fg3Pct,AtRimFG3AFrequency,Pace,AtRimFrequency,SecondsPerPossOff,SecondsPerPossDef,Minutes,DefAtRimReboundPct,DefFGReboundPct,AtRimAccuracy,player_on,OffFGReboundPct,nba_id
0,2024,118.4956843403206,107.81637717121588,176.0,237.0,105.0,115.0,204.0,811.0,806.0,138.0,57.0,29.0,93.0,305.0,869.0,961.0,140.0,431.0,60.0,0.5827250608272506,0.340983606557377,0.7364130434782609,98.50996319329865,0.3220108695652174,13.98766954377312,15.251861042183624,394.0,0.6,0.6691358024691358,0.7426160337552743,True,0.3440860215053763,1641738
1,2024,115.47935619314204,120.31293657446214,1219.0,1823.0,691.0,954.0,1514.0,7145.0,7158.0,1135.0,540.0,348.0,799.0,2597.0,8612.0,8251.0,1014.0,3955.0,580.0,0.5707638888888888,0.3658067000385059,0.6746031746031746,96.77675815113967,0.2782356532356532,14.684534639608115,15.07432243643476,3547.0,0.5911413969335605,0.7336507936507937,0.6686780032912781,False,0.2828312372038608,1641738
