index,year,ortg,drtg,AtRimFGM,AtRimFGA,AtRimAssists,Turnovers,FTA,OffPoss,DefPoss,TwoPtAssists,Steals,BadPassSteals,ThreePtAssists,FG3A,OpponentPoints,Points,SecondChancePoints,FG2A,LiveBallTurnovers,TsPct,Fg3Pct,AtRimFG3AFrequency,Pace,AtRimFrequency,SecondsPerPossOff,SecondsPerPossDef,Minutes,DefAtRimReboundPct,DefFGReboundPct,AtRimAccuracy,player_on,OffFGReboundPct,nba_id
0,2024,112.96296296296296,153.7037037037037,11.0,19.0,6.0,7.0,14.0,54.0,54.0,11.0,4.0,3.0,4.0,18.0,83.0,61.0,18.0,32.0,3.0,0.5363636363636364,0.2777777777777778,0.74,108.07505211952744,0.38,14.703703703703704,11.944444444444445,24.0,1.0,0.6666666666666666,0.5789473684210527,True,0.3333333333333333,1641727
1,2024,113.75601113642117,116.2414751199798,1373.0,2110.0,788.0,1069.0,1697.0,7902.0,7918.0,1172.0,552.0,371.0,915.0,2992.0,9204.0,8989.0,1158.0,4265.0,560.0,0.5607921784908498,0.3622994652406417,0.7030453355381011,96.43850462067302,0.2907537549951771,15.089850670716274,14.774059105834809,3937.0,0.611716621253406,0.7264934369140101,0.6507109004739337,False,0.282862328234379,1641727
