index,year,ortg,drtg,AtRimFGM,AtRimFGA,AtRimAssists,Turnovers,FTA,OffPoss,DefPoss,TwoPtAssists,Steals,BadPassSteals,ThreePtAssists,FG3A,OpponentPoints,Points,SecondChancePoints,FG2A,LiveBallTurnovers,TsPct,Fg3Pct,AtRimFG3AFrequency,Pace,AtRimFrequency,SecondsPerPossOff,SecondsPerPossDef,Minutes,DefAtRimReboundPct,DefFGReboundPct,AtRimAccuracy,player_on,OffFGReboundPct,nba_id
0,2024,114.1930656023946,120.98426180364729,533.0,797.0,309.0,530.0,901.0,4009.0,4003.0,608.0,287.0,199.0,451.0,1493.0,4843.0,4578.0,590.0,2147.0,282.0,0.5674395412615308,0.3536503683858004,0.6291208791208791,97.69267310032288,0.2189560439560439,14.763282614118234,14.716887334499123,1968.0,0.5865724381625441,0.6762208067940552,0.6687578419071518,True,0.2673575129533678,1641764
1,2024,117.25717040250665,115.41596739391034,563.0,831.0,330.0,537.0,939.0,4149.0,4171.0,656.0,346.0,240.0,472.0,1537.0,4814.0,4865.0,517.0,2238.0,290.0,0.5815321805955812,0.3643461288223812,0.6272847682119206,99.9541142804702,0.2201324503311258,14.453362255965294,14.3601054902901,1998.0,0.6121673003802282,0.7069053708439897,0.677496991576414,False,0.2727737973387922,1641764
