index,year,ortg,drtg,AtRimFGM,AtRimFGA,AtRimAssists,Turnovers,FTA,OffPoss,DefPoss,TwoPtAssists,Steals,BadPassSteals,ThreePtAssists,FG3A,OpponentPoints,Points,SecondChancePoints,FG2A,LiveBallTurnovers,TsPct,Fg3Pct,AtRimFG3AFrequency,Pace,AtRimFrequency,SecondsPerPossOff,SecondsPerPossDef,Minutes,DefAtRimReboundPct,DefFGReboundPct,AtRimAccuracy,player_on,OffFGReboundPct,nba_id
0,2024,120.66685037200332,109.24137931034484,771.0,1081.0,442.0,528.0,846.0,3629.0,3625.0,664.0,295.0,173.0,358.0,1147.0,3960.0,4379.0,632.0,2137.0,299.0,0.5987383433900164,0.3574542284219703,0.6784409257003654,101.4998931146394,0.3291717417783191,14.420777073573989,13.953379310344827,1715.0,0.6486486486486487,0.7676224611708483,0.7132284921369103,True,0.3333333333333333,1641731
1,2024,119.98318974574492,112.6574307304786,946.0,1326.0,578.0,624.0,1120.0,4759.0,4764.0,864.0,360.0,218.0,496.0,1635.0,5367.0,5710.0,713.0,2699.0,324.0,0.5925578486554096,0.3651376146788991,0.6832025842178127,102.45446259133632,0.3059529303184125,14.291027526791344,13.81926952141058,2231.0,0.6368159203980099,0.762780269058296,0.7134238310708899,False,0.2996787517209729,1641731
