index,year,ortg,drtg,AtRimFGM,AtRimFGA,AtRimAssists,Turnovers,FTA,OffPoss,DefPoss,TwoPtAssists,Steals,BadPassSteals,ThreePtAssists,FG3A,OpponentPoints,Points,SecondChancePoints,FG2A,LiveBallTurnovers,TsPct,Fg3Pct,AtRimFG3AFrequency,Pace,AtRimFrequency,SecondsPerPossOff,SecondsPerPossDef,Minutes,DefAtRimReboundPct,DefFGReboundPct,AtRimAccuracy,player_on,OffFGReboundPct,nba_id
0,2024,88.88888888888889,58.8235294117647,3.0,5.0,1.0,1.0,2.0,18.0,17.0,1.0,,,1.0,6.0,10.0,16.0,,11.0,,0.4444444444444444,0.3333333333333333,0.6470588235294118,94.20560747663552,0.2941176470588235,15.944444444444445,14.588235294117649,9.0,1.0,0.9,0.6,True,0.2727272727272727,1641765
1,2024,111.78217821782178,115.4726368159204,309.0,493.0,180.0,255.0,442.0,2020.0,2010.0,286.0,150.0,90.0,209.0,760.0,2321.0,2258.0,240.0,1085.0,138.0,0.5506856023506367,0.3513157894736842,0.6791327913279133,92.37087146836453,0.2672086720867209,15.96039603960396,15.21641791044776,1047.0,0.625,0.7042553191489361,0.6267748478701826,False,0.2637362637362637,1641765
