index,year,ortg,drtg,AtRimFGM,AtRimFGA,AtRimAssists,Turnovers,FTA,OffPoss,DefPoss,TwoPtAssists,Steals,BadPassSteals,ThreePtAssists,FG3A,OpponentPoints,Points,SecondChancePoints,FG2A,LiveBallTurnovers,TsPct,Fg3Pct,AtRimFG3AFrequency,Pace,AtRimFrequency,SecondsPerPossOff,SecondsPerPossDef,Minutes,DefAtRimReboundPct,DefFGReboundPct,AtRimAccuracy,player_on,OffFGReboundPct,nba_id
0,2024,128.57142857142858,62.5,1.0,1.0,1.0,1.0,4.0,7.0,8.0,1.0,2.0,1.0,1.0,3.0,5.0,9.0,2.0,3.0,1.0,0.5625,0.3333333333333333,0.6666666666666666,102.3696682464455,0.1666666666666666,14.0,14.125,4.0,,1.0,1.0,True,0.5,1641806
1,2024,112.94637378819488,119.37224129475231,1568.0,2322.0,985.0,1146.0,1768.0,8149.0,8156.0,1483.0,632.0,395.0,850.0,2709.0,9736.0,9204.0,1145.0,4641.0,594.0,0.5665472071181413,0.3473606496862311,0.6844897959183673,98.88102287227994,0.3159183673469388,14.164069210946128,14.961500735654733,3957.0,0.6157142857142858,0.7039136302294197,0.6752799310938846,False,0.2768138801261829,1641806
