index,year,ortg,drtg,AtRimFGM,AtRimFGA,AtRimAssists,Turnovers,FTA,OffPoss,DefPoss,TwoPtAssists,Steals,BadPassSteals,ThreePtAssists,FG3A,OpponentPoints,Points,SecondChancePoints,FG2A,LiveBallTurnovers,TsPct,Fg3Pct,AtRimFG3AFrequency,Pace,AtRimFrequency,SecondsPerPossOff,SecondsPerPossDef,Minutes,DefAtRimReboundPct,DefFGReboundPct,AtRimAccuracy,player_on,OffFGReboundPct,nba_id
0,2024,106.5166795965865,116.22670807453416,212.0,344.0,108.0,211.0,216.0,1289.0,1288.0,193.0,100.0,63.0,136.0,462.0,1497.0,1373.0,234.0,754.0,130.0,0.5232646834477498,0.3484848484848485,0.662828947368421,97.67787107472824,0.2828947368421052,14.934057408844064,14.550465838509316,633.0,0.6161616161616161,0.7200736648250461,0.6162790697674418,True,0.3348214285714285,1641712
1,2024,109.03560830860536,118.21015138023152,1133.0,1883.0,521.0,1038.0,1464.0,6740.0,6738.0,914.0,527.0,340.0,651.0,2261.0,7965.0,7349.0,1086.0,3879.0,599.0,0.5397634885439764,0.3440955329500221,0.6749185667752443,96.76629987685035,0.3066775244299674,15.037091988130564,14.725289403383794,3343.0,0.6076642335766423,0.7031932773109244,0.6016994158258099,False,0.3050089445438282,1641712
