index,year,ortg,drtg,AtRimFGM,AtRimFGA,AtRimAssists,Turnovers,FTA,OffPoss,DefPoss,TwoPtAssists,Steals,BadPassSteals,ThreePtAssists,FG3A,OpponentPoints,Points,SecondChancePoints,FG2A,LiveBallTurnovers,TsPct,Fg3Pct,AtRimFG3AFrequency,Pace,AtRimFrequency,SecondsPerPossOff,SecondsPerPossDef,Minutes,DefAtRimReboundPct,DefFGReboundPct,AtRimAccuracy,player_on,OffFGReboundPct,nba_id
0,2024,111.2372304199773,114.22745808790214,874.0,1258.0,582.0,697.0,852.0,4405.0,4414.0,846.0,321.0,209.0,508.0,1624.0,5042.0,4900.0,572.0,2298.0,414.0,0.5711781206171108,0.3405172413793103,0.7348291687914329,100.49116543182916,0.320754716981132,13.954120317820658,14.704349796103308,2106.0,0.6739130434782609,0.74634858812074,0.6947535771065183,True,0.2646048109965636,1641705
1,2024,109.79790227679712,119.4083142055598,629.0,1011.0,386.0,545.0,785.0,3909.0,3921.0,656.0,263.0,179.0,439.0,1359.0,4682.0,4292.0,471.0,2155.0,319.0,0.5562483762016108,0.3554083885209713,0.6744450768355151,101.04312291644264,0.2877063175867956,14.357124584292658,14.145881152767153,1860.0,0.5776566757493188,0.7097882083571837,0.6221562809099901,False,0.2554783538214858,1641705
