index,year,ortg,drtg,AtRimFGM,AtRimFGA,AtRimAssists,Turnovers,FTA,OffPoss,DefPoss,TwoPtAssists,Steals,BadPassSteals,ThreePtAssists,FG3A,OpponentPoints,Points,SecondChancePoints,FG2A,LiveBallTurnovers,TsPct,Fg3Pct,AtRimFG3AFrequency,Pace,AtRimFrequency,SecondsPerPossOff,SecondsPerPossDef,Minutes,DefAtRimReboundPct,DefFGReboundPct,AtRimAccuracy,player_on,OffFGReboundPct,nba_id
0,2024,117.08369283865402,112.17638691322902,611.0,916.0,332.0,471.0,706.0,3477.0,3515.0,497.0,340.0,193.0,416.0,1194.0,3943.0,4071.0,415.0,1870.0,264.0,0.603776390127862,0.3877721943048576,0.6886422976501305,99.16949018989834,0.2989556135770235,14.05090595340811,14.98520625889047,1692.0,0.622478386167147,0.6926829268292682,0.6670305676855895,True,0.2375,1641717
1,2024,121.34453781512605,112.29855810008482,869.0,1271.0,507.0,568.0,1053.0,4760.0,4716.0,751.0,354.0,202.0,559.0,1611.0,5296.0,5776.0,555.0,2649.0,318.0,0.6100275598897604,0.3891992551210428,0.6765258215962441,100.23682896012691,0.2983568075117371,13.915546218487394,14.8206106870229,2269.0,0.62882096069869,0.7180851063829787,0.6837136113296617,False,0.2465160980297933,1641717
