index,year,ortg,drtg,AtRimFGM,AtRimFGA,AtRimAssists,Turnovers,FTA,OffPoss,DefPoss,TwoPtAssists,Steals,BadPassSteals,ThreePtAssists,FG3A,OpponentPoints,Points,SecondChancePoints,FG2A,LiveBallTurnovers,TsPct,Fg3Pct,AtRimFG3AFrequency,Pace,AtRimFrequency,SecondsPerPossOff,SecondsPerPossDef,Minutes,DefAtRimReboundPct,DefFGReboundPct,AtRimAccuracy,player_on,OffFGReboundPct,nba_id
0,2024,114.0549730801927,108.94632206759444,655.0,962.0,394.0,553.0,826.0,3529.0,3521.0,594.0,335.0,198.0,354.0,1192.0,3836.0,4025.0,501.0,1912.0,291.0,0.581041968162084,0.3439597315436241,0.6939432989690721,97.28331177231566,0.3099226804123711,14.75460470388212,14.849758591309287,1739.0,0.6121951219512195,0.6670378619153675,0.6808731808731808,True,0.2818066157760814,1641739
1,2024,120.90282410495888,108.38509316770188,913.0,1261.0,538.0,620.0,1112.0,4497.0,4508.0,818.0,394.0,241.0,459.0,1538.0,4886.0,5437.0,665.0,2462.0,336.0,0.6049396513187304,0.3556566970091027,0.69975,96.62233150776795,0.31525,14.652212586168556,15.153948535936111,2237.0,0.616557734204793,0.7085201793721974,0.7240285487708168,False,0.3042137718396711,1641739
