index,year,ortg,drtg,AtRimFGM,AtRimFGA,AtRimAssists,Turnovers,FTA,OffPoss,DefPoss,TwoPtAssists,Steals,BadPassSteals,ThreePtAssists,FG3A,OpponentPoints,Points,SecondChancePoints,FG2A,LiveBallTurnovers,TsPct,Fg3Pct,AtRimFG3AFrequency,Pace,AtRimFrequency,SecondsPerPossOff,SecondsPerPossDef,Minutes,DefAtRimReboundPct,DefFGReboundPct,AtRimAccuracy,player_on,OffFGReboundPct,nba_id
0,2024,130.58823529411765,87.35632183908046,21.0,27.0,10.0,13.0,14.0,85.0,87.0,11.0,8.0,5.0,11.0,32.0,76.0,111.0,22.0,46.0,7.0,0.6607142857142857,0.4375,0.7564102564102564,100.07272727272728,0.3461538461538461,14.96470588235294,13.827586206896552,41.0,0.6,0.725,0.7777777777777778,True,0.3428571428571428,1641793
1,2024,115.76067128785115,116.91015339663988,1400.0,2057.0,803.0,1087.0,1462.0,8223.0,8214.0,1320.0,665.0,436.0,974.0,3077.0,9603.0,9519.0,1206.0,4532.0,598.0,0.5769183922046285,0.3756906077348066,0.6747272966224208,100.38501176919652,0.2703377579182547,14.423288337589684,14.266167518870224,3930.0,0.6210191082802548,0.7678571428571429,0.6806028196402528,False,0.2646459500764136,1641793
