index,year,ortg,drtg,AtRimFGM,AtRimFGA,AtRimAssists,Turnovers,FTA,OffPoss,DefPoss,TwoPtAssists,Steals,BadPassSteals,ThreePtAssists,FG3A,OpponentPoints,Points,SecondChancePoints,FG2A,LiveBallTurnovers,TsPct,Fg3Pct,AtRimFG3AFrequency,Pace,AtRimFrequency,SecondsPerPossOff,SecondsPerPossDef,Minutes,DefAtRimReboundPct,DefFGReboundPct,AtRimAccuracy,player_on,OffFGReboundPct,nba_id
0,2024,102.77777777777776,90.27777777777776,20.0,24.0,11.0,11.0,14.0,72.0,72.0,12.0,8.0,8.0,5.0,23.0,65.0,74.0,13.0,41.0,7.0,0.5211267605633803,0.217391304347826,0.734375,115.71428571428572,0.375,12.416666666666666,12.47222222222222,30.0,0.6666666666666666,0.8235294117647058,0.8333333333333334,True,0.303030303030303,1641926
1,2024,116.23224212476838,118.44768015794668,1386.0,2043.0,805.0,1116.0,1758.0,8095.0,8104.0,1332.0,595.0,381.0,909.0,2898.0,9599.0,9409.0,1160.0,4451.0,556.0,0.578605858361142,0.3692201518288475,0.6723363722955504,99.4023897591491,0.2779970063954279,14.59147621988882,14.381786771964462,3911.0,0.6485507246376812,0.7483140005395198,0.6784140969162996,False,0.2821532749933704,1641926
