index,year,ortg,drtg,AtRimFGM,AtRimFGA,AtRimAssists,Turnovers,FTA,OffPoss,DefPoss,TwoPtAssists,Steals,BadPassSteals,ThreePtAssists,FG3A,OpponentPoints,Points,SecondChancePoints,FG2A,LiveBallTurnovers,TsPct,Fg3Pct,AtRimFG3AFrequency,Pace,AtRimFrequency,SecondsPerPossOff,SecondsPerPossDef,Minutes,DefAtRimReboundPct,DefFGReboundPct,AtRimAccuracy,player_on,OffFGReboundPct,nba_id
0,2024,89.69957081545064,113.85281385281384,24.0,45.0,15.0,42.0,63.0,233.0,231.0,29.0,11.0,8.0,17.0,69.0,263.0,209.0,21.0,111.0,17.0,0.5,0.2608695652173913,0.6333333333333333,102.1963903334353,0.25,14.71244635193133,13.463203463203463,109.0,0.8571428571428571,0.7641509433962265,0.5333333333333333,True,0.2429906542056074,1641720
1,2024,117.37729300941992,115.97127646403368,1657.0,2274.0,1056.0,1104.0,1920.0,8068.0,8077.0,1514.0,594.0,409.0,780.0,2503.0,9367.0,9470.0,843.0,4494.0,656.0,0.6046824887748556,0.3799440671194566,0.6827211662140917,100.33056852607866,0.3249964270401601,14.248549826474964,14.456444224340718,3862.0,0.6381987577639752,0.733852140077821,0.7286719437115216,False,0.2323054331864904,1641720
