index,year,ortg,drtg,AtRimFGM,AtRimFGA,AtRimAssists,Turnovers,FTA,OffPoss,DefPoss,TwoPtAssists,Steals,BadPassSteals,ThreePtAssists,FG3A,OpponentPoints,Points,SecondChancePoints,FG2A,LiveBallTurnovers,TsPct,Fg3Pct,AtRimFG3AFrequency,Pace,AtRimFrequency,SecondsPerPossOff,SecondsPerPossDef,Minutes,DefAtRimReboundPct,DefFGReboundPct,AtRimAccuracy,player_on,OffFGReboundPct,nba_id
0,2024,127.75665399239544,95.45454545454544,46.0,60.0,32.0,42.0,65.0,263.0,264.0,41.0,25.0,16.0,42.0,110.0,252.0,336.0,41.0,120.0,17.0,0.6498054474708171,0.4272727272727272,0.7391304347826086,95.24096385542168,0.2608695652173913,14.612167300380229,15.625,133.0,0.7037037037037037,0.765625,0.7666666666666667,True,0.3153153153153153,1641734
1,2024,112.85177019841784,116.44847699287104,1325.0,2115.0,760.0,1073.0,1659.0,7711.0,7715.0,1154.0,607.0,398.0,834.0,2663.0,8984.0,8702.0,1018.0,4283.0,588.0,0.5656123382564371,0.3687570409312805,0.6878779153469623,96.7096807899274,0.3044917938381802,14.834262741538062,14.945560596241087,3828.0,0.6147540983606558,0.73125,0.6264775413711584,False,0.2687140115163148,1641734
