index,year,ortg,drtg,AtRimFGM,AtRimFGA,AtRimAssists,Turnovers,FTA,OffPoss,DefPoss,TwoPtAssists,Steals,BadPassSteals,ThreePtAssists,FG3A,OpponentPoints,Points,SecondChancePoints,FG2A,LiveBallTurnovers,TsPct,Fg3Pct,AtRimFG3AFrequency,Pace,AtRimFrequency,SecondsPerPossOff,SecondsPerPossDef,Minutes,DefAtRimReboundPct,DefFGReboundPct,AtRimAccuracy,player_on,OffFGReboundPct,nba_id
0,2024,96.7741935483871,119.67213114754098,10.0,17.0,4.0,11.0,11.0,62.0,61.0,8.0,2.0,,5.0,17.0,73.0,60.0,10.0,34.0,8.0,0.5357142857142857,0.3529411764705882,0.6666666666666666,104.74275576581904,0.3333333333333333,14.435483870967742,13.049180327868852,28.0,0.5,0.53125,0.5882352941176471,True,0.2962962962962963,1641757
1,2024,119.2229815236649,115.75680810639643,1345.0,1995.0,797.0,1067.0,1806.0,7902.0,7895.0,1318.0,638.0,399.0,766.0,2702.0,9139.0,9421.0,1034.0,4355.0,589.0,0.599744081893794,0.3811991117690599,0.6655802749043503,96.89388292321388,0.2826980303245004,15.097443685143002,14.625585813806206,3913.0,0.6240369799691834,0.7126895450917797,0.6741854636591479,False,0.2735260770975056,1641757
