index,year,ortg,drtg,AtRimFGM,AtRimFGA,AtRimAssists,Turnovers,FTA,OffPoss,DefPoss,TwoPtAssists,Steals,BadPassSteals,ThreePtAssists,FG3A,OpponentPoints,Points,SecondChancePoints,FG2A,LiveBallTurnovers,TsPct,Fg3Pct,AtRimFG3AFrequency,Pace,AtRimFrequency,SecondsPerPossOff,SecondsPerPossDef,Minutes,DefAtRimReboundPct,DefFGReboundPct,AtRimAccuracy,player_on,OffFGReboundPct,nba_id
0,2024,133.33333333333334,95.23809523809524,4.0,4.0,2.0,4.0,3.0,21.0,21.0,5.0,2.0,2.0,3.0,5.0,20.0,28.0,,13.0,1.0,0.7368421052631579,0.6,0.5,93.6222910216718,0.2222222222222222,10.761904761904765,20.0,11.0,1.0,0.6,1.0,True,0.3333333333333333,1641710
1,2024,100.0,106.23052959501558,117.0,186.0,72.0,99.0,143.0,643.0,642.0,102.0,55.0,27.0,34.0,204.0,682.0,643.0,66.0,346.0,55.0,0.5228013029315961,0.2794117647058823,0.7090909090909091,94.8242287588398,0.3381818181818182,15.052877138413686,15.319314641744548,325.0,0.5128205128205128,0.6960486322188449,0.6290322580645161,False,0.2259136212624584,1641710
