index,year,ortg,drtg,AtRimFGM,AtRimFGA,AtRimAssists,Turnovers,FTA,OffPoss,DefPoss,TwoPtAssists,Steals,BadPassSteals,ThreePtAssists,FG3A,OpponentPoints,Points,SecondChancePoints,FG2A,LiveBallTurnovers,TsPct,Fg3Pct,AtRimFG3AFrequency,Pace,AtRimFrequency,SecondsPerPossOff,SecondsPerPossDef,Minutes,DefAtRimReboundPct,DefFGReboundPct,AtRimAccuracy,player_on,OffFGReboundPct,nba_id
0,2024,114.09574468085108,107.77479892761394,124.0,188.0,74.0,106.0,147.0,752.0,746.0,114.0,61.0,36.0,86.0,286.0,804.0,858.0,137.0,395.0,55.0,0.5731543624161074,0.3531468531468531,0.6960352422907489,97.19821565358448,0.2760646108663729,14.300531914893616,15.33378016085791,370.0,0.7027027027027027,0.6967213114754098,0.6595744680851063,True,0.2857142857142857,1641730
1,2024,116.74515235457064,114.36893203883496,1309.0,1990.0,741.0,929.0,1589.0,7220.0,7210.0,1105.0,502.0,321.0,783.0,2579.0,8246.0,8429.0,1015.0,3995.0,501.0,0.5766900729726009,0.3741760372237301,0.6950106480073015,96.43796961947768,0.302707636142379,14.802216066481996,15.061719833564494,3591.0,0.6355421686746988,0.7188743604320637,0.657788944723618,False,0.2725668920905616,1641730
