index,year,ortg,drtg,AtRimFGM,AtRimFGA,AtRimAssists,Turnovers,FTA,OffPoss,DefPoss,TwoPtAssists,Steals,BadPassSteals,ThreePtAssists,FG3A,OpponentPoints,Points,SecondChancePoints,FG2A,LiveBallTurnovers,TsPct,Fg3Pct,AtRimFG3AFrequency,Pace,AtRimFrequency,SecondsPerPossOff,SecondsPerPossDef,Minutes,DefAtRimReboundPct,DefFGReboundPct,AtRimAccuracy,player_on,OffFGReboundPct,nba_id
0,2024,120.98426180364729,114.1930656023946,678.0,962.0,418.0,537.0,797.0,4003.0,4009.0,707.0,282.0,189.0,482.0,1539.0,4578.0,4843.0,693.0,2224.0,287.0,0.5888888888888889,0.3853151397011046,0.6646292851448312,97.69267310032288,0.255647090087696,14.716887334499123,14.763282614118234,1968.0,0.7099236641221374,0.7326424870466322,0.7047817047817048,True,0.3237791932059448,1641764
1,2024,115.41596739391034,117.25717040250665,626.0,890.0,418.0,637.0,847.0,4171.0,4149.0,714.0,290.0,171.0,499.0,1652.0,4865.0,4814.0,595.0,2100.0,346.0,0.5835965978128798,0.37409200968523,0.6775053304904051,99.9541142804702,0.2372068230277185,14.3601054902901,14.453362255965294,1998.0,0.651685393258427,0.7272262026612077,0.7033707865168539,False,0.2930946291560102,1641764
