index,year,ortg,drtg,AtRimFGM,AtRimFGA,AtRimAssists,Turnovers,FTA,OffPoss,DefPoss,TwoPtAssists,Steals,BadPassSteals,ThreePtAssists,FG3A,OpponentPoints,Points,SecondChancePoints,FG2A,LiveBallTurnovers,TsPct,Fg3Pct,AtRimFG3AFrequency,Pace,AtRimFrequency,SecondsPerPossOff,SecondsPerPossDef,Minutes,DefAtRimReboundPct,DefFGReboundPct,AtRimAccuracy,player_on,OffFGReboundPct,nba_id
0,2024,114.28571428571428,93.33333333333331,7.0,10.0,2.0,5.0,2.0,28.0,30.0,4.0,2.0,1.0,2.0,10.0,28.0,32.0,8.0,18.0,3.0,0.5517241379310345,0.4,0.7142857142857143,103.88059701492536,0.3571428571428571,13.357142857142858,14.333333333333334,13.0,0.6666666666666666,0.7692307692307693,0.7,True,0.5333333333333333,1641847
1,2024,115.20783624262212,116.96024157020634,1382.0,2219.0,658.0,999.0,1729.0,7963.0,7948.0,1220.0,636.0,411.0,822.0,2620.0,9296.0,9174.0,1114.0,4691.0,552.0,0.5669808980401886,0.3576335877862595,0.6618793598686911,95.88309144779792,0.3035152509916564,14.733266356900666,15.303850025163564,3983.0,0.5897079276773296,0.7239213544511196,0.622803064443443,False,0.286540483701367,1641847
