index,year,ortg,drtg,AtRimFGM,AtRimFGA,AtRimAssists,Turnovers,FTA,OffPoss,DefPoss,TwoPtAssists,Steals,BadPassSteals,ThreePtAssists,FG3A,OpponentPoints,Points,SecondChancePoints,FG2A,LiveBallTurnovers,TsPct,Fg3Pct,AtRimFG3AFrequency,Pace,AtRimFrequency,SecondsPerPossOff,SecondsPerPossDef,Minutes,DefAtRimReboundPct,DefFGReboundPct,AtRimAccuracy,player_on,OffFGReboundPct,nba_id
0,2024,120.46589018302828,104.52261306532664,112.0,158.0,68.0,84.0,125.0,601.0,597.0,116.0,57.0,32.0,77.0,214.0,624.0,724.0,80.0,315.0,49.0,0.6219931271477663,0.397196261682243,0.7032136105860114,98.26384142173616,0.2986767485822306,14.607321131447588,14.701842546063652,293.0,0.6721311475409836,0.7455197132616488,0.7088607594936709,True,0.2439024390243902,1641787
1,2024,118.93350888742594,110.75013206550447,1381.0,2036.0,803.0,935.0,1888.0,7595.0,7572.0,1270.0,670.0,417.0,753.0,2468.0,8386.0,9033.0,1062.0,4304.0,482.0,0.593000263643554,0.3670988654781199,0.6650915534554046,99.49923463809316,0.3006497341996456,14.505595786701775,14.439249867934496,3658.0,0.6215429403202329,0.732574679943101,0.6782907662082515,False,0.2609720176730486,1641787
2,2024,127.97202797202796,109.15492957746478,34.0,46.0,15.0,15.0,36.0,143.0,142.0,21.0,12.0,8.0,17.0,62.0,155.0,183.0,24.0,75.0,7.0,0.5947712418300654,0.3548387096774194,0.7883211678832117,92.43243243243244,0.3357664233576642,15.237762237762238,15.922535211267606,74.0,0.5,0.7368421052631579,0.7391304347826086,True,0.3088235294117647,1641787
3,2024,114.6686899342438,107.85976458676116,1426.0,2250.0,846.0,1224.0,1749.0,7908.0,7901.0,1228.0,656.0,384.0,913.0,2843.0,8522.0,9068.0,1125.0,4148.0,666.0,0.5831287947293632,0.3784734435455504,0.7285080818194822,97.73724884080372,0.3218423687598341,14.42884420839656,15.03818503986837,3882.0,0.6325757575757576,0.7234151329243353,0.6337777777777778,False,0.2857940273513815,1641787
