index,year,ortg,drtg,AtRimFGM,AtRimFGA,AtRimAssists,Turnovers,FTA,OffPoss,DefPoss,TwoPtAssists,Steals,BadPassSteals,ThreePtAssists,FG3A,OpponentPoints,Points,SecondChancePoints,FG2A,LiveBallTurnovers,TsPct,Fg3Pct,AtRimFG3AFrequency,Pace,AtRimFrequency,SecondsPerPossOff,SecondsPerPossDef,Minutes,DefAtRimReboundPct,DefFGReboundPct,AtRimAccuracy,player_on,OffFGReboundPct,nba_id
0,2024,111.06918238993713,110.4351499788762,421.0,649.0,234.0,360.0,539.0,2385.0,2367.0,352.0,222.0,146.0,234.0,771.0,2614.0,2649.0,280.0,1294.0,194.0,0.5753933566433567,0.3657587548638132,0.6876513317191283,97.9737701162591,0.3142857142857143,14.126205450733751,15.273764258555133,1164.0,0.6083333333333333,0.7052023121387283,0.6486902927580893,True,0.2532956685499058,1641710
1,2024,112.2437971952535,115.62892517495064,929.0,1397.0,532.0,874.0,1280.0,5562.0,5573.0,844.0,444.0,261.0,528.0,1865.0,6444.0,6243.0,718.0,2954.0,475.0,0.5808080808080808,0.3554959785522788,0.6769039219755136,95.71861792306406,0.2898941689147126,14.7490111470694,15.338596806029068,2792.0,0.6450381679389313,0.7122960604854756,0.6649964209019327,False,0.2545676004872107,1641710
