index,year,ortg,drtg,AtRimFGM,AtRimFGA,AtRimAssists,Turnovers,FTA,OffPoss,DefPoss,TwoPtAssists,Steals,BadPassSteals,ThreePtAssists,FG3A,OpponentPoints,Points,SecondChancePoints,FG2A,LiveBallTurnovers,TsPct,Fg3Pct,AtRimFG3AFrequency,Pace,AtRimFrequency,SecondsPerPossOff,SecondsPerPossDef,Minutes,DefAtRimReboundPct,DefFGReboundPct,AtRimAccuracy,player_on,OffFGReboundPct,nba_id
0,2024,123.81311228334587,118.209179834462,451.0,624.0,301.0,315.0,587.0,2654.0,2658.0,426.0,176.0,118.0,309.0,1058.0,3142.0,3286.0,367.0,1360.0,188.0,0.6146771771771772,0.3998109640831758,0.695616211745244,98.498306699803,0.2580645161290322,14.424265259984928,14.814522197140708,1294.0,0.5761904761904761,0.7186520376175548,0.7227564102564102,True,0.2544529262086514,1641726
1,2024,115.50162984425933,115.10255944817573,912.0,1303.0,558.0,712.0,1255.0,5522.0,5509.0,800.0,387.0,229.0,571.0,2184.0,6341.0,6378.0,732.0,2750.0,415.0,0.5820197947214076,0.3543956043956044,0.7067288204296717,100.02858924062193,0.2640859343331982,14.336472292647592,14.455436558359049,2647.0,0.6062639821029083,0.7171677215189873,0.6999232540291634,False,0.2494145199063231,1641726
