index,year,ortg,drtg,AtRimFGM,AtRimFGA,AtRimAssists,Turnovers,FTA,OffPoss,DefPoss,TwoPtAssists,Steals,BadPassSteals,ThreePtAssists,FG3A,OpponentPoints,Points,SecondChancePoints,FG2A,LiveBallTurnovers,TsPct,Fg3Pct,AtRimFG3AFrequency,Pace,AtRimFrequency,SecondsPerPossOff,SecondsPerPossDef,Minutes,DefAtRimReboundPct,DefFGReboundPct,AtRimAccuracy,player_on,OffFGReboundPct,nba_id
0,2024,91.30434782608695,62.5,5.0,7.0,1.0,4.0,2.0,23.0,24.0,1.0,,,2.0,5.0,15.0,21.0,,12.0,1.0,0.5833333333333334,0.6,0.7058823529411765,99.6759941089838,0.4117647058823529,14.304347826086955,14.583333333333334,11.0,,0.8571428571428571,0.7142857142857143,True,0.1111111111111111,1641775
1,2024,118.26589595375722,110.02317497103128,293.0,396.0,169.0,215.0,365.0,1730.0,1726.0,238.0,119.0,68.0,211.0,759.0,1899.0,2046.0,209.0,817.0,96.0,0.5868315123634272,0.3583662714097497,0.7328680203045685,91.58167865883956,0.2512690355329949,16.297687861271676,15.148319814600232,906.0,0.75,0.7732696897374701,0.73989898989899,False,0.2604422604422604,1641775
