index,year,ortg,drtg,AtRimFGM,AtRimFGA,AtRimAssists,Turnovers,FTA,OffPoss,DefPoss,TwoPtAssists,Steals,BadPassSteals,ThreePtAssists,FG3A,OpponentPoints,Points,SecondChancePoints,FG2A,LiveBallTurnovers,TsPct,Fg3Pct,AtRimFG3AFrequency,Pace,AtRimFrequency,SecondsPerPossOff,SecondsPerPossDef,Minutes,DefAtRimReboundPct,DefFGReboundPct,AtRimAccuracy,player_on,OffFGReboundPct,nba_id
0,2024,124.23312883435582,118.69300911854104,137.0,194.0,89.0,91.0,122.0,652.0,658.0,145.0,33.0,21.0,63.0,212.0,781.0,810.0,90.0,399.0,45.0,0.6130500758725341,0.3679245283018867,0.6644844517184942,93.97698400836944,0.3175122749590834,14.5659509202454,16.072948328267476,335.0,0.609375,0.7032258064516129,0.7061855670103093,True,0.323943661971831,1641767
1,2024,120.04264392324096,121.08626198083068,161.0,243.0,97.0,113.0,154.0,938.0,939.0,186.0,60.0,45.0,114.0,347.0,1137.0,1126.0,136.0,544.0,66.0,0.5873430962343096,0.3746397694524496,0.6621773288439955,91.66344490792552,0.2727272727272727,14.585287846481876,16.83280085197018,491.0,0.5783132530120482,0.6799116997792495,0.6625514403292181,False,0.275,1641767
