index,year,ortg,drtg,AtRimFGM,AtRimFGA,AtRimAssists,Turnovers,FTA,OffPoss,DefPoss,TwoPtAssists,Steals,BadPassSteals,ThreePtAssists,FG3A,OpponentPoints,Points,SecondChancePoints,FG2A,LiveBallTurnovers,TsPct,Fg3Pct,AtRimFG3AFrequency,Pace,AtRimFrequency,SecondsPerPossOff,SecondsPerPossDef,Minutes,DefAtRimReboundPct,DefFGReboundPct,AtRimAccuracy,player_on,OffFGReboundPct,nba_id
0,2024,107.17948717948718,104.60358056265984,56.0,95.0,26.0,54.0,79.0,390.0,391.0,54.0,32.0,22.0,39.0,149.0,409.0,418.0,57.0,217.0,24.0,0.52,0.3154362416107382,0.6666666666666666,97.76077885952712,0.2595628415300546,14.648717948717948,14.81074168797954,192.0,0.5789473684210527,0.7383720930232558,0.5894736842105263,True,0.3446601941747573,1641732
1,2024,117.66220391349124,116.35658914728684,1257.0,1814.0,752.0,1024.0,1631.0,7768.0,7740.0,1235.0,593.0,354.0,996.0,3070.0,9006.0,9140.0,1140.0,4019.0,582.0,0.5846183500385504,0.3684039087947883,0.6889547185780787,98.48259803489212,0.2558894061221611,14.171215242018537,15.074160206718346,3779.0,0.6878130217028381,0.7523892267593397,0.6929437706725469,False,0.2746459316856429,1641732
