index,year,ortg,drtg,AtRimFGM,AtRimFGA,AtRimAssists,Turnovers,FTA,OffPoss,DefPoss,TwoPtAssists,Steals,BadPassSteals,ThreePtAssists,FG3A,OpponentPoints,Points,SecondChancePoints,FG2A,LiveBallTurnovers,TsPct,Fg3Pct,AtRimFG3AFrequency,Pace,AtRimFrequency,SecondsPerPossOff,SecondsPerPossDef,Minutes,DefAtRimReboundPct,DefFGReboundPct,AtRimAccuracy,player_on,OffFGReboundPct,nba_id
0,2024,114.7887323943662,116.5625,219.0,345.0,129.0,198.0,215.0,1278.0,1280.0,216.0,77.0,49.0,173.0,473.0,1492.0,1467.0,175.0,670.0,104.0,0.5921584478577203,0.3932346723044397,0.715660542432196,94.5364952263628,0.3018372703412073,15.566510172143976,14.8984375,649.0,0.6347826086956522,0.7696160267111853,0.6347826086956522,True,0.2679509632224168,1641854
1,2024,115.9379197134756,112.7278159545862,1258.0,1896.0,791.0,914.0,1456.0,6701.0,6694.0,1148.0,528.0,372.0,762.0,2543.0,7546.0,7769.0,941.0,3462.0,528.0,0.5829437490574574,0.3625639009044435,0.7392173189009159,97.07694165962072,0.315736885928393,14.853902402626474,14.813265610994922,3312.0,0.6515373352855052,0.7223805001582779,0.6635021097046413,False,0.2674683132921677,1641854
