index,year,ortg,drtg,AtRimFGM,AtRimFGA,AtRimAssists,Turnovers,FTA,OffPoss,DefPoss,TwoPtAssists,Steals,BadPassSteals,ThreePtAssists,FG3A,OpponentPoints,Points,SecondChancePoints,FG2A,LiveBallTurnovers,TsPct,Fg3Pct,AtRimFG3AFrequency,Pace,AtRimFrequency,SecondsPerPossOff,SecondsPerPossDef,Minutes,DefAtRimReboundPct,DefFGReboundPct,AtRimAccuracy,player_on,OffFGReboundPct,nba_id
0,2024,111.80555555555556,107.67888307155324,118.0,196.0,66.0,69.0,120.0,576.0,573.0,94.0,43.0,35.0,62.0,206.0,617.0,644.0,85.0,317.0,36.0,0.5604203152364273,0.3349514563106796,0.768642447418738,97.08149973596196,0.3747609942638623,14.58159722222222,15.085514834205934,284.0,0.6111111111111112,0.7553956834532374,0.6020408163265306,True,0.2690909090909091,1641778
1,2024,120.80573205353522,110.0975874220656,1496.0,2184.0,889.0,1048.0,1579.0,7397.0,7378.0,1283.0,539.0,357.0,917.0,2759.0,8123.0,8936.0,1075.0,3909.0,526.0,0.6081819423576014,0.3802102210945995,0.7413017396520696,96.83365420063082,0.3275344931013797,14.711775043936733,15.0303605313093,3662.0,0.6400580551523948,0.7590569292696953,0.684981684981685,False,0.2870201096892139,1641778
