index,year,ortg,drtg,AtRimFGM,AtRimFGA,AtRimAssists,Turnovers,FTA,OffPoss,DefPoss,TwoPtAssists,Steals,BadPassSteals,ThreePtAssists,FG3A,OpponentPoints,Points,SecondChancePoints,FG2A,LiveBallTurnovers,TsPct,Fg3Pct,AtRimFG3AFrequency,Pace,AtRimFrequency,SecondsPerPossOff,SecondsPerPossDef,Minutes,DefAtRimReboundPct,DefFGReboundPct,AtRimAccuracy,player_on,OffFGReboundPct,nba_id
0,2024,120.0,135.0,2.0,4.0,2.0,2.0,6.0,20.0,20.0,4.0,1.0,1.0,3.0,8.0,27.0,24.0,5.0,9.0,,0.6,0.375,0.7058823529411765,99.3103448275862,0.2352941176470588,17.3,11.7,10.0,1.0,0.7142857142857143,0.5,True,0.4444444444444444,1641738
1,2024,117.71428571428572,108.69565217391305,87.0,119.0,59.0,67.0,151.0,525.0,529.0,76.0,42.0,23.0,44.0,201.0,575.0,618.0,79.0,275.0,37.0,0.5703703703703704,0.3333333333333333,0.6722689075630253,90.88383233532934,0.25,15.417142857142856,16.26843100189036,278.0,0.5606060606060606,0.7007575757575758,0.7310924369747899,False,0.2995951417004048,1641738
