index,year,ortg,drtg,AtRimFGM,AtRimFGA,AtRimAssists,Turnovers,FTA,OffPoss,DefPoss,TwoPtAssists,Steals,BadPassSteals,ThreePtAssists,FG3A,OpponentPoints,Points,SecondChancePoints,FG2A,LiveBallTurnovers,TsPct,Fg3Pct,AtRimFG3AFrequency,Pace,AtRimFrequency,SecondsPerPossOff,SecondsPerPossDef,Minutes,DefAtRimReboundPct,DefFGReboundPct,AtRimAccuracy,player_on,OffFGReboundPct,nba_id
0,2024,93.33333333333331,114.28571428571428,3.0,6.0,1.0,4.0,9.0,30.0,28.0,1.0,3.0,1.0,5.0,12.0,32.0,28.0,9.0,10.0,2.0,0.5192307692307693,0.5,0.8181818181818182,103.88059701492536,0.2727272727272727,14.333333333333334,13.357142857142858,13.0,,0.4666666666666667,0.5,True,0.2307692307692307,1641847
1,2024,116.96024157020634,115.20783624262212,1422.0,2148.0,873.0,1143.0,1780.0,7948.0,7963.0,1247.0,552.0,350.0,1034.0,3223.0,9174.0,9296.0,1130.0,3886.0,636.0,0.5881006864988558,0.3692212224635433,0.7555211703474469,95.88309144779792,0.302152201434801,15.303850025163564,14.733266356900666,3983.0,0.5935251798561151,0.713459516298633,0.6620111731843575,False,0.2760786455488804,1641847
