index,year,ortg,drtg,AtRimFGM,AtRimFGA,AtRimAssists,Turnovers,FTA,OffPoss,DefPoss,TwoPtAssists,Steals,BadPassSteals,ThreePtAssists,FG3A,OpponentPoints,Points,SecondChancePoints,FG2A,LiveBallTurnovers,TsPct,Fg3Pct,AtRimFG3AFrequency,Pace,AtRimFrequency,SecondsPerPossOff,SecondsPerPossDef,Minutes,DefAtRimReboundPct,DefFGReboundPct,AtRimAccuracy,player_on,OffFGReboundPct,nba_id
0,2024,112.11286992429456,114.65277777777776,457.0,693.0,255.0,441.0,741.0,2906.0,2880.0,424.0,231.0,141.0,281.0,976.0,3302.0,3258.0,368.0,1540.0,275.0,0.5706483439041579,0.3565573770491803,0.6633545310015898,100.01080310265108,0.2754372019077901,14.548520302821748,14.247013888888889,1388.0,0.5555555555555556,0.6761442441054092,0.6594516594516594,True,0.2687927107061503,1641708
1,2024,114.60909263838693,115.43432807451056,812.0,1234.0,436.0,691.0,1324.0,5257.0,5261.0,749.0,366.0,207.0,543.0,1928.0,6073.0,6025.0,767.0,2782.0,364.0,0.5683070492114763,0.3443983402489626,0.6713375796178344,97.74651341391794,0.2619957537154989,14.911926954536808,14.55217639232085,2583.0,0.6541501976284585,0.7361668003207699,0.6580226904376013,False,0.2781350482315112,1641708
