index,year,ortg,drtg,AtRimFGM,AtRimFGA,AtRimAssists,Turnovers,FTA,OffPoss,DefPoss,TwoPtAssists,Steals,BadPassSteals,ThreePtAssists,FG3A,OpponentPoints,Points,SecondChancePoints,FG2A,LiveBallTurnovers,TsPct,Fg3Pct,AtRimFG3AFrequency,Pace,AtRimFrequency,SecondsPerPossOff,SecondsPerPossDef,Minutes,DefAtRimReboundPct,DefFGReboundPct,AtRimAccuracy,player_on,OffFGReboundPct,nba_id
0,2024,107.77479892761394,114.09574468085108,129.0,203.0,66.0,117.0,177.0,746.0,752.0,101.0,55.0,40.0,63.0,251.0,858.0,804.0,120.0,415.0,61.0,0.5398648648648648,0.3266932270916334,0.6816816816816816,97.19821565358448,0.3048048048048048,15.33378016085791,14.300531914893616,370.0,0.5555555555555556,0.7142857142857143,0.6354679802955665,True,0.3032786885245901,1641730
1,2024,114.36893203883496,116.74515235457064,1255.0,1926.0,728.0,959.0,1534.0,7210.0,7220.0,1082.0,501.0,334.0,856.0,2759.0,8429.0,8246.0,1056.0,3882.0,502.0,0.562731386260798,0.3649873142442914,0.7054660442704412,96.43796961947768,0.2900165637705165,15.061719833564494,14.802216066481996,3591.0,0.6181277860326895,0.7274331079094384,0.6516095534787124,False,0.2811256395679363,1641730
