index,year,ortg,drtg,AtRimFGM,AtRimFGA,AtRimAssists,Turnovers,FTA,OffPoss,DefPoss,TwoPtAssists,Steals,BadPassSteals,ThreePtAssists,FG3A,OpponentPoints,Points,SecondChancePoints,FG2A,LiveBallTurnovers,TsPct,Fg3Pct,AtRimFG3AFrequency,Pace,AtRimFrequency,SecondsPerPossOff,SecondsPerPossDef,Minutes,DefAtRimReboundPct,DefFGReboundPct,AtRimAccuracy,player_on,OffFGReboundPct,nba_id
0,2024,118.34254143646407,107.87139689578714,149.0,218.0,99.0,122.0,220.0,905.0,902.0,130.0,66.0,34.0,85.0,328.0,973.0,1071.0,149.0,504.0,62.0,0.5783783783783784,0.3689024390243902,0.65625,93.9311241065627,0.2620192307692308,14.885082872928177,15.777161862527716,462.0,0.6835443037974683,0.7777777777777778,0.6834862385321101,True,0.3177570093457944,1641726
1,2024,112.29946524064172,114.52464788732394,181.0,267.0,116.0,154.0,279.0,1122.0,1136.0,155.0,72.0,42.0,95.0,400.0,1301.0,1260.0,144.0,595.0,88.0,0.5612701252236136,0.3525,0.6703517587939698,91.18626956082788,0.2683417085427135,15.47415329768271,16.1056338028169,594.0,0.5754716981132075,0.7040280210157618,0.6779026217228464,False,0.2739463601532567,1641726
