index,year,ortg,drtg,AtRimFGM,AtRimFGA,AtRimAssists,Turnovers,FTA,OffPoss,DefPoss,TwoPtAssists,Steals,BadPassSteals,ThreePtAssists,FG3A,OpponentPoints,Points,SecondChancePoints,FG2A,LiveBallTurnovers,TsPct,Fg3Pct,AtRimFG3AFrequency,Pace,AtRimFrequency,SecondsPerPossOff,SecondsPerPossDef,Minutes,DefAtRimReboundPct,DefFGReboundPct,AtRimAccuracy,player_on,OffFGReboundPct,nba_id
0,2024,62.5,91.30434782608695,4.0,5.0,2.0,4.0,,24.0,23.0,3.0,1.0,,1.0,8.0,21.0,15.0,3.0,14.0,,0.3409090909090909,0.125,0.5909090909090909,99.6759941089838,0.2272727272727272,14.583333333333334,14.304347826086955,11.0,1.0,0.8888888888888888,0.8,True,0.1428571428571428,1641775
1,2024,110.02317497103128,118.26589595375722,275.0,392.0,152.0,217.0,268.0,1726.0,1730.0,264.0,96.0,55.0,150.0,614.0,2046.0,1899.0,178.0,983.0,119.0,0.5560117302052786,0.3355048859934853,0.6299311208515967,91.58167865883956,0.245460237946149,15.148319814600232,16.297687861271676,906.0,0.6893203883495146,0.7395577395577395,0.701530612244898,False,0.2267303102625298,1641775
