index,year,ortg,drtg,AtRimFGM,AtRimFGA,AtRimAssists,Turnovers,FTA,OffPoss,DefPoss,TwoPtAssists,Steals,BadPassSteals,ThreePtAssists,FG3A,OpponentPoints,Points,SecondChancePoints,FG2A,LiveBallTurnovers,TsPct,Fg3Pct,AtRimFG3AFrequency,Pace,AtRimFrequency,SecondsPerPossOff,SecondsPerPossDef,Minutes,DefAtRimReboundPct,DefFGReboundPct,AtRimAccuracy,player_on,OffFGReboundPct,nba_id
0,2024,94.47004608294932,120.27649769585254,27.0,48.0,12.0,43.0,33.0,217.0,217.0,23.0,7.0,4.0,17.0,65.0,261.0,205.0,31.0,127.0,24.0,0.4951219512195122,0.3076923076923077,0.5885416666666666,97.78751369112815,0.25,14.903225806451612,14.548387096774194,107.0,0.8461538461538461,0.7623762376237624,0.5625,True,0.2909090909090909,1642013
1,2024,113.4651719360121,119.29029822574556,1542.0,2275.0,974.0,1104.0,1739.0,7939.0,7947.0,1461.0,627.0,392.0,834.0,2647.0,9480.0,9008.0,1116.0,4517.0,571.0,0.5683977200759974,0.348318851530034,0.6870463428252372,98.91442432837952,0.3175600223338917,14.143720871646304,14.971939096514408,3854.0,0.611353711790393,0.7025228721929582,0.6778021978021977,False,0.2766360194699838,1642013
