index,year,ortg,drtg,AtRimFGM,AtRimFGA,AtRimAssists,Turnovers,FTA,OffPoss,DefPoss,TwoPtAssists,Steals,BadPassSteals,ThreePtAssists,FG3A,OpponentPoints,Points,SecondChancePoints,FG2A,LiveBallTurnovers,TsPct,Fg3Pct,AtRimFG3AFrequency,Pace,AtRimFrequency,SecondsPerPossOff,SecondsPerPossDef,Minutes,DefAtRimReboundPct,DefFGReboundPct,AtRimAccuracy,player_on,OffFGReboundPct,nba_id
0,2024,120.27649769585254,94.47004608294932,39.0,53.0,23.0,22.0,45.0,217.0,217.0,33.0,24.0,18.0,32.0,95.0,205.0,261.0,40.0,108.0,7.0,0.5878378378378378,0.3789473684210526,0.729064039408867,97.78751369112815,0.2610837438423645,14.548387096774194,14.903225806451612,107.0,0.6190476190476191,0.7090909090909091,0.7358490566037735,True,0.2376237623762376,1642013
1,2024,119.29029822574556,113.4651719360121,1558.0,2250.0,918.0,1115.0,1582.0,7947.0,7939.0,1355.0,571.0,385.0,926.0,2884.0,9008.0,9480.0,1243.0,4389.0,627.0,0.5947527368818422,0.3758668515950069,0.7058985288051698,98.91442432837952,0.3093633988725423,14.971939096514408,14.143720871646304,3854.0,0.636986301369863,0.7233639805300163,0.6924444444444444,False,0.2974771278070419,1642013
