index,year,ortg,drtg,AtRimFGM,AtRimFGA,AtRimAssists,Turnovers,FTA,OffPoss,DefPoss,TwoPtAssists,Steals,BadPassSteals,ThreePtAssists,FG3A,OpponentPoints,Points,SecondChancePoints,FG2A,LiveBallTurnovers,TsPct,Fg3Pct,AtRimFG3AFrequency,Pace,AtRimFrequency,SecondsPerPossOff,SecondsPerPossDef,Minutes,DefAtRimReboundPct,DefFGReboundPct,AtRimAccuracy,player_on,OffFGReboundPct,nba_id
0,1997,114.3,109.9,,,,,,,,,,,,,,,,,,,,,,,,,627.0,,,,True,0.3,165
1,1997,104.0,107.4,,,,,,,,,,,,,,,,,,,,,,,,,142.0,,,,False,0.385,165
2,1998,91.2,102.8,,,,,,,,,,,,,,,,,,,,,,,,,188.0,,,,True,0.243,165
3,1998,112.1,102.3,,,,,,,,,,,,,,,,,,,,,,,,,50.0,,,,False,0.2789999999999999,165
4,1999,101.7,108.8,,,,,,,,,,,,,,,,,,,,,,,,,123.0,,,,True,0.291,165
5,1999,111.3,100.7,,,,,,,,,,,,,,,,,,,,,,,,,68.0,,,,False,0.3389999999999999,165
6,2002,97.27891156462584,102.73972602739724,20.0,38.0,14.0,31.0,26.0,147.0,146.0,37.0,13.0,7.0,4.0,20.0,150.0,143.0,27.0,117.0,12.0,0.4798657718120805,0.25,0.4233576642335766,81.91030867792662,0.2773722627737226,18.482993197278912,16.671232876712327,86.0,0.7333333333333333,0.7,0.5263157894736842,True,0.4210526315789473,165
7,2002,98.22064056939502,100.354609929078,43.0,76.0,27.0,49.0,77.0,281.0,282.0,55.0,27.0,14.0,9.0,33.0,283.0,276.0,42.0,216.0,28.0,0.4823943661971831,0.3636363636363636,0.4377510040160642,87.65488160882258,0.3052208835341365,16.523131672597867,16.333333333333332,154.0,0.6388888888888888,0.7103448275862069,0.5657894736842105,False,0.3591549295774648,165
