index,year,ortg,drtg,AtRimFGM,AtRimFGA,AtRimAssists,Turnovers,FTA,OffPoss,DefPoss,TwoPtAssists,Steals,BadPassSteals,ThreePtAssists,FG3A,OpponentPoints,Points,SecondChancePoints,FG2A,LiveBallTurnovers,TsPct,Fg3Pct,AtRimFG3AFrequency,Pace,AtRimFrequency,SecondsPerPossOff,SecondsPerPossDef,Minutes,DefAtRimReboundPct,DefFGReboundPct,AtRimAccuracy,player_on,OffFGReboundPct,nba_id
0,1997,109.9,114.3,,,,,,,,,,,,,,,,,,,,,,,,,627.0,,,,True,0.317,165
1,1997,107.4,104.0,,,,,,,,,,,,,,,,,,,,,,,,,142.0,,,,False,0.3,165
2,1998,102.8,91.2,,,,,,,,,,,,,,,,,,,,,,,,,188.0,,,,True,0.244,165
3,1998,102.3,112.1,,,,,,,,,,,,,,,,,,,,,,,,,50.0,,,,False,0.2,165
4,1999,108.8,101.7,,,,,,,,,,,,,,,,,,,,,,,,,123.0,,,,True,0.204,165
5,1999,100.7,111.3,,,,,,,,,,,,,,,,,,,,,,,,,68.0,,,,False,0.324,165
6,2002,102.73972602739724,97.27891156462584,22.0,37.0,14.0,33.0,23.0,146.0,147.0,26.0,12.0,8.0,11.0,33.0,143.0,150.0,10.0,86.0,13.0,0.5769230769230769,0.4242424242424242,0.5882352941176471,81.91030867792662,0.3109243697478991,16.671232876712327,18.482993197278912,86.0,0.2777777777777778,0.5789473684210527,0.5945945945945946,True,0.3,165
7,2002,100.354609929078,98.22064056939502,37.0,73.0,18.0,42.0,107.0,282.0,281.0,36.0,28.0,21.0,18.0,61.0,276.0,283.0,54.0,176.0,27.0,0.4895104895104895,0.3442622950819672,0.5654008438818565,87.65488160882258,0.3080168776371308,16.333333333333332,16.523131672597867,154.0,0.4545454545454545,0.6408450704225352,0.5068493150684932,False,0.2896551724137931,165
