index,year,ortg,drtg,AtRimFGM,AtRimFGA,AtRimAssists,Turnovers,FTA,OffPoss,DefPoss,TwoPtAssists,Steals,BadPassSteals,ThreePtAssists,FG3A,OpponentPoints,Points,SecondChancePoints,FG2A,LiveBallTurnovers,TsPct,Fg3Pct,AtRimFG3AFrequency,Pace,AtRimFrequency,SecondsPerPossOff,SecondsPerPossDef,Minutes,DefAtRimReboundPct,DefFGReboundPct,AtRimAccuracy,player_on,OffFGReboundPct,nba_id
0,1997,96.8,108.7,,,,,,,,,,,,,,,,,,,,,,,,,512.0,,,,True,0.275,166
1,1997,106.3,104.7,,,,,,,,,,,,,,,,,,,,,,,,,394.0,,,,False,0.276,166
2,1998,103.0,107.7,,,,,,,,,,,,,,,,,,,,,,,,,562.0,,,,True,0.271,166
3,1998,98.7,108.7,,,,,,,,,,,,,,,,,,,,,,,,,451.0,,,,False,0.282,166
4,2000,105.0,108.6,,,,,,,,,,,,,,,,,,,,,,,,,642.0,,,,True,0.263,166
5,2000,108.9,109.1,,,,,,,,,,,,,,,,,,,,,,,,,463.0,,,,False,0.263,166
6,2001,96.55172413793105,134.88372093023256,7.0,15.0,2.0,8.0,34.0,87.0,86.0,10.0,1.0,1.0,3.0,14.0,116.0,84.0,11.0,59.0,6.0,0.4715909090909091,0.3571428571428571,0.3972602739726027,94.11409142425389,0.2054794520547945,14.96551724137931,15.63953488372093,44.0,1.0,0.7692307692307693,0.4666666666666667,True,0.1777777777777777,166
7,2001,97.50178443968592,109.77872947894362,198.0,339.0,88.0,217.0,389.0,1401.0,1401.0,203.0,119.0,78.0,49.0,222.0,1538.0,1366.0,203.0,1005.0,141.0,0.4839170836311651,0.2657657657657657,0.4572127139364303,92.26167882377152,0.2762836185819071,15.460385438972162,15.755174875089224,729.0,0.4533333333333333,0.6234756097560976,0.584070796460177,False,0.2935393258426966,166
