index,year,ortg,drtg,AtRimFGM,AtRimFGA,AtRimAssists,Turnovers,FTA,OffPoss,DefPoss,TwoPtAssists,Steals,BadPassSteals,ThreePtAssists,FG3A,OpponentPoints,Points,SecondChancePoints,FG2A,LiveBallTurnovers,TsPct,Fg3Pct,AtRimFG3AFrequency,Pace,AtRimFrequency,SecondsPerPossOff,SecondsPerPossDef,Minutes,DefAtRimReboundPct,DefFGReboundPct,AtRimAccuracy,player_on,OffFGReboundPct,nba_id
0,1998,104.5,101.2,,,,,,,,,,,,,,,,,,,,,,,,,40.0,,,,True,0.209,1683
1,1998,110.5,102.8,,,,,,,,,,,,,,,,,,,,,,,,,3896.0,,,,False,0.332,1683
2,2001,102.64244426094136,97.52475247524752,194.0,321.0,104.0,197.0,415.0,1211.0,1212.0,204.0,118.0,77.0,40.0,145.0,1182.0,1243.0,160.0,852.0,101.0,0.5215371621621622,0.3517241379310344,0.4674022066198596,92.23887699262433,0.3219658976930792,15.022295623451694,16.20049504950495,630.0,0.6363636363636364,0.6879562043795621,0.6043613707165109,True,0.3069852941176471,1683
3,2001,103.87802971071147,98.26236693800875,909.0,1548.0,526.0,1013.0,1738.0,6395.0,6388.0,1203.0,580.0,358.0,290.0,935.0,6277.0,6643.0,906.0,4677.0,531.0,0.5163511187607573,0.3689839572192513,0.4424447612259444,92.53125424137777,0.2758374910905203,15.501485535574668,15.62319974953037,3316.0,0.5908372827804107,0.6867279062401014,0.5872093023255814,False,0.3096166341780377,1683
4,2001,250.0,,2.0,2.0,1.0,,1.0,2.0,3.0,1.0,1.0,,,1.0,,5.0,,2.0,,0.8333333333333334,,1.0,82.75862068965517,0.6666666666666666,14.0,19.666666666666668,1.0,1.0,1.0,1.0,True,,1683
5,2001,104.6056114346215,100.34505640345056,1184.0,1980.0,698.0,1229.0,2124.0,7556.0,7535.0,1510.0,693.0,413.0,369.0,1154.0,7561.0,7904.0,1135.0,5425.0,642.0,0.521334573973149,0.365684575389948,0.4763641890864873,91.36447340760984,0.3009575923392613,15.89425622022234,15.627471798274716,3964.0,0.5638051044083526,0.6719056974459725,0.597979797979798,False,0.3190596137699412,1683
6,2002,114.28571428571428,126.08695652173913,5.0,5.0,2.0,5.0,5.0,21.0,23.0,3.0,1.0,1.0,2.0,4.0,29.0,24.0,2.0,12.0,3.0,0.6666666666666666,0.75,0.5625,97.0290964777948,0.3125,15.38095238095238,14.347826086956522,11.0,,0.7777777777777778,1.0,True,0.2857142857142857,1683
7,2002,105.66369288997026,101.32665493434412,1197.0,1945.0,599.0,1097.0,2042.0,7398.0,7387.0,1374.0,685.0,447.0,383.0,1252.0,7485.0,7817.0,1105.0,5302.0,555.0,0.5213692390139335,0.3514376996805112,0.4877937137625877,89.8302581780285,0.2967653341470857,15.90118951067856,16.159469338026263,3950.0,0.6021505376344086,0.712710228839261,0.6154241645244216,False,0.3124120461581762,1683
