index,year,ortg,drtg,AtRimFGM,AtRimFGA,AtRimAssists,Turnovers,FTA,OffPoss,DefPoss,TwoPtAssists,Steals,BadPassSteals,ThreePtAssists,FG3A,OpponentPoints,Points,SecondChancePoints,FG2A,LiveBallTurnovers,TsPct,Fg3Pct,AtRimFG3AFrequency,Pace,AtRimFrequency,SecondsPerPossOff,SecondsPerPossDef,Minutes,DefAtRimReboundPct,DefFGReboundPct,AtRimAccuracy,player_on,OffFGReboundPct,nba_id
0,1998,101.2,104.5,,,,,,,,,,,,,,,,,,,,,,,,,40.0,,,,True,0.34,1683
1,1998,102.8,110.5,,,,,,,,,,,,,,,,,,,,,,,,,3896.0,,,,False,0.313,1683
2,2001,97.52475247524752,102.64244426094136,145.0,247.0,61.0,246.0,334.0,1212.0,1211.0,159.0,101.0,63.0,69.0,208.0,1243.0,1182.0,174.0,791.0,118.0,0.5091383812010444,0.3701923076923077,0.4554554554554554,92.23887699262433,0.2472472472472472,16.20049504950495,15.022295623451694,630.0,0.5590551181102362,0.6930147058823529,0.5870445344129555,True,0.3120437956204379,1683
3,2001,98.26236693800875,103.87802971071147,932.0,1570.0,448.0,1121.0,1477.0,6388.0,6395.0,1130.0,531.0,305.0,201.0,725.0,6643.0,6277.0,958.0,4944.0,580.0,0.493351274339085,0.353103448275862,0.4048333039336744,92.53125424137777,0.2769447874404657,15.62319974953037,15.501485535574668,3316.0,0.6169544740973313,0.6903833658219624,0.5936305732484076,False,0.3132720937598986,1683
4,2001,,250.0,,1.0,,2.0,,3.0,2.0,,,,,,5.0,,,1.0,1.0,,,1.0,82.75862068965517,1.0,19.666666666666668,14.0,1.0,,,,True,,1683
5,2001,100.34505640345056,104.6056114346215,1201.0,2069.0,660.0,1349.0,2040.0,7535.0,7556.0,1507.0,642.0,428.0,201.0,659.0,7904.0,7561.0,1162.0,5872.0,693.0,0.5053105673568163,0.3338391502276176,0.4177001990506813,91.36447340760984,0.3167968151890981,15.627471798274716,15.89425622022234,3964.0,0.5850253807106599,0.6809403862300588,0.5804736587723538,False,0.3280943025540275,1683
6,2002,126.08695652173913,114.28571428571428,4.0,5.0,2.0,1.0,6.0,23.0,21.0,4.0,3.0,2.0,3.0,7.0,24.0,29.0,3.0,14.0,1.0,0.6304347826086957,0.4285714285714285,0.5714285714285714,97.0290964777948,0.238095238095238,14.347826086956522,15.38095238095238,11.0,,0.7142857142857143,0.8,True,0.2222222222222222,1683
7,2002,101.32665493434412,105.66369288997026,920.0,1672.0,496.0,1191.0,1780.0,7387.0,7398.0,1323.0,555.0,342.0,390.0,1337.0,7817.0,7485.0,1042.0,5162.0,685.0,0.5096259625962596,0.3522812266267763,0.4629943068164333,89.8302581780285,0.2572703492845053,16.159469338026263,15.90118951067856,3950.0,0.601889338731444,0.6875879538418238,0.5502392344497608,False,0.2872897711607389,1683
