index,year,ortg,drtg,AtRimFGM,AtRimFGA,AtRimAssists,Turnovers,FTA,OffPoss,DefPoss,TwoPtAssists,Steals,BadPassSteals,ThreePtAssists,FG3A,OpponentPoints,Points,SecondChancePoints,FG2A,LiveBallTurnovers,TsPct,Fg3Pct,AtRimFG3AFrequency,Pace,AtRimFrequency,SecondsPerPossOff,SecondsPerPossDef,Minutes,DefAtRimReboundPct,DefFGReboundPct,AtRimAccuracy,player_on,OffFGReboundPct,nba_id
0,2001,110.1063829787234,112.15469613259668,32.0,53.0,16.0,28.0,62.0,188.0,181.0,29.0,13.0,10.0,10.0,30.0,203.0,207.0,33.0,132.0,12.0,0.5421052631578948,0.4333333333333333,0.5123456790123457,87.09391902966726,0.3271604938271605,16.420212765957448,16.65193370165746,102.0,0.625,0.6777777777777778,0.6037735849056604,True,0.3411764705882353,1721
1,2001,103.13588850174216,104.39306358381504,119.0,193.0,62.0,138.0,237.0,861.0,865.0,149.0,76.0,52.0,30.0,107.0,903.0,888.0,124.0,633.0,82.0,0.5212014134275619,0.3364485981308411,0.4054054054054054,87.33405952422784,0.2608108108108108,16.34843205574913,16.627745664739884,474.0,0.5581395348837209,0.6782407407407407,0.616580310880829,False,0.2972292191435768,1721
2,2002,99.67532467532467,99.03225806451611,38.0,73.0,21.0,48.0,99.0,308.0,310.0,45.0,29.0,22.0,19.0,67.0,307.0,307.0,52.0,196.0,27.0,0.4951298701298701,0.3283582089552239,0.532319391634981,85.43778801843318,0.2775665399239543,16.707792207792206,17.0,174.0,0.5,0.6346153846153846,0.5205479452054794,True,0.2784810126582278,1721
3,2002,105.0,94.91525423728814,21.0,37.0,11.0,27.0,31.0,120.0,118.0,17.0,11.0,7.0,10.0,27.0,112.0,126.0,12.0,66.0,13.0,0.5787037037037037,0.4814814814814814,0.6881720430107527,86.02409638554217,0.3978494623655914,15.783333333333331,17.71186440677966,66.0,0.1764705882352941,0.5806451612903226,0.5675675675675675,False,0.3404255319148936,1721
4,2003,110.8761329305136,114.1566265060241,48.0,81.0,20.0,52.0,93.0,331.0,332.0,43.0,17.0,12.0,23.0,68.0,379.0,367.0,71.0,241.0,25.0,0.5213068181818182,0.4264705882352941,0.4822006472491909,92.1989377112506,0.2621359223300971,16.117824773413897,15.120481927710845,173.0,0.6153846153846154,0.6687898089171974,0.5925925925925926,True,0.3941176470588235,1721
5,2003,109.22330097087378,111.30012150668288,123.0,175.0,67.0,119.0,202.0,824.0,823.0,152.0,57.0,40.0,45.0,153.0,916.0,900.0,124.0,588.0,65.0,0.5392512077294686,0.3594771241830065,0.4426450742240216,95.61298125377948,0.2361673414304993,15.802184466019416,14.318347509113002,413.0,0.5473684210526316,0.6804123711340206,0.7028571428571428,False,0.3005181347150259,1721
