index,year,ortg,drtg,AtRimFGM,AtRimFGA,AtRimAssists,Turnovers,FTA,OffPoss,DefPoss,TwoPtAssists,Steals,BadPassSteals,ThreePtAssists,FG3A,OpponentPoints,Points,SecondChancePoints,FG2A,LiveBallTurnovers,TsPct,Fg3Pct,AtRimFG3AFrequency,Pace,AtRimFrequency,SecondsPerPossOff,SecondsPerPossDef,Minutes,DefAtRimReboundPct,DefFGReboundPct,AtRimAccuracy,player_on,OffFGReboundPct,nba_id
0,2001,112.15469613259668,110.1063829787234,24.0,40.0,13.0,26.0,53.0,181.0,188.0,37.0,12.0,9.0,9.0,36.0,207.0,203.0,35.0,133.0,13.0,0.5286458333333334,0.3888888888888889,0.4497041420118343,87.09391902966726,0.2366863905325443,16.65193370165746,16.420212765957448,102.0,0.4761904761904761,0.6588235294117647,0.6,True,0.3222222222222222,1721
1,2001,104.39306358381504,103.13588850174216,102.0,188.0,48.0,137.0,197.0,865.0,861.0,176.0,82.0,47.0,47.0,145.0,888.0,903.0,132.0,640.0,76.0,0.5131880733944955,0.3931034482758621,0.4242038216560509,87.33405952422784,0.2394904458598726,16.627745664739884,16.34843205574913,474.0,0.6164383561643836,0.7027707808564232,0.5425531914893617,False,0.3217592592592592,1721
2,2002,99.03225806451611,99.67532467532467,46.0,80.0,30.0,58.0,72.0,310.0,308.0,64.0,27.0,13.0,10.0,38.0,307.0,307.0,37.0,240.0,29.0,0.4919354838709677,0.3684210526315789,0.4244604316546763,85.43778801843318,0.2877697841726618,17.0,16.707792207792206,174.0,0.6857142857142857,0.7215189873417721,0.575,True,0.3653846153846153,1721
3,2002,94.91525423728814,105.0,17.0,34.0,11.0,22.0,31.0,118.0,120.0,28.0,13.0,8.0,3.0,15.0,126.0,112.0,32.0,93.0,11.0,0.4552845528455284,0.2,0.4537037037037037,86.02409638554217,0.3148148148148148,17.71186440677966,15.783333333333331,66.0,0.625,0.6595744680851063,0.5,False,0.4193548387096774,1721
4,2003,114.1566265060241,110.8761329305136,47.0,73.0,26.0,45.0,92.0,332.0,331.0,57.0,25.0,22.0,23.0,74.0,367.0,379.0,57.0,225.0,17.0,0.5542521994134897,0.3378378378378378,0.4916387959866221,92.1989377112506,0.2441471571906354,15.120481927710845,16.117824773413897,173.0,0.5454545454545454,0.6058823529411764,0.6438356164383562,True,0.3312101910828025,1721
5,2003,111.30012150668288,109.22330097087378,146.0,241.0,74.0,116.0,258.0,823.0,824.0,141.0,65.0,49.0,50.0,147.0,900.0,916.0,109.0,580.0,57.0,0.5391923990498813,0.3809523809523809,0.5337001375515819,95.61298125377948,0.3314993122420908,14.318347509113002,15.802184466019416,413.0,0.5769230769230769,0.6994818652849741,0.6058091286307054,False,0.3195876288659793,1721
