index,year,ortg,drtg,AtRimFGM,AtRimFGA,AtRimAssists,Turnovers,FTA,OffPoss,DefPoss,TwoPtAssists,Steals,BadPassSteals,ThreePtAssists,FG3A,OpponentPoints,Points,SecondChancePoints,FG2A,LiveBallTurnovers,TsPct,Fg3Pct,AtRimFG3AFrequency,Pace,AtRimFrequency,SecondsPerPossOff,SecondsPerPossDef,Minutes,DefAtRimReboundPct,DefFGReboundPct,AtRimAccuracy,player_on,OffFGReboundPct,nba_id
0,1999,122.2,88.9,,,,,,,,,,,,,,,,,,,,,,,,,4.0,,,,True,0.4,1724
1,1999,104.7,106.3,,,,,,,,,,,,,,,,,,,,,,,,,187.0,,,,False,0.305,1724
2,2002,90.9090909090909,144.44444444444446,1.0,1.0,1.0,3.0,2.0,11.0,9.0,3.0,1.0,1.0,,,13.0,10.0,,5.0,2.0,0.8333333333333334,,0.2,109.9236641221374,0.2,14.363636363636363,11.555555555555555,4.0,,1.0,1.0,True,,1724
3,2002,103.01204819277108,102.89855072463769,137.0,250.0,67.0,130.0,289.0,830.0,828.0,144.0,79.0,40.0,29.0,110.0,852.0,855.0,145.0,614.0,56.0,0.4936194895591647,0.3636363636363636,0.4972375690607735,90.92543224921928,0.3453038674033149,16.725301204819278,14.946859903381643,438.0,0.594059405940594,0.6990049751243781,0.548,False,0.3616504854368932,1724
