index,year,ortg,drtg,AtRimFGM,AtRimFGA,AtRimAssists,Turnovers,FTA,OffPoss,DefPoss,TwoPtAssists,Steals,BadPassSteals,ThreePtAssists,FG3A,OpponentPoints,Points,SecondChancePoints,FG2A,LiveBallTurnovers,TsPct,Fg3Pct,AtRimFG3AFrequency,Pace,AtRimFrequency,SecondsPerPossOff,SecondsPerPossDef,Minutes,DefAtRimReboundPct,DefFGReboundPct,AtRimAccuracy,player_on,OffFGReboundPct,nba_id
0,1999,102.0,96.9,,,,,,,,,,,,,,,,,,,,,,,,,346.0,,,,True,0.246,1728
1,1999,93.8,99.0,,,,,,,,,,,,,,,,,,,,,,,,,2051.0,,,,False,0.285,1728
2,2000,106.0,98.0,,,,,,,,,,,,,,,,,,,,,,,,,854.0,,,,True,0.271,1728
3,2000,106.7,102.7,,,,,,,,,,,,,,,,,,,,,,,,,3089.0,,,,False,0.296,1728
4,2001,99.2874109263658,97.27649496743636,208.0,376.0,109.0,269.0,433.0,1684.0,1689.0,295.0,143.0,84.0,68.0,242.0,1643.0,1672.0,190.0,1232.0,133.0,0.4979016786570743,0.3305785123966942,0.4192672998643147,89.62798937112488,0.2550881953867028,15.658551068883613,16.473060982830077,903.0,0.60625,0.6764705882352942,0.5531914893617021,True,0.2773109243697479,1728
5,2001,104.93076663289428,98.39282693283708,895.0,1493.0,521.0,941.0,1720.0,5922.0,5911.0,1112.0,555.0,351.0,262.0,838.0,5816.0,6214.0,876.0,4297.0,499.0,0.5226003047232097,0.3770883054892601,0.4539435248296007,93.33245694754832,0.2907497565725414,15.358831475852751,15.498731179157502,3043.0,0.5944055944055944,0.6900175131348512,0.5994641661085064,False,0.3187522409465758,1728
6,2001,100.0,82.75862068965517,2.0,5.0,1.0,6.0,17.0,31.0,29.0,6.0,1.0,1.0,1.0,2.0,24.0,31.0,7.0,21.0,4.0,0.5,0.5,0.3043478260869565,98.74285714285712,0.217391304347826,14.741935483870968,14.413793103448276,15.0,1.0,0.7368421052631579,0.4,True,0.4285714285714285,1728
7,2001,98.30847096430476,102.93961159882949,1085.0,1702.0,607.0,1254.0,1643.0,7508.0,7518.0,1418.0,671.0,397.0,346.0,1246.0,7739.0,7381.0,1029.0,5430.0,686.0,0.4952696310312204,0.3418940609951846,0.4415817855002996,91.15797810938568,0.2549430796884362,15.729754928076716,15.86366054801809,3956.0,0.5671875,0.6562232982056394,0.6374853113983548,False,0.2935363247863248,1728
