index,year,ortg,drtg,AtRimFGM,AtRimFGA,AtRimAssists,Turnovers,FTA,OffPoss,DefPoss,TwoPtAssists,Steals,BadPassSteals,ThreePtAssists,FG3A,OpponentPoints,Points,SecondChancePoints,FG2A,LiveBallTurnovers,TsPct,Fg3Pct,AtRimFG3AFrequency,Pace,AtRimFrequency,SecondsPerPossOff,SecondsPerPossDef,Minutes,DefAtRimReboundPct,DefFGReboundPct,AtRimAccuracy,player_on,OffFGReboundPct,nba_id
0,2004,108.7719298245614,100.0,44.0,75.0,24.0,35.0,56.0,228.0,229.0,39.0,29.0,16.0,14.0,46.0,229.0,248.0,40.0,169.0,16.0,0.5146443514644351,0.3695652173913043,0.5627906976744186,89.29172320217097,0.3488372093023256,17.714912280701753,14.54585152838428,123.0,0.5806451612903226,0.76,0.5866666666666667,True,0.3644067796610169,1729
1,2004,114.5985401459854,81.95488721804512,30.0,46.0,19.0,16.0,35.0,137.0,133.0,28.0,22.0,14.0,11.0,28.0,109.0,157.0,29.0,95.0,10.0,0.562962962962963,0.4285714285714285,0.6016260162601627,93.6867469879518,0.3739837398373983,15.941605839416058,14.781954887218046,69.0,0.631578947368421,0.7,0.6521739130434783,False,0.2063492063492063,1729
2,2005,96.47887323943662,104.92957746478874,53.0,106.0,35.0,78.0,154.0,426.0,426.0,60.0,46.0,25.0,25.0,82.0,447.0,411.0,39.0,261.0,39.0,0.4914634146341463,0.3536585365853658,0.5481049562682215,85.69991617770327,0.3090379008746355,18.089201877934272,15.51643192488263,239.0,0.5333333333333333,0.6752577319587629,0.5,True,0.2815533980582524,1729
3,2005,111.89189189189187,90.27027027027027,17.0,43.0,11.0,32.0,70.0,185.0,185.0,30.0,17.0,11.0,17.0,43.0,167.0,207.0,29.0,110.0,20.0,0.5521978021978022,0.4418604651162791,0.5620915032679739,86.71875,0.2810457516339869,17.232432432432432,15.97837837837838,102.0,0.7586206896551724,0.8068181818181818,0.3953488372093023,False,0.3255813953488372,1729
