index,year,ortg,drtg,AtRimFGM,AtRimFGA,AtRimAssists,Turnovers,FTA,OffPoss,DefPoss,TwoPtAssists,Steals,BadPassSteals,ThreePtAssists,FG3A,OpponentPoints,Points,SecondChancePoints,FG2A,LiveBallTurnovers,TsPct,Fg3Pct,AtRimFG3AFrequency,Pace,AtRimFrequency,SecondsPerPossOff,SecondsPerPossDef,Minutes,DefAtRimReboundPct,DefFGReboundPct,AtRimAccuracy,player_on,OffFGReboundPct,nba_id
0,2002,115.23809523809524,98.0952380952381,18.0,25.0,10.0,17.0,25.0,105.0,105.0,18.0,5.0,2.0,10.0,15.0,103.0,121.0,12.0,72.0,9.0,0.6111111111111112,0.6666666666666666,0.4597701149425287,84.99156829679596,0.2873563218390804,15.352380952380951,18.53333333333333,59.0,0.6,0.6507936507936508,0.72,True,0.2894736842105263,1738
1,2002,97.17868338557994,119.18238993710692,44.0,76.0,18.0,36.0,70.0,319.0,318.0,47.0,15.0,11.0,12.0,46.0,379.0,310.0,47.0,265.0,20.0,0.4488304093567251,0.3043478260869565,0.3922829581993569,84.60431654676259,0.2443729903536977,17.87460815047022,16.163522012578618,181.0,0.625,0.7101449275362319,0.5789473684210527,False,0.3064516129032258,1738
