index,year,ortg,drtg,AtRimFGM,AtRimFGA,AtRimAssists,Turnovers,FTA,OffPoss,DefPoss,TwoPtAssists,Steals,BadPassSteals,ThreePtAssists,FG3A,OpponentPoints,Points,SecondChancePoints,FG2A,LiveBallTurnovers,TsPct,Fg3Pct,AtRimFG3AFrequency,Pace,AtRimFrequency,SecondsPerPossOff,SecondsPerPossDef,Minutes,DefAtRimReboundPct,DefFGReboundPct,AtRimAccuracy,player_on,OffFGReboundPct,nba_id
0,2002,100.0,100.0,1.0,2.0,1.0,,2.0,6.0,6.0,1.0,2.0,2.0,,2.0,6.0,6.0,,3.0,,0.5,,0.8,136.06299212598424,0.4,12.5,8.666666666666666,2.0,,,0.5,True,,1743
1,2002,96.57387580299786,97.41379310344828,73.0,126.0,38.0,74.0,116.0,467.0,464.0,75.0,39.0,22.0,15.0,58.0,452.0,451.0,75.0,352.0,41.0,0.4859002169197396,0.2758620689655172,0.448780487804878,90.13917837692463,0.3073170731707317,14.869379014989294,17.088362068965516,248.0,0.6976744186046512,0.7586206896551724,0.5793650793650794,False,0.2894736842105263,1743
