index,year,ortg,drtg,AtRimFGM,AtRimFGA,AtRimAssists,Turnovers,FTA,OffPoss,DefPoss,TwoPtAssists,Steals,BadPassSteals,ThreePtAssists,FG3A,OpponentPoints,Points,SecondChancePoints,FG2A,LiveBallTurnovers,TsPct,Fg3Pct,AtRimFG3AFrequency,Pace,AtRimFrequency,SecondsPerPossOff,SecondsPerPossDef,Minutes,DefAtRimReboundPct,DefFGReboundPct,AtRimAccuracy,player_on,OffFGReboundPct,nba_id
0,1999,116.7,142.9,,,,,,,,,,,,,,,,,,,,,,,,,3.0,,,,True,0.2,1744
1,1999,96.1,100.4,,,,,,,,,,,,,,,,,,,,,,,,,245.0,,,,False,0.294,1744
2,2002,108.26446280991736,121.48760330578511,19.0,26.0,5.0,14.0,23.0,121.0,121.0,18.0,4.0,2.0,4.0,17.0,147.0,131.0,12.0,99.0,7.0,0.516,0.2941176470588235,0.3706896551724138,82.16929969346852,0.2241379310344827,18.297520661157023,16.75206611570248,71.0,0.7777777777777778,0.7959183673469388,0.7307692307692307,True,0.288135593220339,1744
3,2002,99.009900990099,110.9271523178808,43.0,75.0,23.0,39.0,72.0,303.0,302.0,47.0,16.0,11.0,18.0,44.0,335.0,300.0,47.0,238.0,22.0,0.4731012658227848,0.4318181818181818,0.4219858156028369,85.75647209371002,0.2659574468085106,16.831683168316832,16.751655629139073,169.0,0.56,0.6578947368421053,0.5733333333333334,False,0.3090909090909091,1744
4,2005,114.41774491682072,113.0755064456722,89.0,153.0,43.0,76.0,170.0,541.0,543.0,85.0,40.0,28.0,22.0,103.0,614.0,619.0,78.0,397.0,31.0,0.5346620450606586,0.3203883495145631,0.512,88.0853224987303,0.306,17.255083179297596,15.443830570902394,295.0,0.4468085106382978,0.6850393700787402,0.5816993464052288,True,0.374074074074074,1744
5,2005,107.88863109048724,111.89931350114416,86.0,131.0,34.0,76.0,144.0,431.0,437.0,57.0,32.0,19.0,14.0,70.0,489.0,465.0,58.0,282.0,29.0,0.5538277511961722,0.2857142857142857,0.5710227272727273,89.54223081882657,0.3721590909090909,15.974477958236658,16.187643020594965,233.0,0.4878048780487805,0.6188118811881188,0.6564885496183206,False,0.3128491620111732,1744
