index,year,ortg,drtg,AtRimFGM,AtRimFGA,AtRimAssists,Turnovers,FTA,OffPoss,DefPoss,TwoPtAssists,Steals,BadPassSteals,ThreePtAssists,FG3A,OpponentPoints,Points,SecondChancePoints,FG2A,LiveBallTurnovers,TsPct,Fg3Pct,AtRimFG3AFrequency,Pace,AtRimFrequency,SecondsPerPossOff,SecondsPerPossDef,Minutes,DefAtRimReboundPct,DefFGReboundPct,AtRimAccuracy,player_on,OffFGReboundPct,nba_id
0,1999,142.9,116.7,,,,,,,,,,,,,,,,,,,,,,,,,3.0,,,,True,0.5,1744
1,1999,100.4,96.1,,,,,,,,,,,,,,,,,,,,,,,,,245.0,,,,False,0.312,1744
2,2002,121.48760330578511,108.26446280991736,26.0,35.0,14.0,14.0,39.0,121.0,121.0,21.0,7.0,5.0,8.0,20.0,131.0,147.0,7.0,86.0,4.0,0.5991735537190083,0.45,0.5188679245283019,82.16929969346852,0.330188679245283,16.75206611570248,18.297520661157023,71.0,0.5714285714285714,0.711864406779661,0.7428571428571429,True,0.2040816326530612,1744
3,2002,110.9271523178808,99.009900990099,58.0,83.0,28.0,35.0,95.0,302.0,303.0,43.0,22.0,15.0,16.0,54.0,300.0,335.0,53.0,220.0,16.0,0.5236593059936908,0.3888888888888889,0.5,85.75647209371002,0.3029197080291971,16.751655629139073,16.831683168316832,169.0,0.75,0.6909090909090909,0.6987951807228916,False,0.3421052631578947,1744
4,2005,113.0755064456722,114.41774491682072,92.0,139.0,44.0,78.0,164.0,543.0,541.0,90.0,31.0,21.0,32.0,100.0,619.0,614.0,98.0,384.0,40.0,0.5448028673835126,0.37,0.493801652892562,88.0853224987303,0.2871900826446281,15.443830570902394,17.255083179297596,295.0,0.5555555555555556,0.6259259259259259,0.6618705035971223,True,0.3149606299212598,1744
5,2005,111.89931350114416,107.88863109048724,76.0,118.0,35.0,67.0,161.0,437.0,431.0,63.0,29.0,19.0,24.0,99.0,465.0,489.0,91.0,284.0,32.0,0.5320088300220751,0.2626262626262626,0.566579634464752,89.54223081882657,0.3080939947780678,16.187643020594965,15.974477958236658,233.0,0.6888888888888889,0.6871508379888268,0.6440677966101694,False,0.3811881188118812,1744
