index,year,ortg,drtg,AtRimFGM,AtRimFGA,AtRimAssists,Turnovers,FTA,OffPoss,DefPoss,TwoPtAssists,Steals,BadPassSteals,ThreePtAssists,FG3A,OpponentPoints,Points,SecondChancePoints,FG2A,LiveBallTurnovers,TsPct,Fg3Pct,AtRimFG3AFrequency,Pace,AtRimFrequency,SecondsPerPossOff,SecondsPerPossDef,Minutes,DefAtRimReboundPct,DefFGReboundPct,AtRimAccuracy,player_on,OffFGReboundPct,nba_id
0,2008,25.0,100.0,,1.0,,2.0,2.0,4.0,4.0,,,,,1.0,4.0,1.0,1.0,1.0,,0.1666666666666666,,1.0,76.8,0.5,20.75,16.75,2.0,,0.5,,True,0.5,1752
1,2008,105.03144654088052,106.27615062761508,77.0,135.0,37.0,60.0,150.0,477.0,478.0,73.0,26.0,18.0,21.0,73.0,508.0,501.0,63.0,337.0,30.0,0.5219665271966527,0.3424657534246575,0.5073170731707317,92.6060606060606,0.3292682926829268,14.840670859538784,16.257322175732217,248.0,0.5789473684210527,0.7366071428571429,0.5703703703703704,False,0.2710280373831775,1752
2,2009,100.0,107.14285714285714,28.0,48.0,13.0,28.0,50.0,153.0,154.0,17.0,10.0,5.0,8.0,31.0,165.0,153.0,25.0,93.0,15.0,0.5243055555555556,0.3225806451612903,0.6370967741935484,91.67980091248444,0.3870967741935484,15.444444444444445,15.967532467532468,80.0,0.6153846153846154,0.7536231884057971,0.5833333333333334,True,0.2816901408450704,1752
3,2009,90.54054054054056,128.66894197952217,36.0,65.0,23.0,64.0,90.0,296.0,293.0,38.0,23.0,10.0,16.0,61.0,377.0,268.0,26.0,166.0,32.0,0.4962825278810409,0.3278688524590163,0.5550660792951542,88.55293380664023,0.2863436123348017,17.277027027027028,15.235494880546074,160.0,0.6333333333333333,0.6837606837606838,0.5538461538461539,False,0.2137404580152671,1752
4,2009,100.0,107.14285714285714,28.0,48.0,13.0,28.0,50.0,153.0,154.0,17.0,10.0,5.0,8.0,31.0,165.0,153.0,25.0,93.0,15.0,0.5243055555555556,0.3225806451612903,0.6370967741935484,91.67980091248444,0.3870967741935484,15.444444444444445,15.967532467532468,80.0,0.6153846153846154,0.7536231884057971,0.5833333333333334,True,0.2816901408450704,1752
