index,year,ortg,drtg,AtRimFGM,AtRimFGA,AtRimAssists,Turnovers,FTA,OffPoss,DefPoss,TwoPtAssists,Steals,BadPassSteals,ThreePtAssists,FG3A,OpponentPoints,Points,SecondChancePoints,FG2A,LiveBallTurnovers,TsPct,Fg3Pct,AtRimFG3AFrequency,Pace,AtRimFrequency,SecondsPerPossOff,SecondsPerPossDef,Minutes,DefAtRimReboundPct,DefFGReboundPct,AtRimAccuracy,player_on,OffFGReboundPct,nba_id
0,2004,105.50847457627118,91.13924050632912,31.0,56.0,16.0,46.0,62.0,236.0,237.0,30.0,25.0,13.0,23.0,59.0,216.0,249.0,40.0,144.0,23.0,0.538961038961039,0.4406779661016949,0.5665024630541872,87.49132947976878,0.2758620689655172,17.35593220338983,15.565400843881855,130.0,0.52,0.639344262295082,0.5535714285714286,True,0.3693693693693693,1765
1,2004,100.67940552016984,99.30526017297603,977.0,1655.0,536.0,1327.0,1712.0,7065.0,7053.0,1109.0,535.0,330.0,417.0,1347.0,7004.0,7113.0,924.0,4645.0,687.0,0.5231145354867388,0.3630289532293986,0.5010013351134847,87.8740280005014,0.2762016021361815,16.805944798301486,15.967531546859492,3856.0,0.6098535286284953,0.7138047138047138,0.5903323262839879,False,0.2935384615384615,1765
2,2004,100.0,124.32432432432432,5.0,9.0,3.0,6.0,18.0,39.0,37.0,5.0,5.0,3.0,,5.0,46.0,39.0,8.0,26.0,3.0,0.4871794871794871,0.2,0.4516129032258064,91.04825291181363,0.2903225806451613,15.717948717948715,15.91891891891892,20.0,0.5,0.7,0.5555555555555556,True,0.3684210526315789,1765
3,2004,98.06282722513087,103.89746272560816,1249.0,2111.0,633.0,1432.0,2193.0,7640.0,7646.0,1182.0,727.0,447.0,350.0,1265.0,7944.0,7492.0,1227.0,5261.0,783.0,0.4964067074793718,0.3422924901185771,0.5173153539687404,92.97189535306092,0.323475329451425,15.427879581151831,15.54917603975935,3946.0,0.5559895833333334,0.6710306406685237,0.5916627190904784,False,0.3338722716248989,1765
4,2005,76.92307692307692,102.56410256410255,4.0,15.0,1.0,9.0,4.0,39.0,39.0,1.0,3.0,2.0,3.0,6.0,40.0,30.0,4.0,27.0,2.0,0.4285714285714285,0.6666666666666666,0.6363636363636364,84.07185628742515,0.4545454545454545,18.615384615384617,15.64102564102564,22.0,0.5,0.7368421052631579,0.2666666666666666,True,0.4545454545454545,1765
5,2005,105.86150490730644,101.3098649201801,979.0,1663.0,515.0,1126.0,1982.0,7336.0,7329.0,1285.0,560.0,339.0,444.0,1515.0,7425.0,7766.0,1105.0,4871.0,605.0,0.5314262137257598,0.3623762376237623,0.497651111807078,89.13238000371427,0.2604134043219542,16.24686477644493,16.064538136171375,3949.0,0.6108897742363878,0.7193324061196106,0.5886951292844257,False,0.2926054303870595,1765
