index,year,ortg,drtg,AtRimFGM,AtRimFGA,AtRimAssists,Turnovers,FTA,OffPoss,DefPoss,TwoPtAssists,Steals,BadPassSteals,ThreePtAssists,FG3A,OpponentPoints,Points,SecondChancePoints,FG2A,LiveBallTurnovers,TsPct,Fg3Pct,AtRimFG3AFrequency,Pace,AtRimFrequency,SecondsPerPossOff,SecondsPerPossDef,Minutes,DefAtRimReboundPct,DefFGReboundPct,AtRimAccuracy,player_on,OffFGReboundPct,nba_id
0,2008,,,,,,1.0,,1.0,1.0,,,,,,,,,,1.0,,,,87.27272727272727,,22.0,11.0,1.0,,,,True,,1766
1,2008,115.55555555555556,110.9375,87.0,140.0,35.0,68.0,132.0,450.0,448.0,52.0,27.0,18.0,46.0,148.0,497.0,520.0,69.0,244.0,35.0,0.5730088495575221,0.3243243243243243,0.7346938775510204,90.00626435581542,0.3571428571428571,16.095555555555556,15.901785714285714,239.0,0.6818181818181818,0.7264957264957265,0.6214285714285714,False,0.3399014778325123,1766
