index,year,ortg,drtg,AtRimFGM,AtRimFGA,AtRimAssists,Turnovers,FTA,OffPoss,DefPoss,TwoPtAssists,Steals,BadPassSteals,ThreePtAssists,FG3A,OpponentPoints,Points,SecondChancePoints,FG2A,LiveBallTurnovers,TsPct,Fg3Pct,AtRimFG3AFrequency,Pace,AtRimFrequency,SecondsPerPossOff,SecondsPerPossDef,Minutes,DefAtRimReboundPct,DefFGReboundPct,AtRimAccuracy,player_on,OffFGReboundPct,nba_id
0,2001,121.42857142857144,92.85714285714286,3.0,8.0,1.0,2.0,11.0,28.0,28.0,4.0,3.0,2.0,4.0,7.0,26.0,34.0,2.0,19.0,1.0,0.532258064516129,0.5714285714285714,0.5769230769230769,97.74545454545456,0.3076923076923077,15.892857142857142,13.571428571428571,14.0,,0.9090909090909092,0.375,True,0.3571428571428571,176
1,2001,112.14574898785423,97.57085020242916,53.0,76.0,32.0,33.0,75.0,247.0,247.0,59.0,27.0,12.0,9.0,53.0,241.0,277.0,55.0,178.0,18.0,0.5190839694656488,0.2264150943396226,0.5584415584415584,91.02495201535508,0.329004329004329,16.218623481781375,15.421052631578949,130.0,0.6666666666666666,0.7520661157024794,0.6973684210526315,False,0.3801652892561983,176
2,2001,112.14574898785423,97.57085020242916,53.0,76.0,32.0,33.0,75.0,247.0,247.0,59.0,27.0,12.0,9.0,53.0,241.0,277.0,55.0,178.0,18.0,0.5190839694656488,0.2264150943396226,0.5584415584415584,91.02495201535508,0.329004329004329,16.218623481781375,15.421052631578949,130.0,0.6666666666666666,0.7520661157024794,0.6973684210526315,False,0.3801652892561983,176
