index,year,ortg,drtg,AtRimFGM,AtRimFGA,AtRimAssists,Turnovers,FTA,OffPoss,DefPoss,TwoPtAssists,Steals,BadPassSteals,ThreePtAssists,FG3A,OpponentPoints,Points,SecondChancePoints,FG2A,LiveBallTurnovers,TsPct,Fg3Pct,AtRimFG3AFrequency,Pace,AtRimFrequency,SecondsPerPossOff,SecondsPerPossDef,Minutes,DefAtRimReboundPct,DefFGReboundPct,AtRimAccuracy,player_on,OffFGReboundPct,nba_id
0,2001,99.13793103448276,101.69491525423727,25.0,54.0,9.0,51.0,56.0,232.0,236.0,35.0,18.0,14.0,10.0,42.0,240.0,230.0,42.0,163.0,24.0,0.4978260869565217,0.3095238095238095,0.4682926829268293,85.1984829329962,0.2634146341463415,18.25862068965517,15.567796610169491,132.0,0.6818181818181818,0.7222222222222222,0.4629629629629629,True,0.3909090909090909,1864
1,2001,96.93208757495468,107.27044376221043,996.0,1768.0,600.0,1241.0,1853.0,7171.0,7166.0,1481.0,657.0,419.0,284.0,908.0,7687.0,6951.0,1004.0,5298.0,611.0,0.4916145537237066,0.3480176211453744,0.4311956171446987,89.62570002170611,0.2848855945858846,16.670338864872402,15.4628802679319,3839.0,0.5744125326370757,0.6721466961745178,0.5633484162895928,False,0.2936962750716332,1864
2,2002,88.29787234042553,100.0,8.0,19.0,6.0,10.0,21.0,94.0,92.0,17.0,9.0,7.0,4.0,10.0,92.0,83.0,5.0,74.0,5.0,0.4462365591397849,0.5,0.3452380952380952,90.30343897505058,0.2261904761904762,15.904255319148936,15.98913043478261,49.0,0.3333333333333333,0.6041666666666666,0.4210526315789473,True,0.25,1864
3,2002,103.77559159797926,99.1225737835682,1370.0,2264.0,893.0,1179.0,1886.0,7522.0,7522.0,1620.0,707.0,404.0,349.0,1184.0,7456.0,7806.0,1146.0,5548.0,664.0,0.5132936507936507,0.3361486486486486,0.5121806298276886,92.1872566416872,0.3363042186571598,14.943632012762563,16.297128423291678,3917.0,0.5793901156677181,0.6829268292682927,0.6051236749116607,False,0.31965859030837,1864
