index,year,ortg,drtg,AtRimFGM,AtRimFGA,AtRimAssists,Turnovers,FTA,OffPoss,DefPoss,TwoPtAssists,Steals,BadPassSteals,ThreePtAssists,FG3A,OpponentPoints,Points,SecondChancePoints,FG2A,LiveBallTurnovers,TsPct,Fg3Pct,AtRimFG3AFrequency,Pace,AtRimFrequency,SecondsPerPossOff,SecondsPerPossDef,Minutes,DefAtRimReboundPct,DefFGReboundPct,AtRimAccuracy,player_on,OffFGReboundPct,nba_id
0,2001,101.69491525423727,99.13793103448276,42.0,64.0,27.0,31.0,59.0,236.0,232.0,59.0,24.0,16.0,11.0,34.0,230.0,240.0,34.0,171.0,18.0,0.5150862068965517,0.3235294117647059,0.4780487804878048,85.1984829329962,0.3121951219512195,15.567796610169491,18.25862068965517,132.0,0.5357142857142857,0.6090909090909091,0.65625,True,0.2777777777777778,1864
1,2001,107.27044376221043,96.93208757495468,1293.0,2065.0,746.0,1186.0,2143.0,7166.0,7171.0,1574.0,611.0,379.0,288.0,939.0,6951.0,7687.0,1080.0,5186.0,657.0,0.5390150980668831,0.356762513312034,0.4904489795918367,89.62570002170611,0.3371428571428571,15.4628802679319,16.670338864872402,3839.0,0.5827900912646675,0.7063037249283668,0.6261501210653753,False,0.3278533038254821,1864
2,2002,100.0,88.29787234042553,19.0,28.0,7.0,15.0,23.0,92.0,94.0,13.0,5.0,2.0,3.0,15.0,83.0,92.0,22.0,68.0,9.0,0.4946236559139785,0.2666666666666666,0.5180722891566265,90.30343897505058,0.3373493975903614,15.98913043478261,15.904255319148936,49.0,0.7272727272727273,0.75,0.6785714285714286,True,0.3958333333333333,1864
3,2002,99.1225737835682,103.77559159797926,1064.0,2024.0,534.0,1302.0,1867.0,7522.0,7522.0,1221.0,664.0,427.0,326.0,1160.0,7806.0,7456.0,1050.0,5425.0,707.0,0.499932732409525,0.3491379310344827,0.4835231586940015,92.1872566416872,0.3073652239939256,16.297128423291678,14.943632012762563,3917.0,0.5179775280898876,0.6803414096916299,0.525691699604743,False,0.3170731707317073,1864
