index,year,ortg,drtg,AtRimFGM,AtRimFGA,AtRimAssists,Turnovers,FTA,OffPoss,DefPoss,TwoPtAssists,Steals,BadPassSteals,ThreePtAssists,FG3A,OpponentPoints,Points,SecondChancePoints,FG2A,LiveBallTurnovers,TsPct,Fg3Pct,AtRimFG3AFrequency,Pace,AtRimFrequency,SecondsPerPossOff,SecondsPerPossDef,Minutes,DefAtRimReboundPct,DefFGReboundPct,AtRimAccuracy,player_on,OffFGReboundPct,nba_id
0,2000,90.4,69.6,,,,,,,,,,,,,,,,,,,,,,,,,24.0,,,,True,0.231,1893
1,2000,103.6,104.1,,,,,,,,,,,,,,,,,,,,,,,,,3900.0,,,,False,0.282,1893
2,2005,101.63934426229508,97.0954356846473,35.0,58.0,19.0,42.0,106.0,244.0,241.0,37.0,19.0,15.0,12.0,38.0,234.0,248.0,36.0,136.0,18.0,0.5464601769911505,0.3421052631578947,0.5517241379310345,90.8310573546625,0.3333333333333333,15.258196721311476,16.456431535269708,128.0,0.4814814814814814,0.7009345794392523,0.603448275862069,True,0.268041237113402,1893
3,2005,109.2155477031802,104.33370976849238,1116.0,1807.0,583.0,1140.0,2547.0,7075.0,7084.0,1141.0,627.0,398.0,402.0,1259.0,7391.0,7727.0,959.0,4532.0,523.0,0.5537541432483066,0.3756949960285941,0.5294422379554481,88.7746385046436,0.3120359178034881,15.405371024734984,17.03529079616036,3828.0,0.5478359908883826,0.6536822884966524,0.6175982291090205,False,0.3025842329080798,1893
