index,year,ortg,drtg,AtRimFGM,AtRimFGA,AtRimAssists,Turnovers,FTA,OffPoss,DefPoss,TwoPtAssists,Steals,BadPassSteals,ThreePtAssists,FG3A,OpponentPoints,Points,SecondChancePoints,FG2A,LiveBallTurnovers,TsPct,Fg3Pct,AtRimFG3AFrequency,Pace,AtRimFrequency,SecondsPerPossOff,SecondsPerPossDef,Minutes,DefAtRimReboundPct,DefFGReboundPct,AtRimAccuracy,player_on,OffFGReboundPct,nba_id
0,2006,111.83745583038868,105.99647266313931,94.0,131.0,46.0,90.0,171.0,566.0,567.0,109.0,29.0,19.0,20.0,70.0,601.0,633.0,82.0,404.0,42.0,0.572992700729927,0.3428571428571428,0.4240506329113924,93.21906067877956,0.2763713080168776,15.959363957597173,14.936507936507937,292.0,0.6197183098591549,0.726643598615917,0.7175572519083969,True,0.29004329004329,1894
1,2006,111.013986013986,108.55148342059336,84.0,134.0,36.0,96.0,150.0,572.0,573.0,94.0,31.0,19.0,26.0,73.0,622.0,635.0,98.0,422.0,37.0,0.5613879003558719,0.410958904109589,0.4181818181818181,93.37410805300712,0.2707070707070707,16.153846153846153,14.69109947643979,294.0,0.6721311475409836,0.7192982456140351,0.6268656716417911,False,0.3187250996015936,1894
