index,year,ortg,drtg,AtRimFGM,AtRimFGA,AtRimAssists,Turnovers,FTA,OffPoss,DefPoss,TwoPtAssists,Steals,BadPassSteals,ThreePtAssists,FG3A,OpponentPoints,Points,SecondChancePoints,FG2A,LiveBallTurnovers,TsPct,Fg3Pct,AtRimFG3AFrequency,Pace,AtRimFrequency,SecondsPerPossOff,SecondsPerPossDef,Minutes,DefAtRimReboundPct,DefFGReboundPct,AtRimAccuracy,player_on,OffFGReboundPct,nba_id
0,2001,95.45454545454544,54.16666666666666,2.0,3.0,1.0,2.0,,22.0,24.0,5.0,1.0,1.0,1.0,6.0,13.0,21.0,3.0,16.0,2.0,0.4772727272727273,0.1666666666666666,0.4090909090909091,89.2722371967655,0.1363636363636363,13.272727272727272,18.75,12.0,1.0,0.875,0.6666666666666666,True,0.2727272727272727,1895
1,2001,93.88379204892966,103.96341463414636,29.0,59.0,12.0,49.0,86.0,327.0,328.0,59.0,29.0,14.0,9.0,34.0,341.0,307.0,47.0,262.0,19.0,0.4552238805970149,0.3235294117647059,0.3141891891891892,87.51159769901652,0.1993243243243243,15.7217125382263,17.1859756097561,180.0,0.6842105263157895,0.7086092715231788,0.4915254237288136,False,0.297752808988764,1895
