index,year,ortg,drtg,AtRimFGM,AtRimFGA,AtRimAssists,Turnovers,FTA,OffPoss,DefPoss,TwoPtAssists,Steals,BadPassSteals,ThreePtAssists,FG3A,OpponentPoints,Points,SecondChancePoints,FG2A,LiveBallTurnovers,TsPct,Fg3Pct,AtRimFG3AFrequency,Pace,AtRimFrequency,SecondsPerPossOff,SecondsPerPossDef,Minutes,DefAtRimReboundPct,DefFGReboundPct,AtRimAccuracy,player_on,OffFGReboundPct,nba_id
0,2001,54.16666666666666,95.45454545454544,1.0,2.0,,2.0,8.0,24.0,22.0,1.0,2.0,1.0,,5.0,21.0,13.0,,14.0,1.0,0.2826086956521739,,0.3684210526315789,89.2722371967655,0.1052631578947368,18.75,13.272727272727272,12.0,1.0,0.7272727272727273,0.5,True,0.125,1895
1,2001,103.96341463414636,93.88379204892966,56.0,94.0,30.0,54.0,97.0,328.0,327.0,53.0,19.0,12.0,22.0,53.0,307.0,341.0,55.0,224.0,29.0,0.5295950155763239,0.4528301886792453,0.5306859205776173,87.51159769901652,0.3393501805054151,17.1859756097561,15.7217125382263,180.0,0.6296296296296297,0.702247191011236,0.5957446808510638,False,0.2913907284768212,1895
