index,year,ortg,drtg,AtRimFGM,AtRimFGA,AtRimAssists,Turnovers,FTA,OffPoss,DefPoss,TwoPtAssists,Steals,BadPassSteals,ThreePtAssists,FG3A,OpponentPoints,Points,SecondChancePoints,FG2A,LiveBallTurnovers,TsPct,Fg3Pct,AtRimFG3AFrequency,Pace,AtRimFrequency,SecondsPerPossOff,SecondsPerPossDef,Minutes,DefAtRimReboundPct,DefFGReboundPct,AtRimAccuracy,player_on,OffFGReboundPct,nba_id
0,2000,108.7,95.6,,,,,,,,,,,,,,,,,,,,,,,,,415.0,,,,True,0.32,1898
1,2000,106.3,102.5,,,,,,,,,,,,,,,,,,,,,,,,,3529.0,,,,False,0.287,1898
2,2001,103.013698630137,107.8804347826087,120.0,187.0,72.0,104.0,248.0,730.0,736.0,137.0,53.0,34.0,30.0,114.0,794.0,752.0,98.0,501.0,60.0,0.5143835616438356,0.2982456140350877,0.4894308943089431,94.06229113754846,0.3040650406504065,15.605479452054794,15.014945652173912,374.0,0.5822784810126582,0.6812865497076024,0.6417112299465241,True,0.3244837758112094,1898
3,2001,103.7521815008726,97.10081585081583,983.0,1682.0,558.0,1106.0,1905.0,6876.0,6864.0,1270.0,645.0,401.0,300.0,966.0,6665.0,7134.0,968.0,5028.0,572.0,0.5174579985390796,0.3747412008281574,0.4417751084417751,92.31932137907866,0.2806139472806139,15.406050029086678,15.790355477855478,3572.0,0.5987748851454824,0.6874814154029141,0.584423305588585,False,0.3076454462381968,1898
4,2002,103.45744680851064,103.00618921308576,184.0,297.0,99.0,196.0,313.0,1128.0,1131.0,210.0,101.0,61.0,61.0,195.0,1165.0,1167.0,165.0,763.0,100.0,0.5278030993618961,0.3538461538461538,0.5135699373695198,92.74033527198084,0.3100208768267223,15.554078014184396,15.500442086648984,585.0,0.5909090909090909,0.6998087954110899,0.6195286195286195,True,0.3392504930966469,1898
5,2002,106.4575930789433,101.0965250965251,1141.0,1828.0,612.0,1042.0,1644.0,6473.0,6475.0,1228.0,602.0,385.0,357.0,1134.0,6546.0,6891.0,967.0,4582.0,566.0,0.5329499533727075,0.355379188712522,0.5181945416375088,92.17298451681792,0.3198040587823653,15.466244399814617,15.77930501930502,3371.0,0.5850673194614443,0.698479456486574,0.6241794310722101,False,0.3100364359059291,1898
