index,year,ortg,drtg,AtRimFGM,AtRimFGA,AtRimAssists,Turnovers,FTA,OffPoss,DefPoss,TwoPtAssists,Steals,BadPassSteals,ThreePtAssists,FG3A,OpponentPoints,Points,SecondChancePoints,FG2A,LiveBallTurnovers,TsPct,Fg3Pct,AtRimFG3AFrequency,Pace,AtRimFrequency,SecondsPerPossOff,SecondsPerPossDef,Minutes,DefAtRimReboundPct,DefFGReboundPct,AtRimAccuracy,player_on,OffFGReboundPct,nba_id
0,2000,105.1,94.3,,,,,,,,,,,,,,,,,,,,,,,,,105.0,,,,True,0.273,1900
1,2000,107.3,101.6,,,,,,,,,,,,,,,,,,,,,,,,,373.0,,,,False,0.281,1900
2,2002,76.69902912621359,92.38095238095238,11.0,21.0,6.0,19.0,28.0,103.0,105.0,9.0,9.0,8.0,5.0,26.0,97.0,79.0,1.0,60.0,9.0,0.3979591836734694,0.1923076923076923,0.5465116279069767,89.8919567827131,0.2441860465116279,15.893203883495143,16.142857142857142,56.0,0.5,0.6,0.5238095238095238,True,0.2333333333333333,1900
3,2002,109.05511811023622,100.39370078740156,39.0,68.0,18.0,50.0,92.0,254.0,254.0,32.0,22.0,14.0,14.0,45.0,255.0,277.0,44.0,164.0,27.0,0.5483870967741935,0.3555555555555555,0.5406698564593302,89.34049829018075,0.3253588516746411,14.228346456692911,18.007874015748033,136.0,0.4242424242424242,0.625,0.5735294117647058,False,0.3620689655172414,1900
