index,year,ortg,drtg,AtRimFGM,AtRimFGA,AtRimAssists,Turnovers,FTA,OffPoss,DefPoss,TwoPtAssists,Steals,BadPassSteals,ThreePtAssists,FG3A,OpponentPoints,Points,SecondChancePoints,FG2A,LiveBallTurnovers,TsPct,Fg3Pct,AtRimFG3AFrequency,Pace,AtRimFrequency,SecondsPerPossOff,SecondsPerPossDef,Minutes,DefAtRimReboundPct,DefFGReboundPct,AtRimAccuracy,player_on,OffFGReboundPct,nba_id
0,2000,94.3,105.1,,,,,,,,,,,,,,,,,,,,,,,,,105.0,,,,True,0.253,1900
1,2000,101.6,107.3,,,,,,,,,,,,,,,,,,,,,,,,,373.0,,,,False,0.268,1900
2,2002,92.38095238095238,76.69902912621359,17.0,23.0,14.0,24.0,40.0,105.0,103.0,26.0,9.0,3.0,1.0,10.0,79.0,97.0,18.0,73.0,9.0,0.4705882352941176,0.1,0.3975903614457831,89.8919567827131,0.2771084337349397,16.142857142857142,15.893203883495143,56.0,0.6,0.7666666666666667,0.7391304347826086,True,0.4,1900
3,2002,100.39370078740156,109.05511811023622,39.0,72.0,24.0,42.0,68.0,254.0,254.0,54.0,27.0,15.0,11.0,36.0,277.0,255.0,42.0,199.0,22.0,0.4755639097744361,0.3611111111111111,0.4595744680851064,89.34049829018075,0.3063829787234042,18.007874015748033,14.228346456692911,136.0,0.4827586206896552,0.6379310344827587,0.5416666666666666,False,0.375,1900
