index,year,ortg,drtg,AtRimFGM,AtRimFGA,AtRimAssists,Turnovers,FTA,OffPoss,DefPoss,TwoPtAssists,Steals,BadPassSteals,ThreePtAssists,FG3A,OpponentPoints,Points,SecondChancePoints,FG2A,LiveBallTurnovers,TsPct,Fg3Pct,AtRimFG3AFrequency,Pace,AtRimFrequency,SecondsPerPossOff,SecondsPerPossDef,Minutes,DefAtRimReboundPct,DefFGReboundPct,AtRimAccuracy,player_on,OffFGReboundPct,nba_id
0,2000,99.4,107.4,,,,,,,,,,,,,,,,,,,,,,,,,1777.0,,,,True,0.336,1907
1,2000,98.1,108.1,,,,,,,,,,,,,,,,,,,,,,,,,2143.0,,,,False,0.317,1907
2,2001,95.06298944501192,107.96189179993196,442.0,739.0,236.0,509.0,795.0,2937.0,2939.0,562.0,279.0,157.0,74.0,378.0,3173.0,2792.0,531.0,2360.0,279.0,0.4491114701130856,0.2619047619047619,0.4079620160701241,94.31781701444622,0.2699050401753105,15.672454885938032,14.862878530112283,1495.0,0.5607843137254902,0.684931506849315,0.5981055480378891,True,0.3922888616891065,1907
3,2001,98.37815643605008,105.59426229508196,753.0,1230.0,410.0,791.0,1229.0,4871.0,4880.0,998.0,463.0,257.0,154.0,586.0,5153.0,4792.0,814.0,3851.0,443.0,0.477650831830026,0.3122866894197952,0.4092855533017804,95.1007802340702,0.2772143340094659,14.973106138369944,15.310245901639345,2461.0,0.5831739961759083,0.6757950530035336,0.6121951219512195,False,0.3436763550667714,1907
4,2002,94.97907949790796,105.60747663551402,142.0,230.0,83.0,178.0,273.0,956.0,963.0,175.0,85.0,49.0,30.0,120.0,1017.0,908.0,147.0,685.0,92.0,0.4832613390928725,0.2666666666666666,0.4347826086956521,93.05182341650672,0.2857142857142857,15.940376569037657,15.0134994807892,495.0,0.6976744186046512,0.7189054726368159,0.6173913043478261,True,0.3274725274725275,1907
5,2002,102.4867062871442,98.77953371929276,1056.0,1811.0,540.0,1078.0,1831.0,6394.0,6391.0,1271.0,620.0,356.0,162.0,595.0,6313.0,6553.0,1055.0,5036.0,562.0,0.5048844782136765,0.3058823529411765,0.4272775705913692,88.91207023949232,0.3216125022198544,16.350172036284015,16.04130808950086,3451.0,0.6357039187227866,0.7023370233702337,0.5831032578685809,False,0.3481053307642903,1907
