index,year,ortg,drtg,AtRimFGM,AtRimFGA,AtRimAssists,Turnovers,FTA,OffPoss,DefPoss,TwoPtAssists,Steals,BadPassSteals,ThreePtAssists,FG3A,OpponentPoints,Points,SecondChancePoints,FG2A,LiveBallTurnovers,TsPct,Fg3Pct,AtRimFG3AFrequency,Pace,AtRimFrequency,SecondsPerPossOff,SecondsPerPossDef,Minutes,DefAtRimReboundPct,DefFGReboundPct,AtRimAccuracy,player_on,OffFGReboundPct,nba_id
0,2000,75.0,128.6,,,,,,,,,,,,,,,,,,,,,,,,,6.0,,,,True,0.125,1908
1,2000,108.1,102.7,,,,,,,,,,,,,,,,,,,,,,,,,476.0,,,,False,0.2789999999999999,1908
2,2001,104.5343137254902,103.1094527363184,98.0,165.0,57.0,126.0,179.0,816.0,804.0,160.0,64.0,37.0,40.0,145.0,829.0,853.0,104.0,594.0,74.0,0.5164233576642335,0.3379310344827586,0.4194857916102841,87.32499812832222,0.2232746955345061,15.926470588235292,17.062189054726367,445.0,0.5975609756097561,0.6322869955156951,0.593939393939394,True,0.314214463840399,1908
3,2001,105.99500416319734,106.760098928277,138.0,235.0,75.0,184.0,295.0,1201.0,1213.0,220.0,86.0,49.0,93.0,253.0,1295.0,1273.0,195.0,821.0,111.0,0.5245016611295681,0.4347826086956521,0.4543761638733706,87.28368402551098,0.2188081936685288,16.402164862614487,16.592745259686726,664.0,0.4285714285714285,0.6414473684210527,0.5872340425531914,False,0.3149078726968174,1908
4,2004,130.18867924528303,76.0,10.0,14.0,7.0,5.0,11.0,53.0,50.0,13.0,5.0,3.0,4.0,13.0,38.0,69.0,10.0,38.0,4.0,0.6181818181818182,0.4615384615384615,0.5294117647058824,90.4390243902439,0.2745098039215686,16.09433962264151,15.74,27.0,0.6,0.8,0.7142857142857143,True,0.391304347826087,1908
5,2004,107.6923076923077,96.15384615384616,64.0,107.0,36.0,46.0,80.0,312.0,312.0,54.0,46.0,27.0,21.0,61.0,300.0,336.0,59.0,226.0,22.0,0.5172413793103449,0.3770491803278688,0.5853658536585366,90.94736842105264,0.3728222996515679,17.21153846153846,14.455128205128204,165.0,0.6,0.7230769230769231,0.5981308411214953,False,0.2974683544303797,1908
