index,year,ortg,drtg,AtRimFGM,AtRimFGA,AtRimAssists,Turnovers,FTA,OffPoss,DefPoss,TwoPtAssists,Steals,BadPassSteals,ThreePtAssists,FG3A,OpponentPoints,Points,SecondChancePoints,FG2A,LiveBallTurnovers,TsPct,Fg3Pct,AtRimFG3AFrequency,Pace,AtRimFrequency,SecondsPerPossOff,SecondsPerPossDef,Minutes,DefAtRimReboundPct,DefFGReboundPct,AtRimAccuracy,player_on,OffFGReboundPct,nba_id
0,1998,36.4,100.0,,,,,,,,,,,,,,,,,,,,,,,,,6.0,,,,True,0.0,190
1,1998,102.4,104.3,,,,,,,,,,,,,,,,,,,,,,,,,232.0,,,,False,0.216,190
2,1999,144.7,121.9,,,,,,,,,,,,,,,,,,,,,,,,,18.0,,,,True,0.1,190
3,1999,89.9,101.3,,,,,,,,,,,,,,,,,,,,,,,,,220.0,,,,False,0.226,190
4,2001,80.0,90.0,,2.0,,2.0,2.0,10.0,10.0,2.0,1.0,1.0,,1.0,9.0,8.0,1.0,8.0,2.0,0.4,1.0,0.3333333333333333,100.0,0.2222222222222222,12.0,16.8,5.0,,0.75,,True,0.3333333333333333,190
5,2001,87.64478764478764,111.83206106870227,16.0,42.0,5.0,54.0,56.0,259.0,262.0,38.0,14.0,8.0,10.0,49.0,293.0,227.0,26.0,159.0,35.0,0.4829787234042553,0.3061224489795918,0.4375,89.82758620689656,0.2019230769230769,15.945945945945946,16.114503816793892,139.0,0.4166666666666667,0.6695652173913044,0.3809523809523809,False,0.225,190
