index,year,ortg,drtg,AtRimFGM,AtRimFGA,AtRimAssists,Turnovers,FTA,OffPoss,DefPoss,TwoPtAssists,Steals,BadPassSteals,ThreePtAssists,FG3A,OpponentPoints,Points,SecondChancePoints,FG2A,LiveBallTurnovers,TsPct,Fg3Pct,AtRimFG3AFrequency,Pace,AtRimFrequency,SecondsPerPossOff,SecondsPerPossDef,Minutes,DefAtRimReboundPct,DefFGReboundPct,AtRimAccuracy,player_on,OffFGReboundPct,nba_id
0,2002,118.75,81.25,4.0,6.0,1.0,1.0,7.0,16.0,16.0,2.0,2.0,2.0,,1.0,13.0,19.0,5.0,13.0,1.0,0.5294117647058824,,0.5,103.78378378378378,0.4285714285714285,13.625,14.125,7.0,1.0,0.8333333333333334,0.6666666666666666,True,0.4285714285714285,1915
1,2002,111.09660574412533,111.84895833333331,150.0,231.0,73.0,117.0,252.0,766.0,768.0,130.0,52.0,34.0,34.0,124.0,859.0,851.0,149.0,545.0,49.0,0.539002557544757,0.3467741935483871,0.5306427503736921,96.47798742138365,0.3452914798206278,14.54046997389034,15.309895833333334,382.0,0.7162162162162162,0.7250673854447439,0.6493506493506493,False,0.3577464788732394,1915
2,2003,93.5483870967742,106.15384615384616,11.0,18.0,7.0,10.0,23.0,62.0,65.0,10.0,4.0,1.0,4.0,7.0,69.0,58.0,6.0,42.0,6.0,0.4745762711864407,0.5714285714285714,0.5102040816326531,91.80722891566263,0.3673469387755102,17.483870967741936,13.96923076923077,33.0,0.7142857142857143,0.5365853658536586,0.6111111111111112,True,0.25,1915
3,2003,111.62280701754386,110.24096385542168,320.0,516.0,185.0,264.0,601.0,1824.0,1826.0,336.0,133.0,109.0,112.0,372.0,2013.0,2036.0,286.0,1222.0,115.0,0.5419129500268672,0.3440860215053763,0.5570890840652447,93.50982066609735,0.3237139272271016,15.578947368421051,15.22015334063527,937.0,0.6824324324324325,0.7361894024802705,0.6201550387596899,False,0.3333333333333333,1915
