index,year,ortg,drtg,AtRimFGM,AtRimFGA,AtRimAssists,Turnovers,FTA,OffPoss,DefPoss,TwoPtAssists,Steals,BadPassSteals,ThreePtAssists,FG3A,OpponentPoints,Points,SecondChancePoints,FG2A,LiveBallTurnovers,TsPct,Fg3Pct,AtRimFG3AFrequency,Pace,AtRimFrequency,SecondsPerPossOff,SecondsPerPossDef,Minutes,DefAtRimReboundPct,DefFGReboundPct,AtRimAccuracy,player_on,OffFGReboundPct,nba_id
0,2005,70.0,120.0,1.0,2.0,1.0,2.0,,10.0,10.0,1.0,,,,1.0,12.0,7.0,,6.0,1.0,0.5,1.0,0.4285714285714285,96.0,0.2857142857142857,15.4,14.6,5.0,,0.75,0.5,True,,1919
1,2005,106.51709401709402,108.42217484008528,144.0,230.0,65.0,135.0,338.0,936.0,938.0,128.0,82.0,52.0,43.0,187.0,1017.0,997.0,153.0,632.0,62.0,0.5113636363636364,0.2941176470588235,0.5091575091575091,94.68631578947368,0.2808302808302808,14.923076923076923,15.492537313432836,475.0,0.5757575757575758,0.648960739030023,0.6260869565217392,False,0.3376623376623376,1919
