index,year,ortg,drtg,AtRimFGM,AtRimFGA,AtRimAssists,Turnovers,FTA,OffPoss,DefPoss,TwoPtAssists,Steals,BadPassSteals,ThreePtAssists,FG3A,OpponentPoints,Points,SecondChancePoints,FG2A,LiveBallTurnovers,TsPct,Fg3Pct,AtRimFG3AFrequency,Pace,AtRimFrequency,SecondsPerPossOff,SecondsPerPossDef,Minutes,DefAtRimReboundPct,DefFGReboundPct,AtRimAccuracy,player_on,OffFGReboundPct,nba_id
0,2003,107.1599045346062,98.57142857142856,52.0,96.0,29.0,62.0,168.0,419.0,420.0,69.0,38.0,23.0,18.0,83.0,414.0,449.0,68.0,266.0,25.0,0.522196261682243,0.3253012048192771,0.5128939828080229,89.44695343155401,0.2750716332378223,17.80668257756563,14.395238095238096,225.0,0.6981132075471698,0.736318407960199,0.5416666666666666,True,0.3298429319371728,1921
1,2003,105.91133004926108,100.5050505050505,30.0,51.0,14.0,33.0,67.0,203.0,198.0,32.0,21.0,13.0,11.0,51.0,199.0,215.0,42.0,130.0,12.0,0.504739336492891,0.2941176470588235,0.56353591160221,86.79392755148054,0.281767955801105,18.83743842364532,14.287878787878787,111.0,0.5333333333333333,0.7640449438202247,0.5882352941176471,False,0.3883495145631068,1921
2,2007,101.87074829931971,103.58361774744029,84.0,145.0,37.0,88.0,198.0,588.0,586.0,55.0,56.0,41.0,45.0,160.0,607.0,599.0,65.0,327.0,40.0,0.5128865979381443,0.34375,0.6262833675564682,91.92822185970635,0.297741273100616,15.149659863945578,16.18088737201365,306.0,0.4516129032258064,0.6481481481481481,0.5793103448275863,True,0.2714285714285714,1921
3,2007,107.36196319018404,107.96731358529112,151.0,235.0,79.0,166.0,302.0,978.0,979.0,134.0,92.0,53.0,82.0,256.0,1057.0,1050.0,103.0,534.0,85.0,0.5647948164146869,0.359375,0.6215189873417721,91.28862973760933,0.2974683544303797,15.53476482617587,16.013278855975486,514.0,0.4961832061068702,0.6509009009009009,0.6425531914893617,False,0.2506024096385542,1921
4,2008,92.40506329113924,98.07692307692308,22.0,45.0,7.0,21.0,46.0,158.0,156.0,12.0,11.0,8.0,4.0,21.0,153.0,146.0,19.0,114.0,9.0,0.4675324675324675,0.3333333333333333,0.4888888888888889,94.43609022556392,0.3333333333333333,15.58860759493671,14.903846153846152,80.0,0.6666666666666666,0.7567567567567568,0.4888888888888889,True,0.2345679012345679,1921
5,2008,112.96296296296296,107.3846153846154,58.0,92.0,27.0,44.0,75.0,324.0,325.0,55.0,19.0,10.0,8.0,39.0,349.0,366.0,45.0,252.0,17.0,0.56,0.3846153846153846,0.4501718213058419,91.51586368977674,0.3161512027491409,16.589506172839506,14.883076923076922,170.0,0.6829268292682927,0.7112676056338029,0.6304347826086957,False,0.2827586206896552,1921
