index,year,ortg,drtg,AtRimFGM,AtRimFGA,AtRimAssists,Turnovers,FTA,OffPoss,DefPoss,TwoPtAssists,Steals,BadPassSteals,ThreePtAssists,FG3A,OpponentPoints,Points,SecondChancePoints,FG2A,LiveBallTurnovers,TsPct,Fg3Pct,AtRimFG3AFrequency,Pace,AtRimFrequency,SecondsPerPossOff,SecondsPerPossDef,Minutes,DefAtRimReboundPct,DefFGReboundPct,AtRimAccuracy,player_on,OffFGReboundPct,nba_id
0,2000,118.0,123.9,,,,,,,,,,,,,,,,,,,,,,,,,23.0,,,,True,0.409,1928
1,2000,102.2,106.8,,,,,,,,,,,,,,,,,,,,,,,,,459.0,,,,False,0.307,1928
2,2001,111.82266009852216,115.76354679802957,40.0,65.0,19.0,32.0,56.0,203.0,203.0,38.0,16.0,13.0,11.0,29.0,235.0,227.0,59.0,164.0,19.0,0.5254629629629629,0.4827586206896552,0.4870466321243523,88.08799156245293,0.3367875647668393,17.182266009852217,15.51231527093596,111.0,0.55,0.6144578313253012,0.6153846153846154,True,0.4326923076923077,1928
3,2001,104.5755237045204,104.24476295479604,257.0,433.0,128.0,253.0,562.0,1814.0,1814.0,347.0,169.0,88.0,63.0,233.0,1891.0,1897.0,336.0,1433.0,131.0,0.4908568443051201,0.3175965665236051,0.3997599039615846,87.21299434085104,0.2599039615846338,16.7348401323043,16.2877618522602,998.0,0.5902777777777778,0.6918032786885245,0.5935334872979214,False,0.3547368421052632,1928
4,2002,108.68983957219253,102.95302013422818,150.0,260.0,93.0,108.0,167.0,748.0,745.0,164.0,56.0,33.0,47.0,114.0,767.0,813.0,112.0,580.0,72.0,0.5261437908496732,0.4385964912280701,0.5389048991354467,93.28415845880156,0.3746397694524496,14.737967914438505,16.138255033557048,384.0,0.5700934579439252,0.7146666666666667,0.5769230769230769,True,0.3235294117647059,1928
5,2002,96.98581560283688,101.15248226950357,166.0,284.0,89.0,176.0,370.0,1128.0,1128.0,187.0,101.0,53.0,28.0,177.0,1141.0,1094.0,177.0,787.0,101.0,0.481858407079646,0.1864406779661017,0.4782157676348548,92.41430318891702,0.2946058091286307,15.217198581560284,15.9468085106383,586.0,0.544,0.6815415821501014,0.5845070422535211,False,0.3096539162112932,1928
