index,year,ortg,drtg,AtRimFGM,AtRimFGA,AtRimAssists,Turnovers,FTA,OffPoss,DefPoss,TwoPtAssists,Steals,BadPassSteals,ThreePtAssists,FG3A,OpponentPoints,Points,SecondChancePoints,FG2A,LiveBallTurnovers,TsPct,Fg3Pct,AtRimFG3AFrequency,Pace,AtRimFrequency,SecondsPerPossOff,SecondsPerPossDef,Minutes,DefAtRimReboundPct,DefFGReboundPct,AtRimAccuracy,player_on,OffFGReboundPct,nba_id
0,2000,76.7,100.0,,,,,,,,,,,,,,,,,,,,,,,,,16.0,,,,True,0.278,1934
1,2000,94.5,97.4,,,,,,,,,,,,,,,,,,,,,,,,,466.0,,,,False,0.188,1934
2,2001,92.36641221374046,100.0,10.0,21.0,6.0,22.0,33.0,131.0,142.0,22.0,11.0,8.0,6.0,26.0,142.0,121.0,15.0,84.0,10.0,0.4801587301587302,0.3846153846153846,0.4272727272727272,92.9581461338378,0.1909090909090909,16.33587786259542,14.711267605633802,70.0,0.4285714285714285,0.6285714285714286,0.4761904761904761,True,0.2741935483870967,1934
3,2001,106.30965005302228,105.70666666666666,226.0,379.0,126.0,288.0,441.0,1886.0,1875.0,358.0,139.0,78.0,127.0,372.0,1982.0,2005.0,284.0,1331.0,175.0,0.5239473684210526,0.4005376344086021,0.4409864944216089,86.91627481504068,0.2225484439224897,16.200954400848357,16.936533333333333,1039.0,0.5026737967914439,0.6382113821138211,0.5963060686015831,False,0.3173076923076923,1934
4,2004,96.49122807017544,83.92857142857143,8.0,14.0,2.0,9.0,20.0,57.0,56.0,7.0,3.0,2.0,1.0,5.0,47.0,55.0,9.0,40.0,5.0,0.5188679245283019,0.4,0.4222222222222222,88.62745098039215,0.3111111111111111,15.824561403508772,16.678571428571427,31.0,0.5714285714285714,0.78125,0.5714285714285714,True,0.2,1934
5,2004,100.46253469010176,101.48285449490268,142.0,272.0,78.0,170.0,259.0,1081.0,1079.0,174.0,95.0,66.0,56.0,194.0,1095.0,1086.0,208.0,797.0,108.0,0.4882777276825969,0.3402061855670103,0.4702320887991927,94.18604651162792,0.2744702320887991,15.456059204440333,15.121408711770158,550.0,0.5826771653543307,0.7045454545454546,0.5220588235294118,False,0.3404255319148936,1934
6,2005,160.0,33.333333333333336,1.0,1.0,1.0,,2.0,5.0,6.0,1.0,,,1.0,1.0,2.0,8.0,,2.0,,1.0,1.0,0.6666666666666666,99.62264150943396,0.3333333333333333,19.4,10.333333333333334,3.0,,1.0,1.0,True,,1934
7,2005,112.565445026178,101.0498687664042,61.0,94.0,32.0,63.0,143.0,382.0,381.0,54.0,24.0,15.0,30.0,67.0,385.0,430.0,66.0,231.0,30.0,0.5897790055248618,0.4776119402985074,0.540268456375839,91.85854025583146,0.3154362416107382,16.01832460732984,15.333333333333334,199.0,0.6086956521739131,0.69,0.648936170212766,False,0.2797202797202797,1934
