index,year,ortg,drtg,AtRimFGM,AtRimFGA,AtRimAssists,Turnovers,FTA,OffPoss,DefPoss,TwoPtAssists,Steals,BadPassSteals,ThreePtAssists,FG3A,OpponentPoints,Points,SecondChancePoints,FG2A,LiveBallTurnovers,TsPct,Fg3Pct,AtRimFG3AFrequency,Pace,AtRimFrequency,SecondsPerPossOff,SecondsPerPossDef,Minutes,DefAtRimReboundPct,DefFGReboundPct,AtRimAccuracy,player_on,OffFGReboundPct,nba_id
0,2001,,,,,,,,1.0,1.0,,,,,,,,,,,,,,87.27272727272727,,17.0,16.0,1.0,,0.5,,True,,1950
1,2001,98.15765232267404,103.6949375410914,1077.0,1817.0,509.0,1367.0,1811.0,7599.0,7605.0,1289.0,632.0,368.0,270.0,933.0,7886.0,7459.0,1132.0,5735.0,698.0,0.4957808732922582,0.3569131832797427,0.4124175164967006,92.48526784017032,0.27249550089982,15.715094091327806,15.425115055884287,3945.0,0.6073298429319371,0.6908839779005524,0.592735277930655,False,0.3130904183535762,1950
