index,year,ortg,drtg,AtRimFGM,AtRimFGA,AtRimAssists,Turnovers,FTA,OffPoss,DefPoss,TwoPtAssists,Steals,BadPassSteals,ThreePtAssists,FG3A,OpponentPoints,Points,SecondChancePoints,FG2A,LiveBallTurnovers,TsPct,Fg3Pct,AtRimFG3AFrequency,Pace,AtRimFrequency,SecondsPerPossOff,SecondsPerPossDef,Minutes,DefAtRimReboundPct,DefFGReboundPct,AtRimAccuracy,player_on,OffFGReboundPct,nba_id
0,2006,68.18181818181819,105.55555555555556,1.0,2.0,,7.0,3.0,22.0,18.0,2.0,,,2.0,7.0,19.0,15.0,3.0,11.0,3.0,0.3947368421052631,0.2857142857142857,0.5,91.13924050632912,0.1111111111111111,17.272727272727273,14.0,11.0,0.5,0.6363636363636364,0.5,True,0.3333333333333333,1956
1,2006,109.08265213442326,104.33212996389892,170.0,285.0,77.0,159.0,384.0,1101.0,1108.0,162.0,87.0,53.0,59.0,225.0,1156.0,1201.0,187.0,735.0,82.0,0.5279007971656333,0.3644444444444444,0.53125,85.03421727972626,0.296875,16.825613079019075,17.042418772563177,623.0,0.4822695035460992,0.6543438077634011,0.5964912280701754,False,0.3238095238095238,1956
2,2007,103.84615384615384,112.0,5.0,7.0,,2.0,3.0,26.0,25.0,3.0,1.0,,2.0,8.0,28.0,27.0,4.0,16.0,1.0,0.54,0.25,0.625,126.40275387263338,0.2916666666666667,12.884615384615383,9.84,10.0,1.0,0.8888888888888888,0.7142857142857143,True,0.1666666666666666,1956
3,2007,100.05865102639297,102.82352941176472,271.0,460.0,151.0,271.0,476.0,1705.0,1700.0,269.0,121.0,82.0,109.0,345.0,1748.0,1706.0,216.0,1123.0,143.0,0.506578947368421,0.3333333333333333,0.5483651226158038,85.09692983217342,0.3133514986376022,16.86158357771261,16.98235294117647,960.0,0.542713567839196,0.6874265569917744,0.5891304347826087,False,0.2660996354799514,1956
4,2008,100.0,,,,,,2.0,2.0,3.0,,,,,1.0,,2.0,,,,0.5,,1.0,104.34782608695652,,7.5,18.0,1.0,,1.0,,True,,1956
5,2008,107.13194090677534,109.96932515337424,351.0,619.0,192.0,279.0,571.0,1963.0,1956.0,334.0,152.0,97.0,126.0,403.0,2151.0,2103.0,277.0,1336.0,151.0,0.5243351731058705,0.3548387096774194,0.5876940770557791,92.95448930177398,0.3559516963772283,15.721344880285278,15.260736196319018,1012.0,0.6790697674418604,0.7377049180327869,0.567043618739903,False,0.3077731092436975,1956
