index,year,ortg,drtg,AtRimFGM,AtRimFGA,AtRimAssists,Turnovers,FTA,OffPoss,DefPoss,TwoPtAssists,Steals,BadPassSteals,ThreePtAssists,FG3A,OpponentPoints,Points,SecondChancePoints,FG2A,LiveBallTurnovers,TsPct,Fg3Pct,AtRimFG3AFrequency,Pace,AtRimFrequency,SecondsPerPossOff,SecondsPerPossDef,Minutes,DefAtRimReboundPct,DefFGReboundPct,AtRimAccuracy,player_on,OffFGReboundPct,nba_id
0,1998,106.6,100.2,,,,,,,,,,,,,,,,,,,,,,,,,258.0,,,,True,0.3329999999999999,197
1,1998,108.6,101.5,,,,,,,,,,,,,,,,,,,,,,,,,755.0,,,,False,0.346,197
2,2001,100.0,104.34782608695652,3.0,4.0,2.0,3.0,18.0,23.0,23.0,5.0,2.0,2.0,,1.0,24.0,23.0,3.0,13.0,2.0,0.5,,0.3571428571428571,90.12244897959184,0.2857142857142857,16.652173913043477,15.304347826086955,12.0,0.5,0.5333333333333333,0.75,True,0.375,197
3,2001,107.35632183908046,100.1150747986191,139.0,256.0,66.0,118.0,296.0,870.0,869.0,156.0,84.0,45.0,36.0,119.0,870.0,934.0,151.0,648.0,55.0,0.5155038759689923,0.3697478991596639,0.4889178617992177,89.22715125601283,0.3337679269882659,16.663218390804598,15.613348676639816,468.0,0.7142857142857143,0.7139423076923077,0.54296875,False,0.3302107728337236,197
