index,year,ortg,drtg,AtRimFGM,AtRimFGA,AtRimAssists,Turnovers,FTA,OffPoss,DefPoss,TwoPtAssists,Steals,BadPassSteals,ThreePtAssists,FG3A,OpponentPoints,Points,SecondChancePoints,FG2A,LiveBallTurnovers,TsPct,Fg3Pct,AtRimFG3AFrequency,Pace,AtRimFrequency,SecondsPerPossOff,SecondsPerPossDef,Minutes,DefAtRimReboundPct,DefFGReboundPct,AtRimAccuracy,player_on,OffFGReboundPct,nba_id
0,1998,100.2,106.6,,,,,,,,,,,,,,,,,,,,,,,,,258.0,,,,True,0.311,197
1,1998,101.5,108.6,,,,,,,,,,,,,,,,,,,,,,,,,755.0,,,,False,0.265,197
2,2001,104.34782608695652,100.0,2.0,8.0,1.0,3.0,4.0,23.0,23.0,5.0,2.0,2.0,1.0,3.0,23.0,24.0,3.0,22.0,2.0,0.4444444444444444,0.6666666666666666,0.44,90.12244897959184,0.32,15.304347826086955,16.652173913043477,12.0,,0.625,0.25,True,0.4666666666666667,197
3,2001,100.1150747986191,107.35632183908046,83.0,162.0,45.0,147.0,210.0,869.0,870.0,162.0,55.0,23.0,50.0,171.0,934.0,870.0,113.0,581.0,84.0,0.5099882491186839,0.3625730994152046,0.4428191489361702,89.22715125601283,0.2154255319148936,15.613348676639816,16.663218390804598,468.0,0.5213675213675214,0.6697892271662763,0.5123456790123457,False,0.2860576923076923,197
