index,year,ortg,drtg,AtRimFGM,AtRimFGA,AtRimAssists,Turnovers,FTA,OffPoss,DefPoss,TwoPtAssists,Steals,BadPassSteals,ThreePtAssists,FG3A,OpponentPoints,Points,SecondChancePoints,FG2A,LiveBallTurnovers,TsPct,Fg3Pct,AtRimFG3AFrequency,Pace,AtRimFrequency,SecondsPerPossOff,SecondsPerPossDef,Minutes,DefAtRimReboundPct,DefFGReboundPct,AtRimAccuracy,player_on,OffFGReboundPct,nba_id
0,2008,111.16751269035532,101.00502512562814,43.0,62.0,20.0,37.0,43.0,197.0,199.0,26.0,14.0,8.0,22.0,72.0,201.0,219.0,32.0,102.0,20.0,0.5618556701030928,0.3055555555555556,0.7701149425287356,91.39926270235614,0.3563218390804598,15.284263959390865,16.22110552763819,104.0,0.6666666666666666,0.7217391304347827,0.6935483870967742,True,0.3777777777777777,200081
1,2008,118.503937007874,118.4,44.0,78.0,15.0,32.0,89.0,254.0,250.0,26.0,13.0,10.0,24.0,76.0,296.0,301.0,37.0,142.0,16.0,0.5813953488372093,0.3421052631578947,0.7064220183486238,88.93027815218723,0.3577981651376147,16.748031496062993,15.628,136.0,0.6923076923076923,0.7310924369747899,0.5641025641025641,False,0.3097345132743362,200081
2,2009,102.66666666666669,96.0,12.0,27.0,6.0,10.0,22.0,75.0,75.0,10.0,5.0,4.0,1.0,16.0,72.0,77.0,23.0,57.0,4.0,0.4578313253012048,0.1875,0.589041095890411,90.45226130653268,0.3698630136986301,15.466666666666669,16.373333333333335,40.0,0.4,0.8,0.4444444444444444,True,0.3720930232558139,200081
3,2009,105.32544378698223,107.70750988142292,79.0,138.0,46.0,75.0,157.0,507.0,506.0,76.0,43.0,29.0,31.0,110.0,545.0,534.0,78.0,331.0,39.0,0.5195694716242661,0.3636363636363636,0.562358276643991,82.07967589466577,0.3129251700680272,17.355029585798817,17.733201581027668,296.0,0.6857142857142857,0.7260869565217392,0.572463768115942,False,0.3004115226337449,200081
4,2010,106.78733031674209,106.6350710900474,39.0,72.0,26.0,26.0,76.0,221.0,211.0,38.0,8.0,7.0,8.0,28.0,225.0,236.0,36.0,162.0,10.0,0.5244444444444445,0.3928571428571428,0.5263157894736842,91.67108753315652,0.3789473684210526,14.43891402714932,17.03791469194313,113.0,0.7241379310344828,0.7604166666666666,0.5416666666666666,True,0.2666666666666666,200081
5,2010,106.10211706102118,108.2716049382716,128.0,219.0,67.0,101.0,213.0,803.0,810.0,152.0,67.0,42.0,35.0,124.0,877.0,852.0,138.0,591.0,57.0,0.5222222222222223,0.2903225806451613,0.4797202797202797,93.30441070137384,0.3062937062937063,15.55915317559153,15.308641975308642,415.0,0.631578947368421,0.7552870090634441,0.5844748858447488,False,0.2842105263157894,200081
