index,year,ortg,drtg,AtRimFGM,AtRimFGA,AtRimAssists,Turnovers,FTA,OffPoss,DefPoss,TwoPtAssists,Steals,BadPassSteals,ThreePtAssists,FG3A,OpponentPoints,Points,SecondChancePoints,FG2A,LiveBallTurnovers,TsPct,Fg3Pct,AtRimFG3AFrequency,Pace,AtRimFrequency,SecondsPerPossOff,SecondsPerPossDef,Minutes,DefAtRimReboundPct,DefFGReboundPct,AtRimAccuracy,player_on,OffFGReboundPct,nba_id
0,2007,90.47619047619048,107.53424657534246,18.0,33.0,11.0,29.0,23.0,147.0,146.0,20.0,9.0,5.0,14.0,37.0,157.0,133.0,7.0,81.0,14.0,0.51953125,0.3783783783783784,0.5932203389830508,90.4631217838765,0.2796610169491525,17.156462585034014,14.67123287671233,78.0,0.75,0.7678571428571429,0.5454545454545454,True,0.1904761904761904,200766
1,2007,103.26441784548422,98.25897714907508,158.0,265.0,100.0,164.0,257.0,919.0,919.0,167.0,67.0,40.0,75.0,213.0,903.0,949.0,92.0,549.0,79.0,0.5381114903299203,0.3661971830985915,0.6272965879265092,88.53090714476853,0.347769028871391,15.977149075081613,16.55386289445049,498.0,0.5402298850574713,0.7422222222222222,0.5962264150943396,False,0.2753623188405797,200766
