index,year,ortg,drtg,AtRimFGM,AtRimFGA,AtRimAssists,Turnovers,FTA,OffPoss,DefPoss,TwoPtAssists,Steals,BadPassSteals,ThreePtAssists,FG3A,OpponentPoints,Points,SecondChancePoints,FG2A,LiveBallTurnovers,TsPct,Fg3Pct,AtRimFG3AFrequency,Pace,AtRimFrequency,SecondsPerPossOff,SecondsPerPossDef,Minutes,DefAtRimReboundPct,DefFGReboundPct,AtRimAccuracy,player_on,OffFGReboundPct,nba_id
0,2007,105.50847457627118,96.17021276595744,19.0,31.0,9.0,39.0,82.0,236.0,235.0,37.0,18.0,10.0,13.0,56.0,226.0,249.0,35.0,131.0,21.0,0.5515695067264574,0.3214285714285714,0.46524064171123,92.99876593994242,0.1657754010695187,16.783898305084747,14.17872340425532,122.0,0.6,0.6909090909090909,0.6129032258064516,True,0.3366336633663366,200748
1,2007,100.6060606060606,105.75757575757576,99.0,174.0,56.0,103.0,168.0,660.0,660.0,107.0,50.0,33.0,40.0,132.0,698.0,664.0,76.0,458.0,49.0,0.4984917043740573,0.3333333333333333,0.5186440677966102,88.38052727019111,0.2949152542372881,17.777272727272727,14.809090909090909,358.0,0.5409836065573771,0.6763754045307443,0.5689655172413793,False,0.2822085889570552,200748
2,2009,116.57754010695189,105.0,60.0,121.0,25.0,53.0,104.0,374.0,360.0,55.0,34.0,18.0,34.0,76.0,378.0,436.0,59.0,260.0,23.0,0.5674603174603174,0.5,0.5863095238095238,90.32302170569132,0.3601190476190476,16.451871657754012,15.41388888888889,195.0,0.5555555555555556,0.676829268292683,0.4958677685950413,True,0.2954545454545454,200748
3,2009,103.83480825958702,108.88252148997135,63.0,102.0,29.0,42.0,97.0,339.0,349.0,55.0,27.0,17.0,18.0,64.0,380.0,352.0,64.0,239.0,24.0,0.5072046109510087,0.328125,0.5478547854785478,93.83595377912484,0.3366336633663366,16.525073746312685,14.200573065902578,176.0,0.7708333333333334,0.7592592592592593,0.6176470588235294,False,0.2899408284023668,200748
4,2010,106.66666666666669,108.6206896551724,6.0,14.0,4.0,19.0,56.0,120.0,116.0,7.0,7.0,6.0,13.0,46.0,126.0,128.0,6.0,40.0,7.0,0.5714285714285714,0.3478260869565217,0.6976744186046512,83.70443349753694,0.1627906976744186,16.958333333333332,17.45689655172414,68.0,0.6666666666666666,0.6666666666666666,0.4285714285714285,True,0.1818181818181818,200748
5,2010,114.61187214611871,96.42857142857144,34.0,65.0,17.0,32.0,73.0,219.0,224.0,19.0,24.0,16.0,23.0,74.0,216.0,251.0,28.0,115.0,15.0,0.5630630630630631,0.3918918918918919,0.7354497354497355,85.51206434316354,0.3439153439153439,16.80365296803653,16.875,124.0,0.5483870967741935,0.7184466019417476,0.5230769230769231,False,0.3333333333333333,200748
