index,year,ortg,drtg,AtRimFGM,AtRimFGA,AtRimAssists,Turnovers,FTA,OffPoss,DefPoss,TwoPtAssists,Steals,BadPassSteals,ThreePtAssists,FG3A,OpponentPoints,Points,SecondChancePoints,FG2A,LiveBallTurnovers,TsPct,Fg3Pct,AtRimFG3AFrequency,Pace,AtRimFrequency,SecondsPerPossOff,SecondsPerPossDef,Minutes,DefAtRimReboundPct,DefFGReboundPct,AtRimAccuracy,player_on,OffFGReboundPct,nba_id
0,2007,99.12023460410558,111.24260355029584,31.0,63.0,12.0,53.0,94.0,341.0,338.0,41.0,32.0,15.0,18.0,58.0,376.0,338.0,14.0,213.0,25.0,0.5366242038216561,0.3448275862068966,0.4464944649446494,90.07461999078768,0.2324723247232472,15.82991202346041,16.144970414201183,181.0,0.4615384615384615,0.7132867132867133,0.492063492063492,True,0.1666666666666666,200745
1,2007,103.5,100.0,20.0,40.0,6.0,35.0,59.0,200.0,201.0,26.0,14.0,7.0,12.0,29.0,201.0,207.0,22.0,141.0,16.0,0.5283505154639175,0.4137931034482758,0.4058823529411764,89.8739299610895,0.2352941176470588,16.04,16.00497512437811,107.0,0.7,0.7525773195876289,0.5,False,0.3020833333333333,200745
2,2008,105.10204081632654,124.36548223350252,24.0,48.0,15.0,24.0,32.0,196.0,197.0,39.0,17.0,9.0,12.0,40.0,245.0,206.0,26.0,149.0,15.0,0.5024630541871922,0.325,0.4656084656084656,90.7795957651588,0.2539682539682539,16.142857142857142,15.583756345177664,104.0,0.3636363636363636,0.5977011494252874,0.5,True,0.2788461538461538,200745
3,2008,115.0197628458498,108.26771653543308,42.0,62.0,23.0,26.0,64.0,253.0,254.0,42.0,19.0,12.0,27.0,80.0,275.0,291.0,41.0,159.0,12.0,0.5492424242424242,0.3625,0.5941422594142259,89.40484937545922,0.2594142259414226,15.695652173913045,16.515748031496063,136.0,0.5161290322580645,0.7068965517241379,0.6774193548387096,False,0.2692307692307692,200745
