index,year,ortg,drtg,AtRimFGM,AtRimFGA,AtRimAssists,Turnovers,FTA,OffPoss,DefPoss,TwoPtAssists,Steals,BadPassSteals,ThreePtAssists,FG3A,OpponentPoints,Points,SecondChancePoints,FG2A,LiveBallTurnovers,TsPct,Fg3Pct,AtRimFG3AFrequency,Pace,AtRimFrequency,SecondsPerPossOff,SecondsPerPossDef,Minutes,DefAtRimReboundPct,DefFGReboundPct,AtRimAccuracy,player_on,OffFGReboundPct,nba_id
0,2008,108.33333333333331,119.44444444444444,9.0,13.0,7.0,5.0,14.0,36.0,36.0,7.0,,,4.0,8.0,43.0,39.0,8.0,23.0,3.0,0.5131578947368421,0.5,0.6774193548387096,96.17810760667903,0.4193548387096774,15.61111111111111,14.333333333333334,18.0,0.5,0.7222222222222222,0.6923076923076923,True,0.5555555555555556,200799
1,2008,109.0272270684642,100.9635691657867,1402.0,2301.0,777.0,1107.0,2082.0,7566.0,7576.0,1399.0,590.0,344.0,424.0,1385.0,7649.0,8249.0,1073.0,5254.0,554.0,0.5438561571125266,0.348014440433213,0.5552040970025607,92.16457718676824,0.3465883416177135,15.395849854612742,15.852296726504752,3943.0,0.614950634696756,0.740392826643894,0.6093003042155585,False,0.2936760034652035,200799
