index,year,ortg,drtg,AtRimFGM,AtRimFGA,AtRimAssists,Turnovers,FTA,OffPoss,DefPoss,TwoPtAssists,Steals,BadPassSteals,ThreePtAssists,FG3A,OpponentPoints,Points,SecondChancePoints,FG2A,LiveBallTurnovers,TsPct,Fg3Pct,AtRimFG3AFrequency,Pace,AtRimFrequency,SecondsPerPossOff,SecondsPerPossDef,Minutes,DefAtRimReboundPct,DefFGReboundPct,AtRimAccuracy,player_on,OffFGReboundPct,nba_id
0,2008,91.2280701754386,105.17241379310344,9.0,16.0,5.0,11.0,28.0,57.0,58.0,7.0,4.0,3.0,3.0,9.0,61.0,52.0,8.0,34.0,7.0,0.4642857142857143,0.3333333333333333,0.5813953488372093,95.94438006952493,0.3720930232558139,13.75438596491228,16.24137931034483,29.0,0.25,0.6956521739130435,0.5625,True,0.375,200780
1,2008,101.82481751824818,116.14678899082568,81.0,144.0,49.0,100.0,192.0,548.0,545.0,90.0,26.0,17.0,22.0,78.0,633.0,558.0,92.0,378.0,53.0,0.5073260073260073,0.3205128205128205,0.4868421052631579,85.38136052945643,0.3157894736842105,16.44160583941606,17.291743119266055,307.0,0.6125,0.6496350364963503,0.5625,False,0.3474903474903475,200780
2,2009,92.85714285714286,115.71428571428572,16.0,45.0,5.0,23.0,34.0,140.0,140.0,13.0,12.0,7.0,10.0,35.0,162.0,130.0,32.0,102.0,9.0,0.4243421052631579,0.3428571428571428,0.583941605839416,87.04663212435233,0.3284671532846715,17.042857142857144,16.042857142857144,77.0,0.625,0.8,0.3555555555555555,True,0.3614457831325301,200780
3,2009,102.84974093264248,108.80829015544042,120.0,205.0,70.0,110.0,228.0,772.0,772.0,121.0,64.0,38.0,42.0,158.0,840.0,794.0,115.0,515.0,62.0,0.5090322580645161,0.3481012658227848,0.5393759286775631,82.20053238686779,0.3046062407132243,16.887305699481864,18.14896373056995,451.0,0.5205479452054794,0.6657223796033994,0.5853658536585366,False,0.2796833773087071,200780
