index,year,ortg,drtg,AtRimFGM,AtRimFGA,AtRimAssists,Turnovers,FTA,OffPoss,DefPoss,TwoPtAssists,Steals,BadPassSteals,ThreePtAssists,FG3A,OpponentPoints,Points,SecondChancePoints,FG2A,LiveBallTurnovers,TsPct,Fg3Pct,AtRimFG3AFrequency,Pace,AtRimFrequency,SecondsPerPossOff,SecondsPerPossDef,Minutes,DefAtRimReboundPct,DefFGReboundPct,AtRimAccuracy,player_on,OffFGReboundPct,nba_id
0,2010,86.60714285714286,85.04672897196262,10.0,22.0,7.0,17.0,30.0,112.0,107.0,12.0,9.0,3.0,7.0,28.0,91.0,97.0,6.0,66.0,12.0,0.4444444444444444,0.3214285714285714,0.5319148936170213,92.10280373831776,0.2340425531914893,15.133928571428571,16.1588785046729,57.0,0.9,0.7818181818181819,0.4545454545454545,True,0.2295081967213114,200749
1,2010,105.6344928956394,102.8459273797841,345.0,605.0,202.0,317.0,590.0,2041.0,2038.0,372.0,183.0,117.0,116.0,355.0,2096.0,2156.0,242.0,1367.0,154.0,0.5401109989909183,0.3661971830985915,0.5574912891986062,89.00175768228377,0.351335656213705,16.037726604605584,16.321393523061825,1100.0,0.6153846153846154,0.7041036717062635,0.5702479338842975,False,0.2727272727272727,200749
