index,year,ortg,drtg,AtRimFGM,AtRimFGA,AtRimAssists,Turnovers,FTA,OffPoss,DefPoss,TwoPtAssists,Steals,BadPassSteals,ThreePtAssists,FG3A,OpponentPoints,Points,SecondChancePoints,FG2A,LiveBallTurnovers,TsPct,Fg3Pct,AtRimFG3AFrequency,Pace,AtRimFrequency,SecondsPerPossOff,SecondsPerPossDef,Minutes,DefAtRimReboundPct,DefFGReboundPct,AtRimAccuracy,player_on,OffFGReboundPct,nba_id
0,2008,175.0,100.0,,1.0,,,1.0,4.0,3.0,,,,,,3.0,7.0,2.0,5.0,,0.7,,0.2,107.23404255319149,0.2,15.75,10.333333333333334,2.0,,1.0,,True,1.0,200788
1,2008,110.2974828375286,108.8,167.0,273.0,60.0,145.0,242.0,874.0,875.0,93.0,48.0,27.0,81.0,253.0,952.0,964.0,118.0,496.0,78.0,0.559953434225844,0.3557312252964427,0.7022696929238985,87.73636173622239,0.3644859813084112,15.683066361556063,17.141714285714286,478.0,0.5853658536585366,0.7199124726477024,0.6117216117216118,False,0.319693094629156,200788
