index,year,ortg,drtg,AtRimFGM,AtRimFGA,AtRimAssists,Turnovers,FTA,OffPoss,DefPoss,TwoPtAssists,Steals,BadPassSteals,ThreePtAssists,FG3A,OpponentPoints,Points,SecondChancePoints,FG2A,LiveBallTurnovers,TsPct,Fg3Pct,AtRimFG3AFrequency,Pace,AtRimFrequency,SecondsPerPossOff,SecondsPerPossDef,Minutes,DefAtRimReboundPct,DefFGReboundPct,AtRimAccuracy,player_on,OffFGReboundPct,nba_id
0,2009,92.3076923076923,96.15384615384616,8.0,10.0,4.0,6.0,1.0,26.0,26.0,4.0,2.0,2.0,1.0,2.0,25.0,24.0,4.0,18.0,2.0,0.6,0.5,0.6,108.67924528301889,0.5,14.5,12.0,11.0,0.75,0.6875,0.8,True,0.375,200778
1,2009,106.7628494138864,105.05415162454874,176.0,286.0,65.0,145.0,287.0,1109.0,1108.0,143.0,99.0,56.0,59.0,207.0,1164.0,1184.0,169.0,793.0,78.0,0.522566371681416,0.3623188405797101,0.493,86.86784033087535,0.286,15.504959422903516,17.649819494584836,613.0,0.5777777777777777,0.7062256809338522,0.6153846153846154,False,0.29097605893186,200778
2,2013,88.23529411764706,111.76470588235294,1.0,1.0,,1.0,4.0,17.0,17.0,,,,2.0,7.0,19.0,15.0,2.0,7.0,1.0,0.46875,0.2857142857142857,0.5714285714285714,88.21621621621621,0.0714285714285714,12.705882352941176,19.94117647058824,9.0,1.0,0.7777777777777778,1.0,True,0.1111111111111111,200778
3,2013,98.64077669902912,101.65530671859786,149.0,252.0,68.0,202.0,300.0,1030.0,1027.0,129.0,61.0,38.0,70.0,257.0,1044.0,1016.0,153.0,577.0,105.0,0.5201238390092879,0.3229571984435798,0.6103117505995204,86.34543069523393,0.302158273381295,16.249514563106796,17.106134371957157,572.0,0.4896551724137931,0.723826714801444,0.5912698412698413,False,0.2746781115879828,200778
