index,year,ortg,drtg,AtRimFGM,AtRimFGA,AtRimAssists,Turnovers,FTA,OffPoss,DefPoss,TwoPtAssists,Steals,BadPassSteals,ThreePtAssists,FG3A,OpponentPoints,Points,SecondChancePoints,FG2A,LiveBallTurnovers,TsPct,Fg3Pct,AtRimFG3AFrequency,Pace,AtRimFrequency,SecondsPerPossOff,SecondsPerPossDef,Minutes,DefAtRimReboundPct,DefFGReboundPct,AtRimAccuracy,player_on,OffFGReboundPct,nba_id
0,2008,105.69620253164555,98.72611464968152,27.0,54.0,15.0,22.0,65.0,158.0,157.0,24.0,19.0,9.0,7.0,22.0,155.0,167.0,32.0,118.0,9.0,0.4854651162790697,0.3636363636363636,0.5428571428571428,89.91080277502478,0.3857142857142857,15.069620253164556,16.96815286624204,84.0,0.5,0.6956521739130435,0.5,True,0.4024390243902439,200760
1,2008,96.13259668508287,110.74380165289256,70.0,132.0,33.0,67.0,115.0,362.0,363.0,61.0,34.0,19.0,3.0,25.0,402.0,348.0,66.0,283.0,29.0,0.477961432506887,0.12,0.5097402597402597,85.32897425418881,0.4285714285714285,16.044198895027623,17.705234159779614,204.0,0.5526315789473685,0.61875,0.5303030303030303,False,0.3630952380952381,200760
