index,year,ortg,drtg,AtRimFGM,AtRimFGA,AtRimAssists,Turnovers,FTA,OffPoss,DefPoss,TwoPtAssists,Steals,BadPassSteals,ThreePtAssists,FG3A,OpponentPoints,Points,SecondChancePoints,FG2A,LiveBallTurnovers,TsPct,Fg3Pct,AtRimFG3AFrequency,Pace,AtRimFrequency,SecondsPerPossOff,SecondsPerPossDef,Minutes,DefAtRimReboundPct,DefFGReboundPct,AtRimAccuracy,player_on,OffFGReboundPct,nba_id
0,2007,107.53424657534246,90.47619047619048,23.0,35.0,11.0,27.0,45.0,146.0,147.0,24.0,14.0,8.0,8.0,29.0,133.0,157.0,14.0,90.0,9.0,0.5620437956204379,0.3448275862068966,0.5378151260504201,90.4631217838765,0.2941176470588235,14.67123287671233,17.156462585034014,78.0,0.7333333333333333,0.8095238095238095,0.6571428571428571,True,0.2321428571428571,200766
1,2007,98.25897714907508,103.26441784548422,100.0,188.0,40.0,142.0,262.0,919.0,919.0,117.0,79.0,41.0,52.0,167.0,949.0,903.0,102.0,610.0,67.0,0.5011160714285714,0.3473053892215569,0.4568854568854569,88.53090714476853,0.2419562419562419,16.55386289445049,15.977149075081613,498.0,0.5943396226415094,0.7246376811594203,0.5319148936170213,False,0.2577777777777778,200766
