index,year,ortg,drtg,AtRimFGM,AtRimFGA,AtRimAssists,Turnovers,FTA,OffPoss,DefPoss,TwoPtAssists,Steals,BadPassSteals,ThreePtAssists,FG3A,OpponentPoints,Points,SecondChancePoints,FG2A,LiveBallTurnovers,TsPct,Fg3Pct,AtRimFG3AFrequency,Pace,AtRimFrequency,SecondsPerPossOff,SecondsPerPossDef,Minutes,DefAtRimReboundPct,DefFGReboundPct,AtRimAccuracy,player_on,OffFGReboundPct,nba_id
0,2009,110.94890510948905,106.03864734299516,60.0,110.0,24.0,62.0,98.0,411.0,414.0,69.0,24.0,12.0,21.0,88.0,439.0,456.0,74.0,276.0,32.0,0.5577395577395577,0.3636363636363636,0.5439560439560439,83.0420802460506,0.3021978021978022,17.980535279805352,16.705314009661837,238.0,0.65625,0.7631578947368421,0.5454545454545454,True,0.2802197802197802,200750
1,2009,108.7912087912088,97.67441860465117,15.0,27.0,7.0,11.0,32.0,91.0,86.0,11.0,10.0,5.0,3.0,17.0,84.0,99.0,10.0,61.0,4.0,0.532258064516129,0.4117647058823529,0.5641025641025641,85.70275722932078,0.3461538461538461,16.75824175824176,16.848837209302324,50.0,0.5,0.6470588235294118,0.5555555555555556,False,0.3488372093023256,200750
2,2010,117.4496644295302,93.33333333333331,26.0,44.0,11.0,28.0,59.0,149.0,150.0,17.0,11.0,4.0,12.0,38.0,140.0,175.0,26.0,81.0,11.0,0.593103448275862,0.3947368421052631,0.6890756302521008,86.54472361809044,0.3697478991596639,15.228187919463087,18.04,83.0,0.5,0.7261904761904762,0.5909090909090909,True,0.3728813559322034,200750
3,2010,118.98395721925134,112.97297297297295,72.0,105.0,38.0,48.0,90.0,374.0,370.0,58.0,20.0,13.0,39.0,115.0,418.0,445.0,77.0,236.0,25.0,0.5663265306122449,0.391304347826087,0.6267806267806267,87.06704591629419,0.2991452991452991,16.163101604278076,16.91891891891892,205.0,0.6486486486486487,0.6647058823529411,0.6857142857142857,False,0.3571428571428571,200750
4,2011,117.91666666666669,105.28455284552844,30.0,55.0,15.0,32.0,79.0,240.0,246.0,32.0,11.0,7.0,19.0,66.0,259.0,283.0,39.0,150.0,15.0,0.5595238095238095,0.3484848484848485,0.5601851851851852,84.68538238141336,0.2546296296296296,17.166666666666668,16.84552845528455,138.0,0.6842105263157895,0.7377049180327869,0.5454545454545454,True,0.3423423423423423,200750
5,2011,105.72519083969466,105.05836575875486,31.0,52.0,18.0,40.0,66.0,262.0,257.0,41.0,20.0,16.0,22.0,55.0,270.0,277.0,40.0,171.0,19.0,0.537109375,0.4181818181818181,0.4734513274336283,82.89263531499556,0.2300884955752212,18.022900763358777,16.708171206225682,150.0,0.7307692307692307,0.7297297297297297,0.5961538461538461,False,0.3089430894308943,200750
