index,year,ortg,drtg,AtRimFGM,AtRimFGA,AtRimAssists,Turnovers,FTA,OffPoss,DefPoss,TwoPtAssists,Steals,BadPassSteals,ThreePtAssists,FG3A,OpponentPoints,Points,SecondChancePoints,FG2A,LiveBallTurnovers,TsPct,Fg3Pct,AtRimFG3AFrequency,Pace,AtRimFrequency,SecondsPerPossOff,SecondsPerPossDef,Minutes,DefAtRimReboundPct,DefFGReboundPct,AtRimAccuracy,player_on,OffFGReboundPct,nba_id
0,2014,91.30434782608695,83.72093023255815,6.0,14.0,,5.0,15.0,46.0,43.0,4.0,3.0,2.0,2.0,13.0,36.0,42.0,18.0,30.0,3.0,0.42,0.1538461538461538,0.627906976744186,88.20371644872678,0.3255813953488372,17.043478260869566,15.55813953488372,24.0,0.8,0.7692307692307693,0.4285714285714285,True,0.4444444444444444,200777
1,2014,115.66502463054188,109.3503937007874,195.0,337.0,85.0,125.0,263.0,1015.0,1016.0,146.0,83.0,48.0,66.0,237.0,1111.0,1174.0,181.0,713.0,62.0,0.5477081384471468,0.3586497890295358,0.6042105263157894,93.95829986828156,0.3547368421052632,15.385221674876847,15.266732283464568,519.0,0.6283185840707964,0.6819085487077535,0.5786350148367952,False,0.3217213114754098,200777
2,2015,68.75,75.0,,2.0,,3.0,2.0,16.0,16.0,1.0,2.0,,1.0,3.0,12.0,11.0,,7.0,3.0,0.5,0.3333333333333333,0.5,105.2054794520548,0.2,16.0625,11.3125,7.0,1.0,0.75,,True,,200777
3,2015,112.07289293849658,102.92792792792793,72.0,125.0,31.0,38.0,125.0,439.0,444.0,75.0,34.0,17.0,17.0,59.0,457.0,492.0,66.0,356.0,14.0,0.5223404255319148,0.3728813559322034,0.4433734939759036,91.0700472711646,0.3012048192771084,17.01138952164009,14.626126126126126,233.0,0.6333333333333333,0.7489361702127659,0.576,False,0.29004329004329,200777
