index,year,ortg,drtg,AtRimFGM,AtRimFGA,AtRimAssists,Turnovers,FTA,OffPoss,DefPoss,TwoPtAssists,Steals,BadPassSteals,ThreePtAssists,FG3A,OpponentPoints,Points,SecondChancePoints,FG2A,LiveBallTurnovers,TsPct,Fg3Pct,AtRimFG3AFrequency,Pace,AtRimFrequency,SecondsPerPossOff,SecondsPerPossDef,Minutes,DefAtRimReboundPct,DefFGReboundPct,AtRimAccuracy,player_on,OffFGReboundPct,nba_id
0,2007,114.31334622823984,105.6366047745358,307.0,472.0,171.0,253.0,478.0,1551.0,1508.0,331.0,118.0,78.0,101.0,296.0,1593.0,1773.0,251.0,1039.0,112.0,0.5733766233766234,0.3783783783783784,0.5752808988764045,92.75748067973636,0.3535580524344569,15.880077369439071,15.158488063660478,791.0,0.583710407239819,0.694019471488178,0.6504237288135594,True,0.3552833078101072,200786
1,2007,111.04173512980611,107.51756823010297,1166.0,1834.0,667.0,1032.0,1631.0,6086.0,6119.0,1240.0,495.0,312.0,405.0,1241.0,6579.0,6758.0,919.0,4097.0,475.0,0.5562365413284744,0.3650282030620467,0.5760584488572499,92.1272101105514,0.3435743724241288,15.739566217548472,15.522144141199542,3180.0,0.5797280593325093,0.6918126564175903,0.6357688113413305,False,0.3384615384615385,200786
