index,year,ortg,drtg,AtRimFGM,AtRimFGA,AtRimAssists,Turnovers,FTA,OffPoss,DefPoss,TwoPtAssists,Steals,BadPassSteals,ThreePtAssists,FG3A,OpponentPoints,Points,SecondChancePoints,FG2A,LiveBallTurnovers,TsPct,Fg3Pct,AtRimFG3AFrequency,Pace,AtRimFrequency,SecondsPerPossOff,SecondsPerPossDef,Minutes,DefAtRimReboundPct,DefFGReboundPct,AtRimAccuracy,player_on,OffFGReboundPct,nba_id
0,2012,112.5233644859813,98.12734082397004,94.0,154.0,58.0,82.0,158.0,535.0,534.0,105.0,41.0,23.0,34.0,87.0,524.0,602.0,86.0,383.0,48.0,0.5555555555555556,0.4367816091954023,0.5127659574468085,88.29643225880464,0.3276595744680851,16.538317757009345,16.078651685393258,291.0,0.7142857142857143,0.758893280632411,0.6103896103896104,True,0.3347107438016529,200751
1,2012,99.11699779249447,105.77777777777776,67.0,120.0,35.0,84.0,147.0,453.0,450.0,61.0,39.0,25.0,21.0,83.0,476.0,449.0,70.0,288.0,56.0,0.5080275229357798,0.2891566265060241,0.5471698113207547,89.39364773820982,0.3234501347708894,16.1280353200883,16.08888888888889,242.0,0.7222222222222222,0.7377049180327869,0.5583333333333333,False,0.3221153846153846,200751
2,2016,107.41758241758242,104.09836065573772,66.0,108.0,34.0,48.0,101.0,364.0,366.0,51.0,33.0,16.0,31.0,87.0,381.0,391.0,59.0,242.0,29.0,0.5199468085106383,0.4022988505747126,0.5927051671732523,92.2752808988764,0.3282674772036474,15.266483516483516,15.942622950819672,190.0,0.5294117647058824,0.6568047337278107,0.6111111111111112,True,0.292817679558011,200751
3,2016,107.36288504883548,114.4776119402985,211.0,392.0,113.0,175.0,299.0,1331.0,1340.0,203.0,114.0,61.0,99.0,350.0,1534.0,1429.0,143.0,853.0,110.0,0.5337584396099024,0.3628571428571429,0.6167913549459684,95.09098101265825,0.3258520365752286,15.730277986476334,14.56044776119403,674.0,0.631578947368421,0.6640866873065016,0.5382653061224489,False,0.2519440124416796,200751
