index,year,ortg,drtg,AtRimFGM,AtRimFGA,AtRimAssists,Turnovers,FTA,OffPoss,DefPoss,TwoPtAssists,Steals,BadPassSteals,ThreePtAssists,FG3A,OpponentPoints,Points,SecondChancePoints,FG2A,LiveBallTurnovers,TsPct,Fg3Pct,AtRimFG3AFrequency,Pace,AtRimFrequency,SecondsPerPossOff,SecondsPerPossDef,Minutes,DefAtRimReboundPct,DefFGReboundPct,AtRimAccuracy,player_on,OffFGReboundPct,nba_id
0,2007,113.33333333333331,138.46153846153845,2.0,4.0,2.0,2.0,2.0,15.0,13.0,5.0,,,1.0,2.0,18.0,17.0,5.0,10.0,2.0,0.6538461538461539,0.5,0.5,91.84510250569475,0.3333333333333333,18.066666666666663,12.923076923076923,7.0,1.0,0.6666666666666666,0.5,True,0.4,200788
1,2007,105.16750305167504,104.35667752442995,1422.0,2263.0,756.0,1389.0,2391.0,7373.0,7368.0,1218.0,565.0,345.0,301.0,960.0,7689.0,7754.0,1109.0,5118.0,676.0,0.5400956668542487,0.3552083333333333,0.5302731161566304,89.59543476517489,0.3723264231655149,16.200325512003253,15.944082519001086,3949.0,0.5800256081946222,0.7040572792362768,0.6283694211224039,False,0.3353619474695707,200788
2,2008,102.36486486486488,101.03092783505154,54.0,90.0,34.0,46.0,101.0,296.0,291.0,51.0,25.0,8.0,13.0,65.0,294.0,303.0,46.0,189.0,22.0,0.5050335570469798,0.2461538461538461,0.610236220472441,94.6774193548387,0.3543307086614173,15.510135135135137,14.903780068728524,149.0,0.6666666666666666,0.7563025210084033,0.6,True,0.3525179856115107,200788
3,2008,111.99349505353028,106.20249728555918,1302.0,2060.0,660.0,1127.0,2187.0,7379.0,7368.0,956.0,495.0,296.0,686.0,2009.0,7825.0,8264.0,960.0,4183.0,559.0,0.5753779395296752,0.390741662518666,0.6571382428940569,92.9628073124606,0.332687338501292,15.226453448976828,15.754071661237784,3807.0,0.5913272010512484,0.7110741049125728,0.6320388349514563,False,0.2687797147385103,200788
