index,year,ortg,drtg,AtRimFGM,AtRimFGA,AtRimAssists,Turnovers,FTA,OffPoss,DefPoss,TwoPtAssists,Steals,BadPassSteals,ThreePtAssists,FG3A,OpponentPoints,Points,SecondChancePoints,FG2A,LiveBallTurnovers,TsPct,Fg3Pct,AtRimFG3AFrequency,Pace,AtRimFrequency,SecondsPerPossOff,SecondsPerPossDef,Minutes,DefAtRimReboundPct,DefFGReboundPct,AtRimAccuracy,player_on,OffFGReboundPct,nba_id
0,2007,110.9090909090909,98.17351598173516,35.0,54.0,17.0,32.0,74.0,220.0,219.0,40.0,23.0,11.0,9.0,39.0,215.0,244.0,18.0,147.0,10.0,0.555045871559633,0.3076923076923077,0.5,89.40178192617735,0.2903225806451613,15.777272727272727,16.438356164383563,118.0,0.6363636363636364,0.7752808988764045,0.6481481481481481,True,0.2934782608695652,200767
1,2007,96.5680473372781,102.3612750885478,88.0,169.0,34.0,137.0,233.0,845.0,847.0,101.0,70.0,38.0,51.0,157.0,867.0,816.0,98.0,553.0,66.0,0.4969325153374233,0.3566878980891719,0.4591549295774648,88.6347266179199,0.2380281690140845,16.43076923076923,16.062573789846518,458.0,0.6060606060606061,0.7268041237113402,0.5207100591715976,False,0.2463768115942029,200767
