index,year,ortg,drtg,AtRimFGM,AtRimFGA,AtRimAssists,Turnovers,FTA,OffPoss,DefPoss,TwoPtAssists,Steals,BadPassSteals,ThreePtAssists,FG3A,OpponentPoints,Points,SecondChancePoints,FG2A,LiveBallTurnovers,TsPct,Fg3Pct,AtRimFG3AFrequency,Pace,AtRimFrequency,SecondsPerPossOff,SecondsPerPossDef,Minutes,DefAtRimReboundPct,DefFGReboundPct,AtRimAccuracy,player_on,OffFGReboundPct,nba_id
0,2009,98.03921568627452,93.61702127659576,10.0,17.0,4.0,10.0,8.0,51.0,47.0,7.0,2.0,2.0,2.0,6.0,44.0,50.0,11.0,46.0,5.0,0.4629629629629629,0.3333333333333333,0.4423076923076923,85.94397076735687,0.3269230769230769,16.352941176470587,17.19148936170213,27.0,0.75,0.7058823529411765,0.5882352941176471,True,0.3793103448275862,200771
1,2009,105.34521158129176,112.3076923076923,65.0,100.0,22.0,58.0,110.0,449.0,455.0,56.0,34.0,20.0,23.0,79.0,511.0,473.0,61.0,316.0,29.0,0.5303370786516854,0.3924050632911392,0.4531645569620253,83.24338150658652,0.2531645569620253,16.7728285077951,17.81758241758242,261.0,0.5172413793103449,0.7067307692307693,0.65,False,0.2452830188679245,200771
