index,year,ortg,drtg,AtRimFGM,AtRimFGA,AtRimAssists,Turnovers,FTA,OffPoss,DefPoss,TwoPtAssists,Steals,BadPassSteals,ThreePtAssists,FG3A,OpponentPoints,Points,SecondChancePoints,FG2A,LiveBallTurnovers,TsPct,Fg3Pct,AtRimFG3AFrequency,Pace,AtRimFrequency,SecondsPerPossOff,SecondsPerPossDef,Minutes,DefAtRimReboundPct,DefFGReboundPct,AtRimAccuracy,player_on,OffFGReboundPct,nba_id
0,2008,119.44444444444444,108.33333333333331,10.0,12.0,2.0,,17.0,36.0,36.0,5.0,3.0,2.0,,3.0,39.0,43.0,7.0,30.0,,0.5375,,0.4545454545454545,96.17810760667903,0.3636363636363636,14.333333333333334,15.61111111111111,18.0,0.5,0.4444444444444444,0.8333333333333334,True,0.2777777777777778,200799
1,2008,100.9635691657867,109.0272270684642,1020.0,1736.0,527.0,1180.0,2161.0,7576.0,7566.0,1406.0,554.0,318.0,321.0,1076.0,8249.0,7649.0,914.0,5336.0,590.0,0.51524803469775,0.3252788104089219,0.438552713661884,92.16457718676824,0.2707423580786026,15.852296726504752,15.395849854612742,3943.0,0.5748031496062992,0.7063239965347964,0.5875576036866359,False,0.2596071733561059,200799
