index,year,ortg,drtg,AtRimFGM,AtRimFGA,AtRimAssists,Turnovers,FTA,OffPoss,DefPoss,TwoPtAssists,Steals,BadPassSteals,ThreePtAssists,FG3A,OpponentPoints,Points,SecondChancePoints,FG2A,LiveBallTurnovers,TsPct,Fg3Pct,AtRimFG3AFrequency,Pace,AtRimFrequency,SecondsPerPossOff,SecondsPerPossDef,Minutes,DefAtRimReboundPct,DefFGReboundPct,AtRimAccuracy,player_on,OffFGReboundPct,nba_id
0,2008,83.33333333333333,73.6842105263158,2.0,3.0,,2.0,14.0,18.0,19.0,,2.0,1.0,,1.0,14.0,15.0,,8.0,1.0,0.46875,,0.4444444444444444,108.73469387755102,0.3333333333333333,10.833333333333334,15.526315789473683,8.0,1.0,0.75,0.6666666666666666,True,,200762
1,2008,105.28375733855188,109.1796875,82.0,142.0,41.0,72.0,160.0,511.0,512.0,70.0,41.0,26.0,24.0,117.0,559.0,538.0,66.0,325.0,34.0,0.5203883495145631,0.3076923076923077,0.5859728506787331,87.7379392495533,0.3212669683257919,15.559686888454012,17.263671875,280.0,0.625,0.656,0.5774647887323944,False,0.2804878048780488,200762
