index,year,ortg,drtg,AtRimFGM,AtRimFGA,AtRimAssists,Turnovers,FTA,OffPoss,DefPoss,TwoPtAssists,Steals,BadPassSteals,ThreePtAssists,FG3A,OpponentPoints,Points,SecondChancePoints,FG2A,LiveBallTurnovers,TsPct,Fg3Pct,AtRimFG3AFrequency,Pace,AtRimFrequency,SecondsPerPossOff,SecondsPerPossDef,Minutes,DefAtRimReboundPct,DefFGReboundPct,AtRimAccuracy,player_on,OffFGReboundPct,nba_id
0,2010,92.3076923076923,88.46153846153847,4.0,6.0,3.0,1.0,5.0,26.0,26.0,4.0,,,1.0,7.0,23.0,24.0,2.0,15.0,,0.5,0.1428571428571428,0.5909090909090909,95.63218390804596,0.2727272727272727,13.692307692307692,16.423076923076923,13.0,1.0,0.7142857142857143,0.6666666666666666,True,0.0833333333333333,200747
1,2010,108.58684985279686,112.6774351443955,331.0,631.0,179.0,286.0,635.0,2038.0,2043.0,333.0,151.0,87.0,121.0,435.0,2302.0,2213.0,274.0,1366.0,154.0,0.5286057692307692,0.3241379310344827,0.5918933925596891,89.7786333012512,0.3503609106052193,15.076545632973504,17.0,1091.0,0.5130434782608696,0.6580310880829016,0.5245641838351822,False,0.313508064516129,200747
