index,year,ortg,drtg,AtRimFGM,AtRimFGA,AtRimAssists,Turnovers,FTA,OffPoss,DefPoss,TwoPtAssists,Steals,BadPassSteals,ThreePtAssists,FG3A,OpponentPoints,Points,SecondChancePoints,FG2A,LiveBallTurnovers,TsPct,Fg3Pct,AtRimFG3AFrequency,Pace,AtRimFrequency,SecondsPerPossOff,SecondsPerPossDef,Minutes,DefAtRimReboundPct,DefFGReboundPct,AtRimAccuracy,player_on,OffFGReboundPct,nba_id
0,2007,102.13414634146342,114.8036253776435,53.0,83.0,26.0,59.0,82.0,328.0,331.0,40.0,20.0,13.0,32.0,90.0,380.0,335.0,41.0,188.0,28.0,0.5319488817891374,0.3777777777777777,0.6223021582733813,92.8350616317746,0.2985611510791366,14.524390243902438,16.48942598187311,170.0,0.4878048780487805,0.564625850340136,0.6385542168674698,True,0.2745098039215686,200806
1,2007,107.37087272229073,111.56583629893238,1448.0,2455.0,770.0,1179.0,1837.0,7299.0,7306.0,1289.0,567.0,374.0,410.0,1382.0,8151.0,7837.0,1086.0,5054.0,585.0,0.5388881186746153,0.3545586107091172,0.596177750155376,92.2267341408011,0.3814481044126787,15.49184819838334,15.735422940049274,3801.0,0.5344387755102041,0.6625463535228677,0.589816700610998,False,0.3092476955099613,200806
