index,year,ortg,drtg,AtRimFGM,AtRimFGA,AtRimAssists,Turnovers,FTA,OffPoss,DefPoss,TwoPtAssists,Steals,BadPassSteals,ThreePtAssists,FG3A,OpponentPoints,Points,SecondChancePoints,FG2A,LiveBallTurnovers,TsPct,Fg3Pct,AtRimFG3AFrequency,Pace,AtRimFrequency,SecondsPerPossOff,SecondsPerPossDef,Minutes,DefAtRimReboundPct,DefFGReboundPct,AtRimAccuracy,player_on,OffFGReboundPct,nba_id
0,2009,102.32558139534883,78.57142857142857,6.0,7.0,3.0,6.0,17.0,43.0,42.0,7.0,5.0,1.0,1.0,8.0,33.0,44.0,3.0,22.0,4.0,0.5657894736842105,0.25,0.5,83.89307745030843,0.2333333333333333,16.069767441860463,18.285714285714285,24.0,0.6666666666666666,0.5652173913043478,0.8571428571428571,True,0.125,200809
1,2009,106.50557620817844,107.03703703703704,66.0,105.0,20.0,88.0,141.0,538.0,540.0,68.0,38.0,20.0,29.0,132.0,578.0,573.0,79.0,325.0,44.0,0.54510556621881,0.3636363636363636,0.5185995623632386,83.00732581145394,0.2297592997811816,17.676579925650557,17.02037037037037,312.0,0.6029411764705882,0.6996197718631179,0.6285714285714286,False,0.2745901639344262,200809
