index,year,ortg,drtg,AtRimFGM,AtRimFGA,AtRimAssists,Turnovers,FTA,OffPoss,DefPoss,TwoPtAssists,Steals,BadPassSteals,ThreePtAssists,FG3A,OpponentPoints,Points,SecondChancePoints,FG2A,LiveBallTurnovers,TsPct,Fg3Pct,AtRimFG3AFrequency,Pace,AtRimFrequency,SecondsPerPossOff,SecondsPerPossDef,Minutes,DefAtRimReboundPct,DefFGReboundPct,AtRimAccuracy,player_on,OffFGReboundPct,nba_id
0,2008,126.3157894736842,75.0,4.0,10.0,2.0,,6.0,19.0,20.0,2.0,1.0,,2.0,4.0,15.0,24.0,10.0,19.0,,0.4615384615384615,0.5,0.6086956521739131,90.58064516129032,0.4347826086956521,14.894736842105264,16.85,10.0,0.5,0.7272727272727273,0.4,True,0.4615384615384615,200811
1,2008,98.00399201596808,108.4,93.0,176.0,46.0,89.0,174.0,501.0,500.0,83.0,52.0,28.0,8.0,43.0,542.0,491.0,88.0,382.0,38.0,0.481335952848723,0.2093023255813953,0.5152941176470588,86.52100840336134,0.4141176470588235,15.780439121756489,17.508,278.0,0.5454545454545454,0.6376146788990825,0.5284090909090909,False,0.3713080168776371,200811
2,2010,109.74930362116991,106.5934065934066,55.0,100.0,16.0,54.0,119.0,359.0,364.0,32.0,26.0,16.0,30.0,117.0,388.0,394.0,80.0,211.0,33.0,0.5171503957783641,0.2991452991452991,0.6615853658536586,89.65897347571477,0.3048780487804878,15.545961002785516,16.568681318681318,194.0,0.4705882352941176,0.6724137931034483,0.55,True,0.3903743315508021,200811
3,2010,121.21212121212122,115.17939282428704,174.0,271.0,100.0,147.0,331.0,1089.0,1087.0,175.0,68.0,44.0,96.0,274.0,1252.0,1320.0,129.0,672.0,74.0,0.6013761467889909,0.4197080291970803,0.5761099365750528,90.9086689102936,0.2864693446088795,15.091827364554636,16.589696412143514,574.0,0.5925925925925926,0.6902834008097166,0.6420664206642066,False,0.2989247311827957,200811
4,2012,86.03351955307262,110.43956043956044,28.0,49.0,15.0,34.0,35.0,179.0,182.0,31.0,16.0,5.0,6.0,25.0,201.0,154.0,29.0,138.0,14.0,0.4325842696629213,0.24,0.4539877300613497,91.94198797311638,0.3006134969325153,15.955307262569832,15.373626373626374,94.0,0.6153846153846154,0.6805555555555556,0.5714285714285714,True,0.3298969072164948,200811
5,2012,107.0886075949367,99.61880559085134,126.0,212.0,47.0,132.0,218.0,790.0,787.0,94.0,60.0,38.0,48.0,172.0,784.0,846.0,153.0,539.0,61.0,0.5222496909765142,0.3313953488372093,0.540084388185654,86.2599711312011,0.2981715893108298,17.22025316455696,16.165184243964422,439.0,0.6413043478260869,0.7107231920199502,0.5943396226415094,False,0.3564102564102564,200811
