index,year,ortg,drtg,AtRimFGM,AtRimFGA,AtRimAssists,Turnovers,FTA,OffPoss,DefPoss,TwoPtAssists,Steals,BadPassSteals,ThreePtAssists,FG3A,OpponentPoints,Points,SecondChancePoints,FG2A,LiveBallTurnovers,TsPct,Fg3Pct,AtRimFG3AFrequency,Pace,AtRimFrequency,SecondsPerPossOff,SecondsPerPossDef,Minutes,DefAtRimReboundPct,DefFGReboundPct,AtRimAccuracy,player_on,OffFGReboundPct,nba_id
0,2007,111.53846153846152,100.0,8.0,9.0,3.0,6.0,7.0,26.0,26.0,5.0,1.0,,,2.0,26.0,29.0,2.0,15.0,2.0,0.725,,0.6470588235294118,97.75456919060052,0.5294117647058824,15.23076923076923,14.23076923076923,13.0,1.0,0.6666666666666666,0.8888888888888888,True,0.4,200837
1,2007,110.6676998579362,109.82361272048408,1362.0,2161.0,748.0,1285.0,2139.0,7743.0,7767.0,1430.0,518.0,299.0,507.0,1583.0,8530.0,8569.0,1179.0,5100.0,633.0,0.559417628541448,0.3777637397346809,0.5602274427652252,94.16089783046787,0.3233577734550352,15.639028800206638,14.947985065018669,3953.0,0.5835294117647059,0.6880658436213992,0.6302637667746414,False,0.3186558516801854,200837
