index,year,ortg,drtg,AtRimFGM,AtRimFGA,AtRimAssists,Turnovers,FTA,OffPoss,DefPoss,TwoPtAssists,Steals,BadPassSteals,ThreePtAssists,FG3A,OpponentPoints,Points,SecondChancePoints,FG2A,LiveBallTurnovers,TsPct,Fg3Pct,AtRimFG3AFrequency,Pace,AtRimFrequency,SecondsPerPossOff,SecondsPerPossDef,Minutes,DefAtRimReboundPct,DefFGReboundPct,AtRimAccuracy,player_on,OffFGReboundPct,nba_id
0,2011,102.73504273504274,108.24270177447052,300.0,479.0,153.0,307.0,480.0,1755.0,1747.0,319.0,140.0,80.0,73.0,257.0,1891.0,1803.0,281.0,1272.0,160.0,0.5175691244239631,0.3151750972762646,0.4813603662524526,97.9751704843504,0.3132766514061478,13.9994301994302,15.39896966227819,858.0,0.6091954022988506,0.6837387964148528,0.6263048016701461,True,0.3365853658536585,200817
1,2011,104.45943722231364,109.82128217740612,1118.0,1778.0,508.0,1017.0,1501.0,6077.0,6099.0,980.0,468.0,303.0,303.0,1020.0,6698.0,6348.0,998.0,4430.0,506.0,0.5172159370388588,0.3401960784313725,0.513394495412844,93.86762603793584,0.3262385321100917,15.57116998519006,15.11116576487949,3113.0,0.6091081593927894,0.7096416697451052,0.6287964004499438,False,0.3311710481392967,200817
