index,year,ortg,drtg,AtRimFGM,AtRimFGA,AtRimAssists,Turnovers,FTA,OffPoss,DefPoss,TwoPtAssists,Steals,BadPassSteals,ThreePtAssists,FG3A,OpponentPoints,Points,SecondChancePoints,FG2A,LiveBallTurnovers,TsPct,Fg3Pct,AtRimFG3AFrequency,Pace,AtRimFrequency,SecondsPerPossOff,SecondsPerPossDef,Minutes,DefAtRimReboundPct,DefFGReboundPct,AtRimAccuracy,player_on,OffFGReboundPct,nba_id
0,2007,100.0,47.05882352941177,2.0,2.0,1.0,5.0,11.0,20.0,17.0,2.0,2.0,2.0,,4.0,8.0,20.0,2.0,5.0,3.0,0.7142857142857143,0.25,0.6666666666666666,95.8273381294964,0.2222222222222222,13.85,16.41176470588235,9.0,1.0,1.0,1.0,True,0.5,200801
1,2007,99.52153110047848,102.38322211630124,121.0,221.0,50.0,164.0,296.0,1045.0,1049.0,139.0,91.0,47.0,60.0,192.0,1074.0,1040.0,114.0,695.0,73.0,0.5063788027477919,0.3489583333333333,0.4656144306651634,88.67662627926126,0.2491544532130778,16.342583732057417,16.13536701620591,567.0,0.6050420168067226,0.7313432835820896,0.5475113122171946,False,0.2529880478087649,200801
