index,year,ortg,drtg,AtRimFGM,AtRimFGA,AtRimAssists,Turnovers,FTA,OffPoss,DefPoss,TwoPtAssists,Steals,BadPassSteals,ThreePtAssists,FG3A,OpponentPoints,Points,SecondChancePoints,FG2A,LiveBallTurnovers,TsPct,Fg3Pct,AtRimFG3AFrequency,Pace,AtRimFrequency,SecondsPerPossOff,SecondsPerPossDef,Minutes,DefAtRimReboundPct,DefFGReboundPct,AtRimAccuracy,player_on,OffFGReboundPct,nba_id
0,2007,104.71204188481676,104.83870967741936,36.0,61.0,11.0,37.0,48.0,191.0,186.0,21.0,15.0,11.0,11.0,34.0,195.0,200.0,50.0,139.0,22.0,0.5182291666666666,0.3823529411764705,0.5491329479768786,90.52526263131566,0.3526011560693641,15.853403141361255,15.96236559139785,100.0,0.4782608695652174,0.6764705882352942,0.5901639344262295,True,0.4042553191489361,200838
1,2007,103.3891439373481,107.22289725934928,1200.0,2126.0,560.0,1313.0,2130.0,7406.0,7407.0,1171.0,574.0,342.0,427.0,1249.0,7942.0,7657.0,1032.0,5032.0,582.0,0.5275191104933982,0.366693354683747,0.5373348192962903,91.83864842872087,0.3384811335774558,15.76384012962463,15.59551775347644,3871.0,0.6084070796460177,0.705536653263223,0.5644402634054563,False,0.3029592733665397,200838
