index,year,ortg,drtg,AtRimFGM,AtRimFGA,AtRimAssists,Turnovers,FTA,OffPoss,DefPoss,TwoPtAssists,Steals,BadPassSteals,ThreePtAssists,FG3A,OpponentPoints,Points,SecondChancePoints,FG2A,LiveBallTurnovers,TsPct,Fg3Pct,AtRimFG3AFrequency,Pace,AtRimFrequency,SecondsPerPossOff,SecondsPerPossDef,Minutes,DefAtRimReboundPct,DefFGReboundPct,AtRimAccuracy,player_on,OffFGReboundPct,nba_id
0,2009,104.54545454545456,86.36363636363636,4.0,5.0,,4.0,10.0,22.0,22.0,1.0,3.0,1.0,1.0,4.0,19.0,23.0,7.0,17.0,4.0,0.46,0.5,0.4285714285714285,98.69158878504672,0.238095238095238,13.818181818181818,15.363636363636363,11.0,,0.625,0.8,True,0.4166666666666667,200814
1,2009,103.99320305862362,113.76689189189187,163.0,286.0,70.0,166.0,310.0,1177.0,1184.0,167.0,84.0,44.0,81.0,264.0,1347.0,1224.0,150.0,763.0,89.0,0.5231560891938251,0.3636363636363636,0.5355404089581305,85.042773525439,0.2784810126582278,16.120645709430757,17.739864864864863,666.0,0.5535714285714286,0.6797020484171322,0.5699300699300699,False,0.2570422535211267,200814
