index,year,ortg,drtg,AtRimFGM,AtRimFGA,AtRimAssists,Turnovers,FTA,OffPoss,DefPoss,TwoPtAssists,Steals,BadPassSteals,ThreePtAssists,FG3A,OpponentPoints,Points,SecondChancePoints,FG2A,LiveBallTurnovers,TsPct,Fg3Pct,AtRimFG3AFrequency,Pace,AtRimFrequency,SecondsPerPossOff,SecondsPerPossDef,Minutes,DefAtRimReboundPct,DefFGReboundPct,AtRimAccuracy,player_on,OffFGReboundPct,nba_id
0,2007,100.0,107.2289156626506,10.0,19.0,6.0,14.0,24.0,80.0,83.0,12.0,9.0,7.0,3.0,14.0,89.0,80.0,4.0,57.0,7.0,0.4876543209876543,0.2142857142857142,0.4647887323943662,94.79806138933763,0.2676056338028169,14.7875,15.578313253012048,41.0,0.8,0.6666666666666666,0.5263157894736842,True,0.3333333333333333,200829
1,2007,103.7990030984777,106.8891280947255,1285.0,2113.0,756.0,1244.0,2111.0,7423.0,7432.0,1405.0,581.0,356.0,249.0,809.0,7944.0,7705.0,1048.0,5528.0,599.0,0.5267070484581498,0.3473423980222497,0.461101467571406,90.60842750885278,0.3334385355846615,15.846288562575776,15.938778256189453,3935.0,0.586405529953917,0.6835628479343686,0.608140085186938,False,0.3055141579731744,200829
