index,year,ortg,drtg,AtRimFGM,AtRimFGA,AtRimAssists,Turnovers,FTA,OffPoss,DefPoss,TwoPtAssists,Steals,BadPassSteals,ThreePtAssists,FG3A,OpponentPoints,Points,SecondChancePoints,FG2A,LiveBallTurnovers,TsPct,Fg3Pct,AtRimFG3AFrequency,Pace,AtRimFrequency,SecondsPerPossOff,SecondsPerPossDef,Minutes,DefAtRimReboundPct,DefFGReboundPct,AtRimAccuracy,player_on,OffFGReboundPct,nba_id
0,2007,113.6904761904762,107.46951219512196,136.0,210.0,70.0,99.0,232.0,672.0,656.0,112.0,53.0,29.0,40.0,121.0,705.0,764.0,113.0,428.0,48.0,0.5826952526799387,0.3884297520661157,0.6029143897996357,95.62556255625562,0.3825136612021858,14.897321428571429,15.22408536585366,333.0,0.5125,0.6920415224913494,0.6476190476190476,True,0.3211678832116788,200818
1,2007,107.27044376221043,106.1173184357542,1140.0,1779.0,635.0,1236.0,1883.0,7166.0,7160.0,1260.0,519.0,300.0,428.0,1403.0,7598.0,7687.0,944.0,4719.0,623.0,0.5496617244853894,0.3635067712045616,0.519764782750735,94.7774071725887,0.2905913100294021,15.429667876081496,14.957122905027934,3628.0,0.6506849315068494,0.7376084262701363,0.6408094435075885,False,0.3037013603290098,200818
2,2008,160.0,72.72727272727273,3.0,3.0,2.0,,15.0,10.0,11.0,2.0,3.0,2.0,,,8.0,16.0,5.0,7.0,,0.5714285714285714,,0.4285714285714285,80.42553191489361,0.4285714285714285,16.9,18.818181818181817,6.0,0.5,0.3333333333333333,1.0,True,0.75,200818
3,2008,101.40029621650734,106.70707070707071,1055.0,1937.0,536.0,1094.0,1897.0,7427.0,7425.0,1186.0,619.0,393.0,360.0,1186.0,7923.0,7531.0,1037.0,5401.0,598.0,0.50464583894425,0.3650927487352445,0.4741156824047366,90.47515906321918,0.2940640655837255,15.341995422108525,16.49010101010101,3940.0,0.5645161290322581,0.6828658705915024,0.5446566855962829,False,0.2824239100630655,200818
4,2008,94.51476793248943,96.0698689956332,25.0,50.0,19.0,41.0,69.0,237.0,229.0,36.0,18.0,8.0,20.0,56.0,220.0,224.0,21.0,122.0,20.0,0.533816425120773,0.3928571428571428,0.5955056179775281,96.02747567258156,0.2808988764044944,15.244725738396625,14.737991266375548,116.0,0.5185185185185185,0.6634615384615384,0.5,True,0.1919191919191919,200818
5,2008,110.39440707030737,107.85036880927292,1255.0,1993.0,673.0,1209.0,2218.0,7581.0,7592.0,1317.0,643.0,407.0,505.0,1544.0,8188.0,8369.0,1093.0,5010.0,631.0,0.5533670481767368,0.3724093264248704,0.5396704302715899,94.59640129539513,0.3040891058895331,15.212241129138636,15.232876712328768,3850.0,0.6195402298850575,0.7138572285542891,0.6297039638735574,False,0.310790943840047,200818
