index,year,ortg,drtg,AtRimFGM,AtRimFGA,AtRimAssists,Turnovers,FTA,OffPoss,DefPoss,TwoPtAssists,Steals,BadPassSteals,ThreePtAssists,FG3A,OpponentPoints,Points,SecondChancePoints,FG2A,LiveBallTurnovers,TsPct,Fg3Pct,AtRimFG3AFrequency,Pace,AtRimFrequency,SecondsPerPossOff,SecondsPerPossDef,Minutes,DefAtRimReboundPct,DefFGReboundPct,AtRimAccuracy,player_on,OffFGReboundPct,nba_id
0,2007,102.37849017580145,102.3157894736842,154.0,254.0,89.0,168.0,257.0,967.0,950.0,168.0,91.0,60.0,58.0,199.0,972.0,990.0,154.0,640.0,79.0,0.518479408658923,0.3316582914572864,0.5399284862932062,92.91104304802934,0.302741358760429,15.889348500517062,15.101052631578948,495.0,0.5819672131147541,0.7245657568238213,0.6062992125984252,True,0.3120879120879121,200801
1,2007,106.82573240712776,106.05009052504526,994.0,1702.0,552.0,1020.0,2004.0,6622.0,6628.0,1179.0,493.0,317.0,400.0,1256.0,7029.0,7074.0,870.0,4381.0,420.0,0.538781163434903,0.3606687898089172,0.5247472059606173,91.35787099770648,0.3019336526521199,15.89821806100876,15.62628243814122,3481.0,0.6104725415070242,0.7220735785953177,0.5840188014101058,False,0.2784015852047556,200801
2,2009,107.27272727272728,93.69369369369367,13.0,24.0,8.0,22.0,40.0,110.0,111.0,19.0,7.0,4.0,11.0,23.0,104.0,118.0,21.0,56.0,11.0,0.5918367346938775,0.4782608695652174,0.5949367088607594,102.2293607452618,0.3037974683544304,14.963636363636365,13.216216216216216,52.0,0.5,0.7307692307692307,0.5416666666666666,True,0.3421052631578947,200801
3,2009,109.6404793608522,106.9361077764439,1324.0,2168.0,712.0,1072.0,1718.0,7510.0,7497.0,1300.0,514.0,311.0,557.0,1693.0,8017.0,8234.0,1080.0,5055.0,512.0,0.5468144784292774,0.3650324867099823,0.5721695317131001,92.1353929063258,0.3212803793716657,15.85832223701731,15.399626517273576,3909.0,0.6389280677009873,0.7344064386317908,0.6107011070110702,False,0.2841747022121384,200801
