index,year,ortg,drtg,AtRimFGM,AtRimFGA,AtRimAssists,Turnovers,FTA,OffPoss,DefPoss,TwoPtAssists,Steals,BadPassSteals,ThreePtAssists,FG3A,OpponentPoints,Points,SecondChancePoints,FG2A,LiveBallTurnovers,TsPct,Fg3Pct,AtRimFG3AFrequency,Pace,AtRimFrequency,SecondsPerPossOff,SecondsPerPossDef,Minutes,DefAtRimReboundPct,DefFGReboundPct,AtRimAccuracy,player_on,OffFGReboundPct,nba_id
0,2007,103.59237536656892,102.118334550767,251.0,411.0,135.0,260.0,447.0,1364.0,1369.0,233.0,97.0,59.0,57.0,218.0,1398.0,1413.0,154.0,850.0,124.0,0.5560378847671665,0.2981651376146789,0.5889513108614233,92.46340718464394,0.3848314606741573,15.67741935483871,15.470416362308256,709.0,0.5909090909090909,0.6611940298507463,0.610705596107056,True,0.2989130434782608,200810
1,2007,107.94670091507466,103.70905587668594,1150.0,1926.0,655.0,990.0,1929.0,6229.0,6228.0,1203.0,507.0,303.0,318.0,994.0,6459.0,6724.0,830.0,4275.0,465.0,0.5464659685863874,0.3661971830985915,0.5541848548111596,91.66251909840211,0.365534256974758,15.588537485952802,15.831085420680797,3262.0,0.6033810143042913,0.7021501586182587,0.5970924195223261,False,0.2942888323026555,200810
