index,year,ortg,drtg,AtRimFGM,AtRimFGA,AtRimAssists,Turnovers,FTA,OffPoss,DefPoss,TwoPtAssists,Steals,BadPassSteals,ThreePtAssists,FG3A,OpponentPoints,Points,SecondChancePoints,FG2A,LiveBallTurnovers,TsPct,Fg3Pct,AtRimFG3AFrequency,Pace,AtRimFrequency,SecondsPerPossOff,SecondsPerPossDef,Minutes,DefAtRimReboundPct,DefFGReboundPct,AtRimAccuracy,player_on,OffFGReboundPct,nba_id
0,2007,107.2289156626506,100.0,13.0,23.0,6.0,16.0,26.0,83.0,80.0,14.0,7.0,5.0,4.0,9.0,80.0,89.0,12.0,50.0,9.0,0.6197183098591549,0.4444444444444444,0.5423728813559322,94.79806138933763,0.3898305084745763,15.578313253012048,14.7875,41.0,0.7777777777777778,0.6666666666666666,0.5652173913043478,True,0.3333333333333333,200829
1,2007,106.8891280947255,103.7990030984777,1353.0,2231.0,718.0,1264.0,1900.0,7432.0,7423.0,1378.0,599.0,376.0,429.0,1415.0,7705.0,7944.0,1161.0,5096.0,581.0,0.5389025389025389,0.3526501766784452,0.5599754262018123,90.60842750885278,0.3426508984794962,15.938778256189453,15.846288562575776,3935.0,0.5721212121212121,0.6944858420268256,0.6064545047064097,False,0.3164371520656314,200829
