index,year,ortg,drtg,AtRimFGM,AtRimFGA,AtRimAssists,Turnovers,FTA,OffPoss,DefPoss,TwoPtAssists,Steals,BadPassSteals,ThreePtAssists,FG3A,OpponentPoints,Points,SecondChancePoints,FG2A,LiveBallTurnovers,TsPct,Fg3Pct,AtRimFG3AFrequency,Pace,AtRimFrequency,SecondsPerPossOff,SecondsPerPossDef,Minutes,DefAtRimReboundPct,DefFGReboundPct,AtRimAccuracy,player_on,OffFGReboundPct,nba_id
0,2008,100.0,100.0,1.0,2.0,,2.0,,16.0,19.0,2.0,2.0,1.0,1.0,5.0,19.0,16.0,2.0,10.0,1.0,0.5333333333333333,0.4,0.4666666666666667,95.81749049429656,0.1333333333333333,17.25,13.157894736842104,9.0,0.3333333333333333,0.5,0.5,True,0.25,200839
1,2008,106.89655172413794,103.87755102040816,93.0,151.0,38.0,72.0,152.0,493.0,490.0,87.0,31.0,14.0,21.0,84.0,509.0,527.0,89.0,355.0,40.0,0.5157170923379175,0.3571428571428571,0.5353075170842825,84.48848036289841,0.3439635535307517,17.081135902636916,17.006122448979593,279.0,0.589041095890411,0.676923076923077,0.6158940397350994,False,0.3333333333333333,200839
