index,year,ortg,drtg,AtRimFGM,AtRimFGA,AtRimAssists,Turnovers,FTA,OffPoss,DefPoss,TwoPtAssists,Steals,BadPassSteals,ThreePtAssists,FG3A,OpponentPoints,Points,SecondChancePoints,FG2A,LiveBallTurnovers,TsPct,Fg3Pct,AtRimFG3AFrequency,Pace,AtRimFrequency,SecondsPerPossOff,SecondsPerPossDef,Minutes,DefAtRimReboundPct,DefFGReboundPct,AtRimAccuracy,player_on,OffFGReboundPct,nba_id
0,2007,114.8036253776435,102.13414634146342,78.0,120.0,51.0,48.0,102.0,331.0,328.0,88.0,28.0,20.0,15.0,51.0,335.0,380.0,67.0,246.0,20.0,0.5588235294117647,0.3333333333333333,0.5757575757575758,92.8350616317746,0.404040404040404,16.48942598187311,14.524390243902438,170.0,0.7241379310344828,0.7254901960784313,0.65,True,0.4353741496598639,200806
1,2007,111.56583629893238,107.37087272229073,1395.0,2186.0,787.0,1237.0,2007.0,7306.0,7299.0,1483.0,585.0,370.0,491.0,1486.0,7837.0,8151.0,1103.0,4890.0,567.0,0.559762332458201,0.3687752355316285,0.5759096612296111,92.2267341408011,0.3428481806775408,15.735422940049274,15.49184819838334,3801.0,0.5764235764235764,0.6907523044900387,0.6381518755718206,False,0.3374536464771323,200806
