index,year,ortg,drtg,AtRimFGM,AtRimFGA,AtRimAssists,Turnovers,FTA,OffPoss,DefPoss,TwoPtAssists,Steals,BadPassSteals,ThreePtAssists,FG3A,OpponentPoints,Points,SecondChancePoints,FG2A,LiveBallTurnovers,TsPct,Fg3Pct,AtRimFG3AFrequency,Pace,AtRimFrequency,SecondsPerPossOff,SecondsPerPossDef,Minutes,DefAtRimReboundPct,DefFGReboundPct,AtRimAccuracy,player_on,OffFGReboundPct,nba_id
0,2007,104.83870967741936,104.71204188481676,30.0,53.0,13.0,39.0,58.0,186.0,191.0,29.0,22.0,14.0,9.0,26.0,200.0,195.0,28.0,114.0,15.0,0.5838323353293413,0.3846153846153846,0.5642857142857143,90.52526263131566,0.3785714285714285,15.96236559139785,15.853403141361255,100.0,0.56,0.5957446808510638,0.5660377358490566,True,0.3235294117647059,200838
1,2007,107.22289725934928,103.3891439373481,1371.0,2284.0,777.0,1211.0,2318.0,7407.0,7406.0,1407.0,582.0,348.0,366.0,1186.0,7657.0,7942.0,956.0,5011.0,574.0,0.5472823072656683,0.3532883642495784,0.5599483621106988,91.83864842872087,0.368565434887849,15.59551775347644,15.76384012962463,3871.0,0.6021739130434782,0.6970407266334603,0.600262697022767,False,0.294463346736777,200838
