index,year,ortg,drtg,AtRimFGM,AtRimFGA,AtRimAssists,Turnovers,FTA,OffPoss,DefPoss,TwoPtAssists,Steals,BadPassSteals,ThreePtAssists,FG3A,OpponentPoints,Points,SecondChancePoints,FG2A,LiveBallTurnovers,TsPct,Fg3Pct,AtRimFG3AFrequency,Pace,AtRimFrequency,SecondsPerPossOff,SecondsPerPossDef,Minutes,DefAtRimReboundPct,DefFGReboundPct,AtRimAccuracy,player_on,OffFGReboundPct,nba_id
0,2008,85.71428571428571,80.0,2.0,4.0,1.0,3.0,1.0,14.0,15.0,2.0,,,1.0,1.0,12.0,12.0,,9.0,2.0,0.6,1.0,0.5,107.62886597938144,0.4,16.071428571428573,10.866666666666667,6.0,0.5,0.5,0.5,True,0.2,200978
1,2008,115.78947368421052,101.35593220338984,102.0,190.0,60.0,71.0,151.0,589.0,590.0,121.0,60.0,31.0,44.0,130.0,598.0,682.0,117.0,432.0,28.0,0.5364500792393027,0.3769230769230769,0.5693950177935944,85.8668824600445,0.3380782918149466,17.217317487266552,16.32372881355932,330.0,0.5074626865671642,0.6545454545454545,0.5368421052631579,False,0.3493150684931507,200978
2,2009,125.0,120.0,,,,,2.0,4.0,5.0,,1.0,,1.0,1.0,6.0,5.0,,2.0,,0.625,1.0,0.3333333333333333,88.76712328767124,,19.25,13.8,2.0,,,,True,,200978
3,2009,105.8550185873606,108.00372266170312,315.0,552.0,166.0,311.0,575.0,2152.0,2149.0,336.0,160.0,84.0,123.0,431.0,2321.0,2278.0,239.0,1455.0,162.0,0.5299906279287723,0.3317865429234338,0.5212089077412513,88.63726135615536,0.2926829268292683,16.530204460966544,15.961377384830154,1165.0,0.6108597285067874,0.7415966386554622,0.5706521739130435,False,0.2655310621242485,200978
