index,year,ortg,drtg,AtRimFGM,AtRimFGA,AtRimAssists,Turnovers,FTA,OffPoss,DefPoss,TwoPtAssists,Steals,BadPassSteals,ThreePtAssists,FG3A,OpponentPoints,Points,SecondChancePoints,FG2A,LiveBallTurnovers,TsPct,Fg3Pct,AtRimFG3AFrequency,Pace,AtRimFrequency,SecondsPerPossOff,SecondsPerPossDef,Minutes,DefAtRimReboundPct,DefFGReboundPct,AtRimAccuracy,player_on,OffFGReboundPct,nba_id
0,2007,88.33333333333333,113.33333333333331,5.0,9.0,5.0,12.0,17.0,60.0,60.0,15.0,5.0,2.0,3.0,9.0,68.0,53.0,6.0,36.0,10.0,0.5096153846153846,0.3333333333333333,0.4,105.17346317711504,0.2,14.866666666666667,12.516666666666667,27.0,0.7692307692307693,0.6666666666666666,0.5555555555555556,True,0.2307692307692307,200970
1,2007,107.74177590897848,107.13049925852694,1431.0,2320.0,799.0,1514.0,2402.0,8086.0,8092.0,1453.0,675.0,373.0,552.0,1655.0,8669.0,8712.0,1309.0,5170.0,740.0,0.5504452926208652,0.3661631419939577,0.5824175824175825,98.95767935195845,0.3399267399267399,15.3700222606975,13.733934750370736,3924.0,0.6469387755102041,0.7156037991858888,0.6168103448275862,False,0.3367716754948425,200970
