index,year,ortg,drtg,AtRimFGM,AtRimFGA,AtRimAssists,Turnovers,FTA,OffPoss,DefPoss,TwoPtAssists,Steals,BadPassSteals,ThreePtAssists,FG3A,OpponentPoints,Points,SecondChancePoints,FG2A,LiveBallTurnovers,TsPct,Fg3Pct,AtRimFG3AFrequency,Pace,AtRimFrequency,SecondsPerPossOff,SecondsPerPossDef,Minutes,DefAtRimReboundPct,DefFGReboundPct,AtRimAccuracy,player_on,OffFGReboundPct,nba_id
0,2007,113.33333333333331,88.33333333333333,11.0,24.0,4.0,8.0,28.0,60.0,60.0,5.0,10.0,6.0,5.0,10.0,53.0,68.0,13.0,39.0,5.0,0.5483870967741935,0.5,0.6938775510204082,105.17346317711504,0.4897959183673469,12.516666666666667,14.866666666666667,27.0,1.0,0.7692307692307693,0.4583333333333333,True,0.3333333333333333,200970
1,2007,107.13049925852694,107.74177590897848,1643.0,2631.0,936.0,1301.0,2085.0,8092.0,8086.0,1339.0,740.0,409.0,601.0,1956.0,8712.0,8669.0,1041.0,5043.0,675.0,0.5453336710143092,0.3553169734151329,0.6553793399057009,98.95767935195845,0.3759108444063437,13.733934750370736,15.3700222606975,3924.0,0.5657596371882087,0.6632283245051576,0.6244773850247054,False,0.2843962008141112,200970
