index,year,ortg,drtg,AtRimFGM,AtRimFGA,AtRimAssists,Turnovers,FTA,OffPoss,DefPoss,TwoPtAssists,Steals,BadPassSteals,ThreePtAssists,FG3A,OpponentPoints,Points,SecondChancePoints,FG2A,LiveBallTurnovers,TsPct,Fg3Pct,AtRimFG3AFrequency,Pace,AtRimFrequency,SecondsPerPossOff,SecondsPerPossDef,Minutes,DefAtRimReboundPct,DefFGReboundPct,AtRimAccuracy,player_on,OffFGReboundPct,nba_id
0,2008,80.0,85.71428571428571,3.0,6.0,1.0,3.0,3.0,15.0,14.0,3.0,2.0,1.0,,1.0,12.0,12.0,2.0,13.0,,0.4,,0.5,107.62886597938144,0.4285714285714285,10.866666666666667,16.071428571428573,6.0,0.5,0.8,0.5,True,0.5,200978
1,2008,101.35593220338984,115.78947368421052,87.0,154.0,53.0,108.0,217.0,590.0,589.0,94.0,28.0,19.0,25.0,86.0,682.0,598.0,98.0,399.0,60.0,0.5059625212947189,0.3255813953488372,0.4948453608247423,85.8668824600445,0.3175257731958762,16.32372881355932,17.217317487266552,330.0,0.5813953488372093,0.6506849315068494,0.564935064935065,False,0.3454545454545454,200978
2,2009,120.0,125.0,,1.0,,1.0,4.0,5.0,4.0,1.0,,,,,5.0,6.0,2.0,4.0,1.0,0.5,,0.25,88.76712328767124,0.25,13.8,19.25,2.0,,1.0,,True,1.0,200978
3,2009,108.00372266170312,105.8550185873606,327.0,549.0,162.0,315.0,647.0,2149.0,2152.0,282.0,162.0,96.0,170.0,559.0,2278.0,2321.0,281.0,1247.0,160.0,0.5497619047619048,0.3595706618962433,0.6135105204872646,88.63726135615536,0.3039867109634551,15.961377384830154,16.530204460966544,1165.0,0.6282051282051282,0.7344689378757515,0.5956284153005464,False,0.2584033613445378,200978
