index,year,ortg,drtg,AtRimFGM,AtRimFGA,AtRimAssists,Turnovers,FTA,OffPoss,DefPoss,TwoPtAssists,Steals,BadPassSteals,ThreePtAssists,FG3A,OpponentPoints,Points,SecondChancePoints,FG2A,LiveBallTurnovers,TsPct,Fg3Pct,AtRimFG3AFrequency,Pace,AtRimFrequency,SecondsPerPossOff,SecondsPerPossDef,Minutes,DefAtRimReboundPct,DefFGReboundPct,AtRimAccuracy,player_on,OffFGReboundPct,nba_id
0,2012,96.01181683899556,105.2863436123348,122.0,214.0,56.0,130.0,172.0,677.0,681.0,109.0,62.0,34.0,23.0,99.0,717.0,650.0,117.0,483.0,68.0,0.4909090909090909,0.2727272727272727,0.5378006872852233,91.23874399290814,0.3676975945017182,16.262924667651404,15.305433186490456,357.0,0.625,0.7103448275862069,0.5700934579439252,True,0.3138461538461538,201041
1,2012,101.63467021478806,106.48905803996196,931.0,1636.0,446.0,902.0,1289.0,5261.0,5255.0,854.0,398.0,252.0,246.0,817.0,5596.0,5347.0,775.0,3833.0,494.0,0.5100767754318618,0.3549571603427172,0.5275268817204302,88.99974727735429,0.3518279569892473,16.583159095229043,15.776022835394862,2836.0,0.5662650602409639,0.6978687839531968,0.5690709046454768,False,0.3150414528227398,201041
