index,year,ortg,drtg,AtRimFGM,AtRimFGA,AtRimAssists,Turnovers,FTA,OffPoss,DefPoss,TwoPtAssists,Steals,BadPassSteals,ThreePtAssists,FG3A,OpponentPoints,Points,SecondChancePoints,FG2A,LiveBallTurnovers,TsPct,Fg3Pct,AtRimFG3AFrequency,Pace,AtRimFrequency,SecondsPerPossOff,SecondsPerPossDef,Minutes,DefAtRimReboundPct,DefFGReboundPct,AtRimAccuracy,player_on,OffFGReboundPct,nba_id
0,2009,53.333333333333336,100.0,1.0,3.0,,4.0,,15.0,14.0,3.0,4.0,2.0,,4.0,14.0,8.0,2.0,10.0,2.0,0.2857142857142857,,0.5,82.85714285714285,0.2142857142857142,20.53333333333333,14.0,8.0,,0.5,0.3333333333333333,True,0.4285714285714285,201043
1,2009,102.11817168338908,110.02227171492206,135.0,247.0,75.0,129.0,262.0,897.0,898.0,131.0,72.0,43.0,52.0,189.0,988.0,916.0,145.0,607.0,69.0,0.4983570646221248,0.3544973544973545,0.5477386934673367,82.90993071593533,0.3103015075376884,16.850613154960982,17.885300668151448,520.0,0.5308641975308642,0.6842105263157895,0.5465587044534413,False,0.2923076923076923,201043
2,2009,102.11817168338908,110.02227171492206,135.0,247.0,75.0,129.0,262.0,897.0,898.0,131.0,72.0,43.0,52.0,189.0,988.0,916.0,145.0,607.0,69.0,0.4983570646221248,0.3544973544973545,0.5477386934673367,82.90993071593533,0.3103015075376884,16.850613154960982,17.885300668151448,520.0,0.5308641975308642,0.6842105263157895,0.5465587044534413,False,0.2923076923076923,201043
3,2010,144.44444444444446,85.0,5.0,8.0,1.0,1.0,9.0,18.0,20.0,1.0,3.0,2.0,1.0,3.0,17.0,26.0,9.0,16.0,1.0,0.5652173913043478,0.3333333333333333,0.5789473684210527,91.04825291181363,0.4210526315789473,14.11111111111111,17.35,10.0,0.3333333333333333,0.5714285714285714,0.625,True,0.5454545454545454,201043
4,2010,103.67965367965368,113.13789359391966,142.0,262.0,62.0,128.0,233.0,924.0,921.0,137.0,67.0,43.0,41.0,147.0,1042.0,958.0,149.0,710.0,63.0,0.497393117831074,0.3333333333333333,0.4772462077012835,85.48537597734804,0.3057176196032672,17.14177489177489,16.547231270358306,518.0,0.5803571428571429,0.6816037735849056,0.5419847328244275,False,0.3249475890985325,201043
