index,year,ortg,drtg,AtRimFGM,AtRimFGA,AtRimAssists,Turnovers,FTA,OffPoss,DefPoss,TwoPtAssists,Steals,BadPassSteals,ThreePtAssists,FG3A,OpponentPoints,Points,SecondChancePoints,FG2A,LiveBallTurnovers,TsPct,Fg3Pct,AtRimFG3AFrequency,Pace,AtRimFrequency,SecondsPerPossOff,SecondsPerPossDef,Minutes,DefAtRimReboundPct,DefFGReboundPct,AtRimAccuracy,player_on,OffFGReboundPct,nba_id
0,2012,105.2863436123348,96.01181683899556,101.0,173.0,50.0,112.0,205.0,681.0,677.0,114.0,68.0,36.0,42.0,128.0,650.0,717.0,86.0,433.0,62.0,0.5482388973966309,0.3984375,0.5365418894830659,91.23874399290814,0.3083778966131907,15.305433186490456,16.262924667651404,357.0,0.5714285714285714,0.6861538461538461,0.5838150289017341,True,0.2896551724137931,201041
1,2012,106.48905803996196,101.63467021478806,951.0,1536.0,549.0,847.0,1313.0,5255.0,5261.0,1036.0,494.0,306.0,293.0,986.0,5347.0,5596.0,722.0,3600.0,398.0,0.5383426694997102,0.3488843813387424,0.5499345835150458,88.99974727735429,0.3349324029655473,15.776022835394862,16.583159095229043,2836.0,0.5851216022889842,0.6849585471772601,0.619140625,False,0.3021312160468031,201041
