index,year,ortg,drtg,AtRimFGM,AtRimFGA,AtRimAssists,Turnovers,FTA,OffPoss,DefPoss,TwoPtAssists,Steals,BadPassSteals,ThreePtAssists,FG3A,OpponentPoints,Points,SecondChancePoints,FG2A,LiveBallTurnovers,TsPct,Fg3Pct,AtRimFG3AFrequency,Pace,AtRimFrequency,SecondsPerPossOff,SecondsPerPossDef,Minutes,DefAtRimReboundPct,DefFGReboundPct,AtRimAccuracy,player_on,OffFGReboundPct,nba_id
0,2009,79.36507936507937,158.06451612903226,10.0,19.0,6.0,11.0,11.0,63.0,62.0,12.0,3.0,,2.0,13.0,98.0,50.0,10.0,45.0,6.0,0.3968253968253968,0.1538461538461538,0.5517241379310345,106.6350710900474,0.3275862068965517,16.015873015873016,10.951612903225806,28.0,0.3333333333333333,0.4,0.5263157894736842,True,0.3684210526315789,201180
1,2009,112.7521986549405,104.17098445595856,1410.0,2284.0,795.0,1093.0,2074.0,7732.0,7720.0,1429.0,715.0,456.0,465.0,1503.0,8042.0,8718.0,1281.0,5420.0,629.0,0.5548671435871232,0.362608117099135,0.5470171890798786,94.41461013612138,0.3299147768308537,14.937920331091568,15.566321243523316,3928.0,0.6169989506820567,0.7038953963497685,0.617338003502627,False,0.3247263541959023,201180
