index,year,ortg,drtg,AtRimFGM,AtRimFGA,AtRimAssists,Turnovers,FTA,OffPoss,DefPoss,TwoPtAssists,Steals,BadPassSteals,ThreePtAssists,FG3A,OpponentPoints,Points,SecondChancePoints,FG2A,LiveBallTurnovers,TsPct,Fg3Pct,AtRimFG3AFrequency,Pace,AtRimFrequency,SecondsPerPossOff,SecondsPerPossDef,Minutes,DefAtRimReboundPct,DefFGReboundPct,AtRimAccuracy,player_on,OffFGReboundPct,nba_id
0,2012,72.54901960784314,107.54716981132076,3.0,9.0,1.0,14.0,5.0,51.0,53.0,3.0,6.0,4.0,5.0,12.0,57.0,37.0,,28.0,7.0,0.4404761904761904,0.4166666666666667,0.525,91.93370165745856,0.225,16.372549019607842,14.9811320754717,27.0,0.6,0.7727272727272727,0.3333333333333333,True,0.24,201148
1,2012,107.3482428115016,109.26517571884985,42.0,83.0,16.0,44.0,102.0,313.0,313.0,32.0,26.0,10.0,22.0,74.0,342.0,336.0,45.0,198.0,28.0,0.526813880126183,0.3648648648648648,0.5772058823529411,91.13739763421292,0.3051470588235294,16.36741214057508,15.233226837060704,165.0,0.6,0.7985611510791367,0.5060240963855421,False,0.2893081761006289,201148
2,2014,109.71428571428572,108.09248554913296,24.0,39.0,13.0,23.0,30.0,175.0,173.0,30.0,8.0,5.0,11.0,43.0,187.0,192.0,20.0,114.0,15.0,0.5614035087719298,0.4186046511627907,0.5222929936305732,92.40641711229948,0.2484076433121019,15.308571428571428,15.86127167630058,90.0,0.6153846153846154,0.7808219178082192,0.6153846153846154,True,0.2151898734177215,201148
3,2014,109.7872340425532,113.34745762711864,70.0,120.0,34.0,57.0,102.0,470.0,472.0,65.0,38.0,25.0,28.0,114.0,535.0,516.0,69.0,336.0,35.0,0.521255060728745,0.3596491228070175,0.52,92.0458709370971,0.2666666666666666,16.00212765957447,15.28813559322034,246.0,0.7714285714285715,0.7305699481865285,0.5833333333333334,False,0.3061224489795918,201148
4,2017,68.18181818181819,109.0909090909091,2.0,10.0,1.0,3.0,4.0,22.0,22.0,4.0,1.0,1.0,,4.0,24.0,15.0,3.0,21.0,2.0,0.2777777777777778,,0.56,84.93297587131367,0.4,17.636363636363637,16.272727272727273,12.0,1.0,0.7142857142857143,0.2,True,0.4117647058823529,201148
5,2017,113.05220883534136,122.02020202020202,71.0,130.0,31.0,65.0,118.0,498.0,495.0,65.0,30.0,20.0,44.0,141.0,604.0,563.0,46.0,297.0,29.0,0.5781893004115226,0.3971631205673759,0.6187214611872146,84.94237851966258,0.2968036529680365,16.95983935742972,16.945454545454545,281.0,0.6097560975609756,0.7018348623853211,0.5461538461538461,False,0.217391304347826,201148
