index,year,ortg,drtg,AtRimFGM,AtRimFGA,AtRimAssists,Turnovers,FTA,OffPoss,DefPoss,TwoPtAssists,Steals,BadPassSteals,ThreePtAssists,FG3A,OpponentPoints,Points,SecondChancePoints,FG2A,LiveBallTurnovers,TsPct,Fg3Pct,AtRimFG3AFrequency,Pace,AtRimFrequency,SecondsPerPossOff,SecondsPerPossDef,Minutes,DefAtRimReboundPct,DefFGReboundPct,AtRimAccuracy,player_on,OffFGReboundPct,nba_id
0,2008,110.05586592178771,97.87234042553192,34.0,53.0,21.0,33.0,60.0,179.0,188.0,35.0,12.0,6.0,12.0,34.0,184.0,197.0,43.0,120.0,18.0,0.5444444444444444,0.4117647058823529,0.564935064935065,93.22279061562884,0.3441558441558441,15.022346368715084,15.851063829787234,94.0,0.6521739130434783,0.6219512195121951,0.6415094339622641,True,0.4025974025974026,201172
1,2008,98.9293067947838,110.33397207774432,1050.0,1786.0,516.0,1275.0,2100.0,7285.0,7306.0,1086.0,582.0,335.0,406.0,1501.0,8061.0,7207.0,984.0,4686.0,678.0,0.502533427163969,0.3137908061292471,0.5312752545660255,90.80318594932386,0.2886697914983029,16.05271105010295,15.664796058034492,3857.0,0.591566265060241,0.70528,0.5879059350503919,False,0.2863649302590378,201172
2,2009,97.69452449567724,97.71428571428572,103.0,171.0,51.0,119.0,255.0,694.0,700.0,95.0,50.0,31.0,22.0,118.0,684.0,678.0,90.0,449.0,62.0,0.4919117647058823,0.2542372881355932,0.5097001763668431,91.426489342321,0.3015873015873015,15.129682997118156,16.365714285714287,366.0,0.5194805194805194,0.6788990825688074,0.6023391812865497,True,0.3374233128834356,201172
3,2009,103.07101727447215,111.976401179941,1066.0,1877.0,551.0,1076.0,1855.0,6773.0,6780.0,1036.0,535.0,347.0,400.0,1334.0,7592.0,6981.0,818.0,4517.0,559.0,0.5199308062575211,0.3575712143928036,0.5487950777644847,90.10138316928588,0.3207998632712356,16.035730104827994,15.928318584070796,3610.0,0.6066666666666667,0.6900564174894217,0.5679275439531166,False,0.2734302505412929,201172
