index,year,ortg,drtg,AtRimFGM,AtRimFGA,AtRimAssists,Turnovers,FTA,OffPoss,DefPoss,TwoPtAssists,Steals,BadPassSteals,ThreePtAssists,FG3A,OpponentPoints,Points,SecondChancePoints,FG2A,LiveBallTurnovers,TsPct,Fg3Pct,AtRimFG3AFrequency,Pace,AtRimFrequency,SecondsPerPossOff,SecondsPerPossDef,Minutes,DefAtRimReboundPct,DefFGReboundPct,AtRimAccuracy,player_on,OffFGReboundPct,nba_id
0,2008,87.5,103.2258064516129,3.0,4.0,2.0,7.0,4.0,32.0,31.0,3.0,2.0,1.0,5.0,13.0,32.0,28.0,,13.0,3.0,0.5,0.3846153846153846,0.6538461538461539,99.6923076923077,0.1538461538461538,16.8125,12.0,15.0,1.0,0.8888888888888888,0.75,True,0.3125,201187
1,2008,109.21843687374748,104.61847389558233,82.0,138.0,53.0,75.0,171.0,499.0,498.0,90.0,33.0,18.0,40.0,118.0,521.0,545.0,93.0,320.0,40.0,0.5251937984496124,0.3813559322033898,0.5844748858447488,87.70189370800244,0.3150684931506849,17.226452905811623,15.610441767068274,273.0,0.5254237288135594,0.71900826446281,0.5942028985507246,False,0.3429752066115702,201187
