index,year,ortg,drtg,AtRimFGM,AtRimFGA,AtRimAssists,Turnovers,FTA,OffPoss,DefPoss,TwoPtAssists,Steals,BadPassSteals,ThreePtAssists,FG3A,OpponentPoints,Points,SecondChancePoints,FG2A,LiveBallTurnovers,TsPct,Fg3Pct,AtRimFG3AFrequency,Pace,AtRimFrequency,SecondsPerPossOff,SecondsPerPossDef,Minutes,DefAtRimReboundPct,DefFGReboundPct,AtRimAccuracy,player_on,OffFGReboundPct,nba_id
0,2009,158.06451612903226,79.36507936507937,20.0,26.0,8.0,6.0,39.0,62.0,63.0,11.0,6.0,6.0,3.0,5.0,50.0,98.0,11.0,42.0,3.0,0.7538461538461538,0.6,0.6595744680851063,106.6350710900474,0.5531914893617021,10.951612903225806,16.015873015873016,28.0,0.6666666666666666,0.631578947368421,0.7692307692307693,True,0.6,201180
1,2009,104.17098445595856,112.7521986549405,1382.0,2340.0,776.0,1269.0,1892.0,7720.0,7732.0,1336.0,629.0,440.0,504.0,1695.0,8718.0,8042.0,1086.0,5083.0,715.0,0.5256545191422182,0.343952802359882,0.5953083505458837,94.41461013612138,0.3452345824727058,15.566321243523316,14.937920331091568,3928.0,0.5561993047508691,0.6752736458040977,0.5905982905982906,False,0.2961046036502315,201180
