index,year,ortg,drtg,AtRimFGM,AtRimFGA,AtRimAssists,Turnovers,FTA,OffPoss,DefPoss,TwoPtAssists,Steals,BadPassSteals,ThreePtAssists,FG3A,OpponentPoints,Points,SecondChancePoints,FG2A,LiveBallTurnovers,TsPct,Fg3Pct,AtRimFG3AFrequency,Pace,AtRimFrequency,SecondsPerPossOff,SecondsPerPossDef,Minutes,DefAtRimReboundPct,DefFGReboundPct,AtRimAccuracy,player_on,OffFGReboundPct,nba_id
0,2008,97.87234042553192,110.05586592178771,28.0,51.0,16.0,38.0,52.0,188.0,179.0,27.0,18.0,8.0,10.0,34.0,197.0,184.0,34.0,117.0,12.0,0.5229885057471264,0.3823529411764705,0.5629139072847682,93.22279061562884,0.3377483443708609,15.851063829787234,15.022346368715084,94.0,0.5789473684210527,0.5974025974025974,0.5490196078431373,True,0.3780487804878049,201172
1,2008,110.33397207774432,98.9293067947838,1264.0,2102.0,704.0,1208.0,2124.0,7306.0,7285.0,1285.0,678.0,362.0,511.0,1530.0,7207.0,8061.0,1029.0,4605.0,582.0,0.5654509471303364,0.3810457516339869,0.5920130399348004,90.80318594932386,0.3426242868785656,15.664796058034492,16.05271105010295,3857.0,0.5765027322404371,0.7136350697409621,0.6013320647002854,False,0.29472,201172
2,2009,97.71428571428572,97.69452449567724,99.0,177.0,53.0,126.0,188.0,700.0,694.0,97.0,62.0,37.0,45.0,147.0,678.0,684.0,109.0,437.0,50.0,0.5089955022488756,0.3469387755102041,0.5547945205479452,91.426489342321,0.3030821917808219,16.365714285714287,15.129682997118156,366.0,0.5882352941176471,0.6625766871165644,0.559322033898305,True,0.3211009174311927,201172
3,2009,111.976401179941,103.07101727447215,1287.0,2041.0,737.0,1158.0,1884.0,6780.0,6773.0,1275.0,559.0,370.0,445.0,1208.0,6981.0,7592.0,934.0,4541.0,535.0,0.574141876430206,0.4031456953642384,0.5651417637850061,90.10138316928588,0.355018264045921,15.928318584070796,16.035730104827994,3610.0,0.6127023661270237,0.7265697494587071,0.6305732484076433,False,0.3099435825105783,201172
