index,year,ortg,drtg,AtRimFGM,AtRimFGA,AtRimAssists,Turnovers,FTA,OffPoss,DefPoss,TwoPtAssists,Steals,BadPassSteals,ThreePtAssists,FG3A,OpponentPoints,Points,SecondChancePoints,FG2A,LiveBallTurnovers,TsPct,Fg3Pct,AtRimFG3AFrequency,Pace,AtRimFrequency,SecondsPerPossOff,SecondsPerPossDef,Minutes,DefAtRimReboundPct,DefFGReboundPct,AtRimAccuracy,player_on,OffFGReboundPct,nba_id
0,2008,91.35802469135804,110.126582278481,8.0,19.0,3.0,19.0,21.0,81.0,79.0,12.0,9.0,5.0,4.0,9.0,87.0,74.0,15.0,52.0,13.0,0.5211267605633803,0.4444444444444444,0.4590163934426229,98.00085070182902,0.3114754098360656,16.493827160493826,12.848101265822784,39.0,0.5,0.75,0.4210526315789473,True,0.3636363636363636,201165
1,2008,113.721358967606,106.17918313570487,1599.0,2503.0,976.0,1181.0,2277.0,7594.0,7590.0,1794.0,708.0,386.0,355.0,1086.0,8059.0,8636.0,1166.0,5445.0,606.0,0.5706124618041717,0.3710865561694291,0.5495329964783341,93.39649479515953,0.3832491195835247,15.603766131156176,15.232411067193675,3902.0,0.587708066581306,0.7132420091324201,0.6388333999200959,False,0.3205487995010914,201165
2,2009,92.85714285714286,101.22699386503068,81.0,154.0,51.0,107.0,147.0,490.0,489.0,95.0,46.0,28.0,17.0,63.0,495.0,455.0,59.0,327.0,53.0,0.4967032967032967,0.2857142857142857,0.5564102564102564,92.3161548032218,0.3948717948717948,15.616326530612245,15.58077709611452,255.0,0.5970149253731343,0.725,0.525974025974026,True,0.3194444444444444,201165
3,2009,110.7787732598208,107.4585635359116,1494.0,2443.0,888.0,1105.0,2203.0,7255.0,7240.0,1579.0,673.0,337.0,333.0,1059.0,7780.0,8037.0,1079.0,5174.0,605.0,0.5541047367689957,0.3531633616619452,0.5618482271779239,93.47885475773548,0.3919460933739772,15.546657477601654,15.262154696132598,3721.0,0.5579710144927537,0.6940322071360909,0.6115431846090872,False,0.3107131636820609,201165
4,2012,110.15625,83.59375,35.0,47.0,19.0,21.0,34.0,128.0,128.0,29.0,17.0,11.0,4.0,15.0,107.0,141.0,22.0,103.0,10.0,0.5343511450381679,0.2666666666666666,0.5254237288135594,92.27534418022528,0.3983050847457627,14.578125,16.6328125,67.0,1.0,0.875,0.7446808510638298,True,0.3898305084745763,201165
5,2012,100.78437917222963,106.78475935828877,1091.0,1756.0,548.0,986.0,1351.0,5992.0,5984.0,938.0,510.0,307.0,291.0,1060.0,6390.0,6039.0,861.0,4297.0,510.0,0.5060677566155402,0.320754716981132,0.5256673511293635,92.52590068943316,0.3277954078775434,15.20460614152203,15.922292780748664,3106.0,0.5765069551777434,0.6770318021201414,0.6212984054669703,False,0.2963217600550017,201165
