index,year,ortg,drtg,AtRimFGM,AtRimFGA,AtRimAssists,Turnovers,FTA,OffPoss,DefPoss,TwoPtAssists,Steals,BadPassSteals,ThreePtAssists,FG3A,OpponentPoints,Points,SecondChancePoints,FG2A,LiveBallTurnovers,TsPct,Fg3Pct,AtRimFG3AFrequency,Pace,AtRimFrequency,SecondsPerPossOff,SecondsPerPossDef,Minutes,DefAtRimReboundPct,DefFGReboundPct,AtRimAccuracy,player_on,OffFGReboundPct,nba_id
0,2008,91.89189189189187,83.78378378378379,3.0,7.0,2.0,8.0,10.0,37.0,37.0,3.0,4.0,2.0,6.0,15.0,31.0,34.0,,13.0,4.0,0.5151515151515151,0.4,0.7857142857142857,104.0625,0.25,15.81081081081081,11.864864864864863,17.0,0.5,0.8333333333333334,0.4285714285714285,True,0.3529411764705882,201156
1,2008,109.10931174089067,106.09756097560977,82.0,135.0,53.0,74.0,165.0,494.0,492.0,90.0,31.0,17.0,39.0,116.0,522.0,539.0,93.0,320.0,39.0,0.5244618395303327,0.3793103448275862,0.5756880733944955,87.34251968503936,0.3096330275229357,17.305668016194332,15.664634146341465,271.0,0.5344827586206896,0.7196652719665272,0.6074074074074074,False,0.3402489626556016,201156
2,2012,99.22077922077922,110.67708333333331,53.0,96.0,23.0,68.0,141.0,385.0,384.0,50.0,34.0,21.0,17.0,69.0,425.0,382.0,56.0,236.0,51.0,0.5121293800539084,0.2753623188405797,0.5409836065573771,92.15712383488682,0.3147540983606557,15.825974025974023,15.424479166666666,200.0,0.5862068965517241,0.7248322147651006,0.5520833333333334,True,0.3121387283236994,201156
3,2012,110.9452736318408,95.83333333333331,108.0,178.0,70.0,98.0,164.0,603.0,600.0,116.0,46.0,27.0,38.0,101.0,575.0,669.0,100.0,435.0,53.0,0.5479338842975207,0.4257425742574257,0.5205223880597015,86.7721899418954,0.332089552238806,16.6849087893864,16.505,333.0,0.7777777777777778,0.7630662020905923,0.6067415730337079,False,0.3393501805054151,201156
4,2018,104.39024390243902,106.65083135391924,78.0,119.0,35.0,57.0,91.0,410.0,421.0,48.0,33.0,20.0,22.0,143.0,449.0,428.0,58.0,236.0,31.0,0.511990407673861,0.2797202797202797,0.6912928759894459,97.13775468788052,0.3139841688654353,14.660975609756097,14.9833729216152,205.0,0.6190476190476191,0.6972477064220184,0.6554621848739496,True,0.2857142857142857,201156
5,2018,103.63748458692972,116.29353233830844,268.0,417.0,142.0,228.0,351.0,1622.0,1608.0,231.0,124.0,84.0,128.0,540.0,1870.0,1681.0,214.0,917.0,134.0,0.5205479452054794,0.3222222222222222,0.6568291008922443,95.97820928169044,0.2862045298558682,15.765721331689273,14.234452736318408,808.0,0.5841584158415841,0.7702127659574468,0.6426858513189448,False,0.248477466504263,201156
