index,year,ortg,drtg,AtRimFGM,AtRimFGA,AtRimAssists,Turnovers,FTA,OffPoss,DefPoss,TwoPtAssists,Steals,BadPassSteals,ThreePtAssists,FG3A,OpponentPoints,Points,SecondChancePoints,FG2A,LiveBallTurnovers,TsPct,Fg3Pct,AtRimFG3AFrequency,Pace,AtRimFrequency,SecondsPerPossOff,SecondsPerPossDef,Minutes,DefAtRimReboundPct,DefFGReboundPct,AtRimAccuracy,player_on,OffFGReboundPct,nba_id
0,2008,100.0,12.5,1.0,2.0,1.0,,6.0,10.0,8.0,1.0,,,,2.0,1.0,10.0,1.0,6.0,,0.4545454545454545,,0.5,93.23741007194243,0.25,13.0,18.5,5.0,0.5,0.875,0.5,True,0.4,201199
1,2008,106.35593220338984,105.91966173361524,79.0,135.0,33.0,65.0,115.0,472.0,473.0,66.0,30.0,18.0,12.0,58.0,501.0,502.0,63.0,360.0,26.0,0.532051282051282,0.3793103448275862,0.4617224880382775,92.43309332971064,0.3229665071770335,16.33050847457627,14.828752642706132,245.0,0.6842105263157895,0.7211538461538461,0.5851851851851851,False,0.2624434389140271,201199
