index,year,ortg,drtg,AtRimFGM,AtRimFGA,AtRimAssists,Turnovers,FTA,OffPoss,DefPoss,TwoPtAssists,Steals,BadPassSteals,ThreePtAssists,FG3A,OpponentPoints,Points,SecondChancePoints,FG2A,LiveBallTurnovers,TsPct,Fg3Pct,AtRimFG3AFrequency,Pace,AtRimFrequency,SecondsPerPossOff,SecondsPerPossDef,Minutes,DefAtRimReboundPct,DefFGReboundPct,AtRimAccuracy,player_on,OffFGReboundPct,nba_id
0,2012,110.95890410958904,97.33333333333331,16.0,22.0,11.0,11.0,12.0,73.0,75.0,18.0,5.0,3.0,1.0,6.0,73.0,81.0,8.0,61.0,5.0,0.5633802816901409,0.1666666666666666,0.417910447761194,96.34719710669076,0.3283582089552239,14.41095890410959,15.466666666666669,37.0,0.4545454545454545,0.5961538461538461,0.7272727272727273,True,0.2580645161290322,201182
1,2012,103.33662064431296,111.04183757178016,953.0,1593.0,469.0,894.0,1221.0,6084.0,6095.0,946.0,484.0,314.0,326.0,1160.0,6768.0,6287.0,729.0,4333.0,485.0,0.5201659751037344,0.3543103448275862,0.5011833242308392,92.75900734127404,0.29000546149645,15.495562130177516,15.552584085315832,3151.0,0.6561461794019934,0.7227256252265314,0.5982423101067169,False,0.2679849982952608,201182
