index,year,ortg,drtg,AtRimFGM,AtRimFGA,AtRimAssists,Turnovers,FTA,OffPoss,DefPoss,TwoPtAssists,Steals,BadPassSteals,ThreePtAssists,FG3A,OpponentPoints,Points,SecondChancePoints,FG2A,LiveBallTurnovers,TsPct,Fg3Pct,AtRimFG3AFrequency,Pace,AtRimFrequency,SecondsPerPossOff,SecondsPerPossDef,Minutes,DefAtRimReboundPct,DefFGReboundPct,AtRimAccuracy,player_on,OffFGReboundPct,nba_id
0,2009,108.16326530612244,101.70648464163824,41.0,75.0,17.0,45.0,81.0,294.0,293.0,38.0,21.0,8.0,14.0,61.0,298.0,318.0,44.0,193.0,22.0,0.5445205479452054,0.4098360655737705,0.5354330708661418,86.90931523750771,0.2952755905511811,16.93877551020408,16.197952218430036,162.0,0.6666666666666666,0.762589928057554,0.5466666666666666,True,0.2769230769230769,201164
1,2009,113.9423076923077,108.69565217391305,34.0,62.0,14.0,28.0,49.0,208.0,207.0,42.0,13.0,9.0,10.0,44.0,225.0,237.0,40.0,144.0,14.0,0.5649038461538461,0.3181818181818182,0.5638297872340425,79.11040508339951,0.3297872340425531,18.91826923076923,17.483091787439612,126.0,0.5333333333333333,0.7058823529411765,0.5483870967741935,False,0.3157894736842105,201164
2,2010,124.76635514018692,108.7557603686636,51.0,74.0,25.0,25.0,59.0,214.0,217.0,34.0,11.0,7.0,18.0,54.0,236.0,267.0,48.0,145.0,10.0,0.588495575221239,0.4074074074074074,0.6432160804020101,86.83923324471807,0.371859296482412,15.74766355140187,17.40552995391705,119.0,0.7,0.6923076923076923,0.6891891891891891,True,0.3737373737373737,201164
3,2010,114.23948220064725,106.27062706270628,47.0,75.0,24.0,51.0,90.0,309.0,303.0,41.0,20.0,10.0,33.0,99.0,322.0,353.0,55.0,172.0,26.0,0.5627009646302251,0.3838383838383838,0.6420664206642066,86.97128195006415,0.2767527675276753,16.0,17.125412541254125,169.0,0.5483870967741935,0.68,0.6266666666666667,False,0.352112676056338,201164
4,2011,110.07194244604317,108.45070422535213,17.0,32.0,7.0,18.0,50.0,139.0,142.0,14.0,7.0,5.0,8.0,37.0,154.0,153.0,23.0,87.0,10.0,0.5170068027210885,0.2972972972972973,0.5564516129032258,83.41372912801485,0.2580645161290322,17.41007194244604,17.119718309859156,81.0,0.75,0.7014925373134329,0.53125,True,0.3478260869565217,201164
5,2011,112.12121212121212,103.8781163434903,44.0,75.0,26.0,54.0,95.0,363.0,361.0,59.0,24.0,18.0,33.0,84.0,375.0,407.0,56.0,234.0,24.0,0.5609418282548476,0.4166666666666667,0.5,83.88124547429399,0.2358490566037736,17.691460055096417,16.6398891966759,207.0,0.696969696969697,0.7469879518072289,0.5866666666666667,False,0.3151515151515151,201164
