index,year,ortg,drtg,AtRimFGM,AtRimFGA,AtRimAssists,Turnovers,FTA,OffPoss,DefPoss,TwoPtAssists,Steals,BadPassSteals,ThreePtAssists,FG3A,OpponentPoints,Points,SecondChancePoints,FG2A,LiveBallTurnovers,TsPct,Fg3Pct,AtRimFG3AFrequency,Pace,AtRimFrequency,SecondsPerPossOff,SecondsPerPossDef,Minutes,DefAtRimReboundPct,DefFGReboundPct,AtRimAccuracy,player_on,OffFGReboundPct,nba_id
0,2008,,,,,,,,1.0,,,,,,1.0,,,,,,,,1.0,480.0,,3.0,,,,,,True,,201186
1,2008,109.49693251533742,111.539875045939,1442.0,2349.0,741.0,1384.0,2378.0,8150.0,8163.0,1433.0,567.0,337.0,506.0,1555.0,9105.0,8924.0,1287.0,5442.0,744.0,0.5515803882528622,0.3678456591639871,0.5579534086036873,98.96788382057407,0.3357153065599542,15.359386503067483,13.742251623177753,3956.0,0.5798319327731093,0.7031729785056294,0.6138782460621541,False,0.3286732456140351,201186
2,2008,106.01503759398496,99.06191369606005,98.0,179.0,52.0,82.0,137.0,532.0,533.0,83.0,52.0,37.0,38.0,109.0,528.0,564.0,124.0,391.0,49.0,0.5035778175313059,0.3577981651376147,0.576,84.29152467846542,0.358,16.907894736842106,17.25891181988743,303.0,0.6181818181818182,0.7265917602996255,0.547486033519553,True,0.375886524822695,201186
3,2008,110.12402653591,100.75242367240632,1130.0,1759.0,660.0,1083.0,1968.0,6934.0,6911.0,1251.0,579.0,364.0,445.0,1388.0,6963.0,7636.0,1017.0,4589.0,539.0,0.5544351892444834,0.3695965417867435,0.5265183202275389,90.718309474623,0.2942947967207629,15.503605422555523,16.244248299811893,3663.0,0.5841423948220065,0.7434604475260006,0.6424104604889141,False,0.3103672408189795,201186
