index,year,ortg,drtg,AtRimFGM,AtRimFGA,AtRimAssists,Turnovers,FTA,OffPoss,DefPoss,TwoPtAssists,Steals,BadPassSteals,ThreePtAssists,FG3A,OpponentPoints,Points,SecondChancePoints,FG2A,LiveBallTurnovers,TsPct,Fg3Pct,AtRimFG3AFrequency,Pace,AtRimFrequency,SecondsPerPossOff,SecondsPerPossDef,Minutes,DefAtRimReboundPct,DefFGReboundPct,AtRimAccuracy,player_on,OffFGReboundPct,nba_id
0,2009,161.11111111111111,75.0,,3.0,,2.0,10.0,18.0,16.0,3.0,2.0,2.0,3.0,6.0,12.0,29.0,9.0,9.0,1.0,0.725,0.8333333333333334,0.6,88.53526220614827,0.2,14.72222222222222,18.0,9.0,1.0,0.875,,True,0.5714285714285714,201189
1,2009,105.49927641099856,111.33428981348636,108.0,207.0,47.0,111.0,199.0,691.0,697.0,100.0,45.0,17.0,33.0,129.0,776.0,729.0,85.0,466.0,60.0,0.5300586510263929,0.3565891472868217,0.5647058823529412,92.07721011655224,0.3478991596638655,14.819102749638205,16.4519368723099,362.0,0.5555555555555556,0.7032640949554896,0.5217391304347826,False,0.2758620689655172,201189
2,2011,111.875,109.375,19.0,33.0,15.0,22.0,54.0,160.0,160.0,31.0,16.0,12.0,8.0,28.0,175.0,179.0,18.0,105.0,10.0,0.5673076923076923,0.3214285714285714,0.4586466165413533,88.39439861883751,0.2481203007518796,16.71875,15.8625,87.0,0.4375,0.7142857142857143,0.5757575757575758,True,0.2615384615384615,201189
3,2011,100.28089887640448,114.44759206798868,45.0,81.0,27.0,55.0,101.0,356.0,353.0,67.0,27.0,12.0,15.0,56.0,404.0,357.0,36.0,242.0,25.0,0.5190058479532164,0.3214285714285714,0.4597315436241611,84.60760752465401,0.2718120805369127,16.1938202247191,17.85269121813031,201.0,0.4722222222222222,0.6325301204819277,0.5555555555555556,False,0.2484472049689441,201189
