index,year,ortg,drtg,AtRimFGM,AtRimFGA,AtRimAssists,Turnovers,FTA,OffPoss,DefPoss,TwoPtAssists,Steals,BadPassSteals,ThreePtAssists,FG3A,OpponentPoints,Points,SecondChancePoints,FG2A,LiveBallTurnovers,TsPct,Fg3Pct,AtRimFG3AFrequency,Pace,AtRimFrequency,SecondsPerPossOff,SecondsPerPossDef,Minutes,DefAtRimReboundPct,DefFGReboundPct,AtRimAccuracy,player_on,OffFGReboundPct,nba_id
0,2008,107.7634011090573,100.92592592592592,102.0,161.0,45.0,79.0,143.0,541.0,540.0,76.0,24.0,19.0,28.0,114.0,545.0,583.0,101.0,379.0,26.0,0.5224416517055656,0.3070175438596491,0.5578093306288032,96.02368761951762,0.3265720081135903,15.598890942698706,14.392592592592592,270.0,0.6818181818181818,0.754863813229572,0.6335403726708074,True,0.359375,201199
1,2008,108.01829678460918,114.28378924673224,1274.0,2164.0,601.0,1023.0,1736.0,7433.0,7421.0,1172.0,577.0,378.0,331.0,1215.0,8481.0,8029.0,1165.0,5676.0,506.0,0.5221887681633721,0.3572016460905349,0.4903497315338848,96.72103423483716,0.3140327964011029,15.812592492936902,13.962269235952029,3686.0,0.6697674418604651,0.7488599348534202,0.588724584103512,False,0.3161784834382699,201199
