index,year,ortg,drtg,AtRimFGM,AtRimFGA,AtRimAssists,Turnovers,FTA,OffPoss,DefPoss,TwoPtAssists,Steals,BadPassSteals,ThreePtAssists,FG3A,OpponentPoints,Points,SecondChancePoints,FG2A,LiveBallTurnovers,TsPct,Fg3Pct,AtRimFG3AFrequency,Pace,AtRimFrequency,SecondsPerPossOff,SecondsPerPossDef,Minutes,DefAtRimReboundPct,DefFGReboundPct,AtRimAccuracy,player_on,OffFGReboundPct,nba_id
0,2008,99.17898193760264,109.77198697068404,86.0,150.0,42.0,91.0,177.0,609.0,614.0,95.0,41.0,21.0,30.0,104.0,674.0,604.0,95.0,429.0,46.0,0.4893964110929853,0.3461538461538461,0.4765478424015009,91.27338688779476,0.2814258911819887,16.164203612479476,15.392508143322477,322.0,0.5581395348837209,0.6529209621993127,0.5733333333333334,True,0.2956810631229236,201176
1,2008,105.32722325648002,109.54428202923474,1235.0,2119.0,631.0,1112.0,1938.0,6983.0,6978.0,1183.0,573.0,339.0,440.0,1339.0,7644.0,7355.0,973.0,4682.0,579.0,0.5334935197320518,0.368185212845407,0.5743232021258927,91.68741021138806,0.3519348945357914,16.033366747816125,15.377472055030095,3654.0,0.5810473815461347,0.676875,0.5828220858895705,False,0.2907268170426065,201176
2,2009,95.04132231404958,101.63934426229508,31.0,57.0,14.0,36.0,89.0,242.0,244.0,30.0,15.0,12.0,3.0,24.0,248.0,230.0,34.0,175.0,17.0,0.4831932773109244,0.1666666666666666,0.4070351758793969,105.049534674272,0.2864321608040201,12.553719008264462,14.852459016393444,111.0,0.6363636363636364,0.6782608695652174,0.543859649122807,True,0.2905982905982906,201176
3,2009,109.49135428499306,113.1675293523545,1420.0,2343.0,743.0,1165.0,2303.0,7923.0,7921.0,1226.0,623.0,369.0,452.0,1451.0,8964.0,8675.0,1109.0,5405.0,630.0,0.5484343177189409,0.3762922122674018,0.5533838973162194,98.38532458235947,0.3417444574095682,14.015524422567209,15.257290746117915,3865.0,0.539282250242483,0.6545900299645873,0.6060606060606061,False,0.2928512282638697,201176
