index,year,ortg,drtg,AtRimFGM,AtRimFGA,AtRimAssists,Turnovers,FTA,OffPoss,DefPoss,TwoPtAssists,Steals,BadPassSteals,ThreePtAssists,FG3A,OpponentPoints,Points,SecondChancePoints,FG2A,LiveBallTurnovers,TsPct,Fg3Pct,AtRimFG3AFrequency,Pace,AtRimFrequency,SecondsPerPossOff,SecondsPerPossDef,Minutes,DefAtRimReboundPct,DefFGReboundPct,AtRimAccuracy,player_on,OffFGReboundPct,nba_id
0,2008,106.18556701030928,104.08163265306122,95.0,154.0,47.0,104.0,213.0,679.0,686.0,130.0,57.0,24.0,24.0,97.0,714.0,721.0,99.0,481.0,60.0,0.5303254437869822,0.3092783505154639,0.4342560553633218,86.16895357502959,0.2664359861591695,17.443298969072163,15.986880466472304,380.0,0.532608695652174,0.6592356687898089,0.6168831168831169,True,0.3076923076923077,201155
1,2008,107.76196636481242,104.70588235294116,102.0,172.0,50.0,116.0,192.0,773.0,765.0,154.0,68.0,39.0,41.0,129.0,801.0,833.0,128.0,559.0,54.0,0.5335051546391752,0.3643410852713178,0.4375,84.69616428926537,0.25,17.935316946959897,16.058823529411764,436.0,0.5204081632653061,0.6445086705202312,0.5930232558139535,False,0.3057851239669421,201155
2,2009,91.78082191780824,113.12217194570135,24.0,46.0,5.0,29.0,35.0,219.0,221.0,42.0,11.0,5.0,7.0,29.0,250.0,201.0,19.0,170.0,17.0,0.4674418604651162,0.2413793103448276,0.3768844221105528,82.4677860210855,0.2311557788944723,16.67579908675799,18.23981900452489,128.0,0.8333333333333334,0.6862745098039216,0.5217391304347826,True,0.2123893805309734,201155
3,2009,102.77777777777776,114.8148148148148,19.0,27.0,5.0,16.0,23.0,108.0,108.0,12.0,6.0,2.0,5.0,20.0,124.0,111.0,21.0,89.0,8.0,0.4703389830508475,0.25,0.4311926605504587,81.06333072713056,0.2477064220183486,16.73148148148148,18.796296296296298,64.0,0.6,0.6521739130434783,0.7037037037037037,False,0.375,201155
4,2016,101.76211453744492,93.27731092436974,25.0,62.0,11.0,36.0,62.0,227.0,238.0,30.0,15.0,8.0,20.0,58.0,222.0,231.0,37.0,138.0,21.0,0.515625,0.396551724137931,0.6122448979591837,89.5546342115822,0.3163265306122449,15.872246696035242,16.277310924369747,125.0,0.5806451612903226,0.6434108527131783,0.4032258064516129,True,0.2920353982300885,201155
5,2016,105.98503740648378,108.16326530612244,63.0,106.0,31.0,65.0,105.0,401.0,392.0,50.0,38.0,24.0,27.0,91.0,424.0,425.0,46.0,237.0,32.0,0.5608465608465608,0.3736263736263736,0.600609756097561,90.0354805645352,0.3231707317073171,14.75062344139651,17.26530612244898,211.0,0.4339622641509434,0.6208530805687204,0.5943396226415094,False,0.2413793103448276,201155
