index,year,ortg,drtg,AtRimFGM,AtRimFGA,AtRimAssists,Turnovers,FTA,OffPoss,DefPoss,TwoPtAssists,Steals,BadPassSteals,ThreePtAssists,FG3A,OpponentPoints,Points,SecondChancePoints,FG2A,LiveBallTurnovers,TsPct,Fg3Pct,AtRimFG3AFrequency,Pace,AtRimFrequency,SecondsPerPossOff,SecondsPerPossDef,Minutes,DefAtRimReboundPct,DefFGReboundPct,AtRimAccuracy,player_on,OffFGReboundPct,nba_id
0,2008,104.08163265306122,106.18556701030928,118.0,212.0,52.0,113.0,231.0,686.0,679.0,95.0,60.0,26.0,34.0,137.0,721.0,714.0,105.0,446.0,57.0,0.5144508670520231,0.291970802919708,0.5986277873070326,86.16895357502959,0.3636363636363636,15.986880466472304,17.443298969072163,380.0,0.5254237288135594,0.6923076923076923,0.5566037735849056,True,0.340764331210191,201155
1,2008,104.70588235294116,107.76196636481242,140.0,239.0,62.0,135.0,232.0,765.0,773.0,122.0,54.0,31.0,37.0,99.0,833.0,801.0,128.0,549.0,68.0,0.5271523178807948,0.3939393939393939,0.5216049382716049,84.69616428926537,0.3688271604938271,16.058823529411764,17.935316946959897,436.0,0.4411764705882353,0.6942148760330579,0.5857740585774058,False,0.3554913294797688,201155
2,2009,113.12217194570135,91.78082191780824,37.0,49.0,28.0,28.0,79.0,221.0,219.0,49.0,17.0,7.0,7.0,42.0,201.0,250.0,27.0,150.0,11.0,0.5486725663716814,0.238095238095238,0.4739583333333333,82.4677860210855,0.2552083333333333,18.23981900452489,16.67579908675799,128.0,0.6363636363636364,0.7876106194690266,0.7551020408163265,True,0.3137254901960784,201155
3,2009,114.8148148148148,102.77777777777776,12.0,17.0,10.0,16.0,45.0,108.0,108.0,18.0,8.0,5.0,10.0,26.0,111.0,124.0,14.0,60.0,6.0,0.5801886792452831,0.4230769230769231,0.5,81.06333072713056,0.1976744186046511,18.796296296296298,16.73148148148148,64.0,0.25,0.625,0.7058823529411765,False,0.3478260869565217,201155
4,2016,93.27731092436974,101.76211453744492,37.0,68.0,15.0,34.0,62.0,238.0,227.0,22.0,21.0,10.0,14.0,70.0,231.0,222.0,43.0,148.0,15.0,0.4453441295546558,0.2285714285714285,0.6330275229357798,89.5546342115822,0.3119266055045872,16.277310924369747,15.872246696035242,125.0,0.6666666666666666,0.7079646017699115,0.5441176470588235,True,0.3565891472868217,201155
5,2016,108.16326530612244,105.98503740648378,62.0,116.0,28.0,63.0,124.0,392.0,401.0,48.0,32.0,22.0,29.0,107.0,425.0,424.0,70.0,252.0,38.0,0.5096385542168674,0.3177570093457944,0.6211699164345403,90.0354805645352,0.3231197771587744,17.26530612244898,14.75062344139651,211.0,0.7209302325581395,0.7586206896551724,0.5344827586206896,False,0.3791469194312796,201155
