index,year,ortg,drtg,AtRimFGM,AtRimFGA,AtRimAssists,Turnovers,FTA,OffPoss,DefPoss,TwoPtAssists,Steals,BadPassSteals,ThreePtAssists,FG3A,OpponentPoints,Points,SecondChancePoints,FG2A,LiveBallTurnovers,TsPct,Fg3Pct,AtRimFG3AFrequency,Pace,AtRimFrequency,SecondsPerPossOff,SecondsPerPossDef,Minutes,DefAtRimReboundPct,DefFGReboundPct,AtRimAccuracy,player_on,OffFGReboundPct,nba_id
0,2012,111.11111111111111,,1.0,1.0,,2.0,1.0,9.0,9.0,,2.0,2.0,2.0,3.0,,10.0,,6.0,1.0,0.5555555555555556,0.6666666666666666,0.4444444444444444,88.76712328767124,0.1111111111111111,12.555555555555555,19.88888888888889,5.0,0.6666666666666666,0.8571428571428571,1.0,True,0.4,201146
1,2012,102.25352112676056,111.76470588235294,44.0,91.0,17.0,56.0,106.0,355.0,357.0,35.0,30.0,12.0,25.0,83.0,399.0,363.0,45.0,220.0,34.0,0.5157142857142857,0.3614457831325301,0.5742574257425742,91.31457071606698,0.3003300330033003,16.464788732394368,15.07843137254902,187.0,0.59375,0.7922077922077922,0.4835164835164835,False,0.2793296089385474,201146
2,2012,102.25352112676056,111.76470588235294,44.0,91.0,17.0,56.0,106.0,355.0,357.0,35.0,30.0,12.0,25.0,83.0,399.0,363.0,45.0,220.0,34.0,0.5157142857142857,0.3614457831325301,0.5742574257425742,91.31457071606698,0.3003300330033003,16.464788732394368,15.07843137254902,187.0,0.59375,0.7922077922077922,0.4835164835164835,False,0.2793296089385474,201146
