index,year,ortg,drtg,AtRimFGM,AtRimFGA,AtRimAssists,Turnovers,FTA,OffPoss,DefPoss,TwoPtAssists,Steals,BadPassSteals,ThreePtAssists,FG3A,OpponentPoints,Points,SecondChancePoints,FG2A,LiveBallTurnovers,TsPct,Fg3Pct,AtRimFG3AFrequency,Pace,AtRimFrequency,SecondsPerPossOff,SecondsPerPossDef,Minutes,DefAtRimReboundPct,DefFGReboundPct,AtRimAccuracy,player_on,OffFGReboundPct,nba_id
0,2012,107.54716981132076,72.54901960784314,9.0,14.0,3.0,10.0,7.0,53.0,51.0,7.0,7.0,3.0,6.0,18.0,37.0,57.0,4.0,28.0,6.0,0.5816326530612245,0.3333333333333333,0.6956521739130435,91.93370165745856,0.3043478260869565,14.9811320754717,16.372549019607842,27.0,0.6666666666666666,0.76,0.6428571428571429,True,0.2272727272727272,201148
1,2012,109.26517571884985,107.3482428115016,44.0,74.0,20.0,41.0,89.0,313.0,313.0,34.0,28.0,17.0,23.0,66.0,336.0,342.0,24.0,194.0,26.0,0.5668896321070234,0.3939393939393939,0.5384615384615384,91.13739763421292,0.2846153846153846,15.233226837060704,16.36741214057508,165.0,0.6585365853658537,0.710691823899371,0.5945945945945946,False,0.2014388489208633,201148
2,2014,108.09248554913296,109.71428571428572,34.0,48.0,19.0,26.0,39.0,173.0,175.0,29.0,15.0,7.0,9.0,37.0,192.0,187.0,18.0,112.0,8.0,0.5632530120481928,0.3243243243243243,0.5704697986577181,92.40641711229948,0.3221476510067114,15.86127167630058,15.308571428571428,90.0,0.6,0.7848101265822784,0.7083333333333334,True,0.2191780821917808,201148
3,2014,113.34745762711864,109.7872340425532,77.0,113.0,42.0,70.0,139.0,472.0,470.0,70.0,35.0,21.0,31.0,91.0,516.0,535.0,55.0,303.0,38.0,0.5820568927789934,0.4065934065934066,0.5177664974619289,92.0458709370971,0.2868020304568528,15.28813559322034,16.00212765957447,246.0,0.46,0.6938775510204082,0.6814159292035398,False,0.2694300518134715,201148
4,2017,109.0909090909091,68.18181818181819,2.0,5.0,2.0,2.0,5.0,22.0,22.0,2.0,2.0,,4.0,10.0,15.0,24.0,6.0,12.0,1.0,0.5,0.4,0.6818181818181818,84.93297587131367,0.2272727272727272,16.272727272727273,17.636363636363637,12.0,0.5,0.5882352941176471,0.4,True,0.2857142857142857,201148
5,2017,122.02020202020202,113.05220883534136,73.0,116.0,21.0,66.0,144.0,495.0,498.0,40.0,29.0,17.0,52.0,134.0,563.0,604.0,74.0,307.0,30.0,0.6017964071856288,0.4104477611940298,0.5668934240362812,84.94237851966258,0.2630385487528344,16.945454545454545,16.95983935742972,281.0,0.6896551724137931,0.782608695652174,0.6293103448275862,False,0.2981651376146789,201148
