index,year,ortg,drtg,AtRimFGM,AtRimFGA,AtRimAssists,Turnovers,FTA,OffPoss,DefPoss,TwoPtAssists,Steals,BadPassSteals,ThreePtAssists,FG3A,OpponentPoints,Points,SecondChancePoints,FG2A,LiveBallTurnovers,TsPct,Fg3Pct,AtRimFG3AFrequency,Pace,AtRimFrequency,SecondsPerPossOff,SecondsPerPossDef,Minutes,DefAtRimReboundPct,DefFGReboundPct,AtRimAccuracy,player_on,OffFGReboundPct,nba_id
0,2008,94.4954128440367,108.33333333333331,19.0,34.0,10.0,22.0,41.0,109.0,108.0,18.0,9.0,4.0,2.0,7.0,117.0,103.0,19.0,79.0,14.0,0.5,0.2857142857142857,0.4767441860465116,85.35372848948374,0.3953488372093023,16.26605504587156,17.48148148148148,61.0,0.3333333333333333,0.5576923076923077,0.5588235294117647,True,0.3469387755102041,201151
1,2008,102.21774193548389,116.56565656565655,71.0,126.0,44.0,89.0,179.0,496.0,495.0,79.0,21.0,16.0,23.0,80.0,577.0,507.0,81.0,333.0,46.0,0.5040080160320641,0.325,0.4987893462469733,86.49251469786047,0.3050847457627119,16.171370967741936,17.12727272727273,275.0,0.6301369863013698,0.673469387755102,0.5634920634920635,False,0.3504273504273504,201151
2,2009,94.33962264150944,103.70370370370372,6.0,15.0,2.0,6.0,13.0,53.0,54.0,7.0,7.0,4.0,3.0,12.0,56.0,50.0,7.0,39.0,4.0,0.4464285714285714,0.25,0.5294117647058824,92.31875374475734,0.2941176470588235,15.566037735849056,15.62962962962963,28.0,1.0,0.8125,0.4,True,0.2758620689655172,201151
3,2009,101.74621653084982,110.25641025641026,130.0,235.0,73.0,127.0,249.0,859.0,858.0,127.0,69.0,41.0,49.0,181.0,946.0,874.0,140.0,578.0,67.0,0.4982778415614236,0.3535911602209944,0.5480895915678524,82.38579187631201,0.3096179183135705,16.9941792782305,17.963869463869464,500.0,0.525,0.6770025839793282,0.5531914893617021,False,0.2956120092378753,201151
