index,year,ortg,drtg,AtRimFGM,AtRimFGA,AtRimAssists,Turnovers,FTA,OffPoss,DefPoss,TwoPtAssists,Steals,BadPassSteals,ThreePtAssists,FG3A,OpponentPoints,Points,SecondChancePoints,FG2A,LiveBallTurnovers,TsPct,Fg3Pct,AtRimFG3AFrequency,Pace,AtRimFrequency,SecondsPerPossOff,SecondsPerPossDef,Minutes,DefAtRimReboundPct,DefFGReboundPct,AtRimAccuracy,player_on,OffFGReboundPct,nba_id
0,2008,103.94736842105264,105.17241379310344,40.0,59.0,12.0,35.0,51.0,228.0,232.0,24.0,23.0,11.0,9.0,35.0,244.0,237.0,36.0,168.0,16.0,0.5199115044247787,0.3428571428571428,0.4630541871921182,84.19982204143892,0.2906403940886699,16.49561403508772,17.698275862068964,131.0,0.5714285714285714,0.7478260869565218,0.6779661016949152,True,0.320754716981132,201153
1,2008,113.4071340713407,107.002457002457,124.0,221.0,58.0,71.0,192.0,813.0,814.0,145.0,64.0,37.0,53.0,133.0,871.0,922.0,113.0,636.0,34.0,0.5373831775700935,0.4285714285714285,0.4603381014304291,87.77132581575694,0.2873862158647594,16.125461254612546,16.686732186732186,445.0,0.6708860759493671,0.6977886977886978,0.5610859728506787,False,0.2616136919315403,201153
2,2009,76.19047619047619,117.1875,9.0,18.0,8.0,14.0,24.0,63.0,64.0,10.0,8.0,5.0,1.0,11.0,75.0,48.0,8.0,34.0,11.0,0.4196428571428571,0.0909090909090909,0.6444444444444445,94.56049638055842,0.4,16.063492063492063,14.40625,32.0,0.7142857142857143,0.76,0.5,True,0.2758620689655172,201153
3,2009,96.6321243523316,121.93211488250653,55.0,95.0,28.0,78.0,116.0,386.0,383.0,45.0,25.0,10.0,23.0,81.0,467.0,373.0,43.0,225.0,36.0,0.5196078431372549,0.3580246913580246,0.5751633986928104,88.83041873897,0.3104575163398693,16.748704663212436,15.66840731070496,208.0,0.6111111111111112,0.7018633540372671,0.5789473684210527,False,0.2312138728323699,201153
