index,year,ortg,drtg,AtRimFGM,AtRimFGA,AtRimAssists,Turnovers,FTA,OffPoss,DefPoss,TwoPtAssists,Steals,BadPassSteals,ThreePtAssists,FG3A,OpponentPoints,Points,SecondChancePoints,FG2A,LiveBallTurnovers,TsPct,Fg3Pct,AtRimFG3AFrequency,Pace,AtRimFrequency,SecondsPerPossOff,SecondsPerPossDef,Minutes,DefAtRimReboundPct,DefFGReboundPct,AtRimAccuracy,player_on,OffFGReboundPct,nba_id
0,2008,101.47058823529412,100.0,8.0,22.0,3.0,4.0,21.0,68.0,67.0,12.0,4.0,1.0,2.0,10.0,67.0,69.0,12.0,59.0,2.0,0.4367088607594936,0.2,0.463768115942029,95.24742773150416,0.3188405797101449,14.808823529411764,15.432835820895525,34.0,0.8333333333333334,0.7241379310344828,0.3636363636363636,True,0.4047619047619047,201173
1,2008,101.04718981972428,109.1041804910418,1022.0,1726.0,526.0,1176.0,2157.0,7544.0,7535.0,1399.0,553.0,319.0,319.0,1069.0,8221.0,7623.0,909.0,5307.0,588.0,0.5162147431530181,0.3255378858746492,0.4383626097867001,92.15623527813972,0.270702634880803,15.854453870625663,15.396549435965497,3927.0,0.5727170236753101,0.7048088064889919,0.5921205098493627,False,0.2579535683576956,201173
2,2008,,100.0,,,,1.0,,4.0,3.0,,,,,,3.0,,,3.0,1.0,,,,84.0,,15.75,19.0,2.0,,0.6666666666666666,,True,0.3333333333333333,201173
3,2008,106.99138048980709,101.83813443072702,1089.0,1728.0,521.0,1034.0,1774.0,7309.0,7290.0,1167.0,521.0,334.0,551.0,1610.0,7424.0,7820.0,911.0,4811.0,565.0,0.5387177352206495,0.368944099378882,0.5198567201370503,88.83772819472617,0.2691169599750818,16.70296894239978,15.71440329218107,3944.0,0.6295336787564767,0.7429638139000574,0.6302083333333334,False,0.2581497797356828,201173
4,2009,142.85714285714286,162.5,2.0,4.0,,,3.0,7.0,8.0,2.0,,,,,13.0,10.0,2.0,7.0,,0.625,,0.5714285714285714,105.88235294117648,0.5714285714285714,11.428571428571429,15.5,3.0,,1.0,0.5,True,0.5,201173
5,2009,108.59407022817324,104.7599451303155,1072.0,1777.0,478.0,964.0,1637.0,7319.0,7290.0,1181.0,474.0,295.0,553.0,1620.0,7637.0,7948.0,916.0,4907.0,531.0,0.5459381044487428,0.3858024691358024,0.5204535008426536,88.14762670957361,0.2722537153362954,16.640797923213555,16.03045267489712,3978.0,0.638525564803805,0.7448921679909194,0.6032639279684862,False,0.2464065708418891,201173
