index,year,ortg,drtg,AtRimFGM,AtRimFGA,AtRimAssists,Turnovers,FTA,OffPoss,DefPoss,TwoPtAssists,Steals,BadPassSteals,ThreePtAssists,FG3A,OpponentPoints,Points,SecondChancePoints,FG2A,LiveBallTurnovers,TsPct,Fg3Pct,AtRimFG3AFrequency,Pace,AtRimFrequency,SecondsPerPossOff,SecondsPerPossDef,Minutes,DefAtRimReboundPct,DefFGReboundPct,AtRimAccuracy,player_on,OffFGReboundPct,nba_id
0,2008,98.57142857142856,108.3916083916084,21.0,33.0,7.0,28.0,50.0,140.0,143.0,15.0,12.0,8.0,3.0,15.0,155.0,138.0,20.0,95.0,12.0,0.5227272727272727,0.2666666666666666,0.4363636363636363,95.32631578947368,0.3,15.221428571428572,14.993006993006992,71.0,0.8125,0.75,0.6363636363636364,True,0.3064516129032258,201208
1,2008,107.66827236036974,109.9413680781759,1300.0,2192.0,626.0,1289.0,2222.0,7681.0,7675.0,1127.0,639.0,397.0,422.0,1352.0,8438.0,8270.0,918.0,5096.0,649.0,0.5534799028864311,0.3742603550295858,0.5496277915632755,94.6258424802619,0.3399503722084367,15.218330946491342,15.217328990228014,3895.0,0.6288798920377868,0.6916376306620209,0.593065693430657,False,0.2873222748815165,201208
2,2012,92.61363636363636,109.0909090909091,20.0,33.0,9.0,38.0,70.0,176.0,176.0,23.0,20.0,9.0,8.0,25.0,192.0,163.0,26.0,104.0,17.0,0.5062111801242236,0.36,0.4496124031007752,86.60174269605331,0.2558139534883721,17.232954545454547,16.022727272727273,98.0,0.5,0.6021505376344086,0.6060606060606061,True,0.2666666666666666,201208
3,2012,101.14275668073137,104.97451221655828,920.0,1574.0,510.0,987.0,1326.0,5688.0,5689.0,1129.0,468.0,319.0,208.0,752.0,5972.0,5753.0,788.0,4222.0,506.0,0.5157544112351459,0.3324468085106383,0.4676316847607559,88.35218172110858,0.3164455166867712,16.59089310829817,16.005976445772543,3090.0,0.5705229793977813,0.7038263428991905,0.5844980940279543,False,0.3024924471299093,201208
