index,year,ortg,drtg,AtRimFGM,AtRimFGA,AtRimAssists,Turnovers,FTA,OffPoss,DefPoss,TwoPtAssists,Steals,BadPassSteals,ThreePtAssists,FG3A,OpponentPoints,Points,SecondChancePoints,FG2A,LiveBallTurnovers,TsPct,Fg3Pct,AtRimFG3AFrequency,Pace,AtRimFrequency,SecondsPerPossOff,SecondsPerPossDef,Minutes,DefAtRimReboundPct,DefFGReboundPct,AtRimAccuracy,player_on,OffFGReboundPct,nba_id
0,2012,101.21951219512196,128.9156626506024,10.0,25.0,5.0,12.0,30.0,82.0,83.0,10.0,5.0,4.0,3.0,14.0,107.0,83.0,11.0,52.0,5.0,0.51875,0.3571428571428571,0.5909090909090909,100.93457943925232,0.3787878787878788,14.01219512195122,14.518072289156626,39.0,0.5,0.7586206896551724,0.4,True,0.282051282051282,201286
1,2012,111.00525624178712,103.07869608165952,1093.0,1697.0,615.0,883.0,1397.0,6088.0,6074.0,1036.0,485.0,271.0,479.0,1391.0,6261.0,6758.0,819.0,4006.0,484.0,0.5603462626935242,0.3932422717469446,0.5721697239206966,92.69915204895038,0.3144339447841393,15.572273324572931,15.495884096147511,3149.0,0.6436420722135008,0.7318568994889267,0.64407778432528,False,0.2795815295815296,201286
