index,year,ortg,drtg,AtRimFGM,AtRimFGA,AtRimAssists,Turnovers,FTA,OffPoss,DefPoss,TwoPtAssists,Steals,BadPassSteals,ThreePtAssists,FG3A,OpponentPoints,Points,SecondChancePoints,FG2A,LiveBallTurnovers,TsPct,Fg3Pct,AtRimFG3AFrequency,Pace,AtRimFrequency,SecondsPerPossOff,SecondsPerPossDef,Minutes,DefAtRimReboundPct,DefFGReboundPct,AtRimAccuracy,player_on,OffFGReboundPct,nba_id
0,2012,96.22641509433964,100.94339622641508,24.0,41.0,14.0,33.0,53.0,212.0,212.0,23.0,12.0,7.0,14.0,64.0,214.0,204.0,22.0,111.0,18.0,0.5126903553299492,0.3125,0.6,85.68060623070447,0.2342857142857143,15.683962264150944,17.92924528301887,119.0,0.8235294117647058,0.7340425531914894,0.5853658536585366,True,0.2244897959183673,201291
1,2012,105.43074473730762,100.88464260438782,1040.0,1681.0,584.0,882.0,1434.0,5653.0,5652.0,979.0,511.0,270.0,363.0,1278.0,5702.0,5960.0,861.0,3735.0,470.0,0.5247515968772178,0.3169014084507042,0.5902653101934969,88.3999261487668,0.3353281468182725,16.01857420838493,16.560686482661005,3069.0,0.5900621118012422,0.697223278813237,0.6186793575252826,False,0.302248433468485,201291
