index,year,ortg,drtg,AtRimFGM,AtRimFGA,AtRimAssists,Turnovers,FTA,OffPoss,DefPoss,TwoPtAssists,Steals,BadPassSteals,ThreePtAssists,FG3A,OpponentPoints,Points,SecondChancePoints,FG2A,LiveBallTurnovers,TsPct,Fg3Pct,AtRimFG3AFrequency,Pace,AtRimFrequency,SecondsPerPossOff,SecondsPerPossDef,Minutes,DefAtRimReboundPct,DefFGReboundPct,AtRimAccuracy,player_on,OffFGReboundPct,nba_id
0,2018,96.42857142857144,109.9290780141844,28.0,43.0,16.0,25.0,27.0,140.0,141.0,20.0,12.0,9.0,10.0,42.0,155.0,135.0,8.0,73.0,16.0,0.54,0.3571428571428571,0.7391304347826086,105.15592515592516,0.3739130434782609,14.742857142857142,12.652482269503546,64.0,1.0,0.8275862068965517,0.6511627906976745,True,0.1833333333333333,201281
1,2018,109.02598202191848,107.41426104120404,1519.0,2447.0,817.0,1143.0,1816.0,8121.0,8106.0,1223.0,671.0,402.0,679.0,2427.0,8707.0,8854.0,1104.0,4832.0,616.0,0.5487425298804781,0.34610630407911,0.6714423474307756,99.42845471720592,0.3370987739358038,15.0438369658909,13.9206760424377,3917.0,0.6077812828601472,0.7211895910780669,0.6207601144258276,False,0.2614464099895942,201281
2,2019,87.5,100.0,4.0,10.0,1.0,7.0,5.0,32.0,33.0,2.0,2.0,1.0,3.0,12.0,33.0,28.0,4.0,16.0,5.0,0.4666666666666667,0.25,0.7857142857142857,106.84931506849315,0.3571428571428571,14.78125,12.212121212121213,15.0,0.6666666666666666,0.7333333333333333,0.4,True,0.4117647058823529,201281
3,2019,110.42608902642228,108.57210795386992,1634.0,2694.0,897.0,1158.0,1857.0,8402.0,8411.0,1257.0,681.0,459.0,791.0,2772.0,9132.0,9278.0,1149.0,4810.0,613.0,0.5508474576271186,0.3492063492063492,0.7209179635979952,102.37783528695388,0.355315220258507,14.411806712687456,13.719652835572465,3941.0,0.6009852216748769,0.7339760291818656,0.6065330363771344,False,0.2649152958507242,201281
