index,year,ortg,drtg,AtRimFGM,AtRimFGA,AtRimAssists,Turnovers,FTA,OffPoss,DefPoss,TwoPtAssists,Steals,BadPassSteals,ThreePtAssists,FG3A,OpponentPoints,Points,SecondChancePoints,FG2A,LiveBallTurnovers,TsPct,Fg3Pct,AtRimFG3AFrequency,Pace,AtRimFrequency,SecondsPerPossOff,SecondsPerPossDef,Minutes,DefAtRimReboundPct,DefFGReboundPct,AtRimAccuracy,player_on,OffFGReboundPct,nba_id
0,2012,102.68264840182648,100.05662514156283,284.0,450.0,173.0,297.0,410.0,1752.0,1766.0,318.0,155.0,94.0,121.0,389.0,1767.0,1799.0,241.0,1120.0,158.0,0.52963841138115,0.3316195372750642,0.5559973492379059,90.37893384714194,0.2982107355864811,15.636986301369864,16.226500566251417,934.0,0.5621621621621622,0.6874236874236874,0.6311111111111111,True,0.2716981132075471,201274
1,2012,106.61696178937558,101.9548522224808,729.0,1187.0,400.0,624.0,975.0,4292.0,4297.0,713.0,381.0,223.0,329.0,941.0,4381.0,4576.0,583.0,2898.0,336.0,0.534045550598732,0.385759829968119,0.5543110184943996,89.67113276492083,0.3091951028913779,16.002795899347625,16.114498487316734,2299.0,0.6277665995975855,0.7207293666026872,0.6141533277169334,False,0.268780487804878,201274
2,2013,102.3138832997988,102.1868787276342,340.0,564.0,183.0,340.0,484.0,1988.0,2012.0,344.0,183.0,105.0,119.0,437.0,2056.0,2034.0,258.0,1274.0,199.0,0.527154046997389,0.3569794050343249,0.5850379894798363,92.77304427657964,0.3296317942723553,15.709758551307846,15.335984095427436,1035.0,0.6515837104072398,0.7122994652406417,0.6028368794326241,True,0.2695269526952695,201274
3,2013,105.97173144876324,105.4471256210078,1002.0,1483.0,594.0,879.0,1135.0,5660.0,5636.0,1046.0,481.0,296.0,498.0,1464.0,5943.0,5998.0,620.0,3469.0,490.0,0.5505162241887905,0.3756830601092896,0.5974052300831137,92.3310609457749,0.3006284208392459,15.240989399293284,15.952625975869411,2936.0,0.5959595959595959,0.7070484581497798,0.6756574511126096,False,0.2386495925494761,201274
