index,year,ortg,drtg,AtRimFGM,AtRimFGA,AtRimAssists,Turnovers,FTA,OffPoss,DefPoss,TwoPtAssists,Steals,BadPassSteals,ThreePtAssists,FG3A,OpponentPoints,Points,SecondChancePoints,FG2A,LiveBallTurnovers,TsPct,Fg3Pct,AtRimFG3AFrequency,Pace,AtRimFrequency,SecondsPerPossOff,SecondsPerPossDef,Minutes,DefAtRimReboundPct,DefFGReboundPct,AtRimAccuracy,player_on,OffFGReboundPct,nba_id
0,2012,89.32038834951456,78.21782178217822,9.0,16.0,5.0,15.0,23.0,103.0,101.0,15.0,9.0,5.0,3.0,22.0,79.0,92.0,10.0,65.0,4.0,0.4693877551020408,0.2272727272727272,0.4367816091954023,89.88984088127295,0.1839080459770115,15.184466019417476,16.871287128712872,54.0,0.631578947368421,0.7419354838709677,0.5625,True,0.2,201274
1,2012,98.16933638443936,95.39170506912444,62.0,112.0,34.0,62.0,98.0,437.0,434.0,84.0,45.0,32.0,17.0,66.0,414.0,429.0,45.0,307.0,29.0,0.5144230769230769,0.3181818181818182,0.4772117962466488,87.63555058692006,0.3002680965147453,15.588100686498857,17.28110599078341,239.0,0.6363636363636364,0.7477064220183486,0.5535714285714286,False,0.1940298507462686,201274
2,2013,93.45794392523364,92.85714285714286,26.0,46.0,14.0,49.0,68.0,214.0,210.0,30.0,17.0,12.0,10.0,43.0,195.0,200.0,19.0,123.0,25.0,0.5,0.2558139534883721,0.536144578313253,94.07704160246531,0.2771084337349397,15.32710280373832,15.285714285714286,108.0,0.7,0.77,0.5652173913043478,True,0.2916666666666667,201274
3,2013,108.25958702064896,100.0,63.0,106.0,29.0,44.0,104.0,339.0,341.0,52.0,24.0,13.0,26.0,83.0,341.0,367.0,56.0,226.0,19.0,0.5098591549295775,0.3253012048192771,0.6116504854368932,90.75069508804448,0.343042071197411,16.457227138643066,15.281524926686217,180.0,0.6363636363636364,0.8109756097560976,0.5943396226415094,False,0.3238636363636363,201274
