index,year,ortg,drtg,AtRimFGM,AtRimFGA,AtRimAssists,Turnovers,FTA,OffPoss,DefPoss,TwoPtAssists,Steals,BadPassSteals,ThreePtAssists,FG3A,OpponentPoints,Points,SecondChancePoints,FG2A,LiveBallTurnovers,TsPct,Fg3Pct,AtRimFG3AFrequency,Pace,AtRimFrequency,SecondsPerPossOff,SecondsPerPossDef,Minutes,DefAtRimReboundPct,DefFGReboundPct,AtRimAccuracy,player_on,OffFGReboundPct,nba_id
0,2018,109.9290780141844,96.42857142857144,19.0,23.0,10.0,25.0,25.0,141.0,140.0,20.0,16.0,8.0,18.0,53.0,135.0,155.0,10.0,62.0,12.0,0.6150793650793651,0.4150943396226415,0.6608695652173913,105.15592515592516,0.2,12.652482269503546,14.742857142857142,64.0,0.7333333333333333,0.8166666666666667,0.8260869565217391,True,0.1724137931034483,201281
1,2018,107.41426104120404,109.02598202191848,1672.0,2626.0,873.0,1270.0,1885.0,8106.0,8121.0,1218.0,616.0,417.0,693.0,2331.0,8854.0,8707.0,1159.0,4802.0,671.0,0.5463021292679854,0.3432003432003432,0.6949390158418618,99.42845471720592,0.3681480443011355,13.9206760424377,15.0438369658909,3917.0,0.6154684095860566,0.7385535900104059,0.6367098248286367,False,0.2788104089219331,201281
2,2019,100.0,87.5,8.0,12.0,7.0,4.0,12.0,33.0,32.0,8.0,5.0,1.0,1.0,8.0,28.0,33.0,5.0,19.0,2.0,0.532258064516129,0.25,0.7407407407407407,106.84931506849315,0.4444444444444444,12.212121212121213,14.78125,15.0,0.5,0.5882352941176471,0.6666666666666666,True,0.2666666666666666,201281
3,2019,108.57210795386992,110.42608902642228,1887.0,2914.0,1095.0,1280.0,1898.0,8411.0,8402.0,1416.0,613.0,420.0,671.0,2533.0,9278.0,9132.0,1049.0,4865.0,681.0,0.553849902534113,0.3335965258586656,0.7362800756961341,102.37783528695388,0.3938902406055691,13.719652835572465,14.411806712687456,3941.0,0.6017110266159695,0.7350847041492757,0.6475634866163349,False,0.2660239708181344,201281
