index,year,ortg,drtg,AtRimFGM,AtRimFGA,AtRimAssists,Turnovers,FTA,OffPoss,DefPoss,TwoPtAssists,Steals,BadPassSteals,ThreePtAssists,FG3A,OpponentPoints,Points,SecondChancePoints,FG2A,LiveBallTurnovers,TsPct,Fg3Pct,AtRimFG3AFrequency,Pace,AtRimFrequency,SecondsPerPossOff,SecondsPerPossDef,Minutes,DefAtRimReboundPct,DefFGReboundPct,AtRimAccuracy,player_on,OffFGReboundPct,nba_id
0,2011,71.42857142857143,104.54545454545456,3.0,4.0,1.0,2.0,5.0,21.0,22.0,3.0,1.0,1.0,1.0,7.0,23.0,15.0,4.0,13.0,2.0,0.3409090909090909,0.1428571428571428,0.55,89.35064935064935,0.2,16.61904761904762,15.636363636363637,12.0,,0.8571428571428571,0.75,True,0.3076923076923077,201234
1,2011,108.39243498817967,109.11242603550296,150.0,241.0,77.0,123.0,240.0,846.0,845.0,148.0,68.0,45.0,37.0,159.0,922.0,917.0,133.0,599.0,68.0,0.5295138888888888,0.2955974842767295,0.5277044854881267,86.63464617355108,0.3179419525065963,16.983451536643027,16.259171597633134,468.0,0.6666666666666666,0.7506849315068493,0.6224066390041494,False,0.324390243902439,201234
