index,year,ortg,drtg,AtRimFGM,AtRimFGA,AtRimAssists,Turnovers,FTA,OffPoss,DefPoss,TwoPtAssists,Steals,BadPassSteals,ThreePtAssists,FG3A,OpponentPoints,Points,SecondChancePoints,FG2A,LiveBallTurnovers,TsPct,Fg3Pct,AtRimFG3AFrequency,Pace,AtRimFrequency,SecondsPerPossOff,SecondsPerPossDef,Minutes,DefAtRimReboundPct,DefFGReboundPct,AtRimAccuracy,player_on,OffFGReboundPct,nba_id
0,2008,33.333333333333336,120.0,,,,2.0,,6.0,5.0,1.0,,,,,6.0,2.0,,3.0,1.0,0.3333333333333333,,,129.8360655737705,,14.166666666666666,7.4,2.0,,1.0,,True,,201207
1,2008,110.0358422939068,107.09183673469389,354.0,572.0,192.0,277.0,612.0,1953.0,1960.0,319.0,151.0,88.0,116.0,398.0,2099.0,2149.0,244.0,1250.0,151.0,0.55625,0.3668341708542713,0.5885922330097088,92.8932704672096,0.3470873786407767,15.268305171530978,15.734183673469389,1011.0,0.602996254681648,0.6919032597266036,0.6188811188811189,False,0.2626025791324736,201207
