index,year,ortg,drtg,AtRimFGM,AtRimFGA,AtRimAssists,Turnovers,FTA,OffPoss,DefPoss,TwoPtAssists,Steals,BadPassSteals,ThreePtAssists,FG3A,OpponentPoints,Points,SecondChancePoints,FG2A,LiveBallTurnovers,TsPct,Fg3Pct,AtRimFG3AFrequency,Pace,AtRimFrequency,SecondsPerPossOff,SecondsPerPossDef,Minutes,DefAtRimReboundPct,DefFGReboundPct,AtRimAccuracy,player_on,OffFGReboundPct,nba_id
0,2011,101.94805194805195,103.21543408360128,49.0,80.0,25.0,52.0,88.0,308.0,311.0,45.0,28.0,18.0,8.0,54.0,321.0,314.0,34.0,209.0,23.0,0.5148514851485149,0.2037037037037037,0.5095057034220533,93.40458975165042,0.3041825095057034,14.918831168831169,15.909967845659164,159.0,0.5714285714285714,0.697841726618705,0.6125,True,0.3134328358208955,201203
1,2011,102.80386369734371,110.64542046063202,1264.0,2083.0,588.0,1206.0,1911.0,7454.0,7468.0,1198.0,636.0,346.0,341.0,1128.0,8263.0,7663.0,1139.0,5497.0,601.0,0.5107296137339056,0.3377659574468085,0.4846792452830188,93.58052757417788,0.3144150943396226,15.370673463911992,15.404927691483664,3827.0,0.5198902606310014,0.669752164825321,0.6068170907345175,False,0.3108707709373267,201203
2,2014,60.0,88.46153846153847,2.0,4.0,2.0,4.0,4.0,25.0,26.0,4.0,5.0,1.0,2.0,7.0,23.0,15.0,,13.0,2.0,0.3409090909090909,0.2857142857142857,0.55,106.58925979680696,0.2,13.48,13.538461538461538,11.0,,0.8333333333333334,0.5,True,0.0769230769230769,201203
3,2014,110.67244014263882,104.02752995156769,1339.0,2104.0,707.0,1252.0,2048.0,7852.0,7846.0,1315.0,673.0,451.0,473.0,1832.0,8162.0,8690.0,1109.0,4930.0,668.0,0.564049047743282,0.361353711790393,0.5820763087843833,95.39192559427104,0.3111505471753919,14.592078451349977,15.599541167473872,3950.0,0.6343975283213182,0.7199573674393819,0.6364068441064639,False,0.2949084668192219,201203
