index,year,ortg,drtg,AtRimFGM,AtRimFGA,AtRimAssists,Turnovers,FTA,OffPoss,DefPoss,TwoPtAssists,Steals,BadPassSteals,ThreePtAssists,FG3A,OpponentPoints,Points,SecondChancePoints,FG2A,LiveBallTurnovers,TsPct,Fg3Pct,AtRimFG3AFrequency,Pace,AtRimFrequency,SecondsPerPossOff,SecondsPerPossDef,Minutes,DefAtRimReboundPct,DefFGReboundPct,AtRimAccuracy,player_on,OffFGReboundPct,nba_id
0,2009,83.33333333333333,118.91891891891892,3.0,4.0,2.0,7.0,12.0,36.0,37.0,4.0,1.0,1.0,,6.0,44.0,30.0,4.0,18.0,3.0,0.5,,0.4166666666666667,93.44,0.1666666666666666,15.86111111111111,14.972972972972974,19.0,0.5714285714285714,0.7272727272727273,0.75,True,0.1428571428571428,201242
1,2009,110.95890410958904,100.57142857142856,125.0,206.0,51.0,143.0,255.0,876.0,875.0,121.0,70.0,38.0,52.0,213.0,880.0,972.0,136.0,539.0,73.0,0.5552995391705069,0.3755868544600939,0.5571808510638298,82.52135493372607,0.2739361702127659,17.90639269406393,16.993142857142857,509.0,0.5981308411214953,0.7045454545454546,0.6067961165048543,False,0.3239074550128534,201242
