index,year,ortg,drtg,AtRimFGM,AtRimFGA,AtRimAssists,Turnovers,FTA,OffPoss,DefPoss,TwoPtAssists,Steals,BadPassSteals,ThreePtAssists,FG3A,OpponentPoints,Points,SecondChancePoints,FG2A,LiveBallTurnovers,TsPct,Fg3Pct,AtRimFG3AFrequency,Pace,AtRimFrequency,SecondsPerPossOff,SecondsPerPossDef,Minutes,DefAtRimReboundPct,DefFGReboundPct,AtRimAccuracy,player_on,OffFGReboundPct,nba_id
0,2012,100.0,150.0,5.0,6.0,4.0,1.0,,15.0,14.0,4.0,2.0,2.0,,2.0,21.0,15.0,,11.0,1.0,0.5769230769230769,0.5,0.6153846153846154,91.78021978021978,0.4615384615384615,18.666666666666668,12.5,8.0,0.3333333333333333,0.2857142857142857,0.8333333333333334,True,0.1666666666666666,201336
1,2012,110.98591549295774,91.78470254957509,71.0,111.0,43.0,46.0,90.0,355.0,353.0,56.0,27.0,23.0,26.0,79.0,324.0,394.0,43.0,228.0,25.0,0.5679190751445087,0.4050632911392405,0.6188925081433225,92.139177586986,0.3615635179153094,15.028169014084508,16.23229461756374,184.0,0.5818181818181818,0.6565656565656566,0.6396396396396397,False,0.2088607594936709,201336
