index,year,ortg,drtg,AtRimFGM,AtRimFGA,AtRimAssists,Turnovers,FTA,OffPoss,DefPoss,TwoPtAssists,Steals,BadPassSteals,ThreePtAssists,FG3A,OpponentPoints,Points,SecondChancePoints,FG2A,LiveBallTurnovers,TsPct,Fg3Pct,AtRimFG3AFrequency,Pace,AtRimFrequency,SecondsPerPossOff,SecondsPerPossDef,Minutes,DefAtRimReboundPct,DefFGReboundPct,AtRimAccuracy,player_on,OffFGReboundPct,nba_id
0,2008,109.32475884244371,87.41721854304636,65.0,109.0,35.0,40.0,95.0,311.0,302.0,54.0,31.0,24.0,18.0,58.0,264.0,340.0,71.0,234.0,20.0,0.5059880239520959,0.3103448275862069,0.571917808219178,83.0638938552743,0.3732876712328767,16.64951768488746,18.043046357615893,177.0,0.6666666666666666,0.7419354838709677,0.5963302752293578,True,0.3987730061349693,201336
1,2008,109.853249475891,101.19014281713804,1163.0,1829.0,677.0,1125.0,2010.0,7155.0,7142.0,1280.0,600.0,377.0,465.0,1439.0,7227.0,7860.0,1070.0,4746.0,568.0,0.5527023203169213,0.3710910354412786,0.5283751010509297,90.56177501726542,0.2957154405820533,15.558211041229908,16.243909269112294,3789.0,0.5816164817749604,0.7421613394216134,0.6358665937670859,False,0.311639549436796,201336
2,2009,72.5,94.87179487179488,10.0,12.0,7.0,11.0,6.0,40.0,39.0,8.0,5.0,3.0,,4.0,37.0,29.0,4.0,25.0,6.0,0.4677419354838709,,0.5517241379310345,100.85106382978724,0.4137931034482758,13.525,15.051282051282053,19.0,0.8,0.8095238095238095,0.8333333333333334,True,0.2352941176470588,201336
3,2009,105.0013777900248,108.70042541512282,1072.0,1916.0,489.0,950.0,1629.0,7258.0,7287.0,1107.0,526.0,302.0,366.0,1176.0,7921.0,7621.0,881.0,5363.0,468.0,0.5242236024844721,0.3801020408163265,0.4728551766325126,88.1025692796931,0.2930111637865117,16.043675943786166,16.644298065047344,3962.0,0.6340057636887608,0.7530973451327434,0.5594989561586639,False,0.2551311288483466,201336
4,2012,106.66666666666669,86.66666666666667,9.0,16.0,4.0,12.0,18.0,60.0,60.0,5.0,5.0,3.0,7.0,17.0,52.0,64.0,4.0,31.0,10.0,0.5714285714285714,0.4117647058823529,0.6875,94.84083424807903,0.3333333333333333,15.066666666666666,15.3,30.0,,0.7391304347826086,0.5625,True,0.2692307692307692,201336
5,2012,106.1505658520584,106.82711198428292,1063.0,1712.0,548.0,956.0,1709.0,6097.0,6108.0,997.0,489.0,301.0,346.0,1242.0,6525.0,6472.0,806.0,4020.0,535.0,0.535654920212766,0.3389694041867955,0.5613835043709616,91.4622342031037,0.3253515773470163,15.371658192553715,16.116077275703994,3203.0,0.5676855895196506,0.6651693158258466,0.6209112149532711,False,0.2910128388017118,201336
