index,year,ortg,drtg,AtRimFGM,AtRimFGA,AtRimAssists,Turnovers,FTA,OffPoss,DefPoss,TwoPtAssists,Steals,BadPassSteals,ThreePtAssists,FG3A,OpponentPoints,Points,SecondChancePoints,FG2A,LiveBallTurnovers,TsPct,Fg3Pct,AtRimFG3AFrequency,Pace,AtRimFrequency,SecondsPerPossOff,SecondsPerPossDef,Minutes,DefAtRimReboundPct,DefFGReboundPct,AtRimAccuracy,player_on,OffFGReboundPct,nba_id
0,2012,150.0,100.0,5.0,8.0,2.0,2.0,5.0,14.0,15.0,3.0,1.0,1.0,1.0,3.0,15.0,21.0,6.0,12.0,2.0,0.6176470588235294,0.3333333333333333,0.7333333333333333,91.78021978021978,0.5333333333333333,12.5,18.666666666666668,8.0,1.0,0.8333333333333334,0.625,True,0.7142857142857143,201336
1,2012,91.78470254957509,110.98591549295774,47.0,103.0,19.0,52.0,100.0,353.0,355.0,56.0,25.0,16.0,7.0,42.0,394.0,324.0,52.0,286.0,27.0,0.4304812834224599,0.1904761904761904,0.4420731707317073,92.139177586986,0.3140243902439024,16.23229461756374,15.028169014084508,184.0,0.7435897435897436,0.7911392405063291,0.4563106796116505,False,0.3434343434343434,201336
