index,year,ortg,drtg,AtRimFGM,AtRimFGA,AtRimAssists,Turnovers,FTA,OffPoss,DefPoss,TwoPtAssists,Steals,BadPassSteals,ThreePtAssists,FG3A,OpponentPoints,Points,SecondChancePoints,FG2A,LiveBallTurnovers,TsPct,Fg3Pct,AtRimFG3AFrequency,Pace,AtRimFrequency,SecondsPerPossOff,SecondsPerPossDef,Minutes,DefAtRimReboundPct,DefFGReboundPct,AtRimAccuracy,player_on,OffFGReboundPct,nba_id
0,2009,102.81980742778542,110.0,244.0,447.0,102.0,239.0,349.0,1454.0,1480.0,207.0,104.0,54.0,97.0,274.0,1628.0,1495.0,222.0,995.0,130.0,0.5231904427266338,0.4014598540145985,0.5681639085894405,91.41373490847722,0.3522458628841607,15.922971114167812,15.585135135135134,770.0,0.6146341463414634,0.6975748930099858,0.5458612975391499,True,0.2835820895522388,201446
1,2009,102.10560414642048,111.88697629100358,1086.0,1873.0,599.0,982.0,1490.0,6174.0,6158.0,1063.0,468.0,274.0,356.0,1239.0,6890.0,6304.0,821.0,4188.0,522.0,0.5158717105263158,0.3430185633575464,0.5734291505435785,92.3255451227501,0.3451262207481113,15.924684159378035,15.268431308866514,3206.0,0.5633986928104575,0.6760312944523471,0.5798184730379071,False,0.2794465069186635,201446
