index,year,ortg,drtg,AtRimFGM,AtRimFGA,AtRimAssists,Turnovers,FTA,OffPoss,DefPoss,TwoPtAssists,Steals,BadPassSteals,ThreePtAssists,FG3A,OpponentPoints,Points,SecondChancePoints,FG2A,LiveBallTurnovers,TsPct,Fg3Pct,AtRimFG3AFrequency,Pace,AtRimFrequency,SecondsPerPossOff,SecondsPerPossDef,Minutes,DefAtRimReboundPct,DefFGReboundPct,AtRimAccuracy,player_on,OffFGReboundPct,nba_id
0,2011,114.42307692307692,112.0,20.0,30.0,9.0,19.0,29.0,104.0,100.0,18.0,12.0,7.0,9.0,25.0,112.0,119.0,19.0,73.0,9.0,0.5363636363636364,0.4,0.5612244897959183,88.72244035034733,0.3061224489795918,15.403846153846152,17.09,55.0,0.8,0.6530612244897959,0.6666666666666666,True,0.4489795918367347,201575
1,2011,107.26744186046513,96.85714285714286,58.0,123.0,29.0,62.0,115.0,344.0,350.0,49.0,29.0,14.0,23.0,80.0,339.0,369.0,60.0,224.0,32.0,0.5154061624649859,0.3375,0.6677631578947368,90.12174226711156,0.4046052631578947,15.86046511627907,16.094285714285714,185.0,0.5,0.6906077348066298,0.4715447154471545,False,0.3942857142857143,201575
2,2015,66.66666666666667,66.66666666666667,2.0,3.0,2.0,1.0,4.0,15.0,15.0,2.0,2.0,1.0,,2.0,10.0,10.0,,11.0,1.0,0.3333333333333333,,0.3846153846153846,97.07865168539324,0.2307692307692307,10.466666666666669,19.2,7.0,0.6666666666666666,0.5555555555555556,0.6666666666666666,True,0.2222222222222222,201575
3,2015,100.35211267605634,108.11216825237857,294.0,513.0,158.0,299.0,544.0,1988.0,1997.0,309.0,177.0,110.0,107.0,468.0,2159.0,1995.0,247.0,1270.0,167.0,0.4987443495730788,0.3055555555555556,0.5644418872266973,94.17247887092805,0.2951668584579976,16.2897384305835,14.29694541812719,1016.0,0.6192893401015228,0.7168610816542949,0.5730994152046783,False,0.293103448275862,201575
4,2016,102.21238938053098,105.99078341013823,34.0,61.0,18.0,34.0,57.0,226.0,217.0,26.0,18.0,11.0,15.0,64.0,230.0,231.0,28.0,131.0,18.0,0.5226244343891403,0.359375,0.6410256410256411,96.66919230186392,0.3128205128205128,14.336283185840708,15.47926267281106,110.0,0.75,0.7659574468085106,0.5573770491803278,True,0.3018867924528302,201575
5,2016,106.38599810785242,111.5056818181818,340.0,591.0,166.0,323.0,590.0,2114.0,2112.0,283.0,186.0,133.0,148.0,585.0,2355.0,2249.0,345.0,1306.0,173.0,0.5199721319089642,0.3367521367521368,0.6218931782125859,96.86951815475716,0.3125330512956107,15.343424787133396,14.38683712121212,1047.0,0.6554621848739496,0.7290836653386454,0.5752961082910322,False,0.3279924599434495,201575
