index,year,ortg,drtg,AtRimFGM,AtRimFGA,AtRimAssists,Turnovers,FTA,OffPoss,DefPoss,TwoPtAssists,Steals,BadPassSteals,ThreePtAssists,FG3A,OpponentPoints,Points,SecondChancePoints,FG2A,LiveBallTurnovers,TsPct,Fg3Pct,AtRimFG3AFrequency,Pace,AtRimFrequency,SecondsPerPossOff,SecondsPerPossDef,Minutes,DefAtRimReboundPct,DefFGReboundPct,AtRimAccuracy,player_on,OffFGReboundPct,nba_id
0,2016,97.196261682243,106.54205607476636,22.0,34.0,12.0,10.0,28.0,107.0,107.0,14.0,10.0,7.0,5.0,22.0,114.0,104.0,14.0,72.0,5.0,0.4859813084112149,0.3636363636363636,0.5957446808510638,92.98732649366325,0.3617021276595745,15.19626168224299,15.77570093457944,55.0,0.3333333333333333,0.7647058823529411,0.6470588235294118,True,0.2363636363636363,201574
1,2016,102.73733255678508,107.79601406799532,260.0,425.0,120.0,250.0,462.0,1717.0,1706.0,194.0,140.0,86.0,101.0,437.0,1839.0,1764.0,248.0,1097.0,138.0,0.5051694428489374,0.2951945080091533,0.5619295958279009,89.31830536730331,0.2770534550195567,16.595806639487478,15.645369284876905,920.0,0.672316384180791,0.7448453608247423,0.611764705882353,False,0.3016241299303944,201574
