index,year,ortg,drtg,AtRimFGM,AtRimFGA,AtRimAssists,Turnovers,FTA,OffPoss,DefPoss,TwoPtAssists,Steals,BadPassSteals,ThreePtAssists,FG3A,OpponentPoints,Points,SecondChancePoints,FG2A,LiveBallTurnovers,TsPct,Fg3Pct,AtRimFG3AFrequency,Pace,AtRimFrequency,SecondsPerPossOff,SecondsPerPossDef,Minutes,DefAtRimReboundPct,DefFGReboundPct,AtRimAccuracy,player_on,OffFGReboundPct,nba_id
0,2015,89.65517241379311,58.064516129032256,4.0,5.0,4.0,3.0,4.0,29.0,31.0,4.0,6.0,4.0,5.0,16.0,18.0,26.0,,7.0,2.0,0.52,0.3125,0.9130434782608696,107.86516853932584,0.217391304347826,12.655172413793103,14.0,13.0,,0.6666666666666666,0.8,True,,201595
1,2015,109.50413223140497,107.9430942501482,309.0,470.0,179.0,242.0,449.0,1694.0,1687.0,270.0,141.0,93.0,130.0,471.0,1821.0,1855.0,244.0,1026.0,140.0,0.5439268867924528,0.3375796178343949,0.6285905143620575,101.09512240702672,0.3139612558450234,14.60271546635183,13.883817427385893,803.0,0.6629834254143646,0.6976127320954907,0.6574468085106383,False,0.2917197452229299,201595
