index,year,ortg,drtg,AtRimFGM,AtRimFGA,AtRimAssists,Turnovers,FTA,OffPoss,DefPoss,TwoPtAssists,Steals,BadPassSteals,ThreePtAssists,FG3A,OpponentPoints,Points,SecondChancePoints,FG2A,LiveBallTurnovers,TsPct,Fg3Pct,AtRimFG3AFrequency,Pace,AtRimFrequency,SecondsPerPossOff,SecondsPerPossDef,Minutes,DefAtRimReboundPct,DefFGReboundPct,AtRimAccuracy,player_on,OffFGReboundPct,nba_id
0,2011,110.2373887240356,113.20754716981132,119.0,202.0,47.0,103.0,230.0,674.0,689.0,90.0,50.0,33.0,41.0,157.0,780.0,743.0,107.0,428.0,54.0,0.5355072463768116,0.3248407643312102,0.6136752136752137,90.32721248101616,0.3452991452991453,15.925816023738872,15.957910014513788,362.0,0.5280898876404494,0.64576802507837,0.5891089108910891,True,0.3312302839116719,201564
1,2011,101.66975881261595,95.43726235741444,105.0,169.0,50.0,96.0,147.0,539.0,526.0,81.0,44.0,23.0,25.0,98.0,502.0,548.0,64.0,347.0,50.0,0.5341796875,0.2857142857142857,0.6,89.10580442740107,0.3797752808988764,15.512059369202229,16.825095057034222,287.0,0.6590909090909091,0.6936619718309859,0.621301775147929,False,0.2821576763485477,201564
2,2012,104.59016393442624,94.92063492063492,50.0,78.0,21.0,56.0,87.0,305.0,315.0,31.0,37.0,22.0,21.0,63.0,299.0,319.0,43.0,190.0,27.0,0.5446735395189003,0.4126984126984127,0.5573122529644269,91.18578286181186,0.308300395256917,15.691803278688525,15.88888888888889,163.0,0.5714285714285714,0.673469387755102,0.6410256410256411,True,0.2846153846153846,201564
3,2012,99.6845425867508,110.71428571428572,53.0,88.0,34.0,50.0,101.0,317.0,308.0,49.0,28.0,18.0,13.0,60.0,341.0,316.0,31.0,203.0,23.0,0.5080906148867314,0.2833333333333333,0.5627376425855514,84.35654700534258,0.3346007604562737,16.70031545741325,17.4512987012987,178.0,0.6046511627906976,0.5986842105263158,0.6022727272727273,False,0.2464788732394366,201564
4,2015,99.0,97.35099337748343,53.0,96.0,34.0,57.0,79.0,300.0,302.0,47.0,25.0,16.0,21.0,81.0,294.0,297.0,50.0,184.0,31.0,0.4933110367892976,0.3580246913580246,0.6679245283018868,92.79383429672448,0.3622641509433962,16.783333333333335,14.26158940397351,156.0,0.64,0.7388535031847133,0.5520833333333334,True,0.3377483443708609,201564
5,2015,113.65313653136532,87.77777777777777,40.0,68.0,30.0,48.0,59.0,271.0,270.0,56.0,21.0,14.0,33.0,87.0,237.0,308.0,39.0,149.0,34.0,0.5858778625954199,0.4367816091954023,0.6567796610169492,91.24385101897398,0.288135593220339,16.202952029520294,15.35925925925926,142.0,0.6326530612244898,0.7345679012345679,0.5882352941176471,False,0.2892561983471074,201564
