index,year,ortg,drtg,AtRimFGM,AtRimFGA,AtRimAssists,Turnovers,FTA,OffPoss,DefPoss,TwoPtAssists,Steals,BadPassSteals,ThreePtAssists,FG3A,OpponentPoints,Points,SecondChancePoints,FG2A,LiveBallTurnovers,TsPct,Fg3Pct,AtRimFG3AFrequency,Pace,AtRimFrequency,SecondsPerPossOff,SecondsPerPossDef,Minutes,DefAtRimReboundPct,DefFGReboundPct,AtRimAccuracy,player_on,OffFGReboundPct,nba_id
0,2016,106.54205607476636,97.196261682243,13.0,16.0,6.0,23.0,39.0,107.0,107.0,11.0,5.0,1.0,8.0,24.0,104.0,114.0,16.0,49.0,10.0,0.6263736263736264,0.375,0.547945205479452,92.98732649366325,0.2191780821917808,15.77570093457944,15.19626168224299,55.0,0.3333333333333333,0.7636363636363637,0.8125,True,0.2352941176470588,201574
1,2016,107.79601406799532,102.73733255678508,276.0,455.0,141.0,253.0,422.0,1706.0,1717.0,213.0,138.0,78.0,119.0,425.0,1764.0,1839.0,226.0,1047.0,140.0,0.5517760385310054,0.3623529411764706,0.5978260869565217,89.31830536730331,0.3091032608695652,15.645369284876905,16.595806639487478,920.0,0.5679012345679012,0.6983758700696056,0.6065934065934065,False,0.2551546391752577,201574
