index,year,ortg,drtg,AtRimFGM,AtRimFGA,AtRimAssists,Turnovers,FTA,OffPoss,DefPoss,TwoPtAssists,Steals,BadPassSteals,ThreePtAssists,FG3A,OpponentPoints,Points,SecondChancePoints,FG2A,LiveBallTurnovers,TsPct,Fg3Pct,AtRimFG3AFrequency,Pace,AtRimFrequency,SecondsPerPossOff,SecondsPerPossDef,Minutes,DefAtRimReboundPct,DefFGReboundPct,AtRimAccuracy,player_on,OffFGReboundPct,nba_id
0,2011,113.20754716981132,110.2373887240356,122.0,211.0,57.0,93.0,238.0,689.0,674.0,117.0,54.0,29.0,35.0,112.0,743.0,780.0,140.0,500.0,50.0,0.5374479889042996,0.3482142857142857,0.5277777777777778,90.32721248101616,0.3447712418300653,15.957910014513788,15.925816023738872,362.0,0.5421686746987951,0.668769716088328,0.5781990521327014,True,0.3542319749216301,201564
1,2011,95.43726235741444,101.66975881261595,92.0,180.0,44.0,77.0,128.0,526.0,539.0,83.0,50.0,31.0,10.0,45.0,548.0,502.0,83.0,435.0,44.0,0.4636871508379888,0.2444444444444444,0.46875,89.10580442740107,0.375,16.825095057034222,15.512059369202229,287.0,0.6825396825396826,0.7178423236514523,0.5111111111111111,False,0.306338028169014,201564
2,2012,94.92063492063492,104.59016393442624,38.0,74.0,16.0,58.0,115.0,315.0,305.0,40.0,27.0,17.0,11.0,49.0,319.0,299.0,52.0,205.0,37.0,0.4836065573770491,0.2448979591836734,0.484251968503937,91.18578286181186,0.2913385826771653,15.88888888888889,15.691803278688525,163.0,0.6785714285714286,0.7153846153846154,0.5135135135135135,True,0.3265306122448979,201564
3,2012,110.71428571428572,99.6845425867508,56.0,99.0,27.0,50.0,100.0,308.0,317.0,55.0,23.0,12.0,8.0,34.0,316.0,341.0,56.0,246.0,28.0,0.52,0.3529411764705882,0.475,84.35654700534258,0.3535714285714286,17.4512987012987,16.70031545741325,178.0,0.7714285714285715,0.7535211267605634,0.5656565656565656,False,0.4013157894736842,201564
4,2015,97.35099337748343,99.0,42.0,93.0,27.0,44.0,79.0,302.0,300.0,46.0,31.0,19.0,22.0,62.0,297.0,294.0,42.0,206.0,25.0,0.4834983498349835,0.3870967741935484,0.5783582089552238,92.79383429672448,0.3470149253731343,14.26158940397351,16.783333333333335,156.0,0.6904761904761905,0.6622516556291391,0.4516129032258064,True,0.2611464968152866,201564
5,2015,87.77777777777777,113.65313653136532,41.0,90.0,18.0,35.0,46.0,270.0,271.0,46.0,34.0,24.0,8.0,47.0,308.0,237.0,44.0,214.0,21.0,0.4232142857142857,0.1914893617021276,0.524904214559387,91.24385101897398,0.3448275862068966,15.35925925925926,16.202952029520294,142.0,0.7142857142857143,0.7107438016528925,0.4555555555555555,False,0.2654320987654321,201564
