index,year,ortg,drtg,AtRimFGM,AtRimFGA,AtRimAssists,Turnovers,FTA,OffPoss,DefPoss,TwoPtAssists,Steals,BadPassSteals,ThreePtAssists,FG3A,OpponentPoints,Points,SecondChancePoints,FG2A,LiveBallTurnovers,TsPct,Fg3Pct,AtRimFG3AFrequency,Pace,AtRimFrequency,SecondsPerPossOff,SecondsPerPossDef,Minutes,DefAtRimReboundPct,DefFGReboundPct,AtRimAccuracy,player_on,OffFGReboundPct,nba_id
0,2009,105.3295932678822,107.66526019690576,228.0,400.0,122.0,223.0,413.0,1426.0,1422.0,247.0,114.0,74.0,79.0,251.0,1531.0,1502.0,247.0,1003.0,114.0,0.5173370319001387,0.350597609561753,0.5191387559808612,95.42370515147286,0.3189792663476874,14.774193548387096,15.40787623066104,716.0,0.5508474576271186,0.7258883248730964,0.57,True,0.3362573099415205,201570
1,2009,106.53080872913992,107.23431498079384,966.0,1717.0,514.0,932.0,1653.0,6232.0,6248.0,1099.0,495.0,299.0,377.0,1157.0,6700.0,6639.0,872.0,4344.0,502.0,0.5289494787489976,0.3656006914433881,0.5224504635520815,92.45300490786184,0.3121250681694237,15.25320924261874,15.896927016645328,3240.0,0.6092124814264487,0.7042148452070123,0.5626092020966803,False,0.2986925913509889,201570
2,2010,113.11475409836063,119.6969696969697,15.0,24.0,6.0,8.0,26.0,61.0,66.0,7.0,7.0,4.0,3.0,16.0,79.0,69.0,11.0,36.0,4.0,0.5476190476190477,0.25,0.7692307692307693,105.52798615118292,0.4615384615384615,12.80327868852459,14.424242424242424,29.0,0.4,0.5217391304347826,0.625,True,0.3448275862068966,201570
3,2010,103.60878661087868,105.29896637446028,1291.0,2266.0,644.0,1167.0,1936.0,7648.0,7643.0,1386.0,524.0,346.0,308.0,1050.0,8048.0,7924.0,1094.0,5723.0,574.0,0.5170380078636959,0.3314285714285714,0.4895910231802746,92.85758264558652,0.3345637088439391,14.973849372384937,16.041737537616118,3952.0,0.6156186612576064,0.7195154777927322,0.5697263901147396,False,0.3000824402308326,201570
