index,year,ortg,drtg,AtRimFGM,AtRimFGA,AtRimAssists,Turnovers,FTA,OffPoss,DefPoss,TwoPtAssists,Steals,BadPassSteals,ThreePtAssists,FG3A,OpponentPoints,Points,SecondChancePoints,FG2A,LiveBallTurnovers,TsPct,Fg3Pct,AtRimFG3AFrequency,Pace,AtRimFrequency,SecondsPerPossOff,SecondsPerPossDef,Minutes,DefAtRimReboundPct,DefFGReboundPct,AtRimAccuracy,player_on,OffFGReboundPct,nba_id
0,2014,,50.0,,2.0,,,,5.0,4.0,,1.0,,,,2.0,,,5.0,,,,0.4,82.0253164556962,0.4,24.0,9.5,3.0,,1.0,,True,0.2,201591
1,2014,114.64788732394366,103.09859154929578,65.0,94.0,32.0,42.0,104.0,355.0,355.0,51.0,28.0,19.0,33.0,88.0,366.0,407.0,46.0,211.0,17.0,0.5898550724637681,0.4318181818181818,0.6086956521739131,89.98415771871149,0.31438127090301,16.371830985915494,15.633802816901408,189.0,0.6326530612244898,0.75,0.6914893617021277,False,0.1933333333333333,201591
