index,year,ortg,drtg,AtRimFGM,AtRimFGA,AtRimAssists,Turnovers,FTA,OffPoss,DefPoss,TwoPtAssists,Steals,BadPassSteals,ThreePtAssists,FG3A,OpponentPoints,Points,SecondChancePoints,FG2A,LiveBallTurnovers,TsPct,Fg3Pct,AtRimFG3AFrequency,Pace,AtRimFrequency,SecondsPerPossOff,SecondsPerPossDef,Minutes,DefAtRimReboundPct,DefFGReboundPct,AtRimAccuracy,player_on,OffFGReboundPct,nba_id
0,2009,66.66666666666667,69.23076923076923,2.0,2.0,1.0,3.0,2.0,15.0,13.0,3.0,3.0,,,1.0,9.0,10.0,,8.0,1.0,0.5,,0.3333333333333333,88.42105263157895,0.2222222222222222,19.53333333333333,12.538461538461538,8.0,,0.5,1.0,True,0.4,201592
1,2009,110.73007367716008,102.62946069224576,1384.0,2216.0,789.0,1281.0,2070.0,7465.0,7454.0,1369.0,618.0,407.0,490.0,1354.0,7650.0,8266.0,1043.0,4970.0,584.0,0.5682196339434277,0.397341211225997,0.5645161290322581,90.22679165406711,0.3504111321948134,15.962089752176825,15.957472497987656,3968.0,0.6107921928817451,0.7209563994374121,0.6245487364620939,False,0.3109563014566181,201592
2,2010,97.02970297029702,99.5,33.0,61.0,18.0,37.0,69.0,202.0,200.0,26.0,20.0,15.0,13.0,35.0,199.0,196.0,32.0,119.0,15.0,0.527027027027027,0.4285714285714285,0.6233766233766234,97.88298951640176,0.3961038961038961,16.03960396039604,13.37,99.0,0.6521739130434783,0.7,0.5409836065573771,True,0.3333333333333333,201592
3,2010,108.33674443989632,104.373377067104,1405.0,2208.0,852.0,1182.0,2021.0,7329.0,7317.0,1460.0,681.0,425.0,431.0,1398.0,7637.0,7940.0,885.0,4742.0,563.0,0.5607896237172177,0.34620886981402,0.5872964169381107,91.12380425671648,0.3596091205211726,15.683995088006547,15.921552548858822,3857.0,0.5766423357664233,0.7017438364401684,0.636322463768116,False,0.2643715492042871,201592
4,2010,100.36764705882354,121.94244604316546,48.0,80.0,14.0,57.0,72.0,272.0,278.0,23.0,22.0,13.0,18.0,71.0,339.0,273.0,58.0,158.0,32.0,0.5172413793103449,0.3098591549295774,0.6593886462882096,93.99477806788512,0.3493449781659388,15.966911764705882,14.68705035971223,140.0,0.6666666666666666,0.6875,0.6,True,0.3643410852713178,201592
5,2010,107.8131239185412,111.11554845580405,1355.0,2226.0,653.0,1091.0,1687.0,7513.0,7512.0,1118.0,564.0,362.0,613.0,2074.0,8347.0,8100.0,992.0,4573.0,553.0,0.5475705754614549,0.3476374156219865,0.6469083797201746,94.014791382412,0.3348879193621182,14.892719286569946,15.740814696485623,3836.0,0.5761511216056671,0.6949000894721146,0.6087151841868823,False,0.2575458392101551,201592
