index,year,ortg,drtg,AtRimFGM,AtRimFGA,AtRimAssists,Turnovers,FTA,OffPoss,DefPoss,TwoPtAssists,Steals,BadPassSteals,ThreePtAssists,FG3A,OpponentPoints,Points,SecondChancePoints,FG2A,LiveBallTurnovers,TsPct,Fg3Pct,AtRimFG3AFrequency,Pace,AtRimFrequency,SecondsPerPossOff,SecondsPerPossDef,Minutes,DefAtRimReboundPct,DefFGReboundPct,AtRimAccuracy,player_on,OffFGReboundPct,nba_id
0,2009,104.54545454545456,84.0909090909091,5.0,9.0,3.0,4.0,24.0,44.0,44.0,3.0,3.0,2.0,5.0,14.0,37.0,46.0,7.0,22.0,2.0,0.4893617021276595,0.3571428571428571,0.6388888888888888,108.21520068317676,0.25,12.795454545454543,13.818181818181818,20.0,1.0,0.8571428571428571,0.5555555555555556,True,0.3333333333333333,201594
1,2009,107.63976021190577,107.28236607142856,1239.0,2054.0,649.0,961.0,2014.0,7173.0,7168.0,1273.0,458.0,275.0,370.0,1214.0,7690.0,7721.0,959.0,5130.0,491.0,0.531319290465632,0.3542009884678748,0.5151324085750315,86.88260710424126,0.3237704918032787,15.86783772480134,17.280831473214285,3961.0,0.5963541666666666,0.694388489208633,0.6032132424537487,False,0.2831910509272888,201594
