index,year,ortg,drtg,AtRimFGM,AtRimFGA,AtRimAssists,Turnovers,FTA,OffPoss,DefPoss,TwoPtAssists,Steals,BadPassSteals,ThreePtAssists,FG3A,OpponentPoints,Points,SecondChancePoints,FG2A,LiveBallTurnovers,TsPct,Fg3Pct,AtRimFG3AFrequency,Pace,AtRimFrequency,SecondsPerPossOff,SecondsPerPossDef,Minutes,DefAtRimReboundPct,DefFGReboundPct,AtRimAccuracy,player_on,OffFGReboundPct,nba_id
0,2009,103.93258426966293,93.64161849710985,23.0,41.0,12.0,22.0,71.0,178.0,173.0,18.0,14.0,11.0,12.0,34.0,162.0,185.0,23.0,109.0,13.0,0.5255681818181818,0.5,0.5244755244755245,92.03204661325564,0.2867132867132867,15.162921348314606,16.14450867052023,92.0,0.5714285714285714,0.7375,0.5609756097560976,True,0.2926829268292683,201629
1,2009,109.65267122332264,108.0685618729097,1143.0,1841.0,587.0,1027.0,2013.0,7169.0,7176.0,1121.0,589.0,376.0,506.0,1599.0,7755.0,7861.0,1022.0,4709.0,517.0,0.5433723196881092,0.3627267041901188,0.5453392517438174,89.43576599355755,0.2918516169942929,16.034174919793557,16.167642140468228,3849.0,0.5804455445544554,0.6881028938906752,0.6208582292232482,False,0.2935503315250151,201629
2,2010,90.78947368421052,115.06849315068492,10.0,24.0,4.0,9.0,25.0,76.0,73.0,9.0,4.0,3.0,2.0,11.0,84.0,69.0,14.0,56.0,6.0,0.4423076923076923,0.1818181818181818,0.5223880597014925,108.4732052578362,0.3582089552238806,14.947368421052632,11.534246575342468,33.0,0.5714285714285714,0.4848484848484848,0.4166666666666667,True,0.3095238095238095,201629
3,2010,112.30476707863644,107.23334695545566,1334.0,2128.0,721.0,971.0,1889.0,7363.0,7341.0,1346.0,588.0,391.0,432.0,1444.0,7872.0,8269.0,1105.0,5290.0,500.0,0.54439872577648,0.3614958448753462,0.5304425304425304,89.61224299777385,0.316008316008316,16.13024582371316,16.008037052172728,3938.0,0.5984766050054406,0.6917271407837445,0.6268796992481203,False,0.3159253945480631,201629
