index,year,ortg,drtg,AtRimFGM,AtRimFGA,AtRimAssists,Turnovers,FTA,OffPoss,DefPoss,TwoPtAssists,Steals,BadPassSteals,ThreePtAssists,FG3A,OpponentPoints,Points,SecondChancePoints,FG2A,LiveBallTurnovers,TsPct,Fg3Pct,AtRimFG3AFrequency,Pace,AtRimFrequency,SecondsPerPossOff,SecondsPerPossDef,Minutes,DefAtRimReboundPct,DefFGReboundPct,AtRimAccuracy,player_on,OffFGReboundPct,nba_id
0,2009,125.0,80.0,5.0,12.0,2.0,2.0,7.0,28.0,30.0,3.0,4.0,2.0,3.0,8.0,24.0,35.0,2.0,21.0,1.0,0.5645161290322581,0.5,0.6896551724137931,101.1138014527845,0.4137931034482758,13.214285714285714,15.2,14.0,0.5,0.7692307692307693,0.4166666666666667,True,0.25,201629
1,2009,100.56561085972852,110.8843537414966,131.0,238.0,73.0,131.0,255.0,884.0,882.0,131.0,72.0,43.0,49.0,185.0,978.0,889.0,145.0,596.0,70.0,0.4927455357142857,0.3405405405405405,0.5416133162612036,82.42172813897712,0.3047375160051216,17.028280542986426,17.91496598639456,514.0,0.5316455696202531,0.6794871794871795,0.5504201680672269,False,0.2959641255605381,201629
