index,year,ortg,drtg,AtRimFGM,AtRimFGA,AtRimAssists,Turnovers,FTA,OffPoss,DefPoss,TwoPtAssists,Steals,BadPassSteals,ThreePtAssists,FG3A,OpponentPoints,Points,SecondChancePoints,FG2A,LiveBallTurnovers,TsPct,Fg3Pct,AtRimFG3AFrequency,Pace,AtRimFrequency,SecondsPerPossOff,SecondsPerPossDef,Minutes,DefAtRimReboundPct,DefFGReboundPct,AtRimAccuracy,player_on,OffFGReboundPct,nba_id
0,2009,33.333333333333336,116.66666666666669,,,,2.0,,6.0,6.0,,1.0,,,,7.0,2.0,,3.0,,0.3333333333333333,,,118.35616438356163,,12.5,11.833333333333334,2.0,0.3333333333333333,0.2,,True,,201631
1,2009,108.8917525773196,102.48968008255936,1469.0,2500.0,762.0,1138.0,1930.0,7760.0,7752.0,1329.0,696.0,391.0,440.0,1439.0,7945.0,8450.0,1068.0,5357.0,608.0,0.5506792058516197,0.3641417651146629,0.5796056503825779,94.046161489428,0.3678634490876986,15.371134020618555,15.252063983488132,3959.0,0.5913978494623656,0.6912863070539419,0.5876,False,0.2904422253922967,201631
