index,year,ortg,drtg,AtRimFGM,AtRimFGA,AtRimAssists,Turnovers,FTA,OffPoss,DefPoss,TwoPtAssists,Steals,BadPassSteals,ThreePtAssists,FG3A,OpponentPoints,Points,SecondChancePoints,FG2A,LiveBallTurnovers,TsPct,Fg3Pct,AtRimFG3AFrequency,Pace,AtRimFrequency,SecondsPerPossOff,SecondsPerPossDef,Minutes,DefAtRimReboundPct,DefFGReboundPct,AtRimAccuracy,player_on,OffFGReboundPct,nba_id
0,2011,97.05882352941175,102.77777777777776,3.0,3.0,3.0,4.0,12.0,34.0,36.0,6.0,1.0,1.0,1.0,6.0,37.0,33.0,4.0,25.0,3.0,0.4459459459459459,0.1666666666666666,0.2903225806451613,87.72845953002611,0.0967741935483871,16.941176470588236,15.916666666666666,19.0,0.4,0.6666666666666666,1.0,True,0.3333333333333333,201607
1,2011,106.54295532646049,105.65881866997108,1064.0,1733.0,570.0,1065.0,1885.0,7275.0,7263.0,1302.0,623.0,377.0,382.0,1226.0,7674.0,7751.0,986.0,5159.0,494.0,0.5346788736301845,0.3613376835236541,0.4634299138606108,88.4026502147282,0.2714173844949099,16.47972508591065,16.09816880077103,3947.0,0.6289308176100629,0.7282575985555221,0.6139642238892095,False,0.2802985074626866,201607
