index,year,ortg,drtg,AtRimFGM,AtRimFGA,AtRimAssists,Turnovers,FTA,OffPoss,DefPoss,TwoPtAssists,Steals,BadPassSteals,ThreePtAssists,FG3A,OpponentPoints,Points,SecondChancePoints,FG2A,LiveBallTurnovers,TsPct,Fg3Pct,AtRimFG3AFrequency,Pace,AtRimFrequency,SecondsPerPossOff,SecondsPerPossDef,Minutes,DefAtRimReboundPct,DefFGReboundPct,AtRimAccuracy,player_on,OffFGReboundPct,nba_id
0,2017,80.0,113.95348837209302,1.0,10.0,,5.0,8.0,45.0,43.0,1.0,,,5.0,21.0,49.0,36.0,14.0,23.0,2.0,0.375,0.2857142857142857,0.7045454545454546,97.40199846272098,0.2272727272727272,16.42222222222222,13.069767441860463,22.0,0.6,0.7727272727272727,0.1,True,0.3225806451612903,201628
1,2017,112.7576054955839,109.9902056807052,197.0,329.0,89.0,149.0,276.0,1019.0,1021.0,113.0,85.0,49.0,96.0,402.0,1123.0,1149.0,163.0,489.0,85.0,0.5689484126984127,0.3358208955223881,0.8204264870931538,95.75279507154733,0.3692480359147025,14.791952894995092,15.285014691478942,511.0,0.609375,0.6865079365079365,0.5987841945288754,False,0.2744282744282744,201628
