index,year,ortg,drtg,AtRimFGM,AtRimFGA,AtRimAssists,Turnovers,FTA,OffPoss,DefPoss,TwoPtAssists,Steals,BadPassSteals,ThreePtAssists,FG3A,OpponentPoints,Points,SecondChancePoints,FG2A,LiveBallTurnovers,TsPct,Fg3Pct,AtRimFG3AFrequency,Pace,AtRimFrequency,SecondsPerPossOff,SecondsPerPossDef,Minutes,DefAtRimReboundPct,DefFGReboundPct,AtRimAccuracy,player_on,OffFGReboundPct,nba_id
0,2017,113.95348837209302,80.0,11.0,16.0,8.0,2.0,15.0,43.0,45.0,8.0,2.0,1.0,2.0,7.0,36.0,49.0,5.0,32.0,,0.532608695652174,0.2857142857142857,0.5897435897435898,97.40199846272098,0.4102564102564102,13.069767441860463,16.42222222222222,22.0,0.5555555555555556,0.6774193548387096,0.6875,True,0.2272727272727272,201628
1,2017,109.9902056807052,112.7576054955839,203.0,332.0,102.0,136.0,248.0,1021.0,1019.0,165.0,85.0,55.0,72.0,284.0,1149.0,1123.0,151.0,661.0,85.0,0.5308056872037915,0.3169014084507042,0.6518518518518519,95.75279507154733,0.3513227513227513,15.285014691478942,14.791952894995092,511.0,0.6230769230769231,0.7255717255717256,0.6114457831325302,False,0.3134920634920635,201628
