index,year,ortg,drtg,AtRimFGM,AtRimFGA,AtRimAssists,Turnovers,FTA,OffPoss,DefPoss,TwoPtAssists,Steals,BadPassSteals,ThreePtAssists,FG3A,OpponentPoints,Points,SecondChancePoints,FG2A,LiveBallTurnovers,TsPct,Fg3Pct,AtRimFG3AFrequency,Pace,AtRimFrequency,SecondsPerPossOff,SecondsPerPossDef,Minutes,DefAtRimReboundPct,DefFGReboundPct,AtRimAccuracy,player_on,OffFGReboundPct,nba_id
0,2009,116.66666666666669,33.333333333333336,1.0,4.0,,1.0,2.0,6.0,6.0,1.0,,,,2.0,2.0,7.0,4.0,6.0,1.0,0.3888888888888889,,0.75,118.35616438356163,0.5,11.833333333333334,12.5,2.0,,1.0,0.25,True,0.8,201631
1,2009,102.48968008255936,108.8917525773196,1415.0,2353.0,728.0,1329.0,2067.0,7752.0,7760.0,1374.0,608.0,379.0,288.0,947.0,8450.0,7945.0,1135.0,5761.0,696.0,0.5183287347260543,0.3463569165786694,0.4919499105545617,94.046161489428,0.3507751937984496,15.252063983488132,15.371134020618555,3959.0,0.6153846153846154,0.7095577746077033,0.60135996600085,False,0.3087136929460581,201631
