index,year,ortg,drtg,AtRimFGM,AtRimFGA,AtRimAssists,Turnovers,FTA,OffPoss,DefPoss,TwoPtAssists,Steals,BadPassSteals,ThreePtAssists,FG3A,OpponentPoints,Points,SecondChancePoints,FG2A,LiveBallTurnovers,TsPct,Fg3Pct,AtRimFG3AFrequency,Pace,AtRimFrequency,SecondsPerPossOff,SecondsPerPossDef,Minutes,DefAtRimReboundPct,DefFGReboundPct,AtRimAccuracy,player_on,OffFGReboundPct,nba_id
0,2010,100.0,122.72727272727272,3.0,6.0,3.0,,8.0,23.0,22.0,4.0,,,2.0,4.0,27.0,23.0,2.0,16.0,,0.4791666666666667,0.5,0.5,90.0,0.3,18.43478260869565,13.454545454545457,12.0,0.5,0.8,0.5,True,0.1666666666666666,201602
1,2010,105.76923076923076,102.68199233716476,82.0,142.0,43.0,78.0,131.0,520.0,522.0,81.0,37.0,17.0,38.0,131.0,536.0,550.0,85.0,338.0,39.0,0.5198487712665406,0.3282442748091603,0.582089552238806,90.6086956521739,0.302771855010661,16.923076923076923,14.865900383141762,276.0,0.5714285714285714,0.6888888888888889,0.5774647887323944,False,0.3147410358565737,201602
