index,year,ortg,drtg,AtRimFGM,AtRimFGA,AtRimAssists,Turnovers,FTA,OffPoss,DefPoss,TwoPtAssists,Steals,BadPassSteals,ThreePtAssists,FG3A,OpponentPoints,Points,SecondChancePoints,FG2A,LiveBallTurnovers,TsPct,Fg3Pct,AtRimFG3AFrequency,Pace,AtRimFrequency,SecondsPerPossOff,SecondsPerPossDef,Minutes,DefAtRimReboundPct,DefFGReboundPct,AtRimAccuracy,player_on,OffFGReboundPct,nba_id
0,2009,109.52380952380952,85.71428571428571,1.0,3.0,,6.0,7.0,21.0,21.0,1.0,5.0,5.0,1.0,6.0,18.0,23.0,8.0,9.0,4.0,0.6052631578947368,0.6666666666666666,0.6,97.86407766990293,0.2,14.38095238095238,15.047619047619047,10.0,1.0,0.7777777777777778,0.3333333333333333,True,0.625,201611
1,2009,106.91489361702128,107.0507960576194,202.0,348.0,95.0,196.0,387.0,1316.0,1319.0,190.0,89.0,46.0,84.0,291.0,1412.0,1407.0,174.0,838.0,105.0,0.5376923076923077,0.3539518900343643,0.5659875996457041,90.77077651786996,0.308237378210806,15.268996960486325,16.4579226686884,697.0,0.5857988165680473,0.7204472843450479,0.5804597701149425,False,0.2632450331125828,201611
2,2011,110.3030303030303,114.54545454545456,20.0,43.0,7.0,31.0,32.0,165.0,165.0,30.0,15.0,8.0,12.0,27.0,189.0,182.0,18.0,115.0,14.0,0.5769230769230769,0.5185185185185185,0.4929577464788732,88.87226482139518,0.3028169014084507,16.133333333333333,16.272727272727273,89.0,0.3793103448275862,0.5617977528089888,0.4651162790697674,True,0.3076923076923077,201611
3,2011,109.6938775510204,89.23076923076923,36.0,61.0,19.0,36.0,43.0,196.0,195.0,41.0,16.0,10.0,13.0,33.0,174.0,215.0,42.0,152.0,12.0,0.5269607843137255,0.4242424242424242,0.5081081081081081,91.21010853717804,0.3297297297297297,16.270408163265305,15.302564102564103,103.0,0.5555555555555556,0.7090909090909091,0.5901639344262295,False,0.41,201611
