index,year,ortg,drtg,AtRimFGM,AtRimFGA,AtRimAssists,Turnovers,FTA,OffPoss,DefPoss,TwoPtAssists,Steals,BadPassSteals,ThreePtAssists,FG3A,OpponentPoints,Points,SecondChancePoints,FG2A,LiveBallTurnovers,TsPct,Fg3Pct,AtRimFG3AFrequency,Pace,AtRimFrequency,SecondsPerPossOff,SecondsPerPossDef,Minutes,DefAtRimReboundPct,DefFGReboundPct,AtRimAccuracy,player_on,OffFGReboundPct,nba_id
0,2009,102.4390243902439,87.17948717948718,8.0,12.0,4.0,7.0,12.0,41.0,39.0,7.0,2.0,2.0,2.0,7.0,34.0,42.0,10.0,25.0,2.0,0.5675675675675675,0.2857142857142857,0.59375,101.76678445229682,0.375,14.073170731707316,14.23076923076923,19.0,0.8888888888888888,0.7037037037037037,0.6666666666666666,True,0.4375,201605
1,2009,109.64507190922284,106.84370458448936,1329.0,2180.0,716.0,1087.0,1746.0,7579.0,7569.0,1312.0,519.0,313.0,566.0,1709.0,8087.0,8310.0,1091.0,5086.0,521.0,0.5472972972972973,0.3668812170860152,0.5723325974981605,92.2221470608131,0.3208241353936718,15.854994062541232,15.373629277315365,3942.0,0.6334269662921348,0.7345890410958904,0.6096330275229358,False,0.2841037204058624,201605
2,2010,108.4033613445378,98.45422116527944,152.0,231.0,99.0,135.0,218.0,833.0,841.0,166.0,84.0,62.0,53.0,185.0,828.0,903.0,112.0,542.0,64.0,0.5437956204379562,0.3135135135135135,0.5722145804676754,97.52639883481004,0.3177441540577717,14.942376950780313,14.589774078478005,412.0,0.5811965811965812,0.6682926829268293,0.658008658008658,True,0.3261455525606469,201605
3,2010,112.012987012987,102.22190772714409,1301.0,1982.0,786.0,1038.0,1763.0,7084.0,7066.0,1399.0,637.0,401.0,485.0,1505.0,7223.0,7935.0,986.0,4729.0,533.0,0.564,0.3720930232558139,0.5593519409688803,95.8225758665933,0.3179339108116779,15.115471485036702,14.939852816303423,3544.0,0.6124338624338624,0.7025966183574879,0.6564076690211907,False,0.2855787476280835,201605
