index,year,ortg,drtg,AtRimFGM,AtRimFGA,AtRimAssists,Turnovers,FTA,OffPoss,DefPoss,TwoPtAssists,Steals,BadPassSteals,ThreePtAssists,FG3A,OpponentPoints,Points,SecondChancePoints,FG2A,LiveBallTurnovers,TsPct,Fg3Pct,AtRimFG3AFrequency,Pace,AtRimFrequency,SecondsPerPossOff,SecondsPerPossDef,Minutes,DefAtRimReboundPct,DefFGReboundPct,AtRimAccuracy,player_on,OffFGReboundPct,nba_id
0,2016,101.29032258064515,103.3112582781457,24.0,41.0,13.0,28.0,43.0,155.0,151.0,19.0,7.0,4.0,9.0,40.0,156.0,157.0,24.0,89.0,11.0,0.5268456375838926,0.275,0.627906976744186,96.31475409836064,0.3178294573643411,13.929032258064517,16.0,76.0,0.6111111111111112,0.6829268292682927,0.5853658536585366,True,0.3333333333333333,201627
1,2016,113.34622823984526,107.7720207253886,281.0,451.0,137.0,223.0,452.0,1551.0,1544.0,228.0,132.0,88.0,113.0,408.0,1664.0,1758.0,252.0,984.0,136.0,0.5489949748743719,0.3382352941176471,0.6170977011494253,94.29387496033006,0.3239942528735632,14.949709864603484,15.594559585492227,788.0,0.7156862745098039,0.7452830188679245,0.623059866962306,False,0.3378016085790885,201627
2,2017,110.34482758620688,110.52631578947368,5.0,11.0,3.0,12.0,12.0,58.0,57.0,10.0,1.0,1.0,7.0,14.0,63.0,64.0,5.0,32.0,9.0,0.6274509803921569,0.5714285714285714,0.5434782608695652,95.83333333333331,0.2391304347826087,14.758620689655173,15.298245614035087,29.0,1.0,0.8518518518518519,0.4545454545454545,True,0.2083333333333333,201627
3,2017,103.83064516129032,111.17764471057885,95.0,154.0,43.0,80.0,107.0,496.0,501.0,74.0,42.0,32.0,29.0,127.0,557.0,515.0,76.0,322.0,40.0,0.5151209677419355,0.2677165354330709,0.6258351893095768,92.31481481481482,0.3429844097995546,15.612903225806452,15.584830339321355,259.0,0.6551724137931034,0.7385892116182573,0.6168831168831169,False,0.3130081300813008,201627
