index,year,ortg,drtg,AtRimFGM,AtRimFGA,AtRimAssists,Turnovers,FTA,OffPoss,DefPoss,TwoPtAssists,Steals,BadPassSteals,ThreePtAssists,FG3A,OpponentPoints,Points,SecondChancePoints,FG2A,LiveBallTurnovers,TsPct,Fg3Pct,AtRimFG3AFrequency,Pace,AtRimFrequency,SecondsPerPossOff,SecondsPerPossDef,Minutes,DefAtRimReboundPct,DefFGReboundPct,AtRimAccuracy,player_on,OffFGReboundPct,nba_id
0,2009,126.08695652173913,89.58333333333333,9.0,18.0,3.0,4.0,15.0,46.0,48.0,4.0,6.0,4.0,6.0,12.0,43.0,58.0,12.0,38.0,2.0,0.5272727272727272,0.5,0.6,90.11984021304926,0.36,14.391304347826088,17.5,25.0,1.0,0.7222222222222222,0.5,True,0.4137931034482758,201616
1,2009,103.122289679098,114.24870466321244,158.0,273.0,67.0,166.0,305.0,1153.0,1158.0,164.0,81.0,41.0,76.0,256.0,1323.0,1189.0,145.0,742.0,91.0,0.5215669014084507,0.359375,0.530060120240481,85.0718339383404,0.2735470941883767,16.14570685169124,17.704663212435232,652.0,0.5454545454545454,0.6774193548387096,0.5787545787545788,False,0.2522686025408348,201616
