index,year,ortg,drtg,AtRimFGM,AtRimFGA,AtRimAssists,Turnovers,FTA,OffPoss,DefPoss,TwoPtAssists,Steals,BadPassSteals,ThreePtAssists,FG3A,OpponentPoints,Points,SecondChancePoints,FG2A,LiveBallTurnovers,TsPct,Fg3Pct,AtRimFG3AFrequency,Pace,AtRimFrequency,SecondsPerPossOff,SecondsPerPossDef,Minutes,DefAtRimReboundPct,DefFGReboundPct,AtRimAccuracy,player_on,OffFGReboundPct,nba_id
0,2010,86.36363636363636,122.72727272727272,3.0,4.0,2.0,1.0,15.0,22.0,22.0,2.0,1.0,,,6.0,27.0,19.0,,5.0,,0.5277777777777778,,0.9090909090909092,107.20812182741118,0.3636363636363636,11.454545454545457,15.409090909090908,10.0,0.4,0.2222222222222222,0.75,True,,201785
1,2010,116.23376623376625,113.35504885993484,188.0,295.0,97.0,129.0,324.0,924.0,921.0,136.0,74.0,42.0,53.0,178.0,1044.0,1074.0,120.0,608.0,59.0,0.5727272727272728,0.3595505617977528,0.6017811704834606,94.1827076464958,0.3753180661577608,15.283549783549784,15.295331161780672,470.0,0.6293103448275862,0.7035175879396985,0.6372881355932203,False,0.3214285714285714,201785
