index,year,ortg,drtg,AtRimFGM,AtRimFGA,AtRimAssists,Turnovers,FTA,OffPoss,DefPoss,TwoPtAssists,Steals,BadPassSteals,ThreePtAssists,FG3A,OpponentPoints,Points,SecondChancePoints,FG2A,LiveBallTurnovers,TsPct,Fg3Pct,AtRimFG3AFrequency,Pace,AtRimFrequency,SecondsPerPossOff,SecondsPerPossDef,Minutes,DefAtRimReboundPct,DefFGReboundPct,AtRimAccuracy,player_on,OffFGReboundPct,nba_id
0,2010,122.72727272727272,86.36363636363636,4.0,9.0,1.0,3.0,10.0,22.0,22.0,4.0,,,1.0,2.0,19.0,27.0,4.0,18.0,1.0,0.5625,0.5,0.55,107.20812182741118,0.45,15.409090909090908,11.454545454545457,10.0,1.0,1.0,0.4444444444444444,True,0.7777777777777778,201785
1,2010,113.35504885993484,116.23376623376625,177.0,294.0,101.0,129.0,325.0,921.0,924.0,179.0,59.0,24.0,54.0,172.0,1074.0,1044.0,127.0,603.0,74.0,0.5647442872687704,0.3720930232558139,0.6012903225806452,94.1827076464958,0.3793548387096774,15.295331161780672,15.283549783549784,470.0,0.5142857142857142,0.6785714285714286,0.6020408163265306,False,0.2964824120603015,201785
