index,year,ortg,drtg,AtRimFGM,AtRimFGA,AtRimAssists,Turnovers,FTA,OffPoss,DefPoss,TwoPtAssists,Steals,BadPassSteals,ThreePtAssists,FG3A,OpponentPoints,Points,SecondChancePoints,FG2A,LiveBallTurnovers,TsPct,Fg3Pct,AtRimFG3AFrequency,Pace,AtRimFrequency,SecondsPerPossOff,SecondsPerPossDef,Minutes,DefAtRimReboundPct,DefFGReboundPct,AtRimAccuracy,player_on,OffFGReboundPct,nba_id
0,2014,110.71428571428572,114.28571428571428,5.0,6.0,2.0,6.0,8.0,28.0,28.0,6.0,2.0,1.0,2.0,4.0,32.0,31.0,2.0,16.0,3.0,0.6458333333333334,0.5,0.5,90.70866141732284,0.3,14.964285714285714,16.785714285714285,15.0,,0.7142857142857143,0.8333333333333334,True,0.2857142857142857,201858
1,2014,102.46710526315788,100.98522167487684,98.0,162.0,49.0,98.0,151.0,608.0,609.0,89.0,54.0,28.0,46.0,145.0,615.0,623.0,73.0,371.0,43.0,0.5289115646258503,0.3586206896551724,0.5949612403100775,90.93871620569767,0.313953488372093,16.018092105263158,15.651888341543517,321.0,0.7049180327868853,0.7634069400630915,0.6049382716049383,False,0.2704626334519573,201858
