index,year,ortg,drtg,AtRimFGM,AtRimFGA,AtRimAssists,Turnovers,FTA,OffPoss,DefPoss,TwoPtAssists,Steals,BadPassSteals,ThreePtAssists,FG3A,OpponentPoints,Points,SecondChancePoints,FG2A,LiveBallTurnovers,TsPct,Fg3Pct,AtRimFG3AFrequency,Pace,AtRimFrequency,SecondsPerPossOff,SecondsPerPossDef,Minutes,DefAtRimReboundPct,DefFGReboundPct,AtRimAccuracy,player_on,OffFGReboundPct,nba_id
0,2011,113.03273625694874,111.26934984520123,284.0,433.0,152.0,223.0,405.0,1619.0,1615.0,299.0,137.0,91.0,115.0,354.0,1797.0,1830.0,240.0,1081.0,111.0,0.5657730673316709,0.3785310734463277,0.5484320557491289,98.17974827651636,0.3017421602787456,15.18591723285979,14.146749226006191,791.0,0.5431034482758621,0.6790299572039943,0.6558891454965358,True,0.2795549374130737,201814
1,2011,106.52982059156297,113.16553727008711,1024.0,1640.0,520.0,904.0,1631.0,6187.0,6198.0,1032.0,474.0,292.0,374.0,1321.0,7014.0,6591.0,847.0,4120.0,494.0,0.5315652456882525,0.3345950037850113,0.5442014335600074,94.34842641527402,0.3014151810328984,15.844835946339098,14.68134882220071,3150.0,0.6290115532734275,0.7316436824450242,0.624390243902439,False,0.2765737874097007,201814
2,2012,102.52038547071903,98.8050784167289,229.0,374.0,140.0,206.0,412.0,1349.0,1339.0,225.0,126.0,76.0,83.0,303.0,1323.0,1383.0,175.0,847.0,98.0,0.5168792198049512,0.3069306930693069,0.5886956521739131,90.4754335935674,0.3252173913043478,15.141586360266864,16.696041822255413,713.0,0.6180555555555556,0.6820349761526232,0.6122994652406417,True,0.2861635220125786,201814
3,2012,105.10137344669718,101.56828577651928,749.0,1298.0,413.0,664.0,1383.0,4587.0,4591.0,762.0,352.0,196.0,257.0,921.0,4663.0,4821.0,644.0,3059.0,331.0,0.5209645883119705,0.3344191096634093,0.5575376884422111,88.82054866328848,0.3261306532663316,15.49182472204055,16.932476584622087,2480.0,0.6091703056768559,0.7255172413793104,0.5770416024653313,False,0.2913816689466484,201814
