index,year,ortg,drtg,AtRimFGM,AtRimFGA,AtRimAssists,Turnovers,FTA,OffPoss,DefPoss,TwoPtAssists,Steals,BadPassSteals,ThreePtAssists,FG3A,OpponentPoints,Points,SecondChancePoints,FG2A,LiveBallTurnovers,TsPct,Fg3Pct,AtRimFG3AFrequency,Pace,AtRimFrequency,SecondsPerPossOff,SecondsPerPossDef,Minutes,DefAtRimReboundPct,DefFGReboundPct,AtRimAccuracy,player_on,OffFGReboundPct,nba_id
0,2010,42.85714285714285,75.0,1.0,1.0,1.0,3.0,4.0,14.0,12.0,1.0,1.0,,,1.0,9.0,6.0,,5.0,2.0,0.375,,0.3333333333333333,121.95439739413682,0.1666666666666666,13.357142857142858,10.0,5.0,,1.0,1.0,True,,201821
1,2010,110.2457956015524,108.74352331606218,1558.0,2485.0,823.0,1162.0,1854.0,7730.0,7720.0,1374.0,634.0,393.0,500.0,1617.0,8395.0,8522.0,1085.0,5226.0,643.0,0.5549011909435938,0.3537414965986394,0.5994446880023382,93.26229391372148,0.3631448195236008,15.204010349288486,15.676943005181348,3976.0,0.5458937198067633,0.6467605633802817,0.6269617706237425,False,0.2963176064441887,201821
