index,year,ortg,drtg,AtRimFGM,AtRimFGA,AtRimAssists,Turnovers,FTA,OffPoss,DefPoss,TwoPtAssists,Steals,BadPassSteals,ThreePtAssists,FG3A,OpponentPoints,Points,SecondChancePoints,FG2A,LiveBallTurnovers,TsPct,Fg3Pct,AtRimFG3AFrequency,Pace,AtRimFrequency,SecondsPerPossOff,SecondsPerPossDef,Minutes,DefAtRimReboundPct,DefFGReboundPct,AtRimAccuracy,player_on,OffFGReboundPct,nba_id
0,2010,117.94871794871794,97.36842105263158,6.0,10.0,3.0,4.0,3.0,39.0,38.0,8.0,3.0,1.0,3.0,14.0,37.0,46.0,6.0,24.0,2.0,0.5897435897435898,0.4285714285714285,0.631578947368421,85.8869093725794,0.2631578947368421,17.23076923076923,16.289473684210527,22.0,0.5,0.8947368421052632,0.6,True,0.2222222222222222,201802
1,2010,104.17223856646162,108.0875483784866,1187.0,2035.0,579.0,1279.0,2149.0,7478.0,7493.0,1192.0,575.0,374.0,382.0,1361.0,8099.0,7790.0,1049.0,4991.0,699.0,0.5294238683127572,0.3409257898603968,0.5346347607052897,91.3217745659108,0.3203715365239294,15.846483016849424,15.690511143734152,3934.0,0.6504263093788063,0.732761360025421,0.5832923832923833,False,0.2987051206592113,201802
