index,year,ortg,drtg,AtRimFGM,AtRimFGA,AtRimAssists,Turnovers,FTA,OffPoss,DefPoss,TwoPtAssists,Steals,BadPassSteals,ThreePtAssists,FG3A,OpponentPoints,Points,SecondChancePoints,FG2A,LiveBallTurnovers,TsPct,Fg3Pct,AtRimFG3AFrequency,Pace,AtRimFrequency,SecondsPerPossOff,SecondsPerPossDef,Minutes,DefAtRimReboundPct,DefFGReboundPct,AtRimAccuracy,player_on,OffFGReboundPct,nba_id
0,2014,114.28571428571428,110.71428571428572,3.0,4.0,1.0,2.0,8.0,28.0,28.0,3.0,3.0,1.0,2.0,7.0,31.0,32.0,9.0,19.0,2.0,0.5333333333333333,0.4285714285714285,0.4230769230769231,90.70866141732284,0.1538461538461538,16.785714285714285,14.964285714285714,15.0,1.0,0.7142857142857143,0.75,True,0.2857142857142857,201858
1,2014,100.98522167487684,102.46710526315788,75.0,138.0,29.0,93.0,166.0,609.0,608.0,49.0,43.0,30.0,64.0,223.0,623.0,615.0,59.0,302.0,54.0,0.5108877721943048,0.3408071748878923,0.6876190476190476,90.93871620569767,0.2628571428571428,15.651888341543517,16.018092105263158,321.0,0.6031746031746031,0.7295373665480427,0.5434782608695652,False,0.2365930599369085,201858
