index,year,ortg,drtg,AtRimFGM,AtRimFGA,AtRimAssists,Turnovers,FTA,OffPoss,DefPoss,TwoPtAssists,Steals,BadPassSteals,ThreePtAssists,FG3A,OpponentPoints,Points,SecondChancePoints,FG2A,LiveBallTurnovers,TsPct,Fg3Pct,AtRimFG3AFrequency,Pace,AtRimFrequency,SecondsPerPossOff,SecondsPerPossDef,Minutes,DefAtRimReboundPct,DefFGReboundPct,AtRimAccuracy,player_on,OffFGReboundPct,nba_id
0,2012,92.63565891472868,114.28571428571428,41.0,69.0,24.0,37.0,61.0,258.0,259.0,41.0,17.0,13.0,7.0,46.0,296.0,239.0,23.0,183.0,19.0,0.46484375,0.1739130434782608,0.5021834061135371,86.59765034314296,0.3013100436681222,16.91860465116279,16.33976833976834,143.0,0.5769230769230769,0.6491228070175439,0.5942028985507246,True,0.2388059701492537,201880
1,2012,101.37254901960785,96.84625492772668,245.0,407.0,119.0,223.0,371.0,1530.0,1522.0,278.0,147.0,100.0,70.0,280.0,1474.0,1551.0,180.0,1034.0,112.0,0.5230352303523035,0.3035714285714285,0.5228310502283106,88.06845279842895,0.3097412480974125,15.684967320261435,17.020367936925098,832.0,0.65625,0.7309711286089239,0.601965601965602,False,0.2358757062146892,201880
2,2015,100.0,,1.0,1.0,1.0,,4.0,5.0,5.0,2.0,1.0,,,,,5.0,2.0,4.0,,0.4166666666666667,,0.25,122.03389830508476,0.25,10.8,12.8,2.0,,1.0,1.0,True,0.5,201880
3,2015,99.73753280839895,115.748031496063,59.0,92.0,32.0,48.0,81.0,381.0,381.0,51.0,29.0,17.0,25.0,100.0,441.0,380.0,61.0,249.0,26.0,0.4909090909090909,0.3,0.5501432664756447,93.76858656639892,0.2636103151862464,14.9002624671916,15.813648293963254,195.0,0.5625,0.7168674698795181,0.6413043478260869,False,0.2512820512820513,201880
