index,year,ortg,drtg,AtRimFGM,AtRimFGA,AtRimAssists,Turnovers,FTA,OffPoss,DefPoss,TwoPtAssists,Steals,BadPassSteals,ThreePtAssists,FG3A,OpponentPoints,Points,SecondChancePoints,FG2A,LiveBallTurnovers,TsPct,Fg3Pct,AtRimFG3AFrequency,Pace,AtRimFrequency,SecondsPerPossOff,SecondsPerPossDef,Minutes,DefAtRimReboundPct,DefFGReboundPct,AtRimAccuracy,player_on,OffFGReboundPct,nba_id
0,2014,37.5,73.33333333333333,,1.0,,5.0,6.0,16.0,15.0,,,,1.0,4.0,11.0,6.0,3.0,8.0,4.0,0.2,0.25,0.4166666666666667,102.6206896551724,0.0833333333333333,11.875,16.333333333333332,7.0,1.0,0.8,,True,0.2222222222222222,201964
1,2014,109.39597315436242,115.20076481835564,178.0,295.0,73.0,147.0,265.0,1043.0,1046.0,131.0,65.0,36.0,61.0,247.0,1205.0,1141.0,169.0,706.0,82.0,0.5313964386129335,0.3481781376518219,0.5687303252885625,93.58096126924872,0.3095487932843652,15.330776605944392,15.444550669216062,536.0,0.5906040268456376,0.6693069306930693,0.6033898305084746,False,0.3153846153846154,201964
