index,year,ortg,drtg,AtRimFGM,AtRimFGA,AtRimAssists,Turnovers,FTA,OffPoss,DefPoss,TwoPtAssists,Steals,BadPassSteals,ThreePtAssists,FG3A,OpponentPoints,Points,SecondChancePoints,FG2A,LiveBallTurnovers,TsPct,Fg3Pct,AtRimFG3AFrequency,Pace,AtRimFrequency,SecondsPerPossOff,SecondsPerPossDef,Minutes,DefAtRimReboundPct,DefFGReboundPct,AtRimAccuracy,player_on,OffFGReboundPct,nba_id
0,2014,101.58013544018058,103.41685649202734,326.0,559.0,159.0,351.0,548.0,2215.0,2195.0,303.0,185.0,125.0,137.0,521.0,2270.0,2250.0,289.0,1414.0,197.0,0.5151933701657458,0.3474088291746641,0.5581395348837209,90.27763956612596,0.2888888888888888,15.593227990970655,16.311617312072894,1172.0,0.56,0.6952479338842975,0.5831842576028623,True,0.2799625468164794,201979
1,2014,106.23311462755692,108.08625336927224,857.0,1394.0,453.0,811.0,1138.0,5182.0,5194.0,827.0,406.0,250.0,365.0,1210.0,5614.0,5505.0,651.0,3355.0,434.0,0.5422020162087369,0.3586776859504132,0.5704271631982475,89.30019065606005,0.3053669222343921,15.441142416055577,16.808047747400845,2789.0,0.5584615384615385,0.668762278978389,0.6147776183644189,False,0.268019884009942,201979
2,2015,94.03076923076924,101.0644959298685,214.0,371.0,107.0,305.0,398.0,1625.0,1597.0,201.0,121.0,85.0,103.0,394.0,1614.0,1528.0,176.0,970.0,190.0,0.4938431626701231,0.3020304568527919,0.5608504398826979,92.2988780138458,0.2719941348973607,15.863384615384616,15.335003130870382,838.0,0.5980392156862745,0.6897856242118537,0.5768194070080862,True,0.2706185567010309,201979
3,2015,104.7109923154026,107.39506995336444,998.0,1630.0,516.0,952.0,1253.0,5986.0,6004.0,900.0,483.0,318.0,448.0,1495.0,6448.0,6268.0,782.0,3825.0,510.0,0.5311542390194075,0.3638795986622073,0.5874060150375939,91.55001272588446,0.306390977443609,15.351653859004344,16.105429713524316,3143.0,0.6053412462908012,0.7230933713471134,0.6122699386503068,False,0.2753319357092942,201979
