index,year,ortg,drtg,AtRimFGM,AtRimFGA,AtRimAssists,Turnovers,FTA,OffPoss,DefPoss,TwoPtAssists,Steals,BadPassSteals,ThreePtAssists,FG3A,OpponentPoints,Points,SecondChancePoints,FG2A,LiveBallTurnovers,TsPct,Fg3Pct,AtRimFG3AFrequency,Pace,AtRimFrequency,SecondsPerPossOff,SecondsPerPossDef,Minutes,DefAtRimReboundPct,DefFGReboundPct,AtRimAccuracy,player_on,OffFGReboundPct,nba_id
0,2011,97.98657718120803,108.7837837837838,15.0,30.0,4.0,26.0,51.0,149.0,148.0,10.0,11.0,2.0,10.0,37.0,161.0,146.0,22.0,87.0,15.0,0.5,0.4054054054054054,0.5403225806451613,89.137140475198,0.2419354838709677,16.93959731543624,15.364864864864863,80.0,0.4210526315789473,0.625,0.5,True,0.2763157894736842,201985
1,2011,101.32890365448505,109.0,48.0,101.0,22.0,50.0,71.0,301.0,300.0,49.0,30.0,22.0,11.0,40.0,327.0,305.0,42.0,237.0,26.0,0.4934640522875817,0.35,0.5090252707581228,90.13122266194544,0.3646209386281588,16.006644518272424,15.946666666666667,160.0,0.5178571428571429,0.5789473684210527,0.4752475247524752,False,0.3376623376623376,201985
2,2012,64.28571428571429,150.0,2.0,3.0,2.0,2.0,2.0,14.0,12.0,2.0,,,,1.0,18.0,9.0,5.0,15.0,,0.2647058823529412,,0.25,95.7544757033248,0.1875,18.285714285714285,11.25,7.0,,0.6666666666666666,0.6666666666666666,True,0.4166666666666667,201985
3,2012,103.7696335078534,101.04493207941483,152.0,258.0,60.0,164.0,251.0,955.0,957.0,123.0,76.0,43.0,54.0,196.0,967.0,991.0,177.0,662.0,75.0,0.5103092783505154,0.3214285714285714,0.5291375291375291,87.15945424040014,0.3006993006993007,16.967539267015706,16.076280041797283,526.0,0.6442307692307693,0.7063829787234043,0.5891472868217055,False,0.3494736842105263,201985
