index,year,ortg,drtg,AtRimFGM,AtRimFGA,AtRimAssists,Turnovers,FTA,OffPoss,DefPoss,TwoPtAssists,Steals,BadPassSteals,ThreePtAssists,FG3A,OpponentPoints,Points,SecondChancePoints,FG2A,LiveBallTurnovers,TsPct,Fg3Pct,AtRimFG3AFrequency,Pace,AtRimFrequency,SecondsPerPossOff,SecondsPerPossDef,Minutes,DefAtRimReboundPct,DefFGReboundPct,AtRimAccuracy,player_on,OffFGReboundPct,nba_id
0,2010,33.333333333333336,87.5,,,,1.0,2.0,9.0,8.0,,,,,2.0,7.0,3.0,,4.0,,0.2142857142857142,,0.3333333333333333,96.37795275590553,,14.88888888888889,15.0,4.0,,0.6,,True,,201957
1,2010,104.67289719626169,105.79439252336448,79.0,167.0,40.0,74.0,192.0,535.0,535.0,70.0,39.0,25.0,27.0,109.0,566.0,560.0,89.0,356.0,37.0,0.5045372050816697,0.3027522935779816,0.5935483870967742,90.49688711382592,0.3591397849462365,14.80747663551402,17.016822429906544,284.0,0.5238095238095238,0.6937984496124031,0.4730538922155688,False,0.3127272727272727,201957
