index,year,ortg,drtg,AtRimFGM,AtRimFGA,AtRimAssists,Turnovers,FTA,OffPoss,DefPoss,TwoPtAssists,Steals,BadPassSteals,ThreePtAssists,FG3A,OpponentPoints,Points,SecondChancePoints,FG2A,LiveBallTurnovers,TsPct,Fg3Pct,AtRimFG3AFrequency,Pace,AtRimFrequency,SecondsPerPossOff,SecondsPerPossDef,Minutes,DefAtRimReboundPct,DefFGReboundPct,AtRimAccuracy,player_on,OffFGReboundPct,nba_id
0,2014,126.00896860986548,110.71428571428572,33.0,50.0,20.0,22.0,73.0,223.0,224.0,32.0,15.0,7.0,23.0,62.0,248.0,281.0,17.0,127.0,15.0,0.6261261261261262,0.4193548387096774,0.5925925925925926,86.27261761158022,0.2645502645502645,16.47982062780269,16.901785714285715,124.0,0.6666666666666666,0.6557377049180327,0.66,True,0.2307692307692307,201977
1,2014,107.17761557177616,109.11300121506684,134.0,207.0,57.0,133.0,247.0,822.0,823.0,99.0,59.0,35.0,54.0,209.0,898.0,881.0,98.0,471.0,68.0,0.5537294563843237,0.3062200956937799,0.611764705882353,87.41281966124211,0.3044117647058823,16.82603406326034,16.121506682867558,452.0,0.6268656716417911,0.7394957983193278,0.6473429951690821,False,0.260989010989011,201977
