index,year,ortg,drtg,AtRimFGM,AtRimFGA,AtRimAssists,Turnovers,FTA,OffPoss,DefPoss,TwoPtAssists,Steals,BadPassSteals,ThreePtAssists,FG3A,OpponentPoints,Points,SecondChancePoints,FG2A,LiveBallTurnovers,TsPct,Fg3Pct,AtRimFG3AFrequency,Pace,AtRimFrequency,SecondsPerPossOff,SecondsPerPossDef,Minutes,DefAtRimReboundPct,DefFGReboundPct,AtRimAccuracy,player_on,OffFGReboundPct,nba_id
0,2015,94.04761904761904,97.59036144578312,10.0,16.0,6.0,18.0,31.0,84.0,83.0,9.0,4.0,3.0,5.0,19.0,81.0,79.0,6.0,38.0,11.0,0.5492957746478874,0.3684210526315789,0.6140350877192983,106.12533097969992,0.2807017543859649,13.095238095238097,14.048192771084338,38.0,0.75,0.8809523809523809,0.625,True,0.3225806451612903,201991
1,2015,108.78951426368543,109.34150076569678,221.0,354.0,128.0,180.0,421.0,1297.0,1306.0,199.0,97.0,71.0,111.0,375.0,1428.0,1411.0,193.0,750.0,109.0,0.5341426403641881,0.3546666666666667,0.648,97.72957188298484,0.3146666666666666,15.007710100231304,14.463246554364472,639.0,0.6666666666666666,0.7342657342657343,0.6242937853107344,False,0.2927631578947368,201991
