index,year,ortg,drtg,AtRimFGM,AtRimFGA,AtRimAssists,Turnovers,FTA,OffPoss,DefPoss,TwoPtAssists,Steals,BadPassSteals,ThreePtAssists,FG3A,OpponentPoints,Points,SecondChancePoints,FG2A,LiveBallTurnovers,TsPct,Fg3Pct,AtRimFG3AFrequency,Pace,AtRimFrequency,SecondsPerPossOff,SecondsPerPossDef,Minutes,DefAtRimReboundPct,DefFGReboundPct,AtRimAccuracy,player_on,OffFGReboundPct,nba_id
0,2011,97.7035490605428,101.88284518828452,88.0,162.0,41.0,72.0,111.0,479.0,478.0,77.0,48.0,30.0,8.0,39.0,487.0,468.0,66.0,396.0,42.0,0.4793388429752066,0.2307692307692307,0.4620689655172413,89.74212034383955,0.3724137931034483,16.515657620041754,15.57531380753138,256.0,0.6545454545454545,0.7136150234741784,0.5432098765432098,True,0.2983870967741935,201970
1,2011,110.59782608695652,109.3877551020408,126.0,229.0,60.0,98.0,255.0,736.0,735.0,123.0,56.0,30.0,37.0,118.0,804.0,814.0,157.0,539.0,52.0,0.522609819121447,0.3474576271186441,0.528158295281583,89.8168249660787,0.3485540334855403,16.214673913043477,15.850340136054422,393.0,0.5714285714285714,0.6753623188405797,0.5502183406113537,False,0.3549295774647887,201970
2,2012,100.0,75.0,1.0,3.0,,,4.0,7.0,8.0,1.0,1.0,,,2.0,6.0,7.0,4.0,7.0,,0.3181818181818182,,0.5555555555555556,89.6265560165975,0.3333333333333333,17.142857142857142,15.125,4.0,,1.0,0.3333333333333333,True,0.5714285714285714,201970
3,2012,97.19051799824408,98.33770778652668,163.0,313.0,96.0,150.0,313.0,1139.0,1143.0,203.0,98.0,54.0,32.0,169.0,1124.0,1107.0,149.0,837.0,88.0,0.4812554489973845,0.3076923076923077,0.4791252485089463,88.33785854458453,0.3111332007952286,15.949078138718171,16.651793525809275,620.0,0.6153846153846154,0.7209302325581395,0.5207667731629393,False,0.2611683848797251,201970
4,2013,97.73755656108597,113.98305084745763,42.0,76.0,15.0,46.0,59.0,221.0,236.0,26.0,11.0,4.0,9.0,40.0,269.0,216.0,47.0,162.0,22.0,0.4646017699115044,0.3,0.5742574257425742,84.23963133640554,0.3762376237623762,18.660633484162897,15.627118644067796,130.0,0.4545454545454545,0.6869565217391305,0.5526315789473685,True,0.4017857142857143,201970
5,2013,105.16173434273917,102.08044382801664,231.0,388.0,107.0,267.0,482.0,1453.0,1442.0,201.0,92.0,64.0,96.0,324.0,1472.0,1528.0,247.0,887.0,119.0,0.5301120448179272,0.3302469135802469,0.587943848059455,88.30706659888155,0.3203963666391412,16.50103234686855,16.110957004160888,787.0,0.5384615384615384,0.7420689655172413,0.595360824742268,False,0.3413173652694611,201970
