index,year,ortg,drtg,AtRimFGM,AtRimFGA,AtRimAssists,Turnovers,FTA,OffPoss,DefPoss,TwoPtAssists,Steals,BadPassSteals,ThreePtAssists,FG3A,OpponentPoints,Points,SecondChancePoints,FG2A,LiveBallTurnovers,TsPct,Fg3Pct,AtRimFG3AFrequency,Pace,AtRimFrequency,SecondsPerPossOff,SecondsPerPossDef,Minutes,DefAtRimReboundPct,DefFGReboundPct,AtRimAccuracy,player_on,OffFGReboundPct,nba_id
0,2014,112.44444444444444,100.44642857142856,37.0,55.0,18.0,27.0,66.0,225.0,224.0,35.0,21.0,15.0,20.0,51.0,225.0,253.0,24.0,138.0,13.0,0.5829493087557603,0.4509803921568627,0.5608465608465608,90.51658966820663,0.291005291005291,16.226666666666667,15.589285714285714,119.0,0.6071428571428571,0.7425742574257426,0.6727272727272727,True,0.1752577319587628,201945
1,2014,114.07407407407408,105.92592592592592,28.0,41.0,14.0,15.0,38.0,135.0,135.0,16.0,8.0,4.0,13.0,37.0,143.0,154.0,22.0,78.0,4.0,0.5789473684210527,0.4054054054054054,0.6782608695652174,88.8279643591501,0.3565217391304348,16.896296296296295,15.525925925925923,73.0,0.6666666666666666,0.7666666666666667,0.6829268292682927,False,0.2241379310344827,201945
2,2016,110.0642398286938,104.09482758620688,80.0,117.0,32.0,52.0,152.0,467.0,464.0,59.0,37.0,25.0,31.0,104.0,483.0,514.0,77.0,305.0,30.0,0.5354166666666667,0.3461538461538461,0.5403422982885085,95.63021613524502,0.2860635696821516,14.4389721627409,15.68103448275862,234.0,0.4814814814814814,0.7238493723849372,0.6837606837606838,True,0.2783018867924528,201945
3,2016,109.31372549019608,109.44625407166124,91.0,150.0,46.0,70.0,147.0,612.0,614.0,92.0,48.0,33.0,54.0,169.0,672.0,669.0,74.0,381.0,38.0,0.5422077922077922,0.3668639053254438,0.58,98.29296809754467,0.2727272727272727,14.782679738562091,14.517915309446254,299.0,0.525,0.6738461538461539,0.6066666666666667,False,0.2424242424242424,201945
