index,year,ortg,drtg,AtRimFGM,AtRimFGA,AtRimAssists,Turnovers,FTA,OffPoss,DefPoss,TwoPtAssists,Steals,BadPassSteals,ThreePtAssists,FG3A,OpponentPoints,Points,SecondChancePoints,FG2A,LiveBallTurnovers,TsPct,Fg3Pct,AtRimFG3AFrequency,Pace,AtRimFrequency,SecondsPerPossOff,SecondsPerPossDef,Minutes,DefAtRimReboundPct,DefFGReboundPct,AtRimAccuracy,player_on,OffFGReboundPct,nba_id
0,2010,101.69491525423727,114.75409836065572,11.0,21.0,5.0,6.0,24.0,59.0,61.0,8.0,4.0,2.0,2.0,6.0,70.0,60.0,8.0,46.0,1.0,0.4603174603174603,0.3333333333333333,0.5192307692307693,93.10344827586206,0.4038461538461538,15.966101694915254,14.98360655737705,31.0,0.6,0.6,0.5238095238095238,True,0.3,201958
1,2010,106.38297872340424,103.39702760084926,77.0,122.0,39.0,69.0,125.0,470.0,471.0,77.0,33.0,21.0,22.0,72.0,487.0,500.0,79.0,344.0,44.0,0.5286624203821656,0.3194444444444444,0.4663461538461538,87.85269709543569,0.2932692307692308,16.50212765957447,16.280254777070063,257.0,0.6666666666666666,0.7056277056277056,0.6311475409836066,False,0.2772727272727273,201958
2,2012,65.21739130434783,122.72727272727272,2.0,6.0,,5.0,6.0,23.0,22.0,,2.0,1.0,1.0,7.0,27.0,15.0,4.0,11.0,4.0,0.3571428571428571,0.1428571428571428,0.7222222222222222,91.13924050632912,0.3333333333333333,17.434782608695652,14.090909090909092,12.0,,0.5384615384615384,0.3333333333333333,True,0.2857142857142857,201958
3,2012,111.9533527696793,101.16959064327486,51.0,82.0,23.0,46.0,90.0,343.0,342.0,41.0,33.0,19.0,28.0,77.0,346.0,384.0,24.0,211.0,28.0,0.5825688073394495,0.4025974025974026,0.5520833333333334,91.25728559533722,0.2847222222222222,15.0466472303207,16.514619883040936,180.0,0.6888888888888889,0.7309941520467836,0.6219512195121951,False,0.1972789115646258,201958
