index,year,ortg,drtg,AtRimFGM,AtRimFGA,AtRimAssists,Turnovers,FTA,OffPoss,DefPoss,TwoPtAssists,Steals,BadPassSteals,ThreePtAssists,FG3A,OpponentPoints,Points,SecondChancePoints,FG2A,LiveBallTurnovers,TsPct,Fg3Pct,AtRimFG3AFrequency,Pace,AtRimFrequency,SecondsPerPossOff,SecondsPerPossDef,Minutes,DefAtRimReboundPct,DefFGReboundPct,AtRimAccuracy,player_on,OffFGReboundPct,nba_id
0,2010,99.3103448275862,99.3103448275862,17.0,43.0,10.0,19.0,56.0,145.0,145.0,19.0,10.0,8.0,5.0,28.0,144.0,144.0,12.0,91.0,10.0,0.4930555555555556,0.25,0.5966386554621849,91.37855579868707,0.361344537815126,15.448275862068966,16.06896551724138,76.0,0.6666666666666666,0.6956521739130435,0.3953488372093023,True,0.2535211267605634,201953
1,2010,105.0125313283208,107.78894472361809,62.0,124.0,30.0,56.0,138.0,399.0,398.0,51.0,29.0,17.0,22.0,83.0,429.0,419.0,77.0,269.0,27.0,0.5036231884057971,0.3132530120481928,0.5880681818181818,90.29740361919748,0.3522727272727273,14.576441102756892,17.321608040201006,212.0,0.4666666666666667,0.6907216494845361,0.5,False,0.3253588516746411,201953
2,2011,111.51079136690647,111.82033096926712,68.0,107.0,32.0,69.0,121.0,417.0,423.0,53.0,34.0,21.0,39.0,121.0,473.0,465.0,54.0,226.0,37.0,0.572139303482587,0.3801652892561983,0.6570605187319885,91.56699470098413,0.30835734870317,16.347721822541967,15.113475177304965,220.0,0.625,0.6683937823834197,0.6355140186915887,True,0.2790697674418604,201953
3,2011,108.58843537414964,105.27659574468083,205.0,340.0,81.0,193.0,412.0,1176.0,1175.0,162.0,82.0,57.0,46.0,218.0,1237.0,1277.0,206.0,790.0,104.0,0.5318257956448911,0.2798165137614679,0.5535714285714286,90.8842953020134,0.3373015873015873,15.801020408163266,15.887659574468085,621.0,0.6149425287356322,0.6998313659359191,0.6029411764705882,False,0.3523131672597864,201953
4,2011,111.51079136690647,111.82033096926712,68.0,107.0,32.0,69.0,121.0,417.0,423.0,53.0,34.0,21.0,39.0,121.0,473.0,465.0,54.0,226.0,37.0,0.572139303482587,0.3801652892561983,0.6570605187319885,91.56699470098413,0.30835734870317,16.347721822541967,15.113475177304965,220.0,0.625,0.6683937823834197,0.6355140186915887,True,0.2790697674418604,201953
