index,year,ortg,drtg,AtRimFGM,AtRimFGA,AtRimAssists,Turnovers,FTA,OffPoss,DefPoss,TwoPtAssists,Steals,BadPassSteals,ThreePtAssists,FG3A,OpponentPoints,Points,SecondChancePoints,FG2A,LiveBallTurnovers,TsPct,Fg3Pct,AtRimFG3AFrequency,Pace,AtRimFrequency,SecondsPerPossOff,SecondsPerPossDef,Minutes,DefAtRimReboundPct,DefFGReboundPct,AtRimAccuracy,player_on,OffFGReboundPct,nba_id
0,2010,87.5,33.333333333333336,1.0,1.0,,1.0,2.0,8.0,9.0,2.0,,,,3.0,3.0,7.0,2.0,5.0,,0.3888888888888889,,0.5,96.37795275590553,0.125,15.0,14.88888888888889,4.0,,1.0,1.0,True,0.4,201957
1,2010,105.79439252336448,104.67289719626169,84.0,147.0,46.0,77.0,137.0,535.0,535.0,83.0,37.0,17.0,40.0,132.0,560.0,566.0,85.0,349.0,39.0,0.5202205882352942,0.3409090909090909,0.58004158004158,90.49688711382592,0.3056133056133056,17.016822429906544,14.80747663551402,284.0,0.5681818181818182,0.6872727272727273,0.5714285714285714,False,0.3062015503875969,201957
