index,year,ortg,drtg,AtRimFGM,AtRimFGA,AtRimAssists,Turnovers,FTA,OffPoss,DefPoss,TwoPtAssists,Steals,BadPassSteals,ThreePtAssists,FG3A,OpponentPoints,Points,SecondChancePoints,FG2A,LiveBallTurnovers,TsPct,Fg3Pct,AtRimFG3AFrequency,Pace,AtRimFrequency,SecondsPerPossOff,SecondsPerPossDef,Minutes,DefAtRimReboundPct,DefFGReboundPct,AtRimAccuracy,player_on,OffFGReboundPct,nba_id
0,2013,94.44444444444444,113.72549019607844,8.0,12.0,4.0,14.0,20.0,54.0,51.0,5.0,2.0,2.0,,7.0,58.0,51.0,8.0,29.0,5.0,0.5666666666666667,0.2857142857142857,0.5277777777777778,97.80077619663648,0.3333333333333333,14.87037037037037,14.568627450980392,26.0,0.625,0.76,0.6666666666666666,True,0.2777777777777778,201934
1,2013,106.2821833161689,104.44674250258532,135.0,228.0,63.0,136.0,245.0,971.0,967.0,117.0,64.0,34.0,77.0,265.0,1010.0,1032.0,124.0,597.0,69.0,0.5268317853457173,0.350943396226415,0.5719257540603249,91.69744364855096,0.2645011600928074,15.397528321318228,16.01137538779731,507.0,0.6349206349206349,0.7084188911704312,0.5921052631578947,False,0.264033264033264,201934
2,2014,56.25,129.41176470588235,2.0,3.0,2.0,3.0,1.0,16.0,17.0,3.0,,,,3.0,22.0,9.0,,10.0,1.0,0.3076923076923077,,0.4615384615384615,108.24601366742596,0.2307692307692307,16.8125,10.0,7.0,1.0,0.8,0.6666666666666666,True,0.125,201934
3,2014,107.84641068447412,108.53794642857144,294.0,462.0,127.0,284.0,504.0,1797.0,1792.0,254.0,120.0,73.0,109.0,440.0,1945.0,1938.0,218.0,1093.0,160.0,0.5476460578559273,0.325,0.588388780169602,92.65090263709864,0.3013698630136986,14.86867000556483,16.217633928571427,930.0,0.6589861751152074,0.7138121546961326,0.6363636363636364,False,0.2932515337423312,201934
