index,year,ortg,drtg,AtRimFGM,AtRimFGA,AtRimAssists,Turnovers,FTA,OffPoss,DefPoss,TwoPtAssists,Steals,BadPassSteals,ThreePtAssists,FG3A,OpponentPoints,Points,SecondChancePoints,FG2A,LiveBallTurnovers,TsPct,Fg3Pct,AtRimFG3AFrequency,Pace,AtRimFrequency,SecondsPerPossOff,SecondsPerPossDef,Minutes,DefAtRimReboundPct,DefFGReboundPct,AtRimAccuracy,player_on,OffFGReboundPct,nba_id
0,2010,100.0,100.0,1.0,1.0,1.0,,,2.0,3.0,1.0,,,,,3.0,2.0,,2.0,,0.5,,0.5,133.33333333333334,0.5,11.5,10.333333333333334,1.0,,,1.0,True,,201974
1,2010,100.59171597633136,111.9047619047619,59.0,105.0,30.0,62.0,102.0,338.0,336.0,61.0,22.0,13.0,19.0,68.0,376.0,340.0,39.0,212.0,31.0,0.5169753086419753,0.2794117647058823,0.6178571428571429,84.64678178963894,0.375,17.106508875739646,16.916666666666668,191.0,0.5384615384615384,0.7114093959731543,0.5619047619047619,False,0.3006535947712418,201974
