index,year,ortg,drtg,AtRimFGM,AtRimFGA,AtRimAssists,Turnovers,FTA,OffPoss,DefPoss,TwoPtAssists,Steals,BadPassSteals,ThreePtAssists,FG3A,OpponentPoints,Points,SecondChancePoints,FG2A,LiveBallTurnovers,TsPct,Fg3Pct,AtRimFG3AFrequency,Pace,AtRimFrequency,SecondsPerPossOff,SecondsPerPossDef,Minutes,DefAtRimReboundPct,DefFGReboundPct,AtRimAccuracy,player_on,OffFGReboundPct,nba_id
0,2013,91.11111111111111,80.0,12.0,25.0,1.0,14.0,28.0,90.0,90.0,6.0,11.0,7.0,3.0,30.0,72.0,82.0,4.0,49.0,6.0,0.4456521739130434,0.2,0.6962025316455697,89.7196261682243,0.3164556962025316,16.488888888888887,15.61111111111111,48.0,0.5454545454545454,0.8,0.48,True,0.3,201944
1,2013,101.13895216400913,95.25959367945823,63.0,119.0,25.0,63.0,81.0,439.0,443.0,45.0,51.0,26.0,36.0,114.0,422.0,444.0,58.0,288.0,27.0,0.5068807339449541,0.3684210526315789,0.5796019900497512,86.45293036552992,0.2960199004975124,18.15261958997722,15.173814898419865,245.0,0.75,0.8368421052631579,0.5294117647058824,False,0.25,201944
