index,year,ortg,drtg,AtRimFGM,AtRimFGA,AtRimAssists,Turnovers,FTA,OffPoss,DefPoss,TwoPtAssists,Steals,BadPassSteals,ThreePtAssists,FG3A,OpponentPoints,Points,SecondChancePoints,FG2A,LiveBallTurnovers,TsPct,Fg3Pct,AtRimFG3AFrequency,Pace,AtRimFrequency,SecondsPerPossOff,SecondsPerPossDef,Minutes,DefAtRimReboundPct,DefFGReboundPct,AtRimAccuracy,player_on,OffFGReboundPct,nba_id
0,2012,122.72727272727272,81.81818181818181,2.0,3.0,,5.0,11.0,22.0,22.0,4.0,2.0,2.0,1.0,4.0,18.0,27.0,6.0,10.0,4.0,0.7105263157894737,0.25,0.5,114.7826086956522,0.2142857142857142,11.5,13.590909090909092,9.0,,0.625,0.6666666666666666,True,0.6,201963
1,2012,104.75737392959088,109.84848484848484,200.0,336.0,106.0,145.0,273.0,1051.0,1056.0,172.0,67.0,38.0,49.0,203.0,1160.0,1101.0,198.0,781.0,89.0,0.4945750452079566,0.3054187192118227,0.5477642276422764,89.2166549047283,0.3414634146341463,17.262607040913416,15.023674242424242,567.0,0.5393939393939394,0.6636363636363637,0.5952380952380952,False,0.3416370106761566,201963
