index,year,ortg,drtg,AtRimFGM,AtRimFGA,AtRimAssists,Turnovers,FTA,OffPoss,DefPoss,TwoPtAssists,Steals,BadPassSteals,ThreePtAssists,FG3A,OpponentPoints,Points,SecondChancePoints,FG2A,LiveBallTurnovers,TsPct,Fg3Pct,AtRimFG3AFrequency,Pace,AtRimFrequency,SecondsPerPossOff,SecondsPerPossDef,Minutes,DefAtRimReboundPct,DefFGReboundPct,AtRimAccuracy,player_on,OffFGReboundPct,nba_id
0,2011,108.7837837837838,97.98657718120803,23.0,42.0,10.0,25.0,47.0,148.0,149.0,20.0,15.0,7.0,10.0,29.0,146.0,161.0,28.0,101.0,11.0,0.5298013245033113,0.3793103448275862,0.5461538461538461,89.137140475198,0.3230769230769231,15.364864864864863,16.93959731543624,80.0,0.6,0.7236842105263158,0.5476190476190477,True,0.375,201985
1,2011,109.0,101.32890365448505,55.0,111.0,28.0,56.0,97.0,300.0,301.0,47.0,26.0,14.0,22.0,76.0,305.0,327.0,51.0,196.0,30.0,0.5158227848101266,0.3421052631578947,0.6875,90.13122266194544,0.4080882352941176,15.946666666666667,16.006644518272424,160.0,0.5294117647058824,0.6623376623376623,0.4954954954954955,False,0.4210526315789473,201985
2,2012,150.0,64.28571428571429,1.0,2.0,,,6.0,12.0,14.0,1.0,,,1.0,3.0,9.0,18.0,2.0,6.0,,0.75,0.6666666666666666,0.5555555555555556,95.7544757033248,0.2222222222222222,11.25,18.285714285714285,7.0,1.0,0.5833333333333334,0.5,True,0.3333333333333333,201985
3,2012,101.04493207941483,103.7696335078534,143.0,248.0,72.0,147.0,251.0,957.0,955.0,122.0,75.0,57.0,54.0,210.0,991.0,967.0,134.0,633.0,76.0,0.5052465897166841,0.3142857142857143,0.5432977461447213,87.15945424040014,0.2941874258600237,16.076280041797283,16.967539267015706,526.0,0.5428571428571428,0.6505263157894737,0.5766129032258065,False,0.2936170212765957,201985
