index,year,ortg,drtg,AtRimFGM,AtRimFGA,AtRimAssists,Turnovers,FTA,OffPoss,DefPoss,TwoPtAssists,Steals,BadPassSteals,ThreePtAssists,FG3A,OpponentPoints,Points,SecondChancePoints,FG2A,LiveBallTurnovers,TsPct,Fg3Pct,AtRimFG3AFrequency,Pace,AtRimFrequency,SecondsPerPossOff,SecondsPerPossDef,Minutes,DefAtRimReboundPct,DefFGReboundPct,AtRimAccuracy,player_on,OffFGReboundPct,nba_id
0,2010,116.66666666666669,28.571428571428573,1.0,2.0,1.0,2.0,2.0,6.0,7.0,1.0,,,1.0,1.0,2.0,7.0,,2.0,2.0,0.875,1.0,1.0,110.11764705882352,0.6666666666666666,18.33333333333333,8.571428571428571,3.0,1.0,1.0,0.5,True,,202068
1,2010,104.233790440687,108.10738968633706,1192.0,2043.0,581.0,1281.0,2150.0,7511.0,7524.0,1199.0,578.0,375.0,384.0,1374.0,8134.0,7829.0,1055.0,5013.0,699.0,0.529556313993174,0.3413391557496361,0.5349929544387036,91.27872169990304,0.3198684828558008,15.851684196511783,15.700159489633174,3953.0,0.6492718446601942,0.7333122429610882,0.5834557023984337,False,0.298389458272328,202068
2,2010,107.83410138248848,113.02325581395348,44.0,72.0,22.0,32.0,78.0,217.0,215.0,39.0,19.0,13.0,9.0,45.0,243.0,234.0,32.0,139.0,17.0,0.5342465753424658,0.2444444444444444,0.6358695652173914,96.1632400680167,0.391304347826087,15.35483870967742,14.590697674418603,108.0,0.7083333333333334,0.68,0.6111111111111112,True,0.3789473684210526,202068
3,2010,111.60702495708438,107.39762219286658,1461.0,2317.0,711.0,1150.0,1818.0,7573.0,7570.0,1231.0,566.0,349.0,444.0,1526.0,8130.0,8452.0,1124.0,5192.0,569.0,0.5614245698279312,0.3551769331585845,0.5720452515629652,93.95418176491116,0.3448943137838642,15.713191601743034,14.93989431968296,3868.0,0.6227064220183486,0.7403469501958589,0.6305567544238239,False,0.3032640949554896,202068
