index,year,ortg,drtg,AtRimFGM,AtRimFGA,AtRimAssists,Turnovers,FTA,OffPoss,DefPoss,TwoPtAssists,Steals,BadPassSteals,ThreePtAssists,FG3A,OpponentPoints,Points,SecondChancePoints,FG2A,LiveBallTurnovers,TsPct,Fg3Pct,AtRimFG3AFrequency,Pace,AtRimFrequency,SecondsPerPossOff,SecondsPerPossDef,Minutes,DefAtRimReboundPct,DefFGReboundPct,AtRimAccuracy,player_on,OffFGReboundPct,nba_id
0,2014,107.76942355889724,102.26130653266333,62.0,99.0,27.0,71.0,148.0,399.0,398.0,52.0,35.0,19.0,22.0,80.0,407.0,430.0,66.0,229.0,35.0,0.5691489361702128,0.375,0.5792880258899676,96.68744734625103,0.3203883495145631,15.090225563909774,14.695979899497488,198.0,0.4772727272727273,0.6428571428571429,0.6262626262626263,True,0.3144654088050314,202091
1,2014,106.92472542191268,109.77303070761016,1353.0,2210.0,670.0,1187.0,1967.0,7466.0,7490.0,1173.0,578.0,344.0,417.0,1552.0,8222.0,7983.0,1108.0,4979.0,653.0,0.537034529451591,0.3389175257731959,0.5760220486908589,95.63763932679072,0.3383861583218496,15.21484061076882,14.899332443257675,3753.0,0.593915343915344,0.7105806071323313,0.6122171945701358,False,0.2989395242189739,202091
