index,year,ortg,drtg,AtRimFGM,AtRimFGA,AtRimAssists,Turnovers,FTA,OffPoss,DefPoss,TwoPtAssists,Steals,BadPassSteals,ThreePtAssists,FG3A,OpponentPoints,Points,SecondChancePoints,FG2A,LiveBallTurnovers,TsPct,Fg3Pct,AtRimFG3AFrequency,Pace,AtRimFrequency,SecondsPerPossOff,SecondsPerPossDef,Minutes,DefAtRimReboundPct,DefFGReboundPct,AtRimAccuracy,player_on,OffFGReboundPct,nba_id
0,2015,92.95774647887325,86.3013698630137,7.0,12.0,5.0,17.0,22.0,71.0,73.0,6.0,13.0,9.0,6.0,17.0,63.0,66.0,14.0,35.0,11.0,0.532258064516129,0.4117647058823529,0.5576923076923077,95.11926605504588,0.2307692307692307,15.366197183098592,14.917808219178085,36.0,0.7142857142857143,0.7666666666666667,0.5833333333333334,True,0.2903225806451613,202077
1,2015,106.44630192502532,105.57385355966557,1444.0,2355.0,742.0,1259.0,2008.0,7896.0,7894.0,1229.0,638.0,414.0,493.0,1781.0,8334.0,8405.0,1175.0,5139.0,689.0,0.5346661540433166,0.3514879281302639,0.5976878612716763,96.19087909298588,0.3403179190751445,15.275709219858156,14.66468203699012,3940.0,0.6251482799525504,0.7297660661468136,0.6131634819532908,False,0.2951660815554955,202077
