index,year,ortg,drtg,AtRimFGM,AtRimFGA,AtRimAssists,Turnovers,FTA,OffPoss,DefPoss,TwoPtAssists,Steals,BadPassSteals,ThreePtAssists,FG3A,OpponentPoints,Points,SecondChancePoints,FG2A,LiveBallTurnovers,TsPct,Fg3Pct,AtRimFG3AFrequency,Pace,AtRimFrequency,SecondsPerPossOff,SecondsPerPossDef,Minutes,DefAtRimReboundPct,DefFGReboundPct,AtRimAccuracy,player_on,OffFGReboundPct,nba_id
0,2015,75.0,25.0,1.0,2.0,1.0,2.0,2.0,8.0,8.0,1.0,3.0,2.0,1.0,2.0,2.0,6.0,,3.0,2.0,0.5,0.5,0.8,126.5934065934066,0.4,8.125,14.625,3.0,1.0,1.0,0.5,True,,202087
1,2015,102.43362831858408,112.08053691275168,72.0,134.0,22.0,56.0,106.0,452.0,447.0,40.0,14.0,8.0,41.0,129.0,501.0,463.0,65.0,284.0,34.0,0.5021739130434782,0.3488372093023256,0.6368038740920097,91.05078070052046,0.324455205811138,14.623893805309734,17.02013422818792,237.0,0.4716981132075472,0.7136752136752137,0.5373134328358209,False,0.2541666666666666,202087
