index,year,ortg,drtg,AtRimFGM,AtRimFGA,AtRimAssists,Turnovers,FTA,OffPoss,DefPoss,TwoPtAssists,Steals,BadPassSteals,ThreePtAssists,FG3A,OpponentPoints,Points,SecondChancePoints,FG2A,LiveBallTurnovers,TsPct,Fg3Pct,AtRimFG3AFrequency,Pace,AtRimFrequency,SecondsPerPossOff,SecondsPerPossDef,Minutes,DefAtRimReboundPct,DefFGReboundPct,AtRimAccuracy,player_on,OffFGReboundPct,nba_id
0,2010,28.571428571428573,116.66666666666669,1.0,2.0,1.0,,,7.0,6.0,1.0,2.0,1.0,,2.0,7.0,2.0,,4.0,,0.1666666666666666,,0.6666666666666666,110.11764705882352,0.3333333333333333,8.571428571428571,18.33333333333333,3.0,1.0,1.0,0.5,True,,202068
1,2010,108.10738968633706,104.233790440687,1437.0,2267.0,869.0,1219.0,2090.0,7524.0,7511.0,1485.0,699.0,439.0,444.0,1431.0,7829.0,8134.0,917.0,4857.0,578.0,0.5602501737317581,0.3487071977638015,0.5881043256997456,91.27872169990304,0.3605279898218829,15.700159489633174,15.851684196511783,3953.0,0.5781990521327014,0.701610541727672,0.6338773709748566,False,0.2666877570389117,202068
2,2010,113.02325581395348,107.83410138248848,34.0,58.0,12.0,37.0,46.0,215.0,217.0,21.0,17.0,8.0,26.0,68.0,234.0,243.0,36.0,124.0,19.0,0.5789473684210527,0.4264705882352941,0.65625,96.1632400680167,0.3020833333333333,14.590697674418603,15.35483870967742,108.0,0.5925925925925926,0.6210526315789474,0.5862068965517241,True,0.32,202068
3,2010,107.39762219286658,111.60702495708438,1369.0,2248.0,655.0,1111.0,1713.0,7570.0,7573.0,1120.0,569.0,367.0,605.0,2077.0,8452.0,8130.0,1014.0,4607.0,566.0,0.5456199460916442,0.3437650457390467,0.6470676241771395,93.95418176491116,0.336325553560742,14.93989431968296,15.713191601743034,3868.0,0.5788235294117647,0.6967359050445104,0.6089857651245552,False,0.259653049804141,202068
