index,year,ortg,drtg,AtRimFGM,AtRimFGA,AtRimAssists,Turnovers,FTA,OffPoss,DefPoss,TwoPtAssists,Steals,BadPassSteals,ThreePtAssists,FG3A,OpponentPoints,Points,SecondChancePoints,FG2A,LiveBallTurnovers,TsPct,Fg3Pct,AtRimFG3AFrequency,Pace,AtRimFrequency,SecondsPerPossOff,SecondsPerPossDef,Minutes,DefAtRimReboundPct,DefFGReboundPct,AtRimAccuracy,player_on,OffFGReboundPct,nba_id
0,2010,71.42857142857143,104.16666666666669,3.0,5.0,3.0,4.0,4.0,21.0,24.0,3.0,1.0,1.0,,4.0,25.0,15.0,,14.0,1.0,0.375,0.25,0.5,108.9075630252101,0.2777777777777778,12.904761904761903,13.5,10.0,1.0,0.7777777777777778,0.6,True,0.2222222222222222,202132
1,2010,104.75361542581682,111.8585019429184,1179.0,2021.0,591.0,1041.0,1903.0,7468.0,7463.0,1225.0,541.0,358.0,433.0,1507.0,8348.0,7823.0,966.0,5108.0,563.0,0.5210095314807357,0.3470471134704711,0.5333333333333333,90.8100437142314,0.3055177626606198,15.271558650241028,16.443387377730136,3946.0,0.6026666666666667,0.7186910006293267,0.5833745670460169,False,0.2703302803219539,202132
2,2010,98.03921568627452,101.96078431372548,7.0,14.0,5.0,8.0,10.0,51.0,51.0,9.0,4.0,3.0,3.0,10.0,52.0,50.0,5.0,36.0,5.0,0.5,0.4,0.5217391304347826,96.31475409836064,0.3043478260869565,15.137254901960784,14.764705882352942,25.0,0.8571428571428571,0.7619047619047619,0.5,True,0.24,202132
3,2010,104.85164394546912,110.45734153516985,1216.0,2104.0,607.0,1024.0,1886.0,7482.0,7478.0,1229.0,563.0,360.0,335.0,1190.0,8260.0,7845.0,1032.0,5455.0,511.0,0.5229554276535939,0.3428571428571428,0.4957110609480812,91.34522017512244,0.3166290443942814,15.357123763699546,16.171837389676384,3931.0,0.579874213836478,0.705158264947245,0.5779467680608364,False,0.2729066817028475,202132
4,2010,108.53658536585364,87.17948717948718,13.0,19.0,4.0,12.0,21.0,82.0,78.0,8.0,10.0,8.0,5.0,17.0,68.0,89.0,15.0,53.0,6.0,0.5632911392405063,0.4117647058823529,0.5142857142857142,98.00085070182902,0.2714285714285714,14.560975609756095,14.833333333333334,39.0,0.2,0.5945945945945946,0.6842105263157895,True,0.25,202132
5,2010,109.808388047702,104.62690558972989,1314.0,2044.0,706.0,1103.0,2067.0,7463.0,7478.0,1314.0,559.0,329.0,445.0,1449.0,7824.0,8195.0,1093.0,5145.0,487.0,0.5432839802587702,0.3595583160800552,0.529723991507431,91.31671540560843,0.3099787685774947,15.575907811871902,15.96228938218775,3927.0,0.5751552795031056,0.6922642574816488,0.6428571428571429,False,0.3044482957827845,202132
