index,year,ortg,drtg,AtRimFGM,AtRimFGA,AtRimAssists,Turnovers,FTA,OffPoss,DefPoss,TwoPtAssists,Steals,BadPassSteals,ThreePtAssists,FG3A,OpponentPoints,Points,SecondChancePoints,FG2A,LiveBallTurnovers,TsPct,Fg3Pct,AtRimFG3AFrequency,Pace,AtRimFrequency,SecondsPerPossOff,SecondsPerPossDef,Minutes,DefAtRimReboundPct,DefFGReboundPct,AtRimAccuracy,player_on,OffFGReboundPct,nba_id
0,2010,104.16666666666669,71.42857142857143,2.0,3.0,2.0,1.0,14.0,24.0,21.0,4.0,1.0,1.0,,6.0,15.0,25.0,,10.0,1.0,0.5434782608695652,0.3333333333333333,0.5625,108.9075630252101,0.1875,13.5,12.904761904761903,10.0,1.0,0.7777777777777778,0.6666666666666666,True,0.2222222222222222,202132
1,2010,111.8585019429184,104.75361542581682,1474.0,2228.0,908.0,1137.0,2165.0,7463.0,7468.0,1372.0,563.0,365.0,459.0,1576.0,7823.0,8348.0,1048.0,4799.0,541.0,0.5666575417465097,0.3807106598984771,0.5967058823529412,90.8100437142314,0.3494901960784313,16.44365536647461,15.271290840921264,3946.0,0.5911270983213429,0.7296697196780461,0.6615798922800719,False,0.2813089993706734,202132
2,2010,101.96078431372548,98.03921568627452,10.0,17.0,6.0,8.0,15.0,51.0,51.0,8.0,5.0,3.0,3.0,11.0,50.0,52.0,2.0,28.0,4.0,0.5652173913043478,0.3636363636363636,0.717948717948718,96.31475409836064,0.4358974358974359,14.764705882352942,15.137254901960784,25.0,0.8571428571428571,0.76,0.5882352941176471,True,0.238095238095238,202132
3,2010,110.45734153516985,104.85164394546912,1392.0,2191.0,694.0,1108.0,1954.0,7478.0,7482.0,1327.0,511.0,309.0,491.0,1536.0,7845.0,8260.0,1059.0,5084.0,563.0,0.5516315294749563,0.3580729166666667,0.5629909365558913,91.34522017512244,0.3309667673716012,16.171837389676384,15.357123763699546,3931.0,0.5931818181818181,0.7270933182971525,0.6353263350068462,False,0.2948417350527549,202132
4,2010,87.17948717948718,108.53658536585364,12.0,22.0,2.0,18.0,26.0,78.0,82.0,7.0,6.0,5.0,1.0,14.0,89.0,68.0,12.0,48.0,10.0,0.4533333333333333,0.2142857142857142,0.5806451612903226,98.00085070182902,0.3548387096774194,14.833333333333334,14.560975609756095,39.0,0.6666666666666666,0.75,0.5454545454545454,True,0.4054054054054054,202132
5,2010,104.62690558972989,109.808388047702,1191.0,2002.0,600.0,1201.0,1869.0,7478.0,7463.0,1215.0,487.0,292.0,334.0,1211.0,8195.0,7824.0,1114.0,5427.0,559.0,0.5221506242448651,0.3542526837324525,0.4840313347393793,91.31671540560843,0.301596866526062,15.96228938218775,15.575907811871902,3927.0,0.6162310866574966,0.6955517042172155,0.5949050949050949,False,0.3077357425183512,202132
