index,year,ortg,drtg,AtRimFGM,AtRimFGA,AtRimAssists,Turnovers,FTA,OffPoss,DefPoss,TwoPtAssists,Steals,BadPassSteals,ThreePtAssists,FG3A,OpponentPoints,Points,SecondChancePoints,FG2A,LiveBallTurnovers,TsPct,Fg3Pct,AtRimFG3AFrequency,Pace,AtRimFrequency,SecondsPerPossOff,SecondsPerPossDef,Minutes,DefAtRimReboundPct,DefFGReboundPct,AtRimAccuracy,player_on,OffFGReboundPct,nba_id
0,2011,107.5043630017452,100.0,97.0,163.0,52.0,101.0,152.0,573.0,570.0,93.0,42.0,26.0,32.0,102.0,570.0,616.0,90.0,395.0,57.0,0.5492831541218638,0.4019607843137255,0.5331991951710262,94.06332152245972,0.3279678068410462,15.429319371727749,15.187719298245614,292.0,0.5932203389830508,0.7169117647058824,0.5950920245398773,True,0.3256704980842911,202220
1,2011,110.7481125600549,110.39264140582098,1178.0,1769.0,661.0,1087.0,1811.0,7285.0,7284.0,1317.0,602.0,398.0,448.0,1493.0,8041.0,8068.0,1069.0,5028.0,488.0,0.5490948985189249,0.3643670462156731,0.5002300260696212,94.2629918854072,0.2712774114399632,15.907206588881262,14.64552443712246,3709.0,0.647766323024055,0.731886273310914,0.6659129451667609,False,0.311734846222753,202220
