index,year,ortg,drtg,AtRimFGM,AtRimFGA,AtRimAssists,Turnovers,FTA,OffPoss,DefPoss,TwoPtAssists,Steals,BadPassSteals,ThreePtAssists,FG3A,OpponentPoints,Points,SecondChancePoints,FG2A,LiveBallTurnovers,TsPct,Fg3Pct,AtRimFG3AFrequency,Pace,AtRimFrequency,SecondsPerPossOff,SecondsPerPossDef,Minutes,DefAtRimReboundPct,DefFGReboundPct,AtRimAccuracy,player_on,OffFGReboundPct,nba_id
0,2011,96.6604823747681,99.08925318761383,74.0,133.0,33.0,100.0,124.0,539.0,549.0,68.0,44.0,23.0,36.0,125.0,544.0,521.0,80.0,348.0,51.0,0.4905123339658444,0.304,0.5454545454545454,94.17082406683896,0.281183932346723,15.272727272727272,15.309653916211293,277.0,0.647887323943662,0.6794871794871795,0.556390977443609,True,0.3231939163498099,202356
1,2011,109.5513963161022,107.5606489060872,1227.0,1963.0,699.0,970.0,1711.0,6732.0,6719.0,1184.0,616.0,361.0,448.0,1378.0,7227.0,7375.0,1081.0,4748.0,515.0,0.5320279516669093,0.3483309143686502,0.5453803460659484,87.6354044601693,0.3204374795951681,16.932412358882946,15.930049114451556,3684.0,0.5655737704918032,0.6862287429143048,0.6250636780438105,False,0.3249086479902557,202356
2,2012,94.78260869565216,98.72881355932203,33.0,66.0,13.0,28.0,48.0,230.0,236.0,32.0,17.0,7.0,8.0,41.0,233.0,218.0,31.0,179.0,13.0,0.4520833333333333,0.2926829268292683,0.4863636363636364,93.7992731339111,0.3,15.782608695652174,14.932203389830509,119.0,0.76,0.7657657657657657,0.5,True,0.2706766917293233,202356
3,2012,103.22243511583348,109.72681398990778,809.0,1460.0,418.0,967.0,1385.0,5741.0,5747.0,879.0,476.0,315.0,392.0,1440.0,6306.0,5926.0,823.0,3660.0,512.0,0.5174408413672217,0.34375,0.5686274509803921,90.13829103233329,0.2862745098039215,16.484932938512454,15.466504263093787,3059.0,0.5634441087613293,0.6763469621704241,0.5541095890410959,False,0.3123259052924791,202356
4,2012,70.0,81.81818181818181,3.0,4.0,2.0,6.0,2.0,10.0,11.0,2.0,2.0,2.0,,,9.0,7.0,,5.0,1.0,0.7,,0.8,99.47368421052632,0.8,14.6,14.363636363636363,5.0,0.3333333333333333,0.5,0.75,True,,202356
5,2012,105.69025235032164,106.6501240694789,1023.0,1755.0,506.0,928.0,1421.0,6063.0,6045.0,927.0,526.0,286.0,420.0,1382.0,6447.0,6408.0,907.0,4030.0,498.0,0.5271973466003317,0.3458755426917511,0.5796378418329637,91.1537255065978,0.3242793791574279,15.918192314035956,15.676426799007444,3188.0,0.5895522388059702,0.696085409252669,0.582905982905983,False,0.2930916552667578,202356
