index,year,ortg,drtg,AtRimFGM,AtRimFGA,AtRimAssists,Turnovers,FTA,OffPoss,DefPoss,TwoPtAssists,Steals,BadPassSteals,ThreePtAssists,FG3A,OpponentPoints,Points,SecondChancePoints,FG2A,LiveBallTurnovers,TsPct,Fg3Pct,AtRimFG3AFrequency,Pace,AtRimFrequency,SecondsPerPossOff,SecondsPerPossDef,Minutes,DefAtRimReboundPct,DefFGReboundPct,AtRimAccuracy,player_on,OffFGReboundPct,nba_id
0,2012,98.21428571428572,109.375,35.0,54.0,21.0,33.0,86.0,224.0,224.0,31.0,17.0,10.0,10.0,34.0,245.0,220.0,20.0,137.0,23.0,0.5263157894736842,0.3823529411764705,0.5146198830409356,99.95661605206074,0.3157894736842105,14.616071428571429,14.196428571428571,108.0,0.5833333333333334,0.693069306930693,0.6481481481481481,True,0.2631578947368421,202366
1,2012,101.39636608344549,104.35001679543164,975.0,1644.0,494.0,1090.0,1504.0,5944.0,5954.0,873.0,519.0,321.0,334.0,1204.0,6213.0,6027.0,813.0,3863.0,599.0,0.5226359028141934,0.3579734219269103,0.5620682849812513,92.69864629435251,0.3244523386619301,16.02035666218035,15.048874706079946,3080.0,0.5961538461538461,0.703584229390681,0.593065693430657,False,0.2910610465116279,202366
2,2015,107.4966532797858,97.32262382864792,135.0,216.0,75.0,118.0,205.0,747.0,747.0,118.0,79.0,48.0,60.0,202.0,727.0,803.0,135.0,448.0,59.0,0.538255033557047,0.3366336633663366,0.6430769230769231,93.6310223266745,0.3323076923076923,15.5809906291834,15.178045515394912,383.0,0.5483870967741935,0.7082228116710876,0.625,True,0.3215339233038348,202366
3,2015,107.3419540229885,105.28513824884791,1266.0,2079.0,690.0,1019.0,1543.0,6960.0,6944.0,1220.0,564.0,335.0,546.0,1742.0,7311.0,7471.0,1017.0,4521.0,517.0,0.537042375324301,0.3605051664753157,0.6100910106977487,92.6148679590902,0.3319495449465112,15.516091954022988,15.580501152073731,3603.0,0.6059379217273954,0.7306047648136835,0.6089466089466089,False,0.2882122399758818,202366
