index,year,ortg,drtg,AtRimFGM,AtRimFGA,AtRimAssists,Turnovers,FTA,OffPoss,DefPoss,TwoPtAssists,Steals,BadPassSteals,ThreePtAssists,FG3A,OpponentPoints,Points,SecondChancePoints,FG2A,LiveBallTurnovers,TsPct,Fg3Pct,AtRimFG3AFrequency,Pace,AtRimFrequency,SecondsPerPossOff,SecondsPerPossDef,Minutes,DefAtRimReboundPct,DefFGReboundPct,AtRimAccuracy,player_on,OffFGReboundPct,nba_id
0,2011,115.0,99.1869918699187,21.0,36.0,10.0,15.0,25.0,120.0,123.0,19.0,9.0,8.0,13.0,32.0,122.0,138.0,20.0,82.0,8.0,0.548,0.4375,0.5964912280701754,88.5425101214575,0.3157894736842105,15.6,16.910569105691057,66.0,0.7333333333333333,0.72,0.5833333333333334,True,0.3559322033898305,202395
1,2011,108.13793103448276,103.92048591938156,1270.0,2088.0,683.0,1067.0,1883.0,7250.0,7244.0,1269.0,592.0,374.0,476.0,1577.0,7528.0,7840.0,1032.0,4801.0,516.0,0.5408092324805339,0.357006975269499,0.5746315459391659,89.30528693925754,0.3273753527751646,15.789793103448275,16.45941468801767,3895.0,0.6248671625929861,0.711463633642622,0.6082375478927203,False,0.2857989919952564,202395
