index,year,ortg,drtg,AtRimFGM,AtRimFGA,AtRimAssists,Turnovers,FTA,OffPoss,DefPoss,TwoPtAssists,Steals,BadPassSteals,ThreePtAssists,FG3A,OpponentPoints,Points,SecondChancePoints,FG2A,LiveBallTurnovers,TsPct,Fg3Pct,AtRimFG3AFrequency,Pace,AtRimFrequency,SecondsPerPossOff,SecondsPerPossDef,Minutes,DefAtRimReboundPct,DefFGReboundPct,AtRimAccuracy,player_on,OffFGReboundPct,nba_id
0,2012,128.0701754385965,117.5438596491228,12.0,21.0,5.0,7.0,16.0,57.0,57.0,10.0,4.0,4.0,4.0,13.0,67.0,73.0,8.0,43.0,4.0,0.5793650793650794,0.3846153846153846,0.6071428571428571,87.6923076923077,0.375,16.228070175438596,16.614035087719298,31.0,0.6666666666666666,0.6206896551724138,0.5714285714285714,True,0.4482758620689655,202341
1,2012,102.9126213592233,109.58132045088568,184.0,331.0,88.0,179.0,313.0,1236.0,1242.0,199.0,119.0,65.0,57.0,203.0,1361.0,1272.0,154.0,885.0,87.0,0.5150162337662337,0.3694581280788177,0.4908088235294117,92.80898876404495,0.3042279411764705,15.570388349514564,15.46135265700483,641.0,0.6290322580645161,0.7574626865671642,0.5558912386706949,False,0.2762711864406779,202341
2,2013,116.2162162162162,83.78378378378379,6.0,12.0,5.0,3.0,12.0,37.0,37.0,7.0,3.0,2.0,3.0,8.0,31.0,43.0,2.0,21.0,,0.6142857142857143,0.5,0.6896551724137931,100.24459078080903,0.4137931034482758,14.135135135135137,14.594594594594597,18.0,1.0,0.7647058823529411,0.5,True,0.0769230769230769,202341
3,2013,111.48775894538606,107.76515151515152,77.0,122.0,35.0,74.0,139.0,531.0,528.0,63.0,44.0,24.0,48.0,162.0,569.0,592.0,86.0,305.0,35.0,0.553875236294896,0.3518518518518518,0.6081370449678801,94.0346549916754,0.2612419700214132,15.84180790960452,14.782196969696969,270.0,0.5833333333333334,0.6821705426356589,0.6311475409836066,False,0.2806324110671936,202341
