index,year,ortg,drtg,AtRimFGM,AtRimFGA,AtRimAssists,Turnovers,FTA,OffPoss,DefPoss,TwoPtAssists,Steals,BadPassSteals,ThreePtAssists,FG3A,OpponentPoints,Points,SecondChancePoints,FG2A,LiveBallTurnovers,TsPct,Fg3Pct,AtRimFG3AFrequency,Pace,AtRimFrequency,SecondsPerPossOff,SecondsPerPossDef,Minutes,DefAtRimReboundPct,DefFGReboundPct,AtRimAccuracy,player_on,OffFGReboundPct,nba_id
0,2018,92.0,102.0,15.0,31.0,9.0,11.0,24.0,100.0,100.0,12.0,7.0,5.0,7.0,24.0,102.0,92.0,15.0,64.0,10.0,0.4646464646464646,0.3333333333333333,0.625,102.01912858661,0.3522727272727273,13.63,14.6,47.0,0.3076923076923077,0.7037037037037037,0.4838709677419355,True,0.1886792452830188,202357
1,2018,112.73712737127371,120.96774193548389,74.0,119.0,42.0,52.0,90.0,369.0,372.0,59.0,18.0,12.0,34.0,85.0,450.0,416.0,26.0,240.0,24.0,0.5730027548209367,0.4352941176470588,0.6276923076923077,92.16895568800209,0.3661538461538461,15.739837398373984,15.508064516129032,193.0,0.575,0.7663043478260869,0.6218487394957983,False,0.2574850299401197,202357
2,2021,101.72413793103448,131.66666666666666,8.0,13.0,3.0,12.0,16.0,58.0,60.0,6.0,4.0,1.0,7.0,23.0,79.0,59.0,11.0,24.0,7.0,0.5272727272727272,0.3478260869565217,0.7659574468085106,93.6198347107438,0.2765957446808511,14.637931034482758,16.1,30.0,0.7142857142857143,0.6666666666666666,0.6153846153846154,True,0.3333333333333333,202357
3,2021,96.80232558139537,114.16184971098266,37.0,69.0,19.0,44.0,65.0,344.0,346.0,41.0,25.0,14.0,32.0,120.0,395.0,333.0,34.0,190.0,23.0,0.4911504424778761,0.3333333333333333,0.6096774193548387,99.3103448275862,0.2225806451612903,15.008720930232558,13.99421965317919,167.0,0.5517241379310345,0.6568047337278107,0.5362318840579711,False,0.1968085106382978,202357
4,2022,105.0,112.9251700680272,29.0,41.0,17.0,49.0,52.0,300.0,294.0,48.0,25.0,9.0,31.0,102.0,332.0,315.0,32.0,152.0,28.0,0.5649819494584838,0.4019607843137255,0.562992125984252,95.05056117346372,0.1614173228346456,15.25,15.047619047619047,150.0,0.7777777777777778,0.7769230769230769,0.7073170731707317,True,0.2074074074074074,202357
5,2022,117.71804717498628,110.3335155822854,220.0,307.0,134.0,271.0,383.0,1823.0,1829.0,304.0,145.0,101.0,211.0,719.0,2018.0,2146.0,293.0,922.0,133.0,0.5934371523915462,0.3713490959666203,0.6252285191956124,96.7399422380015,0.1870810481413772,14.386725178277564,15.3821760524877,906.0,0.618421052631579,0.7311946902654868,0.7166123778501629,False,0.2826086956521739,202357
