index,year,ortg,drtg,AtRimFGM,AtRimFGA,AtRimAssists,Turnovers,FTA,OffPoss,DefPoss,TwoPtAssists,Steals,BadPassSteals,ThreePtAssists,FG3A,OpponentPoints,Points,SecondChancePoints,FG2A,LiveBallTurnovers,TsPct,Fg3Pct,AtRimFG3AFrequency,Pace,AtRimFrequency,SecondsPerPossOff,SecondsPerPossDef,Minutes,DefAtRimReboundPct,DefFGReboundPct,AtRimAccuracy,player_on,OffFGReboundPct,nba_id
0,2014,75.0,120.0,,1.0,,2.0,4.0,12.0,15.0,,,,,6.0,18.0,9.0,2.0,5.0,1.0,0.3461538461538461,0.1666666666666666,0.6363636363636364,112.69565217391305,0.0909090909090909,14.666666666666666,11.266666666666667,6.0,,0.3333333333333333,,True,0.3333333333333333,202338
1,2014,102.3908523908524,101.151832460733,158.0,269.0,84.0,139.0,246.0,962.0,955.0,161.0,82.0,44.0,54.0,179.0,966.0,985.0,124.0,687.0,67.0,0.5005122950819673,0.3407821229050279,0.5173210161662818,87.26031294452348,0.3106235565819861,15.801455301455302,17.208376963350787,527.0,0.58,0.7489361702127659,0.587360594795539,False,0.310126582278481,202338
2,2015,104.16666666666669,97.26027397260276,20.0,31.0,11.0,20.0,29.0,144.0,146.0,23.0,7.0,4.0,10.0,31.0,142.0,150.0,15.0,100.0,12.0,0.5173611111111112,0.3548387096774194,0.4732824427480916,96.66666666666669,0.2366412213740458,15.40277777777778,14.397260273972602,72.0,0.6875,0.7631578947368421,0.6451612903225806,True,0.2777777777777778,202338
3,2015,106.55940594059406,102.97766749379652,140.0,248.0,78.0,125.0,208.0,808.0,806.0,119.0,64.0,39.0,79.0,202.0,830.0,861.0,112.0,512.0,68.0,0.5315985130111525,0.4108910891089108,0.6302521008403361,93.79176755447942,0.3473389355742297,15.762376237623762,14.942928039702233,413.0,0.5813953488372093,0.7101449275362319,0.5645161290322581,False,0.2966751918158568,202338
4,2017,108.7719298245614,127.35042735042737,12.0,24.0,7.0,16.0,21.0,114.0,117.0,17.0,4.0,3.0,8.0,33.0,149.0,124.0,18.0,80.0,8.0,0.512396694214876,0.3333333333333333,0.504424778761062,94.0990099009901,0.2123893805309734,16.114035087719298,14.512820512820513,59.0,0.5,0.7358490566037735,0.5,True,0.3492063492063492,202338
5,2017,120.07722007722008,116.6023166023166,39.0,69.0,21.0,37.0,65.0,259.0,259.0,43.0,28.0,19.0,22.0,82.0,302.0,311.0,31.0,153.0,20.0,0.5871212121212122,0.4146341463414634,0.6425531914893617,93.4151534126487,0.2936170212765957,14.71042471042471,16.11969111969112,133.0,0.4074074074074074,0.6782608695652174,0.5652173913043478,False,0.3333333333333333,202338
