index,year,ortg,drtg,AtRimFGM,AtRimFGA,AtRimAssists,Turnovers,FTA,OffPoss,DefPoss,TwoPtAssists,Steals,BadPassSteals,ThreePtAssists,FG3A,OpponentPoints,Points,SecondChancePoints,FG2A,LiveBallTurnovers,TsPct,Fg3Pct,AtRimFG3AFrequency,Pace,AtRimFrequency,SecondsPerPossOff,SecondsPerPossDef,Minutes,DefAtRimReboundPct,DefFGReboundPct,AtRimAccuracy,player_on,OffFGReboundPct,nba_id
0,2012,57.142857142857146,87.5,1.0,2.0,,2.0,,7.0,8.0,,,,,3.0,7.0,4.0,2.0,5.0,1.0,0.25,,0.625,97.29729729729728,0.25,14.285714285714286,15.25,4.0,,0.5,0.5,True,0.5,202366
1,2012,96.92671394799056,111.7096018735363,65.0,121.0,35.0,90.0,109.0,423.0,427.0,48.0,30.0,24.0,15.0,88.0,477.0,410.0,55.0,271.0,45.0,0.5024691358024691,0.2840909090909091,0.5821727019498607,86.33093525179855,0.3370473537604457,17.30496453900709,16.060889929742387,236.0,0.7419354838709677,0.7112299465240641,0.5371900826446281,False,0.3251231527093596,202366
2,2015,55.55555555555556,100.0,,1.0,,1.0,2.0,9.0,9.0,,,,1.0,2.0,9.0,5.0,,7.0,1.0,0.25,0.5,0.3333333333333333,92.57142857142856,0.1111111111111111,13.77777777777778,17.333333333333332,5.0,,0.6,,True,0.25,202366
3,2015,102.50447227191414,106.9271758436945,76.0,133.0,38.0,85.0,123.0,559.0,563.0,85.0,45.0,30.0,44.0,142.0,602.0,573.0,65.0,348.0,59.0,0.5277264325323475,0.352112676056338,0.5612244897959183,93.39190751445088,0.2714285714285714,16.05366726296959,14.788632326820604,288.0,0.6212121212121212,0.7347670250896058,0.5714285714285714,False,0.2350746268656716,202366
