index,year,ortg,drtg,AtRimFGM,AtRimFGA,AtRimAssists,Turnovers,FTA,OffPoss,DefPoss,TwoPtAssists,Steals,BadPassSteals,ThreePtAssists,FG3A,OpponentPoints,Points,SecondChancePoints,FG2A,LiveBallTurnovers,TsPct,Fg3Pct,AtRimFG3AFrequency,Pace,AtRimFrequency,SecondsPerPossOff,SecondsPerPossDef,Minutes,DefAtRimReboundPct,DefFGReboundPct,AtRimAccuracy,player_on,OffFGReboundPct,nba_id
0,2013,97.196261682243,90.09009009009009,15.0,29.0,4.0,17.0,14.0,107.0,111.0,11.0,11.0,6.0,7.0,29.0,100.0,104.0,13.0,69.0,4.0,0.5,0.3103448275862069,0.5918367346938775,88.85366544013586,0.2959183673469387,17.38317757009346,15.072072072072071,59.0,0.8125,0.8392857142857143,0.5172413793103449,True,0.2407407407407407,202348
1,2013,100.0,93.3649289099526,60.0,115.0,22.0,60.0,95.0,422.0,422.0,40.0,51.0,27.0,32.0,115.0,394.0,422.0,49.0,268.0,29.0,0.4952830188679245,0.3391304347826087,0.6005221932114883,86.52096533067558,0.3002610966057441,17.992890995260662,15.29383886255924,234.0,0.6451612903225806,0.8268156424581006,0.5217391304347826,False,0.2633928571428571,202348
2,2014,117.3913043478261,109.48275862068964,13.0,27.0,6.0,4.0,37.0,115.0,116.0,13.0,13.0,7.0,10.0,35.0,127.0,135.0,2.0,71.0,2.0,0.5491803278688525,0.4,0.5849056603773585,98.09495723975228,0.2547169811320754,14.252173913043478,15.10344827586207,57.0,0.5625,0.5522388059701493,0.4814814814814814,True,0.135593220338983,202348
3,2014,115.28776978417268,111.75406871609404,96.0,140.0,59.0,96.0,187.0,556.0,553.0,103.0,58.0,29.0,40.0,149.0,618.0,641.0,83.0,321.0,47.0,0.5751811594202898,0.3557046979865771,0.6148936170212767,95.23287017711252,0.2978723404255319,15.483812949640289,14.755877034358049,279.0,0.6166666666666667,0.6694214876033058,0.6857142857142857,False,0.3559322033898305,202348
4,2018,105.71428571428572,85.29411764705883,8.0,13.0,5.0,5.0,12.0,35.0,34.0,9.0,5.0,3.0,,6.0,29.0,37.0,,22.0,1.0,0.5441176470588235,0.1666666666666666,0.6785714285714286,108.0,0.4642857142857143,12.857142857142858,13.823529411764708,15.0,,0.9285714285714286,0.6153846153846154,True,0.2857142857142857,202348
5,2018,108.10810810810813,107.97752808988764,161.0,232.0,90.0,119.0,166.0,888.0,890.0,144.0,78.0,54.0,77.0,281.0,961.0,960.0,117.0,523.0,72.0,0.5481651376146789,0.3309608540925267,0.6380597014925373,102.4128,0.2885572139303483,14.50900900900901,13.613483146067416,417.0,0.6790123456790124,0.7875,0.6939655172413793,False,0.2396313364055299,202348
