index,year,ortg,drtg,AtRimFGM,AtRimFGA,AtRimAssists,Turnovers,FTA,OffPoss,DefPoss,TwoPtAssists,Steals,BadPassSteals,ThreePtAssists,FG3A,OpponentPoints,Points,SecondChancePoints,FG2A,LiveBallTurnovers,TsPct,Fg3Pct,AtRimFG3AFrequency,Pace,AtRimFrequency,SecondsPerPossOff,SecondsPerPossDef,Minutes,DefAtRimReboundPct,DefFGReboundPct,AtRimAccuracy,player_on,OffFGReboundPct,nba_id
0,2014,120.0,75.0,4.0,4.0,2.0,1.0,3.0,15.0,12.0,3.0,1.0,1.0,1.0,3.0,9.0,18.0,2.0,9.0,,0.6923076923076923,0.3333333333333333,0.5833333333333334,112.69565217391305,0.3333333333333333,11.266666666666667,14.666666666666666,6.0,1.0,0.6666666666666666,1.0,True,0.6666666666666666,202338
1,2014,101.151832460733,102.3908523908524,138.0,238.0,70.0,138.0,256.0,955.0,962.0,153.0,67.0,38.0,54.0,184.0,985.0,966.0,122.0,646.0,82.0,0.5116648992576882,0.3695652173913043,0.5084337349397591,87.26031294452348,0.2867469879518072,17.208376963350787,15.801455301455302,527.0,0.6363636363636364,0.689873417721519,0.5798319327731093,False,0.251063829787234,202338
2,2015,97.26027397260276,104.16666666666669,21.0,38.0,13.0,16.0,42.0,146.0,144.0,19.0,12.0,6.0,10.0,39.0,150.0,142.0,21.0,89.0,7.0,0.4829931972789115,0.3076923076923077,0.6015625,96.66666666666669,0.296875,14.397260273972602,15.40277777777778,72.0,0.8181818181818182,0.7222222222222222,0.5526315789473685,True,0.2368421052631578,202338
3,2015,102.97766749379652,106.55940594059406,151.0,238.0,90.0,117.0,160.0,806.0,808.0,141.0,68.0,38.0,59.0,219.0,861.0,830.0,113.0,524.0,64.0,0.5079754601226993,0.319634703196347,0.6150740242261103,93.79176755447942,0.3203230148048452,14.942928039702233,15.762376237623762,413.0,0.5740740740740741,0.7033248081841432,0.634453781512605,False,0.2898550724637681,202338
4,2017,127.35042735042737,108.7719298245614,24.0,38.0,9.0,8.0,40.0,117.0,114.0,13.0,8.0,6.0,9.0,49.0,124.0,149.0,16.0,59.0,4.0,0.592741935483871,0.3469387755102041,0.8055555555555556,94.0990099009901,0.3518518518518518,14.512820512820513,16.114035087719298,59.0,0.75,0.6507936507936508,0.631578947368421,True,0.2641509433962264,202338
5,2017,116.6023166023166,120.07722007722008,36.0,63.0,17.0,43.0,67.0,259.0,259.0,29.0,20.0,15.0,28.0,85.0,311.0,302.0,37.0,138.0,28.0,0.5936254980079682,0.4352941176470588,0.6636771300448431,93.4151534126487,0.2825112107623318,16.11969111969112,14.71042471042471,133.0,0.5333333333333333,0.6666666666666666,0.5714285714285714,False,0.3217391304347826,202338
