index,year,ortg,drtg,AtRimFGM,AtRimFGA,AtRimAssists,Turnovers,FTA,OffPoss,DefPoss,TwoPtAssists,Steals,BadPassSteals,ThreePtAssists,FG3A,OpponentPoints,Points,SecondChancePoints,FG2A,LiveBallTurnovers,TsPct,Fg3Pct,AtRimFG3AFrequency,Pace,AtRimFrequency,SecondsPerPossOff,SecondsPerPossDef,Minutes,DefAtRimReboundPct,DefFGReboundPct,AtRimAccuracy,player_on,OffFGReboundPct,nba_id
0,2012,93.75,97.05882352941175,5.0,7.0,5.0,10.0,10.0,32.0,34.0,7.0,5.0,4.0,1.0,4.0,33.0,30.0,6.0,18.0,7.0,0.5576923076923077,0.25,0.5,95.13513513513514,0.3181818181818182,12.65625,17.470588235294116,17.0,0.3333333333333333,0.5,0.7142857142857143,True,0.4545454545454545,202385
1,2012,103.29278183292782,109.44219886822958,1100.0,1918.0,519.0,928.0,1508.0,6165.0,6185.0,961.0,537.0,306.0,343.0,1227.0,6769.0,6368.0,967.0,4380.0,491.0,0.5039043824701195,0.3422982885085575,0.5609060103442126,93.16799471922296,0.3420724094881398,15.993836171938362,14.919805982215037,3181.0,0.5930807248764415,0.692992213570634,0.5735140771637122,False,0.3099489795918367,202385
