index,year,ortg,drtg,AtRimFGM,AtRimFGA,AtRimAssists,Turnovers,FTA,OffPoss,DefPoss,TwoPtAssists,Steals,BadPassSteals,ThreePtAssists,FG3A,OpponentPoints,Points,SecondChancePoints,FG2A,LiveBallTurnovers,TsPct,Fg3Pct,AtRimFG3AFrequency,Pace,AtRimFrequency,SecondsPerPossOff,SecondsPerPossDef,Minutes,DefAtRimReboundPct,DefFGReboundPct,AtRimAccuracy,player_on,OffFGReboundPct,nba_id
0,2012,106.25,100.0,,3.0,,1.0,4.0,16.0,14.0,3.0,1.0,1.0,1.0,3.0,14.0,17.0,2.0,10.0,1.0,0.5666666666666667,0.6666666666666666,0.4615384615384615,94.52954048140045,0.2307692307692307,12.5,18.357142857142858,8.0,1.0,0.5,,True,0.1428571428571428,202354
1,2012,109.45812807881774,102.12976721149084,344.0,519.0,153.0,298.0,633.0,2030.0,2019.0,267.0,167.0,111.0,131.0,449.0,2062.0,2222.0,284.0,1287.0,157.0,0.5488778054862843,0.3452115812917594,0.5576036866359447,87.8321256948315,0.298963133640553,16.58768472906404,16.201089648340762,1106.0,0.6175298804780877,0.6985743380855397,0.6628131021194605,False,0.2958057395143488,202354
