index,year,ortg,drtg,AtRimFGM,AtRimFGA,AtRimAssists,Turnovers,FTA,OffPoss,DefPoss,TwoPtAssists,Steals,BadPassSteals,ThreePtAssists,FG3A,OpponentPoints,Points,SecondChancePoints,FG2A,LiveBallTurnovers,TsPct,Fg3Pct,AtRimFG3AFrequency,Pace,AtRimFrequency,SecondsPerPossOff,SecondsPerPossDef,Minutes,DefAtRimReboundPct,DefFGReboundPct,AtRimAccuracy,player_on,OffFGReboundPct,nba_id
0,2011,101.69491525423727,94.69026548672566,16.0,23.0,6.0,15.0,27.0,118.0,113.0,13.0,12.0,7.0,10.0,34.0,107.0,120.0,22.0,64.0,9.0,0.5454545454545454,0.3235294117647059,0.5816326530612245,93.96610169491524,0.2346938775510204,15.067796610169491,15.5929203539823,59.0,0.5454545454545454,0.6774193548387096,0.6956521739130435,True,0.2884615384615384,202374
1,2011,113.08907473782024,106.53820598006644,1525.0,2429.0,825.0,1126.0,2148.0,7533.0,7525.0,1364.0,613.0,379.0,467.0,1404.0,8017.0,8519.0,1120.0,5166.0,572.0,0.564625850340136,0.3774928774928774,0.5834094368340944,92.7359507313318,0.369710806697108,15.76463560334528,15.291029900332228,3897.0,0.575240128068303,0.6896651270207852,0.6278303828736106,False,0.3137609153869316,202374
2,2012,96.59574468085108,99.13793103448276,38.0,72.0,25.0,26.0,68.0,235.0,232.0,47.0,20.0,16.0,11.0,54.0,230.0,227.0,25.0,162.0,16.0,0.4612244897959183,0.2407407407407407,0.5833333333333334,91.75603765861644,0.3333333333333333,14.829787234042554,16.56896551724138,122.0,0.7083333333333334,0.7102803738317757,0.5277777777777778,True,0.2857142857142857,202374
3,2012,104.84125592001404,101.01790101790102,940.0,1600.0,528.0,844.0,1727.0,5701.0,5698.0,940.0,458.0,256.0,329.0,1170.0,5756.0,5977.0,794.0,3744.0,413.0,0.5225795115094009,0.3316239316239316,0.5636955636955637,89.08803751404335,0.3256003256003256,15.436239256270827,16.891716391716393,3071.0,0.6072664359861591,0.7159807193177605,0.5875,False,0.2904180540140584,202374
