index,year,ortg,drtg,AtRimFGM,AtRimFGA,AtRimAssists,Turnovers,FTA,OffPoss,DefPoss,TwoPtAssists,Steals,BadPassSteals,ThreePtAssists,FG3A,OpponentPoints,Points,SecondChancePoints,FG2A,LiveBallTurnovers,TsPct,Fg3Pct,AtRimFG3AFrequency,Pace,AtRimFrequency,SecondsPerPossOff,SecondsPerPossDef,Minutes,DefAtRimReboundPct,DefFGReboundPct,AtRimAccuracy,player_on,OffFGReboundPct,nba_id
0,2012,81.57894736842105,119.44444444444444,4.0,8.0,2.0,4.0,6.0,38.0,36.0,5.0,2.0,1.0,2.0,10.0,43.0,31.0,,20.0,2.0,0.4696969696969697,0.4,0.6,96.17328519855596,0.2666666666666666,15.921052631578949,13.97222222222222,18.0,,0.625,0.5,True,0.1666666666666666,202351
1,2012,111.70868347338936,106.494960806271,302.0,516.0,135.0,227.0,483.0,1785.0,1786.0,246.0,171.0,105.0,107.0,373.0,1902.0,1994.0,218.0,1196.0,123.0,0.5553072625698324,0.353887399463807,0.5666029318036966,91.0259859803158,0.3288718929254302,14.985434173669468,16.653415453527437,942.0,0.6142131979695431,0.718192627824019,0.5852713178294574,False,0.2665036674816626,202351
