index,year,ortg,drtg,AtRimFGM,AtRimFGA,AtRimAssists,Turnovers,FTA,OffPoss,DefPoss,TwoPtAssists,Steals,BadPassSteals,ThreePtAssists,FG3A,OpponentPoints,Points,SecondChancePoints,FG2A,LiveBallTurnovers,TsPct,Fg3Pct,AtRimFG3AFrequency,Pace,AtRimFrequency,SecondsPerPossOff,SecondsPerPossDef,Minutes,DefAtRimReboundPct,DefFGReboundPct,AtRimAccuracy,player_on,OffFGReboundPct,nba_id
0,2014,101.5686274509804,106.6147859922179,39.0,68.0,20.0,30.0,65.0,255.0,257.0,45.0,24.0,14.0,16.0,46.0,274.0,259.0,33.0,194.0,14.0,0.4776119402985074,0.3695652173913043,0.475,84.42459635863963,0.2833333333333333,16.83529411764706,17.276264591439688,146.0,0.5172413793103449,0.6766917293233082,0.5735294117647058,True,0.3111111111111111,202344
1,2014,102.22531293463145,99.57924263674614,119.0,202.0,64.0,111.0,185.0,719.0,713.0,116.0,58.0,30.0,38.0,139.0,710.0,735.0,93.0,498.0,54.0,0.5062413314840499,0.3237410071942446,0.5353218210361067,88.70305845915603,0.3171114599686028,15.415855354659248,17.05890603085554,387.0,0.6056338028169014,0.7735294117647059,0.5891089108910891,False,0.3103448275862069,202344
2,2018,115.45454545454544,110.71428571428572,21.0,30.0,11.0,11.0,18.0,110.0,112.0,13.0,6.0,4.0,13.0,38.0,124.0,127.0,23.0,70.0,3.0,0.5521739130434783,0.3947368421052631,0.6296296296296297,83.62019356526288,0.2777777777777778,17.927272727272726,16.526785714285715,64.0,0.6666666666666666,0.723404255319149,0.7,True,0.2592592592592592,202344
3,2018,110.7485604606526,103.6468330134357,117.0,173.0,60.0,81.0,117.0,521.0,521.0,83.0,51.0,28.0,39.0,152.0,540.0,577.0,70.0,301.0,43.0,0.5714285714285714,0.3486842105263157,0.717439293598234,91.84550407051478,0.3818984547461369,15.128598848368522,16.228406909788866,272.0,0.6111111111111112,0.7530364372469636,0.6763005780346821,False,0.2599118942731278,202344
