index,year,ortg,drtg,AtRimFGM,AtRimFGA,AtRimAssists,Turnovers,FTA,OffPoss,DefPoss,TwoPtAssists,Steals,BadPassSteals,ThreePtAssists,FG3A,OpponentPoints,Points,SecondChancePoints,FG2A,LiveBallTurnovers,TsPct,Fg3Pct,AtRimFG3AFrequency,Pace,AtRimFrequency,SecondsPerPossOff,SecondsPerPossDef,Minutes,DefAtRimReboundPct,DefFGReboundPct,AtRimAccuracy,player_on,OffFGReboundPct,nba_id
0,2016,100.64102564102564,108.86075949367088,18.0,36.0,11.0,33.0,26.0,156.0,158.0,19.0,12.0,10.0,15.0,42.0,172.0,157.0,24.0,84.0,14.0,0.572992700729927,0.4523809523809524,0.6190476190476191,92.39068246832856,0.2857142857142857,16.46153846153846,14.721518987341772,82.0,0.5833333333333334,0.696969696969697,0.5,True,0.2727272727272727,202353
1,2016,106.40921409214091,104.32718393922951,1256.0,2075.0,632.0,1191.0,1859.0,7380.0,7372.0,964.0,619.0,476.0,556.0,1914.0,7691.0,7853.0,1086.0,4553.0,638.0,0.5360378912685337,0.3526645768025078,0.6168238750579867,90.56248561172548,0.3208597494974486,16.616124661246612,15.184346174715138,3909.0,0.6321303841676368,0.7424460431654676,0.6053012048192771,False,0.2976396085204375,202353
