index,year,ortg,drtg,AtRimFGM,AtRimFGA,AtRimAssists,Turnovers,FTA,OffPoss,DefPoss,TwoPtAssists,Steals,BadPassSteals,ThreePtAssists,FG3A,OpponentPoints,Points,SecondChancePoints,FG2A,LiveBallTurnovers,TsPct,Fg3Pct,AtRimFG3AFrequency,Pace,AtRimFrequency,SecondsPerPossOff,SecondsPerPossDef,Minutes,DefAtRimReboundPct,DefFGReboundPct,AtRimAccuracy,player_on,OffFGReboundPct,nba_id
0,2011,112.81464530892448,102.34192037470726,85.0,130.0,40.0,57.0,159.0,437.0,427.0,72.0,38.0,21.0,28.0,102.0,437.0,493.0,85.0,275.0,31.0,0.546875,0.3235294117647059,0.6153846153846154,96.46146689409213,0.3448275862068966,14.608695652173912,15.255269320843093,215.0,0.5581395348837209,0.6578947368421053,0.6538461538461539,True,0.3299492385786802,202382
1,2011,103.8701445988092,111.560775435121,1166.0,1954.0,648.0,1059.0,1469.0,7054.0,7067.0,1256.0,547.0,367.0,471.0,1566.0,7884.0,7327.0,1051.0,4945.0,571.0,0.5097393497757847,0.3352490421455938,0.5406235601290125,90.34950369231588,0.3001075103670711,15.75815140345903,16.117730295740767,3751.0,0.5873925501432665,0.6787208607292289,0.5967246673490276,False,0.3006117908787541,202382
