index,year,ortg,drtg,AtRimFGM,AtRimFGA,AtRimAssists,Turnovers,FTA,OffPoss,DefPoss,TwoPtAssists,Steals,BadPassSteals,ThreePtAssists,FG3A,OpponentPoints,Points,SecondChancePoints,FG2A,LiveBallTurnovers,TsPct,Fg3Pct,AtRimFG3AFrequency,Pace,AtRimFrequency,SecondsPerPossOff,SecondsPerPossDef,Minutes,DefAtRimReboundPct,DefFGReboundPct,AtRimAccuracy,player_on,OffFGReboundPct,nba_id
0,2014,115.625,110.0,7.0,9.0,4.0,4.0,11.0,32.0,30.0,5.0,2.0,2.0,1.0,7.0,33.0,37.0,,17.0,3.0,0.6607142857142857,0.2857142857142857,0.6666666666666666,96.20689655172414,0.375,14.46875,15.5,15.0,,0.8181818181818182,0.7777777777777778,True,0.1111111111111111,202388
1,2014,103.40012143290832,104.86026731470233,244.0,395.0,113.0,254.0,433.0,1647.0,1646.0,244.0,132.0,73.0,107.0,359.0,1726.0,1703.0,202.0,1033.0,127.0,0.5349276274386406,0.3816155988857939,0.5416666666666666,88.15288518738846,0.2837643678160919,16.693989071038253,15.976306196840826,897.0,0.6242424242424243,0.7355163727959698,0.6177215189873417,False,0.246979865771812,202388
