index,year,ortg,drtg,AtRimFGM,AtRimFGA,AtRimAssists,Turnovers,FTA,OffPoss,DefPoss,TwoPtAssists,Steals,BadPassSteals,ThreePtAssists,FG3A,OpponentPoints,Points,SecondChancePoints,FG2A,LiveBallTurnovers,TsPct,Fg3Pct,AtRimFG3AFrequency,Pace,AtRimFrequency,SecondsPerPossOff,SecondsPerPossDef,Minutes,DefAtRimReboundPct,DefFGReboundPct,AtRimAccuracy,player_on,OffFGReboundPct,nba_id
0,2012,86.66666666666667,95.89041095890413,9.0,12.0,6.0,17.0,20.0,75.0,73.0,6.0,10.0,6.0,6.0,17.0,70.0,65.0,8.0,40.0,6.0,0.4924242424242424,0.3529411764705882,0.5087719298245614,91.38936535162952,0.2105263157894736,15.933333333333334,15.575342465753424,39.0,0.6666666666666666,0.5714285714285714,0.75,True,0.2121212121212121,202359
1,2012,105.33877551020409,105.37897310513448,1074.0,1849.0,576.0,1032.0,1515.0,6125.0,6135.0,1052.0,489.0,290.0,369.0,1230.0,6465.0,6452.0,906.0,4166.0,542.0,0.5292807654239525,0.3512195121951219,0.5706078576723499,93.88241300093594,0.3426612305411415,15.879510204081631,14.798044009779952,3134.0,0.5609756097560976,0.6917268548916612,0.58085451595457,False,0.3189803651395108,202359
