index,year,ortg,drtg,AtRimFGM,AtRimFGA,AtRimAssists,Turnovers,FTA,OffPoss,DefPoss,TwoPtAssists,Steals,BadPassSteals,ThreePtAssists,FG3A,OpponentPoints,Points,SecondChancePoints,FG2A,LiveBallTurnovers,TsPct,Fg3Pct,AtRimFG3AFrequency,Pace,AtRimFrequency,SecondsPerPossOff,SecondsPerPossDef,Minutes,DefAtRimReboundPct,DefFGReboundPct,AtRimAccuracy,player_on,OffFGReboundPct,nba_id
0,2012,100.0,106.25,3.0,4.0,2.0,2.0,2.0,14.0,16.0,3.0,1.0,,1.0,5.0,17.0,14.0,7.0,13.0,1.0,0.3684210526315789,0.2,0.5,94.52954048140045,0.2222222222222222,18.357142857142858,12.5,8.0,0.6666666666666666,0.8571428571428571,0.75,True,0.5,202354
1,2012,102.12976721149084,109.45812807881774,335.0,588.0,156.0,328.0,533.0,2019.0,2030.0,259.0,157.0,113.0,101.0,419.0,2222.0,2062.0,287.0,1351.0,167.0,0.5122072745391131,0.3007159904534606,0.5689265536723164,87.8321256948315,0.3322033898305084,16.201089648340762,16.58768472906404,1106.0,0.6857142857142857,0.7041942604856513,0.5697278911564626,False,0.3014256619144603,202354
