index,year,ortg,drtg,AtRimFGM,AtRimFGA,AtRimAssists,Turnovers,FTA,OffPoss,DefPoss,TwoPtAssists,Steals,BadPassSteals,ThreePtAssists,FG3A,OpponentPoints,Points,SecondChancePoints,FG2A,LiveBallTurnovers,TsPct,Fg3Pct,AtRimFG3AFrequency,Pace,AtRimFrequency,SecondsPerPossOff,SecondsPerPossDef,Minutes,DefAtRimReboundPct,DefFGReboundPct,AtRimAccuracy,player_on,OffFGReboundPct,nba_id
0,2011,104.65116279069768,90.47619047619048,4.0,7.0,2.0,7.0,8.0,43.0,42.0,6.0,6.0,,3.0,5.0,38.0,45.0,6.0,28.0,4.0,0.6081081081081081,0.6,0.3636363636363636,97.22001588562352,0.2121212121212121,15.186046511627907,14.428571428571429,21.0,0.4,0.7142857142857143,0.5714285714285714,True,0.1875,202377
1,2011,107.26349031992312,106.39582761460336,1256.0,2009.0,633.0,1019.0,1774.0,7283.0,7286.0,1350.0,542.0,353.0,392.0,1353.0,7752.0,7812.0,1043.0,5151.0,493.0,0.5341346153846154,0.3370288248337029,0.5169126691266913,89.08395293438244,0.3088868388683887,15.734587395304134,16.59429041998353,3925.0,0.5707395498392283,0.7327175208581644,0.6251866600298656,False,0.2837956204379562,202377
