index,year,ortg,drtg,AtRimFGM,AtRimFGA,AtRimAssists,Turnovers,FTA,OffPoss,DefPoss,TwoPtAssists,Steals,BadPassSteals,ThreePtAssists,FG3A,OpponentPoints,Points,SecondChancePoints,FG2A,LiveBallTurnovers,TsPct,Fg3Pct,AtRimFG3AFrequency,Pace,AtRimFrequency,SecondsPerPossOff,SecondsPerPossDef,Minutes,DefAtRimReboundPct,DefFGReboundPct,AtRimAccuracy,player_on,OffFGReboundPct,nba_id
0,2011,65.0,105.55555555555556,2.0,2.0,1.0,5.0,4.0,20.0,18.0,4.0,2.0,1.0,,2.0,19.0,13.0,2.0,11.0,2.0,0.4333333333333333,,0.3076923076923077,83.16109422492401,0.1538461538461538,19.15,15.27777777777778,11.0,,0.375,1.0,True,0.25,202377
1,2011,107.6076076076076,100.89374379344588,185.0,312.0,87.0,144.0,280.0,999.0,1007.0,162.0,75.0,40.0,53.0,242.0,1016.0,1075.0,164.0,673.0,73.0,0.5154142581888247,0.2892561983471074,0.6054644808743169,85.20559259040765,0.340983606557377,15.947947947947949,17.84508440913605,565.0,0.6071428571428571,0.7321063394683026,0.592948717948718,False,0.3346693386773547,202377
