index,year,ortg,drtg,AtRimFGM,AtRimFGA,AtRimAssists,Turnovers,FTA,OffPoss,DefPoss,TwoPtAssists,Steals,BadPassSteals,ThreePtAssists,FG3A,OpponentPoints,Points,SecondChancePoints,FG2A,LiveBallTurnovers,TsPct,Fg3Pct,AtRimFG3AFrequency,Pace,AtRimFrequency,SecondsPerPossOff,SecondsPerPossDef,Minutes,DefAtRimReboundPct,DefFGReboundPct,AtRimAccuracy,player_on,OffFGReboundPct,nba_id
0,2012,100.8298755186722,101.63934426229508,59.0,100.0,32.0,27.0,41.0,241.0,244.0,41.0,19.0,11.0,11.0,38.0,248.0,243.0,41.0,194.0,14.0,0.482,0.3421052631578947,0.5948275862068966,92.31989424983476,0.4310344827586206,14.846473029045644,16.34016393442623,126.0,0.46875,0.6984126984126984,0.59,True,0.2846153846153846,202365
1,2012,111.7084826762246,106.15199034981906,170.0,297.0,76.0,97.0,223.0,837.0,829.0,138.0,74.0,49.0,40.0,175.0,880.0,935.0,139.0,620.0,55.0,0.5195094760312151,0.2857142857142857,0.5937106918238994,88.86979070198184,0.3735849056603773,15.037037037037036,17.38118214716526,450.0,0.4803921568627451,0.6439909297052154,0.5723905723905723,False,0.352803738317757,202365
