index,year,ortg,drtg,AtRimFGM,AtRimFGA,AtRimAssists,Turnovers,FTA,OffPoss,DefPoss,TwoPtAssists,Steals,BadPassSteals,ThreePtAssists,FG3A,OpponentPoints,Points,SecondChancePoints,FG2A,LiveBallTurnovers,TsPct,Fg3Pct,AtRimFG3AFrequency,Pace,AtRimFrequency,SecondsPerPossOff,SecondsPerPossDef,Minutes,DefAtRimReboundPct,DefFGReboundPct,AtRimAccuracy,player_on,OffFGReboundPct,nba_id
0,2019,97.36842105263158,107.46268656716418,35.0,59.0,30.0,49.0,53.0,266.0,268.0,49.0,22.0,9.0,29.0,97.0,288.0,259.0,34.0,143.0,25.0,0.4904580152671756,0.3402061855670103,0.65,96.20417865632427,0.2458333333333333,14.890977443609025,15.044776119402986,133.0,0.6470588235294118,0.7076923076923077,0.5932203389830508,True,0.296551724137931,202326
1,2019,118.52631578947368,113.0457653866386,331.0,452.0,229.0,280.0,482.0,1900.0,1901.0,373.0,141.0,91.0,174.0,623.0,2149.0,2252.0,283.0,1032.0,147.0,0.6013404825737265,0.377207062600321,0.649546827794562,97.79763074669002,0.2731117824773414,13.611052631578948,15.836927932667017,933.0,0.6081081081081081,0.7225950782997763,0.7323008849557522,False,0.2876376988984088,202326
2,2021,114.40677966101696,130.76923076923077,20.0,39.0,14.0,15.0,36.0,118.0,117.0,17.0,7.0,4.0,12.0,36.0,153.0,135.0,16.0,67.0,3.0,0.5630252100840336,0.4444444444444444,0.7281553398058253,96.96275071633238,0.3786407766990291,15.245762711864408,14.452991452991451,58.0,0.3333333333333333,0.7291666666666666,0.5128205128205128,True,0.2363636363636363,202326
3,2021,121.03658536585364,115.10353227771012,238.0,359.0,105.0,188.0,415.0,1640.0,1642.0,165.0,122.0,76.0,201.0,655.0,1890.0,1985.0,173.0,799.0,97.0,0.605021432945499,0.3770992366412213,0.6973865199449794,92.2521959789186,0.2469050894085282,15.33841463414634,15.880024360535932,854.0,0.6466165413533834,0.7272727272727273,0.6629526462395543,False,0.2337837837837837,202326
4,2022,125.23364485981308,124.76190476190476,12.0,13.0,6.0,21.0,38.0,107.0,105.0,16.0,4.0,2.0,13.0,40.0,131.0,134.0,17.0,47.0,10.0,0.638095238095238,0.4,0.6091954022988506,89.60375697094219,0.1494252873563218,16.345794392523363,15.790476190476191,57.0,0.5,0.7954545454545454,0.9230769230769232,True,0.325,202326
5,2022,112.73712737127371,123.38709677419357,27.0,38.0,14.0,61.0,88.0,369.0,372.0,58.0,31.0,21.0,38.0,117.0,459.0,416.0,55.0,210.0,37.0,0.5698630136986301,0.3418803418803419,0.4740061162079511,97.06540525789138,0.1162079510703364,15.365853658536585,14.309139784946236,183.0,0.7333333333333333,0.74,0.7105263157894737,False,0.3154761904761904,202326
