index,year,ortg,drtg,AtRimFGM,AtRimFGA,AtRimAssists,Turnovers,FTA,OffPoss,DefPoss,TwoPtAssists,Steals,BadPassSteals,ThreePtAssists,FG3A,OpponentPoints,Points,SecondChancePoints,FG2A,LiveBallTurnovers,TsPct,Fg3Pct,AtRimFG3AFrequency,Pace,AtRimFrequency,SecondsPerPossOff,SecondsPerPossDef,Minutes,DefAtRimReboundPct,DefFGReboundPct,AtRimAccuracy,player_on,OffFGReboundPct,nba_id
0,2012,54.054054054054056,69.44444444444444,3.0,6.0,,7.0,4.0,37.0,36.0,1.0,6.0,4.0,1.0,15.0,25.0,20.0,2.0,15.0,3.0,0.3125,0.1333333333333333,0.7,93.85714285714285,0.2,15.45945945945946,15.22222222222222,19.0,0.8,0.7368421052631579,0.5,True,0.1428571428571428,202458
1,2012,111.21800097831404,103.6268583564777,1100.0,1716.0,620.0,888.0,1423.0,6133.0,6121.0,1045.0,484.0,271.0,481.0,1390.0,6343.0,6821.0,828.0,4043.0,486.0,0.5611065235342692,0.39568345323741,0.57169151481686,92.79427850231384,0.315847598012148,15.552095222566445,15.484234602189185,3169.0,0.6415094339622641,0.732088285229202,0.6410256410256411,False,0.2806451612903226,202458
2,2012,85.92592592592592,100.75757575757576,14.0,26.0,7.0,22.0,32.0,135.0,132.0,15.0,5.0,2.0,5.0,24.0,133.0,116.0,11.0,90.0,8.0,0.4523809523809524,0.2916666666666667,0.4385964912280701,88.9382373351839,0.2280701754385964,17.155555555555555,15.204545454545457,72.0,0.7222222222222222,0.7571428571428571,0.5384615384615384,True,0.1764705882352941,202458
3,2012,101.29421915444348,104.6002756719504,937.0,1534.0,536.0,979.0,1378.0,5795.0,5804.0,1054.0,424.0,260.0,308.0,1051.0,6071.0,5870.0,795.0,3989.0,470.0,0.5166548547129696,0.340627973358706,0.5128968253968254,89.19591790961086,0.3043650793650793,16.87264883520276,15.416953824948312,3121.0,0.6056547619047619,0.708590068865531,0.6108213820078227,False,0.2869152046783625,202458
4,2013,100.0,128.57142857142858,1.0,1.0,,,,7.0,7.0,1.0,,,1.0,3.0,9.0,7.0,2.0,6.0,,0.3888888888888889,0.3333333333333333,0.4444444444444444,76.94656488549619,0.1111111111111111,16.142857142857142,21.285714285714285,4.0,,0.4,1.0,True,0.3333333333333333,202458
5,2013,106.14911606456572,106.57373065609411,1133.0,1859.0,607.0,1144.0,1669.0,7806.0,7819.0,1384.0,648.0,399.0,520.0,1625.0,8333.0,8286.0,875.0,5258.0,698.0,0.5421211722959653,0.3723076923076923,0.5061746331541479,93.94650477248244,0.2700857184367282,14.759287727389188,15.89551093490216,3992.0,0.6032608695652174,0.7033261802575107,0.6094674556213018,False,0.2470914127423822,202458
