index,year,ortg,drtg,AtRimFGM,AtRimFGA,AtRimAssists,Turnovers,FTA,OffPoss,DefPoss,TwoPtAssists,Steals,BadPassSteals,ThreePtAssists,FG3A,OpponentPoints,Points,SecondChancePoints,FG2A,LiveBallTurnovers,TsPct,Fg3Pct,AtRimFG3AFrequency,Pace,AtRimFrequency,SecondsPerPossOff,SecondsPerPossDef,Minutes,DefAtRimReboundPct,DefFGReboundPct,AtRimAccuracy,player_on,OffFGReboundPct,nba_id
0,2012,69.44444444444444,54.054054054054056,5.0,10.0,2.0,9.0,5.0,36.0,37.0,5.0,3.0,2.0,1.0,3.0,20.0,25.0,1.0,27.0,6.0,0.390625,0.3333333333333333,0.4333333333333333,93.85714285714285,0.3333333333333333,15.22222222222222,15.45945945945946,19.0,1.0,0.8571428571428571,0.5,True,0.2631578947368421,202458
1,2012,103.6268583564777,111.21800097831404,964.0,1605.0,478.0,896.0,1228.0,6121.0,6133.0,959.0,486.0,315.0,326.0,1163.0,6821.0,6343.0,736.0,4367.0,484.0,0.5213555408970977,0.3533963886500429,0.5005424954792044,92.79427850231384,0.2902350813743218,15.484234602189185,15.552095222566445,3169.0,0.6508196721311476,0.7193548387096774,0.6006230529595016,False,0.2679117147707979,202458
2,2012,100.75757575757576,85.92592592592592,19.0,37.0,13.0,15.0,42.0,132.0,135.0,26.0,8.0,5.0,8.0,31.0,116.0,133.0,17.0,87.0,5.0,0.4852941176470588,0.2580645161290322,0.576271186440678,88.9382373351839,0.3135593220338983,15.204545454545457,17.155555555555555,72.0,0.9090909090909092,0.8235294117647058,0.5135135135135135,True,0.2428571428571428,202458
3,2012,104.6002756719504,101.29421915444348,959.0,1635.0,540.0,855.0,1753.0,5804.0,5795.0,961.0,470.0,267.0,332.0,1193.0,5870.0,6071.0,802.0,3819.0,424.0,0.5208620689655172,0.3294216261525566,0.5642458100558659,89.19591790961086,0.3262170790103751,15.416953824948312,16.87264883520276,3121.0,0.6057529610829103,0.7130847953216374,0.5865443425076453,False,0.291409931134469,202458
4,2013,128.57142857142858,100.0,,2.0,,1.0,,7.0,7.0,,,,2.0,5.0,7.0,9.0,3.0,3.0,,0.5625,0.6,0.875,76.94656488549619,0.25,21.285714285714285,16.142857142857142,4.0,,0.6666666666666666,,True,0.6,202458
5,2013,106.57373065609411,106.14911606456572,1310.0,2237.0,705.0,1201.0,2079.0,7819.0,7806.0,1254.0,698.0,418.0,549.0,1784.0,8286.0,8333.0,1114.0,5098.0,648.0,0.5316309508533299,0.3581838565022421,0.58427782621331,93.94650477248244,0.3250508573089218,15.89551093490216,14.759287727389188,3992.0,0.625,0.7529085872576178,0.5856057219490389,False,0.2966738197424893,202458
