index,year,ortg,drtg,AtRimFGM,AtRimFGA,AtRimAssists,Turnovers,FTA,OffPoss,DefPoss,TwoPtAssists,Steals,BadPassSteals,ThreePtAssists,FG3A,OpponentPoints,Points,SecondChancePoints,FG2A,LiveBallTurnovers,TsPct,Fg3Pct,AtRimFG3AFrequency,Pace,AtRimFrequency,SecondsPerPossOff,SecondsPerPossDef,Minutes,DefAtRimReboundPct,DefFGReboundPct,AtRimAccuracy,player_on,OffFGReboundPct,nba_id
0,2011,125.80645161290325,66.66666666666667,8.0,10.0,3.0,5.0,7.0,31.0,36.0,4.0,2.0,2.0,3.0,8.0,24.0,39.0,4.0,19.0,3.0,0.65,0.375,0.6666666666666666,85.68383658969805,0.3703703703703703,16.161290322580644,17.36111111111111,19.0,1.0,0.7037037037037037,0.8,True,0.2727272727272727,202419
1,2011,103.8135593220339,115.02145922746782,84.0,128.0,41.0,64.0,122.0,472.0,466.0,72.0,32.0,21.0,23.0,92.0,536.0,490.0,55.0,320.0,28.0,0.5202558635394456,0.2934782608695652,0.5339805825242718,83.61520366472699,0.3106796116504854,16.815677966101696,17.63304721030043,269.0,0.5897435897435898,0.6714975845410628,0.65625,False,0.2657657657657657,202419
