index,year,ortg,drtg,AtRimFGM,AtRimFGA,AtRimAssists,Turnovers,FTA,OffPoss,DefPoss,TwoPtAssists,Steals,BadPassSteals,ThreePtAssists,FG3A,OpponentPoints,Points,SecondChancePoints,FG2A,LiveBallTurnovers,TsPct,Fg3Pct,AtRimFG3AFrequency,Pace,AtRimFrequency,SecondsPerPossOff,SecondsPerPossDef,Minutes,DefAtRimReboundPct,DefFGReboundPct,AtRimAccuracy,player_on,OffFGReboundPct,nba_id
0,2020,136.11111111111111,102.63157894736842,6.0,7.0,2.0,6.0,5.0,36.0,38.0,3.0,3.0,2.0,8.0,16.0,39.0,49.0,4.0,15.0,,0.7424242424242424,0.625,0.7419354838709677,103.35596508244424,0.2258064516129032,13.86111111111111,14.0,17.0,0.6666666666666666,0.6842105263157895,0.8571428571428571,True,0.1538461538461538,202498
1,2020,122.911051212938,104.0650406504065,66.0,103.0,39.0,42.0,89.0,371.0,369.0,63.0,25.0,18.0,48.0,148.0,384.0,456.0,46.0,185.0,20.0,0.6135135135135135,0.4121621621621621,0.7537537537537538,101.59214415101536,0.3093093093093093,14.482479784366577,13.86449864498645,175.0,0.48,0.7616580310880829,0.6407766990291263,False,0.238095238095238,202498
