index,year,ortg,drtg,AtRimFGM,AtRimFGA,AtRimAssists,Turnovers,FTA,OffPoss,DefPoss,TwoPtAssists,Steals,BadPassSteals,ThreePtAssists,FG3A,OpponentPoints,Points,SecondChancePoints,FG2A,LiveBallTurnovers,TsPct,Fg3Pct,AtRimFG3AFrequency,Pace,AtRimFrequency,SecondsPerPossOff,SecondsPerPossDef,Minutes,DefAtRimReboundPct,DefFGReboundPct,AtRimAccuracy,player_on,OffFGReboundPct,nba_id
0,2013,109.4488188976378,75.1937984496124,22.0,31.0,11.0,17.0,32.0,127.0,129.0,19.0,5.0,4.0,13.0,30.0,97.0,139.0,20.0,77.0,9.0,0.5702479338842975,0.4666666666666667,0.5700934579439252,105.65778159931212,0.2897196261682243,14.133858267716535,13.131782945736434,58.0,0.7777777777777778,0.8266666666666667,0.7096774193548387,True,0.2962962962962963,202545
1,2013,107.81373322809787,101.71549221430456,1397.0,2288.0,771.0,1241.0,1823.0,7602.0,7578.0,1372.0,679.0,443.0,466.0,1434.0,7708.0,8196.0,1093.0,5230.0,650.0,0.5450951487536854,0.3863319386331938,0.5585234093637454,93.34716937622508,0.3433373349339736,15.358852933438568,15.493929796780153,3903.0,0.6175742574257426,0.6938885884261763,0.6105769230769231,False,0.3110144927536232,202545
