index,year,ortg,drtg,AtRimFGM,AtRimFGA,AtRimAssists,Turnovers,FTA,OffPoss,DefPoss,TwoPtAssists,Steals,BadPassSteals,ThreePtAssists,FG3A,OpponentPoints,Points,SecondChancePoints,FG2A,LiveBallTurnovers,TsPct,Fg3Pct,AtRimFG3AFrequency,Pace,AtRimFrequency,SecondsPerPossOff,SecondsPerPossDef,Minutes,DefAtRimReboundPct,DefFGReboundPct,AtRimAccuracy,player_on,OffFGReboundPct,nba_id
0,2013,75.1937984496124,109.4488188976378,14.0,23.0,6.0,10.0,24.0,129.0,127.0,17.0,9.0,3.0,5.0,34.0,139.0,97.0,11.0,79.0,5.0,0.3943089430894309,0.1764705882352941,0.504424778761062,105.65778159931212,0.2035398230088495,13.131782945736434,14.133858267716535,58.0,0.625,0.7037037037037037,0.6086956521739131,True,0.1733333333333333,202545
1,2013,101.71549221430456,107.81373322809787,1311.0,2125.0,715.0,1268.0,1594.0,7578.0,7602.0,1439.0,650.0,441.0,394.0,1421.0,8196.0,7708.0,1081.0,5383.0,679.0,0.510930418555052,0.3335679099225897,0.5211640211640212,93.34716937622508,0.3123162845385067,15.493929796780153,15.358852933438568,3903.0,0.5965909090909091,0.6889855072463769,0.6169411764705882,False,0.3061114115738237,202545
