index,year,ortg,drtg,AtRimFGM,AtRimFGA,AtRimAssists,Turnovers,FTA,OffPoss,DefPoss,TwoPtAssists,Steals,BadPassSteals,ThreePtAssists,FG3A,OpponentPoints,Points,SecondChancePoints,FG2A,LiveBallTurnovers,TsPct,Fg3Pct,AtRimFG3AFrequency,Pace,AtRimFrequency,SecondsPerPossOff,SecondsPerPossDef,Minutes,DefAtRimReboundPct,DefFGReboundPct,AtRimAccuracy,player_on,OffFGReboundPct,nba_id
0,2012,96.62921348314607,86.04651162790698,16.0,25.0,10.0,20.0,21.0,89.0,86.0,16.0,6.0,5.0,4.0,21.0,74.0,86.0,14.0,52.0,13.0,0.5182926829268293,0.2857142857142857,0.6301369863013698,91.4036996735582,0.3424657534246575,14.786516853932584,16.75581395348837,46.0,0.6,0.7659574468085106,0.64,True,0.3513513513513513,202536
1,2012,109.48422124194096,103.14358538657604,1139.0,1825.0,679.0,923.0,1473.0,5894.0,5885.0,1163.0,519.0,316.0,356.0,1130.0,6070.0,6453.0,883.0,4091.0,480.0,0.547712529873677,0.3761061946902654,0.5659835280597587,90.25909548059578,0.3495498946561961,15.455378350865288,16.453525913338996,3132.0,0.5707898658718331,0.6883029073698445,0.6241095890410959,False,0.3195837978446674,202536
