index,year,ortg,drtg,AtRimFGM,AtRimFGA,AtRimAssists,Turnovers,FTA,OffPoss,DefPoss,TwoPtAssists,Steals,BadPassSteals,ThreePtAssists,FG3A,OpponentPoints,Points,SecondChancePoints,FG2A,LiveBallTurnovers,TsPct,Fg3Pct,AtRimFG3AFrequency,Pace,AtRimFrequency,SecondsPerPossOff,SecondsPerPossDef,Minutes,DefAtRimReboundPct,DefFGReboundPct,AtRimAccuracy,player_on,OffFGReboundPct,nba_id
0,2012,82.47422680412372,79.79797979797979,13.0,21.0,7.0,17.0,21.0,97.0,99.0,14.0,9.0,6.0,3.0,18.0,79.0,80.0,13.0,64.0,7.0,0.4347826086956521,0.2777777777777778,0.4756097560975609,95.48037889039244,0.2560975609756097,14.350515463917526,15.797979797979798,49.0,0.6428571428571429,0.6885245901639344,0.6190476190476191,True,0.2307692307692307,202622
1,2012,105.40317250495704,105.56289204357874,1117.0,1741.0,562.0,954.0,1469.0,6052.0,6058.0,984.0,486.0,287.0,320.0,1118.0,6395.0,6379.0,871.0,4227.0,488.0,0.529534456866344,0.3255813953488372,0.5348924228250702,91.86614969656102,0.3257249766136576,15.73512888301388,15.614889402443051,3164.0,0.5736040609137056,0.696636925188744,0.6415852958070075,False,0.3061728395061728,202622
2,2012,122.22222222222224,85.3932584269663,24.0,28.0,13.0,9.0,36.0,90.0,89.0,18.0,12.0,5.0,3.0,10.0,76.0,110.0,17.0,61.0,4.0,0.625,0.3,0.5352112676056338,93.59477124183007,0.3943661971830985,13.72222222222222,17.06741573033708,46.0,0.5,0.627906976744186,0.8571428571428571,True,0.2727272727272727,202622
3,2012,106.04338842975208,109.12521440823328,949.0,1541.0,543.0,957.0,1641.0,5808.0,5830.0,968.0,384.0,234.0,379.0,1251.0,6362.0,6159.0,836.0,3776.0,551.0,0.5306193458594294,0.3653077537969624,0.5554008354883628,88.75218455085634,0.3065446588422518,15.931818181818182,16.516981132075472,3147.0,0.5943562610229277,0.6796847008240774,0.6158338741077223,False,0.3062200956937799,202622
