index,year,ortg,drtg,AtRimFGM,AtRimFGA,AtRimAssists,Turnovers,FTA,OffPoss,DefPoss,TwoPtAssists,Steals,BadPassSteals,ThreePtAssists,FG3A,OpponentPoints,Points,SecondChancePoints,FG2A,LiveBallTurnovers,TsPct,Fg3Pct,AtRimFG3AFrequency,Pace,AtRimFrequency,SecondsPerPossOff,SecondsPerPossDef,Minutes,DefAtRimReboundPct,DefFGReboundPct,AtRimAccuracy,player_on,OffFGReboundPct,nba_id
0,2017,137.33333333333334,105.1948051948052,21.0,27.0,7.0,6.0,17.0,75.0,77.0,11.0,7.0,6.0,10.0,26.0,81.0,103.0,16.0,45.0,2.0,0.6538461538461539,0.4230769230769231,0.7464788732394366,96.80672268907564,0.380281690140845,13.826666666666666,15.896103896103895,38.0,0.5,0.8285714285714286,0.7777777777777778,True,0.3125,202682
1,2017,112.08257437765634,121.95269860521528,271.0,449.0,180.0,232.0,356.0,1647.0,1649.0,287.0,127.0,76.0,147.0,531.0,2011.0,1846.0,210.0,982.0,131.0,0.5525841346153846,0.35969868173258,0.6477197620621282,95.73085378890256,0.2967614011896893,14.797207043108685,15.286840509399635,826.0,0.6178343949044586,0.7241867043847242,0.6035634743875279,False,0.2874845105328377,202682
