index,year,ortg,drtg,AtRimFGM,AtRimFGA,AtRimAssists,Turnovers,FTA,OffPoss,DefPoss,TwoPtAssists,Steals,BadPassSteals,ThreePtAssists,FG3A,OpponentPoints,Points,SecondChancePoints,FG2A,LiveBallTurnovers,TsPct,Fg3Pct,AtRimFG3AFrequency,Pace,AtRimFrequency,SecondsPerPossOff,SecondsPerPossDef,Minutes,DefAtRimReboundPct,DefFGReboundPct,AtRimAccuracy,player_on,OffFGReboundPct,nba_id
0,2012,82.71604938271605,104.8780487804878,26.0,47.0,10.0,29.0,32.0,162.0,164.0,13.0,17.0,11.0,9.0,37.0,172.0,134.0,14.0,96.0,16.0,0.4527027027027027,0.3513513513513513,0.631578947368421,93.56986246761014,0.3533834586466165,16.006172839506174,14.78048780487805,84.0,0.6923076923076923,0.7868852459016393,0.5531914893617021,True,0.1975308641975308,202712
1,2012,105.77491737693512,104.19130434782608,974.0,1610.0,492.0,955.0,1476.0,5749.0,5750.0,748.0,434.0,275.0,551.0,1748.0,5991.0,6081.0,829.0,3281.0,479.0,0.533121916842847,0.375858123569794,0.667727182342414,88.75586263085393,0.3201431696162259,16.416072360410507,16.032521739130434,3109.0,0.6164874551971327,0.7234347048300537,0.6049689440993788,False,0.3088774761555392,202712
2,2016,86.95652173913044,139.3939393939394,7.0,13.0,3.0,9.0,11.0,69.0,66.0,8.0,1.0,,6.0,22.0,92.0,60.0,11.0,37.0,5.0,0.46875,0.2727272727272727,0.5932203389830508,92.35154394299286,0.2203389830508474,15.797101449275363,15.37878787878788,35.0,0.8,0.8,0.5384615384615384,True,0.2058823529411764,202712
3,2016,106.6281310211946,105.6426735218509,1304.0,2211.0,598.0,1102.0,2083.0,7785.0,7780.0,992.0,573.0,368.0,588.0,2126.0,8219.0,8301.0,1208.0,4902.0,578.0,0.5204453950679416,0.3452492944496707,0.617103016505407,94.7901292000592,0.3145987478656801,15.237508028259471,15.145372750642672,3941.0,0.6597812879708383,0.7604740904079382,0.5897783808231569,False,0.3097599164926931,202712
4,2017,100.0,113.63636363636364,7.0,14.0,4.0,15.0,6.0,64.0,66.0,8.0,3.0,3.0,7.0,27.0,75.0,64.0,7.0,30.0,9.0,0.5333333333333333,0.3703703703703703,0.7192982456140351,99.62746141564662,0.2456140350877192,14.640625,14.272727272727272,31.0,0.3333333333333333,0.75,0.5,True,0.3,202712
5,2017,103.66869792314388,109.35323383084577,1456.0,2382.0,848.0,1351.0,1800.0,8041.0,8040.0,1212.0,689.0,444.0,722.0,2416.0,8792.0,8336.0,1085.0,4519.0,695.0,0.5366925064599484,0.339817880794702,0.6918529199711608,98.08769024190848,0.3434751261715933,14.735480661609252,14.62599502487562,3935.0,0.6146892655367232,0.714130729590453,0.6112510495382032,False,0.2615710129595345,202712
