index,year,ortg,drtg,AtRimFGM,AtRimFGA,AtRimAssists,Turnovers,FTA,OffPoss,DefPoss,TwoPtAssists,Steals,BadPassSteals,ThreePtAssists,FG3A,OpponentPoints,Points,SecondChancePoints,FG2A,LiveBallTurnovers,TsPct,Fg3Pct,AtRimFG3AFrequency,Pace,AtRimFrequency,SecondsPerPossOff,SecondsPerPossDef,Minutes,DefAtRimReboundPct,DefFGReboundPct,AtRimAccuracy,player_on,OffFGReboundPct,nba_id
0,2012,114.14821944177092,98.48341232227487,202.0,320.0,126.0,151.0,255.0,1039.0,1055.0,204.0,90.0,44.0,70.0,214.0,1039.0,1186.0,155.0,720.0,74.0,0.5633333333333334,0.397196261682243,0.5717344753747323,92.89750146338456,0.3426124197002141,15.409047160731472,15.591469194312795,541.0,0.5714285714285714,0.6729323308270677,0.63125,True,0.3227176220806794,202701
1,2012,105.04285429539566,107.13431646074132,907.0,1463.0,468.0,831.0,1166.0,5017.0,5018.0,811.0,409.0,244.0,307.0,1003.0,5376.0,5270.0,736.0,3412.0,454.0,0.5317573051948052,0.3559322033898305,0.5585503963759909,90.81390891208576,0.331370328425821,15.728921666334465,15.98425667596652,2652.0,0.6284779050736498,0.7147034252297411,0.619958988380041,False,0.3006396588486141,202701
2,2013,96.28318584070796,95.16129032258064,91.0,162.0,48.0,95.0,140.0,565.0,558.0,86.0,49.0,25.0,30.0,120.0,531.0,544.0,75.0,350.0,42.0,0.5093808630393997,0.3333333333333333,0.6,93.71892205157926,0.3446808510638298,15.635398230088496,15.091397849462366,288.0,0.639344262295082,0.7313432835820896,0.5617283950617284,True,0.2734082397003745,202701
3,2013,110.3305193876091,106.59811482433592,1436.0,2302.0,843.0,979.0,1550.0,6989.0,7002.0,1428.0,642.0,413.0,400.0,1411.0,7464.0,7711.0,1024.0,4926.0,496.0,0.547934472934473,0.3408929836995039,0.5859239387722898,91.1610144566865,0.3632633738362001,15.535698955501502,16.0562696372465,3683.0,0.6204663212435233,0.7107462686567164,0.6238053866203301,False,0.2942628007402837,202701
