index,year,ortg,drtg,AtRimFGM,AtRimFGA,AtRimAssists,Turnovers,FTA,OffPoss,DefPoss,TwoPtAssists,Steals,BadPassSteals,ThreePtAssists,FG3A,OpponentPoints,Points,SecondChancePoints,FG2A,LiveBallTurnovers,TsPct,Fg3Pct,AtRimFG3AFrequency,Pace,AtRimFrequency,SecondsPerPossOff,SecondsPerPossDef,Minutes,DefAtRimReboundPct,DefFGReboundPct,AtRimAccuracy,player_on,OffFGReboundPct,nba_id
0,2013,90.0,118.1818181818182,3.0,4.0,3.0,2.0,4.0,10.0,11.0,3.0,1.0,1.0,,,13.0,9.0,,6.0,,0.5625,,0.6666666666666666,106.10526315789474,0.6666666666666666,13.8,13.363636363636363,5.0,,0.6666666666666666,0.75,True,,202700
1,2013,112.18637992831542,105.956678700361,80.0,130.0,37.0,75.0,147.0,558.0,554.0,67.0,46.0,25.0,51.0,170.0,587.0,626.0,88.0,320.0,35.0,0.5575539568345323,0.3588235294117647,0.6122448979591837,94.2206531332745,0.2653061224489796,15.765232974910392,14.797833935018051,283.0,0.6052631578947368,0.6877323420074349,0.6153846153846154,False,0.2727272727272727,202700
2,2016,104.1025641025641,92.74611398963732,31.0,50.0,20.0,28.0,34.0,195.0,193.0,35.0,19.0,14.0,21.0,64.0,179.0,203.0,28.0,116.0,19.0,0.5153061224489796,0.359375,0.6333333333333333,94.76255088195389,0.2777777777777778,15.466666666666669,14.922279792746114,98.0,0.6,0.61,0.62,True,0.2941176470588235,202700
3,2016,116.83501683501684,92.64214046822742,54.0,73.0,31.0,43.0,92.0,297.0,299.0,55.0,27.0,18.0,33.0,80.0,277.0,347.0,30.0,162.0,23.0,0.6113074204946997,0.4375,0.6322314049586777,100.9219190968956,0.3016528925619834,14.508417508417509,14.03010033444816,142.0,0.6,0.7096774193548387,0.7397260273972602,False,0.2142857142857142,202700
4,2019,91.42857142857144,97.05882352941175,3.0,4.0,,8.0,3.0,35.0,34.0,4.0,,,4.0,13.0,33.0,32.0,,14.0,2.0,0.5714285714285714,0.3846153846153846,0.6296296296296297,89.51351351351352,0.1481481481481481,17.457142857142856,14.676470588235292,18.0,,0.7222222222222222,0.75,True,0.2,202700
5,2019,115.0326797385621,112.74509803921568,95.0,153.0,56.0,56.0,143.0,612.0,612.0,118.0,32.0,18.0,56.0,176.0,690.0,704.0,105.0,406.0,30.0,0.5425696594427245,0.3579545454545454,0.5652920962199313,92.52283464566928,0.2628865979381443,15.63562091503268,15.491830065359476,318.0,0.6949152542372882,0.7407407407407407,0.6209150326797386,False,0.2815533980582524,202700
