index,year,ortg,drtg,AtRimFGM,AtRimFGA,AtRimAssists,Turnovers,FTA,OffPoss,DefPoss,TwoPtAssists,Steals,BadPassSteals,ThreePtAssists,FG3A,OpponentPoints,Points,SecondChancePoints,FG2A,LiveBallTurnovers,TsPct,Fg3Pct,AtRimFG3AFrequency,Pace,AtRimFrequency,SecondsPerPossOff,SecondsPerPossDef,Minutes,DefAtRimReboundPct,DefFGReboundPct,AtRimAccuracy,player_on,OffFGReboundPct,nba_id
0,2012,77.77777777777777,80.0,1.0,1.0,,,,9.0,10.0,,2.0,2.0,1.0,2.0,8.0,7.0,,7.0,,0.3888888888888889,0.5,0.3333333333333333,98.77256317689532,0.1111111111111111,17.11111111111111,12.3,5.0,,1.0,1.0,True,,202712
1,2012,108.62470862470865,96.93396226415096,82.0,128.0,27.0,70.0,104.0,429.0,424.0,56.0,35.0,19.0,24.0,89.0,411.0,466.0,91.0,311.0,30.0,0.5236486486486487,0.3146067415730337,0.5425,85.16397420786244,0.32,17.011655011655012,16.80424528301887,240.0,0.62,0.7155555555555555,0.640625,False,0.3886255924170616,202712
