index,year,ortg,drtg,AtRimFGM,AtRimFGA,AtRimAssists,Turnovers,FTA,OffPoss,DefPoss,TwoPtAssists,Steals,BadPassSteals,ThreePtAssists,FG3A,OpponentPoints,Points,SecondChancePoints,FG2A,LiveBallTurnovers,TsPct,Fg3Pct,AtRimFG3AFrequency,Pace,AtRimFrequency,SecondsPerPossOff,SecondsPerPossDef,Minutes,DefAtRimReboundPct,DefFGReboundPct,AtRimAccuracy,player_on,OffFGReboundPct,nba_id
0,2012,98.72068230277183,103.40425531914892,75.0,136.0,37.0,78.0,135.0,469.0,470.0,70.0,34.0,20.0,22.0,110.0,486.0,463.0,63.0,292.0,43.0,0.4978448275862069,0.2454545454545454,0.6119402985074627,92.7534641240225,0.3383084577114428,15.409381663113006,15.640425531914891,243.0,0.7045454545454546,0.6952380952380952,0.5514705882352942,True,0.2893617021276595,202723
1,2012,104.51062347614072,106.56108597285068,1015.0,1684.0,513.0,924.0,1526.0,5742.0,5746.0,822.0,402.0,246.0,376.0,1313.0,6123.0,6001.0,909.0,3719.0,506.0,0.5225162081654109,0.3396801218583397,0.5955882352941176,93.61931387307445,0.334658187599364,15.517763845350052,15.245214061956144,2945.0,0.5792880258899676,0.7022572554639914,0.6027315914489311,False,0.3129496402877698,202723
2,2013,102.35507246376812,100.18115942028986,97.0,183.0,55.0,96.0,161.0,552.0,552.0,111.0,53.0,29.0,29.0,103.0,553.0,565.0,104.0,382.0,47.0,0.5008928571428571,0.3495145631067961,0.5896907216494846,91.79812911421642,0.3773195876288659,16.07608695652174,15.297101449275363,289.0,0.6415094339622641,0.7559055118110236,0.5300546448087432,True,0.364963503649635,202723
3,2013,102.88054221971194,105.6997742663657,1321.0,2217.0,767.0,1119.0,1880.0,7082.0,7088.0,1366.0,647.0,411.0,330.0,1372.0,7492.0,7286.0,1074.0,4845.0,614.0,0.5127406568516422,0.3017492711370262,0.5772880810680392,92.98493451572624,0.3566028631172591,15.773510307822647,15.199492099322798,3657.0,0.5817655571635311,0.7087774294670847,0.595850248082995,False,0.3111631995312042,202723
4,2015,140.0,80.0,2.0,2.0,2.0,,5.0,5.0,5.0,2.0,1.0,,,,4.0,7.0,2.0,3.0,,0.7,,0.6666666666666666,119.00826446280992,0.6666666666666666,7.4,16.8,2.0,,0.5,1.0,True,,202723
5,2015,95.91395112016292,105.08001016002032,1390.0,2470.0,703.0,1453.0,1948.0,7856.0,7874.0,1076.0,788.0,471.0,605.0,2160.0,8274.0,7535.0,1126.0,4614.0,779.0,0.4918215126930123,0.3203703703703703,0.6834957189253026,95.357814927233,0.3646294656037792,15.10590631364562,15.096139192278384,3959.0,0.6194871794871795,0.691527282698108,0.562753036437247,False,0.287538304392237,202723
