index,year,ortg,drtg,AtRimFGM,AtRimFGA,AtRimAssists,Turnovers,FTA,OffPoss,DefPoss,TwoPtAssists,Steals,BadPassSteals,ThreePtAssists,FG3A,OpponentPoints,Points,SecondChancePoints,FG2A,LiveBallTurnovers,TsPct,Fg3Pct,AtRimFG3AFrequency,Pace,AtRimFrequency,SecondsPerPossOff,SecondsPerPossDef,Minutes,DefAtRimReboundPct,DefFGReboundPct,AtRimAccuracy,player_on,OffFGReboundPct,nba_id
0,2012,96.32034632034632,102.97872340425532,84.0,142.0,38.0,91.0,101.0,462.0,470.0,69.0,36.0,26.0,15.0,72.0,484.0,445.0,70.0,323.0,45.0,0.5056818181818182,0.2777777777777778,0.5417721518987342,94.50602070276742,0.3594936708860759,15.162337662337665,15.31063829787234,237.0,0.576271186440678,0.7203791469194313,0.5915492957746479,True,0.3253588516746411,202729
1,2012,104.74820143884892,101.4175488964651,992.0,1652.0,505.0,864.0,1403.0,5560.0,5573.0,985.0,595.0,347.0,221.0,777.0,5652.0,5824.0,898.0,4250.0,473.0,0.5129226411754293,0.3307593307593308,0.4831907698428486,90.53315187006928,0.3286254227173264,15.83956834532374,15.971828458639871,2951.0,0.60828025477707,0.6920374707259953,0.6004842615012107,False,0.3343173431734317,202729
2,2013,71.31147540983606,104.95867768595042,11.0,25.0,5.0,23.0,28.0,122.0,121.0,16.0,8.0,5.0,3.0,15.0,127.0,87.0,8.0,79.0,11.0,0.4065420560747663,0.2,0.425531914893617,99.12747875354108,0.2659574468085106,15.336065573770492,13.710743801652892,59.0,0.7142857142857143,0.7115384615384616,0.44,True,0.1864406779661017,202729
3,2013,105.31293463143254,100.04173042147724,1261.0,2241.0,649.0,1122.0,1717.0,7190.0,7189.0,1361.0,695.0,407.0,335.0,1092.0,7192.0,7572.0,1168.0,5493.0,589.0,0.5133478616180878,0.347069597069597,0.5061503416856492,88.43702216717209,0.3403189066059225,16.721696801112657,15.843789122270136,3902.0,0.5874840357598978,0.7086131386861314,0.5626952253458277,False,0.341839596186203,202729
