index,year,ortg,drtg,AtRimFGM,AtRimFGA,AtRimAssists,Turnovers,FTA,OffPoss,DefPoss,TwoPtAssists,Steals,BadPassSteals,ThreePtAssists,FG3A,OpponentPoints,Points,SecondChancePoints,FG2A,LiveBallTurnovers,TsPct,Fg3Pct,AtRimFG3AFrequency,Pace,AtRimFrequency,SecondsPerPossOff,SecondsPerPossDef,Minutes,DefAtRimReboundPct,DefFGReboundPct,AtRimAccuracy,player_on,OffFGReboundPct,nba_id
0,2012,100.35714285714286,103.28467153284672,48.0,66.0,22.0,32.0,85.0,280.0,274.0,44.0,29.0,16.0,13.0,57.0,283.0,281.0,43.0,170.0,16.0,0.5281954887218046,0.2631578947368421,0.5418502202643172,98.16168327796235,0.2907488986784141,15.107142857142858,14.222627737226276,135.0,0.5428571428571428,0.7251908396946565,0.7272727272727273,True,0.2396694214876033,202731
1,2012,106.64780763790664,100.88276836158192,1004.0,1643.0,577.0,927.0,1433.0,5656.0,5664.0,1106.0,533.0,326.0,322.0,1057.0,5714.0,6032.0,765.0,3863.0,444.0,0.5399892163910855,0.3595080416272469,0.5487804878048781,88.85545616588445,0.3339430894308943,15.752475247524751,16.659074858757062,3058.0,0.5854304635761589,0.6831683168316832,0.6110772976262934,False,0.3036690085870414,202731
