index,year,ortg,drtg,AtRimFGM,AtRimFGA,AtRimAssists,Turnovers,FTA,OffPoss,DefPoss,TwoPtAssists,Steals,BadPassSteals,ThreePtAssists,FG3A,OpponentPoints,Points,SecondChancePoints,FG2A,LiveBallTurnovers,TsPct,Fg3Pct,AtRimFG3AFrequency,Pace,AtRimFrequency,SecondsPerPossOff,SecondsPerPossDef,Minutes,DefAtRimReboundPct,DefFGReboundPct,AtRimAccuracy,player_on,OffFGReboundPct,nba_id
0,2012,106.2805872756933,108.9035449299258,246.0,371.0,153.0,216.0,287.0,1226.0,1213.0,251.0,88.0,53.0,64.0,225.0,1321.0,1303.0,176.0,843.0,107.0,0.5446127946127947,0.3511111111111111,0.5580524344569289,92.20445774592424,0.347378277153558,15.446166394779771,15.79060181368508,635.0,0.5732484076433121,0.6885521885521886,0.6630727762803235,True,0.3204419889502762,202716
1,2012,110.06937145259616,101.36612021857924,909.0,1479.0,536.0,727.0,1207.0,4757.0,4758.0,928.0,437.0,268.0,296.0,926.0,4823.0,5236.0,721.0,3300.0,386.0,0.547979797979798,0.3801295896328294,0.5690960719356365,89.7941529205906,0.3499763369616658,15.445238595753626,16.62799495586381,2543.0,0.5706106870229007,0.689755288262132,0.6146044624746451,False,0.3199084668192219,202716
