index,year,ortg,drtg,AtRimFGM,AtRimFGA,AtRimAssists,Turnovers,FTA,OffPoss,DefPoss,TwoPtAssists,Steals,BadPassSteals,ThreePtAssists,FG3A,OpponentPoints,Points,SecondChancePoints,FG2A,LiveBallTurnovers,TsPct,Fg3Pct,AtRimFG3AFrequency,Pace,AtRimFrequency,SecondsPerPossOff,SecondsPerPossDef,Minutes,DefAtRimReboundPct,DefFGReboundPct,AtRimAccuracy,player_on,OffFGReboundPct,nba_id
0,2012,89.52042628774423,96.25,83.0,134.0,45.0,101.0,95.0,563.0,560.0,98.0,51.0,29.0,28.0,91.0,539.0,504.0,68.0,386.0,48.0,0.4845559845559845,0.3186813186813186,0.4716981132075472,90.39745094750964,0.2809224318658281,15.873889875666077,15.985714285714286,298.0,0.5875,0.65625,0.6194029850746269,True,0.2339622641509434,202707
1,2012,102.20669363736668,98.91063515509602,850.0,1417.0,504.0,878.0,1213.0,5438.0,5416.0,1129.0,447.0,264.0,302.0,897.0,5357.0,5558.0,587.0,3712.0,467.0,0.5351372396340276,0.3723522853957636,0.5020611846387503,90.14170285654966,0.3074419613799088,15.630194924604634,16.320901033973414,2890.0,0.5916305916305916,0.6976137211036539,0.5998588567395907,False,0.2304166666666666,202707
