index,year,ortg,drtg,AtRimFGM,AtRimFGA,AtRimAssists,Turnovers,FTA,OffPoss,DefPoss,TwoPtAssists,Steals,BadPassSteals,ThreePtAssists,FG3A,OpponentPoints,Points,SecondChancePoints,FG2A,LiveBallTurnovers,TsPct,Fg3Pct,AtRimFG3AFrequency,Pace,AtRimFrequency,SecondsPerPossOff,SecondsPerPossDef,Minutes,DefAtRimReboundPct,DefFGReboundPct,AtRimAccuracy,player_on,OffFGReboundPct,nba_id
0,2012,105.91397849462363,109.04255319148936,40.0,57.0,20.0,24.0,51.0,186.0,188.0,30.0,17.0,11.0,13.0,43.0,205.0,197.0,19.0,119.0,16.0,0.5353260869565217,0.3488372093023256,0.6172839506172839,102.0,0.3518518518518518,13.634408602150538,14.595744680851064,88.0,0.6842105263157895,0.6973684210526315,0.7017543859649122,True,0.2560975609756097,202715
1,2012,103.8783894823336,109.69329178284404,1211.0,2031.0,590.0,928.0,1481.0,6085.0,6097.0,919.0,544.0,341.0,309.0,1258.0,6688.0,6321.0,967.0,4292.0,502.0,0.5070138664946792,0.314785373608903,0.5926126126126127,94.46462035541197,0.3659459459459459,15.133114215283484,15.354272593078564,3095.0,0.5636672325976231,0.6737181785586231,0.5962580009847366,False,0.3185523312683403,202715
2,2013,86.15384615384616,103.125,11.0,19.0,7.0,14.0,20.0,65.0,64.0,8.0,4.0,2.0,3.0,11.0,66.0,56.0,12.0,44.0,6.0,0.4307692307692308,0.2727272727272727,0.5454545454545454,98.28571428571428,0.3454545454545454,13.138461538461538,16.1875,32.0,0.8,0.7241379310344828,0.5789473684210527,True,0.4117647058823529,202715
3,2013,106.41376613218615,111.33819317885968,1404.0,2360.0,696.0,1184.0,1849.0,7671.0,7682.0,1208.0,667.0,414.0,489.0,1670.0,8553.0,8163.0,1123.0,5179.0,618.0,0.5306708431219003,0.3634730538922155,0.5884070667250694,93.65154403354936,0.3445758504891225,15.24338417416243,15.508721687060662,3934.0,0.6,0.68056354226567,0.5949152542372881,False,0.2993510005408328,202715
