index,year,ortg,drtg,AtRimFGM,AtRimFGA,AtRimAssists,Turnovers,FTA,OffPoss,DefPoss,TwoPtAssists,Steals,BadPassSteals,ThreePtAssists,FG3A,OpponentPoints,Points,SecondChancePoints,FG2A,LiveBallTurnovers,TsPct,Fg3Pct,AtRimFG3AFrequency,Pace,AtRimFrequency,SecondsPerPossOff,SecondsPerPossDef,Minutes,DefAtRimReboundPct,DefFGReboundPct,AtRimAccuracy,player_on,OffFGReboundPct,nba_id
0,2012,81.31868131868131,106.5934065934066,15.0,28.0,9.0,15.0,29.0,91.0,91.0,13.0,8.0,7.0,2.0,16.0,97.0,74.0,10.0,59.0,5.0,0.4204545454545454,0.1875,0.5866666666666667,96.45933014354068,0.3733333333333333,15.285714285714286,14.571428571428571,45.0,0.6428571428571429,0.6216216216216216,0.5357142857142857,True,0.2916666666666667,202727
1,2012,109.19698009608786,106.28551747890477,1027.0,1600.0,561.0,865.0,1508.0,5828.0,5807.0,949.0,547.0,341.0,421.0,1425.0,6172.0,6364.0,947.0,3866.0,391.0,0.530871467025572,0.3585964912280702,0.5717255717255717,88.7119234577445,0.3024003024003024,16.54461221688401,15.91889099362838,3148.0,0.5927209705372617,0.6951713969775156,0.641875,False,0.321608040201005,202727
