index,year,ortg,drtg,AtRimFGM,AtRimFGA,AtRimAssists,Turnovers,FTA,OffPoss,DefPoss,TwoPtAssists,Steals,BadPassSteals,ThreePtAssists,FG3A,OpponentPoints,Points,SecondChancePoints,FG2A,LiveBallTurnovers,TsPct,Fg3Pct,AtRimFG3AFrequency,Pace,AtRimFrequency,SecondsPerPossOff,SecondsPerPossDef,Minutes,DefAtRimReboundPct,DefFGReboundPct,AtRimAccuracy,player_on,OffFGReboundPct,nba_id
0,2012,87.23404255319149,106.38297872340424,13.0,20.0,4.0,15.0,15.0,94.0,94.0,8.0,8.0,3.0,2.0,19.0,100.0,82.0,23.0,67.0,9.0,0.4408602150537634,0.3157894736842105,0.4534883720930232,86.79705033664636,0.2325581395348837,17.095744680851062,16.085106382978722,52.0,0.5454545454545454,0.5952380952380952,0.65,True,0.2857142857142857,202775
1,2012,101.1948224361102,106.29777334662678,1113.0,1783.0,563.0,992.0,1370.0,6026.0,6018.0,959.0,519.0,315.0,293.0,1056.0,6397.0,6098.0,860.0,4333.0,511.0,0.5077039021939374,0.3200757575757575,0.526813880126183,92.61597449549024,0.3308591575431434,15.161798871556588,15.93486208042539,3121.0,0.5809968847352025,0.6815937940761636,0.6242288278182838,False,0.2983898595409386,202775
