index,year,ortg,drtg,AtRimFGM,AtRimFGA,AtRimAssists,Turnovers,FTA,OffPoss,DefPoss,TwoPtAssists,Steals,BadPassSteals,ThreePtAssists,FG3A,OpponentPoints,Points,SecondChancePoints,FG2A,LiveBallTurnovers,TsPct,Fg3Pct,AtRimFG3AFrequency,Pace,AtRimFrequency,SecondsPerPossOff,SecondsPerPossDef,Minutes,DefAtRimReboundPct,DefFGReboundPct,AtRimAccuracy,player_on,OffFGReboundPct,nba_id
0,2012,98.48341232227487,114.14821944177092,152.0,272.0,66.0,172.0,248.0,1055.0,1039.0,128.0,74.0,43.0,70.0,251.0,1186.0,1039.0,172.0,686.0,90.0,0.491412213740458,0.3227091633466135,0.5581643543223053,92.89750146338456,0.2902881536819637,15.591469194312795,15.409047160731472,541.0,0.5726495726495726,0.6772823779193206,0.5588235294117647,True,0.3270676691729323,202701
1,2012,107.13431646074132,105.04285429539566,874.0,1487.0,442.0,762.0,1175.0,5018.0,5017.0,801.0,454.0,245.0,350.0,1131.0,5270.0,5376.0,735.0,3349.0,409.0,0.5348907158612393,0.3510167992926614,0.584375,90.81390891208576,0.3319196428571428,15.98425667596652,15.728921666334465,2652.0,0.591726618705036,0.6993603411513859,0.5877605917955615,False,0.285296574770259,202701
2,2013,95.16129032258064,96.28318584070796,85.0,146.0,41.0,95.0,142.0,558.0,565.0,72.0,42.0,23.0,33.0,116.0,544.0,531.0,81.0,361.0,49.0,0.4906890130353817,0.293103448275862,0.549266247379455,93.71892205157926,0.3060796645702306,15.091397849462366,15.635398230088496,288.0,0.6197183098591549,0.7265917602996255,0.5821917808219178,True,0.2686567164179104,202701
3,2013,106.59811482433592,110.3305193876091,1162.0,1940.0,643.0,1108.0,1538.0,7002.0,6989.0,1163.0,496.0,318.0,516.0,1788.0,7711.0,7464.0,1079.0,4450.0,642.0,0.5379545125307837,0.3573825503355705,0.5976274446938121,91.1610144566865,0.3109971144597627,16.0562696372465,15.535698955501502,3683.0,0.6046511627906976,0.7057371992597162,0.5989690721649484,False,0.2892537313432836,202701
