index,year,ortg,drtg,AtRimFGM,AtRimFGA,AtRimAssists,Turnovers,FTA,OffPoss,DefPoss,TwoPtAssists,Steals,BadPassSteals,ThreePtAssists,FG3A,OpponentPoints,Points,SecondChancePoints,FG2A,LiveBallTurnovers,TsPct,Fg3Pct,AtRimFG3AFrequency,Pace,AtRimFrequency,SecondsPerPossOff,SecondsPerPossDef,Minutes,DefAtRimReboundPct,DefFGReboundPct,AtRimAccuracy,player_on,OffFGReboundPct,nba_id
0,2012,103.28467153284672,100.35714285714286,46.0,81.0,21.0,39.0,71.0,274.0,280.0,36.0,16.0,11.0,17.0,50.0,281.0,283.0,34.0,189.0,29.0,0.5222222222222223,0.36,0.5481171548117155,98.16168327796235,0.3389121338912134,14.222627737226276,15.107142857142858,135.0,0.6666666666666666,0.7603305785123967,0.5679012345679012,True,0.2748091603053435,202731
1,2012,100.88276836158192,106.64780763790664,1007.0,1769.0,481.0,993.0,1390.0,5664.0,5656.0,927.0,444.0,275.0,252.0,866.0,6032.0,5714.0,858.0,4127.0,533.0,0.5072321428571429,0.3452655889145496,0.5277388343681153,88.85545616588445,0.3542960144201882,16.659074858757062,15.752475247524751,3058.0,0.5700787401574803,0.6963309914129586,0.5692481628038439,False,0.3168316831683168,202731
