index,year,ortg,drtg,AtRimFGM,AtRimFGA,AtRimAssists,Turnovers,FTA,OffPoss,DefPoss,TwoPtAssists,Steals,BadPassSteals,ThreePtAssists,FG3A,OpponentPoints,Points,SecondChancePoints,FG2A,LiveBallTurnovers,TsPct,Fg3Pct,AtRimFG3AFrequency,Pace,AtRimFrequency,SecondsPerPossOff,SecondsPerPossDef,Minutes,DefAtRimReboundPct,DefFGReboundPct,AtRimAccuracy,player_on,OffFGReboundPct,nba_id
0,2012,102.66666666666669,101.3157894736842,8.0,18.0,6.0,12.0,28.0,75.0,76.0,15.0,6.0,3.0,3.0,8.0,77.0,77.0,8.0,50.0,6.0,0.5347222222222222,0.375,0.4482758620689655,92.60647359454856,0.3103448275862069,15.853333333333332,15.25,39.0,0.6666666666666666,0.7333333333333333,0.4444444444444444,True,0.3214285714285714,202880
1,2012,100.86370703057524,105.14769390222835,932.0,1589.0,513.0,1013.0,1368.0,5789.0,5789.0,1137.0,482.0,325.0,213.0,769.0,6087.0,5839.0,806.0,4276.0,517.0,0.5152401205032784,0.3328998699609883,0.4673934588701685,88.24508288696462,0.3149653121902874,16.619968906546898,16.01641043358093,3149.0,0.5674418604651162,0.7001078748651565,0.5865324103209566,False,0.3012987012987013,202880
