index,year,ortg,drtg,AtRimFGM,AtRimFGA,AtRimAssists,Turnovers,FTA,OffPoss,DefPoss,TwoPtAssists,Steals,BadPassSteals,ThreePtAssists,FG3A,OpponentPoints,Points,SecondChancePoints,FG2A,LiveBallTurnovers,TsPct,Fg3Pct,AtRimFG3AFrequency,Pace,AtRimFrequency,SecondsPerPossOff,SecondsPerPossDef,Minutes,DefAtRimReboundPct,DefFGReboundPct,AtRimAccuracy,player_on,OffFGReboundPct,nba_id
0,2012,102.92397660818712,101.16959064327486,30.0,49.0,20.0,27.0,33.0,171.0,171.0,34.0,13.0,8.0,9.0,31.0,173.0,176.0,19.0,118.0,15.0,0.5365853658536586,0.3870967741935484,0.5369127516778524,86.62796833773088,0.3288590604026846,16.748538011695906,16.497076023391813,95.0,0.5161290322580645,0.62,0.6122448979591837,True,0.2435897435897435,202814
1,2012,108.8036498817168,101.20420624151969,1074.0,1719.0,599.0,890.0,1431.0,5918.0,5896.0,1099.0,511.0,312.0,385.0,1205.0,5967.0,6439.0,933.0,4077.0,451.0,0.5420466058763931,0.3618257261410788,0.5535781900795154,91.51488743645606,0.325444907232109,15.778641432916526,15.691485753052918,3098.0,0.5939470365699874,0.6809815950920245,0.62478184991274,False,0.3142544659132337,202814
