index,year,ortg,drtg,AtRimFGM,AtRimFGA,AtRimAssists,Turnovers,FTA,OffPoss,DefPoss,TwoPtAssists,Steals,BadPassSteals,ThreePtAssists,FG3A,OpponentPoints,Points,SecondChancePoints,FG2A,LiveBallTurnovers,TsPct,Fg3Pct,AtRimFG3AFrequency,Pace,AtRimFrequency,SecondsPerPossOff,SecondsPerPossDef,Minutes,DefAtRimReboundPct,DefFGReboundPct,AtRimAccuracy,player_on,OffFGReboundPct,nba_id
0,2012,91.53846153846152,103.36239103362392,128.0,232.0,66.0,143.0,203.0,780.0,803.0,131.0,62.0,43.0,17.0,84.0,830.0,714.0,105.0,581.0,78.0,0.4715608465608465,0.25,0.475187969924812,89.88643533123027,0.3488721804511278,16.375641025641027,15.674968866749689,423.0,0.5847457627118644,0.6565096952908587,0.5517241379310345,True,0.2991913746630728,202809
1,2012,96.06193844389216,111.60697184447424,818.0,1432.0,451.0,814.0,1259.0,5231.0,5221.0,996.0,335.0,212.0,182.0,808.0,5827.0,5025.0,649.0,3820.0,421.0,0.4817673162261238,0.2995049504950495,0.4840103716508211,91.04089039438664,0.3094209161624892,16.50621296119289,15.126604098831642,2755.0,0.5629522431259045,0.6841021416803954,0.5712290502793296,False,0.2657555049354593,202809
2,2013,103.07692307692308,112.12121212121212,13.0,18.0,8.0,5.0,16.0,65.0,66.0,9.0,3.0,2.0,3.0,14.0,74.0,67.0,4.0,41.0,2.0,0.5317460317460317,0.2857142857142857,0.5818181818181818,97.58923952405588,0.3272727272727272,13.876923076923076,15.62121212121212,32.0,0.8181818181818182,0.6774193548387096,0.7222222222222222,True,0.1333333333333333,202809
3,2013,101.61916231767697,111.44650727928408,1263.0,2284.0,653.0,1148.0,2044.0,7473.0,7487.0,1185.0,588.0,403.0,390.0,1385.0,8344.0,7594.0,1096.0,5209.0,567.0,0.5039296656453977,0.335740072202166,0.5564149226569609,91.38707063679595,0.3463754928723082,15.882242740532584,15.632295979698144,3929.0,0.6029723991507431,0.6837853433352568,0.5529772329246935,False,0.3024390243902439,202809
