index,year,ortg,drtg,AtRimFGM,AtRimFGA,AtRimAssists,Turnovers,FTA,OffPoss,DefPoss,TwoPtAssists,Steals,BadPassSteals,ThreePtAssists,FG3A,OpponentPoints,Points,SecondChancePoints,FG2A,LiveBallTurnovers,TsPct,Fg3Pct,AtRimFG3AFrequency,Pace,AtRimFrequency,SecondsPerPossOff,SecondsPerPossDef,Minutes,DefAtRimReboundPct,DefFGReboundPct,AtRimAccuracy,player_on,OffFGReboundPct,nba_id
0,2013,66.66666666666667,128.57142857142858,2.0,2.0,,2.0,,15.0,14.0,1.0,1.0,,,4.0,18.0,10.0,,7.0,1.0,0.4545454545454545,,0.5454545454545454,93.42281879194633,0.1818181818181818,18.933333333333334,11.642857142857142,7.0,1.0,1.0,1.0,True,,202970
1,2013,113.3720930232558,93.35260115606935,83.0,115.0,54.0,66.0,103.0,344.0,346.0,67.0,36.0,24.0,26.0,83.0,323.0,390.0,76.0,204.0,39.0,0.5843373493975904,0.3373493975903614,0.6898954703832753,89.73178000541859,0.4006968641114982,16.598837209302324,15.5,185.0,0.5238095238095238,0.7073170731707317,0.7217391304347827,False,0.3706293706293706,202970
