index,year,ortg,drtg,AtRimFGM,AtRimFGA,AtRimAssists,Turnovers,FTA,OffPoss,DefPoss,TwoPtAssists,Steals,BadPassSteals,ThreePtAssists,FG3A,OpponentPoints,Points,SecondChancePoints,FG2A,LiveBallTurnovers,TsPct,Fg3Pct,AtRimFG3AFrequency,Pace,AtRimFrequency,SecondsPerPossOff,SecondsPerPossDef,Minutes,DefAtRimReboundPct,DefFGReboundPct,AtRimAccuracy,player_on,OffFGReboundPct,nba_id
0,2012,107.14285714285714,85.71428571428571,1.0,2.0,,4.0,5.0,14.0,14.0,2.0,1.0,1.0,1.0,3.0,12.0,15.0,2.0,5.0,3.0,0.75,0.3333333333333333,0.625,130.48543689320388,0.25,10.642857142857142,11.428571428571429,5.0,,0.75,0.5,True,0.3333333333333333,202933
1,2012,106.80713128038896,107.25806451612904,123.0,210.0,66.0,80.0,153.0,617.0,620.0,110.0,40.0,23.0,37.0,133.0,665.0,659.0,133.0,467.0,46.0,0.4910179640718562,0.3157894736842105,0.5716666666666667,89.73250717847966,0.35,17.0064829821718,15.093548387096774,331.0,0.4862385321100917,0.6275659824046921,0.5857142857142857,False,0.3705882352941176,202933
2,2013,90.9090909090909,130.43478260869566,4.0,4.0,2.0,3.0,4.0,22.0,23.0,4.0,,,,4.0,30.0,20.0,4.0,16.0,1.0,0.4285714285714285,,0.4,85.03937007874016,0.2,19.227272727272727,14.73913043478261,13.0,0.5,0.8181818181818182,1.0,True,0.2,202933
3,2013,111.4490161001789,104.4404973357016,79.0,126.0,47.0,109.0,126.0,559.0,563.0,89.0,39.0,21.0,50.0,142.0,588.0,623.0,89.0,326.0,53.0,0.5901328273244781,0.4154929577464789,0.5726495726495726,97.81329458772248,0.2692307692307692,15.076923076923077,14.369449378330373,275.0,0.6911764705882353,0.6891385767790262,0.626984126984127,False,0.3173913043478261,202933
4,2013,90.9090909090909,130.43478260869566,4.0,4.0,2.0,3.0,4.0,22.0,23.0,4.0,,,,4.0,30.0,20.0,4.0,16.0,1.0,0.4285714285714285,,0.4,85.03937007874016,0.2,19.227272727272727,14.73913043478261,13.0,0.5,0.8181818181818182,1.0,True,0.2,202933
