index,year,ortg,drtg,AtRimFGM,AtRimFGA,AtRimAssists,Turnovers,FTA,OffPoss,DefPoss,TwoPtAssists,Steals,BadPassSteals,ThreePtAssists,FG3A,OpponentPoints,Points,SecondChancePoints,FG2A,LiveBallTurnovers,TsPct,Fg3Pct,AtRimFG3AFrequency,Pace,AtRimFrequency,SecondsPerPossOff,SecondsPerPossDef,Minutes,DefAtRimReboundPct,DefFGReboundPct,AtRimAccuracy,player_on,OffFGReboundPct,nba_id
0,2013,87.60330578512396,139.68253968253967,23.0,43.0,8.0,25.0,33.0,121.0,126.0,8.0,8.0,4.0,5.0,32.0,176.0,106.0,14.0,67.0,14.0,0.4605263157894737,0.21875,0.7575757575757576,100.58823529411764,0.4343434343434343,14.87603305785124,13.77777777777778,59.0,0.7777777777777778,0.675,0.5348837209302325,True,0.3166666666666666,202962
1,2013,111.26126126126128,103.84615384615384,79.0,135.0,38.0,70.0,133.0,444.0,442.0,46.0,27.0,13.0,49.0,170.0,459.0,494.0,71.0,217.0,33.0,0.5515695067264574,0.3705882352941176,0.7881136950904393,92.82887077997673,0.3488372093023256,14.74099099099099,16.287330316742082,229.0,0.5853658536585366,0.7389380530973452,0.5851851851851851,False,0.3116279069767442,202962
2,2013,111.26126126126128,103.84615384615384,79.0,135.0,38.0,70.0,133.0,444.0,442.0,46.0,27.0,13.0,49.0,170.0,459.0,494.0,71.0,217.0,33.0,0.5515695067264574,0.3705882352941176,0.7881136950904393,92.82887077997673,0.3488372093023256,14.74099099099099,16.287330316742082,229.0,0.5853658536585366,0.7389380530973452,0.5851851851851851,False,0.3116279069767442,202962
3,2015,150.0,66.66666666666667,,,,,,2.0,3.0,,,,1.0,2.0,2.0,3.0,,,,0.75,0.5,1.0,171.42857142857144,,6.5,9.666666666666666,1.0,,1.0,,True,,202962
4,2015,107.88954635108482,112.8968253968254,91.0,137.0,47.0,71.0,126.0,507.0,504.0,73.0,35.0,21.0,32.0,120.0,569.0,547.0,75.0,338.0,39.0,0.5300970873786408,0.3083333333333333,0.5611353711790393,101.3957375679064,0.2991266375545851,14.560157790927022,13.841269841269842,239.0,0.7457627118644068,0.6902654867256637,0.6642335766423357,False,0.3032786885245901,202962
