index,year,ortg,drtg,AtRimFGM,AtRimFGA,AtRimAssists,Turnovers,FTA,OffPoss,DefPoss,TwoPtAssists,Steals,BadPassSteals,ThreePtAssists,FG3A,OpponentPoints,Points,SecondChancePoints,FG2A,LiveBallTurnovers,TsPct,Fg3Pct,AtRimFG3AFrequency,Pace,AtRimFrequency,SecondsPerPossOff,SecondsPerPossDef,Minutes,DefAtRimReboundPct,DefFGReboundPct,AtRimAccuracy,player_on,OffFGReboundPct,nba_id
0,2012,114.28571428571428,42.85714285714285,1.0,2.0,,,4.0,7.0,7.0,1.0,1.0,,,,3.0,8.0,3.0,6.0,,0.5,,0.3333333333333333,88.0349344978166,0.3333333333333333,12.142857142857142,20.571428571428573,4.0,,1.0,0.5,True,0.6666666666666666,202918
1,2012,97.1027216856892,98.513986013986,163.0,314.0,96.0,150.0,313.0,1139.0,1144.0,203.0,98.0,54.0,32.0,171.0,1127.0,1106.0,150.0,838.0,88.0,0.4795652173913043,0.3040935672514619,0.4806739345887016,88.34806911934643,0.311199207135778,15.97980684811238,16.617132867132867,620.0,0.6153846153846154,0.7204301075268817,0.5191082802547771,False,0.2627986348122867,202918
