index,year,ortg,drtg,AtRimFGM,AtRimFGA,AtRimAssists,Turnovers,FTA,OffPoss,DefPoss,TwoPtAssists,Steals,BadPassSteals,ThreePtAssists,FG3A,OpponentPoints,Points,SecondChancePoints,FG2A,LiveBallTurnovers,TsPct,Fg3Pct,AtRimFG3AFrequency,Pace,AtRimFrequency,SecondsPerPossOff,SecondsPerPossDef,Minutes,DefAtRimReboundPct,DefFGReboundPct,AtRimAccuracy,player_on,OffFGReboundPct,nba_id
0,2013,63.63636363636363,130.0,1.0,4.0,,1.0,7.0,11.0,10.0,1.0,2.0,2.0,,2.0,13.0,7.0,5.0,13.0,,0.1944444444444444,,0.4,88.42105263157895,0.2666666666666666,16.363636363636363,16.2,6.0,,,0.25,True,0.5454545454545454,202952
1,2013,103.68968779564806,110.06585136406396,173.0,306.0,92.0,170.0,268.0,1057.0,1063.0,182.0,75.0,52.0,51.0,202.0,1170.0,1096.0,155.0,742.0,84.0,0.5131826741996234,0.3217821782178218,0.538135593220339,86.92977960020502,0.3241525423728814,17.42289498580889,15.712135465663218,585.0,0.635593220338983,0.7206477732793523,0.565359477124183,False,0.302734375,202952
