index,year,ortg,drtg,AtRimFGM,AtRimFGA,AtRimAssists,Turnovers,FTA,OffPoss,DefPoss,TwoPtAssists,Steals,BadPassSteals,ThreePtAssists,FG3A,OpponentPoints,Points,SecondChancePoints,FG2A,LiveBallTurnovers,TsPct,Fg3Pct,AtRimFG3AFrequency,Pace,AtRimFrequency,SecondsPerPossOff,SecondsPerPossDef,Minutes,DefAtRimReboundPct,DefFGReboundPct,AtRimAccuracy,player_on,OffFGReboundPct,nba_id
0,2012,84.93150684931507,104.10958904109587,5.0,21.0,1.0,8.0,13.0,73.0,73.0,8.0,6.0,5.0,7.0,21.0,76.0,62.0,8.0,55.0,3.0,0.3780487804878049,0.3333333333333333,0.5526315789473685,90.54263565891472,0.2763157894736842,17.246575342465754,14.561643835616438,39.0,0.7142857142857143,0.7142857142857143,0.238095238095238,True,0.3333333333333333,202918
1,2012,104.22487223168656,98.91304347826087,890.0,1463.0,477.0,730.0,1185.0,5870.0,5888.0,1166.0,520.0,301.0,272.0,942.0,5824.0,6118.0,807.0,4498.0,388.0,0.5116610738255034,0.3630573248407643,0.4420955882352941,89.74716153038831,0.2689338235294117,15.789267461669509,16.300101902173914,3144.0,0.6094003241491086,0.720668485675307,0.608339029391661,False,0.2717354244800545,202918
2,2018,120.0,106.25,2.0,4.0,,1.0,13.0,15.0,16.0,,1.0,1.0,,6.0,17.0,18.0,4.0,6.0,1.0,0.5,0.1666666666666666,0.8333333333333334,99.42093541202672,0.3333333333333333,12.866666666666667,16.0,7.0,0.6666666666666666,0.625,0.5,True,0.4444444444444444,202918
3,2018,108.24112933994658,104.63458110516936,1224.0,2056.0,632.0,1144.0,1684.0,7863.0,7854.0,1079.0,603.0,393.0,763.0,2486.0,8218.0,8511.0,992.0,4477.0,593.0,0.5507990126023126,0.3773129525341914,0.6523050409306334,95.41075245245791,0.295275025132845,15.235151977616686,14.94996180290298,3954.0,0.6450471698113207,0.7458071278825996,0.5953307392996109,False,0.2513397642015005,202918
