index,year,ortg,drtg,AtRimFGM,AtRimFGA,AtRimAssists,Turnovers,FTA,OffPoss,DefPoss,TwoPtAssists,Steals,BadPassSteals,ThreePtAssists,FG3A,OpponentPoints,Points,SecondChancePoints,FG2A,LiveBallTurnovers,TsPct,Fg3Pct,AtRimFG3AFrequency,Pace,AtRimFrequency,SecondsPerPossOff,SecondsPerPossDef,Minutes,DefAtRimReboundPct,DefFGReboundPct,AtRimAccuracy,player_on,OffFGReboundPct,nba_id
0,2019,107.6923076923077,90.0,9.0,16.0,6.0,7.0,8.0,39.0,40.0,7.0,3.0,2.0,3.0,18.0,36.0,42.0,8.0,19.0,3.0,0.5121951219512195,0.2777777777777778,0.918918918918919,110.23255813953487,0.4324324324324324,13.41025641025641,12.725,17.0,1.0,0.7647058823529411,0.5625,True,0.4090909090909091,202954
1,2019,103.97196261682242,103.27485380116958,152.0,242.0,72.0,103.0,212.0,856.0,855.0,102.0,62.0,36.0,87.0,308.0,883.0,890.0,97.0,443.0,50.0,0.5261282660332541,0.3441558441558441,0.7323568575233023,98.99710703953713,0.322237017310253,14.686915887850468,14.4046783625731,415.0,0.5454545454545454,0.7896039603960396,0.628099173553719,False,0.2060889929742388,202954
2,2020,105.85009140767824,107.83242258652096,78.0,134.0,42.0,69.0,135.0,547.0,549.0,68.0,40.0,23.0,60.0,226.0,592.0,579.0,69.0,262.0,39.0,0.5264116575591985,0.3053097345132743,0.7377049180327869,96.44585675873869,0.2745901639344262,14.43327239488117,15.42622950819672,273.0,0.6666666666666666,0.7432950191570882,0.582089552238806,True,0.25,202954
3,2020,108.04701627486438,115.4968094804011,159.0,260.0,86.0,145.0,291.0,1106.0,1097.0,142.0,70.0,41.0,108.0,397.0,1267.0,1195.0,125.0,577.0,75.0,0.5428051001821493,0.3148614609571788,0.6745379876796714,94.70742775256748,0.2669404517453799,15.50632911392405,14.900638103919782,558.0,0.6829268292682927,0.7529411764705882,0.6115384615384616,False,0.2367941712204007,202954
