index,year,ortg,drtg,AtRimFGM,AtRimFGA,AtRimAssists,Turnovers,FTA,OffPoss,DefPoss,TwoPtAssists,Steals,BadPassSteals,ThreePtAssists,FG3A,OpponentPoints,Points,SecondChancePoints,FG2A,LiveBallTurnovers,TsPct,Fg3Pct,AtRimFG3AFrequency,Pace,AtRimFrequency,SecondsPerPossOff,SecondsPerPossDef,Minutes,DefAtRimReboundPct,DefFGReboundPct,AtRimAccuracy,player_on,OffFGReboundPct,nba_id
0,2013,128.57142857142858,66.66666666666667,2.0,3.0,2.0,1.0,6.0,14.0,15.0,3.0,1.0,,2.0,3.0,10.0,18.0,,8.0,1.0,0.6923076923076923,0.6666666666666666,0.5454545454545454,93.42281879194633,0.2727272727272727,11.642857142857142,18.933333333333334,7.0,,1.0,0.6666666666666666,True,,202970
1,2013,93.35260115606935,113.3720930232558,63.0,105.0,37.0,64.0,75.0,346.0,344.0,57.0,39.0,25.0,17.0,89.0,390.0,323.0,42.0,207.0,36.0,0.4908814589665654,0.247191011235955,0.6554054054054054,89.73178000541859,0.3547297297297297,15.5,16.598837209302324,185.0,0.40625,0.6293706293706294,0.6,False,0.2926829268292683,202970
