index,year,ortg,drtg,AtRimFGM,AtRimFGA,AtRimAssists,Turnovers,FTA,OffPoss,DefPoss,TwoPtAssists,Steals,BadPassSteals,ThreePtAssists,FG3A,OpponentPoints,Points,SecondChancePoints,FG2A,LiveBallTurnovers,TsPct,Fg3Pct,AtRimFG3AFrequency,Pace,AtRimFrequency,SecondsPerPossOff,SecondsPerPossDef,Minutes,DefAtRimReboundPct,DefFGReboundPct,AtRimAccuracy,player_on,OffFGReboundPct,nba_id
0,2014,102.94117647058825,101.19760479041916,27.0,40.0,14.0,25.0,35.0,170.0,167.0,26.0,10.0,5.0,16.0,41.0,169.0,175.0,21.0,103.0,10.0,0.5537974683544303,0.4146341463414634,0.5625,88.86284563266801,0.2777777777777778,16.63529411764706,15.766467065868264,91.0,0.6,0.7108433734939759,0.675,True,0.1558441558441558,203077
1,2014,122.10526315789474,103.64583333333331,38.0,56.0,18.0,17.0,69.0,190.0,192.0,25.0,19.0,14.0,17.0,47.0,199.0,232.0,25.0,113.0,7.0,0.6041666666666666,0.4468085106382978,0.64375,90.78725862353524,0.35,16.33684210526316,15.390625,101.0,0.6842105263157895,0.7948717948717948,0.6785714285714286,False,0.2307692307692307,203077
2,2020,126.08695652173913,113.27433628318585,12.0,19.0,5.0,13.0,29.0,115.0,113.0,7.0,5.0,4.0,18.0,39.0,128.0,145.0,10.0,60.0,7.0,0.6545454545454545,0.4871794871794871,0.5858585858585859,99.73268529769138,0.1919191919191919,14.991304347826087,13.876106194690266,55.0,0.3333333333333333,0.7954545454545454,0.631578947368421,True,0.1739130434782608,203077
3,2020,121.78217821782178,112.77013752455797,80.0,118.0,36.0,59.0,136.0,505.0,509.0,49.0,38.0,27.0,53.0,169.0,574.0,615.0,55.0,273.0,32.0,0.6144578313253012,0.3846153846153846,0.6493212669683258,102.19484882418811,0.2669683257918552,14.142574257425744,14.039292730844794,238.0,0.7567567567567568,0.8043478260869565,0.6779661016949152,False,0.2227272727272727,203077
