index,year,ortg,drtg,AtRimFGM,AtRimFGA,AtRimAssists,Turnovers,FTA,OffPoss,DefPoss,TwoPtAssists,Steals,BadPassSteals,ThreePtAssists,FG3A,OpponentPoints,Points,SecondChancePoints,FG2A,LiveBallTurnovers,TsPct,Fg3Pct,AtRimFG3AFrequency,Pace,AtRimFrequency,SecondsPerPossOff,SecondsPerPossDef,Minutes,DefAtRimReboundPct,DefFGReboundPct,AtRimAccuracy,player_on,OffFGReboundPct,nba_id
0,2014,99.48979591836736,107.25388601036268,30.0,43.0,12.0,23.0,43.0,196.0,193.0,20.0,15.0,12.0,12.0,55.0,207.0,195.0,23.0,117.0,13.0,0.5078534031413613,0.2909090909090909,0.5697674418604651,92.94176207068192,0.25,14.862244897959185,16.134715025906736,100.0,0.5384615384615384,0.7052631578947368,0.6976744186046512,True,0.2234042553191489,203087
1,2014,108.34879406307978,108.91089108910892,266.0,422.0,117.0,264.0,462.0,1617.0,1616.0,237.0,105.0,61.0,97.0,388.0,1760.0,1752.0,195.0,986.0,148.0,0.5504731861198738,0.327319587628866,0.5895196506550219,92.75237582929893,0.3071324599708879,14.888682745825603,16.162128712871286,837.0,0.6682926829268293,0.7153374233128834,0.6303317535545023,False,0.3004115226337449,203087
2,2016,79.16666666666667,112.5,2.0,4.0,,3.0,,24.0,24.0,2.0,,,3.0,7.0,27.0,19.0,2.0,16.0,1.0,0.4130434782608695,0.4285714285714285,0.4782608695652174,99.45323741007194,0.1739130434782608,14.0,14.958333333333334,12.0,,1.0,0.5,True,0.1333333333333333,203087
3,2016,100.0,108.98692810457516,98.0,197.0,36.0,63.0,174.0,613.0,612.0,65.0,40.0,22.0,25.0,123.0,667.0,613.0,61.0,417.0,28.0,0.4951534733441033,0.3008130081300813,0.5925925925925926,90.62419727716411,0.3648148148148148,16.03588907014682,15.743464052287582,324.0,0.5932203389830508,0.7192982456140351,0.4974619289340101,False,0.2138364779874214,203087
