index,year,ortg,drtg,AtRimFGM,AtRimFGA,AtRimAssists,Turnovers,FTA,OffPoss,DefPoss,TwoPtAssists,Steals,BadPassSteals,ThreePtAssists,FG3A,OpponentPoints,Points,SecondChancePoints,FG2A,LiveBallTurnovers,TsPct,Fg3Pct,AtRimFG3AFrequency,Pace,AtRimFrequency,SecondsPerPossOff,SecondsPerPossDef,Minutes,DefAtRimReboundPct,DefFGReboundPct,AtRimAccuracy,player_on,OffFGReboundPct,nba_id
0,2013,115.21739130434784,102.12765957446808,8.0,11.0,5.0,4.0,12.0,46.0,47.0,10.0,1.0,1.0,4.0,10.0,48.0,53.0,3.0,29.0,2.0,0.6022727272727273,0.4,0.5384615384615384,94.64310954063605,0.282051282051282,14.478260869565217,15.936170212765957,24.0,0.5,0.64,0.7272727272727273,True,0.2222222222222222,203098
1,2013,95.64356435643565,102.56916996047433,72.0,122.0,35.0,69.0,145.0,505.0,506.0,71.0,43.0,20.0,30.0,102.0,519.0,483.0,61.0,323.0,39.0,0.4878048780487805,0.3235294117647059,0.5270588235294118,91.76426095178064,0.2870588235294117,15.356435643564357,16.027667984189723,264.0,0.5254237288135594,0.6923076923076923,0.5901639344262295,False,0.2032520325203252,203098
2,2015,114.28571428571428,97.5,10.0,11.0,6.0,5.0,8.0,42.0,40.0,9.0,1.0,1.0,3.0,16.0,39.0,48.0,6.0,18.0,2.0,0.631578947368421,0.3125,0.7941176470588235,92.03429462197974,0.3235294117647059,13.142857142857142,18.275,21.0,,0.7727272727272727,0.9090909090909092,True,0.2,203098
3,2015,103.33106730115568,104.35967302452316,282.0,448.0,161.0,198.0,303.0,1471.0,1468.0,252.0,135.0,75.0,117.0,442.0,1532.0,1520.0,183.0,893.0,106.0,0.5163154316791299,0.3167420814479638,0.6666666666666666,93.22554353811924,0.3355805243445693,14.73691366417403,16.157356948228884,757.0,0.6379310344827587,0.7115646258503401,0.6294642857142857,False,0.2593582887700534,203098
