index,year,ortg,drtg,AtRimFGM,AtRimFGA,AtRimAssists,Turnovers,FTA,OffPoss,DefPoss,TwoPtAssists,Steals,BadPassSteals,ThreePtAssists,FG3A,OpponentPoints,Points,SecondChancePoints,FG2A,LiveBallTurnovers,TsPct,Fg3Pct,AtRimFG3AFrequency,Pace,AtRimFrequency,SecondsPerPossOff,SecondsPerPossDef,Minutes,DefAtRimReboundPct,DefFGReboundPct,AtRimAccuracy,player_on,OffFGReboundPct,nba_id
0,2013,108.45070422535213,111.26760563380282,16.0,25.0,8.0,5.0,19.0,71.0,71.0,10.0,4.0,1.0,6.0,28.0,79.0,77.0,15.0,44.0,4.0,0.475,0.2857142857142857,0.7361111111111112,97.09401709401708,0.3472222222222222,14.380281690140846,15.28169014084507,35.0,0.5555555555555556,0.8064516129032258,0.64,True,0.3023255813953488,203093
1,2013,105.87044534412956,111.87122736418512,86.0,153.0,38.0,90.0,147.0,494.0,497.0,44.0,31.0,16.0,48.0,174.0,556.0,523.0,70.0,240.0,43.0,0.5427083333333333,0.3563218390804598,0.7898550724637681,94.04507710557532,0.3695652173913043,14.82591093117409,15.79476861167002,253.0,0.6341463414634146,0.7191489361702128,0.5620915032679739,False,0.3146551724137931,203093
2,2014,114.0221402214022,115.67164179104478,60.0,108.0,26.0,37.0,82.0,271.0,268.0,35.0,21.0,10.0,19.0,69.0,310.0,309.0,55.0,184.0,21.0,0.5309278350515464,0.3333333333333333,0.6996047430830039,93.69386769676484,0.4268774703557312,14.92250922509225,15.82089552238806,138.0,0.65,0.6796875,0.5555555555555556,True,0.3769230769230769,203093
3,2014,116.34615384615384,115.3846153846154,71.0,128.0,27.0,46.0,97.0,312.0,312.0,38.0,15.0,10.0,18.0,85.0,360.0,363.0,68.0,212.0,23.0,0.5278592375366569,0.3058823529411765,0.7171717171717171,90.80032336297494,0.4309764309764309,16.112179487179485,15.60576923076923,165.0,0.6451612903225806,0.6993464052287581,0.5546875,False,0.4259259259259259,203093
4,2015,105.91016548463357,110.45130641330168,156.0,240.0,97.0,127.0,339.0,846.0,842.0,125.0,63.0,54.0,45.0,207.0,930.0,896.0,114.0,477.0,65.0,0.5304295942720764,0.3140096618357488,0.6535087719298246,101.124100345301,0.3508771929824561,14.278959810874705,14.200712589073634,401.0,0.5844155844155844,0.6968911917098446,0.65,True,0.288,203093
5,2015,108.1422018348624,107.9455164585698,176.0,274.0,104.0,137.0,284.0,872.0,881.0,130.0,79.0,54.0,72.0,261.0,951.0,943.0,124.0,472.0,82.0,0.5446635730858469,0.367816091954023,0.7298772169167803,101.2847570517193,0.373806275579809,13.504587155963304,14.922814982973891,415.0,0.6144578313253012,0.7288135593220338,0.6423357664233577,False,0.3171355498721228,203093
