index,year,ortg,drtg,AtRimFGM,AtRimFGA,AtRimAssists,Turnovers,FTA,OffPoss,DefPoss,TwoPtAssists,Steals,BadPassSteals,ThreePtAssists,FG3A,OpponentPoints,Points,SecondChancePoints,FG2A,LiveBallTurnovers,TsPct,Fg3Pct,AtRimFG3AFrequency,Pace,AtRimFrequency,SecondsPerPossOff,SecondsPerPossDef,Minutes,DefAtRimReboundPct,DefFGReboundPct,AtRimAccuracy,player_on,OffFGReboundPct,nba_id
0,2013,125.0,88.23529411764706,2.0,7.0,,3.0,5.0,16.0,17.0,1.0,1.0,1.0,2.0,3.0,15.0,20.0,4.0,11.0,1.0,0.625,1.0,0.7142857142857143,91.0344827586207,0.5,17.75,14.0,9.0,1.0,0.8571428571428571,0.2857142857142857,True,0.4285714285714285,203006
1,2013,106.55569782330346,106.18265777321704,1308.0,2232.0,705.0,1199.0,2074.0,7810.0,7796.0,1253.0,697.0,417.0,549.0,1786.0,8278.0,8322.0,1113.0,5090.0,647.0,0.531470777135517,0.3577827547592385,0.5843513670738801,93.93424121586035,0.3246073298429319,15.896542893725991,14.762185736275011,3987.0,0.6244784422809457,0.7525630368523136,0.5860215053763441,False,0.2968330649490069,203006
