index,year,ortg,drtg,AtRimFGM,AtRimFGA,AtRimAssists,Turnovers,FTA,OffPoss,DefPoss,TwoPtAssists,Steals,BadPassSteals,ThreePtAssists,FG3A,OpponentPoints,Points,SecondChancePoints,FG2A,LiveBallTurnovers,TsPct,Fg3Pct,AtRimFG3AFrequency,Pace,AtRimFrequency,SecondsPerPossOff,SecondsPerPossDef,Minutes,DefAtRimReboundPct,DefFGReboundPct,AtRimAccuracy,player_on,OffFGReboundPct,nba_id
0,2013,102.12765957446808,115.21739130434784,8.0,12.0,3.0,5.0,11.0,47.0,46.0,6.0,2.0,1.0,3.0,13.0,53.0,48.0,11.0,30.0,1.0,0.5,0.3076923076923077,0.5813953488372093,94.64310954063605,0.2790697674418604,15.936170212765957,14.478260869565217,24.0,0.3333333333333333,0.7777777777777778,0.6666666666666666,True,0.36,203098
1,2013,102.56916996047433,95.64356435643565,81.0,140.0,40.0,88.0,161.0,506.0,505.0,76.0,39.0,24.0,33.0,113.0,483.0,519.0,64.0,319.0,43.0,0.5069582504970179,0.3008849557522124,0.5856481481481481,91.76426095178064,0.324074074074074,16.027667984189723,15.356435643564357,264.0,0.68,0.7967479674796748,0.5785714285714286,False,0.3076923076923077,203098
2,2015,97.5,114.28571428571428,4.0,5.0,1.0,5.0,14.0,40.0,42.0,1.0,2.0,2.0,4.0,13.0,48.0,39.0,5.0,21.0,1.0,0.4875,0.4615384615384615,0.5294117647058824,92.03429462197974,0.1470588235294117,18.275,13.142857142857142,21.0,1.0,0.8,0.8,True,0.2272727272727272,203098
3,2015,104.35967302452316,103.33106730115568,231.0,405.0,113.0,219.0,339.0,1468.0,1471.0,206.0,106.0,68.0,129.0,390.0,1520.0,1532.0,201.0,936.0,135.0,0.5183175033921302,0.3717948717948718,0.5995475113122172,93.22554353811924,0.3054298642533937,16.157356948228884,14.73691366417403,757.0,0.6503067484662577,0.7406417112299465,0.5703703703703704,False,0.2884353741496598,203098
