index,year,ortg,drtg,AtRimFGM,AtRimFGA,AtRimAssists,Turnovers,FTA,OffPoss,DefPoss,TwoPtAssists,Steals,BadPassSteals,ThreePtAssists,FG3A,OpponentPoints,Points,SecondChancePoints,FG2A,LiveBallTurnovers,TsPct,Fg3Pct,AtRimFG3AFrequency,Pace,AtRimFrequency,SecondsPerPossOff,SecondsPerPossDef,Minutes,DefAtRimReboundPct,DefFGReboundPct,AtRimAccuracy,player_on,OffFGReboundPct,nba_id
0,2014,122.22222222222224,94.11764705882354,2.0,2.0,,3.0,3.0,18.0,17.0,1.0,,,3.0,6.0,16.0,22.0,4.0,8.0,2.0,0.7333333333333333,0.5,0.5714285714285714,94.3820224719101,0.1428571428571428,14.0,16.58823529411765,9.0,1.0,1.0,1.0,True,0.3333333333333333,203091
1,2014,108.7717041800643,106.1427280939476,1254.0,1920.0,756.0,1114.0,2135.0,7775.0,7749.0,1343.0,637.0,352.0,580.0,1827.0,8225.0,8457.0,983.0,4893.0,585.0,0.5486083888671109,0.3793103448275862,0.5575892857142857,94.15379949963358,0.2857142857142857,14.905209003215434,15.684346367273196,3957.0,0.5736434108527132,0.6825396825396826,0.653125,False,0.2719819055696918,203091
