index,year,ortg,drtg,AtRimFGM,AtRimFGA,AtRimAssists,Turnovers,FTA,OffPoss,DefPoss,TwoPtAssists,Steals,BadPassSteals,ThreePtAssists,FG3A,OpponentPoints,Points,SecondChancePoints,FG2A,LiveBallTurnovers,TsPct,Fg3Pct,AtRimFG3AFrequency,Pace,AtRimFrequency,SecondsPerPossOff,SecondsPerPossDef,Minutes,DefAtRimReboundPct,DefFGReboundPct,AtRimAccuracy,player_on,OffFGReboundPct,nba_id
0,2013,117.85714285714286,81.81818181818181,9.0,13.0,5.0,3.0,16.0,56.0,55.0,6.0,2.0,2.0,6.0,19.0,45.0,66.0,10.0,27.0,1.0,0.6226415094339622,0.5263157894736842,0.6956521739130435,95.4268656716418,0.2826086956521739,15.107142857142858,15.072727272727272,28.0,0.6666666666666666,0.65625,0.6923076923076923,True,0.2857142857142857,203111
1,2013,103.2675709001233,104.94132180358244,251.0,450.0,112.0,214.0,423.0,1622.0,1619.0,208.0,139.0,88.0,103.0,358.0,1699.0,1675.0,234.0,1088.0,102.0,0.5094859241126071,0.3463687150837989,0.5587828492392808,87.48786203018089,0.3112033195020747,16.07521578298397,16.84434836318715,889.0,0.5401069518716578,0.6497326203208557,0.5577777777777778,False,0.2649572649572649,203111
