index,year,ortg,drtg,AtRimFGM,AtRimFGA,AtRimAssists,Turnovers,FTA,OffPoss,DefPoss,TwoPtAssists,Steals,BadPassSteals,ThreePtAssists,FG3A,OpponentPoints,Points,SecondChancePoints,FG2A,LiveBallTurnovers,TsPct,Fg3Pct,AtRimFG3AFrequency,Pace,AtRimFrequency,SecondsPerPossOff,SecondsPerPossDef,Minutes,DefAtRimReboundPct,DefFGReboundPct,AtRimAccuracy,player_on,OffFGReboundPct,nba_id
0,2018,109.88372093023256,108.40579710144928,60.0,82.0,34.0,46.0,64.0,344.0,345.0,61.0,31.0,15.0,30.0,101.0,374.0,378.0,31.0,196.0,30.0,0.5817901234567902,0.3564356435643564,0.6161616161616161,101.85401909454882,0.2760942760942761,13.607558139534884,14.666666666666666,162.0,0.7307692307692307,0.725609756097561,0.7317073170731707,True,0.1788079470198675,203121
1,2018,105.51724137931036,107.78546712802768,120.0,180.0,76.0,84.0,101.0,580.0,578.0,111.0,42.0,26.0,40.0,142.0,623.0,612.0,80.0,369.0,53.0,0.5494604316546763,0.3732394366197183,0.6301369863013698,103.0669386241424,0.3522504892367906,13.629310344827584,14.314878892733564,270.0,0.54,0.778169014084507,0.6666666666666666,False,0.2243346007604562,203121
