index,year,ortg,drtg,AtRimFGM,AtRimFGA,AtRimAssists,Turnovers,FTA,OffPoss,DefPoss,TwoPtAssists,Steals,BadPassSteals,ThreePtAssists,FG3A,OpponentPoints,Points,SecondChancePoints,FG2A,LiveBallTurnovers,TsPct,Fg3Pct,AtRimFG3AFrequency,Pace,AtRimFrequency,SecondsPerPossOff,SecondsPerPossDef,Minutes,DefAtRimReboundPct,DefFGReboundPct,AtRimAccuracy,player_on,OffFGReboundPct,nba_id
0,2013,108.10810810810813,81.57894736842105,6.0,7.0,3.0,6.0,15.0,37.0,38.0,5.0,1.0,,1.0,13.0,31.0,40.0,8.0,16.0,5.0,0.5714285714285714,0.2307692307692307,0.6896551724137931,105.16066212268744,0.2413793103448276,14.405405405405403,13.0,17.0,0.2307692307692307,0.52,0.8571428571428571,True,0.25,203100
1,2013,104.89671002295331,106.60015349194168,221.0,350.0,118.0,204.0,307.0,1307.0,1303.0,202.0,75.0,43.0,78.0,289.0,1389.0,1371.0,146.0,853.0,104.0,0.5345911949685535,0.3391003460207612,0.5595446584938704,87.25651800431825,0.3064798598949212,15.777352716143842,17.231005372217957,718.0,0.6107784431137725,0.6904761904761905,0.6314285714285715,False,0.257799671592775,203100
