index,year,ortg,drtg,AtRimFGM,AtRimFGA,AtRimAssists,Turnovers,FTA,OffPoss,DefPoss,TwoPtAssists,Steals,BadPassSteals,ThreePtAssists,FG3A,OpponentPoints,Points,SecondChancePoints,FG2A,LiveBallTurnovers,TsPct,Fg3Pct,AtRimFG3AFrequency,Pace,AtRimFrequency,SecondsPerPossOff,SecondsPerPossDef,Minutes,DefAtRimReboundPct,DefFGReboundPct,AtRimAccuracy,player_on,OffFGReboundPct,nba_id
0,2013,22.22222222222222,77.77777777777777,1.0,2.0,1.0,4.0,,9.0,9.0,1.0,1.0,,,2.0,7.0,2.0,,5.0,1.0,0.1428571428571428,,0.5714285714285714,102.0472440944882,0.2857142857142857,17.555555555555557,10.666666666666666,4.0,,1.0,0.5,True,0.5,203135
1,2013,115.96638655462183,94.08450704225352,60.0,93.0,36.0,36.0,77.0,357.0,355.0,73.0,40.0,20.0,21.0,66.0,334.0,414.0,43.0,263.0,22.0,0.5664819944598338,0.3636363636363636,0.4832826747720364,91.00656843600213,0.2826747720364742,15.607843137254902,16.03943661971831,188.0,0.6842105263157895,0.7515151515151515,0.6451612903225806,False,0.25625,203135
