index,year,ortg,drtg,AtRimFGM,AtRimFGA,AtRimAssists,Turnovers,FTA,OffPoss,DefPoss,TwoPtAssists,Steals,BadPassSteals,ThreePtAssists,FG3A,OpponentPoints,Points,SecondChancePoints,FG2A,LiveBallTurnovers,TsPct,Fg3Pct,AtRimFG3AFrequency,Pace,AtRimFrequency,SecondsPerPossOff,SecondsPerPossDef,Minutes,DefAtRimReboundPct,DefFGReboundPct,AtRimAccuracy,player_on,OffFGReboundPct,nba_id
0,2013,127.10280373831776,82.72727272727273,17.0,27.0,11.0,15.0,45.0,107.0,110.0,14.0,8.0,5.0,13.0,26.0,91.0,136.0,18.0,58.0,9.0,0.6476190476190476,0.5769230769230769,0.6309523809523809,99.42093541202672,0.3214285714285714,13.411214953271028,15.527272727272727,52.0,0.3333333333333333,0.6538461538461539,0.6296296296296297,True,0.4146341463414634,203122
1,2013,106.48983438804362,107.01589011580931,1320.0,2214.0,682.0,1191.0,1908.0,7427.0,7426.0,1206.0,632.0,387.0,456.0,1487.0,7947.0,7909.0,1007.0,4979.0,681.0,0.5389246134902176,0.3665097511768662,0.5723785957315187,90.85291206667318,0.3424064336529539,15.335667160360844,16.363991381632104,3924.0,0.5505761843790012,0.677216994582264,0.5962059620596206,False,0.298450745396083,203122
