index,year,ortg,drtg,AtRimFGM,AtRimFGA,AtRimAssists,Turnovers,FTA,OffPoss,DefPoss,TwoPtAssists,Steals,BadPassSteals,ThreePtAssists,FG3A,OpponentPoints,Points,SecondChancePoints,FG2A,LiveBallTurnovers,TsPct,Fg3Pct,AtRimFG3AFrequency,Pace,AtRimFrequency,SecondsPerPossOff,SecondsPerPossDef,Minutes,DefAtRimReboundPct,DefFGReboundPct,AtRimAccuracy,player_on,OffFGReboundPct,nba_id
0,2015,102.02020202020202,104.55407969639468,277.0,459.0,154.0,288.0,380.0,1584.0,1581.0,194.0,154.0,99.0,155.0,585.0,1653.0,1616.0,210.0,769.0,144.0,0.5299539170506913,0.3316239316239316,0.7710487444608567,95.4971189104243,0.3389955686853766,14.960858585858588,15.197343453510436,795.0,0.5976331360946746,0.6887052341597796,0.6034858387799564,True,0.2884097035040431,203123
1,2015,108.5166561910748,103.66698142902108,1148.0,1901.0,640.0,1079.0,1752.0,6364.0,6354.0,849.0,623.0,422.0,622.0,2095.0,6587.0,6906.0,907.0,3383.0,582.0,0.5486344034499281,0.352744630071599,0.7294633077765608,96.42203911864584,0.3470244614822928,14.646291640477688,15.222851746931068,3166.0,0.5879043600562588,0.6986928104575163,0.6038926880589164,False,0.3076145552560647,203123
2,2016,102.15439856373428,102.48226950354608,117.0,192.0,60.0,95.0,69.0,557.0,564.0,87.0,52.0,40.0,45.0,162.0,578.0,569.0,69.0,353.0,52.0,0.5210622710622711,0.3703703703703703,0.6873786407766991,91.52058056468988,0.3728155339805825,15.662477558348296,15.804964539007091,294.0,0.5076923076923077,0.7194244604316546,0.609375,True,0.3051470588235294,203123
3,2016,106.3225454048887,109.59334061135372,1406.0,2481.0,789.0,1107.0,1905.0,7323.0,7328.0,1237.0,557.0,356.0,489.0,1781.0,8031.0,7786.0,1024.0,4707.0,608.0,0.5293595520961355,0.3346434587310499,0.656905055487053,95.75730067809842,0.3823982737361282,15.066229687286633,15.009825327510915,3672.0,0.643281807372176,0.7423971377459749,0.5667069729947601,False,0.2976022566995768,203123
