index,year,ortg,drtg,AtRimFGM,AtRimFGA,AtRimAssists,Turnovers,FTA,OffPoss,DefPoss,TwoPtAssists,Steals,BadPassSteals,ThreePtAssists,FG3A,OpponentPoints,Points,SecondChancePoints,FG2A,LiveBallTurnovers,TsPct,Fg3Pct,AtRimFG3AFrequency,Pace,AtRimFrequency,SecondsPerPossOff,SecondsPerPossDef,Minutes,DefAtRimReboundPct,DefFGReboundPct,AtRimAccuracy,player_on,OffFGReboundPct,nba_id
0,2013,97.20101781170484,87.09677419354838,57.0,102.0,32.0,54.0,100.0,393.0,403.0,63.0,37.0,23.0,21.0,81.0,351.0,382.0,47.0,276.0,27.0,0.475,0.3086419753086419,0.5126050420168067,95.39280958721704,0.2857142857142857,14.62086513994911,15.558312655086848,200.0,0.5434782608695652,0.6952380952380952,0.5588235294117647,True,0.2864077669902912,203162
1,2013,100.15815959741194,105.68624621157454,1005.0,1849.0,521.0,1043.0,1627.0,6955.0,6929.0,1129.0,574.0,349.0,342.0,1263.0,7323.0,6966.0,1006.0,5037.0,553.0,0.4936519258202568,0.3285827395091053,0.4939682539682539,89.62880608255927,0.2934920634920634,15.78648454349389,16.347091932457786,3718.0,0.549407114624506,0.6698252887177969,0.5435370470524608,False,0.2876056338028169,203162
