index,year,ortg,drtg,AtRimFGM,AtRimFGA,AtRimAssists,Turnovers,FTA,OffPoss,DefPoss,TwoPtAssists,Steals,BadPassSteals,ThreePtAssists,FG3A,OpponentPoints,Points,SecondChancePoints,FG2A,LiveBallTurnovers,TsPct,Fg3Pct,AtRimFG3AFrequency,Pace,AtRimFrequency,SecondsPerPossOff,SecondsPerPossDef,Minutes,DefAtRimReboundPct,DefFGReboundPct,AtRimAccuracy,player_on,OffFGReboundPct,nba_id
0,2013,104.3577981651376,106.9351230425056,104.0,145.0,58.0,67.0,120.0,436.0,447.0,78.0,32.0,21.0,26.0,88.0,478.0,455.0,51.0,290.0,34.0,0.5267441860465116,0.3068181818181818,0.6164021164021164,94.74813710879285,0.3835978835978836,14.369266055045872,16.006711409395972,224.0,0.5588235294117647,0.7407407407407407,0.7172413793103448,True,0.2769230769230769,203139
1,2013,103.85760884980854,108.21509648127127,1458.0,2513.0,758.0,1174.0,1750.0,7051.0,7048.0,1189.0,542.0,331.0,449.0,1352.0,7627.0,7323.0,1092.0,4908.0,657.0,0.5185765124555161,0.3594674556213018,0.6174121405750799,90.53942204780591,0.4014376996805112,16.090483619344774,15.718785471055618,3737.0,0.6209476309226932,0.7004816375677303,0.580183048149622,False,0.3236168947055324,203139
2,2014,82.4,117.32283464566927,22.0,39.0,7.0,21.0,34.0,125.0,127.0,12.0,6.0,3.0,5.0,28.0,149.0,103.0,15.0,71.0,12.0,0.4478260869565217,0.1785714285714285,0.6767676767676768,101.70403587443946,0.3939393939393939,15.216,13.118110236220472,59.0,0.6153846153846154,0.6666666666666666,0.5641025641025641,True,0.2666666666666666,203139
3,2014,109.82867448151488,106.79762212458,1345.0,2139.0,578.0,1237.0,1970.0,7763.0,7738.0,921.0,682.0,466.0,625.0,2027.0,8264.0,8526.0,1050.0,4719.0,601.0,0.5573005651202523,0.3749383325111001,0.6175511414171361,95.59830743665736,0.3170767862436999,14.883807806260466,15.24282760403205,3892.0,0.6093394077448747,0.700804884818207,0.6287985039738195,False,0.2935675828846699,203139
