index,year,ortg,drtg,AtRimFGM,AtRimFGA,AtRimAssists,Turnovers,FTA,OffPoss,DefPoss,TwoPtAssists,Steals,BadPassSteals,ThreePtAssists,FG3A,OpponentPoints,Points,SecondChancePoints,FG2A,LiveBallTurnovers,TsPct,Fg3Pct,AtRimFG3AFrequency,Pace,AtRimFrequency,SecondsPerPossOff,SecondsPerPossDef,Minutes,DefAtRimReboundPct,DefFGReboundPct,AtRimAccuracy,player_on,OffFGReboundPct,nba_id
0,2014,180.0,100.0,1.0,1.0,1.0,1.0,1.0,5.0,6.0,1.0,,,,2.0,6.0,9.0,,1.0,,1.125,1.0,1.0,135.3846153846154,0.3333333333333333,11.8,9.666666666666666,2.0,,,1.0,True,,203147
1,2014,109.0860359153042,108.110278372591,1322.0,2148.0,671.0,1192.0,2049.0,7462.0,7472.0,1042.0,513.0,300.0,575.0,1919.0,8078.0,8140.0,1044.0,4479.0,631.0,0.5546276013143483,0.3705054715997916,0.6356673960612691,90.30271727491464,0.3357299155986246,15.577593138568748,16.314641327623125,3969.0,0.6126005361930295,0.7241474909897422,0.6154562383612663,False,0.2904846335697399,203147
