index,year,ortg,drtg,AtRimFGM,AtRimFGA,AtRimAssists,Turnovers,FTA,OffPoss,DefPoss,TwoPtAssists,Steals,BadPassSteals,ThreePtAssists,FG3A,OpponentPoints,Points,SecondChancePoints,FG2A,LiveBallTurnovers,TsPct,Fg3Pct,AtRimFG3AFrequency,Pace,AtRimFrequency,SecondsPerPossOff,SecondsPerPossDef,Minutes,DefAtRimReboundPct,DefFGReboundPct,AtRimAccuracy,player_on,OffFGReboundPct,nba_id
0,2013,94.44444444444444,121.37404580152672,18.0,39.0,12.0,20.0,33.0,126.0,131.0,23.0,14.0,10.0,7.0,27.0,159.0,119.0,16.0,93.0,10.0,0.4402985074626865,0.3333333333333333,0.55,86.30597014925372,0.325,17.88888888888889,15.526717557251908,71.0,0.5333333333333333,0.6111111111111112,0.4615384615384615,True,0.3013698630136986,203104
1,2013,104.45859872611464,108.70488322717624,156.0,271.0,80.0,151.0,242.0,942.0,942.0,160.0,63.0,44.0,44.0,177.0,1024.0,984.0,144.0,662.0,74.0,0.5174418604651163,0.3163841807909605,0.533969010727056,87.03195175157192,0.3230035756853397,17.348195329087048,15.743099787685775,520.0,0.6442307692307693,0.7291196388261851,0.5756457564575646,False,0.3088888888888889,203104
