index,year,ortg,drtg,AtRimFGM,AtRimFGA,AtRimAssists,Turnovers,FTA,OffPoss,DefPoss,TwoPtAssists,Steals,BadPassSteals,ThreePtAssists,FG3A,OpponentPoints,Points,SecondChancePoints,FG2A,LiveBallTurnovers,TsPct,Fg3Pct,AtRimFG3AFrequency,Pace,AtRimFrequency,SecondsPerPossOff,SecondsPerPossDef,Minutes,DefAtRimReboundPct,DefFGReboundPct,AtRimAccuracy,player_on,OffFGReboundPct,nba_id
0,2017,100.0,101.35135135135135,12.0,23.0,4.0,12.0,26.0,75.0,74.0,5.0,5.0,4.0,7.0,24.0,75.0,75.0,19.0,41.0,4.0,0.4868421052631579,0.2916666666666667,0.7230769230769231,99.8882681564246,0.3538461538461538,15.28,13.54054054054054,36.0,0.8571428571428571,0.8387096774193549,0.5217391304347826,True,0.3414634146341463,203107
1,2017,112.6164267569856,112.04717775905644,214.0,353.0,138.0,178.0,318.0,1181.0,1187.0,205.0,86.0,53.0,108.0,370.0,1330.0,1330.0,157.0,651.0,99.0,0.5710594315245479,0.3702702702702702,0.7081292850146915,95.80579905596764,0.345739471106758,14.95342929720576,15.106992417860152,593.0,0.6642857142857143,0.6919014084507042,0.6062322946175638,False,0.2801484230055658,203107
2,2018,104.83870967741936,101.66666666666669,21.0,31.0,10.0,16.0,21.0,124.0,120.0,14.0,7.0,7.0,12.0,46.0,122.0,130.0,13.0,65.0,8.0,0.5371900826446281,0.3260869565217391,0.6936936936936937,97.8173719376392,0.2792792792792792,14.193548387096774,15.266666666666667,60.0,0.5882352941176471,0.7213114754098361,0.6774193548387096,True,0.2203389830508474,203107
3,2018,114.37908496732028,113.01518438177874,80.0,136.0,42.0,69.0,128.0,459.0,461.0,67.0,38.0,25.0,40.0,115.0,521.0,525.0,58.0,271.0,39.0,0.5914221218961625,0.4434782608695652,0.6502590673575129,96.7855055523086,0.3523316062176165,15.128540305010894,14.629067245119304,228.0,0.723404255319149,0.7574257425742574,0.5882352941176471,False,0.2615384615384615,203107
