index,year,ortg,drtg,AtRimFGM,AtRimFGA,AtRimAssists,Turnovers,FTA,OffPoss,DefPoss,TwoPtAssists,Steals,BadPassSteals,ThreePtAssists,FG3A,OpponentPoints,Points,SecondChancePoints,FG2A,LiveBallTurnovers,TsPct,Fg3Pct,AtRimFG3AFrequency,Pace,AtRimFrequency,SecondsPerPossOff,SecondsPerPossDef,Minutes,DefAtRimReboundPct,DefFGReboundPct,AtRimAccuracy,player_on,OffFGReboundPct,nba_id
0,2013,81.3953488372093,116.27906976744184,6.0,9.0,,4.0,11.0,43.0,43.0,1.0,,,3.0,12.0,50.0,35.0,14.0,28.0,2.0,0.3804347826086957,0.25,0.525,94.03189066059224,0.225,14.511627906976743,16.11627906976744,22.0,0.6666666666666666,0.7777777777777778,0.6666666666666666,True,0.3333333333333333,203162
1,2013,104.78234212139792,103.42507645259938,267.0,455.0,122.0,309.0,530.0,1631.0,1635.0,226.0,103.0,68.0,102.0,352.0,1691.0,1709.0,280.0,1021.0,139.0,0.5251865671641791,0.3295454545454545,0.5877640203932993,87.57499581028993,0.3313911143481428,16.846106683016554,16.040978593272172,895.0,0.5226130653266332,0.7335766423357665,0.5868131868131868,False,0.350597609561753,203162
