index,year,ortg,drtg,AtRimFGM,AtRimFGA,AtRimAssists,Turnovers,FTA,OffPoss,DefPoss,TwoPtAssists,Steals,BadPassSteals,ThreePtAssists,FG3A,OpponentPoints,Points,SecondChancePoints,FG2A,LiveBallTurnovers,TsPct,Fg3Pct,AtRimFG3AFrequency,Pace,AtRimFrequency,SecondsPerPossOff,SecondsPerPossDef,Minutes,DefAtRimReboundPct,DefFGReboundPct,AtRimAccuracy,player_on,OffFGReboundPct,nba_id
0,2014,100.0,180.0,,,,,4.0,6.0,5.0,1.0,,,,2.0,9.0,6.0,,2.0,,0.5,,0.5,135.3846153846154,,9.666666666666666,11.8,2.0,,,,True,,203147
1,2014,108.110278372591,109.0860359153042,1125.0,1881.0,552.0,1063.0,1666.0,7472.0,7462.0,1019.0,631.0,364.0,621.0,2036.0,8140.0,8078.0,1076.0,4699.0,513.0,0.5381781647689217,0.3727897838899803,0.5815887156644395,90.30271727491464,0.2792873051224944,16.314641327623125,15.577593138568748,3969.0,0.5865030674846625,0.70951536643026,0.5980861244019139,False,0.2758525090102578,203147
