index,year,ortg,drtg,AtRimFGM,AtRimFGA,AtRimAssists,Turnovers,FTA,OffPoss,DefPoss,TwoPtAssists,Steals,BadPassSteals,ThreePtAssists,FG3A,OpponentPoints,Points,SecondChancePoints,FG2A,LiveBallTurnovers,TsPct,Fg3Pct,AtRimFG3AFrequency,Pace,AtRimFrequency,SecondsPerPossOff,SecondsPerPossDef,Minutes,DefAtRimReboundPct,DefFGReboundPct,AtRimAccuracy,player_on,OffFGReboundPct,nba_id
0,2018,108.40579710144928,109.88372093023256,60.0,86.0,34.0,49.0,78.0,345.0,344.0,55.0,30.0,21.0,22.0,107.0,378.0,374.0,45.0,198.0,31.0,0.5504451038575667,0.2803738317757009,0.6327868852459017,101.85401909454882,0.2819672131147541,14.666666666666666,13.607558139534884,162.0,0.6363636363636364,0.8211920529801324,0.6976744186046512,True,0.274390243902439,203121
1,2018,107.78546712802768,105.51724137931036,109.0,159.0,61.0,75.0,100.0,578.0,580.0,98.0,53.0,36.0,55.0,180.0,612.0,623.0,72.0,347.0,42.0,0.546572934973638,0.3555555555555555,0.6432637571157496,103.0669386241424,0.301707779886148,14.314878892733564,13.629310344827584,270.0,0.6833333333333333,0.7756653992395437,0.6855345911949685,False,0.2218309859154929,203121
