index,year,ortg,drtg,AtRimFGM,AtRimFGA,AtRimAssists,Turnovers,FTA,OffPoss,DefPoss,TwoPtAssists,Steals,BadPassSteals,ThreePtAssists,FG3A,OpponentPoints,Points,SecondChancePoints,FG2A,LiveBallTurnovers,TsPct,Fg3Pct,AtRimFG3AFrequency,Pace,AtRimFrequency,SecondsPerPossOff,SecondsPerPossDef,Minutes,DefAtRimReboundPct,DefFGReboundPct,AtRimAccuracy,player_on,OffFGReboundPct,nba_id
0,2013,103.76411543287328,109.95024875621893,167.0,274.0,84.0,122.0,235.0,797.0,804.0,122.0,53.0,28.0,46.0,172.0,884.0,827.0,108.0,510.0,68.0,0.5235368956743003,0.2906976744186046,0.6539589442815249,94.52010987659384,0.4017595307917888,14.859473023839396,15.606965174129352,407.0,0.5542168674698795,0.698005698005698,0.6094890510948905,True,0.3055555555555556,203119
1,2013,103.9013452914798,107.92108802869528,1395.0,2384.0,732.0,1119.0,1635.0,6690.0,6691.0,1145.0,521.0,324.0,429.0,1268.0,7221.0,6951.0,1035.0,4688.0,623.0,0.5185185185185185,0.3651419558359621,0.61316319677636,90.34899586906675,0.4002686366689053,16.124962630792226,15.751457181288298,3554.0,0.6254980079681275,0.7031645569620253,0.5851510067114094,False,0.3228026274632468,203119
