index,year,ortg,drtg,AtRimFGM,AtRimFGA,AtRimAssists,Turnovers,FTA,OffPoss,DefPoss,TwoPtAssists,Steals,BadPassSteals,ThreePtAssists,FG3A,OpponentPoints,Points,SecondChancePoints,FG2A,LiveBallTurnovers,TsPct,Fg3Pct,AtRimFG3AFrequency,Pace,AtRimFrequency,SecondsPerPossOff,SecondsPerPossDef,Minutes,DefAtRimReboundPct,DefFGReboundPct,AtRimAccuracy,player_on,OffFGReboundPct,nba_id
0,2013,116.27906976744184,81.3953488372093,8.0,11.0,5.0,2.0,10.0,43.0,43.0,6.0,2.0,2.0,5.0,15.0,35.0,50.0,8.0,22.0,,0.6097560975609756,0.4666666666666667,0.7027027027027027,94.03189066059224,0.2972972972972973,16.11627906976744,14.511627906976743,22.0,0.6666666666666666,0.6666666666666666,0.7272727272727273,True,0.2222222222222222,203162
1,2013,103.42507645259938,104.78234212139792,252.0,452.0,112.0,215.0,429.0,1635.0,1631.0,208.0,139.0,88.0,104.0,362.0,1709.0,1691.0,236.0,1093.0,103.0,0.5106318347509113,0.3508287292817679,0.5594501718213059,87.57499581028993,0.3106529209621993,16.040978593272172,16.846106683016554,895.0,0.5401069518716578,0.649402390438247,0.5575221238938053,False,0.2664233576642336,203162
2,2013,103.42507645259938,104.78234212139792,252.0,452.0,112.0,215.0,429.0,1635.0,1631.0,208.0,139.0,88.0,104.0,362.0,1709.0,1691.0,236.0,1093.0,103.0,0.5106318347509113,0.3508287292817679,0.5594501718213059,87.57499581028993,0.3106529209621993,16.040978593272172,16.846106683016554,895.0,0.5401069518716578,0.649402390438247,0.5575221238938053,False,0.2664233576642336,203162
