index,year,ortg,drtg,AtRimFGM,AtRimFGA,AtRimAssists,Turnovers,FTA,OffPoss,DefPoss,TwoPtAssists,Steals,BadPassSteals,ThreePtAssists,FG3A,OpponentPoints,Points,SecondChancePoints,FG2A,LiveBallTurnovers,TsPct,Fg3Pct,AtRimFG3AFrequency,Pace,AtRimFrequency,SecondsPerPossOff,SecondsPerPossDef,Minutes,DefAtRimReboundPct,DefFGReboundPct,AtRimAccuracy,player_on,OffFGReboundPct,nba_id
0,2016,120.73170731707316,103.84615384615384,4.0,7.0,1.0,10.0,33.0,82.0,78.0,11.0,4.0,2.0,5.0,27.0,81.0,99.0,14.0,35.0,4.0,0.6346153846153846,0.4444444444444444,0.5483870967741935,107.7642656688494,0.1129032258064516,13.451219512195122,13.26923076923077,36.0,0.6,0.8620689655172413,0.5714285714285714,True,0.2758620689655172,203148
1,2016,106.02409638554217,110.08991008991008,148.0,280.0,78.0,134.0,248.0,996.0,1001.0,132.0,64.0,39.0,89.0,317.0,1102.0,1056.0,147.0,601.0,81.0,0.510689990281827,0.3753943217665615,0.6503267973856209,96.36351450975135,0.3050108932461873,15.147590361445785,14.74025974025974,497.0,0.6555555555555556,0.7354166666666667,0.5285714285714286,False,0.3065420560747663,203148
