index,year,ortg,drtg,AtRimFGM,AtRimFGA,AtRimAssists,Turnovers,FTA,OffPoss,DefPoss,TwoPtAssists,Steals,BadPassSteals,ThreePtAssists,FG3A,OpponentPoints,Points,SecondChancePoints,FG2A,LiveBallTurnovers,TsPct,Fg3Pct,AtRimFG3AFrequency,Pace,AtRimFrequency,SecondsPerPossOff,SecondsPerPossDef,Minutes,DefAtRimReboundPct,DefFGReboundPct,AtRimAccuracy,player_on,OffFGReboundPct,nba_id
0,2013,77.77777777777777,22.22222222222222,,,,2.0,,9.0,9.0,,1.0,,,3.0,2.0,7.0,,4.0,1.0,0.5,0.3333333333333333,0.4285714285714285,102.0472440944882,,10.666666666666666,17.555555555555557,4.0,,0.5,,True,,203135
1,2013,94.08450704225352,115.96638655462183,62.0,81.0,32.0,64.0,74.0,355.0,357.0,56.0,22.0,11.0,18.0,71.0,414.0,334.0,48.0,234.0,40.0,0.4970238095238095,0.2676056338028169,0.4983606557377049,91.00656843600213,0.2655737704918032,16.03943661971831,15.607843137254902,188.0,0.5454545454545454,0.74375,0.7654320987654321,False,0.2484848484848484,203135
