index,year,ortg,drtg,AtRimFGM,AtRimFGA,AtRimAssists,Turnovers,FTA,OffPoss,DefPoss,TwoPtAssists,Steals,BadPassSteals,ThreePtAssists,FG3A,OpponentPoints,Points,SecondChancePoints,FG2A,LiveBallTurnovers,TsPct,Fg3Pct,AtRimFG3AFrequency,Pace,AtRimFrequency,SecondsPerPossOff,SecondsPerPossDef,Minutes,DefAtRimReboundPct,DefFGReboundPct,AtRimAccuracy,player_on,OffFGReboundPct,nba_id
0,2013,100.920245398773,109.6923076923077,107.0,170.0,62.0,108.0,185.0,652.0,650.0,105.0,54.0,32.0,50.0,157.0,713.0,658.0,79.0,366.0,54.0,0.5429752066115703,0.375796178343949,0.6252390057361377,93.55688622754492,0.3250478011472275,15.588957055214724,15.193846153846154,334.0,0.5357142857142857,0.6317365269461078,0.6294117647058823,True,0.259927797833935,203158
1,2013,110.26270207852194,103.80622837370242,1278.0,1986.0,741.0,1141.0,1802.0,6928.0,6936.0,1324.0,570.0,344.0,484.0,1482.0,7200.0,7639.0,1044.0,4522.0,593.0,0.5606060606060606,0.3717948717948718,0.5776149233844103,92.11960132890366,0.3307794803464357,15.495814087759817,15.767733564013842,3612.0,0.5583524027459954,0.68198793450158,0.6435045317220544,False,0.3097402597402597,203158
