index,year,ortg,drtg,AtRimFGM,AtRimFGA,AtRimAssists,Turnovers,FTA,OffPoss,DefPoss,TwoPtAssists,Steals,BadPassSteals,ThreePtAssists,FG3A,OpponentPoints,Points,SecondChancePoints,FG2A,LiveBallTurnovers,TsPct,Fg3Pct,AtRimFG3AFrequency,Pace,AtRimFrequency,SecondsPerPossOff,SecondsPerPossDef,Minutes,DefAtRimReboundPct,DefFGReboundPct,AtRimAccuracy,player_on,OffFGReboundPct,nba_id
0,2015,93.33333333333331,120.0,1.0,6.0,,2.0,3.0,30.0,30.0,5.0,1.0,1.0,3.0,11.0,36.0,28.0,3.0,24.0,,0.3888888888888889,0.3636363636363636,0.4857142857142857,87.8942014242116,0.1714285714285714,15.4,17.366666666666667,16.0,0.8333333333333334,0.6875,0.1666666666666666,True,0.3333333333333333,203101
1,2015,92.80442804428044,105.17560073937152,82.0,177.0,45.0,77.0,122.0,542.0,541.0,87.0,64.0,42.0,27.0,98.0,569.0,503.0,83.0,396.0,46.0,0.4588665447897623,0.2959183673469387,0.5566801619433198,92.29567378824645,0.3582995951417004,14.74538745387454,16.46025878003697,282.0,0.6875,0.68359375,0.4632768361581921,False,0.2576271186440678,203101
