index,year,ortg,drtg,AtRimFGM,AtRimFGA,AtRimAssists,Turnovers,FTA,OffPoss,DefPoss,TwoPtAssists,Steals,BadPassSteals,ThreePtAssists,FG3A,OpponentPoints,Points,SecondChancePoints,FG2A,LiveBallTurnovers,TsPct,Fg3Pct,AtRimFG3AFrequency,Pace,AtRimFrequency,SecondsPerPossOff,SecondsPerPossDef,Minutes,DefAtRimReboundPct,DefFGReboundPct,AtRimAccuracy,player_on,OffFGReboundPct,nba_id
0,2013,70.83333333333333,91.66666666666669,7.0,9.0,4.0,13.0,8.0,48.0,48.0,6.0,6.0,5.0,3.0,9.0,44.0,34.0,,24.0,9.0,0.4594594594594595,0.3333333333333333,0.5454545454545454,108.4235294117647,0.2727272727272727,12.354166666666666,14.208333333333334,21.0,1.0,0.7368421052631579,0.7777777777777778,True,0.15,203159
1,2013,109.86416148279802,106.24046771733605,1608.0,2607.0,876.0,1335.0,2079.0,7877.0,7868.0,1167.0,673.0,428.0,726.0,2360.0,8359.0,8654.0,1064.0,4389.0,684.0,0.5625734046717995,0.3661016949152542,0.7359608830937917,96.03659698837284,0.3862794488072307,14.3776818585756,15.61159125571937,3935.0,0.6036745406824147,0.7220723151645979,0.616800920598389,False,0.2996328720700367,203159
2,2019,110.25641025641026,110.25641025641026,14.0,18.0,10.0,4.0,7.0,39.0,39.0,10.0,2.0,1.0,1.0,7.0,43.0,43.0,4.0,31.0,3.0,0.5375,0.2857142857142857,0.6578947368421053,97.6695652173913,0.4736842105263157,14.41025641025641,15.076923076923077,19.0,0.6666666666666666,0.6875,0.7777777777777778,True,0.2777777777777778,203159
3,2019,108.53063652587744,110.3394877903514,1881.0,2908.0,1092.0,1280.0,1903.0,8405.0,8395.0,1414.0,616.0,420.0,671.0,2534.0,9263.0,9122.0,1050.0,4853.0,680.0,0.5538480302475912,0.3334648776637727,0.7366996074184378,102.41734050209558,0.3936645458237444,13.710529446757882,14.410125074449075,3937.0,0.6009478672985782,0.7346588119783997,0.6468363136176066,False,0.2659713168187744,203159
