index,year,ortg,drtg,AtRimFGM,AtRimFGA,AtRimAssists,Turnovers,FTA,OffPoss,DefPoss,TwoPtAssists,Steals,BadPassSteals,ThreePtAssists,FG3A,OpponentPoints,Points,SecondChancePoints,FG2A,LiveBallTurnovers,TsPct,Fg3Pct,AtRimFG3AFrequency,Pace,AtRimFrequency,SecondsPerPossOff,SecondsPerPossDef,Minutes,DefAtRimReboundPct,DefFGReboundPct,AtRimAccuracy,player_on,OffFGReboundPct,nba_id
0,2013,100.0,46.66666666666666,2.0,6.0,2.0,,10.0,15.0,15.0,2.0,,,1.0,4.0,7.0,15.0,5.0,11.0,,0.3947368421052631,0.25,0.6666666666666666,128.57142857142858,0.4,10.266666666666667,12.133333333333333,6.0,0.75,0.8,0.3333333333333333,True,0.3636363636363636,203130
1,2013,106.92954104718812,108.4293668263628,1411.0,2286.0,782.0,1062.0,1584.0,7735.0,7723.0,1413.0,696.0,437.0,502.0,1714.0,8374.0,8271.0,1123.0,5451.0,576.0,0.5244166772918526,0.3570595099183197,0.5582693649685974,94.03153038982106,0.3190509420795533,15.458564964447318,15.169234753334196,3945.0,0.570528967254408,0.6875178520422737,0.6172353455818023,False,0.2900863196442584,203130
2,2014,87.5,73.52941176470588,6.0,13.0,4.0,9.0,14.0,32.0,34.0,5.0,4.0,2.0,1.0,3.0,25.0,28.0,2.0,18.0,2.0,0.5,0.3333333333333333,0.7619047619047619,103.6423118865867,0.6190476190476191,14.59375,13.235294117647058,15.0,1.0,0.7777777777777778,0.4615384615384615,True,0.3076923076923077,203130
3,2014,110.3549932440732,99.8894213048286,1481.0,2343.0,865.0,1381.0,2247.0,8141.0,8139.0,1474.0,732.0,464.0,664.0,1995.0,8130.0,8984.0,1160.0,4959.0,763.0,0.5631930443548387,0.3699248120300752,0.6238136324417601,98.77350501173407,0.3369283865401208,15.281537894607542,13.875906130974322,3956.0,0.6235772357723577,0.7123703516316722,0.6320956039265898,False,0.3103544515768909,203130
