index,year,ortg,drtg,AtRimFGM,AtRimFGA,AtRimAssists,Turnovers,FTA,OffPoss,DefPoss,TwoPtAssists,Steals,BadPassSteals,ThreePtAssists,FG3A,OpponentPoints,Points,SecondChancePoints,FG2A,LiveBallTurnovers,TsPct,Fg3Pct,AtRimFG3AFrequency,Pace,AtRimFrequency,SecondsPerPossOff,SecondsPerPossDef,Minutes,DefAtRimReboundPct,DefFGReboundPct,AtRimAccuracy,player_on,OffFGReboundPct,nba_id
0,2013,46.66666666666666,100.0,2.0,7.0,,,2.0,15.0,15.0,1.0,,,,1.0,15.0,7.0,,13.0,,0.2333333333333333,,0.5714285714285714,128.57142857142858,0.5,12.133333333333333,10.266666666666667,6.0,0.75,0.6363636363636364,0.2857142857142857,True,0.2,203130
1,2013,108.4293668263628,106.92954104718812,1341.0,2142.0,759.0,1233.0,2286.0,7723.0,7735.0,1203.0,576.0,327.0,614.0,2014.0,8271.0,8374.0,1129.0,4612.0,696.0,0.5440156965336821,0.3550148957298907,0.6272260790824027,94.03153038982106,0.3232719589495925,15.169234753334196,15.458564964447318,3945.0,0.6333333333333333,0.7099136803557415,0.6260504201680672,False,0.3124821479577264,203130
2,2014,73.52941176470588,87.5,8.0,11.0,3.0,4.0,10.0,34.0,32.0,3.0,2.0,1.0,1.0,7.0,28.0,25.0,2.0,21.0,4.0,0.3787878787878788,0.1428571428571428,0.6428571428571429,103.6423118865867,0.3928571428571428,13.235294117647058,14.59375,15.0,0.5714285714285714,0.6923076923076923,0.7272727272727273,True,0.2222222222222222,203130
3,2014,99.8894213048286,110.3549932440732,1628.0,2863.0,845.0,1379.0,1908.0,8139.0,8141.0,1280.0,763.0,479.0,507.0,1840.0,8984.0,8130.0,1141.0,5282.0,732.0,0.508854559155991,0.3130434782608696,0.6603482167930357,98.77350501173407,0.4019938219601235,13.875906130974322,15.281537894607542,3956.0,0.5752625437572929,0.6896455484231091,0.5686342996856444,False,0.2876296483683278,203130
