index,year,ortg,drtg,AtRimFGM,AtRimFGA,AtRimAssists,Turnovers,FTA,OffPoss,DefPoss,TwoPtAssists,Steals,BadPassSteals,ThreePtAssists,FG3A,OpponentPoints,Points,SecondChancePoints,FG2A,LiveBallTurnovers,TsPct,Fg3Pct,AtRimFG3AFrequency,Pace,AtRimFrequency,SecondsPerPossOff,SecondsPerPossDef,Minutes,DefAtRimReboundPct,DefFGReboundPct,AtRimAccuracy,player_on,OffFGReboundPct,nba_id
0,2013,111.18721461187216,96.99769053117782,81.0,131.0,43.0,74.0,132.0,438.0,433.0,67.0,42.0,25.0,27.0,93.0,420.0,487.0,79.0,274.0,37.0,0.5690866510538641,0.3763440860215054,0.6103542234332425,94.8242231798594,0.3569482288828338,14.552511415525114,15.826789838337184,220.0,0.52,0.7096774193548387,0.6183206106870229,True,0.366120218579235,203116
1,2013,105.74197280879376,108.681207568973,1275.0,2079.0,707.0,1028.0,1439.0,6914.0,6923.0,1270.0,572.0,349.0,392.0,1322.0,7524.0,7311.0,942.0,4925.0,562.0,0.529086678301338,0.3653555219364599,0.5444213222346727,88.54381357400914,0.332799743877061,15.624963841481051,16.900476671963023,3751.0,0.5373711340206185,0.6547368421052632,0.6132756132756133,False,0.2885085574572127,203116
2,2014,120.6831119544592,97.48549323017409,102.0,171.0,52.0,72.0,143.0,527.0,517.0,85.0,53.0,29.0,51.0,155.0,504.0,636.0,75.0,313.0,40.0,0.5930451127819549,0.4064516129032258,0.6965811965811965,92.75991855371136,0.3653846153846153,14.802656546489564,16.259187620889747,270.0,0.5901639344262295,0.7261410788381742,0.5964912280701754,True,0.3511111111111111,203116
3,2014,106.79818336644904,107.43156999007232,1208.0,1986.0,638.0,1223.0,1883.0,7046.0,7051.0,1103.0,554.0,347.0,484.0,1647.0,7575.0,7525.0,979.0,4396.0,665.0,0.5452228371686572,0.3636915604128719,0.6011914611947708,91.29483299078493,0.3286447128909482,15.693726937269371,15.85236136718196,3706.0,0.6280487804878049,0.748565965583174,0.608257804632427,False,0.306476603656647,203116
