index,year,ortg,drtg,AtRimFGM,AtRimFGA,AtRimAssists,Turnovers,FTA,OffPoss,DefPoss,TwoPtAssists,Steals,BadPassSteals,ThreePtAssists,FG3A,OpponentPoints,Points,SecondChancePoints,FG2A,LiveBallTurnovers,TsPct,Fg3Pct,AtRimFG3AFrequency,Pace,AtRimFrequency,SecondsPerPossOff,SecondsPerPossDef,Minutes,DefAtRimReboundPct,DefFGReboundPct,AtRimAccuracy,player_on,OffFGReboundPct,nba_id
0,2013,81.81818181818181,117.85714285714286,7.0,10.0,,6.0,20.0,55.0,56.0,1.0,1.0,,3.0,16.0,66.0,45.0,14.0,31.0,2.0,0.3947368421052631,0.25,0.5531914893617021,95.4268656716418,0.2127659574468085,15.072727272727272,15.107142857142858,28.0,0.5,0.7142857142857143,0.7,True,0.34375,203111
1,2013,104.94132180358244,103.2675709001233,266.0,454.0,122.0,307.0,521.0,1619.0,1622.0,226.0,102.0,68.0,102.0,348.0,1675.0,1699.0,280.0,1018.0,139.0,0.5256731371321227,0.3304597701149425,0.5871156661786238,87.48786203018089,0.3323572474377745,16.84434836318715,16.07521578298397,889.0,0.5252525252525253,0.7350427350427351,0.5859030837004405,False,0.3502673796791444,203111
