index,year,ortg,drtg,AtRimFGM,AtRimFGA,AtRimAssists,Turnovers,FTA,OffPoss,DefPoss,TwoPtAssists,Steals,BadPassSteals,ThreePtAssists,FG3A,OpponentPoints,Points,SecondChancePoints,FG2A,LiveBallTurnovers,TsPct,Fg3Pct,AtRimFG3AFrequency,Pace,AtRimFrequency,SecondsPerPossOff,SecondsPerPossDef,Minutes,DefAtRimReboundPct,DefFGReboundPct,AtRimAccuracy,player_on,OffFGReboundPct,nba_id
0,2013,96.00997506234414,112.37373737373736,60.0,104.0,31.0,71.0,102.0,401.0,396.0,54.0,17.0,11.0,27.0,98.0,445.0,385.0,64.0,249.0,36.0,0.4846547314578005,0.3265306122448979,0.5821325648414986,83.06890561667632,0.2997118155619596,17.251870324189525,17.41919191919192,230.0,0.5333333333333333,0.735,0.5769230769230769,True,0.2871287128712871,203143
1,2013,100.0,95.37037037037037,90.0,149.0,37.0,132.0,202.0,646.0,648.0,75.0,44.0,27.0,45.0,166.0,618.0,646.0,91.0,335.0,70.0,0.5420875420875421,0.3192771084337349,0.6287425149700598,88.54590382056642,0.2974051896207584,15.53405572755418,16.989197530864196,351.0,0.4752475247524752,0.71900826446281,0.6040268456375839,False,0.2600732600732601,203143
2,2015,108.5808580858086,105.2892561983471,117.0,185.0,68.0,89.0,161.0,606.0,605.0,91.0,58.0,37.0,48.0,168.0,637.0,658.0,96.0,382.0,50.0,0.5282714054927302,0.3392857142857143,0.6418181818181818,99.06493211384424,0.3363636363636363,14.823432343234323,14.24793388429752,293.0,0.6486486486486487,0.6655290102389079,0.6324324324324324,True,0.3131313131313131,203143
3,2015,109.48970456580123,107.99640610961366,196.0,290.0,115.0,156.0,292.0,1117.0,1113.0,183.0,89.0,60.0,87.0,319.0,1202.0,1223.0,148.0,651.0,92.0,0.5521778584392014,0.335423197492163,0.6278350515463917,102.40775584399016,0.2989690721649484,14.432408236347358,13.689128481581312,523.0,0.6666666666666666,0.7167019027484144,0.6758620689655173,False,0.2709163346613545,203143
4,2016,103.50877192982456,98.21428571428572,10.0,16.0,3.0,7.0,16.0,57.0,56.0,5.0,3.0,1.0,3.0,20.0,55.0,59.0,12.0,29.0,4.0,0.5175438596491229,0.35,0.7346938775510204,105.04841833440928,0.3265306122448979,13.614035087719298,13.803571428571429,26.0,0.8,0.7857142857142857,0.625,True,0.2857142857142857,203143
5,2016,102.73972602739724,104.4921875,80.0,148.0,45.0,72.0,122.0,511.0,512.0,79.0,31.0,19.0,41.0,158.0,535.0,525.0,71.0,311.0,47.0,0.4980988593155893,0.3354430379746835,0.652452025586354,93.64439641472252,0.3155650319829424,15.16829745596869,15.5859375,262.0,0.6590909090909091,0.7370517928286853,0.5405405405405406,False,0.3127272727272727,203143
