index,year,ortg,drtg,AtRimFGM,AtRimFGA,AtRimAssists,Turnovers,FTA,OffPoss,DefPoss,TwoPtAssists,Steals,BadPassSteals,ThreePtAssists,FG3A,OpponentPoints,Points,SecondChancePoints,FG2A,LiveBallTurnovers,TsPct,Fg3Pct,AtRimFG3AFrequency,Pace,AtRimFrequency,SecondsPerPossOff,SecondsPerPossDef,Minutes,DefAtRimReboundPct,DefFGReboundPct,AtRimAccuracy,player_on,OffFGReboundPct,nba_id
0,2013,85.41666666666667,81.25,5.0,8.0,5.0,9.0,18.0,48.0,48.0,7.0,7.0,6.0,2.0,10.0,39.0,41.0,4.0,21.0,5.0,0.5128205128205128,0.4,0.5806451612903226,97.35211267605634,0.2580645161290322,14.4375,15.145833333333334,24.0,1.0,0.6956521739130435,0.625,True,0.2941176470588235,203126
1,2013,103.67070089107594,103.36167951102844,1371.0,2265.0,758.0,1230.0,1919.0,7519.0,7526.0,1279.0,627.0,429.0,464.0,1600.0,7779.0,7795.0,1153.0,5008.0,662.0,0.5196433360150174,0.34125,0.5848970944309927,91.54398715456772,0.3427663438256658,16.346588642106664,15.114270528833378,3944.0,0.6413449564134496,0.7686298076923077,0.6052980132450331,False,0.3026755852842809,203126
2,2013,116.94915254237289,108.33333333333331,9.0,15.0,6.0,9.0,19.0,59.0,60.0,15.0,5.0,3.0,2.0,10.0,65.0,69.0,12.0,43.0,7.0,0.5564516129032258,0.3,0.4716981132075472,94.51737451737452,0.2830188679245283,15.203389830508474,15.266666666666667,30.0,0.2,0.6538461538461539,0.6,True,0.4,203126
3,2013,105.9783353901001,107.9906798245614,1347.0,2195.0,744.0,1093.0,1552.0,7293.0,7296.0,1322.0,609.0,371.0,417.0,1405.0,7879.0,7729.0,1009.0,5156.0,592.0,0.5312111586797403,0.3665480427046263,0.5486968449931413,88.84934044415873,0.3345526596555403,15.563965446318388,16.85019188596491,3941.0,0.53836784409257,0.6576757532281206,0.6136674259681093,False,0.2918367346938775,203126
