index,year,ortg,drtg,AtRimFGM,AtRimFGA,AtRimAssists,Turnovers,FTA,OffPoss,DefPoss,TwoPtAssists,Steals,BadPassSteals,ThreePtAssists,FG3A,OpponentPoints,Points,SecondChancePoints,FG2A,LiveBallTurnovers,TsPct,Fg3Pct,AtRimFG3AFrequency,Pace,AtRimFrequency,SecondsPerPossOff,SecondsPerPossDef,Minutes,DefAtRimReboundPct,DefFGReboundPct,AtRimAccuracy,player_on,OffFGReboundPct,nba_id
0,2015,54.34782608695652,77.77777777777777,2.0,5.0,1.0,11.0,12.0,46.0,45.0,3.0,3.0,1.0,2.0,13.0,35.0,25.0,3.0,15.0,8.0,0.3676470588235294,0.2307692307692307,0.6428571428571429,104.4976076555024,0.1785714285714285,12.41304347826087,15.177777777777775,21.0,0.6666666666666666,0.84,0.4,True,0.25,203123
1,2015,108.49282296650718,110.0119189511323,330.0,509.0,200.0,253.0,611.0,1672.0,1678.0,252.0,139.0,107.0,115.0,455.0,1846.0,1814.0,235.0,934.0,139.0,0.5411164465786314,0.3472527472527472,0.6940244780417567,101.11935605584203,0.3664506839452843,13.926435406698564,14.553635280095351,795.0,0.5987261146496815,0.7093023255813954,0.6483300589390962,False,0.3042895442359249,203123
