index,year,ortg,drtg,AtRimFGM,AtRimFGA,AtRimAssists,Turnovers,FTA,OffPoss,DefPoss,TwoPtAssists,Steals,BadPassSteals,ThreePtAssists,FG3A,OpponentPoints,Points,SecondChancePoints,FG2A,LiveBallTurnovers,TsPct,Fg3Pct,AtRimFG3AFrequency,Pace,AtRimFrequency,SecondsPerPossOff,SecondsPerPossDef,Minutes,DefAtRimReboundPct,DefFGReboundPct,AtRimAccuracy,player_on,OffFGReboundPct,nba_id
0,2014,122.22222222222224,117.6470588235294,7.0,9.0,5.0,4.0,6.0,18.0,17.0,5.0,1.0,1.0,,2.0,20.0,22.0,4.0,12.0,2.0,0.6470588235294118,,0.7857142857142857,86.15384615384616,0.6428571428571429,15.0,18.529411764705884,10.0,1.0,0.75,0.7777777777777778,True,0.5,203183
1,2014,102.83192834562698,111.62300908253258,1314.0,2331.0,707.0,1234.0,1837.0,7592.0,7597.0,1310.0,540.0,343.0,445.0,1551.0,8480.0,7807.0,1060.0,5172.0,638.0,0.5144822113477053,0.3533204384268214,0.5774207942882642,91.90948629057674,0.3467202141900937,15.930716543730242,15.40463340792418,3966.0,0.5657894736842105,0.6864724545716758,0.5637065637065637,False,0.3071930773391022,203183
