index,year,ortg,drtg,AtRimFGM,AtRimFGA,AtRimAssists,Turnovers,FTA,OffPoss,DefPoss,TwoPtAssists,Steals,BadPassSteals,ThreePtAssists,FG3A,OpponentPoints,Points,SecondChancePoints,FG2A,LiveBallTurnovers,TsPct,Fg3Pct,AtRimFG3AFrequency,Pace,AtRimFrequency,SecondsPerPossOff,SecondsPerPossDef,Minutes,DefAtRimReboundPct,DefFGReboundPct,AtRimAccuracy,player_on,OffFGReboundPct,nba_id
0,2014,100.0,126.66666666666669,1.0,3.0,1.0,2.0,8.0,15.0,15.0,2.0,,,1.0,5.0,19.0,15.0,2.0,7.0,2.0,0.46875,0.2,0.6666666666666666,91.33192389006342,0.25,16.066666666666666,15.466666666666669,8.0,,0.8888888888888888,0.3333333333333333,True,0.375,203136
1,2014,111.62079510703364,115.39634146341464,128.0,202.0,85.0,119.0,187.0,654.0,656.0,117.0,49.0,31.0,51.0,179.0,757.0,730.0,101.0,391.0,69.0,0.5558103975535168,0.3687150837988827,0.6684210526315789,95.81957637019352,0.3543859649122807,14.787461773700306,15.268292682926829,328.0,0.6181818181818182,0.6818181818181818,0.6336633663366337,False,0.3554817275747508,203136
