index,year,ortg,drtg,AtRimFGM,AtRimFGA,AtRimAssists,Turnovers,FTA,OffPoss,DefPoss,TwoPtAssists,Steals,BadPassSteals,ThreePtAssists,FG3A,OpponentPoints,Points,SecondChancePoints,FG2A,LiveBallTurnovers,TsPct,Fg3Pct,AtRimFG3AFrequency,Pace,AtRimFrequency,SecondsPerPossOff,SecondsPerPossDef,Minutes,DefAtRimReboundPct,DefFGReboundPct,AtRimAccuracy,player_on,OffFGReboundPct,nba_id
0,2016,103.84615384615384,120.73170731707316,10.0,15.0,4.0,11.0,20.0,78.0,82.0,9.0,4.0,3.0,7.0,23.0,99.0,81.0,3.0,36.0,4.0,0.5955882352941176,0.391304347826087,0.6440677966101694,107.7642656688494,0.2542372881355932,13.26923076923077,13.451219512195122,36.0,,0.7241379310344828,0.6666666666666666,True,0.1379310344827586,203148
1,2016,110.08991008991008,106.02409638554217,161.0,252.0,74.0,111.0,279.0,1001.0,996.0,142.0,81.0,55.0,78.0,250.0,1056.0,1102.0,148.0,650.0,64.0,0.5355058365758755,0.356,0.5577777777777778,96.36351450975135,0.28,14.74025974025974,15.147590361445785,497.0,0.5190839694656488,0.6934579439252336,0.6388888888888888,False,0.2645833333333333,203148
