index,year,ortg,drtg,AtRimFGM,AtRimFGA,AtRimAssists,Turnovers,FTA,OffPoss,DefPoss,TwoPtAssists,Steals,BadPassSteals,ThreePtAssists,FG3A,OpponentPoints,Points,SecondChancePoints,FG2A,LiveBallTurnovers,TsPct,Fg3Pct,AtRimFG3AFrequency,Pace,AtRimFrequency,SecondsPerPossOff,SecondsPerPossDef,Minutes,DefAtRimReboundPct,DefFGReboundPct,AtRimAccuracy,player_on,OffFGReboundPct,nba_id
0,2013,60.0,125.0,,1.0,,,1.0,5.0,4.0,1.0,,,,1.0,5.0,3.0,,4.0,,0.25,,0.4,97.4436090225564,0.2,14.0,15.75,2.0,0.5,0.5,,True,0.3333333333333333,203116
1,2013,106.76100628930816,107.8003120124805,118.0,209.0,63.0,92.0,143.0,636.0,641.0,125.0,42.0,25.0,24.0,104.0,691.0,679.0,95.0,477.0,44.0,0.5248833592534993,0.3076923076923077,0.5387263339070568,87.87117121422085,0.3597246127366609,17.21069182389937,15.570982839313572,349.0,0.625,0.7075471698113207,0.5645933014354066,False,0.2919463087248322,203116
2,2013,106.76100628930816,107.8003120124805,118.0,209.0,63.0,92.0,143.0,636.0,641.0,125.0,42.0,25.0,24.0,104.0,691.0,679.0,95.0,477.0,44.0,0.5248833592534993,0.3076923076923077,0.5387263339070568,87.87117121422085,0.3597246127366609,17.21069182389937,15.570982839313572,349.0,0.625,0.7075471698113207,0.5645933014354066,False,0.2919463087248322,203116
