index,year,ortg,drtg,AtRimFGM,AtRimFGA,AtRimAssists,Turnovers,FTA,OffPoss,DefPoss,TwoPtAssists,Steals,BadPassSteals,ThreePtAssists,FG3A,OpponentPoints,Points,SecondChancePoints,FG2A,LiveBallTurnovers,TsPct,Fg3Pct,AtRimFG3AFrequency,Pace,AtRimFrequency,SecondsPerPossOff,SecondsPerPossDef,Minutes,DefAtRimReboundPct,DefFGReboundPct,AtRimAccuracy,player_on,OffFGReboundPct,nba_id
0,2013,127.27272727272728,54.54545454545455,4.0,5.0,3.0,1.0,4.0,11.0,11.0,3.0,1.0,1.0,,1.0,6.0,14.0,,7.0,,0.7222222222222222,,0.75,120.91603053435117,0.625,10.363636363636363,13.454545454545457,4.0,,0.7142857142857143,0.8,True,,203203
1,2013,106.56429942418426,106.21635478082544,1306.0,2234.0,702.0,1201.0,2075.0,7815.0,7802.0,1251.0,697.0,417.0,551.0,1788.0,8287.0,8328.0,1117.0,5094.0,648.0,0.5314425051334702,0.3590604026845637,0.5844231328102296,93.89840416203891,0.3246149375181633,15.90812539987204,14.76236862342989,3992.0,0.625,0.7528401219174287,0.5846016114592659,False,0.2973190348525469,203203
