index,year,ortg,drtg,AtRimFGM,AtRimFGA,AtRimAssists,Turnovers,FTA,OffPoss,DefPoss,TwoPtAssists,Steals,BadPassSteals,ThreePtAssists,FG3A,OpponentPoints,Points,SecondChancePoints,FG2A,LiveBallTurnovers,TsPct,Fg3Pct,AtRimFG3AFrequency,Pace,AtRimFrequency,SecondsPerPossOff,SecondsPerPossDef,Minutes,DefAtRimReboundPct,DefFGReboundPct,AtRimAccuracy,player_on,OffFGReboundPct,nba_id
0,2013,54.54545454545455,127.27272727272728,1.0,1.0,,2.0,2.0,11.0,11.0,,,,,4.0,14.0,6.0,2.0,5.0,1.0,0.3,,0.5555555555555556,120.91603053435117,0.1111111111111111,13.454545454545457,10.363636363636363,4.0,1.0,1.0,1.0,True,0.2857142857142857,203203
1,2013,106.21635478082544,106.56429942418426,1133.0,1859.0,607.0,1142.0,1667.0,7802.0,7815.0,1385.0,648.0,399.0,521.0,1624.0,8328.0,8287.0,875.0,5259.0,697.0,0.542258149316509,0.3731527093596059,0.506029347668168,93.89840416203891,0.2700857184367282,14.76236862342989,15.90812539987204,3992.0,0.6015200868621065,0.702680965147453,0.6094674556213018,False,0.2471598780825713,203203
