index,year,ortg,drtg,AtRimFGM,AtRimFGA,AtRimAssists,Turnovers,FTA,OffPoss,DefPoss,TwoPtAssists,Steals,BadPassSteals,ThreePtAssists,FG3A,OpponentPoints,Points,SecondChancePoints,FG2A,LiveBallTurnovers,TsPct,Fg3Pct,AtRimFG3AFrequency,Pace,AtRimFrequency,SecondsPerPossOff,SecondsPerPossDef,Minutes,DefAtRimReboundPct,DefFGReboundPct,AtRimAccuracy,player_on,OffFGReboundPct,nba_id
0,2014,88.20754716981132,92.5925925925926,32.0,52.0,18.0,40.0,52.0,212.0,216.0,27.0,22.0,15.0,15.0,49.0,200.0,187.0,17.0,111.0,23.0,0.5081521739130435,0.3469387755102041,0.63125,94.60015349194168,0.325,14.745283018867925,15.689814814814817,109.0,0.4117647058823529,0.6495726495726496,0.6153846153846154,True,0.2,203318
1,2014,105.28890651857728,106.39365918097754,1228.0,1976.0,677.0,1274.0,1860.0,7563.0,7570.0,1283.0,609.0,391.0,499.0,1714.0,8054.0,7963.0,1038.0,4758.0,645.0,0.543910124674613,0.3471411901983663,0.5701483312731768,93.0684832048517,0.3053152039555006,15.635329895544096,15.309775429326288,3902.0,0.6666666666666666,0.7236693091732729,0.6214574898785425,False,0.277323202805377,203318
2,2015,118.9873417721519,90.0,9.0,13.0,6.0,14.0,27.0,79.0,80.0,14.0,5.0,4.0,6.0,15.0,72.0,94.0,12.0,51.0,5.0,0.6103896103896104,0.5333333333333333,0.4242424242424242,89.61252446183953,0.1969696969696969,15.075949367088608,17.05,43.0,0.5,0.631578947368421,0.6923076923076923,True,0.3529411764705882,203318
3,2015,103.43162839248434,104.434011476265,1158.0,1978.0,615.0,1130.0,1915.0,7664.0,7668.0,1110.0,650.0,426.0,504.0,1870.0,8008.0,7927.0,1022.0,4908.0,596.0,0.5187713310580204,0.3470588235294117,0.5677190911773384,93.19381186551573,0.2918264974918855,15.594076200417536,15.309337506520604,3948.0,0.6528704939919893,0.7203293583191368,0.5854398382204247,False,0.2690260777009047,203318
