index,year,ortg,drtg,AtRimFGM,AtRimFGA,AtRimAssists,Turnovers,FTA,OffPoss,DefPoss,TwoPtAssists,Steals,BadPassSteals,ThreePtAssists,FG3A,OpponentPoints,Points,SecondChancePoints,FG2A,LiveBallTurnovers,TsPct,Fg3Pct,AtRimFG3AFrequency,Pace,AtRimFrequency,SecondsPerPossOff,SecondsPerPossDef,Minutes,DefAtRimReboundPct,DefFGReboundPct,AtRimAccuracy,player_on,OffFGReboundPct,nba_id
0,2014,102.00803212851406,106.0,134.0,215.0,63.0,130.0,209.0,747.0,750.0,91.0,72.0,28.0,41.0,130.0,795.0,762.0,114.0,474.0,64.0,0.5414878397711016,0.4076923076923077,0.5711920529801324,96.48986168927084,0.3559602649006622,14.420348058902276,15.425333333333333,372.0,0.6533333333333333,0.7026239067055393,0.6232558139534884,True,0.2907348242811501,203315
1,2014,108.78027039072946,109.48340032752716,991.0,1666.0,489.0,933.0,1461.0,6731.0,6717.0,929.0,559.0,336.0,580.0,1908.0,7354.0,7322.0,962.0,4227.0,449.0,0.5378027170702895,0.370020964360587,0.582559087204564,89.68696594556292,0.2715566422167889,16.518942207695737,15.591782045556052,3599.0,0.5797297297297297,0.7102926668858928,0.5948379351740696,False,0.2744383727990285,203315
2,2015,,100.0,,,,,,3.0,2.0,,,,,,2.0,,,2.0,,,,,110.76923076923076,,11.666666666666666,15.0,1.0,,1.0,,True,,203315
3,2015,105.59014618299946,105.29093369418132,1386.0,2192.0,732.0,1256.0,1929.0,7388.0,7390.0,1083.0,623.0,428.0,549.0,1781.0,7781.0,7801.0,1243.0,4709.0,674.0,0.5293117519042437,0.3425042111173498,0.6121725731895223,90.02017809175321,0.3377503852080123,16.498646453708716,15.494316644113669,3940.0,0.6185185185185185,0.7232492997198879,0.6322992700729927,False,0.3276901004304161,203315
4,2015,91.17647058823528,82.85714285714286,6.0,7.0,1.0,7.0,9.0,34.0,35.0,3.0,5.0,4.0,1.0,4.0,29.0,31.0,4.0,20.0,6.0,0.5535714285714286,0.25,0.4583333333333333,97.2211350293542,0.2916666666666667,13.294117647058824,16.285714285714285,17.0,0.6666666666666666,0.6666666666666666,0.8571428571428571,True,0.2307692307692307,203315
5,2015,104.34275343531242,103.68448365334716,1338.0,2103.0,801.0,1226.0,1749.0,7714.0,7708.0,1523.0,596.0,367.0,442.0,1377.0,7992.0,8049.0,978.0,5389.0,649.0,0.5320997479771853,0.3602033405954974,0.5143363878214603,93.13817428430032,0.3108187998817617,15.336271713767175,15.58562532433835,3974.0,0.6007371007371007,0.7305246422893482,0.6362339514978602,False,0.2808006766281364,203315
