index,year,ortg,drtg,AtRimFGM,AtRimFGA,AtRimAssists,Turnovers,FTA,OffPoss,DefPoss,TwoPtAssists,Steals,BadPassSteals,ThreePtAssists,FG3A,OpponentPoints,Points,SecondChancePoints,FG2A,LiveBallTurnovers,TsPct,Fg3Pct,AtRimFG3AFrequency,Pace,AtRimFrequency,SecondsPerPossOff,SecondsPerPossDef,Minutes,DefAtRimReboundPct,DefFGReboundPct,AtRimAccuracy,player_on,OffFGReboundPct,nba_id
0,2015,90.9090909090909,110.427807486631,61.0,131.0,31.0,51.0,82.0,374.0,374.0,63.0,41.0,26.0,11.0,53.0,413.0,340.0,56.0,291.0,30.0,0.4472295514511873,0.2452830188679245,0.5348837209302325,93.99773104110308,0.3808139534883721,14.689839572192511,15.949197860962569,191.0,0.6938775510204082,0.6914285714285714,0.465648854961832,True,0.2596153846153846,203487
1,2015,96.46464646464646,97.46192893401016,22.0,52.0,14.0,28.0,43.0,198.0,197.0,29.0,24.0,17.0,19.0,56.0,192.0,191.0,30.0,129.0,16.0,0.4681372549019608,0.3571428571428571,0.5837837837837838,88.58433265846442,0.2810810810810811,14.94949494949495,17.568527918781726,107.0,0.7142857142857143,0.6701030927835051,0.4230769230769231,False,0.2702702702702703,203487
2,2017,97.05882352941175,104.85436893203884,19.0,31.0,9.0,18.0,32.0,102.0,103.0,11.0,7.0,6.0,4.0,22.0,108.0,99.0,19.0,67.0,11.0,0.4711538461538461,0.2272727272727272,0.5955056179775281,93.5361216730038,0.348314606741573,14.568627450980392,16.21359223300971,53.0,0.5,0.7708333333333334,0.6129032258064516,True,0.3818181818181818,203487
3,2017,106.19469026548671,112.52747252747253,81.0,134.0,37.0,74.0,87.0,452.0,455.0,73.0,36.0,27.0,32.0,119.0,512.0,480.0,62.0,287.0,38.0,0.5383747178329571,0.3109243697478991,0.6231527093596059,92.47238742565844,0.3300492610837438,15.738938053097344,15.406593406593409,235.0,0.6964285714285714,0.7454545454545455,0.6044776119402985,False,0.2837209302325581,203487
4,2019,94.05405405405403,101.61290322580643,30.0,46.0,12.0,30.0,45.0,185.0,186.0,19.0,11.0,6.0,12.0,65.0,189.0,174.0,19.0,103.0,13.0,0.4702702702702703,0.2461538461538461,0.6607142857142857,96.4506228561112,0.2738095238095238,14.805405405405406,15.053763440860216,92.0,0.7777777777777778,0.8791208791208791,0.6521739130434783,True,0.2547169811320754,203487
5,2019,99.30555555555556,118.68512110726644,33.0,61.0,17.0,48.0,66.0,288.0,289.0,35.0,22.0,16.0,29.0,109.0,343.0,286.0,23.0,138.0,29.0,0.5144927536231884,0.3302752293577982,0.6882591093117408,93.7681977203476,0.2469635627530364,15.87847222222222,14.837370242214533,148.0,0.6388888888888888,0.7480314960629921,0.5409836065573771,False,0.25,203487
