index,year,ortg,drtg,AtRimFGM,AtRimFGA,AtRimAssists,Turnovers,FTA,OffPoss,DefPoss,TwoPtAssists,Steals,BadPassSteals,ThreePtAssists,FG3A,OpponentPoints,Points,SecondChancePoints,FG2A,LiveBallTurnovers,TsPct,Fg3Pct,AtRimFG3AFrequency,Pace,AtRimFrequency,SecondsPerPossOff,SecondsPerPossDef,Minutes,DefAtRimReboundPct,DefFGReboundPct,AtRimAccuracy,player_on,OffFGReboundPct,nba_id
0,2018,114.28571428571428,101.85185185185183,8.0,14.0,5.0,5.0,12.0,56.0,54.0,7.0,6.0,4.0,9.0,18.0,55.0,64.0,5.0,32.0,3.0,0.5818181818181818,0.5,0.64,92.20023282887078,0.28,14.625,16.64814814814815,29.0,0.5,0.7083333333333334,0.5714285714285714,True,0.1851851851851851,203498
1,2018,109.25925925925924,110.51752921535892,110.0,150.0,56.0,87.0,127.0,594.0,599.0,85.0,40.0,25.0,53.0,162.0,662.0,649.0,43.0,336.0,43.0,0.5858951175406871,0.3580246913580246,0.6265060240963856,91.66150891046848,0.3012048192771084,14.444444444444445,16.964941569282136,312.0,0.589041095890411,0.7064846416382252,0.7333333333333333,False,0.1791666666666666,203498
