index,year,ortg,drtg,AtRimFGM,AtRimFGA,AtRimAssists,Turnovers,FTA,OffPoss,DefPoss,TwoPtAssists,Steals,BadPassSteals,ThreePtAssists,FG3A,OpponentPoints,Points,SecondChancePoints,FG2A,LiveBallTurnovers,TsPct,Fg3Pct,AtRimFG3AFrequency,Pace,AtRimFrequency,SecondsPerPossOff,SecondsPerPossDef,Minutes,DefAtRimReboundPct,DefFGReboundPct,AtRimAccuracy,player_on,OffFGReboundPct,nba_id
0,2014,88.88888888888889,118.75,4.0,5.0,1.0,4.0,,18.0,16.0,1.0,2.0,,2.0,4.0,19.0,16.0,,9.0,2.0,0.6153846153846154,0.5,0.6923076923076923,85.89473684210526,0.3846153846153846,16.61111111111111,16.9375,10.0,,0.625,0.8,True,,203499
1,2014,112.59968102073366,109.53895071542132,107.0,156.0,60.0,92.0,178.0,627.0,629.0,98.0,48.0,28.0,38.0,124.0,689.0,706.0,73.0,406.0,44.0,0.5762295081967214,0.3790322580645161,0.5283018867924528,92.32465543644716,0.2943396226415094,15.40829346092504,15.78537360890302,326.0,0.5,0.7183544303797469,0.6858974358974359,False,0.2605363984674329,203499
2,2018,107.02341137123746,102.0066889632107,52.0,71.0,31.0,48.0,69.0,299.0,299.0,47.0,25.0,20.0,26.0,79.0,305.0,320.0,15.0,167.0,24.0,0.5797101449275363,0.3670886075949367,0.6097560975609756,93.18472026836922,0.2886178861788618,14.224080267558527,16.682274247491637,154.0,0.6486486486486487,0.708029197080292,0.7323943661971831,True,0.1982758620689655,203499
3,2018,107.4173971679029,109.30546190155091,270.0,405.0,131.0,208.0,356.0,1483.0,1483.0,199.0,88.0,52.0,129.0,443.0,1621.0,1593.0,188.0,857.0,106.0,0.5465196416264645,0.3295711060948081,0.6523076923076923,92.6895114911348,0.3115384615384615,15.123398516520568,15.94807821982468,768.0,0.6176470588235294,0.7636612021857924,0.6666666666666666,False,0.25,203499
