index,year,ortg,drtg,AtRimFGM,AtRimFGA,AtRimAssists,Turnovers,FTA,OffPoss,DefPoss,TwoPtAssists,Steals,BadPassSteals,ThreePtAssists,FG3A,OpponentPoints,Points,SecondChancePoints,FG2A,LiveBallTurnovers,TsPct,Fg3Pct,AtRimFG3AFrequency,Pace,AtRimFrequency,SecondsPerPossOff,SecondsPerPossDef,Minutes,DefAtRimReboundPct,DefFGReboundPct,AtRimAccuracy,player_on,OffFGReboundPct,nba_id
0,2014,118.75,88.88888888888889,2.0,3.0,1.0,3.0,,16.0,18.0,4.0,2.0,2.0,2.0,6.0,16.0,19.0,,10.0,2.0,0.59375,0.5,0.5625,85.89473684210526,0.1875,16.9375,16.61111111111111,10.0,,1.0,0.6666666666666666,True,0.375,203499
1,2014,109.53895071542132,112.59968102073366,92.0,156.0,46.0,77.0,132.0,629.0,627.0,91.0,44.0,28.0,37.0,151.0,706.0,689.0,89.0,440.0,48.0,0.5300462249614792,0.3708609271523179,0.5194585448392555,92.32465543644716,0.2639593908629442,15.78537360890302,15.40829346092504,326.0,0.7291666666666666,0.7394636015325671,0.5897435897435898,False,0.2816455696202531,203499
2,2018,102.0066889632107,107.02341137123746,54.0,92.0,25.0,47.0,78.0,299.0,299.0,38.0,24.0,16.0,25.0,82.0,320.0,305.0,47.0,172.0,25.0,0.5277777777777778,0.3658536585365853,0.6850393700787402,93.18472026836922,0.3622047244094488,16.682274247491637,14.224080267558527,154.0,0.7894736842105263,0.8017241379310345,0.5869565217391305,True,0.291970802919708,203499
3,2018,109.30546190155091,107.4173971679029,254.0,424.0,142.0,173.0,369.0,1483.0,1483.0,199.0,106.0,69.0,141.0,499.0,1593.0,1621.0,195.0,829.0,88.0,0.5403871829105474,0.3386773547094188,0.6950301204819277,92.6895114911348,0.3192771084337349,15.94807821982468,15.123398516520568,768.0,0.6074074074074074,0.75,0.5990566037735849,False,0.2363387978142076,203499
