index,year,ortg,drtg,AtRimFGM,AtRimFGA,AtRimAssists,Turnovers,FTA,OffPoss,DefPoss,TwoPtAssists,Steals,BadPassSteals,ThreePtAssists,FG3A,OpponentPoints,Points,SecondChancePoints,FG2A,LiveBallTurnovers,TsPct,Fg3Pct,AtRimFG3AFrequency,Pace,AtRimFrequency,SecondsPerPossOff,SecondsPerPossDef,Minutes,DefAtRimReboundPct,DefFGReboundPct,AtRimAccuracy,player_on,OffFGReboundPct,nba_id
0,2014,84.0,88.0,5.0,10.0,1.0,5.0,4.0,25.0,25.0,4.0,3.0,2.0,1.0,4.0,22.0,21.0,5.0,18.0,3.0,0.4375,0.25,0.6363636363636364,82.09806157354618,0.4545454545454545,16.64,18.44,15.0,0.5,0.5882352941176471,0.5,True,0.3846153846153846,203474
1,2014,111.72750032942416,102.92682926829268,1395.0,2313.0,738.0,1154.0,2006.0,7589.0,7585.0,1270.0,637.0,407.0,595.0,1822.0,7807.0,8479.0,1077.0,4878.0,538.0,0.5557603686635945,0.3819978046103183,0.6171641791044776,91.93152223760218,0.3452238805970149,15.407563578864146,15.920237310481212,3961.0,0.5688442211055277,0.6929753186872797,0.603112840466926,False,0.3131138070479491,203474
2,2019,93.75,70.58823529411765,3.0,5.0,2.0,6.0,5.0,16.0,17.0,2.0,2.0,1.0,2.0,3.0,12.0,15.0,2.0,7.0,5.0,0.5833333333333334,0.6666666666666666,0.8,117.62376237623762,0.5,11.875,12.588235294117649,7.0,0.6,0.5384615384615384,0.6,True,0.2,203474
3,2019,109.50340307537182,107.01842968947236,1364.0,2226.0,781.0,1242.0,2018.0,7934.0,7922.0,1110.0,623.0,401.0,806.0,2636.0,8478.0,8688.0,954.0,4190.0,679.0,0.5613238157040883,0.3600151745068285,0.7122765895106944,95.87262130704244,0.3261060650454146,14.437232165364255,15.603509214844737,3969.0,0.6662546353522868,0.7638177406308978,0.6127583108715184,False,0.267470539873938,203474
