index,year,ortg,drtg,AtRimFGM,AtRimFGA,AtRimAssists,Turnovers,FTA,OffPoss,DefPoss,TwoPtAssists,Steals,BadPassSteals,ThreePtAssists,FG3A,OpponentPoints,Points,SecondChancePoints,FG2A,LiveBallTurnovers,TsPct,Fg3Pct,AtRimFG3AFrequency,Pace,AtRimFrequency,SecondsPerPossOff,SecondsPerPossDef,Minutes,DefAtRimReboundPct,DefFGReboundPct,AtRimAccuracy,player_on,OffFGReboundPct,nba_id
0,2017,107.5,97.36842105263158,7.0,8.0,5.0,9.0,15.0,40.0,38.0,9.0,2.0,,1.0,6.0,37.0,43.0,12.0,26.0,4.0,0.5512820512820513,0.1666666666666666,0.4375,90.58064516129032,0.25,14.8,17.05263157894737,21.0,0.5,0.7727272727272727,0.875,True,0.5,203481
1,2017,111.39630390143738,107.00308959835222,178.0,259.0,112.0,117.0,244.0,974.0,971.0,155.0,71.0,47.0,74.0,274.0,1039.0,1085.0,111.0,568.0,76.0,0.5688748685594112,0.354014598540146,0.6330166270783848,92.01051248357425,0.3076009501187648,14.683778234086242,16.61997940267765,507.0,0.7662337662337663,0.7972665148063781,0.6872586872586872,False,0.2116279069767442,203481
