index,year,ortg,drtg,AtRimFGM,AtRimFGA,AtRimAssists,Turnovers,FTA,OffPoss,DefPoss,TwoPtAssists,Steals,BadPassSteals,ThreePtAssists,FG3A,OpponentPoints,Points,SecondChancePoints,FG2A,LiveBallTurnovers,TsPct,Fg3Pct,AtRimFG3AFrequency,Pace,AtRimFrequency,SecondsPerPossOff,SecondsPerPossDef,Minutes,DefAtRimReboundPct,DefFGReboundPct,AtRimAccuracy,player_on,OffFGReboundPct,nba_id
0,2019,95.96774193548389,103.2258064516129,20.0,41.0,8.0,22.0,25.0,124.0,124.0,12.0,8.0,6.0,4.0,29.0,128.0,119.0,21.0,76.0,12.0,0.5085470085470085,0.3793103448275862,0.6666666666666666,98.76106194690266,0.3904761904761905,15.935483870967742,13.225806451612904,60.0,0.4285714285714285,0.6610169491525424,0.4878048780487805,True,0.2711864406779661,203457
1,2019,116.57754010695189,106.41711229946524,67.0,128.0,30.0,50.0,93.0,374.0,374.0,41.0,32.0,19.0,30.0,129.0,398.0,436.0,54.0,211.0,21.0,0.5651041666666666,0.4108527131782946,0.7558823529411764,99.8813056379822,0.3764705882352941,16.024064171122994,12.810160427807489,180.0,0.7083333333333334,0.7740112994350282,0.5234375,False,0.3005464480874317,203457
2,2020,102.94117647058825,106.96517412935324,26.0,51.0,10.0,26.0,40.0,204.0,201.0,11.0,15.0,10.0,29.0,107.0,215.0,210.0,16.0,78.0,9.0,0.5172413793103449,0.3364485981308411,0.8540540540540541,100.01714971702968,0.2756756756756757,14.696078431372548,14.09452736318408,97.0,0.6470588235294118,0.8352941176470589,0.5098039215686274,True,0.2105263157894736,203457
3,2020,112.375249500998,101.5841584158416,89.0,138.0,34.0,63.0,75.0,501.0,505.0,40.0,50.0,32.0,70.0,250.0,513.0,563.0,53.0,200.0,28.0,0.5822916666666667,0.368,0.8622222222222222,99.02522387039444,0.3066666666666666,14.025948103792414,15.053465346534653,244.0,0.5319148936170213,0.7276422764227642,0.644927536231884,False,0.1721311475409836,203457
4,2021,115.7608695652174,98.35164835164836,20.0,32.0,11.0,21.0,38.0,184.0,182.0,16.0,10.0,5.0,27.0,75.0,179.0,213.0,14.0,87.0,12.0,0.5916666666666667,0.44,0.6604938271604939,95.25393095969636,0.1975308641975308,14.603260869565217,15.637362637362637,92.0,0.5714285714285714,0.7553191489361702,0.625,True,0.2023809523809523,203457
5,2021,107.34265734265736,106.62020905923345,41.0,61.0,28.0,33.0,58.0,286.0,287.0,39.0,14.0,6.0,21.0,103.0,306.0,307.0,27.0,159.0,17.0,0.5373665480427047,0.3009708737864077,0.6259541984732825,93.0551483026954,0.232824427480916,15.293706293706292,15.655052264808363,148.0,0.5,0.7,0.6721311475409836,False,0.2094594594594594,203457
