index,year,ortg,drtg,AtRimFGM,AtRimFGA,AtRimAssists,Turnovers,FTA,OffPoss,DefPoss,TwoPtAssists,Steals,BadPassSteals,ThreePtAssists,FG3A,OpponentPoints,Points,SecondChancePoints,FG2A,LiveBallTurnovers,TsPct,Fg3Pct,AtRimFG3AFrequency,Pace,AtRimFrequency,SecondsPerPossOff,SecondsPerPossDef,Minutes,DefAtRimReboundPct,DefFGReboundPct,AtRimAccuracy,player_on,OffFGReboundPct,nba_id
0,2015,108.373786407767,99.26650366748166,144.0,226.0,85.0,138.0,268.0,824.0,818.0,144.0,59.0,43.0,54.0,188.0,812.0,893.0,133.0,491.0,76.0,0.5535491905354919,0.324468085106383,0.6097201767304861,96.15616104107362,0.3328424153166421,14.888349514563108,15.06356968215159,410.0,0.5294117647058824,0.6513761467889908,0.6371681415929203,True,0.3467048710601719,203475
1,2015,108.35322195704056,105.39023020774846,1209.0,2000.0,658.0,1039.0,1940.0,7123.0,7124.0,1208.0,552.0,365.0,488.0,1635.0,7508.0,7718.0,1028.0,4595.0,565.0,0.5413322067314463,0.3486238532110092,0.5834670947030498,95.8811048277796,0.3210272873194221,15.47929243296364,14.55797304884896,3566.0,0.6027554535017221,0.7067796610169491,0.6045,False,0.2891785389511973,203475
2,2016,93.33333333333331,107.14285714285714,2.0,2.0,2.0,4.0,4.0,15.0,14.0,3.0,1.0,1.0,1.0,2.0,15.0,14.0,,7.0,2.0,0.6363636363636364,0.5,0.4444444444444444,93.21428571428572,0.2222222222222222,16.066666666666666,14.785714285714286,7.0,1.0,0.8333333333333334,1.0,True,,203475
3,2016,109.1151453599086,106.02593440122044,1396.0,2310.0,773.0,1119.0,1953.0,7877.0,7866.0,1262.0,659.0,426.0,658.0,2031.0,8340.0,8595.0,993.0,4864.0,607.0,0.5524006195147134,0.3707533234859675,0.6295866569978245,95.44747212772408,0.3350253807106599,15.064745461470103,15.108949911009407,3959.0,0.6202974628171478,0.7016531094200997,0.6043290043290044,False,0.2596471885336273,203475
4,2016,126.15384615384616,123.07692307692308,9.0,18.0,7.0,9.0,21.0,65.0,65.0,10.0,5.0,5.0,4.0,14.0,80.0,82.0,6.0,39.0,5.0,0.6612903225806451,0.4285714285714285,0.6037735849056604,90.0,0.3396226415094339,13.815384615384616,18.184615384615384,35.0,0.5,0.6896551724137931,0.5,True,0.25,203475
5,2016,104.23308774279973,106.14375585597644,1241.0,2110.0,620.0,1137.0,1821.0,7465.0,7471.0,1013.0,647.0,417.0,541.0,1805.0,7930.0,7781.0,932.0,4691.0,626.0,0.5304627601314348,0.3562326869806094,0.6026785714285714,90.60510573763584,0.3248152709359606,15.186470194239783,16.599250435015392,3956.0,0.6120481927710844,0.7029336371404158,0.5881516587677725,False,0.2584589138470287,203475
