index,year,ortg,drtg,AtRimFGM,AtRimFGA,AtRimAssists,Turnovers,FTA,OffPoss,DefPoss,TwoPtAssists,Steals,BadPassSteals,ThreePtAssists,FG3A,OpponentPoints,Points,SecondChancePoints,FG2A,LiveBallTurnovers,TsPct,Fg3Pct,AtRimFG3AFrequency,Pace,AtRimFrequency,SecondsPerPossOff,SecondsPerPossDef,Minutes,DefAtRimReboundPct,DefFGReboundPct,AtRimAccuracy,player_on,OffFGReboundPct,nba_id
0,2014,100.0,105.4662379421222,41.0,73.0,17.0,49.0,70.0,315.0,311.0,32.0,34.0,23.0,22.0,81.0,328.0,315.0,36.0,185.0,24.0,0.5305084745762711,0.3333333333333333,0.5789473684210527,93.03746516668387,0.2744360902255639,15.231746031746033,15.72668810289389,161.0,0.4324324324324324,0.65,0.5616438356164384,True,0.2447552447552447,203479
1,2014,105.05506918949447,106.75332014693416,1142.0,1880.0,595.0,1113.0,1616.0,7082.0,7078.0,1098.0,557.0,352.0,480.0,1650.0,7556.0,7440.0,904.0,4584.0,607.0,0.5342416378316033,0.3563636363636364,0.5662495989733718,89.44295546363352,0.301572024382419,15.498023157300198,16.701610624470188,3800.0,0.5644391408114559,0.6771420100800475,0.6074468085106383,False,0.2728361784965558,203479
2,2015,132.25806451612902,103.2258064516129,6.0,9.0,3.0,2.0,25.0,31.0,31.0,4.0,2.0,2.0,2.0,3.0,32.0,41.0,2.0,15.0,1.0,0.6666666666666666,0.6666666666666666,0.6666666666666666,113.0126582278481,0.5,12.193548387096774,13.290322580645162,13.0,0.3333333333333333,0.6875,0.6666666666666666,True,0.375,203479
3,2015,108.26174835775645,104.76551636961192,1347.0,2217.0,740.0,1175.0,2183.0,7916.0,7911.0,1348.0,609.0,406.0,540.0,1820.0,8288.0,8570.0,1159.0,5071.0,640.0,0.5421005842011684,0.3456043956043956,0.5858365984617617,95.85263069352736,0.3217239878101872,15.430646791308742,14.61521931487802,3963.0,0.5958762886597938,0.7007575757575758,0.6075778078484438,False,0.2945054945054945,203479
