index,year,ortg,drtg,AtRimFGM,AtRimFGA,AtRimAssists,Turnovers,FTA,OffPoss,DefPoss,TwoPtAssists,Steals,BadPassSteals,ThreePtAssists,FG3A,OpponentPoints,Points,SecondChancePoints,FG2A,LiveBallTurnovers,TsPct,Fg3Pct,AtRimFG3AFrequency,Pace,AtRimFrequency,SecondsPerPossOff,SecondsPerPossDef,Minutes,DefAtRimReboundPct,DefFGReboundPct,AtRimAccuracy,player_on,OffFGReboundPct,nba_id
0,2018,99.26470588235294,95.1048951048951,23.0,43.0,12.0,13.0,38.0,136.0,143.0,17.0,9.0,7.0,8.0,27.0,136.0,135.0,10.0,94.0,8.0,0.4891304347826087,0.3333333333333333,0.5785123966942148,95.31672597864768,0.3553719008264462,14.816176470588236,15.384615384615383,70.0,0.5,0.7662337662337663,0.5348837209302325,True,0.217391304347826,203476
1,2018,112.012012012012,126.44376899696049,66.0,107.0,39.0,50.0,76.0,333.0,329.0,54.0,16.0,10.0,33.0,82.0,416.0,373.0,31.0,210.0,26.0,0.5756172839506173,0.4390243902439024,0.6472602739726028,93.59646539027982,0.3664383561643836,15.483483483483484,15.285714285714286,170.0,0.5128205128205128,0.7453416149068323,0.616822429906542,False,0.2516556291390728,203476
2,2022,120.83333333333331,118.1818181818182,3.0,3.0,,4.0,3.0,24.0,22.0,,3.0,2.0,3.0,14.0,26.0,29.0,3.0,6.0,2.0,0.6904761904761905,0.4285714285714285,0.85,106.15384615384616,0.15,13.875,13.227272727272728,10.0,,1.0,1.0,True,0.1,203476
3,2022,103.15315315315316,116.81614349775784,54.0,81.0,28.0,78.0,107.0,444.0,446.0,51.0,26.0,15.0,39.0,161.0,521.0,458.0,55.0,210.0,45.0,0.5479616306954437,0.3167701863354037,0.6522911051212938,93.03135888501744,0.2183288409703504,15.292792792792794,15.663677130044842,230.0,0.5789473684210527,0.7089201877934272,0.6666666666666666,False,0.2536585365853658,203476
