index,year,ortg,drtg,AtRimFGM,AtRimFGA,AtRimAssists,Turnovers,FTA,OffPoss,DefPoss,TwoPtAssists,Steals,BadPassSteals,ThreePtAssists,FG3A,OpponentPoints,Points,SecondChancePoints,FG2A,LiveBallTurnovers,TsPct,Fg3Pct,AtRimFG3AFrequency,Pace,AtRimFrequency,SecondsPerPossOff,SecondsPerPossDef,Minutes,DefAtRimReboundPct,DefFGReboundPct,AtRimAccuracy,player_on,OffFGReboundPct,nba_id
0,2014,95.0,125.49019607843135,14.0,26.0,8.0,19.0,22.0,100.0,102.0,15.0,4.0,3.0,5.0,22.0,128.0,95.0,4.0,57.0,9.0,0.5397727272727273,0.3181818181818182,0.6075949367088608,91.99240986717268,0.3291139240506329,15.88,15.431372549019608,53.0,0.6,0.7368421052631579,0.5384615384615384,True,0.1707317073170731,203469
1,2014,105.4054054054054,108.13953488372093,37.0,74.0,20.0,41.0,72.0,259.0,258.0,41.0,13.0,9.0,18.0,63.0,279.0,273.0,35.0,159.0,20.0,0.5374015748031497,0.3809523809523809,0.6171171171171171,89.07394113424263,0.3333333333333333,15.444015444015443,16.891472868217054,139.0,0.5714285714285714,0.8290598290598291,0.5,False,0.275,203469
2,2016,101.1070110701107,101.11940298507464,44.0,90.0,19.0,29.0,79.0,271.0,268.0,34.0,18.0,10.0,9.0,55.0,271.0,274.0,31.0,184.0,16.0,0.5,0.2909090909090909,0.606694560669456,94.17131764134918,0.3765690376569037,15.37638376383764,15.205223880597014,137.0,0.5806451612903226,0.7205882352941176,0.4888888888888889,True,0.2127659574468085,203469
3,2016,97.81420765027322,114.94565217391305,56.0,111.0,17.0,37.0,95.0,366.0,368.0,33.0,22.0,12.0,19.0,75.0,423.0,358.0,32.0,249.0,13.0,0.4864130434782608,0.32,0.5740740740740741,88.68602114448733,0.3425925925925926,16.39071038251366,16.08423913043478,199.0,0.6071428571428571,0.7358490566037735,0.5045045045045045,False,0.2083333333333333,203469
4,2023,115.22388059701493,113.45029239766082,41.0,62.0,28.0,51.0,59.0,335.0,342.0,44.0,29.0,19.0,44.0,134.0,388.0,386.0,45.0,171.0,22.0,0.586890243902439,0.417910447761194,0.6426229508196721,93.23641928079572,0.2032786885245901,16.086567164179105,14.81578947368421,174.0,0.6,0.6601307189542484,0.6612903225806451,True,0.2434210526315789,203469
5,2023,114.5810663764962,113.36986301369863,281.0,439.0,155.0,218.0,396.0,1838.0,1825.0,261.0,132.0,75.0,193.0,640.0,2069.0,2106.0,223.0,1052.0,111.0,0.5650887573964497,0.371875,0.6377068557919622,94.05035304186578,0.2594562647754137,15.84385201305767,14.774246575342463,935.0,0.6551724137931034,0.7270588235294118,0.6400911161731208,False,0.2608213096559378,203469
