index,year,ortg,drtg,AtRimFGM,AtRimFGA,AtRimAssists,Turnovers,FTA,OffPoss,DefPoss,TwoPtAssists,Steals,BadPassSteals,ThreePtAssists,FG3A,OpponentPoints,Points,SecondChancePoints,FG2A,LiveBallTurnovers,TsPct,Fg3Pct,AtRimFG3AFrequency,Pace,AtRimFrequency,SecondsPerPossOff,SecondsPerPossDef,Minutes,DefAtRimReboundPct,DefFGReboundPct,AtRimAccuracy,player_on,OffFGReboundPct,nba_id
0,2014,116.98113207547168,100.0,13.0,22.0,7.0,5.0,13.0,53.0,52.0,9.0,1.0,1.0,6.0,13.0,52.0,62.0,17.0,40.0,5.0,0.5254237288135594,0.4615384615384615,0.660377358490566,92.76073619631902,0.4150943396226415,17.22641509433962,13.788461538461538,27.0,0.7,0.6551724137931034,0.5909090909090909,True,0.3214285714285714,203480
1,2014,107.41230972865652,110.16233337732612,1439.0,2533.0,686.0,1126.0,1921.0,7555.0,7577.0,1315.0,646.0,379.0,415.0,1290.0,8347.0,8115.0,1135.0,5418.0,572.0,0.5343663090981327,0.3720930232558139,0.5699165175909362,92.08502725774416,0.3776088252832439,15.78305757776307,15.492807179622542,3944.0,0.6081730769230769,0.6992037746977293,0.5681010659297276,False,0.2988408255583828,203480
2,2014,16.666666666666668,57.142857142857146,,,,2.0,3.0,6.0,7.0,,,,,1.0,4.0,1.0,,3.0,1.0,0.1,,0.25,112.7710843373494,,16.5,9.571428571428571,3.0,1.0,1.0,,True,0.25,203480
3,2014,104.2399579942242,104.36835891381344,1249.0,2131.0,665.0,1008.0,1997.0,7618.0,7623.0,1327.0,499.0,286.0,451.0,1470.0,7956.0,7941.0,982.0,5256.0,513.0,0.5193722090885211,0.3510204081632653,0.5353850728516206,91.94634134079617,0.3168302111210229,15.975584142819638,15.347238619965893,3978.0,0.6264236902050114,0.7373086220789685,0.5861098076020648,False,0.2625958378970427,203480
