index,year,ortg,drtg,AtRimFGM,AtRimFGA,AtRimAssists,Turnovers,FTA,OffPoss,DefPoss,TwoPtAssists,Steals,BadPassSteals,ThreePtAssists,FG3A,OpponentPoints,Points,SecondChancePoints,FG2A,LiveBallTurnovers,TsPct,Fg3Pct,AtRimFG3AFrequency,Pace,AtRimFrequency,SecondsPerPossOff,SecondsPerPossDef,Minutes,DefAtRimReboundPct,DefFGReboundPct,AtRimAccuracy,player_on,OffFGReboundPct,nba_id
0,2014,157.14285714285714,62.5,3.0,6.0,1.0,,6.0,7.0,8.0,1.0,,,,2.0,5.0,11.0,7.0,9.0,,0.4230769230769231,,0.7272727272727273,87.8048780487805,0.5454545454545454,16.0,16.75,4.0,1.0,1.0,0.5,True,0.75,203479
1,2014,101.06221547799696,107.41301059001512,118.0,209.0,58.0,78.0,175.0,659.0,661.0,125.0,63.0,43.0,26.0,105.0,710.0,666.0,80.0,501.0,42.0,0.4853587115666178,0.2952380952380952,0.5181518151815182,90.02557544757033,0.3448844884488449,17.30197268588771,14.6928895612708,352.0,0.6031746031746031,0.6739811912225705,0.5645933014354066,False,0.2865497076023391,203479
