index,year,ortg,drtg,AtRimFGM,AtRimFGA,AtRimAssists,Turnovers,FTA,OffPoss,DefPoss,TwoPtAssists,Steals,BadPassSteals,ThreePtAssists,FG3A,OpponentPoints,Points,SecondChancePoints,FG2A,LiveBallTurnovers,TsPct,Fg3Pct,AtRimFG3AFrequency,Pace,AtRimFrequency,SecondsPerPossOff,SecondsPerPossDef,Minutes,DefAtRimReboundPct,DefFGReboundPct,AtRimAccuracy,player_on,OffFGReboundPct,nba_id
0,2018,95.1048951048951,99.26470588235294,18.0,32.0,10.0,14.0,34.0,143.0,136.0,13.0,8.0,3.0,14.0,69.0,135.0,136.0,16.0,58.0,9.0,0.4753521126760563,0.2608695652173913,0.7952755905511811,95.31672597864768,0.2519685039370078,15.384615384615383,14.816176470588236,70.0,0.7,0.782608695652174,0.5625,True,0.2337662337662337,203476
1,2018,126.44376899696049,112.012012012012,67.0,106.0,33.0,28.0,80.0,329.0,333.0,38.0,26.0,19.0,39.0,148.0,373.0,416.0,57.0,165.0,16.0,0.6011560693641619,0.3851351351351351,0.8115015974440895,93.59646539027982,0.3386581469648562,15.285714285714286,15.483483483483484,170.0,0.7073170731707317,0.7483443708609272,0.6320754716981132,False,0.2546583850931677,203476
2,2022,118.1818181818182,120.83333333333331,4.0,4.0,3.0,5.0,3.0,22.0,24.0,4.0,2.0,1.0,3.0,8.0,29.0,26.0,,8.0,3.0,0.7222222222222222,0.375,0.75,106.15384615384616,0.25,13.227272727272728,13.875,10.0,,0.9,1.0,True,,203476
3,2022,116.81614349775784,103.15315315315316,74.0,113.0,42.0,61.0,103.0,446.0,444.0,68.0,45.0,26.0,52.0,184.0,458.0,521.0,83.0,228.0,26.0,0.5779510022271714,0.3423913043478261,0.720873786407767,93.03135888501744,0.2742718446601941,15.663677130044842,15.292792792792794,230.0,0.7777777777777778,0.7463414634146341,0.6548672566371682,False,0.2910798122065727,203476
