index,year,ortg,drtg,AtRimFGM,AtRimFGA,AtRimAssists,Turnovers,FTA,OffPoss,DefPoss,TwoPtAssists,Steals,BadPassSteals,ThreePtAssists,FG3A,OpponentPoints,Points,SecondChancePoints,FG2A,LiveBallTurnovers,TsPct,Fg3Pct,AtRimFG3AFrequency,Pace,AtRimFrequency,SecondsPerPossOff,SecondsPerPossDef,Minutes,DefAtRimReboundPct,DefFGReboundPct,AtRimAccuracy,player_on,OffFGReboundPct,nba_id
0,2014,62.5,157.14285714285714,1.0,2.0,,2.0,,8.0,7.0,,,,1.0,2.0,11.0,5.0,,2.0,,0.625,0.5,1.0,87.8048780487805,0.5,16.75,16.0,4.0,,0.25,0.5,True,,203479
1,2014,107.41301059001512,101.06221547799696,100.0,163.0,44.0,107.0,181.0,661.0,659.0,88.0,42.0,23.0,41.0,171.0,666.0,710.0,85.0,407.0,63.0,0.5363636363636364,0.3216374269005848,0.5778546712802768,90.02557544757033,0.2820069204152249,14.6928895612708,17.30197268588771,352.0,0.6777777777777778,0.7134502923976608,0.6134969325153374,False,0.3260188087774294,203479
