index,year,ortg,drtg,AtRimFGM,AtRimFGA,AtRimAssists,Turnovers,FTA,OffPoss,DefPoss,TwoPtAssists,Steals,BadPassSteals,ThreePtAssists,FG3A,OpponentPoints,Points,SecondChancePoints,FG2A,LiveBallTurnovers,TsPct,Fg3Pct,AtRimFG3AFrequency,Pace,AtRimFrequency,SecondsPerPossOff,SecondsPerPossDef,Minutes,DefAtRimReboundPct,DefFGReboundPct,AtRimAccuracy,player_on,OffFGReboundPct,nba_id
0,2018,101.2809564474808,100.67396798652064,197.0,308.0,100.0,195.0,287.0,1171.0,1187.0,165.0,99.0,60.0,81.0,287.0,1195.0,1186.0,132.0,684.0,113.0,0.5373066424021838,0.3240418118466899,0.6127703398558187,98.30119854090673,0.3171987641606591,14.749786507258753,14.549283909014322,576.0,0.6285714285714286,0.749034749034749,0.6396103896103896,True,0.2553191489361702,203464
1,2018,109.56706024825915,106.2129728087498,1094.0,1714.0,570.0,882.0,1428.0,6606.0,6583.0,1079.0,530.0,333.0,543.0,1690.0,6992.0,7238.0,966.0,4337.0,508.0,0.5430787769242356,0.3568047337278106,0.5647917703666833,93.91923567634927,0.2843869255019081,15.85270965788677,14.810116967947744,3370.0,0.6378600823045267,0.7511825922421949,0.6382730455075846,False,0.2736380713838447,203464
