index,year,ortg,drtg,AtRimFGM,AtRimFGA,AtRimAssists,Turnovers,FTA,OffPoss,DefPoss,TwoPtAssists,Steals,BadPassSteals,ThreePtAssists,FG3A,OpponentPoints,Points,SecondChancePoints,FG2A,LiveBallTurnovers,TsPct,Fg3Pct,AtRimFG3AFrequency,Pace,AtRimFrequency,SecondsPerPossOff,SecondsPerPossDef,Minutes,DefAtRimReboundPct,DefFGReboundPct,AtRimAccuracy,player_on,OffFGReboundPct,nba_id
0,2017,114.1304347826087,101.1173184357542,42.0,62.0,23.0,18.0,44.0,184.0,179.0,28.0,14.0,9.0,19.0,78.0,181.0,210.0,30.0,94.0,10.0,0.5531914893617021,0.2564102564102564,0.813953488372093,91.3846153846154,0.3604651162790697,15.777173913043478,15.737430167597765,95.0,0.8571428571428571,0.8311688311688312,0.6774193548387096,True,0.2421052631578947,203477
1,2017,109.62566844919786,106.13333333333334,73.0,115.0,53.0,56.0,64.0,374.0,375.0,65.0,35.0,25.0,52.0,146.0,398.0,410.0,38.0,186.0,33.0,0.5680555555555555,0.3835616438356164,0.786144578313253,93.30103806228374,0.3463855421686747,15.446524064171124,15.421333333333331,193.0,0.48,0.6424870466321243,0.6347826086956522,False,0.2543352601156069,203477
