index,year,ortg,drtg,AtRimFGM,AtRimFGA,AtRimAssists,Turnovers,FTA,OffPoss,DefPoss,TwoPtAssists,Steals,BadPassSteals,ThreePtAssists,FG3A,OpponentPoints,Points,SecondChancePoints,FG2A,LiveBallTurnovers,TsPct,Fg3Pct,AtRimFG3AFrequency,Pace,AtRimFrequency,SecondsPerPossOff,SecondsPerPossDef,Minutes,DefAtRimReboundPct,DefFGReboundPct,AtRimAccuracy,player_on,OffFGReboundPct,nba_id
0,2014,108.82352941176472,94.20289855072464,7.0,9.0,3.0,12.0,11.0,68.0,69.0,7.0,8.0,7.0,12.0,22.0,65.0,74.0,7.0,32.0,6.0,0.6186440677966102,0.5909090909090909,0.5740740740740741,99.0858864892014,0.1666666666666666,14.058823529411764,15.0,33.0,0.25,0.7333333333333333,0.7777777777777778,True,0.25,203495
1,2014,110.70268866086504,108.51451633901836,1265.0,1981.0,731.0,1097.0,1722.0,7699.0,7681.0,1307.0,696.0,427.0,609.0,1855.0,8335.0,8523.0,975.0,4949.0,629.0,0.5611191956608017,0.3816711590296496,0.5637860082304527,93.85639639105136,0.2911522633744856,15.499025847512664,15.185783101158703,3933.0,0.5816993464052288,0.6965935334872979,0.6385663806158506,False,0.2690544412607449,203495
2,2015,75.0,100.0,1.0,4.0,,2.0,8.0,24.0,21.0,2.0,3.0,1.0,1.0,11.0,21.0,18.0,6.0,12.0,2.0,0.3333333333333333,0.1818181818181818,0.6521739130434783,98.93129770992368,0.1739130434782608,13.125,16.19047619047619,11.0,,0.6363636363636364,0.25,True,0.2777777777777778,203495
3,2015,109.375,106.28651257302516,1405.0,2228.0,742.0,1060.0,1835.0,7872.0,7874.0,1215.0,660.0,385.0,628.0,2071.0,8369.0,8610.0,1067.0,4942.0,600.0,0.5483212051576662,0.3524867213906325,0.6130044203621845,95.30795905928836,0.3176957079709112,14.881859756097562,15.335915671831344,3965.0,0.5696517412935324,0.6869424168694241,0.6306104129263914,False,0.2649364693160314,203495
4,2015,99.1130820399113,109.71302428256072,66.0,129.0,31.0,81.0,121.0,451.0,453.0,70.0,29.0,15.0,26.0,101.0,497.0,447.0,70.0,294.0,45.0,0.4944444444444444,0.2871287128712871,0.5822784810126582,93.07593307593308,0.3265822784810127,15.882483370288249,15.061810154525386,233.0,0.5344827586206896,0.7227722772277227,0.5116279069767442,True,0.3122171945701357,203495
5,2015,100.14128284826222,110.05783608407393,961.0,1704.0,493.0,1125.0,1454.0,7078.0,7089.0,1208.0,546.0,326.0,442.0,1513.0,7802.0,7088.0,948.0,4818.0,614.0,0.5066657110091743,0.3509583608724388,0.5081345758963829,90.96230503758795,0.2691517927657558,16.373269285108787,15.289039356749894,3738.0,0.5677570093457944,0.6931297709923664,0.5639671361502347,False,0.2729338256177222,203495
