index,year,ortg,drtg,AtRimFGM,AtRimFGA,AtRimAssists,Turnovers,FTA,OffPoss,DefPoss,TwoPtAssists,Steals,BadPassSteals,ThreePtAssists,FG3A,OpponentPoints,Points,SecondChancePoints,FG2A,LiveBallTurnovers,TsPct,Fg3Pct,AtRimFG3AFrequency,Pace,AtRimFrequency,SecondsPerPossOff,SecondsPerPossDef,Minutes,DefAtRimReboundPct,DefFGReboundPct,AtRimAccuracy,player_on,OffFGReboundPct,nba_id
0,2018,90.9090909090909,119.64285714285714,10.0,19.0,5.0,7.0,17.0,55.0,56.0,5.0,2.0,1.0,2.0,13.0,67.0,50.0,7.0,31.0,4.0,0.4901960784313725,0.2307692307692307,0.7272727272727273,92.6071842410197,0.4318181818181818,15.0,16.089285714285715,29.0,0.4285714285714285,0.7142857142857143,0.5263157894736842,True,0.2222222222222222,203485
1,2018,114.04682274247492,117.4496644295302,166.0,281.0,78.0,133.0,222.0,897.0,894.0,129.0,55.0,38.0,82.0,254.0,1050.0,1023.0,119.0,525.0,69.0,0.584,0.3976377952755905,0.686777920410783,94.21288347592296,0.3607188703465982,14.971014492753625,15.599105145413873,456.0,0.6631578947368421,0.7443037974683544,0.5907473309608541,False,0.266497461928934,203485
