index,year,ortg,drtg,AtRimFGM,AtRimFGA,AtRimAssists,Turnovers,FTA,OffPoss,DefPoss,TwoPtAssists,Steals,BadPassSteals,ThreePtAssists,FG3A,OpponentPoints,Points,SecondChancePoints,FG2A,LiveBallTurnovers,TsPct,Fg3Pct,AtRimFG3AFrequency,Pace,AtRimFrequency,SecondsPerPossOff,SecondsPerPossDef,Minutes,DefAtRimReboundPct,DefFGReboundPct,AtRimAccuracy,player_on,OffFGReboundPct,nba_id
0,2018,171.42857142857142,116.66666666666669,2.0,2.0,1.0,1.0,2.0,7.0,6.0,1.0,1.0,,2.0,3.0,7.0,12.0,,2.0,1.0,1.0,0.6666666666666666,1.0,123.15789473684212,0.4,5.714285714285714,18.666666666666668,3.0,,1.0,1.0,True,,203464
1,2018,102.38611713665944,113.2608695652174,65.0,98.0,29.0,54.0,113.0,461.0,460.0,59.0,37.0,25.0,33.0,138.0,521.0,472.0,53.0,276.0,29.0,0.5075757575757576,0.2898550724637681,0.5700483091787439,93.08253790005617,0.2367149758454106,16.648590021691973,14.289130434782608,237.0,0.5277777777777778,0.7061611374407583,0.6632653061224489,False,0.2184873949579832,203464
