index,year,ortg,drtg,AtRimFGM,AtRimFGA,AtRimAssists,Turnovers,FTA,OffPoss,DefPoss,TwoPtAssists,Steals,BadPassSteals,ThreePtAssists,FG3A,OpponentPoints,Points,SecondChancePoints,FG2A,LiveBallTurnovers,TsPct,Fg3Pct,AtRimFG3AFrequency,Pace,AtRimFrequency,SecondsPerPossOff,SecondsPerPossDef,Minutes,DefAtRimReboundPct,DefFGReboundPct,AtRimAccuracy,player_on,OffFGReboundPct,nba_id
0,2014,108.53658536585364,101.1904761904762,16.0,20.0,13.0,17.0,21.0,82.0,84.0,22.0,4.0,3.0,4.0,14.0,85.0,89.0,9.0,49.0,10.0,0.6095890410958904,0.2857142857142857,0.5396825396825397,104.56692913385828,0.3174603174603174,12.731707317073171,14.785714285714286,38.0,0.3333333333333333,0.8,0.8,True,0.3571428571428571,203467
1,2014,104.6786699960573,108.13755085969288,1137.0,2037.0,586.0,1146.0,1840.0,7609.0,7619.0,1236.0,575.0,342.0,476.0,1626.0,8239.0,7965.0,1062.0,5266.0,577.0,0.5138203996885544,0.3567035670356703,0.531485780615206,92.57377339851568,0.2955600696459663,15.551583650939676,15.558734742092138,3948.0,0.6125874125874126,0.7196467991169978,0.5581737849779087,False,0.3072669826224328,203467
