index,year,ortg,drtg,AtRimFGM,AtRimFGA,AtRimAssists,Turnovers,FTA,OffPoss,DefPoss,TwoPtAssists,Steals,BadPassSteals,ThreePtAssists,FG3A,OpponentPoints,Points,SecondChancePoints,FG2A,LiveBallTurnovers,TsPct,Fg3Pct,AtRimFG3AFrequency,Pace,AtRimFrequency,SecondsPerPossOff,SecondsPerPossDef,Minutes,DefAtRimReboundPct,DefFGReboundPct,AtRimAccuracy,player_on,OffFGReboundPct,nba_id
0,2020,123.95437262357414,106.15384615384616,40.0,60.0,11.0,26.0,62.0,263.0,260.0,16.0,14.0,7.0,48.0,142.0,276.0,326.0,21.0,88.0,8.0,0.634765625,0.3873239436619718,0.8782608695652174,96.85185185185186,0.2608695652173913,14.20532319391635,15.538461538461538,130.0,0.5384615384615384,0.7868852459016393,0.6666666666666666,True,0.1694915254237288,203463
1,2020,104.65872156013,108.74730021598272,148.0,248.0,66.0,135.0,180.0,923.0,926.0,78.0,95.0,68.0,114.0,419.0,1007.0,966.0,89.0,380.0,68.0,0.5473204104903079,0.3532219570405728,0.8347934918648311,98.30748781568454,0.3103879849812265,14.605633802816902,14.690064794816417,451.0,0.6285714285714286,0.7245657568238213,0.5967741935483871,False,0.1925601750547046,203463
2,2021,89.04109589041096,105.6338028169014,9.0,18.0,3.0,14.0,23.0,73.0,71.0,3.0,2.0,2.0,6.0,23.0,75.0,65.0,11.0,36.0,8.0,0.4779411764705882,0.3478260869565217,0.6949152542372882,96.76154923005132,0.3050847457627119,15.808219178082192,13.929577464788732,36.0,0.6666666666666666,0.8787878787878788,0.5,True,0.1891891891891892,203463
3,2021,106.99588477366255,111.58536585365852,98.0,162.0,55.0,69.0,124.0,486.0,492.0,68.0,38.0,27.0,39.0,174.0,549.0,520.0,74.0,265.0,35.0,0.5255102040816326,0.293103448275862,0.765375854214123,93.03825064411708,0.3690205011389522,15.325102880658436,15.628048780487806,252.0,0.7317073170731707,0.7675438596491229,0.6049382716049383,False,0.2788844621513944,203463
