index,year,ortg,drtg,AtRimFGM,AtRimFGA,AtRimAssists,Turnovers,FTA,OffPoss,DefPoss,TwoPtAssists,Steals,BadPassSteals,ThreePtAssists,FG3A,OpponentPoints,Points,SecondChancePoints,FG2A,LiveBallTurnovers,TsPct,Fg3Pct,AtRimFG3AFrequency,Pace,AtRimFrequency,SecondsPerPossOff,SecondsPerPossDef,Minutes,DefAtRimReboundPct,DefFGReboundPct,AtRimAccuracy,player_on,OffFGReboundPct,nba_id
0,2021,141.3793103448276,95.34883720930232,21.0,22.0,11.0,9.0,18.0,87.0,86.0,18.0,5.0,4.0,10.0,27.0,82.0,123.0,14.0,53.0,4.0,0.6910112359550562,0.4074074074074074,0.6125,98.46640316205534,0.275,14.160919540229886,15.093023255813954,42.0,0.5714285714285714,0.782608695652174,0.9545454545454546,True,0.3333333333333333,203458
1,2021,118.05225653206652,110.9004739336493,67.0,100.0,37.0,50.0,131.0,421.0,422.0,63.0,38.0,20.0,42.0,124.0,468.0,497.0,47.0,244.0,20.0,0.5823529411764706,0.3709677419354839,0.6086956521739131,102.26790227464195,0.2717391304347826,14.923990498812351,13.239336492890995,198.0,0.6451612903225806,0.6898395721925134,0.67,False,0.2810810810810811,203458
2,2023,107.96460176991152,128.0701754385965,18.0,21.0,12.0,13.0,39.0,113.0,114.0,18.0,9.0,5.0,10.0,46.0,146.0,122.0,19.0,47.0,4.0,0.5545454545454546,0.2608695652173913,0.7204301075268817,100.26993865030674,0.2258064516129032,14.84070796460177,13.885964912280702,54.0,0.625,0.5245901639344263,0.8571428571428571,True,0.1923076923076923,203458
3,2023,113.13628899835795,107.79436152570482,87.0,127.0,60.0,88.0,137.0,609.0,603.0,100.0,53.0,23.0,61.0,244.0,650.0,689.0,94.0,307.0,50.0,0.5586319218241043,0.3401639344262295,0.6733212341197822,103.27100591715975,0.2304900181488203,14.949096880131362,12.928689883913764,282.0,0.5833333333333334,0.6782334384858044,0.6850393700787402,False,0.3037542662116041,203458
