index,year,ortg,drtg,AtRimFGM,AtRimFGA,AtRimAssists,Turnovers,FTA,OffPoss,DefPoss,TwoPtAssists,Steals,BadPassSteals,ThreePtAssists,FG3A,OpponentPoints,Points,SecondChancePoints,FG2A,LiveBallTurnovers,TsPct,Fg3Pct,AtRimFG3AFrequency,Pace,AtRimFrequency,SecondsPerPossOff,SecondsPerPossDef,Minutes,DefAtRimReboundPct,DefFGReboundPct,AtRimAccuracy,player_on,OffFGReboundPct,nba_id
0,2014,100.0,116.98113207547168,6.0,16.0,5.0,6.0,23.0,52.0,53.0,7.0,5.0,4.0,6.0,15.0,62.0,52.0,7.0,29.0,1.0,0.4727272727272727,0.4,0.7045454545454546,92.76073619631902,0.3636363636363636,13.788461538461538,17.22641509433962,27.0,0.6666666666666666,0.6785714285714286,0.375,True,0.3448275862068966,203480
1,2014,110.16233337732612,107.41230972865652,1436.0,2277.0,781.0,1180.0,2152.0,7577.0,7555.0,1266.0,572.0,326.0,566.0,1812.0,8115.0,8347.0,1052.0,4711.0,646.0,0.5558155080213903,0.3565121412803532,0.6268588072972558,92.08502725774416,0.3490725126475548,15.492807179622542,15.78305757776307,3944.0,0.5841766329346826,0.7011591744416172,0.6306543697848046,False,0.3007962253022707,203480
2,2014,57.142857142857146,16.666666666666668,2.0,3.0,1.0,1.0,,7.0,6.0,1.0,1.0,1.0,,1.0,1.0,4.0,,4.0,,0.4,,0.8,112.7710843373494,0.6,9.571428571428571,16.5,3.0,,0.75,0.6666666666666666,True,,203480
3,2014,104.36835891381344,104.2399579942242,1221.0,2110.0,595.0,1090.0,1648.0,7623.0,7618.0,1159.0,513.0,296.0,558.0,1799.0,7941.0,7956.0,1035.0,5034.0,499.0,0.5239671610169492,0.3696498054474708,0.5720766866676423,91.94634134079617,0.3087955510024879,15.347238619965893,15.975584142819638,3978.0,0.6260069044879172,0.7374041621029573,0.5786729857819906,False,0.2626913779210314,203480
