index,year,ortg,drtg,AtRimFGM,AtRimFGA,AtRimAssists,Turnovers,FTA,OffPoss,DefPoss,TwoPtAssists,Steals,BadPassSteals,ThreePtAssists,FG3A,OpponentPoints,Points,SecondChancePoints,FG2A,LiveBallTurnovers,TsPct,Fg3Pct,AtRimFG3AFrequency,Pace,AtRimFrequency,SecondsPerPossOff,SecondsPerPossDef,Minutes,DefAtRimReboundPct,DefFGReboundPct,AtRimAccuracy,player_on,OffFGReboundPct,nba_id
0,2014,106.57672849915684,107.30050933786076,98.0,162.0,54.0,90.0,116.0,593.0,589.0,91.0,62.0,48.0,57.0,153.0,632.0,632.0,82.0,376.0,48.0,0.5414507772020726,0.4117647058823529,0.5954631379962193,97.28395061728396,0.3062381852551984,15.0,14.602716468590833,292.0,0.6730769230769231,0.7447698744769874,0.6049382716049383,True,0.295373665480427,203539
1,2014,111.02592695846111,108.47646976679236,1174.0,1828.0,680.0,1019.0,1617.0,7174.0,7161.0,1223.0,642.0,386.0,564.0,1724.0,7768.0,7965.0,900.0,4605.0,587.0,0.5632192072737605,0.3816705336426914,0.5612261020698373,93.63161332462442,0.2888291989255807,15.526623919710064,15.23195084485407,3674.0,0.5732217573221757,0.693394777265745,0.6422319474835886,False,0.2666048810627124,203539
2,2015,104.93827160493828,102.46913580246914,9.0,19.0,7.0,14.0,22.0,81.0,81.0,18.0,4.0,3.0,6.0,14.0,83.0,85.0,6.0,54.0,7.0,0.5448717948717948,0.4285714285714285,0.4852941176470588,89.4478527607362,0.2794117647058823,16.765432098765434,15.432098765432098,43.0,0.7777777777777778,0.7619047619047619,0.4736842105263157,True,0.2857142857142857,203539
3,2015,108.25835907076676,107.26833847391713,1489.0,2622.0,740.0,1073.0,1768.0,7447.0,7457.0,1275.0,549.0,338.0,507.0,1569.0,7999.0,8062.0,1111.0,5158.0,548.0,0.535047974413646,0.3696622052262587,0.62301174371934,91.42311886586695,0.38977255834696,16.104337317040418,15.398015287649187,3913.0,0.6251276813074566,0.7182428651371013,0.5678871090770404,False,0.3079507278835386,203539
