index,year,ortg,drtg,AtRimFGM,AtRimFGA,AtRimAssists,Turnovers,FTA,OffPoss,DefPoss,TwoPtAssists,Steals,BadPassSteals,ThreePtAssists,FG3A,OpponentPoints,Points,SecondChancePoints,FG2A,LiveBallTurnovers,TsPct,Fg3Pct,AtRimFG3AFrequency,Pace,AtRimFrequency,SecondsPerPossOff,SecondsPerPossDef,Minutes,DefAtRimReboundPct,DefFGReboundPct,AtRimAccuracy,player_on,OffFGReboundPct,nba_id
0,2014,140.0,116.0,3.0,5.0,2.0,3.0,8.0,25.0,25.0,2.0,2.0,1.0,7.0,12.0,29.0,35.0,1.0,10.0,1.0,0.6730769230769231,0.6666666666666666,0.7727272727272727,105.4172767203514,0.2272727272727272,15.24,12.08,11.0,0.8333333333333334,0.7272727272727273,0.6,True,0.3636363636363636,203548
1,2014,110.5426164519326,104.172857850421,1638.0,2600.0,925.0,1162.0,1934.0,8072.0,8076.0,1536.0,788.0,513.0,567.0,1831.0,8413.0,8923.0,1295.0,5497.0,610.0,0.543743890518084,0.3593664664117968,0.6046670305676856,98.62336020901104,0.3548034934497817,15.036917740336968,14.165304606240714,3930.0,0.6501950585175552,0.7674973488865323,0.63,False,0.3186842105263158,203548
