index,year,ortg,drtg,AtRimFGM,AtRimFGA,AtRimAssists,Turnovers,FTA,OffPoss,DefPoss,TwoPtAssists,Steals,BadPassSteals,ThreePtAssists,FG3A,OpponentPoints,Points,SecondChancePoints,FG2A,LiveBallTurnovers,TsPct,Fg3Pct,AtRimFG3AFrequency,Pace,AtRimFrequency,SecondsPerPossOff,SecondsPerPossDef,Minutes,DefAtRimReboundPct,DefFGReboundPct,AtRimAccuracy,player_on,OffFGReboundPct,nba_id
0,2014,94.87179487179488,104.78214665249736,140.0,259.0,78.0,182.0,224.0,936.0,941.0,139.0,78.0,47.0,44.0,182.0,986.0,888.0,126.0,608.0,93.0,0.4949324324324324,0.2967032967032967,0.5582278481012658,92.37772992925254,0.3278481012658228,15.830128205128204,15.34750265674814,488.0,0.5833333333333334,0.6840958605664488,0.5405405405405406,True,0.2766439909297052,203543
1,2014,103.87068070591724,108.14991076740036,1078.0,1827.0,550.0,1079.0,1482.0,6743.0,6724.0,1097.0,506.0,300.0,446.0,1547.0,7272.0,7004.0,1017.0,4546.0,516.0,0.5166048925129726,0.3367808661926309,0.5537502051534547,93.45728454320702,0.2998522895125554,15.564437194127244,15.251338488994646,3458.0,0.6015625,0.7130663164806303,0.5900383141762452,False,0.3064756789018203,203543
