index,year,ortg,drtg,AtRimFGM,AtRimFGA,AtRimAssists,Turnovers,FTA,OffPoss,DefPoss,TwoPtAssists,Steals,BadPassSteals,ThreePtAssists,FG3A,OpponentPoints,Points,SecondChancePoints,FG2A,LiveBallTurnovers,TsPct,Fg3Pct,AtRimFG3AFrequency,Pace,AtRimFrequency,SecondsPerPossOff,SecondsPerPossDef,Minutes,DefAtRimReboundPct,DefFGReboundPct,AtRimAccuracy,player_on,OffFGReboundPct,nba_id
0,2014,100.0,96.12903225806453,27.0,45.0,12.0,21.0,49.0,158.0,155.0,19.0,18.0,10.0,12.0,47.0,149.0,158.0,25.0,95.0,10.0,0.4846625766871165,0.2765957446808511,0.647887323943662,94.98840885142256,0.3169014084507042,14.664556962025316,15.664516129032258,79.0,0.8,0.7377049180327869,0.6,True,0.4117647058823529,203502
1,2014,106.38743455497382,110.44639350700352,1690.0,2767.0,911.0,1172.0,2062.0,7640.0,7639.0,1300.0,669.0,431.0,383.0,1533.0,8437.0,8128.0,1295.0,5449.0,660.0,0.5136542613997206,0.3222439660795825,0.6158693784016042,94.5844421039056,0.3963047837295904,15.204712041884816,15.2442728105773,3877.0,0.6347724620770129,0.6968822170900693,0.610769786772678,False,0.3456429330499468,203502
