index,year,ortg,drtg,AtRimFGM,AtRimFGA,AtRimAssists,Turnovers,FTA,OffPoss,DefPoss,TwoPtAssists,Steals,BadPassSteals,ThreePtAssists,FG3A,OpponentPoints,Points,SecondChancePoints,FG2A,LiveBallTurnovers,TsPct,Fg3Pct,AtRimFG3AFrequency,Pace,AtRimFrequency,SecondsPerPossOff,SecondsPerPossDef,Minutes,DefAtRimReboundPct,DefFGReboundPct,AtRimAccuracy,player_on,OffFGReboundPct,nba_id
0,2014,97.77777777777776,75.0,7.0,14.0,4.0,7.0,2.0,45.0,48.0,10.0,2.0,2.0,2.0,8.0,36.0,44.0,11.0,37.0,3.0,0.4888888888888889,0.25,0.4888888888888889,91.60054719562244,0.3111111111111111,15.533333333333331,15.895833333333334,24.0,1.0,0.8076923076923077,0.5,True,0.28,203519
1,2014,101.98263573927692,107.698279208177,1195.0,2044.0,606.0,1215.0,1712.0,7717.0,7729.0,1275.0,628.0,410.0,439.0,1588.0,8324.0,7870.0,978.0,5151.0,578.0,0.5239909115209836,0.3532745591939547,0.5389523668200029,93.45557525693494,0.3033090963050898,15.557859271737724,15.25915383620132,3967.0,0.5879265091863517,0.7190764156129742,0.5846379647749511,False,0.257825370675453,203519
2,2014,134.6153846153846,125.0,3.0,5.0,1.0,5.0,11.0,26.0,28.0,3.0,3.0,1.0,3.0,5.0,35.0,35.0,6.0,16.0,3.0,0.6730769230769231,0.6,0.4761904761904761,98.05800756620428,0.238095238095238,12.961538461538462,16.285714285714285,13.0,0.6666666666666666,0.75,0.6,True,0.5555555555555556,203519
3,2014,99.66858966490732,110.21485573971762,1633.0,2869.0,847.0,1378.0,1907.0,8147.0,8145.0,1280.0,762.0,479.0,505.0,1842.0,8977.0,8120.0,1137.0,5287.0,733.0,0.5077801480737859,0.3116178067318133,0.6608219946696592,98.7946956840319,0.4024407350259503,13.876150730330185,15.275383670963782,3958.0,0.5749128919860628,0.689520624303233,0.5691878703380969,False,0.2867238768298839,203519
