index,year,ortg,drtg,AtRimFGM,AtRimFGA,AtRimAssists,Turnovers,FTA,OffPoss,DefPoss,TwoPtAssists,Steals,BadPassSteals,ThreePtAssists,FG3A,OpponentPoints,Points,SecondChancePoints,FG2A,LiveBallTurnovers,TsPct,Fg3Pct,AtRimFG3AFrequency,Pace,AtRimFrequency,SecondsPerPossOff,SecondsPerPossDef,Minutes,DefAtRimReboundPct,DefFGReboundPct,AtRimAccuracy,player_on,OffFGReboundPct,nba_id
0,2018,133.33333333333334,100.0,1.0,1.0,,,2.0,3.0,4.0,,,,,1.0,4.0,4.0,,1.0,,0.6666666666666666,,1.0,136.2162162162162,0.5,9.0,11.75,1.0,,1.0,1.0,True,,203590
1,2018,108.69399185336049,110.16042780748664,1412.0,2164.0,750.0,1270.0,1599.0,7856.0,7854.0,1156.0,579.0,364.0,749.0,2495.0,8652.0,8539.0,1058.0,4456.0,719.0,0.5582142388881605,0.3486973947895792,0.6702632714717307,95.45880347362292,0.3113221119263415,15.127291242362526,15.042780748663102,3950.0,0.6284023668639053,0.735487404162103,0.6524953789279113,False,0.2704489121454145,203590
