index,year,ortg,drtg,AtRimFGM,AtRimFGA,AtRimAssists,Turnovers,FTA,OffPoss,DefPoss,TwoPtAssists,Steals,BadPassSteals,ThreePtAssists,FG3A,OpponentPoints,Points,SecondChancePoints,FG2A,LiveBallTurnovers,TsPct,Fg3Pct,AtRimFG3AFrequency,Pace,AtRimFrequency,SecondsPerPossOff,SecondsPerPossDef,Minutes,DefAtRimReboundPct,DefFGReboundPct,AtRimAccuracy,player_on,OffFGReboundPct,nba_id
0,2017,128.57142857142858,103.04878048780488,39.0,57.0,14.0,23.0,73.0,168.0,164.0,15.0,10.0,6.0,11.0,45.0,169.0,216.0,27.0,84.0,12.0,0.6708074534161491,0.4,0.7906976744186046,99.5377888819488,0.4418604651162791,14.041666666666666,14.902439024390244,80.0,0.8095238095238095,0.7471264367816092,0.6842105263157895,True,0.293103448275862,203518
1,2017,107.73993808049536,107.64525993883792,68.0,118.0,30.0,51.0,95.0,323.0,327.0,39.0,27.0,14.0,18.0,124.0,352.0,348.0,65.0,166.0,30.0,0.5289634146341463,0.2419354838709677,0.8344827586206897,97.53047827446078,0.4068965517241379,15.473684210526317,14.064220183486238,160.0,0.7142857142857143,0.7254901960784313,0.576271186440678,False,0.3190184049079754,203518
2,2018,100.0,110.31390134529148,39.0,62.0,13.0,34.0,76.0,222.0,223.0,18.0,20.0,13.0,15.0,73.0,246.0,222.0,32.0,110.0,20.0,0.5068807339449541,0.2602739726027397,0.7377049180327869,97.1645185746778,0.3387978142076502,15.774774774774777,13.869955156950672,110.0,0.6842105263157895,0.7755102040816326,0.6290322580645161,True,0.2666666666666666,203518
3,2018,113.85041551246536,100.55710306406684,76.0,127.0,36.0,57.0,80.0,361.0,359.0,47.0,32.0,23.0,40.0,116.0,361.0,411.0,59.0,206.0,33.0,0.5710306406685237,0.4224137931034483,0.7546583850931677,97.03322414599906,0.3944099378881988,15.385041551246536,14.292479108635098,178.0,0.7,0.7329842931937173,0.5984251968503937,False,0.2994011976047904,203518
