index,year,ortg,drtg,AtRimFGM,AtRimFGA,AtRimAssists,Turnovers,FTA,OffPoss,DefPoss,TwoPtAssists,Steals,BadPassSteals,ThreePtAssists,FG3A,OpponentPoints,Points,SecondChancePoints,FG2A,LiveBallTurnovers,TsPct,Fg3Pct,AtRimFG3AFrequency,Pace,AtRimFrequency,SecondsPerPossOff,SecondsPerPossDef,Minutes,DefAtRimReboundPct,DefFGReboundPct,AtRimAccuracy,player_on,OffFGReboundPct,nba_id
0,2014,106.4,66.93548387096774,17.0,31.0,6.0,19.0,29.0,125.0,124.0,21.0,11.0,6.0,5.0,27.0,83.0,133.0,25.0,79.0,5.0,0.5635593220338984,0.2962962962962963,0.5471698113207547,96.25771812080536,0.2924528301886792,13.208,16.725806451612904,62.0,0.6842105263157895,0.7536231884057971,0.5483870967741935,True,0.3818181818181818,203513
1,2014,100.5848748639826,103.6425648021828,1135.0,1980.0,574.0,1159.0,1639.0,7352.0,7330.0,1137.0,610.0,404.0,441.0,1505.0,7597.0,7395.0,937.0,5049.0,589.0,0.5053015698154778,0.3521594684385382,0.5317363442172719,89.8000722067662,0.3021055843759536,15.525163220892274,16.547612551159617,3924.0,0.5886143931256713,0.6874648679033165,0.5732323232323232,False,0.2810188989317995,203513
