index,year,ortg,drtg,AtRimFGM,AtRimFGA,AtRimAssists,Turnovers,FTA,OffPoss,DefPoss,TwoPtAssists,Steals,BadPassSteals,ThreePtAssists,FG3A,OpponentPoints,Points,SecondChancePoints,FG2A,LiveBallTurnovers,TsPct,Fg3Pct,AtRimFG3AFrequency,Pace,AtRimFrequency,SecondsPerPossOff,SecondsPerPossDef,Minutes,DefAtRimReboundPct,DefFGReboundPct,AtRimAccuracy,player_on,OffFGReboundPct,nba_id
0,2014,96.12903225806453,100.0,21.0,26.0,11.0,33.0,47.0,155.0,158.0,20.0,10.0,8.0,7.0,34.0,158.0,149.0,20.0,78.0,18.0,0.553030303030303,0.2647058823529412,0.5357142857142857,94.98840885142256,0.2321428571428571,15.664516129032258,14.664556962025316,79.0,0.5,0.5882352941176471,0.8076923076923077,True,0.2622950819672131,203502
1,2014,110.44639350700352,106.38743455497382,1436.0,2299.0,831.0,1197.0,1920.0,7639.0,7640.0,1394.0,660.0,392.0,580.0,1838.0,8128.0,8437.0,1137.0,4870.0,669.0,0.5555776364599894,0.3667029379760609,0.6167262969588551,94.5844421039056,0.3427251043530113,15.2442728105773,15.204712041884816,3877.0,0.5575304022450889,0.6543570669500531,0.6246193997390169,False,0.3031177829099307,203502
