index,year,ortg,drtg,AtRimFGM,AtRimFGA,AtRimAssists,Turnovers,FTA,OffPoss,DefPoss,TwoPtAssists,Steals,BadPassSteals,ThreePtAssists,FG3A,OpponentPoints,Points,SecondChancePoints,FG2A,LiveBallTurnovers,TsPct,Fg3Pct,AtRimFG3AFrequency,Pace,AtRimFrequency,SecondsPerPossOff,SecondsPerPossDef,Minutes,DefAtRimReboundPct,DefFGReboundPct,AtRimAccuracy,player_on,OffFGReboundPct,nba_id
0,2004,109.6774193548387,76.66666666666667,8.0,14.0,5.0,5.0,11.0,31.0,30.0,7.0,3.0,1.0,1.0,4.0,23.0,34.0,9.0,24.0,2.0,0.5,0.25,0.6428571428571429,96.42151481888035,0.5,15.903225806451612,13.933333333333334,15.0,0.3333333333333333,0.7692307692307693,0.5714285714285714,True,0.5333333333333333,2035
1,2004,106.64652567975833,93.993993993994,63.0,96.0,42.0,71.0,118.0,331.0,333.0,67.0,35.0,21.0,14.0,59.0,313.0,353.0,42.0,201.0,35.0,0.5647249190938511,0.2711864406779661,0.5961538461538461,90.12725044773306,0.3692307692307692,15.44712990936556,16.504504504504503,177.0,0.4358974358974359,0.6538461538461539,0.65625,False,0.3282442748091603,2035
2,2005,112.32876712328768,96.57534246575342,23.0,38.0,14.0,18.0,44.0,146.0,146.0,21.0,5.0,3.0,12.0,33.0,141.0,164.0,18.0,98.0,10.0,0.5394736842105263,0.4242424242424242,0.5419847328244275,92.23075235797324,0.2900763358778626,16.486301369863014,14.73972602739726,76.0,0.6818181818181818,0.7361111111111112,0.6052631578947368,True,0.3478260869565217,2035
3,2005,107.64331210191082,98.41269841269842,46.0,74.0,23.0,53.0,119.0,314.0,315.0,48.0,20.0,11.0,18.0,59.0,310.0,338.0,37.0,199.0,22.0,0.5368589743589743,0.3559322033898305,0.5155038759689923,89.31663544029188,0.2868217054263566,17.12420382165605,15.123809523809523,169.0,0.6363636363636364,0.7124183006535948,0.6216216216216216,False,0.3055555555555556,2035
4,2006,104.6153846153846,89.0625,10.0,14.0,6.0,6.0,15.0,65.0,64.0,14.0,2.0,2.0,3.0,15.0,57.0,68.0,10.0,46.0,5.0,0.4925373134328358,0.2,0.4754098360655737,91.73333333333332,0.2295081967213114,16.923076923076923,14.453125,34.0,0.5714285714285714,0.7631578947368421,0.7142857142857143,True,0.2424242424242424,2035
5,2006,103.2994923857868,95.71788413098236,51.0,82.0,30.0,81.0,122.0,394.0,397.0,75.0,26.0,17.0,20.0,49.0,380.0,407.0,55.0,260.0,29.0,0.5538674033149171,0.4081632653061224,0.4239482200647249,92.04363636363637,0.2653721682847896,15.588832487309643,15.700251889168763,206.0,0.5294117647058824,0.6606334841628959,0.6219512195121951,False,0.270440251572327,2035
