index,year,ortg,drtg,AtRimFGM,AtRimFGA,AtRimAssists,Turnovers,FTA,OffPoss,DefPoss,TwoPtAssists,Steals,BadPassSteals,ThreePtAssists,FG3A,OpponentPoints,Points,SecondChancePoints,FG2A,LiveBallTurnovers,TsPct,Fg3Pct,AtRimFG3AFrequency,Pace,AtRimFrequency,SecondsPerPossOff,SecondsPerPossDef,Minutes,DefAtRimReboundPct,DefFGReboundPct,AtRimAccuracy,player_on,OffFGReboundPct,nba_id
0,2018,83.33333333333333,68.75,6.0,11.0,5.0,3.0,9.0,36.0,32.0,6.0,5.0,4.0,2.0,11.0,22.0,30.0,3.0,21.0,1.0,0.4166666666666667,0.1818181818181818,0.6875,101.57676348547716,0.34375,13.166666666666666,15.3125,16.0,0.5,0.8125,0.5454545454545454,True,0.2105263157894736,203585
1,2018,116.7741935483871,105.76923076923076,89.0,149.0,51.0,77.0,152.0,465.0,468.0,74.0,40.0,22.0,51.0,146.0,495.0,543.0,78.0,259.0,43.0,0.573093220338983,0.3767123287671233,0.7283950617283951,99.99106903634902,0.3679012345679012,14.2,14.60128205128205,224.0,0.6,0.75,0.5973154362416108,False,0.3457943925233644,203585
2,2020,82.3529411764706,121.21212121212122,8.0,13.0,4.0,2.0,10.0,34.0,33.0,5.0,3.0,1.0,,9.0,40.0,28.0,4.0,19.0,,0.4242424242424242,0.1111111111111111,0.7857142857142857,102.52922422954305,0.4642857142857143,13.382352941176473,14.727272727272728,16.0,1.0,0.9,0.6153846153846154,True,0.2222222222222222,203585
3,2020,111.92,115.4523618895116,180.0,263.0,81.0,176.0,297.0,1250.0,1249.0,155.0,87.0,56.0,126.0,442.0,1442.0,1399.0,118.0,633.0,97.0,0.5771784232365145,0.3642533936651583,0.6558139534883721,97.7896138482024,0.2446511627906976,15.0,14.450760608486789,613.0,0.6,0.7544169611307421,0.6844106463878327,False,0.2260397830018083,203585
