index,year,ortg,drtg,AtRimFGM,AtRimFGA,AtRimAssists,Turnovers,FTA,OffPoss,DefPoss,TwoPtAssists,Steals,BadPassSteals,ThreePtAssists,FG3A,OpponentPoints,Points,SecondChancePoints,FG2A,LiveBallTurnovers,TsPct,Fg3Pct,AtRimFG3AFrequency,Pace,AtRimFrequency,SecondsPerPossOff,SecondsPerPossDef,Minutes,DefAtRimReboundPct,DefFGReboundPct,AtRimAccuracy,player_on,OffFGReboundPct,nba_id
0,2014,103.80313199105146,109.04017857142856,152.0,264.0,86.0,141.0,252.0,894.0,896.0,155.0,65.0,41.0,42.0,183.0,977.0,928.0,145.0,604.0,66.0,0.5110619469026548,0.3169398907103825,0.567979669631512,92.4765902486277,0.3354510800508259,16.112975391498882,15.03125,465.0,0.5916666666666667,0.6658653846153846,0.5757575757575758,True,0.3348729792147806,203545
1,2014,102.75461584276356,111.98273295623696,1169.0,2076.0,626.0,1097.0,1591.0,6716.0,6718.0,1160.0,476.0,303.0,403.0,1370.0,7523.0,6901.0,919.0,4580.0,574.0,0.5152831884926581,0.3576642335766423,0.5791596638655462,91.81847954548692,0.3489075630252101,15.903960690887432,15.46233998213754,3511.0,0.562421185372005,0.6894409937888198,0.5631021194605009,False,0.3038826047080403,203545
2,2015,106.66666666666669,108.51063829787236,8.0,13.0,6.0,6.0,14.0,45.0,47.0,9.0,2.0,2.0,3.0,7.0,51.0,48.0,6.0,31.0,4.0,0.5454545454545454,0.4285714285714285,0.5263157894736842,97.05494505494504,0.3421052631578947,15.2,14.48936170212766,23.0,,0.8,0.6153846153846154,True,0.238095238095238,203545
3,2015,102.8792769528728,112.22222222222224,1276.0,2130.0,715.0,1224.0,2095.0,7745.0,7740.0,1427.0,666.0,425.0,332.0,1216.0,8686.0,7968.0,1155.0,5566.0,682.0,0.5140005185377237,0.3314144736842105,0.493364789147744,94.3667872786136,0.3140666470067826,15.248289218850871,15.27093023255814,3938.0,0.5725593667546174,0.6862178561109505,0.5990610328638498,False,0.3056451612903226,203545
