index,year,ortg,drtg,AtRimFGM,AtRimFGA,AtRimAssists,Turnovers,FTA,OffPoss,DefPoss,TwoPtAssists,Steals,BadPassSteals,ThreePtAssists,FG3A,OpponentPoints,Points,SecondChancePoints,FG2A,LiveBallTurnovers,TsPct,Fg3Pct,AtRimFG3AFrequency,Pace,AtRimFrequency,SecondsPerPossOff,SecondsPerPossDef,Minutes,DefAtRimReboundPct,DefFGReboundPct,AtRimAccuracy,player_on,OffFGReboundPct,nba_id
0,2016,101.92307692307692,83.63636363636364,15.0,18.0,8.0,6.0,7.0,52.0,55.0,10.0,2.0,1.0,,14.0,46.0,53.0,13.0,40.0,1.0,0.4732142857142857,0.1428571428571428,0.5925925925925926,88.09605488850772,0.3333333333333333,17.173076923076923,15.563636363636364,29.0,0.8333333333333334,0.96,0.8333333333333334,True,0.3,203512
1,2016,107.893242475866,102.9960429621255,274.0,453.0,139.0,270.0,454.0,1761.0,1769.0,214.0,141.0,78.0,127.0,435.0,1822.0,1900.0,229.0,1056.0,149.0,0.558372641509434,0.3701149425287356,0.5955734406438632,89.57022783739494,0.3038229376257545,15.608177172061328,16.543244771057093,946.0,0.5416666666666666,0.695067264573991,0.6048565121412803,False,0.2525641025641025,203512
2,2017,64.28571428571429,120.0,1.0,3.0,1.0,3.0,1.0,14.0,15.0,1.0,,,2.0,4.0,18.0,9.0,,6.0,2.0,0.45,0.5,0.7,98.72340425531917,0.3,16.642857142857142,12.666666666666666,7.0,0.4,0.4285714285714285,0.3333333333333333,True,,203512
3,2017,112.03090507726267,104.86187845303868,146.0,243.0,79.0,132.0,231.0,906.0,905.0,121.0,76.0,48.0,96.0,257.0,949.0,1015.0,83.0,520.0,72.0,0.5752565564424174,0.4396887159533074,0.6435006435006435,91.89977798921662,0.3127413127413127,15.775938189845474,15.56243093922652,473.0,0.6698113207547169,0.7848699763593381,0.6008230452674898,False,0.2338308457711442,203512
4,2018,138.0,87.23404255319149,9.0,15.0,7.0,4.0,21.0,50.0,47.0,11.0,6.0,4.0,7.0,15.0,41.0,69.0,3.0,24.0,3.0,0.7040816326530612,0.5333333333333333,0.7692307692307693,97.13490959666204,0.3846153846153846,13.66,16.06382978723404,24.0,0.6666666666666666,0.8947368421052632,0.6,True,0.1666666666666666,203512
5,2018,116.44444444444444,114.03314917127072,169.0,266.0,86.0,109.0,208.0,900.0,905.0,145.0,67.0,46.0,74.0,228.0,1032.0,1048.0,107.0,593.0,54.0,0.572289156626506,0.3771929824561403,0.6017052375152253,93.96283710505386,0.3239951278928136,15.736666666666666,14.916022099447511,461.0,0.6068376068376068,0.7288557213930348,0.6353383458646616,False,0.2617283950617284,203512
