index,year,ortg,drtg,AtRimFGM,AtRimFGA,AtRimAssists,Turnovers,FTA,OffPoss,DefPoss,TwoPtAssists,Steals,BadPassSteals,ThreePtAssists,FG3A,OpponentPoints,Points,SecondChancePoints,FG2A,LiveBallTurnovers,TsPct,Fg3Pct,AtRimFG3AFrequency,Pace,AtRimFrequency,SecondsPerPossOff,SecondsPerPossDef,Minutes,DefAtRimReboundPct,DefFGReboundPct,AtRimAccuracy,player_on,OffFGReboundPct,nba_id
0,2015,77.77777777777777,85.71428571428571,1.0,2.0,,,2.0,9.0,7.0,,1.0,,1.0,3.0,6.0,7.0,2.0,4.0,,0.4375,0.3333333333333333,0.7142857142857143,76.29139072847683,0.2857142857142857,21.88888888888889,15.0,5.0,0.3333333333333333,0.4285714285714285,0.5,True,0.2,203515
1,2015,111.1413043478261,101.6348773841962,57.0,90.0,26.0,50.0,124.0,368.0,367.0,37.0,30.0,23.0,29.0,119.0,373.0,409.0,63.0,194.0,21.0,0.5497311827956989,0.3193277310924369,0.6677316293929713,94.3483686931717,0.2875399361022364,16.581521739130434,13.940054495912806,187.0,0.6511627906976745,0.7445652173913043,0.6333333333333333,False,0.3179190751445087,203515
