index,year,ortg,drtg,AtRimFGM,AtRimFGA,AtRimAssists,Turnovers,FTA,OffPoss,DefPoss,TwoPtAssists,Steals,BadPassSteals,ThreePtAssists,FG3A,OpponentPoints,Points,SecondChancePoints,FG2A,LiveBallTurnovers,TsPct,Fg3Pct,AtRimFG3AFrequency,Pace,AtRimFrequency,SecondsPerPossOff,SecondsPerPossDef,Minutes,DefAtRimReboundPct,DefFGReboundPct,AtRimAccuracy,player_on,OffFGReboundPct,nba_id
0,2014,110.0,87.09677419354838,4.0,4.0,1.0,5.0,10.0,30.0,31.0,2.0,3.0,3.0,2.0,7.0,27.0,33.0,2.0,16.0,3.0,0.6111111111111112,0.2857142857142857,0.4782608695652174,99.81818181818184,0.1739130434782608,12.633333333333333,16.161290322580644,15.0,0.5,0.625,1.0,True,0.2,203505
1,2014,102.74545692247352,107.82027770500392,1214.0,2082.0,627.0,1256.0,1696.0,7649.0,7634.0,1234.0,581.0,344.0,488.0,1722.0,8231.0,7859.0,1141.0,5138.0,606.0,0.5137391533000263,0.3327526132404181,0.5545189504373178,93.29964388672204,0.3034985422740525,15.608445548437704,15.259496987162692,3931.0,0.5995475113122172,0.709658928059616,0.5830931796349664,False,0.3032786885245901,203505
2,2015,94.73684210526316,121.33333333333331,24.0,49.0,9.0,24.0,37.0,152.0,150.0,21.0,10.0,9.0,9.0,34.0,182.0,144.0,28.0,112.0,14.0,0.4417177914110429,0.2647058823529412,0.5684931506849316,98.32240560705404,0.3356164383561644,15.56578947368421,13.713333333333331,74.0,0.7142857142857143,0.7413793103448276,0.4897959183673469,True,0.375,203505
3,2015,103.67416317991632,110.541459586712,1262.0,2056.0,674.0,1062.0,1898.0,7648.0,7646.0,1307.0,568.0,356.0,378.0,1512.0,8452.0,7929.0,1145.0,5362.0,597.0,0.5121286807627449,0.3458994708994709,0.5190573174279896,93.82142568065537,0.2990980506255455,15.754314853556483,14.942191995814806,3912.0,0.6224489795918368,0.7251646149441741,0.6138132295719845,False,0.2837160200580628,203505
4,2018,105.3763440860215,87.36842105263158,20.0,30.0,12.0,24.0,28.0,93.0,95.0,15.0,12.0,9.0,6.0,23.0,83.0,98.0,10.0,45.0,13.0,0.6049382716049383,0.2608695652173913,0.7794117647058824,100.45269016697588,0.4411764705882353,12.24731182795699,16.378947368421052,45.0,0.8181818181818182,0.8780487804878049,0.6666666666666666,True,0.3666666666666666,203505
5,2018,107.48099092469954,109.06196424197894,1671.0,2619.0,871.0,1271.0,1882.0,8154.0,8166.0,1223.0,620.0,416.0,705.0,2361.0,8906.0,8764.0,1159.0,4819.0,670.0,0.5467927837634678,0.3456162642947903,0.6935933147632312,99.51008828573242,0.3647632311977716,13.917831739023791,15.02314474650992,3936.0,0.6149674620390455,0.7382863059798085,0.6380297823596792,False,0.2764891934633632,203505
