index,year,ortg,drtg,AtRimFGM,AtRimFGA,AtRimAssists,Turnovers,FTA,OffPoss,DefPoss,TwoPtAssists,Steals,BadPassSteals,ThreePtAssists,FG3A,OpponentPoints,Points,SecondChancePoints,FG2A,LiveBallTurnovers,TsPct,Fg3Pct,AtRimFG3AFrequency,Pace,AtRimFrequency,SecondsPerPossOff,SecondsPerPossDef,Minutes,DefAtRimReboundPct,DefFGReboundPct,AtRimAccuracy,player_on,OffFGReboundPct,nba_id
0,2017,92.3076923076923,105.66037735849056,11.0,16.0,6.0,4.0,7.0,52.0,53.0,6.0,6.0,4.0,5.0,20.0,56.0,48.0,,27.0,1.0,0.4897959183673469,0.25,0.7659574468085106,96.36711281070748,0.3404255319148936,16.096153846153847,13.81132075471698,26.0,0.5,0.64,0.6875,True,0.1071428571428571,203530
1,2017,113.04347826086956,104.39121756487026,104.0,161.0,70.0,70.0,101.0,506.0,501.0,87.0,43.0,30.0,66.0,204.0,523.0,572.0,68.0,253.0,42.0,0.5701402805611222,0.3480392156862745,0.7986870897155361,92.29711666984916,0.3522975929978118,15.5,15.704590818363274,262.0,0.5689655172413793,0.7020408163265306,0.6459627329192547,False,0.2666666666666666,203530
2,2018,76.92307692307692,108.33333333333331,2.0,3.0,1.0,2.0,4.0,13.0,12.0,2.0,,,,2.0,13.0,10.0,2.0,9.0,2.0,0.3846153846153846,,0.4545454545454545,102.27272727272728,0.2727272727272727,15.615384615384617,12.416666666666666,6.0,1.0,0.8571428571428571,0.6666666666666666,True,0.4285714285714285,203530
3,2018,114.34878587196468,103.28947368421052,65.0,100.0,47.0,66.0,98.0,453.0,456.0,95.0,30.0,16.0,37.0,138.0,471.0,518.0,50.0,265.0,36.0,0.578125,0.3405797101449275,0.5905707196029777,93.17767653758544,0.2481389578163771,14.309050772626932,16.592105263157894,234.0,0.59375,0.7801724137931034,0.65,False,0.2864077669902912,203530
