index,year,ortg,drtg,AtRimFGM,AtRimFGA,AtRimAssists,Turnovers,FTA,OffPoss,DefPoss,TwoPtAssists,Steals,BadPassSteals,ThreePtAssists,FG3A,OpponentPoints,Points,SecondChancePoints,FG2A,LiveBallTurnovers,TsPct,Fg3Pct,AtRimFG3AFrequency,Pace,AtRimFrequency,SecondsPerPossOff,SecondsPerPossDef,Minutes,DefAtRimReboundPct,DefFGReboundPct,AtRimAccuracy,player_on,OffFGReboundPct,nba_id
0,2015,80.0,125.0,2.0,6.0,,2.0,2.0,10.0,12.0,1.0,1.0,,,1.0,15.0,8.0,4.0,12.0,2.0,0.2857142857142857,,0.5384615384615384,95.42168674698796,0.4615384615384615,18.1,12.583333333333334,6.0,1.0,0.6666666666666666,0.3333333333333333,True,0.6,203564
1,2015,106.09932815175866,102.39505198052376,1382.0,2260.0,754.0,1091.0,1867.0,7591.0,7599.0,1410.0,699.0,444.0,366.0,1245.0,7781.0,8054.0,1058.0,5505.0,602.0,0.5285299167877427,0.3397590361445783,0.5192592592592593,91.70244164207136,0.3348148148148148,15.94071927282308,15.465455981050138,3975.0,0.6213093709884467,0.7257709251101322,0.6115044247787611,False,0.283365840066871,203564
2,2019,54.54545454545455,81.81818181818181,2.0,2.0,1.0,2.0,2.0,11.0,11.0,1.0,1.0,1.0,,4.0,9.0,6.0,,5.0,1.0,0.3,,0.6666666666666666,94.56716417910448,0.2222222222222222,16.454545454545453,14.0,6.0,,0.8333333333333334,1.0,True,0.1428571428571428,203564
3,2019,109.81472208312468,109.93120700437774,1384.0,2271.0,688.0,1132.0,1891.0,7988.0,7995.0,1019.0,568.0,398.0,825.0,2850.0,8789.0,8772.0,1085.0,4379.0,565.0,0.5423876509398731,0.3484210526315789,0.7083967353714207,96.7343490595776,0.3141513349010928,15.569729594391587,14.203126954346466,3965.0,0.6649076517150396,0.7528432732316227,0.6094231616028182,False,0.2777919104553549,203564
