index,year,ortg,drtg,AtRimFGM,AtRimFGA,AtRimAssists,Turnovers,FTA,OffPoss,DefPoss,TwoPtAssists,Steals,BadPassSteals,ThreePtAssists,FG3A,OpponentPoints,Points,SecondChancePoints,FG2A,LiveBallTurnovers,TsPct,Fg3Pct,AtRimFG3AFrequency,Pace,AtRimFrequency,SecondsPerPossOff,SecondsPerPossDef,Minutes,DefAtRimReboundPct,DefFGReboundPct,AtRimAccuracy,player_on,OffFGReboundPct,nba_id
0,2014,109.04017857142856,103.80313199105146,138.0,260.0,72.0,136.0,241.0,896.0,894.0,138.0,66.0,46.0,73.0,217.0,928.0,977.0,134.0,569.0,65.0,0.5440356744704571,0.3870967741935484,0.6068702290076335,92.4765902486277,0.3307888040712468,15.03125,16.112975391498882,465.0,0.5315315315315315,0.6651270207852193,0.5307692307692308,True,0.3341346153846153,203545
1,2014,111.98273295623696,102.75461584276356,1262.0,2063.0,667.0,1023.0,1769.0,6718.0,6716.0,1136.0,574.0,363.0,523.0,1609.0,6901.0,7523.0,948.0,4327.0,476.0,0.5569027075275216,0.3809819763828465,0.6185983827493261,91.81847954548692,0.3475404312668463,15.46233998213754,15.903960690887432,3511.0,0.5727069351230425,0.6961173952919596,0.611730489578284,False,0.3105590062111801,203545
2,2015,108.51063829787236,106.66666666666669,10.0,11.0,7.0,8.0,9.0,47.0,45.0,11.0,4.0,2.0,4.0,7.0,48.0,51.0,5.0,29.0,2.0,0.6375,0.5714285714285714,0.5,97.05494505494504,0.3055555555555556,14.48936170212766,15.2,23.0,0.8,0.7619047619047619,0.9090909090909092,True,0.2,203545
3,2015,112.22222222222224,102.8792769528728,1558.0,2321.0,817.0,1235.0,1695.0,7740.0,7745.0,1311.0,682.0,428.0,607.0,1890.0,7968.0,8686.0,1218.0,5007.0,666.0,0.5673215455140799,0.3666666666666666,0.6105553139045962,94.3667872786136,0.3365231259968102,15.27093023255814,15.248289218850871,3938.0,0.628099173553719,0.6943548387096774,0.6712623869021973,False,0.3137821438890494,203545
