index,year,ortg,drtg,AtRimFGM,AtRimFGA,AtRimAssists,Turnovers,FTA,OffPoss,DefPoss,TwoPtAssists,Steals,BadPassSteals,ThreePtAssists,FG3A,OpponentPoints,Points,SecondChancePoints,FG2A,LiveBallTurnovers,TsPct,Fg3Pct,AtRimFG3AFrequency,Pace,AtRimFrequency,SecondsPerPossOff,SecondsPerPossDef,Minutes,DefAtRimReboundPct,DefFGReboundPct,AtRimAccuracy,player_on,OffFGReboundPct,nba_id
0,2014,75.0,97.77777777777776,9.0,14.0,4.0,6.0,10.0,48.0,45.0,5.0,3.0,3.0,2.0,9.0,44.0,36.0,4.0,31.0,2.0,0.4,0.2222222222222222,0.575,91.60054719562244,0.35,15.895833333333334,15.533333333333331,24.0,0.7142857142857143,0.72,0.6428571428571429,True,0.1923076923076923,203519
1,2014,107.698279208177,101.98263573927692,1258.0,2032.0,709.0,1141.0,1870.0,7729.0,7717.0,1267.0,578.0,338.0,574.0,1769.0,7870.0,8324.0,1065.0,5052.0,628.0,0.5423484749312737,0.3713962690785755,0.5572496701363436,93.45557525693494,0.2979035332062747,15.25915383620132,15.557859271737724,3967.0,0.6126340882002383,0.7421746293245469,0.6190944881889764,False,0.2809235843870258,203519
2,2014,125.0,134.6153846153846,2.0,5.0,1.0,4.0,10.0,28.0,26.0,6.0,3.0,2.0,3.0,5.0,35.0,35.0,1.0,16.0,3.0,0.6730769230769231,0.6,0.4761904761904761,98.05800756620428,0.238095238095238,16.285714285714285,12.961538461538462,13.0,,0.4444444444444444,0.4,True,0.25,203519
3,2014,110.21485573971762,99.66858966490732,1485.0,2351.0,868.0,1386.0,2251.0,8145.0,8147.0,1473.0,733.0,464.0,662.0,1993.0,8120.0,8977.0,1161.0,4961.0,762.0,0.562610229276896,0.369292523833417,0.6246764452113891,98.7946956840319,0.3380788035662928,15.275383670963782,13.876150730330185,3958.0,0.6255077173030057,0.7132761231701161,0.6316461080391322,False,0.310479375696767,203519
