index,year,ortg,drtg,AtRimFGM,AtRimFGA,AtRimAssists,Turnovers,FTA,OffPoss,DefPoss,TwoPtAssists,Steals,BadPassSteals,ThreePtAssists,FG3A,OpponentPoints,Points,SecondChancePoints,FG2A,LiveBallTurnovers,TsPct,Fg3Pct,AtRimFG3AFrequency,Pace,AtRimFrequency,SecondsPerPossOff,SecondsPerPossDef,Minutes,DefAtRimReboundPct,DefFGReboundPct,AtRimAccuracy,player_on,OffFGReboundPct,nba_id
0,2018,68.75,83.33333333333333,3.0,7.0,1.0,8.0,4.0,32.0,36.0,3.0,1.0,1.0,,7.0,30.0,22.0,,20.0,5.0,0.3928571428571428,,0.5185185185185185,101.57676348547716,0.2592592592592592,15.3125,13.166666666666666,16.0,0.75,0.7894736842105263,0.4285714285714285,True,0.1875,203585
1,2018,105.76923076923076,116.7741935483871,71.0,131.0,48.0,72.0,139.0,468.0,465.0,66.0,43.0,21.0,50.0,131.0,543.0,495.0,38.0,256.0,40.0,0.5487804878048781,0.4122137404580153,0.6770025839793282,99.99106903634902,0.3385012919896641,14.60128205128205,14.2,224.0,0.5666666666666667,0.6542056074766355,0.5419847328244275,False,0.25,203585
2,2020,121.21212121212122,82.3529411764706,4.0,5.0,2.0,6.0,2.0,33.0,34.0,5.0,,,5.0,9.0,28.0,40.0,2.0,17.0,3.0,0.7407407407407407,0.6666666666666666,0.5384615384615384,102.52922422954305,0.1923076923076923,14.727272727272728,13.382352941176473,16.0,0.4,0.7777777777777778,0.8,True,0.1,203585
3,2020,115.4523618895116,111.92,196.0,316.0,96.0,163.0,325.0,1249.0,1250.0,135.0,97.0,69.0,130.0,418.0,1399.0,1442.0,134.0,679.0,87.0,0.5813765182186235,0.361244019138756,0.6690975387420237,97.7896138482024,0.2880583409298086,14.450760608486789,15.0,613.0,0.6585365853658537,0.7739602169981917,0.620253164556962,False,0.2455830388692579,203585
