index,year,ortg,drtg,AtRimFGM,AtRimFGA,AtRimAssists,Turnovers,FTA,OffPoss,DefPoss,TwoPtAssists,Steals,BadPassSteals,ThreePtAssists,FG3A,OpponentPoints,Points,SecondChancePoints,FG2A,LiveBallTurnovers,TsPct,Fg3Pct,AtRimFG3AFrequency,Pace,AtRimFrequency,SecondsPerPossOff,SecondsPerPossDef,Minutes,DefAtRimReboundPct,DefFGReboundPct,AtRimAccuracy,player_on,OffFGReboundPct,nba_id
0,2014,116.0,140.0,4.0,10.0,2.0,3.0,6.0,25.0,25.0,3.0,1.0,1.0,4.0,7.0,35.0,29.0,1.0,15.0,2.0,0.6041666666666666,0.5714285714285714,0.7727272727272727,105.4172767203514,0.4545454545454545,12.08,15.24,11.0,0.5,0.6363636363636364,0.4,True,0.2727272727272727,203548
1,2014,104.172857850421,110.5426164519326,1243.0,2018.0,744.0,1236.0,1829.0,8076.0,8072.0,1342.0,610.0,386.0,657.0,2025.0,8923.0,8413.0,895.0,4933.0,788.0,0.5419304819744153,0.3802469135802469,0.5810577752227651,98.62336020901104,0.2900258695027307,14.165304606240714,15.036917740336968,3930.0,0.5621052631578948,0.6813157894736842,0.6159563924677899,False,0.2325026511134676,203548
