index,year,ortg,drtg,AtRimFGM,AtRimFGA,AtRimAssists,Turnovers,FTA,OffPoss,DefPoss,TwoPtAssists,Steals,BadPassSteals,ThreePtAssists,FG3A,OpponentPoints,Points,SecondChancePoints,FG2A,LiveBallTurnovers,TsPct,Fg3Pct,AtRimFG3AFrequency,Pace,AtRimFrequency,SecondsPerPossOff,SecondsPerPossDef,Minutes,DefAtRimReboundPct,DefFGReboundPct,AtRimAccuracy,player_on,OffFGReboundPct,nba_id
0,2014,104.21455938697318,98.07692307692308,39.0,53.0,22.0,43.0,74.0,261.0,260.0,43.0,18.0,13.0,12.0,59.0,255.0,272.0,40.0,165.0,26.0,0.531496062992126,0.2542372881355932,0.5,94.50056682201787,0.2366071428571428,15.517241379310343,14.957692307692309,132.0,0.5416666666666666,0.7175572519083969,0.7358490566037735,True,0.3083333333333333,203569
1,2014,107.86061588330632,102.93840140180616,1390.0,2270.0,778.0,1125.0,1918.0,7404.0,7419.0,1325.0,591.0,360.0,433.0,1494.0,7637.0,7986.0,1093.0,4957.0,558.0,0.5446208595674787,0.3507362784471218,0.5834754301658658,93.28304657352254,0.3518834289257479,15.254186925985952,15.619220919261355,3814.0,0.5904191616766467,0.6962578530456159,0.6123348017621145,False,0.2901033973412112,203569
