index,year,ortg,drtg,AtRimFGM,AtRimFGA,AtRimAssists,Turnovers,FTA,OffPoss,DefPoss,TwoPtAssists,Steals,BadPassSteals,ThreePtAssists,FG3A,OpponentPoints,Points,SecondChancePoints,FG2A,LiveBallTurnovers,TsPct,Fg3Pct,AtRimFG3AFrequency,Pace,AtRimFrequency,SecondsPerPossOff,SecondsPerPossDef,Minutes,DefAtRimReboundPct,DefFGReboundPct,AtRimAccuracy,player_on,OffFGReboundPct,nba_id
0,2014,109.12162162162164,86.10169491525424,52.0,89.0,24.0,51.0,84.0,296.0,295.0,40.0,31.0,19.0,17.0,58.0,254.0,323.0,65.0,200.0,26.0,0.5494880546075085,0.3620689655172414,0.5697674418604651,99.67673928320448,0.3449612403100775,13.93581081081081,14.959322033898305,142.0,0.6428571428571429,0.708029197080292,0.5842696629213483,True,0.3880597014925373,203517
1,2014,102.32558139534883,108.33224500457098,1122.0,1861.0,582.0,1185.0,1935.0,7654.0,7657.0,1160.0,618.0,404.0,466.0,1598.0,8295.0,7832.0,1006.0,5064.0,616.0,0.517555526000798,0.3429286608260325,0.5192134494145902,96.1016816172817,0.2793455418793155,15.586752025084923,14.381742196682774,3824.0,0.5816733067729084,0.7226133483525767,0.6029016657710908,False,0.2677314564158094,203517
