index,year,ortg,drtg,AtRimFGM,AtRimFGA,AtRimAssists,Turnovers,FTA,OffPoss,DefPoss,TwoPtAssists,Steals,BadPassSteals,ThreePtAssists,FG3A,OpponentPoints,Points,SecondChancePoints,FG2A,LiveBallTurnovers,TsPct,Fg3Pct,AtRimFG3AFrequency,Pace,AtRimFrequency,SecondsPerPossOff,SecondsPerPossDef,Minutes,DefAtRimReboundPct,DefFGReboundPct,AtRimAccuracy,player_on,OffFGReboundPct,nba_id
0,2014,87.09677419354838,110.0,3.0,7.0,2.0,5.0,8.0,31.0,30.0,5.0,3.0,2.0,1.0,8.0,33.0,27.0,7.0,17.0,3.0,0.4655172413793103,0.25,0.6,99.81818181818184,0.28,16.161290322580644,12.633333333333333,15.0,,0.8,0.4285714285714285,True,0.375,203505
1,2014,107.82027770500392,102.74545692247352,1426.0,2316.0,798.0,1163.0,1984.0,7634.0,7649.0,1363.0,606.0,371.0,444.0,1545.0,7859.0,8231.0,1126.0,5105.0,581.0,0.5444828044084451,0.3475728155339805,0.5806015037593985,93.29964388672204,0.3482706766917293,15.259496987162692,15.608445548437704,3931.0,0.5890570430733411,0.6967213114754098,0.6157167530224525,False,0.290341071940384,203505
2,2015,121.33333333333331,94.73684210526316,36.0,50.0,22.0,15.0,62.0,150.0,152.0,32.0,14.0,7.0,9.0,24.0,144.0,182.0,21.0,100.0,10.0,0.6026490066225165,0.375,0.5967741935483871,98.32240560705404,0.4032258064516129,13.713333333333331,15.56578947368421,74.0,0.6,0.625,0.72,True,0.2586206896551724,203505
3,2015,110.541459586712,103.67416317991632,1446.0,2337.0,818.0,1052.0,2056.0,7646.0,7648.0,1341.0,597.0,337.0,584.0,1897.0,7929.0,8452.0,1005.0,4796.0,568.0,0.5539138429209352,0.3626779124934106,0.6326012251606156,93.82142568065537,0.3491707754370237,14.942191995814806,15.754314853556483,3912.0,0.6073697585768743,0.7162839799419372,0.6187419768934531,False,0.2748353850558259,203505
4,2018,87.36842105263158,105.3763440860215,13.0,24.0,6.0,17.0,12.0,95.0,93.0,12.0,13.0,5.0,5.0,24.0,98.0,83.0,10.0,51.0,12.0,0.51875,0.3333333333333333,0.64,100.45269016697588,0.32,16.378947368421052,12.24731182795699,45.0,0.5,0.6333333333333333,0.5416666666666666,True,0.1219512195121951,203505
5,2018,109.06196424197894,107.48099092469954,1534.0,2466.0,827.0,1151.0,1831.0,8166.0,8154.0,1231.0,670.0,406.0,684.0,2445.0,8764.0,8906.0,1102.0,4854.0,620.0,0.5489042961495605,0.3464212678936605,0.6728318947801069,99.51008828573242,0.3378545006165228,15.02314474650992,13.917831739023791,3936.0,0.6105820105820106,0.7235108065366368,0.6220600162206001,False,0.2617136940201915,203505
