index,year,ortg,drtg,AtRimFGM,AtRimFGA,AtRimAssists,Turnovers,FTA,OffPoss,DefPoss,TwoPtAssists,Steals,BadPassSteals,ThreePtAssists,FG3A,OpponentPoints,Points,SecondChancePoints,FG2A,LiveBallTurnovers,TsPct,Fg3Pct,AtRimFG3AFrequency,Pace,AtRimFrequency,SecondsPerPossOff,SecondsPerPossDef,Minutes,DefAtRimReboundPct,DefFGReboundPct,AtRimAccuracy,player_on,OffFGReboundPct,nba_id
0,2004,116.8,100.0,21.0,33.0,14.0,22.0,44.0,125.0,121.0,21.0,15.0,9.0,8.0,22.0,121.0,146.0,19.0,81.0,10.0,0.5942622950819673,0.4090909090909091,0.5339805825242718,90.27522935779815,0.3203883495145631,17.096,14.768595041322314,65.0,0.3333333333333333,0.6166666666666667,0.6363636363636364,True,0.3333333333333333,2036
1,2004,107.91666666666669,90.04149377593362,53.0,88.0,29.0,29.0,47.0,240.0,241.0,46.0,36.0,21.0,17.0,52.0,217.0,259.0,50.0,183.0,16.0,0.501984126984127,0.3846153846153846,0.5957446808510638,91.18483412322276,0.3744680851063829,17.025,14.564315352697095,127.0,0.7931034482758621,0.81,0.6022727272727273,False,0.3,2036
2,2008,200.0,80.0,4.0,4.0,1.0,,3.0,5.0,5.0,1.0,1.0,1.0,,,4.0,10.0,,4.0,,1.0,,1.0,86.74698795180723,1.0,14.8,18.4,3.0,,0.6666666666666666,1.0,True,,2036
3,2008,106.8877551020408,109.87717502558854,347.0,615.0,191.0,279.0,570.0,1960.0,1954.0,333.0,151.0,96.0,126.0,404.0,2147.0,2095.0,277.0,1332.0,151.0,0.5231155778894472,0.3539603960396039,0.5869815668202765,92.9844590358663,0.3542626728110599,15.71530612244898,15.256908904810643,1010.0,0.6790697674418604,0.7382629107981221,0.5642276422764227,False,0.3074501573976915,2036
