index,year,ortg,drtg,AtRimFGM,AtRimFGA,AtRimAssists,Turnovers,FTA,OffPoss,DefPoss,TwoPtAssists,Steals,BadPassSteals,ThreePtAssists,FG3A,OpponentPoints,Points,SecondChancePoints,FG2A,LiveBallTurnovers,TsPct,Fg3Pct,AtRimFG3AFrequency,Pace,AtRimFrequency,SecondsPerPossOff,SecondsPerPossDef,Minutes,DefAtRimReboundPct,DefFGReboundPct,AtRimAccuracy,player_on,OffFGReboundPct,nba_id
0,2016,121.27659574468083,133.33333333333334,9.0,16.0,5.0,8.0,12.0,47.0,45.0,8.0,3.0,2.0,7.0,10.0,60.0,57.0,10.0,28.0,4.0,0.6627906976744186,0.7,0.6842105263157895,86.36245110821382,0.4210526315789473,18.5531914893617,14.71111111111111,26.0,0.3333333333333333,0.4705882352941176,0.5625,True,0.1875,203613
1,2016,110.6896551724138,100.11520737327189,139.0,234.0,66.0,108.0,193.0,870.0,868.0,133.0,88.0,52.0,65.0,181.0,869.0,963.0,98.0,606.0,65.0,0.5512082853855006,0.4143646408839779,0.5273189326556544,91.78904129685324,0.2973316391359593,16.06896551724138,15.306451612903226,454.0,0.5833333333333334,0.6984126984126984,0.594017094017094,False,0.2336683417085427,203613
2,2017,110.1328903654485,113.44262295081968,119.0,194.0,59.0,83.0,142.0,602.0,610.0,98.0,54.0,37.0,39.0,160.0,692.0,663.0,95.0,412.0,57.0,0.5237341772151899,0.3,0.6188811188811189,95.15210991167812,0.3391608391608391,16.023255813953487,14.255737704918031,306.0,0.6615384615384615,0.75390625,0.6134020618556701,True,0.3527508090614886,203613
3,2017,116.7964404894327,112.66816143497758,160.0,251.0,73.0,121.0,241.0,899.0,892.0,121.0,70.0,40.0,83.0,231.0,1005.0,1050.0,130.0,582.0,70.0,0.5721311475409836,0.3852813852813853,0.5928659286592866,91.00995130213848,0.3087330873308733,16.127919911012235,15.51457399103139,472.0,0.6476190476190476,0.74364896073903,0.6374501992031872,False,0.3014354066985646,203613
4,2019,81.66666666666667,129.05982905982907,17.0,26.0,4.0,21.0,17.0,120.0,117.0,10.0,8.0,5.0,4.0,34.0,151.0,98.0,16.0,72.0,13.0,0.4336283185840708,0.1764705882352941,0.5660377358490566,109.77163074943712,0.2452830188679245,14.541666666666666,11.658119658119658,52.0,0.631578947368421,0.7346938775510204,0.6538461538461539,True,0.28125,203613
5,2019,113.45249294449673,105.1789077212806,186.0,293.0,110.0,177.0,293.0,1063.0,1062.0,179.0,68.0,48.0,100.0,307.0,1117.0,1206.0,160.0,617.0,82.0,0.571360608943863,0.3485342019543974,0.6493506493506493,97.29420368191792,0.3170995670995671,15.015051740357478,14.585687382297552,524.0,0.6699029126213593,0.7670454545454546,0.6348122866894198,False,0.3139293139293139,203613
