index,year,ortg,drtg,AtRimFGM,AtRimFGA,AtRimAssists,Turnovers,FTA,OffPoss,DefPoss,TwoPtAssists,Steals,BadPassSteals,ThreePtAssists,FG3A,OpponentPoints,Points,SecondChancePoints,FG2A,LiveBallTurnovers,TsPct,Fg3Pct,AtRimFG3AFrequency,Pace,AtRimFrequency,SecondsPerPossOff,SecondsPerPossDef,Minutes,DefAtRimReboundPct,DefFGReboundPct,AtRimAccuracy,player_on,OffFGReboundPct,nba_id
0,2004,100.0,116.8,20.0,41.0,8.0,23.0,34.0,121.0,125.0,14.0,10.0,6.0,8.0,26.0,146.0,121.0,19.0,81.0,15.0,0.4878048780487805,0.3846153846153846,0.6261682242990654,90.27522935779815,0.3831775700934579,14.768595041322314,17.096,65.0,0.5,0.6666666666666666,0.4878048780487805,True,0.3833333333333333,2036
1,2004,90.04149377593362,107.91666666666669,31.0,60.0,21.0,56.0,74.0,241.0,240.0,38.0,16.0,7.0,10.0,37.0,259.0,217.0,18.0,138.0,36.0,0.5193236714975845,0.2972972972972973,0.5542857142857143,91.18483412322276,0.3428571428571428,14.564315352697095,17.025,127.0,0.5142857142857142,0.7,0.5166666666666667,False,0.19,2036
2,2008,80.0,200.0,1.0,1.0,,1.0,,5.0,5.0,1.0,,,,1.0,10.0,4.0,,4.0,1.0,0.4,,0.4,86.74698795180723,0.2,18.4,14.8,3.0,,,1.0,True,0.3333333333333333,2036
3,2008,109.87717502558854,106.8877551020408,353.0,571.0,192.0,278.0,612.0,1954.0,1960.0,319.0,151.0,88.0,116.0,397.0,2095.0,2147.0,244.0,1249.0,151.0,0.5563086548488009,0.3677581863979849,0.5880923450789793,92.9844590358663,0.3469015795868773,15.256908904810643,15.71530612244898,1010.0,0.602996254681648,0.6925498426023085,0.6182136602451839,False,0.2617370892018779,2036
