index,year,ortg,drtg,AtRimFGM,AtRimFGA,AtRimAssists,Turnovers,FTA,OffPoss,DefPoss,TwoPtAssists,Steals,BadPassSteals,ThreePtAssists,FG3A,OpponentPoints,Points,SecondChancePoints,FG2A,LiveBallTurnovers,TsPct,Fg3Pct,AtRimFG3AFrequency,Pace,AtRimFrequency,SecondsPerPossOff,SecondsPerPossDef,Minutes,DefAtRimReboundPct,DefFGReboundPct,AtRimAccuracy,player_on,OffFGReboundPct,nba_id
0,2018,108.9470061940812,108.16468946266572,243.0,383.0,137.0,206.0,318.0,1453.0,1433.0,220.0,129.0,84.0,133.0,460.0,1550.0,1583.0,200.0,842.0,111.0,0.5501043841336117,0.3695652173913043,0.6474654377880185,98.0428423138624,0.2941628264208909,14.81968341362698,14.553384508025122,706.0,0.6190476190476191,0.7053435114503817,0.6344647519582245,True,0.2690647482014388,203710
1,2018,110.95849056603774,111.50188679245284,1169.0,1827.0,700.0,948.0,1546.0,6625.0,6625.0,1085.0,570.0,404.0,577.0,2017.0,7387.0,7351.0,896.0,3874.0,517.0,0.5565290263598964,0.3525037183936539,0.6525207944321847,98.31402778350304,0.3101341028687829,14.848,14.44588679245283,3235.0,0.6363636363636364,0.716252518468771,0.6398467432950191,False,0.2751526840244294,203710
2,2019,114.71698113207547,98.83720930232558,51.0,85.0,31.0,39.0,62.0,265.0,258.0,44.0,15.0,11.0,28.0,93.0,255.0,304.0,47.0,145.0,19.0,0.5735849056603773,0.3655913978494624,0.7478991596638656,97.9604578563996,0.3571428571428571,14.928301886792452,14.465116279069768,128.0,0.7727272727272727,0.8473282442748091,0.6,True,0.3412698412698413,203710
3,2019,113.42197691921726,112.39503697205164,1531.0,2413.0,869.0,1169.0,1765.0,7972.0,7979.0,1227.0,524.0,322.0,846.0,2659.0,8968.0,9042.0,1169.0,4489.0,664.0,0.569549822964087,0.3787138021812711,0.7095691102406267,100.06203387467762,0.3375769445998881,14.221650777722028,14.560345908008522,3826.0,0.5955710955710956,0.7111688311688311,0.6344799005387485,False,0.2857142857142857,203710
