index,year,ortg,drtg,AtRimFGM,AtRimFGA,AtRimAssists,Turnovers,FTA,OffPoss,DefPoss,TwoPtAssists,Steals,BadPassSteals,ThreePtAssists,FG3A,OpponentPoints,Points,SecondChancePoints,FG2A,LiveBallTurnovers,TsPct,Fg3Pct,AtRimFG3AFrequency,Pace,AtRimFrequency,SecondsPerPossOff,SecondsPerPossDef,Minutes,DefAtRimReboundPct,DefFGReboundPct,AtRimAccuracy,player_on,OffFGReboundPct,nba_id
0,2014,106.25,73.33333333333333,2.0,5.0,,3.0,10.0,16.0,15.0,2.0,2.0,2.0,,3.0,11.0,17.0,5.0,10.0,1.0,0.5,,0.6153846153846154,109.95073891625616,0.3846153846153846,13.625,12.533333333333331,7.0,,0.7142857142857143,0.4,True,0.5,203816
1,2014,108.06556524001562,104.78113600833768,1232.0,1956.0,738.0,1142.0,1792.0,7687.0,7676.0,1374.0,585.0,363.0,661.0,2080.0,8043.0,8307.0,1030.0,4754.0,578.0,0.5433070866141733,0.3677884615384615,0.5905765291191103,92.65905492682846,0.286215978928885,15.55431247560817,15.52735799895779,3979.0,0.620380739081747,0.6923278345116523,0.6298568507157464,False,0.2791016159956176,203816
2,2018,125.0,85.0,7.0,8.0,5.0,5.0,3.0,20.0,20.0,6.0,4.0,1.0,,2.0,17.0,25.0,2.0,12.0,2.0,0.8333333333333334,0.5,0.7142857142857143,114.7410358565737,0.5714285714285714,11.15,13.95,8.0,0.6,0.5833333333333334,0.875,True,0.3333333333333333,203816
3,2018,110.153452685422,106.7984693877551,1247.0,1867.0,713.0,1120.0,1751.0,7820.0,7840.0,1201.0,590.0,398.0,722.0,2409.0,8373.0,8614.0,949.0,4447.0,576.0,0.5634034165571616,0.3623910336239103,0.6236872812135356,95.08597643764917,0.272316219369895,14.628900255754475,15.658163265306122,3953.0,0.6619519094766619,0.7891835127330008,0.6679164434922336,False,0.245034965034965,203816
4,2022,102.77777777777776,86.11111111111111,1.0,2.0,,4.0,9.0,36.0,36.0,4.0,3.0,2.0,2.0,9.0,31.0,37.0,6.0,28.0,1.0,0.4512195121951219,0.2222222222222222,0.2972972972972973,97.4436090225564,0.054054054054054,14.13888888888889,15.416666666666666,18.0,,0.7894736842105263,0.5,True,0.3636363636363636,203816
5,2022,113.01819081796808,104.8367144977734,1196.0,1843.0,666.0,1082.0,1620.0,8081.0,8084.0,1186.0,692.0,434.0,950.0,3162.0,8475.0,9133.0,1133.0,4222.0,621.0,0.5656703460250527,0.3529411764705882,0.6778169014084507,98.38543339701432,0.2495937161430119,14.65561192921668,14.617021276595745,3943.0,0.6558441558441559,0.7502458210422812,0.6489419424850786,False,0.265170831208567,203816
