index,year,ortg,drtg,AtRimFGM,AtRimFGA,AtRimAssists,Turnovers,FTA,OffPoss,DefPoss,TwoPtAssists,Steals,BadPassSteals,ThreePtAssists,FG3A,OpponentPoints,Points,SecondChancePoints,FG2A,LiveBallTurnovers,TsPct,Fg3Pct,AtRimFG3AFrequency,Pace,AtRimFrequency,SecondsPerPossOff,SecondsPerPossDef,Minutes,DefAtRimReboundPct,DefFGReboundPct,AtRimAccuracy,player_on,OffFGReboundPct,nba_id
0,2015,104.4776119402985,108.88888888888889,22.0,36.0,12.0,22.0,42.0,134.0,135.0,23.0,14.0,10.0,8.0,30.0,147.0,140.0,19.0,82.0,7.0,0.5305343511450382,0.3666666666666666,0.5892857142857143,93.00360144057622,0.3214285714285714,15.902985074626866,15.066666666666666,69.0,0.5,0.6666666666666666,0.6111111111111112,True,0.3333333333333333,203805
1,2015,111.14526259521584,106.30353319057816,1315.0,2116.0,739.0,1149.0,1892.0,7483.0,7472.0,1128.0,589.0,390.0,655.0,2223.0,7943.0,8317.0,1027.0,4404.0,635.0,0.5553767766157147,0.3666216824111561,0.654745737135959,92.34846373206972,0.3192998340123736,15.874916477348656,15.310894004282655,3887.0,0.6191709844559585,0.7216148023549201,0.6214555765595463,False,0.3128921848260125,203805
