index,year,ortg,drtg,AtRimFGM,AtRimFGA,AtRimAssists,Turnovers,FTA,OffPoss,DefPoss,TwoPtAssists,Steals,BadPassSteals,ThreePtAssists,FG3A,OpponentPoints,Points,SecondChancePoints,FG2A,LiveBallTurnovers,TsPct,Fg3Pct,AtRimFG3AFrequency,Pace,AtRimFrequency,SecondsPerPossOff,SecondsPerPossDef,Minutes,DefAtRimReboundPct,DefFGReboundPct,AtRimAccuracy,player_on,OffFGReboundPct,nba_id
0,2015,88.52459016393442,80.0,14.0,20.0,7.0,9.0,16.0,61.0,60.0,10.0,6.0,2.0,1.0,11.0,48.0,54.0,8.0,37.0,6.0,0.4909090909090909,0.1818181818181818,0.6458333333333334,99.85100286532952,0.4166666666666667,13.721311475409836,15.133333333333333,29.0,0.6363636363636364,0.6666666666666666,0.7,True,0.1923076923076923,203893
1,2015,107.36926574829477,108.44938403856456,1476.0,2467.0,767.0,994.0,1735.0,7477.0,7468.0,1261.0,549.0,327.0,428.0,1594.0,8099.0,8028.0,1051.0,5172.0,547.0,0.5309928324926998,0.335633626097867,0.6002069169376293,91.33883666150288,0.3646172036653857,15.412063661896482,16.119309051955007,3927.0,0.5859929078014184,0.6924581005586592,0.5982975273611674,False,0.2818941504178273,203893
2,2015,74.02597402597402,111.84210526315788,6.0,13.0,3.0,19.0,40.0,77.0,76.0,6.0,4.0,3.0,1.0,8.0,85.0,57.0,8.0,42.0,10.0,0.4130434782608695,0.125,0.42,102.14186369958274,0.26,14.181818181818182,14.013157894736842,36.0,0.4,0.4878048780487805,0.4615384615384615,True,0.3783783783783784,203893
3,2015,102.72099814175736,106.00664451827242,1206.0,1988.0,620.0,1238.0,1611.0,7534.0,7525.0,1095.0,600.0,400.0,550.0,1881.0,7977.0,7739.0,950.0,4753.0,690.0,0.5244284158954817,0.3519404572036151,0.5832077178173047,91.6125270909114,0.2996683750376847,15.473984603132466,15.963056478405315,3945.0,0.6059907834101382,0.718381112984823,0.6066398390342053,False,0.2732574284920855,203893
4,2016,110.73825503355704,86.11111111111111,21.0,30.0,12.0,26.0,56.0,149.0,144.0,17.0,12.0,10.0,16.0,40.0,124.0,165.0,12.0,67.0,14.0,0.6165413533834586,0.475,0.6542056074766355,106.27707808564232,0.2803738317757009,13.442953020134228,13.65972222222222,66.0,0.7272727272727273,0.8245614035087719,0.7,True,0.2884615384615384,203893
5,2016,107.99522673031026,106.0710498409332,1200.0,1995.0,655.0,1301.0,2051.0,7542.0,7544.0,1122.0,564.0,354.0,637.0,2145.0,8002.0,8145.0,960.0,4207.0,710.0,0.5578353070779399,0.3627039627039627,0.6517632241813602,92.84089063635196,0.3140743073047859,15.059268098647571,15.961426299045598,3900.0,0.6096361848574238,0.7037638776062821,0.6015037593984962,False,0.285077288941736,203893
