index,year,ortg,drtg,AtRimFGM,AtRimFGA,AtRimAssists,Turnovers,FTA,OffPoss,DefPoss,TwoPtAssists,Steals,BadPassSteals,ThreePtAssists,FG3A,OpponentPoints,Points,SecondChancePoints,FG2A,LiveBallTurnovers,TsPct,Fg3Pct,AtRimFG3AFrequency,Pace,AtRimFrequency,SecondsPerPossOff,SecondsPerPossDef,Minutes,DefAtRimReboundPct,DefFGReboundPct,AtRimAccuracy,player_on,OffFGReboundPct,nba_id
0,2017,117.70833333333331,124.21052631578948,12.0,24.0,1.0,13.0,33.0,96.0,95.0,5.0,5.0,2.0,9.0,34.0,118.0,113.0,15.0,45.0,7.0,0.601063829787234,0.4117647058823529,0.7341772151898734,98.40429338103756,0.3037974683544304,15.260416666666666,14.0,47.0,0.375,0.6,0.5,True,0.2619047619047619,203894
1,2017,95.7516339869281,117.26384364820846,40.0,82.0,15.0,48.0,64.0,306.0,307.0,28.0,24.0,18.0,21.0,102.0,360.0,293.0,44.0,177.0,26.0,0.4724919093851132,0.2941176470588235,0.6594982078853047,101.17134670487108,0.2939068100358423,15.209150326797385,13.26058631921824,145.0,0.6756756756756757,0.7846153846153846,0.4878048780487805,False,0.2631578947368421,203894
2,2018,94.5945945945946,91.78082191780824,17.0,25.0,6.0,16.0,21.0,74.0,73.0,9.0,10.0,7.0,2.0,18.0,67.0,70.0,11.0,39.0,10.0,0.5223880597014925,0.2222222222222222,0.7543859649122807,100.75202284626369,0.4385964912280701,14.364864864864863,14.219178082191782,35.0,0.7142857142857143,0.8709677419354839,0.68,True,0.2903225806451613,203894
3,2018,109.65732087227414,121.42857142857144,70.0,109.0,27.0,42.0,42.0,321.0,322.0,32.0,23.0,15.0,33.0,111.0,391.0,352.0,50.0,196.0,23.0,0.541795665634675,0.3513513513513513,0.7166123778501629,98.30342923877272,0.3550488599348534,15.514018691588785,13.785714285714286,157.0,0.6785714285714286,0.7619047619047619,0.6422018348623854,False,0.2650602409638554,203894
4,2019,140.0,101.49253731343283,15.0,25.0,10.0,7.0,23.0,65.0,67.0,13.0,6.0,2.0,4.0,22.0,68.0,91.0,2.0,32.0,6.0,0.7109375,0.5,0.8703703703703703,111.9434628975265,0.4629629629629629,11.092307692307692,14.582089552238806,28.0,0.8333333333333334,0.8518518518518519,0.6,True,0.2608695652173913,203894
5,2019,102.6431718061674,119.56043956043956,80.0,141.0,43.0,64.0,123.0,454.0,455.0,56.0,32.0,22.0,23.0,148.0,544.0,466.0,59.0,255.0,33.0,0.5087527352297593,0.2972972972972973,0.71712158808933,103.0514879546528,0.3498759305210918,14.462555066079297,13.485714285714286,212.0,0.5,0.6146341463414634,0.5673758865248227,False,0.2573839662447257,203894
