index,year,ortg,drtg,AtRimFGM,AtRimFGA,AtRimAssists,Turnovers,FTA,OffPoss,DefPoss,TwoPtAssists,Steals,BadPassSteals,ThreePtAssists,FG3A,OpponentPoints,Points,SecondChancePoints,FG2A,LiveBallTurnovers,TsPct,Fg3Pct,AtRimFG3AFrequency,Pace,AtRimFrequency,SecondsPerPossOff,SecondsPerPossDef,Minutes,DefAtRimReboundPct,DefFGReboundPct,AtRimAccuracy,player_on,OffFGReboundPct,nba_id
0,2015,57.142857142857146,116.66666666666669,1.0,2.0,1.0,,,7.0,6.0,2.0,,,,,7.0,4.0,,5.0,,0.4,,0.4,94.07035175879396,0.4,18.714285714285715,11.333333333333334,3.0,,0.6666666666666666,0.5,True,,203893
1,2015,103.95256916996048,102.98507462686568,155.0,256.0,75.0,161.0,219.0,1012.0,1005.0,127.0,64.0,44.0,93.0,306.0,1035.0,1052.0,118.0,574.0,95.0,0.5362614913176711,0.3725490196078431,0.6386363636363637,92.26136399733171,0.2909090909090909,14.170948616600793,17.054726368159205,525.0,0.5793650793650794,0.72,0.60546875,False,0.2556701030927835,203893
