index,year,ortg,drtg,AtRimFGM,AtRimFGA,AtRimAssists,Turnovers,FTA,OffPoss,DefPoss,TwoPtAssists,Steals,BadPassSteals,ThreePtAssists,FG3A,OpponentPoints,Points,SecondChancePoints,FG2A,LiveBallTurnovers,TsPct,Fg3Pct,AtRimFG3AFrequency,Pace,AtRimFrequency,SecondsPerPossOff,SecondsPerPossDef,Minutes,DefAtRimReboundPct,DefFGReboundPct,AtRimAccuracy,player_on,OffFGReboundPct,nba_id
0,2001,250.0,,1.0,1.0,,,1.0,2.0,3.0,1.0,,,,,,5.0,,2.0,,1.25,,0.5,68.57142857142857,0.5,12.5,26.666666666666668,2.0,,,1.0,True,,2038
1,2001,105.4862842892768,107.4235807860262,264.0,466.0,133.0,207.0,495.0,1604.0,1603.0,296.0,139.0,59.0,76.0,248.0,1722.0,1692.0,292.0,1243.0,106.0,0.4915005861664713,0.3629032258064516,0.4788732394366197,88.74949553185355,0.3125419181757209,16.952618453865338,15.497816593886462,867.0,0.5895522388059702,0.67375,0.5665236051502146,False,0.338785046728972,2038
2,2003,123.07692307692308,111.11111111111111,12.0,19.0,9.0,12.0,29.0,65.0,63.0,10.0,3.0,2.0,5.0,5.0,70.0,80.0,4.0,41.0,5.0,0.6842105263157895,1.0,0.5217391304347826,95.0593089221248,0.4130434782608695,14.107692307692307,16.22222222222222,32.0,0.2,0.696969696969697,0.631578947368421,True,0.2272727272727272,2038
3,2003,108.77551020408164,105.72597137014314,92.0,154.0,55.0,83.0,159.0,490.0,489.0,109.0,28.0,17.0,22.0,81.0,517.0,533.0,98.0,347.0,38.0,0.5291164658634538,0.3086419753086419,0.5490654205607477,90.13234447925323,0.3598130841121495,15.93469387755102,16.01840490797546,261.0,0.6296296296296297,0.7454545454545455,0.5974025974025974,False,0.3788546255506608,2038
4,2009,114.08450704225352,105.92592592592592,48.0,87.0,17.0,39.0,58.0,284.0,270.0,52.0,14.0,7.0,12.0,52.0,286.0,324.0,56.0,209.0,22.0,0.5669014084507042,0.3653846153846153,0.5325670498084292,81.84672206832872,0.3333333333333333,17.489436619718308,17.703703703703702,162.0,0.6190476190476191,0.7348484848484849,0.5517241379310345,True,0.3153846153846154,2038
5,2009,105.96330275229356,103.04347826086956,27.0,50.0,14.0,34.0,72.0,218.0,230.0,28.0,20.0,10.0,12.0,53.0,237.0,231.0,28.0,128.0,14.0,0.5347222222222222,0.3773584905660377,0.569060773480663,85.63918757467145,0.2762430939226519,18.110091743119263,15.58695652173913,126.0,0.6190476190476191,0.7431192660550459,0.54,False,0.2631578947368421,2038
