index,year,ortg,drtg,AtRimFGM,AtRimFGA,AtRimAssists,Turnovers,FTA,OffPoss,DefPoss,TwoPtAssists,Steals,BadPassSteals,ThreePtAssists,FG3A,OpponentPoints,Points,SecondChancePoints,FG2A,LiveBallTurnovers,TsPct,Fg3Pct,AtRimFG3AFrequency,Pace,AtRimFrequency,SecondsPerPossOff,SecondsPerPossDef,Minutes,DefAtRimReboundPct,DefFGReboundPct,AtRimAccuracy,player_on,OffFGReboundPct,nba_id
0,2016,37.5,140.0,,,,1.0,2.0,8.0,10.0,1.0,,,,3.0,14.0,3.0,,4.0,1.0,0.1875,,0.4285714285714285,103.68,,12.125,15.3,4.0,0.5,0.5,,True,,203895
1,2016,106.6102591221576,115.60021152829192,298.0,482.0,163.0,271.0,430.0,1891.0,1891.0,256.0,132.0,93.0,175.0,620.0,2186.0,2016.0,223.0,1044.0,162.0,0.5423180592991914,0.3548387096774194,0.6622596153846154,90.42138469201394,0.2896634615384615,15.323638286620836,16.52723426758329,1004.0,0.5707547169811321,0.6929133858267716,0.6182572614107884,False,0.2461197339246119,203895
