index,year,ortg,drtg,AtRimFGM,AtRimFGA,AtRimAssists,Turnovers,FTA,OffPoss,DefPoss,TwoPtAssists,Steals,BadPassSteals,ThreePtAssists,FG3A,OpponentPoints,Points,SecondChancePoints,FG2A,LiveBallTurnovers,TsPct,Fg3Pct,AtRimFG3AFrequency,Pace,AtRimFrequency,SecondsPerPossOff,SecondsPerPossDef,Minutes,DefAtRimReboundPct,DefFGReboundPct,AtRimAccuracy,player_on,OffFGReboundPct,nba_id
0,2014,73.33333333333333,106.25,5.0,5.0,4.0,3.0,2.0,15.0,16.0,4.0,1.0,1.0,,4.0,17.0,11.0,4.0,8.0,2.0,0.4230769230769231,,0.75,109.95073891625616,0.4166666666666667,12.533333333333331,13.625,7.0,0.3333333333333333,0.5,1.0,True,0.2857142857142857,203816
1,2014,104.78113600833768,108.06556524001562,1148.0,2052.0,595.0,1160.0,1859.0,7676.0,7687.0,1254.0,578.0,344.0,480.0,1636.0,8307.0,8043.0,1067.0,5307.0,585.0,0.5148725212464589,0.3569682151589242,0.5311824859570791,92.65905492682846,0.2955494742906525,15.52735799895779,15.55431247560817,3979.0,0.6114206128133705,0.7208983840043823,0.5594541910331384,False,0.3076721654883477,203816
2,2018,85.0,125.0,1.0,6.0,,4.0,8.0,20.0,20.0,1.0,2.0,1.0,2.0,3.0,25.0,17.0,4.0,14.0,4.0,0.4047619047619047,0.6666666666666666,0.5294117647058824,114.7410358565737,0.3529411764705882,13.95,11.15,8.0,1.0,0.6666666666666666,0.1666666666666666,True,0.4166666666666667,203816
3,2018,106.7984693877551,110.153452685422,1183.0,1896.0,632.0,1002.0,1522.0,7840.0,7820.0,1060.0,576.0,328.0,795.0,2685.0,8614.0,8373.0,857.0,4340.0,590.0,0.5423717781827649,0.3594040968342644,0.6520996441281138,95.08597643764917,0.2698932384341637,15.658163265306122,14.628900255754475,3953.0,0.6655844155844156,0.754965034965035,0.6239451476793249,False,0.2108164872669992,203816
4,2022,86.11111111111111,102.77777777777776,3.0,3.0,2.0,6.0,2.0,36.0,36.0,6.0,1.0,,2.0,12.0,37.0,31.0,4.0,20.0,3.0,0.4696969696969697,0.25,0.46875,97.4436090225564,0.09375,15.416666666666666,14.13888888888889,18.0,1.0,0.6363636363636364,1.0,True,0.2105263157894736,203816
5,2022,104.8367144977734,113.01819081796808,1183.0,1958.0,597.0,1136.0,1630.0,8084.0,8081.0,995.0,621.0,391.0,819.0,3054.0,9133.0,8475.0,973.0,4224.0,692.0,0.5284624046040285,0.3235101506221349,0.688650728222039,98.38543339701432,0.2690299532838692,14.617021276595745,14.65561192921668,3943.0,0.641185647425897,0.7348291687914329,0.6041879468845761,False,0.2497541789577188,203816
