index,year,ortg,drtg,AtRimFGM,AtRimFGA,AtRimAssists,Turnovers,FTA,OffPoss,DefPoss,TwoPtAssists,Steals,BadPassSteals,ThreePtAssists,FG3A,OpponentPoints,Points,SecondChancePoints,FG2A,LiveBallTurnovers,TsPct,Fg3Pct,AtRimFG3AFrequency,Pace,AtRimFrequency,SecondsPerPossOff,SecondsPerPossDef,Minutes,DefAtRimReboundPct,DefFGReboundPct,AtRimAccuracy,player_on,OffFGReboundPct,nba_id
0,2015,88.37209302325581,100.0,7.0,15.0,7.0,9.0,6.0,43.0,42.0,7.0,1.0,1.0,3.0,12.0,42.0,38.0,3.0,22.0,5.0,0.5135135135135135,0.3333333333333333,0.7941176470588235,94.0814757878555,0.4411764705882353,15.790697674418604,14.80952380952381,22.0,0.2857142857142857,0.6296296296296297,0.4666666666666667,True,0.2,203958
1,2015,104.43363071100298,107.04168352893564,1239.0,2000.0,644.0,1204.0,1934.0,7398.0,7413.0,1115.0,641.0,423.0,501.0,1647.0,7935.0,7726.0,989.0,4649.0,641.0,0.5371508379888268,0.3351548269581056,0.5792566709021602,90.57984617279442,0.3176620076238882,16.30278453636118,15.493187643329286,3924.0,0.5769230769230769,0.6927325581395349,0.6195,False,0.2746987951807229,203958
