index,year,ortg,drtg,AtRimFGM,AtRimFGA,AtRimAssists,Turnovers,FTA,OffPoss,DefPoss,TwoPtAssists,Steals,BadPassSteals,ThreePtAssists,FG3A,OpponentPoints,Points,SecondChancePoints,FG2A,LiveBallTurnovers,TsPct,Fg3Pct,AtRimFG3AFrequency,Pace,AtRimFrequency,SecondsPerPossOff,SecondsPerPossDef,Minutes,DefAtRimReboundPct,DefFGReboundPct,AtRimAccuracy,player_on,OffFGReboundPct,nba_id
0,2015,61.90476190476191,80.95238095238095,2.0,7.0,1.0,4.0,2.0,21.0,21.0,2.0,1.0,1.0,2.0,5.0,17.0,13.0,3.0,12.0,2.0,0.3611111111111111,0.4,0.7058823529411765,101.1371237458194,0.4117647058823529,18.09523809523809,10.38095238095238,10.0,1.0,0.8,0.2857142857142857,True,0.4166666666666667,203949
1,2015,108.28729281767956,100.30272452068616,334.0,530.0,210.0,303.0,463.0,1991.0,1982.0,326.0,167.0,106.0,185.0,636.0,1988.0,2156.0,277.0,1116.0,177.0,0.5487244897959184,0.3742138364779874,0.6655251141552512,94.12523444440788,0.3025114155251142,14.293822199899548,16.30827447023209,1013.0,0.6192660550458715,0.7065989847715736,0.630188679245283,False,0.2829787234042553,203949
2,2016,100.0,110.97560975609755,5.0,8.0,3.0,14.0,26.0,79.0,82.0,11.0,6.0,4.0,8.0,25.0,91.0,79.0,6.0,32.0,10.0,0.572463768115942,0.44,0.5789473684210527,102.22222222222224,0.1403508771929824,14.569620253164556,13.621951219512194,38.0,0.3636363636363636,0.53125,0.625,True,0.1724137931034483,203949
3,2016,111.37777777777778,105.8015943312666,362.0,614.0,202.0,322.0,533.0,2250.0,2258.0,323.0,185.0,117.0,241.0,753.0,2389.0,2506.0,282.0,1245.0,194.0,0.5595078299776286,0.3917662682602921,0.6841841841841841,96.66904932094351,0.3073073073073073,14.485777777777775,15.305137289636846,1119.0,0.5962264150943396,0.6784140969162996,0.5895765472312704,False,0.2703461178671655,203949
4,2017,91.96428571428572,102.54237288135592,10.0,15.0,5.0,13.0,31.0,112.0,118.0,12.0,9.0,5.0,6.0,42.0,121.0,103.0,15.0,56.0,9.0,0.4557522123893805,0.1904761904761904,0.5816326530612245,99.48933613697808,0.1530612244897959,15.303571428571429,13.686440677966102,55.0,0.8181818181818182,0.8,0.6666666666666666,True,0.2758620689655172,203949
5,2017,121.52777777777776,106.27376425855512,295.0,441.0,218.0,220.0,401.0,1584.0,1578.0,309.0,139.0,88.0,153.0,517.0,1677.0,1925.0,189.0,864.0,133.0,0.6181584030907921,0.402321083172147,0.6937002172338885,99.7847954241634,0.3193338160753077,13.398358585858588,15.467680608365018,761.0,0.6683673469387755,0.726474278544542,0.6689342403628118,False,0.2671641791044776,203949
