index,year,ortg,drtg,AtRimFGM,AtRimFGA,AtRimAssists,Turnovers,FTA,OffPoss,DefPoss,TwoPtAssists,Steals,BadPassSteals,ThreePtAssists,FG3A,OpponentPoints,Points,SecondChancePoints,FG2A,LiveBallTurnovers,TsPct,Fg3Pct,AtRimFG3AFrequency,Pace,AtRimFrequency,SecondsPerPossOff,SecondsPerPossDef,Minutes,DefAtRimReboundPct,DefFGReboundPct,AtRimAccuracy,player_on,OffFGReboundPct,nba_id
0,2019,62.5,103.03030303030305,4.0,9.0,3.0,11.0,10.0,64.0,66.0,5.0,4.0,2.0,2.0,25.0,68.0,40.0,5.0,25.0,7.0,0.3703703703703703,0.2,0.68,110.76923076923076,0.18,14.125,11.909090909090908,28.0,0.6666666666666666,0.75,0.4444444444444444,True,0.1081081081081081,203961
1,2019,112.0605251446373,105.35953550692274,341.0,527.0,194.0,279.0,549.0,2247.0,2239.0,305.0,189.0,107.0,229.0,802.0,2359.0,2518.0,272.0,1182.0,149.0,0.5624158060170633,0.3503740648379052,0.6698588709677419,94.95575481405264,0.265625,15.32977303070761,14.99955337204109,1134.0,0.596244131455399,0.7281910009182736,0.6470588235294118,False,0.2289719626168224,203961
