index,year,ortg,drtg,AtRimFGM,AtRimFGA,AtRimAssists,Turnovers,FTA,OffPoss,DefPoss,TwoPtAssists,Steals,BadPassSteals,ThreePtAssists,FG3A,OpponentPoints,Points,SecondChancePoints,FG2A,LiveBallTurnovers,TsPct,Fg3Pct,AtRimFG3AFrequency,Pace,AtRimFrequency,SecondsPerPossOff,SecondsPerPossDef,Minutes,DefAtRimReboundPct,DefFGReboundPct,AtRimAccuracy,player_on,OffFGReboundPct,nba_id
0,2015,101.5748031496063,117.32283464566927,23.0,38.0,10.0,14.0,24.0,127.0,127.0,21.0,8.0,5.0,7.0,24.0,149.0,129.0,21.0,89.0,5.0,0.524390243902439,0.3333333333333333,0.5486725663716814,96.02520346547652,0.336283185840708,15.511811023622048,14.48031496062992,63.0,0.6666666666666666,0.7291666666666666,0.6052631578947368,True,0.3333333333333333,203946
1,2015,107.73305084745763,103.97674725855462,1297.0,2313.0,657.0,1131.0,2043.0,7552.0,7569.0,1217.0,506.0,338.0,536.0,1801.0,7870.0,8136.0,1116.0,4883.0,609.0,0.5336007364544977,0.3536923931149361,0.6154997007779772,92.75462085358528,0.3460502692998204,15.717425847457626,15.332672744087729,3913.0,0.6014644351464435,0.7180412371134021,0.5607436230004323,False,0.305005500550055,203946
2,2016,92.3076923076923,96.36363636363636,29.0,56.0,15.0,32.0,40.0,221.0,220.0,32.0,13.0,9.0,11.0,35.0,212.0,204.0,13.0,156.0,20.0,0.4880382775119617,0.3714285714285714,0.4764397905759162,103.15789473684212,0.2931937172774869,13.16289592760181,14.75909090909091,103.0,0.6451612903225806,0.7636363636363637,0.5178571428571429,True,0.2072072072072072,203946
3,2016,105.46044098573282,107.02323769959756,1255.0,2254.0,661.0,1109.0,1680.0,7710.0,7703.0,1262.0,481.0,323.0,565.0,1718.0,8244.0,8131.0,1100.0,5261.0,635.0,0.5252688868731372,0.3713620488940629,0.5691359793666715,95.37747524752476,0.3229689067201605,15.055252918287938,15.140594573542776,3878.0,0.624248496993988,0.7194244604316546,0.5567879325643301,False,0.2815380563602844,203946
