index,year,ortg,drtg,AtRimFGM,AtRimFGA,AtRimAssists,Turnovers,FTA,OffPoss,DefPoss,TwoPtAssists,Steals,BadPassSteals,ThreePtAssists,FG3A,OpponentPoints,Points,SecondChancePoints,FG2A,LiveBallTurnovers,TsPct,Fg3Pct,AtRimFG3AFrequency,Pace,AtRimFrequency,SecondsPerPossOff,SecondsPerPossDef,Minutes,DefAtRimReboundPct,DefFGReboundPct,AtRimAccuracy,player_on,OffFGReboundPct,nba_id
0,2018,104.98442367601244,122.8125,58.0,94.0,31.0,46.0,82.0,321.0,320.0,44.0,12.0,8.0,25.0,79.0,393.0,337.0,27.0,202.0,23.0,0.5332278481012658,0.3670886075949367,0.6156583629893239,93.67160543941549,0.3345195729537366,15.389408099688474,15.35625,164.0,0.5,0.7159763313609467,0.6170212765957447,True,0.2467532467532467,203952
1,2018,115.54054054054056,104.60526315789474,31.0,56.0,20.0,17.0,32.0,148.0,152.0,27.0,13.0,9.0,16.0,30.0,159.0,171.0,14.0,102.0,11.0,0.5856164383561644,0.5333333333333333,0.6515151515151515,95.0285965684118,0.4242424242424242,15.074324324324325,15.230263157894736,76.0,0.5333333333333333,0.8405797101449275,0.5535714285714286,False,0.2272727272727272,203952
2,2022,118.8028627195836,109.69420949902408,183.0,262.0,112.0,227.0,319.0,1537.0,1537.0,264.0,120.0,82.0,184.0,609.0,1686.0,1826.0,248.0,786.0,114.0,0.5957377049180328,0.3842364532019704,0.6243727598566309,96.21910661884576,0.1878136200716846,14.31099544567339,15.620689655172416,767.0,0.6323529411764706,0.729518855656697,0.6984732824427481,True,0.2885431400282885,203952
3,2022,108.3617747440273,113.31058020477816,66.0,86.0,39.0,93.0,116.0,586.0,586.0,88.0,50.0,28.0,58.0,212.0,664.0,635.0,77.0,288.0,47.0,0.5727272727272728,0.3490566037735849,0.596,97.24459809853067,0.172,15.027303754266212,14.588737201365188,289.0,0.6470588235294118,0.7584905660377359,0.7674418604651163,False,0.2265625,203952
4,2023,113.10418904403866,108.8077336197637,134.0,191.0,92.0,133.0,192.0,931.0,931.0,160.0,77.0,36.0,97.0,387.0,1013.0,1053.0,142.0,476.0,67.0,0.5544973544973545,0.3410852713178294,0.6697566628041715,101.12313784650198,0.2213209733487833,14.628356605800215,13.851772287862511,442.0,0.5555555555555556,0.702819956616052,0.7015706806282722,True,0.2965367965367965,203952
5,2023,109.16230366492148,121.42857142857144,50.0,80.0,33.0,54.0,64.0,382.0,378.0,61.0,17.0,9.0,48.0,166.0,459.0,417.0,57.0,188.0,30.0,0.5445026178010471,0.3373493975903614,0.6949152542372882,100.17391304347824,0.2259887005649717,14.968586387434556,13.775132275132275,182.0,0.6206896551724138,0.7065217391304348,0.625,False,0.2908163265306122,203952
