index,year,ortg,drtg,AtRimFGM,AtRimFGA,AtRimAssists,Turnovers,FTA,OffPoss,DefPoss,TwoPtAssists,Steals,BadPassSteals,ThreePtAssists,FG3A,OpponentPoints,Points,SecondChancePoints,FG2A,LiveBallTurnovers,TsPct,Fg3Pct,AtRimFG3AFrequency,Pace,AtRimFrequency,SecondsPerPossOff,SecondsPerPossDef,Minutes,DefAtRimReboundPct,DefFGReboundPct,AtRimAccuracy,player_on,OffFGReboundPct,nba_id
0,2015,102.42587601078166,114.4404332129964,195.0,337.0,108.0,173.0,308.0,1113.0,1108.0,181.0,71.0,45.0,64.0,214.0,1268.0,1140.0,169.0,765.0,93.0,0.5094170403587444,0.3551401869158878,0.5628192032686414,93.78727896542622,0.3442288049029622,16.067385444743934,14.637184115523466,568.0,0.6554621848739496,0.7409766454352441,0.5786350148367952,True,0.3031423290203327,203913
1,2015,103.67877972184836,110.13755980861244,1091.0,1768.0,575.0,913.0,1627.0,6687.0,6688.0,1147.0,507.0,320.0,323.0,1332.0,7366.0,6933.0,1004.0,4709.0,518.0,0.5108776084060974,0.3423423423423423,0.5131600728356233,93.92418767281612,0.2926667770236715,15.697921339913265,14.965161483253588,3418.0,0.6190476190476191,0.7230519480519481,0.6170814479638009,False,0.2829736211031175,203913
