index,year,ortg,drtg,AtRimFGM,AtRimFGA,AtRimAssists,Turnovers,FTA,OffPoss,DefPoss,TwoPtAssists,Steals,BadPassSteals,ThreePtAssists,FG3A,OpponentPoints,Points,SecondChancePoints,FG2A,LiveBallTurnovers,TsPct,Fg3Pct,AtRimFG3AFrequency,Pace,AtRimFrequency,SecondsPerPossOff,SecondsPerPossDef,Minutes,DefAtRimReboundPct,DefFGReboundPct,AtRimAccuracy,player_on,OffFGReboundPct,nba_id
0,2015,57.89473684210526,95.23809523809524,2.0,4.0,2.0,4.0,,19.0,21.0,4.0,3.0,2.0,1.0,3.0,20.0,11.0,,10.0,2.0,0.4230769230769231,0.3333333333333333,0.5384615384615384,98.46153846153848,0.3076923076923077,15.947368421052632,13.428571428571429,10.0,,0.7142857142857143,0.5,True,,203919
1,2015,104.5,103.23232323232324,154.0,254.0,74.0,157.0,219.0,1000.0,990.0,125.0,61.0,42.0,92.0,303.0,1022.0,1045.0,118.0,569.0,93.0,0.5370751802265705,0.3729372937293729,0.6387614678899083,92.1562952243126,0.2912844036697247,14.169,17.096969696969698,518.0,0.5793650793650794,0.7197696737044146,0.6062992125984252,False,0.2583333333333333,203919
