index,year,ortg,drtg,AtRimFGM,AtRimFGA,AtRimAssists,Turnovers,FTA,OffPoss,DefPoss,TwoPtAssists,Steals,BadPassSteals,ThreePtAssists,FG3A,OpponentPoints,Points,SecondChancePoints,FG2A,LiveBallTurnovers,TsPct,Fg3Pct,AtRimFG3AFrequency,Pace,AtRimFrequency,SecondsPerPossOff,SecondsPerPossDef,Minutes,DefAtRimReboundPct,DefFGReboundPct,AtRimAccuracy,player_on,OffFGReboundPct,nba_id
0,2016,76.19047619047619,70.0,,2.0,,5.0,7.0,21.0,20.0,,1.0,1.0,2.0,9.0,14.0,16.0,3.0,6.0,1.0,0.4444444444444444,0.3333333333333333,0.7333333333333333,96.3132137030995,0.1333333333333333,17.571428571428573,12.2,10.0,,0.7,,True,0.3636363636363636,203962
1,2016,112.70029673590504,107.82089552238806,305.0,490.0,150.0,246.0,488.0,1685.0,1675.0,247.0,138.0,91.0,120.0,439.0,1806.0,1899.0,273.0,1067.0,146.0,0.5481717933836332,0.3325740318906606,0.6168658698539177,94.4501922814141,0.3253652058432935,14.823145400593472,15.671641791044776,854.0,0.7104072398190046,0.7395577395577395,0.6224489795918368,False,0.3370646766169154,203962
2,2018,105.0,110.25641025641026,6.0,13.0,1.0,6.0,11.0,40.0,39.0,1.0,3.0,3.0,5.0,15.0,43.0,42.0,9.0,25.0,5.0,0.4555555555555555,0.4666666666666667,0.7,98.06896551724138,0.325,14.275,15.102564102564102,19.0,0.5,0.6470588235294118,0.4615384615384615,True,0.4583333333333333,203962
3,2018,104.24354243542436,108.45588235294116,87.0,149.0,42.0,78.0,116.0,542.0,544.0,55.0,50.0,35.0,37.0,158.0,590.0,565.0,74.0,321.0,47.0,0.5281425891181989,0.3544303797468354,0.6409185803757829,97.0124069478908,0.3110647181628392,14.119926199261991,15.564338235294118,269.0,0.5833333333333334,0.7176470588235294,0.5838926174496645,False,0.2339622641509434,203962
