index,year,ortg,drtg,AtRimFGM,AtRimFGA,AtRimAssists,Turnovers,FTA,OffPoss,DefPoss,TwoPtAssists,Steals,BadPassSteals,ThreePtAssists,FG3A,OpponentPoints,Points,SecondChancePoints,FG2A,LiveBallTurnovers,TsPct,Fg3Pct,AtRimFG3AFrequency,Pace,AtRimFrequency,SecondsPerPossOff,SecondsPerPossDef,Minutes,DefAtRimReboundPct,DefFGReboundPct,AtRimAccuracy,player_on,OffFGReboundPct,nba_id
0,2021,111.92275398824518,110.4502973661852,178.0,270.0,106.0,157.0,219.0,1191.0,1177.0,171.0,88.0,53.0,107.0,423.0,1300.0,1333.0,161.0,671.0,100.0,0.5612331081081081,0.3498817966903073,0.6334552102376599,95.0129566162334,0.2468007312614259,15.173803526448363,15.137638062871709,598.0,0.6388888888888888,0.7320490367775832,0.6592592592592592,True,0.2594501718213058,203992
1,2021,106.42201834862384,114.0819964349376,49.0,78.0,23.0,67.0,157.0,545.0,561.0,44.0,33.0,16.0,42.0,192.0,640.0,580.0,63.0,276.0,38.0,0.539179104477612,0.328125,0.5769230769230769,99.84577769418844,0.1666666666666666,14.46605504587156,14.379679144385026,266.0,0.6206896551724138,0.6807692307692308,0.6282051282051282,False,0.2243346007604562,203992
2,2022,110.52631578947368,115.71428571428572,29.0,42.0,16.0,34.0,61.0,209.0,210.0,26.0,10.0,6.0,20.0,82.0,243.0,231.0,29.0,92.0,15.0,0.5804020100502513,0.3292682926829268,0.7126436781609196,94.0692235734331,0.2413793103448276,14.63157894736842,15.98095238095238,107.0,0.7368421052631579,0.7291666666666666,0.6904761904761905,True,0.2747252747252747,203992
3,2022,98.84169884169884,117.82945736434108,28.0,42.0,12.0,48.0,49.0,259.0,258.0,25.0,19.0,11.0,22.0,93.0,304.0,256.0,29.0,124.0,32.0,0.5334728033472803,0.3225806451612903,0.6221198156682027,93.22314049586775,0.1935483870967742,15.694980694980694,15.19767441860465,133.0,0.4210526315789473,0.7049180327868853,0.6666666666666666,False,0.2258064516129032,203992
4,2023,121.9814241486068,115.95092024539878,46.0,74.0,22.0,36.0,51.0,323.0,326.0,44.0,26.0,18.0,38.0,131.0,378.0,394.0,41.0,187.0,20.0,0.5813609467455622,0.4045801526717557,0.6446540880503144,99.37898766482348,0.2327044025157232,13.975232198142416,15.0,157.0,0.75,0.7703703703703704,0.6216216216216216,True,0.2934131736526946,203992
5,2023,108.27338129496404,124.64285714285714,41.0,71.0,23.0,41.0,51.0,278.0,280.0,41.0,20.0,10.0,24.0,93.0,349.0,301.0,64.0,167.0,19.0,0.5336879432624113,0.3333333333333333,0.6307692307692307,102.02133062468258,0.273076923076923,14.215827338129497,14.014285714285714,131.0,0.6,0.7741935483870968,0.5774647887323944,False,0.3150684931506849,203992
