index,year,ortg,drtg,AtRimFGM,AtRimFGA,AtRimAssists,Turnovers,FTA,OffPoss,DefPoss,TwoPtAssists,Steals,BadPassSteals,ThreePtAssists,FG3A,OpponentPoints,Points,SecondChancePoints,FG2A,LiveBallTurnovers,TsPct,Fg3Pct,AtRimFG3AFrequency,Pace,AtRimFrequency,SecondsPerPossOff,SecondsPerPossDef,Minutes,DefAtRimReboundPct,DefFGReboundPct,AtRimAccuracy,player_on,OffFGReboundPct,nba_id
0,2022,96.0,76.92307692307692,4.0,6.0,4.0,5.0,15.0,50.0,52.0,6.0,2.0,1.0,6.0,21.0,40.0,48.0,9.0,17.0,1.0,0.5333333333333333,0.3333333333333333,0.7105263157894737,99.10931174089067,0.1578947368421052,15.92,13.192307692307692,25.0,1.0,0.7916666666666666,0.6666666666666666,True,0.1739130434782608,203917
1,2022,111.53500897666068,108.31460674157304,294.0,457.0,173.0,348.0,541.0,2228.0,2225.0,307.0,152.0,91.0,269.0,858.0,2410.0,2485.0,288.0,1066.0,195.0,0.5737742830712304,0.3741258741258741,0.6834719334719335,94.73628224448188,0.2375259875259875,15.622531418312388,14.777078651685391,1128.0,0.6329113924050633,0.7274368231046932,0.6433260393873085,False,0.2628516003879728,203917
