index,year,ortg,drtg,AtRimFGM,AtRimFGA,AtRimAssists,Turnovers,FTA,OffPoss,DefPoss,TwoPtAssists,Steals,BadPassSteals,ThreePtAssists,FG3A,OpponentPoints,Points,SecondChancePoints,FG2A,LiveBallTurnovers,TsPct,Fg3Pct,AtRimFG3AFrequency,Pace,AtRimFrequency,SecondsPerPossOff,SecondsPerPossDef,Minutes,DefAtRimReboundPct,DefFGReboundPct,AtRimAccuracy,player_on,OffFGReboundPct,nba_id
0,2020,116.35220125786164,107.3015873015873,50.0,78.0,28.0,49.0,108.0,318.0,315.0,40.0,27.0,13.0,39.0,103.0,338.0,370.0,42.0,155.0,30.0,0.6026058631921825,0.4077669902912621,0.7015503875968992,97.18733340441412,0.3023255813953488,14.946540880503145,14.685714285714283,156.0,0.6333333333333333,0.8260869565217391,0.6410256410256411,True,0.2824427480916031,203933
1,2020,108.69565217391305,92.85714285714286,12.0,24.0,7.0,8.0,11.0,69.0,70.0,8.0,8.0,4.0,9.0,30.0,65.0,75.0,11.0,35.0,7.0,0.5357142857142857,0.3333333333333333,0.8307692307692308,93.48902382064456,0.3692307692307692,15.289855072463768,15.514285714285714,36.0,0.75,0.7878787878787878,0.5,False,0.2571428571428571,203933
2,2023,110.42944785276072,116.66666666666669,14.0,23.0,10.0,19.0,48.0,163.0,162.0,29.0,8.0,6.0,12.0,46.0,189.0,180.0,18.0,98.0,7.0,0.5421686746987951,0.2826086956521739,0.4791666666666667,96.75418647922268,0.1597222222222222,15.840490797546012,13.919753086419751,81.0,0.4285714285714285,0.7532467532467533,0.6086956521739131,True,0.2682926829268293,203933
3,2023,121.52317880794702,117.51101321585904,137.0,212.0,65.0,117.0,223.0,906.0,908.0,132.0,72.0,41.0,87.0,288.0,1067.0,1101.0,154.0,541.0,62.0,0.5914962325080731,0.3784722222222222,0.6031363088057901,97.31252095518384,0.255729794933655,15.027593818984547,14.568281938325992,447.0,0.6666666666666666,0.7360406091370558,0.6462264150943396,False,0.3195121951219512,203933
4,2024,80.95238095238095,104.34782608695652,4.0,7.0,,1.0,2.0,21.0,23.0,,1.0,,1.0,9.0,24.0,17.0,5.0,12.0,,0.3863636363636363,0.2222222222222222,0.7619047619047619,93.86666666666666,0.3333333333333333,15.142857142857142,15.521739130434783,11.0,,0.5833333333333334,0.5714285714285714,True,0.1538461538461538,203933
5,2024,112.749827705031,116.32373113854597,237.0,361.0,146.0,208.0,345.0,1451.0,1458.0,216.0,106.0,63.0,129.0,460.0,1696.0,1636.0,148.0,792.0,116.0,0.5793594306049822,0.3695652173913043,0.6557507987220448,92.25768087215064,0.2883386581469648,15.39696760854583,15.818930041152264,757.0,0.6190476190476191,0.7077151335311572,0.6565096952908587,False,0.2294573643410852,203933
