index,year,ortg,drtg,AtRimFGM,AtRimFGA,AtRimAssists,Turnovers,FTA,OffPoss,DefPoss,TwoPtAssists,Steals,BadPassSteals,ThreePtAssists,FG3A,OpponentPoints,Points,SecondChancePoints,FG2A,LiveBallTurnovers,TsPct,Fg3Pct,AtRimFG3AFrequency,Pace,AtRimFrequency,SecondsPerPossOff,SecondsPerPossDef,Minutes,DefAtRimReboundPct,DefFGReboundPct,AtRimAccuracy,player_on,OffFGReboundPct,nba_id
0,2020,88.23529411764706,61.11111111111112,2.0,2.0,1.0,,6.0,17.0,18.0,1.0,1.0,1.0,1.0,11.0,11.0,15.0,3.0,4.0,,0.4166666666666667,0.1818181818181818,0.8666666666666667,127.91878172588832,0.1333333333333333,10.882352941176473,11.61111111111111,7.0,,0.8571428571428571,1.0,True,0.0909090909090909,203998
1,2020,109.23866552609068,108.9041095890411,186.0,306.0,76.0,161.0,236.0,1169.0,1168.0,93.0,108.0,74.0,161.0,550.0,1272.0,1277.0,107.0,464.0,76.0,0.5695067264573991,0.3654545454545455,0.8441814595660749,97.64057331863286,0.301775147928994,14.569717707442258,14.9263698630137,574.0,0.6041666666666666,0.7374517374517374,0.6078431372549019,False,0.1897163120567375,203998
