index,year,ortg,drtg,AtRimFGM,AtRimFGA,AtRimAssists,Turnovers,FTA,OffPoss,DefPoss,TwoPtAssists,Steals,BadPassSteals,ThreePtAssists,FG3A,OpponentPoints,Points,SecondChancePoints,FG2A,LiveBallTurnovers,TsPct,Fg3Pct,AtRimFG3AFrequency,Pace,AtRimFrequency,SecondsPerPossOff,SecondsPerPossDef,Minutes,DefAtRimReboundPct,DefFGReboundPct,AtRimAccuracy,player_on,OffFGReboundPct,nba_id
0,2018,122.8125,104.98442367601244,56.0,94.0,26.0,22.0,94.0,320.0,321.0,29.0,23.0,15.0,42.0,159.0,337.0,393.0,57.0,147.0,12.0,0.5648414985590778,0.3647798742138364,0.826797385620915,93.67160543941549,0.3071895424836601,15.35625,15.389408099688474,164.0,0.7222222222222222,0.7532467532467533,0.5957446808510638,True,0.2840236686390532,203952
1,2018,104.60526315789474,115.54054054054056,29.0,44.0,17.0,20.0,20.0,152.0,148.0,22.0,11.0,7.0,11.0,58.0,171.0,159.0,16.0,76.0,13.0,0.5638297872340425,0.293103448275862,0.7611940298507462,95.0285965684118,0.3283582089552239,15.230263157894736,15.074324324324325,76.0,0.68,0.7727272727272727,0.6590909090909091,False,0.1594202898550724,203952
2,2022,109.69420949902408,118.8028627195836,126.0,194.0,67.0,222.0,336.0,1537.0,1537.0,200.0,114.0,76.0,186.0,602.0,1826.0,1686.0,224.0,785.0,120.0,0.549967341606793,0.3770764119601329,0.5739005046863734,96.21910661884576,0.1398702235039653,15.620689655172416,14.31099544567339,767.0,0.6329113924050633,0.7114568599717115,0.6494845360824743,True,0.270481144343303,203952
3,2022,113.31058020477816,108.3617747440273,59.0,76.0,32.0,83.0,171.0,586.0,586.0,71.0,47.0,31.0,73.0,229.0,635.0,664.0,63.0,264.0,50.0,0.5786713286713286,0.37117903930131,0.6186612576064908,97.24459809853067,0.1541582150101419,14.588737201365188,15.027303754266212,289.0,0.6,0.7734375,0.7763157894736842,False,0.2415094339622641,203952
4,2023,108.8077336197637,113.10418904403866,106.0,151.0,66.0,133.0,238.0,931.0,931.0,118.0,67.0,47.0,91.0,327.0,1053.0,1013.0,128.0,500.0,77.0,0.5383795309168443,0.308868501529052,0.5779927448609432,101.12313784650198,0.1825876662636034,13.851772287862511,14.628356605800215,442.0,0.5614035087719298,0.7034632034632035,0.7019867549668874,True,0.2971800433839479,203952
5,2023,121.42857142857144,109.16230366492148,57.0,86.0,32.0,31.0,102.0,378.0,382.0,59.0,30.0,16.0,34.0,119.0,417.0,459.0,59.0,237.0,17.0,0.5696517412935324,0.3697478991596639,0.5758426966292135,100.17391304347824,0.2415730337078651,13.775132275132275,14.968586387434556,182.0,0.6,0.7091836734693877,0.6627906976744186,False,0.2934782608695652,203952
