index,year,ortg,drtg,AtRimFGM,AtRimFGA,AtRimAssists,Turnovers,FTA,OffPoss,DefPoss,TwoPtAssists,Steals,BadPassSteals,ThreePtAssists,FG3A,OpponentPoints,Points,SecondChancePoints,FG2A,LiveBallTurnovers,TsPct,Fg3Pct,AtRimFG3AFrequency,Pace,AtRimFrequency,SecondsPerPossOff,SecondsPerPossDef,Minutes,DefAtRimReboundPct,DefFGReboundPct,AtRimAccuracy,player_on,OffFGReboundPct,nba_id
0,2015,97.1153846153846,86.27450980392157,15.0,24.0,7.0,17.0,18.0,104.0,102.0,12.0,13.0,10.0,12.0,38.0,88.0,101.0,16.0,53.0,10.0,0.5102040816326531,0.3421052631578947,0.6813186813186813,101.20777891504606,0.2637362637362637,16.08653846153846,12.333333333333334,49.0,0.7272727272727273,0.7045454545454546,0.625,True,0.2549019607843137,203910
1,2015,109.9444101297097,108.3539603960396,298.0,451.0,176.0,228.0,435.0,1619.0,1616.0,262.0,134.0,87.0,123.0,449.0,1751.0,1780.0,228.0,980.0,132.0,0.5455945779420825,0.3363028953229399,0.6298110566829951,101.20576158508769,0.3156053184044786,14.472513897467572,13.983910891089108,767.0,0.6549707602339181,0.6966759002770083,0.6607538802660754,False,0.2887700534759358,203910
