index,year,ortg,drtg,AtRimFGM,AtRimFGA,AtRimAssists,Turnovers,FTA,OffPoss,DefPoss,TwoPtAssists,Steals,BadPassSteals,ThreePtAssists,FG3A,OpponentPoints,Points,SecondChancePoints,FG2A,LiveBallTurnovers,TsPct,Fg3Pct,AtRimFG3AFrequency,Pace,AtRimFrequency,SecondsPerPossOff,SecondsPerPossDef,Minutes,DefAtRimReboundPct,DefFGReboundPct,AtRimAccuracy,player_on,OffFGReboundPct,nba_id
0,2018,112.85930408472012,109.3655589123867,120.0,192.0,74.0,94.0,166.0,661.0,662.0,96.0,50.0,28.0,71.0,209.0,724.0,746.0,73.0,359.0,50.0,0.5793157076205288,0.4019138755980861,0.7059859154929577,96.65753424657534,0.3380281690140845,15.133131618759457,14.663141993957703,328.0,0.6022727272727273,0.6920731707317073,0.625,True,0.2416107382550335,203967
1,2018,93.80804953560371,112.34567901234568,33.0,65.0,17.0,44.0,101.0,323.0,324.0,27.0,30.0,19.0,28.0,90.0,364.0,303.0,24.0,174.0,28.0,0.4871382636655949,0.3333333333333333,0.5871212121212122,99.22044728434504,0.2462121212121212,15.393188854489164,13.635802469135802,156.0,0.4848484848484848,0.6451612903225806,0.5076923076923077,False,0.2091503267973856,203967
2,2021,107.82918149466192,121.78571428571428,53.0,79.0,31.0,40.0,65.0,281.0,280.0,42.0,18.0,9.0,28.0,105.0,341.0,303.0,39.0,150.0,18.0,0.5373665480427047,0.3142857142857143,0.7215686274509804,91.73745173745174,0.3098039215686274,15.92170818505338,15.471428571428572,147.0,0.8181818181818182,0.7480916030534351,0.6708860759493671,True,0.2826086956521739,203967
3,2021,110.82130965593784,113.646408839779,304.0,498.0,153.0,219.0,429.0,1802.0,1810.0,215.0,128.0,83.0,174.0,655.0,2057.0,1997.0,244.0,996.0,124.0,0.5402173913043479,0.3358778625954198,0.6983646274984857,95.34186310811306,0.3016353725015142,14.849056603773583,15.356906077348066,909.0,0.6666666666666666,0.7796817625458996,0.6104417670682731,False,0.265642151481888,203967
