index,year,ortg,drtg,AtRimFGM,AtRimFGA,AtRimAssists,Turnovers,FTA,OffPoss,DefPoss,TwoPtAssists,Steals,BadPassSteals,ThreePtAssists,FG3A,OpponentPoints,Points,SecondChancePoints,FG2A,LiveBallTurnovers,TsPct,Fg3Pct,AtRimFG3AFrequency,Pace,AtRimFrequency,SecondsPerPossOff,SecondsPerPossDef,Minutes,DefAtRimReboundPct,DefFGReboundPct,AtRimAccuracy,player_on,OffFGReboundPct,nba_id
0,2022,76.92307692307692,96.0,7.0,9.0,5.0,7.0,8.0,52.0,50.0,7.0,1.0,1.0,5.0,24.0,48.0,40.0,8.0,17.0,2.0,0.4444444444444444,0.2083333333333333,0.8048780487804879,99.10931174089067,0.2195121951219512,13.192307692307692,15.92,25.0,0.5,0.8260869565217391,0.7777777777777778,True,0.2083333333333333,203917
1,2022,108.31460674157304,111.53500897666068,306.0,466.0,155.0,312.0,473.0,2225.0,2228.0,288.0,195.0,112.0,202.0,785.0,2485.0,2410.0,324.0,1245.0,152.0,0.5377906976744186,0.3363057324840764,0.6162561576354679,94.73628224448188,0.2295566502463054,14.777078651685391,15.622531418312388,1128.0,0.639751552795031,0.7371483996120272,0.6566523605150214,False,0.2725631768953068,203917
