index,year,ortg,drtg,AtRimFGM,AtRimFGA,AtRimAssists,Turnovers,FTA,OffPoss,DefPoss,TwoPtAssists,Steals,BadPassSteals,ThreePtAssists,FG3A,OpponentPoints,Points,SecondChancePoints,FG2A,LiveBallTurnovers,TsPct,Fg3Pct,AtRimFG3AFrequency,Pace,AtRimFrequency,SecondsPerPossOff,SecondsPerPossDef,Minutes,DefAtRimReboundPct,DefFGReboundPct,AtRimAccuracy,player_on,OffFGReboundPct,nba_id
0,2015,120.0,78.57142857142857,4.0,5.0,3.0,3.0,8.0,30.0,28.0,4.0,4.0,2.0,5.0,11.0,22.0,36.0,2.0,10.0,1.0,0.72,0.6363636363636364,0.7619047619047619,99.5470798569726,0.238095238095238,13.933333333333334,15.035714285714286,14.0,,0.9090909090909092,0.8,True,0.1111111111111111,203945
1,2015,106.2953675597202,111.1477137962841,1301.0,2095.0,751.0,1089.0,1621.0,7577.0,7589.0,1425.0,638.0,409.0,540.0,1837.0,8435.0,8054.0,1016.0,4992.0,602.0,0.5318994043679682,0.3413173652694611,0.5757797627763948,92.3344650157914,0.306779909210719,15.311996832519467,15.878508367373833,3942.0,0.594059405940594,0.6860759493670886,0.6210023866348449,False,0.2798013245033112,203945
