index,year,ortg,drtg,AtRimFGM,AtRimFGA,AtRimAssists,Turnovers,FTA,OffPoss,DefPoss,TwoPtAssists,Steals,BadPassSteals,ThreePtAssists,FG3A,OpponentPoints,Points,SecondChancePoints,FG2A,LiveBallTurnovers,TsPct,Fg3Pct,AtRimFG3AFrequency,Pace,AtRimFrequency,SecondsPerPossOff,SecondsPerPossDef,Minutes,DefAtRimReboundPct,DefFGReboundPct,AtRimAccuracy,player_on,OffFGReboundPct,nba_id
0,2020,107.3015873015873,116.35220125786164,47.0,77.0,28.0,49.0,69.0,315.0,318.0,42.0,30.0,25.0,32.0,108.0,370.0,338.0,27.0,151.0,27.0,0.5807560137457045,0.3888888888888889,0.7142857142857143,97.18733340441412,0.2972972972972973,14.685714285714283,14.946540880503145,156.0,0.6666666666666666,0.7175572519083969,0.6103896103896104,True,0.1739130434782608,203933
1,2020,92.85714285714286,108.69565217391305,11.0,15.0,4.0,12.0,12.0,70.0,69.0,11.0,7.0,3.0,5.0,20.0,75.0,65.0,8.0,42.0,8.0,0.4850746268656716,0.3,0.5645161290322581,93.48902382064456,0.2419354838709677,15.514285714285714,15.289855072463768,36.0,0.6666666666666666,0.7428571428571429,0.7333333333333333,False,0.2121212121212121,203933
2,2023,116.66666666666669,110.42944785276072,11.0,18.0,6.0,13.0,50.0,162.0,163.0,29.0,7.0,5.0,12.0,45.0,180.0,189.0,19.0,99.0,8.0,0.5692771084337349,0.2888888888888888,0.4375,96.75418647922268,0.125,13.919753086419751,15.840490797546012,81.0,0.3333333333333333,0.7317073170731707,0.6111111111111112,True,0.2467532467532467,203933
3,2023,117.51101321585904,121.52317880794702,102.0,141.0,58.0,120.0,207.0,908.0,906.0,162.0,62.0,41.0,67.0,239.0,1101.0,1067.0,104.0,572.0,72.0,0.5917686318131257,0.3765690376569037,0.468557336621455,97.31252095518384,0.1738594327990135,14.568281938325992,15.027593818984547,447.0,0.6,0.6804878048780488,0.723404255319149,False,0.2639593908629442,203933
4,2024,104.34782608695652,80.95238095238095,4.0,5.0,4.0,3.0,8.0,23.0,21.0,5.0,,,2.0,9.0,17.0,24.0,4.0,11.0,1.0,0.5,0.2222222222222222,0.7,93.86666666666666,0.25,15.521739130434783,15.142857142857142,11.0,0.6666666666666666,0.8461538461538461,0.8,True,0.4166666666666667,203933
5,2024,116.32373113854597,112.749827705031,264.0,413.0,149.0,192.0,370.0,1458.0,1451.0,231.0,116.0,76.0,145.0,512.0,1636.0,1696.0,205.0,794.0,106.0,0.5756646216768916,0.361328125,0.7082695252679939,92.25768087215064,0.3162327718223583,15.818930041152264,15.39696760854583,757.0,0.6666666666666666,0.7705426356589147,0.639225181598063,False,0.2922848664688427,203933
