index,year,ortg,drtg,AtRimFGM,AtRimFGA,AtRimAssists,Turnovers,FTA,OffPoss,DefPoss,TwoPtAssists,Steals,BadPassSteals,ThreePtAssists,FG3A,OpponentPoints,Points,SecondChancePoints,FG2A,LiveBallTurnovers,TsPct,Fg3Pct,AtRimFG3AFrequency,Pace,AtRimFrequency,SecondsPerPossOff,SecondsPerPossDef,Minutes,DefAtRimReboundPct,DefFGReboundPct,AtRimAccuracy,player_on,OffFGReboundPct,nba_id
0,2016,84.81012658227849,88.31168831168831,8.0,14.0,5.0,16.0,17.0,79.0,77.0,15.0,7.0,3.0,4.0,14.0,68.0,67.0,6.0,44.0,7.0,0.5075757575757576,0.3571428571428571,0.4827586206896552,110.98814229249012,0.2413793103448276,14.430379746835444,11.48051948051948,34.0,0.5,0.7045454545454546,0.5714285714285714,True,0.2058823529411764,203909
1,2016,116.94915254237289,93.49397590361446,77.0,109.0,46.0,55.0,109.0,413.0,415.0,75.0,39.0,29.0,50.0,130.0,388.0,483.0,52.0,234.0,35.0,0.5823244552058111,0.4076923076923077,0.6565934065934066,96.34130575307046,0.2994505494505494,14.975786924939468,14.918072289156626,206.0,0.6170212765957447,0.6635071090047393,0.7064220183486238,False,0.2611111111111111,203909
