index,year,ortg,drtg,AtRimFGM,AtRimFGA,AtRimAssists,Turnovers,FTA,OffPoss,DefPoss,TwoPtAssists,Steals,BadPassSteals,ThreePtAssists,FG3A,OpponentPoints,Points,SecondChancePoints,FG2A,LiveBallTurnovers,TsPct,Fg3Pct,AtRimFG3AFrequency,Pace,AtRimFrequency,SecondsPerPossOff,SecondsPerPossDef,Minutes,DefAtRimReboundPct,DefFGReboundPct,AtRimAccuracy,player_on,OffFGReboundPct,nba_id
0,2015,97.26156751652502,105.63514804202484,159.0,284.0,80.0,164.0,257.0,1059.0,1047.0,144.0,106.0,64.0,68.0,272.0,1106.0,1030.0,151.0,640.0,76.0,0.4995145631067961,0.2904411764705882,0.6096491228070176,95.17449158925432,0.3114035087719298,15.444759206798867,14.811843361986629,531.0,0.5619834710743802,0.6652806652806653,0.5598591549295775,True,0.2722007722007722,203928
1,2015,108.96510228640192,104.33473810957254,1242.0,2011.0,685.0,973.0,1491.0,6648.0,6644.0,1194.0,537.0,319.0,538.0,1672.0,6932.0,7244.0,1001.0,4329.0,500.0,0.5429881256575981,0.3690191387559808,0.6137310448258624,92.33405372028405,0.3351108148641893,15.534747292418771,15.656381697772426,3455.0,0.605890603085554,0.7378548895899054,0.6176031824962706,False,0.2944550669216061,203928
2,2016,107.92079207920791,101.98019801980196,21.0,36.0,14.0,17.0,24.0,101.0,101.0,18.0,7.0,5.0,8.0,18.0,103.0,109.0,12.0,72.0,8.0,0.5396039603960396,0.6111111111111112,0.6,96.86313686313687,0.4,14.950495049504951,14.782178217821782,50.0,0.4285714285714285,0.660377358490566,0.5833333333333334,True,0.391304347826087,203928
3,2016,109.16384605741509,102.35588972431076,1366.0,2182.0,736.0,1207.0,2153.0,7977.0,7980.0,1176.0,775.0,555.0,634.0,2023.0,8168.0,8708.0,1023.0,4757.0,624.0,0.5603649068322981,0.375185368264953,0.6202064896755162,98.4253202945296,0.3218289085545722,14.637583051272408,14.623182957393484,3891.0,0.5957219251336898,0.7115987460815048,0.6260311640696609,False,0.2628458498023715,203928
