index,year,ortg,drtg,AtRimFGM,AtRimFGA,AtRimAssists,Turnovers,FTA,OffPoss,DefPoss,TwoPtAssists,Steals,BadPassSteals,ThreePtAssists,FG3A,OpponentPoints,Points,SecondChancePoints,FG2A,LiveBallTurnovers,TsPct,Fg3Pct,AtRimFG3AFrequency,Pace,AtRimFrequency,SecondsPerPossOff,SecondsPerPossDef,Minutes,DefAtRimReboundPct,DefFGReboundPct,AtRimAccuracy,player_on,OffFGReboundPct,nba_id
0,2015,102.94659300184162,96.60377358490568,102.0,161.0,55.0,73.0,148.0,543.0,530.0,91.0,53.0,37.0,28.0,117.0,512.0,559.0,80.0,362.0,40.0,0.5110294117647058,0.282051282051282,0.5803757828810021,98.202618533113,0.336116910229645,14.604051565377532,14.724528301886792,262.0,0.6119402985074627,0.7,0.6335403726708074,True,0.2873563218390804,203910
1,2015,103.90963203463204,107.9805877595039,1313.0,2145.0,686.0,1269.0,1784.0,7392.0,7418.0,1155.0,673.0,447.0,478.0,1764.0,8010.0,7681.0,1071.0,4740.0,737.0,0.5237801535087719,0.3242630385487528,0.6010147601476015,96.0968971639195,0.3297970479704797,15.262851731601732,14.70787274197897,3699.0,0.5840092699884125,0.6959537572254335,0.6121212121212121,False,0.3043971631205673,203910
