index,year,ortg,drtg,AtRimFGM,AtRimFGA,AtRimAssists,Turnovers,FTA,OffPoss,DefPoss,TwoPtAssists,Steals,BadPassSteals,ThreePtAssists,FG3A,OpponentPoints,Points,SecondChancePoints,FG2A,LiveBallTurnovers,TsPct,Fg3Pct,AtRimFG3AFrequency,Pace,AtRimFrequency,SecondsPerPossOff,SecondsPerPossDef,Minutes,DefAtRimReboundPct,DefFGReboundPct,AtRimAccuracy,player_on,OffFGReboundPct,nba_id
0,2015,86.27450980392157,97.1153846153846,13.0,24.0,9.0,21.0,29.0,102.0,104.0,15.0,10.0,7.0,6.0,27.0,101.0,88.0,8.0,48.0,13.0,0.4943820224719101,0.2962962962962963,0.68,101.20777891504606,0.32,12.333333333333334,16.08653846153846,49.0,0.4444444444444444,0.7450980392156863,0.5416666666666666,True,0.2954545454545454,203910
1,2015,108.3539603960396,109.9444101297097,319.0,490.0,192.0,243.0,594.0,1616.0,1619.0,240.0,132.0,101.0,111.0,441.0,1780.0,1751.0,230.0,901.0,134.0,0.5400372439478585,0.3469387755102041,0.6937406855439643,101.20576158508769,0.3651266766020864,13.983910891089108,14.472513897467572,767.0,0.609271523178808,0.7112299465240641,0.6510204081632653,False,0.3033240997229917,203910
