index,year,ortg,drtg,AtRimFGM,AtRimFGA,AtRimAssists,Turnovers,FTA,OffPoss,DefPoss,TwoPtAssists,Steals,BadPassSteals,ThreePtAssists,FG3A,OpponentPoints,Points,SecondChancePoints,FG2A,LiveBallTurnovers,TsPct,Fg3Pct,AtRimFG3AFrequency,Pace,AtRimFrequency,SecondsPerPossOff,SecondsPerPossDef,Minutes,DefAtRimReboundPct,DefFGReboundPct,AtRimAccuracy,player_on,OffFGReboundPct,nba_id
0,2016,75.0,100.0,9.0,15.0,7.0,6.0,15.0,56.0,56.0,9.0,6.0,5.0,3.0,10.0,56.0,42.0,1.0,32.0,4.0,0.4285714285714285,0.3,0.5952380952380952,100.1117318435754,0.3571428571428571,15.339285714285714,13.428571428571429,27.0,0.8571428571428571,0.8461538461538461,0.6,True,0.1111111111111111,203951
1,2016,107.22433460076046,105.58872094500192,1410.0,2301.0,802.0,1234.0,1956.0,7890.0,7873.0,1249.0,614.0,386.0,638.0,2031.0,8313.0,8460.0,936.0,4777.0,669.0,0.5493215031315241,0.3589364844903988,0.636310223266745,95.6746709153674,0.337984723854289,15.191128010139415,14.910580464879969,3954.0,0.5950226244343891,0.7345531689207107,0.6127770534550195,False,0.2698102678571428,203951
