index,year,ortg,drtg,AtRimFGM,AtRimFGA,AtRimAssists,Turnovers,FTA,OffPoss,DefPoss,TwoPtAssists,Steals,BadPassSteals,ThreePtAssists,FG3A,OpponentPoints,Points,SecondChancePoints,FG2A,LiveBallTurnovers,TsPct,Fg3Pct,AtRimFG3AFrequency,Pace,AtRimFrequency,SecondsPerPossOff,SecondsPerPossDef,Minutes,DefAtRimReboundPct,DefFGReboundPct,AtRimAccuracy,player_on,OffFGReboundPct,nba_id
0,2016,64.28571428571429,112.5,3.0,5.0,1.0,4.0,3.0,14.0,16.0,1.0,,,,4.0,18.0,9.0,,8.0,3.0,0.3461538461538461,,0.75,96.42857142857144,0.4166666666666667,17.785714285714285,12.4375,7.0,1.0,0.75,0.6,True,0.3333333333333333,203912
1,2016,103.79061371841156,103.6231884057971,87.0,159.0,47.0,75.0,135.0,554.0,552.0,83.0,34.0,20.0,44.0,174.0,572.0,575.0,83.0,332.0,48.0,0.5035087719298246,0.3448275862068966,0.658102766798419,94.61977186311786,0.3142292490118577,14.942238267148014,15.496376811594205,281.0,0.6666666666666666,0.7416974169741697,0.5471698113207547,False,0.3095238095238095,203912
