index,year,ortg,drtg,AtRimFGM,AtRimFGA,AtRimAssists,Turnovers,FTA,OffPoss,DefPoss,TwoPtAssists,Steals,BadPassSteals,ThreePtAssists,FG3A,OpponentPoints,Points,SecondChancePoints,FG2A,LiveBallTurnovers,TsPct,Fg3Pct,AtRimFG3AFrequency,Pace,AtRimFrequency,SecondsPerPossOff,SecondsPerPossDef,Minutes,DefAtRimReboundPct,DefFGReboundPct,AtRimAccuracy,player_on,OffFGReboundPct,nba_id
0,2015,114.4404332129964,102.42587601078166,230.0,349.0,129.0,141.0,341.0,1108.0,1113.0,189.0,93.0,51.0,86.0,275.0,1140.0,1268.0,153.0,668.0,71.0,0.5775547445255474,0.3636363636363636,0.6617179215270413,93.78727896542622,0.3700954400848356,14.637184115523466,16.067385444743934,568.0,0.6170212765957447,0.6968576709796673,0.6590257879656161,True,0.2590233545647558,203913
1,2015,110.13755980861244,103.67877972184836,1252.0,2038.0,711.0,926.0,1777.0,6688.0,6687.0,1184.0,518.0,293.0,507.0,1646.0,6933.0,7366.0,873.0,4228.0,507.0,0.5511321037636827,0.3626974483596598,0.627170582226762,93.92418767281612,0.3469526727953694,14.965161483253588,15.697921339913265,3418.0,0.6050670640834576,0.7170263788968825,0.6143277723258096,False,0.2769480519480519,203913
