index,year,ortg,drtg,AtRimFGM,AtRimFGA,AtRimAssists,Turnovers,FTA,OffPoss,DefPoss,TwoPtAssists,Steals,BadPassSteals,ThreePtAssists,FG3A,OpponentPoints,Points,SecondChancePoints,FG2A,LiveBallTurnovers,TsPct,Fg3Pct,AtRimFG3AFrequency,Pace,AtRimFrequency,SecondsPerPossOff,SecondsPerPossDef,Minutes,DefAtRimReboundPct,DefFGReboundPct,AtRimAccuracy,player_on,OffFGReboundPct,nba_id
0,2016,89.40397350993378,100.96463022508038,51.0,91.0,26.0,56.0,70.0,302.0,311.0,44.0,31.0,24.0,13.0,57.0,314.0,270.0,33.0,183.0,26.0,0.4944649446494465,0.2456140350877192,0.6166666666666667,94.10660980810232,0.3791666666666666,14.774834437086092,15.813504823151126,156.0,0.6071428571428571,0.7051282051282052,0.5604395604395604,True,0.2426470588235294,203996
1,2016,105.17010447361372,109.1456882699518,1569.0,2607.0,905.0,1191.0,1793.0,7466.0,7468.0,1456.0,641.0,429.0,382.0,1221.0,8151.0,7852.0,958.0,5280.0,653.0,0.53665568369028,0.3488943488943489,0.5888324873096447,94.08067197480096,0.4010152284263959,15.08398071256362,15.527986073915372,3810.0,0.5966209081309398,0.6935901121011785,0.6018411967779056,False,0.2849541826780963,203996
