index,year,ortg,drtg,AtRimFGM,AtRimFGA,AtRimAssists,Turnovers,FTA,OffPoss,DefPoss,TwoPtAssists,Steals,BadPassSteals,ThreePtAssists,FG3A,OpponentPoints,Points,SecondChancePoints,FG2A,LiveBallTurnovers,TsPct,Fg3Pct,AtRimFG3AFrequency,Pace,AtRimFrequency,SecondsPerPossOff,SecondsPerPossDef,Minutes,DefAtRimReboundPct,DefFGReboundPct,AtRimAccuracy,player_on,OffFGReboundPct,nba_id
0,2017,106.15058324496287,112.3819517313746,377.0,644.0,160.0,298.0,485.0,1886.0,1906.0,249.0,146.0,94.0,131.0,477.0,2142.0,2002.0,293.0,1208.0,142.0,0.5233718487394958,0.3228511530398323,0.6652818991097923,93.57667986221789,0.3821958456973294,15.365323435843054,15.411332633788035,973.0,0.6409090909090909,0.7397590361445783,0.5854037267080745,True,0.3303769401330377,203902
1,2017,109.66639544344996,107.12881022615537,1243.0,2053.0,669.0,933.0,1627.0,6145.0,6102.0,937.0,502.0,323.0,404.0,1639.0,6537.0,6739.0,924.0,3845.0,556.0,0.5418079096045197,0.3282489322757779,0.6732312180889861,98.35466546202882,0.37436177972283,13.862652563059395,15.424614880367091,2988.0,0.6609947643979057,0.7520949720670391,0.6054554310764735,False,0.3117367706919945,203902
