index,year,ortg,drtg,AtRimFGM,AtRimFGA,AtRimAssists,Turnovers,FTA,OffPoss,DefPoss,TwoPtAssists,Steals,BadPassSteals,ThreePtAssists,FG3A,OpponentPoints,Points,SecondChancePoints,FG2A,LiveBallTurnovers,TsPct,Fg3Pct,AtRimFG3AFrequency,Pace,AtRimFrequency,SecondsPerPossOff,SecondsPerPossDef,Minutes,DefAtRimReboundPct,DefFGReboundPct,AtRimAccuracy,player_on,OffFGReboundPct,nba_id
0,2016,112.0,96.0,3.0,3.0,3.0,4.0,4.0,25.0,25.0,6.0,3.0,1.0,3.0,7.0,24.0,28.0,,12.0,3.0,0.6666666666666666,0.5714285714285714,0.5263157894736842,102.12765957446808,0.1578947368421052,14.92,13.28,12.0,1.0,0.875,1.0,True,0.2222222222222222,203943
1,2016,109.58254269449716,107.4074074074074,168.0,264.0,75.0,118.0,295.0,1054.0,1053.0,145.0,82.0,57.0,82.0,266.0,1131.0,1155.0,151.0,674.0,65.0,0.5367441860465116,0.3533834586466165,0.5638297872340425,97.01294964028776,0.2808510638297872,14.627134724857685,15.05982905982906,521.0,0.5037593984962406,0.6924460431654677,0.6363636363636364,False,0.258,203943
2,2017,122.64150943396228,101.92307692307692,40.0,62.0,32.0,23.0,61.0,212.0,208.0,48.0,21.0,9.0,19.0,66.0,212.0,260.0,20.0,118.0,11.0,0.6108490566037735,0.3939393939393939,0.6956521739130435,100.53191489361704,0.3369565217391304,13.410377358490566,15.254807692307692,100.0,0.5384615384615384,0.7363636363636363,0.6451612903225806,True,0.2727272727272727,203943
3,2017,114.73684210526316,100.0,29.0,52.0,19.0,27.0,53.0,190.0,194.0,26.0,12.0,9.0,16.0,58.0,194.0,218.0,23.0,107.0,18.0,0.5802139037433155,0.4137931034482758,0.6666666666666666,100.46511627906976,0.3151515151515151,13.463157894736842,15.185567010309278,92.0,0.6428571428571429,0.7378640776699029,0.5576923076923077,False,0.2528735632183908,203943
4,2020,100.0,66.66666666666667,,,,1.0,,7.0,6.0,,,,1.0,2.0,4.0,7.0,,3.0,,0.7,0.5,0.4,99.5744680851064,,15.142857142857142,13.666666666666666,3.0,,0.5714285714285714,,True,,203943
5,2020,116.4237668161435,113.86249301285636,312.0,487.0,176.0,257.0,467.0,1784.0,1789.0,246.0,142.0,101.0,181.0,620.0,2037.0,2077.0,212.0,936.0,117.0,0.5889204545454545,0.3725806451612903,0.711439588688946,93.83425736796032,0.3129820051413882,15.182735426008968,15.509223029625488,914.0,0.6369426751592356,0.7328339575530587,0.6406570841889117,False,0.2654867256637168,203943
