index,year,ortg,drtg,AtRimFGM,AtRimFGA,AtRimAssists,Turnovers,FTA,OffPoss,DefPoss,TwoPtAssists,Steals,BadPassSteals,ThreePtAssists,FG3A,OpponentPoints,Points,SecondChancePoints,FG2A,LiveBallTurnovers,TsPct,Fg3Pct,AtRimFG3AFrequency,Pace,AtRimFrequency,SecondsPerPossOff,SecondsPerPossDef,Minutes,DefAtRimReboundPct,DefFGReboundPct,AtRimAccuracy,player_on,OffFGReboundPct,nba_id
0,2015,100.0,88.37209302325581,7.0,14.0,6.0,3.0,11.0,42.0,43.0,7.0,5.0,3.0,3.0,17.0,38.0,42.0,10.0,25.0,1.0,0.4468085106382978,0.2941176470588235,0.7380952380952381,94.0814757878555,0.3333333333333333,14.80952380952381,15.790697674418604,22.0,0.625,0.8,0.5,True,0.3703703703703703,203958
1,2015,107.04168352893564,104.43363071100298,1294.0,2111.0,731.0,1212.0,1894.0,7413.0,7398.0,1205.0,641.0,416.0,533.0,1870.0,7726.0,7935.0,1080.0,4611.0,641.0,0.540453737870712,0.353475935828877,0.6142570590958185,90.57984617279442,0.3257213392994908,15.493187643329286,16.30278453636118,3924.0,0.6191744340878829,0.7253012048192771,0.6129796305068688,False,0.3072674418604651,203958
