index,year,ortg,drtg,AtRimFGM,AtRimFGA,AtRimAssists,Turnovers,FTA,OffPoss,DefPoss,TwoPtAssists,Steals,BadPassSteals,ThreePtAssists,FG3A,OpponentPoints,Points,SecondChancePoints,FG2A,LiveBallTurnovers,TsPct,Fg3Pct,AtRimFG3AFrequency,Pace,AtRimFrequency,SecondsPerPossOff,SecondsPerPossDef,Minutes,DefAtRimReboundPct,DefFGReboundPct,AtRimAccuracy,player_on,OffFGReboundPct,nba_id
0,2016,109.7622027534418,104.32632880098888,147.0,247.0,83.0,124.0,200.0,799.0,809.0,130.0,75.0,53.0,73.0,236.0,844.0,877.0,98.0,448.0,58.0,0.5662337662337662,0.3432203389830508,0.706140350877193,97.73425628904272,0.3611111111111111,14.614518147684606,14.851668726823238,395.0,0.6739130434782609,0.7595307917888563,0.5951417004048583,True,0.2535211267605634,203934
1,2016,105.1489006401336,101.81488203266788,1312.0,2170.0,772.0,1102.0,1438.0,7186.0,7163.0,1240.0,672.0,439.0,657.0,2090.0,7293.0,7556.0,779.0,4149.0,648.0,0.5477925105638933,0.3511961722488038,0.6828017310466421,96.43325181548342,0.3478121493829139,14.387976621207905,15.478989250314116,3571.0,0.5793562708102109,0.7002237136465325,0.6046082949308755,False,0.2239927841250751,203934
2,2017,101.28205128205128,84.61538461538461,15.0,30.0,7.0,11.0,27.0,78.0,78.0,11.0,4.0,2.0,4.0,15.0,66.0,79.0,15.0,49.0,5.0,0.5202702702702703,0.2666666666666666,0.703125,92.74979355904212,0.46875,13.974358974358974,17.076923076923077,40.0,0.4444444444444444,0.7659574468085106,0.5,True,0.2432432432432432,203934
3,2017,105.55485577528655,106.66750693219058,1443.0,2404.0,828.0,1283.0,2011.0,7939.0,7934.0,1286.0,668.0,452.0,637.0,2122.0,8463.0,8380.0,1091.0,4732.0,733.0,0.53884873515746,0.3416588124410933,0.6603443244820543,96.79560257137776,0.3507440910417274,14.555989419322334,15.197630451222588,3936.0,0.5836298932384342,0.7277691107644306,0.6002495840266223,False,0.2729751840741751,203934
