index,year,ortg,drtg,AtRimFGM,AtRimFGA,AtRimAssists,Turnovers,FTA,OffPoss,DefPoss,TwoPtAssists,Steals,BadPassSteals,ThreePtAssists,FG3A,OpponentPoints,Points,SecondChancePoints,FG2A,LiveBallTurnovers,TsPct,Fg3Pct,AtRimFG3AFrequency,Pace,AtRimFrequency,SecondsPerPossOff,SecondsPerPossDef,Minutes,DefAtRimReboundPct,DefFGReboundPct,AtRimAccuracy,player_on,OffFGReboundPct,nba_id
0,2015,80.95238095238095,61.90476190476191,2.0,3.0,2.0,1.0,8.0,21.0,21.0,2.0,2.0,1.0,1.0,3.0,13.0,17.0,,12.0,1.0,0.4473684210526316,0.3333333333333333,0.4,101.1371237458194,0.2,10.38095238095238,18.09523809523809,10.0,0.8,0.5833333333333334,0.6666666666666666,True,0.2,203949
1,2015,100.30272452068616,108.28729281767956,294.0,513.0,158.0,299.0,540.0,1982.0,1991.0,309.0,177.0,110.0,106.0,467.0,2156.0,1988.0,247.0,1269.0,167.0,0.4979869149471565,0.30406852248394,0.5645161290322581,94.12523444440788,0.2955069124423963,16.30827447023209,14.293822199899548,1013.0,0.6153846153846154,0.7170212765957447,0.5730994152046783,False,0.2934010152284264,203949
2,2016,110.97560975609755,100.0,13.0,24.0,3.0,15.0,28.0,82.0,79.0,9.0,10.0,9.0,4.0,21.0,79.0,91.0,14.0,44.0,6.0,0.5759493670886076,0.3809523809523809,0.6923076923076923,102.22222222222224,0.3692307692307692,13.621951219512194,14.569620253164556,38.0,0.3333333333333333,0.8275862068965517,0.5416666666666666,True,0.46875,203949
3,2016,105.8015943312666,111.37777777777778,361.0,628.0,181.0,342.0,619.0,2258.0,2250.0,300.0,194.0,135.0,159.0,628.0,2506.0,2389.0,359.0,1393.0,185.0,0.5183006535947713,0.3375796178343949,0.6214745175655616,96.66904932094351,0.3107372587827808,15.305137289636846,14.485777777777775,1119.0,0.6653386454183267,0.7296538821328344,0.5748407643312102,False,0.3215859030837004,203949
4,2017,102.54237288135592,91.96428571428572,21.0,32.0,9.0,12.0,29.0,118.0,112.0,14.0,9.0,5.0,11.0,39.0,103.0,121.0,8.0,60.0,9.0,0.5353982300884956,0.358974358974359,0.7171717171717171,99.48933613697808,0.3232323232323232,13.686440677966102,15.303571428571429,55.0,0.6,0.7241379310344828,0.65625,True,0.2,203949
5,2017,106.27376425855512,121.52777777777776,271.0,468.0,125.0,226.0,391.0,1578.0,1584.0,199.0,133.0,92.0,118.0,471.0,1925.0,1677.0,206.0,946.0,139.0,0.5248584015103839,0.3397027600849256,0.662667607621736,99.7847954241634,0.3302752293577982,15.467680608365018,13.398358585858588,761.0,0.6506849315068494,0.7328358208955223,0.5790598290598291,False,0.2735257214554579,203949
