index,year,ortg,drtg,AtRimFGM,AtRimFGA,AtRimAssists,Turnovers,FTA,OffPoss,DefPoss,TwoPtAssists,Steals,BadPassSteals,ThreePtAssists,FG3A,OpponentPoints,Points,SecondChancePoints,FG2A,LiveBallTurnovers,TsPct,Fg3Pct,AtRimFG3AFrequency,Pace,AtRimFrequency,SecondsPerPossOff,SecondsPerPossDef,Minutes,DefAtRimReboundPct,DefFGReboundPct,AtRimAccuracy,player_on,OffFGReboundPct,nba_id
0,2015,104.76190476190476,111.84834123222748,37.0,55.0,20.0,25.0,64.0,210.0,211.0,29.0,14.0,7.0,21.0,61.0,236.0,220.0,29.0,112.0,9.0,0.541871921182266,0.360655737704918,0.6705202312138728,93.39701124634108,0.3179190751445087,15.709523809523809,15.127962085308058,108.0,0.6666666666666666,0.7659574468085106,0.6727272727272727,True,0.2553191489361702,203963
1,2015,103.68484523650008,103.76473740621653,1126.0,1991.0,583.0,1020.0,1887.0,7463.0,7464.0,1102.0,603.0,399.0,481.0,1652.0,7745.0,7738.0,938.0,4959.0,496.0,0.5179962395917271,0.3444309927360774,0.5510512781727424,92.7426877623841,0.3011647254575707,14.983250703470452,16.07033762057878,3863.0,0.6077922077922078,0.723568281938326,0.5655449522852838,False,0.257103825136612,203963
2,2016,91.56626506024097,84.33734939759036,11.0,21.0,7.0,13.0,20.0,83.0,83.0,9.0,7.0,3.0,7.0,23.0,70.0,76.0,7.0,41.0,7.0,0.5136986301369864,0.3478260869565217,0.6875,97.84690953745394,0.328125,14.373493975903614,15.060240963855422,41.0,0.5,0.7045454545454546,0.5238095238095238,True,0.1351351351351351,203963
3,2016,103.199291856348,105.0720971414116,1319.0,2235.0,674.0,1283.0,1881.0,7908.0,7906.0,1124.0,627.0,414.0,567.0,2012.0,8307.0,8161.0,1062.0,4886.0,734.0,0.5259177869700103,0.3334990059642147,0.6156857060017397,96.4443898575706,0.3240069585387068,15.035912999494183,14.825828484695167,3935.0,0.6718346253229974,0.7364028002154012,0.5901565995525727,False,0.2814402965316389,203963
