index,year,ortg,drtg,AtRimFGM,AtRimFGA,AtRimAssists,Turnovers,FTA,OffPoss,DefPoss,TwoPtAssists,Steals,BadPassSteals,ThreePtAssists,FG3A,OpponentPoints,Points,SecondChancePoints,FG2A,LiveBallTurnovers,TsPct,Fg3Pct,AtRimFG3AFrequency,Pace,AtRimFrequency,SecondsPerPossOff,SecondsPerPossDef,Minutes,DefAtRimReboundPct,DefFGReboundPct,AtRimAccuracy,player_on,OffFGReboundPct,nba_id
0,2015,105.63514804202484,97.26156751652502,155.0,277.0,74.0,173.0,283.0,1047.0,1059.0,156.0,76.0,52.0,71.0,209.0,1030.0,1106.0,184.0,705.0,106.0,0.5302303262955854,0.3588516746411483,0.5317286652078774,95.17449158925432,0.3030634573304157,14.811843361986629,15.444759206798867,531.0,0.6639344262295082,0.7277992277992278,0.5595667870036101,True,0.3347193347193347,203928
1,2015,104.33473810957254,108.96510228640192,1052.0,1767.0,587.0,960.0,1534.0,6644.0,6648.0,1078.0,500.0,298.0,411.0,1424.0,7244.0,6932.0,823.0,4466.0,537.0,0.5258305394696738,0.3272471910112359,0.5417657045840407,92.33405372028405,0.3,15.656381697772426,15.534747292418771,3455.0,0.5738786279683378,0.7055449330783938,0.5953593661573288,False,0.2621451104100946,203928
2,2016,101.98019801980196,107.92079207920791,19.0,33.0,9.0,16.0,21.0,101.0,101.0,13.0,8.0,8.0,8.0,28.0,109.0,103.0,17.0,64.0,7.0,0.5049019607843137,0.4285714285714285,0.6630434782608695,96.86313686313687,0.358695652173913,14.782178217821782,14.950495049504951,50.0,0.4666666666666667,0.6086956521739131,0.5757575757575758,True,0.3396226415094339,203928
3,2016,102.35588972431076,109.16384605741509,1344.0,2285.0,663.0,1394.0,1884.0,7980.0,7977.0,1074.0,624.0,417.0,606.0,2090.0,8708.0,8168.0,1132.0,4836.0,775.0,0.5247550283651367,0.3473684210526316,0.631677736066994,98.4253202945296,0.3299162575801328,14.623182957393484,14.637583051272408,3891.0,0.6416256157635468,0.7371541501976284,0.5881838074398249,False,0.2884012539184953,203928
