index,year,ortg,drtg,AtRimFGM,AtRimFGA,AtRimAssists,Turnovers,FTA,OffPoss,DefPoss,TwoPtAssists,Steals,BadPassSteals,ThreePtAssists,FG3A,OpponentPoints,Points,SecondChancePoints,FG2A,LiveBallTurnovers,TsPct,Fg3Pct,AtRimFG3AFrequency,Pace,AtRimFrequency,SecondsPerPossOff,SecondsPerPossDef,Minutes,DefAtRimReboundPct,DefFGReboundPct,AtRimAccuracy,player_on,OffFGReboundPct,nba_id
0,2015,98.96907216494846,104.32050274941084,166.0,290.0,86.0,210.0,280.0,1261.0,1273.0,195.0,117.0,70.0,74.0,259.0,1328.0,1248.0,169.0,838.0,132.0,0.5081699346405228,0.3629343629343629,0.5004557885141294,90.51571453377322,0.2643573381950775,16.224425059476605,15.596229379418697,672.0,0.5555555555555556,0.6870748299319728,0.5724137931034483,True,0.2679738562091503,204037
1,2015,100.30312699425654,111.19795820705056,861.0,1543.0,438.0,996.0,1295.0,6268.0,6269.0,1083.0,458.0,271.0,394.0,1355.0,6971.0,6287.0,849.0,4274.0,527.0,0.5054821025475653,0.3439114391143911,0.5148338958962515,91.20259463391716,0.2741161840468999,16.367900446713467,15.210240867762003,3299.0,0.5678191489361702,0.6964347525095189,0.55800388852884,False,0.2766773162939297,204037
2,2018,109.19037199124726,106.08695652173913,62.0,102.0,31.0,60.0,98.0,457.0,460.0,60.0,30.0,14.0,47.0,171.0,488.0,499.0,38.0,240.0,32.0,0.5472527472527473,0.3567251461988304,0.6642335766423357,96.62520122932824,0.2481751824817518,13.859956236323852,15.939130434782609,228.0,0.7,0.7916666666666666,0.6078431372549019,True,0.2217194570135746,204037
3,2018,107.3555840821566,108.97320856300476,1629.0,2547.0,852.0,1235.0,1812.0,7790.0,7801.0,1178.0,602.0,411.0,664.0,2213.0,8501.0,8363.0,1131.0,4624.0,651.0,0.5473843322818086,0.3438770899231812,0.6962117887962557,99.69643951437428,0.3725318121983326,13.901283697047496,14.985642866299193,3753.0,0.6136618141097424,0.7367136659436009,0.6395759717314488,False,0.2805995004163197,204037
