index,year,ortg,drtg,AtRimFGM,AtRimFGA,AtRimAssists,Turnovers,FTA,OffPoss,DefPoss,TwoPtAssists,Steals,BadPassSteals,ThreePtAssists,FG3A,OpponentPoints,Points,SecondChancePoints,FG2A,LiveBallTurnovers,TsPct,Fg3Pct,AtRimFG3AFrequency,Pace,AtRimFrequency,SecondsPerPossOff,SecondsPerPossDef,Minutes,DefAtRimReboundPct,DefFGReboundPct,AtRimAccuracy,player_on,OffFGReboundPct,nba_id
0,2015,90.13157894736842,113.24503311258276,34.0,54.0,15.0,32.0,34.0,152.0,151.0,20.0,13.0,11.0,7.0,36.0,171.0,137.0,16.0,92.0,21.0,0.479020979020979,0.2777777777777778,0.703125,102.1587450245844,0.421875,14.335526315789474,13.85430463576159,71.0,0.5,0.7377049180327869,0.6296296296296297,True,0.273972602739726,204079
1,2015,96.05655727072254,104.90424430641822,1358.0,2418.0,690.0,1421.0,1919.0,7709.0,7728.0,1058.0,776.0,460.0,598.0,2124.0,8107.0,7405.0,1112.0,4525.0,758.0,0.4922041577825159,0.3210922787193974,0.6831102421416755,95.2456199735206,0.3636637088283952,15.116098067194187,15.121506211180124,3890.0,0.6212278876170656,0.6906354515050167,0.5616211745244003,False,0.2877211238293444,204079
