index,year,ortg,drtg,AtRimFGM,AtRimFGA,AtRimAssists,Turnovers,FTA,OffPoss,DefPoss,TwoPtAssists,Steals,BadPassSteals,ThreePtAssists,FG3A,OpponentPoints,Points,SecondChancePoints,FG2A,LiveBallTurnovers,TsPct,Fg3Pct,AtRimFG3AFrequency,Pace,AtRimFrequency,SecondsPerPossOff,SecondsPerPossDef,Minutes,DefAtRimReboundPct,DefFGReboundPct,AtRimAccuracy,player_on,OffFGReboundPct,nba_id
0,2016,112.05821205821206,107.08333333333331,64.0,102.0,34.0,83.0,139.0,481.0,480.0,59.0,37.0,21.0,51.0,153.0,514.0,539.0,51.0,231.0,47.0,0.6006711409395973,0.4183006535947712,0.6640625,94.42784032753326,0.265625,14.964656964656964,15.535416666666666,244.0,0.5063291139240507,0.6422764227642277,0.6274509803921569,True,0.2653061224489796,204098
1,2016,107.78085991678223,105.60488346281907,1157.0,1923.0,633.0,1244.0,1968.0,7210.0,7208.0,1080.0,539.0,343.0,602.0,2032.0,7612.0,7771.0,921.0,4043.0,677.0,0.556203223949338,0.3607283464566929,0.6510288065843621,92.9756163095318,0.3165432098765432,15.032177531206658,15.943812430632631,3722.0,0.6195995785036881,0.7100456621004566,0.6016640665626625,False,0.286335403726708,204098
2,2018,116.27906976744184,90.47619047619048,8.0,10.0,4.0,5.0,11.0,43.0,42.0,6.0,4.0,1.0,5.0,11.0,38.0,50.0,5.0,22.0,2.0,0.6756756756756757,0.4545454545454545,0.6363636363636364,98.3132530120482,0.303030303030303,13.930232558139537,15.38095238095238,21.0,0.6666666666666666,0.6842105263157895,0.8,True,0.2,204098
3,2018,110.66480233888394,110.4995551035973,1586.0,2494.0,871.0,1272.0,1915.0,7867.0,7867.0,1230.0,581.0,380.0,698.0,2215.0,8693.0,8706.0,1077.0,4616.0,719.0,0.5661879895561358,0.3720090293453724,0.6893573415312546,95.71408655978708,0.3651002781437564,15.574297699250032,14.515317147578491,3945.0,0.663003663003663,0.7670240509997103,0.6359262229350441,False,0.2827683615819209,204098
