index,year,ortg,drtg,AtRimFGM,AtRimFGA,AtRimAssists,Turnovers,FTA,OffPoss,DefPoss,TwoPtAssists,Steals,BadPassSteals,ThreePtAssists,FG3A,OpponentPoints,Points,SecondChancePoints,FG2A,LiveBallTurnovers,TsPct,Fg3Pct,AtRimFG3AFrequency,Pace,AtRimFrequency,SecondsPerPossOff,SecondsPerPossDef,Minutes,DefAtRimReboundPct,DefFGReboundPct,AtRimAccuracy,player_on,OffFGReboundPct,nba_id
0,2016,90.41916167664672,115.11627906976744,31.0,51.0,15.0,34.0,33.0,167.0,172.0,24.0,19.0,10.0,6.0,26.0,198.0,151.0,24.0,114.0,23.0,0.483974358974359,0.3076923076923077,0.55,91.2448598130841,0.3642857142857142,15.74251497005988,15.819767441860463,89.0,0.7692307692307693,0.7384615384615385,0.6078431372549019,True,0.2763157894736842,204098
1,2016,91.05263157894736,113.22751322751324,29.0,74.0,13.0,28.0,37.0,190.0,189.0,26.0,12.0,7.0,10.0,38.0,214.0,173.0,23.0,147.0,16.0,0.4232673267326732,0.2894736842105263,0.6054054054054054,88.45380875202594,0.4,16.657894736842106,15.8994708994709,103.0,0.7777777777777778,0.8072289156626506,0.3918918918918919,False,0.3277310924369748,204098
