index,year,ortg,drtg,AtRimFGM,AtRimFGA,AtRimAssists,Turnovers,FTA,OffPoss,DefPoss,TwoPtAssists,Steals,BadPassSteals,ThreePtAssists,FG3A,OpponentPoints,Points,SecondChancePoints,FG2A,LiveBallTurnovers,TsPct,Fg3Pct,AtRimFG3AFrequency,Pace,AtRimFrequency,SecondsPerPossOff,SecondsPerPossDef,Minutes,DefAtRimReboundPct,DefFGReboundPct,AtRimAccuracy,player_on,OffFGReboundPct,nba_id
0,2016,112.751677852349,115.58441558441558,32.0,49.0,19.0,30.0,25.0,149.0,154.0,23.0,12.0,10.0,16.0,37.0,178.0,168.0,25.0,86.0,18.0,0.6278195488721805,0.4864864864864865,0.6991869918699187,100.11932078935293,0.3983739837398374,14.087248322147651,14.668831168831169,73.0,0.5714285714285714,0.7272727272727273,0.6530612244897959,True,0.2678571428571428,204002
1,2016,105.47473200612558,101.80353031465847,1427.0,2368.0,836.0,1196.0,1613.0,7836.0,7818.0,1347.0,735.0,482.0,714.0,2289.0,7959.0,8265.0,852.0,4511.0,688.0,0.5482666666666667,0.3481869812145041,0.6848529411764706,96.49643410587238,0.348235294117647,14.416794282797346,15.430033256587365,3893.0,0.5883554647599591,0.7050116852765516,0.6026182432432432,False,0.2262068965517241,204002
2,2017,100.0,28.571428571428573,1.0,1.0,1.0,1.0,4.0,8.0,7.0,2.0,,,,1.0,2.0,8.0,2.0,4.0,1.0,0.5714285714285714,,0.4,100.0,0.2,12.75,16.285714285714285,4.0,1.0,0.8333333333333334,1.0,True,,204002
3,2017,105.51879135972032,106.5209244222361,1457.0,2433.0,834.0,1293.0,2034.0,8009.0,8005.0,1295.0,672.0,454.0,641.0,2136.0,8527.0,8451.0,1104.0,4777.0,737.0,0.5386436340371081,0.3412921348314606,0.6609286850860697,96.75158594300676,0.3519456097208158,14.552128855038085,15.214990630855716,3972.0,0.5811764705882353,0.7280679187033702,0.5988491574188245,False,0.2728254997298757,204002
4,2017,111.36363636363636,102.27272727272728,5.0,7.0,3.0,6.0,18.0,44.0,44.0,7.0,2.0,2.0,4.0,18.0,45.0,49.0,8.0,21.0,2.0,0.5444444444444444,0.2777777777777778,0.6410256410256411,88.0,0.1794871794871795,16.636363636363637,16.09090909090909,24.0,0.5,0.782608695652174,0.7142857142857143,True,0.2608695652173913,204002
5,2017,114.15704680959026,110.78443796730453,1342.0,2073.0,657.0,1113.0,1895.0,7883.0,7891.0,966.0,537.0,369.0,881.0,2761.0,8742.0,8999.0,938.0,4163.0,596.0,0.5793866459627329,0.3846432452010141,0.6981513575967648,95.79352226720648,0.2993934142114385,15.121527337308132,14.943226460524649,3952.0,0.6084905660377359,0.7269651223321187,0.6473709599614086,False,0.2610273590173088,204002
