index,year,ortg,drtg,AtRimFGM,AtRimFGA,AtRimAssists,Turnovers,FTA,OffPoss,DefPoss,TwoPtAssists,Steals,BadPassSteals,ThreePtAssists,FG3A,OpponentPoints,Points,SecondChancePoints,FG2A,LiveBallTurnovers,TsPct,Fg3Pct,AtRimFG3AFrequency,Pace,AtRimFrequency,SecondsPerPossOff,SecondsPerPossDef,Minutes,DefAtRimReboundPct,DefFGReboundPct,AtRimAccuracy,player_on,OffFGReboundPct,nba_id
0,2003,109.25925925925924,92.72727272727272,23.0,41.0,13.0,21.0,19.0,108.0,110.0,21.0,14.0,9.0,6.0,24.0,102.0,118.0,22.0,76.0,8.0,0.5416666666666666,0.4583333333333333,0.65,86.88624411846111,0.41,17.287037037037038,15.872727272727271,60.0,0.6190476190476191,0.6538461538461539,0.5609756097560976,True,0.3529411764705882,2040
1,2003,104.52380952380952,110.71428571428572,69.0,113.0,42.0,67.0,133.0,420.0,420.0,71.0,30.0,16.0,22.0,79.0,465.0,439.0,65.0,284.0,39.0,0.516548463356974,0.3417721518987341,0.5289256198347108,88.50515841077046,0.3112947658402203,16.33809523809524,16.202380952380953,228.0,0.44,0.6632124352331606,0.6106194690265486,False,0.3383084577114428,2040
