index,year,ortg,drtg,AtRimFGM,AtRimFGA,AtRimAssists,Turnovers,FTA,OffPoss,DefPoss,TwoPtAssists,Steals,BadPassSteals,ThreePtAssists,FG3A,OpponentPoints,Points,SecondChancePoints,FG2A,LiveBallTurnovers,TsPct,Fg3Pct,AtRimFG3AFrequency,Pace,AtRimFrequency,SecondsPerPossOff,SecondsPerPossDef,Minutes,DefAtRimReboundPct,DefFGReboundPct,AtRimAccuracy,player_on,OffFGReboundPct,nba_id
0,2015,100.0,116.66666666666669,1.0,1.0,,1.0,2.0,6.0,6.0,1.0,,,,1.0,7.0,6.0,2.0,4.0,,0.5,,0.4,107.32919254658384,0.2,14.333333333333334,12.5,3.0,,1.0,1.0,True,0.6666666666666666,204021
1,2015,109.19700621590763,105.6630185797913,1327.0,2028.0,726.0,1057.0,1896.0,7883.0,7858.0,1312.0,712.0,419.0,599.0,2054.0,8303.0,8608.0,1119.0,5035.0,550.0,0.5409194240969942,0.3495618305744888,0.5758216955847087,95.20006383899134,0.2860770207363521,15.075352023341368,15.176889793840672,3968.0,0.5897714907508161,0.6954415954415955,0.6543392504930966,False,0.2779544250132485,204021
