index,year,ortg,drtg,AtRimFGM,AtRimFGA,AtRimAssists,Turnovers,FTA,OffPoss,DefPoss,TwoPtAssists,Steals,BadPassSteals,ThreePtAssists,FG3A,OpponentPoints,Points,SecondChancePoints,FG2A,LiveBallTurnovers,TsPct,Fg3Pct,AtRimFG3AFrequency,Pace,AtRimFrequency,SecondsPerPossOff,SecondsPerPossDef,Minutes,DefAtRimReboundPct,DefFGReboundPct,AtRimAccuracy,player_on,OffFGReboundPct,nba_id
0,2018,82.92682926829268,135.0,7.0,13.0,3.0,9.0,4.0,41.0,40.0,4.0,1.0,1.0,2.0,10.0,54.0,34.0,6.0,21.0,5.0,0.5151515151515151,0.3,0.7419354838709677,103.3126660761736,0.4193548387096774,15.585365853658535,12.25,19.0,0.5,0.6470588235294118,0.5384615384615384,True,0.2941176470588235,204028
1,2018,110.61946902654869,108.01017164653528,271.0,432.0,141.0,196.0,374.0,1582.0,1573.0,174.0,137.0,88.0,140.0,666.0,1699.0,1750.0,192.0,753.0,110.0,0.553582752060875,0.3378378378378378,0.773784355179704,94.9844243273191,0.3044397463002114,15.52149178255373,14.797202797202797,797.0,0.6829268292682927,0.7631578947368421,0.6273148148148148,False,0.238095238095238,204028
