index,year,ortg,drtg,AtRimFGM,AtRimFGA,AtRimAssists,Turnovers,FTA,OffPoss,DefPoss,TwoPtAssists,Steals,BadPassSteals,ThreePtAssists,FG3A,OpponentPoints,Points,SecondChancePoints,FG2A,LiveBallTurnovers,TsPct,Fg3Pct,AtRimFG3AFrequency,Pace,AtRimFrequency,SecondsPerPossOff,SecondsPerPossDef,Minutes,DefAtRimReboundPct,DefFGReboundPct,AtRimAccuracy,player_on,OffFGReboundPct,nba_id
0,2018,108.33333333333331,133.33333333333334,4.0,7.0,2.0,,,12.0,12.0,2.0,,,1.0,1.0,16.0,13.0,2.0,11.0,,0.5416666666666666,1.0,0.6666666666666666,99.8843930635838,0.5833333333333334,16.5,12.333333333333334,6.0,0.3333333333333333,0.6666666666666666,0.5714285714285714,True,0.1666666666666666,204065
1,2018,107.46691871455576,105.4131054131054,164.0,276.0,87.0,139.0,232.0,1058.0,1053.0,115.0,103.0,71.0,82.0,354.0,1110.0,1137.0,132.0,587.0,83.0,0.5421052631578948,0.3615819209039548,0.6695005313496281,97.0141060828493,0.2933049946865037,14.673913043478262,15.01329534662868,522.0,0.6692913385826772,0.7443298969072165,0.5942028985507246,False,0.2344961240310077,204065
