index,year,ortg,drtg,AtRimFGM,AtRimFGA,AtRimAssists,Turnovers,FTA,OffPoss,DefPoss,TwoPtAssists,Steals,BadPassSteals,ThreePtAssists,FG3A,OpponentPoints,Points,SecondChancePoints,FG2A,LiveBallTurnovers,TsPct,Fg3Pct,AtRimFG3AFrequency,Pace,AtRimFrequency,SecondsPerPossOff,SecondsPerPossDef,Minutes,DefAtRimReboundPct,DefFGReboundPct,AtRimAccuracy,player_on,OffFGReboundPct,nba_id
0,2015,105.51181102362204,96.03174603174604,26.0,29.0,16.0,21.0,29.0,127.0,126.0,21.0,9.0,6.0,11.0,43.0,121.0,134.0,22.0,59.0,11.0,0.5826086956521739,0.2790697674418604,0.7058823529411765,98.27893175074183,0.284313725490196,15.283464566929132,14.015873015873016,62.0,0.4666666666666667,0.734375,0.896551724137931,True,0.25,204054
1,2015,107.0278384279476,104.48393711551606,1275.0,2096.0,721.0,1194.0,1876.0,7328.0,7315.0,1191.0,637.0,413.0,525.0,1844.0,7643.0,7843.0,1068.0,4577.0,631.0,0.5391778176300179,0.3546637744034707,0.6136115869802211,90.47693014035434,0.3264289051549603,15.492903930131003,16.339166097060833,3884.0,0.6223118279569892,0.7255799755799756,0.6083015267175572,False,0.3086383601756954,204054
2,2015,96.29629629629628,85.71428571428571,2.0,2.0,,3.0,8.0,27.0,28.0,1.0,3.0,2.0,1.0,8.0,24.0,26.0,5.0,13.0,2.0,0.52,0.375,0.4761904761904761,98.26302729528535,0.0952380952380952,16.037037037037038,13.321428571428571,13.0,0.6666666666666666,0.7333333333333333,1.0,True,0.3636363636363636,204054
3,2015,106.360201511335,105.46668346139312,1449.0,2365.0,747.0,1273.0,2022.0,7940.0,7939.0,1234.0,648.0,421.0,498.0,1790.0,8373.0,8445.0,1184.0,5161.0,698.0,0.5346938775510204,0.3519553072625698,0.59775571860164,96.17402861781504,0.3402388145590562,15.273929471032746,14.671747071419574,3963.0,0.6257378984651711,0.7300482056775576,0.6126849894291755,False,0.2949234488315874,204054
