index,year,ortg,drtg,AtRimFGM,AtRimFGA,AtRimAssists,Turnovers,FTA,OffPoss,DefPoss,TwoPtAssists,Steals,BadPassSteals,ThreePtAssists,FG3A,OpponentPoints,Points,SecondChancePoints,FG2A,LiveBallTurnovers,TsPct,Fg3Pct,AtRimFG3AFrequency,Pace,AtRimFrequency,SecondsPerPossOff,SecondsPerPossDef,Minutes,DefAtRimReboundPct,DefFGReboundPct,AtRimAccuracy,player_on,OffFGReboundPct,nba_id
0,2016,107.08333333333331,112.05821205821206,99.0,179.0,42.0,63.0,139.0,480.0,481.0,71.0,47.0,28.0,22.0,88.0,539.0,514.0,84.0,359.0,37.0,0.503960396039604,0.3295454545454545,0.5973154362416108,94.42784032753326,0.4004474272930649,15.535416666666666,14.964656964656964,244.0,0.5789473684210527,0.7346938775510204,0.553072625698324,True,0.3577235772357723,204098
1,2016,105.60488346281907,107.78085991678223,1243.0,2201.0,598.0,1028.0,1884.0,7208.0,7210.0,1192.0,677.0,440.0,412.0,1433.0,7771.0,7612.0,976.0,4979.0,539.0,0.5218262190910347,0.3314724354501047,0.5667498440424205,92.9756163095318,0.3432626325639426,15.943812430632631,15.032177531206658,3722.0,0.6248348745046235,0.7136645962732919,0.5647432985006815,False,0.2899543378995434,204098
2,2018,90.47619047619048,116.27906976744184,5.0,11.0,2.0,10.0,13.0,42.0,43.0,5.0,2.0,2.0,4.0,9.0,50.0,38.0,5.0,23.0,4.0,0.5,0.4444444444444444,0.625,98.3132530120482,0.34375,15.38095238095238,13.930232558139537,21.0,1.0,0.8,0.4545454545454545,True,0.3157894736842105,204098
3,2018,110.4995551035973,110.66480233888394,1518.0,2345.0,845.0,1127.0,1902.0,7867.0,7867.0,1266.0,719.0,511.0,630.0,2015.0,8706.0,8693.0,867.0,4759.0,581.0,0.5693858724301529,0.3543424317617866,0.6436374372601122,95.71408655978708,0.3461765574254502,14.515317147578491,15.574297699250032,3945.0,0.6020066889632107,0.7172316384180791,0.6473347547974414,False,0.2329759490002897,204098
