index,year,ortg,drtg,AtRimFGM,AtRimFGA,AtRimAssists,Turnovers,FTA,OffPoss,DefPoss,TwoPtAssists,Steals,BadPassSteals,ThreePtAssists,FG3A,OpponentPoints,Points,SecondChancePoints,FG2A,LiveBallTurnovers,TsPct,Fg3Pct,AtRimFG3AFrequency,Pace,AtRimFrequency,SecondsPerPossOff,SecondsPerPossDef,Minutes,DefAtRimReboundPct,DefFGReboundPct,AtRimAccuracy,player_on,OffFGReboundPct,nba_id
0,2016,115.11627906976744,90.41916167664672,26.0,39.0,14.0,32.0,44.0,172.0,167.0,28.0,23.0,15.0,18.0,42.0,151.0,198.0,21.0,97.0,19.0,0.6194968553459119,0.5238095238095238,0.5827338129496403,91.2448598130841,0.2805755395683453,15.819767441860463,15.74251497005988,89.0,0.5,0.7236842105263158,0.6666666666666666,True,0.2615384615384615,204098
1,2016,113.22751322751324,91.05263157894736,33.0,52.0,13.0,23.0,47.0,189.0,190.0,22.0,16.0,11.0,18.0,45.0,173.0,214.0,17.0,121.0,12.0,0.572972972972973,0.4222222222222222,0.5843373493975904,88.45380875202594,0.3132530120481928,15.8994708994709,16.657894736842106,103.0,0.5333333333333333,0.6722689075630253,0.6346153846153846,False,0.1927710843373494,204098
