index,year,ortg,drtg,AtRimFGM,AtRimFGA,AtRimAssists,Turnovers,FTA,OffPoss,DefPoss,TwoPtAssists,Steals,BadPassSteals,ThreePtAssists,FG3A,OpponentPoints,Points,SecondChancePoints,FG2A,LiveBallTurnovers,TsPct,Fg3Pct,AtRimFG3AFrequency,Pace,AtRimFrequency,SecondsPerPossOff,SecondsPerPossDef,Minutes,DefAtRimReboundPct,DefFGReboundPct,AtRimAccuracy,player_on,OffFGReboundPct,nba_id
0,2003,92.72727272727272,109.25925925925924,15.0,36.0,6.0,25.0,35.0,110.0,108.0,11.0,8.0,2.0,7.0,24.0,118.0,102.0,14.0,64.0,14.0,0.4857142857142857,0.375,0.6818181818181818,86.88624411846111,0.4090909090909091,15.872727272727271,17.287037037037038,60.0,0.5555555555555556,0.6470588235294118,0.4166666666666667,True,0.3461538461538461,2040
1,2003,110.71428571428572,104.52380952380952,75.0,125.0,39.0,61.0,135.0,420.0,420.0,87.0,39.0,19.0,13.0,50.0,439.0,465.0,71.0,316.0,30.0,0.5398126463700235,0.34,0.4781420765027322,88.50515841077046,0.3415300546448087,16.202380952380953,16.33809523809524,228.0,0.5454545454545454,0.6616915422885572,0.6,False,0.3367875647668393,2040
