index,year,ortg,drtg,AtRimFGM,AtRimFGA,AtRimAssists,Turnovers,FTA,OffPoss,DefPoss,TwoPtAssists,Steals,BadPassSteals,ThreePtAssists,FG3A,OpponentPoints,Points,SecondChancePoints,FG2A,LiveBallTurnovers,TsPct,Fg3Pct,AtRimFG3AFrequency,Pace,AtRimFrequency,SecondsPerPossOff,SecondsPerPossDef,Minutes,DefAtRimReboundPct,DefFGReboundPct,AtRimAccuracy,player_on,OffFGReboundPct,nba_id
0,2018,119.86754966887418,129.05405405405406,26.0,41.0,15.0,22.0,41.0,151.0,148.0,22.0,8.0,8.0,21.0,60.0,191.0,181.0,24.0,68.0,15.0,0.6198630136986302,0.4,0.7890625,95.5525965379494,0.3203125,14.90728476821192,15.236486486486486,75.0,0.5333333333333333,0.6825396825396826,0.6341463414634146,True,0.25,204179
1,2018,111.369610935857,104.7819786589382,1323.0,2065.0,722.0,1189.0,2155.0,7608.0,7591.0,1066.0,654.0,449.0,707.0,2317.0,7954.0,8473.0,945.0,4142.0,598.0,0.570239545269996,0.36685369011653,0.6784331939928782,94.35732947049846,0.3197089332714042,14.842928496319663,15.680279278092478,3866.0,0.632630410654828,0.7391666666666666,0.6406779661016949,False,0.2761259935236974,204179
