index,year,ortg,drtg,AtRimFGM,AtRimFGA,AtRimAssists,Turnovers,FTA,OffPoss,DefPoss,TwoPtAssists,Steals,BadPassSteals,ThreePtAssists,FG3A,OpponentPoints,Points,SecondChancePoints,FG2A,LiveBallTurnovers,TsPct,Fg3Pct,AtRimFG3AFrequency,Pace,AtRimFrequency,SecondsPerPossOff,SecondsPerPossDef,Minutes,DefAtRimReboundPct,DefFGReboundPct,AtRimAccuracy,player_on,OffFGReboundPct,nba_id
0,2003,98.6842105263158,96.05263157894736,17.0,30.0,9.0,16.0,16.0,76.0,76.0,12.0,8.0,3.0,3.0,11.0,73.0,75.0,17.0,59.0,8.0,0.4802631578947368,0.4545454545454545,0.5857142857142857,92.31547870097006,0.4285714285714285,15.93421052631579,15.263157894736842,40.0,0.5,0.5454545454545454,0.5666666666666667,True,0.375,2042
1,2003,106.63716814159292,108.81057268722466,75.0,124.0,46.0,72.0,136.0,452.0,454.0,80.0,36.0,22.0,25.0,92.0,494.0,482.0,70.0,301.0,39.0,0.5285714285714286,0.358695652173913,0.549618320610687,87.50687504192099,0.3155216284987277,16.63274336283186,16.279735682819382,248.0,0.4918032786885246,0.6792452830188679,0.6048387096774194,False,0.3349056603773584,2042
2,2003,106.63716814159292,108.81057268722466,75.0,124.0,46.0,72.0,136.0,452.0,454.0,80.0,36.0,22.0,25.0,92.0,494.0,482.0,70.0,301.0,39.0,0.5285714285714286,0.358695652173913,0.549618320610687,87.50687504192099,0.3155216284987277,16.63274336283186,16.279735682819382,248.0,0.4918032786885246,0.6792452830188679,0.6048387096774194,False,0.3349056603773584,2042
