index,year,ortg,drtg,AtRimFGM,AtRimFGA,AtRimAssists,Turnovers,FTA,OffPoss,DefPoss,TwoPtAssists,Steals,BadPassSteals,ThreePtAssists,FG3A,OpponentPoints,Points,SecondChancePoints,FG2A,LiveBallTurnovers,TsPct,Fg3Pct,AtRimFG3AFrequency,Pace,AtRimFrequency,SecondsPerPossOff,SecondsPerPossDef,Minutes,DefAtRimReboundPct,DefFGReboundPct,AtRimAccuracy,player_on,OffFGReboundPct,nba_id
0,2003,96.05263157894736,98.6842105263158,12.0,22.0,3.0,17.0,37.0,76.0,76.0,9.0,8.0,2.0,2.0,10.0,75.0,73.0,19.0,47.0,8.0,0.4866666666666667,0.3,0.5614035087719298,92.31547870097006,0.3859649122807017,15.263157894736842,15.93421052631579,40.0,0.4615384615384615,0.625,0.5454545454545454,True,0.4545454545454545,2042
1,2003,108.81057268722466,106.63716814159292,78.0,139.0,42.0,69.0,133.0,454.0,452.0,89.0,39.0,19.0,18.0,64.0,482.0,494.0,66.0,333.0,36.0,0.5361050328227571,0.359375,0.5113350125944585,87.50687504192099,0.3501259445843829,16.279735682819382,16.63274336283186,248.0,0.5714285714285714,0.6650943396226415,0.5611510791366906,False,0.320754716981132,2042
