index,year,ortg,drtg,AtRimFGM,AtRimFGA,AtRimAssists,Turnovers,FTA,OffPoss,DefPoss,TwoPtAssists,Steals,BadPassSteals,ThreePtAssists,FG3A,OpponentPoints,Points,SecondChancePoints,FG2A,LiveBallTurnovers,TsPct,Fg3Pct,AtRimFG3AFrequency,Pace,AtRimFrequency,SecondsPerPossOff,SecondsPerPossDef,Minutes,DefAtRimReboundPct,DefFGReboundPct,AtRimAccuracy,player_on,OffFGReboundPct,nba_id
0,2002,113.07901907356948,98.66310160427808,76.0,105.0,37.0,42.0,117.0,367.0,374.0,54.0,24.0,16.0,19.0,64.0,369.0,415.0,47.0,259.0,16.0,0.548,0.390625,0.5232198142414861,86.56822975823462,0.3250773993808049,16.272479564032697,16.989304812834224,205.0,0.7352941176470589,0.7360406091370558,0.7238095238095238,True,0.2923976608187134,2046
1,2002,119.64285714285714,124.0,8.0,13.0,5.0,7.0,17.0,56.0,50.0,10.0,5.0,4.0,5.0,10.0,62.0,67.0,13.0,47.0,4.0,0.5238095238095238,0.5,0.4035087719298245,73.59691417550626,0.2280701754385964,19.892857142857142,19.2,35.0,0.6,0.4074074074074074,0.6153846153846154,False,0.4,2046
2,2003,108.92857142857144,109.81912144702842,70.0,121.0,46.0,69.0,120.0,392.0,387.0,88.0,20.0,12.0,16.0,49.0,425.0,427.0,52.0,274.0,28.0,0.5641711229946524,0.3877551020408163,0.5263157894736842,91.66203628043796,0.3746130030959752,15.558673469387756,15.863049095607234,204.0,0.6511627906976745,0.76,0.5785123966942148,True,0.3109756097560975,2046
3,2003,114.11042944785277,98.1818181818182,34.0,52.0,18.0,26.0,68.0,163.0,165.0,31.0,11.0,7.0,11.0,37.0,162.0,186.0,50.0,114.0,15.0,0.505524861878453,0.2972972972972973,0.5894039735099338,88.41632347435417,0.3443708609271523,16.11042944785276,16.46060606060606,89.0,0.4375,0.6923076923076923,0.6538461538461539,False,0.4705882352941176,2046
4,2004,107.10382513661202,98.36065573770492,71.0,133.0,45.0,55.0,104.0,366.0,366.0,75.0,35.0,19.0,17.0,70.0,360.0,392.0,52.0,260.0,31.0,0.5172413793103449,0.3142857142857143,0.6151515151515151,88.87689713322092,0.403030303030303,16.972677595628415,15.431693989071038,198.0,0.65,0.6741573033707865,0.5338345864661654,True,0.3463687150837989,2046
5,2004,117.85714285714286,80.0,21.0,24.0,15.0,15.0,22.0,84.0,85.0,23.0,13.0,5.0,5.0,14.0,68.0,99.0,13.0,56.0,10.0,0.6111111111111112,0.3571428571428571,0.5428571428571428,95.81102362204724,0.3428571428571428,14.86904761904762,15.188235294117646,42.0,0.8,0.7804878048780488,0.875,False,0.4516129032258064,2046
