index,year,ortg,drtg,AtRimFGM,AtRimFGA,AtRimAssists,Turnovers,FTA,OffPoss,DefPoss,TwoPtAssists,Steals,BadPassSteals,ThreePtAssists,FG3A,OpponentPoints,Points,SecondChancePoints,FG2A,LiveBallTurnovers,TsPct,Fg3Pct,AtRimFG3AFrequency,Pace,AtRimFrequency,SecondsPerPossOff,SecondsPerPossDef,Minutes,DefAtRimReboundPct,DefFGReboundPct,AtRimAccuracy,player_on,OffFGReboundPct,nba_id
0,2002,98.66310160427808,113.07901907356948,50.0,84.0,24.0,44.0,78.0,374.0,367.0,59.0,16.0,12.0,19.0,53.0,415.0,369.0,47.0,292.0,24.0,0.481578947368421,0.3962264150943396,0.3971014492753623,86.56822975823462,0.2434782608695652,16.989304812834224,16.272479564032697,205.0,0.6896551724137931,0.7076023391812866,0.5952380952380952,True,0.2639593908629442,2046
1,2002,124.0,119.64285714285714,12.0,17.0,4.0,9.0,17.0,50.0,56.0,6.0,4.0,1.0,3.0,8.0,67.0,62.0,12.0,45.0,5.0,0.5081967213114754,0.375,0.4716981132075472,73.59691417550626,0.320754716981132,19.2,19.892857142857142,35.0,0.2,0.6,0.7058823529411765,False,0.5925925925925926,2046
2,2003,109.81912144702842,108.92857142857144,57.0,101.0,28.0,49.0,104.0,387.0,392.0,59.0,28.0,17.0,25.0,68.0,427.0,425.0,40.0,267.0,20.0,0.5565789473684211,0.4117647058823529,0.5044776119402985,91.66203628043796,0.3014925373134328,15.863049095607234,15.558673469387756,204.0,0.5882352941176471,0.6890243902439024,0.5643564356435643,True,0.24,2046
3,2003,98.1818181818182,114.11042944785277,29.0,45.0,16.0,31.0,45.0,165.0,163.0,28.0,15.0,9.0,9.0,34.0,186.0,162.0,15.0,108.0,11.0,0.4938650306748466,0.2941176470588235,0.5563380281690141,88.41632347435417,0.3169014084507042,16.46060606060606,16.11042944785276,89.0,0.4444444444444444,0.5294117647058824,0.6444444444444445,False,0.3076923076923077,2046
4,2004,98.36065573770492,107.10382513661202,56.0,118.0,34.0,65.0,86.0,366.0,366.0,68.0,31.0,16.0,15.0,52.0,392.0,360.0,43.0,271.0,35.0,0.4972299168975069,0.3653846153846153,0.5263157894736842,88.87689713322092,0.3653250773993808,15.431693989071038,16.972677595628415,198.0,0.5081967213114754,0.6536312849162011,0.4745762711864407,True,0.3258426966292135,2046
5,2004,80.0,117.85714285714286,12.0,22.0,8.0,17.0,22.0,85.0,84.0,15.0,10.0,8.0,5.0,20.0,99.0,68.0,10.0,46.0,13.0,0.4473684210526316,0.25,0.6363636363636364,95.81102362204724,0.3333333333333333,15.188235294117646,14.86904761904762,42.0,,0.5483870967741935,0.5454545454545454,False,0.2195121951219512,2046
