index,year,ortg,drtg,AtRimFGM,AtRimFGA,AtRimAssists,Turnovers,FTA,OffPoss,DefPoss,TwoPtAssists,Steals,BadPassSteals,ThreePtAssists,FG3A,OpponentPoints,Points,SecondChancePoints,FG2A,LiveBallTurnovers,TsPct,Fg3Pct,AtRimFG3AFrequency,Pace,AtRimFrequency,SecondsPerPossOff,SecondsPerPossDef,Minutes,DefAtRimReboundPct,DefFGReboundPct,AtRimAccuracy,player_on,OffFGReboundPct,nba_id
0,2001,105.33562822719448,93.98954703832752,218.0,315.0,130.0,204.0,340.0,1162.0,1148.0,280.0,93.0,57.0,42.0,164.0,1079.0,1224.0,199.0,811.0,109.0,0.5380530973451327,0.2804878048780488,0.4912820512820512,88.2147024504084,0.3230769230769231,15.471600688468158,17.186411149825783,628.0,0.5882352941176471,0.718804920913884,0.692063492063492,True,0.3353658536585366,2062
1,2001,107.4198717948718,97.55395683453236,1117.0,1814.0,643.0,1013.0,1862.0,6240.0,6255.0,1353.0,542.0,338.0,257.0,809.0,6102.0,6703.0,915.0,4546.0,566.0,0.5382937469704314,0.3708281829419035,0.4898225957049486,89.71638278351749,0.3387488328664799,15.46522435897436,16.63453237410072,3343.0,0.5798816568047337,0.7004289013526889,0.6157662624035282,False,0.3245771860381432,2062
2,2002,104.03863037752414,100.26338893766462,192.0,317.0,115.0,189.0,285.0,1139.0,1139.0,261.0,94.0,52.0,49.0,163.0,1142.0,1185.0,142.0,818.0,100.0,0.5315884476534296,0.3374233128834356,0.4892966360856269,90.54653858893674,0.3231396534148827,15.569798068481123,16.237050043898158,604.0,0.5923076923076923,0.6868327402135231,0.6056782334384858,True,0.3051181102362205,2062
3,2002,108.12943962115231,97.5736568457539,1018.0,1672.0,630.0,988.0,1805.0,6335.0,6347.0,1424.0,587.0,395.0,332.0,1014.0,6193.0,6850.0,958.0,4519.0,533.0,0.5373853936136579,0.3609467455621302,0.4854509307789625,90.66126534016443,0.3021868787276341,15.923441199684294,15.843233023475658,3357.0,0.5994623655913979,0.7090488771466315,0.6088516746411483,False,0.3111803392177223,2062
4,2003,100.0,87.5,,,,3.0,5.0,16.0,16.0,3.0,2.0,2.0,,,14.0,16.0,,11.0,2.0,0.5769230769230769,,,90.0,,14.3125,17.6875,9.0,,0.75,,True,,2062
5,2003,108.6934222336197,107.66465528309152,1350.0,2191.0,723.0,1117.0,2079.0,7799.0,7789.0,1560.0,708.0,390.0,371.0,1177.0,8386.0,8477.0,1318.0,5987.0,592.0,0.5220004957858205,0.3721325403568394,0.4701284198771636,94.892875864518,0.3058347292015633,15.403897935632774,14.945821029657209,3942.0,0.5600505689001264,0.6260162601626016,0.6161570059333638,False,0.3389132114344579,2062
