index,year,ortg,drtg,AtRimFGM,AtRimFGA,AtRimAssists,Turnovers,FTA,OffPoss,DefPoss,TwoPtAssists,Steals,BadPassSteals,ThreePtAssists,FG3A,OpponentPoints,Points,SecondChancePoints,FG2A,LiveBallTurnovers,TsPct,Fg3Pct,AtRimFG3AFrequency,Pace,AtRimFrequency,SecondsPerPossOff,SecondsPerPossDef,Minutes,DefAtRimReboundPct,DefFGReboundPct,AtRimAccuracy,player_on,OffFGReboundPct,nba_id
0,2003,82.41758241758242,111.82795698924733,30.0,64.0,12.0,32.0,47.0,182.0,186.0,24.0,15.0,10.0,2.0,27.0,208.0,150.0,22.0,140.0,16.0,0.3941798941798942,0.074074074074074,0.5449101796407185,91.3497672815032,0.3832335329341317,15.39010989010989,16.129032258064516,97.0,0.4642857142857143,0.6091954022988506,0.46875,True,0.3018867924528302,2063
1,2003,96.524064171123,90.29649595687331,57.0,110.0,22.0,65.0,86.0,374.0,371.0,50.0,42.0,17.0,21.0,67.0,335.0,361.0,58.0,268.0,29.0,0.4852150537634409,0.3880597014925373,0.5283582089552239,91.07734103064776,0.3283582089552239,15.216577540106952,16.409703504043126,196.0,0.6170212765957447,0.6685082872928176,0.5181818181818182,False,0.3061224489795918,2063
