index,year,ortg,drtg,AtRimFGM,AtRimFGA,AtRimAssists,Turnovers,FTA,OffPoss,DefPoss,TwoPtAssists,Steals,BadPassSteals,ThreePtAssists,FG3A,OpponentPoints,Points,SecondChancePoints,FG2A,LiveBallTurnovers,TsPct,Fg3Pct,AtRimFG3AFrequency,Pace,AtRimFrequency,SecondsPerPossOff,SecondsPerPossDef,Minutes,DefAtRimReboundPct,DefFGReboundPct,AtRimAccuracy,player_on,OffFGReboundPct,nba_id
0,2003,111.82795698924733,82.41758241758242,26.0,56.0,15.0,33.0,78.0,186.0,182.0,33.0,16.0,9.0,16.0,35.0,150.0,208.0,43.0,126.0,15.0,0.5203045685279187,0.4571428571428571,0.5652173913043478,91.3497672815032,0.3478260869565217,16.129032258064516,15.39010989010989,97.0,0.6176470588235294,0.6981132075471698,0.4642857142857143,True,0.3908045977011494,2063
1,2003,90.29649595687331,96.524064171123,54.0,101.0,37.0,78.0,121.0,371.0,374.0,69.0,29.0,14.0,16.0,71.0,361.0,335.0,53.0,229.0,42.0,0.4676056338028169,0.2253521126760563,0.5733333333333334,91.07734103064776,0.3366666666666666,16.409703504043126,15.216577540106952,196.0,0.6226415094339622,0.6938775510204082,0.5346534653465347,False,0.3314917127071823,2063
