index,year,ortg,drtg,AtRimFGM,AtRimFGA,AtRimAssists,Turnovers,FTA,OffPoss,DefPoss,TwoPtAssists,Steals,BadPassSteals,ThreePtAssists,FG3A,OpponentPoints,Points,SecondChancePoints,FG2A,LiveBallTurnovers,TsPct,Fg3Pct,AtRimFG3AFrequency,Pace,AtRimFrequency,SecondsPerPossOff,SecondsPerPossDef,Minutes,DefAtRimReboundPct,DefFGReboundPct,AtRimAccuracy,player_on,OffFGReboundPct,nba_id
0,2001,105.21191294387172,94.58997722095673,294.0,470.0,173.0,299.0,600.0,1746.0,1756.0,350.0,127.0,74.0,69.0,220.0,1661.0,1837.0,268.0,1215.0,179.0,0.5348360655737705,0.359090909090909,0.4808362369337979,89.86047506192199,0.3275261324041811,15.304696449026348,16.740888382687928,935.0,0.5707964601769911,0.6951754385964912,0.625531914893617,True,0.3315579227696404,2064
1,2001,107.67326732673268,97.75101823977332,1041.0,1659.0,600.0,918.0,1602.0,5656.0,5647.0,1283.0,508.0,321.0,230.0,753.0,5520.0,6090.0,846.0,4142.0,496.0,0.5392978078773837,0.3545816733067729,0.4927477017364657,89.36109936807199,0.3389172625127681,15.516089108910892,16.713653267221535,3036.0,0.5852372583479789,0.7061011904761905,0.6274864376130199,False,0.3246031746031746,2064
