index,year,ortg,drtg,AtRimFGM,AtRimFGA,AtRimAssists,Turnovers,FTA,OffPoss,DefPoss,TwoPtAssists,Steals,BadPassSteals,ThreePtAssists,FG3A,OpponentPoints,Points,SecondChancePoints,FG2A,LiveBallTurnovers,TsPct,Fg3Pct,AtRimFG3AFrequency,Pace,AtRimFrequency,SecondsPerPossOff,SecondsPerPossDef,Minutes,DefAtRimReboundPct,DefFGReboundPct,AtRimAccuracy,player_on,OffFGReboundPct,nba_id
0,2001,101.60919540229884,95.65217391304348,60.0,112.0,33.0,64.0,143.0,435.0,437.0,78.0,31.0,13.0,23.0,64.0,418.0,442.0,69.0,298.0,29.0,0.5069605568445475,0.40625,0.4861878453038674,93.80546839982073,0.3093922651933701,15.475862068965515,15.22654462242563,223.0,0.5636363636363636,0.6898148148148148,0.5357142857142857,True,0.3165829145728643,2066
1,2001,105.3929121725732,99.8740025199496,1122.0,1910.0,606.0,1240.0,2088.0,7139.0,7143.0,1396.0,587.0,353.0,343.0,1125.0,7134.0,7524.0,1087.0,4965.0,620.0,0.5323199318084956,0.3573333333333333,0.4983579638752052,92.0788169400008,0.3136288998357964,15.458747723770836,15.818703625927482,3723.0,0.6341463414634146,0.7117376294591484,0.587434554973822,False,0.3325138291333743,2066
2,2003,101.96078431372548,95.23809523809524,18.0,34.0,8.0,29.0,61.0,153.0,147.0,23.0,19.0,13.0,8.0,16.0,140.0,156.0,22.0,101.0,12.0,0.5308219178082192,0.5625,0.4273504273504273,93.50649350649353,0.2905982905982906,14.77777777777778,16.047619047619047,77.0,0.4761904761904761,0.6153846153846154,0.5294117647058824,True,0.3384615384615385,2066
3,2003,104.61844724618447,106.9822798201534,1113.0,1851.0,579.0,1161.0,2072.0,7535.0,7562.0,1349.0,625.0,415.0,373.0,1207.0,8090.0,7883.0,1114.0,5401.0,627.0,0.5193022021756434,0.3777961888980944,0.4627723970944309,92.69071373752878,0.2801150121065375,15.43158593231586,15.639116635810632,3909.0,0.5406562054208274,0.6778953229398663,0.6012965964343598,False,0.3041666666666666,2066
