index,year,ortg,drtg,AtRimFGM,AtRimFGA,AtRimAssists,Turnovers,FTA,OffPoss,DefPoss,TwoPtAssists,Steals,BadPassSteals,ThreePtAssists,FG3A,OpponentPoints,Points,SecondChancePoints,FG2A,LiveBallTurnovers,TsPct,Fg3Pct,AtRimFG3AFrequency,Pace,AtRimFrequency,SecondsPerPossOff,SecondsPerPossDef,Minutes,DefAtRimReboundPct,DefFGReboundPct,AtRimAccuracy,player_on,OffFGReboundPct,nba_id
0,2004,89.47368421052632,73.6842105263158,1.0,5.0,1.0,2.0,10.0,19.0,19.0,3.0,3.0,2.0,,1.0,14.0,17.0,5.0,16.0,1.0,0.3863636363636363,,0.3529411764705882,111.44602851323828,0.2941176470588235,16.263157894736842,9.578947368421051,8.0,,0.75,0.2,True,0.4615384615384615,2074
1,2004,100.44682752457553,101.0752688172043,149.0,281.0,79.0,177.0,269.0,1119.0,1116.0,178.0,95.0,66.0,57.0,198.0,1128.0,1124.0,212.0,821.0,112.0,0.4916666666666666,0.3434343434343434,0.4700686947988223,93.64252669556868,0.2757605495583906,15.46112600536193,15.293906810035844,573.0,0.5864661654135338,0.7083333333333334,0.5302491103202847,False,0.3315972222222222,2074
2,2005,171.42857142857142,62.5,2.0,2.0,2.0,,4.0,7.0,8.0,2.0,,,1.0,1.0,5.0,12.0,,3.0,,1.0,1.0,0.75,108.0,0.5,14.857142857142858,12.0,3.0,,1.0,1.0,True,,2074
3,2005,112.10526315789474,100.7915567282322,60.0,93.0,31.0,63.0,141.0,380.0,379.0,53.0,24.0,15.0,30.0,67.0,382.0,426.0,66.0,230.0,30.0,0.5875,0.4776119402985074,0.5387205387205387,91.69127516778524,0.3131313131313131,16.08421052631579,15.324538258575195,199.0,0.6086956521739131,0.6884422110552764,0.6451612903225806,False,0.2797202797202797,2074
