index,year,ortg,drtg,AtRimFGM,AtRimFGA,AtRimAssists,Turnovers,FTA,OffPoss,DefPoss,TwoPtAssists,Steals,BadPassSteals,ThreePtAssists,FG3A,OpponentPoints,Points,SecondChancePoints,FG2A,LiveBallTurnovers,TsPct,Fg3Pct,AtRimFG3AFrequency,Pace,AtRimFrequency,SecondsPerPossOff,SecondsPerPossDef,Minutes,DefAtRimReboundPct,DefFGReboundPct,AtRimAccuracy,player_on,OffFGReboundPct,nba_id
0,2004,73.6842105263158,89.47368421052632,2.0,3.0,,4.0,6.0,19.0,19.0,1.0,1.0,,1.0,2.0,17.0,14.0,2.0,11.0,3.0,0.4375,0.5,0.3846153846153846,111.44602851323828,0.2307692307692307,9.578947368421051,16.263157894736842,8.0,0.75,0.5384615384615384,0.6666666666666666,True,0.25,2074
1,2004,101.0752688172043,100.44682752457553,170.0,305.0,97.0,168.0,292.0,1116.0,1119.0,208.0,112.0,64.0,64.0,199.0,1124.0,1128.0,160.0,783.0,95.0,0.501346499102334,0.3467336683417085,0.5132382892057027,93.64252669556868,0.3105906313645621,15.293906810035844,15.46112600536193,573.0,0.5384615384615384,0.6684027777777778,0.5573770491803278,False,0.2916666666666667,2074
2,2004,101.0752688172043,100.44682752457553,170.0,305.0,97.0,168.0,292.0,1116.0,1119.0,208.0,112.0,64.0,64.0,199.0,1124.0,1128.0,160.0,783.0,95.0,0.501346499102334,0.3467336683417085,0.5132382892057027,93.64252669556868,0.3105906313645621,15.293906810035844,15.46112600536193,573.0,0.5384615384615384,0.6684027777777778,0.5573770491803278,False,0.2916666666666667,2074
3,2005,62.5,171.42857142857142,,,,,4.0,8.0,7.0,,,,1.0,1.0,12.0,5.0,,3.0,,0.4166666666666667,1.0,0.25,108.0,,12.0,14.857142857142858,3.0,,,,True,,2074
4,2005,100.7915567282322,112.10526315789474,50.0,96.0,22.0,52.0,121.0,379.0,380.0,61.0,30.0,17.0,23.0,85.0,426.0,382.0,52.0,250.0,24.0,0.487146529562982,0.2823529411764706,0.5402985074626866,91.69127516778524,0.2865671641791045,15.324538258575195,16.08421052631579,199.0,0.6060606060606061,0.7202797202797203,0.5208333333333334,False,0.3115577889447236,2074
