index,year,ortg,drtg,AtRimFGM,AtRimFGA,AtRimAssists,Turnovers,FTA,OffPoss,DefPoss,TwoPtAssists,Steals,BadPassSteals,ThreePtAssists,FG3A,OpponentPoints,Points,SecondChancePoints,FG2A,LiveBallTurnovers,TsPct,Fg3Pct,AtRimFG3AFrequency,Pace,AtRimFrequency,SecondsPerPossOff,SecondsPerPossDef,Minutes,DefAtRimReboundPct,DefFGReboundPct,AtRimAccuracy,player_on,OffFGReboundPct,nba_id
0,2004,124.0,112.0,7.0,12.0,4.0,2.0,6.0,25.0,25.0,7.0,1.0,,,2.0,28.0,31.0,2.0,22.0,1.0,0.5740740740740741,,0.5833333333333334,91.37055837563452,0.5,14.12,17.4,13.0,0.6666666666666666,0.5833333333333334,0.5833333333333334,True,0.3636363636363636,2079
1,2004,104.66703817219282,103.1450041747843,1242.0,2183.0,718.0,1118.0,1612.0,7178.0,7186.0,1539.0,656.0,385.0,366.0,1220.0,7412.0,7513.0,1131.0,5323.0,612.0,0.5149696467991169,0.3418032786885246,0.5200978144581996,86.55474281505782,0.3336390035152071,15.928252995263303,17.34469802393543,3983.0,0.5314009661835749,0.6630938586326767,0.5689418231791114,False,0.3255747942094805,2079
2,2005,108.49056603773585,88.46153846153847,16.0,26.0,8.0,12.0,31.0,106.0,104.0,15.0,14.0,5.0,8.0,23.0,92.0,115.0,16.0,63.0,6.0,0.5693069306930693,0.3478260869565217,0.5697674418604651,92.67545203800184,0.3023255813953488,14.971698113207546,16.115384615384617,54.0,0.6,0.85,0.6153846153846154,True,0.275,2079
3,2005,102.69604488846312,101.42465753424658,991.0,1792.0,515.0,1271.0,2273.0,7307.0,7300.0,1235.0,587.0,361.0,408.0,1296.0,7404.0,7504.0,1021.0,4785.0,644.0,0.525546930134086,0.3680555555555556,0.5078112152606479,89.27991443014979,0.2946883736227594,15.918981798275626,16.33931506849315,3927.0,0.6092636579572447,0.7062818336162988,0.5530133928571429,False,0.3031390134529148,2079
4,2008,100.0,95.45454545454544,3.0,4.0,1.0,3.0,7.0,22.0,22.0,3.0,3.0,2.0,1.0,4.0,21.0,22.0,3.0,12.0,1.0,0.5789473684210527,0.5,0.5,89.87234042553192,0.25,14.954545454545457,17.09090909090909,12.0,,0.5,0.75,True,0.1428571428571428,2079
5,2008,106.44596958686584,106.09772513124244,1228.0,2105.0,653.0,1089.0,2063.0,7431.0,7429.0,1280.0,556.0,342.0,437.0,1415.0,7882.0,7910.0,928.0,5031.0,578.0,0.534506181225377,0.3561837455830389,0.5460750853242321,90.07766622466376,0.3265591064225877,15.413807024626564,16.55875622560237,3959.0,0.5465768799102132,0.6680305510092744,0.5833729216152019,False,0.2786885245901639,2079
