index,year,ortg,drtg,AtRimFGM,AtRimFGA,AtRimAssists,Turnovers,FTA,OffPoss,DefPoss,TwoPtAssists,Steals,BadPassSteals,ThreePtAssists,FG3A,OpponentPoints,Points,SecondChancePoints,FG2A,LiveBallTurnovers,TsPct,Fg3Pct,AtRimFG3AFrequency,Pace,AtRimFrequency,SecondsPerPossOff,SecondsPerPossDef,Minutes,DefAtRimReboundPct,DefFGReboundPct,AtRimAccuracy,player_on,OffFGReboundPct,nba_id
0,2001,109.67458223394898,97.9185119574845,447.0,666.0,266.0,382.0,563.0,2274.0,2258.0,504.0,189.0,97.0,109.0,307.0,2211.0,2494.0,324.0,1669.0,207.0,0.5589293747188484,0.4104234527687296,0.4924089068825911,94.99526921789254,0.3370445344129554,15.198328935795956,15.118689105403012,1145.0,0.5106382978723404,0.6113236419280795,0.6711711711711712,True,0.334322453016815,2084
1,2001,105.17583408476104,96.8108108108108,984.0,1545.0,563.0,966.0,1448.0,5545.0,5550.0,1160.0,533.0,331.0,272.0,852.0,5373.0,5832.0,807.0,3912.0,535.0,0.5366598778004074,0.3673708920187793,0.5031486146095718,94.72729320945564,0.3243073047858942,15.1190261496844,15.283963963963965,2811.0,0.5615671641791045,0.6491472328576401,0.6368932038834951,False,0.3155573376102646,2084
