index,year,ortg,drtg,AtRimFGM,AtRimFGA,AtRimAssists,Turnovers,FTA,OffPoss,DefPoss,TwoPtAssists,Steals,BadPassSteals,ThreePtAssists,FG3A,OpponentPoints,Points,SecondChancePoints,FG2A,LiveBallTurnovers,TsPct,Fg3Pct,AtRimFG3AFrequency,Pace,AtRimFrequency,SecondsPerPossOff,SecondsPerPossDef,Minutes,DefAtRimReboundPct,DefFGReboundPct,AtRimAccuracy,player_on,OffFGReboundPct,nba_id
0,2002,120.0,113.88888888888889,8.0,12.0,2.0,5.0,9.0,40.0,36.0,5.0,6.0,3.0,2.0,11.0,41.0,48.0,15.0,30.0,1.0,0.5333333333333333,0.1818181818181818,0.5609756097560976,88.11594202898551,0.2926829268292683,15.075,17.75,21.0,0.4,0.5,0.6666666666666666,True,0.55,2098
1,2002,101.99413489736072,106.25365283459963,252.0,436.0,129.0,242.0,498.0,1705.0,1711.0,291.0,141.0,83.0,83.0,276.0,1818.0,1739.0,237.0,1250.0,129.0,0.494,0.3152173913043478,0.4665792922673656,91.46937409349547,0.2857142857142857,15.521407624633431,15.96376388077148,896.0,0.559748427672956,0.6851168511685117,0.5779816513761468,False,0.3159117305458769,2098
2,2003,104.10958904109587,110.4895104895105,23.0,39.0,9.0,20.0,50.0,146.0,143.0,19.0,13.0,10.0,9.0,20.0,158.0,152.0,22.0,97.0,14.0,0.5428571428571428,0.45,0.5042735042735043,96.1997226074896,0.3333333333333333,15.554794520547944,14.37062937062937,72.0,0.6666666666666666,0.746031746031746,0.5897435897435898,True,0.3,2098
3,2003,106.5040650406504,105.87639311043566,135.0,208.0,69.0,145.0,266.0,984.0,987.0,180.0,74.0,49.0,44.0,138.0,1045.0,1048.0,109.0,704.0,70.0,0.5403726708074534,0.391304347826087,0.4109263657957244,92.9534289644331,0.2470308788598574,15.210365853658535,15.772036474164134,509.0,0.6419753086419753,0.6968421052631579,0.6490384615384616,False,0.2647058823529412,2098
4,2004,99.29078014184395,93.18734793187348,66.0,101.0,34.0,75.0,120.0,423.0,411.0,79.0,25.0,14.0,13.0,71.0,383.0,420.0,51.0,289.0,31.0,0.5012165450121655,0.2676056338028169,0.4777777777777778,83.54504347826087,0.2805555555555555,17.037825059101653,17.440389294403893,240.0,0.525,0.7227272727272728,0.6534653465346535,True,0.2929292929292929,2098
5,2004,99.46914399469144,102.23390275952694,209.0,327.0,103.0,245.0,430.0,1507.0,1522.0,224.0,120.0,76.0,78.0,292.0,1556.0,1499.0,230.0,1017.0,130.0,0.4933422103861518,0.3219178082191781,0.4728800611153552,87.96531209034991,0.2498090145148968,16.508294625082947,16.233245729303547,826.0,0.6597222222222222,0.7205438066465257,0.6391437308868502,False,0.3045822102425876,2098
