index,year,ortg,drtg,AtRimFGM,AtRimFGA,AtRimAssists,Turnovers,FTA,OffPoss,DefPoss,TwoPtAssists,Steals,BadPassSteals,ThreePtAssists,FG3A,OpponentPoints,Points,SecondChancePoints,FG2A,LiveBallTurnovers,TsPct,Fg3Pct,AtRimFG3AFrequency,Pace,AtRimFrequency,SecondsPerPossOff,SecondsPerPossDef,Minutes,DefAtRimReboundPct,DefFGReboundPct,AtRimAccuracy,player_on,OffFGReboundPct,nba_id
0,2001,106.69077757685352,104.57038391224864,86.0,141.0,47.0,98.0,182.0,553.0,547.0,104.0,56.0,38.0,23.0,92.0,572.0,590.0,89.0,363.0,58.0,0.5444444444444444,0.3043478260869565,0.512087912087912,92.24318658280924,0.3098901098901099,15.45750452079566,15.765996343692873,286.0,0.4339622641509434,0.5536332179930796,0.6099290780141844,True,0.3766233766233766,2101
1,2001,106.46848334709608,96.57072028646192,1345.0,2070.0,782.0,1250.0,1829.0,7266.0,7261.0,1560.0,666.0,390.0,358.0,1067.0,7012.0,7736.0,1042.0,5218.0,684.0,0.5430547713156408,0.3851921274601687,0.4991249005568814,95.0046324050357,0.3293556085918854,15.118084227910815,15.19625395950971,3670.0,0.5543175487465181,0.6435363659727577,0.6497584541062802,False,0.3170433720219914,2101
2,2001,100.0,101.29032258064515,86.0,133.0,42.0,129.0,222.0,619.0,620.0,91.0,48.0,31.0,22.0,78.0,628.0,619.0,90.0,403.0,64.0,0.5231164383561644,0.3461538461538461,0.4386694386694387,96.8546767276478,0.2765072765072765,15.410339256865912,14.325806451612904,307.0,0.390625,0.6233333333333333,0.6466165413533834,True,0.3446969696969697,2101
3,2001,97.46121297602257,99.9576570218772,1073.0,1831.0,609.0,1305.0,1905.0,7090.0,7085.0,1293.0,634.0,405.0,247.0,859.0,7082.0,6910.0,948.0,5082.0,711.0,0.5043439846856134,0.3492433061699651,0.4527857263087022,93.1038729423141,0.3081972731863323,15.718476727785614,15.21453775582216,3654.0,0.6056129985228951,0.7091703056768559,0.58601856908793,False,0.2937784522003034,2101
