index,year,ortg,drtg,AtRimFGM,AtRimFGA,AtRimAssists,Turnovers,FTA,OffPoss,DefPoss,TwoPtAssists,Steals,BadPassSteals,ThreePtAssists,FG3A,OpponentPoints,Points,SecondChancePoints,FG2A,LiveBallTurnovers,TsPct,Fg3Pct,AtRimFG3AFrequency,Pace,AtRimFrequency,SecondsPerPossOff,SecondsPerPossDef,Minutes,DefAtRimReboundPct,DefFGReboundPct,AtRimAccuracy,player_on,OffFGReboundPct,nba_id
0,2001,100.16528925619836,103.01003344481606,122.0,185.0,59.0,103.0,153.0,605.0,598.0,102.0,49.0,32.0,24.0,108.0,616.0,606.0,110.0,440.0,57.0,0.491869918699187,0.2592592592592592,0.5346715328467153,95.16150296638102,0.3375912408759124,15.621487603305786,14.637123745819398,303.0,0.5230769230769231,0.696551724137931,0.6594594594594595,True,0.3663366336633663,2106
1,2001,106.0126582278481,105.92805755395683,1129.0,1818.0,663.0,1125.0,1671.0,6952.0,6950.0,1447.0,599.0,340.0,384.0,1243.0,7362.0,7370.0,1030.0,4992.0,600.0,0.5252082734846308,0.3563958165728077,0.4909382518043304,91.22047244094487,0.291579791499599,16.035817031070195,15.535971223021583,3658.0,0.6124121779859485,0.6787692307692308,0.621012101210121,False,0.3255884127942064,2106
2,2003,122.22222222222224,57.142857142857146,10.0,14.0,5.0,5.0,11.0,45.0,49.0,10.0,6.0,2.0,,8.0,28.0,55.0,8.0,33.0,2.0,0.5978260869565217,,0.5365853658536586,95.66077738515902,0.3414634146341463,14.22222222222222,15.816326530612244,24.0,,0.96,0.7142857142857143,True,0.3529411764705882,2106
3,2003,101.4054343461384,101.1895215183106,1040.0,1740.0,602.0,1309.0,2073.0,7471.0,7482.0,1401.0,611.0,330.0,413.0,1392.0,7571.0,7576.0,1100.0,5017.0,718.0,0.5129381161007667,0.3326149425287356,0.4886877828054298,91.02843010843604,0.2714932126696832,15.7949404363539,15.843491045175089,3942.0,0.6466753585397653,0.7345395625168782,0.5977011494252874,False,0.3073886068809927,2106
