index,year,ortg,drtg,AtRimFGM,AtRimFGA,AtRimAssists,Turnovers,FTA,OffPoss,DefPoss,TwoPtAssists,Steals,BadPassSteals,ThreePtAssists,FG3A,OpponentPoints,Points,SecondChancePoints,FG2A,LiveBallTurnovers,TsPct,Fg3Pct,AtRimFG3AFrequency,Pace,AtRimFrequency,SecondsPerPossOff,SecondsPerPossDef,Minutes,DefAtRimReboundPct,DefFGReboundPct,AtRimAccuracy,player_on,OffFGReboundPct,nba_id
0,2005,115.18987341772151,108.64197530864196,5.0,13.0,3.0,10.0,49.0,79.0,81.0,5.0,5.0,5.0,7.0,21.0,88.0,91.0,15.0,36.0,7.0,0.5705128205128205,0.3809523809523809,0.5964912280701754,86.77966101694915,0.2280701754385964,17.075949367088608,16.123456790123456,44.0,0.8,0.7931034482758621,0.3846153846153846,True,0.2571428571428571,2109
1,2005,96.80851063829788,100.67632850241546,143.0,285.0,80.0,186.0,294.0,1034.0,1035.0,164.0,100.0,58.0,58.0,210.0,1042.0,1001.0,121.0,682.0,94.0,0.4838076545632973,0.3095238095238095,0.554932735426009,84.91834117144079,0.3195067264573991,17.570599613152805,16.344927536231886,585.0,0.5875,0.6811023622047244,0.5017543859649123,False,0.3011363636363636,2109
2,2006,25.0,100.0,,,,2.0,2.0,4.0,6.0,,,,,1.0,6.0,1.0,,,2.0,0.25,,1.0,167.44186046511626,,7.75,9.166666666666666,1.0,,,,True,,2109
3,2006,103.28185328185327,108.02348336594912,60.0,111.0,35.0,93.0,161.0,518.0,511.0,74.0,36.0,19.0,33.0,116.0,552.0,535.0,61.0,305.0,41.0,0.539795918367347,0.3448275862068966,0.5391923990498813,86.17889961614517,0.2636579572446555,17.627413127413128,15.778864970645792,287.0,0.5942028985507246,0.7107438016528925,0.5405405405405406,False,0.2699115044247787,2109
