index,year,ortg,drtg,AtRimFGM,AtRimFGA,AtRimAssists,Turnovers,FTA,OffPoss,DefPoss,TwoPtAssists,Steals,BadPassSteals,ThreePtAssists,FG3A,OpponentPoints,Points,SecondChancePoints,FG2A,LiveBallTurnovers,TsPct,Fg3Pct,AtRimFG3AFrequency,Pace,AtRimFrequency,SecondsPerPossOff,SecondsPerPossDef,Minutes,DefAtRimReboundPct,DefFGReboundPct,AtRimAccuracy,player_on,OffFGReboundPct,nba_id
0,2005,108.64197530864196,115.18987341772151,12.0,17.0,4.0,11.0,23.0,81.0,79.0,10.0,7.0,4.0,7.0,15.0,91.0,88.0,12.0,50.0,5.0,0.5878378378378378,0.5333333333333333,0.4923076923076923,86.77966101694915,0.2615384615384615,16.123456790123456,17.075949367088608,44.0,0.875,0.7428571428571429,0.7058823529411765,True,0.2068965517241379,2109
1,2005,100.67632850241546,96.80851063829788,167.0,327.0,90.0,176.0,281.0,1035.0,1034.0,175.0,94.0,51.0,46.0,175.0,1001.0,1042.0,143.0,734.0,100.0,0.498545101842871,0.2914285714285714,0.5522552255225522,84.91834117144079,0.3597359735973597,16.344927536231886,17.570599613152805,585.0,0.5957446808510638,0.6988636363636364,0.5107033639143731,False,0.3188976377952756,2109
2,2006,100.0,25.0,2.0,2.0,1.0,,5.0,6.0,4.0,1.0,2.0,2.0,,,1.0,6.0,,3.0,,0.6,,0.6666666666666666,167.44186046511626,0.6666666666666666,9.166666666666666,7.75,1.0,,1.0,1.0,True,,2109
3,2006,108.02348336594912,103.28185328185327,86.0,155.0,49.0,71.0,153.0,511.0,518.0,114.0,41.0,23.0,25.0,97.0,535.0,552.0,79.0,351.0,36.0,0.5330739299610895,0.2886597938144329,0.5625,86.17889961614517,0.3459821428571428,15.778864970645792,17.627413127413128,287.0,0.6274509803921569,0.7300884955752213,0.5548387096774193,False,0.2892561983471074,2109
