index,year,ortg,drtg,AtRimFGM,AtRimFGA,AtRimAssists,Turnovers,FTA,OffPoss,DefPoss,TwoPtAssists,Steals,BadPassSteals,ThreePtAssists,FG3A,OpponentPoints,Points,SecondChancePoints,FG2A,LiveBallTurnovers,TsPct,Fg3Pct,AtRimFG3AFrequency,Pace,AtRimFrequency,SecondsPerPossOff,SecondsPerPossDef,Minutes,DefAtRimReboundPct,DefFGReboundPct,AtRimAccuracy,player_on,OffFGReboundPct,nba_id
0,2001,143.75,116.66666666666669,3.0,4.0,3.0,3.0,2.0,16.0,18.0,4.0,1.0,1.0,4.0,5.0,21.0,23.0,4.0,10.0,1.0,0.71875,0.8,0.6,108.31858407079646,0.2666666666666666,12.0625,14.38888888888889,8.0,,0.5,0.75,True,0.5,2123
1,2001,105.85697476794353,103.10745528136832,1255.0,2046.0,756.0,1072.0,2047.0,7649.0,7659.0,1684.0,587.0,380.0,350.0,1163.0,7897.0,8097.0,1143.0,5736.0,551.0,0.5148001025115325,0.354256233877902,0.4651398753442528,93.04675232579736,0.2965647195245687,15.490652372859197,15.461548505026766,3948.0,0.5796019900497512,0.6965643849986887,0.6133919843597263,False,0.3064644852354349,2123
2,2001,138.46153846153845,71.42857142857143,5.0,6.0,4.0,1.0,3.0,13.0,14.0,4.0,1.0,1.0,,4.0,10.0,18.0,2.0,10.0,1.0,0.5666666666666667,0.25,0.7142857142857143,79.34693877551021,0.4285714285714285,18.15384615384616,18.142857142857142,8.0,0.5,0.6,0.8333333333333334,True,0.5,2123
3,2001,103.11839323467233,105.72448439978848,1189.0,2025.0,608.0,1155.0,1887.0,7568.0,7564.0,1364.0,560.0,360.0,328.0,1041.0,7997.0,7804.0,1116.0,5670.0,598.0,0.5153345724907064,0.3631123919308357,0.456861868573983,91.18332845127004,0.3017434063477872,15.545190274841438,16.039661554732945,3983.0,0.5666235446313066,0.6623987457538542,0.5871604938271605,False,0.2937931034482758,2123
