index,year,ortg,drtg,AtRimFGM,AtRimFGA,AtRimAssists,Turnovers,FTA,OffPoss,DefPoss,TwoPtAssists,Steals,BadPassSteals,ThreePtAssists,FG3A,OpponentPoints,Points,SecondChancePoints,FG2A,LiveBallTurnovers,TsPct,Fg3Pct,AtRimFG3AFrequency,Pace,AtRimFrequency,SecondsPerPossOff,SecondsPerPossDef,Minutes,DefAtRimReboundPct,DefFGReboundPct,AtRimAccuracy,player_on,OffFGReboundPct,nba_id
0,2008,100.9049773755656,100.22988505747126,74.0,134.0,35.0,54.0,127.0,442.0,435.0,58.0,39.0,25.0,20.0,79.0,436.0,446.0,40.0,305.0,28.0,0.5022675736961452,0.3164556962025316,0.5546875,89.17384550204774,0.3489583333333333,15.23076923076923,17.080459770114942,236.0,0.6944444444444444,0.772093023255814,0.5522388059701493,True,0.2358490566037736,2137
1,2008,107.057745187901,105.24886877828054,196.0,335.0,80.0,133.0,252.0,1091.0,1105.0,178.0,78.0,45.0,49.0,169.0,1163.0,1168.0,167.0,827.0,62.0,0.5247302158273381,0.3609467455621302,0.5060240963855421,89.33386067009435,0.3363453815261044,15.341888175985334,16.8868778280543,590.0,0.6896551724137931,0.76,0.5850746268656717,False,0.279467680608365,2137
2,2009,103.2608695652174,106.91489361702128,18.0,38.0,5.0,23.0,55.0,184.0,188.0,23.0,18.0,14.0,11.0,40.0,201.0,190.0,32.0,118.0,12.0,0.5163043478260869,0.325,0.4936708860759494,85.50359138068634,0.240506329113924,17.108695652173914,16.579787234042552,104.0,0.6666666666666666,0.7228915662650602,0.4736842105263157,True,0.2688172043010752,2137
3,2009,117.26907630522088,103.29218106995884,33.0,50.0,16.0,35.0,65.0,249.0,243.0,34.0,18.0,11.0,18.0,62.0,251.0,292.0,33.0,149.0,16.0,0.60625,0.4193548387096774,0.5308056872037915,87.09035033804548,0.2369668246445497,16.0,17.08230452674897,136.0,0.75,0.7786885245901639,0.66,False,0.2427184466019417,2137
