index,year,ortg,drtg,AtRimFGM,AtRimFGA,AtRimAssists,Turnovers,FTA,OffPoss,DefPoss,TwoPtAssists,Steals,BadPassSteals,ThreePtAssists,FG3A,OpponentPoints,Points,SecondChancePoints,FG2A,LiveBallTurnovers,TsPct,Fg3Pct,AtRimFG3AFrequency,Pace,AtRimFrequency,SecondsPerPossOff,SecondsPerPossDef,Minutes,DefAtRimReboundPct,DefFGReboundPct,AtRimAccuracy,player_on,OffFGReboundPct,nba_id
0,2001,57.142857142857146,126.92307692307692,2.0,3.0,2.0,9.0,6.0,28.0,26.0,5.0,1.0,,,1.0,33.0,16.0,2.0,18.0,4.0,0.3636363636363636,,0.2105263157894736,85.35675082327113,0.1578947368421052,18.035714285714285,15.615384615384617,15.0,0.4,0.5294117647058824,0.6666666666666666,True,0.2307692307692307,2173
1,2001,98.29635499207608,103.60158311345648,1075.0,1814.0,507.0,1358.0,1805.0,7572.0,7580.0,1284.0,631.0,368.0,270.0,932.0,7853.0,7443.0,1130.0,5717.0,694.0,0.4961714132186996,0.3572961373390558,0.4129944352534215,92.5120734028976,0.2728229808993833,15.706682514527206,15.4245382585752,3931.0,0.6086956521739131,0.6915395284327324,0.5926130099228225,False,0.3133802816901408,2173
2,2001,86.56716417910448,110.29411764705884,9.0,18.0,6.0,7.0,17.0,67.0,68.0,10.0,6.0,3.0,1.0,11.0,75.0,58.0,7.0,49.0,4.0,0.4264705882352941,0.1818181818181818,0.4833333333333333,109.89259468626342,0.3,13.402985074626866,12.808823529411764,29.0,,0.625,0.5,True,0.2702702702702703,2173
3,2001,106.60021551724138,103.78298330640818,1277.0,2054.0,681.0,1197.0,2069.0,7424.0,7428.0,1204.0,581.0,319.0,398.0,1401.0,7709.0,7914.0,1077.0,5033.0,601.0,0.5344851133570063,0.3583154889364739,0.536990985390115,90.54908950806762,0.3192415293751943,16.584051724137932,15.222267097469036,3937.0,0.590782122905028,0.6955919046298863,0.621713729308666,False,0.2992700729927007,2173
