index,year,ortg,drtg,AtRimFGM,AtRimFGA,AtRimAssists,Turnovers,FTA,OffPoss,DefPoss,TwoPtAssists,Steals,BadPassSteals,ThreePtAssists,FG3A,OpponentPoints,Points,SecondChancePoints,FG2A,LiveBallTurnovers,TsPct,Fg3Pct,AtRimFG3AFrequency,Pace,AtRimFrequency,SecondsPerPossOff,SecondsPerPossDef,Minutes,DefAtRimReboundPct,DefFGReboundPct,AtRimAccuracy,player_on,OffFGReboundPct,nba_id
0,2001,126.92307692307692,57.142857142857146,5.0,10.0,3.0,1.0,2.0,26.0,28.0,9.0,4.0,4.0,1.0,6.0,16.0,33.0,7.0,27.0,1.0,0.4852941176470588,0.1666666666666666,0.4848484848484848,85.35675082327113,0.303030303030303,15.615384615384617,18.035714285714285,15.0,,0.7692307692307693,0.5,True,0.4705882352941176,2173
1,2001,103.60158311345648,98.29635499207608,1098.0,1859.0,627.0,1209.0,2151.0,7580.0,7572.0,1398.0,694.0,431.0,329.0,1074.0,7443.0,7853.0,1059.0,5502.0,631.0,0.51730539716218,0.3677839851024208,0.4460158150851581,92.5120734028976,0.2826946472019465,15.4245382585752,15.706682514527206,3931.0,0.5978112175102599,0.6866197183098591,0.5906401291016675,False,0.3084604715672677,2173
2,2001,110.29411764705884,86.56716417910448,9.0,9.0,6.0,13.0,25.0,68.0,67.0,15.0,4.0,4.0,2.0,10.0,58.0,75.0,14.0,41.0,6.0,0.5952380952380952,0.3,0.3725490196078431,109.89259468626342,0.1764705882352941,12.808823529411764,13.402985074626866,29.0,0.8888888888888888,0.7297297297297297,1.0,True,0.375,2173
3,2001,103.78298330640818,106.60021551724138,1116.0,1839.0,554.0,1079.0,1837.0,7428.0,7424.0,1413.0,601.0,364.0,305.0,1005.0,7914.0,7709.0,1146.0,5677.0,581.0,0.510072038420491,0.354228855721393,0.4256210715354684,90.54908950806762,0.2752170008979347,15.222267097469036,16.584051724137932,3937.0,0.6018158236057068,0.7007299270072993,0.6068515497553018,False,0.3044080953701136,2173
