index,year,ortg,drtg,AtRimFGM,AtRimFGA,AtRimAssists,Turnovers,FTA,OffPoss,DefPoss,TwoPtAssists,Steals,BadPassSteals,ThreePtAssists,FG3A,OpponentPoints,Points,SecondChancePoints,FG2A,LiveBallTurnovers,TsPct,Fg3Pct,AtRimFG3AFrequency,Pace,AtRimFrequency,SecondsPerPossOff,SecondsPerPossDef,Minutes,DefAtRimReboundPct,DefFGReboundPct,AtRimAccuracy,player_on,OffFGReboundPct,nba_id
0,1998,103.5,105.0,,,,,,,,,,,,,,,,,,,,,,,,,282.0,,,,True,0.247,219
1,1998,92.5,105.2,,,,,,,,,,,,,,,,,,,,,,,,,152.0,,,,False,0.258,219
2,2000,100.6,100.6,,,,,,,,,,,,,,,,,,,,,,,,,92.0,,,,True,0.28,219
3,2000,104.8,109.7,,,,,,,,,,,,,,,,,,,,,,,,,146.0,,,,False,0.305,219
4,2001,114.28571428571428,102.04081632653062,13.0,21.0,10.0,5.0,10.0,49.0,49.0,10.0,1.0,1.0,3.0,7.0,50.0,56.0,14.0,44.0,4.0,0.5,0.4285714285714285,0.5490196078431373,91.22171945701356,0.4117647058823529,16.102040816326532,15.46938775510204,26.0,0.8,0.7777777777777778,0.6190476190476191,True,0.4285714285714285,219
5,2001,98.82352941176472,89.14956011730206,49.0,94.0,20.0,65.0,110.0,340.0,341.0,43.0,29.0,17.0,15.0,50.0,304.0,336.0,67.0,240.0,35.0,0.4912023460410557,0.38,0.496551724137931,98.32948962197936,0.3241379310344827,14.367647058823527,14.9208211143695,166.0,0.7777777777777778,0.7081081081081081,0.5212765957446809,False,0.3563218390804598,219
