index,year,ortg,drtg,AtRimFGM,AtRimFGA,AtRimAssists,Turnovers,FTA,OffPoss,DefPoss,TwoPtAssists,Steals,BadPassSteals,ThreePtAssists,FG3A,OpponentPoints,Points,SecondChancePoints,FG2A,LiveBallTurnovers,TsPct,Fg3Pct,AtRimFG3AFrequency,Pace,AtRimFrequency,SecondsPerPossOff,SecondsPerPossDef,Minutes,DefAtRimReboundPct,DefFGReboundPct,AtRimAccuracy,player_on,OffFGReboundPct,nba_id
0,1998,113.4,113.2,,,,,,,,,,,,,,,,,,,,,,,,,116.0,,,,True,0.315,21
1,1998,109.3,113.2,,,,,,,,,,,,,,,,,,,,,,,,,360.0,,,,False,0.326,21
2,1999,101.5,100.3,,,,,,,,,,,,,,,,,,,,,,,,,223.0,,,,True,0.23,21
3,1999,100.3,99.9,,,,,,,,,,,,,,,,,,,,,,,,,397.0,,,,False,0.275,21
4,2000,106.8,88.2,,,,,,,,,,,,,,,,,,,,,,,,,211.0,,,,True,0.31,21
5,2000,107.2,104.9,,,,,,,,,,,,,,,,,,,,,,,,,554.0,,,,False,0.241,21
6,2001,93.75,123.33333333333331,3.0,5.0,1.0,5.0,9.0,32.0,30.0,1.0,1.0,1.0,2.0,6.0,37.0,30.0,4.0,20.0,3.0,0.4838709677419355,0.3333333333333333,0.4230769230769231,90.91649694501018,0.1923076923076923,14.53125,17.233333333333334,16.0,0.6666666666666666,0.625,0.6,True,0.2,21
7,2001,97.53086419753086,111.83673469387756,30.0,49.0,13.0,41.0,69.0,243.0,245.0,35.0,18.0,13.0,11.0,55.0,274.0,237.0,22.0,148.0,27.0,0.5,0.2545454545454545,0.5123152709359606,91.76286236615304,0.2413793103448276,15.325102880658436,16.057142857142857,128.0,0.4,0.6218487394957983,0.6122448979591837,False,0.2393162393162393,21
