index,year,ortg,drtg,AtRimFGM,AtRimFGA,AtRimAssists,Turnovers,FTA,OffPoss,DefPoss,TwoPtAssists,Steals,BadPassSteals,ThreePtAssists,FG3A,OpponentPoints,Points,SecondChancePoints,FG2A,LiveBallTurnovers,TsPct,Fg3Pct,AtRimFG3AFrequency,Pace,AtRimFrequency,SecondsPerPossOff,SecondsPerPossDef,Minutes,DefAtRimReboundPct,DefFGReboundPct,AtRimAccuracy,player_on,OffFGReboundPct,nba_id
0,2006,107.8082191780822,106.00272851296045,104.0,181.0,38.0,102.0,192.0,730.0,733.0,93.0,56.0,34.0,35.0,112.0,777.0,787.0,99.0,549.0,46.0,0.5256410256410257,0.3660714285714285,0.443267776096823,86.29500675869414,0.2738275340393343,17.054794520547944,16.320600272851298,407.0,0.6666666666666666,0.7477744807121661,0.574585635359116,True,0.298050139275766,2205
1,2006,111.46449704142012,105.7992565055762,199.0,339.0,62.0,193.0,453.0,1352.0,1345.0,157.0,96.0,61.0,66.0,235.0,1423.0,1507.0,231.0,946.0,95.0,0.5416364952932657,0.2936170212765957,0.4860287891617273,90.2614637320752,0.2870448772226926,16.607988165680474,15.295910780669145,717.0,0.6592592592592592,0.7430683918669131,0.5870206489675516,False,0.3269230769230769,2205
2,2007,110.6060606060606,111.65413533834588,40.0,62.0,12.0,50.0,87.0,264.0,266.0,37.0,27.0,10.0,15.0,60.0,297.0,292.0,51.0,167.0,26.0,0.5471698113207547,0.2833333333333333,0.5374449339207048,91.0522548317824,0.2731277533039647,17.91287878787879,13.733082706766917,140.0,0.6666666666666666,0.7192982456140351,0.6451612903225806,True,0.375,2205
3,2007,100.33557046979864,113.22033898305084,43.0,71.0,15.0,48.0,93.0,298.0,295.0,32.0,23.0,10.0,23.0,73.0,334.0,299.0,41.0,185.0,23.0,0.4933554817275747,0.3424657534246575,0.5581395348837209,95.9676331759946,0.2751937984496124,16.406040268456376,13.589830508474575,148.0,0.55,0.6544117647058824,0.6056338028169014,False,0.3112582781456953,2205
