index,year,ortg,drtg,AtRimFGM,AtRimFGA,AtRimAssists,Turnovers,FTA,OffPoss,DefPoss,TwoPtAssists,Steals,BadPassSteals,ThreePtAssists,FG3A,OpponentPoints,Points,SecondChancePoints,FG2A,LiveBallTurnovers,TsPct,Fg3Pct,AtRimFG3AFrequency,Pace,AtRimFrequency,SecondsPerPossOff,SecondsPerPossDef,Minutes,DefAtRimReboundPct,DefFGReboundPct,AtRimAccuracy,player_on,OffFGReboundPct,nba_id
0,2002,160.0,100.0,1.0,1.0,,1.0,,5.0,5.0,,,,2.0,4.0,5.0,8.0,2.0,2.0,,0.6666666666666666,0.5,0.8333333333333334,97.95918367346938,0.1666666666666666,14.2,15.2,2.0,,1.0,1.0,True,0.6666666666666666,2208
1,2002,97.70833333333331,100.90152565880722,197.0,358.0,115.0,235.0,430.0,1440.0,1442.0,244.0,120.0,57.0,82.0,298.0,1455.0,1407.0,179.0,924.0,142.0,0.4953966005665722,0.3087248322147651,0.5368248772504092,90.35072823460258,0.292962356792144,15.980555555555556,15.895284327323164,766.0,0.5526315789473685,0.7315716272600834,0.5502793296089385,False,0.2842998585572843,2208
2,2003,76.19047619047619,73.91304347826087,3.0,5.0,2.0,5.0,4.0,21.0,23.0,2.0,,,1.0,5.0,17.0,16.0,4.0,14.0,1.0,0.3809523809523809,0.2,0.5263157894736842,96.73282442748092,0.2631578947368421,11.857142857142858,17.652173913043477,11.0,0.75,0.6666666666666666,0.6,True,0.4166666666666667,2208
3,2003,102.63157894736842,102.31277533039648,125.0,230.0,72.0,146.0,314.0,912.0,908.0,171.0,79.0,37.0,47.0,162.0,929.0,936.0,126.0,607.0,85.0,0.5070883315158125,0.3580246913580246,0.5097529258777633,90.23239800309864,0.2990897269180754,15.981359649122806,15.93612334801762,484.0,0.5882352941176471,0.7703016241299304,0.5434782608695652,False,0.3191011235955056,2208
