index,year,ortg,drtg,AtRimFGM,AtRimFGA,AtRimAssists,Turnovers,FTA,OffPoss,DefPoss,TwoPtAssists,Steals,BadPassSteals,ThreePtAssists,FG3A,OpponentPoints,Points,SecondChancePoints,FG2A,LiveBallTurnovers,TsPct,Fg3Pct,AtRimFG3AFrequency,Pace,AtRimFrequency,SecondsPerPossOff,SecondsPerPossDef,Minutes,DefAtRimReboundPct,DefFGReboundPct,AtRimAccuracy,player_on,OffFGReboundPct,nba_id
0,2003,98.66666666666669,130.37974683544303,7.0,16.0,3.0,9.0,22.0,75.0,79.0,12.0,3.0,1.0,1.0,15.0,103.0,74.0,12.0,50.0,6.0,0.4864864864864865,0.2666666666666666,0.4769230769230769,91.40972794723828,0.2461538461538461,15.133333333333333,16.341772151898734,40.0,0.375,0.6470588235294118,0.4375,True,0.2307692307692307,2212
1,2003,99.2633517495396,103.31491712707182,80.0,139.0,35.0,98.0,161.0,543.0,543.0,76.0,34.0,24.0,23.0,99.0,561.0,539.0,67.0,348.0,53.0,0.5184108527131783,0.3232323232323232,0.5324384787472036,88.18315100936056,0.3109619686800894,14.25414364640884,18.40515653775322,296.0,0.5714285714285714,0.65,0.5755395683453237,False,0.2589641434262948,2212
2,2005,121.28205128205128,105.4862842892768,77.0,121.0,38.0,48.0,80.0,390.0,401.0,54.0,22.0,15.0,32.0,80.0,423.0,473.0,67.0,292.0,30.0,0.5784313725490197,0.4625,0.5403225806451613,88.48974518334369,0.325268817204301,15.076923076923077,17.43640897755611,215.0,0.4912280701754385,0.6666666666666666,0.6363636363636364,True,0.3295454545454545,2212
3,2005,117.07080504364694,116.37426900584796,194.0,336.0,91.0,145.0,307.0,1031.0,1026.0,141.0,69.0,51.0,80.0,216.0,1194.0,1207.0,159.0,684.0,80.0,0.5785920925747348,0.4259259259259259,0.6133333333333333,96.7115058116756,0.3733333333333333,13.34917555771096,16.437621832358673,510.0,0.6033057851239669,0.6596194503171248,0.5773809523809523,False,0.3149779735682819,2212
4,2008,90.9090909090909,45.45454545454545,2.0,2.0,2.0,1.0,6.0,11.0,11.0,2.0,1.0,1.0,,4.0,5.0,10.0,,3.0,1.0,0.5,,0.8571428571428571,115.62043795620438,0.2857142857142857,8.181818181818182,16.727272727272727,5.0,,1.0,1.0,True,,2212
5,2008,103.39425587467365,118.53785900783288,80.0,148.0,36.0,56.0,110.0,383.0,383.0,56.0,24.0,15.0,16.0,68.0,454.0,396.0,60.0,279.0,27.0,0.4974683544303797,0.2647058823529412,0.622478386167147,98.0828739107238,0.4265129682997118,13.689295039164492,15.673629242819842,187.0,0.6111111111111112,0.7134502923976608,0.5405405405405406,False,0.350253807106599,2212
