index,year,ortg,drtg,AtRimFGM,AtRimFGA,AtRimAssists,Turnovers,FTA,OffPoss,DefPoss,TwoPtAssists,Steals,BadPassSteals,ThreePtAssists,FG3A,OpponentPoints,Points,SecondChancePoints,FG2A,LiveBallTurnovers,TsPct,Fg3Pct,AtRimFG3AFrequency,Pace,AtRimFrequency,SecondsPerPossOff,SecondsPerPossDef,Minutes,DefAtRimReboundPct,DefFGReboundPct,AtRimAccuracy,player_on,OffFGReboundPct,nba_id
0,2002,95.679012345679,84.4311377245509,33.0,54.0,20.0,17.0,44.0,162.0,167.0,27.0,18.0,9.0,7.0,35.0,141.0,155.0,14.0,109.0,12.0,0.4725609756097561,0.2571428571428571,0.6180555555555556,102.2135922330097,0.375,13.135802469135802,15.011976047904191,77.0,0.5714285714285714,0.6962025316455697,0.6111111111111112,True,0.2470588235294117,2213
1,2002,103.45018705833448,104.564946742288,1154.0,2181.0,583.0,1124.0,1894.0,7217.0,7229.0,1239.0,607.0,378.0,366.0,1121.0,7559.0,7466.0,1165.0,5329.0,641.0,0.5087321232123212,0.3782337198929527,0.511937984496124,89.50087124878993,0.3381395348837209,16.073576278231954,16.10485544335316,3874.0,0.6,0.6672330784480317,0.5291150848234755,False,0.3097098214285714,2213
2,2003,97.5206611570248,74.78991596638656,27.0,38.0,20.0,19.0,33.0,121.0,119.0,27.0,9.0,4.0,3.0,16.0,89.0,118.0,5.0,76.0,12.0,0.5514018691588785,0.1875,0.5869565217391305,99.05417024935512,0.4130434782608695,13.818181818181818,15.268907563025213,58.0,0.7692307692307693,0.7777777777777778,0.7105263157894737,True,0.1739130434782608,2213
3,2003,101.3406292749658,103.8199181446112,1225.0,2193.0,616.0,1177.0,1892.0,7310.0,7330.0,1321.0,638.0,368.0,279.0,985.0,7610.0,7408.0,1080.0,5441.0,644.0,0.5064711551700399,0.3401015228426396,0.494553376906318,89.56753380832814,0.3412698412698413,15.95376196990424,16.200409276944065,3923.0,0.5748218527315915,0.6538777747328035,0.5585955312357501,False,0.299237072619384,2213
