index,year,ortg,drtg,AtRimFGM,AtRimFGA,AtRimAssists,Turnovers,FTA,OffPoss,DefPoss,TwoPtAssists,Steals,BadPassSteals,ThreePtAssists,FG3A,OpponentPoints,Points,SecondChancePoints,FG2A,LiveBallTurnovers,TsPct,Fg3Pct,AtRimFG3AFrequency,Pace,AtRimFrequency,SecondsPerPossOff,SecondsPerPossDef,Minutes,DefAtRimReboundPct,DefFGReboundPct,AtRimAccuracy,player_on,OffFGReboundPct,nba_id
0,2002,85.71428571428571,100.0,1.0,1.0,,1.0,4.0,7.0,7.0,,,,,1.0,7.0,6.0,4.0,4.0,1.0,0.4285714285714285,,0.4,115.2,0.2,13.714285714285714,11.285714285714286,3.0,,1.0,1.0,True,0.5,2214
1,2002,101.4251781472684,97.86223277909738,58.0,109.0,32.0,74.0,126.0,421.0,421.0,62.0,40.0,29.0,29.0,93.0,412.0,427.0,60.0,258.0,39.0,0.5183374083129584,0.3763440860215054,0.5754985754985755,85.23585237258348,0.3105413105413105,16.494061757719717,17.294536817102138,237.0,0.392156862745098,0.6157407407407407,0.5321100917431193,False,0.2885572139303483,2214
