index,year,ortg,drtg,AtRimFGM,AtRimFGA,AtRimAssists,Turnovers,FTA,OffPoss,DefPoss,TwoPtAssists,Steals,BadPassSteals,ThreePtAssists,FG3A,OpponentPoints,Points,SecondChancePoints,FG2A,LiveBallTurnovers,TsPct,Fg3Pct,AtRimFG3AFrequency,Pace,AtRimFrequency,SecondsPerPossOff,SecondsPerPossDef,Minutes,DefAtRimReboundPct,DefFGReboundPct,AtRimAccuracy,player_on,OffFGReboundPct,nba_id
0,2002,100.0,80.76923076923077,12.0,20.0,9.0,11.0,13.0,80.0,78.0,22.0,4.0,3.0,4.0,18.0,63.0,80.0,8.0,52.0,10.0,0.5333333333333333,0.2222222222222222,0.5428571428571428,99.70201577563542,0.2857142857142857,14.6375,14.243589743589745,38.0,0.7777777777777778,0.7317073170731707,0.6,True,0.2777777777777778,2218
1,2002,100.95137420718817,103.40369393139842,1000.0,1676.0,563.0,1324.0,2078.0,7568.0,7580.0,1329.0,619.0,355.0,447.0,1493.0,7838.0,7640.0,1113.0,5016.0,783.0,0.5093716289104638,0.3415941058271936,0.4868643416807497,92.55475691409464,0.2574896297434321,15.959566596194502,15.15778364116095,3928.0,0.635875402792696,0.7331743508214097,0.5966587112171837,False,0.2989352989352989,2218
2,2003,93.08176100628933,83.22981366459628,35.0,49.0,22.0,27.0,30.0,159.0,161.0,31.0,14.0,5.0,7.0,31.0,134.0,148.0,31.0,112.0,14.0,0.4681528662420382,0.2258064516129032,0.5594405594405595,90.85173501577287,0.3426573426573426,14.723270440251572,16.96273291925466,85.0,0.5384615384615384,0.7209302325581395,0.7142857142857143,True,0.3289473684210526,2218
3,2003,103.86500490127432,104.1397698568622,1101.0,1764.0,604.0,1181.0,1791.0,7141.0,7126.0,1265.0,486.0,266.0,400.0,1340.0,7421.0,7417.0,1049.0,4941.0,664.0,0.520981003685852,0.3470149253731343,0.4941888234357586,88.10264679143009,0.2808469988855278,15.90267469542081,16.787398259893347,3886.0,0.6098265895953757,0.6907245559627855,0.6241496598639455,False,0.3042195337857775,2218
