index,year,ortg,drtg,AtRimFGM,AtRimFGA,AtRimAssists,Turnovers,FTA,OffPoss,DefPoss,TwoPtAssists,Steals,BadPassSteals,ThreePtAssists,FG3A,OpponentPoints,Points,SecondChancePoints,FG2A,LiveBallTurnovers,TsPct,Fg3Pct,AtRimFG3AFrequency,Pace,AtRimFrequency,SecondsPerPossOff,SecondsPerPossDef,Minutes,DefAtRimReboundPct,DefFGReboundPct,AtRimAccuracy,player_on,OffFGReboundPct,nba_id
0,2003,84.0,83.72093023255815,8.0,16.0,3.0,7.0,11.0,50.0,43.0,6.0,3.0,2.0,2.0,14.0,36.0,42.0,11.0,31.0,1.0,0.42,0.2142857142857142,0.6666666666666666,91.78889650445512,0.3555555555555555,17.88,13.13953488372093,24.0,0.7142857142857143,0.7916666666666666,0.5,True,0.4230769230769231,2219
1,2003,108.74125874125876,100.34782608695652,74.0,131.0,40.0,88.0,224.0,572.0,575.0,95.0,56.0,34.0,27.0,120.0,577.0,622.0,99.0,365.0,36.0,0.5246179966044142,0.325,0.5175257731958763,88.32041067322604,0.2701030927835051,18.16608391608392,14.452173913043476,312.0,0.6557377049180327,0.7406015037593985,0.5648854961832062,False,0.3432835820895522,2219
