index,year,ortg,drtg,AtRimFGM,AtRimFGA,AtRimAssists,Turnovers,FTA,OffPoss,DefPoss,TwoPtAssists,Steals,BadPassSteals,ThreePtAssists,FG3A,OpponentPoints,Points,SecondChancePoints,FG2A,LiveBallTurnovers,TsPct,Fg3Pct,AtRimFG3AFrequency,Pace,AtRimFrequency,SecondsPerPossOff,SecondsPerPossDef,Minutes,DefAtRimReboundPct,DefFGReboundPct,AtRimAccuracy,player_on,OffFGReboundPct,nba_id
0,1999,105.2,106.0,,,,,,,,,,,,,,,,,,,,,,,,,110.0,,,,True,0.203,221
1,1999,86.2,100.5,,,,,,,,,,,,,,,,,,,,,,,,,128.0,,,,False,0.23,221
2,2000,86.3,89.1,,,,,,,,,,,,,,,,,,,,,,,,,166.0,,,,True,0.231,221
3,2000,103.4,96.3,,,,,,,,,,,,,,,,,,,,,,,,,315.0,,,,False,0.272,221
4,2004,79.06976744186046,79.06976744186046,4.0,6.0,2.0,12.0,14.0,43.0,43.0,5.0,2.0,2.0,1.0,4.0,34.0,34.0,5.0,26.0,6.0,0.4594594594594595,0.25,0.3333333333333333,95.92563903950426,0.2,15.69767441860465,14.325581395348838,22.0,1.0,0.9,0.6666666666666666,True,0.3333333333333333,221
5,2004,96.04938271604938,102.46305418719211,60.0,89.0,31.0,72.0,100.0,405.0,406.0,62.0,24.0,16.0,18.0,72.0,416.0,389.0,45.0,270.0,44.0,0.5025906735751295,0.3055555555555556,0.4707602339181286,87.09374300842718,0.260233918128655,16.71851851851852,16.34975369458128,223.0,0.7142857142857143,0.7286432160804021,0.6741573033707865,False,0.2552083333333333,221
6,2005,,100.0,,,,,,,1.0,,,,,,1.0,,,,,,,,160.0,,,9.0,,,,,True,,221
7,2005,110.5177993527508,114.72995090016369,106.0,182.0,48.0,100.0,181.0,618.0,611.0,87.0,51.0,34.0,39.0,124.0,701.0,683.0,93.0,402.0,49.0,0.5610561056105611,0.4032258064516129,0.5817490494296578,87.82492184010718,0.3460076045627376,16.21359223300971,16.5810147299509,336.0,0.4883720930232558,0.6445993031358885,0.5824175824175825,False,0.3054545454545455,221
