index,year,ortg,drtg,AtRimFGM,AtRimFGA,AtRimAssists,Turnovers,FTA,OffPoss,DefPoss,TwoPtAssists,Steals,BadPassSteals,ThreePtAssists,FG3A,OpponentPoints,Points,SecondChancePoints,FG2A,LiveBallTurnovers,TsPct,Fg3Pct,AtRimFG3AFrequency,Pace,AtRimFrequency,SecondsPerPossOff,SecondsPerPossDef,Minutes,DefAtRimReboundPct,DefFGReboundPct,AtRimAccuracy,player_on,OffFGReboundPct,nba_id
0,1999,106.0,105.2,,,,,,,,,,,,,,,,,,,,,,,,,110.0,,,,True,0.341,221
1,1999,100.5,86.2,,,,,,,,,,,,,,,,,,,,,,,,,128.0,,,,False,0.25,221
2,2000,89.1,86.3,,,,,,,,,,,,,,,,,,,,,,,,,166.0,,,,True,0.201,221
3,2000,96.3,103.4,,,,,,,,,,,,,,,,,,,,,,,,,315.0,,,,False,0.187,221
4,2004,79.06976744186046,79.06976744186046,3.0,6.0,3.0,6.0,12.0,43.0,43.0,8.0,6.0,2.0,3.0,8.0,34.0,34.0,,25.0,2.0,0.4358974358974359,0.375,0.4242424242424242,95.92563903950426,0.1818181818181818,14.325581395348838,15.69767441860465,22.0,,0.6666666666666666,0.5,True,0.1,221
5,2004,102.46305418719211,96.04938271604938,67.0,103.0,39.0,46.0,128.0,406.0,405.0,92.0,44.0,23.0,19.0,59.0,389.0,416.0,49.0,302.0,24.0,0.5012048192771085,0.3389830508474576,0.4487534626038781,87.09374300842718,0.2853185595567867,16.34975369458128,16.71851851851852,223.0,0.7931034482758621,0.7447916666666666,0.6504854368932039,False,0.271356783919598,221
6,2005,100.0,,,,,,2.0,1.0,,,,,,,,1.0,,,,0.5,,,160.0,,9.0,,,,,,True,,221
7,2005,114.72995090016369,110.5177993527508,80.0,166.0,27.0,93.0,209.0,611.0,618.0,76.0,49.0,35.0,44.0,122.0,683.0,701.0,108.0,413.0,51.0,0.554140127388535,0.4344262295081967,0.5383177570093458,87.82492184010718,0.3102803738317757,16.5810147299509,16.21359223300971,336.0,0.5921052631578947,0.6945454545454546,0.4819277108433735,False,0.3554006968641115,221
