index,year,ortg,drtg,AtRimFGM,AtRimFGA,AtRimAssists,Turnovers,FTA,OffPoss,DefPoss,TwoPtAssists,Steals,BadPassSteals,ThreePtAssists,FG3A,OpponentPoints,Points,SecondChancePoints,FG2A,LiveBallTurnovers,TsPct,Fg3Pct,AtRimFG3AFrequency,Pace,AtRimFrequency,SecondsPerPossOff,SecondsPerPossDef,Minutes,DefAtRimReboundPct,DefFGReboundPct,AtRimAccuracy,player_on,OffFGReboundPct,nba_id
0,2004,98.3739837398374,99.46037099494096,515.0,937.0,300.0,594.0,905.0,2952.0,2965.0,599.0,256.0,142.0,85.0,345.0,2949.0,2904.0,429.0,2116.0,293.0,0.5020905923344948,0.3101449275362319,0.5209264526615197,87.53947787492423,0.3807395367736692,17.264227642276424,15.638785834738616,1622.0,0.6385135135135135,0.7023633677991138,0.5496264674493063,True,0.3411592076302274,2221
1,2004,103.2143701252659,104.6875,733.0,1344.0,377.0,771.0,1291.0,4231.0,4224.0,859.0,325.0,209.0,128.0,441.0,4422.0,4367.0,737.0,3270.0,373.0,0.5052447552447552,0.3287981859410431,0.481002425222312,86.94894556049904,0.3621665319320937,17.730323800519972,15.390625,2334.0,0.5822222222222222,0.6886195995785037,0.5453869047619048,False,0.3836633663366336,2221
2,2005,108.26446280991736,103.00207039337474,174.0,260.0,115.0,173.0,273.0,968.0,966.0,235.0,73.0,32.0,43.0,132.0,995.0,1048.0,140.0,682.0,92.0,0.5554962646744931,0.4015151515151515,0.4815724815724815,89.84901277584204,0.3194103194103194,16.33677685950413,15.716356107660456,517.0,0.5324675324675324,0.7387173396674585,0.6692307692307692,True,0.3097560975609756,2221
3,2005,103.4607519270096,109.86935306154572,1091.0,1916.0,635.0,1119.0,1999.0,6357.0,6353.0,1376.0,468.0,282.0,172.0,630.0,6980.0,6577.0,1036.0,4857.0,554.0,0.5121625863151287,0.3126984126984127,0.4640058319664662,88.68988777112287,0.3491889921632951,17.119710555293377,15.352431921926648,3439.0,0.6232114467408585,0.6922795462861324,0.5694154488517745,False,0.3496480053637278,2221
