index,year,ortg,drtg,AtRimFGM,AtRimFGA,AtRimAssists,Turnovers,FTA,OffPoss,DefPoss,TwoPtAssists,Steals,BadPassSteals,ThreePtAssists,FG3A,OpponentPoints,Points,SecondChancePoints,FG2A,LiveBallTurnovers,TsPct,Fg3Pct,AtRimFG3AFrequency,Pace,AtRimFrequency,SecondsPerPossOff,SecondsPerPossDef,Minutes,DefAtRimReboundPct,DefFGReboundPct,AtRimAccuracy,player_on,OffFGReboundPct,nba_id
0,2002,110.61843640606769,99.7690531177829,148.0,236.0,86.0,116.0,284.0,857.0,866.0,173.0,98.0,60.0,41.0,151.0,864.0,948.0,143.0,602.0,52.0,0.5352272727272728,0.3311258278145695,0.5139442231075697,91.96486155899034,0.3134130146082337,15.775962660443406,15.541570438799075,450.0,0.5420560747663551,0.65311004784689,0.6271186440677966,True,0.3134328358208955,2228
1,2002,102.67459138187222,103.35170564576195,1054.0,1834.0,581.0,1149.0,1729.0,6730.0,6713.0,1269.0,587.0,386.0,338.0,1057.0,6938.0,6910.0,1045.0,4853.0,616.0,0.5139949109414759,0.3623462630085147,0.48917089678511,91.75195870718215,0.310321489001692,16.094650817236257,15.293311485178013,3516.0,0.5722543352601156,0.6781334131020041,0.5747001090512541,False,0.328580285182889,2228
2,2003,98.38709677419357,88.52459016393442,8.0,15.0,5.0,11.0,22.0,62.0,61.0,9.0,5.0,2.0,5.0,9.0,54.0,61.0,10.0,39.0,6.0,0.5169491525423728,0.5555555555555556,0.5,101.21142857142856,0.3125,15.451612903225806,12.98360655737705,29.0,1.0,0.8333333333333334,0.5333333333333333,True,0.3103448275862069,2228
3,2003,102.3454157782516,103.73333333333332,1276.0,2117.0,712.0,1298.0,1910.0,7504.0,7500.0,1446.0,634.0,387.0,364.0,1352.0,7780.0,7680.0,1244.0,5258.0,659.0,0.511022986960613,0.3187869822485207,0.5248108925869894,91.58475689881736,0.3202723146747352,16.12819829424307,15.317866666666667,3932.0,0.5414078674948241,0.6743106743106743,0.6027397260273972,False,0.3233913283623308,2228
4,2004,94.5945945945946,95.94594594594597,8.0,13.0,7.0,12.0,25.0,74.0,74.0,17.0,9.0,5.0,2.0,9.0,71.0,70.0,17.0,52.0,5.0,0.4794520547945205,0.2222222222222222,0.360655737704918,87.92079207920793,0.2131147540983606,15.95945945945946,16.7972972972973,40.0,0.5,0.675,0.6153846153846154,True,0.3714285714285714,2228
5,2004,99.08536585365852,100.88556800885569,899.0,1678.0,457.0,1091.0,1999.0,7216.0,7227.0,1259.0,701.0,435.0,411.0,1218.0,7291.0,7150.0,1006.0,5126.0,555.0,0.4901974320033135,0.3735632183908046,0.4564943253467843,87.86096301866388,0.2645018915510719,15.954406873614191,16.823993358239935,3945.0,0.6193265007320644,0.7043059319482083,0.535756853396901,False,0.2878663379895919,2228
