index,year,ortg,drtg,AtRimFGM,AtRimFGA,AtRimAssists,Turnovers,FTA,OffPoss,DefPoss,TwoPtAssists,Steals,BadPassSteals,ThreePtAssists,FG3A,OpponentPoints,Points,SecondChancePoints,FG2A,LiveBallTurnovers,TsPct,Fg3Pct,AtRimFG3AFrequency,Pace,AtRimFrequency,SecondsPerPossOff,SecondsPerPossDef,Minutes,DefAtRimReboundPct,DefFGReboundPct,AtRimAccuracy,player_on,OffFGReboundPct,nba_id
0,2002,116.66666666666669,125.0,4.0,5.0,3.0,2.0,3.0,12.0,12.0,3.0,1.0,1.0,1.0,2.0,15.0,14.0,5.0,9.0,2.0,0.5833333333333334,0.5,0.6363636363636364,101.94690265486724,0.4545454545454545,14.833333333333334,13.416666666666666,6.0,,1.0,0.8,True,0.3333333333333333,2237
1,2002,104.49316551630804,102.0698051948052,1122.0,1850.0,621.0,1191.0,1951.0,7389.0,7392.0,1261.0,647.0,409.0,500.0,1507.0,7545.0,7721.0,1002.0,4783.0,649.0,0.5353302611367128,0.3755806237558062,0.5337042925278219,90.25761064536238,0.2941176470588235,15.882528082284477,16.026109307359306,3930.0,0.5669383003492433,0.6769535673839184,0.6064864864864865,False,0.2731042654028436,2237
