index,year,ortg,drtg,AtRimFGM,AtRimFGA,AtRimAssists,Turnovers,FTA,OffPoss,DefPoss,TwoPtAssists,Steals,BadPassSteals,ThreePtAssists,FG3A,OpponentPoints,Points,SecondChancePoints,FG2A,LiveBallTurnovers,TsPct,Fg3Pct,AtRimFG3AFrequency,Pace,AtRimFrequency,SecondsPerPossOff,SecondsPerPossDef,Minutes,DefAtRimReboundPct,DefFGReboundPct,AtRimAccuracy,player_on,OffFGReboundPct,nba_id
0,2002,95.76547231270358,100.9771986970684,95.0,159.0,52.0,124.0,175.0,614.0,614.0,103.0,60.0,39.0,26.0,104.0,620.0,588.0,95.0,401.0,74.0,0.5025728987993139,0.2980769230769231,0.5207920792079208,92.8837062716672,0.3148514851485148,15.693811074918568,15.31270358306189,317.0,0.5647058823529412,0.6378205128205128,0.5974842767295597,True,0.3333333333333333,2238
1,2002,97.8932178932179,106.14186851211072,1122.0,1848.0,655.0,1221.0,1708.0,6930.0,6936.0,1439.0,586.0,377.0,217.0,992.0,7362.0,6784.0,1036.0,5038.0,707.0,0.4973416038989809,0.3074596774193548,0.4709784411276949,91.45683898095474,0.3064676616915422,15.9982683982684,15.492214532871971,3639.0,0.5717703349282297,0.6683642899940084,0.6071428571428571,False,0.3054305430543054,2238
