index,year,ortg,drtg,AtRimFGM,AtRimFGA,AtRimAssists,Turnovers,FTA,OffPoss,DefPoss,TwoPtAssists,Steals,BadPassSteals,ThreePtAssists,FG3A,OpponentPoints,Points,SecondChancePoints,FG2A,LiveBallTurnovers,TsPct,Fg3Pct,AtRimFG3AFrequency,Pace,AtRimFrequency,SecondsPerPossOff,SecondsPerPossDef,Minutes,DefAtRimReboundPct,DefFGReboundPct,AtRimAccuracy,player_on,OffFGReboundPct,nba_id
0,2004,103.50877192982456,84.070796460177,14.0,21.0,9.0,27.0,26.0,114.0,113.0,18.0,17.0,13.0,10.0,25.0,95.0,118.0,20.0,66.0,20.0,0.5679611650485437,0.48,0.5054945054945055,87.12153518123668,0.2307692307692307,17.24561403508772,15.805309734513274,63.0,0.6923076923076923,0.7115384615384616,0.6666666666666666,True,0.3478260869565217,2248
1,2004,114.76793248945148,101.27118644067797,44.0,75.0,25.0,38.0,75.0,237.0,236.0,46.0,13.0,10.0,13.0,40.0,239.0,272.0,34.0,157.0,18.0,0.5822510822510822,0.475,0.583756345177665,87.68280123583934,0.3807106598984771,17.354430379746834,15.48728813559322,129.0,0.7,0.7837837837837838,0.5866666666666667,False,0.3368421052631579,2248
2,2005,119.84126984126983,119.84126984126983,17.0,26.0,9.0,19.0,27.0,126.0,126.0,17.0,4.0,4.0,14.0,33.0,151.0,151.0,22.0,83.0,10.0,0.5813953488372093,0.4242424242424242,0.5086206896551724,82.28571428571429,0.2241379310344827,16.071428571428573,18.928571428571427,74.0,0.6666666666666666,0.7419354838709677,0.6538461538461539,True,0.3684210526315789,2248
3,2005,127.19665271966528,108.7866108786611,46.0,71.0,25.0,25.0,101.0,239.0,239.0,36.0,15.0,12.0,28.0,59.0,260.0,304.0,42.0,141.0,13.0,0.6158536585365854,0.4745762711864407,0.65,96.81012658227849,0.355,13.087866108786612,16.661087866108787,118.0,0.6,0.7043478260869566,0.647887323943662,False,0.2631578947368421,2248
4,2014,110.34482758620688,76.66666666666667,2.0,5.0,,1.0,6.0,29.0,30.0,2.0,5.0,4.0,1.0,8.0,23.0,32.0,6.0,21.0,1.0,0.5,0.25,0.4482758620689655,98.67595818815332,0.1724137931034483,15.413793103448276,13.8,14.0,0.8333333333333334,0.6,0.4,True,0.2941176470588235,2248
5,2014,114.72868217054264,109.23226433430516,199.0,346.0,85.0,129.0,272.0,1032.0,1029.0,148.0,81.0,46.0,67.0,242.0,1124.0,1184.0,193.0,722.0,64.0,0.5432382704691813,0.3512396694214876,0.6099585062240664,93.56663198713706,0.3589211618257261,15.458333333333334,15.32167152575316,529.0,0.625,0.688715953307393,0.5751445086705202,False,0.3293172690763052,2248
