index,year,ortg,drtg,AtRimFGM,AtRimFGA,AtRimAssists,Turnovers,FTA,OffPoss,DefPoss,TwoPtAssists,Steals,BadPassSteals,ThreePtAssists,FG3A,OpponentPoints,Points,SecondChancePoints,FG2A,LiveBallTurnovers,TsPct,Fg3Pct,AtRimFG3AFrequency,Pace,AtRimFrequency,SecondsPerPossOff,SecondsPerPossDef,Minutes,DefAtRimReboundPct,DefFGReboundPct,AtRimAccuracy,player_on,OffFGReboundPct,nba_id
0,2002,78.57142857142857,92.85714285714286,1.0,3.0,1.0,,6.0,14.0,14.0,1.0,2.0,2.0,,3.0,13.0,11.0,,7.0,,0.4230769230769231,,0.6,118.93805309734512,0.3,13.571428571428571,10.642857142857142,6.0,1.0,0.6666666666666666,0.3333333333333333,True,,2249
1,2002,97.1677559912854,97.58771929824562,73.0,125.0,38.0,74.0,112.0,459.0,456.0,75.0,39.0,22.0,15.0,57.0,445.0,446.0,75.0,348.0,41.0,0.4878854625550661,0.2807017543859649,0.4493827160493827,89.87108655616943,0.3086419753086419,14.877995642701524,17.17543859649123,244.0,0.675,0.7614213197969543,0.584,False,0.2946428571428571,2249
