index,year,ortg,drtg,AtRimFGM,AtRimFGA,AtRimAssists,Turnovers,FTA,OffPoss,DefPoss,TwoPtAssists,Steals,BadPassSteals,ThreePtAssists,FG3A,OpponentPoints,Points,SecondChancePoints,FG2A,LiveBallTurnovers,TsPct,Fg3Pct,AtRimFG3AFrequency,Pace,AtRimFrequency,SecondsPerPossOff,SecondsPerPossDef,Minutes,DefAtRimReboundPct,DefFGReboundPct,AtRimAccuracy,player_on,OffFGReboundPct,nba_id
0,2006,110.61643835616438,118.55670103092784,53.0,95.0,34.0,46.0,68.0,292.0,291.0,58.0,23.0,9.0,15.0,37.0,345.0,323.0,49.0,228.0,21.0,0.5462328767123288,0.4864864864864865,0.4981132075471698,88.12007977327595,0.3584905660377358,15.650684931506849,17.034364261168385,159.0,0.6521739130434783,0.6744186046511628,0.5578947368421052,True,0.2867647058823529,2250
1,2006,107.84313725490196,124.02597402597402,24.0,43.0,10.0,20.0,39.0,153.0,154.0,26.0,7.0,7.0,6.0,25.0,191.0,165.0,16.0,111.0,10.0,0.5392156862745098,0.32,0.5,90.72029550584855,0.3161764705882353,15.38562091503268,16.357142857142858,81.0,0.6666666666666666,0.6610169491525424,0.5581395348837209,False,0.25,2250
2,2012,110.9375,101.61290322580643,13.0,18.0,5.0,14.0,13.0,64.0,62.0,6.0,6.0,3.0,2.0,16.0,63.0,71.0,4.0,33.0,8.0,0.6454545454545455,0.375,0.6938775510204082,95.04452592980618,0.3673469387755102,13.46875,16.887096774193548,32.0,0.5,0.6296296296296297,0.7222222222222222,True,0.1666666666666666,2250
3,2012,100.97826086956522,106.69546436285096,142.0,229.0,74.0,148.0,248.0,920.0,926.0,132.0,98.0,57.0,50.0,164.0,988.0,929.0,108.0,615.0,72.0,0.5196629213483146,0.3780487804878049,0.5044929396662388,88.39878953144225,0.2939666238767651,16.265217391304347,16.314254859611232,501.0,0.5865384615384616,0.6737588652482269,0.6200873362445415,False,0.2535885167464115,2250
