index,year,ortg,drtg,AtRimFGM,AtRimFGA,AtRimAssists,Turnovers,FTA,OffPoss,DefPoss,TwoPtAssists,Steals,BadPassSteals,ThreePtAssists,FG3A,OpponentPoints,Points,SecondChancePoints,FG2A,LiveBallTurnovers,TsPct,Fg3Pct,AtRimFG3AFrequency,Pace,AtRimFrequency,SecondsPerPossOff,SecondsPerPossDef,Minutes,DefAtRimReboundPct,DefFGReboundPct,AtRimAccuracy,player_on,OffFGReboundPct,nba_id
0,2006,118.55670103092784,110.61643835616438,34.0,58.0,22.0,37.0,117.0,291.0,292.0,51.0,21.0,15.0,26.0,67.0,323.0,345.0,48.0,179.0,23.0,0.5697674418604651,0.4477611940298507,0.508130081300813,88.12007977327595,0.2357723577235772,17.034364261168385,15.650684931506849,159.0,0.7619047619047619,0.7132352941176471,0.5862068965517241,True,0.3255813953488372,2250
1,2006,124.02597402597402,107.84313725490196,23.0,32.0,10.0,16.0,53.0,154.0,153.0,31.0,10.0,6.0,13.0,38.0,165.0,191.0,31.0,92.0,7.0,0.6121794871794872,0.3947368421052631,0.5384615384615384,90.72029550584855,0.2461538461538461,16.357142857142858,15.38562091503268,81.0,0.6842105263157895,0.75,0.71875,False,0.3389830508474576,2250
2,2012,101.61290322580643,110.9375,12.0,20.0,5.0,9.0,23.0,62.0,64.0,8.0,8.0,7.0,1.0,7.0,71.0,63.0,12.0,43.0,6.0,0.5163934426229508,0.1428571428571428,0.54,95.04452592980618,0.4,16.887096774193548,13.46875,32.0,0.8,0.8333333333333334,0.6,True,0.3703703703703703,2250
3,2012,106.69546436285096,100.97826086956522,149.0,254.0,88.0,157.0,282.0,926.0,920.0,158.0,72.0,41.0,54.0,163.0,929.0,988.0,144.0,628.0,98.0,0.5355191256830601,0.3742331288343558,0.527180783817952,88.39878953144225,0.3211125158027813,16.314254859611232,16.265217391304347,501.0,0.7126436781609196,0.7464114832535885,0.5866141732283464,False,0.3262411347517731,2250
