index,year,ortg,drtg,AtRimFGM,AtRimFGA,AtRimAssists,Turnovers,FTA,OffPoss,DefPoss,TwoPtAssists,Steals,BadPassSteals,ThreePtAssists,FG3A,OpponentPoints,Points,SecondChancePoints,FG2A,LiveBallTurnovers,TsPct,Fg3Pct,AtRimFG3AFrequency,Pace,AtRimFrequency,SecondsPerPossOff,SecondsPerPossDef,Minutes,DefAtRimReboundPct,DefFGReboundPct,AtRimAccuracy,player_on,OffFGReboundPct,nba_id
0,2003,93.65256124721604,93.9799331103679,130.0,233.0,62.0,158.0,247.0,898.0,897.0,147.0,73.0,40.0,19.0,107.0,843.0,841.0,134.0,670.0,80.0,0.4701240135287486,0.2616822429906542,0.4375804375804376,88.32091847194697,0.2998712998712998,15.92761692650334,16.681159420289855,488.0,0.6145833333333334,0.6960556844547564,0.5579399141630901,True,0.3176733780760626,2253
1,2003,97.01492537313432,103.22833411690958,818.0,1472.0,380.0,1009.0,1442.0,6365.0,6381.0,1067.0,518.0,332.0,268.0,993.0,6587.0,6175.0,921.0,4747.0,546.0,0.4813333333333333,0.3222557905337361,0.4294425087108014,87.94809625576202,0.2564459930313589,16.720188531029066,16.027268453220497,3478.0,0.65086887835703,0.716252518468771,0.5557065217391305,False,0.294762484774665,2253
2,2004,123.72881355932203,102.52100840336136,27.0,39.0,16.0,17.0,31.0,118.0,119.0,26.0,7.0,3.0,6.0,24.0,122.0,146.0,12.0,78.0,6.0,0.6293103448275862,0.3333333333333333,0.6176470588235294,92.91587258371902,0.3823529411764705,14.55084745762712,16.436974789915965,61.0,0.5714285714285714,0.6984126984126984,0.6923076923076923,True,0.3658536585365853,2253
3,2004,102.44401966138722,103.59093391589296,1201.0,1937.0,618.0,1194.0,1997.0,7324.0,7324.0,1261.0,569.0,340.0,388.0,1259.0,7587.0,7503.0,1097.0,5150.0,660.0,0.5111781648607873,0.3343923749007148,0.4986737400530504,89.91597999889167,0.3022312373225152,16.414937192790823,15.614964500273077,3910.0,0.5788005578800558,0.6927170868347339,0.6200309757356737,False,0.3085860017001983,2253
