index,year,ortg,drtg,AtRimFGM,AtRimFGA,AtRimAssists,Turnovers,FTA,OffPoss,DefPoss,TwoPtAssists,Steals,BadPassSteals,ThreePtAssists,FG3A,OpponentPoints,Points,SecondChancePoints,FG2A,LiveBallTurnovers,TsPct,Fg3Pct,AtRimFG3AFrequency,Pace,AtRimFrequency,SecondsPerPossOff,SecondsPerPossDef,Minutes,DefAtRimReboundPct,DefFGReboundPct,AtRimAccuracy,player_on,OffFGReboundPct,nba_id
0,2003,93.9799331103679,93.65256124721604,135.0,232.0,74.0,150.0,240.0,897.0,898.0,149.0,80.0,51.0,35.0,141.0,841.0,843.0,107.0,623.0,73.0,0.482183908045977,0.2765957446808511,0.4882198952879581,88.32091847194697,0.3036649214659686,16.681159420289855,15.92761692650334,488.0,0.6176470588235294,0.6823266219239373,0.5818965517241379,True,0.3039443155452436,2253
1,2003,103.22833411690958,97.01492537313432,872.0,1510.0,418.0,1023.0,1889.0,6381.0,6365.0,985.0,546.0,331.0,313.0,1008.0,6175.0,6587.0,872.0,4436.0,518.0,0.5209829264400829,0.3640873015873015,0.4625275532696546,87.94809625576202,0.2773695811903012,16.027268453220497,16.720188531029066,3478.0,0.6124031007751938,0.705237515225335,0.5774834437086093,False,0.283747481531229,2253
2,2004,102.52100840336136,123.72881355932203,16.0,23.0,9.0,16.0,37.0,119.0,118.0,14.0,6.0,5.0,7.0,24.0,146.0,122.0,12.0,80.0,7.0,0.5041322314049587,0.4583333333333333,0.4519230769230769,92.91587258371902,0.2211538461538461,16.436974789915965,14.55084745762712,61.0,0.6666666666666666,0.6341463414634146,0.6956521739130435,True,0.3015873015873015,2253
3,2004,103.59093391589296,102.44401966138722,1140.0,1861.0,583.0,1129.0,1838.0,7324.0,7324.0,1405.0,660.0,390.0,336.0,1083.0,7503.0,7587.0,1092.0,5443.0,569.0,0.5147961270966862,0.3721144967682364,0.4511186025130248,89.91597999889167,0.2851670242108489,15.614964500273077,16.414937192790823,3910.0,0.6248294679399727,0.6914139982998017,0.6125738850080602,False,0.3072829131652661,2253
