index,year,ortg,drtg,AtRimFGM,AtRimFGA,AtRimAssists,Turnovers,FTA,OffPoss,DefPoss,TwoPtAssists,Steals,BadPassSteals,ThreePtAssists,FG3A,OpponentPoints,Points,SecondChancePoints,FG2A,LiveBallTurnovers,TsPct,Fg3Pct,AtRimFG3AFrequency,Pace,AtRimFrequency,SecondsPerPossOff,SecondsPerPossDef,Minutes,DefAtRimReboundPct,DefFGReboundPct,AtRimAccuracy,player_on,OffFGReboundPct,nba_id
0,2002,110.34482758620688,94.43207126948776,68.0,128.0,33.0,71.0,111.0,464.0,449.0,88.0,38.0,23.0,33.0,100.0,424.0,512.0,75.0,326.0,40.0,0.5382165605095541,0.42,0.5352112676056338,89.50371025937777,0.3004694835680751,15.508620689655173,16.688195991091312,245.0,0.6666666666666666,0.6724890829694323,0.53125,True,0.3497757847533632,2257
1,2002,103.44927117910233,108.16149963950971,1077.0,1735.0,655.0,1137.0,1660.0,6929.0,6935.0,1454.0,574.0,347.0,370.0,1185.0,7501.0,7168.0,966.0,4897.0,662.0,0.5218160377358491,0.3578059071729957,0.4801052285432423,89.41671780034129,0.2852680039460704,15.880502236975031,16.328046142754147,3721.0,0.549618320610687,0.652794292508918,0.6207492795389049,False,0.2871195819243775,2257
2,2003,81.81818181818181,100.0,1.0,2.0,1.0,2.0,,11.0,11.0,2.0,1.0,1.0,1.0,3.0,11.0,9.0,2.0,7.0,2.0,0.45,0.3333333333333333,0.5,112.74021352313169,0.2,13.363636363636363,12.181818181818182,5.0,,0.6666666666666666,0.5,True,0.3333333333333333,2257
3,2003,102.710027100271,105.5397534877421,1210.0,1976.0,664.0,1268.0,1659.0,7380.0,7383.0,1477.0,682.0,430.0,383.0,1282.0,7792.0,7580.0,1092.0,5248.0,723.0,0.5189890899047093,0.3408736349453978,0.498928024502297,89.344125879416,0.3026033690658499,16.00650406504065,16.228362454286874,3966.0,0.5555555555555556,0.6659799882283697,0.6123481781376519,False,0.3066590454415547,2257
4,2004,127.08333333333331,89.58333333333333,10.0,12.0,6.0,3.0,16.0,48.0,48.0,13.0,3.0,2.0,1.0,4.0,43.0,61.0,8.0,37.0,1.0,0.6354166666666666,0.25,0.3902439024390244,92.283044058745,0.2926829268292683,16.145833333333332,15.0625,25.0,0.5,0.7407407407407407,0.8333333333333334,True,0.375,2257
5,2004,104.5842068483578,103.26678765880216,1239.0,2183.0,716.0,1117.0,1602.0,7155.0,7163.0,1533.0,654.0,383.0,365.0,1218.0,7397.0,7483.0,1125.0,5308.0,612.0,0.5143904801439048,0.3415435139573071,0.521146184492798,86.53465512754866,0.334508121360711,15.920475192173305,17.36018428032947,3971.0,0.5321212121212121,0.6622054116962467,0.5675675675675675,False,0.3254690164866401,2257
