index,year,ortg,drtg,AtRimFGM,AtRimFGA,AtRimAssists,Turnovers,FTA,OffPoss,DefPoss,TwoPtAssists,Steals,BadPassSteals,ThreePtAssists,FG3A,OpponentPoints,Points,SecondChancePoints,FG2A,LiveBallTurnovers,TsPct,Fg3Pct,AtRimFG3AFrequency,Pace,AtRimFrequency,SecondsPerPossOff,SecondsPerPossDef,Minutes,DefAtRimReboundPct,DefFGReboundPct,AtRimAccuracy,player_on,OffFGReboundPct,nba_id
0,2002,94.43207126948776,110.34482758620688,67.0,117.0,36.0,77.0,114.0,449.0,464.0,73.0,40.0,23.0,24.0,80.0,512.0,424.0,61.0,313.0,38.0,0.4729119638826185,0.3375,0.5012722646310432,89.50371025937777,0.2977099236641221,16.688195991091312,15.508620689655173,245.0,0.6271186440677966,0.6502242152466368,0.5726495726495726,True,0.3275109170305676,2257
1,2002,108.16149963950971,103.44927117910233,1230.0,2024.0,726.0,1095.0,1787.0,6935.0,6929.0,1454.0,662.0,400.0,375.0,1238.0,7168.0,7501.0,1164.0,5040.0,574.0,0.5277304964539007,0.3546042003231018,0.5195922268238292,89.41671780034129,0.3223956674100032,16.328046142754147,15.880502236975031,3721.0,0.6371951219512195,0.7128804180756225,0.607707509881423,False,0.347205707491082,2257
2,2003,100.0,81.81818181818181,1.0,1.0,1.0,1.0,6.0,11.0,11.0,1.0,2.0,2.0,1.0,2.0,9.0,11.0,2.0,4.0,1.0,0.6111111111111112,0.5,0.5,112.74021352313169,0.1666666666666666,12.181818181818182,13.363636363636363,5.0,,0.6666666666666666,1.0,True,0.3333333333333333,2257
3,2003,105.5397534877421,102.710027100271,1358.0,2166.0,846.0,1248.0,1941.0,7383.0,7380.0,1525.0,723.0,414.0,333.0,1148.0,7580.0,7792.0,1106.0,5337.0,682.0,0.5269938650306748,0.3292682926829268,0.5110254433307633,89.344125879416,0.3340015420200463,16.228362454286874,16.00650406504065,3966.0,0.5883905013192612,0.6933409545584452,0.6269621421975993,False,0.3340200117716304,2257
4,2004,89.58333333333333,127.08333333333331,7.0,13.0,3.0,6.0,10.0,48.0,48.0,9.0,1.0,1.0,1.0,3.0,61.0,43.0,9.0,41.0,3.0,0.4387755102040816,0.3333333333333333,0.3636363636363636,92.283044058745,0.2954545454545454,15.0625,16.145833333333332,25.0,,0.625,0.5384615384615384,True,0.2592592592592592,2257
5,2004,103.26678765880216,104.5842068483578,1204.0,2041.0,667.0,1207.0,1718.0,7163.0,7155.0,1429.0,612.0,345.0,329.0,1099.0,7483.0,7397.0,1177.0,5324.0,654.0,0.5126149986060775,0.3457688808007279,0.4888681301572474,86.53465512754866,0.3177642846022108,17.36018428032947,15.920475192173305,3971.0,0.5899357601713062,0.6745309835133598,0.589906908378246,False,0.3377945883037532,2257
