index,year,ortg,drtg,AtRimFGM,AtRimFGA,AtRimAssists,Turnovers,FTA,OffPoss,DefPoss,TwoPtAssists,Steals,BadPassSteals,ThreePtAssists,FG3A,OpponentPoints,Points,SecondChancePoints,FG2A,LiveBallTurnovers,TsPct,Fg3Pct,AtRimFG3AFrequency,Pace,AtRimFrequency,SecondsPerPossOff,SecondsPerPossDef,Minutes,DefAtRimReboundPct,DefFGReboundPct,AtRimAccuracy,player_on,OffFGReboundPct,nba_id
0,2002,100.0,106.77966101694916,36.0,67.0,19.0,48.0,70.0,241.0,236.0,45.0,28.0,14.0,6.0,20.0,252.0,241.0,43.0,177.0,22.0,0.5218340611353712,0.35,0.4416243654822335,91.9271948608137,0.3401015228426396,15.705394190871369,15.622881355932204,125.0,0.5714285714285714,0.62,0.5373134328358209,True,0.4411764705882353,2264
1,2002,101.56140104093404,99.43804439449283,1162.0,1974.0,604.0,1208.0,2034.0,7109.0,7118.0,1401.0,677.0,391.0,186.0,695.0,7078.0,7220.0,1159.0,5544.0,632.0,0.5015393226980128,0.297841726618705,0.4277929155313351,89.34998778828373,0.3163968584709088,16.316922211281476,15.916128125878055,3821.0,0.6452476572958501,0.7065278559369724,0.5886524822695035,False,0.3426593596769541,2264
