index,year,ortg,drtg,AtRimFGM,AtRimFGA,AtRimAssists,Turnovers,FTA,OffPoss,DefPoss,TwoPtAssists,Steals,BadPassSteals,ThreePtAssists,FG3A,OpponentPoints,Points,SecondChancePoints,FG2A,LiveBallTurnovers,TsPct,Fg3Pct,AtRimFG3AFrequency,Pace,AtRimFrequency,SecondsPerPossOff,SecondsPerPossDef,Minutes,DefAtRimReboundPct,DefFGReboundPct,AtRimAccuracy,player_on,OffFGReboundPct,nba_id
0,2002,106.77966101694916,100.0,37.0,65.0,26.0,43.0,95.0,236.0,241.0,50.0,22.0,17.0,9.0,30.0,241.0,252.0,40.0,157.0,28.0,0.5431034482758621,0.3333333333333333,0.5080213903743316,91.9271948608137,0.3475935828877005,15.622881355932204,15.705394190871369,125.0,0.4,0.5588235294117647,0.5692307692307692,True,0.38,2264
1,2002,99.43804439449283,101.56140104093404,955.0,1708.0,557.0,1165.0,1703.0,7118.0,7109.0,1359.0,632.0,364.0,350.0,1292.0,7220.0,7078.0,936.0,5021.0,677.0,0.496380925347715,0.3312693498452012,0.4752098843655948,89.34998778828373,0.270552827498812,15.916128125878055,16.316922211281476,3821.0,0.5765432098765432,0.6573406403230458,0.5591334894613583,False,0.2934721440630276,2264
