index,year,ortg,drtg,AtRimFGM,AtRimFGA,AtRimAssists,Turnovers,FTA,OffPoss,DefPoss,TwoPtAssists,Steals,BadPassSteals,ThreePtAssists,FG3A,OpponentPoints,Points,SecondChancePoints,FG2A,LiveBallTurnovers,TsPct,Fg3Pct,AtRimFG3AFrequency,Pace,AtRimFrequency,SecondsPerPossOff,SecondsPerPossDef,Minutes,DefAtRimReboundPct,DefFGReboundPct,AtRimAccuracy,player_on,OffFGReboundPct,nba_id
0,2003,20.0,100.0,,1.0,,2.0,2.0,10.0,10.0,,2.0,2.0,,2.0,10.0,2.0,,5.0,2.0,0.125,,0.4285714285714285,82.05128205128206,0.1428571428571428,19.1,16.0,6.0,,0.3333333333333333,,True,0.2857142857142857,2321
1,2003,105.41288028447254,101.67612511548106,1231.0,2168.0,652.0,1065.0,2011.0,7593.0,7577.0,1395.0,736.0,448.0,376.0,1241.0,7704.0,8004.0,1207.0,5660.0,609.0,0.5099961553248751,0.3593875906526994,0.4939863787856832,91.58899664163616,0.3141573684973192,16.029369155801398,15.414807971492674,3975.0,0.5887850467289719,0.6971951917572983,0.5678044280442804,False,0.3229357798165138,2321
2,2004,95.18072289156626,80.0,24.0,47.0,13.0,31.0,35.0,166.0,160.0,27.0,25.0,14.0,11.0,29.0,128.0,158.0,22.0,105.0,16.0,0.5236486486486487,0.4137931034482758,0.5671641791044776,93.23535253227408,0.3507462686567164,16.46385542168675,14.3875,84.0,0.6363636363636364,0.7051282051282052,0.5106382978723404,True,0.2428571428571428,2321
3,2004,103.20941428189356,96.90265486725664,1151.0,2069.0,667.0,1219.0,2203.0,7478.0,7458.0,1469.0,669.0,432.0,383.0,1206.0,7227.0,7718.0,1065.0,5271.0,643.0,0.5134084204880665,0.3540630182421227,0.5056353249961402,92.33804872813135,0.3194380114250424,15.679860925381115,15.509654062751409,3882.0,0.6063947078280044,0.6936507936507936,0.5563073948767521,False,0.319047619047619,2321
4,2005,139.68253968253967,83.87096774193549,15.0,21.0,7.0,5.0,19.0,63.0,62.0,12.0,2.0,2.0,6.0,13.0,52.0,88.0,12.0,46.0,1.0,0.6567164179104478,0.6153846153846154,0.576271186440678,101.46561443066516,0.3559322033898305,13.80952380952381,14.580645161290322,30.0,,0.7931034482758621,0.7142857142857143,True,0.3846153846153846,2321
5,2005,106.35706128663875,114.20959147424512,1403.0,2347.0,641.0,1124.0,1756.0,7881.0,7882.0,1321.0,625.0,404.0,402.0,1463.0,9002.0,8382.0,1417.0,5963.0,571.0,0.5095813499328695,0.3321941216678059,0.5130622138432535,96.35003777813624,0.3160517102073795,16.171298058622003,13.719868053793451,3926.0,0.5936305732484076,0.696067415730337,0.5977844056242011,False,0.3405886717783823,2321
