index,year,ortg,drtg,AtRimFGM,AtRimFGA,AtRimAssists,Turnovers,FTA,OffPoss,DefPoss,TwoPtAssists,Steals,BadPassSteals,ThreePtAssists,FG3A,OpponentPoints,Points,SecondChancePoints,FG2A,LiveBallTurnovers,TsPct,Fg3Pct,AtRimFG3AFrequency,Pace,AtRimFrequency,SecondsPerPossOff,SecondsPerPossDef,Minutes,DefAtRimReboundPct,DefFGReboundPct,AtRimAccuracy,player_on,OffFGReboundPct,nba_id
0,2002,109.25925925925924,75.0,11.0,14.0,4.0,8.0,22.0,54.0,52.0,9.0,5.0,4.0,2.0,6.0,39.0,59.0,15.0,42.0,3.0,0.5,0.5,0.4166666666666667,94.7486033519553,0.2916666666666667,14.314814814814817,16.115384615384617,27.0,0.4,0.7333333333333333,0.7857142857142857,True,0.4615384615384615,2343
1,2002,101.61825175752752,109.32539682539682,1128.0,1840.0,561.0,1139.0,2050.0,7539.0,7560.0,1307.0,582.0,377.0,325.0,1253.0,8265.0,7661.0,1189.0,5476.0,622.0,0.4970542026708562,0.3160415003990423,0.4596522514489523,92.22758102897572,0.2734433050973399,15.793871866295264,15.43373015873016,3929.0,0.5950292397660819,0.6896165687097677,0.6130434782608696,False,0.308908803373748,2343
2,2002,102.81124497991968,104.74308300395256,54.0,75.0,33.0,35.0,80.0,249.0,253.0,48.0,28.0,20.0,8.0,34.0,265.0,256.0,34.0,172.0,16.0,0.5267489711934157,0.2941176470588235,0.529126213592233,94.44473477920042,0.3640776699029126,15.558232931726907,14.940711462450594,128.0,0.5,0.6916666666666667,0.72,True,0.2702702702702703,2343
3,2002,103.5977105478332,102.88015288015288,1148.0,1995.0,634.0,1230.0,1933.0,7338.0,7326.0,1394.0,657.0,426.0,371.0,1174.0,7537.0,7602.0,1154.0,5283.0,652.0,0.5161246242142662,0.3603066439522998,0.4907851943627071,91.68740718869678,0.3089670125445253,16.075633687653312,15.334834834834837,3838.0,0.5703781512605042,0.6748146113705026,0.5754385964912281,False,0.3286892237702587,2343
