index,year,ortg,drtg,AtRimFGM,AtRimFGA,AtRimAssists,Turnovers,FTA,OffPoss,DefPoss,TwoPtAssists,Steals,BadPassSteals,ThreePtAssists,FG3A,OpponentPoints,Points,SecondChancePoints,FG2A,LiveBallTurnovers,TsPct,Fg3Pct,AtRimFG3AFrequency,Pace,AtRimFrequency,SecondsPerPossOff,SecondsPerPossDef,Minutes,DefAtRimReboundPct,DefFGReboundPct,AtRimAccuracy,player_on,OffFGReboundPct,nba_id
0,2002,75.0,109.25925925925924,4.0,9.0,3.0,8.0,13.0,52.0,54.0,11.0,3.0,1.0,,10.0,59.0,39.0,8.0,37.0,5.0,0.3584905660377358,,0.4042553191489361,94.7486033519553,0.1914893617021276,16.115384615384617,14.314814814814817,27.0,0.3333333333333333,0.5384615384615384,0.4444444444444444,True,0.2666666666666666,2343
1,2002,109.32539682539682,101.61825175752752,1291.0,1982.0,725.0,1032.0,2125.0,7560.0,7539.0,1411.0,622.0,373.0,460.0,1429.0,7661.0,8265.0,1220.0,5364.0,582.0,0.5325424607805005,0.3568929321203639,0.5021345502723392,92.22758102897572,0.2917709406742235,15.43373015873016,15.793871866295264,3929.0,0.5787234042553191,0.691091196626252,0.6513622603430878,False,0.3103834312902322,2343
2,2002,104.74308300395256,102.81124497991968,42.0,62.0,23.0,43.0,38.0,253.0,249.0,48.0,16.0,13.0,15.0,69.0,256.0,265.0,26.0,161.0,28.0,0.5323886639676113,0.3623188405797101,0.5695652173913044,94.44473477920042,0.2695652173913043,14.940711462450594,15.558232931726907,128.0,0.6666666666666666,0.7297297297297297,0.6774193548387096,True,0.3083333333333333,2343
3,2002,102.88015288015288,103.5977105478332,1327.0,2285.0,710.0,1162.0,1592.0,7326.0,7338.0,1505.0,652.0,427.0,270.0,1027.0,7602.0,7537.0,1198.0,5677.0,657.0,0.5066973345961304,0.3242453748782862,0.4940334128878281,91.68740718869678,0.3408412887828162,15.334834834834837,16.075633687653312,3838.0,0.5657894736842105,0.6713107762297412,0.5807439824945295,False,0.3251853886294974,2343
