index,year,ortg,drtg,AtRimFGM,AtRimFGA,AtRimAssists,Turnovers,FTA,OffPoss,DefPoss,TwoPtAssists,Steals,BadPassSteals,ThreePtAssists,FG3A,OpponentPoints,Points,SecondChancePoints,FG2A,LiveBallTurnovers,TsPct,Fg3Pct,AtRimFG3AFrequency,Pace,AtRimFrequency,SecondsPerPossOff,SecondsPerPossDef,Minutes,DefAtRimReboundPct,DefFGReboundPct,AtRimAccuracy,player_on,OffFGReboundPct,nba_id
0,2002,93.1818181818182,92.26519337016576,29.0,41.0,11.0,30.0,41.0,176.0,181.0,30.0,16.0,9.0,6.0,20.0,167.0,164.0,22.0,140.0,17.0,0.4602272727272727,0.3,0.38125,87.48808713410483,0.25625,17.454545454545453,15.49171270718232,98.0,0.4782608695652174,0.6477272727272727,0.7073170731707317,True,0.2888888888888888,2347
1,2002,98.76997030962816,100.39542437508828,980.0,1567.0,513.0,1188.0,1667.0,7073.0,7081.0,1355.0,531.0,346.0,273.0,879.0,7109.0,6986.0,996.0,5343.0,603.0,0.4982736296935692,0.3481228668941979,0.3931211828993892,87.36887227585261,0.2518482802957248,16.80842641029266,16.155627736195452,3888.0,0.6541666666666667,0.7154471544715447,0.6253988513082323,False,0.2902467685076381,2347
