index,year,ortg,drtg,AtRimFGM,AtRimFGA,AtRimAssists,Turnovers,FTA,OffPoss,DefPoss,TwoPtAssists,Steals,BadPassSteals,ThreePtAssists,FG3A,OpponentPoints,Points,SecondChancePoints,FG2A,LiveBallTurnovers,TsPct,Fg3Pct,AtRimFG3AFrequency,Pace,AtRimFrequency,SecondsPerPossOff,SecondsPerPossDef,Minutes,DefAtRimReboundPct,DefFGReboundPct,AtRimAccuracy,player_on,OffFGReboundPct,nba_id
0,2002,92.26519337016576,93.1818181818182,26.0,50.0,14.0,38.0,60.0,181.0,176.0,26.0,17.0,10.0,3.0,24.0,164.0,167.0,29.0,124.0,16.0,0.4742857142857143,0.2916666666666667,0.5,87.48808713410483,0.3378378378378378,15.49171270718232,17.454545454545453,98.0,0.6666666666666666,0.7111111111111111,0.52,True,0.3522727272727273,2347
1,2002,100.39542437508828,98.76997030962816,973.0,1702.0,509.0,1097.0,2067.0,7081.0,7073.0,1113.0,603.0,372.0,319.0,1085.0,6986.0,7109.0,964.0,5046.0,531.0,0.4986499928946994,0.3428571428571428,0.4545751100962322,87.36887227585261,0.2776056108302071,16.155627736195452,16.80842641029266,3888.0,0.5989761092150171,0.7097532314923619,0.5716803760282021,False,0.2845528455284553,2347
