index,year,ortg,drtg,AtRimFGM,AtRimFGA,AtRimAssists,Turnovers,FTA,OffPoss,DefPoss,TwoPtAssists,Steals,BadPassSteals,ThreePtAssists,FG3A,OpponentPoints,Points,SecondChancePoints,FG2A,LiveBallTurnovers,TsPct,Fg3Pct,AtRimFG3AFrequency,Pace,AtRimFrequency,SecondsPerPossOff,SecondsPerPossDef,Minutes,DefAtRimReboundPct,DefFGReboundPct,AtRimAccuracy,player_on,OffFGReboundPct,nba_id
0,2002,92.62295081967213,110.83333333333331,16.0,29.0,9.0,23.0,30.0,122.0,120.0,21.0,6.0,6.0,5.0,15.0,133.0,113.0,14.0,86.0,12.0,0.4956140350877193,0.4,0.4356435643564356,91.60883280757098,0.2871287128712871,15.36065573770492,16.083333333333332,63.0,0.6666666666666666,0.703125,0.5517241379310345,True,0.2586206896551724,2369
1,2002,98.07170016295493,107.451726951319,1083.0,1952.0,617.0,1229.0,1928.0,7364.0,7354.0,1529.0,627.0,384.0,262.0,853.0,7902.0,7222.0,978.0,5537.0,669.0,0.4955122894228114,0.3446658851113716,0.4389671361502347,90.628078817734,0.3054773082942097,15.912140141227594,15.866059287462605,3898.0,0.5849802371541502,0.6894689468946895,0.5548155737704918,False,0.2950169875424688,2369
2,2002,66.66666666666667,116.66666666666669,1.0,2.0,1.0,4.0,2.0,12.0,12.0,3.0,2.0,1.0,,,14.0,8.0,,7.0,1.0,0.5,,0.2857142857142857,114.43708609271523,0.2857142857142857,12.5,12.666666666666666,5.0,,1.0,0.5,True,0.25,2369
3,2002,103.74149659863946,103.3616742969261,1085.0,1756.0,646.0,1245.0,2153.0,7644.0,7645.0,1518.0,656.0,349.0,363.0,1195.0,7902.0,7930.0,1158.0,5378.0,617.0,0.5224554876428381,0.3389121338912134,0.4489578579035448,92.2885000712615,0.2671535067701202,15.491889063317634,15.71458469587966,3976.0,0.5896510228640193,0.6864836043721674,0.6178815489749431,False,0.3012352610892757,2369
