index,year,ortg,drtg,AtRimFGM,AtRimFGA,AtRimAssists,Turnovers,FTA,OffPoss,DefPoss,TwoPtAssists,Steals,BadPassSteals,ThreePtAssists,FG3A,OpponentPoints,Points,SecondChancePoints,FG2A,LiveBallTurnovers,TsPct,Fg3Pct,AtRimFG3AFrequency,Pace,AtRimFrequency,SecondsPerPossOff,SecondsPerPossDef,Minutes,DefAtRimReboundPct,DefFGReboundPct,AtRimAccuracy,player_on,OffFGReboundPct,nba_id
0,2002,110.83333333333331,92.62295081967213,19.0,34.0,14.0,14.0,16.0,120.0,122.0,34.0,12.0,10.0,7.0,27.0,113.0,133.0,20.0,95.0,6.0,0.515625,0.3333333333333333,0.5,91.60883280757098,0.2786885245901639,16.083333333333332,15.36065573770492,63.0,0.7692307692307693,0.7413793103448276,0.5588235294117647,True,0.296875,2369
1,2002,107.451726951319,98.07170016295493,1191.0,1955.0,731.0,1163.0,2074.0,7354.0,7364.0,1651.0,669.0,437.0,374.0,1150.0,7222.0,7902.0,1080.0,5242.0,627.0,0.5368874897344649,0.3582608695652174,0.4857634543178973,90.628078817734,0.3058510638297872,15.866059287462605,15.912140141227594,3898.0,0.5958188153310104,0.7049830124575311,0.6092071611253197,False,0.3105310531053105,2369
2,2002,116.66666666666669,66.66666666666667,,,,2.0,4.0,12.0,12.0,2.0,1.0,,2.0,4.0,8.0,14.0,,3.0,2.0,0.7777777777777778,0.5,0.5714285714285714,114.43708609271523,,12.666666666666666,12.5,5.0,1.0,0.75,,True,,2369
3,2002,103.3616742969261,103.74149659863946,1159.0,1992.0,615.0,1171.0,2058.0,7645.0,7644.0,1417.0,617.0,377.0,350.0,1196.0,7930.0,7902.0,1214.0,5597.0,656.0,0.509025974025974,0.3478260869565217,0.4693066391873988,92.2885000712615,0.2932430443103194,15.71458469587966,15.491889063317634,3976.0,0.588855421686747,0.6987647389107243,0.5818273092369478,False,0.3135163956278325,2369
