index,year,ortg,drtg,AtRimFGM,AtRimFGA,AtRimAssists,Turnovers,FTA,OffPoss,DefPoss,TwoPtAssists,Steals,BadPassSteals,ThreePtAssists,FG3A,OpponentPoints,Points,SecondChancePoints,FG2A,LiveBallTurnovers,TsPct,Fg3Pct,AtRimFG3AFrequency,Pace,AtRimFrequency,SecondsPerPossOff,SecondsPerPossDef,Minutes,DefAtRimReboundPct,DefFGReboundPct,AtRimAccuracy,player_on,OffFGReboundPct,nba_id
0,1999,102.0,101.9,,,,,,,,,,,,,,,,,,,,,,,,,197.0,,,,True,0.384,238
1,1999,101.2,95.9,,,,,,,,,,,,,,,,,,,,,,,,,185.0,,,,False,0.366,238
2,2000,97.5,107.6,,,,,,,,,,,,,,,,,,,,,,,,,352.0,,,,True,0.317,238
3,2000,118.8,107.9,,,,,,,,,,,,,,,,,,,,,,,,,131.0,,,,False,0.297,238
4,2001,104.58646616541354,103.73412994772218,198.0,337.0,103.0,188.0,401.0,1330.0,1339.0,263.0,118.0,61.0,45.0,164.0,1389.0,1391.0,261.0,1080.0,95.0,0.4852008456659619,0.3231707317073171,0.402733118971061,86.31720792346044,0.2709003215434084,17.277443609022555,16.091859596713967,742.0,0.6194690265486725,0.6952104499274311,0.5875370919881305,True,0.356145251396648,238
5,2001,106.6957787481805,108.70206489675516,99.0,161.0,44.0,97.0,217.0,687.0,678.0,122.0,67.0,40.0,29.0,98.0,737.0,733.0,134.0,517.0,55.0,0.5126582278481012,0.3571428571428571,0.4211382113821138,89.2886345053148,0.2617886178861788,15.816593886462885,16.442477876106196,367.0,0.5098039215686274,0.6634304207119741,0.6149068322981367,False,0.3757396449704142,238
6,2003,102.04081632653062,107.96812749003983,50.0,91.0,18.0,37.0,72.0,245.0,251.0,35.0,18.0,11.0,6.0,27.0,271.0,250.0,49.0,192.0,19.0,0.4959839357429719,0.3333333333333333,0.5388127853881278,85.20100202791363,0.4155251141552511,16.277551020408165,17.50996015936255,140.0,0.5925925925925926,0.616,0.5494505494505495,True,0.312,238
7,2003,105.03685503685504,103.0,131.0,240.0,68.0,141.0,242.0,814.0,800.0,157.0,68.0,30.0,29.0,101.0,824.0,855.0,133.0,591.0,75.0,0.529192546583851,0.3564356435643564,0.4927745664739884,86.79687791761586,0.3468208092485549,16.22113022113022,16.96625,446.0,0.6153846153846154,0.7220779220779221,0.5458333333333333,False,0.3548387096774194,238
8,2003,105.03685503685504,103.0,131.0,240.0,68.0,141.0,242.0,814.0,800.0,157.0,68.0,30.0,29.0,101.0,824.0,855.0,133.0,591.0,75.0,0.529192546583851,0.3564356435643564,0.4927745664739884,86.79687791761586,0.3468208092485549,16.22113022113022,16.96625,446.0,0.6153846153846154,0.7220779220779221,0.5458333333333333,False,0.3548387096774194,238
