index,year,ortg,drtg,AtRimFGM,AtRimFGA,AtRimAssists,Turnovers,FTA,OffPoss,DefPoss,TwoPtAssists,Steals,BadPassSteals,ThreePtAssists,FG3A,OpponentPoints,Points,SecondChancePoints,FG2A,LiveBallTurnovers,TsPct,Fg3Pct,AtRimFG3AFrequency,Pace,AtRimFrequency,SecondsPerPossOff,SecondsPerPossDef,Minutes,DefAtRimReboundPct,DefFGReboundPct,AtRimAccuracy,player_on,OffFGReboundPct,nba_id
0,2003,97.63313609467455,107.32647814910024,658.0,1135.0,383.0,732.0,1012.0,3887.0,3890.0,748.0,281.0,194.0,141.0,490.0,4175.0,3795.0,496.0,2772.0,396.0,0.5075532775829512,0.3428571428571428,0.4981606376456162,95.1678776290631,0.3479460453709381,15.0617442757911,15.20051413881748,1961.0,0.5714285714285714,0.6693635382955772,0.5797356828193833,True,0.2949438202247191,2398
1,2003,102.04551265660956,103.4376603386352,660.0,1098.0,360.0,656.0,1002.0,3911.0,3898.0,738.0,324.0,218.0,155.0,507.0,4032.0,3991.0,631.0,2945.0,372.0,0.5106821106821107,0.3570019723865877,0.4649478563151796,92.59073842302878,0.3180764774044032,15.460496036819228,15.64443304258594,2024.0,0.5871559633027523,0.6779303062302007,0.6010928961748634,False,0.3158738642437199,2398
