index,year,ortg,drtg,AtRimFGM,AtRimFGA,AtRimAssists,Turnovers,FTA,OffPoss,DefPoss,TwoPtAssists,Steals,BadPassSteals,ThreePtAssists,FG3A,OpponentPoints,Points,SecondChancePoints,FG2A,LiveBallTurnovers,TsPct,Fg3Pct,AtRimFG3AFrequency,Pace,AtRimFrequency,SecondsPerPossOff,SecondsPerPossDef,Minutes,DefAtRimReboundPct,DefFGReboundPct,AtRimAccuracy,player_on,OffFGReboundPct,nba_id
0,2006,111.76470588235294,135.2941176470588,2.0,2.0,,2.0,3.0,17.0,17.0,2.0,1.0,1.0,2.0,4.0,23.0,19.0,4.0,9.0,1.0,0.6333333333333333,0.5,0.4615384615384615,105.29032258064515,0.1538461538461538,14.0,13.352941176470589,8.0,1.0,0.5,1.0,True,0.4,2401
1,2006,114.06333870101986,112.31922870915908,346.0,536.0,172.0,229.0,428.0,1863.0,1867.0,304.0,112.0,78.0,160.0,466.0,2097.0,2125.0,185.0,1182.0,118.0,0.5772801747678864,0.3905579399141631,0.6080097087378641,92.07508356904088,0.3252427184466019,14.256038647342995,17.01981788966256,972.0,0.5403726708074534,0.6775320139697323,0.6455223880597015,False,0.219951923076923,2401
