index,year,ortg,drtg,AtRimFGM,AtRimFGA,AtRimAssists,Turnovers,FTA,OffPoss,DefPoss,TwoPtAssists,Steals,BadPassSteals,ThreePtAssists,FG3A,OpponentPoints,Points,SecondChancePoints,FG2A,LiveBallTurnovers,TsPct,Fg3Pct,AtRimFG3AFrequency,Pace,AtRimFrequency,SecondsPerPossOff,SecondsPerPossDef,Minutes,DefAtRimReboundPct,DefFGReboundPct,AtRimAccuracy,player_on,OffFGReboundPct,nba_id
0,2013,41.66666666666666,135.71428571428572,,,,2.0,2.0,12.0,14.0,1.0,,,,3.0,19.0,5.0,,5.0,,0.2777777777777778,,0.375,99.84,,12.5,16.071428571428573,6.0,1.0,1.0,,True,,2404
1,2013,93.85796545105566,98.44660194174756,65.0,112.0,30.0,102.0,127.0,521.0,515.0,65.0,33.0,21.0,35.0,121.0,507.0,489.0,46.0,285.0,62.0,0.5237580993520519,0.3388429752066115,0.5738916256157636,86.70967741935483,0.2758620689655172,15.310940499040306,17.91844660194175,287.0,0.5970149253731343,0.7362637362637363,0.5803571428571429,False,0.1746724890829694,2404
