index,year,ortg,drtg,AtRimFGM,AtRimFGA,AtRimAssists,Turnovers,FTA,OffPoss,DefPoss,TwoPtAssists,Steals,BadPassSteals,ThreePtAssists,FG3A,OpponentPoints,Points,SecondChancePoints,FG2A,LiveBallTurnovers,TsPct,Fg3Pct,AtRimFG3AFrequency,Pace,AtRimFrequency,SecondsPerPossOff,SecondsPerPossDef,Minutes,DefAtRimReboundPct,DefFGReboundPct,AtRimAccuracy,player_on,OffFGReboundPct,nba_id
0,2008,109.34579439252336,90.74074074074076,16.0,18.0,8.0,15.0,23.0,107.0,108.0,23.0,7.0,5.0,7.0,22.0,98.0,117.0,15.0,72.0,7.0,0.5735294117647058,0.3636363636363636,0.425531914893617,87.3342736248237,0.1914893617021276,16.672897196261683,16.305555555555557,59.0,0.6842105263157895,0.7377049180327869,0.8888888888888888,True,0.1956521739130435,2408
1,2008,106.28328008519702,113.71918542336547,123.0,222.0,66.0,133.0,265.0,939.0,933.0,138.0,43.0,29.0,94.0,263.0,1061.0,998.0,130.0,572.0,80.0,0.5215562565720294,0.376425855513308,0.5808383233532934,86.91536353377398,0.2658682634730538,16.938232161874335,16.19506966773848,517.0,0.6354166666666666,0.724669603524229,0.5540540540540541,False,0.3004201680672269,2408
