index,year,ortg,drtg,AtRimFGM,AtRimFGA,AtRimAssists,Turnovers,FTA,OffPoss,DefPoss,TwoPtAssists,Steals,BadPassSteals,ThreePtAssists,FG3A,OpponentPoints,Points,SecondChancePoints,FG2A,LiveBallTurnovers,TsPct,Fg3Pct,AtRimFG3AFrequency,Pace,AtRimFrequency,SecondsPerPossOff,SecondsPerPossDef,Minutes,DefAtRimReboundPct,DefFGReboundPct,AtRimAccuracy,player_on,OffFGReboundPct,nba_id
0,2003,126.08695652173913,102.17391304347828,8.0,13.0,2.0,5.0,11.0,46.0,46.0,8.0,5.0,4.0,4.0,8.0,47.0,58.0,5.0,36.0,3.0,0.6041666666666666,0.5,0.4772727272727273,89.87788331071913,0.2954545454545454,15.043478260869565,17.0,25.0,0.6666666666666666,0.6842105263157895,0.6153846153846154,True,0.3333333333333333,2409
1,2003,104.54545454545456,111.1984282907662,78.0,133.0,42.0,75.0,138.0,506.0,509.0,79.0,38.0,22.0,30.0,94.0,566.0,529.0,50.0,339.0,28.0,0.5313131313131313,0.3617021276595745,0.5242494226327945,90.7487892710791,0.3071593533487298,16.132411067193676,15.605108055009824,268.0,0.5454545454545454,0.6304347826086957,0.5864661654135338,False,0.2543103448275862,2409
2,2004,100.0,57.142857142857146,,,,,2.0,6.0,7.0,2.0,2.0,1.0,,2.0,4.0,6.0,2.0,5.0,,0.375,,0.2857142857142857,105.76271186440675,,15.0,12.428571428571429,3.0,,,,True,0.4,2409
3,2004,94.8314606741573,109.93227990970657,68.0,140.0,42.0,82.0,106.0,445.0,443.0,81.0,39.0,23.0,20.0,70.0,487.0,422.0,51.0,312.0,48.0,0.4906759906759906,0.3428571428571428,0.5497382198952879,89.90508331575616,0.3664921465968586,15.391011235955055,16.645598194130926,237.0,0.484375,0.638095238095238,0.4857142857142857,False,0.3037383177570093,2409
