index,year,ortg,drtg,AtRimFGM,AtRimFGA,AtRimAssists,Turnovers,FTA,OffPoss,DefPoss,TwoPtAssists,Steals,BadPassSteals,ThreePtAssists,FG3A,OpponentPoints,Points,SecondChancePoints,FG2A,LiveBallTurnovers,TsPct,Fg3Pct,AtRimFG3AFrequency,Pace,AtRimFrequency,SecondsPerPossOff,SecondsPerPossDef,Minutes,DefAtRimReboundPct,DefFGReboundPct,AtRimAccuracy,player_on,OffFGReboundPct,nba_id
0,2004,88.12095032397409,98.69565217391305,59.0,137.0,28.0,82.0,143.0,463.0,460.0,55.0,26.0,14.0,19.0,76.0,454.0,408.0,52.0,318.0,47.0,0.4388646288209607,0.2894736842105263,0.5406091370558376,84.93865030674846,0.3477157360406091,16.468682505399567,17.441304347826087,261.0,0.5344827586206896,0.7112068965517241,0.4306569343065693,True,0.291497975708502,2410
1,2004,97.26477024070022,98.8108108108108,125.0,248.0,75.0,167.0,262.0,914.0,925.0,168.0,78.0,45.0,29.0,116.0,914.0,889.0,109.0,654.0,92.0,0.4966101694915254,0.3189655172413793,0.4727272727272727,87.01892744479495,0.3220779220779221,16.047045951859957,17.043243243243243,507.0,0.6754385964912281,0.7204301075268817,0.5040322580645161,False,0.296551724137931,2410
2,2005,97.3365617433414,99.50617283950618,59.0,112.0,29.0,72.0,111.0,413.0,405.0,72.0,31.0,14.0,14.0,64.0,403.0,402.0,45.0,298.0,43.0,0.4841463414634146,0.265625,0.4861878453038674,82.63205892669238,0.3093922651933701,17.11864406779661,17.74074074074074,238.0,0.6274509803921569,0.711340206185567,0.5267857142857143,True,0.3417085427135678,2410
3,2005,103.55618776671407,97.31638418079096,120.0,232.0,65.0,115.0,193.0,703.0,708.0,113.0,70.0,41.0,39.0,126.0,689.0,728.0,110.0,486.0,62.0,0.516546762589928,0.3333333333333333,0.5849673202614379,86.51649989354907,0.3790849673202614,15.864864864864863,17.418079096045197,391.0,0.6020408163265306,0.6964769647696477,0.5172413793103449,False,0.2958579881656805,2410
4,2006,107.04697986577182,96.36963696369637,55.0,96.0,32.0,39.0,89.0,298.0,303.0,71.0,29.0,18.0,11.0,50.0,292.0,319.0,39.0,212.0,19.0,0.5283333333333333,0.24,0.5572519083969466,86.18203545110535,0.366412213740458,15.483221476510067,17.914191419141915,167.0,0.6071428571428571,0.7183098591549296,0.5729166666666666,True,0.2733812949640288,2410
5,2006,109.1324200913242,111.41552511415524,33.0,61.0,18.0,32.0,69.0,219.0,219.0,44.0,14.0,7.0,14.0,47.0,244.0,239.0,40.0,142.0,17.0,0.541095890410959,0.3404255319148936,0.5714285714285714,87.14009394860459,0.3227513227513227,16.0,17.050228310502284,121.0,0.6521739130434783,0.7529411764705882,0.5409836065573771,False,0.3106796116504854,2410
