index,year,ortg,drtg,AtRimFGM,AtRimFGA,AtRimAssists,Turnovers,FTA,OffPoss,DefPoss,TwoPtAssists,Steals,BadPassSteals,ThreePtAssists,FG3A,OpponentPoints,Points,SecondChancePoints,FG2A,LiveBallTurnovers,TsPct,Fg3Pct,AtRimFG3AFrequency,Pace,AtRimFrequency,SecondsPerPossOff,SecondsPerPossDef,Minutes,DefAtRimReboundPct,DefFGReboundPct,AtRimAccuracy,player_on,OffFGReboundPct,nba_id
0,2004,108.21917808219176,105.26315789473684,12.0,14.0,6.0,13.0,17.0,73.0,76.0,16.0,12.0,6.0,4.0,12.0,80.0,79.0,4.0,44.0,5.0,0.626984126984127,0.4166666666666667,0.4642857142857143,92.88311688311688,0.25,15.287671232876711,15.710526315789474,38.0,0.5,0.7096774193548387,0.8571428571428571,True,0.1739130434782608,2411
1,2004,98.67021276595744,92.20430107526882,58.0,95.0,36.0,39.0,123.0,376.0,372.0,84.0,38.0,19.0,18.0,55.0,343.0,371.0,45.0,283.0,21.0,0.4744245524296675,0.3272727272727272,0.4437869822485207,86.93462469733656,0.2810650887573964,16.324468085106382,16.806451612903224,206.0,0.7777777777777778,0.7443181818181818,0.6105263157894737,False,0.2653061224489796,2411
2,2006,50.0,,,,,,2.0,2.0,2.0,,,,,1.0,,1.0,,,,0.25,,1.0,128.0,,8.0,14.5,1.0,,,,True,,2411
3,2006,107.39979445015416,106.91434468524253,139.0,225.0,67.0,163.0,335.0,973.0,969.0,125.0,74.0,41.0,68.0,216.0,1036.0,1045.0,109.0,560.0,76.0,0.5612134344528711,0.3657407407407407,0.5682989690721649,88.39829302987198,0.2899484536082474,16.937307297019526,15.63983488132095,527.0,0.5663716814159292,0.7235955056179775,0.6177777777777778,False,0.263681592039801,2411
4,2007,105.47169811320757,103.96975425330812,67.0,114.0,26.0,77.0,181.0,530.0,529.0,65.0,50.0,25.0,34.0,93.0,550.0,559.0,54.0,334.0,35.0,0.5451866404715128,0.3870967741935484,0.4847775175644028,90.55044237278072,0.2669789227166276,15.767924528301888,16.03780718336484,281.0,0.639344262295082,0.7387387387387387,0.5877192982456141,True,0.2337662337662337,2411
5,2007,93.64485981308412,99.06890130353815,56.0,109.0,25.0,92.0,126.0,535.0,537.0,76.0,43.0,24.0,26.0,103.0,532.0,501.0,62.0,366.0,41.0,0.474236641221374,0.3106796116504854,0.4520255863539446,87.1200406343473,0.232409381663113,16.818691588785047,16.24022346368715,295.0,0.5833333333333334,0.7333333333333333,0.5137614678899083,False,0.2727272727272727,2411
