index,year,ortg,drtg,AtRimFGM,AtRimFGA,AtRimAssists,Turnovers,FTA,OffPoss,DefPoss,TwoPtAssists,Steals,BadPassSteals,ThreePtAssists,FG3A,OpponentPoints,Points,SecondChancePoints,FG2A,LiveBallTurnovers,TsPct,Fg3Pct,AtRimFG3AFrequency,Pace,AtRimFrequency,SecondsPerPossOff,SecondsPerPossDef,Minutes,DefAtRimReboundPct,DefFGReboundPct,AtRimAccuracy,player_on,OffFGReboundPct,nba_id
0,2004,105.26315789473684,108.21917808219176,11.0,15.0,4.0,17.0,22.0,76.0,73.0,11.0,5.0,4.0,4.0,17.0,79.0,80.0,10.0,44.0,12.0,0.5642857142857143,0.3529411764705882,0.5245901639344263,92.88311688311688,0.2459016393442623,15.710526315789474,15.287671232876711,38.0,1.0,0.8260869565217391,0.7333333333333333,True,0.2903225806451613,2411
1,2004,92.20430107526882,98.67021276595744,53.0,80.0,29.0,67.0,92.0,372.0,376.0,56.0,21.0,14.0,15.0,59.0,371.0,343.0,40.0,252.0,38.0,0.4858356940509915,0.288135593220339,0.4469453376205787,86.93462469733656,0.2572347266881029,16.806451612903224,16.324468085106382,206.0,0.7222222222222222,0.7346938775510204,0.6625,False,0.2556818181818182,2411
2,2006,,50.0,,,,,2.0,2.0,2.0,,,,,,1.0,,,,,,,,128.0,,14.5,8.0,1.0,,1.0,,True,,2411
3,2006,106.91434468524253,107.39979445015416,161.0,274.0,92.0,140.0,291.0,969.0,973.0,188.0,76.0,49.0,55.0,192.0,1045.0,1036.0,132.0,642.0,74.0,0.5348232848232848,0.3072916666666667,0.5587529976019184,88.39829302987198,0.328537170263789,15.63983488132095,16.937307297019526,527.0,0.627906976744186,0.736318407960199,0.5875912408759124,False,0.2764044943820224,2411
4,2007,103.96975425330812,105.47169811320757,81.0,143.0,51.0,106.0,154.0,529.0,530.0,84.0,35.0,20.0,57.0,147.0,559.0,550.0,41.0,273.0,50.0,0.560081466395112,0.3877551020408163,0.6904761904761905,90.55044237278072,0.3404761904761905,16.03780718336484,15.767924528301888,281.0,0.5957446808510638,0.7662337662337663,0.5664335664335665,True,0.2612612612612612,2411
5,2007,99.06890130353815,93.64485981308412,95.0,155.0,60.0,87.0,126.0,537.0,535.0,103.0,41.0,25.0,32.0,103.0,501.0,532.0,58.0,357.0,43.0,0.5125968992248062,0.3398058252427184,0.5608695652173913,87.1200406343473,0.3369565217391304,16.24022346368715,16.818691588785047,295.0,0.5384615384615384,0.7272727272727273,0.6129032258064516,False,0.2666666666666666,2411
