index,year,ortg,drtg,AtRimFGM,AtRimFGA,AtRimAssists,Turnovers,FTA,OffPoss,DefPoss,TwoPtAssists,Steals,BadPassSteals,ThreePtAssists,FG3A,OpponentPoints,Points,SecondChancePoints,FG2A,LiveBallTurnovers,TsPct,Fg3Pct,AtRimFG3AFrequency,Pace,AtRimFrequency,SecondsPerPossOff,SecondsPerPossDef,Minutes,DefAtRimReboundPct,DefFGReboundPct,AtRimAccuracy,player_on,OffFGReboundPct,nba_id
0,2004,113.5678391959799,87.11340206185567,47.0,72.0,26.0,29.0,54.0,199.0,194.0,37.0,29.0,17.0,14.0,39.0,169.0,226.0,57.0,147.0,16.0,0.5314009661835749,0.4102564102564102,0.5967741935483871,90.7795957651588,0.3870967741935484,16.85929648241206,14.84020618556701,104.0,0.68,0.7325581395348837,0.6527777777777778,True,0.3232323232323232,2412
1,2004,107.8313253012048,100.5952380952381,27.0,49.0,17.0,22.0,37.0,166.0,168.0,30.0,22.0,13.0,11.0,35.0,169.0,179.0,12.0,117.0,10.0,0.5329341317365269,0.3714285714285714,0.5526315789473685,90.98751418842224,0.3223684210526316,17.27710843373494,14.392857142857142,88.0,0.52,0.7432432432432432,0.5510204081632653,False,0.2926829268292683,2412
2,2006,108.57142857142856,100.0,2.0,2.0,,5.0,12.0,35.0,35.0,7.0,1.0,1.0,2.0,8.0,35.0,38.0,9.0,17.0,3.0,0.6129032258064516,0.25,0.4,109.20910075839652,0.08,13.342857142857143,13.028571428571428,15.0,0.6,0.8333333333333334,1.0,True,0.3333333333333333,2412
3,2006,121.46341463414636,110.48780487804878,55.0,88.0,32.0,48.0,158.0,410.0,410.0,75.0,30.0,20.0,37.0,97.0,453.0,498.0,70.0,254.0,27.0,0.5821596244131455,0.4432989690721649,0.5270655270655271,87.61593826519255,0.2507122507122507,17.09512195121951,15.77560975609756,225.0,0.75,0.7150537634408602,0.625,False,0.3295454545454545,2412
