index,year,ortg,drtg,AtRimFGM,AtRimFGA,AtRimAssists,Turnovers,FTA,OffPoss,DefPoss,TwoPtAssists,Steals,BadPassSteals,ThreePtAssists,FG3A,OpponentPoints,Points,SecondChancePoints,FG2A,LiveBallTurnovers,TsPct,Fg3Pct,AtRimFG3AFrequency,Pace,AtRimFrequency,SecondsPerPossOff,SecondsPerPossDef,Minutes,DefAtRimReboundPct,DefFGReboundPct,AtRimAccuracy,player_on,OffFGReboundPct,nba_id
0,2004,111.11111111111111,90.0,1.0,1.0,,3.0,2.0,9.0,10.0,1.0,,,,1.0,9.0,10.0,2.0,6.0,1.0,0.625,,0.2857142857142857,95.66433566433568,0.1428571428571428,12.77777777777778,17.1,5.0,,1.0,1.0,True,0.6666666666666666,2415
1,2004,95.29411764705884,111.73020527859238,57.0,100.0,19.0,54.0,92.0,340.0,341.0,43.0,38.0,21.0,14.0,50.0,381.0,324.0,41.0,233.0,29.0,0.4923312883435582,0.3,0.5300353356890459,87.2921488338971,0.3533568904593639,15.66470588235294,17.325513196480937,187.0,0.6052631578947368,0.6521739130434783,0.57,False,0.23125,2415
