index,year,ortg,drtg,AtRimFGM,AtRimFGA,AtRimAssists,Turnovers,FTA,OffPoss,DefPoss,TwoPtAssists,Steals,BadPassSteals,ThreePtAssists,FG3A,OpponentPoints,Points,SecondChancePoints,FG2A,LiveBallTurnovers,TsPct,Fg3Pct,AtRimFG3AFrequency,Pace,AtRimFrequency,SecondsPerPossOff,SecondsPerPossDef,Minutes,DefAtRimReboundPct,DefFGReboundPct,AtRimAccuracy,player_on,OffFGReboundPct,nba_id
0,2003,91.13924050632912,106.32911392405065,18.0,31.0,12.0,13.0,38.0,79.0,79.0,16.0,7.0,6.0,,9.0,84.0,72.0,15.0,55.0,8.0,0.4329268292682927,,0.625,97.984496124031,0.484375,15.645569620253164,13.746835443037977,39.0,0.375,0.6285714285714286,0.5806451612903226,True,0.4358974358974359,2418
1,2003,98.53556485355648,89.51781970649895,62.0,126.0,40.0,98.0,161.0,478.0,477.0,86.0,38.0,17.0,32.0,97.0,427.0,471.0,81.0,300.0,49.0,0.4957446808510638,0.3298969072164948,0.5617128463476071,90.12976799056231,0.3173803526448362,16.426778242677823,15.526205450733752,254.0,0.6455696202531646,0.704119850187266,0.492063492063492,False,0.3362445414847161,2418
