index,year,ortg,drtg,AtRimFGM,AtRimFGA,AtRimAssists,Turnovers,FTA,OffPoss,DefPoss,TwoPtAssists,Steals,BadPassSteals,ThreePtAssists,FG3A,OpponentPoints,Points,SecondChancePoints,FG2A,LiveBallTurnovers,TsPct,Fg3Pct,AtRimFG3AFrequency,Pace,AtRimFrequency,SecondsPerPossOff,SecondsPerPossDef,Minutes,DefAtRimReboundPct,DefFGReboundPct,AtRimAccuracy,player_on,OffFGReboundPct,nba_id
0,2004,94.73684210526316,109.52380952380952,3.0,4.0,2.0,4.0,5.0,19.0,21.0,5.0,4.0,3.0,1.0,5.0,23.0,18.0,4.0,11.0,4.0,0.5,0.2,0.5625,101.76678445229682,0.25,15.736842105263158,12.714285714285714,9.0,,0.5,0.75,True,0.3333333333333333,2429
1,2004,94.9074074074074,109.0909090909091,65.0,136.0,40.0,78.0,103.0,432.0,429.0,78.0,37.0,21.0,19.0,67.0,468.0,410.0,49.0,306.0,44.0,0.4880668257756563,0.3432835820895522,0.5442359249329759,89.62266878704641,0.3646112600536193,15.37037037037037,16.76923076923077,231.0,0.484375,0.6394230769230769,0.4779411764705882,False,0.3047619047619048,2429
2,2006,112.12121212121212,87.87878787878788,8.0,12.0,7.0,1.0,6.0,33.0,33.0,11.0,3.0,2.0,,4.0,29.0,37.0,4.0,28.0,1.0,0.5441176470588235,0.25,0.5,100.57142857142856,0.375,12.606060606060606,16.03030303030303,16.0,1.0,0.6875,0.6666666666666666,True,0.1875,2429
3,2006,109.46601941747574,123.05825242718448,69.0,126.0,37.0,65.0,101.0,412.0,412.0,73.0,27.0,14.0,21.0,58.0,507.0,451.0,61.0,311.0,30.0,0.5437956204379562,0.4310344827586206,0.4986449864498645,88.18729096989966,0.3414634146341463,15.79611650485437,16.861650485436893,224.0,0.6451612903225806,0.6686046511627907,0.5476190476190477,False,0.2819148936170212,2429
4,2010,100.71428571428572,98.59154929577464,28.0,50.0,13.0,29.0,21.0,140.0,142.0,23.0,9.0,4.0,6.0,33.0,140.0,141.0,17.0,96.0,17.0,0.5145985401459854,0.2424242424242424,0.6434108527131783,88.93561103810777,0.3875968992248062,16.464285714285715,15.922535211267606,76.0,0.6666666666666666,0.6811594202898551,0.56,True,0.3428571428571428,2429
5,2010,107.00218818380743,112.41830065359476,81.0,146.0,32.0,58.0,118.0,457.0,459.0,54.0,35.0,21.0,31.0,116.0,516.0,489.0,82.0,312.0,28.0,0.5051652892561983,0.3275862068965517,0.6121495327102804,84.58637937668335,0.3411214953271028,16.51203501094092,17.533769063180827,260.0,0.5,0.6331877729257642,0.5547945205479452,False,0.3127572016460905,2429
