index,year,ortg,drtg,AtRimFGM,AtRimFGA,AtRimAssists,Turnovers,FTA,OffPoss,DefPoss,TwoPtAssists,Steals,BadPassSteals,ThreePtAssists,FG3A,OpponentPoints,Points,SecondChancePoints,FG2A,LiveBallTurnovers,TsPct,Fg3Pct,AtRimFG3AFrequency,Pace,AtRimFrequency,SecondsPerPossOff,SecondsPerPossDef,Minutes,DefAtRimReboundPct,DefFGReboundPct,AtRimAccuracy,player_on,OffFGReboundPct,nba_id
0,2003,97.05882352941175,102.77777777777776,18.0,28.0,9.0,10.0,21.0,68.0,72.0,14.0,6.0,4.0,1.0,6.0,74.0,66.0,16.0,53.0,4.0,0.4779411764705882,0.1666666666666666,0.576271186440678,98.7751102400784,0.4745762711864407,15.0,14.180555555555555,34.0,0.6666666666666666,0.7058823529411765,0.6428571428571429,True,0.375,2432
1,2003,103.64427522436768,101.79323461486211,1197.0,2001.0,596.0,1265.0,2023.0,7354.0,7361.0,1106.0,588.0,355.0,385.0,1261.0,7493.0,7622.0,1118.0,5141.0,659.0,0.5183027145599123,0.3473433782712133,0.5095282724148703,89.36272504523046,0.3125585754451734,16.607288550448736,15.62138296427116,3952.0,0.6150990099009901,0.7070652173913043,0.5982008995502249,False,0.3222381635581062,2432
