index,year,ortg,drtg,AtRimFGM,AtRimFGA,AtRimAssists,Turnovers,FTA,OffPoss,DefPoss,TwoPtAssists,Steals,BadPassSteals,ThreePtAssists,FG3A,OpponentPoints,Points,SecondChancePoints,FG2A,LiveBallTurnovers,TsPct,Fg3Pct,AtRimFG3AFrequency,Pace,AtRimFrequency,SecondsPerPossOff,SecondsPerPossDef,Minutes,DefAtRimReboundPct,DefFGReboundPct,AtRimAccuracy,player_on,OffFGReboundPct,nba_id
0,2003,108.33333333333331,158.33333333333334,2.0,3.0,2.0,,4.0,12.0,12.0,2.0,2.0,1.0,2.0,5.0,19.0,13.0,3.0,5.0,,0.5416666666666666,0.4,0.8,91.18733509234828,0.3,19.166666666666668,12.416666666666666,6.0,,0.3333333333333333,0.6666666666666666,True,,2442
1,2003,106.9372406639004,103.58441558441558,1396.0,2353.0,768.0,1213.0,1815.0,7712.0,7700.0,1624.0,712.0,412.0,363.0,1183.0,7976.0,8247.0,1258.0,5815.0,651.0,0.5264136427747147,0.3626373626373626,0.5052872249214061,92.94407846520453,0.3362389254072592,15.428941908713693,15.557532467532468,3980.0,0.6098829648894668,0.7095158597662772,0.5932851678708032,False,0.3347767253044655,2442
