index,year,ortg,drtg,AtRimFGM,AtRimFGA,AtRimAssists,Turnovers,FTA,OffPoss,DefPoss,TwoPtAssists,Steals,BadPassSteals,ThreePtAssists,FG3A,OpponentPoints,Points,SecondChancePoints,FG2A,LiveBallTurnovers,TsPct,Fg3Pct,AtRimFG3AFrequency,Pace,AtRimFrequency,SecondsPerPossOff,SecondsPerPossDef,Minutes,DefAtRimReboundPct,DefFGReboundPct,AtRimAccuracy,player_on,OffFGReboundPct,nba_id
0,2003,158.33333333333334,108.33333333333331,3.0,4.0,1.0,2.0,2.0,12.0,12.0,4.0,,,1.0,1.0,13.0,19.0,4.0,10.0,2.0,0.7916666666666666,1.0,0.4545454545454545,91.18733509234828,0.3636363636363636,12.416666666666666,19.166666666666668,6.0,1.0,1.0,0.75,True,0.6666666666666666,2442
1,2003,103.58441558441558,106.9372406639004,1207.0,1983.0,674.0,1260.0,1934.0,7700.0,7712.0,1504.0,651.0,363.0,383.0,1278.0,8247.0,7976.0,1131.0,5454.0,712.0,0.5225052798310454,0.3646322378716745,0.4844028520499108,92.94407846520453,0.2945632798573975,15.557532467532468,15.428941908713693,3980.0,0.53276955602537,0.6652232746955345,0.6086737266767523,False,0.2904841402337229,2442
