index,year,ortg,drtg,AtRimFGM,AtRimFGA,AtRimAssists,Turnovers,FTA,OffPoss,DefPoss,TwoPtAssists,Steals,BadPassSteals,ThreePtAssists,FG3A,OpponentPoints,Points,SecondChancePoints,FG2A,LiveBallTurnovers,TsPct,Fg3Pct,AtRimFG3AFrequency,Pace,AtRimFrequency,SecondsPerPossOff,SecondsPerPossDef,Minutes,DefAtRimReboundPct,DefFGReboundPct,AtRimAccuracy,player_on,OffFGReboundPct,nba_id
0,2003,120.0,56.52173913043478,2.0,6.0,,4.0,7.0,20.0,23.0,1.0,1.0,,3.0,7.0,13.0,24.0,5.0,13.0,2.0,0.5217391304347826,0.4285714285714285,0.65,95.11520737327189,0.3,13.7,16.391304347826086,11.0,0.5,0.8,0.3333333333333333,True,0.5833333333333334,2447
1,2003,98.50746268656717,102.87610619469028,267.0,467.0,143.0,301.0,517.0,1809.0,1808.0,280.0,156.0,99.0,99.0,315.0,1860.0,1782.0,217.0,1195.0,146.0,0.5074498567335244,0.346031746031746,0.5178807947019868,90.03578281387752,0.3092715231788079,16.437810945273633,15.549225663716816,964.0,0.5855513307984791,0.6625835189309577,0.5717344753747323,False,0.2630952380952381,2447
2,2004,78.26086956521739,56.52173913043478,4.0,6.0,2.0,3.0,6.0,23.0,23.0,3.0,3.0,1.0,,2.0,13.0,18.0,2.0,15.0,1.0,0.4736842105263157,,0.4705882352941176,98.13333333333334,0.3529411764705882,13.91304347826087,15.434782608695652,11.0,0.6666666666666666,0.7692307692307693,0.6666666666666666,True,0.2727272727272727,2447
3,2004,94.58077709611452,97.85276073619632,138.0,257.0,74.0,173.0,285.0,978.0,978.0,171.0,94.0,63.0,39.0,160.0,957.0,925.0,152.0,694.0,94.0,0.4674134419551934,0.3,0.4882903981264637,88.28208744710861,0.3009367681498829,16.858895705521473,15.763803680981596,532.0,0.4958677685950413,0.6781609195402298,0.5369649805447471,False,0.3346456692913386,2447
