index,year,ortg,drtg,AtRimFGM,AtRimFGA,AtRimAssists,Turnovers,FTA,OffPoss,DefPoss,TwoPtAssists,Steals,BadPassSteals,ThreePtAssists,FG3A,OpponentPoints,Points,SecondChancePoints,FG2A,LiveBallTurnovers,TsPct,Fg3Pct,AtRimFG3AFrequency,Pace,AtRimFrequency,SecondsPerPossOff,SecondsPerPossDef,Minutes,DefAtRimReboundPct,DefFGReboundPct,AtRimAccuracy,player_on,OffFGReboundPct,nba_id
0,2000,111.8,105.3,,,,,,,,,,,,,,,,,,,,,,,,,19.0,,,,True,0.417,244
1,2000,91.8,98.7,,,,,,,,,,,,,,,,,,,,,,,,,124.0,,,,False,0.296,244
2,2001,115.88785046728972,115.53398058252426,20.0,33.0,7.0,6.0,25.0,107.0,103.0,15.0,7.0,5.0,12.0,26.0,119.0,124.0,11.0,73.0,5.0,0.5636363636363636,0.4615384615384615,0.5959595959595959,93.76744186046513,0.3333333333333333,15.523364485981308,15.184466019417476,54.0,0.2307692307692307,0.5689655172413793,0.6060606060606061,True,0.1764705882352941,244
3,2001,102.8673835125448,112.09964412811388,47.0,73.0,24.0,39.0,73.0,279.0,281.0,44.0,25.0,10.0,17.0,56.0,315.0,287.0,42.0,204.0,22.0,0.4863013698630137,0.3571428571428571,0.4961538461538461,93.8219895287958,0.2807692307692307,15.602150537634408,15.09608540925267,143.0,0.4347826086956521,0.6338028169014085,0.6438356164383562,False,0.3310810810810811,244
