index,year,ortg,drtg,AtRimFGM,AtRimFGA,AtRimAssists,Turnovers,FTA,OffPoss,DefPoss,TwoPtAssists,Steals,BadPassSteals,ThreePtAssists,FG3A,OpponentPoints,Points,SecondChancePoints,FG2A,LiveBallTurnovers,TsPct,Fg3Pct,AtRimFG3AFrequency,Pace,AtRimFrequency,SecondsPerPossOff,SecondsPerPossDef,Minutes,DefAtRimReboundPct,DefFGReboundPct,AtRimAccuracy,player_on,OffFGReboundPct,nba_id
0,2004,50.0,80.0,,2.0,,1.0,,4.0,5.0,1.0,1.0,,,,4.0,2.0,,3.0,,0.3333333333333333,,0.6666666666666666,104.51612903225804,0.6666666666666666,14.0,13.6,2.0,,1.0,,True,,2466
1,2004,92.28243021346468,95.40229885057472,78.0,141.0,42.0,119.0,145.0,609.0,609.0,101.0,42.0,23.0,33.0,130.0,581.0,562.0,92.0,401.0,57.0,0.4697986577181208,0.3153846153846154,0.5103578154425612,87.53843082451587,0.2655367231638418,16.93103448275862,15.9688013136289,334.0,0.5194805194805194,0.6852459016393443,0.5531914893617021,False,0.3260869565217391,2466
