index,year,ortg,drtg,AtRimFGM,AtRimFGA,AtRimAssists,Turnovers,FTA,OffPoss,DefPoss,TwoPtAssists,Steals,BadPassSteals,ThreePtAssists,FG3A,OpponentPoints,Points,SecondChancePoints,FG2A,LiveBallTurnovers,TsPct,Fg3Pct,AtRimFG3AFrequency,Pace,AtRimFrequency,SecondsPerPossOff,SecondsPerPossDef,Minutes,DefAtRimReboundPct,DefFGReboundPct,AtRimAccuracy,player_on,OffFGReboundPct,nba_id
0,2004,85.08771929824562,91.96428571428572,13.0,28.0,7.0,20.0,28.0,114.0,112.0,14.0,16.0,10.0,8.0,26.0,103.0,97.0,11.0,67.0,9.0,0.4575471698113207,0.3461538461538461,0.5806451612903226,92.27105188545508,0.3010752688172043,16.140350877192983,15.0625,59.0,0.5,0.660377358490566,0.4642857142857143,True,0.2542372881355932,2466
1,2004,102.29521715228148,101.82366652954887,1188.0,2049.0,674.0,1261.0,1849.0,7276.0,7293.0,1389.0,597.0,391.0,379.0,1276.0,7426.0,7443.0,1071.0,5075.0,698.0,0.5145685208420465,0.341692789968652,0.5235396000629822,89.48979025990369,0.3226263580538497,16.014156129741615,16.16810640340052,3907.0,0.6039952996474736,0.6699972994869026,0.5797950219619327,False,0.3154381892048752,2466
2,2004,106.66666666666669,106.52173913043478,9.0,15.0,4.0,12.0,24.0,90.0,92.0,14.0,7.0,4.0,3.0,15.0,98.0,96.0,3.0,65.0,4.0,0.5277777777777778,0.4666666666666667,0.375,87.01195219123505,0.1875,17.555555555555557,15.565217391304348,50.0,0.4285714285714285,0.5853658536585366,0.6,True,0.2325581395348837,2466
3,2004,101.3135199681571,105.40683805989929,1159.0,1870.0,646.0,1242.0,1940.0,7537.0,7546.0,1369.0,609.0,397.0,322.0,1232.0,7954.0,7636.0,1076.0,5328.0,678.0,0.510720064724919,0.3352272727272727,0.4728658536585365,92.32605590695776,0.2850609756097561,15.715138649329973,15.47879671349059,3921.0,0.5903030303030303,0.6870921985815602,0.6197860962566845,False,0.294543429844098,2466
