index,year,ortg,drtg,AtRimFGM,AtRimFGA,AtRimAssists,Turnovers,FTA,OffPoss,DefPoss,TwoPtAssists,Steals,BadPassSteals,ThreePtAssists,FG3A,OpponentPoints,Points,SecondChancePoints,FG2A,LiveBallTurnovers,TsPct,Fg3Pct,AtRimFG3AFrequency,Pace,AtRimFrequency,SecondsPerPossOff,SecondsPerPossDef,Minutes,DefAtRimReboundPct,DefFGReboundPct,AtRimAccuracy,player_on,OffFGReboundPct,nba_id
0,2004,91.96428571428572,85.08771929824562,15.0,27.0,8.0,25.0,34.0,112.0,114.0,15.0,9.0,4.0,5.0,24.0,97.0,103.0,20.0,65.0,16.0,0.4858490566037736,0.3333333333333333,0.5730337078651685,92.27105188545508,0.3033707865168539,15.0625,16.140350877192983,59.0,0.8666666666666667,0.7457627118644068,0.5555555555555556,True,0.3396226415094339,2466
1,2004,101.82366652954887,102.29521715228148,1102.0,1961.0,622.0,1203.0,1903.0,7293.0,7276.0,1309.0,698.0,399.0,387.0,1642.0,7443.0,7426.0,1178.0,4874.0,597.0,0.5010865136493278,0.3185140073081607,0.5529465930018416,89.48979025990369,0.300951503990178,16.16810640340052,16.014156129741615,3907.0,0.5752941176470588,0.6845618107951248,0.561958184599694,False,0.3300027005130975,2466
2,2004,106.52173913043478,106.66666666666669,16.0,23.0,11.0,13.0,45.0,92.0,90.0,20.0,4.0,1.0,4.0,14.0,96.0,98.0,15.0,62.0,7.0,0.5052083333333334,0.2857142857142857,0.4868421052631579,87.01195219123505,0.3026315789473684,15.565217391304348,17.555555555555557,50.0,0.6666666666666666,0.7674418604651163,0.6956521739130435,True,0.4146341463414634,2466
3,2004,105.40683805989929,101.3135199681571,1394.0,2222.0,833.0,1119.0,2306.0,7546.0,7537.0,1599.0,678.0,391.0,325.0,1101.0,7636.0,7954.0,1132.0,5499.0,609.0,0.518472422376523,0.3278837420526794,0.5034848484848485,92.32605590695776,0.3366666666666666,15.47879671349059,15.715138649329973,3921.0,0.6,0.705456570155902,0.6273627362736274,False,0.3129078014184397,2466
