index,year,ortg,drtg,AtRimFGM,AtRimFGA,AtRimAssists,Turnovers,FTA,OffPoss,DefPoss,TwoPtAssists,Steals,BadPassSteals,ThreePtAssists,FG3A,OpponentPoints,Points,SecondChancePoints,FG2A,LiveBallTurnovers,TsPct,Fg3Pct,AtRimFG3AFrequency,Pace,AtRimFrequency,SecondsPerPossOff,SecondsPerPossDef,Minutes,DefAtRimReboundPct,DefFGReboundPct,AtRimAccuracy,player_on,OffFGReboundPct,nba_id
0,2006,103.82293762575452,112.8256513026052,98.0,135.0,53.0,73.0,131.0,497.0,499.0,67.0,34.0,17.0,23.0,105.0,563.0,516.0,70.0,332.0,32.0,0.5182926829268293,0.2952380952380952,0.5491990846681922,92.5077399380805,0.3089244851258581,17.458752515090545,13.6813627254509,258.0,0.7954545454545454,0.8454106280193237,0.725925925925926,True,0.2669491525423729,2470
1,2006,116.04938271604938,118.9873417721519,29.0,47.0,9.0,32.0,34.0,162.0,158.0,16.0,11.0,7.0,14.0,45.0,188.0,188.0,22.0,100.0,10.0,0.5822784810126582,0.4222222222222222,0.6344827586206897,87.67123287671234,0.3241379310344827,17.45679012345679,15.367088607594935,88.0,0.6842105263157895,0.7432432432432432,0.6170212765957447,False,0.3768115942028985,2470
2,2007,93.96551724137932,101.7094017094017,21.0,35.0,8.0,26.0,21.0,116.0,117.0,15.0,8.0,4.0,5.0,29.0,119.0,109.0,17.0,79.0,13.0,0.4655172413793103,0.2068965517241379,0.5925925925925926,94.99433748584372,0.324074074074074,15.629310344827584,14.692307692307692,59.0,0.4705882352941176,0.6666666666666666,0.6,True,0.4032258064516129,2470
3,2007,107.32394366197182,119.15492957746478,64.0,104.0,22.0,50.0,87.0,355.0,355.0,37.0,21.0,15.0,15.0,70.0,423.0,381.0,51.0,252.0,25.0,0.5306406685236769,0.3714285714285714,0.5403726708074534,94.07434670592566,0.3229813664596273,16.425352112676055,14.188732394366196,181.0,0.5416666666666666,0.6967741935483871,0.6153846153846154,False,0.2857142857142857,2470
