index,year,ortg,drtg,AtRimFGM,AtRimFGA,AtRimAssists,Turnovers,FTA,OffPoss,DefPoss,TwoPtAssists,Steals,BadPassSteals,ThreePtAssists,FG3A,OpponentPoints,Points,SecondChancePoints,FG2A,LiveBallTurnovers,TsPct,Fg3Pct,AtRimFG3AFrequency,Pace,AtRimFrequency,SecondsPerPossOff,SecondsPerPossDef,Minutes,DefAtRimReboundPct,DefFGReboundPct,AtRimAccuracy,player_on,OffFGReboundPct,nba_id
0,2003,106.84931506849315,91.54929577464787,10.0,16.0,5.0,11.0,26.0,73.0,71.0,9.0,8.0,8.0,6.0,16.0,65.0,78.0,5.0,36.0,7.0,0.609375,0.5625,0.6153846153846154,100.41646489104116,0.3076923076923077,11.082191780821915,17.690140845070424,34.0,0.4444444444444444,0.6764705882352942,0.625,True,0.28,2492
1,2003,102.38473767885532,110.43890865954924,1205.0,2050.0,678.0,1306.0,2006.0,7548.0,7587.0,1364.0,538.0,401.0,402.0,1385.0,8379.0,7728.0,1170.0,5250.0,659.0,0.5099293615886978,0.3379061371841155,0.517709118311982,92.62585265305256,0.3089675960813866,15.716083730789611,15.377619612495057,3922.0,0.6557142857142857,0.7270771712826029,0.5878048780487805,False,0.324220885729907,2492
2,2003,116.54676258992804,99.29078014184395,24.0,34.0,15.0,22.0,52.0,139.0,141.0,27.0,11.0,8.0,6.0,22.0,140.0,162.0,28.0,96.0,12.0,0.574468085106383,0.2727272727272727,0.4745762711864407,89.42115768463073,0.288135593220339,16.028776978417266,16.177304964539008,75.0,0.6666666666666666,0.7012987012987013,0.7058823529411765,True,0.3620689655172414,2492
3,2003,100.76066286335237,91.811515480717,1036.0,1700.0,600.0,1383.0,2285.0,7362.0,7364.0,1361.0,731.0,470.0,370.0,1112.0,6761.0,7418.0,904.0,4857.0,699.0,0.5265,0.3723021582733813,0.4711006868822248,91.3039771626387,0.2848048249287987,15.592637870143983,15.95029875067898,3871.0,0.5544100801832761,0.6626702997275205,0.6094117647058823,False,0.3003381494005533,2492
