index,year,ortg,drtg,AtRimFGM,AtRimFGA,AtRimAssists,Turnovers,FTA,OffPoss,DefPoss,TwoPtAssists,Steals,BadPassSteals,ThreePtAssists,FG3A,OpponentPoints,Points,SecondChancePoints,FG2A,LiveBallTurnovers,TsPct,Fg3Pct,AtRimFG3AFrequency,Pace,AtRimFrequency,SecondsPerPossOff,SecondsPerPossDef,Minutes,DefAtRimReboundPct,DefFGReboundPct,AtRimAccuracy,player_on,OffFGReboundPct,nba_id
0,1999,104.2,93.2,,,,,,,,,,,,,,,,,,,,,,,,,572.0,,,,True,0.23,251
1,1999,98.6,88.5,,,,,,,,,,,,,,,,,,,,,,,,,238.0,,,,False,0.335,251
2,2000,86.6,88.9,,,,,,,,,,,,,,,,,,,,,,,,,118.0,,,,True,0.258,251
3,2000,92.4,95.9,,,,,,,,,,,,,,,,,,,,,,,,,73.0,,,,False,0.2769999999999999,251
4,2001,95.92760180995477,96.58314350797266,82.0,148.0,43.0,74.0,131.0,442.0,439.0,75.0,26.0,15.0,17.0,60.0,424.0,424.0,55.0,311.0,48.0,0.4895104895104895,0.3,0.5606469002695418,88.30850619518307,0.398921832884097,17.047511312217196,15.560364464692483,239.0,0.6326530612244898,0.7,0.5540540540540541,True,0.2583732057416268,251
5,2001,105.36451169188446,106.49171270718232,110.0,182.0,63.0,107.0,218.0,727.0,724.0,116.0,53.0,38.0,47.0,138.0,771.0,766.0,104.0,480.0,59.0,0.5321678321678321,0.391304347826087,0.517799352750809,90.55387015688656,0.2944983818770226,16.25309491059147,15.549723756906078,385.0,0.5168539325842697,0.6513994910941476,0.6043956043956044,False,0.2878338278931751,251
