index,year,ortg,drtg,AtRimFGM,AtRimFGA,AtRimAssists,Turnovers,FTA,OffPoss,DefPoss,TwoPtAssists,Steals,BadPassSteals,ThreePtAssists,FG3A,OpponentPoints,Points,SecondChancePoints,FG2A,LiveBallTurnovers,TsPct,Fg3Pct,AtRimFG3AFrequency,Pace,AtRimFrequency,SecondsPerPossOff,SecondsPerPossDef,Minutes,DefAtRimReboundPct,DefFGReboundPct,AtRimAccuracy,player_on,OffFGReboundPct,nba_id
0,2003,112.8654970760234,76.878612716763,37.0,58.0,27.0,26.0,53.0,171.0,173.0,38.0,18.0,9.0,9.0,27.0,133.0,193.0,20.0,120.0,18.0,0.5578034682080925,0.3703703703703703,0.5782312925170068,92.36621294051837,0.3945578231292517,14.187134502923977,16.976878612716764,89.0,0.8181818181818182,0.74,0.6379310344827587,True,0.3561643835616438,2541
1,2003,102.18791946308724,111.03540414161655,1178.0,2008.0,656.0,1291.0,1979.0,7450.0,7485.0,1335.0,528.0,400.0,399.0,1374.0,8311.0,7613.0,1155.0,5166.0,648.0,0.5096700027048958,0.3398835516739447,0.517125382262997,92.70119872239728,0.3070336391437309,15.705771812080537,15.3625918503674,3867.0,0.6477438136826783,0.7262523952915412,0.5866533864541833,False,0.3232686980609418,2541
