index,year,ortg,drtg,AtRimFGM,AtRimFGA,AtRimAssists,Turnovers,FTA,OffPoss,DefPoss,TwoPtAssists,Steals,BadPassSteals,ThreePtAssists,FG3A,OpponentPoints,Points,SecondChancePoints,FG2A,LiveBallTurnovers,TsPct,Fg3Pct,AtRimFG3AFrequency,Pace,AtRimFrequency,SecondsPerPossOff,SecondsPerPossDef,Minutes,DefAtRimReboundPct,DefFGReboundPct,AtRimAccuracy,player_on,OffFGReboundPct,nba_id
0,2004,80.0,68.96551724137932,4.0,8.0,3.0,3.0,8.0,30.0,29.0,7.0,3.0,1.0,,10.0,20.0,24.0,6.0,19.0,2.0,0.3636363636363636,0.1,0.6206896551724138,108.36734693877553,0.2758620689655172,11.333333333333334,15.310344827586206,13.0,,0.6,0.5,True,0.35,2545
1,2004,91.3715710723192,99.34869739478958,314.0,602.0,189.0,355.0,536.0,2005.0,1996.0,327.0,180.0,101.0,93.0,380.0,1983.0,1832.0,242.0,1320.0,182.0,0.4689105858170606,0.281578947368421,0.5776470588235294,86.43542966874699,0.3541176470588235,16.232917705735662,17.088677354709418,1111.0,0.5757575757575758,0.657,0.521594684385382,False,0.2864321608040201,2545
2,2005,116.66666666666669,86.66666666666667,6.0,9.0,2.0,4.0,15.0,42.0,45.0,5.0,2.0,1.0,3.0,12.0,39.0,49.0,7.0,24.0,1.0,0.5714285714285714,0.25,0.5833333333333334,93.2836932241251,0.25,13.5,17.244444444444444,22.0,0.6666666666666666,0.7142857142857143,0.6666666666666666,True,0.3157894736842105,2545
3,2005,99.66634890371785,105.66666666666669,356.0,628.0,168.0,353.0,556.0,2098.0,2100.0,309.0,148.0,98.0,113.0,401.0,2219.0,2091.0,271.0,1411.0,182.0,0.5034046692607004,0.3266832917705736,0.5678807947019867,84.83545476233914,0.3465783664459161,16.588655862726405,17.35904761904762,1188.0,0.5736434108527132,0.6632075471698113,0.5668789808917197,False,0.2865671641791045,2545
4,2007,109.9009900990099,109.26829268292684,26.0,45.0,13.0,27.0,78.0,202.0,205.0,33.0,20.0,11.0,12.0,43.0,224.0,222.0,36.0,135.0,13.0,0.5164319248826291,0.3255813953488372,0.4943820224719101,85.22320779409627,0.2528089887640449,17.747524752475247,16.058536585365854,115.0,0.5862068965517241,0.6046511627906976,0.5777777777777777,True,0.3592233009708738,2545
5,2007,120.28985507246377,95.5223880597015,16.0,22.0,9.0,15.0,47.0,138.0,134.0,26.0,9.0,5.0,12.0,18.0,128.0,166.0,20.0,98.0,4.0,0.5971223021582733,0.7222222222222222,0.3448275862068966,84.35925048460047,0.1896551724137931,17.456521739130434,16.671641791044777,77.0,0.7368421052631579,0.6984126984126984,0.7272727272727273,False,0.2807017543859649,2545
