index,year,ortg,drtg,AtRimFGM,AtRimFGA,AtRimAssists,Turnovers,FTA,OffPoss,DefPoss,TwoPtAssists,Steals,BadPassSteals,ThreePtAssists,FG3A,OpponentPoints,Points,SecondChancePoints,FG2A,LiveBallTurnovers,TsPct,Fg3Pct,AtRimFG3AFrequency,Pace,AtRimFrequency,SecondsPerPossOff,SecondsPerPossDef,Minutes,DefAtRimReboundPct,DefFGReboundPct,AtRimAccuracy,player_on,OffFGReboundPct,nba_id
0,2004,123.76237623762376,96.0,20.0,25.0,15.0,24.0,35.0,101.0,100.0,25.0,11.0,7.0,6.0,17.0,96.0,125.0,16.0,58.0,10.0,0.6833333333333333,0.3529411764705882,0.56,85.38053097345133,0.3333333333333333,16.019801980198018,17.72,56.0,0.4,0.6382978723404256,0.8,True,0.3928571428571428,2552
1,2004,100.38314176245213,91.25475285171105,51.0,85.0,32.0,52.0,94.0,261.0,263.0,49.0,27.0,15.0,9.0,46.0,240.0,262.0,35.0,167.0,27.0,0.5138888888888888,0.2391304347826087,0.6150234741784038,92.81180811808116,0.3990610328638497,15.279693486590038,15.749049429657797,136.0,0.4375,0.668918918918919,0.6,False,0.3389830508474576,2552
2,2006,106.86695278969955,105.5793991416309,43.0,64.0,22.0,42.0,60.0,233.0,233.0,35.0,16.0,11.0,19.0,65.0,246.0,249.0,27.0,131.0,11.0,0.5585585585585585,0.3076923076923077,0.6581632653061225,93.1094768974608,0.3265306122448979,16.98283261802575,13.948497854077251,120.0,0.45,0.7027027027027027,0.671875,True,0.28,2552
3,2006,107.8078078078078,102.9940119760479,56.0,90.0,23.0,53.0,117.0,333.0,334.0,37.0,25.0,13.0,25.0,74.0,344.0,359.0,49.0,202.0,23.0,0.5424242424242425,0.3648648648648648,0.5942028985507246,95.3519309043979,0.3260869565217391,16.444444444444443,13.763473053892216,168.0,0.71875,0.7841726618705036,0.6222222222222222,False,0.3426573426573426,2552
4,2007,125.0,50.0,1.0,1.0,1.0,1.0,3.0,8.0,8.0,2.0,,,1.0,1.0,4.0,10.0,,5.0,,0.7142857142857143,1.0,0.3333333333333333,114.05940594059406,0.1666666666666666,14.75,10.5,3.0,,1.0,1.0,True,,2552
5,2007,101.6891891891892,103.72040586245772,117.0,204.0,64.0,141.0,247.0,888.0,887.0,142.0,68.0,43.0,52.0,187.0,920.0,903.0,111.0,584.0,70.0,0.5102389078498294,0.3262032085561497,0.5071335927367056,89.37687950206308,0.2645914396887159,17.54054054054054,14.680947012401353,477.0,0.5581395348837209,0.6778846153846154,0.5735294117647058,False,0.2971698113207547,2552
