index,year,ortg,drtg,AtRimFGM,AtRimFGA,AtRimAssists,Turnovers,FTA,OffPoss,DefPoss,TwoPtAssists,Steals,BadPassSteals,ThreePtAssists,FG3A,OpponentPoints,Points,SecondChancePoints,FG2A,LiveBallTurnovers,TsPct,Fg3Pct,AtRimFG3AFrequency,Pace,AtRimFrequency,SecondsPerPossOff,SecondsPerPossDef,Minutes,DefAtRimReboundPct,DefFGReboundPct,AtRimAccuracy,player_on,OffFGReboundPct,nba_id
0,2007,110.07751937984496,103.07692307692308,47.0,66.0,27.0,39.0,88.0,258.0,260.0,48.0,13.0,8.0,6.0,41.0,268.0,284.0,45.0,185.0,15.0,0.5359848484848485,0.1951219512195122,0.4734513274336283,89.58923852990631,0.2920353982300885,15.934108527131784,16.21153846153846,139.0,0.696969696969697,0.7857142857142857,0.7121212121212122,True,0.3418803418803419,2553
1,2007,123.15789473684212,104.25531914893617,13.0,21.0,5.0,14.0,33.0,95.0,94.0,18.0,8.0,7.0,7.0,14.0,98.0,117.0,21.0,67.0,7.0,0.6030927835051546,0.6428571428571429,0.4320987654320987,85.20976831559173,0.2592592592592592,15.968421052631578,17.840425531914892,53.0,0.5555555555555556,0.6923076923076923,0.6190476190476191,False,0.3902439024390244,2553
2,2008,104.91803278688523,84.87394957983193,16.0,37.0,9.0,17.0,43.0,122.0,119.0,12.0,10.0,5.0,7.0,14.0,101.0,128.0,22.0,87.0,8.0,0.5289256198347108,0.5714285714285714,0.504950495049505,94.61286804798256,0.3663366336633663,14.565573770491802,15.890756302521009,61.0,0.5384615384615384,0.7457627118644068,0.4324324324324324,True,0.3035714285714285,2553
3,2008,104.36418359668924,109.00225056264064,242.0,414.0,105.0,231.0,420.0,1329.0,1333.0,205.0,104.0,52.0,64.0,222.0,1453.0,1387.0,211.0,908.0,117.0,0.5203619909502263,0.3198198198198198,0.5628318584070796,84.63481409520445,0.3663716814159292,16.158765989465763,17.86721680420105,755.0,0.4736842105263157,0.6883116883116883,0.5845410628019324,False,0.3526490066225166,2553
