index,year,ortg,drtg,AtRimFGM,AtRimFGA,AtRimAssists,Turnovers,FTA,OffPoss,DefPoss,TwoPtAssists,Steals,BadPassSteals,ThreePtAssists,FG3A,OpponentPoints,Points,SecondChancePoints,FG2A,LiveBallTurnovers,TsPct,Fg3Pct,AtRimFG3AFrequency,Pace,AtRimFrequency,SecondsPerPossOff,SecondsPerPossDef,Minutes,DefAtRimReboundPct,DefFGReboundPct,AtRimAccuracy,player_on,OffFGReboundPct,nba_id
0,2004,109.0909090909091,95.14563106796116,15.0,27.0,8.0,17.0,27.0,110.0,103.0,14.0,17.0,10.0,6.0,21.0,98.0,120.0,20.0,77.0,6.0,0.5454545454545454,0.4285714285714285,0.4897959183673469,88.59618717504333,0.2755102040816326,17.009090909090908,15.446601941747574,58.0,0.625,0.74,0.5555555555555556,True,0.3529411764705882,2556
1,2004,111.76470588235294,92.66409266409266,59.0,94.0,35.0,34.0,64.0,255.0,259.0,53.0,34.0,20.0,19.0,53.0,240.0,285.0,49.0,187.0,20.0,0.5265151515151515,0.3773584905660377,0.6125,91.85405807892776,0.3916666666666666,17.066666666666666,14.308880308880308,134.0,0.5882352941176471,0.7363636363636363,0.6276595744680851,False,0.2923076923076923,2556
2,2005,97.01492537313432,87.30964467005076,17.0,48.0,11.0,35.0,89.0,201.0,197.0,25.0,17.0,12.0,13.0,33.0,172.0,195.0,25.0,125.0,20.0,0.4871794871794871,0.3939393939393939,0.5126582278481012,86.33925881289545,0.3037974683544304,17.388059701492537,15.954314720812183,111.0,0.7307692307692307,0.7931034482758621,0.3541666666666667,True,0.3061224489795918,2556
3,2005,103.17073170731707,106.76328502415458,53.0,101.0,35.0,75.0,135.0,410.0,414.0,65.0,46.0,24.0,29.0,92.0,442.0,423.0,43.0,246.0,39.0,0.5214105793450882,0.3804347826086957,0.5710059171597633,85.8457531471567,0.2988165680473373,18.046341463414635,15.514492753623188,230.0,0.5512820512820513,0.6820512820512821,0.5247524752475248,False,0.2886597938144329,2556
4,2007,142.85714285714286,123.07692307692308,5.0,6.0,1.0,1.0,3.0,14.0,13.0,1.0,,,,1.0,16.0,20.0,7.0,14.0,,0.625,,0.4666666666666667,94.5985401459854,0.4,14.571428571428571,15.923076923076923,7.0,,1.0,0.8333333333333334,True,0.6666666666666666,2556
5,2007,105.1080550098232,110.68627450980392,158.0,264.0,63.0,163.0,262.0,1018.0,1020.0,123.0,77.0,47.0,59.0,220.0,1129.0,1070.0,128.0,676.0,70.0,0.527281746031746,0.3454545454545454,0.5401785714285714,93.85397678211648,0.2946428571428571,16.69744597249509,13.991176470588234,521.0,0.5660377358490566,0.7039473684210527,0.5984848484848485,False,0.2833675564681724,2556
