index,year,ortg,drtg,AtRimFGM,AtRimFGA,AtRimAssists,Turnovers,FTA,OffPoss,DefPoss,TwoPtAssists,Steals,BadPassSteals,ThreePtAssists,FG3A,OpponentPoints,Points,SecondChancePoints,FG2A,LiveBallTurnovers,TsPct,Fg3Pct,AtRimFG3AFrequency,Pace,AtRimFrequency,SecondsPerPossOff,SecondsPerPossDef,Minutes,DefAtRimReboundPct,DefFGReboundPct,AtRimAccuracy,player_on,OffFGReboundPct,nba_id
0,2004,68.96551724137932,92.85714285714286,2.0,5.0,2.0,5.0,4.0,29.0,28.0,6.0,1.0,1.0,1.0,6.0,26.0,20.0,2.0,18.0,3.0,0.3846153846153846,0.1666666666666666,0.4583333333333333,93.27272727272728,0.2083333333333333,15.89655172413793,14.964285714285714,15.0,,0.75,0.4,True,0.1875,2565
1,2004,97.73662551440329,94.24460431654676,173.0,297.0,108.0,199.0,329.0,972.0,973.0,176.0,94.0,54.0,42.0,174.0,917.0,950.0,128.0,603.0,94.0,0.5097508125677139,0.2758620689655172,0.6061776061776062,88.35331230283911,0.3822393822393822,15.752057613168724,16.84378211716341,528.0,0.4957983193277311,0.6646942800788954,0.5824915824915825,False,0.324074074074074,2565
2,2005,33.333333333333336,160.0,,,,,4.0,6.0,5.0,,,,,,8.0,2.0,,2.0,,0.25,,,99.62264150943396,,10.333333333333334,19.4,3.0,,,,True,,2565
3,2005,101.0498687664042,112.565445026178,50.0,96.0,22.0,52.0,121.0,381.0,382.0,61.0,30.0,17.0,24.0,86.0,430.0,385.0,52.0,251.0,24.0,0.4884910485933504,0.2906976744186046,0.5400593471810089,91.85854025583146,0.28486646884273,15.333333333333334,16.01832460732984,199.0,0.6060606060606061,0.7202797202797203,0.5208333333333334,False,0.31,2565
4,2006,91.66666666666669,54.54545454545455,3.0,4.0,1.0,1.0,5.0,12.0,11.0,1.0,4.0,3.0,1.0,2.0,6.0,11.0,2.0,8.0,,0.4583333333333333,0.5,0.6,98.27893175074183,0.4,11.833333333333334,17.727272727272727,6.0,,0.75,0.75,True,0.2,2565
5,2006,106.88216892596456,107.88381742738588,158.0,270.0,91.0,139.0,288.0,959.0,964.0,187.0,72.0,46.0,54.0,190.0,1040.0,1025.0,130.0,634.0,74.0,0.5352260778128286,0.3052631578947368,0.558252427184466,88.3489136330281,0.3276699029126214,15.685088633993743,16.9097510373444,522.0,0.627906976744186,0.7368421052631579,0.5851851851851851,False,0.2772727272727273,2565
