index,year,ortg,drtg,AtRimFGM,AtRimFGA,AtRimAssists,Turnovers,FTA,OffPoss,DefPoss,TwoPtAssists,Steals,BadPassSteals,ThreePtAssists,FG3A,OpponentPoints,Points,SecondChancePoints,FG2A,LiveBallTurnovers,TsPct,Fg3Pct,AtRimFG3AFrequency,Pace,AtRimFrequency,SecondsPerPossOff,SecondsPerPossDef,Minutes,DefAtRimReboundPct,DefFGReboundPct,AtRimAccuracy,player_on,OffFGReboundPct,nba_id
0,2006,,,,,,,,3.0,3.0,,,,,2.0,,,,2.0,,,,0.5,93.91304347826086,,19.33333333333333,11.333333333333334,2.0,,1.0,,True,0.25,2574
1,2006,102.11233797407586,106.6987951807229,273.0,472.0,127.0,328.0,626.0,2083.0,2075.0,278.0,150.0,93.0,125.0,439.0,2214.0,2127.0,264.0,1323.0,161.0,0.5166830225711482,0.3257403189066059,0.5170261066969353,90.1083554057308,0.267877412031782,15.684109457513202,16.27855421686747,1107.0,0.5958549222797928,0.7064439140811456,0.5783898305084746,False,0.2650356778797146,2574
2,2007,111.11111111111111,91.2751677852349,16.0,29.0,4.0,25.0,45.0,144.0,149.0,24.0,16.0,9.0,11.0,26.0,136.0,160.0,19.0,93.0,12.0,0.5714285714285714,0.4230769230769231,0.4621848739495798,91.42361863488624,0.2436974789915966,15.291666666666666,16.19463087248322,77.0,0.5555555555555556,0.75,0.5517241379310345,True,0.3389830508474576,2574
3,2007,108.63636363636364,102.33644859813084,21.0,40.0,15.0,33.0,55.0,220.0,214.0,46.0,15.0,11.0,12.0,44.0,219.0,239.0,30.0,152.0,13.0,0.5384615384615384,0.3863636363636363,0.4285714285714285,90.50832729905866,0.2040816326530612,14.995454545454546,16.850467289719628,115.0,0.6875,0.7857142857142857,0.525,False,0.2990654205607476,2574
4,2008,109.15492957746478,115.0,42.0,79.0,15.0,40.0,104.0,284.0,280.0,26.0,14.0,12.0,24.0,87.0,322.0,310.0,38.0,151.0,20.0,0.5402097902097902,0.2988505747126437,0.6974789915966386,88.92587320705135,0.3319327731092437,16.83450704225352,15.542857142857144,152.0,0.7083333333333334,0.7463768115942029,0.5316455696202531,True,0.3129770992366412,2574
5,2008,125.74850299401196,103.55029585798816,45.0,61.0,20.0,29.0,28.0,167.0,169.0,26.0,13.0,6.0,22.0,61.0,175.0,210.0,31.0,93.0,16.0,0.6295180722891566,0.360655737704918,0.7922077922077922,91.86254034554776,0.3961038961038961,14.874251497005988,16.467455621301774,88.0,0.65,0.6979166666666666,0.7377049180327869,False,0.3888888888888889,2574
