index,year,ortg,drtg,AtRimFGM,AtRimFGA,AtRimAssists,Turnovers,FTA,OffPoss,DefPoss,TwoPtAssists,Steals,BadPassSteals,ThreePtAssists,FG3A,OpponentPoints,Points,SecondChancePoints,FG2A,LiveBallTurnovers,TsPct,Fg3Pct,AtRimFG3AFrequency,Pace,AtRimFrequency,SecondsPerPossOff,SecondsPerPossDef,Minutes,DefAtRimReboundPct,DefFGReboundPct,AtRimAccuracy,player_on,OffFGReboundPct,nba_id
0,2004,100.0,125.0,2.0,3.0,1.0,,2.0,4.0,4.0,1.0,1.0,1.0,,1.0,5.0,4.0,2.0,3.0,,0.4,,1.0,69.81818181818181,0.75,21.25,20.0,3.0,,0.3333333333333333,0.6666666666666666,True,1.0,2582
1,2004,104.73676899569384,103.1635909532399,1247.0,2192.0,721.0,1120.0,1616.0,7199.0,7207.0,1545.0,656.0,384.0,366.0,1221.0,7435.0,7540.0,1131.0,5342.0,613.0,0.5152682255845942,0.3415233415233415,0.5200365686423891,86.58210730607901,0.3339936004875819,15.91901653007362,17.343416123213544,3993.0,0.5325301204819277,0.6631031493787922,0.5688868613138686,False,0.3253114382785957,2582
