index,year,ortg,drtg,AtRimFGM,AtRimFGA,AtRimAssists,Turnovers,FTA,OffPoss,DefPoss,TwoPtAssists,Steals,BadPassSteals,ThreePtAssists,FG3A,OpponentPoints,Points,SecondChancePoints,FG2A,LiveBallTurnovers,TsPct,Fg3Pct,AtRimFG3AFrequency,Pace,AtRimFrequency,SecondsPerPossOff,SecondsPerPossDef,Minutes,DefAtRimReboundPct,DefFGReboundPct,AtRimAccuracy,player_on,OffFGReboundPct,nba_id
0,2006,111.11111111111111,92.45283018867924,10.0,14.0,7.0,12.0,21.0,54.0,53.0,9.0,7.0,3.0,3.0,14.0,49.0,60.0,9.0,25.0,4.0,0.6122448979591837,0.2857142857142857,0.717948717948718,80.54364871928908,0.358974358974359,16.796296296296298,18.9811320754717,32.0,0.5,0.5714285714285714,0.7142857142857143,True,0.3125,2583
1,2006,102.14644749354709,103.78921635203042,1105.0,1932.0,579.0,1164.0,2211.0,7361.0,7363.0,1237.0,581.0,358.0,392.0,1322.0,7642.0,7519.0,874.0,4861.0,554.0,0.5210136833286791,0.348714069591528,0.5262817402555394,90.05236847358428,0.3124696749150897,15.923244124439616,16.058128480239034,3924.0,0.6178571428571429,0.7290454016298021,0.5719461697722568,False,0.268213866039953,2583
