index,year,ortg,drtg,AtRimFGM,AtRimFGA,AtRimAssists,Turnovers,FTA,OffPoss,DefPoss,TwoPtAssists,Steals,BadPassSteals,ThreePtAssists,FG3A,OpponentPoints,Points,SecondChancePoints,FG2A,LiveBallTurnovers,TsPct,Fg3Pct,AtRimFG3AFrequency,Pace,AtRimFrequency,SecondsPerPossOff,SecondsPerPossDef,Minutes,DefAtRimReboundPct,DefFGReboundPct,AtRimAccuracy,player_on,OffFGReboundPct,nba_id
0,2007,112.62135922330096,112.62135922330096,16.0,25.0,11.0,12.0,46.0,103.0,103.0,16.0,5.0,2.0,10.0,32.0,116.0,116.0,29.0,61.0,4.0,0.5087719298245614,0.3125,0.6129032258064516,90.52181873664938,0.2688172043010752,16.485436893203882,15.330097087378642,55.0,0.8,0.7111111111111111,0.64,True,0.4545454545454545,2591
1,2007,110.64440386120532,109.75292587776332,1354.0,2145.0,740.0,1279.0,2100.0,7666.0,7690.0,1419.0,514.0,297.0,497.0,1553.0,8440.0,8482.0,1152.0,5054.0,631.0,0.5606241699867198,0.3786220218931101,0.5597093991221432,94.22344183430415,0.3246556682306644,15.626271849726065,14.940442132639792,3911.0,0.5819477434679335,0.6876901798063624,0.6312354312354312,False,0.3165784832451499,2591
