index,year,ortg,drtg,AtRimFGM,AtRimFGA,AtRimAssists,Turnovers,FTA,OffPoss,DefPoss,TwoPtAssists,Steals,BadPassSteals,ThreePtAssists,FG3A,OpponentPoints,Points,SecondChancePoints,FG2A,LiveBallTurnovers,TsPct,Fg3Pct,AtRimFG3AFrequency,Pace,AtRimFrequency,SecondsPerPossOff,SecondsPerPossDef,Minutes,DefAtRimReboundPct,DefFGReboundPct,AtRimAccuracy,player_on,OffFGReboundPct,nba_id
0,2007,112.62135922330096,112.62135922330096,16.0,26.0,8.0,13.0,33.0,103.0,103.0,15.0,4.0,1.0,6.0,24.0,116.0,116.0,13.0,63.0,5.0,0.5742574257425742,0.4166666666666667,0.5747126436781609,90.52181873664938,0.2988505747126437,15.330097087378642,16.485436893203882,55.0,0.25,0.5454545454545454,0.6153846153846154,True,0.2888888888888888,2591
1,2007,109.75292587776332,110.64440386120532,1293.0,2142.0,622.0,1120.0,2392.0,7690.0,7666.0,1207.0,631.0,381.0,432.0,1590.0,8482.0,8440.0,1137.0,5143.0,514.0,0.5391992790937178,0.3465408805031446,0.5542848655874053,94.22344183430415,0.318134561116887,14.940442132639792,15.626271849726065,3911.0,0.5792141951837769,0.6834215167548501,0.603641456582633,False,0.3123098201936376,2591
