index,year,ortg,drtg,AtRimFGM,AtRimFGA,AtRimAssists,Turnovers,FTA,OffPoss,DefPoss,TwoPtAssists,Steals,BadPassSteals,ThreePtAssists,FG3A,OpponentPoints,Points,SecondChancePoints,FG2A,LiveBallTurnovers,TsPct,Fg3Pct,AtRimFG3AFrequency,Pace,AtRimFrequency,SecondsPerPossOff,SecondsPerPossDef,Minutes,DefAtRimReboundPct,DefFGReboundPct,AtRimAccuracy,player_on,OffFGReboundPct,nba_id
0,2004,98.38709677419357,98.74843554443054,124.0,194.0,75.0,149.0,216.0,806.0,799.0,137.0,75.0,38.0,49.0,151.0,789.0,793.0,100.0,512.0,89.0,0.5158520475561427,0.3443708609271523,0.5203619909502263,95.15418502202644,0.2926093514328808,15.568238213399503,14.694618272841051,405.0,0.5957446808510638,0.6762402088772846,0.6391752577319587,True,0.2814207650273224,2599
1,2004,103.9318479685452,102.13818181818182,1036.0,1793.0,606.0,1257.0,1940.0,6867.0,6875.0,1250.0,644.0,351.0,446.0,1383.0,7022.0,7137.0,1109.0,4580.0,681.0,0.5194986072423399,0.363702096890817,0.5326178098272681,93.2666575545197,0.3006875733691095,16.2088248143294,14.671272727272727,3536.0,0.6239782016348774,0.7296,0.5778025655326269,False,0.3470821875954781,2599
2,2005,107.17488789237667,103.37837837837836,65.0,114.0,32.0,67.0,167.0,446.0,444.0,71.0,38.0,23.0,27.0,87.0,459.0,478.0,71.0,290.0,38.0,0.5277777777777778,0.3448275862068966,0.53315649867374,98.5618703376144,0.3023872679045092,15.650224215246636,13.565315315315315,217.0,0.5454545454545454,0.5759162303664922,0.5701754385964912,True,0.3495145631067961,2599
3,2005,106.80244399185337,104.44866404448663,1254.0,2168.0,631.0,1123.0,2139.0,7365.0,7373.0,1301.0,660.0,421.0,348.0,1204.0,7701.0,7866.0,1094.0,5245.0,595.0,0.528552097428958,0.3430232558139535,0.5228717630640409,94.97451411233482,0.3361761513412932,15.714052953156823,14.610470636104706,3724.0,0.5762910798122066,0.6796549672813801,0.5784132841328413,False,0.3146327356853672,2599
