index,year,ortg,drtg,AtRimFGM,AtRimFGA,AtRimAssists,Turnovers,FTA,OffPoss,DefPoss,TwoPtAssists,Steals,BadPassSteals,ThreePtAssists,FG3A,OpponentPoints,Points,SecondChancePoints,FG2A,LiveBallTurnovers,TsPct,Fg3Pct,AtRimFG3AFrequency,Pace,AtRimFrequency,SecondsPerPossOff,SecondsPerPossDef,Minutes,DefAtRimReboundPct,DefFGReboundPct,AtRimAccuracy,player_on,OffFGReboundPct,nba_id
0,2004,133.33333333333334,89.47368421052632,4.0,8.0,2.0,3.0,7.0,21.0,19.0,3.0,4.0,3.0,1.0,3.0,17.0,28.0,13.0,18.0,1.0,0.5833333333333334,0.6666666666666666,0.5238095238095238,91.57392686804452,0.3809523809523809,16.047619047619047,15.36842105263158,10.0,,0.75,0.5,True,0.6,2599
1,2004,109.59302325581396,93.5860058309038,70.0,113.0,41.0,48.0,84.0,344.0,343.0,64.0,47.0,27.0,24.0,71.0,321.0,377.0,56.0,246.0,25.0,0.5285714285714286,0.380281690140845,0.580441640378549,90.83463410155171,0.3564668769716088,17.11046511627907,14.591836734693878,182.0,0.6122448979591837,0.7368421052631579,0.6194690265486725,False,0.2923976608187134,2599
