index,year,ortg,drtg,AtRimFGM,AtRimFGA,AtRimAssists,Turnovers,FTA,OffPoss,DefPoss,TwoPtAssists,Steals,BadPassSteals,ThreePtAssists,FG3A,OpponentPoints,Points,SecondChancePoints,FG2A,LiveBallTurnovers,TsPct,Fg3Pct,AtRimFG3AFrequency,Pace,AtRimFrequency,SecondsPerPossOff,SecondsPerPossDef,Minutes,DefAtRimReboundPct,DefFGReboundPct,AtRimAccuracy,player_on,OffFGReboundPct,nba_id
0,2007,112.33766233766234,95.4248366013072,31.0,46.0,17.0,22.0,50.0,154.0,153.0,34.0,13.0,10.0,5.0,18.0,146.0,173.0,21.0,111.0,11.0,0.5662251655629139,0.3888888888888889,0.4961240310077519,91.4522134877948,0.3565891472868217,15.467532467532468,16.026143790849673,81.0,0.75,0.75,0.6739130434782609,True,0.3064516129032258,2601
1,2007,110.2974828375286,107.55759127037584,1394.0,2145.0,730.0,1211.0,2074.0,7429.0,7423.0,1386.0,577.0,360.0,445.0,1419.0,7984.0,8194.0,1189.0,5020.0,620.0,0.5545491691637157,0.3608174770965469,0.5535020965988507,91.73957430745604,0.3331262618419009,15.689325615829857,15.70389330459383,3885.0,0.6033376123234917,0.6919695193434936,0.6498834498834499,False,0.3200486766048068,2601
