index,year,ortg,drtg,AtRimFGM,AtRimFGA,AtRimAssists,Turnovers,FTA,OffPoss,DefPoss,TwoPtAssists,Steals,BadPassSteals,ThreePtAssists,FG3A,OpponentPoints,Points,SecondChancePoints,FG2A,LiveBallTurnovers,TsPct,Fg3Pct,AtRimFG3AFrequency,Pace,AtRimFrequency,SecondsPerPossOff,SecondsPerPossDef,Minutes,DefAtRimReboundPct,DefFGReboundPct,AtRimAccuracy,player_on,OffFGReboundPct,nba_id
0,2004,91.66666666666669,58.333333333333336,,3.0,,1.0,4.0,12.0,12.0,1.0,1.0,,,2.0,7.0,11.0,,6.0,1.0,0.55,0.5,0.625,112.57328990228014,0.375,12.666666666666666,12.916666666666666,5.0,,0.75,,True,,2602
1,2004,101.7763701459653,101.25327089932516,1111.0,1993.0,512.0,1136.0,1911.0,7262.0,7261.0,1133.0,589.0,369.0,431.0,1355.0,7352.0,7391.0,1079.0,5054.0,577.0,0.5058604522890238,0.3571955719557195,0.5223903885161492,88.33307286496898,0.3109689499141831,16.563618837785732,16.040214846439884,3946.0,0.613933236574746,0.7084775086505191,0.557451078775715,False,0.3051460361613352,2602
