index,year,ortg,drtg,AtRimFGM,AtRimFGA,AtRimAssists,Turnovers,FTA,OffPoss,DefPoss,TwoPtAssists,Steals,BadPassSteals,ThreePtAssists,FG3A,OpponentPoints,Points,SecondChancePoints,FG2A,LiveBallTurnovers,TsPct,Fg3Pct,AtRimFG3AFrequency,Pace,AtRimFrequency,SecondsPerPossOff,SecondsPerPossDef,Minutes,DefAtRimReboundPct,DefFGReboundPct,AtRimAccuracy,player_on,OffFGReboundPct,nba_id
0,2004,58.333333333333336,91.66666666666669,,1.0,,2.0,3.0,12.0,12.0,1.0,1.0,,,5.0,11.0,7.0,,5.0,1.0,0.3181818181818182,,0.6,112.57328990228014,0.1,12.916666666666666,12.666666666666666,5.0,1.0,1.0,,True,0.25,2602
1,2004,101.25327089932516,101.7763701459653,991.0,1687.0,528.0,1205.0,2097.0,7261.0,7262.0,1175.0,577.0,345.0,350.0,1251.0,7391.0,7352.0,1009.0,4944.0,589.0,0.5127106741573034,0.3445243804956035,0.4742534301856336,88.33307286496898,0.2723163841807909,16.040214846439884,16.563618837785732,3946.0,0.5842824601366743,0.6948539638386648,0.5874333135743924,False,0.291522491349481,2602
