index,year,ortg,drtg,AtRimFGM,AtRimFGA,AtRimAssists,Turnovers,FTA,OffPoss,DefPoss,TwoPtAssists,Steals,BadPassSteals,ThreePtAssists,FG3A,OpponentPoints,Points,SecondChancePoints,FG2A,LiveBallTurnovers,TsPct,Fg3Pct,AtRimFG3AFrequency,Pace,AtRimFrequency,SecondsPerPossOff,SecondsPerPossDef,Minutes,DefAtRimReboundPct,DefFGReboundPct,AtRimAccuracy,player_on,OffFGReboundPct,nba_id
0,2004,86.11111111111111,78.94736842105263,5.0,10.0,1.0,4.0,8.0,36.0,38.0,5.0,5.0,4.0,1.0,5.0,30.0,31.0,4.0,27.0,4.0,0.4305555555555556,0.2,0.46875,103.859649122807,0.3125,13.97222222222222,13.763157894736842,17.0,1.0,0.8421052631578947,0.5,True,0.2,2632
1,2004,101.25742711068122,101.87949143173024,986.0,1678.0,527.0,1203.0,2092.0,7237.0,7236.0,1171.0,573.0,341.0,349.0,1251.0,7372.0,7328.0,1005.0,4922.0,586.0,0.5128259337561664,0.3437250199840128,0.4744856633727523,88.29710973842751,0.2718289324477563,16.045322647505873,16.571862907683805,3934.0,0.5847554038680318,0.6944987433677744,0.5876042908224076,False,0.2919560185185185,2632
2,2005,100.0,104.54545454545456,5.0,10.0,3.0,3.0,3.0,24.0,22.0,6.0,2.0,,1.0,2.0,23.0,24.0,5.0,19.0,2.0,0.5454545454545454,0.5,0.5714285714285714,91.2396694214876,0.4761904761904761,15.291666666666666,16.318181818181817,12.0,0.5,0.5833333333333334,0.5,True,0.3636363636363636,2632
3,2005,105.7514412119587,104.94837065844172,1205.0,2123.0,619.0,1119.0,2038.0,7459.0,7457.0,1312.0,636.0,387.0,413.0,1315.0,7826.0,7888.0,1056.0,5282.0,597.0,0.522237017310253,0.3680608365019011,0.5211459754433834,89.63268985202434,0.3218129452781567,15.825311703981766,16.3058870859595,3994.0,0.5568039950062422,0.6620730976632714,0.567593028732925,False,0.3058889198995255,2632
