index,year,ortg,drtg,AtRimFGM,AtRimFGA,AtRimAssists,Turnovers,FTA,OffPoss,DefPoss,TwoPtAssists,Steals,BadPassSteals,ThreePtAssists,FG3A,OpponentPoints,Points,SecondChancePoints,FG2A,LiveBallTurnovers,TsPct,Fg3Pct,AtRimFG3AFrequency,Pace,AtRimFrequency,SecondsPerPossOff,SecondsPerPossDef,Minutes,DefAtRimReboundPct,DefFGReboundPct,AtRimAccuracy,player_on,OffFGReboundPct,nba_id
0,2004,78.94736842105263,86.11111111111111,4.0,6.0,2.0,8.0,3.0,38.0,36.0,6.0,4.0,4.0,1.0,7.0,31.0,30.0,6.0,25.0,5.0,0.4545454545454545,0.2857142857142857,0.40625,103.859649122807,0.1875,13.763157894736842,13.97222222222222,17.0,0.8,0.8,0.6666666666666666,True,0.1578947368421052,2632
1,2004,101.87949143173024,101.25742711068122,1107.0,1990.0,510.0,1129.0,1912.0,7236.0,7237.0,1128.0,586.0,365.0,430.0,1350.0,7328.0,7372.0,1073.0,5035.0,573.0,0.5061557615161156,0.3577777777777777,0.5231010180109632,88.29710973842751,0.3116679718089272,16.571862907683805,16.045322647505873,3934.0,0.6116788321167883,0.7080439814814815,0.5562814070351759,False,0.3055012566322256,2632
2,2005,104.54545454545456,100.0,2.0,10.0,1.0,3.0,10.0,22.0,24.0,3.0,2.0,1.0,1.0,3.0,24.0,23.0,3.0,16.0,2.0,0.4791666666666667,0.6666666666666666,0.6842105263157895,91.2396694214876,0.5263157894736842,16.318181818181817,15.291666666666666,12.0,0.8,0.6363636363636364,0.2,True,0.4166666666666667,2632
3,2005,104.94837065844172,105.7514412119587,1160.0,1972.0,650.0,1286.0,2264.0,7457.0,7459.0,1699.0,597.0,373.0,198.0,666.0,7888.0,7826.0,1134.0,5683.0,636.0,0.5290918977705275,0.3438438438438438,0.4154985037013703,89.63268985202434,0.3106000945030713,16.3058870859595,15.825311703981766,3994.0,0.5910087719298246,0.6941110801004745,0.5882352941176471,False,0.3379269023367285,2632
