index,year,ortg,drtg,AtRimFGM,AtRimFGA,AtRimAssists,Turnovers,FTA,OffPoss,DefPoss,TwoPtAssists,Steals,BadPassSteals,ThreePtAssists,FG3A,OpponentPoints,Points,SecondChancePoints,FG2A,LiveBallTurnovers,TsPct,Fg3Pct,AtRimFG3AFrequency,Pace,AtRimFrequency,SecondsPerPossOff,SecondsPerPossDef,Minutes,DefAtRimReboundPct,DefFGReboundPct,AtRimAccuracy,player_on,OffFGReboundPct,nba_id
0,2006,,,,,,,,1.0,1.0,,,,,,,,,,,,,,320.0,,4.0,5.0,,,1.0,,True,,2637
1,2006,107.35616438356163,99.80800877674164,1301.0,2026.0,605.0,1126.0,1891.0,7300.0,7292.0,1245.0,543.0,343.0,472.0,1362.0,7278.0,7837.0,1027.0,4980.0,599.0,0.5429747453606809,0.3847283406754772,0.5342163355408388,88.41738515722635,0.3194575843582466,16.65931506849315,15.913055403181568,3961.0,0.620162932790224,0.7110673049845114,0.642152023692004,False,0.2881510813280536,2637
