index,year,ortg,drtg,AtRimFGM,AtRimFGA,AtRimAssists,Turnovers,FTA,OffPoss,DefPoss,TwoPtAssists,Steals,BadPassSteals,ThreePtAssists,FG3A,OpponentPoints,Points,SecondChancePoints,FG2A,LiveBallTurnovers,TsPct,Fg3Pct,AtRimFG3AFrequency,Pace,AtRimFrequency,SecondsPerPossOff,SecondsPerPossDef,Minutes,DefAtRimReboundPct,DefFGReboundPct,AtRimAccuracy,player_on,OffFGReboundPct,nba_id
0,2004,107.6923076923077,91.28787878787878,92.0,156.0,50.0,90.0,132.0,533.0,528.0,100.0,44.0,26.0,43.0,110.0,482.0,574.0,97.0,365.0,40.0,0.5345149253731343,0.4090909090909091,0.56,87.27521992459728,0.3284210526315789,15.846153846153848,17.15909090909091,292.0,0.6231884057971014,0.6599326599326599,0.5897435897435898,True,0.3764705882352941,2639
1,2004,110.20145735105017,103.197715917202,1343.0,2122.0,804.0,1021.0,1832.0,6999.0,7005.0,1469.0,580.0,337.0,392.0,1191.0,7229.0,7713.0,1165.0,5138.0,507.0,0.5376856262258336,0.3744752308984047,0.5234634223416021,91.47377684233446,0.3352820350766314,15.691955993713387,15.79243397573162,3674.0,0.5906040268456376,0.6933026731819488,0.6328934967012253,False,0.3375796178343949,2639
2,2005,113.60544217687077,90.66666666666669,19.0,33.0,10.0,23.0,38.0,147.0,150.0,33.0,10.0,5.0,10.0,31.0,136.0,167.0,25.0,94.0,13.0,0.5804195804195804,0.3548387096774194,0.512,85.19521912350596,0.264,15.4421768707483,18.33333333333333,84.0,0.5384615384615384,0.7948717948717948,0.5757575757575758,True,0.3508771929824561,2639
3,2005,103.67203924316748,105.1080550098232,1083.0,1981.0,546.0,1120.0,2164.0,7135.0,7126.0,1195.0,539.0,338.0,302.0,1040.0,7490.0,7397.0,1003.0,5119.0,602.0,0.5149494665918024,0.3653846153846153,0.4905017048222114,87.82793528327467,0.3216431238837474,15.769866853538892,17.02231265787258,3897.0,0.6226912928759895,0.7125225767609874,0.546693589096416,False,0.3097003856422426,2639
