index,year,ortg,drtg,AtRimFGM,AtRimFGA,AtRimAssists,Turnovers,FTA,OffPoss,DefPoss,TwoPtAssists,Steals,BadPassSteals,ThreePtAssists,FG3A,OpponentPoints,Points,SecondChancePoints,FG2A,LiveBallTurnovers,TsPct,Fg3Pct,AtRimFG3AFrequency,Pace,AtRimFrequency,SecondsPerPossOff,SecondsPerPossDef,Minutes,DefAtRimReboundPct,DefFGReboundPct,AtRimAccuracy,player_on,OffFGReboundPct,nba_id
0,2004,91.28787878787878,107.6923076923077,67.0,137.0,21.0,82.0,145.0,528.0,533.0,67.0,40.0,28.0,15.0,77.0,574.0,482.0,98.0,410.0,44.0,0.4338768115942029,0.2597402597402597,0.4394250513347023,87.27521992459728,0.2813141683778234,17.15909090909091,15.846153846153848,292.0,0.546875,0.6235294117647059,0.4890510948905109,True,0.3400673400673401,2639
1,2004,103.197715917202,110.20145735105017,927.0,1680.0,456.0,1040.0,1855.0,7005.0,6999.0,1180.0,507.0,333.0,322.0,1171.0,7713.0,7229.0,1066.0,5110.0,580.0,0.5059213308896094,0.3492741246797609,0.4539086132781404,91.47377684233446,0.2674733322719312,15.79243397573162,15.691955993713387,3674.0,0.5284974093264249,0.6624203821656051,0.5517857142857143,False,0.3066973268180512,2639
2,2005,90.66666666666669,113.60544217687077,18.0,31.0,10.0,21.0,39.0,150.0,147.0,17.0,13.0,11.0,9.0,36.0,167.0,136.0,15.0,95.0,10.0,0.4496644295302013,0.2777777777777778,0.5114503816793893,85.19521912350596,0.2366412213740458,18.33333333333333,15.4421768707483,84.0,0.6428571428571429,0.6491228070175439,0.5806451612903226,True,0.2051282051282051,2639
3,2005,105.1080550098232,103.67203924316748,1006.0,1777.0,478.0,1152.0,2167.0,7126.0,7135.0,1006.0,602.0,371.0,457.0,1539.0,7397.0,7490.0,1030.0,4499.0,539.0,0.5307989138202086,0.345679012345679,0.5491884730043061,87.82793528327467,0.2943027492547201,17.02231265787258,15.769866853538892,3897.0,0.5613048368953881,0.6902996143577573,0.566122678671919,False,0.2874774232390126,2639
