index,year,ortg,drtg,AtRimFGM,AtRimFGA,AtRimAssists,Turnovers,FTA,OffPoss,DefPoss,TwoPtAssists,Steals,BadPassSteals,ThreePtAssists,FG3A,OpponentPoints,Points,SecondChancePoints,FG2A,LiveBallTurnovers,TsPct,Fg3Pct,AtRimFG3AFrequency,Pace,AtRimFrequency,SecondsPerPossOff,SecondsPerPossDef,Minutes,DefAtRimReboundPct,DefFGReboundPct,AtRimAccuracy,player_on,OffFGReboundPct,nba_id
0,2005,83.33333333333333,90.2439024390244,7.0,15.0,4.0,9.0,8.0,42.0,41.0,4.0,2.0,1.0,2.0,8.0,37.0,35.0,10.0,25.0,5.0,0.4729729729729729,0.375,0.696969696969697,115.25554484088715,0.4545454545454545,12.38095238095238,12.609756097560975,17.0,0.6,0.6666666666666666,0.4666666666666667,True,0.45,2657
1,2005,114.13566185775753,106.70631405795268,1361.0,2143.0,790.0,1116.0,2072.0,7902.0,7903.0,1231.0,570.0,416.0,690.0,2018.0,8433.0,9019.0,1143.0,4967.0,622.0,0.5682192127578788,0.3929633300297324,0.5957050823192556,96.30548021140558,0.3068002863278454,13.73373829410276,16.17094774136404,3939.0,0.5534188034188035,0.6590965193779313,0.6350909939337378,False,0.3023255813953488,2657
