index,year,ortg,drtg,AtRimFGM,AtRimFGA,AtRimAssists,Turnovers,FTA,OffPoss,DefPoss,TwoPtAssists,Steals,BadPassSteals,ThreePtAssists,FG3A,OpponentPoints,Points,SecondChancePoints,FG2A,LiveBallTurnovers,TsPct,Fg3Pct,AtRimFG3AFrequency,Pace,AtRimFrequency,SecondsPerPossOff,SecondsPerPossDef,Minutes,DefAtRimReboundPct,DefFGReboundPct,AtRimAccuracy,player_on,OffFGReboundPct,nba_id
0,2005,90.2439024390244,83.33333333333333,10.0,15.0,4.0,8.0,13.0,41.0,42.0,4.0,5.0,3.0,,6.0,35.0,37.0,10.0,26.0,2.0,0.4868421052631579,0.1666666666666666,0.65625,115.25554484088715,0.46875,12.609756097560975,12.38095238095238,17.0,0.375,0.55,0.6666666666666666,True,0.3333333333333333,2657
1,2005,106.70631405795268,114.13566185775753,1408.0,2353.0,644.0,1121.0,1762.0,7903.0,7902.0,1329.0,622.0,403.0,408.0,1470.0,9019.0,8433.0,1419.0,5983.0,570.0,0.510885429335928,0.3353741496598639,0.5129478062525158,96.30548021140558,0.3157117939084932,16.17094774136404,13.73373829410276,3939.0,0.5958815958815958,0.6976744186046512,0.5983850403739907,False,0.3409034806220686,2657
