index,year,ortg,drtg,AtRimFGM,AtRimFGA,AtRimAssists,Turnovers,FTA,OffPoss,DefPoss,TwoPtAssists,Steals,BadPassSteals,ThreePtAssists,FG3A,OpponentPoints,Points,SecondChancePoints,FG2A,LiveBallTurnovers,TsPct,Fg3Pct,AtRimFG3AFrequency,Pace,AtRimFrequency,SecondsPerPossOff,SecondsPerPossDef,Minutes,DefAtRimReboundPct,DefFGReboundPct,AtRimAccuracy,player_on,OffFGReboundPct,nba_id
0,2005,80.0,133.33333333333334,1.0,2.0,,2.0,2.0,10.0,9.0,,1.0,1.0,,1.0,12.0,8.0,,7.0,1.0,0.4444444444444444,,0.375,102.85714285714285,0.25,18.1,9.444444444444445,4.0,,1.0,0.5,True,0.2,2668
1,2005,109.70654627539504,100.91324200913242,74.0,112.0,41.0,80.0,121.0,443.0,438.0,84.0,32.0,20.0,29.0,89.0,442.0,486.0,62.0,288.0,42.0,0.5591647331786543,0.3595505617977528,0.53315649867374,87.89247609810171,0.2970822281167108,17.399548532731377,15.356164383561644,241.0,0.5892857142857143,0.7339449541284404,0.6607142857142857,False,0.3505154639175257,2668
