index,year,ortg,drtg,AtRimFGM,AtRimFGA,AtRimAssists,Turnovers,FTA,OffPoss,DefPoss,TwoPtAssists,Steals,BadPassSteals,ThreePtAssists,FG3A,OpponentPoints,Points,SecondChancePoints,FG2A,LiveBallTurnovers,TsPct,Fg3Pct,AtRimFG3AFrequency,Pace,AtRimFrequency,SecondsPerPossOff,SecondsPerPossDef,Minutes,DefAtRimReboundPct,DefFGReboundPct,AtRimAccuracy,player_on,OffFGReboundPct,nba_id
0,2005,160.0,140.0,,2.0,,,,5.0,5.0,1.0,,,2.0,4.0,7.0,8.0,3.0,3.0,,0.5714285714285714,0.5,0.8571428571428571,86.22754491017965,0.2857142857142857,20.0,13.4,3.0,,,,True,0.5,2688
1,2005,105.67164179104478,101.29023495857666,983.0,1676.0,516.0,1135.0,1986.0,7370.0,7363.0,1285.0,563.0,341.0,445.0,1517.0,7458.0,7788.0,1106.0,4895.0,607.0,0.5308946431017948,0.3632168754119974,0.4979725514660012,89.10602159660301,0.2613849033063007,16.25685210312076,16.064104305310334,3968.0,0.6103038309114928,0.7194244604316546,0.5865155131264916,False,0.2933908045977011,2688
