index,year,ortg,drtg,AtRimFGM,AtRimFGA,AtRimAssists,Turnovers,FTA,OffPoss,DefPoss,TwoPtAssists,Steals,BadPassSteals,ThreePtAssists,FG3A,OpponentPoints,Points,SecondChancePoints,FG2A,LiveBallTurnovers,TsPct,Fg3Pct,AtRimFG3AFrequency,Pace,AtRimFrequency,SecondsPerPossOff,SecondsPerPossDef,Minutes,DefAtRimReboundPct,DefFGReboundPct,AtRimAccuracy,player_on,OffFGReboundPct,nba_id
0,2005,140.0,160.0,2.0,2.0,1.0,1.0,2.0,5.0,5.0,1.0,,,,,8.0,7.0,,3.0,,0.875,,0.6666666666666666,86.22754491017965,0.6666666666666666,13.4,20.0,3.0,1.0,0.5,1.0,True,,2688
1,2005,101.29023495857666,105.67164179104478,943.0,1708.0,481.0,1086.0,2114.0,7363.0,7370.0,1285.0,607.0,381.0,410.0,1343.0,7788.0,7458.0,945.0,5077.0,563.0,0.5028501628664495,0.3380491437081162,0.475233644859813,89.10602159660301,0.2660436137071651,16.063696862691838,16.257259158751697,3968.0,0.6023391812865497,0.7066091954022988,0.5521077283372365,False,0.2805755395683453,2688
