index,year,ortg,drtg,AtRimFGM,AtRimFGA,AtRimAssists,Turnovers,FTA,OffPoss,DefPoss,TwoPtAssists,Steals,BadPassSteals,ThreePtAssists,FG3A,OpponentPoints,Points,SecondChancePoints,FG2A,LiveBallTurnovers,TsPct,Fg3Pct,AtRimFG3AFrequency,Pace,AtRimFrequency,SecondsPerPossOff,SecondsPerPossDef,Minutes,DefAtRimReboundPct,DefFGReboundPct,AtRimAccuracy,player_on,OffFGReboundPct,nba_id
0,2007,106.31067961165049,108.3132530120482,135.0,245.0,69.0,139.0,216.0,824.0,830.0,120.0,76.0,48.0,69.0,189.0,899.0,876.0,112.0,515.0,73.0,0.543859649122807,0.3968253968253968,0.6164772727272727,91.9456454601606,0.3480113636363636,14.989077669902912,16.3289156626506,432.0,0.5714285714285714,0.6464088397790055,0.5510204081632653,True,0.288,2696
1,2007,107.24680288108188,112.11987659762008,1366.0,2293.0,727.0,1099.0,1703.0,6803.0,6807.0,1209.0,511.0,339.0,373.0,1283.0,7632.0,7296.0,1015.0,4727.0,540.0,0.5379756242568371,0.3499610288386593,0.5950083194675541,92.29030495959614,0.3815307820299501,15.506100249889757,15.699720875569266,3539.0,0.5276653171390013,0.6597153260509765,0.5957261229829918,False,0.3100923272843043,2696
