index,year,ortg,drtg,AtRimFGM,AtRimFGA,AtRimAssists,Turnovers,FTA,OffPoss,DefPoss,TwoPtAssists,Steals,BadPassSteals,ThreePtAssists,FG3A,OpponentPoints,Points,SecondChancePoints,FG2A,LiveBallTurnovers,TsPct,Fg3Pct,AtRimFG3AFrequency,Pace,AtRimFrequency,SecondsPerPossOff,SecondsPerPossDef,Minutes,DefAtRimReboundPct,DefFGReboundPct,AtRimAccuracy,player_on,OffFGReboundPct,nba_id
0,2007,108.3132530120482,106.31067961165049,166.0,250.0,102.0,148.0,235.0,830.0,824.0,184.0,73.0,50.0,47.0,162.0,876.0,899.0,129.0,555.0,76.0,0.5482885085574573,0.345679012345679,0.5746164574616457,91.9456454601606,0.3486750348675035,16.3289156626506,14.989077669902912,432.0,0.6605504587155964,0.712,0.664,True,0.3535911602209944,2696
1,2007,112.11987659762008,107.24680288108188,1307.0,2056.0,736.0,1137.0,1874.0,6807.0,6803.0,1387.0,540.0,340.0,459.0,1375.0,7296.0,7632.0,1041.0,4581.0,511.0,0.5611037135670958,0.3701818181818181,0.5760577568838147,92.29030495959614,0.3451981195433176,15.699720875569266,15.506100249889757,3539.0,0.5711183496199783,0.6899076727156956,0.6357003891050583,False,0.3402846739490235,2696
