index,year,ortg,drtg,AtRimFGM,AtRimFGA,AtRimAssists,Turnovers,FTA,OffPoss,DefPoss,TwoPtAssists,Steals,BadPassSteals,ThreePtAssists,FG3A,OpponentPoints,Points,SecondChancePoints,FG2A,LiveBallTurnovers,TsPct,Fg3Pct,AtRimFG3AFrequency,Pace,AtRimFrequency,SecondsPerPossOff,SecondsPerPossDef,Minutes,DefAtRimReboundPct,DefFGReboundPct,AtRimAccuracy,player_on,OffFGReboundPct,nba_id
0,2002,81.81818181818181,138.63636363636363,7.0,10.0,2.0,6.0,5.0,44.0,44.0,4.0,2.0,1.0,1.0,13.0,61.0,36.0,4.0,27.0,6.0,0.4285714285714285,0.1538461538461538,0.575,94.21561338289962,0.25,16.954545454545453,13.613636363636363,22.0,0.6666666666666666,0.625,0.7,True,0.1818181818181818,271
1,2002,112.97297297297295,109.62059620596206,96.0,168.0,50.0,94.0,197.0,740.0,738.0,107.0,48.0,35.0,45.0,164.0,809.0,836.0,107.0,500.0,48.0,0.5508701472556894,0.3963414634146341,0.5,96.76380995680836,0.253012048192771,15.186486486486489,14.575880758807587,367.0,0.5063291139240507,0.6416184971098265,0.5714285714285714,False,0.2788732394366197,271
