index,year,ortg,drtg,AtRimFGM,AtRimFGA,AtRimAssists,Turnovers,FTA,OffPoss,DefPoss,TwoPtAssists,Steals,BadPassSteals,ThreePtAssists,FG3A,OpponentPoints,Points,SecondChancePoints,FG2A,LiveBallTurnovers,TsPct,Fg3Pct,AtRimFG3AFrequency,Pace,AtRimFrequency,SecondsPerPossOff,SecondsPerPossDef,Minutes,DefAtRimReboundPct,DefFGReboundPct,AtRimAccuracy,player_on,OffFGReboundPct,nba_id
0,2007,109.6153846153846,112.0,11.0,14.0,7.0,5.0,23.0,52.0,50.0,10.0,2.0,,3.0,11.0,56.0,57.0,4.0,29.0,3.0,0.5588235294117647,0.2727272727272727,0.625,88.21621621621621,0.35,16.557692307692307,16.08,28.0,0.5555555555555556,0.5714285714285714,0.7857142857142857,True,0.3,2737
1,2007,105.15191545574636,106.13861386138612,224.0,366.0,109.0,249.0,477.0,1514.0,1515.0,179.0,146.0,94.0,124.0,405.0,1608.0,1592.0,164.0,832.0,122.0,0.5442690459849004,0.3555555555555555,0.6232821341956346,91.64323983611725,0.295877122069523,15.350066050198151,16.075907590759076,793.0,0.4782608695652174,0.6522366522366523,0.6120218579234973,False,0.2577777777777778,2737
