index,year,ortg,drtg,AtRimFGM,AtRimFGA,AtRimAssists,Turnovers,FTA,OffPoss,DefPoss,TwoPtAssists,Steals,BadPassSteals,ThreePtAssists,FG3A,OpponentPoints,Points,SecondChancePoints,FG2A,LiveBallTurnovers,TsPct,Fg3Pct,AtRimFG3AFrequency,Pace,AtRimFrequency,SecondsPerPossOff,SecondsPerPossDef,Minutes,DefAtRimReboundPct,DefFGReboundPct,AtRimAccuracy,player_on,OffFGReboundPct,nba_id
0,2007,63.63636363636363,127.27272727272728,4.0,6.0,3.0,7.0,5.0,22.0,22.0,4.0,2.0,1.0,,2.0,28.0,14.0,,10.0,4.0,0.5,,0.6666666666666666,93.17647058823528,0.5,16.40909090909091,14.5,11.0,,0.4285714285714285,0.6666666666666666,True,,2739
1,2007,108.89748549323018,99.61464354527938,89.0,146.0,55.0,88.0,130.0,517.0,519.0,90.0,39.0,23.0,54.0,140.0,517.0,563.0,52.0,300.0,42.0,0.564128256513026,0.3928571428571428,0.65,89.86987951807228,0.3318181818181818,16.079303675048354,15.967244701348749,277.0,0.6153846153846154,0.7896995708154506,0.6095890410958904,False,0.278969957081545,2739
