index,year,ortg,drtg,AtRimFGM,AtRimFGA,AtRimAssists,Turnovers,FTA,OffPoss,DefPoss,TwoPtAssists,Steals,BadPassSteals,ThreePtAssists,FG3A,OpponentPoints,Points,SecondChancePoints,FG2A,LiveBallTurnovers,TsPct,Fg3Pct,AtRimFG3AFrequency,Pace,AtRimFrequency,SecondsPerPossOff,SecondsPerPossDef,Minutes,DefAtRimReboundPct,DefFGReboundPct,AtRimAccuracy,player_on,OffFGReboundPct,nba_id
0,2007,160.0,43.75,2.0,3.0,2.0,2.0,3.0,15.0,16.0,6.0,2.0,2.0,2.0,2.0,7.0,24.0,9.0,14.0,1.0,0.6764705882352942,1.0,0.3125,81.16363636363637,0.1875,18.4,17.125,9.0,0.5,0.7272727272727273,0.6666666666666666,True,0.8333333333333334,2745
1,2007,100.9950248756219,100.4991680532446,95.0,154.0,53.0,82.0,143.0,603.0,601.0,130.0,47.0,22.0,22.0,85.0,604.0,609.0,80.0,460.0,48.0,0.4975328947368421,0.2823529411764706,0.4385321100917431,88.41203467618563,0.2825688073394495,16.70149253731343,15.87188019966722,327.0,0.6304347826086957,0.7464285714285714,0.6168831168831169,False,0.2751677852348993,2745
