index,year,ortg,drtg,AtRimFGM,AtRimFGA,AtRimAssists,Turnovers,FTA,OffPoss,DefPoss,TwoPtAssists,Steals,BadPassSteals,ThreePtAssists,FG3A,OpponentPoints,Points,SecondChancePoints,FG2A,LiveBallTurnovers,TsPct,Fg3Pct,AtRimFG3AFrequency,Pace,AtRimFrequency,SecondsPerPossOff,SecondsPerPossDef,Minutes,DefAtRimReboundPct,DefFGReboundPct,AtRimAccuracy,player_on,OffFGReboundPct,nba_id
0,2007,43.75,160.0,1.0,3.0,1.0,2.0,1.0,16.0,15.0,1.0,1.0,,,7.0,24.0,7.0,,9.0,2.0,0.21875,0.1428571428571428,0.625,81.16363636363637,0.1875,17.125,18.4,9.0,,0.1666666666666666,0.3333333333333333,True,0.2727272727272727,2745
1,2007,100.4991680532446,100.9950248756219,74.0,120.0,39.0,102.0,183.0,601.0,603.0,83.0,48.0,25.0,43.0,149.0,609.0,604.0,70.0,342.0,47.0,0.5224913494809689,0.3288590604026846,0.5478615071283096,88.41203467618563,0.2443991853360488,15.87188019966722,16.70149253731343,327.0,0.559322033898305,0.7248322147651006,0.6166666666666667,False,0.2535714285714285,2745
