index,year,ortg,drtg,AtRimFGM,AtRimFGA,AtRimAssists,Turnovers,FTA,OffPoss,DefPoss,TwoPtAssists,Steals,BadPassSteals,ThreePtAssists,FG3A,OpponentPoints,Points,SecondChancePoints,FG2A,LiveBallTurnovers,TsPct,Fg3Pct,AtRimFG3AFrequency,Pace,AtRimFrequency,SecondsPerPossOff,SecondsPerPossDef,Minutes,DefAtRimReboundPct,DefFGReboundPct,AtRimAccuracy,player_on,OffFGReboundPct,nba_id
0,2006,112.93800539083558,115.15957446808513,68.0,111.0,20.0,50.0,135.0,371.0,376.0,40.0,31.0,19.0,18.0,72.0,433.0,419.0,73.0,254.0,23.0,0.5371794871794872,0.3472222222222222,0.5613496932515337,91.09756097560977,0.3404907975460122,15.498652291105122,16.111702127659573,197.0,0.6923076923076923,0.7847222222222222,0.6126126126126126,True,0.3539325842696629,2755
1,2006,97.05882352941175,122.3529411764706,25.0,39.0,14.0,28.0,38.0,170.0,170.0,29.0,14.0,7.0,5.0,22.0,208.0,165.0,12.0,121.0,13.0,0.5188679245283019,0.2727272727272727,0.4265734265734265,84.82328482328482,0.2727272727272727,17.229411764705883,16.723529411764705,96.0,0.25,0.6338028169014085,0.6410256410256411,False,0.2307692307692307,2755
2,2013,110.062893081761,104.94417862838915,91.0,152.0,36.0,86.0,175.0,636.0,627.0,67.0,36.0,18.0,54.0,180.0,658.0,700.0,74.0,372.0,45.0,0.5530903328050714,0.3666666666666666,0.6014492753623188,93.7291280148423,0.2753623188405797,14.80188679245283,15.933014354066986,323.0,0.6025641025641025,0.7067901234567902,0.5986842105263158,True,0.2601351351351351,2755
3,2013,98.45758354755785,104.85933503836316,52.0,88.0,31.0,64.0,90.0,389.0,391.0,55.0,30.0,18.0,23.0,92.0,410.0,383.0,58.0,254.0,29.0,0.4882506527415143,0.3152173913043478,0.5202312138728323,89.31297709923665,0.2543352601156069,16.298200514138816,15.948849104859336,210.0,0.6785714285714286,0.7180851063829787,0.5909090909090909,False,0.270935960591133,2755
4,2016,101.0752688172043,94.38202247191012,11.0,22.0,6.0,18.0,18.0,93.0,89.0,17.0,6.0,5.0,5.0,17.0,84.0,94.0,11.0,60.0,11.0,0.5470588235294118,0.5294117647058824,0.5064935064935064,88.66035182679296,0.2857142857142857,16.440860215053764,16.03370786516854,49.0,0.5833333333333334,0.7555555555555555,0.5,True,0.2307692307692307,2755
5,2016,112.37864077669904,102.54854368932038,137.0,228.0,65.0,98.0,187.0,824.0,824.0,124.0,85.0,49.0,67.0,174.0,845.0,926.0,97.0,574.0,58.0,0.5574365175332527,0.4195402298850574,0.5374331550802139,91.82479492338646,0.3048128342245989,16.16868932038835,15.195388349514564,431.0,0.5714285714285714,0.6828087167070218,0.6008771929824561,False,0.232,2755
