index,year,ortg,drtg,AtRimFGM,AtRimFGA,AtRimAssists,Turnovers,FTA,OffPoss,DefPoss,TwoPtAssists,Steals,BadPassSteals,ThreePtAssists,FG3A,OpponentPoints,Points,SecondChancePoints,FG2A,LiveBallTurnovers,TsPct,Fg3Pct,AtRimFG3AFrequency,Pace,AtRimFrequency,SecondsPerPossOff,SecondsPerPossDef,Minutes,DefAtRimReboundPct,DefFGReboundPct,AtRimAccuracy,player_on,OffFGReboundPct,nba_id
0,2006,115.15957446808513,112.93800539083558,60.0,86.0,35.0,51.0,127.0,376.0,371.0,60.0,23.0,18.0,26.0,75.0,419.0,433.0,32.0,225.0,31.0,0.6050420168067226,0.4,0.5366666666666666,91.09756097560977,0.2866666666666667,16.111702127659573,15.498652291105122,197.0,0.6046511627906976,0.6460674157303371,0.6976744186046512,True,0.2152777777777778,2755
1,2006,122.3529411764706,97.05882352941175,31.0,47.0,15.0,29.0,42.0,170.0,170.0,29.0,13.0,10.0,17.0,36.0,165.0,208.0,41.0,113.0,14.0,0.6204819277108434,0.5,0.5570469798657718,84.82328482328482,0.3154362416107382,16.723529411764705,17.229411764705883,96.0,0.7142857142857143,0.7692307692307693,0.6595744680851063,False,0.3661971830985915,2755
2,2013,104.94417862838915,110.062893081761,94.0,173.0,40.0,87.0,193.0,627.0,636.0,63.0,45.0,21.0,47.0,182.0,700.0,658.0,94.0,379.0,36.0,0.5069659442724458,0.3296703296703296,0.6327985739750446,93.7291280148423,0.3083778966131907,15.933014354066986,14.80188679245283,323.0,0.5737704918032787,0.7398648648648649,0.5433526011560693,True,0.2932098765432099,2755
3,2013,104.85933503836316,98.45758354755785,74.0,130.0,36.0,60.0,115.0,391.0,389.0,56.0,29.0,14.0,29.0,99.0,383.0,410.0,53.0,238.0,30.0,0.5271317829457365,0.3434343434343434,0.6795252225519288,89.31297709923665,0.3857566765578635,15.948849104859336,16.298200514138816,210.0,0.6571428571428571,0.729064039408867,0.5692307692307692,False,0.2819148936170212,2755
4,2016,94.38202247191012,101.0752688172043,14.0,26.0,7.0,12.0,24.0,89.0,93.0,11.0,11.0,4.0,5.0,21.0,94.0,84.0,11.0,56.0,6.0,0.4772727272727273,0.2857142857142857,0.6103896103896104,88.66035182679296,0.3376623376623376,16.03370786516854,16.440860215053764,49.0,0.6363636363636364,0.7692307692307693,0.5384615384615384,True,0.2444444444444444,2755
5,2016,102.54854368932038,112.37864077669904,148.0,274.0,71.0,138.0,194.0,824.0,824.0,118.0,58.0,35.0,47.0,180.0,926.0,845.0,116.0,556.0,85.0,0.5084745762711864,0.3111111111111111,0.6168478260869565,91.82479492338646,0.3722826086956521,15.195388349514564,16.16868932038835,431.0,0.7078651685393258,0.768,0.5401459854014599,False,0.3171912832929782,2755
