index,year,ortg,drtg,AtRimFGM,AtRimFGA,AtRimAssists,Turnovers,FTA,OffPoss,DefPoss,TwoPtAssists,Steals,BadPassSteals,ThreePtAssists,FG3A,OpponentPoints,Points,SecondChancePoints,FG2A,LiveBallTurnovers,TsPct,Fg3Pct,AtRimFG3AFrequency,Pace,AtRimFrequency,SecondsPerPossOff,SecondsPerPossDef,Minutes,DefAtRimReboundPct,DefFGReboundPct,AtRimAccuracy,player_on,OffFGReboundPct,nba_id
0,2006,68.33333333333333,103.38983050847456,4.0,10.0,3.0,11.0,22.0,60.0,59.0,5.0,5.0,4.0,1.0,13.0,61.0,41.0,5.0,32.0,8.0,0.3660714285714285,0.1538461538461538,0.5111111111111111,91.83279742765274,0.2222222222222222,17.95,13.372881355932204,31.0,0.5,0.7391304347826086,0.4,True,0.2258064516129032,2758
1,2006,107.14285714285714,108.51528384279476,56.0,101.0,32.0,84.0,141.0,462.0,458.0,69.0,31.0,15.0,32.0,104.0,497.0,495.0,56.0,273.0,35.0,0.5607798165137615,0.3653846153846153,0.5437665782493368,85.94783962631375,0.2679045092838196,17.5,16.002183406113538,257.0,0.6065573770491803,0.7077625570776256,0.5544554455445545,False,0.2755102040816326,2758
