index,year,ortg,drtg,AtRimFGM,AtRimFGA,AtRimAssists,Turnovers,FTA,OffPoss,DefPoss,TwoPtAssists,Steals,BadPassSteals,ThreePtAssists,FG3A,OpponentPoints,Points,SecondChancePoints,FG2A,LiveBallTurnovers,TsPct,Fg3Pct,AtRimFG3AFrequency,Pace,AtRimFrequency,SecondsPerPossOff,SecondsPerPossDef,Minutes,DefAtRimReboundPct,DefFGReboundPct,AtRimAccuracy,player_on,OffFGReboundPct,nba_id
0,2005,72.72727272727273,77.77777777777777,5.0,11.0,2.0,10.0,11.0,44.0,45.0,5.0,2.0,1.0,2.0,5.0,35.0,32.0,4.0,28.0,6.0,0.4210526315789473,0.4,0.4848484848484848,109.16524701873936,0.3333333333333333,12.090909090909092,14.266666666666667,20.0,0.75,0.8571428571428571,0.4545454545454545,True,0.1904761904761904,2762
1,2005,106.818477553676,107.34028683181224,1272.0,2030.0,588.0,1160.0,2465.0,7685.0,7670.0,1166.0,714.0,437.0,390.0,1493.0,8233.0,8209.0,1325.0,5268.0,580.0,0.519587891121852,0.3429336905559276,0.5210767637923384,93.61774194914176,0.3002514420943647,14.976057254391671,15.78813559322034,3936.0,0.5832167832167832,0.6737468139337298,0.6266009852216748,False,0.338800752890562,2762
