index,year,ortg,drtg,AtRimFGM,AtRimFGA,AtRimAssists,Turnovers,FTA,OffPoss,DefPoss,TwoPtAssists,Steals,BadPassSteals,ThreePtAssists,FG3A,OpponentPoints,Points,SecondChancePoints,FG2A,LiveBallTurnovers,TsPct,Fg3Pct,AtRimFG3AFrequency,Pace,AtRimFrequency,SecondsPerPossOff,SecondsPerPossDef,Minutes,DefAtRimReboundPct,DefFGReboundPct,AtRimAccuracy,player_on,OffFGReboundPct,nba_id
0,2005,104.38709677419357,100.0,130.0,245.0,72.0,121.0,202.0,775.0,762.0,143.0,65.0,42.0,39.0,128.0,762.0,809.0,135.0,578.0,64.0,0.5050251256281407,0.359375,0.5283286118980169,86.95214897462088,0.3470254957507082,15.984516129032258,17.146981627296586,424.0,0.5784313725490197,0.6657223796033994,0.5306122448979592,True,0.3549222797927461,2763
1,2005,105.88849135360763,105.50841149322616,1080.0,1888.0,550.0,1001.0,1839.0,6708.0,6717.0,1175.0,573.0,345.0,375.0,1189.0,7087.0,7103.0,926.0,4723.0,535.0,0.5243467933491687,0.3692178301093355,0.520466847090663,89.95560849859939,0.3193504736129905,15.805008944543829,16.210510644633022,3582.0,0.553041018387553,0.661327994661328,0.5720338983050848,False,0.3001870324189526,2763
