index,year,ortg,drtg,AtRimFGM,AtRimFGA,AtRimAssists,Turnovers,FTA,OffPoss,DefPoss,TwoPtAssists,Steals,BadPassSteals,ThreePtAssists,FG3A,OpponentPoints,Points,SecondChancePoints,FG2A,LiveBallTurnovers,TsPct,Fg3Pct,AtRimFG3AFrequency,Pace,AtRimFrequency,SecondsPerPossOff,SecondsPerPossDef,Minutes,DefAtRimReboundPct,DefFGReboundPct,AtRimAccuracy,player_on,OffFGReboundPct,nba_id
0,2005,101.06635071090048,107.27699530516432,147.0,263.0,81.0,135.0,237.0,844.0,852.0,159.0,85.0,54.0,31.0,98.0,914.0,853.0,128.0,643.0,78.0,0.5023668639053255,0.336734693877551,0.4871794871794871,93.9214705995462,0.3549257759784076,15.843601895734595,14.825117370892018,433.0,0.5833333333333334,0.6782608695652174,0.55893536121673,True,0.3276699029126214,2764
1,2005,100.14832393948384,110.78721515241196,1313.0,2295.0,634.0,1184.0,1757.0,6742.0,6758.0,1190.0,544.0,365.0,234.0,875.0,7487.0,6752.0,1043.0,5056.0,638.0,0.5005957700327673,0.3097142857142857,0.5344798516270444,91.58708546714595,0.3869499241274658,15.97448828240878,15.471589227582124,3538.0,0.5811855670103093,0.6903379993171731,0.5721132897603486,False,0.3309663476381599,2764
2,2006,111.76470588235294,105.92885375494072,59.0,83.0,36.0,50.0,95.0,255.0,253.0,49.0,24.0,19.0,10.0,42.0,268.0,285.0,28.0,158.0,25.0,0.5854166666666667,0.3333333333333333,0.625,95.92446892210856,0.415,15.349019607843138,14.67193675889328,127.0,0.625,0.7368421052631579,0.7108433734939759,True,0.3626373626373626,2764
3,2006,106.232725262576,111.62598262308649,1285.0,2238.0,635.0,1234.0,2112.0,7236.0,7251.0,1221.0,563.0,386.0,345.0,1112.0,8094.0,7687.0,1172.0,5184.0,572.0,0.5280929975089953,0.368705035971223,0.5320838627700127,90.33438125178624,0.3554637865311308,15.999447208402431,15.882223141635636,3849.0,0.5694444444444444,0.6598746081504702,0.5741733690795353,False,0.3442962962962963,2764
