index,year,ortg,drtg,AtRimFGM,AtRimFGA,AtRimAssists,Turnovers,FTA,OffPoss,DefPoss,TwoPtAssists,Steals,BadPassSteals,ThreePtAssists,FG3A,OpponentPoints,Points,SecondChancePoints,FG2A,LiveBallTurnovers,TsPct,Fg3Pct,AtRimFG3AFrequency,Pace,AtRimFrequency,SecondsPerPossOff,SecondsPerPossDef,Minutes,DefAtRimReboundPct,DefFGReboundPct,AtRimAccuracy,player_on,OffFGReboundPct,nba_id
0,2005,72.0,87.75510204081633,5.0,17.0,3.0,5.0,13.0,50.0,49.0,5.0,3.0,3.0,,5.0,43.0,36.0,6.0,37.0,1.0,0.3673469387755102,,0.5238095238095238,91.61953727506426,0.4047619047619047,16.66,14.755102040816327,26.0,0.75,0.6521739130434783,0.2941176470588235,True,0.1851851851851851,2765
1,2005,105.52172709659564,102.61013672144732,1322.0,2298.0,702.0,1192.0,2011.0,7226.0,7241.0,1235.0,696.0,426.0,476.0,1481.0,7430.0,7625.0,987.0,4748.0,611.0,0.53196122506322,0.3585415259959487,0.6066784395569113,88.68507986241188,0.3689195697543747,16.595211735399946,15.879988951802238,3915.0,0.5526036131774708,0.6688197298884322,0.5752828546562228,False,0.3023255813953488,2765
2,2012,102.5974025974026,102.38095238095238,12.0,15.0,8.0,17.0,13.0,77.0,84.0,15.0,7.0,3.0,3.0,13.0,86.0,79.0,8.0,50.0,11.0,0.572463768115942,0.4615384615384615,0.4444444444444444,86.15384615384615,0.238095238095238,16.753246753246753,16.678571428571427,45.0,0.5,0.5909090909090909,0.8,True,0.2857142857142857,2765
3,2012,102.90125551408212,109.39142227496184,830.0,1511.0,423.0,978.0,1420.0,5894.0,5899.0,896.0,486.0,319.0,397.0,1468.0,6453.0,6065.0,846.0,3789.0,514.0,0.5141252552756977,0.3412806539509537,0.5666730074186799,90.33464723999808,0.2874262887578467,16.454021038344077,15.427869130361078,3133.0,0.5722801788375559,0.6814456035767511,0.5493050959629384,False,0.3107154853879744,2765
