index,year,ortg,drtg,AtRimFGM,AtRimFGA,AtRimAssists,Turnovers,FTA,OffPoss,DefPoss,TwoPtAssists,Steals,BadPassSteals,ThreePtAssists,FG3A,OpponentPoints,Points,SecondChancePoints,FG2A,LiveBallTurnovers,TsPct,Fg3Pct,AtRimFG3AFrequency,Pace,AtRimFrequency,SecondsPerPossOff,SecondsPerPossDef,Minutes,DefAtRimReboundPct,DefFGReboundPct,AtRimAccuracy,player_on,OffFGReboundPct,nba_id
0,2005,220.0,160.0,1.0,1.0,1.0,,,5.0,5.0,1.0,,,3.0,3.0,8.0,11.0,,1.0,,1.375,1.0,1.0,91.13924050632912,0.25,15.2,16.4,3.0,,0.3333333333333333,1.0,True,,2766
1,2005,123.33333333333331,111.94444444444444,62.0,96.0,33.0,44.0,128.0,360.0,360.0,52.0,19.0,16.0,39.0,89.0,403.0,444.0,64.0,223.0,23.0,0.5956873315363881,0.4382022471910112,0.592948717948718,91.25154022179191,0.3076923076923077,14.102777777777778,17.458333333333332,189.0,0.6511627906976745,0.7241379310344828,0.6458333333333334,False,0.3026315789473684,2766
2,2006,73.91304347826087,113.04347826086956,2.0,2.0,1.0,6.0,10.0,23.0,23.0,1.0,1.0,1.0,,1.0,26.0,17.0,4.0,12.0,3.0,0.4722222222222222,,0.2307692307692307,87.96812749003983,0.1538461538461538,20.08695652173913,12.652173913043478,13.0,1.0,1.0,1.0,True,0.1111111111111111,2766
3,2006,117.5,97.4921630094044,41.0,69.0,18.0,45.0,100.0,320.0,319.0,53.0,26.0,18.0,19.0,58.0,311.0,376.0,61.0,236.0,16.0,0.5532544378698225,0.3620689655172414,0.4319727891156462,83.14448359989157,0.2346938775510204,17.73125,16.905956112852664,184.0,0.7435897435897436,0.7338129496402878,0.5942028985507246,False,0.3701298701298701,2766
