index,year,ortg,drtg,AtRimFGM,AtRimFGA,AtRimAssists,Turnovers,FTA,OffPoss,DefPoss,TwoPtAssists,Steals,BadPassSteals,ThreePtAssists,FG3A,OpponentPoints,Points,SecondChancePoints,FG2A,LiveBallTurnovers,TsPct,Fg3Pct,AtRimFG3AFrequency,Pace,AtRimFrequency,SecondsPerPossOff,SecondsPerPossDef,Minutes,DefAtRimReboundPct,DefFGReboundPct,AtRimAccuracy,player_on,OffFGReboundPct,nba_id
0,2005,160.0,220.0,2.0,4.0,,,2.0,5.0,5.0,1.0,,,,,11.0,8.0,4.0,6.0,,0.5714285714285714,,0.6666666666666666,91.13924050632912,0.6666666666666666,16.4,15.2,3.0,,,0.5,True,0.6666666666666666,2766
1,2005,111.94444444444444,123.33333333333331,64.0,108.0,29.0,43.0,66.0,360.0,360.0,59.0,23.0,14.0,24.0,79.0,444.0,403.0,54.0,266.0,19.0,0.5388739946380697,0.3924050632911392,0.5420289855072464,91.25154022179191,0.3130434782608696,17.458333333333332,14.102777777777778,189.0,0.5,0.6973684210526315,0.5925925925925926,False,0.2758620689655172,2766
2,2006,113.04347826086956,73.91304347826087,4.0,6.0,1.0,3.0,12.0,23.0,23.0,3.0,3.0,2.0,,2.0,17.0,26.0,,12.0,1.0,0.65,0.5,0.5714285714285714,87.96812749003983,0.4285714285714285,12.652173913043478,20.08695652173913,13.0,,0.8888888888888888,0.6666666666666666,True,,2766
3,2006,97.4921630094044,117.5,52.0,91.0,23.0,61.0,101.0,319.0,320.0,40.0,16.0,11.0,13.0,46.0,376.0,311.0,39.0,206.0,26.0,0.5183946488294314,0.3043478260869565,0.5436507936507936,83.14448359989157,0.3611111111111111,16.905956112852664,17.73125,184.0,0.6071428571428571,0.6298701298701299,0.5714285714285714,False,0.2661870503597122,2766
