index,year,ortg,drtg,AtRimFGM,AtRimFGA,AtRimAssists,Turnovers,FTA,OffPoss,DefPoss,TwoPtAssists,Steals,BadPassSteals,ThreePtAssists,FG3A,OpponentPoints,Points,SecondChancePoints,FG2A,LiveBallTurnovers,TsPct,Fg3Pct,AtRimFG3AFrequency,Pace,AtRimFrequency,SecondsPerPossOff,SecondsPerPossDef,Minutes,DefAtRimReboundPct,DefFGReboundPct,AtRimAccuracy,player_on,OffFGReboundPct,nba_id
0,2005,121.05263157894736,80.0,4.0,9.0,3.0,2.0,26.0,38.0,35.0,5.0,5.0,5.0,3.0,11.0,28.0,46.0,7.0,20.0,2.0,0.5357142857142857,0.2727272727272727,0.6451612903225806,86.51851851851852,0.2903225806451613,16.92105263157895,16.34285714285714,20.0,1.0,0.9,0.4444444444444444,True,0.3333333333333333,2770
1,2005,99.82547993019196,101.73611111111111,66.0,140.0,43.0,108.0,198.0,573.0,576.0,85.0,58.0,31.0,39.0,114.0,586.0,572.0,61.0,351.0,57.0,0.5081818181818182,0.3947368421052631,0.546236559139785,85.97349961028839,0.3010752688172043,17.89005235602094,15.614583333333334,321.0,0.5922330097087378,0.7095588235294118,0.4714285714285714,False,0.291970802919708,2770
