index,year,ortg,drtg,AtRimFGM,AtRimFGA,AtRimAssists,Turnovers,FTA,OffPoss,DefPoss,TwoPtAssists,Steals,BadPassSteals,ThreePtAssists,FG3A,OpponentPoints,Points,SecondChancePoints,FG2A,LiveBallTurnovers,TsPct,Fg3Pct,AtRimFG3AFrequency,Pace,AtRimFrequency,SecondsPerPossOff,SecondsPerPossDef,Minutes,DefAtRimReboundPct,DefFGReboundPct,AtRimAccuracy,player_on,OffFGReboundPct,nba_id
0,2007,41.66666666666666,118.1818181818182,1.0,2.0,1.0,3.0,2.0,12.0,11.0,2.0,2.0,1.0,,1.0,13.0,5.0,,6.0,2.0,0.3125,,0.4285714285714285,95.44668587896254,0.2857142857142857,16.083333333333332,14.0,6.0,,0.3333333333333333,0.5,True,,2774
1,2007,102.1821631878558,99.3358633776091,175.0,296.0,110.0,190.0,278.0,1054.0,1054.0,185.0,74.0,44.0,89.0,249.0,1047.0,1077.0,99.0,624.0,91.0,0.5375375375375375,0.3694779116465863,0.6242840778923253,88.72416917545962,0.3390607101947308,16.140417457305503,16.319734345351044,570.0,0.5656565656565656,0.7475149105367793,0.5912162162162162,False,0.2669491525423729,2774
