index,year,ortg,drtg,AtRimFGM,AtRimFGA,AtRimAssists,Turnovers,FTA,OffPoss,DefPoss,TwoPtAssists,Steals,BadPassSteals,ThreePtAssists,FG3A,OpponentPoints,Points,SecondChancePoints,FG2A,LiveBallTurnovers,TsPct,Fg3Pct,AtRimFG3AFrequency,Pace,AtRimFrequency,SecondsPerPossOff,SecondsPerPossDef,Minutes,DefAtRimReboundPct,DefFGReboundPct,AtRimAccuracy,player_on,OffFGReboundPct,nba_id
0,2007,200.0,28.571428571428573,4.0,6.0,1.0,1.0,5.0,6.0,7.0,1.0,1.0,,,,2.0,12.0,6.0,6.0,,0.75,,1.0,110.76923076923076,1.0,10.5,15.142857142857142,3.0,,1.0,0.6666666666666666,True,1.0,2779
1,2007,98.03600654664484,103.2733224222586,71.0,117.0,39.0,103.0,179.0,611.0,611.0,83.0,48.0,25.0,43.0,156.0,631.0,599.0,64.0,345.0,49.0,0.5110921501706485,0.3205128205128205,0.5449101796407185,88.02361062478116,0.2335329341317365,15.95744680851064,16.761047463175125,333.0,0.55,0.7109634551495017,0.6068376068376068,False,0.2491349480968858,2779
