index,year,ortg,drtg,AtRimFGM,AtRimFGA,AtRimAssists,Turnovers,FTA,OffPoss,DefPoss,TwoPtAssists,Steals,BadPassSteals,ThreePtAssists,FG3A,OpponentPoints,Points,SecondChancePoints,FG2A,LiveBallTurnovers,TsPct,Fg3Pct,AtRimFG3AFrequency,Pace,AtRimFrequency,SecondsPerPossOff,SecondsPerPossDef,Minutes,DefAtRimReboundPct,DefFGReboundPct,AtRimAccuracy,player_on,OffFGReboundPct,nba_id
0,2005,125.0,100.0,2.0,4.0,1.0,2.0,,8.0,8.0,1.0,1.0,,1.0,3.0,8.0,10.0,5.0,4.0,1.0,0.7142857142857143,0.6666666666666666,1.0,101.94690265486726,0.5714285714285714,13.875,14.375,4.0,0.5,0.6,0.5,True,0.6666666666666666,2784
1,2005,105.80218068535824,103.68687524341166,1529.0,2466.0,986.0,1222.0,2313.0,7704.0,7703.0,1676.0,749.0,472.0,280.0,937.0,7987.0,8151.0,1105.0,5671.0,635.0,0.5298634812286689,0.3393810032017075,0.5149818401937046,93.6777658613206,0.37318401937046,15.008696780893043,15.735038296767494,3947.0,0.5483476132190942,0.6795735129068462,0.6200324412003244,False,0.3082447572536627,2784
2,2005,108.2089552238806,89.28571428571429,20.0,37.0,10.0,25.0,36.0,134.0,140.0,26.0,14.0,6.0,8.0,27.0,125.0,145.0,21.0,91.0,10.0,0.5373134328358209,0.4074074074074074,0.5423728813559322,93.21048901488308,0.3135593220338983,14.85820895522388,16.014285714285716,71.0,0.6666666666666666,0.640625,0.5405405405405406,True,0.4090909090909091,2784
3,2005,104.20818038804404,106.9449914664566,1223.0,2030.0,638.0,1087.0,1919.0,7628.0,7617.0,1277.0,628.0,362.0,500.0,1747.0,8146.0,7949.0,1132.0,5174.0,560.0,0.5089515713549717,0.3508872352604464,0.5457303857824014,93.56467925686304,0.2933102152868083,15.265862611431569,15.515163450177235,3910.0,0.593939393939394,0.6708860759493671,0.6024630541871921,False,0.2995606099767381,2784
