index,year,ortg,drtg,AtRimFGM,AtRimFGA,AtRimAssists,Turnovers,FTA,OffPoss,DefPoss,TwoPtAssists,Steals,BadPassSteals,ThreePtAssists,FG3A,OpponentPoints,Points,SecondChancePoints,FG2A,LiveBallTurnovers,TsPct,Fg3Pct,AtRimFG3AFrequency,Pace,AtRimFrequency,SecondsPerPossOff,SecondsPerPossDef,Minutes,DefAtRimReboundPct,DefFGReboundPct,AtRimAccuracy,player_on,OffFGReboundPct,nba_id
0,2005,100.0,125.0,2.0,4.0,1.0,1.0,2.0,8.0,8.0,2.0,1.0,1.0,,,10.0,8.0,4.0,8.0,1.0,0.4444444444444444,,0.5,101.94690265486726,0.5,14.375,13.875,4.0,,0.3333333333333333,0.5,True,0.4,2784
1,2005,103.68687524341166,105.80218068535824,1248.0,2072.0,680.0,1341.0,2187.0,7703.0,7704.0,1379.0,635.0,416.0,397.0,1342.0,8151.0,7987.0,1144.0,5256.0,749.0,0.5244547257105089,0.3450074515648286,0.5174295240982115,93.6777658613206,0.3140345559260382,15.735038296767494,15.008696780893043,3947.0,0.5738758029978587,0.6917552427463373,0.6023166023166023,False,0.3204264870931537,2784
2,2005,89.28571428571429,108.2089552238806,22.0,37.0,12.0,27.0,31.0,140.0,134.0,22.0,10.0,2.0,5.0,21.0,145.0,125.0,15.0,93.0,14.0,0.48828125,0.2857142857142857,0.5087719298245614,93.21048901488308,0.3245614035087719,16.014285714285716,14.85820895522388,71.0,0.5555555555555556,0.5909090909090909,0.5945945945945946,True,0.359375,2784
3,2005,106.9449914664566,104.20818038804404,1324.0,2156.0,693.0,1230.0,2056.0,7617.0,7628.0,1437.0,560.0,328.0,394.0,1218.0,7949.0,8146.0,1213.0,5506.0,628.0,0.5304359209320592,0.3645320197044335,0.5017846519928614,93.56467925686304,0.3206424747174301,15.515163450177235,15.265862611431569,3910.0,0.609511889862328,0.7004393900232618,0.614100185528757,False,0.3291139240506329,2784
