index,year,ortg,drtg,AtRimFGM,AtRimFGA,AtRimAssists,Turnovers,FTA,OffPoss,DefPoss,TwoPtAssists,Steals,BadPassSteals,ThreePtAssists,FG3A,OpponentPoints,Points,SecondChancePoints,FG2A,LiveBallTurnovers,TsPct,Fg3Pct,AtRimFG3AFrequency,Pace,AtRimFrequency,SecondsPerPossOff,SecondsPerPossDef,Minutes,DefAtRimReboundPct,DefFGReboundPct,AtRimAccuracy,player_on,OffFGReboundPct,nba_id
0,2005,90.4040404040404,82.74111675126903,26.0,51.0,11.0,25.0,40.0,198.0,197.0,34.0,14.0,9.0,6.0,35.0,163.0,179.0,30.0,144.0,11.0,0.452020202020202,0.2285714285714285,0.4804469273743016,93.41435375266876,0.2849162011173184,15.05050505050505,15.781725888324871,101.0,0.6521739130434783,0.7446808510638298,0.5098039215686274,True,0.2358490566037736,2798
1,2005,101.25919637804188,105.7610844394239,1162.0,2088.0,623.0,1109.0,1750.0,7068.0,7082.0,1257.0,596.0,404.0,321.0,1178.0,7490.0,7157.0,968.0,5139.0,564.0,0.5008474576271187,0.3412563667232597,0.5170175716321038,87.31161969567769,0.330536647142631,16.13030560271647,16.854278452414572,3890.0,0.579185520361991,0.6557811120917917,0.5565134099616859,False,0.299598623853211,2798
