index,year,ortg,drtg,AtRimFGM,AtRimFGA,AtRimAssists,Turnovers,FTA,OffPoss,DefPoss,TwoPtAssists,Steals,BadPassSteals,ThreePtAssists,FG3A,OpponentPoints,Points,SecondChancePoints,FG2A,LiveBallTurnovers,TsPct,Fg3Pct,AtRimFG3AFrequency,Pace,AtRimFrequency,SecondsPerPossOff,SecondsPerPossDef,Minutes,DefAtRimReboundPct,DefFGReboundPct,AtRimAccuracy,player_on,OffFGReboundPct,nba_id
0,2005,82.74111675126903,90.4040404040404,31.0,54.0,18.0,32.0,70.0,197.0,198.0,33.0,11.0,4.0,,14.0,179.0,163.0,27.0,138.0,14.0,0.4405405405405405,,0.4473684210526316,93.41435375266876,0.3552631578947368,15.781725888324871,15.05050505050505,101.0,0.64,0.7641509433962265,0.5740740740740741,True,0.2553191489361702,2798
1,2005,105.7610844394239,101.25919637804188,1173.0,2064.0,701.0,1101.0,2080.0,7082.0,7068.0,1440.0,564.0,346.0,314.0,1039.0,7157.0,7490.0,1136.0,5230.0,596.0,0.5155447605829285,0.3493743984600577,0.4949752751635029,87.31161969567769,0.3292391130961876,16.854278452414572,16.13030560271647,3890.0,0.5870755750273823,0.700401376146789,0.5683139534883721,False,0.3442188879082083,2798
