index,year,ortg,drtg,AtRimFGM,AtRimFGA,AtRimAssists,Turnovers,FTA,OffPoss,DefPoss,TwoPtAssists,Steals,BadPassSteals,ThreePtAssists,FG3A,OpponentPoints,Points,SecondChancePoints,FG2A,LiveBallTurnovers,TsPct,Fg3Pct,AtRimFG3AFrequency,Pace,AtRimFrequency,SecondsPerPossOff,SecondsPerPossDef,Minutes,DefAtRimReboundPct,DefFGReboundPct,AtRimAccuracy,player_on,OffFGReboundPct,nba_id
0,2005,117.3913043478261,108.33333333333331,3.0,9.0,1.0,,6.0,23.0,24.0,3.0,1.0,,4.0,10.0,26.0,27.0,9.0,18.0,,0.4354838709677419,0.4,0.6785714285714286,94.52513966480448,0.3214285714285714,16.608695652173914,13.916666666666666,12.0,0.6666666666666666,0.8333333333333334,0.3333333333333333,True,0.4444444444444444,2800
1,2005,110.75426439232407,107.6297185540883,1216.0,2074.0,667.0,965.0,1925.0,7504.0,7497.0,1515.0,626.0,427.0,479.0,1512.0,8069.0,8311.0,1200.0,5388.0,508.0,0.5326662362814719,0.3604497354497354,0.5197101449275362,91.28243268369366,0.3005797101449275,15.554637526652453,15.995998399359744,3944.0,0.6158536585365854,0.6838620689655173,0.5863066538090647,False,0.3185768604019555,2800
