index,year,ortg,drtg,AtRimFGM,AtRimFGA,AtRimAssists,Turnovers,FTA,OffPoss,DefPoss,TwoPtAssists,Steals,BadPassSteals,ThreePtAssists,FG3A,OpponentPoints,Points,SecondChancePoints,FG2A,LiveBallTurnovers,TsPct,Fg3Pct,AtRimFG3AFrequency,Pace,AtRimFrequency,SecondsPerPossOff,SecondsPerPossDef,Minutes,DefAtRimReboundPct,DefFGReboundPct,AtRimAccuracy,player_on,OffFGReboundPct,nba_id
0,2005,114.56692913385828,86.66666666666667,48.0,83.0,24.0,36.0,70.0,254.0,255.0,52.0,31.0,16.0,13.0,44.0,221.0,291.0,56.0,182.0,18.0,0.5622568093385214,0.3636363636363636,0.5619469026548672,91.63145393174148,0.3672566371681416,14.429133858267717,16.99607843137255,133.0,0.6521739130434783,0.7523809523809524,0.5783132530120482,True,0.4128440366972477,2823
1,2005,103.48605577689244,105.46930636661445,1054.0,1931.0,532.0,1107.0,2132.0,7028.0,7021.0,1176.0,518.0,327.0,299.0,1027.0,7405.0,7273.0,972.0,5031.0,597.0,0.5145506419400856,0.365141187925998,0.4882799603829647,87.63888407555017,0.3187520633872565,15.811468412066022,17.051274747187012,3847.0,0.6203208556149733,0.7132018209408194,0.5458311755567063,False,0.307020186803254,2823
2,2006,114.58699472759228,99.29453262786596,115.0,180.0,60.0,86.0,226.0,569.0,567.0,96.0,51.0,28.0,25.0,83.0,563.0,652.0,87.0,387.0,32.0,0.5656742556917689,0.3734939759036144,0.5595744680851064,92.11848181101476,0.3829787234042553,15.41476274165202,15.850088183421516,296.0,0.6530612244897959,0.71875,0.6388888888888888,True,0.3189655172413793,2823
3,2006,111.17519826964671,107.00462160600809,1328.0,2161.0,643.0,1141.0,2146.0,6935.0,6924.0,1208.0,546.0,319.0,360.0,1122.0,7409.0,7710.0,1162.0,4841.0,555.0,0.5560388574742642,0.3680926916221034,0.550561797752809,90.38396391337037,0.3624014757672312,15.876423936553714,15.987723859041015,3680.0,0.5206521739130435,0.6501557632398753,0.6145303100416474,False,0.3393383557156895,2823
