index,year,ortg,drtg,AtRimFGM,AtRimFGA,AtRimAssists,Turnovers,FTA,OffPoss,DefPoss,TwoPtAssists,Steals,BadPassSteals,ThreePtAssists,FG3A,OpponentPoints,Points,SecondChancePoints,FG2A,LiveBallTurnovers,TsPct,Fg3Pct,AtRimFG3AFrequency,Pace,AtRimFrequency,SecondsPerPossOff,SecondsPerPossDef,Minutes,DefAtRimReboundPct,DefFGReboundPct,AtRimAccuracy,player_on,OffFGReboundPct,nba_id
0,2005,20.0,105.0,2.0,6.0,1.0,6.0,,20.0,20.0,1.0,1.0,,,5.0,21.0,4.0,2.0,8.0,5.0,0.1538461538461538,,0.8461538461538461,88.07339449541284,0.4615384615384615,17.65,15.05,11.0,,0.6153846153846154,0.3333333333333333,True,0.1818181818181818,2825
1,2005,111.81742967457254,109.0056543924976,1139.0,1959.0,488.0,1107.0,2131.0,7252.0,7251.0,910.0,552.0,366.0,576.0,1819.0,7904.0,8109.0,1289.0,4666.0,503.0,0.5418629694440705,0.3661352391423859,0.5825751734772552,88.34090505317124,0.3020817270624518,16.7626861555433,15.83822920976417,3940.0,0.609254498714653,0.6836309523809524,0.5814190913731496,False,0.3464949928469242,2825
