index,year,ortg,drtg,AtRimFGM,AtRimFGA,AtRimAssists,Turnovers,FTA,OffPoss,DefPoss,TwoPtAssists,Steals,BadPassSteals,ThreePtAssists,FG3A,OpponentPoints,Points,SecondChancePoints,FG2A,LiveBallTurnovers,TsPct,Fg3Pct,AtRimFG3AFrequency,Pace,AtRimFrequency,SecondsPerPossOff,SecondsPerPossDef,Minutes,DefAtRimReboundPct,DefFGReboundPct,AtRimAccuracy,player_on,OffFGReboundPct,nba_id
0,2005,95.13888888888889,70.74829931972789,21.0,32.0,14.0,18.0,39.0,144.0,147.0,28.0,20.0,15.0,3.0,23.0,104.0,137.0,19.0,99.0,7.0,0.4892086330935252,0.1304347826086956,0.4508196721311475,98.6672945608665,0.2622950819672131,14.555555555555555,14.63265306122449,71.0,0.5,0.6219512195121951,0.65625,True,0.2463768115942029,2845
1,2005,107.8330700368615,110.64138021862242,1285.0,2047.0,673.0,1186.0,1972.0,7596.0,7593.0,1334.0,602.0,396.0,401.0,1295.0,8401.0,8191.0,1214.0,5524.0,667.0,0.5304727178017971,0.3613899613899614,0.4901011878574571,93.46557669873042,0.3001906437894119,15.837677725118484,14.975635453707362,3900.0,0.6142061281337048,0.6927760863548298,0.6277479237909135,False,0.3275717870086423,2845
