index,year,ortg,drtg,AtRimFGM,AtRimFGA,AtRimAssists,Turnovers,FTA,OffPoss,DefPoss,TwoPtAssists,Steals,BadPassSteals,ThreePtAssists,FG3A,OpponentPoints,Points,SecondChancePoints,FG2A,LiveBallTurnovers,TsPct,Fg3Pct,AtRimFG3AFrequency,Pace,AtRimFrequency,SecondsPerPossOff,SecondsPerPossDef,Minutes,DefAtRimReboundPct,DefFGReboundPct,AtRimAccuracy,player_on,OffFGReboundPct,nba_id
0,2005,94.91525423728814,86.0,8.0,14.0,6.0,5.0,27.0,59.0,50.0,9.0,3.0,2.0,,8.0,43.0,56.0,8.0,36.0,1.0,0.4912280701754385,0.25,0.5,96.88888888888889,0.3181818181818182,14.40677966101695,15.4,27.0,1.0,0.7241379310344828,0.5714285714285714,True,0.3846153846153846,2852
1,2005,102.84199075333152,101.34620614631493,999.0,1804.0,517.0,1278.0,2277.0,7354.0,7354.0,1241.0,598.0,364.0,416.0,1311.0,7453.0,7563.0,1029.0,4812.0,649.0,0.5264412961144621,0.3684210526315789,0.5087375469541074,89.27465857359635,0.2946268169198106,15.917459885776449,16.3425346750068,3954.0,0.6078199052132701,0.7077574047954867,0.5537694013303769,False,0.3021732658529324,2852
2,2006,98.28326180257513,103.37552742616032,36.0,63.0,22.0,52.0,87.0,233.0,237.0,44.0,14.0,10.0,9.0,45.0,245.0,229.0,27.0,125.0,30.0,0.5400943396226415,0.2222222222222222,0.6352941176470588,97.0183486238532,0.3705882352941176,14.360515021459229,15.316455696202532,116.0,0.3529411764705882,0.6944444444444444,0.5714285714285714,True,0.3488372093023256,2852
3,2006,107.412908452606,108.92568659127625,1261.0,1955.0,652.0,1274.0,2135.0,7406.0,7428.0,1297.0,523.0,306.0,416.0,1334.0,8091.0,7955.0,1046.0,4973.0,628.0,0.5462375964718853,0.3680659670164917,0.5214840653242429,92.4780937207772,0.3099730458221024,15.904941938968404,15.238556812062466,3850.0,0.5627376425855514,0.6703958691910499,0.6450127877237851,False,0.3188010899182561,2852
4,2008,110.19607843137256,100.597609561753,76.0,125.0,46.0,77.0,162.0,510.0,502.0,88.0,58.0,32.0,33.0,105.0,505.0,562.0,75.0,322.0,41.0,0.5578842315369261,0.4,0.5386416861826698,93.99380804953562,0.2927400468384075,15.403921568627451,15.235059760956176,258.0,0.5428571428571428,0.5930232558139535,0.608,True,0.3378995433789954,2852
5,2008,112.6379847155392,105.41878890775324,1309.0,2172.0,723.0,1048.0,1979.0,7066.0,7068.0,1323.0,589.0,357.0,469.0,1425.0,7451.0,7959.0,993.0,4710.0,503.0,0.5648544520547946,0.3831578947368421,0.5863080684596577,91.36885201745407,0.3540342298288508,15.4000849136711,16.12040181097906,3713.0,0.5833333333333334,0.6771420100800475,0.602670349907919,False,0.2962962962962963,2852
