index,year,ortg,drtg,AtRimFGM,AtRimFGA,AtRimAssists,Turnovers,FTA,OffPoss,DefPoss,TwoPtAssists,Steals,BadPassSteals,ThreePtAssists,FG3A,OpponentPoints,Points,SecondChancePoints,FG2A,LiveBallTurnovers,TsPct,Fg3Pct,AtRimFG3AFrequency,Pace,AtRimFrequency,SecondsPerPossOff,SecondsPerPossDef,Minutes,DefAtRimReboundPct,DefFGReboundPct,AtRimAccuracy,player_on,OffFGReboundPct,nba_id
0,2005,118.1818181818182,127.27272727272728,,1.0,,3.0,8.0,11.0,11.0,,,,1.0,2.0,14.0,13.0,3.0,4.0,3.0,0.65,1.0,0.5,120.45627376425854,0.1666666666666666,13.272727272727272,10.636363636363637,4.0,,1.0,,True,0.6666666666666666,2866
1,2005,108.46286701208982,105.6381002918546,1271.0,2074.0,657.0,1192.0,2256.0,7527.0,7538.0,1318.0,602.0,379.0,378.0,1274.0,7963.0,8164.0,1111.0,5174.0,626.0,0.5455276921013813,0.3626373626373626,0.5192307692307693,91.03597611384112,0.3216501240694789,15.574332403347949,16.061156805518706,3972.0,0.5351288056206089,0.6901648664013644,0.6128254580520733,False,0.3160545023696682,2866
2,2006,103.28336902212703,111.66785969935576,204.0,343.0,108.0,229.0,469.0,1401.0,1397.0,205.0,131.0,79.0,88.0,291.0,1560.0,1447.0,201.0,852.0,112.0,0.5317577548005908,0.3573883161512027,0.5546806649168854,90.78070432372756,0.300087489063867,16.18629550321199,15.537580529706512,740.0,0.56,0.6482504604051565,0.5947521865889213,True,0.2890995260663507,2866
3,2006,112.39239889556602,102.046783625731,1001.0,1590.0,537.0,925.0,2011.0,6157.0,6156.0,1070.0,543.0,360.0,381.0,1204.0,6282.0,6920.0,859.0,4012.0,443.0,0.5631147540983606,0.3828903654485049,0.535659509202454,91.0308712014252,0.3048312883435582,15.597206431703752,16.040448343079923,3246.0,0.5810055865921788,0.6611090974990939,0.6295597484276729,False,0.2981132075471698,2866
4,2007,111.28205128205128,91.7948717948718,36.0,47.0,17.0,26.0,55.0,195.0,195.0,33.0,13.0,9.0,12.0,35.0,179.0,217.0,28.0,135.0,16.0,0.5564102564102564,0.4,0.4823529411764706,90.91792132102962,0.2764705882352941,15.02051282051282,16.656410256410258,103.0,0.631578947368421,0.7333333333333333,0.7659574468085106,True,0.2906976744186046,2866
5,2007,100.22361984626136,109.92069013496592,1134.0,2077.0,525.0,1150.0,1701.0,7155.0,7187.0,1081.0,567.0,335.0,290.0,1066.0,7900.0,7171.0,993.0,5227.0,571.0,0.5068980230408192,0.3320825515947467,0.4994438264738598,89.33390430957293,0.3300492610837438,15.921593291404612,16.316126339223597,3853.0,0.6275964391691394,0.7293969055888854,0.5459797785267212,False,0.2793475094669385,2866
