index,year,ortg,drtg,AtRimFGM,AtRimFGA,AtRimAssists,Turnovers,FTA,OffPoss,DefPoss,TwoPtAssists,Steals,BadPassSteals,ThreePtAssists,FG3A,OpponentPoints,Points,SecondChancePoints,FG2A,LiveBallTurnovers,TsPct,Fg3Pct,AtRimFG3AFrequency,Pace,AtRimFrequency,SecondsPerPossOff,SecondsPerPossDef,Minutes,DefAtRimReboundPct,DefFGReboundPct,AtRimAccuracy,player_on,OffFGReboundPct,nba_id
0,2008,91.48148148148148,104.62962962962963,54.0,109.0,23.0,85.0,136.0,540.0,540.0,71.0,51.0,33.0,32.0,130.0,565.0,494.0,55.0,329.0,48.0,0.472168905950096,0.3153846153846154,0.5206971677559913,85.20710059171599,0.2374727668845316,17.803703703703704,15.996296296296295,304.0,0.55,0.6346863468634686,0.4954128440366973,True,0.2346570397111913,2867
1,2008,101.34704519119352,110.23678891134854,1018.0,1643.0,512.0,1117.0,1767.0,6904.0,6926.0,1166.0,537.0,367.0,375.0,1243.0,7635.0,6997.0,785.0,4634.0,583.0,0.5232523252325233,0.3620273531777956,0.4910668708524757,90.64394560052432,0.2795644036072826,16.20060834298957,15.573058042159976,3662.0,0.5734375,0.6884715025906736,0.6195982958003652,False,0.2598798608915586,2867
