index,year,ortg,drtg,AtRimFGM,AtRimFGA,AtRimAssists,Turnovers,FTA,OffPoss,DefPoss,TwoPtAssists,Steals,BadPassSteals,ThreePtAssists,FG3A,OpponentPoints,Points,SecondChancePoints,FG2A,LiveBallTurnovers,TsPct,Fg3Pct,AtRimFG3AFrequency,Pace,AtRimFrequency,SecondsPerPossOff,SecondsPerPossDef,Minutes,DefAtRimReboundPct,DefFGReboundPct,AtRimAccuracy,player_on,OffFGReboundPct,nba_id
0,2008,104.62962962962963,91.48148148148148,80.0,141.0,41.0,90.0,141.0,540.0,540.0,85.0,48.0,30.0,40.0,123.0,494.0,565.0,123.0,366.0,51.0,0.5108892921960072,0.3414634146341463,0.5398773006134969,85.20710059171599,0.2883435582822086,15.996296296296295,17.803703703703704,304.0,0.6363636363636364,0.7653429602888087,0.5673758865248227,True,0.3653136531365313,2867
1,2008,110.23678891134854,101.34704519119352,1148.0,1797.0,671.0,1075.0,1964.0,6926.0,6904.0,1249.0,583.0,371.0,443.0,1374.0,6997.0,7635.0,1018.0,4614.0,537.0,0.5537877682090205,0.37117903930131,0.529559118236473,90.64394560052432,0.3001002004008016,15.573058042159976,16.20060834298957,3662.0,0.5825242718446602,0.7401201391084413,0.6388425153032833,False,0.3115284974093264,2867
