index,year,ortg,drtg,AtRimFGM,AtRimFGA,AtRimAssists,Turnovers,FTA,OffPoss,DefPoss,TwoPtAssists,Steals,BadPassSteals,ThreePtAssists,FG3A,OpponentPoints,Points,SecondChancePoints,FG2A,LiveBallTurnovers,TsPct,Fg3Pct,AtRimFG3AFrequency,Pace,AtRimFrequency,SecondsPerPossOff,SecondsPerPossDef,Minutes,DefAtRimReboundPct,DefFGReboundPct,AtRimAccuracy,player_on,OffFGReboundPct,nba_id
0,2005,,250.0,,,,,,3.0,2.0,,,,,,5.0,,,1.0,,,,,96.0,,11.333333333333334,20.5,1.0,,,,True,,2873
1,2005,100.78125,112.46753246753246,50.0,96.0,22.0,52.0,125.0,384.0,385.0,61.0,30.0,17.0,24.0,86.0,433.0,387.0,52.0,252.0,24.0,0.4873096446700508,0.2906976744186046,0.5384615384615384,91.93524283935244,0.2840236686390532,15.286458333333334,16.038961038961038,201.0,0.6060606060606061,0.7202797202797203,0.5208333333333334,False,0.308457711442786,2873
2,2006,124.0,88.46153846153847,4.0,7.0,2.0,,15.0,25.0,26.0,3.0,3.0,2.0,1.0,6.0,23.0,31.0,4.0,15.0,,0.5535714285714286,0.1666666666666666,0.6190476190476191,88.05755395683452,0.3333333333333333,14.96,17.692307692307693,14.0,0.5,0.5,0.5714285714285714,True,0.3333333333333333,2873
3,2006,110.07604562737644,111.61904761904762,89.0,146.0,40.0,77.0,185.0,526.0,525.0,74.0,38.0,23.0,27.0,109.0,586.0,579.0,78.0,342.0,46.0,0.5423728813559322,0.3302752293577982,0.565410199556541,88.78563885955649,0.3237250554323725,15.640684410646388,16.79809523809524,284.0,0.3559322033898305,0.6356275303643725,0.6095890410958904,False,0.3168724279835391,2873
4,2008,94.44444444444444,72.22222222222223,1.0,2.0,,5.0,2.0,18.0,18.0,1.0,1.0,,4.0,10.0,13.0,17.0,,5.0,2.0,0.53125,0.4,0.8,107.32919254658384,0.1333333333333333,15.055555555555555,11.77777777777778,8.0,1.0,1.0,0.5,True,0.4444444444444444,2873
5,2008,103.87736699729486,101.8970189701897,159.0,276.0,92.0,175.0,378.0,1109.0,1107.0,188.0,77.0,42.0,69.0,242.0,1128.0,1152.0,174.0,706.0,87.0,0.5116279069767442,0.3429752066115702,0.5464135021097046,86.34467083367156,0.2911392405063291,17.524797114517582,15.82836495031617,616.0,0.6,0.7230769230769231,0.5760869565217391,False,0.3177570093457944,2873
