index,year,ortg,drtg,AtRimFGM,AtRimFGA,AtRimAssists,Turnovers,FTA,OffPoss,DefPoss,TwoPtAssists,Steals,BadPassSteals,ThreePtAssists,FG3A,OpponentPoints,Points,SecondChancePoints,FG2A,LiveBallTurnovers,TsPct,Fg3Pct,AtRimFG3AFrequency,Pace,AtRimFrequency,SecondsPerPossOff,SecondsPerPossDef,Minutes,DefAtRimReboundPct,DefFGReboundPct,AtRimAccuracy,player_on,OffFGReboundPct,nba_id
0,2005,73.33333333333333,120.0,3.0,5.0,,4.0,,15.0,15.0,1.0,,,1.0,4.0,18.0,11.0,2.0,10.0,1.0,0.3928571428571428,0.25,0.6428571428571429,102.3696682464455,0.3571428571428571,15.333333333333334,12.8,7.0,,0.3333333333333333,0.6,True,0.4444444444444444,2876
1,2005,107.66488413547238,108.37789661319071,71.0,143.0,33.0,87.0,187.0,561.0,561.0,88.0,38.0,19.0,40.0,135.0,608.0,604.0,99.0,359.0,47.0,0.5199306759098787,0.3925925925925926,0.562753036437247,95.84055048048404,0.2894736842105263,15.27807486631016,14.771836007130124,281.0,0.5918367346938775,0.651685393258427,0.4965034965034965,False,0.3450704225352112,2876
