index,year,ortg,drtg,AtRimFGM,AtRimFGA,AtRimAssists,Turnovers,FTA,OffPoss,DefPoss,TwoPtAssists,Steals,BadPassSteals,ThreePtAssists,FG3A,OpponentPoints,Points,SecondChancePoints,FG2A,LiveBallTurnovers,TsPct,Fg3Pct,AtRimFG3AFrequency,Pace,AtRimFrequency,SecondsPerPossOff,SecondsPerPossDef,Minutes,DefAtRimReboundPct,DefFGReboundPct,AtRimAccuracy,player_on,OffFGReboundPct,nba_id
0,2005,96.6542750929368,104.4776119402985,34.0,63.0,13.0,46.0,59.0,269.0,268.0,35.0,21.0,17.0,15.0,61.0,280.0,260.0,44.0,190.0,26.0,0.4675090252707581,0.3442622950819672,0.4940239043824701,97.82163187855788,0.250996015936255,14.141263940520446,15.302238805970148,132.0,0.6363636363636364,0.6829268292682927,0.5396825396825397,True,0.3581081081081081,2876
1,2005,101.58794788273616,100.0406779661017,1090.0,1945.0,629.0,1325.0,1989.0,7368.0,7375.0,1296.0,555.0,348.0,397.0,1372.0,7378.0,7485.0,1120.0,4969.0,659.0,0.5149077797808903,0.3571428571428571,0.5231036114177574,92.28193258133923,0.3067339536350733,15.35844191096634,15.850033898305083,3834.0,0.5874125874125874,0.6960179472798654,0.5604113110539846,False,0.3154152445961319,2876
2,2007,103.9832285115304,118.8284518828452,80.0,144.0,44.0,87.0,114.0,477.0,478.0,78.0,41.0,21.0,35.0,101.0,568.0,496.0,69.0,303.0,49.0,0.5479910714285714,0.4059405940594059,0.6064356435643564,94.14664202094886,0.3564356435643564,15.150943396226417,15.439330543933057,243.0,0.4444444444444444,0.6192893401015228,0.5555555555555556,True,0.2924528301886792,2876
3,2007,107.35664335664336,111.23061880150858,1421.0,2394.0,752.0,1151.0,1805.0,7150.0,7159.0,1251.0,546.0,366.0,407.0,1371.0,7963.0,7676.0,1058.0,4939.0,564.0,0.5380050861825374,0.3522975929978118,0.5966719492868463,92.12914649032206,0.3793977812995245,15.47020979020979,15.790054476882244,3728.0,0.5371794871794872,0.6607030759573133,0.5935672514619883,False,0.3087167070217917,2876
