index,year,ortg,drtg,AtRimFGM,AtRimFGA,AtRimAssists,Turnovers,FTA,OffPoss,DefPoss,TwoPtAssists,Steals,BadPassSteals,ThreePtAssists,FG3A,OpponentPoints,Points,SecondChancePoints,FG2A,LiveBallTurnovers,TsPct,Fg3Pct,AtRimFG3AFrequency,Pace,AtRimFrequency,SecondsPerPossOff,SecondsPerPossDef,Minutes,DefAtRimReboundPct,DefFGReboundPct,AtRimAccuracy,player_on,OffFGReboundPct,nba_id
0,2005,103.08370044052865,103.46320346320348,32.0,57.0,16.0,36.0,81.0,227.0,231.0,37.0,19.0,12.0,13.0,40.0,239.0,234.0,33.0,150.0,19.0,0.5110132158590308,0.325,0.5105263157894737,95.48573910525556,0.3,16.03964757709251,14.13852813852814,115.0,0.4594594594594595,0.5166666666666667,0.5614035087719298,True,0.3333333333333333,2891
1,2005,106.93565400843882,104.41602952807804,1287.0,2225.0,647.0,1154.0,2225.0,7584.0,7586.0,1335.0,679.0,432.0,362.0,1251.0,7921.0,8110.0,1132.0,5385.0,614.0,0.5290292920005254,0.3437250199840128,0.5238095238095238,95.16233723802348,0.3352923447860156,15.700553797468354,14.5636699182705,3826.0,0.5788876276958003,0.6795805418001748,0.5784269662921349,False,0.3161000280977802,2891
