index,year,ortg,drtg,AtRimFGM,AtRimFGA,AtRimAssists,Turnovers,FTA,OffPoss,DefPoss,TwoPtAssists,Steals,BadPassSteals,ThreePtAssists,FG3A,OpponentPoints,Points,SecondChancePoints,FG2A,LiveBallTurnovers,TsPct,Fg3Pct,AtRimFG3AFrequency,Pace,AtRimFrequency,SecondsPerPossOff,SecondsPerPossDef,Minutes,DefAtRimReboundPct,DefFGReboundPct,AtRimAccuracy,player_on,OffFGReboundPct,nba_id
0,1999,115.7,114.7,,,,,,,,,,,,,,,,,,,,,,,,,116.0,,,,True,0.362,299
1,1999,101.7,68.5,,,,,,,,,,,,,,,,,,,,,,,,,31.0,,,,False,0.3,299
2,2000,103.5,111.4,,,,,,,,,,,,,,,,,,,,,,,,,173.0,,,,True,0.296,299
3,2000,102.6,91.6,,,,,,,,,,,,,,,,,,,,,,,,,66.0,,,,False,0.297,299
4,2001,107.752545027408,107.46500777604976,219.0,386.0,113.0,159.0,393.0,1277.0,1286.0,243.0,115.0,44.0,63.0,204.0,1382.0,1376.0,240.0,1003.0,82.0,0.4945494186046512,0.3725490196078431,0.4888152444076222,89.35286284953396,0.3198011599005799,16.93265465935787,15.304821150855366,688.0,0.5963302752293578,0.6755485893416928,0.5673575129533679,True,0.3497109826589595,299
5,2001,97.56838905775076,106.25,46.0,81.0,20.0,48.0,103.0,329.0,320.0,54.0,24.0,15.0,13.0,44.0,340.0,321.0,52.0,242.0,24.0,0.483433734939759,0.3181818181818182,0.4370629370629371,86.25380710659898,0.2832167832167832,17.003039513677813,16.378125,181.0,0.56,0.6625766871165644,0.5679012345679012,False,0.2926829268292683,299
6,2005,83.2535885167464,103.48258706467662,26.0,54.0,15.0,35.0,57.0,209.0,201.0,23.0,14.0,13.0,4.0,38.0,208.0,174.0,24.0,156.0,14.0,0.3931818181818182,0.1578947368421052,0.4742268041237113,85.87636363636364,0.2783505154639175,17.406698564593302,16.104477611940297,115.0,0.5,0.6914893617021277,0.4814814814814814,True,0.3515625,299
7,2005,108.37028824833703,110.92206366630076,333.0,587.0,135.0,249.0,469.0,1804.0,1822.0,291.0,155.0,90.0,60.0,232.0,2021.0,1955.0,286.0,1411.0,114.0,0.5270562770562771,0.3232758620689655,0.4984783931832015,87.07479362961728,0.357273280584297,15.917960088691796,17.15093304061471,999.0,0.5136363636363637,0.6465005931198102,0.5672913117546848,False,0.3181818181818182,299
