index,year,ortg,drtg,AtRimFGM,AtRimFGA,AtRimAssists,Turnovers,FTA,OffPoss,DefPoss,TwoPtAssists,Steals,BadPassSteals,ThreePtAssists,FG3A,OpponentPoints,Points,SecondChancePoints,FG2A,LiveBallTurnovers,TsPct,Fg3Pct,AtRimFG3AFrequency,Pace,AtRimFrequency,SecondsPerPossOff,SecondsPerPossDef,Minutes,DefAtRimReboundPct,DefFGReboundPct,AtRimAccuracy,player_on,OffFGReboundPct,nba_id
0,1997,102.6,93.7,,,,,,,,,,,,,,,,,,,,,,,,,253.0,,,,True,0.254,317
1,1997,105.6,107.7,,,,,,,,,,,,,,,,,,,,,,,,,224.0,,,,False,0.254,317
2,1998,102.5,97.5,,,,,,,,,,,,,,,,,,,,,,,,,311.0,,,,True,0.27,317
3,1998,97.2,111.5,,,,,,,,,,,,,,,,,,,,,,,,,171.0,,,,False,0.266,317
4,2001,75.80645161290323,112.85714285714286,11.0,20.0,7.0,10.0,15.0,62.0,70.0,11.0,5.0,3.0,1.0,9.0,79.0,47.0,6.0,47.0,4.0,0.3629032258064516,0.1111111111111111,0.5178571428571429,88.82242990654206,0.3571428571428571,16.967741935483872,15.542857142857144,36.0,0.5,0.7058823529411765,0.55,True,0.2162162162162162,317
5,2001,109.26430517711172,108.03324099722992,84.0,139.0,54.0,51.0,114.0,367.0,361.0,89.0,21.0,9.0,15.0,46.0,390.0,401.0,59.0,287.0,15.0,0.5118421052631579,0.3695652173913043,0.5555555555555556,85.5073409461664,0.4174174174174174,17.47683923705722,16.193905817174514,204.0,0.4642857142857143,0.7231638418079096,0.60431654676259,False,0.3351648351648351,317
