index,year,ortg,drtg,AtRimFGM,AtRimFGA,AtRimAssists,Turnovers,FTA,OffPoss,DefPoss,TwoPtAssists,Steals,BadPassSteals,ThreePtAssists,FG3A,OpponentPoints,Points,SecondChancePoints,FG2A,LiveBallTurnovers,TsPct,Fg3Pct,AtRimFG3AFrequency,Pace,AtRimFrequency,SecondsPerPossOff,SecondsPerPossDef,Minutes,DefAtRimReboundPct,DefFGReboundPct,AtRimAccuracy,player_on,OffFGReboundPct,nba_id
0,1997,111.8,126.6,,,,,,,,,,,,,,,,,,,,,,,,,120.0,,,,True,0.31,339
1,1997,100.0,100.0,,,,,,,,,,,,,,,,,,,,,,,,,23.0,,,,False,0.231,339
2,1999,97.8,113.8,,,,,,,,,,,,,,,,,,,,,,,,,117.0,,,,True,0.225,339
3,1999,98.1,109.6,,,,,,,,,,,,,,,,,,,,,,,,,26.0,,,,False,0.296,339
4,2001,83.42857142857143,103.38983050847456,14.0,33.0,7.0,27.0,47.0,175.0,177.0,26.0,22.0,12.0,8.0,38.0,183.0,146.0,17.0,115.0,13.0,0.4137931034482758,0.2368421052631578,0.4640522875816993,98.38509316770188,0.2156862745098039,15.154285714285717,14.124293785310735,86.0,0.5454545454545454,0.6162790697674418,0.4242424242424242,True,0.2553191489361702,339
5,2001,96.74418604651164,98.58490566037736,25.0,47.0,12.0,28.0,44.0,215.0,212.0,43.0,17.0,10.0,8.0,30.0,209.0,208.0,22.0,175.0,17.0,0.4622222222222222,0.2666666666666666,0.375609756097561,96.5577889447236,0.2292682926829268,14.855813953488372,14.971698113207546,106.0,0.5483870967741935,0.646551724137931,0.5319148936170213,False,0.3050847457627119,339
6,2003,88.23529411764706,150.0,4.0,5.0,1.0,4.0,4.0,17.0,16.0,3.0,,,,2.0,24.0,15.0,6.0,11.0,,0.5,,0.5384615384615384,81.36986301369863,0.3846153846153846,16.0,19.5,10.0,0.5,0.375,0.8,True,0.1666666666666666,339
7,2003,92.02226345083488,95.93345656192236,83.0,169.0,33.0,93.0,129.0,539.0,541.0,71.0,57.0,27.0,23.0,92.0,519.0,496.0,74.0,397.0,45.0,0.4532967032967033,0.3043478260869565,0.5337423312883436,91.503883266651,0.3456032719836401,15.250463821892394,16.22181146025878,283.0,0.5616438356164384,0.6576923076923077,0.4911242603550296,False,0.3074324324324324,339
