index,year,ortg,drtg,AtRimFGM,AtRimFGA,AtRimAssists,Turnovers,FTA,OffPoss,DefPoss,TwoPtAssists,Steals,BadPassSteals,ThreePtAssists,FG3A,OpponentPoints,Points,SecondChancePoints,FG2A,LiveBallTurnovers,TsPct,Fg3Pct,AtRimFG3AFrequency,Pace,AtRimFrequency,SecondsPerPossOff,SecondsPerPossDef,Minutes,DefAtRimReboundPct,DefFGReboundPct,AtRimAccuracy,player_on,OffFGReboundPct,nba_id
0,2002,133.33333333333334,108.33333333333331,4.0,4.0,,1.0,2.0,12.0,12.0,,,,2.0,4.0,13.0,16.0,4.0,7.0,1.0,0.6666666666666666,0.5,0.7272727272727273,117.15254237288134,0.3636363636363636,11.916666666666666,12.666666666666666,5.0,,1.0,1.0,True,0.4,344
1,2002,96.1038961038961,96.93034238488784,105.0,206.0,58.0,145.0,222.0,847.0,847.0,115.0,73.0,50.0,70.0,222.0,821.0,814.0,115.0,503.0,81.0,0.491494532199271,0.3513513513513513,0.5903448275862069,85.57656551482197,0.2841379310344827,16.526564344746163,17.12750885478158,475.0,0.4571428571428571,0.6751152073732719,0.5097087378640777,False,0.2686915887850467,344
2,2004,100.0,,1.0,2.0,,,,2.0,2.0,,,,,,,2.0,2.0,3.0,,0.3333333333333333,,0.6666666666666666,99.3103448275862,0.6666666666666666,9.5,19.5,1.0,,1.0,0.5,True,0.5,344
3,2004,93.33333333333331,111.5702479338843,50.0,99.0,29.0,79.0,108.0,360.0,363.0,52.0,26.0,13.0,18.0,63.0,405.0,336.0,35.0,216.0,51.0,0.5091743119266054,0.3333333333333333,0.5806451612903226,90.8323154772291,0.3548387096774194,14.661111111111111,17.03581267217631,191.0,0.5106382978723404,0.6888888888888889,0.5050505050505051,False,0.2594936708860759,344
