index,year,ortg,drtg,AtRimFGM,AtRimFGA,AtRimAssists,Turnovers,FTA,OffPoss,DefPoss,TwoPtAssists,Steals,BadPassSteals,ThreePtAssists,FG3A,OpponentPoints,Points,SecondChancePoints,FG2A,LiveBallTurnovers,TsPct,Fg3Pct,AtRimFG3AFrequency,Pace,AtRimFrequency,SecondsPerPossOff,SecondsPerPossDef,Minutes,DefAtRimReboundPct,DefFGReboundPct,AtRimAccuracy,player_on,OffFGReboundPct,nba_id
0,1997,110.6,108.3,,,,,,,,,,,,,,,,,,,,,,,,,1282.0,,,,True,0.299,380
1,1997,110.5,106.3,,,,,,,,,,,,,,,,,,,,,,,,,2655.0,,,,False,0.283,380
2,1998,89.4,100.7,,,,,,,,,,,,,,,,,,,,,,,,,78.0,,,,True,0.3379999999999999,380
3,1998,102.2,103.8,,,,,,,,,,,,,,,,,,,,,,,,,3883.0,,,,False,0.314,380
4,2001,94.03973509933776,104.5751633986928,26.0,33.0,12.0,32.0,30.0,151.0,153.0,28.0,18.0,9.0,2.0,6.0,160.0,142.0,20.0,122.0,20.0,0.5,0.3333333333333333,0.3046875,93.98024903392012,0.2578125,15.62251655629139,15.026143790849671,78.0,0.7777777777777778,0.7,0.7878787878787878,True,0.3333333333333333,380
5,2001,98.2279500604108,103.66295451496042,1051.0,1784.0,497.0,1335.0,1781.0,7449.0,7453.0,1261.0,614.0,359.0,268.0,927.0,7726.0,7317.0,1112.0,5613.0,678.0,0.4956996587030717,0.3570658036677454,0.4145259938837921,92.4545243039698,0.272782874617737,15.71714324070345,15.433382530524622,3868.0,0.6052980132450331,0.6906232453677709,0.5891255605381166,False,0.3127232756251717,380
