index,year,ortg,drtg,AtRimFGM,AtRimFGA,AtRimAssists,Turnovers,FTA,OffPoss,DefPoss,TwoPtAssists,Steals,BadPassSteals,ThreePtAssists,FG3A,OpponentPoints,Points,SecondChancePoints,FG2A,LiveBallTurnovers,TsPct,Fg3Pct,AtRimFG3AFrequency,Pace,AtRimFrequency,SecondsPerPossOff,SecondsPerPossDef,Minutes,DefAtRimReboundPct,DefFGReboundPct,AtRimAccuracy,player_on,OffFGReboundPct,nba_id
0,1997,113.8,108.9,,,,,,,,,,,,,,,,,,,,,,,,,120.0,,,,True,0.418,384
1,1997,109.1,123.3,,,,,,,,,,,,,,,,,,,,,,,,,23.0,,,,False,0.273,384
2,2003,119.00452488687785,93.21266968325791,45.0,68.0,16.0,33.0,57.0,221.0,221.0,36.0,23.0,16.0,14.0,36.0,206.0,263.0,59.0,173.0,19.0,0.555793991416309,0.4444444444444444,0.4976076555023923,86.54881697035627,0.3253588516746411,15.02262443438914,18.25339366515837,123.0,0.6842105263157895,0.7047619047619048,0.6617647058823529,True,0.3925233644859813,384
3,2003,112.33480176211454,115.11111111111111,27.0,49.0,18.0,35.0,84.0,227.0,225.0,43.0,21.0,17.0,13.0,35.0,259.0,255.0,26.0,153.0,17.0,0.5545851528384279,0.4,0.4468085106382978,92.37581606585296,0.2606382978723404,14.255506607929515,16.933333333333334,117.0,0.25,0.5,0.5510204081632653,False,0.3402061855670103,384
