index,year,ortg,drtg,AtRimFGM,AtRimFGA,AtRimAssists,Turnovers,FTA,OffPoss,DefPoss,TwoPtAssists,Steals,BadPassSteals,ThreePtAssists,FG3A,OpponentPoints,Points,SecondChancePoints,FG2A,LiveBallTurnovers,TsPct,Fg3Pct,AtRimFG3AFrequency,Pace,AtRimFrequency,SecondsPerPossOff,SecondsPerPossDef,Minutes,DefAtRimReboundPct,DefFGReboundPct,AtRimAccuracy,player_on,OffFGReboundPct,nba_id
0,1997,104.1,112.4,,,,,,,,,,,,,,,,,,,,,,,,,87.0,,,,True,0.344,3
1,1997,107.9,97.8,,,,,,,,,,,,,,,,,,,,,,,,,152.0,,,,False,0.283,3
2,1999,97.7,94.1,,,,,,,,,,,,,,,,,,,,,,,,,356.0,,,,True,0.275,3
3,1999,107.8,94.7,,,,,,,,,,,,,,,,,,,,,,,,,72.0,,,,False,0.3329999999999999,3
4,2003,120.96774193548389,83.33333333333333,10.0,11.0,8.0,6.0,10.0,62.0,60.0,18.0,5.0,2.0,5.0,16.0,50.0,75.0,10.0,41.0,2.0,0.6048387096774194,0.3125,0.4736842105263157,84.66506024096385,0.1929824561403508,15.258064516129032,18.816666666666663,35.0,0.75,0.71875,0.9090909090909092,True,0.3076923076923077,3
5,2003,100.68886337543054,102.87026406429392,118.0,224.0,66.0,145.0,308.0,871.0,871.0,155.0,74.0,35.0,43.0,151.0,896.0,877.0,120.0,580.0,84.0,0.4971461187214612,0.3576158940397351,0.5129958960328317,90.80470588235292,0.3064295485636115,15.93340987370838,15.78300803673938,460.0,0.5816326530612245,0.7705314009661836,0.5267857142857143,False,0.3225058004640371,3
