index,year,ortg,drtg,AtRimFGM,AtRimFGA,AtRimAssists,Turnovers,FTA,OffPoss,DefPoss,TwoPtAssists,Steals,BadPassSteals,ThreePtAssists,FG3A,OpponentPoints,Points,SecondChancePoints,FG2A,LiveBallTurnovers,TsPct,Fg3Pct,AtRimFG3AFrequency,Pace,AtRimFrequency,SecondsPerPossOff,SecondsPerPossDef,Minutes,DefAtRimReboundPct,DefFGReboundPct,AtRimAccuracy,player_on,OffFGReboundPct,nba_id
0,1997,107.9,112.9,,,,,,,,,,,,,,,,,,,,,,,,,440.0,,,,True,0.314,431
1,1997,95.4,108.7,,,,,,,,,,,,,,,,,,,,,,,,,143.0,,,,False,0.302,431
2,1998,108.7,100.0,,,,,,,,,,,,,,,,,,,,,,,,,151.0,,,,True,0.204,431
3,1998,103.0,83.6,,,,,,,,,,,,,,,,,,,,,,,,,40.0,,,,False,0.412,431
4,2002,88.57142857142857,120.58823529411764,9.0,15.0,7.0,10.0,31.0,70.0,68.0,10.0,2.0,2.0,1.0,16.0,82.0,62.0,14.0,37.0,7.0,0.4558823529411764,0.125,0.5849056603773585,93.16455696202532,0.2830188679245283,15.685714285714283,15.220588235294118,36.0,0.4285714285714285,0.6470588235294118,0.6,True,0.3142857142857143,431
5,2002,112.3152709359606,94.11764705882354,40.0,60.0,22.0,30.0,68.0,203.0,204.0,33.0,26.0,11.0,16.0,43.0,192.0,228.0,27.0,127.0,18.0,0.5685279187817259,0.4418604651162791,0.6058823529411764,90.06915629322268,0.3529411764705882,15.74384236453202,16.230392156862745,108.0,0.4347826086956521,0.6491228070175439,0.6666666666666666,False,0.2272727272727272,431
6,2003,98.44961240310076,103.125,13.0,22.0,3.0,21.0,40.0,129.0,128.0,18.0,7.0,4.0,8.0,38.0,132.0,127.0,31.0,82.0,6.0,0.4532374100719424,0.2368421052631578,0.5,84.70588235294117,0.1833333333333333,19.05426356589147,14.9296875,73.0,0.4444444444444444,0.8103448275862069,0.5909090909090909,True,0.375,431
7,2003,108.92494929006084,98.16326530612244,69.0,125.0,40.0,74.0,195.0,493.0,490.0,83.0,52.0,32.0,21.0,96.0,481.0,537.0,79.0,314.0,31.0,0.534,0.34375,0.5390243902439025,89.64093470964474,0.3048780487804878,17.904665314401623,14.212244897959184,263.0,0.6949152542372882,0.728448275862069,0.552,False,0.3423423423423423,431
