index,year,ortg,drtg,AtRimFGM,AtRimFGA,AtRimAssists,Turnovers,FTA,OffPoss,DefPoss,TwoPtAssists,Steals,BadPassSteals,ThreePtAssists,FG3A,OpponentPoints,Points,SecondChancePoints,FG2A,LiveBallTurnovers,TsPct,Fg3Pct,AtRimFG3AFrequency,Pace,AtRimFrequency,SecondsPerPossOff,SecondsPerPossDef,Minutes,DefAtRimReboundPct,DefFGReboundPct,AtRimAccuracy,player_on,OffFGReboundPct,nba_id
0,2000,113.6,75.0,,,,,,,,,,,,,,,,,,,,,,,,,42.0,,,,True,0.256,440
1,2000,108.6,106.8,,,,,,,,,,,,,,,,,,,,,,,,,1061.0,,,,False,0.251,440
2,2001,71.42857142857143,95.23809523809524,2.0,3.0,1.0,5.0,5.0,21.0,21.0,2.0,2.0,1.0,2.0,4.0,20.0,15.0,2.0,16.0,5.0,0.3409090909090909,0.5,0.35,98.66231647634584,0.15,16.333333333333332,12.857142857142858,10.0,,0.5,0.6666666666666666,True,0.4,440
3,2001,101.51975683890578,108.58895705521472,42.0,58.0,23.0,45.0,70.0,329.0,326.0,58.0,17.0,10.0,21.0,69.0,354.0,334.0,49.0,240.0,25.0,0.4866863905325443,0.3333333333333333,0.4110032362459547,86.47657467681306,0.1877022653721682,16.747720364741642,16.55521472392638,182.0,0.3333333333333333,0.6242774566473989,0.7241379310344828,False,0.287292817679558,440
