index,year,ortg,drtg,AtRimFGM,AtRimFGA,AtRimAssists,Turnovers,FTA,OffPoss,DefPoss,TwoPtAssists,Steals,BadPassSteals,ThreePtAssists,FG3A,OpponentPoints,Points,SecondChancePoints,FG2A,LiveBallTurnovers,TsPct,Fg3Pct,AtRimFG3AFrequency,Pace,AtRimFrequency,SecondsPerPossOff,SecondsPerPossDef,Minutes,DefAtRimReboundPct,DefFGReboundPct,AtRimAccuracy,player_on,OffFGReboundPct,nba_id
0,2000,75.0,113.6,,,,,,,,,,,,,,,,,,,,,,,,,42.0,,,,True,0.17,440
1,2000,106.8,108.6,,,,,,,,,,,,,,,,,,,,,,,,,1061.0,,,,False,0.275,440
2,2001,95.23809523809524,71.42857142857143,3.0,4.0,,6.0,2.0,21.0,21.0,3.0,5.0,3.0,,1.0,15.0,20.0,4.0,16.0,2.0,0.5555555555555556,,0.2941176470588235,98.66231647634584,0.2352941176470588,12.857142857142858,16.333333333333332,10.0,1.0,0.6,0.75,True,0.5,440
3,2001,108.58895705521472,101.51975683890578,44.0,65.0,23.0,38.0,111.0,326.0,329.0,68.0,25.0,14.0,13.0,43.0,334.0,354.0,67.0,261.0,17.0,0.4957627118644068,0.3023255813953488,0.3552631578947368,86.47657467681306,0.2138157894736842,16.55521472392638,16.747720364741642,182.0,0.8125,0.712707182320442,0.676923076923077,False,0.3757225433526011,440
