index,year,ortg,drtg,AtRimFGM,AtRimFGA,AtRimAssists,Turnovers,FTA,OffPoss,DefPoss,TwoPtAssists,Steals,BadPassSteals,ThreePtAssists,FG3A,OpponentPoints,Points,SecondChancePoints,FG2A,LiveBallTurnovers,TsPct,Fg3Pct,AtRimFG3AFrequency,Pace,AtRimFrequency,SecondsPerPossOff,SecondsPerPossDef,Minutes,DefAtRimReboundPct,DefFGReboundPct,AtRimAccuracy,player_on,OffFGReboundPct,nba_id
0,1997,104.9,104.6,,,,,,,,,,,,,,,,,,,,,,,,,124.0,,,,True,0.294,442
1,1997,102.1,110.5,,,,,,,,,,,,,,,,,,,,,,,,,3827.0,,,,False,0.294,442
2,1998,99.8,99.3,,,,,,,,,,,,,,,,,,,,,,,,,440.0,,,,True,0.307,442
3,1998,98.9,105.8,,,,,,,,,,,,,,,,,,,,,,,,,3475.0,,,,False,0.33,442
4,2000,92.9,115.0,,,,,,,,,,,,,,,,,,,,,,,,,267.0,,,,True,0.262,442
5,2000,105.4,104.4,,,,,,,,,,,,,,,,,,,,,,,,,3650.0,,,,False,0.307,442
6,2001,95.1219512195122,86.25,13.0,19.0,6.0,24.0,29.0,82.0,80.0,11.0,5.0,3.0,5.0,15.0,69.0,78.0,20.0,43.0,6.0,0.5422535211267606,0.3333333333333333,0.5862068965517241,97.40292275574112,0.3275862068965517,14.53658536585366,15.0375,40.0,0.6666666666666666,0.6666666666666666,0.6842105263157895,True,0.3448275862068966,442
7,2001,105.81301901955533,105.75096964023004,1410.0,2331.0,747.0,1228.0,1957.0,7466.0,7477.0,1368.0,652.0,417.0,408.0,1154.0,7907.0,7900.0,1137.0,5437.0,642.0,0.5274046211714132,0.3994800693240901,0.5287513275678957,91.46247848171213,0.353664087391898,15.47495312081436,16.01297311756052,3921.0,0.5358592692828146,0.671048951048951,0.6048906048906049,False,0.3195670749074338,442
