index,year,ortg,drtg,AtRimFGM,AtRimFGA,AtRimAssists,Turnovers,FTA,OffPoss,DefPoss,TwoPtAssists,Steals,BadPassSteals,ThreePtAssists,FG3A,OpponentPoints,Points,SecondChancePoints,FG2A,LiveBallTurnovers,TsPct,Fg3Pct,AtRimFG3AFrequency,Pace,AtRimFrequency,SecondsPerPossOff,SecondsPerPossDef,Minutes,DefAtRimReboundPct,DefFGReboundPct,AtRimAccuracy,player_on,OffFGReboundPct,nba_id
0,1998,115.1,114.5,,,,,,,,,,,,,,,,,,,,,,,,,368.0,,,,True,0.35,452
1,1998,95.2,109.0,,,,,,,,,,,,,,,,,,,,,,,,,108.0,,,,False,0.237,452
2,2000,106.8,99.4,,,,,,,,,,,,,,,,,,,,,,,,,176.0,,,,True,0.295,452
3,2000,101.7,124.8,,,,,,,,,,,,,,,,,,,,,,,,,63.0,,,,False,0.267,452
4,2002,98.015873015873,117.26907630522088,31.0,59.0,16.0,33.0,52.0,252.0,249.0,35.0,11.0,8.0,16.0,36.0,292.0,247.0,34.0,205.0,20.0,0.4641509433962264,0.4444444444444444,0.3941908713692946,83.69373549883991,0.2448132780082987,17.67063492063492,16.734939759036145,144.0,0.5416666666666666,0.6610169491525424,0.5254237288135594,True,0.3098591549295774,452
5,2002,106.97674418604652,109.19540229885058,31.0,42.0,12.0,20.0,43.0,172.0,174.0,30.0,9.0,5.0,6.0,25.0,190.0,184.0,25.0,132.0,9.0,0.5170454545454546,0.32,0.4267515923566879,86.2006920415225,0.267515923566879,16.63372093023256,16.775862068965516,96.0,0.8,0.7349397590361446,0.7380952380952381,False,0.2926829268292683,452
6,2004,101.8867924528302,109.43396226415096,13.0,24.0,4.0,16.0,36.0,106.0,106.0,15.0,11.0,7.0,6.0,19.0,116.0,108.0,20.0,76.0,10.0,0.4818181818181818,0.3684210526315789,0.4526315789473684,90.34625628884284,0.2526315789473684,16.70754716981132,15.169811320754716,56.0,0.3846153846153846,0.5952380952380952,0.5416666666666666,True,0.3333333333333333,452
7,2004,88.715953307393,105.859375,35.0,66.0,20.0,49.0,65.0,257.0,256.0,50.0,26.0,15.0,7.0,39.0,271.0,228.0,42.0,186.0,28.0,0.4446640316205533,0.2564102564102564,0.4666666666666667,90.74069524628425,0.2933333333333333,16.120622568093385,15.6171875,136.0,0.44,0.6730769230769231,0.5303030303030303,False,0.3405797101449275,452
8,2004,101.8867924528302,109.43396226415096,13.0,24.0,4.0,16.0,36.0,106.0,106.0,15.0,11.0,7.0,6.0,19.0,116.0,108.0,20.0,76.0,10.0,0.4818181818181818,0.3684210526315789,0.4526315789473684,90.34625628884284,0.2526315789473684,16.70754716981132,15.169811320754716,56.0,0.3846153846153846,0.5952380952380952,0.5416666666666666,True,0.3333333333333333,452
