index,year,ortg,drtg,AtRimFGM,AtRimFGA,AtRimAssists,Turnovers,FTA,OffPoss,DefPoss,TwoPtAssists,Steals,BadPassSteals,ThreePtAssists,FG3A,OpponentPoints,Points,SecondChancePoints,FG2A,LiveBallTurnovers,TsPct,Fg3Pct,AtRimFG3AFrequency,Pace,AtRimFrequency,SecondsPerPossOff,SecondsPerPossDef,Minutes,DefAtRimReboundPct,DefFGReboundPct,AtRimAccuracy,player_on,OffFGReboundPct,nba_id
0,1998,114.5,115.1,,,,,,,,,,,,,,,,,,,,,,,,,368.0,,,,True,0.37,452
1,1998,109.0,95.2,,,,,,,,,,,,,,,,,,,,,,,,,108.0,,,,False,0.316,452
2,2000,99.4,106.8,,,,,,,,,,,,,,,,,,,,,,,,,176.0,,,,True,0.281,452
3,2000,124.8,101.7,,,,,,,,,,,,,,,,,,,,,,,,,63.0,,,,False,0.283,452
4,2002,117.26907630522088,98.015873015873,48.0,72.0,25.0,28.0,80.0,249.0,252.0,37.0,20.0,13.0,17.0,40.0,247.0,292.0,43.0,183.0,11.0,0.5579150579150579,0.525,0.5022421524663677,83.69373549883991,0.3228699551569506,16.734939759036145,17.67063492063492,144.0,0.7857142857142857,0.6901408450704225,0.6666666666666666,True,0.3389830508474576,452
5,2002,109.19540229885058,106.97674418604652,36.0,46.0,17.0,21.0,54.0,174.0,172.0,27.0,9.0,7.0,7.0,34.0,184.0,190.0,17.0,123.0,9.0,0.5251396648044693,0.2647058823529412,0.5095541401273885,86.2006920415225,0.2929936305732484,16.775862068965516,16.63372093023256,96.0,0.5454545454545454,0.7073170731707317,0.782608695652174,False,0.2650602409638554,452
6,2004,109.43396226415096,101.8867924528302,25.0,38.0,12.0,22.0,34.0,106.0,106.0,20.0,10.0,9.0,5.0,19.0,108.0,116.0,15.0,70.0,11.0,0.5637254901960784,0.2631578947368421,0.6404494382022472,90.34625628884284,0.4269662921348314,15.169811320754716,16.70754716981132,56.0,0.4545454545454545,0.6666666666666666,0.6578947368421053,True,0.4047619047619047,452
7,2004,105.859375,88.715953307393,46.0,72.0,35.0,54.0,95.0,256.0,257.0,54.0,28.0,13.0,10.0,44.0,228.0,271.0,36.0,155.0,26.0,0.55625,0.2727272727272727,0.5829145728643216,90.74069524628425,0.3618090452261306,15.6171875,16.120622568093385,136.0,0.4193548387096774,0.6594202898550725,0.6388888888888888,False,0.3269230769230769,452
