index,year,ortg,drtg,AtRimFGM,AtRimFGA,AtRimAssists,Turnovers,FTA,OffPoss,DefPoss,TwoPtAssists,Steals,BadPassSteals,ThreePtAssists,FG3A,OpponentPoints,Points,SecondChancePoints,FG2A,LiveBallTurnovers,TsPct,Fg3Pct,AtRimFG3AFrequency,Pace,AtRimFrequency,SecondsPerPossOff,SecondsPerPossDef,Minutes,DefAtRimReboundPct,DefFGReboundPct,AtRimAccuracy,player_on,OffFGReboundPct,nba_id
0,2002,99.55898566703418,96.90265486725664,155.0,286.0,67.0,133.0,185.0,907.0,904.0,121.0,86.0,43.0,67.0,222.0,876.0,903.0,128.0,599.0,71.0,0.4972314507198228,0.3738738738738739,0.6187576126674786,89.02300812453062,0.3483556638246041,16.100330760749724,16.251106194690266,488.0,0.6226415094339622,0.7354838709677419,0.541958041958042,True,0.2558139534883721,677
1,2002,103.14814814814817,99.63031423290204,85.0,145.0,44.0,93.0,182.0,540.0,541.0,79.0,56.0,38.0,33.0,145.0,539.0,557.0,80.0,289.0,49.0,0.535645472061657,0.296551724137931,0.6682027649769585,92.734421541761,0.3341013824884792,15.544444444444444,15.512014787430685,280.0,0.6923076923076923,0.673469387755102,0.5862068965517241,False,0.291497975708502,677
2,2003,98.79931389365352,100.68376068376068,84.0,160.0,42.0,85.0,169.0,583.0,585.0,81.0,59.0,38.0,38.0,145.0,589.0,576.0,62.0,346.0,51.0,0.5017636684303352,0.3241379310344827,0.6211812627291242,90.4452570445257,0.3258655804480652,15.912521440823328,15.92991452991453,310.0,0.6029411764705882,0.6666666666666666,0.525,True,0.2253521126760563,677
3,2003,106.32183908045975,104.3103448275862,54.0,86.0,28.0,63.0,71.0,348.0,348.0,54.0,27.0,16.0,34.0,98.0,363.0,370.0,44.0,202.0,28.0,0.5581039755351682,0.3979591836734694,0.6133333333333333,90.25936599423632,0.2866666666666667,16.089080459770116,15.81896551724138,185.0,0.6410256410256411,0.6971428571428572,0.627906976744186,False,0.2469135802469135,677
