index,year,ortg,drtg,AtRimFGM,AtRimFGA,AtRimAssists,Turnovers,FTA,OffPoss,DefPoss,TwoPtAssists,Steals,BadPassSteals,ThreePtAssists,FG3A,OpponentPoints,Points,SecondChancePoints,FG2A,LiveBallTurnovers,TsPct,Fg3Pct,AtRimFG3AFrequency,Pace,AtRimFrequency,SecondsPerPossOff,SecondsPerPossDef,Minutes,DefAtRimReboundPct,DefFGReboundPct,AtRimAccuracy,player_on,OffFGReboundPct,nba_id
0,1997,102.9,105.5,,,,,,,,,,,,,,,,,,,,,,,,,168.0,,,,True,0.344,679
1,1997,107.8,99.9,,,,,,,,,,,,,,,,,,,,,,,,,737.0,,,,False,0.353,679
2,2001,96.045197740113,104.1509433962264,54.0,109.0,30.0,83.0,145.0,531.0,530.0,92.0,28.0,15.0,28.0,114.0,552.0,510.0,78.0,373.0,50.0,0.4610507246376811,0.2894736842105263,0.4579055441478439,86.26990400903443,0.2238193018480492,16.436911487758945,16.947169811320755,295.0,0.5692307692307692,0.7142857142857143,0.4954128440366973,True,0.3356164383561644,679
3,2001,112.74418604651164,106.41263940520446,113.0,194.0,67.0,151.0,281.0,1075.0,1076.0,200.0,78.0,36.0,75.0,202.0,1145.0,1212.0,166.0,761.0,89.0,0.5525594149908593,0.4356435643564356,0.411214953271028,89.96340400813244,0.2014537902388369,15.065116279069768,16.947026022304833,574.0,0.5808823529411765,0.6354166666666666,0.5824742268041238,False,0.3222003929273084,679
