index,year,ortg,drtg,AtRimFGM,AtRimFGA,AtRimAssists,Turnovers,FTA,OffPoss,DefPoss,TwoPtAssists,Steals,BadPassSteals,ThreePtAssists,FG3A,OpponentPoints,Points,SecondChancePoints,FG2A,LiveBallTurnovers,TsPct,Fg3Pct,AtRimFG3AFrequency,Pace,AtRimFrequency,SecondsPerPossOff,SecondsPerPossDef,Minutes,DefAtRimReboundPct,DefFGReboundPct,AtRimAccuracy,player_on,OffFGReboundPct,nba_id
0,1997,97.3,107.4,,,,,,,,,,,,,,,,,,,,,,,,,542.0,,,,True,0.29,681
1,1997,105.3,100.6,,,,,,,,,,,,,,,,,,,,,,,,,3400.0,,,,False,0.294,681
2,2000,84.7,90.3,,,,,,,,,,,,,,,,,,,,,,,,,39.0,,,,True,0.2189999999999999,681
3,2000,99.6,105.6,,,,,,,,,,,,,,,,,,,,,,,,,3910.0,,,,False,0.283,681
4,2002,90.9090909090909,95.96412556053812,25.0,57.0,12.0,24.0,64.0,220.0,223.0,29.0,21.0,14.0,10.0,37.0,214.0,200.0,33.0,166.0,12.0,0.4252136752136752,0.3513513513513513,0.4630541871921182,89.70890170158908,0.2807881773399014,15.927272727272728,16.17488789237668,119.0,0.6206896551724138,0.5677966101694916,0.4385964912280701,True,0.32,681
5,2002,103.9616008653326,99.22879177377892,1353.0,2226.0,887.0,1165.0,1843.0,7396.0,7391.0,1608.0,695.0,397.0,343.0,1157.0,7334.0,7689.0,1118.0,5456.0,657.0,0.5152311632295458,0.3370786516853932,0.5115681233933161,92.2393956196285,0.3366097081506124,14.92658193618172,16.296982816939522,3847.0,0.5757250268528464,0.6856353591160221,0.6078167115902965,False,0.3186288283225625,681
6,2003,46.15384615384615,100.0,1.0,1.0,,4.0,3.0,13.0,13.0,1.0,,,,3.0,13.0,6.0,,5.0,2.0,0.3,,0.5,99.5744680851064,0.125,14.076923076923077,14.846153846153848,6.0,1.0,0.5714285714285714,1.0,True,0.1666666666666666,681
7,2003,103.53782960116602,97.6058201058201,1369.0,2296.0,859.0,1208.0,2192.0,7547.0,7560.0,1578.0,717.0,405.0,308.0,1038.0,7379.0,7814.0,1142.0,5539.0,691.0,0.5129310344827587,0.3333333333333333,0.5069180477421317,91.91191631035474,0.3490953322183366,15.176228965151717,16.15727513227513,3945.0,0.5686274509803921,0.705085682697623,0.5962543554006968,False,0.3197561651426988,681
