index,year,ortg,drtg,AtRimFGM,AtRimFGA,AtRimAssists,Turnovers,FTA,OffPoss,DefPoss,TwoPtAssists,Steals,BadPassSteals,ThreePtAssists,FG3A,OpponentPoints,Points,SecondChancePoints,FG2A,LiveBallTurnovers,TsPct,Fg3Pct,AtRimFG3AFrequency,Pace,AtRimFrequency,SecondsPerPossOff,SecondsPerPossDef,Minutes,DefAtRimReboundPct,DefFGReboundPct,AtRimAccuracy,player_on,OffFGReboundPct,nba_id
0,1998,80.0,138.8,,,,,,,,,,,,,,,,,,,,,,,,,30.0,,,,True,0.32,682
1,1998,99.6,102.1,,,,,,,,,,,,,,,,,,,,,,,,,160.0,,,,False,0.299,682
2,2005,108.08383233532936,116.51651651651652,65.0,109.0,33.0,54.0,92.0,334.0,333.0,52.0,26.0,18.0,21.0,65.0,388.0,361.0,61.0,225.0,31.0,0.5421686746987951,0.3692307692307692,0.6,88.74434075579784,0.3758620689655172,16.311377245508982,16.14114114114114,180.0,0.3877551020408163,0.6428571428571429,0.5963302752293578,True,0.3164556962025316,682
3,2005,113.38028169014083,112.54480286738352,41.0,73.0,15.0,46.0,89.0,284.0,279.0,35.0,25.0,16.0,18.0,59.0,314.0,322.0,32.0,177.0,18.0,0.583941605839416,0.4406779661016949,0.559322033898305,86.8287458498447,0.3093220338983051,16.098591549295776,17.078853046594983,156.0,0.6216216216216216,0.6466165413533834,0.5616438356164384,False,0.2905982905982906,682
