index,year,ortg,drtg,AtRimFGM,AtRimFGA,AtRimAssists,Turnovers,FTA,OffPoss,DefPoss,TwoPtAssists,Steals,BadPassSteals,ThreePtAssists,FG3A,OpponentPoints,Points,SecondChancePoints,FG2A,LiveBallTurnovers,TsPct,Fg3Pct,AtRimFG3AFrequency,Pace,AtRimFrequency,SecondsPerPossOff,SecondsPerPossDef,Minutes,DefAtRimReboundPct,DefFGReboundPct,AtRimAccuracy,player_on,OffFGReboundPct,nba_id
0,1998,138.8,80.0,,,,,,,,,,,,,,,,,,,,,,,,,30.0,,,,True,0.1669999999999999,682
1,1998,102.1,99.6,,,,,,,,,,,,,,,,,,,,,,,,,160.0,,,,False,0.272,682
2,2005,116.51651651651652,108.08383233532936,47.0,96.0,13.0,48.0,104.0,333.0,334.0,41.0,31.0,23.0,22.0,61.0,361.0,388.0,62.0,233.0,26.0,0.5657894736842105,0.4590163934426229,0.5340136054421769,88.74434075579784,0.3265306122448979,16.14114114114114,16.311377245508982,180.0,0.5681818181818182,0.6835443037974683,0.4895833333333333,True,0.3571428571428571,682
3,2005,112.54480286738352,113.38028169014083,33.0,70.0,14.0,45.0,107.0,279.0,284.0,35.0,18.0,12.0,22.0,61.0,322.0,314.0,46.0,180.0,25.0,0.5400696864111498,0.4098360655737705,0.5435684647302904,86.8287458498447,0.2904564315352697,17.078853046594983,16.098591549295776,156.0,0.625,0.7094017094017094,0.4714285714285714,False,0.3533834586466165,682
