index,year,ortg,drtg,AtRimFGM,AtRimFGA,AtRimAssists,Turnovers,FTA,OffPoss,DefPoss,TwoPtAssists,Steals,BadPassSteals,ThreePtAssists,FG3A,OpponentPoints,Points,SecondChancePoints,FG2A,LiveBallTurnovers,TsPct,Fg3Pct,AtRimFG3AFrequency,Pace,AtRimFrequency,SecondsPerPossOff,SecondsPerPossDef,Minutes,DefAtRimReboundPct,DefFGReboundPct,AtRimAccuracy,player_on,OffFGReboundPct,nba_id
0,1997,105.3,100.0,,,,,,,,,,,,,,,,,,,,,,,,,11.0,,,,True,0.1669999999999999,685
1,1997,110.3,125.0,,,,,,,,,,,,,,,,,,,,,,,,,131.0,,,,False,0.308,685
2,1998,0.0,,,,,,,,,,,,,,,,,,,,,,,,,,0.0,,,,True,,685
3,1998,103.7,111.9,,,,,,,,,,,,,,,,,,,,,,,,,239.0,,,,False,0.315,685
4,2002,94.87179487179488,106.09756097560977,14.0,21.0,7.0,9.0,27.0,78.0,82.0,11.0,5.0,1.0,2.0,14.0,87.0,74.0,11.0,55.0,6.0,0.4567901234567901,0.2857142857142857,0.5072463768115942,88.54727132974635,0.3043478260869565,17.743589743589745,14.853658536585366,43.0,0.6,0.6923076923076923,0.6666666666666666,True,0.2195121951219512,685
5,2002,107.58354755784062,102.18790218790218,132.0,199.0,59.0,102.0,239.0,778.0,777.0,115.0,56.0,37.0,41.0,133.0,794.0,837.0,93.0,560.0,42.0,0.518796992481203,0.3458646616541353,0.4790764790764791,85.47217344835484,0.2871572871572871,16.760925449871465,16.934362934362934,437.0,0.6626506024096386,0.6825,0.6633165829145728,False,0.3072916666666667,685
6,2002,107.58354755784062,102.18790218790218,132.0,199.0,59.0,102.0,239.0,778.0,777.0,115.0,56.0,37.0,41.0,133.0,794.0,837.0,93.0,560.0,42.0,0.518796992481203,0.3458646616541353,0.4790764790764791,85.47217344835484,0.2871572871572871,16.760925449871465,16.934362934362934,437.0,0.6626506024096386,0.6825,0.6633165829145728,False,0.3072916666666667,685
