index,year,ortg,drtg,AtRimFGM,AtRimFGA,AtRimAssists,Turnovers,FTA,OffPoss,DefPoss,TwoPtAssists,Steals,BadPassSteals,ThreePtAssists,FG3A,OpponentPoints,Points,SecondChancePoints,FG2A,LiveBallTurnovers,TsPct,Fg3Pct,AtRimFG3AFrequency,Pace,AtRimFrequency,SecondsPerPossOff,SecondsPerPossDef,Minutes,DefAtRimReboundPct,DefFGReboundPct,AtRimAccuracy,player_on,OffFGReboundPct,nba_id
0,1997,100.0,50.0,,,,,,,,,,,,,,,,,,,,,,,,,4.0,,,,True,0.0,690
1,1997,102.9,108.0,,,,,,,,,,,,,,,,,,,,,,,,,235.0,,,,False,0.216,690
2,1999,72.2,84.2,,,,,,,,,,,,,,,,,,,,,,,,,20.0,,,,True,0.19,690
3,1999,101.9,104.1,,,,,,,,,,,,,,,,,,,,,,,,,218.0,,,,False,0.313,690
4,2001,114.28571428571428,142.5531914893617,8.0,13.0,5.0,4.0,15.0,49.0,47.0,10.0,1.0,,2.0,7.0,67.0,56.0,13.0,43.0,2.0,0.4821428571428571,0.2857142857142857,0.4,93.59512525389304,0.26,15.387755102040815,15.382978723404255,25.0,0.6666666666666666,0.625,0.6153846153846154,True,0.3703703703703703,690
5,2001,105.34124629080118,108.9020771513353,59.0,93.0,26.0,41.0,83.0,337.0,337.0,49.0,31.0,15.0,27.0,75.0,367.0,355.0,40.0,234.0,25.0,0.5115606936416185,0.4,0.5436893203883495,93.83737793676885,0.3009708737864077,15.608308605341248,15.083086053412464,172.0,0.3333333333333333,0.6136363636363636,0.6344086021505376,False,0.2790697674418604,690
6,2002,115.71428571428572,114.1025641025641,17.0,28.0,5.0,9.0,17.0,70.0,78.0,10.0,8.0,4.0,2.0,6.0,89.0,81.0,12.0,58.0,6.0,0.5625,0.3333333333333333,0.53125,92.02072538860104,0.4375,14.4,16.76923076923077,39.0,,0.68,0.6071428571428571,True,0.3225806451612903,690
7,2002,96.71052631578948,102.68456375838926,37.0,69.0,17.0,39.0,107.0,304.0,298.0,52.0,14.0,11.0,14.0,60.0,306.0,294.0,37.0,190.0,27.0,0.4865771812080537,0.25,0.516,88.42105263157895,0.276,14.848684210526317,17.751677852348994,163.0,0.6041666666666666,0.6273291925465838,0.5362318840579711,False,0.2176870748299319,690
