index,year,ortg,drtg,AtRimFGM,AtRimFGA,AtRimAssists,Turnovers,FTA,OffPoss,DefPoss,TwoPtAssists,Steals,BadPassSteals,ThreePtAssists,FG3A,OpponentPoints,Points,SecondChancePoints,FG2A,LiveBallTurnovers,TsPct,Fg3Pct,AtRimFG3AFrequency,Pace,AtRimFrequency,SecondsPerPossOff,SecondsPerPossDef,Minutes,DefAtRimReboundPct,DefFGReboundPct,AtRimAccuracy,player_on,OffFGReboundPct,nba_id
0,1997,50.0,100.0,,,,,,,,,,,,,,,,,,,,,,,,,4.0,,,,True,0.2,690
1,1997,108.0,102.9,,,,,,,,,,,,,,,,,,,,,,,,,235.0,,,,False,0.309,690
2,1999,84.2,72.2,,,,,,,,,,,,,,,,,,,,,,,,,20.0,,,,True,0.158,690
3,1999,104.1,101.9,,,,,,,,,,,,,,,,,,,,,,,,,218.0,,,,False,0.311,690
4,2001,142.5531914893617,114.28571428571428,8.0,11.0,2.0,1.0,25.0,47.0,49.0,4.0,2.0,2.0,2.0,9.0,56.0,67.0,12.0,36.0,1.0,0.5982142857142857,0.3333333333333333,0.4444444444444444,93.59512525389304,0.2444444444444444,15.382978723404255,15.387755102040815,25.0,0.6,0.6296296296296297,0.7272727272727273,True,0.375,690
5,2001,108.9020771513353,105.34124629080118,48.0,81.0,29.0,47.0,125.0,337.0,337.0,58.0,25.0,15.0,19.0,57.0,355.0,367.0,65.0,248.0,31.0,0.5055096418732782,0.3508771929824561,0.4524590163934426,93.83737793676885,0.2655737704918032,15.083086053412464,15.608308605341248,172.0,0.6666666666666666,0.7209302325581395,0.5925925925925926,False,0.3863636363636363,690
6,2002,114.1025641025641,115.71428571428572,13.0,14.0,11.0,17.0,41.0,78.0,70.0,16.0,6.0,5.0,3.0,7.0,81.0,89.0,12.0,45.0,8.0,0.6180555555555556,0.8571428571428571,0.4038461538461538,92.02072538860104,0.2692307692307692,16.76923076923077,14.4,39.0,0.6363636363636364,0.6774193548387096,0.9285714285714286,True,0.32,690
7,2002,102.68456375838926,96.71052631578948,46.0,94.0,25.0,40.0,93.0,298.0,304.0,54.0,27.0,8.0,7.0,32.0,294.0,306.0,54.0,245.0,14.0,0.4735202492211838,0.34375,0.4548736462093863,88.42105263157895,0.3393501805054151,17.751677852348994,14.848684210526317,163.0,0.65625,0.782312925170068,0.4893617021276595,False,0.3726708074534161,690
