index,year,ortg,drtg,AtRimFGM,AtRimFGA,AtRimAssists,Turnovers,FTA,OffPoss,DefPoss,TwoPtAssists,Steals,BadPassSteals,ThreePtAssists,FG3A,OpponentPoints,Points,SecondChancePoints,FG2A,LiveBallTurnovers,TsPct,Fg3Pct,AtRimFG3AFrequency,Pace,AtRimFrequency,SecondsPerPossOff,SecondsPerPossDef,Minutes,DefAtRimReboundPct,DefFGReboundPct,AtRimAccuracy,player_on,OffFGReboundPct,nba_id
0,1998,95.0,113.9,,,,,,,,,,,,,,,,,,,,,,,,,20.0,,,,True,0.188,697
1,1998,103.1,106.8,,,,,,,,,,,,,,,,,,,,,,,,,748.0,,,,False,0.3289999999999999,697
2,1999,97.2,105.1,,,,,,,,,,,,,,,,,,,,,,,,,20.0,,,,True,0.1669999999999999,697
3,1999,102.1,105.7,,,,,,,,,,,,,,,,,,,,,,,,,605.0,,,,False,0.287,697
4,2004,97.6857490864799,99.39024390243902,122.0,202.0,77.0,110.0,244.0,821.0,820.0,149.0,67.0,37.0,49.0,172.0,815.0,802.0,109.0,555.0,63.0,0.4772182254196642,0.3197674418604651,0.5144429160935351,90.6664620343015,0.2778541953232462,15.992691839220464,15.771951219512196,434.0,0.6190476190476191,0.732620320855615,0.6039603960396039,True,0.288095238095238,697
5,2004,106.75,104.73815461346634,130.0,227.0,77.0,117.0,203.0,800.0,802.0,182.0,68.0,31.0,37.0,112.0,840.0,854.0,121.0,619.0,56.0,0.5177261613691931,0.375,0.4637482900136799,88.46416382252559,0.3105335157318741,15.97125,16.58354114713217,435.0,0.6229508196721312,0.718421052631579,0.5726872246696035,False,0.329923273657289,697
