index,year,ortg,drtg,AtRimFGM,AtRimFGA,AtRimAssists,Turnovers,FTA,OffPoss,DefPoss,TwoPtAssists,Steals,BadPassSteals,ThreePtAssists,FG3A,OpponentPoints,Points,SecondChancePoints,FG2A,LiveBallTurnovers,TsPct,Fg3Pct,AtRimFG3AFrequency,Pace,AtRimFrequency,SecondsPerPossOff,SecondsPerPossDef,Minutes,DefAtRimReboundPct,DefFGReboundPct,AtRimAccuracy,player_on,OffFGReboundPct,nba_id
0,1997,105.7,102.8,,,,,,,,,,,,,,,,,,,,,,,,,1373.0,,,,True,0.317,721
1,1997,109.0,103.8,,,,,,,,,,,,,,,,,,,,,,,,,2577.0,,,,False,0.315,721
2,1998,100.2,101.0,,,,,,,,,,,,,,,,,,,,,,,,,617.0,,,,True,0.312,721
3,1998,106.0,98.6,,,,,,,,,,,,,,,,,,,,,,,,,3299.0,,,,False,0.3389999999999999,721
4,2001,104.5889101338432,94.87666034155598,62.0,108.0,28.0,74.0,153.0,523.0,527.0,89.0,49.0,26.0,31.0,93.0,500.0,547.0,81.0,359.0,40.0,0.5239923224568138,0.3655913978494624,0.4446902654867257,96.68137348935356,0.2389380530973451,14.59847036328872,15.18785578747628,261.0,0.5625,0.6869918699186992,0.5740740740740741,True,0.3070539419087137,721
5,2001,101.40764148233266,101.95542774982027,929.0,1680.0,506.0,1041.0,1922.0,6962.0,6955.0,1300.0,540.0,344.0,275.0,1028.0,7091.0,7060.0,1013.0,5203.0,523.0,0.4949929478138223,0.3336575875486381,0.4346011876103354,89.4181268154256,0.2696196437168994,15.983050847457626,16.22530553558591,3735.0,0.6089030206677265,0.7012750455373407,0.5529761904761905,False,0.3124645892351275,721
