index,year,ortg,drtg,AtRimFGM,AtRimFGA,AtRimAssists,Turnovers,FTA,OffPoss,DefPoss,TwoPtAssists,Steals,BadPassSteals,ThreePtAssists,FG3A,OpponentPoints,Points,SecondChancePoints,FG2A,LiveBallTurnovers,TsPct,Fg3Pct,AtRimFG3AFrequency,Pace,AtRimFrequency,SecondsPerPossOff,SecondsPerPossDef,Minutes,DefAtRimReboundPct,DefFGReboundPct,AtRimAccuracy,player_on,OffFGReboundPct,nba_id
0,1997,114.1,105.2,,,,,,,,,,,,,,,,,,,,,,,,,483.0,,,,True,0.335,765
1,1997,101.1,103.1,,,,,,,,,,,,,,,,,,,,,,,,,100.0,,,,False,0.2689999999999999,765
2,1998,112.5,115.9,,,,,,,,,,,,,,,,,,,,,,,,,334.0,,,,True,0.349,765
3,1998,104.9,106.5,,,,,,,,,,,,,,,,,,,,,,,,,142.0,,,,False,0.257,765
4,2001,100.0,95.55555555555556,11.0,21.0,6.0,16.0,34.0,90.0,90.0,21.0,10.0,9.0,1.0,10.0,86.0,90.0,20.0,67.0,8.0,0.478494623655914,0.1,0.4025974025974026,89.1334250343879,0.2727272727272727,17.666666666666668,14.644444444444444,48.0,0.625,0.8,0.5238095238095238,True,0.4418604651162791,765
5,2001,107.97011207970112,100.74812967581047,131.0,239.0,62.0,105.0,280.0,803.0,802.0,140.0,76.0,38.0,35.0,110.0,808.0,867.0,134.0,594.0,49.0,0.5192307692307693,0.3909090909090909,0.4957386363636363,89.26309284721148,0.3394886363636363,16.550435865504358,15.713216957605985,432.0,0.7066666666666667,0.6982097186700768,0.5481171548117155,False,0.3188775510204081,765
