index,year,ortg,drtg,AtRimFGM,AtRimFGA,AtRimAssists,Turnovers,FTA,OffPoss,DefPoss,TwoPtAssists,Steals,BadPassSteals,ThreePtAssists,FG3A,OpponentPoints,Points,SecondChancePoints,FG2A,LiveBallTurnovers,TsPct,Fg3Pct,AtRimFG3AFrequency,Pace,AtRimFrequency,SecondsPerPossOff,SecondsPerPossDef,Minutes,DefAtRimReboundPct,DefFGReboundPct,AtRimAccuracy,player_on,OffFGReboundPct,nba_id
0,1997,110.2,99.5,,,,,,,,,,,,,,,,,,,,,,,,,107.0,,,,True,0.267,76
1,1997,119.0,99.6,,,,,,,,,,,,,,,,,,,,,,,,,137.0,,,,False,0.359,76
2,2001,100.0,82.14285714285714,4.0,6.0,3.0,3.0,21.0,30.0,28.0,8.0,1.0,1.0,,3.0,23.0,30.0,6.0,17.0,1.0,0.4833333333333333,,0.45,92.28729281767956,0.3,15.9,15.285714285714286,15.0,0.4,0.7368421052631579,0.6666666666666666,True,0.4545454545454545,76
3,2001,112.39669421487604,87.96680497925311,37.0,60.0,12.0,39.0,81.0,242.0,241.0,34.0,36.0,25.0,13.0,32.0,212.0,272.0,34.0,171.0,14.0,0.5666666666666667,0.46875,0.4532019704433497,89.9185520361991,0.2955665024630542,16.169421487603305,15.858921161825728,129.0,0.6956521739130435,0.7757009345794392,0.6166666666666667,False,0.3148148148148148,76
