index,year,ortg,drtg,AtRimFGM,AtRimFGA,AtRimAssists,Turnovers,FTA,OffPoss,DefPoss,TwoPtAssists,Steals,BadPassSteals,ThreePtAssists,FG3A,OpponentPoints,Points,SecondChancePoints,FG2A,LiveBallTurnovers,TsPct,Fg3Pct,AtRimFG3AFrequency,Pace,AtRimFrequency,SecondsPerPossOff,SecondsPerPossDef,Minutes,DefAtRimReboundPct,DefFGReboundPct,AtRimAccuracy,player_on,OffFGReboundPct,nba_id
0,1999,98.6,96.9,,,,,,,,,,,,,,,,,,,,,,,,,738.0,,,,True,0.256,84
1,1999,98.7,92.6,,,,,,,,,,,,,,,,,,,,,,,,,217.0,,,,False,0.266,84
2,2000,101.5,100.3,,,,,,,,,,,,,,,,,,,,,,,,,696.0,,,,True,0.214,84
3,2000,79.5,87.0,,,,,,,,,,,,,,,,,,,,,,,,,73.0,,,,False,0.108,84
4,2001,104.11311053984576,108.2051282051282,61.0,92.0,28.0,61.0,103.0,389.0,390.0,57.0,26.0,21.0,16.0,52.0,422.0,405.0,42.0,267.0,31.0,0.5534246575342465,0.3461538461538461,0.45141065830721,88.14710042432814,0.2884012539184953,16.511568123393317,16.161538461538463,212.0,0.5348837209302325,0.6512820512820513,0.6630434782608695,True,0.2236024844720497,84
5,2001,75.47169811320755,78.0,4.0,12.0,1.0,12.0,14.0,53.0,50.0,4.0,5.0,4.0,1.0,7.0,39.0,40.0,2.0,31.0,10.0,0.4444444444444444,0.2857142857142857,0.5,88.60215053763442,0.3157894736842105,14.90566037735849,17.68,28.0,0.5,0.6785714285714286,0.3333333333333333,False,0.2,84
6,2004,104.30555555555556,103.41463414634148,167.0,277.0,84.0,233.0,391.0,1440.0,1435.0,237.0,104.0,63.0,77.0,248.0,1484.0,1502.0,239.0,992.0,117.0,0.5265768958185684,0.3870967741935484,0.4233870967741935,89.5231916963996,0.2233870967741935,16.163888888888888,16.006271777003484,771.0,0.5949367088607594,0.6870653685674548,0.6028880866425993,True,0.2831594634873323,84
7,2004,84.06593406593407,92.47311827956987,13.0,28.0,5.0,37.0,28.0,182.0,186.0,25.0,15.0,9.0,8.0,26.0,172.0,153.0,13.0,121.0,18.0,0.4779874213836478,0.3846153846153846,0.3673469387755102,89.89312977099236,0.1904761904761904,16.247252747252748,15.795698924731182,98.0,0.5882352941176471,0.7282608695652174,0.4642857142857143,False,0.2048192771084337,84
