index,year,ortg,drtg,AtRimFGM,AtRimFGA,AtRimAssists,Turnovers,FTA,OffPoss,DefPoss,TwoPtAssists,Steals,BadPassSteals,ThreePtAssists,FG3A,OpponentPoints,Points,SecondChancePoints,FG2A,LiveBallTurnovers,TsPct,Fg3Pct,AtRimFG3AFrequency,Pace,AtRimFrequency,SecondsPerPossOff,SecondsPerPossDef,Minutes,DefAtRimReboundPct,DefFGReboundPct,AtRimAccuracy,player_on,OffFGReboundPct,nba_id
0,1997,100.2,101.1,,,,,,,,,,,,,,,,,,,,,,,,,356.0,,,,True,0.252,891
1,1997,100.4,112.7,,,,,,,,,,,,,,,,,,,,,,,,,121.0,,,,False,0.299,891
2,1998,105.0,99.5,,,,,,,,,,,,,,,,,,,,,,,,,337.0,,,,True,0.2339999999999999,891
3,1998,96.9,103.0,,,,,,,,,,,,,,,,,,,,,,,,,145.0,,,,False,0.218,891
4,2000,97.1,95.1,,,,,,,,,,,,,,,,,,,,,,,,,110.0,,,,True,0.213,891
5,2000,108.6,91.7,,,,,,,,,,,,,,,,,,,,,,,,,33.0,,,,False,0.1669999999999999,891
6,2001,104.8951048951049,103.35664335664336,110.0,167.0,56.0,115.0,187.0,715.0,715.0,128.0,64.0,47.0,26.0,89.0,739.0,750.0,105.0,533.0,63.0,0.5289957567185289,0.348314606741573,0.4115755627009646,87.24684348784001,0.2684887459807074,16.206993006993006,16.8027972027972,393.0,0.5142857142857142,0.6842105263157895,0.6586826347305389,True,0.2996941896024465,891
7,2001,103.2934131736527,110.8761329305136,41.0,79.0,22.0,51.0,112.0,334.0,331.0,50.0,25.0,15.0,14.0,48.0,367.0,345.0,52.0,232.0,31.0,0.516566265060241,0.375,0.4535714285714285,87.38820952728601,0.2821428571428571,16.691616766467067,16.26283987915408,183.0,0.6875,0.6645962732919255,0.5189873417721519,False,0.3161290322580645,891
