index,year,ortg,drtg,AtRimFGM,AtRimFGA,AtRimAssists,Turnovers,FTA,OffPoss,DefPoss,TwoPtAssists,Steals,BadPassSteals,ThreePtAssists,FG3A,OpponentPoints,Points,SecondChancePoints,FG2A,LiveBallTurnovers,TsPct,Fg3Pct,AtRimFG3AFrequency,Pace,AtRimFrequency,SecondsPerPossOff,SecondsPerPossDef,Minutes,DefAtRimReboundPct,DefFGReboundPct,AtRimAccuracy,player_on,OffFGReboundPct,nba_id
0,1997,96.9,114.3,,,,,,,,,,,,,,,,,,,,,,,,,151.0,,,,True,0.2,901
1,1997,113.0,93.5,,,,,,,,,,,,,,,,,,,,,,,,,88.0,,,,False,0.237,901
2,2000,94.5,91.5,,,,,,,,,,,,,,,,,,,,,,,,,135.0,,,,True,0.222,901
3,2000,98.7,94.7,,,,,,,,,,,,,,,,,,,,,,,,,347.0,,,,False,0.2689999999999999,901
4,2001,83.65384615384616,102.8846153846154,14.0,29.0,4.0,13.0,38.0,104.0,104.0,13.0,9.0,6.0,1.0,7.0,107.0,87.0,23.0,88.0,6.0,0.3849557522123893,0.1428571428571428,0.3789473684210526,86.6917510853835,0.3052631578947368,18.48076923076923,14.740384615384617,58.0,0.6,0.6428571428571429,0.4827586206896552,True,0.34375,901
5,2001,110.26615969581748,99.8730964467005,128.0,231.0,64.0,108.0,276.0,789.0,788.0,148.0,77.0,41.0,35.0,113.0,787.0,870.0,131.0,573.0,51.0,0.5332512315270936,0.3805309734513274,0.5014577259475219,89.59873742355494,0.336734693877551,16.423320659062103,15.71954314720812,422.0,0.7123287671232876,0.7173333333333334,0.5541125541125541,False,0.3288409703504043,901
