index,year,ortg,drtg,AtRimFGM,AtRimFGA,AtRimAssists,Turnovers,FTA,OffPoss,DefPoss,TwoPtAssists,Steals,BadPassSteals,ThreePtAssists,FG3A,OpponentPoints,Points,SecondChancePoints,FG2A,LiveBallTurnovers,TsPct,Fg3Pct,AtRimFG3AFrequency,Pace,AtRimFrequency,SecondsPerPossOff,SecondsPerPossDef,Minutes,DefAtRimReboundPct,DefFGReboundPct,AtRimAccuracy,player_on,OffFGReboundPct,nba_id
0,2003,77.77777777777777,84.21052631578948,1.0,5.0,1.0,6.0,3.0,18.0,19.0,3.0,,,1.0,6.0,16.0,14.0,,10.0,2.0,0.4117647058823529,0.3333333333333333,0.6875,94.13427561837456,0.3125,18.5,12.263157894736842,9.0,1.0,0.8888888888888888,0.2,True,0.4545454545454545,902
1,2003,102.08105147864184,102.4070021881838,137.0,241.0,69.0,142.0,237.0,913.0,914.0,132.0,86.0,54.0,71.0,237.0,936.0,932.0,106.0,538.0,77.0,0.5245153933865451,0.3544303797468354,0.6167741935483871,90.3027390677559,0.3109677419354839,15.928806133625413,15.963894967177245,486.0,0.6095238095238096,0.6741071428571429,0.5684647302904564,False,0.2275862068965517,902
