index,year,ortg,drtg,AtRimFGM,AtRimFGA,AtRimAssists,Turnovers,FTA,OffPoss,DefPoss,TwoPtAssists,Steals,BadPassSteals,ThreePtAssists,FG3A,OpponentPoints,Points,SecondChancePoints,FG2A,LiveBallTurnovers,TsPct,Fg3Pct,AtRimFG3AFrequency,Pace,AtRimFrequency,SecondsPerPossOff,SecondsPerPossDef,Minutes,DefAtRimReboundPct,DefFGReboundPct,AtRimAccuracy,player_on,OffFGReboundPct,nba_id
0,1997,95.2,88.2,,,,,,,,,,,,,,,,,,,,,,,,,8.0,,,,True,0.0,916
1,1997,104.8,110.6,,,,,,,,,,,,,,,,,,,,,,,,,429.0,,,,False,0.31,916
2,1998,111.1,111.1,,,,,,,,,,,,,,,,,,,,,,,,,206.0,,,,True,0.248,916
3,1998,107.6,115.5,,,,,,,,,,,,,,,,,,,,,,,,,413.0,,,,False,0.342,916
4,2000,95.8,102.0,,,,,,,,,,,,,,,,,,,,,,,,,161.0,,,,True,0.321,916
5,2000,101.8,91.5,,,,,,,,,,,,,,,,,,,,,,,,,269.0,,,,False,0.305,916
6,2002,125.0,103.08641975308642,29.0,47.0,14.0,23.0,33.0,160.0,162.0,24.0,20.0,10.0,20.0,48.0,167.0,200.0,23.0,93.0,14.0,0.6346153846153846,0.5208333333333334,0.6737588652482269,87.50330250990753,0.3333333333333333,16.2125,16.69753086419753,88.0,0.7857142857142857,0.6578947368421053,0.6170212765957447,True,0.2941176470588235,916
7,2002,102.48226950354608,99.6415770609319,45.0,78.0,17.0,45.0,53.0,282.0,279.0,37.0,23.0,12.0,27.0,77.0,278.0,289.0,48.0,168.0,31.0,0.5374531835205992,0.4285714285714285,0.6326530612244898,88.76387210196681,0.3183673469387755,16.180851063829788,16.265232974910393,152.0,0.5882352941176471,0.6811594202898551,0.5769230769230769,False,0.2246376811594203,916
