index,year,ortg,drtg,AtRimFGM,AtRimFGA,AtRimAssists,Turnovers,FTA,OffPoss,DefPoss,TwoPtAssists,Steals,BadPassSteals,ThreePtAssists,FG3A,OpponentPoints,Points,SecondChancePoints,FG2A,LiveBallTurnovers,TsPct,Fg3Pct,AtRimFG3AFrequency,Pace,AtRimFrequency,SecondsPerPossOff,SecondsPerPossDef,Minutes,DefAtRimReboundPct,DefFGReboundPct,AtRimAccuracy,player_on,OffFGReboundPct,nba_id
0,2000,102.4,105.7,,,,,,,,,,,,,,,,,,,,,,,,,429.0,,,,True,0.313,920
1,2000,112.6,107.2,,,,,,,,,,,,,,,,,,,,,,,,,676.0,,,,False,0.301,920
2,2001,87.17948717948718,107.6923076923077,3.0,10.0,,6.0,7.0,39.0,39.0,6.0,2.0,2.0,1.0,5.0,42.0,34.0,5.0,31.0,5.0,0.425,0.6,0.4166666666666667,88.16326530612244,0.2777777777777778,14.846153846153848,17.82051282051282,21.0,,0.4666666666666667,0.3,True,0.3181818181818182,920
3,2001,87.3913043478261,111.58798283261802,13.0,34.0,5.0,50.0,51.0,230.0,233.0,34.0,13.0,7.0,9.0,45.0,260.0,201.0,22.0,136.0,32.0,0.4902439024390244,0.2888888888888888,0.43646408839779,90.51316861254412,0.1878453038674033,15.960869565217392,15.858369098712446,123.0,0.4347826086956521,0.7019230769230769,0.3823529411764705,False,0.2115384615384615,920
4,2001,87.3913043478261,111.58798283261802,13.0,34.0,5.0,50.0,51.0,230.0,233.0,34.0,13.0,7.0,9.0,45.0,260.0,201.0,22.0,136.0,32.0,0.4902439024390244,0.2888888888888888,0.43646408839779,90.51316861254412,0.1878453038674033,15.960869565217392,15.858369098712446,123.0,0.4347826086956521,0.7019230769230769,0.3823529411764705,False,0.2115384615384615,920
