index,year,ortg,drtg,AtRimFGM,AtRimFGA,AtRimAssists,Turnovers,FTA,OffPoss,DefPoss,TwoPtAssists,Steals,BadPassSteals,ThreePtAssists,FG3A,OpponentPoints,Points,SecondChancePoints,FG2A,LiveBallTurnovers,TsPct,Fg3Pct,AtRimFG3AFrequency,Pace,AtRimFrequency,SecondsPerPossOff,SecondsPerPossDef,Minutes,DefAtRimReboundPct,DefFGReboundPct,AtRimAccuracy,player_on,OffFGReboundPct,nba_id
0,2006,114.76793248945148,117.42738589211618,38.0,62.0,10.0,38.0,89.0,237.0,241.0,25.0,18.0,9.0,12.0,40.0,283.0,272.0,39.0,155.0,16.0,0.5738396624472574,0.375,0.5230769230769231,88.87282117495158,0.3179487179487179,15.60759493670886,16.78838174273859,129.0,0.6470588235294118,0.8,0.6129032258064516,True,0.3939393939393939,949
1,2006,102.63157894736842,117.37704918032787,55.0,88.0,24.0,40.0,84.0,304.0,305.0,44.0,27.0,17.0,11.0,54.0,358.0,312.0,46.0,220.0,20.0,0.5,0.2962962962962963,0.5182481751824818,89.16725978647688,0.3211678832116788,16.38157894736842,15.918032786885243,164.0,0.44,0.6833333333333333,0.625,False,0.267515923566879,949
