index,year,ortg,drtg,AtRimFGM,AtRimFGA,AtRimAssists,Turnovers,FTA,OffPoss,DefPoss,TwoPtAssists,Steals,BadPassSteals,ThreePtAssists,FG3A,OpponentPoints,Points,SecondChancePoints,FG2A,LiveBallTurnovers,TsPct,Fg3Pct,AtRimFG3AFrequency,Pace,AtRimFrequency,SecondsPerPossOff,SecondsPerPossDef,Minutes,DefAtRimReboundPct,DefFGReboundPct,AtRimAccuracy,player_on,OffFGReboundPct,nba_id
0,1998,85.6,100.0,,,,,,,,,,,,,,,,,,,,,,,,,70.0,,,,True,0.294,958
1,1998,102.8,111.9,,,,,,,,,,,,,,,,,,,,,,,,,120.0,,,,False,0.309,958
2,2005,100.0,108.82352941176472,10.0,17.0,1.0,10.0,23.0,66.0,68.0,3.0,2.0,1.0,2.0,10.0,74.0,66.0,9.0,44.0,2.0,0.515625,0.3,0.5,89.9161230195713,0.3148148148148148,15.348484848484848,16.66176470588235,36.0,0.7142857142857143,0.5833333333333334,0.5882352941176471,True,0.2333333333333333,958
3,2005,112.36203090507726,112.82894736842104,165.0,267.0,76.0,142.0,291.0,906.0,912.0,139.0,70.0,46.0,34.0,163.0,1029.0,1018.0,127.0,635.0,58.0,0.5445757250268528,0.3067484662576687,0.5388471177944862,88.64088846752895,0.3345864661654135,16.78476821192053,15.709429824561404,492.0,0.4444444444444444,0.6619047619047619,0.6179775280898876,False,0.3579952267303102,958
4,2006,60.0,123.8095238095238,1.0,4.0,1.0,1.0,2.0,20.0,21.0,3.0,1.0,,,,26.0,12.0,,18.0,1.0,0.3157894736842105,,0.2222222222222222,104.12698412698414,0.2222222222222222,13.6,14.047619047619047,9.0,0.3333333333333333,0.2222222222222222,0.25,True,0.0769230769230769,958
5,2006,109.78886756238003,117.14285714285714,92.0,146.0,33.0,77.0,171.0,521.0,525.0,66.0,44.0,26.0,23.0,94.0,615.0,572.0,85.0,357.0,35.0,0.539622641509434,0.3297872340425531,0.532150776053215,88.53464997354963,0.3237250554323725,16.136276391554702,16.392380952380954,284.0,0.5384615384615384,0.7572815533980582,0.6301369863013698,False,0.3292181069958848,958
