index,year,ortg,drtg,AtRimFGM,AtRimFGA,AtRimAssists,Turnovers,FTA,OffPoss,DefPoss,TwoPtAssists,Steals,BadPassSteals,ThreePtAssists,FG3A,OpponentPoints,Points,SecondChancePoints,FG2A,LiveBallTurnovers,TsPct,Fg3Pct,AtRimFG3AFrequency,Pace,AtRimFrequency,SecondsPerPossOff,SecondsPerPossDef,Minutes,DefAtRimReboundPct,DefFGReboundPct,AtRimAccuracy,player_on,OffFGReboundPct,nba_id
0,1998,100.0,85.6,,,,,,,,,,,,,,,,,,,,,,,,,70.0,,,,True,0.345,958
1,1998,111.9,102.8,,,,,,,,,,,,,,,,,,,,,,,,,120.0,,,,False,0.1889999999999999,958
2,2005,108.82352941176472,100.0,15.0,22.0,5.0,11.0,22.0,68.0,66.0,9.0,2.0,2.0,2.0,16.0,66.0,74.0,13.0,49.0,2.0,0.4932432432432432,0.125,0.5846153846153846,89.9161230195713,0.3384615384615385,16.66176470588235,15.348484848484848,36.0,0.7142857142857143,0.7666666666666667,0.6818181818181818,True,0.4166666666666667,958
3,2005,112.82894736842104,112.36203090507726,153.0,235.0,74.0,134.0,303.0,912.0,906.0,144.0,58.0,38.0,54.0,183.0,1018.0,1029.0,176.0,619.0,70.0,0.5426894343649946,0.3333333333333333,0.5211970074812967,88.64088846752895,0.2930174563591022,15.709429824561404,16.78476821192053,492.0,0.6039603960396039,0.6420047732696897,0.6510638297872341,False,0.3380952380952381,958
4,2006,123.8095238095238,60.0,4.0,7.0,4.0,3.0,13.0,21.0,20.0,4.0,1.0,1.0,2.0,3.0,12.0,26.0,5.0,13.0,1.0,0.5909090909090909,0.6666666666666666,0.625,104.12698412698414,0.4375,14.047619047619047,13.6,9.0,1.0,0.9230769230769232,0.5714285714285714,True,0.7777777777777778,958
5,2006,117.14285714285714,109.78886756238003,87.0,126.0,46.0,77.0,156.0,525.0,521.0,85.0,35.0,27.0,41.0,108.0,572.0,615.0,68.0,325.0,44.0,0.6107784431137725,0.4259259259259259,0.5404157043879908,88.53464997354963,0.2909930715935335,16.392380952380954,16.136276391554702,284.0,0.6111111111111112,0.6707818930041153,0.6904761904761905,False,0.2427184466019417,958
