index,year,ortg,drtg,AtRimFGM,AtRimFGA,AtRimAssists,Turnovers,FTA,OffPoss,DefPoss,TwoPtAssists,Steals,BadPassSteals,ThreePtAssists,FG3A,OpponentPoints,Points,SecondChancePoints,FG2A,LiveBallTurnovers,TsPct,Fg3Pct,AtRimFG3AFrequency,Pace,AtRimFrequency,SecondsPerPossOff,SecondsPerPossDef,Minutes,DefAtRimReboundPct,DefFGReboundPct,AtRimAccuracy,player_on,OffFGReboundPct,nba_id
0,1997,114.3,107.1,,,,,,,,,,,,,,,,,,,,,,,,,455.0,,,,True,0.3339999999999999,96
1,1997,103.6,96.8,,,,,,,,,,,,,,,,,,,,,,,,,128.0,,,,False,0.288,96
2,1998,110.8,113.9,,,,,,,,,,,,,,,,,,,,,,,,,371.0,,,,True,0.33,96
3,1998,108.3,110.8,,,,,,,,,,,,,,,,,,,,,,,,,106.0,,,,False,0.296,96
4,2000,103.2,99.4,,,,,,,,,,,,,,,,,,,,,,,,,274.0,,,,True,0.259,96
5,2000,109.4,101.0,,,,,,,,,,,,,,,,,,,,,,,,,490.0,,,,False,0.258,96
6,2001,96.7741935483871,93.84615384615384,3.0,6.0,2.0,11.0,20.0,62.0,65.0,9.0,5.0,3.0,6.0,18.0,61.0,60.0,4.0,29.0,7.0,0.5263157894736842,0.3333333333333333,0.5106382978723404,94.46280991735536,0.1276595744680851,13.387096774193548,17.015384615384615,32.0,0.5,0.6944444444444444,0.5,True,0.1851851851851851,96
7,2001,97.1830985915493,119.04761904761904,30.0,48.0,12.0,35.0,58.0,213.0,210.0,27.0,14.0,11.0,7.0,43.0,250.0,207.0,22.0,139.0,23.0,0.4903381642512077,0.2325581395348837,0.5,90.85918854415274,0.2637362637362637,15.769953051643192,15.928571428571429,112.0,0.4,0.5959595959595959,0.625,False,0.2476190476190476,96
