index,year,ortg,drtg,AtRimFGM,AtRimFGA,AtRimAssists,Turnovers,FTA,OffPoss,DefPoss,TwoPtAssists,Steals,BadPassSteals,ThreePtAssists,FG3A,OpponentPoints,Points,SecondChancePoints,FG2A,LiveBallTurnovers,TsPct,Fg3Pct,AtRimFG3AFrequency,Pace,AtRimFrequency,SecondsPerPossOff,SecondsPerPossDef,Minutes,DefAtRimReboundPct,DefFGReboundPct,AtRimAccuracy,player_on,OffFGReboundPct,nba_id
0,2003,94.21768707482993,102.08333333333331,47.0,80.0,27.0,43.0,83.0,294.0,288.0,55.0,35.0,21.0,8.0,37.0,294.0,277.0,38.0,219.0,22.0,0.4693877551020408,0.2702702702702703,0.45703125,97.4624956390278,0.3125,15.693877551020408,13.836805555555555,143.0,0.5769230769230769,0.6633663366336634,0.5875,True,0.3333333333333333,981
1,2003,104.67085495766185,101.70462293740624,1409.0,2439.0,792.0,1167.0,2170.0,7322.0,7333.0,1493.0,809.0,486.0,215.0,750.0,7458.0,7664.0,1137.0,5634.0,615.0,0.517801331702677,0.3133333333333333,0.4995300751879699,91.88847910616082,0.3820488721804511,15.59532914504234,15.74689758625392,3828.0,0.5823293172690763,0.70442904489304,0.5776957769577695,False,0.3302433371958285,981
