index,year,ortg,drtg,AtRimFGM,AtRimFGA,AtRimAssists,Turnovers,FTA,OffPoss,DefPoss,TwoPtAssists,Steals,BadPassSteals,ThreePtAssists,FG3A,OpponentPoints,Points,SecondChancePoints,FG2A,LiveBallTurnovers,TsPct,Fg3Pct,AtRimFG3AFrequency,Pace,AtRimFrequency,SecondsPerPossOff,SecondsPerPossDef,Minutes,DefAtRimReboundPct,DefFGReboundPct,AtRimAccuracy,player_on,OffFGReboundPct,nba_id
0,2003,102.08333333333331,94.21768707482993,45.0,71.0,25.0,53.0,99.0,288.0,294.0,54.0,22.0,15.0,12.0,43.0,277.0,294.0,41.0,170.0,35.0,0.5678294573643411,0.3255813953488372,0.5352112676056338,97.4624956390278,0.3333333333333333,13.836805555555555,15.693877551020408,143.0,0.4848484848484848,0.6666666666666666,0.6338028169014085,True,0.3366336633663366,981
1,2003,101.70462293740624,104.67085495766185,1103.0,1859.0,652.0,1352.0,1936.0,7333.0,7322.0,1385.0,615.0,371.0,358.0,1235.0,7664.0,7458.0,975.0,4915.0,809.0,0.5279994300370476,0.3554655870445344,0.5030894308943089,91.88847910616082,0.3022764227642276,15.74689758625392,15.59532914504234,3828.0,0.5697560975609756,0.6697566628041715,0.593329747175901,False,0.2955709551069599,981
