index,year,ortg,drtg,AtRimFGM,AtRimFGA,AtRimAssists,Turnovers,FTA,OffPoss,DefPoss,TwoPtAssists,Steals,BadPassSteals,ThreePtAssists,FG3A,OpponentPoints,Points,SecondChancePoints,FG2A,LiveBallTurnovers,TsPct,Fg3Pct,AtRimFG3AFrequency,Pace,AtRimFrequency,SecondsPerPossOff,SecondsPerPossDef,Minutes,DefAtRimReboundPct,DefFGReboundPct,AtRimAccuracy,player_on,OffFGReboundPct,nba_id
0,1998,109.5,105.1,,,,,,,,,,,,,,,,,,,,,,,,,41.0,,,,True,0.281,998
1,1998,106.9,102.7,,,,,,,,,,,,,,,,,,,,,,,,,727.0,,,,False,0.255,998
2,2001,105.55555555555556,102.17391304347828,12.0,16.0,5.0,15.0,34.0,90.0,92.0,13.0,12.0,10.0,3.0,11.0,94.0,95.0,19.0,70.0,10.0,0.4947916666666667,0.3636363636363636,0.3333333333333333,98.71186440677968,0.1975308641975308,14.3,14.869565217391305,44.0,0.8333333333333334,0.6444444444444445,0.75,True,0.4,998
3,2001,107.32189973614776,105.87846763540291,155.0,287.0,92.0,219.0,392.0,1516.0,1514.0,279.0,94.0,41.0,100.0,305.0,1603.0,1627.0,225.0,1064.0,129.0,0.5235483870967742,0.3836065573770492,0.4324324324324324,88.1721733858745,0.2096420745069393,15.5910290237467,17.07331571994716,825.0,0.5692307692307692,0.6621454993834772,0.5400696864111498,False,0.322237017310253,998
4,2001,107.32189973614776,105.87846763540291,155.0,287.0,92.0,219.0,392.0,1516.0,1514.0,279.0,94.0,41.0,100.0,305.0,1603.0,1627.0,225.0,1064.0,129.0,0.5235483870967742,0.3836065573770492,0.4324324324324324,88.1721733858745,0.2096420745069393,15.5910290237467,17.07331571994716,825.0,0.5692307692307692,0.6621454993834772,0.5400696864111498,False,0.322237017310253,998
