PLAYER_ID,PLAYER_NAME,W,GP,year,POSS,TEAM_ABBREVIATION,TEAM_ID,AGE,PLAYER_HEIGHT_INCHES,PLAYER_WEIGHT,COLLEGE,COUNTRY,DRAFT_YEAR,DRAFT_ROUND,DRAFT_NUMBER,MIN,FGM,FGA,FG3M,FG3A,FTM,FTA,OREB,DREB,REB,AST,TOV,STL,BLK,BLKA,PF,PFD,PTS,PLUS_MINUS,DD2,TD3,FGM_PG,sp_work_PACE,sp_work_DEF_RATING,DEF_RATING,sp_work_NET_RATING,E_DEF_RATING,OFF_RATING,PACE_PER40,AST_RATIO,sp_work_OFF_RATING,E_PACE,NET_RATING,E_NET_RATING,PACE,E_OFF_RATING,FGA_PG,AST_TO,NBA_FANTASY_PTS,WNBA_FANTASY_PTS,team_poss,two_pt_def_FG2A,two_pt_def_FG2M,three_pt_def_FG3M,three_pt_def_FG3A,overall_def_D_FGA,overall_def_D_FGM,less_10ft_def_FGM_LT_10,less_10ft_def_FGA_LT_10,less_6ft_def_FGM_LT_06,less_6ft_def_FGA_LT_06,more_15ft_def_FGM_GT_15,more_15ft_def_FGA_GT_15,W_PCT,FG_PCT,FG3_PCT,FT_PCT,TM_TOV_PCT,REB_PCT,AST_PCT,DREB_PCT,E_TOV_PCT,TS_PCT,EFG_PCT,E_USG_PCT,OREB_PCT,USG_PCT,overall_def_NORMAL_FG_PCT,overall_def_D_FG_PCT,overall_def_PCT_PLUSMINUS,less_6ft_def_LT_06_PCT,less_6ft_def_NS_LT_06_PCT,less_6ft_def_FREQ,less_10ft_def_FREQ,less_10ft_def_NS_LT_10_PCT,less_10ft_def_LT_10_PCT,more_15ft_def_GT_15_PCT,more_15ft_def_NS_GT_15_PCT,more_15ft_def_FREQ,two_pt_def_FG2_PCT,two_pt_def_FREQ,two_pt_def_NS_FG2_PCT,three_pt_def_FG3_PCT,three_pt_def_FREQ,three_pt_def_NS_FG3_PCT,TeamId,Name,ShortName,RowId,TeamAbbreviation,SecondsPlayed,GamesPlayed,Minutes,PlusMinus,OffPoss,DefPoss,PenaltyOffPoss,PenaltyDefPoss,SecondChanceOffPoss,TotalPoss,AtRimFGM,AtRimFGA,SecondChanceAtRimFGM,SecondChanceAtRimFGA,PenaltyAtRimFGM,PenaltyAtRimFGA,ShortMidRangeFGM,ShortMidRangeFGA,LongMidRangeFGA,FG2M,FG2A,FtPoints,Points,OpponentPoints,SecondChanceFG2M,SecondChanceFG2A,SecondChanceFtPoints,SecondChancePoints,PenaltyFG2M,PenaltyFG2A,PenaltyFtPoints,PenaltyPoints,PtsAssisted2s,PtsUnassisted2s,PtsPutbacks,Fg2aBlocked,TwoPtAssists,ThreePtAssists,Assists,Arc3Assists,Corner3Assists,AtRimAssists,ShortMidRangeAssists,LongMidRangeAssists,AssistPoints,OffThreePtRebounds,OffTwoPtRebounds,FTOffRebounds,DefThreePtRebounds,DefTwoPtRebounds,FTDefRebounds,DefRebounds,OffRebounds,Rebounds,SelfOReb,Steals,BadPassSteals,LostBallSteals,LiveBallTurnovers,BadPassOutOfBoundsTurnovers,BadPassTurnovers,DeadBallTurnovers,LostBallOutOfBoundsTurnovers,LostBallTurnovers,Travels,Turnovers,SecondChanceTurnovers,PenaltyTurnovers,ShootingFouls,Fouls,Charge Fouls,Loose Ball Fouls,Offensive Fouls,FoulsDrawn,Loose Ball Fouls Drawn,Offensive Fouls Drawn,2pt And 1 Free Throw Trips,TwoPtShootingFoulsDrawn,NonShootingFoulsDrawn,Blocked2s,BlockedAtRim,BlockedShortMidRange,Blocks,RecoveredBlocks,FirstChancePoints,PenaltyPointsExcludingTakeFouls,PenaltyOffPossExcludingTakeFouls,NonShootingPenaltyNonTakeFouls,NonShootingPenaltyNonTakeFoulsDrawn,Period2Fouls2Minutes,Period2Fouls3Minutes,Period3Fouls3Minutes,Period3Fouls4Minutes,Period4Fouls4Minutes,Period4Fouls5Minutes,PeriodOTFouls4Minutes,OnOffRtg,OnDefRtg,Assisted2sPct,NonPutbacksAssisted2sPct,Fg2Pct,SecondChanceFg2Pct,PenaltyFg2Pct,EfgPct,SecondChanceEfgPct,PenaltyEfgPct,TsPct,SecondChanceTsPct,PenaltyTsPct,FG2APctBlocked,AtRimPctBlocked,ShortMidRangePctBlocked,Usage,LiveBallTurnoverPct,DefFTReboundPct,OffFTReboundPct,DefTwoPtReboundPct,OffTwoPtReboundPct,DefThreePtReboundPct,OffThreePtReboundPct,DefFGReboundPct,OffFGReboundPct,OffAtRimReboundPct,OffShortMidRangeReboundPct,OffLongMidRangeReboundPct,OffArc3ReboundPct,OffCorner3ReboundPct,DefAtRimReboundPct,DefShortMidRangeReboundPct,DefLongMidRangeReboundPct,DefArc3ReboundPct,DefCorner3ReboundPct,SelfORebPct,BlocksRecoveredPct,AtRimFrequency,AtRimAccuracy,UnblockedAtRimAccuracy,AtRimPctAssisted,ShortMidRangeFrequency,ShortMidRangeAccuracy,UnblockedShortMidRangeAccuracy,ShortMidRangePctAssisted,LongMidRangeFrequency,SecondChanceAtRimFrequency,SecondChanceAtRimAccuracy,SecondChanceAtRimPctAssisted,PenaltyAtRimFrequency,PenaltyAtRimAccuracy,AtRimFG3AFrequency,ShotQualityAvg,SecondChanceShotQualityAvg,PenaltyShotQualityAvg,ShootingFoulsDrawnPct,TwoPtShootingFoulsDrawnPct,SecondChancePointsPct,PenaltyPointsPct,Avg2ptShotDistance,AtRimOffReboundedPct,ShortMidRangeOffReboundedPct,PenaltyOffPossPct,LongMidRangeFGM,Corner3FGA,Arc3FGM,Arc3FGA,PenaltyArc3FGA,PenaltyFG3A,PtsAssisted3s,NonHeaveArc3FGA,NonHeaveArc3FGM,StepOutOfBoundsTurnovers,Blocked3s,BlockedCorner3,Period1Fouls2Minutes,Assisted3sPct,Fg3Pct,NonHeaveFg3Pct,FG3APct,LongMidRangeAccuracy,UnblockedLongMidRangeAccuracy,LongMidRangePctAssisted,Corner3Frequency,Arc3Frequency,Arc3Accuracy,UnblockedArc3Accuracy,Arc3PctAssisted,PenaltyArc3Frequency,NonHeaveArc3Accuracy,Avg3ptShotDistance,LongMidRangeOffReboundedPct,ThreePtOffReboundedPct,Corner3FGM,PenaltyCorner3FGM,PenaltyCorner3FGA,SecondChanceArc3FGA,PenaltyArc3FGM,SecondChanceFG3A,PenaltyFG3M,PtsUnassisted3s,Fg3aBlocked,Technical Free Throw Trips,BlockedLongMidRange,PenaltyFg3Pct,FG3APctBlocked,Arc3PctBlocked,Corner3Accuracy,UnblockedCorner3Accuracy,Corner3PctAssisted,SecondChanceArc3Frequency,PenaltyCorner3Frequency,PenaltyCorner3Accuracy,PenaltyArc3Accuracy,BlockedArc3,SecondChanceCorner3FGA,LongMidRangePctBlocked,SecondChanceCorner3Frequency,SecondChanceArc3FGM,SecondChanceFG3M,Charge Fouls Drawn,SecondChanceFg3Pct,SecondChanceArc3Accuracy,SecondChanceArc3PctAssisted,SecondChanceCorner3FGM,Clear Path Fouls,ThreePtShootingFoulsDrawn,Corner3PctBlocked,SecondChanceCorner3Accuracy,SecondChanceCorner3PctAssisted,ThreePtShootingFoulsDrawnPct,3pt And 1 Free Throw Trips,PeriodOTFouls5Minutes,Period3Fouls5Minutes,Period1Fouls3Minutes,Stops,adjusted_trueshooting_pct,relative_adjusted_ts_pct
202278,Abi Olajuwon,2,16,2011,194,TUL,1611661321,23.0,76.0,236.0,Oklahoma,USA,2010,3,28,99.45833333333331,7,26,0,0,2,2,3,9,12,2,5,0,2,5,9,2,16,-19,0,0,0.4,92.42,95.8,95.8,-12.3,100.7,83.5,77.02,5.9,83.5,89.64,-12.3,-16.2,92.42,84.5,1.6,0.4,34.4,34.0,2628,,,,,,,,,,,,,0.125,0.269,0.0,1.0,14.7,0.06,0.039,0.09,14.8,0.298,0.269,0.15,0.03,0.143,,,,,,,,,,,,,,,,,,,1611661321,Abi Olajuwon,Abi Olajuwon,202278,TUL,5966.0,16,99,-19.0,184,181,34,57,25,365,2.0,10.0,,1.0,1.0,4.0,2.0,13.0,3.0,7.0,26.0,2.0,16.0,181,,3.0,2.0,2.0,1.0,5.0,2.0,4.0,12.0,2.0,,5.0,1.0,1.0,2.0,1.0,,1.0,,,5.0,3.0,,,2.0,6,1.0,9,3.0,12,0.0,,,,1.0,2.0,1.0,4.0,,,,5.0,,,4.0,9.0,,1.0,2.0,2.0,,,0.0,,1.0,2.0,,2.0,2.0,,14.0,4.0,34,,1.0,,,,,,,,88.04347826086956,100.0,0.8571428571428571,0.8571428571428571,0.2692307692307692,,0.2,0.2692307692307692,,0.2,0.2962962962962963,0.25,0.3333333333333333,0.1923076923076923,0.4,0.0769230769230769,15.311004784688995,0.2,0.2,,0.075,,0.1538461538461538,0.1,0.086021505376344,0.036144578313253,,,,0.125,,0.0625,0.0975609756097561,0.0434782608695652,0.1666666666666666,,,,0.3846153846153846,0.2,0.3333333333333333,1.0,0.5,0.1538461538461538,0.1666666666666666,0.5,0.1153846153846153,0.3333333333333333,,,0.8,0.25,0.3846153846153846,0.4075692307692308,0.42635,0.4032799999999999,,,0.125,0.25,7.538461538461538,0.2857142857142857,0.3636363636363636,0.1847826086956521,3.0,,,,,,,,,,,,,,,,,1.0,1.0,1.0,,,,,,,,,,,,,,,,,,,,,,,,,,,,,,,,,,,,,,,,,,,,,,,,,0.0,,,,0.0,0.25806451612903225,-0.214427393256081
202652,Alex Montgomery,18,30,2011,533,NYL,1611661313,23.0,73.0,,Georgia Tech,USA,2011,1,10,270.69166666666666,28,85,8,18,11,17,15,39,54,21,19,10,7,11,33,19,75,1,0,0,0.9,94.07,85.8,85.8,-0.6,83.9,85.2,78.39,15.8,85.2,94.46,-0.6,2.4,94.07,86.4,2.8,1.11,203.3,192.0,2624,,,,,,,,,,,,,0.6,0.329,0.444,0.647,14.3,0.095,0.142,0.138,14.3,0.405,0.376,0.183,0.052,0.175,,,,,,,,,,,,,,,,,,,1611661313,Alex Montgomery,Alex Montgomery,202652,NYL,16237.0,30,271,1.0,505,500,124,161,85,1005,11.0,18.0,1.0,4.0,6.0,6.0,2.0,19.0,30.0,20.0,67.0,11.0,75.0,453,2.0,10.0,4.0,11.0,8.0,14.0,5.0,30.0,24.0,16.0,4.0,10.0,17.0,4.0,21.0,3.0,1.0,8.0,4.0,5.0,46.0,3.0,11.0,1.0,3.0,31,5.0,39,15.0,54,5.0,10.0,7.0,3.0,11.0,1.0,10.0,8.0,2.0,1.0,2.0,19.0,2.0,4.0,17.0,33.0,,,3.0,19.0,1.0,1.0,1.0,7.0,2.0,6.0,4.0,1.0,7.0,1.0,64.0,30.0,124,3.0,2.0,4.0,,2.0,3.0,6.0,,,89.9009900990099,90.6,0.6,0.6666666666666666,0.2985074626865671,0.2,0.5714285714285714,0.3764705882352941,0.3181818181818182,0.6944444444444444,0.4032258064516129,0.4230769230769231,0.7142857142857143,0.1492537313432835,0.1111111111111111,0.1578947368421052,18.33060556464812,0.5789473684210527,0.3333333333333333,0.0833333333333333,0.1693989071038251,0.0516431924882629,0.0410958904109589,0.0545454545454545,0.1328125,0.0522388059701492,,0.0609756097560975,0.08,0.0238095238095238,0.1538461538461538,0.1509433962264151,0.123076923076923,0.2307692307692307,0.0416666666666666,0.04,0.1136363636363636,0.1428571428571428,0.2117647058823529,0.6111111111111112,0.6875,0.4545454545454545,0.2235294117647059,0.1052631578947368,0.125,0.5,0.3529411764705882,0.3636363636363636,0.25,,0.3333333333333333,1.0,0.4235294117647059,0.4370629411764706,0.4337999999999999,0.4480944444444444,0.0769230769230769,0.0958904109589041,0.1466666666666666,0.4,10.638805970149251,0.6666666666666666,0.7058823529411765,0.2455445544554455,7.0,12.0,2.0,6.0,1.0,4.0,24.0,6.0,2.0,,1.0,,4.0,1.0,0.4444444444444444,0.4444444444444444,0.2117647058823529,0.2333333333333333,0.28,0.8571428571428571,0.1411764705882353,0.0705882352941176,0.3333333333333333,0.4,1.0,0.0555555555555555,0.3333333333333333,22.00555555555556,0.3636363636363636,0.4,6.0,2.0,3.0,1.0,1.0,1.0,3.0,,1.0,,1.0,0.75,0.0555555555555555,0.1666666666666666,0.5,0.5,1.0,0.0909090909090909,0.1666666666666666,0.6666666666666666,1.0,1.0,,0.1666666666666666,,1.0,1.0,1.0,1.0,1.0,1.0,,,,,,,,0.0,,,,13.0,0.3865979381443299,-0.08589397124078335
202280,Alexis Gray-Lawson,16,27,2011,644,PHO,1611661317,25.0,68.0,176.0,California, ,2010,3,30,308.2216666666667,33,83,15,43,23,28,5,15,20,35,21,6,0,4,30,30,104,0,0,0,1.2,99.75,104.1,104.1,-1.1,104.5,103.0,83.12,23.0,103.0,99.01,-1.1,-0.4,99.75,104.1,3.1,1.67,177.5,186.0,2820,,,,,,,,,,,,,0.593,0.398,0.349,0.821,13.8,0.032,0.183,0.048,13.9,0.546,0.488,0.164,0.016,0.158,,,,,,,,,,,,,,,,,,,1611661317,Alexis Gray-Lawson,Alexis Gray-Lawson,202280,PHO,18492.0,27,308,,624,620,291,201,82,1244,9.0,17.0,,1.0,3.0,8.0,4.0,11.0,12.0,18.0,40.0,23.0,104.0,663,1.0,3.0,,11.0,11.0,22.0,14.0,57.0,12.0,24.0,,4.0,22.0,13.0,35.0,11.0,2.0,9.0,6.0,7.0,83.0,2.0,3.0,,4.0,9,2.0,15,5.0,20,0.0,6.0,4.0,2.0,14.0,2.0,12.0,7.0,,2.0,2.0,21.0,1.0,4.0,9.0,30.0,,1.0,2.0,30.0,,8.0,2.0,9.0,6.0,,,,,,93.0,57.0,289,4.0,7.0,4.0,,4.0,,,,,106.25,106.93548387096774,0.3333333333333333,0.3333333333333333,0.45,0.3333333333333333,0.5,0.4879518072289157,0.55,0.5119047619047619,0.5416666666666666,0.55,0.57,0.1,0.1176470588235294,0.1818181818181818,16.317991631799163,0.6666666666666666,0.1111111111111111,,0.045,0.0155440414507772,0.0481927710843373,0.0232558139534883,0.0459363957597173,0.017921146953405,0.0204081632653061,,0.0253164556962025,0.0135135135135135,0.0833333333333333,0.078125,0.0416666666666666,,0.0483870967741935,0.0476190476190476,,,0.2048192771084337,0.5294117647058824,0.6,0.4444444444444444,0.1325301204819277,0.3636363636363636,0.4444444444444444,0.25,0.144578313253012,0.1,,,0.1904761904761904,0.375,0.7228915662650602,0.48975,0.52379,0.4548439024390243,0.1,0.1914893617021276,0.1057692307692307,0.5480769230769231,8.2675,0.5,0.4285714285714285,0.4663461538461538,5.0,4.0,14.0,39.0,18.0,20.0,21.0,39.0,14.0,,,,,0.4666666666666667,0.3488372093023256,0.3488372093023256,0.5180722891566265,0.4166666666666667,0.4166666666666667,0.2,0.0481927710843373,0.4698795180722891,0.358974358974359,0.358974358974359,0.4285714285714285,0.4285714285714285,0.358974358974359,22.49302325581396,0.2857142857142857,0.2692307692307692,1.0,,2.0,6.0,7.0,7.0,7.0,24.0,,,,0.35,,,0.25,0.25,1.0,0.6,0.0476190476190476,,0.3888888888888889,,1.0,,0.1,2.0,3.0,,0.4285714285714285,0.3333333333333333,1.0,1.0,,,,1.0,1.0,,0.0,,,,14.0,0.49523809523809526,0.022746185852981993
201487,Alexis Hornbuckle,23,29,2011,427,MIN,1611661324,26.0,70.0,165.0,Tennessee,USA,2008,1,4,207.51666666666668,12,32,5,17,2,4,6,27,33,16,21,10,3,2,30,15,31,-29,0,0,0.4,98.88,95.3,95.3,-6.6,97.8,88.8,82.4,22.5,88.8,95.62,-6.6,-5.3,98.88,92.5,1.1,0.76,112.6,111.0,2626,,,,,,,,,,,,,0.793,0.375,0.294,0.5,29.6,0.082,0.122,0.138,29.7,0.459,0.453,0.119,0.029,0.111,,,,,,,,,,,,,,,,,,,1611661324,Alexis Hornbuckle,Alexis Hornbuckle,201487,MIN,12447.0,29,207,-29.0,410,406,111,155,59,816,4.0,5.0,,1.0,1.0,1.0,1.0,5.0,5.0,7.0,15.0,2.0,31.0,408,,3.0,,3.0,3.0,4.0,,6.0,,14.0,,2.0,10.0,6.0,16.0,5.0,1.0,2.0,5.0,3.0,38.0,2.0,4.0,,12.0,13,2.0,27,6.0,33,0.0,10.0,5.0,5.0,10.0,5.0,6.0,11.0,,4.0,1.0,21.0,,4.0,10.0,30.0,,5.0,4.0,15.0,1.0,4.0,0.0,1.0,1.0,3.0,2.0,1.0,3.0,1.0,28.0,6.0,110,5.0,,3.0,,5.0,,1.0,,,92.43902439024392,100.49261083743843,,,0.4666666666666667,,0.75,0.453125,0.3,0.4285714285714285,0.4558823529411764,0.3,0.4285714285714285,0.1333333333333333,,0.4,11.506276150627617,0.4761904761904761,0.1176470588235294,,0.1354166666666666,0.0294117647058823,0.1714285714285714,0.04,0.1506024096385542,0.032258064516129,,0.0153846153846153,0.081081081081081,0.0444444444444444,,0.15,0.1304347826086956,0.1320754716981132,0.1929824561403508,0.0769230769230769,,0.3333333333333333,0.15625,0.8,0.8,,0.15625,0.2,0.3333333333333333,,0.15625,0.2,,,0.1428571428571428,1.0,0.6875,0.44939375,0.4067666666666666,0.4565428571428572,0.0303030303030303,0.0625,0.0967741935483871,0.1935483870967742,9.626666666666669,,0.5,0.2707317073170732,2.0,3.0,4.0,14.0,3.0,3.0,15.0,14.0,4.0,,,,,1.0,0.2941176470588235,0.2941176470588235,0.53125,0.4,0.4,,0.09375,0.4375,0.2857142857142857,0.2857142857142857,1.0,0.4285714285714285,0.2857142857142857,22.447058823529414,0.3333333333333333,0.5,1.0,,,1.0,,2.0,,,,,,,,,0.3333333333333333,0.3333333333333333,1.0,0.2,,,,,1.0,,0.2,1.0,1.0,,0.5,1.0,1.0,,,,,,,,0.0,,,,15.0,0.3163265306122449,-0.15616537877286835
201054,Alison Bales,20,34,2011,1418,ATL,1611661330,27.0,79.0,218.0,Duke,USA,2007,1,9,686.7433333333333,70,144,6,17,24,32,35,125,160,42,16,15,53,7,56,35,170,48,1,0,2.1,98.9,93.6,93.6,3.0,92.8,96.5,82.42,19.4,96.5,99.67,3.0,3.0,98.9,95.8,4.2,2.63,613.0,514.0,2821,,,,,,,,,,,,,0.588,0.486,0.353,0.75,7.4,0.11,0.09,0.169,7.4,0.538,0.507,0.108,0.049,0.106,,,,,,,,,,,,,,,,,,,1611661330,Alison Bales,Alison Bales,201054,ATL,41205.0,34,687,48.0,1372,1374,342,332,188,2746,19.0,38.0,11.0,19.0,1.0,8.0,12.0,32.0,57.0,64.0,127.0,24.0,170.0,1321,14.0,30.0,6.0,34.0,8.0,28.0,10.0,26.0,98.0,30.0,22.0,7.0,39.0,3.0,42.0,3.0,,19.0,14.0,6.0,87.0,7.0,27.0,1.0,22.0,93,10.0,125,35.0,160,3.0,15.0,9.0,6.0,11.0,2.0,10.0,5.0,,1.0,1.0,16.0,1.0,3.0,34.0,56.0,,3.0,1.0,34.0,5.0,5.0,4.0,13.0,5.0,53.0,33.0,17.0,53.0,31.0,136.0,26.0,338,4.0,6.0,18.0,,5.0,1.0,1.0,,,99.78134110787173,96.14264919941776,0.765625,0.9245283018867924,0.5039370078740157,0.4666666666666667,0.2857142857142857,0.5069444444444444,0.4375,0.2666666666666666,0.5379746835443038,0.4857142857142857,0.3421052631578947,0.0551181102362204,0.131578947368421,0.0625,10.841121495327103,0.6875,0.2439024390243902,0.0212765957446808,0.1830708661417323,0.0493601462522851,0.1264367816091954,0.0673076923076923,0.1686217008797653,0.0522273425499231,0.0220994475138121,0.0578947368421052,0.0681818181818181,0.0481927710843373,0.1428571428571428,0.1704545454545454,0.2125,0.1686046511627907,0.104,0.1836734693877551,0.0461538461538461,0.5849056603773585,0.2638888888888889,0.5,0.5757575757575758,0.3157894736842105,0.2222222222222222,0.375,0.4,0.8333333333333334,0.3958333333333333,0.59375,0.5789473684210527,,0.2666666666666666,0.125,0.3819444444444444,0.4468711805555556,0.5102314814814815,0.4337216666666666,0.0849673202614379,0.0955882352941176,0.2,0.1529411764705882,10.516535433070866,0.6111111111111112,0.4210526315789473,0.249271137026239,33.0,,6.0,17.0,2.0,2.0,15.0,17.0,6.0,,,,1.0,0.8333333333333334,0.3529411764705882,0.3529411764705882,0.1180555555555555,0.5789473684210527,0.5789473684210527,1.0,,0.1180555555555555,0.3529411764705882,0.3529411764705882,0.8333333333333334,0.0666666666666666,0.3529411764705882,22.11764705882353,0.3333333333333333,0.3636363636363636,,,,2.0,,2.0,,3.0,,,3.0,,,,,,,0.0625,,,,,,,,,,,,,,,,,,,,,0.0,2.0,,,51.0,0.5279503105590062,0.055458401173892946
201516,Allie Quigley,4,7,2011,29,SEA,1611661328,26.0,70.0,140.0,DePaul,USA,2008,2,22,14.305,1,5,0,1,2,2,1,3,4,1,1,1,1,0,1,1,4,-6,0,0,0.1,100.66,87.1,87.1,-14.7,96.2,72.4,83.89,12.5,72.4,91.94,-14.7,-17.6,100.66,78.6,0.7,1.0,15.3,13.0,2506,,,,,,,,,,,,,0.571,0.2,0.0,1.0,12.5,0.138,0.25,0.214,12.7,0.34,0.2,0.24,0.067,0.212,,,,,,,,,,,,,,,,,,,1611661328,Allie Quigley,Allie Quigley,201516,SEA,857.0,7,14,-6.0,27,29,16,14,5,56,1.0,1.0,,,1.0,1.0,,1.0,2.0,1.0,4.0,2.0,4.0,27,,1.0,2.0,2.0,1.0,3.0,2.0,4.0,,2.0,,,1.0,,1.0,,,1.0,,,2.0,,1.0,,2.0,1,,3,1.0,4,0.0,1.0,1.0,,,1.0,0.0,1.0,,,,1.0,,1.0,1.0,1.0,,,,1.0,,,0.0,,1.0,,,,1.0,1.0,2.0,4.0,16,,1.0,,,,,,,,77.77777777777777,93.10344827586208,,,0.25,,0.3333333333333333,0.2,,0.3333333333333333,0.3333333333333333,0.5,0.5,,,,22.580645161290324,,,,0.1,0.125,0.6666666666666666,,0.2307692307692307,0.0769230769230769,,,0.25,,,,,1.0,0.6666666666666666,,,1.0,0.2,1.0,1.0,,0.2,,,,0.4,,,,0.3333333333333333,1.0,0.4,0.47098,0.3703,0.5252333333333333,,,0.5,1.0,11.5,,,0.5925925925925926,,,,1.0,,,,1.0,,,1.0,,,,,,0.2,,,,,0.2,,,,,,23.3,0.5,1.0,,,,,,,,,,,,,,,,,,,,,,1.0,,,,,,,,,,,,,,,,,0.0,,,,2.0,0.2857142857142857,-0.18677762367082756
202255,Allison Hightower,13,25,2011,478,CON,1611661323,24.0,70.0,139.0,Louisiana State,USA,2010,2,15,230.8583333333333,19,56,4,18,9,12,4,12,16,13,7,11,1,5,22,11,51,27,0,0,0.8,98.87,84.6,84.6,4.8,86.9,89.3,82.39,15.9,89.3,96.45,4.8,4.5,98.87,91.4,2.2,1.86,118.7,108.0,2727,,,,,,,,,,,,,0.52,0.339,0.222,0.75,8.5,0.032,0.097,0.05,8.6,0.416,0.375,0.132,0.016,0.126,,,,,,,,,,,,,,,,,,,1611661323,Allison Hightower,Allison Hightower,202255,CON,13851.0,25,231,27.0,456,452,119,123,60,908,6.0,12.0,1.0,3.0,1.0,1.0,5.0,16.0,10.0,15.0,38.0,9.0,51.0,400,1.0,3.0,,8.0,4.0,7.0,4.0,12.0,12.0,18.0,,4.0,8.0,5.0,13.0,2.0,3.0,3.0,2.0,3.0,31.0,1.0,3.0,,1.0,10,1.0,12,4.0,16,1.0,11.0,9.0,2.0,4.0,2.0,2.0,3.0,1.0,2.0,,7.0,1.0,2.0,13.0,22.0,,,,11.0,,3.0,0.0,4.0,2.0,1.0,1.0,,1.0,,43.0,11.0,116,4.0,,4.0,1.0,6.0,,,,,93.640350877193,88.49557522123895,0.4,0.4,0.3947368421052631,0.3333333333333333,0.5714285714285714,0.375,0.6666666666666666,0.3636363636363636,0.4112903225806452,0.6666666666666666,0.4285714285714285,0.1052631578947368,0.0833333333333333,0.125,13.269230769230768,0.5714285714285714,0.05,,0.0606060606060606,0.0170454545454545,0.0208333333333333,0.0169491525423728,0.0516431924882629,0.0170212765957446,,0.0294117647058823,0.0163934426229508,0.0263157894736842,,0.0363636363636363,0.0384615384615384,0.1034482758620689,0.032258064516129,,0.0333333333333333,,0.2142857142857142,0.5,0.5454545454545454,0.5,0.2857142857142857,0.3125,0.3571428571428571,0.4,0.1785714285714285,0.5,0.3333333333333333,,0.0909090909090909,1.0,0.5357142857142857,0.4669881818181818,0.46787,0.4322149999999999,0.0666666666666666,0.0952380952380952,0.1568627450980392,0.2352941176470588,8.68157894736842,,0.1,0.2609649122807017,4.0,8.0,3.0,10.0,3.0,4.0,12.0,9.0,3.0,,,,2.0,1.0,0.2222222222222222,0.2352941176470588,0.3214285714285714,0.4,0.4444444444444444,0.25,0.1428571428571428,0.1785714285714285,0.3,0.3,1.0,0.2727272727272727,0.3333333333333333,24.4,,0.3076923076923077,1.0,,1.0,2.0,,3.0,,,1.0,,,,0.0555555555555555,,0.125,0.1428571428571428,1.0,0.3333333333333333,0.0909090909090909,,,,1.0,0.1,0.1666666666666666,1.0,2.0,,0.6666666666666666,0.5,1.0,1.0,,,0.125,1.0,1.0,,0.0,,,,14.0,0.38636363636363635,-0.08612827302147691
202644,Amber Harris,21,27,2011,568,MIN,1611661324,24.0,77.0,215.0,Xavier (Ohio), ,2011,1,4,278.59833333333336,33,83,0,0,23,31,24,36,60,11,13,3,11,5,33,28,89,8,0,0,1.2,98.21,92.7,92.7,2.1,92.6,94.7,81.84,9.1,94.7,96.91,2.1,4.7,98.21,97.3,3.1,0.85,206.5,188.0,2626,,,,,,,,,,,,,0.778,0.398,0.0,0.742,10.7,0.105,0.064,0.124,10.8,0.46,0.398,0.179,0.085,0.17,,,,,,,,,,,,,,,,,,,1611661324,Amber Harris,Amber Harris,202644,MIN,16713.0,27,279,8.0,548,552,127,172,69,1100,16.0,27.0,6.0,11.0,1.0,1.0,11.0,40.0,16.0,33.0,83.0,23.0,89.0,530,9.0,20.0,4.0,22.0,6.0,16.0,7.0,19.0,42.0,24.0,8.0,5.0,8.0,3.0,11.0,3.0,,2.0,2.0,4.0,25.0,9.0,11.0,4.0,9.0,19,8.0,36,24.0,60,2.0,3.0,2.0,1.0,8.0,,3.0,5.0,1.0,5.0,3.0,13.0,1.0,2.0,21.0,33.0,,3.0,1.0,28.0,2.0,2.0,3.0,14.0,3.0,10.0,5.0,5.0,11.0,4.0,67.0,19.0,127,2.0,5.0,2.0,,5.0,,4.0,1.0,,98.17518248175182,96.0144927536232,0.6363636363636364,0.7241379310344828,0.3975903614457831,0.45,0.375,0.3975903614457831,0.45,0.375,0.4587628865979381,0.4782608695652174,0.475,0.0602409638554216,0.1111111111111111,0.05,17.515923566878982,0.6153846153846154,0.3636363636363636,0.2,0.1117647058823529,0.055,0.1071428571428571,0.1578947368421052,0.1102362204724409,0.0778210116731517,0.0851063829787234,0.0631578947368421,0.0172413793103448,0.1956521739130435,,0.0930232558139534,0.1129032258064516,0.123076923076923,0.0895522388059701,0.1764705882352941,0.0444444444444444,0.3636363636363636,0.3253012048192771,0.5925925925925926,0.6666666666666666,0.625,0.4819277108433735,0.275,0.2894736842105263,0.5454545454545454,0.1927710843373494,0.55,0.5454545454545454,0.3333333333333333,0.0625,1.0,0.3253012048192771,0.4261530120481928,0.4943384615384615,0.38028125,0.1489361702127659,0.1489361702127659,0.247191011235955,0.2134831460674157,7.33012048192771,0.1818181818181818,0.2758620689655172,0.2317518248175182,6.0,,,,,,,,,,1.0,,,,,,,0.375,0.375,0.8333333333333334,,,,,,,,,0.1,,,,,,,,,,,,,,,,,,,,,,,1.0,,,,,,,,,,,,,,,,,0.0,,,,9.0,0.4238095238095238,-0.04868238557558946
201483,Amber Holt,2,26,2011,1274,TUL,1611661321,27.0,72.0,170.0,Middle Tennessee State,USA,2008,1,9,665.6216666666667,61,202,15,70,38,42,28,52,80,62,34,18,3,10,57,56,175,-200,0,0,2.3,91.98,103.9,103.9,-15.5,104.3,88.5,76.65,19.5,88.5,92.71,-15.5,-17.5,91.98,86.8,7.8,1.82,393.0,374.0,2628,,,,,,,,,,,,,0.077,0.302,0.214,0.905,10.7,0.062,0.175,0.087,10.7,0.397,0.339,0.176,0.041,0.174,,,,,,,,,,,,,,,,,,,1611661321,Amber Holt,Amber Holt,201483,TUL,39935.0,26,666,-200.0,1244,1237,209,231,159,2481,25.0,55.0,5.0,10.0,4.0,10.0,17.0,45.0,32.0,46.0,132.0,38.0,175.0,1327,6.0,17.0,8.0,20.0,6.0,23.0,8.0,29.0,44.0,48.0,8.0,10.0,47.0,15.0,62.0,10.0,5.0,23.0,16.0,8.0,139.0,10.0,18.0,,16.0,35,1.0,52,28.0,80,10.0,18.0,13.0,5.0,23.0,4.0,19.0,11.0,1.0,4.0,2.0,34.0,3.0,5.0,30.0,57.0,,3.0,1.0,56.0,1.0,14.0,2.0,20.0,2.0,3.0,,3.0,3.0,2.0,155.0,29.0,209,7.0,2.0,12.0,2.0,15.0,5.0,12.0,3.0,,90.59485530546624,107.27566693613582,0.4782608695652174,0.5238095238095238,0.3484848484848485,0.3529411764705882,0.2608695652173913,0.3391089108910891,0.2727272727272727,0.2837837837837837,0.3941441441441441,0.4,0.3452380952380952,0.0757575757575757,0.109090909090909,0.0666666666666666,17.864619678995115,0.6764705882352942,0.0256410256410256,,0.0817757009345794,0.0423529411764705,0.1322314049586777,0.0483091787439613,0.0928961748633879,0.0443037974683544,0.0606060606060606,0.0295566502463054,0.0444444444444444,0.0592105263157894,0.0181818181818181,0.036697247706422,0.0808080808080808,0.1239669421487603,0.1263157894736842,0.1538461538461538,0.0787401574803149,0.6666666666666666,0.2722772277227723,0.4545454545454545,0.5102040816326531,0.36,0.2227722772277227,0.3777777777777777,0.4047619047619047,0.6470588235294118,0.1584158415841584,0.4545454545454545,0.5,,0.2702702702702703,0.4,0.6188118811881188,0.4749839999999999,0.5157263157894737,0.4533957142857143,0.0909090909090909,0.1333333333333333,0.1142857142857142,0.1657142857142857,8.132575757575758,0.4,0.2857142857142857,0.1680064308681672,4.0,30.0,6.0,40.0,7.0,14.0,45.0,40.0,6.0,3.0,,,1.0,1.0,0.2142857142857142,0.2142857142857142,0.3465346534653465,0.125,0.1290322580645161,0.5,0.1485148514851485,0.198019801980198,0.15,0.15,1.0,0.1891891891891892,0.15,22.552857142857142,0.3076923076923077,0.2641509433962264,9.0,2.0,7.0,4.0,1.0,5.0,3.0,,,,,0.2142857142857142,,,0.3,0.3,1.0,0.1818181818181818,0.1891891891891892,0.2857142857142857,0.1428571428571428,,1.0,0.03125,0.0454545454545454,,,3.0,,,,,,,,,,,0.0,,,,37.0,0.3854625550660793,-0.08702935431903397
202315,Andrea Riley,3,33,2011,1214,TUL,1611661321,23.0,65.0,136.0,Oklahoma State,USA,2010,1,8,625.6983333333334,64,204,24,112,47,55,5,33,38,58,67,32,3,15,77,42,199,-232,0,0,1.9,93.36,104.9,104.9,-18.6,105.0,86.3,77.8,16.4,86.3,93.8,-18.6,-19.6,93.36,85.4,6.2,0.87,369.6,389.0,2628,,,,,,,,,,,,,0.091,0.314,0.214,0.855,18.9,0.033,0.184,0.062,19.0,0.436,0.373,0.218,0.008,0.213,,,,,,,,,,,,,,,,,,,1611661321,Andrea Riley,Andrea Riley,202315,TUL,37543.0,33,626,-232.0,1177,1187,224,328,147,2364,24.0,42.0,,2.0,4.0,7.0,3.0,19.0,31.0,40.0,92.0,47.0,199.0,1280,1.0,7.0,4.0,9.0,8.0,20.0,12.0,43.0,10.0,70.0,,13.0,45.0,13.0,58.0,6.0,7.0,30.0,8.0,7.0,129.0,1.0,4.0,,10.0,22,1.0,33,5.0,38,2.0,32.0,25.0,7.0,48.0,14.0,39.0,19.0,,9.0,1.0,67.0,2.0,9.0,31.0,77.0,1.0,2.0,,42.0,,1.0,3.0,20.0,6.0,3.0,1.0,2.0,3.0,1.0,190.0,43.0,224,11.0,5.0,37.0,,12.0,1.0,13.0,9.0,,89.03993203058624,107.83487784330244,0.125,0.125,0.4347826086956521,0.1428571428571428,0.4,0.3725490196078431,0.119047619047619,0.3229166666666667,0.4344978165938865,0.1956521739130435,0.3839285714285714,0.1413043478260869,0.0714285714285714,0.4210526315789473,21.974758723088343,0.7164179104477612,0.03125,,0.0602739726027397,0.0106666666666666,0.0806451612903225,0.0053191489361702,0.065439672801636,0.0088809946714031,0.0086206896551724,,0.0326086956521739,0.0068493150684931,,0.0555555555555555,0.0584415584415584,0.0679611650485436,0.0842105263157894,0.0689655172413793,0.0169491525423728,0.3333333333333333,0.2058823529411764,0.5714285714285714,0.6153846153846154,0.125,0.0931372549019607,0.1578947368421052,0.2727272727272727,,0.1519607843137254,0.0952380952380952,,,0.1458333333333333,0.5714285714285714,0.7549019607843137,0.4702836683417085,0.4712925,0.43933,0.0986547085201793,0.1834862385321101,0.0452261306532663,0.2160804020100502,8.720652173913043,0.5555555555555556,0.3333333333333333,0.1903143585386576,13.0,9.0,24.0,103.0,24.0,28.0,30.0,99.0,24.0,3.0,,,5.0,0.4166666666666667,0.2142857142857142,0.2222222222222222,0.5490196078431373,0.4193548387096774,0.4482758620689655,0.1538461538461538,0.0441176470588235,0.5049019607843137,0.233009708737864,0.2376237623762376,0.4166666666666667,0.5,0.2424242424242424,24.260714285714283,0.3333333333333333,0.2195121951219512,,,4.0,11.0,5.0,14.0,5.0,42.0,2.0,,,0.1785714285714285,0.0178571428571428,0.0194174757281553,,,,0.5238095238095238,0.0833333333333333,,0.2083333333333333,,3.0,0.064516129032258,0.1428571428571428,1.0,1.0,,0.0714285714285714,0.0909090909090909,,,1.0,2.0,,,,0.0175438596491228,0.0,,,,34.0,0.388671875,-0.08382003438511326
201881,Angel McCoughtry,20,33,2011,1933,ATL,1611661330,25.0,73.0,160.0,Louisville,USA,2009,1,1,921.0716666666668,235,554,19,72,223,287,53,120,173,84,104,72,32,44,99,213,712,104,2,0,7.1,101.02,95.5,95.5,5.9,94.2,101.4,84.18,9.7,101.4,102.92,5.9,4.8,101.02,99.0,16.8,0.81,1253.6,1196.0,2821,,,,,,,,,,,,,0.606,0.424,0.264,0.777,12.0,0.09,0.161,0.124,12.0,0.523,0.441,0.353,0.055,0.348,,,,,,,,,,,,,,,,,,,1611661330,Angel McCoughtry,Angel McCoughtry,201881,ATL,55269.0,33,921,104.0,1904,1903,466,381,271,3807,122.0,207.0,21.0,38.0,19.0,33.0,40.0,125.0,150.0,216.0,482.0,223.0,712.0,1856,34.0,64.0,39.0,110.0,52.0,106.0,83.0,211.0,202.0,230.0,28.0,44.0,78.0,6.0,84.0,5.0,1.0,45.0,14.0,19.0,174.0,8.0,43.0,2.0,30.0,86,4.0,120,53.0,173,13.0,72.0,41.0,31.0,56.0,9.0,28.0,48.0,7.0,28.0,9.0,104.0,11.0,23.0,38.0,99.0,8.0,11.0,11.0,213.0,6.0,9.0,25.0,118.0,34.0,29.0,13.0,10.0,32.0,20.0,602.0,211.0,462,7.0,23.0,43.0,,47.0,3.0,45.0,17.0,,102.94117647058825,97.5302154492906,0.4675925925925926,0.5,0.4481327800829875,0.53125,0.490566037735849,0.4413357400722021,0.5144927536231884,0.5079365079365079,0.5197657393850659,0.5729166666666666,0.6063218390804598,0.0912863070539419,0.1207729468599033,0.136,35.36310329273793,0.5384615384615384,0.0754716981132075,0.0240963855421686,0.1268436578171091,0.0576407506702412,0.1388888888888889,0.0754716981132075,0.1297539149888143,0.0598591549295774,0.073076923076923,0.0581395348837209,0.0394736842105263,0.0930232558139534,,0.1011673151750972,0.1441441441441441,0.1407035175879397,0.14,0.1363636363636363,0.0483271375464684,0.625,0.3736462093862815,0.5893719806763285,0.6703296703296703,0.4180327868852459,0.2256317689530685,0.32,0.3703703703703703,0.375,0.2707581227436823,0.5507246376811594,0.5526315789473685,0.1428571428571428,0.2619047619047619,0.5757575757575758,0.5036101083032491,0.4794173913043478,0.4959901639344262,0.446591129032258,0.184899845916795,0.2052173913043478,0.1544943820224719,0.2963483146067415,8.3948132780083,0.3176470588235294,0.3493975903614458,0.2447478991596638,54.0,13.0,15.0,59.0,18.0,20.0,51.0,58.0,15.0,,3.0,2.0,2.0,0.8947368421052632,0.2638888888888889,0.2676056338028169,0.1299638989169675,0.36,0.3648648648648648,0.6481481481481481,0.0234657039711191,0.1064981949458483,0.2542372881355932,0.2542372881355932,0.8666666666666667,0.1428571428571428,0.2586206896551724,22.9125,0.2421052631578947,0.18,4.0,2.0,2.0,5.0,6.0,5.0,8.0,6.0,,3.0,6.0,0.4,,,0.3076923076923077,0.3076923076923077,1.0,0.072463768115942,0.0158730158730158,1.0,0.3333333333333333,1.0,,0.0133333333333333,,1.0,1.0,2.0,0.2,0.2,1.0,,,2.0,,,,0.027027027027027,0.0,,,,103.0,0.47593582887700536,0.0034439194918921
202637,Angie Bjorklund,5,7,2011,97,CHI,1611661329,22.0,72.0,,Tennessee,USA,2011,2,17,43.47666666666667,2,11,1,5,3,3,0,2,2,2,2,1,0,0,8,2,8,0,0,0,0.3,106.54,88.5,88.5,-0.9,89.7,87.6,88.78,12.5,87.6,102.9,-0.9,3.0,106.54,92.7,1.6,1.0,14.4,15.0,2647,,,,,,,,,,,,,0.714,0.182,0.2,1.0,12.5,0.023,0.065,0.048,12.3,0.325,0.227,0.142,0.0,0.131,,,,,,,,,,,,,,,,,,,1611661329,Angie Bjorklund,Angie Bjorklund,202637,CHI,2610.0,7,44,,92,93,35,22,10,185,,1.0,,,,1.0,,1.0,4.0,1.0,6.0,3.0,8.0,85,,,,,,3.0,3.0,6.0,2.0,,,,2.0,,2.0,,,1.0,,1.0,4.0,,,,,2,,2,,2,0.0,1.0,1.0,,1.0,,1.0,1.0,1.0,,,2.0,,,6.0,8.0,,,,2.0,,,0.0,,,,,,,,8.0,6.0,35,1.0,,,,,,,,,92.39130434782608,91.39784946236558,1.0,1.0,0.1666666666666666,,,0.2272727272727272,,0.2142857142857142,0.3333333333333333,,0.375,,,,13.86138613861386,0.5,,,0.08,,,,0.0555555555555555,,,,,,,0.0769230769230769,0.2,,,,,,0.0909090909090909,,,,0.0909090909090909,,,,0.3636363636363636,,,,0.1428571428571428,,0.5454545454545454,0.44588,,0.4425416666666666,0.0833333333333333,,,0.75,14.6,,,0.3804347826086957,1.0,2.0,,3.0,3.0,4.0,3.0,2.0,,,,,,1.0,0.2,0.25,0.4545454545454545,0.25,0.25,1.0,0.1818181818181818,0.2727272727272727,,,,0.4285714285714285,,26.26,,0.6666666666666666,1.0,1.0,1.0,,,,1.0,,,,,0.25,,,0.5,0.5,1.0,,0.1428571428571428,1.0,,,,,,,,,,,,,,1.0,,,,0.1666666666666666,0.0,,,,1.0,0.2962962962962963,-0.17619561308881698
201048,Armintie Herrington,20,34,2011,1645,ATL,1611661330,27.0,69.0,133.0,Mississippi, ,2007,1,3,796.73,108,208,0,2,73,120,51,50,101,96,49,52,2,24,61,103,289,121,1,0,3.2,99.38,92.0,92.0,7.9,91.2,99.8,82.81,23.5,99.8,100.73,7.9,6.8,99.38,98.0,6.1,1.96,667.2,594.0,2821,,,,,,,,,,,,,0.588,0.519,0.0,0.608,12.0,0.06,0.184,0.061,12.1,0.554,0.519,0.162,0.059,0.16,,,,,,,,,,,,,,,,,,,1611661330,Armintie Herrington,Armintie Herrington,201048,ATL,47806.0,34,797,121.0,1609,1610,422,370,243,3219,87.0,138.0,14.0,23.0,18.0,29.0,9.0,33.0,35.0,108.0,206.0,73.0,289.0,1521,17.0,35.0,6.0,40.0,24.0,41.0,22.0,70.0,140.0,76.0,20.0,24.0,86.0,10.0,96.0,9.0,1.0,36.0,20.0,30.0,202.0,5.0,41.0,5.0,20.0,29,1.0,50,51.0,101,5.0,52.0,36.0,16.0,27.0,8.0,22.0,22.0,3.0,5.0,3.0,49.0,3.0,10.0,21.0,61.0,5.0,4.0,2.0,103.0,2.0,6.0,8.0,57.0,7.0,2.0,1.0,1.0,2.0,1.0,249.0,70.0,418,5.0,8.0,9.0,,25.0,,17.0,6.0,,102.05096333126166,94.47204968944098,0.6481481481481481,0.7142857142857143,0.5242718446601942,0.4857142857142857,0.5853658536585366,0.5192307692307693,0.4857142857142857,0.5714285714285714,0.5473484848484849,0.4878048780487805,0.5833333333333334,0.116504854368932,0.1231884057971014,0.2121212121212121,16.370292887029287,0.5510204081632653,0.0188679245283018,0.0632911392405063,0.0506993006993006,0.0623100303951367,0.1142857142857142,0.0510204081632653,0.0655957161981258,0.0608465608465608,0.0545454545454545,0.0737327188940092,0.0588235294117647,0.054054054054054,0.0416666666666666,0.0394088669950738,0.0531914893617021,0.0607734806629834,0.1209677419354838,0.0980392156862745,0.0657894736842105,0.5,0.6634615384615384,0.6304347826086957,0.71900826446281,0.6666666666666666,0.1586538461538461,0.2727272727272727,0.3461538461538461,0.1111111111111111,0.1682692307692307,0.6571428571428571,0.6086956521739131,0.3571428571428571,0.6904761904761905,0.6206896551724138,0.6730769230769231,0.5489963942307692,0.4986352941176471,0.5512095238095238,0.2217898832684824,0.2235294117647059,0.1384083044982699,0.2422145328719723,5.42621359223301,0.4117647058823529,0.5,0.2622747047855811,12.0,1.0,,1.0,1.0,1.0,,1.0,,1.0,,,,,,,0.0096153846153846,0.3428571428571428,0.3428571428571428,0.9166666666666666,0.0048076923076923,0.0048076923076923,,,,0.0238095238095238,,22.45,0.3478260869565217,,,,,,,,,,,,,,,,,,,,,,,,,,,,,3.0,,,,,1.0,,,,,,0.0,,,,62.0,0.5052447552447552,0.032752845859641944
100942,Ashley Robinson,21,34,2011,1095,SEA,1611661328,29.0,76.0,180.0,Tennessee,USA,2004,2,14,582.6916666666667,59,122,0,1,11,22,41,91,132,24,44,22,33,4,91,26,129,6,1,0,1.7,91.27,92.9,92.9,2.8,92.7,95.6,76.06,12.0,95.6,90.8,2.8,4.1,91.27,96.8,3.6,0.55,444.4,395.0,2506,,,,,,,,,,,,,0.618,0.484,0.0,0.5,22.0,0.124,0.073,0.153,22.0,0.49,0.484,0.149,0.088,0.143,,,,,,,,,,,,,,,,,,,1611661328,Ashley Robinson,Ashley Robinson,100942,SEA,34961.0,34,583,6.0,1053,1071,214,254,118,2124,34.0,54.0,6.0,13.0,5.0,6.0,24.0,65.0,2.0,59.0,121.0,11.0,129.0,1041,8.0,23.0,2.0,18.0,10.0,16.0,1.0,21.0,88.0,30.0,6.0,4.0,15.0,9.0,24.0,9.0,,10.0,1.0,4.0,57.0,10.0,29.0,2.0,10.0,76,5.0,91,41.0,132,8.0,22.0,19.0,3.0,19.0,5.0,10.0,25.0,1.0,9.0,5.0,44.0,6.0,12.0,38.0,91.0,1.0,9.0,10.0,26.0,3.0,2.0,2.0,11.0,1.0,33.0,12.0,20.0,33.0,13.0,111.0,21.0,213,10.0,1.0,28.0,2.0,29.0,8.0,26.0,12.0,,99.43019943019944,97.19887955182072,0.7457627118644068,0.7857142857142857,0.4876033057851239,0.3478260869565217,0.625,0.4836065573770491,0.3478260869565217,0.5882352941176471,0.4886363636363636,0.36,0.5526315789473685,0.0330578512396694,0.0555555555555555,0.0153846153846153,14.877430262045646,0.4318181818181818,0.1351351351351351,0.0769230769230769,0.1840193704600484,0.1003460207612456,0.08130081300813,0.0746268656716417,0.1604477611940298,0.0921985815602836,0.1125,0.0692307692307692,0.1392405063291139,0.0476190476190476,0.1724137931034483,0.1733333333333333,0.179372197309417,0.2,0.0898876404494382,0.0588235294117647,0.1403508771929824,0.3939393939393939,0.4426229508196721,0.6296296296296297,0.6666666666666666,0.8235294117647058,0.5327868852459017,0.3692307692307692,0.375,0.625,0.0163934426229508,0.5652173913043478,0.4615384615384615,0.6666666666666666,0.3529411764705882,0.8333333333333334,0.4508196721311475,0.4353388429752066,0.4965588235294117,0.40185625,0.0839694656488549,0.0846153846153846,0.1395348837209302,0.1627906976744186,5.2190082644628095,0.45,0.275,0.2032288698955365,1.0,,,1.0,1.0,1.0,,,,2.0,,,1.0,,,,0.0081967213114754,0.5,0.5,1.0,,0.0081967213114754,,,,0.0588235294117647,,63.0,1.0,,,,,,,,,,,,1.0,,,,,,,,,,,,,,,,,,,,,,,,,,,,0.0,,,,37.0,0.40822784810126583,-0.06426406128384743
100723,Asjha Jones,21,34,2011,1906,CON,1611661323,31.0,75.0,196.0,Connecticut,USA,2002,1,4,970.8216666666668,198,446,3,10,54,76,64,153,217,64,64,21,16,16,102,75,453,133,7,0,5.8,94.48,95.0,95.0,7.5,95.2,102.5,78.74,10.5,102.5,95.18,7.5,5.6,94.48,100.8,13.1,1.0,856.4,811.0,2727,,,,,,,,,,,,,0.618,0.444,0.3,0.711,10.5,0.109,0.119,0.15,10.5,0.472,0.447,0.251,0.066,0.247,,,,,,,,,,,,,,,,,,,1611661323,Asjha Jones,Asjha Jones,100723,CON,58254.0,34,971,133.0,1876,1869,276,243,233,3745,52.0,102.0,20.0,35.0,2.0,10.0,85.0,178.0,156.0,195.0,436.0,54.0,453.0,1820,31.0,67.0,15.0,77.0,20.0,54.0,20.0,60.0,214.0,176.0,28.0,15.0,42.0,22.0,64.0,17.0,5.0,26.0,9.0,7.0,150.0,21.0,40.0,3.0,35.0,110,8.0,153,64.0,217,9.0,21.0,13.0,8.0,36.0,7.0,23.0,28.0,3.0,13.0,10.0,64.0,4.0,9.0,54.0,102.0,,12.0,4.0,75.0,7.0,3.0,10.0,35.0,8.0,16.0,11.0,5.0,16.0,12.0,376.0,57.0,266,7.0,7.0,35.0,,41.0,17.0,18.0,27.0,5.0,104.1044776119403,97.37827715355805,0.5487179487179488,0.5911602209944752,0.4472477064220183,0.4626865671641791,0.3703703703703703,0.4473094170403587,0.4626865671641791,0.3703703703703703,0.4728601252609603,0.5133333333333333,0.4545454545454545,0.0344036697247706,0.0686274509803921,0.0337078651685393,25.20891364902507,0.5625,0.16,0.0714285714285714,0.1580459770114942,0.0572246065808297,0.1405622489959839,0.0995260663507109,0.1534391534391534,0.067032967032967,0.0418848167539267,0.064516129032258,0.0611353711790393,0.0903225806451612,0.125,0.1733333333333333,0.2008928571428571,0.1052631578947368,0.1511627906976744,0.1168831168831168,0.0387931034482758,0.75,0.2286995515695067,0.5098039215686274,0.5473684210526316,0.5576923076923077,0.3991031390134529,0.4775280898876404,0.4941860465116279,0.3764705882352941,0.3497757847533632,0.5223880597014925,0.5714285714285714,0.15,0.1851851851851851,0.2,0.2511210762331838,0.4215210762331838,0.5079692307692307,0.3990592592592592,0.0743099787685774,0.0759219088937093,0.1699779249448123,0.1324503311258278,9.991284403669724,0.3673469387755102,0.2795698924731182,0.1471215351812366,58.0,,3.0,10.0,,,9.0,10.0,3.0,,,,3.0,1.0,0.3,0.3,0.0224215246636771,0.3717948717948718,0.3766233766233766,0.7931034482758621,,0.0224215246636771,0.3,0.3333333333333333,1.0,,0.3,21.95,0.2244897959183673,0.1666666666666666,,,,,,,,,1.0,,,,0.1,0.1,,,,,,,,,,0.0128205128205128,,,,2.0,,,,,,,,,,,0.0,12.0,,,38.0,0.4432485322896282,-0.02924337709548508
100342,Becky Hammon,17,33,2011,2065,SAN,1611661319,35.0,66.0,136.0,Colorado State, ,Undrafted,Undrafted,Undrafted,1049.82,176,400,75,193,99,111,5,91,96,192,119,49,7,20,51,128,526,129,2,0,5.3,94.35,94.8,94.8,6.1,94.1,100.9,78.62,25.3,100.9,95.47,6.1,5.1,94.35,99.3,12.1,1.61,978.2,1001.0,2674,,,,,,,,,,,,,0.515,0.44,0.389,0.892,15.7,0.048,0.323,0.09,15.7,0.586,0.534,0.25,0.005,0.247,,,,,,,,,,,,,,,,,,,1611661319,Becky Hammon,Becky Hammon,100342,SAN,62991.0,33,1050,129.0,2033,2030,423,434,199,4063,61.0,112.0,4.0,7.0,8.0,27.0,18.0,48.0,47.0,101.0,207.0,99.0,526.0,1955,9.0,16.0,3.0,42.0,14.0,45.0,58.0,119.0,70.0,132.0,,14.0,147.0,45.0,192.0,24.0,21.0,67.0,37.0,43.0,429.0,2.0,3.0,,30.0,60,1.0,91,5.0,96,2.0,49.0,29.0,20.0,87.0,14.0,64.0,32.0,4.0,23.0,5.0,119.0,3.0,18.0,29.0,51.0,,,2.0,128.0,2.0,5.0,7.0,30.0,25.0,6.0,2.0,3.0,7.0,4.0,484.0,109.0,415,1.0,22.0,20.0,,8.0,,4.0,1.0,,102.50860796851944,96.3054187192118,0.3465346534653465,0.3465346534653465,0.4879227053140096,0.5625,0.3111111111111111,0.53375,0.5909090909090909,0.3546511627906977,0.5792410714285714,0.6029411764705882,0.5043478260869565,0.0676328502415458,0.0714285714285714,0.1041666666666666,25.15527950310559,0.7310924369747899,0.0208333333333333,,0.0837988826815642,0.0047021943573667,0.1304347826086956,0.0071942446043165,0.095137420718816,0.0054585152838427,0.0052631578947368,0.0076045627376425,,0.0105263157894736,,0.0488888888888888,0.0921501706484641,0.1111111111111111,0.1149425287356321,0.1785714285714285,0.0105263157894736,0.5714285714285714,0.28,0.5446428571428571,0.5865384615384616,0.2295081967213114,0.12,0.375,0.4186046511627907,0.3333333333333333,0.1175,0.2121212121212121,0.5714285714285714,0.75,0.313953488372093,0.2962962962962963,0.7625,0.514484508816121,0.5017611111111111,0.4983078313253012,0.0709219858156028,0.1304347826086956,0.0798479087452471,0.2262357414448669,6.851690821256039,0.38,0.3076923076923077,0.2080668962124938,22.0,34.0,63.0,159.0,38.0,41.0,144.0,156.0,63.0,3.0,1.0,,,0.64,0.38860103626943,0.3947368421052631,0.4825,0.4680851063829787,0.4782608695652174,0.6818181818181818,0.085,0.3975,0.3962264150943396,0.4117647058823529,0.6031746031746031,0.4418604651162791,0.4038461538461538,22.700000000000003,0.1818181818181818,0.2882882882882883,12.0,2.0,3.0,14.0,9.0,17.0,11.0,81.0,6.0,8.0,1.0,0.2682926829268293,0.0310880829015544,0.0377358490566037,0.3529411764705882,0.3529411764705882,0.8333333333333334,0.4242424242424242,0.0348837209302325,0.6666666666666666,0.2368421052631578,1.0,3.0,0.0212765957446808,0.0909090909090909,7.0,7.0,1.0,0.4117647058823529,0.5,0.8571428571428571,,,,,,,,0.0,,,,59.0,0.5207920792079208,0.04830016982280755
100696,Belinda Snell,13,21,2011,262,SEA,1611661328,31.0,71.0,165.0,None,Australia,Undrafted,Undrafted,Undrafted,134.08666666666667,11,28,8,21,11,13,3,12,15,7,9,3,2,2,18,9,41,-34,0,0,0.5,93.61,94.3,94.3,-13.3,95.4,80.9,78.01,14.0,80.9,91.43,-13.3,-11.7,93.61,83.8,1.3,0.78,75.5,81.0,2506,,,,,,,,,,,,,0.619,0.393,0.381,0.846,18.0,0.059,0.115,0.093,18.1,0.608,0.536,0.156,0.024,0.147,,,,,,,,,,,,,,,,,,,1611661328,Belinda Snell,Belinda Snell,100696,SEA,8044.0,21,134,-34.0,248,249,82,94,28,497,2.0,2.0,,,2.0,2.0,1.0,4.0,1.0,3.0,7.0,11.0,41.0,246,,1.0,2.0,2.0,3.0,4.0,5.0,14.0,,6.0,,,7.0,,7.0,,,5.0,1.0,1.0,14.0,1.0,2.0,,1.0,10,1.0,12,3.0,15,0.0,3.0,,3.0,5.0,1.0,1.0,4.0,,4.0,2.0,9.0,1.0,5.0,8.0,18.0,,5.0,1.0,9.0,1.0,1.0,0.0,4.0,1.0,2.0,2.0,,2.0,1.0,39.0,14.0,82,3.0,1.0,1.0,,2.0,,,,,85.48387096774194,98.79518072289156,,,0.4285714285714285,,0.75,0.5357142857142857,,0.45,0.6029411764705882,0.2,0.5384615384615384,,,,15.52346570397112,0.5555555555555556,0.0833333333333333,,0.1204819277108433,0.0294117647058823,0.0384615384615384,0.0232558139534883,0.1009174311926605,0.027027027027027,,0.074074074074074,,0.027027027027027,,0.25,0.125,0.0434782608695652,,0.1666666666666666,,0.5,0.0714285714285714,1.0,1.0,,0.1428571428571428,0.25,0.25,,0.0357142857142857,,,,0.2,1.0,0.8214285714285714,0.4748178571428571,0.3989125,0.41508,0.1515151515151515,0.3636363636363636,0.048780487804878,0.3414634146341463,8.357142857142858,,,0.3306451612903225,,6.0,5.0,15.0,5.0,6.0,18.0,15.0,5.0,,,,,0.75,0.3809523809523809,0.3809523809523809,0.75,,,,0.2142857142857142,0.5357142857142857,0.3333333333333333,0.3571428571428571,0.6,0.5,0.3333333333333333,22.48095238095238,,0.2307692307692307,3.0,,1.0,3.0,1.0,3.0,1.0,6.0,2.0,,,0.1666666666666666,0.0952380952380952,0.0666666666666666,0.5,0.6,1.0,0.75,0.1,,0.2,,,,,,,,,,,,,1.0,0.1666666666666666,,,0.0454545454545454,0.0,,,,5.0,0.4823529411764706,0.009861031791357333
100484,Betty Lennox,0,9,2011,110,TUL,1611661321,35.0,68.0,143.0,Louisiana Tech,USA,2000,1,6,55.17666666666667,4,23,4,17,5,6,2,6,8,5,6,2,0,3,7,3,17,-41,0,0,0.4,94.82,106.5,106.5,-39.2,110.6,67.3,79.02,13.5,67.3,90.04,-39.2,-38.8,94.82,71.8,2.6,0.83,34.1,38.0,2628,,,,,,,,,,,,,0.0,0.174,0.235,0.833,16.2,0.07,0.217,0.128,16.4,0.332,0.261,0.261,0.03,0.244,,,,,,,,,,,,,,,,,,,1611661321,Betty Lennox,Betty Lennox,100484,TUL,3310.0,9,55,-41.0,102,106,17,45,18,208,,,,,,,,3.0,3.0,,6.0,5.0,17.0,115,,,,,,1.0,2.0,2.0,,,,1.0,4.0,1.0,5.0,1.0,,4.0,,,11.0,2.0,,,,6,,6,2.0,8,0.0,2.0,1.0,1.0,4.0,1.0,4.0,2.0,1.0,,,6.0,3.0,2.0,5.0,7.0,,,,3.0,1.0,,0.0,2.0,1.0,,,,,,17.0,2.0,17,,1.0,,,,,,,,72.54901960784314,108.49056603773585,,,,,,0.2608695652173913,,,0.3269230769230769,,0.5,0.1666666666666666,,0.3333333333333333,26.016260162601625,0.6666666666666666,,,0.1935483870967742,,,0.074074074074074,0.1538461538461538,0.0333333333333333,,,,0.0625,0.0909090909090909,0.3,0.0666666666666666,0.3333333333333333,,,,,,,,,0.1304347826086956,,,,0.1304347826086956,,,,,,0.7391304347826086,0.5025717391304348,0.5805,0.3857,0.08,0.25,,0.1176470588235294,14.85,,0.3333333333333333,0.1666666666666666,,8.0,3.0,9.0,,,9.0,9.0,3.0,,,,,0.75,0.2352941176470588,0.2352941176470588,0.7391304347826086,,,,0.3478260869565217,0.391304347826087,0.3333333333333333,0.375,1.0,,0.3333333333333333,22.01764705882353,,0.6153846153846154,1.0,,,,,1.0,,3.0,2.0,,,,0.1176470588235294,0.1111111111111111,0.125,0.1428571428571428,,,,,,,1.0,,1.0,,,,,,,,,,0.125,,,,0.0,,,,2.0,0.30357142857142855,-0.16892048081368471
201896,Briann January,7,10,2011,546,IND,1611661325,25.0,68.0,144.0,Arizona State,USA,2009,1,6,286.305,25,70,7,22,29,35,5,9,14,50,33,15,0,6,33,32,86,46,1,0,2.5,91.71,98.7,98.7,8.8,96.7,107.5,76.42,29.6,107.5,92.86,8.8,10.3,91.71,107.0,7.0,1.52,189.8,187.0,2592,,,,,,,,,,,,,0.7,0.357,0.318,0.829,19.5,0.026,0.275,0.031,19.6,0.504,0.407,0.193,0.02,0.19,,,,,,,,,,,,,,,,,,,1611661325,Briann January,Briann January,201896,IND,17179.0,10,286,46.0,537,538,90,105,65,1075,8.0,20.0,,1.0,1.0,1.0,4.0,11.0,17.0,18.0,48.0,29.0,86.0,541,,1.0,2.0,2.0,5.0,7.0,12.0,25.0,6.0,30.0,,5.0,31.0,19.0,50.0,12.0,7.0,24.0,4.0,3.0,119.0,2.0,3.0,,4.0,4,1.0,9,5.0,14,1.0,15.0,8.0,7.0,18.0,8.0,13.0,15.0,3.0,5.0,2.0,33.0,5.0,9.0,12.0,33.0,,2.0,2.0,32.0,1.0,2.0,3.0,15.0,4.0,,,,,,84.0,25.0,90,4.0,4.0,33.0,,10.0,4.0,10.0,9.0,3.0,109.31098696461824,100.55762081784388,0.1666666666666666,0.1666666666666666,0.375,,0.7142857142857143,0.4071428571428571,,0.8125,0.5,0.3333333333333333,0.8333333333333334,0.1041666666666666,0.15,0.1818181818181818,19.38110749185668,0.5454545454545454,0.05,,0.0213903743315508,0.0196078431372549,0.0547945205479452,0.0253164556962025,0.0307692307692307,0.021551724137931,,0.0192307692307692,0.04,0.0192307692307692,0.037037037037037,,0.0365853658536585,0.015625,0.0526315789473684,0.0625,0.0256410256410256,,0.2857142857142857,0.4,0.4705882352941176,0.125,0.1571428571428571,0.3636363636363636,0.4444444444444444,,0.2428571428571428,0.5,,,0.125,1.0,0.6,0.4792657142857143,0.51585,0.39371875,0.1829268292682926,0.25,0.0232558139534883,0.2906976744186046,8.270833333333334,0.25,0.2857142857142857,0.1675977653631284,6.0,11.0,3.0,11.0,,1.0,21.0,11.0,3.0,,,,1.0,1.0,0.3181818181818182,0.3181818181818182,0.3142857142857143,0.3529411764705882,0.3529411764705882,0.3333333333333333,0.1571428571428571,0.1571428571428571,0.2727272727272727,0.3,1.0,,0.2727272727272727,22.527272727272727,0.5454545454545454,0.4666666666666667,4.0,1.0,1.0,1.0,,1.0,1.0,,1.0,,,1.0,0.0454545454545454,0.0909090909090909,0.3636363636363636,0.3636363636363636,1.0,0.5,0.125,1.0,,,,,,,,,,,,,,,,,,,0.0,2.0,,,17.0,0.4095238095238095,-0.06296809986130375
201067,Camille Smith,21,33,2011,1658,SEA,1611661328,27.0,74.0,180.0,North Carolina,USA,2007,2,17,886.56,129,278,5,22,55,83,46,125,171,54,75,45,22,31,110,99,318,118,0,0,3.9,90.01,89.5,89.5,7.6,89.8,97.1,75.01,12.2,97.1,90.28,7.6,6.4,90.01,96.2,8.4,0.72,730.2,682.0,2506,,,,,,,,,,,,,0.636,0.464,0.227,0.663,16.9,0.104,0.114,0.145,16.9,0.506,0.473,0.211,0.059,0.207,,,,,,,,,,,,,,,,,,,1611661328,Camille Little,Camille Little,201067,SEA,53195.0,33,887,118.0,1620,1607,210,292,184,3227,88.0,149.0,13.0,21.0,7.0,18.0,36.0,100.0,7.0,124.0,256.0,55.0,318.0,1492,14.0,32.0,6.0,37.0,13.0,30.0,9.0,35.0,138.0,110.0,14.0,31.0,38.0,16.0,54.0,12.0,4.0,20.0,12.0,6.0,124.0,8.0,38.0,,28.0,86,11.0,125,46.0,171,9.0,45.0,29.0,16.0,43.0,8.0,22.0,32.0,2.0,21.0,5.0,75.0,9.0,10.0,45.0,110.0,3.0,4.0,10.0,99.0,5.0,10.0,9.0,40.0,6.0,21.0,7.0,12.0,22.0,10.0,281.0,35.0,208,8.0,7.0,51.0,2.0,62.0,2.0,59.0,6.0,,99.38271604938272,92.84380833851898,0.5564516129032258,0.5897435897435898,0.484375,0.4375,0.4333333333333333,0.4730215827338129,0.4558823529411764,0.3939393939393939,0.5047619047619047,0.4743589743589743,0.4605263157894737,0.12109375,0.0805369127516778,0.19,21.207177814029365,0.5733333333333334,0.3333333333333333,,0.1419141914191419,0.075098814229249,0.1365853658536585,0.0363636363636363,0.1405672009864365,0.0633608815426997,0.0779220779220779,0.0648148148148148,0.088235294117647,0.029940119760479,0.0566037735849056,0.1739130434782608,0.1442307692307692,0.1173184357541899,0.1257485029940119,0.1842105263157894,0.079646017699115,0.4545454545454545,0.5359712230215827,0.5906040268456376,0.6423357664233577,0.5454545454545454,0.3597122302158273,0.36,0.4444444444444444,0.5833333333333334,0.0251798561151079,0.6176470588235294,0.6190476190476191,,0.5454545454545454,0.3888888888888889,0.6151079136690647,0.4609053956834532,0.4780603448275862,0.4264439393939394,0.1294498381877022,0.1393728222996515,0.1163522012578616,0.110062893081761,4.27578125,0.3333333333333333,0.3870967741935484,0.1296296296296296,,3.0,4.0,19.0,3.0,3.0,15.0,19.0,4.0,1.0,1.0,,3.0,1.0,0.2272727272727272,0.2272727272727272,0.079136690647482,,,,0.0107913669064748,0.0683453237410072,0.2105263157894736,0.2105263157894736,1.0,0.0909090909090909,0.2105263157894736,23.10909090909091,0.6666666666666666,0.4,1.0,,,2.0,,2.0,,,,,2.0,,,,0.3333333333333333,0.3333333333333333,1.0,0.0588235294117647,,,,1.0,,,,1.0,1.0,4.0,0.5,0.5,1.0,,,,,,,,0.0,,,,69.0,0.4428969359331476,-0.029594973451965656
201496,Candace Parker,8,17,2011,1051,LAS,1611661320,26.0,76.0,175.0,Tennessee,USA,2008,1,1,554.7383333333333,116,227,18,43,64,87,21,125,146,47,33,21,27,5,34,79,314,-8,6,0,6.8,90.85,102.1,102.1,-1.0,100.9,101.1,75.71,13.6,101.1,91.4,-1.0,0.3,90.85,101.2,13.4,1.42,670.7,621.0,2637,,,,,,,,,,,,,0.471,0.511,0.419,0.736,9.6,0.14,0.17,0.223,9.6,0.592,0.551,0.259,0.043,0.254,,,,,,,,,,,,,,,,,,,1611661320,Candace Parker,Candace Parker,201496,LAS,33286.0,17,555,-8.0,1024,1031,176,153,103,2055,58.0,77.0,8.0,11.0,7.0,12.0,34.0,79.0,28.0,98.0,184.0,64.0,314.0,1071,10.0,15.0,4.0,27.0,15.0,31.0,23.0,62.0,86.0,110.0,10.0,5.0,29.0,18.0,47.0,12.0,6.0,20.0,3.0,6.0,112.0,9.0,11.0,1.0,37.0,79,9.0,125,21.0,146,4.0,21.0,12.0,9.0,16.0,5.0,12.0,17.0,3.0,4.0,1.0,33.0,4.0,3.0,19.0,34.0,2.0,5.0,4.0,79.0,3.0,2.0,11.0,39.0,10.0,26.0,17.0,7.0,27.0,13.0,287.0,58.0,169,,10.0,11.0,,21.0,,10.0,1.0,,103.80859375,103.87972841901066,0.4387755102040816,0.4623655913978494,0.532608695652174,0.6666666666666666,0.4838709677419355,0.5506607929515418,0.6388888888888888,0.4534883720930232,0.5924528301886792,0.675,0.5344827586206896,0.0271739130434782,0.0129870129870129,0.050632911392405,26.00349040139616,0.4848484848484848,0.3103448275862069,0.0434782608695652,0.2289855072463768,0.0376712328767123,0.2151162790697674,0.0576923076923076,0.2243713733075435,0.0446428571428571,0.0958904109589041,0.025,0.0101010101010101,0.0091743119266055,0.1702127659574468,0.2336448598130841,0.2466666666666666,0.1931818181818181,0.2556390977443609,0.0769230769230769,0.0392156862745098,0.4814814814814814,0.3392070484581498,0.7532467532467533,0.7631578947368421,0.5517241379310345,0.3480176211453744,0.430379746835443,0.4533333333333333,0.2647058823529412,0.1233480176211453,0.6111111111111112,0.7272727272727273,0.125,0.2790697674418604,0.5833333333333334,0.5286343612334802,0.4682151111111111,0.552725,0.4560865853658536,0.1529411764705882,0.1839622641509433,0.0859872611464968,0.197452229299363,7.055434782608696,0.3888888888888889,0.1555555555555555,0.171875,6.0,9.0,17.0,34.0,11.0,12.0,45.0,33.0,17.0,,1.0,,,0.8333333333333334,0.4186046511627907,0.4285714285714285,0.1894273127753304,0.2142857142857142,0.2142857142857142,0.3333333333333333,0.039647577092511,0.1497797356828193,0.5,0.5,0.8235294117647058,0.2558139534883721,0.5151515151515151,23.953488372093023,0.2272727272727272,0.2727272727272727,1.0,,1.0,2.0,3.0,3.0,3.0,9.0,,,2.0,0.25,,,0.1111111111111111,0.1111111111111111,1.0,0.1111111111111111,0.0232558139534883,,0.2727272727272727,1.0,1.0,,0.0555555555555555,1.0,1.0,,0.3333333333333333,0.5,1.0,,,,,,,,0.0,,,,36.0,0.5567375886524822,0.08424567926736898
200676,Candice Dupree,19,34,2011,2214,PHO,1611661317,27.0,74.0,175.0,Temple,USA,2006,1,6,1074.7333333333331,198,361,1,6,98,115,86,193,279,61,67,19,25,22,74,92,495,130,10,0,5.8,99.11,103.0,103.0,6.3,101.9,109.3,82.59,11.3,109.3,100.08,6.3,6.5,99.11,108.4,10.6,0.91,986.3,924.0,2820,,,,,,,,,,,,,0.559,0.548,0.167,0.852,12.4,0.131,0.092,0.17,12.4,0.601,0.55,0.193,0.087,0.191,,,,,,,,,,,,,,,,,,,1611661317,Candice Dupree,Candice Dupree,200676,PHO,64486.0,34,1075,130.0,2173,2179,529,432,257,4352,133.0,180.0,26.0,32.0,34.0,40.0,42.0,116.0,59.0,197.0,355.0,98.0,495.0,2291,31.0,54.0,15.0,77.0,46.0,70.0,37.0,129.0,286.0,108.0,38.0,22.0,38.0,23.0,61.0,16.0,7.0,26.0,10.0,2.0,145.0,26.0,56.0,4.0,52.0,125,16.0,193,86.0,279,8.0,19.0,17.0,2.0,37.0,12.0,22.0,30.0,2.0,15.0,7.0,67.0,7.0,16.0,39.0,74.0,,5.0,6.0,92.0,12.0,2.0,9.0,53.0,9.0,23.0,10.0,13.0,25.0,14.0,418.0,129.0,523,5.0,8.0,34.0,,26.0,,30.0,1.0,4.0,111.41279337321674,105.13997246443324,0.7258883248730964,0.8033707865168539,0.5549295774647888,0.5740740740740741,0.6571428571428571,0.5498614958448753,0.5740740740740741,0.6388888888888888,0.5978260869565217,0.6209677419354839,0.7010869565217391,0.0619718309859154,0.0611111111111111,0.0862068965517241,19.473684210526315,0.5522388059701493,0.2622950819672131,0.0888888888888888,0.163826998689384,0.0890302066772655,0.181184668989547,0.0858085808580858,0.1685714285714285,0.0879828326180257,0.1158536585365853,0.0754716981132075,0.085,0.08,0.1132075471698113,0.1308411214953271,0.1859756097560975,0.1628959276018099,0.184331797235023,0.1714285714285714,0.0575539568345323,0.56,0.4986149584487535,0.7388888888888889,0.7869822485207101,0.7744360902255639,0.3213296398891966,0.3620689655172414,0.3962264150943396,0.5238095238095238,0.1634349030470914,0.5925925925925926,0.8125,0.1923076923076923,0.5555555555555556,0.85,0.5152354570637119,0.4844238888888889,0.5227477272727273,0.4948007042253521,0.1308641975308642,0.1328320802005012,0.1555555555555555,0.2606060606060606,6.3202816901408445,0.425531914893617,0.2602739726027397,0.2434422457432121,22.0,,1.0,6.0,2.0,2.0,3.0,6.0,1.0,1.0,2.0,,,1.0,0.1666666666666666,0.1666666666666666,0.0166204986149584,0.3728813559322034,0.3793103448275862,0.8181818181818182,,0.0166204986149584,0.1666666666666666,0.1666666666666666,1.0,0.0277777777777777,0.1666666666666666,24.71666666666667,0.2972972972972973,0.25,,,,,,,,,,,,,,,,,,,,,,2.0,,0.0169491525423728,,,,,,,,,,,,,,,0.0,,,,35.0,0.5487804878048781,0.07628857841976483
201499,Candice Wiggins,27,34,2011,1154,MIN,1611661324,25.0,71.0,150.0,Stanford, ,2008,1,3,582.1083333333333,68,176,49,124,15,24,6,57,63,50,30,18,7,3,59,39,200,85,0,0,2.0,94.83,91.3,91.3,6.7,91.1,98.0,79.02,18.7,98.0,94.94,6.7,6.8,94.83,97.9,5.2,1.67,395.6,412.0,2626,,,,,,,,,,,,,0.794,0.386,0.395,0.625,11.2,0.053,0.142,0.097,11.3,0.536,0.526,0.165,0.01,0.16,,,,,,,,,,,,,,,,,,,1611661324,Candice Wiggins,Candice Wiggins,201499,MIN,34924.0,34,582,85.0,1116,1105,292,326,174,2221,13.0,22.0,1.0,2.0,1.0,2.0,5.0,19.0,11.0,19.0,52.0,15.0,200.0,1046,3.0,8.0,2.0,41.0,4.0,16.0,5.0,58.0,10.0,28.0,,3.0,42.0,8.0,50.0,5.0,3.0,16.0,17.0,9.0,108.0,,6.0,,18.0,36,3.0,57,6.0,63,0.0,18.0,11.0,7.0,16.0,2.0,13.0,14.0,3.0,3.0,2.0,30.0,2.0,5.0,27.0,59.0,2.0,4.0,4.0,38.0,1.0,7.0,0.0,8.0,4.0,5.0,2.0,2.0,7.0,6.0,159.0,56.0,289,6.0,3.0,10.0,,3.0,,,,,101.34408602150538,94.66063348416289,0.2631578947368421,0.2631578947368421,0.3653846153846153,0.375,0.25,0.5255681818181818,0.6964285714285714,0.5096153846153846,0.5319148936170213,0.6833333333333333,0.5087719298245614,0.0576923076923076,0.1363636363636363,,16.552771450265755,0.5333333333333333,0.081081081081081,,0.1046511627906976,0.0149253731343283,0.1005586592178771,,0.1032504780114722,0.0112359550561797,0.0082644628099173,0.0185185185185185,0.0168067226890756,,,0.0869565217391304,0.1007751937984496,0.1219512195121951,0.1007194244604316,0.1,,0.8571428571428571,0.125,0.5909090909090909,0.6842105263157895,0.3076923076923077,0.1079545454545454,0.2631578947368421,0.2631578947368421,0.2,0.0625,0.0714285714285714,0.5,,0.0384615384615384,0.5,0.8295454545454546,0.5218465317919075,0.521496,0.5115163265306122,0.0434782608695652,0.1333333333333333,0.205,0.29,7.798076923076923,0.3333333333333333,0.3571428571428571,0.2616487455197133,1.0,31.0,35.0,93.0,29.0,36.0,138.0,90.0,35.0,1.0,2.0,1.0,2.0,0.9387755102040816,0.3951612903225806,0.4049586776859504,0.7045454545454546,0.0909090909090909,0.0909090909090909,,0.1761363636363636,0.5284090909090909,0.3763440860215054,0.3763440860215054,0.9142857142857144,0.5576923076923077,0.3888888888888889,23.026612903225807,0.3,0.2957746478873239,14.0,2.0,7.0,16.0,13.0,20.0,15.0,9.0,,,1.0,0.4166666666666667,,,0.4516129032258064,0.4516129032258064,1.0,0.5714285714285714,0.1346153846153846,0.2857142857142857,0.4482758620689655,1.0,4.0,,0.1428571428571428,8.0,11.0,2.0,0.55,0.5,0.875,3.0,,,,0.75,1.0,,0.0,,,,33.0,0.4878048780487805,0.015312968663667215
200665,Cappie Pondexter,19,34,2011,2224,NYL,1611661313,29.0,69.0,160.0,Rutgers, ,2006,1,2,1151.4516666666666,212,528,58,168,109,134,22,117,139,160,93,43,10,18,69,117,591,73,2,0,6.2,92.84,96.5,96.5,3.5,94.8,100.1,77.36,19.0,100.1,94.31,3.5,4.0,92.84,98.8,15.5,1.72,1063.8,1054.0,2624,,,,,,,,,,,,,0.559,0.402,0.345,0.813,11.0,0.063,0.247,0.109,11.1,0.503,0.456,0.266,0.019,0.262,,,,,,,,,,,,,,,,,,,1611661313,Cappie Pondexter,Cappie Pondexter,200665,NYL,69089.0,34,1151,73.0,2181,2179,395,447,316,4360,57.0,105.0,4.0,8.0,8.0,13.0,42.0,111.0,144.0,154.0,360.0,109.0,591.0,2153,17.0,38.0,10.0,62.0,20.0,45.0,42.0,109.0,68.0,240.0,,18.0,112.0,48.0,160.0,29.0,19.0,61.0,21.0,30.0,368.0,7.0,15.0,,50.0,66,1.0,117,22.0,139,10.0,43.0,26.0,17.0,48.0,23.0,34.0,45.0,7.0,14.0,1.0,93.0,3.0,14.0,34.0,69.0,,1.0,6.0,117.0,3.0,,8.0,56.0,13.0,8.0,5.0,3.0,10.0,6.0,529.0,102.0,388,6.0,7.0,46.0,,38.0,,9.0,,,102.06327372764788,98.80679210647088,0.2207792207792207,0.2207792207792207,0.4277777777777777,0.4473684210526316,0.4444444444444444,0.4564393939393939,0.4482758620689655,0.4294871794871794,0.5,0.492063492063492,0.529126213592233,0.05,0.0761904761904762,0.081081081081081,26.815861798193957,0.5161290322580645,0.0175438596491228,,0.0988023952095808,0.0193298969072164,0.1607717041800643,0.0234113712374581,0.118488253319714,0.0204651162790697,0.0226244343891402,0.0227272727272727,0.0121457489878542,0.0195121951219512,0.0319148936170212,0.0612244897959183,0.1090225563909774,0.1213592233009708,0.1625615763546798,0.1574074074074074,0.0343642611683848,0.6,0.1988636363636363,0.5428571428571428,0.5876288659793815,0.1929824561403508,0.2102272727272727,0.3783783783783784,0.4117647058823529,0.1428571428571428,0.2727272727272727,0.1379310344827586,0.5,,0.1666666666666666,0.6153846153846154,0.5170454545454546,0.4666609732824427,0.4256525,0.4418418918918919,0.0987868284228769,0.1372549019607843,0.104906937394247,0.1844331641285956,10.285833333333333,0.375,0.4057971014492754,0.1811095827602017,55.0,27.0,50.0,141.0,25.0,33.0,87.0,138.0,50.0,5.0,2.0,,6.0,0.5,0.3452380952380952,0.3515151515151515,0.3181818181818182,0.3819444444444444,0.3846153846153846,0.3090909090909091,0.0511363636363636,0.2670454545454545,0.3546099290780142,0.3546099290780142,0.46,0.3205128205128205,0.3623188405797101,23.044642857142858,0.3370786516853932,0.2621359223300971,8.0,1.0,8.0,18.0,8.0,20.0,9.0,87.0,,1.0,,0.2727272727272727,,,0.2962962962962963,0.2962962962962963,0.75,0.3103448275862069,0.1025641025641025,0.125,0.32,2.0,2.0,0.0069444444444444,0.0344827586206896,5.0,6.0,,0.3,0.2777777777777778,0.6,1.0,,1.0,,0.5,1.0,0.0059171597633136,0.0,,,,49.0,0.46171875,-0.010773159385113251
202670,Carolyn Swords,11,29,2011,436,CHI,1611661329,22.0,78.0,,Boston College,USA,2011,2,15,218.43,28,53,0,0,21,24,17,34,51,9,16,5,7,6,26,20,77,-37,0,0,1.0,96.69,96.4,96.4,-6.7,97.3,89.7,80.58,10.2,89.7,97.49,-6.7,-9.9,96.69,87.4,1.8,0.56,171.7,161.0,2647,,,,,,,,,,,,,0.379,0.528,0.0,0.875,18.2,0.115,0.076,0.147,18.1,0.606,0.528,0.16,0.081,0.155,,,,,,,,,,,,,,,,,,,1611661329,Carolyn Swords,Carolyn Swords,202670,CHI,13105.0,29,218,-37.0,418,417,104,120,59,835,24.0,37.0,8.0,14.0,5.0,7.0,3.0,12.0,4.0,28.0,53.0,21.0,77.0,428,8.0,18.0,10.0,26.0,5.0,12.0,7.0,17.0,46.0,10.0,8.0,6.0,8.0,1.0,9.0,,1.0,6.0,1.0,1.0,19.0,1.0,16.0,,8.0,23,3.0,34,17.0,51,0.0,5.0,4.0,1.0,6.0,,4.0,10.0,5.0,2.0,,16.0,2.0,4.0,14.0,26.0,,1.0,4.0,20.0,3.0,1.0,4.0,13.0,1.0,7.0,5.0,2.0,7.0,2.0,51.0,17.0,104,3.0,1.0,3.0,,1.0,,,,,93.54066985645932,102.6378896882494,0.8214285714285714,0.9583333333333334,0.5283018867924528,0.4444444444444444,0.4166666666666667,0.5283018867924528,0.4444444444444444,0.4166666666666667,0.6111111111111112,0.5652173913043478,0.5666666666666667,0.1132075471698113,0.1081081081081081,0.1666666666666666,16.122448979591837,0.375,0.2727272727272727,,0.1428571428571428,0.1059602649006622,0.1666666666666666,0.024390243902439,0.1483253588516746,0.0885416666666666,0.1296296296296296,0.1020408163265306,0.0833333333333333,0.0333333333333333,,0.0983606557377049,0.12,0.22,0.1538461538461538,0.2222222222222222,,0.2857142857142857,0.6981132075471698,0.6486486486486487,0.7272727272727273,0.7916666666666666,0.2264150943396226,0.25,0.3,1.0,0.0754716981132075,0.7777777777777778,0.5714285714285714,0.375,0.5833333333333334,0.7142857142857143,0.6981132075471698,0.4988320754716981,0.5353642857142857,0.4937416666666667,0.2096774193548387,0.2096774193548387,0.3376623376623376,0.2207792207792207,4.60188679245283,0.4615384615384615,0.25,0.2488038277511961,1.0,,,,,,,,,1.0,,,1.0,,,,,0.25,0.25,1.0,,,,,,,,,,,,,,,,,,,,,,,,,,,,,,,,,,,,,,,,,,,,,,,,,0.0,,,,8.0,0.5133333333333333,0.040841423948220046
101049,Cathrine Kraayeveld,14,33,2011,1362,CHI,1611661329,30.0,75.0,183.0,Oregon,USA,2005,3,27,681.105,66,167,52,127,11,15,24,62,86,41,38,21,8,3,40,19,195,54,0,0,2.0,95.74,95.1,95.1,3.5,95.6,98.5,79.78,16.2,98.5,95.44,3.5,3.0,95.74,98.6,5.1,1.08,408.7,432.0,2647,,,,,,,,,,,,,0.424,0.395,0.409,0.733,15.0,0.064,0.094,0.088,15.0,0.562,0.551,0.139,0.038,0.136,,,,,,,,,,,,,,,,,,,1611661329,Cathrine Kraayeveld,Cathrine Kraayeveld,101049,CHI,40863.0,33,681,54.0,1315,1310,308,296,165,2625,5.0,8.0,2.0,4.0,1.0,2.0,1.0,8.0,24.0,14.0,40.0,11.0,195.0,1288,5.0,11.0,,25.0,6.0,10.0,1.0,55.0,8.0,20.0,4.0,3.0,35.0,6.0,41.0,5.0,1.0,24.0,5.0,6.0,88.0,8.0,14.0,2.0,16.0,42,4.0,62,24.0,86,2.0,21.0,14.0,7.0,25.0,4.0,16.0,13.0,1.0,9.0,1.0,38.0,2.0,13.0,20.0,40.0,1.0,1.0,3.0,19.0,5.0,1.0,0.0,4.0,2.0,8.0,6.0,2.0,8.0,4.0,170.0,55.0,307,9.0,2.0,9.0,,,,3.0,,,102.0532319391635,98.3206106870229,0.2857142857142857,0.3333333333333333,0.35,0.4545454545454545,0.6,0.5508982035928144,0.5681818181818182,0.6923076923076923,0.5603448275862069,0.5681818181818182,0.6707317073170732,0.075,,0.25,14.039735099337747,0.6578947368421053,0.0975609756097561,0.0571428571428571,0.0875,0.0340632603406326,0.10062893081761,0.0481927710843373,0.0907668231611893,0.0381282495667244,0.0144927536231884,0.0443037974683544,0.0434782608695652,0.0327868852459016,0.0909090909090909,0.086092715231788,0.0982658959537572,0.0769230769230769,0.0892857142857142,0.1276595744680851,0.0208333333333333,0.5,0.0479041916167664,0.625,0.625,0.2,0.0479041916167664,0.125,0.1666666666666666,,0.1437125748502994,0.1818181818181818,0.5,,0.0512820512820512,0.5,0.8083832335329342,0.5041140718562874,0.4603184210526316,0.4809871794871795,0.0290697674418604,0.0909090909090909,0.1282051282051282,0.282051282051282,12.0225,,0.1428571428571428,0.2342205323193916,8.0,42.0,34.0,85.0,24.0,29.0,150.0,85.0,34.0,1.0,,,,0.9615384615384616,0.4094488188976378,0.4094488188976378,0.7604790419161677,0.3333333333333333,0.3478260869565217,0.375,0.2514970059880239,0.5089820359281437,0.4,0.4,0.9411764705882352,0.6153846153846154,0.4,22.2748031496063,0.375,0.2602739726027397,18.0,2.0,5.0,8.0,12.0,11.0,14.0,6.0,,,,0.4827586206896552,,,0.4285714285714285,0.4285714285714285,1.0,0.3636363636363636,0.1282051282051282,0.4,0.5,,3.0,0.0416666666666666,0.1363636363636363,3.0,5.0,,0.4545454545454545,0.375,0.6666666666666666,2.0,,1.0,,0.6666666666666666,1.0,0.0078125,0.0,,,,26.0,0.5012853470437018,0.028793437658588494
201501,Charde Houston,21,27,2011,440,MIN,1611661324,26.0,72.0,193.0,Connecticut,USA,2008,3,30,210.21166666666667,31,85,6,23,9,12,10,37,47,14,21,9,2,3,34,14,77,-20,0,0,1.1,99.9,93.8,93.8,-5.6,96.2,88.2,83.25,11.2,88.2,96.88,-5.6,-4.8,99.9,91.4,3.1,0.67,166.4,166.0,2626,,,,,,,,,,,,,0.778,0.365,0.261,0.75,16.8,0.113,0.119,0.189,16.8,0.426,0.4,0.235,0.045,0.221,,,,,,,,,,,,,,,,,,,1611661324,Charde Houston,Charde Houston,201501,MIN,12611.0,27,210,-20.0,423,417,94,162,55,840,13.0,25.0,1.0,4.0,1.0,5.0,10.0,32.0,5.0,25.0,62.0,9.0,77.0,408,3.0,10.0,2.0,8.0,2.0,10.0,2.0,6.0,24.0,26.0,4.0,3.0,9.0,5.0,14.0,4.0,1.0,6.0,1.0,2.0,33.0,1.0,9.0,,15.0,16,6.0,37,10.0,47,1.0,9.0,4.0,5.0,8.0,2.0,5.0,13.0,1.0,3.0,8.0,21.0,1.0,4.0,14.0,34.0,,3.0,2.0,14.0,,2.0,2.0,7.0,,2.0,1.0,1.0,2.0,2.0,69.0,6.0,93,3.0,,,1.0,1.0,,,,,91.725768321513,97.84172661870504,0.48,0.5217391304347826,0.4032258064516129,0.3,0.2,0.4,0.3,0.1176470588235294,0.4277777777777777,0.3333333333333333,0.1666666666666666,0.0483870967741935,0.04,0.0625,22.839506172839503,0.3809523809523809,0.4,,0.1553398058252427,0.0604026845637583,0.217391304347826,0.0181818181818181,0.1802325581395348,0.0490196078431372,0.0227272727272727,0.0735294117647058,0.081081081081081,0.0217391304347826,,0.1363636363636363,0.1875,0.1428571428571428,0.1964285714285714,0.3076923076923077,0.0208333333333333,1.0,0.2941176470588235,0.52,0.5416666666666666,0.6153846153846154,0.3764705882352941,0.3125,0.3333333333333333,0.3,0.0588235294117647,0.4,0.25,,0.2941176470588235,0.2,0.5647058823529412,0.4588158823529412,0.3182444444444444,0.4450264705882353,0.0777777777777777,0.1044776119402985,0.1038961038961039,0.0779220779220779,6.288709677419354,0.0833333333333333,0.3333333333333333,0.2222222222222222,2.0,3.0,6.0,20.0,4.0,7.0,15.0,20.0,6.0,,,,,0.8333333333333334,0.2608695652173913,0.2608695652173913,0.2705882352941176,0.4,0.4,0.5,0.0352941176470588,0.2352941176470588,0.3,0.3,0.8333333333333334,0.2352941176470588,0.3,22.217391304347824,,0.3125,,,3.0,,,,,3.0,,,,,,,,,,,0.1764705882352941,,,,,,,,,1.0,,,,,,,,,,,0.0,,,,14.0,0.36666666666666664,-0.10582524271844662
202665,Chastity Reed,1,11,2011,296,TUL,1611661321,23.0,73.0,155.0,Arkansas-Little Rock,USA,2011,3,25,144.605,17,46,0,1,4,6,2,19,21,8,12,3,1,2,26,6,38,-74,0,0,1.5,99.25,103.0,103.0,-22.9,106.2,80.1,82.71,11.6,80.1,96.93,-22.9,-24.8,99.25,81.4,4.2,0.67,75.2,75.0,2628,,,,,,,,,,,,,0.091,0.37,0.0,0.667,17.4,0.08,0.118,0.158,17.5,0.391,0.37,0.189,0.014,0.184,,,,,,,,,,,,,,,,,,,1611661321,Chastity Reed,Chastity Reed,202665,TUL,8675.0,11,145,-74.0,285,293,87,111,31,578,1.0,1.0,1.0,1.0,,,2.0,9.0,35.0,17.0,45.0,4.0,38.0,311,2.0,7.0,,4.0,8.0,19.0,1.0,17.0,18.0,16.0,,2.0,6.0,2.0,8.0,2.0,,3.0,2.0,1.0,18.0,,2.0,,5.0,14,,19,2.0,21,0.0,3.0,3.0,,7.0,1.0,6.0,5.0,2.0,1.0,2.0,12.0,1.0,3.0,9.0,26.0,,1.0,,6.0,1.0,,0.0,3.0,,1.0,,1.0,1.0,,34.0,17.0,87,9.0,,10.0,,12.0,2.0,16.0,2.0,,83.15789473684211,106.1433447098976,0.5294117647058824,0.5294117647058824,0.3777777777777777,0.2857142857142857,0.4210526315789473,0.3695652173913043,0.2857142857142857,0.4210526315789473,0.3877551020408163,0.2857142857142857,0.425,0.0444444444444444,,0.1111111111111111,19.122257053291538,0.5833333333333334,,,0.1891891891891892,0.0196078431372549,0.1388888888888889,,0.1727272727272727,0.0150375939849624,0.0476190476190476,0.024390243902439,,,,0.1304347826086956,0.2,0.25,0.12,0.1818181818181818,,,0.0217391304347826,1.0,1.0,,0.1956521739130435,0.2222222222222222,0.25,,0.7608695652173914,0.1428571428571428,1.0,,,,0.0434782608695652,0.3836478260869565,0.4379,0.3699473684210526,0.0612244897959183,0.0625,0.1052631578947368,0.4473684210526316,14.675555555555556,,0.4285714285714285,0.3052631578947368,14.0,1.0,,,,,,,,,,,,,,,0.0217391304347826,0.4,0.4117647058823529,0.6428571428571429,0.0217391304347826,,,,,,,21.3,0.2857142857142857,,,,,,,,,,,,,,,,,,,,,,,,,0.0285714285714285,,,,,,,,,,,,,,,0.0,,2.0,,3.0,0.34545454545454546,-0.1270373639305678
100690,Coco Miller,17,31,2011,1118,ATL,1611661330,33.0,69.0,140.0,Georgia,USA,2001,1,9,538.3883333333333,96,222,15,45,20,37,22,37,59,43,31,18,1,12,64,31,227,-79,0,0,3.1,100.08,101.6,101.6,-6.2,102.5,95.3,83.4,13.7,95.3,100.33,-6.2,-8.4,100.08,94.1,7.2,1.39,388.3,382.0,2821,,,,,,,,,,,,,0.548,0.432,0.333,0.541,9.9,0.052,0.137,0.069,9.9,0.476,0.466,0.207,0.036,0.202,,,,,,,,,,,,,,,,,,,1611661330,Coco Miller,Coco Miller,100690,ATL,32298.0,31,538,-79.0,1086,1091,293,304,178,2177,18.0,30.0,4.0,6.0,5.0,9.0,26.0,56.0,91.0,81.0,177.0,20.0,227.0,1145,12.0,24.0,3.0,33.0,19.0,40.0,9.0,65.0,96.0,66.0,6.0,10.0,37.0,6.0,43.0,4.0,2.0,20.0,6.0,11.0,92.0,4.0,18.0,,9.0,28,,37,22.0,59,3.0,18.0,12.0,6.0,20.0,5.0,8.0,11.0,3.0,12.0,,31.0,4.0,7.0,26.0,64.0,1.0,6.0,,31.0,1.0,4.0,1.0,13.0,4.0,1.0,1.0,,1.0,,194.0,65.0,293,11.0,4.0,1.0,,14.0,2.0,3.0,,3.0,98.158379373849,104.94958753437211,0.5925925925925926,0.6153846153846154,0.4576271186440678,0.5,0.475,0.4662162162162162,0.5357142857142857,0.4745762711864407,0.4748953974895397,0.532258064516129,0.5,0.0564971751412429,0.0333333333333333,0.0892857142857142,20.689655172413797,0.6451612903225806,,,0.0797720797720797,0.039647577092511,0.0681818181818181,0.0454545454545454,0.0766045548654244,0.040590405904059,0.0222222222222222,0.0473372781065088,0.0466666666666666,0.0597014925373134,,0.088235294117647,0.079646017699115,0.0686274509803921,0.0833333333333333,0.0277777777777777,0.027027027027027,,0.1351351351351351,0.6,0.6206896551724138,0.5555555555555556,0.2522522522522522,0.4642857142857143,0.5098039215686274,0.5,0.4099099099099099,0.2142857142857142,0.6666666666666666,,0.1525423728813559,0.5555555555555556,0.3378378378378378,0.4348648401826483,0.450472,0.4380767857142857,0.0595744680851063,0.0687830687830687,0.145374449339207,0.2863436123348017,12.129378531073447,0.0833333333333333,0.5333333333333333,0.2697974217311233,37.0,13.0,14.0,32.0,14.0,19.0,42.0,30.0,14.0,,,,,0.9333333333333332,0.3333333333333333,0.3488372093023256,0.2027027027027027,0.4065934065934066,0.425287356321839,0.6756756756756757,0.0585585585585585,0.1441441441441441,0.4375,0.4666666666666667,0.9285714285714286,0.2372881355932203,0.4666666666666667,24.38,0.4074074074074074,0.3846153846153846,1.0,1.0,5.0,4.0,5.0,4.0,6.0,3.0,2.0,1.0,,0.3157894736842105,0.0444444444444444,0.0625,0.0769230769230769,0.0769230769230769,1.0,0.1428571428571428,0.0847457627118644,0.2,0.3571428571428571,,,0.0439560439560439,,2.0,2.0,,0.5,0.5,1.0,,,1.0,,,,0.0217391304347826,0.0,,,,22.0,0.43653846153846154,-0.03595344784665172
201907,Courtney Paris,18,28,2011,558,ATL,1611661330,24.0,76.0,250.0,Oklahoma,USA,2009,1,7,268.5366666666667,40,77,0,1,16,31,38,50,88,10,8,8,11,12,45,25,96,-20,0,0,1.4,99.92,100.0,100.0,-3.2,101.4,96.8,83.27,9.3,96.8,100.14,-3.2,-6.5,99.92,95.0,2.8,1.25,265.6,232.0,2821,,,,,,,,,,,,,0.643,0.519,0.0,0.516,7.5,0.147,0.063,0.179,7.4,0.53,0.519,0.149,0.119,0.141,,,,,,,,,,,,,,,,,,,1611661330,Courtney Paris,Courtney Paris,201907,ATL,16109.0,28,268,-20.0,539,538,177,192,100,1077,35.0,63.0,19.0,33.0,12.0,19.0,4.0,12.0,1.0,40.0,76.0,16.0,96.0,560,20.0,36.0,6.0,46.0,13.0,22.0,7.0,33.0,52.0,28.0,24.0,12.0,10.0,,10.0,,,4.0,1.0,5.0,20.0,1.0,32.0,5.0,6.0,37,7.0,50,38.0,88,2.0,8.0,5.0,3.0,5.0,,3.0,3.0,,2.0,1.0,8.0,1.0,3.0,26.0,45.0,,1.0,,25.0,2.0,,7.0,19.0,,11.0,6.0,5.0,11.0,7.0,50.0,33.0,177,1.0,,12.0,,9.0,,4.0,,,100.18552875695734,104.08921933085502,0.65,0.9285714285714286,0.5263157894736842,0.5555555555555556,0.5909090909090909,0.5194805194805194,0.5555555555555556,0.5652173913043478,0.5393258426966292,0.5897435897435898,0.5892857142857143,0.1578947368421052,0.1587301587301587,0.1666666666666666,14.520958083832337,0.625,0.2916666666666667,0.125,0.2055555555555555,0.1379310344827586,0.088235294117647,0.0256410256410256,0.1733870967741935,0.1217712177121771,0.1511627906976744,0.1139240506329113,0.1492537313432835,0.032258064516129,,0.2,0.2419354838709677,0.1698113207547169,0.0754716981132075,0.1333333333333333,0.0833333333333333,0.6363636363636364,0.8181818181818182,0.5555555555555556,0.660377358490566,0.6,0.1558441558441558,0.3333333333333333,0.4,1.0,0.0129870129870129,0.9166666666666666,0.5757575757575758,0.3157894736842105,0.8260869565217391,0.631578947368421,0.8311688311688312,0.5462948051948052,0.58778,0.5551391304347826,0.2134831460674157,0.2159090909090909,0.4791666666666667,0.34375,2.6631578947368424,0.6428571428571429,0.25,0.3283858998144712,1.0,,,1.0,1.0,1.0,,1.0,,,,,,,,,0.0129870129870129,1.0,1.0,1.0,,0.0129870129870129,,,,0.0434782608695652,,27.0,,,,,,,,,,,,,,,,,,,,,,,,,,,,,,,,,,,,,,,,,0.0,,,,15.0,0.5217391304347826,0.04924722104966933
202664,Courtney Vandersloot,14,34,2011,1540,CHI,1611661329,23.0,68.0,,Gonzaga,USA,2011,1,3,777.4166666666666,84,215,16,59,36,47,5,62,67,127,92,24,13,16,86,52,220,22,1,0,2.5,95.24,91.6,91.6,1.7,91.6,93.3,79.37,27.8,93.3,95.21,1.7,1.7,95.24,93.3,6.3,1.38,509.9,504.0,2647,,,,,,,,,,,,,0.412,0.391,0.271,0.766,20.1,0.044,0.278,0.078,20.2,0.467,0.428,0.191,0.007,0.187,,,,,,,,,,,,,,,,,,,1611661329,Courtney Vandersloot,Courtney Vandersloot,202664,CHI,46646.0,34,777,22.0,1496,1487,323,310,180,2983,35.0,60.0,1.0,3.0,9.0,12.0,18.0,52.0,44.0,68.0,156.0,36.0,220.0,1415,5.0,10.0,3.0,22.0,15.0,29.0,17.0,62.0,34.0,102.0,,16.0,95.0,32.0,127.0,23.0,9.0,62.0,22.0,11.0,286.0,1.0,4.0,,18.0,42,2.0,62,5.0,67,3.0,24.0,15.0,9.0,59.0,20.0,40.0,33.0,4.0,19.0,1.0,92.0,6.0,13.0,43.0,86.0,1.0,,2.0,52.0,1.0,8.0,1.0,13.0,11.0,12.0,6.0,4.0,13.0,7.0,198.0,62.0,322,8.0,10.0,23.0,,22.0,,26.0,9.0,5.0,96.05614973262033,95.15803631472764,0.25,0.25,0.4358974358974359,0.5,0.5172413793103449,0.427906976744186,0.4318181818181818,0.5,0.4621848739495798,0.4583333333333333,0.543859649122807,0.1025641025641025,0.0666666666666666,0.1923076923076923,19.343493552168816,0.6413043478260869,0.0454545454545454,,0.075,0.0076190476190476,0.1058823529411764,0.0068027210884353,0.0821917808219178,0.0074404761904761,,0.0095238095238095,0.0140845070422535,,0.0238095238095238,0.0944444444444444,0.0677083333333333,0.0638297872340425,0.0956521739130434,0.1272727272727272,0.02803738317757,0.5384615384615384,0.2790697674418604,0.5833333333333334,0.625,0.2285714285714285,0.241860465116279,0.3461538461538461,0.4285714285714285,0.2777777777777778,0.2046511627906976,0.1363636363636363,0.3333333333333333,1.0,0.2666666666666666,0.75,0.5534883720930233,0.4820839622641509,0.4711882352941176,0.4645845238095238,0.0572687224669603,0.0773809523809523,0.1,0.2818181818181818,8.453205128205129,0.28,0.4242424242424242,0.2159090909090909,15.0,10.0,12.0,49.0,13.0,16.0,39.0,46.0,12.0,3.0,1.0,,,0.8125,0.2711864406779661,0.2857142857142857,0.2744186046511628,0.3409090909090909,0.3571428571428571,0.2666666666666666,0.0465116279069767,0.227906976744186,0.2448979591836734,0.2448979591836734,0.75,0.2888888888888888,0.2608695652173913,23.5864406779661,0.2068965517241379,0.2777777777777778,4.0,1.0,3.0,10.0,4.0,12.0,5.0,9.0,,,2.0,0.3125,,,0.4,0.4,1.0,0.4545454545454545,0.0666666666666666,0.3333333333333333,0.3076923076923077,1.0,2.0,0.0454545454545454,0.0909090909090909,2.0,3.0,3.0,0.25,0.2,1.0,1.0,1.0,,,0.5,1.0,,0.0,5.0,,,42.0,0.3832752613240418,-0.08921664806107144
201518,Crystal Langhorne,6,31,2011,2019,WAS,1611661322,25.0,74.0,190.0,Maryland,USA,2008,1,6,1062.8016666666667,227,425,1,8,108,152,96,139,235,51,102,39,15,48,72,130,563,-179,7,0,7.3,91.07,103.7,103.7,-9.1,102.6,94.6,75.89,7.9,94.6,92.6,-9.1,-10.1,91.07,92.5,13.7,0.5,981.5,958.0,2585,,,,,,,,,,,,,0.194,0.534,0.125,0.711,15.8,0.119,0.107,0.152,15.8,0.572,0.535,0.251,0.09,0.247,,,,,,,,,,,,,,,,,,,1611661322,Crystal Langhorne,Crystal Langhorne,201518,WAS,63772.0,31,1063,-179.0,1981,1972,380,403,311,3953,176.0,254.0,50.0,71.0,26.0,42.0,18.0,67.0,96.0,226.0,417.0,108.0,563.0,2088,58.0,96.0,28.0,144.0,35.0,67.0,25.0,95.0,274.0,178.0,48.0,48.0,30.0,21.0,51.0,13.0,8.0,19.0,4.0,7.0,123.0,29.0,63.0,4.0,30.0,96,13.0,139,96.0,235,3.0,39.0,26.0,13.0,50.0,7.0,21.0,52.0,7.0,29.0,20.0,102.0,14.0,26.0,37.0,72.0,2.0,2.0,7.0,130.0,8.0,7.0,20.0,76.0,10.0,15.0,9.0,6.0,15.0,8.0,419.0,95.0,376,5.0,11.0,28.0,1.0,18.0,,18.0,5.0,,96.36547198384656,105.88235294117648,0.6061946902654868,0.6782178217821783,0.5419664268585132,0.6041666666666666,0.5223880597014925,0.5352941176470588,0.6041666666666666,0.4794520547945205,0.5733197556008147,0.6371681415929203,0.5337078651685393,0.1151079136690647,0.1023622047244094,0.3134328358208955,25.24478501489996,0.4901960784313725,0.2826086956521739,0.0571428571428571,0.1454545454545454,0.09,0.160427807486631,0.1111111111111111,0.1487603305785124,0.0957336108220603,0.1111111111111111,0.0892857142857142,0.0686695278969957,0.1016949152542373,0.1309523809523809,0.1470588235294117,0.1532258064516129,0.1346153846153846,0.1791044776119403,0.1132075471698113,0.0205479452054794,0.5333333333333333,0.5976470588235294,0.6929133858267716,0.7719298245614035,0.5795454545454546,0.1576470588235294,0.2686567164179104,0.391304347826087,0.3888888888888889,0.2258823529411764,0.7395833333333334,0.704225352112676,0.3,0.5753424657534246,0.6190476190476191,0.6164705882352941,0.4987378537735849,0.5339826086956522,0.4863229166666667,0.158004158004158,0.160676532769556,0.2557726465364121,0.1687388987566607,6.003357314148682,0.4285714285714285,0.3125,0.1918223119636547,32.0,1.0,,7.0,6.0,6.0,3.0,7.0,,2.0,,,2.0,1.0,0.125,0.125,0.0188235294117647,0.3333333333333333,0.3368421052631579,0.875,0.0023529411764705,0.0164705882352941,,,,0.0821917808219178,,25.05,0.2222222222222222,0.4,1.0,,,,,,,,,,,,,,1.0,1.0,1.0,,,,,,,0.0104166666666666,,,,2.0,,,,,,,,,,,0.0,,,,56.0,0.4947275922671353,0.022235682882022045
202634,Danielle Adams,15,23,2011,989,SAN,1611661319,23.0,73.0,239.0,Texas A&M, ,2011,2,20,480.2166666666666,99,230,35,100,53,71,35,63,98,13,27,12,15,25,60,76,286,92,0,0,4.3,98.21,93.2,93.2,8.1,93.3,101.3,81.84,4.4,101.3,97.85,8.1,8.6,98.21,102.0,10.0,0.48,477.1,486.0,2674,,,,,,,,,,,,,0.652,0.43,0.35,0.746,9.1,0.101,0.052,0.133,9.0,0.547,0.507,0.265,0.07,0.254,,,,,,,,,,,,,,,,,,,1611661319,Danielle Adams,Danielle Adams,202634,SAN,28814.0,23,480,92.0,955,952,286,283,115,1907,41.0,63.0,15.0,22.0,11.0,17.0,19.0,49.0,18.0,64.0,130.0,53.0,286.0,910,18.0,34.0,16.0,67.0,16.0,36.0,19.0,78.0,76.0,52.0,34.0,23.0,12.0,1.0,13.0,,1.0,8.0,2.0,2.0,27.0,4.0,30.0,1.0,12.0,46,5.0,63,35.0,98,0.0,12.0,8.0,4.0,10.0,5.0,7.0,17.0,,3.0,2.0,27.0,2.0,6.0,26.0,60.0,,4.0,6.0,76.0,3.0,18.0,14.0,38.0,3.0,15.0,7.0,6.0,15.0,6.0,219.0,78.0,282,7.0,5.0,11.0,1.0,16.0,4.0,23.0,16.0,9.0,104.92146596858638,95.58823529411764,0.59375,0.8085106382978723,0.4923076923076923,0.5294117647058824,0.4444444444444444,0.5065217391304347,0.5543478260869565,0.4538461538461538,0.5542635658914729,0.6320754716981132,0.527027027027027,0.1769230769230769,0.1587301587301587,0.2244897959183673,26.170798898071624,0.3703703703703703,0.1851851851851851,0.0333333333333333,0.1446540880503144,0.101010101010101,0.1025641025641025,0.0254777070063694,0.1333333333333333,0.0748898678414096,0.1346153846153846,0.1025641025641025,0.0526315789473684,0.0186915887850467,0.04,0.1067961165048543,0.1774193548387097,0.1428571428571428,0.1058823529411764,0.09375,,0.4,0.2739130434782608,0.6507936507936508,0.7735849056603774,0.5609756097560976,0.2130434782608695,0.3877551020408163,0.5,0.631578947368421,0.0782608695652174,0.4782608695652174,0.6818181818181818,,0.2615384615384615,0.6470588235294118,0.7086956521739131,0.4965978260869565,0.5368243243243244,0.4958353846153846,0.1529411764705882,0.2467532467532467,0.2342657342657342,0.2727272727272727,6.586153846153847,0.4090909090909091,0.2068965517241379,0.2994764397905759,4.0,19.0,30.0,81.0,24.0,29.0,102.0,81.0,30.0,,,,4.0,0.9714285714285714,0.35,0.35,0.4347826086956521,0.2222222222222222,0.25,0.75,0.0826086956521739,0.3521739130434783,0.3703703703703703,0.379746835443038,1.0,0.3692307692307692,0.3703703703703703,22.064,0.1428571428571428,0.203125,5.0,,5.0,11.0,9.0,12.0,9.0,3.0,2.0,,2.0,0.3103448275862069,0.02,0.0246913580246913,0.2631578947368421,0.2631578947368421,0.8,0.2391304347826087,0.0769230769230769,,0.375,,1.0,0.1111111111111111,0.0217391304347826,5.0,5.0,1.0,0.4166666666666667,0.4545454545454545,1.0,,,1.0,,,,0.0099009900990099,0.0,,,,37.0,0.5134649910233393,0.04097308163822605
202263,Danielle McCray,21,34,2011,1025,CON,1611661323,24.0,71.0,,Kansas, ,2010,1,7,513.0233333333333,69,173,34,87,27,35,14,63,77,42,34,16,4,18,45,31,199,29,0,0,2.0,95.76,95.8,95.8,2.5,96.4,98.3,79.8,15.9,98.3,95.62,2.5,1.6,95.76,98.0,5.1,1.24,380.4,392.0,2727,,,,,,,,,,,,,0.618,0.399,0.391,0.771,12.9,0.075,0.137,0.128,12.9,0.528,0.497,0.191,0.026,0.186,,,,,,,,,,,,,,,,,,,1611661323,Danielle McCray,Danielle McCray,202263,CON,30779.0,34,513,29.0,997,989,178,104,138,1986,27.0,45.0,3.0,5.0,3.0,4.0,3.0,20.0,21.0,35.0,86.0,27.0,199.0,979,3.0,9.0,3.0,12.0,3.0,8.0,9.0,33.0,40.0,30.0,6.0,16.0,33.0,9.0,42.0,7.0,2.0,12.0,9.0,12.0,93.0,3.0,10.0,1.0,20.0,39,4.0,63,14.0,77,0.0,16.0,13.0,3.0,19.0,3.0,14.0,15.0,3.0,5.0,1.0,34.0,4.0,6.0,21.0,45.0,3.0,2.0,1.0,31.0,,3.0,5.0,15.0,5.0,4.0,2.0,1.0,4.0,3.0,187.0,31.0,176,1.0,4.0,8.0,,4.0,,,,,101.10330992978936,98.98887765419616,0.5714285714285714,0.625,0.4069767441860465,0.3333333333333333,0.375,0.4971098265895953,0.3,0.5,0.5292553191489362,0.375,0.5689655172413793,0.1860465116279069,0.1555555555555555,0.35,19.121447028423773,0.5588235294117647,0.1538461538461538,0.0416666666666666,0.1167664670658682,0.0273224043715847,0.1626016260162601,0.0223880597014925,0.1291028446389496,0.026,0.018348623853211,0.0277777777777777,0.0353982300884955,0.0303030303030303,,0.0892857142857142,0.1181818181818181,0.1428571428571428,0.1724137931034483,0.1388888888888889,,0.75,0.2601156069364161,0.6,0.7105263157894737,0.5185185185185185,0.1156069364161849,0.15,0.2307692307692307,0.6666666666666666,0.1213872832369942,0.3333333333333333,0.6,,0.1666666666666666,0.75,0.7630057803468208,0.5154060693641619,0.5071807692307693,0.5180375,0.081967213114754,0.15625,0.0603015075376884,0.1658291457286432,7.173255813953488,0.3333333333333333,0.3529411764705882,0.1785356068204613,5.0,27.0,24.0,60.0,14.0,16.0,78.0,60.0,24.0,2.0,,,,0.7647058823529411,0.3908045977011494,0.3908045977011494,0.5028901734104047,0.238095238095238,0.2631578947368421,0.8,0.1560693641618497,0.3468208092485549,0.4,0.4137931034482758,0.7083333333333334,0.5833333333333334,0.4,22.210344827586205,0.25,0.25,10.0,,2.0,5.0,6.0,6.0,6.0,24.0,2.0,,1.0,0.375,0.0229885057471264,0.0333333333333333,0.3703703703703703,0.3703703703703703,0.9,0.3333333333333333,0.0833333333333333,,0.4285714285714285,,1.0,0.0952380952380952,0.0666666666666666,1.0,1.0,,0.1666666666666666,0.2,1.0,,,,,,,,0.0,,,,22.0,0.47836538461538464,0.005873475230271374
202658,Danielle Robinson,18,34,2011,1576,SAN,1611661319,23.0,69.0,125.0,Oklahoma,USA,2011,1,6,786.215,98,213,0,1,84,93,24,55,79,132,60,28,4,8,76,82,280,45,0,0,2.9,95.61,97.8,97.8,1.6,96.8,99.4,79.67,29.6,99.4,96.31,1.6,2.1,95.61,99.0,6.3,2.2,608.8,555.0,2674,,,,,,,,,,,,,0.529,0.46,0.0,0.903,13.5,0.052,0.283,0.074,13.5,0.551,0.46,0.182,0.031,0.178,,,,,,,,,,,,,,,,,,,1611661319,Danielle Robinson,Danielle Robinson,202658,SAN,47179.0,34,786,45.0,1536,1528,338,384,157,3064,51.0,92.0,5.0,7.0,9.0,14.0,22.0,52.0,68.0,98.0,212.0,84.0,280.0,1522,9.0,16.0,1.0,19.0,18.0,44.0,37.0,73.0,88.0,108.0,4.0,8.0,78.0,54.0,132.0,45.0,9.0,32.0,14.0,32.0,318.0,10.0,14.0,,16.0,37,2.0,55,24.0,79,3.0,28.0,20.0,8.0,37.0,11.0,28.0,23.0,4.0,9.0,4.0,60.0,1.0,12.0,19.0,76.0,,2.0,4.0,82.0,1.0,12.0,7.0,36.0,12.0,4.0,2.0,,4.0,1.0,261.0,67.0,332,16.0,9.0,19.0,,32.0,,30.0,6.0,5.0,102.01822916666669,99.60732984293196,0.4489795918367347,0.4583333333333333,0.4622641509433962,0.5625,0.4090909090909091,0.460093896713615,0.5625,0.4090909090909091,0.5433070866141733,0.5625,0.5887096774193549,0.0377358490566037,0.0760869565217391,0.0192307692307692,18.245206275421264,0.6166666666666667,0.048780487804878,,0.0708812260536398,0.0281124497991967,0.0981595092024539,0.0467289719626168,0.0773722627737226,0.0337078651685393,0.0379746835443038,0.0309278350515463,0.0136986301369863,0.0529801324503311,0.0317460317460317,0.0658682634730539,0.0792079207920792,0.065359477124183,0.1290322580645161,,0.0285714285714285,0.25,0.431924882629108,0.5543478260869565,0.6,0.392156862745098,0.244131455399061,0.4230769230769231,0.4313725490196078,0.5,0.3192488262910798,0.4375,0.7142857142857143,0.4,0.3181818181818182,0.6428571428571429,0.4366197183098591,0.473087558685446,0.5256090909090909,0.4269909090909091,0.1487603305785124,0.1493775933609958,0.0678571428571428,0.2607142857142857,8.502830188679244,0.3902439024390244,0.1666666666666666,0.2200520833333333,25.0,,,1.0,,,,1.0,,,,,11.0,,,,0.0046948356807511,0.3676470588235294,0.3676470588235294,0.52,,0.0046948356807511,,,,,,33.0,0.238095238095238,,,,,,,,,,,4.0,2.0,,,,,,,,,,,,,,,,,2.0,,,,,,,,,,,0.0,,,,43.0,0.49122807017543857,0.018736160790325307
100396,DeLisha Milton-Jones,15,34,2011,1720,LAS,1611661320,37.0,73.0,185.0,Florida,USA,1999,1,4,890.6533333333333,154,333,25,71,64,77,55,103,158,67,83,32,12,14,99,109,397,-42,0,0,4.5,92.7,103.7,103.7,-2.4,102.9,101.2,77.25,13.0,101.2,93.06,-2.4,-1.7,92.7,101.2,9.8,0.81,736.1,735.0,2637,,,,,,,,,,,,,0.441,0.462,0.352,0.831,16.1,0.095,0.134,0.123,16.1,0.541,0.5,0.236,0.067,0.232,,,,,,,,,,,,,,,,,,,1611661320,DeLisha Milton-Jones,DeLisha Milton-Jones,100396,LAS,53438.0,34,891,-42.0,1688,1687,358,253,181,3375,74.0,112.0,23.0,31.0,10.0,13.0,31.0,80.0,70.0,129.0,262.0,64.0,397.0,1783,25.0,42.0,15.0,71.0,20.0,38.0,30.0,91.0,150.0,108.0,32.0,13.0,48.0,19.0,67.0,15.0,4.0,28.0,14.0,6.0,153.0,12.0,35.0,8.0,34.0,62,7.0,103,55.0,158,12.0,32.0,15.0,17.0,32.0,10.0,22.0,51.0,8.0,10.0,7.0,83.0,6.0,16.0,23.0,99.0,4.0,16.0,19.0,108.0,10.0,8.0,8.0,28.0,14.0,10.0,2.0,6.0,12.0,8.0,326.0,87.0,352,5.0,12.0,49.0,,32.0,12.0,30.0,9.0,4.0,103.1398104265403,105.6905749851808,0.5813953488372093,0.6637168141592921,0.4923664122137404,0.5952380952380952,0.5263157894736842,0.5,0.5833333333333334,0.5648148148148148,0.5395095367847411,0.6339285714285714,0.6408450704225352,0.049618320610687,0.0446428571428571,0.0875,23.547880690737838,0.3855421686746988,0.1944444444444444,0.1860465116279069,0.1135531135531135,0.0643382352941176,0.1459227467811159,0.054054054054054,0.1232349165596919,0.0613577023498694,0.0616438356164383,0.0689655172413793,0.0602409638554216,0.0522875816993464,0.0579710144927536,0.0848484848484848,0.0992063492063492,0.1782945736434108,0.1117318435754189,0.2592592592592592,0.073170731707317,0.6666666666666666,0.3363363363363363,0.6607142857142857,0.6915887850467289,0.6486486486486487,0.2402402402402402,0.3875,0.4246575342465753,0.3870967741935484,0.2102102102102102,0.6458333333333334,0.7419354838709677,0.0869565217391304,0.2407407407407407,0.7692307692307693,0.5495495495495496,0.4710314759036145,0.5140041666666666,0.4522679245283018,0.0793201133144475,0.0992907801418439,0.1788413098236775,0.2292191435768261,8.074809160305342,0.3157894736842105,0.3061224489795918,0.212085308056872,24.0,28.0,16.0,43.0,9.0,16.0,75.0,42.0,16.0,,2.0,,3.0,1.0,0.352112676056338,0.3571428571428571,0.2132132132132132,0.3428571428571428,0.3478260869565217,0.625,0.084084084084084,0.1291291291291291,0.3720930232558139,0.3809523809523809,1.0,0.1666666666666666,0.3809523809523809,22.749295774647887,0.2608695652173913,0.2444444444444444,9.0,2.0,7.0,3.0,5.0,6.0,7.0,,1.0,1.0,2.0,0.4375,0.0140845070422535,0.0232558139534883,0.3214285714285714,0.3214285714285714,1.0,0.0625,0.1296296296296296,0.2857142857142857,0.5555555555555556,2.0,3.0,0.0142857142857142,0.0625,1.0,2.0,1.0,0.3333333333333333,0.3333333333333333,1.0,1.0,,,,0.3333333333333333,1.0,,0.0,,,,49.0,0.4765906362545018,0.004098726869388558
100533,DeMya Walker,8,30,2011,943,WAS,1611661322,34.0,75.0,200.0,Virginia,USA,Undrafted,Undrafted,Undrafted,489.0566666666667,57,144,0,3,36,49,46,50,96,24,45,10,7,14,72,71,150,-123,0,0,1.9,92.75,101.8,101.8,-12.6,103.5,89.2,77.29,10.2,89.2,92.2,-12.6,-14.7,92.75,88.8,4.8,0.53,307.2,304.0,2585,,,,,,,,,,,,,0.267,0.396,0.0,0.735,19.1,0.103,0.095,0.115,19.2,0.453,0.396,0.194,0.092,0.188,,,,,,,,,,,,,,,,,,,1611661322,DeMya Walker,DeMya Walker,100533,WAS,29342.0,30,489,-123.0,908,906,237,238,149,1814,39.0,77.0,12.0,20.0,10.0,20.0,7.0,36.0,28.0,57.0,141.0,36.0,150.0,964,14.0,29.0,8.0,36.0,11.0,31.0,17.0,39.0,60.0,54.0,12.0,14.0,18.0,6.0,24.0,3.0,3.0,16.0,,2.0,54.0,8.0,36.0,2.0,8.0,37,5.0,50,46.0,96,7.0,10.0,5.0,5.0,18.0,3.0,11.0,27.0,3.0,7.0,8.0,45.0,4.0,9.0,21.0,72.0,,7.0,8.0,70.0,5.0,15.0,3.0,23.0,3.0,7.0,2.0,4.0,7.0,6.0,114.0,39.0,236,8.0,5.0,7.0,,18.0,,21.0,7.0,2.0,92.62114537444934,106.401766004415,0.5263157894736842,0.5882352941176471,0.4042553191489361,0.4827586206896552,0.3548387096774194,0.3958333333333333,0.4827586206896552,0.34375,0.4491017964071856,0.5142857142857142,0.4642857142857143,0.0992907801418439,0.0779220779220779,0.1388888888888889,19.55719557195572,0.4,0.2,0.0833333333333333,0.1201298701298701,0.1049562682215743,0.0930232558139534,0.0695652173913043,0.1142131979695431,0.0960698689956331,0.0943396226415094,0.074074074074074,0.1395348837209302,0.0657894736842105,0.0769230769230769,0.1585365853658536,0.0948275862068965,0.1181818181818181,0.0983606557377049,0.08,0.0972222222222222,0.8571428571428571,0.5347222222222222,0.5064935064935064,0.5492957746478874,0.4358974358974359,0.25,0.1944444444444444,0.2258064516129032,0.2857142857142857,0.1944444444444444,0.6896551724137931,0.6,0.3333333333333333,0.625,0.5,0.5555555555555556,0.4766760416666666,0.4987999999999999,0.4643453125,0.1402439024390244,0.1428571428571428,0.24,0.26,5.991489361702128,0.2631578947368421,0.5714285714285714,0.2610132158590308,11.0,,,3.0,1.0,1.0,,3.0,,,,,,,,,0.0208333333333333,0.3928571428571428,0.44,1.0,,0.0208333333333333,,,,0.03125,,22.2,0.3125,0.6666666666666666,,,,,,,,,,,1.0,,,,,,,,,,,,,0.1071428571428571,,,,4.0,,,,,,,,,,,0.0,1.0,,,35.0,0.3865979381443299,-0.08589397124078335
201886,DeWanna Bonner,19,34,2011,1755,PHO,1611661317,24.0,76.0,137.0,Auburn,USA,2009,1,5,856.8916666666667,120,279,35,102,90,99,62,176,238,27,34,34,36,15,61,77,365,33,5,0,3.5,98.25,101.0,101.0,1.8,100.5,102.7,81.88,7.0,102.7,98.51,1.8,2.1,98.25,102.7,8.2,0.79,867.1,805.0,2820,,,,,,,,,,,,,0.559,0.43,0.343,0.909,8.8,0.137,0.055,0.196,8.9,0.566,0.493,0.183,0.074,0.179,,,,,,,,,,,,,,,,,,,1611661317,DeWanna Bonner,DeWanna Bonner,201886,PHO,51412.0,34,857,33.0,1710,1714,600,468,214,3424,57.0,83.0,12.0,20.0,12.0,17.0,17.0,57.0,37.0,85.0,177.0,90.0,365.0,1770,15.0,33.0,23.0,56.0,22.0,49.0,39.0,113.0,98.0,72.0,22.0,15.0,20.0,7.0,27.0,3.0,4.0,12.0,5.0,3.0,61.0,14.0,46.0,2.0,41.0,124,11.0,176,62.0,238,10.0,34.0,31.0,3.0,24.0,2.0,19.0,10.0,2.0,5.0,4.0,34.0,2.0,12.0,38.0,61.0,,3.0,1.0,77.0,6.0,6.0,8.0,46.0,8.0,36.0,13.0,22.0,36.0,17.0,309.0,111.0,595,7.0,7.0,23.0,,7.0,,3.0,,3.0,105.43859649122808,103.26721120186696,0.5764705882352941,0.6621621621621622,0.480225988700565,0.4545454545454545,0.4489795918367347,0.492831541218638,0.4459459459459459,0.4868421052631579,0.5615384615384615,0.56,0.5885416666666666,0.0847457627118644,0.0481927710843373,0.1929824561403508,18.302658486707568,0.7058823529411765,0.1746031746031746,0.0625,0.2167832167832167,0.0879541108986615,0.1759656652360515,0.0528301886792452,0.2049689440993788,0.0761421319796954,0.1065573770491803,0.0896226415094339,0.074074074074074,0.0526315789473684,0.054054054054054,0.2247191011235955,0.2167300380228136,0.2061068702290076,0.1875,0.1403508771929824,0.0714285714285714,0.4722222222222222,0.2974910394265233,0.6867469879518072,0.7215189873417721,0.631578947368421,0.2043010752688172,0.2982456140350877,0.3695652173913043,0.5294117647058824,0.1326164874551971,0.5405405405405406,0.6,0.0833333333333333,0.2236842105263158,0.7058823529411765,0.6630824372759857,0.4893028673835125,0.5127086206896552,0.4521381578947368,0.1451104100946372,0.213953488372093,0.1534246575342465,0.3095890410958904,6.988135593220339,0.5,0.325,0.3508771929824561,11.0,10.0,32.0,92.0,23.0,27.0,102.0,92.0,32.0,,,,4.0,0.9714285714285714,0.3431372549019608,0.3431372549019608,0.3655913978494624,0.2972972972972973,0.2972972972972973,0.3636363636363636,0.03584229390681,0.3297491039426523,0.3478260869565217,0.3478260869565217,0.96875,0.3026315789473684,0.3478260869565217,23.65,0.2307692307692307,0.2698412698412698,3.0,1.0,4.0,4.0,9.0,4.0,10.0,3.0,,,1.0,0.3703703703703703,,,0.3,0.3,1.0,0.1081081081081081,0.0526315789473684,0.25,0.391304347826087,,,,,1.0,1.0,,0.25,0.25,1.0,,,,,,,,0.0,,,,57.0,0.5538694992412747,0.08137758985616145
100940,Diana Taurasi,18,32,2011,2013,PHO,1611661317,30.0,72.0,163.0,Connecticut,USA,2004,1,1,964.5266666666666,208,463,81,205,195,216,13,88,101,114,96,24,20,9,113,186,692,140,0,0,6.5,100.13,102.5,102.5,6.9,101.9,109.3,83.44,14.9,109.3,100.64,6.9,6.9,100.13,108.9,14.5,1.19,1020.2,1076.0,2820,,,,,,,,,,,,,0.563,0.449,0.395,0.903,12.6,0.053,0.202,0.086,12.5,0.62,0.537,0.292,0.014,0.284,,,,,,,,,,,,,,,,,,,1611661317,Diana Taurasi,Diana Taurasi,100940,PHO,57875.0,32,965,138.0,1957,1957,500,384,238,3914,40.0,58.0,4.0,5.0,13.0,17.0,44.0,94.0,106.0,127.0,258.0,195.0,692.0,2061,7.0,16.0,14.0,58.0,41.0,79.0,80.0,210.0,114.0,140.0,2.0,7.0,82.0,32.0,114.0,21.0,11.0,67.0,6.0,9.0,260.0,4.0,9.0,,26.0,60,2.0,88,13.0,101,3.0,24.0,17.0,7.0,53.0,16.0,42.0,43.0,1.0,11.0,4.0,96.0,9.0,29.0,43.0,113.0,1.0,3.0,18.0,186.0,6.0,10.0,15.0,73.0,22.0,20.0,7.0,11.0,20.0,11.0,634.0,208.0,496,8.0,21.0,83.0,6.0,72.0,12.0,59.0,29.0,,112.36586612161472,105.31425651507408,0.4488188976377952,0.4523809523809524,0.4922480620155038,0.4375,0.5189873417721519,0.5367170626349892,0.6111111111111112,0.5,0.6193490054249547,0.6627906976744186,0.6005747126436781,0.0271317829457364,0.0172413793103448,0.0425531914893617,29.103139013452918,0.5520833333333334,0.0303030303030303,,0.0895522388059701,0.0158450704225352,0.0996168582375478,0.0145454545454545,0.0923737916219119,0.0154211150652431,0.0138888888888888,0.0234375,0.0059523809523809,0.0176991150442477,,0.0670103092783505,0.0980392156862745,0.1,0.0979381443298969,0.1044776119402985,0.012396694214876,0.55,0.1252699784017278,0.6896551724137931,0.7017543859649122,0.65,0.203023758099352,0.4680851063829787,0.4888888888888889,0.3863636363636363,0.2289416846652267,0.1388888888888889,0.8,0.75,0.1307692307692307,0.7647058823529411,0.5680345572354212,0.481612987012987,0.5089125,0.465172480620155,0.1581920903954802,0.2310126582278481,0.0838150289017341,0.3034682080924855,10.93372093023256,0.6666666666666666,0.34,0.2554931016862545,43.0,33.0,65.0,172.0,42.0,51.0,201.0,171.0,65.0,2.0,,,7.0,0.8271604938271605,0.3951219512195122,0.3970588235294117,0.4427645788336933,0.4056603773584906,0.4134615384615384,0.3255813953488372,0.0712742980561555,0.3714902807775378,0.377906976744186,0.3823529411764705,0.8,0.3230769230769231,0.3801169590643274,22.42439024390244,0.2222222222222222,0.3083333333333333,16.0,5.0,9.0,18.0,11.0,20.0,16.0,42.0,2.0,10.0,2.0,0.3137254901960784,0.0097560975609756,0.0116279069767441,0.4848484848484848,0.4848484848484848,0.9375,0.5,0.0692307692307692,0.5555555555555556,0.2619047619047619,,2.0,0.0188679245283018,0.0555555555555555,9.0,10.0,1.0,0.5,0.5,1.0,1.0,,11.0,,0.5,1.0,0.0511627906976744,1.0,,,,46.0,0.5635179153094463,0.09102600592433302
100384,Dominique Canty,9,22,2011,643,CHI,1611661329,35.0,69.0,166.0,Alabama,USA,1999,3,29,331.14,35,110,1,7,19,33,8,19,27,45,32,10,2,10,37,34,90,-35,0,0,1.6,94.44,92.7,92.7,-3.0,94.3,89.7,78.7,22.4,89.7,94.26,-3.0,-5.8,94.44,88.5,5.0,1.41,193.9,187.0,2647,,,,,,,,,,,,,0.409,0.318,0.143,0.576,15.9,0.041,0.25,0.056,15.9,0.361,0.323,0.218,0.025,0.211,,,,,,,,,,,,,,,,,,,1611661329,Dominique Canty,Dominique Canty,100384,CHI,19868.0,22,331,-35.0,619,626,101,156,80,1245,22.0,47.0,1.0,3.0,3.0,9.0,3.0,22.0,34.0,34.0,103.0,19.0,90.0,612,2.0,9.0,,4.0,5.0,19.0,3.0,13.0,20.0,48.0,2.0,10.0,28.0,17.0,45.0,13.0,4.0,15.0,6.0,7.0,107.0,1.0,7.0,,4.0,13,2.0,19,8.0,27,2.0,10.0,6.0,4.0,15.0,12.0,5.0,17.0,1.0,10.0,1.0,32.0,2.0,2.0,10.0,37.0,,,3.0,34.0,3.0,3.0,5.0,17.0,2.0,2.0,2.0,,2.0,1.0,86.0,13.0,101,4.0,4.0,2.0,1.0,10.0,,1.0,6.0,,93.21486268174476,97.7635782747604,0.2941176470588235,0.303030303030303,0.3300970873786408,0.2222222222222222,0.2631578947368421,0.3227272727272727,0.2,0.238095238095238,0.3629032258064516,0.2,0.26,0.0970873786407767,0.1489361702127659,0.1363636363636363,21.84873949579832,0.46875,0.1333333333333333,,0.0539419087136929,0.0311111111111111,0.0526315789473684,0.0169491525423728,0.0536277602523659,0.028169014084507,0.0259740259740259,0.0454545454545454,0.024390243902439,0.0222222222222222,,0.0853658536585365,0.0348837209302325,0.0410958904109589,0.0363636363636363,0.0952380952380952,0.0333333333333333,0.5,0.4272727272727272,0.4680851063829787,0.55,0.2727272727272727,0.2,0.1363636363636363,0.1578947368421052,,0.3090909090909091,0.3,0.3333333333333333,,0.4285714285714285,0.3333333333333333,0.4909090909090909,0.447896261682243,0.412565,0.4235210526315789,0.1393442622950819,0.1478260869565217,0.0444444444444444,0.1444444444444444,8.589320388349515,0.52,0.4736842105263157,0.1631663974151858,9.0,,1.0,7.0,2.0,2.0,,5.0,1.0,,,,2.0,,0.1428571428571428,0.2,0.0636363636363636,0.2647058823529412,0.2647058823529412,0.4444444444444444,,0.0636363636363636,0.1428571428571428,0.1428571428571428,,0.0952380952380952,0.2,33.642857142857146,0.2916666666666667,,,,,1.0,,1.0,,3.0,,,,,,,,,,0.1,,,,,,,,,,1.0,,,,,,,,,,,0.0,,,,15.0,0.30201342281879195,-0.1704784865663213
100931,Doneeka Lewis,0,5,2011,206,TUL,1611661321,29.0,69.0,160.0,Louisiana State,USA,Undrafted,Undrafted,Undrafted,100.82333333333334,12,43,7,26,0,0,3,8,11,14,13,4,1,2,7,4,31,-48,0,0,2.4,96.88,108.5,108.5,-25.9,108.8,82.5,80.74,20.0,82.5,97.04,-25.9,-26.8,96.88,82.0,8.6,1.08,67.2,73.0,2628,,,,,,,,,,,,,0.0,0.279,0.269,0.0,18.6,0.054,0.28,0.094,18.6,0.36,0.36,0.235,0.025,0.23,,,,,,,,,,,,,,,,,,,1611661321,Doneeka Lewis,Doneeka Lewis,100931,TUL,6049.0,5,101,-48.0,198,196,37,61,34,394,1.0,2.0,,,1.0,1.0,2.0,5.0,10.0,5.0,17.0,,31.0,218,2.0,4.0,,4.0,1.0,4.0,,2.0,6.0,4.0,,1.0,13.0,1.0,14.0,1.0,,8.0,4.0,1.0,29.0,1.0,2.0,,3.0,4,1.0,8,3.0,11,0.0,4.0,4.0,,9.0,3.0,6.0,4.0,,3.0,,13.0,1.0,4.0,4.0,7.0,,,1.0,4.0,,,0.0,,,1.0,1.0,,1.0,,27.0,2.0,37,2.0,,,,7.0,,1.0,,,85.85858585858585,111.22448979591836,0.6,0.6,0.2941176470588235,0.5,0.25,0.3604651162790697,0.2857142857142857,0.1111111111111111,0.3604651162790697,0.2857142857142857,0.1111111111111111,0.0588235294117647,,,23.829787234042552,0.6923076923076923,0.1666666666666666,,0.0689655172413793,0.0317460317460317,0.15,0.0227272727272727,0.0897435897435897,0.02803738317757,,0.0689655172413793,,,0.0555555555555555,,0.1333333333333333,0.0952380952380952,0.1052631578947368,1.0,,,0.0465116279069767,0.5,0.5,,0.1162790697674418,0.4,0.4,0.5,0.2325581395348837,,,,0.1111111111111111,1.0,0.6511627906976745,0.43624875,0.40756,0.39339375,,,0.1290322580645161,0.064516129032258,12.53529411764706,,0.3333333333333333,0.1868686868686868,2.0,9.0,4.0,17.0,4.0,5.0,18.0,15.0,4.0,,,,,0.8571428571428571,0.2692307692307692,0.2916666666666667,0.6046511627906976,0.2,0.2222222222222222,1.0,0.2093023255813953,0.3953488372093023,0.2352941176470588,0.25,0.75,0.4444444444444444,0.2666666666666666,25.638461538461534,0.4285714285714285,0.2142857142857142,3.0,,1.0,1.0,,3.0,,3.0,1.0,,,,0.0384615384615384,0.0588235294117647,0.3333333333333333,0.3333333333333333,1.0,0.1428571428571428,0.1111111111111111,,,,2.0,0.1,0.2857142857142857,,,,,,,,,,,,,,0.0,,,,4.0,0.31,-0.16249190938511326
100928,Ebony Hoffman,15,34,2011,1451,LAS,1611661320,29.0,74.0,215.0,USC,USA,2004,1,9,752.22,97,222,24,56,38,45,44,98,142,37,51,36,9,6,77,43,256,-108,0,0,2.9,92.56,101.6,101.6,-7.5,101.1,94.1,77.13,11.2,94.1,92.87,-7.5,-7.2,92.56,93.9,6.5,0.73,565.9,549.0,2637,,,,,,,,,,,,,0.441,0.437,0.429,0.844,15.5,0.099,0.091,0.133,15.5,0.529,0.491,0.183,0.063,0.179,,,,,,,,,,,,,,,,,,,1611661320,Ebony Hoffman,Ebony Hoffman,100928,LAS,45135.0,34,752,-108.0,1417,1412,265,248,153,2829,44.0,80.0,16.0,30.0,6.0,11.0,12.0,40.0,46.0,73.0,166.0,38.0,256.0,1473,19.0,38.0,10.0,54.0,14.0,27.0,11.0,45.0,92.0,54.0,22.0,6.0,23.0,14.0,37.0,10.0,4.0,13.0,3.0,7.0,88.0,10.0,33.0,1.0,28.0,64,6.0,98,44.0,142,7.0,36.0,24.0,12.0,24.0,5.0,16.0,27.0,3.0,8.0,3.0,51.0,3.0,11.0,22.0,77.0,2.0,6.0,10.0,43.0,4.0,3.0,5.0,20.0,5.0,9.0,5.0,4.0,9.0,6.0,202.0,41.0,260,7.0,4.0,20.0,,22.0,2.0,19.0,1.0,,96.3302752293578,104.3201133144476,0.6301369863013698,0.7419354838709677,0.4397590361445783,0.5,0.5185185185185185,0.4909909909909909,0.4888888888888889,0.4722222222222222,0.5289256198347108,0.5510204081632653,0.5357142857142857,0.036144578313253,0.075,,18.33541927409261,0.4705882352941176,0.1935483870967742,0.04,0.1300813008130081,0.0708154506437768,0.1458333333333333,0.0543478260869565,0.1345029239766081,0.0661538461538461,0.112,0.0561224489795918,0.0551724137931034,0.0510948905109489,0.0638297872340425,0.1111111111111111,0.1658767772511848,0.0924369747899159,0.1582278481012658,0.088235294117647,0.0619469026548672,0.6666666666666666,0.3603603603603603,0.55,0.5945945945945946,0.5909090909090909,0.1801801801801801,0.3,0.3,0.5,0.2072072072072072,0.6666666666666666,0.5333333333333333,0.0625,0.3055555555555556,0.5454545454545454,0.6126126126126126,0.4753276018099547,0.5677855263157895,0.4485057142857143,0.0843881856540084,0.1104972375690607,0.2109375,0.17578125,7.756626506024096,0.3714285714285714,0.2592592592592592,0.187014820042343,17.0,7.0,21.0,49.0,6.0,9.0,69.0,48.0,21.0,,,,,0.9583333333333334,0.4285714285714285,0.4363636363636363,0.2522522522522522,0.3695652173913043,0.3695652173913043,0.8235294117647058,0.0315315315315315,0.2207207207207207,0.4285714285714285,0.4285714285714285,0.9523809523809524,0.1666666666666666,0.4375,23.267857142857142,0.25,0.2068965517241379,3.0,1.0,3.0,7.0,1.0,7.0,2.0,3.0,,,,0.2222222222222222,,,0.4285714285714285,0.4285714285714285,1.0,0.1555555555555555,0.0833333333333333,0.3333333333333333,0.1666666666666666,,,,,2.0,2.0,,0.2857142857142857,0.2857142857142857,0.5,,,,,,,,0.0,,,,45.0,0.4740740740740741,0.0015821646889608298
202259,Epiphanny Prince,14,34,2011,1969,CHI,1611661329,24.0,69.0,167.0,Rutgers,USA,2010,1,4,1000.9816666666668,162,432,50,134,90,112,23,48,71,102,57,79,13,41,76,86,464,-36,0,0,4.8,94.73,96.5,96.5,-1.2,96.1,95.3,78.94,15.9,95.3,95.44,-1.2,-1.8,94.73,94.3,12.7,1.79,921.2,871.0,2647,,,,,,,,,,,,,0.412,0.375,0.373,0.804,8.9,0.036,0.191,0.048,8.9,0.482,0.433,0.244,0.024,0.24,,,,,,,,,,,,,,,,,,,1611661329,Epiphanny Prince,Epiphanny Prince,202259,CHI,60056.0,34,1001,-36.0,1918,1921,414,380,232,3839,49.0,97.0,5.0,11.0,13.0,21.0,23.0,94.0,107.0,112.0,298.0,90.0,464.0,1912,10.0,29.0,6.0,41.0,23.0,62.0,28.0,104.0,36.0,188.0,4.0,38.0,73.0,29.0,102.0,14.0,15.0,33.0,19.0,21.0,233.0,3.0,19.0,1.0,9.0,36,3.0,48,23.0,71,13.0,79.0,41.0,38.0,36.0,6.0,20.0,21.0,4.0,16.0,3.0,57.0,4.0,13.0,35.0,76.0,1.0,1.0,3.0,86.0,1.0,3.0,9.0,47.0,11.0,12.0,5.0,4.0,13.0,8.0,423.0,102.0,412,11.0,12.0,20.0,,41.0,,6.0,,,97.81021897810218,99.5314940135346,0.1607142857142857,0.1636363636363636,0.3758389261744966,0.3448275862068966,0.3709677419354839,0.4328703703703703,0.4487179487179487,0.3877551020408163,0.4802904564315353,0.4767441860465116,0.4561403508771929,0.1275167785234899,0.1649484536082474,0.2127659574468085,24.611872146118724,0.631578947368421,0.05,0.0188679245283018,0.0517241379310344,0.028443113772455,0.0407239819004524,0.0153061224489795,0.0490730643402399,0.0254629629629629,0.0365296803652968,0.0161290322580645,0.0348258706467661,0.0205479452054794,,0.0308370044052863,0.0508474576271186,0.0729613733905579,0.0440251572327044,0.032258064516129,0.059090909090909,0.6153846153846154,0.224537037037037,0.5051546391752577,0.6049382716049383,0.2040816326530612,0.2175925925925926,0.2446808510638297,0.3108108108108108,0.1304347826086956,0.2476851851851851,0.282051282051282,0.4545454545454545,0.4,0.2142857142857142,0.6190476190476191,0.5347222222222222,0.4622688811188811,0.4598958333333333,0.4422773684210526,0.1040339702760085,0.1398809523809523,0.0883620689655172,0.2241379310344827,9.696979865771812,0.3829787234042553,0.3,0.2158498435870698,40.0,31.0,38.0,103.0,32.0,36.0,120.0,100.0,37.0,1.0,1.0,,,0.8,0.373134328358209,0.3712121212121212,0.3101851851851852,0.3738317757009345,0.3809523809523809,0.125,0.0717592592592592,0.2384259259259259,0.3689320388349514,0.38,0.7894736842105263,0.3265306122448979,0.37,22.77537313432836,0.5,0.2857142857142857,12.0,1.0,4.0,8.0,9.0,10.0,10.0,30.0,3.0,1.0,3.0,0.2777777777777778,0.0223880597014925,0.029126213592233,0.3870967741935484,0.3870967741935484,0.8333333333333334,0.2051282051282051,0.0408163265306122,0.25,0.28125,1.0,2.0,0.0186915887850467,0.0512820512820512,4.0,5.0,,0.5,0.5,0.75,1.0,,2.0,,0.5,1.0,0.0148148148148148,1.0,,,,90.0,0.45759368836291914,-0.014898221022194125
100812,Erika de Souza,19,32,2011,1818,ATL,1611661330,30.0,77.0,190.0,None,USA,Undrafted,Undrafted,Undrafted,877.4583333333334,171,343,0,1,36,55,83,157,240,31,57,38,43,18,94,61,378,26,10,0,5.3,99.83,97.2,97.2,2.2,96.0,99.4,83.19,6.8,99.4,101.77,2.2,0.9,99.83,96.9,10.7,0.54,898.5,811.0,2821,,,,,,,,,,,,,0.594,0.499,0.0,0.655,12.5,0.133,0.058,0.176,12.5,0.515,0.499,0.202,0.091,0.2,,,,,,,,,,,,,,,,,,,1611661330,Erika de Souza,Erika de Souza,100812,ATL,52653.0,32,878,26.0,1790,1787,420,319,261,3577,100.0,170.0,32.0,58.0,26.0,44.0,61.0,140.0,32.0,171.0,342.0,36.0,378.0,1781,42.0,75.0,11.0,95.0,37.0,77.0,12.0,86.0,248.0,94.0,52.0,18.0,26.0,5.0,31.0,3.0,2.0,16.0,4.0,6.0,67.0,13.0,63.0,7.0,29.0,117,11.0,157,83.0,240,11.0,38.0,26.0,12.0,31.0,5.0,17.0,26.0,5.0,14.0,7.0,57.0,7.0,11.0,47.0,94.0,,10.0,2.0,61.0,9.0,2.0,5.0,23.0,7.0,43.0,32.0,10.0,43.0,23.0,283.0,86.0,420,6.0,9.0,19.0,,50.0,4.0,45.0,5.0,2.0,100.94972067039107,99.66424174594292,0.7251461988304093,0.8551724137931035,0.5,0.56,0.4805194805194805,0.4985422740524781,0.56,0.4805194805194805,0.5135869565217391,0.5792682926829268,0.5058823529411764,0.0526315789473684,0.0411764705882352,0.0714285714285714,20.276717557251903,0.543859649122807,0.2558139534883721,0.0909090909090909,0.1839622641509433,0.0898716119828816,0.1510416666666666,0.1171171171171171,0.1763285024154589,0.0935960591133004,0.0692640692640692,0.1353383458646616,0.0539215686274509,0.0853658536585365,0.2068965517241379,0.167381974248927,0.217391304347826,0.1683673469387755,0.1590909090909091,0.1333333333333333,0.0718954248366013,0.5348837209302325,0.4956268221574344,0.5882352941176471,0.6134969325153374,0.68,0.4081632653061224,0.4357142857142857,0.4692307692307692,0.7540983606557377,0.0932944606413994,0.7733333333333333,0.5517241379310345,0.1875,0.5714285714285714,0.5909090909090909,0.4985422740524781,0.4727039358600583,0.5165928571428571,0.4887155844155844,0.0637119113573407,0.0638888888888888,0.2513227513227513,0.2275132275132275,5.996783625730995,0.3142857142857143,0.3717948717948718,0.2346368715083799,10.0,,,1.0,,,,1.0,,,,,3.0,,,,0.0029154518950437,0.3125,0.3225806451612903,1.0,,0.0029154518950437,,,,,,22.4,0.2272727272727272,,,,,,,,,,,,1.0,,,,,,,,,,,,,0.03125,,,,,,,,,,,,,,,0.0,,,,63.0,0.4760705289672544,0.003578619582141118
101039,Erin Phillips,20,31,2011,1322,IND,1611661325,27.0,68.0,165.0,None,USA,2005,2,21,689.3933333333333,91,197,26,61,60,72,16,72,88,74,45,30,0,15,52,90,268,123,0,0,2.9,91.87,92.0,92.0,9.0,90.3,100.9,76.56,21.2,100.9,93.0,9.0,10.0,91.87,100.3,6.4,1.64,529.6,516.0,2592,,,,,,,,,,,,,0.645,0.462,0.426,0.833,12.9,0.068,0.196,0.107,12.9,0.586,0.528,0.187,0.025,0.183,,,,,,,,,,,,,,,,,,,1611661325,Erin Phillips,Erin Phillips,101039,IND,41362.0,31,689,125.0,1291,1284,319,233,148,2575,38.0,66.0,2.0,3.0,11.0,16.0,10.0,34.0,36.0,65.0,136.0,60.0,268.0,1211,4.0,7.0,7.0,24.0,16.0,33.0,32.0,79.0,24.0,106.0,,15.0,48.0,26.0,74.0,17.0,9.0,26.0,13.0,9.0,174.0,8.0,8.0,,23.0,48,1.0,72,16.0,88,2.0,30.0,24.0,6.0,30.0,8.0,25.0,15.0,2.0,5.0,2.0,45.0,3.0,13.0,11.0,52.0,,1.0,3.0,90.0,2.0,15.0,5.0,25.0,12.0,,,,,,244.0,77.0,314,8.0,10.0,15.0,,7.0,,6.0,1.0,,103.4856700232378,94.31464174454828,0.1846153846153846,0.1846153846153846,0.4779411764705882,0.5714285714285714,0.4848484848484848,0.5279187817258884,0.5666666666666667,0.4895833333333333,0.5826086956521739,0.631578947368421,0.626984126984127,0.1102941176470588,0.1363636363636363,0.1764705882352941,18.848526387936943,0.6666666666666666,0.024390243902439,,0.1108545034642032,0.0197044334975369,0.1284916201117318,0.0473372781065088,0.1160130718954248,0.0278260869565217,0.0129870129870129,0.0069930069930069,0.0458715596330275,0.0517241379310344,0.0377358490566037,0.08130081300813,0.0980392156862745,0.1464968152866242,0.1376811594202898,0.0975609756097561,0.0229885057471264,,0.3350253807106599,0.5757575757575758,0.6666666666666666,0.2105263157894736,0.1725888324873096,0.2941176470588235,0.3571428571428571,,0.182741116751269,0.2,0.6666666666666666,1.0,0.3333333333333333,0.6875,0.6446700507614214,0.4898619289340101,0.5282291666666666,0.481546875,0.1192660550458715,0.1602564102564102,0.0895522388059701,0.2947761194029851,7.501470588235295,0.2857142857142857,0.217391304347826,0.2470952749806351,17.0,26.0,14.0,35.0,11.0,15.0,75.0,35.0,14.0,,,,,0.9615384615384616,0.4262295081967213,0.4262295081967213,0.3096446700507614,0.4722222222222222,0.4722222222222222,0.2352941176470588,0.1319796954314721,0.1776649746192893,0.4,0.4,0.9285714285714286,0.2291666666666666,0.4,22.191803278688525,0.3333333333333333,0.3333333333333333,12.0,1.0,4.0,5.0,4.0,8.0,5.0,3.0,,,,0.3333333333333333,,,0.4615384615384615,0.4615384615384615,1.0,0.3333333333333333,0.0833333333333333,0.25,0.3636363636363636,,3.0,,0.2,1.0,3.0,2.0,0.375,0.2,1.0,2.0,1.0,1.0,,0.6666666666666666,1.0,0.0161290322580645,0.0,,,,47.0,0.5392354124748491,0.06674350308973581
100835,Erin Thorn,14,34,2011,1117,CHI,1611661329,31.0,69.0,144.0,Brigham Young,USA,2003,2,17,571.0083333333333,66,163,32,81,18,19,9,49,58,83,59,11,3,5,12,20,182,-10,0,0,1.9,93.98,96.5,96.5,-0.7,97.2,95.8,78.32,26.6,95.8,94.03,-0.7,-2.2,93.98,95.0,4.8,1.41,359.1,383.0,2647,,,,,,,,,,,,,0.412,0.405,0.395,0.947,18.9,0.054,0.252,0.089,18.8,0.531,0.503,0.184,0.017,0.178,,,,,,,,,,,,,,,,,,,1611661329,Erin Thorn,Erin Thorn,100835,CHI,34259.0,34,571,-10.0,1078,1083,257,246,142,2161,2.0,6.0,,1.0,,1.0,4.0,19.0,57.0,34.0,82.0,18.0,182.0,1080,5.0,13.0,,13.0,4.0,13.0,8.0,43.0,22.0,46.0,2.0,5.0,70.0,13.0,83.0,9.0,4.0,42.0,12.0,16.0,179.0,5.0,4.0,,19.0,29,1.0,49,9.0,58,1.0,11.0,9.0,2.0,46.0,7.0,37.0,13.0,1.0,9.0,2.0,59.0,3.0,15.0,5.0,12.0,,,1.0,20.0,,1.0,2.0,4.0,4.0,2.0,,1.0,3.0,2.0,169.0,41.0,256,2.0,3.0,,,,,,,,99.25788497217069,99.72299168975069,0.3235294117647059,0.3333333333333333,0.4146341463414634,0.3846153846153846,0.3076923076923077,0.5030674846625767,0.40625,0.546875,0.5323529411764706,0.40625,0.5972222222222222,0.0609756097560975,0.1666666666666666,0.1052631578947368,18.42316975060338,0.7796610169491526,0.03125,,0.0763157894736842,0.0113314447592068,0.1610169491525423,0.0416666666666666,0.0963855421686747,0.0190274841437632,0.019047619047619,0.0147058823529411,,0.0421052631578947,0.04,0.0283687943262411,0.0555555555555555,0.1592920353982301,0.1494252873563218,0.1935483870967742,0.0114942528735632,0.6666666666666666,0.0368098159509202,0.3333333333333333,0.4,0.5,0.1165644171779141,0.2105263157894736,0.2352941176470588,0.25,0.3496932515337423,0.0625,,,0.03125,,0.5337423312883436,0.4600094339622641,0.3941307692307693,0.4652066666666667,0.0301204819277108,0.0476190476190476,0.0714285714285714,0.2362637362637362,14.318292682926828,0.25,0.2142857142857142,0.2384044526901669,28.0,19.0,23.0,62.0,18.0,19.0,66.0,60.0,23.0,1.0,1.0,,,0.6875,0.3950617283950617,0.4050632911392405,0.4969325153374233,0.4912280701754385,0.509090909090909,0.3214285714285714,0.1165644171779141,0.3803680981595092,0.3709677419354839,0.3709677419354839,0.5652173913043478,0.5625,0.3833333333333333,23.20987654320988,0.25,0.2888888888888888,9.0,1.0,1.0,3.0,8.0,3.0,9.0,30.0,,2.0,1.0,0.4736842105263157,,,0.4736842105263157,0.4736842105263157,1.0,0.1875,0.03125,1.0,0.4444444444444444,1.0,,0.0350877192982456,,1.0,1.0,,0.3333333333333333,0.3333333333333333,1.0,,,1.0,,,,0.0121951219512195,0.0,,,,14.0,0.4727272727272727,0.00023536334215945587
201502,Essence Carson,17,32,2011,1431,NYL,1611661313,25.0,72.0,165.0,Rutgers,USA,2008,1,7,724.4983333333333,139,318,24,62,59,80,31,59,90,53,46,38,20,17,60,83,361,0,0,0,4.3,95.27,92.2,92.2,0.9,91.4,93.2,79.39,11.7,93.2,95.86,0.9,1.4,95.27,92.8,9.9,1.15,676.5,644.0,2624,,,,,,,,,,,,,0.531,0.437,0.387,0.738,10.2,0.061,0.144,0.081,10.2,0.511,0.475,0.244,0.042,0.237,,,,,,,,,,,,,,,,,,,1611661313,Essence Carson,Essence Carson,201502,NYL,43466.0,32,724,1.0,1385,1402,353,359,216,2787,47.0,84.0,9.0,12.0,15.0,26.0,34.0,88.0,84.0,115.0,256.0,59.0,361.0,1333,15.0,26.0,8.0,47.0,34.0,70.0,23.0,112.0,58.0,172.0,20.0,17.0,42.0,11.0,53.0,11.0,,17.0,10.0,15.0,117.0,2.0,28.0,1.0,14.0,43,2.0,59,31.0,90,8.0,38.0,23.0,15.0,25.0,3.0,8.0,21.0,6.0,17.0,4.0,46.0,2.0,11.0,22.0,60.0,3.0,1.0,3.0,83.0,6.0,6.0,8.0,33.0,11.0,18.0,9.0,7.0,20.0,8.0,314.0,112.0,347,8.0,14.0,7.0,3.0,12.0,2.0,12.0,1.0,,96.31768953068593,95.07845934379458,0.2521739130434782,0.2761904761904762,0.44921875,0.5769230769230769,0.4857142857142857,0.4748427672955975,0.5735294117647058,0.536144578313253,0.5098870056497176,0.6025641025641025,0.5714285714285714,0.06640625,0.1071428571428571,0.0681818181818181,24.509803921568626,0.5434782608695652,0.0526315789473684,0.0204081632653061,0.0949227373068432,0.0557768924302788,0.0660377358490566,0.0120481927710843,0.0857142857142857,0.0449101796407185,0.0780141843971631,0.044776119402985,0.05,0.0080645161290322,0.0238095238095238,0.0851063829787234,0.1024096385542168,0.0958904109589041,0.0785714285714285,0.0416666666666666,0.0536912751677852,0.4,0.2641509433962264,0.5595238095238095,0.6266666666666667,0.3404255319148936,0.2767295597484276,0.3863636363636363,0.4146341463414634,0.1470588235294117,0.2641509433962264,0.3529411764705882,0.75,0.1111111111111111,0.3132530120481928,0.5769230769230769,0.4591194968553459,0.4488851735015773,0.4563,0.4514335365853658,0.0962099125364431,0.1174377224199288,0.1301939058171745,0.3102493074792243,9.270703125,0.4864864864864865,0.4807692307692308,0.2548736462093863,34.0,17.0,17.0,45.0,9.0,13.0,63.0,45.0,17.0,,2.0,1.0,,0.875,0.3870967741935484,0.3870967741935484,0.1949685534591195,0.4047619047619047,0.4146341463414634,0.2352941176470588,0.0534591194968553,0.1415094339622641,0.3777777777777777,0.3777777777777777,0.8823529411764706,0.108433734939759,0.3777777777777777,22.2241935483871,0.4186046511627907,0.3529411764705882,7.0,2.0,4.0,5.0,5.0,8.0,7.0,9.0,,,2.0,0.5384615384615384,,,0.4117647058823529,0.4117647058823529,0.8571428571428571,0.1470588235294117,0.0481927710843373,0.5,0.5555555555555556,1.0,3.0,0.0238095238095238,0.088235294117647,1.0,3.0,5.0,0.375,0.2,1.0,2.0,,,,0.6666666666666666,1.0,,0.0,,,,57.0,0.4700520833333333,-0.0024398260517799475
202318,Ewelina Kobryn,9,18,2011,235,SEA,1611661328,30.0,,,None,Poland,Undrafted,Undrafted,Undrafted,123.13,11,30,2,7,2,3,5,17,22,6,8,5,6,3,16,5,26,-12,0,0,0.6,93.95,89.1,89.1,-0.6,92.3,88.5,78.29,13.3,88.5,90.21,-0.6,0.4,93.95,92.7,1.7,0.75,86.4,78.0,2506,,,,,,,,,,,,,0.5,0.367,0.286,0.667,17.8,0.102,0.098,0.153,17.7,0.415,0.4,0.161,0.048,0.15,,,,,,,,,,,,,,,,,,,1611661328,Ewelina Kobryn,Ewelina Kobryn,202318,SEA,7383.0,18,123,-12.0,221,233,70,72,23,454,5.0,10.0,,2.0,1.0,2.0,4.0,8.0,5.0,9.0,23.0,2.0,26.0,220,,2.0,,,2.0,5.0,,4.0,14.0,4.0,,2.0,4.0,2.0,6.0,1.0,1.0,2.0,1.0,1.0,14.0,4.0,,1.0,3.0,13,1.0,17,5.0,22,0.0,5.0,4.0,1.0,1.0,1.0,0.0,7.0,1.0,1.0,3.0,8.0,1.0,1.0,8.0,16.0,1.0,,,5.0,1.0,,1.0,2.0,,6.0,1.0,5.0,6.0,2.0,26.0,4.0,70,2.0,,7.0,,4.0,,,,,94.11764705882354,94.4206008583691,0.7777777777777778,0.7777777777777778,0.391304347826087,,0.4,0.4,,0.2857142857142857,0.4193548387096774,,0.2857142857142857,0.0869565217391304,0.2,,15.853658536585366,0.125,0.1,0.1428571428571428,0.1830985915492957,,0.1153846153846153,0.1111111111111111,0.1649484536082474,0.0421052631578947,,,,0.125,,0.3333333333333333,0.1224489795918367,0.3076923076923077,0.1052631578947368,0.1428571428571428,,0.3333333333333333,0.3333333333333333,0.5,0.625,0.6,0.2666666666666666,0.5,0.5,1.0,0.1666666666666666,0.6666666666666666,,,0.2857142857142857,0.5,0.5666666666666667,0.46163,0.4508833333333333,0.4763571428571428,0.064516129032258,0.0833333333333333,,0.1538461538461538,8.230434782608697,,,0.3167420814479638,,,2.0,7.0,2.0,2.0,3.0,7.0,2.0,,,,2.0,0.5,0.2857142857142857,0.2857142857142857,0.2333333333333333,,,,,0.2333333333333333,0.2857142857142857,0.3333333333333333,0.5,0.2857142857142857,0.2857142857142857,22.457142857142856,0.2,0.4,,,,1.0,,1.0,,3.0,1.0,,,,0.1428571428571428,0.1428571428571428,,,,0.3333333333333333,,,,,,,,,,,,,,,,,,,,,0.0,,,,7.0,0.3333333333333333,-0.13915857605177995
202639,Felicia Chester-Wootton,3,4,2011,50,NYL,1611661313,24.0,75.0,,DePaul,USA,2011,2,14,27.15,1,3,0,0,0,2,4,4,8,0,0,1,0,0,4,6,2,4,0,0,0.3,84.86,89.1,89.1,0.9,87.3,90.0,70.72,0.0,90.0,86.17,0.9,1.8,84.86,89.1,0.8,0.0,14.6,12.0,2624,,,,,,,,,,,,,0.75,0.333,0.0,0.0,0.0,0.154,0.0,0.174,0.0,0.258,0.333,0.065,0.138,0.065,,,,,,,,,,,,,,,,,,,1611661313,Felicia Chester-Wootton,Felicia Chester-Wootton,202639,NYL,1629.0,4,27,4.0,48,46,15,12,10,94,,,,,,,,1.0,2.0,1.0,3.0,,2.0,41,,,,,1.0,1.0,,2.0,2.0,,,,,,,,,,,,,2.0,2.0,,,4,,4,4.0,8,0.0,1.0,1.0,,,,0.0,,,,,0.0,,,3.0,4.0,,,,6.0,1.0,,0.0,1.0,,,,,,,2.0,2.0,15,,,,,,,,,,93.75,89.13043478260869,1.0,1.0,0.3333333333333333,,1.0,0.3333333333333333,,1.0,0.25,,1.0,,,,6.666666666666667,,,,0.2352941176470588,0.1111111111111111,,0.2857142857142857,0.1739130434782608,0.16,,0.125,0.125,0.2,0.5,,,0.4,,,,,,,,,0.3333333333333333,,,,0.6666666666666666,,,,,,,0.3922333333333334,,0.398,0.25,0.25,,1.0,14.333333333333334,,,0.3125,1.0,,,,,,,,,,,,,,,,,0.5,0.5,1.0,,,,,,,,,,,,,,,,,,,,,,,,,,,,,,,,,,,,,,,,,,,,,,,,,0.0,,,,1.0,0.25,-0.22249190938511326
202645,Ify Ibekwe,2,3,2011,16,SEA,1611661328,22.0,74.0,148.0,Arizona, ,2011,2,24,8.48,0,2,0,0,0,0,0,3,3,0,1,0,0,1,0,1,0,-7,0,0,0.0,93.4,76.5,76.5,-39.0,72.7,37.5,77.83,0.0,37.5,98.38,-39.0,-37.2,93.4,35.5,0.7,0.0,2.6,3.0,2506,,,,,,,,,,,,,0.667,0.0,0.0,0.0,33.3,0.0,0.0,0.0,33.3,0.0,0.0,0.178,0.0,0.167,,,,,,,,,,,,,,,,,,,1611661328,Ify Ibekwe,Ify Ibekwe,202645,SEA,509.0,3,8,-7.0,16,17,8,9,2,33,,1.0,,,,1.0,,,1.0,,2.0,,0.0,13,,,,,,2.0,,,,,,1.0,,,,,,,,,,,,,,3,,3,,3,0.0,,,,1.0,,1.0,,,,,1.0,,,,,,,,1.0,,,0.0,,,,,,,,,,8,,,,,,,,,,37.5,76.47058823529412,,,,,,,,,,,,0.5,1.0,,16.666666666666668,1.0,,,0.3,,,,0.2727272727272727,,,,,,,,0.4,0.25,,,,,0.5,,,,,,,,0.5,,,,0.5,,0.5,0.31915,,0.31915,,,,,10.55,,,0.5,,,,,,,,,,,,,,,,,,,,,,,,,,,,,,,,,,,,,,,,,,,,,,,,,,,,,,,,,,,,,,,,,,,,,0.0,,,,0.0,0.0,-0.47249190938511326
201056,Ivory Latta,3,24,2011,1346,TUL,1611661321,27.0,66.0,143.0,North Carolina,USA,2007,1,11,684.3983333333333,110,266,34,97,39,47,10,38,48,77,69,29,2,15,57,58,293,-199,0,0,4.6,94.23,105.0,105.0,-15.2,105.2,89.8,78.52,17.8,89.8,94.12,-15.2,-15.3,94.23,89.9,11.1,1.12,490.1,514.0,2628,,,,,,,,,,,,,0.125,0.414,0.351,0.83,15.9,0.038,0.236,0.062,15.9,0.511,0.477,0.239,0.015,0.233,,,,,,,,,,,,,,,,,,,1611661321,Ivory Latta,Ivory Latta,201056,TUL,41064.0,24,684,-199.0,1312,1308,295,297,150,2620,25.0,45.0,2.0,4.0,6.0,10.0,35.0,85.0,39.0,76.0,169.0,39.0,293.0,1408,7.0,16.0,5.0,34.0,16.0,37.0,16.0,69.0,24.0,128.0,4.0,12.0,60.0,17.0,77.0,13.0,4.0,36.0,12.0,12.0,171.0,3.0,7.0,,11.0,26,1.0,38,10.0,48,4.0,29.0,20.0,9.0,38.0,13.0,29.0,31.0,6.0,9.0,4.0,69.0,6.0,14.0,24.0,57.0,,3.0,7.0,58.0,,6.0,3.0,17.0,6.0,2.0,,2.0,2.0,1.0,259.0,69.0,295,8.0,8.0,35.0,,21.0,6.0,13.0,,,92.14939024390245,107.64525993883792,0.1578947368421052,0.1621621621621621,0.4497041420118343,0.4375,0.4324324324324324,0.4774436090225564,0.5,0.4076923076923077,0.5104529616724739,0.5483870967741935,0.4662162162162162,0.0710059171597633,0.0666666666666666,0.0823529411764705,23.908663532572195,0.5507246376811594,0.0227272727272727,,0.0634146341463414,0.0160919540229885,0.0785714285714285,0.0176470588235294,0.0672727272727272,0.0165289256198347,0.0172413793103448,0.0182648401826484,0.01,0.0214285714285714,,0.0683760683760683,0.0382513661202185,0.1,0.0934579439252336,0.0303030303030303,0.0300751879699248,0.5,0.169172932330827,0.5555555555555556,0.5952380952380952,0.16,0.3195488721804511,0.4117647058823529,0.4487179487179487,0.1714285714285714,0.1466165413533834,0.1379310344827586,0.5,,0.1538461538461538,0.6,0.5338345864661654,0.4503264258555133,0.4774452380952381,0.430091935483871,0.0676156583629893,0.0928961748633879,0.1160409556313993,0.2354948805460751,8.723668639053255,0.4,0.34,0.2248475609756097,16.0,11.0,29.0,86.0,26.0,28.0,72.0,83.0,29.0,,,,9.0,0.7058823529411765,0.3505154639175257,0.3617021276595745,0.3646616541353383,0.4102564102564102,0.4324324324324324,0.125,0.0413533834586466,0.3233082706766917,0.3372093023255814,0.3452380952380952,0.6896551724137931,0.4,0.3493975903614458,22.96701030927835,0.3636363636363636,0.2407407407407407,5.0,1.0,2.0,12.0,6.0,13.0,7.0,30.0,3.0,,,0.25,0.0309278350515463,0.0232558139534883,0.4545454545454545,0.5,0.8,0.4137931034482758,0.0307692307692307,0.5,0.2307692307692307,,1.0,0.0512820512820512,0.0344827586206896,4.0,5.0,1.0,0.3846153846153846,0.3333333333333333,1.0,1.0,,2.0,0.0909090909090909,1.0,,0.0204081632653061,1.0,,,,37.0,0.4528593508500773,-0.019632558535035982
100796,Iziane Castro Marques,20,34,2011,1398,ATL,1611661330,30.0,72.0,140.0,None,USA,Undrafted,Undrafted,Undrafted,672.095,99,275,17,80,44,71,15,43,58,57,54,13,4,26,38,49,259,-61,0,0,2.9,99.63,99.7,99.7,-4.8,99.3,94.9,83.02,13.6,94.9,100.59,-4.8,-5.9,99.63,93.5,8.1,1.06,411.1,425.0,2821,,,,,,,,,,,,,0.588,0.36,0.213,0.62,12.9,0.041,0.136,0.063,12.9,0.423,0.391,0.223,0.02,0.218,,,,,,,,,,,,,,,,,,,1611661330,Iziane Castro Marques,Iziane Castro Marques,100796,ATL,40320.0,34,672,-61.0,1358,1352,365,349,209,2710,29.0,53.0,3.0,6.0,8.0,14.0,35.0,97.0,45.0,82.0,195.0,44.0,259.0,1388,8.0,22.0,4.0,20.0,24.0,58.0,13.0,79.0,66.0,98.0,2.0,24.0,51.0,6.0,57.0,5.0,1.0,27.0,15.0,9.0,120.0,4.0,10.0,1.0,15.0,24,4.0,43,15.0,58,5.0,13.0,7.0,6.0,35.0,10.0,16.0,19.0,3.0,19.0,2.0,54.0,2.0,12.0,22.0,38.0,1.0,,1.0,49.0,,2.0,7.0,37.0,2.0,4.0,3.0,1.0,4.0,3.0,239.0,79.0,365,10.0,2.0,7.0,,6.0,,1.0,1.0,,97.71723122238586,102.66272189349112,0.4024390243902439,0.4074074074074074,0.4205128205128205,0.3636363636363636,0.4137931034482758,0.3909090909090909,0.2580645161290322,0.3975903614457831,0.4218241042345277,0.2857142857142857,0.4438202247191011,0.123076923076923,0.1698113207547169,0.1134020618556701,22.35294117647059,0.6481481481481481,0.1081081081081081,0.0178571428571428,0.0512820512820512,0.0185185185185185,0.0943396226415094,0.0336134453781512,0.062200956937799,0.0212443095599393,0.023391812865497,0.0187793427230046,0.0128205128205128,0.032258064516129,0.0384615384615384,0.0231213872832369,0.0509554140127388,0.0869565217391304,0.0932203389830508,0.0975609756097561,0.0337837837837837,0.75,0.1927272727272727,0.5471698113207547,0.6590909090909091,0.4137931034482758,0.3527272727272727,0.3608247422680412,0.4069767441860465,0.3142857142857143,0.1636363636363636,0.1935483870967742,0.5,0.3333333333333333,0.1686746987951807,0.5714285714285714,0.4836363636363636,0.4659101818181818,0.4340269230769231,0.4459349397590361,0.121311475409836,0.1644444444444444,0.0772200772200772,0.305019305019305,8.942564102564102,0.4166666666666667,0.4098360655737705,0.2687776141384388,18.0,19.0,12.0,61.0,17.0,25.0,36.0,61.0,12.0,2.0,,,,0.7058823529411765,0.2125,0.2125,0.2909090909090909,0.4,0.4390243902439024,0.5555555555555556,0.069090909090909,0.2218181818181818,0.1967213114754098,0.2033898305084746,0.5833333333333334,0.2048192771084337,0.1967213114754098,22.16875,0.4444444444444444,0.4354838709677419,5.0,1.0,8.0,8.0,5.0,9.0,6.0,15.0,2.0,,,0.24,0.025,0.0327868852459016,0.2631578947368421,0.2631578947368421,1.0,0.2580645161290322,0.0963855421686747,0.125,0.2941176470588235,,1.0,0.0888888888888888,0.032258064516129,,,,,,,,,,,,,,0.0,,,,18.0,0.38088235294117645,-0.09160955644393681
202261,Jacinta Monroe,1,4,2011,48,TUL,1611661321,23.0,77.0,162.0,Florida State,USA,2010,1,6,21.151666666666667,0,4,0,0,0,0,2,2,4,1,2,0,0,0,3,0,0,2,0,0,0.0,108.93,83.3,83.3,4.2,87.7,87.5,90.77,14.3,87.5,106.39,4.2,-0.5,108.93,87.2,1.0,0.5,4.3,5.0,2628,,,,,,,,,,,,,0.25,0.0,0.0,0.0,28.6,0.105,0.077,0.125,28.6,0.0,0.0,0.113,0.091,0.109,,,,,,,,,,,,,,,,,,,1611661321,Jacinta Monroe,Jacinta Monroe,202261,TUL,1270.0,4,21,2.0,46,43,19,16,6,89,,,,,,,,2.0,2.0,,4.0,,0.0,40,,1.0,,,,1.0,,,,,,,1.0,,1.0,,,1.0,,,2.0,1.0,1.0,,,1,1.0,2,2.0,4,0.0,,,,2.0,,2.0,,,,,2.0,,,2.0,3.0,,,,,,,0.0,,,,,,,,,,19,,,,,,,,,,91.30434782608695,93.02325581395348,,,,,,,,,,,,,,,11.320754716981131,1.0,0.3333333333333333,,0.1,0.0526315789473684,,0.3333333333333333,0.0833333333333333,0.0909090909090909,,,0.1428571428571428,,1.0,,0.1666666666666666,,,,,,,,,,0.5,,,,0.5,,,,,,,0.36935,0.3321,0.3321,,,,,14.2,,,0.4130434782608695,,,,,,,,,,,,,,,,,,,,,,,,,,,,,,,,,,,,,,,,,,,,,,,,,,,,,,,,,,,,,,,,,,,,,0.0,,,,0.0,0.0,-0.47249190938511326
202650,Jantel Lavender,14,33,2011,955,LAS,1611661320,23.0,76.0,185.0,Ohio State,USA,2011,1,5,486.90833333333336,92,184,0,0,33,45,35,68,103,15,28,6,12,12,46,44,217,-54,2,0,2.8,94.15,103.1,103.1,-5.7,103.6,97.5,78.45,6.1,97.5,93.3,-5.7,-4.7,94.15,98.8,5.6,0.54,389.1,371.0,2637,,,,,,,,,,,,,0.424,0.5,0.0,0.733,11.3,0.11,0.059,0.137,11.3,0.532,0.5,0.221,0.079,0.214,,,,,,,,,,,,,,,,,,,1611661320,Jantel Lavender,Jantel Lavender,202650,LAS,29211.0,33,487,-54.0,932,929,244,211,114,1861,42.0,67.0,7.0,13.0,6.0,8.0,31.0,83.0,34.0,92.0,184.0,33.0,217.0,985,9.0,24.0,5.0,23.0,18.0,31.0,14.0,50.0,158.0,26.0,12.0,12.0,12.0,3.0,15.0,2.0,1.0,5.0,4.0,3.0,33.0,5.0,27.0,3.0,12.0,48,8.0,68,35.0,103,6.0,6.0,6.0,,17.0,2.0,6.0,11.0,1.0,11.0,,28.0,1.0,5.0,30.0,46.0,,3.0,3.0,44.0,5.0,3.0,5.0,20.0,5.0,12.0,8.0,4.0,12.0,8.0,194.0,50.0,241,1.0,5.0,16.0,,21.0,2.0,8.0,8.0,,99.89270386266094,106.02798708288483,0.8586956521739131,0.9186046511627908,0.5,0.375,0.5806451612903226,0.5,0.375,0.5806451612903226,0.5318627450980392,0.4259259259259259,0.6410256410256411,0.0652173913043478,0.0597014925373134,0.0963855421686747,21.86616399622997,0.6071428571428571,0.2285714285714285,0.1363636363636363,0.1563517915309446,0.0879478827361563,0.0863309352517985,0.0505050505050505,0.1345291479820627,0.0788177339901477,0.1081081081081081,0.078125,0.0857142857142857,0.0428571428571428,0.0689655172413793,0.1868131868131868,0.1574803149606299,0.1235955056179775,0.0833333333333333,0.0967741935483871,0.075,0.6666666666666666,0.3641304347826087,0.6268656716417911,0.6666666666666666,0.8095238095238095,0.4510869565217391,0.3734939759036144,0.4133333333333333,0.8709677419354839,0.1847826086956521,0.5416666666666666,0.5384615384615384,0.1428571428571428,0.2580645161290322,0.75,0.3641304347826087,0.4283880434782609,0.50633,0.4010903225806451,0.100502512562814,0.100502512562814,0.1059907834101382,0.2304147465437788,7.671739130434782,0.4,0.25,0.2618025751072961,19.0,,,,,,,,,,,,,,,,,0.5588235294117647,0.5588235294117647,0.9473684210526316,,,,,,,,,0.2,,,,,,,,,,,,,,,,,,,,,,,,,,,,,,,,,,,,,,,,0.0,,,,17.0,0.49318181818181817,0.020689908796704903
202662,Jasmine Thomas,6,34,2011,1281,WAS,1611661322,22.0,69.0,,Duke,USA,2011,1,12,654.9633333333334,85,241,24,77,24,36,13,60,73,64,55,25,9,10,60,40,218,-142,0,0,2.5,93.48,101.7,101.7,-12.0,102.7,89.7,77.9,17.1,89.7,92.94,-12.0,-12.8,93.48,89.8,7.1,1.16,448.6,447.0,2585,,,,,,,,,,,,,0.176,0.353,0.312,0.667,14.7,0.058,0.196,0.101,14.6,0.424,0.402,0.214,0.02,0.205,,,,,,,,,,,,,,,,,,,1611661322,Jasmine Thomas,Jasmine Thomas,202662,WAS,39295.0,34,655,-142.0,1229,1227,320,353,191,2456,37.0,64.0,1.0,5.0,6.0,15.0,14.0,51.0,49.0,61.0,164.0,24.0,218.0,1291,4.0,17.0,2.0,16.0,11.0,39.0,10.0,56.0,28.0,94.0,2.0,10.0,42.0,22.0,64.0,10.0,12.0,22.0,8.0,12.0,150.0,4.0,8.0,1.0,21.0,38,1.0,60,13.0,73,5.0,25.0,14.0,11.0,38.0,10.0,29.0,17.0,2.0,9.0,1.0,55.0,4.0,18.0,33.0,60.0,,,2.0,40.0,5.0,2.0,5.0,17.0,2.0,9.0,6.0,3.0,9.0,6.0,202.0,55.0,318,10.0,3.0,16.0,,6.0,,7.0,3.0,,93.4906427990236,105.2159739201304,0.2295081967213114,0.2333333333333333,0.3719512195121951,0.2352941176470588,0.282051282051282,0.4024896265560166,0.2692307692307692,0.359375,0.42578125,0.2962962962962963,0.4,0.0609756097560975,0.0625,0.0784313725490196,21.31596984235778,0.6909090909090909,0.0357142857142857,0.0222222222222222,0.0889929742388758,0.018018018018018,0.175,0.0261437908496732,0.1078610603290676,0.0201005025125628,0.0131578947368421,0.0220588235294117,0.0192307692307692,0.0194174757281553,0.04,0.1259842519685039,0.0606060606060606,0.0888888888888888,0.1685393258426966,0.1935483870967742,0.0367647058823529,0.6666666666666666,0.2655601659751037,0.578125,0.6166666666666667,0.3243243243243243,0.2116182572614107,0.2745098039215686,0.2978723404255319,0.0714285714285714,0.2033195020746888,0.1923076923076923,0.2,1.0,0.234375,0.4,0.5850622406639004,0.4669271966527197,0.4367452380952381,0.4376072580645161,0.0708661417322834,0.096590909090909,0.073394495412844,0.2568807339449541,8.49329268292683,0.3076923076923077,0.3611111111111111,0.2603742880390561,10.0,26.0,15.0,51.0,18.0,25.0,54.0,49.0,15.0,1.0,,,,0.75,0.3116883116883117,0.32,0.3195020746887966,0.2040816326530612,0.2127659574468085,0.1,0.1078838174273859,0.2116182572614107,0.2941176470588235,0.2941176470588235,0.6,0.28125,0.3061224489795918,23.192207792207792,0.3243243243243243,0.4130434782608695,9.0,3.0,7.0,7.0,5.0,9.0,8.0,18.0,,,,0.32,,,0.3461538461538461,0.3461538461538461,1.0,0.2692307692307692,0.109375,0.4285714285714285,0.2777777777777778,,2.0,0.0408163265306122,0.0769230769230769,1.0,2.0,,0.2222222222222222,0.1428571428571428,1.0,1.0,,1.0,,0.5,1.0,0.0128205128205128,0.0,,,,33.0,0.3927927927927928,-0.07969911659232048
202251,Jayne Appel Marinelli,15,31,2011,893,SAN,1611661319,24.0,76.0,210.0,Stanford,USA,2010,1,5,451.7416666666667,42,89,1,3,14,25,40,102,142,25,23,17,20,10,68,32,99,40,0,0,1.4,94.46,90.2,90.2,3.7,90.4,93.8,78.72,16.9,93.8,93.69,3.7,4.7,94.46,95.1,2.9,1.09,394.9,341.0,2674,,,,,,,,,,,,,0.484,0.472,0.333,0.56,15.5,0.152,0.094,0.221,15.5,0.495,0.478,0.126,0.085,0.121,,,,,,,,,,,,,,,,,,,1611661319,Jayne Appel Marinelli,Jayne Appel Marinelli,202251,SAN,27107.0,31,452,40.0,851,863,173,230,101,1714,34.0,57.0,9.0,14.0,3.0,8.0,4.0,22.0,7.0,41.0,86.0,14.0,99.0,798,12.0,21.0,3.0,27.0,5.0,14.0,6.0,19.0,68.0,14.0,6.0,10.0,18.0,7.0,25.0,4.0,3.0,8.0,6.0,4.0,57.0,14.0,25.0,1.0,21.0,68,13.0,102,40.0,142,2.0,17.0,10.0,7.0,10.0,1.0,8.0,13.0,1.0,2.0,1.0,23.0,3.0,7.0,32.0,68.0,1.0,10.0,4.0,32.0,5.0,1.0,3.0,10.0,4.0,20.0,10.0,10.0,20.0,14.0,72.0,19.0,171,7.0,5.0,10.0,3.0,12.0,,15.0,2.0,5.0,98.47238542890716,92.46813441483198,0.8292682926829268,0.8947368421052632,0.4767441860465116,0.5714285714285714,0.3571428571428571,0.4775280898876404,0.5714285714285714,0.40625,0.495,0.5869565217391305,0.4523809523809524,0.1162790697674418,0.1228070175438596,0.1363636363636363,12.65432098765432,0.4347826086956521,0.4814814814814814,0.03125,0.2207792207792207,0.0841750841750841,0.1826086956521739,0.1111111111111111,0.210401891252955,0.0921985815602836,0.0909090909090909,0.128,0.0119047619047619,0.1046511627906976,0.125,0.27,0.1842105263157894,0.2127659574468085,0.1428571428571428,0.3333333333333333,0.0571428571428571,0.7,0.6404494382022472,0.5964912280701754,0.68,0.8235294117647058,0.247191011235955,0.1818181818181818,0.2105263157894736,0.75,0.0786516853932584,0.6666666666666666,0.6428571428571429,0.5555555555555556,0.5,0.375,0.6741573033707865,0.502384090909091,0.5741357142857143,0.4409733333333333,0.1041666666666666,0.1075268817204301,0.2727272727272727,0.1919191919191919,4.354651162790698,0.2608695652173913,0.2777777777777778,0.2032902467685076,3.0,,1.0,3.0,2.0,2.0,3.0,3.0,1.0,1.0,,,1.0,1.0,0.3333333333333333,0.3333333333333333,0.0337078651685393,0.4285714285714285,0.4285714285714285,1.0,,0.0337078651685393,0.3333333333333333,0.3333333333333333,1.0,0.125,0.3333333333333333,30.766666666666666,,,,,,,1.0,,1.0,,,,,0.5,,,,,,,,,0.5,,,,,,,2.0,,,,,,,,,,,0.0,,,2.0,34.0,0.43805309734513276,-0.034438812039980504
202656,Jeanette Pohlen-Mavunga,21,34,2011,1050,IND,1611661325,23.0,72.0,,Stanford,USA,2011,1,9,538.8716666666667,48,102,29,62,13,15,10,37,47,33,21,13,4,1,32,17,138,-10,0,0,1.4,93.35,94.8,94.8,-1.3,94.5,93.5,77.79,20.4,93.5,93.01,-1.3,0.0,93.35,94.5,3.0,1.57,273.9,281.0,2592,,,,,,,,,,,,,0.618,0.471,0.468,0.867,13.0,0.044,0.11,0.065,12.9,0.635,0.613,0.113,0.02,0.109,,,,,,,,,,,,,,,,,,,1611661325,Jeanette Pohlen-Mavunga,Jeanette Pohlen-Mavunga,202656,IND,32329.0,34,539,-10.0,1023,1009,286,287,112,2032,13.0,19.0,2.0,2.0,2.0,3.0,4.0,14.0,7.0,19.0,40.0,13.0,138.0,992,2.0,4.0,,10.0,2.0,7.0,4.0,29.0,20.0,18.0,2.0,1.0,23.0,10.0,33.0,6.0,4.0,13.0,5.0,5.0,76.0,3.0,7.0,,10.0,26,1.0,37,10.0,47,1.0,13.0,10.0,3.0,14.0,2.0,10.0,7.0,1.0,4.0,1.0,21.0,1.0,2.0,13.0,32.0,,2.0,3.0,17.0,1.0,3.0,1.0,5.0,1.0,4.0,2.0,2.0,4.0,2.0,128.0,29.0,283,5.0,1.0,5.0,,6.0,,15.0,,,95.9921798631476,98.3151635282458,0.5263157894736842,0.5555555555555556,0.475,0.5,0.2857142857142857,0.6127450980392157,0.625,0.5681818181818182,0.6342592592592593,0.625,0.5833333333333334,0.025,,0.0714285714285714,11.236933797909408,0.6666666666666666,0.0227272727272727,,0.0670103092783505,0.0225806451612903,0.0787401574803149,0.0234375,0.0699029126213592,0.0228310502283105,0.0353982300884955,0.0166666666666666,0.0129870129870129,0.0232558139534883,0.0238095238095238,0.0847457627118644,0.0675675675675675,0.0491803278688524,0.0891089108910891,0.0384615384615384,0.0204081632653061,0.5,0.1862745098039215,0.6842105263157895,0.6842105263157895,0.6153846153846154,0.1372549019607843,0.2857142857142857,0.3076923076923077,0.25,0.0686274509803921,0.25,1.0,0.5,0.1363636363636363,0.6666666666666666,0.7941176470588235,0.5159960396039605,0.4769625,0.4359928571428571,0.0560747663551401,0.1136363636363636,0.072463768115942,0.2101449275362318,6.4,0.1666666666666666,0.1111111111111111,0.2795698924731182,2.0,28.0,18.0,34.0,10.0,15.0,78.0,33.0,18.0,,,,,0.896551724137931,0.4677419354838709,0.4754098360655737,0.6078431372549019,0.2857142857142857,0.2857142857142857,0.5,0.2745098039215686,0.3333333333333333,0.5294117647058824,0.5294117647058824,0.8333333333333334,0.4545454545454545,0.5454545454545454,22.87741935483871,0.25,0.2258064516129032,11.0,2.0,5.0,1.0,5.0,4.0,7.0,9.0,,1.0,,0.4666666666666667,,,0.3928571428571428,0.3928571428571428,1.0,0.125,0.2272727272727272,0.4,0.5,,3.0,,0.375,1.0,2.0,,0.5,1.0,1.0,1.0,,1.0,,0.3333333333333333,1.0,0.0158730158730158,0.0,,,,18.0,0.5798319327731093,0.10734002338799603
202626,Jenna O'Hea,14,31,2011,986,LAS,1611661320,25.0,73.0,174.0,None,Australia,Undrafted,Undrafted,Undrafted,506.645,49,113,28,63,22,28,15,32,47,40,26,12,5,7,46,32,148,-56,1,0,1.6,93.32,102.8,102.8,-5.9,103.2,97.0,77.77,20.8,97.0,93.14,-5.9,-6.2,93.32,97.0,3.6,1.54,289.4,297.0,2637,,,,,,,,,,,,,0.452,0.434,0.444,0.786,13.5,0.049,0.135,0.065,13.6,0.59,0.558,0.137,0.031,0.134,,,,,,,,,,,,,,,,,,,1611661320,Jenna O'Hea,Jenna O'Hea,202626,LAS,30398.0,31,507,-56.0,964,958,214,222,125,1922,15.0,25.0,3.0,4.0,1.0,6.0,5.0,15.0,10.0,21.0,50.0,22.0,148.0,1012,3.0,7.0,3.0,18.0,1.0,11.0,8.0,19.0,24.0,18.0,4.0,5.0,26.0,14.0,40.0,11.0,3.0,15.0,4.0,7.0,94.0,4.0,11.0,,8.0,23,1.0,32,15.0,47,3.0,12.0,7.0,5.0,13.0,5.0,8.0,13.0,,5.0,6.0,26.0,4.0,2.0,19.0,46.0,1.0,6.0,1.0,32.0,7.0,4.0,1.0,9.0,4.0,5.0,1.0,4.0,5.0,3.0,130.0,19.0,213,6.0,4.0,14.0,,8.0,2.0,5.0,9.0,,99.1701244813278,105.63674321503132,0.5714285714285714,0.631578947368421,0.42,0.4285714285714285,0.0909090909090909,0.5575221238938053,0.75,0.275,0.5873015873015873,0.75,0.38,0.1,0.12,0.1333333333333333,13.71841155234657,0.5,0.03125,,0.0746753246753246,0.0337423312883435,0.0571428571428571,0.0327868852459016,0.0691964285714285,0.0334821428571428,0.02,0.0491803278688524,0.0288461538461538,0.0125,0.0714285714285714,0.0714285714285714,0.046875,0.1219512195121951,0.0545454545454545,0.0666666666666666,0.0535714285714285,0.6,0.2212389380530973,0.6,0.6818181818181818,0.5333333333333333,0.1327433628318584,0.3333333333333333,0.3846153846153846,0.6,0.0884955752212389,0.4,0.75,0.3333333333333333,0.3,0.1666666666666666,0.7787610619469026,0.516803982300885,0.4965222222222222,0.4563925,0.081967213114754,0.1551724137931034,0.1216216216216216,0.1283783783783783,7.06,0.6,0.4,0.2219917012448132,1.0,35.0,13.0,28.0,8.0,9.0,81.0,28.0,13.0,,,,,0.9642857142857144,0.4444444444444444,0.4444444444444444,0.5575221238938053,0.1,0.1,1.0,0.3097345132743362,0.247787610619469,0.4642857142857143,0.4814814814814814,0.9230769230769232,0.4,0.4642857142857143,22.431746031746037,0.3333333333333333,0.4117647058823529,15.0,,1.0,1.0,3.0,3.0,3.0,3.0,2.0,,,0.3333333333333333,0.0317460317460317,0.0357142857142857,0.4285714285714285,0.4411764705882353,1.0,0.1,0.05,,0.375,,2.0,,0.2,1.0,3.0,,1.0,1.0,1.0,2.0,,1.0,0.0285714285714285,1.0,1.0,0.015625,0.0,,,,19.0,0.5229681978798587,0.05047628849474545
101080,Jennifer Lacy,3,34,2011,1280,TUL,1611661321,29.0,75.0,175.0,Pepperdine,USA,Undrafted,Undrafted,Undrafted,653.4216666666666,82,204,28,80,21,30,29,61,90,34,51,20,17,8,86,37,213,-237,0,0,2.4,94.43,104.7,104.7,-17.6,105.5,87.1,78.69,11.2,87.1,93.92,-17.6,-18.1,94.43,87.4,6.0,0.67,432.0,439.0,2628,,,,,,,,,,,,,0.088,0.402,0.35,0.7,16.8,0.073,0.109,0.104,16.9,0.49,0.471,0.19,0.045,0.186,,,,,,,,,,,,,,,,,,,1611661321,Jennifer Lacy,Jennifer Lacy,101080,TUL,39204.0,34,653,-237.0,1245,1248,278,315,146,2493,35.0,56.0,10.0,16.0,11.0,14.0,10.0,38.0,30.0,54.0,124.0,21.0,213.0,1352,11.0,23.0,1.0,29.0,13.0,25.0,6.0,35.0,68.0,40.0,10.0,8.0,23.0,11.0,34.0,8.0,3.0,13.0,7.0,3.0,79.0,8.0,21.0,,12.0,41,8.0,61,29.0,90,6.0,20.0,15.0,5.0,26.0,2.0,22.0,25.0,4.0,4.0,5.0,51.0,5.0,11.0,46.0,86.0,1.0,7.0,8.0,37.0,3.0,4.0,2.0,14.0,2.0,17.0,8.0,8.0,17.0,11.0,184.0,35.0,278,4.0,3.0,20.0,2.0,22.0,9.0,21.0,7.0,,89.5582329317269,108.33333333333331,0.6296296296296297,0.6938775510204082,0.4354838709677419,0.4782608695652174,0.52,0.4705882352941176,0.5,0.453125,0.4885321100917431,0.5,0.4729729729729729,0.064516129032258,0.0535714285714285,0.131578947368421,19.037508846426043,0.5098039215686274,0.2051282051282051,,0.0995145631067961,0.0534351145038167,0.0967741935483871,0.038647342995169,0.0988805970149253,0.0483333333333333,0.0619469026548672,0.0674157303370786,0.0196078431372549,0.0357142857142857,0.0512820512820512,0.1074380165289256,0.1091954022988505,0.0769230769230769,0.0833333333333333,0.1428571428571428,0.0530973451327433,0.6470588235294118,0.2745098039215686,0.625,0.660377358490566,0.6,0.1862745098039215,0.2631578947368421,0.303030303030303,0.7,0.1470588235294117,0.5714285714285714,0.625,0.2,0.4375,0.7857142857142857,0.6666666666666666,0.4787553921568627,0.5131976190476191,0.457759375,0.0648148148148148,0.1029411764705882,0.136150234741784,0.1643192488262911,7.893548387096774,0.238095238095238,0.3214285714285714,0.223293172690763,9.0,25.0,16.0,55.0,7.0,7.0,84.0,55.0,16.0,1.0,,,7.0,1.0,0.35,0.35,0.392156862745098,0.3,0.3,0.6666666666666666,0.1225490196078431,0.2696078431372549,0.2909090909090909,0.2909090909090909,1.0,0.21875,0.2909090909090909,21.915,0.4761904761904761,0.2352941176470588,12.0,,,3.0,1.0,5.0,1.0,,,,1.0,0.1428571428571428,,,0.48,0.48,1.0,0.1071428571428571,,,0.1428571428571428,,2.0,,0.0714285714285714,1.0,2.0,1.0,0.4,0.3333333333333333,1.0,1.0,,,,0.5,1.0,,0.0,,,,36.0,0.44190871369294604,-0.03058319569216722
201882,Jessica Adair,25,31,2011,636,MIN,1611661324,25.0,76.0,206.0,George Washington,USA,2009,3,34,320.6083333333333,50,103,0,0,32,49,43,47,90,10,27,8,18,15,51,41,132,64,1,0,1.6,94.92,91.1,91.1,9.5,91.3,100.6,79.1,6.2,100.6,93.88,9.5,11.3,94.92,102.6,3.3,0.37,306.0,284.0,2626,,,,,,,,,,,,,0.806,0.485,0.0,0.653,16.7,0.139,0.051,0.146,16.7,0.53,0.485,0.21,0.133,0.202,,,,,,,,,,,,,,,,,,,1611661324,Jessica Adair,Jessica Adair,201882,MIN,19232.0,31,321,64.0,617,607,132,189,107,1224,31.0,55.0,13.0,23.0,5.0,9.0,13.0,39.0,9.0,50.0,103.0,32.0,132.0,576,16.0,31.0,10.0,42.0,11.0,21.0,15.0,37.0,58.0,42.0,22.0,15.0,6.0,4.0,10.0,4.0,,4.0,2.0,,24.0,14.0,28.0,1.0,16.0,28,3.0,47,43.0,90,4.0,8.0,4.0,4.0,7.0,3.0,2.0,20.0,,5.0,4.0,27.0,1.0,2.0,19.0,51.0,,9.0,8.0,41.0,3.0,4.0,5.0,26.0,1.0,17.0,10.0,5.0,18.0,9.0,90.0,37.0,131,9.0,1.0,7.0,,3.0,6.0,7.0,2.0,,103.72771474878444,94.89291598023064,0.58,0.7435897435897436,0.4854368932038835,0.5161290322580645,0.5238095238095238,0.4854368932038835,0.5161290322580645,0.5238095238095238,0.528,0.525,0.6166666666666667,0.145631067961165,0.1454545454545454,0.1794871794871795,20.68027210884354,0.2592592592592592,0.15,0.04,0.1555555555555555,0.1266968325791855,0.1441441441441441,0.2,0.1512027491408934,0.1443298969072164,0.125,0.146067415730337,0.1029411764705882,0.1818181818181818,0.2666666666666666,0.1428571428571428,0.1379310344827586,0.1780821917808219,0.1547619047619047,0.1111111111111111,0.1052631578947368,0.5,0.5339805825242718,0.5636363636363636,0.6595744680851063,0.4516129032258064,0.3786407766990291,0.3333333333333333,0.40625,0.7692307692307693,0.087378640776699,0.7419354838709677,0.5652173913043478,0.0769230769230769,0.4285714285714285,0.5555555555555556,0.5339805825242718,0.4458679611650485,0.4572347826086957,0.4204714285714286,0.2096774193548387,0.2096774193548387,0.3181818181818182,0.2803030303030303,5.366990291262136,0.375,0.2692307692307692,0.2139384116693679,6.0,,,,,,,,,,1.0,,2.0,,,,,0.6666666666666666,0.6666666666666666,0.8333333333333334,,,,,,,,,0.6666666666666666,,,,,,,,,,,,2.0,,,,,,,,,,,1.0,,,,,,,,,,,,,,,,,0.0,,,,21.0,0.4520547945205479,-0.020437114864565342
202638,Jessica Breland,7,13,2011,158,CON,1611661323,24.0,75.0,,North Carolina,USA,2011,2,13,75.49666666666667,9,23,0,0,2,2,3,11,14,4,3,2,7,1,9,2,20,-20,0,0,0.7,100.45,100.6,100.6,-12.7,99.9,88.0,83.71,12.9,88.0,98.55,-12.7,-7.8,100.45,92.1,1.8,1.33,66.8,56.0,2727,,,,,,,,,,,,,0.538,0.391,0.0,1.0,9.7,0.093,0.083,0.131,9.7,0.419,0.391,0.161,0.045,0.152,,,,,,,,,,,,,,,,,,,1611661323,Jessica Breland,Jessica Breland,202638,CON,4528.0,13,75,-20.0,149,150,38,65,17,299,2.0,2.0,,,1.0,1.0,4.0,12.0,9.0,9.0,23.0,2.0,20.0,159,,2.0,2.0,2.0,2.0,5.0,,4.0,16.0,2.0,,1.0,3.0,1.0,4.0,1.0,,2.0,,1.0,9.0,,3.0,,2.0,7,2.0,11,3.0,14,0.0,2.0,1.0,1.0,1.0,1.0,0.0,2.0,,1.0,,3.0,2.0,,6.0,9.0,,1.0,1.0,2.0,,1.0,0.0,1.0,,7.0,4.0,3.0,7.0,1.0,18.0,4.0,38,,,,,,,,,,93.28859060402684,106.0,0.8888888888888888,0.8888888888888888,0.391304347826087,,0.4,0.391304347826087,,0.4,0.4166666666666667,0.3333333333333333,0.4,0.0434782608695652,,0.0833333333333333,16.071428571428573,0.3333333333333333,0.5,,0.1428571428571428,0.0714285714285714,0.0769230769230769,,0.12,0.0526315789473684,0.1111111111111111,0.1111111111111111,,,,0.1538461538461538,0.1111111111111111,0.1666666666666666,0.05,0.1666666666666666,,0.1428571428571428,0.0869565217391304,1.0,1.0,0.5,0.5217391304347826,0.3333333333333333,0.3636363636363636,1.0,0.391304347826087,,,,0.2,1.0,0.0869565217391304,0.3936434782608695,0.3487,0.4078199999999999,0.0416666666666666,0.0416666666666666,0.1,0.2,11.534782608695652,,0.375,0.2550335570469799,3.0,,,,,,,,,,,,,,,,,0.3333333333333333,0.3333333333333333,1.0,,,,,,,,,0.5,,,,,,,,,,,,,,,,,,,,,,,,,,,,,,,,,,,,,,,,0.0,,,,4.0,0.37037037037037035,-0.10212153901474291
201047,Jessica Davenport,21,34,2011,1392,IND,1611661325,27.0,77.0,215.0,Ohio State,USA,2007,1,2,717.3066666666666,145,274,0,3,73,104,50,113,163,17,55,27,45,28,77,73,363,96,1,0,4.3,93.01,94.5,94.5,6.6,94.2,101.1,77.51,4.3,101.1,93.22,6.6,6.8,93.01,100.9,8.1,0.31,745.1,687.0,2592,,,,,,,,,,,,,0.618,0.529,0.0,0.702,14.1,0.121,0.048,0.16,14.0,0.568,0.529,0.243,0.078,0.236,,,,,,,,,,,,,,,,,,,1611661325,Jessica Davenport,Jessica Davenport,201047,IND,43042.0,34,717,96.0,1359,1342,396,370,161,2701,95.0,144.0,15.0,30.0,22.0,31.0,36.0,95.0,32.0,145.0,271.0,73.0,363.0,1311,18.0,40.0,13.0,49.0,41.0,75.0,27.0,109.0,230.0,60.0,22.0,28.0,13.0,4.0,17.0,2.0,2.0,6.0,3.0,4.0,38.0,11.0,38.0,1.0,21.0,79,13.0,113,50.0,163,8.0,27.0,21.0,6.0,25.0,3.0,16.0,30.0,1.0,9.0,10.0,55.0,3.0,14.0,42.0,77.0,1.0,6.0,7.0,73.0,4.0,,14.0,54.0,5.0,44.0,22.0,20.0,45.0,30.0,314.0,109.0,395,5.0,5.0,43.0,,12.0,,22.0,7.0,,103.53200883002208,97.69001490312964,0.7931034482758621,0.8582089552238806,0.5350553505535055,0.45,0.5466666666666666,0.5291970802919708,0.4390243902439024,0.5466666666666666,0.5689655172413793,0.49,0.5989010989010989,0.1033210332103321,0.0833333333333333,0.1684210526315789,24.23849643551523,0.4545454545454545,0.2407407407407407,0.0227272727272727,0.1670190274841437,0.0917874396135265,0.1288343558282208,0.0683229813664596,0.1572327044025157,0.0852173913043478,0.1052631578947368,0.0933333333333333,0.0714285714285714,0.0714285714285714,0.0612244897959183,0.2727272727272727,0.1099476439790576,0.15527950310559,0.1311475409836065,0.1219512195121951,0.08,0.6666666666666666,0.5255474452554745,0.6597222222222222,0.7196969696969697,0.7578947368421053,0.3467153284671533,0.3789473684210526,0.4556962025316455,0.8333333333333334,0.1167883211678832,0.7317073170731707,0.5,0.2,0.4133333333333333,0.7096774193548387,0.5364963503649635,0.4725928832116788,0.5356066666666667,0.4507,0.1719745222929936,0.1736334405144694,0.1349862258953168,0.3002754820936639,5.760516605166052,0.3333333333333333,0.3389830508474576,0.2913907284768212,14.0,1.0,,2.0,,,,2.0,,,1.0,,,,,,0.010948905109489,0.4375,0.4375,0.9285714285714286,0.0036496350364963,0.0072992700729927,,,,,,22.2,0.2941176470588235,0.6666666666666666,,,,,,1.0,,,,,2.0,,,,,,,,,,,1.0,1.0,,0.024390243902439,,,,,,,,,,,,,,0.0,,,,57.0,0.5185714285714286,0.04607951918631531
101042,Jessica Moore,17,29,2011,411,CON,1611661323,29.0,75.0,175.0,Connecticut,USA,2005,2,24,198.73833333333332,17,40,0,0,14,18,10,13,23,5,14,5,2,1,19,17,48,-3,0,0,0.6,98.66,86.0,86.0,-1.8,86.9,84.2,82.22,7.4,84.2,96.72,-1.8,-0.3,98.66,86.6,1.4,0.36,90.1,90.0,2727,,,,,,,,,,,,,0.586,0.425,0.0,0.778,20.6,0.055,0.044,0.066,20.9,0.501,0.425,0.138,0.045,0.132,,,,,,,,,,,,,,,,,,,1611661323,Jessica Moore,Jessica Moore,101042,CON,11919.0,29,199,-3.0,392,387,115,110,59,779,13.0,17.0,2.0,3.0,,1.0,2.0,10.0,13.0,17.0,40.0,14.0,48.0,349,2.0,5.0,5.0,9.0,2.0,8.0,4.0,8.0,26.0,8.0,,1.0,2.0,3.0,5.0,1.0,2.0,2.0,,,13.0,1.0,9.0,,4.0,6,3.0,13,10.0,23,1.0,5.0,2.0,3.0,8.0,1.0,6.0,6.0,,2.0,2.0,14.0,2.0,3.0,8.0,19.0,1.0,1.0,1.0,17.0,4.0,2.0,0.0,8.0,1.0,2.0,1.0,1.0,2.0,1.0,39.0,8.0,115,,1.0,,,,,,,,88.26530612244898,90.18087855297158,0.7647058823529411,0.7647058823529411,0.425,0.4,0.25,0.425,0.4,0.25,0.4897959183673469,0.5,0.3636363636363636,0.025,0.0588235294117647,,13.785557986870897,0.5714285714285714,0.3,,0.0476190476190476,0.0596026490066225,0.0909090909090909,0.0204081632653061,0.0588235294117647,0.05,0.054054054054054,0.1111111111111111,0.0166666666666666,,0.0714285714285714,0.073170731707317,0.0408163265306122,0.0277777777777777,0.088235294117647,0.1,0.0454545454545454,0.5,0.425,0.7647058823529411,0.8125,0.6923076923076923,0.25,0.2,0.2,1.0,0.325,0.6,0.6666666666666666,0.5,0.125,,0.425,0.4562,0.477625,0.3669125,0.1666666666666666,0.1666666666666666,0.1875,0.1666666666666666,8.497499999999999,0.25,0.375,0.2933673469387755,2.0,,,,,,,,,,,,,,,,,0.1538461538461538,0.1538461538461538,1.0,,,,,,,,,0.1818181818181818,,,,,,,,,,,,,,,,,,,,,,,,,,,,,,,,,,,,,,,,0.0,,,,8.0,0.42857142857142855,-0.043920480813684715
100952,Jia Perkins,18,34,2011,1686,SAN,1611661319,30.0,68.0,155.0,Texas Tech,USA,2004,3,35,851.535,154,368,40,128,60,71,22,96,118,47,35,44,9,11,48,60,408,41,0,0,4.5,94.98,96.1,96.1,2.3,96.1,98.4,79.15,9.8,98.4,95.43,2.3,1.3,94.98,97.4,10.8,1.34,744.1,719.0,2674,,,,,,,,,,,,,0.529,0.418,0.313,0.845,7.3,0.07,0.104,0.121,7.3,0.511,0.473,0.232,0.025,0.226,,,,,,,,,,,,,,,,,,,1611661319,Jia Perkins,Jia Perkins,100952,SAN,51094.0,34,852,41.0,1638,1645,377,410,189,3283,34.0,53.0,5.0,11.0,4.0,7.0,28.0,79.0,108.0,114.0,240.0,60.0,408.0,1618,14.0,30.0,6.0,46.0,14.0,32.0,27.0,85.0,122.0,106.0,6.0,10.0,37.0,10.0,47.0,7.0,3.0,21.0,8.0,8.0,104.0,10.0,12.0,,29.0,67,,96,22.0,118,5.0,44.0,27.0,17.0,24.0,7.0,17.0,11.0,,7.0,1.0,35.0,3.0,7.0,17.0,48.0,2.0,2.0,,60.0,4.0,8.0,7.0,27.0,8.0,7.0,4.0,1.0,9.0,5.0,362.0,83.0,371,5.0,6.0,14.0,,14.0,,6.0,,,101.28205128205128,98.35866261398176,0.5350877192982456,0.5495495495495496,0.475,0.4666666666666667,0.4375,0.4728260869565217,0.4545454545454545,0.4202898550724637,0.5113065326633166,0.4787234042553192,0.5059523809523809,0.0416666666666666,0.0754716981132075,0.0632911392405063,23.2508073196986,0.6857142857142857,,,0.1202872531418312,0.0212389380530973,0.1611111111111111,0.0413223140495867,0.1302578018995929,0.0272614622057001,0.0375,0.0124481327800829,0.0182926829268292,0.0467836257309941,0.028169014084507,0.0909090909090909,0.1233480176211453,0.1493506493506493,0.1567164179104477,0.1739130434782608,0.0257731958762886,0.5555555555555556,0.1440217391304347,0.6415094339622641,0.6938775510204082,0.5588235294117647,0.2146739130434782,0.3544303797468354,0.3783783783783784,0.4285714285714285,0.2934782608695652,0.25,0.4545454545454545,0.6,0.1014492753623188,0.5714285714285714,0.4918478260869565,0.4639365753424657,0.4873637931034482,0.4573712121212121,0.0794871794871794,0.1038461538461538,0.1127450980392156,0.2083333333333333,10.912083333333332,0.4210526315789473,0.2156862745098039,0.2301587301587301,52.0,33.0,30.0,95.0,30.0,37.0,111.0,93.0,30.0,,2.0,1.0,2.0,0.925,0.3125,0.3174603174603174,0.3478260869565217,0.4814814814814814,0.4859813084112149,0.5769230769230769,0.0896739130434782,0.2581521739130434,0.3157894736842105,0.3191489361702128,0.9333333333333332,0.4347826086956521,0.3225806451612903,22.35546875,0.2,0.2375,10.0,3.0,7.0,10.0,7.0,14.0,10.0,9.0,1.0,1.0,2.0,0.2702702702702703,0.0078125,0.0105263157894736,0.303030303030303,0.303030303030303,0.9,0.2272727272727272,0.1014492753623188,0.4285714285714285,0.2333333333333333,1.0,4.0,0.0092592592592592,0.0909090909090909,3.0,4.0,,0.2857142857142857,0.3,1.0,1.0,,4.0,,0.25,1.0,0.0307692307692307,2.0,,,,57.0,0.49514563106796117,0.022653721682847905
202285,Joy Cheek,1,3,2011,35,WAS,1611661322,24.0,73.0,201.0,Duke,USA,2010,3,35,15.77,1,4,0,1,1,1,0,3,3,0,2,0,1,0,2,2,3,-10,0,0,0.3,105.01,94.1,94.1,-31.3,99.8,62.9,87.51,0.0,62.9,94.23,-31.3,-26.0,105.01,73.7,1.3,0.0,7.6,8.0,2585,,,,,,,,,,,,,0.333,0.25,0.0,1.0,33.3,0.0,0.0,0.0,31.1,0.338,0.25,0.19,0.0,0.154,,,,,,,,,,,,,,,,,,,1611661322,Joy Cheek,Joy Cheek,202285,WAS,947.0,3,16,-10.0,31,33,16,13,2,64,1.0,1.0,,,,,,1.0,1.0,1.0,3.0,1.0,3.0,32,,,,,,1.0,,,,2.0,,,,,,,,,,,,,,,,3,,3,,3,0.0,,,,1.0,,1.0,1.0,1.0,,,2.0,,2.0,1.0,2.0,,,,2.0,,1.0,1.0,1.0,,1.0,,,1.0,1.0,3.0,,16,,,,,,,,,,70.96774193548387,96.96969696969695,,,0.3333333333333333,,,0.25,,,0.375,,,,,,17.142857142857142,0.5,,,0.2307692307692307,,,,0.2,,,,,,,0.4,0.1666666666666666,,,,,1.0,0.25,1.0,1.0,,0.25,,,,0.25,,,,,,0.5,0.4505,,0.3483,0.25,0.3333333333333333,,,7.433333333333334,,1.0,0.5161290322580645,,,,1.0,,,,1.0,,,,,,,,,0.25,,,,,0.25,,,,,,21.5,,,,,,,,,,,,,1.0,,,,,,,,,,,,,,,,,,,,,,,,,,,,0.0,,,,2.0,0.3,-0.17249190938511327
202253,Kalana Greene,20,33,2011,1554,CON,1611661323,24.0,70.0,170.0,Connecticut, ,2010,2,13,780.5433333333333,70,166,18,46,27,45,26,99,125,49,29,30,12,5,55,37,185,32,0,0,2.1,95.87,96.2,96.2,2.7,95.4,98.8,79.89,18.5,98.8,96.34,2.7,3.4,95.87,98.7,5.0,1.69,505.5,461.0,2727,,,,,,,,,,,,,0.606,0.422,0.391,0.6,10.9,0.078,0.094,0.121,11.0,0.498,0.476,0.124,0.033,0.121,,,,,,,,,,,,,,,,,,,1611661323,Kalana Greene,Kalana Greene,202253,CON,46832.0,33,781,32.0,1506,1543,204,211,183,3049,35.0,58.0,4.0,9.0,8.0,13.0,8.0,33.0,29.0,52.0,120.0,27.0,185.0,1504,5.0,13.0,4.0,23.0,9.0,21.0,9.0,30.0,58.0,46.0,8.0,5.0,37.0,12.0,49.0,5.0,7.0,15.0,12.0,10.0,110.0,6.0,19.0,1.0,24.0,61,14.0,99,26.0,125,2.0,30.0,18.0,12.0,18.0,4.0,15.0,11.0,2.0,3.0,2.0,29.0,2.0,5.0,23.0,55.0,,1.0,2.0,37.0,3.0,2.0,3.0,18.0,6.0,12.0,4.0,8.0,12.0,6.0,162.0,30.0,197,2.0,6.0,39.0,,22.0,,2.0,,,101.99203187250995,97.47245625405056,0.5576923076923077,0.6041666666666666,0.4333333333333333,0.3846153846153846,0.4285714285714285,0.4759036144578313,0.5277777777777778,0.42,0.4946524064171123,0.575,0.4545454545454545,0.0416666666666666,0.0344827586206896,0.0303030303030303,12.471131639722865,0.6206896551724138,0.3414634146341463,0.0285714285714285,0.1115173674588665,0.0335689045936395,0.1142857142857142,0.0357142857142857,0.1122853368560105,0.0340599455040872,0.037037037037037,0.0182648401826484,0.0486486486486486,0.0483870967741935,,0.0670391061452514,0.1129943502824858,0.1518324607329843,0.1111111111111111,0.1228070175438596,0.0222222222222222,0.5,0.3493975903614458,0.603448275862069,0.625,0.6285714285714286,0.1987951807228915,0.2424242424242424,0.25,0.375,0.1746987951807229,0.5,0.4444444444444444,0.25,0.52,0.6153846153846154,0.6265060240963856,0.5146536144578313,0.5277083333333333,0.519064,0.0994475138121546,0.1333333333333333,0.1243243243243243,0.1621621621621621,7.461666666666667,0.5217391304347826,0.5,0.1354581673306772,9.0,24.0,8.0,22.0,4.0,4.0,54.0,22.0,8.0,1.0,,,1.0,1.0,0.391304347826087,0.391304347826087,0.2771084337349397,0.3103448275862069,0.3333333333333333,0.4444444444444444,0.144578313253012,0.1325301204819277,0.3636363636363636,0.3636363636363636,1.0,0.16,0.3636363636363636,22.308695652173917,0.3,0.2857142857142857,10.0,,,4.0,1.0,5.0,1.0,,,,,0.25,,,0.4166666666666667,0.4166666666666667,1.0,0.2222222222222222,,,0.25,,1.0,0.0689655172413793,0.0555555555555555,3.0,3.0,,0.6,0.75,1.0,,,,,,,,0.0,,,,38.0,0.4648241206030151,-0.007667788782098173
101025,Kara Braxton,18,31,2011,1078,NYL,1611661313,29.0,78.0,225.0,Georgia, ,2005,1,7,522.1516666666666,104,203,5,11,29,52,46,82,128,34,51,20,20,18,85,56,242,37,0,0,3.4,99.79,100.9,100.9,4.8,100.8,105.8,83.16,11.0,105.8,99.98,4.8,4.7,99.79,105.5,6.5,0.67,515.6,489.0,2624,,,,,,,,,,,,,0.581,0.512,0.455,0.558,16.5,0.123,0.106,0.144,16.4,0.536,0.525,0.23,0.097,0.225,,,,,,,,,,,,,,,,,,,1611661313,Kara Braxton,Kara Braxton,101025,NYL,31331.0,31,522,35.0,1043,1051,218,215,132,2094,81.0,113.0,19.0,28.0,16.0,22.0,17.0,71.0,8.0,99.0,192.0,29.0,242.0,1103,22.0,44.0,8.0,52.0,21.0,36.0,6.0,51.0,146.0,52.0,22.0,18.0,26.0,8.0,34.0,7.0,1.0,20.0,4.0,2.0,76.0,9.0,35.0,2.0,22.0,48,12.0,82,46.0,128,8.0,20.0,14.0,6.0,13.0,9.0,10.0,38.0,3.0,3.0,10.0,51.0,5.0,11.0,50.0,85.0,2.0,3.0,11.0,56.0,10.0,4.0,6.0,25.0,4.0,20.0,9.0,10.0,20.0,11.0,190.0,51.0,216,3.0,3.0,32.0,4.0,22.0,7.0,36.0,3.0,,109.10834132310644,104.94766888677452,0.7373737373737373,0.8295454545454546,0.515625,0.5,0.5833333333333334,0.5246305418719212,0.5,0.6081081081081081,0.5353982300884956,0.52,0.6219512195121951,0.09375,0.079646017699115,0.1267605633802817,23.23825503355705,0.2549019607843137,0.3243243243243243,0.064516129032258,0.1297297297297297,0.1063829787234042,0.1527777777777778,0.0833333333333333,0.1361867704280155,0.1006864988558352,0.1134020618556701,0.1118881118881118,0.0898876404494382,0.072289156626506,0.12,0.1505376344086021,0.1042944785276073,0.1491228070175438,0.1775700934579439,0.081081081081081,0.0987654320987654,0.55,0.5566502463054187,0.7168141592920354,0.7788461538461539,0.7407407407407407,0.3497536945812808,0.2394366197183098,0.2741935483870967,0.7058823529411765,0.0394088669950738,0.6363636363636364,0.6785714285714286,0.2631578947368421,0.5945945945945946,0.7272727272727273,0.6108374384236454,0.4879721674876847,0.5076685714285715,0.5058878378378378,0.1126126126126126,0.1184834123222748,0.2148760330578512,0.2107438016528925,4.7250000000000005,0.3125,0.4444444444444444,0.209012464046021,1.0,,5.0,11.0,1.0,1.0,9.0,11.0,5.0,,,,,0.6,0.4545454545454545,0.4545454545454545,0.0541871921182266,0.125,0.125,1.0,,0.0541871921182266,0.4545454545454545,0.4545454545454545,0.6,0.027027027027027,0.4545454545454545,21.981818181818184,0.2857142857142857,0.3333333333333333,,,,,1.0,,1.0,6.0,,,1.0,1.0,,,,,,,,,1.0,,,,,,,,,,,,,,,,,,0.0,,,,35.0,0.4671814671814672,-0.005310442203646071
100874,Kara Lawson,20,33,2011,1666,CON,1611661323,31.0,69.0,169.0,Tennessee, ,2003,1,5,831.5633333333334,111,247,55,128,65,73,12,75,87,96,46,23,1,5,36,65,342,63,0,0,3.4,96.05,94.3,94.3,3.6,95.1,97.9,80.04,22.9,97.9,95.87,3.6,2.5,96.05,97.5,7.5,2.09,616.4,628.0,2727,,,,,,,,,,,,,0.606,0.449,0.43,0.89,11.0,0.051,0.199,0.087,10.9,0.613,0.561,0.175,0.014,0.169,,,,,,,,,,,,,,,,,,,1611661323,Kara Lawson,Kara Lawson,100874,CON,49896.0,33,832,63.0,1624,1615,438,405,208,3239,30.0,41.0,,,9.0,13.0,10.0,37.0,41.0,56.0,119.0,65.0,342.0,1568,2.0,7.0,5.0,24.0,15.0,33.0,38.0,110.0,50.0,62.0,2.0,5.0,74.0,22.0,96.0,19.0,3.0,34.0,15.0,25.0,214.0,2.0,8.0,2.0,20.0,53,2.0,75,12.0,87,3.0,23.0,16.0,7.0,31.0,5.0,26.0,15.0,2.0,5.0,3.0,46.0,2.0,13.0,10.0,36.0,,,2.0,65.0,1.0,3.0,5.0,15.0,20.0,1.0,1.0,,1.0,1.0,318.0,99.0,427,7.0,13.0,3.0,,8.0,,11.0,,9.0,100.43103448275863,97.08978328173376,0.4464285714285714,0.4545454545454545,0.4705882352941176,0.2857142857142857,0.4545454545454545,0.5607287449392713,0.5,0.5373134328358209,0.6097122302158273,0.5454545454545454,0.6264367816091954,0.042016806722689,0.024390243902439,0.1081081081081081,17.346938775510203,0.6739130434782609,0.0434782608695652,0.04,0.0915371329879101,0.0136054421768707,0.1030927835051546,0.0103626943005181,0.0944372574385511,0.0128040973111395,0.0214285714285714,0.0168067226890756,0.0047619047619047,0.0068027210884353,0.0217391304347826,0.0677083333333333,0.064516129032258,0.1393034825870646,0.0833333333333333,0.16,0.024793388429752,1.0,0.1659919028340081,0.7317073170731707,0.75,0.5,0.1497975708502024,0.2702702702702703,0.303030303030303,0.3,0.1659919028340081,,,,0.1940298507462686,0.6923076923076923,0.6842105263157895,0.5038975308641975,0.4526678571428571,0.50113203125,0.065891472868217,0.1162790697674418,0.0701754385964912,0.3216374269005848,9.227731092436974,0.2727272727272727,0.3846153846153846,0.2697044334975369,16.0,21.0,45.0,107.0,30.0,34.0,102.0,104.0,45.0,1.0,,,,0.6181818181818182,0.4296875,0.44,0.5182186234817814,0.3902439024390244,0.3902439024390244,0.4375,0.0850202429149797,0.4331983805668016,0.4205607476635514,0.4205607476635514,0.5333333333333333,0.4477611940298507,0.4326923076923077,23.15703125,0.24,0.234375,10.0,2.0,4.0,11.0,12.0,12.0,14.0,63.0,,4.0,,0.4117647058823529,,,0.4761904761904761,0.4761904761904761,1.0,0.5789473684210527,0.0597014925373134,0.5,0.4,,1.0,,0.0526315789473684,5.0,5.0,1.0,0.4166666666666667,0.4545454545454545,1.0,,1.0,2.0,,,,0.0155038759689922,1.0,1.0,,,28.0,0.5747899159663865,0.10229800658127325
202640,Karima Christmas-Kelly,5,31,2011,599,TUL,1611661321,22.0,72.0,,Duke,USA,2011,2,23,308.7866666666667,30,88,9,40,32,43,20,17,37,7,25,14,4,6,35,29,101,-42,0,0,1.0,92.96,98.8,98.8,-7.3,100.7,91.5,77.46,5.0,91.5,91.53,-7.3,-8.0,92.96,92.6,2.8,0.28,184.9,190.0,2628,,,,,,,,,,,,,0.161,0.341,0.225,0.744,17.9,0.064,0.043,0.063,18.0,0.472,0.392,0.196,0.065,0.188,,,,,,,,,,,,,,,,,,,1611661321,Karima Christmas-Kelly,Karima Christmas-Kelly,202640,TUL,18527.0,31,309,-42.0,570,576,171,200,86,1146,15.0,21.0,4.0,6.0,6.0,7.0,5.0,24.0,3.0,21.0,48.0,32.0,101.0,590,5.0,11.0,6.0,16.0,9.0,15.0,16.0,46.0,8.0,34.0,4.0,5.0,5.0,2.0,7.0,2.0,,2.0,1.0,2.0,16.0,9.0,10.0,1.0,1.0,15,1.0,17,20.0,37,1.0,14.0,11.0,3.0,13.0,4.0,12.0,12.0,3.0,1.0,,25.0,1.0,5.0,12.0,35.0,1.0,2.0,2.0,29.0,,1.0,3.0,21.0,2.0,4.0,1.0,2.0,4.0,4.0,85.0,46.0,171,4.0,2.0,12.0,,6.0,,5.0,1.0,,96.140350877193,102.43055555555556,0.1904761904761904,0.2105263157894736,0.4375,0.4545454545454545,0.6,0.3920454545454545,0.3571428571428571,0.5555555555555556,0.4675925925925926,0.4705882352941176,0.6388888888888888,0.1041666666666666,,0.2083333333333333,19.674556213017752,0.52,0.0476190476190476,0.0526315789473684,0.0802139037433155,0.0552486187845303,0.0181818181818181,0.0967741935483871,0.0661157024793388,0.0693430656934306,0.0555555555555555,0.0561797752808988,0.0526315789473684,0.1044776119402985,0.0769230769230769,0.0217391304347826,0.0649350649350649,0.140625,0.025,,0.0196078431372549,1.0,0.2386363636363636,0.7142857142857143,0.7142857142857143,0.2,0.2727272727272727,0.2083333333333333,0.2631578947368421,0.2,0.034090909090909,0.4285714285714285,0.6666666666666666,0.5,0.2592592592592592,0.8571428571428571,0.6931818181818182,0.4592448863636363,0.46288,0.446637037037037,0.1981132075471698,0.3181818181818182,0.1584158415841584,0.4554455445544554,5.989583333333333,0.5,0.4736842105263157,0.3,1.0,23.0,2.0,17.0,7.0,12.0,24.0,17.0,2.0,,,,1.0,0.8888888888888888,0.225,0.225,0.4545454545454545,0.3333333333333333,0.3333333333333333,,0.2613636363636363,0.1931818181818181,0.1176470588235294,0.1176470588235294,0.5,0.2592592592592592,0.1176470588235294,22.0225,,0.1612903225806451,7.0,2.0,5.0,1.0,2.0,3.0,4.0,3.0,1.0,,1.0,0.3333333333333333,0.025,,0.3043478260869565,0.3181818181818182,1.0,0.0714285714285714,0.1851851851851851,0.4,0.2857142857142857,,2.0,,0.1428571428571428,,,,,,,,,,0.0434782608695652,,,,0.0,,,,19.0,0.42083333333333334,-0.051658576051779925
100666,Katie Douglas,19,32,2011,1786,IND,1611661325,33.0,72.0,165.0,Purdue, ,2001,1,10,939.85,166,357,66,150,47,70,31,95,126,91,65,41,8,13,48,73,445,139,0,0,5.2,91.21,97.5,97.5,7.8,95.7,105.3,76.01,16.7,105.3,92.58,7.8,8.4,91.21,104.1,11.2,1.4,814.7,826.0,2592,,,,,,,,,,,,,0.594,0.465,0.44,0.671,11.9,0.074,0.181,0.109,12.0,0.574,0.557,0.225,0.037,0.221,,,,,,,,,,,,,,,,,,,1611661325,Katie Douglas,Katie Douglas,100666,IND,56393.0,32,940,139.0,1754,1756,364,316,214,3510,49.0,83.0,6.0,10.0,5.0,8.0,18.0,48.0,76.0,100.0,207.0,47.0,445.0,1741,11.0,21.0,5.0,48.0,12.0,30.0,27.0,69.0,74.0,126.0,6.0,11.0,61.0,30.0,91.0,24.0,6.0,37.0,10.0,14.0,212.0,9.0,22.0,,26.0,66,3.0,95,31.0,126,5.0,41.0,36.0,5.0,40.0,12.0,26.0,25.0,2.0,14.0,4.0,65.0,7.0,9.0,19.0,48.0,3.0,2.0,3.0,73.0,3.0,3.0,6.0,23.0,14.0,7.0,3.0,3.0,8.0,3.0,397.0,65.0,359,5.0,10.0,25.0,,,,7.0,,,107.1835803876853,99.14578587699316,0.37,0.3814432989690721,0.4830917874396135,0.5238095238095238,0.4,0.5574229691876751,0.5972222222222222,0.4375,0.5719794344473008,0.6,0.5307692307692308,0.0531400966183574,0.0963855421686747,0.0416666666666666,22.616075886170744,0.6153846153846154,0.0714285714285714,,0.1124361158432708,0.0417457305502846,0.1192660550458715,0.036734693877551,0.1142857142857142,0.0401554404145077,0.0348258706467661,0.0388888888888888,0.0547945205479452,0.0292397660818713,0.054054054054054,0.09375,0.0875576036866359,0.1523809523809524,0.1325301204819277,0.0769230769230769,0.0292397660818713,0.375,0.2324929971988795,0.5903614457831325,0.6533333333333333,0.4897959183673469,0.134453781512605,0.375,0.391304347826087,0.1666666666666666,0.2128851540616246,0.2777777777777778,0.6,0.3333333333333333,0.1666666666666666,0.625,0.6526610644257703,0.5037275280898876,0.5445049999999999,0.4617864583333333,0.064,0.1026785714285714,0.1078651685393258,0.1550561797752809,9.066183574879227,0.2058823529411764,0.3,0.2075256556442417,33.0,44.0,49.0,106.0,16.0,18.0,156.0,105.0,49.0,,1.0,,1.0,0.7878787878787878,0.44,0.4429530201342282,0.4201680672268907,0.4342105263157895,0.44,0.303030303030303,0.1232492997198879,0.2969187675070028,0.4622641509433962,0.4711538461538461,0.7346938775510204,0.3333333333333333,0.4666666666666667,22.724,0.3023255813953488,0.3116883116883117,17.0,,2.0,12.0,6.0,15.0,6.0,42.0,2.0,,1.0,0.3333333333333333,0.0133333333333333,0.0188679245283018,0.3863636363636363,0.3863636363636363,0.9411764705882352,0.3333333333333333,0.0416666666666666,,0.375,1.0,3.0,0.0131578947368421,0.0833333333333333,7.0,7.0,,0.4666666666666667,0.5833333333333334,0.7142857142857143,,,1.0,,,,0.0066225165562913,0.0,,,,47.0,0.5260047281323877,0.05351281874727448
100404,Katie Smith,21,34,2011,1594,SEA,1611661328,38.0,71.0,175.0,Ohio State,USA,Undrafted,Undrafted,Undrafted,853.45,88,223,49,124,30,35,17,62,79,68,45,24,5,4,66,56,255,66,0,0,2.6,89.68,92.8,92.8,4.2,92.4,97.0,74.73,19.4,97.0,90.25,4.2,3.7,89.68,96.1,6.6,1.51,493.8,509.0,2506,,,,,,,,,,,,,0.618,0.395,0.395,0.857,12.8,0.05,0.144,0.075,12.8,0.535,0.504,0.159,0.022,0.155,,,,,,,,,,,,,,,,,,,1611661328,Katie Smith,Katie Smith,100404,SEA,51205.0,34,853,66.0,1551,1547,395,433,193,3098,12.0,21.0,1.0,3.0,3.0,8.0,6.0,22.0,56.0,39.0,99.0,30.0,255.0,1480,4.0,11.0,8.0,31.0,10.0,23.0,15.0,62.0,40.0,38.0,2.0,2.0,48.0,20.0,68.0,14.0,6.0,19.0,13.0,16.0,156.0,3.0,14.0,,15.0,45,2.0,62,17.0,79,3.0,24.0,14.0,10.0,26.0,12.0,21.0,19.0,2.0,5.0,1.0,45.0,2.0,12.0,28.0,66.0,,5.0,4.0,56.0,1.0,10.0,2.0,11.0,6.0,5.0,,5.0,5.0,1.0,224.0,62.0,395,7.0,5.0,33.0,3.0,13.0,4.0,13.0,6.0,,99.6776273372018,95.66903684550743,0.5128205128205128,0.5263157894736842,0.3939393939393939,0.3636363636363636,0.4347826086956521,0.5044843049327354,0.46,0.4795918367346938,0.5334728033472803,0.5344827586206896,0.5535714285714286,0.0202020202020202,,0.0909090909090909,15.964024732996066,0.5777777777777777,0.0425531914893617,,0.077720207253886,0.0306345733041575,0.088235294117647,0.0124481327800829,0.0801068090787717,0.0243553008595988,0.0227272727272727,0.0307692307692307,0.0384615384615384,0.0153061224489795,,0.029126213592233,0.0918032786885245,0.0818713450292397,0.0923076923076923,0.075,0.023076923076923,0.2,0.0941704035874439,0.5714285714285714,0.5714285714285714,0.3333333333333333,0.0986547085201793,0.2727272727272727,0.3,0.3333333333333333,0.2511210762331838,0.12,0.3333333333333333,,0.1632653061224489,0.375,0.6502242152466368,0.4747681614349776,0.4835119047619048,0.4714122448979592,0.0515021459227467,0.1018518518518518,0.1215686274509803,0.2431372549019607,12.3010101010101,0.2222222222222222,0.1333333333333333,0.2546744036105738,21.0,23.0,43.0,101.0,24.0,26.0,120.0,101.0,43.0,,,,7.0,0.8163265306122449,0.3951612903225806,0.3951612903225806,0.5560538116591929,0.375,0.375,0.6666666666666666,0.1031390134529148,0.452914798206278,0.4257425742574257,0.4343434343434343,0.813953488372093,0.4897959183673469,0.4257425742574257,22.225806451612904,0.3142857142857143,0.2876712328767123,6.0,1.0,2.0,12.0,8.0,14.0,9.0,27.0,2.0,,,0.3461538461538461,0.0161290322580645,0.0198019801980198,0.2608695652173913,0.2608695652173913,0.8333333333333334,0.48,0.0408163265306122,0.5,0.3333333333333333,,2.0,,0.08,4.0,5.0,3.0,0.3571428571428571,0.3333333333333333,0.75,1.0,,1.0,,0.5,,0.008,0.0,,,,38.0,0.4894433781190019,0.01695146873388864
202653,Kayla Pedersen,2,33,2011,1534,TUL,1611661321,23.0,76.0,190.0,Stanford, ,2011,1,7,784.2083333333334,80,199,22,68,43,54,25,95,120,58,42,35,12,12,79,51,225,-260,0,0,2.4,93.77,104.9,104.9,-17.2,104.3,87.7,78.14,18.0,87.7,94.75,-17.2,-18.0,93.77,86.3,6.0,1.38,555.0,519.0,2628,,,,,,,,,,,,,0.061,0.402,0.324,0.796,13.0,0.081,0.144,0.14,13.0,0.505,0.457,0.152,0.031,0.149,,,,,,,,,,,,,,,,,,,1611661321,Kayla Pedersen,Kayla Pedersen,202653,TUL,47053.0,33,784,-260.0,1498,1495,318,410,200,2993,31.0,49.0,4.0,6.0,6.0,9.0,8.0,33.0,49.0,58.0,131.0,43.0,225.0,1605,5.0,17.0,4.0,17.0,12.0,23.0,20.0,62.0,74.0,42.0,8.0,12.0,43.0,15.0,58.0,12.0,3.0,22.0,17.0,4.0,131.0,5.0,18.0,2.0,32.0,57,6.0,95,25.0,120,4.0,35.0,23.0,12.0,23.0,7.0,17.0,19.0,1.0,6.0,2.0,42.0,8.0,6.0,32.0,79.0,2.0,4.0,5.0,50.0,,7.0,5.0,22.0,6.0,12.0,8.0,3.0,12.0,8.0,208.0,62.0,318,8.0,6.0,57.0,1.0,31.0,2.0,29.0,2.0,,89.7863818424566,107.35785953177258,0.6379310344827587,0.6851851851851852,0.4427480916030534,0.2941176470588235,0.5217391304347826,0.457286432160804,0.3095238095238095,0.6,0.5044843049327354,0.3541666666666667,0.6739130434782609,0.0916030534351145,0.1020408163265306,0.2121212121212121,15.309069901790874,0.5476190476190477,0.1304347826086956,0.0454545454545454,0.1263858093126385,0.0357852882703777,0.1860465116279069,0.0223214285714285,0.1428571428571428,0.0316368638239339,0.0273972602739726,0.0252100840336134,0.0672268907563025,0.0224719101123595,0.0217391304347826,0.1048951048951049,0.1530612244897959,0.1071428571428571,0.1953125,0.1590909090909091,0.0396039603960396,0.6666666666666666,0.2462311557788944,0.6326530612244898,0.7045454545454546,0.6129032258064516,0.1658291457286432,0.2424242424242424,0.3076923076923077,0.375,0.2462311557788944,0.2857142857142857,0.6666666666666666,,0.2571428571428571,0.6666666666666666,0.5879396984924623,0.4528641414141414,0.4793033333333333,0.4600882352941177,0.1059907834101382,0.1486486486486486,0.0755555555555555,0.2755555555555555,9.18473282442748,0.3888888888888889,0.2,0.2122830440587449,19.0,16.0,14.0,52.0,7.0,12.0,60.0,51.0,14.0,1.0,,,23.0,0.9090909090909092,0.3235294117647059,0.3283582089552239,0.3417085427135678,0.3877551020408163,0.3877551020408163,0.7894736842105263,0.0804020100502512,0.2613065326633166,0.2692307692307692,0.2692307692307692,0.9285714285714286,0.2,0.2745098039215686,22.66176470588235,0.2068965517241379,0.3170731707317073,8.0,3.0,5.0,2.0,3.0,4.0,6.0,6.0,,,1.0,0.5,,,0.5,0.5,0.875,0.0952380952380952,0.1428571428571428,0.6,0.4285714285714285,,2.0,,0.0952380952380952,,1.0,,0.25,,,1.0,,1.0,,0.5,1.0,0.0144927536231884,0.0,,,,50.0,0.4601226993865031,-0.012369209998610187
100920,Kelly Mazzante,2,6,2011,77,ATL,1611661330,30.0,72.0,155.0,Penn State,USA,2004,2,18,33.74,1,12,1,12,0,0,0,2,2,0,1,1,0,0,2,0,3,17,0,0,0.2,109.54,79.2,79.2,22.1,86.5,101.3,91.29,0.0,101.3,105.62,22.1,13.6,109.54,100.1,2.0,0.0,7.4,8.0,2821,,,,,,,,,,,,,0.333,0.083,0.083,0.0,7.7,0.025,0.0,0.056,7.7,0.125,0.125,0.148,0.0,0.144,,,,,,,,,,,,,,,,,,,1611661330,Kelly Mazzante,Kelly Mazzante,100920,ATL,2024.0,6,34,17.0,74,74,42,42,14,148,,,,,,,,,,,0.0,,3.0,61,,,,,,,,,,,,,,,,,,,,,,,,,1.0,1,,2,,2,0.0,1.0,,1.0,1.0,,1.0,,,,,1.0,1.0,,,2.0,,,,,,,0.0,,,,,,,,3.0,,42,1.0,,,,,,,,,105.4054054054054,82.43243243243244,,,,,,0.125,,,0.125,,,,,,14.942528735632184,1.0,,,0.0454545454545454,,0.125,,0.0666666666666666,,,,,,,,0.1111111111111111,,0.1666666666666666,,,,,,,,,,,,,,,,,,1.0,0.5418999999999999,,0.5403,,,,,,,,0.5675675675675675,,4.0,1.0,8.0,6.0,9.0,3.0,8.0,1.0,,,,,1.0,0.0833333333333333,0.0833333333333333,1.0,,,,0.3333333333333333,0.6666666666666666,0.125,0.125,1.0,0.6666666666666666,0.125,22.325,,0.3636363636363636,,,3.0,,,,,,,,,,,,,,,,0.3333333333333333,,,,,,,,,,,,,,,,,,,,0.0,,,,1.0,0.125,-0.34749190938511326
100627,Kelly Miller,6,34,2011,1803,WAS,1611661322,33.0,70.0,140.0,Georgia,USA,2001,1,2,943.065,86,225,49,111,30,38,22,56,78,95,61,23,8,9,70,40,251,-193,0,0,2.5,91.59,103.2,103.2,-11.1,102.9,92.1,76.33,23.9,92.1,91.98,-11.1,-11.2,91.59,91.7,6.6,1.56,519.1,535.0,2585,,,,,,,,,,,,,0.176,0.382,0.441,0.789,15.3,0.044,0.184,0.068,15.3,0.519,0.491,0.146,0.023,0.142,,,,,,,,,,,,,,,,,,,1611661322,Kelly Miller,Kelly Miller,100627,WAS,56585.0,34,943,-193.0,1741,1748,377,382,270,3489,11.0,21.0,4.0,6.0,,1.0,9.0,31.0,62.0,37.0,114.0,30.0,251.0,1854,7.0,21.0,4.0,42.0,4.0,15.0,13.0,69.0,30.0,44.0,2.0,8.0,71.0,24.0,95.0,14.0,10.0,52.0,4.0,15.0,214.0,8.0,14.0,,14.0,41,1.0,56,22.0,78,2.0,23.0,16.0,7.0,41.0,13.0,33.0,20.0,,8.0,1.0,61.0,3.0,8.0,24.0,70.0,,1.0,2.0,40.0,2.0,6.0,3.0,12.0,7.0,8.0,2.0,5.0,8.0,5.0,209.0,68.0,375,15.0,5.0,11.0,,12.0,,7.0,,7.0,95.40493968983344,106.06407322654462,0.4054054054054054,0.4166666666666667,0.3245614035087719,0.3333333333333333,0.2666666666666666,0.4911111111111111,0.5,0.5833333333333334,0.518595041322314,0.5121951219512195,0.6052631578947368,0.0701754385964912,0.0476190476190476,0.1612903225806451,14.65183752417795,0.6721311475409836,0.0188679245283018,,0.0675453047775947,0.0217729393468118,0.096551724137931,0.0361990950226244,0.0731382978723404,0.0254629629629629,0.0090497737556561,0.024390243902439,0.032258064516129,0.0394736842105263,0.0289855072463768,0.046875,0.0669456066945606,0.0909090909090909,0.0970873786407767,0.0952380952380952,0.015625,0.625,0.0933333333333333,0.5238095238095238,0.55,0.4545454545454545,0.1377777777777777,0.2903225806451613,0.3461538461538461,0.3333333333333333,0.2755555555555555,0.1578947368421052,0.6666666666666666,0.75,0.0208333333333333,,0.5866666666666667,0.4737715246636771,0.49322,0.4476489130434782,0.0553191489361702,0.0975609756097561,0.1673306772908366,0.2749003984063745,12.04035087719298,0.5,0.2272727272727272,0.2165422171165996,17.0,48.0,26.0,63.0,20.0,33.0,126.0,60.0,25.0,1.0,,,,0.8571428571428571,0.4414414414414414,0.4403669724770642,0.4933333333333333,0.2741935483870967,0.2833333333333333,0.4117647058823529,0.2133333333333333,0.28,0.4126984126984127,0.4193548387096774,0.7307692307692307,0.4166666666666667,0.4166666666666667,22.95315315315316,0.3181818181818182,0.4333333333333333,23.0,6.0,13.0,12.0,10.0,17.0,16.0,21.0,1.0,,1.0,0.4848484848484848,0.009009009009009,0.0158730158730158,0.4791666666666667,0.4791666666666667,1.0,0.3157894736842105,0.2708333333333333,0.4615384615384615,0.5,,5.0,0.032258064516129,0.131578947368421,4.0,8.0,,0.4705882352941176,0.3333333333333333,0.5,4.0,2.0,1.0,,0.8,1.0,0.0089285714285714,0.0,,,,34.0,0.46741154562383613,-0.005080363761277129
202254,Kelsey Griffin,21,34,2011,892,CON,1611661323,24.0,74.0,179.0,Nebraska, ,2010,1,3,440.485,41,115,4,24,38,52,45,59,104,18,13,25,10,9,42,62,124,-6,0,0,1.2,98.13,89.5,89.5,1.0,91.4,90.6,81.77,10.7,90.6,96.56,1.0,0.3,98.13,91.7,3.4,1.38,367.8,320.0,2727,,,,,,,,,,,,,0.618,0.357,0.167,0.731,7.7,0.11,0.072,0.14,7.7,0.45,0.374,0.149,0.086,0.143,,,,,,,,,,,,,,,,,,,1611661323,Kelsey Griffin,Kelsey Griffin,202254,CON,26422.0,34,440,-6.0,859,872,290,255,138,1731,19.0,37.0,7.0,15.0,8.0,12.0,4.0,15.0,39.0,37.0,91.0,38.0,124.0,814,9.0,25.0,11.0,29.0,14.0,31.0,15.0,46.0,46.0,28.0,8.0,7.0,13.0,5.0,18.0,5.0,,6.0,6.0,1.0,41.0,19.0,22.0,4.0,14.0,34,11.0,59,45.0,104,3.0,25.0,15.0,10.0,9.0,1.0,4.0,4.0,,5.0,,13.0,1.0,8.0,23.0,42.0,,2.0,2.0,62.0,8.0,10.0,6.0,23.0,6.0,8.0,6.0,,10.0,6.0,95.0,46.0,288,3.0,9.0,,,3.0,,2.0,5.0,,94.0628637951106,93.348623853211,0.6216216216216216,0.696969696969697,0.4065934065934066,0.36,0.4516129032258064,0.3739130434782609,0.3214285714285714,0.4078947368421052,0.4492753623188406,0.4142857142857143,0.4893617021276595,0.0769230769230769,0.1081081081081081,0.1333333333333333,14.74609375,0.6923076923076923,0.44,0.1290322580645161,0.1312741312741312,0.0635838150289017,0.125,0.1461538461538461,0.1293800539083558,0.0861344537815126,0.0674157303370786,0.0763888888888889,0.0442477876106194,0.101010101010101,0.2903225806451613,0.1612903225806451,0.1744186046511628,0.05,0.1395348837209302,0.0769230769230769,0.0491803278688524,0.6,0.3217391304347826,0.5135135135135135,0.5757575757575758,0.5263157894736842,0.1304347826086956,0.2666666666666666,0.3076923076923077,0.25,0.3391304347826087,0.5357142857142857,0.4666666666666667,0.1428571428571428,0.3157894736842105,0.6666666666666666,0.5304347826086957,0.4697650442477876,0.4593,0.4401347222222222,0.1742424242424242,0.2129629629629629,0.2338709677419354,0.3709677419354839,9.467032967032967,0.2352941176470588,0.3,0.3376018626309662,14.0,7.0,3.0,17.0,5.0,7.0,12.0,17.0,3.0,,2.0,,1.0,1.0,0.1666666666666666,0.1666666666666666,0.208695652173913,0.358974358974359,0.3684210526315789,0.8571428571428571,0.0608695652173913,0.1478260869565217,0.1764705882352941,0.1875,1.0,0.131578947368421,0.1764705882352941,24.433333333333334,0.25,0.5,1.0,,2.0,1.0,1.0,3.0,1.0,,2.0,,2.0,0.1428571428571428,0.0833333333333333,0.0588235294117647,0.1428571428571428,0.1666666666666666,1.0,0.0357142857142857,0.0526315789473684,,0.2,2.0,2.0,0.0256410256410256,0.0714285714285714,,,4.0,,,,,,,0.1428571428571428,,,,0.0,,,,45.0,0.4305555555555556,-0.04193635382955768
200704,Kerri Gardin,5,28,2011,758,WAS,1611661322,28.0,73.0,168.0,Virginia Tech,USA,2006,3,34,391.39166666666665,14,59,0,8,15,29,22,53,75,27,26,24,13,10,39,26,43,-157,0,0,0.5,93.21,102.8,102.8,-20.2,101.7,82.6,77.67,21.6,82.6,92.77,-20.2,-17.4,93.21,84.3,2.1,1.04,258.5,219.0,2585,,,,,,,,,,,,,0.179,0.237,0.0,0.517,20.8,0.095,0.124,0.144,20.8,0.3,0.237,0.113,0.053,0.108,,,,,,,,,,,,,,,,,,,1611661322,Kerri Gardin,Kerri Gardin,200704,WAS,23483.0,28,391,-157.0,715,741,148,204,120,1456,9.0,23.0,,5.0,2.0,5.0,3.0,16.0,12.0,14.0,51.0,15.0,43.0,783,1.0,9.0,5.0,7.0,4.0,11.0,4.0,12.0,22.0,6.0,,10.0,20.0,7.0,27.0,4.0,3.0,11.0,3.0,6.0,61.0,3.0,19.0,,13.0,38,2.0,53,22.0,75,3.0,24.0,14.0,10.0,17.0,4.0,13.0,9.0,,4.0,2.0,26.0,3.0,5.0,20.0,39.0,1.0,2.0,2.0,26.0,3.0,1.0,1.0,12.0,3.0,12.0,6.0,6.0,13.0,5.0,36.0,12.0,146,1.0,3.0,11.0,2.0,10.0,,2.0,,,87.55244755244755,105.66801619433198,0.7857142857142857,0.7857142857142857,0.2745098039215686,0.1111111111111111,0.3636363636363636,0.2372881355932203,0.1111111111111111,0.3076923076923077,0.2945205479452055,0.2692307692307692,0.3529411764705882,0.196078431372549,0.217391304347826,0.3125,11.329479768786127,0.6538461538461539,0.1,,0.1478599221789883,0.0657439446366782,0.1604938271604938,0.037037037037037,0.150887573964497,0.0594594594594594,0.0531914893617021,0.0744680851063829,0.0693069306930693,0.0204081632653061,0.0625,0.1585365853658536,0.1649484536082474,0.1153846153846153,0.1578947368421052,0.1666666666666666,0.088235294117647,0.3846153846153846,0.3898305084745763,0.391304347826087,0.5,0.7777777777777778,0.2711864406779661,0.1875,0.2727272727272727,0.6666666666666666,0.2033898305084746,0.5555555555555556,,,0.3846153846153846,0.4,0.5254237288135594,0.4951293103448276,0.5134333333333333,0.486,0.1714285714285714,0.1935483870967742,0.1627906976744186,0.2790697674418604,7.13921568627451,0.3571428571428571,0.5,0.206993006993007,2.0,4.0,,4.0,1.0,2.0,,4.0,,,1.0,,,,,,0.135593220338983,0.1666666666666666,0.1666666666666666,1.0,0.0677966101694915,0.0677966101694915,,,,0.0769230769230769,,23.975,0.7,0.4285714285714285,,,1.0,,,,,,,,,,,,,,,,0.0769230769230769,,,1.0,,,,,,1.0,,,,,,,,,,,0.0,,,,31.0,0.25903614457831325,-0.2134557648068
201484,Ketia Swanier,15,29,2011,914,PHO,1611661317,25.0,67.0,150.0,Connecticut,USA,2008,1,12,429.4383333333333,27,79,12,42,11,16,6,49,55,66,50,23,1,5,50,22,77,47,0,0,0.9,101.71,99.6,99.6,4.3,99.8,103.8,84.76,32.5,103.8,100.51,4.3,6.3,101.71,106.1,2.7,1.32,264.0,258.0,2820,,,,,,,,,,,,,0.517,0.342,0.286,0.688,24.6,0.067,0.223,0.115,24.7,0.447,0.418,0.139,0.015,0.135,,,,,,,,,,,,,,,,,,,1611661317,Ketia Swanier,Ketia Swanier,201484,PHO,25769.0,29,429,49.0,884,881,319,245,95,1765,11.0,16.0,,1.0,3.0,5.0,,10.0,11.0,15.0,37.0,11.0,77.0,902,,3.0,,,4.0,12.0,9.0,29.0,8.0,22.0,,5.0,42.0,24.0,66.0,22.0,2.0,28.0,7.0,7.0,156.0,4.0,2.0,,16.0,27,6.0,49,6.0,55,0.0,23.0,15.0,8.0,31.0,10.0,25.0,19.0,1.0,6.0,5.0,50.0,1.0,19.0,24.0,50.0,,1.0,1.0,22.0,,7.0,0.0,4.0,4.0,,,,1.0,1.0,77.0,27.0,318,8.0,3.0,10.0,,12.0,,9.0,,,107.579185520362,102.38365493757094,0.2666666666666666,0.2666666666666666,0.4054054054054054,,0.3333333333333333,0.4177215189873418,,0.3703703703703703,0.4425287356321839,,0.4393939393939394,0.1351351351351351,,0.5,13.894523326572008,0.62,0.1875,,0.0964285714285714,0.008130081300813,0.1538461538461538,0.0333333333333333,0.1119791666666666,0.0163934426229508,0.0166666666666666,,0.0112359550561797,0.0416666666666666,,0.0759493670886076,0.0967741935483871,0.1168831168831168,0.125,0.25,,1.0,0.2025316455696202,0.6875,0.6875,0.1818181818181818,0.1265822784810126,,,,0.1392405063291139,0.25,,,0.1851851851851851,0.6,0.7341772151898734,0.5109922077922078,0.466325,0.4963365384615384,0.0481927710843373,0.0975609756097561,,0.3766233766233766,8.024324324324324,0.2,0.1,0.3608597285067873,4.0,16.0,7.0,26.0,11.0,15.0,24.0,24.0,7.0,1.0,1.0,,1.0,0.6666666666666666,0.2857142857142857,0.3,0.5316455696202531,0.3636363636363636,0.3636363636363636,0.5,0.2025316455696202,0.3291139240506329,0.2692307692307692,0.2692307692307692,0.4285714285714285,0.4074074074074074,0.2916666666666667,23.36904761904762,0.3333333333333333,0.3214285714285714,5.0,,4.0,1.0,4.0,1.0,4.0,12.0,,,,0.2666666666666666,,,0.3125,0.3125,1.0,0.25,0.1481481481481481,,0.3636363636363636,1.0,,,,,,,,,,,,,,,,,0.0,,1.0,,31.0,0.34375,-0.12874190938511326
201913,Kia Vaughn,19,34,2011,1832,NYL,1611661313,25.0,76.0,208.0,Rutgers,USA,2009,1,8,955.35,149,300,0,0,44,56,96,131,227,39,61,40,25,17,97,56,342,-19,4,0,4.4,92.27,96.7,96.7,-0.6,95.3,96.2,76.89,9.2,96.2,93.33,-0.6,0.2,92.27,95.5,8.8,0.64,806.9,738.0,2624,,,,,,,,,,,,,0.559,0.497,0.0,0.786,14.4,0.124,0.072,0.151,14.4,0.527,0.497,0.184,0.1,0.179,,,,,,,,,,,,,,,,,,,1611661313,Kia Vaughn,Kia Vaughn,201913,NYL,57323.0,34,955,-19.0,1788,1790,308,329,264,3578,79.0,121.0,36.0,50.0,11.0,20.0,46.0,119.0,60.0,149.0,300.0,44.0,342.0,1781,47.0,76.0,16.0,110.0,23.0,49.0,15.0,61.0,182.0,116.0,68.0,17.0,21.0,18.0,39.0,13.0,5.0,11.0,4.0,6.0,96.0,18.0,75.0,3.0,30.0,88,13.0,131,96.0,227,13.0,40.0,29.0,11.0,27.0,5.0,11.0,34.0,4.0,16.0,10.0,61.0,9.0,6.0,47.0,97.0,,10.0,10.0,56.0,10.0,3.0,7.0,28.0,4.0,25.0,15.0,9.0,25.0,9.0,232.0,61.0,303,4.0,3.0,40.0,,35.0,3.0,39.0,4.0,5.0,98.54586129753916,99.49720670391062,0.610738255033557,0.7913043478260869,0.4966666666666666,0.618421052631579,0.4693877551020408,0.4966666666666666,0.618421052631579,0.4693877551020408,0.5261538461538462,0.6395348837209303,0.5350877192982456,0.0566666666666666,0.0743801652892562,0.0672268907563025,18.359561278016216,0.4426229508196721,0.2549019607843137,0.0769230769230769,0.1608775137111517,0.1139817629179331,0.1219512195121951,0.0746887966804979,0.1488020176544766,0.1034482758620689,0.1413612565445026,0.1015037593984962,0.1044776119402985,0.0848484848484848,0.0526315789473684,0.1656441717791411,0.1556603773584905,0.1627906976744186,0.1025641025641025,0.1555555555555555,0.0977443609022556,0.36,0.4033333333333333,0.6528925619834711,0.7053571428571429,0.5063291139240507,0.3966666666666666,0.3865546218487395,0.4144144144144144,0.6739130434782609,0.2,0.6578947368421053,0.72,0.0277777777777777,0.4081632653061224,0.55,0.4033333333333333,0.4482299999999999,0.5064265625,0.4203367346938775,0.087227414330218,0.087227414330218,0.3216374269005848,0.1783625730994152,7.842666666666667,0.3658536585365853,0.2777777777777778,0.1722595078299776,24.0,,,,,,,,,,,,3.0,,,,,0.4,0.4,0.8333333333333334,,,,,,,,,0.1944444444444444,,,,,,,,,,,,1.0,,,,,,,,,,,,,,,,,,,,,,,,,,,,0.0,2.0,,,52.0,0.4730290456431535,0.0005371362580402494
201911,Kristi Toliver,13,32,2011,1463,LAS,1611661320,25.0,67.0,130.0,Maryland,USA,2009,1,3,754.1333333333333,126,298,56,131,49,54,18,43,61,93,66,21,0,4,58,58,357,-48,0,0,3.9,93.02,102.5,102.5,-3.5,101.9,99.0,77.52,19.5,99.0,93.34,-3.5,-3.1,93.02,98.8,9.3,1.41,566.7,609.0,2637,,,,,,,,,,,,,0.406,0.423,0.427,0.907,13.8,0.042,0.224,0.058,13.7,0.555,0.517,0.237,0.025,0.231,,,,,,,,,,,,,,,,,,,1611661320,Kristi Toliver,Kristi Toliver,201911,LAS,45248.0,32,754,-48.0,1440,1432,303,291,171,2872,19.0,31.0,1.0,3.0,3.0,6.0,20.0,52.0,84.0,70.0,167.0,49.0,357.0,1496,4.0,18.0,7.0,33.0,10.0,30.0,23.0,79.0,76.0,64.0,,4.0,70.0,23.0,93.0,17.0,6.0,34.0,18.0,18.0,209.0,8.0,10.0,,13.0,30,,43,18.0,61,2.0,21.0,11.0,10.0,40.0,12.0,25.0,26.0,2.0,15.0,4.0,66.0,5.0,9.0,27.0,58.0,,3.0,4.0,58.0,1.0,4.0,5.0,19.0,7.0,,,,,,324.0,79.0,301,8.0,10.0,13.0,,2.0,,3.0,,1.0,100.55555555555556,104.46927374301676,0.5428571428571428,0.5428571428571428,0.4191616766467065,0.2222222222222222,0.3333333333333333,0.5167785234899329,0.4333333333333333,0.4912280701754385,0.5501567398119123,0.4848484848484848,0.5661764705882353,0.0239520958083832,0.032258064516129,0.0576923076923076,23.461304082876296,0.6060606060606061,,,0.0604838709677419,0.0207900207900207,0.0684210526315789,0.0408163265306122,0.0626822157434402,0.0265878877400295,0.040650406504065,0.0144230769230769,0.0133333333333333,0.0514705882352941,0.0166666666666666,0.0377358490566037,0.0560747663551401,0.0975609756097561,0.0718954248366013,0.054054054054054,0.0121212121212121,,0.1040268456375839,0.6129032258064516,0.6333333333333333,0.7894736842105263,0.174496644295302,0.3846153846153846,0.4081632653061224,0.45,0.2818791946308724,0.1,0.3333333333333333,1.0,0.1052631578947368,0.5,0.5436241610738255,0.4666501683501683,0.465045652173913,0.4539517857142857,0.0641025641025641,0.1049723756906077,0.0924369747899159,0.2212885154061624,12.05808383233533,0.25,0.28125,0.2104166666666666,31.0,34.0,44.0,97.0,21.0,27.0,114.0,97.0,44.0,1.0,,,2.0,0.6785714285714286,0.4274809160305343,0.4274809160305343,0.4395973154362416,0.369047619047619,0.369047619047619,0.4516129032258064,0.1140939597315436,0.3255033557046979,0.4536082474226804,0.4536082474226804,0.6363636363636364,0.3684210526315789,0.4536082474226804,22.738931297709925,0.2307692307692307,0.2054794520547945,12.0,2.0,6.0,8.0,10.0,12.0,12.0,54.0,,6.0,,0.4444444444444444,,,0.3529411764705882,0.3529411764705882,0.8333333333333334,0.2666666666666666,0.1052631578947368,0.3333333333333333,0.4761904761904761,,4.0,,0.1333333333333333,4.0,6.0,,0.5,0.5,0.5,2.0,,1.0,,0.5,1.0,0.0076335877862595,1.0,,,,25.0,0.49445983379501385,0.021967924409900585
202663,Krystal Thomas,5,15,2011,243,PHO,1611661317,23.0,77.0,195.0,Duke,USA,2011,3,36,120.01833333333332,10,17,0,0,3,6,5,7,12,2,10,2,7,1,22,7,23,-20,0,0,0.7,97.59,106.1,106.1,-7.4,105.5,98.8,81.32,6.5,98.8,97.92,-7.4,-6.8,97.59,98.7,1.1,0.2,57.4,55.0,2820,,,,,,,,,,,,,0.333,0.588,0.0,0.5,32.3,0.05,0.026,0.06,31.6,0.586,0.588,0.11,0.04,0.104,,,,,,,,,,,,,,,,,,,1611661317,Krystal Thomas,Krystal Thomas,202663,PHO,7201.0,15,120,-20.0,236,237,120,84,27,473,7.0,11.0,4.0,6.0,4.0,7.0,3.0,6.0,,10.0,17.0,3.0,23.0,260,5.0,8.0,,10.0,4.0,8.0,3.0,11.0,14.0,6.0,2.0,1.0,2.0,,2.0,,,1.0,,1.0,4.0,2.0,2.0,1.0,1.0,6,,7,5.0,12,0.0,2.0,1.0,1.0,,2.0,0.0,10.0,2.0,,,10.0,2.0,6.0,10.0,22.0,,,6.0,7.0,1.0,3.0,2.0,2.0,2.0,6.0,3.0,3.0,7.0,5.0,13.0,11.0,120,3.0,1.0,6.0,,,4.0,5.0,,,101.69491525423727,109.70464135021096,0.7,0.7777777777777778,0.5882352941176471,0.625,0.5,0.5882352941176471,0.625,0.5,0.6052631578947368,0.625,0.55,0.0588235294117647,0.0909090909090909,,10.37037037037037,,,0.1111111111111111,0.0759493670886076,0.0266666666666666,0.0344827586206896,0.0555555555555555,0.0648148148148148,0.036036036036036,0.0769230769230769,,0.0263157894736842,0.0344827586206896,0.1428571428571428,0.0833333333333333,0.073170731707317,0.0714285714285714,0.0454545454545454,,,0.7142857142857143,0.6470588235294118,0.6363636363636364,0.7,0.7142857142857143,0.3529411764705882,0.5,0.5,0.6666666666666666,,0.75,0.6666666666666666,0.5,0.875,0.5714285714285714,0.6470588235294118,0.4498117647058823,0.4644999999999999,0.4569125,0.1176470588235294,0.1176470588235294,0.4347826086956521,0.4782608695652174,4.447058823529412,0.5,,0.5084745762711864,,,,,,,,,,,1.0,,3.0,,,,,,,,,,,,,,,,,,,,,,,,,,,,,,,,,,,,,,,1.0,,,,,,,,,,,,,,,,,0.0,,,,10.0,0.39655172413793105,-0.07594018524718221
201506,LaToya Sanders,8,20,2011,433,LAS,1611661320,25.0,75.0,170.0,North Carolina,USA,2008,1,13,222.075,26,55,1,1,24,27,18,29,47,5,12,5,13,6,27,24,77,-13,0,0,1.3,93.59,99.1,99.1,-3.0,98.7,96.1,77.99,6.0,96.1,93.24,-3.0,-1.6,93.59,97.1,2.8,0.42,182.9,166.0,2637,,,,,,,,,,,,,0.4,0.473,1.0,0.889,14.3,0.103,0.041,0.122,14.3,0.576,0.482,0.161,0.083,0.156,,,,,,,,,,,,,,,,,,,1611661320,LaToya Sanders,LaToya Sanders,201506,LAS,13324.0,20,222,-13.0,425,420,119,106,64,845,8.0,17.0,2.0,8.0,2.0,5.0,8.0,18.0,19.0,25.0,54.0,24.0,77.0,429,4.0,12.0,6.0,14.0,7.0,16.0,9.0,23.0,36.0,14.0,2.0,6.0,3.0,2.0,5.0,1.0,1.0,1.0,2.0,,12.0,,17.0,1.0,5.0,21,3.0,29,18.0,47,3.0,5.0,3.0,2.0,6.0,2.0,4.0,6.0,,2.0,1.0,12.0,,,12.0,27.0,,1.0,2.0,24.0,2.0,2.0,2.0,11.0,3.0,11.0,5.0,5.0,13.0,7.0,63.0,23.0,116,1.0,2.0,6.0,,3.0,,9.0,2.0,,97.88235294117646,102.14285714285714,0.72,0.75,0.4629629629629629,0.3333333333333333,0.4375,0.4818181818181818,0.3333333333333333,0.4375,0.5671641791044776,0.4666666666666667,0.55,0.1111111111111111,0.2941176470588235,0.0555555555555555,15.895372233400405,0.5,0.2727272727272727,0.0909090909090909,0.1296296296296296,0.1036585365853658,0.081967213114754,,0.116591928251121,0.083743842364532,0.0697674418604651,0.1269841269841269,0.1034482758620689,,,0.1016949152542373,0.1666666666666666,0.1162790697674418,0.0833333333333333,0.0769230769230769,0.1304347826086956,0.5384615384615384,0.3090909090909091,0.4705882352941176,0.6666666666666666,0.625,0.3272727272727272,0.4444444444444444,0.4705882352941176,0.625,0.3454545454545454,0.6666666666666666,0.25,,0.3125,0.4,0.3272727272727272,0.4264309090909091,0.5104363636363636,0.40578125,0.171875,0.1746031746031746,0.1818181818181818,0.2987012987012987,9.716666666666669,0.5555555555555556,0.4,0.28,9.0,1.0,,,,,3.0,,,1.0,2.0,,,1.0,1.0,1.0,0.0181818181818181,0.4736842105263157,0.4736842105263157,0.8888888888888888,0.0181818181818181,,,,,,,22.4,0.4,,1.0,,,,,,,,,1.0,1.0,,,,1.0,1.0,1.0,,,,,2.0,,,,,,,,,,,,,,,,,0.0,,,,14.0,0.5310344827586206,0.05854257337350738
100682,Lauren Jackson,10,13,2011,601,SEA,1611661328,31.0,77.0,187.0,None, ,2001,1,1,322.075,53,134,14,45,38,43,11,53,64,4,17,13,11,8,33,42,158,50,0,0,4.1,89.49,88.7,88.7,8.2,89.7,96.8,74.58,2.3,96.8,89.17,8.2,6.7,89.49,96.4,10.3,0.24,295.8,288.0,2506,,,,,,,,,,,,,0.769,0.396,0.311,0.884,9.9,0.105,0.025,0.18,9.8,0.517,0.448,0.25,0.035,0.24,,,,,,,,,,,,,,,,,,,1611661328,Lauren Jackson,Lauren Jackson,100682,SEA,19326.0,13,322,50.0,582,570,100,87,73,1152,18.0,23.0,,1.0,1.0,2.0,19.0,54.0,12.0,39.0,89.0,38.0,158.0,532,3.0,10.0,7.0,16.0,3.0,13.0,3.0,21.0,62.0,16.0,,8.0,3.0,1.0,4.0,,1.0,3.0,,,9.0,5.0,5.0,1.0,5.0,48,,53,11.0,64,2.0,13.0,9.0,4.0,7.0,2.0,7.0,10.0,1.0,,2.0,17.0,2.0,2.0,10.0,33.0,,2.0,4.0,40.0,2.0,2.0,7.0,23.0,,11.0,4.0,7.0,11.0,7.0,142.0,21.0,99,3.0,1.0,18.0,,6.0,,4.0,1.0,,100.0,93.33333333333331,0.7948717948717948,0.7948717948717948,0.4382022471910112,0.3,0.2307692307692307,0.4477611940298507,0.3461538461538461,0.3461538461538461,0.5133333333333333,0.46875,0.375,0.0898876404494382,,0.1111111111111111,24.777448071216615,0.4117647058823529,,0.125,0.2296650717703349,0.0248756218905472,0.0704225352112676,0.0505050505050505,0.1892857142857142,0.0333333333333333,0.0163934426229508,0.0434782608695652,,0.0555555555555555,0.037037037037037,0.2682926829268293,0.2363636363636363,0.1896551724137931,0.0847457627118644,,0.0273972602739726,0.6363636363636364,0.1716417910447761,0.782608695652174,0.782608695652174,0.8333333333333334,0.4029850746268656,0.3518518518518518,0.3958333333333333,0.7368421052631579,0.0895522388059701,0.0769230769230769,,,0.0769230769230769,0.5,0.5074626865671642,0.4413477611940298,0.4981449999999999,0.4565288461538461,0.1533333333333333,0.219047619047619,0.1012658227848101,0.1329113924050632,8.357303370786516,0.6,0.4,0.1718213058419244,2.0,8.0,10.0,37.0,12.0,13.0,42.0,37.0,10.0,,,,2.0,1.0,0.3111111111111111,0.3111111111111111,0.3358208955223881,0.1666666666666666,0.2,1.0,0.0597014925373134,0.2761194029850746,0.2702702702702703,0.2702702702702703,1.0,0.4615384615384615,0.2702702702702703,22.57777777777778,0.4,0.1290322580645161,4.0,1.0,1.0,,3.0,3.0,4.0,,,4.0,,0.3076923076923077,,,0.5,0.5,1.0,,0.0384615384615384,1.0,0.25,,3.0,0.1666666666666666,0.2307692307692307,,1.0,,0.3333333333333333,,,1.0,,,,0.3333333333333333,1.0,,0.0,,,,22.0,0.49375,0.02125809061488676
100973,Le'coe Willingham,21,34,2011,1201,SEA,1611661328,31.0,72.0,200.0,Auburn,USA,Undrafted,Undrafted,Undrafted,648.5583333333333,87,184,11,40,34,53,53,90,143,37,45,18,7,17,61,46,219,-16,0,0,2.6,89.4,94.8,94.8,-0.2,96.0,94.6,74.5,12.7,94.6,89.17,-0.2,-2.0,89.4,94.0,5.4,0.82,476.1,460.0,2506,,,,,,,,,,,,,0.618,0.473,0.275,0.642,15.5,0.122,0.113,0.151,15.6,0.528,0.503,0.186,0.092,0.182,,,,,,,,,,,,,,,,,,,1611661328,Le'coe Willingham,Le'coe Willingham,100973,SEA,38915.0,34,649,-16.0,1159,1163,264,317,153,2322,57.0,90.0,12.0,20.0,12.0,20.0,18.0,50.0,4.0,76.0,144.0,34.0,219.0,1152,14.0,30.0,15.0,46.0,14.0,32.0,10.0,38.0,120.0,32.0,12.0,17.0,19.0,18.0,37.0,14.0,4.0,9.0,5.0,5.0,92.0,16.0,35.0,2.0,20.0,57,13.0,90,53.0,143,6.0,18.0,16.0,2.0,23.0,4.0,17.0,22.0,,6.0,,45.0,5.0,7.0,25.0,61.0,,4.0,13.0,46.0,6.0,1.0,2.0,23.0,5.0,7.0,1.0,6.0,7.0,4.0,173.0,38.0,264,6.0,4.0,12.0,,15.0,1.0,24.0,,,98.01553062985332,99.05417024935512,0.7894736842105263,0.8571428571428571,0.5277777777777778,0.4666666666666667,0.4375,0.5027173913043478,0.4696969696969697,0.35,0.5214285714285715,0.5227272727272727,0.4042553191489361,0.1180555555555555,0.0777777777777777,0.2,18.84272997032641,0.5111111111111111,0.3939393939393939,0.074074074074074,0.1328671328671328,0.1054216867469879,0.175438596491228,0.0808080808080808,0.141804788213628,0.0962264150943396,0.1047619047619047,0.1172413793103448,0.0853658536585365,0.0858895705521472,0.0571428571428571,0.1267605633802817,0.1096491228070175,0.1769230769230769,0.1739130434782608,0.1818181818181818,0.0789473684210526,0.5714285714285714,0.4891304347826087,0.6333333333333333,0.6867469879518072,0.8070175438596491,0.2717391304347826,0.36,0.45,0.7222222222222222,0.0217391304347826,0.6060606060606061,0.6,0.25,0.5,0.6,0.7065217391304348,0.4837929347826087,0.4930761904761904,0.4803275,0.1121951219512195,0.1393939393939394,0.2100456621004566,0.1735159817351598,3.929166666666666,0.4242424242424242,0.3571428571428571,0.2277825711820535,1.0,4.0,10.0,36.0,8.0,8.0,33.0,36.0,10.0,,,,,1.0,0.275,0.275,0.217391304347826,0.25,0.25,1.0,0.0217391304347826,0.1956521739130435,0.2777777777777778,0.2777777777777778,1.0,0.2,0.2777777777777778,22.3575,0.3333333333333333,0.2758620689655172,1.0,,,2.0,,3.0,,,,,,,,,0.25,0.25,1.0,0.0606060606060606,,,,,1.0,,0.0303030303030303,1.0,1.0,,0.3333333333333333,0.5,1.0,,,,,,,,0.0,,,,23.0,0.47300215982721383,0.0005102504421005682
201507,Leilani Mitchell,19,34,2011,1654,NYL,1611661313,27.0,65.0,130.0,Utah,USA,2008,2,25,864.0516666666666,69,184,43,118,8,10,17,56,73,100,43,44,3,6,77,26,189,22,0,0,2.0,92.05,97.3,97.3,1.7,96.9,99.0,76.71,30.3,99.0,92.73,1.7,1.2,92.05,98.1,5.4,2.33,524.6,499.0,2624,,,,,,,,,,,,,0.559,0.375,0.364,0.8,13.0,0.044,0.176,0.072,13.0,0.502,0.492,0.123,0.02,0.12,,,,,,,,,,,,,,,,,,,1611661313,Leilani Mitchell,Leilani Mitchell,201507,NYL,51844.0,34,864,22.0,1613,1605,264,303,233,3218,12.0,23.0,1.0,3.0,1.0,4.0,7.0,23.0,20.0,26.0,66.0,8.0,189.0,1616,1.0,6.0,,23.0,3.0,11.0,4.0,25.0,10.0,42.0,,5.0,67.0,33.0,100.0,19.0,14.0,28.0,17.0,22.0,233.0,8.0,9.0,,27.0,26,3.0,56,17.0,73,2.0,44.0,24.0,20.0,22.0,11.0,18.0,21.0,2.0,4.0,3.0,43.0,3.0,4.0,34.0,77.0,,5.0,3.0,26.0,,3.0,4.0,5.0,2.0,3.0,1.0,1.0,3.0,1.0,166.0,25.0,263,11.0,1.0,27.0,,21.0,8.0,12.0,7.0,5.0,101.54990700557968,100.6853582554517,0.1923076923076923,0.1923076923076923,0.3939393939393939,0.1666666666666666,0.2727272727272727,0.4918478260869565,0.5227272727272727,0.35,0.5053475935828877,0.5227272727272727,0.390625,0.0757575757575757,0.1304347826086956,0.0434782608695652,12.17437533227007,0.5116279069767442,0.0625,,0.0536082474226804,0.0150753768844221,0.12,0.037037037037037,0.0746478873239436,0.020910209102091,0.0113636363636363,0.0177777777777777,0.0153061224489795,0.0526315789473684,,0.025,0.064039408866995,0.0617283950617283,0.0952380952380952,0.1666666666666666,0.0196078431372549,0.3333333333333333,0.125,0.5217391304347826,0.6,0.1666666666666666,0.125,0.3043478260869565,0.3181818181818182,0.2857142857142857,0.108695652173913,0.1363636363636363,0.3333333333333333,,0.1333333333333333,0.25,0.7663043478260869,0.505796978021978,0.5020117647058824,0.4884124999999999,0.027027027027027,0.0746268656716417,0.1216931216931216,0.1322751322751322,8.896969696969698,0.2727272727272727,0.3846153846153846,0.1636701797892126,7.0,38.0,29.0,80.0,10.0,19.0,99.0,78.0,29.0,,,,1.0,0.7674418604651163,0.3644067796610169,0.3706896551724138,0.6413043478260869,0.35,0.3684210526315789,0.1428571428571428,0.2065217391304347,0.4347826086956521,0.3625,0.3670886075949367,0.6551724137931034,0.3333333333333333,0.3717948717948718,22.723728813559323,0.2307692307692307,0.2535211267605634,14.0,3.0,9.0,12.0,2.0,16.0,5.0,30.0,1.0,,1.0,0.2631578947368421,0.0084745762711864,0.0125,0.3684210526315789,0.3684210526315789,1.0,0.5454545454545454,0.3,0.3333333333333333,0.2,,4.0,0.05,0.1818181818181818,5.0,7.0,,0.4375,0.4166666666666667,0.6,2.0,,,,0.5,1.0,,0.0,,,,48.0,0.45,-0.02249190938511325
100915,Lindsay Whalen,27,34,2011,1852,MIN,1611661324,30.0,69.0,162.0,Minnesota,USA,2004,1,4,956.4666666666668,179,350,17,42,89,122,30,89,119,199,75,37,5,27,64,107,464,213,2,0,5.3,93.34,95.5,95.5,12.3,94.7,107.8,77.79,29.4,107.8,94.36,12.3,11.7,93.34,106.4,10.3,2.65,956.3,883.0,2626,,,,,,,,,,,,,0.794,0.511,0.405,0.73,11.1,0.064,0.329,0.095,11.1,0.575,0.536,0.223,0.032,0.219,,,,,,,,,,,,,,,,,,,1611661324,Lindsay Whalen,Lindsay Whalen,100915,MIN,57392.0,34,957,213.0,1821,1826,333,356,272,3647,100.0,146.0,11.0,17.0,18.0,27.0,32.0,88.0,74.0,162.0,308.0,89.0,464.0,1784,18.0,33.0,11.0,53.0,29.0,54.0,45.0,106.0,102.0,222.0,8.0,26.0,147.0,52.0,199.0,33.0,19.0,63.0,20.0,64.0,450.0,5.0,24.0,1.0,28.0,59,2.0,89,30.0,119,8.0,37.0,30.0,7.0,36.0,11.0,26.0,39.0,2.0,10.0,12.0,75.0,5.0,19.0,17.0,64.0,3.0,2.0,8.0,107.0,3.0,4.0,15.0,49.0,19.0,5.0,1.0,4.0,5.0,3.0,411.0,101.0,324,9.0,20.0,25.0,,9.0,,14.0,,,109.66501922020868,97.6998904709748,0.3148148148148148,0.3227848101265823,0.525974025974026,0.5454545454545454,0.5370370370370371,0.5357142857142857,0.5,0.4919354838709677,0.575682382133995,0.5408163265306123,0.6022727272727273,0.0844155844155844,0.0821917808219178,0.1590909090909091,22.242903676128435,0.48,0.0454545454545454,0.0178571428571428,0.0978441127694859,0.0351390922401171,0.1052631578947368,0.027027027027027,0.1001150747986191,0.0334101382488479,0.0625,0.027027027027027,0.021551724137931,0.0275862068965517,0.025,0.0947368421052631,0.1026785714285714,0.0952380952380952,0.1155778894472361,0.0746268656716417,0.0571428571428571,0.6,0.4171428571428571,0.684931506849315,0.746268656716418,0.36,0.2514285714285714,0.3636363636363636,0.4324324324324324,0.15625,0.2114285714285714,0.4047619047619047,0.6470588235294118,,0.4354838709677419,0.6666666666666666,0.5371428571428571,0.4905146131805158,0.5176041666666666,0.4675819672131148,0.1276041666666666,0.1432748538011695,0.1142241379310344,0.2284482758620689,7.142532467532468,0.5,0.5272727272727272,0.1828665568369028,30.0,4.0,14.0,38.0,8.0,8.0,42.0,38.0,14.0,1.0,,,,0.8235294117647058,0.4047619047619047,0.4047619047619047,0.12,0.4054054054054054,0.4054054054054054,0.3333333333333333,0.0114285714285714,0.1085714285714285,0.3684210526315789,0.3783783783783784,0.7857142857142857,0.1290322580645161,0.3684210526315789,22.816666666666663,0.2727272727272727,0.3181818181818182,3.0,,,8.0,1.0,9.0,1.0,9.0,1.0,1.0,,0.125,0.0238095238095238,0.0263157894736842,0.75,0.75,1.0,0.1904761904761904,,,0.125,,1.0,,0.0238095238095238,1.0,2.0,,0.2222222222222222,0.125,1.0,1.0,,,,1.0,1.0,,0.0,,,,44.0,0.5219347581552306,0.04944284877011734
201918,Lindsay Wisdom-Hylton,12,29,2011,478,CHI,1611661329,26.0,74.0,186.0,Purdue,USA,2009,1,13,233.64166666666668,22,53,0,1,4,8,18,36,54,18,21,11,14,0,37,8,48,-21,0,0,0.8,98.41,89.2,89.2,-4.0,90.1,85.1,82.01,18.8,85.1,96.9,-4.0,-3.2,98.41,86.9,1.8,0.86,193.8,170.0,2647,,,,,,,,,,,,,0.414,0.415,0.0,0.5,21.9,0.108,0.134,0.142,22.0,0.425,0.415,0.145,0.073,0.141,,,,,,,,,,,,,,,,,,,1611661329,Lindsay Wisdom-Hylton,Lindsay Wisdom-Hylton,201918,CHI,14019.0,29,234,-21.0,461,459,105,140,68,920,11.0,15.0,3.0,3.0,2.0,2.0,7.0,20.0,17.0,22.0,52.0,4.0,48.0,428,6.0,10.0,1.0,13.0,3.0,8.0,,6.0,32.0,12.0,8.0,,12.0,6.0,18.0,2.0,4.0,7.0,2.0,3.0,42.0,1.0,14.0,3.0,8.0,23,5.0,36,18.0,54,3.0,11.0,8.0,3.0,12.0,3.0,8.0,9.0,3.0,4.0,1.0,21.0,,2.0,19.0,37.0,,4.0,1.0,8.0,1.0,,0.0,3.0,1.0,12.0,8.0,4.0,14.0,9.0,35.0,6.0,105,3.0,1.0,,,12.0,,1.0,,,88.28633405639913,93.24618736383442,0.7272727272727273,0.8888888888888888,0.4230769230769231,0.6,0.375,0.4150943396226415,0.6,0.3333333333333333,0.4210526315789473,0.5909090909090909,0.3,,,,14.49814126394052,0.5714285714285714,0.238095238095238,0.15,0.1411042944785276,0.0813953488372093,0.1269841269841269,0.0208333333333333,0.1371681415929203,0.0681818181818181,0.0408163265306122,0.1,0.0952380952380952,0.027027027027027,,0.1304347826086956,0.1481481481481481,0.15,0.1276595744680851,0.125,0.0967741935483871,0.6428571428571429,0.2830188679245283,0.7333333333333333,0.7333333333333333,0.6363636363636364,0.3773584905660377,0.35,0.35,0.7142857142857143,0.320754716981132,0.3,1.0,,0.2222222222222222,1.0,0.3018867924528302,0.4344820754716981,0.45079,0.4126388888888889,0.0535714285714285,0.0545454545454545,0.2708333333333333,0.125,9.284615384615384,1.0,0.1538461538461538,0.227765726681128,4.0,,,1.0,1.0,1.0,,1.0,,,2.0,,,,,,0.0188679245283018,0.2352941176470588,0.2352941176470588,1.0,,0.0188679245283018,,,,0.1111111111111111,,23.3,0.6153846153846154,,,,,,,,,,,,,,,,,,,,,,,2.0,,,,,,,,,,,,,,,,,0.0,,,,20.0,0.3582089552238806,-0.11428295416123269
201046,Lindsey Harding,20,34,2011,2136,ATL,1611661330,28.0,68.0,139.0,Duke,USA,2007,1,1,1036.5483333333334,141,310,10,33,66,90,17,92,109,162,81,34,6,22,60,95,358,86,1,0,4.1,98.84,95.0,95.0,3.9,93.7,98.9,82.37,27.3,98.9,100.72,3.9,2.8,98.84,96.5,9.1,2.0,770.8,719.0,2821,,,,,,,,,,,,,0.588,0.455,0.303,0.733,13.7,0.051,0.239,0.088,13.7,0.512,0.471,0.174,0.016,0.172,,,,,,,,,,,,,,,,,,,1611661330,Lindsey Harding,Lindsey Harding,201046,ATL,62195.0,34,1037,86.0,2095,2093,509,426,301,4188,47.0,88.0,,4.0,9.0,19.0,42.0,97.0,92.0,131.0,277.0,66.0,358.0,2026,5.0,20.0,6.0,19.0,33.0,73.0,37.0,106.0,64.0,198.0,,21.0,149.0,13.0,162.0,10.0,3.0,62.0,33.0,54.0,337.0,4.0,13.0,,30.0,59,3.0,92,17.0,109,8.0,34.0,20.0,14.0,51.0,13.0,28.0,30.0,7.0,23.0,4.0,81.0,5.0,16.0,21.0,60.0,3.0,,1.0,95.0,3.0,9.0,9.0,38.0,11.0,5.0,,4.0,6.0,5.0,339.0,100.0,505,14.0,8.0,13.0,,3.0,2.0,8.0,,,100.81145584725536,96.79885332059246,0.2442748091603053,0.2442748091603053,0.4729241877256318,0.25,0.4520547945205479,0.4709677419354838,0.2954545454545454,0.4259259259259259,0.5114285714285715,0.3653846153846153,0.5,0.075812274368231,0.1363636363636363,0.0721649484536082,17.513206013815523,0.6296296296296297,0.0576923076923076,,0.0798376184032476,0.0156815440289505,0.1287553648068669,0.0283687943262411,0.0915637860082304,0.0175257731958762,0.0186567164179104,0.0138408304498269,0.0147058823529411,0.0272727272727272,0.032258064516129,0.0992647058823529,0.0753138075313807,0.0614035087719298,0.1325301204819277,0.1194029850746268,0.0588235294117647,0.8333333333333334,0.2838709677419355,0.5340909090909091,0.618421052631579,0.3191489361702128,0.3129032258064516,0.4329896907216495,0.4666666666666667,0.0952380952380952,0.2967741935483871,0.1818181818181818,,,0.2345679012345679,0.4736842105263157,0.3903225806451613,0.449415635179153,0.3910441176470588,0.4248613924050633,0.1120943952802359,0.1241830065359477,0.053072625698324,0.2960893854748603,9.534296028880869,0.4,0.3888888888888889,0.2429594272076372,42.0,3.0,9.0,30.0,8.0,8.0,18.0,27.0,9.0,,1.0,,2.0,0.6,0.303030303030303,0.3333333333333333,0.1064516129032258,0.4565217391304347,0.4666666666666667,0.3095238095238095,0.0096774193548387,0.0967741935483871,0.3,0.3,0.5555555555555556,0.0987654320987654,0.3333333333333333,24.493939393939392,0.2888888888888888,0.4444444444444444,1.0,,,2.0,1.0,2.0,1.0,12.0,1.0,1.0,1.0,0.125,0.0303030303030303,,0.3333333333333333,0.5,1.0,0.0909090909090909,,,0.125,1.0,,0.0217391304347826,,1.0,1.0,6.0,0.5,0.5,,,,,0.3333333333333333,,,,0.0,,,,54.0,0.4525916561314791,-0.019900253253634148
202633,Liz Cambage,3,33,2011,1316,TUL,1611661321,20.0,80.0,215.0,None,Australia,2011,1,2,659.31,134,262,0,5,112,141,54,102,156,17,79,28,29,12,95,120,380,-192,3,0,4.1,95.74,102.2,102.2,-14.7,102.2,87.5,79.78,4.1,87.5,95.83,-14.7,-14.9,95.74,87.3,7.9,0.22,684.7,667.0,2628,,,,,,,,,,,,,0.091,0.511,0.0,0.794,19.0,0.125,0.061,0.172,18.8,0.586,0.511,0.274,0.082,0.264,,,,,,,,,,,,,,,,,,,1611661321,Liz Cambage,Liz Cambage,202633,TUL,39563.0,33,659,-192.0,1274,1283,301,330,164,2557,88.0,132.0,24.0,38.0,17.0,29.0,44.0,109.0,16.0,134.0,257.0,112.0,380.0,1343,25.0,50.0,19.0,69.0,25.0,49.0,44.0,94.0,192.0,76.0,28.0,12.0,12.0,5.0,17.0,3.0,2.0,7.0,2.0,3.0,39.0,12.0,41.0,1.0,20.0,71,11.0,102,54.0,156,14.0,28.0,17.0,11.0,28.0,3.0,15.0,51.0,2.0,13.0,8.0,79.0,7.0,12.0,34.0,95.0,1.0,11.0,27.0,120.0,5.0,4.0,27.0,74.0,10.0,29.0,13.0,16.0,29.0,18.0,311.0,94.0,301,10.0,10.0,39.0,1.0,39.0,14.0,48.0,15.0,,90.34536891679748,104.67653936087297,0.7164179104477612,0.8,0.5214007782101168,0.5,0.5102040816326531,0.5114503816793893,0.4901960784313725,0.5,0.5956112852664577,0.5476190476190477,0.6266666666666667,0.046692607003891,0.0454545454545454,0.055045871559633,27.14870395634379,0.3544303797468354,0.2291666666666666,0.0227272727272727,0.1797468354430379,0.0951276102088167,0.144927536231884,0.0736196319018405,0.1707317073170731,0.0892255892255892,0.1640625,0.0758293838862559,0.0434782608695652,0.075,0.0697674418604651,0.1487603305785124,0.2115384615384615,0.1694915254237288,0.1414141414141414,0.1538461538461538,0.1206896551724138,0.6206896551724138,0.5038167938931297,0.6666666666666666,0.6984126984126984,0.7159090909090909,0.416030534351145,0.4036697247706422,0.4271844660194174,0.7045454545454546,0.0610687022900763,0.7450980392156863,0.631578947368421,0.2916666666666667,0.58,0.5862068965517241,0.5229007633587787,0.4425221374045801,0.5203097560975609,0.463399,0.2394822006472491,0.2434210526315789,0.181578947368421,0.2473684210526315,5.178210116731518,0.4090909090909091,0.2,0.2362637362637362,2.0,1.0,,4.0,1.0,1.0,,4.0,,1.0,,,10.0,,,,0.0190839694656488,0.125,0.125,1.0,0.0038167938931297,0.015267175572519,,,,0.02,,21.94,0.4285714285714285,0.4,,,,1.0,,1.0,,,,,,,,,,,,0.0196078431372549,,,,,,,,,,,,,,,,,,,,,0.0,,1.0,,50.0,0.5149051490514905,0.04241323966637728
100685,Marie Ferdinand-Harris,19,34,2011,1253,PHO,1611661317,33.0,69.0,162.0,LSU,USA,2001,1,8,593.055,87,260,18,54,38,39,14,37,51,39,43,19,7,20,61,44,230,-42,0,0,2.6,101.33,103.1,103.1,-3.5,102.4,99.6,84.44,10.9,99.6,101.41,-3.5,-2.2,101.33,100.2,7.6,0.91,384.7,390.0,2820,,,,,,,,,,,,,0.559,0.335,0.333,0.974,12.0,0.043,0.114,0.06,12.0,0.415,0.369,0.232,0.024,0.225,,,,,,,,,,,,,,,,,,,1611661317,Marie Ferdinand-Harris,Marie Ferdinand-Harris,100685,PHO,35582.0,34,593,-40.0,1214,1216,445,361,152,2430,25.0,49.0,5.0,7.0,7.0,14.0,11.0,36.0,121.0,69.0,206.0,38.0,230.0,1290,8.0,23.0,3.0,19.0,30.0,77.0,14.0,92.0,54.0,84.0,4.0,20.0,28.0,11.0,39.0,6.0,5.0,13.0,6.0,9.0,89.0,4.0,10.0,,9.0,28,,37,14.0,51,4.0,19.0,13.0,6.0,26.0,5.0,18.0,17.0,3.0,8.0,2.0,43.0,2.0,16.0,23.0,61.0,2.0,3.0,1.0,44.0,1.0,8.0,5.0,17.0,5.0,7.0,3.0,3.0,7.0,3.0,211.0,92.0,444,13.0,5.0,24.0,,14.0,,4.0,,,102.9654036243822,106.08552631578948,0.391304347826087,0.4029850746268656,0.3349514563106796,0.3478260869565217,0.3896103896103896,0.3692307692307692,0.3076923076923077,0.4239130434782608,0.4151624548736462,0.3518518518518518,0.4693877551020408,0.0970873786407767,0.2040816326530612,0.1666666666666666,23.13810556760665,0.6046511627906976,,,0.0701754385964912,0.0261780104712041,0.0576923076923076,0.0245398773006134,0.0666666666666666,0.0256880733944954,0.03125,0.0373134328358208,0.0131578947368421,0.0222222222222222,0.0357142857142857,0.0818181818181818,0.0662983425414364,0.0648148148148148,0.064,0.032258064516129,0.0264900662251655,0.4285714285714285,0.1884615384615384,0.5102040816326531,0.6410256410256411,0.44,0.1384615384615384,0.3055555555555556,0.3666666666666666,0.2727272727272727,0.4653846153846154,0.2692307692307692,0.7142857142857143,0.4,0.1521739130434782,0.5,0.3961538461538461,0.4515346153846153,0.4429305555555555,0.4281809782608696,0.0625,0.0779816513761468,0.0826086956521739,0.4,12.297087378640777,0.4583333333333333,0.2,0.3665568369028006,33.0,15.0,14.0,39.0,11.0,15.0,51.0,39.0,14.0,2.0,,,12.0,0.9444444444444444,0.3333333333333333,0.3333333333333333,0.2076923076923077,0.2727272727272727,0.282051282051282,0.3939393939393939,0.0576923076923076,0.15,0.358974358974359,0.358974358974359,0.9285714285714286,0.1195652173913043,0.358974358974359,22.27592592592593,0.3295454545454545,0.1764705882352941,4.0,1.0,4.0,3.0,5.0,3.0,6.0,3.0,,,1.0,0.4,,,0.2666666666666666,0.2666666666666666,1.0,0.1153846153846153,0.0434782608695652,0.25,0.4545454545454545,,,0.0330578512396694,,,,1.0,,,,,,,,,,,0.0,,,,31.0,0.3859060402684564,-0.08658586911665689
100887,Marion Jones,1,14,2011,198,TUL,1611661321,36.0,70.0,150.0,North Carolina,USA,2003,3,33,90.90666666666668,4,21,0,4,2,4,4,2,6,3,5,7,2,3,11,6,10,-40,0,0,0.3,103.49,102.1,102.1,-22.3,106.1,79.8,86.24,9.7,79.8,102.34,-22.3,-27.6,103.49,78.6,1.5,0.6,43.7,37.0,2628,,,,,,,,,,,,,0.071,0.19,0.0,0.5,16.1,0.036,0.067,0.029,16.3,0.22,0.19,0.129,0.04,0.127,,,,,,,,,,,,,,,,,,,1611661321,Marion Jones,Marion Jones,100887,TUL,5454.0,14,91,-40.0,190,184,50,73,19,374,3.0,10.0,2.0,4.0,,,,4.0,3.0,4.0,17.0,2.0,10.0,198,2.0,4.0,2.0,6.0,,,,,6.0,2.0,2.0,3.0,2.0,1.0,3.0,1.0,,1.0,,1.0,7.0,2.0,2.0,,1.0,1,,2,4.0,6,0.0,7.0,6.0,1.0,2.0,,2.0,3.0,1.0,,,5.0,,3.0,3.0,11.0,,,1.0,6.0,2.0,1.0,0.0,2.0,,2.0,,,2.0,,4.0,,50,3.0,,,,,,,,,83.15789473684211,107.6086956521739,0.75,1.0,0.2352941176470588,0.5,,0.1904761904761904,0.5,,0.217391304347826,0.6,,0.1764705882352941,0.2,0.25,13.270142180094789,0.4,,,0.0238095238095238,0.0317460317460317,0.05,0.08,0.032258064516129,0.0454545454545454,,0.0769230769230769,,0.0909090909090909,,,,0.0833333333333333,,0.1666666666666666,,,0.4761904761904761,0.3,0.375,0.6666666666666666,0.1904761904761904,,,,0.1428571428571428,1.0,0.5,0.5,,,0.6666666666666666,0.4700125,0.5328,0.53325,0.0869565217391304,0.1052631578947368,0.6,,6.852941176470588,0.2857142857142857,0.3333333333333333,0.2631578947368421,1.0,,,4.0,1.0,1.0,,3.0,,,,,,,,,0.1904761904761904,0.3333333333333333,0.3333333333333333,1.0,,0.1904761904761904,,,,1.0,,27.425,,0.3333333333333333,,,,,,,,,,,2.0,,,,,,,,,,,,,,,,,,,,,,,,,,,,0.0,,,,8.0,0.19230769230769232,-0.2801842170774209
201889,Marissa Coleman,6,34,2011,1739,WAS,1611661322,25.0,73.0,160.0,Maryland,USA,2009,1,2,918.1733333333332,107,278,53,144,25,37,46,118,164,47,54,24,14,7,80,47,292,-85,1,0,3.1,90.39,101.7,101.7,-6.1,101.6,95.6,75.32,11.9,95.6,90.76,-6.1,-6.6,90.39,95.0,8.2,0.87,619.3,632.0,2585,,,,,,,,,,,,,0.176,0.385,0.368,0.676,13.6,0.098,0.093,0.149,13.7,0.496,0.48,0.173,0.052,0.169,,,,,,,,,,,,,,,,,,,1611661322,Marissa Coleman,Marissa Coleman,201889,WAS,55090.0,34,918,-85.0,1688,1666,329,338,255,3354,23.0,42.0,5.0,8.0,7.0,13.0,10.0,37.0,55.0,54.0,134.0,25.0,292.0,1748,10.0,26.0,2.0,43.0,11.0,26.0,11.0,51.0,38.0,70.0,4.0,7.0,30.0,17.0,47.0,14.0,3.0,15.0,3.0,12.0,111.0,13.0,33.0,,18.0,94,6.0,118,46.0,164,7.0,24.0,14.0,10.0,34.0,9.0,21.0,20.0,5.0,13.0,,54.0,4.0,8.0,31.0,80.0,2.0,1.0,2.0,47.0,2.0,7.0,3.0,15.0,5.0,12.0,1.0,7.0,14.0,4.0,249.0,51.0,325,14.0,5.0,38.0,,34.0,2.0,36.0,7.0,,98.51895734597156,104.921968787515,0.3518518518518518,0.3653846153846153,0.4029850746268656,0.3846153846153846,0.4230769230769231,0.4802158273381295,0.4767441860465116,0.425531914893617,0.4949152542372881,0.4673913043478261,0.4722222222222222,0.0522388059701492,0.0952380952380952,0.081081081081081,17.45872936468234,0.6296296296296297,0.1395348837209302,,0.1569282136894824,0.0558375634517766,0.1323529411764706,0.0593607305936073,0.1523809523809524,0.0567901234567901,0.0564102564102564,0.065989847715736,0.0452261306532663,0.0641025641025641,0.0476190476190476,0.1043956043956044,0.1927710843373494,0.1607142857142857,0.1372549019607843,0.1176470588235294,0.0440251572327044,0.2857142857142857,0.1510791366906475,0.5476190476190477,0.6052631578947368,0.5217391304347826,0.1330935251798561,0.2702702702702703,0.2941176470588235,0.2,0.197841726618705,0.1860465116279069,0.625,0.2,0.2765957446808511,0.5384615384615384,0.6690647482014388,0.4806044964028776,0.4673951612903226,0.4897095744680851,0.0517241379310344,0.1027397260273972,0.1472602739726027,0.1746575342465753,9.993283582089552,0.3333333333333333,0.4814814814814814,0.1949052132701421,21.0,39.0,34.0,105.0,13.0,21.0,144.0,105.0,34.0,,2.0,,,0.9056603773584906,0.3680555555555556,0.3680555555555556,0.5179856115107914,0.3818181818181818,0.3818181818181818,0.238095238095238,0.1402877697841726,0.3776978417266187,0.3238095238095238,0.3238095238095238,0.9117647058823528,0.2765957446808511,0.3238095238095238,22.75625,0.4242424242424242,0.2758620689655172,19.0,3.0,8.0,10.0,3.0,17.0,6.0,15.0,,,4.0,0.2857142857142857,,,0.4871794871794871,0.4871794871794871,0.8947368421052632,0.2325581395348837,0.1702127659574468,0.375,0.2307692307692307,2.0,7.0,,0.1627906976744186,4.0,7.0,1.0,0.4117647058823529,0.4,1.0,3.0,,,,0.4285714285714285,0.6666666666666666,,0.0,5.0,,,36.0,0.45482866043613707,-0.017663248948976196
201492,Matee Ajavon,6,34,2011,2029,WAS,1611661322,26.0,68.0,160.0,Rutgers,USA,2008,1,5,1064.4983333333332,174,445,37,134,116,140,30,50,80,105,105,57,9,24,109,113,501,-176,0,0,5.1,91.74,101.1,101.1,-8.1,101.5,93.0,76.45,14.6,93.0,91.73,-8.1,-9.0,91.74,92.5,13.1,1.0,847.5,855.0,2585,,,,,,,,,,,,,0.176,0.391,0.276,0.829,14.6,0.04,0.2,0.054,14.7,0.494,0.433,0.261,0.029,0.255,,,,,,,,,,,,,,,,,,,1611661322,Matee Ajavon,Matee Ajavon,201492,WAS,63869.0,34,1064,-176.0,1972,1975,392,375,305,3947,64.0,109.0,3.0,12.0,11.0,20.0,31.0,77.0,125.0,137.0,311.0,116.0,501.0,2062,10.0,29.0,14.0,43.0,23.0,54.0,41.0,108.0,78.0,196.0,2.0,22.0,74.0,31.0,105.0,17.0,14.0,59.0,5.0,10.0,241.0,10.0,19.0,1.0,15.0,34,1.0,50,30.0,80,10.0,57.0,21.0,36.0,76.0,7.0,54.0,29.0,8.0,22.0,,105.0,4.0,16.0,47.0,109.0,6.0,4.0,7.0,113.0,5.0,7.0,13.0,58.0,16.0,8.0,6.0,1.0,9.0,4.0,458.0,106.0,388,14.0,14.0,60.0,,18.0,,41.0,8.0,,95.63894523326572,104.40506329113924,0.2846715328467153,0.2867647058823529,0.4405144694533762,0.3448275862068966,0.4259259259259259,0.4325842696629213,0.3295454545454545,0.3641304347826087,0.4940828402366864,0.4215686274509804,0.4695652173913043,0.0707395498392283,0.091743119266055,0.0779220779220779,26.266094420600854,0.7238095238095238,0.0208333333333333,0.0142857142857142,0.0496350364963503,0.0276564774381368,0.0842696629213483,0.0386100386100386,0.0567786790266512,0.0306553911205074,0.0168776371308016,0.0324074074074074,0.0341880341880341,0.0497237569060773,0.0128205128205128,0.0440528634361233,0.032520325203252,0.0754716981132075,0.072,0.1132075471698113,0.042016806722689,0.4444444444444444,0.2449438202247191,0.5871559633027523,0.6464646464646465,0.40625,0.1730337078651685,0.4025974025974026,0.4366197183098591,0.0967741935483871,0.2808988764044944,0.2727272727272727,0.25,0.3333333333333333,0.217391304347826,0.55,0.5460674157303371,0.4616714285714286,0.4736128571428571,0.4424415730337078,0.120162932790224,0.1629213483146067,0.0858283433133732,0.2155688622754491,9.583279742765274,0.3777777777777777,0.2888888888888888,0.1987829614604462,42.0,36.0,27.0,98.0,29.0,38.0,87.0,98.0,27.0,,1.0,,1.0,0.7837837837837838,0.2761194029850746,0.2761194029850746,0.3011235955056179,0.336,0.3529411764705882,0.238095238095238,0.0808988764044943,0.2202247191011236,0.2755102040816326,0.2783505154639175,0.7407407407407407,0.3152173913043478,0.2755102040816326,22.88955223880597,0.4634146341463415,0.4111111111111111,10.0,1.0,9.0,11.0,6.0,15.0,7.0,24.0,2.0,2.0,1.0,0.1842105263157894,0.0149253731343283,0.010204081632653,0.2777777777777778,0.2857142857142857,0.9,0.25,0.0978260869565217,0.1111111111111111,0.2068965517241379,1.0,4.0,0.048,0.0909090909090909,3.0,3.0,2.0,0.2,0.2727272727272727,0.6666666666666666,,,1.0,0.0277777777777777,,,0.0074074074074074,0.0,5.0,,,70.0,0.45586897179253866,-0.016622937592574605
202632,Maya Moore,27,34,2011,1844,MIN,1611661324,23.0,72.0,175.0,Connecticut,USA,2011,1,1,950.73,164,374,58,157,63,80,57,100,157,90,50,48,16,11,92,94,449,274,1,0,4.8,93.35,93.0,93.0,15.4,92.7,108.4,77.79,16.4,108.4,94.06,15.4,14.4,93.35,107.1,11.0,1.8,914.4,882.0,2626,,,,,,,,,,,,,0.794,0.439,0.369,0.788,9.1,0.085,0.144,0.105,9.1,0.549,0.516,0.216,0.063,0.213,,,,,,,,,,,,,,,,,,,1611661324,Maya Moore,Maya Moore,202632,MIN,57043.0,34,951,274.0,1811,1798,277,334,261,3609,59.0,90.0,14.0,20.0,7.0,11.0,19.0,60.0,67.0,106.0,217.0,63.0,449.0,1725,21.0,39.0,10.0,61.0,10.0,24.0,23.0,61.0,114.0,98.0,22.0,10.0,71.0,19.0,90.0,15.0,4.0,46.0,12.0,13.0,199.0,7.0,44.0,6.0,29.0,67,4.0,100,57.0,157,11.0,48.0,38.0,10.0,29.0,13.0,21.0,21.0,3.0,8.0,1.0,50.0,2.0,8.0,41.0,92.0,,8.0,4.0,94.0,8.0,14.0,6.0,29.0,9.0,14.0,8.0,3.0,16.0,12.0,388.0,59.0,270,8.0,7.0,43.0,,51.0,,35.0,6.0,,110.38100496963004,95.93993325917684,0.5377358490566038,0.6,0.488479262672811,0.5384615384615384,0.4166666666666667,0.516042780748663,0.5204081632653061,0.4042553191489361,0.5476772616136919,0.5446428571428571,0.5083333333333333,0.0460829493087557,0.0333333333333333,0.1166666666666666,21.64073550212164,0.58,0.0888888888888888,0.1176470588235294,0.1107438016528925,0.0680061823802163,0.1070110701107011,0.0372340425531914,0.1095890410958904,0.0610778443113772,0.0614525139664804,0.0669291338582677,0.0747663551401869,0.0266666666666666,0.0789473684210526,0.1191709844559585,0.091743119266055,0.1237113402061855,0.116504854368932,0.0769230769230769,0.0564102564102564,0.75,0.2406417112299465,0.6555555555555556,0.6781609195402298,0.5423728813559322,0.160427807486631,0.3166666666666666,0.3584905660377358,0.5263157894736842,0.1791443850267379,0.4081632653061224,0.7,0.1428571428571428,0.2340425531914893,0.6363636363636364,0.660427807486631,0.5079247311827957,0.5045906976744186,0.4731688888888889,0.08,0.1208333333333333,0.1358574610244989,0.1358574610244989,8.477880184331797,0.5,0.3658536585365853,0.1529541689674213,28.0,43.0,39.0,114.0,15.0,23.0,147.0,111.0,38.0,,2.0,,4.0,0.8448275862068966,0.3694267515923566,0.3677419354838709,0.4197860962566845,0.417910447761194,0.417910447761194,0.5357142857142857,0.1149732620320855,0.3048128342245989,0.3421052631578947,0.3421052631578947,0.7948717948717948,0.3191489361702128,0.3423423423423423,22.512101910828022,0.4102564102564102,0.3229166666666667,19.0,2.0,8.0,8.0,4.0,10.0,6.0,27.0,1.0,1.0,3.0,0.2608695652173913,0.0063694267515923,,0.4418604651162791,0.4523809523809524,0.9473684210526316,0.1632653061224489,0.1702127659574468,0.25,0.2666666666666666,2.0,2.0,,0.0408163265306122,2.0,3.0,2.0,0.3,0.25,1.0,1.0,,3.0,0.0232558139534883,0.5,1.0,0.01875,0.0,,,,76.0,0.5233100233100233,0.050818113924910036
100729,Michelle Snow,14,34,2011,1586,CHI,1611661329,32.0,77.0,158.0,Tennessee, ,2002,1,10,820.71,82,180,0,2,38,50,39,174,213,64,70,16,44,9,84,57,202,-19,2,0,2.4,93.2,92.3,92.3,-0.3,91.6,92.0,77.66,19.1,92.0,93.64,-0.3,0.3,93.2,91.9,5.3,0.91,663.6,599.0,2647,,,,,,,,,,,,,0.412,0.456,0.0,0.76,20.9,0.136,0.136,0.211,20.8,0.5,0.456,0.155,0.053,0.151,,,,,,,,,,,,,,,,,,,1611661329,Michelle Snow,Michelle Snow,100729,CHI,49244.0,34,821,-19.0,1534,1556,301,303,176,3090,30.0,47.0,7.0,13.0,3.0,5.0,21.0,68.0,63.0,82.0,178.0,38.0,202.0,1478,12.0,26.0,6.0,30.0,9.0,23.0,5.0,23.0,126.0,38.0,10.0,9.0,55.0,9.0,64.0,4.0,5.0,35.0,11.0,9.0,137.0,8.0,30.0,1.0,30.0,134,10.0,174,39.0,213,1.0,16.0,14.0,2.0,32.0,20.0,23.0,38.0,3.0,9.0,,70.0,3.0,10.0,44.0,84.0,,10.0,10.0,57.0,2.0,2.0,7.0,24.0,5.0,43.0,26.0,16.0,44.0,24.0,172.0,23.0,300,4.0,3.0,27.0,,14.0,1.0,6.0,9.0,5.0,95.11082138200784,94.98714652956298,0.7682926829268293,0.8181818181818182,0.4606741573033708,0.4615384615384615,0.391304347826087,0.4555555555555555,0.4615384615384615,0.375,0.5,0.5172413793103449,0.4107142857142857,0.0505617977528089,0.1063829787234042,0.0441176470588235,15.56576680068926,0.4571428571428571,0.2564102564102564,0.0222222222222222,0.2298456260720411,0.0559701492537313,0.1704545454545454,0.0588235294117647,0.2160737812911726,0.056547619047619,0.0792682926829268,0.055045871559633,0.0324675324675324,0.053763440860215,0.0697674418604651,0.2295081967213114,0.2178217821782178,0.2424242424242424,0.1746031746031746,0.16,0.0112359550561797,0.5454545454545454,0.2611111111111111,0.6382978723404256,0.7142857142857143,0.6333333333333333,0.3777777777777777,0.3088235294117647,0.3230769230769231,0.8095238095238095,0.35,0.5,0.5384615384615384,0.2857142857142857,0.2083333333333333,0.6,0.2722222222222222,0.4255786111111111,0.4906523809523809,0.41930625,0.1218274111675127,0.123076923076923,0.1485148514851485,0.1138613861386138,10.134831460674157,0.4117647058823529,0.3191489361702128,0.196219035202086,31.0,,,2.0,1.0,1.0,,2.0,,1.0,1.0,1.0,,,,,0.0111111111111111,0.492063492063492,0.5,0.8709677419354839,,0.0111111111111111,,,,0.0416666666666666,,22.35,0.1290322580645161,,,,,,,,,,,,1.0,,,,,,,,,,,,,0.0158730158730158,,,,,,,,,,,,,,,0.0,,,,42.0,0.4080808080808081,-0.06441110130430516
202629,Miranda Ayim,0,3,2011,91,TUL,1611661321,24.0,75.0,170.0,Pepperdine,USA,Undrafted,Undrafted,Undrafted,42.23,4,9,0,0,0,2,4,3,7,2,4,2,1,0,7,4,8,-6,0,0,1.3,103.43,92.3,92.3,-6.6,95.7,85.7,86.19,12.5,85.7,102.23,-6.6,-11.0,103.43,84.7,3.0,0.5,24.4,23.0,2628,,,,,,,,,,,,,0.0,0.444,0.0,0.0,25.0,0.091,0.1,0.097,25.2,0.405,0.444,0.139,0.087,0.136,,,,,,,,,,,,,,,,,,,1611661321,Miranda Ayim,Miranda Ayim,202629,TUL,2533.0,3,42,-6.0,89,88,51,31,11,177,1.0,1.0,,,,,1.0,1.0,7.0,4.0,9.0,,8.0,84,,1.0,,,2.0,6.0,,4.0,6.0,2.0,,,2.0,,2.0,,,1.0,,1.0,4.0,2.0,2.0,,1.0,1,1.0,3,4.0,7,0.0,2.0,2.0,,2.0,1.0,2.0,2.0,,,,4.0,,4.0,3.0,7.0,,,1.0,4.0,,1.0,0.0,,1.0,1.0,,1.0,1.0,1.0,8.0,4.0,51,2.0,1.0,,,,,1.0,,,87.64044943820224,95.45454545454544,0.75,0.75,0.4444444444444444,,0.3333333333333333,0.4444444444444444,,0.3333333333333333,0.4,,0.2857142857142857,,,,14.0,0.5,0.5,,0.0625,0.0625,0.0769230769230769,0.2222222222222222,0.0689655172413793,0.0975609756097561,0.1111111111111111,,0.0666666666666666,0.25,,,0.1,,,0.2,,1.0,0.1111111111111111,1.0,1.0,1.0,0.1111111111111111,1.0,1.0,,0.7777777777777778,,,,,,0.1111111111111111,0.3656888888888889,0.3785,0.3631166666666667,,,,0.5,14.6,,,0.5730337078651685,2.0,,,,,,,,,,,,,,,,,0.2857142857142857,0.2857142857142857,1.0,,,,,,,,,,,,,,,,,,,,,,,,,,,,,,,,,,,,,,,,,,,,,,,,,0.0,,,,4.0,0.3333333333333333,-0.13915857605177995
202257,Monica Wright,22,29,2011,788,MIN,1611661324,23.0,70.0,179.0,Virginia,USA,2010,1,2,393.4383333333333,53,140,7,27,36,48,6,41,47,31,28,23,5,13,46,43,149,62,0,0,1.8,95.77,89.3,89.3,7.2,88.4,96.4,79.81,14.1,96.4,95.47,7.2,9.7,95.77,98.0,4.8,1.11,307.9,290.0,2626,,,,,,,,,,,,,0.759,0.379,0.259,0.75,12.7,0.057,0.137,0.098,12.7,0.462,0.404,0.213,0.015,0.202,,,,,,,,,,,,,,,,,,,1611661324,Monica Wright,Monica Wright,202257,MIN,23603.0,29,393,62.0,755,755,188,237,122,1510,17.0,32.0,2.0,3.0,1.0,2.0,19.0,41.0,40.0,46.0,113.0,36.0,149.0,698,3.0,7.0,3.0,9.0,9.0,29.0,13.0,34.0,24.0,68.0,2.0,13.0,23.0,8.0,31.0,5.0,3.0,10.0,5.0,8.0,70.0,2.0,4.0,,15.0,24,2.0,41,6.0,47,0.0,23.0,17.0,6.0,11.0,7.0,6.0,17.0,2.0,5.0,4.0,28.0,1.0,4.0,18.0,46.0,1.0,3.0,3.0,43.0,1.0,4.0,4.0,19.0,7.0,3.0,1.0,1.0,5.0,3.0,140.0,34.0,187,8.0,6.0,,,,,7.0,,,100.66225165562912,92.45033112582782,0.2608695652173913,0.2666666666666666,0.4070796460176991,0.4285714285714285,0.3103448275862069,0.4035714285714286,0.3333333333333333,0.3181818181818182,0.4598765432098765,0.4090909090909091,0.4047619047619047,0.1150442477876106,0.15625,0.1463414634146341,20.97669256381798,0.3928571428571428,0.0625,,0.0995850622406639,0.014336917562724,0.119047619047619,0.0253164556962025,0.106267029972752,0.0167597765363128,0.0135135135135135,0.0158730158730158,0.0126582278481012,0.0317460317460317,,0.0701754385964912,0.1046511627906976,0.1122448979591836,0.125,0.1,,0.6,0.2285714285714285,0.53125,0.6296296296296297,0.1764705882352941,0.2928571428571428,0.4634146341463415,0.5428571428571428,0.3157894736842105,0.2857142857142857,0.3333333333333333,0.6666666666666666,,0.0606060606060606,0.5,0.4214285714285714,0.454475,0.4145714285714286,0.3505454545454545,0.1225806451612903,0.1484375,0.0604026845637583,0.2281879194630872,9.829203539823007,0.5333333333333333,0.2857142857142857,0.2490066225165562,10.0,8.0,5.0,19.0,3.0,4.0,21.0,19.0,5.0,,2.0,1.0,,1.0,0.2592592592592592,0.2592592592592592,0.1928571428571428,0.25,0.2631578947368421,0.3,0.0571428571428571,0.1357142857142857,0.2631578947368421,0.2631578947368421,1.0,0.0909090909090909,0.2631578947368421,22.07037037037037,0.2962962962962963,0.4736842105263157,2.0,,1.0,2.0,1.0,2.0,1.0,,,,1.0,0.25,,,0.25,0.25,1.0,0.2222222222222222,0.0303030303030303,,0.3333333333333333,1.0,,0.05,,,,3.0,,,,,,,,,,,0.0,,,,33.0,0.4048913043478261,-0.06760060503728715
200673,Monique Currie,1,4,2011,152,WAS,1611661322,29.0,72.0,177.0,Duke,USA,2006,1,3,76.52166666666666,15,35,1,8,16,16,7,10,17,4,10,7,0,5,11,10,47,-15,0,0,3.8,95.03,102.6,102.6,-10.5,103.8,92.1,79.19,7.1,92.1,94.59,-10.5,-11.8,95.03,92.0,8.8,0.4,84.4,83.0,2585,,,,,,,,,,,,,0.25,0.429,0.125,1.0,17.9,0.111,0.125,0.139,17.8,0.559,0.443,0.297,0.086,0.292,,,,,,,,,,,,,,,,,,,1611661322,Monique Currie,Monique Currie,200673,WAS,4592.0,4,77,-15.0,149,146,28,50,26,295,10.0,16.0,4.0,5.0,2.0,3.0,2.0,8.0,3.0,14.0,27.0,16.0,47.0,155,4.0,6.0,3.0,11.0,3.0,6.0,4.0,10.0,8.0,20.0,4.0,5.0,3.0,1.0,4.0,,1.0,2.0,,1.0,9.0,1.0,6.0,,1.0,8,1.0,10,7.0,17,3.0,7.0,4.0,3.0,4.0,,1.0,6.0,2.0,3.0,1.0,10.0,1.0,2.0,3.0,11.0,1.0,,,10.0,,,2.0,9.0,,,,,,,36.0,10.0,28,1.0,,7.0,,,,3.0,,,93.95973154362416,106.16438356164385,0.2857142857142857,0.3333333333333333,0.5185185185185185,0.6666666666666666,0.5,0.4428571428571428,0.6666666666666666,0.5,0.5595238095238095,0.7857142857142857,0.625,0.1851851851851851,0.125,0.25,29.545454545454547,0.4,0.5,,0.16,0.1071428571428571,0.0588235294117647,0.05,0.1343283582089552,0.0921052631578947,0.0526315789473684,0.2272727272727272,,0.0909090909090909,,0.1818181818181818,0.1176470588235294,0.1818181818181818,,0.25,0.2,,0.4571428571428571,0.625,0.7142857142857143,0.3,0.2285714285714285,0.25,0.3333333333333333,0.5,0.0857142857142857,0.8333333333333334,0.8,0.25,0.5,0.6666666666666666,0.6857142857142857,0.5010442857142857,0.595,0.4647833333333333,0.2142857142857142,0.2647058823529412,0.2340425531914893,0.2127659574468085,4.948148148148148,0.3333333333333333,1.0,0.1879194630872483,2.0,3.0,1.0,5.0,,,3.0,5.0,1.0,,,,,1.0,0.125,0.125,0.2285714285714285,0.6666666666666666,1.0,,0.0857142857142857,0.1428571428571428,0.2,0.2,1.0,,0.2,22.2875,,0.4285714285714285,,,,,,,,,,,,,,,,,,,,,,,,0.3333333333333333,,,,,,,,,,,,,,,0.0,,,,7.0,0.4895833333333333,0.017091423948220053
100556,Nakia Sanford,19,33,2011,998,PHO,1611661317,36.0,76.0,195.0,Kansas,USA,Undrafted,Undrafted,Undrafted,476.2583333333333,46,95,0,0,45,60,50,87,137,12,29,7,7,13,73,61,137,43,1,0,1.4,101.39,95.0,95.0,5.8,96.9,100.8,84.49,7.3,100.8,99.89,5.8,5.0,101.39,101.8,2.9,0.41,332.4,314.0,2820,,,,,,,,,,,,,0.576,0.484,0.0,0.75,17.7,0.138,0.04,0.167,17.9,0.564,0.484,0.137,0.106,0.134,,,,,,,,,,,,,,,,,,,1611661317,Nakia Sanford,Nakia Sanford,100556,PHO,28572.0,33,476,43.0,968,965,317,224,120,1933,37.0,62.0,12.0,25.0,11.0,18.0,8.0,31.0,2.0,46.0,95.0,45.0,137.0,963,14.0,30.0,14.0,42.0,13.0,28.0,22.0,48.0,62.0,30.0,24.0,13.0,6.0,6.0,12.0,4.0,2.0,5.0,1.0,,30.0,9.0,41.0,,21.0,57,9.0,87,50.0,137,8.0,7.0,5.0,2.0,12.0,,9.0,17.0,1.0,3.0,1.0,29.0,3.0,9.0,27.0,73.0,,7.0,11.0,59.0,8.0,2.0,4.0,22.0,10.0,7.0,3.0,3.0,7.0,4.0,95.0,48.0,314,5.0,9.0,10.0,6.0,16.0,7.0,23.0,9.0,,103.92561983471074,99.79274611398964,0.6739130434782609,0.9117647058823528,0.4842105263157895,0.4666666666666667,0.4642857142857143,0.4842105263157895,0.4666666666666667,0.4642857142857143,0.556910569105691,0.525,0.5714285714285714,0.1368421052631579,0.0967741935483871,0.2258064516129032,13.689936536718042,0.4137931034482758,0.3333333333333333,,0.1676470588235294,0.1331168831168831,0.1544117647058823,0.0714285714285714,0.1638655462184874,0.1152073732718894,0.1910112359550561,0.0775862068965517,0.145631067961165,0.09,,0.1481481481481481,0.1904761904761904,0.1529411764705882,0.1568627450980392,0.1470588235294117,0.2285714285714285,0.5714285714285714,0.6526315789473685,0.5967741935483871,0.6607142857142857,0.6216216216216216,0.3263157894736842,0.2580645161290322,0.3333333333333333,0.875,0.0210526315789473,0.8333333333333334,0.48,,0.6428571428571429,0.6111111111111112,0.6526315789473685,0.4932642105263158,0.5353777777777777,0.46895,0.1946902654867256,0.1946902654867256,0.3065693430656934,0.3503649635036496,3.8810526315789473,0.5416666666666666,0.2608695652173913,0.3274793388429752,1.0,,,,,,,,,,,,2.0,,,,,0.5,0.5,1.0,,,,,,,,,,,,,,,,,,,,,1.0,,,,,,,,,,,,,,,,,1.0,,,,,,,,,,,0.0,,1.0,,14.0,0.5074074074074074,0.034915498022294156
201490,Natasha Lacy,11,29,2011,769,LAS,1611661320,26.0,70.0,165.0,Texas-El Paso,USA,2008,2,28,394.2216666666667,57,133,4,12,27,50,19,45,64,48,35,28,9,3,40,43,145,-12,0,0,2.0,93.45,95.2,95.2,-1.9,94.0,93.2,77.87,20.1,93.2,93.71,-1.9,-0.2,93.45,93.8,4.6,1.37,369.8,335.0,2637,,,,,,,,,,,,,0.379,0.429,0.333,0.54,14.6,0.081,0.232,0.108,14.7,0.468,0.444,0.222,0.05,0.217,,,,,,,,,,,,,,,,,,,1611661320,Natasha Lacy,Natasha Lacy,201490,LAS,23652.0,29,394,-12.0,756,754,201,150,92,1510,40.0,72.0,2.0,8.0,7.0,14.0,5.0,20.0,29.0,53.0,121.0,27.0,145.0,729,5.0,15.0,4.0,14.0,9.0,23.0,14.0,38.0,44.0,62.0,2.0,3.0,29.0,19.0,48.0,11.0,8.0,16.0,8.0,5.0,115.0,4.0,15.0,,19.0,26,,45,19.0,64,2.0,28.0,15.0,13.0,17.0,8.0,7.0,18.0,2.0,10.0,2.0,35.0,1.0,6.0,19.0,40.0,,,4.0,43.0,4.0,7.0,4.0,22.0,5.0,9.0,4.0,5.0,9.0,6.0,131.0,38.0,197,2.0,5.0,3.0,,9.0,,8.0,,,94.84126984126983,96.684350132626,0.4150943396226415,0.4230769230769231,0.4380165289256198,0.3333333333333333,0.391304347826087,0.4436090225563909,0.3125,0.4,0.4647435897435897,0.3684210526315789,0.475,0.024793388429752,0.0416666666666666,,22.0554272517321,0.4857142857142857,,,0.1011673151750972,0.0576923076923076,0.1596638655462184,0.0526315789473684,0.1196808510638298,0.056547619047619,0.0449438202247191,0.0705882352941176,0.0581395348837209,0.0677966101694915,,0.0519480519480519,0.1111111111111111,0.1388888888888889,0.1521739130434782,0.1851851851851851,0.0303030303030303,0.6666666666666666,0.5413533834586466,0.5555555555555556,0.5797101449275363,0.4,0.150375939849624,0.25,0.25,0.4,0.2180451127819548,0.5,0.25,,0.4666666666666667,0.5,0.631578947368421,0.4851988461538462,0.49275,0.4800706896551724,0.1456953642384106,0.158273381294964,0.096551724137931,0.2620689655172414,6.661983471074381,0.2580645161290322,0.2666666666666666,0.2658730158730158,8.0,1.0,4.0,11.0,6.0,7.0,9.0,9.0,4.0,2.0,,,,0.75,0.3333333333333333,0.4,0.0902255639097744,0.2758620689655172,0.2758620689655172,0.5,0.0075187969924812,0.0827067669172932,0.3636363636363636,0.3636363636363636,0.75,0.2,0.4444444444444444,30.78333333333333,0.1578947368421052,0.25,,,1.0,1.0,2.0,1.0,2.0,3.0,,,,0.2857142857142857,,,,,,0.0625,0.0333333333333333,,0.3333333333333333,,,,,,,1.0,,,,,,,,,,,0.0,,,,42.0,0.3983516483516483,-0.07414026103346494
201500,Nicky Anosike,6,34,2011,1754,WAS,1611661322,26.0,75.0,210.0,Tennessee, ,2008,2,16,923.4833333333332,75,216,0,1,89,121,83,162,245,47,59,49,28,27,87,91,239,-161,4,0,2.2,91.04,100.6,100.6,-9.5,100.1,91.2,75.86,12.4,91.2,91.75,-9.5,-9.9,91.04,90.2,6.4,0.8,775.5,685.0,2585,,,,,,,,,,,,,0.176,0.347,0.0,0.736,15.6,0.141,0.095,0.198,15.7,0.444,0.347,0.162,0.091,0.16,,,,,,,,,,,,,,,,,,,1611661322,Nicky Anosike,Nicky Anosike,201500,WAS,55412.0,34,924,-161.0,1704,1708,347,330,258,3412,54.0,121.0,14.0,29.0,8.0,20.0,13.0,64.0,30.0,75.0,215.0,89.0,239.0,1760,14.0,38.0,38.0,66.0,14.0,39.0,24.0,52.0,98.0,52.0,14.0,27.0,33.0,14.0,47.0,7.0,7.0,29.0,2.0,2.0,108.0,19.0,62.0,2.0,26.0,118,18.0,162,83.0,245,13.0,49.0,15.0,34.0,30.0,5.0,21.0,29.0,2.0,9.0,3.0,59.0,10.0,10.0,43.0,87.0,1.0,4.0,11.0,91.0,9.0,2.0,7.0,57.0,7.0,27.0,16.0,11.0,28.0,17.0,173.0,52.0,346,2.0,5.0,40.0,,38.0,4.0,21.0,1.0,2.0,93.8380281690141,103.04449648711945,0.6533333333333333,0.7205882352941176,0.3488372093023256,0.3684210526315789,0.358974358974359,0.3472222222222222,0.3684210526315789,0.35,0.4377289377289377,0.532258064516129,0.4727272727272727,0.1255813953488372,0.1652892561983471,0.109375,16.48460774577954,0.5084745762711864,0.4,0.0338983050847457,0.1969949916527545,0.1026490066225165,0.1645569620253164,0.085201793721973,0.190224570673712,0.0979443772672309,0.1226415094339622,0.0785340314136125,0.1044776119402985,0.0709677419354838,0.1176470588235294,0.2110552763819095,0.2181818181818181,0.1555555555555555,0.1739130434782608,0.1395348837209302,0.1150442477876106,0.6071428571428571,0.5601851851851852,0.4462809917355372,0.5346534653465347,0.6666666666666666,0.2962962962962963,0.203125,0.2280701754385964,0.5384615384615384,0.1388888888888889,0.7631578947368421,0.4827586206896552,0.3571428571428571,0.5,0.4,0.5648148148148148,0.4686486111111111,0.520125,0.4674275,0.2142857142857142,0.2150943396226415,0.2761506276150627,0.2175732217573222,5.962790697674419,0.5230769230769231,0.3137254901960784,0.2036384976525821,8.0,,,1.0,1.0,1.0,,1.0,,3.0,1.0,,,,,,0.0046296296296296,0.2666666666666666,0.2666666666666666,0.75,,0.0046296296296296,,,,0.025,,22.3,0.3636363636363636,,,,,,,,,,,,,,,,,,,,,,,1.0,,,,,,,,,,,,,,,,,0.0,2.0,,,68.0,0.401006711409396,-0.07148519797571729
100919,Nicole Powell,18,33,2011,1813,NYL,1611661313,30.0,74.0,170.0,Stanford, ,2004,1,3,934.6816666666666,118,288,54,153,29,32,32,108,140,76,65,45,10,9,74,57,319,76,2,0,3.6,93.16,95.9,95.9,4.3,94.2,100.2,77.63,17.2,100.2,94.33,4.3,5.4,93.16,99.6,8.7,1.17,701.0,699.0,2624,,,,,,,,,,,,,0.545,0.41,0.353,0.906,14.7,0.079,0.13,0.124,14.7,0.528,0.503,0.178,0.035,0.174,,,,,,,,,,,,,,,,,,,1611661313,Nicole Powell,Nicole Powell,100919,NYL,56084.0,33,935,76.0,1778,1772,310,360,247,3550,24.0,36.0,5.0,6.0,6.0,8.0,20.0,52.0,47.0,64.0,135.0,29.0,319.0,1741,9.0,13.0,2.0,38.0,10.0,16.0,7.0,60.0,56.0,72.0,10.0,8.0,60.0,16.0,76.0,7.0,9.0,30.0,20.0,10.0,168.0,10.0,20.0,2.0,27.0,73,8.0,108,32.0,140,5.0,45.0,32.0,13.0,32.0,13.0,25.0,33.0,4.0,7.0,7.0,65.0,8.0,9.0,40.0,74.0,,2.0,8.0,57.0,4.0,9.0,3.0,12.0,5.0,8.0,3.0,5.0,10.0,4.0,281.0,60.0,303,5.0,4.0,28.0,,37.0,1.0,28.0,8.0,1.0,102.19347581552306,98.25056433408578,0.4375,0.4745762711864407,0.4740740740740741,0.6923076923076923,0.625,0.5034722222222222,0.5625,0.6794871794871795,0.5264900662251656,0.5757575757575758,0.6976744186046512,0.0592592592592592,0.0833333333333333,0.0769230769230769,17.789626757149783,0.4923076923076923,0.16,0.0555555555555555,0.1332116788321168,0.0328407224958949,0.1148936170212766,0.0404858299595141,0.1277139208173691,0.0350467289719626,0.0406976744186046,0.0163934426229508,0.0466321243523316,0.0542168674698795,0.0123456790123456,0.1153846153846153,0.1055045871559633,0.1839080459770115,0.1216216216216216,0.1034482758620689,0.0314465408805031,0.4,0.125,0.6666666666666666,0.7272727272727273,0.375,0.1805555555555555,0.3846153846153846,0.4166666666666667,0.45,0.1631944444444444,0.1875,0.8333333333333334,,0.2051282051282051,0.75,0.65625,0.4921053819444444,0.5188520833333333,0.4883769230769231,0.0404040404040404,0.0833333333333333,0.1191222570532915,0.1880877742946708,10.065925925925926,0.5833333333333334,0.2333333333333333,0.1743532058492688,20.0,64.0,31.0,89.0,11.0,23.0,144.0,89.0,31.0,,2.0,,,0.8888888888888888,0.3529411764705882,0.3529411764705882,0.53125,0.425531914893617,0.4347826086956521,0.5,0.2222222222222222,0.3090277777777778,0.348314606741573,0.3522727272727273,0.9032258064516128,0.282051282051282,0.348314606741573,22.162091503267973,0.3333333333333333,0.3469387755102041,23.0,4.0,12.0,8.0,7.0,19.0,11.0,18.0,1.0,1.0,,0.4782608695652174,0.0065359477124183,0.0112359550561797,0.359375,0.359375,0.8695652173913043,0.25,0.3076923076923077,0.3333333333333333,0.6363636363636364,2.0,11.0,0.0212765957446808,0.34375,3.0,6.0,2.0,0.3157894736842105,0.375,1.0,3.0,,,,0.2727272727272727,1.0,,0.0,,,,60.0,0.4725925925925926,0.00010068320747935733
201049,Noelle Quinn,14,33,2011,1306,LAS,1611661320,27.0,72.0,175.0,UCLA,USA,2007,1,4,680.695,64,164,23,58,18,22,11,48,59,65,24,21,2,2,26,21,169,-45,0,0,1.9,91.85,104.1,104.1,-4.0,103.6,100.1,76.54,24.6,100.1,91.97,-4.0,-3.4,91.85,100.3,5.0,2.71,382.3,362.0,2637,,,,,,,,,,,,,0.424,0.39,0.397,0.818,9.1,0.046,0.155,0.071,9.1,0.487,0.46,0.138,0.018,0.136,,,,,,,,,,,,,,,,,,,1611661320,Noelle Quinn,Noelle Quinn,201049,LAS,40844.0,33,681,-45.0,1278,1275,226,231,131,2553,11.0,20.0,4.0,4.0,1.0,1.0,11.0,36.0,50.0,41.0,106.0,18.0,169.0,1352,9.0,12.0,,21.0,6.0,18.0,8.0,35.0,42.0,40.0,4.0,2.0,37.0,28.0,65.0,22.0,6.0,19.0,11.0,7.0,158.0,4.0,7.0,,13.0,33,2.0,48,11.0,59,2.0,21.0,14.0,7.0,19.0,4.0,14.0,5.0,,5.0,,24.0,1.0,3.0,14.0,26.0,1.0,,,21.0,2.0,2.0,0.0,8.0,3.0,2.0,,2.0,2.0,1.0,148.0,35.0,218,1.0,3.0,,,,,1.0,,,102.26917057902972,106.03921568627452,0.5121951219512195,0.5384615384615384,0.3867924528301887,0.75,0.3333333333333333,0.4603658536585366,0.65625,0.4821428571428571,0.4828571428571429,0.65625,0.546875,0.0188679245283018,,0.0277777777777777,13.867595818815332,0.7916666666666666,0.0588235294117647,,0.075,0.0166270783847981,0.0698924731182795,0.0264900662251655,0.0734824281150159,0.0192307692307692,0.0186915887850467,0.0159574468085106,0.0158730158730158,0.0277777777777777,0.0232558139534883,0.05,0.0789473684210526,0.1,0.0718954248366013,0.0606060606060606,0.0212765957446808,0.5,0.1219512195121951,0.55,0.55,0.5454545454545454,0.2195121951219512,0.3055555555555556,0.3142857142857143,0.5454545454545454,0.3048780487804878,0.25,1.0,,0.0357142857142857,1.0,0.4756097560975609,0.4447837423312883,0.4520576923076923,0.3893129629629629,0.0465116279069767,0.0701754385964912,0.1242603550295858,0.2071005917159763,11.393396226415096,0.2222222222222222,0.12,0.1768388106416275,19.0,18.0,17.0,40.0,7.0,10.0,66.0,39.0,17.0,,,,,0.9565217391304348,0.396551724137931,0.4035087719298245,0.3536585365853658,0.38,0.3877551020408163,0.4736842105263157,0.1097560975609756,0.2439024390243902,0.425,0.425,0.9411764705882352,0.25,0.4358974358974359,22.70689655172414,0.3333333333333333,0.34375,6.0,2.0,3.0,4.0,3.0,4.0,5.0,3.0,,,,0.5,,,0.3333333333333333,0.3333333333333333,1.0,0.25,0.1071428571428571,0.6666666666666666,0.4285714285714285,,,0.02,,1.0,1.0,,0.25,0.25,,,1.0,,,,,,0.0,,,,24.0,0.46174863387978143,-0.010743275505331829
201489,Olayinka Sanni,8,14,2011,162,PHO,1611661317,26.0,74.0,200.0,West Virginia,USA,2008,2,18,72.78333333333333,10,15,0,0,2,6,4,6,10,0,13,3,1,1,23,5,22,-56,0,0,0.7,104.86,114.7,114.7,-38.8,116.3,75.9,87.38,0.0,75.9,102.35,-38.8,-37.7,104.86,78.6,1.1,0.0,33.0,40.0,2820,,,,,,,,,,,,,0.571,0.667,0.0,0.333,41.9,0.072,0.0,0.087,42.4,0.624,0.667,0.181,0.058,0.171,,,,,,,,,,,,,,,,,,,1611661317,Olayinka Sanni,Olayinka Sanni,201489,PHO,4367.0,14,73,-56.0,156,150,78,76,17,306,7.0,8.0,3.0,3.0,5.0,6.0,3.0,7.0,,10.0,15.0,2.0,22.0,179,3.0,4.0,,6.0,7.0,9.0,2.0,16.0,16.0,4.0,4.0,1.0,,,,,,,,,,1.0,3.0,,1.0,5,,6,4.0,10,0.0,3.0,3.0,,3.0,,3.0,10.0,2.0,,1.0,13.0,1.0,6.0,10.0,23.0,,2.0,6.0,5.0,,,0.0,2.0,1.0,1.0,1.0,,1.0,,16.0,16.0,78,4.0,1.0,,,2.0,,,,,78.84615384615384,119.33333333333331,0.8,1.0,0.6666666666666666,0.75,0.7777777777777778,0.6666666666666666,0.75,0.7777777777777778,0.6111111111111112,0.75,0.6666666666666666,0.0666666666666666,0.125,,17.816091954022987,0.2307692307692307,,,0.1219512195121951,0.0681818181818181,0.05,0.0555555555555555,0.0983606557377049,0.064516129032258,0.0833333333333333,,0.1111111111111111,0.0666666666666666,,,0.1052631578947368,0.25,0.0625,,,,0.5333333333333333,0.875,1.0,0.7142857142857143,0.4666666666666667,0.4285714285714285,0.4285714285714285,1.0,,0.75,1.0,0.3333333333333333,0.6666666666666666,0.8333333333333334,0.5333333333333333,0.5029733333333334,0.55825,0.5326111111111111,0.1176470588235294,0.1176470588235294,0.2727272727272727,0.7272727272727273,4.046666666666667,1.0,,0.5,,,,,,,,,,,,,1.0,,,,,,,,,,,,,,,,,,,,,,,,,,,,,,,,,,,,,,,,,,,,,,,,,,,,,,,,0.0,,,,3.0,0.39285714285714285,-0.07963476652797041
100634,Penny Taylor,17,29,2011,1798,PHO,1611661317,31.0,73.0,165.0,None,USA,2001,1,11,863.6083333333333,164,321,45,112,111,127,28,113,141,135,65,49,11,13,67,112,484,152,2,0,5.7,99.93,100.2,100.2,8.5,99.6,108.7,83.28,23.5,108.7,100.42,8.5,8.7,99.93,108.3,11.1,2.08,970.7,925.0,2820,,,,,,,,,,,,,0.586,0.511,0.402,0.874,11.3,0.081,0.25,0.119,11.3,0.642,0.581,0.221,0.035,0.215,,,,,,,,,,,,,,,,,,,1611661317,Penny Taylor,Penny Taylor,100634,PHO,51815.0,29,864,152.0,1755,1756,458,383,207,3511,88.0,119.0,6.0,7.0,18.0,27.0,24.0,73.0,17.0,119.0,209.0,111.0,484.0,1802,11.0,14.0,18.0,49.0,26.0,54.0,40.0,125.0,122.0,116.0,10.0,13.0,104.0,31.0,135.0,20.0,11.0,75.0,21.0,8.0,301.0,8.0,19.0,1.0,41.0,69,3.0,113,28.0,141,2.0,49.0,40.0,9.0,29.0,17.0,20.0,36.0,2.0,9.0,4.0,65.0,7.0,15.0,31.0,67.0,1.0,1.0,7.0,112.0,4.0,5.0,15.0,55.0,15.0,10.0,4.0,6.0,11.0,3.0,435.0,120.0,452,5.0,13.0,41.0,,20.0,,18.0,3.0,3.0,111.33903133903134,102.61958997722095,0.5126050420168067,0.5350877192982456,0.569377990430622,0.7857142857142857,0.4814814814814814,0.5809968847352025,0.5961538461538461,0.5,0.6409574468085106,0.6857142857142857,0.5794392523364486,0.062200956937799,0.0588235294117647,0.0821917808219178,22.033049574361545,0.4461538461538462,0.0517241379310344,0.0256410256410256,0.1086614173228346,0.0376984126984126,0.1752136752136752,0.0344827586206896,0.1265822784810126,0.0366847826086956,0.0758620689655172,0.0180995475113122,0.0289855072463768,0.0326086956521739,0.0416666666666666,0.1065088757396449,0.0945454545454545,0.1308900523560209,0.1453488372093023,0.2580645161290322,0.0142857142857142,0.2727272727272727,0.3707165109034268,0.7394957983193278,0.7857142857142857,0.5909090909090909,0.2274143302180685,0.3287671232876712,0.3582089552238806,0.2916666666666667,0.0529595015576324,0.2692307692307692,0.8571428571428571,0.1666666666666666,0.3176470588235294,0.6666666666666666,0.719626168224299,0.5147384735202493,0.502321052631579,0.4935223529411764,0.1523545706371191,0.2208835341365461,0.1012396694214876,0.2582644628099173,5.627272727272727,0.4193548387096774,0.2765957446808511,0.2609686609686609,7.0,36.0,26.0,76.0,23.0,31.0,111.0,76.0,26.0,,1.0,1.0,2.0,0.8222222222222222,0.4017857142857143,0.4017857142857143,0.3489096573208722,0.4117647058823529,0.4117647058823529,0.2857142857142857,0.1121495327102803,0.2367601246105919,0.3421052631578947,0.3421052631578947,0.7307692307692307,0.2705882352941176,0.3421052631578947,22.24375,0.1111111111111111,0.1212121212121212,19.0,4.0,8.0,6.0,7.0,12.0,11.0,24.0,,2.0,,0.3548387096774194,,,0.5277777777777778,0.5277777777777778,0.9473684210526316,0.2307692307692307,0.0941176470588235,0.5,0.3043478260869565,,6.0,,0.2307692307692307,2.0,3.0,2.0,0.25,0.3333333333333333,1.0,1.0,,,,0.1666666666666666,1.0,,0.0,3.0,,,59.0,0.5761904761904761,0.10369856680536288
100888,Plenette Pierson,19,33,2011,1833,NYL,1611661313,30.0,74.0,178.0,Texas Tech,USA,2003,1,4,945.1466666666666,173,362,2,10,79,98,62,110,172,45,62,38,30,27,89,118,427,65,2,0,5.2,93.5,96.3,96.3,4.4,95.5,100.7,77.91,8.8,100.7,94.22,4.4,4.4,93.5,99.9,11.0,0.73,842.9,782.0,2624,,,,,,,,,,,,,0.576,0.478,0.2,0.806,12.1,0.095,0.084,0.127,12.1,0.527,0.481,0.223,0.066,0.219,,,,,,,,,,,,,,,,,,,1611661313,Plenette Pierson,Plenette Pierson,100888,NYL,56709.0,33,945,65.0,1794,1792,294,342,251,3586,104.0,171.0,19.0,32.0,17.0,25.0,33.0,96.0,85.0,171.0,352.0,79.0,427.0,1780,24.0,54.0,15.0,63.0,27.0,50.0,22.0,79.0,236.0,106.0,22.0,27.0,37.0,8.0,45.0,6.0,2.0,22.0,7.0,8.0,98.0,18.0,44.0,,34.0,63,13.0,110,62.0,172,7.0,38.0,30.0,8.0,29.0,7.0,16.0,33.0,4.0,13.0,7.0,62.0,,9.0,29.0,89.0,1.0,9.0,10.0,117.0,5.0,13.0,12.0,47.0,8.0,27.0,12.0,12.0,30.0,14.0,364.0,76.0,287,8.0,5.0,40.0,,30.0,1.0,48.0,13.0,,102.84280936454849,99.33035714285714,0.6900584795321637,0.7375,0.4857954545454545,0.4444444444444444,0.54,0.4806629834254143,0.4285714285714285,0.5377358490566038,0.5271604938271605,0.4772727272727273,0.5895522388059702,0.0767045454545454,0.087719298245614,0.09375,22.31800766283525,0.4677419354838709,0.2653061224489796,,0.1143375680580762,0.0681114551083591,0.1416666666666666,0.0772532188841201,0.1226295828065739,0.0705346985210466,0.0706521739130434,0.0708661417322834,0.0625,0.0701754385964912,0.0967741935483871,0.0828025477707006,0.128440366972477,0.125,0.1481481481481481,0.1282051282051282,0.0434782608695652,0.4666666666666667,0.4723756906077348,0.6081871345029239,0.6666666666666666,0.6826923076923077,0.2651933701657458,0.34375,0.3793103448275862,0.6060606060606061,0.2348066298342541,0.5714285714285714,0.59375,0.2631578947368421,0.4716981132075472,0.68,0.5,0.4669096685082873,0.4901459183673469,0.4642867924528301,0.1183879093198992,0.1214470284237726,0.1475409836065573,0.1850117096018735,7.33125,0.3432835820895522,0.2539682539682539,0.1638795986622073,34.0,,2.0,10.0,3.0,3.0,6.0,10.0,2.0,,3.0,1.0,,1.0,0.2,0.2,0.0276243093922651,0.4,0.4146341463414634,0.7941176470588235,,0.0276243093922651,0.2,0.2,1.0,0.0566037735849056,0.2,22.47,0.3333333333333333,0.4285714285714285,,,,2.0,1.0,2.0,1.0,,,,3.0,0.3333333333333333,,,,,,0.0357142857142857,,,0.3333333333333333,2.0,,0.0352941176470588,,,,9.0,,,,,,,,,,,0.0,,,,74.0,0.48085585585585583,0.008363946470742567
202654,Porsha Phillips,18,31,2011,537,SAN,1611661319,24.0,74.0,173.0,Georgia,USA,2011,3,30,257.59833333333336,23,59,0,0,9,19,18,40,58,9,9,5,12,9,32,17,55,-74,0,0,0.7,99.5,105.6,105.6,-15.0,105.5,90.7,82.92,10.5,90.7,98.47,-15.0,-12.7,99.5,92.8,1.9,1.0,180.1,156.0,2674,,,,,,,,,,,,,0.581,0.39,0.0,0.474,10.5,0.11,0.057,0.167,10.5,0.408,0.39,0.131,0.063,0.125,,,,,,,,,,,,,,,,,,,1611661319,Porsha Phillips,Porsha Phillips,202654,SAN,15451.0,31,258,-74.0,511,513,144,158,69,1024,14.0,24.0,7.0,8.0,3.0,4.0,8.0,28.0,7.0,23.0,59.0,9.0,55.0,561,7.0,11.0,3.0,17.0,4.0,10.0,2.0,10.0,22.0,24.0,8.0,9.0,6.0,3.0,9.0,2.0,1.0,4.0,1.0,1.0,21.0,6.0,11.0,1.0,6.0,31,3.0,40,18.0,58,1.0,5.0,5.0,,5.0,,4.0,4.0,1.0,1.0,,9.0,1.0,3.0,22.0,32.0,,2.0,2.0,17.0,5.0,1.0,1.0,7.0,3.0,12.0,8.0,4.0,12.0,5.0,38.0,10.0,143,2.0,3.0,4.0,,,,,,,95.30332681017612,109.35672514619884,0.4782608695652174,0.5789473684210527,0.3898305084745763,0.6363636363636364,0.4,0.3898305084745763,0.6363636363636364,0.4,0.4044117647058823,0.6071428571428571,0.3846153846153846,0.1525423728813559,0.2916666666666667,0.0714285714285714,13.095238095238097,0.5555555555555556,0.2307692307692307,0.0625,0.1791907514450867,0.0597826086956521,0.1363636363636363,0.0759493670886076,0.1705069124423963,0.0646387832699619,0.0980392156862745,0.0405405405405405,0.0508474576271186,0.0666666666666666,0.088235294117647,0.1020408163265306,0.2027027027027027,0.22,0.1351351351351351,0.1428571428571428,0.0384615384615384,0.4166666666666667,0.4067796610169492,0.5833333333333334,0.8235294117647058,0.4285714285714285,0.4745762711864407,0.2857142857142857,0.3076923076923077,0.5,0.1186440677966101,0.7272727272727273,0.875,,0.4,0.75,0.4067796610169492,0.4461016949152542,0.53338,0.43493,0.1076923076923077,0.1076923076923077,0.3090909090909091,0.1818181818181818,7.089830508474576,0.4444444444444444,0.35,0.2818003913894324,1.0,,,,,,,,,1.0,,,1.0,,,,,0.1428571428571428,0.1428571428571428,1.0,,,,,,,,,,,,,,,,,,,,,,,,,,,,,,,,,,,,,,,,,,,,,,,,,0.0,,,,11.0,0.3819444444444444,-0.09054746494066884
201895,Quanitra Hollingsworth,17,31,2011,1025,NYL,1611661313,23.0,77.0,203.0,Virginia Commonwealth,USA,2009,1,9,524.355,54,103,0,0,36,53,54,83,137,10,44,16,10,9,79,58,144,48,0,0,1.7,94.01,91.1,91.1,5.0,88.2,96.1,78.34,5.5,96.1,95.96,5.0,7.0,94.01,95.2,3.3,0.23,357.4,343.0,2624,,,,,,,,,,,,,0.548,0.524,0.0,0.679,24.3,0.129,0.031,0.153,24.4,0.57,0.524,0.145,0.104,0.142,,,,,,,,,,,,,,,,,,,1611661313,Quanitra Hollingsworth,Quanitra Hollingsworth,201895,NYL,31464.0,31,524,47.0,993,992,233,275,152,1985,43.0,69.0,16.0,25.0,9.0,14.0,11.0,32.0,2.0,54.0,103.0,36.0,144.0,937,16.0,31.0,8.0,40.0,10.0,20.0,15.0,35.0,68.0,40.0,32.0,9.0,9.0,1.0,10.0,1.0,,5.0,3.0,1.0,21.0,10.0,42.0,2.0,34.0,43,6.0,83,54.0,137,4.0,16.0,15.0,1.0,20.0,3.0,7.0,24.0,3.0,13.0,1.0,44.0,10.0,8.0,27.0,79.0,1.0,7.0,13.0,57.0,4.0,5.0,5.0,25.0,4.0,10.0,5.0,4.0,10.0,3.0,104.0,35.0,231,10.0,3.0,29.0,4.0,27.0,7.0,28.0,11.0,,99.09365558912388,94.45564516129032,0.6296296296296297,0.8947368421052632,0.5242718446601942,0.5161290322580645,0.5,0.5242718446601942,0.5161290322580645,0.5,0.5669291338582677,0.5405405405405406,0.5645161290322581,0.087378640776699,0.1014492753623188,0.0625,14.64041095890411,0.4545454545454545,0.3157894736842105,0.0588235294117647,0.1339563862928348,0.1210374639769452,0.1931818181818181,0.08130081300813,0.1549295774647887,0.1106382978723404,0.2083333333333333,0.0923076923076923,0.0826446280991735,0.1058823529411764,0.0263157894736842,0.1195652173913043,0.134453781512605,0.1454545454545454,0.1891891891891892,0.2,0.1,0.3,0.6699029126213593,0.6231884057971014,0.6935483870967742,0.6046511627906976,0.3106796116504854,0.34375,0.3666666666666666,0.7272727272727273,0.0194174757281553,0.8064516129032258,0.64,,0.7,0.6428571428571429,0.6699029126213593,0.4928737864077669,0.519908,0.499175,0.2032520325203252,0.2032520325203252,0.2777777777777778,0.2430555555555555,4.432038834951456,0.5769230769230769,0.1428571428571428,0.2346424974823766,,,,,,,,,,,,,1.0,,,,,,,,,,,,,,,,0.5,,,,,,,,,,,,1.0,,,,,,,,,,,,,,,,,4.0,,,,,,,,,,,0.0,,,,28.0,0.45,-0.02249190938511325
100944,Rebekkah Brunson,27,34,2011,1821,MIN,1611661324,30.0,74.0,184.0,Georgetown,USA,2004,1,10,938.365,137,268,0,0,74,111,96,205,301,40,51,28,18,23,72,99,348,234,8,0,4.0,93.3,94.0,94.0,13.2,93.4,107.2,77.75,9.7,107.2,93.99,13.2,13.0,93.3,106.4,7.9,0.78,856.2,781.0,2626,,,,,,,,,,,,,0.794,0.511,0.0,0.667,12.3,0.165,0.064,0.221,12.5,0.549,0.511,0.176,0.106,0.175,,,,,,,,,,,,,,,,,,,1611661324,Rebekkah Brunson,Rebekkah Brunson,100944,MIN,56308.0,34,938,234.0,1783,1783,348,346,261,3566,82.0,132.0,28.0,48.0,15.0,19.0,36.0,91.0,45.0,137.0,268.0,74.0,348.0,1718,34.0,62.0,14.0,82.0,21.0,36.0,24.0,66.0,176.0,98.0,40.0,23.0,29.0,11.0,40.0,11.0,,15.0,6.0,8.0,91.0,21.0,71.0,4.0,58.0,129,18.0,205,96.0,301,9.0,28.0,25.0,3.0,21.0,7.0,12.0,30.0,3.0,9.0,6.0,51.0,8.0,4.0,34.0,72.0,4.0,6.0,6.0,98.0,14.0,1.0,3.0,45.0,12.0,18.0,11.0,5.0,18.0,10.0,266.0,66.0,339,2.0,14.0,22.0,,30.0,1.0,20.0,4.0,,109.47840717891197,96.35445877734156,0.6423357664233577,0.7521367521367521,0.5111940298507462,0.5483870967741935,0.5833333333333334,0.5111940298507462,0.5483870967741935,0.5833333333333334,0.5403726708074534,0.5774647887323944,0.6111111111111112,0.085820895522388,0.0833333333333333,0.1318681318681318,17.795801526717558,0.4117647058823529,0.4090909090909091,0.0701754385964912,0.2139303482587064,0.1104199066874028,0.2239382239382239,0.1135135135135135,0.216937354988399,0.1111111111111111,0.0888888888888888,0.1428571428571428,0.091743119266055,0.1232876712328767,0.0769230769230769,0.1813471502590673,0.2511415525114155,0.2041884816753926,0.2256410256410256,0.21875,0.0849056603773584,0.5555555555555556,0.4925373134328358,0.6212121212121212,0.6776859504132231,0.5853658536585366,0.3395522388059701,0.3956043956043956,0.4556962025316455,0.6111111111111112,0.167910447761194,0.7741935483870968,0.5833333333333334,0.2142857142857142,0.5277777777777778,0.7894736842105263,0.4925373134328358,0.4730917910447761,0.5515836363636364,0.4279833333333334,0.1451612903225806,0.1451612903225806,0.2356321839080459,0.1896551724137931,6.606343283582089,0.42,0.3333333333333333,0.195176668536175,19.0,,,,,,,,,1.0,,,2.0,,,,,0.4222222222222222,0.4222222222222222,0.9473684210526316,,,,,,,,,0.25,,,,,,,,,,,,2.0,,,,,,,,,,,,,,,,,,,,,,,,,,,,0.0,,,,39.0,0.4943181818181818,0.02182627243306856
201904,Renee Montgomery,21,34,2011,1972,CON,1611661323,25.0,67.0,143.0,Connecticut,USA,2009,1,4,991.075,154,385,61,159,126,152,12,61,73,167,89,49,3,15,46,150,495,154,1,0,4.5,95.53,95.8,95.8,7.9,95.6,103.7,79.61,23.5,103.7,96.41,7.9,6.4,95.53,102.0,11.3,1.88,900.1,900.0,2727,,,,,,,,,,,,,0.618,0.4,0.384,0.829,12.5,0.036,0.275,0.06,12.6,0.548,0.479,0.24,0.012,0.237,,,,,,,,,,,,,,,,,,,1611661323,Renee Montgomery,Renee Montgomery,201904,CON,59468.0,34,991,154.0,1942,1926,328,276,258,3868,50.0,98.0,5.0,8.0,9.0,16.0,29.0,78.0,50.0,93.0,226.0,126.0,495.0,1890,12.0,19.0,6.0,39.0,15.0,37.0,45.0,99.0,48.0,138.0,2.0,12.0,130.0,37.0,167.0,23.0,14.0,61.0,37.0,32.0,371.0,1.0,10.0,1.0,18.0,42,1.0,61,12.0,73,6.0,49.0,34.0,15.0,58.0,15.0,36.0,31.0,6.0,22.0,1.0,89.0,8.0,14.0,10.0,46.0,2.0,3.0,4.0,150.0,5.0,18.0,10.0,61.0,19.0,3.0,1.0,1.0,3.0,2.0,456.0,94.0,317,5.0,13.0,12.0,,11.0,,1.0,,,105.25231719876416,98.13084112149532,0.2580645161290322,0.2608695652173913,0.411504424778761,0.631578947368421,0.4054054054054054,0.4792207792207792,0.5,0.4153846153846154,0.5427631578947368,0.5416666666666666,0.5439560439560439,0.0530973451327433,0.0510204081632653,0.0641025641025641,24.08888888888889,0.651685393258427,0.0188679245283018,0.024390243902439,0.0614035087719298,0.0137741046831955,0.0708661417322834,0.0043103448275862,0.0639658848614072,0.011482254697286,0.0096153846153846,0.023489932885906,0.0045454545454545,0.0056497175141242,,0.0418410041841004,0.0473933649289099,0.094017094017094,0.0614525139664804,0.0933333333333333,0.0284360189573459,0.6666666666666666,0.2545454545454545,0.5102040816326531,0.5376344086021505,0.28,0.2025974025974026,0.3717948717948718,0.3972602739726027,0.2413793103448276,0.1298701298701298,0.2424242424242424,0.625,0.4,0.2461538461538461,0.5625,0.6675324675324675,0.4953298177083333,0.4970216666666667,0.47809609375,0.1418764302059496,0.2202166064981949,0.0787878787878787,0.2,7.1889380530973455,0.3541666666666667,0.3125,0.1688980432543769,14.0,21.0,51.0,138.0,26.0,28.0,135.0,136.0,50.0,3.0,,,1.0,0.7377049180327869,0.3836477987421384,0.379746835443038,0.412987012987013,0.28,0.2916666666666667,0.2142857142857142,0.0545454545454545,0.3584415584415584,0.3695652173913043,0.3777777777777777,0.6862745098039216,0.4,0.3676470588235294,22.77987421383648,0.2777777777777778,0.3723404255319149,10.0,,2.0,9.0,8.0,14.0,8.0,48.0,3.0,,1.0,0.2857142857142857,0.0188679245283018,0.0217391304347826,0.4761904761904761,0.4761904761904761,1.0,0.2727272727272727,0.0307692307692307,,0.3076923076923077,,5.0,0.04,0.1515151515151515,2.0,3.0,1.0,0.2142857142857142,0.2222222222222222,1.0,1.0,,1.0,,0.2,1.0,0.00625,0.0,,,,70.0,0.49204771371769385,0.019555804332580584
101033,Roneeka Hodges,13,28,2011,538,SAN,1611661319,29.0,71.0,165.0,Florida State,USA,2004,2,25,273.4,36,89,32,80,5,5,3,32,35,14,4,5,2,1,10,5,109,-9,0,0,1.3,94.37,95.9,95.9,-1.9,96.8,94.1,78.64,12.8,94.1,93.87,-1.9,-2.5,94.37,94.2,3.2,3.5,189.0,204.0,2674,,,,,,,,,,,,,0.464,0.404,0.4,1.0,3.7,0.061,0.092,0.116,3.7,0.598,0.584,0.16,0.01,0.155,,,,,,,,,,,,,,,,,,,1611661319,Roneeka Hodges,Roneeka Hodges,101033,SAN,16403.0,28,273,-9.0,520,519,121,123,62,1039,4.0,4.0,,,,,,1.0,4.0,4.0,9.0,5.0,109.0,515,,1.0,,9.0,,2.0,2.0,20.0,8.0,,,,10.0,4.0,14.0,3.0,1.0,4.0,2.0,4.0,32.0,1.0,2.0,,11.0,19,2.0,32,3.0,35,0.0,5.0,3.0,2.0,3.0,,3.0,1.0,,,,4.0,,1.0,3.0,10.0,,1.0,,5.0,1.0,,1.0,2.0,1.0,2.0,1.0,1.0,2.0,,100.0,20.0,121,2.0,1.0,,,,,,,,97.3076923076923,99.22928709055876,1.0,1.0,0.4444444444444444,,,0.5842696629213483,0.5625,0.5,0.5989010989010989,0.5625,0.5263157894736842,,,,15.966386554621849,0.75,0.2,,0.101063829787234,0.0121212121212121,0.1486486486486486,0.0099009900990099,0.1145038167938931,0.0112781954887218,,0.0144927536231884,0.0185185185185185,,0.0217391304347826,0.0943396226415094,0.0476190476190476,0.196078431372549,0.171875,,,,0.0449438202247191,1.0,1.0,1.0,0.0112359550561797,,,,0.0449438202247191,,,,,,0.9438202247191012,0.5596932584269663,0.5426,0.524975,0.0222222222222222,0.2,0.0825688073394495,0.1834862385321101,9.711111111111112,,,0.2326923076923077,,56.0,8.0,24.0,5.0,16.0,90.0,24.0,8.0,1.0,,,,0.9375,0.4,0.4,0.898876404494382,,,,0.6292134831460674,0.2696629213483146,0.3333333333333333,0.3333333333333333,0.875,0.2777777777777778,0.3333333333333333,22.035,0.5,0.2765957446808511,24.0,5.0,11.0,5.0,1.0,7.0,6.0,6.0,1.0,,,0.375,0.0125,,0.4285714285714285,0.4363636363636363,0.9583333333333334,0.625,0.6111111111111112,0.4545454545454545,0.2,,2.0,,0.25,2.0,3.0,,0.4285714285714285,0.4,0.5,1.0,,,0.0178571428571428,0.5,,,0.0,,,,5.0,0.592391304347826,0.11989939496271279
100656,Ruth Riley,18,34,2011,1274,SAN,1611661319,32.0,77.0,198.0,Notre Dame,USA,2001,1,5,644.5233333333333,81,167,8,14,20,26,27,103,130,42,29,12,30,6,88,25,190,0,0,0,2.4,94.69,94.7,94.7,-0.4,94.8,94.3,78.91,16.8,94.3,94.52,-0.4,-0.1,94.69,94.7,4.9,1.45,506.0,454.0,2674,,,,,,,,,,,,,0.529,0.485,0.571,0.769,11.6,0.106,0.113,0.167,11.6,0.532,0.509,0.152,0.044,0.148,,,,,,,,,,,,,,,,,,,1611661319,Ruth Riley,Ruth Riley,100656,SAN,38669.0,34,644,,1227,1228,205,179,109,2455,16.0,22.0,5.0,6.0,3.0,3.0,28.0,64.0,67.0,73.0,153.0,20.0,190.0,1202,11.0,22.0,11.0,36.0,9.0,23.0,3.0,21.0,122.0,24.0,8.0,6.0,30.0,12.0,42.0,10.0,2.0,13.0,8.0,9.0,96.0,8.0,18.0,1.0,25.0,69,9.0,103,27.0,130,3.0,12.0,11.0,1.0,15.0,4.0,10.0,14.0,,5.0,5.0,29.0,2.0,2.0,56.0,88.0,,2.0,5.0,25.0,3.0,,2.0,12.0,2.0,30.0,15.0,14.0,30.0,19.0,154.0,21.0,202,5.0,1.0,30.0,1.0,22.0,7.0,32.0,,2.0,97.96251018744908,97.8827361563518,0.8356164383561644,0.8840579710144928,0.477124183006536,0.5,0.391304347826087,0.5089820359281437,0.5434782608695652,0.391304347826087,0.5307262569832403,0.6206896551724138,0.42,0.0392156862745098,0.0454545454545454,0.0625,15.350553505535055,0.5172413793103449,0.4090909090909091,0.03125,0.1586206896551724,0.0452261306532663,0.1689189189189189,0.0484848484848484,0.1612349914236706,0.0461811722912966,0.0618556701030927,0.0357142857142857,0.0451127819548872,0.0526315789473684,0.0392156862745098,0.1484375,0.2102564102564102,0.0803571428571428,0.1875,0.1111111111111111,0.0375,0.6333333333333333,0.1317365269461078,0.7272727272727273,0.7619047619047619,0.625,0.3832335329341317,0.4375,0.4666666666666667,0.7857142857142857,0.4011976047904191,0.2608695652173913,0.8333333333333334,,0.1304347826086956,1.0,0.2155688622754491,0.4097218562874252,0.4448833333333333,0.3887695652173913,0.0677966101694915,0.0736196319018405,0.1894736842105263,0.1105263157894736,11.173856209150326,,0.25,0.1670741646291768,29.0,2.0,7.0,12.0,,,24.0,12.0,7.0,,,,3.0,1.0,0.5714285714285714,0.5714285714285714,0.0838323353293413,0.4328358208955223,0.4393939393939394,1.0,0.0119760479041916,0.0718562874251497,0.5833333333333334,0.5833333333333334,1.0,,0.5833333333333334,22.135714285714283,0.2631578947368421,0.5,1.0,,,1.0,,1.0,,,,,1.0,,,,0.5,0.5,1.0,0.0434782608695652,,,,,,0.0149253731343283,,1.0,1.0,,1.0,1.0,1.0,,,,,,,,0.0,,,,31.0,0.48717948717948717,0.014687577794373907
101023,Sancho Lyttle,14,22,2011,1208,ATL,1611661330,28.0,76.0,175.0,Houston,USA,2005,1,5,577.32,90,201,2,7,39,55,41,97,138,47,44,52,12,11,46,51,221,79,3,0,4.1,100.44,95.6,95.6,6.5,94.7,102.2,83.7,14.8,102.2,101.93,6.5,5.5,100.44,100.2,9.1,1.07,605.1,536.0,2821,,,,,,,,,,,,,0.636,0.448,0.286,0.709,13.8,0.119,0.121,0.17,13.9,0.491,0.453,0.194,0.069,0.192,,,,,,,,,,,,,,,,,,,1611661330,Sancho Lyttle,Sancho Lyttle,101023,ATL,34641.0,22,577,79.0,1181,1181,257,181,172,2362,41.0,61.0,14.0,18.0,4.0,9.0,20.0,55.0,78.0,88.0,194.0,39.0,221.0,1155,17.0,33.0,13.0,47.0,11.0,32.0,21.0,46.0,144.0,32.0,18.0,11.0,42.0,5.0,47.0,5.0,,24.0,6.0,12.0,99.0,2.0,30.0,9.0,23.0,64,10.0,97,41.0,138,7.0,52.0,43.0,9.0,14.0,15.0,10.0,30.0,2.0,4.0,7.0,44.0,8.0,5.0,24.0,46.0,,4.0,3.0,51.0,5.0,1.0,3.0,18.0,11.0,12.0,8.0,4.0,12.0,7.0,174.0,46.0,254,3.0,10.0,9.0,,16.0,,9.0,,7.0,104.48772226926332,97.79847586790856,0.8181818181818182,0.9113924050632912,0.4536082474226804,0.5151515151515151,0.34375,0.4527363184079602,0.5151515151515151,0.3571428571428571,0.486784140969163,0.573170731707317,0.4693877551020408,0.056701030927835,0.0983606557377049,0.0727272727272727,19.59508315256688,0.3181818181818182,0.2631578947368421,0.1607142857142857,0.1632653061224489,0.0656455142231947,0.1755725190839694,0.03125,0.1663479923518164,0.0614203454894433,0.0748299319727891,0.0709677419354838,0.0516129032258064,0.0188679245283018,0.0909090909090909,0.1381578947368421,0.1707317073170731,0.188034188034188,0.2258064516129032,0.0526315789473684,0.0721649484536082,0.5833333333333334,0.3034825870646766,0.6721311475409836,0.7454545454545455,0.7073170731707317,0.2736318407960199,0.3636363636363636,0.392156862745098,0.85,0.3880597014925373,0.5454545454545454,0.7777777777777778,0.3571428571428571,0.2571428571428571,0.4444444444444444,0.3383084577114428,0.4447713930348259,0.5036896551724138,0.3982957142857143,0.0833333333333333,0.0861244019138756,0.2126696832579185,0.2081447963800905,10.04020618556701,0.45,0.3235294117647059,0.2176121930567315,27.0,,2.0,7.0,3.0,3.0,3.0,7.0,2.0,,,,,0.5,0.2857142857142857,0.2857142857142857,0.0348258706467661,0.3461538461538461,0.3506493506493506,0.9629629629629628,,0.0348258706467661,0.2857142857142857,0.2857142857142857,0.5,0.0857142857142857,0.2857142857142857,22.071428571428573,0.26,0.75,,,,,1.0,,1.0,3.0,,,,0.3333333333333333,,,,,,,,,0.3333333333333333,,,0.0128205128205128,,,,5.0,,,,,,,,,,,0.0,,,,65.0,0.43503937007874016,-0.0374525393063731
101021,Sandora Irvin,17,30,2011,504,ATL,1611661330,30.0,75.0,185.0,Texas Christian,USA,2005,1,3,248.34666666666664,20,59,0,5,14,20,32,44,76,14,16,6,15,5,48,12,54,-9,0,0,0.7,97.32,95.4,95.4,-2.0,96.5,93.5,81.1,14.1,93.5,97.51,-2.0,-4.5,97.32,92.0,2.0,0.88,213.2,186.0,2821,,,,,,,,,,,,,0.567,0.339,0.0,0.7,16.2,0.141,0.09,0.175,16.4,0.398,0.339,0.138,0.111,0.134,,,,,,,,,,,,,,,,,,,1611661330,Sandora Irvin,Sandora Irvin,101021,ATL,14899.0,30,248,-9.0,479,484,156,162,91,963,15.0,29.0,10.0,18.0,2.0,6.0,3.0,9.0,16.0,20.0,54.0,14.0,54.0,480,10.0,25.0,6.0,26.0,5.0,14.0,4.0,14.0,16.0,24.0,18.0,5.0,11.0,3.0,14.0,2.0,1.0,5.0,4.0,2.0,31.0,3.0,29.0,,6.0,34,4.0,44,32.0,76,3.0,6.0,3.0,3.0,8.0,4.0,6.0,8.0,,2.0,2.0,16.0,1.0,5.0,30.0,48.0,,3.0,1.0,12.0,2.0,,0.0,7.0,3.0,15.0,12.0,2.0,15.0,9.0,28.0,12.0,155,3.0,2.0,9.0,3.0,7.0,,15.0,,,98.32985386221294,99.17355371900828,0.4,0.7272727272727273,0.3703703703703703,0.4,0.3571428571428571,0.3389830508474576,0.3846153846153846,0.3125,0.391304347826087,0.4482758620689655,0.3333333333333333,0.0925925925925925,0.1379310344827586,0.1111111111111111,13.980263157894736,0.5,0.2352941176470588,,0.2073170731707317,0.1283185840707964,0.1132075471698113,0.0833333333333333,0.184331797235023,0.1221374045801526,0.1818181818181818,0.1232876712328767,0.0919540229885057,0.1034482758620689,,0.1864406779661017,0.2295081967213114,0.2045454545454545,0.1219512195121951,0.0833333333333333,0.09375,0.6,0.4915254237288136,0.5172413793103449,0.6,0.2666666666666666,0.1525423728813559,0.3333333333333333,0.375,0.6666666666666666,0.2711864406779661,0.6923076923076923,0.5555555555555556,0.1,0.375,0.3333333333333333,0.576271186440678,0.4975855932203389,0.558025,0.453709375,0.106060606060606,0.1147540983606557,0.4814814814814814,0.2592592592592592,7.118518518518518,0.6428571428571429,0.5,0.325678496868476,2.0,,,5.0,2.0,2.0,,5.0,,,,,,,,,0.0847457627118644,0.125,0.125,1.0,,0.0847457627118644,,,,0.125,,21.880000000000003,0.2307692307692307,0.25,,,,1.0,,1.0,,,,,1.0,,,,,,,0.0384615384615384,,,,,,,,,,,,,,,,,,,,,0.0,,,,15.0,0.35526315789473684,-0.11722875149037643
200684,Scholanda Dorrell,16,32,2011,1038,SAN,1611661319,29.0,71.0,162.0,Louisiana State,USA,2006,1,14,517.8016666666666,52,155,18,53,31,44,9,40,49,12,19,23,7,14,51,43,153,-19,0,0,1.6,96.59,93.2,93.2,-1.1,92.9,92.1,80.49,5.9,92.1,96.52,-1.1,-0.4,96.59,92.5,4.8,0.63,300.8,292.0,2674,,,,,,,,,,,,,0.5,0.335,0.34,0.705,9.3,0.048,0.04,0.079,9.3,0.439,0.394,0.174,0.018,0.167,,,,,,,,,,,,,,,,,,,1611661319,Scholanda Dorrell,Scholanda Dorrell,200684,SAN,31065.0,32,518,-19.0,1000,1011,176,250,94,2011,18.0,39.0,2.0,7.0,,2.0,7.0,37.0,26.0,34.0,102.0,31.0,153.0,975,4.0,13.0,4.0,12.0,4.0,15.0,10.0,27.0,38.0,30.0,,13.0,9.0,3.0,12.0,2.0,1.0,5.0,3.0,1.0,27.0,1.0,8.0,,9.0,27,4.0,40,9.0,49,1.0,23.0,17.0,6.0,13.0,2.0,9.0,6.0,1.0,4.0,,19.0,1.0,3.0,20.0,51.0,,4.0,3.0,43.0,1.0,8.0,7.0,22.0,2.0,6.0,5.0,,7.0,4.0,141.0,27.0,175,5.0,2.0,12.0,,11.0,,7.0,,,95.6,96.43916913946587,0.5588235294117647,0.5588235294117647,0.3333333333333333,0.3076923076923077,0.2666666666666666,0.3935483870967742,0.2352941176470588,0.3148148148148148,0.4421965317919075,0.3157894736842105,0.4090909090909091,0.1274509803921568,0.1025641025641025,0.2432432432432432,17.344173441734416,0.6842105263157895,0.1739130434782608,,0.0808383233532934,0.0230547550432276,0.0708661417322834,0.0079365079365079,0.0780911062906724,0.0190274841437632,,0.0318471337579617,0.0288461538461538,0.0120481927710843,,0.1176470588235294,0.0708661417322834,0.0571428571428571,0.0891089108910891,,0.0114942528735632,0.5714285714285714,0.2516129032258064,0.4615384615384615,0.5142857142857142,0.6111111111111112,0.2387096774193548,0.1891891891891892,0.25,0.4285714285714285,0.1677419354838709,0.4117647058823529,0.2857142857142857,0.5,0.074074074074074,,0.5935483870967742,0.479458064516129,0.481915625,0.4417,0.1345029239766081,0.188034188034188,0.0784313725490196,0.1764705882352941,8.030392156862746,0.1904761904761904,0.3,0.176,9.0,30.0,5.0,23.0,7.0,12.0,54.0,23.0,5.0,,1.0,,,1.0,0.3396226415094339,0.3396226415094339,0.3419354838709677,0.3461538461538461,0.3461538461538461,0.5555555555555556,0.1935483870967742,0.1483870967741935,0.217391304347826,0.217391304347826,1.0,0.2592592592592592,0.217391304347826,21.854716981132075,0.125,0.2647058823529412,13.0,1.0,5.0,3.0,2.0,4.0,3.0,,1.0,,1.0,0.25,0.0188679245283018,,0.4333333333333333,0.4482758620689655,1.0,0.1764705882352941,0.1851851851851851,0.2,0.2857142857142857,1.0,1.0,,0.0588235294117647,,,2.0,,,,,,1.0,0.0333333333333333,,,0.0185185185185185,0.0,,,,37.0,0.4191780821917808,-0.05331382719333244
200671,Seimone Augustus,27,34,2011,1937,MIN,1611661324,28.0,72.0,164.0,Louisiana State,USA,2006,1,1,996.61,231,458,25,60,64,74,19,101,120,75,45,30,15,7,41,66,551,196,0,0,6.8,93.15,96.8,96.8,9.8,95.9,106.6,77.62,12.4,106.6,93.77,9.8,10.3,93.15,106.2,13.5,1.67,897.5,861.0,2626,,,,,,,,,,,,,0.794,0.504,0.417,0.865,7.4,0.062,0.13,0.105,7.4,0.562,0.532,0.243,0.019,0.236,,,,,,,,,,,,,,,,,,,1611661324,Seimone Augustus,Seimone Augustus,200671,MIN,59802.0,34,997,196.0,1900,1888,374,416,276,3788,48.0,61.0,7.0,9.0,4.0,5.0,67.0,135.0,202.0,206.0,398.0,64.0,551.0,1869,24.0,45.0,10.0,58.0,33.0,66.0,29.0,104.0,222.0,190.0,8.0,7.0,57.0,18.0,75.0,12.0,6.0,30.0,19.0,8.0,168.0,5.0,12.0,2.0,35.0,66,,101,19.0,120,2.0,30.0,21.0,9.0,29.0,9.0,22.0,16.0,4.0,7.0,1.0,45.0,4.0,7.0,29.0,41.0,,1.0,1.0,66.0,2.0,5.0,7.0,24.0,12.0,12.0,2.0,8.0,15.0,8.0,493.0,102.0,365,5.0,10.0,2.0,,,,,,,108.6842105263158,98.9936440677966,0.5388349514563107,0.5495049504950495,0.5175879396984925,0.5333333333333333,0.5,0.5316593886462883,0.48,0.4934210526315789,0.5604508196721312,0.5181818181818182,0.5597826086956522,0.0175879396984924,0.0163934426229508,0.0296296296296296,23.974763406940063,0.6444444444444445,,0.032258064516129,0.1061093247588424,0.0171919770773638,0.1296296296296296,0.025,0.1132286995515695,0.0189309576837416,0.0391061452513966,0.0190114068441064,,0.019108280254777,0.0465116279069767,0.1,0.1155555555555555,0.1015228426395939,0.1343283582089552,0.1159420289855072,0.0091743119266055,0.5333333333333333,0.1331877729257642,0.7868852459016393,0.8,0.5833333333333334,0.2947598253275109,0.4962962962962963,0.5114503816793893,0.4029850746268656,0.4410480349344978,0.18,0.7777777777777778,0.2857142857142857,0.0657894736842105,0.8,0.2641921397379912,0.426311135371179,0.4307646341463414,0.3977763157894737,0.0525210084033613,0.0578313253012048,0.1052631578947368,0.1887477313974591,11.98140703517588,0.4615384615384615,0.4411764705882353,0.1968421052631579,91.0,11.0,18.0,49.0,9.0,10.0,69.0,49.0,18.0,1.0,3.0,1.0,,0.92,0.4166666666666667,0.4166666666666667,0.131004366812227,0.4504950495049505,0.455,0.6153846153846154,0.0240174672489082,0.1069868995633187,0.3673469387755102,0.3673469387755102,0.8888888888888888,0.1184210526315789,0.3673469387755102,22.081666666666667,0.2702702702702703,0.303030303030303,7.0,,1.0,5.0,3.0,5.0,3.0,6.0,,6.0,2.0,0.3,,,0.6363636363636364,0.6363636363636364,1.0,0.1,0.0131578947368421,,0.3333333333333333,2.0,,0.0099009900990099,,,,,,,,,1.0,1.0,,,,0.0163934426229508,0.0,,,,43.0,0.5375609756097561,0.06506906622464287
201898,Shalee Lehning,8,18,2011,454,ATL,1611661330,25.0,69.0,140.0,Kansas State,USA,2009,2,25,218.02166666666668,13,27,4,9,8,13,4,20,24,41,27,8,2,2,23,18,38,-22,0,0,0.7,100.61,95.9,95.9,-3.6,95.9,92.3,83.84,40.6,92.3,101.64,-3.6,-5.5,100.61,90.4,1.5,1.52,131.3,127.0,2821,,,,,,,,,,,,,0.444,0.481,0.444,0.615,26.7,0.049,0.285,0.086,26.8,0.581,0.556,0.113,0.015,0.109,,,,,,,,,,,,,,,,,,,1611661330,Shalee Lehning,Shalee Lehning,201898,ATL,13081.0,18,218,-22.0,438,443,121,162,77,881,6.0,14.0,,1.0,1.0,5.0,2.0,3.0,1.0,9.0,18.0,8.0,38.0,441,1.0,2.0,,5.0,3.0,7.0,4.0,10.0,8.0,10.0,2.0,2.0,38.0,3.0,41.0,2.0,1.0,20.0,6.0,12.0,85.0,,4.0,,8.0,11,1.0,20,4.0,24,1.0,8.0,6.0,2.0,10.0,8.0,7.0,17.0,5.0,3.0,2.0,27.0,2.0,6.0,8.0,23.0,,2.0,1.0,18.0,,3.0,1.0,5.0,2.0,2.0,1.0,,2.0,1.0,33.0,10.0,121,5.0,2.0,4.0,,,,1.0,,,95.662100456621,99.54853273137698,0.4444444444444444,0.5,0.5,0.5,0.4285714285714285,0.5555555555555556,0.8333333333333334,0.3333333333333333,0.5757575757575758,0.8333333333333334,0.4166666666666667,0.1111111111111111,0.1428571428571428,,11.25703564727955,0.3703703703703703,0.0416666666666666,,0.0733333333333333,0.0213903743315508,0.1632653061224489,,0.0954773869346733,0.0178571428571428,0.0135135135135135,,0.0666666666666666,,,0.1363636363636363,0.0508474576271186,0.0425531914893617,0.1111111111111111,0.3076923076923077,0.1,0.5,0.5185185185185185,0.4285714285714285,0.5,0.6666666666666666,0.1111111111111111,0.6666666666666666,0.6666666666666666,,0.037037037037037,0.3333333333333333,,,0.5555555555555556,0.2,0.8518518518518519,0.5319230769230769,0.4991333333333334,0.4567,0.1612903225806451,0.2272727272727272,0.131578947368421,0.2631578947368421,3.938888888888889,0.375,,0.2762557077625571,1.0,1.0,3.0,8.0,2.0,2.0,12.0,7.0,3.0,,,,,1.0,0.4444444444444444,0.5,0.3333333333333333,1.0,1.0,,0.037037037037037,0.2962962962962963,0.375,0.375,1.0,0.2222222222222222,0.4285714285714285,25.444444444444443,,0.3333333333333333,1.0,,,1.0,,1.0,,,,,1.0,,,,1.0,1.0,1.0,0.3333333333333333,,,,,,,,1.0,1.0,1.0,1.0,1.0,1.0,,,,,,,,0.0,,,,13.0,0.36538461538461536,-0.1071072940004979
201497,Shannon Bobbitt,19,31,2011,853,IND,1611661325,26.0,62.0,130.0,Tennessee,USA,2008,2,15,439.19166666666666,41,115,17,44,23,30,12,29,41,54,37,30,0,9,33,21,122,-30,0,0,1.3,93.55,97.7,97.7,-2.8,98.8,94.8,77.96,24.5,94.8,92.69,-2.8,-3.2,93.55,95.5,3.7,1.46,305.2,294.0,2592,,,,,,,,,,,,,0.613,0.357,0.386,0.767,16.8,0.048,0.217,0.067,16.9,0.476,0.43,0.173,0.029,0.169,,,,,,,,,,,,,,,,,,,1611661325,Shannon Bobbitt,Shannon Bobbitt,201497,IND,26351.0,31,439,-30.0,824,824,214,244,111,1648,18.0,44.0,2.0,3.0,3.0,12.0,3.0,16.0,11.0,24.0,71.0,23.0,122.0,839,2.0,6.0,1.0,11.0,5.0,23.0,14.0,33.0,6.0,42.0,2.0,7.0,31.0,23.0,54.0,18.0,5.0,20.0,6.0,5.0,131.0,6.0,6.0,,5.0,22,2.0,29,12.0,41,2.0,30.0,15.0,15.0,22.0,4.0,16.0,15.0,1.0,6.0,4.0,37.0,4.0,8.0,10.0,33.0,,,3.0,21.0,2.0,2.0,0.0,8.0,7.0,,,,,,111.0,30.0,211,5.0,5.0,6.0,,7.0,,1.0,,,98.17961165048544,101.82038834951456,0.125,0.1304347826086956,0.3380281690140845,0.3333333333333333,0.217391304347826,0.4304347826086956,0.5555555555555556,0.2567567567567567,0.4692307692307692,0.55,0.351063829787234,0.0985915492957746,0.0909090909090909,0.1875,17.49209694415174,0.5945945945945946,0.0833333333333333,,0.0728476821192053,0.022140221402214,0.05,0.0560747663551401,0.0671641791044776,0.0317460317460317,,0.0297029702970297,0.046875,0.0759493670886076,,0.0459770114942528,0.0555555555555555,0.1121495327102803,0.0526315789473684,0.0416666666666666,0.0338983050847457,,0.3826086956521739,0.4090909090909091,0.45,0.1111111111111111,0.1391304347826087,0.1875,0.2307692307692307,,0.0956521739130434,0.3333333333333333,0.6666666666666666,0.5,0.3243243243243243,0.25,0.7652173913043478,0.5056615044247788,0.4609333333333333,0.4684652777777778,0.065040650406504,0.1012658227848101,0.0901639344262295,0.2704918032786885,5.6352112676056345,0.2,0.6363636363636364,0.2597087378640776,3.0,12.0,10.0,32.0,10.0,14.0,33.0,30.0,10.0,,,,1.0,0.6470588235294118,0.3863636363636363,0.4047619047619047,0.3826086956521739,0.2727272727272727,0.2727272727272727,0.3333333333333333,0.1043478260869565,0.2782608695652174,0.3125,0.3333333333333333,0.5,0.2702702702702703,0.3333333333333333,23.825,0.1428571428571428,0.2916666666666667,7.0,1.0,4.0,3.0,2.0,3.0,3.0,18.0,2.0,,,0.2142857142857142,0.0454545454545454,0.0625,0.5833333333333334,0.5833333333333334,0.8571428571428571,0.3333333333333333,0.1081081081081081,0.25,0.2,,,,,2.0,2.0,,0.6666666666666666,0.6666666666666666,1.0,,,,,,,,0.0,,,,32.0,0.40939597315436244,-0.06309593623075083
201919,Shavonte Zellous,20,33,2011,889,IND,1611661325,25.0,70.0,155.0,Pittsburgh,USA,2009,1,11,463.41,57,130,9,34,58,74,21,59,80,45,32,12,15,8,74,65,181,37,0,0,1.7,92.34,93.3,93.3,4.7,92.4,98.0,76.95,18.8,98.0,92.26,4.7,6.6,92.34,99.0,3.9,1.41,393.5,369.0,2592,,,,,,,,,,,,,0.606,0.438,0.265,0.784,13.3,0.088,0.177,0.118,13.4,0.557,0.473,0.201,0.051,0.193,,,,,,,,,,,,,,,,,,,1611661325,Shavonte Zellous,Shavonte Zellous,201919,IND,27801.0,33,463,37.0,862,869,248,271,104,1731,29.0,50.0,6.0,13.0,4.0,8.0,9.0,23.0,23.0,48.0,96.0,58.0,181.0,834,6.0,13.0,18.0,30.0,8.0,17.0,25.0,50.0,34.0,62.0,6.0,8.0,30.0,15.0,45.0,6.0,9.0,21.0,5.0,4.0,105.0,4.0,14.0,3.0,13.0,41,5.0,59,21.0,80,3.0,12.0,6.0,6.0,24.0,2.0,14.0,8.0,1.0,10.0,,32.0,2.0,8.0,40.0,74.0,,2.0,4.0,65.0,1.0,5.0,7.0,36.0,3.0,15.0,7.0,6.0,15.0,7.0,151.0,50.0,245,11.0,3.0,24.0,,9.0,,12.0,3.0,,101.04408352668214,95.97238204833144,0.3541666666666667,0.3777777777777777,0.5,0.4615384615384615,0.4705882352941176,0.473076923076923,0.4615384615384615,0.4807692307692308,0.5552147239263804,0.6521739130434783,0.6578947368421053,0.0833333333333333,0.06,0.1304347826086956,19.95905834186285,0.75,0.119047619047619,0.088235294117647,0.1209439528023598,0.053639846743295,0.1238095238095238,0.0404040404040404,0.1216216216216216,0.05,0.0458715596330275,0.0515463917525773,0.0727272727272727,0.0298507462686567,0.0625,0.1515151515151515,0.1140350877192982,0.1031746031746031,0.125,0.12,0.0491803278688524,0.4666666666666667,0.3846153846153846,0.58,0.6170212765957447,0.2758620689655172,0.1769230769230769,0.391304347826087,0.45,0.6666666666666666,0.1769230769230769,1.0,0.4615384615384615,0.3333333333333333,0.3076923076923077,0.5,0.6461538461538462,0.487555859375,0.5331400000000001,0.4736541666666666,0.23125,0.288,0.1657458563535911,0.2762430939226519,7.212499999999999,0.3809523809523809,0.2857142857142857,0.2877030162412993,10.0,14.0,6.0,20.0,7.0,9.0,27.0,19.0,6.0,,,,,1.0,0.2647058823529412,0.2727272727272727,0.2615384615384615,0.4347826086956521,0.4761904761904761,0.3,0.1076923076923077,0.1538461538461538,0.3,0.3,1.0,0.2692307692307692,0.3157894736842105,23.61176470588235,0.4166666666666667,0.1818181818181818,3.0,,2.0,,3.0,,3.0,,,,2.0,0.3333333333333333,,,0.2142857142857142,0.2142857142857142,1.0,,0.0769230769230769,,0.4285714285714285,,,0.0869565217391304,,,,1.0,,,,,,1.0,,,,0.0285714285714285,0.0,,,,25.0,0.5070028011204482,0.03451089173533489
201062,Shay Murphy,4,10,2011,413,CHI,1611661329,27.0,71.0,164.0,USC, ,Undrafted,Undrafted,Undrafted,205.11,31,84,10,25,26,28,26,22,48,11,19,13,4,8,29,22,98,13,0,0,3.1,96.07,86.0,86.0,2.1,86.1,88.1,80.05,8.7,88.1,96.7,2.1,0.9,96.07,86.9,8.4,0.58,204.1,201.0,2647,,,,,,,,,,,,,0.4,0.369,0.4,0.929,15.0,0.112,0.112,0.104,15.0,0.509,0.429,0.238,0.119,0.233,,,,,,,,,,,,,,,,,,,1611661329,Shay Murphy,Shay Murphy,201062,CHI,12307.0,10,205,13.0,396,394,101,116,69,790,19.0,43.0,3.0,12.0,6.0,15.0,1.0,5.0,11.0,21.0,59.0,26.0,98.0,351,5.0,16.0,6.0,22.0,6.0,17.0,13.0,25.0,22.0,20.0,8.0,8.0,6.0,5.0,11.0,4.0,1.0,4.0,1.0,1.0,27.0,3.0,23.0,,8.0,14,,22,26.0,48,2.0,13.0,11.0,2.0,7.0,1.0,3.0,12.0,1.0,4.0,2.0,19.0,4.0,2.0,6.0,29.0,6.0,4.0,1.0,22.0,3.0,2.0,2.0,12.0,3.0,3.0,1.0,1.0,4.0,4.0,76.0,25.0,100,7.0,3.0,4.0,,9.0,1.0,14.0,6.0,,91.91919191919192,89.08629441624366,0.5238095238095238,0.6470588235294118,0.3559322033898305,0.3125,0.3529411764705882,0.4285714285714285,0.3478260869565217,0.3,0.5051546391752577,0.4230769230769231,0.4807692307692308,0.135593220338983,0.1627906976744186,0.2,24.369747899159663,0.3684210526315789,,,0.1,0.1446540880503144,0.1632653061224489,0.088235294117647,0.1164021164021164,0.1347150259067357,0.1384615384615384,0.1764705882352941,0.1162790697674418,0.04,0.2222222222222222,0.0434782608695652,0.1136363636363636,0.14,0.1388888888888889,0.2307692307692307,0.0454545454545454,1.0,0.5119047619047619,0.4418604651162791,0.5277777777777778,0.5263157894736842,0.0595238095238095,0.2,0.25,,0.1309523809523809,0.5217391304347826,0.25,,0.75,0.4,0.8095238095238095,0.5265130952380952,0.5294880952380951,0.526385,0.1276595744680851,0.1739130434782608,0.2244897959183673,0.2551020408163265,5.340677966101695,0.3333333333333333,0.5,0.255050505050505,1.0,6.0,7.0,19.0,3.0,3.0,24.0,19.0,7.0,1.0,1.0,,,0.8,0.4,0.4,0.2976190476190476,0.0909090909090909,0.0909090909090909,1.0,0.0714285714285714,0.2261904761904762,0.3684210526315789,0.3684210526315789,0.7142857142857143,0.15,0.3684210526315789,22.0,,0.2857142857142857,3.0,,,7.0,,7.0,,6.0,,,1.0,,,,0.5,0.5,1.0,0.3043478260869565,,,,1.0,,,,2.0,2.0,,0.2857142857142857,0.2857142857142857,0.5,,,,,,,,0.0,,,,19.0,0.44144144144144143,-0.031050467943671833
100072,Sheryl Swoopes,3,33,2011,1690,TUL,1611661321,41.0,72.0,145.0,Texas Tech,USA,1997,,,879.3266666666667,101,254,29,91,40,46,21,115,136,76,45,25,9,8,47,52,271,-250,0,0,3.1,92.06,108.1,108.1,-15.2,107.0,92.8,76.72,19.2,92.8,93.17,-15.2,-15.4,92.06,91.6,7.7,1.69,605.2,580.0,2628,,,,,,,,,,,,,0.091,0.398,0.319,0.87,11.4,0.084,0.16,0.151,11.4,0.494,0.455,0.168,0.025,0.165,,,,,,,,,,,,,,,,,,,1611661321,Sheryl Swoopes,Sheryl Swoopes,100072,TUL,52759.0,33,879,-250.0,1657,1651,329,398,199,3308,27.0,36.0,4.0,6.0,5.0,6.0,26.0,79.0,48.0,72.0,163.0,40.0,271.0,1819,7.0,21.0,8.0,22.0,13.0,29.0,17.0,67.0,68.0,76.0,8.0,8.0,56.0,20.0,76.0,14.0,6.0,37.0,17.0,2.0,172.0,4.0,17.0,,25.0,84,6.0,115,21.0,136,3.0,25.0,25.0,,28.0,8.0,24.0,17.0,2.0,4.0,2.0,45.0,2.0,8.0,20.0,47.0,,1.0,4.0,52.0,3.0,2.0,4.0,19.0,6.0,8.0,2.0,5.0,9.0,6.0,249.0,67.0,329,8.0,7.0,6.0,,14.0,,3.0,,,94.68919734459868,110.175651120533,0.4722222222222222,0.5,0.4417177914110429,0.3333333333333333,0.4482758620689655,0.4547244094488189,0.25,0.5319148936170213,0.4927272727272727,0.3333333333333333,0.5982142857142857,0.0490797546012269,0.0277777777777777,0.0759493670886076,16.904384574749077,0.6222222222222222,0.1176470588235294,,0.1596958174904943,0.0310218978102189,0.1445086705202312,0.0173160173160173,0.155937052932761,0.0269576379974326,0.0253164556962025,0.030188679245283,0.04,0.0224719101123595,,0.1614906832298136,0.1538461538461538,0.1656050955414012,0.1515151515151515,0.1219512195121951,0.0215827338129496,0.6666666666666666,0.1417322834645669,0.75,0.7714285714285715,0.5185185185185185,0.3110236220472441,0.3291139240506329,0.3561643835616438,0.5384615384615384,0.1889763779527559,0.2142857142857142,0.6666666666666666,,0.1276595744680851,0.8333333333333334,0.5,0.4405377470355731,0.480411111111111,0.4280989361702128,0.070631970260223,0.1067415730337078,0.081180811808118,0.2472324723247232,10.133742331288344,0.4444444444444444,0.2075471698113207,0.1985515992757996,19.0,10.0,28.0,81.0,17.0,18.0,72.0,81.0,28.0,1.0,1.0,,,0.8275862068965517,0.3186813186813186,0.3186813186813186,0.358267716535433,0.3958333333333333,0.4042553191489361,0.3157894736842105,0.0393700787401574,0.3188976377952756,0.345679012345679,0.345679012345679,0.8214285714285714,0.3617021276595745,0.345679012345679,22.93736263736264,0.1428571428571428,0.3333333333333333,1.0,,1.0,6.0,8.0,7.0,8.0,15.0,,,1.0,0.4444444444444444,,,0.1,0.1,1.0,0.2142857142857142,0.0212765957446808,,0.4705882352941176,1.0,1.0,0.0208333333333333,0.0357142857142857,,,,,,,,,,,,,,0.0,,,,33.0,0.46245733788395904,-0.010034571501154221
101032,Shyra Ely-Gash,20,33,2011,700,IND,1611661325,28.0,74.0,182.0,Tennessee,USA,Undrafted,Undrafted,Undrafted,354.74333333333334,39,109,5,24,20,29,19,54,73,9,25,6,6,11,46,22,103,-30,0,0,1.2,94.99,91.5,91.5,-3.8,94.1,87.7,79.16,5.7,87.7,92.63,-3.8,-4.5,94.99,89.6,3.3,0.36,215.1,214.0,2592,,,,,,,,,,,,,0.606,0.358,0.208,0.69,15.9,0.102,0.051,0.144,16.1,0.423,0.381,0.191,0.056,0.184,,,,,,,,,,,,,,,,,,,1611661325,Shyra Ely-Gash,Shyra Ely-Gash,101032,IND,21282.0,33,355,-32.0,670,675,196,201,86,1345,25.0,46.0,4.0,7.0,6.0,8.0,7.0,28.0,11.0,34.0,85.0,20.0,103.0,644,6.0,16.0,3.0,15.0,6.0,16.0,7.0,25.0,32.0,36.0,2.0,10.0,5.0,4.0,9.0,2.0,2.0,1.0,3.0,1.0,22.0,5.0,11.0,3.0,17.0,33,4.0,54,19.0,73,2.0,6.0,5.0,1.0,14.0,5.0,8.0,11.0,,6.0,1.0,25.0,2.0,5.0,24.0,46.0,,5.0,4.0,22.0,3.0,2.0,1.0,11.0,4.0,5.0,2.0,3.0,6.0,5.0,88.0,25.0,192,7.0,4.0,1.0,,3.0,,6.0,1.0,,91.34328358208955,95.4074074074074,0.4705882352941176,0.4848484848484848,0.4,0.375,0.375,0.3807339449541284,0.3529411764705882,0.4090909090909091,0.4186991869918699,0.375,0.4310344827586206,0.1176470588235294,0.0652173913043478,0.2142857142857142,19.270833333333336,0.56,0.1538461538461538,0.1764705882352941,0.1336032388663967,0.0504587155963302,0.1847826086956521,0.053763440860215,0.1474926253687315,0.0514469453376205,0.0348837209302325,0.05,0.0769230769230769,0.0625,0.0344827586206896,0.0759493670886076,0.1411764705882353,0.180722891566265,0.1645569620253164,0.3076923076923077,0.0344827586206896,0.8333333333333334,0.4220183486238532,0.5434782608695652,0.5813953488372093,0.44,0.2568807339449541,0.25,0.3181818181818182,0.4285714285714285,0.1009174311926605,0.4117647058823529,0.5714285714285714,0.25,0.3636363636363636,0.75,0.6422018348623854,0.4967009174311926,0.4683727272727273,0.4787977272727273,0.0924369747899159,0.1157894736842105,0.145631067961165,0.2427184466019417,5.792941176470588,0.3333333333333333,0.238095238095238,0.2925373134328358,2.0,3.0,5.0,21.0,6.0,6.0,15.0,21.0,5.0,1.0,1.0,,,1.0,0.2083333333333333,0.2083333333333333,0.2201834862385321,0.1818181818181818,0.2,1.0,0.0275229357798165,0.1926605504587156,0.238095238095238,0.25,1.0,0.2727272727272727,0.238095238095238,22.445833333333336,0.25,0.3888888888888889,,,,1.0,2.0,1.0,2.0,,1.0,,,0.3333333333333333,0.0416666666666666,0.0476190476190476,,,,0.0588235294117647,,,0.3333333333333333,1.0,,0.0909090909090909,,,,1.0,,,,,,,,,,,0.0,,,,14.0,0.37318840579710144,-0.09930350358801182
201086,Sidney Spencer,14,24,2011,346,PHO,1611661317,27.0,75.0,183.0,Tennessee,USA,2007,2,25,178.40833333333333,22,50,7,16,4,4,4,14,18,11,2,0,0,4,14,3,55,-1,0,0,0.9,92.96,102.9,102.9,-0.6,105.1,102.3,77.46,16.9,102.3,90.42,-0.6,0.7,92.96,105.8,2.1,5.5,91.1,91.0,2820,,,,,,,,,,,,,0.583,0.44,0.438,1.0,3.1,0.054,0.097,0.084,3.1,0.531,0.51,0.142,0.024,0.135,,,,,,,,,,,,,,,,,,,1611661317,Sidney Spencer,Sidney Spencer,201086,PHO,10700.0,24,178,-1.0,330,328,112,94,44,658,1.0,1.0,,,,,1.0,7.0,26.0,15.0,34.0,4.0,55.0,355,3.0,6.0,,12.0,2.0,11.0,2.0,12.0,28.0,2.0,,3.0,5.0,6.0,11.0,5.0,1.0,,4.0,1.0,28.0,1.0,3.0,,4.0,10,,14,4.0,18,0.0,,,,2.0,,1.0,,,1.0,,2.0,1.0,,4.0,14.0,,2.0,,3.0,,,0.0,2.0,,,,,,,43.0,12.0,112,1.0,,,,,,,,,107.27272727272728,108.23170731707316,0.9333333333333332,0.9333333333333332,0.4411764705882353,0.5,0.1818181818181818,0.51,0.5454545454545454,0.3125,0.5288461538461539,0.5454545454545454,0.3529411764705882,0.088235294117647,,0.1428571428571428,14.136125654450264,1.0,,,0.1111111111111111,0.0277777777777777,0.0655737704918032,0.025,0.0927152317880794,0.027027027027027,,0.0416666666666666,0.027027027027027,0.032258064516129,,0.2068965517241379,0.088235294117647,0.037037037037037,0.0833333333333333,0.04,,,0.02,1.0,1.0,1.0,0.14,0.1428571428571428,0.1666666666666666,1.0,0.52,,,,,,0.34,0.4035269999999999,0.462235,0.364478125,0.0384615384615384,0.0555555555555555,0.2181818181818181,0.2181818181818181,15.929411764705884,,0.5,0.3393939393939394,13.0,3.0,5.0,13.0,5.0,5.0,21.0,13.0,5.0,,,,,1.0,0.4375,0.4375,0.32,0.5,0.5416666666666666,0.9230769230769232,0.06,0.26,0.3846153846153846,0.4166666666666667,1.0,0.3125,0.3846153846153846,22.1125,0.2307692307692307,0.25,2.0,,,3.0,2.0,5.0,2.0,,1.0,,,0.4,0.0625,0.0769230769230769,0.6666666666666666,0.6666666666666666,1.0,0.2727272727272727,,,0.4,,2.0,0.0769230769230769,0.1818181818181818,1.0,2.0,,0.4,0.3333333333333333,1.0,1.0,,,,0.5,1.0,,0.0,,,,0.0,0.5188679245283019,0.04637601514318862
200674,Sophia Young-Malcolm,18,33,2011,2033,SAN,1611661319,28.0,73.0,165.0,Baylor, ,2006,1,4,1043.0116666666668,171,399,0,6,93,157,48,164,212,76,51,67,16,36,78,134,435,130,3,0,5.2,93.49,92.5,92.5,6.3,92.0,98.8,77.91,12.7,98.8,94.54,6.3,5.2,93.49,97.2,12.1,1.49,1001.4,889.0,2674,,,,,,,,,,,,,0.545,0.429,0.0,0.592,8.5,0.106,0.133,0.165,8.6,0.465,0.429,0.232,0.048,0.23,,,,,,,,,,,,,,,,,,,1611661319,Sophia Young-Malcolm,Sophia Young-Malcolm,200674,SAN,62585.0,33,1043,130.0,1997,1990,383,419,196,3987,82.0,133.0,13.0,22.0,13.0,20.0,69.0,191.0,69.0,171.0,393.0,93.0,435.0,1878,17.0,38.0,4.0,38.0,28.0,53.0,20.0,76.0,212.0,130.0,18.0,36.0,49.0,27.0,76.0,16.0,11.0,21.0,14.0,14.0,179.0,19.0,28.0,1.0,36.0,120,8.0,164,48.0,212,5.0,67.0,41.0,26.0,28.0,2.0,19.0,23.0,6.0,9.0,3.0,51.0,1.0,12.0,37.0,78.0,1.0,4.0,4.0,134.0,8.0,5.0,13.0,80.0,6.0,16.0,8.0,8.0,16.0,8.0,397.0,76.0,374,7.0,6.0,14.0,,25.0,,23.0,,,100.55082623935904,94.3718592964824,0.6198830409356725,0.654320987654321,0.4351145038167939,0.4473684210526316,0.5283018867924528,0.4285714285714285,0.4358974358974359,0.5,0.4608050847457627,0.4418604651162791,0.5352112676056338,0.0916030534351145,0.1428571428571428,0.0785340314136125,23.53471596032462,0.5490196078431373,0.1904761904761904,0.0181818181818181,0.1734104046242774,0.0428134556574923,0.1525423728813559,0.0716981132075471,0.168103448275862,0.0511425462459194,0.0502793296089385,0.0321428571428571,0.0512820512820512,0.0437158469945355,0.1341463414634146,0.1434977578475336,0.2,0.1701030927835051,0.1638418079096045,0.1186440677966101,0.026595744680851,0.5,0.3333333333333333,0.6165413533834586,0.7192982456140351,0.6585365853658537,0.4786967418546365,0.3612565445026178,0.3920454545454545,0.4782608695652174,0.1729323308270676,0.5641025641025641,0.5909090909090909,0.2307692307692307,0.3571428571428571,0.65,0.3483709273182957,0.4401719298245614,0.4493339285714285,0.4530919642857142,0.1716738197424892,0.1739130434782608,0.0873563218390804,0.1747126436781609,7.818066157760814,0.2745098039215686,0.1900826446280991,0.1917876815222834,20.0,2.0,,4.0,1.0,3.0,,4.0,,1.0,,,,,,,0.0150375939849624,0.2898550724637681,0.2985074626865671,0.95,0.0050125313283208,0.0100250626566416,,,,0.0178571428571428,,22.166666666666668,0.1458333333333333,,,,2.0,1.0,,1.0,,,,,,,,,,,,0.0256410256410256,0.0357142857142857,,,,,0.0289855072463768,,,,1.0,,,,,,,,,,,0.0,,,,81.0,0.4367469879518072,-0.03574492143330604
100720,Sue Bird,21,34,2011,2087,SEA,1611661328,31.0,69.0,150.0,Connecticut,USA,2002,1,1,1122.6633333333334,183,408,71,166,63,72,14,85,99,165,80,48,6,14,43,67,500,100,1,0,5.4,89.12,95.1,95.1,4.6,94.2,99.7,74.27,24.1,99.7,90.22,4.6,4.0,89.12,98.2,12.0,2.06,948.3,943.0,2506,,,,,,,,,,,,,0.618,0.449,0.428,0.875,11.7,0.048,0.283,0.081,11.7,0.569,0.536,0.222,0.014,0.217,,,,,,,,,,,,,,,,,,,1611661328,Sue Bird,Sue Bird,100720,SEA,67365.0,34,1123,100.0,2046,2034,360,450,243,4080,21.0,31.0,1.0,1.0,1.0,2.0,33.0,76.0,135.0,112.0,242.0,63.0,500.0,1981,8.0,16.0,4.0,32.0,19.0,39.0,18.0,98.0,84.0,140.0,,13.0,120.0,45.0,165.0,37.0,8.0,76.0,34.0,10.0,375.0,3.0,10.0,1.0,21.0,63,1.0,85,14.0,99,5.0,48.0,33.0,15.0,48.0,22.0,39.0,32.0,2.0,9.0,3.0,80.0,4.0,10.0,9.0,43.0,1.0,,1.0,67.0,,4.0,6.0,30.0,6.0,6.0,2.0,3.0,6.0,3.0,468.0,96.0,358,9.0,6.0,11.0,,16.0,,,,,101.71065493646138,97.39429695181909,0.375,0.375,0.4628099173553719,0.5,0.4871794871794871,0.5355392156862745,0.4242424242424242,0.6060606060606061,0.5671981776765376,0.4571428571428571,0.6466666666666666,0.0537190082644628,0.0967741935483871,0.0789473684210526,22.1889696451475,0.6,0.02,0.0227272727272727,0.083223249669749,0.01628664495114,0.092511013215859,0.0098360655737704,0.0853658536585365,0.0141458106637649,0.0209424083769633,0.0038910505836575,0.0301204819277108,0.0085106382978723,0.0142857142857142,0.0608108108108108,0.0814249363867684,0.1018518518518518,0.0949720670391061,0.0833333333333333,0.0246305418719211,0.5,0.0759803921568627,0.6774193548387096,0.75,0.2857142857142857,0.1862745098039215,0.4342105263157895,0.4714285714285714,0.2424242424242424,0.3308823529411764,0.0303030303030303,1.0,,0.0303030303030303,0.5,0.4828431372549019,0.4433718673218673,0.4652571428571428,0.3781638461538461,0.0739030023094688,0.112781954887218,0.064,0.196,12.918595041322314,0.5,0.2790697674418604,0.1759530791788856,58.0,23.0,63.0,143.0,23.0,27.0,129.0,142.0,63.0,1.0,,,1.0,0.6056338028169014,0.4277108433734939,0.4303030303030303,0.4068627450980392,0.4296296296296296,0.4427480916030534,0.4827586206896552,0.0563725490196078,0.3504901960784313,0.4405594405594406,0.4405594405594406,0.5714285714285714,0.3484848484848485,0.4436619718309859,22.76626506024096,0.3243243243243243,0.2808988764044944,8.0,1.0,4.0,16.0,13.0,17.0,14.0,84.0,1.0,2.0,1.0,0.5185185185185185,0.0060240963855421,,0.3478260869565217,0.3636363636363636,0.875,0.4848484848484848,0.0606060606060606,0.25,0.5652173913043478,,1.0,0.0296296296296296,0.0303030303030303,4.0,4.0,1.0,0.2352941176470588,0.25,0.75,,,2.0,0.0434782608695652,,,0.0119760479041916,1.0,,,,56.0,0.5246589716684156,0.05216706228330231
100721,Swin Cash,21,34,2011,2095,SEA,1611661328,32.0,73.0,162.0,Connecticut,USA,2002,1,2,1128.1516666666666,151,381,35,123,115,136,52,182,234,81,94,32,21,34,100,122,452,27,1,0,4.4,89.16,95.5,95.5,1.3,93.9,96.8,74.3,13.1,96.8,90.53,1.3,1.6,89.16,95.5,11.2,0.86,919.3,908.0,2506,,,,,,,,,,,,,0.618,0.396,0.285,0.846,15.2,0.114,0.137,0.171,15.3,0.513,0.442,0.228,0.052,0.224,,,,,,,,,,,,,,,,,,,1611661328,Swin Cash,Swin Cash,100721,SEA,67689.0,34,1128,27.0,2049,2048,381,441,241,4097,82.0,138.0,16.0,31.0,14.0,27.0,23.0,80.0,40.0,116.0,258.0,115.0,452.0,2002,20.0,53.0,19.0,59.0,22.0,55.0,37.0,99.0,148.0,84.0,22.0,33.0,60.0,21.0,81.0,16.0,5.0,34.0,16.0,10.0,183.0,12.0,40.0,,40.0,126,16.0,182,52.0,234,11.0,32.0,26.0,6.0,45.0,9.0,27.0,49.0,3.0,18.0,10.0,94.0,13.0,16.0,35.0,100.0,5.0,11.0,17.0,122.0,6.0,3.0,13.0,61.0,13.0,21.0,6.0,13.0,21.0,13.0,393.0,99.0,379,7.0,14.0,54.0,,36.0,,35.0,10.0,,99.0239141044412,97.75390625,0.6379310344827587,0.7047619047619048,0.4496124031007752,0.3773584905660377,0.4,0.442257217847769,0.3448275862068966,0.4025974025974026,0.5101809954751131,0.4338235294117647,0.5051020408163265,0.127906976744186,0.1231884057971014,0.1875,22.896198205894915,0.4787234042553192,0.3076923076923077,,0.1655716162943495,0.065252854812398,0.175438596491228,0.040133779264214,0.1678463094034378,0.0570175438596491,0.0913978494623656,0.0620437956204379,0.0392156862745098,0.0350877192982456,0.056338028169014,0.1258741258741259,0.1557788944723618,0.209090909090909,0.1685393258426966,0.2,0.0578947368421052,0.6190476190476191,0.3622047244094488,0.5942028985507246,0.6776859504132231,0.6707317073170732,0.2099737532808399,0.2875,0.3538461538461538,0.5652173913043478,0.1049868766404199,0.5344827586206896,0.5161290322580645,0.1875,0.3506493506493506,0.5185185185185185,0.6850393700787402,0.4918091029023746,0.4948937499999999,0.4513684210526316,0.1421911421911421,0.1993464052287581,0.1305309734513274,0.2190265486725663,5.822093023255814,0.3928571428571428,0.2909090909090909,0.1859443631039531,11.0,38.0,27.0,85.0,20.0,22.0,99.0,84.0,27.0,1.0,,,5.0,0.9428571428571428,0.2845528455284553,0.2868852459016393,0.3228346456692913,0.275,0.282051282051282,0.5454545454545454,0.0997375328083989,0.2230971128608924,0.3176470588235294,0.3214285714285714,0.9629629629629628,0.2597402597402597,0.3214285714285714,22.62764227642276,0.2758620689655172,0.2048192771084337,8.0,,2.0,5.0,6.0,5.0,6.0,6.0,1.0,1.0,2.0,0.2727272727272727,0.008130081300813,0.0117647058823529,0.2105263157894736,0.2105263157894736,0.875,0.0862068965517241,0.0259740259740259,,0.3,,,0.025,,,,1.0,,,,,,,,,,,0.0,,,,49.0,0.45336008024072216,-0.0191318291443911
202641,Sydney Colson,10,16,2011,175,NYL,1611661313,22.0,68.0,,Texas A&M,USA,2011,2,16,85.88333333333334,7,20,3,7,5,6,0,6,6,10,17,4,2,1,9,9,22,-21,0,0,0.4,98.37,93.8,93.8,-10.9,91.3,82.9,81.97,20.0,82.9,98.81,-10.9,-6.9,98.37,84.4,1.3,0.59,45.2,53.0,2624,,,,,,,,,,,,,0.625,0.35,0.429,0.833,34.0,0.033,0.227,0.066,34.2,0.486,0.425,0.206,0.0,0.196,,,,,,,,,,,,,,,,,,,1611661313,Sydney Colson,Sydney Colson,202641,NYL,5154.0,16,86,-21.0,167,173,49,66,24,340,2.0,4.0,,,1.0,1.0,1.0,6.0,3.0,4.0,13.0,5.0,22.0,166,,,2.0,2.0,1.0,4.0,5.0,7.0,,8.0,,1.0,7.0,3.0,10.0,,3.0,4.0,1.0,2.0,23.0,,,,3.0,3,,6,,6,0.0,4.0,1.0,3.0,8.0,3.0,4.0,9.0,1.0,4.0,,17.0,2.0,3.0,1.0,9.0,1.0,,2.0,9.0,,1.0,0.0,1.0,2.0,2.0,2.0,,2.0,2.0,20.0,7.0,49,2.0,2.0,,,,,,,,86.82634730538922,95.95375722543352,,,0.3076923076923077,,0.25,0.425,,0.25,0.4782608695652174,0.3333333333333333,0.5,0.0769230769230769,0.25,,20.72538860103627,0.4705882352941176,,,0.0535714285714285,,0.1071428571428571,,0.0714285714285714,,,,,,,0.0416666666666666,0.0555555555555555,0.0714285714285714,0.1333333333333333,0.0769230769230769,,1.0,0.2,0.5,0.6666666666666666,,0.3,0.1666666666666666,0.1666666666666666,,0.15,,,,0.25,1.0,0.55,0.471345,0.47805,0.464125,0.0476190476190476,0.0714285714285714,0.0909090909090909,0.3181818181818182,8.492307692307692,,,0.2934131736526946,1.0,,3.0,7.0,,,9.0,7.0,3.0,1.0,,,,1.0,0.4285714285714285,0.4285714285714285,0.35,0.3333333333333333,0.3333333333333333,,,0.35,0.4285714285714285,0.4285714285714285,1.0,,0.4285714285714285,22.9,,,,,,2.0,,2.0,,,,,,,,,,,,1.0,,,,,,,,,,,,,,,,,,,,,0.0,,,,7.0,0.3055555555555556,-0.16693635382955768
201480,Sylvia Fowles,14,34,2011,2261,CHI,1611661329,26.0,78.0,200.0,Louisiana State,USA,2008,1,2,1175.1233333333332,263,445,0,0,154,201,100,247,347,22,96,41,68,32,85,197,680,-35,22,0,7.7,92.58,97.4,97.4,-1.1,96.2,96.3,77.15,3.4,96.3,94.14,-1.1,-2.0,92.58,94.2,13.1,0.23,1360.4,1267.0,2647,,,,,,,,,,,,,0.412,0.591,0.0,0.766,14.7,0.155,0.04,0.213,14.7,0.637,0.591,0.244,0.092,0.241,,,,,,,,,,,,,,,,,,,1611661329,Sylvia Fowles,Sylvia Fowles,201480,CHI,70508.0,34,1175,-35.0,2223,2223,463,430,289,4446,199.0,284.0,50.0,74.0,43.0,61.0,55.0,138.0,23.0,263.0,445.0,154.0,680.0,2212,55.0,93.0,28.0,138.0,54.0,97.0,58.0,166.0,404.0,122.0,66.0,32.0,11.0,11.0,22.0,10.0,1.0,7.0,1.0,3.0,55.0,19.0,78.0,3.0,48.0,177,22.0,247,100.0,347,12.0,41.0,34.0,7.0,35.0,8.0,14.0,61.0,12.0,21.0,14.0,96.0,11.0,20.0,41.0,85.0,1.0,6.0,17.0,197.0,8.0,2.0,22.0,97.0,15.0,67.0,34.0,31.0,68.0,32.0,542.0,166.0,461,6.0,13.0,40.0,,33.0,,29.0,2.0,,97.93072424651372,99.50517318938373,0.7680608365019012,0.8782608695652174,0.5910112359550562,0.5913978494623656,0.5567010309278351,0.5910112359550562,0.5913978494623656,0.5567010309278351,0.6355140186915887,0.6388888888888888,0.6335877862595419,0.0719101123595505,0.0880281690140845,0.0507246376811594,24.6189917936694,0.3645833333333333,0.3492063492063492,0.0461538461538461,0.2201492537313432,0.1014304291287386,0.1846153846153846,0.0875576036866359,0.2114661654135338,0.0983772819472616,0.1284046692607003,0.0865051903114186,0.0896860986547085,0.1049382716049382,0.0363636363636363,0.2452107279693486,0.2398523985239852,0.1764705882352941,0.2247191011235955,0.0975609756097561,0.0805369127516778,0.4705882352941176,0.6382022471910113,0.7007042253521126,0.7683397683397684,0.7638190954773869,0.3101123595505618,0.3985507246376811,0.4198473282442748,0.7636363636363637,0.0516853932584269,0.7956989247311828,0.6756756756756757,0.34,0.6288659793814433,0.7049180327868853,0.6382022471910113,0.5162541573033708,0.5600328947368421,0.5289309278350516,0.1865384615384615,0.1865384615384615,0.2029411764705882,0.2441176470588235,4.57123595505618,0.3452380952380952,0.3132530120481928,0.2082771030139451,9.0,,,,,,,,,3.0,1.0,1.0,,,,,,0.391304347826087,0.391304347826087,0.8888888888888888,,,,,,,,,0.0714285714285714,,,,,,,,,,,,2.0,,,,,,,,,,,,,,,,,3.0,,,,,,,,,,,0.0,,,,78.0,0.5624483043837882,0.08995639499867497
202655,Ta'Shia Phillips,5,15,2011,139,NYL,1611661313,23.0,78.0,,Xavier,USA,2011,1,8,71.57833333333333,8,15,0,0,6,12,11,8,19,1,3,0,3,3,18,7,22,-22,0,0,0.5,94.89,107.6,107.6,-12.0,110.6,95.7,79.07,4.0,95.7,90.74,-12.0,-8.6,94.89,102.0,1.0,0.33,52.3,48.0,2624,,,,,,,,,,,,,0.333,0.533,0.0,0.5,12.0,0.128,0.028,0.113,12.4,0.542,0.533,0.15,0.143,0.143,,,,,,,,,,,,,,,,,,,1611661313,Ta'Shia Phillips,Ta'Shia Phillips,202655,NYL,4293.0,15,72,-22.0,127,136,45,65,25,263,7.0,12.0,3.0,4.0,3.0,4.0,1.0,3.0,,8.0,15.0,6.0,22.0,155,3.0,4.0,3.0,9.0,4.0,6.0,1.0,9.0,10.0,6.0,6.0,3.0,1.0,,1.0,,,,,1.0,2.0,,10.0,1.0,2.0,5,1.0,8,11.0,19,0.0,,,,1.0,,0.0,2.0,,1.0,1.0,3.0,2.0,1.0,14.0,18.0,,1.0,,7.0,2.0,,0.0,5.0,1.0,3.0,1.0,2.0,3.0,1.0,13.0,9.0,45,2.0,1.0,,,1.0,,2.0,3.0,,104.72440944881888,113.97058823529412,0.625,1.0,0.5333333333333333,0.75,0.6666666666666666,0.5333333333333333,0.75,0.6666666666666666,0.5238095238095238,0.6428571428571429,0.6428571428571429,0.2,0.1666666666666666,0.3333333333333333,15.094339622641508,0.3333333333333333,0.25,0.1111111111111111,0.1020408163265306,0.1886792452830188,0.1538461538461538,,0.1129032258064516,0.1492537313432835,0.05,0.25,0.3076923076923077,,,0.0769230769230769,0.1666666666666666,,0.125,0.2,,0.3333333333333333,0.8,0.5833333333333334,0.7,0.5714285714285714,0.2,0.3333333333333333,0.5,1.0,,1.0,0.75,,0.6666666666666666,0.75,0.8,0.5272266666666666,0.61905,0.5024666666666667,0.25,0.25,0.4090909090909091,0.4090909090909091,2.6866666666666665,0.2,0.5,0.3543307086614173,,,,,,,,,,,,,,,,,,,,,,,,,,,,,,,,,,,,,,,,,,,,,,,,,,,,,,,,,,,,,,,,,,,,,0.0,,,,1.0,0.4583333333333333,-0.014158576051779947
100412,Taj McWilliams-Franklin,27,34,2011,1861,MIN,1611661324,41.0,74.0,195.0,St. Edward's,USA,1999,3,32,965.3466666666668,116,261,2,9,47,61,74,131,205,81,53,35,24,12,81,67,281,253,1,0,3.4,92.26,94.8,94.8,13.0,93.5,107.8,76.88,19.1,107.8,93.4,13.0,13.1,92.26,106.6,7.7,1.53,772.5,687.0,2626,,,,,,,,,,,,,0.794,0.444,0.222,0.77,12.5,0.107,0.121,0.137,12.6,0.488,0.448,0.158,0.078,0.156,,,,,,,,,,,,,,,,,,,1611661324,Taj McWilliams-Franklin,Taj McWilliams-Franklin,100412,MIN,57925.0,34,965,253.0,1821,1808,354,377,279,3629,64.0,114.0,20.0,39.0,9.0,13.0,21.0,68.0,70.0,114.0,252.0,47.0,281.0,1753,30.0,58.0,11.0,71.0,18.0,29.0,17.0,53.0,160.0,68.0,30.0,12.0,64.0,17.0,81.0,9.0,8.0,27.0,15.0,22.0,179.0,13.0,58.0,3.0,30.0,92,9.0,131,74.0,205,12.0,35.0,28.0,7.0,29.0,9.0,25.0,24.0,2.0,4.0,3.0,53.0,5.0,12.0,36.0,81.0,,4.0,5.0,67.0,4.0,5.0,1.0,19.0,12.0,24.0,13.0,11.0,24.0,13.0,210.0,51.0,345,7.0,12.0,7.0,,18.0,,36.0,8.0,,110.1592531576057,96.95796460176992,0.7017543859649122,0.8080808080808081,0.4523809523809524,0.5172413793103449,0.6206896551724138,0.4482758620689655,0.5084745762711864,0.6,0.4828178694158075,0.5378787878787878,0.6162790697674418,0.0476190476190476,0.0701754385964912,0.0588235294117647,15.925925925925926,0.5471698113207547,0.1914893617021276,0.0508474576271186,0.1500815660685155,0.0838150289017341,0.109090909090909,0.0726256983240223,0.1373873873873874,0.0815154994259471,0.1236559139784946,0.0643939393939393,0.0743801652892562,0.0555555555555555,0.1428571428571428,0.1465968586387434,0.1746724890829694,0.1243523316062176,0.1024390243902439,0.1285714285714285,0.09375,0.5416666666666666,0.4367816091954023,0.5614035087719298,0.6037735849056604,0.59375,0.2605363984674329,0.3088235294117647,0.328125,0.6666666666666666,0.2681992337164751,0.6610169491525424,0.5128205128205128,0.15,0.4333333333333333,0.6923076923076923,0.4712643678160919,0.4572547892720306,0.4951901960784313,0.4523883333333333,0.068100358422939,0.0703703703703703,0.2526690391459075,0.1886120996441281,7.746825396825397,0.4285714285714285,0.3555555555555555,0.1943986820428336,29.0,,2.0,9.0,1.0,1.0,6.0,9.0,2.0,1.0,,,,1.0,0.2222222222222222,0.2222222222222222,0.0344827586206896,0.4142857142857143,0.4142857142857143,0.9655172413793104,,0.0344827586206896,0.2222222222222222,0.2222222222222222,1.0,0.0333333333333333,0.2222222222222222,21.788888888888888,0.3333333333333333,0.1428571428571428,,,,1.0,,1.0,,,,,,,,,,,,0.0169491525423728,,,,,,,,,,1.0,,,,,,,,,,,0.0,,,,54.0,0.4576547231270358,-0.01483718625807745
201477,Tamera Young,14,33,2011,1540,CHI,1611661329,25.0,74.0,170.0,James Madison,USA,2008,1,8,791.8566666666667,102,240,1,7,55,76,41,83,124,43,62,37,9,29,98,72,260,-56,1,0,3.1,93.84,95.8,95.8,-2.6,94.9,93.2,78.2,11.3,93.2,95.25,-2.6,-3.6,93.84,91.3,7.3,0.69,549.3,520.0,2647,,,,,,,,,,,,,0.424,0.425,0.143,0.724,16.4,0.081,0.099,0.106,16.4,0.475,0.427,0.19,0.055,0.186,,,,,,,,,,,,,,,,,,,1611661329,Tamera Young,Tamera Young,201477,CHI,47515.0,33,792,-56.0,1500,1516,358,326,210,3016,53.0,107.0,8.0,13.0,17.0,25.0,18.0,63.0,63.0,101.0,233.0,55.0,260.0,1491,10.0,23.0,14.0,34.0,26.0,48.0,17.0,69.0,112.0,90.0,14.0,29.0,37.0,6.0,43.0,5.0,1.0,25.0,5.0,7.0,92.0,5.0,33.0,3.0,20.0,60,3.0,83,41.0,124,5.0,37.0,25.0,12.0,39.0,9.0,30.0,23.0,4.0,9.0,1.0,62.0,7.0,15.0,40.0,98.0,3.0,5.0,5.0,71.0,3.0,9.0,8.0,38.0,4.0,8.0,1.0,5.0,9.0,6.0,226.0,69.0,357,15.0,5.0,18.0,,26.0,1.0,55.0,3.0,9.0,95.66666666666669,98.3509234828496,0.5544554455445545,0.5957446808510638,0.4334763948497854,0.4347826086956521,0.5416666666666666,0.4270833333333333,0.4166666666666667,0.5306122448979592,0.4744525547445255,0.53125,0.575,0.1244635193133047,0.1962616822429906,0.1111111111111111,19.12350597609562,0.6290322580645161,0.073170731707317,0.0666666666666666,0.1117318435754189,0.0586145648312611,0.1117318435754189,0.0434782608695652,0.1117318435754189,0.0560471976401179,0.056701030927835,0.0428571428571428,0.0817610062893081,0.0549450549450549,,0.1104972375690607,0.1215469613259668,0.1028571428571428,0.1111111111111111,0.1132075471698113,0.0471698113207547,0.6666666666666666,0.4458333333333333,0.4953271028037383,0.6162790697674418,0.5283018867924528,0.2625,0.2857142857142857,0.3214285714285714,0.5,0.2625,0.5416666666666666,0.6153846153846154,0.125,0.5102040816326531,0.68,0.475,0.4832474895397489,0.5476975000000001,0.5094208333333333,0.1407407407407407,0.1444866920152091,0.1307692307692307,0.2653846153846154,7.975536480686695,0.5185185185185185,0.3953488372093023,0.2386666666666666,30.0,4.0,,3.0,1.0,1.0,3.0,2.0,,,1.0,,1.0,1.0,0.1428571428571428,0.1666666666666666,0.0291666666666666,0.4761904761904761,0.4838709677419355,0.6333333333333333,0.0166666666666666,0.0125,,,,0.0204081632653061,,24.74285714285714,0.2121212121212121,,1.0,,,1.0,,1.0,,,,,2.0,,,,0.25,0.25,1.0,0.0416666666666666,,,,1.0,,0.0158730158730158,,,,,,,,,,,,,,,0.0,1.0,,,52.0,0.4318936877076412,-0.04059822167747207
100646,Tamika Catchings,21,33,2011,1996,IND,1611661325,32.0,73.0,167.0,Tennessee,USA,2001,1,3,1040.23,168,384,32,92,143,162,63,170,233,115,73,67,30,16,69,162,511,180,4,0,5.1,91.8,95.3,95.3,8.4,93.5,103.7,76.5,17.9,103.7,92.77,8.4,10.0,91.8,103.5,11.6,1.58,1181.1,1085.0,2592,,,,,,,,,,,,,0.636,0.438,0.348,0.883,11.4,0.12,0.206,0.17,11.3,0.561,0.479,0.237,0.067,0.23,,,,,,,,,,,,,,,,,,,1611661325,Tamika Catchings,Tamika Catchings,100646,IND,62418.0,33,1040,180.0,1954,1949,438,375,245,3903,72.0,122.0,11.0,24.0,13.0,28.0,23.0,66.0,104.0,136.0,292.0,143.0,511.0,1889,25.0,49.0,11.0,76.0,28.0,61.0,51.0,128.0,104.0,168.0,12.0,14.0,78.0,37.0,115.0,25.0,12.0,47.0,13.0,18.0,267.0,20.0,37.0,6.0,44.0,111,15.0,170,63.0,233,7.0,67.0,46.0,21.0,42.0,5.0,27.0,31.0,8.0,15.0,3.0,73.0,7.0,22.0,32.0,69.0,1.0,8.0,9.0,162.0,11.0,6.0,14.0,65.0,19.0,28.0,18.0,8.0,30.0,14.0,435.0,124.0,430,5.0,17.0,16.0,,20.0,,12.0,,,105.88536335721597,96.9214982042073,0.3823529411764705,0.4,0.4657534246575342,0.5102040816326531,0.4590163934426229,0.4791666666666667,0.5416666666666666,0.4753086419753086,0.5550660792951542,0.5859375,0.5787037037037037,0.047945205479452,0.0573770491803278,0.0909090909090909,23.51363433169423,0.5753424657534246,0.2459016393442623,0.1363636363636363,0.1715610510046367,0.0609555189456342,0.1666666666666666,0.074074074074074,0.1701427003293084,0.064994298745724,0.0533333333333333,0.0531400966183574,0.08,0.0612244897959183,0.1081081081081081,0.16,0.1653225806451612,0.1875,0.145,0.234375,0.0358974358974358,0.4666666666666667,0.3177083333333333,0.5901639344262295,0.6260869565217392,0.3611111111111111,0.171875,0.3484848484848485,0.3833333333333333,0.217391304347826,0.2708333333333333,0.4,0.4583333333333333,0.2727272727272727,0.345679012345679,0.4642857142857143,0.5572916666666666,0.4759660574412532,0.4797673913043478,0.473369375,0.1494252873563218,0.1895043731778425,0.1487279843444227,0.2504892367906066,8.936986301369863,0.28,0.3095238095238095,0.2241555783009212,41.0,21.0,24.0,71.0,16.0,20.0,75.0,71.0,24.0,2.0,2.0,1.0,,0.78125,0.3478260869565217,0.3478260869565217,0.2395833333333333,0.3942307692307692,0.3980582524271844,0.5121951219512195,0.0546875,0.1848958333333333,0.3380281690140845,0.3478260869565217,0.75,0.1975308641975308,0.3380281690140845,22.66195652173913,0.2786885245901639,0.2631578947368421,8.0,2.0,4.0,8.0,5.0,11.0,7.0,21.0,2.0,9.0,2.0,0.35,0.0217391304347826,0.028169014084507,0.3809523809523809,0.3809523809523809,0.875,0.1333333333333333,0.0493827160493827,0.5,0.3125,1.0,3.0,0.0096153846153846,0.05,5.0,5.0,2.0,0.4545454545454545,0.625,0.6,,1.0,,,,,,0.0,,,,89.0,0.5140845070422535,0.04159259765714024
100628,Tammy Sutton-Brown,21,34,2011,1224,IND,1611661325,34.0,76.0,199.0,Rutgers,USA,2001,2,18,645.0666666666667,68,139,0,3,52,70,41,65,106,19,33,36,41,18,65,64,188,57,0,0,2.0,91.34,96.5,96.5,5.2,94.9,101.7,76.12,8.5,101.7,92.14,5.2,6.8,91.34,101.7,4.1,0.58,541.7,467.0,2592,,,,,,,,,,,,,0.618,0.489,0.0,0.743,14.8,0.088,0.051,0.104,14.9,0.554,0.489,0.149,0.071,0.146,,,,,,,,,,,,,,,,,,,1611661325,Tammy Sutton-Brown,Tammy Sutton-Brown,100628,IND,38706.0,34,645,57.0,1193,1195,204,170,147,2388,55.0,93.0,10.0,22.0,5.0,12.0,5.0,25.0,18.0,68.0,136.0,52.0,188.0,1188,11.0,26.0,12.0,34.0,7.0,15.0,12.0,26.0,116.0,20.0,10.0,18.0,10.0,9.0,19.0,7.0,2.0,4.0,1.0,5.0,47.0,20.0,21.0,,18.0,40,7.0,65,41.0,106,2.0,36.0,31.0,5.0,15.0,4.0,12.0,18.0,1.0,3.0,1.0,33.0,5.0,8.0,31.0,65.0,1.0,5.0,6.0,63.0,5.0,3.0,6.0,30.0,8.0,39.0,15.0,19.0,41.0,20.0,154.0,26.0,200,4.0,6.0,18.0,1.0,31.0,,6.0,3.0,,104.3587594300084,99.4142259414226,0.8529411764705882,0.9206349206349206,0.5,0.4230769230769231,0.4666666666666667,0.4892086330935252,0.4230769230769231,0.4375,0.5497076023391813,0.5,0.52,0.1323529411764706,0.1720430107526881,0.08,14.988978692138136,0.4545454545454545,0.2333333333333333,,0.0945626477541371,0.0561497326203208,0.1132075471698113,0.1162790697674418,0.0996563573883161,0.075091575091575,0.0555555555555555,0.0703125,0.0392156862745098,0.1048387096774193,0.1458333333333333,0.0697674418604651,0.1056338028169014,0.1052631578947368,0.1229508196721311,0.081081081081081,0.0384615384615384,0.4878048780487805,0.6690647482014388,0.5913978494623656,0.7142857142857143,0.8545454545454545,0.1798561151079136,0.2,0.217391304347826,0.8,0.1294964028776978,0.8461538461538461,0.4545454545454545,0.4,0.75,0.4166666666666667,0.6906474820143885,0.529386690647482,0.5829071428571428,0.566196875,0.1840490797546012,0.1875,0.1808510638297872,0.1382978723404255,5.252941176470588,0.3684210526315789,0.2,0.170997485331098,8.0,,,3.0,1.0,1.0,,3.0,,,2.0,,3.0,,,,0.0215827338129496,0.4444444444444444,0.4444444444444444,0.875,,0.0215827338129496,,,,0.0625,,23.366666666666664,0.2222222222222222,0.3333333333333333,,,,,,,,,,,5.0,,,,,,,,,,,2.0,,,,,,,,,,,,,,,,,0.0,,,,59.0,0.49473684210526314,0.02224493272014988
101020,Tan White,21,34,2011,1509,CON,1611661323,29.0,67.0,154.0,Mississippi State,USA,2005,1,2,746.4583333333334,68,192,23,82,42,50,17,80,97,66,42,40,6,8,65,62,201,48,0,0,2.0,97.1,92.1,92.1,3.3,93.1,95.4,80.92,20.4,95.4,96.51,3.3,2.3,97.1,95.4,5.6,1.57,512.4,479.0,2727,,,,,,,,,,,,,0.618,0.354,0.28,0.84,13.0,0.062,0.148,0.106,13.0,0.47,0.414,0.15,0.021,0.146,,,,,,,,,,,,,,,,,,,1611661323,Tan White,Tan White,101020,CON,44782.0,34,746,48.0,1467,1461,446,369,209,2928,23.0,44.0,1.0,6.0,7.0,15.0,17.0,36.0,30.0,45.0,110.0,42.0,201.0,1391,2.0,12.0,1.0,17.0,12.0,32.0,24.0,72.0,36.0,54.0,2.0,6.0,50.0,16.0,66.0,9.0,7.0,24.0,12.0,14.0,148.0,5.0,12.0,,24.0,54,2.0,80,17.0,97,5.0,40.0,26.0,14.0,29.0,6.0,23.0,13.0,,6.0,2.0,42.0,2.0,14.0,28.0,65.0,2.0,4.0,2.0,62.0,4.0,14.0,2.0,16.0,10.0,6.0,4.0,1.0,6.0,3.0,184.0,72.0,436,11.0,10.0,12.0,,7.0,,2.0,,,98.09134287661897,95.20876112251882,0.4,0.4090909090909091,0.4090909090909091,0.1666666666666666,0.375,0.4140625,0.4210526315789473,0.4528301886792453,0.4652777777777778,0.4047619047619047,0.5294117647058824,0.0545454545454545,0.0681818181818181,0.0833333333333333,15.011682242990654,0.6904761904761905,0.0465116279069767,,0.1095334685598377,0.0220994475138121,0.1311475409836065,0.0253807106598984,0.1153846153846153,0.0229729729729729,0.0209790209790209,0.0240384615384615,0.0208333333333333,0.0135135135135135,0.0612244897959183,0.0701754385964912,0.1180124223602484,0.1428571428571428,0.1162790697674418,0.1666666666666666,0.0446428571428571,0.5,0.2291666666666666,0.5227272727272727,0.5609756097560976,0.3478260869565217,0.1875,0.4722222222222222,0.5151515151515151,0.2941176470588235,0.15625,0.3157894736842105,0.1666666666666666,,0.2830188679245283,0.4666666666666667,0.65625,0.4799447643979057,0.434240625,0.4816798076923077,0.0776699029126213,0.1290322580645161,0.0845771144278607,0.3582089552238806,8.571818181818182,0.5238095238095238,0.5263157894736842,0.3040218132242672,5.0,28.0,14.0,54.0,12.0,21.0,60.0,53.0,14.0,1.0,,,3.0,0.8695652173913043,0.2804878048780488,0.2839506172839506,0.4270833333333333,0.1666666666666666,0.1666666666666666,1.0,0.1458333333333333,0.28125,0.2592592592592592,0.2641509433962264,0.8571428571428571,0.2264150943396226,0.2641509433962264,22.979268292682928,0.24,0.3454545454545454,9.0,5.0,9.0,5.0,3.0,7.0,8.0,9.0,2.0,,1.0,0.3809523809523809,0.024390243902439,0.0185185185185185,0.3214285714285714,0.3333333333333333,0.8888888888888888,0.2631578947368421,0.1698113207547169,0.5555555555555556,0.25,,2.0,,0.1052631578947368,3.0,4.0,5.0,0.5714285714285714,0.6,1.0,1.0,,,0.0357142857142857,0.5,1.0,,0.0,,,,62.0,0.4369565217391304,-0.03553538764598285
100236,Tangela Smith,20,33,2011,1369,IND,1611661325,35.0,75.0,158.0,Iowa,USA,1998,2,12,710.6316666666667,88,237,32,94,30,34,27,75,102,49,42,22,16,9,80,27,238,57,0,0,2.7,92.47,99.3,99.3,4.2,97.6,103.5,77.06,14.2,103.5,93.76,4.2,5.0,92.47,102.5,7.2,1.17,505.9,497.0,2592,,,,,,,,,,,,,0.606,0.371,0.34,0.882,12.2,0.077,0.118,0.114,12.2,0.472,0.439,0.19,0.04,0.187,,,,,,,,,,,,,,,,,,,1611661325,Tangela Smith,Tangela Smith,100236,IND,42637.0,33,711,57.0,1343,1334,230,193,172,2677,23.0,41.0,2.0,4.0,4.0,9.0,22.0,68.0,34.0,56.0,143.0,30.0,238.0,1360,7.0,19.0,5.0,37.0,8.0,17.0,8.0,33.0,84.0,28.0,6.0,9.0,35.0,14.0,49.0,10.0,4.0,23.0,6.0,6.0,112.0,4.0,22.0,1.0,18.0,45,12.0,75,27.0,102,4.0,22.0,16.0,6.0,25.0,7.0,18.0,17.0,1.0,7.0,3.0,42.0,4.0,3.0,38.0,80.0,,7.0,3.0,27.0,,1.0,2.0,14.0,4.0,16.0,9.0,6.0,16.0,6.0,201.0,33.0,226,8.0,4.0,23.0,2.0,32.0,,21.0,3.0,5.0,105.51005212211469,101.94902548725638,0.75,0.7924528301886793,0.3916083916083916,0.3684210526315789,0.4705882352941176,0.4388185654008439,0.5333333333333333,0.4464285714285714,0.4703557312252964,0.5606060606060606,0.5,0.0629370629370629,0.0975609756097561,0.0735294117647058,19.14341336794289,0.5952380952380952,0.3870967741935484,0.0416666666666666,0.1036866359447004,0.0512820512820512,0.1028571428571428,0.0198019801980198,0.1034482758620689,0.0412044374009508,0.050314465408805,0.0476190476190476,0.056910569105691,0.0139860139860139,0.0338983050847457,0.1271186440677966,0.0955414012738853,0.0943396226415094,0.1044776119402985,0.0975609756097561,0.0287769784172661,0.375,0.1729957805907173,0.5609756097560976,0.6216216216216216,0.6521739130434783,0.2869198312236287,0.3235294117647059,0.3492063492063492,0.7727272727272727,0.1434599156118143,0.1333333333333333,0.5,,0.3214285714285714,0.4444444444444444,0.569620253164557,0.4711487341772152,0.4671369565217391,0.4644928571428571,0.0562248995983935,0.0903225806451612,0.1554621848739495,0.1386554621848739,9.097902097902098,0.2941176470588235,0.2666666666666666,0.1712583767684289,11.0,11.0,29.0,83.0,11.0,11.0,93.0,83.0,29.0,,,,1.0,0.96875,0.3404255319148936,0.3404255319148936,0.3966244725738396,0.3235294117647059,0.3235294117647059,0.9090909090909092,0.0464135021097046,0.350210970464135,0.3493975903614458,0.3493975903614458,0.9655172413793104,0.3928571428571428,0.3493975903614458,22.362765957446808,0.4782608695652174,0.2903225806451613,3.0,,,10.0,3.0,11.0,3.0,3.0,,,1.0,0.2727272727272727,,,0.2727272727272727,0.2727272727272727,1.0,0.3333333333333333,,,0.2727272727272727,,1.0,,0.0333333333333333,6.0,6.0,,0.5454545454545454,0.6,1.0,,,,,,,,0.0,,,,29.0,0.4358974358974359,-0.03659447348767736
101030,Tanisha Wright,21,33,2011,1778,SEA,1611661328,28.0,71.0,165.0,Penn State,USA,2005,1,12,953.4133333333332,118,240,18,49,78,87,25,81,106,97,90,40,1,9,97,69,332,19,0,0,3.6,89.77,92.4,92.4,1.6,92.2,94.0,74.8,20.8,94.0,90.16,1.6,1.2,89.77,93.5,7.3,1.08,637.7,635.0,2506,,,,,,,,,,,,,0.636,0.492,0.367,0.897,19.3,0.061,0.194,0.089,19.3,0.597,0.529,0.187,0.03,0.183,,,,,,,,,,,,,,,,,,,1611661328,Tanisha Wright,Tanisha Wright,101030,SEA,57205.0,33,953,19.0,1734,1730,296,372,202,3464,61.0,86.0,6.0,10.0,7.0,9.0,20.0,54.0,51.0,100.0,191.0,78.0,332.0,1653,11.0,19.0,5.0,36.0,12.0,27.0,28.0,58.0,56.0,144.0,4.0,9.0,60.0,37.0,97.0,27.0,10.0,44.0,12.0,4.0,231.0,10.0,15.0,,19.0,58,4.0,81,25.0,106,5.0,40.0,30.0,10.0,51.0,20.0,33.0,39.0,3.0,18.0,6.0,90.0,5.0,23.0,31.0,97.0,1.0,3.0,7.0,69.0,3.0,1.0,6.0,36.0,10.0,,,,1.0,1.0,296.0,57.0,294,9.0,9.0,42.0,8.0,31.0,4.0,52.0,11.0,,96.4244521337947,95.54913294797689,0.28,0.2857142857142857,0.5235602094240838,0.5789473684210527,0.4444444444444444,0.5291666666666667,0.62,0.4285714285714285,0.5910714285714286,0.6428571428571429,0.58,0.0471204188481675,0.0465116279069767,0.074074074074074,18.77219685438864,0.5666666666666667,0.0784313725490196,,0.0903426791277258,0.0282485875706214,0.1005291005291005,0.0421940928270042,0.0926594464500601,0.0325520833333333,0.037037037037037,0.027027027027027,0.0204081632653061,0.0335195530726257,0.0689655172413793,0.073170731707317,0.1052631578947368,0.0734463276836158,0.0958904109589041,0.1162790697674418,0.0471698113207547,1.0,0.3583333333333333,0.7093023255813954,0.7439024390243902,0.2786885245901639,0.225,0.3703703703703703,0.4,0.25,0.2125,0.4,0.6,0.3333333333333333,0.2571428571428571,0.7777777777777778,0.5625,0.4629775210084033,0.4786184210526316,0.4390712121212121,0.1333333333333333,0.1628959276018099,0.108433734939759,0.1746987951807229,7.692146596858639,0.5,0.28125,0.1707035755478662,19.0,19.0,7.0,30.0,8.0,8.0,48.0,29.0,7.0,,1.0,,7.0,0.8888888888888888,0.3673469387755102,0.375,0.2041666666666666,0.3725490196078431,0.38,0.3157894736842105,0.0791666666666666,0.125,0.2333333333333333,0.2333333333333333,0.7142857142857143,0.2285714285714285,0.2413793103448276,23.43061224489796,0.2580645161290322,0.074074074074074,11.0,,,4.0,2.0,6.0,2.0,6.0,,1.0,,0.25,,,0.5789473684210527,0.5789473684210527,1.0,0.16,,,0.25,1.0,2.0,0.0196078431372549,0.08,2.0,3.0,3.0,0.5,0.5,1.0,1.0,,,,0.5,1.0,,0.0,,,,45.0,0.4992481203007519,0.026756210915638623
101024,Temeka Johnson,16,30,2011,1483,PHO,1611661317,29.0,63.0,142.0,Louisiana State,USA,2005,1,6,717.0733333333334,74,170,25,65,19,22,9,51,60,132,57,24,5,7,53,29,192,34,0,0,2.5,99.27,103.5,103.5,2.3,103.4,105.8,82.73,35.8,105.8,99.24,2.3,2.6,99.27,106.0,5.7,2.32,492.0,467.0,2820,,,,,,,,,,,,,0.533,0.435,0.385,0.864,15.4,0.041,0.266,0.066,15.5,0.534,0.509,0.144,0.013,0.14,,,,,,,,,,,,,,,,,,,1611661317,Temeka Johnson,Temeka Johnson,101024,PHO,43026.0,30,717,34.0,1433,1437,286,223,174,2870,15.0,24.0,1.0,2.0,2.0,4.0,15.0,36.0,45.0,49.0,105.0,19.0,192.0,1535,4.0,10.0,1.0,18.0,4.0,17.0,10.0,27.0,10.0,88.0,,6.0,93.0,39.0,132.0,32.0,7.0,66.0,14.0,13.0,303.0,1.0,8.0,,9.0,39,3.0,51,9.0,60,1.0,24.0,15.0,9.0,37.0,15.0,29.0,20.0,3.0,8.0,1.0,57.0,3.0,9.0,29.0,53.0,,1.0,,29.0,1.0,3.0,2.0,6.0,6.0,5.0,3.0,2.0,5.0,1.0,174.0,27.0,286,4.0,6.0,16.0,1.0,16.0,1.0,2.0,7.0,5.0,109.49057920446616,106.81976339596382,0.1020408163265306,0.1020408163265306,0.4666666666666667,0.4,0.2352941176470588,0.5088235294117647,0.4473684210526316,0.293103448275862,0.5333333333333333,0.45,0.3857142857142857,0.0571428571428571,0.0833333333333333,0.1111111111111111,14.424832623250152,0.6491228070175439,0.0697674418604651,,0.0766208251473477,0.0182648401826484,0.0432692307692307,0.0049261083743842,0.0669456066945606,0.0140405616224648,0.0252100840336134,0.0207253886010362,0.0079365079365079,0.0060240963855421,,0.0359712230215827,0.0818181818181818,0.1066666666666666,0.0451612903225806,0.0377358490566037,0.0120481927710843,0.2,0.1411764705882353,0.625,0.6818181818181818,0.1333333333333333,0.2117647058823529,0.4166666666666667,0.46875,0.0666666666666666,0.2647058823529412,0.1052631578947368,0.5,,0.1379310344827586,0.5,0.5235294117647059,0.47055625,0.4824333333333333,0.4181333333333333,0.0344827586206896,0.055045871559633,0.09375,0.140625,10.735238095238095,0.3333333333333333,0.4,0.1995812979762735,19.0,10.0,18.0,55.0,10.0,12.0,54.0,54.0,18.0,,,,,0.72,0.3846153846153846,0.390625,0.3823529411764705,0.4222222222222222,0.4222222222222222,0.1052631578947368,0.0588235294117647,0.3235294117647059,0.3272727272727272,0.3333333333333333,0.6666666666666666,0.3448275862068966,0.3333333333333333,22.933846153846154,0.24,0.2777777777777778,7.0,1.0,2.0,7.0,2.0,9.0,3.0,21.0,1.0,,,0.25,0.0153846153846153,0.0181818181818181,0.7,0.7,0.8571428571428571,0.3684210526315789,0.0689655172413793,0.5,0.2,,2.0,,0.1052631578947368,2.0,3.0,1.0,0.3333333333333333,0.2857142857142857,1.0,1.0,,,,0.5,1.0,,0.0,,,,29.0,0.463768115942029,-0.008723793443084271
100234,Ticha Penicheiro,15,34,2011,1545,LAS,1611661320,37.0,71.0,146.0,Old Dominion '98/Portugal,Portugal,1998,1,2,807.205,72,148,15,36,46,53,7,87,94,162,71,28,3,4,48,74,205,-60,2,0,2.1,91.81,104.8,104.8,-4.0,104.0,100.8,76.51,40.1,100.8,91.89,-4.0,-2.7,91.81,101.4,4.4,2.28,582.8,538.0,2637,,,,,,,,,,,,,0.441,0.486,0.417,0.868,17.6,0.062,0.319,0.11,17.6,0.598,0.537,0.142,0.01,0.139,,,,,,,,,,,,,,,,,,,1611661320,Ticha Penicheiro,Ticha Penicheiro,100234,LAS,48432.0,34,807,-60.0,1510,1511,317,282,166,3021,39.0,55.0,,1.0,12.0,16.0,12.0,37.0,20.0,57.0,112.0,46.0,205.0,1617,4.0,10.0,1.0,18.0,16.0,32.0,23.0,70.0,20.0,94.0,,3.0,102.0,60.0,162.0,51.0,9.0,41.0,29.0,32.0,384.0,,7.0,,33.0,54,,87,7.0,94,1.0,28.0,18.0,10.0,42.0,15.0,36.0,29.0,3.0,6.0,4.0,71.0,3.0,16.0,24.0,48.0,2.0,2.0,3.0,74.0,4.0,5.0,8.0,21.0,10.0,2.0,1.0,1.0,3.0,2.0,187.0,64.0,308,6.0,9.0,6.0,,3.0,,9.0,,,103.11258278145696,107.01522170747847,0.175438596491228,0.175438596491228,0.5089285714285714,0.4,0.5,0.5371621621621622,0.5666666666666667,0.5465116279069767,0.5994152046783626,0.6,0.625,0.0267857142857142,0.0181818181818181,0.054054054054054,14.201877934272302,0.5915492957746479,,,0.1134453781512605,0.0154867256637168,0.1358024691358024,,0.1210013908205841,0.0105263157894736,0.0172413793103448,0.0167597765363128,0.0127388535031847,,,0.0866666666666666,0.1287128712871287,0.1209677419354838,0.1578947368421052,0.0566037735849056,0.0142857142857142,0.6666666666666666,0.3716216216216216,0.7090909090909091,0.7222222222222222,0.1538461538461538,0.25,0.3243243243243243,0.3428571428571428,,0.1351351351351351,0.0666666666666666,,,0.3720930232558139,0.75,0.6148648648648649,0.4682074829931972,0.3813571428571429,0.4429809523809523,0.1304347826086956,0.168,0.0878048780487804,0.3414634146341463,6.434821428571429,0.3125,0.36,0.2099337748344371,6.0,9.0,13.0,27.0,8.0,11.0,36.0,26.0,13.0,2.0,1.0,,,0.8,0.4166666666666667,0.4285714285714285,0.2432432432432432,0.3,0.3,0.6666666666666666,0.0608108108108108,0.1824324324324324,0.4814814814814814,0.5,0.7692307692307693,0.1860465116279069,0.5,23.311111111111117,0.6428571428571429,0.2105263157894736,2.0,1.0,3.0,4.0,4.0,5.0,5.0,9.0,1.0,,,0.4545454545454545,0.0277777777777777,0.037037037037037,0.2222222222222222,0.2222222222222222,1.0,0.2666666666666666,0.0697674418604651,0.3333333333333333,0.5,1.0,1.0,,0.0666666666666666,2.0,3.0,3.0,0.6,0.5,1.0,1.0,,,,1.0,1.0,,0.0,,,,38.0,0.5012224938875306,0.028730584502417333
201050,Tiffany Jackson,3,34,2011,2202,TUL,1611661321,27.0,75.0,185.0,Texas-Austin, ,2007,1,5,1152.2916666666667,151,331,0,1,121,156,100,186,286,68,95,40,21,41,94,122,423,-389,11,0,4.4,91.79,106.8,106.8,-17.5,105.8,89.2,76.49,12.1,89.2,93.19,-17.5,-18.3,91.79,87.4,9.7,0.72,956.2,899.0,2628,,,,,,,,,,,,,0.088,0.456,0.0,0.776,16.8,0.133,0.121,0.186,16.9,0.529,0.456,0.197,0.087,0.195,,,,,,,,,,,,,,,,,,,1611661321,Tiffany Jackson,Tiffany Jackson,201050,TUL,69140.0,34,1152,-389.0,2165,2165,412,487,278,4330,105.0,174.0,21.0,38.0,21.0,34.0,45.0,151.0,5.0,151.0,330.0,121.0,423.0,2354,24.0,57.0,21.0,69.0,27.0,63.0,27.0,81.0,182.0,120.0,28.0,41.0,39.0,29.0,68.0,20.0,9.0,17.0,13.0,9.0,165.0,37.0,58.0,5.0,43.0,121,22.0,186,100.0,286,8.0,40.0,31.0,9.0,42.0,14.0,28.0,53.0,4.0,14.0,16.0,95.0,4.0,18.0,44.0,94.0,3.0,11.0,12.0,122.0,8.0,5.0,15.0,75.0,10.0,21.0,7.0,14.0,21.0,11.0,354.0,81.0,412,8.0,9.0,59.0,,36.0,,14.0,3.0,,90.7621247113164,108.729792147806,0.6026490066225165,0.6642335766423357,0.4575757575757576,0.4210526315789473,0.4285714285714285,0.4561933534743202,0.4210526315789473,0.421875,0.5261845386533666,0.5,0.5,0.1242424242424242,0.1206896551724138,0.1324503311258278,19.903691813804173,0.4421052631578947,0.3492063492063492,0.081967213114754,0.1738505747126436,0.0813464235624123,0.1945701357466063,0.1128048780487804,0.1788440567066521,0.0912584053794428,0.0849056603773584,0.079646017699115,0.0802469135802469,0.0988142292490118,0.16,0.1134020618556701,0.1966101694915254,0.1980676328502415,0.2083333333333333,0.1509433962264151,0.0597014925373134,0.5238095238095238,0.525679758308157,0.603448275862069,0.6862745098039216,0.6285714285714286,0.4561933534743202,0.2980132450331126,0.3435114503816794,0.5333333333333333,0.0151057401812688,0.6666666666666666,0.5526315789473685,0.1904761904761904,0.53125,0.6176470588235294,0.5287009063444109,0.4424263636363636,0.4806225,0.4392571428571429,0.1918158567774936,0.1923076923076923,0.1631205673758865,0.1914893617021276,4.87030303030303,0.3432835820895522,0.2884615384615384,0.1903002309468822,1.0,,,1.0,1.0,1.0,,,,1.0,,,5.0,,,,0.0030211480362537,0.2,0.2,1.0,,0.0030211480362537,,,,0.015625,,43.2,0.25,,,,,,,,,,,1.0,,,,,,,,,,,,,,,,,,,,,,,,,,,,,0.0,,,,56.0,0.4592833876221498,-0.013208521762963443
202250,Tina Charles,21,34,2011,2228,CON,1611661323,23.0,76.0,198.0,Connecticut,USA,2010,1,1,1135.4816666666666,254,543,0,3,92,134,126,248,374,63,75,26,60,27,89,132,600,95,23,0,7.5,94.54,96.8,96.8,5.0,96.0,101.8,78.79,8.5,101.8,95.96,5.0,3.6,94.54,99.7,16.0,0.84,1326.3,1209.0,2727,,,,,,,,,,,,,0.618,0.468,0.0,0.687,10.1,0.16,0.106,0.213,10.1,0.498,0.468,0.265,0.108,0.262,,,,,,,,,,,,,,,,,,,1611661323,Tina Charles,Tina Charles,202250,CON,68141.0,34,1136,95.0,2201,2210,413,367,287,4411,133.0,205.0,48.0,72.0,23.0,40.0,81.0,224.0,111.0,254.0,540.0,92.0,600.0,2174,67.0,118.0,34.0,168.0,40.0,84.0,22.0,102.0,318.0,190.0,72.0,27.0,40.0,23.0,63.0,17.0,6.0,24.0,7.0,9.0,149.0,24.0,100.0,2.0,54.0,183,11.0,248,126.0,374,27.0,26.0,16.0,10.0,45.0,8.0,23.0,30.0,4.0,22.0,6.0,75.0,7.0,15.0,53.0,89.0,2.0,10.0,4.0,132.0,8.0,4.0,16.0,65.0,10.0,59.0,35.0,22.0,60.0,33.0,432.0,102.0,404,5.0,8.0,42.0,,21.0,,24.0,1.0,8.0,103.08950477055885,98.37104072398188,0.6259842519685039,0.7293577981651376,0.4703703703703704,0.5677966101694916,0.4761904761904761,0.4677716390423573,0.5677966101694916,0.4761904761904761,0.4983388704318937,0.6086956521739131,0.5204081632653061,0.05,0.0634146341463414,0.0625,26.611635220125784,0.6,0.1864406779661017,0.0363636363636363,0.2293233082706766,0.120627261761158,0.1901408450704225,0.0923076923076923,0.2190388170055452,0.1138659320477502,0.1759656652360515,0.1127596439169139,0.081081081081081,0.0984455958549222,0.0746268656716417,0.2619926199261992,0.22265625,0.2029520295202952,0.1741293532338308,0.2289156626506024,0.1038461538461538,0.55,0.3775322283609576,0.6487804878048781,0.6927083333333334,0.6015037593984962,0.4125230202578269,0.3616071428571428,0.3857142857142857,0.6419753086419753,0.2044198895027624,0.6101694915254238,0.6666666666666666,0.125,0.4761904761904761,0.575,0.3830570902394107,0.4602744935543278,0.5336163265306123,0.4879285714285714,0.1097972972972973,0.1103565365025466,0.28,0.17,7.466481481481481,0.375,0.2727272727272727,0.1876419809177646,40.0,1.0,,2.0,,,,2.0,,,1.0,1.0,4.0,,,,0.005524861878453,0.3603603603603603,0.3603603603603603,0.675,0.001841620626151,0.003683241252302,,,,,,23.1,0.1857142857142857,,,,,,,,,,,,2.0,,,,,,,,,,,,,,,,,,,,,,,,,,,,0.0,2.0,,,63.0,0.4784688995215311,0.005976990136417837
100076,Tina Thompson,15,34,2011,1623,LAS,1611661320,37.0,74.0,178.0,USC,USA,1997,1,1,850.505,120,311,43,127,55,66,50,106,156,38,68,39,23,14,74,76,338,-94,1,0,3.5,91.74,104.9,104.9,-5.5,104.2,99.4,76.45,8.5,99.4,92.06,-5.5,-4.8,91.74,99.4,9.1,0.56,700.2,699.0,2637,,,,,,,,,,,,,0.441,0.386,0.339,0.833,15.3,0.097,0.078,0.129,15.2,0.497,0.455,0.226,0.063,0.221,,,,,,,,,,,,,,,,,,,1611661320,Tina Thompson,Tina Thompson,100076,LAS,51032.0,34,851,-94.0,1586,1596,312,238,175,3182,32.0,56.0,9.0,19.0,8.0,12.0,34.0,92.0,36.0,77.0,184.0,55.0,338.0,1708,13.0,33.0,8.0,46.0,11.0,26.0,24.0,61.0,94.0,60.0,14.0,12.0,32.0,6.0,38.0,4.0,2.0,22.0,6.0,4.0,82.0,17.0,32.0,1.0,31.0,65,10.0,106,50.0,156,6.0,39.0,28.0,11.0,36.0,17.0,30.0,32.0,5.0,6.0,2.0,68.0,5.0,14.0,45.0,74.0,3.0,3.0,4.0,76.0,7.0,9.0,3.0,23.0,6.0,20.0,7.0,13.0,23.0,14.0,292.0,59.0,305,4.0,6.0,21.0,2.0,66.0,1.0,12.0,,5.0,101.76544766708702,107.01754385964912,0.6103896103896104,0.6714285714285714,0.4184782608695652,0.3939393939393939,0.4230769230769231,0.454983922829582,0.4318181818181818,0.3557692307692308,0.4941002949852507,0.45,0.46875,0.0652173913043478,0.1071428571428571,0.0543478260869565,22.573488630061007,0.5294117647058824,0.25,0.0344827586206896,0.1247600767754318,0.0625,0.1291666666666666,0.0732758620689655,0.1261498028909329,0.0658602150537634,0.0647482014388489,0.0502283105022831,0.0779220779220779,0.0426829268292682,0.1470588235294117,0.0700636942675159,0.1880733944954128,0.0890410958904109,0.1099476439790576,0.2040816326530612,0.0346820809248554,0.6086956521739131,0.180064308681672,0.5714285714285714,0.64,0.5625,0.2958199356913183,0.3695652173913043,0.3908045977011494,0.6764705882352942,0.1157556270096463,0.4318181818181818,0.4736842105263157,,0.2307692307692307,0.6666666666666666,0.5884244372990354,0.4538070739549839,0.5119133333333333,0.4304865384615385,0.075075075075075,0.1127450980392156,0.136094674556213,0.1804733727810651,8.477717391304349,0.5416666666666666,0.3103448275862069,0.1967213114754098,11.0,13.0,40.0,114.0,24.0,26.0,120.0,114.0,40.0,1.0,3.0,1.0,10.0,0.9302325581395348,0.3385826771653543,0.3385826771653543,0.4083601286173633,0.3055555555555556,0.3142857142857143,0.5454545454545454,0.0418006430868167,0.3665594855305466,0.3508771929824561,0.3571428571428571,0.925,0.4615384615384615,0.3508771929824561,23.69370078740157,0.2,0.2125,3.0,1.0,2.0,8.0,4.0,11.0,5.0,9.0,2.0,5.0,,0.1923076923076923,0.0157480314960629,0.0175438596491228,0.2307692307692307,0.2307692307692307,1.0,0.1818181818181818,0.0384615384615384,0.5,0.1666666666666666,2.0,3.0,0.0277777777777777,0.0681818181818181,3.0,4.0,3.0,0.3636363636363636,0.375,1.0,1.0,,2.0,,0.3333333333333333,1.0,0.0155038759689922,0.0,,,,65.0,0.4512683578104139,-0.02122355157469935
100284,Tully Bevilaqua,18,34,2011,971,SAN,1611661319,39.0,67.0,145.0,None,Australia,Undrafted,Undrafted,Undrafted,494.13666666666666,37,82,12,42,13,18,10,38,48,55,25,24,2,3,31,28,99,-15,0,0,1.1,94.81,92.4,92.4,-0.6,92.0,91.8,79.01,32.4,91.8,93.81,-0.6,2.0,94.81,94.1,2.4,2.2,292.1,266.0,2674,,,,,,,,,,,,,0.529,0.451,0.286,0.722,14.7,0.05,0.185,0.078,14.7,0.55,0.524,0.113,0.022,0.107,,,,,,,,,,,,,,,,,,,1611661319,Tully Bevilaqua,Tully Bevilaqua,100284,SAN,29642.0,34,494,-15.0,922,951,174,180,89,1873,9.0,12.0,,1.0,1.0,1.0,2.0,4.0,24.0,25.0,40.0,13.0,99.0,906,,3.0,,3.0,4.0,6.0,8.0,28.0,32.0,18.0,,3.0,33.0,22.0,55.0,13.0,9.0,10.0,12.0,11.0,132.0,5.0,5.0,,9.0,28,1.0,38,10.0,48,1.0,24.0,18.0,6.0,18.0,2.0,17.0,7.0,1.0,1.0,1.0,25.0,1.0,3.0,8.0,31.0,,3.0,,28.0,3.0,7.0,1.0,5.0,3.0,2.0,1.0,1.0,2.0,2.0,96.0,28.0,169,2.0,4.0,6.0,,6.0,,,,,96.63774403470715,95.26813880126184,0.64,0.64,0.625,,0.6666666666666666,0.524390243902439,0.375,0.5882352941176471,0.55,0.375,0.6086956521739131,0.075,0.1666666666666666,0.25,11.296660117878194,0.72,0.0714285714285714,,0.0806916426512968,0.0168350168350168,0.0775862068965517,0.0393700787401574,0.079913606911447,0.0235849056603773,0.0142857142857142,0.0151515151515151,0.0210526315789473,0.025,0.0638297872340425,0.091743119266055,0.0533333333333333,0.1136363636363636,0.0659340659340659,0.12,0.0238095238095238,1.0,0.1463414634146341,0.75,0.9,0.4444444444444444,0.048780487804878,0.5,0.6666666666666666,0.5,0.2926829268292683,0.25,,,0.0588235294117647,1.0,0.6585365853658537,0.4798737804878048,0.4824833333333333,0.4431588235294117,0.0689655172413793,0.1136363636363636,0.0303030303030303,0.2828282828282828,12.1175,0.3333333333333333,0.5,0.1887201735357917,14.0,14.0,10.0,28.0,7.0,11.0,36.0,28.0,10.0,,,,5.0,1.0,0.2857142857142857,0.2857142857142857,0.5121951219512195,0.5833333333333334,0.5833333333333334,0.7857142857142857,0.1707317073170731,0.3414634146341463,0.3571428571428571,0.3571428571428571,1.0,0.4117647058823529,0.3571428571428571,22.192857142857143,0.1,0.1333333333333333,2.0,1.0,4.0,1.0,3.0,1.0,4.0,,,,,0.3636363636363636,,,0.1428571428571428,0.1428571428571428,1.0,0.25,0.2352941176470588,0.25,0.4285714285714285,,,,,1.0,1.0,,1.0,1.0,1.0,,,1.0,,,,0.0232558139534883,0.0,,,,33.0,0.5076923076923077,0.0352003983071944
202643,Victoria Dunlap,4,26,2011,418,WAS,1611661322,22.0,73.0,,Kentucky,USA,2011,1,11,218.7433333333333,25,57,1,2,8,17,17,26,43,11,15,18,5,7,19,19,59,-74,0,0,1.0,91.5,102.4,102.4,-18.2,103.6,84.2,76.25,12.1,84.2,89.12,-18.2,-15.8,91.5,87.8,2.2,0.73,181.1,160.0,2585,,,,,,,,,,,,,0.154,0.439,0.5,0.471,16.5,0.101,0.107,0.13,16.6,0.458,0.447,0.171,0.076,0.162,,,,,,,,,,,,,,,,,,,1611661322,Victoria Dunlap,Victoria Dunlap,202643,WAS,13122.0,26,219,-74.0,389,397,95,112,63,786,16.0,31.0,7.0,11.0,1.0,3.0,6.0,18.0,6.0,24.0,55.0,8.0,59.0,426,9.0,16.0,,18.0,3.0,9.0,3.0,12.0,22.0,26.0,2.0,7.0,9.0,2.0,11.0,,2.0,6.0,1.0,2.0,24.0,3.0,14.0,,3.0,19,4.0,26,17.0,43,1.0,18.0,14.0,4.0,9.0,2.0,6.0,6.0,1.0,3.0,1.0,15.0,1.0,5.0,8.0,19.0,1.0,1.0,1.0,19.0,3.0,2.0,1.0,7.0,2.0,4.0,1.0,3.0,5.0,1.0,41.0,12.0,95,1.0,2.0,9.0,,8.0,,9.0,7.0,,90.48843187660668,107.30478589420656,0.4583333333333333,0.4782608695652174,0.4363636363636363,0.5625,0.3333333333333333,0.4473684210526316,0.5625,0.45,0.4538461538461538,0.5625,0.4615384615384615,0.1272727272727272,0.1612903225806451,0.1111111111111111,17.24137931034483,0.6,0.25,,0.1283783783783783,0.0880503144654088,0.1034482758620689,0.0697674418604651,0.1242937853107344,0.0841584158415841,0.1132075471698113,0.02,0.125,0.0666666666666666,0.0769230769230769,0.1489361702127659,0.0655737704918032,0.2,0.1578947368421052,,0.0434782608695652,0.2,0.543859649122807,0.5161290322580645,0.6153846153846154,0.5625,0.3157894736842105,0.3333333333333333,0.375,0.1666666666666666,0.1052631578947368,0.6875,0.6363636363636364,0.1428571428571428,0.3,0.3333333333333333,0.5789473684210527,0.4915947368421053,0.531776923076923,0.43268,0.1111111111111111,0.1147540983606557,0.3050847457627119,0.2033898305084746,5.470909090909091,0.3571428571428571,0.2727272727272727,0.2442159383033419,2.0,,1.0,2.0,1.0,1.0,3.0,2.0,1.0,,1.0,,2.0,1.0,0.5,0.5,0.0350877192982456,0.3333333333333333,0.3333333333333333,0.5,,0.0350877192982456,0.5,0.5,1.0,0.1,0.5,23.75,,1.0,,,,,1.0,,1.0,,,,,1.0,,,,,,,,,1.0,1.0,,,,,,,,,,,,,,,,,0.0,,,,21.0,0.4041095890410959,-0.06838232034401737
