PLAYER_ID,PLAYER_NAME,W,GP,year,POSS,TEAM_ABBREVIATION,TEAM_ID,AGE,PLAYER_HEIGHT_INCHES,PLAYER_WEIGHT,COLLEGE,COUNTRY,DRAFT_YEAR,DRAFT_ROUND,DRAFT_NUMBER,MIN,FGM,FGA,FG3M,FG3A,FTM,FTA,OREB,DREB,REB,AST,TOV,STL,BLK,BLKA,PF,PFD,PTS,PLUS_MINUS,DD2,TD3,FGM_PG,sp_work_PACE,sp_work_DEF_RATING,DEF_RATING,sp_work_NET_RATING,E_DEF_RATING,OFF_RATING,PACE_PER40,AST_RATIO,sp_work_OFF_RATING,E_PACE,NET_RATING,E_NET_RATING,PACE,E_OFF_RATING,FGA_PG,AST_TO,NBA_FANTASY_PTS,WNBA_FANTASY_PTS,team_poss,two_pt_def_FG2A,two_pt_def_FG2M,three_pt_def_FG3M,three_pt_def_FG3A,overall_def_D_FGA,overall_def_D_FGM,less_10ft_def_FGM_LT_10,less_10ft_def_FGA_LT_10,less_6ft_def_FGM_LT_06,less_6ft_def_FGA_LT_06,more_15ft_def_FGM_GT_15,more_15ft_def_FGA_GT_15,W_PCT,FG_PCT,FG3_PCT,FT_PCT,TM_TOV_PCT,REB_PCT,AST_PCT,DREB_PCT,E_TOV_PCT,TS_PCT,EFG_PCT,E_USG_PCT,OREB_PCT,USG_PCT,overall_def_NORMAL_FG_PCT,overall_def_D_FG_PCT,overall_def_PCT_PLUSMINUS,less_6ft_def_LT_06_PCT,less_6ft_def_NS_LT_06_PCT,less_6ft_def_FREQ,less_10ft_def_FREQ,less_10ft_def_NS_LT_10_PCT,less_10ft_def_LT_10_PCT,more_15ft_def_GT_15_PCT,more_15ft_def_NS_GT_15_PCT,more_15ft_def_FREQ,two_pt_def_FG2_PCT,two_pt_def_FREQ,two_pt_def_NS_FG2_PCT,three_pt_def_FG3_PCT,three_pt_def_FREQ,three_pt_def_NS_FG3_PCT,TeamId,Name,ShortName,RowId,TeamAbbreviation,SecondsPlayed,GamesPlayed,Minutes,PlusMinus,OffPoss,DefPoss,PenaltyOffPoss,PenaltyDefPoss,SecondChanceOffPoss,TotalPoss,AtRimFGM,AtRimFGA,SecondChanceAtRimFGM,SecondChanceAtRimFGA,PenaltyAtRimFGM,PenaltyAtRimFGA,ShortMidRangeFGM,ShortMidRangeFGA,LongMidRangeFGA,FG2M,FG2A,FtPoints,Points,OpponentPoints,SecondChanceFG2M,SecondChanceFG2A,SecondChanceFtPoints,SecondChancePoints,PenaltyFG2M,PenaltyFG2A,PenaltyFtPoints,PenaltyPoints,PtsAssisted2s,PtsUnassisted2s,PtsPutbacks,Fg2aBlocked,TwoPtAssists,ThreePtAssists,Assists,Arc3Assists,Corner3Assists,AtRimAssists,ShortMidRangeAssists,LongMidRangeAssists,AssistPoints,OffThreePtRebounds,OffTwoPtRebounds,FTOffRebounds,DefThreePtRebounds,DefTwoPtRebounds,FTDefRebounds,DefRebounds,OffRebounds,Rebounds,SelfOReb,Steals,BadPassSteals,LostBallSteals,LiveBallTurnovers,BadPassOutOfBoundsTurnovers,BadPassTurnovers,DeadBallTurnovers,LostBallOutOfBoundsTurnovers,LostBallTurnovers,Travels,Turnovers,SecondChanceTurnovers,PenaltyTurnovers,ShootingFouls,Fouls,Charge Fouls,Loose Ball Fouls,Offensive Fouls,FoulsDrawn,Loose Ball Fouls Drawn,Offensive Fouls Drawn,2pt And 1 Free Throw Trips,TwoPtShootingFoulsDrawn,NonShootingFoulsDrawn,Blocked2s,BlockedAtRim,BlockedShortMidRange,Blocks,RecoveredBlocks,FirstChancePoints,PenaltyPointsExcludingTakeFouls,PenaltyOffPossExcludingTakeFouls,NonShootingPenaltyNonTakeFouls,NonShootingPenaltyNonTakeFoulsDrawn,Period2Fouls2Minutes,Period2Fouls3Minutes,Period3Fouls3Minutes,Period3Fouls4Minutes,Period4Fouls4Minutes,Period4Fouls5Minutes,PeriodOTFouls4Minutes,OnOffRtg,OnDefRtg,Assisted2sPct,NonPutbacksAssisted2sPct,Fg2Pct,SecondChanceFg2Pct,PenaltyFg2Pct,EfgPct,SecondChanceEfgPct,PenaltyEfgPct,TsPct,SecondChanceTsPct,PenaltyTsPct,FG2APctBlocked,AtRimPctBlocked,ShortMidRangePctBlocked,Usage,LiveBallTurnoverPct,DefFTReboundPct,OffFTReboundPct,DefTwoPtReboundPct,OffTwoPtReboundPct,DefThreePtReboundPct,OffThreePtReboundPct,DefFGReboundPct,OffFGReboundPct,OffAtRimReboundPct,OffShortMidRangeReboundPct,OffLongMidRangeReboundPct,OffArc3ReboundPct,OffCorner3ReboundPct,DefAtRimReboundPct,DefShortMidRangeReboundPct,DefLongMidRangeReboundPct,DefArc3ReboundPct,DefCorner3ReboundPct,SelfORebPct,BlocksRecoveredPct,AtRimFrequency,AtRimAccuracy,UnblockedAtRimAccuracy,AtRimPctAssisted,ShortMidRangeFrequency,ShortMidRangeAccuracy,UnblockedShortMidRangeAccuracy,ShortMidRangePctAssisted,LongMidRangeFrequency,SecondChanceAtRimFrequency,SecondChanceAtRimAccuracy,SecondChanceAtRimPctAssisted,PenaltyAtRimFrequency,PenaltyAtRimAccuracy,AtRimFG3AFrequency,ShotQualityAvg,SecondChanceShotQualityAvg,PenaltyShotQualityAvg,ShootingFoulsDrawnPct,TwoPtShootingFoulsDrawnPct,SecondChancePointsPct,PenaltyPointsPct,Avg2ptShotDistance,AtRimOffReboundedPct,ShortMidRangeOffReboundedPct,PenaltyOffPossPct,LongMidRangeFGM,Corner3FGA,Arc3FGM,Arc3FGA,PenaltyArc3FGA,PenaltyFG3A,PtsAssisted3s,NonHeaveArc3FGA,NonHeaveArc3FGM,StepOutOfBoundsTurnovers,Blocked3s,Period1Fouls2Minutes,Assisted3sPct,Fg3Pct,NonHeaveFg3Pct,FG3APct,LongMidRangeAccuracy,UnblockedLongMidRangeAccuracy,LongMidRangePctAssisted,Corner3Frequency,Arc3Frequency,Arc3Accuracy,UnblockedArc3Accuracy,Arc3PctAssisted,PenaltyArc3Frequency,NonHeaveArc3Accuracy,Avg3ptShotDistance,LongMidRangeOffReboundedPct,ThreePtOffReboundedPct,Corner3FGM,PenaltyCorner3FGM,PenaltyCorner3FGA,SecondChanceArc3FGA,PenaltyArc3FGM,SecondChanceFG3A,PenaltyFG3M,PtsUnassisted3s,Fg3aBlocked,Technical Free Throw Trips,BlockedLongMidRange,PenaltyFg3Pct,FG3APctBlocked,Arc3PctBlocked,Corner3Accuracy,UnblockedCorner3Accuracy,Corner3PctAssisted,SecondChanceArc3Frequency,PenaltyCorner3Frequency,PenaltyCorner3Accuracy,PenaltyArc3Accuracy,BlockedArc3,SecondChanceCorner3FGA,LongMidRangePctBlocked,SecondChanceCorner3Frequency,SecondChanceArc3FGM,SecondChanceFG3M,Charge Fouls Drawn,SecondChanceFg3Pct,SecondChanceArc3Accuracy,SecondChanceArc3PctAssisted,SecondChanceCorner3FGM,Clear Path Fouls,ThreePtShootingFoulsDrawn,SecondChanceCorner3Accuracy,SecondChanceCorner3PctAssisted,ThreePtShootingFoulsDrawnPct,3pt And 1 Free Throw Trips,PeriodOTFouls5Minutes,Period3Fouls5Minutes,Stops,adjusted_trueshooting_pct,relative_adjusted_ts_pct
100949,Alana Beard,2,4,2012,269,LAS,1611661320,31.0,71,160.0,Duke,USA,2004,1,2,136.43333333333334,28,57,0,7,10,17,1,8,9,14,10,7,1,1,11,9,66,13,0,0,7.0,94.46,109.3,109.3,4.4,107.8,113.8,78.72,15.7,113.8,95.52,4.4,5.1,94.46,112.9,14.3,1.4,111.8,105.0,312,,,,,,,,,,,,,0.5,0.491,0.0,0.588,11.2,0.035,0.159,0.057,11.3,0.512,0.491,0.243,0.009,0.24,,,,,,,,,,,,,,,,,,,1611661320,Alana Beard,Alana Beard,100949,LAS,8186.0,4,136,13.0,266,264,52.0,36.0,34.0,530,14.0,21.0,,1.0,1.0,2.0,6.0,9.0,20.0,28.0,50.0,10.0,66.0,293,2.0,4.0,1.0,5.0,2.0,5.0,3.0,7.0,24.0,32.0,,1.0,9.0,5.0,14.0,5.0,,8.0,,1.0,33.0,,1.0,,3.0,5.0,,8.0,1.0,9.0,0.0,7.0,3.0,4.0,6.0,1.0,3.0,4.0,1.0,3.0,,10.0,,3.0,2.0,11.0,1.0,,1.0,9.0,,,1.0,9.0,,1.0,1.0,,1.0,,61.0,7.0,51.0,1.0,,9.0,,9.0,,7.0,,,115.0375939849624,110.98484848484848,0.4285714285714285,0.4285714285714285,0.56,0.5,0.4,0.4912280701754385,0.5,0.2857142857142857,0.5076923076923077,0.5,0.35,0.02,0.0476190476190476,,24.271844660194176,0.6,,,0.0549450549450549,0.0125,0.0666666666666666,,0.0588235294117647,0.0094339622641509,0.0333333333333333,,,,,0.0857142857142857,0.0588235294117647,,0.054054054054054,0.125,,,0.3684210526315789,0.6666666666666666,0.7,0.4285714285714285,0.1578947368421052,0.6666666666666666,0.6666666666666666,0.5,0.3508771929824561,0.25,,,0.2857142857142857,0.5,0.4912280701754385,0.4553815789473684,0.3339,0.4036642857142857,0.1384615384615384,0.1551724137931034,0.0757575757575757,0.106060606060606,9.308,0.4285714285714285,0.6666666666666666,0.1954887218045112,8.0,1.0,,6.0,1.0,2.0,,6.0,,,,,,,,0.1228070175438596,0.4,0.4,0.375,0.0175438596491228,0.1052631578947368,,,,0.1428571428571428,,22.65714285714285,0.4545454545454545,0.5,,,1.0,,,,,,,,,,,,,,,,0.1428571428571428,,,,,,,,,,,,,,,,,,,0.0,,,7.0,0.4583333333333333,-0.01714262665375932
202652,Alex Montgomery,0,2,2012,41,NYL,1611661313,24.0,73,185.0,Georgia Tech,USA,2011,1,10,23.816666666666663,2,7,1,4,3,4,2,4,6,0,0,2,0,0,1,2,8,-14,0,0,1.0,85.65,104.5,104.5,-26.5,106.0,78.0,71.38,0.0,78.0,88.27,-26.5,-33.6,85.65,72.4,3.5,0.0,21.2,19.0,147,,,,,,,,,,,,,0.0,0.286,0.25,0.75,0.0,0.12,0.0,0.2,0.0,0.457,0.357,0.168,0.067,0.173,,,,,,,,,,,,,,,,,,,1611661313,Alex Montgomery,Alex Montgomery,202652,NYL,1429.0,2,24,-14.0,40,43,7.0,18.0,8.0,83,,,,,,,,1.0,2.0,1.0,3.0,3.0,8.0,46,,,,,,1.0,2.0,2.0,2.0,,,,,,,,,,,,,,2.0,,1.0,2.0,1.0,4.0,2.0,6.0,0.0,2.0,1.0,1.0,,,0.0,,,,,0.0,,,,1.0,,,,2.0,1.0,,0.0,1.0,1.0,,,,,,8.0,2.0,7.0,1.0,1.0,,,,,,,,80.0,106.97674418604652,1.0,1.0,0.3333333333333333,,,0.3571428571428571,,,0.4444444444444444,,0.3333333333333333,,,,17.647058823529413,,0.5,,0.1818181818181818,0.1052631578947368,0.2,,0.1875,0.0714285714285714,,,0.3333333333333333,,,0.25,,0.5,0.25,,,,,,,,0.1428571428571428,,,,0.2857142857142857,,,,,,0.5714285714285714,0.4339833333333333,,0.40645,0.125,0.25,,0.25,13.933333333333332,,,0.175,1.0,2.0,,2.0,,1.0,3.0,1.0,,,,,1.0,0.25,0.3333333333333333,0.5714285714285714,0.5,0.5,1.0,0.2857142857142857,0.2857142857142857,,,,,,29.225,,,1.0,,1.0,,,,,,,,,,,,0.5,0.5,1.0,,0.5,,,,,,,,,,,,,,,,,,,0.0,,,2.0,0.4444444444444444,-0.031031515542648214
202255,Allison Hightower,3,5,2012,239,CON,1611661323,25.0,70,139.0,Louisiana State,USA,2010,2,15,132.905,15,40,3,10,6,7,6,13,19,19,8,2,0,0,7,7,39,-5,0,0,3.0,86.14,99.6,99.6,-2.5,98.7,97.1,71.78,27.1,97.1,87.9,-2.5,-4.7,86.14,94.0,8.0,2.38,88.3,84.0,351,,,,,,,,,,,,,0.6,0.375,0.3,0.857,11.4,0.071,0.257,0.097,11.4,0.453,0.413,0.181,0.045,0.179,,,,,,,,,,,,,,,,,,,1611661323,Allison Hightower,Allison Hightower,202255,CON,7973.0,5,133,-5.0,234,231,33.0,47.0,37.0,465,2.0,5.0,1.0,1.0,1.0,1.0,4.0,15.0,10.0,12.0,30.0,6.0,39.0,237,1.0,4.0,2.0,4.0,2.0,2.0,,4.0,4.0,20.0,2.0,,16.0,3.0,19.0,1.0,2.0,1.0,9.0,6.0,41.0,2.0,4.0,,1.0,12.0,,13.0,6.0,19.0,2.0,2.0,1.0,1.0,6.0,2.0,5.0,2.0,,1.0,,8.0,1.0,,1.0,7.0,,,,7.0,2.0,,1.0,4.0,,,,,,,35.0,4.0,33.0,1.0,,1.0,,,,,,,99.14529914529916,102.5974025974026,0.1666666666666666,0.1818181818181818,0.4,0.25,1.0,0.4125,0.25,0.6666666666666666,0.4534883720930232,0.4,0.6666666666666666,,,,18.214285714285715,0.75,,,0.1304347826086956,0.0434782608695652,0.0285714285714285,0.0606060606060606,0.1023622047244094,0.048,0.0689655172413793,0.064516129032258,,0.0454545454545454,0.0909090909090909,0.0975609756097561,0.1111111111111111,0.2083333333333333,0.0384615384615384,,0.08,,0.125,0.4,0.4,,0.375,0.2666666666666666,0.2666666666666666,0.25,0.25,0.25,1.0,,0.3333333333333333,1.0,0.375,0.43959,0.3912333333333333,0.4906333333333333,0.0930232558139534,0.1212121212121212,0.1025641025641025,0.1025641025641025,10.753333333333334,,0.4545454545454545,0.141025641025641,6.0,5.0,1.0,5.0,1.0,1.0,6.0,5.0,1.0,,,,0.6666666666666666,0.3,0.3,0.25,0.6,0.6,0.1666666666666666,0.125,0.125,0.2,0.2,,0.3333333333333333,0.2,21.87,0.25,0.4285714285714285,2.0,,,,,,,3.0,,,,,,,0.4,0.4,1.0,,,,,,,,,,,,,,,,,,,,,0.0,,,2.0,0.4431818181818182,-0.03229414180527446
202644,Amber Harris,4,6,2012,55,MIN,1611661324,25.0,77,202.0,Xavier (Ohio), ,2011,1,4,25.71333333333333,4,9,1,4,1,2,1,3,4,0,2,0,0,0,1,2,10,-13,0,0,0.7,101.74,111.1,111.1,-25.7,113.8,85.5,84.78,0.0,85.5,97.41,-25.7,-22.8,101.74,91.0,1.5,0.0,12.8,15.0,685,,,,,,,,,,,,,0.667,0.444,0.25,0.5,16.7,0.087,0.0,0.136,16.8,0.506,0.5,0.217,0.042,0.2,,,,,,,,,,,,,,,,,,,1611661324,Amber Harris,Amber Harris,202644,MIN,1543.0,6,26,-13.0,51,52,18.0,18.0,6.0,103,2.0,2.0,1.0,1.0,2.0,2.0,,,3.0,3.0,5.0,1.0,10.0,60,1.0,1.0,,2.0,2.0,3.0,,4.0,4.0,2.0,2.0,,,,,,,,,,,,1.0,,1.0,1.0,1.0,3.0,1.0,4.0,0.0,,,,,,0.0,2.0,,,2.0,2.0,,1.0,1.0,1.0,,,,2.0,1.0,,0.0,1.0,,,,,,,8.0,4.0,18.0,,,,,,,,,,92.15686274509804,115.3846153846154,0.6666666666666666,1.0,0.6,1.0,0.6666666666666666,0.5,1.0,0.6666666666666666,0.5,1.0,0.6666666666666666,,,,21.428571428571427,,0.5,,0.0909090909090909,0.0769230769230769,0.1111111111111111,,0.1,0.0454545454545454,,0.125,,,,,,0.5,0.1428571428571428,,,,0.2222222222222222,1.0,1.0,0.5,,,,,0.3333333333333333,1.0,1.0,,0.6666666666666666,1.0,0.6666666666666666,0.5129277777777778,0.5906,0.5275333333333333,0.1,0.1666666666666666,0.2,0.4,10.76,,,0.3529411764705882,1.0,,1.0,4.0,,,3.0,4.0,1.0,,,,1.0,0.25,0.25,0.4444444444444444,0.3333333333333333,0.3333333333333333,1.0,,0.4444444444444444,0.25,0.25,1.0,,0.25,21.7,0.5,,,,,,,,,,,,,,,,,,,,,,,,,,,,,,,,,,,,,,,0.0,,,0.0,0.4166666666666667,-0.05880929332042595
202623,Aneika Morello,1,3,2012,64,ATL,1611661330,27.0,75,205.0,Florida,USA,Undrafted,Undrafted,Undrafted,30.258333333333333,3,4,0,0,2,2,1,4,5,0,3,0,2,0,5,1,8,5,0,0,1.0,99.94,95.2,95.2,4.8,93.1,100.0,83.28,0.0,100.0,99.05,4.8,10.9,99.94,104.0,1.3,0.0,17.0,17.0,239,,,,,,,,,,,,,0.333,0.75,0.0,1.0,37.5,0.088,0.0,0.133,38.1,0.82,0.75,0.113,0.037,0.11,,,,,,,,,,,,,,,,,,,1611661330,Aneika Morello,Aneika Morello,202623,ATL,1815.0,3,30,5.0,62,61,11.0,23.0,8.0,123,2.0,2.0,,,,,1.0,2.0,,3.0,4.0,2.0,8.0,59,,,,,,,2.0,2.0,6.0,,,,,,,,,,,,,,1.0,,2.0,2.0,,4.0,1.0,5.0,0.0,,,,1.0,,0.0,2.0,,1.0,1.0,3.0,1.0,,2.0,5.0,,1.0,,1.0,1.0,,0.0,,1.0,2.0,1.0,1.0,2.0,1.0,8.0,2.0,11.0,2.0,1.0,3.0,,,,,,,103.22580645161293,96.72131147540983,1.0,1.0,0.75,,,0.75,,,0.8,,1.0,,,,11.267605633802818,0.3333333333333333,,,0.1111111111111111,0.0526315789473684,0.25,,0.1538461538461538,0.04,,,0.1,,,0.1111111111111111,,0.25,0.2857142857142857,,,0.5,0.5,1.0,1.0,1.0,0.5,0.5,0.5,1.0,,,,,,,0.5,0.507075,,,,,,0.25,6.125,,,0.1774193548387097,,,,,,,,,,,,,,,,,,,,,,,,,,,,,,,,,,,,,,,,,,,,,,,,,,,,,,,,,,,,,,,,,,,0.0,,,1.0,0.5,0.024524040012907367
201881,Angel McCoughtry,1,3,2012,200,ATL,1611661330,26.0,73,160.0,Louisville,USA,2009,1,1,100.34,21,51,3,12,9,11,8,9,17,10,6,7,4,5,8,16,54,-19,0,0,7.0,95.67,102.5,102.5,-9.5,100.5,93.0,79.73,13.9,93.0,97.57,-9.5,-9.3,95.67,91.2,17.0,1.67,116.4,106.0,239,,,,,,,,,,,,,0.333,0.412,0.25,0.818,8.3,0.084,0.185,0.098,8.4,0.484,0.441,0.264,0.072,0.258,,,,,,,,,,,,,,,,,,,1611661330,Angel McCoughtry,Angel McCoughtry,201881,ATL,6019.0,3,100,-19.0,196,198,33.0,46.0,34.0,394,12.0,19.0,6.0,6.0,2.0,2.0,2.0,8.0,12.0,18.0,39.0,9.0,54.0,205,6.0,9.0,4.0,16.0,2.0,2.0,5.0,9.0,14.0,22.0,4.0,4.0,9.0,1.0,10.0,1.0,,4.0,,5.0,21.0,3.0,5.0,,3.0,6.0,,9.0,8.0,17.0,4.0,7.0,6.0,1.0,1.0,1.0,1.0,5.0,1.0,,,6.0,1.0,2.0,3.0,8.0,1.0,1.0,1.0,16.0,1.0,1.0,1.0,4.0,2.0,4.0,3.0,1.0,4.0,3.0,38.0,9.0,33.0,1.0,3.0,,,4.0,,2.0,,,94.89795918367346,103.53535353535354,0.3888888888888889,0.4375,0.4615384615384615,0.6666666666666666,1.0,0.4411764705882353,0.6666666666666666,0.6666666666666666,0.4821428571428571,0.7272727272727273,0.75,0.1025641025641025,0.1052631578947368,0.125,26.382978723404253,0.1666666666666666,,,0.1052631578947368,0.0588235294117647,0.125,0.1363636363636363,0.1111111111111111,0.0747663551401869,0.064516129032258,,0.1111111111111111,0.0952380952380952,1.0,0.074074074074074,0.0666666666666666,0.2,0.1428571428571428,,0.1666666666666666,0.75,0.3725490196078431,0.631578947368421,0.7058823529411765,0.4166666666666667,0.1568627450980392,0.25,0.2857142857142857,,0.2352941176470588,0.6666666666666666,1.0,0.3333333333333333,0.6666666666666666,1.0,0.6078431372549019,0.5127127450980392,0.5175,0.4576499999999999,0.074074074074074,0.0952380952380952,0.2962962962962963,0.1666666666666666,8.438461538461539,0.2857142857142857,0.3333333333333333,0.1683673469387755,4.0,1.0,3.0,11.0,1.0,1.0,3.0,11.0,3.0,,,,0.3333333333333333,0.25,0.25,0.2352941176470588,0.3333333333333333,0.3636363636363636,0.5,0.0196078431372549,0.2156862745098039,0.2727272727272727,0.3,0.3333333333333333,0.3333333333333333,0.2727272727272727,22.525,0.2857142857142857,0.4444444444444444,,,,,,,,6.0,1.0,,,,0.0833333333333333,0.0909090909090909,,,,,,,,,,0.0833333333333333,,,,,,,,,,,,,,0.0,,,11.0,0.47368421052631576,-0.0017917494607768703
100445,Ann Wauters,1,3,2012,79,SEA,1611661328,32.0,76,193.0,None,USA,2000,1,1,38.141666666666666,3,12,0,1,2,4,1,6,7,3,0,1,1,0,5,4,8,-15,0,0,1.0,99.42,111.4,111.4,-19.0,112.1,92.4,82.85,17.6,92.4,99.14,-19.0,-19.7,99.42,92.4,4.0,0.0,26.9,22.0,236,,,,,,,,,,,,,0.333,0.25,0.0,0.5,0.0,0.106,0.12,0.2,0.0,0.291,0.25,0.166,0.028,0.165,,,,,,,,,,,,,,,,,,,1611661328,Ann Wauters,Ann Wauters,100445,SEA,2289.0,3,38,-15.0,78,77,27.0,38.0,5.0,155,3.0,6.0,,1.0,,,,4.0,1.0,3.0,11.0,2.0,8.0,88,,2.0,,,,3.0,,,6.0,,,,1.0,2.0,3.0,2.0,,1.0,,,8.0,,1.0,,,6.0,,6.0,1.0,7.0,1.0,1.0,1.0,,,,0.0,,,,,0.0,,,3.0,5.0,,,,4.0,,,0.0,2.0,,1.0,,1.0,1.0,1.0,8.0,,27.0,1.0,,,,,,,,,93.5897435897436,114.28571428571428,1.0,1.0,0.2727272727272727,,,0.25,,,0.2857142857142857,,,,,,16.867469879518072,,,,0.2608695652173913,0.0588235294117647,,,0.2142857142857142,0.032258064516129,0.1666666666666666,,,,,,0.2727272727272727,0.4285714285714285,,,0.125,1.0,0.5,0.5,0.5,1.0,0.3333333333333333,,,,0.0833333333333333,0.5,,,,,0.5833333333333334,0.4696541666666666,0.42905,0.3442375,0.1428571428571428,0.1538461538461538,,,5.6000000000000005,0.3333333333333333,,0.3461538461538461,,,,1.0,1.0,1.0,,1.0,,,,,,,,0.0833333333333333,,,,,0.0833333333333333,,,,0.25,,21.2,,1.0,,,,,,,,,,,,,,,,,,,,,,,,,,,,,,,,,,,,,,0.0,,,2.0,0.3076923076923077,-0.16778365229478492
203040,April Sykes,0,1,2012,15,LAS,1611661320,22.0,72,,Rutgers, ,2012,3,28,7.383333333333334,0,2,0,1,0,0,1,1,2,0,0,0,0,1,0,0,0,6,0,0,0.0,97.52,93.3,93.3,40.0,100.0,133.3,81.26,0.0,133.3,93.1,40.0,36.6,97.52,136.6,2.0,0.0,2.4,2.0,312,,,,,,,,,,,,,0.0,0.0,0.0,0.0,0.0,0.0,0.0,0.0,0.0,0.0,0.0,0.12,0.0,0.111,,,,,,,,,,,,,,,,,,,1611661320,April Sykes,April Sykes,203040,LAS,443.0,1,7,6.0,14,15,6.0,,1.0,29,,,,,,,,1.0,,,1.0,,0.0,14,,1.0,,,,,,,,,,1.0,,,,,,,,,,,1.0,,,1.0,,1.0,1.0,2.0,0.0,,,,,,0.0,,,,,0.0,,,,,,,,,,,0.0,,,,,,,,,,6.0,,,,,,,,,,142.85714285714283,93.33333333333334,,,,,,,,,,,,1.0,,1.0,11.76470588235294,,,,0.1666666666666666,0.2,,,0.125,0.1666666666666666,,0.3333333333333333,,,,0.5,,,,,,,,,,,0.5,,,,,,,,,,0.5,0.474875,0.4084,,,,,,5.0,,,0.4285714285714285,,1.0,,,,,,,,,,,,,,0.5,,,,0.5,,,,,,,21.8,,1.0,,,,,,,,,,,,,,,,,,,,,,,,,,,,,,,,,,,,,,0.0,,,0.0,0.0,-0.47547595998709263
201048,Armintie Herrington,1,3,2012,179,ATL,1611661330,28.0,69,133.0,Mississippi, ,2007,1,3,89.79333333333334,8,22,0,0,8,11,5,6,11,10,5,7,1,2,7,11,24,-20,0,0,2.7,95.69,105.0,105.0,-11.2,103.9,93.9,79.74,24.4,93.9,97.51,-11.2,-12.6,95.69,91.3,7.3,2.0,71.2,61.0,239,,,,,,,,,,,,,0.333,0.364,0.0,0.727,12.2,0.06,0.169,0.076,12.0,0.447,0.364,0.147,0.049,0.142,,,,,,,,,,,,,,,,,,,1611661330,Armintie Herrington,Armintie Herrington,201048,ATL,5389.0,3,90,-20.0,176,176,25.0,31.0,34.0,352,6.0,14.0,,2.0,1.0,1.0,1.0,3.0,5.0,8.0,22.0,8.0,24.0,188,,2.0,1.0,1.0,2.0,2.0,2.0,6.0,4.0,12.0,,2.0,8.0,2.0,10.0,2.0,,3.0,1.0,4.0,22.0,1.0,4.0,,2.0,3.0,1.0,6.0,5.0,11.0,0.0,7.0,6.0,1.0,3.0,1.0,3.0,2.0,,,,5.0,1.0,1.0,3.0,7.0,,1.0,,11.0,1.0,,1.0,4.0,2.0,1.0,1.0,,1.0,,23.0,6.0,25.0,,1.0,,,3.0,,2.0,,,95.45454545454544,106.8181818181818,0.25,0.25,0.3636363636363636,,1.0,0.3636363636363636,,1.0,0.4444444444444444,0.1666666666666666,1.0,0.0909090909090909,0.0714285714285714,0.3333333333333333,14.883720930232558,0.6,0.25,,0.0555555555555555,0.0493827160493827,0.1052631578947368,0.0625,0.0684931506849315,0.0515463917525773,0.0344827586206896,0.0714285714285714,0.0416666666666666,0.0666666666666666,,0.0769230769230769,0.0714285714285714,,0.1052631578947368,,,,0.6363636363636364,0.4285714285714285,0.4615384615384615,0.3333333333333333,0.1363636363636363,0.3333333333333333,0.5,,0.2272727272727272,1.0,,,0.5,1.0,0.6363636363636364,0.5405681818181818,0.59055,0.6008,0.16,0.16,0.0416666666666666,0.25,6.318181818181818,0.375,0.5,0.1420454545454545,1.0,,,,,,,,,1.0,,,,,,,0.2,0.2,,,,,,,,,,0.5,,,,,,,,,,,,,,,,,,,,,,,,,,,,,,,,,,,,,,,0.0,,,7.0,0.41379310344827586,-0.06168285653881678
100723,Asjha Jones,3,5,2012,257,CON,1611661323,32.0,75,196.0,Connecticut,USA,2002,1,4,143.35333333333332,30,57,1,2,7,9,13,19,32,13,10,3,1,4,13,11,68,0,1,0,6.0,85.55,103.1,103.1,-1.2,100.8,101.9,71.29,15.7,101.9,87.53,-1.2,-1.1,85.55,99.7,11.4,1.3,127.9,122.0,351,,,,,,,,,,,,,0.6,0.526,0.5,0.778,12.0,0.116,0.186,0.127,11.9,0.558,0.535,0.241,0.103,0.233,,,,,,,,,,,,,,,,,,,1611661323,Asjha Jones,Asjha Jones,100723,CON,8600.0,5,143,,248,247,41.0,42.0,36.0,495,7.0,13.0,2.0,4.0,1.0,1.0,12.0,22.0,20.0,29.0,55.0,7.0,68.0,262,3.0,7.0,2.0,8.0,6.0,9.0,1.0,13.0,38.0,20.0,4.0,4.0,8.0,5.0,13.0,4.0,1.0,6.0,2.0,,31.0,4.0,9.0,,4.0,13.0,2.0,19.0,13.0,32.0,2.0,3.0,2.0,1.0,7.0,1.0,4.0,3.0,,3.0,,10.0,2.0,1.0,3.0,13.0,,3.0,1.0,11.0,1.0,1.0,3.0,5.0,1.0,1.0,1.0,,1.0,1.0,60.0,13.0,41.0,1.0,1.0,2.0,,2.0,,4.0,4.0,,105.64516129032258,106.07287449392712,0.6551724137931034,0.7037037037037037,0.5272727272727272,0.4285714285714285,0.6666666666666666,0.5350877192982456,0.4285714285714285,0.6666666666666666,0.5666666666666667,0.5,0.65,0.0727272727272727,0.2307692307692307,0.0454545454545454,24.13793103448276,0.7,0.4,,0.1262135922330097,0.1058823529411764,0.1111111111111111,0.1212121212121212,0.1223021582733813,0.1101694915254237,0.1428571428571428,0.0606060606060606,0.1290322580645161,0.0869565217391304,0.2,0.075,0.2,0.1212121212121212,0.0384615384615384,0.3,0.0952380952380952,1.0,0.2280701754385964,0.5384615384615384,0.7,0.5714285714285714,0.3859649122807017,0.5454545454545454,0.5714285714285714,0.6666666666666666,0.3508771929824561,0.5714285714285714,0.5,,0.1111111111111111,1.0,0.2631578947368421,0.4216359649122806,0.5973,0.3815,0.0847457627118644,0.087719298245614,0.1176470588235294,0.1911764705882352,10.161818181818182,0.6666666666666666,0.2,0.1653225806451612,10.0,,1.0,2.0,,,3.0,2.0,1.0,1.0,,,1.0,0.5,0.5,0.0350877192982456,0.5,0.5,0.7,,0.0350877192982456,0.5,0.5,1.0,,0.5,22.8,0.3333333333333333,,,,,,,,,,,,,,,,,,,,,,,,,,,,,,,,,,,,,,,0.0,,,5.0,0.53125,0.05577404001290737
100342,Becky Hammon,0,2,2012,138,SAN,1611661319,36.0,66,136.0,Colorado State, ,Undrafted,Undrafted,Undrafted,69.63,13,26,4,11,4,4,3,3,6,9,7,2,0,0,6,8,34,-8,0,0,6.5,95.48,118.0,118.0,-4.9,116.9,113.0,79.56,20.9,113.0,97.24,-4.9,-7.0,95.48,110.0,13.0,1.29,53.7,57.0,160,,,,,,,,,,,,,0.0,0.5,0.364,1.0,16.3,0.048,0.191,0.055,16.0,0.612,0.577,0.215,0.042,0.209,,,,,,,,,,,,,,,,,,,1611661319,Becky Hammon,Becky Hammon,100342,SAN,4178.0,2,70,-8.0,137,137,23.0,18.0,22.0,274,8.0,11.0,1.0,1.0,1.0,2.0,,2.0,2.0,9.0,15.0,4.0,34.0,164,1.0,1.0,,5.0,1.0,2.0,,2.0,,18.0,,,8.0,1.0,9.0,1.0,,6.0,2.0,,19.0,1.0,2.0,,,3.0,,3.0,3.0,6.0,1.0,2.0,,2.0,4.0,1.0,1.0,3.0,,3.0,1.0,7.0,,,2.0,6.0,,,,8.0,,1.0,1.0,2.0,,,,,,,29.0,2.0,23.0,2.0,,,,,,3.0,,,113.86861313868611,119.70802919708028,,,0.6,1.0,0.5,0.5769230769230769,1.25,0.3333333333333333,0.6111111111111112,1.25,0.3333333333333333,,,,21.11801242236025,0.5714285714285714,,,0.0769230769230769,0.0454545454545454,,0.04,0.0588235294117647,0.0434782608695652,0.0526315789473684,0.0909090909090909,,0.0416666666666666,,,0.125,0.1111111111111111,,,0.0769230769230769,,0.4230769230769231,0.7272727272727273,0.7272727272727273,,0.0769230769230769,,,,0.0769230769230769,0.5,1.0,,0.6666666666666666,0.5,0.8461538461538461,0.49555,0.6134,0.49295,0.074074074074074,0.125,0.1470588235294117,0.0588235294117647,5.173333333333333,0.3333333333333333,1.0,0.1678832116788321,1.0,1.0,3.0,10.0,1.0,1.0,3.0,10.0,3.0,1.0,,,0.25,0.3636363636363636,0.3636363636363636,0.4230769230769231,0.5,0.5,,0.0384615384615384,0.3846153846153846,0.3,0.3,,0.3333333333333333,0.3,23.245454545454542,,0.2857142857142857,1.0,,,,,1.0,,9.0,,1.0,,,,,1.0,1.0,1.0,,,,,,1.0,,0.5,,1.0,1.0,1.0,,,1.0,,,1.0,1.0,,0.0,,,4.0,0.5230769230769231,0.04760096308983047
201896,Briann January,7,10,2012,624,IND,1611661325,26.0,68,144.0,Arizona State,USA,2009,1,6,338.25166666666667,46,108,5,22,18,20,6,17,23,38,30,16,3,11,32,44,115,41,0,0,4.6,88.9,98.3,98.3,7.4,95.1,105.6,74.09,20.7,105.6,91.6,7.4,7.7,88.9,102.8,10.8,1.27,226.6,219.0,734,,,,,,,,,,,,,0.7,0.426,0.227,0.9,16.3,0.034,0.2,0.047,16.2,0.492,0.449,0.2,0.019,0.197,,,,,,,,,,,,,,,,,,,1611661325,Briann January,Briann January,201896,IND,20296.0,10,338,41.0,616,618,129.0,121.0,93.0,1234,23.0,48.0,1.0,4.0,9.0,16.0,4.0,14.0,24.0,41.0,86.0,18.0,115.0,618,1.0,7.0,,5.0,11.0,20.0,8.0,33.0,26.0,56.0,,11.0,27.0,11.0,38.0,8.0,3.0,19.0,4.0,4.0,87.0,1.0,4.0,1.0,4.0,13.0,,17.0,6.0,23.0,1.0,16.0,8.0,8.0,18.0,5.0,16.0,12.0,2.0,2.0,,30.0,3.0,8.0,7.0,32.0,,1.0,2.0,44.0,1.0,4.0,4.0,9.0,3.0,3.0,3.0,,3.0,2.0,110.0,33.0,127.0,5.0,3.0,28.0,5.0,26.0,,10.0,1.0,,106.98051948051948,100.0,0.3170731707317073,0.3170731707317073,0.4767441860465116,0.1428571428571428,0.55,0.449074074074074,0.2272727272727272,0.5434782608695652,0.4956896551724138,0.2272727272727272,0.6346153846153846,0.127906976744186,0.1875,0.1428571428571428,20.027434842249654,0.6,,0.0714285714285714,0.0498084291187739,0.0193236714975845,0.0533333333333333,0.0109890109890109,0.050595238095238,0.0167785234899328,0.0096153846153846,0.0392156862745098,0.0192307692307692,0.0149253731343283,,0.0219780219780219,0.0714285714285714,0.0581395348837209,0.0535714285714285,0.0526315789473684,0.0196078431372549,0.6666666666666666,0.4444444444444444,0.4791666666666667,0.5897435897435898,0.391304347826087,0.1296296296296296,0.2857142857142857,0.3333333333333333,,0.2222222222222222,0.3636363636363636,0.25,,0.6956521739130435,0.5625,0.6481481481481481,0.525825462962963,0.4927642857142857,0.5930760869565218,0.079646017699115,0.0989010989010989,0.0434782608695652,0.2869565217391304,7.03953488372093,0.6,0.2,0.2094155844155844,14.0,5.0,3.0,17.0,3.0,3.0,15.0,17.0,3.0,,,7.0,1.0,0.2272727272727272,0.2272727272727272,0.2037037037037037,0.5833333333333334,0.5833333333333334,0.2857142857142857,0.0462962962962962,0.1574074074074074,0.1764705882352941,0.1764705882352941,1.0,0.1304347826086956,0.1764705882352941,22.036363636363635,0.5,0.2941176470588235,2.0,,,3.0,1.0,4.0,1.0,,,,,0.3333333333333333,,,0.4,0.4,1.0,0.2727272727272727,,,0.3333333333333333,,1.0,,0.0909090909090909,1.0,1.0,4.0,0.25,0.3333333333333333,1.0,,,,,,,0.0,,,26.0,0.44573643410852715,-0.029739525878565487
201067,Camille Smith,1,3,2012,146,SEA,1611661328,28.0,74,180.0,North Carolina,USA,2007,2,17,81.58,13,26,1,2,9,16,6,7,13,4,7,5,0,4,11,12,36,-5,0,0,4.3,85.61,91.0,91.0,-4.0,91.0,87.0,71.34,8.9,87.0,85.74,-4.0,-4.2,85.61,86.8,8.7,0.57,65.6,64.0,236,,,,,,,,,,,,,0.333,0.5,0.5,0.563,15.6,0.08,0.114,0.089,15.9,0.545,0.519,0.245,0.072,0.24,,,,,,,,,,,,,,,,,,,1611661328,Camille Little,Camille Little,201067,SEA,4894.0,3,82,-5.0,141,137,22.0,23.0,23.0,278,11.0,18.0,1.0,3.0,1.0,2.0,1.0,6.0,,12.0,24.0,9.0,36.0,132,1.0,4.0,2.0,4.0,1.0,3.0,,2.0,18.0,6.0,,4.0,3.0,1.0,4.0,1.0,,,,3.0,9.0,1.0,5.0,,1.0,5.0,1.0,7.0,6.0,13.0,2.0,5.0,4.0,1.0,3.0,,2.0,4.0,,1.0,1.0,7.0,2.0,1.0,6.0,11.0,,1.0,1.0,12.0,1.0,,0.0,8.0,,,,,,,32.0,2.0,22.0,2.0,,5.0,2.0,7.0,3.0,10.0,,3.0,90.0709219858156,96.35036496350364,0.75,0.75,0.5,0.25,0.3333333333333333,0.5192307692307693,0.25,0.3333333333333333,0.5294117647058824,0.3333333333333333,0.3333333333333333,0.1666666666666666,0.1666666666666666,0.1666666666666666,25.0,0.4285714285714285,0.25,,0.0847457627118644,0.0961538461538461,0.0666666666666666,0.05,0.081081081081081,0.0833333333333333,0.1764705882352941,0.0714285714285714,,0.0625,,,0.1363636363636363,0.0769230769230769,0.0769230769230769,,0.2222222222222222,,0.6923076923076923,0.6111111111111112,0.7333333333333333,0.7272727272727273,0.2307692307692307,0.1666666666666666,0.2,1.0,,0.75,0.3333333333333333,,0.6666666666666666,0.5,0.7692307692307693,0.5237288461538461,0.500425,0.4929666666666667,0.2352941176470588,0.25,0.1111111111111111,0.0555555555555555,3.45,0.5714285714285714,0.4,0.1560283687943262,,,1.0,2.0,,,3.0,2.0,1.0,,,,1.0,0.5,0.5,0.0769230769230769,,,,,0.0769230769230769,0.5,0.5,1.0,,0.5,21.95,,,,,,,,,,,,,,,,,,,,,,,,,,,,,,1.0,,,,,,,,,,0.0,7.0,,6.0,0.4864864864864865,0.01101052649939388
201496,Candace Parker,2,4,2012,284,LAS,1611661320,27.0,76,175.0,Tennessee,USA,2008,1,1,144.18333333333334,43,75,8,16,21,24,12,32,44,17,8,4,7,2,6,23,115,13,2,0,10.8,94.38,110.6,110.6,4.2,109.5,114.8,78.65,15.3,114.8,95.55,4.2,3.7,94.38,113.2,18.8,2.13,218.3,206.0,312,,,,,,,,,,,,,0.5,0.573,0.5,0.875,7.2,0.165,0.21,0.216,7.2,0.672,0.627,0.287,0.101,0.283,,,,,,,,,,,,,,,,,,,1611661320,Candace Parker,Candace Parker,201496,LAS,8651.0,4,144,13.0,280,279,57.0,43.0,39.0,559,21.0,32.0,5.0,8.0,6.0,9.0,11.0,21.0,6.0,35.0,59.0,21.0,115.0,313,8.0,12.0,2.0,24.0,9.0,12.0,13.0,37.0,18.0,52.0,10.0,2.0,15.0,2.0,17.0,1.0,1.0,11.0,1.0,3.0,36.0,5.0,7.0,,12.0,20.0,,32.0,12.0,44.0,0.0,4.0,4.0,,5.0,1.0,1.0,3.0,1.0,4.0,1.0,8.0,,,2.0,6.0,,,,23.0,2.0,,2.0,7.0,6.0,7.0,3.0,4.0,7.0,3.0,91.0,35.0,56.0,,5.0,,,,,,,,116.42857142857144,112.1863799283154,0.2571428571428571,0.3,0.5932203389830508,0.6666666666666666,0.75,0.6266666666666667,0.7333333333333333,0.75,0.6686046511627907,0.75,0.8043478260869565,0.0338983050847457,0.03125,0.0476190476190476,28.65853658536585,0.625,,,0.2061855670103092,0.0833333333333333,0.2608695652173913,0.1923076923076923,0.2237762237762237,0.109090909090909,0.1290322580645161,0.0689655172413793,0.0416666666666666,0.1428571428571428,0.4,0.2105263157894736,0.2352941176470588,0.16,0.3157894736842105,,,0.4285714285714285,0.4266666666666667,0.65625,0.6774193548387096,0.3809523809523809,0.28,0.5238095238095238,0.55,,0.08,0.5333333333333333,0.625,0.4,0.5625,0.6666666666666666,0.64,0.4972277027027026,0.5169958333333333,0.544796875,0.0875,0.109375,0.208695652173913,0.3217391304347826,5.8,0.3636363636363636,0.6,0.2035714285714285,3.0,,8.0,16.0,4.0,4.0,15.0,14.0,7.0,,,,0.625,0.5,0.4666666666666667,0.2133333333333333,0.5,0.5,0.3333333333333333,,0.2133333333333333,0.5,0.5,0.625,0.25,0.5,24.39375,,0.5,,,,3.0,2.0,3.0,2.0,9.0,,,,0.5,,,,,,0.2,,,0.5,,,,,2.0,2.0,,0.6666666666666666,0.6666666666666666,1.0,,,,,,,0.0,,,7.0,0.6182795698924731,0.1428036099053805
201499,Candice Wiggins,5,9,2012,251,MIN,1611661324,26.0,71,147.0,Stanford, ,2008,1,3,126.14333333333332,4,25,4,17,2,2,1,8,9,10,10,5,0,0,11,5,14,10,0,0,0.4,94.56,89.4,89.4,2.2,90.1,91.6,78.8,21.7,91.6,93.74,2.2,2.3,94.56,92.5,2.8,1.0,44.8,47.0,685,,,,,,,,,,,,,0.556,0.16,0.235,1.0,21.7,0.038,0.141,0.067,21.8,0.27,0.24,0.131,0.008,0.127,,,,,,,,,,,,,,,,,,,1611661324,Candice Wiggins,Candice Wiggins,201499,MIN,7567.0,9,126,10.0,242,240,93.0,68.0,31.0,482,,2.0,,,,,,4.0,2.0,,8.0,2.0,14.0,220,,,,,,2.0,2.0,8.0,,,,,5.0,5.0,10.0,4.0,1.0,3.0,,2.0,25.0,,1.0,,3.0,5.0,,8.0,1.0,9.0,0.0,5.0,2.0,3.0,4.0,3.0,2.0,6.0,1.0,2.0,1.0,10.0,1.0,3.0,2.0,11.0,,1.0,1.0,5.0,1.0,,0.0,,1.0,,,,,,14.0,8.0,93.0,2.0,1.0,3.0,,3.0,,1.0,,,95.0413223140496,91.66666666666669,,,,,,0.24,,0.3,0.2692307692307692,,0.3636363636363636,,,,13.090909090909092,0.4,,,0.0657894736842105,0.0121951219512195,0.088235294117647,,0.0727272727272727,0.0088495575221238,,,0.0384615384615384,,,,0.064516129032258,0.15,0.1304347826086956,,,,0.08,,,,0.16,,,,0.08,,,,,,0.76,0.440154,0.525375,0.37898,,,,0.5714285714285714,10.7375,,,0.384297520661157,,4.0,2.0,13.0,7.0,8.0,12.0,13.0,2.0,,,,1.0,0.2352941176470588,0.2352941176470588,0.68,,,,0.16,0.52,0.1538461538461538,0.1538461538461538,1.0,0.7,0.1538461538461538,22.81764705882353,,0.4545454545454545,2.0,,1.0,3.0,2.0,3.0,2.0,,,,,0.25,,,0.5,0.5,1.0,1.0,0.1,,0.2857142857142857,,,,,,,,,,,,,,,,,0.0,,,5.0,0.20588235294117646,-0.2695936070459162
200665,Cappie Pondexter,0,2,2012,127,NYL,1611661313,30.0,69,160.0,Rutgers, ,2006,1,2,66.15,11,38,1,10,11,11,2,7,9,10,3,5,0,1,3,8,34,-6,0,0,5.5,91.07,94.4,94.4,-7.0,93.2,87.4,75.89,17.9,87.4,92.04,-7.0,-6.5,91.07,86.6,19.0,3.33,71.8,64.0,147,,,,,,,,,,,,,0.0,0.289,0.1,1.0,5.4,0.063,0.323,0.111,5.4,0.397,0.303,0.316,0.025,0.313,,,,,,,,,,,,,,,,,,,1611661313,Cappie Pondexter,Cappie Pondexter,200665,NYL,3969.0,2,66,-6.0,123,123,9.0,22.0,16.0,246,2.0,5.0,,,,,2.0,8.0,15.0,10.0,28.0,11.0,34.0,117,1.0,2.0,2.0,4.0,1.0,4.0,,2.0,4.0,16.0,,1.0,5.0,5.0,10.0,3.0,2.0,3.0,1.0,1.0,25.0,1.0,1.0,,2.0,5.0,,7.0,2.0,9.0,0.0,5.0,4.0,1.0,3.0,,2.0,,,1.0,,3.0,,,1.0,3.0,,1.0,,8.0,,,1.0,6.0,,,,,,,30.0,2.0,9.0,,,10.0,,,,,,,90.2439024390244,95.1219512195122,0.2,0.2,0.3571428571428571,0.5,0.25,0.3026315789473684,0.5,0.2,0.3953488372093023,0.6666666666666666,0.2,0.0357142857142857,0.2,,32.16783216783217,1.0,,,0.1136363636363636,0.0196078431372549,0.1176470588235294,0.04,0.1147540983606557,0.0263157894736842,0.0526315789473684,,,0.0555555555555555,,,0.1764705882352941,0.1333333333333333,0.0909090909090909,0.1666666666666666,,,0.131578947368421,0.4,0.5,0.5,0.2105263157894736,0.25,0.25,,0.3947368421052631,,,,,,0.3947368421052631,0.4358270270270269,0.3224,0.318075,0.1395348837209302,0.1818181818181818,0.1176470588235294,0.0588235294117647,12.425,,0.3333333333333333,0.073170731707317,6.0,2.0,1.0,8.0,1.0,1.0,,7.0,1.0,,,1.0,,0.1,0.1111111111111111,0.2631578947368421,0.4,0.4,0.1666666666666666,0.0526315789473684,0.2105263157894736,0.125,0.125,,0.2,0.1428571428571428,24.75,0.25,0.125,,,,,,,,3.0,,,,,,,,,,,,,,,,,,,,,,,,,,,,,,0.0,,,5.0,0.38636363636363635,-0.08911232362345628
101049,Cathrine Kraayeveld,1,3,2012,40,ATL,1611661330,31.0,75,183.0,Oregon,USA,2005,3,27,18.683333333333334,1,1,1,1,0,0,2,1,3,1,1,0,1,0,5,0,3,-12,0,0,0.3,102.77,122.5,122.5,-30.0,124.1,92.5,85.64,33.3,92.5,102.2,-30.0,-31.8,102.77,92.3,0.3,1.0,10.1,10.0,239,,,,,,,,,,,,,0.333,1.0,1.0,0.0,33.3,0.0,0.077,0.0,33.3,1.5,1.5,0.043,0.095,0.043,,,,,,,,,,,,,,,,,,,1611661330,Cathrine Kraayeveld,Cathrine Kraayeveld,101049,ATL,1121.0,3,19,-12.0,40,36,6.0,10.0,7.0,76,,,,,,,,,,,0.0,,3.0,49,,,,3.0,,,,,,,,,1.0,,1.0,,,1.0,,,2.0,,2.0,,1.0,,,1.0,2.0,3.0,0.0,,,,1.0,,1.0,,,,,1.0,1.0,,4.0,5.0,,,,,,,0.0,,,1.0,1.0,,1.0,1.0,,,6.0,,,,,,,,,,92.5,136.11111111111111,,,,,,1.5,1.5,,1.5,1.5,,,,,4.25531914893617,1.0,,,,0.1428571428571428,0.3333333333333333,,0.0769230769230769,0.1,0.4,,,,,,,,0.5,,,1.0,,,,,,,,,,,,,,,1.0,0.52485,0.52485,,,,1.0,,,,,0.15,,,1.0,1.0,,,3.0,1.0,1.0,,,,1.0,1.0,1.0,1.0,,,,,1.0,1.0,1.0,1.0,,1.0,23.1,,,,,,1.0,,1.0,,,,,,,,,,,,1.0,,,,,,,,1.0,1.0,,1.0,1.0,1.0,,,,,,,0.0,,,1.0,1.5,1.0245240400129074
202634,Danielle Adams,0,2,2012,89,SAN,1611661319,24.0,73,239.0,Texas A&M, ,2011,2,20,43.833333333333336,10,20,2,7,7,8,7,6,13,1,2,2,0,3,6,5,29,-8,0,0,5.0,98.56,119.8,119.8,-6.3,121.9,113.5,82.13,3.8,113.5,98.12,-6.3,-9.5,98.56,112.5,10.0,0.5,50.1,49.0,160,,,,,,,,,,,,,0.0,0.5,0.286,0.875,7.7,0.159,0.034,0.176,7.5,0.616,0.55,0.246,0.146,0.24,,,,,,,,,,,,,,,,,,,1611661319,Danielle Adams,Danielle Adams,202634,SAN,2630.0,2,44,-8.0,87,91,18.0,27.0,14.0,178,7.0,10.0,3.0,4.0,,1.0,1.0,2.0,1.0,8.0,13.0,7.0,29.0,109,4.0,5.0,2.0,10.0,,1.0,4.0,4.0,10.0,6.0,6.0,2.0,1.0,,1.0,,,1.0,,,2.0,1.0,5.0,1.0,,4.0,2.0,6.0,7.0,13.0,0.0,2.0,1.0,1.0,2.0,,1.0,,,1.0,,2.0,1.0,1.0,4.0,6.0,,,,5.0,,,2.0,5.0,,,,,,,19.0,4.0,18.0,1.0,,,,,,,,,116.0919540229885,119.78021978021978,0.625,1.0,0.6153846153846154,0.8,,0.55,0.8,,0.6304347826086957,0.8333333333333334,0.6666666666666666,0.1538461538461538,0.1,0.5,24.271844660194173,1.0,0.5,0.5,0.16,0.1666666666666666,,0.0714285714285714,0.1379310344827586,0.1363636363636363,,0.4285714285714285,0.1538461538461538,0.0833333333333333,,0.2857142857142857,0.2,,,,,,0.5,0.7,0.7777777777777778,0.7142857142857143,0.1,0.5,1.0,,0.05,0.8,0.75,0.3333333333333333,1.0,,0.85,0.5334925,0.60915,0.5375,0.217391304347826,0.3125,0.3448275862068966,0.1379310344827586,3.9538461538461536,,,0.2068965517241379,,,2.0,7.0,,,6.0,7.0,2.0,,,,1.0,0.2857142857142857,0.2857142857142857,0.35,,,,,0.35,0.2857142857142857,0.3333333333333333,1.0,,0.2857142857142857,23.285714285714285,,0.4,,,,,,,,,1.0,,,,0.1428571428571428,0.1428571428571428,,,,,,,,,,,,,,,,,,,,,,,,0.0,,,2.0,0.6041666666666666,0.128690706679574
202263,Danielle McCray,3,4,2012,36,CON,1611661323,25.0,71,170.0,Kansas, ,2010,1,7,19.383333333333333,0,4,0,3,0,0,1,3,4,0,4,0,1,0,6,0,0,-3,0,0,0.0,90.39,100.0,100.0,-5.6,100.7,94.4,75.32,0.0,94.4,88.55,-5.6,-2.8,90.39,97.8,1.0,0.0,3.8,6.0,351,,,,,,,,,,,,,0.75,0.0,0.0,0.0,50.0,0.091,0.0,0.13,50.0,0.0,0.0,0.192,0.048,0.186,,,,,,,,,,,,,,,,,,,1611661323,Danielle McCray,Danielle McCray,202263,CON,1163.0,4,19,-3.0,35,35,17.0,5.0,6.0,70,,1.0,,,,,,,,,1.0,,0.0,37,,,,,,,,,,,,,,,,,,,,,,,,1.0,2.0,1.0,,3.0,1.0,4.0,0.0,,,,2.0,,1.0,2.0,,1.0,1.0,4.0,,3.0,2.0,6.0,1.0,,,,,,0.0,,,1.0,,1.0,1.0,1.0,,,17.0,,,2.0,,,,,,,97.14285714285715,105.71428571428572,,,,,,,,,,,,,,,19.047619047619047,0.5,,0.5,0.0714285714285714,,0.2857142857142857,,0.1428571428571428,,,,,,,,0.1666666666666666,,0.4,,,1.0,0.25,,,,,,,,,,,,,,1.0,0.4675333333333333,,,,,,,3.7,1.0,,0.4857142857142857,,2.0,,1.0,1.0,1.0,,1.0,,,,,,,,0.75,,,,0.5,0.25,,,,1.0,,26.866666666666664,,,,,,,,,,,,,,,,,,,,,,,,,,,,,,,,,,,,,,,,0.0,,,1.0,0.0,-0.47547595998709263
202658,Danielle Robinson,0,2,2012,130,SAN,1611661319,24.0,69,125.0,Oklahoma,USA,2011,1,6,64.9,9,20,0,1,6,6,1,7,8,9,3,1,0,0,5,6,24,-8,0,0,4.5,95.78,120.2,120.2,-7.1,119.2,113.1,79.82,25.7,113.1,96.68,-7.1,-7.4,95.78,111.8,10.0,3.0,47.1,43.0,160,,,,,,,,,,,,,0.0,0.45,0.0,1.0,8.6,0.067,0.196,0.135,8.7,0.53,0.45,0.167,0.015,0.167,,,,,,,,,,,,,,,,,,,1611661319,Danielle Robinson,Danielle Robinson,202658,SAN,3894.0,2,65,-8.0,128,129,26.0,31.0,23.0,257,5.0,7.0,,,,,2.0,5.0,7.0,9.0,19.0,6.0,24.0,155,1.0,1.0,,2.0,1.0,4.0,2.0,4.0,6.0,12.0,,,3.0,6.0,9.0,6.0,,3.0,,,24.0,1.0,,,1.0,6.0,,7.0,1.0,8.0,0.0,1.0,,1.0,2.0,1.0,1.0,1.0,,1.0,,3.0,1.0,,3.0,5.0,,,,6.0,,,0.0,2.0,1.0,,,,,,22.0,4.0,26.0,,1.0,4.0,,,,,,,114.84375,120.15503875968992,0.3333333333333333,0.3333333333333333,0.4736842105263157,1.0,0.25,0.45,1.0,0.2,0.5217391304347826,1.0,0.3333333333333333,,,,16.99346405228758,0.6666666666666666,,,0.1538461538461538,,0.1111111111111111,0.0454545454545454,0.1458333333333333,0.0158730158730158,,,,0.05,,0.0769230769230769,0.1428571428571428,0.25,0.125,,,,0.35,0.7142857142857143,0.7142857142857143,0.4,0.25,0.4,0.4,0.5,0.35,,,,,,0.4,0.4489526315789473,,0.374825,0.0909090909090909,0.0952380952380952,0.0833333333333333,0.1666666666666666,9.478947368421052,,0.6666666666666666,0.203125,2.0,,,1.0,1.0,1.0,,,,,,,,,,0.05,0.2857142857142857,0.2857142857142857,,,0.05,,,,0.2,,53.7,0.75,,,,,,,,,,,,,,,,,,,,,,,,,,,,,,,,,,,,,,,0.0,,,1.0,0.48,0.004524040012907349
100396,DeLisha Milton-Jones,2,4,2012,199,LAS,1611661320,38.0,73,185.0,Florida,USA,1999,1,4,101.2,6,16,3,6,7,9,10,4,14,7,9,4,2,0,9,8,22,-22,0,0,1.5,94.39,115.1,115.1,-11.1,113.1,104.0,78.66,19.4,104.0,95.42,-11.1,-9.5,94.39,103.6,4.0,0.78,58.3,58.0,312,,,,,,,,,,,,,0.5,0.375,0.5,0.778,25.0,0.075,0.095,0.041,25.0,0.551,0.469,0.127,0.111,0.126,,,,,,,,,,,,,,,,,,,1611661320,DeLisha Milton-Jones,DeLisha Milton-Jones,100396,LAS,6072.0,4,101,-22.0,197,195,38.0,45.0,28.0,392,3.0,5.0,1.0,2.0,,,,1.0,4.0,3.0,10.0,7.0,22.0,229,1.0,2.0,3.0,8.0,,2.0,1.0,1.0,4.0,2.0,2.0,,5.0,2.0,7.0,2.0,,2.0,3.0,,16.0,3.0,7.0,,2.0,2.0,,4.0,10.0,14.0,0.0,4.0,2.0,2.0,5.0,1.0,4.0,4.0,,1.0,1.0,9.0,2.0,4.0,,9.0,,4.0,2.0,8.0,,1.0,1.0,4.0,1.0,2.0,1.0,1.0,2.0,1.0,14.0,1.0,38.0,1.0,1.0,,,2.0,,,,,105.0761421319797,117.43589743589745,0.6666666666666666,1.0,0.3,0.5,,0.46875,0.8333333333333334,,0.55,0.8,0.125,,,,12.663755458515285,0.5555555555555556,,,0.0298507462686567,0.1147540983606557,0.074074074074074,0.1428571428571428,0.0425531914893617,0.1219512195121951,0.1428571428571428,0.0526315789473684,0.1428571428571428,0.1764705882352941,,0.0476190476190476,0.037037037037037,,0.0833333333333333,,,0.5,0.3125,0.6,0.6,0.6666666666666666,0.0625,,,,0.25,0.6666666666666666,0.5,,,,0.6875,0.5233625,0.5847833333333333,0.4092,0.2105263157894736,0.3076923076923077,0.3636363636363636,0.0454545454545454,8.05,0.5,,0.1928934010152284,,2.0,3.0,4.0,,1.0,3.0,4.0,3.0,,,,0.3333333333333333,0.5,0.5,0.375,,,,0.125,0.25,0.75,0.75,0.3333333333333333,,0.75,21.98333333333333,0.5,0.6666666666666666,,,1.0,1.0,,1.0,,6.0,,,,,,,,,,0.3333333333333333,0.3333333333333333,,,,,,,1.0,1.0,,1.0,1.0,,,,,,,,0.0,,,6.0,0.44,-0.03547595998709263
100533,DeMya Walker,0,2,2012,34,NYL,1611661313,35.0,75,191.0,Virginia,USA,Undrafted,Undrafted,Undrafted,19.35,0,1,0,0,1,2,2,4,6,0,2,0,1,0,3,2,1,-17,0,0,0.0,85.58,102.9,102.9,-47.0,113.1,55.9,71.32,0.0,55.9,82.6,-47.0,-58.4,85.58,54.7,0.5,0.0,9.2,9.0,147,,,,,,,,,,,,,0.0,0.0,0.0,0.5,50.0,0.0,0.0,0.0,51.5,0.266,0.0,0.093,0.0,0.093,,,,,,,,,,,,,,,,,,,1611661313,DeMya Walker,DeMya Walker,100533,NYL,1161.0,2,19,-17.0,32,32,2.0,7.0,7.0,64,,,,,,,,,1.0,,1.0,1.0,1.0,36,,,1.0,1.0,,,,,,,,,,,,,,,,,,1.0,1.0,,1.0,3.0,,4.0,2.0,6.0,0.0,,,,2.0,,1.0,,,1.0,,2.0,2.0,,2.0,3.0,,,,2.0,,,0.0,1.0,,1.0,,1.0,1.0,,,,2.0,1.0,,,,,,,,,59.375,112.5,,,,,,,,,0.25,0.5,,,,,9.75609756097561,1.0,,,0.2,0.0625,0.25,0.125,0.2105263157894736,0.0833333333333333,0.2,,,0.1428571428571428,,0.2,0.1666666666666666,0.25,0.25,,,,,,,,,,,,1.0,,,,,,,0.3952,,,0.5,0.5,1.0,,15.8,,,0.0625,,,,,,,,,,,,,,,,,,,,,,,,,,,,,,,,,,,,,,,,,,,,,,,,,,,,,,,,,,,,,,,,,,,0.0,,,0.0,0.16666666666666666,-0.30880929332042595
203016,Devereaux Peters,5,9,2012,121,MIN,1611661324,23.0,74,170.0,Notre Dame,USA,2012,1,3,61.92,5,12,0,1,2,3,5,11,16,3,6,4,5,0,11,7,12,-1,0,0,0.6,93.41,95.8,95.8,-1.6,98.1,94.2,77.84,13.6,94.2,91.66,-1.6,-2.4,93.41,95.6,1.3,0.5,56.7,49.0,685,,,,,,,,,,,,,0.556,0.417,0.0,0.667,27.3,0.152,0.091,0.2,26.9,0.45,0.417,0.146,0.1,0.139,,,,,,,,,,,,,,,,,,,1611661324,Devereaux Peters,Devereaux Peters,203016,MIN,3714.0,9,62,-1.0,114,115,39.0,27.0,15.0,229,3.0,3.0,,,2.0,2.0,2.0,5.0,3.0,5.0,11.0,2.0,12.0,115,,,,,3.0,4.0,1.0,7.0,10.0,,,,3.0,,3.0,,,2.0,1.0,,6.0,2.0,3.0,,2.0,9.0,,11.0,5.0,16.0,0.0,4.0,1.0,3.0,1.0,2.0,1.0,5.0,,,,6.0,,2.0,4.0,11.0,,1.0,3.0,7.0,1.0,1.0,1.0,2.0,,5.0,4.0,1.0,5.0,3.0,12.0,7.0,39.0,,,1.0,1.0,,,,,,100.0,100.0,1.0,1.0,0.4545454545454545,,0.75,0.4166666666666667,,0.75,0.4615384615384615,,0.7,,,,14.50381679389313,0.1666666666666666,,,0.25,0.0909090909090909,0.1428571428571428,0.1428571428571428,0.22,0.1063829787234042,0.125,0.0769230769230769,0.0833333333333333,,0.6666666666666666,0.2666666666666666,0.2307692307692307,0.25,0.1818181818181818,,,0.6,0.25,1.0,1.0,1.0,0.4166666666666667,0.4,0.4,1.0,0.25,,,,0.5,1.0,0.3333333333333333,0.4094041666666666,,0.424375,0.1538461538461538,0.1666666666666666,,0.5833333333333334,8.745454545454546,,,0.3421052631578947,,1.0,,,,,,,,,,1.0,,,,0.0833333333333333,,,,0.0833333333333333,,,,,,,22.1,0.3333333333333333,1.0,,,,,,1.0,,,,,,,,,,,,,,,,,1.0,,1.0,,,1.0,,,,,,,,,,0.0,,,9.0,0.3333333333333333,-0.14214262665375932
100928,Ebony Hoffman,1,2,2012,21,LAS,1611661320,30.0,74,215.0,USC,USA,2004,1,9,9.966666666666669,0,0,0,0,0,0,0,1,1,0,1,0,0,0,0,0,0,-2,0,0,0.0,103.55,122.7,122.7,-3.7,122.7,119.0,86.29,0.0,119.0,105.38,-3.7,-7.8,103.55,114.9,0.0,0.0,0.2,1.0,312,,,,,,,,,,,,,0.5,0.0,0.0,0.0,100.0,0.0,0.0,0.125,100.0,0.0,0.0,0.046,0.0,0.043,,,,,,,,,,,,,,,,,,,1611661320,Ebony Hoffman,Ebony Hoffman,100928,LAS,598.0,2,10,-2.0,20,22,7.0,12.0,2.0,42,,,,,,,,,,,0.0,,0.0,27,,,,,,,,,,,,,,,,,,,,,,,,,,1.0,,1.0,,1.0,0.0,,,,1.0,,1.0,,,,,1.0,,,,,,,,,,,0.0,,,,,,,,,,7.0,,,,,,,,,,125.0,122.72727272727272,,,,,,,,,,,,,,,4.545454545454546,1.0,,,0.25,,,,0.1428571428571428,,,,,,,0.5,,,,,,,,,,,,,,,,,,,,,,,,,,,,,,,,0.35,,,,,,,,,,,,,,,,,,,,,,,,,,,,,,,,,,,,,,,,,,,,,,,,,,,,,,,,,,,,,,,,,,,0.0,,,0.0,,
100812,Erika de Souza,1,3,2012,170,ATL,1611661330,31.0,77,190.0,None,USA,Undrafted,Undrafted,Undrafted,88.87166666666667,12,29,0,0,2,2,7,12,19,1,4,2,2,3,14,2,26,-19,0,0,4.0,92.63,104.6,104.6,-9.3,103.8,95.3,77.19,2.9,95.3,95.59,-9.3,-13.7,92.63,90.2,9.7,0.25,58.3,54.0,239,,,,,,,,,,,,,0.333,0.414,0.0,1.0,11.4,0.103,0.019,0.152,11.5,0.435,0.414,0.162,0.066,0.162,,,,,,,,,,,,,,,,,,,1611661330,Erika de Souza,Erika de Souza,100812,ATL,5333.0,3,89,-19.0,170,170,24.0,27.0,34.0,340,10.0,21.0,1.0,3.0,2.0,4.0,2.0,5.0,3.0,12.0,29.0,2.0,26.0,181,1.0,3.0,2.0,4.0,2.0,4.0,,4.0,18.0,6.0,,3.0,,1.0,1.0,1.0,,,,,3.0,1.0,6.0,,1.0,7.0,4.0,12.0,7.0,19.0,2.0,2.0,1.0,1.0,2.0,1.0,2.0,2.0,,,,4.0,1.0,1.0,5.0,14.0,,2.0,1.0,2.0,1.0,,0.0,1.0,,1.0,1.0,,2.0,,22.0,4.0,24.0,2.0,,6.0,,12.0,3.0,6.0,8.0,,95.29411764705884,106.47058823529412,0.75,0.75,0.4137931034482758,0.3333333333333333,0.5,0.4137931034482758,0.3333333333333333,0.5,0.4333333333333333,0.5,0.5,0.1034482758620689,0.1428571428571428,,16.267942583732058,0.5,0.5,,0.1428571428571428,0.0714285714285714,0.0476190476190476,0.0526315789473684,0.1142857142857142,0.0679611650485436,0.0588235294117647,0.1071428571428571,0.0454545454545454,0.0555555555555555,,0.125,0.2727272727272727,0.0714285714285714,0.0555555555555555,,0.1428571428571428,,0.7241379310344828,0.4761904761904761,0.5555555555555556,0.9,0.1724137931034483,0.4,0.4,,0.1034482758620689,1.0,0.3333333333333333,,1.0,0.5,0.7241379310344828,0.517403448275862,0.5354333333333333,0.64625,0.0333333333333333,0.0333333333333333,0.1538461538461538,0.1538461538461538,4.296551724137931,0.4545454545454545,0.6666666666666666,0.1411764705882353,,,,,,,,,,,1.0,,,,,,,,,,,,,,,,,0.3333333333333333,,,,,,,,,,,,,,,,,,,,,,,1.0,,,,,,,,,,,,,,,,0.0,,,2.0,0.43333333333333335,-0.042142626653759285
101039,Erin Phillips,7,10,2012,558,IND,1611661325,28.0,68,165.0,None,USA,2005,2,21,299.81666666666666,38,80,15,29,10,14,10,12,22,16,10,6,1,6,26,12,101,28,0,0,3.8,89.49,99.8,99.8,5.4,96.5,105.2,74.58,14.4,105.2,92.57,5.4,5.2,89.49,101.7,8.0,1.6,162.4,168.0,734,,,,,,,,,,,,,0.7,0.475,0.517,0.714,9.0,0.037,0.092,0.039,8.9,0.586,0.569,0.146,0.035,0.143,,,,,,,,,,,,,,,,,,,1611661325,Erin Phillips,Erin Phillips,101039,IND,17990.0,10,300,28.0,549,549,120.0,111.0,82.0,1098,14.0,25.0,,,1.0,2.0,2.0,10.0,16.0,23.0,51.0,10.0,101.0,559,1.0,3.0,,2.0,3.0,8.0,2.0,14.0,12.0,34.0,,6.0,8.0,8.0,16.0,3.0,5.0,6.0,,2.0,40.0,2.0,7.0,1.0,2.0,10.0,,12.0,10.0,22.0,1.0,6.0,5.0,1.0,6.0,1.0,5.0,4.0,,1.0,,10.0,1.0,5.0,6.0,26.0,,3.0,1.0,12.0,1.0,,1.0,4.0,2.0,1.0,1.0,,1.0,1.0,99.0,14.0,118.0,2.0,1.0,14.0,1.0,23.0,,11.0,4.0,,106.92167577413478,101.82149362477232,0.2608695652173913,0.2608695652173913,0.4509803921568627,0.3333333333333333,0.375,0.56875,0.2,0.4285714285714285,0.5872093023255814,0.2,0.4375,0.1176470588235294,0.08,0.3,14.615384615384617,0.6,,0.0769230769230769,0.0462962962962962,0.0378378378378378,0.0273972602739726,0.0253164556962025,0.0415224913494809,0.034090909090909,0.0319148936170212,,0.08,0.0172413793103448,0.0476190476190476,0.028169014084507,0.0428571428571428,0.0666666666666666,0.0377358490566037,,0.0294117647058823,1.0,0.3125,0.56,0.6086956521739131,0.2857142857142857,0.125,0.2,0.2857142857142857,,0.2,,,,0.1428571428571428,0.5,0.675,0.49203875,0.4011625,0.4318071428571429,0.0595238095238095,0.074074074074074,0.0198019801980198,0.1386138613861386,8.258823529411764,0.4545454545454545,0.2857142857142857,0.2185792349726776,7.0,13.0,6.0,16.0,5.0,6.0,42.0,16.0,6.0,1.0,,,0.9333333333333332,0.5172413793103449,0.5172413793103449,0.3625,0.4375,0.4666666666666667,0.2857142857142857,0.1625,0.2,0.375,0.375,0.8333333333333334,0.3571428571428571,0.375,22.189655172413797,0.4444444444444444,,9.0,,1.0,1.0,2.0,2.0,2.0,3.0,,,,0.3333333333333333,,,0.6923076923076923,0.6923076923076923,1.0,0.2,0.0714285714285714,,0.4,,1.0,0.0625,0.2,,,2.0,,,,,,1.0,,,0.0333333333333333,0.0,,,9.0,0.5580110497237569,0.08253508973666429
100835,Erin Thorn,4,6,2012,53,MIN,1611661324,32.0,69,145.0,Brigham Young,USA,2003,2,17,26.258333333333333,6,9,3,5,1,1,1,1,2,1,3,0,1,0,1,0,16,-7,0,0,1.0,94.14,118.0,118.0,-19.9,124.6,98.1,78.45,7.7,98.1,89.86,-19.9,-22.5,94.14,102.0,1.5,0.33,19.9,24.0,685,,,,,,,,,,,,,0.667,0.667,0.6,1.0,23.1,0.0,0.071,0.0,22.3,0.847,0.833,0.218,0.038,0.203,,,,,,,,,,,,,,,,,,,1611661324,Erin Thorn,Erin Thorn,100835,MIN,1575.0,6,26,-7.0,50,49,14.0,17.0,6.0,99,1.0,1.0,,,1.0,1.0,,,3.0,3.0,4.0,1.0,16.0,59,,1.0,,,1.0,2.0,,5.0,2.0,4.0,,,1.0,,1.0,,,,1.0,,2.0,1.0,,,,1.0,,1.0,1.0,2.0,0.0,,,,2.0,1.0,2.0,1.0,,,,3.0,,,,1.0,,,,,,,0.0,,,1.0,,,1.0,1.0,16.0,5.0,14.0,1.0,,,,,,,,,104.0,120.40816326530611,0.3333333333333333,0.3333333333333333,0.75,,0.5,0.8333333333333334,,0.625,0.8333333333333334,,0.625,,,,21.428571428571427,0.6666666666666666,,,0.0666666666666666,,,0.1428571428571428,0.0454545454545454,0.0454545454545454,,,,0.1666666666666666,,,0.25,,,,,1.0,0.1111111111111111,1.0,1.0,,,,,,0.3333333333333333,,,,0.25,1.0,0.6666666666666666,0.4847166666666667,,0.5182,,,,0.3125,12.925,,,0.28,2.0,2.0,2.0,3.0,2.0,2.0,6.0,3.0,2.0,,,,0.6666666666666666,0.6,0.6,0.5555555555555556,0.6666666666666666,0.6666666666666666,0.5,0.2222222222222222,0.3333333333333333,0.6666666666666666,0.6666666666666666,0.5,0.5,0.6666666666666666,22.4,,,1.0,,,,1.0,,1.0,3.0,,1.0,1.0,0.5,,,0.5,0.5,1.0,,,,0.5,,,,,,,,,,,,,,,,,0.0,,,1.0,0.7619047619047619,0.28642880191766923
201503,Erlana Larkins,7,10,2012,586,IND,1611661325,27.0,73,205.0,North Carolina,USA,2008,1,14,315.2933333333333,39,72,0,0,21,27,49,60,109,12,18,7,8,12,23,25,99,66,3,0,3.9,89.29,95.6,95.6,11.4,92.8,107.0,74.41,10.4,107.0,91.38,11.4,12.5,89.29,105.2,7.2,0.67,274.8,250.0,734,,,,,,,,,,,,,0.7,0.542,0.0,0.778,15.7,0.176,0.065,0.185,15.8,0.59,0.542,0.148,0.166,0.146,,,,,,,,,,,,,,,,,,,1611661325,Erlana Larkins,Erlana Larkins,201503,IND,18918.0,10,315,66.0,574,576,118.0,122.0,93.0,1150,33.0,61.0,13.0,26.0,3.0,5.0,6.0,11.0,,39.0,72.0,21.0,99.0,561,13.0,27.0,9.0,35.0,4.0,6.0,8.0,16.0,42.0,36.0,8.0,12.0,7.0,5.0,12.0,2.0,3.0,2.0,,5.0,29.0,13.0,35.0,1.0,9.0,49.0,2.0,60.0,49.0,109.0,5.0,7.0,3.0,4.0,10.0,1.0,8.0,8.0,,2.0,,18.0,5.0,1.0,7.0,23.0,1.0,4.0,3.0,25.0,5.0,1.0,1.0,12.0,2.0,7.0,3.0,3.0,8.0,6.0,64.0,16.0,116.0,4.0,2.0,2.0,,6.0,,5.0,5.0,,109.23344947735193,97.39583333333334,0.5384615384615384,0.6,0.5416666666666666,0.4814814814814814,0.6666666666666666,0.5416666666666666,0.4814814814814814,0.6666666666666666,0.5823529411764706,0.5303030303030303,0.7272727272727273,0.1666666666666666,0.180327868852459,0.0909090909090909,14.992721979621544,0.5555555555555556,0.1818181818181818,0.0769230769230769,0.2121212121212121,0.1902173913043478,0.1285714285714285,0.146067415730337,0.1926910299003322,0.1758241758241758,0.2234042553191489,0.1666666666666666,0.1458333333333333,0.1428571428571428,0.1538461538461538,0.1948051948051948,0.3205128205128205,0.1184210526315789,0.1,0.2,0.238095238095238,0.75,0.8472222222222222,0.5409836065573771,0.66,0.5757575757575758,0.1527777777777778,0.5454545454545454,0.6,0.3333333333333333,,0.9629629629629628,0.5,0.2307692307692307,0.8333333333333334,0.6,0.8472222222222222,0.5641750000000001,0.5844476190476191,0.6062833333333334,0.144578313253012,0.144578313253012,0.3535353535353535,0.1616161616161616,2.725,0.3571428571428571,0.25,0.205574912891986,,,,,,,,,,,1.0,,,,,,,,,,,,,,,,,,,,,,,,,,,,,1.0,,,,,,,,,,,1.0,,,,,,,,,,,,,,,,0.0,,,14.0,0.55,0.07452404001290741
201502,Essence Carson,0,2,2012,105,NYL,1611661313,26.0,72,165.0,Rutgers,USA,2008,1,7,56.583333333333336,6,24,1,6,0,0,1,7,8,2,4,1,1,2,2,2,13,-16,0,0,3.0,89.92,91.6,91.6,-13.5,92.9,78.1,74.93,6.7,78.1,89.45,-13.5,-15.1,89.92,77.8,12.0,0.5,27.6,28.0,147,,,,,,,,,,,,,0.0,0.25,0.167,0.0,13.3,0.067,0.071,0.125,13.3,0.271,0.271,0.235,0.016,0.23,,,,,,,,,,,,,,,,,,,1611661313,Essence Carson,Essence Carson,201502,NYL,3395.0,2,57,-16.0,102,105,4.0,11.0,15.0,207,3.0,8.0,1.0,3.0,,,2.0,4.0,6.0,5.0,18.0,,13.0,98,1.0,3.0,,5.0,1.0,1.0,,5.0,4.0,6.0,,2.0,2.0,,2.0,,,1.0,,1.0,4.0,,1.0,,1.0,6.0,,7.0,1.0,8.0,1.0,1.0,1.0,,1.0,,0.0,3.0,,1.0,1.0,4.0,,,,2.0,,,1.0,2.0,,,0.0,,,,,,1.0,1.0,8.0,5.0,4.0,,,,,,,,,,80.3921568627451,93.33333333333331,0.4,0.4,0.2777777777777778,0.3333333333333333,1.0,0.2708333333333333,0.625,1.25,0.2708333333333333,0.625,1.25,0.1111111111111111,0.25,,23.529411764705884,0.25,,,0.1463414634146341,0.0227272727272727,0.0714285714285714,,0.1272727272727272,0.0163934426229508,,,0.05,,,,0.0625,0.4166666666666667,,0.25,0.0625,1.0,0.3333333333333333,0.375,0.5,0.3333333333333333,0.1666666666666666,0.5,0.5,0.5,0.25,0.75,0.3333333333333333,,,,0.5833333333333334,0.4803208333333333,0.6176666666666667,0.482275,,,0.3846153846153846,0.3846153846153846,8.038888888888888,0.4,,0.0392156862745098,,1.0,1.0,5.0,1.0,1.0,3.0,5.0,1.0,1.0,1.0,,1.0,0.1666666666666666,0.1666666666666666,0.25,,,,0.0416666666666666,0.2083333333333333,0.2,0.2,1.0,0.5,0.2,23.066666666666663,0.6666666666666666,0.2,,,,1.0,1.0,1.0,1.0,,,,,1.0,,,,,,0.25,,,1.0,1.0,,,,1.0,1.0,,1.0,1.0,1.0,,,,,,,0.0,,,2.0,0.24074074074074073,-0.2347352192463519
202650,Jantel Lavender,2,4,2012,77,LAS,1611661320,24.0,76,185.0,Ohio State,USA,2011,1,5,39.53333333333333,3,4,0,0,1,2,3,6,9,2,3,0,0,0,4,3,7,-3,0,0,0.8,95.92,111.1,111.1,1.9,114.9,113.0,79.93,20.0,113.0,95.02,1.9,-3.5,95.92,111.3,1.0,0.67,17.8,18.0,312,,,,,,,,,,,,,0.5,0.75,0.0,0.5,30.0,0.138,0.063,0.154,30.4,0.717,0.75,0.094,0.115,0.094,,,,,,,,,,,,,,,,,,,1611661320,Jantel Lavender,Jantel Lavender,202650,LAS,2372.0,4,40,-3.0,76,75,15.0,11.0,8.0,151,1.0,1.0,,,,,2.0,3.0,,3.0,4.0,1.0,7.0,90,1.0,1.0,,2.0,,,,,4.0,2.0,,,1.0,1.0,2.0,1.0,,1.0,,,5.0,1.0,2.0,,1.0,4.0,1.0,6.0,3.0,9.0,0.0,,,,2.0,,0.0,1.0,1.0,2.0,,3.0,,,3.0,4.0,,1.0,,3.0,1.0,,0.0,1.0,,,,,,,5.0,,15.0,1.0,,,,,,,,,114.47368421052632,120.0,0.6666666666666666,0.6666666666666666,0.75,1.0,,0.75,1.0,,0.7,1.0,,,,,9.523809523809524,0.6666666666666666,0.5,,0.1538461538461538,0.1176470588235294,0.1111111111111111,0.1428571428571428,0.1428571428571428,0.125,0.2,,0.1666666666666666,0.1428571428571428,,0.1666666666666666,,0.2727272727272727,0.1111111111111111,,,,0.25,1.0,1.0,1.0,0.75,0.6666666666666666,0.6666666666666666,0.5,,,,,,,0.25,0.45445,0.4379,,0.2,0.2,0.2857142857142857,,4.475,,,0.1973684210526315,,,,,,,,,,,,,,,,,,,,,,,,,,,,,,,,,,,,,,,,,,,,,,,,,,,,,,,,,,,,,,,,,,,0.0,,,0.0,0.4375,-0.03797595998709263
202251,Jayne Appel Marinelli,0,2,2012,51,SAN,1611661319,25.0,76,210.0,Stanford,USA,2010,1,5,26.166666666666668,2,3,0,0,0,0,6,3,9,2,2,0,1,0,7,2,4,-15,0,0,1.0,93.55,129.4,129.4,-29.4,129.0,100.0,77.96,28.6,100.0,93.66,-29.4,-28.9,93.55,100.1,1.5,1.0,18.8,17.0,160,,,,,,,,,,,,,0.0,0.667,0.0,0.0,28.6,0.0,0.111,0.0,28.6,0.667,0.667,0.083,0.25,0.082,,,,,,,,,,,,,,,,,,,1611661319,Jayne Appel Marinelli,Jayne Appel Marinelli,202251,SAN,1570.0,2,26,-15.0,50,46,5.0,4.0,10.0,96,2.0,3.0,1.0,2.0,,,,,,2.0,3.0,,4.0,66,1.0,2.0,,2.0,,,,,4.0,,,,,2.0,2.0,1.0,1.0,,,,6.0,4.0,2.0,,1.0,2.0,,3.0,6.0,9.0,0.0,,,,1.0,,1.0,1.0,,,,2.0,,,5.0,7.0,,,1.0,2.0,,,0.0,,,1.0,,1.0,1.0,,2.0,,5.0,,,2.0,,1.0,1.0,,,,102.0,143.47826086956522,1.0,1.0,0.6666666666666666,0.5,,0.6666666666666666,0.5,,0.6666666666666666,0.5,,,,,8.474576271186441,0.5,,,0.1428571428571428,0.1538461538461538,0.1428571428571428,0.4,0.1428571428571428,0.2608695652173913,,0.3333333333333333,0.3333333333333333,0.4444444444444444,,0.1666666666666666,0.2,,,1.0,,,1.0,0.6666666666666666,0.6666666666666666,1.0,,,,,,1.0,0.5,1.0,,,1.0,0.51,0.3643,,,,0.5,,2.7,,,0.1,,,,,,,,,,,,,,,,,,,,,,,,,,,,,,,,,,,,,,,,,,,,,,,,,,,,,,,,,,,,,,,,,,,0.0,,2.0,0.0,0.5,0.024524040012907367
202656,Jeanette Pohlen-Mavunga,3,6,2012,130,IND,1611661325,24.0,72,171.0,Stanford,USA,2011,1,9,69.43833333333333,7,9,5,5,0,0,0,4,4,2,5,3,0,1,5,1,19,21,0,0,1.2,89.52,99.2,99.2,15.4,96.7,114.6,74.6,12.5,114.6,91.12,15.4,16.7,89.52,113.5,1.5,0.4,30.8,36.0,734,,,,,,,,,,,,,0.5,0.778,1.0,0.0,31.3,0.032,0.041,0.059,31.3,1.056,1.056,0.095,0.0,0.093,,,,,,,,,,,,,,,,,,,1611661325,Jeanette Pohlen-Mavunga,Jeanette Pohlen-Mavunga,202656,IND,4167.0,6,69,21.0,126,126,20.0,37.0,19.0,252,1.0,1.0,,,,,,1.0,2.0,2.0,4.0,,19.0,128,,,,,,,,,2.0,2.0,,1.0,1.0,1.0,2.0,,1.0,,1.0,,5.0,,,,1.0,1.0,2.0,4.0,,4.0,0.0,3.0,2.0,1.0,4.0,,4.0,1.0,,,,5.0,1.0,,4.0,5.0,,,,1.0,,1.0,0.0,,,,,,,,19.0,,20.0,,,,,,,,,,118.25396825396824,101.58730158730158,0.5,0.5,0.5,,,1.0555555555555556,,,1.0555555555555556,,,0.25,,1.0,9.523809523809524,0.8,0.5,,0.0212765957446808,,0.0714285714285714,,0.0327868852459016,,,,,,,0.0666666666666666,,,0.1428571428571428,,,,0.1111111111111111,1.0,1.0,,0.1111111111111111,,,,0.2222222222222222,,,,,,0.6666666666666666,0.4824777777777778,,,,,,,11.55,,,0.1587301587301587,1.0,3.0,2.0,2.0,,,15.0,2.0,2.0,,,1.0,1.0,1.0,1.0,0.5555555555555556,0.5,0.5,1.0,0.3333333333333333,0.2222222222222222,1.0,1.0,1.0,,1.0,22.22,,,3.0,,,,,,,,,,,,,,1.0,1.0,1.0,,,,,,,,,,,,,,,,,,,,,0.0,,,4.0,0.95,0.4745240400129073
202626,Jenna O'Hea,2,4,2012,143,LAS,1611661320,26.0,73,174.0,None,Australia,Undrafted,Undrafted,Undrafted,70.76666666666667,2,8,1,5,4,4,1,6,7,5,5,1,0,0,7,2,9,-13,0,0,0.5,98.35,115.0,115.0,-5.9,116.8,109.1,81.96,25.0,109.1,98.41,-5.9,-9.6,98.35,107.2,2.0,1.0,22.9,24.0,312,,,,,,,,,,,,,0.5,0.25,0.2,1.0,25.0,0.052,0.093,0.078,25.3,0.461,0.313,0.093,0.018,0.093,,,,,,,,,,,,,,,,,,,1611661320,Jenna O'Hea,Jenna O'Hea,202626,LAS,4246.0,4,71,-13.0,142,144,41.0,25.0,15.0,286,1.0,1.0,1.0,1.0,,,,1.0,1.0,1.0,3.0,4.0,9.0,169,1.0,1.0,,2.0,,,2.0,5.0,,2.0,2.0,,4.0,1.0,5.0,,1.0,3.0,,1.0,11.0,,1.0,,3.0,3.0,,6.0,1.0,7.0,0.0,1.0,,1.0,3.0,1.0,2.0,2.0,,1.0,1.0,5.0,1.0,1.0,4.0,7.0,,,,2.0,,,0.0,1.0,1.0,,,,,,7.0,5.0,40.0,,1.0,1.0,,,,,,,109.85915492957749,117.36111111111111,,,0.3333333333333333,1.0,,0.3125,1.0,0.75,0.45,1.0,0.8333333333333334,,,,9.316770186335404,0.6,,,0.0638297872340425,0.0256410256410256,0.12,,0.0833333333333333,0.0185185185185185,0.0833333333333333,,,,,0.0555555555555555,0.0625,0.0769230769230769,0.15,,,,0.125,1.0,1.0,,0.125,,,,0.125,1.0,1.0,,,,0.75,0.4927125,0.5302,0.6156,0.1111111111111111,0.25,0.2222222222222222,0.5555555555555556,10.6,,,0.2887323943661972,,2.0,,3.0,1.0,2.0,3.0,3.0,,,,,1.0,0.2,0.2,0.625,,,,0.25,0.375,,,,0.5,,21.64,,0.5,1.0,1.0,1.0,,,,1.0,,,,,0.5,,,0.5,0.5,1.0,,0.5,1.0,,,,,,,,,,,,,,,,,,0.0,,,1.0,0.34615384615384615,-0.1293221138332465
201882,Jessica Adair,2,4,2012,20,MIN,1611661324,26.0,76,197.0,George Washington,USA,2009,3,34,11.091666666666669,1,1,0,0,0,0,2,0,2,0,0,0,0,0,2,1,2,9,0,0,0.3,88.72,81.0,81.0,49.0,86.6,130.0,73.93,0.0,130.0,87.16,49.0,39.4,88.72,126.0,0.3,0.0,4.4,4.0,685,,,,,,,,,,,,,0.5,1.0,0.0,0.0,0.0,0.0,0.0,0.0,0.0,1.0,1.0,0.044,0.0,0.045,,,,,,,,,,,,,,,,,,,1611661324,Jessica Adair,Jessica Adair,201882,MIN,665.0,4,11,9.0,20,21,7.0,8.0,2.0,41,,,,,,,1.0,1.0,,1.0,1.0,,2.0,17,1.0,1.0,,2.0,,,,,,2.0,2.0,,,,,,,,,,,,2.0,,,,,,2.0,2.0,0.0,,,,,,0.0,,,,,0.0,,,1.0,2.0,,,,1.0,,,0.0,,,,,,,,,,7.0,,,,,,,,,,130.0,80.95238095238095,,,1.0,1.0,,1.0,1.0,,1.0,1.0,,,,,4.545454545454546,,,,,0.3333333333333333,,,,0.2857142857142857,0.6666666666666666,,,,,,,,,,,,,,,,1.0,1.0,1.0,,,,,,,,,0.2783,0.2783,,,,1.0,,4.4,,,0.35,,,,,,,,,,,,,,,,,,,,,,,,,,,,,,,,,,,,,,,,,,,,,,,,,,,,,,,,,,,,,,,,,,,0.0,,,0.0,1.0,0.5245240400129074
201047,Jessica Davenport,5,7,2012,140,IND,1611661325,28.0,77,215.0,Ohio State,USA,2007,1,2,77.30666666666667,13,27,0,0,1,1,6,10,16,5,10,1,5,0,8,2,27,-7,0,0,1.9,87.86,104.2,104.2,-2.8,99.9,101.4,73.21,11.9,101.4,89.12,-2.8,3.0,87.86,102.9,3.9,0.5,61.7,60.0,734,,,,,,,,,,,,,0.714,0.481,0.0,1.0,23.8,0.12,0.128,0.132,23.6,0.492,0.481,0.246,0.105,0.233,,,,,,,,,,,,,,,,,,,1611661325,Jessica Davenport,Jessica Davenport,201047,IND,4638.0,7,77,-7.0,133,139,13.0,20.0,19.0,272,9.0,13.0,5.0,7.0,,,3.0,10.0,4.0,13.0,27.0,1.0,27.0,149,6.0,8.0,1.0,13.0,,,,,12.0,14.0,6.0,,2.0,3.0,5.0,2.0,1.0,2.0,,,13.0,,6.0,,3.0,7.0,,10.0,6.0,16.0,1.0,1.0,1.0,,4.0,1.0,4.0,6.0,,,,10.0,,1.0,3.0,8.0,,,4.0,2.0,,,1.0,1.0,,5.0,3.0,,5.0,3.0,14.0,,13.0,,,,,,,,,,106.76691729323308,107.19424460431657,0.4615384615384615,0.6,0.4814814814814814,0.75,,0.4814814814814814,0.75,,0.5,0.8125,,,,,24.34210526315789,0.4,,,0.1372549019607843,0.1304347826086956,0.15,,0.1408450704225352,0.109090909090909,0.1904761904761904,0.0666666666666666,0.1,,,0.1111111111111111,0.1538461538461538,0.15,0.2,,0.0714285714285714,0.6,0.4814814814814814,0.6923076923076923,0.6923076923076923,0.4444444444444444,0.3703703703703703,0.3,0.3,0.6666666666666666,0.1481481481481481,0.875,0.7142857142857143,0.2,,,0.4814814814814814,0.456874074074074,0.5997428571428571,,0.037037037037037,0.037037037037037,0.4814814814814814,,6.396296296296296,0.25,0.5714285714285714,0.0977443609022556,1.0,,,,,,,,,,,,,,,,0.25,0.25,,,,,,,,,,0.3333333333333333,,,,,,,,,,,,2.0,,,,,,,,,,,,,,,,,,,,,,,,,,,0.0,,,4.0,0.421875,-0.05360095998709263
101042,Jessica Moore,0,1,2012,4,CON,1611661323,30.0,75,175.0,Connecticut,USA,2005,2,24,2.2333333333333334,0,0,0,0,0,0,0,0,0,0,0,0,0,0,1,0,0,0,0,0,0.0,85.97,150.0,150.0,0.0,154.6,150.0,71.64,0.0,150.0,84.68,0.0,-4.6,85.97,150.0,0.0,0.0,0.0,0.0,351,,,,,,,,,,,,,0.0,0.0,0.0,0.0,0.0,0.0,0.0,0.0,0.0,0.0,0.0,0.0,0.0,0.0,,,,,,,,,,,,,,,,,,,1611661323,Jessica Moore,Jessica Moore,101042,CON,134.0,1,2,,4,4,4.0,1.0,1.0,8,,,,,,,,,,,0.0,,0.0,6,,,,,,,,,,,,,,,,,,,,,,,,,,,,,,,0.0,,,,,,0.0,,,,,0.0,,,,1.0,,,,,,,0.0,,,,,,,,,,4.0,,,,,,,,,,150.0,150.0,,,,,,,,,,,,,,,,,,,,,,,,,,,,,,,,,,,,,,,,,,,,,,,,,,,,,,,,,,,,,,1.0,,,,,,,,,,,,,,,,,,,,,,,,,,,,,,,,,,,,,,,,,,,,,,,,,,,,,,,,,,,,,,,,,,,0.0,,,0.0,,
100952,Jia Perkins,0,2,2012,90,SAN,1611661319,31.0,68,155.0,Texas Tech,USA,2004,3,35,42.78666666666667,9,24,3,9,3,6,1,2,3,5,1,6,1,0,4,3,24,-7,0,0,4.5,102.65,112.9,112.9,-4.0,112.7,108.9,85.54,15.2,108.9,104.38,-4.0,-7.1,102.65,105.5,12.0,5.0,55.1,49.0,160,,,,,,,,,,,,,0.0,0.375,0.333,0.5,3.0,0.036,0.2,0.069,3.1,0.45,0.438,0.254,0.018,0.255,,,,,,,,,,,,,,,,,,,1611661319,Jia Perkins,Jia Perkins,100952,SAN,2567.0,2,43,-7.0,87,90,27.0,31.0,18.0,177,4.0,9.0,1.0,2.0,,,1.0,1.0,5.0,6.0,15.0,3.0,24.0,105,1.0,2.0,2.0,4.0,1.0,2.0,3.0,5.0,4.0,8.0,,,4.0,1.0,5.0,1.0,,2.0,2.0,,11.0,,1.0,,2.0,,,2.0,1.0,3.0,1.0,6.0,2.0,4.0,,,0.0,1.0,1.0,,,1.0,,1.0,4.0,4.0,,,,3.0,,,0.0,2.0,1.0,1.0,,1.0,1.0,,20.0,5.0,27.0,,1.0,,,1.0,,,,,112.64367816091954,116.66666666666666,0.3333333333333333,0.3333333333333333,0.4,0.5,0.5,0.4375,0.5,0.2,0.4444444444444444,0.6666666666666666,0.3571428571428571,,,,26.168224299065415,,,,,0.0303030303030303,0.2857142857142857,,0.074074074074074,0.0196078431372549,0.0714285714285714,,,,,,,,0.2857142857142857,,0.0666666666666666,,0.375,0.4444444444444444,0.4444444444444444,0.25,0.0416666666666666,1.0,1.0,,0.2083333333333333,1.0,0.5,1.0,,,0.75,0.5337208333333333,0.67515,0.4503999999999999,0.0769230769230769,0.1176470588235294,0.1666666666666666,0.2083333333333333,7.54,0.8,,0.3103448275862069,1.0,2.0,2.0,7.0,3.0,3.0,6.0,7.0,2.0,,,,0.6666666666666666,0.3333333333333333,0.3333333333333333,0.375,0.2,0.2,1.0,0.0833333333333333,0.2916666666666667,0.2857142857142857,0.2857142857142857,1.0,0.6,0.2857142857142857,22.55555555555556,0.5,0.3333333333333333,1.0,,,,,,,3.0,,,,,,,0.5,0.5,,,,,,,,,,,,,,,,,,,,,,0.0,,,6.0,0.4444444444444444,-0.031031515542648214
202253,Kalana Greene,3,5,2012,110,CON,1611661323,25.0,70,170.0,Connecticut, ,2010,2,13,61.30833333333333,4,14,0,3,1,1,0,11,11,1,5,1,2,1,2,3,9,0,0,0,0.8,84.56,102.8,102.8,-3.7,100.8,99.1,70.46,5.0,99.1,84.9,-3.7,-0.5,84.56,100.3,2.8,0.2,27.7,27.0,351,,,,,,,,,,,,,0.6,0.286,0.0,1.0,25.0,0.084,0.027,0.172,24.5,0.312,0.286,0.15,0.0,0.141,,,,,,,,,,,,,,,,,,,1611661323,Kalana Greene,Kalana Greene,202253,CON,3678.0,5,61,,105,104,6.0,8.0,20.0,209,1.0,5.0,,,,,2.0,3.0,3.0,4.0,11.0,1.0,9.0,109,,,,,,1.0,,,8.0,,,1.0,1.0,,1.0,,,,,1.0,2.0,,,,4.0,6.0,1.0,11.0,,11.0,0.0,1.0,1.0,,2.0,1.0,2.0,3.0,1.0,,,5.0,,,2.0,2.0,,,,3.0,,1.0,1.0,1.0,,2.0,1.0,1.0,2.0,1.0,9.0,,6.0,,,,,,,,,,103.8095238095238,104.8076923076923,1.0,1.0,0.3636363636363636,,,0.2857142857142857,,,0.3214285714285714,,,0.0909090909090909,0.2,,14.615384615384617,0.4,0.5,,0.1395348837209302,,0.2222222222222222,,0.1639344262295081,,,,,,,0.125,0.2666666666666666,,0.2857142857142857,,,0.5,0.3571428571428571,0.2,0.25,1.0,0.2142857142857142,0.6666666666666666,0.6666666666666666,1.0,0.2142857142857142,,,,,,0.5714285714285714,0.5104428571428572,,0.3825,0.0714285714285714,0.0909090909090909,,,8.69090909090909,0.5,,0.0571428571428571,1.0,1.0,,2.0,,,,2.0,,,,,,,,0.2142857142857142,0.3333333333333333,0.3333333333333333,1.0,0.0714285714285714,0.1428571428571428,,,,,,22.23333333333333,0.5,,,,,,,,,,,,,,,,,,,,,,,,,,,,,,,,,,,,,,,0.0,,,3.0,0.2647058823529412,-0.21077007763415145
101025,Kara Braxton,0,2,2012,59,NYL,1611661313,30.0,78,225.0,Georgia, ,2005,1,7,30.683333333333334,7,16,0,1,0,0,4,3,7,0,1,4,0,1,2,0,14,0,0,0,3.5,93.08,95.0,95.0,1.6,95.1,96.6,77.57,0.0,96.6,90.58,1.6,7.0,93.08,102.1,8.0,0.0,33.4,29.0,147,,,,,,,,,,,,,0.0,0.438,0.0,0.0,5.9,0.113,0.0,0.103,5.9,0.438,0.438,0.262,0.121,0.25,,,,,,,,,,,,,,,,,,,1611661313,Kara Braxton,Kara Braxton,101025,NYL,1841.0,2,31,,56,59,7.0,13.0,8.0,115,5.0,11.0,2.0,4.0,,1.0,2.0,3.0,1.0,7.0,15.0,,14.0,57,2.0,4.0,,4.0,,1.0,,,8.0,6.0,4.0,1.0,,,,,,,,,,,4.0,,1.0,2.0,,3.0,4.0,7.0,1.0,4.0,4.0,,1.0,,1.0,,,,,1.0,,,2.0,2.0,,,,,,,0.0,,,,,,,,10.0,,7.0,,,,,,,,,,101.78571428571428,96.61016949152544,0.5714285714285714,0.8,0.4666666666666667,0.5,,0.4375,0.5,,0.4375,0.5,,0.0666666666666666,0.0909090909090909,,26.153846153846157,1.0,,,0.0952380952380952,0.1739130434782608,0.2,,0.1153846153846153,0.1290322580645161,0.1666666666666666,0.1666666666666666,0.2,,,0.1428571428571428,0.1111111111111111,,0.3333333333333333,,0.125,,0.6875,0.4545454545454545,0.5,0.4,0.1875,0.6666666666666666,0.6666666666666666,1.0,0.0625,1.0,0.5,,1.0,,0.75,0.55006875,0.55255,0.6094,,,0.2857142857142857,,3.733333333333333,0.5,,0.125,,,,1.0,,,,1.0,,,,,,,,0.0625,,,,,0.0625,,,,,,20.7,,,,,,,,,,,,,,,,,,,,,,,,,,,,,,,,,,,,,,,,0.0,,,4.0,0.4666666666666667,-0.00880929332042596
100874,Kara Lawson,3,5,2012,310,CON,1611661323,32.0,69,150.0,Tennessee, ,2003,1,5,175.325,23,52,13,30,14,14,3,21,24,19,9,6,1,1,10,17,73,22,0,0,4.6,84.32,98.0,98.0,5.8,95.0,103.9,70.27,22.4,103.9,87.15,5.8,5.3,84.32,100.3,10.4,2.11,142.3,143.0,351,,,,,,,,,,,,,0.6,0.442,0.433,1.0,10.6,0.069,0.192,0.114,10.4,0.628,0.567,0.183,0.018,0.177,,,,,,,,,,,,,,,,,,,1611661323,Kara Lawson,Kara Lawson,100874,CON,10522.0,5,175,22.0,303,302,42.0,44.0,48.0,605,2.0,5.0,,,,1.0,4.0,7.0,10.0,10.0,22.0,14.0,73.0,300,2.0,6.0,,13.0,1.0,5.0,2.0,4.0,8.0,12.0,2.0,,15.0,4.0,19.0,2.0,2.0,5.0,5.0,5.0,42.0,1.0,2.0,,13.0,7.0,1.0,21.0,3.0,24.0,0.0,6.0,6.0,,4.0,2.0,3.0,5.0,1.0,1.0,1.0,9.0,,2.0,4.0,10.0,,1.0,,17.0,,1.0,0.0,4.0,,,,,1.0,1.0,60.0,4.0,42.0,1.0,,7.0,,10.0,,3.0,,,106.27062706270628,99.33774834437088,0.4,0.4444444444444444,0.4545454545454545,0.3333333333333333,0.2,0.5673076923076923,0.5909090909090909,0.1111111111111111,0.6228070175438597,0.5909090909090909,0.2,,,,18.181818181818183,0.4444444444444444,0.125,,0.0564516129032258,0.0176991150442477,0.2653061224489796,0.0232558139534883,0.1156069364161849,0.0192307692307692,,0.0526315789473684,,0.037037037037037,,0.0425531914893617,0.0512820512820512,0.0789473684210526,0.1891891891891892,0.5,,1.0,0.0961538461538461,0.4,0.4,0.5,0.1346153846153846,0.5714285714285714,0.5714285714285714,0.5,0.1923076923076923,,,,0.1111111111111111,,0.6730769230769231,0.4869372549019607,0.4160888888888889,0.44053125,0.1052631578947368,0.1538461538461538,0.1780821917808219,0.0547945205479452,11.740909090909092,0.3333333333333333,0.3333333333333333,0.1386138613861386,4.0,6.0,10.0,24.0,4.0,4.0,27.0,23.0,10.0,1.0,1.0,,0.6923076923076923,0.4333333333333333,0.4482758620689655,0.5769230769230769,0.4,0.4,0.25,0.1153846153846153,0.4615384615384615,0.4166666666666667,0.4347826086956521,0.6,0.4444444444444444,0.4347826086956521,23.456666666666667,0.3333333333333333,0.6,3.0,,,4.0,,5.0,,12.0,1.0,2.0,,,0.0333333333333333,0.0416666666666666,0.5,0.5,1.0,0.3636363636363636,,,,1.0,1.0,,0.0909090909090909,2.0,3.0,,0.6,0.5,1.0,1.0,,2.0,1.0,1.0,0.064516129032258,1.0,,,8.0,0.5658914728682171,0.09041551288112443
202640,Karima Christmas-Kelly,2,3,2012,71,IND,1611661325,23.0,72,180.0,Duke,USA,2011,2,23,34.92333333333333,2,8,1,6,4,4,3,5,8,1,2,1,1,0,5,3,9,11,0,0,0.7,96.9,81.4,81.4,14.3,83.8,95.8,80.75,7.7,95.8,93.65,14.3,15.9,96.9,99.6,2.7,0.5,24.1,23.0,734,,,,,,,,,,,,,0.667,0.25,0.167,1.0,15.4,0.0,0.053,0.0,15.7,0.461,0.313,0.152,0.1,0.148,,,,,,,,,,,,,,,,,,,1611661325,Karima Christmas-Kelly,Karima Christmas-Kelly,202640,IND,2095.0,3,35,11.0,67,68,9.0,22.0,9.0,135,1.0,2.0,,1.0,,,,,,1.0,2.0,4.0,9.0,57,,1.0,,,,,,,,2.0,,,,1.0,1.0,1.0,,,,,3.0,2.0,1.0,,1.0,4.0,,5.0,3.0,8.0,1.0,1.0,1.0,,1.0,,1.0,1.0,,,,2.0,1.0,,2.0,5.0,,1.0,,3.0,,,0.0,2.0,,1.0,,1.0,1.0,,9.0,,9.0,1.0,,4.0,,3.0,1.0,4.0,,,101.49253731343283,83.8235294117647,,,0.5,,,0.3125,,,0.45,,,,,,15.584415584415584,0.5,,,0.16,0.0454545454545454,0.1111111111111111,0.25,0.1470588235294117,0.1,,,0.1666666666666666,,0.3333333333333333,0.125,0.2222222222222222,0.125,0.125,,0.1666666666666666,,0.25,0.5,0.5,,,,,,,1.0,,,,,1.0,0.4939125,0.3242,,0.2,0.5,,,2.55,1.0,,0.1343283582089552,,5.0,1.0,1.0,,,3.0,1.0,1.0,,,,1.0,0.1666666666666666,0.1666666666666666,0.75,,,,0.625,0.125,1.0,1.0,1.0,,1.0,22.28333333333333,,0.2,,,,,,,,,,,,,,,,,,,,,,,,,,,,,,,,,,,,,,0.0,,,1.0,0.45,-0.025475959987092622
100666,Katie Douglas,5,7,2012,310,IND,1611661325,34.0,72,165.0,Purdue, ,2001,1,10,172.08166666666668,35,77,11,31,12,16,4,10,14,9,11,7,0,5,7,17,93,-4,0,0,5.0,87.17,101.6,101.6,0.3,98.9,101.9,72.64,8.7,101.9,89.39,0.3,0.6,87.17,99.5,11.0,0.82,133.3,141.0,734,,,,,,,,,,,,,0.714,0.455,0.355,0.75,10.7,0.042,0.111,0.056,10.6,0.553,0.526,0.258,0.025,0.253,,,,,,,,,,,,,,,,,,,1611661325,Katie Douglas,Katie Douglas,100666,IND,10325.0,7,172,-4.0,306,307,62.0,32.0,56.0,613,13.0,18.0,1.0,2.0,3.0,3.0,3.0,13.0,15.0,24.0,46.0,12.0,93.0,320,1.0,3.0,,5.0,5.0,6.0,,19.0,16.0,32.0,,4.0,9.0,,9.0,,,7.0,,2.0,18.0,,3.0,1.0,2.0,8.0,,10.0,4.0,14.0,1.0,7.0,5.0,2.0,9.0,2.0,8.0,2.0,,1.0,,11.0,1.0,4.0,1.0,7.0,,2.0,,17.0,1.0,,2.0,6.0,1.0,,,,,,88.0,19.0,62.0,1.0,,,,2.0,,2.0,,,103.26797385620915,104.23452768729642,0.3333333333333333,0.3333333333333333,0.5217391304347826,0.3333333333333333,0.8333333333333334,0.525974025974026,0.3125,0.6333333333333333,0.5542168674698795,0.3125,0.6333333333333333,0.0869565217391304,0.1666666666666666,0.0769230769230769,25.683060109289617,0.8181818181818182,,0.1,0.0583941605839416,0.0294117647058823,0.0666666666666666,,0.059880239520958,0.0208333333333333,0.0222222222222222,0.0588235294117647,,,,0.0652173913043478,0.0652173913043478,0.0444444444444444,0.0454545454545454,0.125,0.0285714285714285,,0.2337662337662337,0.7222222222222222,0.8666666666666667,0.3076923076923077,0.1688311688311688,0.2307692307692307,0.25,0.3333333333333333,0.1948051948051948,0.25,0.5,1.0,0.2,1.0,0.6363636363636364,0.4858440789473683,0.512875,0.4964785714285714,0.0853658536585365,0.12,0.053763440860215,0.2043010752688172,8.643478260869566,0.4,0.4,0.2026143790849673,8.0,4.0,8.0,27.0,7.0,9.0,18.0,26.0,8.0,,,,0.5454545454545454,0.3548387096774194,0.3666666666666666,0.4025974025974026,0.5333333333333333,0.5333333333333333,0.375,0.0519480519480519,0.3506493506493506,0.2962962962962963,0.3076923076923077,0.5,0.4666666666666667,0.3076923076923077,22.951612903225808,0.2857142857142857,0.2222222222222222,3.0,1.0,2.0,5.0,2.0,5.0,3.0,15.0,1.0,1.0,,0.3333333333333333,0.032258064516129,0.037037037037037,0.75,0.75,0.6666666666666666,0.625,0.1333333333333333,0.5,0.2857142857142857,,,,,1.0,1.0,,0.2,0.2,,,,1.0,,,0.03125,0.0,,,7.0,0.5406976744186046,0.06522171443151198
100404,Katie Smith,1,3,2012,200,SEA,1611661328,39.0,71,175.0,Ohio State,USA,Undrafted,Undrafted,Undrafted,111.70666666666666,10,22,4,10,4,6,0,7,7,6,5,3,0,1,10,7,28,-3,0,0,3.3,86.8,98.0,98.0,0.5,97.5,98.5,72.33,16.7,98.5,88.26,0.5,-1.8,86.8,95.7,7.3,1.2,49.4,51.0,236,,,,,,,,,,,,,0.333,0.455,0.4,0.667,13.9,0.032,0.098,0.067,14.0,0.568,0.545,0.128,0.0,0.127,,,,,,,,,,,,,,,,,,,1611661328,Katie Smith,Katie Smith,100404,SEA,6703.0,3,112,-3.0,197,197,52.0,46.0,32.0,394,,3.0,,,,2.0,,1.0,8.0,6.0,12.0,4.0,28.0,200,,,,,2.0,7.0,1.0,8.0,12.0,,,1.0,5.0,1.0,6.0,1.0,,3.0,2.0,,13.0,,,,1.0,6.0,,7.0,,7.0,0.0,3.0,,3.0,2.0,,1.0,3.0,2.0,1.0,,5.0,1.0,1.0,3.0,10.0,1.0,3.0,,7.0,,1.0,0.0,3.0,,,,,,,28.0,8.0,52.0,3.0,,7.0,,8.0,,6.0,,7.0,100.0,101.5228426395939,1.0,1.0,0.5,,0.2857142857142857,0.5454545454545454,,0.4375,0.56,,0.4444444444444444,0.0833333333333333,0.3333333333333333,,12.987012987012989,0.4,,,0.0779220779220779,,0.0526315789473684,,0.0729166666666666,,,,,,,,0.09375,0.1034482758620689,0.0625,,,,0.1363636363636363,,,,0.0454545454545454,,,,0.3636363636363636,,,,0.25,,0.5909090909090909,0.4760749999999999,,0.39220625,0.12,0.2,,0.2857142857142857,13.016666666666666,0.3333333333333333,,0.2639593908629442,6.0,3.0,2.0,7.0,1.0,1.0,12.0,7.0,2.0,,,2.0,1.0,0.4,0.4,0.4545454545454545,0.75,0.75,1.0,0.1363636363636363,0.3181818181818182,0.2857142857142857,0.2857142857142857,1.0,0.125,0.2857142857142857,21.96,,0.6,2.0,,,,1.0,,1.0,,,,,1.0,,,0.6666666666666666,0.6666666666666666,1.0,,,,1.0,,,,,,,,,,,,,,,,,0.0,3.0,,4.0,0.4827586206896552,0.00728266070256256
202254,Kelsey Griffin,0,1,2012,9,CON,1611661323,25.0,74,179.0,Nebraska, ,2010,1,3,4.1,0,3,0,0,0,0,1,0,1,1,0,0,0,1,1,0,0,-2,0,0,0.0,93.66,171.4,171.4,-60.3,174.4,111.1,78.05,25.0,111.1,98.81,-60.3,-74.4,93.66,100.0,3.0,0.0,2.7,2.0,351,,,,,,,,,,,,,0.0,0.0,0.0,0.0,0.0,0.0,0.25,0.0,0.0,0.0,0.0,0.25,0.0,0.25,,,,,,,,,,,,,,,,,,,1611661323,Kelsey Griffin,Kelsey Griffin,202254,CON,246.0,1,4,-2.0,8,7,4.0,1.0,3.0,15,,1.0,,,,,,,2.0,,3.0,,0.0,12,,1.0,,,,1.0,,,,,,1.0,,1.0,1.0,1.0,,,,,3.0,,1.0,,,,,,1.0,1.0,1.0,,,,,,0.0,,,,,0.0,,,1.0,1.0,,,,,,,0.0,,,,,,,,,,4.0,,,,,,,,,,125.0,171.42857142857142,,,,,,,,,,,,0.3333333333333333,1.0,,25.0,,,,,0.1428571428571428,,,,0.1428571428571428,,,0.5,,,,,,,,0.5,,0.3333333333333333,,,,,,,,0.6666666666666666,,,,,,0.3333333333333333,0.5334,0.4491,0.4195,,,,,11.533333333333331,1.0,,0.5,,,,,,,,,,,,,,,,,,,,,,,,,,,,0.5,,,,,,,,,,,,,,,,,,,,,,,,,,,,,,,,,,,,,,,0.0,,,0.0,0.0,-0.47547595998709263
201484,Ketia Swanier,0,2,2012,12,ATL,1611661330,26.0,67,150.0,Connecticut,USA,2008,1,12,5.98,2,3,1,2,0,0,0,0,0,0,0,0,0,0,1,0,5,-8,0,0,1.0,96.32,166.7,166.7,-66.7,204.9,100.0,80.27,0.0,100.0,83.32,-66.7,-95.8,96.32,109.1,1.5,0.0,5.0,6.0,239,,,,,,,,,,,,,0.0,0.667,0.5,0.0,0.0,0.0,0.0,0.0,0.0,0.833,0.833,0.25,0.0,0.231,,,,,,,,,,,,,,,,,,,1611661330,Ketia Swanier,Ketia Swanier,201484,ATL,358.0,2,6,-8.0,11,11,1.0,2.0,2.0,22,,,,,,,,,1.0,1.0,1.0,,5.0,20,1.0,1.0,,2.0,1.0,1.0,,2.0,2.0,,,,,,,,,,,,,,,,,,,,,,0.0,,,,,,0.0,,,,,0.0,,,1.0,1.0,,,,,,,0.0,,,,,,,,3.0,2.0,1.0,,,,,,,,,,109.0909090909091,181.8181818181818,1.0,1.0,1.0,1.0,1.0,0.8333333333333334,1.0,1.0,0.8333333333333334,1.0,1.0,,,,25.0,,,,,,,,,,,,,,,,,,,,,,,,,,,,,,0.3333333333333333,,,,,,0.6666666666666666,0.369675,0.288,0.288,,,0.4,0.4,15.7,,,0.0909090909090909,1.0,,1.0,2.0,,,,2.0,1.0,,,,,0.5,0.5,0.6666666666666666,1.0,1.0,1.0,,0.6666666666666666,0.5,0.5,,,0.5,30.8,,,,,,,,,,3.0,,,,,,,,,,,,,,,,,,,,,,,,,,,,,,0.0,,,0.0,0.8333333333333334,0.35785737334624074
201913,Kia Vaughn,0,2,2012,92,NYL,1611661313,26.0,76,200.0,Rutgers,USA,2009,1,8,49.31666666666667,5,12,0,0,1,1,6,11,17,2,3,0,1,1,5,2,11,-18,0,0,2.5,89.54,90.2,90.2,-19.6,93.9,70.7,74.62,11.8,70.7,89.37,-19.6,-25.7,89.54,68.2,6.0,0.67,34.4,32.0,147,,,,,,,,,,,,,0.0,0.417,0.0,1.0,17.6,0.0,0.1,0.0,17.2,0.442,0.417,0.141,0.094,0.135,,,,,,,,,,,,,,,,,,,1611661313,Kia Vaughn,Kia Vaughn,201913,NYL,2959.0,2,49,-18.0,88,88,6.0,15.0,15.0,176,3.0,5.0,2.0,3.0,,,1.0,4.0,3.0,5.0,12.0,1.0,11.0,83,2.0,6.0,1.0,5.0,,,,,6.0,4.0,4.0,1.0,1.0,1.0,2.0,1.0,,,,1.0,5.0,2.0,4.0,,2.0,9.0,,11.0,6.0,17.0,0.0,,,,,1.0,0.0,3.0,,,1.0,3.0,1.0,,2.0,5.0,,1.0,,2.0,,,1.0,1.0,,1.0,,1.0,1.0,1.0,6.0,,6.0,1.0,1.0,,,2.0,,2.0,,,73.86363636363636,94.3181818181818,0.6,1.0,0.4166666666666667,0.3333333333333333,,0.4166666666666667,0.3333333333333333,,0.4583333333333333,0.4166666666666667,,0.0833333333333333,,0.25,14.018691588785046,,,,0.2727272727272727,0.0975609756097561,0.1333333333333333,0.1,0.2291666666666666,0.0983606557377049,,0.0909090909090909,0.15,0.125,,0.3333333333333333,0.3846153846153846,0.0909090909090909,0.1818181818181818,,,1.0,0.4166666666666667,0.6,0.6,0.3333333333333333,0.3333333333333333,0.25,0.3333333333333333,1.0,0.25,0.5,0.6666666666666666,,,,0.4166666666666667,0.4628916666666667,0.5084,,0.0833333333333333,0.0833333333333333,0.4545454545454545,,7.375,0.5,0.3333333333333333,0.0681818181818181,1.0,,,,,,,,,,,,,,,,0.3333333333333333,0.3333333333333333,1.0,,,,,,,,,0.5,,,,,,,,,,,,,,,,,,,,,,,,,,,,,,,,,,,,,,,0.0,,,1.0,0.36666666666666664,-0.10880929332042599
201911,Kristi Toliver,2,4,2012,270,LAS,1611661320,26.0,67,130.0,Maryland,USA,2009,1,3,137.15,29,55,5,12,17,20,2,10,12,7,15,3,1,2,8,17,80,-3,0,0,7.3,93.97,114.6,114.6,-2.4,112.5,112.2,78.31,8.2,112.2,95.24,-2.4,-1.3,93.97,111.3,13.8,0.47,101.9,112.0,312,,,,,,,,,,,,,0.5,0.527,0.417,0.85,17.6,0.048,0.082,0.074,17.5,0.627,0.573,0.255,0.017,0.248,,,,,,,,,,,,,,,,,,,1611661320,Kristi Toliver,Kristi Toliver,201911,LAS,8229.0,4,137,-3.0,265,264,62.0,48.0,38.0,529,9.0,15.0,,,3.0,4.0,7.0,15.0,13.0,24.0,43.0,17.0,80.0,306,1.0,3.0,,2.0,8.0,11.0,10.0,29.0,16.0,32.0,,2.0,6.0,1.0,7.0,1.0,,5.0,,1.0,15.0,2.0,,,4.0,6.0,,10.0,2.0,12.0,1.0,3.0,2.0,1.0,9.0,2.0,6.0,6.0,2.0,3.0,1.0,15.0,2.0,3.0,3.0,8.0,,,1.0,17.0,,1.0,4.0,11.0,1.0,1.0,,,1.0,,78.0,29.0,61.0,2.0,2.0,3.0,,,,10.0,,,114.33962264150944,115.9090909090909,0.3333333333333333,0.3333333333333333,0.5581395348837209,0.3333333333333333,0.7272727272727273,0.5727272727272728,0.3333333333333333,0.6333333333333333,0.6349206349206349,0.3333333333333333,0.7631578947368421,0.0465116279069767,0.0666666666666666,0.0666666666666666,25.24271844660194,0.6,,,0.0689655172413793,,0.0930232558139534,0.0714285714285714,0.0769230769230769,0.0185185185185185,,,,0.0833333333333333,,,0.032258064516129,0.2,0.027027027027027,0.5,0.0434782608695652,,0.2727272727272727,0.6,0.6428571428571429,0.3333333333333333,0.2727272727272727,0.4666666666666667,0.5,0.1428571428571428,0.2363636363636363,,,,0.2666666666666666,0.75,0.4909090909090909,0.4619690909090909,0.3624333333333333,0.4685266666666666,0.1774193548387097,0.22,0.025,0.3625,9.653488372093024,0.3333333333333333,0.4285714285714285,0.2339622641509434,8.0,,5.0,12.0,4.0,4.0,9.0,12.0,5.0,,,,0.6,0.4166666666666667,0.4166666666666667,0.2181818181818181,0.6153846153846154,0.6153846153846154,0.5,,0.2181818181818181,0.4166666666666667,0.4166666666666667,0.6,0.2666666666666666,0.4166666666666667,22.883333333333336,0.2,0.4285714285714285,,,,,1.0,,1.0,6.0,,,1.0,0.25,,,,,,,,,0.25,,,,,,,,,,,,,,,,,0.0,,,4.0,0.5633802816901409,0.08790432170304824
100682,Lauren Jackson,1,3,2012,165,SEA,1611661328,32.0,78,187.0,None, ,2001,1,1,91.09166666666668,10,36,3,11,7,10,5,18,23,1,1,1,4,2,9,9,30,-7,0,0,3.3,87.47,97.0,97.0,-3.1,96.4,93.9,72.89,2.3,93.9,87.27,-3.1,-1.5,87.47,95.0,12.0,1.0,73.1,67.0,236,,,,,,,,,,,,,0.333,0.278,0.273,0.7,2.3,0.127,0.022,0.205,2.4,0.371,0.319,0.225,0.054,0.218,,,,,,,,,,,,,,,,,,,1611661328,Lauren Jackson,Lauren Jackson,100682,SEA,5466.0,3,91,-7.0,159,161,33.0,36.0,24.0,320,3.0,6.0,1.0,1.0,2.0,2.0,3.0,17.0,2.0,7.0,25.0,7.0,30.0,162,1.0,1.0,5.0,7.0,3.0,6.0,1.0,7.0,12.0,2.0,,2.0,1.0,,1.0,,,,,1.0,2.0,1.0,4.0,,3.0,13.0,2.0,18.0,5.0,23.0,4.0,1.0,,1.0,1.0,,1.0,,,,,1.0,,,5.0,9.0,,,,9.0,1.0,,0.0,5.0,,4.0,2.0,2.0,4.0,3.0,23.0,7.0,33.0,,,2.0,,,,4.0,,,97.48427672955974,100.62111801242236,0.8571428571428571,0.8571428571428571,0.28,1.0,0.5,0.3194444444444444,1.0,0.375,0.3658536585365853,0.7,0.35,0.08,,0.1176470588235294,22.58064516129032,1.0,0.4,,0.1940298507462686,0.0666666666666666,0.1875,0.0434782608695652,0.1927710843373494,0.0602409638554216,,0.1379310344827586,,0.0476190476190476,,0.2222222222222222,0.2272727272727272,0.1481481481481481,0.2142857142857142,,0.1666666666666666,0.75,0.1666666666666666,0.5,0.5,0.6666666666666666,0.4722222222222222,0.1764705882352941,0.2,1.0,0.0555555555555555,1.0,1.0,,0.25,1.0,0.4722222222222222,0.4216055555555555,0.5737,0.3995,0.1219512195121951,0.1666666666666666,0.2333333333333333,0.2333333333333333,7.48,0.6666666666666666,0.3571428571428571,0.2075471698113207,1.0,,3.0,11.0,2.0,2.0,9.0,11.0,3.0,,,,1.0,0.2727272727272727,0.2727272727272727,0.3055555555555556,0.5,0.5,1.0,,0.3055555555555556,0.2727272727272727,0.2727272727272727,1.0,0.25,0.2727272727272727,22.172727272727272,,0.25,,,,,,,,,,,,,,,,,,,,,,,,,,,,,,,,,,,,,,0.0,4.0,,4.0,0.40540540540540543,-0.0700705545816872
201507,Leilani Mitchell,0,2,2012,56,NYL,1611661313,28.0,65,130.0,Utah,USA,2008,2,25,31.216666666666665,2,8,1,5,0,0,2,1,3,1,3,0,0,0,5,1,5,-15,0,0,1.0,85.34,100.0,100.0,-28.6,104.3,71.4,71.12,8.3,71.4,86.2,-28.6,-37.0,85.34,67.3,4.0,0.33,7.1,10.0,147,,,,,,,,,,,,,0.0,0.25,0.2,0.0,25.0,0.0,0.083,0.0,25.0,0.313,0.313,0.154,0.044,0.153,,,,,,,,,,,,,,,,,,,1611661313,Leilani Mitchell,Leilani Mitchell,201507,NYL,1873.0,2,31,-15.0,54,53,6.0,13.0,13.0,107,,,,,,,,,3.0,1.0,3.0,,5.0,55,,1.0,,,,,,,2.0,,,,1.0,,1.0,,,,1.0,,2.0,,2.0,,1.0,,,1.0,2.0,3.0,0.0,,,,1.0,1.0,1.0,2.0,,,,3.0,,1.0,2.0,5.0,,,1.0,1.0,,,0.0,,,,,,,,5.0,,6.0,1.0,,10.0,,,,,,,74.07407407407408,103.77358490566036,1.0,1.0,0.3333333333333333,,,0.3125,,,0.3125,,,,,,15.714285714285715,0.3333333333333333,,,,0.0689655172413793,0.1428571428571428,,0.0384615384615384,0.048780487804878,0.125,,0.1111111111111111,,,,,,,0.5,,,,,,,,,,,0.375,,,,,,0.625,0.45573125,0.338,,,,,,17.066666666666666,,,0.1111111111111111,1.0,1.0,1.0,4.0,,,3.0,4.0,1.0,,,,1.0,0.2,0.2,0.625,0.3333333333333333,0.3333333333333333,1.0,0.125,0.5,0.25,0.25,1.0,,0.25,23.04,0.5,0.5,,,,,,,,,,,,,,,,,,,,,,,,,,,,,,,,,,,,,,0.0,,,0.0,0.25,-0.22547595998709263
100915,Lindsay Whalen,5,9,2012,519,MIN,1611661324,31.0,69,160.0,Minnesota,USA,2004,1,4,277.9183333333333,45,103,3,9,27,31,10,24,34,38,24,9,0,10,18,29,120,-10,0,0,5.0,89.38,103.7,103.7,-2.5,102.6,101.2,74.48,21.1,101.2,90.69,-2.5,-3.3,89.38,99.3,11.4,1.58,220.8,213.0,685,,,,,,,,,,,,,0.556,0.437,0.333,0.871,13.3,0.063,0.248,0.092,13.4,0.514,0.451,0.23,0.035,0.227,,,,,,,,,,,,,,,,,,,1611661324,Lindsay Whalen,Lindsay Whalen,100915,MIN,16677.0,9,278,-10.0,507,501,101.0,107.0,83.0,1008,30.0,52.0,4.0,5.0,4.0,11.0,7.0,28.0,14.0,42.0,94.0,27.0,120.0,535,7.0,12.0,2.0,19.0,6.0,17.0,10.0,22.0,22.0,62.0,2.0,10.0,26.0,12.0,38.0,8.0,4.0,9.0,8.0,9.0,88.0,3.0,7.0,,11.0,13.0,,24.0,10.0,34.0,1.0,9.0,6.0,3.0,16.0,3.0,10.0,8.0,1.0,6.0,1.0,24.0,5.0,5.0,9.0,18.0,1.0,2.0,,29.0,4.0,2.0,1.0,11.0,5.0,,,,,,101.0,22.0,100.0,,6.0,14.0,,22.0,,,,3.0,103.55029585798816,106.7864271457086,0.2619047619047619,0.2682926829268293,0.4468085106382978,0.5833333333333334,0.3529411764705882,0.4514563106796116,0.6071428571428571,0.3157894736842105,0.5084745762711864,0.6333333333333333,0.4583333333333333,0.1063829787234042,0.1153846153846153,0.1428571428571428,23.240589198036005,0.6666666666666666,,,0.0822784810126582,0.0339805825242718,0.1341463414634146,0.0491803278688524,0.1,0.0374531835205992,0.05,0.0273972602739726,0.0273972602739726,0.0232558139534883,0.1111111111111111,0.0405405405405405,0.1304347826086956,0.1052631578947368,0.1,0.2272727272727272,0.0212765957446808,,0.5048543689320388,0.5769230769230769,0.6521739130434783,0.2666666666666666,0.2718446601941747,0.25,0.2916666666666667,0.2857142857142857,0.1359223300970873,0.3571428571428571,0.8,0.5,0.5789473684210527,0.3636363636363636,0.5922330097087378,0.497233495145631,0.426035,0.4782578947368421,0.0973451327433628,0.1057692307692307,0.1583333333333333,0.1833333333333333,6.324468085106383,0.4285714285714285,0.1428571428571428,0.1992110453648915,5.0,3.0,2.0,6.0,2.0,2.0,9.0,6.0,2.0,1.0,,1.0,1.0,0.3333333333333333,0.3333333333333333,0.087378640776699,0.3571428571428571,0.3571428571428571,0.2,0.029126213592233,0.058252427184466,0.3333333333333333,0.3333333333333333,1.0,0.1052631578947368,0.3333333333333333,21.75555555555556,0.4444444444444444,0.3333333333333333,1.0,,,2.0,,2.0,,,,,,,,,0.3333333333333333,0.3333333333333333,1.0,0.1428571428571428,,,,,,,,1.0,1.0,,0.5,0.5,1.0,,,,,,,0.0,,,11.0,0.4580152671755725,-0.01746069281152013
201046,Lindsey Harding,1,3,2012,229,ATL,1611661330,29.0,68,139.0,Duke,USA,2007,1,1,114.02,23,54,3,12,8,9,6,8,14,16,11,8,1,1,4,12,57,-9,0,0,7.7,95.77,99.1,99.1,-5.2,95.9,93.9,79.81,18.8,93.9,98.4,-5.2,-4.0,95.77,91.9,18.0,1.45,113.8,108.0,239,,,,,,,,,,,,,0.333,0.426,0.25,0.889,12.9,0.059,0.254,0.073,12.9,0.492,0.454,0.255,0.046,0.249,,,,,,,,,,,,,,,,,,,1611661330,Lindsey Harding,Lindsey Harding,201046,ATL,6842.0,3,114,-9.0,226,225,43.0,58.0,41.0,451,6.0,11.0,1.0,1.0,2.0,2.0,7.0,18.0,13.0,20.0,42.0,8.0,57.0,224,4.0,10.0,2.0,10.0,3.0,6.0,4.0,16.0,10.0,30.0,4.0,1.0,16.0,,16.0,,,6.0,2.0,8.0,32.0,,6.0,,2.0,6.0,,8.0,6.0,14.0,2.0,8.0,7.0,1.0,8.0,1.0,3.0,3.0,,5.0,,11.0,1.0,1.0,2.0,4.0,2.0,,,12.0,,3.0,1.0,3.0,2.0,1.0,1.0,,1.0,1.0,47.0,16.0,43.0,,2.0,,,1.0,,,,,95.13274336283187,99.55555555555556,0.25,0.2777777777777778,0.4761904761904761,0.4,0.5,0.4537037037037037,0.4,0.5454545454545454,0.4913793103448275,0.4545454545454545,0.6153846153846154,0.0238095238095238,,0.0555555555555555,25.274725274725277,0.7272727272727273,,,0.0895522388059701,0.0594059405940594,0.0666666666666666,,0.0824742268041237,0.0483870967741935,0.131578947368421,0.03125,,,,0.0625,0.0588235294117647,0.1666666666666666,0.0769230769230769,,0.0714285714285714,1.0,0.2037037037037037,0.5454545454545454,0.5454545454545454,0.1666666666666666,0.3333333333333333,0.3888888888888889,0.4117647058823529,,0.2407407407407407,0.1,1.0,,0.1818181818181818,1.0,0.4259259259259259,0.4691981132075472,0.4361714285714285,0.4949681818181818,0.0535714285714285,0.0681818181818181,0.175438596491228,0.2807017543859649,10.402380952380952,0.6,0.3636363636363636,0.1902654867256637,7.0,,3.0,12.0,5.0,5.0,3.0,12.0,3.0,,,,0.3333333333333333,0.25,0.25,0.2222222222222222,0.5384615384615384,0.5384615384615384,0.5714285714285714,,0.2222222222222222,0.25,0.25,0.3333333333333333,0.4545454545454545,0.25,23.35833333333333,0.5,0.2857142857142857,,,,,2.0,,2.0,6.0,,,,0.4,,,,,,,,,0.4,,,,,,,1.0,,,,,,,,,,0.0,,,13.0,0.4453125,-0.030163459987092633
201889,Marissa Coleman,2,4,2012,60,LAS,1611661320,26.0,73,160.0,Maryland,USA,2009,1,2,31.48333333333333,2,6,2,6,2,2,1,2,3,1,0,1,0,0,2,1,8,-1,0,0,0.5,93.0,104.8,104.8,1.8,101.4,106.7,77.5,12.5,106.7,95.65,1.8,2.8,93.0,104.2,1.5,0.0,16.1,16.0,312,,,,,,,,,,,,,0.5,0.333,0.333,1.0,0.0,0.0,0.042,0.063,0.0,0.581,0.5,0.102,0.0,0.1,,,,,,,,,,,,,,,,,,,1611661320,Marissa Coleman,Marissa Coleman,201889,LAS,1889.0,4,31,-1.0,58,61,14.0,4.0,8.0,119,,,,,,,,,,,0.0,2.0,8.0,65,,,2.0,2.0,,,,3.0,,,,,1.0,,1.0,,,,1.0,,2.0,,1.0,,,2.0,,2.0,1.0,3.0,0.0,1.0,1.0,,,,0.0,,,,,0.0,,,1.0,2.0,,,,1.0,,,0.0,1.0,,,,,,,6.0,3.0,14.0,,,,,,,,,,110.3448275862069,106.55737704918032,,,,,,0.5,,0.75,0.5714285714285714,0.5,0.75,,,,10.294117647058822,,,,0.1052631578947368,0.0714285714285714,,,0.0689655172413793,0.0416666666666666,0.2,,,,,,0.2857142857142857,,,,,,,,,,,,,,,,,,,,1.0,0.525575,,0.457125,0.1428571428571428,1.0,0.25,0.375,,,,0.2413793103448276,,1.0,1.0,5.0,2.0,2.0,6.0,5.0,1.0,,,,1.0,0.3333333333333333,0.3333333333333333,1.0,,,,0.1666666666666666,0.8333333333333334,0.2,0.2,1.0,1.0,0.2,22.48333333333333,,0.25,1.0,,,1.0,1.0,1.0,1.0,,,,,0.5,,,1.0,1.0,1.0,1.0,,,0.5,,,,,,,,,,,,,,,,,0.0,,,1.0,0.5714285714285714,0.09595261144147876
202632,Maya Moore,5,9,2012,554,MIN,1611661324,24.0,72,175.0,Connecticut,USA,2011,1,1,297.01166666666666,51,119,26,60,21,23,19,28,47,25,15,9,5,6,29,25,149,11,1,0,5.7,89.45,100.2,100.2,1.8,98.4,102.0,74.54,14.9,102.0,91.18,1.8,1.5,89.45,99.9,13.2,1.67,269.9,275.0,685,,,,,,,,,,,,,0.556,0.429,0.433,0.913,8.9,0.081,0.154,0.1,8.9,0.577,0.538,0.222,0.063,0.215,,,,,,,,,,,,,,,,,,,1611661324,Maya Moore,Maya Moore,202632,MIN,17821.0,9,297,11.0,545,539,120.0,101.0,89.0,1084,11.0,20.0,3.0,5.0,2.0,4.0,7.0,19.0,20.0,25.0,59.0,21.0,149.0,554,6.0,12.0,1.0,25.0,4.0,12.0,9.0,41.0,24.0,26.0,6.0,5.0,20.0,5.0,25.0,2.0,3.0,16.0,3.0,1.0,55.0,4.0,14.0,1.0,8.0,19.0,1.0,28.0,19.0,47.0,4.0,9.0,8.0,1.0,6.0,4.0,4.0,9.0,1.0,2.0,1.0,15.0,1.0,4.0,12.0,29.0,1.0,2.0,,25.0,4.0,3.0,1.0,6.0,2.0,5.0,5.0,,5.0,2.0,124.0,41.0,119.0,2.0,3.0,28.0,,30.0,,20.0,2.0,10.0,103.6697247706422,102.78293135435992,0.48,0.5454545454545454,0.423728813559322,0.5,0.3333333333333333,0.5378151260504201,0.631578947368421,0.5925925925925926,0.578125,0.6578947368421053,0.6612903225806451,0.0847457627118644,0.15,0.1052631578947368,21.865443425076453,0.4,0.0909090909090909,0.1,0.1055555555555555,0.0660377358490566,0.0975609756097561,0.056338028169014,0.1030534351145038,0.0636042402826855,0.123076923076923,0.027027027027027,0.0547945205479452,0.0754716981132075,,0.0649350649350649,0.135593220338983,0.1363636363636363,0.0714285714285714,0.1538461538461538,0.0655737704918032,0.4,0.1680672268907563,0.55,0.6470588235294118,0.4545454545454545,0.1596638655462184,0.3684210526315789,0.4117647058823529,0.4285714285714285,0.1680672268907563,0.2631578947368421,0.6,,0.1481481481481481,0.5,0.6722689075630253,0.5023113445378151,0.5145970588235295,0.477487037037037,0.0634920634920634,0.09375,0.1677852348993288,0.2751677852348993,9.122033898305084,0.6666666666666666,0.3333333333333333,0.2201834862385321,7.0,10.0,23.0,50.0,14.0,15.0,54.0,50.0,23.0,2.0,,,0.6923076923076923,0.4333333333333333,0.4333333333333333,0.5042016806722689,0.35,0.35,0.5714285714285714,0.0840336134453781,0.4201680672268907,0.46,0.4693877551020408,0.6521739130434783,0.5185185185185185,0.46,22.261666666666667,0.3076923076923077,0.25,3.0,,1.0,5.0,8.0,7.0,8.0,24.0,1.0,2.0,,0.5333333333333333,0.0166666666666666,0.02,0.3,0.3,1.0,0.2631578947368421,0.037037037037037,,0.5714285714285714,,2.0,,0.1052631578947368,4.0,4.0,,0.5714285714285714,0.8,1.0,,,2.0,,,0.032258064516129,0.0,,,14.0,0.5437956204379562,0.06831966045086352
200691,Mistie Bass,3,5,2012,129,CON,1611661323,29.0,75,190.0,Duke,USA,2006,2,21,70.17666666666666,8,19,0,0,6,8,8,11,19,1,4,1,1,3,6,9,22,12,0,0,1.6,89.26,88.6,88.6,11.4,88.8,100.0,74.38,3.6,100.0,88.23,11.4,13.4,89.26,102.2,3.8,0.25,48.3,46.0,351,,,,,,,,,,,,,0.6,0.421,0.0,0.75,14.3,0.128,0.026,0.147,14.5,0.488,0.421,0.173,0.108,0.169,,,,,,,,,,,,,,,,,,,1611661323,Mistie Bass,Mistie Bass,200691,CON,4211.0,5,70,12.0,125,125,23.0,27.0,22.0,250,5.0,11.0,1.0,3.0,,1.0,,1.0,7.0,8.0,19.0,6.0,22.0,117,2.0,4.0,4.0,8.0,1.0,3.0,3.0,5.0,14.0,2.0,2.0,3.0,1.0,,1.0,,,,,1.0,2.0,2.0,6.0,,2.0,9.0,,11.0,8.0,19.0,0.0,1.0,1.0,,4.0,,3.0,,,1.0,,4.0,,,2.0,6.0,,3.0,,9.0,,,0.0,2.0,2.0,1.0,1.0,,1.0,,14.0,5.0,23.0,1.0,2.0,,,,,,,,103.2,93.6,0.875,1.0,0.4210526315789473,0.5,0.3333333333333333,0.4210526315789473,0.5,0.3333333333333333,0.4782608695652174,0.6666666666666666,0.5,0.1578947368421052,0.1818181818181818,,17.307692307692307,1.0,,,0.1836734693877551,0.1176470588235294,0.1052631578947368,0.1111111111111111,0.1617647058823529,0.1159420289855072,0.1,0.0588235294117647,0.2142857142857142,0.0833333333333333,0.1666666666666666,0.15,0.1538461538461538,0.25,0.125,,,,0.5789473684210527,0.4545454545454545,0.5555555555555556,0.8,0.0526315789473684,,,,0.3684210526315789,0.75,0.3333333333333333,,0.3333333333333333,,0.5789473684210527,0.4766052631578947,0.51465,0.4227,0.0952380952380952,0.0952380952380952,0.3636363636363636,0.2272727272727272,8.094736842105263,0.5,,0.184,3.0,,,,,,,,,,,,,,,,0.4285714285714285,0.5,1.0,,,,,,,,,0.25,,,,,,,,,,,,,,,,,,,,,,,,,0.1428571428571428,,,,3.0,,,,,,,,,,0.0,,,4.0,0.4583333333333333,-0.01714262665375932
202257,Monica Wright,5,9,2012,331,MIN,1611661324,24.0,70,171.0,Virginia,USA,2010,1,2,171.055,17,44,2,7,14,20,6,15,21,10,11,14,2,5,27,24,50,14,0,0,1.9,92.46,96.0,96.0,3.4,93.6,99.4,77.05,13.3,99.4,92.97,3.4,7.2,92.46,100.9,4.9,0.91,127.2,115.0,685,,,,,,,,,,,,,0.556,0.386,0.286,0.7,14.7,0.064,0.096,0.091,14.9,0.473,0.409,0.174,0.036,0.17,,,,,,,,,,,,,,,,,,,1611661324,Monica Wright,Monica Wright,202257,MIN,10263.0,9,171,14.0,321,319,78.0,98.0,46.0,640,6.0,14.0,1.0,2.0,2.0,2.0,4.0,12.0,11.0,15.0,37.0,14.0,50.0,315,3.0,4.0,,6.0,2.0,6.0,8.0,12.0,6.0,24.0,,4.0,5.0,5.0,10.0,3.0,2.0,2.0,2.0,1.0,25.0,2.0,4.0,,4.0,10.0,1.0,15.0,6.0,21.0,1.0,14.0,9.0,5.0,6.0,1.0,2.0,5.0,,4.0,,11.0,1.0,4.0,8.0,27.0,3.0,,1.0,24.0,,2.0,0.0,7.0,3.0,2.0,,1.0,2.0,1.0,44.0,12.0,78.0,4.0,3.0,6.0,1.0,6.0,,9.0,4.0,4.0,102.49221183800624,98.7460815047022,0.2,0.2,0.4054054054054054,0.75,0.3333333333333333,0.4090909090909091,0.6,0.2857142857142857,0.4629629629629629,0.6,0.5,0.1081081081081081,0.2142857142857142,0.0833333333333333,17.426273458445042,0.5454545454545454,0.1666666666666666,,0.0952380952380952,0.0357142857142857,0.0888888888888888,0.05,0.0933333333333333,0.0394736842105263,0.0344827586206896,0.0612244897959183,,0.0625,,0.075,0.1052631578947368,0.1111111111111111,0.088235294117647,0.0909090909090909,0.0454545454545454,0.5,0.3181818181818182,0.4285714285714285,0.5454545454545454,0.5,0.2727272727272727,0.3333333333333333,0.3636363636363636,,0.25,0.4,0.5,,0.2857142857142857,1.0,0.4772727272727273,0.4616352272727272,0.406,0.4396357142857142,0.1372549019607843,0.1590909090909091,0.12,0.24,8.905405405405405,0.75,0.5,0.2429906542056074,5.0,3.0,1.0,4.0,,1.0,6.0,4.0,1.0,,,,1.0,0.2857142857142857,0.2857142857142857,0.1590909090909091,0.4545454545454545,0.4545454545454545,,0.0681818181818181,0.0909090909090909,0.25,0.3333333333333333,1.0,,0.25,22.11428571428572,0.3333333333333333,,1.0,,1.0,,,1.0,,,1.0,,1.0,,0.1428571428571428,0.25,0.3333333333333333,0.3333333333333333,1.0,,0.1428571428571428,,,,1.0,,0.2,,,1.0,,,,,1.0,,,,,0.0,,,18.0,0.4032258064516129,-0.07225015353547976
201500,Nicky Anosike,1,3,2012,40,LAS,1611661320,27.0,75,210.0,Tennessee, ,2008,2,16,19.383333333333333,3,8,0,0,1,2,2,3,5,2,3,1,0,1,2,2,7,2,0,0,1.0,100.29,92.7,92.7,7.3,99.3,100.0,83.58,14.3,100.0,96.28,7.3,2.0,100.29,101.3,2.7,0.67,16.0,16.0,312,,,,,,,,,,,,,0.333,0.375,0.0,0.5,21.4,0.0,0.2,0.0,21.6,0.394,0.375,0.261,0.118,0.255,,,,,,,,,,,,,,,,,,,1611661320,Nicky Anosike,Nicky Anosike,201500,LAS,1163.0,3,19,2.0,39,41,13.0,13.0,5.0,80,3.0,5.0,1.0,1.0,,,,2.0,1.0,3.0,8.0,1.0,7.0,38,1.0,1.0,,2.0,,,,,4.0,2.0,2.0,1.0,2.0,,2.0,,,1.0,,1.0,4.0,1.0,1.0,,1.0,2.0,,3.0,2.0,5.0,0.0,1.0,,1.0,,2.0,0.0,3.0,1.0,,,3.0,,,2.0,2.0,,,,2.0,,,0.0,1.0,,,,,,,5.0,,13.0,,,,,,,,,,102.56410256410255,92.6829268292683,0.6666666666666666,1.0,0.375,1.0,,0.375,1.0,,0.3888888888888889,1.0,,0.125,0.2,,26.08695652173913,,,,0.1333333333333333,0.0714285714285714,0.125,0.3333333333333333,0.1304347826086956,0.1176470588235294,0.2,,,,0.5,,0.1428571428571428,0.25,0.1666666666666666,,,,0.625,0.6,0.75,0.6666666666666666,0.25,,,,0.125,1.0,1.0,,,,0.625,0.5080375,0.3946,,0.1111111111111111,0.1111111111111111,0.2857142857142857,,5.4875,0.5,,0.3333333333333333,,,,,,,,,,,,,,,,,,,,,,,,,,,,1.0,,,,,,,,,,,,,,,,,,,,,,,,,,,,,,,,,,,,,,,0.0,,,1.0,0.2916666666666667,-0.18380929332042595
100919,Nicole Powell,0,2,2012,117,NYL,1611661313,31.0,74,170.0,Stanford, ,2004,1,3,62.23333333333333,7,18,4,11,0,0,0,6,6,3,3,1,1,0,4,0,18,-3,0,0,3.5,91.4,86.7,86.7,-0.3,88.3,86.3,76.16,12.5,86.3,90.26,-0.3,-1.4,91.4,86.9,9.0,1.0,32.7,35.0,147,,,,,,,,,,,,,0.0,0.389,0.364,0.0,12.5,0.042,0.097,0.088,12.5,0.5,0.5,0.156,0.0,0.153,,,,,,,,,,,,,,,,,,,1611661313,Nicole Powell,Nicole Powell,100919,NYL,3734.0,2,62,-3.0,113,117,13.0,20.0,17.0,230,1.0,1.0,,,,,1.0,3.0,3.0,3.0,7.0,,18.0,104,1.0,1.0,,5.0,,,,,4.0,2.0,,,3.0,,3.0,,,1.0,1.0,1.0,6.0,,,,1.0,5.0,,6.0,,6.0,0.0,1.0,1.0,,1.0,2.0,1.0,2.0,,,,3.0,,1.0,1.0,4.0,,,,,,,0.0,,,,,,1.0,,13.0,,13.0,,,,,,,,,,89.38053097345134,88.8888888888889,0.6666666666666666,0.6666666666666666,0.4285714285714285,1.0,,0.5,1.25,,0.5,1.25,,,,,15.789473684210526,0.3333333333333333,,,0.1063829787234042,,0.0588235294117647,,0.09375,,,,,,,0.1666666666666666,0.1,0.0666666666666666,0.0833333333333333,,,,0.0555555555555555,1.0,1.0,1.0,0.1666666666666666,0.3333333333333333,0.3333333333333333,,0.1666666666666666,,,,,,0.6666666666666666,0.4915416666666666,0.4864,0.5412,,,0.2777777777777778,,11.414285714285716,,,0.1150442477876106,1.0,4.0,2.0,7.0,1.0,1.0,12.0,7.0,2.0,,1.0,,1.0,0.3636363636363636,0.3636363636363636,0.6111111111111112,0.3333333333333333,0.3333333333333333,1.0,0.2222222222222222,0.3888888888888889,0.2857142857142857,0.2857142857142857,1.0,1.0,0.2857142857142857,22.863636363636363,,0.5714285714285714,2.0,,,1.0,,1.0,,,,,,,,,0.5,0.5,1.0,0.5,,,,1.0,,,,1.0,1.0,,1.0,1.0,1.0,,,,,,,0.0,,,1.0,0.45,-0.025475959987092622
203014,Nneka Ogwumike,2,4,2012,200,LAS,1611661320,22.0,74,,Stanford,USA,2012,1,1,102.51666666666668,16,29,0,0,4,10,7,14,21,2,5,4,3,1,14,8,36,-10,0,0,4.0,93.88,112.4,112.4,-4.4,111.0,108.0,78.23,4.9,108.0,94.65,-4.4,-3.4,93.88,107.6,7.3,0.4,80.2,73.0,312,,,,,,,,,,,,,0.5,0.552,0.0,0.4,12.2,0.107,0.031,0.137,12.4,0.539,0.552,0.167,0.074,0.167,,,,,,,,,,,,,,,,,,,1611661320,Nneka Ogwumike,Nneka Ogwumike,203014,LAS,6151.0,4,103,-10.0,198,195,50.0,23.0,27.0,393,15.0,19.0,4.0,6.0,3.0,3.0,1.0,7.0,3.0,16.0,29.0,4.0,36.0,226,4.0,8.0,1.0,9.0,4.0,6.0,,8.0,20.0,12.0,8.0,1.0,2.0,,2.0,,,1.0,,1.0,4.0,,7.0,,3.0,11.0,,14.0,7.0,21.0,0.0,4.0,4.0,,3.0,1.0,0.0,2.0,,3.0,,5.0,,2.0,6.0,14.0,,2.0,1.0,8.0,,1.0,0.0,5.0,,2.0,2.0,,3.0,,27.0,8.0,49.0,,,1.0,,,,9.0,6.0,,109.0909090909091,115.8974358974359,0.625,0.8333333333333334,0.5517241379310345,0.5,0.6666666666666666,0.5517241379310345,0.5,0.6666666666666666,0.5294117647058824,0.5,0.6666666666666666,0.0344827586206896,,0.1428571428571428,16.810344827586206,0.6,,,0.1666666666666666,0.1166666666666666,0.09375,,0.1428571428571428,0.0813953488372093,,0.2105263157894736,0.15,,,0.1153846153846153,0.32,,0.074074074074074,0.2,,,0.6551724137931034,0.7894736842105263,0.7894736842105263,0.6666666666666666,0.2413793103448276,0.1428571428571428,0.1666666666666666,,0.1034482758620689,0.75,0.6666666666666666,,0.5,1.0,0.6551724137931034,0.4953620689655172,0.5811571428571429,0.4417166666666667,0.1470588235294117,0.1470588235294117,0.25,0.2222222222222222,4.779310344827586,0.5,0.1666666666666666,0.2525252525252525,,,,,,,,,,,1.0,,,,,,,,,,,,,,,,,,,,,,,,,,,,,,,,,,,,,,,,1.0,,,,,,,,,,,,,,,,0.0,,,5.0,0.46153846153846156,-0.01393749844863107
100888,Plenette Pierson,0,2,2012,114,NYL,1611661313,31.0,74,178.0,Texas Tech,USA,2003,1,4,60.65,7,18,0,1,4,5,4,6,10,6,3,1,0,1,4,11,18,-1,0,0,3.5,91.41,88.9,88.9,1.5,89.3,90.4,76.17,20.7,90.4,92.14,1.5,-0.8,91.41,88.5,9.0,2.0,39.0,36.0,147,,,,,,,,,,,,,0.0,0.389,0.0,0.8,10.3,0.077,0.182,0.102,10.3,0.446,0.389,0.175,0.056,0.173,,,,,,,,,,,,,,,,,,,1611661313,Plenette Pierson,Plenette Pierson,100888,NYL,3639.0,2,61,-1.0,112,115,11.0,21.0,16.0,227,4.0,10.0,1.0,4.0,1.0,3.0,1.0,3.0,4.0,7.0,17.0,4.0,18.0,104,1.0,4.0,,2.0,1.0,3.0,1.0,3.0,4.0,10.0,,1.0,5.0,1.0,6.0,,1.0,2.0,1.0,2.0,13.0,3.0,1.0,,1.0,5.0,,6.0,4.0,10.0,0.0,1.0,1.0,,1.0,1.0,1.0,2.0,,,,3.0,,,2.0,4.0,,,,11.0,1.0,1.0,1.0,3.0,,,,,,,16.0,3.0,11.0,,1.0,,,,,,,,91.96428571428572,90.43478260869566,0.2857142857142857,0.2857142857142857,0.4117647058823529,0.25,0.3333333333333333,0.3888888888888889,0.25,0.3333333333333333,0.45,0.25,0.5,0.0588235294117647,0.1,,17.557251908396946,0.3333333333333333,,,0.1282051282051282,0.0208333333333333,0.0625,0.15,0.109090909090909,0.0588235294117647,0.0588235294117647,,,0.1428571428571428,0.1666666666666666,0.0909090909090909,0.125,0.1666666666666666,0.1,,,,0.5555555555555556,0.4,0.4444444444444444,0.25,0.1666666666666666,0.3333333333333333,0.3333333333333333,,0.2222222222222222,1.0,0.25,1.0,1.0,0.3333333333333333,0.6111111111111112,0.5324805555555555,0.62715,0.6597000000000001,0.15,0.1578947368421052,0.1111111111111111,0.1666666666666666,5.929411764705883,0.1666666666666666,,0.0982142857142857,2.0,,,1.0,,,,1.0,,1.0,,,,,,0.0555555555555555,0.5,0.5,0.5,,0.0555555555555555,,,,,,21.3,1.0,,,,,,,,,,,,,,,,,,,,,,,,,,,,,2.0,,,,,,,,,,0.0,,,4.0,0.4090909090909091,-0.06638505089618352
100944,Rebekkah Brunson,5,9,2012,541,MIN,1611661324,31.0,74,184.0,Georgetown,USA,2004,1,10,294.46666666666664,44,90,0,0,19,24,35,52,87,11,19,7,13,8,29,21,107,7,4,0,4.9,88.19,99.8,99.8,1.3,96.8,101.1,73.49,8.4,101.1,90.48,1.3,2.2,88.19,99.0,10.0,0.58,268.9,245.0,685,,,,,,,,,,,,,0.556,0.489,0.0,0.792,14.5,0.148,0.066,0.177,14.6,0.532,0.489,0.188,0.119,0.185,,,,,,,,,,,,,,,,,,,1611661324,Rebekkah Brunson,Rebekkah Brunson,100944,MIN,17670.0,9,294,7.0,532,532,104.0,92.0,86.0,1064,25.0,38.0,14.0,21.0,4.0,6.0,11.0,26.0,26.0,44.0,90.0,19.0,107.0,540,15.0,26.0,3.0,33.0,5.0,14.0,5.0,15.0,54.0,34.0,20.0,8.0,9.0,2.0,11.0,2.0,,5.0,,4.0,24.0,7.0,28.0,,18.0,24.0,10.0,52.0,35.0,87.0,3.0,7.0,7.0,,7.0,6.0,4.0,12.0,,3.0,1.0,19.0,1.0,3.0,10.0,29.0,2.0,4.0,2.0,21.0,3.0,,2.0,12.0,1.0,13.0,7.0,6.0,13.0,8.0,74.0,15.0,103.0,2.0,1.0,4.0,,16.0,3.0,14.0,4.0,,102.81954887218043,101.50375939849624,0.6136363636363636,0.7941176470588235,0.4888888888888889,0.5769230769230769,0.3571428571428571,0.4888888888888889,0.5769230769230769,0.3571428571428571,0.5297029702970297,0.5892857142857143,0.4411764705882353,0.0888888888888888,0.1052631578947368,0.1153846153846153,18.808777429467085,0.3684210526315789,0.7692307692307693,,0.1311475409836065,0.1278538812785388,0.2045454545454545,0.1206896551724138,0.1549815498154981,0.1263537906137184,0.123076923076923,0.1645569620253164,0.0933333333333333,0.0714285714285714,0.25,0.1325301204819277,0.1379310344827586,0.119047619047619,0.2622950819672131,0.074074074074074,0.0833333333333333,0.6153846153846154,0.4222222222222222,0.6578947368421053,0.7352941176470589,0.44,0.2888888888888888,0.4230769230769231,0.4782608695652174,0.7272727272727273,0.2888888888888888,0.8076923076923077,0.6666666666666666,0.1428571428571428,0.4285714285714285,0.6666666666666666,0.4222222222222222,0.4560066666666666,0.52125,0.4587285714285714,0.12,0.12,0.308411214953271,0.1401869158878504,8.105555555555556,0.6153846153846154,0.3846153846153846,0.1954887218045112,8.0,,,,,,,,,,,,,,,,0.3076923076923077,0.32,1.0,,,,,,,,,0.3529411764705882,,,,,,,,,,,,,,,,,,,,,,,,,0.0384615384615384,,,,,,,,,,,,,,0.0,4.0,,15.0,0.47345132743362833,-0.0020246325534643006
201904,Renee Montgomery,3,5,2012,211,CON,1611661323,26.0,67,143.0,Connecticut,USA,2009,1,4,120.455,11,28,7,17,5,6,0,6,6,17,7,2,0,2,3,12,34,12,0,0,2.2,83.88,101.0,101.0,5.2,97.3,106.2,69.9,30.9,106.2,86.79,5.2,5.6,83.88,102.9,5.6,2.43,65.7,68.0,351,,,,,,,,,,,,,0.6,0.393,0.412,0.833,12.7,0.026,0.233,0.05,12.8,0.555,0.518,0.148,0.0,0.146,,,,,,,,,,,,,,,,,,,1611661323,Renee Montgomery,Renee Montgomery,201904,CON,7228.0,5,120,12.0,206,204,36.0,42.0,36.0,410,4.0,7.0,,,,1.0,,1.0,3.0,4.0,11.0,5.0,34.0,212,,,,6.0,,2.0,,6.0,,8.0,,1.0,13.0,4.0,17.0,3.0,1.0,5.0,5.0,3.0,38.0,,,,4.0,1.0,1.0,6.0,,6.0,0.0,2.0,1.0,1.0,3.0,,3.0,4.0,,,2.0,7.0,1.0,,,3.0,1.0,,,12.0,1.0,2.0,0.0,3.0,,,,,,,28.0,6.0,36.0,,,,,,,,,,108.7378640776699,103.92156862745098,,,0.3636363636363636,,,0.5178571428571429,0.75,0.4285714285714285,0.5483870967741935,0.75,0.4285714285714285,0.0909090909090909,,1.0,14.960629921259844,0.4285714285714285,0.2,,0.0121951219512195,,0.1379310344827586,,0.045045045045045,,,,,,,0.03125,,,0.125,0.2,,,0.25,0.5714285714285714,0.5714285714285714,,0.0357142857142857,,,,0.1071428571428571,,,,0.1428571428571428,,0.8571428571428571,0.5612160714285714,0.586425,0.5788785714285715,0.0967741935483871,0.2142857142857142,0.1764705882352941,0.1764705882352941,5.590909090909091,0.6666666666666666,1.0,0.174757281553398,,1.0,7.0,16.0,5.0,5.0,12.0,16.0,7.0,,,,0.5714285714285714,0.4117647058823529,0.4117647058823529,0.6071428571428571,,,,0.0357142857142857,0.5714285714285714,0.4375,0.4666666666666667,0.5714285714285714,0.7142857142857143,0.4375,22.1,0.6666666666666666,0.5,,,,4.0,2.0,4.0,2.0,9.0,1.0,,,0.4,0.0588235294117647,0.0625,,,,1.0,,,0.4,,,,,2.0,2.0,1.0,0.5,0.5,0.5,,,,,,,0.0,,,5.0,0.4857142857142857,0.010238325727193076
101023,Sancho Lyttle,1,3,2012,204,ATL,1611661330,29.0,76,175.0,Houston,USA,2005,1,5,102.68333333333334,17,47,0,5,3,4,7,14,21,2,5,9,2,3,11,4,37,-5,0,0,5.7,95.36,97.5,97.5,-2.5,95.5,95.1,79.47,3.6,95.1,97.48,-2.5,-2.5,95.36,93.0,15.7,0.4,93.2,82.0,239,,,,,,,,,,,,,0.333,0.362,0.0,0.75,9.1,0.099,0.033,0.144,9.0,0.379,0.362,0.223,0.061,0.215,,,,,,,,,,,,,,,,,,,1611661330,Sancho Lyttle,Sancho Lyttle,101023,ATL,6161.0,3,103,-5.0,202,204,44.0,59.0,38.0,406,2.0,7.0,1.0,3.0,,,5.0,15.0,20.0,17.0,42.0,3.0,37.0,199,1.0,7.0,,2.0,4.0,6.0,3.0,11.0,26.0,8.0,,3.0,2.0,,2.0,,,2.0,,,4.0,,7.0,,6.0,8.0,,14.0,7.0,21.0,1.0,9.0,8.0,1.0,5.0,,2.0,,,3.0,,5.0,,1.0,8.0,11.0,,,,4.0,,,2.0,2.0,1.0,2.0,2.0,,2.0,2.0,35.0,11.0,44.0,1.0,1.0,12.0,,5.0,4.0,7.0,3.0,,96.03960396039604,97.54901960784314,0.7647058823529411,0.7647058823529411,0.4047619047619047,0.1428571428571428,0.6666666666666666,0.3617021276595745,0.1111111111111111,0.5,0.3854166666666667,0.1111111111111111,0.6111111111111112,0.0714285714285714,0.4285714285714285,,21.72131147540984,1.0,,,0.1403508771929824,0.0760869565217391,0.2068965517241379,,0.1627906976744186,0.0642201834862385,0.0285714285714285,0.064516129032258,0.1538461538461538,,,0.1428571428571428,0.0714285714285714,0.2,0.2,0.25,0.037037037037037,1.0,0.1489361702127659,0.2857142857142857,0.5,0.5,0.3191489361702128,0.3333333333333333,0.3333333333333333,0.4,0.425531914893617,0.3333333333333333,0.3333333333333333,,,,0.2553191489361702,0.4293978723404255,0.4880166666666666,0.427375,0.0425531914893617,0.0476190476190476,0.054054054054054,0.2972972972972973,11.721428571428572,0.6,0.2,0.2178217821782178,10.0,,,5.0,2.0,2.0,,5.0,,,,,,,,0.1063829787234042,0.5,0.5,1.0,,0.1063829787234042,,,,0.25,,21.9,0.4,0.2,,,,2.0,,2.0,,,,,,,,,,,,0.2222222222222222,,,,,,,,,,,,,,,,,,,,0.0,,,11.0,0.37,-0.10547595998709264
203067,Sasha Goodlett,1,1,2012,7,IND,1611661325,22.0,77,239.0,Georgia Tech,USA,2012,1,11,3.8,0,0,0,0,0,0,0,0,0,0,0,0,0,0,1,0,0,-11,0,0,0.0,88.42,185.7,185.7,-157.1,174.7,28.6,73.68,0.0,28.6,90.44,-157.1,-145.7,88.42,29.1,0.0,0.0,0.0,0.0,734,,,,,,,,,,,,,1.0,0.0,0.0,0.0,0.0,0.0,0.0,0.0,0.0,0.0,0.0,0.0,0.0,0.0,,,,,,,,,,,,,,,,,,,1611661325,Sasha Goodlett,Sasha Goodlett,203067,IND,228.0,1,4,-11.0,7,7,,,,14,,,,,,,,,,,0.0,,0.0,13,,,,,,,,,,,,,,,,,,,,,,,,,,,,,,,0.0,,,,,,0.0,,,,,0.0,,,1.0,1.0,,,,,,,0.0,,,,,,,,,,,,,,,,,,,,28.57142857142857,185.7142857142857,,,,,,,,,,,,,,,,,,,,,,,,,,,,,,,,,,,,,,,,,,,,,,,,,,,,,,,,,,,,,,,,,,,,,,,,,,,,,,,,,,,,,,,,,,,,,,,,,,,,,,,,,,,,,,,,,,,,,,,,,,,,,,,,,0.0,,,0.0,,
200671,Seimone Augustus,5,9,2012,583,MIN,1611661324,29.0,72,165.0,Louisiana State,USA,2006,1,1,315.31333333333333,61,143,10,34,29,36,6,39,45,19,14,14,3,4,5,36,161,-10,0,0,6.8,88.9,101.9,101.9,-1.4,99.1,100.5,74.09,9.9,100.5,90.86,-1.4,-0.1,88.9,99.0,15.9,1.36,280.5,269.0,685,,,,,,,,,,,,,0.556,0.427,0.294,0.806,7.3,0.073,0.119,0.128,7.3,0.507,0.462,0.254,0.019,0.248,,,,,,,,,,,,,,,,,,,1611661324,Seimone Augustus,Seimone Augustus,200671,MIN,18920.0,9,315,-10.0,572,577,125.0,114.0,92.0,1149,12.0,20.0,2.0,5.0,1.0,4.0,24.0,52.0,37.0,51.0,109.0,29.0,161.0,596,9.0,15.0,10.0,31.0,5.0,23.0,10.0,35.0,38.0,64.0,2.0,4.0,12.0,7.0,19.0,5.0,2.0,6.0,3.0,3.0,45.0,1.0,5.0,,14.0,25.0,,39.0,6.0,45.0,3.0,14.0,11.0,3.0,12.0,,7.0,2.0,1.0,5.0,,14.0,,,5.0,5.0,,,,36.0,2.0,,1.0,13.0,5.0,3.0,1.0,1.0,3.0,1.0,130.0,35.0,124.0,,4.0,,,,,,,,102.44755244755244,103.29289428076255,0.3725490196078431,0.38,0.4678899082568807,0.6,0.217391304347826,0.4615384615384615,0.65625,0.4166666666666667,0.496875,0.7045454545454546,0.4729729729729729,0.036697247706422,0.1,0.0192307692307692,25.329428989751097,0.8571428571428571,,,0.1344086021505376,0.0220264317180616,0.1473684210526315,0.0144927536231884,0.1387900355871886,0.0202702702702702,0.0428571428571428,0.024390243902439,,0.02,,0.1219512195121951,0.1525423728813559,0.1333333333333333,0.1666666666666666,0.1034482758620689,0.0389610389610389,0.3333333333333333,0.1398601398601398,0.6,0.6666666666666666,0.5,0.3636363636363636,0.4615384615384615,0.4705882352941176,0.375,0.2587412587412587,0.3125,0.4,0.5,0.1333333333333333,0.25,0.3776223776223776,0.4365758741258741,0.4507714285714286,0.4139333333333333,0.0838709677419354,0.1074380165289256,0.1925465838509316,0.217391304347826,10.419266055045872,0.5,0.5357142857142857,0.2185314685314685,15.0,11.0,6.0,23.0,4.0,7.0,27.0,23.0,6.0,,,,0.9,0.2941176470588235,0.2941176470588235,0.2377622377622377,0.4054054054054054,0.4166666666666667,0.2666666666666666,0.0769230769230769,0.1608391608391608,0.2608695652173913,0.2608695652173913,0.8333333333333334,0.1333333333333333,0.2608695652173913,21.670588235294115,0.3636363636363636,0.391304347826087,4.0,3.0,3.0,1.0,2.0,1.0,5.0,3.0,,2.0,1.0,0.7142857142857143,,,0.3636363636363636,0.3636363636363636,1.0,0.0625,0.1,1.0,0.5,,,0.027027027027027,,1.0,1.0,,1.0,1.0,1.0,,,,,,,0.0,,,15.0,0.48936170212765956,0.013885742140566926
100937,Shameka Christon,0,2,2012,95,SAN,1611661319,31.0,74,174.0,Arkansas,USA,2004,1,5,48.25,5,15,5,12,2,2,0,4,4,4,2,0,0,0,4,3,17,-1,0,0,2.5,96.0,113.3,113.3,2.5,119.6,115.8,80.0,18.2,115.8,93.51,2.5,-4.0,96.0,115.6,7.5,2.0,25.8,30.0,160,,,,,,,,,,,,,0.0,0.333,0.417,1.0,9.1,0.048,0.105,0.098,9.1,0.535,0.5,0.165,0.0,0.162,,,,,,,,,,,,,,,,,,,1611661319,Shameka Christon,Shameka Christon,100937,SAN,2895.0,2,48,-1.0,94,93,14.0,11.0,14.0,187,,,,,,,,2.0,1.0,,3.0,2.0,17.0,111,,,2.0,8.0,,,2.0,2.0,,,,,4.0,,4.0,,,,3.0,1.0,8.0,,,,2.0,2.0,,4.0,,4.0,0.0,,,,2.0,,2.0,,,,,2.0,,,3.0,4.0,,,,3.0,1.0,1.0,0.0,,1.0,,,,,,9.0,2.0,14.0,1.0,1.0,,,,,,,,117.02127659574468,119.3548387096774,,,,,,0.5,1.0,,0.53125,1.0,0.25,,,,16.513761467889907,1.0,,,0.0689655172413793,,0.25,,0.1081081081081081,,,,,,,,0.1111111111111111,0.125,0.2857142857142857,,,,,,,,0.1333333333333333,,,,0.0666666666666666,,,,,,0.8,0.4983133333333333,0.59685,0.4218,,,0.4705882352941176,0.1176470588235294,12.366666666666667,,,0.1489361702127659,,,5.0,12.0,3.0,3.0,15.0,12.0,5.0,,,,1.0,0.4166666666666667,0.4166666666666667,0.8,,,,,0.8,0.4166666666666667,0.4166666666666667,1.0,1.0,0.4166666666666667,22.6,,0.4285714285714285,,,,3.0,,3.0,,,,,,,,,,,,1.0,,,,,,,,2.0,2.0,,0.6666666666666666,0.6666666666666666,1.0,,,,,,,0.0,,,1.0,0.53125,0.05577404001290737
201919,Shavonte Zellous,7,10,2012,520,IND,1611661325,26.0,70,155.0,Pittsburgh,USA,2009,1,11,278.5,37,93,8,30,24,28,10,19,29,17,17,9,8,8,27,23,106,33,0,0,3.7,89.88,100.8,100.8,6.9,98.2,107.7,74.9,12.1,107.7,92.12,6.9,7.0,89.88,105.2,9.3,1.0,200.3,194.0,734,,,,,,,,,,,,,0.7,0.398,0.267,0.857,12.1,0.054,0.104,0.067,12.2,0.503,0.441,0.2,0.039,0.198,,,,,,,,,,,,,,,,,,,1611661325,Shavonte Zellous,Shavonte Zellous,201919,IND,16708.0,10,278,33.0,509,514,122.0,112.0,79.0,1023,14.0,29.0,3.0,5.0,3.0,5.0,6.0,12.0,22.0,29.0,63.0,24.0,106.0,527,4.0,8.0,2.0,16.0,6.0,11.0,8.0,23.0,22.0,36.0,4.0,7.0,13.0,4.0,17.0,4.0,,7.0,3.0,3.0,38.0,5.0,5.0,,8.0,9.0,2.0,19.0,10.0,29.0,1.0,9.0,5.0,4.0,7.0,4.0,7.0,10.0,2.0,,1.0,17.0,1.0,2.0,12.0,27.0,3.0,1.0,,23.0,1.0,1.0,2.0,10.0,5.0,7.0,6.0,,8.0,6.0,90.0,21.0,120.0,2.0,4.0,9.0,,18.0,,14.0,7.0,,110.0196463654224,102.52918287937744,0.3793103448275862,0.4074074074074074,0.4603174603174603,0.5,0.5454545454545454,0.4408602150537634,0.4375,0.375,0.5,0.4705882352941176,0.4423076923076923,0.1111111111111111,0.2413793103448276,,20.230263157894736,0.4117647058823529,0.2222222222222222,,0.045,0.0303030303030303,0.1290322580645161,0.0704225352112676,0.0648854961832061,0.0423728813559322,0.0113636363636363,0.0689655172413793,0.0416666666666666,0.0833333333333333,0.0434782608695652,0.0298507462686567,0.064516129032258,0.0422535211267605,0.1333333333333333,0.1176470588235294,0.0227272727272727,0.75,0.3118279569892473,0.4827586206896552,0.6363636363636364,0.5,0.1290322580645161,0.5,0.5,0.1666666666666666,0.2365591397849462,0.3125,0.6,,0.25,0.6,0.6344086021505376,0.4762282608695652,0.4479363636363636,0.4430684210526316,0.099009900990099,0.1408450704225352,0.1509433962264151,0.2169811320754717,8.947619047619048,0.6666666666666666,0.6666666666666666,0.2396856581532416,9.0,17.0,2.0,13.0,4.0,9.0,24.0,12.0,2.0,,1.0,,1.0,0.2666666666666666,0.2758620689655172,0.3225806451612903,0.4090909090909091,0.4090909090909091,0.3333333333333333,0.1827956989247312,0.1397849462365591,0.1538461538461538,0.1666666666666666,1.0,0.2,0.1666666666666666,23.043333333333333,0.5384615384615384,0.4117647058823529,6.0,,5.0,4.0,1.0,8.0,1.0,,1.0,,1.0,0.1111111111111111,0.0333333333333333,0.0769230769230769,0.3529411764705882,0.3529411764705882,1.0,0.25,0.25,,0.25,1.0,4.0,,0.25,1.0,2.0,1.0,0.25,0.25,1.0,1.0,,,0.25,1.0,,0.0,,,17.0,0.4608695652173913,-0.014606394769701325
203015,Shekinna Stricklen,1,3,2012,110,SEA,1611661328,22.0,74,178.0,Tennessee,USA,2012,1,2,52.08833333333333,8,15,1,7,3,5,2,11,13,5,2,4,1,0,9,4,20,-19,0,0,2.7,102.29,97.3,97.3,-15.5,100.1,81.8,85.24,20.8,81.8,100.13,-15.5,-17.1,102.29,83.0,5.0,2.5,56.1,49.0,236,,,,,,,,,,,,,0.333,0.533,0.143,0.6,8.3,0.125,0.208,0.216,8.3,0.581,0.567,0.163,0.038,0.154,,,,,,,,,,,,,,,,,,,1611661328,Shekinna Stricklen,Shekinna Stricklen,203015,SEA,3125.0,3,52,-19.0,106,108,40.0,46.0,11.0,214,5.0,6.0,1.0,1.0,3.0,4.0,1.0,1.0,1.0,7.0,8.0,3.0,20.0,109,1.0,1.0,,2.0,4.0,5.0,,11.0,8.0,6.0,,,2.0,3.0,5.0,3.0,,1.0,1.0,,13.0,1.0,1.0,,3.0,7.0,1.0,11.0,2.0,13.0,0.0,4.0,1.0,3.0,1.0,1.0,1.0,1.0,,,,2.0,,,4.0,9.0,,1.0,,4.0,,,1.0,3.0,,1.0,,1.0,1.0,1.0,18.0,11.0,40.0,1.0,,6.0,,5.0,1.0,5.0,,,84.90566037735849,100.92592592592592,0.5714285714285714,0.5714285714285714,0.875,1.0,0.8,0.5666666666666667,1.0,0.6875,0.5882352941176471,1.0,0.6875,,,,16.10169491525424,0.5,0.2,,0.2058823529411764,0.0357142857142857,0.25,0.0555555555555555,0.217391304347826,0.0434782608695652,0.125,,,0.0769230769230769,,0.2857142857142857,0.1666666666666666,0.2,0.25,,,1.0,0.4,0.8333333333333334,0.8333333333333334,0.6,0.0666666666666666,1.0,1.0,,0.0666666666666666,1.0,1.0,,0.5,0.75,0.8666666666666667,0.56475,,0.6054125,0.1764705882352941,0.3,0.1,0.55,4.15,,,0.3773584905660377,1.0,5.0,,2.0,,3.0,3.0,2.0,,,,,1.0,0.1428571428571428,0.1428571428571428,0.4666666666666667,1.0,1.0,1.0,0.3333333333333333,0.1333333333333333,,,,,,22.11428571428572,,0.3333333333333333,1.0,1.0,3.0,,,,1.0,,,,,0.3333333333333333,,,0.2,0.2,1.0,,0.375,0.3333333333333333,,,,,,,,1.0,,,,,,,,,,0.0,,,6.0,0.5555555555555556,0.08007959556846295
203018,Shenise Johnson,0,2,2012,52,SAN,1611661319,22.0,71,,Miami,USA,2012,1,5,24.433333333333334,3,9,0,4,0,0,2,4,6,2,1,1,0,1,1,1,6,-9,0,0,1.5,101.17,129.4,129.4,-19.8,128.2,109.6,84.31,16.7,109.6,101.13,-19.8,-17.5,101.17,110.7,4.5,2.0,18.2,16.0,160,,,,,,,,,,,,,0.0,0.333,0.0,0.0,8.3,0.133,0.111,0.25,8.3,0.333,0.333,0.163,0.069,0.159,,,,,,,,,,,,,,,,,,,1611661319,Shenise Johnson,Shenise Johnson,203018,SAN,1466.0,2,24,-9.0,49,50,15.0,22.0,11.0,99,2.0,2.0,1.0,1.0,,,,,3.0,3.0,5.0,,6.0,66,1.0,2.0,,2.0,,2.0,,,,6.0,2.0,1.0,2.0,,2.0,,,,1.0,1.0,4.0,,2.0,,3.0,,1.0,4.0,2.0,6.0,0.0,1.0,1.0,,1.0,,0.0,,,1.0,,1.0,1.0,,,1.0,,,,1.0,,,0.0,,,,,,,,4.0,,15.0,1.0,,,,,,,,,116.3265306122449,132.0,,,0.6,0.5,,0.3333333333333333,0.5,,0.3333333333333333,0.5,,0.2,,,16.666666666666668,1.0,1.0,,,0.1428571428571428,0.6,,0.2,0.08,0.5,,,,,,,,0.6,,,,0.2222222222222222,1.0,1.0,,,,,,0.3333333333333333,0.5,1.0,,,,0.6666666666666666,0.4588722222222222,0.4181,0.4470666666666666,,,0.3333333333333333,,11.98,,,0.3061224489795918,1.0,2.0,,2.0,1.0,1.0,,2.0,,,,,,,,0.4444444444444444,0.3333333333333333,0.5,,0.2222222222222222,0.2222222222222222,,,,0.3333333333333333,,22.875,0.5,0.25,,,,,,,,,,,,,,,,,,,,,,,,0.3333333333333333,,,,,,,,,,,,,,0.0,,,1.0,0.3,-0.17547595998709264
200674,Sophia Young-Malcolm,0,2,2012,143,SAN,1611661319,29.0,73,165.0,Baylor, ,2006,1,4,70.73333333333333,16,30,0,0,8,9,5,5,10,1,4,5,1,2,7,10,40,0,0,0,8.0,97.04,116.1,116.1,0.0,116.4,116.1,80.87,2.6,116.1,97.58,0.0,-1.9,97.04,114.5,15.0,0.25,67.5,63.0,160,,,,,,,,,,,,,0.0,0.533,0.0,0.889,10.3,0.078,0.022,0.088,10.3,0.589,0.533,0.225,0.07,0.222,,,,,,,,,,,,,,,,,,,1611661319,Sophia Young-Malcolm,Sophia Young-Malcolm,200674,SAN,4244.0,2,71,,141,142,32.0,34.0,25.0,283,7.0,13.0,1.0,2.0,3.0,3.0,7.0,11.0,6.0,16.0,30.0,8.0,40.0,166,2.0,5.0,,4.0,6.0,8.0,2.0,14.0,22.0,10.0,2.0,2.0,1.0,,1.0,,,1.0,,,2.0,1.0,4.0,,,5.0,,5.0,5.0,10.0,1.0,5.0,3.0,2.0,1.0,1.0,1.0,3.0,1.0,,,4.0,1.0,1.0,2.0,7.0,,1.0,,10.0,2.0,1.0,1.0,4.0,1.0,1.0,1.0,,1.0,1.0,36.0,14.0,32.0,3.0,1.0,2.0,,1.0,3.0,10.0,,,117.73049645390071,116.90140845070422,0.6875,0.7333333333333333,0.5333333333333333,0.4,0.75,0.5333333333333333,0.4,0.75,0.5882352941176471,0.4,0.7777777777777778,0.0666666666666666,0.0769230769230769,0.0909090909090909,22.61904761904762,0.25,,,0.1219512195121951,0.0888888888888888,,0.0434782608695652,0.0961538461538461,0.0735294117647058,0.0555555555555555,,0.1875,0.0454545454545454,,0.2142857142857142,0.0666666666666666,0.0833333333333333,,,0.0833333333333333,1.0,0.4333333333333333,0.5384615384615384,0.5833333333333334,0.5714285714285714,0.3666666666666666,0.6363636363636364,0.7,0.8571428571428571,0.2,0.4,0.5,,0.375,1.0,0.4333333333333333,0.4353966666666666,0.4479,0.4262875,0.1212121212121212,0.1212121212121212,0.1,0.35,7.046666666666667,0.3333333333333333,0.25,0.226950354609929,2.0,,,,,,,,,,,,,,,,0.3333333333333333,0.3333333333333333,0.5,,,,,,,,,0.25,,,,,,,,,,,,,,,,,,,,,,,,,,,,,,,,,,,,,,,0.0,,,7.0,0.5555555555555556,0.08007959556846295
100720,Sue Bird,1,3,2012,193,SEA,1611661328,32.0,69,150.0,Connecticut,USA,2002,1,1,106.44166666666666,18,41,8,16,5,6,1,4,5,21,10,5,2,3,7,3,49,15,1,0,6.0,85.91,97.9,97.9,5.2,98.3,103.1,71.59,28.0,103.1,85.96,5.2,4.3,85.91,102.6,13.7,2.1,97.5,97.0,236,,,,,,,,,,,,,0.333,0.439,0.5,0.833,13.3,0.025,0.389,0.042,13.4,0.561,0.537,0.249,0.01,0.244,,,,,,,,,,,,,,,,,,,1611661328,Sue Bird,Sue Bird,100720,SEA,6388.0,3,106,15.0,190,179,42.0,38.0,26.0,369,3.0,4.0,,,,,1.0,7.0,14.0,10.0,25.0,5.0,49.0,184,,1.0,,9.0,,6.0,2.0,14.0,6.0,14.0,,3.0,14.0,7.0,21.0,5.0,2.0,7.0,,7.0,49.0,,1.0,,1.0,3.0,,4.0,1.0,5.0,1.0,5.0,4.0,1.0,8.0,2.0,7.0,2.0,,1.0,,10.0,,3.0,1.0,7.0,,,,3.0,,,0.0,2.0,1.0,2.0,2.0,,2.0,,40.0,14.0,42.0,3.0,1.0,8.0,,7.0,,,,,104.73684210526316,102.79329608938548,0.3,0.3,0.4,,,0.5365853658536586,0.9,0.5454545454545454,0.5568181818181818,0.9,0.5833333333333334,0.12,,0.1428571428571428,24.77064220183486,0.8,,,0.0405405405405405,0.015625,0.0555555555555555,,0.0434782608695652,0.0111111111111111,,,0.0909090909090909,,,,0.0769230769230769,0.0344827586206896,,0.3333333333333333,0.0526315789473684,,0.0975609756097561,0.75,0.75,,0.1707317073170731,0.1428571428571428,0.1666666666666666,,0.3414634146341463,,,,,,0.4878048780487805,0.4751134146341463,0.49427,0.4792590909090908,0.0465116279069767,0.074074074074074,0.1836734693877551,0.2857142857142857,11.936,1.0,0.3333333333333333,0.2210526315789473,6.0,2.0,8.0,14.0,5.0,5.0,21.0,14.0,8.0,,,,0.875,0.5,0.5,0.3902439024390244,0.4285714285714285,0.5,0.5,0.048780487804878,0.3414634146341463,0.5714285714285714,0.5714285714285714,0.875,0.4545454545454545,0.5714285714285714,21.79375,0.5,,,,,4.0,4.0,4.0,4.0,3.0,,,,0.8,,,,,,0.8,,,0.8,,,0.1428571428571428,,3.0,3.0,,0.75,0.75,1.0,,,,,,,0.0,,,5.0,0.532608695652174,0.05713273566508131
100658,Svetlana Abrosimova,1,2,2012,15,SEA,1611661328,32.0,74,169.0,Connecticut,USA,2001,1,7,7.331666666666667,1,2,0,0,0,0,1,2,3,0,0,0,0,0,3,0,2,2,0,0,0.5,94.93,42.9,42.9,10.5,47.0,53.3,79.11,0.0,53.3,81.05,10.5,19.6,94.93,66.7,1.0,0.0,5.6,5.0,236,,,,,,,,,,,,,0.5,0.5,0.0,0.0,0.0,0.0,0.0,0.0,0.0,0.5,0.5,0.133,0.0,0.111,,,,,,,,,,,,,,,,,,,1611661328,Svetlana Abrosimova,Svetlana Abrosimova,100658,SEA,439.0,2,7,2.0,13,13,1.0,1.0,3.0,26,,,,,,,1.0,2.0,,1.0,2.0,,2.0,6,1.0,1.0,,2.0,,,,,,2.0,,,,,,,,,,,,,1.0,,,2.0,,2.0,1.0,3.0,0.0,,,,,,0.0,,,,,0.0,,,,3.0,,,,,,,0.0,,,,,,,,,,1.0,,,,,,,,,,61.53846153846153,46.15384615384615,,,0.5,1.0,,0.5,1.0,,0.5,1.0,,,,,12.5,,,,0.3333333333333333,0.125,,,0.2222222222222222,0.125,,0.1666666666666666,,,,,,0.6666666666666666,,,,,,,,,1.0,0.5,0.5,,,,,,,,,0.3569,0.3557,,,,1.0,,9.35,,,0.0769230769230769,,,,,,,,,,,,,,,,,,,,,,,,,,,,,,,,,,,,,,,,,,,,,,,,,,,,,,,,,,,,,,,,,,,0.0,,,0.0,0.5,0.024524040012907367
100412,Taj McWilliams-Franklin,5,9,2012,454,MIN,1611661324,42.0,74,195.0,St. Edward's,USA,1999,3,32,243.1083333333333,22,58,0,0,9,13,14,24,38,20,12,7,13,3,29,10,53,-10,0,0,2.4,89.34,101.8,101.8,-2.9,99.8,98.9,74.45,20.8,98.9,90.83,-2.9,-2.2,89.34,97.6,6.4,1.67,176.6,151.0,685,,,,,,,,,,,,,0.556,0.379,0.0,0.692,12.5,0.078,0.13,0.098,12.5,0.416,0.379,0.142,0.058,0.139,,,,,,,,,,,,,,,,,,,1611661324,Taj McWilliams-Franklin,Taj McWilliams-Franklin,100412,MIN,14585.0,9,243,-10.0,441,440,76.0,75.0,74.0,881,17.0,32.0,5.0,11.0,3.0,5.0,2.0,10.0,16.0,22.0,58.0,9.0,53.0,459,6.0,16.0,2.0,14.0,3.0,6.0,7.0,13.0,36.0,8.0,4.0,3.0,17.0,3.0,20.0,3.0,,8.0,7.0,2.0,43.0,2.0,12.0,,4.0,18.0,2.0,24.0,14.0,38.0,2.0,7.0,6.0,1.0,8.0,1.0,6.0,4.0,,2.0,2.0,12.0,1.0,3.0,20.0,29.0,,1.0,1.0,10.0,,,1.0,3.0,4.0,13.0,11.0,2.0,13.0,6.0,39.0,12.0,75.0,2.0,3.0,2.0,,9.0,,9.0,4.0,,101.8140589569161,104.3181818181818,0.8181818181818182,0.9,0.3793103448275862,0.375,0.5,0.3793103448275862,0.375,0.5,0.4140625,0.4117647058823529,0.5909090909090909,0.0517241379310344,0.09375,,14.312617702448213,0.6666666666666666,0.1428571428571428,,0.1184210526315789,0.0685714285714285,0.0571428571428571,0.037037037037037,0.0990990990990991,0.0611353711790393,0.0980392156862745,0.0483870967741935,0.064516129032258,0.0263157894736842,0.0625,0.1408450704225352,0.15,0.048780487804878,0.0625,0.0454545454545454,0.0625,0.4615384615384615,0.5517241379310345,0.53125,0.5862068965517241,0.8235294117647058,0.1724137931034483,0.2,0.2,0.5,0.2758620689655172,0.6875,0.4545454545454545,0.6,0.8333333333333334,0.6,0.5517241379310345,0.4698068965517241,0.5457846153846154,0.50965,0.05,0.05,0.2641509433962264,0.2452830188679245,7.489655172413792,0.4666666666666667,0.1428571428571428,0.1723356009070294,3.0,,,,,,,,,,,,,,,,0.1875,0.1875,1.0,,,,,,,,,0.1538461538461538,,,,,,,,,,,,,,,,,,,,,,,,,,,,,,,,,,,,,,,0.0,,,13.0,0.3897058823529412,-0.08577007763415145
100646,Tamika Catchings,7,10,2012,641,IND,1611661325,33.0,73,167.0,Tennessee,USA,2001,1,3,347.38166666666666,56,149,17,52,61,68,18,67,85,31,27,23,18,7,29,55,190,54,4,0,5.6,88.71,99.1,99.1,8.7,96.2,107.8,73.92,13.1,107.8,91.76,8.7,7.5,88.71,103.7,14.9,1.15,434.5,405.0,734,,,,,,,,,,,,,0.7,0.376,0.327,0.897,11.4,0.123,0.161,0.184,11.4,0.531,0.433,0.271,0.055,0.268,,,,,,,,,,,,,,,,,,,1611661325,Tamika Catchings,Tamika Catchings,100646,IND,20844.0,10,347,54.0,634,629,144.0,119.0,97.0,1263,21.0,50.0,3.0,9.0,4.0,15.0,5.0,17.0,30.0,39.0,97.0,61.0,190.0,637,5.0,16.0,8.0,27.0,9.0,23.0,20.0,44.0,22.0,56.0,2.0,7.0,16.0,15.0,31.0,6.0,9.0,11.0,,5.0,77.0,3.0,13.0,2.0,14.0,51.0,2.0,67.0,18.0,85.0,4.0,23.0,12.0,11.0,18.0,3.0,10.0,9.0,,8.0,,27.0,4.0,5.0,13.0,29.0,2.0,3.0,2.0,55.0,6.0,,5.0,23.0,11.0,17.0,13.0,3.0,18.0,7.0,163.0,42.0,142.0,2.0,11.0,8.0,,12.0,,5.0,2.0,,108.99053627760252,101.27186009538951,0.282051282051282,0.2894736842105263,0.4020618556701031,0.3125,0.391304347826087,0.4328859060402684,0.4130434782608695,0.3243243243243243,0.5196629213483146,0.5,0.4479166666666667,0.0721649484536082,0.1,0.1176470588235294,27.26063829787234,0.6666666666666666,0.2222222222222222,0.1428571428571428,0.1924528301886792,0.0628019323671497,0.1794871794871795,0.031578947368421,0.1895043731778425,0.0529801324503311,0.0825688073394495,0.0416666666666666,0.04,0.0144927536231884,0.0769230769230769,0.1758241758241758,0.1411764705882353,0.2584269662921348,0.2181818181818181,0.0869565217391304,0.0476190476190476,0.3888888888888889,0.3355704697986577,0.42,0.4666666666666667,0.1904761904761904,0.1140939597315436,0.2941176470588235,0.3333333333333333,0.2,0.2013422818791946,0.391304347826087,0.3333333333333333,,0.4054054054054054,0.2666666666666666,0.6845637583892618,0.4967040540540541,0.5193175,0.4802819444444444,0.1377245508982036,0.2,0.1421052631578947,0.231578947368421,7.88659793814433,0.4827586206896552,0.25,0.2271293375394321,13.0,4.0,17.0,48.0,11.0,14.0,33.0,48.0,17.0,1.0,1.0,,0.6470588235294118,0.3269230769230769,0.3269230769230769,0.348993288590604,0.4333333333333333,0.4333333333333333,0.4615384615384615,0.0268456375838926,0.3221476510067114,0.3541666666666667,0.3541666666666667,0.6470588235294118,0.2972972972972973,0.3541666666666667,22.482692307692307,0.1764705882352941,0.3333333333333333,,,3.0,6.0,2.0,7.0,2.0,18.0,,5.0,1.0,0.1428571428571428,,,,,,0.2608695652173913,0.081081081081081,,0.1818181818181818,1.0,1.0,,0.0434782608695652,3.0,3.0,3.0,0.4285714285714285,0.5,0.6666666666666666,,,,,,,0.0,,,33.0,0.4909560723514212,0.015480112364328558
100628,Tammy Sutton-Brown,5,7,2012,124,IND,1611661325,35.0,76,199.0,Rutgers,USA,2001,2,18,63.20666666666666,8,14,0,1,8,18,4,10,14,3,3,2,1,0,7,10,24,-17,0,0,1.1,94.93,104.0,104.0,-12.0,106.9,91.9,79.11,10.3,91.9,92.6,-12.0,-13.0,94.93,93.9,2.0,1.0,51.3,47.0,734,,,,,,,,,,,,,0.714,0.571,0.0,0.444,10.3,0.107,0.091,0.156,10.7,0.547,0.571,0.173,0.06,0.173,,,,,,,,,,,,,,,,,,,1611661325,Tammy Sutton-Brown,Tammy Sutton-Brown,100628,IND,3791.0,7,63,-17.0,119,122,38.0,34.0,23.0,241,5.0,8.0,1.0,2.0,1.0,2.0,1.0,1.0,4.0,8.0,13.0,8.0,24.0,131,1.0,2.0,,2.0,2.0,5.0,3.0,7.0,14.0,2.0,2.0,,1.0,2.0,3.0,2.0,,1.0,,,8.0,,4.0,,2.0,8.0,,10.0,4.0,14.0,0.0,2.0,1.0,1.0,2.0,1.0,1.0,1.0,,1.0,,3.0,1.0,,5.0,7.0,,,,10.0,2.0,,0.0,7.0,2.0,1.0,1.0,,1.0,1.0,22.0,7.0,38.0,1.0,2.0,,,,,,,,95.7983193277311,107.37704918032787,0.875,1.0,0.6153846153846154,0.5,0.4,0.5714285714285714,0.5,0.3333333333333333,0.5217391304347826,0.3333333333333333,0.35,,,,17.931034482758623,0.6666666666666666,,,0.1568627450980392,0.0975609756097561,0.2222222222222222,,0.1666666666666666,0.0677966101694915,0.1,,0.1428571428571428,,,0.1875,0.1176470588235294,0.1666666666666666,0.2222222222222222,,,1.0,0.5714285714285714,0.625,0.625,0.8,0.0714285714285714,1.0,1.0,1.0,0.2857142857142857,1.0,0.5,,0.3333333333333333,0.5,0.6428571428571429,0.4659464285714286,0.5179,0.405175,0.3333333333333333,0.35,0.0833333333333333,0.2916666666666667,6.730769230769231,0.3333333333333333,,0.3193277310924369,2.0,,,1.0,1.0,1.0,,1.0,,,,,,,,0.0714285714285714,0.5,0.5,1.0,,0.0714285714285714,,,,0.1666666666666666,,21.1,0.5,,,,,,,,,,,,,,,,,,,,,,,,,,,,,,,,,,,,,,,0.0,,,3.0,0.48,0.004524040012907349
101020,Tan White,3,5,2012,162,CON,1611661323,30.0,67,154.0,Mississippi State,USA,2005,1,2,90.62333333333332,8,24,3,12,6,6,3,7,10,3,5,4,0,0,8,5,25,10,0,0,1.6,86.34,96.3,96.3,7.4,94.9,103.7,71.95,8.6,103.7,86.98,7.4,8.9,86.34,103.8,4.8,0.6,48.5,49.0,351,,,,,,,,,,,,,0.6,0.333,0.25,1.0,14.3,0.058,0.057,0.071,14.4,0.469,0.396,0.173,0.041,0.168,,,,,,,,,,,,,,,,,,,1611661323,Tan White,Tan White,101020,CON,5436.0,5,91,10.0,158,159,40.0,25.0,21.0,317,1.0,3.0,,1.0,,1.0,3.0,6.0,3.0,5.0,12.0,6.0,25.0,158,,2.0,,,1.0,3.0,4.0,6.0,,10.0,,,3.0,,3.0,,,1.0,1.0,1.0,6.0,1.0,2.0,,1.0,6.0,,7.0,3.0,10.0,1.0,4.0,2.0,2.0,3.0,1.0,2.0,2.0,,1.0,,5.0,,1.0,3.0,8.0,1.0,,,5.0,1.0,,0.0,2.0,1.0,,,,,,25.0,6.0,40.0,,1.0,6.0,,4.0,,,,,106.32911392405065,99.37106918238992,,,0.4166666666666667,,0.3333333333333333,0.3958333333333333,,0.25,0.4629629629629629,,0.5,,,,17.297297297297295,0.6,,,0.088235294117647,0.0425531914893617,0.0476190476190476,0.0526315789473684,0.0786516853932584,0.0454545454545454,0.0769230769230769,0.0526315789473684,,0.0833333333333333,,0.0689655172413793,0.0555555555555555,0.1428571428571428,,0.25,0.0666666666666666,,0.125,0.3333333333333333,0.3333333333333333,,0.25,0.5,0.5,,0.125,0.3333333333333333,,,0.25,,0.625,0.47045625,0.4376833333333333,0.3755875,0.0769230769230769,0.1428571428571428,,0.24,9.425,,0.6666666666666666,0.2531645569620253,1.0,6.0,2.0,6.0,1.0,1.0,9.0,6.0,2.0,,,,1.0,0.25,0.25,0.5,0.3333333333333333,0.3333333333333333,,0.25,0.25,0.3333333333333333,0.3333333333333333,1.0,0.25,0.3333333333333333,22.516666666666666,0.5,0.5,1.0,,,,,1.0,,,,,,,,,0.1666666666666666,0.1666666666666666,1.0,,,,,,1.0,,0.3333333333333333,,,,,,,,,,,,,0.0,,,4.0,0.43103448275862066,-0.04444147722847197
100236,Tangela Smith,0,2,2012,17,SAN,1611661319,36.0,75,158.0,Iowa,USA,1998,2,12,9.266666666666667,1,3,0,0,0,0,1,0,1,1,0,0,0,0,1,0,2,-14,0,0,0.5,90.65,155.6,155.6,-73.2,144.0,82.4,75.54,25.0,82.4,98.11,-73.2,-68.1,90.65,75.9,1.5,0.0,4.7,4.0,160,,,,,,,,,,,,,0.0,0.333,0.0,0.0,0.0,0.0,0.167,0.0,0.0,0.333,0.333,0.147,0.0,0.15,,,,,,,,,,,,,,,,,,,1611661319,Tangela Smith,Tangela Smith,100236,SAN,556.0,2,9,-14.0,17,17,,2.0,3.0,34,,1.0,,1.0,,,1.0,2.0,,1.0,3.0,,2.0,28,,1.0,,,,,,,2.0,,,,1.0,,1.0,,,1.0,,,2.0,1.0,,,,,,,1.0,1.0,0.0,,,,,,0.0,,,,,0.0,,,1.0,1.0,,,,,,,0.0,,,,,,,,2.0,,,,,,,,,,,,82.35294117647058,164.70588235294116,1.0,1.0,0.3333333333333333,,,0.3333333333333333,,,0.3333333333333333,,,,,,15.0,,,,,,,0.1666666666666666,,0.0909090909090909,,,,,0.5,,,,,,,,0.3333333333333333,,,,0.6666666666666666,0.5,0.5,1.0,,1.0,,,,,0.3333333333333333,0.4590666666666667,,,,,,,8.466666666666667,,,,,,,,,,,,,,,,,,,,,,,,,,,,,,,,,,,,,,,,,,,,,,,,,,,,,,,,,,,,,,,,,,,,,,0.0,,,0.0,0.3333333333333333,-0.14214262665375932
101030,Tanisha Wright,1,3,2012,202,SEA,1611661328,29.0,71,165.0,Penn State,USA,2005,1,12,111.64166666666668,12,26,2,5,8,9,3,8,11,18,7,3,0,2,6,8,34,4,0,0,4.0,87.28,92.6,92.6,2.9,92.2,95.5,72.73,32.7,95.5,88.79,2.9,0.6,87.28,92.8,8.7,2.57,76.2,71.0,236,,,,,,,,,,,,,0.333,0.462,0.4,0.889,12.7,0.051,0.305,0.076,12.7,0.567,0.5,0.161,0.027,0.157,,,,,,,,,,,,,,,,,,,1611661328,Tanisha Wright,Tanisha Wright,101030,SEA,6698.0,3,112,4.0,197,197,42.0,55.0,27.0,394,7.0,10.0,2.0,2.0,1.0,1.0,2.0,9.0,2.0,10.0,21.0,8.0,34.0,189,2.0,4.0,,4.0,1.0,1.0,5.0,10.0,6.0,14.0,2.0,2.0,11.0,7.0,18.0,5.0,2.0,8.0,2.0,1.0,43.0,,3.0,,2.0,5.0,1.0,8.0,3.0,11.0,0.0,3.0,2.0,1.0,6.0,1.0,4.0,1.0,,2.0,,7.0,,1.0,1.0,6.0,,,,8.0,2.0,,1.0,5.0,,,,,,,30.0,10.0,42.0,1.0,,,,,,,,,97.96954314720811,95.93908629441624,0.3,0.3333333333333333,0.4761904761904761,0.5,1.0,0.5,0.4,1.25,0.5666666666666667,0.4,1.25,0.0952380952380952,0.1,0.1111111111111111,16.2280701754386,0.8571428571428571,0.1666666666666666,,0.0641025641025641,0.0476190476190476,0.1,,0.0714285714285714,0.03,0.1,0.0333333333333333,,,,0.0555555555555555,0.0357142857142857,0.09375,0.0588235294117647,0.3333333333333333,,,0.3846153846153846,0.7,0.7777777777777778,0.2857142857142857,0.3461538461538461,0.2222222222222222,0.25,,0.0769230769230769,0.4,1.0,,0.5,1.0,0.5769230769230769,0.4579288461538461,0.4618699999999999,0.5804,0.1666666666666666,0.2,0.1176470588235294,0.2941176470588235,6.495238095238095,,0.4285714285714285,0.2131979695431472,1.0,,2.0,5.0,1.0,1.0,6.0,5.0,2.0,,,,1.0,0.4,0.4,0.1923076923076923,0.5,0.5,1.0,,0.1923076923076923,0.4,0.4,1.0,0.5,0.4,21.72,,,,,,1.0,1.0,1.0,1.0,,,,,1.0,,,,,,0.2,,,1.0,,,,,,,,,,,,,,,,,0.0,,,3.0,0.5151515151515151,0.039675555164422505
203026,Tiffany Hayes,1,3,2012,104,ATL,1611661330,23.0,70,,Connecticut,USA,2012,2,14,49.37,4,11,1,3,4,4,2,5,7,5,5,5,1,2,10,4,13,2,0,0,1.3,99.17,95.0,95.0,-1.7,92.4,93.3,82.64,21.7,93.3,99.52,-1.7,2.8,99.17,95.2,3.7,1.0,41.9,38.0,239,,,,,,,,,,,,,0.333,0.364,0.333,1.0,21.7,0.069,0.143,0.102,22.0,0.509,0.409,0.155,0.038,0.149,,,,,,,,,,,,,,,,,,,1611661330,Tiffany Hayes,Tiffany Hayes,203026,ATL,2962.0,3,49,2.0,102,99,33.0,44.0,17.0,201,1.0,3.0,,1.0,1.0,3.0,1.0,2.0,3.0,3.0,8.0,4.0,13.0,95,,2.0,,,2.0,5.0,,4.0,2.0,4.0,,2.0,5.0,,5.0,,,4.0,,1.0,10.0,1.0,1.0,,3.0,2.0,,5.0,2.0,7.0,0.0,5.0,4.0,1.0,3.0,,1.0,2.0,,2.0,1.0,5.0,,1.0,4.0,10.0,1.0,,,4.0,,,0.0,2.0,,1.0,,1.0,1.0,1.0,13.0,4.0,33.0,3.0,,4.0,,6.0,,5.0,5.0,,95.09803921568628,95.95959595959596,0.3333333333333333,0.3333333333333333,0.375,,0.4,0.4090909090909091,,0.4,0.5,,0.4,0.25,0.3333333333333333,,15.126050420168069,0.6,,,0.074074074074074,0.024390243902439,0.1875,0.1,0.1162790697674418,0.0392156862745098,,0.0769230769230769,,0.1,,,0.1666666666666666,0.1111111111111111,0.1666666666666666,0.25,,1.0,0.2727272727272727,0.3333333333333333,0.5,,0.1818181818181818,0.5,0.5,,0.2727272727272727,0.5,,,0.6,0.3333333333333333,0.5454545454545454,0.5358136363636364,0.3885,0.61056,0.1538461538461538,0.2,,0.3076923076923077,8.1,0.5,,0.3235294117647059,1.0,,1.0,3.0,,,3.0,3.0,1.0,,,,1.0,0.3333333333333333,0.3333333333333333,0.2727272727272727,0.3333333333333333,0.5,1.0,,0.2727272727272727,0.3333333333333333,0.3333333333333333,1.0,,0.3333333333333333,22.366666666666664,0.5,,,,,,,,,,,,,,,,,,,,,,,,,0.3333333333333333,,,,,,,,,,,,,,0.0,,,6.0,0.38235294117647056,-0.09312301881062207
202250,Tina Charles,3,5,2012,313,CON,1611661323,24.0,76,198.0,Connecticut,USA,2010,1,1,180.13666666666666,38,81,1,2,16,23,21,29,50,5,9,4,13,1,18,16,93,14,3,0,7.6,83.14,98.1,98.1,3.8,95.0,101.9,69.28,4.8,101.9,85.93,3.8,3.4,83.14,98.4,16.2,0.56,202.5,183.0,351,,,,,,,,,,,,,0.6,0.469,0.5,0.696,8.6,0.139,0.06,0.154,8.6,0.51,0.475,0.267,0.123,0.264,,,,,,,,,,,,,,,,,,,1611661323,Tina Charles,Tina Charles,202250,CON,10809.0,5,180,14.0,309,307,44.0,43.0,50.0,616,17.0,28.0,5.0,9.0,5.0,6.0,14.0,33.0,18.0,37.0,79.0,16.0,93.0,305,10.0,21.0,9.0,29.0,6.0,11.0,7.0,19.0,48.0,26.0,8.0,1.0,3.0,2.0,5.0,2.0,,2.0,,1.0,12.0,7.0,14.0,,4.0,24.0,1.0,29.0,21.0,50.0,2.0,4.0,3.0,1.0,6.0,2.0,2.0,3.0,1.0,4.0,,9.0,2.0,,11.0,18.0,,2.0,,16.0,1.0,,3.0,11.0,2.0,13.0,11.0,2.0,13.0,5.0,64.0,19.0,44.0,3.0,2.0,3.0,,6.0,,18.0,,,103.23624595469256,99.3485342019544,0.6486486486486487,0.7272727272727273,0.4683544303797468,0.4761904761904761,0.5454545454545454,0.4753086419753086,0.4761904761904761,0.5454545454545454,0.510989010989011,0.58,0.59375,0.0126582278481012,0.0357142857142857,,26.80965147453083,0.6666666666666666,0.1428571428571428,,0.1846153846153846,0.1176470588235294,0.0833333333333333,0.1707317073170731,0.1573033707865168,0.13125,0.1666666666666666,0.0697674418604651,0.125,0.16,0.1875,0.1851851851851851,0.2307692307692307,0.1351351351351351,0.1081081081081081,,0.048780487804878,0.3846153846153846,0.345679012345679,0.6071428571428571,0.6296296296296297,0.5882352941176471,0.4074074074074074,0.4242424242424242,0.4242424242424242,0.6428571428571429,0.2222222222222222,0.4285714285714285,0.5555555555555556,,0.5454545454545454,0.8333333333333334,0.3703703703703703,0.4487413580246913,0.45844,0.4609090909090909,0.1235955056179775,0.1264367816091954,0.3118279569892473,0.2043010752688172,8.267088607594937,0.3636363636363636,0.1666666666666666,0.1423948220064725,6.0,1.0,1.0,1.0,,,,1.0,1.0,,,,,0.5,0.5,0.0246913580246913,0.3333333333333333,0.3333333333333333,0.8333333333333334,0.0123456790123456,0.0123456790123456,1.0,1.0,,,1.0,22.35,0.3333333333333333,,,,,,,,,3.0,,,,,,,,,,,,,,,,,,,,,,,,,,,,,,0.0,,,9.0,0.484375,0.008899040012907367
100076,Tina Thompson,1,3,2012,96,SEA,1611661328,38.0,74,178.0,USC,USA,1997,1,1,49.97666666666667,8,22,3,9,2,4,8,12,20,0,4,0,0,2,6,4,21,18,0,0,2.7,91.72,84.2,84.2,17.9,87.9,102.1,76.44,0.0,102.1,89.42,17.9,15.0,91.72,102.9,7.3,0.0,41.0,44.0,236,,,,,,,,,,,,,0.333,0.364,0.333,0.5,14.3,0.204,0.0,0.255,14.4,0.442,0.432,0.259,0.157,0.25,,,,,,,,,,,,,,,,,,,1611661328,Tina Thompson,Tina Thompson,100076,SEA,2998.0,3,50,18.0,89,91,36.0,32.0,14.0,180,3.0,7.0,1.0,3.0,,2.0,2.0,4.0,2.0,5.0,13.0,2.0,21.0,80,2.0,5.0,1.0,5.0,1.0,6.0,1.0,9.0,6.0,4.0,2.0,2.0,,,,,,,,,,4.0,3.0,1.0,3.0,8.0,1.0,12.0,8.0,20.0,0.0,,,,3.0,1.0,2.0,1.0,,1.0,,4.0,2.0,2.0,3.0,6.0,,,,4.0,,,0.0,1.0,1.0,,,,,,16.0,9.0,36.0,1.0,1.0,,,,,,,,110.1123595505618,87.91208791208791,0.6,0.75,0.3846153846153846,0.4,0.1666666666666666,0.4318181818181818,0.4,0.4,0.4375,0.4166666666666667,0.4090909090909091,0.1538461538461538,0.2857142857142857,,26.41509433962264,0.75,0.5,0.25,0.25,0.1034482758620689,0.25,0.2222222222222222,0.25,0.1489361702127659,0.1111111111111111,0.0714285714285714,0.1666666666666666,0.1666666666666666,0.3333333333333333,0.3333333333333333,0.2857142857142857,0.1666666666666666,0.2727272727272727,,,,0.3181818181818182,0.4285714285714285,0.6,0.6666666666666666,0.1818181818181818,0.5,0.5,0.5,0.0909090909090909,0.6,0.3333333333333333,,0.2,,0.7272727272727273,0.4693795454545454,0.3806,0.40691,0.0434782608695652,0.0714285714285714,0.238095238095238,0.4285714285714285,7.030769230769232,0.25,0.5,0.4044943820224719,,2.0,2.0,7.0,3.0,4.0,9.0,7.0,2.0,,,,1.0,0.3333333333333333,0.3333333333333333,0.4090909090909091,,,,0.0909090909090909,0.3181818181818182,0.2857142857142857,0.2857142857142857,1.0,0.3,0.2857142857142857,23.23333333333333,,,1.0,,1.0,,2.0,,2.0,,,,,0.5,,,0.5,0.5,1.0,,0.1,,0.6666666666666666,,,,,,,,,,,,,,,,,0.0,,,0.0,0.40384615384615385,-0.07162980614093878
